Num_Acc,jour,mois,an,hr,condition_eclairage,departement,commune,condition_agglomeration,intersection,condition_atmosphere,type_collision,adresse,lattitude,longitude
201500000655,23,8,15,15,1,76,233,1,1,8,6,,49.80006,1.74104
201500000656,4,2,15,19,3,76,666,1,1,1,5,,49.5688,1.61308
201500000657,13,12,15,18,3,76,269,1,1,5,3,,49.6731,1.39026
201500000658,9,4,15,17,1,76,276,2,1,1,3,39 Route de Neufchatel,49.61465,1.54141
201500000659,12,4,15,3,3,76,276,1,1,1,6,,49.60617,1.49048
201500000660,20,6,15,16,1,76,343,1,2,1,3,,49.66274,1.67472
201500000661,19,2,15,11,1,76,312,2,3,1,6,boulevard montmorency,49.48027,1.72415
201500000662,21,2,15,5,3,76,67,1,1,8,6,,49.46686,1.60186
201500000663,23,4,15,17,1,76,676,1,1,1,3,"850, RTE DE BUCHY",49.54086,1.4801
201500000664,3,6,15,22,3,76,260,1,1,1,3,,49.46886,1.75038
201500000665,25,7,15,4,3,76,312,1,1,2,1,,49.49235,1.68884
201500000666,28,12,15,17,5,76,312,2,1,1,6,Rue Charles De Gaulle,49.48176,1.72432
201500000667,5,12,15,18,3,76,621,2,1,1,6,27 Rue de Saint Saëns,49.64324,1.29759
201500000668,4,2,15,14,1,76,1,1,4,8,3,,49.61392,0.66544
201500000669,7,8,15,16,1,76,729,1,1,1,7,,49.65467,0.7805
201500000670,11,9,15,14,1,76,718,1,3,1,1,,49.6153,0.69057
201500000671,6,10,15,15,1,76,444,1,1,8,6,,49.58814,0.79956
201500000672,31,7,15,23,3,76,99,2,1,1,6,RTE DU MANOIR,49.54725,0.85398
201500000673,31,7,15,16,1,76,385,1,1,1,1,,49.62582,0.91902
201500000674,13,9,15,11,1,76,57,2,1,3,1,AV BOIELDIEU,49.54666,0.94958
201500000675,28,10,15,17,1,76,495,1,1,1,5,,49.56922,0.96147
201500000676,13,11,15,17,4,76,57,2,1,2,6,"168, AV ANDRE MAUROIS",49.55736,0.95288
201500000677,26,4,15,15,1,76,480,1,2,1,5,,49.7948,0.66293
201500000678,19,8,15,20,1,76,655,2,1,2,1,Boulevard Carnot,49.86041,0.71756
201500000679,20,8,15,13,1,76,172,1,2,1,3,,49.86033,0.84325
201500000680,30,8,15,17,1,76,735,1,3,1,3,,49.86272,0.7903
201500000681,12,11,15,18,3,76,493,1,1,1,3,,49.84984,0.61336
201500000682,2,12,15,15,1,76,569,1,2,1,3,,49.80797,0.75319
201500000683,13,12,15,12,1,76,375,1,2,1,3,,49.84631,0.68135
201500000684,8,4,15,12,1,76,670,2,1,1,7,rue du chemin Moulinier,49.77097,0.4154
201500000685,13,7,15,22,2,76,755,1,1,1,2,,49.69841,0.52516
201500000686,23,7,15,9,1,76,670,2,3,1,3,R DE LA BRIQUETERIE,49.77085,0.41228
201500000687,9,10,15,17,1,76,13,1,1,1,3,,49.77801,0.50406
201500000688,22,10,15,12,1,76,183,1,1,2,1,,49.75453,0.46289
201500000689,22,12,15,18,3,76,685,1,1,2,7,,49.75068,0.51603
201500000690,4,1,15,23,3,76,219,1,1,1,6,,49.73522,0.77616
201500000691,13,3,15,9,1,76,752,2,1,1,2,rue jacques ferny,49.66857,0.89794
201500000692,3,6,15,16,1,76,129,1,2,1,1,,49.72123,0.88539
201500000693,11,6,15,7,1,76,611,2,3,1,1,Rue Abbé Pierre Deleau,49.64853,0.8946
201500000694,4,11,15,8,1,76,752,2,2,2,3,R JULES GUEVILLE,49.66953,0.89247
201500000695,31,1,15,8,1,27,684,1,1,4,6,,49.01214,1.19079
201500000696,4,5,15,20,1,27,234,1,1,8,3,,49.01903,1.19126
201500000697,22,8,15,17,1,27,229,1,1,1,6,,49.03565,1.18614
201500000698,26,1,15,8,1,27,602,2,1,1,3,,49.00888,1.09247
201500000699,8,3,15,17,1,27,189,2,4,1,6,rue des bois des maisons,48.98393,0.97416
201500000700,24,3,15,13,1,27,287,1,1,1,3,,48.98985,1.02608
201500000701,31,3,15,7,2,27,165,1,1,6,2,,48.95744,0.9573
201500000702,14,4,15,19,1,27,618,1,1,1,7,,48.97152,0.81038
201500000703,6,5,15,19,1,27,157,1,1,1,6,,48.90192,0.93463
201500000704,4,7,15,10,1,27,165,2,1,1,6,Avenue pierre beregovoy,48.95635,0.93075
201500000705,8,8,15,16,1,27,568,1,1,1,1,,48.94234,0.8742
201500000706,7,8,15,21,2,27,82,1,6,1,6,,48.99552,1.02852
201500000707,14,8,15,16,1,27,161,1,2,1,1,,49.03697,1.04103
201500000708,1,9,15,9,1,27,374,2,1,1,1,rue Benard,48.98753,0.90588
201500000709,19,9,15,15,1,27,374,1,1,1,7,,48.99852,0.91436
201500000710,13,10,15,9,1,27,161,1,1,1,6,,49.04579,1.00581
201500000711,16,10,15,20,2,27,568,1,1,1,2,,48.93888,0.86268
201500000712,30,10,15,16,1,27,242,1,2,1,3,,48.93865,0.83246
201500000713,15,1,15,14,1,27,368,2,1,8,6,route de st laurent,48.84827,1.26883
201500000714,22,3,15,16,1,27,230,2,3,1,3,rue pasteur,48.86481,1.42451
201500000715,14,4,15,19,1,27,555,1,1,1,1,,48.85989,1.3125
201500000716,21,5,15,12,1,27,183,2,3,1,3,,48.89631,1.40435
201500000717,31,5,15,5,2,27,301,1,8,1,6,,48.94838,1.20284
201500000718,23,6,15,3,3,27,183,1,1,1,6,,48.9023,1.39411
201500000719,3,7,15,13,1,27,507,2,6,7,6,RUE JEAN JAURES,48.90633,1.27374
201500000720,1,9,15,17,1,27,183,1,1,1,1,,48.89441,1.39111
201500000721,23,10,15,8,1,27,634,1,1,1,6,,48.89654,1.17061
201500000722,21,12,15,17,2,27,297,1,1,8,6,,48.81167,1.08391
201500000723,10,1,15,18,5,27,448,2,3,1,6,rue dulong,49.01858,1.38112
201500000724,5,2,15,9,1,27,448,2,1,1,3,151 route de paris,49.00994,1.39922
201500000725,5,5,15,18,1,27,510,1,1,1,1,,49.0114,1.33336
201500000726,4,6,15,16,1,27,448,2,6,1,3,rue isambard,49.01415,1.38559
201500000727,22,7,15,21,2,27,465,1,2,1,3,,48.99087,1.34219
201500000728,17,9,15,10,1,27,510,1,1,1,7,,49.01278,1.35154
201500000729,31,10,15,14,1,27,410,1,1,1,5,,49.01399,1.24061
201500000730,30,4,15,14,1,27,96,1,1,2,6,,48.87118,0.68036
201500000731,29,6,15,8,1,27,159,2,4,1,6,,48.79572,0.89246
201500000732,23,8,15,5,3,27,532,1,1,1,6,,48.87071,0.9266
201500000733,6,10,15,8,1,27,195,1,2,1,2,,48.8014,0.99589
201500000734,30,10,15,18,2,27,679,1,1,1,6,,48.74931,0.9102
201500000735,25,2,15,16,1,27,97,1,1,1,7,route de Clery,49.22523,1.40563
201500000736,7,6,15,13,1,27,16,2,3,1,3,avenue foch,49.2497,1.43738
201500000737,12,6,15,2,5,27,16,2,1,2,7,RD 313,49.25287,1.38062
201500000738,18,9,15,17,1,27,16,2,3,1,3,impasse de la barre,49.24558,1.43079
201500000739,22,9,15,16,1,27,16,2,1,8,6,61 avenue de la républiq,49.24339,1.40293
201500000740,4,11,15,13,1,27,495,2,1,1,1,,49.25179,1.35426
201500000741,21,12,15,14,1,27,270,1,2,1,3,,49.29305,1.39809
201500000742,8,3,15,18,1,27,331,1,1,1,6,,49.13218,1.54813
201500000743,8,5,15,0,3,27,122,1,1,1,6,,49.20345,1.59963
201500000744,5,8,15,19,1,27,72,1,1,1,1,,49.10847,1.53729
201500000745,18,1,15,10,1,27,377,2,1,5,6,,49.401,1.48213
201500000746,12,2,15,16,1,27,407,1,2,7,3,,49.30903,1.46729
201500000747,21,3,15,10,1,27,670,1,1,1,3,,49.37254,1.33449
201500000748,10,5,15,18,1,27,453,1,1,1,2,,49.42386,1.37231
201500000749,21,8,15,16,1,27,151,2,1,1,3,Hameaux Les Transières,49.39104,1.37439
201500000750,3,10,15,20,3,27,672,1,1,1,6,,49.44726,1.35598
201500000751,4,10,15,13,1,27,672,1,1,1,1,,49.44941,1.37778
201500000752,30,10,15,9,1,27,246,2,1,1,6,80 rue pouyer quertier,49.36235,1.35546
201500000753,25,3,15,17,1,27,226,1,3,1,3,,49.30097,1.64726
201500000754,16,5,15,18,1,27,284,1,9,1,7,,49.25958,1.7871
201500000755,20,5,15,17,1,27,372,1,1,1,1,,49.35637,1.61633
201500000756,28,6,15,10,1,27,490,1,1,1,3,,49.24684,1.28385
201500000757,30,8,15,21,3,27,533,1,1,1,1,,49.30813,1.73383
201500000758,18,10,15,19,2,27,226,2,1,1,6,,49.3056,1.61599
201500000759,15,12,15,1,3,27,226,1,1,1,2,,49.30585,1.59618
201500000760,17,2,15,21,5,27,56,2,2,1,3,rue aristide briand,49.08101,0.59005
201500000761,1,3,15,22,3,27,289,1,1,2,2,,48.94547,0.45551
201500000762,3,4,15,13,1,27,251,1,1,1,6,,49.09531,0.69685
201500000763,2,8,15,16,1,27,148,1,1,1,7,,48.98103,0.44541
201500000764,13,8,15,17,1,27,600,1,1,1,1,,49.0535,0.56854
201500000765,18,3,15,9,1,27,41,2,1,1,1,Rue principale - CD 40,48.94524,0.66666
201500000766,7,5,15,16,1,27,37,1,2,1,3,,49.10587,0.82983
201500000767,7,5,15,17,1,27,622,1,2,1,3,,49.11636,0.68735
201500000768,29,8,15,23,3,27,425,1,1,1,6,,49.13481,0.73771
201500000769,3,10,15,14,1,27,116,2,3,1,1,rue des martyrs,49.20082,0.71537
201500000770,24,2,15,22,3,27,335,1,1,1,6,,49.12092,1.17641
201500000771,23,3,15,7,1,27,3,1,1,1,2,,49.16918,1.17187
201500000772,22,3,15,14,1,27,14,2,2,1,3,RUE DE LA MOISSON,49.16095,1.13492
201500000773,15,7,15,16,1,27,330,1,1,1,4,,49.24428,1.26542
201500000774,18,7,15,6,2,27,55,1,1,1,7,,49.11442,1.0742
201500000775,6,8,15,15,1,27,14,1,2,1,3,,49.1682,1.13037
201500000776,26,9,15,17,1,27,99,1,1,1,6,,49.06503,1.19818
201500000777,3,10,15,10,1,27,330,2,1,1,6,CD 11 - PK 1 + 800,49.23916,1.25547
201500000778,25,11,15,7,2,27,335,1,2,2,3,,49.14124,1.201
201500000779,9,12,15,20,5,27,3,2,1,1,6,CD82,49.17125,1.17356
201500000780,12,12,15,0,5,27,3,2,6,1,6,D71,49.17922,1.17258
201500000781,25,2,15,17,1,27,687,1,1,2,5,,49.16857,1.29576
201500000782,15,4,15,17,1,27,99,1,2,1,3,,49.06805,1.2121
201500000783,5,6,15,21,2,27,599,2,3,1,3,RDD 6015,49.14345,1.41088
201500000784,9,6,15,8,1,27,676,1,2,8,3,,49.20595,1.3083
201500000785,24,7,15,15,1,27,249,1,1,1,3,,49.18269,1.25726
201500000786,21,8,15,11,1,27,336,1,1,1,3,,49.06563,1.42301
201500000787,27,10,15,17,1,27,489,1,1,1,7,,49.07644,1.24129
201500000788,10,11,15,13,1,27,517,2,1,1,1,Rés logis d'angrevillle,49.1508,1.35184
201500000789,28,11,15,11,1,27,22,1,1,1,3,,49.19361,1.33205
201500000790,26,12,15,19,5,27,250,2,1,1,6,21 rue de pacy,49.12757,1.21475
201500000791,4,1,15,18,3,27,701,1,1,1,5,,49.30532,1.21293
201500000792,13,1,15,18,3,27,196,1,6,1,6,,49.29711,1.1749
201500000793,5,3,15,17,1,27,365,1,1,1,2,,49.28945,1.20008
201500000794,17,5,15,10,1,27,648,1,1,1,6,,49.25923,1.11334
201500000795,27,5,15,5,2,27,458,2,1,1,6,9 rue du general gaulle,49.31767,1.22106
201500000796,23,7,15,14,1,27,493,1,2,1,3,rue de la pointe haute,49.32907,1.2346
201500000797,28,8,15,18,1,27,386,1,1,1,3,,49.31685,1.19393
201500000798,2,9,15,19,2,27,196,1,6,7,3,,49.29714,1.17494
201500000799,8,4,15,18,1,27,192,1,2,7,3,,49.13284,0.93887
201500000800,16,5,15,3,5,27,524,1,6,1,6,,49.1081,0.91366
201500000801,11,10,15,11,1,27,187,1,1,1,1,,49.21145,1.00424
201500000802,27,10,15,12,1,27,428,2,2,1,3,rue des Martyrs,49.15925,0.9074
201500000803,18,12,15,7,1,27,486,1,1,1,6,,49.09721,1.02179
201500000804,19,3,15,16,1,27,65,1,1,2,7,,49.34993,0.35032
201500000805,22,3,15,1,3,27,126,1,1,2,6,,49.32011,0.53754
201500000806,26,3,15,19,1,27,126,2,1,1,6,chemin de la MOTTE,49.31535,0.54793
201500000807,30,4,15,17,1,27,174,1,1,2,5,,49.34434,0.59063
201500000808,1,5,15,10,1,27,467,1,6,1,6,,49.35025,0.52047
201500000809,7,6,15,20,1,27,174,1,2,1,1,rue des Bruyeres,49.34671,0.57255
201500000810,30,6,15,12,1,27,467,1,1,1,3,,49.36612,0.40402
201500000811,11,8,15,17,1,27,174,2,3,1,3,rue de la cadourie,49.33319,0.60347
201500000812,21,9,15,8,1,27,467,2,2,1,6,rue de l'étang,49.24339,1.40293
201500000813,2,10,15,7,1,27,467,2,1,1,6,route de saint paul,49.34998,0.5294
201500000814,5,11,15,8,1,27,467,2,1,2,3,rue des déportés,49.35321,0.52154
201500000815,21,11,15,19,3,27,467,2,3,1,6,48 rue Jean Jaurès,49.35362,0.51684
201500000816,22,11,15,13,1,27,65,1,3,1,3,,49.35339,0.38065
201500000817,22,11,15,17,3,27,174,1,1,9,7,,49.3308,0.59923
201500000818,4,12,15,12,1,27,467,2,8,1,6,Rue Jules Ferry,49.35306,0.51215
201500000819,6,9,15,6,3,27,89,2,1,1,6,rue de touville,49.29558,0.76686
201500000820,26,9,15,23,3,27,90,1,2,1,3,,49.2963,0.93562
201500000821,28,11,15,12,1,27,62,1,2,1,3,,49.293,0.821
201500000822,27,7,15,18,1,27,288,1,1,1,6,,49.26962,0.68562
201500000823,26,11,15,4,2,27,367,2,1,2,6,D810,49.23653,0.50176
201500000824,19,6,15,10,1,35,47,2,6,1,3,giratoire de la bobinais,48.02569,-1.73454
201500000825,24,2,15,18,1,35,195,2,1,1,6,47 Avenue Alexis REY,48.30563,-1.67516
201500000826,2,5,15,12,1,35,355,1,1,2,3,Brais,48.35668,-1.48217
201500000827,2,6,15,16,1,35,128,1,1,1,3,Le Chenay Piguelais,48.28319,-1.72789
201500000828,11,6,15,13,1,35,130,1,1,1,7,,48.25978,-1.77695
201500000829,21,8,15,20,1,35,94,1,1,1,7,,48.35587,-1.72538
201500000830,18,9,15,7,2,35,356,1,2,8,1,,48.27575,-1.77452
201500000831,24,12,15,16,2,35,251,1,1,8,1,Les Maraigers,48.26964,-1.62113
201500000832,7,1,15,17,1,35,101,1,1,1,1,,0.0,0.0
201500000833,21,2,15,19,3,35,152,1,1,4,5,,48.18314,-1.51533
201500000834,8,4,15,12,1,35,1,1,1,1,3,,48.13862,-1.51621
201500000835,31,7,15,9,1,35,67,1,2,7,1,,48.21665,-1.59149
201500000836,25,10,15,18,2,35,154,1,1,1,3,,48.22913,-1.35371
201500000837,11,1,15,8,1,35,184,1,1,1,6,,48.18843,-2.01271
201500000838,13,9,15,14,1,35,234,2,1,8,3,,48.25007,-2.14267
201500000839,10,9,15,16,1,35,171,1,1,1,3,,48.25784,-2.06047
201500000840,31,10,15,18,5,35,245,2,1,1,3,RUE DE GALERNE,48.21857,-1.89307
201500000841,8,10,15,8,1,35,297,2,1,1,1,rue de gael,48.18354,-2.19787
201500000842,14,1,15,7,3,35,331,1,1,9,1,,48.08241,-1.90732
201500000843,16,4,15,19,1,35,188,2,6,1,6,boulevard Carnot,48.13659,-1.95027
201500000844,16,7,15,17,1,35,23,1,1,1,5,,48.1858,-1.98963
201500000845,19,7,15,13,1,35,340,1,1,1,6,,48.03419,-1.98311
201500000846,25,9,15,20,3,35,133,1,1,1,6,,48.15039,-1.9887
201500000847,29,10,15,9,1,35,133,1,1,1,5,La Croix,48.1085,-2.036
201500000848,25,1,15,15,1,35,196,1,1,1,7,,48.1109,-1.84964
201500000849,15,3,15,17,1,35,240,1,1,1,7,,48.08731,-1.77385
201500000850,24,3,15,19,2,35,240,1,1,1,6,,48.08808,-1.7573
201500000851,24,4,15,16,1,35,37,1,1,1,6,,0.0,0.0
201500000852,30,7,15,10,1,35,240,1,9,1,2,,48.09676,-1.75946
201500000853,30,7,15,16,1,35,37,2,6,7,3,rond-point de Chauny,48.04564,-1.87283
201500000854,9,8,15,17,1,35,37,1,1,1,4,,48.05436,-1.91023
201500000855,21,8,15,7,1,35,37,1,1,1,7,,48.02893,-1.87269
201500000856,22,8,15,12,1,35,196,2,7,1,6,2 Place des muletiers,48.07204,-1.85177
201500000857,1,11,15,12,1,35,196,2,2,1,3,Crfour Pompidou fontenel,48.0784,-1.84384
201500000858,19,11,15,9,1,35,240,1,1,8,2,,0.0,0.0
201500000859,25,12,15,13,1,35,37,1,1,1,6,,48.03554,-1.83197
201500000860,13,3,15,10,1,35,25,1,1,2,1,,48.30322,-1.23252
201500000861,28,4,15,17,1,35,86,2,1,1,3,rue de la messayais,48.27,-1.246
201500000862,26,6,15,13,1,35,162,1,9,1,1,,48.48015,-1.07599
201500000863,26,6,15,19,1,35,137,1,1,1,3,,48.32897,-1.187
201500000864,1,7,15,14,1,35,310,1,1,7,3,La Binclinais,48.32989,-1.31235
201500000865,18,8,15,10,1,35,243,1,1,1,1,,48.34869,-1.26208
201500000866,10,11,15,20,5,35,100,2,1,1,3,avenue de Bretagne,48.26636,-1.14181
201500000867,23,11,15,12,1,35,215,1,1,7,1,,48.42516,-1.22802
201500000868,2,12,15,21,3,35,142,1,1,1,7,,48.39285,-1.18873
201500000869,5,12,15,16,1,35,137,1,3,8,3,,48.31411,-1.18138
201500000870,6,12,15,18,2,35,21,2,1,2,6,7 RUE DE BRETAGNE,48.33863,-1.15756
201500000871,3,9,15,18,1,35,253,1,1,1,3,,48.2735,-1.44491
201500000872,19,9,15,16,1,35,253,1,1,1,7,,48.25818,-1.36051
201500000873,5,11,15,17,1,35,121,2,1,2,3,RUE DU RELAIS,48.24599,-1.46147
201500000874,1,12,15,8,1,35,269,1,1,1,1,,48.27707,-1.32492
201500000875,6,12,15,15,1,35,118,1,1,2,1,,48.30143,-1.5513
201500000876,11,2,15,10,1,35,257,2,2,1,6,rue de Fougeres,48.41053,-1.36593
201500000877,18,3,15,14,1,35,253,1,1,1,7,,48.23469,-1.42375
201500000878,25,3,15,12,1,35,113,1,2,1,5,,48.45844,-1.49431
201500000879,9,4,15,19,1,35,178,1,1,1,6,,48.30367,-1.4651
201500000880,14,5,15,14,1,35,341,1,1,1,3,Les Hautes Rottes,48.40023,-1.4203
201500000881,21,5,15,17,1,35,293,1,1,1,3,,48.31444,-1.36584
201500000882,23,7,15,6,2,35,121,1,1,1,3,,48.24655,-1.44585
201500000883,12,8,15,9,1,35,293,1,1,1,6,,48.29691,-1.36271
201500000884,28,9,15,9,1,35,71,1,1,1,1,,48.44702,-1.24921
201500000885,2,10,15,14,1,35,341,1,2,1,1,,48.42234,-1.4738
201500000886,5,11,15,23,3,35,341,1,1,2,6,,48.42116,-1.40754
201500000887,25,11,15,17,3,35,280,1,1,2,7,,48.34329,-1.36379
201500000888,21,12,15,14,1,35,280,1,1,2,7,,48.33845,-1.34313
201500000889,3,3,15,9,1,35,237,1,2,1,2,Le Pont de Saint Julien,47.71446,-1.98183
201500000890,9,4,15,18,1,35,64,2,1,1,3,chemin de la guerinais,0.0,0.0
201500000891,18,6,15,11,1,35,294,1,1,1,1,,47.69677,-2.03817
201500000892,22,6,15,7,1,35,13,1,1,7,6,,47.68648,-2.07064
201500000893,16,8,15,15,1,35,294,1,1,1,1,,47.71162,-1.98725
201500000894,25,10,15,4,3,35,294,1,1,1,6,,47.71125,-1.98819
201500000895,3,11,15,19,5,35,236,2,1,2,4,RUE JB LELIEVRE,47.67195,-2.06755
201500000896,5,4,15,7,2,35,124,1,1,1,6,,0.0,0.0
201500000897,23,5,15,2,3,35,106,1,1,1,7,,47.82071,-1.59489
201500000898,22,7,15,17,1,35,89,1,1,1,7,,47.89559,-1.50179
201500000899,8,9,15,17,1,35,89,1,2,7,3,,47.89321,-1.50316
201500000900,21,10,15,13,1,35,124,1,1,8,1,18 La Pointais,47.72609,-1.81629
201500000901,3,11,15,14,1,35,12,2,1,1,1,rue du chêne vert,47.84429,-1.68843
201500000902,26,12,15,13,1,35,12,2,1,1,7,AVENE DU BOIS GREFFIER,47.8471,-1.69377
201500000903,7,1,15,19,3,35,127,1,1,1,6,,47.94264,-1.83509
201500000904,13,1,15,13,1,35,126,2,1,1,6,rue Jacques BLOUET,47.96841,-1.79699
201500000905,14,3,15,16,1,35,312,1,1,1,3,,47.91807,-1.79858
201500000906,12,4,15,16,1,35,127,1,4,1,3,,47.95371,-1.89622
201500000907,23,4,15,4,3,35,126,1,1,1,7,,47.94733,-1.77355
201500000908,24,4,15,21,3,35,33,1,1,2,1,,47.92139,-1.74271
201500000909,14,5,15,4,3,35,127,1,1,1,1,,47.91731,-1.85707
201500000910,23,7,15,21,1,35,312,1,1,1,6,,47.93668,-1.79596
201500000911,10,9,15,5,3,35,123,1,1,1,6,,48.02607,-1.77142
201500000912,30,9,15,15,1,35,126,1,4,1,3,,47.98496,-1.83191
201500000913,23,10,15,7,3,35,139,1,1,2,1,Les Clotures,47.95733,-1.728
201500000914,6,5,15,17,1,35,45,2,1,1,5,la boulaye,47.79923,-1.98063
201500000915,16,10,15,23,3,35,168,1,1,1,7,,47.90695,-2.02632
201500000916,31,1,15,15,2,35,179,2,1,1,3,Rue de la Lib?ration,48.51376,-1.89922
201500000917,29,5,15,19,1,35,116,2,1,1,6,33 rue de dol,48.58187,-1.82559
201500000918,19,8,15,15,1,35,299,1,3,1,3,,48.63034,-1.90288
201500000919,22,8,15,11,1,35,179,1,1,1,2,,48.54396,-1.90207
201500000920,3,10,15,6,3,35,70,1,1,1,6,,48.55679,-1.92883
201500000921,9,10,15,11,1,35,224,1,1,1,1,,48.59075,-1.95832
201500000922,12,12,15,1,3,35,306,1,1,1,7,,48.58553,-1.95262
201500000923,3,1,15,14,1,35,222,1,1,2,7,,48.55302,-1.56546
201500000924,18,4,15,5,4,35,95,1,1,1,1,,0.0,0.0
201500000925,28,5,15,19,1,35,186,1,1,1,3,,48.56894,-1.77454
201500000926,5,6,15,18,1,35,222,1,1,1,2,,48.56304,-1.62179
201500000927,14,6,15,17,1,35,246,1,1,1,3,Le Bois au Coq,48.53455,-1.78874
201500000928,24,9,15,22,3,35,78,1,1,1,3,,48.60349,-1.71689
201500000929,21,3,15,21,1,35,228,1,1,1,7,,48.5937,-2.10051
201500000930,19,4,15,12,1,35,228,1,1,1,3,,48.59922,-2.07058
201500000931,28,5,15,17,1,35,256,1,1,1,2,La Ville Brunet,48.6157,-2.11971
201500000932,2,7,15,12,1,35,228,1,1,1,1,La Piliais,48.58035,-2.03245
201500000933,20,8,15,11,1,35,256,2,2,1,6,PLACE DU CENTRE,48.61929,-2.13266
201500000934,25,8,15,15,1,35,228,2,1,1,6,rue de la perrière,48.57873,-2.05744
201500000935,29,1,15,19,2,35,360,1,1,2,5,,48.0913,-1.20488
201500000936,27,3,15,16,1,35,6,1,1,2,2,,48.02884,-1.19819
201500000937,5,4,15,10,1,35,347,2,1,1,6,,48.17674,-1.30216
201500000938,11,5,15,17,1,35,360,1,1,1,2,,48.10534,-1.20733
201500000939,6,6,15,15,1,35,52,2,1,1,3,Rue de la Foret,48.14756,-1.31162
201500000940,7,6,15,14,1,35,194,1,1,1,3,,48.15601,-1.22078
201500000941,29,7,15,14,1,35,109,1,1,1,1,,48.08369,-1.24591
201500000942,2,8,15,10,1,35,347,2,1,1,1,la croix carre - D794,48.18768,-1.32166
201500000943,23,9,15,18,1,35,360,2,1,1,6,RUE BERTRAND D ARGENTRE,48.12333,-1.20664
201500000944,28,9,15,17,1,35,6,1,3,1,3,,48.06486,-1.16712
201500000945,6,10,15,8,1,35,15,1,1,3,5,,48.14965,-1.19806
201500000946,20,10,15,19,3,35,338,1,1,1,6,,48.06611,-1.294
201500000947,24,10,15,19,2,35,72,1,1,8,1,La Brehardière,48.21111,-1.18266
201500000948,27,11,15,19,3,35,97,1,1,2,1,,48.00023,-1.20119
201500000949,2,12,15,18,1,35,360,1,1,1,5,,48.10654,-1.22024
201500000950,1,1,15,8,2,35,327,1,1,1,7,,48.10395,-1.46751
201500000951,26,1,15,15,1,35,204,1,2,1,3,,48.04372,-1.54411
201500000952,27,1,15,15,1,35,68,2,1,8,3,Rue de vitré,48.1116,-1.38699
201500000953,5,4,15,11,1,35,209,1,1,1,7,,0.0,0.0
201500000954,8,4,15,12,1,35,68,2,1,1,3,39 rue de vitré,48.11244,-1.38033
201500000955,1,6,15,17,1,35,99,1,1,1,1,,0.0,0.0
201500000956,18,6,15,10,1,35,96,2,7,1,6,Caron de la carriere,48.07061,-1.39324
201500000957,23,6,15,17,1,35,161,1,1,1,3,La Gidonnais,48.04622,-1.31769
201500000958,4,7,15,9,1,35,207,1,1,1,7,,48.08536,-1.48281
201500000959,4,9,15,11,1,35,39,1,1,1,6,La Turbanière,48.1093,-1.50545
201500000960,8,9,15,10,1,35,161,1,3,1,1,,48.04303,-1.31782
201500000961,22,11,15,15,1,35,204,1,2,1,3,,48.04368,-1.54405
201500000962,20,11,15,19,5,35,68,2,1,2,5,,48.10732,-1.40526
201500000963,4,5,15,17,1,35,8,1,1,1,1,,47.95995,-1.21224
201500000964,30,6,15,18,1,35,359,1,1,1,2,,47.94659,-1.27531
201500000965,17,7,15,0,5,35,167,1,6,1,6,,47.8204,-1.32226
201500000966,3,9,15,17,1,35,125,2,1,1,1,64 AL DES TROIS PRAIRIES,47.9389,-1.22795
201500000967,19,10,15,15,1,35,359,1,1,1,7,,47.94705,-1.30401
201500000968,9,11,15,21,3,35,235,2,1,1,6,la croix de la barre,47.92941,-1.23621