Num_Acc,jour,mois,an,hr,condition_eclairage,departement,commune,condition_agglomeration,intersection,condition_atmosphere,type_collision,adresse,lattitude,longitude
201500000969,26,2,15,15,1,35,2,1,2,3,3,,47.99638,-1.51527
201500000970,7,8,15,12,1,35,136,2,1,1,3,44 rue jean marie lacire,47.96298,-1.49371
201500000971,18,9,15,16,1,35,108,1,1,1,1,,47.93495,-1.45388
201500000972,1,12,15,11,1,35,220,1,9,1,6,,48.01235,-1.43604
201500000973,4,12,15,18,3,35,136,1,2,1,3,,47.91929,-1.53404
201500000974,5,12,15,18,3,35,108,1,1,1,3,La rue Hamon,47.9489,-1.47646
201500000975,18,12,15,16,1,35,333,1,1,1,6,,47.91758,-1.40917
201500000976,20,12,15,14,1,35,136,1,1,8,7,La Renaudais,47.9236,-1.52484
201500000977,12,2,15,12,1,22,93,1,2,1,2,,48.4723,-2.53339
201500000978,7,3,15,21,5,22,93,2,1,1,7,rue de Beausoleil,48.46173,-2.5365
201500000979,24,4,15,11,1,22,93,1,1,1,1,,48.41718,-2.49771
201500000980,26,4,15,16,1,22,93,1,2,3,3,,48.49935,-2.46839
201500000981,7,6,15,17,1,22,151,1,1,1,1,,48.43636,-2.59403
201500000982,26,6,15,16,1,22,93,2,6,1,3,rond-point maréchal foch,48.46798,-2.50691
201500000983,9,7,15,16,1,22,93,2,6,1,6,rue docteur lavergne,48.4672,-2.52026
201500000984,18,9,15,18,1,22,93,2,1,1,6,rue mouexigné,48.45894,-2.51411
201500000985,30,10,15,4,3,22,93,2,1,1,3,Rue de la Jeannaie,48.46549,-2.53807
201500000986,31,10,15,22,3,22,93,1,1,1,2,,48.47067,-2.53944
201500000987,1,11,15,11,1,22,93,1,3,1,7,,48.49492,-2.47531
201500000988,20,11,15,12,1,22,93,2,3,2,3,RUE DE LA DEHANNE,48.47448,-2.55619
201500000989,9,12,15,3,3,22,93,1,1,1,6,,48.44349,-2.51085
201500000990,30,12,15,8,2,22,93,2,1,1,6,rue aristide briand,48.46077,-2.51093
201500000991,8,7,15,16,1,22,136,2,2,1,3,Carrefour des Trois Croi,48.18276,-2.75957
201500000992,4,9,15,18,1,22,136,2,2,8,3,boulevard des peupliers,48.16734,-2.75019
201500000993,20,10,15,12,1,22,136,1,4,1,2,le larhon,48.1558,-2.7182
201500000994,4,12,15,7,2,22,300,1,2,1,5,le tourlanquin,48.26815,-2.79079
201500000995,22,12,15,6,3,22,155,2,1,2,3,RD 768 8 rue croix jarte,48.22723,-2.73327
201500000996,8,2,15,12,1,22,162,2,1,1,6,Rue du Général LECLERC,48.77865,-3.04484
201500000997,30,4,15,15,1,22,162,1,1,8,1,,48.75794,-3.01389
201500000998,15,6,15,8,1,22,210,1,2,1,3,,48.80561,-3.05905
201500000999,22,12,15,15,1,22,390,1,1,1,2,le dannot,48.71506,-3.02373
201500001000,9,4,15,12,1,22,54,2,2,7,3,,48.62884,-2.46426
201500001001,12,5,15,11,1,22,242,1,1,1,6,les aulnes,48.62553,-2.41111
201500001002,3,6,15,23,3,22,186,2,1,1,6,,48.58613,-2.54239
201500001003,15,7,15,10,1,22,242,1,2,1,3,la ruée,48.62089,-2.40489
201500001004,17,8,15,3,3,22,54,1,1,1,7,,48.60036,-2.46158
201500001005,19,10,15,0,3,22,81,1,1,1,6,,48.50775,-2.66895
201500001006,18,12,15,9,3,22,273,1,1,2,1,la ville marqué,48.53962,-2.53679
201500001007,27,12,15,13,1,22,173,1,1,8,1,,48.51332,-2.56589
201500001008,28,12,15,18,2,22,81,1,2,1,3,saint laurent,48.50432,-2.61758
201500001009,28,12,15,14,1,22,242,1,2,1,3,le clos,48.62134,-2.40125
201500001010,4,2,15,17,1,22,277,1,1,1,5,,48.40404,-2.87943
201500001011,23,2,15,17,1,22,171,1,1,4,7,,48.43411,-2.81742
201500001012,10,3,15,2,3,22,176,2,1,1,6,rue des lilas,48.45083,-2.75215
201500001013,9,4,15,15,1,22,171,1,2,1,3,Ravilly,48.38521,-2.82788
201500001014,21,7,15,17,1,22,171,2,1,7,6,RUE SEBASTOPOL,48.40785,-2.81734
201500001015,23,7,15,12,1,22,176,1,1,1,1,Bel-Air,48.45081,-2.7014
201500001016,6,8,15,20,2,22,287,2,3,1,3,RUE SAINT YVES,48.4697,-2.88259
201500001017,18,8,15,11,1,22,176,1,2,1,3,,48.45853,-2.75574
201500001018,28,9,15,13,1,22,45,1,1,1,6,,48.46617,-2.94835
201500001019,1,11,15,20,3,22,171,1,1,1,5,les pres guyomard,48.4201,-2.82282
201500001020,18,11,15,19,3,22,277,1,1,1,1,LANVIA,48.38562,-2.83668
201500001021,16,12,15,20,5,22,277,1,3,1,3,carestiamble,48.38368,-2.91936
201500001022,18,12,15,18,5,22,262,2,1,1,6,rue des douves,48.40403,-2.9079
201500001023,2,10,15,11,1,22,56,2,1,1,6,,48.38006,-1.97968
201500001024,7,10,15,18,1,22,118,2,3,1,3,D2,48.44482,-2.20204
201500001025,21,10,15,21,5,22,364,1,6,2,7,,48.42851,-2.08887
201500001026,4,12,15,8,1,22,213,2,1,1,2,RD 12 - Pont Mévault,48.52273,-2.00028
201500001027,3,12,15,7,2,22,26,1,1,1,1,la giraudais,48.39636,-2.027
201500001028,4,12,15,14,1,22,197,2,1,7,6,rue de la mairie,48.51059,-1.95257
201500001029,3,1,15,17,2,22,174,1,1,2,1,crissouet,48.61456,-2.33343
201500001030,16,2,15,9,1,22,179,1,4,3,3,l'épine briens,48.62497,-2.35696
201500001031,23,2,15,7,2,22,76,1,1,1,6,,48.5217,-2.35438
201500001032,11,6,15,20,1,22,179,1,1,8,7,,48.65251,-2.37334
201500001033,18,6,15,12,1,22,143,2,2,1,1,chemin vert,48.59291,-2.27551
201500001034,21,6,15,6,2,22,76,1,1,1,6,,48.53835,-2.40269
201500001035,1,7,15,0,5,22,282,2,1,1,6,boulevard de la mer,48.6346,-2.25617
201500001036,14,7,15,12,1,22,179,1,1,1,6,ste aide,48.61936,-2.34699
201500001037,21,7,15,18,1,22,282,2,1,7,6,rue jacques cartier,48.63209,-2.25811
201500001038,23,7,15,14,1,22,179,1,1,1,3,rue des carquois,48.64544,-2.38476
201500001039,30,10,15,18,3,22,174,1,1,8,6,le grand chemin,48.57593,-2.35229
201500001040,4,11,15,9,1,22,268,1,1,1,6,,48.55505,-2.34949
201500001041,8,11,15,16,1,22,179,1,3,1,5,,48.62161,-2.34697
201500001042,30,12,15,18,2,22,143,2,1,2,1,1 rue Saint jean,48.59619,-2.29116
201500001043,16,1,15,15,1,22,223,2,1,1,6,le tirien,48.57989,-3.18768
201500001044,18,3,15,14,1,22,223,2,9,1,3,rue de l'église,48.57705,-3.18811
201500001045,8,8,15,13,1,22,70,2,4,1,2,rue rustang,48.55899,-3.15019
201500001046,20,8,15,16,1,22,272,1,2,1,3,,48.57244,-3.13525
201500001047,5,8,15,16,1,22,13,2,1,1,6,,48.47187,-3.18022
201500001048,29,4,15,19,1,22,168,2,1,1,5,bld aristide briand,48.81348,-3.45004
201500001049,22,7,15,22,5,22,168,2,1,1,6,rue frères le montréer,48.81342,-3.44807
201500001050,18,10,15,12,1,22,134,1,1,1,6,,48.79694,-3.44097
201500001051,20,3,15,15,1,29,28,1,1,1,3,Kroaz Kerogot,48.05946,-4.66106
201500001052,28,4,15,14,1,29,225,1,1,1,1,kersaudy,47.96658,-4.35839
201500001053,7,5,15,8,1,29,216,2,1,7,6,Rte de Pouldreuzic,47.98024,-4.17897
201500001054,16,5,15,1,3,29,173,1,6,2,6,Keradennec,48.01433,-4.21008
201500001055,23,5,15,11,1,29,218,1,1,1,3,Toulbroen,48.04211,-4.52278
201500001056,17,7,15,11,1,29,3,2,1,1,1,43 rue emile combes,48.02461,-4.54731
201500001057,6,9,15,6,2,29,215,2,1,1,1,rue d'Audierne,47.99323,-4.4365
201500001058,1,11,15,8,1,29,216,1,1,1,1,Dour Groas,47.94933,-4.19676
201500001059,29,11,15,13,1,29,225,1,1,1,1,Le Meot,47.9606,-4.34433
201500001060,22,2,15,17,1,29,46,2,1,2,1,Chemin Pen Ar Creach,48.08166,-4.33096
201500001061,14,6,15,13,1,29,224,2,1,1,6,route de DOUARNENEZ - D1,48.09224,-4.2958
201500001062,15,7,15,10,1,29,46,2,9,2,6,rue Alain Gerbault,48.09435,-4.34733
201500001063,29,7,15,9,1,29,226,1,1,7,2,rue Luc ROBERT,48.0843,-4.40212
201500001064,13,8,15,13,1,29,46,1,1,1,1,La Forge Kerdaec,48.0701,-4.30069
201500001065,14,8,15,14,1,29,46,2,2,1,3,Cdt Fernand /Reuniat,48.09153,-4.33928
201500001066,30,9,15,17,1,29,46,2,3,1,3,Route de Quimper,48.07896,-4.3223
201500001067,31,10,15,22,3,29,218,1,1,1,6,Lespoul,48.03992,-4.52638
201500001068,17,12,15,17,1,29,46,2,1,8,6,20 rue Laennec,48.08908,-4.32506
201500001069,16,2,15,18,2,29,6,2,6,7,3,rond poind de Ty Pin,47.87762,-4.08791
201500001070,25,2,15,7,2,29,60,1,1,2,6,Route de Quimper,47.92108,-4.10592
201500001071,7,3,15,15,1,29,32,1,1,1,6,Le Dennec,47.90948,-4.07302
201500001072,3,5,15,16,1,29,6,1,1,3,6,Chapelle du Perguet,47.87728,-4.04745
201500001073,11,5,15,10,1,29,58,2,1,1,6,24 rue de cornouaille,47.8934,-4.01168
201500001074,18,5,15,10,1,29,6,2,1,1,3,36 avenue de la mer,47.87712,-4.10661
201500001075,1,8,15,3,3,29,161,1,1,1,7,Moulin du Pont,47.92964,-4.07036
201500001076,21,8,15,16,1,29,58,1,1,7,1,Hent Kerbader,47.86017,-4.02206
201500001077,12,9,15,14,1,29,32,1,1,1,7,Menez St Jean,47.89322,-4.09261
201500001078,2,10,15,23,3,29,58,1,1,1,3,Route de Beg Meil,47.88659,-4.00901
201500001079,2,11,15,13,1,29,247,1,1,1,1,L'arbre du Chapon,47.95183,-4.03722
201500001080,10,11,15,20,3,29,247,1,1,1,5,,47.9727,-3.98838
201500001081,14,11,15,23,3,29,58,1,1,5,6,route de St Evarzec,47.91557,-4.01442
201500001082,26,4,15,11,1,29,216,2,1,2,6,rue de pouldreuzic,47.97788,-4.16819
201500001083,5,3,15,19,3,29,158,1,1,1,2,route de Gouesnac'h,47.81854,-4.31299
201500001084,22,3,15,11,1,29,171,2,1,1,3,Route de Penmarch,47.84579,-4.27464
201500001085,26,4,15,6,2,29,171,1,1,2,6,Lieu dit le Peuliou,47.84604,-4.27359
201500001086,7,6,15,15,1,29,171,1,1,1,2,,47.84085,-4.28358
201500001087,23,6,15,9,1,29,220,1,1,1,7,,47.88476,-4.20118
201500001088,10,8,15,19,1,29,220,2,6,1,6,place de pont guern,47.86541,-4.22662
201500001089,14,2,15,17,1,29,56,1,1,8,5,Kerlaran,48.44548,-4.29236
201500001090,21,8,15,8,1,29,75,1,1,1,3,Kergleuz,48.41243,-4.36288
201500001091,18,9,15,3,3,29,235,1,1,2,6,Kergleuz Rocade 265,48.39888,-4.40944
201500001092,20,12,15,16,1,29,245,2,1,2,3,22 rue des alouettes,48.45013,-4.33164
201500001093,19,2,15,10,1,29,181,1,2,2,3,Leavan,48.51484,-4.21203
201500001094,22,6,15,17,1,29,181,1,1,2,3,,48.48461,-4.24583
201500001095,5,7,15,12,1,29,180,1,1,1,6,Boscornou,48.44662,-4.09054
201500001096,4,8,15,14,1,29,181,2,9,1,3,Rue du Stade,48.51362,-4.21615
201500001097,9,10,15,18,1,29,156,1,1,1,1,Coat Gueguen,48.45956,-4.2259
201500001098,4,12,15,5,3,29,181,1,1,2,7,RN,48.48902,-4.25199
201500001099,19,1,15,12,1,29,179,1,9,1,6,Auberge Neuve,48.502,-4.305
201500001100,14,8,15,6,3,29,94,1,1,3,6,,48.57719,-4.33596
201500001101,17,10,15,11,1,29,94,1,1,1,6,Kernevez,48.605,-4.354
201500001102,24,10,15,7,1,29,179,1,1,1,6,Kerouant,48.54135,-4.32468
201500001103,5,12,15,15,1,29,94,1,1,1,1,Rte de Kergoff,48.58283,-4.34208
201500001104,11,12,15,21,3,29,203,1,6,1,6, roudouan,48.63737,-4.32847
201500001105,16,1,15,8,4,29,117,2,1,3,6,Rue de la liberation,48.57305,-4.51815
201500001106,15,3,15,18,1,29,117,2,1,1,3,Kerveur,48.56156,-4.51305
201500001107,31,3,15,17,1,29,117,2,1,1,3,Rue de Treglonou,48.56597,-4.5246
201500001108,22,7,15,15,1,29,195,1,1,1,3,,48.59881,-4.50585
201500001109,31,7,15,22,3,29,209,1,1,1,1,,48.53132,-4.50206
201500001110,11,8,15,12,1,29,47,1,1,2,3,Route de Lesneven,48.53803,-4.37104
201500001111,27,9,15,16,1,29,15,1,1,1,5,Petite Ile,48.48633,-4.50019
201500001112,2,10,15,9,1,29,117,2,9,7,6,rue de la libération,48.57285,-4.51758
201500001113,3,10,15,5,3,29,117,1,1,1,7,Saint Julien,48.56937,-4.52151
201500001114,5,10,15,10,1,29,209,1,1,2,3,Corn Ar Quéfellec,48.52983,-4.45232
201500001115,21,12,15,18,5,29,195,2,1,3,6,Rue Bel Air,48.60592,-4.50384
201500001116,2,1,15,17,2,29,221,1,1,1,3,Kervezennoc,48.49017,-4.76745
201500001117,14,4,15,18,1,29,149,1,1,1,3,Keramoal,48.46024,-4.5123
201500001118,14,5,15,10,1,29,196,1,1,1,1,Landre ,48.50597,-4.58269
201500001119,17,5,15,17,1,29,149,1,1,1,1,Trébaol,48.452,-4.59533
201500001120,1,6,15,17,1,29,260,2,1,1,6,lieu dit Pontavennec,48.42645,-4.60541
201500001121,12,6,15,17,1,29,109,2,1,1,3,Rue Poullaouec,48.533,-4.72671
201500001122,20,6,15,15,1,29,149,1,1,1,3,,48.46688,-4.56667
201500001123,4,8,15,12,1,29,99,1,1,1,6,Croas An Aber,48.55036,-4.64543
201500001124,24,9,15,12,1,29,196,2,1,1,6,rue suzanne de parceveau,48.52694,-4.59834
201500001125,3,11,15,16,1,29,17,2,3,1,3,Carrefour d268/28,48.47687,-4.716
201500001126,6,11,15,8,2,29,178,2,1,2,6,rue du Léon,48.54056,-4.64866
201500001127,9,11,15,16,1,29,149,1,1,1,1,Kerviniou,48.44931,-4.54494
201500001128,29,11,15,2,3,29,109,1,1,6,3,Kervéléoc,48.51676,-4.73536
201500001129,15,2,15,1,3,29,53,1,1,1,6,Rummengol,48.30209,-4.152
201500001130,1,3,15,9,1,29,176,2,1,1,6,9 Allee des Genets,48.12748,-4.21911
201500001131,5,4,15,5,3,29,172,1,1,1,6,lieu dit Menez Kaol,48.17716,-4.28965
201500001132,17,5,15,15,1,29,240,1,1,1,1,Coativoric,48.29131,-4.19801
201500001133,20,5,15,8,1,29,302,2,1,8,6,rue de brest,48.25774,-4.08194
201500001134,28,6,15,3,3,29,302,1,1,1,6,Coatiskoul D21,48.28118,-4.12985
201500001135,26,7,15,7,1,29,240,1,1,3,1,Kervezennec,48.2824,-4.25285
201500001136,1,10,15,12,1,29,26,2,1,1,1,63 RUE GRAVERAN,48.19639,-4.09999
201500001137,14,10,15,8,1,29,176,1,1,1,6,Lanzent ,48.14156,-4.23083
201500001138,9,1,15,8,5,29,24,2,1,3,6,Boulervard Jean Moulin,48.27772,-3.55309
201500001139,17,1,15,14,1,29,24,2,6,2,3,boulevard Jean Moulin,48.27487,-3.55844
201500001140,6,5,15,16,1,29,24,2,6,2,3,Rond point de Kerhenor,48.2714,-3.58548
201500001141,15,5,15,18,1,29,54,1,2,1,1,RD 764 / RD 42,48.38928,-3.858
201500001142,10,7,15,19,1,29,81,2,1,1,6,39 route de berrien,48.36778,-3.74818
201500001143,2,10,15,18,1,29,24,1,1,1,3,Kervoasdoué,48.28578,-3.54041
201500001144,4,10,15,5,5,29,24,2,6,1,6,17 ave Victor hugo,48.27558,-3.57418
201500001145,7,10,15,20,3,29,205,1,1,1,6,Kergroas Huella,48.28786,-3.58314
201500001146,18,10,15,14,1,29,54,1,1,1,6,,48.38563,-3.8501
201500001147,6,12,15,1,3,29,278,1,1,2,1,,48.18094,-3.74705
201500001148,29,12,15,15,1,29,24,2,1,1,1,kervasdoué,48.29294,-3.55543
201500001149,8,4,15,17,1,29,249,1,1,1,3,Hir Gars,48.17034,-3.8113
201500001150,16,4,15,19,1,29,27,2,1,1,7,RUE DES FONTAINES,48.1887,-3.81471
201500001151,10,9,15,18,1,29,249,1,1,1,6,Croas Janus,48.13782,-3.79747
201500001152,12,9,15,12,1,29,110,1,1,1,6,Coat Goën,48.08225,-3.90533
201500001153,27,2,15,16,1,29,280,1,1,1,1,,48.21934,-4.32628
201500001154,30,3,15,13,1,29,42,1,1,1,6,Kerdanvez,48.24773,-4.43121
201500001155,13,6,15,22,3,29,120,1,1,1,6,40 rue pen ar ero,48.28099,-4.50254
201500001156,22,7,15,15,1,29,42,1,1,1,3,Kersiguenou,48.25712,-4.53816
201500001157,23,7,15,18,1,29,120,1,1,1,7,La Maison Blanche,48.26764,-4.44275
201500001158,1,8,15,17,1,29,280,1,1,7,2,Kerjean,48.25706,-4.36709
201500001159,7,8,15,14,1,29,42,1,1,1,1,Saint Jean Leydez,48.26633,-4.49896
201500001160,9,10,15,12,1,29,42,1,1,1,1,An Drustel,48.23288,-4.54016
201500001161,12,10,15,7,5,29,120,2,6,1,3, Rp du Douarou,48.24842,-4.41844
201500001162,1,11,15,10,1,29,42,2,1,1,6,rue lesquiffinec,48.23689,-4.49399
201500001163,24,12,15,18,2,29,238,1,1,1,6,Route de Quélern,48.30435,-4.55586
201500001164,5,4,15,0,3,29,211,1,1,1,7,Ty Ar Hoen,48.33495,-3.78077
201500001165,22,1,15,16,1,29,191,2,6,1,6,Sur Giratoire D9,48.52183,-3.71811
201500001166,31,1,15,16,1,29,113,1,1,4,7,Rte Plougasnou,48.65596,-3.72661
201500001167,3,2,15,6,3,29,59,1,1,4,7,,48.62572,-3.76854
201500001168,6,5,15,13,1,29,207,1,1,1,1,Lieu dit Moulin du Clos,48.53481,-3.79048
201500001169,12,5,15,18,1,29,34,1,1,1,1,Penmergues,48.45243,-3.78375
201500001170,23,5,15,3,3,29,207,1,1,5,6,Croas Collorec,48.52781,-3.77797
201500001171,5,7,15,9,1,29,186,1,1,1,7,,48.62623,-3.84693
201500001172,27,7,15,12,1,29,59,1,1,2,4,Toulon,48.61008,-3.78359
201500001173,24,9,15,19,1,29,186,1,1,1,7,,48.62701,-3.84561
201500001174,22,2,15,10,1,29,204,1,1,2,3,Run Poulzic,48.49917,-4.17386
201500001175,29,10,15,17,1,29,266,1,2,1,3,,48.53484,-3.94851
201500001176,21,1,15,17,1,29,68,1,2,2,3,Le Rest,48.53411,-3.89835
201500001177,17,3,15,13,1,29,259,2,1,1,3,rue du budou,47.90056,-3.83257
201500001178,10,5,15,12,1,29,206,1,1,1,1,Kernic,48.6479,-4.21995
201500001179,11,5,15,14,1,29,239,1,2,1,3,Pen Ar Creac'h,48.71897,-3.97247
201500001180,14,6,15,18,1,29,287,1,1,1,7,,48.62271,-4.26109
201500001181,16,6,15,20,1,29,30,2,1,7,6,rue de Plouescat,48.66312,-4.10795
201500001182,29,6,15,17,1,29,23,2,6,1,2,Rue Albert Louppe,48.66572,-3.91282
201500001183,30,7,15,15,1,29,279,2,1,1,1,rue de mescurunec,48.59771,-3.93397
201500001184,7,8,15,3,3,29,187,2,1,2,6,rue de croas hir,48.56141,-4.13998
201500001185,28,8,15,13,1,29,259,2,1,1,1,de la tour d'auvergne,48.6788,-3.99047
201500001186,3,10,15,8,3,29,271,1,1,5,6,Le Roz,48.59754,-4.12461
201500001187,17,10,15,15,1,29,68,1,1,1,6,Kermat,48.52037,-4.0069
201500001188,22,10,15,16,1,29,192,1,1,1,4,Rédéonnec ,48.63238,-4.0548
201500001189,31,10,15,17,1,29,276,2,1,1,1,La Croix,48.66609,-4.0676
201500001190,27,11,15,20,3,29,259,1,1,2,6,Keragon,48.68782,-4.00881
201500001191,17,12,15,7,2,29,148,1,1,1,1,Sainte Catherine,48.61275,-4.05378
201500001192,5,3,15,12,1,56,164,2,1,1,1,rue Edgard TOUFFREAU,47.66089,-2.80632
201500001193,7,5,15,17,1,56,164,2,1,1,2,20 rue Edgar Touffreau,47.66164,-2.80159
201500001194,20,6,15,2,4,56,120,1,1,1,6,,0.0,0.0
201500001195,26,6,15,16,1,56,67,1,1,1,4,,0.0,0.0
201500001196,13,7,15,11,1,56,8,1,1,1,1,,0.0,0.0
201500001197,13,9,15,19,2,56,157,1,1,3,7,,0.0,0.0
201500001198,13,10,15,16,1,56,158,2,1,1,5,42 ROUTE DE PLOEREN,47.69356,-2.80784
201500001199,21,2,15,20,3,56,194,1,1,2,6,,0.0,0.0
201500001200,9,4,15,17,1,56,194,2,1,1,1,RUE DE LA BUTTE,47.63459,-2.10396
201500001201,21,4,15,12,1,56,194,1,1,1,3,,47.59284,-2.1098
201500001202,5,6,15,18,1,56,183,2,1,1,3,RUE DU HOUX,0.0,0.0
201500001203,26,8,15,17,1,56,33,2,3,2,3,rue du Général de Gaulle,0.0,0.0
201500001204,26,9,15,1,3,56,239,1,1,1,1,,0.0,0.0
201500001205,24,11,15,10,1,56,11,1,1,2,1,,0.0,0.0
201500001206,12,12,15,17,1,56,61,2,1,9,6,rue de MONTAUBAN,47.7643,-2.13095
201500001207,18,12,15,18,3,56,44,1,1,8,1,,0.0,0.0
201500001208,27,9,15,16,1,56,126,1,1,1,3,,47.55954,-2.39514
201500001209,11,12,15,10,1,56,58,1,3,1,3,,47.49729,-2.322
201500001210,14,3,15,21,3,56,135,1,1,1,6,,0.0,0.0
201500001211,4,4,15,22,3,56,28,1,1,1,7,,0.0,0.0
201500001212,11,4,15,18,1,56,184,1,6,1,3,,0.0,0.0
201500001213,1,5,15,15,1,56,254,1,1,9,6,,0.0,0.0
201500001214,3,6,15,19,1,56,53,1,1,1,1,,47.73359,-2.5797
201500001215,10,6,15,5,2,56,261,1,1,1,3,,0.0,0.0
201500001216,8,9,15,18,1,56,123,1,1,1,7,,47.69196,-2.33589
201500001217,18,10,15,11,1,56,184,2,1,1,1,Rue du reliquaire,47.66171,-2.45365
201500001218,3,11,15,14,1,56,231,1,1,8,1,,0.0,0.0
201500001219,8,11,15,0,3,56,254,1,1,5,6,,0.0,0.0
201500001220,13,11,15,7,3,56,261,1,1,2,1,,0.0,0.0
201500001221,13,11,15,11,1,56,171,2,7,1,6,rue du calvaire,47.69632,-2.36405
201500001222,20,11,15,19,3,56,53,1,1,8,6,,47.6915,-2.57653
201500001223,4,1,15,12,1,56,176,1,1,1,7,,0.0,0.0
201500001224,20,1,15,8,2,56,176,2,1,2,6,RUE CADOUDAL,47.67171,-2.96156
201500001225,9,2,15,18,1,56,46,1,6,1,3,,0.0,0.0
201500001226,19,4,15,18,1,56,167,1,1,1,2,,0.0,0.0
201500001227,20,5,15,12,1,56,46,1,1,1,1,,0.0,0.0
201500001228,3,6,15,7,1,56,23,1,1,1,1,,47.68923,-3.02628
201500001229,16,6,15,14,1,56,7,2,1,1,6,RUE ABBE PHILIPPE LE GAL,47.67056,-2.9914
201500001230,6,8,15,10,1,56,176,1,6,1,3,,0.0,0.0
201500001231,25,8,15,11,1,56,167,1,1,3,7,,0.0,0.0
201500001232,2,10,15,22,3,56,46,2,1,1,6,KERHARNO,0.0,0.0
201500001233,7,10,15,10,1,56,46,1,1,1,3,,0.0,0.0
201500001234,20,10,15,20,3,56,23,2,1,1,1,rue du loch,0.0,0.0
201500001235,10,11,15,8,1,56,7,1,1,1,2,,0.0,0.0
201500001236,18,12,15,19,3,56,176,1,1,8,2,,47.67692,-2.94384
201500001237,29,12,15,13,1,56,263,2,1,7,3,RUE General DE GAULLE,47.70387,-2.95489
201500001238,17,5,15,17,1,56,152,2,1,1,6,9 Le Grande Prairie,47.33815,-3.15681
201500001239,6,6,15,0,3,56,152,1,1,1,7,,47.33668,-3.15776
201500001240,21,12,15,2,3,56,152,1,1,3,6,,0.0,0.0
201500001241,15,8,15,0,3,56,234,2,1,1,3,PLACE DE LA MARNE,47.52121,-3.13134
201500001242,14,5,15,11,1,56,130,2,1,1,3,Rue d'Hennebont,47.73929,-3.23765
201500001243,25,5,15,8,1,56,130,1,1,1,6,,0.0,0.0
201500001244,17,6,15,17,1,56,169,2,1,1,1,24 rue du driasker,0.0,0.0
201500001245,7,9,15,22,5,56,193,2,6,1,6,Kerbernne,47.71133,-3.29964
201500001246,29,1,15,8,2,56,127,1,6,2,2,,48.07258,-2.28046
201500001247,29,3,15,5,3,56,80,2,1,1,6,Rue de la mairie,0.0,0.0
201500001248,27,4,15,8,1,56,127,2,6,1,1,rond point du stade,48.0776,-2.29033
201500001249,7,5,15,13,1,56,138,1,1,1,6,,0.0,0.0
201500001250,20,5,15,3,3,56,202,1,1,9,6,,0.0,0.0
201500001251,23,6,15,15,1,56,139,1,1,1,7,,0.0,0.0
201500001252,7,7,15,10,1,56,127,1,6,2,3,,0.0,0.0
201500001253,7,8,15,13,1,56,165,1,1,1,2,,0.0,0.0
201500001254,14,8,15,9,1,56,165,2,1,8,6,,47.93596,-2.39852
201500001255,29,8,15,15,1,56,249,1,1,1,1,,0.0,0.0
201500001256,6,9,15,14,1,56,165,1,9,1,2,,47.92503,-2.34728
201500001257,17,10,15,19,3,56,122,1,1,1,1,,0.0,0.0
201500001258,30,10,15,8,1,56,138,1,1,1,7,,47.89784,-2.36837
201500001259,29,12,15,19,3,56,138,1,1,2,6,,47.89638,-2.36741
201500001260,7,5,15,22,3,56,230,1,1,7,6,,0.0,0.0
201500001261,22,6,15,8,1,56,20,1,2,1,1,,0.0,0.0
201500001262,27,6,15,11,1,56,244,1,1,7,6,,47.80839,-2.50389
201500001263,10,12,15,8,3,56,180,1,1,1,2,,0.0,0.0
201500001264,15,2,15,9,1,56,190,2,1,1,3,belle aurore,0.0,0.0
201500001265,25,6,15,15,1,56,198,2,1,1,6,route du pont d'oust,0.0,0.0
201500001266,18,9,15,17,1,56,222,1,2,1,1,,0.0,0.0
201500001267,26,9,15,17,1,56,17,1,1,1,1,,0.0,0.0