Num_Acc,jour,mois,an,hr,condition_eclairage,departement,commune,condition_agglomeration,intersection,condition_atmosphere,type_collision,adresse,lattitude,longitude
201500001268,3,11,15,18,3,56,68,1,1,3,1,,48.00556,-2.48801
201500001269,22,11,15,2,3,56,27,1,1,2,6,,47.9226,-2.67641
201500001270,19,12,15,15,1,56,172,1,1,1,6,,0.0,0.0
201500001271,11,1,15,18,3,56,125,1,1,8,3,,48.08058,-3.09317
201500001272,19,3,15,11,1,56,178,2,1,7,7,LA LANDE DU MOULIN,0.0,0.0
201500001273,9,5,15,17,1,56,151,1,3,1,3,,48.02315,-2.91217
201500001274,23,5,15,14,1,56,215,1,1,1,7,,0.0,0.0
201500001275,4,6,15,17,1,56,245,1,1,1,7,,0.0,0.0
201500001276,5,6,15,11,1,56,178,2,1,1,6,rue nationale,48.06541,-2.96595
201500001277,17,6,15,17,1,56,242,1,1,1,7,,0.0,0.0
201500001278,25,6,15,18,1,56,125,1,1,1,1,,0.0,0.0
201500001279,12,7,15,5,3,56,41,1,9,1,7,,47.97071,-3.28722
201500001280,15,7,15,10,1,56,41,1,1,1,1,,0.0,0.0
201500001281,21,8,15,20,2,56,163,1,1,7,7,,48.07713,-3.33138
201500001282,21,8,15,21,2,56,264,1,1,1,7,,0.0,0.0
201500001283,30,8,15,6,3,56,215,1,1,5,1,,0.0,0.0
201500001284,26,9,15,11,1,56,178,2,1,7,6,RUE DU TRIBUNAL,48.0658,-2.9676
201500001285,8,12,15,20,3,56,41,1,1,1,3,,48.09816,-3.07771
201500001286,16,12,15,20,3,56,41,1,1,1,6,,48.09427,-3.02093
201500001287,28,1,15,8,2,56,117,2,1,2,6,Boulevard Duguesclin,47.88675,-2.83104
201500001288,17,2,15,8,1,56,141,1,1,1,1,,0.0,0.0
201500001289,1,3,15,1,3,56,173,1,1,2,1,,0.0,0.0
201500001290,3,4,15,4,3,56,140,1,1,1,7,,0.0,0.0
201500001291,19,5,15,16,1,56,173,1,1,2,7,,0.0,0.0
201500001292,31,5,15,7,1,56,173,1,2,2,3,,0.0,0.0
201500001293,10,6,15,10,1,56,117,2,3,1,3,Rue Jacques Cartier,47.88925,-2.83812
201500001294,11,6,15,8,1,56,174,1,1,1,7,,0.0,0.0
201500001295,29,6,15,16,1,56,173,1,1,1,3,,47.97085,-3.00602
201500001296,21,7,15,11,1,56,141,1,1,2,6,,47.82513,-2.879
201500001297,3,8,15,20,1,56,10,1,1,1,6,,0.0,0.0
201500001298,21,8,15,22,1,56,74,2,1,1,6,2 RUE DU MENHIR,47.90612,-2.98034
201500001299,27,8,15,14,1,56,140,1,1,2,1,,0.0,0.0
201500001300,24,10,15,1,3,56,174,1,1,1,1,,0.0,0.0
201500001301,24,1,15,10,1,56,14,1,1,1,2,,0.0,0.0
201500001302,21,2,15,13,1,56,66,1,1,4,3,,0.0,0.0
201500001303,26,7,15,2,3,56,81,1,1,2,7,,48.02588,-3.63673
201500001304,5,10,15,8,1,56,66,1,1,3,7,,0.0,0.0
201500001305,5,12,15,19,3,56,131,1,2,2,1,,47.99403,-3.44555
201500001306,6,12,15,5,3,14,60,1,1,1,6,,49.2432,-0.29048
201500001307,28,2,15,20,3,14,362,1,1,2,6,,49.0696,0.12324
201500001308,19,3,15,10,1,14,81,1,1,8,3,,49.0197,0.05716
201500001309,1,8,15,22,3,14,478,1,1,1,6,,49.0312,0.38229
201500001310,5,1,15,15,1,14,14,2,1,1,6,08 RUE BOUT MACON,49.2662,-0.40294
201500001311,15,1,15,21,3,14,66,2,1,1,6,,49.3312,-0.43175
201500001312,19,2,15,10,1,14,228,1,1,1,3,,49.2762,-0.37922
201500001313,28,5,15,13,1,14,44,1,2,1,3,,49.2878,-0.4146
201500001314,1,6,15,16,1,14,384,2,3,1,3,,49.3149,-0.35538
201500001315,6,7,15,18,1,14,228,1,1,7,3,,49.3026,-0.39156
201500001316,18,7,15,19,1,14,228,2,2,1,6,,49.2935,-0.38562
201500001317,15,8,15,18,1,14,384,1,1,1,7,,49.3027,-0.36402
201500001318,19,9,15,6,2,14,228,2,1,5,6,ROUTE DE BASLY,0.0,0.0
201500001319,19,10,15,14,1,14,66,2,1,1,6,RUE DE VERDUN,49.3343,-0.41152
201500001320,8,1,15,18,3,14,257,1,1,6,1,,49.1095,-0.4884
201500001321,12,1,15,17,3,14,311,1,1,2,1,,49.1266,-0.52166
201500001322,17,4,15,14,1,14,542,1,1,1,6,,49.224,-0.44852
201500001323,24,4,15,7,1,14,747,1,1,1,6,,49.1148,-0.45119
201500001324,6,6,15,15,1,14,738,2,1,1,3,29 RUE DE L'ÉGLISE,49.1531,-0.45129
201500001325,19,6,15,15,1,14,738,2,2,1,1,RUE GÉNÉRAL LECLERC,49.1536,-0.45781
201500001326,20,6,15,17,1,14,592,2,1,1,7,CHAMP RUFFIER,49.0728,-0.48989
201500001327,25,8,15,14,1,14,747,1,2,8,3,,49.1089,-0.45302
201500001328,29,9,15,19,2,14,543,1,1,1,6,,49.1973,-0.45112
201500001329,1,10,15,8,1,14,274,1,1,1,1,,0.0,0.0
201500001330,18,10,15,12,1,14,98,2,2,1,6,,0.0,0.0
201500001331,22,7,15,9,1,14,675,1,2,7,3,,49.1353,-0.30906
201500001332,18,8,15,16,1,14,119,1,1,1,6,,49.1385,-0.25228
201500001333,24,10,15,10,1,14,5,1,1,1,7,,49.0791,-0.14312
201500001334,5,12,15,17,2,14,589,2,3,1,6,AVENUE DES FONTAINE,48.9935,-0.30357
201500001335,10,12,15,19,5,14,456,2,1,1,6,RD613 PK49+500,49.1184,-0.17692
201500001336,7,6,15,11,1,14,166,2,2,1,3,,49.2912,-0.28261
201500001337,1,11,15,17,1,14,530,1,1,1,1,,0.0,0.0
201500001338,29,5,15,8,1,14,752,2,3,1,3,RUE DES MOUETTES,49.0809,-0.64621
201500001339,21,8,15,14,1,14,449,2,2,1,3,D217,49.1152,-0.60219
201500001340,25,9,15,17,1,14,37,1,1,1,6,,49.0714,-0.5574
201500001341,27,12,15,15,1,14,353,1,1,1,1,,49.0796,-0.55631
201500001342,17,4,15,21,3,14,328,1,1,1,2,,49.2193,-0.23983
201500001343,1,5,15,16,1,14,698,1,1,1,6,,49.2046,-0.21756
201500001344,22,6,15,20,1,14,530,1,1,7,1,,49.234,-0.26862
201500001345,16,8,15,17,1,14,698,1,1,1,6,,49.1983,-0.20778
201500001346,1,9,15,10,1,14,640,1,4,1,2,,49.161,-0.17395
201500001347,20,10,15,15,1,14,46,1,1,1,3,,49.2308,-0.21643
201500001348,6,11,15,23,3,14,666,1,1,1,2,,49.174,-0.25295
201500001349,15,12,15,17,5,14,712,2,1,2,6,"RUE DE ROUEN, LA POSTE",49.1822,-0.18235
201500001350,16,2,15,14,1,14,47,2,1,2,3,RTE DE VAUX SUR AURE,49.2859,-0.70389
201500001351,25,4,15,11,1,14,47,2,1,1,6,59 AVENUE GEORGES CLÉMEN,49.2762,-0.69436
201500001352,17,5,15,18,1,14,322,1,1,1,6,,49.2535,-0.70985
201500001353,31,5,15,10,1,14,680,1,2,1,3,,49.2991,-0.73166
201500001354,29,6,15,10,1,14,732,1,1,1,6,,0.0,0.0
201500001355,26,6,15,14,1,14,680,1,1,1,6,,49.306,-0.73853
201500001356,17,7,15,15,1,14,47,1,1,3,3,,0.0,0.0
201500001357,3,8,15,15,1,14,47,2,1,1,6,BOULEVARD EINDHOVEN,0.0,0.0
201500001358,22,9,15,12,1,14,322,1,1,1,1,,49.2461,-0.70775
201500001359,10,10,15,1,3,14,700,1,1,1,6,,0.0,0.0
201500001360,15,12,15,17,5,14,47,2,1,2,6,RUE MONTFIQUET,0.0,0.0
201500001361,17,12,15,9,1,14,47,2,7,1,6,PLACE QUEBEC,0.0,0.0
201500001362,27,2,15,19,3,14,439,1,1,8,3,,49.3168,-1.02001
201500001363,6,3,15,17,1,14,342,2,1,1,6,RUE DU DOCTEUR BOUTROIS,49.3201,-1.09884
201500001364,28,3,15,16,1,14,551,1,2,2,3,,49.3261,-0.82401
201500001365,3,5,15,21,3,14,136,1,1,1,6,,49.3465,-1.07665
201500001366,30,6,15,22,2,14,705,1,1,1,6,,49.2325,-0.93503
201500001367,29,7,15,20,1,14,103,2,3,1,1,D5 - RUE DE BAYEUX,49.2453,-0.86312
201500001368,5,8,15,17,1,14,551,1,2,1,3,,49.3261,-0.82401
201500001369,1,12,15,13,1,14,551,1,1,1,6,,49.3286,-0.8241
201500001370,12,12,15,23,5,14,312,2,1,2,6,RD 113,49.3777,-1.04762
201500001371,6,2,15,8,1,14,88,2,2,1,3,CD 658,48.9585,-0.23009
201500001372,1,4,15,14,1,14,53,1,1,1,7,,48.8878,-0.07996
201500001373,26,6,15,19,1,14,498,1,1,1,7,,48.883,-0.09284
201500001374,16,10,15,17,1,14,753,1,1,8,3,,48.9442,-0.26503
201500001375,30,10,15,17,2,14,258,2,9,1,5,RUE TRINITÉ,0.0,0.0
201500001376,13,10,15,17,1,14,258,2,1,1,6,RUE SAINT JEAN,0.0,0.0
201500001377,6,12,15,20,3,14,501,1,1,1,6,,48.8851,-0.40671
201500001378,21,2,15,18,1,14,689,1,1,1,5,,48.9765,-0.47467
201500001379,11,12,15,6,2,14,703,2,1,1,6,,48.9605,-0.31033
201500001380,5,1,15,7,2,14,201,2,1,1,6,CD 613 - ROUTE DE PARIS,49.1184,0.0165
201500001381,18,1,15,3,3,14,82,1,1,1,6,,49.1334,0.12114
201500001382,28,1,15,8,5,14,431,2,1,1,6,AVENUE JEAN JAUR?S,49.0729,-0.07597
201500001383,21,2,15,20,5,14,431,2,2,4,3,RUE JULES GUESDE,49.0786,-0.06142
201500001384,12,3,15,18,2,14,81,2,1,1,1,ROUTE DEPARTEMENTALE 154,49.0221,0.05164
201500001385,18,4,15,16,1,14,362,1,1,1,6,,49.0658,0.14219
201500001386,15,5,15,21,2,14,697,1,1,1,7,,48.9944,-0.01972
201500001387,7,6,15,19,1,14,337,1,1,1,6,,49.1248,0.10135
201500001388,13,8,15,15,1,14,431,1,1,3,6,,49.0829,-0.0864
201500001389,13,8,15,17,1,14,654,1,3,1,3,ROUTE DE CAEN,49.0251,-0.04538
201500001390,9,9,15,21,3,14,208,1,1,1,7,,49.1112,-0.10889
201500001391,11,9,15,22,3,14,697,1,1,1,6,,48.9692,0.06778
201500001392,24,12,15,6,3,14,345,1,1,1,7,,0.0,0.0
201500001393,24,11,15,10,1,14,403,1,9,2,3,,0.0,0.0
201500001394,10,12,15,9,1,14,478,1,2,8,6,,49.0123,0.40933
201500001395,18,3,15,16,1,14,41,1,1,1,1,,49.3938,0.19039
201500001396,25,3,15,7,2,14,32,1,1,4,1,,49.286,0.29865
201500001397,10,4,15,19,1,14,102,2,1,1,3,,49.2297,0.21748
201500001398,30,5,15,20,1,14,534,1,1,1,6,,49.2641,0.14221
201500001399,4,7,15,14,1,14,528,2,2,1,3,,49.327,0.2961
201500001400,17,7,15,0,3,14,644,1,1,1,6,,49.1906,0.30112
201500001401,26,7,15,3,3,14,86,1,1,1,1,,49.3393,0.12506
201500001402,26,7,15,15,1,14,399,1,1,1,1,,49.2654,0.21096
201500001403,6,8,15,11,1,14,131,2,1,1,1,,49.3179,0.13407
201500001404,3,12,15,21,3,14,514,1,3,8,1,,49.2723,0.16757
201500001405,24,6,15,19,1,14,660,2,8,1,6,CHEMIN DE L'ÉGLISE,49.2912,-0.00184
201500001406,4,7,15,19,1,14,93,2,1,1,1,CD45 BRANVILLE,49.2739,0.02193
201500001407,16,7,15,12,1,14,316,1,2,1,1,,49.2639,-0.04287
201500001408,29,7,15,13,1,14,494,1,3,1,3,,49.2717,-0.10376
201500001409,23,8,15,17,1,14,126,1,2,1,3,,49.1412,0.0617
201500001410,12,9,15,8,2,14,335,2,1,2,3,CD78,49.1695,-0.05328
201500001411,30,9,15,7,2,14,473,1,1,1,1,,49.1162,0.02989
201500001412,6,10,15,17,1,14,645,1,3,8,3,,49.2981,0.02319
201500001413,30,10,15,21,5,14,229,2,9,1,3,ROUTE DU MESNIL DA,0.0,0.0
201500001414,13,11,15,9,1,14,305,1,1,1,5,,49.2753,-0.0596
201500001415,22,5,15,13,1,14,618,1,1,1,1,,48.9009,-0.89708
201500001416,5,2,15,8,1,14,54,1,1,9,6,,48.8989,-0.95493
201500001417,12,3,15,2,3,14,513,1,1,5,6,,48.9579,-1.04895
201500001418,14,4,15,19,1,14,584,1,1,7,3,,0.0,0.0
201500001419,24,6,15,18,1,14,187,1,1,1,6,,48.8597,-0.90647
201500001420,26,8,15,18,1,14,658,2,1,2,1,,48.8444,-1.05585
201500001421,5,9,15,0,3,14,717,1,1,1,6,,48.8005,-0.81006
201500001422,25,11,15,19,5,14,762,2,2,2,3,RUE DE CAEN,0.0,0.0
201500001423,11,12,15,7,3,14,762,1,1,1,6,,48.8626,-0.88664
201500001424,23,4,15,16,1,14,27,1,3,1,2,,49.0059,-0.61383
201500001425,9,5,15,15,1,14,129,1,2,1,3,,48.9451,-0.93065
201500001426,10,5,15,11,1,14,443,1,1,1,3,,48.9435,-0.75151
201500001427,10,7,15,17,1,14,618,1,1,1,3,,48.9133,-0.90732
201500001428,31,8,15,12,1,14,27,1,1,2,3,,0.0,0.0
201500001429,21,9,15,18,1,14,129,1,1,8,5,,0.0,0.0
201500001430,27,5,15,19,1,14,629,1,3,1,3,,49.0072,-0.88903
201500001431,5,3,15,11,1,14,174,2,3,7,6,,48.8506,-0.55045
201500001432,7,9,15,7,2,14,572,1,1,1,4,,0.0,0.0
201500001433,13,10,15,18,1,14,174,2,9,1,6,ROND POINT DE LA VICTOIR,0.0,0.0
201500001434,27,6,15,15,1,14,658,1,1,1,3,,0.0,0.0
201500001435,27,7,15,23,3,50,458,1,1,1,6,LES PONTS D'OUVE,49.3209,-1.26493
201500001436,3,10,15,14,1,50,99,1,2,1,3,ROUTE AMERICAINE,49.3104,-1.26232
201500001437,1,11,15,14,1,50,23,1,1,1,3,ROUTE DE BAUPTE,49.3021,-1.33909
201500001438,28,12,15,15,1,50,468,2,1,1,6,PLACE DE LA VAUTERIE,49.2201,-1.10227
201500001439,17,6,15,7,1,50,110,1,1,1,3,COTE DES ROCS,49.1854,-0.96036
201500001440,18,8,15,12,1,50,455,1,1,1,6,RUE DU PONT DE LA PIERRE,49.1973,-1.02797
201500001441,25,11,15,18,3,50,446,1,2,3,3,HOTEL GODARD,49.1301,-1.02644
201500001442,11,1,15,10,1,50,159,2,1,8,6,RUE DES TISSERANDS,49.0455,-1.22147
201500001443,4,2,15,23,3,50,180,1,1,1,6,LE GRAND CHEMIN,48.9983,-1.08845
201500001444,4,4,15,18,3,50,313,2,3,5,6,LA CROIX À LA MAIN,49.0282,-1.14439
201500001445,13,4,15,16,1,50,637,2,1,1,6,ROUTE D'HAMBYE,48.9602,-1.16767
201500001446,23,5,15,16,1,50,295,1,2,1,2,,48.9568,-1.20077
201500001447,9,6,15,10,1,50,637,1,1,1,3,LA TOURNERIE,48.9547,-1.16857
201500001448,3,7,15,11,1,50,637,1,1,1,1,LA BRETONNIERE,48.9591,-1.18682
201500001449,18,8,15,19,1,50,592,2,9,1,3,R ST PIERRE ET MIQUELON,48.9724,-1.05953
201500001450,18,5,15,7,1,94,54,1,1,1,4,R DE BARCELONE,48.7311,2.37036
201500001451,25,6,15,12,1,94,54,2,1,1,2,AV DE L'UNION,48.7292,2.36738
201500001452,1,7,15,16,1,94,54,2,1,1,4,R DE SEVILLE,48.7302,2.37125
201500001453,3,7,15,7,1,94,54,2,1,1,4,AV DE L'UNION,48.735,2.36649
201500001454,6,7,15,7,1,94,54,1,1,1,6,AV DE L'OUEST,48.7294,2.35963
201500001455,16,2,15,10,1,50,444,1,2,1,3,LES CHAMPS,49.0468,-0.96303
201500001456,9,7,15,10,1,94,54,2,1,1,2,PARKING P1,48.7285,2.36703
201500001457,11,7,15,20,4,94,54,2,1,1,2,R DU MUSÉE,48.731,2.36967
201500001458,19,7,15,23,5,94,54,1,1,1,2,A106,48.7354,2.36586
201500001459,31,7,15,15,1,94,54,2,1,1,6,AV DU SUD,48.7282,2.36551
201500001460,27,8,15,20,5,94,54,1,1,3,7,AV DE PARIS,48.7397,2.36432
201500001461,29,8,15,13,1,94,54,1,1,1,3,AV DE L'UNION,48.7327,2.36197
201500001462,12,9,15,9,1,94,54,1,1,2,5,AV DU SUD,48.73,2.36616
201500001463,15,9,15,18,1,94,54,1,1,1,4,AV DE L'AEROPORT,48.735,2.36556
201500001464,17,9,15,8,1,94,54,2,2,1,1,DEVAUX/AMSERTAM,48.7391,2.36966
201500001465,22,10,15,12,1,94,54,2,1,2,3,2  AV DU MARECHAL DEVAUX,48.7428,2.36942
201500001466,10,4,15,7,2,50,32,1,1,7,6,LA HOUESLIERE,49.097,-1.02674
201500001467,24,6,15,8,1,50,601,2,1,1,1,ROUTE DE ST LO,49.0418,-0.98642
201500001468,28,9,15,18,1,50,224,1,2,1,3,LES HAIES,48.9985,-0.93327
201500001469,5,11,15,21,5,94,54,2,1,8,4,AV DE L'OUEST,48.7287,2.36563
201500001470,26,12,15,5,2,94,54,2,1,1,6,R MARCEL ALBERT,48.7387,2.36512
201500001471,14,12,15,20,5,94,54,2,1,1,6,R DES TRANSPORTEURS,48.7285,2.35994
201500001472,11,9,15,18,1,50,616,2,3,1,3,R DES MARES/BD PASTEUR,48.6779,-1.36126
201500001473,9,10,15,11,1,50,406,1,1,1,6,LA LANSONNIERE,48.7186,-1.3256
201500001474,29,10,15,19,3,50,612,1,1,2,6,LA VAQUERIE,48.6718,-1.41252
201500001475,17,11,15,17,3,50,516,2,1,1,6,BOULEVARD DES VANIERS,48.6749,-1.35456
201500001476,19,11,15,18,1,50,25,2,1,1,7,RUE DU GENERAL DE GAULLE,48.6876,-1.36516
201500001477,18,12,15,7,3,50,288,1,1,8,6,L'ENCLOS,48.6803,-1.39477
201500001478,17,1,15,15,1,50,281,1,9,1,6,RUE SAINT JACQUES,48.7937,-1.39908
201500001479,6,3,15,11,1,50,276,1,3,1,2,LA VALLEE,48.7175,-1.40708
201500001480,5,4,15,6,2,50,565,1,6,1,6,,48.7506,-1.47089
201500001481,21,4,15,21,1,50,541,1,1,1,6,LES PAS,48.8367,-1.47501
201500001482,3,5,15,19,1,50,247,1,1,8,3,VILLAGE LE MESLIER,48.807,-1.40156
201500001483,27,6,15,18,1,50,38,1,6,1,3,LE SCION,48.8336,-1.3802
201500001484,10,7,15,11,1,50,66,1,1,1,1,ROUTE DU BOISLEREY,48.7756,-1.54683
201500001485,4,8,15,17,1,50,167,2,1,1,6,RUE DES FORGES,48.7115,-1.49693
201500001486,27,8,15,18,1,50,38,1,1,2,1,LE PONT NEUF,48.8364,-1.35431
201500001487,2,9,15,21,2,50,447,1,1,1,3,LA HUBERDIERE,48.7985,-1.52158
201500001488,12,9,15,2,3,50,276,1,1,1,6,LE HAUT PONT FOULT,48.7451,-1.41325
201500001489,20,9,15,3,3,50,406,1,1,1,7,LE PARC,48.7583,-1.29045
201500001490,10,11,15,7,2,50,361,1,1,8,5,LES GOSNEELS,48.7673,-1.36396
201500001491,28,11,15,14,1,50,276,1,2,1,3,LA CROIX DU GROS CHENE,48.7485,-1.40631
201500001492,28,2,15,19,3,50,168,1,1,3,6,LE CLOS LEGER,48.6166,-1.26685
201500001493,19,3,15,9,1,50,410,1,1,1,1,ROUTE DU MT SAINT MICHEL,48.6053,-1.51122
201500001494,29,5,15,16,1,50,630,1,2,1,6,LA CROIX AUX PRETRES,48.5294,-1.3948
201500001495,12,8,15,21,5,50,146,2,1,8,2,LE BOURG,48.6281,-1.40926
201500001496,23,1,15,12,1,50,158,1,1,1,1,LA PONTERIE,48.7221,-1.11501
201500001497,10,4,15,20,2,50,74,1,1,2,1,LE PONT DE PIERRE,48.7146,-1.17902
201500001498,10,6,15,18,1,50,74,1,3,1,2,LE PONT ROULLAND,48.7221,-1.15071
201500001499,1,8,15,11,1,50,453,1,3,1,3,LE GUERIANT,48.832,-1.20275
201500001500,15,8,15,17,1,50,118,2,1,1,6,,48.8337,-1.31946
201500001501,25,8,15,9,1,50,525,1,1,2,1,L'AUBRIERE,48.7644,-1.00625
201500001502,28,9,15,17,1,50,453,1,2,7,3,AV EMILE LECHARPENTIER,48.8318,-1.17251
201500001503,24,12,15,12,1,50,453,2,2,3,3,,48.8483,-1.20893
201500001504,11,1,15,10,1,50,41,1,1,7,5,LE CHATEAU,49.6709,-1.8541
201500001505,5,5,15,6,1,50,1,1,2,2,3,ROUTE DES PELLES,49.601,-1.745
201500001506,30,6,15,13,1,50,643,2,1,1,1,ROUTE DE LES PIEUX,49.5655,-1.73259
201500001507,11,2,15,14,1,50,369,2,1,1,3,LE BOURG,49.4899,-1.54781
201500001508,20,7,15,20,1,50,418,1,1,2,3,,49.4951,-1.67094
201500001509,24,7,15,15,1,50,402,2,1,3,6,ROND POINT DE LA MAIRIE,49.5133,-1.80833
201500001510,4,8,15,11,1,50,31,2,1,1,6,PLACE DE LA MAIRIE,49.3821,-1.75576
201500001511,25,10,15,13,1,50,184,2,3,1,1,ROUTE DU CHATEAU,49.5282,-1.87362
201500001512,30,11,15,12,1,50,82,2,1,6,6,ROUTE DE BARNEVILLE,49.4665,-1.63739
201500001513,18,5,15,19,1,50,400,2,7,1,6,PLACE DU GENERAL DE GAUL,49.3791,-1.42185
201500001514,29,6,15,22,1,50,509,1,1,1,6,LA VIENVILLE,49.3998,-1.20041
201500001515,14,1,15,9,1,50,595,1,1,8,6,ROUTE DE SAINT PIERRE,49.6033,-1.47076
201500001516,28,2,15,5,3,50,150,1,1,8,7,LE LASNIER,49.5503,-1.31855
201500001517,20,5,15,20,1,50,615,1,1,1,3,LE GENESTEL,49.4972,-1.46004
201500001518,2,6,15,8,1,50,615,2,1,2,6,BOULEVARD FELIX BUHOT,49.5101,-1.47457
201500001519,17,9,15,19,1,50,87,1,1,1,5,HAMEAU AUX PETITS,49.5589,-1.63001
201500001520,10,11,15,13,1,50,196,1,1,1,6,,49.6848,-1.28207
201500001521,12,12,15,12,1,50,588,1,1,1,1,LE MONT VALOGNES,49.5464,-1.49017
201500001522,22,12,15,19,3,50,395,1,1,6,2,,49.6102,-1.2927
201500001523,30,1,15,9,1,50,345,1,1,4,6,ROUTE DE PERIERS,49.0988,-1.41725
201500001524,1,2,15,11,1,50,44,1,1,2,6,,49.0658,-1.34308
201500001525,20,6,15,0,3,50,58,1,1,1,7,RUE DU SENEQUET,49.08,-1.58704
201500001526,7,8,15,3,3,50,111,1,1,1,7,,49.0312,-1.28056
201500001527,8,11,15,6,3,50,58,1,1,1,6,LA CLERQUERIE,49.0828,-1.53844
201500001528,12,11,15,19,5,50,111,2,3,1,1,LE BOURG,49.026,-1.28354
201500001529,13,12,15,19,3,50,389,2,4,1,6,LES FORGES DURAND,49.0179,-1.39205
201500001530,3,2,15,13,1,50,266,1,2,1,3,HOTEL AU GENDRE,48.924,-1.41587
201500001531,9,5,15,16,1,50,8,1,1,1,3,ROUTE DES DEUX PONTS,48.8495,-1.51897
201500001532,13,5,15,12,1,50,255,1,3,1,3,,48.9942,-1.46388
201500001533,16,5,15,17,1,50,76,2,1,1,1,RUE BRISELANCE,48.8996,-1.50928
201500001534,16,7,15,23,3,50,252,1,1,1,6,LE BULOT,48.8695,-1.44117
201500001535,6,8,15,9,1,50,252,1,1,2,6,LE CASTILLON,48.8853,-1.47385
201500001536,1,9,15,18,1,50,388,1,1,7,6,RUE DES FORGES,48.9986,-1.45979
201500001537,16,9,15,11,1,50,626,1,2,1,3,LA GAULERIE,48.8964,-1.37868
201500001538,4,10,15,16,1,50,197,1,1,1,5,,48.9095,-1.33363
201500001539,16,10,15,9,1,50,252,2,2,2,3,RUE DE  LA LIBERATION,48.8695,-1.43093
201500001540,22,11,15,5,3,50,549,1,1,1,6,ROUTE DU BOCAGE,48.8363,-1.44383
201500001541,26,11,15,19,5,50,231,1,1,1,6,,48.9762,-1.56141
201500001542,3,12,15,13,1,50,255,1,9,1,1,RUE DE LA SIENNE,48.9911,-1.46739
201500001543,9,12,15,10,1,50,109,1,1,1,5,LA PARONNE,48.9114,-1.45036
201500001544,12,4,15,14,1,50,364,1,2,1,3,,49.1221,-1.48915
201500001545,24,1,15,4,5,50,267,2,6,3,6,,49.2122,-1.52871
201500001546,27,2,15,21,2,50,267,1,3,1,6,,49.2092,-1.5009
201500001547,19,4,15,12,1,50,415,1,1,1,7,,49.3151,-1.47118
201500001548,23,4,15,16,1,50,328,1,2,1,3,LA BAILHACHERIE,49.2057,-1.43668
201500001549,9,5,15,17,1,50,403,2,2,1,3,R. FERDINAND DESPLANQUES,49.1672,-1.59673
201500001550,4,7,15,21,1,50,181,1,1,1,6,L'ANTILLERE,49.1419,-1.33357
201500001551,4,7,15,20,1,50,528,1,1,1,6,LES CLOUTIERS,49.3153,-1.57964
201500001552,10,7,15,7,2,50,343,1,1,1,6,LA HURIE,49.2857,-1.59607
201500001553,14,10,15,9,2,50,550,1,1,1,6,LE HAUT BOURG,49.1241,-1.4145
201500001554,20,11,15,17,2,50,558,2,1,1,3,AV DES COTES DES ISLES,49.2938,-1.55473
201500001555,26,1,15,10,1,50,582,2,2,2,3,ROUTE DE CLERISSON,48.7239,-0.93017
201500001556,6,2,15,17,1,50,200,1,1,1,6,LES VIEUX GUES,48.6709,-0.84493
201500001557,3,2,15,6,5,50,494,2,1,1,6,,48.6082,-0.90841
201500001558,6,4,15,14,1,50,456,1,1,7,6,LES GIGANNIERES,48.6622,-0.87113
201500001559,18,5,15,8,1,50,494,1,1,1,6,LA MARETTE,48.6017,-0.90303
201500001560,2,8,15,15,1,50,88,1,1,1,6,LE GRAND MOULIN,48.732,-0.96925
201500001561,2,2,15,11,1,50,274,1,1,1,4,,48.5648,-1.09484
201500001562,24,2,15,20,3,50,256,1,2,1,3,,48.5943,-1.23061
201500001563,11,1,15,19,5,10,53,2,1,1,6,"23, CHALLES (ALLEE)",46.21083,5.23659
201500001564,14,1,15,14,1,10,451,1,1,1,1,RD1083,46.24581,5.27021
201500001565,25,3,15,15,1,10,53,2,7,2,6,"1, BIBLIOTHEQUE ( RUE DE",46.20639,5.2269
201500001566,17,1,15,14,1,10,53,2,1,1,6,"14, CHALLES (ALLEE)",46.20616,5.23014
201500001567,4,4,15,17,1,10,53,2,3,2,1,"0, MOUTHIER ( RUE LOUIS)",46.18488,5.23802
201500001568,19,1,15,16,2,10,53,2,3,2,6,1 ECOLE NORMALE (RUE DE),46.19597,5.21665
201500001569,7,4,15,6,2,10,53,2,1,1,3,"110, BROU ( BD N?68 A 18",46.2008,5.23278
201500001570,19,1,15,17,5,10,53,2,1,2,6,"18, LALANDE ( RUE)",46.20372,5.22332
201500001571,9,4,15,9,1,10,53,2,2,7,6,HUGO ( BD VICTOR) PAIR,0.0,0.0
201500001572,21,1,15,7,5,10,53,2,1,2,6,AVENUE DE LYON,46.19296,5.21327
201500001573,10,4,15,13,1,10,53,2,1,1,6,SEMARD ( AVENUE PIERRE),46.19771,5.21624
201500001574,26,1,15,12,1,10,53,2,1,2,6,8 MAI 1945 ( BD DU),46.19516,5.23004
201500001575,10,4,15,14,1,10,451,2,6,1,3,PARIS (ROUTE DE),0.0,0.0
201500001576,31,1,15,8,1,10,53,2,6,2,3,TERRASSON ( RUE PIERRE),46.19011,5.2296