Num_Acc,jour,mois,an,hr,condition_eclairage,departement,commune,condition_agglomeration,intersection,condition_atmosphere,type_collision,adresse,lattitude,longitude
201500001577,14,4,15,14,1,10,289,2,1,1,6,"923, LYON ( AVE DE) A PA",0.0,0.0
201500001578,3,2,15,8,2,10,53,2,2,5,6,HUCHET ( BOULEVARD EMILE,46.19541,5.22524
201500001579,15,4,15,17,1,10,53,2,1,1,3,"11, JOLIOT CURIE ( BOULE",0.0,0.0
201500001580,3,2,15,6,2,10,53,1,9,8,6,MERCIER (AVENUE AMEDEE D,0.0,0.0
201500001581,17,4,15,12,1,10,53,2,1,1,6,"05, JOLIOT CURIE ( BOULE",0.0,0.0
201500001582,4,2,15,7,5,10,53,2,3,1,6,HERRIOT ( BOULEVARD EDOU,0.0,0.0
201500001583,18,4,15,17,1,10,53,2,1,1,7,"1, DE GAULLE ( BD GAL) I",46.19995,5.24117
201500001584,12,2,15,13,1,10,53,2,1,1,1,Ave ARSENE D'ARSONVAL,46.21611,5.22045
201500001585,21,4,15,16,1,10,344,1,2,1,3,"snr, DOMBES (AVENUE DE L",0.0,0.0
201500001586,21,4,15,12,1,10,53,2,6,1,3,"SANS, POMPIDOU ( ROND PO",46.20741,5.22893
201500001587,16,2,15,8,1,10,451,1,1,5,1,Route de Meillonnas,0.0,0.0
201500001588,20,2,15,19,5,10,53,2,9,1,6,"18, MAGINOT ( AVENUE ) D",0.0,0.0
201500001589,28,4,15,9,1,10,53,2,9,1,6,"55, LOEZE ( RUE DE )",46.20198,5.24858
201500001590,28,4,15,12,1,10,53,2,3,1,1,"sans, HERRIOT ( BOULEVAR",0.0,0.0
201500001591,25,2,15,14,1,10,451,1,1,1,4,PARIS (ROUTE DE),46.22629,5.20532
201500001592,2,3,15,17,2,10,451,2,4,1,3,SOURCE (RUE DE LA),46.21485,5.2126
201500001593,5,5,15,13,1,10,53,2,2,1,3,"SANS, LEVRIER ( BD ANDRE",46.20969,5.23015
201500001594,3,3,15,12,1,10,53,2,2,1,3,"0, KENNEDY BVD J  - IMPA",0.0,0.0
201500001595,11,5,15,23,5,10,53,2,2,1,3,"snr, BROU ( BD N°68 A 18",46.20206,5.23175
201500001596,9,3,15,12,1,10,53,2,2,1,3,ALBERT 1ER (RUE),46.20666,5.23309
201500001597,26,5,15,17,1,10,53,2,2,1,6,"12, SEMARD ( AVENUE PIER",46.2002,5.21545
201500001598,10,3,15,8,1,10,344,2,1,1,5,TREVOUX (AVENUE DE),0.0,0.0
201500001599,29,5,15,13,1,10,53,2,2,1,3,"2 TER, BERT (AVENUE PAUL",46.20195,5.22072
201500001600,17,3,15,7,1,10,451,1,2,1,3,"SANS, GREFFETS ( ROUTE D",46.24992,5.20585
201500001601,2,6,15,8,1,10,53,2,1,1,2,"4, LITTRE ( RUE)",46.20286,5.22836
201500001602,26,1,15,15,1,61,394,1,1,2,1,,48.29151,0.58735
201500001603,3,6,15,13,1,10,344,2,1,1,6,"47, MONTBELIARDE (RUE DE",46.21459,5.20387
201500001604,8,6,15,17,1,10,53,2,3,1,6,"10, HUGO ( BD VICTOR) PA",0.0,0.0
201500001605,13,6,15,19,1,10,344,2,1,1,2,"338, CHARPINE (RUE DE LA",46.19786,5.20338
201500001606,24,6,15,14,1,10,53,2,2,1,3,KENNEDY BVD J  - IMPAIR,0.0,0.0
201500001607,26,6,15,7,1,10,451,1,1,1,5,STRASBOURG (ROUTE DE),0.0,0.0
201500001608,26,6,15,10,1,10,53,1,2,1,3,SEILLON ( ROUTE DE),46.17666,5.23423
201500001609,1,7,15,12,1,10,53,2,6,7,3,"12, PAQUERETTES ( CHEMIN",46.2176,5.22767
201500001610,2,7,15,16,1,10,53,1,3,1,3,MONTHOLON (RUE) IMPAIR,46.1989,5.21049
201500001611,6,7,15,19,1,10,53,2,1,1,6,"5, CLAVAGRY ( RUE)",46.20418,5.22411
201500001612,9,7,15,16,1,10,289,2,1,1,1,"2375, LYON ( AVE DE) A P",46.1731,5.19831
201500001613,18,7,15,9,1,10,53,2,6,1,6,2 av du champ de foire,46.2074,5.22914
201500001614,23,7,15,12,1,10,53,2,2,1,3,"sans, LEVRIER (BD ANDRE)",0.0,0.0
201500001615,23,7,15,23,5,10,451,2,2,1,3,"436, GELIERE ( CHEMIN DE",46.2441,5.21939
201500001616,2,8,15,13,1,10,53,2,3,1,6,"snr, CROIX BLANCHE ( RUE",46.21034,5.25867
201500001617,4,8,15,15,1,10,289,1,2,1,3,"SANS, FORET DE SEILLON (",0.0,0.0
201500001618,28,8,15,13,1,10,53,2,5,1,6,"snr, KENNEDY BVD J  - IM",0.0,0.0
201500001619,29,8,15,9,1,10,289,1,3,1,2,"snr, SAINT ROCH (CHEMIN",46.19303,5.22361
201500001620,4,9,15,18,1,10,451,1,2,1,3,STRASBOURG (ROUTE DE),0.0,0.0
201500001621,16,9,15,9,1,10,53,1,1,2,7,LAC ( route du ),46.19224,5.27112
201500001622,16,9,15,12,1,10,53,2,2,1,3,"SNR, ALSACE LORRAINE (AV",46.2041,5.22417
201500001623,19,9,15,20,5,10,53,2,6,2,3,"snr, SAINT ROCH (RUE)",46.1936,5.22508
201500001624,22,9,15,7,1,10,53,1,1,1,7,"snr, LAC ( route du )",46.19222,5.271
201500001625,23,9,15,11,1,10,53,2,5,8,3,"sans, KENNEDY BVD J  - P",0.0,0.0
201500001626,28,9,15,17,1,10,53,2,2,1,6,"245, HUIT MAI 1945 ( BD",46.1956,5.2369
201500001627,29,9,15,17,1,10,53,2,1,1,3,"18, MONTESQUIEU (RUE)",46.18933,5.22715
201500001628,1,10,15,17,1,10,53,2,2,1,5,MERCIER (AVENUE AMEDEE D,0.0,0.0
201500001629,2,10,15,8,1,10,53,2,2,1,2,"11, MAGINOT ( AVENUE ) D",46.20795,5.22759
201500001630,7,10,15,22,5,10,53,2,2,2,3,VERNE (AVENUE JEAN MARIE,46.19543,5.22519
201500001631,9,10,15,21,5,10,53,2,1,1,2,"55, JAURES (AVENUE JEAN",46.1977,5.21675
201500001632,10,10,15,10,1,10,53,2,3,5,6,TEYSSONNIERE ( RUE DU CO,46.1969,5.21461
201500001633,15,10,15,14,1,10,53,2,6,2,2,MARBOZ (route de - PAIRS,46.2284,5.22936
201500001634,21,10,15,14,1,10,344,1,3,1,3,"SANS, TREVOUX (AVENUE DE",46.1984,5.17531
201500001635,25,10,15,14,1,10,53,2,9,1,3,SEMARD (AVENUE PIERRE),46.20052,5.21534
201500001636,3,11,15,19,5,10,53,2,3,1,3,"47, MAGINOT AVENUE ) DE",46.21056,5.22275
201500001637,6,11,15,14,1,10,289,1,2,1,3,"snr, BOULEAUX ( CHEMIN D",46.17672,5.23421
201500001638,7,11,15,19,5,10,53,2,5,1,2,"SANS, JOLIOT CURIE ( BOU",46.20799,5.23588
201500001639,22,11,15,14,1,10,53,2,6,8,3,bd Paul Valery,46.1951,5.22951
201500001640,25,11,15,17,5,10,53,2,6,3,6,"64, MERCIER (AVENUE AMED",46.20274,5.24511
201500001641,11,12,15,18,5,10,53,2,3,1,3,"04, CHAMP DE FOIRE ( AVE",46.2071,5.22983
201500001642,13,12,15,18,5,10,53,2,7,1,6,"SANS, NEUVE ( PLACE)",46.20547,5.22686
201500001643,16,12,15,10,1,10,53,2,2,1,3,ROBIN (RUE CHARLES),0.0,0.0
201500001644,22,12,15,23,5,10,53,2,1,1,7,VERNE (AVENUE JEAN MARIE,46.19714,5.22554
201500001645,28,9,15,15,1,61,382,2,1,1,1,,48.45795,-0.06074
201500001646,6,11,15,12,1,61,213,1,1,2,1,,48.47516,-0.11831
201500001647,6,1,15,18,3,61,284,1,1,5,1,,48.60119,0.31826
201500001648,13,1,15,6,3,61,249,1,1,1,1,,48.65386,0.03949
201500001649,26,1,15,14,1,61,294,1,1,1,6,,48.63519,0.08027
201500001650,8,3,15,20,3,61,412,1,1,1,1,,48.47989,0.39225
201500001651,27,3,15,17,1,61,156,2,4,1,6,Carrefour D42 et D326,48.5412,0.24643
201500001652,6,5,15,8,1,61,464,2,1,2,4,8 rue du 8 mai 1945,48.59552,0.17049
201500001653,1,8,15,10,1,61,249,1,4,1,3,,48.65983,0.02469
201500001654,16,8,15,17,1,61,258,1,1,1,6,,48.50689,0.3789
201500001655,20,9,15,19,1,61,166,1,2,1,3,,48.63735,0.41051
201500001656,23,11,15,10,1,61,481,1,3,1,3,,48.63296,0.39655
201500001657,14,12,15,14,1,61,415,1,1,1,7,,48.50783,0.32788
201500001658,5,1,15,19,3,61,283,1,1,5,1,,48.80027,-0.09908
201500001659,15,2,15,6,3,61,474,1,1,5,7,,48.77639,0.07002
201500001660,3,3,15,17,1,61,371,1,3,1,2,,48.68024,-0.1721
201500001661,9,7,15,16,1,61,344,1,1,1,6,,48.63062,-0.21613
201500001662,13,8,15,19,1,61,339,1,1,2,1,,48.77279,-0.24908
201500001663,23,9,15,17,1,61,199,1,2,1,3,,48.78631,0.16158
201500001664,16,9,15,13,1,61,83,1,1,1,6,,48.80212,0.12239
201500001665,1,2,15,2,3,61,460,2,7,2,6,,48.89442,0.33807
201500001666,7,2,15,18,2,61,108,1,2,1,3,,48.79593,0.35916
201500001667,10,2,15,17,3,61,310,1,1,1,7,,48.68603,0.21146
201500001668,26,4,15,19,2,61,493,1,1,3,7,,48.81809,0.36818
201500001669,9,5,15,8,1,61,103,1,1,1,1,,48.82902,0.33399
201500001670,12,6,15,20,1,61,131,1,1,1,1,,48.7632,0.24505
201500001671,12,7,15,12,1,61,385,1,2,1,2,,48.79472,0.34433
201500001672,5,9,15,19,1,61,110,1,1,3,6,,48.72558,0.17404
201500001673,8,10,15,12,1,61,508,2,1,1,1,10 Avenue des Canadiens,48.92138,0.19925
201500001674,9,5,15,18,1,61,201,1,1,1,7,,48.61047,-0.63094
201500001675,9,6,15,6,1,61,421,1,2,1,1,,48.54562,-0.71017
201500001676,22,9,15,20,3,61,369,1,1,1,2,,48.66043,-0.60656
201500001677,28,9,15,18,1,61,145,2,1,7,6,Rue de la gare,48.59058,-0.65817
201500001678,26,10,15,18,2,61,75,1,3,1,5,,48.51489,-0.64194
201500001679,6,11,15,19,3,61,163,2,3,2,3,La Collinière,48.66182,-0.05135
201500001680,6,12,15,14,1,61,75,1,2,8,1,,48.47465,-0.62542
201500001681,21,12,15,13,1,61,369,1,1,1,5,,48.64859,-0.61932
201500001682,26,12,15,16,2,61,163,2,3,1,1,RUE DE BRIOUZE,48.66472,-0.51595
201500001683,22,3,15,15,1,61,463,1,1,1,6,,48.62746,-0.42775
201500001684,1,4,15,10,1,61,168,2,2,8,3,,48.5903,-0.35938
201500001685,10,7,15,13,1,61,63,2,3,1,3,grande rue,48.69722,-0.36888
201500001686,20,7,15,16,1,61,96,1,1,1,1,,48.53097,-0.46244
201500001687,10,8,15,8,1,61,168,2,2,1,6,D 916,48.59131,-0.36628
201500001688,25,9,15,23,3,61,332,1,1,1,1,,48.70499,-0.34063
201500001689,14,10,15,18,2,61,431,2,1,2,6,16 rue de la forge,48.58399,-0.41679
201500001690,23,11,15,8,1,61,463,1,2,1,3,,48.63546,-0.39352
201500001691,24,11,15,10,2,61,168,1,5,2,3,,48.56148,-0.39562
201500001692,31,12,15,14,1,61,94,2,1,1,3,28 Rue des brousses,48.70527,-0.58637
201500001693,30,1,15,13,1,61,94,1,1,1,7,,48.69584,-0.60572
201500001694,8,3,15,0,3,61,513,1,1,1,7,,48.71369,-0.77344
201500001695,5,6,15,18,1,61,486,1,1,1,3,,48.75412,-0.73432
201500001696,30,6,15,15,1,61,443,1,1,1,6,,48.73512,-0.63935
201500001697,24,9,15,14,1,61,69,1,2,2,3,,48.8447,-0.4503
201500001698,22,10,15,20,3,61,486,1,1,1,1,,48.76849,-0.74196
201500001699,31,10,15,23,3,61,221,1,1,1,1,,48.74405,-0.47446
201500001700,17,12,15,14,1,61,70,1,1,1,6,,48.81274,-0.60123
201500001701,30,12,15,19,3,61,7,1,1,1,6,,48.77383,-0.5096
201500001702,5,3,15,17,1,61,414,2,1,1,6,27 RUE DE LA POUDRIERE,48.51351,0.54691
201500001703,12,3,15,13,1,61,97,1,1,1,1,,48.47635,0.67031
201500001704,26,5,15,12,1,61,293,2,1,1,6,Rue Pierre Boucher,48.52197,0.54543
201500001705,22,6,15,10,1,61,293,2,1,1,6,58 rue des déportés,48.51817,0.54897
201500001706,17,7,15,18,1,61,438,1,1,1,2,,48.5906,0.48175
201500001707,28,7,15,16,1,61,450,1,1,2,1,,48.46614,0.41498
201500001708,30,10,15,1,3,61,475,1,1,1,6,,48.6391,0.58321
201500001709,2,11,15,18,5,61,255,2,1,1,3,rue catinat,48.44933,0.62077
201500001710,12,12,15,18,3,61,229,1,1,1,6,,48.51286,0.59782
201500001711,12,7,15,6,2,61,246,1,1,1,6,,48.26916,0.77149
201500001712,19,9,15,15,1,61,5,1,1,1,1,,48.35658,0.55895
201500001713,21,9,15,23,3,61,426,1,1,3,6,,48.35273,0.52247
201500001714,17,12,15,18,3,61,337,1,2,1,1,,48.32839,0.73077
201500001715,10,1,15,19,5,61,457,2,6,2,6,RUE DE SAINT EVROULT,48.78844,0.58239
201500001716,29,4,15,12,1,61,506,2,1,1,7,,48.85814,0.45767
201500001717,30,5,15,12,1,61,208,1,1,1,7,,48.68022,0.69843
201500001718,20,6,15,18,1,61,456,1,1,1,7,,48.7785,0.66269
201500001719,8,8,15,22,3,61,432,1,6,1,6,,48.75916,0.67476
201500001720,16,8,15,12,1,61,456,2,6,1,3,Lieu-dit Anglures,48.76105,0.64136
201500001721,18,9,15,17,1,61,440,1,1,2,7,,48.72763,0.62145
201500001722,9,10,15,19,2,61,386,1,1,1,3,,48.79234,0.44047
201500001723,28,10,15,17,1,61,193,1,1,1,6,,48.81648,0.50409
201500001724,2,4,15,17,1,61,491,1,1,1,1,,48.59781,0.68341
201500001725,9,7,15,20,1,61,206,2,1,1,6,lieu-dit La Motte,48.59673,0.72367
201500001726,7,8,15,20,1,61,116,2,8,1,3,RD 10,48.3822,0.84746
201500001727,8,8,15,3,3,61,230,1,1,1,7,,48.53613,0.74011
201500001728,19,8,15,17,1,61,61,1,1,8,7,,48.44188,0.88141
201500001729,27,8,15,16,1,61,343,1,1,3,1,,48.6341,0.6792
201500001730,2,11,15,17,2,61,345,2,1,1,6,RUE DE MONTHUE,48.42891,0.76646
201500001731,15,1,15,8,3,44,172,2,1,3,6,RUE LOUIS ARMAND,47.2639,-1.48762
201500001732,27,3,15,7,1,44,172,2,3,1,3,71 rue Louis Gaudin,47.2587,-1.48749
201500001733,10,4,15,0,5,44,109,1,1,1,1,,47.271,-1.47728
201500001734,21,11,15,17,1,44,204,2,1,1,6,rue du saule blanc,47.2651,-1.44243
201500001735,18,9,15,14,1,44,142,1,1,3,1,genicot,47.04146,-1.41539
201500001736,9,4,15,15,1,44,26,1,1,1,3,,47.2868,-1.44494
201500001737,8,11,15,3,5,44,26,1,1,1,1,rue de la madeleine,47.267,-1.495
201500001738,24,11,15,12,1,44,26,2,1,2,3,rue de chambord,47.2764,-1.48222
201500001739,30,1,15,21,5,44,43,1,1,8,7,cours marches bretagne,47.08331,-1.28484
201500001740,11,2,15,16,1,44,43,2,6,1,3,Route de St Hilaire,47.087,-1.287
201500001741,6,3,15,21,3,44,127,1,1,1,6,La basse sauvagère,0.0,0.0
201500001742,20,3,15,15,1,44,142,1,1,2,1,la chalénie,47.02912,-1.40515
201500001743,16,4,15,16,1,44,43,2,3,1,3,route de gorges,47.098,-1.289
201500001744,6,5,15,20,2,44,100,2,1,1,7,32 rue de la mairie,47.12962,-1.35351
201500001745,4,6,15,7,1,44,64,1,2,1,1,le carteron,47.122,-1.295
201500001746,16,5,15,8,3,44,22,1,1,1,6,,47.0457,-1.12285
201500001747,6,7,15,7,1,44,22,1,1,7,1,la moussaudière,47.04286,-1.16872
201500001748,19,9,15,20,2,44,100,1,1,1,2,,47.10974,-1.33871
201500001749,21,10,15,9,1,44,2,2,1,1,6,,47.07669,-1.40052
201500001750,3,1,15,9,1,44,155,1,1,2,1,La roussière,47.01582,-1.58875
201500001751,9,1,15,7,3,44,188,1,1,3,6,,47.039,-1.656
201500001752,1,2,15,13,1,44,81,1,1,1,2,la nouette,46.918,-1.548
201500001753,6,2,15,18,3,44,188,1,1,1,6,les grolles,47.059,-1.574
201500001754,13,1,15,10,1,44,206,2,1,2,6,rue du general charette,46.903,-1.676
201500001755,18,3,15,18,2,44,174,1,2,1,3,beausoleil,47.04807,-1.728
201500001756,19,6,15,22,3,44,41,1,1,1,2,,47.09731,-1.55431
201500001757,21,8,15,20,1,44,188,1,1,1,1,le maupas,47.0074,-1.65695
201500001758,5,1,15,8,1,44,32,1,2,1,1,Les gautronnières,47.16596,-1.34151
201500001759,17,5,15,9,1,44,212,1,2,1,1,la debaudière,47.14429,-1.25198
201500001760,23,7,15,14,1,44,212,1,1,1,6,,47.15499,-1.25765
201500001761,29,7,15,6,2,44,169,1,1,1,6,la mouronnière,47.2433,-1.44254
201500001762,27,7,15,11,1,44,141,1,1,1,1,l'énaudière,47.2459,-1.26115
201500001763,5,9,15,15,1,44,29,1,1,1,3,le chapitre,47.273,-1.331
201500001764,24,9,15,15,1,44,108,2,1,1,6,route de la vendée,47.13819,-1.28236
201500001765,27,9,15,13,1,44,212,1,1,1,1,la chevalerie,47.17476,-1.27866
201500001766,15,7,15,18,1,44,198,2,2,7,3,intersection D115 N137,47.14039,-1.52112
201500001767,3,10,15,17,1,44,198,1,1,1,1,rue de nantes,47.1515,-1.53448
201500001768,17,10,15,18,1,44,215,2,1,1,6,BOULEVARD LUC DEJOIE,47.169,-1.4578
201500001769,7,11,15,10,1,44,215,1,1,1,2,rte de la haye fouassièr,47.1622,-1.44445
201500001770,20,11,15,17,1,44,215,2,1,1,3,route de la gare,47.18061,-1.47526
201500001771,23,11,15,19,5,44,215,2,1,1,3,BOULEVARD DE L EUROPE,47.16886,-1.4662
201500001772,23,12,15,17,3,44,37,1,1,1,5,,0.0,0.0
201500001773,20,9,15,18,1,44,77,1,1,1,1,la ribaudière,47.49338,-1.42481
201500001774,8,6,15,7,2,44,96,1,1,1,1,le bois rution,47.40786,-1.21832
201500001775,12,7,15,19,1,44,17,1,1,1,1,la chaise,47.51263,-1.20591
201500001776,8,9,15,12,1,44,3,2,2,1,5,BD Jules Verne,47.38279,-1.17919
201500001777,2,10,15,8,1,44,180,1,1,1,1,4 rue de la charlotte,47.52528,-1.18028
201500001778,4,11,15,7,2,44,96,1,3,2,4,le pont esnault,47.42108,-1.29567
201500001779,20,11,15,18,3,44,213,1,1,2,6,,0.0,0.0
201500001780,31,12,15,13,1,44,4,1,1,1,6,,0.0,0.0
201500001781,23,12,15,21,3,44,117,1,1,1,1,,47.135,-1.327
201500001782,10,4,15,18,1,44,77,1,1,8,7,la malmandière,47.51813,-1.38212
201500001783,1,6,15,17,1,44,82,1,1,1,1,la bizetterie,47.42484,-1.36476
201500001784,11,6,15,15,1,44,28,1,2,1,3,la babonnière,47.33814,-1.34172
201500001785,2,8,15,17,1,44,82,2,1,1,6,300 rue des Lilas,47.41139,-1.37095
201500001786,5,10,15,14,1,44,77,1,1,2,1,ste marie,47.4813,-1.44817
201500001787,11,4,15,10,1,44,107,1,1,1,7,le boulay,47.42753,-1.33983
201500001788,6,1,15,8,3,44,153,1,3,1,7,,47.71402,-1.48079
201500001789,30,1,15,8,2,44,78,1,1,9,7,aire du calvaire,47.68328,-1.1813
201500001790,9,2,15,8,1,44,146,1,2,1,3,la plumarie,0.0,0.0
201500001791,15,2,15,19,5,44,36,2,1,1,6,rue du faubourg de béré,47.72344,-1.38467
201500001792,13,4,15,13,1,44,36,2,6,1,3,Avenue du général Patton,47.70608,-1.38416
201500001793,6,5,15,23,3,44,199,2,6,1,6,D771,47.73939,-1.29777
201500001794,14,6,15,16,1,44,99,1,1,1,6,le pas hervé,47.62039,-1.41373
201500001795,22,6,15,10,1,44,31,1,1,1,3,,47.62985,-1.20504
201500001796,6,9,15,5,3,44,54,1,1,1,2,le breil,47.70019,-1.35142
201500001797,17,9,15,7,1,44,36,2,1,1,3,rue 27 otages,47.71942,-1.36274
201500001798,22,12,15,15,1,44,36,2,1,8,2,rue Alsace Lorraine,0.0,0.0
201500001799,4,1,15,12,1,44,67,1,1,8,6,Callac,47.61547,-1.82156
201500001800,22,1,15,23,3,44,111,2,1,9,6,lieudit l'épine,47.37076,-1.70444
201500001801,17,5,15,15,1,44,7,1,1,1,2,,47.63826,-1.98891
201500001802,18,5,15,9,1,44,15,1,1,1,1,la roziais,47.47106,-1.73776
201500001803,26,5,15,7,1,44,7,1,2,1,3,la clause,47.643,-1.97088
201500001804,7,6,15,9,1,44,56,2,1,1,3,27 rue MALAQUET,47.41066,-1.79487
201500001805,8,6,15,16,1,44,185,2,1,1,6,AVENUE JEAN BUREL,47.64535,-2.07562
201500001806,23,6,15,21,2,44,15,1,1,1,1,le port d'o,47.46857,-1.83713
201500001807,5,7,15,18,1,44,67,1,1,1,7,la fontaine,47.69053,-1.83786
201500001808,10,7,15,13,1,44,56,1,1,1,1,le retentais,0.0,0.0
201500001809,31,7,15,12,1,44,62,1,1,1,7,la maillardais,47.52615,-1.76771
201500001810,2,8,15,16,1,44,23,1,2,1,3,Saint-Eloi,47.41699,-1.89421
201500001811,23,8,15,5,1,44,67,1,1,2,6,le port jarnier,47.62859,-1.86957
201500001812,5,9,15,11,1,44,15,1,3,7,3,la desertais,47.46099,-1.83327
201500001813,21,9,15,9,1,44,67,1,1,5,1,le pont de la rondelle,47.6284,-1.85859
201500001814,9,10,15,18,1,44,23,1,1,1,5,,47.44857,-1.86413
201500001815,16,10,15,11,1,44,44,1,2,1,1,,47.64312,-1.76787
201500001816,10,11,15,0,5,44,185,2,1,1,6,rue des Chênes,0.0,0.0
201500001817,9,11,15,12,1,44,7,1,1,1,7,,0.0,0.0
201500001818,7,12,15,4,5,44,185,1,6,9,7,,0.0,0.0
201500001819,29,1,15,8,2,44,73,2,1,8,6,Rue de l'Ocean,47.41377,-1.65335
201500001820,4,2,15,4,3,44,122,1,1,1,6,la riotelière,47.41896,-1.43708
201500001821,14,2,15,11,1,44,110,1,2,1,1,Le rondeau,47.41826,-1.51967
201500001822,17,3,15,18,1,44,110,2,1,1,6,route d'héric,47.43751,-1.50103
201500001823,25,3,15,15,1,44,122,1,1,1,1,marchanderie boudinière,47.43034,-1.45824
201500001824,12,5,15,7,1,44,179,1,3,1,1,la noe,47.34947,-1.46491
201500001825,20,5,15,3,3,44,179,1,1,1,6,beauchene,47.35782,-1.45777
201500001826,29,5,15,19,1,44,27,1,1,1,1,la linière,47.39459,-1.54475
201500001827,2,10,15,20,5,44,110,2,6,1,3,Quai Saint Georges,47.43981,-1.49441
201500001828,20,10,15,19,3,44,73,1,1,1,2,l'écobut,47.44768,-1.64539
201500001829,1,11,15,5,3,44,73,1,1,1,7,la remaudais,47.45007,-1.66546
201500001830,2,12,15,12,1,44,73,1,2,1,3,,0.0,0.0
201500001831,23,12,15,18,5,44,110,2,1,1,6,Boulevard Paul Doumer,0.0,0.0
201500001832,26,12,15,19,3,44,73,1,2,1,3,,0.0,0.0
201500001833,17,2,15,23,3,44,113,1,1,1,6,,47.56214,-1.58675
201500001834,26,4,15,16,1,44,113,1,1,1,6,Le petit perray,47.55519,-1.61559
201500001835,5,2,15,8,5,44,18,2,1,1,6,rue de Pornic,47.14391,-1.69352
201500001836,21,3,15,0,1,44,39,1,1,1,1,,47.18702,-1.80283
201500001837,12,4,15,14,1,44,171,1,1,1,7,la chausserie,47.1492,-1.69906
201500001838,17,5,15,16,1,44,130,1,1,1,2,la malabrit,47.10944,-1.54267
201500001839,16,7,15,19,1,44,150,1,1,1,3,rte de la groizonnerie,47.131,-1.62312
201500001840,11,8,15,16,1,44,130,1,1,2,7,,47.14273,-1.57212
201500001841,21,8,15,15,1,44,101,1,6,1,3,,47.1765,-1.6797
201500001842,12,9,15,17,3,44,130,1,1,1,6,rue des trois moulins,47.14953,-1.56133
201500001843,22,9,15,8,1,44,18,1,1,2,3,,47.1486,-1.64149
201500001844,26,10,15,1,5,44,130,1,1,2,6,la bauche tue loup,47.13876,-1.55202
201500001845,23,11,15,17,2,44,130,2,1,1,6,Rue de Nantes - D65,0.0,0.0
201500001846,7,5,15,17,1,44,126,2,1,1,7,23 boulevard de la prée,47.15047,-2.22393
201500001847,30,5,15,22,5,44,40,2,1,1,3,rue de pornic,47.11962,-1.92259
201500001848,6,6,15,20,1,44,131,1,1,1,6,la gauvinière,47.12069,-2.1575
201500001849,20,8,15,11,1,44,164,1,1,1,3,noyeux,47.076,-1.885
201500001850,27,9,15,9,1,44,126,1,1,1,2,chantepie,47.13315,-2.16434
201500001851,27,9,15,18,1,44,131,1,1,1,3,,47.10924,-2.04815
201500001852,5,10,15,9,1,44,40,1,1,1,1,,47.12502,-1.92406
201500001853,6,10,15,12,1,44,164,1,2,2,1,la carrouère,47.07449,-1.88965
201500001854,17,10,15,22,3,44,164,1,1,1,1,,47.08405,-1.85948
201500001855,2,12,15,8,2,44,131,1,1,1,1,,0.0,0.0
201500001856,12,1,15,7,5,44,116,2,1,1,3,Boulevard Dumesnildot,47.2868,-2.02772
201500001857,22,4,15,13,1,44,38,1,1,1,1,la lande des vents,47.18929,-1.99054
201500001858,29,5,15,4,3,44,154,1,1,1,2,,47.20007,-2.14774
201500001859,20,6,15,12,1,44,192,1,3,1,3,la ville en bois,47.27648,-2.01167
201500001860,24,6,15,20,1,44,61,1,1,1,6,le grand patureau,47.25448,-1.93142
201500001861,5,7,15,16,1,44,182,1,1,1,5,,47.17884,-2.14509
201500001862,20,8,15,18,1,44,154,2,3,1,3,Avenue Raymond Poincare,47.2567,-2.16026
201500001863,9,9,15,10,1,44,46,1,1,1,4,le petit perret,47.27663,-2.07953
201500001864,1,10,15,21,3,44,61,1,2,1,3,,0.0,0.0
201500001865,4,10,15,20,3,44,61,1,1,2,6,,47.2526,-1.95715
201500001866,31,10,15,4,3,44,192,1,1,1,6,la grande voirie,47.25126,-1.98771
201500001867,16,12,15,9,1,44,46,1,1,2,5,,0.0,0.0