Num_Acc,jour,mois,an,hr,condition_eclairage,departement,commune,condition_agglomeration,intersection,condition_atmosphere,type_collision,adresse,lattitude,longitude
201500001868,17,2,15,16,2,44,87,1,1,1,6,les petites loges,46.96747,-1.82471
201500001869,2,3,15,12,1,44,186,2,1,1,1,rue de bel air,47.10627,-1.81335
201500001870,27,4,15,17,1,44,87,1,1,1,6,l'ouche tison,47.02303,-1.82154
201500001871,2,5,15,12,1,44,119,1,1,3,6,l'etoile,46.99311,-1.76115
201500001872,8,5,15,9,1,44,90,1,1,1,6,,46.99635,-1.69225
201500001873,8,6,15,18,1,44,145,1,2,1,3,la chaussée de retz,47.19385,-1.85107
201500001874,26,6,15,2,3,44,178,2,1,1,1,rue de la colombe,47.11066,-1.73534
201500001875,4,7,15,19,1,44,181,1,2,1,3,l'hermitage,0.0,0.0
201500001876,30,8,15,17,1,44,119,1,1,1,1,beauséjour,46.99298,-1.76471
201500001877,18,12,15,20,3,44,119,1,1,1,1,,0.0,0.0
201500001878,22,5,15,8,1,44,47,2,1,1,1,rue des  alouettes,47.21323,-1.74526
201500001879,7,7,15,9,1,44,47,1,2,1,3,les haies,47.25629,-1.72139
201500001880,28,8,15,16,1,44,47,1,1,1,1,,47.2459,-1.72881
201500001881,27,9,15,5,3,44,194,1,1,1,6,la guillocherie,47.25645,-1.68912
201500001882,8,10,15,11,1,44,47,2,6,1,3,Rue du Stade,47.21802,-1.68261
201500001883,14,10,15,7,2,44,47,1,1,1,1,,47.2328,-1.70481
201500001884,2,12,15,15,1,44,47,2,6,1,3,rue Henri Gautier,0.0,0.0
201500001885,2,1,15,15,1,44,183,2,1,1,1,CD 52 - face au n 6,47.3896,-2.43556
201500001886,10,1,15,4,3,44,69,1,1,2,6,,47.31495,-2.40839
201500001887,10,1,15,18,3,44,183,1,1,2,6,theleac,47.40379,-2.41544
201500001888,19,1,15,11,1,44,72,2,1,7,6,Boulevard de brière,47.453,-2.313
201500001889,2,4,15,7,1,44,69,1,1,1,3,rte de st lyphard,47.34216,-2.40542
201500001890,7,4,15,16,1,44,183,2,3,1,3,,47.38937,-2.42601
201500001891,8,4,15,8,1,44,69,2,6,1,3,rd pt de la brière,47.34134,-2.42761
201500001892,15,5,15,13,1,44,69,1,1,1,7,rte de sandun,47.33402,-2.38504
201500001893,27,5,15,19,1,44,49,2,1,1,3,17 rue aristide briand,47.28698,-2.5052
201500001894,9,6,15,7,1,44,175,1,2,1,3,les quatre routes,47.36016,-2.37408
201500001895,12,6,15,16,1,44,69,2,6,1,3,rue des patis,47.3273,-2.41292
201500001896,4,7,15,16,1,44,69,1,1,1,1,clis,47.33674,-2.46729
201500001897,21,7,15,12,1,44,69,2,1,2,6,avenue de la briere,47.335,-2.427
201500001898,25,7,15,22,3,44,97,2,1,1,1,route de guerande,47.3799,-2.45991
201500001899,15,7,15,14,1,44,69,1,6,1,3,rd pt du parc,47.34137,-2.42732
201500001900,5,8,15,19,1,44,151,1,3,1,3,,47.33681,-2.333
201500001901,15,8,15,16,1,44,97,1,1,1,6,,47.3988,-2.48492
201500001902,5,9,15,16,1,44,69,1,1,1,1,route des marais,47.326,-2.46614
201500001903,9,9,15,4,3,44,72,1,1,1,6,pompas,47.40862,-2.35188
201500001904,9,9,15,13,1,44,30,1,1,1,2,le haut de ranretz,47.44654,-2.26458
201500001905,18,9,15,6,2,44,69,2,1,8,6,bd du général DE GAULLE,47.33011,-2.43543
201500001906,29,9,15,9,1,44,125,2,1,7,3,lieu dit Kervin,47.37221,-2.52693
201500001907,29,10,15,16,1,44,72,1,1,8,4,le gassun,47.42783,-2.33485
201500001908,23,11,15,22,5,44,211,1,1,1,6,,0.0,0.0
201500001909,23,4,15,18,1,44,210,2,1,1,6,route de prézégat,47.2932,-2.21577
201500001910,24,4,15,4,3,44,52,1,1,1,6,route de crossac,47.36881,-2.11862
201500001911,5,6,15,12,1,44,103,1,1,1,6,bd henri gautier,47.31536,-2.16916
201500001912,19,6,15,8,1,44,103,2,1,1,2,BD HENRI GAUTHIER,47.31,-2.159
201500001913,20,9,15,12,1,44,210,2,1,1,1,route des ormeaux,47.321,-2.22
201500001914,29,9,15,18,1,44,103,1,1,1,3,,47.30684,-2.17921
201500001915,27,10,15,7,1,44,52,2,1,2,7,Rue Parscau du Plessis,47.32255,-2.06143
201500001916,27,10,15,17,1,44,168,1,1,1,5,,47.3662,-2.18874
201500001917,25,12,15,20,3,44,210,1,1,8,1,,0.0,0.0
201500001918,7,1,15,11,1,44,161,1,1,1,2,,47.52136,-2.02152
201500001919,5,7,15,18,1,44,129,1,1,1,6,la lande de malabri,47.46105,-2.14846
201500001920,10,8,15,15,1,44,50,2,1,1,2,5 rue de l'ancienne gare,47.40939,-2.16773
201500001921,18,8,15,20,1,44,68,2,1,1,3,rue de la houssaie,47.48684,-1.9268
201500001922,20,9,15,1,3,44,189,2,1,1,6,10 rue des sapins,47.44681,-2.19093
201500001923,17,10,15,15,1,44,68,1,2,7,3,la croix de fer,47.51092,-1.95805
201500001924,13,12,15,14,1,44,129,2,2,1,3,Carrefour M. SAMBRON,0.0,0.0
201500001925,9,4,15,17,1,44,158,1,1,1,5,Le pavillon,47.28756,-1.81552
201500001926,8,9,15,17,1,44,217,1,3,1,3,la pinelière,47.32909,-1.72677
201500001927,22,10,15,23,3,44,217,1,1,1,6,le bezier,47.31917,-1.75948
201500001928,20,11,15,7,5,44,158,2,1,2,3,LA TEROUSAIS RD 381,0.0,0.0
201500001929,2,12,15,18,2,44,194,1,1,1,1,,0.0,0.0
201500001930,7,12,15,8,1,44,217,1,1,1,1,,0.0,0.0
201500001931,12,12,15,7,3,44,217,1,1,5,5,,0.0,0.0
201500001932,20,1,15,7,5,44,139,2,1,1,6,,47.46372,-1.96234
201500001933,3,9,15,8,1,44,25,2,1,1,6,place de l'église,47.41272,-1.96909
201500001934,10,1,15,20,3,49,55,1,1,2,1,,47.51818,-0.57007
201500001935,13,1,15,16,1,49,20,2,2,1,1,rue du landreau,47.47217,-0.6198
201500001936,13,2,15,17,1,49,20,1,6,7,6,,47.48312,-0.63216
201500001937,4,3,15,18,2,49,20,1,3,7,3,,47.45925,-0.65332
201500001938,24,3,15,4,4,49,20,1,6,8,3,,47.46649,-0.61991
201500001939,6,10,15,16,1,49,35,1,1,2,5,,47.42269,-0.61168
201500001940,28,5,15,18,1,49,201,2,1,1,6,4 rue Victor lassalle,47.4046,-0.26975
201500001941,28,6,15,4,3,49,106,1,1,1,6,,47.45936,-0.35183
201500001942,15,7,15,16,1,49,106,1,1,1,5,,47.47475,-0.32609
201500001943,2,9,15,11,1,49,21,1,1,1,1,,47.44425,-0.24705
201500001944,9,3,15,0,3,49,50,1,1,1,6,,47.36255,-0.448
201500001945,22,3,15,15,1,49,318,1,1,1,7,chaloche,47.40146,-0.42713
201500001946,25,4,15,20,2,49,317,1,1,1,1,,47.38864,-0.32784
201500001947,5,8,15,7,1,49,66,1,1,1,7,le petit pineau,47.2707,-0.58143
201500001948,21,8,15,17,1,49,133,1,1,1,1,,47.24262,-0.49184
201500001949,15,11,15,17,1,49,308,1,1,1,1,,0.0,0.0
201500001950,27,11,15,0,3,49,78,1,1,5,1,,47.33452,-0.42651
201500001951,13,10,15,8,1,49,247,1,1,1,3,,47.37196,-0.68515
201500001952,21,3,15,16,1,49,307,1,2,1,3,,47.41441,-0.31156
201500001953,28,2,15,16,1,49,284,1,1,1,1,Les Landes,47.42328,-0.82378
201500001954,4,3,15,19,1,49,265,1,1,1,6,La Brouarderie,47.34714,-0.67743
201500001955,28,6,15,20,1,49,244,2,1,1,3,rue des Mauges,47.3559,-0.85937
201500001956,6,7,15,14,1,49,289,1,1,1,7,Les Grès,47.45107,-0.67332
201500001957,13,10,15,8,1,49,160,1,1,1,5,,47.41132,-0.9297
201500001958,29,10,15,14,1,49,212,1,2,1,3,,47.3729,-0.83686
201500001959,14,11,15,16,1,49,295,1,6,1,6,Bellenoue,47.31374,-0.81805
201500001960,28,11,15,11,1,49,212,2,1,1,3,RUE D ANJOU,47.39104,-0.86175
201500001961,22,12,15,13,1,49,244,2,1,1,2,60 RUE DE LA LOIRE,47.36211,-0.85968
201500001962,18,12,15,5,3,49,306,1,6,2,7,,47.42719,-0.72203
201500001963,6,1,15,15,2,49,127,2,9,1,6,,47.67158,-0.24218
201500001964,17,3,15,16,1,49,127,1,1,1,6,La Poterie,47.68872,-0.27392
201500001965,11,5,15,17,1,49,185,1,1,1,1,Rue de la perraudière,47.52463,-0.2759
201500001966,30,8,15,13,1,49,257,2,1,3,3,rue de chalou,47.6571,-0.20595
201500001967,4,9,15,16,1,49,174,1,1,1,1,La Bourdaizière,47.62732,-0.30394
201500001968,14,12,15,13,1,49,163,1,2,1,3,,47.56117,-0.25062
201500001969,21,4,15,20,1,49,165,1,1,1,3,,47.16764,-0.87474
201500001970,28,6,15,22,2,49,151,1,1,1,7,,47.17561,-1.11993
201500001971,19,7,15,8,1,49,243,1,1,1,7,La Branlardière,47.24666,-0.82929
201500001972,20,8,15,19,1,49,162,1,1,1,1,,47.20959,-0.86285
201500001973,26,8,15,12,1,49,162,1,2,1,2,Le Cormier,47.20862,-0.88096
201500001974,19,1,15,7,2,49,192,1,1,1,3,,47.0123,-0.75001
201500001975,24,2,15,7,2,49,281,1,1,1,3,La croix aux boeufs,47.15688,-0.75729
201500001976,27,2,15,15,1,49,300,1,1,1,7,,47.26027,-0.73085
201500001977,20,4,15,14,1,49,111,1,1,1,3,,47.1759,-0.66849
201500001978,16,5,15,16,1,49,351,1,1,2,6,La Reinerie,47.13497,-0.68178
201500001979,22,5,15,18,1,49,281,1,2,1,3,La maison neuve,47.18592,-0.79096
201500001980,8,6,15,18,1,49,74,1,1,1,2,,47.20242,-0.79505
201500001981,21,7,15,12,1,49,169,1,1,1,1,,47.28328,-0.70442
201500001982,6,12,15,8,2,49,92,1,1,8,2,,47.19869,-0.71855
201500001983,20,12,15,11,1,49,92,2,1,1,1,13 rue nationale,47.22331,-0.72647
201500001984,11,4,15,0,3,49,299,1,1,1,6,La Poissardière,47.09994,-0.91827
201500001985,22,5,15,16,1,49,285,2,1,1,6,RUE D'ANJOU,47.12051,-1.12266
201500001986,25,7,15,17,1,49,350,1,2,1,6,,47.07834,-1.07136
201500001987,25,7,15,18,1,49,301,2,1,1,3,12 bd du 11 Novembre,47.12124,-0.98776
201500001988,28,8,15,22,3,49,263,1,1,1,7,,47.09642,-1.05718
201500001989,10,9,15,8,1,49,27,1,1,1,6,,47.13351,-0.95045
201500001990,30,3,15,13,1,49,40,1,1,1,6,Le pressoir neuf,47.34085,-1.11687
201500001991,29,5,15,18,1,49,355,1,1,1,6,,47.13444,-0.77651
201500001992,2,8,15,8,1,49,296,2,1,1,7,rue Joachim du bellay,47.28818,-1.18704
201500001993,16,8,15,22,5,49,190,2,1,1,6,Le Clos de la Boire,47.35446,-1.08071
201500001994,18,8,15,17,1,49,360,1,1,1,6,Les justices,47.33494,-1.2806
201500001995,3,10,15,16,1,49,314,1,1,1,6,La Truère,47.28647,-0.8916
201500001996,11,4,15,12,1,49,343,1,1,1,6,,46.99751,-0.85988
201500001997,25,8,15,13,1,49,355,2,1,1,6,23  général de gaulle,47.1231,-0.7882
201500001998,3,9,15,21,3,49,355,1,1,1,6,,47.12945,-0.78514
201500001999,24,9,15,7,2,49,381,1,1,1,6,,47.00926,-0.69047
201500002000,2,11,15,9,1,49,192,1,2,1,3,,47.01535,-0.74416
201500002001,18,12,15,7,3,49,195,1,2,2,5,,47.05912,-0.80037
201500002002,8,5,15,16,1,49,143,1,1,1,6,,47.60827,-0.16811
201500002003,5,9,15,11,1,49,213,1,1,1,6,,47.58449,-0.11662
201500002004,5,9,15,10,1,49,122,1,1,1,7,L'abbaye,47.53473,0.12075
201500002005,6,9,15,18,2,49,372,1,1,1,1,Les Frastreries,47.51407,-0.14316
201500002006,1,3,15,1,3,49,211,1,1,2,1,Les bordages,47.17529,-0.50989
201500002007,13,3,15,23,3,49,373,1,3,1,3,Le coudray Montault,47.13678,-0.5806
201500002008,28,5,15,22,2,49,348,1,1,1,6,,47.20513,-0.41803
201500002009,11,7,15,11,1,49,47,2,1,1,1,rue des caves,47.24751,-0.38397
201500002010,14,7,15,4,3,49,373,1,1,1,6,La petite quartraiche,47.10043,-0.58709
201500002011,25,8,15,11,1,49,373,1,6,2,7,,47.13513,-0.54586
201500002012,23,10,15,9,1,49,373,2,1,8,6,RUE DU DOUET NEUF,47.12652,-0.54754
201500002013,18,12,15,18,5,49,125,1,1,1,3,rue des fontaines,47.1956,-0.27602
201500002014,11,1,15,19,3,49,261,1,1,1,5,,47.37045,-0.22326
201500002015,14,1,15,7,2,49,261,2,1,2,3,rue nationale,47.34952,-0.22484
201500002016,3,2,15,11,1,49,378,2,1,1,3,53 rue nationale,47.32624,-0.05623
201500002017,28,3,15,9,1,49,149,1,1,2,6,La Boussinière,47.34699,-0.23959
201500002018,21,5,15,15,1,49,30,1,1,1,5,,47.35405,-0.08286
201500002019,1,6,15,18,1,49,2,1,1,1,5,La ruette noire,47.28685,0.01626
201500002020,15,6,15,18,1,49,311,1,1,1,3,La Lande,47.38939,-0.05766
201500002021,17,7,15,18,1,49,261,1,1,7,7,,47.35298,-0.23474
201500002022,27,9,15,15,1,49,180,1,1,1,6,,47.34615,-0.11045
201500002023,19,10,15,17,1,49,2,1,1,1,6,Rue de l'aunay,47.30474,-0.01876
201500002024,8,11,15,19,1,49,304,1,1,1,1,Le hameau du legs,47.31722,-0.15347
201500002025,23,11,15,10,1,49,45,1,1,1,6,La tremblaye,47.34987,0.08474
201500002026,14,12,15,17,3,49,180,1,1,8,7,La varancière,47.37433,-0.09719
201500002027,29,7,15,20,1,49,253,2,2,1,3,Rue de la basse Paleine,47.12745,-0.23793
201500002028,4,10,15,19,3,49,341,1,1,3,6,,47.22493,-0.03072
201500002029,22,11,15,11,1,49,113,2,1,7,6,rue de la pierre couvert,47.20147,-0.16538
201500002030,9,5,15,22,2,49,248,1,1,1,2,,47.77641,-1.16167
201500002031,15,5,15,20,1,49,248,2,1,1,3,ZI de La Pidaie,47.74713,-1.15873
201500002032,12,9,15,22,3,49,64,1,1,1,6,La ménitée,47.67685,-0.69513
201500002033,1,11,15,8,2,49,229,1,6,7,6,,47.70846,-0.97539
201500002034,11,7,15,19,1,49,330,1,2,1,3,,47.61311,-0.62071
201500002035,13,2,15,0,3,49,155,1,1,3,6,,47.5678,-0.72364
201500002036,3,3,15,12,1,49,271,1,4,2,3,Serennes,47.53786,-0.74917
201500002037,25,4,15,18,1,49,26,1,1,1,3,Le petit Joncheray,47.49337,-0.76421
201500002038,21,5,15,17,1,49,176,1,2,1,3,La Moncellerie,47.62475,-0.77134
201500002039,6,11,15,16,3,49,155,1,1,3,5,,47.59564,-0.69654
201500002040,14,11,15,16,1,49,183,2,1,1,1,avenue du carillon,47.52232,-0.87878
201500002041,20,11,15,15,1,49,26,1,1,2,6,le sapin,47.51302,-0.80277
201500002042,20,3,15,13,1,49,248,1,1,2,7,Le souchais,47.76414,-1.1856
201500002043,17,1,15,15,1,49,347,1,2,1,3,Route de Popailles,47.60117,-0.46453
201500002044,20,3,15,23,3,49,339,1,1,1,7,Chem de la Fourbisserie,47.59171,-0.54696
201500002045,5,6,15,17,1,49,347,2,2,1,3,Rue d'Anjou,47.62032,-0.46647
201500002046,14,8,15,1,3,49,216,1,1,1,7,Le Brossay,47.59737,-0.38515
201500002047,30,9,15,7,1,49,347,1,2,1,3,Le petit Cimbré,47.62635,-0.45098
201500002048,4,10,15,17,1,49,347,1,1,3,6,,47.63855,-0.41924
201500002049,2,11,15,17,2,49,65,1,1,1,5,La petite Bougrie,47.6489,-0.56186
201500002050,29,11,15,6,5,49,347,2,6,2,7,rond point de l'Europe,47.61469,-0.47321
201500002051,10,5,15,0,3,53,201,1,1,1,7,,48.04288,-0.82239
201500002052,31,5,15,16,1,53,11,1,1,2,6,,47.97114,-0.84505
201500002053,28,6,15,10,1,53,175,1,1,1,2,,48.02197,-0.68423
201500002054,11,8,15,0,3,53,94,1,1,1,7,,47.99476,-0.7193
201500002055,19,10,15,5,3,53,94,2,1,1,6,rue du maine,47.99975,-0.72139
201500002056,26,2,15,20,3,53,87,1,1,1,1,,47.962,-0.48045
201500002057,8,3,15,0,3,53,25,1,1,1,6,,48.02381,-0.60961
201500002058,8,3,15,14,1,53,7,2,1,1,6,ROUTE DE MONTSURS,48.08791,-0.63612
201500002059,3,4,15,18,1,53,76,1,1,1,6,,47.96657,-0.35721
201500002060,22,8,15,19,1,53,152,1,1,1,6,,47.95335,-0.58916
201500002061,30,8,15,18,1,53,264,1,2,1,3,,48.03304,-0.35081
201500002062,30,9,15,17,1,53,56,1,1,1,7,,0.0,0.0
201500002063,14,12,15,21,3,53,7,1,1,8,6,,48.10447,-0.61482
201500002064,30,3,15,8,1,53,105,1,1,8,1,,48.144,-0.60911
201500002065,9,4,15,11,1,53,97,2,1,1,2,58 boulevard de la grand,48.15884,-0.39421
201500002066,13,5,15,11,1,53,65,1,1,1,3,,48.14294,-0.41923
201500002067,20,5,15,14,1,53,43,1,1,1,6,,48.14531,-0.53093
201500002068,23,5,15,18,1,53,276,1,1,1,6,,48.13618,-0.32199
201500002069,7,7,15,15,1,53,97,1,1,1,1,,48.1339,-0.38346
201500002070,25,7,15,16,1,53,218,1,1,1,7,,48.2264,-0.35514
201500002071,18,8,15,4,3,53,153,2,1,1,7,,48.19179,-0.43133
201500002072,1,10,15,8,2,53,105,1,1,7,3,,48.14613,-0.61157
201500002073,31,10,15,16,1,53,105,1,1,1,6,,48.14321,-0.6067
201500002074,2,11,15,9,1,53,97,2,1,1,1,D7,48.16451,-0.40778
201500002075,13,12,15,20,3,53,97,1,1,5,6,,48.12198,-0.37424
201500002076,13,1,15,21,3,53,232,1,1,2,6,,48.07467,-0.4524
201500002077,12,10,15,17,1,53,50,1,1,1,1,,48.06156,-0.35004
201500002078,2,1,15,11,1,53,231,1,1,8,7,,47.75992,-0.53973
201500002079,17,2,15,20,3,53,14,1,1,1,7,,47.81999,-0.66555
201500002080,28,2,15,6,3,53,36,1,1,2,1,,47.87147,-0.48765
201500002081,25,3,15,18,1,53,4,1,1,1,1,,47.81356,-0.80707
201500002082,12,4,15,18,1,53,36,2,4,1,3,9 rue Fabre d'Eglantine,47.86364,-0.48162
201500002083,24,5,15,7,1,53,150,1,1,1,7,,47.79635,-0.68461
201500002084,6,6,15,18,1,53,110,1,1,1,1,,47.86284,-0.5226
201500002085,1,7,15,10,1,53,62,2,1,1,1,20 rue Général Lemonnier,47.8275,-0.69713
201500002086,11,7,15,4,3,53,215,1,1,1,6,,47.79735,-0.70837
201500002087,6,8,15,9,1,53,117,1,1,8,6,,47.88613,-0.75012
201500002088,2,10,15,12,1,53,210,1,1,1,6,,47.80535,-0.47185
201500002089,8,11,15,17,1,53,101,1,1,1,6,,47.85676,-0.67586
201500002090,14,11,15,16,1,53,36,1,1,1,6,,47.86542,-0.47093
201500002091,16,11,15,7,2,53,210,2,1,1,3,rue de Morannes,47.79097,-0.44224
201500002092,26,11,15,21,3,53,210,2,1,1,6,ST MARTIN VILLENGLOSE,47.781,-0.469
201500002093,30,11,15,13,1,53,62,2,1,1,3,av.Div LECLERC,0.0,0.0
201500002094,26,5,15,13,1,53,240,1,1,1,1,,47.81795,-1.0154
201500002095,4,7,15,23,3,53,77,1,1,1,2,,47.95542,-0.95381
201500002096,11,9,15,17,1,53,84,2,1,1,6,RUE ZIKISSO,47.8512,-0.95602
201500002097,1,11,15,21,3,53,214,1,1,1,7,,47.7799,-1.16014
201500002098,13,12,15,21,3,53,84,1,1,1,6,,47.85597,-0.96929
201500002099,13,12,15,18,2,53,186,2,1,1,1,3 boulevard du stade,47.92455,-0.80673
201500002100,16,12,15,17,2,53,84,2,1,1,6,43 route de Nantes,47.8462,-0.9625
201500002101,23,12,15,8,2,53,84,2,1,1,6,rue de la gare,47.84022,-0.94261
201500002102,5,1,15,18,2,53,147,2,1,2,6,BOULEVARD JEAN MONNET,48.29014,-0.61921
201500002103,7,2,15,5,3,53,23,1,1,1,6,,48.18023,-0.58798
201500002104,13,3,15,20,3,53,72,1,1,2,6,,48.23636,-0.65242
201500002105,25,6,15,17,1,53,200,1,1,1,1,,48.28809,-0.63278
201500002106,12,8,15,9,1,53,113,1,4,1,1,,48.25604,-0.43922
201500002107,4,10,15,6,3,53,146,1,1,5,7,,48.21151,-0.6392
201500002108,9,3,15,18,1,53,177,1,2,7,3,,48.31351,-1.05147
201500002109,15,3,15,13,1,53,155,1,3,1,3,,48.26477,-0.91135
201500002110,18,3,15,9,1,53,96,2,1,1,6,boulevard VICTOR HUGO,48.29865,-0.93328
201500002111,2,6,15,17,1,53,155,1,1,1,1,,48.31123,-0.8776
201500002112,6,6,15,2,3,53,107,1,1,1,6,,48.42853,-0.80681
201500002113,27,6,15,9,1,53,155,1,1,1,7,,48.31235,-0.86636
201500002114,30,7,15,10,1,53,71,1,4,1,1,,48.38801,-0.8518
201500002115,10,8,15,10,1,53,96,2,1,1,6,38 boulevard DUVIVIER,48.29599,-0.93225
201500002116,27,8,15,7,2,53,64,1,1,3,1,,48.35681,-0.76651
201500002117,27,9,15,11,1,53,126,1,1,1,7,,48.348,-1.028
201500002118,27,12,15,6,3,53,269,1,1,1,7,,48.28076,-0.81507
201500002119,24,8,15,10,1,53,114,1,1,3,7,,48.34382,-0.41469
201500002120,21,8,15,15,1,53,51,1,2,1,3,,48.35335,-0.4921
201500002121,7,10,15,15,1,53,3,1,1,1,3,,48.38887,-0.61846
201500002122,15,11,15,7,2,53,55,1,1,1,6,,48.41277,-0.57754
201500002123,11,6,15,10,1,53,121,2,1,1,1,Grande rue,48.41802,-0.33613
201500002124,13,6,15,15,1,53,13,1,1,1,3,,48.3273,-0.22844
201500002125,4,7,15,15,1,53,246,2,1,1,6,rue des moulins,48.40117,-0.09454
201500002126,14,7,15,15,1,53,164,1,1,1,5,,48.49301,-0.32802
201500002127,7,8,15,15,1,53,164,1,1,1,6,,48.49312,-0.32944
201500002128,16,8,15,21,3,53,185,1,1,1,6,,48.46171,-0.25376
201500002129,2,10,15,17,1,53,246,1,1,1,3,,48.40996,-0.06126
201500002130,6,10,15,14,1,53,185,2,3,1,3,,48.4585,-0.20733
201500002131,15,12,15,17,5,53,185,2,1,3,6,103 rue aristide Briand,48.45936,-0.20114
201500002132,19,12,15,19,3,53,271,1,1,1,1,,48.34031,-0.27175
201500002133,11,4,15,21,5,10,283,2,2,1,3,"51, NICOD ( RUE DU 43/22",0.0,0.0
201500002134,11,5,15,1,5,10,283,2,1,1,7,"06, SACCO VANZETTI",46.25443,5.65791
201500002135,20,9,15,17,1,10,283,2,1,1,6,"3, JEAN MOULIN (AVENUE)",0.0,0.0
201500002136,9,10,15,18,1,10,283,2,2,1,3,ROOSEVELT (AVENUE PRESID,0.0,0.0
201500002137,18,10,15,21,5,10,283,2,1,1,3,"32, FRANCE (RUE A. DU 1/",0.0,0.0
201500002138,13,11,15,4,3,10,31,1,3,1,3,GROISSIAT ( ROUTE DE ),46.2376,5.62108
201500002139,15,11,15,17,2,10,283,1,1,1,6,"25, FORGE (ROUTE DE LA)",0.0,0.0
201500002140,7,2,15,8,1,72,42,1,1,1,1,,0.0,0.0
201500002141,19,4,15,4,3,72,64,2,1,1,6,RUE HENRI FRAIN,47.86,0.747
201500002142,22,10,15,7,3,72,42,1,1,2,1,,47.959,0.621
201500002143,7,11,15,23,3,72,118,1,1,2,6,,0.0,0.0
201500002144,24,1,15,11,1,72,386,1,1,1,1,,48.013,0.263
201500002145,7,3,15,9,1,72,54,1,1,1,2,,48.032,0.367
201500002146,28,3,15,18,1,72,129,1,1,1,6,,0.0,0.0
201500002147,31,3,15,17,1,72,300,2,1,1,6,D323 Route de Paris,0.0,0.0
201500002148,5,5,15,20,1,72,54,1,6,1,6,,48.016,0.318
201500002149,3,6,15,16,1,72,300,2,1,1,1,d323  route du mans,0.0,0.0
201500002150,10,10,15,12,1,72,358,1,1,1,1,,0.0,0.0
201500002151,1,12,15,7,2,72,271,1,1,1,1,,0.0,0.0
201500002152,30,12,15,3,3,72,300,1,1,1,6,,0.0,0.0
201500002153,13,4,15,19,1,72,338,1,4,1,3,,0.0,0.0
201500002154,19,5,15,22,3,72,310,1,1,1,6,,0.0,0.0
201500002155,19,5,15,22,3,72,290,2,1,1,1,rue de STE JAMME SUR SAR,0.0,0.0
201500002156,12,9,15,14,1,72,328,1,1,8,1,,0.0,0.0
201500002157,4,12,15,14,1,72,340,1,1,8,1,,0.0,0.0
201500002158,20,1,15,13,1,72,168,2,9,1,3,R2SIDENCE ROBERT SCHUMMA,0.0,0.0
201500002159,24,2,15,15,1,72,230,1,1,1,5,,0.0,0.0
201500002160,27,3,15,17,1,72,257,1,1,8,7,,48.01,0.152
201500002161,10,5,15,17,1,72,146,1,1,1,1,,47.9,0.132
201500002162,8,6,15,16,1,72,149,1,1,1,1,,0.0,0.0
201500002163,15,6,15,16,1,72,253,1,1,1,1,,0.0,0.0
201500002164,25,6,15,17,1,72,280,1,1,1,3,,0.0,0.0
201500002165,25,7,15,22,3,72,131,1,1,1,3,,0.0,0.0
201500002166,22,8,15,1,3,72,249,1,1,1,6,,48.038,0.057
201500002167,23,8,15,16,1,72,219,1,1,1,6,,48.071,-0.03
201500002168,2,9,15,11,1,72,346,1,1,1,1,,0.0,0.0
201500002169,7,9,15,15,1,72,257,1,1,1,6,,47.996,0.146
201500002170,11,9,15,14,1,72,70,1,1,1,1,,0.0,0.0
201500002171,15,10,15,19,3,72,253,1,1,1,1,,0.0,0.0
201500002172,2,11,15,22,3,72,73,1,1,1,1,,48.028,0.064
201500002173,4,11,15,8,1,72,113,1,1,1,1,,48.039,0.076
201500002174,9,3,15,21,5,72,154,1,1,1,6,,47.694,-0.037
201500002175,16,4,15,18,1,72,185,1,1,1,6,,47.713,-0.002
201500002176,28,4,15,1,3,72,154,1,1,1,6,,0.0,0.0