Num_Acc,jour,mois,an,hr,condition_eclairage,departement,commune,condition_agglomeration,intersection,condition_atmosphere,type_collision,adresse,lattitude,longitude
201500002177,15,5,15,2,3,72,22,1,1,1,2,,47.76,-0.168
201500002178,21,5,15,7,1,72,154,1,1,1,1,,47.692,-0.044
201500002179,20,7,15,13,1,72,84,1,1,1,7,,47.753,0.005
201500002180,5,10,15,17,1,72,154,2,1,8,3,allée de chenonceaux,47.708,-0.085
201500002181,15,1,15,17,3,72,71,1,1,2,1,,0.0,0.0
201500002182,8,5,15,6,2,72,71,2,1,1,6,13 avenue de Tours,47.695,0.426
201500002183,26,8,15,16,1,72,173,1,1,1,3,,47.71084,0.40547
201500002184,18,11,15,14,1,72,71,2,3,1,3,16 avenue jean jaurès,47.698,0.417
201500002185,24,11,15,17,3,72,28,1,1,8,7,,47.756,0.368
201500002186,7,2,15,5,3,72,228,1,1,1,7,,47.849,-0.186
201500002187,15,2,15,5,4,72,100,1,1,2,6,,0.0,0.0
201500002188,27,4,15,7,2,72,22,1,1,1,6,,47.782,-0.182
201500002189,27,4,15,12,1,72,59,1,1,1,1,,47.913,-0.192
201500002190,28,5,15,15,1,72,195,1,1,1,6,,47.821,-0.03
201500002191,24,10,15,5,3,72,100,2,1,1,6,L'ESPERANCE,47.801,-0.029
201500002192,8,11,15,22,3,72,9,1,1,1,1,,0.0,0.0
201500002193,11,11,15,18,3,72,293,1,1,1,5,,47.87,0.001
201500002194,30,11,15,12,1,72,223,1,1,2,1,,47.822,-0.09
201500002195,15,1,15,10,1,72,191,1,1,6,6,,0.0,0.0
201500002196,3,2,15,16,1,72,330,1,1,1,6,,0.0,0.0
201500002197,4,3,15,8,1,72,191,1,1,1,1,,47.773,0.276
201500002198,2,3,15,14,1,72,226,2,6,1,3,RD32/RD31,0.0,0.0
201500002199,13,3,15,15,1,72,13,1,1,2,3,,47.667,0.234
201500002200,24,4,15,14,1,72,135,1,1,1,6,,0.0,0.0
201500002201,31,5,15,20,2,72,191,1,1,2,6,,0.0,0.0
201500002202,28,5,15,18,1,72,191,2,1,1,1,avenue de la liberté,0.0,0.0
201500002203,6,6,15,18,1,72,357,1,1,1,1,,0.0,0.0
201500002204,8,6,15,11,1,72,226,2,1,1,3,3 route d'yvré le polin,0.0,0.0
201500002205,20,6,15,6,2,72,117,1,1,1,6,,0.0,0.0
201500002206,24,9,15,6,3,72,175,1,1,1,6,,0.0,0.0
201500002207,28,9,15,11,1,72,51,1,9,1,5,,0.0,0.0
201500002208,13,10,15,17,1,72,51,1,1,1,4,,0.0,0.0
201500002209,21,10,15,16,1,72,191,1,1,1,6,,0.0,0.0
201500002210,12,11,15,4,3,72,226,2,6,5,6,29 rue principale,0.0,0.0
201500002211,22,12,15,11,1,72,243,1,4,1,1,,0.0,0.0
201500002212,3,7,15,14,1,72,232,1,1,1,1,,0.0,0.0
201500002213,11,7,15,15,1,72,336,2,2,1,3,avenue de l'europe,0.0,0.0
201500002214,20,7,15,16,1,72,378,1,2,1,3,,0.0,0.0
201500002215,28,11,15,18,2,72,264,1,1,1,6,,0.0,0.0
201500002216,3,12,15,17,4,72,264,2,6,1,6,AVENUE F  NICOLAY,0.0,0.0
201500002217,23,4,15,22,3,72,112,1,1,1,7,,0.0,0.0
201500002218,27,4,15,18,1,72,48,1,1,1,6,,0.0,0.0
201500002219,18,7,15,17,1,72,88,1,1,1,1,,0.0,0.0
201500002220,23,7,15,7,1,72,180,2,9,1,7,D311-AV DE L'EUROPE,0.0,0.0
201500002221,5,8,15,16,1,72,276,2,6,1,3,2 AV VERON DE FORBONAIS,0.0,0.0
201500002222,16,8,15,7,1,72,104,1,1,1,5,,0.0,0.0
201500002223,28,8,15,8,1,72,192,1,1,1,7,,0.0,0.0
201500002224,20,10,15,10,1,72,316,1,1,1,3,,0.0,0.0
201500002225,11,12,15,18,3,72,270,1,1,2,1,,0.0,0.0
201500002226,7,3,15,12,1,72,6,2,1,1,1,CD55  face rue tisserand,0.0,0.0
201500002227,21,3,15,10,1,72,215,2,1,1,4,CD 311 Rue Francis Caris,0.0,0.0
201500002228,4,4,15,18,1,72,337,1,1,8,6,,0.0,0.0
201500002229,23,4,15,21,3,72,273,1,1,1,1,,0.0,0.0
201500002230,7,5,15,18,1,72,2,1,1,1,3,,0.0,0.0
201500002231,17,5,15,16,1,72,294,1,1,1,7,,0.0,0.0
201500002232,20,5,15,14,1,72,29,2,1,2,1,rue tertre de chaligné,0.0,0.0
201500002233,20,6,15,9,1,72,11,1,2,1,3,,0.0,0.0
201500002234,1,7,15,8,1,72,199,1,1,1,1,,0.0,0.0
201500002235,2,8,15,4,3,72,282,1,1,1,6,,0.0,0.0
201500002236,19,9,15,10,1,72,6,2,6,3,6,rue d'Alençon,0.0,0.0
201500002237,7,11,15,9,1,72,141,1,1,1,1,,0.0,0.0
201500002238,24,11,15,7,5,72,6,2,1,2,1,route du Mans,0.0,0.0
201500002239,29,12,15,11,1,72,29,1,1,7,6,,0.0,0.0
201500002240,27,5,15,10,1,85,127,1,1,1,3,LA RAISINIERE,46.42402,-1.5161
201500002241,29,4,15,18,1,85,23,1,1,1,2,LA CROIX GATE,46.53982,-1.16864
201500002242,19,5,15,17,1,85,135,1,1,1,3,41 RUE E. DE LA BOULAYE,46.53301,-1.21621
201500002243,12,6,15,11,1,85,213,1,1,2,3,LA MOLLERIE,46.63281,-1.33261
201500002244,18,6,15,23,3,85,93,1,1,1,7,LA BRUNIERE,46.66411,-1.26882
201500002245,18,8,15,16,1,85,61,1,2,1,1,,0.0,0.0
201500002246,24,9,15,13,1,85,61,1,1,1,1,,46.579,-1.281
201500002247,19,10,15,23,3,85,175,1,1,1,6,,46.605,-1.188
201500002248,16,11,15,12,1,85,135,1,1,1,2,,46.54355,-1.24116
201500002249,29,12,15,12,1,85,36,1,1,7,1,,46.46988,-1.27727
201500002250,4,3,15,9,1,85,34,2,1,1,5,RUE JEAN GROLLEAU,46.63359,-1.16763
201500002251,9,3,15,16,1,85,84,1,1,1,1,LA MAISON ROUGE,46.77973,-1.21474
201500002252,27,6,15,18,1,85,84,1,1,1,6,ROUTE DE LA MERLATIERE,46.76975,-1.26544
201500002253,26,6,15,17,1,85,142,1,1,1,1,LES REMIGERES,46.74899,-1.26163
201500002254,4,8,15,8,1,85,89,1,1,7,3,,0.0,0.0
201500002255,9,8,15,15,1,85,220,1,2,1,3,,46.739,-1.01899
201500002256,10,11,15,5,2,85,212,1,1,5,1,,46.774,-1.158
201500002257,15,11,15,17,1,85,51,1,1,1,1,,46.686,-1.066
201500002258,22,11,15,6,3,85,34,2,1,2,7,Lieu dit l'Etang,46.63818,-1.15657
201500002259,18,2,15,19,5,85,153,2,1,1,1,RUE JEAN YOLE,46.78489,-1.0658
201500002260,22,3,15,21,3,85,64,1,1,1,6,,46.82882,-1.28855
201500002261,11,4,15,15,1,85,109,2,1,1,6,37 RUE DE BEAUREPAIRE,46.87356,-1.022
201500002262,19,5,15,17,1,85,109,2,1,1,4,9 ROUTE DE CHOLET,46.87786,-1.01272
201500002263,28,5,15,22,3,85,82,1,1,1,1,LA JAUBRETIERE,46.89455,-0.92563
201500002264,21,6,15,6,1,85,17,1,1,1,6,LE CHIRON,46.91559,-1.07849
201500002265,27,6,15,20,1,85,38,1,2,1,3,,46.8827,-1.31321
201500002266,11,10,15,2,3,85,186,1,1,1,1,,0.0,0.0
201500002267,26,10,15,8,1,85,153,1,1,1,2,,46.753,-1.11
201500002268,19,1,15,12,1,85,224,1,1,1,7,LE BOIS PIN,47.0013,-1.28854
201500002269,18,2,15,0,3,85,107,1,1,1,6,,46.96488,-1.27742
201500002270,17,4,15,18,1,85,224,2,1,1,1,6 RUE DE NANTES,47.00246,-1.33238
201500002271,19,6,15,19,1,85,39,1,1,1,6,,47.01579,-1.17413
201500002272,10,9,15,21,3,85,295,1,1,1,7,,0.0,0.0
201500002273,5,10,15,13,1,85,217,1,1,3,1,,46.956,-1.293
201500002274,5,11,15,12,1,85,217,2,1,2,1,chemin de la prison,46.954,-1.298
201500002275,9,11,15,21,3,85,39,1,1,5,6,,47.04276,-1.21719
201500002276,20,11,15,16,2,85,295,1,1,3,6,Rue Charles De Gaulle,46.98551,-1.21944
201500002277,11,12,15,23,3,85,224,1,1,5,2,,46.999,-1.326
201500002278,23,12,15,16,1,85,262,1,3,1,1,,47.00292,-1.47002
201500002279,24,1,15,21,3,85,97,1,1,1,3,,46.953,-1.08453
201500002280,14,5,15,15,1,85,97,1,1,1,5,LA PAGERIE,46.95081,-0.41742
201500002281,19,5,15,8,1,85,151,2,6,1,6,GIRATOIRE SOLEIL LEVANT,46.99633,-0.94549
201500002282,8,6,15,21,2,85,302,1,1,7,6,,46.94874,-0.9604
201500002283,18,9,15,18,1,85,247,1,2,1,3,,0.0,0.0
201500002284,17,10,15,13,1,85,151,1,2,1,5,,0.0,0.0
201500002285,30,10,15,16,1,85,151,1,2,1,3,,0.0,0.0
201500002286,10,1,15,7,3,85,19,1,1,2,5,,46.76295,-1.43082
201500002287,24,1,15,8,2,85,155,1,1,2,7,LE VIGNEAU,46.6891,-1.46275
201500002288,6,4,15,21,3,85,178,1,1,1,3,LA LOGE,46.7446,-1.43273
201500002289,1,5,15,5,2,85,98,1,1,3,6,LA CROIX MOREAU,46.72931,-1.49907
201500002290,4,5,15,17,1,85,300,1,1,1,5,,46.68887,-1.54765
201500002291,28,6,15,10,1,85,3,2,9,1,4,LE BOIS DES CLOUZIS,46.74026,-1.5927
201500002292,13,8,15,12,1,85,3,2,9,1,3,Rue des Jardins,46.73957,-1.6059
201500002293,8,9,15,17,1,85,19,1,1,1,6,,0.0,0.0
201500002294,8,9,15,19,1,85,155,1,1,1,1,,0.0,0.0
201500002295,12,9,15,11,1,85,3,1,1,1,6,,0.0,0.0
201500002296,14,9,15,18,1,85,15,1,2,2,3,,0.0,0.0
201500002297,16,9,15,12,1,85,3,1,1,2,5,,0.0,0.0
201500002298,10,10,15,21,3,85,15,1,1,1,3,,46.818,-1.487
201500002299,3,11,15,8,1,85,155,2,1,1,1,rue de beaupuy,46.71723,-1.45312
201500002300,3,11,15,17,3,85,3,1,1,3,3,,46.70155,-1.65737
201500002301,5,11,15,5,3,85,3,1,1,1,1,,46.76294,-1.65247
201500002302,24,12,15,10,1,85,3,1,1,1,7,,46.703,-1.651
201500002303,9,2,15,16,1,85,92,2,6,1,3,boulevard du chail,46.46155,-0.80141
201500002304,8,6,15,8,1,85,92,2,1,1,1,BOULEVARD DE HOCHE,46.45959,-0.79837
201500002305,3,7,15,19,1,85,92,1,1,1,1,,46.456,-0.79
201500002306,15,7,15,16,1,85,91,1,1,1,7,,46.417,-0.819
201500002307,26,9,15,18,1,85,92,2,9,7,6,6 rue du chemin vers,0.0,0.0
201500002308,24,12,15,13,1,85,92,2,1,1,6,19 bvd du chail,46.46215,-0.80337
201500002309,20,2,15,10,1,85,128,1,1,3,6,LA MAISON ROUGE,46.48362,-1.18478
201500002310,29,5,15,19,1,85,128,1,1,1,5,LE PONT DES ROYS,46.43599,-1.14645
201500002311,5,7,15,5,3,85,128,1,1,1,6,,46.47967,-1.18224
201500002312,29,7,15,17,1,85,42,1,1,1,5,,46.40727,-0.98183
201500002313,3,8,15,18,1,85,216,2,2,1,3,rue de l'aumonerie,46.483,-1.1178
201500002314,28,9,15,20,3,85,131,1,1,1,1,,46.482,-1.208
201500002315,3,10,15,19,2,85,111,1,1,1,7,,0.0,0.0
201500002316,11,11,15,0,4,85,42,2,1,1,6,48 r  principale-sableau,46.36992,-0.9955
201500002317,6,1,15,19,3,85,306,1,6,5,6,,46.42194,-0.71125
201500002318,13,9,15,20,2,85,244,1,1,2,1,,0.0,0.0
201500002319,18,9,15,17,1,85,143,1,1,1,6,,46.55,-0.719
201500002320,23,2,15,15,1,85,182,1,1,2,1,,46.76178,-0.81883
201500002321,16,4,15,21,2,85,67,1,1,8,3,LE MOULIN BRUNET,46.6623,-0.78939
201500002322,17,4,15,18,1,85,182,1,1,1,6,LA GRANGE,46.78563,-0.81061
201500002323,27,4,15,20,1,85,140,1,2,1,3,LA LANDE,46.74406,-0.87777
201500002324,16,5,15,14,1,85,14,1,1,2,7,LE PULTEAU,46.6372,-0.88462
201500002325,24,5,15,6,2,85,292,1,1,1,6,L'EPINAY,46.58277,-0.8298
201500002326,6,6,15,18,1,85,145,1,1,1,6,BEL-AIR,46.7305,-0.93577
201500002327,12,6,15,10,1,85,154,1,1,2,2,LA CROIX RENARD,46.64251,-0.82426
201500002328,27,6,15,17,1,85,254,1,1,1,1,LENARDIERE,46.78012,-0.76061
201500002329,13,7,15,21,1,85,147,2,1,1,3,rue des lauriers,46.74339,-0.76141
201500002330,22,7,15,13,1,85,154,1,1,1,1,,46.67632,-0.87594
201500002331,29,7,15,13,1,85,254,1,1,1,3,,46.80998,-0.70303
201500002332,4,9,15,17,1,85,31,1,1,1,1,,46.801,-0.941
201500002333,1,11,15,20,3,85,292,1,1,1,3,,46.61295,-0.8661
201500002334,10,11,15,7,5,85,59,1,1,5,3,,46.653,-0.731
201500002335,14,11,15,16,1,85,182,2,1,1,3,4 r ue Louis Desnouches,46.77622,-0.82725
201500002336,22,12,15,18,3,85,125,1,1,1,1,,46.59734,-0.6643
201500002337,11,4,15,19,1,85,205,1,1,1,1,LA BRUYERE,46.55192,-0.8691
201500002338,1,5,15,13,1,85,174,1,1,3,6,RACAUDET,46.49398,-0.91513
201500002339,1,7,15,11,1,85,223,1,1,1,2,,0.0,0.0
201500002340,21,7,15,12,1,85,181,1,1,1,3,,46.50927,-0.94566
201500002341,24,11,15,17,4,85,209,1,1,1,1,,46.53891,-1.02145
201500002342,2,1,15,13,1,85,95,1,2,2,3,LA CROIX CHARLES,46.8484,-1.76344
201500002343,1,3,15,19,3,85,130,1,1,1,3,BEL AIR,46.78881,-1.70304
201500002344,20,3,15,13,1,85,47,1,1,2,1,LES GLUMINIERES,46.79497,-1.83106
201500002345,25,3,15,9,1,85,6,1,1,1,2,LA RABILLERIE,46.78477,-1.73501
201500002346,26,5,15,15,1,85,47,2,1,1,6,22 RUE DES SABLES,46.84077,-1.87449
201500002347,2,6,15,12,1,85,47,2,1,1,3,RUE DES MARZELLES,46.84223,-1.87363
201500002348,2,7,15,16,1,85,130,1,1,7,1,,46.796,-1.706
201500002349,24,8,15,18,1,85,280,2,1,1,1,Route de Beauvoir,46.857,-1.894
201500002350,24,8,15,5,2,85,130,1,1,3,6,,0.0,0.0
201500002351,19,9,15,8,1,85,47,2,1,1,6,rd pt des bretellières,46.857,-1.846
201500002352,5,12,15,9,1,85,47,2,1,7,6,25 Chemin des Taraudière,46.85874,-1.87167
201500002353,30,12,15,3,3,85,47,1,1,1,6,,46.847,-1.853
201500002354,23,1,15,5,3,85,250,1,1,1,6,LA CIBOULE,46.5779,-1.70192
201500002355,21,4,15,17,1,85,52,2,1,1,3,RUE DE L. DE TASSIGNY,46.59536,-1.65001
201500002356,9,9,15,17,1,85,161,1,1,1,7,,46.566,-1.535
201500002357,9,11,15,20,5,85,161,2,1,1,3,rue Aimé Bure,46.57301,-1.50978
201500002358,13,6,15,16,1,85,163,2,9,1,6,RUE DU ROSAIRE,46.99964,-2.246
201500002359,6,7,15,16,1,85,11,1,6,1,3,,46.93642,-2.16723
201500002360,11,9,15,9,1,85,106,2,1,1,6,face au 44 rue nationale,46.972,-2.226
201500002361,8,1,15,16,1,85,35,1,1,1,3,LA BASSE FONTAINE,46.64745,-1.84074
201500002362,12,1,15,18,3,85,189,1,1,1,6,CHEMIN DE L'ILE,46.75771,-1.91965
201500002363,8,3,15,16,1,85,88,1,1,1,5,CHEMIN DU CHAMP DE BUZIN,46.70107,-1.87816
201500002364,8,3,15,19,2,85,226,2,2,1,3,AVENUE DE LA FORET,46.71958,-1.9626
201500002365,16,3,15,17,1,85,226,1,3,1,3,ROUTE NOTRE DAME DE RIEZ,46.73958,-1.94077
201500002366,19,5,15,19,1,85,70,2,1,1,6,13 RUE DE L'ATLANTIQUE,46.67915,-1.76455
201500002367,19,7,15,23,3,85,70,1,2,1,1,,0.0,0.0
201500002368,26,7,15,1,5,85,222,2,1,1,1,rue du bac,46.6953,-1.94113
201500002369,3,10,15,16,1,85,2,1,3,1,3,,0.0,0.0
201500002370,11,12,15,18,5,85,226,2,1,8,6,"14, avenue de la Faye",46.72388,-1.95079
201500002371,21,2,15,8,1,85,12,1,1,1,6,LES PIOTS,46.86299,-2.0784
201500002372,23,3,15,12,1,85,234,2,1,1,3,"RD 38 bis, PK 37+600",46.79707,-2.047
201500002373,25,3,15,16,1,85,234,2,1,1,2,114 ROUTE DES SABLES,46.78988,-2.03839
201500002374,30,3,15,15,1,85,234,1,1,1,5,140 ROUTE DE BEAUVOIR,46.82068,-2.0631
201500002375,19,4,15,5,2,85,273,1,1,1,6,,46.89376,-2.00443
201500002376,22,6,15,14,1,85,221,1,1,1,1,3 RUE DU FOUR A CHAUX,46.93332,-2.00187
201500002377,3,7,15,21,1,85,29,1,1,1,1,7b rue du pays de retz,46.97372,-1.9958
201500002378,13,7,15,15,1,85,18,1,1,1,5,,46.888,-2.08199
201500002379,22,8,15,12,1,85,234,2,1,3,1,47 rue du moulin cassé,46.79965,-2.08255
201500002380,23,10,15,23,5,85,234,2,1,1,6,16 avenue pays de monts,46.79408,-2.08493
201500002381,19,11,15,18,3,85,234,1,1,2,6,,46.858,-2.059
201500002382,24,3,15,13,1,85,127,1,2,1,3,RUE DU MENHIR,46.41942,-1.50188
201500002383,30,3,15,2,3,85,288,1,1,2,6,961 RUE MOULIN DES LANDE,46.50956,-1.56762
201500002384,30,4,15,20,1,85,277,1,1,3,1,ROUTE DES AIRES,46.49072,-1.33367
201500002385,2,5,15,13,1,85,127,1,1,2,3,,46.43112,-1.48263
201500002386,30,5,15,10,1,85,278,1,1,1,3,BEAUREGARD,46.43476,-1.54296
201500002387,25,7,15,14,1,85,103,1,1,1,3,,46.51708,-1.62331
201500002388,2,8,15,15,1,85,4,1,1,1,1,,0.0,0.0
201500002389,4,8,15,11,1,85,288,1,1,1,2,,0.0,0.0
201500002390,11,10,15,15,1,85,288,1,1,1,5,,0.0,0.0
201500002391,25,10,15,10,1,85,206,2,1,1,6,17 rue de la Tillauderie,46.461,-1.337
201500002392,18,11,15,16,2,85,26,1,1,2,6,route de Champs St Père,46.54445,-1.40211
201500002393,17,12,15,12,1,85,179,1,1,8,6,rue des Justices,46.49327,-1.52514
201500002394,11,4,15,14,1,33,42,1,1,1,3,,44.485,-0.792
201500002395,8,7,15,19,1,33,436,1,1,1,7,Rte de la Pierre,44.59129,-0.63944
201500002396,7,11,15,18,2,33,436,1,1,1,3,,44.532,-0.623
201500002397,23,2,15,7,3,33,51,1,1,2,5,,0.0,0.0
201500002398,5,6,15,22,3,33,284,1,1,1,1,,0.0,0.0
201500002399,31,5,15,18,1,33,51,2,6,1,1,av cote d'argent,44.64576,-0.95059
201500002400,20,7,15,16,1,33,19,1,1,1,5,,0.0,0.0
201500002401,5,3,15,8,1,33,312,2,1,1,3,ROUTE DE PAUILLAC,44.9642,-0.62684
201500002402,12,4,15,7,2,33,56,1,1,1,7,Av de Labarde,44.925,-0.5619
201500002403,14,7,15,22,3,33,56,2,1,1,3,rd 1215,0.0,0.0
201500002404,7,9,15,8,1,33,312,2,3,1,6,R.DES PALUS,44.9477,-0.59269
201500002405,21,9,15,17,1,33,56,2,1,1,6,RUE  ST EXUPERY,44.9137,-0.60498
201500002406,29,9,15,20,5,33,312,2,1,1,3,"19, rue maurice fillon",44.9491,-0.60404
201500002407,7,10,15,7,2,33,56,2,2,2,3,D2,44.93721,-0.63382
201500002408,19,10,15,22,5,33,56,2,1,1,7,1 avenue du 11 novembre,44.90111,-0.61741
201500002409,23,10,15,8,2,33,519,2,6,1,3,avenue de soulac,44.90915,-0.66892
201500002410,6,11,15,19,1,33,56,2,3,1,1,13 R de la Renney - Pisc,44.9125,-0.62776
201500002411,21,12,15,16,1,33,56,1,4,1,7,4 rue du manège,44.92056,-0.65695
201500002412,30,4,15,15,1,33,11,2,2,1,3,AVENUE DE LA LIBERATION,44.76287,-1.13244
201500002413,12,7,15,11,1,33,236,1,1,1,1,,0.0,0.0
201500002414,26,8,15,2,5,33,236,1,1,1,7,,0.0,0.0
201500002415,3,9,15,11,1,33,236,1,1,1,1,,0.0,0.0
201500002416,7,12,15,17,2,33,236,2,1,1,6,75 route de Bordeaux,44.72269,-1.20677
201500002417,9,5,15,10,1,33,273,1,6,1,2,D213,44.8354,-0.80344
201500002418,26,8,15,18,1,33,422,1,3,1,3,D106,44.7941,-0.86512
201500002419,24,1,15,14,1,33,449,2,1,1,2,RUE JEAN DUPERRIER,44.893,-0.71914
201500002420,13,2,15,8,1,33,449,2,1,1,3,60 CHEMIN LAFON,44.8816,-0.69423
201500002421,20,4,15,7,1,33,449,2,1,5,3,09 RUE DE BELFORT,44.8935,-0.76905
201500002422,29,5,15,18,1,33,449,2,1,1,4,86 Av MONTESQUIEU,44.89548,-0.71824
201500002423,8,6,15,12,1,33,449,2,3,1,2,Av.Montaigne - R.Martin,44.89345,-0.7115
201500002424,5,7,15,23,5,33,449,2,6,1,2,Chemin Lafon,44.8813,-0.69705
201500002425,31,7,15,7,1,33,449,2,2,1,1,AV MONTAIGNE/RTE CORBIAC,44.8918,-0.70921
201500002426,21,9,15,7,3,33,449,1,1,1,3,RD211 Av Martignas,44.86048,-0.73565
201500002427,2,10,15,11,1,33,449,1,1,1,6,,44.90114,-0.79653
201500002428,12,2,15,10,1,33,441,1,2,1,3,,45.1345,-0.63806
201500002429,16,2,15,17,1,33,458,1,2,1,3,,45.14097,-0.59731
201500002430,11,3,15,7,2,33,325,2,1,1,7,route de l'estuaire,45.10168,-0.64269
201500002431,11,6,15,7,1,33,458,1,2,1,3,,45.14105,-0.59742
201500002432,14,6,15,12,1,33,58,2,1,1,1,102 avenue de l'hopital,45.13488,-0.65883
201500002433,7,9,15,14,1,33,58,2,1,1,6,rue de l'hopital,45.13195,-0.66192
201500002434,12,9,15,19,1,33,101,1,2,1,3,D137 LD BEL ORMEAU,45.1948,-0.59566
201500002435,28,10,15,7,2,33,101,1,1,1,6,,0.0,0.0
201500002436,16,1,15,18,5,33,341,2,1,2,3,Les graviers,0.0,0.0
201500002437,10,4,15,15,1,33,341,2,1,8,6,Lieu-dit Saint Urbain,45.09512,-0.4813
201500002438,9,10,15,22,3,33,228,1,1,1,7,,45.06856,-0.51909
201500002439,3,12,15,7,2,33,530,1,1,5,3,,45.09978,-0.53683
201500002440,8,3,15,19,3,33,159,1,2,1,1,La Merlette,45.20982,-0.56306
201500002441,11,4,15,14,1,33,326,1,1,1,6,,45.31659,-0.57645
201500002442,1,7,15,8,1,33,380,1,3,1,3,,0.0,0.0
201500002443,8,1,15,12,1,33,233,1,1,1,1,LD LES ROUCHES,45.09402,-0.33446
201500002444,7,3,15,10,1,33,126,1,2,1,3,,45.11347,-0.46128
201500002445,24,5,15,1,3,33,382,1,1,1,6,,45.14742,-0.47947
201500002446,8,6,15,8,1,33,439,1,1,1,3,,45.11303,-0.38155
201500002447,16,7,15,2,3,33,233,1,1,1,2,,0.0,0.0
201500002448,19,7,15,10,1,33,233,1,3,1,1,,45.15804,-0.33792
201500002449,6,9,15,13,1,33,233,1,1,1,1,,45.0823,-0.35493
201500002450,15,12,15,22,3,33,126,1,1,5,7,,0.0,0.0
201500002451,25,12,15,4,3,33,382,2,1,5,6,lieu dit raclet,45.12567,-0.48871
201500002452,2,1,15,2,5,33,3,2,1,1,7,AVENUE PIERRE BARRE,44.9317,-0.48058
201500002453,7,1,15,17,2,33,434,2,1,1,6,"30, R Jean SABOURAIN",44.95895,-0.52144
201500002454,7,2,15,16,1,33,3,2,1,1,6,RUE DE BASSENS,44.9249,-0.49952
201500002455,6,5,15,7,1,33,487,1,1,1,6,Av BEAUVAIS,44.96664,-0.48125
201500002456,23,5,15,20,1,33,3,2,1,1,7,19 rue de jourdane,44.93443,-0.51032
201500002457,20,6,15,6,1,33,433,1,2,1,1,Chemin de l'Estrille,44.90117,-0.43745
201500002458,16,2,15,16,1,33,554,2,1,1,1,"D115, Les tabernottes",0.0,0.0
201500002459,26,10,15,19,3,33,49,1,1,1,2,,44.8758,-0.3945
201500002460,7,12,15,6,3,33,49,1,1,1,2,,44.87595,-0.39449
201500002461,6,4,15,18,1,33,454,1,1,1,6,,44.65148,-0.52498
201500002462,20,5,15,11,1,33,213,2,2,3,3,69 avenue du reys,44.68089,-0.50519
201500002463,11,7,15,10,1,33,213,1,1,1,6,Piste cyclable D805,44.66696,-0.53389
201500002464,30,7,15,12,1,33,37,2,1,1,1,RD 1113,44.7,-0.45018
201500002465,1,8,15,3,3,33,37,1,1,1,6,2 route nationale 113,44.69773,-0.47393
201500002466,2,9,15,19,1,33,213,1,1,1,1,,44.67851,-0.49824
201500002467,28,11,15,9,1,33,109,1,1,1,5,,44.6869,-0.46306
201500002468,19,12,15,13,1,33,109,2,1,1,3,RD 1113,0.0,0.0
201500002469,16,1,15,20,3,33,93,1,1,2,6,-,44.73974,-0.33731
201500002470,27,1,15,13,1,33,363,1,1,1,1,,44.76587,-0.36787
201500002471,17,4,15,12,1,33,534,2,1,1,2,10 route de bordeaux,44.71057,-0.40457
201500002472,25,6,15,15,1,33,140,1,9,7,2,,0.0,0.0
201500002473,4,7,15,2,5,33,241,2,1,1,1,7 ROUTE DE BORDEAUX,49.69568,-0.37866
201500002474,6,7,15,14,1,33,263,1,1,1,2,,0.0,0.0
201500002475,20,9,15,17,1,33,505,1,1,1,5,LD Caillou Blanc,44.77177,-0.31725
201500002476,25,1,15,2,5,33,165,2,1,1,1,avenue de l'entre 2 mers,44.82533,-0.45117
201500002477,14,3,15,11,1,33,330,1,1,1,1,,44.86202,-0.45868
201500002478,22,11,15,1,5,33,496,1,1,1,1,,0.0,0.0
201500002479,2,7,15,14,1,33,80,1,5,1,3,,0.0,0.0
201500002480,24,9,15,8,1,33,80,2,1,1,6,3 PLACE DE L EGLISE,44.75565,-0.52966
201500002481,25,9,15,9,1,33,501,2,1,1,3,65 avenue de Gaulle,44.65348,-0.59653
201500002482,29,9,15,10,1,33,238,2,1,7,6,4bis rue jules guesde,44.73239,-0.59891
201500002483,6,10,15,11,1,33,501,2,1,1,1,ZA DE MIGELANE,44.68148,-0.60797
201500002484,4,11,15,7,2,33,77,1,1,1,6,,44.58048,-0.57572
201500002485,9,4,15,15,1,33,337,1,2,1,3,,44.55065,-0.3169
201500002486,31,7,15,10,1,33,40,2,1,2,1,RD13  route de cardan,44.65282,-0.31851
201500002487,15,8,15,21,5,33,81,1,1,1,1,,44.63592,-0.32397
201500002488,17,10,15,20,3,33,81,1,1,1,6,,0.0,0.0
201500002489,24,2,15,7,1,33,321,1,1,2,6,,45.0413,-0.41256