Num_Acc,jour,mois,an,hr,condition_eclairage,departement,commune,condition_agglomeration,intersection,condition_atmosphere,type_collision,adresse,lattitude,longitude
201500002490,28,2,15,19,3,33,495,1,1,2,1,Av.Pierre Mendes-France,45.01471,-0.38989
201500002491,7,6,15,0,3,33,425,1,3,1,5,,45.0478,-0.47034
201500002492,8,6,15,20,2,33,143,1,1,1,3,R.de Lombagne,44.97708,-0.43896
201500002493,6,8,15,18,1,33,366,1,1,1,3,Ch du pas de Monac,44.99192,-0.42304
201500002494,24,1,15,5,3,33,367,1,1,1,7,D228,44.61211,-0.17616
201500002495,25,3,15,6,1,33,357,1,1,1,3,,44.5109,-0.26908
201500002496,8,4,15,11,1,33,227,2,1,1,3,ZI DUMES,44.5403,-0.24202
201500002497,29,4,15,18,1,33,533,2,1,1,1,RD 1113,44.55824,-0.26106
201500002498,30,4,15,10,1,33,130,1,1,1,4,,44.52037,-0.19918
201500002499,21,9,15,18,1,33,227,2,1,1,1,"50, rue Abel Gourgues",44.55282,-0.25438
201500002500,10,10,15,17,1,33,435,1,3,1,3,,44.56581,-0.23741
201500002501,22,10,15,16,1,33,279,1,6,1,3,giratoire N524,44.51578,-0.23945
201500002502,21,11,15,3,3,33,237,1,1,3,6,,44.518,-0.3306
201500002503,28,11,15,22,3,33,533,2,9,1,3,RD 1113,44.56056,-0.26779
201500002504,20,2,15,9,1,33,178,1,1,1,6,Lieu-dit Andrieux,44.43691,-0.15578
201500002505,8,7,15,12,1,33,36,2,5,1,6,R Paul Lamarque,44.4321,-0.2164
201500002506,10,6,15,12,1,33,316,1,1,2,6,,44.74358,0.06279
201500002507,7,6,15,15,1,33,404,1,1,1,7,,44.61437,0.06604
201500002508,16,6,15,17,1,33,400,1,1,1,1,,44.69952,0.09353
201500002509,19,6,15,9,1,33,481,1,2,1,2,Lieu-diit Bardot,44.64031,0.05065
201500002510,30,9,15,15,1,33,136,1,1,1,6,,44.65672,0.12633
201500002511,10,2,15,8,1,33,2,1,1,7,1,,44.4743,-0.08999
201500002512,10,4,15,11,1,33,352,2,1,1,7,RUE DES REMPARTS,44.58316,-0.03396
201500002513,27,5,15,10,1,33,216,1,1,1,7,,44.46517,-0.12619
201500002514,20,6,15,14,1,33,21,1,1,1,1,,0.0,0.0
201500002515,14,10,15,10,1,33,331,1,1,1,1,,44.53545,-0.07792
201500002516,14,11,15,14,1,33,352,1,1,2,6,,44.56911,-0.04893
201500002517,19,11,15,22,3,33,21,1,1,2,6,,44.51561,-0.1803
201500002518,25,11,15,6,3,33,72,1,2,2,3,,44.52464,-0.13586
201500002519,21,7,15,12,1,33,484,2,1,1,7,RD 220E2 let Caillou,0.0,0.0
201500002520,28,2,15,16,1,33,215,1,1,2,6,,44.69836,-0.24116
201500002521,7,3,15,12,1,33,506,1,1,1,7,,44.69637,-0.08044
201500002522,22,3,15,18,1,33,506,2,3,1,3,12 bld du 11 novembre 18,44.69477,-0.08441
201500002523,5,4,15,8,1,33,43,2,1,1,7,LE BOURG,0.0,0.0
201500002524,22,6,15,7,1,33,8,1,1,1,1,CHEMIN DE BENAUGE,44.66477,-0.26624
201500002525,10,7,15,10,1,33,482,1,1,1,5,,0.0,0.0
201500002526,12,8,15,20,2,33,275,1,1,1,3,,44.7036,-0.16666
201500002527,10,6,15,16,1,20,681,1,2,1,3,,0.0,0.0
201500002528,1,2,15,6,3,33,128,1,1,1,6,,45.35292,-0.91698
201500002529,15,2,15,17,1,33,240,2,1,1,1,Avenue Mendes France,45.31297,-0.94132
201500002530,10,3,15,20,2,33,38,1,1,1,1,,0.0,0.0
201500002531,23,4,15,11,1,33,240,2,9,1,1,Av. de BORDEAUX,45.29757,-0.93036
201500002532,7,7,15,13,1,33,240,2,1,1,3,Ch de Fongrouse,45.29554,-0.9254
201500002533,25,7,15,14,1,33,300,1,1,1,3,Piste n°200,45.26097,-1.14518
201500002534,25,8,15,18,1,33,338,1,2,1,3,LD LA LAGUNE,45.3211,-0.90152
201500002535,10,9,15,13,1,33,412,1,2,7,3,Ld St Gaux,45.26365,-0.90604
201500002536,25,9,15,22,3,33,177,1,1,1,1,,0.0,0.0
201500002537,2,10,15,7,2,33,240,2,1,1,3,Rue Paul VIGNAU,45.30151,-0.9357
201500002538,13,10,15,8,2,33,240,2,3,8,3,"3, rue Eugène Coiffard",45.30169,-0.92373
201500002539,16,10,15,21,3,33,55,1,2,1,3,,45.32593,-0.88362
201500002540,24,11,15,10,1,33,177,1,1,2,4,D1215 - LD GADET,45.3288,-0.96966
201500002541,7,12,15,14,1,33,240,1,1,1,6,24 Cr Jean Jaures,45.30603,-0.93447
201500002542,10,2,15,19,1,33,248,1,1,1,1,,45.06535,-0.79523
201500002543,13,3,15,18,2,33,417,1,1,1,2,D6,44.96926,-0.92596
201500002544,10,7,15,11,1,33,297,1,2,1,3,D5,45.0869,-0.73998
201500002545,14,8,15,18,1,33,494,1,1,1,1,,45.42205,-0.98605
201500002546,28,8,15,22,3,33,12,1,1,1,1,,44.97166,-0.69459
201500002547,12,10,15,16,1,33,10,1,1,1,4,,45.06928,-0.72301
201500002548,3,11,15,16,1,33,12,1,1,2,6,D1215E1,44.98156,-0.73825
201500002549,30,1,15,14,1,33,314,1,1,8,3,,45.18162,-0.77021
201500002550,20,6,15,23,3,33,395,1,2,1,3,,45.25843,-0.80263
201500002551,6,7,15,9,1,33,424,2,1,1,3,R du DR Destouesse,45.14726,-0.8251
201500002552,26,7,15,16,1,33,314,2,6,1,7,RD 205,0.0,0.0
201500002553,5,9,15,22,3,33,424,1,1,1,1,,0.0,0.0
201500002554,14,10,15,7,1,33,314,1,1,1,5,,45.20676,-0.75599
201500002555,25,7,15,20,1,33,514,2,1,1,3,11 R du Cardinal Donnet,45.51304,-1.12403
201500002556,14,10,15,7,2,33,541,1,2,1,1,,45.41552,-1.03519
201500002557,1,11,15,18,5,33,208,1,1,1,6,D103,45.42205,-0.98601
201500002558,14,5,15,18,1,33,15,2,2,1,3,Port du Noyer,44.91004,-0.25804
201500002559,12,7,15,20,1,33,15,1,1,1,6,,0.0,0.0
201500002560,11,8,15,7,1,33,52,1,3,1,1,,44.95949,-0.23994
201500002561,17,9,15,18,1,33,15,1,3,1,3,,0.0,0.0
201500002562,19,9,15,11,1,33,222,1,3,1,1,,44.95458,-0.18762
201500002563,4,11,15,20,5,33,222,1,3,1,1,,44.94135,-0.20772
201500002564,28,11,15,22,5,33,207,2,6,1,7,Av du Général De Gaulle,44.92053,-0.3702
201500002565,13,12,15,6,3,33,222,1,1,2,2,,0.0,0.0
201500002566,27,12,15,11,1,33,243,2,1,1,6,14 Av Général de Gaulle,44.90713,-0.23136
201500002567,25,1,15,0,3,33,298,1,1,9,1,,44.88715,-0.21959
201500002568,3,2,15,17,1,33,141,1,1,1,3,,44.8357,-0.34278
201500002569,12,4,15,10,1,33,466,2,1,1,6,24 ROUTE DE GENISSAC,44.82545,-0.29218
201500002570,10,5,15,18,2,33,296,2,1,1,6,128 route de piquessegue,44.83595,-0.00577
201500002571,15,6,15,17,1,33,413,1,1,1,6,,44.8488,-0.34218
201500002572,14,6,15,18,1,33,531,1,3,1,1,,44.8178,-0.25372
201500002573,17,8,15,14,1,33,421,1,1,1,2,"2, R Le Plantey",44.81286,-0.14169
201500002574,22,8,15,22,5,33,466,2,2,1,3,lieu dit magrine,0.0,0.0
201500002575,12,9,15,8,1,33,185,1,1,2,1,,44.86424,-0.25405
201500002576,21,9,15,14,1,33,147,1,1,1,6,Pis Cycl R.LAPEBIE,44.79012,-0.23332
201500002577,28,11,15,10,1,33,71,1,1,1,3,,0.0,0.0
201500002578,14,12,15,18,3,33,185,2,1,1,2,D121 ROUTE DU STADE,44.86295,-0.25537
201500002579,10,3,15,18,1,33,394,1,1,1,5,RD670E5,44.86992,-0.14814
201500002580,19,7,15,12,1,33,328,1,2,1,5,,0.0,0.0
201500002581,28,9,15,18,2,33,261,1,1,1,1,,44.98997,-0.09063
201500002582,30,10,15,11,1,33,394,1,1,1,2,,0.0,0.0
201500002583,17,5,15,10,1,33,154,1,3,1,1,,45.08959,-0.05292
201500002584,15,5,15,10,1,33,385,1,1,1,6,,45.10058,-0.00417
201500002585,17,8,15,2,3,33,154,1,1,1,6,Lieu-dit POIRASSE,45.07821,-0.04121
201500002586,29,11,15,6,5,33,332,1,1,1,1,,45.02548,0.00032
201500002587,24,12,15,16,1,33,166,1,1,1,7,,45.03444,-0.02864
201500002588,20,5,15,11,1,33,393,2,9,1,6,quai de l'église,44.99198,-0.20768
201500002589,31,7,15,16,1,33,393,1,1,1,1,,0.0,0.0
201500002590,27,8,15,20,1,33,230,1,1,1,6,,0.0,0.0
201500002591,13,9,15,15,1,33,218,1,1,8,3,D17,45.08733,-0.16016
201500002592,10,10,15,21,5,33,393,2,1,1,6,96 ROUTE DE PARIS,44.98879,-0.20795
201500002593,15,11,15,0,3,33,393,1,1,5,1,,44.98596,-0.20784
201500002594,17,12,15,18,3,33,362,1,1,1,1,,0.0,0.0
201500002595,7,2,15,20,3,33,324,1,1,1,6,,44.8302,0.23465
201500002596,11,6,15,12,1,33,186,1,1,1,1,,44.79381,0.06533
201500002597,27,12,15,19,3,33,269,1,1,1,6,,44.76695,0.25023
201500002598,31,5,15,18,1,33,259,1,1,1,1,,0.0,0.0
201500002599,29,6,15,17,1,33,219,1,1,1,3,,0.0,0.0
201500002600,21,7,15,21,3,33,317,1,1,1,7,,0.0,0.0
201500002601,6,10,15,17,1,33,451,1,1,9,2,,44.9455,-0.2872
201500002602,12,10,15,7,2,33,219,2,1,1,6,130 rte la commanderie,44.98025,-0.38005
201500002603,5,3,15,12,1,24,13,1,1,1,1,LA CHIÈZE,45.1385,0.75609
201500002604,26,7,15,0,3,24,571,1,1,1,6,PRAIRIE DES GUILLOUX,45.0369,0.75702
201500002605,10,12,15,21,3,24,115,1,1,1,7,LA MONNERIE,45.261,0.68297
201500002606,8,3,15,18,1,24,42,1,1,1,7,,45.2887,0.67085
201500002607,20,3,15,23,3,24,64,1,1,5,7,,45.3754,0.68641
201500002608,2,5,15,18,1,24,64,2,1,2,1,,45.36,0.6667
201500002609,3,5,15,21,1,24,2,1,1,1,6,FONTROUBADE,45.3041,0.73698
201500002610,11,7,15,14,1,24,579,1,1,1,1,MOULIN DU ROC,45.4293,0.49429
201500002611,19,7,15,20,1,24,79,1,1,1,1,MARGNAC,45.4202,0.64853
201500002612,27,7,15,9,1,24,42,1,1,1,5,,45.2861,0.67156
201500002613,10,1,15,11,1,24,372,1,1,2,1,LA BASSE VAURE,45.1323,0.51132
201500002614,7,3,15,13,1,24,372,1,1,1,1,LA COMBETTE,45.1615,0.54972
201500002615,10,3,15,15,1,24,442,1,1,1,6,,45.1054,0.49813
201500002616,20,4,15,17,1,24,108,1,1,1,3,LES BOIGES,45.2272,0.6328
201500002617,3,5,15,17,1,24,108,1,1,1,6,FEYTAUD,45.2359,0.65234
201500002618,13,5,15,12,1,24,372,1,1,1,2,Z.A. LA SERVE,45.1487,0.54098
201500002619,20,5,15,19,1,24,372,1,1,1,2,LA VAURE,45.1318,0.50905
201500002620,26,5,15,12,1,24,10,2,6,1,3,ROND POINT RD3E6 - RD3,45.1727,0.59241
201500002621,14,7,15,16,1,24,236,1,1,1,5,SIRIEX,45.1951,0.56684
201500002622,5,1,15,13,1,24,120,1,1,1,6,LES GR?ZAUDOUX,45.2765,1.11513
201500002623,13,5,15,17,1,24,550,1,1,1,6,LA RIVIÈRE,45.1201,1.09538
201500002624,11,7,15,21,3,24,308,1,1,1,6,LE VACHET,45.3262,0.87175
201500002625,18,7,15,13,1,24,417,1,1,1,7,LES VIGNES BASSES,45.3405,1.00292
201500002626,1,8,15,22,5,24,164,2,1,1,6,37 AV DU DOCTEUR RABAUD,45.3368,1.04516
201500002627,29,8,15,14,1,24,417,1,1,1,7,,45.3431,0.98562
201500002628,30,10,15,11,1,24,19,1,1,1,1,VEYRE,45.1699,1.12477
201500002629,5,1,15,0,3,24,259,1,1,5,6,LES SARRAZIES,44.9041,0.46467
201500002630,22,4,15,14,1,24,487,1,2,1,3,LES FEROUX,44.8618,0.32494
201500002631,2,5,15,17,1,24,182,1,1,2,4,LE MAINE,44.8799,0.23693
201500002632,18,5,15,7,1,24,499,1,1,1,6,,44.8775,0.5944
201500002633,12,6,15,18,1,24,340,1,3,1,2,LE TUQUET,44.8508,0.42564
201500002634,12,8,15,23,3,24,277,1,1,2,6,MALEVIEILLE,44.8941,0.24996
201500002635,21,8,15,17,1,24,242,1,1,1,3,LA FONT DE SOULE,44.9138,0.61814
201500002636,2,9,15,12,1,24,472,1,1,1,1,LES MARROUX,44.8055,0.56474
201500002637,5,1,15,10,1,24,68,1,1,1,1,LA GARRIGUE,44.8441,0.83321
201500002638,16,4,15,9,1,24,290,1,1,1,1,LA BABÉE,44.7535,0.87435
201500002639,10,5,15,17,1,24,68,1,1,1,4,ROUTE DE BERGERAC,44.8458,0.89681
201500002640,31,5,15,17,1,24,80,1,1,1,7,,44.6841,0.99004
201500002641,7,3,15,18,1,24,23,1,1,1,6,LES FONTENILLES,44.8363,0.68884
201500002642,3,11,15,17,2,24,223,2,1,2,7,BD DE LA RÉSISTANCE,44.8364,0.73613
201500002643,14,5,15,11,1,24,194,2,1,1,2,AVENUE DE LA RÉPUBLIQUE,44.83663,0.33274
201500002644,24,6,15,11,1,24,225,2,1,1,1,RD 936,44.8427,0.38018
201500002645,1,8,15,14,1,24,274,1,2,1,3,POULVERE,44.8048,0.49209
201500002646,19,8,15,7,1,24,274,1,1,1,6,LE CAILLOU,44.802,0.492
201500002647,18,10,15,14,1,24,282,1,1,2,3,,44.7221,0.55542
201500002648,16,10,15,8,1,24,167,2,9,1,1,ROUTE DES COTES,44.6755,0.39702
201500002649,10,12,15,17,2,24,274,1,1,1,2,,44.8111,0.47453
201500002650,22,6,15,11,1,24,335,1,1,1,2,LES CÔTEAUX,44.8502,0.20419
201500002651,27,12,15,17,2,24,370,2,1,1,1,RUE DU PERICOU,44.8458,0.16224
201500002652,4,10,15,17,1,24,498,2,3,2,1,LE BOURG,45.5432,0.81497
201500002653,8,10,15,7,1,24,458,1,1,1,6,MERIGNAC,45.5463,0.63989
201500002654,8,2,15,11,1,24,227,1,1,1,6,LA BASSE MERLE,45.3661,1.12672
201500002655,5,4,15,6,2,24,8,1,1,1,6,LA POUGE,45.4414,1.14372
201500002656,25,7,15,20,2,24,95,1,1,1,1,LE MAS,45.5132,0.93402
201500002657,2,8,15,11,1,24,218,1,1,1,6,,45.496,1.065
201500002658,5,9,15,8,1,24,519,1,1,1,6,LA POMELIE,45.463,1.134
201500002659,1,11,15,10,1,24,453,1,1,7,1,,45.4628,0.8688
201500002660,4,12,15,9,1,24,8,1,1,1,6,L'HEPITAL,45.4308,1.14225
201500002661,13,7,15,23,3,24,352,1,1,1,7,GAYET,45.2333,0.32174
201500002662,26,7,15,11,1,24,178,1,2,1,3,,45.2315,0.26324
201500002663,31,10,15,16,1,24,90,1,1,1,7,,45.3041,0.4159
201500002664,3,11,15,15,1,24,352,2,1,8,1,RUE DE VERDUN,45.245,0.33379
201500002665,8,11,15,15,1,24,482,1,1,1,6,,45.3023,0.27516
201500002666,8,11,15,23,3,24,586,1,1,1,1,,45.2815,0.34943
201500002667,29,11,15,21,5,24,352,2,2,1,3,BD FRANÇOIS MITTERAND,45.2494,0.33539
201500002668,15,3,15,20,3,24,264,1,1,1,3,ROUTE DU MOULIN NEUF,45.0138,0.09641
201500002669,11,4,15,19,1,24,449,1,2,1,3,BÉNÉVENT,45.021,0.25099
201500002670,13,4,15,12,1,24,418,2,1,1,6,RUE DU CENTRE,45.1374,0.44774
201500002671,2,5,15,22,5,24,294,2,1,2,6,RUE ANDRE MALRAUX,45.0215,0.16626
201500002672,12,5,15,12,1,24,436,2,1,1,1,,45.0403,0.25763
201500002673,30,6,15,8,1,24,294,2,1,1,6,RUE THIERS,45.0099,0.16022
201500002674,15,7,15,0,5,24,380,2,1,1,7,LE BOURG,45.0776,0.20973
201500002675,2,8,15,6,1,24,299,2,1,1,7,ROUTE DE BOST,45.0338,0.37202
201500002676,10,10,15,21,5,24,294,2,2,1,3,RUE LABORDE/VERDUN,45.009,0.16041
201500002677,30,7,15,17,1,24,159,1,1,1,1,LONDEIX,45.1213,0.208
201500002678,31,10,15,19,3,24,118,1,1,1,6,LA PLANCHE,45.2128,0.104
201500002679,22,5,15,14,1,24,577,1,1,1,6,LA PIERRE DU DIABLE,44.852,1.20452
201500002680,3,6,15,17,1,24,255,1,1,1,1,LA RIGAUDIE,44.9522,1.11203
201500002681,21,6,15,22,2,24,50,1,1,1,6,PEYREPLATE,44.9444,1.40728
201500002682,19,11,15,10,1,24,366,1,1,2,6,,44.9085,1.13997
201500002683,21,11,15,9,1,24,355,1,1,1,1,LE GAILLARDOU,44.8167,1.21398
201500002684,17,2,15,11,1,24,35,1,1,1,7,FONGALOP,44.72634,0.9608
201500002685,22,2,15,17,1,24,375,1,1,1,3,,44.7249,1.26798
201500002686,10,4,15,15,1,24,86,2,1,1,1,LA CHAPELLE PECHAUD,44.778,1.11704
201500002687,17,5,15,8,1,24,91,2,6,1,3,LE BOURG,44.7977,1.2041
201500002688,19,5,15,17,1,24,152,1,1,1,1,,44.8218,1.22683
201500002689,23,3,15,7,1,24,510,2,1,1,6,LE TIRADOU,44.8365,1.11369
201500002690,9,4,15,18,1,24,142,1,1,1,1,SAINT-GEORGES,44.8716,0.98793
201500002691,18,4,15,17,1,24,67,1,1,1,7,,44.9371,0.90745
201500002692,10,5,15,19,1,24,41,1,1,1,2,,44.8484,1.07966
201500002693,15,7,15,2,5,24,172,1,1,1,6,LES EYMARIES,44.9307,0.998
201500002694,18,7,15,9,1,24,67,1,2,1,3,LA CLUZE,44.9085,0.94167
201500002695,24,7,15,18,1,24,356,2,3,1,3,LA MÉNIQUE,45.0406,0.98237
201500002696,1,1,15,5,3,24,326,1,1,1,7,LA ROUSSERIE,44.9854,1.07784
201500002697,24,3,15,1,3,24,14,1,1,1,6,LE PIGEONNIER,45.0814,1.18743
201500002698,25,7,15,1,3,24,30,1,1,1,7,ROUTE DE LAGE,45.1483,1.23921
201500002699,2,8,15,17,1,24,547,2,1,1,2,PONT DE L'EUROPE,45.1296,1.31196
201500002700,2,12,15,8,1,40,273,1,1,1,1,,43.53589,-1.42592
201500002701,13,2,15,13,1,40,250,1,1,1,5,,43.92029,-0.44777
201500002702,14,3,15,7,2,40,58,1,1,1,6,,44.08832,-0.47124
201500002703,12,4,15,18,1,40,169,1,1,1,6,,44.20664,-0.16185
201500002704,12,5,15,5,3,40,297,1,1,5,7,,44.16384,-0.53787
201500002705,11,8,15,16,1,40,320,1,1,1,6,,43.96392,-0.52988
201500002706,26,9,15,11,1,40,56,2,1,1,3,CD 651,44.0438,-0.53562
201500002707,15,11,15,8,2,40,105,1,1,5,1,,44.07961,-0.67592
201500002708,6,12,15,16,1,40,81,1,1,1,6,,44.01513,-0.52697
201500002709,8,12,15,20,3,40,234,1,1,2,1,,43.96041,-0.32848
201500002710,10,12,15,12,1,40,250,1,1,1,6,,43.94237,-0.4039
201500002711,19,12,15,5,3,40,245,1,1,1,6,,44.0455,-0.32161
201500002712,15,1,15,7,3,40,142,1,9,1,7,,43.83729,-1.02877
201500002713,31,1,15,14,1,40,230,1,1,4,7,,43.76954,-0.95873
201500002714,23,2,15,11,1,40,309,1,1,2,1,,43.78826,-0.72207
201500002715,25,3,15,7,2,40,313,1,1,1,2,,43.8312,-0.82574
201500002716,31,3,15,14,1,40,243,1,1,3,7,,43.95501,-0.98469
201500002717,31,5,15,1,3,40,230,1,1,1,6,,0.0,0.0
201500002718,7,9,15,19,1,40,230,1,1,1,2,,43.76258,-0.96815
201500002719,29,12,15,9,2,40,31,1,1,5,2,,43.82658,-0.85284
201500002720,13,1,15,18,3,40,123,1,1,1,1,,43.83305,-1.10206
201500002721,19,4,15,17,2,40,123,1,1,1,6,,43.81898,-1.09079
201500002722,10,5,15,3,3,40,277,1,1,1,7,,43.67309,-1.03437
201500002723,18,5,15,18,2,40,202,2,1,1,6,ROUTE D'ORTHEZ,43.69333,-1.01079
201500002724,2,10,15,20,3,40,244,1,1,1,3,,43.70487,-1.17339
201500002725,29,10,15,18,2,40,202,1,1,1,1,,43.70258,-1.01937
201500002726,6,11,15,19,3,40,283,1,1,1,1,,43.73897,-1.01839
201500002727,14,1,15,7,2,40,36,1,3,1,3,,43.62415,-1.37978
201500002728,21,8,15,14,1,40,65,2,1,1,6,37 Bd du Docteur Junqua,43.64176,-1.42694
201500002729,23,8,15,3,3,40,296,2,1,2,6,route d'Yrache,43.68061,-1.37168
201500002730,26,9,15,11,1,40,133,2,1,1,7,RD810 - LABENNE,43.58397,-1.43151
201500002731,10,11,15,22,3,40,296,1,1,1,1,,43.6768,-1.41812
201500002732,16,6,15,18,1,40,150,1,2,1,3,,43.8653,-1.32666
201500002733,21,8,15,15,1,40,123,1,1,1,5,,43.82608,-1.09651
201500002734,26,2,15,14,1,40,201,1,1,2,6,,43.74457,-0.72559
201500002735,17,4,15,0,3,40,2,1,1,1,7,,43.60101,-0.76896
201500002736,24,4,15,19,1,40,205,1,1,1,3,,43.71845,-0.81646
201500002737,2,7,15,19,1,40,194,1,1,1,7,,43.7039,-0.8466
201500002738,27,11,15,18,5,40,126,2,2,2,5,route du bastarot,43.70529,-0.94094
201500002739,27,11,15,19,3,40,228,1,1,2,6,,43.63879,-0.83613
201500002740,5,2,15,19,3,40,183,1,1,1,1,,43.64445,-0.94441
201500002741,6,4,15,13,1,40,118,1,1,1,6,,43.56716,-0.93727
201500002742,25,4,15,5,3,40,132,1,1,2,6,,43.54904,-1.01542
201500002743,2,5,15,19,1,40,231,1,1,1,6,,43.58192,-1.15659
201500002744,20,6,15,16,1,40,34,2,1,1,1,511 route moulin à vent,43.59236,-1.11676
201500002745,22,6,15,11,1,40,132,1,1,1,6,,43.54155,-1.01467
201500002746,16,7,15,12,1,40,206,1,1,1,3,,43.51899,-1.10667
201500002747,28,7,15,10,1,40,120,1,1,1,1,,43.54078,-1.12794
201500002748,24,8,15,10,1,40,224,2,1,1,6,3 rue gambetta,43.54425,-1.10541
201500002749,23,9,15,16,1,40,224,2,1,1,3,"D817, PK 16+800",43.5503,-1.12312
201500002750,30,9,15,7,2,40,233,1,1,1,7,,43.61688,-1.01693
201500002751,27,10,15,18,3,40,77,1,1,2,3,,43.54476,-1.07644
201500002752,31,10,15,23,3,40,254,1,1,5,7,,43.54003,-1.04418
201500002753,1,11,15,13,1,40,212,1,1,1,2,RD 817,43.55747,-1.14596
201500002754,19,11,15,20,3,40,95,1,6,1,6,,43.60736,-0.90941
201500002755,25,12,15,0,3,40,231,1,1,1,6,,43.57616,-1.16218
201500002756,3,4,15,14,1,40,310,1,1,1,7,,43.76788,-1.30649
201500002757,27,6,15,17,1,40,284,2,2,7,3,"RD 810, 325 rte de bayon",43.65652,-1.31366
201500002758,14,7,15,16,1,40,181,1,1,1,3,,43.82432,-1.37209
201500002759,30,7,15,18,1,40,21,1,1,1,7,,43.79916,-1.3087
201500002760,11,10,15,19,2,40,284,2,3,1,1,avenue d'aspremont,43.65885,-1.3003
201500002761,29,10,15,19,3,40,261,1,1,1,6,,43.67361,-1.26699
201500002762,2,11,15,7,1,40,310,1,1,1,1,,43.73734,-1.29521
201500002763,19,5,15,22,5,40,273,1,1,2,6,,43.52424,-1.40891
201500002764,27,5,15,16,1,40,312,2,1,1,3,28 allée des érables,43.54631,-1.48868
201500002765,21,12,15,13,1,40,312,2,1,1,1,,43.52158,-1.4646
201500002766,28,2,15,17,1,40,332,2,1,2,6,Rue Felix Arnaudin,44.32779,-0.95127
201500002767,3,3,15,13,1,40,46,2,1,2,1,RD652 route de bordeaux,44.4143,-1.15389
201500002768,23,3,15,8,1,40,46,1,1,1,7,,44.42885,-1.13574
201500002769,17,4,15,7,1,40,217,1,1,2,5,,44.33894,-0.9968
201500002770,27,4,15,19,1,40,287,1,1,1,6,,44.46291,-1.06979
201500002771,21,5,15,17,1,40,332,1,1,1,7,,44.33064,-0.97938
201500002772,7,7,15,21,3,40,46,1,1,1,7,,44.46012,-1.09427
201500002773,19,10,15,7,2,40,332,1,1,1,6,,44.35524,-0.95172
201500002774,20,1,15,22,5,40,197,2,1,1,6,rue Nelson Gaston,44.02784,-0.90972
201500002775,7,6,15,15,2,40,6,1,1,1,7,,44.0298,-0.78141
201500002776,7,7,15,7,2,40,163,1,1,7,7,,44.20248,-0.94287
201500002777,2,8,15,7,1,40,197,2,1,1,7,rue lucette moreau,44.21207,-0.92185
201500002778,21,10,15,7,4,40,107,2,1,5,6,336 rue du Lavoir,44.01547,-0.9264
201500002779,7,1,15,2,3,40,8,2,1,5,6,"RD 651, Route de Belhade",44.37381,-0.64749
201500002780,29,1,15,1,3,40,200,2,1,2,6,Le Bourg,44.36028,-0.76184
201500002781,27,2,15,12,1,40,200,1,1,1,1,,44.34788,-0.77027
201500002782,11,5,15,18,1,40,246,1,1,1,6,,44.12634,-0.68801
201500002783,21,7,15,16,1,40,171,1,1,1,7,,44.42444,-0.65839
201500002784,30,7,15,10,1,40,200,1,1,1,7,,44.357,-0.79295
201500002785,26,8,15,15,1,40,85,1,1,1,6,,44.22805,-0.82806
201500002786,16,9,15,12,1,40,85,1,1,6,6,,44.21383,-0.87374
201500002787,30,9,15,20,3,40,156,1,1,1,6,,44.2594,-0.85281
201500002788,18,8,15,11,1,40,182,1,1,1,6,,44.07233,-1.15579
201500002789,30,10,15,22,5,40,184,2,1,1,3,,44.20451,-1.22431
201500002790,24,1,15,23,3,40,119,1,1,1,1,,43.65061,-0.61097
201500002791,28,1,15,12,1,40,253,1,2,1,3,,43.64857,-0.66501
201500002792,1,5,15,12,1,40,98,1,1,2,6,,43.70224,-0.53393
201500002793,10,5,15,10,1,40,119,2,1,1,6,rue thiers,43.65352,-0.59412
201500002794,30,5,15,16,1,40,196,1,1,1,6,,43.72684,-0.49208
201500002795,22,8,15,8,1,40,119,1,1,1,6,,43.64675,-0.61482
201500002796,8,9,15,23,3,40,282,1,1,1,6,,43.74629,-0.54669
201500002797,16,9,15,8,1,40,191,1,1,8,1,,43.75269,-0.6005
201500002798,13,12,15,2,3,40,138,1,1,1,6,,43.61109,-0.5952
201500002799,16,12,15,16,1,40,282,1,1,1,6,,43.75516,-0.58382
201500002800,20,1,15,17,1,40,146,1,1,1,6,,43.64056,-0.29528
201500002801,27,1,15,15,1,40,1,1,1,8,3,,43.69071,-0.24975