Num_Acc,jour,mois,an,hr,condition_eclairage,departement,commune,condition_agglomeration,intersection,condition_atmosphere,type_collision,adresse,lattitude,longitude
201500002802,8,3,15,16,1,40,22,1,2,1,1,,43.6698,-0.33193
201500002803,6,4,15,17,1,40,70,1,2,1,3,,43.82513,-0.34024
201500002804,2,7,15,15,1,40,1,2,1,1,6,avenue des Pyrénées,43.70007,-0.26429
201500002805,23,7,15,13,1,40,22,1,2,1,5,,43.66977,-0.33194
201500002806,8,9,15,18,1,40,1,2,1,1,3,52 avenue du 4 septembre,43.70442,-0.255
201500002807,18,8,15,9,1,40,22,1,2,1,3,,43.66491,-0.36641
201500002808,26,9,15,19,2,40,226,1,1,7,1,,43.56991,-0.39465
201500002809,3,10,15,15,1,40,1,2,1,1,1,rue du jardin public,43.69976,-0.262
201500002810,12,10,15,17,1,40,270,1,1,2,1,,43.67052,-0.39119
201500002811,6,11,15,9,1,40,286,1,1,1,3,,43.65073,-0.52573
201500002812,12,12,15,11,1,40,119,2,1,1,3,RUE ST GIRONS,43.65695,-0.59519
201500002813,4,1,15,20,5,40,218,2,1,1,7,carrefour CD36 et CD37,43.94903,0.01053
201500002814,12,5,15,17,1,40,331,1,2,1,3,,43.87917,-0.34502
201500002815,10,6,15,13,1,40,267,1,1,1,3,,44.0032,-0.20346
201500002816,8,8,15,4,3,40,102,1,1,1,6,,43.99428,0.01587
201500002817,10,8,15,1,3,40,161,1,1,1,6,,44.09251,-0.02061
201500002818,14,8,15,8,1,40,331,2,1,8,6,AVENUE DE L ARMAGNAC,43.89192,-0.30392
201500002819,6,10,15,11,1,40,331,1,3,1,6,,43.90109,-0.30534
201500002820,27,10,15,19,3,40,255,1,1,3,5,,43.88637,-0.33906
201500002821,15,12,15,8,1,40,331,1,1,1,6,,43.8923,-0.2767
201500002822,7,1,15,10,1,47,91,1,1,9,1,,44.1673,0.5857
201500002823,27,1,15,16,1,47,91,1,1,1,6,,0.0,0.0
201500002824,12,2,15,5,3,47,100,1,1,1,1,,44.2379,0.61731
201500002825,28,2,15,16,1,47,137,1,1,1,1,,44.1124,0.52585
201500002826,28,4,15,17,1,47,19,1,1,1,7,,44.2358,0.69452
201500002827,13,6,15,17,1,47,19,1,1,8,1,LDT TASTEBI,44.2408,0.70358
201500002828,21,7,15,19,1,47,300,1,1,1,3,,44.21,0.529
201500002829,25,7,15,8,1,47,15,1,1,1,6,,44.0498,0.67111
201500002830,12,9,15,16,1,47,91,1,1,8,6,,44.1666,0.58877
201500002831,21,9,15,10,1,47,69,1,1,1,1,,44.2335,0.54974
201500002832,5,10,15,9,1,47,100,1,3,2,1,,0.0,0.0
201500002833,11,10,15,16,1,47,100,1,1,1,7,,44.249,0.605
201500002834,17,10,15,22,3,47,137,1,1,1,6,lieu-dit latoute,0.0,0.0
201500002835,13,11,15,18,3,47,137,1,1,1,7,LIEU-DIT TERRADE,44.1043,0.54963
201500002836,14,11,15,7,2,47,69,1,6,1,3,sortie GIRATOIRE CAMELAT,44.2196,0.57935
201500002837,11,5,15,22,3,47,196,1,1,1,1,,44.3345,0.32297
201500002838,24,4,15,20,3,47,269,1,1,1,6,,0.0,0.0
201500002839,9,8,15,7,2,47,171,1,1,2,6,,44.3138,0.73026
201500002840,15,8,15,19,1,47,269,1,1,1,6,,44.1764,0.76204
201500002841,14,1,15,12,1,47,157,2,2,1,6,BOULEVARD ULYSSE CASSE,44.5038,0.16413
201500002842,28,1,15,20,3,47,157,1,2,3,3,,44.5114,0.20077
201500002843,15,4,15,23,3,47,157,2,1,1,6,rue des erables,44.499,0.173
201500002844,22,5,15,7,1,47,56,1,2,1,3,,44.548,0.14
201500002845,13,7,15,8,1,47,157,1,1,1,1,,0.0,0.0
201500002846,17,8,15,18,1,47,24,2,8,1,3,,44.5188,0.12786
201500002847,24,8,15,7,1,47,157,1,1,1,3,,44.4888,0.14788
201500002848,12,9,15,10,1,47,157,1,2,8,3,D132/av Condorcet,44.5112,0.20029
201500002849,24,9,15,16,1,47,326,1,3,1,3,LA GAZELLE,44.5054,0.27251
201500002850,1,10,15,9,1,47,157,1,1,1,6,,0.0,0.0
201500002851,21,11,15,12,1,47,157,2,2,1,3,LIEU-DIT LA GRAVE,44.4632,0.13924
201500002852,3,12,15,7,2,47,157,2,1,5,2,AVENUE JEAN JAURÈS,44.5037,0.15316
201500002853,27,1,15,16,1,47,86,1,1,1,1,,44.6691,0.18687
201500002854,15,3,15,4,3,47,303,1,1,1,6,,0.0,0.0
201500002855,31,5,15,7,1,47,226,1,1,1,7,,44.6155,0.33905
201500002856,8,6,15,23,3,47,271,1,1,1,2,,44.6593,0.1898
201500002857,25,5,15,20,1,47,108,1,1,1,6,,44.501,0.098
201500002858,25,6,15,19,1,47,165,1,3,7,3,,44.4994,0.07471
201500002859,26,6,15,10,1,47,165,1,2,1,3,,44.4848,0.05775
201500002860,25,10,15,8,1,47,114,1,1,1,6,,44.389,0.159
201500002861,22,11,15,0,5,47,233,2,1,1,6,44 AV. GÉNÉRAL DE GAULLE,44.5312,0.09184
201500002862,31,12,15,15,1,47,95,2,1,8,7,LIEU-DIT PETIT MAYNE,44.4234,0.28797
201500002863,12,1,15,16,1,47,310,2,1,1,6,AVENUE DE BEAUREGARD,44.3981,0.30513
201500002864,20,2,15,17,2,47,95,1,1,2,1,LE CHALET,44.4299,0.29337
201500002865,24,7,15,13,1,47,317,1,1,1,7,,44.4414,0.40861
201500002866,4,8,15,18,1,47,310,2,1,1,6,,0.0,0.0
201500002867,17,8,15,17,1,47,310,2,2,1,6,,44.3921,0.3058
201500002868,28,11,15,15,1,47,310,2,2,1,6,AV DE GAULLE/RUEGAMBETTA,44.3905,0.3088
201500002869,6,5,15,17,1,47,220,2,2,1,3,LIEU DIT BEROY,44.352,0.24464
201500002870,4,6,15,7,1,47,320,1,2,1,3,RD120/VC1,44.3184,0.20024
201500002871,19,7,15,21,2,47,52,1,4,1,1,,44.2992,0.09793
201500002872,5,9,15,19,2,47,214,1,1,1,6,,44.3115,0.25322
201500002873,26,9,15,13,1,47,12,1,2,1,3,LDT CAPITAINE,44.2792,0.16667
201500002874,9,11,15,17,1,47,250,1,2,1,3,CARREFOUR D8/D642,44.2895,0.32456
201500002875,27,4,15,6,2,47,228,1,6,3,7,,0.0,0.0
201500002876,16,7,15,0,3,47,237,1,1,1,7,,44.351,0.64172
201500002877,3,8,15,10,1,47,146,1,1,1,7,,44.4301,0.68346
201500002878,21,11,15,20,3,47,146,1,1,1,6,LIEU-DIT BELLE VUE,44.4436,0.68254
201500002879,2,2,15,7,3,47,48,1,1,8,6,,44.5691,0.62506
201500002880,4,2,15,11,1,47,324,1,3,1,3,,0.0,0.0
201500002881,18,3,15,10,1,47,324,2,1,1,6,AVENUE FRANCIS BORDES,44.639,0.74195
201500002882,11,7,15,1,3,47,240,2,1,1,7,LIEU DIT JEAN DE MICHOU,44.6137,0.74427
201500002883,15,1,15,14,1,47,36,1,1,1,6,,44.4415,0.97176
201500002884,18,1,15,5,3,47,70,1,1,1,7,,44.4772,0.90954
201500002885,14,7,15,22,2,47,314,1,2,1,3,Carrefour D 243 / D 246,44.4166,0.89309
201500002886,16,12,15,13,1,47,64,1,1,1,7,LIEU-DIT RIVEMPLE,44.385,0.90948
201500002887,22,3,15,16,1,47,252,1,1,1,6,,44.423,0.617
201500002888,3,7,15,1,3,47,309,2,1,1,6,LIEU DIT VILLENEUVE,44.504,0.45411
201500002889,19,10,15,14,1,47,239,1,1,1,6,,0.0,0.0
201500002890,26,10,15,17,1,47,309,1,1,1,3,,0.0,0.0
201500002891,15,11,15,14,1,47,306,1,1,1,1,,44.389,0.4899
201500002892,14,12,15,13,1,47,49,1,1,1,1,LIEU-DI ROQUES,44.4325,0.64843
201500002893,26,12,15,11,1,47,252,1,1,1,7,LIEU-DIT LACOMBE,44.4134,0.58383
201500002894,26,12,15,10,1,47,324,2,4,7,1,D2BDPAISANCE/PLSTMICHEL,44.635,0.74372
201500002895,29,3,15,17,1,64,230,1,1,1,1,RD 24,43.22842,-0.42102
201500002896,22,4,15,15,1,64,67,2,6,1,3,,43.25264,-0.29566
201500002897,17,6,15,8,1,64,376,1,1,1,3,,43.26745,-0.3003
201500002898,18,7,15,11,1,64,230,1,1,8,3,,43.20329,-0.41478
201500002899,14,9,15,8,1,64,230,1,1,3,3,RD 934,43.17323,-0.39442
201500002900,2,10,15,18,1,64,230,1,1,1,5,ROUTE D'OLORON,43.22215,-0.39666
201500002901,6,10,15,18,1,64,67,2,1,3,7,RD 937,43.25832,-0.30242
201500002902,11,8,15,18,1,64,27,2,1,1,1,ROUTE FONTAINE DU BEDAT,43.40174,-0.29286
201500002903,23,8,15,7,2,64,227,1,1,2,7,,43.36826,-0.23176
201500002904,17,7,15,23,5,64,448,2,1,1,1,RUE PRINCIPALE,43.35249,-0.46964
201500002905,30,10,15,8,1,64,519,2,1,1,3,route départementale 834,43.37767,-0.3803
201500002906,10,1,15,9,1,64,405,2,6,5,2,RD 943 RP DROITS HOMME,0.0,0.0
201500002907,15,1,15,14,1,64,210,1,2,2,3,,0.0,0.0
201500002908,16,2,15,11,1,64,526,2,1,1,6,,43.27,-0.185
201500002909,12,4,15,17,1,64,472,1,1,1,6,,43.38,-0.315
201500002910,26,5,15,12,1,64,405,2,3,1,1,AVENUE DES CIMES,43.33605,-0.27557
201500002911,24,6,15,16,1,64,238,1,2,1,3,,43.26519,-0.0724
201500002912,24,7,15,23,3,64,27,2,1,1,7,Route de Morlaàs,43.40687,-0.291
201500002913,27,7,15,17,1,64,352,2,2,1,3,ROUTE DU CLARET,43.28933,-0.16005
201500002914,30,8,15,14,1,64,337,2,1,1,6,RD 143,43.47334,-0.15418
201500002915,3,9,15,18,1,64,238,2,1,3,3,RD 64,43.26073,-0.06559
201500002916,30,10,15,15,1,64,524,1,1,1,1,RD 943,43.43899,-0.17243
201500002917,5,12,15,7,2,64,238,1,1,5,3,,43.24667,-0.04353
201500002918,5,1,15,16,1,64,511,2,1,1,6,CHEMIN DU BOIS,43.40661,-0.37558
201500002919,23,1,15,21,3,64,138,1,1,1,1,RD 938,0.0,0.0
201500002920,18,4,15,15,1,64,270,2,1,1,1,3 RUE DE L'ESTIBETE,43.15931,-0.23528
201500002921,29,5,15,17,1,64,339,2,1,1,6,,43.13754,-0.21523
201500002922,30,5,15,18,1,64,109,2,3,1,3,RUE DU STADE,43.19101,-0.21721
201500002923,18,7,15,13,1,64,266,2,1,1,7,,43.22861,-0.16978
201500002924,28,7,15,8,1,64,191,2,1,1,7,,43.1696,-0.21617
201500002925,30,7,15,19,1,64,266,2,1,1,1,PLACE DE L'EGLISE,43.22867,-0.16985
201500002926,10,9,15,16,1,64,138,1,6,1,6,RD 938,43.24424,-0.26844
201500002927,25,10,15,15,1,64,101,2,1,1,3,RUE DES PYRENEES,43.20422,-0.25714
201500002928,27,10,15,18,5,64,417,2,1,2,6,PLACE DE LA REPUBLIQUE,43.17993,-0.26161
201500002929,7,11,15,18,5,64,292,1,9,1,6,,43.18578,-0.14335
201500002930,14,2,15,5,5,64,78,1,1,2,7,,43.459,-0.327
201500002931,8,6,15,16,1,64,63,2,1,1,6,PLACE MARCADIEU,43.53553,-0.41175
201500002932,25,7,15,18,1,64,407,1,2,1,3,,43.47864,-1.41121
201500002933,16,2,15,17,1,64,161,1,1,2,6,,0.0,0.0
201500002934,6,3,15,14,1,64,147,1,1,1,6,CHEMIN DE L'ENSEIGNE,43.42868,-1.35109
201500002935,23,3,15,9,1,64,256,1,1,8,1,RD 10,0.0,0.0
201500002936,18,7,15,11,1,64,94,1,1,3,5,RD 936,43.48158,-1.17047
201500002937,9,8,15,7,2,64,546,1,1,8,7,,43.48687,-1.31018
201500002938,10,11,15,22,5,64,546,2,7,1,6,AVENUE DES PYRENEES,43.4937,-1.29007
201500002939,25,11,15,7,2,64,123,1,1,2,3,RD 11,43.44939,-1.12682
201500002940,12,4,15,16,1,64,65,1,1,1,6,,43.35591,-1.63141
201500002941,8,6,15,15,1,64,495,1,1,1,3,,43.34936,-1.52605
201500002942,22,6,15,11,1,64,495,2,1,1,3,RD 918,43.36105,-1.60569
201500002943,22,6,15,19,1,64,65,2,1,1,2,RD 918,43.35115,-1.62523
201500002944,26,6,15,11,1,64,65,2,1,1,1,CD 918,43.35441,-1.63093
201500002945,26,6,15,20,1,64,495,1,3,1,1,,43.31705,-1.53145
201500002946,7,7,15,9,1,64,65,1,1,1,6,OLHETAKO BIDEA,43.34223,-1.63377
201500002947,5,8,15,17,1,64,495,1,1,1,3,,43.36137,-1.58358
201500002948,12,8,15,10,1,64,495,2,6,1,3,RD918 QUARTIER IBARRON,0.0,0.0
201500002949,26,10,15,11,1,64,65,2,1,1,6,RD 4,43.34335,-1.63025
201500002950,9,12,15,11,1,64,65,2,1,1,6,RUE ERNEST FOURNEAU,43.34847,-1.62394
201500002951,21,12,15,5,3,64,495,1,1,1,6,,43.34457,-1.53069
201500002952,29,12,15,0,3,64,9,1,1,1,6,RD 655,43.41037,-1.57345
201500002953,31,12,15,11,1,64,527,1,1,8,1,,43.32123,-1.48426
201500002954,1,1,15,17,1,64,213,2,1,1,6,RD 918,43.345,-1.45
201500002955,21,1,15,18,3,64,547,1,1,3,5,,0.0,0.0
201500002956,28,1,15,12,1,64,527,1,1,2,1,,43.325,-1.482
201500002957,12,2,15,8,1,64,527,1,1,8,1,,43.326,-1.481
201500002958,27,2,15,16,1,64,547,1,1,1,7,,0.0,0.0
201500002959,20,4,15,13,1,64,317,1,1,1,6,,43.377,-1.462
201500002960,21,8,15,17,1,64,317,1,1,1,1,,43.35396,-1.42554
201500002961,21,8,15,10,1,64,100,1,1,1,1,,43.44622,-1.47481
201500002962,6,9,15,18,1,64,317,1,1,1,5,RD 932,43.37716,-1.43382
201500002963,12,10,15,14,1,64,547,2,1,2,3,RD 250,43.39421,-1.45816
201500002964,18,10,15,15,1,64,35,2,1,1,7,RUE BASSILOUR,43.43684,-1.56323
201500002965,14,10,15,16,1,64,527,1,1,1,3,,43.32769,-1.47421
201500002966,25,10,15,15,1,64,527,1,1,1,5,,43.344,-1.476
201500002967,7,11,15,13,1,64,160,1,1,1,1,RD 410,43.36699,-1.4236
201500002968,20,1,15,9,1,64,247,1,1,1,1,,43.187,-0.903
201500002969,20,1,15,11,1,64,371,2,1,1,3,BOULEVARD DES PYRENEES,0.0,0.0
201500002970,12,5,15,11,1,64,533,2,1,1,6,grande rue,43.11455,-0.86167
201500002971,26,5,15,6,1,64,559,1,1,1,1,,43.23939,-0.87893
201500002972,7,6,15,11,1,64,188,1,1,1,7,,43.22781,-0.83806
201500002973,30,6,15,7,1,64,115,1,1,1,3,,43.18886,-0.90332
201500002974,16,8,15,13,1,64,316,1,1,1,7,,43.03981,-1.05731
201500002975,14,7,15,17,1,64,379,1,1,1,7,,43.05022,-1.06362
201500002976,29,7,15,15,1,64,66,1,1,2,2,,43.19415,-1.25623
201500002977,28,8,15,21,2,64,485,2,1,1,3,PLACE DES REMPARTS,43.16192,-1.24086
201500002978,7,9,15,9,1,64,92,1,1,1,7,RD 948,43.14977,-1.36547
201500002979,30,9,15,16,1,64,538,1,1,5,1,RD 918,43.20385,-1.264
201500002980,5,12,15,11,1,64,485,2,1,1,3,PLACE JUAN DE HUARTE,43.16262,-1.23965
201500002981,25,4,15,14,1,64,425,1,1,1,6,,43.3958,-1.17614
201500002982,8,5,15,18,1,64,436,2,7,1,6,parking salle pour tous,43.24282,-1.28444
201500002983,26,6,15,17,1,64,49,1,1,1,7,,43.31428,-0.91472
201500002984,9,7,15,9,1,64,36,1,1,1,1,RD 134,43.35454,-0.98162
201500002985,23,7,15,9,1,64,362,1,1,1,3,,43.36401,-1.07231
201500002986,8,8,15,13,1,64,436,1,1,2,1,,43.21159,-1.28167
201500002987,26,9,15,16,1,64,45,1,1,1,7,CHEMIN COMMUNAL,43.25147,-1.02803
201500002988,11,10,15,18,1,64,259,1,1,2,7,RD 22,43.31198,-1.25794
201500002989,11,11,15,18,3,64,51,1,1,1,7,,43.38898,-1.09723
201500002990,3,1,15,15,1,64,252,2,1,1,1,RN 134,0.0,0.0
201500002991,9,2,15,19,3,64,217,1,1,1,6,,0.0,0.0
201500002992,7,4,15,19,1,64,422,2,1,1,1,RUE LABARRAQUE,43.18791,-0.60673
201500002993,13,5,15,18,1,64,261,1,3,1,3,RN 134,43.17062,-0.5318
201500002994,1,6,15,15,1,64,422,2,1,1,1,RUE BORDELONGUE,43.19966,-0.6044
201500002995,3,6,15,11,1,64,244,1,1,1,1,,43.25752,-0.70231
201500002996,15,6,15,12,1,64,422,2,1,1,3,RUE GEORGES MESSIER,43.18193,-0.61181
201500002997,28,7,15,14,1,64,422,2,6,1,6,AMBROISE BORDELONGUE,43.19983,-0.60439
201500002998,11,8,15,16,1,64,422,2,1,1,2,avenue Charles Moureu,43.196,-0.609
201500002999,4,12,15,18,3,64,421,1,1,1,5,,43.16482,-0.5093
201500003000,11,12,15,14,1,64,422,2,6,1,1,ROND POINT DE LA GARE,43.19442,-0.61177
201500003001,12,12,15,17,1,64,481,2,1,1,6,CD 59,0.0,0.0
201500003002,26,10,15,14,1,64,127,1,1,1,2,RD 934,43.074,-0.421
201500003003,6,6,15,15,1,64,542,1,1,1,7,,42.88988,-0.5633
201500003004,11,7,15,18,1,64,29,1,1,1,6,QUARTIER ESCARY,43.12347,-0.73787
201500003005,25,7,15,12,1,64,185,1,1,1,6,,42.93883,-0.59991
201500003006,12,9,15,16,1,64,310,1,1,1,6,,43.117,-0.744
201500003007,7,11,15,6,3,64,29,1,1,1,1,,43.12708,-0.71818
201500003008,2,4,15,12,1,64,381,1,1,1,1,,43.32516,-0.75956
201500003009,12,6,15,13,1,64,253,1,1,1,7,,43.29661,-0.75513
201500003010,2,1,15,12,1,64,430,1,1,1,5,RD 817,0.0,0.0
201500003011,6,7,15,10,1,64,430,2,1,1,6,VIEILLE RT DE CASTETARBE,43.49645,-0.79085
201500003012,11,7,15,3,3,64,510,1,1,1,6,,43.52096,-0.67276
201500003013,12,7,15,14,1,64,131,1,1,1,5,AV MARCEL PAUL,43.46678,-0.75109
201500003014,21,8,15,15,1,64,430,1,1,1,6,,43.50789,-0.77774
201500003015,4,10,15,8,1,64,177,1,1,8,6,,43.46545,-0.70629
201500003016,14,10,15,16,1,64,177,1,1,1,6,,43.47242,-0.72548
201500003017,10,11,15,17,5,64,430,2,1,1,2,5 RUE CORPS FRANC POMMI,43.49423,-0.77803
201500003018,27,12,15,9,1,64,510,1,1,1,6,,0.0,0.0
201500003019,19,4,15,19,2,86,62,2,1,1,6,"Face au 6, rte de Paris",0.0,0.0
201500003020,25,6,15,22,5,86,62,2,1,1,1,65 route de st georges,0.0,0.0
201500003021,26,10,15,19,5,86,115,1,6,1,7,,0.0,0.0
201500003022,4,12,15,21,3,86,163,1,1,1,6,,0.0,0.0
201500003023,7,1,15,8,1,86,148,1,1,2,3,,0.0,0.0
201500003024,25,2,15,10,1,86,211,2,1,2,3,Rue de la Vallée,0.0,0.0
201500003025,13,3,15,18,3,86,45,1,1,3,3,,0.0,0.0
201500003026,12,3,15,21,3,86,213,1,1,2,6,,46.41939,0.04923
201500003027,1,4,15,16,1,86,139,2,1,1,3,avenue de Poitiers,46.43662,0.12885
201500003028,21,5,15,14,1,86,293,1,1,1,3,,0.0,0.0
201500003029,17,6,15,14,1,86,213,1,1,1,6,,0.0,0.0
201500003030,26,6,15,15,1,86,45,1,1,1,7,Lieu dit :Chainsé,46.42774,0.18492
201500003031,28,8,15,4,3,86,293,1,1,2,6,Les Aulniess,0.0,0.0
201500003032,6,10,15,16,1,86,147,1,1,1,1,,0.0,0.0
201500003033,23,11,15,8,1,86,83,1,1,7,6,,0.0,0.0
201500003034,27,11,15,8,2,86,113,1,2,5,3,,0.0,0.0
201500003035,4,12,15,12,1,86,213,2,1,1,6,rue Mélusine,0.0,0.0
201500003036,25,12,15,10,1,86,150,1,2,1,3,,0.0,0.0
201500003037,22,3,15,21,3,86,38,1,1,1,6,,0.0,0.0
201500003038,28,5,15,12,1,86,178,2,1,1,6,Allée du champ de foir,0.0,0.0
201500003039,4,7,15,5,2,86,178,1,1,1,7,,0.0,0.0
201500003040,8,7,15,17,1,86,94,1,1,1,7,chemin de la déchetterie,46.44541,0.5526
201500003041,9,11,15,21,3,86,178,1,1,5,1,,46.507,0.46
201500003042,4,1,15,22,3,86,123,1,1,1,1,,46.563,0.068
201500003043,19,2,15,17,1,86,294,1,1,1,7,,0.0,0.0
201500003044,21,2,15,7,3,86,74,1,1,2,6,,0.0,0.0
201500003045,6,3,15,17,1,86,166,1,1,1,5,,46.567,0.141
201500003046,12,5,15,16,1,86,294,2,7,1,6,rue de la tour du poêle,46.646,0.171
201500003047,31,7,15,14,1,86,100,1,1,8,3,,46.528,0.266
201500003048,1,3,15,5,5,86,19,2,1,1,6,60 avenue de paris,0.0,0.0
201500003049,25,11,15,16,1,86,272,1,1,2,7,,0.0,0.0
201500003050,25,2,15,16,1,86,127,1,3,8,3,,0.0,0.0
201500003051,3,4,15,16,1,86,128,2,1,2,6,"la grand-cour, CV 2",46.80263,0.29424
201500003052,4,9,15,17,1,86,49,1,1,1,4,,0.0,0.0
201500003053,30,10,15,20,5,86,137,2,1,1,6,9b bd Jean Pascault,47.00452,0.08321
201500003054,25,4,15,4,3,86,245,1,1,2,6,,0.0,0.0
201500003055,30,7,15,9,3,86,125,1,1,1,7,,0.0,0.0
201500003056,28,11,15,12,1,86,193,1,2,7,3,,46.777,0.761
201500003057,22,3,15,15,1,86,161,1,1,1,7,,0.0,0.0
201500003058,16,6,15,21,1,86,286,1,1,1,6,,46.85656,0.15338
201500003059,25,8,15,6,1,86,167,2,1,1,1,rue champs baudière,46.927,0.209
201500003060,8,9,15,5,2,86,161,2,1,1,6,RUE DUGUESCLIN,46.88385,-0.00824
201500003061,18,11,15,9,1,86,5,1,2,1,3,,46.949,0.084
201500003062,29,10,15,18,5,86,285,2,1,1,7,RD13,0.0,0.0
201500003063,31,10,15,11,1,86,77,2,9,7,1,rue du Goberté,46.4432,0.66287
201500003064,16,11,15,14,1,86,165,1,1,1,3,,0.0,0.0
201500003065,31,1,15,19,3,86,124,1,1,2,6,,0.0,0.0
201500003066,23,2,15,17,1,86,58,1,1,8,6,,0.0,0.0
201500003067,11,3,15,14,1,86,233,2,1,7,6,rue de la dame blanche,0.0,0.0
201500003068,20,3,15,12,1,86,114,1,1,3,5,,46.567,0.559
201500003069,21,5,15,9,1,86,98,1,1,1,1,,0.0,0.0
201500003070,7,6,15,7,1,86,70,1,1,1,6,VC Pouzioux à Villeneuve,46.574,0.607
201500003071,30,6,15,17,1,86,126,1,1,1,1,,0.0,0.0
201500003072,2,7,15,9,1,86,70,1,1,1,6,,0.0,0.0
201500003073,15,7,15,20,1,86,135,2,1,1,3,route de lavoux,46.60741,0.53469
201500003074,9,9,15,15,1,86,31,1,1,1,7,,0.0,0.0
201500003075,10,11,15,7,3,86,256,1,1,5,3,,46.534,0.494
201500003076,1,12,15,21,3,86,59,1,1,1,7,,0.0,0.0
201500003077,3,12,15,21,2,86,226,2,1,1,5,ROUTE DE CHAUVIGNY,46.563,0.513
201500003078,20,4,15,15,1,86,29,1,1,1,1,,0.0,0.0
201500003079,4,9,15,15,1,86,104,1,2,1,3,,0.0,0.0
201500003080,26,9,15,11,1,86,61,1,9,1,3,,0.0,0.0
201500003081,3,2,15,16,1,86,15,1,1,1,7,,0.0,0.0
201500003082,10,5,15,18,1,86,289,1,1,1,7,,46.196,0.637
201500003083,19,7,15,13,1,86,152,1,1,1,6,,0.0,0.0
201500003084,14,8,15,17,1,86,15,1,1,3,6,,46.114,0.658
201500003085,8,9,15,18,1,86,203,1,9,7,3,,0.0,0.0
201500003086,5,8,15,16,1,86,170,1,1,1,3,,0.0,0.0
201500003087,9,1,15,8,2,86,273,2,1,8,6,RUE OCTAVE BERNARD,46.46662,1.04139
201500003088,9,8,15,9,1,86,37,1,1,2,7,,0.0,0.0
201500003089,4,10,15,12,1,86,132,1,1,1,6,,0.0,0.0
201500003090,10,10,15,11,1,86,236,1,1,1,1,,0.0,0.0
201500003091,9,12,15,17,5,86,273,2,1,1,6,Route de St Pierre,0.0,0.0
201500003092,29,5,15,17,1,16,78,1,3,1,1,,45.70266,0.17469
201500003093,25,9,15,23,3,16,78,1,1,1,6,,45.74347,0.18817
201500003094,22,3,15,17,2,16,175,1,1,1,6,,45.53655,-0.03292
201500003095,27,11,15,18,3,16,263,1,1,8,5,Les Beaurits,45.53722,0.04602
201500003096,3,1,15,9,1,16,49,1,1,2,1,La Clartie,45.23905,0.16113
201500003097,19,1,15,10,1,16,230,2,3,1,3,47 Avenue de l'angoumois,45.40241,0.13418
201500003098,28,6,15,22,3,16,328,1,1,1,1,Pont Ligonnet,45.37802,0.11322
201500003099,17,7,15,15,1,16,112,1,1,1,6,La Riberolle,45.29915,0.06945
201500003100,7,9,15,16,1,16,222,1,1,1,1,Les Bouchiers,45.31529,0.0869
201500003101,22,12,15,6,3,16,167,1,1,1,2,Bois Clos,45.67107,-0.16248
201500003102,12,4,15,1,3,16,169,1,1,1,7,,45.70947,-0.3756
201500003103,8,9,15,19,3,16,384,1,1,1,1,Landes de la Cossade,45.37738,-0.18332
201500003104,13,9,15,5,3,16,301,1,1,2,6,Pont de la Chapelle,45.42548,-0.05531
201500003105,18,3,15,7,2,16,167,1,1,1,3,Les Bosses,45.69143,-0.1441
201500003106,20,10,15,10,1,16,153,1,1,1,6,,45.67419,-0.17713
201500003107,17,6,15,20,2,16,186,1,1,1,7,,45.57449,-0.01196
201500003108,17,7,15,20,2,16,150,1,8,7,3,1 route des Grands Champ,45.66572,0.27094
201500003109,20,8,15,16,1,16,402,2,1,1,2,route de chateauneuf,45.64084,-0.06076
201500003110,8,5,15,11,1,16,132,1,3,1,3,,45.89407,0.80051
201500003111,8,7,15,5,2,16,9,1,1,1,1,Le Bois du Breuil,45.95391,0.57048
201500003112,20,7,15,16,1,16,132,2,3,1,3,,45.89531,0.77806
201500003113,3,10,15,1,3,16,337,1,1,2,6,les Aurillis,45.96787,0.65037
201500003114,2,12,15,17,2,16,16,1,1,1,2,Les Berties,45.99969,0.19781
201500003115,24,1,15,5,3,16,85,1,1,9,7,Le Chateau,45.82079,0.43683
201500003116,2,3,15,14,1,16,192,2,3,1,3,Rue des Quatre Vents,45.88933,0.58006
201500003117,2,3,15,4,3,16,282,1,1,3,7,,45.81443,0.31197
201500003118,20,3,15,11,1,16,329,2,3,2,6,Le Bourg,45.94049,0.48175
201500003119,18,4,15,12,1,16,212,1,2,1,3,les Terres de Champoutre,45.77563,0.61004
201500003120,8,5,15,10,1,16,308,1,1,8,1,,45.88803,0.47344
201500003121,15,5,15,6,2,16,308,1,1,8,6,Champlaurier,45.88679,0.47844