Num_Acc,jour,mois,an,hr,condition_eclairage,departement,commune,condition_agglomeration,intersection,condition_atmosphere,type_collision,adresse,lattitude,longitude
201500003122,22,5,15,10,1,16,85,2,1,1,6,9 rue de la gare,45.82452,0.45267
201500003123,1,6,15,3,3,16,85,1,6,2,3,Giratoire de Chantebuse,45.83259,0.4688
201500003124,9,6,15,17,1,16,192,1,2,1,1,,45.92997,0.56729
201500003125,8,7,15,8,1,16,85,1,1,1,2,Le Vaudou,45.79676,0.43374
201500003126,16,7,15,11,1,16,308,1,2,1,3,Bellevue,45.90716,0.48741
201500003127,23,8,15,12,1,16,282,1,1,1,6,La Borderie,45.79788,0.31006
201500003128,1,9,15,14,1,16,85,2,3,1,1,,45.82529,0.45104
201500003129,26,9,15,15,1,16,336,1,1,7,6,La Pierre de Bidet,45.8608,0.32875
201500003130,14,10,15,12,1,16,245,2,3,1,1,Agglomération Fontafie,45.86448,0.53713
201500003131,18,11,15,18,3,16,68,1,1,3,1,les Fontanelles,45.85991,0.15036
201500003132,19,11,15,16,1,16,136,1,1,2,1,Les Friquets,46.01619,0.15036
201500003133,5,6,15,23,3,16,242,1,1,1,6,Rue de la Folatière,46.00388,0.33065
201500003134,11,11,15,9,1,16,292,2,3,1,3,Chez Ballon,46.03269,0.21042
201500003135,11,12,15,11,1,16,292,2,1,1,6,25 RUE DE L'ABREUVOIR,46.02619,0.19781
201500003136,4,4,15,18,1,16,320,1,1,1,6,Source du Tillet,45.7471,0.04472
201500003137,18,9,15,16,1,16,234,1,1,1,2,la Bascule,45.67323,-0.01767
201500003138,1,10,15,12,1,16,320,1,1,7,4,La source du Tillet,45.74743,0.04373
201500003139,1,12,15,7,5,16,138,2,1,1,2,Avenue des Plantes,45.66493,0.09162
201500003140,27,2,15,16,1,16,237,1,1,1,6,,45.87722,0.23581
201500003141,20,6,15,16,1,16,393,2,2,1,3,le Portal,45.76653,0.10815
201500003142,3,9,15,15,1,16,421,2,3,1,1,route d'angoulêrme,45.66817,0.45661
201500003143,5,9,15,16,1,16,223,1,1,1,6,Le Moulin de Lavaud,45.67726,0.50127
201500003144,5,9,15,19,3,16,124,1,1,1,6,Les Giligies,45.69083,0.57614
201500003145,6,11,15,22,3,16,203,1,1,5,6,Le Rocher,45.547,0.487
201500003146,1,12,15,17,2,16,274,1,1,1,7,La Riviere,45.70795,0.38476
201500003147,4,10,15,12,1,16,317,1,1,1,7,Le moulin de Gouge,45.91384,-0.00349
201500003148,9,1,15,13,1,17,396,1,1,2,6,,46.23351,-0.88112
201500003149,13,2,15,22,4,17,218,2,1,1,6,Rue du port Tabarit,46.30892,-0.99158
201500003150,20,2,15,21,5,17,127,2,1,8,6,RUE DU GENERAL DE GAULLE,0.0,0.0
201500003151,8,4,15,19,1,17,8,1,1,1,3,,46.24732,-1.01461
201500003152,22,4,15,6,2,17,41,1,1,1,6,,46.21978,-0.79753
201500003153,29,6,15,7,1,17,466,1,1,1,5,,46.21342,-0.99215
201500003154,30,6,15,15,1,17,349,1,1,1,3,,46.2493,-0.88142
201500003155,26,7,15,5,3,17,303,1,1,2,6,,46.31903,-0.78546
201500003156,15,8,15,11,1,17,7,1,1,1,1,,46.17082,-0.8988
201500003157,25,9,15,14,1,17,218,1,1,1,6,,46.32333,-0.98919
201500003158,30,9,15,8,2,17,91,1,1,1,2,,46.30536,-1.07706
201500003159,29,9,15,9,1,17,218,2,1,1,3,,46.3127,-0.99133
201500003160,23,10,15,8,1,17,218,1,1,1,4,,46.28429,-0.994
201500003161,27,10,15,19,3,17,208,1,1,1,7,,46.21829,-0.96815
201500003162,21,11,15,17,1,17,322,1,1,1,3,,46.25517,-0.84202
201500003163,23,11,15,17,2,17,439,1,1,1,6,,46.32019,-0.83605
201500003164,15,12,15,16,1,17,8,1,1,3,1,,46.26421,-1.00853
201500003165,27,12,15,6,3,17,8,1,1,9,6,,46.23598,-1.0062
201500003166,29,4,15,15,1,17,360,2,2,1,1,cours des écoles,46.15569,-1.33201
201500003167,30,4,15,19,1,17,360,1,1,3,1,,46.16686,-1.32452
201500003168,8,7,15,21,1,17,360,1,1,1,1,,46.15228,-1.27975
201500003169,22,8,15,7,1,17,121,1,1,1,6,,46.20403,-1.46804
201500003170,7,10,15,14,1,17,19,1,1,1,3,,46.22003,-1.52809
201500003171,3,12,15,16,1,17,121,1,1,1,1,,46.20345,-1.47229
201500003172,6,3,15,7,2,17,326,1,1,1,6,,45.50214,-0.25438
201500003173,30,4,15,19,1,17,295,1,2,3,1,,45.46639,-0.38869
201500003174,8,5,15,20,1,17,270,1,1,1,7,,45.40366,-0.4069
201500003175,1,6,15,19,2,17,204,1,2,1,1,,45.37843,-0.31127
201500003176,1,6,15,12,1,17,197,2,1,1,3,rue de la frémigère,45.43561,-0.43671
201500003177,9,6,15,16,1,17,363,1,2,1,3,,45.46089,-0.44312
201500003178,11,6,15,18,1,17,326,1,1,1,7,,45.48417,-0.27238
201500003179,5,7,15,21,1,17,197,2,1,1,6,boulevard rené gautret,45.44877,-0.43367
201500003180,24,7,15,6,2,17,403,1,1,1,1,,45.39814,-0.45251
201500003181,25,7,15,19,1,17,197,1,1,1,6,,45.44337,-0.42001
201500003182,23,8,15,22,3,17,96,1,9,2,6,,45.35283,-0.3554
201500003183,30,8,15,19,1,17,197,2,1,1,6,Bd 57ième régiment,45.43628,-0.45061
201500003184,12,5,15,23,5,17,331,1,1,1,2,,45.47633,-0.59164
201500003185,25,5,15,17,1,17,331,2,1,1,6,Avenue de saintes,45.48582,-0.56648
201500003186,8,7,15,8,1,17,345,1,1,1,7,,45.41928,-0.48924
201500003187,1,8,15,6,1,17,250,1,1,1,7,,45.52306,-0.54598
201500003188,31,10,15,7,2,17,379,1,1,1,7,,45.50916,-0.62432
201500003189,8,11,15,3,3,17,345,1,1,5,6,,45.42146,-0.48485
201500003190,1,2,15,19,3,17,104,1,1,1,6,,0.0,0.0
201500003191,1,2,15,0,3,17,240,1,3,1,3,,45.27328,-0.40386
201500003192,12,5,15,15,1,17,240,2,3,1,3,Boulevard de saintonge,45.28842,-0.40099
201500003193,6,6,15,20,1,17,243,1,1,1,2,,45.24424,-0.27677
201500003194,11,8,15,14,1,17,269,2,3,1,3,11 route des monts,45.23203,-0.23313
201500003195,18,9,15,19,1,17,243,1,1,7,7,,45.23611,-0.26116
201500003196,22,1,15,22,3,17,110,1,1,1,6,,45.1988,-0.21659
201500003197,10,2,15,10,1,17,309,2,1,1,7,Rue Victor Hugo,45.15801,-0.01086
201500003198,3,2,15,15,1,17,351,1,1,1,3,,0.0,0.0
201500003199,30,3,15,17,1,17,189,1,1,8,1,,45.85654,-1.07985
201500003200,22,4,15,12,1,17,189,2,1,1,1,rue de Quebec,45.86661,-1.07035
201500003201,1,8,15,11,1,17,219,1,2,1,3,,45.83089,-1.11489
201500003202,10,8,15,14,1,17,219,1,2,1,3,,45.82296,-1.08682
201500003203,14,8,15,1,3,17,351,1,1,1,1,,45.81039,-1.0544
201500003204,20,9,15,8,1,17,351,1,6,1,3,,45.79912,-1.04697
201500003205,31,5,15,6,1,17,375,1,1,1,7,,45.93137,-1.03065
201500003206,11,8,15,21,2,17,308,1,1,1,1,,45.85124,-0.95814
201500003207,16,8,15,7,1,17,429,1,2,1,3,,45.91209,-0.98403
201500003208,16,8,15,6,2,17,184,1,1,1,7,,45.76971,-0.93739
201500003209,21,8,15,7,1,17,146,2,2,7,1,route de montherault,45.90918,-0.94512
201500003210,28,11,15,16,1,17,308,2,1,2,6,Lieu-dit Les Chaumes,45.876,-0.946
201500003211,15,5,15,16,1,17,485,2,9,1,6,route de la giraudière,45.85771,-1.23098
201500003212,18,5,15,8,1,17,93,1,2,1,1,,45.88131,-1.22254
201500003213,7,6,15,20,1,17,485,1,1,1,1,,45.87069,-1.2282
201500003214,15,6,15,3,3,17,93,2,1,8,6,rue du verger,45.87477,-1.21626
201500003215,27,7,15,22,5,17,385,2,3,1,6,Rue du Port - La Cotiniè,45.91567,-1.32845
201500003216,30,6,15,17,1,17,140,1,3,1,3,,45.91663,-1.27426
201500003217,9,8,15,2,5,17,385,1,1,2,2,,45.92429,-1.32416
201500003218,11,8,15,11,1,17,337,1,1,1,6,,45.97789,-1.32429
201500003219,15,8,15,18,1,17,337,2,2,1,1,rue du moulin,45.96791,-1.29482
201500003220,3,10,15,22,3,17,337,1,1,1,7,,45.95929,-1.34045
201500003221,14,1,15,11,1,17,151,1,1,2,6,,45.70764,-0.97274
201500003222,2,3,15,7,1,17,311,1,1,1,6,,45.69512,-1.10998
201500003223,4,4,15,14,1,17,155,2,1,1,1,rue des côteaux de la se,45.73823,-1.09962
201500003224,15,4,15,17,1,17,151,1,1,1,7,,45.71099,-0.97275
201500003225,9,5,15,3,5,17,452,2,1,1,6,65 bd marechal joffre,45.76328,-1.14201
201500003226,10,5,15,11,1,17,225,2,1,1,3,44 avenue de l'océan,45.68556,-1.17789
201500003227,5,6,15,10,1,17,21,1,1,1,2,,45.75014,-1.11414
201500003228,1,7,15,16,1,17,225,1,1,1,6,,45.73095,-1.13394
201500003229,2,7,15,14,1,17,225,1,1,7,5,,45.72733,-1.17528
201500003230,6,7,15,8,1,17,79,2,2,1,3,RUE DU CHATEAU D'EAU,45.72495,-1.07582
201500003231,24,7,15,16,1,17,247,2,1,2,6,Rue du Puit Doux,45.70973,-1.0299
201500003232,11,8,15,6,3,17,225,1,1,1,6,,45.69928,-1.20721
201500003233,20,8,15,18,1,17,225,1,1,1,1,,45.698,-1.198
201500003234,25,9,15,17,1,17,21,2,3,1,2,Avenue de l'Etrade,45.74375,-1.12852
201500003235,26,9,15,21,5,17,21,2,6,1,7,D14,45.75708,-1.14002
201500003236,3,10,15,15,1,17,21,2,1,1,6,Rue des Justices,45.746,-1.124
201500003237,29,10,15,7,2,17,64,1,1,2,2,,45.69996,-1.04165
201500003238,7,11,15,13,1,17,452,2,1,1,6,30 rue Marcel Gaillardon,45.77826,-1.14431
201500003239,24,12,15,20,3,17,21,2,1,1,6,villeuve,45.73386,-1.11083
201500003240,24,1,15,8,2,17,75,1,9,4,3,,45.93082,-0.87151
201500003241,18,4,15,8,1,17,75,1,5,1,5,,45.93508,-0.86541
201500003242,21,4,15,10,1,17,463,1,1,1,6,,45.97312,-0.98877
201500003243,14,7,15,5,3,17,253,1,1,1,6,,45.98796,-0.90014
201500003244,20,7,15,19,1,17,346,1,1,8,1,,45.9132,-0.90446
201500003245,27,7,15,20,1,17,253,1,1,1,6,,46.01233,-0.86009
201500003246,13,9,15,16,1,17,216,1,2,8,3,,45.94345,-0.83446
201500003247,15,11,15,22,3,17,353,1,1,1,6,,45.994,-1.049
201500003248,18,4,15,4,3,17,434,1,6,5,6,,46.10131,-0.7363
201500003249,28,6,15,5,2,17,80,1,1,5,6,,46.1027,-0.85058
201500003250,2,7,15,0,3,17,166,1,1,1,6,,46.10122,-0.87109
201500003251,20,6,15,15,1,17,434,2,2,1,3,rue robert plantiveau,46.11367,-0.74907
201500003252,6,7,15,16,1,17,3,2,1,1,6,48 route de Virson,46.12127,-0.9295
201500003253,12,7,15,21,1,17,80,1,1,1,7,,46.11491,-0.82889
201500003254,4,8,15,17,1,17,434,1,2,1,3,,46.13838,-0.88073
201500003255,24,8,15,12,1,17,447,1,1,6,1,,46.09891,-0.91218
201500003256,22,9,15,18,1,17,434,2,2,1,3,rue Robert Plantiveau,46.11368,-0.74907
201500003257,10,11,15,18,2,17,447,1,1,1,5,,46.08,-0.938
201500003258,6,12,15,18,3,17,434,1,1,1,3,,46.10412,-0.83274
201500003259,27,12,15,18,3,17,457,1,1,8,6,,46.05361,-0.73055
201500003260,4,2,15,17,1,17,462,1,1,1,5,,45.78232,-0.54329
201500003261,2,4,15,21,3,17,444,1,1,1,1,,45.65748,-0.65422
201500003262,26,4,15,5,2,17,100,1,1,2,6,,45.71315,-0.47156
201500003263,14,6,15,20,1,17,191,1,2,1,3,,45.64061,-0.57971
201500003264,24,6,15,20,1,17,444,2,6,1,3,,45.67101,-0.65234
201500003265,22,7,15,12,1,17,143,1,2,1,3,,45.83127,-0.5398
201500003266,8,8,15,16,1,17,89,1,1,3,6,,45.76014,-0.54581
201500003267,26,9,15,6,2,17,86,1,1,1,1,,45.73519,-0.53817
201500003268,30,9,15,11,1,17,100,1,1,1,6,,45.68645,-0.43481
201500003269,31,10,15,19,3,17,89,1,1,1,6,,45.76285,-0.52996
201500003270,7,12,15,8,2,17,462,1,1,1,3,,45.787,-0.57
201500003271,14,3,15,9,1,17,172,2,1,1,6,30 rue des acacias,45.58667,-0.66728
201500003272,20,3,15,16,1,17,15,1,1,1,6,,45.54747,-0.86039
201500003273,23,3,15,17,1,17,230,1,1,1,7,,45.58274,-0.93129
201500003274,13,4,15,17,1,17,172,1,2,1,3,,45.54483,-0.70072
201500003275,28,4,15,19,1,17,133,1,1,1,1,,45.58999,-0.70611
201500003276,25,6,15,17,1,17,310,1,9,1,3,,45.56756,-0.73332
201500003277,16,9,15,9,1,17,131,2,1,2,6,rue des Ecoles,45.58259,-0.83124
201500003278,28,9,15,22,3,17,152,2,1,1,6,route de l'estuaire,45.54581,-0.80081
201500003279,25,10,15,19,3,17,298,1,1,1,7,,45.63552,-0.70317
201500003280,1,11,15,16,1,17,230,2,1,1,6,Boulevard du Marais,45.56535,-0.96034
201500003281,17,12,15,12,1,17,131,2,6,1,3,Bonnes Nouvelles,45.5776,-0.82441
201500003282,9,6,15,7,1,17,56,1,1,1,7,,45.59949,-0.50875
201500003283,20,9,15,17,1,17,56,1,1,7,5,,45.60723,-0.48983
201500003284,22,9,15,15,1,17,27,1,2,2,1,,45.56959,-0.52543
201500003285,1,1,15,8,1,17,45,1,1,1,7,,45.85044,-0.823
201500003286,21,3,15,18,2,17,284,1,1,1,5,,45.83052,-0.90132
201500003287,27,3,15,9,1,17,141,1,1,7,6,,45.6957,-0.47939
201500003288,18,6,15,15,1,17,284,1,1,1,5,,45.82958,-0.89658
201500003289,25,6,15,19,1,17,431,1,2,1,3,,45.78743,-0.77958
201500003290,5,9,15,19,1,17,284,1,1,1,2,,45.83339,-0.86813
201500003291,18,9,15,17,1,17,455,1,1,8,5,,45.88484,-0.86071
201500003292,19,1,15,17,1,17,421,2,3,1,3,43 ave Pierre de campet,45.67503,-0.92572
201500003293,20,2,15,21,3,17,228,1,1,2,1,,45.66005,-0.94768
201500003294,27,5,15,14,1,17,393,1,2,1,3,,45.6854,-0.84848
201500003295,25,7,15,12,1,17,393,1,1,1,2,,45.67884,-0.88855
201500003296,4,9,15,17,1,17,421,2,1,1,2,24 Route de La Tremblade,45.67505,-0.94532
201500003297,10,11,15,8,1,17,97,1,1,1,3,,45.649,-0.887
201500003298,17,12,15,11,1,17,119,1,1,1,3,,45.63427,-0.879
201500003299,5,1,15,0,5,17,347,2,1,2,6,avenue de Gaulle,45.94026,-0.51264
201500003300,18,1,15,7,5,17,347,1,1,1,6,,45.93772,-0.5257
201500003301,5,2,15,14,1,17,22,1,1,1,6,,45.89745,-0.52554
201500003302,14,2,15,17,1,17,459,1,1,3,1,,45.91712,-0.44484
201500003303,17,2,15,16,1,17,22,1,2,1,3,,45.89977,-0.52293
201500003304,15,4,15,11,1,17,347,1,2,1,3,,45.94492,-0.52653
201500003305,12,5,15,20,1,17,459,1,2,1,3,,45.90889,-0.42494
201500003306,2,7,15,16,1,17,440,2,2,1,1,RUE DE SAINTONGE,45.94937,-0.55983
201500003307,16,8,15,8,1,17,103,2,1,1,6,,46.05133,-0.708
201500003308,1,9,15,18,1,17,266,1,2,1,3,,45.91514,-0.68938
201500003309,18,9,15,16,1,17,397,1,1,2,1,,45.86123,-0.66108
201500003310,4,10,15,3,3,17,22,1,1,5,6,,45.899,-0.521
201500003311,25,11,15,17,2,17,381,1,1,2,1,,46.015,-0.45
201500003312,28,12,15,23,5,17,344,2,1,2,1,avenue de st jean d'ange,45.857,-0.528
201500003313,30,12,15,15,1,17,465,1,1,1,1,,45.97015,-0.60623
201500003314,8,2,15,4,3,17,271,1,1,1,6,,46.009,-0.387
201500003315,21,3,15,0,3,17,477,1,1,1,1,,45.97293,-0.1457
201500003316,9,5,15,18,1,17,367,2,1,7,6,15 rue de la mairie,45.94294,-0.36008
201500003317,21,5,15,17,1,17,367,1,2,1,3,,45.95023,-0.3415
201500003318,8,9,15,18,1,17,474,2,1,1,1,Route départementale,46.09659,-0.50252
201500003319,9,10,15,22,3,17,471,1,1,1,6,,46.08643,-0.29376
201500003320,27,10,15,15,1,17,327,2,1,8,1,RUE DU PUY DE LA VILLE,46.08967,-0.59941
201500003321,6,3,15,22,3,17,62,1,1,1,7,,45.87533,-0.15616
201500003322,22,3,15,14,1,17,147,1,2,1,3,,45.83392,-0.49333
201500003323,2,4,15,21,5,17,470,2,1,1,6,chez bruneaud,45.80227,-0.44742
201500003324,9,4,15,10,1,17,224,1,2,1,3,,45.866,-0.311
201500003325,10,5,15,11,1,17,71,1,2,1,3,,45.89757,-0.38874
201500003326,23,5,15,8,1,17,446,1,2,1,3,,45.82999,-0.32227
201500003327,17,7,15,15,1,17,188,1,1,1,3,,45.85252,-0.24454
201500003328,24,6,15,15,1,79,86,1,1,1,7,"LD ""SENEUIL""",46.42499,-0.3642
201500003329,11,12,15,6,2,79,58,1,1,5,6,,46.17896,-0.31733
201500003330,6,11,15,7,3,79,48,1,1,2,1,,46.37855,-0.32118
201500003331,28,1,15,13,1,79,49,1,1,2,1,ROUTE DE DUBRIE,46.88858,-0.50776
201500003332,22,5,15,18,1,79,49,1,1,1,1,"LD ""LA MAISON ROUGE""",46.90413,-0.47127
201500003333,12,6,15,12,1,79,49,1,2,1,3,,46.84195,-0.51065
201500003334,13,6,15,7,1,79,38,1,1,1,6,"LD ""VILLEBOIS""",46.80143,-0.44361
201500003335,12,7,15,7,1,79,49,2,6,1,6,,46.84722,-0.52654
201500003336,16,9,15,10,1,79,49,2,6,6,6,BOULEVARD DE POITIERS,46.83945,-0.48856
201500003337,18,11,15,19,5,79,116,2,2,2,3,5 RP DU GRAL DE GAULLE,46.83022,-0.35267
201500003338,3,12,15,7,2,79,49,1,1,1,2,BOULEVARD DE NANTES,46.84504,-0.52794
201500003339,8,5,15,20,1,79,318,1,1,1,6,"LD ""LA PIJOLIERE""",46.5778,-0.26826
201500003340,8,1,15,7,2,87,201,1,1,1,1,,45.8622,1.12661
201500003341,17,3,15,8,1,87,143,1,1,1,3,,45.9031,1.16485
201500003342,1,4,15,17,1,87,1,1,1,1,1,,45.7905,1.14183
201500003343,8,4,15,19,1,87,201,1,1,1,1,,45.8417,1.11174
201500003344,16,4,15,11,1,87,118,1,1,1,5,,45.9582,1.17194
201500003345,22,5,15,17,1,87,21,2,1,1,1,ROUTE DU BOULOUX,0.0,0.0
201500003346,19,11,15,8,1,87,202,1,1,2,1,,45.9092,1.11199
201500003347,25,11,15,17,3,87,38,1,1,2,6,,45.907,1.27113
201500003348,27,11,15,15,1,87,201,1,3,7,3,,45.8443,1.17683
201500003349,3,12,15,14,1,87,1,1,1,1,1,,45.825,1.13224
201500003350,2,1,15,17,1,87,157,1,1,3,7,,45.9956,1.45089
201500003351,21,2,15,19,3,87,20,1,1,4,1,,45.9495,1.31576
201500003352,18,3,15,22,4,87,125,1,1,1,7,RD 97 - LA LANDE,45.9202,1.35144
201500003353,24,5,15,15,1,87,2,1,1,1,4,BOIS DE LA LIEUE,45.9449,1.37399
201500003354,7,6,15,10,1,87,2,2,1,1,3,AVENUE LIBÉRATION,0.0,0.0
201500003355,10,7,15,17,1,87,20,1,3,1,3,,45.9287,1.3046
201500003356,13,8,15,8,1,87,178,1,1,2,7,,45.8788,1.3705
201500003357,24,2,15,12,1,87,64,1,1,2,3,,45.7396,1.72643
201500003358,3,7,15,9,1,87,105,2,1,8,6,LIEU-DIT LA VEYTISOU,45.7317,1.66781
201500003359,24,10,15,0,3,87,40,1,1,1,6,,45.6902,1.62356
201500003360,1,6,15,11,1,87,70,1,2,1,3,,45.7811,1.49122
201500003361,6,9,15,0,3,87,99,1,1,1,1,,45.8777,1.54946
201500003362,10,4,15,15,1,87,127,1,1,1,1,,45.6023,1.22471
201500003363,30,5,15,19,1,87,94,1,1,1,7,,45.706,1.16442
201500003364,11,8,15,23,3,87,106,1,1,1,1,,45.6832,1.22373
201500003365,19,10,15,9,1,87,27,2,1,7,1,D901 - LES PRADELLES,45.6285,1.04304
201500003366,17,11,15,16,1,87,32,2,1,8,6,AVENUE ANDRÉ BESSE,45.6535,0.97711
201500003367,4,12,15,3,3,87,106,2,1,1,6,RUE GEORGES BRASSENS,45.6943,1.17208
201500003368,10,12,15,7,2,87,124,1,1,1,3,,45.6701,1.1339
201500003369,20,3,15,16,1,87,12,1,1,2,5,,46.093,1.08031
201500003370,30,6,15,20,1,87,97,1,1,1,4,,46.1033,0.87434
201500003371,14,7,15,15,1,87,139,1,1,1,1,,46.154,0.96228
201500003372,27,7,15,10,1,87,116,1,1,1,3,,46.1273,1.00492
201500003373,22,9,15,9,1,87,11,1,1,2,1,,46.1012,1.07539
201500003374,4,11,15,18,3,87,18,1,1,1,6,,46.0315,1.01877
201500003375,3,12,15,2,3,87,28,1,1,1,6,,46.2299,0.89856
201500003376,12,3,15,19,3,87,68,1,1,1,1,,46.1371,1.39855
201500003377,7,9,15,14,1,87,68,1,1,1,1,,46.1539,1.4223
201500003378,20,10,15,10,1,87,45,1,1,1,6,,45.9743,1.02213
201500003379,23,10,15,23,5,87,181,2,1,1,3,RUE DE LA GARE,0.0,0.0
201500003380,1,3,15,16,2,87,149,1,1,2,6,,0.0,0.0
201500003381,11,3,15,8,1,87,41,1,1,1,1,,46.1346,1.30313
201500003382,13,5,15,20,1,87,61,1,1,1,1,,46.1832,1.17874
201500003383,2,10,15,12,1,87,61,1,1,1,6,,46.1559,1.12948
201500003384,21,1,15,18,3,87,154,1,6,1,3,,45.904,0.9345
201500003385,6,3,15,22,3,87,30,1,1,1,1,,45.8561,0.87235
201500003386,7,3,15,3,5,87,154,2,1,1,6,,45.8866,0.89701
201500003387,24,4,15,14,1,87,154,2,6,1,6,PLACE LASVERGNAS,45.8877,0.89892
201500003388,16,5,15,11,1,87,126,2,9,1,3,08 RUE GEORGES SAND,0.0,0.0
201500003389,29,6,15,19,1,87,154,2,1,1,6,AVENUE ORADOUR SUR GLANE,45.8956,0.91294
201500003390,30,6,15,9,1,87,154,1,1,1,6,,45.9057,0.94887
201500003391,2,7,15,21,1,87,199,1,1,1,6,,45.777,0.84206
201500003392,2,7,15,19,1,87,110,2,1,1,3,LIEU-DIT L'AUZE,45.93,1.03462
201500003393,4,7,15,10,1,87,154,2,1,1,6,15 AVENUE GAY LUSSAC,45.8882,0.88408
201500003394,6,7,15,17,1,87,154,1,1,1,6,,45.9054,0.94634
201500003395,11,12,15,14,1,87,185,1,2,1,3,,45.896,1.03746
201500003396,16,12,15,11,1,87,140,1,1,5,3,,45.8779,0.97946
201500003397,29,3,15,12,1,87,168,1,1,2,1,,45.71,0.79554
201500003398,16,6,15,9,1,87,191,1,1,1,1,,45.7563,1.0197
201500003399,20,10,15,7,2,87,36,1,4,1,3,,45.6845,0.96819
201500003400,21,12,15,17,3,87,34,1,1,1,6,,45.7232,0.91375
201500003401,24,5,15,9,1,19,236,1,1,1,5,LAUBAZINE,45.2838,1.91636
201500003402,8,9,15,19,2,19,207,1,9,1,3,LA VALEYRIE,45.2557,1.63374
201500003403,2,11,15,18,3,19,82,1,1,1,5,LES RIVIERES,45.2691,1.66018
201500003404,15,11,15,16,1,19,38,1,1,1,2,28 RUE DE LA TREMOUILLE,45.2633,1.73152
201500003405,25,12,15,3,3,19,236,1,1,1,6,LA SYREYJADE,45.2896,1.89831
201500003406,19,7,15,8,1,19,7,1,1,2,6,LA COMBE,44.9942,1.85661
201500003407,27,7,15,10,1,19,10,1,1,8,1,ÉCHAUNIE,45.1066,1.91452
201500003408,10,7,15,4,5,19,73,2,1,1,7,BOULEVARD DE L'ESCOUT,45.4082,2.06048
201500003409,16,7,15,18,1,19,73,1,1,1,1,EN CHAUDIERE,45.383,1.898
201500003410,14,12,15,13,1,19,231,2,1,2,1,PLAZIAT,45.2629,1.9887
201500003411,9,5,15,18,1,19,75,1,9,1,1,BESSE,45.237,1.87255
201500003412,30,5,15,10,1,19,222,1,1,1,1,LE PASPEYROUX,45.1402,1.9886
201500003413,23,6,15,11,1,19,97,1,1,1,7,,45.2765,2.08016
201500003414,14,9,15,13,1,19,231,1,1,1,1,PLAZIAT,45.2629,1.9887
201500003415,6,6,15,14,1,19,36,1,1,1,1,REMENIERAS,45.6378,1.74205
201500003416,9,1,15,18,5,19,123,2,1,3,5,AVENUE DU PROGRES,45.1685,1.56871
201500003417,2,2,15,8,1,19,123,2,1,1,1,AVENUE HONORE DE BALZAC,45.1603,1.57145
201500003418,22,2,15,15,1,19,63,1,1,1,2,PONT DU CAYRE,45.1568,1.6071
201500003419,17,5,15,10,1,19,68,1,1,1,1,LA BORIE BASSE,45.1658,1.59516
201500003420,11,7,15,19,1,19,229,1,2,1,1,LA NADALIE,45.1375,1.44844
201500003421,7,8,15,17,1,19,123,2,1,1,7,PIERRE ET MARIE CURIE,45.1693,1.56069
201500003422,9,8,15,14,1,19,63,1,1,8,6,LE GOUR DU DIABLE,45.1572,1.60329
201500003423,5,9,15,20,1,19,123,1,1,1,5,CLAREDENT,45.1723,1.61835
201500003424,7,9,15,12,1,19,123,2,1,1,6,14 AV CAP TAURISSON,45.1771,1.58769
201500003425,15,9,15,12,1,19,93,1,1,3,1,RIAUME,45.1016,1.56719
201500003426,9,10,15,11,2,19,123,2,1,1,6,29 AV P.ET M. CURIE,45.1685,1.5576
201500003427,18,2,15,17,1,19,99,1,1,1,7,LE BARRAT,45.1054,1.70122
201500003428,12,8,15,17,1,19,169,1,4,1,3,LE ROUSSEL,45.0338,1.77776
201500003429,13,8,15,12,1,19,273,1,1,8,1,VENAYRE,45.0628,1.56389
201500003430,7,1,15,23,3,19,274,1,6,2,6,GIRATOIRE DES PLANTADES,45.1955,1.54137
201500003431,11,7,15,18,1,19,234,1,3,1,3,LES 4 ROUTES,45.3211,1.56954
201500003432,21,7,15,17,1,19,202,1,1,1,1,MARTIGNAC,45.2292,1.59327