Num_Acc,jour,mois,an,hr,condition_eclairage,departement,commune,condition_agglomeration,intersection,condition_atmosphere,type_collision,adresse,lattitude,longitude
201500003433,4,10,15,19,3,19,72,1,1,2,1,LA BACCALERIE,45.2299,1.50604
201500003434,1,10,15,13,1,19,72,1,1,1,7,LA BACCALERIE,45.2299,1.50602
201500003435,1,12,15,19,3,19,243,1,1,1,1,BOIS DU CROS,45.3756,1.35013
201500003436,25,12,15,17,2,19,11,1,1,1,1,LE MAS,45.4223,1.34938
201500003437,28,1,15,9,1,19,253,2,1,8,6,LE BOURG,45.2758,1.27722
201500003438,12,2,15,18,1,19,288,1,1,1,6,MEILHAC,45.3004,1.44654
201500003439,6,9,15,8,1,19,288,2,2,1,3,CEYRAT,45.3029,1.41753
201500003440,8,11,15,8,1,19,182,1,1,1,1,LE ROC,45.2304,1.38329
201500003441,3,6,15,9,1,19,80,2,1,1,6,PLACE DE L'EGLISE,45.6612,2.45121
201500003442,17,3,15,17,1,19,113,1,1,8,6,CHANTEGRIL,45.4223,2.34365
201500003443,4,4,15,12,1,19,252,1,1,1,6,MAISON NEUVE,45.429,2.45573
201500003444,23,4,15,0,5,19,28,2,1,1,6,195 RUE DES NADAUDS,45.4058,2.5037
201500003445,22,10,15,20,3,19,226,1,1,2,6,LE PONT,45.6258,2.03743
201500003446,2,2,15,20,3,23,32,1,1,1,6,,46.35933,2.22717
201500003447,26,3,15,14,1,23,25,1,1,8,6,,46.31992,1.86803
201500003448,5,2,15,8,1,23,45,1,1,8,1,,46.188,2.44
201500003449,22,10,15,9,1,23,100,2,1,2,6,"42, grande rue",0.0,0.0
201500003450,30,11,15,8,1,23,93,1,1,1,3,,46.197,2.227
201500003451,31,1,15,19,4,23,176,2,1,1,6,rue maurice giboin,46.241,1.477
201500003452,25,5,15,20,1,23,176,2,1,1,7,AV du général LECLERC,46.23932,1.49164
201500003453,12,7,15,17,1,23,47,1,1,1,7,,46.15705,1.55797
201500003454,9,8,15,19,1,23,141,1,1,1,6,,46.287,1.67
201500003455,26,2,15,20,3,23,179,1,1,3,6,,45.95652,2.25206
201500003456,29,3,15,17,1,23,61,1,1,2,6,,46.09838,2.17694
201500003457,5,10,15,10,1,23,113,1,1,2,6,,45.991,2.342
201500003458,7,6,15,15,1,23,30,2,1,1,7,"2, rue de Verdun",45.95361,1.75558
201500003459,9,1,15,14,1,31,82,1,1,1,2,,0.0,0.0
201500003460,9,2,15,9,1,31,44,2,1,1,6,Rue saint jean,0.0,0.0
201500003461,15,3,15,11,1,31,3,1,3,8,3,route de la sauné,43.56206,1.58536
201500003462,17,3,15,17,1,31,228,2,1,1,6,430 ROUTE DES COTEAUX,43.69295,1.58402
201500003463,4,4,15,17,1,31,573,1,1,1,1,,0.0,0.0
201500003464,28,5,15,18,1,31,44,1,1,1,6,,43.60965,1.49422
201500003465,16,7,15,7,1,31,271,1,2,1,1,,43.551,1.683
201500003466,23,7,15,8,1,31,573,2,1,1,1,rue du Grand Faubourg,43.65556,1.6602
201500003467,5,8,15,11,1,31,445,1,1,1,1,,43.57454,1.54839
201500003468,3,11,15,8,1,31,573,1,1,1,6,,43.664,1.69443
201500003469,14,11,15,15,1,31,163,1,1,1,3,,0.0,0.0
201500003470,18,11,15,19,3,31,184,1,1,1,6,,0.0,0.0
201500003471,19,12,15,13,1,31,184,1,1,7,1,,43.58603,1.56627
201500003472,7,5,15,18,1,31,25,1,1,1,1,,43.487,1.447
201500003473,9,6,15,5,2,31,48,1,1,1,6,,43.45152,1.62709
201500003474,23,7,15,14,1,31,429,2,3,1,3,RUE JANE DIEULAFOY,43.49024,1.51585
201500003475,28,10,15,20,5,31,113,2,1,1,7,AVENUE DE TOULOUSE,43.51621,1.49844
201500003476,28,2,15,11,1,31,587,1,4,1,3,route de fronton,43.76359,1.40727
201500003477,22,3,15,16,1,31,311,1,3,2,3,D 630/D 15,43.81856,1.54208
201500003478,11,4,15,19,1,31,584,1,1,1,6,route de bondigoux,43.85502,1.51396
201500003479,4,5,15,9,1,31,79,1,1,1,6,2158 route de fronton,43.79687,1.40651
201500003480,1,7,15,13,1,31,584,2,1,7,3,allée Charles de Gaulle,43.86293,1.5061
201500003481,6,7,15,19,1,31,579,2,1,1,6,203 route de bessieres,43.75561,1.49213
201500003482,29,8,15,2,3,31,584,1,1,1,6,,0.0,0.0
201500003483,30,8,15,17,1,31,202,2,1,1,3,675 route de fabas,43.84488,1.37833
201500003484,17,12,15,8,2,31,118,1,6,1,6,,43.7888,1.34475
201500003485,19,5,15,16,1,31,356,2,1,1,5,"38, route de Toulouse",43.68917,1.23486
201500003486,28,8,15,17,1,31,507,2,1,1,2,,43.6891,1.23518
201500003487,12,9,15,11,1,31,232,2,1,1,6,avenue du 8 mai 1945,43.76382,1.29298
201500003488,28,9,15,16,1,31,232,2,1,7,6,avenue du 8 mai 1945,43.76359,1.29267
201500003489,27,9,15,18,1,31,232,2,1,1,6,Cours Valmy,43.77047,1.29019
201500003490,10,3,15,18,1,31,291,1,1,1,7,,0.0,0.0
201500003491,25,3,15,23,3,31,291,1,1,1,6,,0.0,0.0
201500003492,4,5,15,8,1,31,417,2,1,1,1,AVENUE ST EXUPERY,43.61286,1.26428
201500003493,11,6,15,16,1,31,291,1,1,8,5,,43.58687,1.22337
201500003494,6,7,15,21,1,31,417,1,1,1,1,,43.60536,1.28893
201500003495,16,8,15,17,1,31,417,1,1,1,4,,0.0,0.0
201500003496,18,9,15,8,1,31,417,2,1,1,3,Route de Lévignac RD24,0.0,0.0
201500003497,26,9,15,16,1,31,277,1,1,1,6,,43.6207,1.18986
201500003498,27,11,15,10,1,31,417,2,1,1,1,route de Mondonville,0.0,0.0
201500003499,25,6,15,21,2,31,420,2,1,1,1,Place du Gal BERDOULAT,43.51008,1.38874
201500003500,2,8,15,7,1,31,433,1,1,1,6,route de francazal,43.53258,1.38823
201500003501,25,10,15,18,3,31,433,1,1,1,6,,0.0,0.0
201500003502,26,2,15,19,3,31,446,2,1,2,6,RD 813,43.54924,1.47942
201500003503,1,3,15,13,1,31,446,2,1,2,3,rond point louise weiss,43.55436,1.47675
201500003504,10,3,15,17,1,31,506,1,3,1,3,,0.0,0.0
201500003505,6,5,15,12,1,31,446,2,6,1,6,1 avenue émile zola,43.54089,1.48349
201500003506,10,7,15,17,1,31,254,2,6,1,7,rue d'occitanie,43.52911,1.53093
201500003507,5,3,15,23,3,31,490,1,1,1,1,,43.75323,1.36384
201500003508,25,3,15,16,2,31,136,1,1,1,6,route de labastide,43.74679,1.4358
201500003509,2,7,15,13,1,31,182,2,1,1,6,19 avenue des sports,43.67926,1.39568
201500003510,11,7,15,19,1,31,293,2,1,1,5,route de la plage,0.0,0.0
201500003511,29,7,15,10,1,31,182,2,1,1,2,54 route de paris,43.67327,1.40967
201500003512,16,8,15,1,1,31,490,1,2,1,1,,43.72155,1.38382
201500003513,28,10,15,7,1,31,182,1,3,1,3,chemin du bergeron,43.69327,1.40196
201500003514,30,11,15,18,5,31,136,2,1,1,1,route de Villemur,43.75081,1.43262
201500003515,24,12,15,9,1,31,293,2,6,1,7,rd63 - route de la plage,43.71062,1.39049
201500003516,28,12,15,22,3,31,490,1,1,1,1,,0.0,0.0
201500003517,8,2,15,3,3,31,94,1,1,1,6,route de paulhac,43.77838,1.61389
201500003518,10,4,15,12,1,31,561,2,1,1,1,51 route de BESSIERES,43.66356,1.47102
201500003519,15,5,15,22,3,31,117,1,1,1,6,,0.0,0.0
201500003520,4,8,15,18,1,31,459,2,1,1,3,532 route de montpitol,43.7274,1.6337
201500003521,17,8,15,19,1,31,117,1,1,1,3,route de toulouse,43.67699,1.52995
201500003522,23,8,15,15,1,31,94,2,1,8,7,route de Paulhac,43.77902,1.62429
201500003523,26,8,15,18,1,31,561,2,1,1,3,route de Bessières,43.65597,1.4705
201500003524,27,8,15,9,1,31,66,2,1,1,6,D630,43.79997,1.60741
201500003525,1,9,15,12,1,31,488,2,3,1,3,rue des roses/des roses,43.66621,1.50502
201500003526,19,9,15,20,5,31,273,2,1,1,7,CHEMIN DE BOUZIGUES,43.68416,1.49586
201500003527,14,10,15,7,2,31,561,2,6,1,3,Rond point,0.0,0.0
201500003528,17,12,15,7,2,31,561,2,1,1,1,route de lavaur,43.63375,1.4913
201500003529,17,1,15,19,3,31,395,1,1,1,5,,43.47,1.268
201500003530,24,7,15,18,1,31,287,1,1,1,6,,0.0,0.0
201500003531,22,9,15,8,1,31,395,2,1,8,6,Avenue Henri Peyrusse,43.45205,1.3282
201500003532,1,10,15,16,1,31,165,2,1,1,3,885 route de muret,0.0,0.0
201500003533,16,12,15,15,1,31,395,2,1,1,2,05 quater avenue d ox,43.4622,1.32098
201500003534,6,2,15,7,2,31,330,1,1,4,6,la côte blanche,43.31896,1.43921
201500003535,13,3,15,8,1,31,332,1,1,2,1,,0.0,0.0
201500003536,3,4,15,20,2,31,33,1,1,1,3,,43.35862,1.49037
201500003537,5,4,15,15,1,31,173,1,1,1,6,,0.0,0.0
201500003538,21,4,15,15,1,31,264,1,1,1,3,,43.33601,1.39819
201500003539,11,5,15,9,1,31,100,1,1,1,7,,0.0,0.0
201500003540,17,5,15,0,3,31,345,1,6,1,6,,0.0,0.0
201500003541,14,6,15,19,1,31,574,2,1,1,1,,43.439,1.42275
201500003542,31,5,15,13,1,31,345,1,1,1,2,,0.0,0.0
201500003543,6,6,15,18,1,31,128,1,1,1,1,,0.0,0.0
201500003544,25,6,15,19,1,31,206,1,1,1,1,,0.0,0.0
201500003545,17,7,15,12,1,31,574,1,1,1,6,ave de lagardelle,43.42916,1.4215
201500003546,27,7,15,16,1,31,33,2,1,1,5,pont de l'ariège,0.0,0.0
201500003547,24,8,15,19,1,31,100,1,1,1,6,,0.0,0.0
201500003548,31,8,15,6,3,31,33,1,1,1,1,,0.0,0.0
201500003549,15,9,15,6,3,31,145,1,1,1,6,,0.0,0.0
201500003550,18,10,15,18,1,31,33,1,1,1,6,,0.0,0.0
201500003551,4,1,15,12,1,31,303,2,1,2,6,12 GRAND RUE,43.35531,1.23936
201500003552,10,1,15,15,1,31,107,2,1,1,3,route de l arize,43.29878,1.21962
201500003553,16,2,15,11,1,31,52,1,1,1,7,,0.0,0.0
201500003554,8,4,15,19,1,31,517,1,1,1,2,43 rt de la méditerranée,43.3287,1.32958
201500003555,24,4,15,15,1,31,303,1,2,7,2,route du lançon,43.34983,1.23266
201500003556,9,6,15,8,1,31,365,1,1,1,6,,0.0,0.0
201500003557,5,7,15,8,1,31,517,1,1,1,7,,43.33138,1.36575
201500003558,5,7,15,18,1,31,71,1,2,1,3,RD15/RD75,0.0,0.0
201500003559,20,9,15,18,1,31,365,1,1,7,7,,0.0,0.0
201500003560,24,9,15,10,1,31,375,1,1,1,1,,43.21911,1.27071
201500003561,2,10,15,14,1,31,455,1,1,1,6,,0.0,0.0
201500003562,18,10,15,18,1,31,375,1,1,1,6,,0.0,0.0
201500003563,17,10,15,0,3,31,107,1,1,1,7,,43.312,1.198
201500003564,24,10,15,11,1,31,334,1,1,7,6,,43.36356,1.32528
201500003565,29,10,15,11,1,31,107,2,1,1,3,AVENUE VINCENT AURIOL,43.30457,1.22878
201500003566,6,11,15,8,1,31,286,1,2,1,3,,0.0,0.0
201500003567,18,12,15,19,3,31,107,1,1,1,6,,0.0,0.0
201500003568,12,3,15,17,1,31,349,1,1,1,1,lieudit les  baylacs,43.22485,1.04758
201500003569,28,3,15,15,1,31,229,1,1,1,6,D 626 B,43.32253,1.07654
201500003570,12,4,15,2,3,31,229,1,1,1,6,,0.0,0.0
201500003571,9,5,15,19,1,31,135,2,1,1,6,ch de bourdou,43.22468,1.08676
201500003572,25,6,15,8,1,31,193,2,3,7,1,quartier benque,43.27302,1.06906
201500003573,25,6,15,21,2,31,425,1,1,1,1,,0.0,0.0
201500003574,30,6,15,14,1,31,425,2,1,1,6,lieu dit la goutorbe,43.16422,1.11913
201500003575,26,7,15,7,1,31,324,2,8,1,7,Avenue de Palaminy,43.19722,1.02103
201500003576,10,8,15,9,1,31,135,2,1,7,6,PLACE DES MARTYRS DE LA,43.20673,1.0863
201500003577,5,12,15,18,5,31,135,2,1,1,3,avenue de Toulouse,43.21941,1.08501
201500003578,12,1,15,10,1,31,499,1,1,1,2,2679 rte de lamasquère,43.50348,1.20478
201500003579,14,1,15,9,1,31,187,1,1,1,3,,43.52738,1.25126
201500003580,6,3,15,20,3,31,424,1,1,1,1,,43.53587,1.30484
201500003581,27,3,15,19,2,31,187,2,2,1,1,rte de Tarbes/ave19 mars,43.5343,1.22833
201500003582,27,3,15,16,1,31,424,2,1,1,3,rue de gascogne,43.5667,1.28807
201500003583,3,4,15,7,1,31,424,1,4,1,1,ch peyrette/RD 24,0.0,0.0
201500003584,20,4,15,23,5,31,424,2,1,1,6,27 rue des mésanges,43.55585,1.30428
201500003585,7,6,15,5,2,31,499,2,1,1,6,2053 ROUTE DE LAMASQUERE,43.50466,1.19731
201500003586,14,8,15,23,4,31,424,2,1,1,6,30bis route de colomiers,43.58557,1.27981
201500003587,11,9,15,19,1,31,424,2,1,1,3,rue del guindouillé,43.57017,1.29907
201500003588,12,1,15,10,1,31,390,1,1,7,6,,0.0,0.0
201500003589,21,1,15,8,1,31,167,2,2,1,3,rue longue,43.04907,0.73877
201500003590,21,1,15,11,1,31,523,2,1,1,7,boulevard jean jaures,43.10415,0.96034
201500003591,8,2,15,1,3,31,31,1,1,1,6,,0.0,0.0
201500003592,3,3,15,9,1,31,246,1,1,1,1,,0.0,0.0
201500003593,27,4,15,23,3,31,390,1,1,2,6,,0.0,0.0
201500003594,11,11,15,15,1,31,537,1,1,7,6,,0.0,0.0
201500003595,20,11,15,13,1,31,238,1,1,1,6,,43.06373,0.60136
201500003596,21,11,15,20,3,31,408,1,1,2,6,,0.0,0.0
201500003597,2,12,15,3,3,31,390,1,1,1,6,,0.0,0.0
201500003598,30,12,15,17,1,31,500,1,1,8,1,,42.76872,0.61856
201500003599,13,1,15,11,1,31,244,2,1,1,3,Route de MONTAUBAN,42.80481,0.60836
201500003600,20,2,15,20,3,31,85,2,1,8,6,d 44J LE MOURTIS,42.9124,0.76924
201500003601,12,4,15,17,1,31,394,2,1,1,6,route de luchon,42.81539,0.59733
201500003602,1,6,15,22,3,31,244,1,1,1,6,route de salles,42.81719,0.60634
201500003603,19,7,15,13,1,31,42,2,1,1,3,54 avenue Maréchal FOCH,42.79315,0.59251
201500003604,28,8,15,2,5,31,471,2,1,1,6,Lande de dessous,42.90587,0.6912
201500003605,15,11,15,12,1,31,42,1,1,1,7,,42.7269,0.63262
201500003606,30,12,15,13,1,31,42,2,6,7,6,ave Rémy COMET,42.80519,0.60001
201500003607,18,1,15,10,1,31,121,2,1,1,6,RD.03,0.0,0.0
201500003608,28,12,15,10,1,31,1,1,1,1,6,,0.0,0.0
201500003609,15,2,15,17,2,31,5,1,1,3,6,,0.0,0.0
201500003610,17,4,15,18,1,31,251,2,9,1,3,Le village,43.33488,0.93801
201500003611,25,5,15,15,1,31,385,1,1,1,6,,43.22625,0.62637
201500003612,29,8,15,3,5,31,28,2,9,1,6,Route de Boulogne,0.0,0.0
201500003613,2,9,15,9,1,31,80,1,1,1,7,,0.0,0.0
201500003614,13,9,15,19,1,31,428,1,1,1,7,,0.0,0.0
201500003615,25,11,15,18,3,31,307,1,1,2,6,,43.34007,0.70418
201500003616,26,4,15,18,1,31,237,1,1,3,6,,0.0,0.0
201500003617,2,5,15,18,1,31,315,2,1,1,6,La verdure D117,43.08899,0.95116
201500003618,9,9,15,10,1,31,167,1,1,1,6,route de cabanac,0.0,0.0
201500003619,26,9,15,11,1,31,314,1,1,1,3,,43.15492,0.95187
201500003620,11,10,15,13,1,31,20,2,1,1,6,RD5 PK 3.7,0.0,0.0
201500003621,31,10,15,14,1,31,208,1,1,1,5,barrahite,43.06024,0.85397
201500003622,7,5,15,17,1,31,374,1,2,1,3,,43.41702,1.63987
201500003623,30,5,15,21,2,31,105,1,2,1,3,,0.0,0.0
201500003624,13,7,15,21,2,31,304,1,1,1,6,,0.0,0.0
201500003625,17,8,15,14,1,31,571,1,2,1,3,,43.58142,1.76598
201500003626,18,8,15,16,1,31,566,1,2,1,3,ch embechou/ch viterbe,43.4297,1.76838
201500003627,29,8,15,3,1,31,582,1,1,1,6,,0.0,0.0
201500003628,15,9,15,13,1,31,560,1,9,1,1,,43.43214,1.73914
201500003629,5,11,15,16,1,31,582,2,1,1,6,8 avenue de carcassonne,43.39477,1.72142
201500003630,21,11,15,13,1,31,495,1,1,6,6,,0.0,0.0
201500003631,22,12,15,15,1,31,495,1,1,1,3,,0.0,0.0
201500003632,3,10,15,20,3,31,249,1,1,1,6,,43.47366,1.66979
201500003633,8,11,15,16,1,31,381,1,1,1,7,,43.435,1.568
201500003634,28,4,15,17,1,31,384,2,2,1,3,rte lautier/donneville,43.48845,1.569
201500003635,20,6,15,10,1,31,192,1,3,1,3,,43.50743,1.60642
201500003636,5,7,15,22,5,31,48,1,3,1,6,CH DE MONTESSERRE,43.45189,1.62574
201500003637,18,3,15,20,5,31,451,1,1,1,2,,0.0,0.0
201500003638,28,6,15,1,5,31,451,2,1,1,6,Route de TOULOUSE,0.0,0.0
201500003639,7,7,15,8,1,31,570,1,3,1,3,,0.0,0.0
201500003640,5,4,15,18,1,90,82,1,1,1,6,,43.00108,1.34718
201500003641,27,6,15,14,1,90,82,1,1,1,1,,42.99732,1.32932
201500003642,18,9,15,7,1,90,246,1,1,1,1,,42.9946,1.29694
201500003643,22,11,15,13,1,90,167,2,1,1,7,Avenue des pyrénées,43.27519,1.34764
201500003644,1,3,15,13,1,90,215,1,1,2,7,,42.91271,1.78189
201500003645,12,3,15,14,1,90,160,2,1,7,6,Avenue Jean Jaur?s,42.92884,1.84293
201500003646,10,4,15,20,3,90,281,2,1,1,7,village,42.97617,1.80848
201500003647,6,9,15,7,1,90,43,2,1,1,6,d620,42.95714,1.90106
201500003648,8,10,15,10,2,90,160,2,1,2,3,19 rue Jacquard,42.92754,1.84377
201500003649,19,10,15,13,1,90,160,1,1,1,6,,42.892,1.792
201500003650,10,3,15,0,3,90,45,2,1,1,7,chemin de pradieres,42.87012,1.56736
201500003651,13,3,15,18,3,90,15,1,1,2,6,,42.86251,1.60493
201500003652,12,5,15,17,1,90,272,1,1,1,7,,42.9162,1.64863
201500003653,10,10,15,15,1,90,143,1,1,1,6,,42.78311,1.54464
201500003654,24,10,15,19,5,90,306,1,1,1,1,,42.85373,1.59855
201500003655,30,1,15,7,5,90,264,2,1,3,1,AVENUE DES ECOLIERS,43.0149,1.61061
201500003656,13,2,15,20,5,90,238,2,2,1,3,CD119/CD30,0.0,0.0
201500003657,25,6,15,8,1,90,60,1,1,7,2,,43.17029,1.60331
201500003658,28,7,15,19,1,90,60,2,1,1,6,11 route de toulouse,43.16396,1.60037
201500003659,8,11,15,11,1,90,238,1,1,1,1,,43.09266,1.70017
201500003660,13,11,15,7,1,90,265,2,1,1,3,Avenue des PYRENEES,43.09185,1.62657
201500003661,12,12,15,22,5,90,238,2,1,1,1,D119,43.089,1.719
201500003662,16,12,15,17,2,90,312,2,1,1,1,,43.10207,1.64284
201500003663,19,4,15,16,1,90,167,2,1,8,6,avenue de toulouse,43.28072,1.34749
201500003664,8,7,15,19,1,90,167,2,1,1,7,rue de l'abbaye,43.27588,1.34682
201500003665,18,7,15,14,1,90,61,1,3,1,3,,43.1241,1.34469
201500003666,19,7,15,17,1,90,79,2,1,1,3,D26 lieu dit La ville,43.15159,1.39113
201500003667,23,7,15,10,1,90,79,1,1,1,3,,43.15957,1.3728
201500003668,7,8,15,14,1,90,38,1,1,1,7,,43.17934,1.30054
201500003669,26,4,15,15,1,90,224,1,1,3,7,,43.10816,1.45493
201500003670,12,7,15,20,1,90,224,2,1,1,7,D919 - PR 26+200,0.0,0.0
201500003671,18,7,15,4,3,90,277,1,1,1,6,,43.23507,1.38485
201500003672,25,7,15,16,1,90,167,1,1,1,1,,43.30137,1.33457
201500003673,8,11,15,1,3,90,105,1,1,1,7,,43.15657,1.28588
201500003674,21,9,15,9,1,90,150,1,1,1,1,,43.05462,1.92797
201500003675,23,4,15,20,2,90,185,2,1,1,3,rue des Tertiaires,43.25027,1.67988
201500003676,6,6,15,23,3,90,282,1,1,3,6,,43.23092,1.56585
201500003677,13,9,15,10,1,90,282,1,1,8,2,,43.23939,1.62228
201500003678,18,12,15,0,3,90,282,1,6,1,6,,43.20416,1.60892
201500003679,6,4,15,11,1,90,261,2,1,1,6,Bd du Gal DE GAULLE,42.98063,1.14964
201500003680,25,4,15,18,1,90,289,1,1,1,1,,43.02109,1.09861
201500003681,7,5,15,16,1,90,214,1,9,1,3,,42.95648,1.08399
201500003682,22,5,15,18,1,90,268,2,1,1,6,route de toulouse,43.00324,1.13027
201500003683,27,6,15,11,1,90,209,1,1,8,1,,43.02769,1.16392
201500003684,20,8,15,17,1,90,209,1,1,1,1,,42.99747,1.15995
201500003685,2,9,15,13,1,90,214,1,1,1,1,,42.95575,1.08283
201500003686,26,12,15,11,1,90,261,2,9,1,6,avenue François camel,42.98613,1.14326
201500003687,5,1,15,16,1,90,299,1,1,1,2,,42.91326,1.19556
201500003688,18,2,15,19,3,90,5,1,1,1,6,,42.89409,1.24811
201500003689,21,7,15,10,1,90,57,2,1,1,3,Route de St Girons,42.89843,1.31234
201500003690,1,1,15,0,5,20,168,2,3,5,1,"37, GERBROIS (RUE DE)",0.0,0.0
201500003691,15,1,15,15,1,20,168,2,3,2,6,avenue de soissons,49.05341,3.39681
201500003692,21,4,15,15,1,20,168,2,1,1,6,EXPRESS (VOIE) 01,49.03843,3.38029
201500003693,31,7,15,19,1,20,168,1,1,1,6,,0.0,0.0
201500003694,29,10,15,21,3,20,168,1,1,1,2,,0.0,0.0
201500003695,27,11,15,21,5,20,168,2,6,3,6,,49.06122,3.39477
201500003696,9,12,15,13,1,20,168,2,3,1,2,,0.0,0.0
201500003697,4,5,15,11,1,12,120,1,1,1,1,RD 28,44.3888,2.8254
201500003698,20,10,15,16,1,12,202,1,1,1,2,CARREFOUR 902 - LA VACAR,44.0798,2.53642
201500003699,31,1,15,18,1,12,56,1,1,4,1,,44.2842,2.42687
201500003700,5,5,15,9,1,12,56,1,1,1,5,,44.2738,2.42873
201500003701,7,6,15,18,1,12,102,1,1,3,7,,44.2879,2.62001
201500003702,14,6,15,16,1,12,102,1,1,1,1,,0.0,0.0
201500003703,12,7,15,18,1,12,56,1,1,1,5,BARAQUE DE LAURENS,44.2761,2.45757
201500003704,11,7,15,19,1,12,262,1,1,1,7,RD 650 - ALBAGNAC,44.2387,2.30473
201500003705,2,8,15,18,1,12,1,1,1,1,1,,0.0,0.0
201500003706,6,8,15,18,1,12,283,1,1,1,7,SAINT CLAIR,44.2294,2.59169
201500003707,16,9,15,14,1,12,32,1,1,1,7,RD 546 - PR 5+600,44.2805,2.38109
201500003708,17,6,15,8,1,12,157,1,1,1,4,ROUTE DE RODEZ - GAGES,44.3886,2.70274
201500003709,24,1,15,16,1,12,194,1,1,4,7,RN 88 - PR 72+500,44.2434,2.41085
201500003710,30,1,15,21,3,12,276,1,1,2,5,,44.148,2.32261
201500003711,16,3,15,5,3,12,267,1,1,9,7,,44.0558,2.51946
201500003712,4,5,15,17,1,12,169,2,1,1,1,RN88 - NAUCELLE GARE,44.187,2.36574
201500003713,27,5,15,19,1,12,43,1,2,1,3,BELSOLEIL-VC5 ET VC55,44.2398,2.52273
201500003714,5,10,15,17,1,12,43,1,2,1,1,RD 888 - ZAC DE MONTVERT,44.2856,2.51895
201500003715,11,10,15,16,1,12,46,1,1,1,1,LA CROIX ROUGE,44.1778,2.37926
201500003716,17,10,15,11,1,12,197,2,1,1,3,AVENUE DU MARCHÉ,44.0379,2.52175
201500003717,7,2,15,19,3,12,8,1,1,1,7,RD 1 - LA BARTHE GRANDE,44.4286,2.21059
201500003718,4,4,15,19,2,12,215,1,1,3,6,RIEU NEGRE,44.4929,2.38794
201500003719,11,6,15,16,1,12,66,1,1,1,1,LA MASSEBEUVE,44.4504,2.41888
201500003720,6,11,15,18,2,12,138,2,1,1,6,QUAI DU CRUOU,0.0,0.0
201500003721,12,11,15,10,1,12,215,2,1,1,6,LA TIEYRE,44.4666,2.40406
201500003722,18,12,15,9,1,12,171,1,1,1,3,,0.0,0.0
201500003723,7,3,15,17,1,12,290,1,1,1,1,CAVAGNAC,44.4363,2.19561
201500003724,1,5,15,7,1,12,121,2,1,1,6,ROUTE DE BRANDONNET,44.4236,2.16387
201500003725,13,5,15,9,1,12,206,2,1,1,7,LE BOURG,44.4506,2.25279
201500003726,31,8,15,17,1,12,206,1,1,8,3,RD 5 - LA REMISE,44.455,2.21774
201500003727,21,10,15,16,1,12,101,1,1,1,1,RD 963 - PR 6+980,44.6109,2.24763
201500003728,15,5,15,17,1,12,26,2,1,1,1,AVENUE DE ROUERGUE,44.3934,2.77846
201500003729,3,6,15,13,1,12,157,1,1,1,1,RN 88 - GALTIES,44.4008,2.72217
201500003730,2,6,15,18,1,12,157,2,1,1,3,RD 59,0.0,0.0
201500003731,15,6,15,13,1,12,117,1,3,1,3,,0.0,0.0
201500003732,30,7,15,18,1,12,88,1,1,1,7,RD 15 - PR 53+0100,44.6619,2.94084
201500003733,23,12,15,9,1,12,119,1,1,2,6,RD 15,44.6781,2.89009
201500003734,17,1,15,15,1,12,118,1,1,1,7,FEYT,44.7498,2.63539
201500003735,15,5,15,11,1,12,94,2,1,1,6,37 TOUR DE VILLE,44.6459,2.56549
201500003736,15,6,15,16,1,12,94,1,1,1,7,RD 920 - PR 45+300,44.6675,2.54392
201500003737,10,7,15,17,1,12,280,1,1,1,1,LAUSSAC,44.855,2.76418
201500003738,11,8,15,14,1,12,209,1,1,1,1,,0.0,0.0
201500003739,16,12,15,9,1,12,36,1,1,8,6,,0.0,0.0
201500003740,18,7,15,15,1,12,81,1,1,2,2,,44.411,2.86834
201500003741,7,3,15,11,1,12,168,2,7,1,6,RD 999 - PLACE DU CLAUX,44.0221,3.30246
201500003742,3,4,15,13,1,12,2,1,2,1,3,LA BORIE SECHE,44.1643,3.08589
201500003743,16,4,15,7,1,12,122,1,1,8,6,,44.0151,3.11328