Num_Acc,jour,mois,an,hr,condition_eclairage,departement,commune,condition_agglomeration,intersection,condition_atmosphere,type_collision,adresse,lattitude,longitude
201500003744,29,8,15,4,5,12,160,2,1,1,6,SAINT PAL LA MUSE,44.197,3.21215
201500003745,31,8,15,14,1,12,231,1,1,2,6,,0.0,0.0
201500003746,15,9,15,17,1,12,63,1,1,6,3,,44.0582,3.1234
201500003747,17,10,15,14,1,12,211,1,1,1,6,ROUTE DU RIOU SEC,44.1466,3.21637
201500003748,17,5,15,16,1,12,6,1,1,1,6,LD LA BARAQUE DE MALET,44.1139,2.68807
201500003749,31,8,15,11,1,12,6,2,1,2,6,LE JOUANESQ,44.1232,2.67103
201500003750,28,3,15,15,1,12,237,1,1,2,7,LES RIVES,44.4442,3.07622
201500003751,6,6,15,13,1,12,270,1,1,1,1,,44.3106,3.1016
201500003752,7,7,15,17,1,12,196,1,1,1,5,,44.3476,2.96679
201500003753,9,3,15,7,1,12,42,1,1,1,7,,43.9572,2.75578
201500003754,13,5,15,11,1,12,286,2,1,1,1,AVENUE DE LA SALSE,43.9496,2.83732
201500003755,6,6,15,19,1,12,286,1,1,1,2,LE VERN,43.955,2.85643
201500003756,30,6,15,12,1,12,243,1,1,1,6,,44.0202,2.96496
201500003757,8,7,15,17,1,12,208,2,1,1,6,BOULEVARD DE VERDUN,0.0,0.0
201500003758,14,8,15,11,1,12,208,2,1,2,5,BOULEVARD EMILE BOREL,43.9572,2.87537
201500003759,15,11,15,4,3,12,163,1,1,1,7,,0.0,0.0
201500003760,15,3,15,10,1,12,136,1,1,2,6,RD 1 - PR 46+900,44.4078,2.09683
201500003761,3,4,15,18,1,12,300,2,1,1,5,PROMENADE DU GUIRAUDET,44.35,2.03585
201500003762,5,6,15,18,1,12,300,1,1,1,1,RD 1,44.3757,2.02013
201500003763,22,6,15,18,1,12,136,1,1,1,3,BONHOURE,44.4024,2.14106
201500003764,19,7,15,10,1,12,300,2,1,1,1,131 AVENUE DU QUERCY,44.35,2.03585
201500003765,19,7,15,4,3,12,263,1,1,1,7,LE BOUSQUET,44.3461,1.95783
201500003766,29,7,15,9,1,12,300,1,1,1,3,RD 926,44.347,1.96075
201500003767,5,9,15,11,1,12,300,2,1,1,6,RUE DU 11 NOVEMBRE,44.3537,2.03202
201500003768,11,9,15,11,1,12,300,1,1,1,6,,44.3852,2.00997
201500003769,1,10,15,11,1,12,263,1,1,1,7,RD 911,44.365,1.97337
201500003770,19,10,15,7,2,12,136,1,1,1,1,LALO - RD 1 PR 42+130,44.4227,2.13863
201500003771,16,12,15,13,1,12,300,1,1,7,2,SALAMONIQUE,44.3136,2.02674
201500003772,2,1,15,14,1,12,52,2,6,7,3,R POINT ST JULIEN D'EMPA,44.5618,2.07487
201500003773,25,3,15,17,1,12,257,1,3,1,3,,44.5067,2.02585
201500003774,13,4,15,6,3,12,272,1,1,1,3,COMBETTE,44.5499,2.12276
201500003775,7,5,15,19,1,12,52,2,1,1,3,AVENUE PASTEUR,0.0,0.0
201500003776,30,9,15,17,1,12,52,2,1,1,3,BD PAUL RAMADIER,0.0,0.0
201500003777,18,10,15,9,1,12,104,1,1,2,1,RD 87 - FREJEROQUES,44.5129,2.0268
201500003778,17,11,15,8,1,12,242,1,1,5,6,COTE DES TAILLADES,44.3935,2.06538
201500003779,18,2,15,19,3,12,29,1,1,1,1,,44.2008,2.06529
201500003780,16,5,15,10,1,12,278,1,1,1,3,SAINT JEAN,44.2119,2.23056
201500003781,15,8,15,16,1,12,258,1,1,1,7,LA GUIONIE,44.2603,2.18295
201500003782,9,1,15,9,1,32,91,1,1,1,2,,43.6954,0.52012
201500003783,22,1,15,9,1,32,29,1,1,1,7,,43.6178,0.47964
201500003784,31,1,15,8,1,32,307,2,1,1,1,,43.615,0.58542
201500003785,9,4,15,8,1,32,118,1,1,7,6,,43.5223,0.57341
201500003786,10,7,15,16,1,32,29,1,1,1,7,,43.6239,0.40662
201500003787,19,7,15,12,1,32,300,1,1,1,6,,43.5501,0.61026
201500003788,9,4,15,18,1,32,249,2,1,1,6,RUE DU COUVENT,43.7298,0.87668
201500003789,11,4,15,15,1,32,406,1,2,1,3,,43.6891,0.82621
201500003790,14,4,15,15,1,32,249,1,3,7,3,,43.7303,0.86141
201500003791,19,4,15,10,1,32,147,1,1,2,1,,43.6236,0.89074
201500003792,19,5,15,15,1,32,388,1,1,2,6,,43.67,0.84723
201500003793,9,8,15,3,3,32,247,1,1,2,6,,43.5745,0.92592
201500003794,9,9,15,12,1,32,268,1,1,1,6,,43.6087,0.9621
201500003795,13,9,15,3,3,32,268,1,1,8,6,,43.6034,1.00181
201500003796,12,9,15,17,1,32,237,1,1,1,3,,43.6478,0.70212
201500003797,13,9,15,19,2,32,237,1,1,7,5,,43.6476,0.71042
201500003798,21,11,15,7,3,32,388,1,1,4,7,,43.6883,0.88249
201500003799,1,12,15,16,1,32,269,1,1,7,1,,43.8088,0.84575
201500003800,7,3,15,15,1,32,268,1,1,1,3,,43.5947,0.97364
201500003801,4,4,15,16,1,32,148,1,1,1,5,,43.6173,0.92636
201500003802,25,5,15,17,1,32,160,1,4,1,3,,43.6025,1.03939
201500003803,8,6,15,5,2,32,160,1,1,1,7,,43.6269,1.06908
201500003804,24,6,15,10,1,32,160,2,1,1,6,39 AV C DE GAULLE,43.6134,1.08583
201500003805,24,10,15,12,1,32,210,1,1,1,6,,43.5612,1.12799
201500003806,8,12,15,16,1,32,444,1,1,1,6,,43.6781,0.99331
201500003807,5,8,15,19,1,32,410,1,1,1,6,,43.4771,0.94603
201500003808,16,3,15,8,1,32,301,1,1,8,6,,43.7111,0.44129
201500003809,28,3,15,20,3,32,162,1,1,2,6,,43.766,0.47073
201500003810,30,3,15,17,1,32,301,1,1,2,1,,43.7094,0.4441
201500003811,24,6,15,18,1,32,462,1,1,1,3,,43.7942,0.30511
201500003812,15,10,15,16,1,32,462,1,1,1,6,,43.7613,0.27316
201500003813,24,10,15,16,1,32,162,1,1,1,1,,43.7797,0.458
201500003814,1,12,15,16,1,32,301,1,3,1,3,,43.6746,0.53027
201500003815,16,1,15,16,1,32,95,1,1,2,1,,43.9493,0.41741
201500003816,10,7,15,18,1,32,79,1,1,1,6,,43.9512,0.07927
201500003817,12,7,15,15,1,32,290,1,2,7,3,,43.9466,0.15285
201500003818,24,8,15,11,1,32,133,1,3,1,3,,44.0048,0.19894
201500003819,25,9,15,10,1,32,290,1,1,1,6,,43.931,0.19226
201500003820,5,11,15,18,5,32,149,2,1,2,3,44 AVENUE JEAN MOULIN,43.8848,0.23747
201500003821,28,12,15,19,5,32,107,2,3,1,1,22 AV DU MARECHAL JOFFRE,43.9564,0.37989
201500003822,14,1,15,19,5,32,155,2,1,1,3,ROUTE DE MONT DE MARSAN,43.7773,-0.18834
201500003823,15,1,15,0,3,32,155,1,1,1,6,,43.78,-0.19671
201500003824,11,2,15,14,1,32,119,2,1,8,6,29 PLACE DE LA LIBERTE,43.8594,0.10054
201500003825,5,7,15,4,3,32,458,1,1,1,6,,43.7365,-0.01317
201500003826,6,8,15,6,1,32,96,1,1,5,6,,43.9025,-0.01637
201500003827,25,8,15,14,1,32,119,2,1,1,3,RUE DE LA FONTAINE,43.8619,0.10246
201500003828,21,9,15,11,1,32,190,1,1,1,3,,43.7666,0.15934
201500003829,31,12,15,7,2,32,132,1,1,2,6,,43.8459,0.69247
201500003830,6,1,15,19,3,32,311,1,1,5,7,,44.0562,0.60711
201500003831,18,1,15,6,2,32,286,1,1,1,6,,43.8109,0.64818
201500003832,6,2,15,9,1,32,306,1,1,4,1,,43.8974,0.64184
201500003833,12,2,15,11,1,32,385,1,1,1,7,,43.8657,0.74778
201500003834,10,3,15,14,1,32,82,1,2,1,3,,43.9624,0.62917
201500003835,15,4,15,20,2,32,132,2,2,1,3,RUE NOEL CADEOT,43.8444,0.66634
201500003836,13,6,15,15,1,32,395,1,1,1,1,,43.987,0.67747
201500003837,29,6,15,8,1,32,132,2,1,1,6,37 ALLÉES A. BRIAND,43.8464,0.66541
201500003838,10,7,15,0,3,32,457,1,1,1,7,,43.8614,0.69598
201500003839,31,7,15,17,1,32,329,1,1,1,6,,43.8073,0.59794
201500003840,16,8,15,11,1,32,188,1,1,1,1,,43.882,0.57738
201500003841,20,8,15,12,1,32,370,2,1,1,7,,43.8911,0.77257
201500003842,10,10,15,2,3,32,253,2,1,1,6,RD525,43.9912,0.76413
201500003843,21,11,15,17,3,32,306,1,1,8,3,,43.8713,0.65811
201500003844,26,11,15,18,3,32,68,1,2,1,3,,43.8312,0.74958
201500003845,12,12,15,2,3,32,457,1,1,1,6,,43.8644,0.71165
201500003846,12,1,15,7,3,32,254,1,2,1,6,,43.5402,0.45458
201500003847,10,3,15,8,1,32,256,2,1,1,6,,43.515,0.40736
201500003848,26,6,15,10,1,32,256,1,1,1,3,,43.5257,0.41672
201500003849,16,7,15,9,1,32,256,1,3,1,6,,43.5338,0.42041
201500003850,29,8,15,21,3,32,389,1,1,1,6,,43.4991,0.39243
201500003851,16,10,15,14,1,32,252,1,3,1,3,,43.4245,0.318
201500003852,18,11,15,4,3,32,20,1,1,1,6,,43.4378,0.28621
201500003853,26,11,15,7,1,32,389,1,1,1,1,,43.4951,0.38085
201500003854,4,12,15,7,1,32,67,1,2,1,3,,43.3514,0.59633
201500003855,17,12,15,11,1,32,426,2,1,1,6,PLACE CARNOT,43.492,0.59211
201500003856,17,1,15,21,3,32,167,1,1,1,6,,43.4616,0.32092
201500003857,21,1,15,14,1,32,205,1,1,1,2,,43.5289,0.20149
201500003858,25,1,15,5,3,32,233,1,1,1,7,,43.5262,0.17487
201500003859,21,3,15,16,1,32,252,1,1,2,6,,43.4325,0.32946
201500003860,27,4,15,17,1,32,252,1,1,3,1,,43.424,0.29584
201500003861,7,8,15,10,1,32,285,1,1,1,6,,43.5905,0.37455
201500003862,9,10,15,17,1,32,362,1,4,1,6,,43.5755,0.07486
201500003863,7,2,15,22,5,32,319,2,2,1,7,RUE ADOUR,43.6054,0.0455
201500003864,6,4,15,1,3,32,1,1,1,1,6,,43.6962,0.07666
201500003865,24,4,15,19,1,32,424,1,2,1,5,,43.6307,-0.2717
201500003866,3,10,15,9,1,32,408,1,2,1,3,,43.8266,-0.03673
201500003867,1,11,15,19,5,32,344,2,1,1,6,PONT DE L'ADOUR,43.6649,-0.08112
201500003868,3,11,15,10,1,46,221,1,1,1,1,,44.62273,2.02499
201500003869,3,1,15,12,1,46,105,1,1,2,7,,44.40458,1.52392
201500003870,4,6,15,4,3,46,202,1,1,1,2,,44.28415,1.50492
201500003871,14,8,15,11,1,46,138,1,9,3,4,,44.66234,1.5682
201500003872,31,8,15,14,1,46,210,1,1,2,6,,0.0,1.51487
201500003873,2,5,15,18,1,46,13,1,1,2,6,,0.0,0.0
201500003874,18,8,15,17,1,46,263,1,1,1,1,,44.36261,1.22666
201500003875,4,11,15,14,1,46,91,1,1,1,1,,44.37525,1.61167
201500003876,18,11,15,18,3,46,197,1,1,8,2,,44.36317,1.45124
201500003877,15,8,15,21,2,46,335,2,2,1,3,,44.39902,1.29513
201500003878,29,8,15,9,1,46,88,1,3,1,3,,44.47972,1.35686
201500003879,31,8,15,15,1,46,335,1,1,2,1,,0.0,0.0
201500003880,6,1,15,18,5,46,102,1,9,1,6,,0.0,0.0
201500003881,24,1,15,16,1,46,102,2,1,4,1,Bd du Colonel Teuli?,44.61012,2.03716
201500003882,7,5,15,17,1,46,102,1,1,1,1,,44.591,2.0004
201500003883,6,6,15,14,1,46,174,1,9,1,3,,44.65183,2.10589
201500003884,1,10,15,22,3,46,266,1,1,1,6,,44.61731,2.12175
201500003885,11,6,15,11,1,46,45,1,1,1,1,,44.50107,1.85056
201500003886,16,2,15,19,3,46,155,1,1,1,6,,44.46821,1.78444
201500003887,18,3,15,7,1,46,132,2,1,1,1,Le buzat,44.74276,1.79161
201500003888,2,4,15,17,1,46,170,2,1,1,6,,44.78595,1.90136
201500003889,7,4,15,9,1,46,90,1,1,1,6,,44.67116,1.78414
201500003890,8,8,15,6,3,46,57,1,1,1,6,,44.67502,2.02682
201500003891,8,9,15,9,1,46,183,1,1,1,6,,0.0,0.0
201500003892,25,10,15,8,3,46,279,1,1,1,6,,0.0,0.0
201500003893,5,12,15,17,1,46,243,1,1,1,6,,44.73391,1.84859
201500003894,1,3,15,17,1,46,251,1,2,2,3,,44.85807,1.89343
201500003895,30,3,15,11,1,46,29,2,1,2,2,32 av de la R?publique,44.92706,1.84556
201500003896,27,6,15,12,1,46,251,1,1,1,1,,44.8537,1.90591
201500003897,10,10,15,18,1,46,177,1,1,1,7,,44.88181,1.79955
201500003898,16,10,15,16,1,46,311,1,3,1,3,,44.87723,2.00419
201500003899,3,12,15,22,3,46,122,1,1,1,7,,44.90814,1.74353
201500003900,15,2,15,18,2,46,200,1,1,8,6,,44.60641,1.20205
201500003901,5,4,15,10,1,46,66,1,3,1,3,,44.63252,1.21996
201500003902,16,5,15,18,1,46,334,1,1,1,1,PROBLME PR 75+500,44.74598,1.44737
201500003903,25,6,15,11,1,46,316,1,2,1,1,,0.0,0.0
201500003904,26,6,15,21,2,46,215,1,1,1,1,,44.78896,1.47155
201500003905,8,8,15,13,1,46,209,1,1,3,1,,44.83904,1.46094
201500003906,30,3,15,8,1,46,304,1,1,2,1,,0.0,0.0
201500003907,12,7,15,8,1,46,265,1,1,1,1,,0.0,0.0
201500003908,10,9,15,15,1,46,265,2,3,1,3,le bourg,0.0,0.0
201500003909,8,10,15,6,5,46,83,2,1,1,3,Le Bourg,45.02485,1.51953
201500003910,20,2,15,20,3,65,19,1,1,1,4,,0.0,0.0
201500003911,19,4,15,17,1,65,401,1,1,1,5,,43.1783,0.10238
201500003912,17,5,15,14,1,65,2,1,8,1,3,,43.1564,-0.02005
201500003913,6,7,15,15,1,65,366,1,1,1,6,,43.1164,-0.07444
201500003914,27,7,15,15,1,65,292,1,1,1,2,,43.2477,-0.10784
201500003915,23,8,15,5,3,65,401,1,1,8,6,,43.195,0.109
201500003916,1,11,15,15,1,65,280,2,1,1,3,RD 940,43.1353,-0.08248
201500003917,6,11,15,14,1,65,340,2,1,7,3,route de Rabastens,43.271,0.10625
201500003918,29,12,15,18,3,65,344,1,1,1,6,,43.1865,-0.05156
201500003919,2,2,15,19,3,65,126,1,1,1,1,,0.0,0.0
201500003920,10,4,15,0,3,65,274,1,1,1,6,,43.245,0.39581
201500003921,9,5,15,12,1,65,129,1,1,1,6,,43.2877,0.53798
201500003922,20,5,15,16,1,65,187,1,1,3,5,,43.2147,0.47221
201500003923,31,5,15,17,1,65,183,1,1,7,7,,43.2218,0.40875
201500003924,19,9,15,11,1,65,184,1,1,1,6,,43.1675,0.39744
201500003925,16,10,15,11,1,65,373,1,2,1,3,,43.2998,0.45372
201500003926,2,8,15,8,1,65,121,1,1,1,6,,43.36,0.06926
201500003927,7,8,15,16,1,65,460,1,1,1,1,,43.3787,0.06704
201500003928,12,11,15,17,1,65,174,1,1,1,6,,43.5034,0.03639
201500003929,10,12,15,16,1,65,121,1,6,1,3,,43.35901,0.0693
201500003930,10,2,15,3,3,65,409,1,1,1,6,,43.383,8.333
201500003931,17,3,15,14,1,65,337,1,1,1,6,,43.2485,0.2906
201500003932,16,7,15,9,1,65,409,1,2,1,5,,43.3861,0.11217
201500003933,7,8,15,17,1,65,367,1,1,1,7,,43.1685,0.21529
201500003934,10,9,15,10,1,65,447,1,1,8,1,,43.1692,0.2405
201500003935,8,2,15,6,5,65,7,2,1,1,6,01 place de la paix,0.0,0.0
201500003936,18,8,15,15,1,65,330,1,1,1,1,,43.4324,0.04651
201500003937,31,7,15,9,1,65,164,1,1,2,1,,43.1011,0.02833
201500003938,8,8,15,4,3,65,40,2,1,1,6,Chemin de la Marcotte,43.0753,-0.04742
201500003939,11,8,15,11,1,65,32,1,1,1,3,,42.9605,-0.21119
201500003940,30,8,15,13,1,65,349,1,1,1,6,,43.0372,-0.00188
201500003941,29,12,15,14,1,65,395,2,1,1,1,D 937,43.1025,-0.17038
201500003942,16,7,15,12,1,65,481,1,1,7,7,,42.8972,0.10449
201500003943,2,8,15,15,1,65,295,1,1,1,1,,42.8334,7e-05
201500003944,13,8,15,21,3,65,145,1,1,1,1,,42.927,-0.04181
201500003945,5,9,15,16,1,65,145,1,1,1,6,,42.9288,-0.04279
201500003946,21,2,15,17,1,65,123,1,1,4,1,,0.0,0.0
201500003947,1,7,15,18,1,65,123,1,3,1,1,,43.00036,0.19795
201500003948,24,7,15,16,1,65,59,2,3,1,6,39 rue de la république,43.0665,0.14793
201500003949,1,8,15,16,1,65,198,1,1,1,7,,43.0576,0.17975
201500003950,16,8,15,3,3,65,320,1,1,1,6,,43.1316,0.10296
201500003951,16,8,15,16,1,65,42,1,1,1,2,,43.0373,0.1687
201500003952,3,9,15,12,1,65,59,1,2,5,6,,42.909,0.15121
201500003953,8,10,15,21,3,65,16,1,1,8,6,,43.1175,0.11993
201500003954,10,10,15,16,1,65,320,1,2,1,6,chemin de la passade,43.1155,0.09401
201500003955,11,10,15,0,5,65,59,2,4,1,6,12 rue Jean Baqué,43.0705,0.15341
201500003956,30,1,15,20,3,65,96,1,1,3,7,,43.1106,0.24476
201500003957,28,9,15,18,1,65,231,2,1,1,6,RD929,43.0566,0.37083
201500003958,27,12,15,14,1,65,127,1,1,1,1,,43.1041,0.33932
201500003959,6,6,15,17,1,65,363,2,2,1,3,,43.11839,0.42813
201500003960,15,1,15,22,3,65,31,1,1,1,7,,42.91318,0.35885
201500003961,15,12,15,14,1,81,79,1,1,1,3,,43.86,2.188
201500003962,1,12,15,18,3,81,2,1,1,5,6,,43.524,2.301
201500003963,24,7,15,14,1,81,232,1,1,1,3,,0.0,0.0
201500003964,6,12,15,15,1,81,156,2,8,1,6,passage à niveau n°11,0.0,0.0
201500003965,12,4,15,18,1,81,97,1,1,1,1,,43.895,2.22
201500003966,26,4,15,12,1,81,295,1,1,1,1,,43.856,2.354
201500003967,28,12,15,17,2,81,96,1,1,6,6,,43.918,2.417
201500003968,31,5,15,9,1,81,105,2,1,1,6,rue gambetta,0.0,0.0
201500003969,26,6,15,20,2,81,105,1,1,7,1,,0.0,0.0
201500003970,21,8,15,0,3,81,105,1,1,1,7,,0.0,0.0
201500003971,12,2,15,14,1,81,124,1,1,1,6,,43.712,2.69
201500003972,26,6,15,8,1,81,31,1,1,1,6,,43.602,2.479
201500003973,22,8,15,21,2,81,314,1,1,1,7,,43.739,2.603
201500003974,23,8,15,3,3,81,86,1,1,8,7,,43.69,2.523
201500003975,6,11,15,17,2,81,31,1,1,7,7,,43.616,2.444
201500003976,17,1,15,7,2,81,271,1,6,2,7,,0.0,0.0
201500003977,14,2,15,16,1,81,104,1,1,2,6,,0.0,0.0
201500003978,14,3,15,6,2,81,271,1,1,2,2,,0.0,0.0
201500003979,18,3,15,18,2,81,140,1,1,1,1,,43.71,1.806
201500003980,27,3,15,20,3,81,271,2,1,1,6,chemin d'en brouysset,0.0,0.0
201500003981,9,6,15,7,2,81,104,1,1,1,3,,0.0,0.0
201500003982,24,6,15,17,1,81,173,1,1,1,1,,0.0,0.0
201500003983,2,7,15,21,2,81,140,1,1,1,7,,43.678,1.791
201500003984,26,7,15,9,1,81,140,1,1,7,7,,0.0,0.0
201500003985,9,9,15,6,3,81,140,1,1,1,1,,43.677,1.733
201500003986,19,9,15,15,1,81,150,1,1,1,7,,0.0,0.0
201500003987,29,11,15,10,1,81,140,2,1,1,3,allée Jean JAURES,0.0,0.0
201500003988,19,12,15,21,5,81,140,2,1,1,7,Allées Jean Jaurès,43.704,1.815
201500003989,15,6,15,16,1,81,177,1,1,1,2,,0.0,0.0
201500003990,27,8,15,13,1,81,182,2,1,1,7,Avenue docteur lavergne,0.0,0.0
201500003991,10,2,15,19,5,81,315,2,7,1,6,Place de l'Abbaye,43.626,2.08999
201500003992,14,2,15,3,3,81,92,1,1,2,7,,0.0,0.0
201500003993,2,4,15,14,1,81,213,1,1,1,6,,43.64,1.883
201500003994,17,7,15,19,1,81,299,1,1,1,1,,0.0,0.0
201500003995,23,7,15,14,1,81,139,1,1,1,6,,0.0,0.0
201500003996,15,11,15,14,1,81,78,1,1,1,6,,0.0,0.0
201500003997,24,12,15,11,1,81,258,2,2,1,1,Les Martys,43.765,2.067
201500003998,26,3,15,15,1,81,99,1,1,1,6,,43.89,1.868
201500003999,15,4,15,14,1,81,99,2,6,1,1,rond point St Jean,0.0,0.0
201500004000,23,5,15,8,1,81,138,1,1,1,6,,43.849,2.06599
201500004001,13,6,15,14,1,81,41,1,4,1,3,,43.962,1.871
201500004002,26,6,15,11,1,81,87,1,1,7,1,,43.958,1.982
201500004003,26,6,15,12,1,81,38,1,1,7,1,,43.891,1.913
201500004004,29,6,15,14,1,81,99,1,2,1,5,,0.0,0.0
201500004005,7,7,15,10,1,81,99,1,1,1,6,,43.889,1.866
201500004006,29,7,15,19,1,81,99,2,1,1,6,impasse des balitrands,0.0,0.0
201500004007,7,9,15,17,1,81,294,1,1,1,1,,43.837,1.945
201500004008,10,10,15,19,2,81,112,1,1,1,1,,43.924,2.008
201500004009,10,10,15,1,3,81,93,1,1,1,6,,0.0,0.0
201500004010,31,10,15,6,1,81,99,1,1,1,1,,43.913,1.841
201500004011,5,12,15,16,1,81,99,2,1,1,6,34 avenue saint exupéry,43.906,1.892
201500004012,11,12,15,0,3,81,38,1,1,1,7,,43.899,1.958
201500004013,22,12,15,5,3,81,112,1,1,5,6,,43.925,2.027
201500004014,30,12,15,6,3,81,225,1,1,1,6,,43.924,1.986
201500004015,11,2,15,16,1,69,89,2,9,1,6,16 Avenue du chater,0.0,0.0
201500004016,30,7,15,14,1,69,69,2,1,1,1,Rue Centrale,0.0,0.0
201500004017,1,8,15,9,1,69,69,2,1,1,3,1 avenue Jean bergeron,45.7437,4.72731
201500004018,6,9,15,12,1,69,205,1,1,1,2,,0.0,0.0
201500004019,25,9,15,12,1,69,69,2,1,1,1,593 Av. du 11 novembre,0.0,0.0
201500004020,9,10,15,8,1,69,205,2,1,7,2,avenue marcel mérieux,0.0,0.0
201500004021,6,12,15,20,5,69,69,2,1,1,3,45 Edouard Millaud,45.7474,4.73468
201500004022,7,1,15,18,5,20,408,2,3,8,3,"228, HOUSSAYE (RUE ARSEN",49.5459,3.63114
201500004023,13,1,15,7,5,20,408,2,1,1,6,LIBERATION (RUE DE LA),49.56121,3.6104
201500004024,28,1,15,16,1,20,408,1,1,3,5,RN2,0.0,0.0
201500004025,3,2,15,14,1,20,408,2,2,1,5,"68, MENDES-FRANCE (AVENU",49.57622,3.63833
201500004026,8,2,15,6,5,20,408,2,1,1,6,BASSELET (RUE VICTOR),49.57886,3.61505
201500004027,17,4,15,18,1,20,408,2,1,1,6,"4, MONGE (RUE)",49.56497,3.64755
201500004028,18,4,15,16,1,20,408,2,1,1,6,"08, WINSTON CHURCHILL (R",49.5692,3.6369
201500004029,18,4,15,9,1,20,408,2,1,1,6,"54, DE GAULLE (AVENUE CH",49.56958,3.6408
201500004030,3,8,15,19,1,20,408,2,2,1,1,"19, WROBEL (RUE GEORGES)",49.56522,3.64215
201500004031,19,8,15,5,5,20,408,2,2,1,3,"11, DOUVRY (RUE)",49.57478,3.63324
201500004032,28,9,15,12,1,20,408,1,1,1,1,,0.0,0.0
201500004033,20,11,15,8,2,20,408,2,2,3,3,,49.57638,3.62995
201500004034,25,11,15,16,1,20,408,2,1,2,6,,49.55003,3.61345
201500004035,1,12,15,9,1,20,408,1,1,8,2,RN2,0.0,0.0
201500004036,21,5,15,19,1,20,408,2,1,1,3,14 rue fernand christ,49.56983,3.60798
201500004037,12,1,15,17,2,81,272,1,2,1,3,,43.926,1.621
201500004038,24,1,15,4,3,81,220,1,1,1,6,,43.837,1.746
201500004039,2,3,15,17,1,81,70,2,1,1,2,avenue Jean B?ringuier,43.824,1.727
201500004040,29,4,15,7,1,81,106,1,2,1,1,,43.8392,1.67561
201500004041,9,5,15,16,1,81,145,1,2,7,3,,43.913,1.758
201500004042,19,6,15,14,1,81,220,1,1,1,7,,43.837,1.73
201500004043,7,8,15,19,1,81,145,2,7,1,1,PLACE PAUL SAISSAC,43.858,1.811
201500004044,19,10,15,10,1,81,220,2,1,1,6,Promenade des lices,0.0,0.0
201500004045,24,10,15,11,1,81,220,1,1,1,7,,0.0,0.0
201500004046,25,10,15,14,1,81,220,1,2,1,3,,43.858,1.754
201500004047,16,12,15,9,3,81,145,1,1,1,7,,43.884,1.794
201500004048,24,1,15,23,3,81,195,1,1,9,6,,0.0,0.0
201500004049,19,2,15,20,3,81,242,1,1,1,1,,43.518,2.112
201500004050,2,9,15,12,1,81,312,1,1,1,6,,43.522,2.138
201500004051,21,9,15,16,1,81,325,1,1,1,1,,43.554,2.208
201500004052,12,10,15,14,1,81,307,2,1,1,3,14avenue de CASTRES,43.574,2.297
201500004053,4,12,15,19,3,81,120,1,1,1,2,,43.547,2.252
201500004054,13,2,15,18,1,81,219,1,1,1,5,,43.571,2.03799
201500004055,24,8,15,6,2,81,251,1,1,8,3,,43.562,2.08999
201500004056,8,11,15,16,1,81,143,1,1,1,6,,43.535,2.1
201500004057,23,11,15,13,1,81,179,1,1,1,6,,43.519,1.932
201500004058,9,12,15,22,3,81,76,1,1,1,1,,43.57,1.919
201500004059,20,10,15,17,1,82,89,1,1,1,5,,0.0,0.0
201500004060,6,11,15,16,1,82,112,1,1,1,1,,0.0,0.0
201500004061,30,1,15,14,1,82,87,1,1,2,1,,0.0,0.0
201500004062,12,4,15,15,1,82,149,1,1,1,7,,0.0,0.0
201500004063,11,6,15,12,1,82,149,2,1,1,1,chemin du stade,44.12023,1.48417
201500004064,22,6,15,9,1,82,37,1,6,1,3,,44.14839,1.52321
201500004065,21,6,15,10,1,82,87,2,7,1,6,Square du Point de vue,44.12752,1.2409
201500004066,27,6,15,2,3,82,76,1,1,1,6,,0.0,0.0
201500004067,9,7,15,5,2,82,126,1,1,1,2,,44.17,1.559
201500004068,2,8,15,15,1,82,113,1,1,1,7,Route de la Barthe,44.1983,1.35428
201500004069,16,9,15,15,1,82,92,1,1,1,7,,0.0,0.0
201500004070,4,10,15,15,1,82,148,1,1,2,6,,0.0,0.0
201500004071,26,10,15,17,1,82,148,1,1,1,1,,0.0,0.0
201500004072,9,11,15,19,5,82,179,2,1,1,3,160 av marcel lacassagne,0.0,0.0
201500004073,20,11,15,7,3,82,113,1,1,1,6,,0.0,0.0
201500004074,5,12,15,7,3,82,39,1,1,5,6,,0.0,0.0
201500004075,14,1,15,8,3,82,161,1,1,1,3,,0.0,0.0
201500004076,25,1,15,6,1,82,134,1,1,1,1,,0.0,0.0
201500004077,14,2,15,21,3,82,161,1,1,2,1,,0.0,0.0
201500004078,11,6,15,17,1,82,2,1,1,1,6,,0.0,0.0