Num_Acc,jour,mois,an,hr,condition_eclairage,departement,commune,condition_agglomeration,intersection,condition_atmosphere,type_collision,adresse,lattitude,longitude
201500004079,28,7,15,19,1,82,2,1,1,1,7,,0.0,0.0
201500004080,6,9,15,1,3,82,161,1,1,1,6,,0.0,0.0
201500004081,22,9,15,12,1,82,18,1,1,1,6,747 route de la Bénèche,0.0,0.0
201500004082,20,12,15,4,3,82,192,1,1,1,1,,0.0,0.0
201500004083,25,12,15,17,2,82,2,2,1,1,3,av du Général de Gaule,0.0,0.0
201500004084,30,4,15,22,1,82,69,1,1,1,6,,0.0,0.0
201500004085,29,6,15,0,3,82,155,1,1,1,6,,0.0,0.0
201500004086,23,9,15,10,1,82,147,1,1,1,6,,0.0,0.0
201500004087,25,10,15,14,1,82,38,1,1,1,6,,0.0,0.0
201500004088,23,1,15,9,1,82,180,1,1,8,1,,0.0,0.0
201500004089,9,7,15,16,1,82,180,1,1,1,1,,43.905,1.03899
201500004090,20,8,15,14,1,82,71,1,1,1,3,,43.8242,0.98316
201500004091,22,9,15,15,1,82,55,1,1,1,6,,0.0,0.0
201500004092,21,11,15,8,1,82,103,1,1,1,6,,0.0,0.0
201500004093,5,2,15,17,1,82,48,2,1,1,6,12 route de Toulouse,0.0,0.0
201500004094,5,3,15,6,3,82,79,1,1,1,1,,43.937,1.361
201500004095,26,4,15,17,1,82,28,1,1,2,7,,43.8527,1.29291
201500004096,4,6,15,16,1,82,79,2,2,1,3,rue des prés,43.922,1.369
201500004097,19,7,15,19,1,82,79,1,3,1,3,,43.941,1.35585
201500004098,14,8,15,18,2,82,28,2,1,2,7,500 Route de Fabas,43.854,1.299
201500004099,21,8,15,19,1,82,135,1,1,7,1,,43.911,1.437
201500004100,22,8,15,17,1,82,17,2,1,1,6,501 rue des Capellas,0.0,0.0
201500004101,25,8,15,19,1,82,44,1,1,1,1,,43.968,1.359
201500004102,5,9,15,6,3,82,79,1,1,1,7,,0.0,0.0
201500004103,11,9,15,16,1,82,142,1,1,1,5,,43.824,1.309
201500004104,18,10,15,18,2,82,150,1,1,2,6,,43.935,1.42
201500004105,24,10,15,16,1,82,114,2,1,1,2,chemin des tilleuls,0.0,0.0
201500004106,12,3,15,16,1,82,117,1,3,1,5,,44.332,1.032
201500004107,30,5,15,22,1,82,116,1,1,1,6,,0.0,0.0
201500004108,29,6,15,16,1,82,116,1,1,1,6,,0.0,0.0
201500004109,8,8,15,4,3,82,94,1,1,1,6,,0.0,0.0
201500004110,31,8,15,17,1,82,42,1,1,1,7,,44.233,1.196
201500004111,24,11,15,22,3,82,24,1,1,2,6,,44.222,0.972
201500004112,28,3,15,10,1,82,108,1,1,2,1,,0.0,0.0
201500004113,8,4,15,17,1,82,169,2,1,1,2,826 chemin de Douzil,44.05635,1.02607
201500004114,3,6,15,11,1,82,45,1,1,1,7,,0.0,0.0
201500004115,6,6,15,22,5,82,101,2,1,1,1,40 AVENUE DE BORDEAUX,0.0,0.0
201500004116,13,8,15,22,3,82,99,1,1,2,6,,0.0,0.0
201500004117,21,8,15,17,1,82,112,1,1,1,5,,0.0,0.0
201500004118,25,8,15,7,2,82,96,1,1,1,3,,0.0,0.0
201500004119,26,9,15,15,1,82,112,1,1,1,2,,0.0,0.0
201500004120,14,2,15,17,2,82,178,1,2,2,3,,0.0,0.0
201500004121,28,2,15,15,1,82,14,1,1,1,3,,43.786,1.122
201500004122,11,4,15,2,5,82,62,2,1,1,6,51 route Nationale,43.909,1.221
201500004123,13,5,15,21,2,82,125,1,2,1,3,,43.9323,1.25182
201500004124,24,5,15,5,3,82,124,1,1,1,6,,44.02362,1.27604
201500004125,24,6,15,19,1,82,190,1,1,1,3,,43.86367,1.24705
201500004126,9,7,15,17,1,82,124,1,1,1,6,,0.0,0.0
201500004127,31,8,15,19,2,82,125,2,1,6,6,AV DE MONTAUBAN RD928,0.0,0.0
201500004128,19,9,15,21,3,82,123,1,9,1,6,,0.0,0.0
201500004129,26,9,15,18,1,82,62,1,1,1,3,403 rue du stade,0.0,0.0
201500004130,10,10,15,16,1,82,105,1,1,1,1,,0.0,0.0
201500004131,30,10,15,16,1,82,173,1,1,1,6,,0.0,0.0
201500004132,10,11,15,5,3,82,124,1,1,1,6,,0.0,0.0
201500004133,5,12,15,19,3,82,171,2,1,1,6,rue de la Thoumazette,44.002,1.185
201500004134,15,1,15,6,3,82,54,1,1,1,6,,0.0,0.0
201500004135,9,6,15,8,1,82,49,1,1,1,6,,0.0,0.0
201500004136,6,7,15,9,1,82,8,2,1,1,6,route de Castels,0.0,0.0
201500004137,28,8,15,11,1,82,166,1,2,7,3,,0.0,0.0
201500004138,18,9,15,15,1,82,186,2,1,1,3,place J.B CHAUMEIL,0.0,0.0
201500004139,4,10,15,14,1,82,165,1,1,1,3,,0.0,0.0
201500004140,16,11,15,5,3,82,165,1,1,5,6,,0.0,0.0
201500004141,27,12,15,15,1,82,165,1,1,1,3,,0.0,0.0
201500004142,27,1,15,7,2,69,72,1,1,8,7,,0.0,0.0
201500004143,25,4,15,4,3,69,72,1,1,1,7,,45.8207,4.72812
201500004144,6,6,15,21,1,69,76,2,1,1,6,242 route de dardilly,0.0,0.0
201500004145,24,7,15,14,1,69,72,1,1,1,3,,0.0,0.0
201500004146,7,8,15,11,1,69,72,1,1,1,3,,45.826,4.697
201500004147,3,9,15,17,1,69,72,1,1,1,6,,45.798,4.742
201500004148,25,9,15,17,1,69,72,2,1,1,6,14 route de la tour de s,0.0,0.0
201500004149,28,9,15,20,3,69,76,1,1,1,1,,0.0,0.0
201500004150,2,10,15,7,2,69,127,2,1,1,6,route de sain bel,0.0,0.0
201500004151,26,1,15,17,1,69,191,2,1,1,6,avenue de la république,0.0,0.0
201500004152,11,2,15,19,5,69,40,2,1,1,3,131 avenue lanessan,0.0,0.0
201500004153,6,4,15,18,1,69,59,1,1,1,7,,45.8552,4.71537
201500004154,1,5,15,3,3,69,55,1,6,2,6,,0.0,0.0
201500004155,18,5,15,18,1,69,117,1,1,1,2,,0.0,0.0
201500004156,26,5,15,9,1,69,191,1,1,1,6,,0.0,0.0
201500004157,3,6,15,8,1,69,117,1,1,1,7,,0.0,0.0
201500004158,3,6,15,2,3,69,116,1,1,1,1,,0.0,0.0
201500004159,4,6,15,21,1,69,55,1,1,1,7,,45.8879,4.73197
201500004160,22,6,15,19,1,69,116,1,1,1,1,,45.859,4.775
201500004161,2,7,15,16,1,69,55,1,1,1,3,,0.0,0.0
201500004162,12,7,15,11,1,69,59,1,1,1,6,,45.8548,4.7159
201500004163,23,7,15,8,1,69,55,1,6,1,3,,45.916,4.734
201500004164,26,8,15,14,1,69,116,1,1,1,6,,0.0,0.0
201500004165,9,9,15,13,1,69,116,2,1,1,5,95 avenue Lanessan 69410,45.799,4.791
201500004166,3,9,15,17,1,69,116,2,1,1,7,chemin de la sablière,0.0,0.0
201500004167,19,9,15,15,1,69,116,2,1,1,3,rue de sans souci,0.0,0.0
201500004168,18,10,15,17,1,69,59,1,1,1,6,,0.0,0.0
201500004169,5,4,15,11,1,69,278,2,1,1,1,RUE DE LA GRANDE VERCHER,0.0,0.0
201500004170,7,5,15,13,1,69,3,1,1,1,6,,0.0,0.0
201500004171,27,5,15,15,1,69,163,2,1,1,3,le grand veissieux,45.9221,4.75321
201500004172,11,6,15,20,1,69,143,2,1,1,6,,0.0,0.0
201500004173,23,6,15,20,1,69,71,1,6,1,7,,45.8789,4.82817
201500004174,21,7,15,15,1,69,278,2,6,1,3,route de Neuville,0.0,0.0
201500004175,3,8,15,13,1,69,143,2,1,1,6,30 route de Lyon,0.0,0.0
201500004176,11,9,15,20,5,69,143,2,1,1,6,Rue Rey Loras,45.882,4.839
201500004177,3,10,15,13,1,69,163,2,1,3,1,route de chasselay,0.0,0.0
201500004178,9,10,15,2,5,69,143,2,1,1,3,rue des écoles,45.899,4.835
201500004179,8,10,15,6,5,69,3,2,1,1,1,quai général de gaulle,0.0,0.0
201500004180,5,10,15,13,1,69,163,1,6,2,3,,45.9174,4.77168
201500004181,3,12,15,23,5,69,68,2,1,1,6,Quai Jean Moulin,0.0,0.0
201500004182,12,12,15,9,1,69,68,2,3,1,6,rue de la République,0.0,0.0
201500004183,16,2,15,16,1,69,288,2,1,1,3,RD 306,0.0,0.0
201500004184,25,3,15,10,1,69,288,1,1,1,1,,45.685,5.068
201500004185,21,4,15,8,1,69,289,1,1,1,7,,0.0,0.0
201500004186,21,4,15,14,1,69,289,2,1,1,1,,0.0,0.0
201500004187,8,5,15,0,3,69,289,1,1,1,1,,0.0,0.0
201500004188,7,5,15,16,1,69,298,2,1,1,3,grande rue,0.0,0.0
201500004189,6,6,15,3,4,69,288,2,1,1,6,RUE FERDINAND GAUTHIER,45.686,5.054
201500004190,5,6,15,17,1,69,288,2,1,1,1,rue victor broizat,45.688,5.049
201500004191,10,7,15,7,1,69,288,2,6,1,1,avenue Jean Moulin,45.6862,5.0525
201500004192,4,9,15,23,5,69,287,1,6,1,2,,45.7,5.022
201500004193,10,10,15,14,1,69,289,2,1,1,6,route de givors,0.0,0.0
201500004194,22,10,15,18,1,69,287,2,1,1,1,110 ROUTE NATIONALE 6,45.6986,5.01253
201500004195,27,10,15,19,3,69,298,2,1,3,3,route de givors,0.0,0.0
201500004196,23,11,15,18,3,69,298,1,1,1,1,,45.6496,4.98467
201500004197,2,12,15,19,5,69,287,2,1,1,3,24 RN6,45.692,5.0329
201500004198,1,1,15,4,5,69,270,1,1,1,6,,45.7991,4.84662
201500004199,17,2,15,18,2,69,273,2,1,8,6,81 rue louis pradel,0.0,0.0
201500004200,8,4,15,11,1,69,270,1,1,1,3,,45.6294,4.92982
201500004201,10,4,15,15,1,69,273,2,1,1,3,route de lyon,0.0,0.0
201500004202,9,8,15,1,3,69,270,2,1,2,7,route de mions,45.6416,4.94305
201500004203,19,8,15,7,1,69,273,2,1,1,6,rue de la Vanoise,45.671,4.903
201500004204,5,9,15,9,1,69,273,2,6,1,6,Rue Centrale,0.0,0.0
201500004205,22,10,15,11,1,69,270,2,1,1,7,route de corbas,45.6312,4.92956
201500004206,27,10,15,20,3,69,270,1,1,2,1,,45.644,4.962
201500004207,23,11,15,8,1,69,273,1,1,1,5,,45.644,4.90051
201500004208,11,12,15,18,5,69,270,2,1,1,1,rue de la poste,0.0,0.0
201500004209,1,1,15,11,1,69,171,1,1,1,1,,0.0,0.0
201500004210,19,1,15,10,1,69,32,1,1,1,5,,45.8461,4.58995
201500004211,14,2,15,18,1,69,175,1,1,1,6,,0.0,0.0
201500004212,20,2,15,18,5,69,10,2,1,1,3,25 route de Paris,0.0,0.0
201500004213,5,3,15,22,3,69,32,1,1,1,1,,45.8494,4.58136
201500004214,9,4,15,10,1,69,21,2,1,1,1,LA BREVENNE,45.7802,4.57432
201500004215,30,4,15,17,1,69,112,1,1,1,1,,0.0,0.0
201500004216,4,5,15,18,1,69,32,1,1,1,5,,0.0,0.0
201500004217,7,5,15,11,1,69,21,2,1,1,1,Rue du bois bodet,45.784,4.547
201500004218,15,5,15,17,1,69,32,1,1,2,1,,0.0,0.0
201500004219,22,6,15,18,1,69,112,2,1,1,6,RN7,0.0,0.0
201500004220,29,6,15,18,1,69,177,1,1,1,1,,0.0,0.0
201500004221,5,7,15,6,1,69,175,1,1,1,6,,0.0,0.0
201500004222,5,7,15,17,1,69,21,1,9,1,7,,0.0,0.0
201500004223,12,9,15,13,1,69,208,1,1,3,6,,0.0,0.0
201500004224,18,9,15,22,3,69,112,1,2,1,3,,45.7976,4.68633
201500004225,25,9,15,19,1,69,208,1,1,1,3,,0.0,0.0
201500004226,22,10,15,9,1,69,21,2,1,2,3,rue du bois bodet,0.0,0.0
201500004227,1,12,15,9,1,69,86,1,9,1,6,,0.0,0.0
201500004228,11,12,15,15,1,69,10,2,1,1,6,Le Martinet,0.0,0.0
201500004229,18,12,15,19,2,69,32,1,1,5,1,,0.0,0.0
201500004230,23,12,15,4,3,69,21,1,1,1,6,,0.0,0.0
201500004231,25,2,15,13,1,69,31,1,1,1,1,,0.0,0.0
201500004232,28,3,15,16,1,69,203,1,1,2,1,,0.0,0.0
201500004233,8,6,15,8,1,69,220,1,1,1,1,,0.0,0.0
201500004234,24,7,15,19,1,69,31,1,1,1,1,,0.0,0.0
201500004235,3,1,15,21,5,69,62,2,1,1,6,BOULEVARD ANDR? MARGOT,45.6311,4.45411
201500004236,12,1,15,11,1,69,14,1,7,1,6,,45.6813,4.47781
201500004237,16,1,15,16,1,69,238,1,1,3,1,,45.6245,4.44873
201500004238,30,1,15,10,1,69,238,2,9,1,6,154 BD ANDR? MARGOT,45.6307,4.45429
201500004239,15,2,15,18,3,69,78,1,1,4,6,,0.0,0.0
201500004240,23,2,15,6,5,69,238,2,1,1,6,boulevard du 08 mai 1945,0.0,0.0
201500004241,10,4,15,14,1,69,238,2,9,1,6,Avenue emmanuel Clément,0.0,0.0
201500004242,4,6,15,6,1,69,132,1,1,1,1,,45.6668,4.39344
201500004243,2,10,15,0,3,69,110,1,1,1,6,,0.0,0.0
201500004244,2,3,15,17,1,69,28,1,2,1,1,,45.7143,4.71424
201500004245,24,3,15,17,1,69,94,1,1,1,6,,0.0,0.0
201500004246,6,4,15,19,1,69,28,2,6,1,6,montée ancienne gare,45.727,4.698
201500004247,25,4,15,19,1,69,255,2,1,1,1,D70,0.0,0.0
201500004248,16,5,15,20,1,69,94,2,2,1,5,Route de Bordeaux,45.7419,4.69454
201500004249,18,5,15,8,1,69,94,2,1,1,7,"28, route de Bordeaux",45.7452,4.69024
201500004250,23,5,15,18,1,69,255,2,1,1,1,08 rue du Dr SERRULAZ,0.0,0.0
201500004251,30,5,15,14,1,69,255,2,1,1,3,12 Route de Bordeaux,45.7352,4.6804
201500004252,7,6,15,6,2,69,94,1,6,1,6,,0.0,0.0
201500004253,27,5,15,17,1,69,131,2,1,1,6,35 avenue des Alpes,0.0,0.0
201500004254,7,8,15,11,1,69,190,1,1,1,6,,0.0,0.0
201500004255,9,8,15,14,1,69,255,1,1,1,3,,45.74,4.695
201500004256,15,10,15,6,3,69,249,2,1,2,1,la valotte,0.0,0.0
201500004257,17,11,15,19,3,69,190,1,1,1,6,,0.0,0.0
201500004258,10,3,15,7,1,69,297,1,1,1,1,,0.0,0.0
201500004259,23,8,15,11,1,69,272,1,6,2,7,,0.0,0.0
201500004260,27,9,15,15,1,69,272,2,1,1,6,rue du château d'eau,0.0,0.0
201500004261,28,11,15,16,2,69,291,2,1,1,6,avenue Burago Di Molgora,0.0,0.0
201500004262,16,12,15,16,1,69,297,1,1,1,1,,0.0,0.0
201500004263,5,1,15,14,1,69,228,1,1,1,1,,45.7708,4.78816
201500004264,14,1,15,12,1,69,241,1,1,1,1,,45.7708,4.78816
201500004265,28,1,15,19,3,69,136,1,1,2,1,,45.6437,4.74641
201500004266,30,1,15,22,3,69,136,1,1,1,6,,45.637,4.751
201500004267,16,3,15,19,3,69,141,1,1,1,6,,0.0,0.0
201500004268,25,5,15,17,1,69,228,1,1,1,7,,45.5434,4.65223
201500004269,20,8,15,18,1,69,170,1,1,1,1,,45.6555,4.59813
201500004270,1,9,15,14,1,69,136,1,1,2,3,,45.653,4.747
201500004271,26,8,15,5,5,69,176,2,1,1,7,rue du stade,0.0,0.0
201500004272,26,10,15,13,1,69,148,1,1,1,3,,0.0,0.0
201500004273,10,12,15,14,1,69,176,2,1,1,3,route de mornant,0.0,0.0
201500004274,11,5,15,15,1,69,74,1,1,1,6,,0.0,0.0
201500004275,22,8,15,19,2,69,192,1,9,1,3,,0.0,0.0
201500004276,15,10,15,16,1,69,215,1,2,1,3,,0.0,0.0
201500004277,8,11,15,16,1,69,74,1,2,1,3,,0.0,0.0
201500004278,2,1,15,10,1,69,140,1,1,1,6,,45.901,4.70069
201500004279,19,1,15,0,5,69,9,2,1,1,6,AVENUE DE LOSSBURG,45.9404,4.71734
201500004280,2,3,15,9,1,69,140,1,1,2,7,,0.0,0.0
201500004281,15,5,15,13,1,69,121,2,2,1,3,route de lyon,0.0,0.0
201500004282,29,5,15,10,1,69,4,1,1,1,1,,45.9206,4.65551
201500004283,19,6,15,18,1,69,121,1,1,1,2,,0.0,0.0
201500004284,28,11,15,5,3,69,52,1,1,2,6,,0.0,0.0
201500004285,28,11,15,15,1,69,9,2,1,1,6,avenue de l europe,0.0,0.0
201500004286,5,12,15,3,3,69,47,1,1,2,6,,0.0,0.0
201500004287,25,1,15,19,3,69,206,1,1,1,1,,46.049,4.72173
201500004288,2,2,15,23,3,69,206,1,1,1,1,,0.0,0.0
201500004289,6,3,15,18,1,69,211,1,1,1,1,,0.0,0.0
201500004290,8,3,15,11,1,69,19,1,1,1,3,,0.0,0.0
201500004291,22,5,15,8,1,69,197,1,1,1,1,,0.0,0.0
201500004292,22,5,15,11,1,69,211,1,6,1,2,,46.1222,4.72809
201500004293,30,5,15,6,1,69,211,1,1,1,6,,0.0,0.0
201500004294,9,6,15,16,1,69,45,1,2,1,3,,46.085,4.702
201500004295,8,7,15,12,1,69,19,1,1,1,1,,0.0,0.0
201500004296,8,7,15,10,1,69,19,1,6,1,3,,0.0,0.0
201500004297,17,7,15,16,1,69,19,1,3,1,3,,46.0959,4.73744
201500004298,6,8,15,10,1,69,19,1,1,1,3,,0.0,0.0
201500004299,13,8,15,20,1,69,211,2,6,1,2,rond point - CD 306,46.124,4.738
201500004300,3,9,15,20,3,69,206,1,1,1,6,,0.0,0.0
201500004301,25,10,15,15,1,69,197,1,1,7,6,,0.0,0.0
201500004302,5,11,15,16,1,69,19,1,2,1,3,,46.106,4.72
201500004303,31,1,15,17,2,69,50,1,1,8,1,,45.8818,4.63353
201500004304,2,2,15,7,2,69,50,1,1,8,1,,45.8538,4.65061
201500004305,9,4,15,19,1,69,90,1,1,1,1,,0.0,0.0
201500004306,20,5,15,11,1,69,24,1,1,8,3,,45.9196,4.56808
201500004307,13,7,15,9,1,69,50,2,1,1,1,Le mapas,45.8666,4.64122
201500004308,16,8,15,0,3,69,17,1,9,1,1,,0.0,0.0
201500004309,30,8,15,7,1,69,17,1,1,1,7,,45.9162,4.61789
201500004310,10,9,15,19,1,69,50,1,1,1,3,,45.8783,4.64086
201500004311,25,11,15,16,2,69,39,1,1,2,1,,0.0,0.0
201500004312,29,11,15,20,3,69,113,1,1,8,3,,0.0,0.0
201500004313,10,12,15,7,2,69,222,1,1,8,3,,0.0,0.0
201500004314,15,12,15,16,1,69,50,1,1,1,1,,45.8575,4.65426
201500004315,30,1,15,4,5,69,243,2,1,2,1,Avenue Jean Jaur?s,45.898,4.436
201500004316,25,5,15,13,1,69,254,1,1,1,1,,0.0,0.0
201500004317,16,8,15,8,1,69,174,1,1,1,6,,0.0,0.0
201500004318,9,4,15,16,1,69,107,1,1,1,1,,0.0,0.0
201500004319,21,4,15,19,1,69,93,1,1,1,1,,46.0443,4.46379
201500004320,12,6,15,20,2,69,229,1,1,3,1,,0.0,0.0
201500004321,30,9,15,15,1,69,107,2,1,1,1,quartier neuf,46.063,4.49
201500004322,5,11,15,7,2,69,93,1,1,1,6,,46.05,4.44
201500004323,19,2,15,8,1,69,214,1,1,1,3,,45.996,4.331
201500004324,22,4,15,8,1,69,217,1,1,1,3,,0.0,0.0
201500004325,3,7,15,2,3,69,240,1,1,1,6,,46.062,4.397
201500004326,12,8,15,16,1,69,6,2,6,1,1,D38,0.0,0.0
201500004327,12,9,15,7,2,69,169,1,1,1,7,,0.0,0.0
201500004328,16,1,15,22,5,10,65,2,1,1,6,RD 936 - Corgenon,46.19683,5.16081
201500004329,29,5,15,12,1,10,405,1,1,1,6,,46.12424,5.1586
201500004330,13,8,15,22,5,10,301,2,3,1,6,Avenue de la gare,0.0,0.0
201500004331,18,9,15,21,5,10,65,2,2,1,7,intersection RD936 RD45,0.0,0.0
201500004332,13,10,15,16,1,10,301,1,1,1,5,,0.0,0.0
201500004333,15,11,15,15,1,10,336,2,1,1,7,chemin du suc,46.15189,5.15416
201500004334,5,12,15,9,1,10,405,2,1,5,6,route de lent - rd.64,0.0,0.0
201500004335,12,1,15,16,1,10,184,1,1,1,6,,46.15423,5.43081
201500004336,23,1,15,10,1,10,195,2,1,1,6,,46.21187,5.32298
201500004337,27,3,15,14,1,10,184,1,1,1,3,,0.0,0.0
201500004338,9,4,15,18,1,10,321,1,1,1,6,,46.16262,5.34625
201500004339,4,6,15,4,3,10,95,1,1,1,6,,0.0,0.0
201500004340,28,6,15,19,2,10,95,2,1,1,6,CD 936 DHUYS,0.0,0.0
201500004341,17,3,15,9,1,10,402,1,3,1,3,,0.0,0.0
201500004342,14,5,15,19,1,10,305,2,1,1,3,place poisiat,46.43418,4.93906
201500004343,19,6,15,18,1,10,232,1,1,1,2,,0.0,0.0
201500004344,21,7,15,7,1,10,266,2,1,7,6,rue de la gare,0.0,0.0
201500004345,27,7,15,19,1,10,232,1,1,8,5,,0.0,0.0
201500004346,29,7,15,14,1,10,232,1,1,8,1,,0.0,0.0
201500004347,5,9,15,21,3,10,364,1,1,1,3,,0.0,0.0
201500004348,12,9,15,20,3,10,236,1,1,2,1,,0.0,0.0
201500004349,12,9,15,19,3,10,108,1,1,2,6,,0.0,0.0
201500004350,11,9,15,11,1,10,305,2,2,1,6,Rue Morand,0.0,0.0
201500004351,19,9,15,12,1,10,232,1,1,1,6,,0.0,0.0
201500004352,30,9,15,14,1,10,337,1,1,1,2,,0.0,0.0
201500004353,3,11,15,13,1,10,230,1,1,1,3,,0.0,0.0
201500004354,24,12,15,1,5,10,229,1,1,1,6,,46.336,5.142
201500004355,23,2,15,18,3,10,374,1,1,2,5,,46.0794,5.32045
201500004356,15,3,15,7,1,10,374,1,1,1,6,,0.0,0.0
201500004357,24,4,15,17,1,10,304,1,1,1,3,,46.04166,5.33672
201500004358,24,5,15,14,1,10,304,1,1,1,6,,0.0,0.0
201500004359,30,5,15,18,1,10,363,1,1,1,7,,0.0,0.0
201500004360,13,6,15,16,1,10,331,1,1,7,7,"""Chamagnat""",46.0942,5.45982
201500004361,30,6,15,18,1,10,273,2,1,1,3,rue du dr HUBERT,0.0,0.0
201500004362,20,7,15,16,2,10,314,1,1,1,7,,0.0,0.0
201500004363,30,7,15,13,1,10,304,2,9,1,3,rue saint exupéry,0.0,0.0
201500004364,7,8,15,5,3,10,363,1,1,1,7,,0.0,0.0
201500004365,21,8,15,9,1,10,304,1,6,1,3,,0.0,0.0
201500004366,23,8,15,18,1,10,273,1,1,2,6,,0.0,0.0
201500004367,30,8,15,10,1,10,68,1,1,7,7,,0.0,0.0
201500004368,6,9,15,20,3,10,273,2,1,1,7,rue du revermont,0.0,0.0
201500004369,10,11,15,16,1,10,304,1,1,1,5,,0.0,0.0
201500004370,16,12,15,9,1,10,303,2,1,8,3,"""Leymiat""",0.0,0.0
201500004371,14,1,15,15,1,10,320,1,1,1,1,,46.28873,4.88069
201500004372,5,5,15,17,1,10,343,1,2,2,4,,46.27979,4.9483
201500004373,5,6,15,3,3,10,144,1,2,1,3,"""La route""",0.0,0.0
201500004374,25,9,15,7,2,10,134,2,1,1,2,,0.0,0.0
201500004375,11,10,15,5,4,10,159,2,1,1,6,1235  route de Ternant,0.0,0.0
201500004376,16,10,15,17,1,10,343,1,1,1,6,,46.27186,4.96739
201500004377,1,11,15,0,3,10,134,1,1,5,6,,0.0,0.0
201500004378,22,11,15,8,1,10,203,1,2,1,3,,0.0,0.0
201500004379,30,3,15,12,1,10,34,1,1,2,6,,0.0,0.0
201500004380,10,4,15,11,1,10,216,1,1,1,3,,0.0,0.0
201500004381,24,4,15,18,1,10,338,1,1,1,6,,0.0,0.0
201500004382,8,5,15,15,1,10,58,2,2,2,5,CD19,0.0,0.0
201500004383,21,6,15,15,1,10,190,1,1,1,3,,0.0,0.0
201500004384,11,7,15,7,1,10,338,1,1,1,3,,0.0,0.0
201500004385,25,7,15,11,1,10,34,2,6,1,6,Avenue de Narvick,0.0,0.0
201500004386,12,8,15,0,5,10,34,2,1,1,3,Rue de la République,0.0,0.0
201500004387,30,8,15,18,1,10,34,2,1,7,2,cd992,0.0,0.0
201500004388,3,9,15,18,1,10,34,2,2,1,2,,0.0,0.0
201500004389,14,9,15,11,1,10,358,1,1,2,3,,0.0,0.0
201500004390,29,9,15,14,1,10,403,2,1,1,1,Grande Rue,0.0,0.0
201500004391,1,11,15,17,1,10,34,1,1,1,1,,0.0,0.0
201500004392,8,12,15,19,5,10,34,2,1,1,6,avenue Brillat Savarin,0.0,0.0
201500004393,26,12,15,17,5,10,403,2,1,1,1,31 grande rue,0.0,0.0
201500004394,11,2,15,18,5,10,4,2,1,1,6,avenue g?n?ral de gaulle,0.0,0.0
201500004395,9,3,15,7,1,10,4,2,3,1,1,rue jean mermoz,0.0,0.0
201500004396,12,3,15,17,1,10,384,2,1,1,7,CHEMIN DU CITY STADE,0.0,0.0
201500004397,19,3,15,19,3,10,89,1,1,1,1,,0.0,0.0
201500004398,5,6,15,16,1,10,4,1,1,1,6,,0.0,0.0
201500004399,16,6,15,22,3,10,345,1,1,1,5,,0.0,0.0
201500004400,1,11,15,6,2,10,4,1,1,1,4,,0.0,0.0
201500004401,7,11,15,16,1,10,416,1,1,1,1,,0.0,0.0
201500004402,7,12,15,8,1,10,4,1,1,1,5,,0.0,0.0
201500004403,1,1,15,2,5,10,22,2,1,1,6,Grande rue,0.0,0.0
201500004404,30,1,15,8,1,10,316,1,1,8,7,,0.0,0.0
201500004405,10,3,15,17,1,10,118,1,1,1,7,,0.0,0.0
201500004406,20,3,15,20,5,10,138,2,1,1,6,138 RUE DE L'EGLISE,0.0,0.0
201500004407,28,4,15,15,1,10,316,1,1,1,1,,0.0,0.0
201500004408,18,6,15,13,1,10,118,1,1,1,1,,0.0,0.0
201500004409,18,7,15,17,1,10,10,1,1,1,3,,0.0,0.0
201500004410,14,8,15,17,1,10,407,1,1,1,1,,0.0,0.0
201500004411,26,8,15,9,1,10,330,1,1,1,6,,0.0,0.0
201500004412,9,10,15,17,1,10,73,1,1,8,6,,0.0,0.0
201500004413,4,11,15,6,2,10,138,1,1,1,1,,0.0,0.0
201500004414,22,9,15,16,1,10,66,1,1,2,7,,0.0,0.0
201500004415,27,11,15,17,2,10,39,2,1,1,6,place de la fontaine,0.0,0.0
201500004416,4,5,15,13,1,10,119,2,2,1,1,,0.0,0.0
201500004417,13,6,15,14,1,10,441,1,1,1,7,,0.0,0.0
201500004418,16,8,15,4,3,10,441,1,1,1,6,,0.0,0.0
201500004419,21,8,15,9,1,10,191,1,1,1,6,,0.0,0.0
201500004420,13,1,15,18,3,10,386,1,1,6,5,,0.0,0.0
201500004421,29,3,15,22,5,10,444,2,1,2,6,route de serriere,0.0,0.0
201500004422,27,4,15,1,3,10,431,1,1,3,6,,0.0,0.0
201500004423,18,5,15,7,1,10,390,1,1,7,1,,0.0,0.0
201500004424,18,7,15,22,3,10,386,1,1,1,6,,0.0,0.0
201500004425,18,7,15,3,3,10,213,1,1,1,6,,0.0,0.0
201500004426,2,9,15,7,1,10,8,2,1,5,2,lieu dit le galliot,0.0,0.0
201500004427,28,8,15,13,1,10,390,1,1,1,3,,0.0,0.0
201500004428,15,9,15,20,3,10,390,1,2,1,3,,0.0,0.0
201500004429,6,10,15,17,1,10,99,1,1,1,5,,0.0,0.0
201500004430,9,10,15,7,2,10,224,1,1,1,6,,0.0,0.0
201500004431,30,10,15,15,1,10,390,1,1,1,1,,0.0,0.0
201500004432,2,11,15,18,3,10,99,1,1,1,5,,0.0,0.0