Num_Acc,jour,mois,an,hr,condition_eclairage,departement,commune,condition_agglomeration,intersection,condition_atmosphere,type_collision,adresse,lattitude,longitude
201500004433,23,11,15,11,1,10,202,2,1,1,3,route du port,0.0,0.0
201500004434,26,11,15,9,1,10,99,1,2,1,3,,45.892,5.296
201500004435,9,12,15,17,3,10,202,1,1,1,1,,0.0,0.0
201500004436,28,12,15,2,5,10,202,2,1,1,6,rue de montverd,0.0,0.0
201500004437,10,3,15,20,5,10,148,2,1,1,3,30 rue du Col RomanPetit,0.0,0.0
201500004438,16,3,15,13,1,10,265,2,1,1,6,,46.17422,5.5784
201500004439,28,3,15,17,1,10,392,2,1,2,6,D18,0.0,0.0
201500004440,14,6,15,14,1,10,269,2,1,2,3,d 1084,0.0,0.0
201500004441,26,6,15,20,1,10,269,1,1,1,3,,0.0,0.0
201500004442,7,9,15,18,1,10,152,1,1,1,1,,0.0,0.0
201500004443,15,9,15,13,1,10,152,1,1,1,1,,0.0,0.0
201500004444,18,12,15,14,1,10,392,1,1,1,1,,0.0,0.0
201500004445,12,2,15,16,1,10,33,2,2,1,6,RUE LAMARTINE,46.10864,5.82706
201500004446,21,9,15,17,1,10,357,2,1,1,3,lieu dit la Voute,0.0,0.0
201500004447,16,11,15,17,2,10,91,1,1,1,7,,0.0,0.0
201500004448,29,5,15,10,1,10,153,1,9,1,2,,0.0,0.0
201500004449,16,8,15,19,1,10,103,1,1,8,5,,0.0,0.0
201500004450,11,9,15,10,1,10,143,2,7,1,6,111 avenue de genève,46.35449,6.13901
201500004451,1,10,15,10,1,10,143,1,1,1,2,,0.0,0.0
201500004452,27,11,15,14,1,10,143,2,1,1,3,,46.34931,6.13062
201500004453,5,12,15,17,3,10,71,2,1,5,1,RD 1005,0.0,0.0
201500004454,12,8,15,14,1,10,247,1,1,1,7,,0.0,0.0
201500004455,30,8,15,10,1,10,247,1,1,1,7,,0.0,0.0
201500004456,15,1,15,3,3,10,313,1,1,1,6,,46.27623,6.07032
201500004457,11,4,15,10,1,10,313,2,1,1,6,,0.0,0.0
201500004458,18,4,15,18,1,10,313,1,1,1,6,,46.2539,6.05537
201500004459,28,4,15,17,1,10,160,2,1,1,6,rue de Genève,0.0,0.0
201500004460,20,5,15,17,1,10,281,1,3,1,4,,46.27949,6.09148
201500004461,3,8,15,12,1,10,435,1,1,1,3,,0.0,0.0
201500004462,9,9,15,12,1,10,313,2,1,1,6,80 route Bellevue,46.25651,6.07701
201500004463,29,9,15,14,1,10,313,2,1,1,3,Route du nant,0.0,0.0
201500004464,6,10,15,16,1,10,160,2,9,2,3,,0.0,0.0
201500004465,27,10,15,8,1,10,160,2,1,1,3,D1005,0.0,0.0
201500004466,30,10,15,18,5,10,281,2,1,1,6,La fruitière D 1005,0.0,0.0
201500004467,3,1,15,7,2,10,347,1,1,5,6,,45.94838,4.79745
201500004468,4,5,15,17,1,10,427,1,1,1,6,,0.0,0.0
201500004469,12,5,15,8,1,10,427,2,1,1,6,88 AVENUE DU FORMANS,45.95177,4.75545
201500004470,4,6,15,8,1,10,194,2,1,7,6,RUE DU BEAUJOLAIS,0.0,0.0
201500004471,1,10,15,10,1,10,427,2,9,1,6,parking  275 rte de lyon,0.0,0.0
201500004472,5,10,15,15,1,10,285,1,1,1,1,,0.0,0.0
201500004473,5,11,15,16,1,10,427,2,1,1,1,PONT CHARLES DE GAULLE,0.0,0.0
201500004474,21,11,15,16,1,10,250,1,1,1,3,,0.0,0.0
201500004475,24,11,15,12,1,10,250,2,1,1,3,grande rue,0.0,0.0
201500004476,15,3,15,8,1,10,359,1,1,1,6,,0.0,0.0
201500004477,4,4,15,10,1,10,92,1,1,2,6,,0.0,0.0
201500004478,19,4,15,8,1,10,74,1,1,1,1,,0.0,0.0
201500004479,31,10,15,8,2,10,359,1,2,1,3,,0.0,0.0
201500004480,20,2,15,14,1,10,328,2,2,1,1,"route de Villars,",46.12167,5.02469
201500004481,7,4,15,15,1,10,93,1,1,1,1,,0.0,0.0
201500004482,14,4,15,10,1,10,93,2,1,7,6,49 rue gambetta,0.0,0.0
201500004483,22,5,15,15,1,10,96,1,1,7,1,,0.0,0.0
201500004484,23,5,15,17,1,10,328,1,1,1,7,,46.11889,5.00904
201500004485,11,6,15,2,3,10,93,1,1,1,6,,0.0,0.0
201500004486,19,6,15,13,1,10,93,1,1,1,3,,0.0,0.0
201500004487,8,7,15,20,1,10,246,2,4,1,3,route de l'effondras,0.0,0.0
201500004488,10,8,15,10,1,10,457,2,1,2,6,141 RUE CLAUDE MOREL,46.21956,4.99052
201500004489,10,10,15,15,1,10,146,1,1,1,3,,0.0,0.0
201500004490,18,11,15,15,1,10,93,1,1,1,7,"Gros Jean ""Collet""",46.13723,4.95623
201500004491,5,12,15,10,1,10,93,1,1,5,1,,0.0,0.0
201500004492,3,1,15,7,5,10,450,1,1,5,7,,0.0,0.0
201500004493,14,2,15,7,2,10,290,1,1,1,7,,0.0,0.0
201500004494,27,2,15,10,1,10,244,2,1,2,6,avenue docteur berthier,0.0,0.0
201500004495,5,3,15,18,1,10,290,1,1,1,5,,0.0,0.0
201500004496,25,3,15,11,1,10,325,1,1,2,3,,0.0,0.0
201500004497,7,4,15,19,1,10,88,1,1,1,2,,0.0,0.0
201500004498,11,6,15,17,1,10,244,2,1,1,5,RN 84,0.0,0.0
201500004499,16,8,15,20,2,10,290,1,1,1,2,,0.0,0.0
201500004500,1,10,15,16,1,10,88,1,1,1,1,,0.0,0.0
201500004501,6,11,15,16,1,10,156,1,1,1,1,,0.0,0.0
201500004502,15,11,15,23,5,10,290,2,1,1,1,rue de rapan,0.0,0.0
201500004503,11,1,15,21,5,10,275,2,1,1,2,151 Route de Genève,45.81012,4.92496
201500004504,17,1,15,18,5,10,43,2,3,1,3,avenue de la gare,45.83385,5.0065
201500004505,19,2,15,17,1,10,376,2,1,1,3,route geneve,45.82817,4.97362
201500004506,3,6,15,9,1,10,249,2,1,1,1,Carrefour du Four à Chau,0.0,0.0
201500004507,5,6,15,5,2,10,275,2,1,1,6,42 grande rue,0.0,0.0
201500004508,7,8,15,21,2,10,249,1,1,2,1,route de tramoyes,0.0,0.0
201500004509,20,8,15,19,1,10,249,2,1,1,7,Montée Neuve,0.0,0.0
201500004510,29,9,15,17,1,10,249,2,1,1,6,898 grande rue,0.0,0.0
201500004511,17,10,15,16,1,10,249,1,1,1,6,,0.0,0.0
201500004512,31,10,15,17,1,10,249,2,3,1,3,Route de la Dombes,0.0,0.0
201500004513,14,4,15,19,1,10,262,1,2,1,3,Carf RD2-RD4,0.0,0.0
201500004514,24,4,15,20,5,10,49,2,1,1,5,2228 route de lyon rd108,0.0,0.0
201500004515,17,4,15,13,1,10,333,1,1,1,6,,0.0,0.0
201500004516,29,6,15,8,1,10,105,1,1,1,3,,0.0,0.0
201500004517,1,7,15,19,1,10,333,1,1,1,1,,0.0,0.0
201500004518,27,7,15,4,5,10,333,1,1,1,6,,0.0,0.0
201500004519,28,7,15,17,1,10,333,2,1,1,2,D1083,0.0,0.0
201500004520,1,8,15,23,3,10,198,1,1,1,6,,0.0,0.0
201500004521,30,8,15,1,3,10,261,1,1,1,6,,0.0,0.0
201500004522,17,9,15,12,1,10,5,1,1,3,6,,0.0,0.0
201500004523,11,2,15,7,1,10,258,1,1,5,1,,46.08361,4.79793
201500004524,23,2,15,21,3,10,389,1,1,8,6,,46.09054,4.91938
201500004525,16,5,15,13,1,10,258,1,2,1,3,"""Les sept chemins""",0.0,0.0
201500004526,24,5,15,15,1,10,252,1,1,1,3,,0.0,0.0
201500004527,30,5,15,19,1,10,165,1,1,1,5,,0.0,0.0
201500004528,14,8,15,11,1,10,258,1,1,1,7,,0.0,0.0
201500004529,28,8,15,14,1,10,389,1,1,1,3,,0.0,0.0
201500004530,5,9,15,20,5,10,351,2,1,1,6,24 route de valeins,0.0,0.0
201500004531,27,10,15,18,5,10,263,2,1,3,3,2120 route de Macon,0.0,0.0
201500004532,17,11,15,22,3,10,225,1,1,9,6,,0.0,0.0
201500004533,27,11,15,13,1,10,167,1,2,1,3,,0.0,0.0
201500004534,26,1,15,17,2,70,289,1,1,1,1,,0.0,0.0
201500004535,2,2,15,8,1,70,230,1,1,1,3,,0.0,0.0
201500004536,4,3,15,8,2,70,343,1,1,1,6,,0.0,0.0
201500004537,13,3,15,9,1,70,289,1,6,1,1,,0.0,0.0
201500004538,14,5,15,10,1,70,139,1,1,1,1,,44.775,4.339
201500004539,21,11,15,1,3,70,122,1,1,1,6,,44.542,4.354
201500004540,9,1,15,16,1,70,191,1,1,1,2,,0.0,0.0
201500004541,18,1,15,11,1,70,264,1,9,1,5,,0.0,0.0
201500004542,11,4,15,17,1,70,264,2,1,1,3,intersection RD86-RD201,0.0,0.0
201500004543,30,7,15,12,1,70,264,1,1,1,3,,0.0,0.0
201500004544,22,8,15,13,1,70,259,1,1,1,2,,0.0,0.0
201500004545,20,8,15,17,1,70,264,1,1,1,2,,0.0,0.0
201500004546,4,1,15,17,1,70,167,1,1,1,7,,0.0,0.0
201500004547,9,4,15,16,1,70,278,1,1,1,1,,0.0,0.0
201500004548,10,5,15,12,1,70,96,2,9,1,7,pont de moulinas,0.0,0.0
201500004549,28,8,15,2,3,70,167,2,1,1,7,chemin du CFD,0.0,0.0
201500004550,12,9,15,10,1,70,295,2,1,2,6,Route du collège,0.0,0.0
201500004551,14,8,15,19,1,70,20,1,1,7,6,,0.0,0.0
201500004552,9,9,15,14,1,70,319,1,1,1,1,,0.0,0.0
201500004553,2,1,15,10,1,70,242,1,1,1,6,,0.0,0.0
201500004554,11,4,15,22,3,70,241,1,1,1,1,,0.0,0.0
201500004555,27,12,15,13,1,70,287,1,1,8,1,,0.0,0.0
201500004556,7,2,15,19,3,70,237,1,1,1,6,,0.0,0.0
201500004557,27,5,15,17,1,70,194,1,3,1,3,,0.0,0.0
201500004558,18,6,15,16,1,70,349,1,1,1,1,,44.805,4.786
201500004559,20,6,15,7,1,70,260,1,1,1,1,,0.0,0.0
201500004560,24,6,15,10,1,70,22,1,1,1,5,,0.0,0.0
201500004561,19,8,15,18,1,70,240,1,3,1,3,,0.0,0.0
201500004562,21,8,15,14,1,70,22,1,1,1,6,,44.693,4.772
201500004563,5,9,15,18,1,70,255,1,1,1,6,,0.0,0.0
201500004564,17,9,15,17,1,70,181,2,6,1,6,RUE MARCEL NICOLAS,0.0,0.0
201500004565,4,10,15,3,5,70,27,2,1,2,6,"Les Agrions, D86E",0.0,0.0
201500004566,9,10,15,17,2,70,181,2,1,1,6,avenue Marcel Nicolas,44.76,4.747
201500004567,7,11,15,9,1,70,349,2,1,7,6,rue Albert Camus,0.0,0.0
201500004568,25,11,15,19,3,70,198,1,1,2,3,,0.0,0.0
201500004569,19,12,15,17,3,70,181,1,1,1,1,,0.0,0.0
201500004570,24,4,15,2,3,70,171,1,1,1,7,,0.0,0.0
201500004571,9,8,15,4,3,70,117,2,1,1,1,Notre Dame de LABLACHERE,0.0,0.0
201500004572,6,7,15,11,1,70,142,1,9,1,3,,0.0,0.0
201500004573,10,11,15,13,1,70,322,1,1,1,6,,0.0,0.0
201500004574,10,11,15,9,1,70,127,2,1,7,6,avenue de la gare,0.0,0.0
201500004575,17,11,15,10,1,70,161,2,1,1,6,rue de Pourcheyrolles,0.0,0.0
201500004576,25,11,15,15,1,70,322,1,1,2,6,,0.0,0.0
201500004577,24,5,15,4,3,70,127,1,1,1,6,,0.0,0.0
201500004578,19,1,15,5,3,70,61,1,1,8,6,,0.0,0.0
201500004579,16,6,15,16,1,70,201,1,1,1,3,,0.0,0.0
201500004580,19,7,15,11,1,70,291,2,1,1,1,,0.0,0.0
201500004581,5,8,15,9,1,70,330,1,1,1,7,,0.0,0.0
201500004582,11,8,15,1,3,70,304,1,1,1,6,,0.0,0.0
201500004583,23,5,15,13,1,70,31,1,1,1,3,,0.0,0.0
201500004584,2,7,15,14,1,70,28,1,1,1,3,,0.0,0.0
201500004585,9,7,15,16,3,70,31,1,1,1,6,,0.0,0.0
201500004586,5,1,15,13,1,70,97,2,1,1,2,LA VINSONNE,0.0,0.0
201500004587,17,1,15,12,1,70,324,2,7,1,7,place rampon,0.0,0.0
201500004588,25,1,15,19,3,70,152,1,1,1,6,,0.0,0.0
201500004589,8,3,15,15,1,70,40,1,9,1,4,,0.0,0.0
201500004590,8,3,15,17,1,70,169,1,1,1,7,,0.0,0.0
201500004591,2,10,15,19,2,70,217,1,1,2,3,,0.0,0.0
201500004592,18,3,15,15,1,70,56,1,1,1,6,,0.0,0.0
201500004593,27,6,15,9,1,70,78,2,1,1,4,route de Lyon,0.0,0.0
201500004594,22,8,15,21,5,70,10,2,1,1,3,rue auguste bravais,0.0,0.0
201500004595,27,10,15,13,1,70,228,1,1,1,6,,0.0,0.0
201500004596,16,12,15,18,3,70,78,2,1,1,6,ROUTE DES ALPES,0.0,0.0
201500004597,27,12,15,5,3,70,313,1,1,5,6,,0.0,0.0
201500004598,16,3,15,17,1,70,12,1,1,1,2,,0.0,0.0
201500004599,3,7,15,20,2,70,1,2,1,1,6,lieu dit BROLLES,0.0,0.0
201500004600,10,7,15,17,1,70,222,1,1,1,3,,0.0,0.0
201500004601,27,9,15,11,1,70,215,1,1,1,7,,0.0,0.0
201500004602,6,10,15,10,1,70,64,1,1,2,6,,0.0,0.0
201500004603,15,11,15,19,5,70,1,2,1,1,6,Lieu-dit BROLLES,0.0,0.0
201500004604,22,12,15,11,1,70,212,1,1,1,1,,0.0,0.0
201500004605,10,11,15,18,3,70,338,2,1,1,6,allée de prat,0.0,0.0
201500004606,6,1,15,16,2,70,236,1,1,1,1,,0.0,0.0
201500004607,23,1,15,7,3,70,188,1,1,2,6,,0.0,0.0
201500004608,24,2,15,19,5,26,108,2,1,1,6,AV DES TROIS BECS,0.0,0.0
201500004609,31,3,15,14,1,26,35,2,1,1,3,LE VILLAGE,0.0,0.0
201500004610,9,4,15,16,1,26,20,1,3,1,1,LE CHATELARD,0.0,0.0
201500004611,11,4,15,11,1,26,108,2,7,1,6,GYMNASE ESPACE SOUBEYRAN,44.7241,5.0238
201500004612,10,4,15,17,1,26,108,2,1,1,3,BD CHARLES   ARMORIN,0.0,0.0
201500004613,8,5,15,20,2,26,125,1,1,1,1,CALENDRE SUD,0.0,0.0
201500004614,14,5,15,23,3,26,20,1,3,2,3,PANPARI,0.0,0.0
201500004615,2,8,15,17,1,26,108,1,1,1,1,LES BLACHES,0.0,0.0
201500004616,24,8,15,16,1,26,166,1,1,2,3,LES FIERRES,0.0,0.0
201500004617,1,8,15,10,1,26,113,1,1,1,2,CHARMAGE ET ST LAURENT,0.0,0.0
201500004618,1,3,15,13,1,26,290,1,1,2,6,LES BERARDS,0.0,0.0
201500004619,6,9,15,17,1,26,364,1,1,1,6,COL DE PRONCEL,0.0,0.0
201500004620,14,5,15,12,1,26,40,1,1,1,7,RD 93,0.0,0.0
201500004621,19,3,15,20,3,26,220,1,1,1,6,ROUTE DE MONTELIMAR,0.0,0.0
201500004622,11,8,15,17,1,26,220,1,1,1,6,EOUPE,0.0,0.0
201500004623,3,11,15,17,1,20,691,2,1,1,6,,49.83726,3.30431
201500004624,24,11,15,11,1,20,691,2,1,3,2,,49.84701,3.27051
201500004625,11,12,15,18,5,20,691,2,1,2,6,102 av ch de gaulle,49.84543,3.3004
201500004626,29,1,15,3,5,20,691,2,1,1,3,PLACE DUFOUR DENELLE,49.84414,3.27778
201500004627,5,2,15,9,1,20,691,2,1,1,6,"42 - 44, KENNEDY (RUE DU",49.85302,3.28326
201500004628,22,3,15,16,1,20,691,2,3,1,3,chemin de la tombelle,49.83893,3.26385
201500004629,30,3,15,14,1,20,691,2,2,1,6,"32, RICHELIEU (BD)",49.85188,3.28451
201500004630,2,4,15,9,1,20,691,2,1,2,6,"127, LECLERC (RUE DU GL)",49.83812,3.3027
201500004631,10,6,15,14,1,20,691,2,5,1,2,17 bd victor hugo,49.84343,3.27899
201500004632,20,9,15,7,2,20,691,2,1,1,6,,49.84787,3.26649
201500004633,6,11,15,5,3,20,691,1,3,2,6,,49.84283,3.33725
201500004634,10,11,15,17,1,20,691,2,1,1,6,,49.83544,3.31942
201500004635,18,9,15,17,1,20,691,2,1,2,6,"88, POMPIDOU DE 1 A 111",49.85624,3.28893
201500004636,19,8,15,19,1,26,329,1,1,1,3,LA TRAVERSE,0.0,0.0
201500004637,12,11,15,18,3,26,63,1,1,1,3,PLAINE DE COST,0.0,0.0
201500004638,2,2,15,14,1,26,369,1,1,1,6,BOURROUX,0.0,0.0
201500004639,6,4,15,11,1,26,162,1,1,1,3,ROUTE DE HAUTERIVES,0.0,0.0
201500004640,29,1,15,6,3,26,311,2,1,8,1,ROUTE DE LARPS,0.0,0.0
201500004641,4,7,15,14,1,26,320,1,1,1,6,CAMPAVERT,0.0,0.0
201500004642,21,11,15,13,1,26,311,1,1,4,7,LES CHAUX DE CHOLET,0.0,0.0
201500004643,24,3,15,16,1,26,10,2,1,1,7,RUE DU BUIS,45.2716,4.8947
201500004644,7,12,15,10,1,38,405,1,1,5,5,,0.0,0.0
201500004645,18,12,15,16,2,38,381,1,1,1,2,,0.0,0.0
201500004646,8,2,15,12,1,20,243,1,1,1,6,"5, BRAYE (RUE DE )",49.40754,3.36271
201500004647,14,2,15,13,1,20,722,2,3,2,3,PRESLES ( BOULEVARD,49.37355,3.30707
201500004648,7,2,15,10,1,20,722,2,2,1,3,"19, PARADIS ( RUE DU)",49.3825,3.31016
201500004649,16,1,15,21,5,20,722,2,1,2,5,"17, PRESLES ( BOULEVARD",49.37501,3.30854
201500004650,28,2,15,22,5,20,722,2,2,1,3,"16, COMMERCE ( RUE DU )",49.38215,3.32783
201500004651,19,3,15,12,1,20,722,2,2,8,3,"40, PASLY ( AVENUE DE )",49.38499,3.31113
201500004652,20,6,15,11,1,20,243,1,1,1,5,ROUTE NATIONALE 2,0.0,0.0
201500004653,20,6,15,23,5,20,64,2,1,2,6,"77, JACQUIN ( RUE )",49.35723,3.32672
201500004654,22,7,15,9,1,20,722,2,3,1,5,,49.38191,3.321
201500004655,20,8,15,16,1,20,722,2,9,1,1,"2, TOUR DE VILLE (BOULEV",49.37052,3.32504
201500004656,26,7,15,22,1,20,722,2,1,1,6,"19, PRESLES ( ROUTE DE )",49.36839,3.30482
201500004657,12,9,15,16,1,20,243,1,1,3,3,ROUTE NATIONALE 2,0.0,0.0
201500004658,24,9,15,10,1,20,722,2,1,7,3,,49.37554,3.33045
201500004659,23,9,15,18,1,20,722,2,3,7,6,,49.38065,3.32711
201500004660,10,10,15,15,1,20,722,2,1,1,6,12 rue st christophe,49.38207,3.32337
201500004661,8,12,15,18,4,20,722,2,1,3,6,pont du mail,49.38435,3.32996
201500004662,11,12,15,13,1,20,722,2,2,2,5,"47, PARIS ( AVENUE DE)",49.37711,3.31578
201500004663,27,1,15,12,1,38,422,1,1,2,1,,45.165,5.849
201500004664,10,3,15,15,1,38,547,2,1,1,6,4 avenue aristide berg?s,45.235,5.896
201500004665,12,5,15,19,1,38,175,2,1,1,3,,45.273,5.92
201500004666,23,7,15,9,1,38,538,2,1,1,3,5 place de la liberté,0.0,0.0
201500004667,5,12,15,14,1,38,175,2,1,1,3,,0.0,0.0
201500004668,27,12,15,6,5,38,271,2,1,1,6,CD 523,45.197,5.82
201500004669,16,9,15,16,1,38,158,2,1,1,7,rue du chateau,0.0,0.0
201500004670,21,9,15,15,1,38,158,2,6,1,3,Rond-point Jean MONNET,0.0,0.0
201500004671,4,4,15,15,1,38,317,1,1,2,3,,45.12339,5.69437
201500004672,1,7,15,19,1,38,317,2,1,1,3,02 avenue Victor Hugo,45.13661,5.69755
201500004673,2,7,15,17,1,38,317,2,1,1,6,Allée Jean cocteau,45.13318,5.69973
201500004674,19,7,15,4,5,38,317,2,1,1,6,58 cours Saint André,45.13063,5.69972
201500004675,13,11,15,18,5,38,111,1,8,1,6,,0.0,0.0
201500004676,10,1,15,15,1,38,6,1,1,7,6,,45.39265,6.10238
201500004677,21,1,15,13,1,38,314,2,1,1,6,Avenue J-F champollion,45.42341,6.00456
201500004678,24,1,15,15,1,38,439,1,1,4,3,Le Guillon,45.35344,6.03264
201500004679,8,6,15,12,1,38,27,1,1,1,1,,0.0,0.0
201500004680,17,7,15,18,1,38,78,1,1,1,7,le revit,45.43169,6.10328
201500004681,22,9,15,17,1,38,314,1,4,1,5,,45.41909,6.01259
201500004682,4,11,15,6,5,38,314,2,1,1,3,"935, avenue Champollion",45.42686,6.0047
201500004683,20,12,15,13,1,38,6,2,1,1,1,boulevard jules ferry,0.0,0.0
201500004684,18,3,15,12,1,38,382,2,1,1,6,rue des moutonnees,45.22364,5.68262
201500004685,5,8,15,17,1,38,382,2,1,1,6,PONT BARRAGE,0.0,0.0
201500004686,20,6,15,8,1,38,405,1,1,1,3,,0.0,0.0
201500004687,17,10,15,3,3,38,405,1,1,8,6,,45.36897,5.68667
201500004688,5,2,15,15,1,38,540,1,1,4,1,,0.0,0.0
201500004689,11,4,15,9,1,38,540,1,1,7,7,,45.26083,5.62537
201500004690,20,4,15,8,1,38,540,1,1,1,4,,45.292,5.61515
201500004691,6,6,15,16,1,38,474,1,9,1,6,,0.0,0.0
201500004692,14,7,15,11,1,38,153,1,1,1,3,,45.1933,5.52569
201500004693,15,7,15,8,1,38,474,2,1,1,2,avenue de Valence,45.20711,5.66264
201500004694,30,7,15,6,1,38,474,2,1,1,3,5 avenue de romans,0.0,0.0
201500004695,28,8,15,10,1,38,474,2,6,1,2,Place Jean Prévost,45.21325,5.66144
201500004696,14,9,15,9,1,38,281,1,1,1,6,,0.0,0.0
201500004697,10,9,15,11,1,38,474,2,1,1,7,18 AVENUE DE ROMANS,45.20111,5.66832
201500004698,1,10,15,8,1,38,281,1,1,1,3,,45.24953,5.63176
201500004699,4,10,15,3,3,38,281,1,6,2,7,,45.23091,5.64729
201500004700,1,11,15,16,1,38,153,1,1,1,6,,0.0,0.0
201500004701,20,11,15,17,5,38,474,2,2,2,6,Avenue de Valence,45.20871,5.66246
201500004702,10,1,15,12,1,38,511,1,1,1,3,,0.0,0.0
201500004703,5,6,15,4,3,38,2,1,1,1,6,les Chênes,45.27032,5.95194
201500004704,12,12,15,14,1,38,511,1,9,1,2,,0.0,0.0
201500004705,18,4,15,10,1,38,436,1,1,1,1,,0.0,0.0
201500004706,23,4,15,17,1,38,187,1,1,1,6,,44.9963,5.6014
201500004707,15,5,15,14,1,38,545,1,1,3,1,,0.0,0.0
201500004708,27,7,15,16,1,38,545,2,1,1,4,boulevard faidherbe,45.06393,5.66986
201500004709,3,8,15,17,1,38,545,1,1,1,4,,0.0,0.0
201500004710,9,8,15,15,1,38,524,2,1,8,7,route des clapiers,0.0,0.0
201500004711,21,8,15,13,1,38,187,1,1,1,3,rte du gerbier,45.01137,5.61828
201500004712,22,8,15,19,1,38,545,2,1,1,3,3 rue du repos,0.0,0.0
201500004713,9,11,15,8,1,38,524,2,1,1,3,rue industrie,0.0,0.0
201500004714,16,3,15,1,5,38,548,2,1,8,6,Lieu dit les geymonds,0.0,0.0
201500004715,10,4,15,17,1,38,205,1,1,1,6,,0.0,0.0
201500004716,7,6,15,3,3,38,225,1,1,1,6,,0.0,0.0
201500004717,12,7,15,14,1,38,548,1,1,1,1,,0.0,0.0
201500004718,6,8,15,11,1,38,548,1,1,1,1,,45.07325,5.54036
201500004719,25,10,15,6,3,38,548,1,1,1,7,,0.0,0.0
201500004720,3,3,15,16,1,20,738,2,6,2,3,GRANDE ARMEE,49.66137,3.28803
201500004721,27,3,15,16,1,20,212,1,1,1,3,AULNES(RUE DES),49.63932,3.27309
201500004722,7,4,15,15,1,20,304,2,1,1,7,rue MARECHAL JUIN,49.66376,3.36638
201500004723,2,5,15,22,5,20,738,2,1,2,6,"22, LOUIS ARAGON",49.67596,3.29774
201500004724,11,4,15,19,1,20,738,2,1,1,6,"133, GUSTAVE GREGOIRE (B",49.65628,3.30119
201500004725,30,5,15,15,1,20,738,2,1,1,6,"47, 4 FILS PAUL DOUMER",49.65599,3.29131
201500004726,22,4,15,13,1,20,738,2,1,1,6,"193, GAMBETTA (BOULEVARD",49.65132,3.28298
201500004727,13,6,15,17,1,20,165,1,1,1,5,D 1044,0.0,0.0
201500004728,25,6,15,16,1,20,738,2,2,1,2,"24, RAYMOND POINCARE",49.65554,3.31451
201500004729,17,6,15,7,1,20,738,2,2,7,6,"01, RACINE",49.65321,3.28965
201500004730,11,7,15,7,1,20,738,1,2,7,3,,0.0,0.0
201500004731,10,9,15,8,1,20,738,1,1,1,4,,0.0,0.0
201500004732,28,9,15,16,1,20,165,1,1,1,6,,0.0,0.0
201500004733,24,10,15,15,1,20,59,1,2,1,3,,0.0,0.0
201500004734,4,12,15,10,1,20,304,2,1,8,7,,49.66131,3.37261
201500004735,18,12,15,11,1,20,59,2,1,1,6,2 allee des roses,49.6593,3.33194
201500004736,20,12,15,15,1,20,738,2,1,1,4,GAMBETTA (BOULEVARD),49.65404,3.29296
201500004737,19,2,15,16,1,38,565,2,1,1,6,122 Av Andre Malraux,45.2861,5.6413
201500004738,27,2,15,17,5,38,170,2,2,2,1,rd1075,45.24852,5.66637
201500004739,19,3,15,12,1,38,565,1,3,1,3,,0.0,0.0
201500004740,24,4,15,19,1,38,565,2,6,1,3,Avenue Juin 1940,0.0,0.0
201500004741,24,5,15,18,1,38,61,1,1,1,1,,0.0,0.0
201500004742,2,6,15,17,1,38,61,1,1,1,2,,45.32723,5.61048
201500004743,7,7,15,17,1,38,565,1,1,1,4,rte de l'isere,45.28662,5.62402
201500004744,20,11,15,10,1,38,565,1,1,2,7,berge de l'Isere,45.28808,5.61893
201500004745,13,12,15,16,1,38,312,1,1,1,7,,45.33422,5.65916
201500004746,20,12,15,19,1,38,312,1,1,1,6,,45.33619,5.65956
201500004747,14,5,15,1,3,38,518,1,1,1,6,,0.0,0.0
201500004748,14,8,15,10,1,38,269,2,4,1,2,Rue du Docteur TAGNARD,44.91396,5.79969
201500004749,27,10,15,13,1,38,304,2,1,1,3,la festinière,0.0,0.0
201500004750,18,2,15,9,1,38,186,1,1,5,1,,44.90597,5.57011
201500004751,1,5,15,5,3,38,321,1,2,3,6,,44.766,5.66
201500004752,13,6,15,17,1,38,242,2,1,1,3,01 grandrue,0.0,0.0
201500004753,18,6,15,14,1,38,103,1,1,1,3,,44.76145,5.60122
201500004754,2,8,15,14,1,38,419,1,1,1,6,,44.84947,5.62008
201500004755,7,1,15,19,3,38,277,1,9,1,1,,0.0,0.0
201500004756,6,3,15,19,3,38,68,1,1,1,1,,45.09135,5.72435
201500004757,30,4,15,19,1,38,388,1,1,1,3,,0.0,0.0
201500004758,31,5,15,0,5,38,562,2,1,1,1,RD 1091,45.05629,5.77267
201500004759,1,6,15,12,1,38,200,1,1,1,3,,0.0,0.0
201500004760,24,6,15,7,1,38,364,2,1,1,6,lieu dit LES RUINES,45.04494,5.82541
201500004761,1,8,15,16,1,38,203,1,1,1,1,,0.0,0.0
201500004762,20,9,15,22,1,38,562,1,1,1,6,,45.04989,5.78458
201500004763,10,12,15,11,1,38,200,2,3,1,3,Passage à niveau,45.08376,5.74279
201500004764,24,5,15,15,1,38,394,2,1,1,1,Int D21 - ch des Pensées,0.0,0.0