Num_Acc,jour,mois,an,hr,condition_eclairage,departement,commune,condition_agglomeration,intersection,condition_atmosphere,type_collision,adresse,lattitude,longitude
201500004765,30,5,15,1,5,38,410,2,3,1,3,CROISEMENT RD1092  RD325,0.0,0.0
201500004766,12,10,15,16,1,38,454,1,1,3,1,,0.0,0.0
201500004767,11,11,15,7,2,38,95,1,1,1,1,,45.13709,5.27183
201500004768,28,12,15,5,3,38,443,1,1,9,1,,0.0,0.0
201500004769,3,3,15,15,1,38,58,1,1,1,3,,0.0,0.0
201500004770,23,3,15,15,1,38,387,2,1,1,6,RD 518 hameau de Cours,0.0,0.0
201500004771,24,3,15,15,1,38,457,1,1,1,6,,0.0,0.0
201500004772,14,4,15,7,1,38,171,1,2,1,3,,0.0,0.0
201500004773,5,6,15,0,3,38,490,1,1,1,7,,0.0,0.0
201500004774,19,6,15,16,1,38,457,2,1,1,1,396 rue du lombard,45.33263,5.26382
201500004775,5,9,15,18,1,38,56,2,1,1,6,D71H,0.0,0.0
201500004776,13,1,15,14,1,38,74,1,1,7,1,,0.0,0.0
201500004777,11,5,15,16,1,38,559,1,2,1,3,,0.0,0.0
201500004778,12,5,15,7,1,38,517,2,1,1,6,15 route de grenoble,45.30921,5.49652
201500004779,30,5,15,14,1,38,338,1,1,1,6,,0.0,0.0
201500004780,29,5,15,18,1,38,523,1,1,1,6,,0.0,0.0
201500004781,31,5,15,17,1,38,559,2,1,1,3,RD 1092,0.0,0.0
201500004782,16,6,15,14,1,38,500,1,1,2,3,,0.0,0.0
201500004783,5,7,15,16,1,38,450,1,1,1,6,,45.24834,5.5153
201500004784,14,7,15,18,1,38,338,1,1,1,4,,45.21677,5.4908
201500004785,24,7,15,8,1,38,117,1,1,1,1,,0.0,0.0
201500004786,14,8,15,16,1,38,559,1,3,1,1,inter av de la gare,45.20845,5.4132
201500004787,14,10,15,14,1,38,559,2,3,1,7,rue Auguste Favot,45.21004,5.40181
201500004788,25,10,15,22,3,38,450,1,1,1,6,,45.29031,5.57166
201500004789,27,10,15,0,3,38,310,1,1,1,7,,0.0,0.0
201500004790,8,11,15,17,1,38,390,2,1,1,3,rue de la minoiterie,0.0,0.0
201500004791,19,1,15,20,3,38,348,1,1,3,1,,0.0,0.0
201500004792,7,3,15,14,1,38,498,1,1,1,1,,0.0,0.0
201500004793,9,6,15,22,3,38,374,1,1,1,7,,0.0,0.0
201500004794,16,7,15,19,1,38,374,1,1,1,1,,0.0,0.0
201500004795,28,8,15,14,1,38,348,1,1,1,7,,0.0,0.0
201500004796,30,8,15,17,1,38,348,1,1,1,1,,0.0,0.0
201500004797,24,10,15,17,2,38,276,1,1,1,1,,0.0,0.0
201500004798,29,11,15,4,5,38,276,2,1,2,6,rd1085,0.0,0.0
201500004799,13,12,15,5,5,38,24,2,1,1,6,393 rd 1085,0.0,0.0
201500004800,19,4,15,14,1,38,488,2,1,2,6,Route des bourgs,45.73303,5.31525
201500004801,18,9,15,15,1,38,138,2,1,1,6,COURS BARON DE RAVERAT,0.0,0.0
201500004802,27,10,15,18,5,38,138,2,6,2,3,D517 route de lyon,0.0,0.0
201500004803,14,11,15,3,3,38,138,2,1,1,6,route d'Annoisin,45.732,5.267
201500004804,9,12,15,16,1,38,138,2,9,7,6,Chemin de l'ancienne Gar,45.726,5.238
201500004805,15,1,15,17,2,38,118,2,1,1,3,1598 Route du Tram,0.0,0.0
201500004806,11,2,15,9,1,38,46,1,1,1,1,,0.0,0.0
201500004807,14,4,15,16,1,38,305,2,1,1,5,,0.0,0.0
201500004808,14,5,15,22,3,38,520,2,1,3,7,,0.0,0.0
201500004809,12,6,15,16,1,38,13,1,1,2,5,le Rivier,45.38404,5.49741
201500004810,28,6,15,18,1,38,434,1,1,1,3,,0.0,0.0
201500004811,11,7,15,18,1,38,257,1,1,1,1,,0.0,0.0
201500004812,12,7,15,18,1,38,65,1,1,1,1,,0.0,0.0
201500004813,26,7,15,22,3,38,44,1,1,1,6,,0.0,0.0
201500004814,26,10,15,17,1,38,82,2,1,1,7,Route de Vers Ars,45.43895,5.51488
201500004815,24,12,15,13,1,38,13,1,1,1,6,Bonpertuis,45.39649,5.53206
201500004816,9,4,15,18,1,38,320,1,1,1,1,,0.0,0.0
201500004817,10,5,15,18,1,38,54,1,4,1,5,inter D1075/D52H,45.7949,5.40302
201500004818,5,6,15,6,1,38,83,1,2,1,3,,0.0,0.0
201500004819,25,6,15,14,1,38,320,1,1,1,3,,0.0,0.0
201500004820,12,7,15,13,1,38,26,1,1,1,1,,45.84014,5.32863
201500004821,11,8,15,15,1,38,135,1,1,1,1,,0.0,0.0
201500004822,22,12,15,18,3,38,295,1,1,1,3,,0.0,0.0
201500004823,24,1,15,17,2,38,1,1,1,4,1,,0.0,0.0
201500004824,5,4,15,4,3,38,357,1,1,1,6,,45.54673,5.51534
201500004825,11,4,15,15,1,38,228,1,1,1,7,,0.0,0.0
201500004826,11,4,15,16,1,38,292,1,1,1,3,,0.0,0.0
201500004827,12,7,15,14,1,38,104,1,1,1,6,,45.58086,5.56958
201500004828,23,7,15,8,1,38,343,1,1,1,3,,0.0,0.0
201500004829,23,7,15,18,1,38,315,1,1,7,3,,0.0,0.0
201500004830,17,8,15,21,5,38,343,2,1,1,2,rte de pt de beauvoisin,0.0,0.0
201500004831,27,10,15,19,3,38,386,1,1,1,5,,0.0,0.0
201500004832,18,12,15,10,1,38,1,2,1,7,6,"20, rue Jean Jaures",0.0,0.0
201500004833,28,12,15,11,1,38,1,2,9,1,6,rue Gambetta,0.0,0.0
201500004834,23,12,15,15,1,38,315,1,1,1,3,,0.0,0.0
201500004835,20,4,15,18,1,38,509,2,3,1,1,RTE LAITIERE/RTE TAILLIS,0.0,0.0
201500004836,16,5,15,20,1,38,509,1,1,1,6,,0.0,0.0
201500004837,6,6,15,6,2,38,76,1,1,1,4,,0.0,0.0
201500004838,23,7,15,19,1,38,76,1,1,1,3,,0.0,0.0
201500004839,30,7,15,15,1,38,76,1,1,1,7,,0.0,0.0
201500004840,31,10,15,9,5,38,64,2,1,1,6,13 route de lyon,0.0,0.0
201500004841,21,11,15,11,1,38,64,2,1,2,1,rue de la gare,45.56223,5.37727
201500004842,18,3,15,7,1,44,201,1,1,1,2,la maisonneuve,47.33684,-1.53474
201500004843,26,3,15,9,1,44,201,1,1,2,1,route de casson,47.36457,-1.54611
201500004844,18,7,15,11,1,44,35,1,1,1,6,,47.293,-1.57053
201500004845,19,7,15,2,3,44,209,1,1,1,6,la bernadais,47.31329,-1.64596
201500004846,1,8,15,19,1,44,66,1,1,1,3,,47.3518,-1.60588
201500004847,22,9,15,7,2,44,66,1,1,2,3,,47.35713,-1.60413
201500004848,23,9,15,9,1,44,209,1,1,1,1,,47.33612,-1.67498
201500004849,31,10,15,17,1,44,35,2,6,1,3,PLACE DE LA PAIX EN ALGE,47.3006,-1.55242
201500004850,8,11,15,10,1,44,209,1,3,1,3,la ménardais,47.30753,-1.61838
201500004851,6,10,15,11,1,38,336,1,1,2,1,,0.0,0.0
201500004852,17,1,15,5,3,38,336,1,1,1,7,,0.0,0.0
201500004853,20,1,15,18,3,38,238,1,2,2,3,inter D38,45.50105,5.01126
201500004854,20,1,15,13,1,38,336,1,1,2,6,,0.0,0.0
201500004855,7,10,15,9,1,38,110,1,1,1,1,,45.55815,4.86898
201500004856,12,2,15,19,5,38,336,2,1,1,3,773 RN7 Vaugris,45.49009,4.8297
201500004857,23,3,15,13,1,38,484,2,1,7,3,route du village,0.0,0.0
201500004858,7,4,15,23,3,38,484,1,1,1,6,,0.0,0.0
201500004859,15,4,15,6,2,38,336,2,1,1,6,route nationale 7,0.0,0.0
201500004860,5,7,15,9,1,38,157,1,9,1,1,,45.48901,4.94942
201500004861,11,10,15,11,1,38,160,1,1,1,7,pré-civas,45.49001,4.98491
201500004862,29,7,15,15,1,38,336,2,1,1,3,ZI DU SALUAN,0.0,0.0
201500004863,14,2,15,22,3,38,69,1,1,2,6,,45.43975,5.2954
201500004864,20,2,15,15,1,38,69,1,2,1,3,inter ch du contour,45.43678,5.29602
201500004865,22,5,15,7,1,38,34,1,1,1,1,,0.0,0.0
201500004866,18,6,15,4,3,38,244,1,1,1,6,2850 rte du pilat,45.43834,4.96043
201500004867,26,6,15,1,3,38,473,1,1,1,7,,0.0,0.0
201500004868,19,7,15,18,1,38,324,1,3,1,7,inter ch des chenes,45.40015,5.06428
201500004869,31,7,15,10,1,38,34,1,1,1,1,,0.0,0.0
201500004870,16,8,15,19,1,38,180,1,1,1,3,,0.0,0.0
201500004871,19,9,15,7,1,38,69,1,2,7,5,,0.0,0.0
201500004872,1,10,15,7,2,38,130,2,2,1,5,av de verdun/de martel,45.39504,5.26853
201500004873,24,10,15,17,5,38,69,2,1,1,6,route des alpes,0.0,0.0
201500004874,29,10,15,8,1,38,130,2,3,1,1,D71 / ch voie ferree,45.35164,5.26499
201500004875,26,11,15,17,3,38,198,1,2,1,3,,0.0,0.0
201500004876,30,11,15,19,3,38,69,1,1,1,1,,0.0,0.0
201500004877,2,1,15,11,1,38,144,1,1,1,5,,0.0,0.0
201500004878,25,1,15,4,3,38,152,1,2,1,6,X rte des combes,45.49032,5.2956
201500004879,2,2,15,6,3,38,399,1,1,8,1,rte du pilat,45.5089,5.17384
201500004880,28,2,15,12,1,38,189,2,1,1,1,AVENUE DU GAL LECLERC,0.0,0.0
201500004881,17,3,15,16,1,38,389,1,1,1,3,,0.0,0.0
201500004882,7,4,15,8,1,38,389,1,2,7,3,,45.56139,5.09577
201500004883,15,4,15,8,1,38,184,1,1,1,1,,0.0,0.0
201500004884,6,5,15,22,3,38,480,1,1,1,2,,0.0,0.0
201500004885,20,6,15,19,1,38,399,2,1,1,2,ROUTE DE LYON,0.0,0.0
201500004886,21,6,15,0,3,38,144,1,1,1,6,,0.0,0.0
201500004887,29,6,15,0,3,38,476,1,2,1,3,,45.49712,5.06785
201500004888,9,7,15,19,1,38,389,1,1,1,6,,0.0,0.0
201500004889,16,7,15,15,1,38,389,1,1,1,1,,0.0,0.0
201500004890,7,9,15,17,1,38,346,2,1,1,2,route de lyon,0.0,0.0
201500004891,19,9,15,20,3,38,81,1,1,1,6,,0.0,0.0
201500004892,5,10,15,7,1,38,399,1,1,1,1,,0.0,0.0
201500004893,1,11,15,20,5,38,189,2,1,1,1,777 AV DU 19 Mars 1962,45.63506,5.04991
201500004894,1,1,15,5,3,38,197,1,1,1,1,,0.0,0.0
201500004895,1,3,15,19,5,38,97,2,1,2,1,67 route de la poste,0.0,0.0
201500004896,4,4,15,13,1,38,507,2,1,2,3,D 24 ROUTE DE LYON,0.0,0.0
201500004897,4,4,15,19,2,38,197,1,1,2,1,,0.0,0.0
201500004898,13,4,15,11,1,38,316,2,1,1,3,rue de la république,0.0,0.0
201500004899,15,4,15,11,1,38,316,2,3,1,1,r allobroges/r provinces,45.74091,5.15974
201500004900,20,5,15,19,1,38,316,2,1,1,1,89 rue aimé pinel,45.75889,5.17856
201500004901,20,6,15,21,2,38,85,2,1,1,1,rue de la plaine,0.0,0.0
201500004902,12,9,15,22,5,38,85,2,1,2,1,route de vienne,0.0,0.0
201500004903,6,12,15,2,3,38,197,1,1,1,7,,0.0,0.0
201500004904,20,12,15,2,3,38,507,1,1,1,6,ch du pieuré,45.72972,5.16248
201500004905,8,1,15,21,5,38,72,1,2,1,3,inter rue du marche,45.31476,4.82486
201500004906,3,3,15,13,1,38,72,1,1,1,3,,0.0,0.0
201500004907,22,3,15,18,1,38,452,1,1,1,1,,0.0,0.0
201500004908,26,3,15,13,1,38,425,1,3,1,3,N7/r LOUISE MICHEL,45.39304,4.80589
201500004909,10,4,15,15,1,38,344,1,1,1,1,,0.0,0.0
201500004910,11,4,15,22,5,38,72,2,1,1,5,RN7 Route de Marseille,0.0,0.0
201500004911,13,4,15,17,1,38,468,2,1,1,3,rue des Fontanes,0.0,0.0
201500004912,15,4,15,11,1,38,72,2,1,1,3,RN 7,45.3227,4.80747
201500004913,25,4,15,18,1,38,51,1,1,8,3,,0.0,0.0
201500004914,10,5,15,9,1,38,344,2,1,1,3,avenue gabriel peri,0.0,0.0
201500004915,19,5,15,17,1,38,298,2,1,1,6,,0.0,0.0
201500004916,27,5,15,22,3,38,9,1,1,1,6,,0.0,0.0
201500004917,25,7,15,17,1,38,349,1,1,1,3,,0.0,0.0
201500004918,10,8,15,15,1,38,3,1,1,1,6,,45.34994,4.84621
201500004919,9,9,15,12,1,38,349,2,1,1,6,"60, Route des Alpes",0.0,0.0
201500004920,6,10,15,2,3,38,3,1,1,2,6,,45.32699,4.87357
201500004921,17,10,15,19,2,38,298,2,2,1,3,rue des iles/limousin,45.36836,4.79328
201500004922,28,11,15,19,4,38,344,2,2,8,6,avenue Jacques Prévert,45.3689,4.79979
201500004923,8,12,15,17,3,38,9,1,1,1,6,,0.0,0.0
201500004924,18,12,15,14,1,38,468,1,1,1,3,,0.0,0.0
201500004925,9,2,15,22,3,38,231,1,1,9,6,,45.52271,5.21359
201500004926,16,3,15,14,1,38,136,1,1,1,7,,0.0,0.0
201500004927,3,3,15,7,2,38,537,1,1,2,3,,0.0,0.0
201500004928,1,6,15,12,1,38,475,2,9,1,3,route de la bourbe,45.66816,5.14293
201500004929,22,7,15,21,2,38,449,1,1,2,5,,45.6564,5.11055
201500004930,20,8,15,10,1,38,537,1,1,1,2,,0.0,0.0
201500004931,25,8,15,18,1,38,537,1,1,1,6,,0.0,0.0
201500004932,30,9,15,15,1,38,449,2,1,1,2,boulevard de tharabie,0.0,0.0
201500004933,31,10,15,12,1,38,449,2,1,1,6,Place de la paix,0.0,0.0
201500004934,20,12,15,20,3,38,449,1,2,1,3,,45.62563,5.09014
201500004935,9,9,15,13,1,42,147,2,1,1,3,avenue Charles De Gaulle,45.62031,4.06562
201500004936,13,10,15,10,1,42,299,2,1,9,7,,45.61376,4.07718
201500004937,31,10,15,18,3,42,140,1,1,1,1,,45.45522,4.06494
201500004938,15,12,15,10,1,42,313,1,1,8,5,,45.73068,4.01374
201500004939,14,1,15,8,1,42,23,1,1,1,1,,45.29837,4.54091
201500004940,13,1,15,17,1,42,172,1,1,8,1,,45.39332,4.42164
201500004941,21,2,15,12,1,42,172,1,1,4,1,,45.36627,4.45348
201500004942,12,4,15,10,1,42,23,2,7,1,6,PLACE DE LA BASCULE,45.29611,4.55941
201500004943,12,4,15,17,1,42,246,1,1,7,7,,45.29248,4.62205
201500004944,9,5,15,10,1,42,23,1,1,8,7,,45.30296,4.54077
201500004945,6,6,15,17,1,42,310,1,1,1,7,,45.34202,4.55363
201500004946,16,6,15,21,2,42,115,1,1,1,6,,45.31721,4.35168
201500004947,25,6,15,16,1,42,224,1,1,1,2,,45.33965,4.3795
201500004948,26,6,15,13,1,42,224,1,1,1,6,,45.33506,4.42364
201500004949,28,6,15,15,1,42,224,1,1,1,7,,45.36915,4.42216
201500004950,4,7,15,11,1,42,139,1,1,7,1,,45.3069,4.42643
201500004951,3,7,15,17,1,42,17,1,1,1,6,,45.37228,4.50472
201500004952,24,7,15,9,1,42,224,1,1,9,1,,45.3453,4.48302
201500004953,3,8,15,15,1,42,329,1,2,1,1,,45.32039,4.49883
201500004954,16,8,15,14,1,42,280,1,2,1,3,,45.27745,4.44112
201500004955,5,9,15,16,1,42,287,1,1,1,1,,45.26268,4.47867
201500004956,18,9,15,9,1,42,329,1,1,1,7,,45.31845,4.50847
201500004957,18,9,15,12,1,42,329,1,1,1,3,,45.32149,4.49449
201500004958,24,9,15,21,3,42,172,1,1,1,1,,45.39216,4.42874
201500004959,10,10,15,17,1,42,224,1,1,1,6,,45.3677,4.4367
201500004960,31,10,15,18,5,42,23,1,1,1,1,,45.29669,4.56093
201500004961,31,5,15,11,1,42,302,2,6,1,3,rd106,45.48862,4.45006
201500004962,6,6,15,10,1,42,97,1,6,1,7,,45.52265,4.29376
201500004963,14,6,15,8,1,42,92,2,1,1,6,rue de verdun,45.48582,4.37945
201500004964,11,7,15,23,3,42,208,2,1,1,6,la boucharotte,45.53655,4.47485
201500004965,7,8,15,8,1,42,208,1,1,7,2,,45.52604,4.4625
201500004966,6,11,15,16,1,42,208,1,1,1,1,,45.52569,4.46114
201500004967,6,11,15,18,3,42,97,1,1,1,1,,45.49358,4.3219
201500004968,21,1,15,16,1,42,179,1,1,2,6,,45.67046,4.0419
201500004969,12,2,15,15,1,42,299,1,6,1,3,,45.60128,4.09302
201500004970,7,4,15,12,1,42,147,2,6,1,1,rond point beauregard,45.60906,4.05506
201500004971,15,4,15,15,1,42,147,2,9,1,6,3 avenue de St ETIENNE,45.60077,4.07129
201500004972,23,4,15,18,1,42,285,1,1,7,6,,45.55405,4.13773
201500004973,24,4,15,13,1,42,147,2,1,1,3,AVENUE PAUL CEZANNE,45.61192,4.0555
201500004974,21,5,15,1,4,42,151,1,1,1,7,,45.65676,4.13356
201500004975,5,6,15,9,1,42,147,2,1,1,6,14 boulevard duguet,45.60982,4.06812
201500004976,29,6,15,14,1,42,147,2,1,1,2,57 rue de la République,45.60625,4.07472
201500004977,24,7,15,11,1,42,147,2,1,1,2,53 rue de la république,45.60624,4.07463
201500004978,12,9,15,9,1,42,87,1,1,1,1,,45.59993,4.0479
201500004979,30,9,15,11,1,42,37,1,1,1,6,,45.68713,4.07083
201500004980,7,11,15,2,3,42,46,1,1,1,1,,45.62818,4.06152
201500004981,24,11,15,8,1,42,285,1,1,1,2,,45.57924,4.11095
201500004982,11,1,15,6,3,42,324,2,1,2,7,D54 Rte Montagne du soir,45.56126,4.26479
201500004983,23,1,15,15,1,42,22,2,1,2,6,Rue des Essarts,45.52364,4.21787
201500004984,8,2,15,8,1,42,324,1,1,1,6,,45.55835,4.2396
201500004985,28,3,15,18,1,42,304,1,1,1,3,,45.53171,4.19889
201500004986,4,4,15,15,1,42,304,1,2,1,3,,45.53592,4.15013
201500004987,18,4,15,19,1,42,5,2,2,1,3,,45.52988,4.25147
201500004988,31,5,15,16,1,42,22,2,1,1,6,26 allée des mirabelles,45.52778,4.20772
201500004989,1,7,15,16,1,42,304,2,1,1,3,rue du Verneuil,45.53471,4.19047
201500004990,7,7,15,8,1,42,5,2,1,1,3,avenue Hélène BOUCHER,45.54056,4.2855
201500004991,20,7,15,19,1,42,5,2,1,1,6,avenue de saint etienne,45.52567,4.27262
201500004992,12,8,15,10,1,42,304,2,1,1,3,Côte STE AGATHE,45.53297,4.19665
201500004993,9,9,15,18,1,42,324,1,1,7,1,,45.55919,4.24298
201500004994,10,9,15,6,2,42,304,1,1,1,2,,45.549,4.2069
201500004995,21,9,15,13,1,42,5,2,1,1,1,avenue jean mermoz,45.53424,4.28805
201500004996,1,10,15,13,1,42,22,2,1,1,7,avenue de St Marcellin,45.51878,4.20645
201500004997,6,12,15,6,2,42,5,1,1,1,1,,0.0,0.0
201500004998,11,12,15,18,3,42,75,1,1,1,1,,0.0,0.0
201500004999,6,1,15,11,1,42,19,2,1,1,6,Rue de Lyon,45.74468,4.00499
201500005000,8,1,15,7,2,42,291,1,1,1,3,,45.8232,3.8679
201500005001,1,3,15,19,3,42,247,1,1,2,7,,45.7468,3.84706
201500005002,28,3,15,15,1,42,221,2,1,1,6,Le Bourg,45.76807,4.12936
201500005003,18,4,15,20,2,42,159,1,1,1,6,,45.825,3.77137
201500005004,24,4,15,16,1,42,150,1,1,1,1,,45.71795,4.07374
201500005005,25,4,15,18,1,42,119,1,1,1,1,,45.75083,3.97746
201500005006,25,4,15,19,1,42,227,1,1,1,1,,45.70245,3.95623
201500005007,16,5,15,3,3,42,313,1,1,8,1,,45.72725,4.0213
201500005008,28,5,15,14,1,42,205,1,1,1,3,,45.67574,3.98689
201500005009,10,6,15,7,1,42,109,2,1,1,5,Le bourg,45.77696,3.93068
201500005010,28,6,15,2,3,42,227,1,1,1,7,,45.69525,3.90231
201500005011,3,7,15,19,1,42,195,1,1,1,6,,45.74056,3.96669
201500005012,9,7,15,14,1,42,313,1,1,1,3,,45.73098,4.01302
201500005013,13,7,15,0,3,42,205,1,1,1,6,,45.65852,3.89458
201500005014,6,9,15,19,1,42,34,1,1,1,3,Le Pont d'Ambert,45.85535,3.72873
201500005015,10,9,15,7,1,42,313,1,1,1,2,,45.73387,4.00858
201500005016,10,9,15,17,1,42,136,1,1,1,2,,45.71357,3.98081
201500005017,14,9,15,14,1,42,288,1,2,1,3,,45.77048,4.00451
201500005018,20,9,15,14,1,42,9,1,1,1,7,,45.76753,4.02853
201500005019,27,9,15,7,1,42,238,1,1,1,6,,45.78084,3.79711
201500005020,10,10,15,16,1,42,205,1,4,1,1,,45.65818,3.94552
201500005021,11,10,15,20,3,42,245,1,3,1,3,,45.8135,3.80725
201500005022,3,11,15,15,1,42,19,2,1,1,6,rue de lyon,45.74194,4.00659
201500005023,21,11,15,16,2,42,245,1,1,5,1,,45.75662,3.79019
201500005024,12,12,15,12,1,42,134,1,1,1,6,,45.68262,4.03678
201500005025,15,12,15,8,2,42,219,1,1,8,5,lieu dit Villedieu,45.73796,4.12868
201500005026,7,2,15,0,3,42,94,1,1,1,1,,45.7417,4.20024
201500005027,20,2,15,3,3,42,319,1,1,1,7,,45.6992,4.30106
201500005028,20,2,15,16,1,42,251,1,1,1,1,,45.68356,4.25892
201500005029,25,3,15,11,1,42,319,1,1,1,1,,45.71168,4.2922
201500005030,21,4,15,8,1,42,94,2,1,1,3,Rue du Palatin,45.72335,4.22354
201500005031,26,4,15,3,5,42,202,2,1,2,6,Lieu dit La Poste,45.72142,4.34387
201500005032,2,5,15,11,1,42,261,1,1,1,3,,45.7502,4.39897
201500005033,6,5,15,8,1,42,88,1,1,1,5,,45.79776,4.20822
201500005034,19,6,15,20,1,42,94,2,1,1,6,Rue Victor Hugo,45.74285,4.22505
201500005035,20,6,15,14,1,42,94,2,1,1,3,4 route de civens,45.75042,4.22603
201500005036,10,8,15,0,3,42,94,1,1,1,5,,45.73928,4.25767
201500005037,30,8,15,11,1,42,296,1,1,1,6,,45.73975,4.29256
201500005038,3,10,15,20,3,42,296,1,1,2,7,,45.73499,4.27617
201500005039,11,10,15,19,5,42,175,2,3,1,3,Rue Poliacus,45.79833,4.23179
201500005040,16,10,15,12,1,42,94,2,1,1,6,Place Carnot,45.74353,4.22275
201500005041,27,10,15,9,1,42,94,2,1,1,6,rue gambetta (rd107),45.74392,4.22595
201500005042,7,12,15,7,1,42,66,1,2,1,3,,0.0,0.0
201500005043,13,4,15,17,1,42,6,1,1,1,7,,45.41233,3.98528
201500005044,24,6,15,16,1,42,192,1,1,1,7,,45.37717,4.08857
201500005045,19,8,15,14,1,42,6,1,1,1,6,,45.38321,3.99767
201500005046,20,8,15,20,1,42,204,2,1,1,6,Boulevard de l'industrie,45.42689,4.06637
201500005047,30,9,15,18,1,42,228,1,1,1,6,,45.55153,4.09391
201500005048,4,10,15,12,1,42,318,1,2,1,3,,45.3874,3.8998
201500005049,23,10,15,8,1,42,6,1,1,2,7,,45.38442,4.00014
201500005050,24,10,15,17,1,42,204,2,1,1,6,boulevard du haut forez,45.42197,4.06334
201500005051,25,10,15,16,1,42,318,1,1,8,7,,45.41098,3.97124
201500005052,14,2,15,19,3,42,62,2,1,1,1,route de saint galmier,0.0,0.0
201500005053,17,3,15,15,1,42,323,2,1,1,3,avenue irénée Laurent,45.5733,4.30151
201500005054,20,5,15,8,1,42,135,1,1,1,3,,45.65955,4.23033
201500005055,2,6,15,18,1,42,222,2,1,1,3,Rue Anoine Ravel,45.59141,4.31452
201500005056,8,7,15,16,1,42,323,2,3,1,3,Avenue Planchet,45.56283,4.28994
201500005057,29,7,15,18,1,42,108,1,1,2,3,,45.59467,4.18541
201500005058,21,8,15,16,1,42,336,1,1,1,7,,45.68077,4.336
201500005059,25,8,15,21,5,42,222,2,1,1,5,43 route de bellegarde,45.60698,4.31271
201500005060,25,8,15,17,1,42,20,1,6,7,3,,45.63798,4.20608
201500005061,28,8,15,16,1,42,222,2,1,1,3,route de cuzieu,45.59754,4.29571
201500005062,1,9,15,13,1,42,149,2,1,2,6,150 Avenue du Pont,45.64386,4.22937
201500005063,13,9,15,14,1,42,149,2,1,1,3,269 rue du geyser,45.64188,4.23686
201500005064,24,9,15,9,1,42,13,2,1,1,3,Avenue des Farges,45.64664,4.29541
201500005065,4,11,15,19,3,42,264,1,1,1,6,,45.59048,4.35121
201500005066,24,11,15,10,1,42,149,2,1,1,6,4 Avenue des Sources,45.64409,4.23139
201500005067,9,12,15,18,2,42,149,2,1,1,7,route de saint etienne,0.0,0.0
201500005068,21,12,15,19,5,42,323,2,1,8,6,D1082,0.0,0.0
201500005069,8,3,15,10,1,42,132,1,1,1,6,,45.38173,4.72884
201500005070,8,4,15,7,1,42,168,2,1,1,3,D19,45.44453,4.68312
201500005071,16,4,15,22,5,42,132,1,1,2,1,,45.38902,4.74486
201500005072,23,4,15,9,1,42,129,2,9,1,3,Rd 503 Lieu dit Les Barg,45.35948,4.67982
201500005073,28,4,15,14,1,42,56,2,1,7,1,lieu dit les prairies,45.41464,4.73608
201500005074,26,4,15,10,1,42,168,1,1,1,4,,45.41569,4.70788
201500005075,11,5,15,15,1,42,56,1,1,1,3,,45.41808,4.70845
201500005076,6,7,15,16,1,42,265,2,1,1,1,985 rue des granges,45.43966,4.73466
201500005077,24,7,15,18,1,42,56,1,1,1,1,,45.41216,4.7374
201500005078,30,8,15,16,1,42,168,1,1,1,3,,45.44081,4.65913
201500005079,25,9,15,6,1,42,56,2,1,1,1,D7 PK34+300,45.4154,4.73503
201500005080,29,9,15,11,1,42,168,2,1,1,6,ALLEE DE LA CHARTREUSE,45.41786,4.68515
201500005081,25,11,15,16,1,42,272,2,1,3,3,Rd 1086,45.38501,4.74713
201500005082,4,12,15,12,1,42,191,1,1,8,2,,45.644,4.142
201500005083,17,12,15,0,5,42,132,1,1,1,7,,45.006,4.01199
201500005084,9,1,15,7,2,42,145,1,1,9,6,,46.03513,4.201
201500005085,12,1,15,13,1,42,120,1,2,1,3,,45.99226,3.99702
201500005086,30,1,15,17,2,42,338,1,6,2,7,,46.07429,4.09883
201500005087,15,3,15,15,1,42,239,1,2,1,3,,45.96249,3.97877
201500005088,1,4,15,17,1,42,69,1,1,1,7,,45.97198,4.04187
201500005089,8,4,15,8,1,42,332,2,1,7,6,rue bombée,45.99118,4.03653
201500005090,5,6,15,19,1,42,166,1,1,1,1,,46.00299,4.10039
201500005091,29,8,15,9,1,42,162,1,1,1,7,,46.01534,3.97737