Num_Acc,jour,mois,an,hr,condition_eclairage,departement,commune,condition_agglomeration,intersection,condition_atmosphere,type_collision,adresse,lattitude,longitude
201500005092,27,11,15,7,2,42,239,1,1,1,1,,45.99011,3.99408
201500005093,26,12,15,16,1,42,338,1,1,1,6,,0.0,0.0
201500005094,10,1,15,15,1,42,289,2,1,7,6,Rue des ?coles,45.94718,4.20969
201500005095,24,2,15,16,1,42,11,2,6,1,1,rue du four ? chaux,45.81774,4.19555
201500005096,19,6,15,15,1,42,334,1,1,1,7,,45.85227,4.32252
201500005097,4,7,15,6,1,42,293,1,1,1,6,,46.0066,4.27244
201500005098,8,8,15,20,2,42,181,1,1,2,6,,46.00034,4.23351
201500005099,30,11,15,8,3,42,277,1,1,1,7,,45.92762,4.10739
201500005100,4,12,15,13,1,42,98,1,1,1,6,,45.574,4.464
201500005101,6,1,15,18,5,42,26,2,1,2,3,28 avenue de verdun,46.14977,4.08413
201500005102,8,1,15,21,3,42,112,1,1,2,1,,46.11421,4.26312
201500005103,14,2,15,18,2,42,16,1,1,8,7,,46.14616,4.03913
201500005104,12,5,15,18,1,42,141,1,1,1,6,,46.14917,4.25029
201500005105,22,5,15,17,1,42,300,1,2,1,3,,46.11101,4.29056
201500005106,9,6,15,10,1,42,267,1,3,1,1,,46.15223,4.1562
201500005107,15,6,15,8,1,42,52,1,1,1,6,,46.16673,4.1588
201500005108,18,7,15,18,1,42,14,1,1,3,6,,46.17803,4.41457
201500005109,3,8,15,18,1,42,26,2,1,1,6,rue de la liberation,46.14667,4.08211
201500005110,23,10,15,19,3,42,215,1,1,1,6,,46.19271,4.20598
201500005111,30,8,15,16,1,42,173,1,1,1,2,,45.82048,4.06884
201500005112,22,4,15,12,1,42,230,1,1,1,6,,45.8237,4.0171
201500005113,27,6,15,11,1,42,76,2,1,1,1,impasse du pressoir,45.90672,3.92568
201500005114,3,1,15,5,5,73,239,1,1,5,6,,45.78935,5.95691
201500005115,17,5,15,18,1,73,8,1,1,1,6,,0.0,0.0
201500005116,14,7,15,14,1,73,59,1,1,1,1,Route de Paris,45.75036,5.88187
201500005117,31,7,15,22,5,73,103,1,7,1,6,Place de l horloge,45.6601,5.9209
201500005118,1,10,15,11,1,73,301,2,1,1,2,route du chef lieu,45.70784,5.95689
201500005119,16,10,15,23,3,73,10,1,1,1,5,,45.76952,5.93938
201500005120,6,8,15,14,1,73,30,1,3,7,3,Rue du Champ de Mars,45.56313,5.97999
201500005121,14,10,15,20,3,73,97,1,1,8,6,,45.57453,5.99984
201500005122,16,5,15,18,1,73,234,1,1,1,7,Lieu-dit charmillon,45.68531,6.05949
201500005123,10,6,15,15,1,73,81,2,1,1,2,,45.69,6.13199
201500005124,16,8,15,2,3,73,4,1,1,3,7,,45.61293,6.09321
201500005125,24,9,15,17,1,73,5,2,1,1,6,,45.67391,6.098
201500005126,13,10,15,18,2,73,5,1,1,2,6,,45.6369,6.08293
201500005127,25,5,15,18,1,73,42,1,1,1,7,,45.72113,5.79679
201500005128,14,1,15,17,2,73,270,1,3,3,5,,45.55438,6.16219
201500005129,23,4,15,19,1,73,159,1,1,1,1,,45.45027,6.0492
201500005130,25,4,15,10,1,73,171,1,3,1,3,,45.50202,6.06796
201500005131,23,8,15,2,3,73,276,1,1,1,6,,45.4935,6.11151
201500005132,27,10,15,20,3,73,96,1,1,2,6,,45.51253,6.08954
201500005133,10,12,15,18,5,73,171,2,6,2,6,,45.49693,6.0548
201500005134,18,12,15,18,5,73,151,1,4,1,5,,45.5114,6.00665
201500005135,22,1,15,1,5,73,51,2,1,1,6,CHEMIN DE LA PLAISSE,45.6393,5.85897
201500005136,3,2,15,18,5,73,179,2,1,1,3,avenue Costa de BEAUREGA,45.59043,5.88155
201500005137,11,3,15,11,1,73,179,2,3,1,6,AVENUE DE SAINT EXUPERY,45.6001,5.87322
201500005138,30,3,15,19,4,73,179,1,1,3,6,,45.59709,5.87745
201500005139,28,6,15,18,1,73,50,1,4,1,4,,45.67,5.85482
201500005140,21,8,15,17,1,73,50,1,9,1,3,,45.67533,5.85315
201500005141,30,8,15,18,1,73,326,1,1,1,6,,45.52449,5.85388
201500005142,20,9,15,14,1,73,179,1,1,1,5,,45.64033,5.86728
201500005143,20,9,15,16,1,73,51,1,3,1,3,,45.6479,5.86471
201500005144,24,9,15,19,2,73,179,2,6,1,3,Rond point de l erier,45.59747,5.88479
201500005145,19,10,15,7,2,73,51,1,1,1,1,,45.65115,5.86631
201500005146,31,12,15,18,3,73,50,1,1,1,1,,45.6807,5.85107
201500005147,25,1,15,8,2,73,58,1,1,1,1,,45.52641,5.73234
201500005148,21,3,15,11,1,73,204,1,1,2,1,,45.52838,5.691
201500005149,29,11,15,18,5,73,219,1,1,2,1,,45.55024,5.77932
201500005150,23,3,15,15,1,73,297,1,1,1,3,,45.62988,6.32653
201500005151,16,8,15,17,1,73,162,1,1,3,6,,45.60266,6.27913
201500005152,21,10,15,16,1,73,196,1,1,1,1,,45.71592,6.40792
201500005153,24,10,15,11,1,73,297,1,1,1,1,,45.6538,6.32044
201500005154,31,10,15,16,1,73,154,1,1,1,1,,45.66775,6.33826
201500005155,29,11,15,9,1,73,129,1,1,2,6,,45.59653,6.24229
201500005156,6,6,15,9,1,73,6,1,1,1,3,,0.0,0.0
201500005157,19,9,15,12,1,73,142,2,1,1,7,station de Vallandry,0.0,0.0
201500005158,31,5,15,17,1,73,34,1,1,1,7,,45.69798,6.61799
201500005159,14,6,15,9,1,73,34,1,1,1,7,,45.7083,6.57831
201500005160,27,6,15,11,1,73,132,1,1,1,1,,45.75588,6.59526
201500005161,2,12,15,15,1,73,211,1,4,1,3,,45.71747,6.44707
201500005162,2,1,15,6,3,73,54,1,1,1,7,Lieu-dit le Berard,45.59289,6.76842
201500005163,1,3,15,7,2,73,285,1,1,4,1,,45.6182,6.80747
201500005164,20,3,15,18,1,73,285,2,1,8,6,RD1090 - Route du Col d,45.62099,6.80607
201500005165,6,6,15,16,1,73,54,1,1,1,7,,45.6683,6.77428
201500005166,25,6,15,22,3,73,77,1,9,1,7,,45.59245,6.73425
201500005167,28,11,15,18,3,73,285,1,1,1,1,,45.62567,6.78195
201500005168,6,12,15,11,1,73,285,1,1,1,6,,0.0,0.0
201500005169,24,12,15,13,1,73,54,2,1,7,6,avenue du centenaire,45.61648,6.76888
201500005170,10,1,15,20,5,73,15,2,1,1,1,d90a route de mussilon,45.40005,6.56538
201500005171,10,4,15,14,1,73,201,1,1,1,2,,45.4324,6.6923
201500005172,23,5,15,13,1,73,71,1,1,8,6,,45.4589,6.7443
201500005173,27,12,15,11,1,73,55,2,7,7,6,65 rue de la Poste,45.44279,6.64677
201500005174,30,12,15,10,1,73,15,2,1,1,6,route de l'altiport,0.0,0.0
201500005175,16,3,15,2,3,73,321,1,1,1,7,,45.46087,6.5457
201500005176,17,5,15,14,1,73,187,1,1,1,6,,45.55197,6.46922
201500005177,17,10,15,20,3,73,181,1,1,1,1,,45.48498,6.54253
201500005178,1,12,15,16,1,73,321,1,1,1,1,,45.46313,6.53769
201500005179,10,1,15,5,3,73,261,2,1,1,7,Le Noiray,45.20971,6.54833
201500005180,24,3,15,21,5,73,116,1,1,1,6,,45.21205,6.30679
201500005181,25,3,15,18,2,73,242,1,1,4,6,,45.19454,6.28395
201500005182,28,3,15,16,1,73,248,2,6,1,3,Quai Jules Poncet,45.2756,6.35564
201500005183,26,6,15,11,1,73,116,1,1,1,1,,45.23985,6.31561
201500005184,19,7,15,7,1,73,248,1,1,1,7,,45.27105,6.33666
201500005185,29,8,15,15,1,73,306,1,1,1,1,,45.08378,6.42768
201500005186,30,11,15,10,1,73,248,1,1,1,2,,0.0,0.0
201500005187,18,4,15,14,1,73,19,1,1,1,1,,45.4921,6.3062
201500005188,21,7,15,12,1,73,235,2,4,1,3,PLACE DE LA MADELEINE,45.41619,6.36245
201500005189,25,7,15,11,1,73,278,2,1,1,1,route de la lauzière,45.39557,6.2679
201500005190,22,4,15,14,1,73,290,1,1,1,1,,45.27356,6.81319
201500005191,5,7,15,10,1,73,143,1,1,1,5,,45.27634,6.90703
201500005192,4,12,15,8,1,73,223,1,1,4,6,,45.20066,6.59408
201500005193,16,1,15,20,5,74,104,2,1,2,6,139 rte Marceau dessous,0.0,0.0
201500005194,4,4,15,3,3,74,234,1,1,3,6,,0.0,0.0
201500005195,2,6,15,19,1,74,104,1,4,7,1,ROUTE DU PONT MONNET,0.0,0.0
201500005196,7,6,15,10,1,74,275,1,1,1,4,,0.0,0.0
201500005197,21,6,15,18,1,74,242,1,1,1,3,,0.0,0.0
201500005198,24,6,15,18,1,74,167,1,2,7,2,,0.0,0.0
201500005199,29,6,15,15,1,74,135,1,1,7,1,,0.0,0.0
201500005200,1,7,15,20,2,74,275,1,1,1,2,BALMETTE,0.0,0.0
201500005201,3,7,15,15,1,74,104,1,1,7,5,,0.0,0.0
201500005202,18,7,15,15,1,74,148,1,1,1,7,,0.0,0.0
201500005203,8,8,15,17,1,74,267,1,1,1,1,688 ROUTE DE LA PLANCHE,0.0,0.0
201500005204,29,8,15,19,1,74,123,1,1,1,7,,0.0,0.0
201500005205,21,9,15,22,5,74,267,1,1,1,7,ROUTE D'ALBERTVILLE,0.0,0.0
201500005206,4,10,15,5,2,74,234,2,1,8,6,786 RUE DU CHAMP CANON,0.0,0.0
201500005207,9,10,15,7,1,74,104,1,2,2,3,ROUTE DU COUARDET,0.0,0.0
201500005208,6,5,15,19,2,74,225,1,3,1,1,RTE VALLIERES/SURCHERE,0.0,0.0
201500005209,5,5,15,17,1,74,225,2,4,1,1,RTE HAUTEVILLE/RUE SAUGE,0.0,0.0
201500005210,19,6,15,15,1,74,255,1,2,1,3,,0.0,0.0
201500005211,3,7,15,19,1,74,2,1,1,1,6,,0.0,0.0
201500005212,26,7,15,1,4,74,141,2,2,1,6,,0.0,0.0
201500005213,30,7,15,7,1,74,233,1,1,1,2,,0.0,0.0
201500005214,21,8,15,21,3,74,225,1,1,1,1,LIEU DIT BROISE,0.0,0.0
201500005215,11,9,15,11,1,74,148,1,1,1,1,,0.0,0.0
201500005216,20,9,15,17,1,74,289,2,1,1,1,,0.0,0.0
201500005217,10,10,15,5,3,74,233,2,1,1,7,,0.0,0.0
201500005218,16,10,15,20,3,74,161,1,1,1,6,ROUTE DE RUMILLY,0.0,0.0
201500005219,10,11,15,15,1,74,138,1,1,1,6,ROUTE DES BAUGES,0.0,0.0
201500005220,12,11,15,17,2,74,274,2,2,1,3,ROUTE DE  MANDRIN,0.0,0.0
201500005221,28,11,15,16,1,74,4,1,1,1,6,ROUTE DES BAUGES,0.0,0.0
201500005222,10,12,15,10,1,74,225,2,7,1,6,4 PLACE D'ARMES,0.0,0.0
201500005223,22,1,15,16,1,74,239,1,1,1,1,,0.0,0.0
201500005224,13,2,15,8,1,74,280,2,9,1,6,1rUE DE SAULNE,0.0,0.0
201500005225,18,3,15,8,1,74,80,1,1,1,1,,0.0,0.0
201500005226,31,3,15,17,1,74,302,2,1,2,6,CHEF LIEU,0.0,0.0
201500005227,8,4,15,1,3,74,280,1,1,1,6,LIEU DIT LA VACHERIE,0.0,0.0
201500005228,11,4,15,12,1,74,302,1,1,1,7,,0.0,0.0
201500005229,20,6,15,10,1,74,36,1,4,1,5,,0.0,0.0
201500005230,6,8,15,20,1,74,80,2,4,1,3,ROUTE DE PLATTUY,0.0,0.0
201500005231,16,8,15,18,1,74,239,1,1,1,5,,0.0,0.0
201500005232,29,8,15,22,3,74,239,1,1,1,6,,0.0,0.0
201500005233,12,9,15,6,2,74,3,1,1,1,6,,0.0,0.0
201500005234,21,9,15,17,1,74,302,1,1,1,7,,0.0,0.0
201500005235,25,9,15,14,1,74,102,1,1,1,6,ROUTE DU FIER,0.0,0.0
201500005236,8,12,15,11,1,74,280,2,1,7,6,RUE MARGUERITE FRICHELET,0.0,0.0
201500005237,12,12,15,16,1,74,280,2,4,1,1,,0.0,0.0
201500005238,28,12,15,12,1,74,80,2,1,1,3,ROUTE DES CONFINS,0.0,0.0
201500005239,8,2,15,3,5,74,87,2,1,1,6,307 route d'annemasse,0.0,0.0
201500005240,18,3,15,9,1,74,250,1,1,1,6,,0.0,0.0
201500005241,12,7,15,19,1,74,42,2,2,1,3,AVENUE CHARLES DE GAULLE,46.083,6.4
201500005242,28,8,15,18,1,74,42,2,1,1,6,AVENUE DE GENEVE,0.0,0.0
201500005243,1,9,15,23,3,74,87,1,1,2,1,,46.136,6.329
201500005244,5,9,15,8,2,74,212,1,1,1,1,,0.0,0.0
201500005245,8,9,15,18,1,74,42,1,2,1,3,,0.0,0.0
201500005246,21,10,15,15,1,74,42,2,9,1,3,61 RUE DES GREBES HUPPES,0.0,0.0
201500005247,1,12,15,17,2,74,42,2,3,1,6,AVENUE DE PONCHY,0.0,0.0
201500005248,12,12,15,15,1,74,42,2,6,1,6,RUE DU PONT,0.0,0.0
201500005249,5,4,15,23,5,74,56,2,1,1,6,ROUTE DU PLAGNOLET,0.0,0.0
201500005250,30,4,15,14,1,74,56,2,4,1,1,route des gaillants,0.0,0.0
201500005251,14,8,15,10,1,74,56,2,1,1,6,339 ROUTE BLANCHE,0.0,0.0
201500005252,30,9,15,21,5,74,143,2,1,1,6,ROUTE DE L'ECOLE,0.0,0.0
201500005253,27,10,15,14,1,74,56,1,1,1,6,ROUTE DES PRAZ,0.0,0.0
201500005254,8,1,15,21,3,74,236,1,1,9,7,,0.0,0.0
201500005255,3,3,15,12,1,74,173,2,9,1,2,1085 EDMOND ROTHSCHILD,0.0,0.0
201500005256,2,4,15,17,1,74,85,2,1,2,6,Route de saint gervais,0.0,0.0
201500005257,14,4,15,16,1,74,85,1,1,1,2,,0.0,0.0
201500005258,22,4,15,9,1,74,173,2,9,1,6,594 rue Charles Feige,0.0,0.0
201500005259,15,8,15,15,1,74,85,1,1,3,7,ROUTE DE SAINT GERVAIS,0.0,0.0
201500005260,30,8,15,19,1,74,99,2,4,1,7,RD1212,45.872,6.627
201500005261,26,9,15,16,1,74,236,2,1,1,7,viaduc de saint gervais,0.0,0.0
201500005262,17,10,15,19,5,74,83,2,1,1,6,CHEMIN DE LA PROMENADE,0.0,0.0
201500005263,25,12,15,10,1,74,173,1,1,1,6,EDMOND DE ROTHSCHILD,45.0,6.0
201500005264,22,1,15,8,1,74,224,2,9,1,6,330 AV DE LA LIBERATION,0.0,0.0
201500005265,2,7,15,22,2,74,7,1,1,1,2,,0.0,0.0
201500005266,9,9,15,13,1,74,224,2,4,1,3,75 RUE DU COTEAU,0.0,0.0
201500005267,24,10,15,4,5,74,116,1,6,1,7,,0.0,0.0
201500005268,28,7,15,15,1,74,256,1,1,1,7,,0.0,0.0
201500005269,31,10,15,20,3,74,208,1,1,1,2,,0.0,0.0
201500005270,13,11,15,18,5,74,256,2,3,1,3,RUE PIERRE SOLLIARD,0.0,0.0
201500005271,8,2,15,8,1,74,276,1,1,1,5,,0.0,0.0
201500005272,23,2,15,12,1,74,134,2,1,4,1,,0.0,0.0
201500005273,7,4,15,17,1,74,183,2,1,1,3,275 RUE DES ECOLES,0.0,0.0
201500005274,24,5,15,4,3,74,183,2,1,1,6,Sommand,0.0,0.0
201500005275,3,8,15,9,1,74,273,1,1,1,6,SALMOIRY,0.0,0.0
201500005276,11,8,15,10,1,74,276,1,4,1,1,LIEU DIT BLAVALLAZ,0.0,0.0
201500005277,18,8,15,12,1,74,134,1,1,1,1,,0.0,0.0
201500005278,22,8,15,17,1,74,276,1,1,1,5,,0.0,0.0
201500005279,27,8,15,8,1,74,190,2,1,7,6,centre ville,0.0,0.0
201500005280,6,12,15,3,5,74,258,2,1,1,6,Route de Taninges,0.0,0.0
201500005281,20,2,15,8,1,74,44,1,6,1,1,,0.0,0.0
201500005282,11,3,15,17,1,74,31,1,1,1,3,,0.0,0.0
201500005283,25,6,15,15,1,74,31,1,1,1,1,,0.0,0.0
201500005284,5,9,15,15,1,74,216,2,3,1,3,RD18/ALLEE CHARBONNIERE,0.0,0.0
201500005285,28,10,15,7,1,74,201,1,1,1,3,,0.0,0.0
201500005286,8,11,15,4,3,74,201,1,1,1,3,,0.0,0.0
201500005287,9,1,15,0,5,74,262,1,6,1,6,,0.0,0.0
201500005288,12,3,15,8,1,74,40,1,1,1,6,ROUTE DE LOEX,0.0,0.0
201500005289,18,3,15,13,1,74,158,1,1,1,1,,0.0,0.0
201500005290,13,7,15,18,1,74,94,1,9,1,3,,0.0,0.0
201500005291,6,9,15,16,1,74,94,1,1,1,2,,0.0,0.0
201500005292,29,10,15,16,1,74,21,1,3,1,1,,0.0,0.0
201500005293,17,11,15,17,3,74,229,1,1,1,6,,0.0,0.0
201500005294,3,3,15,19,3,74,309,1,1,1,1,,0.0,0.0
201500005295,18,5,15,14,1,74,96,1,1,1,1,,45.0,0.5
201500005296,13,7,15,23,3,74,309,2,1,1,6,1296 ROUTE DE LA COTE,0.0,0.0
201500005297,19,7,15,19,1,74,314,2,3,1,3,ROUTE DE FARAMAZ,0.0,0.0
201500005298,20,9,15,21,3,74,101,1,1,1,7,,0.0,0.0
201500005299,11,12,15,16,1,74,259,1,1,1,1,,0.0,0.0
201500005300,29,3,15,19,3,74,75,1,1,2,3,LIEU DIT SERASSON,0.0,0.0
201500005301,11,4,15,17,1,74,184,1,1,1,6,,0.0,0.0
201500005302,9,5,15,8,1,74,77,2,1,1,1,RD 316,0.0,0.0
201500005303,18,5,15,17,1,74,269,1,1,1,7,,0.0,0.0
201500005304,18,6,15,16,1,74,184,1,1,1,1,,0.0,0.0
201500005305,15,7,15,18,1,74,269,1,1,1,1,,0.0,0.0
201500005306,19,7,15,11,1,74,269,1,1,1,1,,0.0,0.0
201500005307,23,7,15,11,1,74,131,1,1,1,7,LIEU DIT COLLONGES BAS,0.0,0.0
201500005308,25,7,15,1,3,74,184,1,1,3,6,,0.0,0.0
201500005309,10,9,15,16,1,74,29,1,1,1,2,,0.0,0.0
201500005310,4,10,15,20,3,74,77,1,1,1,3,ROUTE DE LA CROISEE,0.0,0.0
201500005311,30,11,15,10,1,74,109,1,1,1,1,,0.0,0.0
201500005312,24,1,15,17,2,74,286,2,1,4,1,LE FONTABY,0.0,0.0
201500005313,11,4,15,13,1,74,1,1,1,1,7,LIEU DIT MELON,0.0,0.0
201500005314,25,7,15,17,1,74,308,1,1,1,1,,0.0,0.0
201500005315,29,8,15,9,1,74,63,1,1,1,1,,0.0,0.0
201500005316,20,11,15,15,1,74,308,1,1,2,1,,0.0,0.0
201500005317,24,2,15,18,3,74,37,1,1,1,6,,0.0,0.0
201500005318,19,4,15,18,1,74,226,1,3,1,3,,0.0,0.0
201500005319,20,4,15,16,1,74,222,1,1,1,7,,0.0,0.0
201500005320,10,5,15,0,3,74,155,2,1,1,6,LA SIAUX,0.0,0.0
201500005321,24,5,15,14,1,74,140,1,1,1,6,LIEU DIT LE VERNAY,0.0,0.0
201500005322,5,9,15,15,1,74,38,2,1,1,3,ROUTE DU GLANDON,0.0,0.0
201500005323,19,11,15,9,1,74,226,1,1,1,1,,0.0,0.0
201500005324,15,4,15,10,1,74,206,2,1,1,7,,0.0,0.0
201500005325,28,11,15,12,1,74,263,1,1,1,1,,0.0,0.0
201500005326,2,1,15,18,3,74,33,1,1,9,1,,0.0,0.0
201500005327,16,10,15,14,1,74,237,1,1,1,6,,0.0,0.0
201500005328,22,12,15,8,1,74,166,1,1,1,1,ROUTE DE THONON,0.0,0.0
201500005329,28,12,15,20,3,74,200,1,1,5,1,,0.0,0.0
201500005330,18,1,15,15,1,63,345,1,1,1,6,,0.0,0.0
201500005331,30,3,15,9,1,63,307,1,1,2,1,,0.0,0.0
201500005332,21,5,15,17,1,63,263,1,1,1,7,,0.0,0.0
201500005333,6,6,15,8,1,63,263,1,1,1,5,,0.0,0.0
201500005334,13,8,15,21,2,63,345,1,1,1,6,,0.0,0.0
201500005335,25,8,15,21,3,63,345,1,1,1,1,,0.0,0.0
201500005336,8,9,15,16,1,63,307,1,1,1,1,,0.0,0.0
201500005337,23,3,15,7,1,63,453,1,1,1,7,,0.0,0.0
201500005338,14,5,15,23,3,63,229,1,1,9,7,,0.0,0.0
201500005339,14,6,15,5,2,63,453,2,1,8,2,avenue  Jacques Duclos,0.0,0.0
201500005340,2,8,15,22,2,63,146,1,1,1,6,,45.721,3.39
201500005341,7,8,15,23,3,63,34,1,1,1,1,,0.0,0.0
201500005342,17,8,15,17,1,63,368,1,1,1,2,,0.0,0.0
201500005343,23,8,15,17,1,63,45,1,1,2,7,,0.0,0.0
201500005344,29,8,15,13,1,63,146,1,1,1,7,,0.0,0.0
201500005345,2,9,15,6,2,63,273,2,1,1,6,avenue de l'allier,45.7277,3.2427
201500005346,20,10,15,17,1,63,368,1,1,1,3,,0.0,0.0
201500005347,27,10,15,7,1,63,239,2,1,1,7,Le Fournet,0.0,0.0
201500005348,3,11,15,10,1,63,146,1,1,8,1,,0.0,0.0
201500005349,5,11,15,7,2,63,34,1,1,1,3,,0.0,0.0
201500005350,7,11,15,22,5,63,453,2,1,1,6,30 avenue Jacques Duclos,0.0,0.0
201500005351,10,11,15,18,2,63,297,1,1,1,2,,0.0,0.0
201500005352,21,11,15,12,1,63,45,1,1,1,3,,0.0,0.0
201500005353,27,12,15,17,3,63,368,2,1,1,3,lieu-dit CONTOURNAT,0.0,0.0
201500005354,31,3,15,21,3,63,192,1,1,1,6,,45.559,2.673
201500005355,24,5,15,17,1,63,192,1,1,1,7,,0.0,0.0
201500005356,25,10,15,12,1,63,397,1,1,1,6,,45.633,2.694
201500005357,8,11,15,15,1,63,279,1,1,7,2,,0.0,0.0
201500005358,6,5,15,7,1,63,417,1,2,1,3,,45.83508,3.0466
201500005359,30,9,15,17,1,63,417,1,1,1,1,,45.833,3.048
201500005360,25,11,15,8,1,63,417,1,1,2,7,,0.0,0.0
201500005361,2,1,15,19,5,63,213,2,2,8,3,route de lussat,45.8374,3.2613
201500005362,28,1,15,12,1,63,284,2,1,1,1,72 avenue besserve,45.79515,3.25834
201500005363,4,3,15,19,3,63,200,1,1,1,3,,0.0,0.0
201500005364,13,4,15,8,1,63,200,1,1,7,2,,0.0,0.0
201500005365,30,5,15,4,3,63,284,2,1,1,7,,45.7897,3.22489
201500005366,14,8,15,18,1,63,204,1,1,8,1,,0.0,0.0
201500005367,12,9,15,12,1,63,200,1,1,3,3,,0.0,0.0
201500005368,17,1,15,15,1,63,274,1,1,1,3,,0.0,0.0
201500005369,3,8,15,5,2,63,399,1,1,1,7,,45.659,2.636
201500005370,25,9,15,11,1,63,451,1,1,1,7,,45.657,2.855
201500005371,27,10,15,20,5,63,257,1,1,1,6,,45.741,2.868
201500005372,25,12,15,10,1,63,71,1,1,1,7,,45.746,2.953
201500005373,3,2,15,15,1,63,282,1,1,1,6,,45.625,3.152
201500005374,13,3,15,19,3,63,396,1,1,2,6,,0.0,0.0
201500005375,3,5,15,1,3,63,214,1,1,3,1,,0.0,0.0
201500005376,9,6,15,10,1,63,214,1,2,1,3,,45.67254,3.20803
201500005377,14,6,15,19,1,63,457,2,2,2,1,,45.66248,3.21145
201500005378,26,6,15,12,1,63,457,2,2,1,3,Chemin Four de Lachaux,45.64063,3.24275
201500005379,4,7,15,23,3,63,26,1,1,1,3,,45.687,2.97
201500005380,27,8,15,14,1,63,280,1,9,1,3,,45.646,3.286
201500005381,22,10,15,19,4,63,26,2,1,2,6,D213 VERNEUGE,45.67251,2.97362
201500005382,10,10,15,21,3,63,455,1,1,1,6,,45.676,3.183
201500005383,2,12,15,7,3,63,227,1,1,1,3,,45.686,3.216
201500005384,5,12,15,6,5,63,227,2,1,1,6,AVENUE DE LA GARE,0.0,0.0
201500005385,22,2,15,16,1,63,3,2,1,1,3,route de chadernolles,45.542,3.75
201500005386,12,3,15,17,1,63,3,1,1,1,6,,45.526,3.757
201500005387,19,3,15,8,1,63,211,1,1,5,5,,0.0,0.0
201500005388,28,4,15,17,1,63,3,1,1,1,2,,45.588,3.734
201500005389,14,6,15,9,1,63,211,1,1,1,6,,45.48,3.764
201500005390,23,7,15,15,1,63,179,1,1,1,1,,45.63734,3.7286
201500005391,16,10,15,10,1,63,10,1,1,8,1,,45.4286,3.72078
201500005392,3,10,15,13,1,63,258,2,1,3,6,La Chapelette,45.68,3.634
201500005393,31,1,15,11,1,63,412,1,1,4,6,,0.0,0.0
201500005394,11,10,15,15,1,63,319,1,1,1,7,,45.574,3.885
201500005395,14,6,15,15,1,63,314,1,1,3,5,,45.589,3.628
201500005396,31,3,15,21,1,63,178,2,2,1,3,Boulevard Albert Buisson,45.54616,3.24895
201500005397,14,4,15,15,1,63,261,1,1,1,1,,0.0,0.0
201500005398,20,7,15,11,1,63,121,2,1,1,2,D797 - ZA Pérache,45.6093,3.2211
201500005399,10,10,15,13,1,63,178,2,3,1,3,avenue kennedy,45.5513,3.25
201500005400,24,11,15,13,1,63,342,2,1,1,7,,45.5512,3.1088
201500005401,6,12,15,13,1,63,178,2,1,1,7,chemin des vigeires,45.54519,3.26877
201500005402,29,5,15,14,1,63,38,1,1,6,7,,0.0,0.0
201500005403,12,7,15,10,1,63,117,1,1,7,1,,0.0,0.0
201500005404,19,7,15,17,1,63,77,1,1,1,2,,0.0,0.0
201500005405,26,8,15,19,1,63,38,2,1,1,1,Rue de la Croix de Combe,45.50945,2.93817
201500005406,4,9,15,15,1,63,383,1,1,1,2,,0.0,0.0
201500005407,1,10,15,16,1,63,77,1,1,1,6,,0.0,0.0
201500005408,18,11,15,13,1,63,144,2,1,1,6,Route de St Genès,0.0,0.0
201500005409,31,12,15,22,3,63,182,1,1,5,6,,45.43,3.335
201500005410,9,1,15,11,1,63,423,1,1,8,1,,0.0,0.0
201500005411,15,2,15,11,1,63,366,1,1,1,7,,0.0,0.0
201500005412,3,5,15,14,1,63,22,2,1,1,6,25 avenue des dunes,45.43804,3.30656
201500005413,19,6,15,13,1,63,415,1,1,1,1,,45.554,3.36
201500005414,4,7,15,10,1,63,50,2,9,1,3,rue des Sarailleres,45.41357,3.32005
201500005415,17,7,15,18,1,63,50,2,6,1,3,Avenue de Charbonnier,45.41466,3.31956
201500005416,7,11,15,10,2,63,367,1,1,1,1,,0.0,0.0
201500005417,11,11,15,15,1,63,444,1,3,1,1,,45.5285,3.3111
201500005418,27,12,15,19,3,63,29,1,1,1,6,,0.0,0.0
201500005419,15,4,15,1,3,63,203,1,1,1,6,,0.0,0.0
201500005420,31,10,15,16,1,63,203,1,1,1,7,,45.8451,3.0449
201500005421,19,2,15,7,2,63,68,1,1,1,3,,45.951,3.159
201500005422,7,6,15,3,5,63,379,2,1,1,6,16 rue des jardins,45.9932,3.13236
201500005423,12,6,15,0,3,63,116,1,6,1,6,,0.0,0.0
201500005424,20,6,15,17,1,63,235,1,1,1,3,,0.0,0.0
201500005425,1,7,15,7,1,63,12,2,1,7,1,,0.0,0.0
201500005426,12,7,15,6,1,63,235,1,1,1,7,lavaur,0.0,0.0
201500005427,14,7,15,18,1,63,432,1,1,1,5,,45.967,3.259
201500005428,11,12,15,23,3,63,13,1,1,1,7,,45.984,3.177
201500005429,18,4,15,0,3,63,148,1,1,1,6,,45.892,3.192
201500005430,24,6,15,19,1,63,295,1,1,7,2,,46.025,3.366
201500005431,11,8,15,11,1,63,89,1,1,1,3,,45.877,3.231
201500005432,20,9,15,10,1,63,295,1,1,1,5,,46.009,3.358
201500005433,1,11,15,2,3,63,443,1,1,1,7,,45.944,3.196