Num_Acc,jour,mois,an,hr,condition_eclairage,departement,commune,condition_agglomeration,intersection,condition_atmosphere,type_collision,adresse,lattitude,longitude
201500005434,29,8,15,12,1,63,339,1,1,1,7,,0.0,0.0
201500005435,18,12,15,22,3,63,238,1,1,1,6,,0.0,0.0
201500005436,30,5,15,18,1,63,338,2,2,1,3,rue du puit du manoir,46.16498,2.8394
201500005437,20,7,15,17,1,63,419,1,1,1,3,,0.0,0.0
201500005438,19,8,15,10,1,63,338,1,1,1,1,RD 2144,0.0,0.0
201500005439,28,10,15,18,5,63,338,2,1,2,6,88 rue des Bayons,46.162,2.8441
201500005440,18,2,15,3,3,63,151,1,1,1,6,,0.0,0.0
201500005441,14,3,15,18,1,63,430,2,1,1,1,22 Avenue Ernest GRANGE,45.86024,3.54083
201500005442,13,4,15,9,1,63,430,2,2,1,5,Av BERANGER/VOLTAIRE,45.85211,3.54157
201500005443,22,4,15,2,3,63,430,1,1,1,7,,45.86651,3.52616
201500005444,12,5,15,19,2,63,430,1,1,1,3,,0.0,0.0
201500005445,18,5,15,13,1,63,430,2,1,1,6,58 rue Zamehoff,45.86199,3.5499
201500005446,4,6,15,8,1,63,267,1,1,1,1,à 30m RD 64,45.90598,3.63342
201500005447,26,6,15,16,1,63,138,1,1,1,1,,0.0,0.0
201500005448,4,7,15,3,5,63,393,2,1,1,6,rue Jean Jaures,45.88458,3.59214
201500005449,14,2,15,12,1,63,131,1,1,1,7,,0.0,0.0
201500005450,9,6,15,23,3,63,469,1,1,1,3,,0.0,0.0
201500005451,5,6,15,13,1,63,195,2,1,1,1,ave du général DE GAULLE,0.0,0.0
201500005452,17,8,15,15,1,63,469,1,1,1,7,,45.791,3.602
201500005453,25,9,15,11,1,63,249,1,1,1,5,,0.0,0.0
201500005454,4,4,15,3,3,63,210,1,1,1,7,,0.0,0.0
201500005455,26,6,15,17,1,63,180,1,1,1,2,,45.865,3.309
201500005456,7,11,15,13,1,63,210,1,2,1,3,,0.0,0.0
201500005457,28,12,15,0,3,63,271,1,1,1,6,,0.0,0.0
201500005458,5,1,15,9,1,30,290,2,1,1,6,2 place Jean Thomas,46.633,3.307
201500005459,22,2,15,17,2,30,15,1,1,4,7,,0.0,0.0
201500005460,24,8,15,16,1,30,121,1,1,6,1,,46.617,3.366
201500005461,6,9,15,13,1,30,229,2,1,1,3,4 rue Jean Moulin,0.0,0.0
201500005462,7,10,15,10,1,30,286,1,1,1,2,,0.0,0.0
201500005463,24,1,15,13,1,30,146,1,1,4,6,,0.0,0.0
201500005464,2,2,15,18,3,30,320,1,1,1,4,,0.0,0.0
201500005465,31,7,15,17,1,30,155,1,1,1,1,,46.773,2.928
201500005466,16,1,15,18,3,30,265,1,1,1,2,,0.0,0.0
201500005467,17,2,15,13,1,30,102,2,9,1,6,,0.0,0.0
201500005468,5,3,15,12,1,30,102,2,2,1,1,CD480/CD779,0.0,0.0
201500005469,20,4,15,7,1,30,102,2,1,1,1,rue de vichy,0.0,0.0
201500005470,1,7,15,12,1,30,300,1,1,1,6,,0.0,0.0
201500005471,24,7,15,6,2,30,265,1,1,1,1,,0.0,0.0
201500005472,25,7,15,8,1,30,177,1,1,1,6,,0.0,0.0
201500005473,9,9,15,21,3,30,300,1,1,1,6,,0.0,0.0
201500005474,30,10,15,11,1,30,102,1,1,1,2,,0.0,0.0
201500005475,14,12,15,13,1,30,102,1,1,1,6,,0.0,0.0
201500005476,17,6,15,19,1,30,156,1,1,1,3,,0.0,0.0
201500005477,2,8,15,17,1,30,283,1,1,1,3,,46.833,3.033
201500005478,28,8,15,20,1,30,74,1,1,1,7,,0.0,0.0
201500005479,24,9,15,15,1,30,25,1,1,1,3,,0.0,0.0
201500005480,17,11,15,16,1,30,74,1,1,1,7,,46.569,3.607
201500005481,7,12,15,19,3,30,119,1,1,1,6,,0.0,0.0
201500005482,13,12,15,11,1,30,120,1,1,1,1,,0.0,0.0
201500005483,18,12,15,18,3,30,283,1,1,1,7,,0.0,0.0
201500005484,14,1,15,17,2,30,254,1,1,1,4,,0.0,0.0
201500005485,3,2,15,19,3,30,319,1,1,1,1,,0.0,0.0
201500005486,3,3,15,6,2,30,148,1,1,1,5,,0.0,0.0
201500005487,18,4,15,2,3,30,227,1,1,2,7,,0.0,0.0
201500005488,11,6,15,17,1,30,254,1,1,2,5,,0.0,0.0
201500005489,9,7,15,17,1,30,254,1,9,1,3,,0.0,0.0
201500005490,30,8,15,4,3,30,83,1,9,1,6,,0.0,0.0
201500005491,24,9,15,8,1,30,53,1,1,1,3,,0.0,0.0
201500005492,28,9,15,7,1,30,134,1,1,1,6,,0.0,0.0
201500005493,27,10,15,11,1,30,254,2,1,1,1,RUE CHAMP FEUILLET,0.0,0.0
201500005494,29,11,15,14,1,30,254,1,2,1,3,,0.0,0.0
201500005495,20,12,15,22,3,30,59,1,1,1,6,,0.0,0.0
201500005496,23,1,15,11,1,30,99,1,1,5,6,,46.375,3.028
201500005497,14,2,15,2,3,30,247,1,1,1,6,,46.598,3.126
201500005498,31,3,15,13,1,30,275,1,1,6,6,,46.517,3.16
201500005499,3,4,15,12,1,30,169,1,1,1,6,,46.406,3.251
201500005500,21,5,15,23,3,30,69,1,1,1,6,,46.462,3.148
201500005501,11,6,15,11,1,30,99,1,1,1,1,,0.0,0.0
201500005502,30,5,15,17,1,30,212,2,1,1,1,9 rue de la Prade,0.0,0.0
201500005503,30,8,15,10,1,30,128,1,1,1,6,,0.0,0.0
201500005504,12,9,15,15,1,30,279,1,1,2,7,,46.267,2.528
201500005505,5,10,15,11,1,30,305,1,1,2,7,,46.381,2.681
201500005506,1,12,15,23,3,30,55,1,1,1,7,,46.427,2.476
201500005507,19,12,15,18,3,30,288,1,1,1,6,,46.369,2.387
201500005508,12,5,15,10,1,30,244,1,2,1,3,,0.0,0.0
201500005509,20,6,15,3,3,30,206,1,1,1,7,,0.0,0.0
201500005510,10,8,15,12,1,30,314,1,1,1,6,,0.0,0.0
201500005511,22,7,15,17,1,30,106,1,1,1,1,,0.0,0.0
201500005512,7,10,15,11,1,30,52,1,1,2,6,,0.0,0.0
201500005513,2,12,15,12,1,30,82,2,1,7,3,intersection RD37 - RD45,0.0,0.0
201500005514,3,1,15,18,5,30,27,2,1,2,6,28 route Nationale,0.0,0.0
201500005515,21,2,15,10,1,30,315,2,1,1,1,01  avenue f?lix Mioche,0.0,0.0
201500005516,25,7,15,3,4,30,315,2,1,1,6,RUE DU 08 MAI 1945,0.0,0.0
201500005517,5,10,15,5,3,30,243,1,1,2,3,,0.0,0.0
201500005518,3,12,15,8,1,30,186,1,1,7,6,,0.0,0.0
201500005519,29,12,15,22,3,30,315,2,1,9,6,rue emile guillaumin,0.0,0.0
201500005520,30,12,15,16,1,30,186,2,1,1,1,32 boulevard de tourret,0.0,0.0
201500005521,7,1,15,19,3,30,273,1,1,3,7,,0.0,0.0
201500005522,8,9,15,17,1,30,110,1,1,1,7,,0.0,0.0
201500005523,11,3,15,12,1,30,182,1,1,1,1,,46.101,3.243
201500005524,11,5,15,15,1,30,22,1,1,1,1,,0.0,0.0
201500005525,30,5,15,10,1,30,268,1,1,1,2,,0.0,0.0
201500005526,23,8,15,15,1,30,182,1,1,1,3,,0.0,0.0
201500005527,5,11,15,10,1,30,107,2,1,7,6,7 rue du pont neuf,0.0,0.0
201500005528,13,4,15,16,1,30,28,2,1,1,1,intersection D907 D173,0.0,0.0
201500005529,30,8,15,22,3,30,17,1,1,1,7,,0.0,0.0
201500005530,11,7,15,18,1,30,138,1,1,1,6,,0.0,0.0
201500005531,5,7,15,16,1,30,71,1,1,1,6,,0.0,0.0
201500005532,17,3,15,15,1,30,8,1,1,1,7,,46.06,3.573
201500005533,13,5,15,14,1,30,165,1,1,1,3,,0.0,0.0
201500005534,24,5,15,15,1,30,165,1,1,1,7,,46.145,3.65
201500005535,25,5,15,16,1,30,165,2,1,2,1,D7,46.081,3.666
201500005536,12,3,15,17,1,30,235,1,1,1,1,,0.0,0.0
201500005537,14,5,15,17,1,30,298,2,1,1,1,94 avenue de chazeuil,0.0,0.0
201500005538,25,5,15,0,5,30,298,2,1,1,7,,46.335,3.389
201500005539,31,7,15,9,1,30,298,2,1,1,6,,46.322,3.396
201500005540,7,10,15,16,1,30,215,1,2,1,3,,0.0,0.0
201500005541,16,2,15,17,1,15,267,1,1,7,5,,44.937,2.341
201500005542,5,4,15,19,1,15,165,2,1,1,6,"RD 7, le bourg",45.026,2.139
201500005543,8,4,15,14,1,15,221,1,1,1,1,,44.89,2.351
201500005544,8,8,15,19,1,15,221,1,1,2,6,,44.887,2.347
201500005545,11,2,15,14,1,15,184,1,1,1,3,,0.0,0.0
201500005546,15,7,15,18,1,15,194,1,1,1,1,,0.0,0.0
201500005547,17,7,15,15,1,15,194,1,1,1,1,,0.0,0.0
201500005548,25,7,15,17,1,15,122,1,1,1,6,,0.0,0.0
201500005549,14,11,15,14,1,15,196,1,1,1,1,,44.863,2.293
201500005550,13,7,15,12,1,15,260,2,1,1,2,CD141,44.652,2.399
201500005551,3,5,15,15,1,15,118,1,1,1,6,,0.0,0.0
201500005552,22,5,15,15,1,15,258,2,1,1,5,19 Avenue Emile Duclaux,0.0,0.0
201500005553,8,7,15,16,1,15,236,1,1,1,3,,0.0,0.0
201500005554,22,10,15,19,5,15,255,2,1,8,1,Route du Carladès,44.897,2.52
201500005555,15,7,15,19,1,15,63,1,1,1,6,,45.155,2.389
201500005556,3,1,15,9,1,15,124,2,1,8,6,le bourg,45.3,2.584
201500005557,4,7,15,11,1,15,40,1,1,1,1,,45.391,2.819
201500005558,24,5,15,11,1,15,202,1,1,1,6,,45.103,2.403
201500005559,28,6,15,11,1,15,219,1,1,1,3,,45.148,2.506
201500005560,17,8,15,16,1,15,219,1,1,1,7,,0.0,0.0
201500005561,29,8,15,15,1,15,66,1,1,1,3,,0.0,0.0
201500005562,7,4,15,15,1,15,250,1,1,1,7,,45.376,2.506
201500005563,24,5,15,16,1,15,38,1,1,1,7,,45.376,2.581
201500005564,19,6,15,17,1,15,265,1,1,1,2,,0.0,0.0
201500005565,3,7,15,21,3,15,38,1,1,1,7,,0.0,0.0
201500005566,8,8,15,17,1,15,19,1,1,2,1,,45.315,2.409
201500005567,23,10,15,20,5,15,37,2,1,1,6,CD15,0.0,0.0
201500005568,8,1,15,9,1,15,188,1,1,5,6,,45.016,3.119
201500005569,19,1,15,18,5,15,187,2,6,2,6,rue marcellin boudet,0.0,0.0
201500005570,20,1,15,15,1,15,195,1,1,1,3,,0.0,0.0
201500005571,6,5,15,12,1,15,187,1,1,7,3,,0.0,0.0
201500005572,9,8,15,21,2,15,231,1,1,8,1,,45.124,3.028
201500005573,16,8,15,8,1,15,187,2,1,1,2,D926,45.036,3.085
201500005574,17,10,15,15,1,15,187,2,1,1,7,15 avenue du cdt Delorme,45.039,3.1
201500005575,2,12,15,8,2,15,187,1,1,5,6,,45.045,3.081
201500005576,4,2,15,11,1,15,127,1,1,8,3,,45.22,3.105
201500005577,29,7,15,11,1,15,69,1,1,7,7,,45.181,3.105
201500005578,13,5,15,15,1,15,213,1,1,1,1,,0.0,0.0
201500005579,23,5,15,16,1,15,1,1,1,1,7,,0.0,0.0
201500005580,28,6,15,19,1,15,61,1,1,1,1,,0.0,0.0
201500005581,18,7,15,16,1,15,25,1,1,1,7,,0.0,0.0
201500005582,26,11,15,15,1,15,155,1,1,4,1,,0.0,0.0
201500005583,12,3,15,13,1,43,154,1,1,1,1,COL DU RAYOL,44.7845,3.88476
201500005584,7,5,15,14,1,43,215,1,1,1,2,FONT CROZE,44.8098,3.88022
201500005585,24,9,15,11,1,43,77,2,1,1,6,RD 49,44.8937,3.84819
201500005586,5,10,15,10,1,43,77,2,1,1,6,RN88/RD49 BOURG,44.8929,3.84896
201500005587,10,10,15,4,5,43,39,1,1,5,6,TRAVERSEE DE BIZAC,44.9453,3.84775
201500005588,25,10,15,11,1,43,39,1,1,1,7,"LIEU-DIT ""LE CHOMEIL""",0.0,0.0
201500005589,20,12,15,17,2,43,42,2,4,8,1,LE BOURG,44.9215,3.80852
201500005590,11,5,15,13,1,43,189,1,1,1,6,X,45.283,3.88371
201500005591,28,8,15,18,1,43,80,2,3,7,1,RD9 RUE ST ROCH,45.33,3.84699
201500005592,16,7,15,15,1,43,150,1,1,1,7,X,0.0,0.0
201500005593,8,8,15,14,1,43,253,1,1,8,6,X,44.9689,4.30024
201500005594,10,8,15,10,1,43,78,1,1,2,6,"LIEU-DIT ""LES BOURGERES""",45.0285,3.94482
201500005595,13,8,15,16,1,43,78,1,1,2,6,"LIEU-DIT ""LES BRUGERES""",45.0289,3.94451
201500005596,19,8,15,16,1,43,115,1,1,1,6,LES ASTIERS,44.9831,4.06013
201500005597,21,8,15,15,1,43,218,1,3,1,3,"LIEU-DIT ""SUMENE""",45.0369,4.04739
201500005598,29,8,15,15,1,43,115,1,1,1,6,"LIEU-DIT ""LES CROUZETS""",44.9605,4.06609
201500005599,4,10,15,8,1,43,253,1,1,7,7,"LIEU-DIT ""LE CROSDO""",0.0,0.0
201500005600,24,11,15,13,1,43,218,1,1,1,6,LA PARAVENT,45.035,4.03239
201500005601,7,12,15,8,1,43,150,1,1,1,6,"LIEU-DIT""LES COMBES""",0.0,0.0
201500005602,8,1,15,20,3,43,152,1,1,8,3,VERS LE PANORAMA,45.0701,3.84836
201500005603,10,1,15,14,1,43,217,1,1,1,6,NOLHAC,0.0,0.0
201500005604,6,4,15,13,1,43,230,1,3,1,6,LE CROS DE LA GARE,45.1477,3.92054
201500005605,2,5,15,9,1,43,61,1,1,1,6,LES ACACIAS,45.0971,3.89823
201500005606,25,7,15,18,1,43,254,1,1,7,1,ROUTE DE NINIROLLES,0.0,0.0
201500005607,30,8,15,0,3,43,122,2,1,1,6,CONNAC,45.1314,3.75282
201500005608,19,9,15,4,5,43,152,2,1,1,6,AVENUE DE MONDON,45.0504,3.87485
201500005609,16,11,15,16,1,43,61,1,1,1,6,VALLEE DE LA LOIRE,45.107,3.89648
201500005610,11,8,15,15,1,43,117,1,1,1,1,PLAINE DES CHIROUZES,45.2496,3.43517
201500005611,9,11,15,17,2,43,40,2,3,7,3,RUE JULES VALLES,0.0,0.0
201500005612,15,12,15,14,1,43,40,2,3,1,3,AVENUE LEON BLUM,0.0,0.0
201500005613,23,4,15,13,1,43,132,1,1,1,1,X,45.1323,3.48395
201500005614,15,8,15,4,3,43,70,1,1,1,7,X,45.1639,3.44374
201500005615,6,12,15,14,1,43,222,1,2,1,3,LA BRIZETTE,45.1963,3.46076
201500005616,17,12,15,12,1,43,234,1,4,1,3,10 RTE DE SAUGUES,44.9661,3.54216
201500005617,15,1,15,14,1,43,99,2,2,7,3,CD 5 ET CD 146,45.3884,3.30438
201500005618,20,2,15,9,1,43,38,2,1,7,6,N102 ARVANT,45.3643,3.3094
201500005619,20,5,15,12,1,43,123,1,1,1,6,VERS AIRE DE LORLANGES,45.3323,3.27045
201500005620,23,5,15,18,1,43,88,1,1,1,3,,45.3039,3.2494
201500005621,12,6,15,21,2,43,16,1,1,1,6,"LIEU-DIT ""LA TAUPE""",45.3872,3.34119
201500005622,25,8,15,17,1,43,258,1,3,1,3,"LIEU DIT ""LA TAUPE""",45.3873,3.34017
201500005623,9,9,15,16,1,43,120,1,1,1,6,X,45.3839,3.27877
201500005624,1,10,15,18,1,43,185,2,3,1,3,RUE DE BELGIQUE,0.0,0.0
201500005625,5,11,15,22,3,43,16,1,4,1,3,VERS LE PONT D'AUZON,45.3888,3.36318
201500005626,16,8,15,0,3,43,7,1,1,1,6,ZA LES VESTIAS,45.0897,4.15941
201500005627,27,9,15,16,1,43,162,1,1,1,6,"LIEU-DIT ""SAINT IGNAC""",45.2312,4.06332
201500005628,20,2,15,0,3,43,127,1,1,1,1,X,45.3355,4.14623
201500005629,28,3,15,17,2,43,249,1,2,8,3,CROIX DE CHAZELET,45.3406,4.03751
201500005630,7,5,15,18,1,43,20,1,3,7,3,LABIEC,45.3271,4.13386
201500005631,13,5,15,18,1,43,211,1,1,1,6,X,0.0,0.0
201500005632,24,5,15,18,1,43,249,1,2,1,3,LE CHAZELET,45.3442,4.03823
201500005633,11,6,15,8,1,43,20,1,1,1,6,"LIEU-DIT ""BASSET""",45.298,4.12315
201500005634,1,8,15,1,5,43,12,1,1,2,1,"LIEU-DIT ""SEMENE""",45.3835,4.22698
201500005635,1,8,15,18,1,43,137,1,1,8,5,VERS PONT DE LIGNON,45.2613,4.15104
201500005636,14,9,15,18,1,43,20,1,1,1,3,RUE DU PRIEURE,0.0,0.0
201500005637,19,9,15,16,1,43,12,1,1,3,1,RUE DE L'INDUSTRIE,0.0,0.0
201500005638,10,11,15,12,1,43,20,1,3,1,1,ACCES LE ROURE,45.3259,4.12932
201500005639,23,3,15,8,1,43,130,1,1,1,7,X,45.0513,4.24751
201500005640,1,2,15,12,1,43,224,1,1,4,3,"LIEU-DIT ""BOUCHEROLLES""",45.2574,4.20259
201500005641,30,5,15,18,1,43,153,2,1,1,6,RUE DE LA MAIRIE,0.0,0.0
201500005642,26,8,15,18,1,43,213,1,2,1,3,"LIEU-DIT ""JOURDY""",45.2418,4.27434
201500005643,28,10,15,19,3,43,184,1,1,2,6,X,45.3669,4.26814
201500005644,4,10,15,12,1,43,227,1,1,1,3,"LIEU-DIT ""LE TREVE""",45.2988,4.31649
201500005645,9,7,15,13,1,43,244,1,1,1,1,"LIEU-DIT ""LES SUCS""",45.1168,4.24653
201500005646,19,7,15,14,1,43,199,1,1,1,7,"LIEU-DIT""LA JEANNE""",45.1317,4.20135
201500005647,16,1,15,9,1,30,185,2,7,2,6,"sans, ESCADRILLE NORMAND",0.0,0.0
201500005648,10,11,15,5,4,30,101,2,3,1,3,"sans, NERUDA ( RUE PABLO",0.0,0.0
201500005649,16,1,15,13,1,30,185,2,3,1,6,"2, FAUBOURG SAINT - PIER",0.0,0.0
201500005650,7,2,15,20,5,30,185,2,2,1,3,"sans, COURTAIS   (DE",0.0,0.0
201500005651,29,10,15,15,1,30,185,2,3,1,6,"sans, PAUL ( RUE MARCE",0.0,0.0
201500005652,16,1,15,17,1,30,185,2,3,1,6,14 JUILLET 1789 ( RUE DU,0.0,0.0
201500005653,17,11,15,13,1,30,185,2,2,1,3,"sans, REPUBLIQUE ( AV. D",0.0,0.0
201500005654,1,4,15,12,1,30,185,2,2,1,3,"sans, NEGRE ( AVENUE JE",0.0,0.0
201500005655,18,1,15,4,3,30,101,1,1,1,1,"sans, CD943",0.0,0.0
201500005656,13,11,15,8,1,30,185,2,1,1,6,"sans, THIVRIER ( RUE CHR",0.0,0.0
201500005657,14,4,15,15,1,30,101,2,3,1,3,"sans, CROIZAT ( AVENUE A",0.0,0.0
201500005658,5,2,15,16,1,30,185,2,1,1,2,"167, DE GAULLE ( AVENUE",0.0,0.0
201500005659,9,12,15,14,1,30,185,2,7,1,6,"6, PIQUAND ( PLACE EDOUA",0.0,0.0
201500005660,22,6,15,8,1,30,185,2,1,1,6,"145, REPUBLIQUE ( AV. DE",0.0,0.0
201500005661,18,12,15,8,1,30,185,2,2,1,6,"2, FAUBOURG SAINT - PIER",0.0,0.0
201500005662,28,6,15,21,1,30,101,1,1,1,1,"sans, FONT - CLAUDE",0.0,0.0
201500005663,2,7,15,2,5,30,185,2,1,1,6,"144, DE GAULLE ( AVENUE",0.0,0.0
201500005664,19,8,15,13,1,30,185,2,4,1,6,"16, SEMARD ( RUE PIERRE",0.0,0.0
201500005665,30,8,15,15,1,30,185,2,1,1,6,"22, CALLAME ( VOIE ANDRE",0.0,0.0
201500005666,15,7,15,17,1,30,101,2,1,1,3,CHATEAUGAY,0.0,0.0
201500005667,7,7,15,17,1,30,211,1,2,1,3,"sans, OUCHES (ROUTE D')",0.0,0.0
201500005668,21,7,15,10,1,30,185,2,3,1,6,rue du 1er mai,0.0,0.0
201500005669,16,11,15,17,2,30,185,2,1,1,4,"sans, PASQUIS ( RUE DE )",0.0,0.0
201500005670,30,10,15,19,5,30,185,2,3,1,3,"sans, NEGRE ( AVENUE JEA",0.0,0.0
201500005671,27,9,15,2,5,30,185,2,1,1,6,"sans, DUCHET ( RUE JACQU",0.0,0.0
201500005672,16,1,15,8,2,30,190,2,1,2,6,"01, LIBERATION (AVENUE D",0.0,0.0
201500005673,3,12,15,13,1,30,190,2,1,1,1,"41, REGEMORTES (RUE)",0.0,0.0
201500005674,8,2,15,6,5,30,190,2,1,1,7,"02, rue M de l'Hospital",0.0,0.0
201500005675,13,5,15,19,1,30,321,1,1,1,5,RN7,0.0,0.0
201500005676,8,6,15,18,1,30,321,2,1,1,6,"110, LYON (ROUTE DE )",0.0,0.0
201500005677,24,6,15,8,1,30,190,2,6,1,1,"77, DECIZE (RUE DE)",0.0,0.0
201500005678,23,9,15,13,1,30,321,2,1,1,3,BRIAND (RUE ARISTIDE),0.0,0.0
201500005679,9,10,15,8,2,30,190,2,6,7,6,ORVILLIERS (AVENUE D'),0.0,0.0
201500005680,6,1,15,17,5,57,593,2,1,5,6,14 rue raymon mondon,49.19891,6.03585
201500005681,29,1,15,5,3,57,17,2,1,1,7,14 route de lorry,0.0,0.0
201500005682,11,2,15,4,5,57,543,1,1,1,5,,0.0,0.0
201500005683,1,4,15,21,5,57,415,2,1,1,6,ROUTE DE METZ-,0.0,0.0
201500005684,30,4,15,23,3,57,415,1,1,3,7,,0.0,0.0
201500005685,16,5,15,19,1,57,134,2,1,1,3,avenue de la libération,0.0,0.0
201500005686,30,6,15,18,1,57,17,1,1,1,1,,0.0,0.0
201500005687,26,7,15,9,1,57,543,1,1,1,1,,0.0,0.0
201500005688,18,8,15,17,1,57,481,1,1,1,3,,0.0,0.0
201500005689,17,8,15,23,5,57,543,1,1,1,2,,0.0,0.0
201500005690,22,8,15,15,1,57,481,1,1,1,3,,0.0,0.0
201500005691,15,10,15,19,3,57,634,1,1,1,7,,0.0,0.0
201500005692,13,7,15,15,1,57,350,1,1,1,3,,0.0,0.0
201500005693,17,7,15,17,1,57,352,1,1,1,2,,49.09692,6.10049
201500005694,20,9,15,8,1,57,350,1,9,1,6,,0.0,0.0
201500005695,19,9,15,17,1,57,153,1,1,8,3,GN 49.041 6.068,49.03803,6.06998
201500005696,14,10,15,18,1,57,39,1,3,1,3,,49.03282,6.12863
201500005697,11,12,15,0,3,57,350,1,1,1,6,,49.05621,6.07397
201500005698,17,1,15,17,5,57,443,2,1,1,6,rue de l'Abani,49.21678,6.11814
201500005699,3,2,15,16,1,57,663,2,1,1,2,D55,0.0,0.0
201500005700,28,3,15,15,1,57,433,2,1,2,2,"40, Grand'rue",49.2108,6.16069
201500005701,22,4,15,17,1,57,645,1,9,1,1,,0.0,0.0
201500005702,14,5,15,19,1,57,433,2,1,3,1,Route d'Hauconcourt,49.21544,6.16089
201500005703,17,5,15,5,5,57,303,2,6,1,1,RD52,49.21781,6.17795
201500005704,30,8,15,0,3,57,433,1,1,1,2,,0.0,0.0
201500005705,10,9,15,10,1,57,433,2,8,1,6,66 grand rue,49.21229,6.16009
201500005706,6,10,15,18,1,57,433,2,1,8,3,60 route de hauconcourt,49.2164,6.16669
201500005707,15,12,15,17,2,57,511,2,1,1,3,Voie romaine,49.174,6.151
201500005708,10,3,15,16,1,57,572,1,1,1,6,,0.0,0.0
201500005709,16,3,15,19,3,57,231,1,1,1,1,,0.0,0.0
201500005710,21,3,15,18,2,57,162,1,1,1,6,,0.0,0.0
201500005711,28,3,15,10,1,57,605,2,1,1,5,58 rue des deux villes,48.93949,6.29943
201500005712,29,6,15,12,1,57,139,1,1,1,6,,49.01312,6.25905
201500005713,14,8,15,14,1,57,652,2,2,1,1,Intersection RD67/RD5,0.0,0.0
201500005714,5,12,15,19,1,57,708,2,1,1,3,rue nationale,49.00304,6.20073
201500005715,20,2,15,19,1,57,575,1,1,1,5,,0.0,0.0
201500005716,30,6,15,8,1,57,193,1,1,1,1,,0.0,0.0
201500005717,8,7,15,22,3,57,43,1,1,1,1,,0.0,0.0
201500005718,25,7,15,12,1,57,43,1,1,1,1,,0.0,0.0
201500005719,7,8,15,17,1,57,200,1,1,7,1,,0.0,0.0
201500005720,23,8,15,14,1,57,694,1,2,1,3,,49.14826,6.24672
201500005721,21,9,15,17,1,57,716,1,1,1,2,GN 49.156 6.288,49.15356,6.26316
201500005722,10,10,15,18,1,57,438,1,1,1,1,,49.179,6.23
201500005723,16,10,15,9,1,57,482,1,2,1,3,,49.11769,6.31923
201500005724,21,1,15,21,3,57,97,1,1,1,5,GN 49.192 6.504,0.0,0.0
201500005725,14,6,15,9,1,57,167,1,1,1,7,,0.0,0.0
201500005726,3,7,15,1,3,57,235,1,1,1,6,GN 49.301 6.469,0.0,0.0
201500005727,9,7,15,9,1,57,610,1,2,1,3,,0.0,0.0
201500005728,2,10,15,17,1,57,695,1,1,1,1,GN 49.112 6.434,0.0,0.0
201500005729,4,11,15,9,1,57,172,1,1,1,1,GN 49.175 6.545,0.0,0.0
201500005730,5,11,15,15,1,57,97,1,1,1,2,,0.0,0.0
201500005731,7,3,15,10,1,57,765,2,1,1,6,rue principale,0.0,0.0
201500005732,10,6,15,8,1,57,160,1,1,1,7,,0.0,0.0
201500005733,13,6,15,19,1,57,550,2,1,1,6,112 rue de Saint-Avold,49.15344,6.66101
201500005734,3,8,15,10,1,57,205,1,1,1,6,,0.0,0.0
201500005735,9,8,15,20,3,57,681,1,1,1,6,,0.0,0.0
201500005736,8,1,15,10,1,57,209,2,1,1,6,Rue de Metz,0.0,0.0
201500005737,11,2,15,17,1,57,276,1,1,1,1,,0.0,0.0
201500005738,8,3,15,18,2,57,319,1,1,1,3,,0.0,0.0
201500005739,28,3,15,22,3,57,190,1,1,8,1,,0.0,0.0
201500005740,21,5,15,11,1,57,209,2,1,1,6,"rue de metz, faulquemont",0.0,0.0
201500005741,10,8,15,18,1,57,159,2,1,1,3,28 rue du siège,49.07659,6.58705
201500005742,4,4,15,16,1,57,18,1,1,2,1,GN 48.834 6.495,0.0,0.0
201500005743,18,5,15,16,1,57,712,1,1,1,1,,0.0,0.0
201500005744,27,6,15,22,3,57,434,1,1,1,6,,0.0,0.0
201500005745,26,7,15,19,1,57,625,1,1,2,7,,0.0,0.0
201500005746,31,8,15,19,1,57,40,1,1,6,6,GN 48.87 6.319,0.0,0.0
201500005747,14,11,15,8,1,57,490,1,1,1,1,GN 48.81 6.549,0.0,0.0
201500005748,10,5,15,16,1,57,494,1,1,1,7,,0.0,0.0
201500005749,10,5,15,6,2,57,270,1,1,1,6,,0.0,0.0
201500005750,19,5,15,1,3,57,11,1,1,1,6,,0.0,0.0
201500005751,3,6,15,9,1,57,71,1,1,1,1,,0.0,0.0
201500005752,2,10,15,21,5,57,255,2,1,1,6,9 rue de Fénétrange,48.79336,7.0015
201500005753,3,11,15,8,1,57,177,2,1,1,1,Avenue du Gl De Gaulle,48.81164,6.7175
201500005754,14,11,15,15,1,57,86,1,1,1,6,,0.0,0.0
201500005755,10,3,15,18,5,57,596,1,1,2,5,,0.0,0.0
201500005756,24,3,15,14,1,57,13,2,9,1,6,2 RUE DES DAHLIAS,49.18474,6.98668
201500005757,26,9,15,4,3,57,665,1,1,1,7,,49.12207,6.93016
201500005758,5,1,15,8,1,57,466,1,1,4,1,,0.0,0.0
201500005759,5,1,15,22,5,57,669,2,1,5,1,19 rue de folkling,0.0,0.0
201500005760,12,1,15,18,5,57,316,2,1,1,6,1 rue de la paix,49.09654,6.85363
201500005761,12,1,15,12,1,57,207,2,1,1,6,rue du stade,0.0,0.0
201500005762,23,1,15,20,3,57,644,2,1,8,6,,0.0,0.0
201500005763,27,1,15,4,3,57,207,1,1,9,7,,0.0,0.0