Num_Acc,jour,mois,an,hr,condition_eclairage,departement,commune,condition_agglomeration,intersection,condition_atmosphere,type_collision,adresse,lattitude,longitude
201500005764,10,3,15,11,1,57,207,2,1,1,1,11 grand'rue,49.11695,6.86951
201500005765,16,4,15,0,5,57,669,1,6,1,6,,0.0,0.0
201500005766,15,4,15,13,1,57,337,1,1,1,1,,0.0,0.0
201500005767,16,4,15,16,1,57,207,2,3,1,3,38 rue de tenteling,49.15095,6.92441
201500005768,22,5,15,15,1,57,207,2,1,1,6,,0.0,0.0
201500005769,22,5,15,19,1,57,144,2,1,1,1,rue nationale,0.0,0.0
201500005770,14,10,15,14,1,57,466,1,1,8,7,,0.0,0.0
201500005771,24,11,15,17,3,57,316,1,1,4,1,,0.0,0.0
201500005772,21,5,15,16,1,57,115,1,1,1,3,,0.0,0.0
201500005773,3,6,15,16,1,57,560,2,1,1,6,rue des noisetiers,0.0,0.0
201500005774,9,7,15,22,3,57,409,1,1,1,7,,0.0,0.0
201500005775,5,1,15,15,1,57,302,1,1,8,1,,0.0,0.0
201500005776,16,5,15,1,5,57,3,2,1,2,6,RUE DU GENERAL LECLERC,0.0,0.0
201500005777,4,6,15,12,1,57,763,1,1,7,7,,0.0,0.0
201500005778,28,12,15,5,3,57,468,1,6,1,7,,0.0,0.0
201500005779,2,2,15,18,5,57,589,2,1,1,6,4 rue de strasbourg,0.0,0.0
201500005780,1,5,15,18,1,57,260,2,6,1,3,Avenue Marchande,0.0,0.0
201500005781,19,5,15,10,1,57,408,1,1,1,5,,49.15532,6.98281
201500005782,4,7,15,21,1,57,631,1,1,1,2,,0.0,0.0
201500005783,27,9,15,1,5,57,633,1,1,1,3,,0.0,0.0
201500005784,31,5,15,11,1,57,103,1,1,1,2,,0.0,0.0
201500005785,29,9,15,15,1,57,188,1,1,1,3,GN 49.008 7.506,0.0,0.0
201500005786,17,11,15,23,3,57,658,2,1,1,6,Rue de la Vallée,0.0,0.0
201500005787,15,4,15,11,1,57,206,2,1,1,3,"3, Rue de la Centrale",0.0,0.0
201500005788,19,4,15,21,5,57,206,2,1,1,3,Z.I de la FELTIERE,0.0,0.0
201500005789,9,8,15,17,1,57,724,1,1,1,7,,0.0,0.0
201500005790,14,11,15,17,2,57,206,1,1,1,1,,0.0,0.0
201500005791,18,4,15,8,1,57,179,1,1,7,7,GN 49.343 6.278,0.0,0.0
201500005792,29,4,15,14,1,57,464,1,1,1,3,,0.0,0.0
201500005793,6,7,15,17,1,57,67,1,1,1,1,GN 49.309 6.172,0.0,0.0
201500005794,20,8,15,17,1,57,331,1,1,1,6,,0.0,0.0
201500005795,23,8,15,11,1,57,359,1,1,1,7,,0.0,0.0
201500005796,8,9,15,17,1,57,287,1,1,1,2,,0.0,0.0
201500005797,12,9,15,10,1,57,179,2,1,1,1,carrefour D61 D56,49.33484,6.26901
201500005798,5,10,15,17,1,57,359,1,1,1,7,,0.0,0.0
201500005799,9,12,15,19,5,57,370,2,1,1,1,16 rue de Sierck,49.3999,6.28881
201500005800,9,4,15,9,1,57,474,2,9,7,6,362 rue de Metz,49.25965,6.16992
201500005801,4,7,15,17,1,57,582,1,4,1,3,,49.29204,6.16756
201500005802,22,8,15,21,3,57,582,1,1,1,6,,0.0,0.0
201500005803,8,9,15,10,1,57,474,2,1,1,6,356 rue de Metz,49.25925,6.16987
201500005804,1,10,15,8,1,57,474,2,1,7,6,Rue du docteur Marchal,0.0,0.0
201500005805,4,2,15,8,1,54,320,1,1,9,6,,48.88206,6.09229
201500005806,11,10,15,4,5,54,424,2,1,1,7,1 Grande rue,0.0,0.0
201500005807,5,12,15,12,1,54,276,1,1,1,7,,0.0,0.0
201500005808,18,12,15,7,2,54,188,1,1,1,1,,0.0,0.0
201500005809,30,1,15,11,1,54,113,1,1,4,3,,48.74128,6.32904
201500005810,8,5,15,15,1,54,462,2,1,1,6,Grand Bois de Xarthe,48.59789,6.35478
201500005811,9,7,15,17,1,54,311,2,1,1,1,route d'art sur meurthe,48.66353,6.30306
201500005812,19,7,15,11,1,54,301,1,1,1,3,,48.80275,6.31313
201500005813,17,8,15,4,3,54,296,1,1,1,6,,48.723,6.275
201500005814,17,8,15,19,1,54,89,1,1,1,7,,48.757,6.259
201500005815,21,8,15,1,3,54,358,1,1,1,6,,48.757,6.253
201500005816,23,10,15,2,3,54,296,1,1,1,6,,48.733,6.305
201500005817,13,12,15,2,3,54,250,1,1,1,7,,48.657,6.35
201500005818,28,12,15,8,2,54,462,2,9,5,6,16 rue gambetta,48.595,6.333
201500005819,20,2,15,16,1,54,430,2,1,1,3,rue leonard de vinci,48.77698,6.13405
201500005820,1,7,15,22,5,54,430,2,1,1,3,88 avenue  DE GAULLE,48.77399,6.13037
201500005821,9,7,15,14,1,54,150,1,1,1,6,,48.81321,6.16789
201500005822,16,7,15,6,1,54,215,1,1,1,2,,48.75675,6.13872
201500005823,14,8,15,11,1,54,150,2,6,1,6,place de la libération,48.79005,6.14293
201500005824,3,9,15,18,1,54,430,2,1,1,3,136 bd de finlande,48.762,6.164
201500005825,4,10,15,13,1,54,150,2,9,1,1,marechal de lattre de ta,0.0,0.0
201500005826,7,10,15,2,5,54,351,1,1,2,7,,48.793,6.18
201500005827,14,10,15,0,5,54,215,2,1,2,3,rue de metz,0.0,0.0
201500005828,25,10,15,8,2,54,215,2,1,1,3,RUE DE METZ,0.0,0.0
201500005829,5,11,15,19,3,54,115,1,1,1,3,,48.742,6.15585
201500005830,23,11,15,16,1,54,115,2,1,1,6,1 rue de l ecole,48.73243,6.16709
201500005831,9,3,15,14,1,54,196,1,2,1,3,,48.924,6.314
201500005832,22,3,15,18,1,54,123,2,1,1,3,rue de nancy,48.6279,6.1229
201500005833,6,4,15,16,1,54,111,2,2,1,3,Rue Edmond PINTIER,48.6169,6.09098
201500005834,1,5,15,19,1,54,397,2,1,2,6,68 T rue Jean Jaures,48.61978,6.10565
201500005835,20,6,15,12,1,54,196,1,1,1,3,,48.553,6.187
201500005836,2,8,15,16,1,54,336,1,1,1,5,,48.57779,6.06091
201500005837,18,9,15,16,1,54,437,1,1,1,1,,48.916,6.211
201500005838,29,9,15,8,1,54,366,2,1,1,3,RD115,48.022,6.204
201500005839,17,11,15,14,1,54,397,2,1,1,3,Rue Jean Jaures,48.62335,6.1114
201500005840,23,11,15,6,2,54,142,1,1,9,1,,48.459,6.242
201500005841,24,11,15,13,1,54,397,1,1,1,1,,48.62,6.087
201500005842,19,8,15,11,1,54,275,1,1,1,6,,48.97843,5.89059
201500005843,4,1,15,17,3,54,513,1,3,1,3,,48.47109,6.11465
201500005844,14,8,15,15,1,54,434,1,3,1,3,,48.444,6.125
201500005845,27,9,15,17,1,54,109,1,1,1,3,,48.52,6.157
201500005846,5,1,15,7,1,30,310,2,1,1,6,"0, GARE (PLACE DE LA)",0.0,0.0
201500005847,16,3,15,12,1,30,23,2,1,1,3,"157, AUBERGER (AVENUE FE",0.0,0.0
201500005848,10,1,15,18,5,30,310,2,3,1,3,GRAMONT (AVENUE DE),0.0,0.0
201500005849,27,3,15,11,1,30,310,2,1,1,6,"0, TASSIGNY (BOULEVARD M",0.0,0.0
201500005850,28,3,15,12,1,30,95,2,3,1,3,"0, BICENTENAIRE (BOULEVA",0.0,0.0
201500005851,16,1,15,18,5,30,310,2,4,2,3,GRAMONT (AVENUE DE),0.0,0.0
201500005852,22,1,15,16,1,30,310,2,3,1,6,"100, JAURES (RUE JEAN)",0.0,0.0
201500005853,8,4,15,9,1,30,310,1,2,1,3,"0, LYON (AVENUE DE)",0.0,0.0
201500005854,22,1,15,18,5,30,23,2,3,1,3,"0, VICHY (AVENUE DE)",0.0,0.0
201500005855,9,4,15,7,1,30,310,2,3,1,3,"52, BARTINS (RUE DES)",0.0,0.0
201500005856,30,1,15,22,5,30,95,1,2,8,2,"165, CHARMEIL (ROUTE DE)",0.0,0.0
201500005857,14,4,15,14,1,30,95,2,6,1,7,"0, PEUPLIERS (RUE DES)",0.0,0.0
201500005858,5,2,15,4,5,30,23,2,1,1,6,"60, DE GAULLE (AVENUE DU",0.0,0.0
201500005859,15,4,15,6,5,30,23,1,1,1,6,"11, CHARMEIL (ROUTE DE)",0.0,0.0
201500005860,15,2,15,5,4,30,23,1,1,8,6,GANNAT (ROUTE DE),0.0,0.0
201500005861,16,4,15,10,1,30,95,1,1,1,6,RD 906B,0.0,0.0
201500005862,15,2,15,13,1,30,23,2,6,1,6,"0, DE GAULLE (AVENUE DU",0.0,0.0
201500005863,21,2,15,23,5,30,310,2,6,8,6,"0, TASSIGNY (BOULEVARD M",0.0,0.0
201500005864,8,5,15,13,1,30,95,2,1,1,1,"0, VICHY (AVENUE DE",0.0,0.0
201500005865,6,3,15,13,1,30,95,1,3,1,6,"0, CHASSIGNOL (ROUTE DE)",0.0,0.0
201500005866,11,5,15,14,1,30,95,2,7,1,6,", TRACY (COUR)",0.0,0.0
201500005867,11,3,15,20,5,30,310,2,1,1,6,"0, DOUMER (AVENUE DU PRE",0.0,0.0
201500005868,22,5,15,13,1,30,310,2,2,1,3,MUTUALITE (BOULEVARD,0.0,0.0
201500005869,14,3,15,23,5,30,310,2,2,1,6,"20, GRAVES (BOULEVARD DE",0.0,0.0
201500005870,29,5,15,8,1,30,95,1,1,1,2,"89, PARIS (ROUTE DE)",0.0,0.0
201500005871,30,5,15,17,1,30,310,2,3,1,6,"0, DOUMER (AVENUE DU PRE",0.0,0.0
201500005872,3,6,15,17,1,30,310,2,6,1,2,"0, SCHUMAN (ROND POINT R",0.0,0.0
201500005873,7,6,15,19,1,30,310,2,2,1,3,"0, BINTOT (RUE)",0.0,0.0
201500005874,8,6,15,7,1,30,310,2,3,1,3,"0, THERMALE PROLONGEE (A",0.0,0.0
201500005875,17,6,15,11,1,30,310,2,3,1,6,"0, DOUMER (AVENUE DU PRE",0.0,0.0
201500005876,30,6,15,19,1,30,23,1,3,1,3,EUROPE (AVENUE DE L'),46.1412,3.40623
201500005877,30,6,15,22,2,30,95,2,2,1,3,"0, DARCIN (RUE DE)",46.13567,3.44623
201500005878,9,7,15,19,1,30,310,2,1,1,6,"0, LUCAS (RUE)",46.12624,3.42186
201500005879,16,7,15,12,1,30,310,2,3,1,6,"0, CELESTINS (AVENUE DES",46.12458,3.42975
201500005880,29,7,15,11,1,30,310,2,1,2,1,"44, VICTORIA (AVENUE)",46.12808,3.42482
201500005881,10,8,15,5,5,30,310,2,1,1,6,"97, CHARLOT (RUE)",46.13215,3.42338
201500005882,14,8,15,10,1,30,310,2,3,1,3,"0, TASSIGNY (BOULEVARD M",0.0,0.0
201500005883,4,9,15,15,1,30,310,2,2,1,3,"0, BEL AIR (RUE DU)",46.13521,3.41813
201500005884,8,9,15,11,1,30,95,2,1,1,1,"0, EUROPE (AVENUE DE L')",0.0,0.0
201500005885,10,9,15,16,1,30,310,2,3,1,3,"0, JOFFRE (RUE DU MARECH",46.12259,3.42787
201500005886,15,9,15,22,5,30,310,2,2,2,6,"0, VOLTAIRE (RUE)",46.12349,3.43117
201500005887,18,9,15,15,1,30,95,2,1,1,3,"6, ANJOU (RUE D')",0.0,0.0
201500005888,6,10,15,18,1,30,95,2,3,8,3,CHARMEIL (ROUTE DE),46.14097,3.44475
201500005889,9,10,15,9,1,30,310,2,3,1,6,PONCET (AVENUE),46.13223,3.42339
201500005890,10,10,15,16,1,30,310,1,2,1,7,"0, ETATS-UNIS (BOULEVARD",46.12343,3.41757
201500005891,15,10,15,13,1,30,310,2,1,1,6,"0, TASSIGNY (BOULEVARD M",0.0,0.0
201500005892,27,10,15,17,2,30,310,2,1,2,2,AILES (ALLEE DES),46.14172,3.41659
201500005893,3,11,15,7,1,30,310,2,1,2,6,"49, GRAMONT (AVENUE DE)",46.12984,3.43224
201500005894,8,11,15,14,1,30,1,2,1,1,1,"0, LIBERTE (RUE DE LA)",46.09844,3.44331
201500005895,4,11,15,18,2,30,310,2,3,1,6,"53, GAMBETTA (BOULEVARD)",46.12813,3.42774
201500005896,18,11,15,16,1,30,310,2,2,1,3,"0, BARTINS (RUE DES)",46.13649,3.43123
201500005897,28,11,15,21,5,30,310,2,1,1,6,"14, THIERS (RUE DE)",46.1187,3.43546
201500005898,11,12,15,17,3,30,23,2,1,1,1,"0, BURLOT (RUE JEAN-BAPT",46.11639,3.40395
201500005899,4,12,15,18,5,30,23,2,1,1,6,AUBERGER (AVENUE FERNAND,46.11466,3.4118
201500005900,14,12,15,11,1,30,310,2,3,1,6,"0, MUTUALITE (BOULEVARD",0.0,0.0
201500005901,24,12,15,2,5,30,95,2,1,1,6,"13, MARCHE AU BLE (RUE D",46.13207,3.4549
201500005902,22,12,15,18,5,30,310,2,1,1,6,"35, CELESTINS (AVENUE DE",46.1223,3.42768
201500005903,26,12,15,11,1,30,95,2,1,1,5,"0, BICENTENAIRE (BOULEVA",46.14134,3.44883
201500005904,22,1,15,7,2,54,413,1,1,1,7,,49.22083,5.83264
201500005905,20,3,15,17,1,54,249,1,1,1,1,,49.09377,5.84611
201500005906,2,4,15,17,1,54,353,1,1,1,6,,49.10413,5.87709
201500005907,16,4,15,23,3,54,82,1,1,1,1,,49.16272,5.82273
201500005908,27,6,15,18,1,54,93,2,1,1,7,2 Rue de la chapelle,49.124,5.815
201500005909,4,7,15,22,1,54,171,1,1,1,7,,49.15214,5.94252
201500005910,9,7,15,10,1,54,478,1,2,1,3,rd13A/Le Chateau,49.12264,5.97866
201500005911,20,7,15,19,1,54,477,1,1,1,3,,49.02175,5.91232
201500005912,23,8,15,14,1,54,171,1,1,2,7,,49.151,5.919
201500005913,23,12,15,18,3,54,581,1,1,1,6,,49.117,5.883
201500005914,19,2,15,13,1,54,96,1,1,1,7,,49.435,5.871
201500005915,23,4,15,18,1,54,533,2,1,1,3,43 rue marx raty,49.32531,5.92584
201500005916,17,5,15,18,1,54,598,1,3,1,3,,49.35228,5.76643
201500005917,30,5,15,17,1,54,69,1,1,1,1,,49.376,5.907
201500005918,21,9,15,10,1,54,425,2,1,1,6,08/05/1945,49.528,5.306
201500005919,15,5,15,8,1,54,269,1,9,1,1,,48.61309,6.3713
201500005920,4,6,15,17,1,54,125,1,8,1,3,,0.0,0.0
201500005921,18,12,15,12,1,54,83,1,1,1,6,,0.0,0.0
201500005922,24,12,15,14,1,54,83,1,1,1,6,,0.0,0.0
201500005923,5,9,15,16,1,54,393,1,1,1,7,,48.493,6.586
201500005924,12,2,15,8,1,54,222,1,1,5,6,,48.504,6.502
201500005925,27,3,15,20,5,54,76,2,1,1,7,30 avenue pierre semard,48.5562,6.398
201500005926,4,5,15,13,1,54,222,1,1,1,1,,48.51915,6.47869
201500005927,20,8,15,20,2,54,595,1,1,1,3,,48.53509,6.46122
201500005928,26,9,15,0,5,54,152,2,1,1,7,25 Rue du Mchal Leclerc,48.559,6.387
201500005929,24,11,15,17,3,54,152,2,1,2,6,ROUTE DE BLAINVILLE,48.567,6.367
201500005930,13,12,15,13,1,54,565,1,1,1,7,,48.559,6.324
201500005931,29,12,15,7,3,54,565,1,9,1,1,,48.577,6.353
201500005932,5,4,15,10,1,54,40,2,1,1,6,Rue Marechal foch,48.4975,6.89692
201500005933,9,5,15,7,1,54,129,1,1,1,6,,48.583,6.981
201500005934,7,9,15,16,1,54,406,1,1,1,6,,48.543,6.724
201500005935,5,11,15,20,3,54,230,1,1,1,6,,48.60635,6.85592
201500005936,21,11,15,1,3,54,39,1,1,8,7,,48.45148,6.73221
201500005937,5,2,15,7,3,54,135,1,1,9,6,,48.511,5.883
201500005938,3,4,15,16,1,54,46,1,1,2,6,,48.53163,5.86653
201500005939,14,6,15,20,1,54,223,1,4,1,3,,48.55429,5.99926
201500005940,30,6,15,12,1,54,232,1,1,1,3,,48.68918,5.99257
201500005941,28,6,15,0,3,54,414,1,1,1,6,,0.0,0.0
201500005942,2,8,15,21,3,54,494,1,1,1,6,,48.477,5.936
201500005943,16,8,15,23,5,54,73,2,1,1,6,rue Nicolas Chenin,48.62631,5.91316
201500005944,11,9,15,19,1,54,105,1,1,1,6,,48.557,5.851
201500005945,14,9,15,13,1,54,80,1,1,3,6,,48.601,5.842
201500005946,15,11,15,6,3,54,405,1,1,1,1,,48.559,5.952
201500005947,12,12,15,14,1,54,242,2,1,1,6,ROUTE DE L'EGLISE,48.176,5.601
201500005948,20,1,15,18,3,54,466,1,1,1,4,,48.7817,5.86173
201500005949,24,2,15,16,1,54,208,1,1,1,7,,0.0,0.0
201500005950,13,3,15,18,1,54,584,1,1,1,6,,0.0,0.0
201500005951,22,3,15,21,2,54,584,1,2,1,1,,48.74558,5.9473
201500005952,27,3,15,7,1,54,490,1,1,1,2,,48.79181,6.03809
201500005953,10,4,15,16,1,54,490,1,1,1,3,,48.80509,6.02918
201500005954,10,5,15,12,1,54,225,2,1,1,3,R.petite suisse Lorraine,48.8339,6.01361
201500005955,31,5,15,2,3,54,7,1,1,1,6,,48.74227,6.04996
201500005956,7,8,15,17,1,54,584,1,1,1,6,,48.71282,5.96491
201500005957,19,8,15,13,1,54,340,1,1,1,5,,48.8918,5.96191
201500005958,15,12,15,18,3,54,557,1,1,2,3,,48.701,6.053
201500005959,7,2,15,16,1,55,378,1,1,1,6,,0.0,0.0
201500005960,15,4,15,20,1,55,178,1,1,1,6,,0.0,0.0
201500005961,16,4,15,17,1,55,177,1,2,1,3,,0.0,0.0
201500005962,4,5,15,19,1,55,427,1,1,1,7,,0.0,0.0
201500005963,14,7,15,13,1,55,101,1,1,1,6,,0.0,0.0
201500005964,9,10,15,15,1,55,366,1,1,1,1,,0.0,0.0
201500005965,21,12,15,16,1,55,11,2,1,7,6,40 grande rue,0.0,0.0
201500005966,10,2,15,22,3,55,326,1,1,1,6,,0.0,0.0
201500005967,1,2,15,12,1,55,315,1,1,4,6,,0.0,0.0
201500005968,4,3,15,10,1,55,519,2,3,1,1,rue de la gare,48.721,5.28653
201500005969,26,5,15,21,2,55,470,1,1,1,7,,0.0,0.0
201500005970,20,7,15,18,1,55,10,2,1,1,3,1 rue Paquet,0.0,0.0
201500005971,6,9,15,18,1,55,296,1,1,1,6,,0.0,0.0
201500005972,18,9,15,19,1,55,61,2,1,1,1,24 rue de Ménil,0.0,0.0
201500005973,18,10,15,18,1,55,335,1,1,1,1,,0.0,0.0
201500005974,21,10,15,6,3,55,466,1,1,1,7,,0.0,0.0
201500005975,7,11,15,10,1,55,221,2,1,1,6,47/49 rue L. bompard,0.0,0.0
201500005976,5,4,15,17,1,55,184,1,1,1,6,,0.0,0.0
201500005977,10,4,15,18,1,55,288,2,6,1,7,rue nationale,0.0,0.0
201500005978,21,4,15,16,1,55,122,2,1,7,6,PLACE CHARLES DE GAULLE,0.0,0.0
201500005979,5,12,15,21,3,55,553,1,1,1,7,,48.771,5.6
201500005980,9,12,15,17,5,55,122,2,1,1,6,rue grosdidier,0.0,0.0
201500005981,25,12,15,10,1,55,122,2,1,7,6,avenue des tilleuls,0.0,0.0
201500005982,17,6,15,5,1,55,312,1,1,1,1,,48.92671,5.52421
201500005983,19,8,15,14,1,55,159,1,1,1,6,,48.942,5.493
201500005984,25,12,15,23,3,55,463,1,1,1,7,,48.901,5.448
201500005985,6,2,15,3,3,55,533,1,1,4,7,,0.0,0.0
201500005986,26,4,15,3,3,55,59,1,1,1,6,,0.0,0.0
201500005987,1,9,15,22,1,55,573,1,1,3,1,,48.685,5.624
201500005988,9,10,15,14,1,55,472,1,1,1,1,,0.0,0.0
201500005989,27,4,15,6,2,55,351,2,1,1,1,RD 643 lieu dit TIVOLI,0.0,0.0
201500005990,15,9,15,13,1,55,351,1,1,2,3,,0.0,0.0
201500005991,16,1,15,17,5,55,347,2,1,2,6,16 rue de Verdun,0.0,0.0
201500005992,18,3,15,18,2,55,73,1,1,1,5,,0.0,0.0
201500005993,23,6,15,17,1,55,154,1,1,1,1,,49.092,5.421
201500005994,30,6,15,17,1,55,537,1,2,1,3,,49.213,5.487
201500005995,7,1,15,11,1,55,117,2,1,8,6,11 ROUTE DE VARENNES,0.0,0.0
201500005996,10,1,15,18,3,55,346,2,1,2,6,rue d'Argonne,0.0,0.0
201500005997,12,5,15,14,1,55,65,1,1,1,6,,0.0,0.0
201500005998,13,4,15,14,1,55,181,2,1,1,6,Rue Nouvelle,49.0,5.0
201500005999,14,4,15,14,1,55,461,2,1,1,6,Rue de la chaussée,0.0,0.0
201500006000,16,4,15,15,1,55,515,1,1,1,6,,0.0,0.0
201500006001,6,5,15,17,1,55,244,1,1,3,6,,49.18109,5.60916
201500006002,19,7,15,20,1,55,317,2,1,1,6,Chemin du Gué,49.1124,5.59706
201500006003,11,9,15,6,2,55,2,2,1,1,5,route nationale,0.0,0.0
201500006004,28,12,15,8,2,55,198,1,1,5,6,,0.0,0.0
201500006005,30,1,15,18,3,88,388,1,1,4,3,,48.13135,6.37786
201500006006,25,3,15,11,1,88,178,1,1,8,6,,48.17598,6.40937
201500006007,6,5,15,8,1,88,134,1,1,1,1,,48.14149,6.4831
201500006008,12,6,15,16,1,88,134,2,1,1,6,475 rue de la papeterie,48.13699,6.47288
201500006009,23,12,15,16,2,88,136,1,1,8,5,,48.2281,6.45426
201500006010,10,6,15,10,1,88,78,2,1,1,6,1 rue gambetta,48.20872,6.72158
201500006011,18,6,15,15,1,88,91,1,1,1,6,,48.17934,6.59294
201500006012,7,11,15,14,1,88,78,1,1,7,3,,48.20199,6.72191
201500006013,10,1,15,11,1,88,513,1,3,2,3,,48.35048,6.31824
201500006014,20,1,15,21,5,88,513,1,1,1,7,,48.33463,6.32539
201500006015,10,6,15,18,1,88,70,2,3,1,3,Grande rue,48.33446,6.2331
201500006016,20,9,15,18,1,88,90,1,3,1,1,,48.36809,6.27523
201500006017,26,9,15,15,1,88,90,1,1,1,6,,48.36463,6.29001
201500006018,28,9,15,18,2,88,513,1,2,1,3,,48.35051,6.31855
201500006019,29,9,15,16,1,88,513,1,2,1,3,,48.35051,6.31855
201500006020,2,11,15,15,1,88,327,1,1,1,2,,48.32254,6.36168
201500006021,12,11,15,14,1,88,90,2,1,1,6,,48.37224,6.29285
201500006022,16,4,15,15,1,88,61,1,1,1,6,,48.07961,5.94462
201500006023,2,5,15,18,1,88,421,1,1,2,6,,48.00629,5.30147
201500006024,7,7,15,14,1,88,162,1,1,1,3,,48.16322,6.05458
201500006025,28,8,15,16,1,88,310,2,9,2,6,Chemin de la Courtine,48.0307,5.98037
201500006026,17,10,15,16,1,88,475,1,1,1,6,,48.09377,5.74491
201500006027,9,11,15,5,3,88,124,1,1,1,6,,48.06729,6.08322
201500006028,28,2,15,23,3,88,410,1,1,8,6,,48.38173,6.78538
201500006029,7,6,15,18,1,88,77,1,1,1,2,,48.35126,6.708
201500006030,21,7,15,14,1,88,395,1,1,1,1,,48.35619,6.89308
201500006031,30,8,15,18,1,88,251,1,1,1,3,50 Rue de la Colline des,48.32491,6.72674
201500006032,13,10,15,12,1,88,8,1,1,1,1,,48.37583,6.67783
201500006033,13,1,15,15,1,88,327,2,1,1,6,38  rue de l'Eglise,48.30688,6.38354
201500006034,24,1,15,22,3,88,454,1,1,1,1,,48.2642,6.54797
201500006035,31,1,15,7,2,88,465,2,1,4,7,cd 46,48.25736,6.53396
201500006036,14,2,15,19,5,88,454,2,1,2,1,RD46,48.25718,6.53392
201500006037,21,2,15,19,5,88,94,2,1,8,7,19 avenue leon  Lejeau,48.31995,6.4024
201500006038,28,2,15,4,3,88,327,1,1,1,6,,48.29404,6.37707
201500006039,28,3,15,7,1,88,327,1,1,1,6,,48.32322,6.36021
201500006040,23,4,15,22,3,88,204,1,1,1,6,,48.24257,6.44582
201500006041,1,5,15,20,3,88,327,1,1,2,1,Face Z.I. Innothéra,48.3169,6.36889
201500006042,24,5,15,16,1,88,465,2,6,1,7,rue lorraine,48.26213,6.40812
201500006043,31,7,15,18,1,88,497,1,1,1,6,,48.29569,6.41561
201500006044,2,8,15,13,1,88,247,2,1,7,3,16 rue Marie Jules,48.27384,6.39318
201500006045,7,9,15,17,1,88,40,1,1,1,7,,48.26208,6.47634
201500006046,14,10,15,20,5,88,200,2,2,1,3,route de mazeley,48.23149,6.33796
201500006047,23,11,15,1,3,88,379,1,1,1,6,,48.35008,6.5035
201500006048,24,12,15,19,1,88,313,1,1,1,1,,48.33472,6.41966
201500006049,22,1,15,20,5,88,225,2,1,2,1,444 routes d'arches,48.09826,6.49576
201500006050,6,9,15,7,2,88,134,2,1,1,6,,48.14232,6.47225
201500006051,6,9,15,5,2,88,530,1,1,1,6,,48.04177,6.41286
201500006052,6,12,15,2,3,88,225,1,1,1,6,,48.0679,6.48383
201500006053,31,12,15,5,3,88,530,1,1,8,6,,48.0515,6.37644
201500006054,18,3,15,14,1,88,321,2,7,1,6,PLACE ALBERT VOILQUIN,48.35688,5.6921
201500006055,8,4,15,18,1,88,460,2,3,7,3,rue du moulin,48.40391,5.73335
201500006056,18,4,15,4,3,88,74,1,1,1,6,,48.36472,5.48547
201500006057,19,8,15,23,3,88,241,1,1,1,1,,48.29698,5.89217
201500006058,9,9,15,10,1,88,321,2,1,1,4,division Leclerc,48.36322,5.69398
201500006059,21,9,15,12,1,88,321,2,1,1,6,1 avenue de Herringen,48.35863,5.69261
201500006060,11,5,15,14,1,21,652,1,1,1,7,,47.22498,4.6213
201500006061,9,1,15,19,5,88,304,2,2,1,6,Rue Victor Hugo,48.30597,6.13389
201500006062,1,3,15,21,3,88,525,1,1,1,1,,48.27466,6.15428
201500006063,29,3,15,15,1,88,237,1,9,1,1,,48.21748,6.28453
201500006064,6,4,15,14,1,88,368,1,2,1,1,,48.30796,6.59883
201500006065,9,4,15,8,1,88,6,2,1,1,3,428 Rue du Menil,48.34558,6.13909
201500006066,15,6,15,9,1,88,508,1,1,2,7,,48.18657,6.20038
201500006067,24,12,15,10,1,88,304,2,2,1,6,rue GERMINI,48.30707,6.13385
201500006068,6,5,15,13,1,88,524,1,1,1,2,,48.1765,5.71925
201500006069,30,5,15,19,1,88,285,1,1,1,6,,48.21725,5.90093
201500006070,26,8,15,21,3,88,332,1,1,1,1,,48.20127,5.93208
201500006071,17,12,15,18,4,88,516,1,1,1,2,,48.19162,5.92468
201500006072,25,4,15,14,1,88,464,1,1,1,3,,48.10674,6.69002
201500006073,23,6,15,11,1,88,487,1,1,1,5,,47.92181,6.46781
201500006074,18,10,15,14,1,88,487,1,1,1,3,Route des Scieries,47.96809,6.48754
201500006075,7,3,15,16,1,88,447,1,1,1,3,,47.9561,6.74445
201500006076,28,3,15,9,1,88,75,1,1,2,7,,48.01302,6.94747
201500006077,30,5,15,9,1,88,486,2,1,1,6,Rue du Général DE GAULE,48.00912,6.71653
201500006078,21,7,15,17,1,88,116,1,1,1,6,,47.98082,6.83339
201500006079,5,10,15,8,5,88,447,2,7,3,6,avenue Jules Ferry,47.94822,6.77323
201500006080,17,12,15,17,2,88,75,2,1,1,6,01 quai des iranées,48.00353,6.87477