Num_Acc,jour,mois,an,hr,condition_eclairage,departement,commune,condition_agglomeration,intersection,condition_atmosphere,type_collision,adresse,lattitude,longitude
201500006081,23,2,15,10,1,88,426,1,1,4,4,,47.85737,6.82166
201500006082,8,3,15,15,1,88,170,1,1,1,3,,47.91041,6.70206
201500006083,1,5,15,3,5,88,426,2,1,3,6,16 rue d'Alsace,47.86378,6.82648
201500006084,6,7,15,17,1,88,170,1,1,7,1,,47.89689,6.73182
201500006085,12,8,15,17,1,88,302,1,1,1,6,,47.91359,6.79831
201500006086,1,9,15,22,3,88,408,1,6,1,7,,47.90707,6.69597
201500006087,8,3,15,17,1,88,386,1,1,1,7,,48.26051,6.99199
201500006088,6,4,15,22,3,88,182,1,1,1,7,,48.29128,7.05851
201500006089,7,11,15,3,3,88,445,1,1,3,3,,48.25148,6.95726
201500006090,13,12,15,3,3,88,375,1,1,1,6,,48.26425,7.04873
201500006091,6,1,15,17,1,88,9,2,1,1,1,1042 rue de saint die,48.20085,6.94543
201500006092,10,5,15,11,1,88,9,2,1,1,3,Route départementale 415,48.19154,6.95118
201500006093,23,5,15,17,1,88,349,1,1,1,7,,48.12855,7.02882
201500006094,12,6,15,10,1,88,9,1,1,1,2,,48.17249,6.92609
201500006095,6,9,15,18,1,88,198,1,1,1,3,,48.10352,6.90613
201500006096,12,9,15,10,1,88,181,2,1,1,2,"2, rue du génral Ingold",48.18381,7.00273
201500006097,9,10,15,16,1,88,218,1,1,1,6,,48.142,6.82228
201500006098,16,12,15,20,4,88,423,2,1,2,1,rue de l'église,48.21539,6.94477
201500006099,22,12,15,17,3,88,492,1,1,8,1,,48.05708,7.01062
201500006100,22,4,15,23,3,88,196,1,1,1,6,,48.07332,6.82639
201500006101,10,6,15,21,2,88,196,1,1,1,6,,48.06441,6.86272
201500006102,6,7,15,16,1,88,196,1,1,1,6,,48.07206,6.86343
201500006103,20,9,15,18,2,88,531,1,1,1,3,,48.0547,7.00512
201500006104,6,1,15,10,1,88,245,1,1,1,7,,48.35015,6.94543
201500006105,29,1,15,17,5,88,451,2,1,2,6,,48.39101,6.98014
201500006106,13,3,15,7,1,88,328,1,2,1,3,,48.32163,6.84722
201500006107,18,4,15,17,1,88,33,1,1,1,7,Col d'Hermanpaire,48.36126,7.02766
201500006108,14,7,15,22,3,88,372,2,1,1,6,paul langevin,48.4038,6.84504
201500006109,13,1,15,18,1,67,28,2,3,1,3,Rue du Moulin,0.0,0.0
201500006110,6,5,15,18,1,67,28,2,1,1,7,1 F rue du Piémont,0.0,0.0
201500006111,24,5,15,4,5,67,246,1,1,1,6,"PV,SENS BENFELD-SELESTAT",0.0,0.0
201500006112,20,6,15,10,1,67,412,1,1,1,7,,0.0,0.0
201500006113,27,7,15,10,1,67,397,2,1,1,3,intersection rue de frie,0.0,0.0
201500006114,17,8,15,19,1,67,146,1,1,1,1,,0.0,0.0
201500006115,11,10,15,3,3,67,464,1,1,1,6,,0.0,0.0
201500006116,21,10,15,22,5,67,216,2,1,1,3,7 rue du 1erdécembre,0.0,0.0
201500006117,1,11,15,8,2,67,28,1,1,5,6,,0.0,0.0
201500006118,26,11,15,7,5,67,28,2,1,2,6,rue de Strasbourg,0.0,0.0
201500006119,19,5,15,8,1,67,268,1,1,1,1,,0.0,0.0
201500006120,13,9,15,5,5,67,131,2,1,2,6,,0.0,0.0
201500006121,4,12,15,8,1,67,131,2,1,1,3,14 rue Fusiliers Marins,0.0,0.0
201500006122,7,12,15,15,1,67,378,2,1,1,6,RUE DU COIN DES LIEVRES,0.0,0.0
201500006123,13,1,15,18,5,67,130,2,1,1,1,45 RUE DU PRINTEMPS,0.0,0.0
201500006124,21,1,15,8,1,67,526,1,1,1,1,,0.0,0.0
201500006125,27,1,15,6,3,67,130,1,1,1,7,,0.0,0.0
201500006126,13,2,15,15,1,67,130,1,6,1,1,,0.0,0.0
201500006127,22,3,15,15,1,67,130,2,9,1,3,25 avenue de la gare,0.0,0.0
201500006128,19,5,15,8,1,67,130,2,1,8,6,avenue de la gare,0.0,0.0
201500006129,7,6,15,17,1,67,130,2,1,1,6,cd426 montée pont sncf,0.0,0.0
201500006130,27,6,15,12,1,67,154,2,3,1,1,,0.0,0.0
201500006131,21,7,15,10,1,67,130,2,1,1,3,rue Mercière,0.0,0.0
201500006132,16,8,15,16,1,67,130,1,1,1,1,,0.0,0.0
201500006133,3,9,15,10,1,67,130,1,9,1,6,,0.0,0.0
201500006134,7,9,15,7,1,67,130,2,1,1,3,16 RUE OBERLIN,0.0,0.0
201500006135,15,9,15,12,1,67,130,2,1,1,3,39 rue du printemps,0.0,0.0
201500006136,8,10,15,16,1,67,336,2,1,1,6,RUE DU RIED,0.0,0.0
201500006137,30,10,15,22,5,67,526,2,9,1,1,rue du 20 novembre,0.0,0.0
201500006138,6,12,15,18,3,67,130,1,9,1,1,,0.0,0.0
201500006139,2,1,15,20,3,67,348,1,1,8,6,,0.0,0.0
201500006140,16,1,15,17,5,67,348,2,1,2,6,rue du Gal Leclerc,0.0,0.0
201500006141,25,3,15,7,1,67,348,2,1,1,3,RD322,0.0,0.0
201500006142,19,5,15,9,1,67,248,1,9,1,3,,0.0,0.0
201500006143,6,6,15,16,1,67,348,2,1,1,1,41 RUE GENERAL LECLERC,0.0,0.0
201500006144,21,6,15,14,1,67,348,1,1,1,6,,0.0,0.0
201500006145,29,6,15,22,5,67,286,2,1,1,6,267 rue principale,0.0,0.0
201500006146,16,9,15,15,1,67,248,1,1,1,3,,0.0,0.0
201500006147,18,11,15,14,1,67,348,1,1,1,1,,0.0,0.0
201500006148,8,12,15,10,1,67,348,1,1,5,7,,0.0,0.0
201500006149,15,12,15,14,1,67,348,2,1,1,2,2 rue des bonnes gens,0.0,0.0
201500006150,6,1,15,8,2,67,331,1,1,5,1,,0.0,0.0
201500006151,13,3,15,14,1,67,540,1,1,1,7,,0.0,0.0
201500006152,9,6,15,12,1,67,87,1,2,1,1,,0.0,0.0
201500006153,13,7,15,17,1,67,203,1,1,1,1,,0.0,0.0
201500006154,17,7,15,17,1,67,359,1,1,1,2,,0.0,0.0
201500006155,26,10,15,4,3,67,87,1,1,1,1,,0.0,0.0
201500006156,18,12,15,13,1,67,458,2,1,1,6,Rue du château d'eau,0.0,0.0
201500006157,9,6,15,22,3,67,46,1,1,1,2,,0.0,0.0
201500006158,10,6,15,12,1,67,46,1,6,1,7,,0.0,0.0
201500006159,16,10,15,18,2,67,449,2,1,1,3,89 rue principale,0.0,0.0
201500006160,29,4,15,13,1,67,188,1,1,1,6,,0.0,0.0
201500006161,5,6,15,10,1,67,80,1,1,1,2,,0.0,0.0
201500006162,6,9,15,6,2,67,128,2,1,8,6,rue de la Gare,0.0,0.0
201500006163,12,9,15,1,3,67,168,1,1,8,7,,0.0,0.0
201500006164,3,11,15,8,1,67,300,2,9,1,6,Rue henri MECK,0.0,0.0
201500006165,8,11,15,14,1,67,127,1,1,7,1,,0.0,0.0
201500006166,23,11,15,16,2,67,101,2,1,1,6,24 faubourg des Vosges,0.0,0.0
201500006167,26,6,15,11,1,67,167,1,1,1,6,,0.0,0.0
201500006168,21,8,15,17,1,67,299,1,1,1,1,,0.0,0.0
201500006169,25,9,15,17,1,67,411,1,1,1,1,,0.0,0.0
201500006170,9,12,15,3,3,67,52,1,1,2,6,,0.0,0.0
201500006171,2,1,15,9,1,67,59,1,1,1,1,,0.0,0.0
201500006172,24,3,15,7,1,67,20,2,1,1,3,de Lattre de Tassigny,0.0,0.0
201500006173,20,4,15,21,3,67,420,1,1,1,6,,0.0,0.0
201500006174,7,5,15,17,1,67,543,1,1,1,7,,0.0,0.0
201500006175,15,5,15,18,1,67,66,2,1,1,6,,0.0,0.0
201500006176,28,5,15,12,1,67,420,1,1,1,6,,0.0,0.0
201500006177,13,7,15,11,1,67,165,1,1,1,1,,0.0,0.0
201500006178,13,4,15,12,1,67,122,1,2,1,1,,0.0,0.0
201500006179,16,4,15,17,1,67,520,2,2,1,1,rue de la vallée,0.0,0.0
201500006180,11,5,15,15,1,67,240,1,6,1,3,,0.0,0.0
201500006181,15,6,15,16,1,67,30,2,1,1,6,rue des Vosges,0.0,0.0
201500006182,18,6,15,11,1,67,313,1,1,1,1,,0.0,0.0
201500006183,19,6,15,15,1,67,520,1,1,1,7,,0.0,0.0
201500006184,31,8,15,17,1,67,525,2,1,1,6,rue du geisweg,0.0,0.0
201500006185,26,9,15,18,1,67,282,2,1,1,7,rue du général de Gaulle,0.0,0.0
201500006186,24,9,15,19,5,67,372,2,1,8,2,RUE DE SAVERNE,0.0,0.0
201500006187,8,3,15,21,3,67,191,1,1,1,6,,0.0,0.0
201500006188,10,8,15,5,5,67,91,1,6,1,6,,0.0,0.0
201500006189,1,9,15,16,1,67,156,1,1,3,1,"PV, rue du Gal de Gaulle",48.715,7.757
201500006190,5,2,15,15,1,67,548,1,1,1,6,,0.0,0.0
201500006191,20,3,15,19,5,67,202,2,1,1,3,RUE DE BOUXWILLER,0.0,0.0
201500006192,4,4,15,16,1,67,138,1,1,1,6,,0.0,0.0
201500006193,17,5,15,15,1,67,109,1,1,1,1,,0.0,0.0
201500006194,12,6,15,21,2,67,214,1,1,2,1,,0.0,0.0
201500006195,2,7,15,8,1,67,363,1,2,7,1,,0.0,0.0
201500006196,23,7,15,18,1,67,548,1,3,1,3,,0.0,0.0
201500006197,1,8,15,14,1,67,173,1,1,1,1,,0.0,0.0
201500006198,4,10,15,1,5,67,173,1,1,2,1,,0.0,0.0
201500006199,31,10,15,8,1,67,253,1,1,2,6,,0.0,0.0
201500006200,7,2,15,18,5,67,205,2,9,1,6,119 rue de la R?publique,0.0,0.0
201500006201,10,2,15,18,3,67,519,1,1,1,6,,0.0,0.0
201500006202,20,2,15,11,1,67,205,2,1,1,6,"rue de la ,r?publique",0.0,0.0
201500006203,15,3,15,5,3,67,151,1,1,1,6,,0.0,0.0
201500006204,3,4,15,0,3,67,529,1,1,1,1,,0.0,0.0
201500006205,31,7,15,14,1,67,519,1,1,1,1,PV,0.0,0.0
201500006206,26,8,15,15,1,67,237,1,1,1,2,,0.0,0.0
201500006207,21,2,15,17,1,67,65,2,1,1,6,25 rue principale,0.0,0.0
201500006208,28,3,15,0,3,67,226,1,1,1,4,,0.0,0.0
201500006209,5,4,15,6,2,67,1,1,1,1,6,,0.0,0.0
201500006210,7,4,15,16,1,67,1,1,1,1,6,"PV,SENS HOLTZHEIM-ACHENH",0.0,0.0
201500006211,25,4,15,4,5,67,1,2,1,1,6,47 Rue Bourgend,0.0,0.0
201500006212,20,7,15,15,1,67,551,1,1,1,6,,0.0,0.0
201500006213,31,7,15,7,1,67,118,2,1,1,6,avenue du Gle de gaulle,0.0,0.0
201500006214,13,8,15,16,1,67,118,2,1,1,6,Rue Jean MONNET,0.0,0.0
201500006215,3,9,15,11,1,67,65,1,1,1,1,PV,0.0,0.0
201500006216,4,12,15,17,2,67,65,1,1,2,1,,0.0,0.0
201500006217,23,2,15,15,1,67,115,1,1,2,1,,0.0,0.0
201500006218,1,4,15,17,1,67,115,2,1,1,1,52 route Nationale,0.0,0.0
201500006219,4,5,15,14,1,67,73,1,1,1,3,,0.0,0.0
201500006220,21,6,15,17,1,67,505,1,1,1,6,,0.0,0.0
201500006221,19,8,15,11,1,67,445,1,1,1,1,,0.0,0.0
201500006222,20,8,15,10,1,67,317,2,1,1,6,4 rue des pins,0.0,0.0
201500006223,2,10,15,13,1,67,73,1,1,1,1,,0.0,0.0
201500006224,19,11,15,17,5,67,507,2,1,2,6,place Charles De Gaulle,0.0,0.0
201500006225,21,2,15,11,1,67,295,1,1,1,1,,0.0,0.0
201500006226,16,5,15,16,1,67,51,1,1,1,1,,0.0,0.0
201500006227,7,1,15,7,1,67,90,1,1,8,7,,0.0,0.0
201500006228,10,2,15,20,3,67,360,1,1,1,6,,0.0,0.0
201500006229,14,2,15,19,3,67,486,1,1,1,1,,0.0,0.0
201500006230,23,2,15,16,1,67,277,1,1,2,3,,0.0,0.0
201500006231,9,3,15,16,1,67,281,2,1,1,6,parking rue des cerisier,0.0,0.0
201500006232,18,3,15,6,2,67,310,1,1,1,3,,0.0,0.0
201500006233,20,3,15,12,1,67,311,2,1,1,1,rue WELCHINGER,0.0,0.0
201500006234,27,4,15,14,1,67,461,2,1,1,3,rue de Hessenheim,0.0,0.0
201500006235,13,6,15,13,1,67,195,1,1,1,6,,0.0,0.0
201500006236,13,6,15,18,1,67,281,1,1,1,6,,0.0,0.0
201500006237,2,7,15,14,1,67,398,1,1,1,3,,0.0,0.0
201500006238,16,8,15,1,3,67,311,1,1,3,7,,0.0,0.0
201500006239,3,11,15,7,1,67,311,2,1,8,1,53 rue welschinger,0.0,0.0
201500006240,15,12,15,7,3,67,486,1,1,1,6,,0.0,0.0
201500006241,28,12,15,15,1,67,461,2,1,1,7,,0.0,0.0
201500006242,4,12,15,17,1,67,453,1,1,1,7,,0.0,0.0
201500006243,20,5,15,14,1,67,544,2,1,1,6,route d'altenstadt,0.0,0.0
201500006244,12,6,15,16,1,67,451,1,1,8,3,,0.0,0.0
201500006245,26,6,15,21,2,67,351,2,1,1,1,1 rue des églises,0.0,0.0
201500006246,1,7,15,7,1,67,494,1,1,1,1,,0.0,0.0
201500006247,6,9,15,13,1,67,544,1,1,1,1,,0.0,0.0
201500006248,2,11,15,17,5,67,544,2,1,1,2,09 rue vauban,0.0,0.0
201500006249,8,12,15,8,1,67,544,1,1,5,1,,0.0,0.0
201500006250,10,4,15,15,1,67,463,2,1,1,3,8 av Général Schneider,0.0,0.0
201500006251,5,10,15,16,1,67,25,1,1,1,6,,48.857,8.09099
201500006252,23,3,15,14,1,67,184,2,3,1,3,Rue de la Gare,0.0,0.0
201500006253,31,3,15,15,1,67,206,1,3,6,3,,0.0,0.0
201500006254,26,7,15,11,1,67,474,1,1,1,3,,0.0,0.0
201500006255,9,8,15,4,3,67,474,1,1,1,6,,0.0,0.0
201500006256,12,9,15,17,1,67,474,2,1,2,1,28 rue de SELTZ,0.0,0.0
201500006257,12,5,15,17,1,67,303,1,1,1,7,,0.0,0.0
201500006258,7,6,15,15,1,67,260,1,1,1,2,,0.0,0.0
201500006259,10,10,15,17,1,67,550,1,1,1,6,,0.0,0.0
201500006260,25,10,15,10,1,67,550,2,1,2,2,47 GRAND RUE WOERTH,0.0,0.0
201500006261,24,1,15,16,1,68,9,1,1,4,6,,48.11534,7.53076
201500006262,21,3,15,15,1,68,146,2,1,1,1,RD4 III,0.0,0.0
201500006263,27,3,15,14,1,68,145,2,3,1,3,place du 1er f?vrier,48.08081,7.39402
201500006264,24,4,15,11,1,68,9,1,6,1,3,,48.11609,7.53568
201500006265,22,5,15,17,1,68,295,1,1,1,3,,48.01413,7.37308
201500006266,23,6,15,7,1,68,157,1,2,7,3,,48.1229,7.4681
201500006267,24,6,15,20,1,68,366,1,6,1,3,,48.10983,7.43869
201500006268,23,9,15,9,1,68,295,1,1,1,3,,0.0,0.0
201500006269,13,11,15,15,1,68,172,1,1,1,6,,48.08522,7.5346
201500006270,6,1,15,9,1,68,175,2,1,1,6,40 rue du Gal DUFIEUX,48.15281,7.16857
201500006271,1,2,15,3,3,68,249,1,1,4,6,,48.11314,7.14414
201500006272,23,2,15,22,3,68,175,1,1,2,6,,48.14995,7.17419
201500006273,15,4,15,13,1,68,175,1,2,1,3,,48.14587,7.17964
201500006274,4,5,15,9,1,68,164,2,1,1,3,12 Route du Vin,48.13711,7.22784
201500006275,3,6,15,14,1,68,162,1,1,1,1,,48.13488,7.26885
201500006276,15,6,15,7,1,68,310,1,1,2,5,,48.13149,7.31699
201500006277,18,6,15,20,1,68,23,1,1,8,3,,48.16121,7.33733
201500006278,3,8,15,16,1,68,249,1,1,7,6,,48.12525,7.09647
201500006279,14,11,15,17,3,68,5,1,3,1,3,,48.12482,7.2487
201500006280,4,2,15,7,2,68,329,2,1,8,6,26 route de la Schlucht,48.05137,7.10811
201500006281,10,2,15,14,1,68,226,2,1,7,1,De Lattre de Tassigny,48.03923,7.14351
201500006282,10,2,15,23,3,68,226,2,1,1,6,D417,48.04775,7.21084
201500006283,14,2,15,11,1,68,226,2,3,1,3,rue Martin Hilti,48.04293,7.16057
201500006284,1,3,15,18,2,68,317,1,1,2,3,,48.05746,7.10267
201500006285,17,5,15,10,1,68,311,1,1,1,1,,47.98729,7.05985
201500006286,11,6,15,7,1,68,204,2,3,1,7,Intersection CD10-CD10VI,48.01311,7.07144
201500006287,16,6,15,16,1,68,142,2,1,1,1,rue principale,48.05388,7.18282
201500006288,28,6,15,15,1,68,317,1,1,1,5,,48.06762,7.05982
201500006289,29,6,15,14,1,68,173,2,1,1,1,LA FAITE 245,48.11116,7.18705
201500006290,19,9,15,21,3,68,223,2,3,2,1,rue principale,48.02541,7.05246
201500006291,19,12,15,20,3,68,226,1,1,1,6,,48.04548,7.12375
201500006292,28,9,15,18,1,68,379,1,1,1,5,,48.03204,7.50586
201500006293,28,10,15,8,1,68,352,2,1,1,6,voie romaine,48.01645,7.53831
201500006294,5,11,15,10,1,68,352,1,1,1,6,,48.00935,7.54133
201500006295,12,4,15,13,1,68,296,1,1,1,7,RD48 1,48.25858,7.30076
201500006296,9,6,15,6,1,68,153,1,1,1,1,,48.16865,7.46288
201500006297,14,6,15,17,1,68,28,1,1,1,7,,48.23792,7.31601
201500006298,30,6,15,20,1,68,269,1,3,1,3,,48.18912,7.35028
201500006299,3,7,15,21,2,68,113,1,1,1,6,,48.18701,7.41948
201500006300,28,7,15,11,1,68,269,2,1,1,6,Rue de la Marne,48.19383,7.31549
201500006301,13,10,15,7,2,68,269,1,1,1,7,,48.20334,7.26868
201500006302,5,7,15,13,1,68,298,1,1,1,3,,48.22804,7.22634
201500006303,29,12,15,6,5,68,283,2,1,8,6,34 rue Général DE GAULLE,0.0,0.0
201500006304,3,2,15,13,1,68,338,2,1,1,1,ROUTE DE INGERSHEIM,48.08723,7.28787
201500006305,20,4,15,9,1,68,155,1,6,1,7,,48.10391,7.30353
201500006306,24,7,15,9,1,68,374,2,1,1,6,12 rue Herzog,48.08563,7.31639
201500006307,31,8,15,16,1,68,338,1,4,7,1,,48.05383,7.25844
201500006308,24,9,15,18,1,68,134,1,1,1,1,,48.01668,7.33596
201500006309,24,9,15,9,1,68,374,1,1,1,4,,0.0,0.0
201500006310,30,10,15,18,5,68,338,2,1,8,3,route des trois epis,0.0,0.0
201500006311,3,11,15,16,1,68,66,2,1,1,3,64 rue Robert Schumann,48.08233,7.32539
201500006312,23,12,15,19,5,68,155,2,1,1,6,route de Colmar,48.09256,7.30968
201500006313,18,2,15,13,1,68,138,2,1,1,3,18 rue de betendrof,47.58549,7.52957
201500006314,23,6,15,13,1,68,4,2,6,7,3,R hirtzbach/2 cuirassier,47.61686,7.23625
201500006315,29,6,15,19,1,68,139,1,1,1,1,,47.59868,7.22999
201500006316,10,7,15,18,1,68,4,1,1,1,6,,47.62677,7.2428
201500006317,10,7,15,10,1,68,62,1,1,1,6,,47.62948,7.20081
201500006318,12,7,15,22,5,68,108,2,1,1,3,Rue du Chemin de fer,47.56772,7.29571
201500006319,25,7,15,8,2,68,4,1,1,1,3,,47.63263,7.26161
201500006320,10,9,15,18,1,68,4,1,1,1,3,,47.57754,7.28422
201500006321,19,12,15,19,5,68,108,2,1,1,3,rue du chemin de fer,47.56772,7.29571
201500006322,21,12,15,8,1,68,62,1,1,2,1,,47.60123,7.1613
201500006323,19,7,15,19,1,68,2,1,1,1,6,,47.59861,7.10159
201500006324,23,9,15,7,2,68,282,1,1,1,1,,0.0,0.0
201500006325,16,12,15,18,5,68,68,2,1,2,6,rue du bassin,0.0,0.0
201500006326,7,4,15,15,1,68,340,1,1,1,6,,47.53889,7.14519
201500006327,19,4,15,17,1,68,312,1,1,1,7,,47.47502,7.34032
201500006328,24,5,15,3,3,68,305,1,1,1,6,,47.53241,7.15563
201500006329,28,5,15,20,1,68,186,1,1,1,3,,47.47122,7.2891
201500006330,30,5,15,17,1,68,176,1,1,1,3,,47.56828,7.19543
201500006331,31,5,15,21,3,68,87,1,1,1,6,,47.53241,7.23839
201500006332,22,7,15,16,1,68,380,1,1,1,1,,47.44498,7.38028
201500006333,3,8,15,18,1,68,202,2,1,1,1,rue de fulleren,47.592,7.13099
201500006334,6,9,15,0,5,68,98,2,3,1,6,55 rue principale,47.56557,7.14969
201500006335,11,9,15,16,1,68,259,1,1,1,1,,47.46501,7.35502
201500006336,9,12,15,16,1,68,87,2,1,1,6,6 rue des près,47.5346,7.26477
201500006337,9,1,15,13,1,68,82,1,1,2,6,,47.8681,7.4685
201500006338,10,1,15,18,3,68,258,1,4,2,3,,47.82624,7.28525
201500006339,20,3,15,17,1,68,228,1,3,1,3,,47.92814,7.35827
201500006340,12,4,15,13,1,68,91,2,1,7,6,rue du rhin,47.91439,7.35827
201500006341,16,5,15,16,1,68,258,2,1,1,2,45 rue d'Ensisheim,47.52848,7.30915
201500006342,22,5,15,2,3,68,235,1,1,1,6,,47.98211,7.43174
201500006343,14,6,15,16,1,68,91,1,1,7,7,,41.91278,7.57411
201500006344,15,6,15,6,2,68,82,1,1,2,6,,47.83907,7.34308
201500006345,14,6,15,13,1,68,140,1,1,1,6,,47.90556,7.41309
201500006346,19,6,15,17,1,68,82,2,1,1,1,rue de pulversheim,47.85856,7.33947
201500006347,26,6,15,20,2,68,228,1,2,1,3,,47.92388,7.35745
201500006348,11,7,15,20,1,68,235,1,1,1,1,,47.99759,7.36589
201500006349,21,7,15,10,1,68,140,1,1,1,1,,47.92075,7.44794
201500006350,15,8,15,22,2,68,228,2,1,1,6,,47.9282,7.34375
201500006351,9,9,15,3,3,68,91,1,1,1,6,,47.91402,7.57467
201500006352,21,10,15,14,1,68,41,1,9,1,3,,47.8736,7.51482
201500006353,21,10,15,23,3,68,41,1,1,1,6,,47.85914,7.51934
201500006354,5,11,15,17,5,68,82,2,3,1,3,rue d'Ungersheim,47.86749,7.33828
201500006355,18,11,15,9,1,68,241,1,1,1,7,,47.9444,7.36303
201500006356,7,12,15,15,2,68,234,1,2,7,3,,47.94235,7.41711
201500006357,20,12,15,11,1,68,266,2,1,1,3,cd 201,0.0,0.0
201500006358,28,12,15,17,3,68,258,1,1,1,3,,0.0,0.0
201500006359,7,1,15,17,3,68,318,1,1,1,3,,47.9796,7.22571
201500006360,3,4,15,20,3,68,123,1,1,2,7,RD83 PR37+000,48.01326,7.30794
201500006361,23,4,15,14,1,68,318,1,1,1,7,RD40 PR3+700,47.95524,7.21053
201500006362,11,7,15,13,1,68,251,2,1,1,1,"7, rue de Soultzmatt",47.98613,7.22019
201500006363,25,8,15,13,1,68,318,1,1,1,2,,47.96026,7.21422
201500006364,24,2,15,8,1,68,154,2,1,1,6,Rue pierre curie,47.76934,7.36025
201500006365,18,3,15,16,1,68,154,2,1,1,2,rue de Pfastatt,47.78066,7.34218
201500006366,12,5,15,11,1,68,154,2,1,1,6,rue de Mulhouse,47.76978,7.34715
201500006367,10,9,15,17,1,68,154,2,6,1,6,avenue des Rives de l'Il,47.77773,7.35327
201500006368,30,9,15,9,1,68,154,2,4,1,6,rue de Kingersheim,47.78246,7.34493
201500006369,10,12,15,19,5,68,154,2,3,1,3,rue de Mulhouse,47.77659,7.34693
201500006370,19,12,15,12,1,68,154,2,1,1,6,rue de berne,0.0,0.0
201500006371,30,1,15,14,1,68,94,2,1,1,6,rue de delle,47.54959,7.43916
201500006372,20,2,15,12,1,68,135,1,1,1,5,,47.5812,7.52398
201500006373,12,3,15,12,1,68,135,2,1,1,6,rue des peupliers,47.5687,7.50988
201500006374,15,5,15,7,2,68,120,2,1,2,6,,47.53739,7.49115
201500006375,13,5,15,19,1,68,94,1,1,1,3,,47.55455,7.4448
201500006376,6,6,15,12,1,68,135,1,1,1,1,,47.58911,7.54723
201500006377,27,6,15,18,1,68,232,2,1,1,6,rue des tilleuls,47.52485,7.51082
201500006378,30,6,15,23,3,68,135,1,6,1,3,,47.57284,7.50078
201500006379,25,7,15,17,1,68,120,1,1,1,7,,47.53357,7.48599
201500006380,22,10,15,18,1,68,42,1,1,1,2,,47.60664,7.50057
201500006381,3,12,15,9,1,68,149,2,1,1,3,rue du Palmrain,47.60062,7.58568
201500006382,28,12,15,18,5,68,263,2,1,1,1,62 rue de belfort,0.0,0.0
201500006383,28,1,15,7,1,68,163,1,1,9,3,,47.66771,7.509
201500006384,17,4,15,11,1,68,309,1,1,1,6,,47.63569,7.4931
201500006385,25,5,15,11,1,68,21,1,3,1,3,,47.63677,7.50183
201500006386,18,6,15,22,5,68,163,1,1,2,1,,47.6799,7.5002
201500006387,28,8,15,13,1,68,301,1,3,1,1,,47.69132,7.42222
201500006388,1,9,15,16,1,68,21,1,2,1,1,RD66 A35,47.63618,7.49806
201500006389,21,9,15,8,1,68,324,1,1,5,2,,47.65793,7.34623
201500006390,8,11,15,14,1,68,174,2,4,1,1,rue du pays basque,47.68512,7.38831
201500006391,16,1,15,22,5,68,348,2,2,2,3,RN 66,47.80463,7.11964
201500006392,13,3,15,9,1,68,40,2,1,1,6,Rue du chemin de fer,47.83188,7.0761
201500006393,27,5,15,17,1,68,334,2,3,1,2,Avenue Pasteur,47.79592,7.11247
201500006394,5,2,15,18,3,68,63,2,1,6,6,14 faubourg de belfort,47.76117,7.17289
201500006395,13,3,15,16,1,68,342,2,4,1,3,rue du stade,47.51383,7.18482
201500006396,21,3,15,17,1,68,342,1,1,1,6,,0.0,0.0
201500006397,28,3,15,11,1,68,63,1,1,1,3,,0.0,0.0
201500006398,22,4,15,13,1,68,63,2,3,1,1,rue de l'Asile,47.79807,7.17177
201500006399,4,5,15,13,1,68,63,2,1,1,3,Rue du Bramont,47.81351,7.18378
201500006400,6,5,15,12,1,68,63,2,3,1,3,WITTELSHEIM ROUTE,47.80241,7.15992
201500006401,9,5,15,17,1,68,359,1,1,1,7,,47.84019,7.15031
201500006402,25,7,15,11,1,68,63,1,1,1,3,,47.78555,7.14918
201500006403,14,8,15,8,1,68,63,2,1,1,6,rue des Prés,47.80646,7.17842
201500006404,25,9,15,8,1,68,63,1,1,1,1,,47.78807,7.17789
201500006405,25,9,15,9,1,68,63,2,1,7,6,rue Poincaré,0.0,0.0
201500006406,18,9,15,19,2,68,342,1,1,1,6,,47.83321,7.1571
201500006407,15,10,15,12,1,68,63,2,1,2,7,rue de Wattwiller,47.81055,7.15154
201500006408,28,11,15,3,3,68,359,1,1,1,6,,0.0,0.0
201500006409,21,12,15,17,3,68,342,1,1,1,6,,47.82897,7.16236
201500006410,16,7,15,14,1,68,217,2,1,7,6,rue charles de gaulle,47.86339,7.04557
201500006411,26,9,15,15,1,68,370,1,1,1,3,,47.98636,6.96609
201500006412,3,11,15,13,1,68,292,2,1,1,1,place foch,0.0,0.0