Num_Acc,jour,mois,an,hr,condition_eclairage,departement,commune,condition_agglomeration,intersection,condition_atmosphere,type_collision,adresse,lattitude,longitude
201500006413,3,11,15,17,5,68,217,2,1,1,3,80 rue général de gaulle,0.0,0.0
201500006414,16,12,15,17,3,68,292,2,9,2,3,01 rue de l'industrie,0.0,0.0
201500006415,28,4,15,21,3,68,115,1,1,1,6,,47.75061,7.10723
201500006416,24,5,15,4,5,68,59,2,3,1,7,CD103,47.71404,7.16259
201500006417,5,7,15,11,1,68,11,1,1,1,6,,47.75308,7.15271
201500006418,28,7,15,23,3,68,59,1,1,8,6,,47.7271,7.18823
201500006419,18,10,15,9,1,68,60,1,2,1,3,,47.733,7.126
201500006420,6,12,15,9,1,68,59,1,1,1,6,,47.72768,7.1802
201500006421,15,1,15,7,2,51,18,1,1,8,1,D19,0.0,0.0
201500006422,26,4,15,22,3,51,227,1,1,3,6,D2,48.91137,4.36308
201500006423,8,5,15,5,3,51,303,2,1,1,6,D37,49.01173,4.18658
201500006424,7,7,15,13,1,51,617,1,1,1,7,N44/DECELERATION,49.03411,4.31981
201500006425,25,7,15,12,1,51,548,1,1,1,1,D994,48.97517,4.65591
201500006426,18,9,15,19,2,51,409,1,1,3,6,D977,48.8711,4.28117
201500006427,28,9,15,7,1,51,161,1,1,1,1,D37,49.03325,4.17509
201500006428,3,1,15,0,3,51,97,1,3,5,6,D79/D994,0.0,0.0
201500006429,18,1,15,3,3,51,559,1,1,9,6,D931,0.0,0.0
201500006430,9,3,15,22,3,51,587,1,1,1,1,D994,49.06438,4.40894
201500006431,1,4,15,13,1,51,388,2,1,1,6,D21,49.13811,4.36562
201500006432,12,4,15,1,4,51,544,2,1,8,6,RUE DU MONT TIERCON,0.0,0.0
201500006433,4,5,15,18,1,51,559,2,7,1,1,ZAC LA LOUVIERE,49.1178,4.54176
201500006434,10,5,15,4,2,51,388,2,1,1,6,D994,49.08652,4.34755
201500006435,1,7,15,7,1,51,559,2,1,1,1,D977,49.13215,4.5336
201500006436,14,7,15,0,3,51,97,1,1,1,7,D79,49.09083,4.53611
201500006437,20,8,15,12,1,51,203,1,1,1,6,D977,49.03792,4.43797
201500006438,29,9,15,18,1,51,559,1,1,9,7,D79,49.1053,4.54083
201500006439,1,10,15,7,2,51,486,1,1,7,5,D931,49.17754,4.45137
201500006440,1,3,15,3,5,51,142,2,1,2,6,C. DE LA GRANGE AUX BOIS,48.99378,3.91998
201500006441,11,8,15,11,1,51,434,1,2,1,3,D3/D337,49.01379,4.0724
201500006442,15,8,15,6,1,51,281,1,1,1,7,D240,48.96636,3.97293
201500006443,23,9,15,12,1,51,612,2,1,1,6,D9,48.90206,4.00418
201500006444,24,10,15,1,3,51,630,1,1,1,2,D36,48.93047,3.94508
201500006445,26,10,15,6,2,51,435,1,1,5,7,D337,48.94114,4.16049
201500006446,31,10,15,19,3,51,434,1,1,1,1,D3,49.01419,4.06797
201500006447,6,11,15,9,1,51,93,1,1,1,1,D951,48.96533,3.8615
201500006448,12,12,15,18,1,51,378,1,1,2,1,D40,49.00677,3.94467
201500006449,20,12,15,6,5,51,469,2,3,1,3,D37/VC,48.93387,4.10025
201500006450,9,2,15,18,2,51,85,2,1,1,6,RUE DU VIEUX MOULIN,0.0,0.0
201500006451,2,5,15,16,1,51,217,2,1,1,6,rue de la sablonniere,49.08406,3.6526
201500006452,13,5,15,4,5,51,346,2,1,1,6,D3,49.08134,3.75773
201500006453,16,5,15,18,1,51,85,1,1,1,6,D23,48.99218,3.66825
201500006454,19,5,15,16,1,51,346,2,1,1,6,D23E3,0.0,0.0
201500006455,18,6,15,20,2,51,217,1,1,1,6,D3,49.06639,3.63032
201500006456,18,6,15,17,1,51,136,1,1,1,6,D1,49.09635,3.75099
201500006457,18,6,15,15,1,51,396,1,1,1,6,D23,49.02841,3.71954
201500006458,1,7,15,18,1,51,199,1,1,1,7,D24,49.13779,3.82647
201500006459,10,9,15,6,2,51,609,1,1,1,2,D1,49.09405,3.69106
201500006460,27,10,15,18,2,51,217,2,1,1,6,D3,49.07793,3.64231
201500006461,20,10,15,9,1,51,425,1,3,5,6,D980/D801,49.1442,3.70684
201500006462,7,11,15,19,3,51,410,1,1,1,1,D3,49.07965,3.77476
201500006463,26,4,15,1,3,51,165,1,1,2,6,VC,48.73125,3.90576
201500006464,19,6,15,8,1,51,545,1,1,1,6,D977,48.73939,4.20632
201500006465,27,3,15,11,1,51,381,2,1,7,3,D951,48.92355,3.80476
201500006466,26,7,15,16,1,51,542,2,1,3,3,D951,48.80872,3.73011
201500006467,21,8,15,19,2,51,42,1,1,7,7,D951,48.83529,3.75749
201500006468,20,9,15,21,3,51,381,1,1,1,6,D951,48.93181,3.82316
201500006469,18,11,15,17,5,51,380,2,1,1,6,D933,48.87193,3.54146
201500006470,22,12,15,7,2,51,235,1,1,1,1,D373,48.77577,3.64824
201500006471,15,1,15,13,1,51,343,2,1,2,1,D50,0.0,0.0
201500006472,19,4,15,5,3,51,56,1,1,1,6,D48,48.62456,3.59816
201500006473,11,5,15,18,1,51,402,1,2,1,1,D934/D375,48.73082,3.50463
201500006474,4,8,15,16,1,51,511,2,1,1,3,D350,48.61366,3.75238
201500006475,27,8,15,14,1,51,535,1,1,1,6,N4,48.71892,3.75012
201500006476,3,10,15,4,5,51,56,2,1,1,6,D48,48.6137,3.61331
201500006477,19,3,15,7,1,51,534,2,3,1,3,D386/CH. DE LA SCIERIE,49.25123,3.7619
201500006478,6,6,15,1,5,51,250,2,6,1,6,D967/D29,49.31322,3.67934
201500006479,20,5,15,17,1,51,532,1,1,1,1,D951,49.13176,3.99169
201500006480,10,6,15,7,1,51,118,1,2,1,1,D75/VC,49.27363,3.94465
201500006481,16,6,15,14,1,51,391,1,1,1,1,N31,49.27315,3.88895
201500006482,19,6,15,7,1,51,140,1,6,1,3,D386/D980,49.1838,3.85161
201500006483,27,8,15,0,3,51,391,1,1,2,6,N31,49.2764,3.85213
201500006484,27,8,15,20,2,51,72,1,1,2,6,D980,49.20518,3.89883
201500006485,7,10,15,8,1,51,111,1,1,2,1,D980,49.18706,3.83908
201500006486,15,12,15,17,1,51,102,1,1,1,2,D944,49.34734,3.9479
201500006487,18,4,15,18,1,51,643,1,1,7,3,D951,0.0,0.0
201500006488,4,8,15,1,3,51,643,1,1,1,6,D951,49.00875,3.90933
201500006489,9,8,15,6,2,51,597,2,1,1,1,D3,49.06001,3.88069
201500006490,30,9,15,17,1,51,210,2,9,1,3,D1,49.06531,3.96597
201500006491,11,10,15,18,3,51,2,1,1,1,6,D11,49.00952,3.86254
201500006492,29,11,15,16,1,51,393,1,1,1,1,D386,49.13511,3.91824
201500006493,13,1,15,4,3,51,295,1,1,1,6,D14,0.0,0.0
201500006494,2,1,15,8,3,51,340,1,1,3,6,N4,0.0,0.0
201500006495,29,4,15,17,1,51,649,2,3,1,6,38 RUE DE LA TOUR,48.72762,4.5848
201500006496,14,5,15,15,1,51,649,2,2,1,2,N44,48.73365,4.58976
201500006497,23,5,15,7,1,51,557,1,1,1,6,N44,48.78132,4.58368
201500006498,4,8,15,12,1,51,649,2,1,1,6,RUE DU PONT,48.72631,4.58415
201500006499,6,8,15,12,1,51,649,1,3,1,3,D16/BRETELLE,48.72258,4.62985
201500006500,29,8,15,20,2,51,134,1,1,1,6,D2,48.68196,4.54776
201500006501,30,8,15,6,2,51,65,1,1,1,1,N4,48.73348,4.55958
201500006502,7,9,15,17,1,51,649,2,1,1,3,AVE DU QUAI DES FONTAINE,48.72972,4.58253
201500006503,8,10,15,11,1,51,649,2,1,1,6,D982E1,48.72847,4.58924
201500006504,31,10,15,11,1,51,65,2,1,1,2,18 avenue de PARIS,48.72912,4.57447
201500006505,15,11,15,18,3,51,328,1,1,1,1,D2,48.753,4.548
201500006506,12,11,15,17,5,51,649,2,3,1,1,CHATEAU D EAU/ABBE GOUGE,48.71552,4.58475
201500006507,6,12,15,17,3,51,275,1,1,1,1,D2,48.71437,4.55239
201500006508,24,12,15,17,5,51,649,2,1,1,6,D982E1,48.72262,4.59499
201500006509,3,1,15,6,3,51,270,1,1,2,6,D396,0.0,0.0
201500006510,21,2,15,23,3,51,60,1,1,8,6,D259,48.76418,4.77973
201500006511,4,6,15,7,1,51,358,1,1,1,1,D61,48.73825,4.85691
201500006512,19,7,15,18,1,51,349,2,1,1,6,6 RUE DE BORDET,48.5545,4.52031
201500006513,26,8,15,17,1,51,423,2,1,1,5,D995/RUE MELIN,48.76832,4.83421
201500006514,2,10,15,7,2,51,40,1,1,1,1,AVENUE MICHEL,48.79683,4.66171
201500006515,7,10,15,3,3,51,442,1,1,2,6,D994,48.8965,4.91644
201500006516,18,10,15,17,1,51,288,1,1,1,6,N4,48.67334,4.76961
201500006517,19,10,15,15,1,51,94,2,1,1,1,D995,48.74683,4.69797
201500006518,27,11,15,22,3,51,590,1,1,1,6,D982,48.84728,4.77803
201500006519,5,4,15,12,1,51,191,1,2,1,3,D67/D982,49.14611,4.81786
201500006520,5,6,15,18,1,51,283,2,1,1,6,D67,49.10933,4.74888
201500006521,13,11,15,15,1,51,621,1,1,2,6,D38,49.20266,4.9766
201500006522,17,6,15,6,2,80,199,1,1,7,6,,49.79645,4.81717
201500006523,26,7,15,17,1,80,214,1,1,2,7,,50.00247,4.81588
201500006524,17,6,15,15,1,80,488,2,1,1,6,rue Marcel CAchin,49.73186,4.82748
201500006525,16,6,15,22,3,80,445,2,1,1,6,grande rue,49.65232,4.94456
201500006526,8,5,15,19,1,80,362,2,1,1,7,rue promenade des isles,49.51118,4.36133
201500006527,21,5,15,19,1,80,313,1,2,7,3,,49.49298,4.29739
201500006528,26,5,15,16,1,80,144,1,1,1,6,,49.50828,4.44138
201500006529,5,7,15,3,3,80,452,1,1,1,7,,49.4846,4.40918
201500006530,9,9,15,17,1,80,362,2,1,1,6,37 rue eugène Thiery,49.50732,4.3521
201500006531,9,10,15,14,1,80,362,1,1,1,2,,49.53079,4.37424
201500006532,21,8,15,19,1,80,107,1,1,1,7,,49.5191,4.24618
201500006533,15,7,15,11,1,10,429,2,1,1,5,route de Paris,48.5345,4.1063
201500006534,6,2,15,18,1,10,373,1,1,1,3,,48.20499,4.00468
201500006535,28,2,15,16,1,10,371,1,1,1,3,,48.16365,3.94268
201500006536,21,3,15,14,1,10,140,2,1,1,1,20 RUE PIERRE PITHOU,48.03828,3.90435
201500006537,3,4,15,17,1,10,140,1,1,2,6,,48.04454,3.90186
201500006538,16,4,15,15,1,10,359,1,1,1,1,,48.13752,3.99346
201500006539,30,4,15,11,1,10,18,1,1,1,3,,48.09115,3.92149
201500006540,1,5,15,20,2,10,116,1,1,2,5,,48.14631,4.00983
201500006541,2,6,15,20,1,10,435,1,2,1,3,,48.19093,4.06511
201500006542,14,6,15,15,1,10,278,1,1,1,7,,0.0,0.0
201500006543,21,6,15,10,1,10,80,1,1,1,6,,48.03594,4.13463
201500006544,25,6,15,12,1,10,140,1,1,1,7,,48.06369,3.91818
201500006545,4,7,15,19,1,10,140,2,1,1,6,,48.03742,3.90955
201500006546,14,8,15,7,1,10,373,1,1,1,3,,48.20632,4.01215
201500006547,6,9,15,11,1,10,18,2,1,1,7,rue foret beauregard,48.08781,3.89518
201500006548,19,9,15,16,1,10,359,1,1,1,4,,48.13982,4.0027
201500006549,30,9,15,17,1,10,140,2,2,1,3,,48.04126,3.90786
201500006550,29,11,15,10,1,10,51,1,1,1,7,,48.19412,4.00759
201500006551,12,12,15,13,1,10,49,2,1,8,6,D 85,48.19174,4.11957
201500006552,14,2,15,5,3,10,191,1,9,1,7,,48.33337,4.09562
201500006553,30,3,15,16,1,10,100,1,1,1,1,,48.20276,4.19461
201500006554,4,4,15,13,1,10,406,1,1,3,6,,48.24138,4.17072
201500006555,13,6,15,6,1,10,100,2,1,1,7,Rue Vallée de la Seine,48.2104,4.18205
201500006556,28,7,15,7,2,10,173,1,1,1,7,,48.21325,4.1181
201500006557,9,8,15,10,1,10,30,1,1,1,6,,48.32736,4.02869
201500006558,12,8,15,14,1,10,363,1,1,1,1,,48.22024,4.14105
201500006559,30,8,15,11,1,10,352,2,1,1,7,42 grande rue,48.32572,4.08374
201500006560,23,9,15,18,1,10,30,1,1,1,5,,48.33083,4.02424
201500006561,23,9,15,8,1,10,349,1,1,1,2,,48.34376,4.00723
201500006562,6,11,15,16,1,10,363,1,2,1,1,,48.1866,4.1689
201500006563,7,11,15,0,5,10,340,1,6,1,7,,48.26178,4.03505
201500006564,12,11,15,21,3,10,340,1,9,1,1,,48.23691,4.02004
201500006565,11,4,15,15,1,10,3,2,2,1,1,17 rue joseph anglade,48.223,3.738
201500006566,24,4,15,22,5,10,142,2,8,1,3,rue jean hector,48.27321,3.814
201500006567,15,8,15,10,1,10,263,1,1,2,7,,48.265,3.797
201500006568,9,10,15,15,1,10,142,2,1,1,6,Rue de la République,48.273,3.806
201500006569,14,12,15,17,1,10,263,2,1,1,3,de la Fontaine Bouvotte,48.262,3.787
201500006570,31,1,15,2,3,10,238,2,1,1,6,28 rue du 28 aout 44,48.253,4.336
201500006571,17,5,15,12,1,10,255,1,1,1,6,,48.21743,4.26171
201500006572,7,6,15,14,1,10,19,1,2,1,3,,48.403,4.371
201500006573,14,6,15,15,1,10,287,2,1,1,2,RD 11,48.367,4.361
201500006574,1,8,15,21,3,10,287,1,1,1,7,,48.358,4.344
201500006575,5,10,15,18,1,10,287,2,1,2,4,rue de la chapelle,48.3634,4.32801
201500006576,5,1,15,21,5,10,33,2,1,1,6,,48.23597,4.70293
201500006577,18,1,15,6,5,10,33,2,1,1,7,RD13/rue de courcelles,48.23188,4.71878
201500006578,25,1,15,14,1,10,426,1,1,2,1,,0.0,0.0
201500006579,1,4,15,8,1,10,423,1,1,1,7,,48.23581,4.39135
201500006580,7,4,15,7,2,10,76,1,1,1,6,,48.09152,4.69919
201500006581,8,6,15,17,1,10,50,2,1,1,1,RD 396 ( PK 31+900 ),48.27644,4.61403
201500006582,27,6,15,19,1,10,11,1,1,1,7,,48.25289,4.75641
201500006583,14,7,15,17,1,10,401,2,9,1,2,,48.23571,4.46887
201500006584,26,7,15,5,2,10,215,1,1,1,6,,48.23524,4.51718
201500006585,2,8,15,2,3,10,384,1,1,1,7,,48.30952,4.60391
201500006586,6,8,15,18,1,10,401,1,1,1,7,,48.22636,4.43847
201500006587,21,10,15,19,3,10,440,1,1,1,7,,48.238,4.7658
201500006588,21,10,15,18,3,10,102,2,1,1,3,RD 13,0.0,0.0
201500006589,23,10,15,17,1,10,33,1,1,2,1,,48.224,4.7385
201500006590,27,10,15,18,3,10,217,1,1,1,5,,48.2511,4.5655
201500006591,31,12,15,12,1,10,401,1,1,1,3,,48.2383,4.4869
201500006592,22,10,15,23,3,10,283,1,1,2,2,,48.416,4.387
201500006593,7,11,15,16,1,10,228,1,1,1,1,,48.356,4.438
201500006594,5,1,15,17,2,10,295,2,1,8,7,Grand'rue,48.076,4.372
201500006595,1,5,15,16,1,10,437,1,1,2,1,,48.147,4.288
201500006596,16,5,15,15,1,10,29,1,1,1,6,,48.02366,4.35357
201500006597,25,5,15,14,1,10,438,1,1,8,7,,48.14,4.599
201500006598,30,6,15,9,1,10,55,1,1,1,3,,48.12489,4.36449
201500006599,4,7,15,13,1,10,25,1,1,7,1,,48.003,4.31
201500006600,25,7,15,17,1,10,437,2,1,1,6,chemin des contours,0.0,0.0
201500006601,1,8,15,15,1,10,317,1,1,1,3,,48.00615,4.39516
201500006602,30,8,15,0,5,10,399,2,1,1,6,11 rue du rue,48.17642,4.18245
201500006603,18,11,15,17,5,10,317,2,1,1,3,rue du général de gaulle,47.9927,4.36891
201500006604,3,6,15,8,1,10,153,1,2,1,1,,0.0,0.0
201500006605,28,6,15,5,2,10,298,1,1,1,6,,48.52936,3.59744
201500006606,19,7,15,14,1,10,268,1,1,1,6,Champ bordant la RD 619,48.48378,3.51156
201500006607,21,7,15,17,1,10,334,1,1,1,1,,48.49605,3.5334
201500006608,12,9,15,20,5,10,339,1,1,1,6,,48.40027,3.77496
201500006609,21,9,15,15,1,10,370,2,1,1,6,,48.41311,3.53887
201500006610,24,10,15,15,1,10,420,2,1,1,6,4 route du chateau,48.5891,3.5548
201500006611,10,11,15,12,1,10,268,2,1,1,6,11 Rue Jean Jaurès,48.49484,0.50567
201500006612,18,12,15,14,1,10,277,1,1,8,6,,48.27352,3.67027
201500006613,28,12,15,8,1,10,20,2,1,1,7,1 RUE DES CLAUSEAUX,48.43641,3.56459
201500006614,16,7,15,21,1,10,323,2,1,1,6,avenue jules jacquemin,0.0,0.0
201500006615,10,10,15,8,2,10,157,2,1,5,6,15 RUE SAINT JACQUES,48.4408,3.6514
201500006616,24,2,15,11,1,52,274,1,2,1,3,,47.98105,4.894
201500006617,26,5,15,9,1,52,165,1,1,1,1,,47.9593,4.88035
201500006618,6,7,15,19,1,52,469,1,1,1,1,,48.05681,5.05321
201500006619,20,7,15,18,1,52,69,1,1,1,1,,48.0929,4.95742
201500006620,31,7,15,12,1,52,193,1,1,1,6,,48.13862,5.06211
201500006621,26,9,15,20,3,52,274,1,1,1,1,,47.96397,4.82211
201500006622,8,12,15,16,1,52,423,1,3,7,3,,48.26122,5.32923
201500006623,7,2,15,2,3,52,287,1,1,4,7,,48.11994,5.57761
201500006624,27,2,15,7,2,52,74,2,1,3,6,parking du CAT Breuvanne,48.09693,5.60273
201500006625,30,4,15,14,1,52,353,1,1,1,3,,48.04038,5.37676
201500006626,13,5,15,15,1,52,353,1,1,1,1,,48.04768,5.35992
201500006627,17,5,15,13,1,52,488,1,9,1,7,,47.98163,5.2675
201500006628,20,6,15,18,1,52,320,2,1,1,7,Le village,48.05391,5.59034
201500006629,17,10,15,15,1,52,353,2,1,1,1,Rue Ambroise Paré -,48.03325,5.35006
201500006630,29,11,15,0,5,52,50,2,1,2,6,42 rue d'Ageville,48.08833,5.30033
201500006631,6,3,15,19,4,52,211,1,1,1,6,,48.28532,5.13525
201500006632,10,4,15,15,1,52,260,1,6,7,7,Mail + Tél gend. confirm,48.21165,5.12463
201500006633,13,5,15,19,1,52,211,1,1,1,3,,48.28825,5.12406
201500006634,16,7,15,7,1,52,251,2,1,1,1,1 rue des Acacias RD 109,48.13551,5.08446
201500006635,27,1,15,12,1,52,269,2,1,1,6,rue diderot/milieu,47.8617,5.33381
201500006636,31,5,15,15,1,52,541,1,1,1,7,Mail 12/09/2015,47.97677,5.35453
201500006637,31,5,15,18,1,52,307,1,1,1,6,,47.92831,5.21325
201500006638,25,6,15,12,1,52,37,1,1,1,5,Mail23/09 25+800 en +200,47.90856,5.40144
201500006639,13,7,15,20,1,52,307,1,1,1,7,,47.91749,5.17864
201500006640,20,7,15,22,3,52,307,1,1,1,6,,47.91472,5.20513
201500006641,25,7,15,19,1,52,269,2,1,1,3,avenue de la collinière,47.87046,5.32762
201500006642,15,12,15,3,3,52,269,1,1,1,6,,47.87073,5.30615
201500006643,23,5,15,22,3,52,162,1,1,1,7,,47.96978,5.61321
201500006644,5,6,15,9,1,52,332,1,2,1,3,,48.02392,5.61612
201500006645,29,8,15,22,3,52,332,2,1,1,6,Rue Hubert COLLOT,48.00255,5.49876
201500006646,5,10,15,20,5,52,60,2,1,2,3,avenue général De Gaulle,47.95481,5.73395
201500006647,18,1,15,2,3,52,119,1,1,9,1,,47.81805,5.48835
201500006648,29,5,15,17,1,52,43,2,1,1,6,rue de la fontaine eau,47.72324,5.54648
201500006649,19,6,15,16,1,52,93,2,1,1,5,rue de Langres,47.80563,5.42428
201500006650,7,11,15,13,1,52,374,1,8,7,1,,47.78006,5.40213
201500006651,14,10,15,10,1,52,119,1,2,1,1,,47.81653,5.49643
201500006652,26,5,15,9,1,52,405,1,1,1,3,,47.6841,5.26574
201500006653,14,7,15,11,1,52,16,1,1,1,6,,47.85289,5.00934
201500006654,17,7,15,17,1,52,145,2,1,1,1,1 RUE LHUILLIER,47.69163,5.45836
201500006655,27,11,15,7,1,52,384,1,1,5,6,,47.79439,5.22158
201500006656,31,5,15,17,1,52,331,2,1,1,6,2 bis rue du Pâtis,48.47336,4.77299
201500006657,14,7,15,14,1,52,294,1,1,1,7,,48.54155,4.90782
201500006658,21,11,15,7,2,52,235,1,3,8,3,,48.64633,4.87339
201500006659,1,2,15,20,3,52,212,1,1,3,7,,48.38672,5.15342
201500006660,31,3,15,11,1,52,175,2,1,1,6,3 route de Vaux sur Sain,48.36259,5.15557
201500006661,30,4,15,15,1,52,212,1,1,1,6,,48.40116,5.1143
201500006662,4,7,15,12,1,52,511,1,1,7,1,,48.37393,5.20169
201500006663,11,7,15,13,1,52,118,1,1,1,3,,48.47464,5.12592
201500006664,14,7,15,20,1,52,302,2,1,1,7,3 rue du haut pré,48.49437,5.06688
201500006665,2,8,15,18,1,52,265,2,3,1,3,carrefour CD335  CD116,48.56129,5.05376
201500006666,12,8,15,0,3,52,250,1,1,1,1,,48.43406,5.1533
201500006667,11,9,15,17,1,52,250,1,1,1,1,,48.4288,5.15843
201500006668,1,10,15,14,1,52,181,1,1,1,1,,48.4646,5.29854
201500006669,24,10,15,19,5,52,265,2,1,9,2,46 rue Charles BURGEAT,48.54337,5.08952
201500006670,11,9,15,22,3,52,359,1,1,1,7,,48.383,4.815
201500006671,4,12,15,7,2,52,149,1,1,2,6,pas de Permis pas obliga,48.41151,4.9476
201500006672,2,7,15,11,1,21,514,1,1,1,6,,0.0,0.0
201500006673,13,3,15,16,1,21,555,1,1,1,6,,47.41395,5.14821
201500006674,18,3,15,23,3,21,21,1,1,1,7,,47.35696,5.21055
201500006675,20,1,15,7,3,21,609,1,1,1,5,,47.20978,5.2763
201500006676,20,3,15,17,1,21,371,1,1,1,7,,47.16452,5.33696
201500006677,16,7,15,8,1,21,38,2,2,7,3,Rue Claude Matrat,47.18845,5.39009
201500006678,16,8,15,10,1,21,701,1,1,1,6,,47.16252,5.40333
201500006679,3,9,15,15,1,21,28,2,1,1,1,rue de la saone,47.23053,5.37239
201500006680,30,10,15,18,2,21,38,2,1,1,1,rue rempart des soupirs,47.19422,5.38362
201500006681,6,11,15,22,3,21,38,1,1,1,6,,0.0,0.0
201500006682,14,11,15,21,3,21,331,1,1,1,6,,47.17112,5.38262
201500006683,5,6,15,19,1,21,292,2,2,1,1,ROUTE DE LABERGEMENT FOI,47.2454,5.22844
201500006684,14,6,15,5,1,21,352,2,1,1,7,"1, rue de la première ar",47.22021,5.2506
201500006685,25,6,15,8,1,21,292,2,9,1,1,route de Beire le Fort,47.23177,5.24168
201500006686,13,7,15,18,1,21,126,2,6,1,1,D109,47.28026,5.22279
201500006687,5,8,15,8,1,21,106,1,1,5,2,,47.23856,5.10662
201500006688,10,11,15,16,1,21,292,2,1,7,6,12 rue bernard laureau,47.24109,5.21902
201500006689,18,11,15,21,5,21,106,2,1,1,3,cd968,47.24054,5.10421
201500006690,22,3,15,13,1,21,390,2,1,1,1,41 rue des champforeys,47.27651,5.00127
201500006691,25,3,15,5,5,21,390,2,6,2,3,,47.2798,5.00708
201500006692,7,5,15,13,1,21,390,2,6,1,6,bd charles de gaulle,47.28123,5.01681
201500006693,3,7,15,21,2,21,458,2,1,1,7,route de DIJON,47.2,5.082
201500006694,24,7,15,18,1,21,265,1,6,2,7,,47.25726,4.99356
201500006695,24,7,15,18,1,21,390,2,9,1,3,route de beaune,47.27234,5.00233
201500006696,6,9,15,10,1,21,295,1,1,1,2,,47.22268,4.94976
201500006697,1,10,15,11,1,21,586,1,9,1,3,,47.22298,5.04901
201500006698,4,10,15,1,3,21,265,1,1,8,2,,47.24975,4.99008
201500006699,19,10,15,17,1,21,481,1,1,1,1,,47.26212,5.0226
201500006700,23,10,15,0,3,21,625,1,1,2,6,,47.20216,4.81024
201500006701,11,11,15,9,1,21,263,1,6,1,3,,47.25882,5.03466
201500006702,15,11,15,11,2,21,295,1,1,5,3,,47.217,5.071
201500006703,25,11,15,10,1,21,295,1,1,1,6,,47.233,4.991
201500006704,12,6,15,18,1,21,562,2,1,1,6,RUE DE LA LEVEE DE LOUTR,47.57884,5.40753
201500006705,9,4,15,17,1,21,599,2,1,1,6,18 rue de la Patnée,47.58803,5.18418
201500006706,8,7,15,15,1,21,665,1,1,1,6,Voie communale,47.64448,5.14796
201500006707,10,8,15,20,1,21,361,1,1,2,6,,47.49553,5.24269
201500006708,16,8,15,15,1,21,638,2,1,1,1,Intersection D974/D120,47.52433,5.18223
201500006709,27,8,15,13,1,21,245,1,1,1,5,,47.4589,5.06952
201500006710,3,2,15,13,1,21,37,1,1,1,1,,46.98711,4.74129
201500006711,20,2,15,14,1,21,712,1,1,1,1,,46.99194,4.79367
201500006712,24,2,15,7,2,21,54,1,1,9,7,,47.05213,4.79056
201500006713,24,2,15,9,2,21,54,1,1,8,7,,47.04313,4.80034
201500006714,12,3,15,16,1,21,461,2,3,1,3,Rue de la Liberté,46.95002,4.62877
201500006715,29,3,15,16,1,21,712,2,1,2,7,la chapelle - RD 973,47.00151,4.78772
201500006716,31,5,15,16,1,21,527,1,1,1,7,,46.94894,4.67109
201500006717,6,9,15,18,1,21,150,1,1,1,1,,46.92573,4.73939
201500006718,14,9,15,17,1,21,492,1,1,3,3,,47.0004,4.78638
201500006719,22,9,15,5,2,21,461,2,1,1,3,route d'autun,46.9524,4.63298
201500006720,28,9,15,9,1,21,541,1,3,1,1,,46.95264,4.7171
201500006721,31,10,15,0,3,21,411,1,1,5,7,,46.98074,4.93303
201500006722,22,4,15,21,3,21,9,1,1,1,1,,47.18272,4.4107
201500006723,1,6,15,15,1,21,360,1,1,1,1,,47.09249,4.67504
201500006724,7,7,15,14,1,21,9,1,1,9,7,,47.17745,4.41803
201500006725,25,7,15,5,2,21,210,1,1,6,7,,47.24904,4.56546
201500006726,30,8,15,14,1,21,715,1,1,1,1,,47.09033,4.37028
201500006727,1,11,15,15,1,21,567,1,2,1,3,,47.11451,4.5065