Num_Acc,jour,mois,an,hr,condition_eclairage,departement,commune,condition_agglomeration,intersection,condition_atmosphere,type_collision,adresse,lattitude,longitude
201500006728,6,11,15,18,3,21,128,1,1,2,1,,47.26771,4.47752
201500006729,6,12,15,17,5,21,634,2,9,8,6,D33 hameau de Pont d'Ouc,47.16682,4.70167
201500006730,26,4,15,13,1,21,564,1,1,1,1,,47.13199,5.09314
201500006731,30,6,15,8,1,21,464,2,1,1,6,rue sonoys,47.13637,4.95005
201500006732,19,9,15,11,1,21,464,1,2,1,3,,47.12281,4.94609
201500006733,20,12,15,16,1,21,22,1,1,1,3,,47.07638,5.02742
201500006734,25,7,15,10,1,21,103,1,1,1,6,Place Hotel de Villle,47.13324,5.21555
201500006735,11,10,15,5,3,21,356,2,1,1,6,39 route de SEURRE,47.08521,5.25224
201500006736,6,6,15,17,1,21,435,1,1,1,2,,47.90315,4.55587
201500006737,12,11,15,18,2,21,78,1,1,1,1,,47.85798,4.42944
201500006738,2,12,15,18,5,21,201,2,1,1,6,2 Rue place de l'église,47.75027,4.49275
201500006739,23,12,15,18,3,21,252,1,1,1,6,,47.69976,4.42602
201500006740,26,12,15,14,1,21,700,1,1,1,3,,47.93126,4.53726
201500006741,13,2,15,0,3,21,326,1,1,1,6,,47.62066,4.61521
201500006742,13,2,15,16,1,21,43,1,1,1,3,,47.59811,4.66615
201500006743,8,8,15,2,3,21,250,1,1,2,6,,47.75276,4.79165
201500006744,12,5,15,14,1,21,425,2,3,1,3,RUE PIERRE MENDES FRANCE,0.0,0.0
201500006745,5,7,15,23,3,21,603,1,1,1,6,,0.0,0.0
201500006746,23,7,15,12,1,21,425,2,1,1,6,Allée de corcelotte,47.61739,4.33231
201500006747,27,7,15,10,1,21,272,1,1,1,1,,47.45511,4.33818
201500006748,27,9,15,16,1,21,429,1,1,1,1,,47.58258,4.33539
201500006749,31,10,15,8,1,21,26,1,1,7,3,,47.71509,4.28547
201500006750,30,11,15,10,1,21,425,2,1,1,6,Place Gambetta,47.11445,4.50648
201500006751,9,12,15,18,5,21,603,2,1,1,6,23 rue de la liberté,47.49164,4.33568
201500006752,17,12,15,13,1,21,425,2,1,1,6,20 bis Quai Bouhey,47.61931,4.33815
201500006753,16,1,15,12,1,21,395,1,1,5,6,,47.38991,4.58048
201500006754,9,5,15,15,1,21,500,1,1,1,3,,47.51002,4.47388
201500006755,4,10,15,6,3,21,288,1,1,1,6,,47.546,4.635
201500006756,19,10,15,12,1,21,271,1,1,1,5,,47.48961,4.4934
201500006757,4,1,15,12,1,21,584,1,1,1,3,,47.423,4.266
201500006758,31,1,15,11,1,21,232,1,1,8,6,,47.39589,4.25018
201500006759,21,2,15,17,1,21,83,1,1,8,6,,47.18642,4.26362
201500006760,24,5,15,15,1,21,584,1,1,1,6,,47.381,4.17999
201500006761,13,6,15,15,1,21,417,1,1,7,1,,47.30683,4.36313
201500006762,3,7,15,14,1,21,101,1,1,1,3,,47.402,4.439
201500006763,13,12,15,17,3,21,615,1,1,1,2,,47.21504,4.34383
201500006764,14,12,15,14,1,21,83,2,7,7,6,Rue de Chaillot,47.196,4.243
201500006765,19,12,15,8,1,21,434,1,1,1,7,,47.35744,4.28411
201500006766,14,1,15,15,1,21,611,1,1,4,1,,47.32034,4.72213
201500006767,17,1,15,21,3,21,33,1,1,4,7,,47.2932,4.66049
201500006768,9,2,15,12,1,21,485,1,1,1,6,,47.33724,4.96557
201500006769,15,6,15,0,5,21,300,2,1,2,6,rue du moulin thibel,0.0,0.0
201500006770,1,1,15,2,5,58,95,2,1,2,6,avenue de Verdun,0.0,0.0
201500006771,21,2,15,11,1,58,95,2,1,1,3,boulevard voltaire,0.0,0.0
201500006772,27,8,15,13,1,58,95,2,1,1,6,rue de vauzzlles,0.0,0.0
201500006773,16,9,15,12,1,58,151,2,1,8,6,29 avenue Jean Baptiste,0.0,0.0
201500006774,13,10,15,18,1,58,95,2,1,1,6,10 boulevard voltaire,0.0,0.0
201500006775,15,12,15,18,5,58,151,2,1,2,6,40 av de la République,0.0,0.0
201500006776,26,12,15,11,1,58,241,1,1,1,6,,0.0,0.0
201500006777,25,1,15,20,5,58,51,1,1,1,6,,0.0,0.0
201500006778,1,4,15,23,3,58,51,1,1,1,7,,0.0,0.0
201500006779,19,4,15,12,1,58,160,1,1,1,3,,0.0,0.0
201500006780,12,5,15,15,1,58,117,2,1,1,6,rue DUFAUD,0.0,0.0
201500006781,13,5,15,12,1,58,160,1,1,1,3,,0.0,0.0
201500006782,28,7,15,21,5,58,117,2,1,1,6,17 Rue Gambetta,0.0,0.0
201500006783,3,10,15,18,1,58,160,1,1,8,1,,0.0,0.0
201500006784,9,3,15,16,1,58,112,1,1,1,6,,0.0,0.0
201500006785,7,5,15,17,1,58,247,1,1,1,6,,0.0,0.0
201500006786,10,6,15,18,1,58,278,1,1,1,6,,0.0,0.0
201500006787,2,7,15,16,1,58,134,2,1,1,6,18 rue PVC,0.0,0.0
201500006788,8,9,15,13,1,58,273,1,1,1,1,,0.0,0.0
201500006789,4,10,15,8,1,58,278,2,1,1,6,Autoroute A77 PK 162,0.0,0.0
201500006790,25,11,15,18,3,58,238,1,1,2,7,,0.0,0.0
201500006791,7,6,15,18,1,58,294,1,2,1,1,,0.0,0.0
201500006792,18,10,15,12,1,58,138,1,1,1,1,,0.0,0.0
201500006793,25,2,15,7,1,58,267,1,1,5,6,,0.0,0.0
201500006794,9,4,15,19,1,58,223,1,1,1,6,,0.0,0.0
201500006795,5,8,15,22,3,58,30,2,1,1,1,fleury,0.0,0.0
201500006796,4,10,15,16,1,58,65,2,1,1,6,Place Pierre Paul Saury,0.0,0.0
201500006797,15,8,15,11,1,58,62,1,1,8,6,,0.0,0.0
201500006798,8,9,15,19,3,58,142,1,1,1,7,,0.0,0.0
201500006799,21,3,15,12,1,58,79,2,1,2,6,route armes,0.0,0.0
201500006800,15,4,15,15,1,58,200,2,1,1,6,Le bourg,0.0,0.0
201500006801,11,7,15,21,1,58,79,1,1,1,6,,47.583,3.083
201500006802,19,11,15,4,3,58,79,2,1,2,6,RUE DU 08 MAI 1945 CD977,0.0,0.0
201500006803,10,5,15,19,1,58,145,2,1,1,6,47 rue de la maladrerie,0.0,0.0
201500006804,13,6,15,17,1,58,180,1,1,1,3,,0.0,0.0
201500006805,28,9,15,11,1,58,83,2,1,1,6,278 Grande rue,0.0,0.0
201500006806,4,7,15,15,1,58,304,1,1,8,7,,0.0,0.0
201500006807,13,1,15,15,1,58,86,2,4,1,1,rue de donzy,0.0,0.0
201500006808,14,3,15,9,1,58,86,1,1,1,3,,0.0,0.0
201500006809,4,7,15,10,1,58,270,1,1,1,6,,0.0,0.0
201500006810,18,8,15,13,1,58,251,1,1,1,7,,0.0,0.0
201500006811,13,10,15,0,3,58,36,1,1,1,7,,0.0,0.0
201500006812,14,4,15,15,1,58,59,2,1,1,3,rue de la promenade des,47.0,3.0
201500006813,10,5,15,15,1,58,279,2,1,1,6,D 977 Petit Sichamps,0.0,0.0
201500006814,30,6,15,9,1,58,59,1,1,1,6,,0.0,0.0
201500006815,2,8,15,16,1,58,295,1,1,1,6,,0.0,0.0
201500006816,5,8,15,15,1,58,122,1,1,1,7,,0.0,0.0
201500006817,21,8,15,11,1,58,61,1,1,1,3,,0.0,0.0
201500006818,1,9,15,10,1,58,59,1,3,3,3,,47.185,3.065
201500006819,2,5,15,15,1,58,27,1,1,2,1,,0.0,0.0
201500006820,14,1,15,8,1,71,250,1,2,1,3,,46.3724,4.80588
201500006821,26,1,15,1,3,71,210,1,1,2,6,,46.28801,4.7525
201500006822,2,3,15,1,3,71,574,1,1,3,7,,46.38462,4.73809
201500006823,11,4,15,15,1,71,250,1,1,1,3,,46.37341,4.78813
201500006824,22,5,15,20,1,71,360,1,1,1,3,,46.32705,4.7567
201500006825,3,6,15,8,1,71,448,1,1,1,4,,0.0,0.0
201500006826,25,6,15,14,1,71,250,1,1,1,5,,46.37195,4.8094
201500006827,6,10,15,15,1,71,556,2,1,1,3,,46.2728,4.79878
201500006828,31,10,15,12,1,71,526,2,1,1,1,route de la roche,0.0,0.0
201500006829,31,10,15,14,1,71,250,2,1,1,3,carrefour de MORANCHIN,0.0,0.0
201500006830,16,11,15,9,1,71,299,1,1,1,2,,0.0,0.0
201500006831,16,11,15,15,1,71,299,1,1,1,4,,0.0,0.0
201500006832,13,2,15,20,3,71,372,1,1,1,3,,46.18633,4.7317
201500006833,4,5,15,16,1,71,150,2,1,1,1,RD 906,0.0,0.0
201500006834,29,5,15,9,1,71,481,2,1,1,6,rue des morels,0.0,0.0
201500006835,2,6,15,8,1,71,481,1,1,1,3,,46.19789,4.76366
201500006836,3,7,15,22,5,71,150,2,2,1,3,,0.0,0.0
201500006837,4,7,15,16,1,71,372,2,1,1,6,Rue des guillattes,46.19045,4.73643
201500006838,7,7,15,13,1,71,90,1,2,1,3,,0.0,0.0
201500006839,8,8,15,0,5,71,372,2,1,1,6,maison blanche,46.1826,4.74962
201500006840,6,9,15,0,3,71,90,1,1,1,2,,46.1989,4.76425
201500006841,9,9,15,15,1,71,90,1,2,1,3,,0.0,0.0
201500006842,3,11,15,18,3,71,90,1,1,2,6,,0.0,0.0
201500006843,2,5,15,12,1,71,546,1,1,1,6,les angerolles,46.32861,4.54299
201500006844,10,5,15,1,3,71,545,1,1,1,6,,0.0,0.0
201500006845,16,5,15,10,1,71,289,2,1,1,3,Les berlières,46.30861,4.4918
201500006846,10,6,15,10,1,71,137,1,1,1,7,,0.0,0.0
201500006847,27,6,15,8,1,71,30,1,1,1,6,,0.0,0.0
201500006848,1,4,15,18,1,71,305,1,2,1,3,,46.46522,4.888
201500006849,30,4,15,22,5,71,584,2,1,2,6,Rue du 8 mai 1945,0.0,0.0
201500006850,14,7,15,18,1,71,543,2,1,1,6,chemin de halage,46.57502,4.91209
201500006851,11,2,15,15,1,71,313,1,1,1,6,,0.0,0.0
201500006852,17,2,15,8,1,71,14,2,1,1,6,avenue charles de gaulle,46.95185,4.29719
201500006853,15,4,15,11,1,71,14,2,9,1,3,Rue de Paris,46.95795,4.2972
201500006854,21,4,15,16,1,71,14,2,1,1,6,rue de l Arbalete,46.94981,4.29938
201500006855,14,5,15,14,1,71,14,2,9,1,6,avenue de la république,46.95796,4.30069
201500006856,14,7,15,8,1,71,14,2,3,1,1,25 route de Beaune,46.95634,4.3156
201500006857,4,8,15,6,2,71,14,2,1,2,6,,46.97793,4.30909
201500006858,18,9,15,17,1,71,438,1,1,1,6,,47.02473,4.40535
201500006859,4,10,15,8,2,71,509,1,1,8,7,,0.0,0.0
201500006860,2,11,15,0,3,71,15,2,1,5,6,5 rue des ailleres,46.95087,4.40679
201500006861,11,11,15,22,3,71,14,1,1,5,6,,46.92544,4.36706
201500006862,14,11,15,18,3,71,14,1,1,1,3,,0.0,0.0
201500006863,3,12,15,14,1,71,190,1,2,8,3,,46.99576,4.50802
201500006864,31,1,15,19,3,71,46,1,1,2,6,,0.0,0.0
201500006865,13,3,15,10,1,71,192,2,1,1,3,RD 297,0.0,0.0
201500006866,20,7,15,18,1,71,62,1,1,7,7,,46.91127,4.21416
201500006867,8,2,15,0,3,71,378,1,1,1,7,,0.0,0.0
201500006868,30,4,15,8,1,71,422,1,1,1,1,,0.0,0.0
201500006869,19,6,15,19,1,71,430,1,1,1,1,route de barizey,46.80053,4.69399
201500006870,22,6,15,16,1,71,225,1,1,1,1,,0.0,0.0
201500006871,28,7,15,16,1,71,520,2,1,1,3,ROUTE DU VAL DE SAONE,46.74249,4.8454
201500006872,19,9,15,19,2,71,277,1,1,1,6,,0.0,0.0
201500006873,19,12,15,10,1,71,404,2,1,8,3,avenue de bourgogne,46.75324,4.70664
201500006874,21,12,15,9,1,71,324,1,1,1,6,,0.0,0.0
201500006875,31,3,15,9,1,71,117,1,1,1,1,,0.0,0.0
201500006876,15,4,15,9,1,71,189,2,9,1,3,RD 978 - rue Guérin,46.7539,4.89809
201500006877,25,6,15,15,1,71,420,1,1,1,3,,0.0,0.0
201500006878,20,8,15,12,1,71,4,1,1,1,7,,46.80003,4.97348
201500006879,26,8,15,15,1,71,138,1,1,1,2,,0.0,0.0
201500006880,2,9,15,16,1,71,138,1,1,1,6,,0.0,0.0
201500006881,18,10,15,14,1,71,117,1,1,1,7,,46.78792,4.89678
201500006882,31,10,15,11,1,71,131,1,1,5,1,,0.0,0.0
201500006883,19,11,15,14,1,71,167,1,1,8,6,,0.0,0.0
201500006884,6,12,15,5,5,71,398,2,1,1,6,30 rue des mourillons,46.76185,4.98892
201500006885,7,5,15,15,1,71,512,2,2,1,3,rue du lieutenant bonnet,46.64055,4.86625
201500006886,29,5,15,11,1,71,52,2,1,1,3,en boirie,46.58048,4.88239
201500006887,6,6,15,5,2,71,328,2,1,1,6,vincelles,46.6302,4.82436
201500006888,20,7,15,16,1,71,555,1,1,1,1,,46.68925,4.87347
201500006889,30,8,15,18,1,71,512,2,1,1,2,rue du 4 septembre,46.64467,4.87131
201500006890,8,12,15,21,3,71,555,1,1,2,3,,46.70434,4.86764
201500006891,18,12,15,17,3,71,512,2,1,1,6,place de la mairie,46.63767,4.86955
201500006892,21,11,15,19,3,71,82,1,1,2,5,,0.0,0.0
201500006893,27,11,15,14,1,71,564,1,1,5,7,,46.45775,4.38315
201500006894,13,2,15,8,1,71,120,1,1,1,1,,0.0,0.0
201500006895,29,7,15,13,1,71,483,1,1,2,6,,0.0,0.0
201500006896,8,9,15,16,1,71,110,1,2,1,3,,0.0,0.0
201500006897,14,9,15,12,1,71,120,2,1,8,6,monnay,46.19917,4.34066
201500006898,15,4,15,8,1,71,176,2,1,1,1,lotissement des Peuplier,46.4837,3.98098
201500006899,4,7,15,14,1,71,176,2,1,7,6,76 avenue De Gaulle,46.48428,3.98739
201500006900,29,7,15,11,1,71,325,1,1,1,6,,46.49127,3.96627
201500006901,12,12,15,15,1,71,176,2,1,1,6,Av. Europe,46.47499,4.00391
201500006902,9,1,15,9,3,71,12,1,1,2,6,narbots,46.25374,4.01354
201500006903,26,2,15,22,3,71,291,1,1,2,6,,46.21028,4.01588
201500006904,11,4,15,13,1,71,291,2,1,1,6,Le bourg,0.0,0.0
201500006905,6,6,15,17,1,71,275,2,1,1,3,54 Rue de Borchamp,46.26903,4.04133
201500006906,30,6,15,11,1,71,238,2,1,1,6,grande rue,0.0,0.0
201500006907,17,9,15,15,1,71,11,1,1,1,1,,0.0,0.0
201500006908,6,12,15,15,1,71,238,1,1,1,3,,46.22384,4.06043
201500006909,12,2,15,18,2,71,439,1,1,1,3,,0.0,0.0
201500006910,19,4,15,6,1,71,232,1,1,1,6,la redoute,0.0,0.0
201500006911,27,5,15,15,1,71,342,1,1,1,6,,46.46942,4.10744
201500006912,2,6,15,15,1,71,588,1,1,1,6,,0.0,0.0
201500006913,6,6,15,19,1,71,354,1,1,1,7,,46.3668,4.16457
201500006914,14,10,15,16,1,71,342,2,1,1,6,Rue Michel Anguier,46.46106,4.11238
201500006915,26,12,15,16,1,71,342,2,1,1,3,,46.46518,4.10861
201500006916,15,5,15,9,1,71,47,1,1,1,1,,46.62299,3.76909
201500006917,2,6,15,11,1,71,346,1,1,1,3,,0.0,0.0
201500006918,3,6,15,9,1,71,356,2,1,1,1,Le bourg,0.0,0.0
201500006919,15,6,15,10,1,71,330,1,1,2,3,,0.0,0.0
201500006920,22,6,15,23,3,71,542,1,1,1,6,,0.0,0.0
201500006921,26,8,15,16,1,71,340,1,1,1,1,,0.0,0.0
201500006922,26,8,15,17,1,71,490,1,1,1,1,,46.50493,4.12922
201500006923,5,10,15,5,3,71,340,1,1,5,1,,0.0,0.0
201500006924,30,10,15,16,1,71,346,1,1,1,3,,0.0,0.0
201500006925,26,11,15,14,1,71,281,1,1,1,3,,0.0,0.0
201500006926,26,11,15,15,1,71,565,1,1,1,3,,46.62538,4.08537
201500006927,19,12,15,9,3,71,542,1,1,8,5,,0.0,0.0
201500006928,18,3,15,10,1,71,56,1,3,1,3,,46.6456,5.16399
201500006929,4,6,15,14,1,71,56,1,1,7,1,,0.0,0.0
201500006930,5,7,15,19,1,71,157,1,1,1,5,,0.0,0.0
201500006931,14,7,15,5,2,71,209,1,1,1,7,,46.54694,5.28174
201500006932,3,4,15,15,1,71,261,2,1,1,3,rue des carles,46.59099,4.99921
201500006933,2,11,15,17,1,71,261,1,1,5,6,,0.0,0.0
201500006934,29,3,15,4,3,71,538,1,1,1,6,,0.0,0.0
201500006935,24,4,15,9,1,71,419,1,1,1,2,,46.75903,5.23412
201500006936,25,6,15,14,1,71,516,1,1,1,7,,46.76451,5.22811
201500006937,25,7,15,14,1,71,364,1,1,1,6,,46.82803,5.16957
201500006938,12,8,15,21,5,71,254,2,1,1,1,,46.9268,5.24835
201500006939,28,1,15,18,3,71,187,1,1,2,5,,0.0,0.0
201500006940,15,2,15,3,3,71,412,1,1,1,6,,0.0,0.0
201500006941,28,3,15,22,3,71,436,1,1,2,6,,0.0,0.0
201500006942,22,4,15,16,1,71,390,1,1,7,6,les goubeaux,46.71402,4.31363
201500006943,23,8,15,19,1,71,282,1,1,2,1,,0.0,0.0
201500006944,6,11,15,17,5,71,310,2,1,1,6,Avenue de la Libération,46.74545,4.47097
201500006945,2,1,15,13,1,89,341,1,1,5,4,,47.71902,3.7602
201500006946,22,2,15,10,1,89,438,1,1,5,2,,47.80084,3.645
201500006947,1,3,15,10,1,89,53,1,1,2,2,,47.87505,3.47769
201500006948,3,3,15,0,3,89,133,1,1,1,2,,47.9791,3.19206
201500006949,22,5,15,15,1,89,484,1,1,1,2,,47.91119,3.32873
201500006950,6,6,15,18,1,89,484,1,1,1,2,,47.91025,3.30334
201500006951,19,9,15,8,1,89,484,1,1,1,7,,47.91139,3.32179
201500006952,22,10,15,0,3,89,24,1,1,1,2,,47.83191,3.62231
201500006953,31,10,15,15,1,89,313,1,1,1,6,,47.97384,3.19886
201500006954,2,11,15,23,3,89,24,1,1,1,5,,47.83058,3.6229
201500006955,2,1,15,17,3,89,261,1,9,5,6,,48.24682,3.54392
201500006956,30,1,15,2,3,89,298,1,1,4,6,,48.05891,3.10858
201500006957,3,2,15,12,1,89,136,1,1,1,6,,48.24738,3.26801
201500006958,22,2,15,14,1,89,172,1,1,1,1,,48.2349,3.42438
201500006959,8,5,15,13,1,89,350,1,1,1,5,,48.02694,3.1301
201500006960,20,7,15,7,1,89,466,1,1,1,2,,48.18786,3.18374
201500006961,29,8,15,15,1,89,342,1,1,1,2,,48.24199,3.26204
201500006962,18,10,15,2,3,89,80,1,1,8,6,,48.26948,3.29281
201500006963,20,10,15,7,2,89,380,1,1,5,6,,48.06478,3.10955
201500006964,9,11,15,8,1,89,459,1,1,1,2,,48.1243,3.14256
201500006965,25,11,15,17,2,89,380,1,1,3,6,,48.06078,3.10366
201500006966,20,2,15,23,3,89,438,1,1,3,6,,47.81122,3.6115
201500006967,19,2,15,16,1,89,295,2,1,7,2,,47.81896,3.53929
201500006968,25,4,15,15,1,89,102,2,1,1,1,,47.75919,3.50503
201500006969,19,12,15,17,3,89,13,1,1,1,1,,47.8492,3.50291
201500006970,30,6,15,20,1,89,155,1,4,1,3,,47.72043,3.61171
201500006971,23,12,15,11,1,89,256,1,1,8,7,,47.66766,3.5148
201500006972,25,1,15,9,1,89,76,1,1,9,6,,48.03835,3.65325
201500006973,2,2,15,9,1,89,345,2,1,2,3,rue charles de gaulle,48.00434,3.72413
201500006974,16,2,15,18,2,89,76,2,3,1,3,Rue de la Gondonnerie,48.02287,3.66681
201500006975,14,3,15,11,1,89,439,2,1,1,6,26 rue de la sauniere,47.98428,3.73189
201500006976,24,7,15,15,1,89,345,2,1,1,6,avenue du général lecler,48.00207,3.72851
201500006977,13,9,15,14,1,89,345,1,1,8,1,,47.99974,3.71448
201500006978,11,12,15,17,5,89,345,1,3,1,5,,48.00511,3.67494
201500006979,13,12,15,5,2,89,69,2,1,2,6,,0.0,0.0
201500006980,15,5,15,10,1,89,68,1,1,1,3,,47.80942,3.83093
201500006981,21,5,15,9,1,89,34,1,1,1,7,,47.81308,3.70636
201500006982,25,7,15,16,1,89,463,1,1,1,2,,47.85375,3.63751
201500006983,2,8,15,6,2,89,201,1,1,1,6,,47.89995,3.65702
201500006984,12,9,15,0,3,89,77,1,1,1,6,,47.73867,3.60582
201500006985,29,9,15,15,1,89,263,2,1,1,1,rue de sommeville,0.0,0.0
201500006986,10,10,15,0,3,89,265,1,1,1,6,,47.86449,3.64929
201500006987,13,10,15,10,1,89,2,1,3,1,3,,47.71747,3.90998
201500006988,19,10,15,7,5,89,263,1,1,5,3,,47.82926,3.58279
201500006989,22,11,15,13,1,89,198,1,1,1,6,,47.87993,3.54737
201500006990,10,2,15,14,1,89,408,1,1,1,6,,47.752,3.11647
201500006991,6,5,15,17,1,89,73,1,1,1,6,,47.78757,3.08549
201500006992,18,5,15,17,1,89,419,2,1,1,5,AVENUE GAL DE GAULLE,47.72405,3.31165
201500006993,18,6,15,10,1,89,419,2,1,1,6,02 rue Paul DEFRANCE,47.73492,3.29625
201500006994,5,7,15,19,1,89,420,1,1,1,6,,47.57526,3.17998
201500006995,10,7,15,14,1,89,273,1,1,1,1,,47.60512,3.21538
201500006996,12,8,15,9,1,89,325,1,1,1,2,,47.66038,3.10481
201500006997,27,8,15,18,1,89,419,2,1,1,1,RD 950 - Avenue du Gl De,47.72167,3.31328
201500006998,17,9,15,8,1,89,46,1,1,1,3,RD22,47.6953,2.9372
201500006999,5,10,15,17,1,89,147,1,1,3,4,,47.75097,3.25894
201500007000,22,10,15,11,1,89,179,1,1,2,6,,47.64714,3.2989
201500007001,30,10,15,9,1,89,419,1,1,1,6,,47.71195,3.32592
201500007002,1,11,15,3,3,89,344,1,1,1,6,,47.68738,3.11145
201500007003,10,11,15,23,3,89,419,1,1,1,6,,47.73366,3.31238
201500007004,14,11,15,15,1,89,150,2,1,1,1,,47.814,3.363
201500007005,27,11,15,18,3,89,367,1,1,5,3,,47.62322,3.24836
201500007006,30,11,15,18,3,89,416,1,1,2,3,,47.57097,3.28683
201500007007,12,12,15,10,1,89,254,1,1,8,2,,47.67863,3.13654
201500007008,14,12,15,12,1,89,272,1,1,1,1,,47.71342,3.35458
201500007009,2,5,15,14,1,89,232,1,1,3,1,,47.56501,3.88731
201500007010,26,7,15,17,1,89,44,1,2,9,2,,47.53788,3.76753
201500007011,8,8,15,17,1,89,159,1,1,1,1,,47.51866,3.90809
201500007012,10,8,15,9,1,89,349,1,1,1,6,,0.0,0.0
201500007013,23,10,15,10,1,89,306,1,1,1,1,,47.49238,3.87553
201500007014,3,11,15,13,1,89,159,1,1,2,1,,47.51321,3.90888
201500007015,30,4,15,14,1,89,206,2,6,2,3,,47.97764,3.38592
201500007016,11,5,15,7,1,89,206,2,1,1,3,avenue de Mayen,47.98079,3.41535
201500007017,23,9,15,11,1,89,206,2,1,1,4,RUE DES SOEURS LECOQ,0.0,0.0
201500007018,13,9,15,3,3,89,167,1,1,8,7,,0.0,0.0
201500007019,5,11,15,10,1,89,3,2,1,1,6,Boulevard du nord,47.87628,3.34991
201500007020,26,3,15,20,5,89,257,2,1,2,1,,0.0,0.0
201500007021,4,4,15,19,5,89,257,2,1,1,3,rue paul bert,47.95918,3.50469
201500007022,23,4,15,17,1,89,85,1,1,1,6,,47.95,3.504
201500007023,11,6,15,14,1,89,257,2,1,1,6,57 rue Ramon,47.96586,3.50488
201500007024,12,9,15,18,1,89,257,2,1,1,3,Rue de la Liberté,47.96481,3.51026
201500007025,16,9,15,7,1,89,257,2,1,2,3,Avenue du Port,47.96253,3.50438
201500007026,30,9,15,12,1,89,56,1,1,1,1,,47.99124,3.46113
201500007027,10,10,15,19,5,89,257,2,1,1,3,,47.95589,3.49979
201500007028,15,11,15,17,1,89,156,2,1,1,6,,47.99693,3.57718
201500007029,17,11,15,10,1,89,156,1,1,1,6,,47.98933,3.59503
201500007030,1,12,15,15,1,89,257,2,6,1,3,Pierre et Marie CURIE,47.96169,3.50424
201500007031,10,12,15,9,1,89,257,2,1,5,6,12 Avenue du Port,47.96066,3.50473
201500007032,5,9,15,16,1,89,111,1,1,1,1,,0.0,0.0
201500007033,16,9,15,16,1,89,195,1,4,1,6,,48.15544,3.26959
201500007034,10,10,15,8,1,89,240,1,1,1,6,,48.20212,3.3679
201500007035,26,3,15,17,1,89,189,1,1,2,1,,48.28233,3.23973
201500007036,5,6,15,15,1,89,414,1,1,7,1,,48.29996,3.33863
201500007037,31,7,15,17,1,89,124,2,1,1,6,26 GRANDE RUE,0.0,0.0
201500007038,29,8,15,13,1,89,309,1,1,1,1,,0.0,0.0
201500007039,2,10,15,15,1,89,414,1,1,1,5,,48.29818,3.40657
201500007040,20,1,15,11,1,89,370,2,1,1,1,rue de la republique,48.17924,3.09371
201500007041,6,4,15,21,3,89,126,1,1,1,7,,48.11889,3.09413
201500007042,9,4,15,8,1,89,450,1,2,1,3,,48.22464,3.15642
201500007043,11,7,15,22,2,89,54,1,1,1,7,,48.22771,3.12671
201500007044,31,12,15,17,2,89,180,1,1,1,7,,0.0,0.0
201500007045,21,2,15,22,3,89,464,1,1,1,6,,48.09916,3.28985
201500007046,21,3,15,16,1,89,60,1,1,1,6,,48.06808,3.26339
201500007047,1,4,15,16,1,89,464,2,1,1,1,Faubourg de l'espérance,48.07983,3.29919
201500007048,30,4,15,14,1,89,388,1,1,2,1,,47.93249,3.21525
201500007049,23,5,15,15,1,89,298,1,1,1,3,,48.05768,3.1312
201500007050,29,5,15,11,1,89,51,1,1,1,1,,48.11031,3.36106
201500007051,21,6,15,0,3,89,94,2,1,1,6,rue étienne crozier,48.08865,3.23124
201500007052,3,7,15,16,1,89,464,1,1,1,2,,48.06668,3.29093
201500007053,12,7,15,11,1,89,464,2,1,1,6,faubourg saint laurent,48.08322,3.28889
201500007054,16,7,15,16,1,89,327,1,1,1,5,,48.09631,3.28045
201500007055,29,8,15,20,2,89,348,2,1,1,6,RUE DES HUGUENOTS,48.02999,3.29706
201500007056,6,9,15,7,2,89,464,2,1,1,3,D272,48.08968,3.28664
201500007057,21,9,15,21,3,89,63,1,1,1,6,,47.98386,3.27524
201500007058,19,4,15,3,3,89,17,2,1,1,6,37 GRANDE RUE,47.75677,4.10842
201500007059,16,1,15,17,3,25,112,2,1,3,6,voie des marni?res,0.0,0.0
201500007060,14,2,15,11,1,25,56,2,1,1,6,"56, rue Mirabeau",0.0,0.0
201500007061,28,3,15,2,5,25,417,2,1,1,6,57 grande rue,47.217,6.239