Num_Acc,jour,mois,an,hr,condition_eclairage,departement,commune,condition_agglomeration,intersection,condition_atmosphere,type_collision,adresse,lattitude,longitude
201500007062,9,7,15,7,1,25,245,2,1,7,1,Lieu dit Les Rochets,47.189,6.059
201500007063,30,8,15,21,3,25,410,1,1,1,1,,47.228,6.078
201500007064,24,10,15,9,1,25,27,1,1,1,6,,47.18252,6.00555
201500007065,11,11,15,17,1,25,78,1,1,1,1,,47.24667,6.25989
201500007066,13,1,15,18,5,25,558,2,1,1,3,ROUTE DE BESANCON,0.0,0.0
201500007067,26,5,15,10,1,25,199,1,1,5,6,,47.002,6.07
201500007068,31,7,15,11,1,25,630,2,1,1,3,chemin des portes,47.101,6.251
201500007069,7,8,15,14,1,25,535,1,1,1,3,,0.0,0.0
201500007070,12,11,15,15,1,25,558,1,1,1,1,,47.171,6.112
201500007071,18,11,15,17,5,25,15,2,1,1,6,grande rue,47.03769,6.07126
201500007072,2,3,15,15,1,25,287,2,1,1,3,route de Besan?on,0.0,0.0
201500007073,15,3,15,12,1,25,154,1,1,1,1,,47.111,5.894
201500007074,26,3,15,7,1,25,149,1,1,1,6,,47.138,5.923
201500007075,3,4,15,7,2,25,527,1,1,5,5,,47.193,5.833
201500007076,7,5,15,15,1,25,287,1,1,1,7,,47.196,5.895
201500007077,24,5,15,6,2,25,488,1,1,1,6,,47.016,5.854
201500007078,13,6,15,21,1,25,502,2,1,1,6,13 rue du bas des Hous,0.0,0.0
201500007079,2,7,15,22,5,25,21,2,1,1,2,,0.0,0.0
201500007080,7,7,15,7,1,25,154,2,1,7,1,rue charles prillard,47.111,5.889
201500007081,15,8,15,11,1,25,527,1,1,2,6,,0.0,0.0
201500007082,11,9,15,7,2,25,2,1,1,1,6,,47.122,5.881
201500007083,23,12,15,3,3,25,84,2,1,1,7,,47.15535,5.90117
201500007084,24,2,15,15,1,25,428,2,1,1,3,RD 437,0.0,0.0
201500007085,15,3,15,19,3,25,207,1,1,1,3,,0.0,0.0
201500007086,2,4,15,18,1,25,350,1,1,3,3,,47.459,6.681
201500007087,25,4,15,16,1,25,632,2,8,2,1,rue du pont,0.0,0.0
201500007088,9,5,15,11,1,25,632,1,1,8,7,,0.0,0.0
201500007089,30,7,15,21,2,25,608,1,9,1,7,,0.0,0.0
201500007090,2,12,15,18,3,25,43,1,1,1,5,,47.48633,6.77307
201500007091,28,12,15,18,3,25,469,1,1,9,3,,0.0,0.0
201500007092,10,2,15,13,1,25,228,2,1,1,1,rue oehmichem,47.518,6.87
201500007093,10,4,15,16,1,25,228,1,3,1,3,,47.512,6.864
201500007094,24,5,15,20,1,25,196,2,1,1,1,rue de dampierre,47.484,6.895
201500007095,31,5,15,5,2,25,71,1,1,1,6,,47.444,6.845
201500007096,20,9,15,12,1,25,196,1,1,3,6,,0.0,0.0
201500007097,3,10,15,14,1,25,196,1,1,1,3,,47.489,6.9
201500007098,5,11,15,19,5,25,190,2,1,1,3,,47.51,6.914
201500007099,17,1,15,20,5,25,193,1,1,9,1,,47.229,6.865
201500007100,7,5,15,18,1,25,356,1,1,1,6,,47.263,6.803
201500007101,16,5,15,14,1,25,588,1,1,1,7,,0.0,0.0
201500007102,24,5,15,12,1,25,238,1,1,1,1,,0.0,0.0
201500007103,3,6,15,9,1,25,356,2,1,1,6,rue du Général de Gaulle,0.0,0.0
201500007104,6,7,15,17,1,25,193,1,1,1,7,,47.23,6.866
201500007105,10,8,15,17,1,25,255,2,1,8,1,8 Rue Ulysse Robert,47.16791,6.82782
201500007106,11,9,15,2,3,25,571,1,1,1,7,,0.0,0.0
201500007107,14,11,15,15,1,25,91,1,1,1,3,,47.27478,6.81551
201500007108,5,12,15,10,1,25,356,2,1,1,6,35 rue du gal de gaulle,47.25319,6.80162
201500007109,23,2,15,15,1,25,519,1,1,2,1,,0.0,0.0
201500007110,16,3,15,7,2,25,370,1,1,1,7,,0.0,0.0
201500007111,19,3,15,10,1,25,463,2,1,1,6,16 rue de montbeliard,0.0,0.0
201500007112,23,3,15,15,1,25,519,1,1,1,6,,0.0,0.0
201500007113,4,4,15,16,1,25,519,1,1,3,7,,0.0,0.0
201500007114,19,7,15,21,1,25,370,1,1,1,5,,0.0,0.0
201500007115,31,7,15,14,1,25,387,1,1,1,3,,0.0,0.0
201500007116,2,8,15,17,1,25,463,1,1,1,4,,0.0,0.0
201500007117,14,1,15,17,2,25,411,2,1,2,6,AVENUE CHARLES DE GAULLE,47.055,6.601
201500007118,29,3,15,21,3,25,181,2,1,3,3,RD 50,0.0,0.0
201500007119,22,4,15,11,1,25,32,1,1,1,2,,0.0,0.0
201500007120,27,4,15,1,3,25,313,1,1,3,6,,0.0,0.0
201500007121,30,4,15,13,1,25,47,1,1,1,3,,0.0,0.0
201500007122,29,5,15,18,1,25,47,1,1,1,1,,0.0,0.0
201500007123,14,6,15,18,1,25,574,1,1,1,1,,47.472,6.434
201500007124,14,6,15,9,1,25,590,1,1,1,7,,47.289,6.436
201500007125,8,8,15,15,1,25,492,1,1,1,6,,0.0,0.0
201500007126,31,12,15,20,3,25,47,1,1,2,7,,47.345,6.38
201500007127,6,1,15,18,3,25,372,1,1,1,3,,47.459,6.599
201500007128,14,2,15,10,1,25,595,1,1,7,1,,47.342,6.601
201500007129,25,3,15,21,5,25,315,2,1,2,1,Rue quai de la saline,47.453,6.586
201500007130,14,8,15,19,1,25,83,1,1,8,1,,47.5,6.496
201500007131,15,9,15,19,2,25,530,1,1,8,6,,47.303,6.612
201500007132,4,10,15,4,3,25,232,1,1,9,6,,47.489,6.62
201500007133,9,11,15,8,1,25,246,1,1,1,6,,47.419,6.475
201500007134,12,11,15,22,3,25,19,2,9,5,7,grande rue,47.449,6.568
201500007135,11,12,15,19,5,25,394,2,1,1,3,Rue de Lougres,47.48576,6.66719
201500007136,11,7,15,19,1,25,163,1,1,1,1,,0.0,0.0
201500007137,22,12,15,18,3,25,508,1,1,9,3,,47.31898,6.24648
201500007138,5,1,15,5,3,25,262,1,1,9,5,,0.0,0.0
201500007139,11,1,15,3,3,25,453,1,1,3,6,,0.0,0.0
201500007140,25,3,15,18,3,25,222,1,1,2,3,,47.149,6.27
201500007141,16,4,15,13,1,25,578,2,1,1,6,11 grande rue,47.1488,6.33527
201500007142,14,7,15,2,3,25,453,1,1,1,7,,0.0,0.0
201500007143,4,12,15,20,3,25,432,1,1,1,1,,47.13249,6.5373
201500007144,8,12,15,15,1,25,262,1,1,1,1,,47.13395,6.58515
201500007145,9,4,15,12,1,25,157,1,1,1,5,,0.0,0.0
201500007146,21,4,15,15,1,25,462,1,1,1,1,,0.0,0.0
201500007147,27,4,15,13,1,25,334,1,1,2,1,,0.0,0.0
201500007148,11,7,15,20,1,25,334,1,1,1,6,,0.0,0.0
201500007149,6,2,15,12,1,25,131,1,1,6,2,,0.0,0.0
201500007150,21,2,15,13,1,25,405,1,1,8,3,,0.0,0.0
201500007151,27,2,15,0,3,25,318,1,1,1,6,,0.0,0.0
201500007152,23,3,15,18,1,25,320,2,2,1,1,14 grande rue,46.78,6.285
201500007153,8,4,15,15,1,25,318,2,1,1,6,30 rue jules césar,0.0,0.0
201500007154,10,5,15,8,1,25,494,2,1,1,1,rue du haut fourneau,46.749,6.298
201500007155,11,7,15,17,1,25,96,1,1,1,7,,46.756,6.255
201500007156,17,7,15,6,1,25,320,1,1,1,1,,46.803,6.274
201500007157,18,7,15,15,1,25,362,2,1,1,3,170 rue princiaple,46.82801,6.29081
201500007158,2,9,15,13,1,25,320,1,1,1,3,,46.792,6.279
201500007159,14,11,15,16,1,25,380,2,1,1,6,RUE DU VILLAGE,46.781,6.374
201500007160,18,3,15,14,1,25,522,2,1,1,1,rue principale,47.217,6.717
201500007161,21,4,15,6,1,25,321,1,9,1,3,,0.0,0.0
201500007162,6,6,15,14,1,25,160,2,1,1,1,LIEUX DIT REMONOT CD 437,0.0,0.0
201500007163,27,6,15,18,1,25,411,2,1,1,3,,0.0,0.0
201500007164,30,6,15,16,1,25,403,2,1,1,7,rue de Chinard,0.0,0.0
201500007165,17,7,15,17,1,25,160,1,1,1,3,,47.034,6.543
201500007166,10,8,15,8,1,25,411,1,1,2,1,,0.0,0.0
201500007167,23,8,15,5,1,25,389,1,1,1,6,,0.0,0.0
201500007168,16,9,15,18,1,25,248,2,1,1,3,Rue des fruitières,0.0,0.0
201500007169,8,10,15,19,3,25,271,1,1,1,1,,0.0,0.0
201500007170,24,10,15,23,5,25,512,2,1,1,3,4 et 7 rue clemenceau,47.157,6.726
201500007171,27,12,15,5,3,25,62,1,1,1,7,,0.0,0.0
201500007172,11,2,15,11,1,40,70,2,1,1,6,"19, ST J CHRYSOSTOME (BD",44.09658,6.2398
201500007173,6,3,15,6,2,40,70,2,1,1,6,"8, EVECHE (PL. DE)",44.09277,6.23793
201500007174,21,2,15,7,5,40,70,2,1,2,6,"4, TAMPINET (RUE DU )",44.0912,6.2314
201500007175,15,5,15,18,1,40,70,2,3,1,6,", FRERES MAHOUDEAUX",44.1073,6.23036
201500007176,2,6,15,10,1,40,70,2,1,1,6,"8, RUE DU SOUVENIR FRANC",44.09724,6.24324
201500007177,7,7,15,19,1,40,70,2,1,1,3,"7, MARCHE (PL. DU)",44.09228,6.23657
201500007178,9,8,15,11,1,40,70,2,1,1,1,Route de Nice,44.07703,6.20967
201500007179,23,9,15,13,1,40,70,2,3,1,2,"21, HUGO (BD..V)",44.095,6.23546
201500007180,30,9,15,9,1,40,70,2,1,1,6,GAMBETTA (BD),44.0907,6.23088
201500007181,16,11,15,17,5,40,70,2,1,1,6,DEMONTZEY (AV.),44.09564,6.23026
201500007182,16,11,15,18,5,40,70,2,1,1,6,MUTUALITE (rue de la),44.0949,6.2395
201500007183,28,11,15,13,1,40,70,1,1,1,2,", BARLES (ROUTE DE)",44.12096,6.234
201500007184,15,12,15,17,2,40,70,2,1,1,6,DEMONTZEY (AV.),44.09191,6.23102
201500007185,24,12,15,12,1,40,70,2,1,1,6,"32, GASSENDI (BD)",44.09205,6.23366
201500007186,4,3,15,16,1,39,306,2,1,1,5,Rue du Jura,0.0,0.0
201500007187,7,3,15,7,2,39,171,1,1,1,7,,0.0,0.0
201500007188,26,8,15,9,1,39,61,1,1,1,3,,0.0,0.0
201500007189,18,9,15,8,1,39,61,1,1,8,6,,0.0,0.0
201500007190,13,10,15,17,1,39,164,2,1,1,6,16 rue neuve,0.0,0.0
201500007191,22,3,15,18,1,39,397,2,1,1,6,Route des lacs,0.0,0.0
201500007192,21,4,15,7,1,39,253,1,1,1,6,,0.0,0.0
201500007193,3,6,15,18,1,39,45,1,4,7,1,,0.0,0.0
201500007194,24,10,15,10,1,39,397,2,7,1,6,5 B pl. colonel Varrroz,0.0,0.0
201500007195,3,3,15,8,1,39,199,1,1,1,6,,0.0,0.0
201500007196,10,5,15,4,5,39,456,2,1,1,6,15 grande rue,0.0,0.0
201500007197,11,5,15,10,1,39,279,1,1,1,3,,0.0,0.0
201500007198,27,5,15,20,2,39,104,1,3,1,3,,0.0,0.0
201500007199,3,6,15,7,1,39,229,1,1,1,1,Rue du Champ du Prince,0.0,0.0
201500007200,20,6,15,17,1,39,482,1,1,1,6,,0.0,0.0
201500007201,4,7,15,9,1,39,489,1,3,1,3,,0.0,0.0
201500007202,23,7,15,19,1,39,574,2,4,1,1,351 Grande rue,0.0,0.0
201500007203,2,9,15,21,3,39,489,1,1,2,2,,0.0,0.0
201500007204,7,10,15,9,1,39,379,1,1,1,2,,0.0,0.0
201500007205,9,10,15,20,3,39,191,1,1,1,1,,0.0,0.0
201500007206,14,11,15,16,1,39,310,1,1,1,6,,0.0,0.0
201500007207,14,12,15,10,1,39,482,1,1,1,7,,0.0,0.0
201500007208,6,6,15,17,1,39,35,1,1,1,7,Chemin de Bel Air,0.0,0.0
201500007209,20,7,15,17,1,39,395,1,9,1,1,,0.0,0.0
201500007210,31,7,15,18,1,39,389,1,1,1,7,,0.0,0.0
201500007211,5,10,15,15,1,39,437,2,1,8,1,rue du vieux pont,0.0,0.0
201500007212,17,5,15,15,1,39,227,1,1,1,6,,0.0,0.0
201500007213,19,9,15,10,1,39,129,1,1,2,1,,0.0,0.0
201500007214,10,11,15,10,1,39,129,1,1,1,1,,0.0,0.0
201500007215,18,1,15,2,5,39,434,2,1,1,6,5 rue travot,46.837,5.71
201500007216,19,9,15,10,1,39,13,1,1,1,7,,46.901,5.737
201500007217,8,10,15,19,5,39,434,2,1,1,6,10 AVENUE DE LA GARE,46.851,5.701
201500007218,9,10,15,17,1,39,434,2,1,1,3,rue Roger Thyrode,46.85,5.696
201500007219,2,12,15,18,5,39,434,2,1,1,1,rue roger thirode,46.846,5.695
201500007220,15,12,15,10,1,39,355,1,1,1,7,,46.951,5.776
201500007221,29,1,15,14,1,39,206,2,3,2,3,route du Val d Amour,0.0,0.0
201500007222,22,2,15,5,3,39,176,1,1,2,6,,0.0,0.0
201500007223,8,4,15,15,1,39,315,1,1,1,5,,0.0,0.0
201500007224,8,8,15,11,1,39,500,2,1,3,1,rue Préval,0.0,0.0
201500007225,2,10,15,16,1,39,403,1,1,1,1,,0.0,0.0
201500007226,14,10,15,19,5,39,500,2,1,2,6,29 rue de la République,0.0,0.0
201500007227,25,10,15,23,3,39,133,1,1,1,7,,0.0,0.0
201500007228,2,12,15,17,5,39,370,2,2,1,3,,0.0,0.0
201500007229,16,1,15,14,1,39,526,1,1,3,5,,47.061,5.691
201500007230,3,6,15,17,1,39,526,2,1,1,6,59 avenue de la paix,0.0,0.0
201500007231,5,6,15,6,1,39,526,1,1,1,1,,0.0,0.0
201500007232,7,7,15,0,3,39,99,1,2,1,1,,0.0,0.0
201500007233,16,10,15,16,2,39,30,1,1,8,3,,0.0,0.0
201500007234,26,2,15,19,5,39,211,2,1,1,1,18 route des hays,0.0,0.0
201500007235,1,4,15,18,1,39,448,2,1,1,2,18 RUE DE LA CHAPELLE,0.0,0.0
201500007236,27,11,15,18,3,39,546,1,2,1,3,,0.0,0.0
201500007237,18,4,15,14,1,39,335,1,1,1,7,,0.0,0.0
201500007238,29,6,15,0,3,39,451,1,6,1,7,,0.0,0.0
201500007239,7,3,15,19,3,39,286,1,1,1,1,,46.635,5.326
201500007240,27,3,15,10,1,39,286,1,1,8,2,,0.0,0.0
201500007241,19,4,15,14,1,39,478,1,1,1,6,,0.0,0.0
201500007242,23,5,15,15,1,39,579,1,1,1,1,,0.0,0.0
201500007243,1,7,15,7,1,39,478,2,1,1,1,place de l'abbaye,0.0,0.0
201500007244,1,8,15,6,3,39,68,1,1,3,6,,0.0,0.0
201500007245,7,9,15,10,1,39,106,1,1,1,1,,0.0,0.0
201500007246,3,10,15,13,1,39,184,1,1,8,7,,0.0,0.0
201500007247,1,11,15,5,3,39,269,1,1,5,6,,0.0,0.0
201500007248,23,11,15,14,1,39,478,2,1,1,6,09 avenue de BELFORT,0.0,0.0
201500007249,24,12,15,10,1,39,478,1,1,1,6,Chemin de Cutturra,0.0,0.0
201500007250,25,4,15,3,3,39,470,1,1,2,7,,0.0,0.0
201500007251,10,6,15,16,1,39,470,1,1,1,3,,46.488,6.053
201500007252,20,6,15,18,1,39,368,1,1,1,6,,0.0,0.0
201500007253,18,7,15,19,1,39,63,1,1,1,3,,0.0,0.0
201500007254,25,7,15,15,1,39,494,1,3,1,3,,0.0,0.0
201500007255,2,8,15,10,1,39,258,1,1,1,4,,46.542,5.922
201500007256,2,8,15,11,1,39,487,1,1,1,5,,0.0,0.0
201500007257,11,8,15,16,1,39,470,1,9,1,1,,46.486,6.046
201500007258,28,2,15,10,1,40,112,2,1,1,6,Chemin de Robert,43.82031,5.78774
201500007259,23,4,15,12,1,40,112,2,1,1,1,chemin de Seigneres,43.80662,5.81412
201500007260,5,9,15,17,1,40,112,2,1,1,6,avenue des Savels,43.8239,5.78098
201500007261,10,9,15,22,3,40,112,1,1,1,1,D907,0.0,0.0
201500007262,8,10,15,18,1,40,112,2,2,1,3,RUE LEON MURE,43.8325,5.77998
201500007263,14,10,15,17,1,40,112,2,1,1,3,,0.0,0.0
201500007264,27,12,15,0,5,40,112,2,1,1,6,"40, ROUGIER (BD.)",43.831,5.79175
201500007265,9,1,15,18,5,40,112,2,6,1,3,"1, SAINT MAURICE(AVENUE)",43.79152,5.81068
201500007266,17,2,15,17,1,40,112,2,2,1,3,avenue René Cassin,43.82201,5.78977
201500007267,25,3,15,12,1,40,112,2,1,1,6,Allée Canto Grilhet,43.83601,5.77937
201500007268,4,3,15,10,1,70,19,1,1,1,3,,47.593,6.101
201500007269,8,6,15,8,1,70,367,1,1,1,7,,47.625,6.058
201500007270,9,6,15,17,1,70,163,1,1,1,7,,47.663,6.213
201500007271,1,7,15,4,2,70,20,1,1,1,1,,47.587,6.117
201500007272,2,7,15,20,1,70,162,1,1,1,1,,47.617,6.233
201500007273,1,8,15,0,3,70,199,1,1,1,7,,0.0,0.0
201500007274,22,8,15,18,1,70,367,1,1,1,1,,47.625,6.058
201500007275,23,8,15,16,1,70,163,1,1,2,3,,0.0,0.0
201500007276,2,9,15,3,3,70,111,1,1,1,7,,47.64252,6.26433
201500007277,25,10,15,20,3,70,390,1,1,1,6,,47.60853,6.31943
201500007278,1,3,15,7,2,70,404,1,1,2,6,,0.0,0.0
201500007279,3,6,15,10,1,70,228,2,1,7,3,Place Général DE GAULLE,0.0,0.0
201500007280,10,7,15,1,3,70,170,1,1,1,6,,0.0,0.0
201500007281,11,7,15,11,1,70,177,2,1,7,6,8 rue Jean Monasson,0.0,0.0
201500007282,19,3,15,14,1,70,165,1,1,1,7,,0.0,0.0
201500007283,26,3,15,21,3,70,324,1,1,1,6,,0.0,0.0
201500007284,6,4,15,0,5,70,504,2,1,1,6,grande rue,0.0,0.0
201500007285,25,5,15,17,1,70,386,1,9,1,3,,0.0,0.0
201500007286,16,6,15,8,1,70,386,2,1,1,6,rue de la vaivre,0.0,0.0
201500007287,24,8,15,22,3,70,421,1,1,8,6,,0.0,0.0
201500007288,11,9,15,18,1,70,421,2,1,1,6,7 rue Gilberte Lavaire,47.68929,6.04213
201500007289,26,10,15,18,3,70,133,1,1,1,1,,47.73276,6.00951
201500007290,13,11,15,9,1,70,275,2,1,1,7,CD 33,47.50657,5.99734
201500007291,5,6,15,18,1,70,449,1,1,1,1,,47.487,6.214
201500007292,2,7,15,7,1,70,85,1,1,1,1,,47.39,6.009
201500007293,17,7,15,9,1,70,326,1,1,1,6,,0.0,0.0
201500007294,16,10,15,8,1,70,208,1,1,8,5,,47.52817,6.12992
201500007295,9,4,15,20,5,70,310,2,1,1,6,11 BOULEVARD BROSSET,0.0,0.0
201500007296,17,4,15,3,5,70,310,2,1,1,6,97 av. de la republique,0.0,0.0
201500007297,10,5,15,18,1,70,310,1,1,1,7,,47.677,6.501
201500007298,12,6,15,13,1,70,310,2,1,1,6,30 avenue Carnot,47.686,6.499
201500007299,13,6,15,18,1,70,464,1,1,1,7,,47.738,6.518
201500007300,25,6,15,3,3,70,464,1,1,1,6,,0.0,0.0
201500007301,25,6,15,4,3,70,81,1,9,1,1,,0.0,0.0
201500007302,4,7,15,9,1,70,81,1,1,1,3,,47.69,6.456
201500007303,14,7,15,9,1,70,310,2,1,1,6,50 rue de la République,47.691,6.496
201500007304,26,7,15,21,2,70,310,2,2,8,3,rue des jardins,0.0,0.0
201500007305,8,8,15,23,3,70,464,1,1,1,2,,0.0,0.0
201500007306,24,8,15,16,1,70,310,1,1,1,1,,47.686,6.503
201500007307,1,9,15,8,1,70,455,1,1,1,3,,47.66363,6.54789
201500007308,24,12,15,18,5,70,310,2,1,1,6,53 avenue carnot,47.67965,6.50148
201500007309,6,2,15,19,3,70,248,1,1,4,1,,0.0,0.0
201500007310,15,4,15,15,1,70,318,2,1,1,1,rue du puits,47.699,6.632
201500007311,16,4,15,14,1,70,339,1,1,1,2,,47.76,6.599
201500007312,15,6,15,11,1,70,120,1,1,2,6,,47.691,6.684
201500007313,22,8,15,18,1,70,283,1,1,1,3,,0.0,0.0
201500007314,6,9,15,13,1,70,413,1,1,1,7,,47.7075,6.72484
201500007315,25,10,15,14,1,70,498,1,1,1,2,,47.803,6.658
201500007316,28,11,15,19,3,70,283,1,1,1,1,,47.83054,6.70765
201500007317,9,2,15,8,1,70,317,1,1,1,4,,0.0,0.0
201500007318,1,3,15,13,1,70,307,1,1,2,7,,47.589,6.431
201500007319,18,4,15,15,1,70,64,1,1,1,2,,47.628,6.667
201500007320,30,5,15,14,1,70,5,1,1,1,3,,0.0,0.0
201500007321,9,9,15,17,1,70,117,2,1,1,2,route nationale,47.64604,6.77924
201500007322,16,9,15,21,2,70,317,1,1,1,7,,47.53435,6.41611
201500007323,8,12,15,17,5,70,117,1,1,1,1,,47.6466,6.77757
201500007324,13,5,15,19,1,70,263,1,1,1,2,,47.74,6.316
201500007325,2,6,15,18,1,70,478,1,1,1,1,,0.0,0.0
201500007326,4,6,15,3,3,70,537,1,1,1,1,,0.0,0.0
201500007327,5,6,15,7,1,70,435,1,1,1,3,,47.841,6.437
201500007328,11,6,15,15,1,70,16,2,1,1,6,,0.0,0.0
201500007329,20,6,15,18,1,70,380,1,1,1,6,,47.752,6.199
201500007330,15,8,15,15,1,70,473,1,1,1,6,,0.0,0.0
201500007331,8,1,15,9,1,70,168,1,1,8,1,,0.0,0.0
201500007332,11,1,15,4,3,70,338,1,1,2,7,,0.0,0.0
201500007333,17,2,15,13,1,70,467,1,1,1,3,,0.0,0.0
201500007334,24,2,15,18,2,70,6,1,1,1,3,,0.0,0.0
201500007335,20,3,15,19,3,70,249,1,1,1,1,,0.0,0.0
201500007336,24,3,15,20,5,70,245,2,1,1,5,,0.0,0.0
201500007337,14,7,15,19,1,70,467,2,1,1,7,21 rue d'Avignon,0.0,0.0
201500007338,9,8,15,15,1,70,245,1,1,1,1,,0.0,0.0
201500007339,10,8,15,16,1,70,6,1,1,1,1,,0.0,0.0
201500007340,14,9,15,17,1,70,245,1,1,7,3,,47.88349,6.40993
201500007341,1,10,15,11,1,70,245,1,1,1,3,,47.90085,6.40436
201500007342,19,1,15,15,1,70,185,1,1,8,1,,0.0,0.0
201500007343,22,2,15,18,3,70,132,1,1,1,7,,0.0,0.0
201500007344,4,3,15,16,1,70,26,2,1,1,6,Avenue Charles Couyba,0.0,0.0
201500007345,10,5,15,13,1,70,279,2,1,1,1,77 grande rue,0.0,0.0
201500007346,7,6,15,19,1,70,371,2,1,1,6,2 rue de la Charme aux l,0.0,0.0
201500007347,10,7,15,19,1,70,26,2,1,1,3,37 rue de Verdun,0.0,0.0
201500007348,17,8,15,21,5,70,402,2,1,1,3,59 Grande rue,0.0,0.0
201500007349,28,8,15,13,1,70,371,2,1,1,1,38 grande rue,0.0,0.0
201500007350,8,10,15,15,1,70,376,1,1,1,3,,47.55536,5.54674
201500007351,3,11,15,18,3,70,132,1,1,5,7,,47.48348,5.56817
201500007352,10,12,15,18,3,70,371,2,1,1,4,RD 70,47.50026,5.639
201500007353,28,5,15,9,1,70,247,1,1,1,6,,47.648,5.678
201500007354,31,7,15,17,1,70,491,1,1,1,1,,47.538,5.77
201500007355,10,11,15,11,1,70,247,1,1,1,7,,47.67306,5.66095
201500007356,10,12,15,17,3,70,299,1,1,5,7,,47.62313,5.77826
201500007357,11,6,15,16,1,70,130,1,1,1,3,,47.368,5.742
201500007358,7,11,15,23,3,70,60,1,1,1,7,,47.30684,5.83436
201500007359,22,11,15,17,2,70,282,1,1,1,1,,47.41866,5.81954
201500007360,19,3,15,5,2,90,87,2,7,1,6,30 av. du gl de Gaulle,0.0,0.0
201500007361,10,5,15,18,1,90,22,2,1,1,1,rue du general de gaulle,0.0,0.0
201500007362,4,6,15,20,2,90,93,2,6,1,3,,0.0,0.0
201500007363,5,4,15,13,1,90,43,1,1,1,6,,0.0,0.0
201500007364,23,4,15,20,3,90,45,1,1,1,6,,47.51,6.95
201500007365,29,4,15,6,3,90,33,1,1,1,1,,47.5,7.017
201500007366,4,5,15,20,2,90,9,2,1,1,3,rue de la maison blanche,0.0,0.0
201500007367,15,7,15,20,1,90,9,2,1,1,1,Rue du parc Gaston Japy,0.0,0.0
201500007368,7,1,15,17,3,90,91,1,6,2,6,,0.0,0.0
201500007369,22,2,15,1,3,90,91,1,6,1,6,,0.0,0.0
201500007370,15,4,15,15,1,90,65,2,1,1,3,,0.0,0.0
201500007371,1,5,15,18,2,90,23,2,1,3,2,85 c grande rue,0.0,0.0
201500007372,24,5,15,8,1,90,65,2,1,1,3,route du ballon,0.0,0.0
201500007373,24,6,15,18,1,90,65,1,1,1,7,,0.0,0.0
201500007374,25,7,15,10,1,90,58,2,1,7,1,Rue du Général de Gaulle,0.0,0.0
201500007375,17,8,15,16,1,90,3,1,1,1,6,,0.0,0.0
201500007376,9,9,15,17,1,90,23,2,1,1,1,grande rue,0.0,0.0
201500007377,15,10,15,14,1,90,5,1,1,8,6,,0.0,0.0
201500007378,31,10,15,16,1,90,65,1,1,1,6,,0.0,0.0
201500007379,1,11,15,17,1,90,5,1,1,1,6,,0.0,0.0
201500007380,11,11,15,20,5,90,52,2,1,1,1,72 faubourg de Belfort,0.0,0.0
201500007381,25,11,15,21,3,90,58,1,1,8,3,,0.0,0.0
201500007382,29,12,15,15,1,90,100,1,1,1,1,,0.0,0.0
201500007383,15,2,15,4,5,90,53,2,1,2,7,24 rue du G?n?ral Lecler,0.0,0.0
201500007384,30,3,15,11,1,90,18,1,1,1,1,,0.0,0.0
201500007385,21,6,15,13,1,90,101,2,6,8,6,1 rue des Moulins,0.0,0.0
201500007386,23,6,15,14,1,90,53,2,1,1,6,24 rue de delle,0.0,0.0
201500007387,4,9,15,16,1,90,53,2,1,1,6,rue du Général Leclerc,0.0,0.0
201500007388,13,9,15,1,5,90,71,2,1,1,6,44 rue georges helminger,47.607,6.989
201500007389,27,9,15,8,1,90,18,1,1,1,7,,0.0,0.0
201500007390,2,2,15,13,1,38,35,1,1,1,7,,0.0,0.0
201500007391,21,2,15,20,3,38,72,1,1,8,5,,0.0,0.0
201500007392,28,2,15,19,5,38,336,1,1,1,6,,0.0,0.0
201500007393,13,3,15,18,2,38,19,1,1,1,6,,0.0,0.0
201500007394,26,4,15,15,1,26,2,1,1,1,6,AIRE REPOS ST RAMBERT,0.0,0.0
201500007395,1,5,15,19,2,38,19,1,1,2,6,,0.0,0.0
201500007396,15,5,15,0,3,38,19,1,1,8,1,,0.0,0.0
201500007397,26,6,15,15,1,38,72,1,1,1,5,,0.0,0.0
201500007398,26,6,15,18,1,26,2,1,1,1,7,A7 ALBON,0.0,0.0
201500007399,20,8,15,21,5,38,468,1,1,1,6,,45.34916,4.80649
201500007400,1,9,15,2,3,26,332,1,1,1,2,BERTEUX,0.0,0.0
201500007401,14,9,15,9,1,26,332,1,1,1,6,BOIS ROUSSET,0.0,0.0
201500007402,10,10,15,8,1,26,2,1,1,1,3,BLANCHE RONDE,0.0,0.0
201500007403,6,11,15,2,3,38,344,1,1,1,5,,45.39499,4.80828
201500007404,31,1,15,10,1,26,197,1,2,1,3,LES CLOS,44.9435,4.9733
201500007405,3,2,15,21,3,26,362,1,1,2,6,LES COULEURES,44.9551,4.9309
201500007406,10,2,15,7,2,26,156,1,1,1,2,LES CHAUX,0.0,0.0