Num_Acc,jour,mois,an,hr,condition_eclairage,departement,commune,condition_agglomeration,intersection,condition_atmosphere,type_collision,adresse,lattitude,longitude
201500007407,19,2,15,20,5,26,358,1,1,1,1,LES CHANETONS,0.0,0.0
201500007408,23,2,15,13,1,26,124,1,1,1,2,RIVECOURT SUD,0.0,0.0
201500007409,6,3,15,19,3,26,144,1,9,1,3,LA GARENNE,0.0,0.0
201500007410,11,3,15,16,1,26,124,1,3,1,3,LES ILES,0.0,0.0
201500007411,14,3,15,10,1,26,165,1,1,1,6,RTE DU VAL DE DROME,0.0,0.0
201500007412,15,3,15,15,1,26,156,1,1,1,3,LES COULAIRES,0.0,0.0
201500007413,28,3,15,19,3,26,100,1,1,1,6,LES ETROITS,0.0,0.0
201500007414,18,4,15,4,3,26,208,1,1,2,6,RD 111,0.0,0.0
201500007415,23,4,15,19,1,26,206,1,1,1,3,FRANCONNET,0.0,0.0
201500007416,25,4,15,7,1,26,295,1,1,2,2,FARCONNET,0.0,0.0
201500007417,10,5,15,17,1,26,165,1,1,1,2,A7,0.0,0.0
201500007418,13,5,15,15,1,26,362,1,1,1,2,,0.0,0.0
201500007419,18,5,15,19,1,26,124,1,1,1,1,LA PALLAISSE,0.0,0.0
201500007420,17,5,15,19,1,26,365,1,2,1,3,BAYANE,0.0,0.0
201500007421,22,5,15,7,1,26,84,1,1,1,1,SAUT DES CHEVRES BAS,0.0,0.0
201500007422,25,5,15,16,1,26,179,1,1,1,6,BRETELLE ECHANGEUR 13,0.0,0.0
201500007423,29,5,15,12,1,26,362,1,1,1,6,EPERVIERE,0.0,0.0
201500007424,30,5,15,12,1,26,365,1,1,1,6,LES GONDIANS,0.0,0.0
201500007425,14,6,15,5,3,26,252,1,1,3,6,A7,0.0,0.0
201500007426,23,6,15,17,1,26,72,1,1,1,4,CROIX DES MORTS,0.0,0.0
201500007427,24,6,15,18,1,26,362,1,1,1,6,A7 VALENCE,0.0,0.0
201500007428,6,7,15,16,1,26,37,1,1,1,7,ZONE ACTIVITE LES SIRIUS,44.8726,4.9431
201500007429,8,7,15,7,1,26,179,1,1,1,2,LES CHASSIS SUD,0.0,0.0
201500007430,9,7,15,10,1,26,206,1,3,1,3,NOYERE,0.0,0.0
201500007431,6,7,15,6,1,26,166,1,1,1,3,AV DE LA REPUBLIQUE,0.0,0.0
201500007432,19,7,15,6,3,26,208,1,1,1,6,POUYET,0.0,0.0
201500007433,20,7,15,21,2,26,197,1,1,1,7,BOURBOUREE,0.0,0.0
201500007434,23,7,15,9,1,26,208,1,1,1,7,CHEMIN DES REYNAUDS,44.7992,4.935
201500007435,28,7,15,17,1,26,64,1,4,1,2,CHOSSON,0.0,0.0
201500007436,5,8,15,14,1,26,165,1,2,1,3,AV ALBERT MAZADE,0.0,0.0
201500007437,8,8,15,9,1,26,6,2,2,1,3,RUE DES RAMIERES,0.0,0.0
201500007438,11,8,15,19,1,26,37,1,1,1,3,LES TROIS BUCHES,0.0,0.0
201500007439,11,8,15,13,1,26,250,1,1,1,3,AIRE DE LATITUDE 45,0.0,0.0
201500007440,11,9,15,23,3,26,124,1,1,1,1,LA PAUZE ET LE TRUC,0.0,0.0
201500007441,5,10,15,19,2,26,124,1,1,1,6,ILES DU CHEZ,0.0,0.0
201500007442,9,10,15,19,3,26,144,1,1,1,1,GUERBY,0.0,0.0
201500007443,30,11,15,3,5,26,6,2,1,1,6,RTE DE CREST,0.0,0.0
201500007444,2,12,15,18,3,26,124,1,1,1,1,QUEYRAS,0.0,0.0
201500007445,8,12,15,19,3,26,64,1,1,1,7,LA DIGEONNE,0.0,0.0
201500007446,9,12,15,8,3,26,179,1,1,1,2,,0.0,0.0
201500007447,11,12,15,8,2,26,64,1,2,8,3,LES GOUVERNAUX,0.0,0.0
201500007448,11,12,15,19,3,26,64,1,1,1,1,LES PETITES FORETS,0.0,0.0
201500007449,17,12,15,18,5,26,124,1,2,1,6,VERCORS EST,0.0,0.0
201500007450,21,12,15,10,1,26,165,1,1,1,5,A7,0.0,0.0
201500007451,15,12,15,16,1,26,197,1,3,1,3,CHIRETTE,0.0,0.0
201500007452,24,3,15,8,1,13,87,1,2,1,5,,43.48927,5.62983
201500007453,5,4,15,18,1,13,87,1,1,1,6,,0.0,0.0
201500007454,10,4,15,15,1,13,87,1,1,1,1,,0.0,0.0
201500007455,22,4,15,4,3,13,107,1,1,1,2,,0.0,0.0
201500007456,30,5,15,19,1,13,80,1,1,1,6,,43.65343,5.47596
201500007457,6,7,15,16,1,13,60,1,6,1,6,,43.46872,5.49731
201500007458,9,2,15,16,1,13,51,2,1,1,6,7 Avenue Mal Leclerc,43.59509,5.13016
201500007459,27,2,15,16,1,13,51,1,1,1,1,,0.0,0.0
201500007460,2,3,15,7,2,13,114,1,1,8,6,**,0.0,0.0
201500007461,2,4,15,5,4,13,76,1,9,1,6,**,0.0,0.0
201500007462,4,6,15,17,1,13,37,1,4,1,3,,43.53563,5.19246
201500007463,25,6,15,21,3,13,34,1,2,1,3,,0.0,0.0
201500007464,7,7,15,19,1,13,44,1,1,1,7,,0.0,0.0
201500007465,27,9,15,1,4,13,51,1,1,1,6,**,0.0,0.0
201500007466,3,10,15,8,1,13,89,1,1,1,1,**,0.0,0.0
201500007467,9,10,15,8,1,13,112,1,1,1,6,**,0.0,0.0
201500007468,29,11,15,16,1,13,105,1,1,1,6,,0.0,0.0
201500007469,26,12,15,22,3,13,51,1,1,1,6,,0.0,0.0
201500007470,14,10,15,12,1,13,109,1,1,1,3,**,0.0,0.0
201500007471,13,2,15,12,1,13,41,1,1,8,1,,0.0,0.0
201500007472,26,4,15,15,1,13,41,2,1,1,1,chemin des molx,0.0,0.0
201500007473,15,6,15,10,1,13,60,1,1,1,6,,0.0,0.0
201500007474,5,7,15,8,1,13,41,1,1,1,1,,0.0,0.0
201500007475,26,7,15,5,5,13,60,1,1,1,3,%%%,0.0,0.0
201500007476,29,7,15,14,1,13,60,1,6,1,2,,0.0,0.0
201500007477,17,9,15,10,1,13,41,1,1,3,5,0,0.0,0.0
201500007478,17,9,15,17,1,13,41,2,6,1,3,rue d'arménie,0.0,0.0
201500007479,20,10,15,19,5,13,41,2,1,1,6,Boulevard Victor Hugo,0.0,0.0
201500007480,2,11,15,12,1,13,107,2,1,1,5,2282B Route de Gardanne,43.44948,5.44889
201500007481,11,11,15,16,1,13,41,1,1,1,1,,0.0,0.0
201500007482,5,12,15,13,1,13,41,2,1,2,1,CD 46A,0.0,0.0
201500007483,7,2,15,19,5,13,59,1,1,1,1,,0.0,0.0
201500007484,27,5,15,17,1,13,99,1,1,1,3,***,0.0,0.0
201500007485,25,6,15,2,5,13,48,2,1,1,2,boulevard du defend,0.0,0.0
201500007486,9,9,15,18,1,13,74,1,1,1,1,,43.65014,5.60567
201500007487,23,9,15,8,1,13,59,1,1,1,5,**,0.0,0.0
201500007488,12,10,15,12,1,13,99,1,1,2,3,,0.0,0.0
201500007489,28,10,15,6,2,13,59,1,1,1,1,***,43.65109,5.522
201500007490,5,1,15,15,1,13,107,2,1,1,6,route de mimet - D8,0.0,0.0
201500007491,21,1,15,19,3,13,15,2,6,3,6,rd8N bouc bel air,0.0,0.0
201500007492,21,5,15,9,1,13,15,2,1,1,6,CD8  avenue des chabauds,0.0,0.0
201500007493,17,5,15,17,1,13,15,2,1,1,1,rue des roseaux,0.0,0.0
201500007494,23,6,15,17,1,13,15,2,2,1,1,D6- route de RANS,0.0,0.0
201500007495,4,9,15,15,1,13,15,2,1,1,1,Route departementale D8N,0.0,0.0
201500007496,25,10,15,17,2,13,15,2,1,1,1,699 avenue du 8 mai 1945,43.45068,5.42023
201500007497,7,2,15,17,1,13,72,1,1,1,3,,0.0,0.0
201500007498,16,3,15,13,1,13,110,1,3,2,4,???,0.0,0.0
201500007499,7,7,15,17,1,13,72,1,6,1,4,,43.45003,5.63828
201500007500,25,7,15,8,1,13,79,1,1,1,3,,0.0,0.0
201500007501,30,12,15,16,1,13,110,1,1,1,3,,0.0,0.0
201500007502,6,5,15,16,1,13,4,1,1,1,6,***,0.0,0.0
201500007503,9,5,15,18,1,13,4,1,1,1,7,***,0.0,0.0
201500007504,9,6,15,12,1,13,4,1,1,7,6,,43.64729,4.6897
201500007505,18,6,15,8,1,13,4,1,1,1,3,,0.0,0.0
201500007506,28,6,15,5,2,13,4,1,1,1,6,***,0.0,0.0
201500007507,29,6,15,15,1,13,4,1,1,1,5,,0.0,0.0
201500007508,14,7,15,15,1,13,4,1,1,1,2,***,0.0,0.0
201500007509,19,7,15,23,3,13,4,1,1,1,6,***,0.0,0.0
201500007510,23,8,15,18,2,13,4,1,1,3,1,***,0.0,0.0
201500007511,29,8,15,1,3,13,4,1,1,1,7,,0.0,0.0
201500007512,1,9,15,18,1,13,4,1,1,1,3,*,0.0,0.0
201500007513,24,11,15,22,3,13,4,1,1,1,6,,0.0,0.0
201500007514,12,12,15,9,1,13,4,1,1,1,7,,0.0,0.0
201500007515,30,12,15,7,2,13,4,1,1,1,6,,0.0,0.0
201500007516,21,4,15,10,1,13,27,1,9,1,3,,0.0,0.0
201500007517,16,6,15,9,1,13,27,1,2,1,3,,0.0,0.0
201500007518,4,10,15,11,1,13,27,2,1,3,3,18-20 Lotissement le Sam,43.8841,4.86181
201500007519,29,11,15,20,3,13,27,2,1,1,1,,0.0,0.0
201500007520,30,11,15,7,2,13,66,2,1,1,6,BD DE LA REPUBLIQUE,43.87659,4.90248
201500007521,20,12,15,17,3,13,66,1,1,9,3,,0.0,0.0
201500007522,18,4,15,1,3,13,96,1,1,1,7,***,0.0,0.0
201500007523,21,7,15,15,1,13,96,2,2,1,3,route de cacharel,0.0,0.0
201500007524,10,8,15,1,5,13,96,2,1,1,1,15 av Riquette Aubanel,43.44988,4.41732
201500007525,25,8,15,11,1,13,96,1,9,1,1,***,0.0,0.0
201500007526,28,9,15,2,3,13,96,1,1,1,6,D38,43.48607,4.38617
201500007527,1,2,15,17,2,13,97,1,1,1,6,,0.0,0.0
201500007528,12,2,15,5,3,13,97,1,1,1,6,,0.0,0.0
201500007529,6,3,15,14,1,13,97,1,1,1,7,N568,0.0,0.0
201500007530,16,3,15,17,1,13,97,1,1,2,1,PR ....,0.0,0.0
201500007531,31,3,15,14,1,13,4,1,1,1,7,,0.0,0.0
201500007532,11,4,15,18,1,13,97,2,2,1,3,rue du mas de roche,0.0,0.0
201500007533,29,6,15,18,1,13,97,2,1,7,3,avenue de la république,0.0,0.0
201500007534,14,7,15,13,1,13,97,1,1,1,7,,0.0,0.0
201500007535,8,8,15,17,1,13,4,1,1,1,6,***,0.0,0.0
201500007536,4,9,15,9,1,13,97,1,1,1,2,*,0.0,0.0
201500007537,23,9,15,15,1,13,97,1,1,1,3,,0.0,0.0
201500007538,12,10,15,16,1,13,97,1,1,1,6,**,0.0,0.0
201500007539,12,12,15,7,2,13,97,1,1,5,3,,0.0,0.0
201500007540,17,12,15,12,1,13,97,1,1,1,1,,0.0,0.0
201500007541,16,1,15,9,3,13,100,1,1,1,6,,0.0,0.0
201500007542,20,1,15,19,3,13,100,1,1,3,1,,0.0,0.0
201500007543,15,3,15,20,3,13,100,1,1,2,1,,0.0,0.0
201500007544,21,3,15,20,3,13,100,1,1,2,7,,0.0,0.0
201500007545,24,3,15,12,1,13,94,1,1,1,7,,0.0,0.0
201500007546,7,4,15,7,1,13,94,1,2,1,3,,0.0,0.0
201500007547,18,7,15,11,1,13,100,2,1,1,3,bd goislard de monsabert,0.0,0.0
201500007548,29,10,15,8,1,13,100,1,1,1,2,,0.0,0.0
201500007549,4,11,15,7,1,13,100,1,1,1,2,**,0.0,0.0
201500007550,5,11,15,6,2,13,94,1,1,1,1,**,0.0,0.0
201500007551,11,12,15,19,3,13,94,1,1,1,6,,0.0,0.0
201500007552,7,3,15,10,1,13,42,1,1,1,1,D2,0.0,0.0
201500007553,3,5,15,18,1,13,30,1,1,1,1,,0.0,0.0
201500007554,17,5,15,14,1,13,42,1,1,1,1,***,0.0,0.0
201500007555,20,6,15,15,1,13,30,1,1,1,6,***,0.0,0.0
201500007556,24,6,15,15,1,13,30,1,1,1,7,***,0.0,0.0
201500007557,4,7,15,15,1,13,30,1,1,1,3,***,0.0,0.0
201500007558,12,7,15,18,1,13,30,1,1,1,6,**,0.0,0.0
201500007559,15,7,15,7,1,13,30,1,1,1,3,**,0.0,0.0
201500007560,21,7,15,16,1,13,30,2,1,1,2,D8N***,0.0,0.0
201500007561,1,8,15,16,1,13,30,1,1,1,6,***,0.0,0.0
201500007562,2,8,15,10,1,13,30,1,1,1,5,,0.0,0.0
201500007563,6,9,15,17,1,13,42,1,1,1,3,**,0.0,0.0
201500007564,4,9,15,17,1,13,42,1,1,1,3,**,0.0,0.0
201500007565,12,9,15,17,1,13,30,1,1,1,1,*,0.0,0.0
201500007566,19,9,15,8,1,13,30,1,1,1,1,**,0.0,0.0
201500007567,19,10,15,8,1,13,42,1,1,8,5,***,0.0,0.0
201500007568,16,11,15,9,1,13,30,1,1,1,6,,0.0,0.0
201500007569,4,12,15,21,5,13,42,1,9,1,3,,0.0,0.0
201500007570,18,12,15,17,5,13,42,1,1,1,7,**,0.0,0.0
201500007571,15,5,15,16,1,13,22,2,1,1,1,RD559*,0.0,0.0
201500007572,9,8,15,18,1,13,22,1,1,1,1,**,0.0,0.0
201500007573,15,8,15,8,1,13,22,2,1,1,6,Rue de l 'arene,0.0,0.0
201500007574,22,8,15,12,1,13,22,1,1,1,6,,0.0,0.0
201500007575,29,10,15,15,1,13,22,1,1,1,1,,0.0,0.0
201500007576,1,11,15,20,5,13,22,2,1,1,2,av du 11 novembre 1918,0.0,0.0
201500007577,5,1,15,17,2,13,85,1,1,1,6,,0.0,0.0
201500007578,29,3,15,7,1,13,85,1,1,1,1,,0.0,0.0
201500007579,11,4,15,18,1,13,119,2,1,1,1,Avenue du verdon,0.0,0.0
201500007580,18,7,15,0,3,13,85,1,1,1,6,***,0.0,0.0
201500007581,30,1,15,15,1,13,46,2,1,1,6,Bd Salvator Alliende,0.0,0.0
201500007582,28,2,15,14,1,13,73,1,3,1,3,,0.0,0.0
201500007583,19,4,15,18,1,13,13,1,1,1,7,***,0.0,0.0
201500007584,12,9,15,22,3,13,20,1,1,1,1,**,0.0,0.0
201500007585,2,2,15,15,1,13,86,1,1,1,1,216-288 Chemin Départeme,43.32772,5.60054
201500007586,22,3,15,14,1,13,7,1,1,2,1,,0.0,0.0
201500007587,7,4,15,15,1,13,86,1,1,1,7,,0.0,0.0
201500007588,17,4,15,16,1,13,86,2,1,1,3,quartier le repos RD96,43.352,5.619
201500007589,21,5,15,17,1,13,16,2,1,1,6,RD45E,0.0,0.0
201500007590,6,6,15,11,1,13,16,2,1,1,4,35 rue madame boyer,0.0,0.0
201500007591,7,10,15,18,1,13,86,2,1,1,3,d96*,0.0,0.0
201500007592,21,11,15,14,1,13,86,1,1,1,3,,0.0,0.0
201500007593,12,12,15,11,1,13,86,2,9,1,3,avenue des alliés,0.0,0.0
201500007594,28,8,15,17,1,13,49,1,1,1,7,,0.0,0.0
201500007595,27,10,15,7,2,13,49,1,1,1,4,**,0.0,0.0
201500007596,5,1,15,12,1,13,53,2,1,1,3,avenue de craponne,0.0,0.0
201500007597,14,4,15,16,1,13,105,1,1,1,4,,0.0,0.0
201500007598,28,4,15,9,1,13,105,1,1,1,5,,0.0,0.0
201500007599,6,6,15,16,1,13,105,1,1,1,1,,0.0,0.0
201500007600,11,7,15,4,3,13,35,1,1,1,6,,0.0,0.0
201500007601,12,9,15,17,1,13,53,1,1,1,6,,0.0,0.0
201500007602,22,12,15,5,5,13,105,2,1,1,1,D7N,0.0,0.0
201500007603,18,1,15,15,1,13,67,2,1,1,3,RD 7 N,0.0,0.0
201500007604,8,3,15,8,1,13,34,1,1,1,6,,0.0,0.0
201500007605,2,4,15,19,2,13,89,1,1,6,3,,0.0,0.0
201500007606,24,7,15,17,1,13,89,1,1,1,5,,0.0,0.0
201500007607,2,10,15,20,3,13,67,1,1,1,3,,0.0,0.0
201500007608,22,10,15,7,2,13,76,2,1,1,3,cd99,0.0,0.0
201500007609,26,11,15,7,1,13,67,1,1,1,5,,0.0,0.0
201500007610,27,3,15,16,1,13,81,2,1,1,6,rue du 4 septembre,0.0,0.0
201500007611,30,4,15,18,1,13,81,1,1,1,3,,0.0,0.0
201500007612,4,5,15,17,1,13,81,2,1,1,1,Boulevard F. MISTRAL,0.0,0.0
201500007613,14,11,15,14,1,13,81,2,6,1,3,RD 20,0.0,0.0
201500007614,11,11,15,18,3,13,81,1,3,1,3,,0.0,0.0
201500007615,19,11,15,17,1,13,81,1,1,1,1,,0.0,0.0
201500007616,18,12,15,18,5,13,81,2,1,1,3,vallat de la chapelle,0.0,0.0
201500007617,10,6,15,17,1,13,82,1,9,9,1,***,0.0,0.0
201500007618,2,5,15,18,1,40,46,1,1,1,6,,0.0,0.0
201500007619,10,5,15,18,1,40,167,1,1,1,6,,0.0,0.0
201500007620,28,5,15,18,1,40,1,1,1,1,6,voie du Monegros,44.06683,6.11797
201500007621,30,5,15,12,1,40,1,1,1,1,5,,0.0,0.0
201500007622,13,6,15,11,1,40,113,1,1,1,3,,0.0,0.0
201500007623,30,7,15,19,1,40,46,1,1,1,3,,0.0,0.0
201500007624,1,8,15,14,1,40,1,1,1,1,5,,0.0,0.0
201500007625,3,8,15,12,1,40,1,1,1,1,6,,0.0,0.0
201500007626,14,8,15,21,3,40,110,1,1,2,1,,0.0,0.0
201500007627,30,8,15,6,2,40,97,1,1,1,6,,0.0,0.0
201500007628,30,8,15,18,1,40,24,1,1,1,1,,0.0,0.0
201500007629,20,10,15,19,3,40,1,1,1,1,5,,0.0,0.0
201500007630,25,12,15,20,3,40,113,1,1,1,7,,0.0,0.0
201500007631,20,1,15,13,1,40,230,1,1,1,3,,0.0,0.0
201500007632,21,1,15,17,3,40,94,1,1,2,6,,43.797,5.842
201500007633,24,3,15,16,1,40,189,1,1,1,5,,43.771,5.939
201500007634,26,4,15,13,1,40,94,1,1,1,1,,0.0,0.0
201500007635,2,5,15,12,1,40,230,1,1,1,3,,43.836,5.865
201500007636,12,5,15,20,1,40,230,1,1,1,3,,43.84,5.964
201500007637,15,6,15,16,1,40,230,1,1,1,5,"""La Campagne Neuve""",0.0,0.0
201500007638,27,6,15,18,1,40,230,1,1,1,1,,43.8144,5.90639
201500007639,12,7,15,15,1,40,189,1,1,1,1,,43.781,5.977
201500007640,4,8,15,21,5,40,94,2,1,1,1,,43.762,5.893
201500007641,15,9,15,16,1,40,94,1,1,1,5,,43.782,5.875
201500007642,31,10,15,12,1,40,189,1,1,1,5,,0.0,0.0
201500007643,26,11,15,14,1,40,94,1,1,1,1,,43.775,5.879
201500007644,10,5,15,5,2,40,108,1,1,1,6,,0.0,0.0
201500007645,20,6,15,9,1,40,116,2,1,1,1,Aire des pénitents,0.0,0.0
201500007646,21,6,15,6,1,40,116,1,1,1,6,,0.0,0.0
201500007647,26,6,15,20,1,40,143,2,1,1,6,Chemin Saint Sauveur,0.0,0.0
201500007648,2,7,15,16,1,40,108,1,1,1,1,,0.0,0.0
201500007649,25,7,15,19,1,40,106,1,1,1,7,,0.0,0.0
201500007650,14,8,15,14,1,40,108,1,1,1,1,,0.0,0.0
201500007651,31,12,15,10,1,40,143,2,1,1,6,RUE PAUL JEAN,43.9174,5.91797
201500007652,26,1,15,7,2,40,55,1,1,2,1,,0.0,0.0
201500007653,11,4,15,13,1,40,204,1,1,1,6,,0.0,0.0
201500007654,3,6,15,11,1,40,55,1,1,7,7,,0.0,0.0
201500007655,3,7,15,18,1,40,121,1,1,1,6,,0.0,0.0
201500007656,19,7,15,18,1,40,84,1,1,1,6,,0.0,0.0
201500007657,18,9,15,17,1,40,204,1,1,1,7,,0.0,0.0
201500007658,6,7,15,14,1,40,116,2,1,1,2,route départementale 4,0.0,0.0
201500007659,24,6,15,10,1,40,193,1,1,1,3,,0.0,0.0
201500007660,23,7,15,12,1,40,100,1,1,1,2,,0.0,0.0
201500007661,24,7,15,8,1,40,62,1,1,1,7,,0.0,0.0
201500007662,27,8,15,13,1,40,120,1,1,1,6,,0.0,0.0
201500007663,12,4,15,15,1,40,126,1,1,1,6,,0.0,0.0
201500007664,30,5,15,17,1,40,102,1,1,1,6,Le bois du Tour,44.419,6.418
201500007665,18,9,15,18,2,40,102,1,1,1,7,,0.0,0.0
201500007666,17,1,15,11,1,40,33,1,1,1,7,,0.0,0.0
201500007667,1,7,15,11,1,40,237,1,1,1,7,,0.0,0.0
201500007668,31,7,15,9,1,40,33,1,1,1,7,,0.0,0.0
201500007669,16,8,15,1,3,40,203,1,1,1,7,,0.0,0.0
201500007670,18,8,15,11,1,40,102,1,1,1,3,,0.0,0.0
201500007671,29,6,15,8,1,40,39,1,1,1,7,,0.0,0.0
201500007672,11,8,15,16,1,40,92,1,1,1,7,,0.0,0.0
201500007673,10,9,15,14,1,40,39,1,1,1,6,,0.0,0.0
201500007674,12,9,15,12,1,40,39,2,1,1,2,RD 4085 - PK 100,0.0,0.0
201500007675,1,5,15,13,1,40,236,1,1,2,7,,0.0,0.0
201500007676,6,6,15,16,1,40,174,1,1,1,7,,0.0,0.0
201500007677,12,6,15,12,1,40,8,1,1,1,6,,0.0,0.0
201500007678,12,6,15,11,1,40,8,1,1,1,1,,0.0,0.0
201500007679,24,6,15,22,3,40,8,1,1,1,6,,0.0,0.0
201500007680,7,8,15,14,1,40,76,1,1,1,6,,43.955,6.877
201500007681,15,3,15,4,3,40,5,1,1,4,7,,0.0,0.0
201500007682,25,7,15,18,1,40,7,1,1,1,2,,43.941,6.532
201500007683,11,2,15,19,3,40,157,1,1,1,1,,43.89616,6.12889
201500007684,12,5,15,16,1,40,81,1,1,1,7,,0.0,0.0
201500007685,14,6,15,15,1,40,158,1,1,1,1,,43.714,6.045
201500007686,28,6,15,14,1,40,166,1,1,1,6,,0.0,0.0
201500007687,1,7,15,2,3,40,186,1,1,1,6,,0.0,0.0
201500007688,2,7,15,12,1,40,157,1,1,1,2,,0.0,0.0
201500007689,17,7,15,14,1,40,166,1,1,1,1,,43.811,6.115
201500007690,3,8,15,14,1,40,172,1,1,1,2,,0.0,0.0
201500007691,28,8,15,13,1,40,135,1,1,1,7,,0.0,0.0
201500007692,18,9,15,12,1,40,124,1,2,1,3,,43.77,6.097
201500007693,23,9,15,11,1,40,135,1,1,1,7,,43.8069,6.25445
201500007694,26,11,15,16,1,40,158,1,1,7,6,,0.0,0.0
201500007695,13,1,15,17,2,40,241,1,1,1,5,,0.0,0.0
201500007696,15,1,15,19,3,40,160,1,1,1,2,,0.0,0.0
201500007697,4,3,15,16,1,40,160,1,1,1,6,,0.0,0.0
201500007698,15,5,15,5,2,40,242,1,1,1,6,,0.0,0.0
201500007699,13,7,15,15,1,40,45,1,1,1,6,,0.0,0.0
201500007700,5,8,15,18,1,40,188,1,1,1,5,,0.0,0.0
201500007701,20,8,15,10,1,40,111,1,1,1,6,,0.0,0.0
201500007702,1,10,15,10,1,40,242,1,1,1,3,,0.0,0.0
201500007703,31,5,15,12,1,40,208,1,1,1,3,,43.98265,5.5595
201500007704,9,8,15,12,1,40,141,1,1,1,7,,44.016,5.7
201500007705,11,9,15,12,1,40,208,1,1,1,6,,44.014,5.537
201500007706,27,9,15,15,1,40,109,1,1,1,3,,44.07,5.874
201500007707,19,6,15,7,1,40,197,1,1,1,1,"lieu dit ""Regain""",0.0,0.0
201500007708,7,1,15,18,3,40,145,1,1,1,1,,44.145,5.972
201500007709,11,1,15,15,1,40,49,2,1,7,6,RD 4085,44.092,6.01
201500007710,25,2,15,23,4,40,49,2,1,1,6,Avenue Jean Moulin,0.0,0.0
201500007711,6,4,15,18,1,40,209,2,1,1,6,route motte du caire,44.217,5.941
201500007712,16,4,15,9,1,40,209,1,6,8,3,,44.229,5.915
201500007713,24,7,15,12,1,40,123,1,1,1,4,,44.266,5.863
201500007714,6,8,15,21,5,40,49,2,1,1,3,48 Av Général de Gaulle,44.09634,6.0105
201500007715,2,12,15,10,1,40,123,1,1,1,1,,44.256,5.881
201500007716,16,12,15,9,1,40,49,2,1,1,6,route de manosque,44.083,5.997
201500007717,6,2,15,23,3,40,137,1,1,1,6,,0.0,0.0
201500007718,18,7,15,18,1,40,234,2,1,1,7,La Combe,0.0,0.0
201500007719,14,1,15,7,2,50,70,1,1,8,1,,44.31315,5.842
201500007720,8,4,15,19,2,50,78,1,3,1,1,,44.38804,5.9385
201500007721,7,5,15,21,3,50,34,1,3,1,1,,44.26866,5.81972
201500007722,11,5,15,18,1,50,34,1,1,1,3,,44.27711,5.81684
201500007723,16,6,15,8,1,50,70,2,1,1,6,07 place de la Fontaine,44.31402,5.822
201500007724,10,11,15,15,1,50,70,2,1,1,6,16 Rue de la concorde,44.31557,5.82481
201500007725,29,3,15,16,1,50,39,1,1,1,6,,44.74758,6.0165
201500007726,28,5,15,16,1,50,9,1,1,1,6,,44.80554,5.95609
201500007727,29,6,15,14,1,50,132,2,3,1,3,avenue de la libération,44.6816,6.07362
201500007728,9,8,15,6,2,50,29,1,1,1,6,,44.643,6.16937
201500007729,10,8,15,11,1,50,132,2,1,1,6,rue des droits de lhomme,44.6842,6.07635
201500007730,8,10,15,17,1,50,104,1,1,1,7,,44.69212,6.04384
201500007731,11,10,15,19,3,50,96,1,1,1,6,,44.68322,6.28662
201500007732,31,10,15,19,3,50,148,1,9,1,3,,44.63144,6.12553
201500007733,24,12,15,15,1,50,4,2,1,8,6,,44.63279,6.20467
201500007734,27,6,15,19,1,50,68,1,3,1,2,,44.47861,6.09734
201500007735,16,8,15,17,1,50,59,1,4,1,3,,44.54409,6.00704
201500007736,21,11,15,15,1,50,166,1,1,1,1,,44.41748,5.72145
201500007737,3,6,15,21,2,50,179,1,1,1,6,,44.5632,5.85721
201500007738,10,9,15,19,1,50,87,1,1,1,7,,44.55107,5.8628
201500007739,21,9,15,22,3,50,19,1,1,1,7,,44.54875,5.6472
201500007740,23,10,15,17,1,50,179,1,3,1,3,,44.54101,5.84175
201500007741,27,10,15,14,1,50,10,2,1,2,1,route de grenoble,44.52244,5.75445
201500007742,28,11,15,19,3,50,179,1,1,1,6,,44.56074,5.88696
201500007743,18,12,15,15,1,50,123,1,1,1,5,,44.55359,5.96171
201500007744,21,2,15,17,2,50,175,1,1,4,3,,44.83243,6.50856
201500007745,30,5,15,18,1,50,175,2,3,1,3,intersection d994e cd4,44.83981,6.49524
201500007746,29,5,15,15,1,50,151,1,1,1,1,,44.81553,6.57703
201500007747,18,7,15,3,5,50,6,2,1,1,1,Route Nationale 94,44.79884,6.56533
201500007748,13,8,15,17,1,50,122,1,1,1,1,,44.72687,6.58659
201500007749,10,9,15,19,2,50,107,1,1,1,3,,44.86519,6.59943
201500007750,6,12,15,1,3,50,58,1,1,1,6,,44.75182,6.54091
201500007751,4,10,15,14,1,50,63,1,1,1,1,,45.04028,6.35763
201500007752,26,1,15,2,3,50,183,1,1,1,6,,44.86401,6.61054
201500007753,29,6,15,12,1,50,161,1,3,1,2,,44.95314,6.55149
201500007754,5,8,15,15,1,50,79,1,1,1,1,,44.99565,6.47959
201500007755,7,8,15,10,1,50,107,1,1,1,2,,44.8649,6.59908
201500007756,16,8,15,17,1,50,183,1,1,1,7,,44.85163,6.65215
201500007757,27,9,15,17,1,50,79,1,1,1,2,,44.99334,6.48127
201500007758,22,11,15,0,3,50,27,1,1,4,7,,44.87816,6.75296
201500007759,8,2,15,14,1,50,128,1,1,1,7,,44.56537,6.52275
201500007760,25,2,15,16,1,50,46,1,1,8,7,,44.57871,6.51078
201500007761,21,9,15,11,1,50,45,1,1,1,1,,44.5214,6.4715
201500007762,6,10,15,18,2,50,164,2,1,2,6,avenue d ela combre d'or,44.52615,6.40226
201500007763,28,10,15,12,1,50,46,2,1,1,6,avenue justin gras,44.56254,6.49126
201500007764,11,6,15,16,1,50,7,1,1,1,1,,44.75077,6.76455