Num_Acc,jour,mois,an,hr,condition_eclairage,departement,commune,condition_agglomeration,intersection,condition_atmosphere,type_collision,adresse,lattitude,longitude
201500007765,5,7,15,15,1,50,38,2,1,1,6,chateau queyras,44.75804,6.79414
201500007766,21,7,15,15,1,50,106,1,1,8,7,,44.55308,6.33267
201500007767,29,7,15,6,1,50,40,1,1,1,7,,44.50901,6.29853
201500007768,2,8,15,19,1,50,40,1,1,1,1,,44.5512,6.25859
201500007769,21,8,15,21,3,50,106,1,1,1,7,,44.53047,6.3316
201500007770,30,5,15,13,1,50,134,1,1,1,7,,44.63804,6.56669
201500007771,2,6,15,17,1,50,65,1,1,1,7,,44.64314,6.66141
201500007772,23,6,15,10,1,50,65,1,1,1,3,,44.64273,6.6619
201500007773,28,6,15,10,1,50,52,1,3,1,3,,44.68392,6.61449
201500007774,9,7,15,16,1,50,65,1,1,1,7,,44.65967,6.63068
201500007775,17,8,15,10,1,50,65,1,1,1,6,,44.63472,6.67426
201500007776,8,12,15,15,1,50,65,1,1,1,1,,44.66068,6.60484
201500007777,12,4,15,13,1,60,39,1,1,1,1,,0.0,0.0
201500007778,5,7,15,11,1,60,48,1,1,1,5,,0.0,0.0
201500007779,26,7,15,19,1,60,48,2,1,1,2,1259 Ave raiberti,0.0,0.0
201500007780,5,9,15,19,1,60,48,2,1,1,1,565 avenue bourriglione,0.0,0.0
201500007781,11,9,15,23,3,60,48,1,1,1,6,,0.0,0.0
201500007782,8,1,15,20,3,60,48,1,1,1,6,,43.7894,7.34851
201500007783,9,3,15,19,3,60,48,1,1,1,6,,0.0,0.0
201500007784,27,3,15,18,1,60,77,1,1,1,3,,0.0,0.0
201500007785,28,3,15,15,1,60,48,1,1,1,1,,0.0,0.0
201500007786,29,3,15,19,1,60,91,1,1,1,6,,0.0,0.0
201500007787,25,7,15,8,1,60,92,1,1,2,6,,0.0,0.0
201500007788,12,6,15,6,1,60,147,1,1,9,7,,0.0,0.0
201500007789,23,7,15,14,1,60,75,2,1,8,1,Parc Laval,43.828,7.263
201500007790,16,10,15,10,1,60,147,1,1,1,6,,43.76,7.28
201500007791,25,1,15,15,1,60,127,1,1,1,1,,44.04929,7.27513
201500007792,31,1,15,13,1,60,151,1,1,1,1,,43.87446,7.19304
201500007793,27,2,15,13,1,60,127,1,1,1,1,,43.88244,7.243
201500007794,13,3,15,19,3,60,151,1,1,1,1,,43.874,7.188
201500007795,9,7,15,7,1,60,20,1,1,1,1,,0.0,0.0
201500007796,18,12,15,15,1,60,127,1,1,1,4,,0.0,0.0
201500007797,30,1,15,12,1,60,149,2,1,1,3,"154, boulevard roma",0.0,0.0
201500007798,1,4,15,10,1,60,149,1,1,1,3,,0.0,0.0
201500007799,28,4,15,11,1,60,60,1,1,1,7,,0.0,0.0
201500007800,9,6,15,21,1,60,149,1,1,1,6,,0.0,0.0
201500007801,14,8,15,21,3,60,149,1,1,1,1,,0.0,0.0
201500007802,28,8,15,9,1,60,149,2,1,1,1,Rond point de l'oli,0.0,0.0
201500007803,7,2,15,22,5,60,11,2,1,1,7,14 bd mar?chal joffre,43.70607,7.32771
201500007804,27,3,15,7,1,60,11,2,1,1,1,2 avenue Fernand Dunan,0.0,0.0
201500007805,6,9,15,8,1,60,11,2,1,1,7,20 avenue FERNAND DUNAN,0.0,0.0
201500007806,21,1,15,11,1,60,90,2,1,3,3,route de grasse,43.61059,6.91653
201500007807,25,1,15,14,1,60,138,2,1,1,1,43 rte de la corniche or,0.0,0.0
201500007808,19,2,15,16,1,60,79,2,1,1,1,830 AVENUE ST EXUPERY,43.55938,6.9513
201500007809,28,2,15,12,1,60,138,1,1,1,3,,0.0,0.0
201500007810,1,4,15,15,1,60,79,2,1,1,6,,0.0,0.0
201500007811,8,4,15,14,1,60,90,2,1,1,3,,0.0,0.0
201500007812,22,4,15,9,1,60,138,1,1,2,3,,0.0,0.0
201500007813,29,4,15,19,1,60,108,1,1,7,1,,43.58755,6.93508
201500007814,20,5,15,7,1,60,90,2,6,1,3,RD 9,0.0,0.0
201500007815,19,5,15,16,1,60,90,1,1,1,1,,0.0,0.0
201500007816,8,6,15,14,1,60,79,2,1,1,3,Avenue de CANNES,0.0,0.0
201500007817,17,7,15,3,5,60,79,2,1,1,6,boulevard Emile Carbon,0.0,0.0
201500007818,26,6,15,16,1,60,79,1,1,1,1,,0.0,0.0
201500007819,27,6,15,1,5,60,79,1,1,1,6,,0.0,0.0
201500007820,24,7,15,18,1,60,138,1,1,1,6,,0.0,0.0
201500007821,18,9,15,18,1,60,79,1,3,1,1,,0.0,0.0
201500007822,19,9,15,16,1,60,79,2,1,1,6,avenue paul ricard,0.0,0.0
201500007823,21,9,15,16,1,60,108,1,1,1,2,,0.0,0.0
201500007824,6,10,15,16,1,60,79,2,9,1,6,avenue maréchal juin,0.0,0.0
201500007825,1,11,15,7,2,60,90,2,1,1,6,830 avenue de grasse,0.0,0.0
201500007826,8,12,15,18,5,60,108,2,1,1,4,,0.0,0.0
201500007827,10,1,15,14,1,60,87,1,1,1,7,,43.88294,6.83227
201500007828,13,4,15,12,1,60,134,1,1,1,1,,0.0,0.0
201500007829,9,5,15,14,1,60,3,1,1,1,1,,0.0,0.0
201500007830,30,5,15,3,5,60,58,2,1,1,6,7 route de la fontaine,0.0,0.0
201500007831,23,7,15,15,1,60,134,1,1,2,6,,0.0,0.0
201500007832,25,7,15,0,3,60,3,1,1,1,3,,0.0,0.0
201500007833,16,8,15,1,3,60,134,1,1,1,7,,0.0,0.0
201500007834,10,10,15,22,3,60,3,1,1,1,6,,0.0,0.0
201500007835,15,10,15,14,1,60,58,2,1,1,1,RD 6085 Pk 19+350,0.0,0.0
201500007836,30,10,15,8,5,60,58,1,1,1,7,,0.0,0.0
201500007837,15,4,15,12,1,60,157,2,1,1,6,996 Av Rhin et Danube,43.72534,7.09476
201500007838,28,4,15,15,1,60,157,2,1,1,3,"1119, route de La Colle",0.0,0.0
201500007839,6,9,15,0,5,60,65,2,1,1,1,Route de St Laurent,0.0,0.0
201500007840,7,11,15,9,3,60,157,1,1,1,1,,0.0,0.0
201500007841,5,11,15,17,5,60,157,2,1,1,3,avenue Emile Hugues,0.0,0.0
201500007842,30,11,15,18,4,60,122,2,1,1,1,2020 rte de St jeannet,0.0,0.0
201500007843,12,2,15,16,1,60,6,2,1,1,3,D414,43.78251,7.24513
201500007844,4,3,15,20,5,60,34,1,6,2,6,,0.0,0.0
201500007845,11,3,15,8,1,60,33,1,1,1,1,,0.0,0.0
201500007846,27,3,15,13,1,60,33,2,1,1,1,zac de la grave,0.0,0.0
201500007847,11,12,15,15,1,60,126,1,1,1,1,,0.0,0.0
201500007848,7,5,15,16,1,60,23,1,1,1,6,,0.0,0.0
201500007849,20,6,15,16,1,60,163,1,1,1,7,,44.105,7.587
201500007850,28,4,15,10,1,60,59,2,1,1,1,,0.0,0.0
201500007851,16,5,15,15,1,60,59,1,1,1,2,,0.0,0.0
201500007852,2,8,15,20,1,60,59,1,1,1,1,,43.727,7.368
201500007853,4,8,15,18,1,60,59,2,1,1,6,avenue de Verdun,0.0,0.0
201500007854,9,8,15,17,1,60,150,1,1,1,3,,43.75,7.4
201500007855,3,9,15,14,1,60,150,2,1,1,1,Chemin des Révoires,0.0,0.0
201500007856,8,10,15,3,5,60,59,1,1,1,6,,0.0,0.0
201500007857,30,10,15,12,1,60,83,2,1,1,5,RD2566,0.0,0.0
201500007858,6,9,15,16,1,60,146,1,1,1,1,,0.0,0.0
201500007859,9,3,15,13,1,60,101,1,1,1,7,,44.039,6.978
201500007860,8,5,15,11,1,60,71,1,1,1,6,,0.0,0.0
201500007861,8,5,15,16,1,60,56,1,1,1,1,,0.0,0.0
201500007862,26,7,15,18,1,60,160,1,1,1,7,,0.0,0.0
201500007863,8,9,15,12,1,60,56,1,1,1,7,,44.233,6.751
201500007864,3,3,15,12,1,60,66,1,1,1,6,,43.837,7.188
201500007865,27,5,15,11,1,60,47,1,1,1,1,,0.0,0.0
201500007866,27,1,15,8,1,60,120,1,1,1,6,,44.24639,6.93362
201500007867,18,3,15,7,1,60,102,1,1,1,1,,0.0,0.0
201500007868,12,4,15,14,1,83,4,1,1,1,1,,0.0,0.0
201500007869,30,6,15,15,1,83,4,1,1,1,3,,0.0,0.0
201500007870,12,11,15,12,1,83,4,1,1,1,5,,0.0,0.0
201500007871,13,11,15,10,1,83,4,2,1,1,6,35 avenue gambetta,43.46288,6.47802
201500007872,15,11,15,16,1,83,86,1,1,1,1,,0.0,0.0
201500007873,19,12,15,11,1,83,86,1,1,1,6,,0.0,0.0
201500007874,3,1,15,7,2,83,28,1,1,1,6,,0.0,0.0
201500007875,11,4,15,10,1,83,28,2,1,1,1,route de bargemon,0.0,0.0
201500007876,22,4,15,17,1,83,38,1,1,1,3,,0.0,0.0
201500007877,28,5,15,17,1,83,41,1,1,1,1,,0.0,0.0
201500007878,7,6,15,0,5,83,56,1,1,1,6,,0.0,0.0
201500007879,6,6,15,14,1,83,56,1,1,1,6,,0.0,0.0
201500007880,7,6,15,13,1,83,40,1,1,1,7,,43.8039,6.5971
201500007881,10,9,15,18,1,83,38,1,1,1,1,,0.0,0.0
201500007882,4,11,15,9,1,83,82,1,1,1,6,,0.0,0.0
201500007883,18,1,15,18,3,83,138,1,1,1,6,,0.0,0.0
201500007884,19,1,15,9,1,83,133,1,1,1,1,,0.0,0.0
201500007885,15,2,15,13,1,83,138,1,1,2,6,,0.0,0.0
201500007886,6,3,15,17,1,83,81,1,1,1,3,,0.0,0.0
201500007887,26,4,15,16,1,83,81,1,1,1,6,,0.0,0.0
201500007888,1,5,15,9,1,83,138,1,1,1,3,,0.0,0.0
201500007889,8,5,15,23,5,83,29,1,1,1,1,,0.0,0.0
201500007890,11,6,15,8,1,83,81,1,1,1,6,,0.0,0.0
201500007891,8,7,15,12,1,83,80,1,1,1,1,,43.67972,6.69639
201500007892,15,8,15,9,1,83,81,1,1,1,2,,0.0,0.0
201500007893,28,8,15,18,1,83,133,1,1,1,3,,0.0,0.0
201500007894,16,9,15,20,3,83,138,1,1,1,1,,0.0,0.0
201500007895,23,9,15,1,3,83,81,1,1,1,6,,0.0,0.0
201500007896,16,11,15,14,1,83,55,1,1,1,1,,0.0,0.0
201500007897,2,12,15,9,1,83,55,1,1,1,2,,43.60774,6.68065
201500007898,25,6,15,17,1,83,81,1,1,1,3,,0.0,0.0
201500007899,11,4,15,23,3,83,3,1,1,1,6,,0.0,0.0
201500007900,5,10,15,13,1,83,58,1,1,1,6,,43.53822,6.39299
201500007901,14,1,15,16,1,83,73,1,1,1,2,,0.0,0.0
201500007902,30,1,15,9,2,83,92,1,1,8,1,,0.0,0.0
201500007903,30,1,15,20,5,83,92,2,1,1,6,Avenue st roch,43.498,6.369
201500007904,11,2,15,11,1,83,92,1,1,1,1,,0.0,0.0
201500007905,16,2,15,17,1,83,92,1,1,1,7,,0.0,0.0
201500007906,16,2,15,16,1,83,73,1,1,1,7,,0.0,0.0
201500007907,2,3,15,9,3,83,73,1,1,1,3,,0.0,0.0
201500007908,15,3,15,19,5,83,57,1,1,3,3,,0.0,0.0
201500007909,15,3,15,18,2,83,73,1,1,2,3,,43.657,6.322
201500007910,7,6,15,16,1,83,57,1,1,1,3,,0.0,0.0
201500007911,14,6,15,17,1,83,73,1,1,1,7,,0.0,0.0
201500007912,20,6,15,12,1,83,31,1,1,1,3,,0.0,0.0
201500007913,5,9,15,1,5,83,18,2,1,1,7,Face Collège de BESSE,43.34807,6.17052
201500007914,9,11,15,7,2,83,18,1,1,1,4,,0.0,0.0
201500007915,15,11,15,11,1,83,73,1,1,1,6,,43.389,6.319
201500007916,26,11,15,20,3,83,67,1,1,1,6,,0.0,0.0
201500007917,20,1,15,9,1,83,128,1,1,1,7,,0.0,0.0
201500007918,27,5,15,9,1,83,139,1,1,1,1,,43.592,6.287
201500007919,28,5,15,15,1,83,14,2,9,1,3,Grand Rue,0.0,0.0
201500007920,19,8,15,23,3,83,121,2,1,1,6,649 RTE d'entrecasteaux,0.0,0.0
201500007921,26,10,15,10,1,83,7,1,1,1,1,,0.0,0.0
201500007922,4,2,15,18,5,83,23,2,1,2,6,Route de Nice,43.676,6.133
201500007923,17,2,15,8,1,83,23,2,1,2,2,56 rue Barbaroux,43.40847,6.06412
201500007924,19,5,15,10,1,83,23,2,1,1,3,Chemin du Luc,0.0,0.0
201500007925,2,6,15,18,1,83,37,1,1,1,6,,0.0,0.0
201500007926,4,6,15,14,1,83,23,1,1,1,1,,0.0,0.0
201500007927,30,6,15,23,3,83,23,1,1,1,1,,0.0,0.0
201500007928,15,7,15,9,1,83,23,1,1,1,3,,0.0,0.0
201500007929,27,7,15,10,1,83,23,1,1,1,3,,0.0,0.0
201500007930,14,8,15,16,1,83,23,1,1,1,1,,43.39536,6.14632
201500007931,14,8,15,15,1,83,23,1,3,1,1,,43.37756,6.08491
201500007932,15,8,15,9,1,83,23,2,1,1,6,ROUTE PRE DE PAQUES,43.4082,6.05691
201500007933,4,12,15,9,1,83,23,2,2,1,3,Route Dufort - Rue Dufor,43.41211,6.06205
201500007934,7,3,15,15,1,83,25,1,1,1,2,,0.0,0.0
201500007935,1,4,15,22,1,83,32,1,1,1,2,,0.0,0.0
201500007936,22,5,15,9,1,83,145,1,1,1,1,,0.0,0.0
201500007937,7,7,15,12,1,83,51,1,1,1,3,,43.48422,6.25709
201500007938,29,7,15,22,3,83,12,1,1,1,7,,43.5338,6.01034
201500007939,12,9,15,7,1,83,135,1,1,1,1,,0.0,0.0
201500007940,27,9,15,0,5,83,145,1,1,1,7,"8, pl de la libération",43.59765,5.96042
201500007941,27,9,15,10,1,83,95,1,1,1,7,,0.0,0.0
201500007942,28,11,15,14,1,83,46,1,1,1,3,,0.0,0.0
201500007943,11,1,15,11,1,83,104,1,1,1,7,,0.0,0.0
201500007944,1,3,15,16,1,83,6,1,1,1,3,,0.0,0.0
201500007945,2,5,15,4,3,83,66,1,1,1,6,,0.0,0.0
201500007946,24,5,15,20,3,83,6,1,1,1,6,,0.0,0.0
201500007947,8,6,15,11,1,83,150,2,1,1,6,chemin de  clappe,43.73485,5.79845
201500007948,9,6,15,14,1,83,113,1,1,1,1,,0.0,0.0
201500007949,14,7,15,17,1,83,104,1,1,1,5,,43.63754,5.79817
201500007950,19,7,15,19,1,83,146,1,1,1,6,,43.66755,5.99367
201500007951,21,7,15,14,1,83,104,1,1,1,7,,0.0,0.0
201500007952,7,9,15,19,1,83,66,1,1,1,6,,0.0,0.0
201500007953,11,1,15,0,3,83,108,1,1,1,6,,0.0,0.0
201500007954,15,2,15,17,1,83,88,1,2,3,3,,0.0,0.0
201500007955,17,2,15,8,1,83,59,1,1,1,1,,0.0,0.0
201500007956,26,3,15,17,1,83,59,1,1,1,2,,0.0,0.0
201500007957,26,5,15,10,1,83,88,1,1,1,5,,0.0,0.0
201500007958,7,6,15,2,3,83,106,1,1,1,6,,0.0,0.0
201500007959,21,6,15,16,1,83,64,1,1,1,5,,0.0,0.0
201500007960,8,8,15,23,5,83,64,2,1,1,6,,43.33022,6.04487
201500007961,12,8,15,17,1,83,59,1,1,1,1,,0.0,0.0
201500007962,5,9,15,15,1,83,77,2,1,1,7,Route de TOULON,0.0,0.0
201500007963,1,10,15,11,1,83,108,2,7,1,6,place des marronniers,43.34027,5.97578
201500007964,4,10,15,15,1,83,59,1,1,1,1,,0.0,0.0
201500007965,7,10,15,17,3,83,64,1,1,1,6,,0.0,0.0
201500007966,11,11,15,12,1,83,77,1,1,1,1,,0.0,0.0
201500007967,17,12,15,19,3,83,64,1,1,1,3,,0.0,0.0
201500007968,3,2,15,16,1,83,93,2,1,4,6,avenue de la liberation,0.0,0.0
201500007969,24,2,15,7,1,83,97,1,1,1,1,,0.0,0.0
201500007970,19,6,15,18,1,83,89,1,1,1,2,,43.49738,5.80857
201500007971,28,7,15,10,1,83,120,1,1,1,6,,43.38234,5.7384
201500007972,11,8,15,18,1,83,140,1,1,1,6,,0.0,0.0
201500007973,22,8,15,10,1,83,120,1,1,1,1,,0.0,0.0
201500007974,8,10,15,13,1,83,116,1,1,1,1,,0.0,0.0
201500007975,10,10,15,17,1,83,116,1,1,1,1,,0.0,0.0
201500007976,7,11,15,21,5,83,116,2,1,1,6,13 rue gambetta,43.45177,5.86238
201500007977,21,11,15,12,1,83,125,1,1,1,6,,0.0,0.0
201500007978,29,11,15,18,3,83,87,1,1,1,6,,0.0,0.0
201500007979,5,12,15,14,1,83,140,1,1,2,5,,0.0,0.0
201500007980,16,12,15,21,3,83,116,1,1,1,1,,0.0,0.0
201500007981,18,12,15,17,1,83,116,1,9,1,6,,0.0,0.0
201500007982,19,12,15,14,1,83,87,1,1,1,1,,0.0,0.0
201500007983,25,1,15,2,3,83,107,1,1,1,7,,43.47579,6.63719
201500007984,1,2,15,11,1,83,107,1,1,1,3,,0.0,0.0
201500007985,31,3,15,10,1,83,107,2,1,1,6,2 AVENUE GABRIEL PERI,0.0,0.0
201500007986,11,6,15,1,3,83,99,1,1,1,1,,0.0,0.0
201500007987,14,6,15,18,1,83,107,2,1,1,5,D7,0.0,0.0
201500007988,16,6,15,9,1,83,107,1,1,1,1,,43.452,6.633
201500007989,6,7,15,8,1,83,99,2,1,1,1,RN7,0.0,0.0
201500007990,19,7,15,1,3,83,107,1,1,1,7,,43.46866,6.65952
201500007991,10,8,15,7,1,83,107,1,1,1,6,,0.0,0.0
201500007992,11,8,15,17,1,83,99,2,1,1,7,ch enghien du loup,43.46475,6.69575
201500007993,15,8,15,19,1,83,107,2,1,1,5,RN 7,0.0,0.0
201500007994,28,8,15,11,1,83,99,1,1,1,4,,0.0,0.0
201500007995,26,11,15,17,5,83,107,2,1,1,6,34 rue Général DE GAULLE,43.44583,6.63644
201500007996,6,1,15,9,1,83,42,2,1,1,6,44 rue marceau,43.24837,6.53303
201500007997,30,1,15,15,1,83,42,1,1,1,3,,43.23149,6.51997
201500007998,30,1,15,18,2,83,42,2,1,1,6,bld de Lattre de Tassign,43.25,6.534
201500007999,24,2,15,8,1,83,42,1,1,1,1,,0.0,0.0
201500008000,27,2,15,16,1,83,42,1,1,1,1,,43.23565,6.52452
201500008001,24,3,15,20,5,83,68,2,6,2,6,route nationale,0.0,0.0
201500008002,9,5,15,12,1,83,63,1,1,1,3,,43.32,6.472
201500008003,10,5,15,14,1,83,63,2,1,1,1,avenue de l esplanade,43.315,6.4709
201500008004,22,5,15,18,1,83,68,1,1,1,3,,0.0,0.0
201500008005,5,6,15,10,1,83,42,1,1,1,1,,43.2395,6.56493
201500008006,28,6,15,22,5,83,68,1,1,1,6,,0.0,0.0
201500008007,4,8,15,15,1,83,42,2,1,1,6,avenue sigismond coulet,43.24982,6.53582
201500008008,5,8,15,23,5,83,68,1,1,1,1,,0.0,0.0
201500008009,6,8,15,9,1,83,68,1,6,1,1,,43.275,6.576
201500008010,3,9,15,16,1,83,68,1,1,1,3,,0.0,0.0
201500008011,24,10,15,15,1,83,63,1,1,1,1,,46.301,6.487
201500008012,20,11,15,11,1,83,68,1,1,1,5,,43.254,6.557
201500008013,21,1,15,17,5,83,115,2,1,3,6,17 avenue du 08 mai 1945,43.312,6.632
201500008014,22,1,15,17,3,83,115,1,1,1,3,,0.0,0.0
201500008015,27,1,15,11,1,83,107,2,1,1,2,cd559,43.338,6.685
201500008016,1,4,15,15,1,83,107,1,1,6,1,,0.0,0.0
201500008017,18,4,15,18,1,83,115,2,1,1,7,17 BOULEVARD JEAN MOULIN,0.0,0.0
201500008018,6,5,15,16,1,83,115,2,1,1,6,,43.517,6.059
201500008019,11,5,15,14,1,83,115,2,6,1,3,rond point des virgiles,0.0,0.0
201500008020,13,5,15,14,1,83,115,1,1,1,6,,43.514,6.06
201500008021,20,6,15,19,1,83,107,2,1,1,3,RD559,43.34722,6.71489
201500008022,20,6,15,21,3,83,107,2,9,1,6,pointe de l'Arpillon,43.34849,6.71521
201500008023,25,6,15,8,1,83,115,2,1,1,6,Rd point de l'Europe,0.0,0.0
201500008024,20,7,15,8,1,83,115,1,1,1,1,,43.335,6.671
201500008025,23,7,15,18,1,83,115,1,1,1,1,,43.33095,6.968
201500008026,27,8,15,18,1,83,115,2,1,1,3,BD JEAN MOULIN,0.0,0.0
201500008027,19,9,15,18,1,83,115,1,1,1,3,,43.323,6.608
201500008028,8,10,15,9,1,83,115,1,9,1,1,,43.317,6.583
201500008029,19,10,15,14,1,83,115,1,1,1,6,,43.329,6.659
201500008030,22,12,15,16,1,83,115,2,1,1,6,14 AV DE TASSIGNY,0.0,0.0
201500008031,8,3,15,7,2,83,65,1,1,1,1,,43.257,6.601
201500008032,9,3,15,18,2,83,119,1,1,1,7,,43.236,6.569
201500008033,16,3,15,10,1,83,119,1,1,1,6,,45.2681,6.64072
201500008034,13,4,15,9,1,83,65,1,1,1,2,,0.0,0.0
201500008035,7,5,15,21,3,83,101,1,1,1,1,,0.0,0.0
201500008036,8,5,15,20,2,83,119,2,1,1,1,RD 93,0.0,0.0
201500008037,22,5,15,2,3,83,65,1,1,8,7,,43.219,6.569
201500008038,1,6,15,18,1,83,65,1,1,1,3,,43.257,6.591
201500008039,12,6,15,7,2,83,119,2,1,1,6,76 avenue du 15 août 194,0.0,0.0
201500008040,22,6,15,19,1,83,119,2,1,1,6,65 AVENUE CHARLES DE GAU,0.0,0.0
201500008041,26,6,15,12,1,83,119,2,1,1,6,avenue général leclerc,43.26768,6.63177
201500008042,26,6,15,13,1,83,65,1,1,1,3,,43.25987,6.59046
201500008043,8,7,15,21,1,83,65,1,1,1,7,,0.0,0.0
201500008044,14,7,15,17,1,83,101,1,1,1,1,,43.23731,6.64953
201500008045,9,8,15,16,1,83,119,2,1,1,3,15 AOUT 1944,43.26656,6.62716
201500008046,11,8,15,12,1,83,65,1,1,1,2,,43.26106,6.59556
201500008047,12,8,15,20,2,83,119,2,1,1,6,45 bd louis blanc,43.26953,6.63647
201500008048,29,8,15,19,1,83,101,1,3,1,3,,43.255,6.59
201500008049,7,9,15,17,1,83,65,1,1,1,3,,43.239,6.603
201500008050,26,1,15,22,3,83,35,1,1,1,6,,0.0,0.0
201500008051,27,2,15,10,1,83,16,2,1,2,1,339 Allee des primeveres,43.203,5.801
201500008052,8,3,15,16,1,83,35,1,1,1,7,,0.0,0.0
201500008053,21,3,15,16,1,83,127,1,1,2,1,,0.0,0.0
201500008054,9,5,15,15,1,83,16,1,1,1,3,,0.0,0.0
201500008055,18,6,15,17,1,83,35,1,1,1,2,,43.19994,5.76305
201500008056,22,6,15,16,1,83,16,2,1,1,3,Route de Bandol,0.0,0.0
201500008057,10,7,15,10,1,83,16,2,1,1,3,boulevard du 8 mai 1945,43.19603,5.799
201500008058,12,7,15,17,1,83,16,1,1,1,1,,43.22671,5.81
201500008059,17,7,15,19,1,83,127,1,1,1,1,,43.283,5.824
201500008060,16,8,15,17,1,83,16,2,1,1,5,"route de Marseille, DN8",0.0,0.0
201500008061,7,9,15,17,1,83,16,1,1,1,1,,0.0,0.0
201500008062,8,9,15,20,2,83,16,1,1,1,6,,0.0,0.0
201500008063,19,9,15,9,1,83,16,1,1,1,6,,0.0,0.0
201500008064,1,11,15,11,1,83,16,1,1,1,3,,0.0,0.0
201500008065,19,11,15,16,1,83,35,1,9,1,3,,0.0,0.0
201500008066,13,6,15,4,5,83,47,1,1,1,6,,0.0,0.0
201500008067,20,6,15,19,1,83,47,2,6,1,2,avenue de la gare,43.14586,6.06736
201500008068,19,7,15,14,1,83,47,2,1,1,1,931 voie VILLENEUVE,43.15494,6.07945
201500008069,23,10,15,7,3,83,47,1,1,1,6,Chemin long,0.0,0.0
201500008070,26,10,15,17,5,83,47,2,1,3,6,D 554,0.0,0.0
201500008071,13,11,15,15,1,83,47,1,1,1,2,,0.0,0.0
201500008072,6,8,15,15,1,83,71,1,1,1,1,,0.0,0.0
201500008073,12,10,15,15,1,83,71,1,1,3,1,,43.13409,6.23608
201500008074,31,10,15,10,1,83,71,1,1,1,6,,0.0,0.0
201500008075,2,1,15,9,1,83,112,2,6,1,2,rond point aqualand,0.0,0.0
201500008076,29,1,15,19,3,83,112,2,1,1,6,13 avenue du port,43.18015,5.68714
201500008077,9,2,15,14,1,83,112,2,1,1,1,avenue des lecques,0.0,0.0
201500008078,29,4,15,15,1,83,112,2,1,1,6,1 avenue aristide briand,0.0,0.0
201500008079,1,6,15,17,1,83,112,1,1,1,3,,0.0,0.0
201500008080,2,8,15,18,1,83,112,2,1,1,3,D559 ROUTE DE LA CIOTAT,0.0,0.0
201500008081,16,11,15,16,2,83,112,2,1,7,6,rue alexandre Dumas père,43.18401,5.69636
201500008082,13,12,15,4,3,83,27,1,1,1,1,,0.0,0.0
201500008083,4,4,15,10,1,84,141,1,1,1,2,,43.96774,4.92164
201500008084,13,5,15,11,1,84,81,1,1,1,3,,0.0,0.0
201500008085,28,5,15,18,1,84,132,1,1,1,3,,43.96526,4.96352
201500008086,4,7,15,11,1,84,36,1,1,1,1,,43.93168,4.92446
201500008087,3,8,15,13,1,84,119,1,1,1,4,,43.88873,4.92569
201500008088,8,8,15,11,1,84,34,1,1,1,4,,43.88312,4.96585
201500008089,2,9,15,7,1,84,81,2,1,1,1,av. du général Leclerc,43.93411,4.90164
201500008090,13,9,15,19,1,84,141,2,1,1,3,Allée Victor MITAN,43.95767,4.89709
201500008091,16,9,15,21,3,84,119,1,1,1,6,,43.96503,4.96236
201500008092,2,12,15,15,1,84,141,1,6,1,3,,43.9826,4.88665
201500008093,15,1,15,13,1,84,132,1,2,1,3,ch Gaffe de Ragachon,43.93997,4.98365
201500008094,16,1,15,8,1,84,132,1,1,1,1,,43.92743,5.00755
201500008095,31,3,15,9,1,84,132,2,2,1,7,place du marché,43.92857,4.99535
201500008096,23,4,15,10,1,84,54,1,1,1,3,Les Jonquiers,43.88566,5.04114
201500008097,5,5,15,6,1,84,54,1,1,1,6,,43.8735,5.06692
201500008098,8,6,15,17,1,84,132,1,1,1,3,,43.93646,5.00749
201500008099,10,6,15,22,3,84,124,1,1,1,3,,43.91912,5.09707
201500008100,10,6,15,17,1,84,54,2,1,1,3,avenue victo hugo,43.92048,5.04777
201500008101,20,6,15,1,3,84,54,2,1,1,7,,43.92216,5.04307
201500008102,26,6,15,9,1,84,132,1,4,1,2,,43.92356,4.96924
201500008103,23,7,15,19,1,84,54,1,1,1,7,,43.90199,5.08276
201500008104,7,9,15,17,1,84,54,1,3,1,3,,43.92885,5.0307
201500008105,12,9,15,12,1,84,54,1,1,1,1,,43.91916,5.02922
201500008106,25,9,15,23,5,84,54,2,1,1,7,esplanade robert vasse,43.91782,5.0525
201500008107,29,9,15,23,3,84,132,1,1,1,6,,0.0,0.0
201500008108,5,10,15,20,3,84,132,1,2,1,2,,43.90292,5.01079
201500008109,23,10,15,8,1,84,54,2,1,7,7,chemin des névons,43.91744,5.05451
201500008110,11,11,15,19,3,84,54,1,1,1,3,,43.90319,5.01249
201500008111,28,11,15,18,5,84,54,2,9,1,6,228 AVENUE DE L'EGALITE,43.91616,5.04793
201500008112,13,12,15,15,1,84,54,2,1,1,1,2000 chemin des Gypières,43.95393,5.07136
201500008113,18,3,15,21,5,84,92,1,1,1,7,En face premiere classe,43.9755,4.87216
201500008114,16,5,15,12,1,84,92,2,6,1,2,cd907,43.97634,4.85802
201500008115,9,10,15,0,5,84,92,1,1,1,3,,43.97632,4.85803
201500008116,28,10,15,12,1,84,92,2,1,1,3,AVENUE THEOPHILE DELORME,43.95,4.85