Num_Acc,jour,mois,an,hr,condition_eclairage,departement,commune,condition_agglomeration,intersection,condition_atmosphere,type_collision,adresse,lattitude,longitude
201500008117,1,4,15,14,1,84,129,2,6,1,7,rd point de la fontaine,44.0079,4.87438
201500008118,19,5,15,15,1,84,129,2,3,1,7,boulevard allende,44.0037,4.88417
201500008119,10,12,15,16,1,84,129,2,6,1,3,avenue d'orange,44.01007,4.87118
201500008120,14,2,15,2,5,84,3,2,1,1,6,604 av de la libération,43.87607,5.40514
201500008121,28,2,15,5,5,84,3,2,1,1,1,Avenue de Lancon,43.8842,5.37881
201500008122,13,3,15,22,3,84,47,1,1,1,6,"Les Berques, rt croagnes",43.90753,5.34606
201500008123,13,4,15,21,2,84,3,2,1,1,6,D900  PK 38+400,43.8844,5.35955
201500008124,21,4,15,8,1,84,3,2,6,7,6,Rue du paou,43.88209,5.38438
201500008125,26,4,15,4,3,84,105,1,1,1,6,LA REYBAUDE,43.8783,5.42618
201500008126,29,5,15,21,5,84,3,2,2,1,3,QUAI GENERAL LECLERC,43.87729,5.39657
201500008127,3,8,15,11,1,84,3,1,1,1,5,,43.86344,5.36375
201500008128,15,8,15,10,1,84,103,1,1,1,1,,43.92635,5.5031
201500008129,30,8,15,18,1,84,3,2,1,1,2,12 avenue victor hugo,43.87694,5.39252
201500008130,25,9,15,10,1,84,3,1,1,1,3,,43.86132,5.3622
201500008131,25,12,15,17,3,84,3,2,1,1,3,RD 943,43.89458,5.38274
201500008132,6,5,15,12,1,84,74,1,2,1,5,,43.74729,5.18066
201500008133,10,5,15,18,1,84,74,1,1,1,2,,43.7553,5.16494
201500008134,26,5,15,20,1,84,65,2,1,1,6,rue philippe de girard,43.74661,5.31383
201500008135,1,9,15,12,1,84,147,2,3,1,3,1264 route d'ANSOUIS,43.72204,5.43612
201500008136,20,9,15,18,1,84,95,1,9,1,1,,43.73978,5.34242
201500008137,6,11,15,12,1,84,93,1,1,1,2,,0.0,0.0
201500008138,22,11,15,23,3,84,147,1,1,1,7,,0.0,0.0
201500008139,10,12,15,12,1,84,42,1,1,1,7,DFCI vallon dela Fayette,43.79935,5.44804
201500008140,13,12,15,11,1,84,26,1,1,8,1,,43.74657,5.36312
201500008141,15,4,15,21,3,84,73,1,1,1,1,,43.8578,5.20509
201500008142,23,5,15,15,1,84,86,1,1,1,3,,43.86364,5.17104
201500008143,19,6,15,6,2,84,20,1,9,1,4,,43.86142,5.27509
201500008144,15,8,15,13,1,84,85,1,1,1,7,,0.0,0.0
201500008145,10,1,15,14,1,84,14,1,1,1,6,,43.7087,5.71466
201500008146,30,3,15,11,1,84,89,2,9,1,2,"696, rte de la Bonde",43.70674,5.50542
201500008147,2,4,15,10,1,84,76,1,1,1,1,,0.0,0.0
201500008148,17,4,15,20,2,84,89,2,1,8,3,rue saint roch,43.68825,5.50549
201500008149,3,5,15,16,1,84,14,1,1,1,4,,43.7274,5.73234
201500008150,26,5,15,11,1,84,89,2,9,1,1,rue croze,43.69248,5.4979
201500008151,5,7,15,13,1,84,2,1,1,1,3,,0.0,0.0
201500008152,8,8,15,15,1,84,89,1,2,1,3,,43.72733,5.50872
201500008153,12,8,15,21,2,84,14,1,1,1,6,,43.738,5.686
201500008154,25,8,15,9,1,84,89,2,1,1,6,boulevard Victor HUGO,0.0,0.0
201500008155,21,9,15,10,1,84,89,2,4,1,3,avenue Jean Moulin,43.70106,5.50572
201500008156,24,11,15,18,5,84,89,2,1,1,6,chemin de malespine,43.68646,5.4987
201500008157,5,6,15,13,1,84,69,1,1,1,1,,44.1651,5.14512
201500008158,11,6,15,16,1,84,69,1,1,1,1,,44.15374,5.13002
201500008159,10,9,15,18,1,84,69,1,1,1,3,,0.0,0.0
201500008160,28,3,15,18,1,84,142,1,1,1,6,,43.93733,5.06201
201500008161,12,7,15,0,3,84,43,1,1,1,7,,43.99721,4.93972
201500008162,15,8,15,18,1,84,88,2,1,1,1,chemin de fontblanque,43.9852,5.06837
201500008163,24,11,15,18,3,84,88,1,2,1,5,,44.0124,5.07292
201500008164,18,1,15,14,1,84,106,2,1,1,6,RD 976 route de tulette,44.24833,4.88743
201500008165,21,7,15,12,1,84,29,1,1,1,6,,0.0,0.0
201500008166,25,10,15,12,1,84,106,1,1,1,6,,0.0,0.0
201500008167,26,10,15,6,3,84,61,1,1,1,6,,44.23277,4.85195
201500008168,23,3,15,17,2,84,4,2,1,7,1,"319, voie marcel pagnol",44.0895,5.03619
201500008169,25,4,15,9,3,84,130,1,1,1,6,quartier Serre de Supion,44.16007,5.06915
201500008170,15,5,15,15,1,84,122,1,1,1,1,,44.12435,4.97925
201500008171,5,6,15,13,1,84,122,1,1,1,6,,44.09584,4.99331
201500008172,20,7,15,22,5,84,4,2,1,1,6,avenue frédéric mistral,44.09918,5.02563
201500008173,26,7,15,18,1,84,67,1,1,1,6,,44.0763,4.99569
201500008174,7,8,15,17,1,84,4,2,1,1,3,avenue frédéric mistral,44.10102,5.02475
201500008175,30,10,15,11,1,84,67,1,1,1,1,,44.07165,5.00776
201500008176,6,1,15,17,2,84,78,1,1,1,3,,44.25539,4.68137
201500008177,21,5,15,14,1,84,63,1,1,6,6,,44.26437,4.67513
201500008178,1,6,15,8,2,84,19,1,1,1,3,,44.32269,4.7341
201500008179,30,6,15,19,1,84,19,2,1,1,3,Rue Paul VALERY,44.28658,4.75117
201500008180,15,7,15,11,1,84,78,2,1,1,4,N7,44.23376,4.71168
201500008181,5,12,15,10,1,84,19,2,1,1,6,15 avenue PASTEUR,44.28161,4.74707
201500008182,27,11,15,16,1,84,19,2,1,1,1,Zone du sactar,44.30962,4.73509
201500008183,8,3,15,15,1,84,21,1,1,1,7,,0.0,0.0
201500008184,12,6,15,15,1,84,8,1,1,1,7,,44.14268,5.1049
201500008185,22,6,15,14,1,84,45,1,1,1,5,,44.2556,5.15459
201500008186,12,9,15,14,1,84,98,1,1,1,3,,0.0,0.0
201500008187,20,9,15,14,1,84,22,1,1,1,6,,0.0,0.0
201500008188,9,10,15,16,1,84,126,1,1,1,3,,44.20509,5.00068
201500008189,27,1,15,15,2,84,138,2,1,3,3,Ancienne route de Grillo,0.0,0.0
201500008190,28,2,15,13,1,84,138,2,3,1,3,rue tourville interHugo,44.38507,4.98797
201500008191,11,12,15,21,5,84,97,2,1,1,6,421 avenue de la rabasse,44.36086,4.91143
201500008192,20,3,15,20,5,34,57,2,1,1,1,Avenue de la Justice,43.6288,3.89468
201500008193,22,5,15,15,1,34,57,2,1,1,3,avenue de la galine,43.63085,3.90262
201500008194,15,1,15,9,1,34,327,1,1,1,1,,43.65893,3.98107
201500008195,15,2,15,16,1,34,58,1,6,2,1,,43.66866,3.97463
201500008196,27,1,15,18,3,34,58,1,1,1,1,,43.69468,4.0121
201500008197,18,2,15,9,1,34,227,1,1,1,6,,43.71162,4.02841
201500008198,27,3,15,22,3,34,227,1,1,1,6,,43.7287,4.04296
201500008199,31,3,15,17,1,34,249,1,1,1,5,,43.69669,4.01468
201500008200,9,4,15,8,1,34,227,1,1,1,4,,43.71608,4.03165
201500008201,11,6,15,14,1,34,22,2,1,1,6,Rue de colombiers,43.65762,4.01093
201500008202,17,7,15,6,2,34,22,2,1,1,1,RN113    PR12800,43.66002,4.02123
201500008203,25,8,15,19,1,34,327,1,1,1,3,,43.66712,3.96415
201500008204,30,8,15,6,2,34,327,2,1,1,6,RD613,43.65385,3.96842
201500008205,13,9,15,6,2,34,249,1,1,2,7,,43.73782,3.9785
201500008206,13,9,15,13,1,34,58,2,2,1,1,Avenue du Moulin à Vent,43.6763,3.98275
201500008207,20,9,15,0,5,34,58,2,2,1,3,rue des Faïsses,43.67991,3.98571
201500008208,22,9,15,8,1,34,58,2,1,1,3,"route de Mauguio, D 26",43.69712,3.96097
201500008209,22,9,15,18,1,34,327,2,3,1,3,D 613,43.65359,3.97024
201500008210,10,10,15,10,1,34,227,1,1,1,6,,43.73372,4.04859
201500008211,8,11,15,15,1,34,244,2,1,1,3,"route de Nîmes,",43.6635,4.03219
201500008212,17,11,15,15,1,34,22,2,1,1,3,RN113,43.65947,4.01778
201500008213,19,11,15,18,5,34,22,1,9,1,3,,43.65511,4.00176
201500008214,25,11,15,19,5,34,22,2,1,1,3,,43.65688,4.00819
201500008215,16,12,15,12,1,34,327,1,3,1,3,,43.64397,3.95013
201500008216,11,3,15,16,1,34,344,2,1,1,1,RUE DE L INDUSTRIE,43.56046,4.07657
201500008217,16,7,15,21,1,34,344,1,1,1,6,,43.5613,4.06339
201500008218,6,8,15,10,1,34,344,2,1,1,6,AVENUE DE MELGUEIL,43.56192,4.08725
201500008219,1,11,15,15,1,34,344,2,9,1,6,avenue général Leclerc,43.56339,4.09217
201500008220,29,3,15,17,1,34,145,1,1,1,1,,43.66889,4.14339
201500008221,12,4,15,22,3,34,145,1,1,1,1,,43.68185,4.15038
201500008222,28,4,15,15,1,34,145,1,1,1,3,,43.65197,4.13898
201500008223,15,5,15,10,1,34,151,2,1,1,6,1-3 bd Louis Uni,43.6634,4.18043
201500008224,23,5,15,11,1,34,145,2,1,1,6,125 de lattre tassigny),43.67552,4.13014
201500008225,2,6,15,7,1,34,145,2,6,7,1,,43.66643,4.12277
201500008226,17,6,15,17,1,34,294,1,6,1,7,,43.70392,4.12167
201500008227,25,6,15,17,1,34,151,1,1,1,5,,43.62263,4.12197
201500008228,8,7,15,7,1,34,294,1,1,1,7,,43.72453,4.12718
201500008229,12,7,15,13,1,34,288,2,1,1,3,avenue de la mer,43.7289,4.10716
201500008230,28,7,15,14,1,34,145,2,1,1,1,RD 61,43.65598,4.13828
201500008231,15,8,15,12,1,34,151,2,1,1,1,boulevard victor hugo,43.66299,4.18031
201500008232,4,9,15,10,1,34,145,2,1,1,3,RN 113,43.67891,4.14327
201500008233,23,9,15,9,1,34,145,2,1,1,3,Bd de la République,0.0,0.0
201500008234,6,10,15,7,2,34,296,1,9,2,6,,43.76,4.056
201500008235,18,11,15,17,2,34,151,1,1,1,3,,43.61328,4.11136
201500008236,30,11,15,18,4,34,145,2,1,1,6,route de la mer,43.68222,4.15196
201500008237,18,12,15,0,3,34,33,2,1,1,6,d610,43.75583,4.07608
201500008238,31,12,15,0,3,34,151,1,1,1,1,,43.58602,4.10429
201500008239,7,2,15,14,1,34,154,2,1,1,1,route de lunel - CD 24,43.62647,4.03078
201500008240,14,2,15,7,2,34,176,1,1,2,6,,43.63571,4.05574
201500008241,15,4,15,19,1,34,154,1,1,1,3,,43.05,3.65
201500008242,20,4,15,20,3,34,240,1,1,1,2,,43.64373,3.98877
201500008243,25,4,15,4,3,34,154,1,1,2,6,,43.643,4.086
201500008244,6,5,15,15,1,34,240,1,1,1,3,RD 112,43.63771,3.99421
201500008245,13,7,15,13,1,34,154,1,4,1,3,,43.59284,3.93882
201500008246,23,8,15,21,5,34,154,1,1,2,2,,43.59308,3.9402
201500008247,22,9,15,0,3,34,154,1,1,1,7,,43.59591,3.95248
201500008248,25,9,15,11,1,34,154,1,1,1,3,,43.61754,3.98284
201500008249,23,11,15,16,1,34,154,2,1,1,6,route des cabanes,43.59913,4.01274
201500008250,13,1,15,23,3,34,276,1,1,1,6,,43.77674,3.87059
201500008251,28,2,15,16,1,34,276,1,1,1,1,,43.79249,3.8754
201500008252,21,9,15,12,1,34,297,1,1,1,6,,43.85148,3.9116
201500008253,3,10,15,16,1,34,48,1,1,2,1,,43.78043,4.04664
201500008254,21,11,15,5,3,34,131,1,1,1,6,,43.83465,3.89516
201500008255,16,12,15,7,2,34,297,1,1,5,1,,43.85432,3.92871
201500008256,20,12,15,2,3,34,66,1,1,1,6,,43.76281,3.77919
201500008257,6,1,15,10,1,34,28,2,1,1,6,avenue jean jaures,43.61273,3.1525
201500008258,14,3,15,0,3,34,119,1,1,1,6,,43.57985,3.14058
201500008259,17,5,15,15,1,34,55,1,1,1,1,,43.67876,2.974
201500008260,19,5,15,10,1,34,200,1,1,1,6,,43.60734,3.27297
201500008261,4,9,15,16,1,34,126,2,1,1,6,15 avenue maréchal Foch,43.58887,3.08316
201500008262,20,5,15,13,1,34,52,2,1,1,6,route de maureilhan,43.33078,3.04924
201500008263,19,6,15,14,1,34,81,2,1,1,1,chemin de rouyre,43.31093,3.14216
201500008264,26,6,15,8,1,34,161,1,1,1,3,,43.32889,3.11125
201500008265,5,8,15,8,1,34,161,1,1,1,6,,43.32627,3.10094
201500008266,2,9,15,9,1,34,161,2,1,1,7,avenue des cités,43.33338,3.12687
201500008267,20,9,15,19,1,34,183,1,1,1,2,,43.27653,3.08712
201500008268,3,10,15,18,1,34,161,2,1,1,7,rue de lezigno,43.33561,3.13381
201500008269,1,10,15,14,1,34,225,1,1,1,7,,43.36497,3.08608
201500008270,12,1,15,13,1,34,74,2,1,1,2,Boulevard de l'orb,43.45122,3.05061
201500008271,2,2,15,13,1,34,178,1,1,1,7,,43.45681,3.11845
201500008272,5,2,15,13,1,34,74,2,1,6,6,rue raoul bayou,43.44949,3.04405
201500008273,14,3,15,17,1,34,140,2,1,1,6,rue Paul Riquet,43.38143,3.17079
201500008274,15,3,15,10,1,34,92,1,1,2,6,,43.34236,2.94671
201500008275,22,3,15,12,1,34,69,1,1,1,1,,43.40311,3.09251
201500008276,25,5,15,15,1,34,74,1,1,1,6,,43.43642,3.08644
201500008277,27,6,15,17,1,34,223,1,1,1,7,,43.45075,3.19097
201500008278,18,7,15,19,1,34,69,1,1,1,1,,43.40328,3.09251
201500008279,18,7,15,22,3,34,258,1,1,1,6,,43.44268,3.1866
201500008280,26,7,15,8,1,34,100,1,1,1,1,,43.45553,2.89593
201500008281,2,8,15,1,3,34,74,1,1,1,6,,43.43794,3.08417
201500008282,8,8,15,19,1,34,70,1,1,2,5,,43.41522,2.97419
201500008283,1,9,15,16,1,34,100,1,1,1,1,,43.45574,2.89601
201500008284,14,11,15,14,1,34,147,1,3,1,5,,43.49089,3.19055
201500008285,3,7,15,16,1,34,190,1,1,1,1,,43.27455,2.77805
201500008286,27,1,15,17,2,34,162,1,1,1,6,,43.48681,3.47055
201500008287,22,2,15,15,1,34,162,1,1,1,6,,43.47888,3.46416
201500008288,20,3,15,21,5,34,166,2,1,1,1,avenue de beziers,43.39586,3.36725
201500008289,14,4,15,10,1,34,9,1,1,1,6,,43.4895,3.34972
201500008290,25,4,15,15,1,34,162,1,1,2,5,,0.0,0.0
201500008291,10,6,15,10,1,34,199,2,9,1,6,19 aveniue de verdun,43.45572,3.42339
201500008292,20,8,15,16,1,34,166,2,2,1,3,d18 avenue de beziers,43.39739,3.36164
201500008293,22,9,15,14,1,34,63,1,1,1,6,,43.49816,3.37926
201500008294,13,11,15,9,1,34,162,1,1,1,3,,43.48055,3.47204
201500008295,11,12,15,20,5,34,199,2,1,1,1,route de tourbes,43.45188,3.40661
201500008296,22,12,15,10,1,34,199,2,1,1,6,avenue de Verdun,43.45454,3.4218
201500008297,27,1,15,10,1,34,293,1,1,5,1,,43.56609,2.72115
201500008298,12,4,15,10,1,34,86,1,1,1,6,,43.47876,2.66833
201500008299,18,4,15,15,1,34,284,1,1,1,6,D,43.48112,2.7677
201500008300,8,8,15,15,1,34,293,1,1,2,5,,43.59892,2.7151
201500008301,30,11,15,10,1,34,284,2,1,1,6,26 grand rue,43.48867,2.75948
201500008302,15,2,15,13,1,34,109,1,1,2,6,,43.52453,3.24908
201500008303,28,3,15,18,1,34,214,1,2,1,3,,43.48236,3.28943
201500008304,27,5,15,15,1,34,147,1,1,1,1,,43.45306,3.20827
201500008305,20,6,15,14,1,34,214,1,1,1,6,,43.46159,3.26911
201500008306,28,7,15,3,5,34,300,1,1,1,6,,43.43608,3.29898
201500008307,22,8,15,2,3,34,214,1,1,1,6,,43.46431,3.26833
201500008308,4,9,15,17,1,34,25,1,1,1,3,(,43.41008,3.23907
201500008309,15,10,15,12,1,34,300,1,1,1,6,,43.43114,3.31439
201500008310,16,10,15,17,1,34,1,2,1,1,1,RUE RONSARD,43.44565,3.29593
201500008311,18,12,15,13,1,34,139,1,1,1,1,,43.42621,3.24816
201500008312,4,1,15,18,3,34,209,1,1,1,7,,43.3135,3.34003
201500008313,15,1,15,7,3,34,209,1,1,8,7,,43.31311,3.3305
201500008314,4,2,15,13,1,34,298,2,1,8,3,chemin de la gouronne,43.2962,3.25091
201500008315,8,2,15,6,3,34,209,1,1,1,6,,43.31312,3.33039
201500008316,25,2,15,19,3,34,209,1,1,1,3,,43.522,3.563
201500008317,29,3,15,12,1,34,135,1,1,1,1,,43.28164,3.16254
201500008318,18,4,15,21,3,34,135,1,1,1,1,,43.25827,3.15988
201500008319,24,4,15,17,1,34,299,1,1,1,6,,43.29526,3.29147
201500008320,3,5,15,5,3,34,299,1,1,1,6,,43.496,3.487
201500008321,28,7,15,14,1,34,209,1,1,1,2,",",43.31325,3.33402
201500008322,13,8,15,9,1,34,329,2,1,2,1,Avenue de VALRAS,43.26926,3.22038
201500008323,4,9,15,9,1,34,299,1,1,1,1,,0.0,0.0
201500008324,18,9,15,7,3,34,209,1,1,1,7,,43.31342,3.33978
201500008325,2,4,15,9,1,34,142,2,1,1,6,Parking allée mitterand,43.72485,3.32176
201500008326,5,6,15,18,1,34,268,2,1,1,3,Route du Viala,43.7135,3.42183
201500008327,17,8,15,12,1,34,186,1,1,1,3,,43.65094,3.315
201500008328,7,9,15,18,1,34,267,1,1,1,6,,43.70592,3.55699
201500008329,20,9,15,10,1,34,114,2,1,1,1,63 avenue Pierre MENDES,43.65041,3.5458
201500008330,28,1,15,6,3,34,31,1,1,1,1,,43.33805,3.44777
201500008331,3,3,15,15,1,34,150,2,1,1,6,route de Bessan,43.35552,3.5205
201500008332,12,3,15,3,3,34,332,1,1,1,6,,43.30805,3.4275
201500008333,20,3,15,17,1,34,31,2,1,1,6,22 AVENUE DU 08 MAI 1945,43.36218,3.4244
201500008334,20,3,15,17,1,34,31,1,1,1,6,,43.30016,3.43479
201500008335,29,3,15,18,1,34,150,2,6,1,3,avenue de l'industrie,43.35721,3.52235
201500008336,24,4,15,9,1,34,332,1,1,1,3,,43.3143,3.36446
201500008337,14,7,15,16,1,34,150,2,9,1,1,AVENUE DE LA GARE,43.31806,3.53571
201500008338,13,8,15,19,1,34,101,1,6,1,3,,43.3711,3.49693
201500008339,15,8,15,13,1,34,150,2,1,1,1,Avenue du Soleil,43.32125,3.53753
201500008340,16,8,15,14,1,34,31,1,1,1,3,,43.36874,3.41436
201500008341,11,9,15,21,3,34,150,1,1,1,7,,43.35642,3.85171
201500008342,29,9,15,13,1,34,166,1,1,2,6,,43.35193,3.35438
201500008343,20,11,15,12,1,34,101,1,1,1,7,,43.41228,3.4454
201500008344,15,1,15,17,1,34,165,1,1,1,5,,43.51333,3.67777
201500008345,3,12,15,16,1,34,113,1,1,1,1,,43.51264,3.72545
201500008346,26,12,15,21,5,34,23,2,1,1,1,avenue de la gare,43.44123,3.68367
201500008347,4,1,15,18,3,34,157,1,1,1,6,,43.42259,3.54965
201500008348,15,1,15,21,3,34,157,1,6,2,7,,43.43972,3.5769
201500008349,21,4,15,16,1,34,213,1,9,1,6,,43.47366,3.68747
201500008350,9,6,15,17,1,34,143,1,2,1,3,,43.44365,3.63206
201500008351,12,8,15,11,1,34,157,2,6,1,6,1 route de PEZENAS,43.42755,3.60494
201500008352,26,8,15,11,1,34,157,2,1,1,3,1 route de Montpellier,43.40275,3.60967
201500008353,19,9,15,18,1,34,157,2,1,7,3,route carrefour market),43.43053,3.60803
201500008354,9,10,15,8,1,34,157,2,1,1,1,chemin des costes,43.43895,3.58713
201500008355,5,11,15,8,1,34,213,1,3,1,3,,43.47442,3.67844
201500008356,5,12,15,7,2,34,213,1,1,1,7,,43.47957,3.69532
201500008357,6,3,15,17,1,11,410,1,1,1,6,,43.26426,2.42276
201500008358,6,4,15,16,1,11,367,1,1,1,1,,43.39306,2.11904
201500008359,12,4,15,18,1,11,89,2,1,1,6,Lotissement la promenade,43.32716,2.12135
201500008360,26,4,15,12,1,11,99,1,1,1,7,,43.28789,2.40429
201500008361,23,6,15,14,1,11,221,1,1,1,1,,43.41859,2.30626
201500008362,11,7,15,19,1,11,410,2,1,1,6,rue des camélias,43.25934,2.41778
201500008363,15,7,15,17,1,11,205,1,1,1,7,,43.30965,2.3926
201500008364,20,7,15,6,1,11,115,2,1,1,6,allée des platanes,43.3667,2.26966
201500008365,25,7,15,19,1,11,367,1,1,1,1,,43.37888,2.14393
201500008366,21,8,15,16,1,11,279,1,1,1,1,11610,43.24441,2.29826
201500008367,13,9,15,18,1,11,280,2,1,1,6,BD DU MINERVOIS,43.29733,2.68088
201500008368,19,10,15,6,3,11,429,1,1,8,7,,43.24667,2.39305
201500008369,4,11,15,18,3,11,413,1,1,1,6,,43.3294,2.30603
201500008370,23,12,15,13,1,11,99,1,1,1,1,,43.25826,2.39508
201500008371,5,6,15,18,1,11,271,1,1,1,7,,42.959,2.634
201500008372,21,6,15,19,1,11,378,1,1,1,6,,43.09255,2.50739
201500008373,2,8,15,12,1,11,185,1,1,1,7,,43.08379,2.61589
201500008374,24,5,15,15,1,11,260,2,1,1,7,départementale 613,42.95923,2.52729
201500008375,11,4,15,17,1,11,286,2,1,1,1,D35,43.298,2.569
201500008376,13,11,15,1,3,11,81,1,1,1,7,,43.30539,2.52372
201500008377,25,1,15,12,1,11,76,1,1,6,6,,43.333,1.952
201500008378,9,4,15,16,1,11,313,1,1,1,3,,43.33729,1.88761
201500008379,6,6,15,12,1,11,76,1,1,1,6,,43.299,1.963
201500008380,8,10,15,10,1,11,76,2,1,1,6,Cours de la République,43.31718,1.95244
201500008381,4,12,15,18,5,11,76,2,1,1,1,,43.31238,1.95538
201500008382,15,1,15,23,3,11,49,1,1,1,6,,43.24148,2.13178
201500008383,8,2,15,3,3,11,254,1,1,1,6,,43.222,2.158
201500008384,15,2,15,15,1,11,434,1,1,2,7,,43.27899,2.09342
201500008385,17,4,15,17,1,11,84,1,1,1,3,,43.21219,2.2511
201500008386,7,6,15,2,3,11,18,1,1,1,7,,43.2121,2.23525
201500008387,9,6,15,11,1,11,84,1,1,1,5,,43.236,2.272
201500008388,23,6,15,18,1,11,199,1,1,1,1,,43.212,2.269
201500008389,1,8,15,6,1,11,72,1,1,1,6,,43.206,2.025
201500008390,30,9,15,20,5,11,288,2,1,1,6,av du general de gaulle,43.257,2.269
201500008391,18,10,15,16,1,11,49,2,1,1,3,,43.24357,2.11701
201500008392,25,10,15,15,1,11,84,1,1,1,1,,43.21235,2.24269
201500008393,4,11,15,6,5,11,153,2,1,1,6,"lieu dit ""donamestre""",43.197,2.093
201500008394,31,10,15,17,1,11,254,1,1,1,2,,43.19417,2.12347
201500008395,15,1,15,20,3,11,236,1,1,1,6,,43.24769,1.70556
201500008396,29,5,15,16,1,11,226,1,1,1,6,,43.237,1.8315
201500008397,27,7,15,17,1,11,33,2,1,8,6,CD102 ROUTE DE MARTY,0.0,0.0
201500008398,29,8,15,15,1,11,26,1,1,1,7,,43.33431,1.80974
201500008399,29,8,15,20,2,11,33,1,1,1,6,,43.20008,1.73397
201500008400,21,1,15,9,1,11,344,2,1,1,6,Route de Ladern,43.09517,2.31056
201500008401,23,2,15,18,2,11,293,1,1,2,1,,43.114,2.281
201500008402,5,3,15,17,1,11,197,1,1,1,5,,43.09178,2.18163
201500008403,16,4,15,20,3,11,58,1,1,2,3,,43.14143,2.12055
201500008404,12,5,15,18,1,11,206,2,1,1,1,avenue Fabre d'Eglantine,43.054,2.221
201500008405,26,6,15,15,1,11,206,2,1,1,3,CD121,43.033,2.203
201500008406,7,7,15,1,3,11,197,2,1,1,6,,43.102,2.173
201500008407,29,8,15,14,1,11,206,2,1,1,6,promenade du Tivoli,43.057,2.216
201500008408,15,9,15,19,2,11,206,2,1,1,6,chemin de Tibur,43.053,2.21
201500008409,19,9,15,13,1,11,408,1,4,1,3,,43.124,2.313
201500008410,10,10,15,16,1,11,394,1,1,1,7,,43.02759,2.16431
201500008411,23,11,15,22,3,11,206,1,1,1,6,,43.1242,2.12736
201500008412,4,12,15,21,3,11,293,1,1,1,6,,43.108,2.299
201500008413,6,1,15,11,1,11,316,1,1,1,6,,0.0,0.0
201500008414,4,2,15,9,1,11,91,2,1,4,1,pont de l'hers,42.98209,2.00267
201500008415,25,12,15,17,1,11,336,1,1,1,6,,42.95295,1.95564
201500008416,31,1,15,15,1,11,129,1,1,2,3,,42.93551,2.23498
201500008417,5,8,15,1,3,11,377,1,1,1,6,,42.95028,2.33555
201500008418,18,9,15,9,1,11,63,1,1,1,1,,42.91312,2.19912
201500008419,12,10,15,14,1,11,63,1,1,1,6,,42.89764,2.18586
201500008420,28,11,15,8,1,11,304,2,1,2,6,31 bd charles de gaulle,42.87453,2.18253
201500008421,17,1,15,11,1,11,106,2,1,1,6,Rue Hoche,43.23277,3.05803
201500008422,14,2,15,15,1,11,40,1,1,2,6,,43.13529,2.87638
201500008423,19,2,15,19,5,11,116,2,1,1,1,chemin des garrigots,43.26016,3.01323
201500008424,7,3,15,10,1,11,255,1,1,1,6,,43.18635,2.9172
201500008425,6,3,15,10,1,11,262,1,1,1,1,,43.16017,3.05631
201500008426,11,3,15,17,1,11,269,1,1,1,1,,43.28147,2.96037
201500008427,15,4,15,9,1,11,262,1,1,1,3,,43.1621,3.16823
201500008428,4,7,15,4,3,11,116,1,1,1,6,,43.23831,3.00016
201500008429,10,7,15,4,3,11,145,1,1,1,7,,43.22439,3.21296
201500008430,16,7,15,15,1,11,262,1,1,1,3,,43.15035,3.05204
201500008431,2,8,15,21,3,11,258,1,1,1,6,11,43.21095,2.94334
201500008432,26,7,15,22,3,11,145,1,1,1,7,,43.23441,3.1882