Num_Acc,jour,mois,an,hr,condition_eclairage,departement,commune,condition_agglomeration,intersection,condition_atmosphere,type_collision,adresse,lattitude,longitude
201500008433,7,8,15,13,1,11,145,1,1,1,5,11560,43.21432,3.13406
201500008434,13,8,15,19,2,11,106,1,1,8,5,,43.22489,3.07736
201500008435,25,8,15,15,1,11,24,2,1,1,6,Hameau de Prat de Cest,43.11402,2.95066
201500008436,30,8,15,1,3,11,170,1,1,1,1,,43.11742,3.08763
201500008437,26,9,15,4,3,11,106,1,1,1,6,,43.22036,3.04078
201500008438,7,10,15,12,1,11,255,1,1,1,7,,43.21317,2.84913
201500008439,10,10,15,6,3,11,106,1,1,1,6,,43.22548,3.0469
201500008440,16,11,15,16,1,11,24,1,1,1,5,,43.11891,2.95304
201500008441,27,11,15,16,1,11,106,1,1,1,3,,43.24902,3.06782
201500008442,13,12,15,8,1,11,262,1,1,1,3,,43.22431,3.04546
201500008443,25,12,15,18,3,11,24,1,1,1,3,,43.13019,2.96232
201500008444,24,12,15,17,2,11,255,1,1,1,1,,43.16914,2.91467
201500008445,16,7,15,3,3,11,431,1,1,1,6,,42.95,2.76
201500008446,13,8,15,15,1,11,152,1,1,8,6,,43.05447,2.81622
201500008447,4,10,15,14,1,11,401,1,1,1,6,,42.9097,2.70583
201500008448,1,5,15,13,1,11,132,1,1,1,6,,43.1,2.72
201500008449,8,5,15,16,1,11,212,1,1,1,1,,43.31957,2.83604
201500008450,24,5,15,3,3,11,267,1,1,1,6,,43.19,2.835
201500008451,30,6,15,11,1,11,203,1,1,1,7,,43.23908,2.85422
201500008452,3,7,15,14,1,11,12,1,2,1,3,,43.312,2.929
201500008453,12,7,15,16,1,11,172,2,1,1,6,,43.26666,2.72601
201500008454,21,7,15,12,1,11,360,2,1,1,2,avenue des ecoles,43.24487,2.90325
201500008455,8,8,15,6,2,11,353,1,9,1,6,,43.248,2.914
201500008456,31,10,15,9,1,11,360,1,1,1,3,,43.26686,2.89854
201500008457,6,11,15,19,3,11,203,1,1,1,1,,43.22774,2.79425
201500008458,26,7,15,17,1,11,188,1,1,1,2,,42.991,2.977
201500008459,28,7,15,13,1,11,379,2,2,1,3,30 rue l'ancienne Gendar,43.02864,2.97523
201500008460,8,8,15,3,3,11,379,1,1,1,1,,43.07287,2.94352
201500008461,27,12,15,23,5,11,266,1,6,1,6,,43.01903,3.04644
201500008462,16,3,15,0,3,30,3,1,6,2,7,,43.56003,4.15315
201500008463,12,5,15,23,3,30,133,1,6,1,6,,43.55078,4.13982
201500008464,21,5,15,17,1,30,133,2,1,6,6,avenue du centurion,43.52043,4.13112
201500008465,23,5,15,15,1,30,3,1,6,1,3,,43.57234,4.17453
201500008466,11,7,15,3,3,30,276,1,1,1,7,,43.58731,4.22266
201500008467,28,7,15,3,2,30,133,1,1,1,7,,43.54533,4.15531
201500008468,7,8,15,15,1,30,133,2,1,1,1,route des marines,43.51763,4.14117
201500008469,10,8,15,23,3,30,3,1,6,1,6,,43.57847,4.18684
201500008470,11,8,15,17,1,30,133,2,1,1,3,rue des moussaillons,0.0,0.0
201500008471,15,8,15,14,1,30,276,1,1,1,3,,43.58327,4.23893
201500008472,31,10,15,17,1,30,3,2,1,1,7,RD 979 - PK 89+700,43.56834,4.18889
201500008473,5,12,15,21,3,30,276,1,1,2,3,,43.58113,4.26039
201500008474,8,12,15,10,1,30,133,2,1,8,6,RUE VINCENT,0.0,0.0
201500008475,14,1,15,9,1,30,138,1,1,1,1,,43.81561,4.24012
201500008476,14,2,15,11,1,30,114,1,1,2,3,,43.8145,4.09549
201500008477,17,5,15,17,1,30,249,1,9,7,7,,43.81131,4.21722
201500008478,27,6,15,8,1,30,306,1,1,1,6,,43.82718,4.04699
201500008479,4,8,15,18,1,30,306,1,1,1,6,,43.82517,4.05063
201500008480,26,12,15,19,3,30,352,1,1,1,1,,43.80508,4.09752
201500008481,17,1,15,8,2,30,156,1,1,1,6,,43.88088,4.43893
201500008482,17,2,15,20,3,30,155,1,1,8,6,,43.82287,4.4684
201500008483,13,4,15,10,1,30,156,1,1,1,6,,43.86409,4.42771
201500008484,21,4,15,10,1,30,156,1,1,1,1,,43.86373,4.43444
201500008485,23,5,15,9,1,30,156,1,1,1,6,,43.87002,4.43917
201500008486,26,7,15,16,1,30,258,2,1,1,1,route d'arles,0.0,0.0
201500008487,23,8,15,20,1,30,258,1,1,3,4,,43.6668,4.37598
201500008488,11,9,15,14,1,30,258,1,1,1,1,,43.69909,4.42464
201500008489,18,9,15,19,1,30,258,2,1,1,2,D6572,43.66903,4.44591
201500008490,4,11,15,13,1,30,258,1,1,2,1,,43.67184,4.4099
201500008491,17,1,15,8,1,30,4,1,1,1,1,,43.71916,4.20506
201500008492,23,1,15,7,2,30,347,1,1,1,1,,43.72457,4.27021
201500008493,28,2,15,18,1,30,347,1,1,1,1,,43.73606,4.27979
201500008494,14,4,15,17,1,30,4,2,1,7,6,chemin de la vaunage,43.7424,4.1881
201500008495,20,4,15,7,2,30,341,1,1,2,1,,43.54739,4.34864
201500008496,25,4,15,18,1,30,59,1,1,1,1,,43.68886,4.24023
201500008497,25,5,15,8,1,30,341,1,1,1,6,,0.0,0.0
201500008498,30,5,15,4,3,30,59,1,1,1,1,,43.68879,4.24261
201500008499,20,5,15,7,1,30,123,2,1,1,1,rue folco de baroncelli,0.0,0.0
201500008500,2,6,15,3,3,30,6,1,1,1,7,,43.70737,4.21236
201500008501,4,6,15,18,1,30,341,2,1,7,1,"CD 6572-CD779, gallician",43.65403,4.29563
201500008502,5,6,15,16,1,30,83,1,1,1,1,,43.71344,4.21869
201500008503,21,6,15,6,1,30,6,1,1,1,3,,43.687,4.19943
201500008504,29,6,15,9,1,30,6,1,1,1,1,,43.68117,4.19355
201500008505,1,7,15,21,1,30,6,2,1,1,6,av du général de gaulle,0.0,0.0
201500008506,21,7,15,18,1,30,341,1,1,1,7,,43.71586,4.28017
201500008507,1,8,15,3,3,30,4,1,1,1,6,,43.71742,4.22128
201500008508,7,10,15,9,1,30,6,2,1,7,6,rue de l'Abrivado,43.68791,4.21367
201500008509,16,11,15,6,3,30,33,1,2,1,3,,43.65482,4.34368
201500008510,9,12,15,11,1,30,4,1,1,1,6,,43.72134,4.20898
201500008511,24,12,15,16,1,30,123,1,1,8,6,,43.71738,4.18001
201500008512,23,1,15,20,5,30,27,2,6,1,3,Rond-point centre ville,44.07254,4.05213
201500008513,23,2,15,10,1,30,329,1,1,1,6,,44.06184,3.91849
201500008514,18,3,15,15,1,30,329,1,1,1,1,,44.07357,3.93822
201500008515,23,8,15,6,2,30,329,1,1,2,6,,44.07611,3.92897
201500008516,2,2,15,17,1,30,307,2,1,1,3,rue d'Alger,44.19632,4.04527
201500008517,27,2,15,1,3,30,132,1,1,2,7,,44.22304,4.04444
201500008518,25,5,15,14,1,30,307,2,1,1,1,2 place de l'église,44.20684,4.03538
201500008519,16,6,15,13,1,30,132,2,1,2,6,18 rue marcel feydedie,44.22041,4.0179
201500008520,4,12,15,13,1,30,307,2,1,1,3,RN106 les beaumes,44.20049,4.03651
201500008521,7,1,15,11,1,30,55,1,1,9,7,,44.12485,4.23071
201500008522,10,1,15,21,3,30,275,1,1,1,5,,44.11596,4.24811
201500008523,28,3,15,4,5,30,223,1,1,1,7,,44.18409,4.13798
201500008524,3,4,15,19,2,30,270,1,1,1,1,,44.10844,4.02946
201500008525,11,4,15,15,1,30,294,1,1,1,1,,44.16096,4.11988
201500008526,30,4,15,16,1,30,284,2,1,8,1,rue du 19 mars 1962,44.16227,4.07998
201500008527,6,5,15,13,1,30,223,1,1,1,3,,44.1781,4.17497
201500008528,3,6,15,11,1,30,305,1,1,1,3,,44.17321,4.14581
201500008529,29,6,15,17,1,30,305,1,1,1,3,,44.18419,4.18616
201500008530,4,7,15,19,1,30,294,1,1,1,5,,44.1637,4.12467
201500008531,28,12,15,15,1,30,305,2,1,1,1,D16,44.17724,4.16667
201500008532,25,1,15,5,5,30,348,2,1,1,6,Route de Nimes,44.0501,4.13938
201500008533,11,2,15,22,3,30,2,1,1,1,6,,43.96264,4.09825
201500008534,22,2,15,14,1,30,101,1,1,1,7,,44.08621,4.14845
201500008535,19,4,15,22,3,30,264,1,1,1,7,,44.04548,4.23228
201500008536,17,5,15,13,1,30,2,1,1,1,6,,43.9588,4.10917
201500008537,22,5,15,7,1,30,267,1,2,1,3,,44.00058,4.07928
201500008538,26,5,15,8,1,30,2,1,2,1,3,,43.95703,4.09924
201500008539,10,7,15,15,1,30,259,2,1,1,3,CD 981 - PK 2 + 600,44.10388,4.12789
201500008540,12,7,15,15,1,30,104,1,1,1,1,,43.96956,4.16159
201500008541,17,7,15,17,1,30,259,1,1,1,2,,44.10573,4.10005
201500008542,8,9,15,10,1,30,147,1,1,1,7,,44.01964,4.05455
201500008543,19,9,15,17,1,30,46,1,1,1,7,,43.99988,4.18022
201500008544,29,10,15,15,1,30,109,1,1,1,1,,44.06517,4.25
201500008545,31,12,15,11,1,30,259,2,1,2,1,route de Nimes,44.07382,4.11738
201500008546,4,4,15,9,1,30,316,1,1,1,6,,44.32569,4.0103
201500008547,6,4,15,12,1,30,201,1,1,1,1,,44.42153,3.98191
201500008548,28,4,15,17,1,30,80,1,1,1,3,,44.30496,3.9874
201500008549,20,6,15,15,1,30,153,1,1,1,3,,44.42743,4.03106
201500008550,8,8,15,9,1,30,130,1,1,1,6,,44.36171,3.94137
201500008551,25,9,15,9,1,30,153,1,1,1,1,,44.42519,3.98074
201500008552,5,10,15,17,1,30,80,1,1,1,6,,44.29453,3.98108
201500008553,10,10,15,17,1,30,345,2,1,1,6,Rue du Petit Nice,44.2877,4.00741
201500008554,25,1,15,7,2,30,266,1,1,1,6,,44.24691,4.28619
201500008555,24,1,15,16,1,30,293,1,1,1,7,,44.28135,4.35035
201500008556,2,2,15,8,1,30,237,1,1,1,1,,44.29316,4.18262
201500008557,19,2,15,17,1,30,227,2,1,7,6,boulevard du paradis,44.26623,4.19839
201500008558,4,3,15,11,1,30,227,2,1,1,6,BOULEVARD DU PORTALET,0.0,0.0
201500008559,10,3,15,9,1,30,227,2,1,1,6,762 route d'Uz?s,44.25205,4.20077
201500008560,24,4,15,22,3,30,8,1,1,1,6,,44.20307,4.24155
201500008561,3,5,15,10,1,30,48,1,1,1,1,,44.1294,4.3118
201500008562,17,5,15,14,1,30,29,2,1,1,6,place du 08 mai 1945,44.30729,4.34805
201500008563,22,5,15,10,1,30,29,2,1,7,3,RD 901,44.30524,4.3556
201500008564,24,5,15,1,3,30,167,1,1,1,7,,44.27296,4.15279
201500008565,10,6,15,9,1,30,227,1,1,1,7,,44.24024,4.18858
201500008566,14,6,15,17,1,30,152,1,1,1,2,,44.24173,4.17593
201500008567,21,7,15,13,1,30,37,2,1,1,3,REVETY,44.27696,4.1341
201500008568,9,8,15,3,3,30,227,1,1,2,6,,44.24977,4.1813
201500008569,23,9,15,18,1,30,227,1,1,1,7,,0.0,0.0
201500008570,5,10,15,20,5,30,29,2,1,1,1,,44.30674,4.34319
201500008571,8,11,15,16,1,30,218,1,1,1,6,,44.23683,4.2666
201500008572,14,11,15,18,3,30,8,1,1,1,3,,44.18828,4.20601
201500008573,23,11,15,15,1,30,268,2,1,1,1,Les mines,44.23547,4.13754
201500008574,21,12,15,8,2,30,268,1,1,2,3,,44.23804,4.12361
201500008575,4,1,15,19,3,30,262,1,1,1,6,,44.03019,4.476
201500008576,6,2,15,11,1,30,334,1,1,1,6,,44.01338,4.41439
201500008577,29,1,15,17,2,30,334,2,1,1,6,avenue pompidou,0.0,0.0
201500008578,28,2,15,3,3,30,334,1,1,1,7,,44.01744,4.42878
201500008579,3,3,15,16,1,30,299,1,4,1,3,,44.02655,4.47006
201500008580,17,4,15,19,1,30,174,2,1,1,7,route d'uzes,0.0,0.0
201500008581,18,5,15,17,1,30,109,1,1,1,2,,44.06516,4.24995
201500008582,1,6,15,18,1,30,30,1,1,1,3,,44.05459,4.28512
201500008583,9,6,15,15,1,30,337,1,1,1,3,,44.05693,4.47447
201500008584,18,6,15,12,1,30,334,2,1,1,6,avenue de la gare,0.0,0.0
201500008585,28,6,15,5,2,30,334,1,1,1,6,,44.02041,4.43342
201500008586,4,7,15,10,1,30,334,2,1,1,3,Avenue Georges Pompidou,44.01132,4.41521
201500008587,14,7,15,15,1,30,111,1,1,1,6,,44.04666,4.29475
201500008588,15,7,15,17,1,30,343,1,1,1,1,,44.1906,4.48211
201500008589,22,7,15,9,1,30,334,1,1,1,1,,44.00209,4.43147
201500008590,21,8,15,5,2,30,14,1,1,1,7,,43.99355,4.34788
201500008591,20,9,15,14,1,30,286,1,1,1,4,,0.0,0.0
201500008592,30,9,15,17,1,30,151,1,1,1,2,,44.15838,4.35904
201500008593,7,10,15,17,1,30,334,2,1,1,3,Avenue Louis Altérac,44.02116,4.41484
201500008594,22,10,15,12,1,30,295,1,2,1,1,,44.04089,4.4545
201500008595,13,12,15,11,1,30,282,1,1,2,6,,44.1375,4.47486
201500008596,2,2,15,10,1,30,202,1,1,1,2,,44.25088,4.62218
201500008597,25,2,15,12,1,30,230,1,1,6,6,,44.23335,4.45252
201500008598,12,3,15,23,3,30,290,1,1,1,7,,44.27453,4.60292
201500008599,16,3,15,13,1,30,131,1,1,1,7,,44.1959,4.47773
201500008600,13,4,15,15,1,30,277,1,1,1,2,,44.21158,4.51816
201500008601,18,5,15,20,1,30,202,1,9,1,3,,44.27563,4.62537
201500008602,27,5,15,21,5,30,202,2,1,1,3,Avenue Gaston Doumergue,0.0,0.0
201500008603,24,6,15,10,1,30,202,2,1,1,7,Route de Lyon,44.26746,4.63573
201500008604,27,7,15,5,2,30,273,1,1,1,1,,44.28187,4.58795
201500008605,28,8,15,9,1,30,226,1,1,1,1,,44.22011,4.63361
201500008606,1,9,15,9,1,30,202,2,9,1,7,Allée Jean Jaures,44.2545,4.64928
201500008607,6,11,15,16,1,30,202,2,1,7,6,zone commerciale pte sud,44.24074,4.63996
201500008608,8,11,15,6,3,30,226,1,1,5,3,,44.21901,4.6337
201500008609,9,11,15,21,5,30,202,2,1,1,6,avenue KENNEDY,44.26361,4.64132
201500008610,13,11,15,11,1,30,202,2,1,1,6,ALLEES FREDERIC MISTRAL,0.0,0.0
201500008611,8,1,15,17,5,30,12,1,1,1,1,,0.0,0.0
201500008612,9,1,15,23,3,30,336,1,1,1,7,,43.83208,4.64031
201500008613,30,1,15,6,3,30,116,1,1,6,7,,43.91501,4.60997
201500008614,7,3,15,10,1,30,179,2,1,1,7,RD500,43.87186,4.58989
201500008615,28,3,15,1,3,30,346,1,1,1,6,,43.95651,4.53085
201500008616,5,4,15,9,1,30,346,1,1,1,1,,43.95825,4.52117
201500008617,13,4,15,22,5,30,12,2,6,1,3,Avenue Charle de Gaulle,43.8961,4.69041
201500008618,18,4,15,20,2,30,107,2,1,1,7,Chemin du vieux moulin,43.93706,4.63724
201500008619,16,5,15,21,3,30,336,1,1,1,6,,43.8428,4.62156
201500008620,12,6,15,19,1,30,89,1,1,8,1,,43.84486,4.57211
201500008621,12,6,15,16,1,30,179,1,1,3,1,,43.87518,4.60726
201500008622,19,6,15,11,1,30,166,1,1,1,1,,43.8914,4.57413
201500008623,21,6,15,18,1,30,12,1,1,1,6,,43.89458,4.69119
201500008624,1,7,15,15,1,30,340,2,1,1,5,RD 6086,44.00253,4.57853
201500008625,5,7,15,16,1,30,346,1,1,1,6,,43.95971,4.51883
201500008626,14,7,15,12,1,30,73,2,2,1,3,CD 228 chemin neuf,43.9699,4.55445
201500008627,25,7,15,22,3,30,340,1,1,1,6,,44.02095,4.5818
201500008628,4,8,15,7,1,30,116,1,1,2,7,,43.94131,4.61623
201500008629,13,8,15,8,1,30,336,1,1,1,3,,43.87996,4.62844
201500008630,17,9,15,5,3,30,116,1,1,2,5,,43.94033,4.61005
201500008631,21,9,15,9,1,30,179,2,1,1,3,D986L,43.87042,4.58423
201500008632,4,10,15,17,1,30,346,1,1,1,6,,43.95614,4.53195
201500008633,6,12,15,21,3,30,346,1,1,1,6,,43.95922,4.51961
201500008634,21,2,15,17,1,30,312,2,1,2,1,bd frederic mistral,44.01063,4.80522
201500008635,12,3,15,19,3,30,254,1,1,1,1,,44.06188,4.73195
201500008636,16,3,15,16,1,30,326,1,1,1,4,,44.01143,4.6903
201500008637,6,4,15,4,5,30,209,2,1,1,6,53 route de sauveterre,44.01095,4.80091
201500008638,10,7,15,8,1,30,278,1,1,1,2,,44.06179,4.70866
201500008639,13,7,15,22,3,30,149,1,1,1,7,,44.03289,4.69346
201500008640,28,8,15,17,1,30,221,1,1,1,2,,44.02377,4.74662
201500008641,19,10,15,2,3,30,221,1,1,2,6,,44.0199,4.74267
201500008642,25,10,15,18,2,30,217,2,1,1,2,"1687, Route d'Avignon",43.96531,4.70629
201500008643,10,11,15,22,3,30,326,1,1,1,7,,44.00808,4.73166
201500008644,14,11,15,18,5,30,326,1,1,1,1,,44.00764,4.73494
201500008645,3,3,15,19,3,30,233,1,1,1,5,,43.92368,4.17833
201500008646,4,3,15,10,1,30,193,1,1,8,3,,43.87017,4.21308
201500008647,30,3,15,16,1,30,189,1,1,1,6,,43.91905,4.38913
201500008648,3,4,15,15,1,30,126,1,1,1,1,,43.99003,4.29183
201500008649,7,4,15,17,1,30,241,1,1,1,5,,43.95646,4.27042
201500008650,17,6,15,17,1,30,46,1,1,1,2,,43.9725,4.20827
201500008651,19,6,15,15,1,30,21,2,1,1,1,rue de l'église,0.0,0.0
201500008652,30,6,15,19,1,30,313,1,1,1,3,,43.95769,4.24048
201500008653,15,7,15,14,1,30,184,2,1,1,3,avenue de la république,43.98138,4.22959
201500008654,23,7,15,19,1,30,126,1,1,7,1,,43.99219,4.32531
201500008655,2,8,15,14,1,30,102,1,1,1,6,,43.91833,4.28487
201500008656,5,8,15,19,1,30,189,1,1,1,1,,43.91841,4.38848
201500008657,11,8,15,13,1,30,281,1,3,1,3,,43.88311,4.19399
201500008658,12,8,15,13,1,30,228,2,1,1,1,route d'aubarne,43.94349,4.35893
201500008659,10,10,15,10,1,30,281,1,1,1,4,,43.88398,4.19455
201500008660,13,11,15,16,1,30,228,1,1,7,3,,43.94128,4.31312
201500008661,18,1,15,1,3,30,272,1,1,1,6,,43.97644,3.68617
201500008662,3,6,15,7,1,30,229,2,9,1,5,LE REY,44.00101,3.66069
201500008663,19,9,15,12,1,30,9,1,1,1,3,,43.96819,3.44307
201500008664,28,5,15,14,1,30,140,2,1,1,6,Rue de la Croisette,0.0,0.0
201500008665,11,7,15,11,1,30,140,2,1,1,3,Carrefour D153-rue liron,44.04622,3.85597
201500008666,17,8,15,9,1,30,195,1,1,1,7,,44.10914,3.81996
201500008667,19,2,15,21,5,30,210,2,6,1,7,AVENUE DE L'AIGUAL,43.91702,3.99358
201500008668,15,3,15,18,2,30,314,1,1,2,6,,43.96224,4.06899
201500008669,4,6,15,16,1,30,54,1,1,1,1,,43.85791,3.97011
201500008670,1,7,15,14,1,30,93,1,1,1,5,,43.96048,3.90025
201500008671,17,10,15,11,1,30,148,1,1,1,1,,43.89494,4.00912
201500008672,4,12,15,16,1,30,263,2,1,1,1,d999,43.96142,3.85718
201500008673,12,5,15,14,1,48,111,1,1,1,1,,0.0,0.0
201500008674,17,3,15,17,1,48,80,2,1,2,6,BD CHARLES DE GAULLES,0.0,0.0
201500008675,30,4,15,14,1,48,70,1,1,1,7,,0.0,0.0
201500008676,25,6,15,9,1,48,80,2,1,1,3,avenue Joffre,0.0,0.0
201500008677,15,8,15,20,1,48,43,1,2,1,3,,0.0,0.0
201500008678,25,8,15,12,1,48,10,2,1,1,6,le bourg,44.75315,3.72811
201500008679,11,4,15,17,1,48,135,1,1,1,1,,44.417,3.936
201500008680,11,4,15,19,1,48,135,1,1,1,1,,44.408,3.933
201500008681,17,11,15,13,1,48,198,1,1,1,6,,44.455,3.933
201500008682,8,8,15,13,1,48,61,2,3,1,3,"RN 106, quartier du Pont",0.0,0.0
201500008683,20,8,15,16,1,48,162,1,1,1,6,,0.0,0.0
201500008684,5,11,15,13,1,48,116,1,1,1,6,,0.0,0.0
201500008685,8,11,15,16,1,48,162,1,1,1,6,,0.0,0.0
201500008686,29,11,15,11,1,48,61,2,4,1,3,Quartier de la Bécède,44.3301,3.59079
201500008687,2,5,15,14,1,48,67,1,1,1,7,,44.1785,3.71
201500008688,9,5,15,16,1,48,115,1,1,1,7,,0.0,0.0
201500008689,12,5,15,22,3,48,148,1,1,1,6,,0.0,0.0
201500008690,2,7,15,11,1,48,148,1,1,1,6,,44.1918,3.84122
201500008691,5,7,15,17,1,48,36,1,1,1,6,,0.0,0.0
201500008692,14,8,15,15,1,48,178,1,1,1,7,,0.0,0.0
201500008693,18,8,15,19,2,48,97,1,1,1,3,,0.0,0.0
201500008694,23,5,15,10,1,48,146,1,1,1,6,,0.0,0.0
201500008695,19,6,15,11,1,48,176,1,1,1,6,,0.0,0.0
201500008696,9,10,15,16,1,48,94,1,1,1,3,,0.0,0.0
201500008697,4,11,15,7,1,48,74,1,1,8,7,,0.0,0.0
201500008698,17,1,15,8,1,48,49,1,1,1,1,,0.0,0.0
201500008699,4,6,15,12,1,48,187,1,1,7,6,,0.0,0.0
201500008700,19,6,15,14,1,48,63,1,1,1,6,,44.72,3.373
201500008701,8,8,15,14,1,48,91,1,1,3,6,,0.0,0.0
201500008702,23,8,15,16,1,48,1,1,1,2,7,,0.0,0.0
201500008703,6,12,15,3,3,48,104,1,1,9,7,,0.0,0.0
201500008704,20,4,15,17,1,48,121,1,1,1,6,,44.82805,3.3311
201500008705,26,4,15,3,3,48,2,1,1,1,6,,44.878,3.257
201500008706,19,8,15,18,1,48,177,1,1,1,3,,44.833,3.309
201500008707,19,10,15,13,1,48,128,1,1,1,3,,44.786,3.288
201500008708,9,12,15,14,1,48,177,1,1,1,2,,44.845,3.319
201500008709,2,1,15,16,1,66,37,1,9,1,1,,0.0,0.0
201500008710,25,1,15,14,1,66,37,2,1,1,7,Parking zone technique,42.70395,3.03767
201500008711,13,2,15,21,5,66,37,2,1,1,6,CD617,0.0,0.0
201500008712,19,3,15,11,1,66,37,2,1,1,1,AVENUE DU ROUSSILLON,42.69774,3.03238
201500008713,4,5,15,4,1,66,37,1,1,1,1,,42.68738,3.03465
201500008714,7,6,15,11,1,66,37,2,1,1,3,voie des flamants roses,0.0,0.0
201500008715,12,6,15,15,1,66,37,2,1,1,3,RD 617,0.0,0.0
201500008716,25,7,15,17,1,66,182,2,1,1,2,aveue du stade,42.72875,3.02384
201500008717,29,8,15,6,2,66,37,1,1,1,5,,0.0,0.0
201500008718,27,2,15,16,1,66,65,2,1,1,6,rue Joan amade,42.5989,2.97695
201500008719,1,7,15,16,1,66,26,1,1,1,5,,0.0,0.0
201500008720,9,5,15,19,2,66,107,1,1,7,6,,0.0,0.0
201500008721,12,5,15,19,1,66,107,1,1,1,6,,0.0,0.0
201500008722,18,5,15,11,1,66,107,1,1,1,1,,0.0,0.0
201500008723,1,7,15,4,3,66,71,1,1,1,6,,0.0,0.0
201500008724,21,7,15,17,1,66,187,1,1,1,5,,0.0,0.0
201500008725,24,8,15,16,1,66,46,1,1,1,7,,0.0,0.0
201500008726,27,3,15,20,3,66,108,1,1,1,3,,0.0,0.0
201500008727,12,9,15,17,1,66,108,1,1,1,6,,0.0,0.0
201500008728,15,4,15,10,1,66,190,1,1,1,1,,0.0,0.0
201500008729,2,5,15,15,1,66,164,1,1,1,4,,0.0,0.0
201500008730,14,8,15,16,1,66,190,1,1,1,3,,0.0,0.0
201500008731,26,9,15,11,1,66,190,1,1,1,6,,42.83527,2.90954
201500008732,24,10,15,20,3,66,164,1,1,1,2,,0.0,0.0
201500008733,31,10,15,9,1,66,231,1,1,1,1,,0.0,0.0
201500008734,14,12,15,7,2,66,69,1,1,1,7,,0.0,0.0
201500008735,23,5,15,10,1,66,171,2,1,1,6,Boulevard Desnoyer,42.62927,3.03214
201500008736,21,6,15,3,1,66,171,2,1,1,7,boulevard maillol - D81A,0.0,0.0
201500008737,28,12,15,16,1,66,2,2,6,7,1,RP médaille militaire,42.63966,2.9733
201500008738,10,2,15,10,1,66,212,2,1,1,6,Avenue Marechal Joffre,42.75792,2.99166
201500008739,5,3,15,15,1,66,180,2,1,1,3,rue lavoisier,42.7741,2.99003
201500008740,15,4,15,7,1,66,180,1,1,1,2,,0.0,0.0
201500008741,20,6,15,1,3,66,212,1,1,1,1,,0.0,0.0
201500008742,14,7,15,7,1,66,212,1,1,1,7,,0.0,0.0
201500008743,21,7,15,12,1,66,17,2,1,1,1,Rue du Mas de Grêle,42.82437,3.03515
201500008744,14,8,15,5,3,66,212,1,1,1,6,,0.0,0.0
201500008745,21,12,15,12,1,66,17,2,1,1,6,boulevard du 14 juillet,42.78733,3.03486
201500008746,13,2,15,19,4,66,226,2,1,1,6,Avenue de Perpignan,0.0,0.0
201500008747,7,3,15,17,1,66,144,1,1,1,2,,0.0,0.0
201500008748,14,3,15,18,1,66,101,2,1,6,6,7 Av. Leon Jean Gregory,42.62013,2.77192
201500008749,26,4,15,19,1,66,217,1,1,1,1,,0.0,0.0
201500008750,30,4,15,7,1,66,210,1,1,1,3,,0.0,0.0
201500008751,4,5,15,7,2,66,177,1,1,1,7,,0.0,0.0
201500008752,8,5,15,17,1,66,84,1,1,1,7,,0.0,0.0
201500008753,2,7,15,6,2,66,101,1,1,1,7,,0.0,0.0
201500008754,4,7,15,11,1,66,217,1,1,1,1,,42.6124,2.8045
201500008755,23,7,15,10,1,66,210,1,1,1,3,,42.62967,2.74226
201500008756,24,10,15,23,5,66,134,2,1,1,1,avenue Louis TORCATIS,0.0,0.0
201500008757,10,11,15,9,1,66,226,2,1,7,6,27 avenue des pyrénées,42.58931,2.83772
201500008758,11,2,15,14,1,66,9,1,1,1,6,,0.0,0.0
201500008759,1,8,15,18,1,66,9,1,1,1,7,,0.0,0.0
201500008760,23,11,15,14,1,66,9,2,1,1,6,Lieu dit La Balane,0.0,0.0
201500008761,2,1,15,11,1,66,8,2,1,1,6,Avenue de Hurth,42.54926,3.01905
201500008762,7,6,15,16,1,66,8,1,1,1,5,,0.0,0.0
201500008763,12,7,15,23,3,66,8,2,1,1,6,chemin de Taxo d'Amont,0.0,0.0
201500008764,31,7,15,22,5,66,168,2,1,3,1,Rue Frédéric Barcelo,42.54962,2.97643