Num_Acc,jour,mois,an,hr,condition_eclairage,departement,commune,condition_agglomeration,intersection,condition_atmosphere,type_collision,adresse,lattitude,longitude
201500008765,16,12,15,16,1,66,8,2,6,7,6,,42.55134,3.00956
201500008766,20,4,15,21,3,66,196,1,1,1,6,,42.53623,2.98619
201500008767,4,6,15,22,3,66,225,1,1,1,1,,0.0,0.0
201500008768,10,8,15,7,1,66,175,1,1,1,6,,42.54289,2.91222
201500008769,7,9,15,22,3,66,115,1,1,1,6,,0.0,0.0
201500008770,2,10,15,5,3,66,175,1,1,1,5,,0.0,0.0
201500008771,10,11,15,22,3,66,133,1,1,1,7,,0.0,0.0
201500008772,18,4,15,8,2,66,106,1,1,1,3,,0.0,0.0
201500008773,10,5,15,19,1,66,137,1,1,1,2,,0.0,0.0
201500008774,2,6,15,13,1,66,137,2,1,1,6,,0.0,0.0
201500008775,5,7,15,23,3,66,106,1,1,1,7,,0.0,0.0
201500008776,16,7,15,8,1,66,106,1,1,1,1,,0.0,0.0
201500008777,24,7,15,8,1,66,106,1,1,1,1,,0.0,0.0
201500008778,24,7,15,20,2,66,106,1,1,8,3,,0.0,0.0
201500008779,26,8,15,17,1,66,24,2,1,1,3,route de perpignan,0.0,0.0
201500008780,19,12,15,16,1,66,137,2,1,1,6,Avenue de France,42.46393,2.86318
201500008781,2,3,15,12,1,66,48,1,1,7,7,,0.0,0.0
201500008782,11,6,15,17,1,66,53,1,1,1,1,,0.0,0.0
201500008783,11,8,15,2,3,66,16,1,1,1,6,,42.47761,3.13926
201500008784,20,11,15,10,1,66,148,1,1,1,2,,0.0,0.0
201500008785,19,6,15,21,2,66,90,1,1,1,3,,0.0,0.0
201500008786,22,1,15,10,1,66,124,2,2,1,6,61 avenue Emmanuel Brous,0.0,0.0
201500008787,1,3,15,17,2,66,105,1,1,8,1,,0.0,0.0
201500008788,24,5,15,20,1,66,82,1,1,1,6,,0.0,0.0
201500008789,18,8,15,10,1,66,192,1,1,2,1,,0.0,0.0
201500008790,23,5,15,10,1,66,27,1,1,1,3,,0.0,0.0
201500008791,2,6,15,20,1,66,23,2,1,1,6,cami real,0.0,0.0
201500008792,3,7,15,13,1,66,88,2,1,1,6,Avenue Pasteur,0.0,0.0
201500008793,30,11,15,9,1,66,165,1,2,1,1,,0.0,0.0
201500008794,24,1,15,10,1,201,228,1,1,1,3,,41.83486,8.7788
201500008795,16,3,15,18,3,201,130,2,1,2,7,RD55 bld bozzi porticcio,41.90469,8.81435
201500008796,30,11,15,11,1,201,228,2,1,1,6,boulevard bozzi,41.89996,8.81056
201500008797,13,5,15,7,1,201,209,1,1,1,3,,0.0,0.0
201500008798,19,6,15,13,1,201,271,1,3,1,3,,41.95842,8.80337
201500008799,21,6,15,18,1,201,40,1,1,3,1,,42.107,9.105
201500008800,6,7,15,9,1,201,271,1,1,1,2,,41.95269,8.80332
201500008801,24,7,15,18,1,201,271,1,1,1,6,,41.98346,8.84061
201500008802,3,8,15,10,1,201,271,1,9,7,3,,41.95677,8.79952
201500008803,28,9,15,4,3,201,17,1,1,1,7,,42.01452,8.73357
201500008804,3,10,15,10,1,201,271,1,1,1,1,pratu tondu,41.98759,8.84294
201500008805,7,11,15,12,1,201,323,1,1,1,1,,42.01317,8.884
201500008806,11,11,15,16,1,201,6,1,1,1,1,,41.9717,8.77927
201500008807,23,11,15,10,1,201,209,2,1,1,5,RT 20,42.018,8.872
201500008808,26,12,15,14,1,201,62,1,1,1,1,,42.028,8.917
201500008809,22,6,15,19,1,201,212,1,1,1,6,,42.22225,8.6372
201500008810,22,9,15,10,1,201,212,1,1,1,1,,42.25882,8.67681
201500008811,12,5,15,19,1,201,215,2,1,1,7,"RT40, route de Sartène,",0.0,0.0
201500008812,29,8,15,3,3,201,163,1,1,1,7,,41.5079,9.02284
201500008813,10,9,15,9,1,201,41,2,1,1,6,rue Paul Sauveur Etienne,41.38803,9.15904
201500008814,9,10,15,19,3,201,163,1,1,3,7,,0.0,0.0
201500008815,10,10,15,14,1,201,114,1,1,2,1,,41.49295,9.08011
201500008816,22,12,15,14,1,201,247,2,1,1,6,RUE DU MARECHAL LECLERC,0.0,0.0
201500008817,11,1,15,6,3,201,247,1,1,1,2,,0.0,0.0
201500008818,23,1,15,21,1,201,247,1,1,1,2,,41.60246,9.26818
201500008819,12,2,15,19,1,201,247,1,1,1,1,,41.59761,9.32322
201500008820,19,2,15,8,1,201,247,1,1,1,6,,41.59987,9.20655
201500008821,29,3,15,14,1,201,247,2,2,1,1,porto vecchio,41.60211,9.27874
201500008822,1,5,15,21,5,201,247,2,1,1,6,Rue René Biancarelli,41.60344,9.27528
201500008823,11,5,15,17,1,201,247,1,1,1,1,,41.57986,9.25152
201500008824,30,6,15,4,3,201,247,1,1,1,2,,41.52083,9.25949
201500008825,18,7,15,10,1,201,288,1,1,1,3,,41.55132,9.21272
201500008826,28,7,15,15,1,201,247,1,1,1,3,,0.0,0.0
201500008827,25,8,15,3,3,201,247,1,1,1,7,,41.62778,9.30483
201500008828,30,8,15,23,3,201,247,2,1,1,7,,41.59232,9.28052
201500008829,27,9,15,2,5,201,247,2,4,1,1,rue du Maréchal Juin,41.58039,9.27542
201500008830,1,10,15,15,1,201,247,1,1,1,1,,41.59374,9.26277
201500008831,8,10,15,19,5,201,247,2,1,1,1,rue Henri Freynet,41.59886,9.27787
201500008832,25,10,15,15,1,201,247,1,1,1,1,,41.57162,9.2777
201500008833,9,12,15,6,3,201,247,1,1,1,6,,41.546,9.269
201500008834,29,6,15,18,1,201,272,1,1,7,1,,0.0,0.0
201500008835,21,7,15,12,1,201,272,1,1,1,2,,0.0,0.0
201500008836,17,9,15,18,1,201,35,1,1,1,3,,0.0,0.0
201500008837,6,6,15,13,1,201,24,1,1,1,1,,41.76833,9.05431
201500008838,21,4,15,14,1,201,132,1,1,1,7,,41.825,8.93633
201500008839,23,1,15,17,1,201,189,1,1,1,1,,41.7061,8.83216
201500008840,13,2,15,15,1,201,249,2,1,1,2,d19a,41.67775,8.91278
201500008841,27,11,15,7,1,201,272,2,1,1,6,avenue Jean Jaures,41.62213,8.97136
201500008842,27,11,15,17,3,201,189,1,1,1,6,,41.68987,8.9189
201500008843,8,3,15,11,1,202,148,1,1,1,1,,0.0,0.0
201500008844,9,4,15,12,1,202,42,2,1,1,1,D107 CORDON LAGUNAIRE,0.0,0.0
201500008845,5,5,15,14,1,202,148,1,1,1,2,,0.0,0.0
201500008846,18,5,15,7,2,202,355,1,1,1,1,,0.0,0.0
201500008847,29,5,15,0,3,202,42,1,3,1,3,,0.0,0.0
201500008848,5,8,15,19,1,202,148,1,1,1,6,,0.0,0.0
201500008849,21,8,15,10,1,202,148,1,1,1,3,,0.0,0.0
201500008850,27,9,15,13,1,202,350,2,1,1,1,Funtanone,0.0,0.0
201500008851,1,10,15,7,2,202,355,1,1,2,1,,0.0,0.0
201500008852,3,10,15,10,1,202,355,1,1,1,6,,0.0,0.0
201500008853,22,10,15,11,1,202,42,1,1,1,6,,0.0,0.0
201500008854,24,10,15,13,1,202,148,2,1,1,3,600 RN 193,0.0,0.0
201500008855,1,11,15,13,1,202,148,1,1,1,1,,0.0,0.0
201500008856,24,11,15,11,1,202,350,1,1,1,3,,0.0,0.0
201500008857,28,11,15,18,5,202,148,2,1,1,1,ROUTE DE L'AéROPORT,0.0,0.0
201500008858,28,10,15,23,5,202,305,2,1,8,1,pietranera,0.0,0.0
201500008859,4,11,15,17,5,202,305,2,1,8,6,Route du Cap-PIETRANERA,0.0,0.0
201500008860,16,2,15,12,1,202,109,2,1,3,6,LD SAN DANIELLO,0.0,0.0
201500008861,21,5,15,11,1,202,185,1,1,1,7,,42.624,9.347
201500008862,24,8,15,10,1,202,298,2,1,1,7,"D81, Citadelle",0.0,0.0
201500008863,31,8,15,16,1,202,298,2,1,1,3,route de calvi,0.0,0.0
201500008864,11,9,15,23,3,202,298,1,1,1,6,,0.0,0.0
201500008865,14,12,15,13,1,202,183,1,1,1,7,,0.0,0.0
201500008866,24,12,15,16,1,202,29,1,1,1,1,,0.0,0.0
201500008867,14,4,15,15,1,202,121,1,1,1,3,,42.686,8.129
201500008868,22,7,15,21,2,202,50,2,1,1,6,pénétrante du port,42.938,8.26099
201500008869,26,7,15,8,1,202,150,2,1,1,6,RT30,42.95,8.38299
201500008870,9,8,15,11,1,202,50,2,1,1,3,avenue Christophe Colomb,0.0,0.0
201500008871,11,5,15,17,1,202,93,1,1,7,2,,0.0,0.0
201500008872,19,6,15,9,1,202,93,1,1,1,1,,0.0,0.0
201500008873,25,6,15,12,1,202,93,1,1,1,5,,0.0,0.0
201500008874,9,8,15,7,2,202,20,2,1,1,7,RT30 PK 15+830,0.0,0.0
201500008875,4,12,15,18,3,202,10,1,1,1,5,,42.011,8.441
201500008876,14,1,15,13,1,202,201,1,1,1,6,,0.0,0.0
201500008877,10,3,15,8,1,202,74,2,1,1,3,,0.0,0.0
201500008878,13,3,15,16,1,202,96,1,1,1,1,,0.0,0.0
201500008879,25,3,15,6,1,202,201,1,1,2,6,,0.0,0.0
201500008880,13,4,15,20,3,202,96,1,1,1,1,,0.0,0.0
201500008881,5,5,15,18,1,202,96,2,1,1,6,Quartier Chabrières,0.0,0.0
201500008882,11,5,15,14,1,202,96,2,9,1,2,,0.0,0.0
201500008883,11,5,15,23,3,202,96,1,1,1,7,,0.0,0.0
201500008884,16,6,15,8,1,202,96,2,1,1,6,RT 20 Route d'Aléria,0.0,0.0
201500008885,11,7,15,16,1,202,341,1,1,1,6,,0.0,0.0
201500008886,3,8,15,15,1,202,126,1,1,1,6,,0.0,0.0
201500008887,6,8,15,6,1,202,96,2,1,1,7,RT50 - route ALERIA,0.0,0.0
201500008888,13,9,15,10,1,202,126,1,1,8,5,,0.0,0.0
201500008889,15,9,15,11,1,202,341,1,1,1,1,,0.0,0.0
201500008890,19,9,15,10,1,202,354,1,1,1,4,,0.0,0.0
201500008891,29,9,15,12,1,202,354,1,1,1,1,,42.12,9.131
201500008892,21,12,15,1,3,202,201,1,1,1,7,,0.0,0.0
201500008893,3,6,15,16,1,202,7,1,1,1,7,,0.0,0.0
201500008894,14,8,15,15,1,202,47,1,1,1,3,,0.0,0.0
201500008895,14,12,15,19,3,202,73,1,1,1,6,,0.0,0.0
201500008896,6,2,15,6,3,202,220,1,1,3,7,,0.0,0.0
201500008897,16,2,15,12,1,202,136,1,1,3,7,,0.0,0.0
201500008898,14,3,15,17,2,202,169,1,1,3,5,,0.0,0.0
201500008899,18,3,15,6,2,202,79,1,1,2,1,,0.0,0.0
201500008900,21,5,15,14,1,202,193,1,1,1,3,,42.354,9.168
201500008901,25,5,15,17,1,202,169,1,1,1,7,,42.76,9.359
201500008902,26,5,15,15,1,202,59,1,1,1,1,,0.0,0.0
201500008903,19,6,15,8,1,202,289,1,1,1,5,,0.0,0.0
201500008904,21,7,15,20,1,202,332,1,1,1,7,,0.0,0.0
201500008905,17,8,15,13,1,202,193,1,1,1,6,,0.0,0.0
201500008906,28,8,15,0,3,202,332,1,1,1,7,,0.0,0.0
201500008907,29,9,15,11,1,202,220,1,1,1,5,,0.0,0.0
201500008908,1,11,15,4,3,202,169,1,1,1,7,,0.0,0.0
201500008909,6,1,15,13,1,202,135,1,1,1,1,,0.0,0.0
201500008910,25,1,15,17,1,202,251,2,1,1,2,Lieu dit Casamozza,0.0,0.0
201500008911,25,1,15,21,3,202,342,1,1,1,6,,0.0,0.0
201500008912,10,3,15,12,1,202,123,2,1,1,2,avenue du 9 septembre,0.0,0.0
201500008913,8,4,15,17,1,202,342,2,1,1,5,Travo,0.0,0.0
201500008914,2,8,15,0,5,202,251,2,9,1,1,Morta,0.0,0.0
201500008915,31,8,15,8,1,202,342,1,1,1,1,,0.0,0.0
201500008916,3,9,15,14,1,202,123,1,1,1,7,,0.0,0.0
201500008917,29,6,15,13,1,202,87,1,1,1,1,,0.0,0.0
201500008918,17,7,15,3,5,202,307,2,1,1,3,PUNTICCHIU,0.0,0.0
201500008919,8,8,15,8,1,202,303,1,1,1,7,,0.0,0.0
201500008920,20,10,15,12,1,202,87,1,1,1,7,,0.0,0.0
201500008921,10,11,15,13,1,202,347,1,1,1,6,,0.0,0.0
201500008922,4,3,15,19,2,202,242,1,6,2,6,,0.0,0.0
201500008923,18,6,15,18,1,202,207,2,9,1,6,parking Hyper U,0.0,0.0
201500008924,25,6,15,18,1,202,207,2,6,1,6,rue des muriers,0.0,0.0
201500008925,15,8,15,11,1,202,318,1,1,1,3,,0.0,0.0
201500008926,8,10,15,14,1,202,319,2,1,1,6,Lieu dit Valle Longhe,0.0,0.0
201500008927,22,10,15,16,1,202,343,1,1,1,1,,0.0,0.0
201500008928,16,12,15,10,1,202,318,1,1,1,1,,0.0,0.0
201500008929,16,3,15,19,2,50,23,1,1,1,7,,44.90976,6.66503
201500008930,20,1,15,2,5,50,23,2,1,4,6,"21, GRENOBLE (ROUTE DE)",44.90545,6.63555
201500008931,30,1,15,7,2,50,23,1,1,4,1,GAP (ROUTE DE   RN94,44.89246,6.6294
201500008932,24,5,15,12,1,50,23,2,4,1,3,PUY ST PIERRE (ROUTE DE),44.89281,6.62867
201500008933,5,3,15,8,1,50,23,2,1,1,5,DAUPHINE (AVENUE DU),44.905,6.62814
201500008934,17,6,15,15,1,50,23,2,3,1,3,MOULIN (RUE JEAN),44.89108,6.62901
201500008935,5,7,15,9,1,50,23,2,6,1,6,"4, REPUBLIQUE (AVENUE DE",44.89665,6.63479
201500008936,8,7,15,14,1,50,23,2,9,1,2,SAVOIE (AVENUE DE),44.90365,6.62851
201500008937,8,7,15,10,1,50,23,1,3,1,6,FONTENIL (ROUTE DU),44.90176,6.64609
201500008938,28,9,15,13,1,50,23,2,3,1,3,"44, LIBERATION (AVENUE D",44.9006,6.64066
201500008939,1,11,15,16,1,50,23,2,4,1,3,GRENOBLE (ROUTE DE),44.91655,6.62239
201500008940,30,10,15,11,1,50,23,2,1,1,6,DE GAULLE (AVENUE DU GEN,44.89566,6.63299
201500008941,14,12,15,14,1,50,23,2,6,1,6,PASTEUR (RUE),44.8949,6.63666
201500008942,29,12,15,17,2,50,23,2,1,1,3,SAVOIE (AVENUE DE),44.90843,6.62705
201500008943,15,3,15,14,1,50,61,2,1,1,2,EMILE DIDIER ( AV ),44.56484,6.09082
201500008944,19,3,15,11,1,50,61,1,2,1,3,MARSEILLE ( ROUTE ),44.50376,6.04382
201500008945,3,4,15,17,1,50,61,2,4,1,3,GEORGES POMPIDOU ( BD),44.55488,6.07554
201500008946,28,4,15,17,1,50,61,2,1,1,6,PARKING POSTE AL DAUDET,44.5489,6.06511
201500008947,11,5,15,12,1,50,61,1,1,1,1,RN 94,44.57479,6.11089
201500008948,11,5,15,17,1,50,61,2,1,1,3,BURE (AVENUE DE ),44.56946,6.08657
201500008949,13,5,15,11,1,50,61,2,1,1,2,CHARLES AUROUZE ( RUE ),44.56471,6.07902
201500008950,20,5,15,11,1,50,61,2,1,1,6,JEAN JAURES ( AVENUE ),44.55626,6.07631
201500008951,4,6,15,13,1,50,61,2,2,1,3,GEORGES POMPIDOU ( BD),44.55999,6.08441
201500008952,22,6,15,0,3,50,61,1,1,1,7,Route de Colombis,44.52643,6.08993
201500008953,27,6,15,11,1,50,61,2,3,1,3,RUE ALPHONSE DAUDET,44.54975,6.06517
201500008954,10,7,15,13,1,50,61,2,1,1,6,GARE ( AVENUE DE LA ),44.56311,6.08618
201500008955,5,8,15,16,1,50,61,1,1,1,3,RN 85,44.59491,6.08064
201500008956,11,9,15,17,1,50,61,2,1,1,6,COMMANDANT DUMONT ( AVEN,44.5627,6.08392
201500008957,18,9,15,14,1,50,61,2,1,1,1,EYSSAGNIERES ( ROUTE DES,44.54485,6.05333
201500008958,18,9,15,17,1,50,61,2,2,1,3,GEORGES POMPIDOU ( BD),44.55982,6.08435
201500008959,2,9,15,15,1,50,61,2,1,1,6,FAUVINS ( ROUTE  DES ),44.56352,6.09149
201500008960,1,10,15,20,5,50,61,2,3,1,3,EMBRUN ( AVENUE D'),44.56856,6.09992
201500008961,10,10,15,16,1,50,61,2,6,1,3,EYSSAGNIERES ( ROUTE DES,44.54524,6.05344
201500008962,10,11,15,18,2,50,61,2,4,1,6,VALSERRES ( RUE DE ),44.54432,6.08818
201500008963,6,11,15,16,1,50,61,2,1,1,3,DESCENTE ( ROUTE DE LA ),44.57615,6.08257
201500008964,18,11,15,7,2,50,61,2,3,1,3,COMMANDANT DUMONT ( AVEN,44.56874,6.08328
201500008965,26,11,15,17,2,50,61,2,3,1,6,MARECHAL FOCH ( AVENUE D,44.56289,6.0861
201500008966,4,12,15,18,2,50,61,2,3,1,3,EYSSAGNIERES ( ROUTE DES,44.54827,6.05458
201500008967,24,12,15,1,5,50,61,2,6,1,5,RN 85,44.56205,6.08391
201500008968,28,12,15,17,3,50,61,1,1,1,5,RN 85,44.51765,6.05175
201500008969,7,1,15,20,5,50,61,2,1,1,6,EMILE DIDIER ( AV ),44.56416,6.08919
201500008970,7,2,15,16,1,50,61,2,1,1,6,SILOS ( RUE DES ),44.56679,6.08951
201500008971,5,3,15,16,1,50,61,2,1,1,4,JEAN JAURES ( AVENUE ),44.5496,6.06818
201500008972,9,3,15,17,1,50,61,2,6,1,3,FRANCOIS MITTERAND (AVEN,44.54565,6.06315
201500008973,11,3,15,17,1,50,61,2,1,1,6,GUILLAUME FAREL ( AVENUE,44.55991,6.07539
201500008974,15,12,15,18,3,78,291,1,1,3,7,,0.0,0.0
201500008975,12,4,15,18,1,78,255,2,1,1,6,rue du dauphiné,0.0,0.0
201500008976,20,4,15,20,1,78,147,1,1,1,3,,49.036,1.832
201500008977,19,7,15,7,2,78,255,2,1,1,6,Rue des Coutumes,0.0,0.0
201500008978,21,8,15,17,1,78,89,2,1,1,3,Rue Edgar Degas,0.0,0.0
201500008979,26,9,15,8,1,78,89,2,1,1,6,Rue Valère Haegeman,0.0,0.0
201500008980,12,10,15,15,1,78,147,1,1,1,6,,0.0,0.0
201500008981,24,12,15,11,1,78,89,2,1,8,7,Rue Pasteur,0.0,0.0
201500008982,2,1,15,17,3,78,107,1,1,1,1,,0.0,0.0
201500008983,5,4,15,15,1,78,324,1,1,1,2,,0.0,0.0
201500008984,3,7,15,11,1,78,444,1,2,1,3,,48.939,1.558
201500008985,6,12,15,0,5,78,413,2,1,1,6,7 route nationale,48.907,1.551
201500008986,13,1,15,7,3,78,202,1,1,1,3,,49.051,1.755
201500008987,12,4,15,9,1,78,113,2,1,1,3,rue du vexin,49.035,1.82
201500008988,7,8,15,23,3,78,202,1,1,1,6,,0.0,0.0
201500008989,16,10,15,8,1,78,246,1,1,1,5,,0.0,0.0
201500008990,25,3,15,16,1,78,90,1,1,1,2,,0.0,0.0
201500008991,25,5,15,17,1,78,90,2,1,1,6,Rue Saulnier,0.0,0.0
201500008992,4,6,15,18,1,78,90,1,3,1,1,,0.0,0.0
201500008993,15,6,15,8,1,78,206,1,3,1,3,,0.0,0.0
201500008994,10,9,15,12,1,78,140,2,1,1,1,route de verneuil,0.0,0.0
201500008995,10,10,15,20,5,78,206,2,2,1,3,rue de la république,0.0,0.0
201500008996,9,1,15,15,1,78,263,2,1,7,3,Avenue de Neuville,48.777,1.679
201500008997,2,3,15,18,1,78,263,1,1,1,3,,0.0,0.0
201500008998,27,3,15,6,2,78,520,1,1,1,1,,0.0,0.0
201500008999,28,4,15,11,1,78,310,2,1,1,6,64 rue de paris,0.0,0.0
201500009000,16,5,15,17,1,78,263,1,1,1,6,,0.0,0.0
201500009001,1,7,15,13,1,78,310,2,1,1,2,06 ROUTE DE BU,0.0,0.0
201500009002,15,7,15,22,3,78,381,1,1,1,6,,0.0,0.0
201500009003,4,8,15,19,1,78,310,1,1,7,7,,0.0,0.0
201500009004,16,9,15,19,1,78,381,2,6,1,3,rue de la république,0.0,0.0
201500009005,17,12,15,12,1,78,381,1,1,1,2,,0.0,0.0
201500009006,25,1,15,11,1,78,380,2,1,1,3,chaussee saint vincent,0.0,0.0
201500009007,26,8,15,20,2,78,305,1,1,2,7,,0.0,0.0
201500009008,30,9,15,13,1,78,368,1,1,1,5,,0.0,0.0
201500009009,3,10,15,11,1,78,380,2,1,7,6,Chaussee saint vincent,0.0,0.0
201500009010,8,12,15,18,5,78,451,2,1,2,1,68 rue Saint-Blaise,0.0,0.0
201500009011,5,1,15,1,4,78,557,2,1,5,6,RD 906,0.0,0.0
201500009012,9,10,15,18,1,78,307,1,1,1,6,,0.0,0.0
201500009013,3,8,15,8,1,78,3,1,1,1,6,,48.511,1.826
201500009014,7,12,15,12,1,78,506,1,1,1,1,,48.515,1.796
201500009015,21,7,15,19,1,78,575,2,1,1,2,av Guy de Coubertin,0.0,0.0
201500009016,28,10,15,13,1,78,575,2,1,1,2,route de versaill,48.708,2.077
201500009017,31,10,15,13,1,78,548,1,1,1,1,,0.0,0.0
201500009018,15,11,15,15,1,78,548,1,1,1,5,,0.0,0.0
201500009019,28,11,15,11,1,78,575,2,1,1,3,RUE VICTOR HUGO,0.0,0.0
201500009020,4,1,15,5,5,78,389,2,1,1,6,48 rue L?on cr?t?,48.797,1.813
201500009021,25,5,15,17,1,78,443,1,9,1,2,,48.811,1.867
201500009022,19,9,15,20,3,78,289,1,1,1,1,,0.0,0.0
201500009023,6,10,15,15,1,78,389,1,1,1,1,,48.805,1.841
201500009024,9,10,15,7,5,78,389,2,1,1,1,30 avenue Léon Creté,48.791,1.813
201500009025,4,11,15,14,1,78,443,1,1,1,1,,48.814,1.878
201500009026,2,11,15,7,2,78,389,1,1,5,4,,48.806,1.816
201500009027,23,12,15,11,1,78,653,2,1,1,6,CD76,48.823,1.818
201500009028,22,12,15,10,1,78,576,1,1,1,1,,48.76,1.882
201500009029,2,9,15,15,1,78,62,2,1,1,2,cote de Neauphle,0.0,0.0
201500009030,4,11,15,18,3,78,321,1,1,1,3,,0.0,0.0
201500009031,15,11,15,16,1,78,62,1,1,1,6,,48.854,1.85
201500009032,10,12,15,12,1,78,683,2,1,8,6,route de saint germain,0.0,0.0
201500009033,4,4,15,10,1,78,349,1,1,1,1,,48.557,1.985
201500009034,18,4,15,12,1,78,537,1,1,1,7,,0.0,0.0
201500009035,5,7,15,8,1,78,601,1,1,1,1,,0.0,0.0
201500009036,7,7,15,18,1,78,120,1,1,1,1,,0.0,0.0
201500009037,20,7,15,21,1,78,601,1,1,1,7,,0.0,0.0
201500009038,14,8,15,23,3,78,537,1,1,2,1,,0.0,0.0
201500009039,31,8,15,17,1,78,120,1,1,1,7,,0.0,0.0
201500009040,18,11,15,15,1,78,601,1,1,8,2,,0.0,0.0
201500009041,4,12,15,13,1,78,87,1,1,1,1,,0.0,0.0
201500009042,23,7,15,13,1,91,235,2,6,1,3,RD 445,0.0,0.0
201500009043,1,1,15,1,5,91,659,2,1,1,6,route de Villoison,0.0,0.0
201500009044,16,5,15,11,1,91,179,1,1,8,2,RN 7,48.576,2.48
201500009045,15,10,15,11,1,91,659,2,1,2,6,rue des 44 arpents,0.0,0.0
201500009046,6,3,15,18,1,91,359,1,9,1,5,RD 837,0.0,0.0
201500009047,5,4,15,11,1,91,359,1,1,1,5,RD 837,0.0,0.0
201500009048,25,3,15,7,1,91,200,2,6,1,2,RD116 - RD5,48.528,2.003
201500009049,9,11,15,8,1,91,200,2,1,1,5,avenue du 14 juillet 178,0.0,0.0
201500009050,21,12,15,17,3,91,200,1,6,2,6,RD836,0.0,0.0
201500009051,28,7,15,20,1,91,226,2,1,1,3,rue du moulin Ã  vent,0.0,0.0
201500009052,13,8,15,1,5,91,330,2,1,1,6,route de torfou,48.532,2.266
201500009053,28,8,15,5,2,91,226,2,1,1,3,31 bis avenue d'orleans,0.0,0.0
201500009054,30,9,15,17,1,91,226,1,1,7,6,RD146,0.0,0.0
201500009055,6,6,15,16,1,91,99,1,1,1,6,RD205,48.428,2.384
201500009056,17,6,15,19,1,91,315,2,1,1,3,151 route de saint vrain,48.534,2.341
201500009057,2,8,15,1,3,91,80,1,1,1,3,RD 191,48.478,2.302
201500009058,10,8,15,9,1,91,129,1,1,1,1,RD 191,0.0,0.0
201500009059,29,9,15,16,1,91,47,1,1,1,7,RD191,48.503,2.37
201500009060,15,7,15,22,2,91,16,1,1,1,2,RN20,0.0,0.0
201500009061,28,7,15,21,3,91,16,1,1,2,6,RD838,0.0,0.0
201500009062,4,8,15,16,1,91,511,1,1,1,1,"10, rue Etienne Laurent",0.0,0.0
201500009063,25,9,15,20,2,91,414,1,1,1,6,RD 18,0.0,0.0
201500009064,18,3,15,7,1,91,546,2,2,1,5,rue de dourdan,0.0,0.0
201500009065,13,1,15,18,5,91,461,2,1,2,3,route de limours,0.0,0.0
201500009066,7,4,15,9,1,91,156,1,1,1,2,RD 449,0.0,0.0
201500009067,26,4,15,17,1,91,41,1,1,2,3,RD 19,48.577,2.236
201500009068,4,6,15,19,1,91,41,1,1,7,2,RD19,0.0,0.0
201500009069,12,6,15,7,1,91,156,1,1,1,3,RD 449,0.0,0.0
201500009070,21,12,15,9,1,91,207,2,1,1,6,24 avenue d'Arpajon,0.0,0.0
201500009071,12,1,15,20,5,91,376,2,1,1,6,05 chemin de la Poste,0.0,0.0
201500009072,22,6,15,18,1,91,332,2,6,2,3,RD 117,0.0,0.0
201500009073,25,7,15,17,1,91,494,1,6,1,3,RD19,0.0,0.0
201500009074,26,11,15,18,5,91,376,2,1,8,6,01 RUE DE LA GARE,0.0,0.0
201500009075,27,1,15,16,1,91,249,1,3,1,1,RD838,0.0,0.0
201500009076,29,1,15,7,2,91,249,1,1,2,1,RD988,48.634,2.047
201500009077,3,3,15,7,1,91,249,1,2,1,1,RD838,0.0,0.0
201500009078,22,2,15,4,3,91,249,1,1,9,7,RD838,0.0,0.0
201500009079,5,3,15,19,3,91,243,1,1,1,1,RD 97,48.677,2.08999
201500009080,16,3,15,6,2,91,249,1,1,1,6,RD838,0.0,0.0
201500009081,2,5,15,18,1,91,338,1,1,3,3,RD988,48.636,2.055
201500009082,22,5,15,13,1,91,186,1,1,1,6,RD 152,0.0,0.0
201500009083,4,6,15,20,1,91,186,1,1,1,1,R des étangs de Cocagne,0.0,0.0
201500009084,11,6,15,0,3,91,249,1,1,1,3,A10,0.0,0.0
201500009085,19,6,15,9,1,91,249,1,1,1,2,RD 152,48.641,2.104
201500009086,25,6,15,8,2,91,338,2,1,1,3,rue du vieux pavé,0.0,0.0
201500009087,26,6,15,5,2,91,243,1,1,1,3,RD3,48.629,2.173
201500009088,28,6,15,5,2,91,338,2,6,1,6,PLACE ARISTIDE BRIAND,0.0,0.0
201500009089,8,7,15,17,1,91,482,1,1,8,1,,0.0,0.0
201500009090,18,7,15,18,1,91,411,1,1,1,3,RD988,0.0,0.0
201500009091,22,8,15,10,1,91,111,2,6,1,2,intersection D97 / D131,0.0,0.0
201500009092,27,8,15,8,1,91,338,1,1,3,6,RD 988,48.635,2.055
201500009093,11,9,15,15,1,91,338,1,1,1,3,RD838,48.633,2.081
201500009094,21,9,15,17,1,91,338,1,1,1,2,RD 988,48.66,2.079
201500009095,26,9,15,12,1,91,482,1,1,1,7,Voie communale n°3,48.6429,2.02962
201500009096,3,10,15,12,1,91,338,1,1,1,1,RD988,48.633,2.04599