Num_Acc,jour,mois,an,hr,condition_eclairage,departement,commune,condition_agglomeration,intersection,condition_atmosphere,type_collision,adresse,lattitude,longitude
201500009097,9,10,15,12,1,91,249,1,1,1,3,Rue de la Rombarde,0.0,0.0
201500009098,11,10,15,20,3,91,243,1,1,2,7,Rue du Rouget,0.0,0.0
201500009099,22,10,15,13,1,91,338,1,3,2,3,RD988,0.0,0.0
201500009100,7,11,15,15,1,91,249,1,1,1,2,RD838,0.0,0.0
201500009101,12,11,15,8,1,91,319,2,1,5,2,5 rue des genevriers,0.0,0.0
201500009102,30,11,15,18,1,91,338,1,6,1,2,RD988,48.656,2.07399
201500009103,18,12,15,17,5,91,243,2,1,2,6,3 allée des marroniers,0.0,0.0
201500009104,30,4,15,18,1,91,44,2,9,2,3,RTE GRANGE AUX CERCLES,0.0,0.0
201500009105,12,5,15,22,3,91,44,1,1,1,3,RD 186 - au-dessus N20,0.0,0.0
201500009106,25,10,15,1,5,91,587,2,1,2,6,53 rue div leclerc,0.0,0.0
201500009107,21,1,15,1,4,91,534,1,6,1,6,RD306,48.724,2.151
201500009108,16,4,15,9,1,91,534,1,1,1,2,RD 446,0.0,0.0
201500009109,17,4,15,12,1,91,534,2,1,1,3,RD 36,0.0,0.0
201500009110,11,6,15,15,1,91,477,1,1,1,2,RD 36,0.0,0.0
201500009111,12,7,15,11,1,91,534,1,3,1,3,RD446 / R CURIE,48.761,2.173
201500009112,3,1,15,18,2,91,272,2,1,2,5,route de belle image,48.714,2.127
201500009113,7,2,15,23,5,91,272,2,6,1,6,allée ferme d'Armenon,0.0,0.0
201500009114,21,4,15,17,1,91,274,1,3,1,3,RD 40,48.678,2.098
201500009115,6,5,15,12,1,91,274,1,1,1,6,entrée tunnel nord,48.68,2.128
201500009116,9,5,15,16,1,91,560,1,9,1,3,parking CC les Ulis 2,0.0,0.0
201500009117,11,6,15,13,1,91,275,2,1,1,6,RD 988,0.0,0.0
201500009118,22,6,15,17,1,91,679,1,1,3,4,RD 36,48.734,2.123
201500009119,12,9,15,18,1,91,560,1,6,3,6,RD 35,48.679,2.168
201500009120,27,9,15,9,1,91,272,2,1,1,3,route de la Vacheresse,0.0,0.0
201500009121,9,10,15,9,1,91,272,2,1,7,1,2 route de la Noue,48.706,2.102
201500009122,21,12,15,7,3,91,538,2,1,1,6,route de l'orme des meri,0.0,0.0
201500009123,24,12,15,19,3,91,538,1,1,2,6,RD306,0.0,0.0
201500009124,10,7,15,12,1,95,141,1,1,1,6,RD 14,49.1427,1.8087
201500009125,31,8,15,12,1,95,523,1,1,1,7,RTE DES CRETES,49.0863,1.6411
201500009126,21,10,15,21,3,95,676,1,1,2,6,RTE DE DROCOURT,49.0815,1.7365
201500009127,18,12,15,19,3,95,150,1,1,2,6,RTE DE VILLERS,49.1325,1.6785
201500009128,27,12,15,6,5,95,355,2,1,1,1,R DE CROSNE,49.1508,1.7877
201500009129,18,2,15,14,2,95,370,1,1,5,6,RD 28,49.1557,1.9763
201500009130,29,3,15,8,2,95,177,1,1,2,6,RD 190,49.1223,2.0202
201500009131,17,6,15,12,1,95,102,1,2,1,3,RD 22,49.1588,2.0471
201500009132,3,1,15,19,3,95,78,1,1,1,1,RD 22,49.0825,2.0424
201500009133,27,8,15,7,2,95,271,1,1,3,1,RD 22,49.0845,2.0526
201500009134,20,9,15,14,1,95,177,1,1,1,3,RD 190,49.1102,2.0003
201500009135,16,10,15,5,3,95,213,1,1,2,6,RD 22,49.1112,2.0553
201500009136,11,12,15,23,3,95,54,1,1,1,1,RD 43,49.1476,1.8861
201500009137,10,3,15,16,1,95,39,2,1,1,6,R RAJON,49.0739,2.1851
201500009138,18,4,15,19,1,95,628,2,1,1,3,R GEORGES DUHAMEL,49.1022,2.1821
201500009139,26,4,15,20,1,95,39,2,1,2,6,R ROGER,49.0709,2.1639
201500009140,16,5,15,19,2,95,39,1,1,1,6,CHE DE L'ISLE,49.0961,2.1587
201500009141,6,7,15,21,2,95,627,1,1,1,1,RD 927,49.1325,2.1139
201500009142,1,11,15,14,1,95,211,1,2,1,5,RD 27,49.0853,2.1027
201500009143,11,1,15,17,2,95,2,2,1,1,6,R LOUIS PASTEUR,49.0935,1.9775
201500009144,22,1,15,22,3,95,592,2,1,1,6,R DES VALLEES,49.0348,1.8649
201500009145,15,2,15,1,5,95,625,2,1,1,6,R ADRIEN FETU,49.0992,1.9645
201500009146,21,2,15,5,3,95,2,1,1,5,1,RD 28,49.0728,1.9673
201500009147,26,4,15,20,1,95,610,1,1,2,6,RD 14,49.0875,1.9165
201500009148,27,4,15,16,1,95,658,1,1,1,4,RD 14,49.0797,1.9388
201500009149,26,5,15,7,1,95,253,1,1,1,1,RD 43,49.0604,1.8753
201500009150,28,5,15,17,1,95,2,1,1,1,7,R HENRI GUILLAUMET,49.0923,1.9848
201500009151,8,7,15,18,1,95,535,1,1,1,7,RD 14,49.0655,1.9764
201500009152,17,12,15,7,2,95,170,1,1,1,5,RTE DE MEULAN,49.0413,1.9455
201500009153,24,5,15,12,1,95,199,2,1,1,6,R DE SAVOIE,49.0308,2.3251
201500009154,4,6,15,19,1,95,199,2,1,1,1,R DU CHEMIN VERT,49.0271,2.3305
201500009155,16,6,15,9,1,95,91,1,1,1,1,RUE LEON GIRAUDEAU,49.0449,2.2875
201500009156,23,7,15,15,1,95,199,1,1,1,2,RD 11B1,49.0426,2.3381
201500009157,22,7,15,8,1,95,91,2,1,1,2,R FERDINAND DE LESSEPS,49.0444,2.3197
201500009158,7,11,15,10,1,95,199,2,1,7,6,AV JEAN ROSTAND,49.0391,2.3399
201500009159,17,4,15,21,3,95,492,1,1,1,4,RD 10,49.0339,2.4272
201500009160,2,5,15,16,1,95,205,1,1,1,4,RD 316,49.0353,2.3925
201500009161,19,12,15,11,1,95,205,2,1,1,2,RD316,49.0252,2.3869
201500009162,2,2,15,8,2,95,351,1,6,2,6,RD 317,49.0301,2.4996
201500009163,25,4,15,16,1,95,351,2,1,1,3,AV DE LA VIEILLE FRANCE,49.0396,2.5007
201500009164,11,2,15,1,3,77,252,1,1,1,1,D619,48.6324,2.69363
201500009165,11,4,15,7,1,77,217,2,1,2,6,"1,RUE DU MARECHAL JOFFRE",48.68427,2.66649
201500009166,18,4,15,17,1,77,217,1,1,1,7,ROUTE DU MESNIL,48.68783,2.65432
201500009167,27,4,15,18,1,77,455,1,3,1,3,D130,48.60417,2.70038
201500009168,4,5,15,17,1,77,455,1,1,3,5,D471,48.64205,2.68755
201500009169,2,7,15,9,1,77,217,1,4,1,5,D471 X D96,48.68708,2.69485
201500009170,7,7,15,11,1,77,127,1,1,1,1,D471,48.68001,2.68875
201500009171,15,9,15,8,1,77,175,1,2,3,3,D305 X D48 X VC,48.65727,2.61549
201500009172,13,9,15,21,3,77,179,1,1,2,6,D227,48.44794,2.79779
201500009173,18,9,15,18,1,77,354,1,1,1,3,,0.0,0.0
201500009174,2,10,15,17,1,77,354,1,1,1,1,,0.0,0.0
201500009175,22,10,15,4,3,77,453,1,1,2,6,D605,48.53045,2.74299
201500009176,26,10,15,23,3,77,103,1,1,5,6,,0.0,0.0
201500009177,29,1,15,17,1,77,145,1,1,2,3,N36,0.0,0.0
201500009178,21,3,15,14,1,77,534,1,2,1,3,D319XVC,48.6473,2.77488
201500009179,18,4,15,18,1,77,493,2,1,7,3,rue de la gare,0.0,0.0
201500009180,30,4,15,18,1,77,7,1,1,3,6,D32,48.65341,2.85089
201500009181,22,8,15,13,1,77,4,1,1,7,3,D619,48.62217,2.8311
201500009182,18,9,15,8,1,77,222,1,1,1,1,,0.0,0.0
201500009183,10,11,15,8,1,77,493,2,1,1,6,rue  jules guesde,48.6453,2.83043
201500009184,20,11,15,20,3,77,107,2,1,2,6,Av  du Général Leclerc,48.67136,2.84629
201500009185,12,12,15,13,1,77,493,1,1,1,7,,48.6219,2.8373
201500009186,17,12,15,18,3,77,107,1,1,1,1,,0.0,0.0
201500009187,7,5,15,18,1,77,317,2,1,1,1,rue de Bombon,48.937,2.462
201500009188,4,6,15,14,1,77,211,1,1,1,7,D56,48.57445,3.01202
201500009189,5,8,15,14,1,77,191,1,1,1,1,,48.5561,2.92829
201500009190,14,9,15,5,3,77,317,1,1,1,6,,0.0,0.0
201500009191,30,11,15,20,3,77,211,1,1,1,6,,0.0,0.0
201500009192,24,4,15,22,3,77,177,1,1,1,5,D21,48.79723,2.72752
201500009193,31,5,15,5,5,77,104,1,1,1,6,4 route de liverdy,48.71054,2.80322
201500009194,21,9,15,18,1,77,470,1,1,1,1,,0.0,0.0
201500009195,2,1,15,19,5,77,128,1,3,1,1,D436 X D934,48.88408,2.8554
201500009196,31,7,15,5,2,77,141,1,1,1,1,,0.0,0.0
201500009197,19,8,15,7,1,77,142,1,1,1,7,,48.8457,2.94637
201500009198,27,8,15,22,3,77,142,1,1,3,6,,0.0,0.0
201500009199,6,12,15,18,5,77,49,1,1,1,7,,0.0,0.0
201500009200,14,12,15,17,5,77,443,2,9,1,6,rue de Meaux,0.0,0.0
201500009201,8,3,15,12,1,77,398,1,3,1,3,D222 X D6,48.8597,3.28701
201500009202,5,6,15,17,1,77,385,1,1,1,2,D222,48.85584,3.26939
201500009203,10,7,15,19,2,77,182,2,1,1,3,avenue des Etats-Unis,48.78091,3.29918
201500009204,16,7,15,11,1,77,182,1,3,1,1,D215 X AERODROME,48.7661,3.27887
201500009205,31,8,15,15,1,77,30,1,1,1,7,,48.861,3.312
201500009206,25,10,15,0,3,77,398,1,1,1,7,D31,48.86783,3.30045
201500009207,16,11,15,1,5,77,406,1,1,1,6,,0.0,0.0
201500009208,9,4,15,22,5,77,448,1,1,1,3,RD 603,0.0,0.0
201500009209,23,5,15,12,1,77,183,2,1,1,3,Avenue Marcel PERRIN,48.569,3.217
201500009210,24,5,15,4,3,77,300,1,1,1,6,D19,48.93665,2.98761
201500009211,30,5,15,21,2,77,265,1,1,1,6,,0.0,0.0
201500009212,1,6,15,17,1,77,78,1,1,1,6,D603,48.99602,3.15378
201500009213,1,6,15,20,1,77,440,2,1,1,1,rue de metz,48.579,3.138
201500009214,11,7,15,8,1,77,401,1,1,1,1,D603,49.01002,3.16496
201500009215,26,8,15,12,1,77,265,1,1,1,5,,0.0,0.0
201500009216,10,10,15,0,5,77,183,2,1,1,6,boulevard Clemenceau,48.94533,3.12603
201500009217,22,10,15,20,3,77,238,1,1,2,6,D19,48.89148,3.06576
201500009218,2,11,15,15,1,77,448,2,1,1,6,rue de la haute borne,48.9446,3.11277
201500009219,30,12,15,18,3,77,219,1,1,1,3,,48.837,2.96842
201500009220,19,4,15,18,1,77,277,1,1,1,5,D143,48.73052,2.89573
201500009221,11,5,15,8,1,77,176,2,1,1,3,D216 RUE DES ORMES,48.80015,2.99247
201500009222,21,7,15,18,1,77,508,1,1,1,5,,0.0,0.0
201500009223,28,8,15,23,3,77,144,1,2,1,3,,48.767,2.9
201500009224,29,8,15,15,1,77,508,1,1,1,7,ROUTE DE PARIS,48.81734,2.82048
201500009225,8,9,15,21,3,77,508,1,1,1,7,D231,48.8198,2.84192
201500009226,29,9,15,21,3,77,318,1,3,1,3,D216 (SUD) X D231,48.77622,2.89851
201500009227,31,10,15,20,3,77,318,1,1,1,3,,48.7781,2.86572
201500009228,26,12,15,3,3,77,144,1,1,1,2,D231,48.77151,2.90761
201500009229,28,3,15,12,1,77,402,1,1,2,7,,0.0,0.0
201500009230,16,9,15,14,1,77,472,1,1,3,1,,0.0,0.0
201500009231,6,10,15,7,3,77,402,1,1,3,7,,0.0,0.0
201500009232,3,11,15,16,1,77,411,2,2,1,3,rue des épochettes,48.84657,3.15138
201500009233,8,1,15,17,2,77,31,1,1,2,6,RUE DE BERNAY-VILBERT,48.681,2.92926
201500009234,26,1,15,14,1,77,264,1,2,2,3,,48.7138,2.96028
201500009235,27,1,15,10,1,77,192,1,1,2,2,,0.0,0.0
201500009236,3,3,15,10,1,77,192,1,2,1,1,D144 X D144A,48.67904,2.83509
201500009237,1,4,15,8,1,77,192,1,1,1,4,N36,48.70989,2.83957
201500009238,27,4,15,9,1,77,360,1,1,2,1,D402,48.74677,3.00276
201500009239,12,7,15,2,5,77,393,2,1,1,6,square de la cite,48.67934,2.96785
201500009240,2,8,15,8,1,77,192,1,1,1,3,,0.0,0.0
201500009241,19,9,15,3,3,77,486,1,1,2,2,,0.0,0.0
201500009242,22,9,15,19,2,77,486,2,1,2,7,Hameau le jariel,0.0,0.0
201500009243,14,12,15,17,3,77,393,1,1,1,7,N4,0.0,0.0
201500009244,14,5,15,19,1,77,178,2,2,1,1,D118A X RUE DE L'EGLISE,48.2319,2.68456
201500009245,21,3,15,10,1,77,56,1,1,1,3,D4,48.23127,2.52229
201500009246,26,4,15,16,1,77,328,1,1,1,1,D152,48.30724,2.44218
201500009247,27,4,15,9,1,77,3,1,1,8,1,D36,48.27113,2.52391
201500009248,28,5,15,9,1,77,328,2,1,1,3,D63A1,48.31081,2.41969
201500009249,4,6,15,9,1,77,471,1,1,1,7,D410,48.32841,2.44875
201500009250,21,6,15,21,1,77,60,1,1,1,2,,0.0,0.0
201500009251,24,6,15,8,1,77,477,2,2,1,2,D152 X D63,48.34304,2.60155
201500009252,4,8,15,18,1,77,477,1,1,1,4,,48.3328,2.59127
201500009253,17,1,15,16,1,77,27,1,1,1,2,D403,48.1441,2.48122
201500009254,29,1,15,19,3,77,340,1,1,2,7,,48.2991,2.77013
201500009255,15,1,15,9,1,77,35,1,1,1,6,D28,48.22052,2.9891
201500009256,4,4,15,8,1,77,370,1,1,8,6,D225,48.24727,2.77464
201500009257,18,4,15,15,1,77,168,1,3,1,1,D58 X D30,48.18099,2.85363
201500009258,17,5,15,15,1,77,161,1,1,1,7,,0.0,0.0
201500009259,4,7,15,9,1,77,465,1,2,1,3,D92 X D123,48.27404,2.93228
201500009260,24,7,15,19,1,77,261,1,1,1,2,,0.0,0.0
201500009261,21,8,15,16,1,77,184,2,1,1,6,2 rue tripier,48.31243,2.91897
201500009262,5,9,15,12,1,77,50,1,1,1,6,,0.0,0.0
201500009263,4,10,15,7,3,77,115,1,1,1,5,,0.0,0.0
201500009264,27,10,15,15,1,77,489,1,1,1,6,,48.213,2.965
201500009265,18,1,15,21,3,77,153,1,1,1,1,D41B,49.04608,2.6883
201500009266,1,6,15,14,1,77,153,1,1,1,1,,0.0,0.0
201500009267,15,6,15,10,1,77,392,1,9,1,2,N2 FIN VOIE ACCELERATION,49.07697,2.724
201500009268,27,6,15,14,1,77,153,2,7,1,6,PLACE DES PRIEURS,49.05449,2.67711
201500009269,21,7,15,16,1,77,153,2,1,1,3,d404,0.0,0.0
201500009270,10,8,15,10,1,77,322,2,1,1,3,Avenue des 22 arpents,0.0,0.0
201500009271,18,9,15,16,1,77,323,2,1,2,6,D26 route de Paris,0.0,0.0
201500009272,25,1,15,19,3,77,94,1,2,1,3,RN 3  X RD 27(E/O),48.9576,2.80186
201500009273,14,2,15,13,1,77,196,1,1,8,6,RN3,0.0,0.0
201500009274,22,4,15,14,1,77,171,1,1,1,5,,48.887,2.804
201500009275,27,4,15,17,1,77,315,2,1,1,7,36 rue des Champs forts,48.89017,2.82041
201500009276,18,8,15,9,1,77,196,1,1,1,1,,0.0,0.0
201500009277,9,10,15,20,5,77,5,2,1,1,1,rue cecilia kellermann,48.9302,2.71954
201500009278,3,11,15,16,1,77,5,1,1,1,1,D404,48.91722,2.6978
201500009279,2,12,15,17,3,77,5,1,1,1,5,,0.0,0.0
201500009280,23,12,15,14,1,77,196,1,1,1,2,N3,0.0,0.0
201500009281,31,12,15,7,2,77,382,1,1,1,1,,48.89768,2.8907
201500009282,5,2,15,17,3,77,460,1,1,9,1,D3,48.99549,3.06337
201500009283,16,2,15,7,2,77,343,1,1,5,3,D17,49.03728,3.06822
201500009284,28,6,15,11,1,77,476,1,1,1,1,,0.0,0.0
201500009285,10,7,15,21,1,77,235,1,1,1,6,D3,48.983,3.07216
201500009286,25,8,15,17,1,77,283,1,1,2,1,D405,49.08012,3.03071
201500009287,20,9,15,6,2,77,483,1,1,1,6,,0.0,0.0
201500009288,12,10,15,21,5,77,257,2,3,1,1,avenue de la Gare,49.02439,3.02793
201500009289,17,12,15,17,3,77,476,1,2,2,3,D146A3,49.05897,2.96265
201500009290,16,4,15,16,1,77,430,1,1,1,1,D9E1,49.08171,2.77201
201500009291,1,5,15,23,3,77,173,1,1,1,1,D401 LIEU-DIT BRUNOY,49.03578,2.91934
201500009292,20,6,15,16,1,77,274,1,2,1,5,D38 X D401 BORNE BLANCHE,49.03309,2.89668
201500009293,30,6,15,19,1,77,273,1,1,7,1,,0.0,0.0
201500009294,16,7,15,15,1,77,430,2,1,1,6,13 rue du tillet,49.07334,2.79615
201500009295,7,8,15,14,1,77,437,1,1,1,1,,0.0,0.0
201500009296,22,8,15,18,1,77,193,1,1,1,7,,0.0,0.0
201500009297,25,8,15,7,1,77,344,1,1,1,1,,0.0,0.0
201500009298,12,9,15,17,1,77,273,1,1,2,1,,0.0,0.0
201500009299,13,10,15,7,2,77,77,1,3,1,3,,0.0,0.0
201500009300,15,10,15,15,1,77,233,1,1,1,7,,0.0,0.0
201500009301,20,10,15,18,1,77,308,1,1,1,7,,0.0,0.0
201500009302,1,11,15,17,1,77,77,1,1,1,7,,0.0,0.0
201500009303,27,12,15,20,3,77,77,1,1,1,1,,0.0,0.0
201500009304,13,1,15,10,1,77,444,1,1,1,1,N 4,48.69222,3.39154
201500009305,19,2,15,7,2,77,197,1,4,9,5,N4 X RUE DE LA FONTAINE,48.69253,3.21511
201500009306,31,3,15,19,1,77,530,1,1,1,6,D403,48.59366,3.36007
201500009307,2,4,15,17,1,77,32,2,1,2,1,,0.0,0.0
201500009308,16,6,15,23,3,77,416,1,1,1,1,D209,48.62002,3.10265
201500009309,27,6,15,16,1,77,109,1,1,1,1,D231 MAIS. FOREST.FAYS,48.62786,3.18825
201500009310,1,7,15,8,1,77,137,1,1,1,6,D204,48.72131,3.29392
201500009311,11,7,15,20,2,77,36,1,1,1,1,N4,48.68253,3.21847
201500009312,4,8,15,8,1,77,239,1,1,2,7,,0.0,0.0
201500009313,4,9,15,15,1,77,357,1,1,1,7,,0.0,0.0
201500009314,1,10,15,17,1,77,26,1,1,1,6,D403,48.60629,3.37799
201500009315,28,10,15,19,1,77,275,2,1,1,7,rue saint hubert,48.67046,3.31398
201500009316,15,12,15,0,3,77,239,1,1,1,1,N4,0.0,0.0
201500009317,3,3,15,18,2,77,174,1,1,2,6,ROUTE DE LONGUEVILLE,48.47229,3.25345
201500009318,4,4,15,10,1,77,341,1,1,2,1,D411,48.44364,3.3516
201500009319,4,9,15,19,1,77,25,1,1,1,5,D411,48.3944,3.17513
201500009320,10,10,15,22,3,77,218,1,1,1,6,,48.43432,3.32694
201500009321,2,11,15,19,3,77,242,1,1,1,6,D209,48.49315,3.20872
201500009322,21,4,15,8,1,77,327,2,8,1,3,PN41  GARE DE NANGIS,48.56099,3.01333
201500009323,25,4,15,19,1,77,383,1,1,1,6,,48.557,3.044
201500009324,30,8,15,14,1,77,481,1,1,1,6,,48.559,3.112
201500009325,5,12,15,18,3,77,327,1,1,1,2,,48.54995,2.99998
201500009326,28,1,15,12,1,45,248,2,2,2,6,BD BLAVETIN/15 AOUT 44,48.04529,1.69712
201500009327,30,1,15,8,2,45,248,2,1,8,1,13 FG BLAVETIN,48.04455,1.69802
201500009328,5,4,15,9,1,45,262,1,1,1,1,,48.05397,1.72132
201500009329,17,5,15,21,1,45,8,1,1,1,7,,48.0837,1.87303
201500009330,8,7,15,17,1,45,93,2,1,1,6,R PARIS,48.02667,1.87438
201500009331,1,10,15,20,4,45,59,1,1,1,5,,47.92626,1.72272
201500009332,20,10,15,12,1,45,248,2,2,1,3,D 935/BD 2 DECEMBRE 1870,48.05013,1.69344
201500009333,20,11,15,9,1,45,248,2,1,3,6,PL HALLE // PHARMACIE,48.04766,1.69555
201500009334,6,12,15,16,1,45,46,1,1,1,1,LE CLOS AUBRY,47.97682,1.74268
201500009335,29,3,15,5,3,45,81,1,1,8,6,,47.93242,1.59474
201500009336,26,2,15,4,5,45,82,1,1,2,6,BRETELLE DEPUIS D 2060,47.88163,2.23602
201500009337,14,4,15,18,1,45,290,2,3,1,1,GRANDE RUE/PL VIEUX PUIT,47.85709,2.26717
201500009338,17,5,15,3,3,45,101,1,1,1,6,,47.96429,2.30402
201500009339,12,6,15,14,1,45,316,1,1,1,5,,47.92521,2.32925
201500009340,20,9,15,15,1,45,82,1,3,1,2,D 11/RTE VIEILLE FERME,47.89885,2.18394
201500009341,29,11,15,17,1,45,82,1,1,1,6,LA CHARBONNIERE,47.89469,2.27415
201500009342,11,12,15,23,5,45,290,2,3,1,3,56 GRANDE RUE/CHARMILLE,47.85804,2.26431
201500009343,1,10,15,16,1,45,194,2,3,1,6,D 960/RTE DONNERY,47.89179,2.05338
201500009344,8,11,15,17,1,45,72,1,1,1,7,,47.97846,1.98378
201500009345,9,6,15,20,1,45,200,1,1,1,6,,47.72646,1.98416
201500009346,29,6,15,18,1,45,146,2,1,1,7,RTE DES AISSES,47.70735,1.94874
201500009347,28,8,15,22,3,45,98,1,1,1,6,LES PLACES,47.79285,1.76943
201500009348,29,9,15,13,1,45,146,1,1,1,2,,47.73727,1.88271
201500009349,28,10,15,15,1,45,146,1,3,1,3,,47.68466,1.91703
201500009350,5,11,15,16,1,45,98,1,1,1,5,,47.82679,1.74252
201500009351,4,1,15,9,3,45,335,1,1,2,1,,47.79994,2.15866
201500009352,6,2,15,20,5,45,324,1,1,1,6,,47.79463,2.20948
201500009353,4,4,15,10,1,45,123,2,2,2,6,D 951/R CHAUDY,47.85725,2.09896
201500009354,30,6,15,20,1,45,300,1,1,7,1,,47.85657,1.99368
201500009355,29,6,15,17,1,45,173,1,1,1,7,,47.813,2.093
201500009356,3,11,15,20,5,45,273,2,3,1,1,AV STADE/AV BONE,47.86891,2.13871
201500009357,28,11,15,16,1,45,300,1,1,1,1,2048 RTE DE JARGEAU,47.85049,2.06096
201500009358,4,12,15,10,1,45,273,1,1,1,2,D 960 // ROCHE AU MOINES,47.86321,2.15568
201500009359,7,3,15,3,3,45,167,1,1,1,7,,47.88729,1.70384
201500009360,22,5,15,14,1,45,28,2,3,1,1,D 2152/IMP MONNAIE,47.77669,1.62614
201500009361,12,6,15,23,3,45,203,2,9,1,6,chemin de pantin,0.0,0.0
201500009362,15,6,15,21,2,45,264,1,1,1,1,CARNAVAL,47.92942,1.69512
201500009363,16,8,15,0,3,45,203,2,1,1,6,15 RTE DE LA NIVELLE,0.0,0.0
201500009364,18,11,15,5,3,45,203,1,1,1,6,D 3,0.0,0.0
201500009365,14,1,15,18,5,45,155,2,3,2,3,Q LENOIR/R PARMENTIER,47.68445,2.62916
201500009366,6,2,15,19,5,45,155,2,3,1,3,AV MONTOIRES/R JACQUES B,47.70612,2.62695
201500009367,20,3,15,17,1,45,155,1,1,1,1,D 122 // ACCES DECHETERI,47.69738,2.73425
201500009368,17,7,15,23,5,45,155,2,3,1,3,RTE ORLEANS/R RIAUDINE,47.69502,2.61318
201500009369,20,10,15,20,3,45,254,1,1,1,1,,47.66902,2.62287
201500009370,26,12,15,22,3,45,96,1,2,1,6,D 56/D 44,47.77179,2.60711
201500009371,4,4,15,8,1,45,40,1,1,2,1,,47.57641,2.82418
201500009372,25,4,15,12,1,45,87,2,4,8,3,R MARNE/PL CHAMPS FOIRE,47.59101,2.74766
201500009373,22,5,15,2,3,45,53,2,1,1,6,R GRANDES ALLEES,47.63698,2.73181
201500009374,3,6,15,18,1,45,16,1,1,1,6,,47.62658,2.59215
201500009375,14,11,15,19,3,45,53,1,1,1,6,,47.63249,2.75745
201500009376,15,5,15,20,1,45,315,1,1,1,6,,47.75866,2.40818
201500009377,24,7,15,19,1,45,270,2,1,1,3,RUE ORLEANAISE,47.81503,2.30067
201500009378,29,7,15,13,1,45,39,1,1,1,6,,47.79643,2.37492
201500009379,24,8,15,17,1,45,244,1,3,6,2,,47.76919,2.44409
201500009380,20,9,15,2,3,45,164,1,1,1,6,,47.79677,2.28055
201500009381,22,9,15,15,1,45,340,1,1,8,6,LE BOULOY,47.67854,2.36321
201500009382,11,10,15,17,1,45,122,1,1,1,2,,47.74351,2.55799
201500009383,30,1,15,7,2,45,321,1,1,8,1,,47.92476,2.5903
201500009384,21,3,15,10,1,45,345,1,3,1,3,D 42/RTE LOMBREUIL,47.93497,2.67099
201500009385,12,4,15,19,1,45,112,1,1,1,6,LA CATONNERIE,47.89577,2.57754
201500009386,20,4,15,12,1,45,187,2,6,1,3,RTE ST LAZARE/R FORET,47.88234,2.51825
201500009387,11,5,15,17,1,45,243,1,1,1,2,,47.99421,2.45854
201500009388,25,9,15,18,2,45,339,1,2,1,1,VC 2/VC 7,47.98845,2.55788
201500009389,4,10,15,15,1,45,187,2,1,1,6,13 R DE LA PAIX,0.0,0.0
201500009390,25,10,15,5,3,45,259,1,1,1,6,,48.00573,2.43845
201500009391,15,2,15,19,3,45,307,1,2,2,3,D 32/GONOIS,48.06441,2.90539
201500009392,26,2,15,20,5,45,26,1,1,3,6,,48.11645,3.00593
201500009393,19,6,15,17,1,45,83,2,3,1,3,R GL DE GAULLE/RTE ST FI,47.93239,2.91694
201500009394,14,7,15,4,1,45,329,1,1,1,6,LES ETOITS,47.92896,3.00028
201500009395,15,9,15,17,1,45,83,1,1,1,1,,47.93248,2.91206
201500009396,25,10,15,6,3,45,279,1,1,1,6,,47.95555,2.82128
201500009397,14,11,15,11,1,45,199,1,2,1,3,D 150/VC 3,47.88539,2.92197
201500009398,20,1,15,7,3,45,278,1,1,5,2,BRIQUEMAULT,47.80064,2.83657
201500009399,12,7,15,1,3,45,210,1,1,1,6,,47.86276,2.81117
201500009400,17,7,15,13,1,45,85,1,1,1,3,,47.84107,2.83976
201500009401,17,7,15,15,1,45,85,1,1,1,7,,0.0,0.0
201500009402,30,8,15,3,3,45,77,1,1,1,6,,47.87189,2.87017
201500009403,1,11,15,17,1,45,257,1,1,1,1,,0.0,0.0
201500009404,9,1,15,14,1,45,156,1,1,8,6,,48.06179,2.69515
201500009405,11,1,15,19,3,45,103,1,1,1,6,,48.08349,2.53677
201500009406,15,4,15,13,1,45,161,2,1,1,6,2 R DE LA PAILLARDERIE,48.07962,2.82951
201500009407,30,5,15,19,1,45,127,1,1,1,7,BOIS DE THURELLES,48.12108,2.76529
201500009408,30,6,15,17,1,45,161,2,1,1,1,67 RTE BOIS LE ROI,48.06021,2.83239
201500009409,27,8,15,20,1,45,255,1,1,3,6,,48.09065,2.69529
201500009410,30,9,15,11,1,45,127,2,2,1,3,RTE DE PARIS/R CESAR,48.14725,2.76388
201500009411,27,10,15,19,5,45,148,1,6,1,6,,48.06474,2.76519