Num_Acc,jour,mois,an,hr,condition_eclairage,departement,commune,condition_agglomeration,intersection,condition_atmosphere,type_collision,adresse,lattitude,longitude
201500009412,15,1,15,18,3,45,230,1,2,2,3,VIEILLE RTE NOYERS/ST GE,47.91498,2.52053
201500009413,3,1,15,13,1,45,252,2,1,2,6,59 RUE DE LA GARE,48.17245,2.23881
201500009414,6,3,15,16,1,45,252,2,1,1,5,AV 11 NOVEMBRE,48.18394,2.2507
201500009415,30,3,15,18,1,45,252,2,1,8,6,FG ORLEANS,0.0,0.0
201500009416,10,4,15,8,1,45,252,2,3,1,6,R GABRIEL LELONG/BD PAST,48.16822,2.24666
201500009417,1,5,15,13,1,45,253,1,1,3,6,D 928,48.17184,2.22872
201500009418,2,7,15,20,1,45,119,1,1,1,3,D 2152 // PISTE CYCLABLE,48.15512,2.25773
201500009419,24,7,15,14,1,45,253,1,1,1,6,,48.17239,2.22915
201500009420,7,9,15,17,1,45,252,2,1,1,6,6 MAIL OUEST,48.17432,2.25329
201500009421,11,11,15,19,5,45,253,2,1,1,6,RUE DE LA MAIRIE,48.16414,2.20395
201500009422,15,11,15,0,3,45,348,1,2,1,3,,48.13119,2.33096
201500009423,1,12,15,18,5,45,252,2,4,1,3,RTE PUISEAUX/R MEUNIERS,48.17731,2.26057
201500009424,31,12,15,8,1,45,233,1,1,5,6,CH COTE DES PRES,0.0,0.0
201500009425,8,5,15,16,1,45,131,2,1,1,6,8 RUE SOURDE,48.16375,2.44339
201500009426,23,5,15,15,1,45,54,2,1,1,6,RUE GRANDE ROUTE,48.22585,2.42898
201500009427,31,5,15,8,1,45,30,1,1,1,1,ROMAINVILLE,48.08533,2.41889
201500009428,4,7,15,1,3,45,228,1,1,1,6,,48.00859,2.29455
201500009429,9,11,15,18,3,45,151,1,1,1,1,EAU DE LIMON,48.12109,2.44288
201500009430,21,1,15,18,5,45,191,2,1,2,6,3 RUE DE LA GARE,48.29341,2.40183
201500009431,5,2,15,21,3,45,310,1,1,1,1,,48.30126,2.20059
201500009432,26,4,15,6,2,45,191,2,6,1,6,RDPT ANDRE GIDE,48.28682,2.39919
201500009433,11,8,15,12,1,45,191,1,1,1,7,,48.26668,2.41446
201500009434,29,8,15,14,1,45,310,2,1,1,1,8 R PRIEURE,48.29783,2.20299
201500009435,10,9,15,7,1,45,191,2,6,1,3,AV GL LECLERC/R GRANGETT,48.29404,2.40475
201500009436,9,3,15,17,1,18,241,1,1,1,6,,47.33491,2.82598
201500009437,22,8,15,5,3,18,20,1,1,1,6,,47.39803,2.89087
201500009438,30,9,15,16,1,18,98,1,1,1,6,,0.0,0.0
201500009439,30,10,15,15,1,18,241,1,1,1,6,,0.0,0.0
201500009440,13,12,15,14,1,18,241,1,1,5,6,,0.0,0.0
201500009441,18,8,15,16,1,18,197,2,1,1,6,,46.71813,2.52116
201500009442,9,10,15,16,1,18,197,1,2,1,6,,0.0,0.0
201500009443,17,9,15,16,1,18,216,1,1,8,1,,46.71076,2.13087
201500009444,22,10,15,14,1,18,152,1,1,2,6,,0.0,0.0
201500009445,14,12,15,9,1,18,59,2,1,1,6,place du marché,46.64225,2.28192
201500009446,8,3,15,14,1,18,248,2,1,1,6,3 rue de la mairie,46.95143,2.43651
201500009447,17,9,15,11,1,18,180,1,1,1,6,,0.0,0.0
201500009448,12,9,15,14,1,18,108,1,1,2,1,,0.0,0.0
201500009449,9,5,15,3,3,18,185,1,1,2,6,,0.0,0.0
201500009450,11,5,15,14,1,18,149,1,2,1,3,,0.0,0.0
201500009451,8,12,15,7,2,18,140,2,1,1,3,route de vatan,0.0,0.0
201500009452,15,4,15,7,2,18,28,2,6,7,3,route dépertementale 60,0.0,0.0
201500009453,2,9,15,7,1,18,96,2,8,1,3,rue gabriel VERNET,47.17924,2.15678
201500009454,22,12,15,12,1,18,281,1,3,1,2,,0.0,0.0
201500009455,29,12,15,13,1,18,5,1,2,7,3,,0.0,0.0
201500009456,25,4,15,19,1,18,55,1,1,1,7,,47.00326,2.15487
201500009457,14,5,15,7,1,18,157,2,7,8,6,Route de la Chapelle,47.03673,2.27829
201500009458,23,5,15,16,1,18,207,2,1,1,6,AVENUE GABRIEL DORDAIN,46.99305,2.24658
201500009459,20,7,15,15,1,18,55,2,1,1,2,Avenue du 8 mai 1945,0.0,0.0
201500009460,11,10,15,2,3,18,133,2,1,1,6,Rue du 19 mars 1962,46.96256,2.25075
201500009461,25,10,15,19,3,18,285,1,2,1,3,,47.0256,2.21023
201500009462,6,12,15,7,2,18,133,1,1,1,6,,46.941,2.263
201500009463,18,12,15,11,1,18,133,1,1,1,6,,0.0,0.0
201500009464,4,4,15,19,1,18,145,1,1,2,6,,0.0,0.0
201500009465,23,5,15,12,1,18,162,1,1,1,6,,0.0,0.0
201500009466,17,6,15,14,1,18,109,2,5,7,3,rue des dauphines,0.0,0.0
201500009467,23,7,15,23,3,18,166,1,1,1,2,,0.0,0.0
201500009468,4,3,15,8,1,28,388,1,1,1,5,,48.40253,1.45711
201500009469,12,3,15,13,1,28,6,1,1,1,1,,48.4519,1.41736
201500009470,8,4,15,18,1,28,337,1,1,7,6,,48.41742,1.3459
201500009471,23,4,15,7,1,28,48,1,1,7,2,,48.30139,1.42331
201500009472,8,5,15,20,2,28,358,1,1,1,6,,48.4954,1.49665
201500009473,30,5,15,11,1,28,388,1,1,1,1,,48.36659,1.44532
201500009474,1,6,15,7,1,28,201,1,1,1,1,,0.0,0.0
201500009475,4,6,15,5,1,28,6,1,1,1,1,,48.43675,1.42414
201500009476,6,7,15,16,1,28,162,1,1,1,3,,48.3052,1.48408
201500009477,15,7,15,9,1,28,24,2,6,1,3,rue des orvilles,48.411,1.46265
201500009478,21,7,15,3,3,28,173,1,1,1,6,,0.0,0.0
201500009479,20,8,15,12,1,28,301,1,1,1,2,,0.0,0.0
201500009480,4,9,15,18,1,28,6,1,2,1,1,,0.0,0.0
201500009481,9,9,15,22,3,28,358,1,1,1,7,,48.50109,1.50375
201500009482,21,9,15,14,1,28,388,1,1,1,3,,48.39291,1.45209
201500009483,23,9,15,18,1,28,388,1,3,1,1,,48.39382,1.45255
201500009484,29,10,15,20,5,28,380,1,1,1,7,,48.41514,1.57963
201500009485,30,10,15,22,5,28,48,2,1,1,6,RUE DE TOURS - LE TEMPLE,48.32673,1.43218
201500009486,21,12,15,16,1,28,173,1,1,1,2,,48.46766,1.56946
201500009487,18,5,15,4,3,28,154,1,1,1,7,,48.48353,1.29212
201500009488,17,6,15,8,1,28,324,1,2,1,3,,48.50512,1.24033
201500009489,30,8,15,12,1,28,89,2,2,1,3,BD KENNEDY/POINT DU JOUR,0.0,0.0
201500009490,14,8,15,14,1,28,290,1,1,1,3,,48.407,1.288
201500009491,23,10,15,0,3,28,360,1,1,8,6,,48.61218,1.28612
201500009492,23,5,15,7,1,28,84,1,1,1,1,,48.555,1.552
201500009493,6,6,15,16,1,28,196,1,2,1,3,,48.308,1.189
201500009494,17,3,15,17,1,28,140,2,1,1,6,,48.60235,1.68193
201500009495,20,3,15,7,1,28,207,2,4,1,1,,48.36616,1.86743
201500009496,30,3,15,8,1,28,363,1,2,1,3,,48.40095,1.91646
201500009497,19,5,15,0,3,28,227,1,1,8,6,,48.59585,1.59697
201500009498,7,6,15,3,5,28,52,2,1,1,6,16 RUE DE MAINTENON,48.56367,1.51267
201500009499,27,6,15,19,1,28,227,1,1,1,3,,0.0,0.0
201500009500,30,6,15,21,2,28,379,1,1,7,6,,48.521,1.58
201500009501,19,7,15,17,1,28,191,2,1,1,6,17 ruisseau de la Vienne,48.60758,1.64251
201500009502,19,7,15,16,1,28,73,1,1,1,1,,48.47727,1.64356
201500009503,22,7,15,12,1,28,74,1,2,1,3,,48.42,1.799
201500009504,27,7,15,17,1,28,227,1,1,1,3,,48.599,1.594
201500009505,15,8,15,0,5,28,168,2,1,2,7,rue de germonval,48.538,1.707
201500009506,4,9,15,11,1,28,15,1,1,1,6,,48.47179,1.77241
201500009507,9,10,15,12,1,28,140,2,1,1,2,route de gallardon,48.59736,1.67739
201500009508,15,12,15,16,2,28,168,2,1,3,6,place du jeu de paume,48.52483,1.69084
201500009509,31,12,15,12,1,28,135,1,1,1,1,,48.59318,1.7036
201500009510,11,3,15,20,5,28,199,2,1,1,1,Rue de la MADELEINE,48.20256,1.87679
201500009511,19,3,15,7,2,28,319,1,1,1,1,,48.27222,1.97491
201500009512,10,5,15,19,1,28,406,1,1,1,7,,48.23725,1.68075
201500009513,26,5,15,19,1,28,32,1,2,1,3,,48.31408,1.63255
201500009514,29,5,15,17,1,28,391,2,1,1,3,rue nationale,0.0,0.0
201500009515,7,6,15,19,1,28,391,2,1,1,6,09 rue de la Fontaine,48.19984,1.93535
201500009516,28,6,15,19,1,28,47,1,1,7,7,,48.31406,1.67915
201500009517,28,6,15,17,1,28,391,1,1,1,6,,0.0,0.0
201500009518,14,7,15,20,1,28,320,1,1,1,6,,48.25076,1.58438
201500009519,25,7,15,10,1,28,319,1,1,8,1,,48.28675,1.98064
201500009520,1,9,15,11,1,28,311,2,1,2,6,RUE DE LA MOTTE,48.21026,1.86322
201500009521,13,9,15,10,1,28,391,1,1,3,6,,48.18854,1.91966
201500009522,14,9,15,15,1,28,391,1,1,6,4,,48.18855,1.91969
201500009523,21,9,15,14,1,28,411,1,1,1,6,,48.2212,1.56026
201500009524,16,10,15,16,1,28,199,2,1,1,6,rue de la madeleine,48.20173,1.87935
201500009525,9,2,15,13,1,28,103,1,1,1,5,,47.98971,1.25348
201500009526,21,2,15,6,2,28,88,1,1,8,7,,48.09886,1.29845
201500009527,24,2,15,8,1,28,356,1,1,2,3,,48.07745,1.17013
201500009528,25,2,15,13,1,28,83,2,1,1,6,18 rue nationale,47.97138,1.32593
201500009529,20,3,15,6,2,28,340,1,1,1,6,,48.02966,1.26239
201500009530,20,4,15,18,1,28,12,1,1,1,2,,48.15209,1.08261
201500009531,26,4,15,10,1,28,88,2,1,8,3,rue des champdé,48.06762,1.33502
201500009532,9,6,15,10,1,28,88,2,1,1,2,49 rue de la république,48.0708,1.33365
201500009533,9,6,15,18,1,28,224,1,1,1,1,,48.0549,1.40834
201500009534,13,6,15,20,2,28,204,1,1,1,7,,0.0,0.0
201500009535,19,6,15,20,1,28,88,2,3,1,3,Rue Albert Einsrein,48.08044,1.34619
201500009536,16,9,15,17,1,28,75,1,1,3,1,,48.05131,1.29263
201500009537,17,9,15,15,1,28,204,1,2,2,3,,48.05589,1.1749
201500009538,24,9,15,17,1,28,106,2,1,1,3,route du vieu moulin,48.11532,1.4402
201500009539,27,10,15,7,2,28,132,1,1,1,1,,48.09656,1.36877
201500009540,30,11,15,7,2,28,389,1,1,1,7,,48.05824,1.34918
201500009541,13,12,15,16,5,28,88,2,1,1,6,Place du 18 octobre,0.0,0.0
201500009542,23,12,15,17,1,28,205,1,1,1,2,,0.0,0.0
201500009543,8,4,15,16,1,28,287,1,1,1,6,,48.14349,1.66452
201500009544,15,4,15,17,1,28,306,1,1,1,7,,48.219,1.47
201500009545,10,5,15,20,1,28,382,1,1,1,7,,48.079,1.752
201500009546,22,5,15,17,1,28,51,1,1,1,6,,48.149,1.482
201500009547,21,6,15,20,1,28,283,1,2,1,1,,0.0,0.0
201500009548,16,7,15,3,3,28,121,1,1,1,6,,48.11694,1.85931
201500009549,5,10,15,13,1,28,176,1,1,3,1,,48.23645,1.48986
201500009550,22,10,15,7,2,28,51,2,1,2,3,boulevard des Flandres,48.18043,1.39857
201500009551,14,12,15,18,3,28,176,1,1,1,1,,48.2657,1.4856
201500009552,11,4,15,11,1,28,424,2,1,1,6,RUE EMILE DELAVALLEE,48.20867,1.18615
201500009553,21,4,15,10,1,28,41,1,1,1,6,,48.33115,1.28754
201500009554,16,7,15,10,1,28,182,1,1,1,2,,48.16642,1.23774
201500009555,9,10,15,9,1,28,66,1,1,1,6,,48.23642,1.23367
201500009556,16,10,15,12,1,28,225,1,1,2,1,,48.34326,1.29508
201500009557,6,12,15,18,5,28,61,2,2,1,3,,48.20889,1.17414
201500009558,1,4,15,14,1,28,170,1,1,1,6,,48.71204,1.26979
201500009559,25,6,15,14,1,28,136,2,1,7,1,rue Jean MOULIN,48.012,1.024
201500009560,6,7,15,12,1,28,170,1,1,1,7,,0.0,0.0
201500009561,21,7,15,8,1,28,348,2,1,1,1,rue des ajoncs,48.75959,1.19325
201500009562,8,8,15,16,1,28,239,1,1,1,6,,0.0,0.0
201500009563,14,8,15,23,3,28,359,2,8,3,6,Rue de la gare PN 35,48.013,-1.04099
201500009564,28,8,15,12,1,28,143,1,2,1,3,,0.0,0.0
201500009565,5,9,15,14,1,28,405,1,2,1,3,,48.7435,1.2914
201500009566,12,9,15,20,2,28,170,1,1,1,6,,48.012,1.006
201500009567,16,9,15,13,1,28,124,1,1,1,6,,0.0,0.0
201500009568,9,11,15,18,5,28,369,2,1,1,6,rte de DREUX morvilette,48.64145,1.27954
201500009569,10,6,15,19,2,28,371,2,1,1,6,RUE DE SOREL,48.85556,1.40691
201500009570,29,6,15,16,1,28,347,1,1,1,1,,48.82231,1.56166
201500009571,2,7,15,14,1,28,187,1,1,1,7,,0.0,0.0
201500009572,24,8,15,18,1,28,1,1,1,2,6,,48.77706,1.46229
201500009573,14,11,15,9,1,28,347,1,1,1,5,,48.82741,1.56492
201500009574,15,11,15,20,3,28,1,1,1,1,7,,48.77677,1.40122
201500009575,16,1,15,20,3,28,151,1,1,1,3,,48.69723,1.04451
201500009576,26,2,15,17,1,28,322,1,1,3,6,,48.72112,0.95717
201500009577,5,4,15,10,1,28,46,1,1,1,3,,48.66001,0.9116
201500009578,10,5,15,18,1,28,59,1,1,1,2,,0.0,0.0
201500009579,30,5,15,18,1,28,310,1,1,1,1,,48.59683,0.95153
201500009580,2,9,15,18,1,28,226,2,2,1,3,rue Hubert Latham,48.63423,1.14672
201500009581,19,2,15,7,2,28,415,2,1,5,1,GRANDE RUE,48.67356,1.46147
201500009582,28,2,15,17,1,28,279,1,1,1,7,,48.677,1.546
201500009583,5,7,15,19,1,28,417,1,1,1,7,,0.0,0.0
201500009584,12,1,15,13,1,28,342,1,1,1,1,,48.29108,0.84183
201500009585,14,3,15,4,4,28,27,2,2,1,3,"6, Route d'Authon",48.13827,0.97912
201500009586,11,3,15,11,1,28,31,2,1,1,7,Rue Emmeline,48.25679,0.95963
201500009587,7,9,15,10,1,28,280,2,1,1,6,rue villette gaté,48.32191,0.82193
201500009588,9,9,15,12,1,28,280,2,1,1,6,"15, Rue Saint lazare",48.31271,0.81518
201500009589,19,10,15,15,1,28,280,2,1,1,6,rue vilette gaté,48.32209,0.82198
201500009590,10,11,15,20,3,28,378,1,1,1,6,,48.28291,0.79915
201500009591,13,11,15,8,2,28,342,1,1,2,5,,48.29089,0.84213
201500009592,22,11,15,22,3,28,280,1,1,8,6,,48.31022,0.80449
201500009593,30,12,15,0,3,28,236,1,1,1,6,,48.34288,0.84245
201500009594,25,4,15,5,2,28,214,2,1,2,6,Départementale D25,48.48181,1.01725
201500009595,31,5,15,21,2,28,166,1,1,2,6,,48.42184,1.12022
201500009596,6,8,15,18,1,28,33,1,1,1,7,,48.49552,1.04289
201500009597,8,8,15,7,1,28,362,1,1,1,6,,48.64,0.548
201500009598,4,10,15,22,5,28,387,1,3,2,3,,48.31033,0.99608
201500009599,13,11,15,16,1,28,105,1,1,1,1,,48.3595,1.06656
201500009600,29,12,15,21,3,28,385,1,1,1,6,,48.41737,1.16055
201500009601,7,4,15,19,1,36,177,1,1,1,6,,46.4702,1.33861
201500009602,8,7,15,20,1,36,47,1,2,1,3,,46.4103,1.39476
201500009603,9,8,15,10,1,36,35,2,3,8,1,,46.4323,1.29773
201500009604,23,8,15,6,2,36,70,1,1,8,6,,46.4593,1.55207
201500009605,31,8,15,14,1,36,160,1,1,1,7,,46.5323,1.65173
201500009606,4,10,15,8,1,36,182,1,1,7,2,,46.518,1.46634
201500009607,27,10,15,15,1,36,231,1,1,2,6,,46.6955,1.6512
201500009608,2,2,15,15,1,36,203,1,1,1,1,,47.0023,1.26864
201500009609,4,2,15,12,1,36,31,2,1,1,6,17 RUE DES PONTS,46.8875,1.41813
201500009610,25,5,15,14,1,36,194,1,1,1,6,,46.9115,1.33302
201500009611,19,6,15,16,1,36,142,1,2,1,3,,46.7926,1.55377
201500009612,23,6,15,23,3,36,55,2,1,1,2,RUE DE LA RÉPUBLIQUE,46.9403,1.23702
201500009613,9,7,15,16,1,36,139,1,1,1,3,LD LE CHATELIER,46.7928,1.46258
201500009614,20,7,15,20,1,36,31,1,1,1,7,,46.8966,1.44565
201500009615,29,8,15,15,1,36,149,1,1,1,1,,46.9218,1.29859
201500009616,20,9,15,16,1,36,198,1,1,1,6,,46.8918,1.47592
201500009617,8,10,15,22,3,36,232,2,1,1,6,21 RTE DE CHATELLERAULT,46.799,1.43717
201500009618,20,1,15,15,1,36,23,1,1,1,7,,47.043,1.68875
201500009619,25,1,15,12,1,36,228,1,1,1,6,,47.1543,1.5232
201500009620,14,4,15,20,1,36,24,1,1,1,7,,46.984,1.68448
201500009621,16,4,15,17,1,36,237,1,1,1,7,,47.1221,1.57961
201500009622,9,5,15,17,1,36,228,1,1,1,5,LD LES TAUPONNIERES,47.1527,1.55191
201500009623,10,5,15,12,1,36,230,1,1,1,6,,47.0622,1.80433
201500009624,12,7,15,16,1,36,103,1,1,1,3,,47.1174,1.43443
201500009625,11,9,15,17,1,36,162,1,3,1,3,,47.1573,1.67132
201500009626,3,10,15,20,5,36,233,2,1,2,6,,47.2462,1.54276
201500009627,26,10,15,18,3,36,92,2,1,1,7,,47.0759,1.51164
201500009628,19,11,15,21,3,36,229,1,1,6,7,,47.197,1.61967
201500009629,9,12,15,9,1,36,228,1,1,5,7,,47.1434,1.55062
201500009630,11,12,15,18,5,36,191,2,1,1,5,RUE BOIS ROSIER,0.0,0.0
201500009631,13,12,15,11,1,36,228,1,1,1,2,,47.1735,1.55267
201500009632,20,5,15,6,1,36,224,1,1,1,6,,46.737,1.00571
201500009633,18,6,15,19,1,36,137,1,1,1,7,,0.0,0.0
201500009634,29,8,15,14,1,36,192,1,1,1,7,,46.656,1.43149
201500009635,30,11,15,17,4,36,197,1,1,2,1,,46.5616,1.07989
201500009636,14,2,15,8,1,36,25,1,1,1,7,LD LE GRAND CHAUM0IS,46.5731,2.02131
201500009637,29,3,15,10,1,36,126,1,1,3,6,,46.4596,1.76749
201500009638,26,6,15,21,1,36,164,1,1,1,2,,46.5121,1.99387
201500009639,29,7,15,13,1,36,163,1,1,1,3,,46.4905,1.99878
201500009640,12,9,15,0,3,36,126,2,1,1,7,LE BOURG,0.0,0.0
201500009641,14,4,15,17,1,36,112,1,1,1,1,,46.8047,1.87579
201500009642,12,8,15,19,1,36,180,1,1,1,6,ROUTE DE BOMMIERS,46.7368,1.96986
201500009643,8,9,15,3,3,36,84,1,1,1,7,,46.5983,1.73302
201500009644,19,12,15,11,1,36,180,2,3,1,6,RTE DE LIGNIERES,46.7303,1.96579
201500009645,10,9,15,10,1,36,88,2,1,1,1,68 ROUTE DE REUILLY,46.9621,1.98984
201500009646,12,9,15,6,3,36,248,1,1,3,6,,46.824,1.90372
201500009647,18,9,15,10,1,36,128,2,2,1,3,RN 151/RD80,46.86,1.78246
201500009648,22,12,15,9,1,36,88,2,1,1,6,AVENUE CHARLES DE GAULLE,46.9422,2.00121
201500009649,21,2,15,5,5,37,3,2,1,1,6,29 AVENUE DE CHANTELOUP,0.0,0.0
201500009650,7,4,15,14,1,37,3,1,1,1,6,,0.0,0.0
201500009651,14,6,15,10,1,37,3,2,2,8,1,VILLA  BELLAGIO,0.0,0.0
201500009652,11,6,15,15,1,37,163,2,1,1,2,RUE DE POCE/MAZERE,0.0,0.0
201500009653,24,6,15,21,2,37,171,1,1,1,6,,0.0,0.0
201500009654,7,8,15,0,5,37,3,2,1,1,6,8 AVENUE  DE TOURS,0.0,0.0
201500009655,2,9,15,21,3,37,230,1,3,1,1,,0.0,0.0
201500009656,12,9,15,20,3,37,171,1,1,1,1,LE  GROS ORMEAU,0.0,0.0
201500009657,10,10,15,0,5,37,161,1,1,1,3,LA CALONNIEREE,0.0,0.0
201500009658,17,11,15,17,2,37,3,2,1,2,6,4 QUAI DU GL DE GAULLE,0.0,0.0
201500009659,30,12,15,14,1,37,43,1,1,1,5,,0.0,0.0
201500009660,17,6,15,15,1,37,63,1,1,1,6,,0.0,0.0
201500009661,3,8,15,9,1,37,50,1,1,1,7,LA  FONTAINE,0.0,0.0
201500009662,17,1,15,0,3,37,146,1,1,1,6,,0.0,0.0
201500009663,26,1,15,18,3,37,13,1,1,2,1,AVRILLE,0.0,0.0
201500009664,7,4,15,7,2,37,62,1,1,1,1,,0.0,0.0
201500009665,13,5,15,6,1,37,109,1,1,1,3,,0.0,0.0
201500009666,7,9,15,12,1,37,2,1,1,1,1,,0.0,0.0
201500009667,21,9,15,8,1,37,109,1,1,1,1,,0.0,0.0
201500009668,31,10,15,14,1,37,62,2,1,1,2,38 AV DU GAL DE GAULLE,0.0,0.0
201500009669,17,11,15,12,1,37,139,1,1,1,1,,0.0,0.0
201500009670,20,11,15,16,1,37,86,1,2,8,3,LA ROBINIERE,0.0,0.0
201500009671,28,12,15,10,1,37,109,1,1,1,3,,0.0,0.0
201500009672,8,3,15,15,1,37,167,2,2,1,1,AVENUE DE LA LIBERATION,0.0,0.0
201500009673,26,4,15,16,1,37,170,1,1,1,1,,0.0,0.0
201500009674,5,5,15,17,1,37,152,1,1,1,6,,0.0,0.0
201500009675,30,4,15,22,4,37,249,1,1,3,6,LES BUTTES,0.0,0.0
201500009676,25,5,15,2,3,37,47,2,1,1,6,axe C 3,0.0,0.0
201500009677,7,6,15,6,2,37,204,1,1,1,6,LIEUDIT FONTAINE,0.0,0.0
201500009678,17,7,15,22,3,37,204,1,1,1,7,,0.0,0.0
201500009679,22,8,15,15,1,37,167,1,1,1,7,LUENNE,0.0,0.0
201500009680,9,10,15,19,2,37,245,1,2,1,3,,0.0,0.0
201500009681,22,10,15,7,3,37,135,1,2,2,3,LA  RESTAURERIE,0.0,0.0
201500009682,28,10,15,15,1,37,245,1,1,8,1,LE PILORY,0.0,0.0
201500009683,2,11,15,10,1,37,167,1,1,1,1,,0.0,0.0
201500009684,8,11,15,17,1,37,206,1,1,1,7,LA PREVENDERIE,0.0,0.0
201500009685,27,11,15,7,2,37,152,1,1,5,7,LES PETITES BROSSES,0.0,0.0
201500009686,12,12,15,12,1,37,21,1,3,1,1,LA HALLANDIERE,0.0,0.0
201500009687,17,1,15,10,1,37,10,1,1,5,1,,0.0,0.0
201500009688,19,1,15,12,1,37,179,1,1,1,1,LE PETIT- MESLAY,0.0,0.0
201500009689,25,2,15,19,3,37,270,1,3,1,3,,0.0,0.0
201500009690,28,2,15,18,2,37,10,1,1,2,7,,0.0,0.0
201500009691,27,2,15,10,1,37,281,1,1,1,2,,0.0,0.0
201500009692,3,4,15,20,2,37,281,1,1,2,6,,0.0,0.0
201500009693,19,4,15,17,1,37,270,1,9,1,3,LA FRILLIERE,0.0,0.0
201500009694,6,5,15,11,1,37,63,1,1,3,1,,0.0,0.0
201500009695,10,5,15,17,1,37,95,1,1,1,6,,0.0,0.0
201500009696,17,5,15,22,3,37,276,1,1,1,6,LA LOUZERIE,0.0,0.0
201500009697,8,6,15,15,1,37,169,1,1,1,1,,0.0,0.0
201500009698,16,7,15,15,1,37,276,1,1,1,6,LA BORDE,0.0,0.0
201500009699,1,8,15,6,2,37,224,1,1,1,7,,0.0,0.0
201500009700,2,10,15,23,3,37,153,1,1,8,3,,0.0,0.0
201500009701,27,11,15,18,3,37,9,1,1,1,1,Entrée péage autoroute,0.0,0.0
201500009702,13,1,15,12,1,37,11,2,1,3,7,36 RUE DU VAL DE L'INDRE,0.0,0.0
201500009703,5,3,15,7,1,37,11,1,6,1,2,RUE LAVOISIER/DENIS PAPI,0.0,0.0
201500009704,21,3,15,16,1,37,72,2,1,1,3,RUE PAUL HUET,0.0,0.0
201500009705,20,4,15,23,3,37,22,1,1,1,7,,0.0,0.0
201500009706,21,4,15,14,1,37,193,2,3,1,3,route de Bourgueil,0.0,0.0
201500009707,2,6,15,19,1,37,228,1,1,1,3,LA GARDIERE,0.0,0.0
201500009708,11,6,15,1,3,37,118,1,1,1,6,,0.0,0.0
201500009709,27,6,15,17,1,37,72,1,1,1,5,,0.0,0.0
201500009710,10,7,15,11,1,37,72,2,2,1,5,LES FAUCHERIES/LOGES,0.0,0.0
201500009711,9,7,15,17,1,37,22,2,1,7,3,RUE D'ISORE,0.0,0.0
201500009712,4,8,15,14,1,37,242,1,1,1,7,,0.0,0.0
201500009713,10,8,15,17,1,37,22,1,1,1,2,,0.0,0.0
201500009714,15,9,15,14,1,37,74,1,1,8,1,CARREFOUR PORT BOULET,0.0,0.0
201500009715,6,11,15,11,1,37,82,1,1,2,6,,0.0,0.0
201500009716,23,11,15,17,2,37,74,1,1,1,1,RUE  DE ST NICOLAS,0.0,0.0
201500009717,2,12,15,12,1,37,72,1,1,1,3,LES PETITES  CROIX,0.0,0.0
201500009718,5,1,15,22,5,37,123,2,1,1,7,PLACE SAINT JEAN,0.0,0.0
201500009719,12,1,15,8,2,37,271,1,1,8,1,CROIX DUVEAU,0.0,0.0
201500009720,4,3,15,11,1,37,67,2,7,1,3,Rue de CHINON,0.0,0.0
201500009721,5,4,15,10,1,37,200,1,1,1,1,,0.0,0.0
201500009722,14,8,15,0,3,37,227,1,1,2,6,,0.0,0.0
201500009723,21,10,15,8,2,37,14,1,1,8,1,,0.0,0.0
201500009724,18,12,15,11,1,37,227,1,1,1,7,,0.0,0.0
201500009725,10,4,15,1,3,37,51,1,1,1,6,,0.0,0.0
201500009726,10,5,15,12,1,37,268,1,1,1,3,,0.0,0.0
201500009727,13,5,15,18,1,37,12,1,2,1,3,,0.0,0.0
201500009728,29,5,15,23,3,37,278,1,1,1,3,,0.0,0.0
201500009729,8,7,15,18,1,37,89,1,1,1,1,LIEUDIT BATISSE,0.0,0.0
201500009730,13,7,15,16,1,37,216,1,1,1,1,,0.0,0.0
201500009731,16,7,15,17,1,37,178,1,1,1,1,LA TUILERIE,0.0,0.0
201500009732,1,10,15,7,2,37,196,2,1,1,3,AVENUE DU  QUEBEC/FARRY,0.0,0.0
201500009733,19,2,15,12,1,37,183,2,1,1,2,AVENUE DE LA PIERRUCHE,0.0,0.0
201500009734,21,4,15,19,2,37,16,1,2,1,3,,0.0,0.0
201500009735,22,8,15,20,2,37,238,1,1,1,6,,0.0,0.0
201500009736,14,9,15,12,1,37,49,1,1,1,6,lieudit CORNILLE,0.0,0.0
201500009737,11,4,15,1,3,37,159,1,1,8,7,RUE DE LA PICHAUDERIE,0.0,0.0
201500009738,17,10,15,15,1,37,181,1,1,1,6,LES LODINS,0.0,0.0
201500009739,23,3,15,15,1,37,1,1,1,1,1,,0.0,0.0
201500009740,9,4,15,7,1,37,115,2,1,1,6,144 avenue F.Mitterrand,0.0,0.0
201500009741,17,4,15,16,1,37,145,2,1,1,6,RUE DES QUATRE PONTS,0.0,0.0
201500009742,22,5,15,17,1,37,29,1,1,1,6,SOUDOR,0.0,0.0