Num_Acc,jour,mois,an,hr,condition_eclairage,departement,commune,condition_agglomeration,intersection,condition_atmosphere,type_collision,adresse,lattitude,longitude
201500009743,29,5,15,14,1,37,115,1,1,1,1,,0.0,0.0
201500009744,8,7,15,15,1,37,98,1,2,1,3,ROUTE DE SEPMES,0.0,0.0
201500009745,1,11,15,11,1,37,98,1,1,1,6,,0.0,0.0
201500009746,14,11,15,17,3,37,130,1,2,1,3,,0.0,0.0
201500009747,29,12,15,16,1,37,143,1,1,1,3,,47.157,0.823
201500009748,19,6,15,14,1,37,6,2,1,1,1,6  RUE DES GRANDS CLOS,0.0,0.0
201500009749,29,7,15,6,1,37,211,1,1,1,1,,0.0,0.0
201500009750,31,10,15,10,1,37,266,2,1,1,6,12 RUE PRINCIPALE,0.0,0.0
201500009751,29,10,15,18,5,37,266,2,1,1,3,les Gués,0.0,0.0
201500009752,29,11,15,16,1,37,85,1,1,1,6,,0.0,0.0
201500009753,30,11,15,8,1,37,266,2,1,8,6,12 AVENUE DE COUZIERE,0.0,0.0
201500009754,24,12,15,18,5,37,154,2,1,1,3,68 RUE DE MONTS,47.287,0.713
201500009755,3,2,15,12,1,41,220,2,1,4,7,rue des champs de la cro,47.722,1.629
201500009756,6,3,15,19,3,41,220,1,1,1,6,,47.741,1.654
201500009757,23,3,15,6,1,41,136,1,1,1,1,,47.694,1.515
201500009758,9,6,15,13,1,41,206,1,4,1,3,,47.6437,1.3702
201500009759,10,7,15,5,3,41,252,1,1,1,1,,47.68591,1.48778
201500009760,18,7,15,18,1,41,69,1,1,1,3,,47.65677,1.43135
201500009761,20,12,15,19,3,41,206,1,1,1,3,,47.63304,1.39265
201500009762,3,6,15,13,1,41,256,1,1,1,6,,47.329,2.009
201500009763,27,2,15,10,1,33,214,2,1,7,6,"27, R MARECHAL LECLERC",44.97692,-1.07554
201500009764,6,3,15,17,1,33,203,1,6,1,7,,45.2075,-1.0771
201500009765,7,6,15,19,1,33,214,1,3,1,1,,0.0,0.0
201500009766,3,8,15,17,1,33,97,1,2,8,3,Inter C215 Pis Cyc 807,45.09358,-1.05036
201500009767,5,8,15,16,1,33,214,1,1,1,7,,45.0606,-1.17545
201500009768,5,11,15,17,2,33,97,1,2,1,3,Chm des Bécasses,45.10452,-1.00113
201500009769,2,12,15,7,5,33,214,2,1,1,6,Av. Libération,44.97745,-1.07427
201500009770,28,3,15,18,1,29,233,2,1,1,2,2 rue du faouet,47.87705,-3.54423
201500009771,18,4,15,17,1,29,233,2,1,1,7,rue du bourgneuf,47.86963,-3.54298
201500009772,30,4,15,15,1,29,233,2,1,2,7,boulevard de la gare,47.86569,-3.54513
201500009773,5,5,15,17,1,29,233,2,3,1,6,Rue Langor/ le Genot,47.87185,-3.54969
201500009774,9,5,15,11,1,29,297,1,1,1,1,Lieu dit  Kerlescouarn,47.89345,-3.54137
201500009775,29,7,15,19,1,29,233,2,1,1,5,Rue de la Gare,47.86738,-3.54899
201500009776,19,9,15,16,1,29,234,1,1,1,2,Langadoue,47.86116,-3.4999
201500009777,10,11,15,19,3,29,2,1,1,1,1,Kerbazen,47.90579,-3.42076
201500009778,11,12,15,8,1,29,2,1,1,1,6,La Villeneuve,47.92301,-3.43499
201500009779,14,12,15,15,1,29,233,2,1,2,1,boulevard de la gare,47.86731,-3.54887
201500009780,24,6,15,18,1,29,236,1,1,1,1,,47.84329,-3.69363
201500009781,3,7,15,16,1,29,217,2,1,1,6,62 rue Louis Lomenech,47.85225,-3.73792
201500009782,18,8,15,18,1,29,293,1,1,1,6,Kersalaun,47.8357,-3.81405
201500009783,29,8,15,8,1,29,150,1,1,1,2,Lan Kervignac,47.8088,-3.65024
201500009784,30,10,15,21,3,29,236,1,1,1,6, Beg Kerliskidig ,47.84554,-3.7102
201500009785,1,1,15,6,3,29,241,2,1,1,6,27 Rue  de ruveil,47.95603,-3.83248
201500009786,8,1,15,19,5,29,241,2,1,8,3,Rue Nationale - D765,47.95952,-3.83285
201500009787,19,1,15,8,2,29,4,1,1,1,2,,47.93248,-3.69575
201500009788,19,2,15,15,1,29,281,1,1,3,7,Prat Ar Venec,48.01663,-3.83597
201500009789,8,3,15,19,3,29,274,1,2,1,3,Ty Dren,48.01577,-3.73661
201500009790,16,3,15,10,1,29,272,1,1,1,2,RN165 - Pk35,47.93239,-3.90585
201500009791,22,2,15,11,1,29,49,1,1,8,6,Kerisolé,47.96777,-3.87559
201500009792,19,4,15,15,1,29,4,1,1,1,1,Kernabat,47.90803,-3.62813
201500009793,26,5,15,5,3,29,241,1,1,1,6,Proche Kerlue Bras,47.97154,-3.84841
201500009794,4,6,15,10,1,29,146,1,1,1,2,Kerampaou échangeur born,47.90645,-3.83476
201500009795,14,6,15,4,3,29,281,1,1,1,6,,48.02527,-3.82547
201500009796,15,6,15,9,1,29,146,1,1,1,6,,47.90645,-3.83476
201500009797,22,6,15,23,3,29,241,1,1,1,6,,47.99167,-3.88315
201500009798,14,7,15,19,1,29,146,1,1,1,7,Croas Kerdraïc,47.9054,-3.85084
201500009799,12,8,15,9,1,29,274,1,1,1,3,Parkou Royal,48.02164,-3.67989
201500009800,15,9,15,15,1,29,146,1,1,2,1,Kerlean,47.91298,-3.83128
201500009801,6,10,15,18,1,29,241,1,1,2,1,Coat Canton,47.9493,-3.83715
201500009802,1,11,15,21,5,29,272,2,1,1,6,30 rue jean jaurès,47.96765,-3.93685
201500009803,7,1,15,8,2,13,33,1,3,1,3,,43.37241,5.18498
201500009804,13,12,15,15,1,13,88,1,1,1,3,,0.0,0.0
201500009805,21,5,15,8,1,44,20,1,1,1,5,,47.16557,-1.62418
201500009806,3,12,15,7,2,44,20,2,1,8,6,,0.0,0.0
201500009807,19,1,15,13,1,33,199,2,1,2,1,10 RUE PIERRE DANAY,0.0,0.0
201500009808,6,1,15,18,3,87,174,1,1,2,6,,45.7348,1.46331
201500009809,29,3,15,15,1,87,148,1,1,2,1,,45.7436,1.33392
201500009810,2,4,15,22,3,87,205,1,1,1,6,,0.0,0.0
201500009811,22,7,15,18,1,87,148,1,1,1,6,,45.7113,1.39712
201500009812,11,8,15,20,1,87,63,1,1,1,5,,45.7975,1.40312
201500009813,6,12,15,12,1,87,205,1,3,1,5,,45.7863,1.28949
201500009814,1,1,15,6,5,60,155,2,1,1,1,"48, LIBERTE AV.DE LA",43.56614,7.07062
201500009815,16,4,15,12,1,60,4,2,1,1,3,R.N.98 BORD DE MER SIEST,43.59333,7.12531
201500009816,3,1,15,18,5,60,155,2,4,1,3,"97, PICASSO AV.ET SQUARE",43.5747,7.0551
201500009817,24,4,15,13,1,60,4,2,1,1,6,"1, VANDENBERG AV.DU GENE",43.57961,7.12441
201500009818,5,5,15,10,1,60,155,1,1,1,1,"01, POURTALET AV.HENRI",43.58045,7.05533
201500009819,17,1,15,16,2,60,155,2,1,7,6,"35, LIBERTE AV.DE LA",43.5655,7.0695
201500009820,30,1,15,11,1,60,4,2,1,1,6,"3, FOCH BD MARECHAL",43.57927,7.11934
201500009821,6,5,15,11,1,60,4,2,1,1,2,"40, ONZE NOVEMBRE AV.DU",43.58981,7.12425
201500009822,6,2,15,16,1,60,4,2,1,2,6,"13, POINCARE BD RAYMOND",0.0,0.0
201500009823,6,5,15,15,1,60,4,1,1,1,6,"664, GARDIOLE BACON BD",43.3411,7.08217
201500009824,6,2,15,18,5,60,4,2,2,2,3,"12, CHATAIGNIERS AV.DU",0.0,0.0
201500009825,7,5,15,16,1,60,4,1,1,1,6,BORD DE MER RN.98 LA SIE,43.36285,7.07325
201500009826,7,2,15,12,1,60,4,2,1,1,6,"8, LECLERC BD MARECHAL",0.0,0.0
201500009827,9,5,15,17,1,60,4,2,1,1,6,"35, CANNES(RN.7) AV.DE",0.0,0.0
201500009828,9,2,15,19,5,60,155,2,3,1,3,"218, LIBERTE AV.DE LA",0.0,0.0
201500009829,9,5,15,21,5,60,4,2,1,1,6,"81, NICE(RN.7) AV.ET RTE",0.0,0.0
201500009830,10,2,15,15,1,60,4,2,1,1,3,"91, ROCHAT AV.PHILIPPE",0.0,0.0
201500009831,10,5,15,15,1,60,4,2,1,1,2,"343, NICE(RN.7) AV.ET RT",43.36256,7.07263
201500009832,20,2,15,15,1,60,155,2,1,1,3,MASSIER AV.ET IMP.CLEMEN,0.0,0.0
201500009833,11,5,15,18,1,60,4,2,1,1,7,"24, NICE(RN.7) AV.ET RTE",43.35332,7.07157
201500009834,23,2,15,9,1,60,4,2,1,1,4,"2355, SAINT CLAUDE CH.DE",0.0,0.0
201500009835,12,5,15,16,1,60,4,2,6,1,6,AUTRICHIENS CH.DES,43.3441,7.06194
201500009836,23,2,15,14,1,60,4,2,1,1,3,"1, SAINT CLAUDE CH.DE",0.0,0.0
201500009837,13,5,15,8,1,60,4,2,3,1,6,"809, GREC AV.JULES",43.35413,7.06539
201500009838,26,2,15,11,1,60,4,2,1,1,6,"6, WILSON BD",0.0,0.0
201500009839,13,5,15,8,1,60,4,2,1,1,3,"97, ROCHAT AV.PHILIPPE",43.35257,7.06237
201500009840,28,2,15,13,1,60,155,2,1,1,5,"1490, LIBERTE AV.DE LA",0.0,0.0
201500009841,13,5,15,18,1,60,155,2,2,1,1,JUIN AV.MARECHAL,0.0,0.0
201500009842,28,2,15,22,5,60,4,2,1,1,3,"324, GRASSE RTE DE",0.0,0.0
201500009843,15,5,15,10,1,60,155,2,1,1,6,"83, PICASSO AV.ET SQUARE",0.0,0.0
201500009844,6,3,15,13,1,60,4,2,2,7,3,"780, GAROUPE BD DE LA",0.0,0.0
201500009845,11,5,15,12,1,60,4,2,7,1,6,ALBERT 1ER BD ET SQUARE,0.0,0.0
201500009846,8,3,15,21,5,60,4,2,1,1,6,"33, BAUDOIN BD EDOUARD",0.0,0.0
201500009847,19,5,15,10,1,60,155,2,1,1,6,"13, MASSIER AV.ET IMP.CL",43.56801,7.07167
201500009848,9,3,15,11,1,60,155,2,1,1,6,ROUSTAN AV.ET BD DES FRE,0.0,0.0
201500009849,19,5,15,17,1,60,155,2,1,1,6,"74, LIBERTE AV.DE LA",43.56775,7.07205
201500009850,19,3,15,10,1,60,4,2,6,1,3,"0, CAP BD DU",0.0,0.0
201500009851,20,5,15,19,1,60,4,2,1,1,1,"475, SUQUETTE CH.DE LA",0.0,0.0
201500009852,25,3,15,15,1,60,4,2,2,2,3,"0.0, POINCARE BD RAYMOND",0.0,0.0
201500009853,26,5,15,22,5,60,155,1,1,1,1,"1294, RD6098",0.0,0.0
201500009854,28,3,15,2,5,60,4,1,1,1,6,"1, NICE(RN.7) AV.ET RTE",0.0,0.0
201500009855,28,5,15,12,1,60,4,2,3,1,2,"83, CANNES(RN.7) AV.DE",43.34246,7.05145
201500009856,31,3,15,20,5,60,4,2,1,1,6,"88, WILSON BD",0.0,0.0
201500009857,18,5,15,11,1,60,4,2,3,1,3,"35, SABLES CH.ET ALLEE",43.34063,7.07034
201500009858,4,4,15,18,1,60,4,2,2,1,3,NICE(RN.7) AV.ET RTE DE,43.61098,7.12594
201500009859,31,5,15,12,1,60,155,2,3,1,3,"15, ROUSTAN AV.ET BD DES",43.33594,4.382
201500009860,8,4,15,8,1,60,4,2,1,1,6,"1, ROCHAT AV.PHILIPPE",43.58494,7.11777
201500009861,2,6,15,12,1,60,4,2,1,1,6,"21, MAUPASSANT-JUAN AV.G",43.34076,7.06378
201500009862,8,4,15,9,1,60,4,2,6,1,6,GREC AV.JULES,43.59687,7.1141
201500009863,15,6,15,15,1,60,4,2,2,1,6,"47, POINCARE BD RAYMOND",43.34184,7.06241
201500009864,15,6,15,20,5,60,155,2,1,1,5,"1158, GRASSE AV.ET ROUTE",43.34532,7.02305
201500009865,22,6,15,21,5,60,4,2,1,1,7,GRASSE RTE DE,43.36063,7.04282
201500009866,23,6,15,15,1,60,4,2,1,1,6,"598, TROIS MOULINS RUE D",43.60314,7.07442
201500009867,24,6,15,16,1,60,4,1,1,1,1,RD6098,43.59479,7.12531
201500009868,22,6,15,11,1,60,4,2,1,1,6,"24, WILSON BD",43.57849,7.11939
201500009869,29,6,15,12,1,60,4,2,1,1,6,"91, KENNEDY BD J.F.",43.55192,7.1288
201500009870,26,6,15,11,1,60,4,2,1,1,3,RD6098,43.57188,7.10717
201500009871,3,7,15,14,1,60,155,2,3,1,2,LIBERTE AV.DE LA,43.57321,7.08649
201500009872,4,7,15,16,1,60,4,1,1,1,2,GRASSE RTE DE,43.36116,7.04126
201500009873,4,7,15,1,5,60,4,1,1,1,6,RD6007,43.34438,7.05296
201500009874,6,7,15,9,1,60,4,1,1,1,3,"0, RD6098",43.59303,7.12538
201500009875,7,7,15,9,1,60,4,2,1,1,4,R.N.98 BORD DE MER SIEST,43.3617,7.07322
201500009876,12,7,15,8,1,60,155,2,1,1,3,"100, LIBERTE AV.DE LA",43.56868,7.07407
201500009877,13,7,15,13,1,60,4,2,6,1,3,GRASSE RTE DE,43.60179,7.08382
201500009878,15,7,15,14,1,60,4,2,2,1,3,"0, POINCARE BD RAYMOND",43.57189,7.10717
201500009879,16,7,15,13,1,60,4,2,3,1,3,MEILLAND BD FRANCIS,43.5551,7.12853
201500009880,17,7,15,0,5,60,4,2,1,1,3,BORD DE MER RN.98 LA SIE,43.60822,7.12581
201500009881,14,7,15,12,1,60,4,2,1,1,1,"35, CANNES(RN.7) AV.DE",43.57491,7.09388
201500009882,24,7,15,0,5,60,4,2,1,1,3,"60, NICE(RN.7) AV.ET RTE",43.59746,7.12012
201500009883,28,7,15,18,1,60,4,2,1,1,3,"13, NICE(RN.7) AV.ET RTE",43.59051,7.12088
201500009884,28,7,15,23,3,60,155,1,1,1,6,LIBERTE AV.DE LA,43.55857,7.06367
201500009885,30,7,15,7,1,60,4,2,3,1,1,"272, GAROUPE BD DE LA",43.55896,7.13546
201500009886,4,8,15,8,1,60,4,2,1,1,3,"210, GREC AV.JULES",43.58931,7.11786
201500009887,7,8,15,13,1,60,155,2,1,1,1,"3030, SAINT BERNARD CH.",43.60173,7.06168
201500009888,8,8,15,13,1,60,4,2,1,1,3,"346, NICE(RN.7) AV.ET RT",43.60314,7.12276
201500009889,8,8,15,19,1,60,4,2,6,1,3,RD6007,43.57327,7.08667
201500009890,29,7,15,11,1,60,4,2,1,1,3,RD6007,43.57574,7.09024
201500009891,15,8,15,15,1,60,4,2,1,1,6,"41, GUILLAUMONT BD CHARL",43.56973,7.12276
201500009892,17,8,15,18,1,60,4,1,1,1,6,REIBAUD AV.,43.58067,7.11683
201500009893,21,8,15,22,5,60,4,2,1,1,3,"3055 BIS, PELISSIER AV.J",43.6134,7.108
201500009894,22,8,15,9,1,60,4,2,6,1,3,"463, BIOT (CD.4) RTE DE",43.6147,7.12014
201500009895,26,8,15,19,1,60,155,2,1,1,2,"159, JUIN AV.MARECHAL",43.57416,7.05239
201500009896,28,8,15,18,1,60,4,1,1,1,2,RD6098,0.0,0.0
201500009897,2,9,15,13,1,60,4,1,1,1,3,"0, VERDUN AV.DE",0.0,0.0
201500009898,7,9,15,19,1,60,4,2,1,1,1,"22 bis, CANNES(RN.7) AV.",43.57502,7.09397
201500009899,4,9,15,10,1,60,4,2,3,1,1,"1318, NICE(RN.7) AV.ET R",43.61138,7.12613
201500009900,11,9,15,7,1,60,4,2,3,1,6,"120, GRASSE RTE DE",43.59141,7.10565
201500009901,9,9,15,18,1,60,4,2,1,1,3,"1, REIBAUD AV.",43.58208,7.11632
201500009902,9,9,15,21,5,60,4,1,1,2,1,"2012, NICE(RN.7) AV.ET R",43.61822,7.12886
201500009903,11,9,15,8,1,60,4,2,1,1,6,"796, GAROUPE BD DE LA",43.55508,7.13339
201500009904,14,9,15,12,1,60,4,2,1,1,3,"2200, SAINT CLAUDE CH.DE",0.0,0.0
201500009905,18,9,15,8,1,60,4,2,6,1,3,PELISSIER AV.JEAN MICHAR,43.61506,7.10835
201500009906,22,9,15,7,1,60,4,2,1,1,6,"66, WILSON BD",43.575,7.117
201500009907,26,9,15,19,2,60,155,2,3,1,3,"152, LIBERTE AV.DE LA",0.0,0.0
201500009908,27,9,15,22,5,60,4,2,1,1,6,GALLICE AV.ET PASSAGE,43.56788,7.11329
201500009909,6,10,15,21,5,60,4,1,1,1,1,BACON BD DU ET BD GARDIO,0.0,0.0
201500009910,10,10,15,1,5,60,155,2,1,1,6,"223, GRASSE AV.ET ROUTE",43.34586,7.03026
201500009911,11,10,15,12,1,60,4,2,1,1,6,MAUPASSANT-JUAN AV.GUY D,0.0,0.0
201500009912,11,10,15,18,1,60,4,2,3,1,6,POINCARE BD RAYMOND,0.0,0.0
201500009913,13,10,15,16,1,60,4,2,1,1,6,"05, OLIVIER AV.DES FRERE",43.57969,7.12014
201500009914,14,10,15,17,1,60,155,2,3,1,3,"2791, SAINT BERNARD CH.",0.0,0.0
201500009915,3,10,15,21,3,60,155,2,1,3,6,"5, GARE AV.DE LA",43.56651,7.07451
201500009916,26,10,15,16,1,60,4,1,6,1,2,TROIS MOULINS RUE DES,43.60488,7.08218
201500009917,5,11,15,19,5,60,4,2,1,1,6,"29, AUTRICHIENS CH.DES",0.0,0.0
201500009918,7,11,15,5,5,60,4,2,1,1,6,"256, NICE(RN.7) AV.ET RT",0.0,0.0
201500009919,8,11,15,18,5,60,155,2,2,1,1,"54, MER AV.DE LA",43.57325,7.0867
201500009920,10,11,15,11,1,60,4,2,1,1,6,"16 bis, PEYREGOUE CH.DE",43.5828,7.10454
201500009921,5,11,15,20,5,60,155,2,1,1,1,MIMOSAS(VALLAURIS) AV.DE,0.0,0.0
201500009922,14,11,15,10,1,60,4,2,1,1,6,NATIONALE PLACE,0.0,0.0
201500009923,21,11,15,2,5,60,155,2,6,1,1,"853, NOTRE DAME CH.",43.34394,7.04051
201500009924,24,11,15,15,1,60,155,2,1,1,1,"1952, NOTRE DAME CH.",43.5758,7.07894
201500009925,27,11,15,16,1,60,4,1,1,1,6,"93, WILSON BD",43.57116,7.11476
201500009926,2,12,15,9,1,60,4,2,6,1,6,"1085, GREC AV.JULES",0.0,0.0
201500009927,4,12,15,18,5,60,155,1,1,1,1,"er73 /409, SAINT BERNARD",43.6032,7.06328
201500009928,10,12,15,12,1,60,4,2,1,1,1,"134, POINCARE BD RAYMOND",43.57325,7.10072
201500009929,10,12,15,7,2,60,4,2,1,1,3,"1276, NICE(RN.7) AV.ET R",43.61134,7.12615
201500009930,11,12,15,19,1,60,155,1,1,1,6,"598, RD6007",43.55854,7.06372
201500009931,15,12,15,9,1,60,4,2,2,1,6,BOURGEOIS AV.GASTON,43.57663,7.12361
201500009932,21,12,15,7,2,60,4,2,3,1,3,"0, SAINT CLAUDE CH.DE",43.59629,7.10592
201500009933,23,12,15,14,1,60,155,1,1,1,4,"1521, SAINT BERNARD CH.",0.0,0.0
201500009934,26,12,15,12,1,60,4,2,1,1,6,"110, MEILLAND BD FRANCIS",43.55631,7.12817
201500009935,31,10,15,14,1,60,123,2,4,1,1,"3694, ST JEANNET ROUTE D",0.0,0.0
201500009936,4,1,15,16,1,60,27,2,1,1,3,ALPES AVENUE DES,0.0,0.0
201500009937,1,12,15,17,5,60,27,2,4,1,6,DREVON RUE GENDARME,0.0,0.0
201500009938,1,6,15,11,1,60,27,2,1,1,2,"69, NICE AVENUE DE (RN7)",0.0,0.0
201500009939,6,12,15,19,1,60,123,2,1,2,2,"181, 11 NOVEMBRE AVENUE",0.0,0.0
201500009940,3,6,15,14,1,60,27,1,3,1,3,FIGUIERS RUE DES,0.0,0.0
201500009941,8,12,15,18,5,60,123,2,1,1,2,BORD DE MER RN 98,0.0,0.0
201500009942,8,1,15,10,1,60,123,2,1,1,3,"435, BARONNE ROUTE DE LA",43.70276,7.17865
201500009943,5,6,15,8,1,60,27,1,3,1,3,CHENES AVENUE DES,0.0,0.0
201500009944,8,1,15,16,1,60,27,2,1,1,3,"34, GAUDE AVENUE DE LA",43.66768,7.15218
201500009945,9,12,15,10,1,60,123,2,2,1,3,VESPINS ROUTE DES,0.0,0.0
201500009946,5,6,15,11,1,60,27,2,1,1,6,VERDUN AVENUE DE,0.0,0.0
201500009947,13,1,15,7,1,60,27,2,3,1,5,PLAGE BOULEVARD DE LA,0.0,0.0
201500009948,10,12,15,8,1,60,123,2,1,1,3,ESPLANADE DU LEVANT,0.0,0.0
201500009949,8,6,15,17,1,60,27,2,1,1,2,"66, VALLON DES VAUX CHEM",0.0,0.0
201500009950,11,12,15,7,2,60,27,2,1,1,3,"85, GRASSE AVENUE DE",0.0,0.0
201500009951,11,6,15,12,1,60,123,2,6,1,3,VERDUN AVENUE DE,0.0,0.0
201500009952,13,1,15,9,1,60,27,2,1,1,3,"101, PLAGE PROMENADE DE",43.6579,7.16971
201500009953,26,1,15,8,1,60,27,2,1,1,3,CHEIRON AVENUE DU,0.0,0.0
201500009954,16,12,15,12,1,60,27,2,1,1,6,"5, PLAGE BOULEVARD DE LA",0.0,0.0
201500009955,17,6,15,17,1,60,27,2,3,1,2,GARE AVENUE DE LA,0.0,0.0
201500009956,28,1,15,18,5,60,27,2,3,1,3,NICE AVENUE DE (RN7),0.0,0.0
201500009957,13,12,15,20,5,60,123,2,1,1,6,BORD DE MER RN 98,0.0,0.0
201500009958,18,6,15,7,1,60,27,2,1,1,6,"2, NICE AVENUE DE (RN7)",0.0,0.0
201500009959,17,12,15,9,1,60,27,2,1,1,6,LECLERCAVENUE GENERAL,0.0,0.0
201500009960,20,6,15,10,1,60,27,2,3,1,3,BESSET AVENUE CYRILLE,0.0,0.0
201500009961,28,1,15,20,5,60,27,2,1,1,3,"91, VAL FLEURI CHEMIN DU",43.6685,7.16658
201500009962,31,1,15,11,1,60,27,2,1,1,2,SERRE AVENUE DE LA,0.0,0.0
201500009963,12,12,15,21,5,60,123,2,1,1,3,"88, DE GAULLE GENERAL AV",0.0,0.0
201500009964,24,6,15,19,1,60,27,2,1,1,3,"48, NICE AVENUE DE (RN7)",0.0,0.0
201500009965,1,2,15,14,1,60,27,2,3,1,5,CHENES AVENUE DES,43.66019,7.15558
201500009966,28,12,15,11,1,60,27,2,1,1,6,"53, VAL FLEURI CHEMIN DU",0.0,0.0
201500009967,27,6,15,13,1,60,27,2,3,1,1,BESSET AVENUE CYRILLE,0.0,0.0
201500009968,4,2,15,9,1,60,123,2,1,1,3,GARE ROUTE DE LA,0.0,0.0
201500009969,30,12,15,22,5,60,123,2,1,1,6,GERBAULT ALAIN PROMENADE,0.0,0.0
201500009970,27,6,15,17,1,60,123,2,1,1,3,GARE ROUTE DE LA,0.0,0.0
201500009971,6,2,15,21,5,60,27,2,2,1,3,NICE AVENUE DE (RN7),0.0,0.0
201500009972,28,6,15,19,1,60,123,2,1,1,3,"521, LIBERATION AVENUE D",0.0,0.0
201500009973,9,2,15,16,1,60,27,2,1,1,5,"59, VAL FLEURI CHEMIN DU",0.0,0.0
201500009974,29,6,15,8,1,60,27,2,3,1,5,"99, PLAGE BOULEVARD DE L",0.0,0.0
201500009975,10,2,15,15,1,60,27,2,1,1,2,PROMENADE DE L HIPPODROM,0.0,0.0
201500009976,29,6,15,18,1,60,27,2,2,1,3,CHENES AVENUE DES,0.0,0.0
201500009977,29,6,15,17,1,60,27,2,1,1,1,"55, NICE AVENUE DE (RN7)",0.0,0.0
201500009978,12,2,15,16,1,60,123,2,1,1,7,"110, VERDUN AVENUE DE",0.0,0.0
201500009979,29,6,15,23,5,60,27,2,1,1,2,"5, KENNEDY BOULEVARD J.F",0.0,0.0
201500009980,16,2,15,18,1,60,27,2,1,2,6,"63, JUIN BOULEVARD MAREC",0.0,0.0
201500009981,30,6,15,17,1,60,27,2,3,1,3,"22, CAMPANETTE CHEMIN DE",0.0,0.0
201500009982,17,2,15,7,1,60,27,2,1,1,3,PAGNOL AVENUE MARCEL,0.0,0.0
201500009983,30,6,15,19,1,60,27,2,1,1,4,PLAGE BOULEVARD DE LA,0.0,0.0
201500009984,2,7,15,14,1,60,27,2,1,1,3,"71, GRASSE AVENUE DE",0.0,0.0
201500009985,2,7,15,19,1,60,123,2,1,1,1,"1814, BARONNE ROUTE DE L",0.0,0.0
201500009986,20,2,15,13,1,60,27,2,1,1,6,"29, RENOIR AVENUE AUGUST",0.0,0.0
201500009987,8,7,15,10,1,60,27,2,1,1,6,"7, BESSET AVENUE CYRILLE",0.0,0.0
201500009988,20,2,15,17,1,60,27,2,1,1,3,CANNES AVENUE DE (RN7),0.0,0.0
201500009989,11,7,15,19,1,60,123,2,1,1,3,"667, DE GAULLE GENERAL A",0.0,0.0
201500009990,22,2,15,10,1,60,123,2,1,1,3,BORD DE MER RN 98,0.0,0.0
201500009991,13,7,15,9,1,60,123,2,1,1,1,"3348, ST JEANNET ROUTE D",0.0,0.0
201500009992,23,2,15,10,1,60,27,2,1,1,3,"115, NICE AVENUE DE (RN7",0.0,0.0
201500009993,16,7,15,9,1,60,123,2,2,1,4,BORD DE MER RN 98,0.0,0.0
201500009994,27,2,15,17,1,60,123,2,1,1,2,LIBERATION AVENUE DE LA,0.0,0.0
201500009995,17,7,15,4,5,60,27,2,1,1,6,"1, PLAGE BOULEVARD DE LA",0.0,0.0
201500009996,4,3,15,9,1,60,27,2,3,1,3,ESPARTES CHEMIN DES,0.0,0.0
201500009997,20,7,15,11,1,60,123,2,3,1,6,LECLERC GENERAL AVENUE,0.0,0.0
201500009998,20,7,15,13,1,60,27,2,2,1,3,GARE AVENUE DE LA,0.0,0.0
201500009999,1,3,15,16,1,60,123,2,1,1,1,GUYNEMER AVENUE,0.0,0.0
201500010000,24,7,15,23,5,60,123,2,1,1,1,CURIE PIERRE ET MARIE AV,0.0,0.0
201500010001,10,3,15,16,1,60,123,2,1,1,4,CURIE PIERRE ET MARIE AV,0.0,0.0
201500010002,25,7,15,10,1,60,123,2,2,1,2,BORD DE MER RN 98,0.0,0.0
201500010003,19,3,15,16,1,60,27,2,1,1,6,"54, ALPES AVENUE DES",0.0,0.0
201500010004,26,7,15,8,1,60,123,2,1,1,6,"299, SAUVAIGO PIERRE AVE",0.0,0.0
201500010005,26,7,15,21,1,60,27,2,1,1,3,"22, VAL FLEURI CHEMIN DU",0.0,0.0
201500010006,20,3,15,15,1,60,27,2,1,1,2,"104, PLAGE BOULEVARD DE",0.0,0.0
201500010007,21,3,15,19,5,60,123,2,1,1,6,"849, AICARD AVENUE",0.0,0.0
201500010008,28,7,15,20,1,60,27,2,1,1,3,"12 b, COLLE AVENUE DE LA",0.0,0.0
201500010009,29,7,15,15,1,60,27,2,1,1,3,"8, NICE AVENUE DE (RN7)",0.0,0.0
201500010010,29,7,15,17,1,60,27,2,1,1,6,"68, NICE AVENUE DE (RN7)",0.0,0.0
201500010011,24,3,15,23,5,60,123,2,1,1,1,DONADEI EUGENE AVENUE,0.0,0.0
201500010012,25,3,15,8,1,60,123,2,3,1,3,ZOO AVENUE DU,0.0,0.0
201500010013,29,7,15,21,1,60,123,2,2,1,3,BORD DE MER RN 98,0.0,0.0
201500010014,6,8,15,11,1,60,123,2,1,1,3,"257, SAUVAIGO PIERRE AVE",0.0,0.0
201500010015,27,3,15,17,1,60,123,2,6,1,3,MAICON PROMENADE,0.0,0.0
201500010016,2,4,15,7,1,60,27,2,3,1,3,NICE AVENUE DE (RN7),0.0,0.0
201500010017,6,8,15,19,1,60,27,2,6,1,2,CANNES AVENUE DE (RN7),0.0,0.0
201500010018,2,4,15,19,1,60,27,2,2,1,3,NICE AVENUE DE (RN7),0.0,0.0
201500010019,7,8,15,15,1,60,123,2,1,1,3,"2085, PUGETS MOYENNE COR",0.0,0.0
201500010020,8,8,15,15,1,60,27,2,3,1,1,PLAGE BOULEVARD DE LA,0.0,0.0
201500010021,6,4,15,18,1,60,123,2,1,1,3,"298, PAGNOL MARCEL BOULE",43.66704,7.18132
201500010022,8,4,15,23,5,60,27,2,3,1,3,GARE AVENUE DE LA,0.0,0.0