Num_Acc,jour,mois,an,hr,condition_eclairage,departement,commune,condition_agglomeration,intersection,condition_atmosphere,type_collision,adresse,lattitude,longitude
201500010023,13,8,15,20,2,60,27,2,2,1,3,NICE AVENUE DE (RN7),0.0,0.0
201500010024,8,4,15,22,5,60,123,2,1,1,1,GARE ROUTE DE LA,0.0,0.0
201500010025,24,8,15,9,1,60,27,2,1,1,2,"20, NICE AVENUE DE (RN7)",0.0,0.0
201500010026,26,8,15,8,1,60,123,2,3,1,7,PUGETS ROUTE DES,0.0,0.0
201500010027,14,4,15,16,1,60,123,2,4,1,3,11 NOVEMBRE AVENUE DU,43.67185,7.19239
201500010028,26,8,15,17,1,60,123,2,1,1,3,"1267, CURIE PIERRE ET MA",0.0,0.0
201500010029,18,4,15,10,1,60,123,2,3,1,3,AGRICULTEURS ALLEE DES,43.70327,7.18457
201500010030,27,8,15,12,1,60,27,2,1,1,2,CANNES AVENUE DE (RN7),0.0,0.0
201500010031,18,4,15,13,1,60,123,2,1,1,6,COUSTEAU JEAN YVES PROME,43.65703,7.19735
201500010032,30,8,15,1,5,60,27,2,2,1,3,JUIN BOULEVARD MARECHAL,0.0,0.0
201500010033,7,9,15,17,1,60,123,2,1,1,3,"248, DAUDET ALPHONSE RUE",0.0,0.0
201500010034,20,4,15,22,5,60,27,2,2,1,3,NICE AVENUE DE (RN7),43.65622,7.155
201500010035,10,9,15,11,1,60,27,2,1,1,2,"18, RENOIR AVENUE AUGUST",0.0,0.0
201500010036,24,4,15,10,1,60,27,2,1,1,6,"113, VAL FLEURI CHEMIN D",43.67078,7.16395
201500010037,19,9,15,22,5,60,27,2,1,1,3,FUSAINS RUE DES,0.0,0.0
201500010038,24,9,15,18,1,60,27,2,1,1,3,"30, JUIN BOULEVARD MAREC",0.0,0.0
201500010039,1,5,15,2,5,60,27,2,3,1,6,PLAGE BOULEVARD DE LA,0.0,0.0
201500010040,27,9,15,16,1,60,27,2,3,1,3,NICE AVENUE DE (RN7),0.0,0.0
201500010041,28,9,15,16,1,60,27,2,1,1,6,VERNE RUE JULES,0.0,0.0
201500010042,15,5,15,17,1,60,27,2,1,1,6,"5, DONAT AVENUE DOCTEUR",0.0,0.0
201500010043,4,10,15,21,5,60,123,2,1,1,2,"975, DE GAULLE GENERAL A",0.0,0.0
201500010044,18,5,15,11,1,60,27,2,1,1,4,"60, NICE AVENUE DE (RN7)",0.0,0.0
201500010045,3,10,15,6,5,60,123,2,1,1,2,BORD DE MER RN 98,0.0,0.0
201500010046,19,5,15,10,1,60,27,2,1,1,6,"61, GARE AVENUE DE LA",0.0,0.0
201500010047,5,10,15,11,1,60,27,2,6,1,2,ALPES AVENUE DES,0.0,0.0
201500010048,21,5,15,17,1,60,27,2,3,1,2,CANNES AVENUE DE (RN7),0.0,0.0
201500010049,3,10,15,16,1,60,123,2,1,3,6,GARE ROUTE DE LA,0.0,0.0
201500010050,7,10,15,11,1,60,27,2,1,1,4,"4, ST LAURENT CHEMIN DE",0.0,0.0
201500010051,23,5,15,23,5,60,27,2,1,1,2,"7, PLAGE BOULEVARD DE LA",0.0,0.0
201500010052,11,10,15,9,1,60,27,2,3,1,3,NICE AVENUE DE (RN7),0.0,0.0
201500010053,25,5,15,18,1,60,27,2,1,1,5,"81, PLAGE BOULEVARD DE L",0.0,0.0
201500010054,13,10,15,16,1,60,123,2,1,1,1,VESPINS ROUTE DES,0.0,0.0
201500010055,28,5,15,19,1,60,27,2,1,1,3,"450, VENCE ROUTE DE",0.0,0.0
201500010056,14,10,15,3,5,60,123,2,4,1,7,GERBAULT ALAIN PROMENADE,0.0,0.0
201500010057,13,10,15,18,2,60,123,2,4,1,5,BARONNE ROUTE DE LA,0.0,0.0
201500010058,31,5,15,16,1,60,27,2,1,1,3,"60, NICE AVENUE DE (RN7)",0.0,0.0
201500010059,13,10,15,19,2,60,27,2,1,1,1,"81, GRASSE AVENUE DE",0.0,0.0
201500010060,15,10,15,10,2,60,27,2,1,1,3,"24, ST LAURENT CHEMIN DE",0.0,0.0
201500010061,15,10,15,20,5,60,27,2,1,1,3,"83, VAL FLEURI CHEMIN DU",0.0,0.0
201500010062,19,10,15,14,1,60,27,2,1,1,3,"26, DONAT AVENUE DOCTEUR",0.0,0.0
201500010063,22,10,15,8,1,60,27,2,1,1,1,COLLE AVENUE DE LA,0.0,0.0
201500010064,25,10,15,20,5,60,27,2,2,1,3,NICE AVENUE DE (RN7),0.0,0.0
201500010065,15,10,15,15,1,60,27,2,3,1,3,NICE AVENUE DE (RN7),0.0,0.0
201500010066,10,11,15,13,1,60,27,2,1,1,4,"47, PLAGE BOULEVARD DE L",43.65574,7.16153
201500010067,7,11,15,12,1,60,27,2,1,1,4,"78, NICE AVENUE DE (RN7)",0.0,0.0
201500010068,13,11,15,16,1,60,27,2,1,1,3,"55, GARE AVENUE DE LA",43.66002,7.14858
201500010069,10,11,15,8,1,60,123,2,1,1,2,PUGETS ROUTE DES,0.0,0.0
201500010070,10,11,15,19,5,60,27,2,2,1,3,NICE AVENUE DE (RN7),0.0,0.0
201500010071,10,11,15,8,1,60,123,2,1,1,6,AMADIEU AVENUE PIERRE,0.0,0.0
201500010072,5,11,15,10,1,60,27,2,1,1,3,VERDUN AVENUE DE,0.0,0.0
201500010073,25,11,15,9,1,60,27,2,1,1,4,CANNES AVENUE DE (RN7),0.0,0.0
201500010074,25,11,15,10,1,60,27,2,6,1,3,VERDUN AVENUE DE,0.0,0.0
201500010075,27,4,15,3,5,60,27,2,1,1,6,"156, COLLE AVENUE DE LA",43.67241,7.12076
201500010076,4,1,15,15,1,60,29,2,2,1,3,BLANC (RUE LOUIS),43.55303,7.01274
201500010077,5,1,15,15,1,60,29,2,1,1,3,TONNER (AVENUE FRANCIS),0.0,0.0
201500010078,7,1,15,7,1,60,29,2,1,1,6,TONNER (AVENUE FRANCIS),0.0,0.0
201500010079,8,1,15,17,5,60,29,2,1,1,3,GALLIENI (AVENUE MARECHA,0.0,0.0
201500010080,12,1,15,16,1,60,29,2,1,1,6,"35, VALLAURIS (AVENUE DE",43.55833,7.02684
201500010081,16,1,15,16,1,60,29,2,1,1,3,"53, JOURDAN (AVENUE MICH",43.55321,6.97464
201500010082,17,1,15,17,5,60,29,2,1,1,6,DOZOL (AVENUE ANTHONY),0.0,0.0
201500010083,17,1,15,22,4,60,29,2,1,1,1,"37, VALLAURIS (AVENUE DE",43.5583,7.02708
201500010084,20,1,15,14,1,60,29,2,1,1,3,METROPOLE (BOULEVARD),0.0,0.0
201500010085,22,1,15,8,1,60,30,2,1,1,3,DOUMER (BOULEVARD PAUL),0.0,0.0
201500010086,23,1,15,17,1,60,29,2,1,1,6,"12, COTEAUX (AVENUE DES)",43.5667,7.02298
201500010087,27,1,15,17,1,60,30,2,1,1,3,JEANPIERRE (AVENUE MAURI,0.0,0.0
201500010088,2,2,15,8,1,60,30,2,1,1,6,"00, CACTUS (RUE DES)",0.0,0.0
201500010089,7,2,15,15,1,60,29,1,1,1,6,DIX HUIT JUIN (PLACE DU),0.0,0.0
201500010090,11,2,15,18,5,60,30,2,1,1,3,JEANPIERRE (AVENUE MAURI,0.0,0.0
201500010091,13,2,15,18,1,60,29,2,1,1,1,MIDI (BOULEVARD DU),0.0,0.0
201500010092,17,2,15,19,5,60,29,2,1,1,7,DIX HUIT JUIN (PLACE DU),0.0,0.0
201500010093,18,2,15,15,1,60,29,2,1,1,6,CROISETTE (BOULEVARD DE,0.0,0.0
201500010094,18,2,15,16,1,60,29,2,1,1,3,"00, MERIMEE (SQUARE)",0.0,0.0
201500010095,26,2,15,19,5,60,29,2,1,1,6,"00, MIDI (BOULEVARD DU)",0.0,0.0
201500010096,27,2,15,9,1,60,30,2,1,1,2,AUBAREDE (CHEMIN DE L'),0.0,0.0
201500010097,6,3,15,11,1,60,30,2,1,1,6,NORD (BOULEVARD DU),0.0,0.0
201500010098,9,3,15,11,1,60,29,2,1,1,7,"00, VAUTRIN (BOULEVARD D",0.0,0.0
201500010099,15,3,15,13,1,60,30,2,1,2,6,"19/21, SADI CARNOT (BOUL",0.0,0.0
201500010100,17,3,15,9,1,60,29,2,1,1,7,"10, CARNOT (BOULEVARD)",0.0,0.0
201500010101,17,3,15,15,1,60,29,2,1,1,6,VAUTRIN (BOULEVARD DU GE,0.0,0.0
201500010102,17,3,15,20,5,60,29,2,1,1,3,"24, MIDI (BOULEVARD DU)",0.0,0.0
201500010103,21,3,15,16,1,60,29,2,1,1,6,BROUSSAILLES (AVENUE DES,0.0,0.0
201500010104,24,3,15,18,2,60,30,2,1,1,3,"47, DOUMER (BOULEVARD PA",0.0,0.0
201500010105,26,3,15,12,1,60,30,2,1,1,6,FRANCE (RUE DE ),0.0,0.0
201500010106,26,3,15,13,1,60,29,2,1,1,3,"00, CLEMENCEAU (RUE GEOR",0.0,0.0
201500010107,26,3,15,16,1,60,29,2,1,1,6,ANTIBES (RUE D'),0.0,0.0
201500010108,27,3,15,9,1,60,29,1,1,1,3,RIVAGE (BOULEVARD DU),0.0,0.0
201500010109,27,3,15,23,5,60,29,2,1,1,6,CROISETTE (BOULEVARD DE,0.0,0.0
201500010110,29,3,15,20,5,60,29,2,1,1,3,"181, GRASSE (AVENUE DE)",0.0,0.0
201500010111,31,3,15,13,1,60,29,2,1,1,6,BUDIN (RUE DR),0.0,0.0
201500010112,2,4,15,14,1,60,30,2,1,1,2,"00, CACTUS (RUE DES)",43.57452,6.99976
201500010113,4,4,15,11,1,60,30,2,1,1,6,"290, CAMPON (RUE",43.57197,7.01358
201500010114,7,4,15,10,1,60,29,2,1,1,2,"55, POESIE (AVENUE PIERR",43.55335,6.96339
201500010115,8,4,15,8,1,60,29,2,1,1,6,"26, VERCORS (AVENUE DU)",43.55572,6.97326
201500010116,9,4,15,13,1,60,29,2,1,1,6,LEADER (BOULEVARD),0.0,0.0
201500010117,14,4,15,2,5,60,30,2,1,1,7,"61, VALBONNE (ROUTE  DE)",43.57943,7.01384
201500010118,15,4,15,16,1,60,29,2,1,1,6,HADDAD SIMON (RUE),43.5552,7.02321
201500010119,22,4,15,18,1,60,29,2,1,1,6,BORDE (AVENUE DE LA)(BOC,0.0,0.0
201500010120,25,4,15,13,1,60,29,2,1,1,2,"00, DIX HUIT JUIN (PLACE",43.55397,7.01708
201500010121,15,4,15,17,1,60,29,2,1,1,6,MIDI (BOULEVARD DU),0.0,0.0
201500010122,28,4,15,17,1,60,29,2,1,1,3,"00, ALSACE ( BOULEVARD D",43.55436,7.01987
201500010123,29,4,15,13,1,60,29,2,1,1,6,CROISETTE (BOULEVARD DE,43.55139,7.01751
201500010124,30,4,15,19,1,60,29,2,1,1,6,"24, PICAUD (AVENUE DR) B",0.0,0.0
201500010125,6,5,15,9,1,60,29,2,1,1,6,LEADER (BOULEVARD),0.0,0.0
201500010126,7,5,15,7,1,60,30,2,1,1,7,"4, NOIRCARME (RUE LIEUTE",0.0,0.0
201500010127,9,5,15,13,1,60,29,2,1,1,3,COTEAUX (AVENUE DES),0.0,0.0
201500010128,10,5,15,9,1,60,29,2,1,1,3,"18, MIDI (BOULEVARD DU)",0.0,0.0
201500010129,6,5,15,13,1,60,29,2,1,1,2,"71, JUIN (AVENUE MARECHA",0.0,0.0
201500010130,13,5,15,18,1,60,29,2,1,1,6,"170, VALLAURIS (AVENUE D",0.0,0.0
201500010131,14,5,15,15,1,60,29,2,1,1,6,"24, PICAUD (AVENUE DR) B",0.0,0.0
201500010132,14,5,15,17,1,60,29,2,1,1,6,"26, PICAUD (AVENUE DR) B",0.0,0.0
201500010133,17,5,15,20,1,60,29,2,1,1,6,TONNER (AVENUE FRANCIS),0.0,0.0
201500010134,19,5,15,7,1,60,30,2,1,1,7,"06, MOULIN (BOULEVARD JE",0.0,0.0
201500010135,19,5,15,8,1,60,29,2,1,1,7,MUSSET (RUE ALFRED DE),0.0,0.0
201500010136,19,5,15,15,1,60,29,2,1,1,6,ANCIENS COMBATTANTS D'AF,0.0,0.0
201500010137,20,5,15,9,1,60,30,2,1,1,3,DOUMER (BOULEVARD PAUL),0.0,0.0
201500010138,21,5,15,15,1,60,29,2,1,1,6,JUIN (AVENUE MARECHAL),0.0,0.0
201500010139,11,5,15,17,1,60,29,2,1,1,3,REPUBLIQUE (BOULEVARD DE,0.0,0.0
201500010140,26,5,15,8,1,60,30,2,1,1,3,"26, MOULIN (BOULEVARD JE",0.0,0.0
201500010141,26,5,15,23,5,60,29,2,1,1,6,"20, CLEMENCEAU (RUE GEOR",0.0,0.0
201500010142,27,5,15,8,1,60,30,2,1,1,3,SADI CARNOT (BOULEVARD),0.0,0.0
201500010143,29,5,15,7,1,60,29,2,1,1,6,"151, JUIN (AVENUE MARECH",0.0,0.0
201500010144,30,5,15,18,1,60,29,2,1,1,6,CEDRE (AVENUE DU),0.0,0.0
201500010145,1,6,15,12,1,60,29,2,1,1,3,"42, JUIN (AVENUE MARECHA",0.0,0.0
201500010146,2,6,15,8,1,60,30,2,1,1,6,CAUVIN (RUE GENERAL),0.0,0.0
201500010147,2,6,15,14,1,60,29,2,1,1,3,"00, CLEMENCEAU (RUE GEOR",0.0,0.0
201500010148,4,6,15,14,1,60,30,2,1,1,7,SADI CARNOT (BOULEVARD),0.0,0.0
201500010149,4,6,15,17,1,60,29,2,1,1,7,"77, JOURDAN (AVENUE MICH",0.0,0.0
201500010150,7,6,15,9,1,60,29,2,1,1,1,"62, CROIX DES GARDES (AV",0.0,0.0
201500010151,7,6,15,17,1,60,30,2,1,1,2,"76, ROOSEVELT (AVENUE FR",0.0,0.0
201500010152,8,6,15,10,1,60,30,2,1,1,4,"50, CAMPON (RUE",0.0,0.0
201500010153,8,6,15,18,1,60,29,2,1,1,7,"29, CARNOT (BOULEVARD)",0.0,0.0
201500010154,9,6,15,18,1,60,29,2,1,1,3,"175, JOURDAN (AVENUE MIC",0.0,0.0
201500010155,11,6,15,12,1,60,30,2,1,1,3,CARNOT (BOULEVARD),0.0,0.0
201500010156,11,6,15,23,5,60,29,2,1,1,6,CARNOT (BOULEVARD),0.0,0.0
201500010157,13,6,15,11,1,60,30,2,1,1,6,"3/5, DOUMER (BOULEVARD P",0.0,0.0
201500010158,16,6,15,17,1,60,29,2,1,1,7,"14, CROISETTE (BOULEVARD",0.0,0.0
201500010159,21,6,15,12,1,60,30,2,1,1,6,"00, FERRY (RUE JULES)",0.0,0.0
201500010160,22,6,15,3,5,60,29,2,1,1,7,PANTIERO (PROMENADE DE L,0.0,0.0
201500010161,24,6,15,9,1,60,30,2,1,1,6,"73, DOUMER (BOULEVARD PA",0.0,0.0
201500010162,24,6,15,7,1,60,29,2,1,1,3,"00, RIOU (BOULEVARD DU)",0.0,0.0
201500010163,24,6,15,19,1,60,29,2,1,1,6,MIDI (BOULEVARD DU),0.0,0.0
201500010164,26,6,15,15,1,60,29,2,1,1,7,"52, TONNER (AVENUE FRANC",0.0,0.0
201500010165,26,6,15,12,1,60,29,2,1,1,3,"260, JOURDAN (AVENUE MIC",0.0,0.0
201500010166,28,6,15,19,1,60,29,2,1,1,3,"74, JOURDAN (AVENUE MICH",0.0,0.0
201500010167,27,6,15,4,5,60,29,2,1,1,3,"15, BROUSSAILLES (AVENUE",0.0,0.0
201500010168,29,6,15,9,1,60,29,2,1,1,6,"159, TONNER (AVENUE FRAN",0.0,0.0
201500010169,29,6,15,13,1,60,29,2,2,1,3,CROISETTE (BOULEVARD DE,0.0,0.0
201500010170,5,7,15,19,1,60,29,2,1,1,6,MIDI (BOULEVARD DU),0.0,0.0
201500010171,8,7,15,14,1,60,30,2,1,7,3,"00, CARIMAI (RUE)",0.0,0.0
201500010172,11,7,15,18,1,60,29,2,1,1,2,"20, MIDI (BOULEVARD DU)",0.0,0.0
201500010173,11,7,15,19,1,60,29,2,1,1,7,"5, FIESOLE (AVENUE)",0.0,0.0
201500010174,14,7,15,11,1,60,30,2,1,7,7,"111, SADI CARNOT (BOULEV",0.0,0.0
201500010175,14,7,15,22,5,60,29,2,1,1,3,"156, LEADER (BOULEVARD)",0.0,0.0
201500010176,14,7,15,23,5,60,29,2,1,1,7,"18, MIDI (BOULEVARD DU)",0.0,0.0
201500010177,15,7,15,12,1,60,29,2,1,1,3,"52, BACHAGA SAID BOUALAM",0.0,0.0
201500010178,16,7,15,23,5,60,29,2,1,1,3,MIDI (BOULEVARD DU),0.0,0.0
201500010179,16,7,15,12,1,60,29,2,1,1,3,"18, MIDI (BOULEVARD DU)",0.0,0.0
201500010180,16,7,15,17,1,60,30,2,1,1,1,"28, MERMOZ (AVENUE JEAN)",0.0,0.0
201500010181,16,7,15,23,5,60,29,2,1,1,3,"32, LORRAINE (BOULEVARD",0.0,0.0
201500010182,17,7,15,0,5,60,29,2,1,1,3,VALLAURIS (AVENUE DE),0.0,0.0
201500010183,18,7,15,13,1,60,29,2,1,1,7,"26, MIDI (BOULEVARD DU)",0.0,0.0
201500010184,20,7,15,21,5,60,29,2,1,1,3,"13, LEADER (BOULEVARD)",0.0,0.0
201500010185,21,7,15,17,1,60,30,2,1,1,3,LACOUR (AVENUE),0.0,0.0
201500010186,22,7,15,10,1,60,30,2,1,1,3,"92, CARNOT (BOULEVARD)",0.0,0.0
201500010187,23,7,15,17,1,60,30,2,1,1,2,MASSENA (RUE) CANNET,0.0,0.0
201500010188,25,7,15,13,1,60,30,2,1,7,6,SERRA CAPEOU (RUE),0.0,0.0
201500010189,29,7,15,9,1,60,29,2,1,1,6,MIDI (BOULEVARD DU),0.0,0.0
201500010190,29,7,15,15,1,60,29,2,1,1,6,"00, CROISETTE (BOULEVARD",0.0,0.0
201500010191,1,8,15,15,1,60,29,2,1,1,6,ANDRE (RUE CDT),0.0,0.0
201500010192,12,8,15,12,1,60,29,2,3,1,6,BROUSSAILLES (AVENUE DES,0.0,0.0
201500010193,12,8,15,12,1,60,29,2,1,1,3,"4, ESTEREL (AVENUE DE L'",43.55613,7.04341
201500010194,14,8,15,11,1,60,29,2,3,1,3,COUVERTURE VOIE FERREE,0.0,0.0
201500010195,15,8,15,18,1,60,29,2,1,1,3,MIDI (BOULEVARD DU),0.0,0.0
201500010196,15,8,15,22,4,60,29,2,1,1,6,"90, CARNOT (BOULEVARD)",0.0,0.0
201500010197,21,8,15,17,1,60,29,2,1,1,2,"00, RIVAGE (BOULEVARD DU",0.0,0.0
201500010198,22,8,15,23,5,60,29,2,2,1,6,CARNOT (BOULEVARD),0.0,0.0
201500010199,17,8,15,10,1,60,29,2,1,1,3,"22, TONNER (AVENUE FRANC",0.0,0.0
201500010200,24,8,15,18,1,60,29,2,1,3,6,GRASSE (AVENUE DE),0.0,0.0
201500010201,17,8,15,11,1,60,29,2,1,1,6,BRET (AVENUE DU CDT),0.0,0.0
201500010202,31,8,15,1,5,60,29,2,3,1,6,ANTIBES (RUE D'),0.0,0.0
201500010203,31,8,15,8,1,60,29,2,1,1,2,LORRAINE (BOULEVARD DE),0.0,0.0
201500010204,31,8,15,11,1,60,29,2,1,1,6,"60, PICAUD (AVENUE DU DO",0.0,0.0
201500010205,31,8,15,18,1,60,29,2,1,1,2,PICAUD (AVENUE DR) BOCCA,0.0,0.0
201500010206,1,9,15,16,1,60,29,2,1,1,7,"83, CARNOT (BOULEVARD)",0.0,0.0
201500010207,6,9,15,1,5,60,29,2,1,1,1,"32, MIDI (BOULEVARD DU)",0.0,0.0
201500010208,6,9,15,17,1,60,29,2,1,1,2,"233, JOURDAN (AVENUE MIC",0.0,0.0
201500010209,7,9,15,20,5,60,30,2,1,1,6,"69A, ROOSEVELT (AVENUE F",0.0,0.0
201500010210,7,9,15,21,5,60,29,2,1,1,3,POESIE (AVENUE PIERRE),0.0,0.0
201500010211,8,9,15,8,1,60,30,2,1,1,2,"43, MERIMEE (RUE PROSPER",0.0,0.0
201500010212,8,9,15,13,1,60,30,2,1,1,2,FOUR A CHAUX (BD DU),0.0,0.0
201500010213,8,9,15,14,1,60,29,2,1,1,3,CLEMENCEAU (RUE GEORGES),0.0,0.0
201500010214,14,9,15,21,5,60,29,2,1,1,2,"00, PICAUD (AVENUE DU DO",0.0,0.0
201500010215,18,9,15,9,1,60,30,2,1,1,7,SADI CARNOT (BOULEVARD),0.0,0.0
201500010216,18,9,15,14,1,60,29,2,1,7,7,"109, CARNOT (BOULEVARD)",0.0,0.0
201500010217,20,9,15,8,1,60,29,2,1,1,3,MIDI (BOULEVARD DU),0.0,0.0
201500010218,22,9,15,10,1,60,29,2,1,1,6,"00, LEADER (BOULEVARD)",0.0,0.0
201500010219,26,9,15,18,1,60,29,2,1,1,3,"00, JOURDAN (AVENUE MICH",0.0,0.0
201500010220,26,9,15,22,5,60,29,2,1,1,2,"00, FERRAGE (BOULEVARD D",0.0,0.0
201500010221,3,10,15,7,1,60,29,2,1,1,3,"00, COUBERTIN (AVENUE PI",0.0,0.0
201500010222,14,10,15,18,2,60,29,2,1,1,6,"00, MIDI (BOULEVARD DU)",0.0,0.0
201500010223,21,10,15,12,1,60,30,2,1,1,6,"110, SADI CARNOT (BOULEV",0.0,0.0
201500010224,21,10,15,16,1,60,29,2,1,1,3,"25, PICAUD (AVENUE DU DO",0.0,0.0
201500010225,27,10,15,13,1,60,29,2,1,1,2,FERRAGE (BOULEVARD DE LA,0.0,0.0
201500010226,27,10,15,20,5,60,29,2,1,1,6,"13, BROUSSAILLES (AVENUE",0.0,0.0
201500010227,29,10,15,18,5,60,29,2,1,1,6,"53, PICAUD (AVENUE DR) B",0.0,0.0
201500010228,1,11,15,16,1,60,29,2,1,1,6,MIDI (BOULEVARD DU),0.0,0.0
201500010229,9,11,15,8,1,60,29,2,1,1,3,PICAUD (AVENUE DU DOCTEU,0.0,0.0
201500010230,12,11,15,8,1,60,29,2,1,1,3,HIBERT (BOULEVARD JEAN),0.0,0.0
201500010231,15,11,15,19,5,60,29,2,1,1,2,"00, ANCIENS COMBATTANTS",0.0,0.0
201500010232,19,11,15,15,1,60,29,2,1,1,3,"00, HIBERT (BOULEVARD JE",0.0,0.0
201500010233,24,11,15,10,1,60,29,2,1,1,6,PICAUD (AVENUE DR) BOCCA,0.0,0.0
201500010234,25,11,15,18,5,60,29,2,1,1,7,"21, CARNOT (BOULEVARD)",0.0,0.0
201500010235,27,11,15,15,1,60,29,2,1,1,6,"76, TONNER (AVENUE FRANC",0.0,0.0
201500010236,27,11,15,19,5,60,29,2,1,1,3,"00, CROISETTE (BOULEVARD",0.0,0.0
201500010237,2,12,15,10,1,60,29,2,1,1,6,"15, MONTE-CARLO (AVENUE)",0.0,0.0
201500010238,3,12,15,8,1,60,29,2,1,1,7,DE GAULLE (PLACE DU GENE,0.0,0.0
201500010239,3,12,15,17,2,60,29,2,2,1,2,COUBERTIN (AVENUE PIERRE,0.0,0.0
201500010240,7,12,15,12,1,60,29,2,1,1,2,"41, PICAUD (AVENUE DR) B",0.0,0.0
201500010241,9,12,15,11,1,60,29,2,3,1,6,NOUVEAU (RUE LOUIS),0.0,0.0
201500010242,12,12,15,19,5,60,30,2,1,1,3,"42, CAMPELIERES (CHEMIN",0.0,0.0
201500010243,12,12,15,13,1,60,29,2,1,1,2,MIDI (BOULEVARD DU),0.0,0.0
201500010244,11,12,15,17,5,60,30,2,1,1,6,REPUBLIQUE (RUE DE LA),0.0,0.0
201500010245,13,12,15,21,5,60,29,2,1,1,6,"82, ROUBINE (AVENUE DE L",0.0,0.0
201500010246,17,12,15,7,2,60,29,2,2,1,3,JOURDAN (AVENUE MICHEL),0.0,0.0
201500010247,21,12,15,8,1,60,29,2,1,1,6,"15TER, RIOU (BOULEVARD D",0.0,0.0
201500010248,23,12,15,3,5,60,29,2,1,1,6,"67, CROISETTE (BOULEVARD",0.0,0.0
201500010249,25,12,15,16,1,60,29,2,1,1,3,ALSACE ( BOULEVARD D'),0.0,0.0
201500010250,28,12,15,11,1,60,29,2,1,1,6,JUIN (AVENUE MARECHAL),0.0,0.0
201500010251,30,12,15,18,2,60,29,2,1,1,6,"31, JOURDAN (AVENUE MICH",0.0,0.0
201500010252,21,3,15,0,5,60,69,2,1,1,7,"60, VICTOR HUGO  (BD)",0.0,0.0
201500010253,2,1,15,18,5,60,69,1,1,1,7,"188, DRAGUIGNAN (ROUTE D",43.64416,6.89861
201500010254,23,3,15,17,1,60,69,2,1,1,6,"54, CAPUCINS (CHEMIN ET",0.0,0.0
201500010255,3,1,15,21,5,60,69,1,1,1,6,"44, SCHLEY (BOULEVARD)",43.65997,6.90204
201500010256,31,3,15,16,1,60,69,2,1,1,4,"39, SIDI BRAHIM (AVENUE)",0.0,0.0
201500010257,6,1,15,16,1,60,69,2,1,1,6,"137, CHEVREFEUILLES (CHE",43.6299,6.92529
201500010258,2,4,15,0,5,60,69,2,4,1,7,"54, CHEVREFEUILLES (CHEM",43.63728,6.92402
201500010259,14,1,15,14,1,60,69,2,1,1,6,"42 BIS, SIDI BRAHIM (AVE",43.6495,6.9328
201500010260,2,4,15,7,1,60,69,2,1,1,6,"6, CARNOT (BOULEVARD ET",43.6564,6.92263
201500010261,16,1,15,9,1,60,69,2,1,2,7,"143, TOURACHE (CHEMIN DE",43.6238,6.93338
201500010262,4,4,15,15,1,60,69,2,1,2,1,"5, RENOIR (AVENUE AUGUST",43.67979,6.94867
201500010263,16,1,15,10,1,60,69,1,1,2,6,"120, PASTEUR (BOULEVARD)",43.6647,6.90375
201500010264,16,1,15,14,1,60,69,2,1,2,6,COMTESSES (CHEMIN ET TRA,0.0,0.0
201500010265,5,4,15,0,5,60,69,2,1,2,3,CHEVREFEUILLES (CHEMIN D,43.63875,6.92192
201500010266,19,1,15,7,5,60,69,2,1,2,6,"0, SIDI BRAHIM (AVENUE)",0.0,0.0
201500010267,7,4,15,17,1,60,69,2,1,1,1,"74, DRAGONNIERE (CHEMIN",43.67415,6.95523
201500010268,7,4,15,10,1,60,69,2,1,1,2,CRESP (COURS HONORE),43.65722,6.92081
201500010269,22,1,15,15,1,60,69,2,1,1,1,"21, CAPUCINS (CHEMIN ET",43.6532,6.92903
201500010270,23,1,15,9,1,60,69,2,1,1,6,"15, SAINT ANTOINE (PLACE",0.0,0.0
201500010271,8,4,15,7,1,60,69,2,1,1,3,"X, CASTORS (CHEMIN DES)",43.64153,6.93288
201500010272,8,4,15,9,1,60,69,2,1,1,3,DRAGUIGNAN (ROUTE DE) -,43.64317,6.90377
201500010273,23,1,15,16,2,60,69,2,1,1,1,"16, LECLERC (BOULEVARD D",43.6499,6.91885
201500010274,24,1,15,9,1,60,69,2,1,1,3,"x, PAGNOL (BOULEVARD MAR",0.0,0.0
201500010275,8,4,15,12,1,60,69,1,1,1,7,"76, DE LATTRE DE TASSIGN",43.64851,6.92954
201500010276,9,4,15,9,1,60,69,2,7,1,6,"31, CAUVIN (AVENUE LOUIS",43.64171,6.95961
201500010277,25,1,15,20,5,60,69,2,1,1,2,"58, DRAGUIGNAN (ROUTE DE",43.6426,6.90773
201500010278,31,1,15,10,1,60,69,2,1,1,4,"131, CANNES (ROUTE DE)",43.63667,6.95121
201500010279,11,4,15,8,1,60,69,2,1,1,7,"164, PEGOMAS (ROUTE DE)",43.63184,6.93149
201500010280,31,1,15,18,5,60,69,2,1,1,2,"2, SAINT EXUPERY (AVENUE",43.66006,6.93015
201500010281,13,4,15,7,1,60,69,2,1,1,7,"X, CAPUCINS (CHEMIN ET I",43.65279,6.92984
201500010282,2,2,15,16,1,60,69,2,1,1,6,"x, SEMARD (AVENUE PIERRE",0.0,0.0
201500010283,14,4,15,8,1,60,69,2,9,1,7,"56, CASTORS (CHEMIN DES)",43.64135,6.9331
201500010284,4,2,15,15,1,60,69,1,1,2,6,NAPOLEON (ROUTE),0.0,0.0
201500010285,14,4,15,14,1,60,69,2,1,1,3,"34, GAMBETTA (BOULEVARD",43.66088,6.92537
201500010286,6,2,15,8,1,60,69,2,1,8,2,"46, POMPIDOU (AVENUE GEO",0.0,0.0
201500010287,15,4,15,19,2,60,69,2,1,1,6,"12, SAINT MATHIEU (ROUTE",43.65603,6.93017
201500010288,10,2,15,7,1,60,69,2,6,1,2,"x, CHASSEURS ALPINS (RON",0.0,0.0
201500010289,16,4,15,16,1,60,69,1,1,1,2,"78, ROUQUIER (BOULEVARD",0.0,0.0
201500010290,10,2,15,16,1,60,69,2,1,1,4,MARIGARDE (ROUTE DE LA),0.0,0.0
201500010291,16,4,15,17,1,60,69,1,1,1,7,"x, CANNES (ROUTE DE)  -R",0.0,0.0
201500010292,11,2,15,18,5,60,69,2,1,1,3,"18, ONZE NOVEMBRE (RUE D",0.0,0.0
201500010293,19,4,15,18,1,60,69,2,1,1,3,"17, CANNES (ROUTE DE)  -",0.0,0.0
201500010294,11,2,15,20,5,60,69,2,1,1,2,"X, SIDI BRAHIM (AVENUE)",0.0,0.0