Num_Acc,jour,mois,an,hr,condition_eclairage,departement,commune,condition_agglomeration,intersection,condition_atmosphere,type_collision,adresse,lattitude,longitude
201500010295,20,4,15,10,1,60,69,1,1,1,6,"X, ASPRES (CHEMIN D')",43.59303,6.95912
201500010296,13,2,15,13,1,60,69,2,1,8,1,"23, MARIGARDE (ROUTE DE",0.0,0.0
201500010297,20,4,15,14,1,60,69,2,1,1,2,", MISTRAL (AVENUE ET PLA",43.64315,6.91442
201500010298,16,2,15,17,1,60,69,2,1,1,2,"43, ORME (CHEMIN DE L')",0.0,0.0
201500010299,21,4,15,16,1,60,69,2,1,1,1,"x, SAINT MATHIEU (ROUTE",0.0,0.0
201500010300,19,2,15,15,1,60,69,2,1,1,2,"4, MARIGARDE (ROUTE DE L",0.0,0.0
201500010301,22,4,15,10,1,60,69,2,1,1,3,"x, FRAGONARD (BOULEVARD",0.0,0.0
201500010302,22,2,15,9,1,60,69,2,1,1,6,"222, DRAGUIGNAN (ROUTE D",0.0,0.0
201500010303,22,4,15,19,1,60,69,2,1,1,3,"24, SIDI BRAHIM (AVENUE)",0.0,0.0
201500010304,22,2,15,11,1,60,69,2,1,1,1,"174, SAINT MATHIEU (ROUT",0.0,0.0
201500010305,27,4,15,9,1,60,69,2,1,3,5,"222, DRAGUIGNAN (ROUTE D",0.0,0.0
201500010306,24,2,15,12,1,60,69,2,3,1,3,"X, MARCEL PAGNOL (AVENUE",0.0,0.0
201500010307,27,4,15,10,1,60,69,2,1,2,6,Pénétrante,0.0,0.0
201500010308,24,2,15,16,1,60,69,2,1,1,7,"53, RENOIR (AVENUE AUGUS",0.0,0.0
201500010309,7,5,15,13,1,60,69,2,1,1,6,"66, VICTOR HUGO  (BD)",0.0,0.0
201500010310,26,2,15,18,3,60,69,2,1,1,6,"73, SIDI BRAHIM (AVENUE)",0.0,0.0
201500010311,11,5,15,10,1,60,69,2,6,1,6,"53, SIDI BRAHIM (AVENUE)",0.0,0.0
201500010312,8,3,15,3,5,60,69,2,1,1,7,"10, NAPOLEON (ROUTE)",43.65846,6.92032
201500010313,11,5,15,17,1,60,69,2,1,1,2,Rd point des Quatre Chem,0.0,0.0
201500010314,9,3,15,15,1,60,69,1,1,1,1,"8, NAPOLEON (ROUTE)",0.0,0.0
201500010315,11,5,15,17,1,60,69,1,1,1,7,PEGOMAS (ROUTE DE),0.0,0.0
201500010316,5,3,15,15,1,60,69,2,1,1,6,"1, CLEMENCEAU (BOULEVARD",0.0,0.0
201500010317,12,5,15,18,1,60,69,1,1,1,4,MARIGARDE (ROUTE DE LA),0.0,0.0
201500010318,11,3,15,8,1,60,69,2,3,1,3,"61, SIDI BRAHIM (AVENUE)",0.0,0.0
201500010319,15,5,15,8,1,60,69,2,1,1,1,"109, PLASCASSIER (route",0.0,0.0
201500010320,11,3,15,19,5,60,69,2,1,1,7,"320, DRAGUIGNAN (ROUTE D",0.0,0.0
201500010321,18,5,15,11,1,60,69,2,1,1,7,"X, VINGT QUATRE AOUT - P",0.0,0.0
201500010322,13,3,15,15,1,60,69,2,1,1,7,"25, DE LATTRE DE TASSIGN",0.0,0.0
201500010323,19,5,15,9,1,60,69,2,1,1,7,"22, PALAIS DE JUSTICE (R",0.0,0.0
201500010324,13,3,15,17,1,60,69,2,1,1,3,ORME (CHEMIN DE L'),0.0,0.0
201500010325,19,5,15,12,1,60,69,2,3,1,3,"103, PAOUTE (ROUTE ET TR",0.0,0.0
201500010326,13,3,15,22,5,60,69,2,1,1,7,"8, JEAN XXIII (AVENUE)",0.0,0.0
201500010327,19,5,15,21,5,60,69,2,1,1,6,"47, DE LATTRE DE TASSIGN",0.0,0.0
201500010328,15,3,15,21,5,60,69,2,1,1,6,"1, DE LATTRE DE TASSIGNY",0.0,0.0
201500010329,21,5,15,9,1,60,69,2,1,1,6,"7, AURIBEAU (ROUTE D') -",0.0,0.0
201500010330,18,3,15,13,1,60,69,2,1,1,7,"116, CANNES (ROUTE DE)",0.0,0.0
201500010331,23,5,15,9,1,60,69,2,1,1,2,"X, CHIRIS (AVENUE, IMPAS",43.65658,6.93026
201500010332,21,5,15,10,1,60,69,2,1,1,2,"60, VICTOR HUGO  (BD)",0.0,0.0
201500010333,22,3,15,10,1,60,69,2,1,2,1,"216, DRAGUIGNAN (ROUTE D",0.0,0.0
201500010334,28,5,15,15,1,60,69,2,1,1,6,AURIBEAU (ROUTE D') -D60,0.0,0.0
201500010335,22,3,15,14,1,60,69,2,1,2,6,"38, VICTORIA (AVENUE ET",0.0,0.0
201500010336,29,5,15,7,1,60,69,1,1,1,6,"252, PLASCASSIER - MOULI",0.0,0.0
201500010337,29,5,15,14,1,60,69,1,1,1,3,"113, SCHLEY (BOULEVARD)",0.0,0.0
201500010338,3,6,15,12,1,60,69,2,1,1,2,"48, DE LATTRE DE TASSIGN",43.6486,6.92575
201500010339,4,6,15,14,1,60,69,2,1,1,1,"169, DRAGUIGNAN (ROUTE D",0.0,0.0
201500010340,4,6,15,12,1,60,69,2,1,1,3,"150, RENOIR (AVENUE AUGU",0.0,0.0
201500010341,3,6,15,14,1,60,69,2,1,1,2,"X, LIONS (AVENUE HONORE)",0.0,0.0
201500010342,5,6,15,20,2,60,69,2,1,1,6,Place César Ossola,0.0,0.0
201500010343,8,6,15,11,1,60,69,2,1,1,6,"49, MARIGARDE (ROUTE DE",0.0,0.0
201500010344,9,6,15,12,1,60,69,2,6,1,1,FOUX (PLACE DE LA),0.0,0.0
201500010345,11,6,15,21,5,60,69,2,1,1,7,DRAGUIGNAN (ROUTE DE) -,0.0,0.0
201500010346,12,6,15,4,1,60,69,1,1,1,7,PEGOMAS (ROUTE DE),0.0,0.0
201500010347,12,6,15,10,1,60,69,2,1,2,7,ORME (CHEMIN DE L'),0.0,0.0
201500010348,16,6,15,16,1,60,69,2,1,2,7,"x, ORME (CHEMIN DE L')",0.0,0.0
201500010349,18,6,15,14,1,60,69,2,1,1,1,"64, CANNES (ROUTE DE)  -",43.64147,6.94443
201500010350,20,6,15,10,1,60,69,2,1,2,2,"x, PEGOMAS (ROUTE DE)",43.6414,6.93697
201500010351,20,6,15,16,1,60,69,2,1,1,1,"x, PEGOMAS (ROUTE DE)",43.6231,6.92612
201500010352,20,6,15,15,1,60,69,2,6,1,3,"x, SIDI BRAHIM (AVENUE)",43.64976,6.9316
201500010353,26,6,15,14,1,60,69,2,1,1,7,"X, VINGT QUATRE AOUT (PL",43.6401,6.97893
201500010354,27,6,15,22,5,60,69,2,1,1,7,"77, BASSES MOULIERES (CH",43.6332,6.91721
201500010355,30,6,15,18,1,60,69,2,3,1,3,"245, PEGOMAS (ROUTE DE)",43.6254,6.92744
201500010356,5,7,15,20,1,60,69,2,1,1,6,"28, VICTOR HUGO  (BD)",43.6545,6.91872
201500010357,7,7,15,11,1,60,69,2,1,1,2,"1, PAGNOL (BOULEVARD MAR",0.0,0.0
201500010358,9,7,15,19,1,60,69,2,1,1,6,"77, CHENES (CHEMIN DES)",43.63737,3.0
201500010359,16,7,15,2,5,60,69,2,1,1,6,"25, DE LATTRE DE TASSIGN",43.64905,6.92393
201500010360,16,7,15,15,1,60,69,2,1,1,1,"8, PAOUTE (ROUTE ET TRAV",0.0,0.0
201500010361,22,7,15,22,5,60,69,2,1,1,1,"101, SAINT LAURENT (AVEN",0.0,0.0
201500010362,23,7,15,6,2,60,69,2,1,1,6,"x, PEGOMAS (ROUTE DE)",43.63162,6.93184
201500010363,23,7,15,14,1,60,69,2,1,1,1,"20, SEMARD (AVENUE PIERR",43.6558,6.92442
201500010364,25,7,15,19,1,60,69,2,1,1,1,MARIGARDE (ROUTE DE LA),43.6551,6.94197
201500010365,27,7,15,11,1,60,69,2,1,1,1,"67, LIBERATION (AVENUE D",0.0,0.0
201500010366,26,7,15,19,1,60,69,1,1,1,1,"141, KENNEDY (BOULEVARD",43.6677,6.92903
201500010367,27,7,15,19,1,60,69,2,1,1,3,"28, POMPIDOU (AVENUE GEO",43.6484,6.93542
201500010368,29,7,15,8,1,60,69,2,1,1,7,"X, LIBERATION (AVENUE DE",0.0,0.0
201500010369,29,7,15,8,1,60,69,2,1,1,7,"X, LIBERATION (AVENUE DE",43.64914,6.91745
201500010370,30,7,15,12,1,60,69,2,1,1,2,"1, PAGNOL (BOULEVARD MAR",43.64518,6.94139
201500010371,30,7,15,14,1,60,69,2,1,1,7,CABRIS (ROUTE DE),43.66752,6.88782
201500010372,2,8,15,4,5,60,69,2,6,1,7,MISTRAL (AVENUE ET PLACE,43.6417,6.91164
201500010373,4,8,15,14,1,60,69,2,9,1,3,"x, CLEMENCEAU (BOULEVARD",43.66457,6.91932
201500010374,10,8,15,19,1,60,69,2,1,1,5,"120, LIBERATION (AVENUE",43.64215,6.91201
201500010375,10,8,15,17,1,60,69,1,1,1,2,"x, CAMPEROUSSE (CHEMIN D",43.38164,7.116
201500010376,12,8,15,22,5,60,69,2,1,1,3,"24, HUGO (BOULEVARD ET T",43.65447,6.91873
201500010377,14,8,15,15,1,60,69,1,1,2,6,"PR57, Pénétrante",0.0,0.0
201500010378,14,8,15,17,1,60,69,2,1,2,6,"102, JEAN XXIII (AVENUE)",43.663,6.9395
201500010379,17,8,15,1,5,60,69,2,1,1,1,AURIBEAU (ROUTE D') -D60,0.0,0.0
201500010380,17,8,15,15,1,60,69,2,6,1,3,"X, SANTON (CHEMIN DU)",0.0,0.0
201500010381,19,8,15,18,1,60,69,2,1,1,7,"29, BELLETRUD (BOULEVARD",0.0,0.0
201500010382,23,8,15,10,1,60,69,2,1,8,1,"61, BASTIDES (CHEMIN DES",43.63923,6.92779
201500010383,24,8,15,11,1,60,69,2,1,1,6,"4, JEU DE BALLON (BOULEV",43.65693,6.92022
201500010384,24,8,15,18,1,60,69,2,1,2,4,"306, CANNES (ROUTE DE)",0.0,0.0
201500010385,26,8,15,19,1,60,69,2,1,1,7,"73, JEAN XXIII (AVENUE)",0.0,0.0
201500010386,27,8,15,14,1,60,69,2,1,1,1,"x, CASTELARAS (CHEMIN DU",0.0,0.0
201500010387,27,8,15,16,1,60,69,2,1,1,2,PAOUTE (ROUTE ET TRAVERS,0.0,0.0
201500010388,28,8,15,18,1,60,69,2,1,1,6,"5, PEGOMAS (ROUTE DE)",43.64477,6.93966
201500010389,30,8,15,21,2,60,69,1,1,1,7,"45, SCHLEY (BOULEVARD)",43.6585,6.90308
201500010390,2,9,15,20,5,60,69,2,1,1,7,"12, CANNES (ROUTE DE)  -",43.64468,6.94195
201500010391,3,9,15,10,1,60,69,2,1,1,6,"x, PLAN (ROUTE DU) -D304",0.0,0.0
201500010392,3,9,15,11,1,60,69,2,1,1,7,"144, CANNES (ROUTE DE)",0.0,0.0
201500010393,7,9,15,7,1,60,69,2,1,1,1,"132, LIBERATION (AVENUE",43.64093,6.91048
201500010394,7,9,15,23,5,60,69,2,1,1,6,"38, VICTORIA (AVENUE ET",43.6633,6.92953
201500010395,8,9,15,17,1,60,69,2,3,1,3,MAURES ET DES ADRETS (CH,0.0,0.0
201500010396,10,9,15,18,1,60,69,2,1,1,2,"144, SEMARD - LA GARE (A",43.6534,6.92514
201500010397,9,9,15,20,1,60,69,2,1,1,7,"41, VALBONNE (ROUTE)",0.0,0.0
201500010398,16,9,15,8,1,60,69,2,3,1,3,"x, SIDI BRAHIM (AVENUE)",43.64938,6.9333
201500010399,16,9,15,13,1,60,69,2,1,8,2,"144, SEMARD (AVENUE PIER",43.65621,6.93001
201500010400,17,9,15,17,1,60,69,2,6,8,2,"x, ORME (CHEMIN DE L')",43.64534,6.94493
201500010401,18,9,15,13,1,60,69,2,1,1,5,"17, TASSIGNY (AVENUE DEL",0.0,0.0
201500010402,19,9,15,23,5,60,69,2,1,1,5,"115, CANNES (ROUTE DE)",43.638,6.95081
201500010403,21,9,15,17,1,60,69,2,1,1,7,"x, SIDI BRAHIM (AVENUE)",43.64715,6.94009
201500010404,21,9,15,20,5,60,69,2,1,1,3,"62, CHENES (CHEMIN DES)",43.64038,6.91828
201500010405,22,9,15,8,1,60,69,2,1,1,1,Route de PLASCASSIER,43.65327,6.94863
201500010406,23,9,15,7,1,60,69,2,1,1,3,"2, PAGNOL (BOULEVARD MAR",43.64525,6.9409
201500010407,23,9,15,18,1,60,69,2,1,7,1,"216, SAINT MATHIEU (ROUT",43.65973,6.95296
201500010408,28,9,15,13,1,60,69,2,1,1,2,"87, CANNES (ROUTE DE)  -",43.64046,6.94821
201500010409,29,9,15,16,1,60,69,2,1,1,1,"30, DRAGONNIERE (CHEMIN",43.67807,6.9574
201500010410,30,9,15,2,3,60,69,1,1,1,7,"x, NAPOLEON (ROUTE)",0.0,0.0
201500010411,1,10,15,16,1,60,69,2,1,1,2,"x, HALTE (ROND-POINT)",43.64187,6.91129
201500010412,2,10,15,9,1,60,69,1,1,1,6,"59, ORME (CHEMIN DE L')",0.0,0.0
201500010413,2,10,15,15,1,60,69,1,1,3,6,Pénétrante,43.63148,6.94705
201500010414,6,10,15,18,1,60,69,1,1,1,7,"x, COPERNIC (AVENUE NICO",43.66464,6.91582
201500010415,9,10,15,18,2,60,69,1,1,1,6,NAPOLEON (ROUTE),43.67514,6.90003
201500010416,12,10,15,16,1,60,69,2,1,2,2,"x, AUTRANT (BOULEVARD DU",43.66219,6.93427
201500010417,13,10,15,18,2,60,69,2,1,1,3,Place César Ossola,43.65827,6.9258
201500010418,13,10,15,19,2,60,69,2,1,1,7,"17, SANTON (CHEMIN DU)",0.0,0.0
201500010419,16,10,15,16,1,60,69,2,1,1,6,"6, MIRABEAU (RUE)",43.65746,6.9233
201500010420,16,10,15,17,1,60,69,2,1,1,6,"132, LIBERATION (AVENUE",43.64098,6.91045
201500010421,18,10,15,17,1,60,69,1,1,5,6,PASTEUR (BOULEVARD),43.66633,6.90186
201500010422,19,10,15,6,5,60,69,2,3,8,3,"x, PEGOMAS (ROUTE DE)",43.6448,6.93975
201500010423,15,10,15,14,1,60,69,2,1,1,3,"x, SAINT MARC - LE PLAN",0.0,0.0
201500010424,23,10,15,19,3,60,69,2,1,1,4,"61, DRAGUIGNAN (ROUTE DE",43.64276,6.90798
201500010425,24,10,15,1,5,60,69,2,1,1,6,"23, BAUDOIN (AVENUE YVES",43.6578,6.91889
201500010426,24,10,15,21,5,60,69,2,2,1,3,"98, DE LATTRE DE TASSIGN",43.6491,6.92339
201500010427,25,10,15,8,1,60,69,2,1,1,6,"1, SEMARD (AVENUE PIERRE",43.65436,6.92159
201500010428,28,10,15,8,1,60,69,2,1,2,3,"X, SEMARD (AVENUE PIERRE",43.65621,6.9306
201500010429,28,10,15,15,1,60,69,1,1,3,6,"110, PASTEUR (BOULEVARD)",43.66608,6.90068
201500010430,29,10,15,10,1,60,69,2,1,1,4,"52, TASSIGNY (AVENUE DEL",43.6481,6.92709
201500010431,3,11,15,13,1,60,69,2,1,2,6,"222, DRAGUIGNAN (ROUTE D",0.0,0.0
201500010432,4,11,15,3,5,60,69,2,1,1,1,"x, DRAGUIGNAN (ROUTE DE)",0.0,0.0
201500010433,4,11,15,9,1,60,69,2,9,1,3,"x, THIERS (AVENUE)",43.66126,6.92267
201500010434,4,11,15,9,1,60,69,2,1,1,1,"x, RENOIR (AVENUE AUGUST",43.68136,6.96713
201500010435,5,11,15,8,1,60,69,2,1,1,7,"X, AURIBEAU (ROUTE D') -",43.63646,6.91083
201500010436,6,11,15,17,5,60,69,2,1,1,2,MOULIN DE BRUN (CHEMIN E,43.65375,6.94431
201500010437,8,11,15,6,2,60,69,2,1,1,7,"222, DRAGUIGNAN (ROUTE D",43.64524,6.89466
201500010438,9,11,15,10,1,60,69,2,1,1,6,"4, CAPUCINS (CHEMIN ET I",0.0,0.0
201500010439,10,11,15,10,1,60,69,2,1,1,1,"213, PEGOMAS (ROUTE DE)",43.62864,6.92865
201500010440,13,11,15,7,1,60,69,2,1,1,2,"42, PAGNOL (BOULEVARD MA",43.64488,6.94609
201500010441,13,11,15,8,1,60,69,2,1,1,6,"x, ROUQUIER (BOULEVARD E",0.0,0.0
201500010442,13,11,15,15,1,60,69,2,6,1,5,"X, SIDI BRAHIM (AVENUE)",43.64957,6.93168
201500010443,17,11,15,8,1,60,69,2,1,8,7,"x, RIOU BLANQUET (AVENUE",43.6654,6.93521
201500010444,17,11,15,17,2,60,69,2,1,1,1,"x, PEGOMAS (ROUTE DE)",0.0,0.0
201500010445,18,11,15,20,5,60,69,2,1,1,1,"50, PEGOMAS (ROUTE DE)",43.64184,6.93767
201500010446,24,11,15,15,1,60,69,2,1,1,6,"15, LECLERC (BOULEVARD D",43.65023,6.92006
201500010447,25,11,15,9,1,60,69,2,1,1,7,"48, RIOU BLANQUET (AVENU",0.0,0.0
201500010448,27,11,15,8,1,60,69,2,1,1,6,"76, VICTOR HUGO  (BD)",0.0,0.0
201500010449,29,11,15,1,5,60,69,2,1,1,7,"1, VICTORIA (AVENUE ET T",0.0,0.0
201500010450,30,11,15,9,1,60,69,2,1,1,7,"14, CIGALES (CHEMIN DES)",43.63404,6.90813
201500010451,30,11,15,17,3,60,69,2,1,1,6,"44, MOUANS (ROUTE DE)",43.6358,6.97378
201500010452,1,12,15,7,2,60,69,2,1,1,7,"144, SEMARD - LA GARE (A",43.65364,6.9252
201500010453,1,12,15,11,1,60,69,2,1,1,7,"1, CRESP (COURS HONORE)",43.65692,6.92022
201500010454,2,12,15,9,1,60,69,2,1,1,6,"x, SIDI BRAHIM (AVENUE)",43.6487,6.93657
201500010455,2,12,15,22,5,60,69,2,1,1,7,"x, PEGOMAS (ROUTE DE)",0.0,0.0
201500010456,3,12,15,13,1,60,69,2,1,1,3,"x, PEGOMAS (ROUTE DE)",43.64157,6.93647
201500010457,5,12,15,18,5,60,69,2,1,2,7,"89, DRAGUIGNAN (ROUTE DE",0.0,0.0
201500010458,7,12,15,13,1,60,69,2,1,2,7,"24, JEU DE BALLON (BOULE",43.65758,6.92109
201500010459,8,12,15,7,2,60,69,2,1,8,1,"143, AURIBEAU (ROUTE D')",0.0,0.0
201500010460,8,12,15,8,1,60,69,1,1,8,6,"249, PEGOMAS (ROUTE DE)",0.0,0.0
201500010461,14,12,15,9,1,60,69,2,1,1,5,"209, PLASCASSIER (route",43.67146,6.98889
201500010462,16,12,15,15,1,60,69,2,1,1,4,"150, DRAGUIGNAN (ROUTE D",43.64513,6.90124
201500010463,17,12,15,18,5,60,69,2,1,1,2,"52, SIDI BRAHIM (AVENUE)",0.0,0.0
201500010464,19,12,15,19,5,60,69,2,6,1,6,"X, MARIGARDE (ROUTE DE L",43.65499,6.39653
201500010465,21,12,15,20,5,60,69,2,1,1,6,"103, LIBERATION (AVENUE",43.64202,6.91147
201500010466,22,12,15,21,5,60,69,2,1,1,7,"15, LIBERATION (AVENUE D",43.64788,6.91661
201500010467,24,12,15,12,1,60,69,1,1,1,4,CANNES (ROUTE DE)  -RD 6,43.63177,6.95669
201500010468,25,12,15,21,5,60,69,2,1,1,2,"3, PLAN (ROUTE DU) -D304",43.65313,6.94566
201500010469,26,12,15,14,1,60,69,2,6,1,7,JEU DE BALLON (BOULEVARD,43.66018,6.92249
201500010470,28,12,15,7,2,60,69,2,1,1,7,"18, DE GAULLE (AVENUE DU",43.65533,6.91729
201500010471,30,12,15,13,1,60,69,2,1,1,4,"132, ROUQUIER (BOULEVARD",43.63429,6.93941
201500010472,17,6,15,7,1,60,83,2,3,1,6,"2, BOSANO (RUE LIEUTENAN",43.46,7.3
201500010473,24,6,15,14,1,60,104,2,1,1,1,"112, AZUR (AVENUE DE LA",43.7631,7.4547
201500010474,5,7,15,2,5,60,83,2,1,1,6,"53, BONAPARTE (QUAI)",43.7784,7.5072
201500010475,30,12,15,8,2,60,83,2,1,1,6,"12, IBANEZ (AVENUE BLASC",43.7856,7.5077
201500010476,7,7,15,22,5,60,83,2,6,1,3,"73, CERNUSCHI (AVENUE)",43.7755,7.4812
201500010477,3,7,15,19,1,60,104,1,1,1,6,AZUR (AVENUE DE LA COTE,43.76253,7.45519
201500010478,9,7,15,21,2,60,83,2,3,1,3,"29, CERNUSCHI (AVENUE)",43.771,7.492
201500010479,13,12,15,14,1,60,104,2,1,1,2,JAURES (AVENUE JEAN),43.7577,7.4431
201500010480,31,12,15,0,5,60,104,2,6,1,3,"8, MONLEON (AVENUE SYLVI",0.0,0.0
201500010481,10,7,15,15,1,60,83,2,2,1,3,"01, MADONE (AVENUE DE LA",43.76967,7.49247
201500010482,19,7,15,17,1,60,83,2,2,1,3,"7, MADONE (AVENUE DE LA)",43.76885,7.49115
201500010483,16,7,15,10,1,60,83,2,1,1,6,"1684, SOLEIL (PROMENADE",43.7744,7.506
201500010484,24,7,15,1,5,60,104,2,3,1,7,"1, FRANCE (AVENUE DE)",0.0,0.0
201500010485,1,8,15,17,1,60,104,1,1,1,3,"1, MONLEON (AVENUE SYLVI",0.0,0.0
201500010486,25,8,15,13,1,60,104,2,1,1,1,"79, AZUR (AVENUE DE LA C",43.76323,7.44793
201500010487,31,8,15,8,1,60,83,2,3,1,6,"01, CARNOT (AVENUE)",43.771,7.4944
201500010488,10,9,15,23,5,60,12,2,1,1,1,"88, GUYNEMER (BOULEVARD)",43.752,7.4268
201500010489,12,9,15,1,5,60,104,2,6,1,6,"01, CHEMINS (CARREFOUR D",43.7602,7.4522
201500010490,13,9,15,1,5,60,104,2,1,1,7,"188, VERDUN (AVENUE DE,",43.7613,7.4744
201500010491,21,8,15,6,1,60,104,2,1,1,2,"200, VERDUN (AVENUE DE,",43.76037,7.47959
201500010492,13,8,15,19,1,60,83,2,1,1,1,"23, GARAVAN (BOULEVARD,",0.0,0.0
201500010493,28,9,15,17,1,60,104,2,1,1,1,"850, AGERBOL (AVENUE D')",0.0,0.0
201500010494,2,10,15,21,5,60,83,2,1,2,7,CAREI (VAL DU),0.0,0.0
201500010495,28,9,15,8,1,60,83,2,1,1,3,"22, ACACIAS (AVENUE DES)",43.7793,7.4798
201500010496,5,10,15,13,1,60,104,2,1,1,5,"166, CURIE (AVENUE PIERR",43.7477,7.4365
201500010497,24,9,15,21,5,60,83,2,2,1,6,"32, REPUBLIQUE (RUE DE L",43.7751,7.4935
201500010498,22,9,15,12,1,60,83,2,1,1,6,"54, CAREI (VAL DU)",43.7862,7.4877
201500010499,9,10,15,21,5,60,83,2,1,1,3,"58, ACACIAS (AVENUE DES)",43.7825,7.48
201500010500,12,10,15,8,1,60,83,2,1,1,3,"01, RIVIERA (AVENUE)",43.7764,7.4862
201500010501,17,10,15,17,1,60,12,2,3,1,3,"01, PRINCE RAINIER III (",43.7765,7.4795
201500010502,20,10,15,2,5,60,83,2,1,1,5,"1573, SOLEIL (PROMENADE",43.7743,7.5033
201500010503,27,10,15,13,1,60,104,2,1,1,1,"1, VARAVILLA (AVENUE)",43.7525,7.4322
201500010504,23,10,15,19,5,60,12,2,3,1,3,"18, DOUMER PROLONGEE (AV",43.4422,7.2453
201500010505,9,11,15,8,1,60,83,2,1,1,6,"46, GORBIO (ROUTE DE)",43.7749,7.468
201500010506,22,10,15,11,1,60,104,2,1,1,1,"22, DOUMER (AVENUE PAUL)",43.7582,7.4665
201500010507,23,11,15,19,5,60,104,2,1,1,6,"25 BIS, VOYAGE (AVENUE N",0.0,0.0
201500010508,29,11,15,1,5,60,83,2,1,1,2,"01, DE GAULLE (AVENUE GE",43.7708,7.4943
201500010509,30,11,15,17,2,60,104,2,1,1,5,"33, JAURES (AVENUE JEAN)",43.7582,7.4645
201500010510,3,12,15,16,1,60,83,2,1,1,7,"1, ASTRID (PROMENADE REI",43.78494,7.52299
201500010511,28,11,15,11,1,60,83,2,6,1,3,"COTY (COURS RENE, SENS M",0.0,0.0
201500010512,26,11,15,14,1,60,83,2,3,1,3,"01, SOLEIL (PROMENADE DU",43.7717,7.4968
201500010513,5,12,15,8,1,60,83,2,1,1,3,"19, FRANCE (AVENUE PORTE",43.7848,7.515
201500010514,6,12,15,0,5,60,83,2,9,2,4,GREVILLE (RUE HENRI),43.7763,7.4973
201500010515,13,12,15,14,1,60,104,2,1,1,2,"53, JAURES (AVENUE JEAN)",0.0,0.0
201500010516,22,12,15,22,5,60,104,1,2,1,3,"133, VERDUN (AVENUE DE,",43.761,7.4681
201500010517,23,12,15,9,1,60,83,2,9,1,3,"21, ASTRID (PROMENADE RE",0.0,0.0
201500010518,18,11,15,12,1,60,12,1,2,1,3,"1, PRINCE RAINIER III (A",0.0,0.0
201500010519,24,12,15,19,3,60,104,2,1,1,6,"123, VERDUN (AVENUE DE,",0.0,0.0
201500010520,3,1,15,21,5,60,83,2,1,1,3,"2, CARNOT (AVENUE)",43.77105,7.49488
201500010521,3,1,15,11,1,60,104,2,3,1,6,"47 BIS, SCHUMANN (PROMEN",43.76212,7.48472
201500010522,6,1,15,22,5,60,104,2,1,1,5,AZUR (AVENUE DE LA COTE,43.7627,7.45397
201500010523,6,1,15,12,1,60,104,2,1,1,3,"99, CURIE (AVENUE PIERRE",43.76176,7.46311
201500010524,12,1,15,13,1,60,12,2,4,1,2,"CORNICHE (MOYENNE, N? 1",0.0,0.0
201500010525,21,1,15,16,1,60,83,2,2,2,3,"63, CERNUSCHI (AVENUE)",43.7742,7.48942
201500010526,25,1,15,11,1,60,12,2,1,7,6,"CORNICHE (MOYENNE, N? 1",0.0,0.0
201500010527,22,1,15,19,5,60,83,2,1,1,6,DELATTRE DE TASSIGNY (AL,0.0,0.0
201500010528,28,1,15,22,5,60,83,2,1,1,6,"14, GORBIO (ROUTE DE)",43.76767,7.48433
201500010529,31,1,15,11,1,60,104,2,1,1,3,"21, FRANCE (AVENUE DE)",43.75334,7.44351
201500010530,12,2,15,13,1,60,83,2,1,1,2,"COTY (COURS RENE, SENS M",0.0,0.0
201500010531,27,2,15,12,1,60,83,2,3,1,2,"1, PASTEUR (RUE)",0.0,0.0
201500010532,7,3,15,10,1,60,104,2,1,1,7,"39, DOUMER (AVENUE PAUL)",0.0,0.0
201500010533,12,2,15,14,1,60,83,2,2,1,3,"8, DE GAULLE (AVENUE GEN",0.0,0.0
201500010534,7,3,15,20,3,60,83,1,1,1,6,CABROLLES (ROUTE DES),0.0,0.0
201500010535,11,3,15,19,5,60,83,2,1,1,1,"SOLEIL (PROMENADE DU, N?",0.0,0.0
201500010536,17,3,15,5,5,60,83,2,1,2,6,DELATTRE DE TASSIGNY (AL,0.0,0.0
201500010537,11,2,15,11,1,60,83,2,3,1,3,"SOLEIL (PROMENADE DU, N?",0.0,0.0
201500010538,28,3,15,15,1,60,83,2,1,1,3,"39, ACACIAS (AVENUE DES)",0.0,0.0
201500010539,29,3,15,18,1,60,83,2,9,1,3,"21, ASTRID (PROMENADE RE",0.0,0.0
201500010540,5,4,15,1,5,60,12,2,1,3,1,"CORNICHE (MOYENNE, N° 1",0.0,0.0
201500010541,24,3,15,9,1,60,104,2,4,1,3,"1, VOYAGE (AVENUE NOTRE",0.0,0.0
201500010542,19,4,15,21,5,60,83,2,2,1,3,DELATTRE DE TASSIGNY AL,0.0,0.0
201500010543,17,4,15,0,5,60,104,2,1,2,7,"217-219, BRIAND (AVENUE",43.76492,7.48291
201500010544,2,5,15,15,1,60,83,2,1,1,1,"20, BRIAND (AVENUE ARSIT",0.0,0.0
201500010545,7,4,15,7,1,60,83,2,1,1,6,SAINT ROMAN (AVENUE),43.80449,7.48746
201500010546,5,5,15,23,5,60,83,2,1,1,2,POMPIDOU (ESPLANADE GEOR,0.0,0.0
201500010547,8,5,15,0,3,60,83,1,1,1,1,SOSPEL (ROUTE DE ),0.0,0.0
201500010548,2,5,15,10,1,60,12,2,1,1,3,"14, CURIE (RUE PIERRE)",0.0,0.0
201500010549,20,5,15,9,1,60,104,2,3,1,3,FRANCE (AVENUE DE),0.0,0.0
201500010550,3,5,15,11,1,60,83,2,1,1,6,"25, VERDUN (AVENUE DE)",0.0,0.0
201500010551,2,6,15,21,2,60,83,2,2,1,6,DE GAULLE (AVENUE GENERA,0.0,0.0
201500010552,10,6,15,16,1,60,83,2,1,1,3,"1, MADONE (AVENUE DE LA)",0.0,0.0