Num_Acc,jour,mois,an,hr,condition_eclairage,departement,commune,condition_agglomeration,intersection,condition_atmosphere,type_collision,adresse,lattitude,longitude
201500010553,5,6,15,8,1,60,83,2,1,1,3,"COTY (COURS RENE, SENS M",0.0,0.0
201500010554,3,3,15,13,1,60,12,2,1,1,7,"62, FOCH (AVENUE MARECHA",0.0,0.0
201500010555,3,6,15,21,5,60,104,2,1,1,7,JAURES (AVENUE JEAN),0.0,0.0
201500010556,2,1,15,21,5,60,88,2,1,1,2,"0, BELLET (AV. DE)",43.69173,7.24457
201500010557,3,1,15,20,5,60,88,2,1,1,1,"08, CIMIEZ (BD) JUSQU'AU",43.7068,7.2698
201500010558,4,1,15,11,1,60,88,2,1,1,6,TURIN (RTE DE),0.0,0.0
201500010559,5,1,15,7,1,60,88,2,3,1,3,CARABACEL (BD),43.70427,7.27364
201500010560,16,3,15,16,1,60,88,2,1,2,6,"0, TUNNEL DU PAILLON",0.0,0.0
201500010561,5,1,15,9,1,60,88,2,1,1,3,MARNE (AV. DE LA),43.7249,7.27092
201500010562,17,3,15,14,1,60,88,2,1,2,6,"101, LYAUTEY (AV. DU MAL",0.0,0.0
201500010563,5,1,15,17,5,60,88,2,6,1,3,"0, ROBINI (AV. DR VICTOR",43.68314,7.20286
201500010564,17,3,15,15,1,60,88,2,1,1,4,"59, QUAI DES ETATS UNIS",0.0,0.0
201500010565,5,1,15,18,5,60,88,2,2,1,3,"0, VILLERMONT (AV.)",43.70821,7.26497
201500010566,6,1,15,13,1,60,88,2,1,1,6,"127, LYAUTEY (AV. DU MAL",43.71913,7.2831
201500010567,17,3,15,16,1,60,88,2,1,1,6,"140, BELLET (RTE DE)",0.0,0.0
201500010568,17,3,15,17,1,60,88,2,1,1,6,"41, NAPOLEON III (BD)",43.41141,7.13375
201500010569,8,1,15,10,1,60,88,2,1,1,5,"89, ANGLAIS PROMENADE",43.6919,7.24889
201500010570,9,1,15,13,1,60,88,2,4,1,3,"0, SAQUI (AV. JOSEPH)",0.0,0.0
201500010571,18,3,15,12,1,60,88,2,1,1,3,"19 BIS, RAYBAUD JOSEPH",0.0,0.0
201500010572,9,1,15,13,1,60,88,2,1,1,2,"75, HOPITAL DE CIMIEZ",0.0,0.0
201500010573,17,3,15,17,1,60,159,2,1,1,6,"0, CORNE D OR (BOULEVARD",0.0,0.0
201500010574,10,1,15,5,5,60,88,2,2,1,3,"0, MEDECIN (AV. JEAN)",0.0,0.0
201500010575,19,3,15,7,1,60,88,2,2,1,3,"64, ARSON (RUE)",0.0,0.0
201500010576,19,3,15,11,1,60,88,2,1,1,6,"10 bis, MATISSE (AV. HEN",43.40298,7.13014
201500010577,10,1,15,12,1,60,88,2,1,1,2,"417, PESSICART (A PARTIR",43.7287,7.23759
201500010578,20,3,15,7,1,60,88,2,3,1,3,"63, CESSOLE (BD DE) (JUS",43.4301,7.15107
201500010579,10,1,15,20,5,60,88,2,1,1,6,"57, MATISSE (AV. HENRI)",43.675,7.21093
201500010580,12,1,15,7,1,60,88,2,2,1,3,"28, SOLA (BD PIERRE)",0.0,0.0
201500010581,21,3,15,9,1,60,88,2,1,1,4,"85, GROSSO (A PARTIR DU",0.0,0.0
201500010582,13,1,15,14,1,60,159,2,1,1,5,"0, NAPOLEON III (BOULEVA",0.0,0.0
201500010583,22,3,15,8,1,60,88,2,2,2,3,HUGO (BD VICTOR),0.0,0.0
201500010584,13,1,15,15,1,60,88,2,1,1,1,"0, CIMIEZ (BD) A PARTIR",0.0,0.0
201500010585,23,3,15,16,1,60,88,2,1,1,3,"187, CALIFORNIE (AV.) (D",0.0,0.0
201500010586,23,3,15,17,1,60,88,2,1,1,1,"175, SAINT-PIERRE DE FER",0.0,0.0
201500010587,14,1,15,13,1,60,88,2,1,1,2,"328, MERCANTOUR BD M6202",43.6929,7.19437
201500010588,24,3,15,14,1,60,88,2,1,8,2,"0, LYAUTEY (AV. DU MAL)",0.0,0.0
201500010589,15,1,15,14,1,60,88,2,1,1,6,"89, ANGLAIS PROMENADE",43.6919,7.24894
201500010590,24,3,15,18,5,60,88,2,1,3,3,"187, CALIFORNIE (AV.) (D",43.40555,7.13555
201500010591,16,1,15,12,1,60,88,2,1,8,3,"43, ANGLAIS (DU N? 1 AU",43.6939,7.25661
201500010592,25,3,15,20,5,60,88,2,1,1,7,"63, ANGLAIS (DU N° 45 AU",0.0,0.0
201500010593,16,1,15,18,5,60,88,2,1,8,6,"16, DELFINO (BD GENERAL)",43.7054,7.28452
201500010594,18,1,15,17,5,60,88,2,1,1,1,ARENE (AV. PAUL),0.0,0.0
201500010595,25,3,15,22,5,60,88,2,1,1,3,"39, MADELEINE (BD DE LA)",43.41468,7.14296
201500010596,26,3,15,12,1,60,88,2,1,1,6,"6, LEONARD (R. EMILE)",0.0,0.0
201500010597,19,1,15,8,1,60,88,2,1,2,6,"47, MONZIE (R. ANATOLE D",43.7373,7.30155
201500010598,25,3,15,19,5,60,88,2,1,1,6,"80, GAMBETTA (A PARTIR D",43.4212,7.1522
201500010599,19,1,15,9,1,60,88,2,1,3,4,"344, ANGLAIS (DU N? 265",43.6702,7.22276
201500010600,26,3,15,20,5,60,88,2,1,1,6,"81, GAMBETTA (A PARTIR D",0.0,0.0
201500010601,19,1,15,10,1,60,88,2,2,2,6,"43, DIABLES BLEUS (AV. D",43.7083,7.29223
201500010602,28,3,15,15,1,60,88,2,1,1,6,"30, SAINT-JEAN BAPTISTE",0.0,0.0
201500010603,19,1,15,19,5,60,88,2,1,1,6,"285, ANGLAIS (DU N? 265",43.6804,7.23094
201500010604,20,1,15,22,4,60,88,2,1,1,6,"0, REINE-JEANNE (R.)",0.0,0.0
201500010605,29,3,15,13,1,60,159,2,1,1,3,"1, LIBERATION (CARREFOUR",0.0,0.0
201500010606,21,1,15,10,1,60,88,2,1,2,3,CIMIEZ (BD) A PARTIR DU,0.0,0.0
201500010607,27,3,15,17,1,60,88,2,1,1,6,"0, SAETONE (PL.)",43.42145,7.15524
201500010608,30,3,15,10,1,60,88,2,2,1,3,ARSON (RUE),0.0,0.0
201500010609,22,1,15,16,1,60,88,2,1,1,3,"8, MACCARANI (R.)",43.6983,7.26459
201500010610,30,3,15,11,1,60,88,2,2,1,7,"33, HOTEL DES POSTES (R.",43.41593,7.16188
201500010611,22,1,15,17,5,60,88,2,1,1,6,"30, BORNALA (AV. DE LA)",43.6948,7.23744
201500010612,24,1,15,5,5,60,88,2,1,1,3,"0, GAMBETTA (A PARTIR DU",0.0,0.0
201500010613,30,3,15,16,1,60,88,2,1,1,2,"0, CORNIGLION MOLINIER (",0.0,0.0
201500010614,24,1,15,14,1,60,88,2,1,1,2,"0, POMPIDOU (BD GEORGES)",0.0,0.0
201500010615,30,3,15,17,1,60,88,2,1,1,6,"5, DEVOLUY (RUE PIERRE)",0.0,0.0
201500010616,31,3,15,21,5,60,88,2,1,1,2,"289, PESSICART (DU 272/2",0.0,0.0
201500010617,24,1,15,18,5,60,88,2,1,1,3,"57, BISCHOFFSHEIM (BD)",43.7102,7.29466
201500010618,31,3,15,20,5,60,88,2,3,1,3,ALBERTI (RUE),0.0,0.0
201500010619,24,1,15,19,5,60,88,2,1,1,1,"107, ANGLAIS (DU N? 45 A",43.69114,7.24669
201500010620,25,1,15,15,1,60,88,2,1,1,3,"0, DUFY (RUE RAOUL)",0.0,0.0
201500010621,1,4,15,14,1,60,88,2,1,1,4,"58, GRENOBLE (ROUTE DE)",43.67095,7.20879
201500010622,2,4,15,8,1,60,88,2,1,1,3,"114, LANTERNE (AV. DE LA",43.68366,7.2219
201500010623,26,1,15,17,1,60,88,2,9,1,6,"22, GORBELLA (BD)",43.7199,7.25669
201500010624,2,4,15,16,1,60,159,2,1,1,6,CORNE D OR (BOULEVARD DE,43.70771,7.30744
201500010625,28,1,15,9,1,60,88,2,1,1,6,"75, CANTA GALET (RTE DE)",43.6983,7.22914
201500010626,28,1,15,21,5,60,88,2,2,1,3,"0, ALBERTI (RUE)",0.0,0.0
201500010627,3,4,15,3,5,60,88,2,9,1,3,MASSENA (PLACE),43.0,7.0
201500010628,29,1,15,20,5,60,88,2,1,2,3,"213, ANGLAIS (DU N? 114",43.68605,7.23703
201500010629,4,4,15,13,1,60,88,2,2,1,3,"1, BORRIGLIONE (JUSQU'AU",43.71309,7.26175
201500010630,30,1,15,16,1,60,88,2,1,1,2,"0, GRENOBLE (ROUTE DE)",0.0,0.0
201500010631,7,4,15,17,1,60,88,2,1,1,6,"203, MADELEINE (BD DE LA",0.0,0.0
201500010632,7,4,15,18,1,60,88,2,1,1,3,"169, MADELEINE (AV. DE L",0.0,0.0
201500010633,30,1,15,23,5,60,159,2,1,1,1,"25, CORNE D OR BD (M6007",43.7071,7.30411
201500010634,31,1,15,2,5,60,88,2,2,1,3,"33, LEPANTE (R. DE)",43.70636,7.2686
201500010635,8,4,15,16,1,60,88,2,2,1,3,"41, TURIN (RTE DE)",43.71171,7.28492
201500010636,1,2,15,11,1,60,88,2,2,1,3,"14, PRINCE-DE-GALLES (BD",0.0,0.0
201500010637,8,4,15,18,1,60,88,2,2,1,3,"0, TURIN (RTE DE)",0.0,0.0
201500010638,2,2,15,20,5,60,88,2,1,1,3,"122, CARNOT (BD)",0.0,0.0
201500010639,2,2,15,20,5,60,88,2,1,1,3,"0, GORBELLA (BD DE)",0.0,0.0
201500010640,10,4,15,0,5,60,88,2,3,1,3,REPUBLIQUE (AV. DE LA),43.7059,7.28303
201500010641,3,2,15,1,5,60,88,2,1,1,6,"58, GORBELLA (BD DE)",0.0,0.0
201500010642,10,4,15,17,1,60,88,2,1,1,3,"15, SEMARD (BD PIERRE)",43.72031,7.29172
201500010643,4,2,15,10,1,60,88,2,2,2,3,"32, BORRIGLIONE (JUSQU'A",0.0,0.0
201500010644,10,4,15,17,1,60,88,2,1,1,2,"vpm2950, VOIE RAPIDE",0.0,0.0
201500010645,4,2,15,18,5,60,88,2,1,2,6,"38, RAY (AV. DU)",0.0,0.0
201500010646,12,4,15,15,1,60,88,2,1,1,3,"0, MADELEINE (BD DE LA)",0.0,0.0
201500010647,4,2,15,19,5,60,88,2,2,3,3,FLANDRES-DUNKERQUE (TRAV,0.0,0.0
201500010648,12,4,15,17,1,60,88,2,1,1,2,"37, ANGLAIS (DU N° 1 AU",43.41381,7.15233
201500010649,4,2,15,23,5,60,88,2,2,1,3,"19, ASSALIT (RUE)",0.0,0.0
201500010650,12,4,15,17,1,60,88,2,1,1,6,VOIE RAPIDE,0.0,0.0
201500010651,4,2,15,23,5,60,88,2,2,1,3,"0, LEPANTE (R. DE)",0.0,0.0
201500010652,12,4,15,2,5,60,159,2,3,1,3,"1150, NAPOLEON III (Bld)",43.70403,7.32212
201500010653,5,2,15,11,1,60,88,2,1,2,2,ANGLAIS (DU N? 265 AU N?,0.0,0.0
201500010654,10,4,15,17,1,60,88,1,2,1,6,"50, SMOLETT (R.)",43.42079,7.17194
201500010655,5,2,15,18,5,60,88,2,1,2,3,"290, FABRON (AV. DE) (A",0.0,0.0
201500010656,15,4,15,8,1,60,88,2,1,1,3,"46, CALIFORNIE (AV.) (DU",43.68994,7.24163
201500010657,6,2,15,12,1,60,88,2,3,1,5,"0, CLUVIER (RUE)",0.0,0.0
201500010658,15,4,15,19,1,60,88,1,1,1,1,CAL DE SPAGNOL SOUBRAN (,43.69613,7.20422
201500010659,6,2,15,16,2,60,88,2,1,2,4,"29, MADELEINE (AV. DE LA",0.0,0.0
201500010660,16,4,15,14,1,60,88,2,1,1,3,"0, JOFFRE (R. MARECHAL)",0.0,0.0
201500010661,6,2,15,17,2,60,88,2,1,2,6,"1, VIRENQUE (MONTEE CLAI",0.0,0.0
201500010662,14,4,15,17,1,60,88,2,1,1,3,DUBOUCHAGE (BD),0.0,0.0
201500010663,6,2,15,18,5,60,88,2,1,1,2,"0, VOIE RAPIDE",0.0,0.0
201500010664,17,4,15,14,1,60,88,2,1,1,6,"20, ARSON (RUE)",43.4201,7.17121
201500010665,7,2,15,20,5,60,88,2,3,1,3,"119, BISCHOFFSHEIM (BD)",0.0,0.0
201500010666,17,4,15,16,1,60,88,2,1,1,6,ANGLAIS (DU N° 45 AU N°,0.0,0.0
201500010667,8,2,15,1,5,60,88,2,1,1,2,"49, DELFINO (BD GENERAL)",0.0,0.0
201500010668,17,4,15,18,1,60,88,2,3,1,3,"52 BIS, BRANCOLAR (AV.)",43.71938,7.26561
201500010669,8,2,15,19,5,60,88,2,2,1,3,"0, DESAMBROIS (AV.)",0.0,0.0
201500010670,18,4,15,12,1,60,88,2,1,1,3,ABBAYE (MONTEE DE L'),43.7256,7.28476
201500010671,9,2,15,16,1,60,88,2,3,1,6,"34, RAIMBALDI (BD)",0.0,0.0
201500010672,18,4,15,14,1,60,88,2,4,8,3,"0, RAYBAUD JOSEPH",0.0,0.0
201500010673,9,2,15,17,1,60,88,2,1,1,3,"59, VINAIGRIER (CH. DU)",0.0,0.0
201500010674,20,4,15,5,5,60,88,2,1,1,5,"1, RICOLFI (R. HUMBERT)",0.0,0.0
201500010675,11,2,15,9,1,60,88,2,1,1,6,"48, GARNIER (BD JOSEPH)",0.0,0.0
201500010676,20,4,15,5,5,60,88,2,1,1,3,"124, CALIFORNIE (AV.) (D",43.68621,7.23621
201500010677,11,2,15,10,1,60,88,2,2,1,3,"0, PERTINAX (R.)",0.0,0.0
201500010678,20,4,15,15,1,60,88,2,1,1,2,"123, ANGLAIS (DU N° 114",43.41252,7.14397
201500010679,12,2,15,7,1,60,88,2,1,1,2,"8, EUGENIE (BD IMPERATRI",0.0,0.0
201500010680,21,4,15,17,1,60,88,2,3,1,6,"40, STE-MARGUERITE (AV.)",43.6783,7.21999
201500010681,12,2,15,7,1,60,88,2,1,1,6,"48, SAINTE-ROSALIE (CORN",0.0,0.0
201500010682,23,4,15,1,5,60,88,2,1,1,6,"123, OLIVIERS (CORNICHE",0.0,0.0
201500010683,13,2,15,14,1,60,88,2,3,1,3,"2, CIAUDO (RUE DU DOCTEU",0.0,0.0
201500010684,23,4,15,10,1,60,88,2,1,1,6,"04, FAURE (AV. FELIX)",43.69862,7.27489
201500010685,13,2,15,16,1,60,88,2,1,3,6,"0, ANGLAIS (A PARTIR DU",0.0,0.0
201500010686,23,4,15,14,1,60,88,2,1,1,3,"2, JOLY (CORNICHE ANDRE",43.70049,7.28919
201500010687,13,2,15,19,5,60,88,2,2,3,5,"0, DIGUE DES FRANCAIS (T",0.0,0.0
201500010688,24,4,15,7,1,60,88,2,1,1,1,"11, PEGURIER (R. AUGUSTE",43.67413,7.22451
201500010689,13,2,15,22,5,60,88,2,1,3,3,"2, GRENOBLE (ROUTE DE)",0.0,0.0
201500010690,24,4,15,1,5,60,88,2,1,1,7,THIERS (AV.),43.70467,7.26314
201500010691,13,2,15,15,1,60,88,2,1,2,6,"47, CALIFORNIE (AV.) (A",0.0,0.0
201500010692,24,4,15,12,1,60,88,2,1,1,3,EIFFEL (AV. GUSTAVE),0.0,0.0
201500010693,13,2,15,22,5,60,88,2,1,2,5,"15, CESSOLE (BD DE) (A P",0.0,0.0
201500010694,24,4,15,22,5,60,88,2,1,1,6,"99, ARIANE (BD DE L')",43.7353,7.30195
201500010695,14,2,15,20,5,60,88,2,2,2,3,"0, LYAUTEY (AV. DU MAL)",0.0,0.0
201500010696,25,4,15,6,1,60,88,2,1,1,2,"1, VOIE RAPIDE",43.67339,7.22166
201500010697,15,2,15,18,4,60,88,2,1,3,6,"107, GROSSO (A PARTIR DU",0.0,0.0
201500010698,25,4,15,9,1,60,88,2,1,2,3,"1, DIGUE DES FRANCAIS (T",0.0,0.0
201500010699,16,2,15,11,1,60,88,2,1,1,4,"42, TRACHEL (RUE)",0.0,0.0
201500010700,27,4,15,17,1,60,88,2,1,1,6,"20, BAUDELAIRE (RUE CHAR",43.43404,7.15293
201500010701,18,2,15,14,1,60,88,2,1,1,3,RAYBAUD JOSEPH,0.0,0.0
201500010702,28,4,15,9,1,60,88,2,1,1,1,"162, BESSET (AV.) (A PAR",43.72483,7.24744
201500010703,18,2,15,16,1,60,88,2,6,1,3,GRENOBLE (ROUTE DE),0.0,0.0
201500010704,28,4,15,8,1,60,88,2,3,1,3,"0, MATISSE (AV. HENRI)",0.0,0.0
201500010705,18,2,15,18,5,60,88,2,3,1,3,"82, CESSOLE (BD DE) (JUS",0.0,0.0
201500010706,28,4,15,12,1,60,88,2,1,1,2,"566, GRENOBLE (ROUTE DE)",0.0,0.0
201500010707,19,2,15,19,5,60,88,2,1,1,3,"63, ARIANE (BD DE L')",0.0,0.0
201500010708,28,4,15,21,5,60,88,2,1,1,3,", DIABLES BLEUS (AV. DES",0.0,0.0
201500010709,30,4,15,13,1,60,88,2,1,1,2,"199, ANGLAIS (DU N° 114",43.68643,7.23784
201500010710,20,2,15,15,1,60,88,2,2,1,6,"52, RAY (AV. DU)",43.72562,7.25557
201500010711,21,2,15,1,5,60,88,2,1,1,6,"0, RD 6202",0.0,0.0
201500010712,2,5,15,17,1,60,88,2,1,1,5,", EL-NOUZAH (RUE)",0.0,0.0
201500010713,21,2,15,10,1,60,159,1,1,3,1,"73, BELLAVISTA (AVENUE)",0.0,0.0
201500010714,3,5,15,11,1,60,88,2,1,1,6,"110, OLIVIERS (CORNICHE",0.0,0.0
201500010715,21,2,15,11,1,60,88,2,1,1,6,"0, RAIBERTI (R.)",0.0,0.0
201500010716,3,5,15,3,5,60,88,2,1,1,6,NAPOLEON III (PONT),0.0,0.0
201500010717,21,2,15,13,1,60,88,2,1,2,6,"0, BLANQUI (PL. AUGUSTE)",0.0,0.0
201500010718,3,5,15,12,1,60,88,2,1,1,2,"62, DUNANT (AV. HENRI)",0.0,0.0
201500010719,21,2,15,16,1,60,88,2,3,3,3,"34, SEMARD (BD PIERRE)",0.0,0.0
201500010720,4,5,15,8,1,60,88,2,1,1,1,"80, MATISSE (AV. HENRI)",0.0,0.0
201500010721,21,2,15,19,5,60,88,2,3,2,6,CARABACEL (BD),0.0,0.0
201500010722,4,5,15,11,1,60,88,2,3,1,1,"11, RAY (AV. DU)",0.0,0.0
201500010723,22,2,15,11,1,60,88,2,1,1,3,ANGLAIS (DU N? 265 AU N?,0.0,0.0
201500010724,2,5,15,23,5,60,88,2,1,1,3,"59, GAMBETTA (JUSQU'AU N",0.0,0.0
201500010725,23,2,15,8,1,60,88,2,1,1,3,"2, TZAREWITCH (BD DU)",0.0,0.0
201500010726,4,5,15,17,1,60,88,2,1,1,5,"borne 118, VOIE RAPIDE",0.0,0.0
201500010727,24,2,15,0,5,60,88,2,2,1,3,"0, MEDECIN (AV. JEAN)",0.0,0.0
201500010728,5,5,15,17,1,60,88,2,1,1,7,"64, MATISSE (AV. HENRI)",0.0,0.0
201500010729,24,2,15,10,1,60,88,2,1,8,2,"43, ANGLAIS (DU N? 1 AU",0.0,0.0
201500010730,7,5,15,9,1,60,88,2,1,1,6,"4, TOUR (R. ET PL. DE LA",0.0,0.0
201500010731,24,2,15,18,1,60,159,2,1,1,3,BELLAVISTA (AVENUE),0.0,0.0
201500010732,7,5,15,11,1,60,88,2,1,1,3,"62, CASSIN (BD RENE)",0.0,0.0
201500010733,24,2,15,18,3,60,88,2,2,1,3,"0, DUBOUCHAGE (BD)",0.0,0.0
201500010734,7,5,15,21,5,60,88,2,1,1,3,"29/30, ANGLAIS (DU N° 1",43.4142,7.15521
201500010735,25,2,15,10,1,60,88,2,2,1,3,"2, MALAUSSENA (AV.)",0.0,0.0
201500010736,8,5,15,8,1,60,159,2,1,1,3,"9, CORNE D OR (BOULEVARD",0.0,0.0
201500010737,25,2,15,11,1,60,88,2,1,1,3,"8, PHOCEENS (AV. DES)",0.0,0.0
201500010738,8,5,15,14,1,60,88,2,1,1,3,"70, ANGLAIS (DU N° 45 AU",0.0,0.0
201500010739,26,2,15,1,4,60,88,2,1,1,1,"77, CARNOT (BD)",0.0,0.0
201500010740,9,5,15,9,1,60,88,2,1,1,6,"0, MICHEL ANGE (AV.) (JU",0.0,0.0
201500010741,27,2,15,11,1,60,88,2,3,1,5,"78, CORNICHE FLEURIE (AV",0.0,0.0
201500010742,9,5,15,10,1,60,88,2,8,1,6,"06, VERANY (BD J.B.)",0.0,0.0
201500010743,27,2,15,17,1,60,88,2,1,1,6,"90, ROQUEBILLIERE (R. DE",0.0,0.0
201500010744,9,5,15,18,1,60,88,2,1,1,6,"34, BORNALA (AV. DE LA)",0.0,0.0
201500010745,27,2,15,17,1,60,88,2,1,1,6,"10, FLIREY (AV. DE)",0.0,0.0
201500010746,10,5,15,4,5,60,88,2,1,1,3,"203, STE MARGUERITE (AV.",0.0,0.0
201500010747,27,2,15,23,5,60,88,2,1,1,6,"139, ST LAMBERT A PARTIR",0.0,0.0
201500010748,10,5,15,18,1,60,88,2,1,1,2,VOIE RAPIDE,43.40212,7.13145
201500010749,28,2,15,1,5,60,88,2,1,1,6,"77, ANGLAIS (DU N? 45 AU",0.0,0.0
201500010750,11,5,15,15,1,60,88,2,1,1,3,"132, LANTERNE (AV. DE LA",43.4104,7.13096
201500010751,2,3,15,10,1,60,88,2,1,1,3,TURIN (RTE DE),0.0,0.0
201500010752,12,5,15,7,1,60,88,2,1,1,6,"66, BRAILLE (BD LOUIS)",0.0,0.0
201500010753,2,3,15,17,1,60,88,2,5,1,3,"192, CALIFORNIE (AV.) (D",0.0,0.0
201500010754,12,5,15,13,1,60,88,2,1,1,1,"69, DAUPHINE (AV.)",0.0,0.0
201500010755,3,3,15,12,1,60,88,2,1,1,3,"85, CESSOLE (BD DE) (JUS",0.0,0.0
201500010756,12,5,15,14,1,60,88,2,1,1,6,"37, CARABACEL (BD)",0.0,0.0
201500010757,4,3,15,11,1,60,88,2,3,1,1,"27, CESSOLE (BD DE) (JUS",0.0,0.0
201500010758,13,5,15,1,5,60,88,2,1,1,2,ANGLAIS (DU N° 45 AU N°,0.0,0.0
201500010759,4,3,15,18,3,60,88,2,1,1,6,"43, PAPE JEAN XXIII (BD)",0.0,0.0
201500010760,13,5,15,8,1,60,88,2,1,1,6,"3, SAPPIA (AV. HENRI)",0.0,0.0
201500010761,5,3,15,17,1,60,88,2,1,1,3,"8, FAURE (AV. FELIX)",0.0,0.0
201500010762,13,5,15,13,1,60,88,2,1,1,4,"1, VOIE RAPIDE",0.0,0.0
201500010763,5,3,15,19,5,60,88,2,1,1,4,"0, MATISSE (AV. HENRI)",0.0,0.0
201500010764,6,3,15,1,5,60,88,2,3,1,6,"37, CARLONE (BD)",0.0,0.0
201500010765,14,5,15,2,5,60,88,2,1,1,7,"274, CALIFORNIE (AV.) (A",0.0,0.0
201500010766,6,3,15,8,1,60,88,2,2,1,3,"0, ALBERTI (RUE)",0.0,0.0
201500010767,14,5,15,15,1,60,88,2,1,1,6,"13, FALICON (BD COMTE DE",43.72867,7.25547
201500010768,6,3,15,15,1,60,88,2,1,1,2,MALRAUX (VOIE ET TUNNEL),0.0,0.0
201500010769,15,5,15,12,1,60,88,2,1,1,1,"6, STE-MARGUERITE (AV.)",0.0,0.0
201500010770,7,3,15,20,5,60,88,2,1,1,3,"108, GAMBETTA (A PARTIR",0.0,0.0
201500010771,15,5,15,17,1,60,88,2,1,1,6,"13, CITE DE L'EAU FRAICH",0.0,0.0
201500010772,7,3,15,21,5,60,88,2,1,1,3,"0, GUYNEMER (PL.)",0.0,0.0
201500010773,15,5,15,18,1,60,88,2,1,1,1,VERNIER (R.),0.0,0.0
201500010774,8,3,15,7,1,60,88,2,1,1,5,"40, EUGENIE (BD IMPERATR",0.0,0.0
201500010775,16,5,15,16,1,60,88,1,1,1,6,"0, THIERS (AV.)",0.0,0.0
201500010776,8,3,15,16,1,60,88,2,1,1,6,"153, CESSOLE (BD DE) (A",0.0,0.0
201500010777,16,5,15,16,1,60,88,2,2,1,6,"12, FAURE (AV. FELIX)",0.0,0.0
201500010778,9,3,15,8,1,60,88,2,1,1,4,"263, ANGLAIS (DU N° 114",0.0,0.0
201500010779,9,3,15,9,1,60,88,2,1,1,3,"63, ANGLAIS (DU N° 45 AU",0.0,0.0
201500010780,10,3,15,8,1,60,88,2,1,1,4,PENETRANTE DU PAILLON,0.0,0.0
201500010781,17,5,15,13,1,60,88,2,1,1,3,"5, ILE-DE-BEAUTE (PL. DE",43.69859,7.28559
201500010782,10,3,15,22,5,60,88,2,3,1,3,"97, PASTEUR (BD)",0.0,0.0
201500010783,17,5,15,17,1,60,88,2,9,1,3,"181, GRENOBLE (ROUTE DE)",0.0,0.0
201500010784,11,3,15,7,1,60,88,2,1,1,2,"35, THIERS (AV.)",0.0,0.0
201500010785,17,5,15,19,1,60,88,2,1,1,6,"12, SAINT-JEAN D'ANGELY",0.0,0.0
201500010786,11,3,15,10,1,60,88,2,4,1,3,COMBOUL (AV. RAYMOND),0.0,0.0
201500010787,18,5,15,8,1,60,88,2,1,1,3,"5, ROBINI (AV. DR VICTOR",0.0,0.0
201500010788,11,3,15,19,5,60,88,2,1,1,6,"301, TERRON (CH. DE)",0.0,0.0
201500010789,18,5,15,11,1,60,88,2,1,1,6,"2, ALLEGRE (AV. JEAN)",0.0,0.0
201500010790,12,3,15,12,1,60,88,2,1,1,3,"0, ANGLAIS (DU N° 114 AU",0.0,0.0
201500010791,18,5,15,16,1,60,88,2,2,1,3,GRENOBLE (ROUTE DE),0.0,0.0
201500010792,12,3,15,17,1,60,159,2,1,1,3,"0, BELLAVISTA (AVENUE)",0.0,0.0
201500010793,18,5,15,19,1,60,88,2,8,1,6,"205, MADELEINE (BD DE LA",0.0,0.0
201500010794,12,3,15,18,5,60,88,2,1,1,3,"0, POMPIDOU (BD GEORGES)",0.0,0.0
201500010795,19,5,15,8,1,60,88,2,4,1,1,"282, SAINT-ANTOINE (RTE",0.0,0.0
201500010796,13,3,15,19,5,60,88,2,1,1,5,"247, ANGLAIS (DU N° 114",0.0,0.0
201500010797,19,5,15,12,1,60,88,2,2,1,3,"26, VERANY (BD J.B.)",0.0,0.0
201500010798,13,3,15,21,5,60,88,2,1,1,2,"34, ANGLAIS (DU N° 1 AU",0.0,0.0
201500010799,19,5,15,18,1,60,88,2,1,1,6,"2, PLATANES (AV. DES)",0.0,0.0
201500010800,14,3,15,10,1,60,88,2,1,1,6,"47, RAYNAUD (BD AUGUSTE)",0.0,0.0
201500010801,20,5,15,8,1,60,88,2,1,1,3,"0, GRINDA (AV. EDOUARD)",0.0,0.0
201500010802,14,3,15,21,5,60,88,2,1,1,2,"101, GAMBETTA (A PARTIR",0.0,0.0
201500010803,20,5,15,20,1,60,88,2,7,1,3,"0, ARIANE (BD DE L')",0.0,0.0
201500010804,15,3,15,9,1,60,88,2,2,1,3,"00, GOUNOD (RUE)",0.0,0.0
201500010805,20,5,15,20,1,60,88,2,9,1,3,VOIE RAPIDE,0.0,0.0
201500010806,20,5,15,20,2,60,88,2,1,1,1,"0, ANGLAIS PLAGE (DU 265",0.0,0.0
201500010807,21,5,15,12,1,60,159,2,1,1,6,"503, BELLAVISTA (AVENUE)",0.0,0.0
201500010808,20,5,15,20,2,60,159,2,1,1,3,"56, PRINCESSE GRACE DE M",0.0,0.0
201500010809,21,5,15,21,2,60,88,2,2,1,1,"0, GASSIN (R. COLONEL)",0.0,0.0
201500010810,22,5,15,2,5,60,88,2,1,1,1,RD 6202,0.0,0.0
201500010811,22,5,15,14,1,60,88,2,1,1,2,"218, ANGLAIS (DU N° 114",0.0,0.0
201500010812,23,5,15,6,1,60,159,2,1,1,6,BASSE CORNICHE,0.0,0.0
201500010813,23,5,15,10,1,60,88,2,1,1,6,LYAUTEY (AV. DU MAL),0.0,0.0
201500010814,23,5,15,18,1,60,88,2,1,1,6,"25, CANAVESE (RUE JEAN)",0.0,0.0
201500010815,25,5,15,10,1,60,88,2,1,1,6,"36, DELFINO (BD GENERAL)",0.0,0.0
201500010816,25,5,15,17,1,60,88,2,1,1,1,"0, ROBINI (AV. DR VICTOR",0.0,0.0
201500010817,26,5,15,7,1,60,88,2,1,1,2,RIMIEZ (AV. DE),0.0,0.0
201500010818,27,5,15,6,1,60,88,2,1,1,3,"0, COTY (PONT RENE)",0.0,0.0
201500010819,27,5,15,12,1,60,88,2,1,1,6,"0, DEFLY (RUE)",0.0,0.0
201500010820,27,5,15,13,1,60,88,2,1,1,3,"0, JOFFRE (R. MARECHAL)",0.0,0.0
201500010821,27,5,15,15,1,60,88,2,1,1,4,"1, GOUNOD (RUE)",0.0,0.0
201500010822,28,5,15,0,5,60,88,2,1,1,3,JAURES (BD JEAN),0.0,0.0
201500010823,28,5,15,9,1,60,88,2,1,1,6,GORBELLA (BD DE),0.0,0.0
201500010824,28,5,15,12,1,60,88,2,1,1,3,VOIE RAPIDE,0.0,0.0
201500010825,28,5,15,13,1,60,88,2,3,1,6,"75, BESSET (AV.) (A PART",0.0,0.0