Num_Acc,jour,mois,an,hr,condition_eclairage,departement,commune,condition_agglomeration,intersection,condition_atmosphere,type_collision,adresse,lattitude,longitude
201500010826,28,5,15,16,1,60,88,2,2,1,6,"0, ROQUEBILLIERE (R. DE)",0.0,0.0
201500010827,28,5,15,16,1,60,88,2,1,1,2,"49, CALIFORNIE (AV.) (DU",0.0,0.0
201500010828,30,5,15,1,5,60,88,2,1,1,6,"0, VOIE RAPIDE",0.0,0.0
201500010829,30,5,15,8,1,60,88,2,1,1,1,"34, VERNIER (R.)",0.0,0.0
201500010830,30,5,15,9,1,60,88,2,1,1,2,"63, GRENOBLE (ROUTE DE)",0.0,0.0
201500010831,31,5,15,0,5,60,88,2,1,1,6,"39, GAMBETTA (JUSQU'AU N",0.0,0.0
201500010832,31,5,15,14,1,60,88,2,2,1,3,LEPANTE (R. DE),0.0,0.0
201500010833,31,5,15,20,2,60,88,2,2,1,3,NORMANDIE (AV. DE),0.0,0.0
201500010834,1,6,15,13,1,60,88,1,1,1,6,"742, GRENOBLE (ROUTE DE)",0.0,0.0
201500010835,2,6,15,9,1,60,88,2,1,1,5,VERANY (BD J.B.),0.0,0.0
201500010836,2,6,15,9,1,60,88,2,1,1,3,"53, CAP DE CROIX (AV. ET",0.0,0.0
201500010837,2,6,15,11,1,60,88,2,3,1,3,"47, ANGLAIS (DU N° 45 AU",0.0,0.0
201500010838,2,6,15,14,1,60,88,2,1,1,1,"281, CALIFORNIE (AV.) (A",0.0,0.0
201500010839,2,6,15,18,1,60,88,2,2,1,1,"05, MARSHALL (PL. GENERA",0.0,0.0
201500010840,2,6,15,19,1,60,88,2,3,1,3,CHURCHILL (BD WINSTON),0.0,0.0
201500010841,2,6,15,23,5,60,88,2,1,1,6,"60, ESTIENNE -D'ORVES (A",0.0,0.0
201500010842,3,6,15,23,5,60,88,2,2,1,1,"76, JOLY (CORNICHE ANDRE",0.0,0.0
201500010843,4,6,15,7,1,60,88,2,1,1,3,"81, RAYBAUD JOSEPH",0.0,0.0
201500010844,4,6,15,12,1,60,88,2,1,1,1,"0, SAINT-PHILIPPE (PL.)",0.0,0.0
201500010845,4,6,15,13,1,60,88,2,1,1,4,"211, ANGLAIS (DU N° 114",0.0,0.0
201500010846,4,6,15,15,1,60,88,2,1,1,2,"10, COMBATTANTS D'AFN (R",0.0,0.0
201500010847,4,6,15,19,1,60,88,2,1,1,3,"8, CARLONE (BD)",0.0,0.0
201500010848,4,6,15,20,1,60,88,2,2,1,3,"0, BORRIGLIONE (A PARTIR",0.0,0.0
201500010849,5,6,15,8,1,60,88,2,1,1,3,"13, GAMBETTA (JUSQU'AU N",0.0,0.0
201500010850,5,6,15,14,1,60,88,2,2,1,7,FLEURS (AV. DES),0.0,0.0
201500010851,5,6,15,17,1,60,88,2,1,1,3,"0, VOIE RAPIDE",0.0,0.0
201500010852,5,6,15,17,1,60,88,2,1,1,2,"127, ANGLAIS (DU N° 114",0.0,0.0
201500010853,7,6,15,2,5,60,88,2,1,1,6,"0, TUNNEL DU PAILLON",0.0,0.0
201500010854,6,6,15,18,1,60,88,2,1,1,5,"179, ANGLAIS (DU N° 114",0.0,0.0
201500010855,8,6,15,8,1,60,88,2,1,1,2,"0, DELFINO (BD GENERAL)",43.70407,7.28856
201500010856,7,6,15,6,2,60,88,1,1,1,6,"0, NAPOLEON III (PONT)",43.39542,7.12112
201500010857,9,6,15,15,1,60,88,2,1,1,3,"0, ROSSINI (R.)",43.70015,7.26241
201500010858,9,6,15,17,1,60,88,2,2,1,6,"37, ANGLAIS (DU N° 1 AU",43.69421,7.25708
201500010859,9,6,15,17,1,60,88,2,1,1,4,"1, VOIE RAPIDE",0.0,0.0
201500010860,10,6,15,9,1,60,88,2,1,1,1,"150, CORNICHE FLEURIE (A",43.69542,7.29244
201500010861,10,6,15,12,1,60,88,2,1,1,1,"32, CIMIEZ (BD) A PARTIR",0.0,0.0
201500010862,10,6,15,13,1,60,88,2,1,1,6,"6, CARABACEL (BD)",43.70318,7.27698
201500010863,10,6,15,14,1,60,88,2,2,1,3,RIPERT (EMILE),0.0,0.0
201500010864,10,6,15,19,1,60,88,2,1,1,2,"11, MATISSE (AV. HENRI)",0.0,0.0
201500010865,9,6,15,23,5,60,88,2,1,1,6,"00, DANTE (RUE)",0.0,0.0
201500010866,12,6,15,0,5,60,88,2,2,1,3,"0, RIQUIER (BD DE)",43.70119,7.28806
201500010867,12,6,15,15,1,60,88,2,1,1,3,MONTREAL (BD DE),0.0,0.0
201500010868,12,6,15,18,1,60,88,2,3,1,3,"308, STE MARGUERITE (AV.",43.69448,7.1999
201500010869,13,6,15,7,1,60,88,2,3,1,3,"1, BOTTERO (RUE)",0.0,0.0
201500010870,13,6,15,17,1,60,88,2,1,1,3,COMBOUL (AV. RAYMOND),43.70942,7.26565
201500010871,13,6,15,22,4,60,88,2,1,1,4,"38, ANGLAIS (DU N° 1 AU",0.0,0.0
201500010872,15,6,15,9,1,60,88,2,2,1,6,"8, VOIE ROMAINE (AV. DE",43.72333,7.28588
201500010873,15,6,15,12,1,60,88,2,1,1,6,"61, QUAI DES ETATS UNIS",0.0,0.0
201500010874,16,6,15,14,1,60,88,2,1,1,6,"3 bis, SEYTOUR (R. MARTI",43.69996,7.28221
201500010875,17,6,15,9,1,60,88,2,1,1,7,"247, ANGLAIS (DU N° 114",0.0,0.0
201500010876,17,6,15,10,1,60,88,2,1,1,3,"6, DANTE (RUE)",43.69595,7.25512
201500010877,17,6,15,13,1,60,88,2,1,1,6,"81, BAREL (BD VIRGILE)",0.0,0.0
201500010878,21,6,15,12,1,60,88,2,1,1,6,ANGLAIS (DU N° 1 AU N° 4,0.0,0.0
201500010879,21,6,15,13,1,60,88,2,1,1,3,"0, RAYNAUD (BD AUGUSTE)",43.71463,7.25856
201500010880,21,6,15,18,1,60,88,2,1,1,3,"139, LANTERNE (AV. DE LA",0.0,0.0
201500010881,22,6,15,14,1,60,88,2,1,1,1,VERNIER (R.),0.0,0.0
201500010882,22,6,15,16,1,60,88,2,1,1,1,"49, OBSERVATOIRE (R. PRI",0.0,0.0
201500010883,23,6,15,14,1,60,88,2,1,1,1,"24, CESSOLE (BD DE) (JUS",43.71213,7.25543
201500010884,23,6,15,15,1,60,88,2,1,1,3,VOIE RAPIDE,43.70564,7.26275
201500010885,24,6,15,8,1,60,88,2,1,1,6,"40 bis, GORBELLA (BD DE)",0.0,0.0
201500010886,24,6,15,10,1,60,88,2,1,1,4,"96, CASSIN (BD RENE)",43.66984,7.21772
201500010887,25,6,15,16,1,60,88,2,2,1,3,BERLIOZ (RUE),0.0,0.0
201500010888,26,6,15,5,2,60,88,2,1,1,6,"39, CALIFORNIE (AV.) (DU",43.69011,7.24213
201500010889,26,6,15,9,1,60,88,2,1,1,2,CORNIGLION MOLINIER (BD),0.0,0.0
201500010890,26,6,15,11,1,60,88,2,1,1,7,"116-130, PASTEUR (BD)",43.71366,7.27966
201500010891,26,6,15,15,1,60,88,2,2,1,6,"7, PASTORELLI (R.)",0.0,0.0
201500010892,26,6,15,22,5,60,88,2,1,1,6,"93, VALROSE (AV. )",0.0,0.0
201500010893,27,6,15,7,1,60,88,2,1,1,1,"35, EGLISE ST PANCRACE (",0.0,0.0
201500010894,28,6,15,22,5,60,88,2,2,1,3,"0, HUGO (BD VICTOR)",0.0,0.0
201500010895,29,6,15,11,1,60,88,2,1,1,3,"64, BESSET (AV.) (A PART",0.0,0.0
201500010896,29,6,15,23,5,60,88,2,2,1,1,FABRON (AV. DE) (JUSQU'A,0.0,0.0
201500010897,30,6,15,8,1,60,88,2,2,1,5,"33, ARSON (RUE)",0.0,0.0
201500010898,30,6,15,10,1,60,88,2,1,1,6,"28, LANTERNE (AV. DE LA)",0.0,0.0
201500010899,30,6,15,11,1,60,88,2,1,1,6,"0, GUTENBERG (R.)",43.7095,7.2585
201500010900,1,7,15,21,2,60,88,2,2,1,3,HUGO (BD VICTOR),0.0,0.0
201500010901,2,7,15,6,1,60,88,2,1,1,3,PASSY (R. FREDERIC),0.0,0.0
201500010902,2,7,15,11,1,60,88,2,1,1,6,"245, ANGLAIS (DU N° 114",0.0,0.0
201500010903,2,7,15,14,1,60,88,2,6,1,6,"320, TURIN (RTE DE)",43.73144,7.2893
201500010904,3,7,15,8,1,60,88,2,1,1,1,"19, VALOMBROSE (AV. DE)",0.0,0.0
201500010905,3,7,15,7,1,60,88,2,3,1,6,"1, GRENOBLE (ROUTE DE)",43.68397,7.19847
201500010906,3,7,15,16,1,60,88,2,1,1,3,"5, PELLOS (R. FRANCOIS)",43.71053,7.26479
201500010907,4,7,15,0,5,60,88,2,2,1,3,"0, SMOLETT (R.)",0.0,0.0
201500010908,4,7,15,16,1,60,88,2,1,1,2,"107, ANGLAIS (DU N° 114",43.69092,7.24663
201500010909,5,7,15,9,1,60,88,2,1,1,6,"37, MATISSE (AV. HENRI)",0.0,0.0
201500010910,5,7,15,23,5,60,88,1,1,1,3,"57, MATISSE (AV. HENRI)",0.0,0.0
201500010911,6,7,15,10,1,60,88,2,2,1,3,"0, ARMEE DES ALPES (BD D",43.70829,7.2928
201500010912,6,7,15,20,2,60,88,2,1,1,1,"59, ETATS UNIS (QUAI DES",0.0,0.0
201500010913,6,7,15,19,1,60,88,2,1,1,2,"3, MADELEINE (BD DE LA)",0.0,0.0
201500010914,7,7,15,12,1,60,88,2,1,1,3,"63, MADELEINE (BD DE LA)",43.69826,7.24028
201500010915,29,3,15,0,5,60,88,1,1,1,3,"0, ROQUEBILLIERE (R. DE)",0.0,0.0
201500010916,7,7,15,18,1,60,88,2,1,1,6,CASSIN (BD RENE),43.67009,7.22112
201500010917,8,7,15,19,1,60,88,2,1,1,6,"0, VALOMBROSE (AV. DE)",43.72552,7.2793
201500010918,8,7,15,20,2,60,88,2,1,1,6,GILLY (R. JULES),0.0,0.0
201500010919,9,7,15,13,1,60,88,2,1,1,6,"102, SAINT-PIERRE DE FER",43.70715,0.0
201500010920,9,7,15,21,2,60,159,2,1,1,1,"23, CORNE D OR (BOULEVAR",43.70704,7.30401
201500010921,10,7,15,1,5,60,88,2,1,1,3,"198, ANGLAIS (DU N° 114",43.68652,7.23793
201500010922,10,7,15,8,1,60,88,2,2,1,3,"45bis, GAMBETTA (JUSQU'A",43.69909,7.25609
201500010923,10,7,15,11,1,60,88,2,2,1,2,TURIN (RTE DE),0.0,0.0
201500010924,10,7,15,20,1,60,88,2,1,1,3,"0, CORNICHE FLEURIE (AV.",43.69535,7.2922
201500010925,11,7,15,0,5,60,88,2,1,1,3,"0, CASSIN (BD RENE)",43.67184,7.22356
201500010926,11,7,15,7,1,60,88,2,3,1,3,"0, CARABACEL (BD)",43.70393,7.27467
201500010927,9,7,15,20,1,60,88,2,2,1,1,MICHEL (R. JULES),0.0,0.0
201500010928,11,7,15,10,1,60,88,2,1,1,3,"148, CALIFORNIE (AV.) (D",0.0,0.0
201500010929,11,7,15,23,5,60,88,2,1,1,2,"189, MADELEINE (BD DE LA",43.70633,7.23229
201500010930,12,7,15,20,5,60,88,2,1,1,6,"272, CALIFORNIE (AV.) (A",0.0,0.0
201500010931,14,7,15,16,1,60,88,2,2,1,3,"0, PARIS (R. DE)",43.70476,7.26735
201500010932,15,7,15,16,1,60,88,2,1,1,2,"22, QUAI LUNEL",0.0,0.0
201500010933,15,7,15,17,1,60,88,2,1,1,2,"71, ROQUEBILLIERE (R. DE",43.7139,7.2891
201500010934,16,7,15,14,1,60,88,2,7,1,3,SAINT-PHILIPPE (PL.),0.0,0.0
201500010935,16,7,15,14,1,60,88,2,1,1,2,"16, JOLY (CORNICHE ANDRE",43.69947,7.29386
201500010936,17,7,15,1,5,60,88,2,1,1,6,"120, SAINT-PIERRE DE FER",43.71523,7.23856
201500010937,17,7,15,11,1,60,88,2,6,1,3,"0, GRENOBLE (ROUTE DE)",43.74765,7.1888
201500010938,17,7,15,20,1,60,88,1,1,1,3,"199, ANGLAIS (DU N° 114",43.68856,7.24092
201500010939,18,7,15,12,1,60,88,1,4,1,1,"0, LAUVETTE (CITE DE LA)",43.74267,7.30836
201500010940,18,7,15,14,1,60,88,2,1,1,2,"0, ANGLAIS (DU N° 1 AU N",0.0,0.0
201500010941,18,7,15,18,1,60,159,2,1,1,2,"1125, NAPOLEON III (BOUL",43.70353,7.32309
201500010942,19,7,15,10,1,60,88,2,1,1,6,RAY (AV. DU),43.72439,7.2578
201500010943,19,7,15,12,1,60,88,2,1,1,1,"183, PESSICART (JUSQU'AU",43.71458,7.25082
201500010944,21,7,15,1,5,60,88,2,3,1,3,"0, SAINT-AUGUSTIN (AV. D",43.67526,7.22721
201500010945,21,7,15,11,1,60,88,2,1,1,6,"0, TUNNEL ET VOIE MALRAU",43.70724,7.27615
201500010946,21,7,15,18,1,60,88,2,9,1,3,"0, VOIE RAPIDE",43.69812,7.24814
201500010947,21,7,15,23,5,60,88,2,1,1,7,"11, GAMBETTA (JUSQU'AU N",43.6949,7.25618
201500010948,22,7,15,7,1,60,159,2,1,1,6,"57, GENERAL LECLER (AVEN",43.70436,7.30305
201500010949,23,7,15,9,1,60,88,2,1,1,1,"4, QUAI PAPACINO",43.69807,7.28355
201500010950,25,7,15,2,5,60,88,2,2,1,3,"35, BARLA (RUE)",43.70077,7.28677
201500010951,25,7,15,15,1,60,88,2,2,1,3,"30, ALBERTI (RUE)",43.70093,7.27107
201500010952,25,7,15,17,1,60,88,2,1,1,6,"122, CARNOT (BD)",43.69193,7.29389
201500010953,26,7,15,2,5,60,88,2,1,1,2,"115, ANGLAIS (N° 113)",43.69063,7.24501
201500010954,27,7,15,13,1,60,88,2,1,1,3,"119, PASTEUR (BD)",43.71306,7.27917
201500010955,27,7,15,17,1,60,88,2,1,1,2,"155, ANGLAIS (DU N° 114",43.68883,7.24108
201500010956,28,7,15,7,1,60,88,2,2,1,6,"0, BLANCON (RUE PIERRE)",43.70569,7.28815
201500010957,28,7,15,11,1,60,88,2,2,1,3,"18, MIRON (R.)",43.70617,7.26686
201500010958,28,7,15,13,1,60,88,2,1,1,3,"109, SAINT-AUGUSTIN (AV.",43.67034,7.21689
201500010959,28,7,15,19,1,60,88,1,1,1,3,"183, RIMIEZ (AV. DE)",0.0,0.0
201500010960,29,7,15,9,1,60,88,2,1,1,7,"232, RD 6202",43.68085,7.20028
201500010961,29,7,15,11,1,60,88,2,1,1,6,"69, GORBELLA (BD DE)",43.7194,7.25661
201500010962,28,7,15,17,1,60,88,2,1,1,3,"0, ARIANE (BD DE L')",43.73896,7.30791
201500010963,29,7,15,20,1,60,88,2,1,1,6,"0, GARIBALDI (PL.)",43.70052,7.28029
201500010964,29,7,15,20,1,60,159,2,1,1,3,"11, ALBERT 1ER (AVENUE)",43.70398,7.31093
201500010965,30,7,15,15,1,60,88,2,2,1,3,"1, JOFFRE (R. MARECHAL)",43.69861,7.26395
201500010966,31,7,15,14,1,60,88,2,1,1,2,"273, GRENOBLE (ROUTE DE)",0.0,0.0
201500010967,1,8,15,19,1,60,88,2,1,1,6,"6, BARLA (RUE)",43.70241,7.28107
201500010968,2,8,15,12,1,60,88,2,1,1,1,"65, CREMAT (CH. DE)",43.71453,7.19579
201500010969,4,8,15,2,5,60,88,2,2,1,3,"0, KARR (R. ALPHONSE)",43.42022,7.15507
201500010970,4,8,15,19,1,60,88,2,1,1,3,"0, RAYNAUD (BD AUGUSTE)",43.71689,7.25699
201500010971,5,8,15,8,1,60,159,2,1,1,3,"1723, MOYENNE CORNICHE",43.71644,7.33288
201500010972,5,8,15,18,1,60,88,2,1,1,6,QUAI DES ETATS UNIS,43.69511,7.27148
201500010973,5,8,15,1,5,60,88,2,1,1,6,"0, ANGLAIS (A PARTIR DU",43.3953,7.1212
201500010974,6,8,15,22,5,60,88,2,2,1,3,"4, AUNE (RUE FRANCOIS)",43.69881,7.25538
201500010975,7,8,15,12,1,60,159,2,1,1,3,"1005, NAPOLEON III (BOUL",43.70359,7.32278
201500010976,7,8,15,15,1,60,88,2,9,1,3,"81, RAYBAUD JOSEPH",0.0,0.0
201500010977,8,8,15,23,5,60,88,2,2,1,3,"9, PARIS (R. DE)",43.70622,7.26856
201500010978,9,8,15,10,1,60,88,2,1,1,6,"8, GLORIA (AV.)",0.0,0.0
201500010979,9,8,15,16,1,60,88,2,1,1,3,"1, NAPOLEON III (PONT)",43.66411,7.19962
201500010980,10,8,15,0,5,60,88,2,1,1,1,"0, GAMBETTA (JUSQU'AU N°",0.0,0.0
201500010981,10,8,15,1,5,60,88,2,1,1,6,"75, JOLY (CORNICHE ANDRE",0.0,0.0
201500010982,10,8,15,21,5,60,88,1,1,1,3,ANGLAIS (A PARTIR DU N°,0.0,0.0
201500010983,12,8,15,2,5,60,88,2,1,1,6,ANGLAIS (DU N° 1 AU N° 4,43.69539,7.26539
201500010984,12,8,15,4,5,60,88,2,1,1,6,"1, CHATEAUNEUF (RUE)",0.0,0.0
201500010985,12,8,15,11,1,60,88,2,1,1,3,"11, RAY (AV. DU)",43.72118,7.26076
201500010986,12,8,15,15,1,60,88,2,1,1,3,"37, ANGLAIS (DU N° 1 AU",0.0,0.0
201500010987,12,8,15,23,5,60,88,2,3,1,7,GARIGLIANO (PONTS),0.0,0.0
201500010988,13,8,15,9,1,60,88,2,2,1,3,FIGHIERA (R. DU DOCTEUR),43.7107,7.28938
201500010989,13,8,15,9,1,60,88,2,2,1,3,VERANY (BD J.B.),0.0,0.0
201500010990,13,8,15,22,5,60,88,2,2,1,3,DIABLES BLEUS (AV. DES),0.0,0.0
201500010991,15,8,15,8,1,60,88,2,1,1,1,"51, MATISSE (AV. HENRI)",0.0,0.0
201500010992,16,8,15,22,5,60,88,2,1,1,6,ANGLAIS (N° 113),0.0,0.0
201500010993,17,8,15,7,1,60,159,1,1,1,2,"25, PRINCESSE GRACE DE M",0.0,0.0
201500010994,17,8,15,2,5,60,88,2,1,1,2,"25, ANGLAIS PLAGE (N°1 A",0.0,0.0
201500010995,18,8,15,16,1,60,88,1,1,1,3,"222, TURIN (RTE DE)",0.0,0.0
201500010996,19,8,15,17,1,60,88,2,2,1,3,BEAUMONT (RUE),0.0,0.0
201500010997,19,8,15,18,1,60,88,2,1,1,6,"211, CALIFORNIE (AV.) (A",0.0,0.0
201500010998,20,8,15,13,1,60,88,2,1,1,1,"155, SAINT-LAMBERT (AV.)",0.0,0.0
201500010999,20,8,15,18,1,60,88,2,1,1,2,"267, ANGLAIS (DU N° 265",0.0,0.0
201500011000,20,8,15,20,2,60,159,2,1,1,6,"14, FRANCOIS FERRY (CHEM",0.0,0.0
201500011001,21,8,15,5,5,60,88,2,1,1,6,GOUNOD (RUE),0.0,0.0
201500011002,23,8,15,22,5,60,88,1,1,2,6,"24, MEYERBEER (RUE ET PA",0.0,0.0
201500011003,24,8,15,15,1,60,88,2,2,1,3,FRANKLIN (PL.),0.0,0.0
201500011004,24,8,15,17,1,60,88,2,1,2,6,"590, GRENOBLE (ROUTE DE)",0.0,0.0
201500011005,24,8,15,17,1,60,88,2,1,2,1,"590, RD 6202",43.72743,7.18566
201500011006,25,8,15,8,1,60,88,2,1,1,2,"000, NAPOLEON III (BD)",0.0,0.0
201500011007,25,8,15,14,1,60,88,2,2,1,3,"04, FALICON (BD COMTE DE",0.0,0.0
201500011008,25,8,15,18,1,60,88,2,1,1,3,SAINT-LAMBERT (AV.) (A P,0.0,0.0
201500011009,26,8,15,16,1,60,88,2,1,1,1,"219, ANGLAIS (DU N° 114",0.0,0.0
201500011010,26,8,15,21,5,60,88,2,2,1,1,LAUVETTE (CITE DE LA),0.0,0.0
201500011011,27,8,15,0,5,60,88,2,2,1,3,MARSHALL (PL. GENERAL),0.0,0.0
201500011012,27,8,15,10,1,60,88,2,1,1,6,"31, MARNE (AV. DE LA)",0.0,0.0
201500011013,28,8,15,10,1,60,88,2,1,1,6,BARLA (RUE),43.70102,7.28558
201500011014,28,8,15,18,1,60,88,1,1,1,4,"0, VOIE RAPIDE",0.0,0.0
201500011015,28,8,15,12,1,60,88,2,1,1,3,VOIE RAPIDE,0.0,0.0
201500011016,30,8,15,2,5,60,88,2,2,1,3,CARABACEL (BD),0.0,0.0
201500011017,31,8,15,4,5,60,88,1,1,1,6,"133, GRENOBLE (ROUTE DE)",43.40143,7.12358
201500011018,31,8,15,13,1,60,88,2,1,1,6,"88, BESSET (AV.) (A PART",43.71921,7.25243
201500011019,31,8,15,14,1,60,88,2,1,1,3,"89, GAMBETTA (A PARTIR D",43.69526,7.2563
201500011020,1,9,15,9,1,60,88,2,2,1,3,"47, SMOLETT (R.)",0.0,0.0
201500011021,2,9,15,1,5,60,88,2,1,1,2,"0, ANGLAIS (DU N° 265 AU",0.0,0.0
201500011022,2,9,15,8,1,60,88,1,1,1,2,VOIE RAPIDE,43.69514,7.24602
201500011023,2,9,15,15,1,60,88,2,1,1,3,"2, FRANKLIN (PL.)",43.41585,7.15225
201500011024,2,9,15,19,2,60,88,2,3,1,3,"130, OLIVIERS (CORNICHE",43.73912,7.23414
201500011025,3,9,15,11,1,60,88,2,1,1,3,"0, VOIE ROMAINE (AV. DE",0.0,0.0
201500011026,3,9,15,22,5,60,88,2,9,1,3,"25-27, GRACE DE MONACO (",0.0,0.0
201500011027,4,9,15,8,1,60,88,2,1,1,3,"1, MONTREAL (BD DE)",0.0,0.0
201500011028,4,9,15,16,1,60,88,2,1,1,2,ANGLAIS (DU N° 265 AU N°,43.4118,7.14276
201500011029,6,9,15,0,5,60,88,2,1,1,3,"0, ARMEE DES ALPES (BD D",43.70726,7.29247
201500011030,6,9,15,2,5,60,88,2,2,1,6,"37, GOUNOD (RUE)",43.41596,7.1538
201500011031,6,9,15,5,5,60,88,2,2,1,3,"0, ANGLAIS (DU N° 265 AU",43.67528,7.22726
201500011032,6,9,15,18,1,60,88,2,1,1,6,"59/61, JOLY (CORNICHE AN",43.70026,7.29605
201500011033,7,9,15,7,2,60,159,2,1,1,3,CORNE D OR (BOULEVARD DE,43.42354,7.18409
201500011034,7,9,15,11,1,60,88,2,6,1,3,"1, VEROLA (AV. AUGUSTE)",43.71085,7.19457
201500011035,7,9,15,19,2,60,88,2,1,1,2,CORNIGLION MOLINIER (BD),43.4118,7.14273
201500011036,8,9,15,15,1,60,88,2,1,1,6,"30, MEDECIN (AV. JEAN)",43.70167,7.26723
201500011037,8,9,15,17,1,60,88,2,2,1,6,BARLA (RUE),43.42068,7.16584
201500011038,9,9,15,8,1,60,88,2,1,1,3,"13, DURANDY (AV. JOSEPH)",43.4255,7.1304
201500011039,9,9,15,8,1,60,88,2,1,1,2,"1, VOIE RAPIDE",43.70562,7.2625
201500011040,10,9,15,13,1,60,88,2,1,1,2,"57, OBSERVATOIRE (R. PRI",43.72484,7.29567
201500011041,10,9,15,17,1,60,88,2,1,1,3,"289, PESSICART (DU 272/2",43.43117,7.14473
201500011042,11,9,15,21,4,60,88,2,1,1,2,"270, TURIN (RTE DE)",0.0,0.0
201500011043,12,9,15,17,1,60,88,2,2,1,3,"0, DESAMBROIS (AV.)",43.70444,7.27351
201500011044,14,9,15,13,1,60,88,2,3,1,3,"177, LYAUTEY (AV. DU MAL",43.72224,7.28691
201500011045,14,9,15,19,2,60,88,2,3,1,6,"0, PACHO (R.)",0.0,0.0
201500011046,15,9,15,13,1,60,88,2,1,1,2,"0, EUGENIE (BD IMPERATRI",0.0,0.0
201500011047,15,9,15,18,1,60,88,2,1,1,2,"0, MONET (TRAV. JEAN)",43.70734,7.28242
201500011048,16,9,15,8,1,60,88,1,1,1,3,"2, SAPPIA (AV. HENRI)",0.0,0.0
201500011049,16,9,15,13,1,60,88,2,1,1,6,"16, GAIRAUT (AV. DE)",43.73474,7.2673
201500011050,16,9,15,19,5,60,88,2,1,1,1,BELLET (RTE DE),0.0,0.0
201500011051,18,9,15,7,1,60,88,2,1,1,6,GRENOBLE (ROUTE DE),0.0,0.0
201500011052,18,9,15,12,1,60,88,1,2,1,3,PENCHIENATI (R.),0.0,0.0
201500011053,18,9,15,23,5,60,88,2,7,1,1,"0, SAINT-PHILIPPE (PL.)",0.0,0.0
201500011054,19,9,15,4,5,60,88,2,1,1,3,"0, ANGLAIS (DU N° 45 AU",0.0,0.0
201500011055,18,9,15,19,2,60,88,2,1,1,2,"18, ARMEE DES ALPES (BD",43.70771,7.2926
201500011056,19,9,15,7,1,60,88,2,1,1,6,"115, ANGLAIS PLAGE (DU 1",0.0,0.0
201500011057,20,9,15,17,1,60,88,2,3,1,6,"8, FAURE (AV. FELIX)",0.0,0.0
201500011058,20,9,15,18,1,60,88,2,1,1,2,"63, GRENOBLE (ROUTE DE)",43.67094,7.20995
201500011059,21,9,15,8,1,60,88,1,1,1,3,"63, ARIANE (BD DE L')",0.0,0.0
201500011060,21,9,15,8,1,60,88,2,3,1,3,"41, THIERS (AV.)",0.0,0.0
201500011061,21,9,15,13,1,60,88,2,3,1,1,"43, THIERS (AV.)",43.70203,7.25709
201500011062,21,9,15,18,1,60,88,1,1,1,6,"31, ROASSAL (R. CLEMENT)",0.0,0.0
201500011063,23,9,15,8,1,60,88,2,1,1,1,"0, SAINT-PHILIPPE (PL.)",0.0,0.0
201500011064,23,9,15,21,5,60,88,2,1,1,1,"13, TZAREWITCH (BD DU)",0.0,0.0
201500011065,23,9,15,22,5,60,88,2,2,1,3,"0, VERNIER (R.)",0.0,0.0
201500011066,24,9,15,19,5,60,88,2,1,1,2,"55, ANGLAIS (DU N° 45 AU",43.69341,7.2538
201500011067,25,9,15,13,1,60,88,2,1,1,3,"15, CERNUSCHI (AV.)",0.0,0.0
201500011068,26,9,15,1,5,60,88,2,1,1,6,"111, JOLY (CORNICHE ANDR",43.70456,7.29952
201500011069,26,9,15,15,1,60,88,2,9,1,3,ARMEE DES ALPES (BD DE L,0.0,0.0
201500011070,26,9,15,17,1,60,88,2,1,1,3,"105, QUAI DES ETATS UNIS",0.0,0.0
201500011071,28,9,15,9,1,60,88,2,1,1,3,"93, PASTEUR (BD)",0.0,0.0
201500011072,28,9,15,10,1,60,88,2,1,1,3,"0, BARLA (RUE)",0.0,0.0
201500011073,28,9,15,21,5,60,88,2,1,1,3,"0, CORNIGLION MOLINIER (",43.66542,7.21044
201500011074,30,9,15,16,1,60,88,1,1,1,3,"11 BIS, GUBERNATIS (R.)",43.70034,7.27251
201500011075,30,9,15,14,1,60,88,2,1,1,6,"14, MEDECIN (AV. JEAN)",0.0,0.0
201500011076,30,9,15,16,1,60,88,2,1,1,3,"1, CESSOLE (BD DE) (JUSQ",43.70673,7.26958
201500011077,1,10,15,10,1,60,88,2,1,1,6,"28, MALAUSSENA (AV.)",43.70898,7.26282
201500011078,2,10,15,4,5,60,88,2,1,3,6,"87, ANGLAIS (DU N° 45 AU",0.0,0.0
201500011079,2,10,15,12,1,60,88,2,1,3,1,Route de la Sonexa,43.66564,7.19939
201500011080,3,10,15,19,5,60,88,2,1,3,4,"0, GRENOBLE (ROUTE DE)",0.0,0.0
201500011081,5,10,15,18,1,60,88,2,1,1,6,"197, ANGLAIS (DU N° 114",0.0,0.0
201500011082,6,10,15,15,1,60,88,2,2,1,3,"0, QUINZIEME CORPS (AV.",0.0,0.0
201500011083,6,10,15,18,1,60,159,2,1,1,4,"9, CORNE D OR (BOULEVARD",0.0,0.0
201500011084,7,10,15,15,1,60,88,2,2,1,7,"0, GIOFFREDO (R.)",43.69896,7.27235
201500011085,7,10,15,15,1,60,88,2,1,1,6,"4, FALICON (BD COMTE DE)",0.0,0.0
201500011086,7,10,15,21,5,60,88,2,2,1,3,"24, VERDI (R.)",43.69959,7.25924
201500011087,9,10,15,5,5,60,88,2,1,1,1,NAPOLEON III (PONT),0.0,0.0
201500011088,9,10,15,10,1,60,88,2,1,1,6,"0, VOIE ROMAINE (AV. DE",43.72294,7.28843
201500011089,10,10,15,1,5,60,88,2,1,1,2,"87, SAINT-AUGUSTIN (AV.",43.67294,7.22137
201500011090,10,10,15,16,1,60,88,2,1,1,2,PENETRANTE DU PAILLON,43.71161,7.28418
201500011091,11,10,15,2,5,60,88,2,1,1,6,POMPIDOU (BD GEORGES),43.66918,7.20281
201500011092,11,10,15,13,1,60,88,2,1,1,5,"11, GAMBETTA (JUSQU'AU N",43.69496,7.25628
201500011093,12,10,15,10,1,60,88,2,1,1,4,"3, GRAVIER (AV.)",43.72701,7.26033