Num_Acc,jour,mois,an,hr,condition_eclairage,departement,commune,condition_agglomeration,intersection,condition_atmosphere,type_collision,adresse,lattitude,longitude
201500011094,12,10,15,22,5,60,88,2,4,2,1,"0, ALICANTE (RUE D')",43.69628,7.26615
201500011095,13,10,15,7,2,60,88,2,3,1,6,"5 - 7, GARNERAY (R. LOUI",0.0,0.0
201500011096,13,10,15,12,1,60,88,2,1,1,6,"0, DELVALLE (RUE PROF.)",0.0,0.0
201500011097,14,10,15,12,1,60,88,2,7,1,3,"0, VERANY (BD J.B.)",43.71165,7.28421
201500011098,14,10,15,18,2,60,88,2,1,1,3,"0, VOIE RAPIDE",43.403,7.13205
201500011099,15,10,15,8,1,60,88,2,1,1,3,"6, GRINDA (AV. EDOUARD)",43.40172,7.13022
201500011100,16,10,15,9,1,60,88,2,1,1,3,SEMARD (BD PIERRE),0.0,0.0
201500011101,16,10,15,11,1,60,88,2,1,1,6,"444, GRENOBLE (ROUTE DE)",0.0,0.0
201500011102,19,10,15,7,2,60,88,2,2,1,3,NAPOLEON III (BD),0.0,0.0
201500011103,20,10,15,10,1,60,88,2,2,1,3,NAPOLEON III (BD),0.0,0.0
201500011104,20,10,15,18,2,60,88,2,1,1,6,"17, DELFINO (BD GENERAL)",0.0,0.0
201500011105,21,10,15,2,5,60,88,2,2,1,3,LYAUTEY (AV. DU MAL),0.0,0.0
201500011106,22,10,15,19,5,60,88,2,1,1,3,"1, ANGLAIS (DU N° 1 AU N",0.0,0.0
201500011107,23,10,15,11,1,60,88,2,1,1,2,"0, GRENOBLE (ROUTE DE)",43.67087,7.21004
201500011108,23,10,15,18,1,60,88,2,2,1,3,PASTORELLI (R.),0.0,0.0
201500011109,23,10,15,19,3,60,88,2,1,1,2,"192, GRENOBLE (ROUTE DE)",43.67087,7.21004
201500011110,26,10,15,16,1,60,88,2,1,1,4,VOIE RAPIDE,0.0,0.0
201500011111,27,10,15,1,5,60,88,1,6,1,1,"0, TURIN (RTE DE)",43.73107,7.28841
201500011112,27,10,15,11,1,60,88,2,1,8,6,"1, GARNIER (BD JOSEPH)",43.7101,7.26129
201500011113,27,10,15,14,1,60,88,2,1,1,6,"285, ANGLAIS (DU N° 265",43.68061,7.23084
201500011114,30,10,15,8,1,60,88,2,1,1,3,"18, REINE-VICTORIA (AV.)",0.0,0.0
201500011115,30,10,15,11,1,60,88,2,1,1,3,"19, BARLA (RUE)",0.0,0.0
201500011116,31,10,15,3,5,60,88,2,3,1,1,"10, CARABACEL (BD)",43.70316,7.27716
201500011117,31,10,15,4,5,60,88,2,1,1,6,"192, SAINT-ANTOINE (RTE",43.70498,7.21862
201500011118,31,10,15,16,2,60,88,2,1,1,4,"179, CASSIN (BD RENE)",43.66762,7.20881
201500011119,31,10,15,22,5,60,88,2,2,1,6,"0, COMBATTANTS D'AFN (RU",43.70695,7.25967
201500011120,1,11,15,4,5,60,88,2,1,1,6,"25 BIS, CARNOT (BD)",0.0,0.0
201500011121,1,11,15,13,1,60,88,2,6,1,3,"0, DIABLES BLEUS (AV. DE",0.0,0.0
201500011122,1,11,15,13,1,60,88,2,1,1,6,"55, GAMBETTA (JUSQU'AU N",0.0,0.0
201500011123,1,11,15,16,1,60,88,2,3,1,6,"0, TURIN (RTE DE)",43.7162,7.28469
201500011124,1,11,15,18,5,60,88,2,1,1,7,"5, TRACHEL (RUE)",0.0,0.0
201500011125,1,11,15,18,5,60,88,2,1,1,2,"223, ANGLAIS (DU N° 114",43.68431,7.2346
201500011126,2,11,15,9,1,60,88,2,1,1,6,"16, SEMERIA (AV. DENIS)",43.71492,7.28642
201500011127,2,11,15,12,1,60,88,2,2,1,3,"0, BORRIGLIONE (JUSQU'AU",0.0,0.0
201500011128,2,11,15,16,1,60,88,2,2,1,6,"0, CAPPATTI (AV. LOUIS)",43.7214,7.25997
201500011129,3,11,15,18,5,60,88,2,1,2,3,"71, BORRIGLIONE (A PARTI",0.0,0.0
201500011130,4,11,15,12,1,60,88,2,1,1,6,"47, CESSOLE (BD DE) (JUS",43.71544,7.25366
201500011131,4,11,15,17,1,60,88,2,1,1,7,"44, JOFFRE (R. MARECHAL)",43.69779,7.26048
201500011132,5,11,15,21,5,60,88,2,2,1,3,"15, CASSINI (RUE)",43.69928,7.28316
201500011133,6,11,15,7,2,60,159,1,1,1,1,MOYENNE CORNICHE,0.0,0.0
201500011134,6,11,15,19,5,60,88,2,1,1,3,"84, SAPPIA (AV. HENRI)",0.0,0.0
201500011135,7,11,15,5,5,60,88,2,1,1,3,"131, ANGLAIS (DU N° 114",43.68984,7.24332
201500011136,7,11,15,15,1,60,88,2,1,1,4,"0, VOIE RAPIDE",43.70556,7.26258
201500011137,9,11,15,9,1,60,88,2,1,1,3,"0, PASTORELLI (R.)",43.70081,7.27107
201500011138,9,11,15,18,5,60,159,2,1,1,2,"11, ALBERT 1ER (AVENUE)",0.0,0.0
201500011139,10,11,15,8,1,60,88,2,1,1,2,"0, PENETRANTE DU PAILLON",43.72086,7.28732
201500011140,10,11,15,10,1,60,88,2,1,1,6,"0, MICHEL ANGE (AV.) (A",0.0,0.0
201500011141,10,11,15,13,1,60,88,2,1,1,4,"19-21, CESSOLE (BD DE) (",43.712,7.25549
201500011142,10,11,15,18,1,60,88,2,2,1,6,"0, FRANCE (R. DE) DU N°",43.69196,7.24681
201500011143,11,11,15,1,5,60,88,2,2,1,3,"271, ANGLAIS (DU N° 114",43.68124,7.2317
201500011144,10,11,15,19,5,60,88,2,2,1,5,"0, GOIRAN (PL. GAL)",0.0,0.0
201500011145,11,11,15,15,1,60,88,2,2,1,3,"0, VAUBAN (R. MARECHAL)",0.0,0.0
201500011146,12,11,15,18,5,60,88,2,1,1,5,"38, MADELEINE (BD DE LA)",0.0,0.0
201500011147,12,11,15,19,5,60,88,2,3,1,5,"0, MONTREAL (BD DE)",43.68784,7.21723
201500011148,12,11,15,21,5,60,88,2,1,1,6,"261, ANGLAIS (DU N° 114",0.0,0.0
201500011149,13,11,15,12,1,60,88,2,1,1,2,PENETRANTE DU PAILLON,0.0,0.0
201500011150,13,11,15,16,1,60,88,2,1,1,2,"0, VOIE RAPIDE",0.0,0.0
201500011151,15,11,15,17,5,60,88,2,1,1,6,"30, MADELEINE (AV. DE LA",43.69523,7.24308
201500011152,18,11,15,1,5,60,88,2,1,1,6,"59, BEAUMONT (RUE)",43.70291,7.28843
201500011153,18,11,15,18,2,60,88,2,1,1,2,"8, MADELEINE (BD DE LA)",0.0,0.0
201500011154,19,11,15,14,1,60,88,2,1,1,6,"115, CANTA GALET (RTE DE",0.0,0.0
201500011155,19,11,15,17,5,60,88,2,1,1,2,"41-43, MATISSE (AV. HENR",0.0,0.0
201500011156,20,11,15,8,1,60,88,2,1,1,4,VOIE RAPIDE,0.0,0.0
201500011157,20,11,15,15,1,60,88,2,7,1,3,FRANKLIN (PL.),0.0,0.0
201500011158,21,11,15,15,1,60,88,2,1,1,1,"30, VALLIERE (AV. DE L.",0.0,0.0
201500011159,22,11,15,22,5,60,88,2,2,1,3,"21, MARCEAU (R.)",43.70755,7.26588
201500011160,23,11,15,18,1,60,88,2,2,1,3,"0, BERI (RUE EDOUARD)",0.0,0.0
201500011161,24,11,15,8,1,60,88,2,2,1,3,"16, GIOFFREDO (R.)",43.42057,7.16341
201500011162,24,11,15,18,5,60,88,2,1,1,3,"43, GRACE DE MONACO (BD",43.41289,7.18249
201500011163,25,11,15,13,1,60,88,2,1,1,6,"1, BLANQUI (PL. AUGUSTE)",43.42805,7.17234
201500011164,25,11,15,14,1,60,88,2,2,8,6,"51, GARNIER (BD JOSEPH)",0.0,0.0
201500011165,26,11,15,11,1,60,88,2,1,1,3,"37, SERRES DE SAQUIER (C",0.0,0.0
201500011166,27,11,15,13,1,60,88,2,1,1,2,CASSIN (BD RENE),0.0,0.0
201500011167,27,11,15,15,1,60,88,2,2,1,3,"0, DURANTE (AV.)",43.70227,7.26252
201500011168,27,11,15,19,5,60,88,1,1,1,1,"367, ANGLAIS (A PARTIR D",43.6709,7.22375
201500011169,28,11,15,12,1,60,88,2,1,1,2,"20, THIERS (AV.)",43.70317,7.25979
201500011170,28,11,15,17,1,60,88,2,2,1,1,"13, GAMBETTA (JUSQU'AU N",43.70912,7.25593
201500011171,28,11,15,22,5,60,88,2,1,1,1,"7, GAIRAUT (AV. DE)",43.43297,7.15279
201500011172,20,11,15,21,5,60,88,2,1,1,3,ANGLAIS (DU N° 1 AU N° 4,0.0,0.0
201500011173,30,11,15,19,5,60,88,2,1,1,3,"31, EUGENIE (BD IMPERATR",43.69331,7.23055
201500011174,1,12,15,17,5,60,88,2,3,1,3,"1, BESSY (RUE JULES)",0.0,0.0
201500011175,2,12,15,7,1,60,88,2,7,1,2,"2, RAIBERTI (R.)",0.0,0.0
201500011176,2,12,15,9,1,60,88,2,1,1,6,"314, BELLET (RTE DE)",43.71376,7.22043
201500011177,3,12,15,7,1,60,88,2,1,1,3,"104, MADELEINE (BD DE LA",0.0,0.0
201500011178,3,12,15,18,5,60,88,2,1,1,2,"0, POMPIDOU (BD GEORGES)",43.67084,7.20221
201500011179,4,12,15,14,1,60,88,2,1,1,4,"73TER, GAMBETTA (A PARTI",0.0,0.0
201500011180,4,12,15,18,2,60,88,2,1,1,6,"8, THIERS (AV.)",0.0,0.0
201500011181,4,12,15,21,5,60,88,2,1,1,7,TUNNEL DU PAILLON,0.0,0.0
201500011182,5,12,15,3,5,60,88,2,1,1,6,"61, CESSOLE (BD DE) (JUS",43.71689,7.25298
201500011183,5,12,15,14,1,60,88,2,1,2,6,"236, CALIFORNIE (AV.) (A",43.40483,7.13479
201500011184,5,12,15,19,5,60,88,2,2,2,6,"20, ARMEE DES ALPES (BD",43.42296,7.1734
201500011185,6,12,15,13,1,60,88,2,1,1,3,"2, MAHONIAS (R. DES)",0.0,0.0
201500011186,7,12,15,9,1,60,88,2,1,1,3,"87, RAYBAUD JOSEPH",0.0,0.0
201500011187,7,12,15,17,2,60,88,2,1,2,3,"39 ter, CIMIEZ (BD) A PA",43.71341,7.27161
201500011188,7,12,15,17,5,60,88,2,3,2,6,"0, FLANDRES-DUNKERQUE (T",43.69804,7.27419
201500011189,7,12,15,23,5,60,88,2,1,2,3,"0, BAREL (PLACE MAX)",0.0,0.0
201500011190,8,12,15,18,5,60,88,2,1,1,6,"29, SEMERIA (AV. DENIS)",0.0,0.0
201500011191,8,12,15,20,5,60,88,2,1,1,6,"0, CALIFORNIE (AV.) (DU",43.68925,7.24073
201500011192,9,12,15,9,1,60,88,2,1,1,6,"68, BRANCOLAR (AV.) (A P",0.0,0.0
201500011193,9,12,15,11,1,60,88,2,3,1,1,"53, GAMBETTA (JUSQU'AU N",0.0,0.0
201500011194,9,12,15,21,5,60,88,2,1,1,5,"95, CALIFORNIE (AV.) (DU",0.0,0.0
201500011195,11,12,15,7,1,60,88,2,2,1,1,"9, FIGHIERA PASQUIER (AV",43.72443,7.25369
201500011196,11,12,15,8,1,60,88,1,2,1,3,"x, SOLA (BD PIERRE)",0.0,0.0
201500011197,11,12,15,12,1,60,88,2,2,1,3,CESSOLE (BD DE) (JUSQU'A,0.0,0.0
201500011198,11,12,15,15,1,60,88,2,2,1,3,"0, REPUBLIQUE (AV. DE LA",0.0,0.0
201500011199,12,12,15,23,5,60,88,2,1,1,2,"0, VERNIER (R.)",43.70719,7.26095
201500011200,14,12,15,12,1,60,88,2,1,1,3,"25, SOLA (BD PIERRE)",0.0,0.0
201500011201,14,12,15,13,1,60,88,2,1,1,5,"333, STE-MARGUERITE (AV.",43.41442,7.11592
201500011202,15,12,15,6,5,60,88,2,1,1,1,"111, GAMBETTA (A PARTIR",0.0,0.0
201500011203,15,12,15,9,1,60,88,2,1,1,3,"0, TUNNEL ET VOIE MALRAU",0.0,0.0
201500011204,15,12,15,11,1,60,88,2,1,1,2,PENETRANTE DU PAILLON,0.0,0.0
201500011205,15,12,15,17,5,60,88,2,1,1,4,"0, VOIE RAPIDE",43.40365,7.13257
201500011206,16,12,15,16,2,60,88,2,1,1,2,ANGLAIS (A PARTIR DU Nø,0.0,0.0
201500011207,17,12,15,12,1,60,88,2,1,1,1,GINESTIERE (CH. DE LA),0.0,0.0
201500011208,18,12,15,17,5,60,88,2,1,1,2,"5, BARLA (RUE)",0.0,0.0
201500011209,18,12,15,22,5,60,88,2,1,1,6,VERDUN (AV. DE),0.0,0.0
201500011210,19,12,15,6,5,60,88,2,1,1,6,POMPIDOU (BD GEORGES),0.0,0.0
201500011211,19,12,15,17,5,60,88,2,1,1,3,"8, CARABACEL (BD)",43.70343,7.27648
201500011212,19,12,15,19,5,60,88,2,1,1,1,"60, PASTEUR (BD)",43.71771,7.28103
201500011213,20,12,15,6,3,60,88,2,1,1,6,"6, ITALIE (R. D')",0.0,0.0
201500011214,20,12,15,17,5,60,88,2,2,1,3,DUNANT (AV. HENRI),0.0,0.0
201500011215,21,12,15,12,1,60,88,2,1,1,2,"9, LEPANTE (R. DE)",43.70358,7.27025
201500011216,21,12,15,14,1,60,88,2,1,1,3,"17, ASSALIT (RUE)",0.0,0.0
201500011217,21,12,15,21,5,60,88,2,3,1,3,"13, RAY (AV. DU)",0.0,0.0
201500011218,23,12,15,3,5,60,88,2,2,1,3,"0, BARBERIS (RUE)",43.7038,7.28989
201500011219,24,12,15,17,2,60,88,2,1,1,3,"33, TRACHEL (RUE)",0.0,0.0
201500011220,26,12,15,22,5,60,88,2,2,1,3,RAIMBALDI (BD),0.0,0.0
201500011221,27,12,15,15,1,60,88,1,1,1,2,"305, ANGLAIS (DU Nø 265",0.0,0.0
201500011222,28,12,15,1,5,60,88,2,2,1,3,"36, PARIS (R. DE)",0.0,0.0
201500011223,29,12,15,14,1,60,88,1,1,1,3,"314, MADELEINE (BD DE LA",0.0,0.0
201500011224,30,12,15,0,5,60,88,2,1,1,5,CESSOLE (BD DE) (A PARTI,0.0,0.0
201500011225,30,12,15,15,1,60,88,2,1,1,2,"560, GRENOBLE (ROUTE DE)",43.40149,7.12358
201500011226,15,3,15,6,2,60,88,2,1,1,2,M2204b,43.73144,7.28653
201500011227,8,1,15,7,2,33,85,2,1,1,6,5 PLACE DE VERDUN,44.7651,-0.48827
201500011228,16,1,15,13,1,33,85,1,3,2,3,,44.76926,-0.44294
201500011229,9,3,15,5,3,33,234,1,1,1,6,,44.7829,-0.50366
201500011230,17,3,15,6,2,33,85,1,3,1,1,,44.77173,-0.49286
201500011231,14,9,15,11,1,33,99,1,1,1,1,D10 E4,44.8015,-0.45991
201500011232,9,3,15,10,1,58,88,1,1,1,7,,0.0,0.0
201500011233,10,3,15,10,1,58,212,1,1,1,6,,0.0,0.0
201500011234,20,4,15,7,1,58,300,1,1,1,3,,0.0,0.0
201500011235,30,8,15,17,1,58,303,2,1,1,3,chemin des tambours,0.0,0.0
201500011236,14,9,15,11,1,58,303,2,1,2,6,RUE BENOÏT FRACHON,0.0,0.0
201500011237,6,10,15,14,1,58,212,1,1,8,4,,0.0,0.0
201500011238,1,11,15,0,5,58,131,2,1,1,6,rue vauban,0.0,0.0
201500011239,23,5,15,6,2,21,515,2,1,1,6,avenue de l'université,47.31255,5.1053
201500011240,12,8,15,11,1,15,209,1,1,1,1,,44.77,3.028
201500011241,17,9,15,14,1,15,45,1,1,8,1,,44.825,2.977
201500011242,20,12,15,6,3,15,152,1,1,1,7,,44.913,2.815
201500011243,13,5,15,18,1,13,40,1,1,1,5,***,0.0,0.0
201500011244,17,6,15,11,1,13,40,2,1,1,1,ancien CD6 - LA BARQUE,0.0,0.0
201500011245,26,6,15,18,1,13,40,1,1,1,1,,0.0,0.0
201500011246,27,6,15,9,1,13,87,1,1,1,6,,0.0,0.0
201500011247,1,2,15,6,3,47,221,1,1,2,1,,44.0541,0.23579
201500011248,16,3,15,20,2,47,195,1,1,1,1,,44.0784,0.36674
201500011249,2,4,15,17,1,47,195,2,1,1,6,100 Av G. Clemenceau,44.137,0.347
201500011250,20,5,15,12,1,47,134,1,1,2,1,,44.0112,0.30774
201500011251,10,6,15,16,1,47,180,1,1,1,3,LIEU-DIT PEYRECAVE,44.1415,0.45822
201500011252,28,8,15,7,1,47,41,1,2,1,3,,44.2068,0.41034
201500011253,1,9,15,5,3,47,195,1,1,1,2,,44.1267,0.3095
201500011254,18,10,15,21,3,47,97,1,1,1,6,,44.244,0.375
201500011255,23,12,15,17,5,47,195,2,1,1,6,ALLÉE D'ALBRET,44.1367,0.3364
201500011256,27,12,15,22,3,47,41,1,1,1,6,LIEU-DIT RIGAS,44.2262,0.40353
201500011257,7,5,15,20,1,70,325,1,1,1,3,"84, RD 578 BIS",0.0,0.0
201500011258,15,12,15,18,5,70,19,1,1,1,1,Z.I PONSON MOULON,44.6174,4.40242
201500011259,15,6,15,15,1,70,19,2,9,1,7,"32, CHATAIGNES (RUE DES)",0.0,0.0
201500011260,15,6,15,17,1,70,19,2,1,1,7,"37, MONTELIMAR ( ROUTE D",0.0,0.0
201500011261,26,6,15,15,1,70,19,1,1,1,1,RN 102,0.0,0.0
201500011262,26,6,15,22,5,70,19,2,1,1,3,"70, ROQUA(AVE DE)",0.0,0.0
201500011263,7,7,15,9,1,70,19,2,1,1,6,"30, RESERVOIRS (RUE DES)",44.6222,4.38431
201500011264,2,8,15,22,5,70,331,2,1,1,6,"01, PAUL RIBEYRE (AVENUE",44.6587,4.36792
201500011265,6,9,15,17,1,70,116,2,4,1,3,"52, NATIONALE (ROUTE)",44.6485,4.36711
201500011266,30,9,15,14,1,70,19,2,9,1,1,"35, GEORGES COUDERC (RUE",0.0,0.0
201500011267,4,9,15,16,1,70,19,2,1,1,3,BOISVIGNAL (AVENUE),44.6155,4.39336
201500011268,13,10,15,19,2,70,116,2,1,1,2,"236, NATIONALE (ROUTE)",44.6383,4.37283
201500011269,2,10,15,20,3,70,19,1,1,2,1,COTE DE VILLE RN 102,44.601,4.42181
201500011270,7,10,15,12,1,70,331,1,1,1,7,ARLIX (ROUTE D'),44.6578,4.34889
201500011271,13,11,15,16,1,70,331,1,9,1,3,"144, ANTRAIGUES (FAUBOUR",44.6777,4.36619
201500011272,19,11,15,12,1,70,19,2,1,1,2,"8, BELLANDE (AVENUE DE )",44.61442,4.40014
201500011273,22,11,15,19,3,70,19,1,1,1,3,RN 102,44.59328,4.42386
201500011274,15,11,15,5,5,70,19,2,6,1,7,D 104 (DEVIATION ST PRIV,44.6133,4.40825
201500011275,30,11,15,10,1,70,19,1,1,1,6,"44, MONTELIMAR ( ROUTE D",44.61502,4.40512
201500011276,9,12,15,16,1,70,19,1,1,1,6,RN 102,0.0,0.0
201500011277,15,12,15,17,5,70,19,2,1,1,6,PAIX (PLACE DE LA),0.0,0.0
201500011278,9,2,15,16,1,70,19,1,1,7,3,"51, LAZUEL ( ROUTE DE )",0.0,0.0
201500011279,20,2,15,23,3,70,116,1,1,3,1,RN 102,0.0,0.0
201500011280,22,2,15,2,5,70,19,2,3,1,6,"2, LYAUTEY ( RUE DU MARE",0.0,0.0
201500011281,1,10,15,8,1,54,143,1,1,1,7,,0.0,0.0
201500011282,2,4,15,18,1,70,102,2,3,1,3,"329, RHONE (QUAI DU)",0.0,0.0
201500011283,27,4,15,11,1,70,102,2,1,8,6,"1450, SADI-CARNOT (AVEN.",0.0,0.0
201500011284,2,5,15,14,1,70,281,1,1,1,7,C.D. 533 (VERS LE PUY),0.0,0.0
201500011285,3,5,15,11,1,70,281,2,1,1,6,HUIT MAI (AVENUE DU),0.0,0.0
201500011286,2,6,15,8,1,70,102,2,1,1,5,MISTRAL (PONT FREDERIC),0.0,0.0
201500011287,15,6,15,16,1,70,102,1,1,1,3,LYON (AVENUE DE),0.0,0.0
201500011288,14,6,15,5,5,70,102,2,1,3,6,"1229, REPUBLIQUE (AV. DE",0.0,0.0
201500011289,8,7,15,9,1,70,102,2,2,1,6,TAMARIS (RUE DES),0.0,0.0
201500011290,14,7,15,19,1,70,281,2,4,1,3,TASSIGNY (RUE DE LATTRE,0.0,0.0
201500011291,24,6,15,10,1,70,281,2,7,1,6,"22, MALET (RUE FERNINAND",0.0,0.0
201500011292,15,9,15,10,1,70,102,2,3,1,3,"291, MONTGOLFIER (RUE)",0.0,0.0
201500011293,27,9,15,9,1,70,281,1,1,1,7,C.D. 533 (VERS LE PUY),44.9334,4.81961
201500011294,4,10,15,6,5,70,102,2,6,2,7,REPUBLIQUE (AV. DE LA) [,0.0,0.0
201500011295,24,10,15,16,1,70,281,1,1,1,7,C.D. 533 (VERS LE PUY),44.55404,0.0
201500011296,4,11,15,16,1,70,102,2,1,2,2,"857, REPUBLIQUE (AV.DE L",0.0,0.0
201500011297,30,11,15,18,5,70,281,2,1,1,3,"1, GROSS-UMSTADT (AVENUE",44.9454,4.85406
201500011298,8,12,15,13,1,70,102,2,1,1,6,"627, REPUBLIQUE (AV. DE",44.93627,4.87319
201500011299,12,12,15,17,2,70,102,2,6,1,2,"0, MISTRAL (PONT FREDERI",44.93269,4.88008
201500011300,15,12,15,9,1,70,281,2,1,1,1,GROSS-UMSTADT (AVENUE DE,44.941,4.86264
201500011301,25,5,15,14,1,11,144,1,1,6,6,,42.92403,2.99487
201500011302,15,8,15,7,1,11,144,1,1,1,1,,42.86775,2.98561
201500011303,20,8,15,15,1,11,202,1,1,1,1,11270,42.92259,3.01765
201500011304,11,11,15,18,5,11,202,2,9,1,1,AVENUE DE LA RUINO,42.90376,3.04865
201500011305,8,5,15,14,1,57,41,1,1,1,3,,0.0,0.0
201500011306,9,5,15,6,1,57,41,1,1,1,6,,0.0,0.0
201500011307,11,6,15,16,1,57,38,2,1,1,3,GN 49.486 5.965,0.0,0.0
201500011308,16,6,15,20,1,57,41,1,3,1,3,,0.0,0.0
201500011309,4,7,15,11,1,57,498,1,1,1,3,,0.0,0.0
201500011310,6,8,15,18,1,57,22,1,1,1,7,,49.38426,6.03839
201500011311,13,8,15,6,1,57,41,1,1,1,5,,0.0,0.0
201500011312,30,11,15,13,1,57,38,1,1,1,6,,0.0,0.0
201500011313,3,12,15,13,1,57,38,2,1,7,7,06 rue Général LECLERC,0.0,0.0
201500011314,10,4,15,17,1,70,146,1,1,1,7,MOULIN A VENT (AVENUE DU,44.73993,4.59932
201500011315,9,12,15,10,1,70,186,2,1,1,6,"17, BACCONNIER (RUE LUDO",0.0,0.0
201500011316,7,5,15,10,1,70,72,1,1,1,7,LE TREPOT,44.74162,4.60322
201500011317,24,5,15,0,3,70,72,1,1,1,6,LA GRANGEASSE,0.0,0.0
201500011318,18,5,15,18,1,70,186,2,1,1,2,CHOMERAC (ROUTE DE),44.71869,4.60502
201500011319,5,6,15,15,1,70,186,2,1,1,3,GARE (AVENUE DE LA),44.7317,4.59472
201500011320,31,5,15,18,1,70,72,1,1,1,5,RD 104,44.73594,4.63418
201500011321,29,6,15,18,1,70,186,2,1,1,3,PALAIS (COURS DU),44.73474,4.60037
201500011322,21,8,15,18,1,70,186,2,1,1,7,"1, DUPIN (AVENUE JACQUES",44.72199,4.61046
201500011323,7,9,15,20,3,70,8,1,3,1,3,D2 ( ROUTE DEPARTEMENTAL,0.0,0.0
201500011324,10,9,15,7,1,70,8,1,1,1,1,D2 ( ROUTE DEPARTEMENTAL,0.0,0.0
201500011325,22,9,15,12,1,70,186,2,1,1,2,"2, CHOMERAC (AVENUE DE)",0.0,0.0
201500011326,12,11,15,18,5,70,340,2,1,1,6,"108, RUISSOL (LE)",44.7294,4.57494
201500011327,7,11,15,15,1,70,186,2,1,1,6,"1, PASTE (BLD. DE)",44.7274,4.59744
201500011328,2,12,15,16,1,70,8,1,1,1,6,D2 ( ROUTE DEPARTEMENTAL,0.0,0.0
201500011329,23,10,15,12,1,70,186,1,1,1,6,"1, ESPLANADE (COURS DE L",0.0,0.0
201500011330,21,12,15,7,2,70,186,2,1,2,6,"1, ESPLANADE (COURS DE L",44.73447,4.59894
201500011331,18,1,15,6,2,70,186,2,1,1,6,"727, GROSJEANNE (AVENUE",0.0,0.0
201500011332,21,1,15,21,5,70,186,2,4,4,6,"1, PETIT TOURNON (AVENUE",0.0,0.0
201500011333,30,1,15,15,1,70,146,2,1,1,5,"1, PONT DE BOURDELY",0.0,0.0
201500011334,26,1,15,18,2,70,186,2,1,1,6,"1, PETIT TOURNON (AVENUE",0.0,0.0
201500011335,9,2,15,11,1,70,186,2,1,1,6,"4, COUX (AVENUE DE) PAIR",0.0,0.0
201500011336,5,3,15,7,2,70,146,1,1,1,7,LA BEAUME,0.0,0.0
201500011337,10,4,15,17,1,70,146,1,1,1,7,MOULIN A VENT (AVENUE DU,0.0,0.0
201500011338,16,1,15,17,3,34,259,2,1,2,6,11  allee de l europe,43.017,3.35
201500011339,13,2,15,14,1,34,123,1,1,1,3,,43.61462,3.81538
201500011340,5,3,15,18,1,34,259,2,1,1,3,rue du merlot,43.60419,3.78344
201500011341,14,4,15,10,1,34,259,1,1,1,7,,43.60869,3.79605
201500011342,1,6,15,8,1,34,134,1,1,1,1,,43.58913,3.80741
201500011343,3,7,15,14,1,34,202,1,1,1,3,,43.57408,3.74514
201500011344,29,9,15,18,1,34,163,2,1,1,3,106 avenue d'argelliers,43.65072,3.69746
201500011345,24,12,15,14,1,34,259,1,1,1,3,,43.62448,3.76986
201500011346,24,4,15,8,1,11,397,1,1,1,7,,43.207,2.473
201500011347,29,6,15,21,1,11,27,1,6,1,7,,43.188,2.506
201500011348,15,8,15,9,1,11,261,1,1,1,6,,43.17978,2.66933
201500011349,18,8,15,22,3,11,397,2,1,1,2,,43.20493,2.41639
201500011350,4,10,15,20,5,11,397,2,1,1,5,Av du Général de Gaulle,43.20973,2.44612
201500011351,14,8,15,13,1,23,140,1,1,2,6,,45.92972,2.17949
201500011352,1,1,15,8,2,78,420,2,1,1,7,intersection D172  D138,0.0,0.0
201500011353,6,1,15,19,5,78,537,2,1,1,6,36 rue de la fontaine,48.575,1.943
201500011354,10,1,15,0,3,78,616,1,1,1,6,,0.0,0.0
201500011355,8,1,15,11,1,78,615,1,1,3,7,,0.0,0.0
201500011356,25,2,15,10,1,78,356,1,1,8,3,,0.0,0.0
201500011357,5,3,15,7,1,28,92,1,1,1,6,,48.36832,1.88326
201500011358,12,3,15,16,1,78,356,1,1,1,7,,0.0,0.0
201500011359,17,3,15,7,1,91,111,1,1,1,6,A10,0.0,0.0
201500011360,6,4,15,14,1,28,92,1,1,1,6,,48.37172,1.8851
201500011361,14,4,15,16,1,78,575,2,6,1,6,Chemin de Coubertin,0.0,0.0
201500011362,19,4,15,16,1,78,615,1,1,1,3,,0.0,0.0
201500011363,20,4,15,12,1,78,389,1,1,1,6,,0.0,0.0
201500011364,30,4,15,18,1,78,356,1,1,3,1,,0.0,0.0
201500011365,1,5,15,13,1,78,3,1,1,2,6,,48.524,1.832
201500011366,29,5,15,3,3,78,601,1,1,1,6,,0.0,0.0
201500011367,29,5,15,6,2,28,169,1,1,1,5,,48.43863,1.90684
201500011368,28,5,15,6,1,91,319,1,1,1,3,A10 - Aire repos PR 5+10,0.0,0.0
201500011369,4,6,15,10,1,78,356,1,1,1,5,,0.0,0.0
201500011370,8,6,15,15,1,78,623,1,1,1,6,,0.0,0.0
201500011371,9,6,15,14,1,28,92,1,1,1,1,,48.37,1.882
201500011372,10,6,15,15,1,91,634,1,1,1,5,A10,0.0,0.0
201500011373,21,6,15,18,1,78,655,2,1,1,3,intersection D73,0.0,0.0
201500011374,26,6,15,5,1,78,537,1,1,1,7,,48.569,1.976
201500011375,27,6,15,16,1,78,506,1,1,1,6,,48.521,1.784
201500011376,14,7,15,23,3,78,9,1,1,1,2,,48.465,1.912
201500011377,20,7,15,4,3,28,276,1,1,1,6,,48.30892,1.86224
201500011378,19,7,15,14,1,78,3,1,1,1,6,,0.0,0.0
201500011379,8,8,15,10,1,28,92,1,1,1,7,,48.37756,1.88748
201500011380,5,9,15,20,2,78,9,1,1,1,7,,0.0,0.0