Num_Acc,jour,mois,an,hr,condition_eclairage,departement,commune,condition_agglomeration,intersection,condition_atmosphere,type_collision,adresse,lattitude,longitude
201500011381,10,9,15,18,1,78,601,1,9,1,7,,0.0,0.0
201500011382,19,9,15,3,3,78,3,1,1,8,6,,48.522,1.83
201500011383,25,9,15,16,1,78,522,1,2,1,3,,48.599,1.993
201500011384,26,9,15,17,1,28,92,1,1,1,5,,48.34244,1.86892
201500011385,16,10,15,14,1,78,349,1,1,2,7,,0.0,0.0
201500011386,23,10,15,21,3,28,169,1,1,1,6,,48.44271,1.90832
201500011387,7,11,15,9,1,28,26,1,1,5,2,,48.31623,1.8628
201500011388,9,11,15,8,1,78,478,1,1,1,1,,48.47,1.877
201500011389,25,11,15,13,1,78,3,1,1,2,6,,48.532,1.835
201500011390,8,12,15,7,2,91,319,1,1,1,7,A10,48.643,2.15
201500011391,16,12,15,21,3,28,92,1,1,1,4,,48.36794,1.88315
201500011392,22,12,15,2,3,78,9,1,1,1,6,,0.0,0.0
201500011393,19,3,15,6,2,51,299,1,3,1,1,D20,49.35225,4.20316
201500011394,31,7,15,22,3,51,232,1,1,1,6,D980,49.28884,4.26157
201500011395,20,11,15,0,3,51,662,1,1,3,6,A34,49.29177,4.12816
201500011396,13,3,15,16,1,69,189,1,1,1,6,,0.0,0.0
201500011397,22,3,15,16,1,69,7,1,1,1,6,,0.0,0.0
201500011398,9,4,15,12,1,69,119,2,1,1,1,La balasserie,0.0,0.0
201500011399,7,8,15,19,1,69,118,1,1,1,7,,45.565,4.803
201500011400,23,8,15,8,1,69,7,2,1,1,6,48 boulevard des allées,0.0,0.0
201500011401,26,8,15,12,1,69,7,1,1,1,5,,0.0,0.0
201500011402,5,10,15,14,1,69,253,1,1,3,6,,0.0,0.0
201500011403,5,11,15,18,3,69,80,1,1,1,1,,0.0,0.0
201500011404,21,11,15,17,2,69,97,1,1,1,1,,0.0,0.0
201500011405,29,1,15,8,2,37,50,2,7,2,6,RUE DE LA MAIRIE,0.0,0.0
201500011406,16,3,15,18,1,37,50,2,2,1,3,RUE DES PETITES MAISONS,0.0,0.0
201500011407,28,3,15,11,1,37,50,2,1,1,2,129 AVENUE GRAND SUD,0.0,0.0
201500011408,9,4,15,18,1,37,50,1,1,1,2,,0.0,0.0
201500011409,28,5,15,19,1,37,243,2,7,9,6,RUE PRINCIPALE,0.0,0.0
201500011410,26,6,15,16,1,37,50,2,1,1,4,RUE PHILIPPE MAUPAS,0.0,0.0
201500011411,30,11,15,19,5,37,50,2,6,8,3,RUE PHILIPPE MAUPAS,0.0,0.0
201500011412,3,12,15,9,1,37,18,1,1,1,2,,0.0,0.0
201500011413,14,3,15,14,1,29,45,1,1,1,5,Pen Ar Creach,48.43951,-4.26678
201500011414,30,3,15,17,1,33,5,2,2,8,1,Bd de la République,44.74461,-1.10271
201500011415,13,5,15,23,5,33,5,2,9,1,3,"1,Bd Maréchal Juin",44.73307,-1.07894
201500011416,22,5,15,10,1,33,5,2,9,1,6,"2, R Bertin Intermarché",44.7749,-1.09315
201500011417,2,6,15,22,5,33,5,2,2,1,3,20 avenue Thiers,44.74106,-1.0955
201500011418,13,7,15,11,1,33,5,2,6,1,3,"153, Av de Bordeaux",44.75293,-1.07823
201500011419,2,8,15,1,3,33,11,1,1,1,6,,44.7951,-1.05769
201500011420,2,8,15,19,1,33,229,1,1,1,1,,0.0,0.0
201500011421,31,7,15,20,1,33,5,2,1,1,3,"63, Av des Colonies",44.74486,-1.08487
201500011422,10,10,15,20,5,33,5,2,1,1,2,15 Bd de la République,44.7326,-1.08021
201500011423,5,12,15,20,3,33,5,1,1,5,6,,0.0,0.0
201500011424,30,12,15,11,1,33,5,2,1,1,6,Place du 14 Juillet,44.74242,-1.09727
201500011425,20,6,15,10,1,60,432,2,1,1,2,RUE GERARD DE NERVAL.,49.10949,2.6004
201500011426,4,8,15,5,2,60,494,1,1,2,6,,49.10409,2.56801
201500011427,15,10,15,17,2,60,172,2,1,1,1,72 grande rue,49.14317,2.46513
201500011428,20,11,15,4,3,60,505,1,1,2,6,,49.1592,2.55215
201500011429,28,12,15,7,3,60,494,1,1,1,6,,49.10415,2.56921
201500011430,24,6,15,17,1,73,257,1,1,1,7,,45.29965,6.5691
201500011431,10,10,15,11,1,73,257,1,1,1,7,,0.0,0.0
201500011432,12,12,15,23,5,73,257,2,1,1,6,RD 117 LES MENUIRES,45.31699,6.53723
201500011433,27,2,15,12,1,51,99,1,1,1,2,A26,48.82713,4.289
201500011434,13,3,15,17,1,51,205,1,1,1,2,A4,49.03411,4.40535
201500011435,2,5,15,16,1,51,634,1,1,1,7,A26,48.95703,4.28838
201500011436,6,7,15,3,3,51,205,1,1,1,2,A4,49.03407,4.38975
201500011437,7,9,15,8,1,51,147,1,1,1,6,A4,49.03167,4.47081
201500011438,14,1,15,21,3,77,339,1,1,1,7,D410,48.36288,2.46706
201500011439,27,1,15,6,5,77,340,2,1,9,7,PLACE DE LA MAIRIE,48.28633,2.78742
201500011440,29,1,15,23,3,77,333,1,9,6,6,,48.2801,2.70414
201500011441,6,2,15,21,1,77,359,1,1,1,6,AUTOROUTE A6,48.472,2.51
201500011442,20,2,15,8,1,77,370,1,1,1,1,A6,0.0,0.0
201500011443,22,3,15,17,1,77,216,1,1,1,6,A6 (Paris - Province),0.0,0.0
201500011444,3,7,15,21,1,77,431,1,1,7,3,A6,0.0,0.0
201500011445,6,7,15,6,1,77,339,1,1,1,2,A6,0.0,0.0
201500011446,10,7,15,6,2,77,339,1,1,1,5,A6,48.608,2.95
201500011447,16,7,15,4,3,77,339,1,1,1,2,A6,48.384,2.558
201500011448,4,8,15,2,3,77,168,1,1,2,7,,48.1651,2.87116
201500011449,27,8,15,15,1,77,65,1,1,3,1,,0.0,0.0
201500011450,28,8,15,7,2,91,441,1,1,2,6,A6,48.841,2.854
201500011451,11,9,15,19,2,77,412,1,1,1,7,,48.4742,2.51774
201500011452,25,10,15,18,2,77,520,1,1,1,5,,0.0,0.0
201500011453,1,11,15,17,1,77,168,1,1,1,6,,0.0,0.0
201500011454,10,11,15,18,3,77,333,1,1,1,7,,0.0,0.0
201500011455,12,11,15,18,3,77,407,1,1,1,4,,0.0,0.0
201500011456,18,12,15,22,3,91,441,1,1,1,6,A6,48.515,2.507
201500011457,29,12,15,2,3,77,22,1,6,1,7,,48.45153,2.62387
201500011458,10,5,15,11,1,62,427,1,1,1,2,,0.0,0.0
201500011459,25,5,15,13,1,62,718,1,1,1,2,,0.0,0.0
201500011460,5,6,15,20,2,62,121,1,1,1,6,,0.0,0.0
201500011461,7,6,15,8,1,62,829,1,1,1,7,,0.0,0.0
201500011462,7,7,15,0,3,62,829,1,1,1,6,,50.05248,2.87494
201500011463,12,7,15,6,1,62,73,2,6,1,6,,50.33926,2.8512
201500011464,19,9,15,15,1,62,829,1,1,1,2,,0.0,0.0
201500011465,21,9,15,7,1,62,405,1,1,1,3,,0.0,0.0
201500011466,22,10,15,23,3,62,718,1,1,1,5,,50.29938,2.88744
201500011467,21,11,15,18,3,62,873,1,1,3,6,,50.26156,2.86356
201500011468,14,1,15,14,1,80,33,1,1,1,5,,0.0,0.0
201500011469,31,1,15,6,3,80,2,1,1,1,2,,0.0,0.0
201500011470,9,2,15,11,1,80,33,1,1,1,2,,0.0,0.0
201500011471,14,4,15,10,1,80,781,1,1,1,6,,0.0,0.0
201500011472,5,5,15,0,3,80,33,1,1,2,1,,0.0,0.0
201500011473,8,8,15,23,3,80,417,1,1,1,5,,0.0,0.0
201500011474,18,8,15,0,3,80,383,1,1,1,6,,0.0,0.0
201500011475,27,8,15,21,3,80,421,1,1,2,6,,0.0,0.0
201500011476,29,8,15,6,2,80,288,1,1,1,5,,0.0,0.0
201500011477,30,8,15,13,1,80,101,1,1,7,6,,0.0,0.0
201500011478,21,10,15,11,1,80,359,1,1,1,5,,0.0,0.0
201500011479,6,11,15,2,3,80,685,1,1,1,5,,0.0,0.0
201500011480,23,11,15,4,3,80,267,1,1,8,6,,0.0,0.0
201500011481,19,12,15,17,3,80,685,1,1,1,7,,0.0,0.0
201500011482,22,12,15,10,1,80,186,1,1,1,6,,0.0,0.0
201500011483,29,12,15,3,3,80,2,1,1,8,5,,0.0,0.0
201500011484,6,1,15,15,1,13,103,1,1,1,2,autoroute,0.0,0.0
201500011485,8,2,15,20,3,13,112,1,1,1,3,A7,0.0,0.0
201500011486,2,3,15,11,1,13,32,1,1,1,2,,0.0,0.0
201500011487,2,3,15,10,1,13,67,1,1,1,2,A7,0.0,0.0
201500011488,4,3,15,10,1,13,112,1,1,1,3,,0.0,0.0
201500011489,31,3,15,8,1,13,67,1,1,1,5,,0.0,0.0
201500011490,19,4,15,17,1,13,97,1,1,2,6,***,0.0,0.0
201500011491,19,4,15,22,3,13,51,1,1,1,6,***,0.0,0.0
201500011492,27,5,15,13,1,13,51,1,1,1,6,***,0.0,0.0
201500011493,6,6,15,16,1,13,18,1,1,1,6,***,0.0,0.0
201500011494,12,6,15,17,1,13,51,1,9,3,4,,0.0,0.0
201500011495,11,7,15,15,1,13,49,1,1,1,7,**,0.0,0.0
201500011496,17,7,15,16,1,13,51,1,1,1,5,***,0.0,0.0
201500011497,20,7,15,12,1,13,103,1,1,1,5,***,0.0,0.0
201500011498,13,8,15,11,1,13,51,1,1,1,2,*/*,0.0,0.0
201500011499,21,8,15,10,1,13,118,1,1,1,4,,0.0,0.0
201500011500,22,8,15,3,3,13,103,1,1,1,6,,43.588,5.123
201500011501,12,9,15,2,3,13,67,1,1,1,2,**,0.0,0.0
201500011502,3,10,15,18,2,13,1,1,1,3,2,**,0.0,0.0
201500011503,27,10,15,7,1,13,1,1,1,1,2,,43.519,5.409
201500011504,11,4,15,10,1,84,87,1,1,1,6,,44.1424,4.77764
201500011505,26,4,15,16,1,84,83,1,1,2,6,,0.0,0.0
201500011506,9,8,15,22,3,84,39,1,1,1,6,,44.09579,4.87132
201500011507,17,12,15,4,3,84,78,1,1,1,2,,0.0,0.0
201500011508,24,12,15,1,3,84,19,1,1,1,6,,0.0,0.0
201500011509,3,1,15,17,5,60,74,2,1,3,2,Grande Rue,49.21986,2.35997
201500011510,15,5,15,0,5,60,513,1,1,1,1,,49.19322,2.36484
201500011511,16,7,15,20,1,60,44,2,1,1,7,Rue Desnosses Mathieu,49.30052,2.34274
201500011512,23,12,15,19,3,60,584,2,1,1,6,route de Creil,49.24023,2.43911
201500011513,23,12,15,18,5,60,584,2,1,1,6,rue Victor hugo ST LEU D,49.22034,2.42712
201500011514,19,2,15,7,1,80,67,2,1,1,6,RUE MONT TILLEUL,49.6273,5.17855
201500011515,26,3,15,9,1,25,527,1,1,1,6,,0.0,0.0
201500011516,16,6,15,10,1,25,56,1,1,9,6,,0.0,0.0
201500011517,5,7,15,9,1,25,56,1,1,1,3,,0.0,0.0
201500011518,3,8,15,7,1,25,527,1,1,1,3,,0.0,0.0
201500011519,30,10,15,14,1,25,215,1,1,1,2,,47.349,6.249
201500011520,16,12,15,8,2,25,328,1,1,1,1,,47.18526,5.96374
201500011521,18,3,15,11,1,27,580,1,1,1,6,,49.34359,0.92276
201500011522,19,4,15,6,2,76,484,1,1,1,2,,49.343,1.06084
201500011523,14,5,15,13,1,27,646,1,1,3,6,,49.33342,0.38866
201500011524,2,7,15,13,1,76,484,1,1,8,2,,49.33647,1.07454
201500011525,8,7,15,16,1,27,662,1,1,8,2,,49.34721,0.42644
201500011526,22,7,15,13,1,27,227,1,1,1,6,,49.37201,0.66904
201500011527,3,8,15,2,3,27,340,1,1,1,3,,49.36538,0.80954
201500011528,21,8,15,12,1,27,340,1,1,1,6,,0.0,0.0
201500011529,14,10,15,15,1,27,65,1,1,1,2,,49.31407,0.3062
201500011530,3,12,15,6,2,76,484,1,1,1,2,,49.3436,1.0569
201500011531,11,11,15,10,1,76,319,1,1,1,7,,49.33793,0.99779
201500011532,16,11,15,7,2,76,484,1,4,1,6,,49.3393,1.07013
201500011533,18,11,15,8,1,76,484,1,1,1,2,,49.35522,1.03337
201500011534,10,12,15,0,5,76,484,1,1,1,1,,49.33751,1.07281
201500011535,20,12,15,17,3,27,497,1,1,1,7,,49.37038,0.72006
201500011536,27,12,15,4,4,76,484,1,1,1,6,,49.33531,1.07696
201500011537,28,12,15,14,1,27,103,2,1,1,6,176 grande rue,49.35486,0.8163
201500011538,16,1,15,14,1,78,89,1,1,1,7,,0.0,0.0
201500011539,1,3,15,8,1,78,89,1,1,1,2,,0.0,0.0
201500011540,11,3,15,20,3,27,150,1,1,1,7,,49.08509,1.37773
201500011541,13,3,15,12,1,27,517,1,1,1,1,,49.13974,1.30738
201500011542,13,3,15,15,1,27,612,1,1,1,2,,49.0716,1.40602
201500011543,10,5,15,15,1,27,612,1,1,1,6,,49.07097,1.4074
201500011544,26,10,15,23,3,27,99,1,1,1,6,,49.07793,1.18744
201500011545,30,10,15,1,3,27,332,1,1,1,1,,49.18522,1.2367
201500011546,20,11,15,4,3,27,701,1,1,1,2,,49.22577,1.20921
201500011547,2,2,15,15,1,60,369,1,1,1,4,,49.34514,2.69852
201500011548,13,2,15,19,3,60,541,1,1,1,4,,49.29307,2.69071
201500011549,15,2,15,1,5,60,533,1,1,1,6,,49.53472,2.72504
201500011550,24,2,15,4,3,60,369,1,1,1,2,,49.35821,2.70285
201500011551,14,5,15,0,3,60,71,1,1,1,2,,49.5722,2.74089
201500011552,21,5,15,6,1,60,281,1,1,1,1,,49.48936,2.71426
201500011553,31,5,15,9,1,60,369,1,1,1,6,,49.34048,2.69619
201500011554,2,6,15,20,1,60,612,1,1,1,6,,49.21587,2.62758
201500011555,20,6,15,17,1,60,138,1,1,1,2,,49.22117,2.63865
201500011556,12,7,15,20,2,60,138,1,1,1,2,,49.21927,2.634
201500011557,18,7,15,8,1,60,533,1,1,1,6,,49.52431,2.72175
201500011558,7,8,15,1,3,60,541,1,1,1,6,,49.30287,2.687
201500011559,19,9,15,7,1,60,541,1,1,1,6,,49.30418,2.68595
201500011560,15,10,15,5,3,60,100,1,1,2,5,,49.2562,2.68396
201500011561,14,11,15,18,3,60,125,1,1,1,6,,49.39643,2.69757
201500011562,15,11,15,9,1,60,100,1,1,1,6,,49.25192,2.68146
201500011563,7,12,15,13,1,60,138,1,1,1,6,,49.21134,2.61794
201500011564,9,12,15,10,1,60,533,1,1,1,5,,49.53472,2.72504
201500011565,9,12,15,11,1,60,71,1,1,7,2,,49.58021,2.74484
201500011566,9,12,15,13,1,60,558,1,1,1,3,,49.59562,2.75125
201500011567,20,3,15,8,1,21,27,1,1,1,2,,47.41235,5.04636
201500011568,15,12,15,15,1,21,255,1,1,2,7,,0.0,0.0
201500011569,7,1,15,1,3,69,108,1,1,1,2,,46.168,4.77035
201500011570,21,2,15,4,3,69,13,1,1,1,2,,0.0,0.0
201500011571,23,2,15,13,1,69,264,1,1,1,6,,0.0,0.0
201500011572,10,4,15,6,1,69,13,1,1,1,2,,0.0,0.0
201500011573,9,6,15,5,2,69,13,1,1,1,6,,0.0,0.0
201500011574,17,8,15,17,1,69,77,1,1,1,6,,0.0,0.0
201500011575,10,2,15,5,3,59,597,1,1,8,6,,0.0,0.0
201500011576,15,2,15,21,3,59,47,1,1,1,5,,0.0,0.0
201500011577,18,3,15,14,1,59,167,1,1,1,6,Autoroute,50.21973,3.2469
201500011578,9,4,15,14,1,62,715,1,1,1,7,,0.0,0.0
201500011579,21,6,15,6,1,59,597,1,1,1,6,,0.0,0.0
201500011580,19,7,15,6,2,59,377,1,1,1,2,,0.0,0.0
201500011581,10,8,15,8,1,59,125,1,1,1,6,,0.0,0.0
201500011582,25,8,15,17,1,62,421,1,1,2,2,,0.0,0.0
201500011583,24,10,15,7,2,59,623,1,1,1,6,,0.0,0.0
201500011584,1,11,15,8,2,59,244,1,1,1,6,,0.0,0.0
201500011585,22,11,15,18,5,64,448,1,6,1,7,RD 817,43.34658,-1.67326
201500011586,13,4,15,7,1,64,496,2,1,1,6,,43.482,-1.453
201500011587,18,6,15,18,1,64,527,1,9,1,3,,43.34048,-1.52221
201500011588,24,6,15,14,1,38,553,2,1,1,1,Bd de Villefontaine,0.0,0.0
201500011589,5,8,15,16,1,38,53,1,1,1,6,,0.0,0.0
201500011590,7,8,15,14,1,38,348,1,1,1,6,,0.0,0.0
201500011591,23,9,15,22,3,38,193,1,1,1,6,,0.0,0.0
201500011592,26,9,15,0,3,38,537,1,1,1,7,,45.64046,5.14804
201500011593,7,12,15,17,3,38,193,1,1,1,6,,0.0,0.0
201500011594,5,11,15,11,1,68,278,2,1,1,6,5 rue d'habsheim,0.0,0.0
201500011595,9,1,15,8,2,53,169,1,1,9,3,,48.12469,-0.94749
201500011596,10,4,15,18,1,53,137,1,1,1,2,,48.0671,-0.93279
201500011597,13,5,15,17,1,53,108,1,6,1,3,,48.07313,-1.01163
201500011598,6,6,15,17,1,53,48,1,3,1,3,,48.2483,-0.9029
201500011599,10,7,15,16,1,53,243,1,1,1,1,,48.12652,-0.8794
201500011600,20,7,15,8,1,53,39,1,1,1,1,,48.14987,-0.95237
201500011601,29,7,15,14,1,53,229,1,1,1,7,,48.15588,-0.75109
201500011602,13,8,15,18,1,53,45,1,1,1,6,,48.10357,-0.9618
201500011603,1,1,15,5,3,95,371,1,1,5,6,RD 317,49.0759,2.5289
201500011604,12,2,15,17,1,95,250,2,1,1,6,AV HENRI BARBUSSE,49.0989,2.5221
201500011605,3,5,15,0,3,95,371,1,1,2,6,RD 317,49.0779,2.5291
201500011606,16,6,15,14,1,95,371,1,1,1,3,CHEMIN DES PEUPLIERS,49.0763,2.5039
201500011607,18,7,15,11,1,95,580,2,1,7,3,R DE LA FERME ST LADRE,49.0953,2.5283
201500011608,22,12,15,22,3,95,580,1,1,1,1,RD 16,49.0853,2.5447
201500011609,12,7,15,12,1,76,517,1,1,1,6,,49.51732,1.1954
201500011610,27,9,15,18,1,76,503,1,1,1,6,,49.53136,1.01474
201500011611,25,2,15,10,1,17,91,1,1,2,1,,46.28617,-1.08097
201500011612,20,3,15,13,1,17,222,1,9,2,5,,46.22017,-1.13072
201500011613,30,3,15,8,2,17,396,1,3,2,3,,46.22517,-0.87904
201500011614,24,4,15,14,1,17,218,1,2,1,3,,46.32347,-0.99371
201500011615,23,6,15,8,1,17,51,2,3,1,3,RUE CHARLES DE GAULLE,46.18475,-1.39203
201500011616,31,7,15,17,1,17,51,1,1,1,5,,46.16525,-1.35465
201500011617,6,8,15,18,1,17,121,1,6,1,3,,46.19607,-1.43168
201500011618,9,12,15,11,1,17,121,2,1,1,6,rue du corps de garde,46.19375,-1.42844
201500011619,9,1,15,8,2,17,289,1,9,2,2,,45.6547,-0.63439
201500011620,19,1,15,9,1,17,86,1,1,2,1,,45.7449,-0.57657
201500011621,7,4,15,18,1,17,299,1,1,1,4,,45.9622,-0.95931
201500011622,6,6,15,16,1,17,444,1,1,1,2,,45.68635,-0.64584
201500011623,25,6,15,14,1,17,147,1,1,7,1,,45.81186,-0.51348
201500011624,7,8,15,9,1,17,438,1,1,1,6,,45.55095,-0.60396
201500011625,10,8,15,18,1,17,157,1,1,1,6,,45.89697,-0.59787
201500011626,13,10,15,15,1,17,367,1,2,1,3,,45.92731,-0.34089
201500011627,2,11,15,8,1,17,421,1,1,1,1,,45.67559,-0.9557
201500011628,24,11,15,7,1,17,280,1,1,5,6,,45.8583,-0.7292
201500011629,30,12,15,21,3,17,415,1,1,2,6,,0.0,0.0
201500011630,23,5,15,21,3,25,131,1,1,1,7,,0.0,0.0
201500011631,11,6,15,16,1,25,222,1,1,1,3,,0.0,0.0
201500011632,9,1,15,19,5,31,22,2,3,1,1,chemin méric / av parc,43.67614,1.43458
201500011633,20,4,15,10,1,31,186,2,2,1,3,cd 59/ave des chalets,43.68298,1.44806
201500011634,3,10,15,8,1,31,282,2,1,1,1,route de BESSIERES,43.669,1.444
201500011635,12,1,15,15,1,83,116,1,1,1,6,,0.0,0.0
201500011636,20,2,15,1,3,13,110,1,1,1,4,A8,0.0,0.0
201500011637,7,3,15,20,3,13,87,1,1,1,4,A8,0.0,0.0
201500011638,21,3,15,17,1,83,116,1,1,2,2,,0.0,0.0
201500011639,4,4,15,3,3,13,110,1,1,1,3,,0.0,0.0
201500011640,17,4,15,10,1,13,25,1,1,8,2,***,0.0,0.0
201500011641,18,4,15,16,1,83,96,1,1,1,2,,0.0,0.0
201500011642,7,5,15,17,1,83,23,1,1,1,2,,0.0,0.0
201500011643,27,6,15,7,2,83,116,1,1,1,6,,0.0,0.0
201500011644,19,8,15,18,1,83,23,1,1,1,3,,0.0,0.0
201500011645,22,8,15,13,1,83,116,1,1,1,6,,0.0,0.0
201500011646,7,10,15,21,3,83,116,1,1,1,6,,0.0,0.0
201500011647,17,10,15,9,1,83,116,1,1,1,6,,0.0,0.0
201500011648,17,1,15,8,1,74,81,1,9,2,6,,0.0,0.0
201500011649,24,1,15,10,1,74,42,1,1,1,2,,0.0,0.0
201500011650,22,2,15,19,3,74,262,1,1,1,6,,0.0,0.0
201500011651,12,6,15,6,1,74,18,1,1,1,6,,0.0,0.0
201500011652,19,10,15,20,3,74,42,1,1,1,2,,0.0,0.0
201500011653,17,11,15,4,3,74,118,1,1,1,2,,0.0,0.0
201500011654,26,12,15,8,1,74,312,1,1,1,6,,0.0,0.0
201500011655,5,1,15,9,1,30,347,1,1,1,4,,43.74843,4.24661
201500011656,10,1,15,14,1,30,317,1,1,1,6,,43.90625,4.55809
201500011657,2,3,15,9,1,34,22,1,1,1,4,,43.65215,3.98919
201500011658,23,3,15,0,3,30,156,1,1,1,6,,43.87473,4.44959
201500011659,22,3,15,19,3,30,156,1,1,1,4,,43.87629,4.45329
201500011660,5,4,15,6,2,30,169,1,1,1,4,,43.7902,4.30117
201500011661,11,4,15,8,1,30,189,1,1,1,2,,43.81041,4.34664
201500011662,10,6,15,12,1,34,22,1,1,1,6,,43.65304,3.9907
201500011663,16,6,15,10,1,34,340,1,1,1,6,,43.71715,4.13808
201500011664,7,8,15,14,1,34,340,1,1,1,5,,43.72002,4.14292
201500011665,9,8,15,1,3,34,240,1,1,1,2,,43.66536,3.99114
201500011666,17,8,15,13,1,30,347,1,1,1,1,,43.74837,4.24593
201500011667,23,8,15,3,3,30,347,1,1,1,6,,43.74849,4.24711
201500011668,27,8,15,18,1,30,123,1,9,1,2,,43.72475,4.17051
201500011669,3,9,15,14,1,30,60,1,1,1,2,,43.7832,4.4075
201500011670,10,9,15,14,1,34,294,1,1,1,2,,43.70281,4.1166
201500011671,10,10,15,6,2,30,34,1,1,1,4,,43.72815,4.49972
201500011672,2,11,15,10,1,30,123,1,1,1,6,,43.72604,4.17868
201500011673,30,11,15,21,3,34,294,1,1,1,1,,43.70117,4.11512
201500011674,5,12,15,7,3,30,344,1,1,1,2,,43.74953,4.23345
201500011675,18,2,15,15,1,11,262,1,1,1,2,,43.17619,3.03377
201500011676,22,5,15,19,1,11,262,1,1,1,6,,43.15915,2.93449
201500011677,18,7,15,3,3,11,379,1,1,1,1,,43.06125,2.93712
201500011678,25,7,15,20,1,11,188,1,1,1,2,,42.94953,2.9709
201500011679,18,9,15,13,1,11,262,1,1,1,6,,42.91344,2.20314
201500011680,4,12,15,18,3,11,14,1,1,1,4,,43.17963,3.04131
201500011681,14,12,15,19,3,11,40,1,1,8,1,,43.1546,2.88641
201500011682,14,1,15,10,1,37,156,1,1,3,3,ROUTE DE CONNEUIL,0.0,0.0
201500011683,19,1,15,12,1,37,273,1,1,2,5,,0.0,0.0
201500011684,3,7,15,5,3,37,75,1,1,1,6,,0.0,0.0
201500011685,4,7,15,2,3,37,141,1,1,1,6,,0.0,0.0
201500011686,6,7,15,23,5,37,15,2,1,1,3,GRANDE RUE,0.0,0.0
201500011687,12,7,15,2,3,37,75,1,1,1,1,LA FOSSE ROUGE,0.0,0.0
201500011688,15,7,15,23,5,37,156,2,1,1,6,QUAI ALBERT BAILLET,0.0,0.0
201500011689,2,8,15,10,1,37,8,1,1,1,1,,0.0,0.0
201500011690,3,9,15,8,1,37,96,1,1,1,1,,0.0,0.0
201500011691,29,9,15,17,1,37,141,1,1,1,6,,0.0,0.0
201500011692,12,11,15,7,2,37,225,1,1,8,2,,0.0,0.0
201500011693,22,11,15,19,3,37,253,1,1,1,6,,0.0,0.0
201500011694,4,12,15,17,1,37,15,1,1,1,1,LA RIGAUDIERE,0.0,0.0
201500011695,28,12,15,17,1,37,273,2,1,1,3,rue bernadette delprat,0.0,0.0
201500011696,15,2,15,4,3,45,93,1,1,2,6,,48.01564,1.87789
201500011697,13,3,15,15,1,45,203,1,1,8,6,,47.84262,1.67687
201500011698,5,4,15,11,1,45,317,1,1,1,3,,47.78058,1.59201
201500011699,27,4,15,21,3,45,302,1,1,1,6,,47.96614,1.85618
201500011700,2,5,15,7,2,28,276,1,1,1,6,,48.29106,1.86062
201500011701,30,5,15,18,1,45,175,1,1,1,6,,47.75698,1.85569
201500011702,5,6,15,5,1,45,167,1,1,1,6,,47.86972,1.72443
201500011703,12,6,15,10,1,45,93,1,1,1,6,,48.01419,1.87811
201500011704,10,7,15,0,3,45,202,1,1,1,2,A10 // BT INSERTION,47.81769,1.63669
201500011705,12,7,15,5,2,45,302,1,1,1,3,,47.94594,1.84851
201500011706,4,8,15,5,2,45,24,1,1,8,6,,47.82555,1.65214
201500011707,21,8,15,14,1,28,311,1,1,1,3,,0.0,0.0
201500011708,27,8,15,7,2,45,203,1,1,3,3,,47.85034,1.68813
201500011709,5,9,15,15,1,28,164,1,7,1,6,,48.2704,1.85548
201500011710,4,10,15,3,3,45,93,1,1,1,6,,48.02076,1.84202
201500011711,13,10,15,10,1,45,8,1,1,1,2,,48.06796,1.84754
201500011712,17,10,15,13,1,45,67,1,1,1,6,,47.89811,1.79341
201500011713,22,11,15,18,4,45,169,1,1,1,5,,47.91036,1.84932
201500011714,16,12,15,8,2,45,75,1,1,8,6,,47.89948,1.83667
201500011715,22,12,15,12,1,28,392,1,1,1,6,,48.23396,1.84948
201500011716,22,8,15,15,1,73,296,1,1,1,4,,45.48428,6.92697
201500011717,8,5,15,11,1,13,114,1,1,1,3,,0.0,0.0
201500011718,24,5,15,17,1,13,32,1,1,1,1,,0.0,0.0
201500011719,5,6,15,18,1,13,114,2,1,1,3,,0.0,0.0
201500011720,30,6,15,15,1,13,32,1,1,1,1,***,0.0,0.0
201500011721,3,10,15,5,3,13,37,1,1,1,5,,0.0,0.0
201500011722,2,10,15,16,1,13,114,1,3,8,3,,0.0,0.0
201500011723,7,7,15,13,1,67,405,1,1,1,1,,0.0,0.0
201500011724,26,7,15,23,5,67,472,2,1,1,1,ROUTE DE ROUNTZENHEIM,0.0,0.0
201500011725,21,9,15,8,1,56,222,2,1,7,1,route de KERFROLO,47.84352,-2.7378
201500011726,10,5,15,15,1,21,436,1,1,1,7,,47.03491,5.06744
201500011727,4,7,15,7,1,21,506,1,1,1,2,,47.10055,4.94916
201500011728,13,8,15,14,1,21,606,1,1,1,6,,47.05665,4.92832
201500011729,23,8,15,4,3,21,606,1,1,1,2,,47.07431,4.92414
201500011730,20,9,15,21,3,21,42,1,1,1,4,,47.04214,5.04923
201500011731,18,12,15,12,1,21,606,1,1,1,2,,47.0636,4.91466