Num_Acc,jour,mois,an,hr,condition_eclairage,departement,commune,condition_agglomeration,intersection,condition_atmosphere,type_collision,adresse,lattitude,longitude
201500011732,16,1,15,7,3,73,239,1,1,2,7,,0.0,0.0
201500011733,15,5,15,11,1,73,184,1,1,1,2,,45.57735,5.79898
201500011734,2,6,15,6,2,73,329,1,1,2,6,,0.0,0.0
201500011735,3,10,15,20,3,73,25,1,1,3,7,,0.0,0.0
201500011736,27,11,15,17,5,73,179,1,1,1,6,,0.0,0.0
201500011737,30,11,15,7,1,73,104,1,1,1,2,,0.0,0.0
201500011738,5,4,15,6,3,74,2,1,1,1,6,,0.0,0.0
201500011739,20,9,15,22,3,74,2,1,1,1,7,,0.0,0.0
201500011740,18,11,15,18,5,74,245,1,1,1,2,,0.0,0.0
201500011741,15,1,15,10,1,38,118,1,1,1,2,,0.0,0.0
201500011742,25,3,15,21,3,38,565,1,1,2,6,,45.25985,5.63756
201500011743,27,6,15,19,1,38,565,1,1,1,6,,0.0,0.0
201500011744,10,7,15,16,1,38,257,1,1,1,5,,0.0,0.0
201500011745,16,7,15,8,1,38,565,1,1,1,6,,0.0,0.0
201500011746,19,7,15,9,1,38,508,1,1,1,7,,0.0,0.0
201500011747,8,8,15,7,1,38,118,1,1,1,7,,45.38392,5.4757
201500011748,9,8,15,10,1,38,481,1,1,2,7,,0.0,0.0
201500011749,22,9,15,7,1,38,65,1,1,1,5,,0.0,0.0
201500011750,24,9,15,16,1,38,565,1,9,1,6,,45.26831,5.6282
201500011751,23,10,15,16,1,38,481,1,1,1,6,,0.0,0.0
201500011752,12,11,15,13,1,38,481,1,1,1,6,,45.55557,5.3562
201500011753,17,8,15,14,1,55,166,1,1,1,2,,49.018,5.585
201500011754,12,3,15,15,1,80,346,2,9,1,4,WARNECOURT ROUTE,49.75,4.69262
201500011755,10,9,15,12,1,80,105,2,1,1,6,"1, JAUBERT",49.7606,4.71945
201500011756,26,3,15,13,1,80,105,2,1,1,3,COMTES DE RETHEL (RUE DE,49.76022,4.71726
201500011757,3,10,15,14,1,80,105,2,9,1,6,"1, GAILLY G. AVENUE",49.7761,4.71567
201500011758,24,4,15,16,1,80,180,2,1,1,3,"104, MARNE AVENUE",49.7331,4.719
201500011759,17,11,15,18,5,80,105,2,3,3,6,", WARCQ",49.76416,4.69747
201500011760,6,6,15,23,5,80,105,1,1,1,4,DE GAULLE AVENUE,49.768,4.71549
201500011761,20,11,15,17,5,80,105,2,2,1,6,HOTEL DE VILLE PLACE,49.75975,4.71909
201500011762,28,11,15,19,5,80,105,2,2,1,3,"SANS, BOIS FORTANT (RUE",49.752,4.7156
201500011763,11,6,15,19,1,80,105,2,3,1,2,"2, LAFRANCHEVILLE ROUT",49.74026,4.72509
201500011764,1,7,15,11,1,80,105,2,1,1,6,NIVELET E.,49.77717,4.70494
201500011765,24,9,15,18,1,80,105,1,1,1,6,KROMPRINZ CHEMIN,49.7943,4.71756
201500011766,19,8,15,12,1,80,105,2,1,1,6,"SANS, PAQUIS RUE",49.78249,4.72366
201500011767,14,12,15,12,1,80,105,2,1,1,1,"39, DE GAULLE AVENUE",49.7676,4.71618
201500011768,31,7,15,14,1,80,105,2,1,1,6,ANDRE LEBON (RUE),49.7479,4.72416
201500011769,4,11,15,18,2,80,105,2,1,1,6,"2, GONZAGUE",49.77457,4.71683
201500011770,4,1,15,18,5,80,105,2,2,1,6,"2, RUE DE HARAR",0.0,0.0
201500011771,6,1,15,18,5,80,105,2,1,1,7,"58, ROUSSEAU J.J.",0.0,0.0
201500011772,28,6,15,9,1,24,354,2,3,1,1,D674/AVENUE DU PÉRIGORD,45.1546,0.00978
201500011773,16,1,15,16,1,24,523,1,1,2,6,LES PLAGUETTES,44.8124,0.31883
201500011774,26,1,15,8,1,14,555,1,1,2,6,,49.3055,0.29517
201500011775,21,2,15,12,1,14,555,1,1,4,2,,49.3106,0.30211
201500011776,15,4,15,17,1,14,514,1,1,1,2,,49.2939,0.20569
201500011777,9,7,15,4,3,14,555,1,1,1,6,,49.3051,0.29433
201500011778,17,7,15,18,1,14,301,1,1,2,2,,49.1672,-0.28284
201500011779,1,8,15,9,1,14,301,1,1,1,5,,49.167,-0.28621
201500011780,5,8,15,15,1,14,301,1,1,1,4,,0.0,0.0
201500011781,21,8,15,12,1,14,185,1,1,1,4,,49.305,0.1768
201500011782,26,9,15,18,1,14,55,1,1,1,2,,49.2599,0.11188
201500011783,18,11,15,17,2,14,555,1,1,1,2,,0.0,0.0
201500011784,9,12,15,21,3,14,12,1,1,1,2,,0.0,0.0
201500011785,19,1,15,20,5,13,58,2,1,2,3,102Avenue Vall?e desBaux,43.72037,4.80736
201500011786,15,6,15,15,1,13,65,1,3,1,3,,43.68105,4.89144
201500011787,28,8,15,1,3,13,38,1,1,1,7,***,0.0,0.0
201500011788,7,9,15,21,5,13,38,2,1,1,3,Avenue de Tarascon,0.0,0.0
201500011789,17,2,15,10,1,44,45,1,1,1,3,la basse moisonnais,47.31608,-1.81365
201500011790,7,7,15,10,1,44,26,2,1,1,3,marquis de maubreuil,47.29745,-1.48781
201500011791,7,11,15,0,5,44,172,2,1,1,4,D723,47.2658,-1.4878
201500011792,26,8,15,16,1,27,297,1,1,2,7,,48.81662,1.04498
201500011793,6,11,15,4,3,27,378,1,1,1,2,,48.78888,1.19524
201500011794,1,2,15,15,1,69,27,2,1,1,1,rue louis vernay,0.0,0.0
201500011795,5,2,15,10,1,69,43,2,9,1,6,parking maison de retrai,0.0,0.0
201500011796,30,3,15,14,1,69,27,1,4,1,5,,45.665,4.753
201500011797,5,7,15,13,1,69,43,1,1,1,1,,0.0,0.0
201500011798,21,10,15,10,1,69,27,2,1,1,6,12 rue Diot,0.0,0.0
201500011799,29,3,15,15,1,69,50,1,1,2,3,,0.0,0.0
201500011800,2,6,15,14,1,69,9,2,1,1,3,RD306 PK 28+800,0.0,0.0
201500011801,28,1,15,18,2,29,212,2,1,1,1,rue des cloitres,48.38155,-4.61401
201500011802,10,2,15,15,1,29,130,2,1,1,1,route de Kerfily,48.3698,-4.6572
201500011803,22,3,15,4,4,29,69,2,1,1,6,Rue de Milizac,48.427,-4.55982
201500011804,15,4,15,8,1,29,69,1,1,1,7,Route de la Trinité,48.40705,-4.5642
201500011805,2,6,15,13,1,29,130,1,1,1,3,route de kerfily,48.37015,-4.6508
201500011806,6,6,15,20,1,29,282,1,1,1,6,,48.3705,-4.73546
201500011807,10,7,15,19,1,29,69,1,1,1,7,,48.41927,-4.55111
201500011808,12,7,15,20,1,29,190,1,1,1,1,Kerzadou,48.36311,-4.68942
201500011809,10,11,15,23,5,29,69,2,6,1,3,RUE DES ECOLES,48.42359,-4.56293
201500011810,15,11,15,19,3,29,190,1,1,1,6,,48.33705,-4.75181
201500011811,16,3,15,9,1,86,178,1,1,1,1,,0.0,0.0
201500011812,4,5,15,16,1,86,237,1,1,1,7,,0.0,0.0
201500011813,11,6,15,7,1,86,78,2,1,1,6,avenue Henri Roucher,46.14999,0.2956
201500011814,6,9,15,19,1,86,271,1,1,1,4,,0.0,0.0
201500011815,21,10,15,17,1,86,89,1,1,1,4,,0.0,0.0
201500011816,5,11,15,17,1,86,276,1,1,1,7,,0.0,0.0
201500011817,5,1,15,11,1,86,254,1,1,1,7,,0.0,0.0
201500011818,19,3,15,16,1,86,107,1,1,8,6,,46.37,0.689
201500011819,16,4,15,18,1,86,118,1,1,7,3,Carrefour D33/D727,46.44722,0.98522
201500011820,6,7,15,14,1,86,153,2,1,1,1,RN 147,46.417,0.688
201500011821,30,9,15,17,1,86,170,1,1,1,1,,0.0,0.0
201500011822,22,10,15,16,1,86,118,1,1,8,1,,0.0,0.0
201500011823,13,1,15,12,1,34,336,1,1,1,4,,43.31765,3.26146
201500011824,18,1,15,15,1,34,157,1,1,1,6,,43.43988,3.57019
201500011825,27,2,15,18,2,34,95,1,1,1,1,,43.55072,3.80831
201500011826,2,4,15,5,3,34,336,1,1,1,3,A 9,43.33622,3.28854
201500011827,4,4,15,17,1,34,172,1,9,1,2,,43.6056,3.93139
201500011828,11,4,15,21,3,34,95,1,1,1,5,,43.55028,3.80377
201500011829,10,5,15,18,1,34,95,1,1,1,4,,43.54979,3.80155
201500011830,15,5,15,12,1,34,32,1,1,1,5,,43.34195,3.30746
201500011831,21,5,15,9,1,34,157,1,1,1,1,,43.42229,3.54119
201500011832,26,5,15,10,1,34,270,1,9,1,3,,43.56133,3.82845
201500011833,29,5,15,8,1,34,270,1,1,1,7,,43.55724,3.82465
201500011834,4,6,15,1,3,34,143,1,1,1,6,",",43.46961,3.64049
201500011835,5,6,15,3,3,34,32,1,1,1,3,,43.30097,3.21101
201500011836,4,7,15,3,3,34,166,1,1,1,1,,43.35786,3.34099
201500011837,28,7,15,17,1,34,203,1,1,1,6,,43.40766,3.49283
201500011838,26,8,15,16,1,34,172,1,1,1,4,AUTO A9 LA LANGUEDOCIENN,43.5842,3.88949
201500011839,21,9,15,20,3,34,101,1,1,1,1,,43.37801,3.44079
201500011840,9,12,15,16,1,34,32,1,1,1,1,,43.30539,3.23607
201500011841,22,12,15,15,1,34,336,1,1,1,2,,43.33889,3.29546
201500011842,28,12,15,18,3,34,143,1,1,1,3,,43.46995,3.64055
201500011843,1,1,15,15,1,33,130,1,1,1,6,,44.48439,-0.20792
201500011844,28,2,15,2,3,33,21,1,9,1,6,,44.53008,-0.19551
201500011845,17,6,15,16,1,33,270,1,1,1,2,,44.41316,-0.25
201500011846,17,7,15,20,1,33,46,1,1,1,6,,44.39503,-0.24187
201500011847,5,8,15,23,3,33,452,1,1,1,6,,44.64623,-0.43612
201500011848,10,8,15,11,1,33,30,1,1,1,2,,44.57628,-0.32215
201500011849,22,8,15,3,3,33,465,1,1,1,6,,0.0,0.0
201500011850,12,9,15,16,1,33,2,1,1,1,7,,0.0,0.0
201500011851,30,10,15,8,1,33,343,1,1,1,2,,44.58543,-0.34606
201500011852,23,12,15,2,3,33,452,1,1,1,3,,44.64257,-0.4308
201500011853,28,12,15,8,1,33,36,1,1,1,6,,44.45332,-0.23051
201500011854,20,3,15,20,3,31,446,2,1,1,6,AVENUE TOLOSANE,0.0,0.0
201500011855,9,4,15,8,1,31,506,2,1,1,3,49 ave de la Marqueille,43.56012,1.53285
201500011856,16,4,15,15,1,31,254,1,1,2,3,,43.5321,1.51603
201500011857,2,6,15,8,1,31,446,1,1,1,2,,43.526,1.459
201500011858,8,6,15,15,1,31,506,2,1,1,6,route  de revel,43.54836,1.5367
201500011859,3,7,15,7,1,31,254,1,1,1,1,,0.0,0.0
201500011860,27,11,15,12,1,31,254,2,6,1,3,l'occitane,43.54543,1.50612
201500011861,16,1,15,7,3,26,4,1,2,1,1,LES REYBIAS,44.9866,5.0447
201500011862,18,1,15,10,1,26,49,2,3,1,6,LE VILLAGE,0.0,0.0
201500011863,25,1,15,6,3,26,301,1,3,1,3,CHALON OUEST,0.0,0.0
201500011864,11,2,15,15,1,26,271,1,1,1,1,LES HAUTS SAVIAUX,0.0,0.0
201500011865,13,2,15,17,1,26,179,1,1,2,3,LA CROIX,0.0,0.0
201500011866,8,3,15,21,3,26,325,1,1,1,6,RN 7,0.0,0.0
201500011867,24,3,15,16,1,26,88,1,1,8,3,LES OMIS,0.0,0.0
201500011868,1,4,15,16,1,26,347,2,3,1,3,AV PREDIDENT ROOSEVELT,0.0,0.0
201500011869,17,4,15,1,3,26,84,1,1,2,7,SAUT DES CHEVRES HAUT,0.0,0.0
201500011870,18,4,15,14,1,26,301,2,3,1,5,AV GENERAL DE GAULLE,0.0,0.0
201500011871,25,4,15,19,1,26,347,2,1,1,1,RUE ERNEST BOUCHET,45.0688,4.8518
201500011872,29,4,15,16,1,26,9,2,1,1,3,LE CREUX DE THINE,0.0,0.0
201500011873,3,5,15,22,5,26,160,2,1,1,3,AVENUE CROIX DES MAILLES,0.0,0.0
201500011874,3,5,15,7,1,26,301,2,2,1,3,AV COMMANDANT CORLU,0.0,0.0
201500011875,4,5,15,12,1,26,271,1,2,1,5,LES PIALOUX,0.0,0.0
201500011876,16,5,15,19,1,26,96,1,3,1,3,LES BLACHES,0.0,0.0
201500011877,2,6,15,8,1,26,4,1,1,1,2,CHAUX OUEST,0.0,0.0
201500011878,6,6,15,17,1,26,184,1,1,1,3,MICHONIERES,0.0,0.0
201500011879,25,6,15,16,1,26,301,1,1,1,1,LEOBERT,0.0,0.0
201500011880,28,6,15,12,1,26,88,1,1,1,6,LES PETITS ALLIERS LUCIA,45.0172,5.0865
201500011881,27,6,15,21,5,26,325,2,1,1,4,RUE DE MARSEILLE,0.0,0.0
201500011882,30,6,15,16,1,26,88,2,9,1,6,RUE ZENON RIVOIRE,45.0029,5.089
201500011883,13,7,15,22,3,26,174,2,3,1,3,ROUTE DES CHARMES,0.0,0.0
201500011884,19,7,15,19,1,26,49,1,1,1,7,LES TAUREAUX NORD,0.0,0.0
201500011885,6,7,15,10,1,26,71,1,1,1,1,RIVOIRES,0.0,0.0
201500011886,23,7,15,19,1,26,57,1,1,1,1,RTE OLIVIER DE SERRES,45.0089,5.069
201500011887,9,8,15,7,2,26,2,1,1,1,6,LES PRES NOUVEAUX,0.0,0.0
201500011888,8,8,15,21,2,26,333,2,1,2,6,QUAI BIZARELLI,0.0,0.0
201500011889,27,8,15,7,3,26,92,1,1,1,7,CONRING,0.0,0.0
201500011890,29,8,15,5,3,26,96,1,1,1,1,LES BLACHES,0.0,0.0
201500011891,29,8,15,8,1,26,139,1,1,1,1,RTE DES CHAMBARANDS,0.0,0.0
201500011892,8,9,15,14,1,26,119,1,1,1,6,RN 7,0.0,0.0
201500011893,10,9,15,20,3,26,295,1,1,1,6,CREUX DE LAYE,45.1642,4.8611
201500011894,22,9,15,7,1,26,333,1,3,1,3,LA BRASSIERE,0.0,0.0
201500011895,25,9,15,15,2,26,250,1,1,1,2,LES PIALOUX,0.0,0.0
201500011896,2,10,15,22,3,26,38,1,1,2,1,RD 67,0.0,0.0
201500011897,3,10,15,15,1,26,231,1,1,3,3,LE BOIS DU CHEVAL,0.0,0.0
201500011898,10,10,15,14,1,26,84,1,1,1,5,RN 7,0.0,0.0
201500011899,3,11,15,17,1,26,271,1,1,1,6,,0.0,0.0
201500011900,7,11,15,18,2,26,39,1,1,1,7,GAZONNE,0.0,0.0
201500011901,11,11,15,11,1,26,347,2,1,1,6,AVENUE ROOSEVELT,0.0,0.0
201500011902,13,11,15,16,2,26,34,1,1,1,5,GERVANS,0.0,0.0
201500011903,18,12,15,14,1,26,301,1,1,1,5,CHAUCHERE,0.0,0.0
201500011904,18,12,15,17,3,26,139,1,2,1,5,LES ORRES,0.0,0.0
201500011905,17,12,15,18,5,26,301,2,1,1,6,AV DU GENERAL DE GAULLE,0.0,0.0
201500011906,24,12,15,8,5,26,160,2,1,1,6,AV DE LA CROIX DE MAILLE,0.0,0.0
201500011907,17,2,15,8,2,63,113,1,1,8,7,,45.7846,3.1961
201500011908,21,2,15,4,3,63,272,1,1,2,7,,0.0,0.0
201500011909,17,10,15,4,3,63,21,1,1,1,6,,45.077,3.301
201500011910,1,11,15,18,2,63,413,1,1,1,2,,0.0,0.0
201500011911,20,12,15,18,3,63,193,1,1,1,1,,45.7845,3.20325
201500011912,26,12,15,1,3,63,14,1,1,1,6,,0.0,0.0
201500011913,1,7,15,16,1,64,502,1,1,1,3,A 64 GARE DE PEAGE,43.52978,-1.18628
201500011914,3,8,15,14,1,64,102,1,1,1,6,A63,43.47489,-1.45495
201500011915,5,11,15,18,3,64,102,1,1,1,2,,43.4759,-1.45158
201500011916,13,12,15,17,2,64,125,1,1,7,7,A 63,43.42443,-1.59504
201500011917,26,2,15,8,1,80,409,2,2,1,3,THIERS (RUE),49.70174,4.93857
201500011918,14,5,15,3,5,80,409,2,2,1,3,THIERS (RUE),49.7021,4.94092
201500011919,28,9,15,18,1,80,409,2,1,7,6,"8, FOND DE GIVONNE (FAUB",49.7004,4.95696
201500011920,9,12,15,18,5,80,409,2,6,2,6,"2, COMEDIE (RUE DE LA)",49.70217,4.94411
201500011921,14,12,15,18,5,80,409,2,1,2,6,NASSAU (PLACE),49.69898,4.95199
201500011922,14,1,15,18,5,80,409,2,1,2,6,PASTEUR (AVENUE),49.69715,4.92918
201500011923,16,2,15,22,3,51,61,1,1,1,2,A4,49.10934,4.25328
201500011924,31,3,15,15,1,51,171,1,1,6,5,A26,49.38808,3.94357
201500011925,10,4,15,6,3,51,577,1,1,1,2,A4,49.21719,3.80592
201500011926,3,7,15,1,3,51,364,1,1,1,6,A4,49.23392,3.85855
201500011927,7,7,15,8,1,51,562,1,1,1,2,A344(PEAGE),49.21148,4.07836
201500011928,22,7,15,1,3,51,437,1,1,1,2,A4,49.22776,3.82605
201500011929,16,9,15,14,1,51,657,1,1,3,4,A4,0.0,0.0
201500011930,3,10,15,11,1,51,305,1,1,1,1,A4,49.23745,3.87246
201500011931,26,10,15,12,1,51,562,1,1,1,5,A4,49.20517,4.08857
201500011932,5,11,15,8,1,51,599,1,1,1,3,A4,49.10126,4.2553
201500011933,5,1,15,2,3,13,4,1,1,1,6,******,0.0,0.0
201500011934,5,5,15,0,3,13,27,1,1,1,6,***,0.0,0.0
201500011935,1,6,15,16,1,13,61,2,1,1,6,,0.0,0.0
201500011936,8,7,15,4,3,13,66,2,1,1,6,Chemin du Grès,0.0,0.0
201500011937,12,7,15,11,1,13,38,1,1,1,1,**,0.0,0.0
201500011938,25,7,15,11,1,13,78,2,1,1,6,AVENUE DU PORT,0.0,0.0
201500011939,18,10,15,5,3,13,10,1,1,2,1,,0.0,0.0
201500011940,29,11,15,11,1,13,97,1,1,1,6,sens Fos/Martigues,0.0,0.0
201500011941,26,1,15,19,5,91,105,2,1,8,6,route de boissy,48.569,2.173
201500011942,15,2,15,7,1,91,85,1,1,1,2,RN20,48.543,2.21
201500011943,21,4,15,23,5,91,105,2,1,1,6,40 route de Dourdan,0.0,0.0
201500011944,2,4,15,16,1,38,486,2,2,8,3,1 rue de la liberté,45.17158,5.69686
201500011945,7,5,15,20,1,38,486,2,1,1,3,"4, Rue de la Chaumière",0.0,0.0
201500011946,5,6,15,15,1,38,485,2,6,1,3,avenue du vercors,45.17631,5.68693
201500011947,23,8,15,11,1,38,486,2,2,1,1,Av de Claix/r de la lune,45.14733,5.6777
201500011948,20,9,15,18,1,38,433,1,4,1,1,inter voie du tram,45.16839,5.63922
201500011949,21,9,15,15,1,38,433,1,1,1,3,,45.16839,5.63922
201500011950,6,10,15,8,1,38,485,2,4,8,2,avenue de Belledonne,45.16824,5.6787
201500011951,8,2,15,14,1,38,173,1,1,1,5,,45.04263,6.12821
201500011952,31,3,15,16,1,38,289,1,1,1,6,,0.0,0.0
201500011953,28,6,15,14,1,38,285,1,1,1,1,,0.0,0.0
201500011954,18,7,15,13,1,38,375,1,1,1,6,,44.9529,6.18322
201500011955,26,8,15,12,1,38,285,1,1,1,6,,0.0,0.0
201500011956,15,9,15,20,3,38,285,1,1,1,1,,0.0,0.0
201500011957,1,10,15,0,3,38,212,1,1,1,6,,45.0825,5.89702
201500011958,25,10,15,1,3,38,212,1,1,1,6,,45.10073,5.91775
201500011959,31,10,15,7,1,38,191,1,1,1,6,,0.0,0.0
201500011960,3,12,15,10,1,38,52,1,1,1,7,,0.0,0.0
201500011961,19,4,15,7,1,51,572,1,1,1,6,A4,49.04653,4.65651
201500011962,22,4,15,15,1,57,762,1,1,1,4,,0.0,0.0
201500011963,10,5,15,18,1,57,606,1,9,1,6,,0.0,0.0
201500011964,8,7,15,17,1,57,204,1,1,1,4,,0.0,0.0
201500011965,12,10,15,9,1,57,484,1,1,1,2,,0.0,0.0
201500011966,7,11,15,0,3,57,332,1,1,2,5,,0.0,0.0
201500011967,27,12,15,15,1,57,695,1,1,1,6,,0.0,0.0
201500011968,17,2,15,16,1,86,66,1,1,1,6,,0.0,0.0
201500011969,10,4,15,5,5,86,92,1,6,1,7,,0.0,0.0
201500011970,12,4,15,16,1,86,280,1,1,1,2,,0.0,0.0
201500011971,4,6,15,12,1,86,158,1,1,1,6,,0.0,0.0
201500011972,4,6,15,18,1,86,174,1,1,1,6,,0.0,0.0
201500011973,7,6,15,16,1,86,146,1,1,1,6,,0.0,0.0
201500011974,18,7,15,16,1,86,7,1,1,1,6,,0.0,0.0
201500011975,5,10,15,9,1,86,7,1,1,3,6,,46.882,0.517
201500011976,20,11,15,19,3,86,66,1,1,2,6,,0.0,0.0
201500011977,14,12,15,12,1,45,315,2,2,1,5,D 948/R SECHOY/EPINETTES,47.76042,2.37411
201500011978,29,1,15,7,3,17,331,1,1,3,6,,45.47684,-0.58662
201500011979,21,10,15,16,1,17,241,1,1,1,3,,45.20981,-0.15557
201500011980,30,10,15,14,1,17,113,1,1,1,6,,45.10162,-0.15735
201500011981,26,11,15,19,5,17,328,1,1,1,5,,45.48,-0.715
201500011982,9,12,15,12,1,79,322,1,1,1,2,,46.6171,-0.28291
201500011983,24,9,15,18,1,28,83,1,1,1,1,,47.97594,1.32697
201500011984,24,1,15,8,1,36,97,1,1,9,6,,47.0227,1.78679
201500011985,22,2,15,17,1,36,202,1,1,1,4,,46.8263,1.63923
201500011986,23,5,15,2,3,36,63,1,1,1,1,,46.8479,1.69464
201500011987,11,7,15,9,1,36,63,1,1,1,7,,46.8455,1.68831
201500011988,6,9,15,9,1,36,230,1,1,1,5,,47.0331,1.79144
201500011989,13,10,15,4,3,37,151,1,1,1,1,,0.0,0.0
201500011990,1,2,15,14,1,49,298,1,1,4,7,,47.44289,-0.74191
201500011991,6,2,15,12,1,49,222,1,1,1,3,,47.33763,-0.54799
201500011992,10,3,15,0,3,49,68,1,1,1,6,,47.43535,-0.85857
201500011993,31,3,15,15,1,49,266,1,1,1,6,,47.4382,-0.76666
201500011994,19,6,15,19,1,49,129,1,1,1,6,,47.50013,-0.51346
201500011995,12,7,15,8,1,49,294,1,1,1,6,,47.47966,-0.6689
201500011996,18,7,15,14,2,49,321,1,1,1,7,,47.42441,-0.93935
201500011997,8,8,15,19,1,49,7,1,1,1,2,,47.49081,-0.54016
201500011998,7,9,15,14,1,49,129,1,1,1,2,,47.49841,-0.51793
201500011999,18,9,15,8,1,49,306,1,1,1,3,,47.42717,-0.69084
201500012000,2,8,15,12,1,20,227,1,1,1,6,,0.0,0.0
201500012001,10,7,15,13,1,90,55,1,1,1,7,,42.85605,1.09203
201500012002,20,8,15,14,1,90,219,2,3,1,6,route d'Augstrou,42.93586,0.94237
201500012003,25,8,15,21,5,90,25,2,1,1,6,rte de LUCHON,42.93618,0.97186
201500012004,9,1,15,11,1,60,150,1,1,1,2,,43.74631,7.37998
201500012005,12,1,15,9,1,60,123,1,1,1,2,,43.6682,7.19717
201500012006,1,10,15,18,2,60,83,1,1,2,4,,0.0,0.0
201500012007,18,2,15,7,1,60,67,1,1,1,2,,43.78233,7.45062
201500012008,1,3,15,11,1,60,113,1,1,1,2,,0.0,0.0
201500012009,5,3,15,0,3,60,83,1,9,1,1,,0.0,0.0
201500012010,17,3,15,7,1,60,59,1,1,2,2,,0.0,0.0
201500012011,31,3,15,16,1,60,88,1,1,1,3,,0.0,0.0
201500012012,16,4,15,6,5,60,88,1,1,1,7,,0.0,0.0
201500012013,27,4,15,10,1,60,150,1,1,5,1,,0.0,0.0
201500012014,19,5,15,16,1,60,88,1,1,1,2,,0.0,0.0
201500012015,13,7,15,6,1,60,67,1,1,1,2,,0.0,0.0
201500012016,1,8,15,10,1,60,88,1,1,1,3,,0.0,0.0
201500012017,4,8,15,18,1,60,88,1,1,1,2,,0.0,0.0
201500012018,2,9,15,21,5,60,88,1,1,1,7,,0.0,0.0
201500012019,13,9,15,18,1,60,83,1,1,1,6,,0.0,0.0
201500012020,17,9,15,13,1,60,150,1,1,1,5,,0.0,0.0
201500012021,26,10,15,15,1,60,88,1,1,1,3,,0.0,0.0
201500012022,29,10,15,17,1,60,88,1,1,1,5,,0.0,0.0
201500012023,23,11,15,9,1,60,88,1,1,1,2,,0.0,0.0
201500012024,1,12,15,7,1,60,150,1,1,1,1,,0.0,0.0
201500012025,11,12,15,0,3,60,149,1,1,1,2,,0.0,0.0
201500012026,12,12,15,0,3,60,149,1,1,1,6,,0.0,0.0
201500012027,15,12,15,21,5,60,88,1,9,1,2,,0.0,0.0
201500012028,22,3,15,0,3,57,747,1,1,1,6,,0.0,0.0
201500012029,27,4,15,9,1,57,80,1,1,2,7,,0.0,0.0
201500012030,12,5,15,2,3,57,761,1,1,1,6,,0.0,0.0
201500012031,27,5,15,15,1,67,201,1,1,1,4,,0.0,0.0
201500012032,3,9,15,20,2,67,70,1,1,1,2,,0.0,0.0
201500012033,14,11,15,7,2,57,80,1,1,1,6,,0.0,0.0
201500012034,28,11,15,20,3,67,201,1,1,1,6,,0.0,0.0
201500012035,16,1,15,0,3,90,11,1,1,1,5,,0.0,0.0
201500012036,1,2,15,14,1,90,67,1,1,1,6,,0.0,0.0
201500012037,21,2,15,23,3,68,218,1,1,1,3,,0.0,0.0
201500012038,27,7,15,19,1,68,59,1,1,1,3,,0.0,0.0
201500012039,22,10,15,9,1,68,85,1,1,1,2,,0.0,0.0
201500012040,10,1,15,19,3,67,117,1,1,2,1,"PV, SENS STRASBG/PARIS",0.0,0.0
201500012041,6,3,15,13,1,67,460,1,1,1,7,,0.0,0.0
201500012042,15,3,15,0,3,67,67,1,1,1,5,,0.0,0.0
201500012043,27,6,15,20,1,67,67,1,1,1,6,,0.0,0.0
201500012044,16,7,15,13,1,67,460,1,1,1,2,,0.0,0.0
201500012045,17,7,15,16,1,67,33,1,1,1,6,"PV,SENS HAGUENAU-STRASBG",0.0,0.0
201500012046,17,1,15,19,3,62,286,1,1,1,2,,0.0,0.0
201500012047,18,11,15,17,3,62,73,1,1,1,2,,0.0,0.0
201500012048,3,4,15,14,1,14,578,1,3,3,5,,49.336,0.22795
201500012049,18,6,15,17,1,14,578,1,1,1,2,,49.3781,0.12953
201500012050,26,3,15,7,2,44,52,1,1,2,5,,47.337,-2.019
201500012051,28,8,15,10,1,44,69,1,2,1,3,,47.34833,-2.4429
201500012052,1,1,15,9,1,49,64,1,1,1,3,,47.6955,-0.70919
201500012053,18,5,15,8,1,49,367,2,1,7,6,rue du commerce,47.59964,-0.83837
201500012054,8,6,15,16,1,53,204,1,1,1,1,,48.47293,-0.26066
201500012055,9,7,15,10,1,53,177,1,1,1,3,,48.32766,-1.04526
201500012056,27,10,15,18,3,53,164,1,1,2,1,,48.49183,-0.31284
201500012057,3,11,15,17,1,53,121,1,1,1,3,,48.40921,-0.36137
201500012058,7,12,15,7,2,53,269,1,1,1,1,,48.30864,-0.79207
201500012059,15,12,15,16,1,53,202,1,1,3,1,,48.4036,-0.96533
201500012060,25,1,15,19,3,62,282,1,1,1,5,,50.38827,2.1818
201500012061,29,8,15,2,3,62,621,1,1,1,1,,50.86925,2.01397
201500012062,23,10,15,17,1,27,107,1,1,1,3,,49.374,0.62
201500012063,5,11,15,8,1,27,467,2,2,1,3,Rue République,49.35719,0.51606
201500012064,6,11,15,16,1,27,470,2,1,2,6,D 321 rue Grande,49.3321,1.28776
201500012065,1,12,15,16,1,27,320,1,1,1,5,,49.24224,0.87593
201500012066,29,5,15,9,1,17,140,2,1,1,3,D.734 -Rte Treuil,45.91007,-1.26453
201500012067,7,12,15,16,1,17,184,1,1,1,5,,45.77432,-0.93624
201500012068,26,10,15,14,1,90,32,1,1,1,7,,42.69225,1.82671
201500012069,7,5,15,12,1,18,245,1,1,1,2,,0.0,0.0