Num_Acc,jour,mois,an,hr,condition_eclairage,departement,commune,condition_agglomeration,intersection,condition_atmosphere,type_collision,adresse,lattitude,longitude
201500012070,28,5,15,1,3,18,91,1,1,1,6,,0.0,0.0
201500012071,10,7,15,18,1,18,129,1,1,1,7,,0.0,0.0
201500012072,22,7,15,9,1,18,33,1,1,1,7,,0.0,0.0
201500012073,21,5,15,16,1,28,147,1,2,1,3,,48.53343,1.24073
201500012074,22,12,15,14,1,42,3,1,1,1,2,,0.0,0.0
201500012075,13,2,15,22,5,67,101,2,1,5,6,"PV, RUE SAINT-JEAN",0.0,0.0
201500012076,2,7,15,18,1,10,35,1,1,1,3,,48.21217,0.0
201500012077,15,4,15,12,1,21,22,1,2,1,3,,47.07639,5.02746
201500012078,18,12,15,9,1,39,113,1,1,8,1,,0.0,0.0
201500012079,20,5,15,19,1,13,88,1,1,7,6,,0.0,0.0
201500012080,7,9,15,20,2,13,88,2,1,1,2,RN 568,0.0,0.0
201500012081,6,3,15,4,5,13,73,1,1,1,6,,0.0,0.0
201500012082,21,6,15,17,1,13,86,1,1,1,1,,0.0,0.0
201500012083,2,7,15,11,1,13,30,1,1,1,2,***,0.0,0.0
201500012084,18,2,15,16,1,38,2,1,1,9,1,,45.2591,5.99057
201500012085,30,3,15,6,2,38,397,1,1,3,6,,0.0,0.0
201500012086,22,9,15,4,3,38,503,1,1,1,2,,45.32115,5.94716
201500012087,8,11,15,8,1,38,249,1,1,1,6,,0.0,0.0
201500012088,19,1,15,8,1,13,40,1,1,2,3,,0.0,0.0
201500012089,5,2,15,10,1,13,13,1,1,8,2,A52,0.0,0.0
201500012090,4,4,15,14,1,13,1,1,1,1,7,,0.0,0.0
201500012091,7,7,15,9,1,13,1,1,1,1,2,***,0.0,0.0
201500012092,14,7,15,17,1,13,25,1,1,1,2,,0.0,0.0
201500012093,20,8,15,9,1,13,25,1,1,1,3,**,0.0,0.0
201500012094,4,9,15,17,1,13,31,1,1,1,2,*,0.0,0.0
201500012095,14,9,15,17,1,13,5,1,1,1,3,**,0.0,0.0
201500012096,22,9,15,21,3,13,86,1,1,1,2,***,0.0,0.0
201500012097,1,10,15,17,1,13,7,1,1,1,4,,0.0,0.0
201500012098,24,10,15,20,3,13,1,1,1,1,6,**,0.0,0.0
201500012099,4,11,15,6,2,13,7,1,9,1,3,***,0.0,0.0
201500012100,19,11,15,21,3,13,1,1,1,1,6,,0.0,0.0
201500012101,21,12,15,16,1,13,25,1,1,2,6,,0.0,0.0
201500012102,21,12,15,16,3,13,31,1,1,1,6,***,0.0,0.0
201500012103,17,12,15,15,1,13,60,1,1,8,7,,0.0,0.0
201500012104,31,12,15,17,2,13,31,1,1,1,3,A52,0.0,0.0
201500012105,4,1,15,1,3,83,61,1,1,1,2,,0.0,0.0
201500012106,18,1,15,8,1,60,4,1,1,1,2,,0.0,0.0
201500012107,14,2,15,17,1,60,85,1,1,2,3,,43.58613,7.00248
201500012108,19,2,15,8,1,60,27,1,1,1,7,,43.66066,7.15797
201500012109,5,5,15,17,1,60,4,1,1,1,5,,0.0,0.0
201500012110,17,6,15,9,1,60,161,1,1,1,3,,0.0,0.0
201500012111,22,5,15,7,1,60,161,1,1,1,7,,0.0,0.0
201500012112,5,6,15,16,1,60,4,1,1,1,2,,0.0,0.0
201500012113,7,6,15,7,2,83,1,1,1,1,6,,0.0,0.0
201500012114,17,5,15,3,3,60,27,1,1,1,6,,0.0,0.0
201500012115,7,7,15,14,1,60,4,1,1,1,3,,0.0,0.0
201500012116,9,8,15,9,1,60,85,1,1,1,6,,0.0,0.0
201500012117,13,8,15,6,2,60,4,1,1,1,6,,0.0,0.0
201500012118,8,9,15,9,1,60,79,1,1,1,3,,0.0,0.0
201500012119,16,9,15,9,1,60,27,1,1,1,5,,0.0,0.0
201500012120,17,9,15,1,3,60,4,1,1,8,7,,0.0,0.0
201500012121,22,9,15,12,1,60,27,1,1,1,6,,0.0,0.0
201500012122,3,10,15,5,3,60,79,1,1,2,6,,0.0,0.0
201500012123,11,10,15,20,3,60,27,1,1,1,7,,0.0,0.0
201500012124,18,10,15,5,4,60,155,1,1,2,7,,0.0,0.0
201500012125,20,11,15,16,1,60,30,1,1,1,7,,0.0,0.0
201500012126,24,11,15,13,1,60,79,1,1,1,5,,0.0,0.0
201500012127,13,4,15,8,1,64,141,1,9,1,2,,43.544,-0.295
201500012128,10,11,15,10,1,64,343,1,1,1,6,,43.27764,-0.19988
201500012129,11,10,15,17,1,66,172,2,1,1,1,avenue des Olympiades,42.70833,2.8505
201500012130,22,2,15,20,3,63,430,1,1,1,6,,0.0,0.0
201500012131,7,2,15,6,3,73,244,1,1,1,1,,45.42629,6.48654
201500012132,18,1,15,13,1,74,81,2,1,1,2,ROUTE DE CHAMONIX,0.0,0.0
201500012133,19,2,15,17,1,74,81,2,1,1,6,Rue Pierre Trappier,0.0,0.0
201500012134,4,3,15,6,3,74,81,2,1,3,6,Avenue Charles Poncet,0.0,0.0
201500012135,13,3,15,15,1,74,159,1,1,1,5,,0.0,0.0
201500012136,15,3,15,19,2,74,81,2,4,1,6,AV DES GLIERES/ PONTHIOR,0.0,0.0
201500012137,22,4,15,19,1,74,264,1,1,1,1,104 AV DE LA COLOMBIERE,0.0,0.0
201500012138,10,5,15,17,1,74,81,2,1,1,6,AVENUE DES GLIERES,0.0,0.0
201500012139,27,5,15,17,1,74,264,2,1,1,3,RUE DE LA CROIX,0.0,0.0
201500012140,31,5,15,17,1,74,221,1,1,1,6,,0.0,0.0
201500012141,20,6,15,19,1,74,196,1,1,1,6,,0.0,0.0
201500012142,12,7,15,9,1,74,264,2,2,1,6,RUE DE LA LIBERATION,0.0,0.0
201500012143,27,7,15,12,1,74,81,1,1,1,1,114 AVENUE DU MONT-BLANC,0.0,0.0
201500012144,6,8,15,17,1,74,64,1,1,1,7,735 ROUTE DE MARIGNIER,0.0,0.0
201500012145,29,8,15,11,1,74,159,1,1,1,3,,0.0,0.0
201500012146,31,8,15,9,1,74,264,2,1,1,6,11 AVENUE DU MONT-BLANC,0.0,0.0
201500012147,6,9,15,10,1,74,81,1,1,1,1,,0.0,0.0
201500012148,9,9,15,17,1,74,159,2,1,1,1,La Tour Noire,0.0,0.0
201500012149,26,10,15,12,1,74,159,2,1,1,6,,0.0,0.0
201500012150,17,11,15,18,5,74,81,2,1,1,3,67 RUE DU JACQUES ARNAUD,0.0,0.0
201500012151,11,12,15,19,5,74,64,1,4,1,3,,0.0,0.0
201500012152,18,12,15,18,5,74,81,2,3,8,1,avenue des glières,0.0,0.0
201500012153,21,12,15,18,5,74,81,2,1,1,6,8 AVENUE PIERRE TRAPPIER,0.0,0.0
201500012154,9,2,15,11,1,59,132,1,1,8,6,Hameau de Boistrancourt,50.1494,3.34506
201500012155,20,10,15,21,5,59,485,2,1,1,3,rue jean jaures,0.0,0.0
201500012156,9,12,15,18,5,59,141,2,1,1,6,rue de la paix,0.0,0.0
201500012157,14,2,15,13,1,72,353,1,1,1,7,,0.0,0.0
201500012158,18,2,15,10,1,72,80,1,1,1,6,,0.0,0.0
201500012159,5,5,15,7,1,72,204,1,1,1,3,,0.0,0.0
201500012160,3,7,15,6,1,72,64,1,1,1,7,,0.0,0.0
201500012161,5,7,15,8,1,72,80,1,1,1,7,,0.0,0.0
201500012162,7,7,15,18,1,72,122,1,1,1,1,,0.0,0.0
201500012163,21,8,15,14,1,72,42,1,1,1,5,,0.0,0.0
201500012164,15,9,15,0,3,72,353,1,1,1,2,,0.0,0.0
201500012165,2,9,15,11,1,89,330,1,1,1,5,,47.70126,3.80752
201500012166,25,4,15,22,5,85,226,2,1,1,3,,46.74573,-1.954
201500012167,6,5,15,14,1,85,3,1,1,1,1,,46.76466,-1.65575
201500012168,26,8,15,16,1,85,47,2,1,2,3,34C RUE BONNE FONTAINE,46.84713,-1.87652
201500012169,18,12,15,9,1,85,222,2,1,8,6,41 rue de la Cornue,46.69034,-1.9209
201500012170,27,2,15,13,1,90,122,1,1,1,2,RD 919,42.98764,1.61571
201500012171,15,12,15,17,2,90,122,1,1,1,5,20 (R.N.) COTE SUD DU TU,42.95569,1.62371
201500012172,10,5,15,1,3,90,207,2,1,1,7,RD 117,42.92554,1.6357
201500012173,25,12,15,14,1,90,122,2,1,1,1,"10, BARCELONE (AVENUE DE",42.9611,1.61438
201500012174,21,6,15,19,1,90,122,1,1,1,5,RD 919,42.98028,1.61068
201500012175,8,7,15,16,1,90,122,2,1,1,7,"23, FAURE (COURS GABRIEL",42.96398,1.60743
201500012176,10,9,15,12,1,90,122,1,1,1,3,RD 117,42.95922,1.57928
201500012177,1,10,15,15,1,90,122,1,1,1,1,RD 117,42.95867,1.59019
201500012178,22,1,15,16,1,91,600,2,1,1,6,rue de l'ermitage,48.64,2.477
201500012179,20,2,15,17,2,91,617,1,1,3,2,RN 6,0.0,0.0
201500012180,4,3,15,8,1,91,225,2,1,1,3,RN6,48.666,2.518
201500012181,7,4,15,12,1,91,573,1,1,1,6,RD 446,0.0,0.0
201500012182,23,5,15,12,1,38,253,1,1,1,1,,0.0,0.0
201500012183,17,7,15,17,1,38,253,2,1,1,1,Avenue de la Muzelle,0.0,0.0
201500012184,9,12,15,12,1,90,225,1,2,1,3,BELPECH ROUTE DE,43.12725,1.6505
201500012185,22,5,15,14,1,90,225,2,1,1,1,"1, BUGATTI ALLEE",43.1084,1.63057
201500012186,25,7,15,16,1,90,225,2,1,1,6,"14, VERNIOLLE ROUTE DE",43.10175,1.62529
201500012187,21,11,15,12,1,90,225,1,4,3,3,ROUTE NATIONALE 20 (VOIE,43.1169,1.63033
201500012188,22,1,15,15,1,31,37,1,1,1,5,,0.0,0.0
201500012189,9,2,15,15,1,31,254,1,1,1,5,,0.0,0.0
201500012190,27,5,15,10,1,31,113,1,1,1,6,,0.0,0.0
201500012191,29,5,15,12,1,11,225,1,1,1,3,,43.31536,1.88326
201500012192,6,6,15,20,1,31,381,1,1,1,7,,0.0,0.0
201500012193,8,6,15,22,3,31,161,1,1,3,6,,43.49582,1.53991
201500012194,1,9,15,3,3,31,450,1,9,9,6,,0.0,0.0
201500012195,3,10,15,7,3,31,37,1,1,8,3,,43.36686,1.76372
201500012196,4,10,15,20,3,90,185,1,1,8,2,,0.0,0.0
201500012197,30,10,15,6,3,31,210,1,1,1,5,,43.39913,1.68714
201500012198,17,7,15,13,1,14,61,1,1,3,2,,48.9411,-0.7996
201500012199,4,9,15,19,1,14,559,1,1,1,1,,48.824,-1.13714
201500012200,30,3,15,10,1,33,498,1,1,3,4,,0.0,0.0
201500012201,1,4,15,6,3,33,284,1,1,8,6,,0.0,0.0
201500012202,29,5,15,8,1,33,199,1,1,1,4,,0.0,0.0
201500012203,27,6,15,11,1,33,199,1,1,1,3,,0.0,0.0
201500012204,3,8,15,12,1,33,284,1,1,1,2,,0.0,0.0
201500012205,20,8,15,8,1,33,199,1,6,1,3,,44.61452,-1.07326
201500012206,18,9,15,22,3,33,42,1,1,2,7,,44.43467,-0.81424
201500012207,21,9,15,20,3,33,284,1,1,1,7,,0.0,0.0
201500012208,28,9,15,18,1,33,284,1,1,7,5,,0.0,0.0
201500012209,3,10,15,20,3,33,284,1,1,1,2,,0.0,0.0
201500012210,11,10,15,7,2,33,527,1,1,1,6,,0.0,0.0
201500012211,18,1,15,5,3,74,143,1,1,9,7,,0.0,0.0
201500012212,5,7,15,5,3,74,56,1,9,1,6,,0.0,0.0
201500012213,7,7,15,14,1,74,208,1,1,1,6,,0.0,0.0
201500012214,11,7,15,16,1,74,264,1,1,1,6,,0.0,0.0
201500012215,31,8,15,17,1,74,56,1,1,1,2,,0.0,0.0
201500012216,13,2,15,23,3,46,328,1,1,2,7,,44.37498,1.73906
201500012217,9,3,15,15,1,46,303,1,1,1,1,,44.57017,1.67557
201500012218,4,4,15,10,1,46,276,2,1,8,7,Le bourg,44.46922,1.74797
201500012219,3,8,15,15,1,46,212,1,9,1,1,,44.56864,1.66996
201500012220,5,8,15,16,1,46,331,1,1,1,6,,44.47999,1.5662
201500012221,27,10,15,12,1,46,77,1,1,1,7,,44.52394,1.55516
201500012222,7,11,15,8,1,46,275,1,1,1,6,,44.56546,1.55519
201500012223,13,12,15,8,1,46,92,1,1,1,6,,44.44478,1.58881
201500012224,11,2,15,20,3,69,86,1,1,1,6,,0.0,0.0
201500012225,15,5,15,17,1,69,17,1,1,3,1,,0.0,0.0
201500012226,3,7,15,19,1,69,86,1,9,1,3,,0.0,0.0
201500012227,10,7,15,11,1,69,157,1,1,1,6,,45.879,4.495
201500012228,26,7,15,15,1,69,200,1,1,1,6,,45.884,4.471
201500012229,1,9,15,16,1,69,86,1,1,1,6,,45.852,4.653
201500012230,5,10,15,0,3,69,32,1,1,1,6,,0.0,0.0
201500012231,23,10,15,7,3,69,208,1,1,1,7,,0.0,0.0
201500012232,21,2,15,14,1,72,65,1,1,4,1,,0.0,0.0
201500012233,4,3,15,15,1,72,70,1,1,1,3,,48.017,-0.137
201500012234,19,3,15,19,3,72,278,1,1,1,5,,0.0,0.0
201500012235,30,3,15,11,1,72,70,1,1,1,6,,0.0,0.0
201500012236,7,5,15,9,1,72,73,1,1,7,5,,0.0,0.0
201500012237,18,5,15,0,3,72,237,1,1,1,6,,0.0,0.0
201500012238,29,5,15,7,1,72,346,1,1,1,1,,0.0,0.0
201500012239,10,6,15,13,1,72,364,1,1,9,5,,0.0,0.0
201500012240,5,8,15,21,2,72,336,1,1,1,5,,0.0,0.0
201500012241,10,8,15,9,1,72,61,1,1,1,6,,0.0,0.0
201500012242,21,12,15,18,3,72,253,1,1,2,3,,0.0,0.0
201500012243,10,6,15,16,1,68,278,1,1,1,7,,47.77725,7.4067
201500012244,15,7,15,20,1,68,42,1,1,1,3,,47.62905,7.50528
201500012245,2,8,15,9,1,68,278,1,1,1,2,,47.77166,7.41135
201500012246,13,9,15,4,3,68,309,1,1,1,2,,47.65953,7.48473
201500012247,16,12,15,10,1,68,297,1,1,2,2,,47.60019,7.53712
201500012248,9,1,15,15,1,53,218,1,1,1,7,,48.22267,-0.36629
201500012249,16,1,15,18,3,53,7,1,1,1,2,,48.07531,-0.61577
201500012250,12,5,15,5,2,53,262,1,1,1,7,,48.06531,-0.53897
201500012251,14,5,15,5,3,53,267,1,1,1,6,,48.05254,-0.46874
201500012252,5,6,15,0,3,53,34,1,1,1,7,,48.0958,-0.69338
201500012253,13,6,15,18,1,53,262,1,1,1,7,,48.06447,-0.53516
201500012254,17,8,15,23,3,53,264,1,1,1,2,,48.02555,-0.33661
201500012255,5,11,15,17,1,53,267,1,1,2,3,,48.04153,-0.48437
201500012256,23,1,15,7,3,44,35,1,1,1,7,,47.2752,-1.5409
201500012257,6,7,15,9,1,44,179,1,1,1,5,,47.32714,-1.47714
201500012258,31,7,15,14,1,44,93,1,2,1,3,,47.48591,-1.14729
201500012259,26,8,15,8,1,44,82,1,1,1,3,,47.39461,-1.38144
201500012260,19,10,15,14,1,44,163,1,1,1,6,,47.42017,-1.1086
201500012261,30,6,15,19,1,47,186,1,1,1,2,,44.217,0.435
201500012262,3,10,15,7,2,47,186,1,1,2,6,A62,0.0,0.0
201500012263,7,12,15,8,3,47,267,1,1,1,2,A62,44.272,0.2755
201500012264,7,3,15,18,1,82,27,1,1,1,2,,43.8957,1.31675
201500012265,21,3,15,0,3,82,123,1,9,9,7,,43.9286,1.30806
201500012266,21,5,15,1,3,82,25,1,1,1,5,,0.0,0.0
201500012267,2,7,15,21,2,82,121,1,1,1,5,,0.0,0.0
201500012268,13,8,15,18,1,82,2,1,1,3,6,,0.0,0.0
201500012269,5,8,15,8,1,201,348,1,1,1,2,,42.15149,8.75506
201500012270,7,11,15,8,1,201,48,1,1,1,7,,0.0,0.0
201500012271,15,12,15,8,2,201,348,1,1,8,6,,0.0,0.0
201500012272,31,3,15,11,1,39,233,1,9,2,3,,0.0,0.0
201500012273,5,6,15,14,1,39,405,1,1,1,3,,0.0,0.0
201500012274,8,6,15,10,1,39,188,1,6,1,2,,0.0,0.0
201500012275,27,11,15,14,1,39,387,2,1,1,1,03 route nationale,47.191,5.938
201500012276,27,1,15,10,1,38,397,2,1,2,6,10 aveneu de l'?glise,45.246,5.83045
201500012277,13,3,15,16,1,38,229,2,1,1,2,avenue de Verdun,45.21211,5.7749
201500012278,27,5,15,19,1,38,126,1,3,1,1,Int ch des batteries,45.2332,5.7511
201500012279,27,6,15,21,2,38,471,1,1,1,7,les jonquilles,45.26608,5.77283
201500012280,10,7,15,13,1,38,249,1,1,1,1,,45.22992,5.82352
201500012281,15,7,15,20,1,38,229,2,1,1,6,2-4 boulevard des Alpes,0.0,0.0
201500012282,19,7,15,12,1,38,229,2,6,1,6,rond point Grésivaudan,0.0,0.0
201500012283,23,7,15,18,1,38,140,2,1,1,6,270 rue Léo Ferré,0.0,0.0
201500012284,21,9,15,17,1,38,229,2,1,7,6,D521A,0.0,0.0
201500012285,14,10,15,7,1,38,249,1,1,1,1,,0.0,0.0
201500012286,11,11,15,16,1,38,397,2,1,1,3,route de Chambéry,0.0,0.0
201500012287,8,12,15,8,1,38,229,2,1,1,3,02 chemin du vieux chêne,0.0,0.0
201500012288,7,2,15,8,1,60,85,2,1,1,1,avenue notre dame de vie,43.60307,7.0029
201500012289,3,3,15,10,1,60,85,1,6,1,7,,0.0,0.0
201500012290,16,3,15,14,1,60,85,2,6,9,3,AVENUE DES JUYETTES,0.0,0.0
201500012291,29,4,15,21,3,60,85,1,1,1,6,,0.0,0.0
201500012292,9,5,15,15,1,60,85,2,2,1,1,Blanchisserie,0.0,0.0
201500012293,20,5,15,20,1,60,85,2,1,1,1,725 avenue tournamy,0.0,0.0
201500012294,29,5,15,13,1,60,85,2,8,1,6,667 avenue saint martin,0.0,0.0
201500012295,5,6,15,9,1,60,85,1,1,1,7,,0.0,0.0
201500012296,1,6,15,17,1,60,85,2,6,1,3,rd point de la victoire,0.0,0.0
201500012297,7,7,15,18,1,60,85,1,1,1,2,,0.0,0.0
201500012298,2,8,15,9,1,60,85,2,1,1,3,avenue du golf,0.0,0.0
201500012299,8,8,15,15,1,60,85,2,1,1,6,avenue maréchal juin,0.0,0.0
201500012300,16,12,15,21,5,60,85,2,1,1,3,2292 av Maréchal JUIN,0.0,0.0
201500012301,6,1,15,16,1,78,189,1,1,8,1,,0.0,0.0
201500012302,16,1,15,23,3,78,466,1,1,2,1,,48.929,1.992
201500012303,18,4,15,13,1,78,466,2,1,1,2,RD153,0.0,0.0
201500012304,1,7,15,14,1,78,466,2,1,1,3,route de vernouillet,0.0,0.0
201500012305,3,7,15,16,1,78,466,1,1,1,3,,0.0,0.0
201500012306,14,1,15,13,1,33,122,1,1,1,1,,44.6999,-0.70311
201500012307,4,3,15,18,2,33,122,2,9,7,6,7 chemin bellemer,44.7723,-0.69733
201500012308,8,4,15,16,1,33,90,1,3,1,3,RD14 E3,44.76525,-0.6685
201500012309,11,4,15,3,3,33,122,1,9,1,6,,44.67451,-0.729
201500012310,11,6,15,13,1,33,122,1,1,1,6,,44.74594,-0.76608
201500012311,24,6,15,3,3,33,122,2,1,1,2,Avenue du Baron Hausmann,44.74308,-0.65785
201500012312,7,12,15,15,1,33,122,2,1,9,3,avenue de Guitayne,44.765,-0.676
201500012313,1,11,15,17,1,66,38,2,3,1,3,avenue des templiers,42.6552,2.83925
201500012314,25,1,15,14,1,67,112,1,1,1,6,,0.0,0.0
201500012315,2,3,15,2,3,67,462,1,1,2,2,,0.0,0.0
201500012316,28,4,15,11,1,67,239,1,1,1,1,,0.0,0.0
201500012317,6,5,15,9,1,67,115,1,1,1,6,,0.0,0.0
201500012318,27,5,15,13,1,67,481,1,1,1,4,,0.0,0.0
201500012319,4,6,15,10,1,67,73,1,1,1,6,,0.0,0.0
201500012320,22,7,15,14,1,67,101,1,1,1,2,"PV,SENS MOLSHEIM/STRASBG",0.0,0.0
201500012321,11,8,15,13,1,67,462,1,9,1,2,,0.0,0.0
201500012322,4,11,15,18,3,67,73,1,1,1,5,,0.0,0.0
201500012323,21,11,15,12,1,67,10,2,1,1,6,rue du Maréchal Joffre,0.0,0.0
201500012324,8,12,15,11,1,67,239,1,1,1,1,,0.0,0.0
201500012325,13,4,15,14,1,79,231,1,1,1,6,,46.36976,-0.21921
201500012326,28,6,15,16,1,79,189,1,1,1,2,,46.40434,-0.15305
201500012327,5,10,15,9,1,79,276,1,1,3,2,,46.38864,-0.20034
201500012328,21,10,15,16,1,79,283,1,1,1,2,,46.36392,-0.2598
201500012329,27,11,15,22,3,79,316,1,1,2,2,,46.41671,-0.11159
201500012330,18,1,15,17,1,17,50,1,1,1,6,,45.47894,-0.61936
201500012331,7,3,15,5,2,33,321,1,1,1,2,,0.0,0.0
201500012332,7,8,15,17,1,17,50,1,1,1,7,,45.45667,-0.61661
201500012333,14,8,15,20,1,33,351,1,1,1,6,,45.2125,-0.50517
201500012334,7,10,15,7,2,17,236,1,1,1,6,,0.0,0.0
201500012335,10,6,15,13,1,201,139,1,6,1,3,,41.63825,9.33585
201500012336,14,7,15,6,1,201,269,2,1,1,3,rt 10,0.0,0.0
201500012337,16,8,15,16,1,201,269,1,1,1,5,,41.80673,9.39831
201500012338,13,9,15,18,1,201,139,2,1,1,3,route de Pinarello,41.68695,9.36556
201500012339,10,1,15,10,1,74,67,1,1,1,7,456 ROUTE DU CREVON,0.0,0.0
201500012340,9,2,15,17,1,74,186,1,1,7,6,,0.0,0.0
201500012341,12,3,15,13,1,74,268,1,3,1,1,ROUTE QUITAL/GRAND CHENE,0.0,0.0
201500012342,27,6,15,10,1,74,268,1,3,1,3,CHEMIN DU CHAMP DE L'ALE,0.0,0.0
201500012343,12,7,15,14,1,74,268,2,1,1,3,140 AV D'AIX LES BAINS,0.0,0.0
201500012344,22,8,15,23,3,74,67,1,6,1,7,,0.0,0.0
201500012345,10,11,15,9,1,74,268,2,6,1,6,Rue du Val Vert,0.0,0.0
201500012346,1,12,15,14,1,74,268,2,6,1,6,GIRATOIRE AV DES REGAINS,0.0,0.0
201500012347,8,12,15,5,3,74,268,2,1,5,2,LE TREIGE,0.0,0.0
201500012348,11,4,15,4,3,69,288,1,1,1,1,,0.0,0.0
201500012349,10,7,15,14,1,10,142,1,1,1,2,,0.0,0.0
201500012350,9,10,15,7,2,10,89,1,1,1,3,,0.0,0.0
201500012351,12,10,15,9,1,69,280,1,1,1,2,,0.0,0.0
201500012352,4,12,15,22,3,38,557,1,1,5,5,,0.0,0.0
201500012353,24,12,15,5,3,10,32,1,1,1,5,,0.0,0.0
201500012354,20,3,15,7,2,37,194,1,1,1,2,,0.0,0.0
201500012355,27,11,15,18,3,37,27,1,1,2,1,LES VALLEES,0.0,0.0
201500012356,9,1,15,16,1,42,279,1,1,1,3,,45.47158,4.2707
201500012357,18,1,15,17,4,42,279,2,1,1,6,route de st-c?me,45.50956,4.2384
201500012358,11,2,15,8,1,42,256,1,1,1,1,,45.48645,4.14893
201500012359,10,4,15,18,1,42,279,2,2,1,3,58 route de bonson,45.50397,4.24985
201500012360,10,5,15,4,3,42,256,1,1,1,6,,45.48287,4.15103
201500012361,6,7,15,17,1,42,279,2,1,1,6,avenue mellet mandard,45.50199,4.25468
201500012362,27,9,15,22,3,42,256,1,1,1,3,,45.49227,4.15954
201500012363,28,10,15,17,3,42,279,2,1,1,3,,45.48717,4.24318
201500012364,6,11,15,13,1,42,169,1,1,1,3,,45.44507,4.11301
201500012365,16,11,15,16,1,42,279,2,1,1,6,,45.49987,4.24285
201500012366,26,11,15,8,1,42,42,1,1,8,3,,45.47786,4.242
201500012367,19,12,15,15,1,42,279,2,1,1,3,route de BONSON,0.0,0.0
201500012368,7,9,15,15,1,76,276,2,3,1,7,R DE NEUFCHATEL,49.61834,1.53838
201500012369,18,2,15,20,5,91,135,1,1,1,6,D153,0.0,0.0
201500012370,20,3,15,17,1,91,244,1,1,7,3,RD 191,0.0,0.0
201500012371,4,4,15,9,1,91,45,1,1,1,1,RD 191,0.0,0.0
201500012372,7,6,15,11,1,91,649,1,1,1,5,RD 26,48.55,2.356
201500012373,16,6,15,17,1,91,244,1,1,1,1,RD 191,0.0,0.0
201500012374,26,6,15,1,3,91,135,1,1,1,6,Route de Chevanne,48.526,2.44
201500012375,4,9,15,17,1,91,37,1,1,8,7,RD 74,0.0,0.0
201500012376,29,9,15,17,1,91,159,2,6,1,3,RUE ST MARTIN,0.0,0.0
201500012377,25,11,15,10,1,91,45,1,1,2,7,RD191,0.0,0.0
201500012378,9,5,15,18,1,51,333,1,1,1,7,D9,49.14593,4.09583
201500012379,28,6,15,15,1,51,571,1,1,1,1,D944,49.14429,4.21949
201500012380,16,7,15,17,1,51,115,1,3,1,3,D951/VC,49.19464,4.01302
201500012381,19,7,15,10,1,51,428,1,1,1,1,D944,49.12467,4.24217
201500012382,3,8,15,2,3,51,333,1,1,1,6,D9,49.16481,4.08796
201500012383,26,9,15,23,3,51,447,1,1,1,7,D37,49.18412,4.28731
201500012384,2,8,15,12,1,31,157,2,1,1,1,rue de la vieille église,43.53341,1.34388
201500012385,20,11,15,9,1,31,157,2,1,1,6,97 rte de Tournefeuille,43.55832,1.33466
201500012386,30,12,15,10,1,31,157,2,1,7,6,Place de l'Eglise,0.0,0.0
201500012387,4,1,15,8,1,60,152,1,1,8,7,,0.0,0.0
201500012388,29,12,15,9,1,60,152,1,1,8,6,,0.0,0.0
201500012389,7,2,15,10,1,60,152,1,1,1,7,,43.6064,7.05411
201500012390,2,2,15,11,1,60,152,2,1,7,1,290 rue F. DOSTOIEVSKI,43.61423,7.05851
201500012391,11,2,15,8,1,60,18,2,1,7,1,Route de la Mer,43.62447,7.10354
201500012392,23,3,15,17,1,60,152,1,1,1,3,,0.0,0.0
201500012393,28,3,15,8,1,60,152,1,1,1,6,,0.0,0.0
201500012394,26,3,15,10,1,60,152,2,1,1,3,route des dolines,0.0,0.0
201500012395,10,4,15,9,1,60,152,2,1,1,7,11 boulevard CARNOT,43.64245,7.00848
201500012396,26,4,15,6,2,60,152,1,1,1,6,,0.0,0.0
201500012397,8,5,15,21,3,60,18,2,1,1,6,Route des Chappes,0.0,0.0
201500012398,27,5,15,14,1,60,152,1,1,1,1,,0.0,0.0
201500012399,19,6,15,5,2,60,152,1,1,1,6,,0.0,0.0
201500012400,31,7,15,21,1,60,152,1,1,1,1,,0.0,0.0
201500012401,20,8,15,12,1,60,152,1,1,1,1,,0.0,0.0
201500012402,21,8,15,17,1,60,18,2,1,1,1,,0.0,0.0
201500012403,12,10,15,7,3,60,152,2,1,1,6,route des Dolines,0.0,0.0
201500012404,25,10,15,1,3,60,152,2,1,1,6,avenue Maurice Donat,0.0,0.0
201500012405,23,10,15,15,1,60,18,2,1,7,3,14 Chemin Neuf - RD 4,0.0,0.0
201500012406,20,4,15,8,1,69,33,1,1,1,1,,45.8686,4.88203
201500012407,7,5,15,19,1,69,88,2,1,1,6,Quai Jean Baptiste,45.8289,4.8536
201500012408,8,2,15,15,1,69,244,2,1,1,3,Route de Paris,45.768,4.769
201500012409,9,2,15,17,1,69,244,2,1,1,2,"150, Rue Joliot Curie",0.0,0.0
201500012410,12,2,15,7,1,69,244,2,1,1,6,175 ROUTE DE SAINT BEL,0.0,0.0
201500012411,10,3,15,20,5,69,244,2,1,1,5,Rue F?lix Finat Duclos,45.762,4.758
201500012412,19,3,15,10,1,69,244,2,1,1,2,13 CONSTELLATION,45.753,4.805
201500012413,13,4,15,8,1,69,244,2,1,1,3,rue joliot curie,0.0,0.0
201500012414,18,4,15,23,5,69,244,1,1,1,3,,0.0,0.0