Num_Acc,jour,mois,an,hr,condition_eclairage,departement,commune,condition_agglomeration,intersection,condition_atmosphere,type_collision,adresse,lattitude,longitude
201500012415,23,4,15,18,1,69,244,2,1,1,3,17 avenue victor hugo,45.774,4.789
201500012416,21,5,15,9,1,69,244,2,1,1,3,Chemin Finat Duclos,0.0,0.0
201500012417,31,8,15,19,1,69,244,2,1,1,3,Route de Brignais,0.0,0.0
201500012418,23,10,15,8,1,69,244,2,1,1,3,46 avenue victor hugo,45.77,4.785
201500012419,14,11,15,22,5,69,244,2,2,1,3,rue joliot curie,45.7526,4.77065
201500012420,30,11,15,6,5,69,244,2,1,1,1,Avenue Victor HUGO,0.0,0.0
201500012421,16,12,15,18,5,69,44,2,1,5,3,Avenue Lamartine,0.0,0.0
201500012422,22,1,15,7,5,38,378,1,1,2,6,,0.0,0.0
201500012423,17,2,15,18,2,38,378,1,1,1,3,,0.0,0.0
201500012424,21,2,15,14,1,38,19,1,1,1,2,,0.0,0.0
201500012425,24,4,15,18,1,38,378,2,1,1,1,route de glay,0.0,0.0
201500012426,3,6,15,11,1,38,114,2,2,1,3,Route d'Auberives,0.0,0.0
201500012427,12,7,15,8,1,38,448,2,1,1,1,rue du village CD 37,0.0,0.0
201500012428,6,10,15,0,3,38,378,1,1,8,6,,0.0,0.0
201500012429,17,1,15,16,1,74,282,1,1,4,6,,0.0,0.0
201500012430,29,5,15,21,5,74,11,2,3,3,6,AVENUE DU PETIT PORT,0.0,0.0
201500012431,21,7,15,19,1,74,299,2,1,1,2,ROUTE D'ANNECY,0.0,0.0
201500012432,2,9,15,19,1,74,11,1,1,1,7,,0.0,0.0
201500012433,1,12,15,19,5,74,11,2,1,1,6,ROUTE DU PETIT PORT,0.0,0.0
201500012434,27,12,15,17,3,34,116,1,6,1,2,,43.63576,3.75875
201500012435,27,1,15,8,1,34,320,1,1,1,1,,43.64114,3.72576
201500012436,20,2,15,20,3,34,153,1,1,8,6,,43.73876,3.78597
201500012437,9,7,15,20,1,34,82,1,1,1,7,,43.6625,3.77015
201500012438,21,9,15,13,1,34,82,1,1,1,6,,43.66399,3.79619
201500012439,20,10,15,17,2,34,153,1,1,1,2,,43.7329,3.82144
201500012440,30,11,15,18,3,34,255,1,1,1,1,,43.67752,3.82095
201500012441,28,12,15,17,5,34,116,2,1,1,1,403 rue de la valsiere,43.64961,3.83312
201500012442,7,3,15,5,3,10,29,1,1,1,7,,0.0,0.0
201500012443,7,3,15,16,1,10,304,1,1,1,2,,0.0,0.0
201500012444,6,4,15,6,3,10,151,1,1,1,6,,0.0,0.0
201500012445,6,4,15,17,1,10,115,1,1,1,3,,46.25673,5.05062
201500012446,7,5,15,8,1,10,451,1,1,1,7,,46.25344,5.25328
201500012447,29,6,15,14,1,10,422,1,1,1,5,,0.0,0.0
201500012448,6,7,15,7,1,10,69,1,1,1,2,,0.0,0.0
201500012449,11,7,15,10,1,10,232,1,1,1,6,,0.0,0.0
201500012450,3,8,15,17,1,10,29,1,1,1,2,,0.0,0.0
201500012451,6,9,15,8,1,10,304,1,1,1,6,,0.0,0.0
201500012452,12,9,15,12,1,10,115,1,2,8,3,,0.0,0.0
201500012453,3,10,15,15,1,10,38,1,1,2,7,,0.0,0.0
201500012454,20,11,15,18,3,10,24,1,1,3,3,,0.0,0.0
201500012455,22,12,15,6,3,10,151,1,1,1,4,,0.0,0.0
201500012456,30,3,15,19,1,78,233,1,1,1,4,,0.0,0.0
201500012457,1,6,15,16,1,78,152,2,1,1,1,10 Allée de la Fontaine,0.0,0.0
201500012458,6,6,15,17,1,78,571,1,1,1,1,,0.0,0.0
201500012459,3,7,15,18,1,78,233,2,1,1,6,RD307,0.0,0.0
201500012460,5,9,15,12,1,78,233,1,1,1,1,,0.0,0.0
201500012461,19,9,15,14,1,78,233,1,1,7,6,,0.0,0.0
201500012462,22,10,15,17,1,78,518,1,1,2,7,,0.0,0.0
201500012463,22,3,15,7,1,13,118,1,1,2,5,,0.0,0.0
201500012464,25,6,15,18,1,13,37,2,1,1,6,avenue maréchal foch,0.0,0.0
201500012465,29,10,15,11,1,13,118,2,9,1,6,avenue de la republique,0.0,0.0
201500012466,7,12,15,7,1,13,112,2,6,1,6,CD 20,0.0,0.0
201500012467,17,12,15,8,1,13,37,2,9,1,3,départementale 113,0.0,0.0
201500012468,31,1,15,18,3,95,353,1,1,2,2,RN1,49.0856,2.3125
201500012469,27,5,15,15,1,95,353,2,1,1,3,RN1,0.0,0.0
201500012470,10,7,15,23,3,95,61,1,1,1,5,RD 44,49.0598,2.2571
201500012471,17,9,15,16,1,95,678,1,1,2,7,R DE FREPILLON,49.0613,2.2187
201500012472,27,7,15,16,1,90,159,1,1,1,1,,42.77052,1.73272
201500012473,19,11,15,14,1,90,139,1,1,1,3,,42.60633,1.81544
201500012474,19,2,15,14,1,35,210,2,1,1,5,avenue pinault,48.1477,-1.77949
201500012475,3,5,15,11,1,35,189,1,1,2,7,,48.14565,-1.699
201500012476,19,6,15,11,1,56,5,2,1,1,6,rue des embruns,47.54833,-2.90818
201500012477,24,6,15,17,1,56,240,2,1,1,6,Rue du Motenno,47.54949,-2.72079
201500012478,25,7,15,2,3,56,251,1,1,8,7,,0.0,0.0
201500012479,1,8,15,12,1,56,214,2,1,1,6,AVENUE RAYMOND MARCELLIN,47.50987,-2.83821
201500012480,22,12,15,10,1,56,248,1,1,3,1,,47.59398,-2.62309
201500012481,26,12,15,19,3,56,214,1,1,1,1,,47.50517,-2.81944
201500012482,23,2,15,23,3,42,20,1,1,1,7,,45.6176,4.20421
201500012483,16,6,15,8,1,42,38,1,1,2,3,,45.63896,4.18982
201500012484,21,6,15,23,3,42,130,1,1,1,2,,45.66729,4.16721
201500012485,13,7,15,14,1,42,155,1,1,1,6,,45.81662,4.11401
201500012486,16,11,15,23,3,42,38,1,1,5,4,,45.6489,4.18037
201500012487,21,2,15,15,1,42,4,1,1,1,7,,45.85835,4.03578
201500012488,31,12,15,3,3,42,255,1,1,1,6,,45.87597,3.86262
201500012489,14,4,15,9,1,78,300,1,1,1,2,,0.0,0.0
201500012490,27,6,15,9,1,78,597,1,1,1,2,,0.0,0.0
201500012491,3,7,15,20,1,78,439,1,1,1,7,,0.0,0.0
201500012492,30,12,15,14,1,78,505,1,1,1,6,,0.0,0.0
201500012493,15,2,15,15,1,88,440,1,1,1,6,,48.26673,5.8633
201500012494,19,10,15,12,1,88,123,1,1,1,2,,48.10147,5.6459
201500012495,20,11,15,23,3,88,390,1,1,2,2,,48.13998,5.68166
201500012496,3,6,15,14,1,38,553,2,1,1,3,Bd de VILLEFONTAINE,0.0,0.0
201500012497,7,10,15,13,1,38,553,2,1,1,6,impasse du Ru,0.0,0.0
201500012498,17,10,15,15,1,38,553,2,1,1,6,26 chaussée du parc,0.0,0.0
201500012499,10,5,15,11,1,13,59,1,1,1,2,***,0.0,0.0
201500012500,15,6,15,8,1,13,1,1,1,1,4,***,0.0,0.0
201500012501,13,6,15,17,1,13,113,1,1,3,6,***,0.0,0.0
201500012502,14,10,15,17,1,13,113,1,1,1,1,**,0.0,0.0
201500012503,15,11,15,5,3,13,113,1,1,1,6,,0.0,0.0
201500012504,10,12,15,17,1,13,1,1,1,8,5,,0.0,0.0
201500012505,20,12,15,7,3,13,113,1,1,1,6,,0.0,0.0
201500012506,28,5,15,6,2,18,140,1,1,1,6,,0.0,0.0
201500012507,8,7,15,6,1,18,96,1,1,1,6,,0.0,0.0
201500012508,22,7,15,7,1,18,279,1,1,1,2,,0.0,0.0
201500012509,19,8,15,6,2,18,140,1,1,1,6,,0.0,0.0
201500012510,25,10,15,0,3,18,96,1,1,1,2,,0.0,0.0
201500012511,28,12,15,10,1,18,141,1,1,1,6,,0.0,0.0
201500012512,6,1,15,7,2,34,333,1,1,1,5,,43.4831,3.77276
201500012513,9,1,15,18,3,34,333,1,1,1,4,,43.48889,3.77268
201500012514,5,10,15,11,1,34,333,1,1,1,1,RD 612,43.48424,3.77261
201500012515,15,4,15,15,1,34,337,1,1,1,1,,0.0,0.0
201500012516,6,6,15,15,1,34,333,1,1,1,3,,43.49877,3.79545
201500012517,20,8,15,2,3,34,333,1,1,1,1,,43.46451,3.81771
201500012518,30,8,15,13,1,34,333,1,9,1,2,,43.4913,3.7422
201500012519,31,8,15,19,1,34,337,1,1,1,3,,43.819,3.29
201500012520,23,9,15,11,1,34,333,1,1,1,3,,43.47766,3.77166
201500012521,1,11,15,3,3,34,159,1,2,1,3,,43.51799,3.8087
201500012522,3,11,15,8,2,34,337,1,1,3,1,,43.53897,3.87738
201500012523,5,1,15,17,1,10,181,1,1,1,6,,0.0,0.0
201500012524,4,2,15,18,3,10,14,1,1,1,6,,0.0,0.0
201500012525,10,2,15,7,2,10,303,1,1,1,2,,0.0,0.0
201500012526,26,3,15,15,1,10,274,1,1,1,7,,0.0,0.0
201500012527,30,3,15,0,3,10,274,1,1,2,6,,0.0,0.0
201500012528,29,5,15,18,1,10,67,1,9,1,2,,0.0,0.0
201500012529,29,5,15,19,1,10,273,1,1,1,2,,0.0,0.0
201500012530,2,6,15,14,1,10,181,1,1,1,6,,0.0,0.0
201500012531,15,7,15,16,1,10,269,1,1,1,3,,0.0,0.0
201500012532,30,10,15,7,1,10,67,1,1,1,7,,0.0,0.0
201500012533,20,11,15,11,1,10,373,1,1,2,6,,0.0,0.0
201500012534,21,11,15,16,1,10,63,1,1,4,2,,0.0,0.0
201500012535,26,12,15,15,1,10,228,1,1,1,2,,0.0,0.0
201500012536,5,5,15,8,1,14,685,1,1,3,1,,49.247,-0.4674
201500012537,20,1,15,13,1,13,51,1,1,2,5,,0.0,0.0
201500012538,25,3,15,19,5,13,29,1,6,1,6,,0.0,0.0
201500012539,21,4,15,17,1,13,51,1,1,1,3,,0.0,0.0
201500012540,7,6,15,22,3,13,44,1,1,1,7,***,0.0,0.0
201500012541,29,7,15,15,1,13,51,1,6,1,3,,0.0,0.0
201500012542,2,8,15,10,1,13,8,2,1,7,1,RD 68,0.0,0.0
201500012543,22,8,15,19,1,13,44,1,1,1,3,*/*,0.0,0.0
201500012544,2,9,15,19,1,13,69,1,2,1,3,,43.63027,5.14937
201500012545,1,10,15,15,1,13,44,1,1,1,3,,0.0,0.0
201500012546,4,10,15,4,3,13,69,1,1,5,7,,0.0,0.0
201500012547,4,10,15,17,1,13,51,1,1,1,1,,0.0,0.0
201500012548,11,10,15,16,1,13,69,1,1,1,7,,0.0,0.0
201500012549,13,10,15,19,3,13,51,2,1,1,6,chemin de la cadeniere,0.0,0.0
201500012550,14,10,15,12,1,13,29,1,1,1,1,**,0.0,0.0
201500012551,28,11,15,17,2,13,44,1,1,1,5,,0.0,0.0
201500012552,12,12,15,3,3,13,51,1,1,5,7,,0.0,0.0
201500012553,7,1,15,7,2,30,21,1,1,2,2,,0.0,0.0
201500012554,13,3,15,11,1,30,21,1,1,8,2,,46.125,3.121
201500012555,26,4,15,16,1,30,186,1,1,3,6,,0.0,0.0
201500012556,9,5,15,23,3,30,277,1,1,1,7,,0.0,0.0
201500012557,11,6,15,20,1,30,270,1,1,1,2,,0.0,0.0
201500012558,26,6,15,6,2,30,277,1,1,1,6,,46.294,3.043
201500012559,17,8,15,17,1,30,243,1,1,1,7,,46.319,2.995
201500012560,11,10,15,15,1,30,186,1,1,1,7,,0.0,0.0
201500012561,28,10,15,12,1,30,118,1,1,1,7,,46.083,3.124
201500012562,1,12,15,13,1,30,277,1,1,1,2,,46.284,3.049
201500012563,15,2,15,14,1,63,35,1,1,4,7,,45.963,3.104
201500012564,18,4,15,20,2,63,300,1,1,1,2,,45.892,3.152
201500012565,26,4,15,18,1,63,82,1,1,1,3,Aire des volcan / A71,46.059,3.11256
201500012566,3,6,15,19,1,63,113,1,1,1,6,,0.0,0.0
201500012567,17,7,15,12,1,63,113,1,1,1,6,,45.81,3.147
201500012568,12,10,15,15,1,63,327,1,1,1,2,,45.936,3.135
201500012569,6,11,15,22,3,63,135,1,1,1,6,,0.0,0.0
201500012570,22,11,15,20,3,63,116,1,1,1,3,,0.0,0.0
201500012571,26,11,15,22,3,63,300,1,1,2,3,,0.0,0.0
201500012572,15,12,15,15,1,63,327,1,1,8,2,,0.0,0.0
201500012573,24,5,15,17,1,60,84,1,1,1,1,,0.0,0.0
201500012574,6,12,15,11,1,60,84,1,1,1,6,,0.0,0.0
201500012575,2,3,15,6,3,49,188,1,1,1,5,,47.59497,-0.31599
201500012576,9,7,15,22,3,49,127,1,1,1,6,,47.66528,-0.26656
201500012577,12,7,15,13,1,49,127,1,1,1,7,,47.66673,-0.26519
201500012578,23,11,15,10,1,49,18,1,1,8,7,Le lion blanc - montpoll,47.58449,-0.11658
201500012579,24,11,15,10,1,49,377,1,1,2,6,,47.52166,-0.42766
201500012580,29,12,15,11,1,49,110,1,1,1,4,,47.54001,-0.34157
201500012581,1,2,15,10,1,40,168,1,1,4,6,,43.74951,-1.22409
201500012582,9,2,15,19,3,40,36,1,1,1,6,,43.62346,-1.40126
201500012583,20,5,15,12,1,40,168,1,1,1,6,,43.80169,-1.20297
201500012584,23,2,15,15,1,40,197,1,1,1,7,,44.06355,-0.89185
201500012585,8,1,15,9,1,63,4,2,1,1,6,Avenue de la gare,0.0,0.0
201500012586,20,8,15,9,1,63,4,2,1,1,6,La Croix mallet,45.93,2.819
201500012587,14,12,15,8,2,63,4,1,9,9,7,,0.0,0.0
201500012588,13,5,15,13,1,10,387,2,7,1,6,MAROTS (RUE DES),48.30744,4.04411
201500012589,24,11,15,12,1,10,387,2,2,1,3,JARDINS (RUE DES),48.2976,4.05867
201500012590,8,12,15,23,5,10,387,2,3,1,3,JEAN XXIII (RUE),48.3038,4.06149
201500012591,21,12,15,22,5,10,387,2,1,1,6,"56, CHARMILLES (MAIL DES",48.30036,4.08744
201500012592,21,12,15,8,1,10,362,1,1,1,1,RD 660,48.29036,3.9935
201500012593,30,5,15,18,1,10,387,2,1,1,2,"13, GEORGES POMPIDOU (RU",48.28718,4.07928
201500012594,27,5,15,11,1,10,387,2,1,1,6,"15, PASTEUR (RUE)",48.2993,4.0658
201500012595,12,10,15,7,1,10,343,2,6,1,3,rue de la Coopérative,48.1619,4.52823
201500012596,1,6,15,9,1,10,333,2,1,1,2,"27, ECHENILLY (RUE)",48.2803,4.0453
201500012597,23,12,15,17,3,10,297,2,1,1,6,DANTON (RUE),48.3245,4.10525
201500012598,7,6,15,6,1,10,362,2,1,1,6,SAVIPOL (ZI),48.2925,4.01742
201500012599,17,6,15,22,5,10,387,2,1,1,6,PALAIS DE JUSTICE (RUE D,48.29656,4.07064
201500012600,3,7,15,21,1,10,333,1,1,1,3,AUXERRE (ROUTE),0.0,0.0
201500012601,17,7,15,8,1,10,387,2,6,1,3,VOULDY (CHAUSSEE DU),48.289,4.09
201500012602,5,8,15,11,1,10,325,2,1,1,6,GABRIEL DEHEURLES (RUE),48.2634,4.0488
201500012603,7,8,15,17,1,10,81,1,1,1,3,ROCADE OUEST (RD 610),48.3202,4.02288
201500012604,27,8,15,22,3,10,387,2,1,8,1,"04, LIEUTENANT PIERRE MU",48.3036,4.06069
201500012605,8,9,15,16,1,10,387,2,1,1,2,WOOD ET WEST (RUE),48.2949,4.08169
201500012606,9,9,15,18,1,10,357,2,1,1,2,GENERAL DE GAULLE (RUE D,48.3026,4.10163
201500012607,25,12,15,8,1,10,333,2,3,1,3,ADOLPHE THIERS (RUE),48.17056,4.0
201500012608,11,9,15,15,1,10,357,1,1,1,2,ROCADE SUD,48.28561,4.13738
201500012609,15,9,15,20,1,10,387,2,1,1,6,FRANCOIS SERQUEIL (RUE),0.0,0.0
201500012610,19,9,15,18,1,10,387,2,3,1,2,THENARD (RUE),48.27369,4.08416
201500012611,9,10,15,12,1,10,343,2,1,1,3,MAILLE (RUE),48.27411,4.08652
201500012612,8,9,15,16,1,10,387,2,1,1,6,DAMPIERRE (QUAI),48.2989,4.07761
201500012613,5,11,15,15,1,10,357,2,1,1,6,"8, EMILE ZOLA (RUE)",48.3,4.10555
201500012614,29,8,15,18,1,10,387,2,1,1,3,ROBERT SCHUMANN (RUE),48.3071,4.09544
201500012615,10,11,15,17,2,10,297,2,3,1,3,GEORGES CLEMENCEAU (RUE),48.31786,4.09285
201500012616,14,11,15,19,2,10,387,2,1,1,1,BLANQUI (RUE),48.3058,4.05377
201500012617,12,11,15,11,1,10,387,2,6,1,3,THENARD (RUE),48.2685,4.0861
201500012618,27,1,15,7,2,10,321,1,1,1,1,PIERRE GIRY (RUE),0.0,0.0
201500012619,19,1,15,12,1,10,265,2,1,9,6,LAMARTINE (RUE),48.30086,4.03969
201500012620,20,1,15,19,5,10,387,2,1,1,2,CHARMILLES (MAIL DES),0.0,0.0
201500012621,11,2,15,11,1,10,297,2,1,1,6,3 rue Pierre Curie,48.31827,4.09326
201500012622,14,2,15,17,1,10,387,2,1,1,2,ROBERT SCHUMANN (RUE),0.0,0.0
201500012623,20,2,15,17,1,10,357,1,1,2,2,ROCADE EST (RD 610),0.0,0.0
201500012624,20,2,15,18,5,10,387,2,2,2,3,LOMBARDS (AVENUE),0.0,0.0
201500012625,16,1,15,19,5,10,387,2,3,1,3,", EDOUARD HERRIOT (RUE)",0.0,0.0
201500012626,28,1,15,11,1,10,387,2,9,1,6,JULES GUESDE (RUE),0.0,0.0
201500012627,27,2,15,9,1,10,387,2,1,1,2,GEORGES POMPIDOU (RUE),0.0,0.0
201500012628,7,3,15,19,5,10,343,2,9,1,1,PROVIDENCE (RUE DE LA),48.28349,4.09238
201500012629,15,3,15,20,5,10,343,2,6,1,3,SAPINS (AVENUE),48.27391,4.09284
201500012630,9,3,15,20,2,10,325,2,1,1,3,2 Route d'Auxerre,48.26277,4.03704
201500012631,6,3,15,5,2,10,321,2,1,1,6,"50, JEAN JAURES (RUE)",48.28722,4.02897
201500012632,6,4,15,15,1,10,265,2,1,1,2,MONT SAINT LOUP (RUE),48.30317,4.03367
201500012633,7,4,15,17,1,10,387,2,2,1,3,QUINZE VINGT (RUE),48.29691,4.07141
201500012634,8,4,15,9,1,10,387,2,2,1,6,REPUBLIQUE (RUE DE LA ),48.29879,4.07342
201500012635,13,4,15,17,1,10,357,2,1,1,6,"63, GENERAL DE GAULLE (R",48.29812,4.11961
201500012636,24,3,15,9,1,10,387,2,6,2,3,CARNOT (RUE),48.29503,4.06737
201500012637,4,3,15,11,1,10,387,2,1,1,6,"127bis, PREIZE (RUE DE)",48.30767,4.06851
201500012638,17,5,15,2,3,10,333,1,1,1,6,ROCADE OUEST (RD 610),48.2879,4.03974
201500012639,27,4,15,14,1,10,343,2,3,2,3,Bd de Dijon,48.26519,4.09052
201500012640,8,4,15,19,1,10,387,2,9,1,6,GENERAL CHARLES DELESTRA,0.0,0.0
201500012641,25,4,15,21,5,10,387,2,1,1,6,"30, Bd Jules Guesde",48.29086,4.08249
201500012642,10,6,15,9,1,10,362,2,1,1,3,"131 TER, GENERAL GALLIEN",48.29237,4.04225
201500012643,12,11,15,19,3,67,152,1,1,1,2,,0.0,0.0
201500012644,6,1,15,7,3,67,361,1,1,9,1,,0.0,0.0
201500012645,2,2,15,12,1,67,343,1,1,8,1,,0.0,0.0
201500012646,6,7,15,8,1,67,471,2,1,1,1,7 rue du Chemin de Fer,0.0,0.0
201500012647,24,7,15,18,1,67,389,1,1,1,1,,0.0,0.0
201500012648,29,8,15,1,5,67,471,2,9,1,1,ROUTE DE BISCHWILLER,0.0,0.0
201500012649,1,9,15,17,1,67,309,2,1,2,6,24 rue du gal leclerc,0.0,0.0
201500012650,15,10,15,13,1,67,471,2,1,1,3,,0.0,0.0
201500012651,13,10,15,14,1,67,309,2,9,1,1,rte de brumath,0.0,0.0
201500012652,14,11,15,12,1,67,389,1,1,1,3,,0.0,0.0
201500012653,15,12,15,11,1,91,679,1,6,8,7,RD36,48.734,2.127
201500012654,25,1,15,11,1,60,105,1,1,1,1,,0.0,0.0
201500012655,28,5,15,15,1,60,38,1,1,1,1,,43.654,6.974
201500012656,4,6,15,10,1,60,148,1,3,1,3,,0.0,0.0
201500012657,28,12,15,4,3,60,148,1,1,1,7,,0.0,0.0
201500012658,18,5,15,8,1,65,429,1,1,1,1,,43.4906,0.01154
201500012659,25,2,15,13,1,20,697,1,1,1,6,,0.0,0.0
201500012660,26,5,15,15,1,20,559,1,1,1,7,,0.0,0.0
201500012661,14,6,15,15,1,20,638,1,1,1,6,,0.0,0.0
201500012662,30,1,15,8,1,38,530,2,1,2,3,rue blaize pascal,0.0,0.0
201500012663,16,3,15,7,1,38,530,1,1,1,1,,0.0,0.0
201500012664,7,5,15,8,1,38,193,2,1,1,3,RUE PASTEUR,0.0,0.0
201500012665,20,5,15,18,1,38,530,1,1,1,5,,0.0,0.0
201500012666,24,5,15,17,1,38,193,2,3,1,2,rue A Rimbaud/Verlaine,45.61768,5.23661
201500012667,27,6,15,11,1,38,193,2,1,1,1,VOIE GALLO ROMAINE,45.59638,5.21367
201500012668,30,6,15,8,1,38,193,2,1,1,6,rue du cardo,0.0,0.0
201500012669,5,11,15,13,1,30,158,1,1,1,2,,46.495,2.662
201500012670,26,12,15,11,1,30,27,1,1,1,6,,46.352,2.849
201500012671,7,3,15,14,1,21,638,1,1,1,6,,47.53418,5.19906
201500012672,12,1,15,5,3,40,112,1,1,1,6,,0.0,0.0
201500012673,18,1,15,19,3,40,106,1,1,1,1,,0.0,0.0
201500012674,9,2,15,6,3,40,91,1,1,1,7,,0.0,0.0
201500012675,21,4,15,10,1,40,149,1,1,1,2,,0.0,0.0
201500012676,18,6,15,9,1,13,113,2,1,1,3,Avenue des Logissons,0.0,0.0
201500012677,21,6,15,9,1,13,113,1,1,1,3,,0.0,0.0
201500012678,22,6,15,20,1,13,113,2,1,1,3,avenue des galavards,0.0,0.0
201500012679,25,6,15,17,1,13,80,1,1,1,1,,0.0,0.0
201500012680,14,8,15,11,1,13,80,2,1,1,1,22 DES ANCIENS COMBATTAN,43.66356,5.43852
201500012681,16,9,15,16,1,13,80,1,1,1,3,,0.0,0.0
201500012682,17,10,15,6,3,13,113,1,1,1,6,,0.0,0.0
201500012683,1,11,15,7,1,13,80,1,1,7,3,,0.0,0.0
201500012684,4,1,15,8,1,73,82,1,1,2,7,,0.0,0.0
201500012685,17,1,15,8,1,73,220,1,1,4,1,,0.0,0.0
201500012686,28,2,15,16,1,73,241,1,1,8,7,,0.0,0.0
201500012687,15,8,15,6,2,73,82,1,1,8,6,,0.0,0.0
201500012688,23,12,15,15,1,73,118,1,1,1,7,,0.0,0.0
201500012689,14,3,15,7,1,26,57,1,1,2,6,CHAMBOIS,0.0,0.0
201500012690,13,5,15,11,1,26,34,1,1,1,6,,0.0,0.0
201500012691,26,8,15,21,5,26,57,1,1,1,1,BEAUREGARD,0.0,0.0
201500012692,22,9,15,11,1,38,416,1,9,3,6,,0.0,0.0
201500012693,7,11,15,18,3,38,394,1,1,1,6,,45.10112,5.23634
201500012694,21,11,15,12,1,38,33,1,1,4,6,,0.0,0.0
201500012695,18,2,15,7,2,35,352,1,1,9,1,,48.07158,-1.60412
201500012696,10,4,15,8,1,35,352,1,1,7,1,,0.0,0.0
201500012697,19,4,15,13,1,35,32,2,6,1,3,Rond point RD 82 / RD 39,47.99651,-1.61612
201500012698,23,6,15,19,1,35,206,1,1,1,3,,48.045,-1.65592
201500012699,27,6,15,23,4,35,352,2,1,1,6,,48.06768,-1.62131
201500012700,5,9,15,9,1,35,352,2,6,1,1,avenue de la chalotais,48.04492,-1.6047
201500012701,14,2,15,3,3,67,463,1,1,5,6,"PV,SENS LAUTERBG/STRASBG",0.0,0.0
201500012702,24,3,15,20,3,67,237,1,1,1,3,,0.0,0.0
201500012703,4,6,15,21,2,67,205,1,9,1,2,,0.0,0.0
201500012704,8,11,15,12,1,67,205,1,1,1,6,,0.0,0.0
201500012705,20,7,15,18,1,62,203,1,2,1,3,,50.84625,1.90318
201500012706,23,10,15,20,5,62,432,2,1,1,6,90 rue du Coq,50.76932,1.91057
201500012707,1,2,15,6,3,11,69,2,1,1,2,MAGINOT ANDRE -AVENUE-,43.21525,2.37439
201500012708,9,2,15,16,1,11,69,1,1,1,5,ROCADE OUEST,43.22265,2.32528
201500012709,20,2,15,10,1,11,69,2,1,1,5,BUNAU VARILLA -AV-,43.21134,2.34197
201500012710,21,2,15,19,5,11,69,2,1,1,6,GOUT HENRI -AVENUE N? PA,43.211,2.33789
201500012711,27,3,15,0,3,11,69,2,2,1,3,ALBERT TOMEY,43.21344,2.35041
201500012712,3,3,15,21,3,11,69,2,1,1,6,BRINGER JEAN -ET IMPASSE,43.21532,2.35312
201500012713,7,3,15,6,2,11,69,1,1,1,1,COLOMB CHRISTOPHE -PONT,43.23353,2.36235
201500012714,20,3,15,14,1,11,69,1,1,1,7,"R D 113, SENS TOULOUSE/",43.21377,2.38572
201500012715,7,3,15,1,3,11,69,2,1,1,6,"2, MUSSET ALFRED-DE -ET",43.22119,2.3445
201500012716,7,3,15,20,2,11,69,2,2,1,3,JEAN BRINGER,43.21189,2.35344
201500012717,10,3,15,12,1,11,69,1,1,1,3,COLLINES -BD-,43.20411,2.38639
201500012718,13,4,15,20,2,11,69,1,1,1,7,ROCADE SUD RD 342,43.20602,2.38914
201500012719,5,4,15,19,2,11,69,2,6,1,1,BLUM APRES LE 1429,43.22522,2.34497
201500012720,18,4,15,23,3,11,69,1,1,1,7,BERRIAC -ROUTE DE-,43.21053,2.38911
201500012721,20,4,15,20,2,11,69,2,1,1,7,SARRAUT OMER BD -IMPAIRS,43.21029,2.35655
201500012722,23,4,15,16,1,11,69,1,1,1,2,"R N 113, SENS TOULOUSE/",43.22772,2.32924
201500012723,30,4,15,18,1,11,69,2,1,1,1,JOLIOT CURIE -CITE-,43.21619,2.36275
201500012724,30,4,15,14,1,11,69,2,1,1,2,IENA -ALLEE D'- N° PAIRS,43.21474,2.34513
201500012725,26,5,15,8,1,11,69,2,1,1,7,REILLE -CHEMIN DE LA - I,43.22756,2.34478
201500012726,11,5,15,18,1,11,69,2,1,1,6,HUGO VICTOR,43.21343,2.34903
201500012727,2,5,15,7,1,11,69,2,1,1,6,CHARTRAN,43.2126,2.35129
201500012728,28,5,15,14,1,11,69,2,1,1,1,CHARCOT JEAN BAPTISTE,43.2122,2.32922
201500012729,27,5,15,15,1,11,69,2,1,1,6,GOUT HENRI -AVENUE N° PA,43.21086,2.34116
201500012730,24,6,15,7,1,11,69,1,6,1,3,MADELEINE -CHEMIN DE LA,43.22231,2.39143
201500012731,16,6,15,14,1,11,69,2,1,1,7,VARSOVIE -BD-,43.21526,2.34774
201500012732,29,6,15,22,2,11,69,2,3,1,3,DUPLEIX JOSEPH FRANCOIS,43.21129,2.32632
201500012733,24,6,15,19,1,11,69,1,1,1,3,MONTREAL -ROUTE DE -,43.21346,2.2852
201500012734,3,6,15,16,1,11,69,2,1,1,6,BOUFFET HENRY,43.21026,2.30482
201500012735,11,6,15,12,1,11,69,1,1,1,4,BRAM -ROUTE DE-,43.22926,2.28057
201500012736,30,6,15,16,1,11,69,2,1,1,3,BLUM APRES LE 2050,43.22368,2.34589
201500012737,16,6,15,5,1,11,69,1,1,1,7,ROCADE OUEST,43.20902,2.31145
201500012738,20,7,15,16,1,11,69,1,1,1,7,LAVALETTE -ROUTE DE-,43.18842,2.2899
201500012739,17,6,15,21,2,11,69,1,1,1,3,BERRIAC -ROUTE DE-,43.2094,2.38286
201500012740,19,6,15,18,1,11,69,1,1,1,3,CROUZAT PHILIPPINE -AV E,43.18866,2.30934