Num_Acc,jour,mois,an,hr,condition_eclairage,departement,commune,condition_agglomeration,intersection,condition_atmosphere,type_collision,adresse,lattitude,longitude
201500012741,23,6,15,16,1,11,69,1,1,1,3,MONTREAL -ROUTE DE -,43.21265,2.26654
201500012742,26,6,15,18,1,11,69,2,1,1,7,LECLERC AV. DU GENERAL I,43.20919,2.36826
201500012743,26,6,15,15,1,11,69,1,1,1,2,ROCADE SUD RD 342,43.22875,2.3389
201500012744,28,6,15,13,1,11,69,1,1,1,3,ROCADE SUD RD 342,43.19238,2.33634
201500012745,4,7,15,4,2,11,69,1,1,1,1,COLOMB CHRISTOPHE -PONT,43.222,2.33794
201500012746,16,8,15,6,5,11,69,1,1,1,6,ROCADE OUEST,43.20678,2.31178
201500012747,21,7,15,13,1,11,69,2,1,1,6,LAURIERS -DES-,43.22188,2.35906
201500012748,22,7,15,10,1,11,69,2,1,1,1,JUIN MARECHAL,43.21176,2.37448
201500012749,30,7,15,12,1,11,69,1,1,1,3,BOUFFET HENRY,43.21064,2.30369
201500012750,27,7,15,18,1,11,69,2,1,1,6,GAMBETTA SQUARE -PAIR-,43.21186,2.35544
201500012751,12,8,15,8,1,11,69,2,3,1,3,DUPLEIX JOSEPH FRANCOIS,43.21143,2.3265
201500012752,21,8,15,15,1,11,69,2,2,1,3,"7, SAUZEDE JULES",43.21112,2.34958
201500012753,10,8,15,5,3,11,69,1,1,1,7,ROCADE OUEST,43.22514,2.32944
201500012754,4,8,15,18,1,11,69,1,1,1,6,CAVAYERE -ROUTE DE LA -,43.18636,2.40958
201500012755,3,8,15,16,1,11,69,1,1,1,3,ROCADE SUD RD 342,43.20552,2.38872
201500012756,16,9,15,23,3,11,69,1,1,1,5,ROCADE OUEST,43.21525,2.32276
201500012757,26,8,15,15,1,11,69,1,1,1,2,RD 6161,43.2032,2.37375
201500012758,5,9,15,12,1,11,69,1,2,1,3,COLLINES -BD-,43.19803,2.39586
201500012759,8,9,15,19,2,11,69,1,1,1,6,R N 113 sens NARBONNE/TO,43.23273,2.32112
201500012760,5,10,15,16,1,11,69,1,1,1,1,ROCADE OUEST,43.20598,2.38917
201500012761,9,10,15,13,1,11,69,2,1,1,6,MINERVOISE -ROUTE-,43.21857,2.354
201500012762,11,10,15,4,1,11,69,1,1,1,7,ROCADE SUD RD 342,43.2004,2.39289
201500012763,26,9,15,10,1,11,69,1,1,1,6,BOUFFET HENRY,43.20886,2.30864
201500012764,27,9,15,18,1,11,69,2,1,1,7,FERNANDEL,43.22673,2.35981
201500012765,6,10,15,16,1,11,69,2,1,1,3,RIVOLI  -BD ET IMPASSE-,43.22577,2.34881
201500012766,3,11,15,13,1,11,69,2,1,1,6,3VERDUN,43.21267,2.3547
201500012767,20,10,15,17,1,11,69,2,2,1,3,"36, MARTY ANTOINE",43.21629,2.35693
201500012768,23,10,15,19,2,11,69,1,1,1,1,BRAM -ROUTE DE-,43.22336,2.2955
201500012769,30,10,15,7,1,11,69,2,1,1,3,BUNAU VARILLA -AV-,43.21005,2.33983
201500012770,2,11,15,19,2,11,69,1,1,6,1,ROCADE NORD RD 6113,43.22536,2.37832
201500012771,4,11,15,14,1,11,69,2,1,1,3,BUFFON RUE A PARTIR DU 5,43.22265,2.35446
201500012772,19,11,15,4,5,11,69,2,1,1,1,BARBES BD IMPAIR,43.21032,2.3482
201500012773,24,11,15,17,2,11,69,2,1,1,6,VERGES MICHEL,43.21485,2.3675
201500012774,2,1,15,19,3,11,69,1,1,1,6,CHARLEMAGNE -ROND POINT,43.19434,2.36196
201500012775,4,2,15,7,2,11,69,2,1,1,1,ROCADE SUD RD 342,43.20428,2.38295
201500012776,10,1,15,18,3,11,69,1,1,1,6,ROCADE OUEST,43.22801,2.33557
201500012777,14,11,15,10,1,11,69,2,3,1,5,GOUT HENRI -AV. Nø IMPAI,43.21075,2.34319
201500012778,19,1,15,13,1,11,69,2,1,1,3,MAGINOT ANDRE -AVENUE-,43.21525,2.37442
201500012779,18,12,15,17,5,11,69,2,1,1,1,"46, MARTY ANTOINE",43.21632,2.35615
201500012780,23,12,15,14,1,11,69,2,1,1,5,MOULIN JEAN -AVENUE-,43.2089,2.37601
201500012781,30,1,15,15,1,11,69,1,1,1,2,MONTREAL -ROUTE DE -,43.21356,2.281
201500012782,14,10,15,18,1,11,69,1,2,1,3,MONTREAL -ROUTE DE -,43.21249,2.26572
201500012783,11,12,15,23,3,11,69,1,1,1,5,ROCADE RD 6161,43.1942,2.34805
201500012784,9,12,15,18,2,11,69,2,1,1,1,LANGEVIN PAUL - PAIRS AP,43.22453,2.3366
201500012785,13,4,15,0,3,31,516,1,1,1,5,,0.0,0.0
201500012786,19,7,15,16,1,31,91,1,1,1,3,,0.0,0.0
201500012787,20,9,15,16,1,31,117,1,1,1,2,,43.66469,1.5532
201500012788,1,10,15,7,3,31,341,1,1,1,5,route des platanes,0.0,0.0
201500012789,2,10,15,5,3,31,516,1,1,1,2,,0.0,0.0
201500012790,28,4,15,3,3,66,101,1,1,1,7,,42.62375,2.78636
201500012791,22,4,15,8,1,77,480,1,1,1,7,A5,0.0,0.0
201500012792,12,5,15,4,3,77,295,1,1,1,2,A5,0.0,0.0
201500012793,20,6,15,6,2,77,453,1,1,1,7,A5,0.0,0.0
201500012794,21,8,15,13,1,77,453,1,1,1,7,,0.0,0.0
201500012795,16,3,15,17,1,11,262,2,1,1,6,BERRE (RUE DE LA),43.18704,2.98525
201500012796,20,3,15,4,5,11,262,2,4,1,6,NAUTIQUE (CHEMIN DE LA),43.14381,3.00352
201500012797,24,3,15,11,1,11,262,2,6,8,6,RD 6009 NARBONNE - PERPI,43.19378,2.98296
201500012798,24,3,15,11,1,11,262,2,3,8,3,"64, ARMISSAN ROUTE D')",43.18734,3.01723
201500012799,25,3,15,8,1,11,262,2,6,1,6,PYRENEES (PLACE ET AVENU,43.183,2.99835
201500012800,26,3,15,8,1,11,262,2,1,1,6,"7, ROUZAUD (RUE HENRI)",43.18207,3.01215
201500012801,16,3,15,2,5,11,262,2,1,8,1,"36, VALLIERE (QUAI)",43.18014,3.00925
201500012802,3,4,15,14,1,11,262,2,1,1,1,"0, MISTRAL (BOULEVARD FR",43.18825,3.00419
201500012803,11,4,15,5,5,11,262,1,1,1,6,RD 6009 NARBONNE - BEZIE,43.1771,2.97165
201500012804,12,4,15,20,2,11,262,2,1,1,6,"12, VALMY (RUE DE)",43.18561,3.01172
201500012805,12,4,15,8,1,11,262,2,3,1,2,LECLERC (AVENUE DU GENER,43.17576,2.99356
201500012806,15,4,15,11,1,11,262,2,2,1,3,ALGER (RUE D'),43.18573,3.01005
201500012807,15,4,15,18,1,11,262,2,1,1,6,"21, MIRABEAU (COURS)",43.18247,3.00393
201500012808,21,4,15,14,1,11,262,2,1,1,7,RD 6009 NARBONNE - BEZIE,43.19435,2.99406
201500012809,23,4,15,17,1,11,262,2,1,1,3,"40, 1848 (BOULEVARD)",43.19158,3.01524
201500012810,20,4,15,19,1,11,262,2,1,1,1,"70, BORDEAUX (AVENUE DE)",43.18181,2.98497
201500012811,24,4,15,0,5,11,262,1,6,1,3,RD 6009 NARBONNE - BEZIE,43.1454,2.97575
201500012812,27,4,15,14,1,11,262,2,1,1,6,VALLIERE (QUAI),43.18067,3.0076
201500012813,15,5,15,10,1,11,262,2,3,1,1,"0, 1848 (BOULEVARD)",43.19171,3.01492
201500012814,21,5,15,14,1,11,262,2,1,1,2,"0, LECLERC (AVENUE DU GE",43.17565,2.99345
201500012815,14,5,15,20,1,11,262,2,1,1,6,"0, SALVAYRE (RUE DE)",43.1856,2.98623
201500012816,20,5,15,10,1,11,262,2,1,6,1,RD 6009 NARBONNE - BEZIE,43.18027,2.96748
201500012817,24,5,15,11,1,11,262,2,3,1,3,BOURGET (RUE DU),43.18023,2.99939
201500012818,29,5,15,15,1,11,262,2,1,1,1,"0, BOURGET (RUE DU)",43.18021,3.00078
201500012819,26,5,15,16,1,11,262,1,6,1,6,BLUM (SQUARE THERESE LEO,43.18751,3.00756
201500012820,11,6,15,13,1,11,262,2,1,1,6,"5, MIRABEAU (COURS)",43.1875,3.00756
201500012821,17,6,15,11,1,11,262,2,3,1,3,"26, 1848 (BOULEVARD)",43.19265,3.01231
201500012822,21,6,15,23,5,11,262,2,1,1,2,FERROUL (BOULEVARD DU DO,43.18081,3.00506
201500012823,24,6,15,12,1,11,262,2,1,1,7,CUXAC (ROUTE DE),43.19179,3.00373
201500012824,29,6,15,18,1,11,262,2,1,1,1,RD 032 NARBONNE / GRUISS,43.1764,3.02473
201500012825,6,7,15,14,1,11,262,2,1,1,6,"23, SEMBAT (BOULEVARD MA",43.18793,3.00541
201500012826,9,7,15,6,1,11,262,2,1,1,6,SERMET (AVENUE ELIE),43.18668,3.01257
201500012827,7,7,15,17,1,11,262,2,1,1,1,RD 6009 NARBONNE - BEZIE,43.18265,2.9679
201500012828,13,7,15,14,1,11,262,2,1,1,2,RD 6009 NARBONNE - PERPI,43.19384,2.9844
201500012829,10,7,15,18,1,11,262,2,1,1,2,RD 6113 NARBONNE - CARCA,43.18108,2.95577
201500012830,19,7,15,15,1,11,262,1,1,1,1,RD 6009 NARBONNE - PERPI,43.20097,3.01777
201500012831,22,7,15,11,1,11,262,1,1,1,2,RD 6009 NARBONNE - PERPI,43.14995,2.97851
201500012832,22,7,15,15,1,11,262,2,1,1,2,KENNEDY (AVENUE DU PRESI,43.18541,3.00991
201500012833,4,8,15,15,1,11,262,2,1,1,6,"0, JONQUIERES (RUE ET CH",43.16412,2.98009
201500012834,4,8,15,13,1,11,262,2,1,1,3,"0, MARCORIGNAN (ROUTE DE",43.18994,2.98551
201500012835,4,8,15,5,2,11,262,2,1,1,7,"0, LECLERC (AVENUE DU GE",43.17491,2.99279
201500012836,22,8,15,23,5,11,262,2,3,1,3,LECLERC (AVENUE DU GENER,43.18051,2.99671
201500012837,20,8,15,19,1,11,262,2,6,1,6,HUBERT MOULY (AVENUE),43.1799,3.01883
201500012838,17,8,15,1,5,11,262,2,3,1,3,VIEU (RUE PAUL),43.18267,2.9918
201500012839,4,8,15,13,1,11,262,2,1,1,5,"0, CARNOT (AVENUE)",43.1955,3.01143
201500012840,20,8,15,12,1,11,262,1,1,1,7,"18, LACROIX (BOULEVARD D",43.18019,3.0019
201500012841,17,8,15,11,1,11,262,2,2,1,3,BARBES (RUE),43.18513,2.99524
201500012842,11,8,15,15,1,11,262,2,1,1,2,"18, LACROIX (BOULEVARD D",43.18021,3.00181
201500012843,10,8,15,10,1,11,262,2,2,1,3,CREISSEL (BOULEVARD DE),43.17563,3.02861
201500012844,3,9,15,7,1,11,262,2,1,1,7,JONQUIERES (RUE ET CHEMI,43.16301,2.9789
201500012845,3,9,15,12,1,11,262,2,1,1,6,"18, POMPIDOR (AVENUE)",43.1831,2.97917
201500012846,19,8,15,23,5,11,262,2,2,1,1,KENNEDY (AVENUE DU PRESI,43.18423,3.01249
201500012847,17,9,15,8,1,11,262,2,3,1,3,"0, CROIX SUD (AVENUE DE)",43.15714,2.98359
201500012848,21,9,15,18,1,11,262,2,1,1,6,"0, ELYSIQUES (VOIES DES)",43.18486,2.97862
201500012849,14,9,15,23,3,11,262,2,1,1,6,ETANGS  (AVENUE DES),43.15521,2.99659
201500012850,27,9,15,10,1,11,262,2,6,1,6,BALISTE (BOULEVARD DE),43.1919,3.02819
201500012851,25,9,15,8,1,11,262,2,1,1,6,"0, BOURGET (RUE DU)",43.18037,2.99792
201500012852,28,9,15,11,1,11,262,2,6,1,2,CARNOT (AVENUE),43.20051,3.01906
201500012853,29,9,15,12,2,11,262,2,3,2,3,"26, CARNOT (AVENUE)",43.19221,3.00811
201500012854,1,10,15,8,1,11,262,2,1,1,1,RD 6009 NARBONNE - BEZIE,43.19737,3.00088
201500012855,6,10,15,15,1,11,262,2,1,1,2,RD 6009 NARBONNE - PERPI,43.15643,2.98144
201500012856,7,10,15,9,1,11,262,2,3,1,6,ESCOUTE (QUAI DE L'),43.18504,2.99948
201500012857,11,10,15,16,1,11,262,2,1,1,6,"8, PYRENEES (PLACE ET AV",43.18352,2.99776
201500012858,30,11,15,13,1,11,262,2,1,1,6,VIEU (RUE PAUL),43.18372,2.99637
201500012859,14,10,15,17,1,11,262,2,1,1,6,"4, MISTRAL (BOULEVARD FR",43.18522,3.00077
201500012860,16,10,15,10,1,11,262,2,1,1,6,"6, HUGO (QUAI ET PASSERE",43.18183,3.00716
201500012861,19,10,15,17,1,11,262,2,1,1,6,"56, MISTRAL (BOULEVARD F",43.18852,3.00451
201500012862,17,10,15,23,5,11,262,2,1,1,1,ESPAGNE (AVENUE D'),43.16574,2.98735
201500012863,31,10,15,9,1,11,262,2,2,1,3,RACINE (RUE),43.17719,2.99798
201500012864,2,11,15,19,2,11,262,2,6,1,3,ELYSIQUES (VOIES DES),43.18572,2.98291
201500012865,2,11,15,18,3,11,262,2,1,3,2,RD 6009 NARBONNE - BEZIE,43.1674,2.98437
201500012866,3,11,15,16,1,11,262,2,6,1,1,RD 6009 NARBONNE - PERPI,43.20059,3.01244
201500012867,6,11,15,9,1,11,262,2,2,1,3,MAZAGRAN (RUE DE),43.17764,2.99625
201500012868,3,11,15,19,5,11,262,2,1,1,7,DE GAULLE (BOULEVARD DU,43.18368,3.00823
201500012869,18,11,15,13,1,11,262,2,3,1,1,"55, 1848 (BOULEVARD)",43.19085,3.01717
201500012870,30,11,15,18,1,11,262,2,6,1,3,MAYOLLE (BOULEVARD DE LA,43.17503,3.00363
201500012871,4,12,15,10,1,11,262,2,9,1,2,"27, PYRENEES (PLACE ET A",43.18351,2.99779
201500012872,5,12,15,20,5,11,262,2,3,1,3,RD 6009 NARBONNE - PERPI,43.13912,2.97121
201500012873,11,12,15,21,5,11,262,2,1,1,2,ESPAGNE (AVENUE D'),43.17357,2.99201
201500012874,3,12,15,7,1,11,262,2,1,1,6,MISTRAL (BOULEVARD FREDE,43.18855,3.00449
201500012875,15,11,15,9,1,11,262,2,1,1,6,"11, RUSSEC (IMPASSE DU)",43.18859,2.98073
201500012876,2,1,15,19,2,11,262,2,1,1,5,"0, ESPAGNE (AVENUE D')",43.17205,2.99065
201500012877,6,1,15,19,3,11,262,1,1,1,3,RD 6113 NARBONNE - CARCA,43.18092,2.96588
201500012878,18,2,15,19,2,11,262,2,1,1,1,"0, LUNES (ROUTE DE)",43.17512,3.00587
201500012879,10,2,15,18,2,11,262,2,1,8,6,"28, GAMBETTA (BOULEVARD)",43.18342,3.0081
201500012880,17,2,15,13,1,11,262,2,2,1,3,"1, CROIX SUD (AVENUE DE)",43.15869,2.98619
201500012881,16,12,15,17,5,11,262,2,1,1,6,LECLERC (AVENUE DU GENER,43.17518,2.99304
201500012882,25,2,15,10,1,11,262,2,1,1,6,"0, JUIN (AVENUE MAREHAL)",43.18117,3.01432
201500012883,14,1,15,9,1,11,262,2,1,1,3,"0, JONQUIERES (RUE ET CH",43.16649,2.98198
201500012884,29,1,15,8,1,11,262,2,1,1,2,"6, MISTRAL (BOULEVARD FR",43.1876,3.00357
201500012885,25,2,15,13,1,11,262,2,1,1,6,"0, SALVAYRE (RUE DE)",43.18561,2.98723
201500012886,25,2,15,17,1,11,262,2,1,1,3,"0, CROIX SUD (AVENUE DE)",43.15871,2.98621
201500012887,9,3,15,17,1,11,262,2,1,1,6,CONSTELLATIONS (AVENUE D,43.14517,2.97436
201500012888,14,3,15,15,1,11,262,2,1,1,6,"0, LECLERC (AVENUE DU GE",43.17812,2.99501
201500012889,13,4,15,7,1,95,504,1,1,1,6,A16,49.1038,2.2639
201500012890,6,7,15,19,1,95,134,1,1,1,3,A16,49.1398,2.2519
201500012891,23,9,15,16,1,60,57,1,1,8,1,,49.43017,2.1307
201500012892,6,1,15,14,1,13,91,1,1,1,3,,0.0,0.0
201500012893,24,4,15,15,1,13,91,1,1,1,2,,0.0,0.0
201500012894,11,6,15,18,1,13,50,2,1,1,3,avenue henri barbusse,0.0,0.0
201500012895,7,8,15,16,1,13,91,2,1,1,6,Place de la République,0.0,0.0
201500012896,5,9,15,14,1,13,50,2,1,1,6,chemin de vallon rouge,0.0,0.0
201500012897,8,11,15,11,1,13,50,1,9,1,3,,0.0,0.0
201500012898,8,7,15,19,1,30,169,1,1,1,2,,43.75738,4.34029
201500012899,20,8,15,11,1,30,344,1,6,1,3,,43.73511,4.23562
201500012900,23,8,15,18,1,30,333,1,1,3,1,,43.75007,4.26871
201500012901,26,10,15,17,2,30,333,1,1,1,1,,43.74742,4.26387
201500012902,11,11,15,13,1,30,344,1,1,1,1,,43.73553,4.23494
201500012903,24,11,15,9,1,30,344,1,1,1,1,,43.73555,4.23487
201500012904,28,11,15,2,3,30,20,1,1,1,7,,43.74287,4.29599
201500012905,10,1,15,13,1,85,92,1,1,2,6,,46.4365,-0.83389
201500012906,2,2,15,11,1,31,324,1,1,1,6,,0.0,0.0
201500012907,24,4,15,22,3,31,476,1,1,1,7,,0.0,0.0
201500012908,25,6,15,21,2,31,395,1,1,1,6,,0.0,0.0
201500012909,17,9,15,7,2,31,433,1,1,3,2,,0.0,0.0
201500012910,9,10,15,17,1,31,395,1,1,1,3,,0.0,0.0
201500012911,15,1,15,21,3,76,543,1,1,1,7,,49.60314,0.48674
201500012912,21,1,15,16,1,14,536,1,9,1,6,,0.0,0.0
201500012913,21,1,15,19,5,76,684,1,1,1,5,,49.48304,0.44219
201500012914,22,1,15,13,1,14,333,1,1,1,6,,49.4142,0.26936
201500012915,25,1,15,18,5,76,384,2,2,1,3,AV DU MARECHAL LECLERC,49.5198,0.52845
201500012916,5,2,15,9,1,76,657,1,1,2,6,,49.48263,0.33071
201500012917,29,4,15,23,3,76,657,1,1,1,6,,49.47997,0.33779
201500012918,13,5,15,20,2,14,536,1,1,1,2,,49.4395,0.27289
201500012919,7,6,15,9,1,14,536,1,1,1,6,,49.4258,0.27478
201500012920,14,6,15,11,1,76,489,1,1,1,2,,49.47261,0.27097
201500012921,31,7,15,13,1,76,533,1,1,1,6,,49.49035,0.26724
201500012922,25,10,15,15,1,76,489,1,1,1,2,RTE INDUSTRIELLE,49.47825,0.26673
201500012923,1,11,15,8,1,76,305,1,1,1,2,,49.49735,0.22843
201500012924,22,11,15,13,1,76,657,1,1,1,6,,49.48707,0.3689
201500012925,13,7,15,13,1,202,281,1,1,1,6,,0.0,0.0
201500012926,30,1,15,6,3,31,457,1,1,3,4,,0.0,0.0
201500012927,2,2,15,14,1,31,324,1,1,1,6,,0.0,0.0
201500012928,7,9,15,9,1,31,324,1,1,1,6,,0.0,0.0
201500012929,12,9,15,8,1,31,430,1,1,1,6,,43.10466,0.59821
201500012930,29,7,15,15,1,49,112,2,2,1,3,RD347,47.19523,-0.12567
201500012931,11,12,15,10,1,49,123,1,1,5,5,,47.22054,-0.1559
201500012932,24,4,15,21,3,74,241,1,1,1,1,,0.0,0.0
201500012933,14,5,15,4,3,74,241,2,1,1,6,,0.0,0.0
201500012934,5,10,15,17,1,74,164,2,3,3,3,471 RUE DE L'INDUSTRIE,0.0,0.0
201500012935,20,12,15,21,3,74,304,1,1,1,1,LES MARAIS DES TATTES,0.0,0.0
201500012936,22,12,15,14,1,74,162,2,3,1,3,ALLEE DU SALEVE,0.0,0.0
201500012937,4,11,15,9,1,10,275,2,1,1,3,33 PORTE DU GRAND LYON,45.82275,4.92177
201500012938,6,2,15,21,3,80,507,1,1,1,2,,0.0,0.0
201500012939,8,6,15,9,1,80,160,1,1,1,4,,0.0,0.0
201500012940,15,6,15,17,1,80,724,1,9,1,1,,0.0,0.0
201500012941,11,7,15,16,1,80,114,1,1,1,7,,0.0,0.0
201500012942,16,7,15,13,1,80,131,1,1,7,5,,0.0,0.0
201500012943,20,8,15,15,1,80,670,1,9,1,6,,0.0,0.0
201500012944,30,8,15,21,2,80,702,1,1,1,1,A29 Rocade Sud,0.0,0.0
201500012945,29,9,15,6,3,80,717,1,1,1,6,Autoroute A1,0.0,0.0
201500012946,2,11,15,4,3,80,670,1,1,5,5,,0.0,0.0
201500012947,5,11,15,18,3,80,160,1,1,1,2,,0.0,0.0
201500012948,1,2,15,17,1,80,1,1,1,2,3,,0.0,0.0
201500012949,24,5,15,9,1,73,252,1,1,1,6,,45.729,6.471
201500012950,28,4,15,8,1,39,310,1,9,9,3,,0.0,0.0
201500012951,1,6,15,20,2,71,198,1,1,1,7,,0.0,0.0
201500012952,17,6,15,16,1,39,492,1,1,8,1,,0.0,0.0
201500012953,10,7,15,2,3,71,157,1,9,1,1,,0.0,0.0
201500012954,15,5,15,18,1,12,89,2,1,1,1,61 RUE CAYRADE,44.5581,2.25426
201500012955,29,4,15,0,5,12,13,2,1,1,6,PISCINE (AVENUE DE LA),44.5269,2.26137
201500012956,30,6,15,15,1,12,89,2,3,1,3,PLACE DECAZES,44.5549,2.25772
201500012957,23,8,15,3,5,12,89,2,1,1,6,"FACE 1484, ALFARIC PROSP",44.5733,2.25769
201500012958,17,10,15,23,5,12,89,2,1,1,6,"30B, VICTOR HUGO (AVENUE",0.0,0.0
201500012959,6,11,15,16,1,12,83,2,3,1,3,"2, FRANCE ANATOLE",44.5259,2.28155
201500012960,13,12,15,19,5,12,89,2,1,1,3,", ABRAHAM G. (PLACE)",0.0,0.0
201500012961,27,5,15,7,1,12,145,2,1,1,2,"1354, AIGOUAL (AVENUE DE",44.1028,3.09113
201500012962,28,8,15,18,1,12,145,1,1,1,6,D911,44.1138,3.07923
201500012963,10,1,15,9,1,12,145,2,1,1,1,"2, AVENUE DE VERDUN",44.0964,3.07246
201500012964,23,6,15,17,1,12,145,1,1,1,3,GABRIAC JEAN (BOULEVARD),0.0,0.0
201500012965,16,2,15,20,5,12,145,2,3,1,3,39 RUE DU BARRY,44.0998,3.07373
201500012966,24,6,15,13,1,12,145,2,1,1,3,QUAI SULLY CHALIES,44.0949,3.07707
201500012967,23,2,15,14,1,12,145,2,6,1,3,CUREPLAT (ROND POINT),44.1018,3.08575
201500012968,23,9,15,18,1,12,145,2,1,7,6,"02, GABRIAC JEAN (BOULEV",0.0,0.0
201500012969,4,3,15,17,1,12,145,2,6,1,2,"1, BAD SALZUFLEN (BOULEV",44.0927,3.06398
201500012970,25,9,15,21,3,12,145,1,1,1,1,LARZAC (BOULEVARD DU),0.0,0.0
201500012971,20,3,15,16,1,12,145,2,7,2,3,"21, JAURES JEAN (AVENUE)",44.1015,3.07946
201500012972,18,10,15,7,3,12,145,1,1,2,7,D991 ( VALLEE DE LA DOUR,44.1013,3.11744
201500012973,24,10,15,21,4,12,145,2,1,1,3,PAULELE,0.0,0.0
201500012974,10,11,15,11,1,12,145,2,1,1,6,"15, JAURES JEAN (AV)",0.0,0.0
201500012975,30,11,15,15,1,12,145,2,4,1,1,CALES (AVENUE DE),44.0888,3.06029
201500012976,3,12,15,14,1,12,145,2,1,1,3,"25, MARTEL EDOUARD ALFRE",0.0,0.0
201500012977,28,12,15,19,3,12,145,1,1,1,3,CAVALERIE (COTE DE LA ),0.0,0.0
201500012978,26,2,15,15,1,12,202,2,1,2,6,GIRATOIRE DES MOUTIERS,44.3636,2.57435
201500012979,20,3,15,23,5,12,202,2,1,1,6,RD 840 - AV DECAZEVILLE,44.3731,2.54618
201500012980,2,3,15,18,1,12,176,2,1,1,3,VIGNES (ROUTE DES),44.3637,2.60747
201500012981,26,3,15,16,1,12,176,2,1,1,6,GLYCINES (AVENUE DES),44.3677,2.5905
201500012982,16,4,15,12,1,12,202,2,1,1,6,GINESTE (AVENUE DE LA),44.3616,2.56844
201500012983,5,3,15,16,1,12,176,1,2,1,3,D901(ROUTE DE CONQUE),44.4058,2.55757
201500012984,14,5,15,1,4,12,176,2,1,1,6,RN 88,44.3733,2.58814
201500012985,14,5,15,17,1,12,176,2,2,1,3,VABRE (AVENUE DE),44.3696,2.5697
201500012986,20,5,15,9,1,12,202,1,1,8,6,MOYRAZES (ROUTE DE),44.3517,2.5562
201500012987,25,5,15,14,1,12,202,2,1,1,2,BOSCARY MONSSERVIN (AVEN,44.3609,2.5604
201500012988,30,5,15,13,1,12,176,2,1,1,7,JOEL PILON (RUE),44.3937,2.60135
201500012989,4,6,15,14,1,12,176,1,1,1,6,ROUTE DE CANTARANNE,44.361,2.6045
201500012990,12,6,15,9,1,12,202,2,1,1,6,"08, GAMBETTA (BOULEVARD)",44.35,2.5732
201500012991,15,7,15,14,1,12,202,2,1,1,3,BAMBERG (AVENUE  DE),44.361,2.5891
201500012992,29,7,15,17,1,12,176,1,1,2,7,RN 88,44.3705,2.64846
201500012993,3,8,15,16,1,12,176,2,6,1,3,SAINT MARC (GIRATOIRE,44.374,2.59195
201500012994,5,8,15,18,1,12,202,2,6,1,6,AUVERGNE (GIRATOIRE DE L,44.3654,2.5637
201500012995,11,8,15,17,1,12,202,1,3,1,5,MOYRAZES (ROUTE DE),44.3527,2.5536
201500012996,23,10,15,15,1,12,176,2,1,1,4,ESPALION (ROUTE D'),44.3758,2.59249
201500012997,4,11,15,13,1,12,146,2,1,1,7,BANOCRES (COTE DE),0.0,0.0
201500012998,14,11,15,17,2,12,176,2,1,1,4,ROQUES (ROUTE DE LA),0.0,0.0
201500012999,23,11,15,7,1,12,202,2,1,1,7,VICTOR HUGO (AVENUE),0.0,0.0
201500013000,30,11,15,17,1,12,202,2,1,1,6,GINESTE (AVENUE DE LA),0.0,0.0
201500013001,9,12,15,18,1,12,202,2,1,1,2,"01, SAINT CYRICE (RUE)",0.0,0.0
201500013002,16,12,15,15,1,12,176,2,6,1,6,ROQUE (GIRATOIRE DE LA),0.0,0.0
201500013003,18,12,15,9,1,12,202,1,1,1,5,RD 994,0.0,0.0
201500013004,26,12,15,11,1,12,202,2,1,1,7,"25, 122IEME R.I. (BOULEV",0.0,0.0
201500013005,30,3,15,22,3,46,145,1,1,2,2,,0.0,0.0
201500013006,1,1,15,15,1,45,40,1,1,1,6,,47.61418,2.81671
201500013007,11,1,15,9,1,45,345,1,1,1,6,,47.96703,2.67262
201500013008,8,2,15,21,3,45,345,1,1,1,6,,47.97967,2.67216
201500013009,21,2,15,16,1,45,73,1,1,4,4,,48.0332,2.96858
201500013010,1,6,15,13,1,45,155,1,1,1,6,,47.69465,2.73984
201500013011,16,6,15,14,1,45,247,1,1,1,6,,47.70807,2.74054
201500013012,8,7,15,7,1,45,53,1,1,1,6,,47.63502,2.77779
201500013013,16,8,15,7,1,45,189,1,1,1,6,,48.04423,2.89964
201500013014,17,9,15,15,1,45,222,1,1,3,6,,48.12645,2.71238
201500013015,28,10,15,16,1,45,36,1,1,1,2,,47.77071,2.71284
201500013016,14,2,15,9,1,19,2,1,1,4,7,SENS BORDEAUX - CLERMONT,45.5785,2.38969
201500013017,5,4,15,17,1,19,2,1,1,1,2,D1089,45.6266,2.40894
201500013018,17,4,15,19,2,19,263,1,1,8,7,SENS BORDEAUX - CLERMONT,45.4342,2.04496
201500013019,26,8,15,17,1,19,2,1,1,1,6,LES MONTES,45.6147,2.41432
201500013020,24,10,15,16,1,19,247,1,1,8,1,LA VIALATTE,45.4687,2.36264
201500013021,18,12,15,15,1,63,48,1,1,1,6,,0.0,0.0