Num_Acc,jour,mois,an,hr,condition_eclairage,departement,commune,condition_agglomeration,intersection,condition_atmosphere,type_collision,adresse,lattitude,longitude
201500013022,23,2,15,9,1,10,216,1,1,3,6,,48.69673,4.19421
201500013023,22,2,15,12,1,10,92,1,1,1,6,,48.17386,4.30744
201500013024,2,3,15,14,1,10,130,1,1,4,5,,48.60023,4.17973
201500013025,28,3,15,17,1,10,438,1,1,2,6,,0.0,0.0
201500013026,27,5,15,19,1,10,142,1,1,1,6,,48.275,3.79
201500013027,7,7,15,16,1,10,438,1,1,1,6,,48.14465,4.61286
201500013028,11,7,15,19,1,10,300,1,1,1,6,,48.44726,4.36497
201500013029,13,7,15,16,1,10,379,1,1,1,6,,48.49826,4.16493
201500013030,14,8,15,3,3,10,156,1,1,1,6,,48.27451,3.84801
201500013031,13,10,15,10,1,10,438,1,1,1,6,,48.1399,4.6216
201500013032,24,3,15,13,1,13,1,1,2,1,3,PRESIDENTE (CH DE LA),43.58758,5.4362
201500013033,28,3,15,17,1,13,1,2,1,1,2,"1, BROSSOLETTE PIERRE (A",43.5232,5.44242
201500013034,29,3,15,3,5,13,1,2,1,1,6,"0, MOLLE (RUE DE LA)",0.0,0.0
201500013035,30,3,15,18,1,13,1,1,1,1,2,R.N 7,0.0,0.0
201500013036,3,4,15,20,2,13,1,2,1,1,7,"2000, MILLES (RTE DES)",43.50782,5.41734
201500013037,7,4,15,21,5,13,1,2,1,1,3,"47, CHAUDON ROGER (AV)",43.50331,5.38698
201500013038,11,4,15,10,1,13,1,2,1,1,6,ALLUMETTES (RUE DES),43.52537,5.44053
201500013039,15,4,15,15,1,13,1,2,1,1,3,"1, PIGONNET (AV DU)",43.51921,5.44217
201500013040,23,4,15,20,5,13,1,2,3,1,3,"44, GAMBETTA (COURS)",43.52306,5.45595
201500013041,26,4,15,5,4,13,1,1,1,1,6,PREMIERE DIV FRANCAISE L,0.0,0.0
201500013042,28,4,15,16,1,13,1,1,1,1,4,"., RN 296",0.0,0.0
201500013043,6,5,15,19,1,13,1,1,1,1,3,"4039, SISTERON (RTE DE)",43.57159,5.46893
201500013044,5,5,15,11,1,13,1,1,2,1,3,"/, BELLEC MAURICE (RTE D",43.57947,5.44905
201500013045,9,5,15,18,1,13,1,2,2,1,6,"1, PIGONNET (AV DU)",43.51926,5.44274
201500013046,7,5,15,11,1,13,1,1,1,1,1,BERRE (ROUTE DE),0.0,0.0
201500013047,11,5,15,7,1,13,1,1,1,1,6,"1600, MILLES (RTE DES)",43.50816,5.4214
201500013048,18,5,15,17,1,13,1,2,1,1,6,BELTAGUY PAUL (TRAVERSE),0.0,0.0
201500013049,19,5,15,8,1,13,1,2,1,1,6,VAIR GUILLAUME DU (RUE),43.5082,5.4084
201500013050,23,5,15,0,3,13,1,1,1,1,6,PUY SAINTE REPARADE (CH),0.0,0.0
201500013051,22,5,15,11,1,13,1,2,2,1,3,"1755, ROSE (CH DE LA)",43.55899,5.44277
201500013052,28,5,15,4,5,13,1,2,1,1,7,"373, COSTE JEAN PAUL (AV",43.51381,5.45912
201500013053,3,5,15,5,3,13,1,1,1,1,3,ENFANT (RTE DE L'),43.49093,5.38747
201500013054,31,5,15,20,2,13,1,2,1,1,2,GALICE (RTE DE),0.0,0.0
201500013055,6,6,15,18,1,13,1,1,1,1,7,"1825, RD 7",0.0,0.0
201500013056,21,6,15,0,5,13,1,1,1,1,2,RD9,0.0,0.0
201500013057,24,6,15,12,1,13,1,1,1,1,2,GALICE (RTE),0.0,0.0
201500013058,30,6,15,7,1,13,1,1,3,1,3,ANTONELLE (CHEMIN D'),43.56617,5.40623
201500013059,21,6,15,15,1,13,1,2,5,1,3,"/, MALACRIDA HENRI (AV)",43.51774,5.46503
201500013060,4,7,15,18,1,13,1,1,1,1,5,RD 7,0.0,0.0
201500013061,4,7,15,2,4,13,1,2,1,1,6,RN 296,0.0,0.0
201500013062,6,7,15,6,1,13,1,1,1,1,1,RD9,0.0,0.0
201500013063,7,7,15,21,2,13,1,2,2,1,3,"70, DE LATTRE DE TASSIGN",43.53706,5.43465
201500013064,7,7,15,8,1,13,1,1,1,1,3,DALMAS JEAN (RUE),0.0,0.0
201500013065,8,7,15,11,1,13,1,1,4,1,3,GARDANNE (ROUTE DE ),43.48948,5.40784
201500013066,11,7,15,19,1,13,1,2,1,1,1,DEPORTES DE LA RESISTANC,43.52503,5.46063
201500013067,14,7,15,21,2,13,1,2,1,1,6,AV. ST JOHN PERSE,0.0,0.0
201500013068,19,7,15,20,1,13,1,2,1,1,1,MALACRIDA HENRI (AV),0.0,0.0
201500013069,24,7,15,9,1,13,1,1,2,1,3,"/, ST CANADET (ROUTE) D.",43.59882,5.46409
201500013070,18,7,15,19,1,13,1,2,2,1,3,GIONO JEAN,43.51746,5.43518
201500013071,30,7,15,21,5,13,1,2,3,1,3,BONAPARTE NAPOLEON(AV),43.52715,5.4436
201500013072,31,7,15,17,1,13,1,1,1,1,3,"1, R.N 7",0.0,0.0
201500013073,1,8,15,14,1,13,1,1,1,1,3,ROQUEFAVOUR (RTE DE),0.0,0.0
201500013074,3,8,15,23,5,13,1,1,1,1,1,PREAUD GENERAL (AV DU),0.0,0.0
201500013075,11,8,15,7,2,13,1,2,1,1,6,SOLARI PHILIPPE (AV),0.0,0.0
201500013076,16,8,15,17,1,13,1,1,1,1,3,LEDOUX CLAUDE NICOLAS (R,0.0,0.0
201500013077,24,8,15,20,2,13,1,2,1,8,6,"2, BONAPARTE NAPOLEON(AV",43.52689,5.44409
201500013078,26,8,15,7,1,13,1,1,1,1,1,"5580, RD 7",43.47487,5.43342
201500013079,1,9,15,15,1,13,1,1,1,1,3,RD 7,0.0,0.0
201500013080,29,5,15,14,1,13,1,1,1,1,6,THIERS (RUE),0.0,0.0
201500013081,3,9,15,23,5,13,1,2,6,1,6,PICASSO PABLO (AV),43.52863,5.41599
201500013082,28,6,15,10,1,13,1,1,1,1,3,MAGNAN ANDRE (RUE),0.0,0.0
201500013083,7,9,15,19,1,13,1,1,1,1,1,"1488, FERRINI FORTUNE (A",43.49958,5.43423
201500013084,10,9,15,14,1,13,1,2,1,1,2,PONT DE GALICE (RUE DU),43.52875,5.43293
201500013085,10,9,15,15,1,13,1,1,1,1,5,GALICE (RTE),0.0,0.0
201500013086,9,9,15,15,1,13,1,2,9,1,3,"130, BASTIDE DE VERDACHE",0.0,0.0
201500013087,15,9,15,16,1,13,1,2,1,1,3,POILUS (BD DES),43.5263,5.45604
201500013088,12,9,15,18,1,13,1,2,1,1,6,VAIR GUILLAUME DU (RUE),0.0,0.0
201500013089,12,9,15,13,1,13,1,1,1,1,1,PASCALIS PIERRE (CH),0.0,0.0
201500013090,19,9,15,2,3,13,1,2,1,1,7,"00, LOQUI (ROUTE DE)",43.5456,5.39816
201500013091,19,9,15,18,1,13,1,2,1,1,6,"38, EUROPE (AV)",43.52473,5.4306
201500013092,24,9,15,5,5,13,1,2,2,1,1,BROSSOLETTE PIERRE (AV),43.51933,5.44273
201500013093,24,9,15,9,1,13,1,2,1,1,3,GAUTIER DE LA LAUZIERE J,0.0,0.0
201500013094,25,9,15,1,5,13,1,2,8,1,6,"09, SEXTIUS (COURS)",43.52828,5.4437
201500013095,25,9,15,14,1,13,1,2,1,1,6,"0, FERRINI FORTUNE (AV)0",0.0,0.0
201500013096,30,9,15,7,2,13,1,2,7,1,3,SAUZE LUCIEN (PL),43.53039,5.41018
201500013097,2,10,15,5,5,13,1,2,6,1,6,(AV) PICASSO PABLO,43.53016,5.41685
201500013098,8,10,15,16,1,13,1,2,1,1,6,BROSSOLETTE PIERRE (AV),0.0,0.0
201500013099,10,10,15,11,1,13,1,2,1,1,6,"0, FORBIN CLAUDE (ALLEE)",43.52377,5.45546
201500013100,10,10,15,17,1,13,1,1,1,1,5,GARDANNE (ROUTE DE ),0.0,0.0
201500013101,14,10,15,19,2,13,1,2,9,1,1,"595, BAGATELLE (AVENUE D",43.53654,5.40935
201500013102,15,10,15,18,5,13,1,2,1,1,6,BASTIDE DE VERDACHES (RU,43.50841,5.40385
201500013103,18,10,15,21,5,13,1,2,1,2,3,PREMIERE DIV FRANCAISE L,0.0,0.0
201500013104,21,10,15,15,1,13,1,2,1,1,6,"55, BROSSOLETTE PIERRE (",43.51981,5.44277
201500013105,20,10,15,12,1,13,1,1,3,1,3,SISTERON (RTE DE ),43.56415,5.46382
201500013106,29,10,15,13,1,13,1,2,1,1,2,"207, FERRINI FORTUNE (AV",43.50907,5.44027
201500013107,4,11,15,21,5,13,1,2,1,5,6,RD9,0.0,0.0
201500013108,5,11,15,9,1,13,1,2,1,1,6,CARNOT (BD),43.52733,5.45544
201500013109,5,11,15,18,5,13,1,2,1,1,2,"467, MAURIAT HENRI (AV)",43.51576,5.46633
201500013110,6,11,15,5,5,13,1,2,2,1,5,MOURET HENRI (AV),43.51859,5.43319
201500013111,7,11,15,20,5,13,1,1,1,1,1,RD9,0.0,0.0
201500013112,5,10,15,2,5,13,1,1,1,1,6,"315, PREMIERE DIV FRANCA",43.54993,5.43021
201500013113,23,11,15,14,1,13,1,2,1,1,6,460 Rue Pierre Leydet,43.50625,5.40159
201500013114,26,11,15,19,5,13,1,2,6,1,2,GIONO JEAN (AV),43.51421,5.43895
201500013115,29,11,15,7,1,13,1,2,1,1,6,"13, MALACRIDA HENRI (AV)",43.51281,5.47195
201500013116,9,12,15,16,1,13,1,1,1,1,1,RD 543,0.0,0.0
201500013117,17,12,15,11,1,13,1,2,1,1,6,"380, LEDOUX CLAUDE NICOL",43.48167,5.38632
201500013118,29,12,15,16,1,13,1,2,2,1,3,MONNET JEAN (AV),43.53205,5.42083
201500013119,13,1,15,15,1,13,1,2,2,1,3,REPUBLIQUE (BD DE LA),43.52731,5.44317
201500013120,16,1,15,3,5,13,1,2,1,1,6,"37, BELTAGUY PAUL (TRAVE",43.51869,5.45842
201500013121,10,1,15,16,1,13,1,2,1,1,6,MALACRIDA HENRI (AV),0.0,0.0
201500013122,20,1,15,9,1,13,1,2,2,1,3,"8, ST EXUPERY (RUE)",43.51902,5.43283
201500013123,23,1,15,14,1,13,1,1,1,1,1,RD 543 F,43.51042,5.35013
201500013124,24,1,15,21,3,13,1,2,1,1,1,"770, CAMP DE MENTHE (AV",43.5105,5.41499
201500013125,16,1,15,19,5,13,1,1,1,3,6,RD9,0.0,0.0
201500013126,28,1,15,9,1,13,1,1,1,1,3,"7610,* R.N 7",0.0,0.0
201500013127,28,1,15,11,1,13,1,1,1,1,1,"3070, PETIT MOULIN (RTE",43.51653,5.31564
201500013128,11,2,15,7,2,13,1,1,1,1,3,BELLEC MAURICE (RTE DU C,43.58086,5.45757
201500013129,9,2,15,11,1,13,1,2,1,7,6,BERGER GASTON (AV),0.0,0.0
201500013130,15,2,15,6,4,13,1,1,1,2,7,RD9,0.0,0.0
201500013131,12,2,15,19,3,13,1,1,1,1,5,RD9,0.0,0.0
201500013132,19,2,15,20,5,13,1,1,1,1,4,RN 296,0.0,0.0
201500013133,20,2,15,1,5,13,1,2,1,1,6,"29, BROSSOLETTE PIERRE (",43.52036,5.4427
201500013134,27,2,15,7,1,13,1,1,3,3,3,"1, LEDOUX CLAUDE NICOLAS",43.47279,5.39939
201500013135,2,3,15,17,1,13,1,1,1,1,2,"., RD9",0.0,0.0
201500013136,26,2,15,21,4,13,1,2,3,1,3,"0, JAURES JEAN (BD)",43.53194,5.44478
201500013137,6,3,15,17,1,13,1,2,6,7,6,"., GALICE (RTE DE)",43.53041,5.41017
201500013138,6,3,15,15,1,13,1,1,1,1,2,"/, GALICE (RTE DE)",0.0,0.0
201500013139,13,3,15,21,5,13,1,2,3,1,3,"0, GALICE (RTE DE)",43.52817,5.43135
201500013140,3,3,15,9,1,13,1,2,1,1,6,"/, BLUM LEON (AV)",0.0,0.0
201500013141,13,1,15,15,1,13,4,2,1,1,2,"106, STALINGRAD AVENUE D",43.69069,4.63761
201500013142,20,3,15,21,5,13,4,2,1,1,3,"20, RUE ANCIEN MOULIN A",43.67819,4.63922
201500013143,22,1,15,19,3,13,4,1,1,1,3,"235, R.D.N83 ROUTE D'EYG",43.66266,4.68173
201500013144,31,12,15,20,5,13,4,2,1,2,6,RTE DE CRAU,0.0,0.0
201500013145,21,3,15,20,5,13,4,2,1,2,2,"153, AV STALINGRAD",43.69367,4.6396
201500013146,25,3,15,8,1,13,4,1,1,2,6,RUE ROUBINE DU ROY,0.0,0.0
201500013147,14,2,15,16,1,13,4,2,2,8,3,"14, DOCTEUR JOSEPH IMBER",43.66838,4.63032
201500013148,4,4,15,15,1,13,4,2,1,1,2,"10, AV DE LA PREM DIV FR",0.0,0.0
201500013149,6,4,15,21,5,13,4,2,6,1,3,RPT LIEUT. COLONEL ANDRE,43.66748,4.63532
201500013150,1,5,15,22,5,13,4,2,3,1,3,18-20 AV LAFAYETTE,43.67077,4.63547
201500013151,1,3,15,17,1,13,4,2,6,1,2,97 Av du Président S,43.66955,4.61996
201500013152,7,5,15,0,3,13,4,1,1,1,6,RTE N570 AVIGNON STES MA,0.0,0.0
201500013153,12,3,15,9,1,13,4,2,1,1,7,"7 BIS, LICES BOULEVARD D",43.67521,4.62904
201500013154,19,5,15,22,3,13,4,1,1,1,2,RTE N113 MARSEILLE A BOR,0.0,0.0
201500013155,29,5,15,21,2,13,4,2,1,1,3,AV STALINGRAD,0.0,0.0
201500013156,15,6,15,13,1,13,4,2,1,1,2,"100, AV DE CAMARGUE",43.67388,4.60771
201500013157,15,6,15,18,1,13,4,1,1,1,7,RPT GUY MOCQUET RD 570,0.0,0.0
201500013158,20,6,15,19,1,13,4,2,3,1,6,"8, RUE COPERNIC",43.69822,4.63388
201500013159,10,6,15,11,1,13,4,2,4,1,7,Rue de la Roubine du Roy,43.67944,4.6348
201500013160,28,6,15,20,1,13,4,2,2,1,3,"45, RTE DE CRAU",43.67153,4.64206
201500013161,4,7,15,4,5,13,4,2,1,1,6,RUE ANATOLE FRANCE,0.0,0.0
201500013162,10,7,15,8,1,13,4,1,1,1,2,RTE DES SAINTES MARIES,0.0,0.0
201500013163,8,7,15,5,1,13,4,1,9,1,6,"3325, RTE DE LA CRAU RAP",43.64858,4.69013
201500013164,10,8,15,11,1,13,4,2,1,1,6,BD DES LICES,0.0,0.0
201500013165,24,8,15,13,1,13,4,2,3,1,7,RUE JEAN CHARCOT,43.67053,4.622
201500013166,31,8,15,9,1,13,4,2,1,1,3,RUE JEAN GIONO,43.67925,4.63576
201500013167,8,9,15,19,1,13,4,1,1,1,6,AV DOC ROBERT MOREL,0.0,0.0
201500013168,23,9,15,15,1,13,4,2,6,1,2,"01, CHE SEVERIN",43.67846,4.60701
201500013169,26,9,15,17,1,13,4,2,9,1,6,AV MARECHAL JUIN,0.0,0.0
201500013170,12,10,15,9,1,13,4,2,2,8,3,35 CH DE L'ESTIVAGE,43.6614,4.64107
201500013171,16,10,15,21,5,13,4,2,1,1,6,"13, RTE DE CRAU",43.67309,4.64035
201500013172,9,10,15,17,1,13,4,1,1,1,6,RN 572 RTE DE ST GILLES*,0.0,0.0
201500013173,19,10,15,19,3,13,4,1,1,1,6,RTE DE TARASCON,0.0,0.0
201500013174,25,10,15,0,3,13,4,1,1,1,3,RTE D EYGUIERES,0.0,0.0
201500013175,7,11,15,3,5,13,4,2,6,5,6,RPT DE LA RESISTANCE,0.0,0.0
201500013176,15,11,15,14,1,13,4,2,1,1,6,"14BIS, RUE ETIENNE DOLET",43.67202,4.64497
201500013177,10,12,15,0,5,13,4,2,9,1,6,QUAI DES PLATANES,0.0,0.0
201500013178,16,3,15,13,1,13,70,2,1,8,2,"445, VOLTAIRE (BOULEVARD",43.28273,5.53037
201500013179,18,3,15,18,2,13,5,2,1,1,7,"15, VERDUN (AVENUE DE)",43.28865,5.57356
201500013180,19,3,15,18,2,13,5,2,3,1,4,REPUBLIQUE (RUE DE LA),43.29118,5.56967
201500013181,21,3,15,18,1,13,5,2,1,2,3,"1, NATIONALE 8",0.0,0.0
201500013182,22,3,15,17,1,13,70,2,1,1,6,"2, QUEIRADE (CHEMIN DE L",43.27905,5.52936
201500013183,24,3,15,16,1,13,5,2,1,2,6,"ALLEE 1/2, AUCHAN ( CENT",43.29419,5.59364
201500013184,29,3,15,17,1,13,5,1,1,1,6,"2685, RN 96 (ROUTE NATIO",43.32313,5.58944
201500013185,28,3,15,10,1,13,70,2,1,1,3,"200, VOLTAIRE (BOULEVARD",43.2812,5.51947
201500013186,2,4,15,8,1,13,5,2,1,1,3,"185, DIX NEUF MARS 1962",43.28848,5.57095
201500013187,2,4,15,8,1,13,5,2,1,1,4,"0, RN 8",0.0,0.0
201500013188,5,4,15,10,1,13,70,2,9,1,3,"1, GARE (BOULEVARD DE LA",43.35714,5.36707
201500013189,9,4,15,16,1,13,5,2,3,1,3,"1, ARC (AVENUE JEANNE D'",43.29445,5.56706
201500013190,9,4,15,17,1,13,70,2,1,1,2,"72, ROUSSEAU (BOULEVARD",43.27605,5.52512
201500013191,11,4,15,11,1,13,5,2,1,1,3,"0, CEINTURE DE CAMPS MAJ",43.2953,5.58431
201500013192,17,4,15,16,1,13,5,2,1,1,2,22**MERMOZ (RUE JEAN),43.28608,5.57561
201500013193,18,4,15,9,1,13,5,2,9,7,6,"1, DE ROUX (RUE COLONEL)",43.29498,5.56809
201500013194,20,4,15,8,1,13,5,2,1,1,2,EOURES (ROUTE D'),43.29762,5.56588
201500013195,26,4,15,16,1,13,5,1,2,1,6,"0, AVELANEDE (CHEMIN DE",43.28632,5.58726
201500013196,26,4,15,18,1,13,5,1,1,2,7,"2550, RN 96 (ROUTE NATIO",43.32496,5.5925
201500013197,30,4,15,9,1,13,70,2,3,1,3,Chemin de Saint-Lambert,43.28575,5.51416
201500013198,30,4,15,11,1,13,5,1,1,1,3,"1760, CD 2 (CAMP MAJOR)",43.28817,5.54039
201500013199,20,3,15,19,3,13,5,1,1,1,1,"335, ANGLADE (CHEMIN DE",43.3093,5.58726
201500013200,30,4,15,16,1,13,5,2,1,1,7,"3, MANOUCHIAN (AVENUE)",43.2863,5.5485
201500013201,5,5,15,11,1,13,5,1,3,1,3,MISTRAL (AVENUE DU),43.28871,5.59613
201500013202,5,5,15,14,1,13,5,2,1,1,2,CANIERS (AVENUE*DES),43.28439,5.59404
201500013203,6,5,15,12,1,13,5,2,1,1,3,RD 559 A (ROUTE DE LA,43.28301,5.58373
201500013204,11,5,15,11,1,13,5,2,1,1,3,"0, PAIX (AVENUE DE LA )",43.27895,5.55136
201500013205,12,5,15,14,1,13,5,2,3,1,1,"26, SALENGRO (AVENUE ROG",43.29913,5.56923
201500013206,12,5,15,17,1,13,5,2,1,1,6,"20, JEU DE BALLON (RUE D",43.29163,5.57112
201500013207,13,5,15,8,1,13,5,1,1,1,7,"70, REPUBLIQUE (RUE DE L",43.29115,5.56968
201500013208,13,5,15,17,1,13,5,2,6,1,6,LIGNIERES (AVENUE DES),43.29447,5.55815
201500013209,13,5,15,20,1,13,5,2,1,1,2,"., CD 2 (CAMP MAJOR)",43.28806,5.52269
201500013210,15,5,15,10,1,13,5,1,3,1,2,AVELANEDE (CHEMIN DE L'),43.28769,5.58714
201500013211,17,5,15,17,1,13,5,1,1,1,5,NAPOLLON (ROUTE DE),43.32325,5.58961
201500013212,18,5,15,6,1,13,5,2,1,1,1,"929, PALUDS (AVENUE DES)",43.29033,5.59588
201500013213,18,5,15,17,1,13,5,1,3,1,3,"2500 D96, 13400 Aubagne",43.32477,5.59224
201500013214,19,5,15,16,1,13,70,2,1,1,3,"8, ROBION (CHEMIN NOEL)",43.2845,5.51644
201500013215,21,5,15,10,1,13,5,2,1,1,1,"1, REPUBLIQUE (RUE DE LA",43.29628,5.37408
201500013216,22,5,15,10,1,13,5,1,1,1,3,RASTEGUE (COURS BARTHELE,43.29275,5.56775
201500013217,23,5,15,14,1,13,5,2,1,1,6,SOULAT (SQUARE*MARCEL),43.29574,5.56575
201500013218,24,5,15,17,1,13,5,1,3,1,3,chemin des petits melets,43.31253,5.60284
201500013219,28,5,15,17,1,13,5,2,1,1,6,Chemin de l'Avelanède,43.29487,5.59085
201500013220,26,5,15,14,1,13,5,1,3,1,3,RN 96 (ROUTE NATIONALE ),43.32581,5.59397
201500013221,29,5,15,15,1,13,5,2,1,1,6,EOURES (ROUTE D'),43.29487,5.59085
201500013222,31,5,15,15,1,13,70,2,1,1,6,JAS DES CANDOLLES,43.28082,5.50969
201500013223,1,6,15,10,1,13,70,2,3,1,3,GARE (BOULEVARD DE LA),43.28376,5.51503
201500013224,1,6,15,13,1,13,5,2,3,1,2,"33, VERDUN (AVENUE DE)",43.2878,5.57891
201500013225,1,6,15,21,2,13,5,2,3,1,3,"25, VERDUN (AVENUE DE)",43.28789,5.57803
201500013226,2,6,15,9,1,13,5,2,6,1,3,SALENGRO (AVENUE ROGER),43.29638,5.56871
201500013227,3,6,15,7,1,13,5,2,1,1,3,,43.2983,5.59058
201500013228,3,6,15,11,1,13,70,2,1,1,6,"206, VOLTAIRE (BOULEVARD",43.28121,5.5196
201500013229,5,6,15,18,1,13,5,2,1,1,1,RN 8,43.2843,5.54602
201500013230,8,6,15,8,1,13,70,2,1,1,2,COLOMBES (ALLEE DES),43.28366,5.51354
201500013231,4,6,15,19,1,13,5,2,3,1,3,3170 Route de la Légion,43.28808,5.52334
201500013232,15,6,15,13,1,13,5,2,1,1,6,"19, PALUDS (Z.I. *** )",43.29462,5.59081
201500013233,16,6,15,8,1,13,5,2,1,1,2,"0, BOYER (AVENUE ANTIDE)",43.29425,5.55869
201500013234,8,6,15,7,1,13,5,1,2,1,3,Ancien Chemin de Saint-J,43.30868,5.60809
201500013235,17,6,15,11,1,13,5,1,1,1,2,RN 8,0.0,0.0
201500013236,17,6,15,16,1,13,70,2,1,1,6,VOLTAIRE (BOULEVARD),0.0,0.0
201500013237,20,6,15,17,1,13,5,2,1,1,6,TAMARIS (BOULEVARD DES),43.27783,5.53263
201500013238,21,6,15,18,1,13,5,2,1,1,2,"6, RASTEGUE (COURS BARTH",43.29279,5.56874
201500013239,23,6,15,18,1,13,5,1,1,1,3,Route de la Ciotat,43.26715,5.58784
201500013240,26,6,15,17,1,13,5,1,1,1,2,"2295, RN 96 (ROUTE NATIO",43.32358,5.59018
201500013241,26,6,15,16,1,13,5,1,1,1,3,CANIERS (AVENUE DES),43.28928,5.59362
201500013242,28,6,15,21,5,13,5,2,3,1,3,"22, SALENGRO (AVENUE ROG",43.29861,5.56914
201500013243,30,6,15,8,1,13,5,2,1,1,6,NATIONALE 8,43.28718,5.58378
201500013244,30,6,15,18,1,13,5,2,1,1,2,"355,PROMENADE BLANCARD**",43.2962,5.56137
201500013245,30,6,15,19,1,13,5,2,9,1,6,"0, AVELANEDE (CHEMIN DE",43.28765,5.58718
201500013246,2,7,15,8,1,13,5,2,6,1,2,CAMP DE SARLIER ROUTE DE,43.29815,5.59695
201500013247,3,7,15,14,1,13,5,2,1,1,2,"21, DELFIEU (AVENUE LOUL",43.29254,5.56544
201500013248,3,7,15,16,1,13,70,2,1,1,2,"52, ROUSSEAU (BOULEVARD",43.27688,5.52254
201500013249,11,7,15,8,1,13,70,2,1,1,1,"139, VOLTAIRE (BOULEVARD",43.28142,5.51617
201500013250,10,7,15,16,1,13,5,2,1,1,6,"965, RN 96 (ROUTE NATION",43.31089,5.57704
201500013251,14,7,15,15,1,13,5,1,1,1,3,"0, PALUDS (Z.I. DES )",43.29294,5.58962
201500013252,17,7,15,17,1,13,5,2,1,1,3,.5358F MANOUCHIAN,43.28525,5.54875
201500013253,20,7,15,17,1,13,70,1,1,1,4,"2, ANTONETTI (AVENUE)",43.28708,5.51282
201500013254,23,7,15,10,1,13,5,1,1,1,6,"0, VALLEE (CHEMIN DE LA)",0.0,0.0
201500013255,23,7,15,17,1,13,5,1,6,1,3,"1, GEMENOS (ROUTE DE CD2",43.29783,5.58874
201500013256,29,7,15,8,1,13,5,2,1,7,2,"22, VERDUN (AVENUE DE)",43.28772,5.58132
201500013257,1,8,15,18,1,13,70,2,1,1,6,ROUSSEAU (BOULEVARD JEAN,0.0,0.0
201500013258,2,8,15,4,5,13,5,2,1,1,7,"410, RN 8",43.28311,5.59697
201500013259,6,8,15,9,1,13,5,2,1,1,6,10-14SALENGRO (AV. ROGER,43.2976,5.56898
201500013260,7,8,15,22,5,13,5,2,1,1,3,"385, MERMOZ (RUE JEAN)",43.28593,5.57617
201500013261,10,8,15,16,1,13,5,2,1,1,2,CANIERS (AVENUE DES),43.28603,5.59446
201500013262,10,8,15,16,1,13,5,2,1,1,6,BAUMONE (AVENUE DE LA ),43.29484,5.59499
201500013263,11,8,15,14,1,13,5,2,3,1,1,RD 8N,43.28626,5.58736
201500013264,12,8,15,11,1,13,5,2,1,1,2,"644, NAPOLLON (ROUTE DE)",43.31107,5.5771
201500013265,2,1,15,22,5,13,5,2,1,1,6,"D, PEBRE D'AIL (RUE DU )",43.28292,5.55496
201500013266,12,8,15,12,1,13,5,1,6,1,7,RD8N,43.28359,5.59397
201500013267,17,8,15,10,1,13,5,2,3,1,3,VERDUN (AVENUE DE),43.28902,5.57291
201500013268,25,8,15,10,1,13,5,2,6,1,4,SALENGRO (AVENUE ROGER),43.3039,5.57232
201500013269,14,8,15,11,1,13,70,2,2,1,3,"1, GARE (BOULEVARD DE LA",43.28193,5.51504
201500013270,24,8,15,18,1,13,5,1,1,1,2,38 Avenue Roger Salengro,43.30308,5.57165
201500013271,27,8,15,8,1,13,70,2,1,1,2,"196, VOLTAIRE (BOULEVARD",43.2812,5.51911
201500013272,30,8,15,11,1,13,5,2,3,1,3,SALENGRO (AVENUE ROGER),43.29773,5.56899
201500013273,30,8,15,14,1,13,5,1,1,1,3,"0, BONNES NOUVELLES (CH.",43.29167,5.59027
201500013274,31,8,15,10,1,13,5,2,2,1,3,VERDUN (AVENUE DE),43.28778,5.58117
201500013275,8,9,15,20,5,13,70,2,3,1,3,"12, VOLTAIRE (BOULEVARD)",43.28264,5.52998
201500013276,9,9,15,13,1,13,5,2,1,1,5,"5, MANOUCHIAN (AVENUE)",43.2871,5.5484
201500013277,10,9,15,15,1,13,5,2,6,1,6,"4, REPUBLIQUE (RUE DE LA",43.29261,5.56769
201500013278,11,9,15,10,1,13,5,2,9,1,6,BARTHELEMY (RUE DU DR),43.29566,5.56807
201500013279,11,9,15,14,1,13,5,2,6,1,3,216 CANIERS (AVENUE DES),43.28639,5.59452
201500013280,12,9,15,9,1,13,5,1,2,1,3,RN 396 (ROUTE NATIONALE),43.30876,5.60799
201500013281,12,9,15,15,1,13,5,2,6,1,3,"0, AVELANEDE (CHEMIN DE",43.29629,5.59021
201500013282,16,9,15,17,1,13,5,2,9,1,6,RN 8,43.28402,5.54316
201500013283,21,9,15,10,1,13,5,2,1,1,6,"0, GOUMS (AVENUE DES)",43.29281,5.56264
201500013284,21,9,15,12,1,13,5,2,1,1,4,,43.3197,5.58501
201500013285,22,9,15,18,1,13,5,2,1,1,3,CD 2 (CAMP MAJOR),0.0,0.0
201500013286,3,1,15,13,1,13,5,2,2,1,3,"2520, CD 2 (CAMP MAJOR)",0.0,0.0
201500013287,14,9,15,11,1,13,5,2,1,1,3,"0, RN 96 (ROUTE NATIONAL",0.0,0.0
201500013288,23,9,15,17,1,13,5,2,1,1,6,"80, REPUBLIQUE (RUE DE L",43.29025,5.57128
201500013289,24,9,15,12,1,13,5,2,2,1,1,31 Route de la Ciotat,43.28735,5.57929
201500013290,25,9,15,16,1,13,5,1,2,1,3,RN 396 (ROUTE NATIONALE),43.30867,5.60809
201500013291,25,9,15,11,1,13,5,1,2,1,1,"0, RN 396 (ROUTE NATIONA",43.30868,5.60809
201500013292,26,9,15,17,1,13,5,2,3,1,3,"1945, GEMENOS (ROUTE DE",43.28772,5.53763
201500013293,3,10,15,9,1,13,5,2,1,2,6,"1460, CD 2 (CAMP MAJOR)",43.28816,5.54301