Num_Acc,jour,mois,an,hr,condition_eclairage,departement,commune,condition_agglomeration,intersection,condition_atmosphere,type_collision,adresse,lattitude,longitude
201500013294,4,10,15,4,5,13,5,2,3,8,6,FARIGOULES (BOULEVARD DE,43.27919,5.53045
201500013295,3,1,15,18,4,13,5,2,3,1,3,"1, ROBION (TRAVERSE NOEL",43.28455,5.52352
201500013296,5,10,15,20,5,13,5,1,3,1,2,"0, RN 396 (ROUTE NATIONA",43.31514,5.60076
201500013297,5,10,15,20,5,13,70,2,1,1,2,"128, VOLTAIRE (BOULEVARD",43.28165,5.51526
201500013298,8,10,15,7,2,13,5,2,1,1,4,"0, CANIERS (AVENUE DES)",0.0,0.0
201500013299,8,10,15,10,1,13,5,2,1,1,3,"155, LENCHE (RUE DE )",43.29043,5.59951
201500013300,10,10,15,13,1,13,5,2,1,1,2,"1, CHEMIN DE FER (TRAVER",43.28735,5.5451
201500013301,10,10,15,19,3,13,5,1,2,1,1,THUILIERE (CHEMIN DE LA,43.29599,5.54761
201500013302,13,10,15,13,1,13,5,2,3,1,1,"308, GASTINE (AVENUE DES",43.29108,5.56485
201500013303,14,10,15,12,1,13,5,2,9,1,6,PASTRE (AVENUE),43.29692,5.59238
201500013304,16,10,15,15,1,13,5,2,1,1,6,PASTRE (AVENUE),43.29194,5.59408
201500013305,23,10,15,12,1,13,5,2,1,1,2,LAGUNAS (AVENUE SIMON),43.29395,5.56368
201500013306,25,10,15,9,1,13,5,2,3,1,5,"0, VERDUN (AVENUE DE)",43.28784,5.58157
201500013307,26,10,15,18,2,13,5,1,1,1,6,"550, DOUARD (AVENUE DU)",43.28636,5.59517
201500013308,27,10,15,9,1,13,5,2,1,1,2,AUBES (CHEMIN DES*,43.30697,5.58728
201500013309,30,10,15,19,5,13,5,2,1,1,1,"7, PERRUSSONNE (CHEMIN D",43.28428,5.54596
201500013310,2,11,15,9,1,13,5,1,3,1,3,"0, CONDAMINE (TRAVERSE D",43.31992,5.58533
201500013311,5,11,15,8,1,13,5,2,6,1,3,"0, CEINTURE DE CAMPS MAJ",43.29643,5.58345
201500013312,4,1,15,5,5,13,5,1,3,1,3,RD 43 C,43.30157,5.59153
201500013313,5,11,15,8,1,13,5,1,1,1,3,RN 96 (ROUTE NATIONALE ),43.30623,5.57374
201500013314,5,11,15,12,1,13,5,1,1,1,6,***BAUMONE (AVENUE DE LA,43.29702,5.59394
201500013315,9,11,15,8,1,13,5,2,1,1,6,BOYER (AVENUE ANTIDE),43.29488,5.56214
201500013316,9,11,15,13,1,13,5,1,3,1,3,NATIONALE 8 DE PARIS A T,43.28663,5.58578
201500013317,9,11,15,18,5,13,5,2,1,1,6,"17, GOUMS (AVENUE DES)",43.29273,5.56392
201500013318,12,11,15,20,5,13,5,2,1,1,6,"19, VOLTAIRE (COURS)",43.29518,5.56817
201500013319,13,11,15,11,1,13,5,2,1,1,2,CAMP DE SARLIER ROUTE,0.0,0.0
201500013320,13,11,15,14,1,13,5,2,1,1,2,"1895, GEMENOS (ROUTE DE",43.29833,5.59589
201500013321,18,11,15,15,1,13,5,2,1,1,6,"895, RN 96 (ROUTE NATION",43.31423,5.57886
201500013322,20,11,15,17,5,13,70,2,1,1,3,287**VOLTAIRE (BOULEVARD,43.28211,5.52629
201500013323,22,11,15,11,1,13,70,2,1,1,6,"26, GARE (BOULEVARD DE L",43.28347,5.51505
201500013324,24,11,15,15,1,13,5,2,1,1,3,VALLEE (CHEMIN DE LA),0.0,0.0
201500013325,28,11,15,21,5,13,5,2,1,1,3,"22 D8N, 13400 Aubagne, F",43.28323,5.53319
201500013326,28,11,15,15,1,13,5,2,1,1,3,"660, COURONNE DES PINS (",43.27467,5.55918
201500013327,30,11,15,13,1,13,5,2,3,1,3,CD 2 (CAMP MAJOR),43.29239,5.55584
201500013328,30,11,15,15,1,13,5,2,1,1,2,"0, CD 2 (CAMP MAJOR)",0.0,0.0
201500013329,7,12,15,7,1,13,5,1,1,1,1,"301, LONGUELANCE (CHEMIN",43.30974,5.57489
201500013330,8,12,15,15,1,13,70,2,1,1,3,"256, VOLTAIRE (BOULEVARD",43.28126,5.52004
201500013331,9,12,15,7,5,13,70,2,1,1,3,"196BIS, VOLTAIRE (BOULEV",43.28122,5.51915
201500013332,9,12,15,12,1,13,5,2,6,1,4,", NATIONALE 8 DE PARIS A",43.28358,5.59421
201500013333,10,12,15,9,1,13,5,2,1,1,4,"0, VERDUN (AVENUE DE)",0.0,0.0
201500013334,11,12,15,14,1,13,5,1,2,1,1,RN 396 (ROUTE NATIONALE),43.30867,5.60815
201500013335,22,12,15,16,1,13,5,2,1,1,3,RN 8,43.28443,5.547
201500013336,30,12,15,10,1,13,5,2,1,1,6,"1, CIOTAT (ROUTE DE LA R",43.28566,5.58128
201500013337,6,1,15,13,1,13,5,2,9,1,3,"14, GOUMS (AVENUE DES)",43.29176,5.5614
201500013338,7,1,15,12,1,13,5,2,1,1,2,"200, MANOUCHIAN (AVENUE)",43.28692,5.54843
201500013339,8,1,15,11,1,13,5,2,2,1,3,RD 43 C,43.30157,5.59143
201500013340,8,1,15,17,2,13,5,2,3,1,3,RN 8,43.28438,5.54644
201500013341,8,1,15,19,3,13,5,1,1,1,3,"2495, CD 2 (CAMP MAJOR)",43.28715,5.53157
201500013342,19,1,15,19,4,13,5,2,1,2,6,"773, PALUDS (AVENUE DES)",43.28964,5.5976
201500013343,21,1,15,9,1,13,5,2,1,3,4,NAPOLLON (EMBRANCHEMENT),0.0,0.0
201500013344,10,3,15,20,5,13,5,2,1,1,2,"1047, 21 AOUT 1944 (AVEN",43.28581,5.55559
201500013345,29,1,15,10,1,13,5,1,1,1,3,"3315, CD 2 (CAMP MAJOR)",43.28792,5.52142
201500013346,29,1,15,11,1,13,5,2,1,1,2,"2, GANTEAUME (BOULEVARD",43.28814,5.57387
201500013347,29,1,15,16,1,13,5,2,1,2,3,8 rue nationale 96,43.30342,5.57185
201500013348,29,1,15,20,5,13,5,2,1,2,2,"729, PALUDS (AVENUE DES)",43.28945,5.59801
201500013349,31,1,15,13,1,13,5,2,3,1,3,"33, VERDUN (AVENUE DE)",43.28779,5.57897
201500013350,5,2,15,8,1,13,5,1,6,1,7,RN 8,43.2836,5.594
201500013351,10,2,15,9,1,13,5,1,1,1,1,RD 43 C,0.0,0.0
201500013352,11,2,15,11,1,13,5,2,1,1,7,CHARREL (ZAC DU),0.0,0.0
201500013353,22,2,15,6,1,13,5,1,3,1,3,"10, RD 43 C",43.30562,5.59222
201500013354,24,2,15,11,1,13,5,2,1,1,2,GEMENOS (ROUTE DE CD2),43.2933,5.5564
201500013355,27,2,15,19,5,13,5,2,1,1,6,"14, VERDUN (AVENUE DE)",43.28871,5.57339
201500013356,4,3,15,7,1,13,5,2,1,1,2,"0, GEMENOS (ROUTE DE CD2",43.29475,5.57441
201500013357,5,3,15,10,1,13,5,2,1,1,7,"0, RD 559 A (ROUTE DE LA",0.0,0.0
201500013358,6,3,15,18,4,13,5,2,1,1,2,AVELANEDE (CHEMIN DE L'),43.2864,5.587
201500013359,7,3,15,14,1,13,5,2,1,1,3,"135, PAGNOL (AVENUE MARC",43.29641,5.57004
201500013360,8,3,15,1,5,13,5,2,1,1,6,"12, RASTEGUE (COURS BART",0.0,0.0
201500013361,11,3,15,17,1,13,5,2,1,1,3,"1047, 21 AOUT 1944 (AVEN",43.28581,5.55559
201500013362,13,3,15,8,1,13,70,2,1,1,6,"5, ROUSSEAU (BOULEVARD J",43.28121,5.51622
201500013363,6,1,15,14,1,13,28,1,1,1,3,"145, MISTRAL (AVENUE DU)",43.20776,5.60024
201500013364,16,3,15,7,1,13,28,2,6,1,3,726 Avenue Guillaume Dul,43.19219,5.60916
201500013365,9,1,15,12,1,13,28,2,1,1,2,CD 141 ( CH PUITS DE BRU,43.18683,5.6005
201500013366,19,3,15,13,1,13,28,2,3,1,3,FRANCE (BOULEVARD ANATOL,43.17715,5.61069
201500013367,19,1,15,12,1,13,28,2,1,3,3,Rond-point de la locomot,43.19204,5.60479
201500013368,18,3,15,21,5,13,28,2,6,1,3,Rond-point DE LATTRE DE,43.18964,5.60356
201500013369,20,1,15,9,1,13,28,2,6,2,2,"ns, Rond Point DULAC/ROV",43.19259,5.60935
201500013370,31,3,15,9,1,13,28,2,3,1,3,WILSON (AVENUE PRESIDENT,43.1799,5.61189
201500013371,26,1,15,9,1,13,28,2,1,1,2,"130, GASSION (AVENUE FER",43.18365,5.60602
201500013372,1,4,15,12,1,13,28,2,1,1,7,DULAC (AVENUE GUILLAUME),43.19617,5.61289
201500013373,28,1,15,12,1,13,28,1,1,1,3,"1526, BODIN (AVENUE EMIL",43.19691,5.59754
201500013374,3,4,15,13,1,13,28,2,1,1,1,"2333, BODIN (AVENUE EMIL",43.1995,5.58969
201500013375,28,1,15,15,1,13,28,2,1,1,3,"263,*SUBILIA (AVENUE ERN",43.18412,5.60958
201500013376,3,4,15,22,5,13,28,2,1,1,7,"273, BEAU RIVAGE (BOULEV",0.0,0.0
201500013377,28,1,15,16,1,13,28,2,2,1,3,LAVAUX (BOULEVARD DE),43.19872,5.62641
201500013378,6,4,15,12,1,13,28,2,1,1,6,"08, PAIX (AVENUE DE LA)",43.1811,5.60931
201500013379,31,1,15,12,1,13,28,2,9,1,2,DELACOUR (AVENUE EMILE),0.0,0.0
201500013380,7,4,15,17,1,13,28,2,3,1,3,"39-41, CROZET (AVENUE LO",43.17817,5.60093
201500013381,2,2,15,7,2,13,28,2,1,1,3,Rond-point DE LATTRE DE,43.18987,5.60359
201500013382,8,4,15,10,1,13,28,2,1,1,3,"337, CANNEDOU (CHEMIN RA",0.0,0.0
201500013383,4,2,15,13,1,13,28,2,1,8,2,CD.559,43.18845,5.65244
201500013384,8,4,15,13,1,13,28,1,3,1,3,BODIN (AVENUE EMILE),43.19438,5.59987
201500013385,10,2,15,20,5,13,28,2,6,1,3,BODIN (AVENUE EMILE),43.19222,5.60903
201500013386,10,4,15,14,1,13,28,2,6,1,2,Rond Point DULAC/ROVARCH,43.19219,5.60913
201500013387,11,2,15,11,1,13,28,2,1,1,6,"8-10, LAMARTINE (BOULEVA",43.17877,5.60863
201500013388,10,4,15,18,1,13,28,2,1,1,3,"23, SUBILIA (AVENUE!ERNE",43.18356,5.61036
201500013389,15,2,15,18,5,13,28,2,6,3,3,PUITS DE BRUNET (CHEMIN,43.18432,5.59951
201500013390,11,4,15,16,1,13,28,1,1,1,7,PLAINES BARONNES*(CHEMIN,43.18734,5.65824
201500013391,23,2,15,15,1,13,28,2,3,1,3,"806, RIPERT (AVENUE EMIL",43.18946,5.61674
201500013392,13,4,15,13,1,13,28,2,1,1,3,"4, WILSON (AVENUE PRESID",43.18189,5.61415
201500013393,24,2,15,8,1,13,28,2,6,1,2,LAVAUX (BOULEVARD DE),43.18956,5.62848
201500013394,14,4,15,8,1,13,28,1,6,1,3,PEUPLIERS (CHEMIN DES),43.20944,5.62839
201500013395,3,3,15,1,5,13,28,2,1,1,7,ROUMANILLE (AVENUE JOSEP,43.20355,5.6259
201500013396,15,4,15,10,1,13,28,2,3,1,6,"29, REPUBLIQUE (BOULEVAR",43.17703,5.60693
201500013397,15,4,15,13,1,13,28,2,3,1,3,"135, RIPERT (AVENUE EMIL",43.1842,5.61339
201500013398,21,4,15,15,1,13,28,2,1,1,2,PUITS DE BRUNET (CHEMIN,43.18571,5.59985
201500013399,21,4,15,19,1,13,28,1,3,1,3,CD 559 (CHEMIN DEPARTEME,43.18532,5.66171
201500013400,23,4,15,12,1,13,28,2,1,1,2,"303, ROOSEVELT (AVENUE F",43.18478,5.61827
201500013401,24,4,15,19,2,13,28,2,2,1,3,LAVAUX (BOULEVARD DE),43.19875,5.62645
201500013402,26,4,15,11,1,13,28,2,1,1,1,"632, GASSION (AVENUE FER",43.18475,5.60706
201500013403,30,4,15,15,1,13,28,1,3,1,1,CD 559 (CHEMIN DEPARTEME,43.19826,5.59244
201500013404,3,5,15,16,1,13,28,2,1,1,2,"166, LAMARTINE (BOULEVAR",43.1813,5.60716
201500013405,6,5,15,20,2,13,28,2,1,1,1,"103, PUITS DE BRUNET (CH",43.18646,5.60032
201500013406,7,5,15,9,1,13,28,2,3,1,7,LUMIERE (ALLEE ),43.18575,5.62051
201500013407,14,5,15,9,1,13,28,2,1,1,2,CD 141 ( CH PUITS DE BRU,43.18679,5.6005
201500013408,17,5,15,19,1,13,28,2,1,1,7,"119, ROOSEVELT (AVENUE F",43.18478,5.61827
201500013409,19,5,15,11,1,13,28,2,1,1,2,GASSION (AVENUE FERNAND,43.17678,5.60582
201500013410,22,5,15,19,1,13,28,2,1,1,7,"21, BOURGOGNE (AVENUE DE",43.19116,5.61796
201500013411,23,5,15,12,1,13,28,2,2,1,5,CAMUSSO (AVENUE MARCEL ),43.17876,5.59749
201500013412,24,5,15,10,1,13,28,2,3,1,3,CYTHARISTA (AVENUE),43.19146,5.63936
201500013413,24,5,15,14,1,13,28,2,3,1,3,BLUM (AVENUE LEON),43.18171,5.60952
201500013414,24,5,15,18,1,13,28,1,1,1,2,"358, SUBILIA (AVENUE ERN",43.18472,5.60894
201500013415,30,5,15,11,1,13,28,2,1,1,6,AUBANEL (AVENUE THE,43.18901,5.6273
201500013416,2,6,15,16,1,13,28,2,1,1,6,"61, ABEILLE (AVENUE DE L",43.19626,5.61658
201500013417,4,6,15,15,1,13,28,2,3,1,3,PETIT ROUMAGOUA (CHEMIN,43.19947,5.60621
201500013418,4,6,15,16,1,13,28,1,1,1,1,CARRIERES (CHEMIN D,43.1874,5.59306
201500013419,6,6,15,5,5,13,28,2,3,1,4,DULAC (AVENUE GUILLAUME),43.18924,5.60889
201500013420,8,6,15,11,1,13,28,2,1,1,6,"108400182, DULAC (AVENUE",43.19519,5.61204
201500013421,14,6,15,18,1,13,28,2,6,1,3,ALSACE**AVENUE D'),0.0,0.0
201500013422,15,6,15,10,1,13,28,2,1,1,6,DULAC (AVENUE GUILLAUME),43.19548,5.61218
201500013423,17,6,15,22,5,13,28,2,2,1,3,"NS, BILLOUX (AVENUE FRAN",43.17876,5.59749
201500013424,18,6,15,13,1,13,28,2,1,1,2,PETIT ROUMAGOUA (CHEMIN,43.20634,5.60432
201500013425,19,6,15,18,1,13,28,2,1,1,2,"27, PUITS DE BRUNET (CHE",43.18725,5.5985
201500013426,20,6,15,10,1,13,28,2,1,1,2,25-27 CROZET,43.17728,5.6021
201500013427,25,6,15,13,1,13,28,1,1,1,1,1992-2182 Av.Emile Bodin,43.20231,5.58889
201500013428,27,6,15,13,1,13,28,1,3,1,3,RD 559 ***,43.18666,5.65748
201500013429,27,6,15,8,1,13,28,2,1,1,7,"12, BELLON (AVENUE ANDRE",43.18892,5.6288
201500013430,28,6,15,18,1,13,28,2,3,1,3,GASSION (AVENUE FERNAND,43.18412,5.60648
201500013431,30,6,15,18,1,13,28,2,1,1,3,ROVARCH (AVENUE PIERRE),43.19288,5.60287
201500013432,2,7,15,9,1,13,28,2,1,1,3,"447, FONTSAINTE (AVENUE",43.19062,5.63854
201500013433,5,7,15,14,1,13,28,2,1,1,3,"292, FONTSAINTE (AVENUE",43.19042,5.63786
201500013434,8,7,15,12,1,13,28,1,1,1,7,"1753, ROUMANILLE (AVENUE",43.20172,5.62335
201500013435,9,7,15,9,1,13,28,2,1,1,3,"453, FONTSAINTE (AVENUE",43.19074,5.63973
201500013436,9,7,15,12,1,13,28,2,1,1,2,PUITS DE BRUNET (CHEMIN,43.18916,5.60255
201500013437,11,7,15,17,1,13,28,2,6,1,4,"61, ROVARCH (AVENUE PIER",43.19162,5.6179
201500013438,15,7,15,13,1,13,28,2,6,1,5,Rd Point DULAC/ROVARCH,43.19217,5.60915
201500013439,19,7,15,17,1,13,28,2,3,1,3,"866, GARE (AVENUE DE LA)",43.19821,5.63279
201500013440,21,7,15,18,1,13,28,2,1,1,5,"983, DULAC (AVENUE GUILL",43.19416,5.61088
201500013441,22,7,15,14,1,13,28,2,1,1,2,355 FONTSAINTE (AVENUE,43.19062,5.63854
201500013442,26,7,15,21,2,13,28,2,2,1,3,CROZET (AVENUE*LOUIS ),43.17895,5.6001
201500013443,27,7,15,12,1,13,28,2,2,1,3,"NS, LORRAINE (AVENUE DE)",43.18746,5.62013
201500013444,27,7,15,21,5,13,28,2,1,1,7,Chemin du Puits de Brune,43.18795,5.60234
201500013445,30,7,15,20,1,13,28,2,1,1,6,"4-5, BEAU RIVAGE (BOULEV",43.18707,5.62328
201500013446,4,8,15,18,1,13,28,2,2,1,1,GRAILLE (AVENUE JEAN),43.17876,5.5975
201500013447,5,8,15,14,1,13,28,2,1,1,2,MIREILLE (AVENUE),0.0,0.0
201500013448,6,8,15,14,1,13,28,2,6,1,3,Rd Point DULAC/ROVARCH,43.19244,5.60897
201500013449,6,8,15,18,1,13,28,2,1,1,2,MIREILLE (AVENUE),43.18934,5.63026
201500013450,7,8,15,10,1,13,28,2,6,1,2,Rond-point de la locomot,43.19198,5.60426
201500013451,7,8,15,20,1,13,28,2,1,1,4,GRAILLE (AVENUE JEAN),0.0,0.0
201500013452,14,8,15,2,5,13,28,2,1,2,4,CD 141 ( CH PUITS DE BRU,43.18612,5.60008
201500013453,15,8,15,15,1,13,28,2,1,1,2,"13, KENNEDY (AVENUE PRE",43.17927,5.60343
201500013454,31,8,15,15,1,13,28,1,3,1,3,RD 559,43.18083,5.67181
201500013455,6,9,15,16,1,13,28,2,3,1,1,RIPERT (AVENUE EMILE),43.1842,5.61339
201500013456,7,9,15,15,1,13,28,2,1,1,4,"1171, DULAC (AVENUE GUIL",43.19563,5.61228
201500013457,8,9,15,8,1,13,28,2,6,1,2,1659 DULAC (AVENUE GUIL,43.19892,5.61655
201500013458,16,9,15,21,5,13,28,2,3,1,1,Rue de l'Hôpital,43.17709,5.60785
201500013459,17,9,15,8,1,13,28,2,1,1,6,FARDELOUP (CHEMIN DE)*,43.18454,5.5907
201500013460,18,9,15,19,1,13,28,2,1,1,2,N***FONTSAINTE (AVENUE D,43.1907,5.64027
201500013461,21,9,15,7,1,13,28,2,1,1,1,"922, GASSION (AVENUE*FER",43.18475,5.60706
201500013462,22,9,15,16,1,13,28,2,1,1,7,"60, SECADOU (TRAVERSE DU",43.18649,5.61234
201500013463,23,9,15,16,1,13,28,2,1,1,6,MAQUISARDS (PLACE DES ),43.17751,5.60928
201500013464,24,9,15,7,1,13,28,2,3,1,1,"40, GASSION (AVENUE FER",43.18239,5.60535
201500013465,30,9,15,17,1,13,28,2,1,1,2,"30, PUITS DE BRUNET (CHE",43.18683,5.60054
201500013466,1,10,15,12,1,13,28,2,1,8,3,"559, GASSION (AVENUE FER",43.18519,5.60735
201500013467,2,10,15,9,1,13,28,2,1,2,6,170 Avenue du Caporal Ch,43.19039,5.60405
201500013468,4,10,15,21,5,13,28,2,1,1,3,GASSION (AVENUE FERNAND*,43.18475,5.60706
201500013469,7,10,15,15,1,13,28,2,1,1,1,"343, WILSON (AVENUE PRES",43.18116,5.61312
201500013470,11,10,15,12,1,13,28,2,3,1,1,CD 559 (CHEMIN DEPARTEME,43.1899,5.64334
201500013471,12,10,15,16,1,13,28,2,1,3,1,"222,*CHARRE (CHEMIN)",43.1975,5.63663
201500013472,15,10,15,12,1,13,28,2,1,1,1,"260, MEDITERRANNEE (AVEN",43.19073,5.6121
201500013473,17,10,15,16,1,13,28,1,3,1,5,"NS, CD 559 (CHEMIN DEPAR",43.18987,5.64332
201500013474,23,10,15,17,1,13,28,2,1,1,5,FONTSAINTE (AVENUE DE),43.19071,5.63929
201500013475,24,10,15,10,1,13,28,2,1,1,6,PEPINIERE (CHEMIN DE LA),43.18972,5.60225
201500013476,30,10,15,0,5,13,28,2,2,1,3,"14, CAMUGLI *AVENUE ANTO",43.18303,5.61266
201500013477,31,10,15,15,1,13,28,2,3,1,3,"211, SUBILIA (AVENUE ERN",43.18366,5.61017
201500013478,2,11,15,11,1,13,28,2,1,1,3,FERRY (AVENUE JULES ),43.18362,5.60123
201500013479,3,11,15,19,2,13,28,2,1,8,4,"NS, PUITS DE BRUNET (CHE",43.18916,5.60255
201500013480,7,11,15,17,2,13,28,2,1,1,1,DULAC (AVENUE GUILLAUME),43.1996,5.61845
201500013481,8,11,15,16,1,13,28,1,1,1,1,CRETES (ROUTES DES),43.18408,5.56602
201500013482,8,11,15,19,1,13,28,2,3,1,1,KENNEDY (AVENUE PRESIDEN,43.17896,5.60009
201500013483,9,11,15,15,1,13,28,2,1,1,1,"13, BEAU RIVAGE (BOULEVA",43.18729,5.62598
201500013484,10,11,15,10,1,13,28,2,1,1,2,"19, FRANCE (BOULEVARD AN",43.18221,5.61253
201500013485,14,11,15,16,1,13,28,1,1,1,3,CD 559 (CHEMIN DEPARTEME,43.18942,5.65076
201500013486,16,11,15,9,1,13,28,2,1,1,1,"815, LAVAUX (BOULEVARD D",43.19724,5.62745
201500013487,16,11,15,10,1,13,28,2,1,1,3,"502, DULAC (AVENUE GUILL",43.19003,5.60907
201500013488,18,11,15,18,5,13,28,2,1,1,1,"119, ROOSEVELT (AVENUE F",43.18478,5.61827
201500013489,19,11,15,16,1,13,28,2,1,1,1,"273-345, BODIN (AVENUE E",43.18795,5.60534
201500013490,21,11,15,12,1,13,28,2,1,1,1,WILSON (AVENUE PRESIDENT,43.17883,5.61113
201500013491,24,11,15,13,1,13,28,2,3,1,1,"414, GASSION (AVENUE FER",43.18036,5.60519
201500013492,27,11,15,18,3,13,28,1,1,1,3,"1753, ROUMANILLE (AVENUE",43.20171,5.62336
201500013493,28,11,15,15,1,13,28,2,6,1,3,DULAC (AVENUE GUILLAUME),43.19898,5.61681
201500013494,2,12,15,15,1,13,28,2,1,1,3,"226, KENNEDY (AVENUE PRE",43.17927,5.60189
201500013495,3,12,15,15,1,13,28,2,1,1,6,"297, Chemin Notre Dame d",43.16993,5.59462
201500013496,7,12,15,17,5,13,28,2,6,1,3,Rond Point DULAC/ROVARCH,43.19244,5.60948
201500013497,8,12,15,8,2,13,28,1,1,1,1,"2749, BODIN (AVENUE EMIL",43.2066,5.5847
201500013498,8,12,15,12,1,13,28,2,1,1,1,"973, GASSION **",43.18475,5.60706
201500013499,9,12,15,17,5,13,28,2,1,1,5,CD40B,43.19271,5.60329
201500013500,12,12,15,11,1,13,28,2,3,1,2,PUITS DE BRUNET (CHEMIN,43.18575,5.59973
201500013501,15,12,15,8,1,13,28,2,1,1,5,"1015, ROUMANILLE (AVENUE",43.20012,5.62244
201500013502,15,12,15,8,1,13,28,2,6,1,1,DULAC (AVENUE GUILLAUME,43.19899,5.61666
201500013503,16,12,15,12,1,13,28,2,1,1,5,"1660, POISSONNIERS**CHEM",43.20439,5.61642
201500013504,16,12,15,12,1,13,28,2,1,1,2,"55, ROUMANILLE (AVENUE J",43.19256,5.61783
201500013505,17,12,15,8,1,13,28,2,2,1,6,"21, CAMUSSO (AVENUE MARC",43.17875,5.59749
201500013506,17,12,15,9,1,13,28,2,1,1,3,"559, GASSION**AVENUE FER",43.18517,5.60733
201500013507,18,12,15,13,1,13,28,1,1,1,3,"1050, TRAMONTANE (AVENUE",43.20321,5.6056
201500013508,23,12,15,12,1,13,28,2,1,8,2,"38, REPUBLIQUE (BOULEVA",43.17682,5.60666
201500013509,15,3,15,19,3,13,47,1,1,3,5,"100, RN 1569",0.0,0.0
201500013510,2,12,15,1,3,13,98,1,1,1,2,D.5,0.0,0.0
201500013511,28,4,15,16,1,13,47,1,1,1,5,RN 1569,0.0,0.0
201500013512,24,1,15,0,3,13,63,1,1,1,7,D 10,0.0,0.0
201500013513,9,1,15,15,1,13,54,2,1,1,6,ROSTAND  RUE EDMOND,0.0,0.0
201500013514,11,4,15,22,3,13,54,2,2,1,3,JUIN  AVE MARECHAL,43.42087,5.22819
201500013515,19,1,15,18,2,13,54,2,1,2,6,DE GAULLE  AVE GAL DE,0.0,0.0
201500013516,11,4,15,23,5,13,54,2,2,1,3,GARROS  RUE ROLAND,43.41617,5.21916
201500013517,23,1,15,14,1,13,102,2,1,1,1,"59, MOULIN  BLD JEAN",43.41026,5.25288
201500013518,21,4,15,6,2,13,54,2,3,1,3,"21, COMBATTANT A.F.N.",0.0,0.0
201500013519,25,1,15,2,5,13,43,1,1,1,3,ROVE  AVENUE DU,43.38427,5.21904
201500013520,17,4,15,20,1,13,54,2,1,1,2,JUIN  AVE MARECHAL,0.0,0.0
201500013521,30,1,15,11,1,13,43,2,1,1,1,POUSARAQUE  AVENUE DE LA,0.0,0.0
201500013522,28,4,15,10,1,13,54,2,3,1,3,PLAGE  ROUTE DE LA,43.42693,5.21013
201500013523,2,2,15,18,3,13,54,2,1,8,1,BEUGONS  CHEMIN DES,0.0,0.0
201500013524,2,5,15,23,5,13,54,2,2,1,3,"35, LIBERATION  AVE DE L",43.41946,5.21791
201500013525,14,2,15,0,5,13,102,2,6,2,3,RICHAUDS  AVENUE DES,43.41923,5.25135
201500013526,17,5,15,8,1,13,54,2,1,1,6,"0, ESTEOU  CHEMIN DE L'",0.0,0.0
201500013527,19,2,15,17,2,13,43,2,1,1,3,POUSARAQUE  AVENUE DE LA,0.0,0.0
201500013528,3,6,15,7,1,13,54,1,3,1,3,MIRABEAU  CRS,43.41562,5.2167
201500013529,22,2,15,22,3,13,102,2,1,1,6,"164, BD DES REGANATS",0.0,0.0
201500013530,11,6,15,20,2,13,54,2,2,1,3,SALAN  AVE GENERAL,43.40369,5.21704
201500013531,10,3,15,15,1,13,54,2,1,1,6,"59, COMBATTANT A.F.N.",43.40204,5.25604
201500013532,23,6,15,19,1,13,102,2,3,1,1,FERRISSE  BLD ROBERT,43.41891,5.24415
201500013533,26,6,15,13,1,13,54,2,1,1,6,DE GAULLE  AVE GAL DE,0.0,0.0
201500013534,26,6,15,20,1,13,54,2,1,1,2,LIBERATION  AVE DE LA,0.0,0.0
201500013535,26,6,15,22,4,13,43,1,1,1,2,FERNANDEL  AVENUE,0.0,0.0
201500013536,2,7,15,20,1,13,43,2,3,1,3,"9, GRANETTES  RUE DES",43.39483,5.23961
201500013537,17,7,15,14,1,13,102,2,1,1,1,"1078, ABBADIE  BLD",43.41317,5.24908
201500013538,26,7,15,9,1,13,43,1,1,1,2,ROVE  AVENUE DU,0.0,0.0
201500013539,31,7,15,11,1,13,102,2,3,1,3,DUNANT  AVENUE HENRI,43.40502,5.25878
201500013540,6,8,15,16,1,13,102,1,1,1,1,JUIN  AVENUE MARECHAL,0.0,0.0
201500013541,9,9,15,17,1,13,54,2,1,1,1,"51, PYTHAGORE  RUE",43.40945,5.20395
201500013542,15,9,15,8,1,13,102,2,1,1,4,"37, MOULIN  BLD JEAN",43.41147,5.25141
201500013543,17,9,15,17,1,13,54,2,1,1,6,GARROS  RUE ROLAND,0.0,0.0
201500013544,17,9,15,10,1,13,54,2,1,2,6,CORRAO  AVENUE ROLAND,0.0,0.0
201500013545,22,9,15,9,1,13,43,1,1,1,2,"1184, MITTERAND  AV. FRA",43.39762,5.25457
201500013546,1,10,15,14,1,13,102,2,3,1,5,SYBILLES  RUE DES,43.41591,5.27207
201500013547,2,10,15,15,1,13,54,2,1,1,6,"19, DE GAULLE  AVE GAL D",0.0,0.0
201500013548,6,10,15,4,3,13,43,1,1,1,6,"1221, FRANCOIS MITTERAND",43.39789,5.25518