Num_Acc,jour,mois,an,hr,condition_eclairage,departement,commune,condition_agglomeration,intersection,condition_atmosphere,type_collision,adresse,lattitude,longitude
201500013549,9,10,15,11,1,13,54,2,1,1,6,"39, COMBATTANT A.F.N.",43.40693,5.22183
201500013550,13,10,15,16,1,13,102,2,1,1,3,RAUMARTIN  AVENUE DU,0.0,0.0
201500013551,13,10,15,19,3,13,54,1,6,1,3,CD9,0.0,0.0
201500013552,19,10,15,12,1,13,54,1,1,1,2,HUIT MAI 1945  AVE DU,0.0,0.0
201500013553,24,10,15,17,1,13,54,2,1,1,3,POULIDOR  RUE RAYMOND,43.42309,5.20796
201500013554,29,10,15,16,1,13,54,2,2,1,3,FIGUERAS  RUE DE,43.42111,5.20777
201500013555,5,11,15,18,3,13,43,1,1,1,4,FERNANDEL  AVENUE,0.0,0.0
201500013556,13,11,15,21,5,13,43,2,3,1,3,POUSARAQUE  AV DE LA,43.38792,5.2298
201500013557,24,11,15,17,2,13,43,2,1,1,4,,0.0,0.0
201500013558,26,11,15,12,1,13,102,1,1,1,1,ROMETTES (PARC D'ACTIVIT,0.0,0.0
201500013559,1,12,15,15,1,13,54,2,1,1,4,HUIT MAI 1945  AVE DU,0.0,0.0
201500013560,6,12,15,16,1,13,102,2,6,2,3,HUIT MAI 45  AVENUE DU,43.41862,5.22951
201500013561,7,12,15,19,4,13,54,2,3,1,6,COMBATTANT A.F.N.,0.0,0.0
201500013562,10,12,15,17,3,13,54,1,1,1,3,MARTIGUES  RTE DE,0.0,0.0
201500013563,13,12,15,10,1,13,54,2,1,1,1,DUBOS  RUE RENE,0.0,0.0
201500013564,31,12,15,23,5,13,55,2,1,1,6,"178, FRANCOISE DUPARC (B",43.30933,5.40298
201500013565,12,3,15,9,1,13,55,2,2,1,3,ITALIE (RUE D'),0.0,0.0
201500013566,2,1,15,19,5,13,55,2,6,1,6,"00, RPT DE MAZARGUES",43.2506,5.40345
201500013567,17,3,15,14,1,13,55,2,1,1,3,2 boulevard les peuplier,43.33727,5.3917
201500013568,17,3,15,14,1,13,55,2,1,1,5,"229, CHATEAU GOMBERT (AV",43.34612,5.42572
201500013569,17,3,15,15,1,13,55,2,2,1,7,"37, SAINT LOUIS (AVENUE",43.34406,5.35945
201500013570,13,3,15,10,1,13,55,2,2,1,3,ALBERT COHEN (RUE),43.36134,5.33725
201500013571,17,3,15,12,1,13,55,2,1,1,6,"70, JOSEPH AIGUIER (CHEM",43.25086,5.41339
201500013572,13,4,15,7,1,13,55,2,1,1,6,DUNKERQUE  (BOULEVARD DE,43.30838,5.36822
201500013573,17,3,15,16,1,13,55,2,1,1,3,"18, GASTON CREMIEUX (RUE",43.27932,5.37962
201500013574,27,12,15,15,1,13,55,2,1,1,3,SAINT PIERRE (RUE),0.0,0.0
201500013575,18,3,15,14,1,13,75,2,1,1,4,"23, JEAN GIONO (AVE)",43.34592,5.45486
201500013576,3,12,15,13,1,13,55,2,1,1,7,"22, LONGCHAMP (BOULEVARD",43.3011,5.38779
201500013577,18,3,15,17,1,13,55,2,1,1,1,"63, ROBERT SCHUMANN (AVE",43.30427,5.36693
201500013578,18,3,15,19,1,13,55,2,1,1,3,"221, CHATEAU GOMBERT (AN",43.34579,5.42482
201500013579,30,4,15,7,1,13,55,2,1,1,2,"601, SAINT PIERRE (RUE)",43.29063,5.42342
201500013580,14,3,15,10,1,13,55,2,2,1,3,ROUET (RUE DU),43.27545,5.39593
201500013581,18,3,15,15,1,13,55,2,3,1,3,"36, LOUIS SALVATOR (BOUL",43.29116,5.38303
201500013582,31,12,15,11,1,13,55,2,1,1,6,"41, TURCAT MERY ALLE (A",43.28088,5.38884
201500013583,17,3,15,13,1,13,55,2,2,1,3,"42, BRUYS (RUE DE)",43.29461,5.38897
201500013584,19,3,15,5,2,13,55,2,1,1,2,PEINTRES*ROUX (AVENUE DE,0.0,0.0
201500013585,19,3,15,7,1,13,55,2,3,1,2,"300, SAINTE MARGUERITE (",43.26175,5.41441
201500013586,19,3,15,10,1,13,55,2,1,1,3,"38, LESSEPS (RUE DE)",43.32025,5.37169
201500013587,16,3,15,8,1,13,55,2,1,1,3,"75, RABATAU (BOULEVARD)",43.27553,5.39603
201500013588,16,3,15,6,1,13,55,2,1,1,3,"31, VOLTAIRE    IMPAIRS",43.30279,5.38462
201500013589,19,3,15,16,1,13,2,2,1,1,6,"495, VALLON VERT (AVENUE",43.33638,5.45976
201500013590,19,3,15,17,1,13,55,2,9,1,6,"74, LODI (RUE DE)",43.28925,5.38734
201500013591,20,3,15,8,1,13,55,2,1,2,6,"06, LANTHIER (RUE)",43.30791,5.37208
201500013592,20,3,15,13,1,13,55,2,2,1,3,"34, FRANCOISE DUPARC (BO",43.30193,5.40054
201500013593,20,3,15,17,1,13,55,2,1,1,3,"8, BLANCARDE (BOULEVARD)",43.30267,5.39736
201500013594,20,3,15,22,5,13,75,2,2,1,3,"01, FR?D?RIC CHEVILLON (",43.34747,5.46376
201500013595,21,3,15,1,5,13,55,2,1,1,6,"03, CAILLOLS (AVENUE DES",43.2862,5.47694
201500013596,19,3,15,18,2,13,55,2,1,1,3,"82, MICHELET (BOULEVARD)",43.267,5.39441
201500013597,16,3,15,12,1,13,55,2,1,1,2,"230, MORGIOU (CHEMIN DE)",43.23431,5.41165
201500013598,20,3,15,13,1,13,55,2,1,1,3,"259, CAPELETTE (AVENUE D",43.27923,5.41175
201500013599,21,3,15,5,5,13,55,2,2,1,3,"70, CANEBIERE     1 A 79",43.29762,5.38109
201500013600,21,3,15,21,5,13,55,2,9,2,1,"69, LIBERATION (BOULEVAR",43.30027,5.38888
201500013601,22,3,15,3,5,13,55,2,1,2,3,"145, L?ON LACHAMP (ROUTE",43.24892,5.44214
201500013602,20,3,15,13,1,13,55,2,6,1,1,"62, HAIFA (AVENUE)",43.25023,5.3888
201500013603,17,3,15,11,1,13,2,1,1,8,6,"00, ETIENNE CUCCA-CD908",0.0,0.0
201500013604,3,6,15,9,1,13,2,1,1,8,6,"00, ETIENNE CUCCA-CD908",0.0,0.0
201500013605,17,3,15,12,1,13,55,2,1,1,6,"37, CAILLOLS (AVENUE DES",43.3038,5.42634
201500013606,16,3,15,18,1,13,55,2,1,2,6,"232, ROMAIN ROLLAND (BOU",43.27397,5.41428
201500013607,15,12,15,19,5,13,55,2,3,1,1,"62, LIEUTAUD (COURS)",43.2925,5.38262
201500013608,2,1,15,16,1,13,55,2,1,1,6,"226, BD ROMAIN ROLLAND",43.2742,5.41465
201500013609,23,3,15,15,1,13,55,2,1,1,1,"03, MAISON BLANCHE (TRAV",43.32854,5.37489
201500013610,19,3,15,9,1,13,55,2,3,1,3,"44, VALLON DE L (CHEMIN)",43.28222,5.36337
201500013611,23,3,15,10,1,13,55,2,2,1,1,"51, LIBERTE (BOULEVARD D",43.30218,5.38339
201500013612,11,1,15,14,1,13,55,2,1,1,7,"02, ALL DE LA MONTAGNETT",43.34857,5.37295
201500013613,23,3,15,11,1,13,55,2,1,1,3,"87, PARIS (BOULEVARD DE)",43.3092,5.37055
201500013614,23,3,15,19,5,13,55,2,1,1,6,"17, MILLIERE (BOULEVARD",43.28369,5.49372
201500013615,18,3,15,15,1,13,55,2,8,1,6,"20, COLBERT (RUE)",43.29929,5.37382
201500013616,24,3,15,16,1,13,55,2,1,8,3,PINS (ALLEE DES),43.25376,5.41534
201500013617,24,3,15,18,2,13,55,2,1,1,3,"79, ROMAIN ROLLAND (BOUL",43.27905,5.4227
201500013618,2,1,15,20,5,13,55,2,1,1,1,"45, TRA DE LA MONTRE",43.29404,5.4751
201500013619,24,3,15,19,5,13,55,2,1,1,6,"74, CLOVIS HUGUES (RUE)",43.31102,5.38462
201500013620,25,3,15,9,1,13,55,2,1,2,2,"384, MICHELET (BOULEVARD",43.25505,5.40093
201500013621,25,3,15,12,1,13,55,2,3,2,3,"300, PRADO (AVENUE)",43.2729,5.39076
201500013622,3,1,15,18,5,13,55,2,1,1,1,"343, BD ROMAIN ROLLAND",43.27124,5.40903
201500013623,22,3,15,11,1,13,55,2,1,1,6,"10, MENDES FRANCE (AVENU",0.0,0.0
201500013624,19,3,15,20,5,13,55,2,2,1,3,"00, ROLAND DORGELES (BO",43.34728,5.37838
201500013625,25,3,15,16,1,13,55,2,1,1,6,"150, CANEBIERE     70 A",43.29866,5.3841
201500013626,25,3,15,12,1,13,55,2,7,1,1,"278, OLIVES (AVENUE DES)",43.32352,5.44542
201500013627,25,3,15,21,4,13,55,2,1,1,3,"337, CORNICHE KENNEDY",43.27294,5.36295
201500013628,26,3,15,7,1,13,55,2,1,1,2,"280, MICHELET (BOULEVARD",43.26182,5.39733
201500013629,26,3,15,9,1,13,55,2,1,1,6,"105, CAMILLE PELLETAN (A",43.30662,5.37353
201500013630,5,1,15,9,1,13,55,2,1,1,6,"01, PCE DU DOCTEUR VAUTH",0.0,0.0
201500013631,6,1,15,10,1,13,55,2,2,1,3,"00, CV DE LA MILLIERE A",0.0,0.0
201500013632,26,3,15,18,1,13,55,2,2,1,6,"20, PIERRE PUGET (COURS)",43.29042,5.37577
201500013633,5,1,15,16,1,13,55,2,1,1,1,"25, PRO DU GRAND LARGE",43.2413,5.36341
201500013634,4,1,15,14,1,13,55,2,1,1,2,"121, AVE DE SAINT JULIEN",43.30709,5.42299
201500013635,26,3,15,21,5,13,55,2,3,1,3,"83, CAPELETTE (AVENUE DE",43.28229,5.40308
201500013636,5,1,15,14,1,13,55,2,3,1,3,"00, AVE DE MONTOLIVET",43.31355,5.41307
201500013637,26,3,15,13,1,13,55,2,1,1,1,"16, MICHELET (BOULEVARD)",43.27156,5.39159
201500013638,27,3,15,8,1,13,55,2,2,1,6,"63, AUDIENCE (RUE DE L')",43.29611,5.48662
201500013639,6,1,15,18,5,13,55,2,1,1,6,"07, SQ SIDI BRAHIM",43.29741,5.39847
201500013640,27,3,15,10,1,13,55,1,1,1,6,"6, HUVEAUNE (BOULEVARD D",43.27451,5.40872
201500013641,5,1,15,18,5,13,55,2,1,1,6,AVE RAIMU,0.0,0.0
201500013642,27,3,15,9,1,13,55,2,1,1,6,"363, PARADIS (RUE)",43.27743,5.38355
201500013643,27,3,15,18,1,13,55,1,1,1,2,"0, CHEMIN DU LITTORAL (C",0.0,0.0
201500013644,27,3,15,21,5,13,55,2,1,1,1,"120, ALPHONSE DAUDET (RU",43.32108,5.41037
201500013645,28,3,15,0,5,13,55,2,1,1,6,"181, MONTOLIVET (AVENUE",43.31223,5.4113
201500013646,3,1,15,12,1,13,55,2,1,1,2,"06, AVE DE CHATEAU GOMBE",43.3518,5.43408
201500013647,27,3,15,7,1,13,55,2,1,1,3,ALEX. FLEMING (BOULEVARD,0.0,0.0
201500013648,1,1,15,2,5,13,55,2,1,1,1,"01, RTE DES QUATRE SAISO",43.33101,5.48862
201500013649,28,3,15,14,1,13,55,2,1,1,6,"5, BONNET (TRAVERSE)",43.32852,5.42127
201500013650,6,1,15,21,5,13,55,2,1,1,7,"0, BD D ATHENES",0.0,0.0
201500013651,28,3,15,15,1,13,55,2,1,1,3,"166, CHARTREUX (AVENUE D",43.30895,5.40043
201500013652,28,3,15,15,1,13,55,1,1,1,6,"53, STRASBOURG (BOULEVAR",43.3084,5.37727
201500013653,22,3,15,21,5,13,55,2,1,1,3,"3, SAINT BARNABE (AVENUE",43.30396,5.40723
201500013654,7,1,15,7,5,13,55,2,1,1,6,"24, BD SCHLOESING",43.27441,5.39992
201500013655,27,3,15,19,5,13,55,2,1,6,6,", COMTESSE (BOULEVARD DE",43.31404,5.44742
201500013656,6,1,15,7,1,13,55,2,1,1,6,"67, RUE AVIATEUR LE BRIX",43.25912,5.40017
201500013657,24,3,15,8,1,13,55,2,1,1,6,"5, JOLIETTE (QUAI DE LA)",43.30378,5.36506
201500013658,2,1,15,23,5,13,55,2,3,1,6,"73, AVE DE LA VISTE",43.35745,5.35747
201500013659,30,3,15,9,1,13,55,2,1,1,6,"191, VALBARELLE (BOULEVA",43.28859,5.45359
201500013660,27,3,15,15,1,13,55,2,1,1,6,"19, CAPITAINE GEZE (BOUL",43.33029,5.37013
201500013661,24,3,15,19,5,13,55,2,3,1,3,"347, SAINT PIERRE (RUE)",43.29178,5.40749
201500013662,30,3,15,16,1,13,55,2,2,1,3,Avenue de la Barquière,43.24417,5.39643
201500013663,11,3,15,16,1,13,55,2,1,1,5,"330, SAINTE MARGUERITE (",0.0,0.0
201500013664,9,12,15,21,5,13,55,2,1,1,6,"168, SAINT PIERRE (RUE)",43.29239,5.39743
201500013665,30,3,15,20,2,13,55,2,1,1,6,ABBE LANFRANCHI (RUE),43.28688,5.45493
201500013666,9,1,15,18,5,13,55,2,1,1,6,"96, AVE DU MERLAN",43.34085,5.40745
201500013667,30,3,15,17,1,13,55,2,1,1,1,"9, TUILERIES (CHEMIN DES",43.35206,5.34201
201500013668,12,1,15,17,1,13,55,2,1,1,6,"01, QAI DE RIVE NEUVE",43.29406,5.374
201500013669,31,3,15,8,1,13,55,2,1,1,3,"279, CORNICHE KENNEDY",43.27772,5.35581
201500013670,8,1,15,21,5,13,55,2,2,1,3,"01, PCE ERNEST DELIBES",43.27908,5.38285
201500013671,31,3,15,8,1,13,55,2,1,1,3,ALBERT MARQUET (RUE),0.0,0.0
201500013672,6,1,15,17,2,13,55,2,1,1,6,"252, RTE DES TROIS LUCS",43.29901,5.48066
201500013673,31,3,15,9,1,13,55,2,3,1,2,"21, BAILLE (BOULEVARD)",43.28663,5.38626
201500013674,10,1,15,15,1,13,55,1,1,1,7,RTE LEON LACHAMP,0.0,0.0
201500013675,31,3,15,13,1,13,55,2,7,1,3,"1, SCHLOESING (BOULEVARD",43.27655,5.39941
201500013676,8,1,15,9,1,13,55,2,1,1,6,"12, PCE NOTRE DAME DU MO",43.29205,5.38396
201500013677,31,3,15,17,1,13,55,2,3,1,6,"226, ROGER SALENGRO (AVE",43.31996,5.36747
201500013678,12,1,15,13,1,13,55,2,2,1,6,"257, AVE DU PRADO",43.27622,5.3892
201500013679,31,3,15,21,5,13,55,2,2,1,3,"130, PRADO (AVENUE)",43.28039,5.3872
201500013680,8,1,15,13,1,13,55,2,1,1,4,"60, TRA PARANGON",43.24265,5.37829
201500013681,1,4,15,8,1,13,55,1,1,1,6,"48, PAUL CLAUDEL (BOULEV",43.26849,5.40907
201500013682,7,1,15,18,5,13,55,2,1,1,6,"393, AVE DU PRADO",43.26866,5.38566
201500013683,1,4,15,12,1,13,55,2,1,1,3,"00, ROVE (ROUTE DU)",0.0,0.0
201500013684,1,1,15,22,5,13,55,2,2,1,6,"00, AVE DU PRADO",43.27986,5.38684
201500013685,1,4,15,14,1,13,55,2,1,6,2,MENDES FRANCE (AVENUE),0.0,0.0
201500013686,1,4,15,13,1,13,55,2,1,1,3,"497, SAINT PIERRE (RUE)",43.29105,5.41749
201500013687,6,1,15,1,5,13,55,2,2,1,6,"01, BD LEDRU ROLLIN",43.34252,5.35967
201500013688,1,4,15,15,1,13,55,2,1,1,1,"74, JARRE (AVENUE DE LA)",43.23568,5.40331
201500013689,26,3,15,18,1,13,55,2,1,1,2,BAILLE (BOULEVARD),43.28885,5.39472
201500013690,1,4,15,18,1,13,55,2,2,1,6,"14, STANISLAS TORRENTS (",43.28898,5.37763
201500013691,2,4,15,7,1,13,55,2,1,1,6,"21, ALEX ANSALDI (RUE)",43.33532,5.40009
201500013692,7,1,15,11,1,13,55,1,1,1,6,"23, BD ERNEST GASQUY",43.30223,5.42266
201500013693,2,4,15,7,1,13,55,2,1,1,1,"127, OLIVES (AVENUE DES)",43.32669,5.43782
201500013694,25,3,15,16,1,13,55,1,7,1,7,"1, FRAIS VALLON (AVENUE)",43.32504,5.43425
201500013695,8,1,15,18,5,13,55,2,1,1,6,"64, BD DE LA COMTESSE",43.31501,5.44742
201500013696,2,4,15,16,1,13,55,2,1,1,1,CARAVELLE (RUE),43.3173,5.37106
201500013697,24,12,15,9,1,13,55,2,1,1,2,"310, CHATEAU GOMBERT CHE",43.34956,5.43129
201500013698,7,1,15,7,2,13,55,2,1,1,7,"22, MTE D' EOURES",43.3004,5.51199
201500013699,2,4,15,17,1,13,55,2,1,1,3,"100, JULES CANTINI (AVEN",43.28206,5.39077
201500013700,16,1,15,14,1,13,55,2,1,8,6,"38, AVE DES CAILLOLS",43.30399,5.42492
201500013701,2,4,15,21,5,13,55,2,1,1,6,"168, SAINT LOUIS (AVENUE",43.34895,5.35888
201500013702,2,4,15,8,1,13,55,2,1,1,7,"17, MARIUS THOMAS (BOULE",43.28481,5.36112
201500013703,13,1,15,19,3,13,55,2,1,1,6,"02, BD FRANCOISE DUPARC",43.3003,5.40072
201500013704,2,4,15,12,1,13,55,2,1,1,4,JEAN PAUL SARTRE (AVENUE,0.0,0.0
201500013705,12,1,15,20,5,13,55,2,1,1,2,"203, BD DE LA LIBERATION",43.30216,5.39476
201500013706,2,4,15,11,1,13,55,2,2,1,7,"65, LIBERATION (BOULEVAR",43.3002,5.38872
201500013707,3,4,15,13,1,13,55,2,1,1,7,L?ON LACHAMP (ROUTE),0.0,0.0
201500013708,8,1,15,9,1,13,55,2,1,1,6,"123, RUE PIERRE DOIZE",43.27674,5.42696
201500013709,3,4,15,12,1,13,55,2,1,1,3,ARNAVAUX (AVENUE DES),0.0,0.0
201500013710,13,1,15,9,1,13,55,2,1,1,6,"130, AVE JEAN PAUL SARTR",0.0,0.0
201500013711,3,4,15,15,1,13,55,1,1,1,3,"2, VALBARELLE (CHEMIN DE",43.28287,5.43317
201500013712,27,3,15,15,1,13,55,2,1,1,4,"30, MONTGRAND (RUE)",43.29152,5.37796
201500013713,9,1,15,21,5,13,55,2,1,1,6,"430, AVE DE LATTRE DE TA",43.24498,5.42483
201500013714,4,4,15,3,5,13,55,1,1,1,7,LAZARET (QUAI DU),0.0,0.0
201500013715,7,1,15,16,1,13,55,2,1,1,4,"01, BD DES BASSINS DE RA",43.32379,5.36089
201500013716,4,4,15,5,5,13,55,1,1,1,6,"86, BAILLE (BOULEVARD)",43.28756,5.38996
201500013717,21,1,15,17,5,13,55,2,1,3,6,"02, BD D ATHENES",43.29897,5.38092
201500013718,3,4,15,17,1,13,55,2,2,1,6,TIMONE (AVENUE DE LA),43.28692,5.41249
201500013719,4,4,15,5,5,13,55,2,1,1,6,LYON (RUE DE),0.0,0.0
201500013720,4,4,15,8,1,13,55,2,1,1,3,"43, REGATES (IMPASSE DES",43.24359,5.37089
201500013721,6,1,15,18,2,13,55,2,6,1,6,"467, CHE DU LITTORAL",43.35169,5.33973
201500013722,4,4,15,15,1,13,55,2,1,1,5,"68, CORNICHE KENNEDY",43.28581,5.35081
201500013723,4,1,15,23,5,13,55,2,1,1,6,"302, BD NATIONAL",43.31214,5.37677
201500013724,3,4,15,19,2,13,55,2,1,1,2,"30, JEAN MOULIN (BOULEVA",43.29003,5.39983
201500013725,3,1,15,12,1,13,55,2,3,1,1,"411, AVE DE SAINT ANTOIN",43.38331,5.35833
201500013726,1,4,15,11,1,13,55,2,1,1,6,"32, LEAU (BOULEVARD)",43.25528,5.38319
201500013727,10,4,15,13,1,13,55,2,1,1,3,"39, MASSENET (BOULEVARD)",43.34184,5.38064
201500013728,5,4,15,20,2,13,55,2,1,1,6,"00, PICON (RUE)",43.33147,5.39126
201500013729,24,1,15,15,1,13,55,2,1,1,2,"340, AVE DE LA CAPELETTE",43.27984,5.41615
201500013730,5,4,15,23,5,13,55,2,1,1,3,LITTORAL (CHEMIN DU),0.0,0.0
201500013731,24,1,15,5,5,13,55,2,1,1,6,"12, AVE DES CHARTREUX",43.30313,5.39736
201500013732,5,4,15,23,5,13,55,2,3,1,3,"171, BAILLE (BOULEVARD)",43.2898,5.39816
201500013733,23,1,15,22,5,13,55,2,1,1,6,"87, BD TELLENE",43.28505,5.36848
201500013734,1,4,15,18,1,13,55,2,1,1,6,PRADO (AVENUE),43.28498,5.38393
201500013735,6,4,15,16,1,13,55,2,1,1,5,"167, ROVE (ROUTE DU)",0.0,0.0
201500013736,6,4,15,22,5,13,55,2,3,1,5,"101, CORNICHE KENNEDY",43.28836,5.35307
201500013737,28,1,15,11,1,13,55,1,1,1,1,"3 virages, RTE LEON LACH",0.0,0.0
201500013738,7,4,15,9,1,13,55,2,1,1,2,"20, COLGATE (TRAVERSE)",43.23436,5.40944
201500013739,7,4,15,8,1,13,55,2,3,1,3,BELSUNCE (COURS),43.29743,5.3771
201500013740,7,4,15,10,1,13,55,2,1,1,6,"136, PAUL CLAUDEL (BOULE",43.26827,5.41388
201500013741,6,4,15,18,1,13,55,2,2,1,3,"9, ROTONDE (RUE DE LA)",43.30048,5.3832
201500013742,7,4,15,12,1,13,55,2,1,1,2,"12, LIEUTAUD (COURS)",43.29527,5.38172
201500013743,7,4,15,15,1,13,55,1,1,1,2,MALLONIERS (AVENUE),0.0,0.0
201500013744,28,1,15,16,1,13,55,2,6,1,6,"07, AVE DE LA CAPELETTE",43.28356,5.39912
201500013745,6,4,15,17,1,13,55,2,1,1,2,"90, CANEBIERE    81 A FI",43.29786,5.38176
201500013746,10,1,15,2,5,13,55,2,2,1,6,"08, RUE BRETEUIL",43.29242,5.37494
201500013747,7,4,15,16,1,13,55,2,1,1,6,JEAN PAUL SARTRE (AVENUE,0.0,0.0
201500013748,29,1,15,6,5,13,55,2,1,1,6,"310, BD DE SAINT MARCEL",43.28623,5.4739
201500013749,7,4,15,16,1,13,55,2,1,1,6,"1, FRAN?OISE DUPARC (BOU",43.30078,5.40067
201500013750,7,4,15,18,1,13,55,2,1,1,6,"41, CANEBIERE     1 A 79",43.29629,5.37737
201500013751,7,4,15,19,1,13,55,2,2,1,3,MIMET (CHEMIN DE),43.37937,5.35774
201500013752,15,1,15,16,2,13,55,2,1,1,6,"47, AVE SAINT PAUL",43.32824,5.40689
201500013753,7,4,15,22,5,13,55,2,1,1,1,"0, RAYMOND TEISSERE (RUE",0.0,0.0
201500013754,8,4,15,8,1,13,55,2,1,1,3,"397, ROMAIN ROLLAND (BOU",43.2699,5.40602
201500013755,8,4,15,16,1,13,55,2,1,1,6,LEDRU ROLLI (BOULEVARD),0.0,0.0
201500013756,16,1,15,14,1,13,55,2,1,8,6,"76, RUE DE LODI",43.28919,5.38739
201500013757,8,4,15,18,1,13,55,2,1,1,7,"5, BAILLE (BOULEVARD)",43.28629,5.38486
201500013758,1,4,15,3,5,13,55,2,1,1,6,"2, AUGUSTIN AUBERT (RUE)",43.26889,5.40322
201500013759,9,4,15,2,5,13,55,2,1,1,1,"00, PLOMBIERES (BOULEVAR",0.0,0.0
201500013760,2,4,15,9,1,13,55,2,1,1,1,"60, VOLTAIRE    PAIRS (B",43.30338,5.38577
201500013761,9,4,15,11,1,13,55,1,1,1,3,"1, 24 AVRIL 15 (AVENUE D",43.30762,5.42545
201500013762,28,3,15,12,1,13,55,2,1,1,6,"41, ANTOINE FORTUNE MARI",43.23752,5.40428
201500013763,9,4,15,19,1,13,55,2,1,1,7,SAINT JULIEN (AVENUE DE,43.30729,5.42394
201500013764,10,4,15,0,5,13,2,2,1,1,7,"00, PROVENCE (AVENUE DE)",0.0,0.0
201500013765,10,4,15,0,5,13,55,2,1,1,6,"8, JEAN LOMBARD (AVENUE)",43.28931,5.42733
201500013766,14,11,15,21,5,13,55,2,9,1,3,"6, ROGER BRUN (RUE)",43.28671,5.39036
201500013767,9,4,15,16,1,13,55,1,1,1,6,"107, POILUS (AVENUE DES)",43.32402,5.45606
201500013768,4,4,15,9,1,13,55,2,1,1,3,"126, ADRIEN LEGROS (ROND",0.0,0.0
201500013769,16,1,15,16,1,13,55,2,1,2,6,"02, AVE VINCENT VAN GOGH",43.29897,5.42939
201500013770,10,4,15,16,1,13,55,2,1,1,1,"58, COROT (AVENUE)",43.32253,5.40687
201500013771,17,1,15,17,5,13,55,2,1,1,6,"00, BD CHARLES LIVON",0.0,0.0
201500013772,10,4,15,23,5,13,55,2,1,1,6,"13, MADON (RUE)",43.29429,5.3998
201500013773,30,3,15,13,1,13,55,2,1,1,3,VISTE (AVENUE DE LA),0.0,0.0
201500013774,10,4,15,10,1,13,55,2,3,1,3,NICOLAS APPERT (RUE),43.33967,5.4146
201500013775,1,1,15,17,2,13,55,2,1,1,6,"23, BD DE MONTRICHER",43.30552,5.39339
201500013776,11,4,15,13,1,13,55,2,1,1,6,MICHELET (BOULEVARD),0.0,0.0
201500013777,11,4,15,15,1,13,55,2,1,1,3,"00., MICHELET (BOULEVARD",0.0,0.0
201500013778,16,1,15,18,5,13,106,2,3,3,6,"02, 8 MAI 1945 (AVENUE D",0.0,0.0
201500013779,11,4,15,17,1,13,55,2,1,1,2,"340, ROMAIN ROLLAND (BOU",43.2708,5.40795
201500013780,2,1,15,18,3,13,55,2,1,1,6,"31, PRO GEORGES POMPIDOU",43.2661,5.37291
201500013781,11,4,15,21,5,13,55,2,1,1,1,"01, LIBERATION (BOULEVAR",43.29911,5.38542
201500013782,13,1,15,9,1,13,55,2,1,1,2,"07, CHE DES AMARYLLIS",43.3175,5.43925
201500013783,11,4,15,18,1,13,55,2,1,1,3,"1, LIEUTAUD (COURS)",43.2958,5.38156
201500013784,7,4,15,8,1,13,55,2,1,1,6,"145, BAILLE (BOULEVARD)",43.28861,5.39378
201500013785,1,2,15,19,5,13,55,2,1,1,6,"141, AVE DE HAMBOURG",43.24705,5.3935
201500013786,10,4,15,16,1,13,55,2,1,1,6,"19, CIGALES (AVENUE DES)",43.31119,5.42101
201500013787,2,2,15,11,1,13,55,2,1,1,5,"00, CHE DE LA PARETTE",0.0,0.0
201500013788,12,4,15,11,1,13,55,2,1,1,6,"12, PORT (QUAI DU)",43.29629,5.37317
201500013789,26,3,15,16,1,13,55,2,1,1,6,"22, BOSSUET (RUE)",43.28481,5.37879
201500013790,2,2,15,18,5,13,55,2,1,1,1,"43, AVE DE SAINT JEROME",43.32974,5.41901
201500013791,26,3,15,18,1,13,55,2,2,1,3,"39, ENDOUME (RUE D')",43.28984,5.36628
201500013792,17,1,15,14,1,13,55,2,1,1,6,"141, AVE DE HAMBOURG",43.24705,5.39349
201500013793,7,4,15,18,1,13,55,2,6,1,6,"00, MERY (RUE)",43.29925,5.3715
201500013794,13,1,15,18,2,13,55,2,1,1,6,"112, AVE WILLIAM BOOTH",43.2957,5.44637
201500013795,12,4,15,20,5,13,55,2,1,1,3,"20, CRIMEE (RUE DE)",43.30572,5.38209
201500013796,10,1,15,18,5,13,55,2,1,1,6,"125, AVE DE MAZARGUES",43.26658,5.38981
201500013797,12,4,15,23,5,13,55,2,1,1,3,WILLIAM BOOTH (AVENUE),43.29604,5.44641
201500013798,13,4,15,0,5,13,55,2,1,1,5,"133, TIMONE (AVENUE DE L",43.28657,5.40958
201500013799,12,4,15,11,1,13,55,2,3,1,3,"09, RIVE NEUVE (QUAI DE)",43.29345,5.37148
201500013800,24,1,15,15,1,13,55,2,2,1,6,"02, RUE SAINTE CECILE",43.28671,5.39037
201500013801,13,4,15,7,1,13,55,2,1,1,5,"07, STRASBOURG (BOULEVAR",43.30715,5.37519
201500013802,21,1,15,17,1,13,55,2,1,3,6,"74, CRS GOUFFE",43.28538,5.3901
201500013803,13,4,15,9,1,13,55,2,9,1,3,"117, BAILLE (BOULEVARD)",43.288,5.39154
201500013804,13,4,15,11,1,13,55,2,2,1,6,Boulevard des Platanes,43.27133,5.40911