Num_Acc,jour,mois,an,hr,condition_eclairage,departement,commune,condition_agglomeration,intersection,condition_atmosphere,type_collision,adresse,lattitude,longitude
201500013805,12,4,15,19,1,13,55,2,1,1,3,"320, PRADO (AVENUE)",43.2721,5.39032
201500013806,13,4,15,20,2,13,55,2,3,1,2,"235, LYON (RUE DE)",43.33344,5.3641
201500013807,13,4,15,22,5,13,55,2,1,1,2,"44, JULES CANTINI (AVENU",43.28369,5.38784
201500013808,12,4,15,18,1,13,55,1,1,1,4,"2, RAMPE SAINT MAURICE",43.29058,5.36364
201500013809,11,4,15,1,5,13,55,2,6,1,3,"99, SAKAKINI (BOULEVARD)",43.29353,5.40166
201500013810,7,1,15,17,3,13,55,2,2,1,6,"100, RUE JAUBERT",43.29783,5.39322
201500013811,14,4,15,13,1,13,55,2,1,1,3,"1, PARETTE (PLACE DE LA)",43.29716,5.42344
201500013812,14,4,15,18,1,13,55,2,3,1,3,"11, RIVE NEUVE (QUAI DE)",43.29334,5.37112
201500013813,13,4,15,12,1,13,55,2,3,1,1,"256, TOULON (AVENUE DE)",43.28344,5.39696
201500013814,14,1,15,16,1,13,55,2,1,1,6,"058, TRA POURRIERE",43.24347,5.38463
201500013815,14,4,15,10,1,13,55,2,1,1,4,"158, LIEUTAUD (COURS)",43.28783,5.38474
201500013816,15,1,15,12,1,13,55,2,1,1,2,"132, RUE JULES ISAAC",43.25004,5.40257
201500013817,15,4,15,7,1,13,55,2,6,1,3,"120, HAMBOURG (BOULEVARD",43.25015,5.38912
201500013818,11,1,15,14,1,13,55,2,2,1,6,"155, RUE PEYSSONNEL",43.31405,5.36894
201500013819,15,4,15,7,1,13,55,2,1,1,1,"722, JEAN QUEILLAU (RUE)",43.33705,5.38586
201500013820,12,1,15,17,2,13,55,2,1,1,2,"00, BD SAKAKINI",0.0,0.0
201500013821,15,4,15,8,1,13,55,2,1,1,3,"1, FRAIS VALLON (AVENUE)",43.32504,5.43425
201500013822,15,1,15,20,5,13,55,2,1,1,6,"76, RUE DE LA REPUBLIQUE",43.30192,5.36943
201500013823,2,4,15,14,1,13,55,2,2,1,3,"7, BEL AIR (RUE)",43.2896,5.3824
201500013824,21,1,15,13,1,13,55,2,1,3,7,RAM SAINT MAURICE,0.0,0.0
201500013825,8,4,15,12,1,13,55,2,2,1,3,"65, LIBERATION (BOULEVAR",43.3002,5.38872
201500013826,16,1,15,18,3,13,55,2,1,2,6,"109, AVE DE LA CAPELETTE",43.28171,5.40438
201500013827,15,4,15,19,1,13,55,2,1,1,6,"197, CORNICHE KENNEDY",43.28351,5.35021
201500013828,24,1,15,16,1,13,55,2,3,1,6,"18, BD CHARLES NEDELEC",43.30247,5.37719
201500013829,9,4,15,13,1,13,55,2,1,1,2,"238, CORNICHE KENNEDY",43.28006,5.35373
201500013830,20,1,15,4,5,13,55,2,1,2,7,"00, BD CHARLES LIVON",0.0,0.0
201500013831,13,4,15,22,5,13,55,2,1,1,2,"171, TOULON (AVENUE DE)",43.2834,5.39756
201500013832,7,1,15,16,1,13,55,2,1,1,4,"90, CRS GOUFFE",43.28524,5.39076
201500013833,16,4,15,1,5,13,55,1,1,1,6,"12, JEAN LOMBARD (AVENUE",43.28962,5.42684
201500013834,30,12,15,21,5,13,55,2,1,1,3,"20, LON GAMBETTA (ALLEE",43.2991,5.38201
201500013835,14,4,15,19,1,13,55,2,1,1,3,"92, PONT DE VIVAUX (BOUL",43.28089,5.42193
201500013836,22,1,15,18,5,13,55,2,3,1,6,"41, VOI LA CANEBIERE",43.29638,5.37765
201500013837,15,4,15,16,1,13,2,1,1,1,2,QUATRE SAISONS (ROUTE DE,0.0,0.0
201500013838,31,12,15,0,5,13,55,2,2,1,3,"180, AYGALADES (AVENUE D",43.34632,5.36611
201500013839,18,1,15,14,1,13,55,2,1,1,2,"01, RPT PIERRE PARAF",43.33012,5.38903
201500013840,14,4,15,16,1,13,55,2,1,1,6,"32, L?ON GAMBETTA (ALLEE",43.29907,5.38265
201500013841,9,1,15,9,1,13,55,2,1,1,6,"148, BD DE LA LIBERATION",43.30168,5.39325
201500013842,16,4,15,7,1,13,55,2,1,1,2,JEAN QUEILLAU (RUE),43.33283,5.38595
201500013843,15,1,15,13,1,13,55,2,1,1,7,AVE SALVADOR ALLENDE,0.0,0.0
201500013844,10,4,15,18,1,13,55,2,1,1,3,"22, AUBEPINES (ALLEE DES",43.28135,5.54218
201500013845,22,1,15,8,1,13,55,2,1,1,6,"33, AVE ELLEON",43.28385,5.44278
201500013846,16,4,15,13,1,13,55,2,1,1,3,"111, PIERRE DOIZE  (RUE)",43.27746,5.42745
201500013847,21,1,15,20,5,13,55,2,1,2,6,"106, BD DANIELLE CASANOV",43.32557,5.37416
201500013848,16,4,15,8,1,13,106,1,1,1,1,PIGEONNIER (CHEMIN DU),43.4085,5.35297
201500013849,22,1,15,7,5,13,55,2,1,1,1,RUE LE CHATELIER,0.0,0.0
201500013850,16,4,15,14,1,13,55,2,1,1,3,"11, RABATAU (BOULEVARD)",43.27308,5.39221
201500013851,22,1,15,12,1,13,55,2,1,1,6,"15, AVE DES OLIVES",43.32947,5.43031
201500013852,16,4,15,13,1,13,55,2,1,1,2,"366, MAZARGUES (AVENUE D",43.25915,5.39415
201500013853,20,1,15,17,2,13,55,2,1,2,4,"54, AVE DE CHATEAU GOMBE",43.35158,5.43741
201500013854,16,4,15,19,1,13,55,1,1,1,3,"243, NATIONAL (BOULEVARD",43.31079,5.37848
201500013855,26,1,15,0,5,13,55,2,3,1,6,"23, RUE DE LA GUADELOUPE",43.2813,5.37524
201500013856,16,4,15,23,5,13,55,2,1,1,6,"25, RAYMOND TEISSERE (RU",43.2738,5.39839
201500013857,10,4,15,23,5,13,55,2,1,1,2,"95, POMPIDOU (PROMENADE)",43.26277,5.37431
201500013858,2,1,15,18,5,13,55,2,1,1,6,"00, BD DE LA POMME",0.0,0.0
201500013859,16,4,15,10,1,13,55,2,2,8,1,SAINT BARNABE (AVENUE DE,43.30428,5.41306
201500013860,21,1,15,8,1,13,55,2,1,3,4,"231, RUE PIERRE DOIZE",43.27188,5.42775
201500013861,3,4,15,12,1,13,55,2,1,1,5,"125, FRAN?OISE DUPARC (B",43.30666,5.40086
201500013862,23,1,15,18,5,13,55,2,1,1,7,"00, BD DE PONT DE VIVAUX",0.0,0.0
201500013863,15,4,15,17,1,13,55,2,1,1,1,"01, CHUTES LAVI (AVENUE)",43.31177,5.39604
201500013864,22,1,15,16,1,13,55,2,1,1,6,"25, AVE DE FRAIS VALLON",43.32528,5.43348
201500013865,9,6,15,12,1,13,55,2,1,1,2,9 VAUDOYER (AVENUE),43.29757,5.36363
201500013866,17,4,15,9,1,13,55,2,6,2,6,HAMBOURG (BOULEVARD),43.25038,5.38877
201500013867,24,1,15,21,5,13,55,2,1,1,1,"128, RUE AUGUSTIN AUBERT",43.26411,5.40418
201500013868,7,4,15,8,1,13,55,2,6,1,1,"00, ARTHUR SCOTT (AVENUE",43.2812,5.39546
201500013869,17,4,15,14,1,13,55,2,1,1,6,BIR HAKEIM (RUE),0.0,0.0
201500013870,17,4,15,15,1,13,55,2,1,1,6,"10, STRASBOURG (PLACE)",43.30627,5.37417
201500013871,9,2,15,7,2,13,75,2,1,1,6,"147, FREDERIC MISTRAL (A",43.35188,5.47577
201500013872,17,4,15,18,1,13,55,2,1,1,3,"47, ROGER SALENGRO (AVEN",43.31184,5.37231
201500013873,17,4,15,20,1,13,55,2,2,1,3,"66-68, CANEBIERE    30 A",43.2976,5.381
201500013874,18,4,15,8,1,13,55,2,2,1,3,"118, ROGER SALENGRO (AVE",43.31453,5.37051
201500013875,18,4,15,7,1,13,55,2,7,1,7,"4, CAIRE (PLACE DU)",43.30379,5.4189
201500013876,19,1,15,10,1,13,55,2,3,2,6,"01, RUE PAUL GONDARD",43.2911,5.38177
201500013877,12,1,15,16,1,13,55,2,1,1,6,"59, AVE SAINT PAUL",43.32824,5.40689
201500013878,18,4,15,13,1,13,55,2,1,1,3,"33, MARÉCHAL JUIN (BOULE",43.31266,5.40485
201500013879,16,1,15,12,1,13,55,2,1,1,6,"33, BD ROLAND DORGELES",43.34718,5.37849
201500013880,24,3,15,15,1,13,55,2,6,1,7,"5, HAMBOURG (BOULEVARD)",43.25429,5.38239
201500013881,20,1,15,17,1,13,55,2,1,1,6,"10, AVE DE LA CROIX ROUG",43.33015,5.42979
201500013882,19,4,15,7,1,13,55,1,1,1,4,SCHLOESING (BOULEVARD),0.0,0.0
201500013883,19,4,15,8,1,13,55,2,1,1,3,"9, GASTON RAMON (BOULEVA",0.0,0.0
201500013884,16,1,15,19,5,13,55,2,1,2,6,"160, BD HENRI BARNIER",43.36995,5.34594
201500013885,17,1,15,10,1,13,55,2,1,1,6,AVE SALVADOR ALLENDE,0.0,0.0
201500013886,21,3,15,8,1,13,55,2,2,1,3,"31, L?ON GAMBETTA (ALLEE",43.29909,5.38261
201500013887,13,1,15,13,1,13,55,2,1,1,6,"78, AVE DES CHUTES LAVIE",43.31454,5.39753
201500013888,18,4,15,18,1,13,55,2,3,1,1,ALEXANDRE DUMAS (RUE),43.26365,5.38945
201500013889,8,2,15,1,5,13,55,2,1,1,6,"0, RUE AVIATEUR LE BRIX",0.0,0.0
201500013890,19,4,15,18,1,13,55,2,1,8,6,"215, CHAVE (BOULEVARD)",43.29587,5.40051
201500013891,19,11,15,10,1,13,55,1,1,1,6,ORGUES (RUE DES),43.29984,5.3993
201500013892,19,4,15,17,1,13,55,2,1,2,5,"1, ALEX. FLEMING (BOULEV",43.31489,5.38791
201500013893,19,4,15,20,5,13,55,2,3,1,3,CLOT BEY (AVENUE),43.2623,5.3878
201500013894,26,1,15,4,5,13,55,2,1,1,7,"234, AVE DES OLIVES",43.32438,5.44294
201500013895,7,4,15,16,1,13,55,2,1,1,6,"57, CABOT (BOULEVARD)",43.25855,5.41746
201500013896,19,4,15,16,1,13,55,2,2,1,3,"112, PONT DE VIVAUX (BOU",43.2816,5.42702
201500013897,20,4,15,9,1,13,55,2,7,1,6,"2, PAUL PEYTRAL (BOULEVA",43.29056,5.37994
201500013898,2,2,15,14,1,13,55,2,3,1,6,"626, RUE SAINT PIERRE",43.29011,5.42581
201500013899,20,4,15,9,1,13,55,2,1,1,6,"213, KADDOUZ (CHEMIN)",43.31736,5.43816
201500013900,24,1,15,10,1,13,55,2,1,1,6,"417, AVE DE SAINT ANTOIN",43.38411,5.3585
201500013901,9,4,15,12,1,13,55,2,1,1,2,"00, CORDERIE (BOULEVARD",0.0,0.0
201500013902,20,4,15,21,5,13,55,2,2,1,3,LOUIS ASTRUC (RUE),43.294,5.39577
201500013903,19,4,15,23,5,13,55,2,1,1,3,"51, BOUYALA D'ARNAUD (BO",43.29759,5.44092
201500013904,24,1,15,16,1,13,55,2,1,1,6,"35, AVE DE LA CROIX ROUG",43.33105,5.43178
201500013905,15,4,15,11,1,13,55,2,3,1,6,"246, MADRAGUE VILLE (RUE",43.33247,5.35889
201500013906,3,1,15,13,1,13,55,2,1,1,6,"35, RUE ADOLPHE THIERS",43.29744,5.38537
201500013907,9,4,15,16,1,13,55,2,1,1,7,"19, ANDR? POGGIOLI (RUE)",43.29352,5.38525
201500013908,21,4,15,14,1,13,55,2,1,1,3,"7, GAROUTTE (BOULEVARD)",43.30526,5.41302
201500013909,2,4,15,18,1,13,55,2,5,1,3,"2, JULES CANTINI (AVENUE",43.27757,5.39896
201500013910,21,4,15,20,1,13,75,2,2,1,3,"00, FRÉDÉRIC CHEVILLON (",43.34747,5.46376
201500013911,19,1,15,9,1,13,55,2,1,2,6,"779, AVE DE MAZARGUES",43.24822,5.39904
201500013912,7,1,15,11,1,13,55,2,1,1,6,"160, AVE DES PEINTRES RO",43.30024,5.47693
201500013913,21,4,15,22,5,13,55,1,1,1,3,STRASBOURG (BOULEVARD),0.0,0.0
201500013914,20,1,15,21,5,13,55,2,1,1,6,"00, CHE DE LA COLLINE SA",0.0,0.0
201500013915,10,4,15,11,1,13,55,2,1,1,6,NATIONAL (BOULEVARD),43.31433,5.37338
201500013916,21,4,15,19,1,13,55,2,1,1,3,"1, CAP JANET (CHEMIN)",43.34081,5.3523
201500013917,24,3,15,10,1,13,55,1,1,1,1,FLORIAN (AVENUE),43.28177,5.42752
201500013918,22,4,15,7,1,13,55,2,1,1,6,BAILLE (BOULEVARD),43.29011,5.39931
201500013919,28,1,15,11,1,13,55,2,1,1,7,"34, BD DU REDON",43.25621,5.41982
201500013920,22,4,15,21,5,13,55,2,2,1,3,"20, GAILLARD (BOULEVARD)",43.31283,5.41798
201500013921,29,1,15,13,1,13,55,2,1,2,6,RUE LOUIS REGIS,0.0,0.0
201500013922,17,4,15,8,1,13,55,2,1,1,3,"00, NOTRE DAME (BOULEVAR",0.0,0.0
201500013923,28,1,15,12,1,13,55,2,1,1,1,"00, AVE DE LA VISTE",0.0,0.0
201500013924,8,4,15,15,1,13,55,2,1,1,2,"39, GRIGNAN (RUE)     12",43.29218,5.37718
201500013925,23,4,15,8,1,13,55,2,1,1,2,"86, FAUVETTES (BOULEVARD",43.31723,5.43859
201500013926,22,4,15,10,1,13,55,2,1,1,2,"23, NOEL COLL (AVENUE)",43.28415,5.44399
201500013927,23,4,15,8,1,13,55,1,1,1,6,"20, MERLAN (AVENUE)",43.33327,5.40727
201500013928,19,1,15,8,1,13,55,2,1,3,2,"14, BD DE LA FABRIQUE",43.25353,5.39521
201500013929,23,4,15,15,1,13,55,2,1,1,2,"4, GUEIDON (BOULEVARD)",43.32158,5.42053
201500013930,28,1,15,11,1,13,55,2,1,1,2,"220, RUE CHARLES KADDOUZ",43.31733,5.43816
201500013931,23,4,15,18,1,13,55,2,1,1,3,"13, STRASBOURG (BOULEVAR",43.3072,5.37528
201500013932,23,1,15,21,5,13,55,2,6,1,6,"75, BD PIERRE MENARD",43.29103,5.44176
201500013933,28,1,15,8,1,13,55,2,1,1,4,"58, MTE DE SAINT MENET",43.29353,5.49391
201500013934,23,4,15,20,1,13,55,2,1,1,6,HENRI BEYLE (RUE),0.0,0.0
201500013935,27,1,15,19,5,13,55,2,1,1,6,"171, AVE DES OLIVES",43.32576,5.44096
201500013936,11,4,15,15,1,13,55,2,1,1,4,"178, MAR?CHAL JUIN (BOUL",43.30942,5.40301
201500013937,24,4,15,7,1,13,55,2,1,1,3,"4, ARENC (QUAI D')",0.0,0.0
201500013938,23,1,15,9,1,13,55,2,1,1,2,"00, BD ROLAND DORGELES",0.0,0.0
201500013939,28,1,15,21,5,13,55,2,2,1,3,"00, BD DES BASSINS DE RA",43.32683,5.35835
201500013940,24,4,15,7,1,13,55,1,1,1,6,"155, BAILLE (BOULEVARD)",43.28963,5.39753
201500013941,17,4,15,16,1,13,55,2,3,1,6,"172, SAINT MARCEL (BOULE",43.2876,5.46503
201500013942,22,1,15,8,1,13,55,2,1,1,6,"01, RUE JACQUES PICON",0.0,0.0
201500013943,24,4,15,7,1,13,55,2,1,1,3,"218, BAILLE (BOULEVARD)",43.28937,5.39656
201500013944,24,4,15,9,1,13,55,2,1,1,6,"10, JEANNE D'ARC (BOULEV",43.29408,5.39923
201500013945,26,1,15,14,1,13,55,2,3,1,6,"01, RUE DU ROI RENE",43.24598,5.4183
201500013946,24,4,15,16,1,13,55,2,2,1,3,"38, MARÉCHAL FOCH (AVENU",43.2998,5.40076
201500013947,27,1,15,14,1,13,55,2,1,1,6,"19, CRS JOSEPH THIERRY",43.30074,5.38667
201500013948,24,4,15,17,1,13,55,2,2,1,3,RUFFI (RUE DE),43.3116,5.37134
201500013949,26,1,15,14,1,13,55,2,1,1,7,"02, RUE BAPTISTIN FOUQUE",43.28674,5.35604
201500013950,20,1,15,8,1,13,55,2,1,2,6,"66, BD NOTRE DAME",43.28727,5.37366
201500013951,24,4,15,19,1,13,55,2,1,1,5,"1, PLOMBIERES (BOULEVARD",0.0,0.0
201500013952,26,1,15,17,5,13,55,2,1,1,6,"72, AVE DE LA CAPELETTE",43.28196,5.40374
201500013953,17,4,15,13,1,13,55,2,1,1,1,LOUIS MALOSSE (AVENUE),0.0,0.0
201500013954,25,4,15,5,1,13,55,2,1,1,6,POMME (BOULEVARD DE LA ),0.0,0.0
201500013955,25,4,15,5,5,13,55,2,1,2,6,"124, LYON (RUE DE)",43.30017,5.4199
201500013956,13,2,15,5,5,13,55,2,1,1,6,"02, CRS LIEUTAUD",43.29615,5.38143
201500013957,21,4,15,7,1,13,55,2,1,1,3,"26, PIERRE ROCHE (RUE)",43.30935,5.40312
201500013958,13,2,15,11,1,13,55,2,1,8,5,"134, BD MICHELET",43.26591,5.39531
201500013959,21,4,15,9,1,13,55,2,1,1,7,"58, COMMANDERIE (CHEMIN)",43.34098,5.36272
201500013960,14,2,15,7,2,13,55,2,6,8,6,"01, RPT VERRERIE LAFFON",43.3124,5.46489
201500013961,26,4,15,22,5,13,55,2,1,1,6,"27, DÉSIRÉ BIANCO (AVENU",43.28737,5.4252
201500013962,13,1,15,9,1,13,55,2,2,1,6,"247, CHE DE LA MADRAGUE",43.33309,5.35864
201500013963,27,4,15,0,5,13,55,2,2,1,3,ARMENY (RUE D'),43.29919,5.3751
201500013964,18,1,15,9,1,13,55,2,1,1,6,"35, CHE DE SAINT JOSEPH",43.34254,5.38619
201500013965,15,1,15,7,5,13,55,2,1,1,6,"148, CHE DE LA MADRAGUE",43.32749,5.3602
201500013966,25,4,15,19,1,13,55,2,1,1,2,"99, PARADIS (RUE)",43.28931,5.37855
201500013967,19,4,15,13,1,13,55,2,2,2,3,"55, DAMES (BOULEVARD DES",43.30313,5.36637
201500013968,16,1,15,16,1,13,55,2,1,1,6,"00, AVE DES OLIVES",0.0,0.0
201500013969,16,1,15,14,1,13,55,2,1,1,6,"00, BD NATIONAL",0.0,0.0
201500013970,2,4,15,16,1,13,55,2,3,1,6,"15, BERCEAU (RUE)",43.28819,5.3952
201500013971,21,4,15,14,1,13,55,2,2,1,3,"35, EVECHE (RUE DE L')",43.30188,5.36714
201500013972,20,1,15,18,5,13,55,2,1,2,1,"222, AVE DES CAILLOLS",43.30322,5.4425
201500013973,16,4,15,6,5,13,55,2,2,1,1,"68, JOLIETTE (RUE DE LA)",43.30292,5.36983
201500013974,9,1,15,12,1,13,55,2,6,1,6,"01, RPT PIERRE PARAF",43.32998,5.38782
201500013975,9,4,15,10,1,13,55,2,1,1,4,", SAINTE MARGUERITE (BOU",43.26831,5.40586
201500013976,12,4,15,2,5,13,55,2,1,1,6,"151, MICHELET (BOULEVARD",43.26526,5.39539
201500013977,17,2,15,13,1,13,55,2,1,1,6,"56, BD MICHELET",43.26542,5.39532
201500013978,17,11,15,21,5,13,55,2,2,1,3,LYON (RUE DE),43.32865,5.36574
201500013979,27,4,15,21,5,13,55,2,1,8,3,"91, LA PELOUQUE (CHEMIN)",43.36448,5.33761
201500013980,24,1,15,17,5,13,55,2,1,1,2,RPT PIERRE PARAF,43.33012,5.38903
201500013981,14,4,15,13,1,13,55,2,1,1,3,LE CHATELIER,0.0,0.0
201500013982,21,4,15,18,1,13,55,2,1,1,2,"271, CORNICHE KENNEDY",43.27926,5.35343
201500013983,29,1,15,11,1,13,55,2,2,1,6,"01, BD MICHELET",43.27036,5.39251
201500013984,21,4,15,15,1,13,55,2,3,1,3,"12, BRIFFAUT (RUE)",43.29467,5.39575
201500013985,2,2,15,20,5,13,55,1,3,1,3,"08, RUE DU BOSQUET",43.29988,5.39966
201500013986,14,4,15,15,1,13,55,2,1,1,3,"94, LIEUTAUD (COURS)",43.29159,5.38292
201500013987,3,2,15,10,1,13,55,2,1,2,5,"191, BD DE LA VALBARELLE",0.0,0.0
201500013988,8,4,15,16,1,13,55,2,1,1,7,"52, CANEBIERE     1 A 79",43.29703,5.37949
201500013989,2,2,15,19,5,13,55,2,1,1,7,"43, CHE DE LA GRAVE",43.34976,5.45079
201500013990,23,4,15,17,1,13,55,2,1,1,6,SIGNORET (TRAVERSE),0.0,0.0
201500013991,25,1,15,10,1,13,55,2,1,1,6,"23, BD NOTRE DAME DE SAN",43.33981,5.4066
201500013992,29,1,15,15,1,13,55,2,1,3,7,"93, BD DE STRASBOURG",43.3094,5.37897
201500013993,28,4,15,15,1,13,55,2,1,1,3,"14, SAINT JUST (AVENUE D",43.31294,5.40196
201500013994,26,4,15,18,1,13,55,2,1,1,3,"95, SAKAKINI (BOULEVARD)",43.29395,5.40167
201500013995,29,1,15,21,5,13,55,2,1,2,1,"56, BD DE LA CORDERIE",43.29036,5.36972
201500013996,28,4,15,9,1,13,55,2,1,1,3,"47, SAKAKINI (BOULEVARD)",43.29649,5.4003
201500013997,3,2,15,7,1,13,55,2,1,1,6,"181, AVE DE LA CAPELETTE",43.28055,5.40795
201500013998,29,4,15,8,1,13,55,2,2,1,6,"02, VITON (AVENUE)",43.26185,5.40466
201500013999,16,1,15,2,5,13,55,2,3,1,3,"140, AVE DES CHARTREUX",43.30801,5.40011
201500014000,18,4,15,9,1,13,55,2,1,1,3,MIREILLE LAUZE (BOULEVAR,43.2823,5.40437
201500014001,29,4,15,16,1,13,55,2,1,1,3,"164, PLOMBIERES (BOULEVA",43.3187,5.37955
201500014002,7,2,15,2,5,13,75,2,1,1,7,"55, L'ENJOLRAS (AVE DE)",43.33952,5.45475
201500014003,29,4,15,20,2,13,55,2,2,1,3,LUCIEN ROLMER (RUE),43.30456,5.37607
201500014004,12,2,15,9,1,13,55,2,1,1,6,"04, RUE LACEPEDE",43.30435,5.39754
201500014005,29,4,15,22,5,13,55,2,1,1,2,"139, ROSE (AVENUE DE LA)",43.32834,5.42556
201500014006,18,1,15,9,1,13,55,2,1,1,6,"267, AVE DU PRADO",43.27388,5.39085
201500014007,29,4,15,18,1,13,75,2,1,1,2,"146, FREDERIC MISTRAL (A",43.35186,5.47572
201500014008,3,2,15,5,5,13,55,2,1,1,2,"04, BD DU MARECHAL JUIN",43.31266,5.40485
201500014009,16,1,15,11,1,13,55,2,1,2,7,"04, RUE VERDILLON",43.27662,5.42087
201500014010,23,4,15,16,1,13,55,2,1,1,1,"00, ALPHONSE ALLAIS (RUE",0.0,0.0
201500014011,17,1,15,19,5,13,75,2,1,1,2,"123BIS, MARIUS PINATEL (",43.34813,5.47131
201500014012,30,4,15,11,1,13,55,1,2,1,6,"23, MAUVESTIS (RUE DES)",43.29994,5.36892
201500014013,19,1,15,7,5,13,55,2,1,3,6,"42, BD DE PARIS",43.30741,5.3716
201500014014,30,4,15,16,1,13,55,2,1,1,2,"40, FRANÇOISE DUPARC (BO",43.30231,5.40074
201500014015,30,4,15,14,1,13,55,2,1,1,3,"274, POILUS (AVENUE DES)",43.31669,5.46081
201500014016,19,1,15,9,1,13,55,2,1,2,6,"158, AVE DE LA CAPELETTE",43.28056,5.40786
201500014017,1,5,15,1,5,13,55,2,2,1,3,TERRUSSE (RUE),43.29637,5.39151
201500014018,23,1,15,12,1,13,55,2,1,1,6,"304, BD DE SAINT MARCEL",43.28624,5.47328
201500014019,1,5,15,2,5,13,55,2,1,1,6,ALEX. FLEMING (BOULEVARD,0.0,0.0
201500014020,26,1,15,11,1,13,55,2,1,1,2,"14, AVE ALEXANDRE ANSALD",43.33201,5.40416
201500014021,30,4,15,12,1,13,55,2,1,1,6,"00, SAINT JOSEPH (CHEMIN",0.0,0.0
201500014022,26,1,15,12,1,13,55,2,1,1,2,"00, AVE JEAN PAUL SARTRE",0.0,0.0
201500014023,27,1,15,20,5,13,55,2,1,1,6,"220, AVE DU PRADO",43.2763,5.38879
201500014024,17,4,15,18,1,13,55,2,1,1,3,"79, ROMAIN ROLLAND (BOUL",43.27906,5.42271
201500014025,30,4,15,18,1,13,55,2,1,1,2,LYON (RUE DE),0.0,0.0
201500014026,31,1,15,13,1,13,55,2,1,1,6,"27, BD GAY LUSSAC",43.33426,5.37465
201500014027,1,1,15,3,5,13,55,2,2,1,3,"60, BD VOLTAIRE",43.30347,5.38595
201500014028,1,5,15,12,1,13,55,2,1,1,6,"94, CHARTREUX*(AVENUE DE",43.30575,5.39944
201500014029,30,4,15,14,1,13,55,1,1,1,3,"85, BAILLE (BOULEVARD)",43.28753,5.3898
201500014030,1,5,15,14,1,13,55,2,2,2,3,"30, PIERRE ROCHE (RUE)",43.30931,5.40346
201500014031,26,4,15,11,1,13,55,2,3,1,3,route de la viste,43.35745,5.35753
201500014032,27,1,15,11,1,13,55,2,1,1,7,"151, RTE DES TROIS LUCS",43.30395,5.47433
201500014033,1,5,15,17,1,13,55,1,1,1,3,HENRI BARNIER (BOULEVARD,0.0,0.0
201500014034,6,2,15,23,5,13,55,2,6,1,3,"80, BD ALBE",43.31375,5.40661
201500014035,24,2,15,6,5,13,55,1,1,1,1,"00, RTE LEON LACHAMP",0.0,0.0
201500014036,9,4,15,7,1,13,55,2,2,1,3,"23, ALGER (RUE D')",43.28928,5.38836
201500014037,3,2,15,13,1,13,55,2,1,2,6,"22, AVE DU PRADO",43.28436,5.38458
201500014038,1,5,15,21,5,13,55,2,3,2,3,FRÉDÉRIC SAUVAGE (BOULEV,43.33068,5.37166
201500014039,2,2,15,12,1,13,55,2,1,1,6,"46, RUE LONGUE DES CAPUC",43.29841,5.37898
201500014040,2,5,15,8,1,13,55,1,1,1,1,"00, MORGIOU (CHEMIN DE)",0.0,0.0
201500014041,2,5,15,17,1,13,55,2,1,1,6,"1, DÉSIRÉ BIANCO (AVENUE",43.28676,5.42527
201500014042,4,2,15,15,1,13,55,2,1,2,6,"00, AVE DU CAP PINEDE RO",0.0,0.0
201500014043,2,5,15,22,5,13,55,2,1,1,6,"95, GEORGES ESTRANGIN (B",43.27666,5.37182
201500014044,31,1,15,18,5,13,55,2,1,1,6,"02, CRS PIERRE PUGET",43.29052,5.37794
201500014045,3,5,15,0,5,13,55,2,1,1,6,"146, TOULON (AVENUE DE)",43.28473,5.3927
201500014046,1,5,15,17,1,13,55,2,1,1,7,"75, CORNICHE KENNEDY",43.28933,5.35482
201500014047,24,1,15,18,5,13,55,2,1,6,6,"26, BD CAMILLE FLAMMARIO",43.30427,5.38875
201500014048,3,5,15,5,5,13,55,2,1,1,7,"245, ROUCAS BLAN (CHEMIN",43.28015,5.3687
201500014049,28,1,15,19,5,13,55,2,1,1,6,"62, BD DE SAINTE MARGUER",43.26846,5.40495
201500014050,3,5,15,21,5,13,55,2,2,1,3,"4, SAINT ANTOINE (CHEMIN",43.3496,5.37527
201500014051,29,1,15,13,1,13,55,2,2,2,3,"00, RUE MARCEL SEMBAT",43.30161,5.38166
201500014052,12,1,15,12,1,13,55,2,1,1,7,"57, BD DE LA VALBARELLE",43.28726,5.44642
201500014053,13,4,15,16,1,13,55,2,1,1,3,"00, ROGER SALENGRO (AVEN",0.0,0.0
201500014054,4,5,15,12,1,13,55,2,1,1,6,"246, LYON (RUE DE)",43.33233,5.36449
201500014055,29,4,15,17,1,13,2,1,1,1,7,ETIENNE CUCCA-CD908 (AVE,0.0,0.0
201500014056,28,1,15,8,1,13,55,2,1,1,2,"13, CHE DE SAINT ANTOINE",43.35497,5.3359
201500014057,2,2,15,15,1,13,55,2,1,1,6,"0, BD ROLAND DORGELES",0.0,0.0
201500014058,4,5,15,17,1,13,55,2,1,1,6,"322, PIERRE DOIZE  (RUE)",43.27087,5.425