Num_Acc,jour,mois,an,hr,condition_eclairage,departement,commune,condition_agglomeration,intersection,condition_atmosphere,type_collision,adresse,lattitude,longitude
201500014059,31,1,15,13,1,13,55,2,2,1,6,BD ROLAND DORGELES,43.34733,5.3784
201500014060,4,5,15,16,1,13,55,2,3,1,3,"27, CORSE (AVENUE DE LA)",43.28946,5.36404
201500014061,30,1,15,8,1,13,55,2,1,1,6,"28, CHE DE CHATEAU GOMBE",43.33571,5.42077
201500014062,5,5,15,8,1,13,55,1,1,1,7,LÉON LACHAMP (ROUTE),43.23988,5.45581
201500014063,30,1,15,14,1,13,55,2,3,1,7,"61, BD JOURDAN",43.33361,5.39609
201500014064,4,5,15,19,1,13,55,1,1,1,6,"281, CORNICHE KENNEDY",43.27754,5.35623
201500014065,31,1,15,10,1,13,55,2,2,1,3,"67, RUE DE LA JOLIETTE",43.3029,5.36982
201500014066,5,5,15,15,1,13,55,2,1,1,2,"47, MARÉCHAL DE LATTRE (",43.24817,5.40617
201500014067,6,1,15,7,1,13,55,2,3,1,3,"130, CHE DE LA MADRAGUE",43.32624,5.36103
201500014068,12,4,15,12,1,13,55,2,1,1,2,"11, NICOLAS APPERT (RUE)",43.33953,5.41818
201500014069,3,2,15,14,1,13,55,2,1,2,7,"11, RUE DE LA BOISERAIE",43.29835,5.42138
201500014070,6,5,15,9,1,13,55,1,1,1,2,"02, DANIEL CASANOVA (BOU",43.32103,5.37475
201500014071,26,1,15,15,1,13,55,2,1,1,6,"67, BD CAMILLE FLAMMARIO",43.30618,5.39391
201500014072,6,5,15,9,1,13,55,2,3,1,2,MAZARGUES (AVENUE DE),43.26772,5.38927
201500014073,6,5,15,11,1,13,55,2,2,1,3,SAINT JEAN (AVENUE DE),43.29644,5.36608
201500014074,9,4,15,8,1,13,55,2,1,1,3,"01, MAGUY ROUBAUD (RUE)",43.2727,5.40085
201500014075,30,4,15,16,1,13,55,2,1,1,5,"136, L ARMEE D AFRIQUE (",43.28822,5.41045
201500014076,1,2,15,13,1,13,2,2,1,1,6,"00, VALLON VERT (AVENUE",0.0,0.0
201500014077,6,5,15,12,1,13,55,2,1,1,3,"74, LOUIS REGIS (RUE)",43.28855,5.50105
201500014078,27,2,15,6,5,13,55,2,1,2,5,AVE JEAN PAUL SARTRE,0.0,0.0
201500014079,7,5,15,9,1,13,55,2,1,1,4,"92, BAILLE (BOULEVARD)",43.28766,5.39036
201500014080,27,2,15,6,5,13,55,2,1,2,7,"87, RUE AUGUSTIN AUBERT",43.26508,5.40374
201500014081,7,5,15,8,1,13,55,2,1,1,3,"02, OCTROI (PLACE GARE D",43.28153,5.42578
201500014082,7,5,15,7,1,13,55,2,1,1,6,"138, ROSE (AVENUE DE LA)",43.32808,5.42508
201500014083,9,2,15,13,1,13,55,2,1,1,6,"182, BD RABATAU",43.28127,5.3995
201500014084,7,5,15,11,1,13,55,2,1,1,2,"93, RABATAU (BOULEVARD)",43.27658,5.39766
201500014085,11,2,15,21,5,13,55,2,2,1,6,"00, RUE COLBERT",43.29926,5.37413
201500014086,7,5,15,11,1,13,55,2,5,1,1,"237, LIBERATION (BOULEVA",43.30279,5.39664
201500014087,10,2,15,15,1,13,55,2,1,1,6,RUE DE PONTEVES,0.0,0.0
201500014088,7,5,15,13,1,13,55,2,1,1,3,"250, LYON (RUE DE)",43.33237,5.36448
201500014089,6,5,15,19,1,13,55,2,1,1,6,"398, SAINT ANTOINE (AVEN",43.38086,5.3576
201500014090,9,2,15,16,1,13,55,2,1,1,2,AVE DU MARCHE NATIONAL,0.0,0.0
201500014091,7,5,15,16,1,13,55,2,1,1,3,"01, ALBERT EINSTEIN (RUE",43.33679,5.43491
201500014092,30,1,15,16,1,13,55,2,3,1,3,"27, RUE COUTELLERIE",43.29677,5.37253
201500014093,7,5,15,16,1,13,55,2,1,1,1,"1, ARNAVAUX (AVENUE DES)",43.33196,5.38199
201500014094,21,1,15,9,1,13,55,2,1,3,3,"306, RUE ALBERT EINSTEIN",43.3465,5.44893
201500014095,8,5,15,20,1,13,55,2,1,1,6,"75, EDMOND JALOUX (RUE)",43.32923,5.38429
201500014096,11,2,15,10,1,13,55,2,3,1,3,"363, RUE DE LYON",43.33888,5.36222
201500014097,6,5,15,14,1,13,55,1,1,1,3,"431, SAINT PIERRE (RUE)",43.2917,5.41259
201500014098,14,2,15,13,1,13,55,2,1,3,2,"571, AVE DE MAZARGUES",43.25356,5.39453
201500014099,8,5,15,20,1,13,55,2,1,1,7,"BAT B, LAVOISIER (BOULEV",43.34014,5.37017
201500014100,30,1,15,15,1,13,55,2,1,1,6,"55, BD RABATAU",43.27495,5.39514
201500014101,8,5,15,22,5,13,55,2,9,1,1,ATHENES (BOULEVARD D'),0.0,0.0
201500014102,12,2,15,14,1,13,55,2,1,1,6,"66, BD PERIER",43.27912,5.38312
201500014103,8,5,15,20,5,13,55,2,1,1,1,"15, RIVE NEUVE (QUAI DE)",43.29321,5.37063
201500014104,14,2,15,6,5,13,55,2,1,2,6,"03, BD RABATAU",43.27274,5.39167
201500014105,9,5,15,11,1,13,55,2,1,1,1,"00, EDOUARD VAILLANT (RU",0.0,0.0
201500014106,9,5,15,0,5,13,55,2,1,1,2,"05, JEAN MOULIN (BOULEVA",43.29174,5.40056
201500014107,11,2,15,15,1,13,55,2,1,1,6,"42, RUE CAISSERIE",43.29684,5.3671
201500014108,24,1,15,12,1,13,55,2,1,1,7,"135, CHE SAINT JEAN DU D",43.29404,5.41178
201500014109,9,5,15,13,1,13,55,2,3,1,3,"323, MICHELET (BOULEVARD",43.25863,5.39914
201500014110,9,5,15,13,1,13,55,2,1,1,1,"35, TROIS LUCS (AVENUE D",43.31084,5.46758
201500014111,7,2,15,18,5,13,55,2,1,1,6,"1840, CHE DU LANCIER",0.0,0.0
201500014112,9,2,15,6,5,13,55,2,1,1,7,"191, AVE DE MAZARGUES",43.26484,5.39145
201500014113,9,5,15,14,1,13,55,2,1,1,6,"137, ROUET (RUE DU)",43.27925,5.39154
201500014114,4,2,15,14,1,13,55,2,1,2,7,"02, PCE DE LA GARE DE L'",43.28153,5.42578
201500014115,9,5,15,14,1,13,55,2,1,1,3,"40, DÉSIRÉ BIANCO (AVENU",43.28871,5.42561
201500014116,30,1,15,8,1,13,55,2,1,1,6,"09, BD FERDINAND DE LESS",43.31971,5.36952
201500014117,10,5,15,5,3,13,55,1,1,1,6,"000, ALEX. FLEMING (BOUL",0.0,0.0
201500014118,18,4,15,11,1,13,55,2,3,1,6,"88, MAZARGUES (AVENUE DE",43.26749,5.38938
201500014119,8,2,15,4,5,13,55,2,1,1,7,"234, AVE DES OLIVES",43.32404,5.44305
201500014120,10,5,15,12,1,13,55,2,1,1,3,"01, MERLAN (AVENUE)",43.33137,5.40571
201500014121,3,2,15,19,5,13,55,2,6,3,3,BD BARRY,43.32017,5.41486
201500014122,10,5,15,17,1,13,55,2,1,1,2,DOCTEUR LÉON PERRIN (RUE,43.31413,5.38718
201500014123,6,2,15,14,1,13,55,2,1,1,2,"12, RUE STANISLAS TORREN",43.28914,5.37759
201500014124,2,5,15,16,1,13,55,2,1,1,6,"20, FRANCOISE DUPARC (BO",43.30114,5.40078
201500014125,9,2,15,21,5,13,55,2,3,1,3,"34, BD FRANCOISE DUPARC",43.30193,5.40071
201500014126,11,5,15,6,1,13,55,2,1,1,6,"18, JEAN BARBIERI (BOULE",43.34946,5.35775
201500014127,8,2,15,11,1,13,55,2,1,1,6,"04, PCE DAVIEL",43.29778,5.36948
201500014128,11,5,15,8,1,13,55,2,1,1,2,"02, MONTREDON (AVENUE DE",43.24531,5.37302
201500014129,15,1,15,11,1,13,55,2,2,1,3,"08, RUE DE LORGUES",43.29987,5.39968
201500014130,11,5,15,7,1,13,55,2,1,1,2,"274, LITTORAL (CHEMIN DU",43.34055,5.34863
201500014131,10,2,15,6,5,13,55,2,3,1,3,"00, BD DE PARIS",43.31373,5.36796
201500014132,4,5,15,19,1,13,2,2,3,1,2,"00, SAINT JEAN (CHEMIN",43.32364,5.49213
201500014133,6,2,15,7,1,13,55,2,2,1,3,"05, RUE VILLENEUVE",43.29972,5.38227
201500014134,11,5,15,12,1,13,55,2,1,1,5,"202, MADRAGUE VILLE (RUE",43.33019,5.35898
201500014135,6,2,15,12,1,13,55,2,1,8,6,"524, AVE DE MAZARGUES",0.0,0.0
201500014136,11,5,15,11,1,13,55,1,1,1,6,"33, CALLELONGUE (ALLEE)",43.25462,5.3892
201500014137,20,10,15,13,1,13,55,2,1,1,3,"34, LIBERATION (BOULEVAR",43.2998,5.38755
201500014138,11,5,15,16,1,13,55,2,3,1,3,ALEX ANSALDI (RUE),43.33101,5.40642
201500014139,11,5,15,15,1,13,55,2,1,1,6,CABOT (BOULEVARD),43.25889,5.41707
201500014140,12,5,15,8,1,13,55,2,1,1,6,"302, NATIONAL (BOULEVARD",43.31213,5.37676
201500014141,12,5,15,15,1,13,55,2,1,1,3,"219, ROUET (RUE DU)",43.27564,5.39566
201500014142,5,3,15,18,2,13,55,2,1,1,6,"200, COR PRESIDENT JOHN",43.26888,5.36908
201500014143,8,5,15,2,5,13,55,2,1,1,2,"573, PRADO (AVENUE)",43.26273,5.37644
201500014144,13,5,15,1,5,13,55,2,5,1,3,Avenue Alexandre Fleming,43.3138,5.40597
201500014145,13,5,15,3,5,13,55,2,2,1,3,"26, LAFAYETTE (RUE)",43.3016,5.38166
201500014146,12,5,15,11,1,13,55,2,1,1,2,"19, MERLAN (AVENUE)",43.33296,5.4071
201500014147,14,11,15,10,1,13,55,2,1,1,6,"319, CORNICHE KENNEDY",43.2745,5.36139
201500014148,11,5,15,12,1,13,55,2,1,1,3,"425, ROMAIN ROLLAND (BOU",43.26934,5.4049
201500014149,13,5,15,11,1,13,55,1,1,1,1,"215, PRADO (AVENUE)",43.27619,5.38957
201500014150,12,5,15,15,1,13,55,2,1,1,6,"3603, BAUDILLONS (TRAVER",0.0,0.0
201500014151,7,5,15,15,1,13,55,2,1,1,5,"255, VALLON DE L (CHEMIN",43.27599,5.36092
201500014152,13,5,15,14,1,13,55,2,1,1,2,"191, BAILLE (BOULEVARD)",43.29011,5.39933
201500014153,13,5,15,16,1,13,55,2,1,1,4,"1, SABLIER (BOULEVARD DU",43.25341,5.38207
201500014154,9,3,15,10,1,13,55,2,1,1,6,"211, BD MICHELET",43.26283,5.39677
201500014155,13,5,15,19,1,13,55,2,1,1,4,"1, HENRI BARNIER (BOULEV",43.37316,5.35507
201500014156,9,3,15,21,5,13,55,2,2,1,3,"0, RUE BRETEUIL",43.29025,5.37585
201500014157,13,1,15,7,1,13,55,2,3,1,3,"161, RUE FRANCOIS MAURIA",43.26788,5.4267
201500014158,13,5,15,19,1,13,55,2,1,1,1,CAPELETTE (AVENUE DE LA),43.28332,5.40122
201500014159,3,2,15,8,1,13,55,2,1,1,1,"134, BD DE STRASBOURG",43.30976,5.37956
201500014160,13,5,15,19,1,13,55,2,1,1,2,"67, PLOMBIERES (BOULEVAR",43.31593,5.38451
201500014161,14,5,15,3,5,13,55,2,2,1,3,"22, PIERRE PUGET (COURS)",43.29041,5.37577
201500014162,30,1,15,18,3,13,55,2,3,1,3,"00, BD NATIONAL",0.0,0.0
201500014163,26,4,15,16,1,13,55,2,1,1,3,"51, FORTUNÉ JOURDAN (RUE",43.31144,5.38752
201500014164,21,4,15,15,1,13,55,2,1,1,2,"00, VILLAGE (RUE DE)",0.0,0.0
201500014165,1,2,15,18,5,13,75,2,2,1,6,"01, JULES ROLLANDIN (BD)",0.0,0.0
201500014166,9,2,15,12,1,13,55,2,2,1,6,"69, BD SAKAKINI",43.29577,5.40043
201500014167,14,5,15,17,1,13,55,2,6,1,3,"285, PRADO (AVENUE)",43.27279,5.39115
201500014168,14,5,15,18,1,13,55,2,1,1,2,PLOMBIERES (BOULEVARD DE,43.31502,5.38799
201500014169,14,5,15,23,5,13,55,2,3,1,3,CRIMEE (RUE DE),43.30904,5.3784
201500014170,8,5,15,14,1,13,55,2,9,1,3,"17, BERCEAU (RUE)",43.28807,5.39527
201500014171,15,5,15,14,1,13,55,2,1,1,6,"3, BERNARD (RUE)",43.30199,5.51433
201500014172,16,5,15,0,5,13,55,2,1,1,2,"719, MAZARGUES (AVENUE D",43.24927,5.397
201500014173,14,1,15,19,5,13,55,2,1,1,6,"138, AVE JULES CANTINI",43.28054,5.39353
201500014174,17,4,15,10,1,13,55,2,1,1,3,"171, MADRAGUE VILLE (RUE",43.32798,5.35973
201500014175,16,5,15,16,1,13,55,2,1,1,1,"03, BASILE BARRELIER (BO",43.33877,5.39118
201500014176,5,2,15,2,5,13,55,2,1,3,6,"148, AVE PIERRE MENDES F",43.25684,5.37648
201500014177,17,5,15,8,1,13,55,2,1,1,5,", ALEX ANSALDI (RUE)",43.33065,5.40499
201500014178,21,4,15,18,1,13,55,2,1,1,4,"01, HENRI BARNIER (BOULE",43.3733,5.35467
201500014179,5,2,15,7,1,13,55,2,1,1,1,"315, COR PRESIDENT JOHN",43.27547,5.35987
201500014180,3,2,15,16,1,13,55,2,3,3,1,"00, CHE DE PALAMA",43.35306,5.43802
201500014181,17,5,15,7,1,13,55,2,3,1,3,"677, MAZARGUES (AVENUE D",43.25012,5.39597
201500014182,30,1,15,5,5,13,55,2,1,9,6,"540, CHE DE LA MADRAGUE",43.34709,5.35539
201500014183,17,5,15,8,1,13,2,1,1,1,3,"2, ETIENNE CUCCA-CD908 (",43.36334,5.49583
201500014184,3,2,15,11,1,13,55,2,1,2,6,"26, BD CHARLES MORETTI",43.3258,5.37877
201500014185,16,5,15,18,1,13,55,2,1,1,3,"47, RIVE NEUVE (QUAI)",43.29236,5.36623
201500014186,2,2,15,20,5,13,55,2,2,1,3,"000, BD ALPHONSE SOLEIRO",43.28211,5.50031
201500014187,17,5,15,4,5,13,55,2,1,1,6,"17, MAZARGUES (AVENUE DE",43.26951,5.38868
201500014188,13,5,15,13,1,13,55,2,1,1,3,"28, LIBERATION (BOULEVAR",43.29968,5.38716
201500014189,5,2,15,9,1,13,55,2,3,1,3,"194, BD DU REDON",43.24947,5.42263
201500014190,9,1,15,8,1,13,55,2,1,2,4,"263, BD ROMAIN ROLLAND",43.2736,5.41354
201500014191,18,5,15,16,1,13,55,2,1,1,6,"28, MALAVAL (RUE)",43.30532,5.37222
201500014192,7,2,15,12,1,13,55,2,1,1,6,"67, AVE DES PEINTRES ROU",43.30769,5.46801
201500014193,18,5,15,16,1,13,55,1,1,1,2,"71, SAINT ANTOINE (CHEMI",43.35415,5.37114
201500014194,18,5,15,19,1,13,55,2,1,1,6,"448, MICHELET (BOULEVARD",43.2527,5.40221
201500014195,18,5,15,23,5,13,55,2,3,1,3,"47, AVIATEUR LE BRIX (RU",43.2598,5.40225
201500014196,18,5,15,11,1,13,55,2,1,1,3,"26, SAINT JOSEPH (CHEMIN",0.0,0.0
201500014197,18,5,15,11,1,13,55,2,3,1,6,"232, ROMAIN ROLLAND (BOU",43.27375,5.41388
201500014198,30,1,15,14,1,13,55,2,1,1,6,"163, BD DE SAINT MARCEL",43.28766,5.46479
201500014199,18,5,15,19,1,13,55,2,1,1,3,"245, MICHELET (BOULEVARD",43.2609,5.39813
201500014200,6,2,15,6,5,13,55,2,1,8,6,BD PIERRE MENARD,0.0,0.0
201500014201,18,5,15,16,1,13,55,2,3,1,3,"12, MERIMEE",43.32701,5.39583
201500014202,4,2,15,10,1,13,55,2,1,2,7,"LAC/200, PIERRE CHEVALIE",0.0,0.0
201500014203,19,5,15,16,1,13,55,2,9,1,6,"141, LYON (RUE DE)",43.32954,5.36543
201500014204,3,2,15,18,3,13,55,2,1,2,6,"35, RPT TINO ROSSI",0.0,0.0
201500014205,19,5,15,23,5,13,55,2,1,1,6,"41, TAPIS VERT (RUE)",43.29873,5.37933
201500014206,6,2,15,22,5,13,55,2,2,1,3,"06, RUE ROGER BRUN",43.28672,5.39036
201500014207,19,5,15,18,1,13,55,2,1,1,6,"11, BERNARD CADENAT (PLA",43.31242,5.38705
201500014208,4,2,15,21,5,13,55,2,1,2,6,"000, BD SCHLOESING",0.0,0.0
201500014209,15,5,15,11,1,13,55,1,1,1,6,"04, CHARTREUX (AVENUE DE",43.30299,5.39714
201500014210,13,5,15,18,1,13,55,2,1,1,1,"00, ALEX. FLEMING (BOULE",0.0,0.0
201500014211,2,2,15,5,3,13,55,2,1,9,6,"236, AVE DES OLIVES",43.32433,5.4431
201500014212,20,5,15,13,1,13,55,2,1,1,6,METRO (BOULEVARD DU),43.33447,5.42874
201500014213,31,1,15,12,1,13,55,2,1,1,6,"03, CHE DU VALLON VERT",43.33482,5.45091
201500014214,19,5,15,12,1,13,55,2,2,1,6,"104, LIBERATION (BOULEVA",43.30108,5.39129
201500014215,20,5,15,9,1,13,55,2,5,1,1,"1, AUGUSTIN AUBERT (RUE)",43.26675,5.40286
201500014216,20,5,15,11,1,13,75,2,1,1,6,"70, FRÉDÉRIC CHEVILLON (",43.34762,5.46392
201500014217,20,5,15,17,1,13,55,2,1,1,6,BAILLE (BOULEVARD),43.28986,5.39843
201500014218,20,5,15,16,1,13,55,2,1,1,6,PRADO (AVENUE),43.26486,5.37976
201500014219,20,5,15,21,5,13,55,2,4,6,3,"40, DÉSIRÉ BIANCO (AVENU",43.2884,5.42524
201500014220,21,5,15,7,1,13,55,2,2,1,3,"1, ROLAND DORGELES (BOUL",43.34806,5.37689
201500014221,21,5,15,12,1,13,55,2,1,1,6,"135, SAINTE THERESE (BOU",43.2938,5.40959
201500014222,20,5,15,14,1,13,55,2,1,1,4,"02, GUSTAVE GANAY (BOULE",43.26549,5.39687
201500014223,8,3,15,0,5,13,55,2,2,1,6,CHE DE LA STATION DU,43.33177,5.38701
201500014224,21,5,15,15,1,13,55,2,2,1,3,HORACE BERTIN (RUE),43.29573,5.39076
201500014225,21,5,15,12,1,13,55,2,1,1,3,"14, MARÉCHAL DE LATTRE (",43.24964,5.40482
201500014226,17,5,15,1,5,13,55,2,2,1,3,"15, BAILLE (BOULEVARD)",43.28642,5.38563
201500014227,15,5,15,13,1,13,55,1,1,1,6,"76, NATIONAL (BOULEVARD)",43.30586,5.38373
201500014228,21,5,15,19,1,13,55,2,1,1,3,TOURETTE (QUAI DE LA),43.29978,5.36365
201500014229,16,5,15,6,1,13,55,2,3,1,6,SAKAKINI (BOULEVARD),43.29375,5.40132
201500014230,22,5,15,13,1,13,55,2,3,1,1,"297, ROMAIN ROLLAND (BOU",43.27249,5.41125
201500014231,29,1,15,18,5,13,55,2,1,1,6,"21, BD PERIER",43.27964,5.38574
201500014232,22,5,15,17,1,13,55,2,1,1,3,"52, LYON (RUE DE)",43.32511,5.36699
201500014233,11,2,15,7,5,13,55,2,1,1,7,AVE GEORGES BRAQUES,0.0,0.0
201500014234,22,5,15,16,1,13,55,2,1,1,6,"149, PRADO (AVENUE)",43.27891,5.38803
201500014235,3,2,15,16,1,13,2,2,1,2,6,"721, VATERSTETTEN (AVENU",43.35586,5.48662
201500014236,19,5,15,11,1,13,55,2,1,1,3,"25, RAYMOND TEISSERE (RU",43.27278,5.39958
201500014237,30,1,15,19,5,13,55,2,1,1,6,"72, CHE DU MERLAN A LA R",43.33006,5.41317
201500014238,23,5,15,2,5,13,55,2,1,1,7,"130, LYON (RUE DE)",43.3275,5.36616
201500014239,22,5,15,10,1,13,55,2,1,1,5,"02, ATHENES (BOULEVARD D",43.29946,5.38099
201500014240,11,2,15,14,1,13,2,2,1,1,2,"154, 7EME TIRAILLEURS AL",43.33824,5.47782
201500014241,23,5,15,5,5,13,55,2,1,1,6,"71, MARÉCHAL DE LATTRE (",43.24645,5.40836
201500014242,23,5,15,4,5,13,55,2,1,1,6,"64, TELLENE (BOULEVARD)",43.28524,5.3673
201500014243,23,5,15,16,1,13,55,2,1,1,3,"32, SCHLOESING (BOULEVAR",43.27248,5.40103
201500014244,28,1,15,10,1,13,55,2,1,1,6,"57, BD ROMAIN ROLLAND",43.27971,5.4242
201500014245,23,5,15,17,1,13,55,2,3,1,3,3 ROSTAND (AVENUE),43.3117,5.37738
201500014246,23,5,15,20,5,13,55,2,1,1,1,"192, ROUET (RUE DU)",43.27557,5.39574
201500014247,9,2,15,18,5,13,55,2,1,1,6,"57, BD ROMAIN ROLLAND",43.27971,5.42425
201500014248,24,5,15,0,5,13,55,1,2,1,3,"76, LODI (RUE DE)",43.28918,5.38734
201500014249,12,2,15,7,1,13,55,2,3,1,1,"206, BD PAUL CLAUDEL",43.26798,5.41843
201500014250,23,5,15,18,1,13,55,1,1,1,6,"26, COMMANDANT FINAT DUC",43.33048,5.38607
201500014251,7,2,15,14,1,13,2,2,1,1,2,"01, QUATRE SAISONS (ROUT",43.3311,5.48862
201500014252,24,5,15,6,2,13,55,2,1,1,6,"6, LOUIS BOTINELLY (RUE)",43.29797,5.40592
201500014253,15,5,15,9,1,13,55,1,1,1,3,"172, CANEBIERE     70 A",43.29896,5.38493
201500014254,24,5,15,12,1,13,55,2,3,1,3,SAINT LOUIS (AVENUE DE),0.0,0.0
201500014255,13,5,15,10,1,13,55,2,2,1,3,"10, REPUBLIQUE (RUE DE L",43.29694,5.37366
201500014256,13,3,15,19,5,13,55,2,1,1,6,"285, BD ROMAIN ROLLAND",43.27287,5.41192
201500014257,24,5,15,9,1,13,55,2,1,1,3,"230, SAINT ANTOINE (CHEM",43.37362,5.35583
201500014258,8,2,15,15,1,13,55,2,2,1,3,"00, RUE DE CRIMEE",43.30903,5.3784
201500014259,13,5,15,13,1,13,55,2,1,1,2,"80, FRANÇOISE DUPARC (BO",43.3046,5.40103
201500014260,11,2,15,20,5,13,55,2,3,1,6,"18, AV DE LA CROIX ROUG",43.33054,5.43059
201500014261,19,5,15,16,1,13,55,2,2,1,5,PIERRE PUGET (COURS),43.28995,5.37256
201500014262,3,2,15,15,1,13,55,2,1,3,6,"23, QAI DU LAZARET",43.30538,5.36538
201500014263,20,5,15,7,1,13,55,2,1,1,3,"121, PAUL CLAUDEL (BOULE",43.26778,5.41152
201500014264,10,2,15,19,5,13,55,1,1,1,7,RTE LEON LACHAMP,0.0,0.0
201500014265,25,5,15,15,1,13,55,2,1,1,3,"148, MENDES FRANCE (AVEN",43.25684,5.37646
201500014266,25,5,15,20,1,13,55,2,1,1,1,"299, CORNICHE KENNEDY",43.27648,5.35825
201500014267,13,1,15,16,1,13,55,2,1,1,6,"198, BD DE LA LIBERATION",43.3024,5.39554
201500014268,18,2,15,20,5,13,55,2,1,1,2,"00, BD RABATAU",0.0,0.0
201500014269,26,5,15,8,1,13,55,2,3,1,6,"42, CHARLES NEDELEC (BOU",43.30325,5.37896
201500014270,18,2,15,10,1,13,55,2,1,1,2,RTE LEON LACHAMP,0.0,0.0
201500014271,26,5,15,16,1,13,55,2,1,1,3,"425, ROMAIN ROLLAND (BOU",43.26934,5.4049
201500014272,26,5,15,17,1,13,55,1,1,1,6,"77, VISTE (AVENUE DE LA)",43.35759,5.35753
201500014273,26,5,15,20,2,13,55,2,2,1,6,"42, ROLAND DORGELES (BO",43.34733,5.3784
201500014274,2,5,15,11,1,13,55,2,1,1,7,"141, FRANÇOISE DUPARC (B",43.30793,5.40189
201500014275,30,1,15,12,1,13,55,2,1,1,6,"00, PCE JULES GUESDE",43.30292,5.37499
201500014276,27,5,15,11,1,13,55,2,1,1,6,"74, FENOUIL (BOULEVARD)",43.36006,5.31997
201500014277,27,5,15,13,1,13,55,2,1,1,2,"204, JULES CANTINI (AVEN",43.27828,5.39764
201500014278,27,5,15,15,1,13,55,1,1,1,6,"10, PONTEVES (RUE DE)",43.30736,5.37138
201500014279,27,5,15,11,1,13,55,2,1,1,2,"16, AIX (RUE D')",43.29972,5.37595
201500014280,27,5,15,17,1,13,55,2,1,1,6,"2, 24 AVRIL 15 (AVENUE D",43.30762,5.42556
201500014281,11,2,15,10,1,13,55,2,1,1,2,"175, AVE CLOT BEY",43.25493,5.38211
201500014282,27,5,15,17,1,13,55,2,1,1,6,"25, PONT DE VIVAUX (BOUL",43.27974,5.41809
201500014283,20,2,15,15,1,13,55,2,1,1,6,"36, BD LOUIS ARMAND",43.29823,5.4133
201500014284,27,5,15,22,5,13,55,2,3,1,3,"36, SAINT MARCEL (BOULEV",43.28872,5.45833
201500014285,16,2,15,16,1,13,55,2,1,1,4,"402, BD MICHELET",43.25466,5.40137
201500014286,28,5,15,2,5,13,55,2,2,1,3,"00, SAINTE (RUE)",43.29242,5.37495
201500014287,23,1,15,19,5,13,75,2,1,1,2,"107, FR?D?RIC CHEVILLON",43.34847,5.46578
201500014288,28,5,15,3,5,13,55,2,1,1,3,"83, SAKAKINI (BOULEVARD)",43.2945,5.40139
201500014289,24,2,15,17,2,13,55,2,1,1,6,"147, AVE DE SAINT LOUIS",43.34826,5.35896
201500014290,17,5,15,11,1,13,55,2,2,1,3,"60, STANISLAS TORRENTS (",43.28779,5.37824
201500014291,26,2,15,17,1,13,55,2,1,1,6,"98, AVE DU PRADO",43.28161,5.38581
201500014292,27,5,15,17,1,13,55,2,1,1,1,"534, PARADIS (RUE)",43.27184,5.38589
201500014293,12,2,15,11,1,13,55,2,1,1,2,"37, AVE DE CHATEAU GOMBE",0.0,0.0
201500014294,28,5,15,3,5,13,55,2,2,1,3,"85, PIERRE PUGET (COURS)",43.28995,5.37255
201500014295,3,2,15,11,1,13,55,2,2,1,3,"00, RUE MARENGO",0.0,0.0
201500014296,28,5,15,11,1,13,55,2,1,1,6,"80, SYLVABELLE (RUE)",43.28853,5.37598
201500014297,25,2,15,9,1,13,55,2,1,1,6,"14, AVE DU MARECHAL FOCH",43.30166,5.39806
201500014298,28,5,15,14,1,13,55,2,1,1,2,"130, SALVADOR ALLENDE (R",43.32998,5.39649
201500014299,23,5,15,14,1,13,55,2,1,1,6,"121, ABBE DE L'E (RUE)",43.29726,5.39393
201500014300,25,2,15,9,1,13,55,1,1,1,6,"99, BD DE LA SAVINE*",0.0,0.0
201500014301,28,5,15,17,1,13,55,2,1,1,2,91-117 PLOMBIERES,43.31727,5.38138
201500014302,28,5,15,17,1,13,55,2,1,1,3,"111, CAPELETTE (AVENUE D",43.28166,5.4045
201500014303,28,5,15,18,1,13,55,2,1,1,3,"437, PRADO (AVENUE)",43.26727,5.38354
201500014304,1,3,15,12,1,13,55,2,1,1,6,"1527, RUE DE LA MAURELLE",0.0,0.0
201500014305,25,2,15,11,1,13,55,2,1,1,6,"66, AVE DE SAINT JULIEN",43.30559,5.41784
201500014306,28,5,15,19,1,13,55,2,1,1,3,"232, RABELAIS (RUE)",43.36078,5.32856
201500014307,21,2,15,20,5,13,55,2,2,1,6,"118, CHE SAINT JEAN DU D",43.29379,5.4096
201500014308,19,2,15,6,5,13,55,2,1,1,1,AVE DE LATTRE DE TASSIGN,0.0,0.0
201500014309,28,5,15,8,1,13,55,2,1,1,6,"8, BERNARD LECACHE (AVEN",43.29563,5.44834
201500014310,17,2,15,2,5,13,55,2,1,2,6,BD RABATAU,0.0,0.0
201500014311,21,5,15,20,1,13,55,2,1,1,3,"10, SAKAKINI (BOULEVARD)",43.29888,5.40074