Num_Acc,jour,mois,an,hr,condition_eclairage,departement,commune,condition_agglomeration,intersection,condition_atmosphere,type_collision,adresse,lattitude,longitude
201500014312,20,2,15,17,1,13,75,2,1,1,2,"35, GENERAL DE GAULLE (M",43.33762,5.48346
201500014313,29,5,15,8,1,13,55,2,1,1,3,"44, PARIS (BOULEVARD DE)",43.30713,5.37176
201500014314,29,5,15,7,1,13,55,2,1,1,7,"45, LESSEPS (RUE DE)",43.32023,5.37162
201500014315,22,2,15,1,5,13,55,2,1,1,6,"344, BD MICHELET",43.25792,5.39929
201500014316,28,5,15,20,1,13,55,2,1,1,3,"41, ROLAND DORGELES (BOU",43.34724,5.37836
201500014317,30,1,15,19,5,13,55,2,1,1,2,"159, COR PRESIDENT JOHN",43.28622,5.35122
201500014318,29,5,15,12,1,13,55,2,1,1,3,"20, LOUBON (RUE)",43.31158,5.37862
201500014319,7,1,15,8,1,13,55,2,1,1,6,"79, BD JEANNE D' ARC",43.29325,5.40426
201500014320,29,5,15,18,1,13,55,2,1,1,2,"146, FRANÇOISE DUPARC (B",43.30879,5.40253
201500014321,24,2,15,9,1,13,55,2,1,1,6,"10, BD BAILLE",43.2863,5.38548
201500014322,25,1,15,7,2,13,55,2,2,1,3,"62, RUE CONSOLAT",43.30062,5.38835
201500014323,29,5,15,18,1,13,55,2,8,1,6,"35, RIVE NEUVE (QUAI)",43.29262,5.36753
201500014324,10,2,15,18,1,13,55,2,1,1,1,"272, BD CHAVE",43.2959,5.40232
201500014325,29,5,15,21,5,13,55,2,1,1,2,"361, SAINT ANTOINE (AVEN",43.38067,5.35752
201500014326,23,2,15,10,1,13,55,2,2,1,3,"00, RUE PARADIS",43.27822,5.38321
201500014327,17,5,15,20,1,13,55,2,1,1,2,"1, CHARLES LIVON (BOULEV",43.29222,5.36334
201500014328,18,2,15,9,1,13,106,2,3,1,3,"24, NELSON MANDELA (AVEN",43.40885,5.36736
201500014329,30,5,15,2,5,13,55,2,1,1,3,"160, CAPELETTE (AVENUE D",43.28046,5.40816
201500014330,19,2,15,7,1,13,55,2,1,1,6,"302, BD NATIONAL",43.31213,5.37675
201500014331,29,5,15,18,1,13,55,2,1,1,5,"00, COLGATE (TRAVERSE)",0.0,0.0
201500014332,11,2,15,9,1,13,55,2,3,1,3,"01, MTE ANTOINE CASTEJON",43.36165,0.0
201500014333,13,4,15,7,1,13,55,2,3,1,3,"00, STRASBOURG (BOULEVAR",0.0,0.0
201500014334,24,2,15,14,1,13,55,2,1,1,7,"63, BD JEAN MOULIN",43.28548,5.39882
201500014335,27,5,15,12,1,13,55,2,3,1,5,SAINTE MARTHE (CHEMIN DE,43.33905,5.39231
201500014336,18,2,15,7,1,13,55,2,1,1,6,"264, AVE ROGER SALENGRO",43.32239,5.36773
201500014337,18,5,15,17,1,13,55,2,1,1,5,"108, CAMOINS (AVENUE DES",43.30507,5.51214
201500014338,18,2,15,11,1,13,55,2,1,1,6,"93, CHE DE SAINT JOSEPH",43.35514,5.37022
201500014339,30,5,15,12,1,13,55,2,2,1,3,"208, CHAVE (BOULEVARD)",43.29563,5.39792
201500014340,11,4,15,15,1,13,55,2,2,1,3,"00, STANISLAS TORRENTS (",43.2878,5.37823
201500014341,23,2,15,7,1,13,55,2,1,1,1,"80, AVE CLAUDE MONET",43.32692,5.3955
201500014342,10,2,15,17,1,13,55,2,1,1,6,"90, AVE DE SAINT JEROME",43.33281,5.41995
201500014343,31,5,15,10,1,13,55,2,1,1,3,"78-82, HAMBOURG (BOULEVA",43.25065,5.38858
201500014344,16,2,15,18,1,13,55,2,1,1,6,"27B, BD CHARLES MORETTI",43.32607,5.37717
201500014345,30,5,15,20,1,13,55,2,1,1,6,"15007, PASTEUR (AVENUE)",43.29115,5.35909
201500014346,6,1,15,7,1,13,55,2,1,1,6,"164, AVE JULES CANTINI",43.27989,5.39479
201500014347,31,5,15,15,1,13,55,2,1,1,3,"212, NATIONAL (BOULEVARD",43.30985,5.3795
201500014348,19,2,15,7,2,13,55,2,1,1,6,"24, BD DE LA LIMITE",43.37361,5.36723
201500014349,31,5,15,21,5,13,55,2,1,1,3,"50, MICHELET (BOULEVARD)",43.26545,5.39558
201500014350,18,2,15,19,5,13,55,2,1,1,7,"02, AVE DES ARNAVAUX",43.33196,5.38198
201500014351,31,5,15,18,1,13,55,2,3,1,3,PEYSSONNEL (RUE),43.30915,5.37175
201500014352,13,2,15,21,5,13,55,2,2,2,3,"57, RUE ALPHONSE DAUDET",43.31906,5.40816
201500014353,31,5,15,17,1,13,2,1,1,1,4,"00, PICHAURIS (CHEMIN DE",43.36339,5.49879
201500014354,6,1,15,18,5,13,55,2,2,1,1,"00, PCE PAUL CEZANNE",43.29235,5.38345
201500014355,27,5,15,9,1,13,55,2,2,1,7,"74, DOCTEUR FRÉDÉRIC GRA",43.28101,5.3583
201500014356,2,2,15,17,1,13,55,2,1,1,6,"101, BD MICHELET",43.2673,5.39425
201500014357,29,5,15,11,1,13,55,2,1,1,1,"174, SAINT LOUP (BOULEVA",43.28406,5.43572
201500014358,21,2,15,16,1,13,55,2,1,1,6,"220, RUE CHARLES KADDOUZ",43.3173,5.43809
201500014359,1,6,15,17,1,13,55,2,1,1,6,"11, 24 AVRIL 15 (AVENUE",43.30781,5.42652
201500014360,26,1,15,18,5,13,55,2,1,1,6,"327, AVE DE MONTOLIVET",43.31775,5.41915
201500014361,28,5,15,20,2,13,55,2,1,1,6,"37, MADRAGUE DE MONTREDO",43.23716,5.36335
201500014362,18,2,15,13,1,13,55,2,2,1,6,"65, CRS GOUFFE",43.28546,5.38985
201500014363,27,5,15,8,1,13,55,2,1,1,2,"6, CORDERIE (BOULEVARD D",43.29064,5.37125
201500014364,2,2,15,9,1,13,55,2,1,1,2,"02, RUE DU RACATI",43.30456,5.37608
201500014365,26,5,15,14,1,13,55,2,8,1,6,"1, PAUL GONDARD (RUE)",43.29118,5.38172
201500014366,14,2,15,11,1,13,55,2,1,2,4,"41, CRS LIEUTAUD",43.29314,5.38242
201500014367,2,6,15,14,1,13,55,2,1,1,6,"57, JEAN MERMOZ (RUE)",43.27539,5.38674
201500014368,9,2,15,17,1,13,55,2,2,1,6,"00, CHE DE PALAMA",43.35307,5.43804
201500014369,2,6,15,18,1,13,55,2,1,1,6,"112, WILLIAM BOOTH (AVEN",43.29566,5.4463
201500014370,2,6,15,20,2,13,55,2,1,1,3,"26, PLOMBIERES (RUE DE)",43.31886,5.37356
201500014371,23,1,15,8,1,13,55,2,1,1,1,"00, AVE DE LA PEYPINE",0.0,0.0
201500014372,2,6,15,21,3,13,55,2,1,1,6,LÉON LACHAMP (ROUTE),43.24632,5.43288
201500014373,5,2,15,16,1,13,55,2,1,1,6,"02, BD PHILIPPON",43.30365,5.39314
201500014374,2,6,15,17,1,13,55,1,1,1,6,"19, GEORGE (RUE)",43.29755,5.39771
201500014375,20,2,15,17,1,13,55,2,1,1,6,"87, AVE FREDERIC MISTRAL",43.3226,5.45583
201500014376,3,6,15,16,1,13,55,2,1,1,3,"40, CROIX ROUGE (AVENUE)",43.33138,5.43286
201500014377,23,2,15,21,5,13,55,2,1,1,1,"30, AVE D' HAIFA",43.25278,5.39223
201500014378,3,6,15,15,1,13,55,2,1,1,7,NICOLAS APPERT (RUE),43.33909,5.42034
201500014379,3,6,15,17,1,13,55,2,1,1,2,"300, SAINT PIERRE (RUE)",43.29158,5.40582
201500014380,3,6,15,17,1,13,55,2,1,1,6,"256, PRADO (AVENUE)",43.27498,5.38956
201500014381,3,6,15,10,1,13,55,2,1,1,6,"00, JOSEPH AIGUIER (CHEM",43.25122,5.41206
201500014382,18,2,15,8,1,13,55,2,1,1,6,"19, RUE D' ORANGE",43.31288,5.38627
201500014383,3,6,15,9,1,13,55,2,1,1,1,"00, MIREILLE LAUZE (BOUL",43.28355,5.4174
201500014384,9,2,15,13,1,13,55,2,3,1,3,"131, BD MIREILLE LAUZE",43.2832,5.41182
201500014385,4,6,15,8,1,13,55,2,1,1,6,"34, SAINT JEROME (AVENUE",43.32927,5.41896
201500014386,20,2,15,11,1,13,55,2,1,1,6,"232, BD DE SAINTE MARGUE",43.26319,5.411
201500014387,23,5,15,20,1,13,55,2,9,1,3,"00, SAKAKINI (BOULEVARD)",43.29575,5.40018
201500014388,4,6,15,18,1,13,55,1,1,1,1,"297, SAINT MARCEL (BOULE",43.28627,5.4723
201500014389,5,1,15,6,5,13,55,2,1,1,2,"148, AVE DES CHARTREUX",43.30847,5.40029
201500014390,4,6,15,16,1,13,55,2,1,1,6,FRAIS VALLON (AVENUE),43.32522,5.43368
201500014391,5,6,15,7,1,13,55,2,1,1,5,ALBERT COHEN (RUE),0.0,0.0
201500014392,2,6,15,9,1,13,55,2,1,1,1,"305, LYON (RUE DE)",43.33652,5.363
201500014393,5,6,15,12,1,13,55,2,1,1,6,"42, SAINT JUST (AVENUE D",43.31413,5.40295
201500014394,5,6,15,16,1,13,55,2,2,1,2,"10, BAILLE (BOULEVARD)",43.28637,5.38575
201500014395,5,6,15,9,1,13,55,2,3,1,3,"279, CAILLOLS (AVENUE DE",43.30298,5.4468
201500014396,6,6,15,10,1,13,55,2,2,1,3,"279, CAILLOLS (AVENUE DE",43.303,5.44678
201500014397,1,3,15,20,5,13,55,2,1,1,6,"00, IMP RAVEL",0.0,0.0
201500014398,7,6,15,0,5,13,55,2,1,1,3,MENDES FRANCE (AVENU,43.25777,5.3763
201500014399,27,2,15,8,2,13,55,2,2,2,3,"00, RUE DU TONKIN",43.27702,5.41362
201500014400,7,6,15,2,5,13,55,1,1,1,2,"149,*PRADO (AVENUE)",43.27891,5.38802
201500014401,7,6,15,1,5,13,55,2,1,1,1,61 AVIATEUR LE BRIX (RU,43.25927,5.40063
201500014402,2,2,15,16,1,13,55,2,1,1,2,"00, AVE ALEXANDRE FLEMIN",0.0,0.0
201500014403,6,6,15,16,1,13,55,2,1,1,6,"334, L ARMEE D AFRIQUE (",43.28547,5.42156
201500014404,1,3,15,14,1,13,55,2,1,1,6,"50, CHE DE LA MADRAGUE V",43.32153,5.36495
201500014405,6,6,15,20,2,13,55,2,3,1,5,VISTE (AVENUE DE LA),43.3598,5.35758
201500014406,28,2,15,19,5,13,55,2,1,1,6,AVE RAIMU,0.0,0.0
201500014407,7,6,15,9,1,13,75,1,1,1,3,TERMES (ALLEE DES),43.33825,5.4556
201500014408,25,2,15,15,1,13,55,2,3,1,3,"82, BD DE LA BARASSE RN",43.28583,5.47953
201500014409,3,6,15,10,1,13,55,2,2,1,3,"135, PARADIS (RUE)",43.28788,5.37913
201500014410,18,2,15,18,5,13,55,2,1,1,1,"63, AVE DE LA TIMONE",43.28581,5.4029
201500014411,7,6,15,12,1,13,55,2,2,1,6,"00, CAILLOLS (AVENUE DES",43.30323,5.44963
201500014412,27,2,15,7,2,13,55,2,1,2,1,"00, TRA DES CAILLOLS",0.0,0.0
201500014413,7,6,15,17,1,13,55,2,1,1,1,"27, DÉSIRÉ BIANCO (AVENU",43.28874,5.42557
201500014414,12,2,15,10,1,13,2,2,1,1,7,"611, QUATRE SAISONS (ROU",43.32621,5.4913
201500014415,21,3,15,0,5,13,55,1,1,1,1,"78, JULES MOULET (RUE)",43.28575,5.3736
201500014416,16,2,15,14,1,13,55,2,1,1,6,"55, RTE DES CAMOINS",43.29713,5.49466
201500014417,7,6,15,5,5,13,55,2,1,1,3,SAKAKINI (BOULEVARD),43.29632,5.4003
201500014418,7,6,15,11,1,13,55,2,1,1,6,"88, SAINTE MARTHE (CHEMI",43.32249,5.38946
201500014419,8,2,15,14,1,13,55,2,1,1,4,"134, RUE BRETEUIL",43.2846,5.37815
201500014420,1,6,15,13,1,13,55,2,1,1,6,"71, FRANCOISE DUPARC**BO",43.30387,5.40078
201500014421,19,2,15,18,1,13,55,2,1,1,6,"30, CRS LIEUTAUD",43.29401,5.38214
201500014422,8,6,15,12,1,13,55,2,1,1,3,"41, BRETEUIL (RUE)",43.29067,5.37567
201500014423,14,2,15,16,1,13,55,2,2,8,3,"00, RUE VILLENEUVE",43.30092,5.3824
201500014424,8,6,15,17,1,13,55,2,1,1,3,"163, LUMINY (AVENUE DE)",43.23474,5.4361
201500014425,26,1,15,10,1,13,55,2,1,1,7,TUN TUNNEL ST CHARLES /,0.0,0.0
201500014426,8,6,15,21,5,13,55,2,2,1,3,"38, BARRAL (BOULEVARD)",43.26422,5.39216
201500014427,19,2,15,9,1,13,55,2,3,1,6,"00, CRS LIEUTAUD",43.28993,5.38365
201500014428,8,6,15,21,2,13,55,2,1,1,6,"8, LIBERATION (BOULEVARD",43.29935,5.38648
201500014429,6,2,15,12,1,13,55,2,1,1,6,"18, AVE DE CORINTHE",43.28358,5.39017
201500014430,9,6,15,11,1,13,55,2,3,1,4,"219, CHATEAU GOMBERT CHE",43.34577,5.42482
201500014431,12,2,15,13,1,13,55,2,1,1,2,"188, BD DE PARIS",43.31358,5.36806
201500014432,9,6,15,13,1,13,55,2,1,1,2,"277, SAINT PIERRE (RUE)",43.29192,5.40288
201500014433,12,2,15,14,1,13,55,2,1,1,6,"233, RUE D ENDOUME",43.28427,5.35815
201500014434,9,6,15,17,1,13,55,2,1,1,3,"56, LYON (RUE DE)",43.32524,5.36694
201500014435,17,2,15,12,1,13,55,2,1,1,4,"55, CHE DE LA MADRAGUE V",43.34641,5.35487
201500014436,9,6,15,18,1,13,55,2,1,3,3,"3, COMTESSE (BOULEVARD D",43.31239,5.44747
201500014437,12,2,15,13,1,13,55,2,1,1,6,"02, VSN QUAI DU PORT A L",43.29625,5.37152
201500014438,9,6,15,23,5,13,55,2,1,1,2,"26, MICHELET (BOULEVARD)",43.27091,5.39197
201500014439,14,2,15,14,1,13,55,2,2,3,3,"101, RUE ALBERT",43.33021,5.42114
201500014440,9,6,15,20,1,13,55,2,1,1,2,"614, PRADO (AVENUE)",43.26224,5.37466
201500014441,26,2,15,17,1,13,55,2,1,1,2,BD JEAN MOULIN,0.0,0.0
201500014442,9,6,15,1,5,13,55,2,1,1,6,"76, FRANCOISE DUPARC (BO",43.3043,5.40102
201500014443,6,2,15,20,5,13,55,2,1,1,5,"84, BD DE LA CORDERIE",43.29022,5.36867
201500014444,3,7,15,17,1,13,55,2,1,1,2,"75, SAINTE MARTHE (CHEMI",43.32202,5.38934
201500014445,23,7,15,8,1,13,106,2,1,1,7,"00, TUBIE (ROUTE DE)",43.40932,5.36652
201500014446,10,6,15,12,1,13,55,2,3,1,3,"164, PLOMBIERES (BOULEVA",43.31848,5.37955
201500014447,10,6,15,6,1,13,55,2,3,1,6,"1, CORINTHE (AVENUE DE)",43.28488,5.39064
201500014448,5,6,15,5,1,13,55,2,1,1,3,"437, PRADO (AVENUE)",43.26728,5.38354
201500014449,10,6,15,22,5,13,55,2,1,1,5,"118, BLANCARDE (BOULEVAR",43.3034,5.40473
201500014450,11,6,15,6,1,13,55,2,1,1,3,"10, PANTHEON  (TRAVERSE",43.27818,5.40383
201500014451,11,6,15,8,1,13,55,2,3,1,3,"348, POILUS (AVENUE DES)",43.31394,5.46292
201500014452,11,6,15,9,1,13,55,2,1,1,2,"03, SEBASTOPOL (PLACE)",43.2987,5.39764
201500014453,11,6,15,12,1,13,55,2,3,1,3,"129, CAILLOLS (AVENUE DE",43.30418,5.43486
201500014454,18,5,15,17,1,13,55,2,1,1,3,"12, GROGNARDE (AVENUE DE",43.29209,5.43546
201500014455,8,3,15,5,5,13,55,2,1,1,6,"173, COR PRESIDENT JOHN",43.28507,5.35019
201500014456,11,6,15,16,1,13,55,2,1,1,6,"42, PIERRE PUGET (COURS)",43.29017,5.37344
201500014457,11,2,15,11,1,13,55,2,1,1,6,"200, RUE D ENDOUME",43.28593,5.36018
201500014458,11,6,15,19,1,13,55,2,1,1,6,12 NATIONALE (RUE),43.2994,5.37694
201500014459,23,1,15,8,2,13,55,2,1,1,1,"12, RUE JEAN BAPTISTE RE",43.28094,5.39727
201500014460,6,6,15,21,5,13,55,2,1,1,1,CHATEAU GOMBERT CHEMIN,43.3417,5.41996
201500014461,6,3,15,6,5,13,55,2,1,1,7,"67, AVE BENJAMIN DELESSE",43.28489,5.40448
201500014462,11,6,15,12,1,13,55,2,1,1,6,"58, ROUET (RUE DU)",43.28301,5.38725
201500014463,25,2,15,18,2,13,55,2,1,1,6,"109, RUE LOUBON",43.31274,5.38388
201500014464,9,6,15,20,2,13,55,2,2,1,1,"183, ROME (RUE DE)",43.28774,5.38266
201500014465,3,3,15,14,1,13,55,2,1,1,6,"100000, RUE DE RUFFI",0.0,0.0
201500014466,12,6,15,7,1,13,55,2,1,3,2,SAINT LOUIS (AVENUE DE),43.35121,5.35843
201500014467,9,3,15,7,1,13,55,2,1,1,6,"39, RUE DE LYON",43.32455,5.36716
201500014468,12,6,15,11,1,13,55,2,3,1,3,AMPERE (BOULEVARD),43.34147,5.3731
201500014469,27,2,15,13,1,13,55,2,1,1,6,AVE ANDRE ROUSSIN,0.0,0.0
201500014470,13,6,15,10,1,13,55,2,1,1,2,"12, ANATOLE DE LA FORGE",43.31403,5.39804
201500014471,1,3,15,12,1,13,55,2,1,2,6,"43, AVE ALEXANDRE ANSALD",43.33337,5.40303
201500014472,13,6,15,13,1,13,55,2,1,1,3,", GRANIERE (RUE DE LA)",43.28742,5.45794
201500014473,10,6,15,21,2,13,55,2,3,1,1,"1, SAINT HENRI (CHEMIN D",43.35366,5.33656
201500014474,4,3,15,14,1,13,55,2,1,1,6,"04, BD DE LA CARTONNERIE",43.29255,5.45804
201500014475,14,6,15,2,5,13,55,2,3,3,6,"00, BOUYALA D'ARNAUD (BO",43.29959,5.43983
201500014476,5,1,15,5,5,13,55,2,1,1,7,"00, BD DE L' HUVEAUNE",0.0,0.0
201500014477,13,6,15,8,1,13,55,2,1,1,3,"133, BAILLE (BOULEVARD)",43.28833,5.39223
201500014478,11,2,15,16,1,13,55,2,1,1,6,"162, AVE DES PEINTRES RO",43.29988,5.4774
201500014479,11,6,15,15,1,13,55,2,1,1,2,"1, PLOMBIERES (BOULEVARD",43.32025,5.37708
201500014480,2,3,15,14,1,13,55,2,1,1,6,"00, AVE DU PRADO",0.0,0.0
201500014481,27,5,15,9,1,13,55,2,1,1,6,"74, SAINT LOUP (BOULEVAR",43.28233,5.43035
201500014482,13,6,15,19,1,13,55,2,1,1,3,"157, LÉON LACHAMP (ROUTE",43.24899,5.44243
201500014483,4,3,15,23,5,13,55,2,1,1,6,"22, AVE DE LA VISTE",43.35492,5.35726
201500014484,12,2,15,11,1,13,55,2,1,1,6,"16, RUE GASTON BERGER",43.26854,5.41418
201500014485,14,5,15,13,1,13,55,2,1,1,6,"24, MERLAN (AVENUE)",43.33362,5.40744
201500014486,11,3,15,8,1,13,55,2,1,1,6,"39, AVE CLAUDE MONET",43.32554,5.39413
201500014487,14,6,15,15,1,13,55,2,1,1,2,"1, WILLIAM BOOTH *AVENUE",43.29493,5.44403
201500014488,11,3,15,10,1,13,55,2,4,1,6,"73, AVE DE FRAIS VALLON",43.32553,5.4305
201500014489,14,6,15,17,1,13,55,2,3,1,3,"00, MAZARGUES (AVENUE DE",43.25739,5.39428
201500014490,11,3,15,16,1,13,55,2,1,1,1,"28, RUE EDMOND JALOUX",43.32844,5.38219
201500014491,14,6,15,20,1,13,55,2,1,1,6,"55, MARÉCHAL DE LATTRE (",43.24728,5.40714
201500014492,11,3,15,10,1,13,55,2,1,1,6,"154, AVE JULES CANTINI",43.28022,5.39417
201500014493,14,6,15,20,1,13,55,2,7,1,1,23-25 YVES CHAPUIS,43.29774,5.40501
201500014494,14,6,15,22,5,13,55,1,1,1,3,159 VISTE (AVENUE DE LA),43.36336,5.35714
201500014495,27,2,15,8,1,13,55,2,2,2,6,"34, RUE SAINTE BARBE",43.30167,5.37447
201500014496,14,6,15,19,1,13,55,2,1,1,6,"55, LUMINY (AVENUE DE)",43.24058,5.43869
201500014497,11,3,15,11,1,13,55,2,2,1,3,rue DE LA JOLIETTE,43.30291,5.36982
201500014498,12,6,15,18,1,13,2,1,1,1,6,"589, MILLE ECUS (TRAVERS",43.33474,5.4688
201500014499,13,3,15,16,1,13,55,2,1,1,6,"36, CHE DU PASSET",43.36052,5.33441
201500014500,10,6,15,18,1,13,55,2,3,1,3,CORNICHE KENNEDY,43.28031,5.35352
201500014501,15,6,15,13,1,13,55,2,2,1,3,PEYSSONNEL (RUE),43.31032,5.3711
201500014502,25,1,15,13,1,13,55,2,1,1,6,"01, BD LIONEL TERRAY",43.31559,5.40376
201500014503,15,6,15,10,1,13,2,1,1,1,3,PROVENCE (AVENUE DE),0.0,0.0
201500014504,16,6,15,8,1,13,55,2,1,1,2,"280, SAINTE MARGUERITE (",43.2623,5.41343
201500014505,15,6,15,15,1,13,55,2,1,1,6,"11, FRÉDÉRIC CHEVILLON (",43.30071,5.3855
201500014506,23,2,15,10,1,13,55,2,1,1,6,"08, AVE JEAN LOMBARD",43.28931,5.42732
201500014507,15,6,15,18,1,13,55,2,1,1,2,458**MARIUS DIOULOUFET (,43.33437,5.4377
201500014508,16,6,15,23,5,13,55,2,2,2,3,JEAN MOULIN (BOULEVA,43.28624,5.39912
201500014509,17,5,15,21,2,13,55,2,1,1,6,"19, SAINTE MARTHE (CHEMI",43.31858,5.39029
201500014510,15,3,15,8,1,13,55,2,2,2,3,"12, RUE EMILE DUCLAUX",43.29669,5.4021
201500014511,19,2,15,15,1,13,55,2,1,1,6,"226, CHE DE SAINT ANTOIN",43.36181,5.36374
201500014512,16,6,15,22,5,13,55,2,1,2,3,"127, MERLAN (AVENUE DU)",43.34226,5.40796
201500014513,16,6,15,18,1,13,55,2,1,2,3,"24, SAINT MARCEL (BOULEV",43.28866,5.45695
201500014514,17,6,15,7,1,13,55,1,1,1,5,"130, RABATAU (BOULEVARD)",43.27851,5.39924
201500014515,17,6,15,8,1,13,55,2,1,1,2,SAINTE MARTHE**CHEMIN DE,43.33322,5.39047
201500014516,17,6,15,12,1,13,55,2,1,1,1,"59, CAPELETTE (AVENUE DE",43.28321,5.40158
201500014517,17,6,15,15,1,13,106,2,1,7,6,"2, TUBIE (ROUTE DE)",43.40877,5.36628
201500014518,17,6,15,15,1,13,55,2,1,1,7,"10, LACEPEDE (RUE)",43.30448,5.39772
201500014519,17,6,15,20,1,13,55,2,1,1,3,"55, BOURRELY (CHEMIN*DES",43.37995,5.362
201500014520,17,6,15,20,2,13,55,2,3,1,2,"135, SAINT PIERRE (RUE)",43.29195,5.39369
201500014521,5,3,15,13,1,13,55,2,1,1,6,"139, AVE DE SAINT LOUIS",43.3479,5.359
201500014522,17,6,15,12,1,13,55,2,1,1,3,"34, AVENUE DU VALLON D'O",43.38512,5.36212
201500014523,18,6,15,6,1,13,55,2,1,1,2,"04, HENRI BARNIER *BOULE",43.37336,5.35408
201500014524,30,5,15,16,1,13,55,2,1,1,3,"94, GIRARDIN (RUE)",43.28954,5.35757
201500014525,18,6,15,15,1,13,55,2,3,1,2,"73, SAINT MARCEL (BOULEV",43.28882,5.46136
201500014526,18,6,15,15,1,13,55,2,1,1,3,"261, MICHELET (BOULEVARD",43.26067,5.39797
201500014527,19,6,15,1,5,13,55,2,2,1,3,"195, SAINTE MARGUERITE (",43.26484,5.40944
201500014528,19,6,15,2,5,13,55,2,1,1,6,"25, DUGOMMIER (BOULEVARD",43.29872,5.38091
201500014529,16,6,15,10,1,13,55,2,1,1,3,CASSIN (RUE),43.31631,5.37326
201500014530,7,3,15,16,1,13,55,2,1,1,6,"67, RUE D ENDOUME",43.2876,5.36601
201500014531,19,6,15,15,1,13,55,2,1,1,3,"11, PLOMBIERES (BOULEVAR",43.31497,5.38759
201500014532,28,2,15,13,1,13,55,2,1,1,6,"110, BD DE SAINT LOUP",43.28275,5.43217
201500014533,19,6,15,16,1,13,55,2,1,1,2,LUMINY (AVENUE DE),0.0,0.0
201500014534,15,3,15,3,5,13,55,1,1,1,3,MICHELET (BOULEVARD),0.0,0.0
201500014535,14,3,15,20,5,13,55,2,1,2,2,"95, COR PRESIDENT JOHN F",43.28863,5.35356
201500014536,19,6,15,20,1,13,55,1,1,1,6,SAINT LOUIS (AVENUE DE),43.34514,5.35934
201500014537,20,6,15,0,5,13,55,2,1,1,6,"24, GARIBALDI (BOULEVARD",43.29648,5.38133
201500014538,19,6,15,10,1,13,55,2,1,1,7,"82, NATIONALE (RUE)",43.29925,5.38018
201500014539,8,6,15,10,1,13,55,2,1,1,2,"0, GÉNÉRAL LECLERC (RUE)",0.0,0.0
201500014540,27,2,15,11,1,13,55,2,1,1,4,"00, BD JEAN MOULIN",0.0,0.0
201500014541,18,6,15,19,1,13,55,2,1,1,3,"38-40, DÉSIRÉ BIANCO (AV",43.28769,5.42519
201500014542,28,2,15,10,1,13,55,2,3,1,3,"59, AVE DE LA CAPELETTE",43.28311,5.4017
201500014543,19,6,15,8,1,13,55,2,1,1,6,"5, SIPHON (TRAVERSE DU)",43.30969,5.39627
201500014544,7,3,15,13,1,13,55,2,2,1,3,"39, RUE DIEUDE",43.29241,5.38214
201500014545,20,6,15,4,1,13,55,2,2,1,3,43-45 CONSOLAT (RUE),43.30061,5.38835
201500014546,4,3,15,7,1,13,55,2,1,1,2,"72, AVE DES CAILLOLS",43.30353,5.42996
201500014547,10,6,15,7,2,13,55,2,3,2,1,"02, EUGENE PIERRE (BOULE",43.29881,5.39048
201500014548,3,3,15,20,5,13,55,2,1,1,6,AVE JEAN PAUL SARTRE,0.0,0.0
201500014549,20,6,15,18,1,13,55,2,1,1,6,"00, ANTONIN ARTAUD (PLAC",0.0,0.0
201500014550,11,3,15,17,1,13,55,2,1,1,6,"0280, VSN MICHELET CONTR",43.26179,5.39715
201500014551,20,6,15,19,1,13,55,2,1,1,3,"99, MAZARGUES (AVENUE DE",43.26766,5.39315
201500014552,20,6,15,17,1,13,2,2,1,1,6,"Allée des Termes,",0.0,0.0
201500014553,6,3,15,14,1,13,55,2,3,1,3,"00, BD FERDINAND DE LESS",43.31968,5.37119
201500014554,21,6,15,14,1,13,55,2,1,1,2,"339, MADRAGUE VILLE (RUE",43.33767,5.3578
201500014555,2,3,15,13,1,13,55,2,1,1,6,AVE JEAN PAUL SARTRE,0.0,0.0
201500014556,21,6,15,23,5,13,55,2,9,1,6,"142, CANEBIERE  81 A F",43.29859,5.38387
201500014557,1,3,15,19,5,13,55,2,1,1,6,"243, BD NATIONAL",43.31074,5.37854
201500014558,22,6,15,1,3,13,55,2,1,1,3,"2, CARGO RHIN FIDELI (RU",43.32699,5.35594
201500014559,5,3,15,10,1,13,55,2,1,1,6,"68, BD DU CAPITAINE GEZE",43.33146,5.37556
201500014560,9,6,15,11,1,13,55,2,1,1,3,"2, 24 AVRIL 15 (AVENUE D",43.30763,5.42556
201500014561,20,6,15,13,1,13,55,2,1,1,3,"289, ALBERT EINSTEIN ***",43.34596,5.44848
201500014562,2,3,15,10,1,13,55,2,1,1,6,"00, CHE DU ROY D' ESPAGN",0.0,0.0
201500014563,16,6,15,9,1,13,55,2,1,1,3,"102, LIBERATION (BOULEVA",43.30109,5.39136