Num_Acc,jour,mois,an,hr,condition_eclairage,departement,commune,condition_agglomeration,intersection,condition_atmosphere,type_collision,adresse,lattitude,longitude
201500014564,7,3,15,8,1,13,55,2,2,1,3,"26, AVE ANDRE ZENATTI",43.24705,5.38291
201500014565,22,6,15,7,1,13,55,2,1,1,6,"00, HAMBOURG (BOULEVARD)",43.25095,5.38822
201500014566,13,2,15,12,1,13,55,2,3,1,2,"28, RUE DU DOCTEUR ESCAT",43.28348,5.38235
201500014567,22,6,15,8,1,13,55,2,3,1,3,MENDES FRANCE (AVENUE),43.25338,5.37607
201500014568,13,3,15,19,5,13,55,2,1,1,4,"222, RUE SAINT PIERRE",43.29255,5.40066
201500014569,16,6,15,11,1,13,55,2,1,1,3,"12, MILLIE MATHYS (AVENU",43.36525,5.34801
201500014570,26,2,15,11,1,13,55,2,1,1,6,"147, BD BAILLE",43.28943,5.39656
201500014571,22,6,15,13,1,13,55,1,1,1,2,CLOT BEY (AVENUE),43.26029,5.387
201500014572,2,3,15,15,1,13,55,2,1,1,3,"58, AVE DES BUTRIS",43.29904,5.45285
201500014573,22,6,15,13,1,13,55,2,2,1,3,"152, MICHELET (BOULEVARD",43.26513,5.39546
201500014574,7,3,15,10,1,13,55,2,1,1,6,"110, CHE DE LA COLLINE S",43.2507,5.41547
201500014575,22,6,15,16,1,13,55,2,3,1,3,"8, JEAN ROUBIN (CHEMIN)",43.24598,5.4183
201500014576,11,2,15,12,1,13,55,2,3,1,6,"00, PCE DE LA GARE DE LA",43.29609,5.40621
201500014577,22,6,15,17,1,13,55,2,1,1,2,"10, RUE MATHILDE",43.33408,5.36138
201500014578,23,6,15,9,1,13,55,2,1,1,6,"3, FONDERE (RUE)",43.30185,5.39855
201500014579,7,3,15,19,5,13,55,2,1,1,6,"04, RUE CARNAVALET",43.26201,5.4022
201500014580,23,6,15,10,1,13,55,2,1,1,6,"04, CORINTHE (AVENUE DE)",43.28468,5.3905
201500014581,11,6,15,17,1,13,55,2,6,1,3,"400, LITTORAL (CHEMIN DU",43.34796,5.34395
201500014582,15,6,15,17,1,13,55,1,1,1,3,"00, LITTORAL (CHEMIN DU)",43.35832,5.32637
201500014583,24,6,15,7,1,13,55,2,1,1,6,"10, OCEAN (BOULEVARD***",43.24156,5.3985
201500014584,4,3,15,14,1,13,55,2,1,1,2,AVE DES AYGALADES,0.0,0.0
201500014585,24,6,15,9,1,13,55,2,2,1,6,"29, ROGER SCHIAFFINI (RU",43.31152,5.38602
201500014586,10,3,15,9,1,13,55,2,3,1,3,"358, RUE SAINT PIERRE",43.29173,5.40896
201500014587,4,6,15,15,1,13,55,1,1,1,3,"181, CAPELETTE (AVENUE D",43.28053,5.408
201500014588,10,3,15,13,1,13,55,2,1,1,6,"216, RUE PARADIS",43.28337,5.38103
201500014589,20,6,15,13,1,13,55,2,1,1,2,"260, HENRI BARNIER (BOUL",43.36439,5.34222
201500014590,30,1,15,11,1,13,55,2,1,1,2,"16, PCE DES MARSEILLAISE",43.30183,5.38167
201500014591,24,6,15,14,1,13,55,2,1,1,6,"243, PARIS (BOULEVARD DE",43.3116,5.36926
201500014592,13,3,15,8,1,13,55,2,1,1,2,"51, AVE ANDRE ZENATTI",43.24635,5.38763
201500014593,24,6,15,19,1,13,55,1,1,1,2,CLUE (CHEMIN DE LA),43.30961,5.50168
201500014594,24,6,15,19,1,13,55,2,1,1,6,"31, PAUL COXE (RUE)",43.34668,5.37826
201500014595,24,6,15,19,1,13,55,2,2,1,1,"20-22, CORSE (AVENUE DE",43.2895,5.36444
201500014596,12,3,15,22,5,13,55,2,3,1,3,"00, BD DU REDON",43.25417,5.42082
201500014597,24,6,15,20,2,13,55,2,1,1,2,"17, POMPIDOU (PROMENADE)",43.26677,5.3726
201500014598,13,3,15,12,1,13,55,2,1,1,6,"01, BD DUGOMMIER",43.29762,5.38098
201500014599,24,6,15,22,5,13,55,1,2,1,2,"00, PRADO (AVENUE)",43.28195,5.38563
201500014600,10,3,15,21,5,13,55,2,1,2,6,"258, AVE DU PRADO",43.27441,5.39022
201500014601,24,6,15,21,1,13,55,2,3,1,3,"32, FENOUIL (BOULEVARD)",43.36262,5.32083
201500014602,5,2,15,21,5,13,55,2,1,1,6,"03, BD CHARLES NEDELEC",43.30246,5.37715
201500014603,2,6,15,8,1,13,55,2,1,1,6,"21, COMMANDANT GUILBAUD",43.26686,5.40377
201500014604,18,2,15,8,1,13,55,2,1,1,6,"07, RUE DE LA GUADELOUPE",43.28176,5.37452
201500014605,31,5,15,12,1,13,55,2,1,1,3,"32, MIREILLE LAUZE (BOU",43.28239,5.40562
201500014606,25,6,15,15,1,13,55,2,3,1,3,Rue Daumier,43.27886,5.38806
201500014607,13,3,15,19,5,13,55,2,1,1,6,"17, RUE AVIATEUR LE BRIX",43.26254,5.40466
201500014608,26,6,15,22,5,13,55,1,2,1,3,"50, MIRES (RUE)",43.3116,5.37133
201500014609,24,6,15,4,5,13,55,2,1,1,6,"174, COLGATE*(TRAVERSE)",43.23249,5.40383
201500014610,25,6,15,11,1,13,55,2,3,1,6,"29, BAILLE (BOULEVARD)",43.2868,5.38689
201500014611,6,3,15,7,2,13,55,2,2,1,3,"14, RUE STANISLAS TORREN",43.28898,5.37765
201500014612,26,6,15,6,1,13,55,2,3,1,6,"72, 24 AVRIL 15 (AVENUE",43.308,5.43202
201500014613,17,6,15,17,1,13,55,2,2,1,3,"10, REPUBLIQUE (RUE DE L",43.29694,5.37366
201500014614,22,2,15,10,1,13,55,1,1,1,6,"13, AVE DE LA POINTE ROU",43.2486,5.37509
201500014615,26,6,15,10,1,13,55,2,1,1,6,"36, ACCOULES (MONTEE DES",43.29772,5.36672
201500014616,24,2,15,11,1,13,55,2,3,1,6,"121, CHE DE GIBBES",43.32412,5.38212
201500014617,10,6,15,9,1,13,55,2,1,1,3,"94, JEAN LOMBARD (AVENUE",43.28893,5.4326
201500014618,26,5,15,20,2,13,55,2,1,1,3,JENNY HELIA (AVENUE),43.36644,5.35561
201500014619,13,3,15,20,5,13,55,2,2,1,3,"01, CHE DU PASSET",43.36133,5.33722
201500014620,27,6,15,0,3,13,55,2,1,1,3,"105, MARÉCHAL DE LATTRE",43.24552,5.41254
201500014621,27,6,15,1,5,13,55,2,1,1,1,"40, CAMOINS (AVENUE DES)",43.30507,5.5121
201500014622,16,3,15,7,1,13,55,2,1,1,6,"34, BD DU CAPITAINE GEZE",43.33025,5.37004
201500014623,27,6,15,1,5,13,55,2,1,1,7,"41, CAMOINS (AVENUE DES)",43.30522,5.51188
201500014624,27,6,15,8,1,13,55,2,1,1,3,"58, MAZARGUES",43.2685,5.38875
201500014625,27,6,15,16,1,13,55,2,1,1,6,"2, LANCIER (CHEMIN DU)",43.24915,5.39674
201500014626,14,3,15,18,1,13,55,2,1,1,6,"87, BD CHARLES LIVON",43.29196,5.3583
201500014627,27,6,15,6,1,13,55,2,1,1,7,"122, CORNICHE KENNEDY",43.28287,5.35051
201500014628,27,6,15,5,5,13,55,2,1,1,7,"01, JEAN QUEILLAU (RUE)",43.33489,5.3853
201500014629,10,6,15,8,1,13,55,2,3,1,4,"103, SAKAKINI (BOULEVARD",43.29269,5.40141
201500014630,24,4,15,13,1,13,55,2,1,1,2,"129, MAZARGUES (AVENUE D",43.26616,5.38999
201500014631,28,6,15,13,1,13,55,2,1,1,4,SALVADOR ALLENDE (RUE),43.32998,5.3965
201500014632,1,2,15,14,1,13,55,2,1,1,6,"24, BD DU METRO",0.0,0.0
201500014633,28,6,15,19,1,13,55,2,1,1,2,"59, SAINT PAUL (AVENUE)",43.32824,5.40689
201500014634,29,6,15,0,5,13,2,2,1,1,7,"517-566, ETIENNE CUCCA",43.36184,5.49389
201500014635,22,6,15,17,1,13,55,2,1,1,6,"25, SUD PERE LO (RUE",0.0,0.0
201500014636,29,6,15,9,1,13,55,2,1,1,6,"6, HUVEAUNE (BOULEVARD D",43.27092,5.4041
201500014637,29,6,15,9,1,13,55,2,2,1,3,"1, ROGER BRUN (RUE)",43.28672,5.39036
201500014638,10,3,15,12,1,13,55,2,1,1,7,"43, RUE PIERRE BERANGER",43.31145,5.44639
201500014639,29,6,15,11,1,13,55,2,3,1,6,"2, PROVENCE (RUE DE)",43.30149,5.39602
201500014640,17,6,15,13,1,13,55,2,1,1,1,"61, MORGIOU (CHEMIN DE)",43.24295,5.4063
201500014641,25,6,15,8,1,13,55,2,3,1,3,"24, ALBERT EINSTEIN (RUE",0.0,0.0
201500014642,26,6,15,9,1,13,55,2,1,1,3,"27, DÉSIRÉ BIANCO ***",43.28873,5.4256
201500014643,29,6,15,13,1,13,55,2,1,1,3,"230, CHARLES KADDOUZ (RU",43.3177,5.43869
201500014644,13,3,15,14,1,13,55,2,1,1,6,"116, AVE DES POILUS",43.32395,5.45612
201500014645,29,6,15,16,1,13,55,2,3,1,2,"129-131, FRANCOISE DUPAR",43.30737,5.40144
201500014646,14,3,15,5,2,13,55,2,2,1,7,AVE DE MAZARGUES,43.25012,5.39597
201500014647,29,6,15,18,1,13,55,1,2,1,1,"48, PAUL CLAUDEL (BOULEV",43.26852,5.40914
201500014648,11,3,15,16,1,13,55,2,3,1,6,"176, BD MICHELET",43.26375,5.39623
201500014649,30,6,15,1,5,13,55,2,1,1,2,"141 , CHARLES SUSINI",43.34095,5.41131
201500014650,30,6,15,8,1,13,55,1,1,1,3,93-97 St JEAN DU DESERT,43.29564,5.43336
201500014651,29,6,15,19,1,13,55,2,1,1,3,"130, MADRAGUE VILLE (RUE",43.32694,5.36063
201500014652,30,6,15,15,1,13,55,2,2,1,3,DAMES (BOULEVARD DES),43.30309,5.36664
201500014653,30,6,15,22,2,13,55,2,1,1,6,"29, VINCENT DELPUECH (BO",43.28297,5.3907
201500014654,15,3,15,13,1,13,55,2,2,1,5,"00, BD ROMAIN ROLLAND",43.27592,5.4174
201500014655,30,6,15,20,2,13,55,2,1,1,2,"17, MONTREDON (AVENUE DE",43.24482,5.37261
201500014656,12,3,15,12,1,13,55,2,1,1,6,"85, RTE DES CAMOINS",43.29748,5.49674
201500014657,1,7,15,2,5,13,55,2,1,1,2,"94-98, RABATAU",43.27652,5.39763
201500014658,25,7,15,10,1,13,55,2,1,1,6,"458, LYON (RUE DE)",43.34205,5.35998
201500014659,1,7,15,9,1,13,55,2,1,1,6,"87, SAINT JULIEN (AVENUE",43.30656,5.42091
201500014660,1,7,15,20,1,13,55,2,3,1,3,"00, BELGES (QUAI DES)",43.29528,5.37442
201500014661,1,7,15,3,5,13,55,2,1,1,6,"14, PIERRE BERANGER (RUE",43.31157,5.4443
201500014662,2,7,15,0,5,13,55,2,1,1,6,"174, CORNICHE KENNEDY",43.27959,5.35353
201500014663,30,6,15,16,1,13,55,2,1,1,1,"22, MERLAN (AVENUE)",43.33223,5.40674
201500014664,1,7,15,12,1,13,75,2,3,1,3,"15, ANDRE MALRAUX (BD)",43.34713,5.46164
201500014665,2,7,15,13,1,13,55,2,1,1,2,144 PEINTRES ROUX,43.30168,5.47541
201500014666,2,7,15,13,1,13,55,2,1,1,3,"26, BRIANCON (BOULEVARD)",43.31814,5.3703
201500014667,1,7,15,16,1,13,55,2,1,1,3,"40, LIBERTE (BOULEVARD D",43.30133,5.38332
201500014668,2,7,15,19,1,13,55,2,1,1,4,"50, BUREL (BOULEVARD ET",43.31728,5.38325
201500014669,1,1,15,6,5,13,55,2,1,1,7,"158, VOI LA CANEBIERE",43.29876,5.38436
201500014670,30,6,15,4,3,13,55,2,2,1,3,"52-54, LIBERATION",43.30019,5.38873
201500014671,4,3,15,12,1,13,55,2,3,1,3,"58, BD NOTRE DAME",43.2878,5.37347
201500014672,1,7,15,15,1,13,55,2,1,1,2,"110, ALEX. FLEMING",43.31656,5.39873
201500014673,2,7,15,13,1,13,55,2,1,1,6,"18-20, PROVENCE",43.30173,5.39715
201500014674,3,7,15,6,1,13,55,1,1,1,6,"00, RUE DES TILLEULS",0.0,0.0
201500014675,2,7,15,16,1,13,55,2,1,1,1,"233, PAUL CLAUDEL (BOULE",43.26891,5.42012
201500014676,26,6,15,9,1,13,55,2,1,1,3,"36, RABATAU (BOULEVARD)",43.27422,5.39405
201500014677,30,5,15,5,2,13,55,1,1,1,3,"00, LITTORAL (CHEMIN DU)",0.0,0.0
201500014678,3,7,15,14,1,13,55,2,1,1,6,CHEMIN DU MERLAN A LA RO,0.0,0.0
201500014679,3,7,15,14,1,13,55,2,1,1,6,"01, BELGES (QUAI DES)",43.29509,5.37446
201500014680,3,7,15,16,1,13,55,2,1,1,3,"7, JEAN BOUIN (AVENUE)",43.26719,5.40315
201500014681,14,3,15,18,2,13,55,2,3,2,6,"00, AVE ALEXANDRE FLEMIN",43.31592,5.40074
201500014682,3,7,15,16,1,13,55,2,1,1,3,"01, BARA (BOULEVARD)",43.35182,5.43897
201500014683,3,7,15,17,1,13,55,1,1,1,6,"101, MICHELET (BOULEVARD",43.26748,5.39441
201500014684,3,7,15,17,1,13,55,2,1,1,3,LE CHATELIER,43.34911,5.37526
201500014685,3,7,15,18,1,13,55,2,1,1,4,BASILE BARRELIER (BOULEV,0.0,0.0
201500014686,27,6,15,3,5,13,55,2,1,1,3,"00, MIREILLE LAUZE (BOUL",43.28359,5.41748
201500014687,3,7,15,19,1,13,55,2,1,1,2,"13, BOISERAIE (RUE)",43.29794,5.4216
201500014688,3,7,15,23,3,13,55,2,1,1,1,"94, BAILLE**BOULEVARD)",43.28769,5.39043
201500014689,2,7,15,19,1,13,2,1,1,1,7,ETIENNE CUCCA-CD908 (AVE,0.0,0.0
201500014690,4,7,15,6,5,13,55,2,1,1,2,"65, AUDIENCE (RUE DE L')",43.29593,5.48715
201500014691,3,7,15,16,1,13,55,2,3,1,6,"88, MAZARGUES (AVENUE DE",43.26748,5.38937
201500014692,4,7,15,13,1,13,55,2,1,1,1,"138, VALBARELLE (BOULEVA",43.2882,5.45076
201500014693,4,7,15,12,1,13,55,2,1,1,1,"48, PAUL CLAUDEL (BOULEV",43.26849,5.40907
201500014694,4,7,15,14,1,13,55,2,3,1,3,"73, JEAN LOMBARD (AVENUE",43.289,5.4336
201500014695,13,3,15,12,1,13,55,2,1,1,6,"01, RUE DU REMPART",43.28867,5.36551
201500014696,4,7,15,19,2,13,55,2,1,1,1,SAINTE MARTHE (CHEMIN DE,43.32139,5.38964
201500014697,4,7,15,19,1,13,55,2,1,1,3,"321, JEAN QUEILLAU",43.33448,5.38528
201500014698,22,6,15,11,1,13,55,2,9,1,6,"376, LYON (RUE DE)",43.33849,5.36234
201500014699,5,7,15,9,1,13,55,2,1,1,2,"540, MADRAGUE VILLE (RUE",43.34705,5.35538
201500014700,30,6,15,11,1,13,55,1,1,1,6,Col de la Gineste,43.23712,5.503
201500014701,12,6,15,20,1,13,55,2,1,3,3,"295, CHAVE (BOULEVARD)",43.29617,5.40523
201500014702,5,7,15,20,1,13,55,2,1,1,7,"2, LINOTS (RUE)",43.31386,5.40718
201500014703,5,7,15,14,1,13,55,2,1,1,6,ALLAUCH A AUBAGNE (ROUTE,43.3115,5.49972
201500014704,6,7,15,16,1,13,55,2,1,1,3,"37BIS, MORETTI (BOULEVAR",43.32498,5.38241
201500014705,30,6,15,18,1,13,55,2,2,1,3,"44, ITALIE (RUE D')",43.28884,5.3829
201500014706,6,7,15,16,1,13,55,2,4,1,6,"69, CANEBIERE     1 A 79",43.29712,5.37968
201500014707,3,7,15,3,5,13,55,2,1,1,7,"25, COLLET (BOULEVARD DU",43.25105,5.37943
201500014708,7,7,15,11,1,13,55,2,1,1,6,"40, SABLIERE (ROUTE DE L",43.29231,5.47938
201500014709,6,7,15,19,1,13,55,2,1,1,3,"00, ESTAQUE PLAGE",43.35988,5.31592
201500014710,7,7,15,21,5,13,55,2,1,1,1,"41, CANEBIERE    30 A 68",43.29628,5.37734
201500014711,7,7,15,17,1,13,55,2,1,1,3,"50, ANATOLE DE LA FORGE",43.33643,5.39717
201500014712,7,7,15,11,1,13,55,2,1,1,2,"00, QUATRE SEPT (PLACE D",43.28858,5.35902
201500014713,25,6,15,7,1,13,55,2,1,1,1,"02, VINCENT VAN GOGH (RU",43.29897,5.42939
201500014714,27,2,15,16,1,13,55,2,2,1,3,"142, AVE DE TOULON",43.28473,5.39214
201500014715,20,6,15,11,1,13,55,2,1,1,2,"34, SCHLOESING ***",43.27364,5.40045
201500014716,7,7,15,10,1,13,55,2,1,1,3,"96, CAMOINS (AVENUE DES)",43.30507,5.51212
201500014717,8,7,15,9,1,13,55,2,2,1,3,"2, SAINTE CECILE (RUE)",43.28673,5.39037
201500014718,8,7,15,14,1,13,55,2,1,1,1,"0, SAINTE MARGUERITE (BO",43.26745,5.40784
201500014719,8,7,15,21,1,13,55,2,1,6,7,"391, ROMAIN ROLLAND (BOU",43.27058,5.40743
201500014720,13,6,15,12,1,13,55,2,1,1,6,"00, LIBERATION (BOULEVAR",43.30092,5.39082
201500014721,9,7,15,13,1,13,55,2,1,1,6,"118, ROGER SALENGRO (AVE",43.31472,5.37042
201500014722,9,7,15,18,1,13,55,2,1,1,6,"2, BAILLE (BOULEVARD)",43.28634,5.38568
201500014723,9,7,15,20,2,13,55,2,2,1,6,ADOLPHE THIERS (RUE),43.29906,5.38529
201500014724,22,6,15,0,5,13,55,2,2,1,3,"20, ATHENES (BOULEVARD D",43.30042,5.38068
201500014725,10,7,15,6,1,13,55,2,1,1,6,"121, POMME (BOULEVARD DE",43.2934,5.45441
201500014726,23,1,15,17,2,13,55,2,3,1,6,"370, RUE PARADIS",43.27823,5.38321
201500014727,10,7,15,18,1,13,55,2,1,1,6,"2, BONNEVEINE (AVENUE)",43.25433,5.3811
201500014728,26,2,15,10,1,13,55,2,3,1,6,"00, BD CHAVE",43.29561,5.39789
201500014729,10,7,15,17,1,13,55,2,1,1,2,"27, JEAN MOULIN (BOULEVA",43.28787,5.40048
201500014730,24,7,15,17,1,13,55,2,3,1,6,"65, LIBERATION (BOULEVAR",43.30021,5.38872
201500014731,15,2,15,19,5,13,55,2,1,2,7,AVE DE SAINT MENET*,0.0,0.0
201500014732,9,7,15,15,1,13,106,2,1,1,3,"00, BEDOULE (CHEMIN DE L",0.0,0.0
201500014733,26,6,15,4,5,13,55,2,1,1,3,"123, MILLIERE (BOULEVARD",43.28349,5.4997
201500014734,8,7,15,8,1,13,55,2,1,1,6,"20, MARCHE D'IN (AVENUE)",43.33966,5.37999
201500014735,11,7,15,15,1,13,55,2,2,1,5,"53, BARBES (BOULEVARD)",43.32581,5.37496
201500014736,11,7,15,19,1,13,55,2,7,1,3,"14, ROGER SALENGRO (AVEN",43.31892,5.36768
201500014737,11,7,15,22,5,13,55,2,1,1,7,MENDES FRANCE (AVENUE,43.26181,5.37486
201500014738,11,7,15,21,2,13,55,2,2,1,3,ROGER BRUN (RUE),0.0,0.0
201500014739,9,7,15,17,1,13,55,2,4,1,3,"93, BLANCARDE (BOULEVARD",43.30308,5.40245
201500014740,28,2,15,17,2,13,55,2,1,1,2,"00, BD CHARLES LIVON",0.0,0.0
201500014741,6,7,15,17,1,13,55,2,1,1,3,"54, ROLAND DORGELES (BOU",43.34791,5.37731
201500014742,7,7,15,10,1,13,55,2,1,1,3,"128, LITTORAL**CHEMIN DU",43.33632,5.35344
201500014743,2,7,15,8,1,13,2,2,1,1,1,"12, PROVENCE (AVENUE DE)",43.33152,5.48628
201500014744,6,2,15,12,1,13,55,2,1,1,2,"20, AVE JEAN LOMBARD",0.0,0.0
201500014745,12,7,15,14,1,13,55,2,1,1,3,"246, LYON (RUE DE)",0.0,0.0
201500014746,12,7,15,19,1,13,55,1,1,1,1,"00, LÉON LACHAMP (ROUTE)",0.0,0.0
201500014747,26,6,15,6,5,13,55,2,1,1,3,"17bis, PINS (ALLEE DES)",43.25393,5.41982
201500014748,14,3,15,8,1,13,55,2,1,1,7,"221, AVE DES CHARTREUX",43.31236,5.40136
201500014749,13,7,15,16,1,13,55,2,1,1,7,"09, PROVENCE (RUE DE)",43.30163,5.39647
201500014750,1,6,15,15,1,13,55,2,1,1,6,"41, AGUILLON (BOULEVARD)",43.26564,5.41122
201500014751,14,7,15,1,5,13,55,2,1,1,3,"94, SAINT ANTOINE (AVENU",43.37055,5.35623
201500014752,14,7,15,1,5,13,55,2,1,1,1,"45, LÉON GAMBETTA (ALLEE",43.29906,5.38342
201500014753,14,7,15,19,1,13,55,2,1,1,6,"0, ALEX DELABRE (BOULEVA",43.21933,5.34536
201500014754,14,7,15,22,5,13,55,1,1,1,3,"00, MILLIE MATHYS (AVENU",43.36519,5.34785
201500014755,14,7,15,23,5,13,55,2,1,1,6,"66/68, CANEBIERE     1 A",43.2962,5.37714
201500014756,14,7,15,20,2,13,55,2,2,1,3,TROIS LUCS (AVENUE DES),43.31022,5.4636
201500014757,7,7,15,20,2,13,55,2,3,1,3,"43, LIEUTAUD (COURS)",43.2925,5.38262
201500014758,14,7,15,18,1,13,55,2,1,1,1,"29-33, GRAND VALLA",43.31,5.46695
201500014759,12,7,15,3,5,13,55,2,1,1,7,"354, POILUS (AVENUE DES)",43.31002,5.46691
201500014760,18,6,15,9,1,13,55,2,1,1,3,"108, CORDERIE (BOULEVARD",43.29009,5.36777
201500014761,15,7,15,16,1,13,55,2,1,1,2,"2, BREMOND**RUE)",43.32,5.4085
201500014762,15,7,15,18,1,13,55,2,1,1,1,"163, PLOMBIERES (RUE DE)",43.31846,5.37956
201500014763,8,7,15,16,1,13,55,2,7,1,6,"17, HUILES (PLACE AUX)",43.29299,5.37182
201500014764,25,6,15,19,2,13,55,2,1,1,6,63-65 DRAGON (RUE),43.28754,5.37709
201500014765,9,7,15,11,1,13,55,2,1,1,6,"36, CORSE (AVENUE DE LA)",43.28898,5.36132
201500014766,27,5,15,9,1,13,55,2,1,1,7,"109, CLOT BEY (AVENUE)",43.25808,5.38351
201500014767,16,7,15,16,1,13,55,2,1,1,3,"71, PEINTRES ROUX (AVENU",43.30721,5.46848
201500014768,16,7,15,22,5,13,55,2,1,1,6,"12, PARIS (BOULEVARD DE)",43.30579,5.37251
201500014769,17,7,15,0,5,13,55,2,1,1,1,"35, CROIX ROUGE (AVENUE)",43.33104,5.43177
201500014770,16,7,15,16,1,13,106,2,1,1,3,"39, 8 MAI 1945 (AVENUE D",43.38715,5.35929
201500014771,17,7,15,8,1,13,55,2,1,1,5,"17, CAMILLE PELLETAN (AV",43.30316,5.374
201500014772,17,7,15,14,1,13,55,2,1,1,2,"118, SAINT LOUIS ***",43.34687,5.35916
201500014773,17,7,15,2,5,13,55,2,1,1,6,"39, POMPIDOU (PROMENADE)",43.2657,5.37307
201500014774,17,7,15,23,5,13,55,2,1,1,6,"519, LITTORAL (CHEMIN DU",43.35452,5.33356
201500014775,16,7,15,17,1,13,55,2,1,1,2,"00, SAINT MENET (AVENUE",43.23716,5.50325
201500014776,18,7,15,10,1,13,55,2,1,1,6,"4, ARMENY (RUE D')",43.29097,5.38006
201500014777,17,7,15,19,1,13,55,2,1,1,3,"399, CORNICHE KENNEDY",43.26893,5.36846
201500014778,18,7,15,12,1,13,55,2,2,1,3,JEAN MOULIN (BOULEVA,43.29007,5.39984
201500014779,19,7,15,7,1,13,2,2,1,1,3,"1032,*7 RMENT DE TIRAILL",43.33837,5.46712
201500014780,19,7,15,4,5,13,55,2,6,1,6,"1, VALDONNE (AVENUE DE)",43.32766,5.41845
201500014781,19,7,15,23,5,13,55,2,1,1,2,"78, JULES CANTINI (AVENU",43.28236,5.39019
201500014782,19,7,15,23,5,13,55,2,1,1,6,"102, LIEUTAUD (COURS)",43.29085,5.3832
201500014783,20,7,15,0,3,13,55,2,1,1,2,"50, 24 AVRIL 15 (AVENUE",43.30784,5.42967
201500014784,19,7,15,19,1,13,55,1,1,1,1,"113, ENCO DE BOT (ROUTE)",43.31954,5.47046
201500014785,25,6,15,15,1,13,55,2,2,1,3,24 Rue d'Italie,43.28958,5.38239
201500014786,15,7,15,3,5,13,55,2,1,1,6,"327, CORNICHE KENNEDY",43.2703,5.36443
201500014787,13,7,15,17,1,13,55,2,1,1,6,"01, SAINT PIERRE (RUE)",43.29397,5.38668
201500014788,21,7,15,17,1,13,55,2,1,1,3,1-7 Av. de la  VISTE,43.36559,5.35681
201500014789,21,7,15,19,1,13,55,2,1,1,1,"66, MAURIAC (RUE)",43.27455,5.41826
201500014790,20,7,15,15,1,13,55,2,1,1,2,ARNAVON (AVENUE),43.33098,5.37978
201500014791,21,7,15,17,1,13,106,2,1,1,6,"255, 8 MAI 1945 (AVENUE",43.28784,5.46515
201500014792,12,6,15,9,1,13,55,2,1,1,2,"75, FRANCOISE DUPARC (BO",43.30473,5.40086
201500014793,21,7,15,16,1,13,55,2,3,1,1,"100, SAINT JEROME (AVENU",43.33367,5.4202
201500014794,22,7,15,15,1,13,55,2,3,1,3,CHEMIN DU MERLAN A LA RO,43.33112,5.40618
201500014795,22,7,15,16,1,13,55,2,1,1,2,"114, LOUBON (RUE)",43.31281,5.38351
201500014796,22,7,15,14,1,13,55,1,1,1,2,MENDES FRANCE (AVENUE),0.0,0.0
201500014797,16,7,15,19,1,13,55,2,3,1,1,GARDIANS (RUE),43.33353,5.39628
201500014798,13,3,15,7,1,13,55,2,2,1,6,"83, BD DE STRASBOURG",43.30903,5.3784
201500014799,22,7,15,17,1,13,55,2,1,1,6,"43, TURCAT MERY ALLÉE (A",43.28104,5.38913
201500014800,1,3,15,23,5,13,55,1,1,2,6,"60, AVE DE LA CROIX ROUG",43.33182,5.43399
201500014801,22,7,15,17,1,13,55,2,3,1,3,"68, JOLIETTE (RUE DE LA)",43.30291,5.36982
201500014802,22,7,15,19,1,13,55,2,1,1,6,MADRAGUE VILLE (RUE),43.32243,5.36426
201500014803,23,7,15,15,1,13,55,2,3,1,3,"29, PONT DE VIVAUX (BOUL",43.2798,5.41835
201500014804,23,7,15,16,1,13,55,2,1,1,3,"109, CHARLES KADDOUZ (RU",43.31312,5.43117
201500014805,23,7,15,23,5,13,55,2,2,1,3,"00, ANTHOINE (RUE D')",43.31646,5.3684
201500014806,24,7,15,9,1,13,55,2,1,1,2,"57, JEAN MERMOZ (RUE)",43.27562,5.38679
201500014807,17,7,15,13,1,13,55,2,1,1,7,"467, LITTORAL (CHEMIN DU",43.35264,5.33797
201500014808,24,7,15,21,5,13,55,2,1,1,2,"322, ROMAIN ROLLAND (BOU",43.27133,5.40911
201500014809,12,6,15,21,2,13,55,2,1,2,3,"26, RIVE NEUVE (QUAI)",43.29294,5.36922
201500014810,24,7,15,13,1,13,55,2,1,1,6,JOLIETTE (PLACE DE LA),43.30476,5.36582
201500014811,14,7,15,11,1,13,55,2,3,1,3,"77, PLOMBIERES (BOULEVAR",43.31608,5.38402
201500014812,13,7,15,11,1,13,55,2,1,1,1,"20, DÉSIRÉ BIANCO (AVENU",43.28737,5.42519
201500014813,21,1,15,15,1,13,55,2,1,1,6,"01, RUE SERY",43.31366,5.38812
201500014814,19,7,15,20,1,13,55,2,1,1,6,RAMPE SAINT MAURICE,43.29102,5.36349
201500014815,25,7,15,22,5,13,55,1,2,1,1,"143, CAPELETTE (AVENUE D",43.28112,5.40602