Num_Acc,jour,mois,an,hr,condition_eclairage,departement,commune,condition_agglomeration,intersection,condition_atmosphere,type_collision,adresse,lattitude,longitude
201500014816,25,7,15,8,1,13,55,2,2,1,3,"441, PRADO (AVENUE)",43.26674,5.38271
201500014817,26,7,15,6,2,13,55,2,4,1,6,"86, SAINTE MARGUERITE (B",43.26828,5.40606
201500014818,26,7,15,10,1,13,55,1,1,1,2,"1, CAMOINS (AVENUE DES)",43.3074,5.50876
201500014819,26,7,15,14,1,13,55,2,1,1,4,"350, PRADO (AVENUE)",43.2711,5.38878
201500014820,26,7,15,1,3,13,55,1,1,1,7,LÉON LACHAMP (ROUTE),43.24887,5.45249
201500014821,26,7,15,3,5,13,55,2,2,1,3,"00, FRANÇOISE DUPARC (BO",43.30943,5.40281
201500014822,26,7,15,2,5,13,55,2,2,1,3,"24, NEUVE SAINT (RUE)",43.29284,5.36868
201500014823,26,5,15,21,5,13,55,2,1,1,6,"4, PONT DE VIVAUX (BOULE",43.28152,5.426
201500014824,27,7,15,14,1,13,55,2,1,1,2,"231, MARÉCHAL DE LATTRE",43.24478,5.42663
201500014825,27,7,15,15,1,13,55,2,1,1,7,LAVANDIN (AVENUE),43.33978,5.42628
201500014826,20,2,15,17,1,13,55,2,1,1,6,"204, AVE DES CHARTREUX",43.31149,5.40115
201500014827,27,7,15,17,1,13,55,2,1,1,5,"17, SOUDE (AVENUE DE LA)",43.24484,5.39943
201500014828,15,3,15,14,1,13,55,2,2,1,6,"26, RUE DU PROGRES",43.29711,5.39143
201500014829,27,7,15,23,5,13,55,2,1,1,6,"6, OCTROI (PLACE GARE DE",43.28153,5.42578
201500014830,28,6,15,6,1,13,55,2,1,1,2,CARGO RHIN FIDELI (RUE),0.0,0.0
201500014831,27,7,15,9,1,13,55,2,1,1,6,"18, SABLIERE (ROUTE DE L",43.29231,5.47938
201500014832,28,7,15,7,1,13,55,2,1,1,6,"21, ORANGE (RUE D')",43.3128,5.38627
201500014833,27,7,15,15,1,13,55,2,1,1,3,DÉSIRÉ BIANCO (AVENUE),43.28676,5.42527
201500014834,28,7,15,13,1,13,55,1,1,1,2,"35, SCHLOESING (BOULEVAR",43.27409,5.40018
201500014835,27,7,15,14,1,13,55,2,1,1,3,"70, CANEBIERE     70 A F",43.29763,5.38113
201500014836,28,7,15,16,1,13,55,2,1,1,2,"187, MENDES FRANCE (AVEN",43.25231,5.37581
201500014837,28,7,15,17,1,13,55,2,1,1,2,"77B, VISTE (AVENUE DE*LA",43.35767,5.35746
201500014838,27,7,15,21,1,13,55,2,1,1,2,"24, LAZARET (QUAI DU)",43.31023,5.36707
201500014839,28,7,15,23,5,13,55,2,1,1,3,"47, RIVE NEUVE (QUAI)",43.29235,5.36616
201500014840,28,7,15,22,5,13,55,2,3,1,3,"263, SAINT MARCEL (BOULE",43.28631,5.47008
201500014841,28,7,15,20,2,13,55,2,1,1,6,"24, PLOMBIERES (BOULEVAR",43.31523,5.38687
201500014842,28,7,15,15,1,13,55,2,1,1,4,"00, BELGES (QUAI DES)",0.0,0.0
201500014843,28,7,15,18,1,13,55,2,1,1,1,"83, MENDES FRANCE (AVENU",43.26034,5.37536
201500014844,29,7,15,12,1,13,55,2,1,1,6,"373, PARADIS *RUE)",43.27688,5.38376
201500014845,6,6,15,22,5,13,55,2,2,1,3,"00, JULES CANTINI (AVENU",43.28371,5.38782
201500014846,29,7,15,23,5,13,55,2,1,1,2,"30, SCHLOESING (BOULEVAR",43.27324,5.40056
201500014847,30,7,15,6,1,13,2,2,3,1,3,"18, CLEMENT, JULES BARTH",43.33268,5.46388
201500014848,30,7,15,7,1,13,55,2,1,1,1,SAINT JULIEN ***,43.30525,5.41685
201500014849,25,7,15,9,1,13,2,2,1,1,3,863 JEAN GIONO (AVENUE),43.33257,5.4839
201500014850,30,7,15,18,1,13,55,2,1,1,6,LOUBON (RUE),43.31285,5.38284
201500014851,30,7,15,20,1,13,55,2,1,1,3,"20, OLIVES (AVENUE DES)",43.32931,5.43055
201500014852,30,7,15,22,3,13,55,2,1,1,5,"60, CAPITAINE GEZE (BOUL",43.33145,5.37512
201500014853,31,7,15,0,5,13,55,2,1,1,7,"113, CANEBIERE ***",43.29813,5.38256
201500014854,29,7,15,19,1,13,55,1,1,1,3,"84, MONTE CRISTO (RUE)",43.29958,5.39635
201500014855,30,7,15,17,1,13,55,2,1,1,6,"03, PIERRE DRAVET (RUE)",43.29021,5.39869
201500014856,30,7,15,12,1,13,55,2,3,1,3,BARQUIERE (AVENUE DE LA),43.24553,5.39816
201500014857,31,7,15,9,1,13,55,2,1,1,2,114 PRADO (ROND-POINT),43.27262,5.39104
201500014858,22,1,15,8,1,13,55,2,1,1,6,"01, AVE DES CAILLOLS",43.30405,5.42474
201500014859,31,7,15,16,1,13,55,2,1,1,6,"114, SAINT MARCEL (BOULE",43.28841,5.46262
201500014860,31,7,15,20,1,13,55,2,1,1,7,EISSERO (RUE DE L'),43.35656,5.36001
201500014861,31,7,15,18,1,13,55,2,1,1,1,"177, MENDES FRANCE (AVEN",43.25393,5.37617
201500014862,31,7,15,23,5,13,55,2,1,1,6,"562, PRADO (AVENUE)",43.26393,5.37759
201500014863,1,8,15,0,5,13,55,2,1,2,6,"01, RIVE NEUVE (QUAI DE)",43.294,5.37376
201500014864,1,8,15,19,1,13,55,2,6,1,2,CHUTES LAVIE (AVENUE),43.3135,5.39701
201500014865,1,8,15,22,5,13,55,2,1,1,6,11 SCHLOESING (BOULEVA,43.27619,5.39951
201500014866,1,8,15,22,5,13,55,2,1,1,2,"724, LITTORAL (CHEMIN DU",43.3583,5.31883
201500014867,1,8,15,23,5,13,55,2,1,1,3,"155, VISTE (AVENUE DE LA",43.36235,5.35726
201500014868,19,7,15,15,1,13,55,2,2,1,1,"10, ATHENES (BOULEVARD D",43.2997,5.3808
201500014869,2,8,15,13,1,13,55,2,9,1,6,"11, LYON (RUE DE)",43.32327,5.36762
201500014870,2,8,15,14,1,13,55,2,1,1,6,"375, PRADO (AVENUE)",43.2693,5.38633
201500014871,2,8,15,12,1,13,55,2,4,1,6,"61, ROGER CHIEUSSE (BOUL",43.36292,5.31649
201500014872,28,7,15,3,5,13,55,2,1,1,6,"0, AUGUSTIN AUBERT (RUE)",43.26655,5.40289
201500014873,2,8,15,21,5,13,55,2,1,1,3,"1, ROMAIN ROLLAND (BOULE",43.28036,5.42614
201500014874,28,7,15,9,1,13,55,2,1,1,2,"108, ALEX. FLEMING (BOUL",43.31653,5.39695
201500014875,21,7,15,4,5,13,55,2,2,1,1,"95, SAKAKINI (BOULEVARD)",43.29375,5.40134
201500014876,3,8,15,8,1,13,55,2,2,1,3,"2, PONT DE VIVAUX (BOUL",43.28161,5.42704
201500014877,3,8,15,13,1,13,55,2,1,1,6,"21, ALEX. FLEMING (BOULE",43.31521,5.40285
201500014878,3,8,15,21,2,13,55,2,1,1,3,"153, MARÉCHAL JUIN",43.31009,5.40313
201500014879,3,8,15,20,1,13,55,2,1,1,6,"91, CHEMIN DU MERLAN A L",43.33064,5.4112
201500014880,3,8,15,19,1,13,55,1,1,1,4,"40, LIBERTE (BOULEVARD D",43.30135,5.38332
201500014881,30,7,15,17,1,13,55,2,3,1,3,"1, PALAMA (CHEMIN DE)",43.35203,5.43753
201500014882,31,7,15,9,1,13,55,2,1,1,3,"247, MADRAGUE VILLE (RUE",43.33322,5.35856
201500014883,4,8,15,18,1,13,55,2,2,1,6,"127, RABELAIS (RUE)",43.35921,5.33278
201500014884,4,8,15,22,5,13,55,2,2,1,3,PIERRE PUGET (COURS),43.29041,5.37577
201500014885,4,8,15,22,5,13,55,2,1,1,2,"34/36, MAURIAC (RUE)",43.27662,5.41694
201500014886,3,3,15,15,1,13,55,2,1,1,6,"252, BD BAILLE",43.2898,5.39824
201500014887,4,8,15,21,5,13,55,2,1,1,6,"130, MORGIOU (CHEMIN DE)",43.23966,5.40736
201500014888,5,8,15,5,2,13,55,2,6,1,6,FLORIAN ( ROND POINT),43.28568,5.42509
201500014889,4,8,15,15,1,13,55,2,1,1,3,"19, DELPHES (AVENUE DE)",43.28422,5.38796
201500014890,4,8,15,16,1,13,55,2,1,1,3,"29, TOUSSAINT (RUE)",43.31389,5.38304
201500014891,6,8,15,14,1,13,55,2,1,1,6,"151, ESTAQUE PLAGE",43.36199,5.30888
201500014892,6,8,15,16,1,13,55,2,1,1,7,"391, ROMAIN ROLLAND (BOU",43.27036,5.40693
201500014893,6,8,15,16,1,13,55,2,1,1,6,"1, JEAN CRISTOFOL (RUE)",43.30992,5.37974
201500014894,6,8,15,20,5,13,55,2,1,1,6,"61, SAINT JUST (AVENUE D",43.31713,5.40501
201500014895,17,2,15,8,1,13,55,2,1,3,1,"15, VON FUTUR COLLEGE ST",0.0,0.0
201500014896,6,8,15,23,5,13,55,2,3,1,3,"77, PLOMBIERES (BOULEVAR",43.31608,5.38401
201500014897,5,8,15,19,1,13,55,2,1,1,6,"25, LACEPEDE (RUE)",43.30513,5.39881
201500014898,7,8,15,7,1,13,55,2,1,1,7,"66, REPUBLIQUE (RUE DE L",43.30126,5.37016
201500014899,6,8,15,19,1,13,55,2,2,1,2,"26, VERTUS (RUE DES)",43.29098,5.39212
201500014900,1,8,15,18,1,13,55,2,1,1,6,SABLIERE (ROUTE DE LA),0.0,0.0
201500014901,7,8,15,10,1,13,55,2,3,1,3,"185, MONTOLIVET (AVENUE",43.31234,5.41149
201500014902,7,8,15,12,1,13,55,1,1,1,3,ANTOINE MAILLE (RUE),43.2855,5.39421
201500014903,7,8,15,12,1,13,55,2,1,1,3,"00, PRADO (ROND-POINT)",43.27271,5.39118
201500014904,3,8,15,9,1,13,55,2,1,1,2,"37, CAILLOLS (AVENUE DES",43.30381,5.42636
201500014905,7,8,15,22,5,13,55,2,1,1,3,"00, VOLTAIRE    PAIRS (B",43.30242,5.38384
201500014906,7,8,15,20,1,13,55,2,1,1,6,"2, LA FOURRAGERE (AVENUE",43.29993,5.43095
201500014907,25,6,15,12,1,13,55,2,6,1,6,"64, HAIFA (AVENUE)",43.25203,5.39097
201500014908,8,8,15,9,1,13,55,2,3,1,6,"21, MAZARGUES (AVENUE DE",43.26909,5.38841
201500014909,8,8,15,19,1,13,55,2,1,1,6,ROMAIN ROLLAND (BOULEVAR,43.274,5.41438
201500014910,9,8,15,0,5,13,55,2,1,1,3,"375, PRADO (AVENUE)",43.2693,5.38634
201500014911,9,8,15,3,3,13,55,1,1,1,7,"249, LÉON LACHAMP (ROUTE",43.24655,5.45508
201500014912,21,7,15,9,1,13,55,2,1,1,3,"06, DELPHES (AVENUE DE)",43.28503,5.38813
201500014913,9,8,15,11,1,13,55,2,1,1,6,"162, COMMANDERIE (CHEMIN",43.34636,5.36159
201500014914,9,8,15,18,2,13,55,2,3,1,6,"432, MICHELET (BOULEVARD",43.253,5.40205
201500014915,10,8,15,7,1,13,55,2,3,1,3,PARIS (BOULEVARD DE),43.30989,5.37019
201500014916,10,8,15,11,1,13,55,2,1,1,6,"40, BORROMEES ***",43.30056,5.43421
201500014917,6,8,15,10,1,13,55,2,2,1,3,"68, SAINTE (RUE)",43.29171,5.37183
201500014918,10,8,15,16,1,13,55,2,3,1,3,"219, CHATEAU GOMBERT CHE",43.34578,5.42482
201500014919,6,8,15,7,1,13,55,2,1,1,3,"1, CARGO RHIN FIDELI (RU",43.32735,5.35533
201500014920,10,8,15,21,5,13,55,2,1,1,2,"3, DUGOMMIER (BOULEVARD)",43.29791,5.38095
201500014921,11,8,15,0,5,13,55,2,1,1,6,153 MARÉCHAL JUIN 153,43.30944,5.40289
201500014922,10,8,15,22,5,13,55,2,3,1,3,"11, FALQUE (RUE)",43.28444,5.38314
201500014923,10,8,15,23,5,13,55,2,2,1,3,BONNIOT (BOULEVARD),43.31515,5.44739
201500014924,4,8,15,11,1,13,55,2,1,1,6,"44, LÉO LAGRANGE (RUE)",43.32788,5.37777
201500014925,11,8,15,12,1,13,55,2,1,1,6,"450, LYON (RUE DE)",43.34094,5.36077
201500014926,11,8,15,11,1,13,106,2,1,1,7,"17, NELSON MANDELA (AVEN",43.40973,5.3689
201500014927,10,8,15,19,1,13,55,2,1,1,2,"141, ESTAQUE PLAGE",43.3599,5.31
201500014928,11,8,15,14,1,13,55,2,4,1,3,"32, MONTAIGNE (RUE)",43.30435,5.41413
201500014929,19,7,15,1,5,13,55,2,1,1,6,"213, CHAVE (BOULEVARD)",43.29583,5.39986
201500014930,1,8,15,1,5,13,55,2,6,1,7,"1, CHUTES LAVI (AVENUE)",43.30834,5.39647
201500014931,11,8,15,22,5,13,55,2,1,1,3,"00, SCHLOESING (BOULEVAR",43.27631,5.39947
201500014932,12,3,15,8,1,13,55,2,1,1,6,"16, ALL LEON GAMBETTA",43.2991,5.38187
201500014933,12,8,15,1,5,13,55,2,1,1,7,"132, PRADO**",43.27942,5.38775
201500014934,4,8,15,20,1,13,55,2,1,1,6,"1, BELSUNCE (COURS)",43.29906,5.3757
201500014935,7,8,15,10,1,13,55,2,1,1,3,"1, ROMAIN ROLLAND (BOULE",43.28098,5.42696
201500014936,11,8,15,11,1,13,55,2,1,1,3,"418, MICHELET *BOULEVARD",43.25338,5.40169
201500014937,31,7,15,16,1,13,55,2,1,1,3,"14, SAINT SAENS (RUE)",43.29386,5.37549
201500014938,12,8,15,20,1,13,55,2,1,1,3,TOPAZE (RUE),43.33487,5.40995
201500014939,12,8,15,20,2,13,55,2,1,1,6,"505, PRADO (AVENUE)",43.26551,5.38044
201500014940,4,8,15,19,1,13,55,2,1,1,3,"9, SALVADOR ALLENDE (RUE",43.35668,5.48625
201500014941,13,8,15,11,1,13,55,2,9,1,6,"00, RODOCANACHI (BOULEVA",0.0,0.0
201500014942,2,7,15,18,1,13,55,2,1,1,6,"33, ROLAND DORGELES (BOU",43.34722,5.37839
201500014943,7,8,15,16,1,13,75,2,2,1,3,FRÉDÉRIC CHEVILLON,43.34747,5.46375
201500014944,13,8,15,4,5,13,55,2,1,1,6,347  CORNICHE KENNEDY,43.27175,5.36268
201500014945,14,8,15,0,5,13,55,2,1,1,3,LITTORAL (CHEMIN DU),43.3487,5.34313
201500014946,14,8,15,8,1,13,55,2,1,1,2,"2, DANIEL CASANOVA (BOUL",43.32089,5.37475
201500014947,14,8,15,12,1,13,55,2,1,1,6,"93, SAKAKINI (BOULEVARD)",43.29412,5.40159
201500014948,5,8,15,10,1,13,55,2,3,1,6,"5, VINCENT ANDREU (AVENU",43.28815,5.45053
201500014949,14,8,15,14,1,13,55,2,1,1,6,"2, JOSEPH AIGUIER (CHEMI",43.2594,5.40256
201500014950,14,8,15,14,1,13,55,2,1,1,6,"114, ROMAIN ROLLAND (BOU",43.27769,5.42063
201500014951,14,8,15,22,5,13,55,2,1,1,1,"68, CAPITAINE GEZE (BOUL",43.33146,5.37556
201500014952,15,8,15,4,5,13,55,1,1,1,1,"36, PRADO (AVENUE DU)",43.28384,5.38458
201500014953,15,8,15,5,2,13,55,2,1,1,6,"150, VALBARELLE (BOULEVA",43.28835,5.45158
201500014954,16,8,15,1,5,13,55,2,2,1,3,"19, GÉNÉRAL LECLERC (RUE",43.30443,5.37608
201500014955,16,8,15,7,1,13,2,2,1,1,6,JEAN GIONO (AVENUE),43.33246,5.48409
201500014956,15,8,15,17,1,13,55,2,1,1,3,"581, PRADO (AVENUE)",43.26248,5.37573
201500014957,10,8,15,5,5,13,55,2,1,1,2,"338, SAINT PIERRE (RUE)",43.29178,5.40773
201500014958,11,8,15,12,1,13,55,2,2,1,1,"00, PARADIS (RUE)",43.28425,5.38029
201500014959,16,8,15,4,2,13,55,2,1,1,3,"56, BUTRIS (TRAVERSE DES",43.29915,5.4536
201500014960,16,8,15,7,1,13,55,2,1,1,7,"00, CROIX ROUGE (AVENUE)",43.33508,5.44535
201500014961,16,8,15,10,1,13,55,2,1,1,1,"1, FRANKLIN ROOSEVELT (C",43.29912,5.38558
201500014962,16,8,15,13,1,13,55,2,1,1,3,"62, ANTOINE DEL BELLO (R",43.28193,5.4119
201500014963,16,8,15,4,5,13,55,2,2,1,3,"18, COLBERT (RUE)    IMP",43.29926,5.37412
201500014964,11,3,15,12,1,13,55,2,1,1,1,"34, BD DU CAPITAINE GEZE",43.33025,5.37006
201500014965,11,8,15,7,1,13,55,2,2,1,1,CAMAS (RUE DU),43.29887,5.39129
201500014966,17,8,15,8,1,13,55,2,1,1,5,", ALEX. FLEMING (BOULE",43.31651,5.39639
201500014967,29,7,15,17,1,13,55,2,9,1,2,"66, LIEUTAUD (COURS)",43.29253,5.38259
201500014968,17,8,15,9,1,13,55,2,3,1,3,"23, JOLIETTE (QUAI DE LA",43.30479,5.36536
201500014969,17,8,15,12,1,13,55,2,1,1,6,"66, SAINT MARCEL (BOULEV",43.28877,5.45962
201500014970,17,8,15,20,2,13,55,2,1,1,3,PRADO (ROND-POINT),43.27268,5.39152
201500014971,17,8,15,22,5,13,55,2,2,1,3,"2, MIRABEAU (BOULEVARD)",43.31453,5.37052
201500014972,17,8,15,22,4,13,55,2,1,1,6,"10, BOISERAIE (RUE)",43.29847,5.42128
201500014973,12,8,15,20,1,13,55,2,1,1,1,72-76 ROUET,43.28228,5.38833
201500014974,15,8,15,0,5,13,55,2,1,1,2,"156, PLOMBIERES (BOULEVA",43.31831,5.38008
201500014975,17,8,15,10,1,13,55,2,1,1,3,116 LIEUTAUD (COURS),43.28973,5.38376
201500014976,7,8,15,15,1,13,55,2,1,1,7,"56, VOLTAIRE    PAIRS (B",43.30309,5.38519
201500014977,19,8,15,14,1,13,55,2,1,1,2,"130, MADRAGUE VILLE (RUE",43.32696,5.3606
201500014978,19,8,15,21,5,13,55,2,1,1,3,"1, MONTAIGNE (RUE)",43.30431,5.41438
201500014979,20,8,15,1,5,13,55,2,3,1,6,"45, BRETEUIL (RUE)",43.29042,5.37577
201500014980,27,7,15,8,1,13,55,2,1,1,6,"10, SAKAKINI (BOULEVARD)",43.29509,5.40063
201500014981,19,8,15,18,1,13,55,2,1,1,1,"64, ALL DE LA GRANDE BAS",43.29661,5.43814
201500014982,20,8,15,13,1,13,55,2,1,1,7,33-3 LAROUSSE (BOULEVARD,43.33046,5.37824
201500014983,20,8,15,19,1,13,55,2,1,1,6,"58, CAPELETTE (AVENUE DE",43.28235,5.40494
201500014984,17,8,15,7,1,13,55,2,1,1,2,"81, PRADO (AVENUE DU)",43.28179,5.38641
201500014985,21,8,15,23,5,13,55,2,1,1,2,"1, ARNAVAUX (AVENUE DES)",43.33252,5.38079
201500014986,21,8,15,23,5,13,55,2,3,1,3,"1, MILLIERE (BOULEVARD",43.28349,5.49938
201500014987,22,8,15,1,5,13,55,2,1,1,6,"337, CORNICHE KENNEDY",43.27346,5.36267
201500014988,21,8,15,17,1,13,55,2,1,1,2,"00, CORNICHE KENNEDY",43.27381,5.36234
201500014989,23,8,15,2,5,13,55,2,1,1,2,"101, MICHELET (BOULEVARD",43.26732,5.39399
201500014990,23,8,15,0,5,13,55,2,1,1,6,"9 TER, GAVOTTE (RUE DE L",43.37291,5.35522
201500014991,23,8,15,16,1,13,55,2,1,1,6,"6, ROGER BRUN ***",43.28665,5.39047
201500014992,22,8,15,12,1,13,55,1,1,1,4,ALEX. FLEMING (BOULEVARD,43.31656,5.39843
201500014993,24,8,15,8,1,13,55,2,1,1,3,"139, MADRAGUE VILLE ****",43.3268,5.36071
201500014994,24,8,15,21,5,13,55,2,1,1,3,"341, SAINT ANTOINE (AVEN",43.3797,5.35721
201500014995,24,8,15,15,1,13,55,2,3,1,3,"15, JEAN MARTIN (RUE)",43.29381,5.40302
201500014996,25,8,15,16,1,13,55,2,1,1,6,"55, CADE (TRAVERSE)",43.33764,5.39693
201500014997,25,8,15,13,1,13,55,2,1,1,6,"161, TOULON (AVENUE DE)",43.28488,5.39448
201500014998,25,8,15,20,2,13,55,2,1,1,3,"237, OLIVES (AVENUE DES)",43.32378,5.44472
201500014999,26,8,15,10,1,13,55,2,1,1,6,"102, MAURIAC (RUE)",43.27191,5.42155
201500015000,22,8,15,18,1,13,55,2,7,1,6,NATIONALE (RUE),43.29937,5.37684
201500015001,26,8,15,23,5,13,55,2,1,1,1,"155, DANIEL CASANOVA (BO",43.32725,5.37497
201500015002,27,8,15,14,1,13,55,1,1,1,3,"36, MICHELET (BOULEVARD)",43.27039,5.39227
201500015003,27,8,15,13,1,13,55,2,1,1,3,"23, BOSPHORE (BOULEVARD",43.37228,5.36521
201500015004,27,8,15,17,1,13,55,2,1,1,3,"36, CHARLES LIVON (BOULE",43.29225,5.36049
201500015005,27,8,15,11,1,13,55,2,1,1,3,"26, RUE PAUL PREBOIST",43.33112,5.45032
201500015006,27,8,15,17,1,13,55,2,1,1,3,"1, SAINT ANTOINE (AVENUE",43.36572,5.35679
201500015007,27,8,15,12,1,13,55,2,1,1,2,ALBERT EINSTEIN (RUE,43.34572,5.44655
201500015008,27,8,15,12,1,13,55,2,1,1,3,"130, ALBERT EINSTEIN (RU",43.34572,5.44655
201500015009,24,7,15,17,1,13,55,2,1,1,3,"108, MILLIERE (BOULEVARD",43.28347,5.49935
201500015010,28,8,15,16,1,13,55,2,2,1,1,"0000, BUREL (BOULEVARD E",43.31725,5.38995
201500015011,28,8,15,14,1,13,55,2,1,1,1,"130, RABATAU (BOULEVARD)",43.27859,5.39924
201500015012,28,8,15,10,1,13,55,2,1,1,6,"295, POILUS (AVENUE DES)",43.316,5.46122
201500015013,28,8,15,21,5,13,55,2,1,1,5,"26, VALENTINE (ROUTE DE",43.28937,5.46492
201500015014,12,3,15,11,1,13,2,2,6,1,6,"00, JEAN GIONO (AVENUE)",43.33187,5.48655
201500015015,29,8,15,2,5,13,55,2,1,1,7,"00, ALEX. FLEMING (BOULE",43.31653,5.39693
201500015016,29,8,15,13,1,13,55,2,1,1,1,"26, VALBARELLE (BOULEVAR",43.28866,5.45716
201500015017,30,8,15,22,5,13,55,2,1,1,2,"145, RABATAU (BOULEVARD)",43.27716,5.39856
201500015018,10,8,15,17,1,13,55,2,1,1,2,"40, VOLTAIRE    IMPAIRS",43.30244,5.38391
201500015019,27,8,15,18,1,13,55,2,1,1,2,"58, SAINT MENET (AVENUE",43.28908,5.49913
201500015020,31,8,15,16,1,13,55,1,1,1,6,"162, BAILLE (BOULEVARD)",43.28834,5.39347
201500015021,31,8,15,18,1,13,55,2,1,1,5,MARÉCHAL DE LATTRE (AVEN,43.24692,5.40708
201500015022,31,8,15,20,5,13,55,2,1,1,7,"38, VERDILLON (RUE)",43.27556,5.42399
201500015023,1,9,15,14,1,13,55,2,3,1,3,"122-124, PONT DE VIVAUX",43.28158,5.42363
201500015024,1,9,15,16,1,13,55,2,1,1,3,VALLON VERT (CHEMIN DU),43.33528,5.45404
201500015025,1,9,15,10,1,13,55,2,3,1,2,"108, PRADO (AVENUE)",43.28099,5.38616
201500015026,1,9,15,11,1,13,55,2,1,1,3,"164, PEINTRES ROUX (AVEN",43.29989,5.47754
201500015027,2,9,15,16,1,13,55,2,2,1,6,"55, FORBIN (RUE DE)",43.30499,5.36821
201500015028,2,9,15,18,1,13,55,2,1,1,1,"00, BARQUIERE (AVENUE DE",0.0,0.0
201500015029,2,9,15,22,5,13,55,2,2,1,3,"00, RUFFI (RUE DE)",43.3116,5.37134
201500015030,3,9,15,17,1,13,55,2,1,1,6,"225, PAUL CLAUDEL (BOULE",43.26917,5.42063
201500015031,3,9,15,11,1,13,55,2,1,1,2,"14, FONDERE (RUE)",43.30188,5.39985
201500015032,4,9,15,2,5,13,55,2,6,1,7,"3, HENRI FRENAY (ROND-P",43.25438,5.37635
201500015033,3,9,15,12,1,13,55,2,1,1,2,"184, SAINT MENET (AVENUE",43.28731,5.51026
201500015034,3,9,15,16,1,13,55,2,1,1,6,"4, LIEUTAUD (COURS)",43.29584,5.38153
201500015035,4,9,15,21,5,13,55,2,1,1,6,"16, JEAN MOULIN (BOULEVA",43.28625,5.39914
201500015036,4,9,15,22,5,13,55,2,1,1,3,"232, ROMAIN ROLLAND (BOU",43.27402,5.41437
201500015037,3,9,15,18,1,13,55,1,1,1,1,"250, ALBERT EINSTEIN (RU",43.34582,5.44633
201500015038,3,9,15,13,1,13,55,2,1,1,1,"00, BONNETERIE (RUE)",43.29687,5.37166
201500015039,29,8,15,20,2,13,55,2,1,1,3,"39, SCHLOESING (BOULEVAR",43.27446,5.39984
201500015040,3,9,15,18,1,13,55,2,1,1,3,"110, SAINT PIERRE (RUE)",43.29195,5.39358
201500015041,6,9,15,6,1,13,55,2,1,1,6,BRETEUIL (RUE),43.28709,5.37711
201500015042,6,9,15,7,2,13,55,2,1,1,6,"199, CROIX ROUGE (AVENUE",43.33502,5.44613
201500015043,2,9,15,12,1,13,55,2,1,1,2,"26, VALBARELLE (BOULEVAR",43.28629,5.44386
201500015044,6,9,15,16,1,13,55,2,1,1,4,"546, PRADO (AVENUE)",43.26417,5.37832
201500015045,6,9,15,18,1,13,55,2,1,1,3,PLOMBIERES (BOULEVARD*DE,43.31724,5.38142
201500015046,6,9,15,19,1,13,55,2,1,1,4,"893, SALVATORE ALLENDE (",43.35197,5.47767
201500015047,28,2,15,21,5,13,55,2,2,1,6,"00, BD RABATAU",43.27934,5.39929
201500015048,7,9,15,13,1,13,55,2,1,1,7,"55, LOUBON (RUE)",43.31241,5.37995
201500015049,7,9,15,13,1,13,55,2,1,1,1,"23, SAINT HENRI (CHEMIN",43.35602,5.33467
201500015050,7,9,15,15,1,13,55,2,2,1,1,"79, ROSE (AVENUE DE LA)",43.32646,5.42149
201500015051,7,9,15,17,1,13,55,2,1,1,6,"56, CLOT BEY (AVENUE)",43.26088,5.38721
201500015052,7,9,15,18,1,13,55,2,1,1,6,"192, ROSE (AVENUE DE LA)",43.32906,5.42729
201500015053,7,9,15,19,2,13,55,2,1,1,3,"181, PIERRE DOIZE  (RUE)",43.2738,5.42725
201500015054,8,9,15,7,1,13,55,2,1,1,6,"3, 8 MAI 1945 (AVENUE DU",43.40232,5.37016
201500015055,8,9,15,16,1,13,55,2,1,1,6,"43, PAUL CLAUDEL (BOULEV",43.26846,5.40955
201500015056,8,9,15,16,1,13,55,2,1,1,2,"156, POILUS (AVENUE DES)",43.32176,5.457
201500015057,15,3,15,4,5,13,55,2,1,2,6,"15, BD SCHLOESING",43.27581,5.3996
201500015058,8,9,15,17,1,13,55,2,3,1,3,"78, BARASSE",43.28583,5.47955
201500015059,8,9,15,21,5,13,55,2,1,1,2,"4, LE CHATELIER",43.34773,5.35911
201500015060,9,9,15,0,5,13,55,1,1,1,6,"432, MIRELLE LAUZE (BOUL",43.28645,5.43048
201500015061,7,9,15,15,1,13,55,2,1,1,1,"112, BARA (BOULEVARD)",43.34789,5.44773
201500015062,9,9,15,8,1,13,55,2,1,1,3,"22, CREDENCE (RUE)",43.32118,5.44624
201500015063,9,9,15,9,1,13,55,2,1,1,3,"27, SCHLOESING (BOULEVAR",0.0,0.0
201500015064,9,9,15,10,1,13,55,2,3,1,1,"135, OLIVES (AVENUE DES)",43.32657,5.43816