Num_Acc,jour,mois,an,hr,condition_eclairage,departement,commune,condition_agglomeration,intersection,condition_atmosphere,type_collision,adresse,lattitude,longitude
201500015065,19,8,15,20,2,13,55,1,1,1,4,"00, LÉON LACHAMP (ROUTE)",43.24632,5.43268
201500015066,9,9,15,15,1,13,55,2,1,1,6,"35, DÉSIRÉ BIANCO ****",43.28903,5.42576
201500015067,9,9,15,14,1,13,55,1,1,1,2,"35, ALL DE LA GRANDE BAS",43.29834,5.43684
201500015068,28,2,15,19,5,13,55,2,1,1,2,"56, AVE DU MERLAN",43.33643,5.40727
201500015069,9,9,15,15,1,13,55,2,3,1,3,"00, MADRAGUE VILLE (RUE)",43.33696,5.35756
201500015070,9,9,15,20,5,13,55,2,1,1,6,"110, ROUET (RUE DU)",43.28013,5.39019
201500015071,9,9,15,14,1,13,55,1,1,1,6,GASTON FLOTTE*(RUE),0.0,0.0
201500015072,10,9,15,9,1,13,55,2,1,1,3,"02, TURBINE (RUE DE LA)",43.27661,5.38124
201500015073,10,9,15,10,1,13,55,2,2,1,6,MERLE (BOULEVARD),43.30106,5.41513
201500015074,10,9,15,10,1,13,2,1,1,1,2,"1419, ETIENNE CUCCA-CD90",43.3632,5.49563
201500015075,9,9,15,17,1,13,55,2,2,1,3,"60, CANEBIERE    30 A 68",43.29727,5.38012
201500015076,10,9,15,15,1,13,55,2,1,1,3,"14, MARÉCHAL DE LATTRE (",43.24968,5.40478
201500015077,10,9,15,23,5,13,55,2,1,1,6,"411, PRADO (AVENUE)",43.26819,5.38463
201500015078,10,9,15,17,1,13,55,2,1,1,6,"214, CAPELETTE (AVENUE D",43.27964,5.41051
201500015079,11,9,15,8,1,13,55,2,1,1,5,"165, PRADO (AVENUE)",43.27841,5.38798
201500015080,24,8,15,5,5,13,55,2,2,1,3,"85, PARADIS (RUE)",43.2905,5.37802
201500015081,9,9,15,16,1,13,55,2,1,1,6,"22, BELSUNCE (COURS)",43.29762,5.37698
201500015082,11,9,15,20,5,13,55,2,1,1,6,"17, CAMOINS ((RUE LES)",43.29601,5.48944
201500015083,11,9,15,19,1,13,55,2,1,1,7,"01, ALEX DELABRE (BOULEV",43.21969,5.34536
201500015084,12,9,15,3,5,13,55,2,1,2,6,"152, MAZARGUES (AVENUE D",43.26546,5.3903
201500015085,31,8,15,11,1,13,55,2,1,1,2,"33, AURENGUES**CHEMIN DE",43.32739,5.45438
201500015086,11,9,15,12,1,13,55,2,2,1,3,"1, BREMOND (RUE)",43.31988,5.40825
201500015087,3,9,15,14,1,13,55,2,1,1,2,"59, SAINT JUST (AVENUE D",43.315,5.403
201500015088,11,9,15,7,1,13,55,2,1,1,6,"12, CENTRALE (RUE)",43.35167,5.43894
201500015089,11,9,15,17,1,13,55,2,1,1,3,"131, MAZARGUES (AVENUE D",43.26589,5.3901
201500015090,31,8,15,16,1,13,55,2,1,1,3,"36, CHARLES LIVON (BOULE",43.29226,5.36093
201500015091,25,8,15,18,1,13,55,2,1,1,2,"11, FARANDOLE (IMPASSE)",43.32626,5.42361
201500015092,12,9,15,13,1,13,55,2,1,1,4,ANDRÉ ROUSSIN (AVENUE),43.35393,5.33783
201500015093,12,9,15,18,1,13,55,2,1,1,3,"65, CLOT BEY (AVENUE)",43.25662,5.38259
201500015094,12,9,15,20,2,13,55,2,1,1,3,"80, ACIERIES (BOULEVARD",43.27723,5.40327
201500015095,18,8,15,14,1,13,55,2,1,1,3,PALUD (RUE DE LA),43.29411,5.37957
201500015096,19,8,15,20,2,13,55,2,1,1,6,"26, ANDRE ZENATTI (AVENU",43.24685,5.3834
201500015097,13,9,15,9,1,13,55,2,1,1,6,"155, CORNICHE KENNEDY",43.28631,5.3513
201500015098,14,8,15,17,1,13,55,2,1,1,3,19-23 CATALANS,43.2928,5.3556
201500015099,13,9,15,15,1,13,55,2,1,1,3,PORT (QUAI DU),43.29628,5.37164
201500015100,13,9,15,17,1,13,55,2,1,1,2,"34, LESSEPS (RUE DE)",43.32045,5.37328
201500015101,11,9,15,12,1,13,55,2,1,1,2,"397, CORNICHE KENNEDY",43.26998,5.36595
201500015102,11,9,15,18,1,13,55,1,1,1,4,ARENC (QUAI D'),43.31244,5.36692
201500015103,14,9,15,8,1,13,55,1,1,1,3,"6, BONNARDEL (RUE)",43.31118,5.38746
201500015104,14,9,15,13,1,13,55,2,1,1,3,"342, SAINT ANTOINE (AVEN",43.37734,5.3565
201500015105,14,9,15,12,1,13,55,2,1,1,6,"18, VALDONNE (AVENUE DE)",43.32433,5.41545
201500015106,14,9,15,16,1,13,55,2,1,1,6,"00, SAVINE (BOULEVARD DE",43.36625,5.3713
201500015107,15,9,15,7,1,13,2,2,1,1,6,ETIENNE CUCCA-CD908 (AVE,43.36302,5.49496
201500015108,14,9,15,18,1,13,55,2,1,1,2,"3, MONTAIGNE (RUE)",43.30431,5.41433
201500015109,15,9,15,10,1,13,55,2,1,1,1,"133, CHEMIN DU MERLAN A",43.33087,5.40721
201500015110,12,9,15,11,1,13,55,2,1,1,5,BOURRELY (CHEMIN DES),0.0,0.0
201500015111,15,9,15,15,1,13,55,2,1,1,2,PONT DE VIVAUX (BOULEVAR,43.2805,5.42085
201500015112,15,9,15,18,1,13,55,2,1,8,4,"00, MARÉCHAL DE LATTRE (",43.24536,5.42374
201500015113,16,9,15,4,2,13,55,2,1,2,7,"56, VALBARELLE (BOULEVAR",43.28696,5.4459
201500015114,16,9,15,7,1,13,55,2,1,8,3,CASSIN (RUE),43.31565,5.37312
201500015115,16,9,15,8,1,13,55,2,1,8,7,"35, PETIT SAINT JEAN (RU",43.29898,5.37909
201500015116,16,9,15,16,1,13,55,2,2,1,3,"61, JEANNE D'ARC (BOULEV",43.29342,5.40316
201500015117,16,9,15,18,1,13,55,2,3,1,6,"1, PIERRE DRAMARD (BOULE",43.37748,5.35986
201500015118,11,9,15,8,1,13,55,2,5,1,7,ALEX. FLEMING (BOULEV,43.31383,5.40581
201500015119,10,9,15,20,2,13,55,2,1,1,2,"179, BAILLE (BOULEVARD)",43.28875,5.39432
201500015120,17,8,15,13,1,13,55,2,1,1,3,"103, MARÉCHAL DE LATTRE",43.24708,5.40738
201500015121,17,9,15,7,1,13,55,2,3,1,2,"52, PERIER (BOULEVARD)",43.27932,5.38409
201500015122,11,9,15,12,1,13,55,2,1,1,3,"40, RIVE NEUVE (QUAI)",43.29253,5.36697
201500015123,17,9,15,11,1,13,55,2,1,2,2,"00, JEAN BOUIN (AVENUE)",43.2672,5.40316
201500015124,14,9,15,8,1,13,75,2,3,1,3,"98, FREDERIC MISTRAL (AV",43.3511,5.47179
201500015125,17,9,15,18,1,13,55,2,1,1,6,"26, ANDRE ZENATTI (AVENU",43.2469,5.38328
201500015126,1,8,15,18,1,13,55,2,2,1,6,"39, CORDERIE (BOULEVARD",43.28986,5.3663
201500015127,17,9,15,8,1,13,55,2,1,1,3,"15, BOURDET (MAURICE) (B",43.30308,5.37917
201500015128,17,9,15,11,1,13,55,2,1,1,3,"00, FRAIS VALLON (AVENUE",43.32512,5.4234
201500015129,18,9,15,4,5,13,55,2,1,1,7,"00, BOUYALA D'ARNAUD (BO",43.29626,5.44467
201500015130,18,9,15,7,1,13,55,2,1,1,2,"32, SCHLOESING (BOULEVAR",43.27133,5.40182
201500015131,18,9,15,9,1,13,55,2,1,1,3,"160, POILUS (AVENUE DES)",43.32181,5.4575
201500015132,18,9,15,12,1,13,55,2,1,1,5,"22, ST MENET (CHEMIN)",43.28919,5.49657
201500015133,18,9,15,15,1,13,55,2,3,1,3,"192, ROUET (RUE DU)",43.27574,5.39552
201500015134,24,1,15,13,1,13,55,2,1,1,6,"00, RUE ELEMIR BOURGES",0.0,0.0
201500015135,18,9,15,15,1,13,55,2,1,1,3,"1, MONTEE DES (RUE)",43.30546,5.41026
201500015136,18,9,15,19,1,13,55,2,1,1,2,"85,*POMPIDOU (PROMENADE)",43.26329,5.374
201500015137,18,9,15,15,1,13,55,2,1,1,2,FRÉDÉRIC MISTRAL (AVENUE,43.3234,5.4493
201500015138,19,9,15,13,1,13,55,2,3,1,6,"01, STRASBOURG (PLACE)",43.30645,5.37348
201500015139,19,9,15,13,1,13,55,2,1,1,3,"103, CAPELETTE (AVENUE D",43.28188,5.40405
201500015140,19,9,15,15,1,13,55,2,2,1,3,FORTUNÉ CHAILLAN (RUE),43.36037,5.3638
201500015141,19,9,15,17,1,13,55,2,1,1,6,"02, DESAIX (RUE)",43.30863,5.37443
201500015142,19,9,15,22,5,13,55,2,1,1,3,"280, BARASSE",43.28382,5.49263
201500015143,21,8,15,16,1,13,55,2,1,1,2,"63, JEAN MOULIN (BOULEVA",43.2855,5.39882
201500015144,8,9,15,13,1,13,55,1,1,1,6,"16, ROGER BRUN (RUE)",43.28657,5.39067
201500015145,20,9,15,19,2,13,55,2,1,1,3,"35, LA FOURRAGERE (AVENU",43.30168,5.43095
201500015146,21,9,15,10,1,13,55,2,1,1,1,ALBERT COHEN (RUE),43.36184,5.33676
201500015147,21,9,15,13,1,13,55,2,1,1,3,"93, RABATAU (BOULEVARD)",43.27657,5.39764
201500015148,21,9,15,14,1,13,55,2,1,1,6,"36, ROUET (RUE DU)",43.28396,5.38586
201500015149,18,9,15,9,1,13,55,2,3,1,2,"9, ARMENY (RUE D')",43.29073,5.37904
201500015150,21,9,15,14,1,13,55,2,1,1,1,"293, ROMAIN ROLLAND (BOU",43.27261,5.41147
201500015151,21,9,15,18,1,13,55,2,1,1,1,"7, EMMANUEL EYDOUX (RUE)",43.36276,5.3354
201500015152,21,9,15,21,5,13,55,2,1,1,6,"20, LOUIS FRANGIN (RUE)",43.29436,5.40648
201500015153,21,9,15,7,1,13,55,2,3,1,3,"52, LIEUTAUD (COURS)",43.29347,5.3823
201500015154,22,9,15,17,1,13,55,2,1,1,3,"00, LUMINY (AVENUE DE)",43.23559,5.43581
201500015155,22,9,15,12,1,13,55,2,1,1,6,"205, ROUET (RUE DU)",43.27643,5.39451
201500015156,18,9,15,10,1,13,55,2,1,1,3,"70, FÉLIX PYAT (RUE)",43.31526,5.37481
201500015157,17,8,15,17,1,13,55,2,2,1,6,"91, BAILLE (BOULEVARD)",43.2876,5.39006
201500015158,5,9,15,9,1,13,55,2,1,1,2,"15, REPUBLIQUE (RUE DE L",43.29789,5.37282
201500015159,22,9,15,14,1,13,55,2,1,1,3,"29, SABLIERE (ROUTE DE L",43.29231,5.47938
201500015160,12,9,15,8,1,13,55,2,1,1,2,"0, CARGO RHIN FIDELI (RU",0.0,0.0
201500015161,22,9,15,18,1,13,55,2,2,1,5,"03, MICHELET (BOULEVARD)",43.27197,5.39165
201500015162,18,8,15,19,1,13,55,2,1,1,6,"47, ROGER SALENGRO ***",43.31187,5.37227
201500015163,18,9,15,2,5,13,55,2,1,1,2,"1, JEAN MOULIN (BOULEVAR",43.28973,5.40008
201500015164,22,9,15,17,1,13,55,2,2,1,3,"244, SAINT PIERRE (RUE)",43.29262,5.40129
201500015165,22,9,15,18,1,13,55,2,1,1,6,"12, PAUL COXE (RUE)",43.34834,5.37611
201500015166,15,9,15,18,2,13,55,2,1,1,2,"9, SAKAKINI (BOULEVARD)",43.29865,5.40098
201500015167,9,9,15,16,1,13,55,2,3,1,1,"13, PASTEUR (AVENUE)",43.29146,5.35902
201500015168,23,9,15,10,1,13,55,2,1,1,6,"16, CAMILLE PELLETAN (AV",43.30304,5.37407
201500015169,23,9,15,10,1,13,55,2,1,6,6,"37, MENDES FRANCE (AVENU",43.2577,5.37612
201500015170,23,9,15,9,1,13,55,2,1,1,3,"92, SAKAKINI (BOULEVARD)",43.29451,5.40139
201500015171,14,9,15,10,1,13,55,2,1,1,2,"52, CAMILLE PELLETAN (AV",43.30418,5.37342
201500015172,23,9,15,11,1,13,55,2,3,1,3,"39, JEAN LOMBARD (AVENUE",43.28893,5.42908
201500015173,23,9,15,15,1,13,55,1,1,1,3,"1, CAP PINEDE (Avenue)",43.3278,5.36245
201500015174,6,9,15,12,1,13,55,2,1,1,7,"150, CAP PINEDE (Avenue)",43.32876,5.36587
201500015175,24,9,15,12,1,13,55,2,4,1,3,"145, LOUBON (RUE)",43.31308,5.38579
201500015176,24,9,15,14,1,13,55,2,1,1,1,"109, RABATAU (BOULEVARD)",43.27693,5.39811
201500015177,24,9,15,14,1,13,55,2,9,1,3,"458, SAINT ANTOINE (AVEN",43.38309,5.35828
201500015178,24,9,15,21,5,13,55,2,1,1,1,104-106 Rue d'Italie,43.28659,5.38441
201500015179,25,9,15,0,5,13,55,2,3,1,6,"36, GARLABAN (AVENUE DE)",43.29884,5.42107
201500015180,23,9,15,14,1,13,55,2,1,1,6,"139, MIREILLE LAUZE (BOU",43.2835,5.41455
201500015181,23,9,15,18,1,13,55,2,1,1,6,"38, SAINTE (RUE)",43.29232,5.37451
201500015182,24,9,15,19,1,13,2,2,1,1,6,"00, AUBAGNENS (AVENUE DE",43.32739,5.48177
201500015183,27,8,15,11,1,13,55,2,1,1,6,"141, CORNICHE KENNEDY",43.28668,5.35164
201500015184,25,9,15,12,1,13,55,2,1,1,2,ROLAND DORGELES (BOULEVA,43.3481,5.37677
201500015185,25,9,15,13,1,13,55,2,1,1,3,PEYPIN (RUE DE),43.32634,5.42148
201500015186,26,9,15,2,5,13,55,2,1,1,6,"212, CHAVE (BOULEVARD)",43.29566,5.39849
201500015187,25,9,15,11,1,13,55,2,1,1,2,22 ANDRE ZENATTI (AVENU,43.24685,5.38341
201500015188,21,8,15,10,1,13,55,2,1,1,6,"57-59, PARIS (BOULEVARD",43.308,5.37124
201500015189,23,9,15,14,1,13,55,2,2,1,3,"21, ITALIE (RUE D')",43.29016,5.38196
201500015190,26,9,15,10,1,13,55,2,9,1,3,"17, REPUBLIQUE (RUE DE L",43.29775,5.37294
201500015191,26,9,15,11,1,13,55,2,1,1,2,"280, MIREILLE LAUZE (BOU",43.28492,5.42169
201500015192,26,9,15,9,1,13,55,2,2,1,1,"56, FRANKLIN ROOSEVELT (",43.29891,5.38905
201500015193,26,9,15,14,1,13,55,2,1,1,3,"12, MILLIE MATHYS (AVENU",43.36524,5.34798
201500015194,26,9,15,17,1,13,55,2,4,1,3,77 Avenue Alexandre Ansa,43.33068,5.40476
201500015195,26,9,15,16,1,13,55,2,2,1,5,323 MICHELET (BOULEVARD,43.25889,5.399
201500015196,27,9,15,5,5,13,55,2,1,1,7,Chde Saint-Antoine À Sai,43.34969,5.3752
201500015197,27,9,15,14,1,13,55,2,1,1,3,"23, JEAN JAURES (PLACE)",43.29568,5.38747
201500015198,27,9,15,17,1,13,2,1,1,1,6,ALLAUCH A PICHAURIS (CHE,43.36524,5.54278
201500015199,27,9,15,19,2,13,55,2,7,1,6,"57, PASTEUR (AVENUE)",43.28902,5.35937
201500015200,27,9,15,20,5,13,55,2,3,1,1,"13, SAINT JULIEN (AVENUE",43.30444,5.41455
201500015201,25,9,15,14,1,13,55,2,2,1,6,"42, JULES CANTINI (AVENU",43.28388,5.38744
201500015202,28,9,15,6,2,13,55,2,1,8,3,"000, MAZARGUES (ROND-POI",43.25086,5.40372
201500015203,28,9,15,13,1,13,55,2,1,1,3,"39, PLOMBIERES (BOULEVAR",43.31543,5.38607
201500015204,28,9,15,16,1,13,55,2,1,1,6,"111, SAINT JEROME (AVENU",43.33249,5.41976
201500015205,19,2,15,21,5,13,55,2,1,1,6,"108, BD LOUIS VILLECROZE",43.32161,5.39202
201500015206,28,9,15,15,1,13,55,2,1,1,3,"102, CONDORCET (RUE)",43.35773,5.33882
201500015207,17,9,15,7,1,13,55,2,2,1,3,"125, ITALIE (RUE D')",43.29016,5.38326
201500015208,28,9,15,14,1,13,55,2,3,1,3,ALBERT EINSTEIN (RUE),43.34512,5.44767
201500015209,28,9,15,20,5,13,55,2,1,1,3,"00, REDON (BOULEVARD DU)",43.25108,5.42203
201500015210,28,9,15,21,5,13,55,2,1,1,2,"155, MADRAGUE DE MONTRED",43.23414,5.35896
201500015211,9,2,15,21,5,13,55,2,3,1,6,"01, AVE DE LATTRE DE TAS",43.24549,5.41213
201500015212,28,9,15,15,1,13,75,2,1,1,6,6* JULES ROLLANDIN (BD),43.34817,5.46247
201500015213,28,9,15,17,1,13,55,2,3,1,1,"2, MERIMEE",43.32701,5.39583
201500015214,28,9,15,19,5,13,55,2,1,8,3,"282, MIREILLE LAUZE (BOU",43.28493,5.42211
201500015215,29,9,15,8,1,13,55,2,1,1,1,"210, CAILLOLS (AVENUE DE",43.30388,5.44032
201500015216,12,9,15,14,1,13,55,2,3,1,6,"39, BELGES (QUAI DES)",43.29432,5.3745
201500015217,25,9,15,12,1,13,55,2,1,1,6,"135, SAINTE MARTHE (CHEM",43.32556,5.38811
201500015218,29,9,15,18,1,13,55,2,1,1,3,"236, MORGIOU (CHEMIN DE)",43.23424,5.4117
201500015219,29,9,15,20,5,13,55,2,1,1,6,NATIONALE (RUE),43.30541,5.38414
201500015220,28,9,15,15,1,13,55,2,1,1,4,"51, LE CHATELIER",43.34758,5.36316
201500015221,28,9,15,18,1,13,2,1,1,8,6,"611, QUATRE SAISONS (ROU",43.32621,5.49131
201500015222,29,9,15,10,1,13,55,2,8,1,6,"100, LIEUTAUD (COURS)",43.29401,5.38183
201500015223,30,9,15,16,1,13,55,2,1,1,6,MICHELET (BOULEVARD),43.26143,5.39755
201500015224,1,10,15,17,1,13,55,2,1,1,1,"22, FLAMMARION (BOULEVAR",43.30415,5.3878
201500015225,29,9,15,16,1,13,55,2,1,1,6,"23, CAMAS (RUE DU)",43.29791,5.39311
201500015226,30,9,15,15,1,13,55,2,1,1,3,"29, PONT DE VIVAUX (BOUL",43.27975,5.41816
201500015227,30,9,15,17,1,13,55,2,1,1,2,"82, VALBARELLE (BOULEVAR",43.28856,5.45281
201500015228,1,10,15,9,1,13,55,2,1,1,3,"60, RAYMOND TEISSERE (RU",43.27077,5.40051
201500015229,1,10,15,13,1,13,55,2,1,1,3,"458, LYON (RUE DE)",43.34141,5.36043
201500015230,1,10,15,14,1,13,55,2,1,1,3,"47, ROGER SALENGRO (AVEN",43.31184,5.3723
201500015231,1,10,15,13,1,13,55,2,1,1,3,"77, REDON (BOULEVARD DU)",43.25503,5.42026
201500015232,1,10,15,14,1,13,55,2,3,1,3,"85, CAPELETTE (AVENUE DE",43.28229,5.40308
201500015233,2,10,15,6,5,13,55,1,1,1,6,"4, SAINT ANTOINE (CHEMIN",43.34973,5.37509
201500015234,26,9,15,9,1,13,55,2,2,1,3,"98, ROME (RUE DE)",43.29118,5.38079
201500015235,2,10,15,7,1,13,55,2,6,2,3,"127, WILLIAM BOOTH (AVEN",43.29531,5.44542
201500015236,2,10,15,8,1,13,55,1,1,1,6,"25, NOTRE DAME (CHEMIN)",43.33611,5.42861
201500015237,1,10,15,19,5,13,55,2,2,1,3,"264, SAINT PIERRE (RUE)",43.29248,5.40132
201500015238,26,9,15,18,1,13,55,2,1,1,6,"31, PRADO (AVENUE DU)",43.2839,5.38488
201500015239,25,9,15,14,1,13,55,2,1,1,6,"FACE 06, PRADO (AVENUE D",43.28529,5.38377
201500015240,2,10,15,12,1,13,55,2,1,1,2,"44, DUNKERQUE  (BOULEVAR",43.30942,5.36853
201500015241,2,10,15,15,1,13,55,2,1,1,3,ALEX ANSALDI (RUE),43.33385,5.40226
201500015242,2,10,15,18,1,13,55,2,1,1,6,"779, MAZARGUES (AVENUE D",43.24822,5.39901
201500015243,2,10,15,20,5,13,55,2,3,1,3,"222, MADRAGUE DE MONTRED",43.23109,5.35492
201500015244,1,10,15,20,5,13,55,2,1,1,3,"130, LIEUTAUD (COURS)",43.28895,5.38417
201500015245,3,10,15,10,1,13,55,1,1,2,3,"00, LOUIS ARMAND (BOULEV",43.29899,5.41323
201500015246,3,10,15,16,1,13,55,2,1,2,6,LYON (RUE DE),43.29904,5.41309
201500015247,4,10,15,10,1,13,55,2,2,1,6,"110, LYON (RUE DE)",0.0,0.0
201500015248,4,10,15,16,1,13,2,2,1,1,7,"00, ETIENNE CUCCA-CD908",43.3689,5.52602
201500015249,23,9,15,10,1,13,55,2,9,1,2,"152, LIEUTAUD (COURS)",43.28808,5.38462
201500015250,5,10,15,7,5,13,55,2,1,1,6,"11, SAINT MENET (AVENUE",43.28982,5.49447
201500015251,5,10,15,10,1,13,55,2,1,1,2,"00, JEAN MOULIN (BOULEVA",43.29116,5.39995
201500015252,30,9,15,16,1,13,55,2,3,1,6,"22, PONT DE VIVAUX (BOUL",43.2798,5.41835
201500015253,2,10,15,8,1,13,2,2,1,2,6,PROVENCE (AVENUE DE),43.32167,5.46884
201500015254,2,10,15,9,1,13,55,2,1,1,6,"103, SAINT LOUP (BOULEVA",43.28329,5.43353
201500015255,5,10,15,14,1,13,55,2,2,1,3,"2, DIEUDE (RUE)",43.29207,5.38058
201500015256,5,10,15,12,1,13,55,2,1,1,5,"2, LUDOVIC LEGRE (AVENUE",43.25118,5.39905
201500015257,5,10,15,13,1,13,55,2,1,1,2,"242, SAINT LOUP (BOULEVA",43.28509,5.44039
201500015258,5,10,15,20,5,13,55,2,1,1,6,"216, MADRAGUE DE MONTRED",43.23153,5.35526
201500015259,5,10,15,7,1,13,55,2,3,1,1,"27, FRANCOISE DUPARC (BO",43.30192,5.40062
201500015260,4,10,15,14,1,13,55,2,1,1,7,"21, PRADO (AVENUE DU)",43.28432,5.38464
201500015261,4,10,15,21,5,13,55,2,1,1,6,"621, MAZARGUES (AVENUE D",43.25195,5.39467
201500015262,6,10,15,9,1,13,55,2,1,1,3,ARENC (QUAI D'),43.31239,5.36672
201500015263,6,10,15,7,1,13,55,2,1,1,4,SAINT JOSEPH (CHEMIN DE),43.38448,5.35855
201500015264,6,10,15,8,1,13,55,2,3,1,3,"55, DAMES (BOULEVARD DES",43.30309,5.36664
201500015265,6,10,15,8,1,13,55,2,1,1,3,"371, ROMAIN ROLLAND (BOU",43.27067,5.40762
201500015266,12,3,15,8,1,13,55,2,1,1,6,"94, AVE DE SAINT JEROME",43.33333,5.42015
201500015267,6,10,15,3,5,13,55,2,1,1,6,"21, GUIBAL (RUE)",43.3081,5.38821
201500015268,6,10,15,20,5,13,2,2,6,2,3,"00, JEAN GIONO (AVENUE)",43.33122,5.48849
201500015269,6,10,15,22,5,13,55,2,1,1,6,"103, SAINTE MARGUERITE (",43.26808,5.40704
201500015270,5,10,15,15,1,13,55,2,1,1,3,"06, OUTRE MER (AVE)",43.23998,5.36554
201500015271,7,10,15,22,5,13,55,2,3,1,6,"129, OLIVES (AVENUE DES)",43.32657,5.43816
201500015272,30,9,15,14,1,13,55,2,3,1,2,"21, NOTRE DAME (BOULEVAR",43.28927,5.3728
201500015273,8,10,15,8,1,13,55,2,1,1,6,"265, NATIONAL (BOULEVARD",43.31157,5.37754
201500015274,8,10,15,13,1,13,55,2,3,1,3,"37, JEAN LOMBARD (AVENUE",43.28993,5.42634
201500015275,8,10,15,17,1,13,55,2,7,1,6,"5, CAIRE (PLACE DU)",43.30387,5.4187
201500015276,8,10,15,20,5,13,55,2,2,1,1,"266, NATIONAL (BOULEVARD",43.31128,5.37794
201500015277,9,10,15,7,1,13,55,2,1,1,3,"20, AVIATEUR LE BRIX (RU",43.26183,5.40402
201500015278,9,10,15,10,1,13,55,2,1,1,2,"36, JOSEPH VIDAL (AVENUE",43.25357,5.38094
201500015279,9,10,15,9,1,13,55,2,3,1,3,LEVAT (RUE),43.31032,5.38455
201500015280,6,10,15,9,1,13,55,2,2,1,3,"69, AUGUSTE BLANQUI (RUE",43.29223,5.38901
201500015281,30,9,15,11,1,13,55,2,1,1,6,"2 BIS, AMEDEE PALMIERI (",43.3157,5.40055
201500015282,9,10,15,16,1,13,55,2,1,1,4,"529, MADRAGUE VILLE (RUE",43.34632,5.35483
201500015283,9,10,15,18,1,13,55,2,1,1,2,JEAN PAUL SARTRE (AVENUE,43.32908,5.43061
201500015284,9,10,15,20,5,13,75,1,2,1,1,"00, FRÉDÉRIC CHEVILLON (",43.3476,5.46389
201500015285,10,10,15,2,5,13,55,2,1,1,3,"288, CAPELETTE (AVENUE D",43.27923,5.41432
201500015286,9,10,15,12,1,13,55,2,1,1,1,"01, LAROUSSE (TRAVERSE)",43.32974,5.37682
201500015287,10,10,15,9,1,13,55,2,1,1,3,"145, CHEMIN DU MERLAN A",43.33102,5.4061
201500015288,10,10,15,10,1,13,55,2,1,1,2,"50, MICHELET (BOULEVARD)",43.26545,5.39558
201500015289,10,10,15,16,1,13,55,1,1,7,3,"262, CAPELETTE (AVENUE D",43.27915,5.4134
201500015290,10,10,15,18,2,13,55,1,1,1,7,BOURRELY (CHEMIN DES),43.38326,5.36462
201500015291,10,10,15,21,5,13,55,2,2,1,3,"31, PRADO (AVENUE DU)",43.28402,5.3848
201500015292,10,10,15,22,5,13,55,2,9,1,6,"118, VALENTINE (ROUTE DE",43.29073,5.47222
201500015293,10,10,15,19,2,13,55,2,1,1,3,"41, ALEX ANSALDI (RUE)",43.33347,5.40287
201500015294,6,10,15,11,1,13,55,2,1,1,7,"00, TOULON (AVENUE DE)",43.28473,5.39206
201500015295,11,10,15,12,1,13,55,2,1,1,3,"13, RAYMOND TEISSERE (RU",43.27462,5.39718
201500015296,11,10,15,18,1,13,55,2,1,1,3,"10, VALDONNE (AVENUE DE)",43.32289,5.4129
201500015297,11,10,15,3,5,13,55,2,1,1,3,"96, CAPELETTE (AVENUE DE",43.28147,5.4049
201500015298,29,9,15,8,1,13,55,2,2,1,2,"1, JEAN LOMBARD (AVENUE)",43.28989,5.42636
201500015299,12,10,15,17,1,13,55,2,1,2,6,"29, PIERRE BERANGER**RUE",43.31145,5.44552
201500015300,24,8,15,19,1,13,55,2,1,1,6,"239, SAINT PIERRE (RUE)",43.29272,5.40001
201500015301,13,10,15,8,1,13,55,2,1,2,1,"129, KADDOUZ (CHEMIN)",43.31413,5.43229
201500015302,13,10,15,14,1,13,55,2,1,1,6,"360, POILUS (AVENUE DES)",43.31337,5.46347
201500015303,13,10,15,14,1,13,55,1,1,1,1,SALVADOR ALLENDE (RUE),0.0,0.0
201500015304,13,10,15,17,1,13,55,2,1,1,3,"73, SAINT HENRI (CHEMIN",43.35885,5.33304
201500015305,13,10,15,18,2,13,55,2,1,1,6,"292, POILUS (AVENUE DES)",43.316,5.46122
201500015306,15,2,15,20,5,13,55,2,1,2,1,"88, BD DE LA LIBERATION",43.3008,5.39048
201500015307,14,10,15,9,1,13,2,2,1,1,3,"893, SALVATORE ALLENDE**",43.35197,5.47748
201500015308,14,10,15,10,1,13,55,2,1,1,7,"1, CONCORDE (BOULEVARD D",43.25039,5.4033
201500015309,14,10,15,13,1,13,55,2,1,1,2,PLOMBIERES (BOULEVARD DE,43.31512,5.38754
201500015310,14,10,15,13,1,13,55,2,1,1,2,"7, CAPELETTE (AVENUE DE",43.28356,5.39916
201500015311,14,10,15,16,1,13,55,2,3,1,3,"7, AYGALADES (AVENUE DES",43.33823,5.36676