Num_Acc,jour,mois,an,hr,condition_eclairage,departement,commune,condition_agglomeration,intersection,condition_atmosphere,type_collision,adresse,lattitude,longitude
201500015312,14,10,15,15,1,13,55,2,1,1,3,"349, PRADO (AVENUE DU)",43.27029,5.38823
201500015313,14,10,15,16,1,13,55,2,2,1,3,"85, AUGUSTIN AUBERT (RUE",43.26523,5.40364
201500015314,14,10,15,13,1,13,55,2,1,1,6,"189, ROMAIN ROLLAND (BOU",43.27549,5.41667
201500015315,14,10,15,18,1,13,55,2,3,1,3,"13, CORDERIE (BOULEVARD",43.29063,5.37121
201500015316,26,6,15,4,5,13,55,2,1,1,6,"431, SAINT ANTOINE (AVEN",43.38479,5.35863
201500015317,9,10,15,22,5,13,55,2,1,1,6,"3, LABRY (RUE)",43.31251,5.40154
201500015318,13,10,15,13,1,13,55,2,9,1,7,MILLIE MATHYS (AVENUE),43.36522,5.34797
201500015319,15,10,15,8,1,13,55,2,1,1,3,"1, MARÉCHAL DE LATTRE (A",43.25018,5.40425
201500015320,11,10,15,11,1,13,55,2,1,1,5,"177, MADRAGUE VILLE*(CHE",43.32908,5.35907
201500015321,15,10,15,16,1,13,55,2,1,1,1,"45, AUDIENCE (RUE DE L')",43.29633,5.48597
201500015322,15,10,15,18,1,13,55,2,1,1,3,"00, MONTRE (TRAVERSE DE",43.29253,5.47362
201500015323,15,10,15,21,5,13,55,2,1,1,6,"357, NATIONAL (BOULEVARD",43.31384,5.37406
201500015324,15,10,15,23,5,13,55,2,1,1,3,"23, AVIATEUR LE BRIX (RU",43.26183,5.40407
201500015325,16,10,15,8,1,13,55,2,1,1,1,"00, ALEX ANSALDI (RUE)",43.332,5.40415
201500015326,16,10,15,15,1,13,55,2,1,1,6,"90, PRADO (AVENUE DU)",43.28283,5.38515
201500015327,15,10,15,18,1,13,55,2,1,1,6,"54, PUVIS DE CHAVANNES (",43.29941,5.37306
201500015328,16,10,15,18,5,13,55,2,1,1,2,"29, BUREL (BOULEVARD)",43.31582,5.38862
201500015329,16,10,15,15,1,13,55,2,1,1,2,"159, SAINTE MARTHE (CHEM",43.32655,5.38776
201500015330,16,10,15,16,1,13,55,1,1,1,7,"31, TREVARESSE (TRAV DE",43.29665,5.41334
201500015331,16,10,15,20,5,13,55,2,1,1,6,"181, 24 AVRIL 15 (AVENUE",43.30884,5.43948
201500015332,15,10,15,17,1,13,55,2,1,1,2,"160, FRAIS VALLON (AVENU",43.32456,5.43544
201500015333,28,9,15,16,1,13,55,2,1,1,6,"343, ROMAIN ROLLAND (BOU",43.274,5.41437
201500015334,17,10,15,14,1,13,55,2,1,1,3,"37, SCHLOESING (BOULEVAR",43.27372,5.4004
201500015335,17,10,15,15,1,13,55,2,1,1,3,108ALEX. FLEMING (BOULE,43.31657,5.39711
201500015336,14,3,15,10,1,13,55,2,2,1,6,"01, RUE DU ROUET",43.27544,5.39593
201500015337,17,10,15,20,5,13,55,2,1,1,6,"161, MAURIAC (RUE)",43.26798,5.42654
201500015338,18,10,15,0,5,13,55,2,3,1,6,"108, FRANÇOISE DUPARC (B",43.30653,5.401
201500015339,18,10,15,1,5,13,55,2,1,1,7,"59, FRANCOISE DUPARC (BO",43.30384,5.40078
201500015340,18,10,15,2,5,13,55,2,1,1,4,"127, SAINT JOSEPH (CHEMI",43.34557,5.38224
201500015341,30,9,15,11,1,13,55,2,9,1,6,FÉLIX BARET*(PLACE),43.29151,5.37957
201500015342,16,10,15,18,5,13,55,2,1,1,6,"132, CANEBIERE     70 A",43.29844,5.38346
201500015343,16,10,15,13,1,13,55,2,1,1,1,"19, JURAMY (RUE)",43.2987,5.40029
201500015344,17,10,15,10,1,13,55,2,2,1,6,"19, LOCARNO (RUE DE)",43.294,5.39577
201500015345,23,9,15,13,1,13,55,2,1,1,3,LIBERATION (BOULEVARD,0.0,0.0
201500015346,6,9,15,15,1,13,55,2,1,1,6,"35, JEAN JAURES (PLACE)",43.29485,5.38722
201500015347,17,10,15,18,1,13,55,2,1,1,1,"80, ALBE (BOULEVARD)",43.31319,5.40583
201500015348,1,10,15,11,1,13,55,2,1,1,2,"8, PRADO (AVENUE DU)",43.28517,5.38383
201500015349,21,8,15,7,1,13,55,2,1,1,4,"243, OLIVES (AVENUE DES)",43.32359,5.44528
201500015350,18,10,15,21,3,13,55,2,1,1,3,LÉON LACHAMP (ROUTE),43.24558,5.42873
201500015351,18,10,15,19,3,13,2,1,1,2,7,ETIENNE CUCCA-CD908 (AVE,43.38268,5.54729
201500015352,19,10,15,12,1,13,55,2,1,1,3,"32, SCHLOESING (BOULEVAR",43.27248,5.40103
201500015353,19,10,15,16,1,13,55,2,1,1,3,"169B, VISTE (AVENUE DE L",43.36459,5.35697
201500015354,24,4,15,1,3,13,55,1,1,1,3,"366, SAINT ANTOINE (AVEN",43.37909,5.35705
201500015355,25,8,15,2,5,13,55,2,1,1,6,"551, PRADO (AVENUE)",43.26349,5.37731
201500015356,18,3,15,11,1,13,55,2,1,1,6,"41, AYGALADES (AVENUE DE",43.35339,5.36733
201500015357,20,10,15,9,1,13,55,2,1,1,6,"72, COMTESSE (BOULEVARD",43.31576,5.44738
201500015358,20,10,15,12,1,13,55,2,3,1,3,"105, LIEUTAUD (COURS)",43.2891,5.3841
201500015359,20,10,15,16,1,13,55,2,1,1,3,"09, BRUNE (BOULEVARD)",43.29362,5.43482
201500015360,20,10,15,18,2,13,55,2,3,1,3,CURIE (BOULEVARD),0.0,0.0
201500015361,20,10,15,18,2,13,55,2,1,1,6,"119, MAZARGUES (AVENUE D",43.26716,5.38955
201500015362,20,10,15,21,5,13,55,2,3,1,6,"00, LÉON BANCAL (RUE)",43.28583,5.47953
201500015363,16,9,15,9,1,13,55,2,1,1,6,"112-,140 SAINT PIERRE",43.29199,5.39388
201500015364,21,10,15,7,2,13,75,2,1,1,6,"18 BIS, JEAN GIONO (AVE)",43.3449,5.45819
201500015365,15,10,15,15,1,13,55,2,1,1,6,ROUET (RUE DU),0.0,0.0
201500015366,21,10,15,12,1,13,55,2,1,1,2,"67, PLOMBIERES (BOULEVAR",43.31593,5.38449
201500015367,21,10,15,10,1,13,55,2,6,1,3,"01, LYON (RUE DE)",43.32861,5.36576
201500015368,21,10,15,8,1,13,55,2,1,1,2,"27, JEAN MOULIN**BOULEVA",43.28887,5.40026
201500015369,22,10,15,10,1,13,55,2,3,1,3,"00, HENRI TOMASI (RUE)",43.24592,5.40776
201500015370,21,10,15,19,5,13,55,2,1,1,2,"182, MILLIERE (BOULEVARD",43.28336,5.5037
201500015371,11,8,15,19,1,13,55,2,2,1,3,"1, SAINTE-CECILE (RUE)",43.28671,5.39036
201500015372,22,10,15,15,1,13,55,2,1,1,2,"00, MARCHE D'IN (AVENUE)",43.33937,5.38063
201500015373,19,6,15,17,1,13,55,2,1,1,5,"1, JOSEPH CLERISSY (RUE)",0.0,0.0
201500015374,23,10,15,10,1,13,55,2,1,1,1,"85, TOULON (AVENUE DE)",43.2849,5.39054
201500015375,12,8,15,15,1,13,55,2,1,1,5,"70, LIBERATION**BOULEVAR",43.30044,5.38943
201500015376,23,10,15,14,1,13,55,2,1,1,6,"360, POILUS (AVENUE DES)",43.31337,5.46349
201500015377,23,10,15,14,1,13,55,2,9,1,6,"3, PLOMBIERES (BOULEVARD",43.31492,5.38767
201500015378,23,10,15,16,1,13,55,2,1,1,2,"00, HENRI FRENAY (ROND-P",43.2544,5.37639
201500015379,23,10,15,16,1,13,55,2,1,1,6,"231, PIERRE DOIZE  (RUE)",43.27192,5.42782
201500015380,23,10,15,17,1,13,55,2,1,1,1,"112, TELLENE (BOULEVARD)",43.28476,5.36886
201500015381,23,10,15,19,5,13,55,2,1,1,6,"23, LÉON GAMBETTA (ALLEE",43.2991,5.38232
201500015382,15,10,15,18,1,13,55,2,1,1,6,"00, POMME (BOULEVARD DE",43.29164,5.44852
201500015383,23,10,15,11,1,13,55,2,6,1,6,"23, AMPERE (BOULEVARD)",43.3393,5.37256
201500015384,24,10,15,11,1,13,55,2,1,1,6,"47, SAKAKINI (BOULEVARD)",43.29598,5.4003
201500015385,23,10,15,16,1,13,55,2,1,1,5,"61, SAINTE MARGUERITE (B",43.26848,5.40489
201500015386,24,10,15,19,2,13,55,2,1,1,2,"232, SAINT LOUP (BOULEVA",43.28486,5.43908
201500015387,24,2,15,15,1,13,55,2,1,1,1,"02, RUE ALFRED CURTEL",43.2804,5.40832
201500015388,24,10,15,18,2,13,55,2,1,1,3,"90, LA FOURRAGERE (AVENU",43.29966,5.43045
201500015389,25,10,15,23,1,13,2,1,1,1,7,"00, JEAN GIONO (AVENUE)",0.0,0.0
201500015390,25,10,15,20,5,13,2,2,3,1,3,7 RMENT DE TIRAILLEURS,43.33826,5.47672
201500015391,26,10,15,13,1,13,55,2,1,1,1,"74, MILLIERE (BOULEVARD",43.2832,5.49698
201500015392,26,10,15,13,1,13,55,2,3,1,2,SAINT ANTOINE (CHEMIN DE,43.35213,5.37303
201500015393,26,10,15,17,1,13,55,1,1,1,6,LÉON LACHAMP*(ROUTE),0.0,0.0
201500015394,26,10,15,18,2,13,55,2,1,1,3,"236, MAZARGUES (AVENUE D",43.2637,5.39248
201500015395,27,10,15,22,5,13,55,2,1,1,2,"1, LÉON BANCAL (RUE)",43.28874,5.4809
201500015396,28,10,15,8,1,13,55,2,1,1,1,"122, CANAL (TRAVERSE DU)",43.31085,5.44483
201500015397,25,10,15,19,5,13,55,2,3,1,3,"76, LODI (RUE DE)",43.28889,5.38768
201500015398,27,10,15,12,1,13,106,2,1,1,6,"94A, 8 MAI 1945 (AVENUE",43.39913,5.36788
201500015399,11,10,15,8,1,13,55,2,6,1,7,"105, REDON (BOULEVARD DU",43.25236,5.42197
201500015400,27,10,15,18,5,13,55,2,1,1,6,"16, ROMAIN ROLLAND (BOUL",43.28015,5.4255
201500015401,28,10,15,15,1,13,106,2,1,1,4,"00, TUBIE (ROUTE DE)",43.4072,5.36408
201500015402,28,10,15,15,1,13,55,2,1,7,6,"422, AVENUE DU PRADO",43.26864,5.38488
201500015403,28,10,15,19,5,13,55,2,1,1,3,"14, MERIMEE",43.32782,5.39686
201500015404,29,10,15,0,5,13,55,2,1,1,7,"171, COMMANDANT ROLLAND",43.26698,5.37591
201500015405,1,10,15,13,1,13,55,2,1,1,6,"339, AVENUE DU PRADO",43.27074,5.38859
201500015406,23,10,15,18,2,13,55,2,1,1,4,"128, TIMONE (AVENUE DE L",43.28629,5.40696
201500015407,29,10,15,12,1,13,55,1,3,1,3,"14, BOURRELY (CHEMIN DES",43.37459,5.35709
201500015408,24,6,15,17,1,13,55,2,1,1,3,"09, HAMBOURG (BOULEVARD)",43.25416,5.38262
201500015409,28,10,15,15,1,13,55,2,1,1,6,"150, CAMOINS (AVENUE DES",43.3065,5.51006
201500015410,4,10,15,15,1,13,55,2,1,1,2,"5, SAINT JUST (AVENUE DE",43.31268,5.40165
201500015411,27,10,15,16,1,13,55,2,3,1,1,"219, LIBERATION (BOULEVA",43.30237,5.39546
201500015412,30,10,15,13,1,13,55,2,3,1,4,"00, ROBERT SCHUMANN (AVE",43.29991,5.3657
201500015413,30,10,15,12,1,13,55,2,1,1,6,"693, MAZARGUES (AVENUE D",43.24966,5.39645
201500015414,30,10,15,18,5,13,55,2,1,1,7,"00, ROBERT BOUVIER (ROND",43.2526,5.42193
201500015415,9,2,15,15,1,13,55,2,5,1,6,"00, BD VIDAL",0.0,0.0
201500015416,29,10,15,12,1,13,55,2,1,1,1,"250, SAINT PIERRE (RUE)",43.29212,5.40178
201500015417,31,10,15,5,5,13,55,2,9,1,3,"152, MICHELET (BOULEVARD",43.26521,5.39541
201500015418,31,10,15,17,1,13,55,2,1,7,4,JEAN PAUL SARTRE**AVENUE,43.32455,5.42114
201500015419,31,10,15,2,5,13,55,2,1,1,6,"246, OLIVES (AVENUE DES)",43.32416,5.44359
201500015420,27,2,15,21,5,13,55,2,1,1,6,"118, AVE DES PEINTRES RO",43.30346,5.47339
201500015421,10,7,15,5,5,13,55,2,1,1,7,"33, MARÉCHAL JUIN (BOULE",43.31141,5.40368
201500015422,7,9,15,10,1,13,55,2,1,1,6,"15, BOURRELY (CHEMIN DES",43.37584,5.35827
201500015423,9,9,15,8,1,13,55,1,1,1,2,"00, CAPELETTE (AVENUE DE",43.28176,5.40388
201500015424,20,2,15,20,5,13,55,2,1,1,1,"55, CRS LIEUTAUD",43.29103,5.38313
201500015425,27,10,15,10,1,13,55,2,1,1,3,"429, SAINT PIERRE (RUE)",43.29168,5.41251
201500015426,31,10,15,18,1,13,55,2,1,1,2,"443, MADRAGUE VILLE (RUE",43.34191,5.35215
201500015427,1,11,15,19,5,13,55,2,1,1,3,"187, SAINTE MARTHE (CHEM",43.32994,5.38783
201500015428,28,10,15,10,1,13,55,2,7,3,3,OCTROI (PLACE GARE DE L',43.28143,5.42571
201500015429,2,11,15,10,1,13,55,2,1,1,2,"323, MICHELET (BOULEVARD",43.25871,5.39937
201500015430,15,10,15,17,1,13,55,2,1,1,6,"00, COLBERT (RUE)    IMP",43.29938,5.3723
201500015431,2,11,15,14,1,13,55,1,6,1,7,"73, AUDIENCE (RUE DE L')",43.29555,5.48867
201500015432,29,10,15,9,1,13,55,2,1,1,6,"127, ENDOUME (RUE D')",43.28635,5.36318
201500015433,22,10,15,12,1,13,55,2,1,1,3,"385, SAINT PIERRE (RUE)",43.29163,5.40972
201500015434,2,11,15,15,1,13,55,2,3,1,3,"132, VALBARELLE (BOULEVA",43.28815,5.45053
201500015435,22,10,15,17,1,13,55,2,1,1,6,"150, LIEUTAUD (COURS)",43.28817,5.38457
201500015436,2,11,15,17,2,13,55,1,1,1,1,PEINTRES ROUX (AVENUE DE,43.30401,5.47259
201500015437,2,11,15,22,1,13,55,1,3,1,3,CABOT (BOULEVARD),43.25866,5.41735
201500015438,2,11,15,10,1,13,55,2,1,1,6,"153, RABATAU (BOULEVARD)",43.27716,5.39855
201500015439,3,11,15,15,1,13,55,2,3,1,6,"61, PIERRE ALBRAND (RUE)",43.30856,5.3703
201500015440,3,11,15,15,1,13,55,2,2,1,3,"56, TONKIN  (TRAVERSE DU",43.27703,5.41363
201500015441,3,11,15,16,1,13,55,2,1,1,6,"30, CHE DE LA COLLINE SA",43.25296,5.41419
201500015442,3,11,15,21,5,13,55,2,1,1,3,"232, MADRAGUE VILLE (RUE",43.33184,5.359
201500015443,3,11,15,22,5,13,55,1,1,1,7,MICHELET (BOULEVARD),43.26123,5.39795
201500015444,3,11,15,18,5,13,55,2,9,1,3,BD FERDINAND DE LESSEPS,43.32039,5.37296
201500015445,30,10,15,16,1,13,55,2,3,1,1,"155, AVE DE LA FIGONE",43.30343,5.43762
201500015446,4,11,15,15,1,13,55,2,1,1,4,"104, ALEX. FLEMING (BOUL",43.31653,5.39697
201500015447,4,11,15,15,1,13,55,2,1,1,1,"7, RAIMU (avenue)",0.0,0.0
201500015448,4,11,15,18,5,13,55,2,1,1,1,"59, PEYSSONNEL ****",43.30971,5.37144
201500015449,4,11,15,17,1,13,55,2,2,1,3,LIEUTAUD (COURS),43.2891,5.3841
201500015450,4,11,15,21,5,13,55,2,1,1,2,"70, SAKAKINI (BOULEVARD)",43.29517,5.4008
201500015451,5,11,15,8,1,13,55,2,1,1,6,PLOMBIERES (BOULEVARD DE,43.31601,5.38472
201500015452,5,11,15,8,1,13,55,2,1,1,6,"255, OLIVES (AVENUE DES)",43.32346,5.44563
201500015453,5,11,15,11,1,13,55,2,3,1,6,"9, BERTHELOT (RUE)",43.3377,5.39204
201500015454,3,11,15,10,1,13,55,2,1,1,6,"00, LÉON GAMBETTA (ALLEE",43.29907,5.38434
201500015455,5,11,15,13,1,13,55,2,1,1,3,"365, MAZARGUES (AVENUE D",43.25967,5.39409
201500015456,25,9,15,9,1,13,55,2,1,1,6,"162, BARASSE",43.28465,5.4848
201500015457,5,11,15,22,1,13,55,1,1,1,4,"12, MOUTON*(BOULEVARD)",43.33246,5.39285
201500015458,5,11,15,14,1,13,55,2,1,1,2,"80, JULES MOULET (RUE)",43.28573,5.37361
201500015459,5,11,15,14,1,13,55,2,1,1,3,"425, ROMAIN ROLLAND (BOU",43.26934,5.4049
201500015460,6,11,15,7,1,13,55,2,1,1,3,"555, SAINT PIERRE (RUE)",43.29048,5.42084
201500015461,6,11,15,8,1,13,55,2,1,1,3,"00, BAILLE (BOULEVARD)",0.0,0.0
201500015462,2,11,15,11,1,13,2,2,1,1,7,"0, ETIENNE CUCCA-CD908 (",0.0,0.0
201500015463,6,11,15,16,1,13,55,2,1,1,6,SAINT PAUL (AVENUE),43.32782,5.40701
201500015464,6,11,15,15,1,13,55,2,1,1,6,"161, LIEUTAUD (COURS)",43.28686,5.38528
201500015465,6,11,15,15,1,13,55,2,1,1,1,"379, SAINT ANTOINE A SAI",43.36787,5.36259
201500015466,6,11,15,20,5,13,55,2,6,1,3,"1, LOUIS BONNEFON (PLACE",43.25428,5.38173
201500015467,7,11,15,1,5,13,55,2,2,1,3,"2, SAINTE CECILE (RUE)",43.28671,5.39036
201500015468,5,11,15,18,5,13,55,2,1,1,1,CHARLES SUSINI (TRAVERSE,43.33983,5.41331
201500015469,7,11,15,6,5,13,55,2,1,1,2,"09, LITTORAL (CHEMIN DU)",43.33924,5.34817
201500015470,8,11,15,6,5,13,55,2,1,1,6,"225, DANIEL CASANOVA (BO",43.32936,5.37586
201500015471,8,11,15,6,5,13,55,2,1,1,2,"2, RABATAU (BOULEVARD)",43.27314,5.39231
201500015472,7,11,15,13,1,13,55,2,1,1,3,"30, BARRAL (BOULEVARD)",43.26473,5.3935
201500015473,8,11,15,8,1,13,55,2,4,1,6,"66, CORNICHE KENNEDY",43.28918,5.35455
201500015474,8,11,15,15,1,13,55,2,1,1,6,"146, DANIEL CASANOVA (BO",43.32737,5.37501
201500015475,8,11,15,18,5,13,55,2,1,1,1,"253, ROMAIN ROLLAND (BOU",43.27397,5.41443
201500015476,8,11,15,21,5,13,55,2,1,1,6,"22, LIEUTAUD (COURS)",43.29467,5.38181
201500015477,8,11,15,16,1,13,55,2,1,1,6,"529, MADRAGUE VILLE (RUE",43.34626,5.35491
201500015478,9,11,15,0,5,13,55,2,2,1,3,SAKAKINI (BOULEVARD),43.29581,5.40029
201500015479,4,11,15,8,1,13,55,2,1,9,6,"222, CAILLOLS (AVENUE DE",43.30339,5.442
201500015480,9,11,15,13,1,13,55,2,1,1,6,"38, VACON (RUE)      27",43.29479,5.37702
201500015481,9,11,15,13,1,13,55,2,1,1,2,SAINT ANTOINE A SAINT JO,43.35295,5.37222
201500015482,10,11,15,9,1,13,55,2,1,1,2,"212, CHATEAU GOMBERT CHE",43.34558,5.4245
201500015483,10,11,15,9,1,13,55,2,2,1,1,"02, SAINT BRUNO (RUE)",43.30578,5.40155
201500015484,5,10,15,17,1,13,55,2,1,1,6,"1, CESAR BOY (AVENUE)",43.29662,5.48334
201500015485,10,11,15,17,2,13,55,2,1,1,3,"00, LITTORAL (CHEMIN DU)",43.33929,5.34816
201500015486,11,11,15,0,5,13,55,2,1,1,1,"134, LIBERATEURS (BOULEV",43.30179,5.45795
201500015487,8,11,15,19,2,13,55,2,1,1,3,"000, PARC BORELY (AVENUE",43.26286,5.37827
201500015488,10,11,15,18,1,13,55,2,1,1,3,JEAN MOULIN (BOULEVA,43.2909,5.40025
201500015489,10,11,15,18,5,13,55,2,1,1,6,"130, MARÉCHAL DE LATTRE",43.24583,5.41669
201500015490,12,11,15,5,3,13,55,2,6,1,2,"000, LITTORAL (CHEMIN DU",43.34789,5.34406
201500015491,11,11,15,15,1,13,55,2,1,1,3,"23, MAURELLE (RUE DE LA)",43.32544,5.43813
201500015492,12,11,15,8,1,13,55,1,1,1,6,"59, MENARD (PIERRE) (BOU",43.29103,5.44176
201500015493,12,11,15,14,1,13,55,2,1,1,2,"02, WILLIAM BOOTH (AVENU",43.29237,5.43564
201500015494,12,11,15,15,1,13,55,2,1,1,6,"67, ROUGUIERE (ALLÉE DE",43.29729,5.45723
201500015495,13,11,15,1,5,13,55,2,1,1,6,"00, CAMILLE PELLETAN (AV",43.30334,5.37389
201500015496,13,6,15,19,1,13,55,2,1,1,7,SAINT PIERRE (RUE),0.0,0.0
201500015497,13,11,15,8,1,13,55,2,1,1,6,"11, LOUIS ASTRUC (RUE)",43.29487,5.39574
201500015498,13,11,15,15,1,13,55,2,2,1,3,"31, ROMAIN ROLLAND (BOUL",43.28039,5.42614
201500015499,13,11,15,12,1,13,55,2,1,1,1,"49, RIVE NEUVE (QUAI)",43.29232,5.36591
201500015500,13,11,15,21,5,13,55,2,1,1,3,"61, SAINT JUST (AVENUE D",43.31726,5.40518
201500015501,13,11,15,23,5,13,55,2,1,1,3,"117, OLIVES (AVENUE DES)",43.32697,5.43714
201500015502,14,11,15,2,5,13,55,2,3,1,3,"01, CANEBIERE     1 A 79",43.29528,5.37441
201500015503,14,11,15,14,1,13,55,2,1,1,2,"29, GAY LUSSAC (BOULEVAR",43.33429,5.37466
201500015504,14,11,15,15,1,13,55,2,1,1,3,"00, ANTOINE SARTORIO (RO",43.36126,5.34485
201500015505,14,11,15,14,1,13,55,2,2,1,1,"30, GEORGE (RUE)",43.29738,5.39772
201500015506,14,11,15,11,1,13,55,2,1,1,2,EMMANUEL ALLARD (RUE),43.29011,5.44138
201500015507,15,11,15,5,5,13,55,2,1,1,1,"70, MERIMEE",43.33065,5.40481
201500015508,14,11,15,16,1,13,75,2,1,1,6,"00, ENGELSKIRCHEN (AVE)",43.34108,5.45878
201500015509,11,11,15,11,1,13,55,2,1,1,6,"243, ROUCAS BLAN (CHEMIN",43.2804,5.36873
201500015510,15,11,15,15,1,13,55,2,1,1,3,ALEX. FLEMING (BOULEVARD,43.31653,5.39692
201500015511,14,11,15,14,1,13,55,2,3,1,6,"19, BELGES (QUAI DES)",43.29529,5.37442
201500015512,30,10,15,2,5,13,55,2,1,1,7,"13B, LA PUGETTE (BOULEVA",43.26857,5.40122
201500015513,16,11,15,11,1,13,55,1,1,1,7,SCHLOESING (BOULEVARD),43.27135,5.40181
201500015514,16,11,15,8,1,13,55,2,1,1,2,"15, RABATAU (BOULEVARD)",43.2732,5.39235
201500015515,16,11,15,15,1,13,55,2,9,1,2,"280, OLIVES (AVENUE DES)",43.32342,5.4457
201500015516,16,11,15,18,5,13,55,2,1,1,6,"131, SAINT JOSEPH (CHEMI",43.34585,5.38178
201500015517,16,11,15,19,5,13,55,2,1,1,6,"1, ANDRE ZENATTI (AVENUE",43.24745,5.38151
201500015518,16,11,15,11,1,13,55,2,1,1,5,"46, SAINT BARNABE (AVENU",43.30415,5.41166
201500015519,16,11,15,12,1,13,55,2,1,1,4,JOBIN (***),43.31027,5.3896
201500015520,17,11,15,12,1,13,55,2,1,1,7,"187, POILUS (AVENUE DES)",43.32067,5.45826
201500015521,13,11,15,8,1,13,2,2,1,1,6,"653, GENERAL MONTSABERT",43.35528,5.48697
201500015522,17,11,15,11,1,13,55,2,1,1,2,"141, HAMBOURG (BOULEVARD",43.24725,5.39321
201500015523,17,11,15,16,1,13,55,2,1,1,6,"00, MIGNARD (RUE)",43.26228,5.402
201500015524,17,11,15,18,2,13,55,2,2,1,3,"0, FRANÇOISE DUPARC (BOU",43.30291,5.4007
201500015525,18,11,15,0,5,13,55,2,1,1,6,"41, JOBIN (RUE)",43.30994,5.38995
201500015526,17,11,15,17,2,13,55,2,2,1,6,"33, CÉSAR ALEMAN (RUE)",43.29023,5.35746
201500015527,17,11,15,18,3,13,55,2,1,1,3,"141, CHATEAU GOMBERT CHE",43.34257,5.4203
201500015528,18,11,15,7,1,13,55,2,1,1,5,"14, LIEUTAUD (COURS)",43.29521,5.38174
201500015529,18,11,15,16,1,13,55,2,1,1,6,"186, PARIS (BOULEVARD DE",43.31357,5.36818
201500015530,18,11,15,19,5,13,55,2,3,1,3,"03, MICHELET (BOULEVARD",43.26827,5.39367
201500015531,18,11,15,18,5,13,55,2,1,1,3,"12, CHATEAU GOMBERT (ANC",43.33439,5.42056
201500015532,18,11,15,21,5,13,55,2,1,1,5,"81, CAPELETTE (AVENUE DE",43.28241,5.4029
201500015533,19,11,15,9,1,13,55,2,2,1,3,"00, SAKAKINI (BOULEVARD)",43.29987,5.40089
201500015534,19,11,15,10,1,13,55,1,1,1,6,"65, SAINT JULIEN (AVENUE",43.3059,5.4189
201500015535,18,11,15,19,1,13,55,1,1,1,3,"102, TROIS LUCS (AVENUE",43.31082,5.46419
201500015536,13,11,15,9,1,13,2,2,1,1,3,"1029, 7 RMENT DE TIRAILL",43.33832,5.46729
201500015537,19,11,15,15,1,13,55,2,1,1,2,"74, CAPITAINE GEZE (BOUL",43.33142,5.37669
201500015538,19,11,15,14,1,13,55,2,1,1,2,AVIATEUR LE BRIX (RUE),43.26185,5.4041
201500015539,19,11,15,17,1,13,55,1,1,1,1,"12, GASTON RAMON (BOULEV",43.26718,5.39716
201500015540,19,11,15,20,5,13,55,2,2,1,3,"00, NATIONAL   1 A 51 (B",43.30115,5.3879
201500015541,19,11,15,18,5,13,55,2,1,1,3,"128, EDMOND ROSTAND (RUE",43.2813,5.38328
201500015542,19,11,15,22,5,13,55,2,1,1,3,"83, STRASBOURG (BOULEVAR",43.30903,5.3784
201500015543,20,11,15,2,5,13,55,2,1,1,6,"194, REDON (BOULEVARD DU",43.24949,5.42255
201500015544,20,11,15,9,1,13,55,2,3,1,6,"2, ISABELLE (BOULEVARD)",43.32945,5.41899
201500015545,20,11,15,10,1,13,55,2,1,1,6,"01, VIADUC (TRAVERSE)",43.36731,5.35817
201500015546,20,11,15,13,1,13,55,2,1,1,3,"101, NATIONAL (BOULEVARD",43.30673,5.38278
201500015547,21,11,15,18,5,13,55,2,1,1,4,"00, SAINT ANTOINE A SAIN",43.36997,5.36071
201500015548,16,11,15,20,5,13,55,2,3,1,3,"188, BAILLE (BOULEVARD)",43.28896,5.3951
201500015549,21,11,15,17,1,13,55,2,1,8,2,"32, PLOMBIERES (BOULEVAR",43.31539,5.38673
201500015550,16,11,15,12,1,13,55,2,3,1,6,"1, SAINT PAUL (AVENUE)",43.32954,5.40336
201500015551,20,11,15,16,1,13,55,2,2,1,3,"105, ROME (RUE DE)",43.29118,5.38076
201500015552,29,10,15,11,1,13,55,2,2,1,3,"22, FRANÇOISE DUPARC (BO",43.3011,5.40078
201500015553,22,11,15,17,5,13,55,2,9,1,7,TUNNEL PRADO SUD,0.0,0.0
201500015554,23,11,15,5,5,13,55,2,3,1,3,"270, SAINT LOUP (BOULEV",43.28566,5.44203
201500015555,23,11,15,7,5,13,55,2,2,1,3,"00, CHUTES LAVIE (AVENUE",43.31675,5.39912
201500015556,23,11,15,8,1,13,55,2,1,1,1,"00, HENRI BARNIER (BOULE",0.0,0.0