Num_Acc,jour,mois,an,hr,condition_eclairage,departement,commune,condition_agglomeration,intersection,condition_atmosphere,type_collision,adresse,lattitude,longitude
201500015557,10,11,15,12,1,13,55,2,1,1,6,"27, PRADO (AVENUE DU)",43.28407,5.38478
201500015558,6,11,15,8,1,13,55,1,5,1,3,"00, ALPES (BOULEVARD DES",43.29834,5.41659
201500015559,23,11,15,21,5,13,55,2,1,1,6,"11, MONTRICHER (BOULEVAR",43.30471,5.39327
201500015560,23,11,15,20,5,13,55,2,9,1,3,"00, SAINT JUST (AVENUE D",43.31584,5.40388
201500015561,23,11,15,19,5,13,2,2,1,1,3,"893, SALVATORE ALLENDE (",43.35187,5.47756
201500015562,22,11,15,19,1,13,55,2,1,1,6,"78, CORNICHE KENNEDY",43.28493,5.35005
201500015563,23,11,15,18,5,13,55,2,1,1,3,"70, JULES CANTINI (AVENU",43.28275,5.38948
201500015564,23,11,15,19,5,13,55,2,1,1,6,"287, SAINTE MARTHE (CHEM",43.3347,5.39136
201500015565,24,11,15,7,1,13,55,2,1,1,6,"000, FRESCOULE (IMPASSE",43.2763,5.37774
201500015566,24,11,15,11,1,13,55,2,1,1,7,"1, BOSPHORE (BOULEVARD D",43.36898,5.36279
201500015567,24,11,15,15,1,13,55,1,1,1,2,PEINTRES ROUX (AVENUE DE,0.0,0.0
201500015568,24,11,15,17,1,13,55,2,1,1,7,"136, DANIEL CASANOVA (BO",43.32711,5.37496
201500015569,24,11,15,18,5,13,55,2,3,1,1,TOUR SAINTE (TRAVERSE D,43.34359,5.38535
201500015570,13,10,15,8,1,13,55,2,1,1,6,"59, CAPELETTE (AVENUE DE",43.28324,5.40153
201500015571,25,11,15,6,5,13,55,2,3,2,3,"00, BLANCARDE (BOULEVARD",43.30283,5.39952
201500015572,24,11,15,9,1,13,2,2,1,1,6,"00, 7 RMENT DE TIRAILLEU",43.33849,5.47974
201500015573,25,11,15,9,1,13,55,2,1,1,3,"81, REDON (BOULEVARD DU)",43.25379,5.42127
201500015574,25,11,15,14,1,13,55,2,1,1,2,"26, MORETTI (BOULEVARD)",43.32583,5.37855
201500015575,24,11,15,15,1,13,55,2,2,1,1,"00, CORSE (AVENUE DE LA)",43.2891,5.36207
201500015576,25,11,15,13,1,13,55,2,3,1,3,ROVE (ROUTE DU),0.0,0.0
201500015577,25,11,15,17,2,13,55,2,1,1,3,"48, RUFFI (RUE DE)",43.31162,5.37133
201500015578,25,11,15,22,1,13,55,2,1,1,3,"59, MADRAGUE DE MONTREDO",43.23681,5.36282
201500015579,26,11,15,0,3,13,55,2,3,8,3,"16, STRASBOURG (BOULEVAR",43.3063,5.3741
201500015580,25,11,15,18,5,13,55,2,1,1,6,"122, PRUD'HOMMES (TVSE)",43.27801,5.4346
201500015581,25,11,15,18,5,13,55,2,1,1,3,"501, MADRAGUE VILLE (RUE",43.34456,5.3543
201500015582,26,11,15,6,5,13,55,2,1,1,6,"2, CHARTREUX (AVENUE DES",43.30296,5.39706
201500015583,26,11,15,10,1,13,55,2,2,1,3,"04, LOUIS GUICHOUX (BOUL",43.32581,5.37496
201500015584,26,11,15,16,1,13,55,2,1,1,5,RUE PAUL PREBOIST,43.33425,5.4512
201500015585,27,11,15,21,5,13,55,2,2,1,7,"118, ROGER SALENGRO (AVE",43.31453,5.37052
201500015586,27,11,15,9,1,13,55,2,1,1,3,"00, MARTHELINE (AVENUE D",43.24595,5.39963
201500015587,27,11,15,10,1,13,55,2,1,1,2,"9, MERIMEE",43.32818,5.39811
201500015588,27,11,15,14,1,13,55,2,1,1,3,"69, ROMAIN ROLLAND (BOUL",43.27942,5.42341
201500015589,27,11,15,15,1,13,55,2,1,1,6,"18, PAUL LANGEVIN (RUE)",43.3388,5.43274
201500015590,27,11,15,17,5,13,55,2,1,1,3,"8, OCTROI (PLACE GARE DE",43.28118,5.42642
201500015591,15,11,15,20,5,13,55,2,1,1,1,"32, GARIBALDI (BOULEVARD",43.29616,5.38143
201500015592,27,11,15,22,5,13,55,2,1,1,1,"90, RABATAU (BOULEVARD)",43.27652,5.39767
201500015593,27,11,15,17,1,13,55,2,2,1,3,"00, LESSEPS (RUE DE)",43.32101,5.37473
201500015594,26,11,15,12,1,13,55,2,1,6,6,"269, CORNICHE KENNEDY",43.28007,5.35371
201500015595,27,11,15,20,5,13,55,2,1,1,2,"00, PEINTRES ROUX (AVENU",43.30467,5.47168
201500015596,26,11,15,14,1,13,55,2,1,1,3,"290, PIERRE DOIZE  (RUE)",43.27113,5.42542
201500015597,28,11,15,10,1,13,55,2,1,1,6,"5, GÉNÉRAL DE GAULE (PLA",43.295,5.37562
201500015598,28,11,15,14,1,13,55,2,1,1,6,"769, MAZARGUES (AVENUE D",43.24839,5.39861
201500015599,28,11,15,14,1,13,55,2,1,6,6,"337, CORNICHE KENNEDY",43.27294,5.36294
201500015600,25,11,15,8,1,13,55,2,1,1,6,"34, TROIS FRERES (RUE DE",43.29291,5.38509
201500015601,25,11,15,11,1,13,55,2,1,1,6,"252, BAILLE (BOULEVARD)",43.2898,5.39822
201500015602,20,11,15,17,1,13,55,2,1,1,6,"09, MONTRICHIER (BOULEVA",43.30208,5.38812
201500015603,28,11,15,18,5,13,55,2,1,1,3,"94, SAINT LOUP (BOULEVAR",43.28253,5.43129
201500015604,28,11,15,13,1,13,55,2,1,6,2,"153, RABATAU (BOULEVARD)",43.27994,5.39934
201500015605,23,11,15,14,1,13,55,2,1,1,3,"00, DELPHES (AVENUE DE)",43.28422,5.38773
201500015606,30,11,15,10,1,13,55,2,1,1,6,"488, PARADIS (RUE)",43.27344,5.38521
201500015607,30,11,15,11,1,13,55,2,1,1,6,"23, AVIATEUR LE BRIX (RU",43.26187,5.40411
201500015608,30,11,15,12,1,13,55,2,1,1,6,ESCAD.NORMA,0.0,0.0
201500015609,30,11,15,12,1,13,55,2,1,1,6,"14, GASTON CREMIEUX**RUE",43.27921,5.37977
201500015610,27,11,15,12,1,13,55,2,1,1,2,"71, BRETEUIL (RUE)",43.28893,5.3764
201500015611,30,11,15,14,1,13,55,2,1,1,6,STRASBOURG (BOULEVARD),43.30635,5.37416
201500015612,30,11,15,13,1,13,55,2,3,1,3,"66, PARANGON (TRAVERSE)",43.24247,5.37968
201500015613,30,11,15,18,5,13,55,2,3,1,3,"02, MENDES FRANCE (AVENU",43.24904,5.37508
201500015614,30,11,15,16,1,13,55,2,1,1,5,"335, SAINT ANTOINE (AVEN",43.37939,5.35686
201500015615,30,11,15,18,5,13,55,2,1,1,3,"42, EMMANUEL EYDOUX (RUE",43.36203,5.32967
201500015616,30,11,15,22,5,13,55,2,3,1,3,"00, JEAN MOULIN (BOULEVA",43.28872,5.40012
201500015617,30,11,15,11,1,13,55,2,2,1,3,"00, JEAN DE BERNARDY (RU",43.3029,5.38987
201500015618,1,12,15,9,1,13,55,2,4,1,1,"00, JEAN COMPADIEU (AVEN",43.32214,5.43107
201500015619,30,11,15,19,5,13,55,2,1,1,1,"150, TREILLE (ROUTE DE L",43.31198,5.51223
201500015620,1,12,15,16,2,13,55,2,1,1,2,"141, PRADO (AVENUE DU)",43.27931,5.38779
201500015621,1,12,15,15,1,13,55,2,1,1,4,JEAN PAUL SARTRE (AVENUE,43.32461,5.42097
201500015622,1,12,15,14,1,13,55,2,1,1,3,"20, CHATEAU GOMBERT CHEM",43.33505,5.42065
201500015623,1,12,15,16,1,13,55,2,1,1,6,"50, BOUYALA D'ARNAUD (BO",43.29799,5.44049
201500015624,1,12,15,16,1,13,55,2,1,1,2,"3, CARTONNERIE (BOULEVAR",43.29265,5.45795
201500015625,2,12,15,1,5,13,55,2,1,1,7,TUNNEL PRADO SUD,43.27398,5.39364
201500015626,26,11,15,20,5,13,55,2,1,1,6,"00, PROVIDENCE (RUE DE L",43.29894,5.37828
201500015627,2,12,15,17,4,13,55,2,1,1,3,"75, CAPELETTE (AVENUE DE",43.28266,5.40243
201500015628,3,12,15,7,1,13,106,2,1,1,3,"13, 8 MAI 1945 (AVENUE D",43.3862,5.3589
201500015629,3,12,15,10,1,13,55,2,1,1,1,"00, MARCEL ACHILLE (BOUL",0.0,0.0
201500015630,3,12,15,11,1,13,55,2,3,1,3,"121, CAPELETTE (AVENUE D",43.28145,5.40499
201500015631,3,12,15,13,1,13,55,2,1,1,6,"43, LE PELLETIE (RUE)",43.36261,5.321
201500015632,3,12,15,15,1,13,55,2,1,1,6,"24, LOUBON (RUE)",43.31181,5.37894
201500015633,15,11,15,17,5,13,55,1,1,1,3,"220, BAILLE (BOULEVARD)",43.2894,5.39671
201500015634,28,11,15,10,1,13,55,2,2,1,3,"90, GOUFFE (COURS)",43.28523,5.39077
201500015635,4,12,15,9,1,13,55,2,1,1,3,"93, BARRY (BOULEVARD)",43.31982,5.41286
201500015636,4,12,15,16,2,13,55,2,1,1,3,"5, RABATAU (BOULEVARD)",43.27306,5.39214
201500015637,4,12,15,21,5,13,55,2,1,1,1,"2-4, JOBIN (RUE)",43.31029,5.38957
201500015638,4,12,15,11,1,13,55,2,3,1,1,"35, DSIR BIANCO (AVENU",43.29011,5.4258
201500015639,3,12,15,15,1,13,55,2,1,1,7,"46, AIX (RUE D')",43.30082,5.3753
201500015640,5,12,15,14,1,13,2,2,1,2,6,ETIENNE CUCCA-CD908 (AVE,43.36771,5.52459
201500015641,4,12,15,19,2,13,55,2,1,1,6,"54, EUGENE PIERRE (BOULE",43.29619,5.3907
201500015642,5,12,15,19,5,13,55,2,1,1,2,"35, CAPELETTE (AVENUE DE",43.28356,5.40105
201500015643,6,12,15,0,5,13,55,2,1,8,7,"318, REDON (BOULEVARD DU",43.24546,5.42647
201500015644,6,12,15,2,5,13,55,2,1,1,3,"242, ROMAIN ROLLAND (BOU",43.27362,5.41356
201500015645,30,11,15,10,1,13,55,2,1,1,6,"258, PRADO (AVENUE DU)",43.27462,5.3898
201500015646,4,12,15,20,5,13,55,2,1,1,1,"83, MONTREDON (AVENUE DE",43.24262,5.3695
201500015647,6,12,15,6,2,13,55,2,1,2,2,"00, FLORIAN ( ROND POINT",43.28539,5.42525
201500015648,6,12,15,6,5,13,55,2,2,1,1,"00, SAINTE MARGUERITE (B",43.26874,5.40404
201500015649,5,12,15,18,5,13,55,2,1,1,6,"00, MARCHAL FOCH (AVENU",43.29694,5.40492
201500015650,5,12,15,14,1,13,55,2,1,1,3,"00, ATHENES (BOULEVARD D",43.30021,5.38069
201500015651,28,11,15,14,1,13,55,1,1,1,6,SAINT ANTOINE A SAINT JO,43.37075,5.35982
201500015652,7,12,15,7,2,13,55,2,6,1,2,"287, PRADO (AVENUE DU)",43.28301,5.38535
201500015653,6,12,15,15,1,13,55,2,3,2,3,"96, VISTE (AVENUE DE LA)",43.35831,5.35755
201500015654,7,12,15,15,2,13,55,2,1,1,4,ROLAND DORGELES (BOULEVA,0.0,0.0
201500015655,7,12,15,17,2,13,55,2,1,1,6,"2, EVECHE (RUE DE L')",43.29779,5.3658
201500015656,4,7,15,19,1,13,55,2,2,1,3,"178, FRANOISE DUPARC (B",43.30941,5.40289
201500015657,3,12,15,7,5,13,75,2,1,1,2,"95, FRDRIC CHEVILLON (",43.34802,5.46454
201500015658,8,12,15,8,1,13,55,2,1,1,6,"152, CAMOINS (AVENUE DES",43.30647,5.5101
201500015659,8,12,15,12,1,13,55,2,1,1,3,"210, 24 AVRIL 15 (AVENUE",43.30846,5.43714
201500015660,8,12,15,16,5,13,55,2,2,2,6,"54, PIOT (BOULEVARD)",43.24179,5.37317
201500015661,8,12,15,17,5,13,55,1,1,1,3,"310, CHATEAU GOMBERT CHE",43.34957,5.43128
201500015662,8,12,15,21,5,13,55,2,1,2,6,"22, PLOMBIERES (BOULEVAR",43.31522,5.38694
201500015663,9,12,15,8,1,13,55,2,1,1,2,"169, CAILLOLS (AVENUE DE",43.30374,5.44001
201500015664,8,12,15,11,1,13,55,2,3,1,6,"87, MIREILLE LAUZE (BOUL",43.28285,5.40872
201500015665,9,12,15,12,1,13,55,2,1,1,3,MAZARGUES (AVENUE DE),43.25654,5.39401
201500015666,4,12,15,12,1,13,55,2,2,1,3,"337, ROMAIN ROLLAND (BOU",43.27123,5.40902
201500015667,9,12,15,19,5,13,55,2,1,1,6,"164, CAPELETTE (AVENUE D",43.28047,5.40817
201500015668,10,12,15,10,1,13,55,2,3,1,6,"1, PROVENCE (RUE DE)",43.30152,5.39605
201500015669,10,12,15,14,1,13,55,2,1,1,6,"20, CESAR BOY (AVENUE)",43.29653,5.4832
201500015670,10,12,15,15,1,13,55,1,1,1,3,"492, PARADIS (RUE)",43.27331,5.38528
201500015671,10,12,15,13,1,13,55,2,1,1,2,"00, MIREILLE LAUZE (BOUL",43.28337,5.41285
201500015672,10,12,15,14,1,13,55,2,1,1,1,"36, POMME (BOULEVARD DE",43.29185,5.44671
201500015673,10,12,15,17,2,13,55,2,1,1,3,"00, SABLIERE (ROUTE DE L",0.0,0.0
201500015674,21,11,15,18,1,13,55,2,1,1,7,"66, SAKAKINI (BOULEVARD)",43.29574,5.40016
201500015675,11,12,15,6,5,13,55,2,1,1,3,"00, MENARD (PIERRE) (BOU",43.29074,5.44118
201500015676,27,11,15,20,5,13,55,2,1,1,3,"54, LIBERATION**BOULEVAR",43.30007,5.3883
201500015677,10,12,15,14,1,13,55,2,1,1,3,"00, ALAIN SAVARY (ROND-P",43.24605,5.39443
201500015678,11,12,15,10,1,13,55,1,3,1,3,"75, ALEX ANSALDI (RUE)",43.33068,5.40468
201500015679,7,12,15,8,1,13,55,1,1,1,1,"00, PIERRE DOIZE  (RUE)",43.27152,5.42646
201500015680,1,12,15,11,1,13,55,2,3,1,6,"75, CORNICHE KENNEDY",43.2892,5.35464
201500015681,7,12,15,12,1,13,55,2,9,1,1,"47, LIEUTAUD (COURS)",43.29401,5.38217
201500015682,11,12,15,14,1,13,55,2,1,1,6,"3, RABATAU (BOULEVARD)",43.27307,5.39215
201500015683,11,12,15,15,1,13,55,2,1,1,1,"2, MILLIERE (BOULEVARD D",43.28381,5.49287
201500015684,11,12,15,21,5,13,55,2,1,1,3,"626, SAINT PIERRE (RUE)",43.29021,5.42557
201500015685,12,12,15,0,5,13,55,2,6,1,3,"1, FLORIAN ( ROND POINT)",43.2859,5.42541
201500015686,10,12,15,14,1,13,55,2,1,1,6,"26, GARIBALDI (BOULEVARD",43.29661,5.3813
201500015687,10,12,15,19,5,13,55,2,1,1,6,"24, ESPERANDIEU (RUE)",43.30299,5.39359
201500015688,11,12,15,20,5,13,55,2,1,1,6,"73, LON GAMBETTA (ALLEE",43.29907,5.38466
201500015689,28,11,15,14,1,13,55,2,1,1,2,"147, BAILLE (BOULEVARD)",43.28935,5.39645
201500015690,25,11,15,6,5,13,55,2,2,1,3,"00, BLANCARDE (BOULEVARD",43.30282,5.39951
201500015691,12,12,15,8,1,13,55,2,1,1,6,"33, BD FERDINAND DE LESS",43.32045,5.37328
201500015692,10,12,15,19,5,13,55,1,1,1,3,"2, LUCIEN ROLMER (RUE)",43.30494,5.37614
201500015693,6,12,15,14,1,13,55,2,2,1,3,"03 B, FLAMMARION (BOULEV",43.30406,5.38717
201500015694,14,10,15,16,1,13,55,2,1,1,6,ALEX. FLEMING (BOULEVARD,43.31591,5.40074
201500015695,12,12,15,14,1,13,55,2,1,1,2,"49, VALENTINE (ROUTE DE",43.28909,5.46892
201500015696,12,12,15,20,4,13,55,2,1,1,6,"17, SAINT JEAN DU DESERT",43.30143,5.43738
201500015697,12,12,15,22,3,13,55,2,1,1,2,"89, POMPIDOU (PROMENADE)",43.26305,5.37415
201500015698,12,12,15,22,5,13,55,2,1,1,6,"00, MARCHAL JUIN (BOULE",43.31141,5.40353
201500015699,13,12,15,1,5,13,55,2,1,1,7,"220, MAZARGUES (AVENUE D",43.26371,5.39249
201500015700,30,11,15,6,5,13,55,2,1,1,6,"264, SAINT PIERRE (RUE)",43.29181,5.4028
201500015701,13,12,15,7,2,13,55,2,1,1,6,"00, MARCHAL JUIN (BOULE",43.31112,5.40344
201500015702,13,12,15,15,1,13,55,2,1,1,2,"00, ROQUEFAVOUR (AVENUE)",43.36854,5.36004
201500015703,13,12,15,18,5,13,55,2,1,2,3,"00, SAINT JULIEN (AVENUE",43.3076,5.4254
201500015704,13,12,15,22,5,13,55,1,1,2,3,"27, FOLLEREAU (BOULEVARD",43.29265,5.44581
201500015705,13,12,15,20,5,13,55,1,1,9,6,LITTORAL (CHEMIN DU),43.33929,5.34816
201500015706,13,12,15,20,5,13,55,2,1,1,2,"25, FRANOISE DUPARC (BO",43.30147,5.40058
201500015707,14,12,15,8,1,13,55,2,1,1,3,"00, FLORIAN ( ROND POINT",43.28547,5.42576
201500015708,14,12,15,11,1,13,55,2,2,1,1,"22, FAUCHIER (RUE)",43.30432,5.37108
201500015709,10,12,15,11,1,13,55,2,1,1,3,"433, SAINT ANTOINE A SAI",43.36957,5.36116
201500015710,14,12,15,16,1,13,55,2,1,1,5,"76, SAINT MARCEL (BOULEV",43.28878,5.46024
201500015711,14,12,15,19,5,13,55,2,1,1,3,"20, PIERRE DOIZE  (RUE)",43.28144,5.42975
201500015712,14,12,15,11,1,13,55,2,1,1,2,"00, HENRI MARTINET (ROND",43.29769,5.47918
201500015713,15,12,15,7,2,13,55,2,1,1,2,"00, SAINT MENET (AVENUE",43.28819,5.50334
201500015714,15,12,15,8,1,13,55,1,1,1,6,"112, CALLELONGUE (RUE)",43.25582,5.39244
201500015715,26,11,15,16,1,13,55,2,2,1,3,NOTRE DAME (PLACE),43.29234,5.38347
201500015716,9,12,15,13,1,13,55,2,9,1,3,"242, PEINTRES ROUX (AVEN",43.30065,5.47684
201500015717,10,12,15,8,1,13,55,2,1,1,3,"22, MELCHIOR GUINOT (RUE",43.30979,5.36998
201500015718,15,12,15,18,5,13,55,2,1,1,6,CHATEAU GOMBERT CHEMIN,0.0,0.0
201500015719,15,12,15,16,1,13,55,2,2,1,3,"232, SAINTE MARGUERITE (",43.26359,5.4107
201500015720,15,12,15,20,5,13,55,2,3,8,3,MENARD (PIERRE) (BOULEVA,43.29089,5.44284
201500015721,15,12,15,23,5,13,55,2,2,1,3,"57, EDMOND ROSTAND (RUE)",43.28474,5.38183
201500015722,15,12,15,18,5,13,55,2,2,1,6,"37, DAMES (BOULEVARD DES",43.30257,5.36887
201500015723,16,12,15,5,5,13,55,2,1,1,3,"00, FLORIAN ( ROND POINT",43.28511,5.4259
201500015724,16,12,15,4,5,13,55,2,1,1,6,"1, LA PUGETTE (BOULEVARD",43.26866,5.40143
201500015725,15,12,15,16,1,13,55,2,1,1,6,"33, ARGILE (CHEMIN DE L'",43.28187,5.39531
201500015726,16,12,15,11,1,13,55,2,1,1,3,"25, SABLIER (BOULEVARD**",43.25264,5.38215
201500015727,13,12,15,11,1,13,55,2,9,1,2,"00, HAMBOURG (BOULEVARD)",0.0,0.0
201500015728,16,12,15,14,1,13,55,2,6,1,5,CAMOINS ......,0.0,0.0
201500015729,16,12,15,14,1,13,55,1,1,1,7,"00, AURENGUES (CHEMIN DE",43.33,5.45087
201500015730,16,12,15,16,1,13,55,2,1,1,3,"74, SAINT MENET (AVENUE",43.28724,5.5109
201500015731,16,12,15,18,2,13,55,2,1,1,6,"76, BOURRELY (CHEMIN DES",43.38218,5.36385
201500015732,16,12,15,20,4,13,55,2,1,1,6,"184, COMMANDANT ROLLAND",43.26608,5.37349
201500015733,17,12,15,0,5,13,55,2,1,1,1,"168, SAINT LOUIS (AVENUE",43.34895,5.35888
201500015734,17,12,15,15,1,13,55,2,6,1,2,"00, HENRI FRENAY (ROND-P",43.25435,5.37616
201500015735,7,12,15,8,1,13,55,2,2,1,3,"00, XAVIER PROGIN (RUE)",43.30312,5.4054
201500015736,11,12,15,16,1,13,55,2,1,1,3,"00, ST MENET (CHEMIN)",43.28819,5.50317
201500015737,18,12,15,7,2,13,55,2,1,1,6,"18, ALBERT EINSTEIN (RUE",43.33303,5.43033
201500015738,13,12,15,13,1,13,2,2,4,1,3,"00, PROVENCE (AVENUE DE)",43.32386,5.47264
201500015739,18,12,15,14,1,13,55,2,1,1,6,"00, PLOMBIERES (BOULEVAR",43.31601,5.38468
201500015740,17,12,15,17,5,13,55,2,2,1,2,"83, PARADIS (RUE)",43.29051,5.37802
201500015741,18,12,15,17,5,13,55,2,1,1,2,"93, BARRY (BOULEVARD)",43.32,5.41364
201500015742,18,12,15,13,1,13,55,2,3,1,1,"52, MERIMEE",43.33021,5.40402
201500015743,19,12,15,11,1,13,55,2,1,1,2,"00, SAINT LOUIS (RUE)",0.0,0.0
201500015744,15,12,15,12,1,13,55,2,1,1,2,"00, SAINT MENET (AVENUE",43.28815,5.50312
201500015745,14,12,15,11,1,13,55,2,1,1,3,"497, SAINT PIERRE (RUE)",43.29122,5.41723
201500015746,19,12,15,14,1,13,2,1,1,1,5,"17, ETIENNE CUCCA-CD908",43.35796,5.49135
201500015747,19,12,15,19,5,13,106,2,1,1,3,"38, 8 MAI 1945 (AVENUE D",43.39293,5.36436
201500015748,19,12,15,21,5,13,55,2,1,1,6,"29, TROIS FRERES CARASSO",43.30413,5.39985
201500015749,19,12,15,18,3,13,75,1,1,1,6,"17, TERMES (ALLEE DES)",43.33849,5.45503
201500015750,19,12,15,4,5,13,55,2,1,1,2,"74, ALEX ANSALDI (RUE)",43.33066,5.40494
201500015751,20,12,15,6,5,13,55,2,1,1,6,"34, CAPITAINE GEZE (BOUL",43.33026,5.37007
201500015752,20,12,15,10,1,13,55,2,1,2,2,"142, RABATAU (BOULEVARD)",43.27979,5.39933
201500015753,22,12,15,5,2,13,55,2,1,1,6,"50, BELLE DE MAI (RUE)",43.3107,5.38363
201500015754,22,12,15,8,1,13,55,2,1,8,6,"19, JOSEPH VIDAL (AVENUE",43.25353,5.3808
201500015755,22,12,15,16,1,13,55,2,1,1,6,LON LACHAMP (ROUTE),43.24258,5.4481
201500015756,22,12,15,18,5,13,55,2,1,1,6,"00, HAMBOURG (BOULEVARD)",43.24872,5.3911
201500015757,19,12,15,11,1,13,55,2,1,1,6,"00, TELLENE (BOULEVARD)",43.28505,5.36743
201500015758,11,12,15,10,1,13,55,2,3,1,1,"00, GRIGNAN (RUE)",43.29171,5.37523
201500015759,20,12,15,12,1,13,55,2,1,1,3,"205, ROUET (RUE DU)",43.27651,5.39443
201500015760,18,12,15,7,2,13,55,2,1,1,2,"39, SAKAKINI (BOULEVARD)",43.29713,5.40061
201500015761,23,12,15,19,5,13,55,2,1,1,7,"165, PONT DE VIVAUX (BOU",43.28125,5.42241
201500015762,23,12,15,19,5,13,55,2,1,1,6,"67, CAILLOLS (AVENUE DES",43.30383,5.42711
201500015763,21,12,15,12,1,13,2,1,1,2,6,"00, ETIENNE CUCCA-CD908",0.0,0.0
201500015764,24,12,15,16,1,13,55,2,1,1,3,"C09, LITTORAL (CHEMIN DU",43.35819,5.3263
201500015765,22,12,15,22,5,13,55,2,1,1,6,"20, SABLIER (BOULEVARD D",43.253,5.38211
201500015766,24,12,15,20,5,13,55,2,1,1,1,"94, SAINT ANTOINE (AVENU",43.29976,5.36892
201500015767,25,12,15,23,5,13,55,2,1,1,6,SAINT JOSEPH (CHEMIN DE),43.37062,5.35997
201500015768,26,12,15,8,1,13,55,2,3,1,5,"180, SAINT MARCEL (BOULE",43.28728,5.46586
201500015769,21,12,15,15,1,13,55,2,1,1,3,"47, RIVE NEUVE (QUAI DE)",43.29237,5.36622
201500015770,27,12,15,11,1,13,55,2,1,1,6,"71, CHARLES LIVON (BOULE",43.2921,5.35969
201500015771,9,12,15,18,2,13,55,2,1,1,2,MARCHAL JUIN (BOULEVARD,43.30953,5.40291
201500015772,27,12,15,17,5,13,55,2,1,1,6,"1, JOLIETTE (RUE DE LA)",43.30168,5.37378
201500015773,17,12,15,0,5,13,55,2,3,1,2,"00, NEIGES (BOULEVARD)",43.24822,5.37749
201500015774,28,12,15,7,1,13,55,2,1,1,6,BOSPHORE (BOULEVARD DU),43.37272,5.36547
201500015775,28,12,15,17,2,13,55,2,1,1,6,"8, CAILLOLS (AVENUE DES)",43.30409,5.42313
201500015776,10,12,15,11,1,13,55,2,3,1,3,"26, REPUBLIQUE (RUE DE L",43.2982,5.37257
201500015777,29,12,15,10,1,13,55,2,2,1,6,"00, BELSUNCE (COURS)",43.29638,5.37765
201500015778,29,12,15,12,1,13,55,2,1,1,3,JULES CANTINI (AVENU,0.0,0.0
201500015779,29,12,15,14,1,13,55,2,1,1,2,"232, PAUL CLAUDEL (BOULE",43.26894,5.42023
201500015780,29,12,15,16,1,13,55,2,1,1,3,"00, JULES CANTINI (AVENU",43.2847,5.38593
201500015781,29,12,15,17,1,13,55,2,1,1,3,"00, NATIONAL   1 A 51 (B",43.30455,5.38495
201500015782,29,12,15,16,1,13,55,2,1,1,1,"00, ROVE (ROUTE DU)",43.35939,5.28616
201500015783,29,12,15,19,5,13,55,2,1,1,4,"25, FRANOISE DUPARC (BO",43.30144,5.40057
201500015784,29,12,15,19,5,13,55,2,1,1,3,"177, CLOT BEY (AVENUE)",43.25441,5.38213
201500015785,23,12,15,15,1,13,55,2,1,1,6,"14, JEAN MOULIN (BOULEVA",43.29125,5.39998
201500015786,29,12,15,13,1,13,55,2,1,1,3,"15, LON GAMBETTA (ALLEE",43.2991,5.38187
201500015787,28,12,15,16,1,13,55,2,6,1,1,"00, VALBARELLE (BOULEVAR",43.28584,5.44256
201500015788,30,12,15,10,1,13,55,2,1,1,2,"24, DE ROUX (BD ET IMPAS",43.26536,5.41229
201500015789,30,12,15,12,1,13,55,1,1,1,3,"287, MADRAGUE VILLE (RUE",43.33461,5.35798
201500015790,29,12,15,18,5,13,55,2,1,1,6,"25, AUPHAN (RUE)",43.31679,5.37551
201500015791,30,12,15,19,5,13,55,2,1,1,6,"47, CLOT BEY (AVENUE)",43.26037,5.38702
201500015792,31,12,15,5,5,13,55,2,1,1,3,"94, DAMES (BOULEVARD DES",43.30301,5.36705
201500015793,31,12,15,12,1,13,55,2,9,1,7,"01, MERIMEE",43.32857,5.39965
201500015794,31,12,15,16,1,13,55,2,1,1,2,FLORIAN (AVENUE),0.0,0.0
201500015795,20,2,15,13,1,13,55,2,1,1,6,"16, AVE DE CORINTHE",43.28377,5.39021
201500015796,4,1,15,12,1,13,55,2,1,1,5,"25, AVE DE FRAIS VALLON",43.32528,5.43348
201500015797,26,1,15,1,5,13,55,2,1,1,7,"01, AVE ALEXANDRE FLEMIN",43.31499,5.38802
201500015798,12,2,15,17,1,13,55,2,1,1,2,"529, CHE DE LA MADRAGUE",43.3463,5.35428
201500015799,7,1,15,10,1,13,55,2,1,1,6,"47, BD GEORGES ESTRANGIN",43.27686,5.36967
201500015800,15,1,15,20,5,13,55,2,1,1,6,"45, BD NATIONAL",43.30324,5.38613