Num_Acc,jour,mois,an,hr,condition_eclairage,departement,commune,condition_agglomeration,intersection,condition_atmosphere,type_collision,adresse,lattitude,longitude
201500015801,23,1,15,11,1,13,55,2,1,1,6,"218, BD BAILLE",43.28935,5.39654
201500015802,3,1,15,1,5,13,55,2,1,1,6,"90, BD RABATAU",43.27649,5.3976
201500015803,29,1,15,15,1,13,55,2,1,2,6,"00, TRA DES ROSIERS",0.0,0.0
201500015804,9,1,15,20,5,13,55,2,1,1,6,"296, AVE DE SAINT ANTOIN",43.37604,5.35614
201500015805,23,1,15,15,1,13,55,2,1,1,6,"01, RUE SERY",43.31366,5.38812
201500015806,28,1,15,8,1,13,55,2,1,1,4,"58, MTE DE SAINT MENET",0.0,0.0
201500015807,4,3,15,18,1,13,55,2,1,1,6,"45, RUE DU PORTAIL",43.28763,5.3969
201500015808,5,3,15,8,1,13,55,2,1,1,2,"73, RUE DU DOCTEUR ESCAT",43.28307,5.38057
201500015809,12,3,15,15,1,13,55,2,1,1,6,"04, BD DE ROUGEMONT",43.3083,5.44032
201500015810,11,3,15,16,1,13,55,2,1,1,6,"330, BD DE SAINTE MARGUE",43.26127,5.41491
201500015811,10,1,15,15,1,13,56,2,1,1,1,LECLERC (Parking G?n?ral,0.0,0.0
201500015812,18,3,15,14,1,13,39,1,1,1,2,SAINT-GERVAIS (Carrefour,0.0,0.0
201500015813,2,11,15,7,1,13,56,1,1,1,3,ROUTE DU PORT DE LAVERA,0.0,0.0
201500015814,24,1,15,23,5,13,26,1,1,1,1,RN 568,0.0,0.0
201500015815,10,12,15,16,1,13,56,2,1,1,6,ROUTE DU PORT DE LAVERA,0.0,0.0
201500015816,9,4,15,17,1,13,26,1,1,1,2,RD 568,0.0,0.0
201500015817,28,1,15,17,1,13,56,2,1,1,2,RD 49,0.0,0.0
201500015818,17,3,15,15,1,13,77,2,1,1,6,THOREZ MAURICE (avenue),0.0,0.0
201500015819,22,11,15,15,1,13,56,2,1,1,3,CALMETTE ET GUERIN AVENU,0.0,0.0
201500015820,29,1,15,18,3,13,56,1,1,2,1,REVEILLA,0.0,0.0
201500015821,7,4,15,7,3,13,39,1,1,1,7,RN 568,0.0,0.0
201500015822,10,12,15,8,1,13,56,2,1,1,6,KLEBER QUAI JEAN BAPTIST,0.0,0.0
201500015823,9,1,15,10,1,13,56,2,1,1,6,RIMBAUD ARTHUR,0.0,0.0
201500015824,5,12,15,9,1,13,39,2,1,1,6,GUIGONNET (Route du),0.0,0.0
201500015825,23,4,15,11,1,13,77,2,1,1,5,RN 568,0.0,0.0
201500015826,9,2,15,9,1,13,77,2,1,1,6,THOREZ MAURICE (avenue),0.0,0.0
201500015827,22,12,15,9,1,13,56,2,1,1,6,HOTEL DE VILLE ROND POIN,43.40586,5.04775
201500015828,26,3,15,7,1,13,39,1,1,1,4,ROUTE NATIONALE 568,0.0,0.0
201500015829,10,2,15,8,1,13,56,2,1,1,6,RAYETTES,0.0,0.0
201500015830,25,11,15,13,1,13,77,1,1,1,2,RN 568...?,0.0,0.0
201500015831,4,3,15,12,1,13,56,2,1,1,3,MOULET AVENUE CHARLES,0.0,0.0
201500015832,23,11,15,13,1,13,77,1,1,1,2,RN 568 ....,0.0,0.0
201500015833,17,4,15,11,1,13,77,2,1,1,2,"2, THOREZ MAURICE (avenu",43.40838,4.98117
201500015834,1,12,15,17,1,13,56,2,3,1,3,RODE,43.41137,5.05782
201500015835,10,3,15,10,1,13,39,1,1,1,3,RN 568,0.0,0.0
201500015836,27,4,15,17,1,13,77,1,1,2,6,RN 568,0.0,0.0
201500015837,25,12,15,0,5,13,39,1,1,1,6,GUIGONNET (rond-point du,43.45065,4.93507
201500015838,12,3,15,17,1,13,39,1,1,1,3,RN 568,0.0,0.0
201500015839,15,4,15,14,1,13,77,2,1,1,2,MERINDOLE (avenue de la),0.0,0.0
201500015840,8,12,15,9,1,13,77,2,3,1,3,PASTEUR (rue),43.40166,4.9787
201500015841,22,4,15,9,1,13,56,2,1,1,3,AUGUETTE ROUTE D',0.0,0.0
201500015842,17,11,15,12,1,13,77,2,1,1,6,TURENNE (rue),0.0,0.0
201500015843,8,4,15,9,1,13,26,2,1,1,6,CURIE (bld Pierre et Mar,0.0,0.0
201500015844,8,12,15,7,2,13,39,1,1,2,1,FOSSETTE (Rond-point de,43.48625,4.88638
201500015845,10,4,15,14,1,13,77,1,1,1,5,RN 568,0.0,0.0
201500015846,30,11,15,7,1,13,77,1,1,1,3,PINS (avenue des),0.0,0.0
201500015847,17,4,15,11,1,13,77,1,1,1,2,RN 568,0.0,0.0
201500015848,10,7,15,5,2,13,56,2,1,1,6,CHAT NOIR (Rond-point du,0.0,0.0
201500015849,6,11,15,9,1,13,26,1,1,1,2,PAGNOL (bld Marcel),0.0,0.0
201500015850,16,5,15,16,1,13,26,1,1,1,2,RN 568,0.0,0.0
201500015851,11,11,15,23,3,13,77,2,1,1,1,NATIONALE (rue),0.0,0.0
201500015852,25,5,15,11,1,13,56,2,1,1,6,"20 BIS, LECLERC QUAI GEN",43.40374,5.05634
201500015853,30,5,15,9,1,13,56,2,1,1,6,PORT DE BOUC ROUTE DE,0.0,0.0
201500015854,20,5,15,16,1,13,56,2,1,1,6,TESSE MAURICE,0.0,0.0
201500015855,16,6,15,14,1,13,56,2,1,1,6,DULLIN ALLEE CHARLES,0.0,0.0
201500015856,23,5,15,18,1,13,56,1,1,1,2,FABRIQUES CHEMIN DES,0.0,0.0
201500015857,27,6,15,19,2,13,77,1,1,1,6,RN 568,0.0,0.0
201500015858,20,5,15,19,2,13,39,1,1,1,2,RN 568,0.0,0.0
201500015859,3,6,15,12,1,13,26,2,1,1,1,PASTEUR (rue Joseph),43.38106,5.17109
201500015860,13,9,15,14,1,13,56,2,1,1,1,GENERAL DE GAULLE*,0.0,0.0
201500015861,15,6,15,11,1,13,77,2,2,1,2,CRISTOFOL JEAN (bld),43.40818,4.98108
201500015862,5,9,15,17,1,13,77,2,1,1,5,THOREZ MAURICE (avenue),0.0,0.0
201500015863,14,6,15,12,1,13,39,2,6,1,3,POMPIDOU GEORGES (avenue,43.46502,4.94106
201500015864,24,6,15,12,1,13,77,2,1,1,2,CURIE PIERRE ET MARIE (r,0.0,0.0
201500015865,29,8,15,14,1,13,39,1,1,1,2,ROUTE NATIONALE 568,0.0,0.0
201500015866,8,8,15,14,1,13,56,2,1,1,1,"0, FOUQUE AVENUE RENE",0.0,0.0
201500015867,13,7,15,11,1,13,56,2,1,1,6,REPUBLIQUE,0.0,0.0
201500015868,15,7,15,9,1,13,26,2,1,1,4,RD 568,0.0,0.0
201500015869,5,7,15,7,1,13,56,2,1,1,7,"19, ALLENDE BOULEVARD SA",43.41121,5.05718
201500015870,23,7,15,9,1,13,56,2,1,1,6,FOURNIER BOULEVARD HELEN,0.0,0.0
201500015871,22,7,15,14,1,13,39,1,1,1,6,RN 544,0.0,0.0
201500015872,7,7,15,13,1,13,39,1,1,1,1,GUIGONNET (rond-point du,43.45035,4.93565
201500015873,2,8,15,19,1,13,39,2,1,1,3,PLAGES (Route des),43.43348,4.93029
201500015874,6,8,15,15,1,13,39,1,1,1,3,ROUTE NATIONALE 568,0.0,0.0
201500015875,7,8,15,20,2,13,26,1,1,1,5,CD 9,0.0,0.0
201500015876,8,8,15,20,5,13,56,1,1,1,1,VERDON,0.0,0.0
201500015877,21,8,15,20,5,13,56,1,1,1,1,VERDON,0.0,0.0
201500015878,31,8,15,14,1,13,26,1,1,1,5,RN 568,0.0,0.0
201500015879,15,9,15,10,1,13,26,1,1,1,1,,0.0,0.0
201500015880,10,9,15,17,1,13,39,1,1,1,3,RN 568...,0.0,0.0
201500015881,2,9,15,13,1,13,56,2,1,1,1,TURCAN FRANCIS,0.0,0.0
201500015882,26,9,15,11,1,13,56,2,1,1,1,OLIVES CHEMIN DES0,0.0,0.0
201500015883,25,9,15,15,1,13,77,1,1,1,7,RN 568*,0.0,0.0
201500015884,4,10,15,19,1,13,26,2,1,1,6,QUATRE SEPTEMBRE (rue du,0.0,0.0
201500015885,15,10,15,11,1,13,39,1,1,1,2,ROUTE NATIONALE 569,0.0,0.0
201500015886,16,10,15,8,1,13,39,2,1,1,3,COLLINE (Chemin de la),0.0,0.0
201500015887,1,10,15,8,1,13,26,1,3,1,1,TALLAN AU DESSUS DU CHEM,43.39331,5.19134
201500015888,12,10,15,17,1,13,39,1,1,2,1,ROUTE NATIONALE 569,0.0,0.0
201500015889,15,10,15,10,1,13,77,2,1,1,1,RN 568,0.0,0.0
201500015890,23,10,15,7,2,13,56,2,3,1,3,RAYETTES,43.41173,5.04388
201500015891,9,10,15,2,5,13,56,2,1,1,6,RIMBAUD ARTHUR,0.0,0.0
201500015892,28,10,15,14,1,13,56,2,1,1,5,TURCAN FRANCIS,0.0,0.0
201500015893,17,2,15,12,1,13,103,1,1,1,6,RTE DU VAL DE CUECH-RD 1,0.0,0.0
201500015894,16,3,15,8,1,13,103,1,1,1,6,CHEMIN GRANDE CARRAIRE,43.64856,5.06553
201500015895,3,5,15,19,1,13,103,2,1,1,6,AVENUE JUIN - DU 18,0.0,0.0
201500015896,9,8,15,16,1,13,103,1,1,1,2,RD 569,0.0,0.0
201500015897,15,8,15,20,2,13,103,2,3,1,3,"., AVENUE DE L' EUROPE",43.64505,5.10286
201500015898,18,10,15,13,1,13,103,2,4,2,3,BOULEVARD COREN -LEOPOLD,43.64401,5.09519
201500015899,23,8,15,4,3,13,103,1,6,1,1,AVENUE CHABAN DELMAS-JA,43.64013,5.04758
201500015900,24,8,15,14,1,13,103,1,9,1,3,AVENUE DE LATTRE DE TASS,43.66169,5.07975
201500015901,30,9,15,21,3,13,103,1,1,1,1,RTE D' EYGUIERES-RD 17,0.0,0.0
201500015902,6,12,15,21,5,13,103,2,4,1,4,AVENUE DE L' EUROPE,43.64407,5.10247
201500015903,7,12,15,14,1,13,103,2,1,1,6,BOULEVARD DU ROY RENE,0.0,0.0
201500015904,2,1,15,12,1,30,32,1,1,1,7,"4828, SAINT GILLES ROUTE",43.7904,4.58141
201500015905,18,3,15,16,1,30,32,2,1,1,7,"17, NIMES RUE",43.80922,4.64
201500015906,3,1,15,14,1,30,32,2,1,1,2,paix quai de la,0.0,0.0
201500015907,20,3,15,14,1,30,32,1,1,1,6,"3, MARECHAL JOFFRE AVENU",43.80965,4.63945
201500015908,4,1,15,12,1,30,32,1,1,1,7,FOURQUES ROUTE DE,43.73235,4.60956
201500015909,8,4,15,18,1,30,32,1,1,1,3,CLAPAS DE CORNUT CHEMIN,0.0,0.0
201500015910,6,1,15,10,1,13,108,2,2,1,6,GUYNEMER GEORGE (AVENUE),43.81088,4.66129
201500015911,30,3,15,16,1,30,32,1,1,1,3,D 90,43.80711,4.60993
201500015912,9,1,15,10,1,30,32,2,1,1,2,"10, FARCIENNES AVENUE DE",43.81076,4.63642
201500015913,8,4,15,0,1,30,32,1,1,1,7,D 90,0.0,0.0
201500015914,12,1,15,11,1,13,108,1,1,1,2,RD 99 ROUTE DE SAINT REM,0.0,0.0
201500015915,18,4,15,10,1,13,108,1,1,1,7,RADOUBS (CHEMIN DES),0.0,0.0
201500015916,14,1,15,19,3,13,108,1,1,1,2,RD 99 ROUTE DE SAINT REM,0.0,0.0
201500015917,18,4,15,11,1,13,108,2,1,1,6,RADOUBS (CHEMIN DES),0.0,0.0
201500015918,15,1,15,18,5,13,108,2,1,1,6,GAMBETTA (BOULEVARD),43.80424,4.66281
201500015919,21,4,15,9,1,30,32,1,1,1,7,saint gilles route de,0.0,0.0
201500015920,16,1,15,21,3,13,108,1,1,3,1,RD 570 N ROUTE D ARLES,0.0,0.0
201500015921,23,4,15,15,1,30,32,1,1,1,7,RD2B,43.8234,4.64168
201500015922,21,1,15,12,1,13,108,2,3,1,3,SOUSPIRON VOIE COMMUNALE,43.81368,4.66121
201500015923,24,4,15,15,1,30,32,2,2,1,3,ANCIENS COMBATTANTS AFRI,43.81136,4.64426
201500015924,23,1,15,8,1,13,108,1,3,1,3,ARLES (PETITE ROUTE D AR,43.78148,4.66506
201500015925,28,4,15,7,1,30,32,1,1,1,5,D 90,43.81373,4.611
201500015926,23,1,15,9,1,13,108,1,1,1,7,"385, RD 970 ROUTE D'AVIG",43.81278,4.66946
201500015927,28,4,15,12,1,13,108,1,1,1,4,RD 32,0.0,0.0
201500015928,24,1,15,14,1,30,32,1,2,1,3,SAINT GILLES ROUTE DE,43.80145,4.61458
201500015929,8,5,15,18,1,30,32,1,1,1,7,"4828, saint gilles route",43.79279,4.58578
201500015930,30,1,15,12,1,13,108,2,1,1,3,VOLTAIRE (FAUBOURG),43.80942,4.66437
201500015931,9,5,15,14,1,30,32,1,1,1,7,saint gilles route de,43.80251,4.61719
201500015932,4,2,15,6,3,13,108,1,1,4,7,RD 970 ROUTE*D'AVIGNON,0.0,0.0
201500015933,9,5,15,21,3,30,32,1,1,1,7,JEAN MONNET AVENUE,43.7895,4.6425
201500015934,9,2,15,13,1,30,32,1,1,1,7,SAINT GILLES ROUTE DE,0.0,0.0
201500015935,15,5,15,14,1,13,108,1,1,1,1,RD 99 ROUTE DE SAINT REM,0.0,0.0
201500015936,9,2,15,16,1,13,108,2,1,1,6,"503, GUYNEMER GEORGE (AV",0.0,0.0
201500015937,17,5,15,13,1,30,32,2,1,1,1,PAIX QUAI DE LA,43.80644,4.63487
201500015938,12,2,15,9,1,13,108,2,1,1,6,CD 35 ROUTE DE BOULBON,43.81181,4.66603
201500015939,18,5,15,17,1,30,32,1,1,1,6,"1370, SAINT GILLES ROUTE",43.80731,4.62281
201500015940,13,2,15,13,1,13,108,1,1,1,3,"1, D33 ROUTE DE FONTVEIL",43.75086,4.70091
201500015941,19,5,15,9,1,13,108,1,1,1,3,CD 35 ROUTE DE BOULBON,43.81395,4.66592
201500015942,14,2,15,20,5,13,108,2,1,2,1,ROI RENE (BOULEVARD),43.80685,4.65572
201500015943,19,5,15,19,1,30,32,1,1,1,7,COMPS ROUTE DE,43.82722,4.62289
201500015944,25,2,15,12,1,30,32,1,1,1,7,FOURQUES ROUTE DE,43.75598,4.61385
201500015945,26,5,15,17,1,30,32,1,1,1,6,saint gilles route de D3,43.78508,4.56928
201500015946,28,2,15,11,1,13,108,2,1,1,2,PROSPER MERIME (AVENUE),0.0,0.0
201500015947,20,5,15,16,1,30,32,1,2,1,3,JEAN MONNET AVENUE,43.78558,4.63583
201500015948,1,3,15,12,1,13,108,1,1,2,7,RD 970 ROUTE D'AVIGNON,0.0,0.0
201500015949,1,6,15,8,1,30,32,1,1,1,7,BEAUVOIR CHEMIN DE,43.79231,4.61999
201500015950,5,3,15,8,1,13,108,1,1,6,7,RD 99 ROUTE DE SAINT REM,0.0,0.0
201500015951,2,6,15,8,1,30,32,1,1,1,6,FARCIENNES AVENUE DE,43.81295,4.62754
201500015952,12,3,15,19,2,13,108,1,1,1,6,"1, D33 ROUTE DE FONTVEIL",43.76738,4.69376
201500015953,4,6,15,11,1,30,32,1,1,1,3,CARREFOUR PARKING CENTRE,43.81615,4.6131
201500015954,14,3,15,13,1,13,108,1,1,1,3,"1, RD 32",43.77286,4.70096
201500015955,4,6,15,14,1,13,108,2,2,1,3,GUYNEMER GEORGE (AVENUE),43.81087,4.6613
201500015956,15,3,15,7,2,13,108,1,1,1,7,"3136, RD 970 ROUTE D'AVI",43.82651,4.70336
201500015957,5,6,15,17,1,30,32,2,1,1,3,SERGIUS RESPECTUS ALLEE,43.81677,4.61549
201500015958,6,6,15,7,1,30,32,2,1,1,6,GENERAL DE GAULLE QUAI,43.80599,4.64226
201500015959,8,6,15,14,1,13,108,1,1,1,7,RD 99 ROUTE DE SAINT REM,0.0,0.0
201500015960,12,6,15,9,1,30,32,1,2,1,3,saint gilles route de D3,43.80785,4.627
201500015961,16,6,15,7,1,30,32,2,1,3,5,FARCIENNES AVENUE DE,43.81167,4.63208
201500015962,17,6,15,12,1,13,108,1,2,1,3,CAYADES (ROUTE DES),43.80515,4.71273
201500015963,19,6,15,10,1,30,32,1,2,1,2,ANCIENS COMBATTANTS AFRI,43.81136,4.64429
201500015964,19,6,15,8,1,13,108,1,1,1,7,RD 970 ROUTE D'AVIGNON,43.83091,4.71436
201500015965,22,6,15,9,1,13,108,1,1,1,7,RD 99 ROUTE DE SAINT REM,43.79688,4.68992
201500015966,22,6,15,16,1,30,32,1,1,1,7,CARREFOUR PARKING CENTRE,43.81599,4.61357
201500015967,23,6,15,10,1,30,32,1,1,1,3,GENERAL DE GAULLE QUAI,43.8059,4.64263
201500015968,23,6,15,12,1,30,32,1,1,1,1,MARIUS GARDIOL AVENUE,43.81132,4.64426
201500015969,25,6,15,8,1,13,108,1,6,1,3,RD 99 ROUTE DE SAINT REM,43.79505,4.69603
201500015970,25,6,15,20,1,13,108,1,1,1,7,D33 ROUTE DE FONTVEILLE,43.749,4.70068
201500015971,7,7,15,0,5,30,32,2,1,1,1,ANATOLE FRANCE RUE,43.80985,4.62599
201500015972,7,7,15,18,1,13,108,1,1,1,3,VALLABREGUES ( RD 81 ROU,43.82372,4.64914
201500015973,9,7,15,1,5,30,32,1,1,1,7,ROUTE DE COMPS,43.81596,4.63038
201500015974,7,7,15,21,2,30,32,1,1,1,7,saint gilles route de,0.0,0.0
201500015975,12,7,15,17,1,13,108,1,1,1,7,GRAND CASTELLET CHEMIN D,0.0,0.0
201500015976,15,7,15,12,1,30,32,1,1,1,3,saint gilles route de D3,0.0,0.0
201500015977,18,7,15,17,1,13,108,1,1,1,3,RD 99 ROUTE DE SAINT REM,43.80074,4.67138
201500015978,19,7,15,13,1,13,108,1,1,1,7,ARLES (PETITE ROUTE D AR,0.0,0.0
201500015979,20,7,15,18,1,30,32,2,1,1,6,nimes rue de,43.80907,4.64046
201500015980,21,7,15,21,2,13,108,1,1,1,3,VALLABREGUES ( RD 81 ROU,43.82365,4.64922
201500015981,22,7,15,12,1,13,108,2,1,1,6,VOLTAIRE (FAUBOURG),43.80816,4.66291
201500015982,25,7,15,18,1,30,32,2,1,1,6,LIBERTE QUAI DE,0.0,0.0
201500015983,31,7,15,8,1,13,108,2,1,1,3,RD 99 ROUTE DE SAINT REM,43.7968,4.69018
201500015984,3,8,15,21,2,13,108,1,1,1,7,RD 970 ROUTE D'AVIGNON,43.82626,4.70193
201500015985,11,8,15,9,1,13,108,2,1,1,2,ROI RENE (BOULEVARD),0.0,0.0
201500015986,15,8,15,1,3,13,108,1,1,1,6,"572, ARLES (PETITE ROUTE",43.79487,4.66478
201500015987,15,8,15,4,3,13,108,1,1,1,7,RD 970 ROUTE D'AVIGNON,43.81329,4.67083
201500015988,16,8,15,13,1,30,32,2,6,1,3,FOURQUES ROUTE DE,43.7925,4.63039
201500015989,16,8,15,1,5,30,32,2,1,1,7,SAINT GILLES ROUTE DE,43.80529,4.61968
201500015990,15,8,15,14,1,13,108,1,1,1,7,RD 970 ROUTE D'AVIGNON,0.0,0.0
201500015991,25,8,15,8,1,13,108,1,1,1,1,ARLES (PETITE ROUTE D AR,43.7707,4.66855
201500015992,28,8,15,7,1,13,108,1,1,1,7,RD 970 ROUTE D'AVIGNON,43.82164,4.68834
201500015993,28,8,15,18,1,30,32,1,2,1,3,BRUNETTES CHEMIN DES,0.0,0.0
201500015994,28,8,15,21,2,30,32,1,1,1,3,D 90,0.0,0.0
201500015995,1,9,15,17,1,13,108,1,6,1,3,ARISTIDE BRIAND (COURS),43.80392,4.65594
201500015996,4,9,15,14,1,13,108,1,1,1,7,RD 970 ROUTE D'AVIGNON,0.0,0.0
201500015997,4,9,15,17,1,30,32,1,2,1,3,FOUSSAT CHEMIN DE,43.79766,4.61924
201500015998,6,9,15,1,3,30,32,2,9,1,3,NIMES ROUTE DE CD 999,43.80468,4.65439
201500015999,8,9,15,12,1,30,32,2,1,1,1,GENERAL DE GAULLE QUAI,0.0,0.0
201500016000,10,9,15,8,1,30,32,1,1,1,3,JEAN MOULIN ( RUE ),43.80951,4.63812
201500016001,15,9,15,12,1,13,108,2,1,1,6,ITAM (BOULEVARD),43.80272,4.65812
201500016002,17,9,15,19,1,30,32,2,3,1,3,ANCIENS COMBATTANTS AFRI,43.80972,4.64311
201500016003,18,9,15,19,1,13,108,1,4,1,3,CD 35 ROUTE DE BOULBON,43.84625,4.67802
201500016004,1,10,15,9,1,30,32,2,1,1,2,"47, FARCIENNES AVENUE DE",43.81146,4.63345
201500016005,3,10,15,11,1,30,32,1,1,1,6,BEAUVOIR CHEMIN DE,0.0,0.0
201500016006,7,10,15,16,1,13,108,2,1,1,3,CHATEAU GAILLARD (Avenue,0.0,0.0
201500016007,17,10,15,11,1,13,108,1,1,1,6,ITAM (BOULEVARD),43.80651,4.65886
201500016008,22,10,15,13,1,30,32,1,1,6,7,ILE DU PILET CHEMIN DE L,0.0,0.0
201500016009,23,10,15,11,1,30,32,1,6,1,7,FOURQUES ROUTE DE,43.79277,4.63011
201500016010,2,11,15,18,1,30,32,2,1,1,1,"52, FARCIENNES AVENUE DE",43.81331,4.62608
201500016011,10,11,15,16,1,30,32,1,6,1,1,FOURQUES ROUTE DE,43.79303,4.63027
201500016012,10,11,15,19,3,30,32,1,1,1,1,SAINT GILLES ROUTE DE,0.0,0.0
201500016013,13,11,15,21,3,13,108,1,1,1,1,RD 570 N ROUTE D ARLES,0.0,0.0
201500016014,15,11,15,2,3,30,32,1,1,1,7,saint gilles route RD38,0.0,0.0
201500016015,25,11,15,17,1,30,32,1,1,1,7,BEAUVOIR CHEMIN DE,0.0,0.0
201500016016,4,1,15,16,1,13,117,2,1,1,7,"FACE 29, MOULIN ( AVENUE",43.45632,5.24688
201500016017,20,3,15,8,1,13,117,2,6,2,3,ROND POINT DE PIERRE PLA,43.44629,5.24806
201500016018,5,1,15,14,1,13,117,1,1,1,5,ROUTE NATIONALE 113-L'AN,0.0,0.0
201500016019,21,3,15,1,5,13,117,2,1,1,1,MARSEILLE ( AVENUE DE ),0.0,0.0
201500016020,6,1,15,10,1,13,117,1,1,1,2,ZI ESTROUBLANS RN 113,0.0,0.0
201500016021,21,3,15,15,1,13,71,1,1,2,2,PLAN DE CAMPAGNE (AVE. D,0.0,0.0
201500016022,7,1,15,9,1,13,19,1,1,1,2,D9,0.0,0.0
201500016023,23,3,15,17,1,13,117,2,3,1,7,CD 9 ESTROUBLANS,43.42771,5.25678
201500016024,23,3,15,19,3,13,117,1,1,1,6,"00, STADIUM (CD9)",0.0,0.0
201500016025,10,1,15,17,2,13,117,2,3,1,3,SALYENS ( AVENUE DES ),43.44204,5.253
201500016026,19,3,15,14,1,13,71,2,9,1,3,PETITS CADENAUX ( CHEMIN,43.38217,5.34244
201500016027,13,1,15,8,1,13,117,1,1,8,3,"36, ATHENES (RUE D')",43.43967,5.23958
201500016028,24,3,15,10,1,13,71,1,1,1,1,TOTAL (RN 113 - LE TUNNE,0.0,0.0
201500016029,13,1,15,9,1,13,71,1,3,1,7,"18, VELAUX (CHEMIN)",43.41248,5.35063
201500016030,16,1,15,12,1,13,71,1,1,8,2,ROUTE NATIONALE 113 - AG,0.0,0.0
201500016031,9,6,15,11,1,13,117,2,1,1,3,CARREFOUR (PARKING CENTR,43.43311,5.26065
201500016032,16,1,15,13,1,13,117,1,1,2,6,CHEMIN DEPARTEMENTAL 9 (,0.0,0.0
201500016033,25,3,15,15,1,13,117,1,1,8,2,CD 9 ESTROUBLANS,0.0,0.0
201500016034,16,1,15,19,3,13,117,1,1,2,7,LA BASTIDE BLANCHE CD 9,0.0,0.0
201500016035,1,4,15,15,1,13,71,1,1,1,7,ROUTE NATIONALE 368 (PLA,0.0,0.0
201500016036,19,1,15,19,3,13,117,1,1,2,6,"14, BRUXELLES (RUE DE)",43.42534,5.24391
201500016037,28,3,15,21,5,13,71,2,1,1,1,QUICK (CD6),0.0,0.0
201500016038,19,1,15,21,5,13,117,2,1,2,5,"2, CASILE ( BOULEVARD AL",0.0,0.0
201500016039,4,4,15,11,1,13,117,2,1,1,2,MARSEILLE ( AVENUE DE ),43.43251,5.26504
201500016040,23,1,15,9,1,13,71,1,1,1,2,D 543,0.0,0.0
201500016041,4,4,15,15,1,13,71,2,1,1,3,QUICK (CD6),0.0,0.0
201500016042,31,1,15,3,5,13,71,2,1,1,6,"02, PAS DE LA MUE ( CHEM",43.42564,5.30514
201500016043,5,4,15,17,1,13,117,2,1,1,7,"25, 8 MAI 1945 (AVENUE)",43.42466,5.2778
201500016044,2,2,15,16,1,13,71,1,1,1,2,ROUTE NATIONALE 113 - MO,0.0,0.0
201500016045,7,4,15,11,1,13,117,2,3,1,6,MOULIN ( AVENUE JEAN),43.45468,5.2439
201500016046,4,2,15,6,3,13,117,1,1,1,6,CHEMIN DEPARTEMENTAL CD,0.0,0.0
201500016047,7,4,15,13,1,13,19,1,1,1,2,CD6,0.0,0.0
201500016048,3,2,15,11,1,13,71,2,2,1,3,ROUTE NATIONALE 113 - AG,43.41716,5.2891
201500016049,8,4,15,17,1,13,117,1,4,1,4,CD 9 ESTROUBLANS,0.0,0.0
201500016050,5,2,15,8,2,13,117,2,1,4,2,EUROPE (AVENUE DE L'),0.0,0.0
201500016051,6,4,15,14,1,13,19,1,1,1,7,D9,0.0,0.0
201500016052,5,2,15,7,1,13,117,2,1,4,2,ROUTE NATIONALE 113 - CA,0.0,0.0
201500016053,29,12,15,22,3,13,71,1,1,1,3,RD 543 .....?,0.0,0.0
201500016054,4,4,15,12,1,13,19,1,1,1,1,D60 A,0.0,0.0
201500016055,5,2,15,11,1,13,117,2,2,1,2,CHEMIN DEPARTEMENTAL 9 (,43.42827,5.26183
201500016056,14,4,15,16,1,13,19,1,1,1,6,D9,0.0,0.0
201500016057,7,2,15,15,1,13,71,2,1,1,5,"01, CD 6",0.0,0.0
201500016058,18,4,15,10,1,13,19,1,3,1,3,ROUTE D'APT,43.4524,5.3588
201500016059,10,2,15,8,1,13,117,2,1,1,2,ANCIENS COMBAT. INDOCHIN,0.0,0.0
201500016060,21,4,15,17,1,13,71,1,9,1,6,ROUTE NATIONALE 368 (VIL,0.0,0.0
201500016061,10,2,15,9,1,13,71,2,4,1,3,ROUTE NATIONALE 368 (VIL,43.40801,5.30391
201500016062,22,4,15,11,1,13,117,2,2,1,3,"X, SEIGLES ( ALLEE DES )",43.4226,5.28144
201500016063,11,2,15,9,1,13,19,2,1,1,2,RUE MARIE-PIERRE KOENING,0.0,0.0
201500016064,22,4,15,11,1,13,19,2,3,1,1,D8,43.44782,5.36695
201500016065,12,2,15,8,1,13,19,1,1,1,2,D9,0.0,0.0
201500016066,23,4,15,10,1,13,71,1,1,1,2,QUICK (CD6),0.0,0.0
201500016067,16,2,15,18,1,13,55,2,4,1,1,"159, FRANCOIS MITTERAND",43.38532,5.34551
201500016068,24,4,15,17,1,13,117,1,1,1,2,STADIUM (CD9),0.0,0.0
201500016069,17,2,15,10,1,13,117,1,1,1,7,CHEMIN DEPARTEMENTAL 9 (,0.0,0.0
201500016070,24,4,15,23,5,13,71,1,1,1,1,"00, QUICK (CD6)",0.0,0.0
201500016071,22,2,15,7,1,13,117,2,3,1,3,PADOVANI ( AVE ),43.43702,5.25684
201500016072,28,4,15,17,1,13,71,1,1,1,4,CHEMIN DEPARTEMENTAL 6 (,0.0,0.0
201500016073,24,2,15,11,1,13,117,1,1,1,6,CHEMIN DEPARTEMENTAL CD,0.0,0.0
201500016074,28,4,15,18,1,13,55,1,1,1,2,"130, FRANCOIS MITTERAND",0.0,0.0
201500016075,24,2,15,12,1,13,71,1,9,1,3,PLAN DE CAMPAGNE,0.0,0.0
201500016076,30,4,15,9,1,13,117,2,3,1,2,"00, MARSEILLE ( AVENUE D",43.43817,5.26231
201500016077,23,2,15,17,1,13,19,2,1,1,7,AVENUE DU PLAN DE CAMPAG,0.0,0.0
201500016078,1,5,15,11,1,13,71,2,2,1,1,"1, CASTELET ( RUE DU )",43.41976,5.33765
201500016079,25,2,15,14,1,13,71,2,9,1,6,MUGUET ( BOULEVARD DU ),43.38206,5.34129