Num_Acc,jour,mois,an,hr,condition_eclairage,departement,commune,condition_agglomeration,intersection,condition_atmosphere,type_collision,adresse,lattitude,longitude
201500016080,4,5,15,14,1,13,71,2,1,1,2,"223, MITTERRAND (AVENUE",43.40058,5.34041
201500016081,27,2,15,13,1,13,71,2,1,1,6,"36, CAPITAINE DE CORVETT",43.39841,5.33538
201500016082,8,5,15,18,1,13,117,1,1,1,7,ROUTE NATIONALE 113-L'AN,43.41929,5.27226
201500016083,2,3,15,23,5,13,117,2,1,1,6,MARSEILLE ( AVENUE DE ),0.0,0.0
201500016084,9,5,15,20,1,13,117,2,1,1,2,ROUTE NATIONALE 113 - AG,0.0,0.0
201500016085,2,5,15,17,1,13,19,2,1,1,7,AVENUE CHARLES GOUNOD,0.0,0.0
201500016086,7,3,15,6,5,13,71,2,1,1,6,TOTAL (RN 113 - LE TUNNE,43.42083,5.26922
201500016087,12,5,15,6,2,13,71,1,1,1,7,ROUTE NATIONALE 113 - RE,43.41306,5.30148
201500016088,12,5,15,16,1,13,71,2,1,1,3,MITTERRAND (AVENUE FRANC,0.0,0.0
201500016089,8,3,15,8,1,13,71,2,1,1,6,"17, CAPELANE ( BOULEVARD",43.41821,5.29707
201500016090,10,3,15,18,1,13,71,2,1,1,2,ANNE-MARIE ( BOULEVARD ),0.0,0.0
201500016091,13,5,15,18,1,13,19,2,1,1,6,"1, AVENUE DU PLAN DE CAM",43.40944,5.32266
201500016092,10,3,15,19,2,13,117,2,1,1,2,DROITS DE L'HOMME (AVENU,0.0,0.0
201500016093,15,5,15,16,1,13,117,2,1,1,7,MONNET (AVENUE JEAN),0.0,0.0
201500016094,11,3,15,16,1,13,117,1,1,1,2,BAOU (QUARTIER DU PONT D,0.0,0.0
201500016095,16,5,15,9,1,13,71,2,1,1,1,"12, DE LATTRE DE TASSIGN",43.41795,5.29057
201500016096,11,3,15,17,1,13,71,1,6,1,3,ROUTE NATIONALE 113 - MO,43.40187,5.33551
201500016097,20,5,15,17,1,13,117,2,1,1,2,"X, BRETELLE DE SORTIE A7",0.0,0.0
201500016098,12,3,15,6,2,13,117,2,1,1,3,"30, LONDRES (AVENUE DE)",0.0,0.0
201500016099,24,5,15,12,1,13,71,1,1,1,2,"218, MITTERRAND (AVENUE",43.3952,5.34356
201500016100,13,3,15,20,5,13,117,2,1,1,7,LIDL (MAGASIN) AV. VICTO,43.44269,5.245
201500016101,27,5,15,10,1,13,117,1,1,1,3,D55F,0.0,0.0
201500016102,28,5,15,8,1,13,71,2,1,1,3,PINCHINADES ( CHEMIN DES,0.0,0.0
201500016103,28,5,15,19,1,13,117,2,4,1,6,"1, ROME  (AVENUE DE)",43.42772,5.25659
201500016104,28,5,15,8,1,13,117,2,2,1,3,GLACIERE ( RUE DE LA ),43.42324,5.24108
201500016105,29,5,15,12,1,13,117,2,1,1,3,"29, 8 MAI 1945 (AVENUE)",43.42425,5.27761
201500016106,29,5,15,15,1,13,117,2,1,1,2,DROITS DE L'HOMME (AVENU,0.0,0.0
201500016107,30,5,15,19,1,13,19,1,1,1,6,,0.0,0.0
201500016108,1,6,15,16,1,13,71,1,1,1,6,VELAUX (CHEMIN),43.40957,5.3516
201500016109,1,6,15,9,1,13,71,1,1,1,2,ROUTE NATIONALE 113 - MO,0.0,0.0
201500016110,3,6,15,17,1,13,71,1,1,1,3,ROUTE NATIONALE 113 - VI,0.0,0.0
201500016111,3,6,15,18,1,13,71,1,1,1,1,VELODROME (CD06),0.0,0.0
201500016112,4,6,15,9,1,13,19,1,1,1,3,CD6,0.0,0.0
201500016113,4,6,15,18,1,13,117,2,1,1,2,GELU  ( AVENUE VICTOR ),0.0,0.0
201500016114,6,6,15,19,1,13,117,1,1,1,2,STADIUM (CD9),0.0,0.0
201500016115,7,6,15,13,1,13,117,1,1,1,7,RD 113 -,43.44949,5.23786
201500016116,9,6,15,17,1,13,71,2,1,1,6,"88, MITTERRAND (AVENUE F",43.38004,5.34981
201500016117,10,6,15,17,1,13,117,2,1,1,3,ROME  (AVENUE DE),43.43901,5.24436
201500016118,11,6,15,9,1,13,71,1,1,1,1,PLAN DES PENNE ( CHEMIN,0.0,0.0
201500016119,11,6,15,9,1,13,117,1,1,1,6,ROUTE DEPARTEMENTALE 20,0.0,0.0
201500016120,11,6,15,17,1,13,117,1,1,1,3,ROUTE NATIONALE 113 - CA,0.0,0.0
201500016121,15,6,15,14,1,13,117,1,1,1,2,ROUTE NATIONALE 113-L'AN,0.0,0.0
201500016122,22,6,15,16,1,13,117,1,2,1,3,GLACIERE ( RUE DE LA ),43.42324,5.24108
201500016123,23,6,15,19,1,13,117,1,1,1,2,ROUTE NATIONALE 113 - AG,43.46448,5.23199
201500016124,29,6,15,16,1,13,71,1,3,1,3,ROUTE NATIONALE 113 - AG,43.41586,5.29544
201500016125,29,6,15,2,3,13,19,2,1,1,7,AVENUE DE PROVENCE,0.0,0.0
201500016126,2,7,15,10,1,13,71,2,1,1,3,1337 D113,43.41094,5.30984
201500016127,2,7,15,18,1,13,117,1,2,1,3,D20E,43.42324,5.24108
201500016128,3,7,15,18,1,13,71,2,1,1,3,ROUTE NATIONALE 113 - VI,0.0,0.0
201500016129,10,7,15,14,1,13,102,1,1,1,1,ROUTE NATIONALE 113-L'AN,0.0,0.0
201500016130,11,7,15,19,1,13,71,2,1,1,2,VELAUX (CHEMIN),0.0,0.0
201500016131,13,7,15,18,1,13,117,2,1,1,2,SALYENS ( AVENUE DES ),0.0,0.0
201500016132,16,7,15,6,1,13,71,1,9,1,3,ROUTE NATIONALE 113 - AG,0.0,0.0
201500016133,16,7,15,14,1,13,117,2,3,1,3,GLACIERE ( RUE DE LA ),43.42324,5.24108
201500016134,17,7,15,22,5,13,71,2,1,1,1,RN 113 -,43.41095,5.30984
201500016135,18,7,15,16,1,13,117,2,1,1,3,DE LATTRE DE TASSIGNY (,0.0,0.0
201500016136,23,7,15,17,1,13,117,1,1,1,6,STADIUM (CD9),0.0,0.0
201500016137,24,7,15,10,1,13,71,1,9,1,3,ROUTE NATIONALE 113 - AG,43.41704,5.28912
201500016138,23,7,15,18,1,13,19,1,1,1,2,D9,0.0,0.0
201500016139,27,7,15,23,3,13,71,1,3,1,1,ROUTE NATIONALE 113 - AG,43.41643,5.27892
201500016140,29,7,15,17,1,13,19,1,1,1,2,ROUTE D'APT,0.0,0.0
201500016141,31,7,15,7,1,13,117,1,1,1,5,ROUTE NATIONALE 113   CA,0.0,0.0
201500016142,1,8,15,13,1,13,117,2,3,1,3,ROUTE NATIONALE 113 - AG,43.45242,5.23646
201500016143,2,8,15,19,1,13,117,1,1,1,3,ROUTE NATIONALE 113 - CA,0.0,0.0
201500016144,2,8,15,18,1,13,19,1,1,1,4,D9,0.0,0.0
201500016145,5,8,15,11,1,13,71,1,3,1,3,ROUTE NATIONALE 113 - AG,43.40856,5.32793
201500016146,6,8,15,15,1,13,117,2,6,1,7,ROUTE NATIONALE 113 - AG,43.45944,5.23288
201500016147,8,8,15,16,1,13,117,2,3,1,3,MORFELDEN WALLDORF (AVE,43.4579,5.2419
201500016148,10,8,15,10,1,13,117,2,1,1,2,MARSEILLE ( AVENUE DE ),0.0,0.0
201500016149,10,8,15,16,1,13,117,1,1,1,7,BERLIN (RUE DE),0.0,0.0
201500016150,10,8,15,10,1,13,117,2,9,1,6,PAGNOL ( BOULEVARD MARCE,0.0,0.0
201500016151,10,8,15,20,2,13,117,2,1,1,3,"45, 8 MAI 1945 (AVENUE)",43.42384,5.27609
201500016152,13,8,15,11,1,13,19,1,1,1,6,AVENUE MARCEL MATTEODA,0.0,0.0
201500016153,12,8,15,18,1,13,117,2,1,1,6,EUROPE (AVENUE DE L'),0.0,0.0
201500016154,14,8,15,15,1,13,117,1,2,1,3,DE LATTRE DE TASSIGNY (,43.4233,5.28372
201500016155,15,8,15,16,1,13,117,2,1,1,2,"XX, SALYENS **AVENUE DES",0.0,0.0
201500016156,16,8,15,23,5,13,117,2,1,1,7,SALYENS ( AVENUE DES ),0.0,0.0
201500016157,20,8,15,10,1,13,117,2,3,1,3,KAOLIN ( RUE DU ),43.42255,5.27146
201500016158,21,8,15,16,1,13,19,1,1,1,6,AVENUE RENE CASSIN,0.0,0.0
201500016159,28,8,15,6,1,13,19,1,1,1,7,D9,0.0,0.0
201500016160,29,8,15,10,1,13,71,1,1,1,5,"3570, ROUTE NATIONALE 36",43.4026,5.27513
201500016161,30,7,15,5,5,13,117,2,1,1,7,ROUCAS ( CORNICHE DU ),0.0,0.0
201500016162,31,8,15,13,1,13,117,1,1,1,7,STADIUM (CD9),0.0,0.0
201500016163,1,9,15,18,1,13,19,2,1,1,2,"545, ROUTE DE RANS",43.42983,5.38265
201500016164,2,9,15,16,1,13,117,1,4,1,2,CD 9 ESTROUBLANS,43.42664,5.26337
201500016165,1,9,15,17,1,13,71,1,1,1,4,"2057, ROUTE NATIONALE 11",43.40755,5.29545
201500016166,3,9,15,12,1,13,71,1,1,1,6,CHEMIN DEPARTEMENTAL 6 (,0.0,0.0
201500016167,7,9,15,18,1,13,117,1,1,1,7,STADIUM (CD9),0.0,0.0
201500016168,8,9,15,19,1,13,19,1,1,1,1,D60,0.0,0.0
201500016169,8,9,15,21,3,13,117,1,1,1,7,ROUTE NATIONALE 113 - CA,0.0,0.0
201500016170,10,9,15,6,2,13,117,2,1,1,3,28 Boulevard de l'Europe,43.43596,5.24206
201500016171,10,9,15,7,1,13,71,1,1,1,3,PLAN DES PENNE ( CHEMIN,0.0,0.0
201500016172,10,9,15,14,1,13,71,1,1,1,3,CD 6,0.0,0.0
201500016173,11,9,15,18,1,13,71,2,1,1,2,ROUTE NATIONALE 368 (VIL,0.0,0.0
201500016174,4,9,15,11,1,13,54,1,6,1,1,rond point des lavandes,43.42324,5.23714
201500016175,18,9,15,7,1,13,71,1,1,1,2,ROUTE NATIONALE 113 - RE,0.0,0.0
201500016176,19,9,15,13,1,13,71,1,2,1,1,RD 543,43.41851,5.36649
201500016177,23,9,15,10,1,13,19,1,1,1,1,ROUTE DES QUINSOUN,0.0,0.0
201500016178,24,9,15,17,1,13,71,2,1,1,2,"14, MITTERRAND (AVENUE F",43.37708,5.35287
201500016179,24,9,15,23,5,13,117,1,1,1,2,ROUTE NATIONALE 113-L'AN,0.0,0.0
201500016180,24,9,15,19,2,13,117,2,2,1,3,EUROPE (Boulevard DE L'),43.42122,5.26666
201500016181,25,9,15,12,1,13,117,2,2,1,2,GLACIERE ( RUE DE LA ),43.42323,5.24108
201500016182,25,9,15,15,1,13,117,2,3,1,3,GLACIERE ( RUE DE LA ),43.42324,5.24108
201500016183,27,9,15,5,3,13,117,1,1,1,6,CHEMIN DEPARTEMENTAL 9 (,0.0,0.0
201500016184,27,9,15,13,1,13,117,1,1,1,1,SEYSSAUD*( RUE RENE ),0.0,0.0
201500016185,28,9,15,11,1,13,71,1,1,1,2,PTT GAVOTTE (RN 113),0.0,0.0
201500016186,29,9,15,13,1,13,19,2,3,1,1,D9,43.45873,5.3327
201500016187,30,9,15,18,1,13,117,1,1,1,2,ROUTE NATIONALE 113-L'AN,0.0,0.0
201500016188,2,10,15,16,1,13,117,2,1,1,6,SALYENS ( AVENUE DES ),0.0,0.0
201500016189,2,10,15,21,3,13,117,1,1,1,7,"0, EUROCOPTER CD 20",43.43766,5.23512
201500016190,2,10,15,10,1,13,117,2,2,1,3,GLACIERE ( RUE DE LA ),43.42324,5.24109
201500016191,2,10,15,12,1,13,71,1,1,1,3,PLAN DE CAMPAGNE (AVE. D,0.0,0.0
201500016192,5,10,15,13,1,13,71,2,1,1,6,VAL SEC ( CHEMIN DE ),0.0,0.0
201500016193,6,10,15,19,2,13,117,2,1,1,6,RHIN DANUBE ( AVENUE ),0.0,0.0
201500016194,8,10,15,12,1,13,117,2,1,1,1,CHEMIN DEPARTEMENTAL 9 (,0.0,0.0
201500016195,8,10,15,19,2,13,117,1,3,1,3,ROUTE DEPARTEMENTALE 20,43.42324,5.24108
201500016196,10,10,15,1,5,13,117,1,1,1,2,CD 9 ESTROUBLANS,43.427,5.2532
201500016197,8,10,15,14,1,13,19,2,1,1,3,CD6,0.0,0.0
201500016198,12,10,15,11,1,13,71,1,9,2,3,ROUTE NATIONALE 113 - AG,0.0,0.0
201500016199,19,10,15,8,1,13,19,1,1,2,1,ROUTE D'APT,0.0,0.0
201500016200,19,10,15,6,3,13,117,2,1,1,6,CHEMIN DEPARTEMENTAL CD,0.0,0.0
201500016201,19,10,15,10,1,13,117,1,1,8,6,CD 9 ESTROUBLANS,43.427,5.2532
201500016202,23,10,15,9,1,13,71,2,6,1,3,PLAN DE CAMPAGNE,0.0,0.0
201500016203,23,10,15,13,1,13,117,1,1,1,1,EUROCOPTER CD 20,0.0,0.0
201500016204,24,10,15,12,1,13,71,2,6,1,3,ROUTE NATIONALE 368 (VIL,0.0,0.0
201500016205,26,10,15,12,1,13,71,1,1,1,2,"489, ROUTE NATIONALE 368",43.40832,5.31381
201500016206,26,10,15,16,1,13,117,1,2,1,3,LONDRES (AVENUE DE),43.42732,5.2357
201500016207,29,10,15,18,2,13,117,2,1,1,6,PADOVANI ( AVE ),0.0,0.0
201500016208,29,10,15,16,1,13,117,2,6,1,1,DAUDET ( AVENUE ALPHONSE,43.456,5.24283
201500016209,30,10,15,13,1,13,71,1,1,1,2,ROUTE NATIONALE 113 - AG,0.0,0.0
201500016210,31,10,15,7,1,13,117,2,6,1,6,DROITS DE L'HOMME (ROND,0.0,0.0
201500016211,31,10,15,14,1,13,117,1,2,1,3,GLACIERE ( RUE ***,43.42323,5.24109
201500016212,2,11,15,9,1,13,71,1,1,1,3,RIGONS ( CHEMIN DES ),0.0,0.0
201500016213,3,11,15,9,1,13,117,1,1,8,7,BAOU (QUARTIER DU PONT D,0.0,0.0
201500016214,3,11,15,10,1,13,117,1,1,8,7,CD 9 ESTROUBLANS,43.427,5.2532
201500016215,4,11,15,21,5,13,117,1,3,1,1,MARSEILLE ( AVENUE DE ),43.45215,5.25127
201500016216,5,11,15,8,1,13,71,1,1,1,2,POURRANQUE ( CHEMIN DE L,0.0,0.0
201500016217,5,11,15,10,1,13,117,2,1,1,2,DROITS DE L'HOMME (AVENU,0.0,0.0
201500016218,5,11,15,11,1,13,71,2,1,1,3,"489, ROUTE NATIONALE 368",43.40835,5.31406
201500016219,5,11,15,18,5,13,117,1,1,1,2,CD 9 ESTROUBLANS,43.427,5.2532
201500016220,6,11,15,21,5,13,71,2,6,1,2,RIGONS ( CHEMIN DES ),0.0,0.0
201500016221,6,11,15,7,1,13,117,2,1,1,6,RHIN DANUBE * AVENUE ),43.42459,5.27175
201500016222,7,11,15,19,5,13,19,2,1,1,6,AVENUE DE PROVENCE,0.0,0.0
201500016223,3,11,15,21,3,13,117,1,1,1,4,"00, ROUTE NATIONALE 113-",0.0,0.0
201500016224,12,11,15,7,2,13,117,1,1,1,1,CD 9 ESTROUBLANS,43.427,5.2532
201500016225,16,11,15,14,1,13,117,2,1,1,2,ANCIENS COMBATTANTS D'IN,43.44433,5.24585
201500016226,18,11,15,7,1,13,117,2,6,1,3,EUROPE (AVENUE DE L'),43.43434,5.24264
201500016227,19,11,15,11,1,13,71,2,1,1,4,"6, MITTERRAND (AVENUE FR",43.37498,5.35403
201500016228,20,11,15,6,1,13,117,1,2,1,1,LONDRES (AVENUE DE),43.42689,5.23472
201500016229,15,11,15,11,1,13,19,1,6,1,3,D9,43.47846,5.35608
201500016230,21,11,15,10,1,13,117,1,1,1,6,LA BASTIDE BLANCHE CD 9,43.42775,5.26745
201500016231,25,11,15,9,1,13,71,2,6,1,3,"Route de Calas, 13170 Le",43.42002,5.36667
201500016232,18,11,15,17,1,13,117,2,3,1,3,LONDRES (AVENUE DE),43.42693,5.23472
201500016233,26,11,15,9,1,13,117,2,3,1,3,GLACIERE ( RUE DE LA ),43.42324,5.24108
201500016234,26,11,15,15,1,13,117,2,1,6,6,SALYENS ( AVENUE DES ),0.0,0.0
201500016235,26,11,15,16,1,13,19,2,1,1,3,CD6,0.0,0.0
201500016236,27,11,15,7,2,13,117,2,1,1,2,"54, EUROPE ( AVENUE DE L",43.42792,5.24966
201500016237,30,11,15,19,5,13,117,2,2,1,3,SALYENS ( AVENUE DES ),43.43924,5.25563
201500016238,1,12,15,9,1,13,117,1,1,1,2,ROUTE NATIONALE 113-L'AN,0.0,0.0
201500016239,1,12,15,12,1,13,117,2,6,1,1,CLINIQUE,43.42711,5.27131
201500016240,2,12,15,16,1,13,71,2,1,1,3,TOTAL (RN 113 - LE TUNNE,43.41095,5.31098
201500016241,3,12,15,14,1,13,117,1,1,1,7,ROUTE NATIONALE 113 - AG,0.0,0.0
201500016242,5,12,15,11,1,13,71,1,1,2,7,"1, ROUTE NATIONALE 113 -",0.0,0.0
201500016243,5,12,15,4,5,13,117,1,1,1,6,", ROUTE NATIONALE 113 -",0.0,0.0
201500016244,6,12,15,10,1,13,19,1,1,1,6,D9,0.0,0.0
201500016245,27,11,15,21,5,13,117,1,1,1,6,STADIUM (CD9),43.4435,5.29692
201500016246,6,12,15,17,2,13,117,1,1,1,6,STADIUM (CD9),43.44344,5.29685
201500016247,8,12,15,17,5,13,117,2,1,2,7,ROUCAS ( CORNICHE DU ),0.0,0.0
201500016248,9,12,15,19,3,13,117,1,1,1,6,STADIUM (CD9),43.44356,5.297
201500016249,11,12,15,15,1,13,117,2,6,1,6,GELU  ( AVENUE VICTOR ),43.44622,5.24798
201500016250,13,12,15,5,5,13,71,1,1,2,6,PLAN DE CAMPAGNE (AVE. D,43.4152,5.35137
201500016251,17,12,15,16,1,13,117,2,2,1,3,"x, LONDRES (AVENUE DE)",43.42689,5.23472
201500016252,17,12,15,16,1,13,71,2,2,1,3,VIEILLE ROUTE DE LA GAVO,43.39326,5.34109
201500016253,17,12,15,17,5,13,117,2,1,1,3,"28, EUROPE (AVENUE DE L'",43.43663,5.2419
201500016254,18,12,15,19,1,13,19,1,1,1,6,AVENUE ALBERT MANOUKIAN,0.0,0.0
201500016255,20,12,15,5,5,13,117,2,1,1,6,BOULANGER (MAGASIN) - AV,0.0,0.0
201500016256,21,12,15,15,1,13,71,1,1,1,2,RD 543,0.0,0.0
201500016257,22,12,15,15,1,13,19,1,1,1,2,CD6,0.0,0.0
201500016258,23,12,15,12,1,13,71,1,9,1,3,"1, ROUTE NATIONALE 113 -",0.0,0.0
201500016259,25,12,15,23,5,13,117,2,1,1,6,ANCIENS COMBATTANTS D'IN,43.44433,5.24585
201500016260,24,12,15,17,4,13,117,1,1,1,1,,0.0,0.0
201500016261,26,12,15,20,5,13,71,1,2,1,2,VERSAILLES (ROND POINT D,43.40944,5.32509
201500016262,29,12,15,15,1,13,71,2,1,1,2,"2103, ROUTE NATIONALE 11",43.40753,5.29503
201500016263,30,12,15,15,1,13,71,1,1,1,7,CHEMIN DEPARTEMENTAL 6 (,0.0,0.0
201500016264,31,12,15,10,1,13,71,1,1,8,6,QUICK (CD6),43.41874,5.36156
201500016265,30,1,15,15,1,68,266,1,1,1,3,,47.90246,7.36923
201500016266,8,2,15,20,3,68,82,1,1,1,3,,47.86924,7.38956
201500016267,11,2,15,10,1,68,205,1,1,1,7,,47.9099,7.36529
201500016268,13,2,15,7,1,68,295,1,1,5,4,,48.01489,7.37516
201500016269,19,2,15,13,1,68,82,1,1,1,2,,47.88004,7.38321
201500016270,24,2,15,15,1,68,82,1,1,1,2,,47.90444,7.36804
201500016271,26,2,15,15,1,68,252,1,1,1,6,,48.13768,7.36477
201500016272,2,3,15,16,1,68,295,1,1,1,2,,47.98151,7.37505
201500016273,20,3,15,7,1,68,22,1,1,1,6,,47.83971,7.39435
201500016274,9,4,15,8,1,68,37,1,1,1,4,,47.96472,7.36977
201500016275,12,4,15,20,3,68,242,1,1,1,7,,47.97623,7.3734
201500016276,10,5,15,23,3,68,82,1,1,1,3,,47.8787,7.38398
201500016277,11,5,15,14,1,68,252,1,1,1,5,,48.14802,7.36918
201500016278,5,6,15,9,1,68,82,1,1,1,2,,47.83479,7.39436
201500016279,6,6,15,6,1,68,228,1,1,1,2,,47.92946,7.35973
201500016280,10,6,15,14,1,68,66,1,6,1,6,,48.12063,7.26724
201500016281,15,6,15,8,1,68,37,1,1,2,2,,47.95766,7.36752
201500016282,26,6,15,9,1,68,66,1,1,1,6,,48.06271,7.38177
201500016283,2,7,15,12,1,68,295,1,1,1,2,,48.01462,7.37525
201500016284,4,7,15,5,2,68,295,1,1,1,2,,48.00647,7.3777
201500016285,16,8,15,14,1,68,82,1,1,8,6,,47.84379,7.39447
201500016286,20,8,15,18,1,68,66,1,1,1,2,,48.04004,7.37088
201500016287,12,9,15,2,3,68,295,1,1,1,7,,48.02189,7.37245
201500016288,17,9,15,12,1,68,113,1,1,3,3,,48.17543,7.37878
201500016289,2,10,15,13,1,68,228,1,1,1,4,,47.9327,7.36002
201500016290,13,10,15,6,2,68,82,1,1,1,3,,47.87174,7.38803
201500016291,31,10,15,20,3,68,22,1,1,5,6,,47.81756,7.39287
201500016292,20,11,15,11,1,68,66,1,1,2,2,,48.06085,7.37989
201500016293,26,12,15,11,1,68,295,1,3,1,3,,47.99784,7.37974
201500016294,28,12,15,16,1,68,266,1,1,1,2,,47.90248,7.36875
201500016295,19,1,15,21,3,78,143,1,1,1,6,,48.727,2.107
201500016296,12,3,15,16,1,78,356,1,1,1,6,,48.751,2.075
201500016297,16,9,15,15,1,78,356,1,1,6,7,,48.755,2.031
201500016298,2,7,15,18,1,33,472,1,1,7,1,,0.0,0.0
201500016299,27,1,15,9,1,72,183,1,1,1,5,,47.691,0.489
201500016300,31,3,15,17,1,72,320,1,1,1,7,,48.044,0.146
201500016301,19,4,15,14,1,72,58,1,1,1,7,,48.015,0.285
201500016302,10,7,15,17,1,72,146,2,1,1,3,route nationale,47.883,0.132
201500016303,21,7,15,6,2,72,58,1,1,1,3,,48.011,0.311
201500016304,23,7,15,17,1,72,364,1,1,1,1,,0.0,0.0
201500016305,3,8,15,16,1,72,115,1,1,1,6,,0.0,0.0
201500016306,29,8,15,9,1,72,320,1,1,1,5,,48.053,0.161
201500016307,13,9,15,16,1,72,221,1,1,1,6,,0.0,0.0
201500016308,25,9,15,14,1,72,85,1,1,1,6,,0.0,0.0
201500016309,3,10,15,17,1,72,299,1,1,1,7,,0.0,0.0
201500016310,2,11,15,19,4,72,320,1,1,1,3,,0.0,0.0
201500016311,5,12,15,5,3,72,129,1,1,1,7,,48.059,0.339
201500016312,8,3,15,14,1,72,145,1,1,1,3,,0.0,0.0
201500016313,20,3,15,8,1,72,111,1,1,1,7,,0.0,0.0
201500016314,15,4,15,8,1,72,320,2,6,1,1,BOULEVARD DE MAULE,48.065,0.157
201500016315,29,5,15,17,1,72,351,1,1,1,1,,48.109,-0.133
201500016316,10,7,15,10,1,72,157,1,1,1,3,,48.095,0.076
201500016317,29,7,15,2,3,72,334,1,1,1,7,,48.182,-0.152
201500016318,21,8,15,19,1,72,119,1,1,1,1,,48.103,0.078
201500016319,22,8,15,10,1,72,1,1,1,1,7,,0.0,0.0
201500016320,4,10,15,18,1,72,256,1,1,2,2,,48.15,-0.055
201500016321,4,12,15,15,1,72,229,1,1,1,5,,0.0,0.0
201500016322,10,12,15,2,3,72,219,2,1,5,6,8 RUE ROCHEREAU,0.0,0.0
201500016323,15,12,15,1,3,72,216,1,1,2,7,,0.0,0.0
201500016324,20,12,15,17,3,72,24,1,1,2,5,,48.11,0.155
201500016325,23,3,15,7,1,95,394,2,1,1,6,AV MARCEL PERRIN,49.0637,2.1861
201500016326,15,10,15,11,1,95,394,2,1,1,3,R DE PONTOISE,49.0628,2.1833
201500016327,24,6,15,14,1,72,233,1,1,1,1,,0.0,0.0
201500016328,8,8,15,17,1,72,290,1,1,1,6,,0.0,0.0
201500016329,8,8,15,19,1,72,380,1,1,1,6,,0.0,0.0
201500016330,7,9,15,17,1,72,254,1,1,1,6,,0.0,0.0
201500016331,21,1,15,6,3,49,292,1,1,4,6,,47.30547,-0.60763
201500016332,4,2,15,16,1,49,192,2,1,1,2,61 av General DE GAULLE,47.01256,-0.75936
201500016333,5,2,15,20,5,49,22,1,1,1,6,,47.3266,-0.60422
201500016334,6,2,15,5,3,49,74,1,1,1,7,,47.16754,-0.80661
201500016335,12,5,15,10,1,49,120,1,1,1,2,,47.35623,-0.58208
201500016336,28,6,15,21,1,49,99,1,1,1,7,,47.01341,-0.88405
201500016337,6,7,15,18,1,49,99,1,1,1,2,,47.07813,-0.82572
201500016338,29,7,15,14,1,49,92,1,1,1,7,,47.24412,-0.67818
201500016339,14,8,15,16,1,49,191,1,1,1,1,,47.22136,-0.45466
201500016340,17,8,15,5,3,49,281,1,1,1,6,,47.17751,-0.787
201500016341,22,8,15,11,1,49,92,1,1,1,7,,47.2421,-0.72215
201500016342,18,11,15,18,3,49,246,1,1,2,5,,47.40966,-0.5082
201500016343,20,11,15,7,1,49,137,1,1,3,7,,47.24067,-1.05151
201500016344,21,12,15,16,1,49,40,1,1,1,6,,47.34953,-1.09542
201500016345,28,1,15,11,1,24,267,1,2,2,3,LES OURMEYROUX,44.7307,0.42497
201500016346,1,5,15,11,1,24,433,1,1,2,3,FONT DU LOUP,44.717,0.42647
201500016347,14,5,15,7,1,24,167,1,1,1,6,L'ESCOUSSOU,44.6582,0.39248
201500016348,24,12,15,17,2,24,331,1,1,1,1,LA PEZE,44.8145,0.41996
201500016349,18,3,15,17,1,68,375,2,3,1,3,RUE DE REININGUE,47.80403,7.23692
201500016350,12,5,15,19,1,68,321,2,1,1,1,Rue du Feu follet,47.82738,7.27612
201500016351,8,6,15,4,2,68,375,2,1,1,1,MOINEAU RUE,47.80074,7.27708
201500016352,13,6,15,8,1,68,375,2,1,1,3,123 Rue de Reiningue,47.79236,7.82856
201500016353,13,9,15,16,1,68,321,2,1,1,1,RUE DU MOULIN,47.82552,7.25448
201500016354,20,10,15,16,1,68,375,1,9,8,4,,47.777,7.228
201500016355,30,1,15,9,1,19,62,1,2,4,5,URLAN,45.3295,1.86877
201500016356,30,1,15,16,1,19,287,1,1,2,6,,45.3622,1.94764
201500016357,28,8,15,2,3,19,81,1,1,8,6,LA REBEYROTTE,45.354,1.96895
201500016358,11,9,15,16,1,19,146,1,1,1,5,TINTIGNAC,45.3342,1.75505
201500016359,4,10,15,17,1,19,143,1,1,1,6,ROUTE DE LEPINA,45.3598,1.98478
201500016360,17,12,15,11,1,19,255,1,1,1,1,DÉVIATION SEILHAC,45.3622,1.70734
201500016361,25,12,15,12,1,19,85,1,3,1,1,LA GANOTTE,45.3353,1.91961
201500016362,2,5,15,15,1,67,83,2,1,1,3,CROISEMENT D953/D853,0.0,0.0
201500016363,1,5,15,1,3,67,176,1,1,3,6,,0.0,0.0
201500016364,10,6,15,21,2,67,324,1,1,1,6,,0.0,0.0
201500016365,22,6,15,14,1,67,558,1,1,2,6,,0.0,0.0
201500016366,24,7,15,9,1,67,83,1,1,1,1,"PV,SENS DAMBAC-NEUHOFFEN",0.0,0.0
201500016367,11,8,15,10,1,67,498,1,1,1,1,PV,0.0,0.0
201500016368,6,9,15,13,1,67,324,1,1,1,3,,0.0,0.0
201500016369,4,10,15,15,1,67,536,1,1,1,1,,0.0,0.0
201500016370,17,10,15,20,5,67,291,2,1,1,1,28 Général DE GAULLE,0.0,0.0
201500016371,24,11,15,17,3,67,498,1,1,1,6,,0.0,0.0
201500016372,12,12,15,23,5,14,437,2,1,1,2,"0, MONTALIVET (COURS)",0.0,0.0
201500016373,24,2,15,13,1,14,118,2,1,1,6,"162, LEROY (BOULEVARD)",49.1745,-0.33893
201500016374,5,1,15,16,1,14,327,2,6,1,6,"0, VALEUSE (AVENUE DE LA",49.2029,-0.34033