Num_Acc,jour,mois,an,hr,condition_eclairage,departement,commune,condition_agglomeration,intersection,condition_atmosphere,type_collision,adresse,lattitude,longitude
201500016375,26,12,15,18,4,14,101,2,6,1,3,"0, ECHANGEUR NØ 9 ( PORT",49.1637,-0.42585
201500016376,8,3,15,7,2,14,341,1,1,1,6,ROUTE NATIONALE 814,49.1478,-0.35331
201500016377,9,1,15,7,3,14,167,2,1,3,6,"1, CD N?  513",49.2021,-0.28973
201500016378,25,3,15,13,1,14,118,2,3,7,1,"0, POILUS D'ORIENT (RUE",49.1842,-0.38495
201500016379,12,1,15,18,5,14,167,2,6,1,6,"0, CD N?  513",49.1912,-0.30076
201500016380,31,3,15,20,1,14,118,2,3,1,6,"0, GUILLOU (BOULEVARD YV",49.1722,-0.37831
201500016381,13,1,15,7,5,14,301,2,2,2,3,"0, PASTEUR (RUE)",49.1804,-0.2811
201500016382,2,4,15,4,5,14,566,2,1,1,6,"0, COURSEULLES (ROUTE DE",0.0,0.0
201500016383,12,1,15,10,1,14,137,1,1,1,4,"1, CAUMONT (ROUTE DE )",49.1846,-0.45444
201500016384,11,12,15,19,5,14,118,2,1,1,6,CD 405,0.0,0.0
201500016385,8,4,15,9,1,14,118,2,1,7,6,"51, CLEMENCEAU (AVENUE G",49.1883,-0.35103
201500016386,16,1,15,5,5,14,437,2,1,1,7,TOURVILLE (AVENUE DE),0.0,0.0
201500016387,13,4,15,12,1,14,118,2,1,1,2,"1, COURSEULLES (AVENUE D",49.2051,-0.37584
201500016388,18,1,15,6,3,14,30,1,1,3,6,"0, ROSEL (ROUTE DE )",49.2133,-0.42928
201500016389,30,4,15,16,1,14,101,2,1,1,6,"63, BRETAGNE (ROUTE DE )",49.1666,-0.41303
201500016390,19,1,15,12,1,14,118,2,1,1,6,"114, GEOLE (RUE DE)",49.1871,-0.36629
201500016391,20,1,15,11,1,14,118,2,1,1,6,"0, LIBERTE (PLACE DE LA)",49.1606,-0.34329
201500016392,6,5,15,16,1,14,181,2,3,1,1,"0, CHAMPS DE FOIRE (RUE",49.155,-0.33664
201500016393,12,5,15,13,1,14,118,2,2,1,6,"0, CLEMENCEAU (AVENUE GE",49.1882,-0.35171
201500016394,20,1,15,13,1,14,118,2,1,1,2,"68, VAUGUEUX (RUE DU)",49.1871,-0.36024
201500016395,12,5,15,19,1,14,587,1,6,7,3,"0, CD N°  220 (ST GERMAI",49.1998,-0.41312
201500016396,21,1,15,14,1,14,118,2,1,1,6,"45, LECLERC (BOULEVARD M",49.1816,-0.36101
201500016397,18,5,15,11,1,14,101,2,1,1,6,"134, BRETAGNE (ROUTE DE",49.1656,-0.41614
201500016398,26,1,15,12,1,14,118,2,1,2,6,"85, FALAISE (RUE DE  <=9",49.1711,-0.35375
201500016399,19,5,15,18,1,14,341,2,1,1,6,"10, POMME D'OR (RUE DE L",49.16,-0.35759
201500016400,6,2,15,15,1,14,271,2,1,1,6,"49, HARCOURT (ROUTE D')",49.1559,-0.36923
201500016401,9,2,15,10,1,14,327,2,1,1,6,"0, GRANDE CAVEE (AVENUE",49.2027,-0.33678
201500016402,23,5,15,10,1,14,118,2,1,1,6,"164, CAPONIERE (RUE >= 1",49.178,-0.38052
201500016403,24,5,15,18,1,14,327,2,1,1,6,"7, BERLIN (AVENUE DE)",49.2016,-0.33726
201500016404,26,5,15,15,1,14,341,2,3,1,3,CHEMIN VERT (RUE DU),49.1575,-0.34761
201500016405,2,6,15,17,1,14,167,2,1,1,6,"5, LIBERTE (AVENUE DE LA",49.2037,-0.2969
201500016406,4,6,15,23,5,14,118,2,2,1,3,"0, GUILLOU (BOULEVARD YV",49.1772,-0.3672
201500016407,10,6,15,8,1,14,118,2,3,7,6,"05/01/2015, DEMPSEY (RUE",49.199,-0.39071
201500016408,11,6,15,8,1,14,118,2,1,1,6,"0, GUILLOU (BOULEVARD YV",49.1734,-0.38938
201500016409,19,6,15,7,1,14,181,2,6,7,3,"0, ADER ( BD CLEMENT )",49.1473,-0.31929
201500016410,3,7,15,22,2,14,167,1,1,1,2,COLOMBELLES (ROUTE DE),49.1898,-0.31243
201500016411,19,7,15,19,1,14,437,2,3,2,3,"0, PASTEUR (RUE)",49.1793,-0.32325
201500016412,19,7,15,16,1,14,118,2,1,1,6,"0, DEVON (RUE DU)",49.2015,-0.37766
201500016413,21,7,15,10,1,14,118,2,1,2,6,SAINT JEAN (RUE (DE 33 E,49.1805,-0.35838
201500016414,22,8,15,14,1,14,118,1,3,1,3,"66, DUNOIS (BOULEVARD)",0.0,0.0
201500016415,25,8,15,19,1,14,118,2,1,1,3,"56, BAYEUX (RUE DE  <= 1",0.0,0.0
201500016416,1,8,15,19,1,14,118,2,2,1,3,"0, CLEMENCEAU (AVENUE GE",49.1906,-0.34267
201500016417,31,8,15,23,3,14,437,2,1,1,6,MONTALIVET (COURS),49.1796,-0.33198
201500016418,1,9,15,14,1,14,101,1,1,1,3,ECHANGEUR N° 9 ( PORTE D,49.1823,-0.42603
201500016419,4,9,15,16,1,14,437,2,2,1,1,"1958, SOURCES (RUE DES)",49.1862,-0.33328
201500016420,14,9,15,16,1,14,118,2,1,1,6,"0, FOUCAULD (AVENUE PERE",49.1621,-0.3545
201500016421,15,9,15,18,1,14,221,2,2,1,3,"0, PAPIN (RUE DENIS )",49.1704,-0.26585
201500016422,11,9,15,16,1,14,118,1,1,1,6,"0, DAMOZANE (RUE)",0.0,0.0
201500016423,15,7,15,18,1,14,118,2,1,1,6,"0, LEROY (BOULEVARD)",49.1731,-0.34399
201500016424,25,9,15,2,3,14,215,1,1,8,6,"0, CD N°  226 (DE COLOMB",49.1912,-0.25772
201500016425,20,9,15,8,1,14,437,1,6,5,6,RD N° 613,49.1571,-0.28508
201500016426,21,9,15,18,1,14,118,2,1,1,6,"0, CHEMIN VERT (RUE DU <",0.0,0.0
201500016427,23,9,15,21,5,14,118,2,1,1,2,", AUGE (RUE D')",49.175,-0.3515
201500016428,8,9,15,6,4,14,118,2,1,1,6,"66, BOUDIN (RUE EUGENE)",49.194,-0.38268
201500016429,28,9,15,7,2,14,118,2,3,1,3,"0, MOULIN (BOULEVARD JEA",49.192,-0.37509
201500016430,29,9,15,8,1,14,167,2,6,7,6,"0, BRIAND (PLACE ARISTID",49.2035,-0.30245
201500016431,17,7,15,11,1,14,118,2,2,1,3,JUIN (BOULEVARD MARECHAL,49.1968,-0.39677
201500016432,17,7,15,22,5,14,327,2,2,1,3,"0, GAULLE (AVENUE DU GEN",49.2126,-0.34202
201500016433,19,8,15,15,1,14,118,2,1,1,6,"0, SANSON ( RUE DU PERE)",49.1962,-0.36811
201500016434,15,7,15,17,1,14,118,2,2,1,6,"0, ORATOIRE (RUE DE L')",49.1808,-0.36049
201500016435,6,9,15,22,5,14,215,2,1,1,1,"58, LIBERTE ( RUE DE LA",49.1869,-0.26936
201500016436,4,10,15,0,3,14,437,2,1,1,6,PERIPHERIQUE SUD (BOULEV,49.1612,-0.30845
201500016437,18,10,15,13,1,14,271,2,2,1,3,"0, HARCOURT (ROUTE D')",49.145,-0.37386
201500016438,2,11,15,18,5,14,118,2,1,1,6,"42, DUNOIS (BOULEVARD)",49.1868,-0.38102
201500016439,5,11,15,7,5,14,118,2,2,2,6,"0, CHURCHILL (PONT)",49.1777,-0.35272
201500016440,10,11,15,12,1,14,118,2,1,1,1,"0, CD 405",0.0,0.0
201500016441,1,11,15,14,1,14,30,2,2,7,3,"0, CANADIENS (PLACE DES",49.2066,-0.43129
201500016442,26,10,15,13,1,14,437,2,1,1,2,"0, RD N° 613",49.1643,-0.30632
201500016443,31,10,15,21,3,14,118,1,1,1,2,"0, RN 814",0.0,0.0
201500016444,26,11,15,4,4,14,118,2,3,1,3,"0, MOULIN (BOULEVARD JEA",49.1959,-0.3753
201500016445,24,11,15,19,5,14,118,2,3,1,3,"0, JUIN (BOULEVARD MAREC",49.1968,-0.39677
201500016446,2,12,15,10,1,14,118,2,3,1,3,"12, GARE (RUE DE LA)",49.1769,-0.35188
201500016447,2,12,15,16,1,14,341,2,1,1,5,"243, FALAISE (RUE DE >=1",49.1606,-0.34744
201500016448,8,12,15,7,5,14,271,1,6,2,6,"0, QUADRANT (RUE DU)",49.1395,-0.37727
201500016449,9,12,15,17,5,14,118,2,6,1,3,"0, MARIE (RUE ARMAND)",49.1657,-0.35991
201500016450,20,12,15,9,1,14,137,2,2,1,3,"0, GRANDE PLAINE (AVENUE",0.0,0.0
201500016451,22,12,15,19,5,14,118,2,3,1,3,"0, JUIN (BOULEVARD MAREC",0.0,0.0
201500016452,19,11,15,16,1,14,118,2,1,1,6,"7, CARNOT (RUE SADI)",49.1794,-0.36285
201500016453,28,12,15,13,1,14,118,2,3,1,3,"0, GAMBETTA (PLACE)",0.0,0.0
201500016454,20,11,15,11,1,14,437,2,3,2,3,"0, ZOLA (RUE EMILE)",49.1729,-0.322
201500016455,30,8,15,18,1,14,437,2,3,1,3,,49.1808,-0.32636
201500016456,16,2,15,15,1,31,547,1,2,1,3,,0.0,0.0
201500016457,16,5,15,17,1,31,547,2,1,1,2,route de MURET,43.49235,1.31391
201500016458,6,6,15,21,2,31,65,1,1,1,7,route de rieumes,0.0,0.0
201500016459,30,12,15,15,1,31,547,1,1,1,3,RTE DE LABASTIDETTTE,43.4936,1.29778
201500016460,21,2,15,13,1,14,225,2,1,9,6,"1, PORT (RUE DU)",0.0,0.0
201500016461,7,3,15,14,1,14,117,2,6,1,3,CHARLES DE GAULLE (AVENU,49.2871,-0.12623
201500016462,17,3,15,19,2,14,225,2,1,1,3,DISTILLERIE (RUE DE LA),49.2844,-0.10861
201500016463,27,3,15,12,1,14,225,2,6,1,2,GAULLE (RUE DU GAL),49.2851,-0.10813
201500016464,24,4,15,10,1,14,225,2,1,1,6,"28, RESISTANTS (AVENUE D",0.0,0.0
201500016465,1,5,15,22,5,14,225,2,2,1,3,", BRETAGNE (RUE DE)",0.0,0.0
201500016466,29,5,15,20,1,14,225,2,6,2,7,LISIEUX (ROUTE DE),49.2866,-0.0897
201500016467,3,6,15,14,1,14,117,2,2,1,3,TROARN (AVENUE DE),0.0,0.0
201500016468,3,6,15,19,1,14,225,2,1,1,6,"11, COTEAUX (ALLEE DES)",0.0,0.0
201500016469,12,7,15,3,3,14,305,1,1,1,6,"1266, CORNICHE (ROUTE DE",49.3043,-0.05776
201500016470,1,8,15,16,1,14,117,2,1,1,6,MARECHAL FOCH (AVENUE DU,0.0,0.0
201500016471,6,8,15,12,1,14,225,1,9,1,3,MAURICE THOREZ (BLD),49.2771,-0.1035
201500016472,5,9,15,10,1,14,117,1,1,1,6,RD 400 A,49.2796,-0.13547
201500016473,26,9,15,16,1,14,117,2,1,1,2,GUILLAUME LE CONQUERANT,0.0,0.0
201500016474,20,10,15,15,1,14,117,2,1,1,2,GUILLAUME LE CONQUERANT,0.0,0.0
201500016475,2,11,15,15,1,14,117,2,2,1,3,"30, GENERAL CASTELNAU (A",0.0,0.0
201500016476,22,11,15,10,1,14,117,2,1,1,6,"30, ARISITIDE BRIAND (AV",49.2916,-0.12225
201500016477,1,12,15,22,3,14,117,1,1,1,6,CAEN (ROUTE DE),0.0,0.0
201500016478,19,12,15,21,5,14,117,2,2,1,3,GENERAL LECLERC (AVENUE,0.0,0.0
201500016479,14,6,15,20,1,30,135,1,1,1,1,,43.82899,4.5902
201500016480,8,7,15,13,1,30,135,1,1,1,1,,0.0,0.0
201500016481,15,8,15,13,1,30,117,1,1,1,5,,43.69592,4.5877
201500016482,30,8,15,16,1,30,60,1,1,1,6,,43.79902,4.39974
201500016483,29,9,15,18,1,30,117,1,1,1,5,,43.7043,4.56562
201500016484,17,10,15,17,1,30,34,1,1,1,6,,43.73239,4.46495
201500016485,7,6,15,12,1,88,92,1,1,7,7,,48.09157,6.28626
201500016486,28,3,15,20,5,88,95,2,6,2,6,place du champ de foire,48.30305,5.83303
201500016487,4,6,15,19,1,88,118,2,3,1,1,,48.40363,5.68538
201500016488,8,5,15,10,1,88,112,1,1,1,6,,48.33768,7.10472
201500016489,19,7,15,11,1,80,328,2,3,1,3,D22,49.8161,4.74325
201500016490,28,12,15,15,1,80,302,2,2,1,3,rue Etienne DOLET,49.8852,4.73866
201500016491,6,1,15,18,3,80,137,1,1,5,1,,0.0,0.0
201500016492,8,4,15,15,1,80,216,2,1,1,6,25 grande rue,49.78844,4.61723
201500016493,6,6,15,19,1,80,212,2,1,1,6,,49.83734,4.56144
201500016494,13,6,15,8,1,80,429,1,1,1,6,,49.8107,4.57119
201500016495,22,7,15,7,1,80,361,1,1,1,5,,49.8603,4.62797
201500016496,26,9,15,18,2,80,408,1,1,1,6,,49.8528,4.65298
201500016497,4,12,15,17,5,80,468,1,1,1,6,,49.77793,4.4591
201500016498,7,3,15,14,1,80,473,1,1,1,7,,49.4458,4.10384
201500016499,19,4,15,2,5,80,239,1,1,1,6,RD925,49.39676,4.39349
201500016500,15,10,15,20,4,80,39,2,1,2,6,,49.45748,4.07928
201500016501,15,2,15,15,1,80,192,1,1,1,6,,0.0,0.0
201500016502,20,3,15,10,1,80,449,1,1,1,3,,49.6958,4.51823
201500016503,2,4,15,8,1,80,415,1,1,2,6,,49.5859,4.38443
201500016504,11,10,15,20,5,80,363,2,1,1,6,rue victor hugo,49.94241,4.63753
201500016505,22,7,15,12,1,80,226,1,5,1,3,,50.1015,4.74071
201500016506,9,8,15,5,5,80,156,1,1,1,6,,49.978,4.38072
201500016507,6,2,15,15,1,80,67,2,1,1,6,2 rue de la Croisette,49.62364,5.18859
201500016508,22,2,15,18,2,80,145,1,1,1,6,,0.0,0.0
201500016509,18,3,15,16,1,80,34,1,3,1,2,,49.60876,5.04821
201500016510,28,8,15,11,1,80,9,1,1,1,1,,49.6299,4.05131
201500016511,4,11,15,2,3,80,289,1,1,1,6,,49.67265,5.14729
201500016512,22,11,15,23,5,80,53,2,1,1,6,Rue Henri Dunant,49.67623,4.98701
201500016513,29,11,15,18,3,80,90,1,4,2,1,,49.6447,5.18611
201500016514,20,7,15,14,1,80,391,1,1,2,1,,49.7441,4.93152
201500016515,19,5,15,18,1,80,142,2,1,1,6,D24,49.69531,4.87471
201500016516,19,5,15,17,1,80,488,1,1,1,3,,49.72655,4.83559
201500016517,28,6,15,5,2,80,357,2,1,1,6,rue de Raucourt,49.64942,4.99264
201500016518,28,8,15,10,1,80,170,2,1,1,6,,49.74793,4.94767
201500016519,12,11,15,13,1,80,142,2,1,1,6,,49.69827,4.86477
201500016520,24,11,15,15,1,80,114,1,1,8,6,,49.64,4.86788
201500016521,8,2,15,8,1,80,410,1,1,9,6,,49.3453,4.57322
201500016522,31,5,15,12,1,80,407,1,2,1,3,,49.26444,4.7341
201500016523,7,7,15,7,1,80,431,1,1,7,7,,49.35595,4.66339
201500016524,27,7,15,9,1,80,410,1,3,1,3,,49.3375,4.56526
201500016525,16,8,15,16,1,80,490,2,1,1,2,83 rue bournizet,49.39667,4.69113
201500016526,14,11,15,19,5,80,490,2,1,2,6,Rue Chervin,49.4042,4.70198
201500016527,23,11,15,13,1,80,271,1,9,1,7,,49.2644,4.65942
201500016528,29,11,15,5,5,80,490,2,1,2,6,Rue BOURNIZET,49.39579,4.68401
201500016529,10,12,15,8,1,80,398,1,3,1,3,,49.4621,4.57677
201500016530,12,12,15,10,1,80,97,1,1,2,7,,49.3205,4.7243
201500016531,24,7,15,13,1,80,89,1,1,1,1,,49.4313,4.96307
201500016532,9,11,15,17,1,80,412,2,1,1,3,Rue neuve,49.3105,4.84157
201500016533,4,1,15,12,1,52,58,1,1,8,6,,48.2209,5.14241
201500016534,16,1,15,7,5,52,60,2,1,2,6,rue des capucins,47.95663,5.74818
201500016535,13,5,15,8,1,52,332,1,1,1,2,,47.99362,5.54675
201500016536,24,5,15,19,1,52,60,1,1,1,1,,47.94087,5.72709
201500016537,11,6,15,20,1,52,242,1,1,1,6,,47.83132,5.51764
201500016538,20,7,15,14,1,52,242,1,1,1,1,,47.82282,5.5745
201500016539,9,8,15,16,1,52,400,2,1,1,6,route de BEAUCHARMOY /RD,48.008,5.649
201500016540,20,10,15,21,3,52,135,1,1,5,6,,47.90662,5.64405
201500016541,18,1,15,16,1,14,1,1,1,2,3,"1880, CD 140",49.388,0.27607
201500016542,21,1,15,8,2,14,536,2,1,8,4,MONTSAINT (CHARRIERE),49.4086,0.25147
201500016543,28,4,15,10,1,14,333,2,1,1,6,LEPAULMIER (QUAI),0.0,0.0
201500016544,8,5,15,19,1,14,333,2,1,1,6,"102, SAINT LEONARD (RUE)",49.4169,0.24033
201500016545,13,5,15,10,1,14,333,2,1,1,6,TOUR (QUAI DE LA),0.0,0.0
201500016546,12,5,15,15,1,14,333,2,1,1,3,BUQUET (CHEMIN DU),49.4006,0.24072
201500016547,5,6,15,10,1,14,304,1,2,1,3,CD 579,49.3824,0.24471
201500016548,30,6,15,17,1,14,333,2,1,7,2,"16, LEPAULMIER (QUAI)",49.4187,0.23687
201500016549,6,7,15,19,1,14,333,1,3,1,3,NORMAND (AVENUE AUGUSTIN,49.4166,0.25943
201500016550,15,7,15,9,1,14,333,2,1,1,6,"6, MANUEL (COURS ALBERT)",0.0,0.0
201500016551,2,8,15,10,1,14,333,2,1,1,6,"102, SAINT LEONARD (RUE)",0.0,0.0
201500016552,20,9,15,17,1,14,536,2,3,1,1,"10, EGLISE (PLACE DE L')",49.4077,0.27326
201500016553,20,9,15,17,1,14,333,2,1,1,2,"62, MANUEL (COURS ALBERT",49.4113,0.22663
201500016554,7,11,15,19,5,14,536,2,6,1,6,"2, FRANCS (RUE DES 4)",0.0,0.0
201500016555,8,11,15,15,1,14,243,1,1,1,2,CD513,49.4249,0.21544
201500016556,15,11,15,12,1,14,304,1,1,1,3,CD  579,0.0,0.0
201500016557,30,11,15,17,5,14,304,1,2,1,3,CD 579,0.0,0.0
201500016558,30,12,15,14,1,14,333,2,1,1,2,JEAN DE VIENNE (COURS),0.0,0.0
201500016559,24,4,15,20,1,52,216,1,1,1,1,,47.79311,5.03329
201500016560,10,4,15,15,1,52,265,1,1,1,7,,48.5581,5.05056
201500016561,15,1,15,17,1,52,512,1,1,1,6,etrangeère,48.46087,5.13288
201500016562,11,7,15,14,1,52,250,2,1,1,3,rue de la Madeleine,48.4447,5.15019
201500016563,8,6,15,18,1,52,502,1,2,1,3,,48.48102,4.99995
201500016564,11,9,15,8,1,52,550,2,2,1,3,rue Charle de Gaulle,48.50272,4.95695
201500016565,16,5,15,10,1,48,16,1,1,1,1,,0.0,0.0
201500016566,16,6,15,6,2,48,16,1,1,1,1,,0.0,0.0
201500016567,20,6,15,18,1,48,53,1,1,7,6,,0.0,0.0
201500016568,15,8,15,2,3,48,16,1,1,1,6,,0.0,0.0
201500016569,16,9,15,17,1,48,14,1,1,1,7,,0.0,0.0
201500016570,4,6,15,9,1,48,43,1,1,1,2,,0.0,0.0
201500016571,18,10,15,17,1,48,105,2,1,1,6,RUE DES SORBIERS,0.0,0.0
201500016572,6,11,15,15,1,48,80,2,1,1,6,BOULEVARD DE GAULLE,0.0,0.0
201500016573,11,11,15,13,1,48,105,2,1,1,7,D26,0.0,0.0
201500016574,26,7,15,12,1,48,116,1,1,1,7,,0.0,0.0
201500016575,9,8,15,10,1,48,162,1,1,1,6,,0.0,0.0
201500016576,17,8,15,14,1,48,75,1,1,1,3,,44.387,3.567
201500016577,18,4,15,15,1,48,168,1,1,1,3,,0.0,0.0
201500016578,10,5,15,17,1,48,17,1,6,1,3,,0.0,0.0
201500016579,5,8,15,17,1,48,107,1,1,1,7,,0.0,0.0
201500016580,7,8,15,17,1,48,18,1,1,1,1,,0.0,0.0
201500016581,7,9,15,10,1,48,32,1,1,1,6,,0.0,0.0
201500016582,9,10,15,23,3,48,103,1,1,1,1,,0.0,0.0
201500016583,9,11,15,10,1,48,55,1,1,1,1,,0.0,0.0
201500016584,18,12,15,9,1,48,103,1,1,1,1,,0.0,0.0
201500016585,30,1,15,12,1,48,140,1,1,2,3,,44.813,3.275
201500016586,28,6,15,17,1,30,27,1,1,1,3,,44.06739,4.03371
201500016587,2,5,15,15,1,37,99,1,1,3,3,,0.0,0.0
201500016588,3,3,15,9,1,37,47,1,1,2,6,LANGENNERIE,0.0,0.0
201500016589,6,3,15,19,5,37,167,2,2,1,5,D938,0.0,0.0
201500016590,28,3,15,15,1,37,206,2,1,1,6,5 ROUTE DES BONSHOMMES,0.0,0.0
201500016591,29,6,15,7,1,37,139,1,2,1,2,LA BERNNERIE,0.0,0.0
201500016592,29,6,15,12,1,37,55,2,3,1,1,RUE DES SABLES:DU STADE,0.0,0.0
201500016593,25,7,15,16,1,37,217,1,1,1,6,,0.0,0.0
201500016594,31,7,15,20,2,37,182,2,1,1,7,RUE DU LAVOIR,0.0,0.0
201500016595,12,12,15,13,1,37,13,1,1,8,7,,0.0,0.0
201500016596,11,2,15,17,1,37,156,2,6,1,3,A  APPENWEIER/D ESTREE,0.0,0.0
201500016597,13,4,15,8,1,37,267,1,1,1,1,,0.0,0.0
201500016598,22,4,15,15,1,37,79,2,2,1,3,CARREFOUR  RD 81/RD 40,0.0,0.0
201500016599,23,6,15,6,1,37,267,1,2,1,1,VERETZ,0.0,0.0
201500016600,3,10,15,17,1,37,156,2,1,1,7,AV GABRIELLE D ESTREE,0.0,0.0
201500016601,30,6,15,11,1,37,63,2,1,1,7,35  RUE DE LA REPUBLIQUE,0.0,0.0
201500016602,6,9,15,17,1,37,281,1,1,1,1,,0.0,0.0
201500016603,28,10,15,10,1,37,179,1,1,1,5,LA COUDRIERE,0.0,0.0
201500016604,19,2,15,20,5,14,366,2,2,3,3,"53, PONT MORTAIN (RUE)",49.1436,0.2268
201500016605,6,1,15,10,1,14,69,2,1,1,3,"12, JEAN XXIII (AVENUE)",49.1412,0.25256
201500016606,21,2,15,23,3,14,487,1,1,2,6,R.D 579,49.1828,0.22718
201500016607,13,1,15,9,1,14,366,2,1,2,2,"66, HERBET FOURNET (BOUL",49.1537,0.22764
201500016608,22,2,15,1,3,14,487,1,1,2,6,R.D 579,49.1828,0.22718
201500016609,31,1,15,7,2,14,574,2,1,4,6,"47, D 511",49.1353,0.20603
201500016610,19,3,15,19,2,14,366,2,1,2,2,GEORGES POMPIDOU (AVENUE,49.1351,0.22348
201500016611,31,1,15,8,2,14,574,2,1,4,6,"101, D 511",49.129,0.19854
201500016612,24,3,15,16,1,14,366,2,1,1,3,"68, HENRY CHERON (RUE)",49.1452,0.2239
201500016613,5,2,15,23,5,14,366,2,1,1,6,"8, GEORGES POMPIDOU (AVE",49.1379,0.2233
201500016614,26,3,15,16,1,14,366,2,3,1,3,"85, VICTOR HUGO (AVENUE)",49.144,0.22861
201500016615,8,2,15,16,1,14,366,2,1,1,6,"97, HENRY CHERON (RUE)",49.145,0.22352
201500016616,28,3,15,15,1,14,574,1,1,1,1,"0, ASSEMONT (D.182 HEMIN",49.1355,0.2142
201500016617,23,4,15,14,1,14,487,1,1,1,7,"0, MANERBE (ROUTE)",49.1777,0.1886
201500016618,25,4,15,14,1,14,366,2,2,1,5,"24, CARNOT (BOULEVARD)",49.1479,0.22496
201500016619,28,4,15,12,1,14,366,2,3,1,3,"29, FOURNET (RUE)",49.1381,0.22721
201500016620,27,4,15,13,1,14,366,2,6,1,3,ESPERANCE (CARREFOUR DE,49.1444,0.26312
201500016621,12,5,15,17,1,14,574,1,1,1,3,"710, DIVES (D.45 ROUTE D",49.155,0.19854
201500016622,15,5,15,23,3,14,574,1,1,1,6,"3335, DIVES (D.45 ROUTE",49.1751,0.18444
201500016623,16,5,15,17,1,14,366,2,2,1,3,"22, HENRY CHERON (RUE)",49.1461,0.22819
201500016624,24,5,15,0,5,14,366,2,1,1,6,"29, VICTOR HUGO (AVENUE)",49.1447,0.228
201500016625,26,5,15,12,1,14,574,2,1,1,6,,49.1395,0.20459
201500016626,28,5,15,16,1,14,366,2,1,1,6,"30, ROGER AINI (RUE)",49.1436,0.24773
201500016627,3,6,15,18,1,14,366,2,1,1,6,"7, SAINTE ANNE (BOULEVAR",49.1429,0.22663
201500016628,12,6,15,13,1,14,574,1,2,2,6,"890, ASSEMONT (D.182 HEM",49.1365,0.2151
201500016629,29,6,15,16,1,14,366,2,3,1,2,"1, HENRI PAPIN",49.1415,0.21358
201500016630,2,7,15,17,1,14,366,2,6,1,2,ESPERANCE (CARREFOUR DE,49.1444,0.26312
201500016631,11,7,15,15,1,14,487,1,1,1,1,R.D 579,49.1915,0.22819
201500016632,24,7,15,19,1,14,366,2,6,1,3,"28, SIX JUIN (AVENUE DU)",0.0,0.0
201500016633,28,7,15,10,1,14,366,2,2,1,1,"31, ERNEST MANCHON (RUE)",49.1559,0.2191
201500016634,1,8,15,9,1,14,366,2,1,1,3,"118, WINSTON CHURCHILL (",49.1464,0.25682
201500016635,8,8,15,14,1,14,366,2,1,1,6,"8, FOURNET (PLACE)",49.1409,0.22708
201500016636,8,8,15,12,1,14,366,2,3,1,2,"0, GENERAL LECLERC (RUE",49.151,0.22407
201500016637,11,8,15,11,1,14,366,2,1,1,6,AUGUSTIN FRESNEL,49.1442,0.26838
201500016638,27,8,15,17,1,14,366,1,1,2,6,D.613 ( LISIEUX),49.1307,0.233
201500016639,9,9,15,18,1,14,366,2,3,1,3,"17, ROGER AINI (RUE)",49.1448,0.23586
201500016640,9,9,15,19,1,14,574,1,1,1,7,D.613 ( SAINT DESIR),49.1386,0.19378
201500016641,11,9,15,21,5,14,366,2,3,1,3,"83, CITE JARDIN (RUE DE",0.0,0.0
201500016642,17,9,15,15,1,14,366,2,2,2,3,"1, SIX JUIN (AVENUE DU)",49.1446,0.22252
201500016643,18,9,15,17,1,14,574,1,2,2,5,DIVES (D.45 ROUTE DE),49.1599,0.19274
201500016644,25,9,15,17,1,14,366,2,6,1,7,ROGER AINI (RUE),49.1444,0.26312
201500016645,26,9,15,0,3,14,366,1,1,1,6,R.D 579,49.1679,0.22741
201500016646,2,10,15,21,5,14,366,2,1,1,6,"106, FOURNET (RUE)",49.1337,0.22629
201500016647,13,10,15,7,3,14,366,1,1,1,2,D.613 ( LISIEUX),49.1282,0.22189
201500016648,13,10,15,10,1,14,366,2,3,1,2,CORMEILLES ( CD 510 ROUT,49.1484,0.2548
201500016649,15,10,15,13,1,14,366,2,3,1,3,"27, FOURNET (RUE)",49.1381,0.22721
201500016650,17,10,15,1,3,14,366,1,1,8,6,"0, CAVAUDON (CHEMIN RURA",49.1524,0.23759
201500016651,2,11,15,18,5,14,366,2,3,1,3,"177, ROGER AINI (RUE)",49.1446,0.26185
201500016652,24,10,15,14,1,14,366,2,1,1,5,"46, PARIS (ROUTE DE)",49.1455,0.2412
201500016653,4,11,15,8,2,14,366,1,1,8,2,D.613 ( LISIEUX),49.1314,0.23579
201500016654,4,11,15,14,1,14,366,2,1,2,3,"5, SAINTE THERESE (AVENU",49.1431,0.22988
201500016655,4,11,15,21,5,14,366,2,1,1,6,"2, ROCQUES (CHEMIN DE)",49.1525,0.22839
201500016656,6,11,15,9,1,14,366,2,2,1,6,"0, JULES FERRY (BOULEVAR",49.1483,0.22819
201500016657,13,11,15,18,3,14,366,1,1,8,3,D.613 ( LISIEUX),49.134,0.24609
201500016658,23,11,15,8,2,14,574,1,1,9,7,D.613 ( SAINT DESIR),49.1259,0.1936