Num_Acc,jour,mois,an,hr,condition_eclairage,departement,commune,condition_agglomeration,intersection,condition_atmosphere,type_collision,adresse,lattitude,longitude
201500016659,27,11,15,12,1,14,366,2,1,1,7,"13A, FOURNET (RUE)",49.1392,0.2273
201500016660,3,12,15,19,5,14,366,2,6,1,3,ROGER AINI (RUE),49.1436,0.24627
201500016661,15,12,15,16,2,14,366,2,1,2,6,"6, GEORGES CLEMENCEAU (P",49.1474,0.22826
201500016662,23,12,15,18,5,14,366,2,1,1,6,"67, HENRY CHERON (RUE)",49.1456,0.22533
201500016663,18,9,15,8,1,37,11,2,6,1,3,RUE LES ECOLES,0.0,0.0
201500016664,16,12,15,11,1,37,120,2,1,2,6,,0.0,0.0
201500016665,6,6,15,16,1,37,77,1,1,1,6,ROUTE DES BIANGS,0.0,0.0
201500016666,19,10,15,9,1,37,196,2,1,1,3,AU NIVEAU DU LAC,0.0,0.0
201500016667,21,3,15,11,1,37,246,1,2,2,3,,0.0,0.0
201500016668,23,6,15,20,1,37,108,2,1,1,7,Route de Beauregard,47.144,1.03
201500016669,12,7,15,11,1,37,23,1,1,1,6,,0.0,0.0
201500016670,18,7,15,7,2,37,39,1,1,2,7,,0.0,0.0
201500016671,7,8,15,11,1,37,111,1,2,1,3,LA FORESTIERE DE LA PLOT,0.0,0.0
201500016672,4,9,15,22,3,37,49,1,1,1,5,,0.0,0.0
201500016673,4,10,15,20,3,37,269,1,1,2,1,LA GARE,0.0,0.0
201500016674,29,10,15,17,1,37,20,2,1,1,3,RUE GEORGES PATRY,0.0,0.0
201500016675,27,6,15,8,1,37,115,2,1,1,6,RUE JEAN BAPTISTE KLEBER,0.0,0.0
201500016676,12,7,15,2,3,37,162,1,1,1,6,,0.0,0.0
201500016677,23,7,15,16,1,37,115,1,6,7,6,ROND POINT GUSTAVE EIFFE,0.0,0.0
201500016678,21,9,15,11,1,37,218,1,1,1,7,,0.0,0.0
201500016679,23,9,15,19,2,37,115,1,1,1,6,LES SAPINS,0.0,0.0
201500016680,7,10,15,8,1,37,136,1,1,1,1,,0.0,0.0
201500016681,19,10,15,14,1,37,130,2,2,1,3,MACHEFER,0.0,0.0
201500016682,20,3,15,18,1,37,28,1,2,2,3,,0.0,0.0
201500016683,26,4,15,3,3,37,61,1,1,8,7,,0.0,0.0
201500016684,11,5,15,15,1,37,33,1,1,1,2,,0.0,0.0
201500016685,24,7,15,18,1,37,107,1,1,1,7,LA BLINNERIE,0.0,0.0
201500016686,2,8,15,13,1,37,104,2,2,1,3,LES RECAIS /DU PARADIS,0.0,0.0
201500016687,13,7,15,14,1,37,250,2,2,1,3,LES GIRARDIERES,0.0,0.0
201500016688,11,9,15,0,3,37,104,2,1,1,3,LES RECAIS D ESVRE,0.0,0.0
201500016689,14,4,15,23,3,87,205,1,1,1,1,,45.7659,1.2955
201500016690,7,6,15,12,1,87,63,1,1,1,1,,45.7974,1.40571
201500016691,8,6,15,9,2,87,63,1,1,1,6,,45.7753,1.39713
201500016692,7,8,15,9,1,87,138,1,1,1,3,,45.7122,1.47786
201500016693,27,10,15,19,3,87,200,1,2,1,3,,46.3417,1.10543
201500016694,29,9,15,11,1,87,89,1,1,1,5,,46.1799,1.16302
201500016695,24,9,15,7,2,87,154,2,1,1,3,AVENUE HENRI BARBUSSE,45.8922,0.90634
201500016696,2,3,15,14,1,87,46,2,1,1,3,RUE JEAN GIRAUDOUX,45.8321,1.00828
201500016697,17,3,15,2,3,87,191,1,1,1,7,,45.7612,1.07252
201500016698,16,2,15,7,2,87,187,2,1,1,3,AVENUE DU MARCÉCHAL JUIN,45.516,1.19717
201500016699,26,2,15,21,3,87,66,1,1,2,6,,45.7248,1.10367
201500016700,15,7,15,3,3,87,31,1,1,1,6,,45.5522,1.12807
201500016701,15,12,15,16,1,87,150,1,1,8,7,,0.0,0.0
201500016702,13,2,15,16,1,23,10,1,2,1,3,,46.07248,1.72153
201500016703,2,3,15,6,3,23,21,1,1,2,7,,46.13014,1.63392
201500016704,21,6,15,17,1,23,78,1,1,1,1,,45.92376,1.74791
201500016705,1,7,15,8,1,23,64,1,1,1,7,,46.26776,2.10196
201500016706,8,7,15,18,1,23,102,1,3,1,3,,46.24372,2.04461
201500016707,30,8,15,10,1,23,131,2,1,1,1,Rue du parjadis,45.91569,2.49354
201500016708,21,11,15,20,3,23,20,1,1,8,6,,45.98,2.306
201500016709,26,12,15,9,1,28,144,1,1,1,6,,48.24834,0.81697
201500016710,2,1,15,17,2,27,602,2,6,1,7,rue leo lagrange,49.01549,1.08834
201500016711,4,1,15,1,5,27,165,2,1,8,1,rue du dr paul guilbaud,48.96563,0.94247
201500016712,15,1,15,10,1,27,446,1,1,2,3,,49.05589,0.92464
201500016713,13,3,15,22,3,27,543,1,1,1,7,,48.79973,1.35248
201500016714,28,3,15,19,1,27,548,2,2,8,6,RD 50 - Rue de Monthule,48.76518,1.26865
201500016715,14,9,15,11,1,27,464,1,1,1,3,,48.97292,1.14371
201500016716,25,2,15,11,1,27,481,1,1,2,6,,48.74116,0.87954
201500016717,5,3,15,18,2,27,431,1,1,1,7,LA GENTILLERE,48.90877,0.74132
201500016718,7,9,15,17,1,27,532,1,3,1,3,,48.87956,0.929
201500016719,30,11,15,18,3,27,108,1,2,1,3,,48.74791,0.79462
201500016720,7,12,15,7,3,27,112,1,2,5,3,,48.85595,0.94411
201500016721,18,12,15,18,3,27,75,1,1,8,6,,48.90149,0.69093
201500016722,23,12,15,11,1,27,457,1,4,1,3,,48.76883,0.96037
201500016723,7,1,15,12,1,27,179,1,1,1,1,,49.13343,0.54286
201500016724,30,1,15,16,1,27,395,1,2,1,3,,48.91039,0.50937
201500016725,25,2,15,7,5,27,56,1,1,3,6,15 rue Ordevic Vital,49.08607,0.5957
201500016726,27,3,15,11,1,27,455,1,2,1,3,,49.17505,0.40413
201500016727,6,4,15,17,1,27,414,1,6,1,7,,48.95571,0.46583
201500016728,17,5,15,14,1,27,289,1,1,1,1,lieu dit le coudret,48.94642,0.41295
201500016729,30,5,15,13,1,27,56,2,6,1,7,zone de la malouve,49.07472,0.58126
201500016730,18,7,15,17,1,27,557,1,1,1,7,,49.11171,0.65158
201500016731,22,7,15,17,1,27,600,1,1,1,5,,49.04676,0.56453
201500016732,27,8,15,14,1,27,463,1,1,3,6,,49.15482,0.61502
201500016733,6,9,15,17,1,27,130,1,1,1,3,,49.04741,0.46221
201500016734,11,9,15,14,1,27,148,1,1,1,4,,48.98255,0.49429
201500016735,16,9,15,18,1,27,552,1,1,6,1,route de la chapelle,49.00855,0.46541
201500016736,19,9,15,17,1,27,590,1,1,1,1,,48.94455,0.51029
201500016737,3,10,15,11,1,27,414,2,1,1,3,grande rue,48.9367,0.47998
201500016738,9,1,15,20,5,27,116,2,1,2,6,31 rue de la soie,49.19368,0.72045
201500016739,18,1,15,19,3,27,63,1,1,4,5,,49.01818,0.86489
201500016740,29,1,15,17,1,27,513,1,2,2,6,,49.00124,0.67953
201500016741,20,2,15,16,1,27,296,1,2,1,3,,49.03943,0.66293
201500016742,21,2,15,15,1,27,109,1,1,1,6,,49.10356,0.8262
201500016743,15,5,15,16,1,27,51,2,3,1,1,,49.07336,0.76833
201500016744,5,6,15,18,1,27,49,2,9,1,7,11 rue des bruyeres,49.01893,0.70571
201500016745,10,6,15,19,1,27,290,1,2,1,3,,49.12885,0.77603
201500016746,23,7,15,16,1,27,452,1,1,1,6,,49.14069,0.76928
201500016747,23,8,15,5,3,27,125,1,1,1,7,,49.17181,0.77119
201500016748,30,8,15,12,1,27,210,1,2,1,6,,49.13067,0.81335
201500016749,2,9,15,17,1,27,116,2,3,1,3,cote de caillouet,49.1888,0.72749
201500016750,7,9,15,20,2,27,125,1,1,1,7,,49.18937,0.74175
201500016751,23,10,15,8,1,27,116,2,1,1,6,13 rue de la soie,49.19497,0.72059
201500016752,22,12,15,14,1,27,116,1,6,1,3,rue saint denis,49.19392,0.71407
201500016753,4,4,15,5,5,27,417,2,3,1,6,Rue du Moulin à Vent,49.38387,1.59114
201500016754,28,1,15,2,3,27,428,1,1,2,6,,49.14515,0.92344
201500016755,5,12,15,16,1,27,302,2,1,1,6,route du neubourg,49.22164,0.84288
201500016756,27,1,15,8,1,27,340,1,1,2,7,,49.37256,0.85097
201500016757,16,2,15,7,5,27,103,2,2,1,3,RD 313,49.35016,0.82073
201500016758,24,4,15,10,1,27,103,1,1,1,6,,49.33673,0.81128
201500016759,4,5,15,10,1,27,103,2,1,1,6,rue des portes,49.35603,0.81531
201500016760,7,6,15,15,1,27,580,2,1,1,1,RD647,0.0,0.0
201500016761,20,6,15,8,1,27,582,1,1,1,6,,49.29442,0.95833
201500016762,3,7,15,4,3,27,134,1,1,1,7,,49.36189,0.65128
201500016763,3,7,15,16,1,27,103,2,1,1,6,80 rue du champ de foire,49.35277,0.81214
201500016764,9,7,15,21,1,27,227,1,2,1,3,,49.38512,0.65982
201500016765,6,8,15,18,1,27,228,1,1,1,2,,49.35848,0.68542
201500016766,31,8,15,15,1,27,316,1,1,3,1,,49.38445,0.75815
201500016767,18,11,15,16,1,27,90,2,2,1,3,RD313,49.29686,0.91517
201500016768,30,8,15,12,1,27,591,1,2,1,3,,49.23936,0.34821
201500016769,19,12,15,8,1,27,218,2,1,1,1,05 rue Andre MORIN,49.27971,0.43738
201500016770,13,4,15,10,1,40,116,1,1,1,3,,0.0,0.0
201500016771,16,5,15,14,1,40,204,1,1,1,6,,0.0,0.0
201500016772,24,6,15,7,2,40,31,2,1,7,6,route du pont de l'asse,0.0,0.0
201500016773,5,3,15,9,1,40,61,1,1,1,7,,0.0,0.0
201500016774,30,1,15,17,1,40,45,2,6,1,7,COURS ARISTIDE BRIAND,0.0,0.0
201500016775,3,10,15,2,3,40,160,1,1,8,6,,0.0,0.0
201500016776,30,3,15,18,1,40,209,1,1,1,1,,44.18,5.955
201500016777,18,11,15,14,1,40,58,2,1,1,6,D104,0.0,0.0
201500016778,3,1,15,20,3,24,160,1,1,2,6,LES COMBES,45.083,0.724
201500016779,27,3,15,14,1,24,115,1,1,1,6,ROUTE D'ANGOULÊME,45.2734,0.67308
201500016780,7,7,15,15,1,24,115,2,4,1,3,RUE D'ANGOULÊME,45.245,0.68673
201500016781,13,9,15,14,1,24,571,1,1,2,1,ROUTE DE SALON,45.0245,0.75636
201500016782,5,12,15,16,1,24,156,1,1,5,6,,45.0858,0.8722
201500016783,9,12,15,16,1,24,115,1,1,1,6,NOUZAREDE,45.219,0.69166
201500016784,11,6,15,13,1,24,11,1,1,1,7,ROUTE DU BATAILLON,45.2315,0.84463
201500016785,25,7,15,15,1,24,25,1,1,1,6,LE BOUSQUET,45.0896,1.05831
201500016786,8,9,15,8,1,24,188,1,3,1,3,LA BOUILLE,45.133,1.01302
201500016787,14,2,15,14,1,24,340,1,1,1,1,LE GUEL,44.8509,0.43479
201500016788,2,12,15,4,3,24,237,1,1,1,7,,44.8842,0.52855
201500016789,10,12,15,13,1,24,340,2,2,1,1,RUE DE LA RÉSISTANCE,44.8534,0.40079
201500016790,20,12,15,17,3,24,77,1,1,1,7,PONT DE LAGASSE,44.9405,0.56679
201500016791,1,9,15,9,1,24,310,1,1,1,1,LE BOURG-EST,44.7217,0.75604
201500016792,27,10,15,20,3,24,334,1,4,3,7,"lieu-dit ""La Mothe""",44.8322,0.75728
201500016793,22,6,15,17,1,24,311,1,1,1,1,,45.5079,0.71152
201500016794,26,10,15,16,1,24,451,1,1,1,6,LE SORBIER,45.5073,0.63436
201500016795,30,10,15,19,3,24,64,1,1,1,1,LES ROCHES,45.3693,0.6829
201500016796,13,2,15,22,3,24,463,1,1,2,7,LE BOSQUET,45.3595,1.11738
201500016797,28,2,15,0,3,24,8,1,1,1,1,LES NOCHES,45.41331,1.14616
201500016798,4,4,15,3,4,24,133,1,1,2,7,LE CLOS DE LA CHAPELLE,45.572,0.97182
201500016799,28,5,15,0,5,24,551,2,1,1,6,RUE COUZINOU,45.4106,0.92207
201500016800,26,7,15,21,3,24,227,1,1,1,6,,45.3603,1.1188
201500016801,12,8,15,2,3,24,352,1,1,1,6,CHEZ GADAUD,45.2534,0.31135
201500016802,31,12,15,14,1,24,57,1,1,1,7,LES FARGES,45.3471,0.43117
201500016803,20,12,15,22,5,24,299,2,2,2,3,RD6089,45.0383,0.36957
201500016804,29,12,15,8,2,24,294,2,1,5,6,32 AVENUE POMPIDOU,45.0091,0.15397
201500016805,18,6,15,12,1,24,490,1,2,1,3,NEUF PIEDS,45.2184,0.21156
201500016806,13,10,15,2,3,24,376,1,1,8,6,LES BOIGES,45.1556,0.12598
201500016807,12,1,15,18,3,24,520,1,4,1,3,ROUTE DE SOUILLAC,44.8674,1.24784
201500016808,20,4,15,14,1,24,574,1,1,1,1,SUR LA FONT,44.8345,1.31046
201500016809,12,6,15,15,1,24,74,1,1,3,1,,44.8646,1.35396
201500016810,27,6,15,21,1,24,366,1,1,1,1,LA BOLÉ,44.8902,1.18124
201500016811,23,7,15,15,1,24,82,1,2,1,3,LA CHARBONNIERE,44.8561,1.25855
201500016812,27,7,15,17,1,24,520,1,1,1,1,,44.9086,1.18581
201500016813,28,8,15,12,1,24,516,1,1,1,6,,44.9612,1.33635
201500016814,26,9,15,19,1,24,520,2,1,1,6,LA CROIX DALLON,44.9005,1.23542
201500016815,3,4,15,12,1,24,396,2,2,1,3,VOIE DE LA VALLÉE,44.8619,1.03909
201500016816,1,7,15,14,1,40,14,1,1,1,1,,44.04053,-0.34802
201500016817,25,8,15,8,1,40,224,2,9,1,3,1470 route de Bayonne,43.55182,-1.12808
201500016818,4,12,15,21,5,40,273,2,1,1,2,rue de Gascogne,43.54122,-1.38631
201500016819,11,12,15,21,3,40,209,1,6,1,7,,43.57802,-1.43556
201500016820,3,10,15,11,1,40,46,2,1,1,1,avenue de la république,44.39929,-1.16523
201500016821,21,12,15,15,1,40,46,2,1,1,6,Rue Jules Ferry,44.39498,-1.16593
201500016822,23,1,15,18,3,40,110,1,1,1,6,,43.63887,-0.38951
201500016823,11,2,15,19,3,40,84,1,3,1,3,,43.65531,-0.9341
201500016824,15,4,15,12,1,40,201,1,1,1,1,,43.74228,-0.76344
201500016825,8,6,15,17,1,40,236,1,1,1,1,,43.6824,-0.85694
201500016826,21,7,15,19,1,40,235,2,1,1,3,285 route des vignes,43.75636,-0.80984
201500016827,25,7,15,21,1,40,228,1,1,1,6,,43.62974,-0.8178
201500016828,6,6,15,15,1,21,62,1,2,7,1,,47.2744,4.51625
201500016829,3,2,15,18,3,21,317,2,7,1,6,Place villeneuve moret,47.51995,5.10932
201500016830,29,4,15,19,1,21,408,1,1,1,1,,47.39379,5.0272
201500016831,19,12,15,11,1,21,573,1,1,1,6,,47.444,4.789
201500016832,21,6,15,12,1,21,425,1,1,1,3,,47.6525,4.34213
201500016833,22,4,15,20,2,21,154,2,1,1,6,rond point francis carco,0.0,0.0
201500016834,25,6,15,16,1,21,104,1,1,1,5,,47.72773,4.59881
201500016835,26,6,15,18,1,21,154,2,1,7,6,rue de la feuillée,47.863,4.571
201500016836,17,12,15,17,5,21,154,1,1,1,3,,47.87503,4.56909
201500016837,26,7,15,12,1,21,584,1,1,1,3,,0.0,0.0
201500016838,23,9,15,11,1,53,152,2,1,1,5,rue Tanquerel,47.94758,-0.5515
201500016839,25,10,15,10,1,53,95,1,1,1,1,,47.94627,-0.37052
201500016840,15,7,15,16,1,53,108,1,1,1,6,,48.07925,-1.03205
201500016841,29,11,15,0,3,53,5,1,1,2,7,,48.186,-0.791
201500016842,10,4,15,13,1,53,77,1,1,1,1,,47.93476,-0.9461
201500016843,11,4,15,10,1,53,84,1,1,2,3,,47.83033,-0.91759
201500016844,3,1,15,15,1,53,181,1,1,2,7,,48.43013,-1.07428
201500016845,17,8,15,14,1,53,3,1,3,1,3,,48.38889,-0.61846
201500016846,28,8,15,14,1,53,263,1,1,1,7,,48.49638,-0.46273
201500016847,2,2,15,8,1,70,346,1,1,7,6,,0.0,0.0
201500016848,17,1,15,14,1,70,117,1,1,1,5,,0.0,0.0
201500016849,6,2,15,16,2,70,199,2,1,7,6,RD 104,0.0,0.0
201500016850,7,6,15,2,5,70,199,2,1,1,6,RD 104,0.0,0.0
201500016851,25,8,15,14,1,70,327,1,1,1,1,,0.0,0.0
201500016852,9,9,15,22,3,70,110,1,1,1,1,,0.0,0.0
201500016853,12,9,15,10,1,70,117,1,1,3,6,,0.0,0.0
201500016854,30,11,15,18,3,70,327,1,1,1,3,,0.0,0.0
201500016855,1,12,15,12,1,70,132,2,1,1,2,La Côte,0.0,0.0
201500016856,6,12,15,14,1,70,336,2,1,1,6,D303 PK 5+470,0.0,0.0
201500016857,6,12,15,17,4,70,327,2,1,1,6,D104,0.0,0.0
201500016858,17,11,15,10,1,70,110,2,1,1,6,Place de la Bourgade,0.0,0.0
201500016859,6,6,15,11,1,70,158,1,1,1,7,,44.826,4.371
201500016860,26,6,15,11,1,70,16,1,1,1,1,,0.0,0.0
201500016861,18,8,15,14,1,70,289,1,1,1,6,,0.0,0.0
201500016862,24,10,15,15,1,70,277,1,1,1,7,,44.717,4.489
201500016863,16,7,15,14,1,70,334,1,1,1,7,,0.0,0.0
201500016864,21,7,15,12,1,70,50,1,1,1,1,,0.0,0.0
201500016865,22,9,15,6,2,70,28,1,1,5,1,,0.0,0.0
201500016866,11,11,15,18,5,70,334,2,1,1,6,avenue charles de gaulle,0.0,0.0
201500016867,16,12,15,15,1,70,28,1,1,1,1,,0.0,0.0
201500016868,18,9,15,12,1,70,25,1,1,1,7,,0.0,0.0
201500016869,17,1,15,11,1,70,126,1,9,1,3,,0.0,0.0
201500016870,18,3,15,7,1,70,207,2,1,1,3,Avenue Pasteur,0.0,0.0
201500016871,8,8,15,15,1,70,304,1,1,1,1,,0.0,0.0
201500016872,26,9,15,23,3,70,10,2,1,1,6,D371,0.0,0.0
201500016873,5,10,15,15,1,70,313,1,1,1,3,,0.0,0.0
201500016874,16,2,15,10,1,70,79,1,3,1,1,,44.983,4.533
201500016875,5,11,15,15,1,70,129,1,1,1,6,,0.0,0.0
201500016876,28,12,15,15,1,70,35,1,1,1,1,,0.0,0.0
201500016877,25,12,15,22,3,70,226,1,1,9,6,,0.0,0.0
201500016878,13,7,15,7,1,70,292,2,1,1,1,LIEU DIT LE VILLAGE,45.171,4.669
201500016879,11,2,15,5,5,16,101,1,1,1,6,La Cousinette,45.5515,0.04344
201500016880,8,3,15,15,1,16,101,1,3,1,3,la Combe des Geais,45.53761,0.04391
201500016881,12,4,15,18,1,16,263,2,3,7,3,Agglomeration de Rouffia,45.52019,0.09478
201500016882,8,10,15,11,1,16,46,1,1,1,6,,45.46465,0.02178
201500016883,27,10,15,14,1,16,101,1,2,2,3,La Croix Debaud,45.53896,0.03858
201500016884,4,11,15,16,1,16,143,1,1,7,6,le Bois du Maine Roux,45.53475,0.17771
201500016885,14,11,15,12,1,16,125,1,1,1,6,Les Tonnelles,45.49,0.35972
201500016886,8,12,15,22,3,16,418,1,1,5,6,Le Plessis,45.57848,0.15951
201500016887,17,7,15,13,1,16,425,2,2,1,5,Les Grands Bois d'Yvrac,45.74512,0.44295
201500016888,16,11,15,18,3,16,379,1,1,1,7,La Ferrerie,45.79775,0.4034
201500016889,15,4,15,17,1,16,176,1,3,8,3,les Princettes,45.50849,-0.26737
201500016890,2,5,15,0,3,16,276,1,1,2,7,La Galoche,45.41917,-0.18881
201500016891,15,5,15,23,3,16,224,1,1,1,6,Chagneraud,45.46088,-0.21278
201500016892,24,8,15,7,1,16,91,1,1,1,6,La pérètrie,45.34861,-0.00134
201500016893,13,9,15,12,1,16,28,1,1,1,6,,45.47779,-0.13136
201500016894,24,1,15,7,3,16,243,1,1,1,6,Chez Frouin,45.73458,-0.27873
201500016895,22,3,15,18,3,16,216,1,1,1,7,,45.69098,-0.08596
201500016896,20,6,15,9,1,16,312,1,1,1,6,Les Rochereaux,45.76653,-0.01196
201500016897,26,7,15,20,2,16,109,1,1,1,3,Les Gallais,45.7603,-0.16914
201500016898,13,9,15,20,3,16,234,1,1,2,4,le Bois de Ret,45.68015,-0.05279
201500016899,19,12,15,22,3,16,216,1,1,1,7,Echangeur de Bourras,45.69607,-0.1121
201500016900,27,1,15,17,2,16,295,1,2,8,3,,45.81504,0.14322
201500016901,3,2,15,10,1,16,140,1,1,1,2,La Sangle,45.89713,0.19181
201500016902,25,6,15,18,1,16,383,1,1,1,1,Le Bois des nONES,45.78697,0.19086
201500016903,31,7,15,16,1,16,11,1,3,1,3,La touche d'Anais,45.77151,0.19689
201500016904,25,8,15,12,1,16,11,1,1,6,3,pinelot,45.75546,0.19188
201500016905,27,8,15,17,1,16,8,1,1,1,6,la Malbâtie,45.84411,0.08005
201500016906,17,1,15,0,3,16,282,2,1,5,6,Les Escures,45.80314,0.32653
201500016907,20,6,15,19,1,36,241,2,1,1,5,AVENUE DU MAL LECLERC,46.8484,1.53431
201500016908,14,7,15,16,1,36,55,1,1,1,6,,46.9324,1.20759
201500016909,2,8,15,11,1,36,123,2,1,1,6,RUE DU PONT MALIENTRAS,46.8196,1.21018
201500016910,20,11,15,7,5,36,88,2,1,2,6,,46.957,1.998
201500016911,24,2,15,20,3,36,236,1,1,1,6,,46.6322,2.133
201500016912,25,4,15,0,5,36,46,2,1,1,7,RUE DU FAUBOURG ST ABDON,46.5733,1.99195
201500016913,13,5,15,17,1,36,1,1,1,1,1,,0.0,0.0
201500016914,26,5,15,13,1,36,127,1,2,1,3,,46.5856,1.97153
201500016915,7,6,15,20,1,36,109,1,1,1,6,,46.5757,1.95724
201500016916,10,6,15,19,1,36,1,1,1,1,6,,0.0,0.0
201500016917,15,7,15,18,1,36,221,1,1,1,6,VIGNES CHAMP DE PIN,46.6488,2.06535
201500016918,19,7,15,21,3,36,99,1,1,1,6,,46.4213,1.72503
201500016919,28,7,15,11,1,36,17,1,2,1,3,,46.7344,2.04565
201500016920,17,9,15,15,1,36,46,2,6,1,3,RD 943,46.5822,2.00081
201500016921,22,9,15,23,3,36,61,1,1,2,7,,0.0,0.0
201500016922,22,10,15,7,2,36,46,2,1,2,6,56 RUE ERNEST PERIGOIX,46.5754,1.98677
201500016923,13,8,15,14,1,36,113,1,1,1,1,,46.8077,1.01275
201500016924,16,10,15,18,1,36,18,2,1,8,3,RUE COLLIN DE SOUVIGNE,0.0,0.0
201500016925,19,12,15,15,1,36,94,2,1,1,7,RD53,46.4718,1.20868
201500016926,3,1,15,18,5,36,160,2,9,2,3,6 RUE GRANDE,46.5252,1.65534
201500016927,3,5,15,16,1,36,200,1,2,1,3,,46.6054,1.52882
201500016928,20,5,15,16,1,36,6,2,3,1,3,RUE DESCOTTES/RUE BERT,46.5869,1.52171
201500016929,7,6,15,11,1,36,70,1,1,1,3,,46.4584,1.59359
201500016930,19,6,15,17,1,36,207,1,1,1,7,,46.4132,1.6286
201500016931,27,6,15,19,1,36,200,2,1,1,6,6 RUE DE LA BELLE ÉTOILE,46.6016,1.51426
201500016932,5,7,15,19,1,36,22,1,1,1,7,,46.6415,1.67891
201500016933,18,7,15,16,1,36,70,1,1,1,6,,46.4287,1.59972
201500016934,22,7,15,20,1,36,154,1,1,1,6,,46.5657,1.54278
201500016935,29,7,15,20,1,36,81,1,1,1,7,,46.4294,1.5652
201500016936,6,9,15,1,3,36,42,1,1,1,6,,46.6309,1.46975
201500016937,6,10,15,17,1,36,42,1,1,1,1,,46.6526,1.48829
201500016938,1,7,15,13,1,10,91,2,1,1,3,intersection D99/D441,48.50282,4.27624
201500016939,16,7,15,15,1,10,4,1,1,1,1,,48.598,4.174
201500016940,22,3,15,7,2,10,173,1,1,1,7,,0.0,0.0
201500016941,22,4,15,10,2,10,371,2,1,1,6,136 rue de la fontaine,48.16796,3.97086
201500016942,7,6,15,16,1,10,116,1,2,1,3,Lieu-dit Le cheminot,48.14673,4.01023
201500016943,13,8,15,16,1,10,373,1,1,1,1,,48.20788,4.01749
201500016944,13,4,15,0,3,10,210,1,1,1,6,,48.38,4.192
201500016945,22,7,15,19,1,10,332,1,1,1,5,,48.28124,4.18416
201500016946,3,3,15,15,1,10,33,2,1,1,6,,48.22921,4.71522
201500016947,2,2,15,13,1,10,68,1,2,1,3,,48.071,4.39
201500016948,8,4,15,9,1,10,136,1,1,1,7,,48.154,4.53
201500016949,13,4,15,21,3,10,437,1,1,1,7,,48.138,4.333
201500016950,21,4,15,16,1,10,399,2,1,1,1,03 rue des ruelles,48.17578,4.19502
201500016951,20,6,15,5,2,10,68,1,1,1,6,,48.04578,4.39328
201500016952,21,6,15,20,2,10,83,1,1,1,6,,48.164,4.24
201500016953,6,8,15,0,3,10,364,1,1,1,6,,48.10936,4.61673
201500016954,8,8,15,5,2,10,79,1,1,1,6,,47.949,4.259
201500016955,10,10,15,17,1,10,34,2,1,1,3,Rue des fossées,48.1135,4.3745
201500016956,22,10,15,7,5,10,34,2,1,2,6,43 Avenue Paul Portier,48.1135,4.377
201500016957,23,11,15,12,1,10,119,1,1,1,1,,0.0,0.0
201500016958,24,4,15,20,1,10,345,1,1,1,2,,48.419,4.521
201500016959,10,5,15,18,1,10,123,2,1,1,6,43 rue Grégoire ROYER,48.355,4.533
201500016960,7,6,15,14,1,10,193,1,1,1,6,,48.432,4.433
201500016961,10,2,15,8,1,10,268,1,1,1,5,,48.48754,3.47941
201500016962,24,12,15,16,1,10,334,2,1,1,1,13 route du Paraclet,0.0,0.0
201500016963,10,1,15,12,1,10,347,1,1,8,1,,48.453,3.626
201500016964,27,1,15,8,1,10,234,1,1,1,6,,48.489,3.864
201500016965,27,1,15,18,3,10,351,1,1,1,1,,48.45461,3.7071
201500016966,5,2,15,15,1,10,323,2,1,7,3,rue jean jacques roussea,48.51328,3.71791
201500016967,18,2,15,8,1,10,368,1,1,1,6,,48.42583,3.9392
201500016968,23,2,15,23,3,10,323,1,1,1,6,,48.51299,3.69795
201500016969,12,3,15,6,2,10,392,1,1,1,6,,48.47457,3.87235
201500016970,1,4,15,23,3,10,234,1,1,1,6,,48.48976,3.88553
201500016971,28,6,15,3,3,10,275,1,1,1,7,,48.44805,3.76157
201500016972,1,7,15,16,1,10,89,1,1,1,5,,0.0,0.0
201500016973,29,8,15,18,1,10,323,1,6,1,3,,48.51398,3.72513
201500016974,30,9,15,8,1,10,323,2,1,1,6,Chaussée de Sellières,48.525,3.723
201500016975,17,10,15,14,1,10,323,1,1,2,3,,48.50809,3.69932
201500016976,5,11,15,8,1,10,353,1,1,1,3,,48.443,3.912
201500016977,23,11,15,16,1,10,86,1,1,1,6,,48.51871,3.94615