Num_Acc,jour,mois,an,hr,condition_eclairage,departement,commune,condition_agglomeration,intersection,condition_atmosphere,type_collision,adresse,lattitude,longitude
201500016978,21,7,15,14,1,43,39,1,1,1,1,,44.9294,3.84405
201500016979,18,5,15,13,1,43,135,2,1,1,3,RUE DES ECOLES,44.9347,3.99849
201500016980,24,7,15,18,1,43,135,2,1,1,6,RD535,44.9491,3.98741
201500016981,24,4,15,15,1,43,124,1,2,1,3,LANTHENAS,45.1023,3.77375
201500016982,23,5,15,13,1,43,119,1,1,1,6,X,45.1155,3.89979
201500016983,11,7,15,12,1,43,216,1,1,1,6,PONT DE CHASSAGNOLE,45.1509,3.77712
201500016984,14,8,15,17,1,43,26,1,1,1,6,LA BARRAQUE,45.1829,3.82505
201500016985,9,9,15,17,1,43,61,1,1,1,6,PEYREDEYRE,45.0931,3.90637
201500016986,14,9,15,15,1,43,152,1,1,2,3,ZA DE BLEU,0.0,0.0
201500016987,25,9,15,16,1,43,119,1,1,1,6,BOIS DE L'ARBOIASSE,45.1231,3.90074
201500016988,2,10,15,7,3,43,61,1,1,1,1,VALLEE DE LA LOIRE,45.1011,3.89824
201500016989,26,10,15,13,1,43,21,1,3,1,3,"LIEU-DIT ""LES ROUZEYROUX",45.1107,3.94128
201500016990,7,11,15,16,1,43,61,2,1,1,6,LE BOURG,45.0815,3.91608
201500016991,8,11,15,2,3,43,152,1,1,1,6,PLAINE DE BLEU,45.0872,3.81616
201500016992,12,12,15,1,3,43,230,1,1,1,6,"LIEU DIT ""LARCENAC""",45.142,3.92007
201500016993,27,12,15,15,1,43,187,1,1,1,2,X,45.1553,3.82448
201500016994,8,5,15,20,1,43,33,1,1,8,6,"LIEU-DIT ""PEU VERGNE""",0.0,0.0
201500016995,4,7,15,14,1,43,121,1,1,1,6,ROUTE DE LEMPDES,45.3732,3.22727
201500016996,14,3,15,5,5,43,25,1,1,2,6,"LIEU-DIT ""LES VIVATS""",0.0,0.0
201500016997,26,3,15,15,1,43,268,2,1,1,1,ROUTE DU PUY,45.1386,4.12445
201500016998,27,4,15,4,3,43,224,1,1,3,6,PONT DE VAUBARLET,45.2204,4.2075
201500016999,21,7,15,18,1,43,268,2,3,1,3,ZA LA LAVEE,0.0,0.0
201500017000,29,9,15,8,1,43,268,2,1,1,6,PLACE FOCH,45.1418,4.12484
201500017001,14,12,15,17,5,43,268,2,1,1,6,ROUTE DE RETOURNAC,45.144,4.11534
201500017002,12,6,15,18,1,43,130,1,1,3,1,,45.0332,4.25382
201500017003,27,7,15,17,1,43,87,2,4,1,3,RUE DU 19 MARS 1962,45.2208,4.34714
201500017004,10,8,15,19,1,43,244,1,1,1,6,"LIEU-DIT ""TRIFOULOU""",45.1435,4.29394
201500017005,9,9,15,14,1,43,87,1,3,1,1,,45.2083,4.3616
201500017006,8,1,15,18,3,18,282,1,1,1,5,,0.0,0.0
201500017007,10,2,15,11,1,18,75,1,1,1,1,,0.0,0.0
201500017008,6,9,15,6,2,18,53,1,1,1,1,,47.1518,2.8726
201500017009,30,10,15,19,3,18,247,1,1,1,6,,47.0516,2.55749
201500017010,15,12,15,18,3,18,18,1,1,3,5,,0.0,0.0
201500017011,5,4,15,20,3,18,4,1,2,1,3,,0.0,0.0
201500017012,5,8,15,20,1,18,97,1,2,1,3,RD 400/Chemin de Detry,0.0,0.0
201500017013,16,9,15,15,1,18,109,1,1,2,6,,0.0,0.0
201500017014,1,10,15,8,1,18,235,1,1,1,7,,0.0,0.0
201500017015,8,11,15,13,1,18,223,1,1,1,6,,0.0,0.0
201500017016,13,11,15,19,3,18,229,1,2,1,3,,0.0,0.0
201500017017,2,12,15,7,1,18,223,1,1,1,5,,0.0,0.0
201500017018,23,4,15,14,1,18,197,2,1,1,6,Rue du 14 juillet,46.72532,2.5007
201500017019,5,7,15,12,1,18,197,2,2,1,3,rue ernest mallard,46.721,2.515
201500017020,8,7,15,16,1,18,38,2,2,1,6,rue jean rameaux,0.0,0.0
201500017021,20,8,15,11,1,18,197,2,1,1,3,72 avenue de Gaulle,46.731,2.495
201500017022,3,10,15,2,3,18,231,1,1,1,7,,0.0,0.0
201500017023,23,10,15,11,1,18,197,2,1,1,6,rue du docteur vallet,46.72144,2.50416
201500017024,21,11,15,10,1,18,197,1,1,1,6,,0.0,0.0
201500017025,7,5,15,16,1,18,59,1,2,1,1,La Foule,0.0,0.0
201500017026,4,6,15,20,1,18,65,1,1,7,6,,46.844,2.105
201500017027,8,1,15,7,5,18,180,2,1,2,5,rue saint martin,46.99826,2.454
201500017028,13,1,15,14,1,18,180,1,1,3,7,,0.0,0.0
201500017029,15,1,15,13,1,18,40,1,2,8,3,,0.0,0.0
201500017030,23,1,15,22,3,18,63,1,1,1,1,,0.0,0.0
201500017031,21,3,15,5,3,18,254,1,1,1,5,,0.0,0.0
201500017032,23,4,15,12,1,18,268,2,3,1,1,Route de Bruère,46.80274,2.45543
201500017033,12,6,15,15,1,18,268,1,3,1,3,,46.82284,2.42175
201500017034,7,8,15,8,1,18,119,1,1,1,6,,47.004,2.611
201500017035,10,9,15,18,1,18,45,1,1,1,6,,0.0,0.0
201500017036,13,11,15,19,3,18,58,1,1,1,1,,0.0,0.0
201500017037,26,6,15,13,1,18,113,1,1,1,6,,0.0,0.0
201500017038,4,7,15,21,2,18,161,1,1,1,6,,0.0,0.0
201500017039,31,7,15,9,1,18,108,1,3,1,3,,0.0,0.0
201500017040,20,9,15,0,5,18,160,2,1,1,1,81 grande rue,46.99677,2.82538
201500017041,22,9,15,8,1,18,108,1,1,1,1,,0.0,0.0
201500017042,26,9,15,6,3,18,108,1,1,1,6,,46.95687,2.92812
201500017043,30,9,15,7,1,18,242,2,4,1,3,rue de la croix blanche,0.0,0.0
201500017044,7,10,15,10,1,18,195,1,1,1,3,,0.0,0.0
201500017045,17,1,15,19,3,18,149,1,1,1,7,,47.298,2.428
201500017046,22,5,15,15,1,18,47,2,1,1,3,rue des maisons neuves,47.36128,2.43
201500017047,29,5,15,7,1,18,88,1,1,1,2,,47.455,2.398
201500017048,15,6,15,18,1,18,165,1,1,1,6,,0.0,0.0
201500017049,29,7,15,11,1,18,15,2,1,1,6,Av de l'hippodrome,47.48526,2.43159
201500017050,1,8,15,9,1,18,165,1,1,1,6,,0.0,0.0
201500017051,15,8,15,8,1,18,88,1,1,2,7,,47.429,2.435
201500017052,22,9,15,14,1,18,115,1,1,2,6,,0.0,0.0
201500017053,17,10,15,14,1,18,37,1,1,1,6,,47.55187,2.27182
201500017054,18,10,15,0,4,18,170,2,1,1,6,rue eugene Melchor,47.47514,2.51353
201500017055,20,11,15,8,1,18,115,1,1,2,6,,0.0,0.0
201500017056,12,12,15,1,5,18,15,2,8,1,6,av de l'hippodrome de vo,0.0,0.0
201500017057,30,12,15,20,3,18,159,1,1,1,6,,0.0,0.0
201500017058,12,3,15,15,1,18,190,1,1,1,6,,47.128,2.15878
201500017059,27,5,15,10,1,18,281,1,1,1,3,,0.0,0.0
201500017060,29,3,15,15,1,73,208,1,4,2,3,,45.701,5.94625
201500017061,1,1,15,9,1,73,39,1,1,9,6,,45.55419,5.67483
201500017062,17,3,15,16,1,73,152,2,2,1,3,intesection D40E D921,45.6102,5.75984
201500017063,23,3,15,17,2,73,219,1,1,1,6,,45.56048,5.79155
201500017064,10,11,15,5,5,73,236,1,1,1,6,,45.58755,5.64355
201500017065,19,5,15,14,1,73,159,2,1,1,6,,45.45825,6.04901
201500017066,12,7,15,7,1,73,151,2,1,1,6,,45.50045,6.0129
201500017067,23,7,15,16,1,73,18,1,3,1,3,,45.50472,6.07509
201500017068,31,8,15,9,1,73,96,2,1,1,3,,45.51553,6.08986
201500017069,9,9,15,8,1,73,171,1,3,1,3,,45.50204,6.06794
201500017070,14,4,15,10,1,73,121,2,2,1,3,rd 1090,45.6264,6.32011
201500017071,5,12,15,15,1,73,303,1,1,1,1,,45.75937,6.39289
201500017072,10,1,15,19,5,73,248,2,6,1,3,Rond point de l aluminiu,45.27568,6.35577
201500017073,2,8,15,12,1,73,256,1,1,1,1,,45.20943,6.45606
201500017074,14,9,15,15,1,73,256,1,4,1,3,Route des Fontaines,45.20924,6.46862
201500017075,19,12,15,5,3,73,242,1,1,1,7,,45.19904,6.28652
201500017076,24,12,15,11,1,73,116,2,1,1,6,PARKING DU MARCHE,0.0,0.0
201500017077,21,3,15,21,3,73,224,1,6,1,6,,45.34803,6.30639
201500017078,15,9,15,13,1,73,74,1,1,8,5,,45.44191,6.2862
201500017079,28,3,15,11,1,64,448,2,1,2,1,6 CHEMIN DE PAU,43.34975,-0.47019
201500017080,29,3,15,23,5,64,519,1,1,1,1,,43.38694,-0.38049
201500017081,21,4,15,17,1,64,37,1,1,1,6,,0.0,0.0
201500017082,30,6,15,16,1,64,448,2,1,1,1,28 CHEMIN DU PONT LONG,43.35367,-0.46332
201500017083,27,8,15,21,5,64,519,1,1,1,6,,43.37647,-0.37636
201500017084,1,10,15,10,1,64,519,2,2,1,3,CHEMIN DE LIBEN,43.37816,-0.37891
201500017085,20,10,15,20,5,64,519,2,1,1,6,D834,43.39068,-0.38055
201500017086,3,5,15,22,3,64,389,1,1,2,7,,43.4108,-0.20341
201500017087,15,5,15,5,3,64,238,1,1,3,6,,43.24621,-0.0386
201500017088,29,5,15,20,2,64,211,2,1,8,6,D42,43.30078,-0.14397
201500017089,15,8,15,7,2,64,152,1,1,1,1,,43.34782,-0.31946
201500017090,14,12,15,16,1,64,389,1,1,1,3,RD 943,43.4024,-0.20671
201500017091,17,6,15,12,1,64,470,1,1,1,3,CHEMIN D ANOS,43.40239,-0.30674
201500017092,20,8,15,9,1,64,160,2,1,1,6,ALLEE EDMOND ROSTAND,43.36042,-1.3996
201500017093,30,9,15,23,3,64,36,1,2,1,3,RD 933,43.34854,-0.97802
201500017094,18,7,15,12,1,64,6,2,1,1,1,RN 134,42.967,-0.60969
201500017095,14,7,15,18,1,64,29,2,1,1,3,RD 919,43.11871,-0.7333
201500017096,3,4,15,19,1,64,393,1,1,1,7,,43.30064,-0.55458
201500017097,23,6,15,11,1,64,5,1,1,1,3,,43.36194,-0.56636
201500017098,19,7,15,11,1,64,326,2,1,1,3,RUE DE LA PLAINE,43.29015,-0.72299
201500017099,20,8,15,19,2,64,393,1,1,1,1,,43.31895,-0.58229
201500017100,15,11,15,10,1,64,359,1,1,1,6,RD 2,43.3016,-0.65575
201500017101,3,3,15,15,1,64,112,1,1,2,7,RD 933,0.0,0.0
201500017102,4,5,15,9,1,64,176,1,1,1,1,,43.40048,-0.75591
201500017103,28,7,15,18,1,64,499,2,2,1,3,RUE DU CANAL,43.4702,-0.92476
201500017104,13,3,15,9,1,45,24,1,3,1,3,D 2152 // SORTIE SERVICE,0.0,0.0
201500017105,1,7,15,10,1,45,203,2,2,1,4,RTE BLOIS/R CHATEAUDUN,47.82564,1.68974
201500017106,11,7,15,7,1,45,67,2,4,1,6,R CAS ROUGE/AV MANDRILLE,47.87917,1.7718
201500017107,27,5,15,3,3,45,300,1,1,1,6,,47.85799,1.98908
201500017108,24,6,15,16,1,45,173,1,2,1,3,D 951/RTE VILLANCON,47.84767,2.13551
201500017109,19,8,15,13,1,45,324,1,1,1,6,,47.81469,2.17016
201500017110,2,12,15,16,2,45,193,1,1,7,5,,47.75031,1.99369
201500017111,13,11,15,13,1,45,115,1,1,2,6,,48.02125,3.05177
201500017112,27,11,15,15,1,45,279,2,2,1,3,AV MOULIN PLATEAU/R BILL,47.95867,2.80308
201500017113,12,6,15,17,1,45,127,2,2,1,1,D 2007/ALL NANCAY/D 62,48.13233,2.76395
201500017114,7,12,15,11,1,45,61,2,6,1,3,AV LIBERATION/R NOYERS,48.04099,2.72826
201500017115,1,8,15,15,1,45,30,2,4,1,6,35 R GL CROUZAT/D 950,48.07186,2.42898
201500017116,24,3,15,19,3,45,174,1,1,2,1,,48.16444,2.13811
201500017117,5,6,15,13,1,45,188,2,2,1,3,D 2152/R AU LUC,47.99459,2.08011
201500017118,1,7,15,11,1,45,224,2,3,7,1,AV ML FOCH/R GARDE,48.06018,2.05215
201500017119,19,9,15,20,3,45,289,1,1,1,6,,48.01706,1.96149
201500017120,1,11,15,12,1,45,327,1,1,1,1,RTE FORESTIERE CHAMBON,47.99855,2.14302
201500017121,1,12,15,18,5,45,289,2,1,1,6,24 RTE ORLEANS,48.04117,1.98286
201500017122,26,1,15,12,1,60,542,1,1,8,3,,49.4068,2.18381
201500017123,7,2,15,3,3,60,480,1,1,1,6,,49.49765,2.15975
201500017124,19,4,15,18,1,60,639,1,1,1,7,,49.46362,2.11272
201500017125,27,4,15,22,5,60,646,2,1,1,1,D901,49.47603,2.05057
201500017126,14,6,15,13,1,60,41,1,1,1,7,,49.37664,2.23531
201500017127,26,8,15,20,3,60,9,1,1,2,6,,49.39129,2.09701
201500017128,14,12,15,11,1,60,251,1,1,1,6,,49.45291,2.21544
201500017129,22,12,15,12,1,60,103,1,1,1,6,,49.41811,2.24672
201500017130,3,4,15,7,2,60,63,1,1,3,3,,49.34949,2.05656
201500017131,15,6,15,22,1,60,29,2,1,1,6,rue du merisier noir,49.365,1.99193
201500017132,12,9,15,0,5,60,477,1,1,1,1,,49.41961,1.93586
201500017133,30,11,15,17,5,60,591,2,1,1,1,rue de la petite fontain,49.43003,2.01011
201500017134,2,1,15,18,5,60,365,1,3,1,3,,49.60581,2.06648
201500017135,22,1,15,18,3,60,275,1,1,1,2,,49.49795,1.90693
201500017136,24,1,15,23,3,60,403,1,1,1,7,,49.51467,2.01182
201500017137,17,2,15,15,1,60,77,2,1,1,7,Rue de pisseleu,49.55415,2.05657
201500017138,23,2,15,21,5,60,110,2,1,1,7,rue de l'esperance,49.65691,1.82631
201500017139,28,2,15,3,3,60,604,2,1,1,6,"rd315, petit sarcus",49.69899,1.85166
201500017140,8,3,15,1,3,60,405,2,1,1,6,Rue des Bonnetiers,49.66374,1.8154
201500017141,21,3,15,20,5,60,233,1,1,2,7,,49.64935,1.85401
201500017142,30,5,15,17,1,60,604,1,1,8,7,,49.68944,1.87135
201500017143,10,6,15,17,1,60,304,1,1,1,2,,49.58736,2.00098
201500017144,19,6,15,16,1,60,611,1,3,1,3,,49.48039,1.85005
201500017145,1,7,15,21,1,60,128,1,1,1,7,,49.60072,1.71535
201500017146,7,7,15,12,1,60,588,1,1,1,1,,49.62513,1.90293
201500017147,30,7,15,21,1,60,405,2,1,1,1,D7 - Rue des bonnetiers,49.66283,1.81703
201500017148,30,7,15,18,1,60,108,2,1,1,6,Rue principale,49.64747,1.92265
201500017149,1,12,15,18,5,60,286,2,1,2,4,Rue de crevecoeur,49.66169,1.95102
201500017150,26,12,15,18,5,60,387,1,1,1,3,,49.57671,1.95542
201500017151,15,1,15,8,1,60,584,2,1,6,1,RUE JEAN MOULIN,49.21696,2.41965
201500017152,16,1,15,20,5,60,686,2,1,2,1,20 rue de precy,49.20961,2.39585
201500017153,20,3,15,20,5,60,86,2,1,1,5,rue de beaumont,49.16535,2.35462
201500017154,4,8,15,17,1,60,584,2,1,1,3,RD 44 - 8 Rue Hotel Dieu,49.2138,2.42254
201500017155,10,4,15,21,3,60,372,1,1,1,1,,49.54797,2.09556
201500017156,15,4,15,8,1,60,664,1,9,1,3,,49.59891,2.27748
201500017157,17,1,15,11,1,60,374,2,6,9,7,place general de gaulle,49.55413,2.51927
201500017158,27,1,15,7,2,60,374,1,1,1,3,,49.562,2.481
201500017159,3,3,15,13,1,60,276,1,1,1,1,,49.59268,2.55617
201500017160,3,5,15,17,1,60,564,2,1,1,6,rue du general LECLERC,49.57604,2.46762
201500017161,17,5,15,11,1,60,396,2,1,1,4,départementale 938,49.552,2.624
201500017162,21,5,15,12,1,60,456,1,1,1,5,,49.47457,2.57861
201500017163,21,8,15,5,5,60,581,2,1,1,6,37 rue de paris,49.50508,2.43491
201500017164,23,8,15,14,1,60,374,2,1,1,1,Rue du Général Leclerc,49.54619,2.50815
201500017165,17,11,15,10,1,60,581,2,1,1,6,rue d'Oresmaux,49.51108,2.43249
201500017166,17,11,15,20,3,60,495,1,1,8,6,,49.53113,2.45765
201500017167,24,1,15,16,1,60,151,2,1,1,6,Rue Victor Hugo,49.43532,2.90907
201500017168,17,2,15,8,1,60,647,2,1,1,5,ROUTE DE ROUEN,49.40249,2.96979
201500017169,3,4,15,12,1,60,119,2,1,2,6,171 rue nationale,49.50405,2.91326
201500017170,14,4,15,14,1,60,636,2,8,1,6,RUE DE LA REPUBLIQUE,49.48034,2.87928
201500017171,24,5,15,18,1,60,151,2,6,1,6,avenue Léo Delibes,49.44136,2.86756
201500017172,4,6,15,16,1,60,373,2,1,1,1,rue du pont du matz,49.49413,2.87666
201500017173,5,6,15,17,1,60,537,1,1,1,3,,49.5009,2.93785
201500017174,6,6,15,13,1,60,119,2,9,1,3,rue des plantes,49.50627,2.91086
201500017175,6,6,15,2,3,60,156,1,1,1,1,,49.43715,2.84371
201500017176,25,8,15,18,1,60,582,1,1,3,6,,49.48311,2.95536
201500017177,31,10,15,16,1,60,324,1,1,1,3,,49.39778,3.05149
201500017178,6,11,15,15,1,60,64,1,1,2,1,,49.41758,3.00893
201500017179,21,12,15,10,1,60,537,2,1,1,6,zac de la grerie,49.51726,2.92422
201500017180,4,2,15,18,5,60,625,2,1,1,6,155 rue de noyon,49.57948,2.94946
201500017181,1,3,15,21,3,60,471,2,1,1,6,D932,49.58692,3.00168
201500017182,11,3,15,13,1,60,471,1,1,1,3,,49.58692,3.00168
201500017183,28,3,15,18,1,60,348,2,1,1,1,Face40 rue de Montdidier,49.57341,2.9642
201500017184,31,3,15,22,4,60,471,2,1,1,6,35 Rue Saint Eloi,49.57993,3.00343
201500017185,14,4,15,13,1,60,471,2,1,1,3,BOULEVARD ERNEST NOEL,49.5797,3.00807
201500017186,21,4,15,9,1,60,471,2,1,1,6,Boulevard Carnot,49.5779,3.00006
201500017187,30,5,15,20,1,60,632,1,1,1,5,,49.55583,2.87889
201500017188,4,6,15,7,2,60,350,1,1,1,5,,49.59045,2.86826
201500017189,11,6,15,18,1,60,603,2,1,1,1,rue de la table,49.5872,3.0494
201500017190,12,6,15,11,1,60,471,2,1,1,2,BOULEVARD CHARMOLUE,49.58103,2.99543
201500017191,19,6,15,7,1,60,291,1,1,1,3,,49.64728,3.04574
201500017192,21,7,15,19,1,60,471,2,6,1,3,Rond Point d'Hexam,49.57454,2.98972
201500017193,7,8,15,9,1,60,124,2,1,1,7,CHEMIN DU VILLERS,49.62759,2.89613
201500017194,4,9,15,6,2,60,603,2,1,1,6,rue saint medard,49.58627,3.05143
201500017195,6,9,15,11,1,60,263,1,1,1,7,,49.66007,2.96665
201500017196,28,10,15,18,5,60,610,2,1,1,5,,49.55771,2.99766
201500017197,6,11,15,17,5,60,471,2,1,1,6,Boulevard Carnot,49.5779,3.00006
201500017198,20,11,15,12,1,60,471,2,6,2,6,rue Antoine St Exupéry,49.58048,2.99055
201500017199,28,12,15,12,1,60,558,1,1,1,6,,49.59304,2.78836
201500017200,17,1,15,8,1,60,160,1,1,1,7,,49.61869,2.72452
201500017201,30,1,15,18,5,60,533,2,1,1,6,place André Leger,49.54066,2.74525
201500017202,22,4,15,20,2,60,191,1,1,1,1,,49.55428,2.69491
201500017203,10,5,15,19,1,60,337,1,1,1,3,,49.41424,2.74987
201500017204,13,5,15,17,1,60,284,1,6,1,3,,49.38616,2.65648
201500017205,18,5,15,14,1,60,533,1,1,1,7,,49.5406,2.73124
201500017206,2,9,15,21,3,60,308,1,4,1,1,,49.48208,2.66896
201500017207,12,9,15,13,1,60,125,1,1,2,7,,49.39242,2.70801
201500017208,5,10,15,5,3,60,254,1,1,1,2,,49.45384,2.65321
201500017209,9,11,15,16,1,60,160,1,1,1,5,,49.59969,2.71999
201500017210,14,11,15,10,1,60,93,1,9,1,6,,49.60494,2.69265
201500017211,20,3,15,11,1,60,508,1,1,1,7,,49.30604,2.66869
201500017212,5,7,15,5,2,60,680,2,1,1,1,rue des flandres,49.27284,2.68628
201500017213,14,8,15,15,1,60,68,2,1,1,1,Avenue de la gare,49.2966,2.79915
201500017214,5,10,15,13,1,60,238,2,1,2,7,Rue du Général de Gaulle,49.26413,2.58408
201500017215,8,10,15,16,1,60,508,2,1,1,6,687 Rue Saint Pierre,49.30057,2.65343
201500017216,19,10,15,23,5,60,670,2,1,1,6,RUE PROFESSEUR CALMETTE,49.28068,2.52478
201500017217,29,10,15,18,5,60,509,2,1,1,1,RUE ARISTIDE BRIAND,49.30965,2.60417
201500017218,28,9,15,16,1,90,159,1,1,1,6,,42.76853,1.73996
201500017219,5,12,15,11,1,90,228,1,1,1,3,,42.73945,1.7887
201500017220,10,1,15,18,5,83,12,2,1,1,1,Rte de Marseille - RD560,0.0,0.0
201500017221,29,1,15,18,3,83,95,1,1,2,3,,0.0,0.0
201500017222,15,4,15,7,1,83,135,2,1,1,3,Route de BARJOLS,0.0,0.0
201500017223,1,5,15,15,1,83,12,1,1,1,7,,0.0,0.0
201500017224,14,5,15,15,1,83,46,1,1,1,7,,0.0,0.0
201500017225,28,5,15,13,1,83,12,2,1,1,3,D560,43.55587,6.00503
201500017226,28,5,15,13,1,83,32,2,1,1,3,D560,43.55588,6.00504
201500017227,3,6,15,12,1,83,2,1,1,1,1,,0.0,0.0
201500017228,18,10,15,7,2,83,149,1,1,1,6,,0.0,0.0
201500017229,29,5,15,17,1,83,82,1,1,1,1,,0.0,0.0
201500017230,24,6,15,19,1,90,12,1,6,1,7,,47.64473,6.92286
201500017231,22,8,15,16,1,90,93,1,1,1,7,,0.0,0.0
201500017232,1,10,15,15,1,90,15,1,1,1,1,,0.0,0.0
201500017233,16,12,15,3,3,90,94,1,1,3,1,,0.0,0.0
201500017234,9,8,15,1,3,90,46,1,1,1,6,,0.0,0.0
201500017235,8,4,15,10,1,50,139,1,1,1,6,LE VAL,49.073,-1.02481
201500017236,1,6,15,19,1,50,444,1,2,1,5,LES CHAMPS,49.0468,-0.96303
201500017237,7,6,15,21,1,50,139,1,1,1,1,LA FERME DE PONT,49.0467,-1.03604
201500017238,7,8,15,8,1,50,32,1,1,1,6,LA PERCHERIE,49.1072,-1.01451
201500017239,12,8,15,18,1,50,601,2,2,1,6,CARREFOUR RUES HUGO/RÉP,49.035,-0.97895
201500017240,13,12,15,17,2,50,444,1,1,1,1,LES BRANCHES,49.0572,-0.91264
201500017241,25,4,15,11,1,50,6,1,1,1,7,LA MONTANGUERIE,49.1425,-1.18806
201500017242,19,10,15,14,1,50,239,1,1,2,2,LE BOUILLON,49.1027,-1.15963
201500017243,15,4,15,14,1,50,185,1,3,1,1,LA PETITE HAGUE,48.8278,-1.23917
201500017244,1,5,15,12,1,50,124,1,3,2,3,LE FRECHOT,48.6716,-1.16709
201500017245,7,6,15,18,1,50,456,1,1,1,1,BREFFELAND,48.66,-0.91337
201500017246,23,10,15,19,3,50,428,1,1,1,7,LA BLANCHARDIERE,48.6766,-1.14543
201500017247,18,7,15,11,1,50,448,1,1,1,6,LA RENCONTRE,48.5404,-1.26207
201500017248,15,8,15,23,5,50,154,2,1,1,6,LE BOURG,48.5461,-1.38352
201500017249,28,8,15,20,2,50,487,1,1,1,1,L'ECHAT,48.5322,-1.31043
201500017250,21,9,15,9,1,50,168,2,1,1,6,LE BOURG,48.6237,-1.29401
201500017251,9,10,15,9,1,50,146,2,1,7,6,RTE DU MONT SAINT MICHEL,48.6282,-1.40983
201500017252,20,10,15,5,3,50,168,1,1,1,7,LE HAUT CERISEL,48.6166,-1.26424
201500017253,21,10,15,20,3,50,413,1,2,2,3,,48.6058,-1.38591
201500017254,14,11,15,11,1,50,347,1,2,1,3,,48.5277,-1.2901
201500017255,4,1,15,13,1,50,515,1,1,9,1,LA ROUSSELIERE,48.5727,-1.17946
201500017256,4,1,15,18,1,50,452,1,1,8,3,LE VAUX ROUX,48.5574,-1.10947
201500017257,24,2,15,17,1,50,256,1,1,1,6,LA COUR DU BOIS,48.5831,-1.23085
201500017258,29,6,15,8,1,50,515,1,1,1,1,LA VALLEE,48.5559,-1.15178
201500017259,9,7,15,8,1,50,256,2,1,1,3,RUE SAINT MARTIN,48.6124,-1.16623
201500017260,30,8,15,18,1,50,515,2,3,1,3,ROUTE DE ST JAMES,48.5454,-1.18192
201500017261,18,10,15,6,3,50,591,1,1,1,6,GRANGERAY,48.5391,-0.83424
201500017262,18,3,15,19,1,50,178,1,3,1,7,LES AUBIERS,49.6814,-1.45602
201500017263,28,3,15,11,1,50,417,1,1,1,2,,49.5951,-1.30293
201500017264,30,6,15,15,1,50,615,1,1,1,2,BELLEVUE,49.5194,-1.49644
201500017265,13,8,15,15,1,50,615,2,2,1,3,BD VERDUN/ST MALO,49.508,-1.46659
201500017266,27,10,15,10,1,50,615,2,1,2,6,AVENUE DU 8 MAI 1945,49.5017,-1.46722
201500017267,31,3,15,11,1,50,402,1,1,1,3,,49.5099,-1.80215
201500017268,17,5,15,0,3,50,31,1,1,1,1,,49.3902,-1.75988
201500017269,14,7,15,16,1,50,45,1,1,1,1,LE DAMET,49.5424,-1.77965
201500017270,1,11,15,19,3,50,480,1,1,8,6,LE MANOIR DU BUT,49.5018,-1.80033
201500017271,22,12,15,17,3,50,418,2,1,2,6,LE BOURG,49.4874,-1.66747
201500017272,9,2,15,18,2,50,172,1,1,1,3,LE CLOS CARDERON,49.4656,-1.35975
201500017273,13,4,15,15,1,50,509,1,1,5,3,,49.4051,-1.19385
201500017274,22,4,15,18,1,50,191,2,1,1,3,LE CASTEL,49.4404,-1.25713
201500017275,4,9,15,14,1,50,507,1,2,1,3,,49.4791,-1.2566
201500017276,25,9,15,21,2,50,138,2,3,1,1,ROUTE DU FAUBOURG,49.4587,-1.49142
201500017277,3,10,15,15,1,50,390,1,1,1,6,,49.4998,-1.35647
201500017278,30,11,15,20,3,50,427,1,1,2,6,MARMION,49.4541,-1.26769
201500017279,28,1,15,13,1,50,350,1,1,2,3,LA CROIX PERRIER,49.056,-1.3294
201500017280,24,3,15,9,1,50,147,1,3,1,3,LA BADINIERE,49.0549,-1.47216
201500017281,15,6,15,17,1,50,464,1,1,1,7,LE MESNIL,49.0027,-1.35397
201500017282,26,7,15,23,3,50,569,1,2,3,3,LA CROIX PERIER,49.0593,-1.33222
201500017283,11,8,15,16,2,50,603,2,1,3,6,RUE DE L'AMIRAL,49.0457,-1.54435
201500017284,15,8,15,15,1,50,389,1,2,1,3,,49.0127,-1.36168
201500017285,5,9,15,9,1,50,513,1,2,1,3,LA VALTOLAINE,48.9687,-1.29625