Num_Acc,jour,mois,an,hr,condition_eclairage,departement,commune,condition_agglomeration,intersection,condition_atmosphere,type_collision,adresse,lattitude,longitude
201500017286,12,9,15,22,2,50,58,1,1,1,6,LA LOUVERIE,49.0699,-1.56927
201500017287,20,9,15,12,1,50,603,1,2,1,3,,49.0421,-1.54831
201500017288,3,10,15,18,1,50,145,1,2,1,1,,49.0443,-1.39273
201500017289,14,11,15,0,3,50,215,1,1,1,6,ROUTE DE MONTSURVENT,49.1061,-1.55845
201500017290,30,12,15,15,1,50,58,1,1,1,6,LA MARTINIERE,49.0777,-1.53637
201500017291,6,8,15,20,1,50,63,1,2,1,3,ROUTE DE MERMONT,49.3063,-1.58837
201500017292,31,7,15,11,1,50,168,1,3,1,3,05130,44.48531,5.94991
201500017293,24,9,15,16,1,50,71,1,1,1,3,,44.42164,5.98807
201500017294,19,2,15,8,1,50,165,1,1,1,1,,44.42735,5.79504
201500017295,14,5,15,15,1,50,91,1,1,1,6,,44.40501,5.52283
201500017296,20,6,15,10,1,50,166,1,1,1,2,,44.41596,5.72234
201500017297,9,7,15,23,3,50,16,1,1,1,6,,44.46051,5.74175
201500017298,10,8,15,15,1,50,166,2,1,1,3,Route de marseille,44.43169,5.71314
201500017299,7,9,15,23,3,50,48,1,1,1,6,,44.41739,5.62465
201500017300,13,9,15,18,1,50,129,1,1,1,1,,44.37092,5.5306
201500017301,19,8,15,16,1,50,72,1,9,1,6,,44.64792,6.08638
201500017302,6,1,15,6,3,50,123,1,1,2,7,05400,44.54862,5.98096
201500017303,5,3,15,15,1,50,99,1,1,1,7,05400,44.50535,5.81583
201500017304,14,2,15,15,1,50,124,1,1,4,7,,44.58659,6.16074
201500017305,2,6,15,16,1,50,84,1,1,1,6,,44.55506,6.24061
201500017306,3,6,15,17,3,50,124,1,3,1,3,,44.57749,6.14234
201500017307,30,6,15,13,1,50,106,1,1,1,2,,44.528,6.35881
201500017308,26,12,15,18,3,50,40,1,1,1,4,,44.53285,6.30747
201500017309,2,4,15,17,3,50,45,1,1,1,6,,44.53093,6.4309
201500017310,12,5,15,21,3,50,164,1,1,1,7,05160,44.5621,6.37683
201500017311,17,5,15,14,1,50,36,1,1,1,7,05380,44.62124,6.53506
201500017312,12,1,15,20,1,14,254,1,6,1,7,,49.1403,-0.42093
201500017313,15,2,15,23,3,14,288,2,1,1,6,,49.2495,-0.48486
201500017314,8,5,15,5,3,14,311,1,1,1,6,,49.1453,-0.53054
201500017315,5,12,15,7,5,14,454,1,1,1,6,,49.1522,-0.47589
201500017316,26,1,15,23,3,14,668,1,1,1,6,,49.2661,-0.89415
201500017317,26,5,15,18,1,14,506,1,1,1,3,,0.0,0.0
201500017318,28,6,15,21,2,14,50,1,1,1,3,,49.1482,-0.89779
201500017319,9,7,15,9,1,14,370,2,1,1,6,RUE DE BAYEUX,49.2429,-0.87177
201500017320,3,8,15,18,1,14,256,2,1,1,6,,49.3221,-0.78648
201500017321,24,8,15,15,1,14,138,1,2,1,3,,49.231,-1.00196
201500017322,30,9,15,20,5,14,103,2,1,1,7,,49.2468,-0.85768
201500017323,6,11,15,7,2,14,298,1,1,1,6,,0.0,0.0
201500017324,17,12,15,11,1,14,342,2,3,1,2,CENTRE VILLE,49.317,-1.10265
201500017325,10,1,15,13,1,14,515,2,1,8,3,AV DU G?N?RAL DE GAULLE,49.345,-0.75294
201500017326,4,2,15,22,3,14,191,1,6,1,6,,49.3034,-0.43707
201500017327,13,8,15,11,1,14,400,1,1,8,6,,49.287,-0.60223
201500017328,10,9,15,19,1,14,22,2,2,7,5,,49.3396,-0.58647
201500017329,14,9,15,4,3,14,391,1,1,2,6,,49.3106,-0.74028
201500017330,3,10,15,17,1,14,391,1,3,1,2,,49.3136,-0.74129
201500017331,17,10,15,4,4,14,191,2,1,1,7,,49.3358,-0.4653
201500017332,24,11,15,10,1,14,535,1,1,2,7,,49.3,-0.4795
201500017333,4,2,15,8,1,14,760,1,1,4,1,,49.1083,-0.63314
201500017334,1,7,15,18,1,14,143,2,1,1,6,13 RUE THIERS,49.0915,-0.80569
201500017335,31,10,15,19,2,14,278,1,1,1,1,DÉPARTEMENTALE 13,49.1758,-0.60024
201500017336,14,12,15,20,3,14,752,1,3,2,3,,0.0,0.0
201500017337,21,1,15,20,3,14,578,1,4,1,6,,49.3694,0.20454
201500017338,24,3,15,16,1,14,131,1,1,8,5,,49.3183,0.14577
201500017339,18,8,15,14,1,14,102,2,3,1,1,D579A,49.2307,0.22517
201500017340,13,9,15,18,1,14,299,1,1,1,3,,49.355,0.27
201500017341,25,1,15,4,3,14,398,1,1,1,6,,49.1671,0.09457
201500017342,17,2,15,20,3,14,126,1,1,1,6,,49.1687,0.04039
201500017343,2,12,15,17,5,14,229,2,1,1,6,GRANDE RUE,49.2322,-0.04103
201500017344,25,2,15,16,1,14,456,1,3,8,3,,49.1199,-0.18542
201500017345,27,3,15,15,1,14,623,2,1,1,6,PARKING DU COLL?GE,49.1086,-0.37346
201500017346,6,5,15,21,3,14,408,1,1,1,6,,49.0951,-0.37495
201500017347,22,5,15,18,1,14,145,1,3,1,3,,49.0409,-0.28013
201500017348,25,6,15,13,1,14,57,2,1,1,3,,49.1279,-0.21411
201500017349,8,9,15,17,1,14,20,2,2,1,3,,49.1237,-0.17143
201500017350,29,11,15,18,5,14,761,2,1,1,3,,49.122,-0.19747
201500017351,24,4,15,6,3,14,628,1,1,1,7,,48.9703,-0.52676
201500017352,17,5,15,15,1,14,602,1,1,1,7,,48.9271,-0.55935
201500017353,26,10,15,17,2,14,251,1,1,8,6,,0.0,0.0
201500017354,28,10,15,9,1,14,307,2,1,1,3,,49.0218,-0.47981
201500017355,3,12,15,18,5,14,689,2,3,1,3,D6,48.9915,-0.48478
201500017356,9,1,15,20,3,14,582,1,1,1,1,,49.0978,0.20609
201500017357,21,1,15,19,2,14,326,1,1,1,4,,49.1779,0.29736
201500017358,18,2,15,12,1,14,148,1,3,1,3,,48.9979,0.34822
201500017359,4,7,15,23,3,14,740,1,1,1,6,,49.0189,0.43054
201500017360,13,8,15,1,3,14,371,1,1,2,1,,48.9817,0.15274
201500017361,23,9,15,13,1,14,571,1,3,1,3,ROUTE D'ORBEC,49.0943,0.30448
201500017362,5,11,15,18,1,14,270,1,1,1,2,,49.1442,0.31828
201500017363,23,12,15,14,1,14,484,1,1,1,6,,0.0,0.0
201500017364,26,1,15,7,3,14,749,1,2,2,1,,49.0686,-0.13044
201500017365,15,6,15,11,1,14,654,2,1,1,6,ROUTE DE CAEN,49.024,-0.03984
201500017366,18,6,15,11,1,14,431,2,3,2,3,,49.0764,-0.06464
201500017367,7,7,15,21,3,14,648,1,1,1,6,,49.1268,0.14336
201500017368,20,9,15,11,1,14,345,1,1,1,7,,48.9884,-0.0641
201500017369,2,11,15,6,4,14,201,1,3,5,3,,49.1174,0.02218
201500017370,10,7,15,8,1,14,658,1,1,1,6,,48.8359,-1.06123
201500017371,9,8,15,9,1,14,545,1,1,1,6,,48.8324,-0.86556
201500017372,17,8,15,8,1,14,388,1,1,1,6,,48.811,-0.87189
201500017373,26,10,15,11,1,14,584,1,1,1,6,,48.8197,-0.90789
201500017374,6,12,15,16,1,14,174,1,1,1,6,,48.8604,-0.53307
201500017375,16,7,15,7,1,60,10,2,1,1,6,d 2210,0.0,0.0
201500017376,19,7,15,6,1,60,38,1,1,1,7,,0.0,0.0
201500017377,26,9,15,14,1,60,148,1,1,1,6,,0.0,0.0
201500017378,11,10,15,16,1,60,112,1,9,1,2,,0.0,0.0
201500017379,1,5,15,12,1,60,136,1,1,1,6,,0.0,0.0
201500017380,5,11,15,8,2,60,136,1,1,1,1,,0.0,0.0
201500017381,10,11,15,10,1,60,136,2,1,1,7,Route de Beroulf,0.0,0.0
201500017382,3,2,15,15,1,60,59,1,1,8,1,,43.73057,7.3771
201500017383,31,1,15,18,5,60,32,2,1,1,6,91 Avenue du 3 septembre,43.72289,7.3951
201500017384,23,2,15,19,5,60,59,1,1,1,2,,43.72058,7.37264
201500017385,25,2,15,15,1,60,150,2,1,1,3,Route du Mont-Agel,0.0,0.0
201500017386,8,4,15,11,1,60,32,2,1,1,3,avenue Général de Gaulle,0.0,0.0
201500017387,25,5,15,14,1,60,59,1,1,1,3,,0.0,0.0
201500017388,23,6,15,8,1,60,59,1,1,1,1,,0.0,0.0
201500017389,4,9,15,16,1,60,150,2,1,1,6,50 route de beausoleil,0.0,0.0
201500017390,10,9,15,10,1,60,32,2,1,1,1,126 av du 3 septembre,0.0,0.0
201500017391,23,10,15,18,1,60,59,1,1,1,6,,0.0,0.0
201500017392,12,12,15,4,5,60,59,2,9,1,3,avenue de verdun,0.0,0.0
201500017393,24,6,15,13,1,60,143,1,1,1,1,,0.0,0.0
201500017394,31,5,15,16,1,60,56,1,2,1,3,,0.0,0.0
201500017395,25,6,15,12,1,60,125,1,1,1,7,,0.0,0.0
201500017396,29,8,15,18,2,60,94,1,1,1,7,,0.0,0.0
201500017397,27,6,15,17,1,60,153,1,1,1,6,,0.0,0.0
201500017398,2,7,15,18,1,60,144,1,1,1,6,,0.0,0.0
201500017399,5,7,15,8,1,60,72,1,1,1,7,,0.0,0.0
201500017400,28,6,15,19,1,60,103,1,1,1,1,,0.0,0.0
201500017401,1,8,15,9,1,72,32,1,1,1,7,,48.021,0.755
201500017402,11,12,15,22,3,72,224,1,1,2,3,,48.035,0.483
201500017403,17,5,15,14,1,72,173,2,1,1,6,zone du puit,0.0,0.0
201500017404,11,6,15,7,1,72,325,1,1,1,3,,47.795,0.459
201500017405,17,7,15,12,1,72,68,2,1,1,1,64 avenue des déportés,0.0,0.0
201500017406,31,8,15,19,1,72,221,1,1,1,3,,47.673,0.393
201500017407,28,9,15,20,1,72,52,2,1,1,1,27 rue saint blaise,0.0,0.0
201500017408,16,10,15,19,1,72,384,1,1,1,1,,47.693,0.455
201500017409,25,10,15,12,1,72,143,1,1,1,1,,47.869,0.473
201500017410,27,12,15,9,1,72,71,2,1,1,6,5 rue des platanes,47.696,0.414
201500017411,28,12,15,11,1,72,71,2,1,1,6,80 rue jean jaures,0.0,0.0
201500017412,29,12,15,8,2,72,153,1,1,1,6,,47.804,0.405
201500017413,11,1,15,16,1,72,189,1,1,1,7,,0.0,0.0
201500017414,17,3,15,13,1,72,39,1,3,1,3,,0.0,0.0
201500017415,17,4,15,3,3,72,39,1,1,1,6,,0.0,0.0
201500017416,23,5,15,11,1,72,39,2,1,1,2,place Saint Etienne,0.0,0.0
201500017417,27,6,15,20,1,72,86,1,1,1,1,LA PLANCHE,0.0,0.0
201500017418,27,9,15,20,3,72,112,1,2,1,1,,0.0,0.0
201500017419,31,10,15,12,1,72,180,1,1,1,3,,48.353,0.32
201500017420,1,1,15,4,3,72,57,1,1,5,6,,0.0,0.0
201500017421,16,1,15,15,1,72,296,1,1,2,7,,0.0,0.0
201500017422,30,4,15,17,1,72,363,1,1,3,6,lieu dit trépigné,0.0,0.0
201500017423,4,9,15,19,1,72,93,1,1,1,7,,0.0,0.0
201500017424,10,7,15,14,1,72,212,2,1,1,3,lieu dit la brousse,0.0,0.0
201500017425,20,3,15,20,3,54,29,1,1,1,1,,49.359,5.904
201500017426,13,6,15,12,1,54,334,1,1,1,6,,49.298,5.855
201500017427,21,11,15,17,3,54,425,2,1,3,6,46 rue de Verdun,49.3108,5.7742
201500017428,22,2,15,19,2,54,455,1,1,1,3,,48.49,6.495
201500017429,10,5,15,5,2,54,238,2,1,1,6,15 route de Nancy RN 57,48.40743,6.25523
201500017430,13,5,15,16,1,54,222,1,1,1,7,,48.48928,6.52355
201500017431,16,1,15,14,1,54,129,2,1,2,3,42 rue poincare,48.58313,6.94408
201500017432,24,5,15,10,1,54,40,2,1,1,6,4 rue de la Chapelotte,48.50091,6.91174
201500017433,10,6,15,8,1,54,35,2,1,7,2,33 rue Carnot,48.64466,6.80012
201500017434,28,2,15,17,1,54,343,1,2,7,3,,48.84989,5.8042
201500017435,22,3,15,15,1,54,208,1,1,1,5,,48.744,5.946
201500017436,17,10,15,0,3,54,275,1,1,3,7,,48.957,5.902
201500017437,24,5,15,12,1,66,150,2,1,1,6,RD115 - Foiral du Haut,42.40392,2.48044
201500017438,28,5,15,19,2,66,3,2,1,1,1,,0.0,0.0
201500017439,20,12,15,17,5,14,220,2,1,1,6,"144, REPUBLIQUE (AVENUE",0.0,0.0
201500017440,30,12,15,16,1,14,715,2,1,1,7,ARISTIDE BRIAND (BOULEVA,0.0,0.0
201500017441,21,2,15,17,1,14,220,2,2,1,6,CORNUCHE (BOULEVARD),49.3593,0.0687
201500017442,26,2,15,16,1,14,220,2,2,2,6,"190, REPUBLIQUE (AVENUE",49.3558,0.06983
201500017443,6,3,15,17,1,14,715,2,1,1,6,"06, ENSEIGNE MILLOT (RUE",49.3571,0.09163
201500017444,6,2,15,20,5,14,557,2,1,1,6,OX AND BUCKS (AVENUE),49.3377,0.09305
201500017445,4,3,15,13,1,14,699,2,1,1,6,"24, ARISTIDE BRIAND (AVE",49.3468,0.10017
201500017446,15,3,15,6,3,14,557,1,1,1,6,C.D. 27,49.3273,0.09087
201500017447,26,3,15,2,5,14,715,1,1,1,6,AGUESSEAU (ROUTE D'),49.3714,0.11978
201500017448,27,5,15,0,3,14,699,1,1,1,6,HONFLEUR (ROUTE D'HONFLE,49.3549,0.11983
201500017449,18,4,15,18,1,14,715,1,1,1,2,"59, HONFLEUR (ROUTE D')",49.3829,0.10172
201500017450,21,4,15,18,1,14,79,2,1,1,2,"108, MICHEL D'ORNANO (AV",49.3355,0.02103
201500017451,30,4,15,13,1,14,220,2,1,2,6,ALBERT 1ER(QUAI),49.3653,0.07736
201500017452,3,1,15,5,3,14,699,1,1,2,3,CHEMIN DE BRIQUETTERIE,49.3433,0.09498
201500017453,1,5,15,10,1,14,220,2,1,1,6,APPONTEMENT FERNAND MOUR,49.3647,0.08147
201500017454,8,5,15,7,1,14,701,1,1,1,6,CD 278,49.3136,0.07798
201500017455,10,5,15,16,1,14,699,2,1,1,2,COQUETIERE (CHEMIN DE LA,49.346,0.11466
201500017456,10,5,15,14,1,14,715,2,3,1,3,AGUESSEAU (RUE D'),49.3624,0.09371
201500017457,17,5,15,12,1,14,715,1,1,1,3,AGUESSEAU (RUE D'),49.3664,0.10713
201500017458,18,5,15,6,2,14,715,2,1,1,7,"136, HAUTPOUL (BOULEVARD",49.3646,0.08388
201500017459,30,5,15,14,1,14,79,1,2,1,2,C D 27,49.3071,0.04083
201500017460,6,6,15,13,1,14,220,2,1,1,5,FERNAND MOUREAUX (BOULEV,49.3647,0.08224
201500017461,14,6,15,0,5,14,220,2,2,1,3,OLLIFFE (RUE),49.3588,0.07806
201500017462,25,6,15,14,1,14,699,2,1,1,6,"53, ARISTIDE BRIAND (AVE",49.3486,0.09861
201500017463,13,7,15,23,5,14,220,2,6,1,3,REPUBLIQUE (AVENUE DE LA,49.3598,0.08093
201500017464,7,7,15,8,1,14,699,2,1,1,1,"7, CLOS BATTEUX (RUE DU)",49.35,0.10003
201500017465,3,8,15,20,1,14,715,2,1,1,6,"20, BAINS (RUE DES)",49.3657,0.08195
201500017466,4,7,15,14,1,14,79,1,1,1,1,C D 27,0.0,0.0
201500017467,15,7,15,14,1,14,699,2,1,1,3,DOCTEUR LAINE (RUE DU),0.0,0.0
201500017468,25,7,15,19,1,14,79,1,2,1,3,C D 27,0.0,0.0
201500017469,26,7,15,14,1,14,715,2,1,2,7,"82, FERNAND MOUREAUX (BO",0.0,0.0
201500017470,3,8,15,17,1,14,557,2,1,1,7,AVENUE MICHEL D'ORNANO,0.0,0.0
201500017471,4,8,15,18,1,14,220,2,6,1,3,AGUSTE-DECAENS (RUE),0.0,0.0
201500017472,12,8,15,16,1,14,220,2,1,1,7,"3, GENERAL DE GAULLE (AV",0.0,0.0
201500017473,14,8,15,15,1,14,220,2,1,1,7,MARECHAUX (RUE DES),0.0,0.0
201500017474,21,8,15,19,1,14,79,1,1,1,3,BRIGADE PIRON (AVENUE DE,0.0,0.0
201500017475,22,8,15,18,1,14,79,1,2,1,3,BRIGADE PIRON (AVENUE DE,49.324,0.03632
201500017476,30,8,15,15,1,14,59,2,3,1,3,LITTORAL (AVENUE DU),0.0,0.0
201500017477,31,8,15,6,2,14,220,2,1,1,7,DESIRE LE HOC (RUE),0.0,0.0
201500017478,19,9,15,13,1,14,79,1,1,1,1,VILLERS (ROUTE DE),49.3093,0.03374
201500017479,7,9,15,22,5,14,220,2,1,1,6,LUCIEN-BARRIERE (AVENUE),0.0,0.0
201500017480,12,9,15,14,1,14,699,2,1,1,7,CD 677,0.0,0.0
201500017481,18,9,15,8,1,14,715,2,1,1,6,COMMANDANT CHARCOT (RUE,0.0,0.0
201500017482,24,9,15,18,1,14,715,1,1,1,1,"33, FONTAINE DE CALLENVI",0.0,0.0
201500017483,27,9,15,17,1,14,701,1,2,1,3,CD 275,0.0,0.0
201500017484,27,9,15,13,1,14,79,1,2,1,3,VILLERS (ROUTE DE),0.0,0.0
201500017485,10,10,15,20,5,14,220,2,1,1,6,MARINE (QUAI DE LA ),49.3608,0.08021
201500017486,2,10,15,17,1,14,715,2,3,1,3,HAUTPOUL (BOULEVARD),0.0,0.0
201500017487,9,1,15,23,3,66,196,2,1,1,7,RUE DE LA GABARRE,42.53417,2.95099
201500017488,4,10,15,13,1,14,715,2,1,1,6,ALBERT 1ER(QUAI),0.0,0.0
201500017489,6,10,15,11,1,14,220,2,1,2,6,"45, REPUBLIQUE (AVENUE D",0.0,0.0
201500017490,25,10,15,21,3,14,715,1,1,1,7,AGUESSEAU (ROUTE D'),0.0,0.0
201500017491,28,10,15,11,1,14,220,2,1,1,2,REPUBLIQUE (AVENUE DE LA,0.0,0.0
201500017492,3,11,15,10,1,14,220,2,3,1,6,TOUQUES (QUAI DE LA),0.0,0.0
201500017493,17,11,15,16,1,14,220,2,1,2,7,"4, VERDUN (RUE DE)",0.0,0.0
201500017494,4,12,15,7,5,14,715,2,1,1,7,HAUTPOUL (BOULEVARD),0.0,0.0
201500017495,6,12,15,11,1,14,220,2,2,1,3,REPUBLIQUE (AVENUE DE LA,0.0,0.0
201500017496,8,12,15,12,1,14,220,2,3,2,3,CORNUCHE (BOULEVARD),0.0,0.0
201500017497,11,1,15,14,1,14,220,2,1,1,6,QUAI DES YACHTS,49.3631,0.07891
201500017498,4,1,15,20,5,14,220,2,6,1,3,LOUIS-ARMAND (PLACE),49.3603,0.08235
201500017499,5,1,15,16,1,14,220,2,6,1,6,MAUGER (BOULEVARD),49.3598,0.08093
201500017500,20,1,15,9,1,14,220,2,1,1,6,BRIQUETTERIE (CHEMIN DE,49.3599,0.08272
201500017501,13,7,15,1,5,66,24,2,1,1,7,CD900 - avenue d'Espagne,42.5244,2.83153
201500017502,7,9,15,19,1,66,106,2,1,1,6,7 AVENUE MARECHAL JOFFRE,0.0,0.0
201500017503,7,5,15,21,3,66,57,1,1,1,7,,0.0,0.0
201500017504,4,8,15,14,1,66,74,1,1,1,1,,0.0,0.0
201500017505,5,10,15,16,1,66,161,1,1,1,6,,42.60538,2.39836
201500017506,27,2,15,5,3,66,4,2,1,4,6,rue du tennis,0.0,0.0
201500017507,19,7,15,12,1,66,20,1,1,7,7,,0.0,0.0
201500017508,13,8,15,1,3,66,80,1,1,8,6,,0.0,0.0
201500017509,5,8,15,15,1,66,96,1,1,1,5,,0.0,0.0
201500017510,30,8,15,16,1,66,187,1,1,1,6,,0.0,0.0
201500017511,15,9,15,15,1,66,187,1,1,1,6,,0.0,0.0
201500017512,16,7,15,15,1,58,112,1,1,1,1,,0.0,0.0
201500017513,7,9,15,12,1,58,238,2,9,1,3,RD 978,46.983,3.204
201500017514,18,12,15,17,3,58,278,1,1,1,1,,0.0,0.0
201500017515,24,2,15,14,1,58,177,1,1,1,1,,0.0,0.0
201500017516,2,5,15,11,1,58,62,2,7,2,1,place gudin,0.0,0.0
201500017517,2,4,15,11,1,58,120,1,1,2,7,,0.0,0.0
201500017518,24,7,15,14,1,58,210,1,1,1,1,,0.0,0.0
201500017519,10,2,15,10,1,58,17,1,1,1,7,,0.0,0.0
201500017520,20,4,15,15,1,58,24,2,1,1,7,lieu dit champ tournet,0.0,0.0
201500017521,3,7,15,19,1,58,65,2,1,1,5,,0.0,0.0
201500017522,15,8,15,21,3,58,233,1,1,1,6,,0.0,0.0
201500017523,9,11,15,23,3,58,4,1,1,1,6,,0.0,0.0
201500017524,2,11,15,17,2,58,218,1,1,1,6,,0.0,0.0
201500017525,13,11,15,17,2,58,302,1,3,8,5,,0.0,0.0
201500017526,20,11,15,22,4,58,298,2,1,2,6,LES BARBELOUPS,0.0,0.0
201500017527,8,1,15,9,1,58,217,1,1,1,7,,0.0,0.0
201500017528,11,5,15,5,2,58,154,2,1,1,6,D42,0.0,0.0
201500017529,10,2,15,9,1,26,60,1,1,1,7,LE MOURRET,0.0,0.0
201500017530,20,6,15,21,2,26,108,2,1,1,1,QUAI MAURICE FAURE,0.0,0.0
201500017531,7,8,15,13,1,26,195,1,1,1,3,RD 70,0.0,0.0
201500017532,8,8,15,9,1,26,365,1,1,1,3,LES MASSONNES,0.0,0.0
201500017533,24,8,15,10,1,26,11,2,1,3,6,INTERMARCHE,44.7224,5.0358
201500017534,14,10,15,14,1,26,108,2,3,8,1,RUE MAURICE LONG,0.0,0.0
201500017535,24,12,15,14,1,26,108,1,1,1,3,lLES BLACHES,0.0,0.0
201500017536,3,8,15,12,1,26,318,1,1,1,4,RD 94,0.0,0.0
201500017537,3,7,15,17,1,26,63,2,1,1,6,2 RUE NOTRE DAME LA BRUN,44.2752,5.2741
201500017538,16,8,15,17,1,26,63,2,1,1,6,BOULEVARD CLEMENCEAU,0.0,0.0
201500017539,9,1,15,16,1,26,330,1,1,1,7,LES BLACHES,0.0,0.0
201500017540,17,4,15,17,1,26,83,1,1,1,3,LES RIVIERS,45.2533,4.9604
201500017541,6,5,15,6,1,70,363,1,1,1,7,,47.648,6.086
201500017542,14,2,15,14,1,70,476,1,2,1,3,,0.0,0.0
201500017543,2,3,15,15,1,70,542,1,1,1,1,,0.0,0.0
201500017544,5,6,15,14,1,70,509,1,1,1,1,,47.324,5.735
201500017545,8,8,15,12,1,70,60,1,1,3,6,,0.0,0.0
201500017546,20,8,15,18,1,70,533,2,1,1,1,rue du lavoir,0.0,0.0
201500017547,1,9,15,17,1,70,356,1,1,8,3,,47.37993,5.93345
201500017548,22,10,15,21,3,70,494,1,1,2,1,,47.2769,5.70158
201500017549,16,3,15,15,1,70,453,1,1,1,7,,0.0,0.0
201500017550,2,8,15,16,1,70,16,2,1,1,3,D6,0.0,0.0
201500017551,10,12,15,21,3,70,473,1,1,5,1,,47.79539,6.40211
201500017552,4,6,15,13,1,64,156,1,1,7,1,,43.16037,-0.47482
201500017553,28,3,15,7,2,85,153,1,1,2,3,,46.75201,-1.09559
201500017554,29,4,15,17,1,85,84,1,1,1,6,,46.80545,-1.20576
201500017555,17,5,15,17,1,85,142,1,1,1,7,,46.73781,-1.27015
201500017556,19,5,15,16,1,85,65,1,1,2,7,,46.8598,-1.28203
201500017557,10,8,15,6,2,85,17,1,1,1,4,,46.911,-1.117
201500017558,6,12,15,1,3,85,17,1,1,1,6,,46.88859,-1.09952
201500017559,26,3,15,14,1,10,350,2,1,1,6,371b rue centrale,0.0,0.0
201500017560,12,6,15,0,5,10,254,2,1,1,6,Chemin du gourd,46.17224,5.28026
201500017561,27,6,15,2,3,10,350,1,1,1,6,,0.0,0.0
201500017562,26,8,15,10,1,10,350,1,6,1,3,,0.0,0.0
201500017563,8,9,15,18,2,10,72,2,3,7,6,avenue alexandre dumas,46.17771,5.31955
201500017564,1,1,15,19,3,10,383,1,1,1,6,,46.09869,5.15033
201500017565,19,1,15,12,1,10,272,1,1,2,6,,46.16575,4.96959
201500017566,27,5,15,18,1,10,74,1,1,1,6,,0.0,0.0
201500017567,4,6,15,6,1,10,74,1,2,1,1,,0.0,0.0
201500017568,6,6,15,3,5,10,92,2,1,1,6,RD904,0.0,0.0
201500017569,23,8,15,11,1,10,85,1,2,3,3,,0.0,0.0
201500017570,1,9,15,5,3,10,235,1,1,8,1,,0.0,0.0
201500017571,28,11,15,18,3,10,92,1,1,1,1,,0.0,0.0
201500017572,6,12,15,12,1,10,235,2,3,1,3,496 route de saint nizie,0.0,0.0
201500017573,6,12,15,20,3,10,383,1,1,1,6,,0.0,0.0
201500017574,1,3,15,20,3,10,352,1,1,2,1,,46.38261,5.02188
201500017575,25,5,15,18,1,10,352,1,2,1,1,,0.0,0.0
201500017576,18,12,15,8,1,10,115,1,1,1,1,,0.0,0.0
201500017577,23,12,15,16,1,10,24,2,1,1,3,Chemin des Channées,0.0,0.0
201500017578,19,6,15,19,1,10,25,1,1,1,6,,46.29874,4.94565
201500017579,18,12,15,20,3,10,231,2,1,1,1,grandroute,0.0,0.0
201500017580,21,12,15,0,3,10,365,1,1,1,6,Route du grand bagne,46.27696,4.92298
201500017581,11,7,15,11,1,10,34,1,1,1,3,,0.0,0.0
201500017582,19,2,15,13,1,10,138,1,3,7,3,,0.0,0.0
201500017583,7,4,15,17,1,10,36,1,1,1,6,,0.0,0.0
201500017584,14,6,15,15,1,10,36,1,1,1,3,,0.0,0.0
201500017585,16,6,15,17,1,10,66,1,1,2,1,,0.0,0.0
201500017586,23,7,15,6,1,10,133,1,1,1,7,,0.0,0.0
201500017587,4,8,15,15,1,10,414,1,1,1,7,,0.0,0.0
201500017588,6,9,15,10,1,10,36,1,1,1,5,,0.0,0.0
201500017589,27,9,15,18,1,10,234,1,1,1,6,,0.0,0.0
201500017590,28,9,15,17,1,10,372,1,1,1,7,,0.0,0.0
201500017591,30,11,15,16,2,10,148,2,4,1,3,,0.0,0.0
201500017592,15,2,15,13,1,10,170,2,1,1,2,Lieu dit La Croix Chalon,46.17772,5.55453
201500017593,20,3,15,17,1,10,265,2,2,1,3,Rue du Jura,46.17297,5.5777
201500017594,25,4,15,1,5,10,170,2,1,1,5,RD18,0.0,0.0
201500017595,14,5,15,17,1,10,192,1,1,1,3,,0.0,0.0
201500017596,16,6,15,4,2,10,269,1,1,1,1,,0.0,0.0
201500017597,22,7,15,19,1,10,87,1,1,1,7,,46.18598,5.68203
201500017598,6,11,15,12,1,10,204,1,1,1,3,,0.0,0.0
201500017599,10,3,15,11,1,10,75,1,1,1,5,,0.0,0.0
201500017600,11,5,15,9,1,10,362,1,2,1,1,,45.95895,4.89103
201500017601,15,9,15,18,1,10,52,2,1,1,6,le village,0.0,0.0
201500017602,18,9,15,10,1,10,333,1,6,1,2,,0.0,0.0
201500017603,7,10,15,12,1,10,446,1,2,1,3,,0.0,0.0
201500017604,16,12,15,11,1,10,250,1,1,1,7,,0.0,0.0
201500017605,16,6,15,17,1,10,28,1,2,1,3,le bois,0.0,0.0
201500017606,21,7,15,18,1,10,393,1,2,1,3,,0.0,0.0
201500017607,2,8,15,20,2,10,167,1,2,1,3,,0.0,0.0
201500017608,10,9,15,10,1,10,348,1,1,1,3,,0.0,0.0
201500017609,18,9,15,19,3,10,389,1,1,1,7,,0.0,0.0
201500017610,3,6,15,11,1,15,268,2,1,1,6,AVENUE DU 15 SEPTEMBRE,0.0,0.0
201500017611,13,8,15,7,2,15,122,2,9,2,6,tour de ville,44.717,2.198
201500017612,1,10,15,9,1,15,268,2,1,1,6,Avenue du 15 Septembre,0.0,0.0
201500017613,26,9,15,17,1,15,154,2,1,1,2,RN122,0.0,0.0
201500017614,14,8,15,15,1,15,153,1,1,3,6,,45.126,2.238