Num_Acc,jour,mois,an,hr,condition_eclairage,departement,commune,condition_agglomeration,intersection,condition_atmosphere,type_collision,adresse,lattitude,longitude
201500017615,1,9,15,16,1,15,261,1,1,1,3,,45.233,2.362
201500017616,29,7,15,10,1,15,162,1,1,2,6,,45.317,2.671
201500017617,2,8,15,17,1,15,40,1,1,1,6,,0.0,0.0
201500017618,23,10,15,14,1,15,243,1,1,7,1,,45.262,2.545
201500017619,25,12,15,16,1,15,170,1,1,1,3,,45.348,2.686
201500017620,23,10,15,7,2,15,265,2,1,9,1,rue de la mine,0.0,0.0
201500017621,29,6,15,13,1,15,45,1,1,1,1,,44.845,3.018
201500017622,5,7,15,22,3,15,201,1,1,1,7,,44.935,2.796
201500017623,15,8,15,15,1,30,114,1,1,8,3,,0.0,0.0
201500017624,25,4,15,12,1,30,99,1,1,3,1,,0.0,0.0
201500017625,8,5,15,15,1,30,246,1,1,8,5,,0.0,0.0
201500017626,18,6,15,11,1,30,195,1,1,1,1,,46.278,2.646
201500017627,1,8,15,16,1,30,55,1,1,1,3,,0.0,0.0
201500017628,1,3,15,12,1,30,297,2,1,2,6,rue Ferdinand Delmotte,0.0,0.0
201500017629,15,3,15,7,2,30,153,1,1,1,6,,0.0,0.0
201500017630,15,7,15,0,3,30,84,2,1,1,1,26 route de MONTLUCON,0.0,0.0
201500017631,14,3,15,17,1,30,258,1,1,1,1,,0.0,0.0
201500017632,17,6,15,10,1,30,157,1,1,1,1,,0.0,0.0
201500017633,20,6,15,15,1,30,273,1,1,1,1,,0.0,0.0
201500017634,26,7,15,13,1,30,126,1,1,1,1,,0.0,0.0
201500017635,31,8,15,8,1,30,306,2,1,1,1,113 rue de la Jonchère,0.0,0.0
201500017636,2,11,15,7,2,30,236,1,1,1,6,,0.0,0.0
201500017637,30,11,15,18,3,30,258,1,1,1,1,,0.0,0.0
201500017638,12,12,15,13,1,30,236,2,1,1,6,42 rue pierre semard,0.0,0.0
201500017639,12,4,15,21,3,30,43,1,1,1,5,,0.0,0.0
201500017640,2,8,15,18,1,30,166,1,1,1,1,,0.0,0.0
201500017641,7,10,15,9,1,30,118,2,1,1,3,rue des pouzards,0.0,0.0
201500017642,13,10,15,16,1,30,78,1,1,1,6,,0.0,0.0
201500017643,17,3,15,23,3,84,20,1,1,8,1,,43.83011,5.31499
201500017644,22,2,15,17,1,84,77,1,1,6,6,,44.0884,5.12489
201500017645,22,4,15,7,1,84,41,1,1,1,3,,44.1039,5.15574
201500017646,11,7,15,18,1,84,72,1,1,1,6,,44.02332,5.13388
201500017647,25,8,15,15,1,84,17,1,1,1,1,,0.0,0.0
201500017648,25,9,15,17,1,84,70,2,1,1,6,avenue du docteur Tondut,44.02177,5.39252
201500017649,26,10,15,9,1,84,30,1,1,1,6,,44.10197,5.10264
201500017650,26,10,15,15,1,84,79,1,1,1,1,,0.0,0.0
201500017651,11,11,15,12,1,84,107,1,1,1,2,,0.0,0.0
201500017652,19,5,15,17,1,20,128,2,3,1,3,rue des étuves,49.52381,3.66742
201500017653,18,8,15,8,1,20,46,1,1,8,1,,0.0,0.0
201500017654,24,8,15,10,1,20,194,2,1,2,6,14 rue de marle,0.0,0.0
201500017655,30,9,15,3,3,20,128,1,1,1,7,,0.0,0.0
201500017656,15,10,15,17,1,20,238,1,1,2,1,,0.0,0.0
201500017657,5,12,15,20,3,20,294,1,1,1,7,,0.0,0.0
201500017658,4,4,15,1,5,20,820,1,1,5,6,,0.0,0.0
201500017659,28,5,15,10,1,20,173,2,1,1,6,39 rue Charles Brunette,49.61871,3.21998
201500017660,16,8,15,1,3,20,474,1,1,1,3,,0.0,0.0
201500017661,24,8,15,16,1,20,86,1,1,2,6,rue du rond d'arbre,49.57749,3.21993
201500017662,14,11,15,2,3,20,173,1,1,1,6,,0.0,0.0
201500017663,31,12,15,12,1,20,492,2,1,1,3,,0.0,0.0
201500017664,18,2,15,9,1,20,755,1,4,5,1,,0.0,0.0
201500017665,22,2,15,22,3,20,602,1,1,2,3,,0.0,0.0
201500017666,7,8,15,17,1,20,111,2,1,2,6,RUE DE L ETANG,49.53836,3.41856
201500017667,16,4,15,18,1,20,583,1,2,1,3,,49.46709,3.65498
201500017668,11,5,15,9,1,20,800,1,2,1,3,,0.0,0.0
201500017669,6,6,15,15,1,20,114,1,1,1,2,,49.04782,3.42734
201500017670,26,6,15,22,3,20,804,2,1,1,1,,0.0,0.0
201500017671,5,7,15,6,2,20,227,1,1,1,7,,0.0,0.0
201500017672,11,7,15,20,1,20,804,1,1,1,3,,0.0,0.0
201500017673,27,10,15,8,1,20,804,1,3,1,1,,0.0,0.0
201500017674,7,11,15,6,3,20,227,1,3,1,6,,0.0,0.0
201500017675,7,11,15,16,1,20,351,1,9,1,7,,0.0,0.0
201500017676,10,11,15,17,1,20,164,1,1,1,7,,0.0,0.0
201500017677,8,5,15,8,1,20,785,1,1,1,6,,0.0,0.0
201500017678,12,5,15,16,1,20,658,1,1,1,5,,0.0,0.0
201500017679,12,7,15,21,2,20,658,1,1,1,6,,0.0,0.0
201500017680,28,10,15,12,1,20,383,1,1,1,7,,0.0,0.0
201500017681,30,5,15,19,1,20,539,1,2,1,3,,0.0,0.0
201500017682,12,9,15,12,1,20,334,2,3,3,1,Rue Albert Meunier,0.0,0.0
201500017683,14,1,15,9,1,20,775,1,1,8,5,,0.0,0.0
201500017684,29,3,15,18,1,20,648,2,7,2,1,PLACE SAINT GERMAIN,0.0,0.0
201500017685,17,7,15,14,1,20,575,2,1,1,6,rue Pasteur,0.0,0.0
201500017686,7,6,15,17,1,20,326,2,1,1,7,route départementale 17,0.0,0.0
201500017687,15,1,15,18,5,20,810,2,2,1,3,rue Alexandre Dumas,49.25285,3.0921
201500017688,15,3,15,16,1,20,810,1,1,1,6,,0.0,0.0
201500017689,22,4,15,16,1,20,810,2,3,1,3,rue DEMOUSTIER,49.25015,3.08662
201500017690,6,6,15,19,1,20,258,1,1,1,5,,0.0,0.0
201500017691,8,6,15,17,1,20,216,1,3,1,3,,0.0,0.0
201500017692,24,7,15,17,1,20,810,1,3,1,3,,0.0,0.0
201500017693,30,9,15,23,5,20,810,2,1,1,6,13 avenue de Coyolles,0.0,0.0
201500017694,6,11,15,17,4,20,810,2,4,8,6,avenue marx dormoy,0.0,0.0
201500017695,15,11,15,11,1,20,172,2,2,1,5,D172-173,0.0,0.0
201500017696,19,11,15,16,1,20,810,2,1,2,6,rue  jean jaures,49.25389,3.0883
201500017697,1,12,15,15,1,20,810,2,7,1,6,plc du docteur mouflier,49.25438,3.09079
201500017698,4,5,15,12,1,20,608,1,3,1,3,,0.0,0.0
201500017699,1,12,15,18,3,20,264,1,1,1,6,,0.0,0.0
201500017700,9,2,15,14,1,20,405,1,1,8,2,,0.0,0.0
201500017701,7,6,15,20,1,20,684,2,1,1,6,RUE AUX LEUPS,49.92929,4.13157
201500017702,8,1,15,15,1,20,141,2,1,1,6,rue de la buse,49.97692,3.9155
201500017703,21,1,15,17,2,20,103,1,1,1,1,,0.0,0.0
201500017704,5,4,15,10,1,20,681,2,8,1,3,rue du tour de ville,0.0,0.0
201500017705,10,10,15,13,1,20,832,2,1,1,6,rue de monceau sur oise,0.0,0.0
201500017706,5,2,15,10,1,13,17,1,1,6,7,,43.883,4.694
201500017707,9,2,15,13,1,13,45,1,1,1,4,RD570N,0.0,0.0
201500017708,9,5,15,16,1,13,36,1,1,1,3,***,0.0,0.0
201500017709,4,6,15,17,1,13,10,1,1,1,3,,0.0,0.0
201500017710,15,6,15,6,2,13,45,2,1,2,1,CD28,43.852,4.771
201500017711,28,7,15,18,1,13,45,1,1,1,1,***,0.0,0.0
201500017712,25,8,15,17,1,13,45,1,1,1,5,****,43.84319,4.74955
201500017713,12,6,15,12,1,38,1,1,1,1,1,,0.0,0.0
201500017714,28,2,15,2,3,38,22,1,1,8,6,,45.6679,5.57328
201500017715,12,7,15,15,1,38,465,1,1,1,7,,0.0,0.0
201500017716,18,8,15,15,1,38,261,2,1,1,3,94 Rue Claude Rochas,0.0,0.0
201500017717,12,9,15,23,3,38,183,2,1,2,6,route de la cochère,45.59855,5.58494
201500017718,28,9,15,15,1,38,297,2,2,1,3,traversée chassin,45.69238,5.40967
201500017719,1,11,15,14,1,38,458,1,1,1,1,montee de la frette,45.63421,5.47872
201500017720,5,11,15,15,1,38,139,1,1,1,1,,0.0,0.0
201500017721,7,11,15,8,1,38,525,2,1,1,6,D 19 A /  rue Garnier,0.0,0.0
201500017722,12,11,15,18,3,38,139,1,3,1,3,,0.0,0.0
201500017723,28,11,15,17,3,38,543,1,2,1,3,,0.0,0.0
201500017724,1,12,15,19,3,38,124,1,9,1,6,,0.0,0.0
201500017725,30,4,15,12,1,38,249,2,2,1,3,RD1090/Rue Jayet,45.23846,5.81701
201500017726,16,10,15,19,5,38,249,2,3,1,3,rue du général de gaulle,0.0,0.0
201500017727,26,5,15,17,1,38,422,1,1,1,6,,45.14548,5.87465
201500017728,5,8,15,15,1,38,334,1,1,1,1,,0.0,0.0
201500017729,18,9,15,11,1,38,150,2,1,1,3,rue aristide bergès,45.197,5.82
201500017730,4,11,15,15,1,38,175,2,1,1,6,avenue paul langevin,45.271,5.916
201500017731,31,7,15,15,1,38,504,1,1,1,1,Les Vincents,45.32171,6.01853
201500017732,3,12,15,17,2,38,181,1,1,9,7,enversins sollieres,45.33754,6.00047
201500017733,3,12,15,9,1,38,314,2,6,1,3,RD 523,45.42583,6.01638
201500017734,26,7,15,18,1,38,394,1,1,1,7,,45.09984,5.24462
201500017735,28,2,15,1,3,38,457,1,1,1,7,,0.0,0.0
201500017736,14,4,15,17,1,38,440,1,1,1,6,,0.0,0.0
201500017737,6,7,15,13,1,38,58,1,1,1,6,le grand chemin,45.34675,5.29831
201500017738,2,1,15,23,3,38,263,1,1,9,6,,0.0,0.0
201500017739,5,1,15,16,1,38,33,1,2,1,3,,45.18223,5.40717
201500017740,3,4,15,19,1,38,390,1,1,1,1,,45.20874,5.48522
201500017741,13,9,15,17,1,38,450,1,1,8,3,,45.25368,5.51878
201500017742,23,5,15,15,1,38,240,1,1,1,3,,0.0,0.0
201500017743,12,7,15,14,1,38,121,2,2,1,3,place de commelle,0.0,0.0
201500017744,25,7,15,1,3,38,219,1,1,1,7,,0.0,0.0
201500017745,19,8,15,10,1,38,130,1,2,1,1,,45.38294,5.27681
201500017746,2,9,15,18,1,38,34,2,2,1,3,av Louis Michel Villaz,0.0,0.0
201500017747,8,11,15,16,1,38,267,1,1,1,6,,45.41992,5.32675
201500017748,11,1,15,18,5,38,160,2,1,1,1,1477 ROUTE DE MEYSSIEZ,45.46981,5.01865
201500017749,15,1,15,17,5,38,160,2,1,1,6,137 rue du pressoir,45.49939,4.98009
201500017750,9,5,15,5,3,38,131,1,1,1,6,,0.0,0.0
201500017751,28,5,15,15,1,38,87,1,1,1,5,,0.0,0.0
201500017752,27,6,15,10,1,38,160,1,1,1,6,montee du Pinet,45.47073,4.9999
201500017753,18,5,15,18,1,38,519,1,1,1,6,,45.61294,5.0051
201500017754,18,3,15,8,1,31,118,2,1,8,1,02 avenue de l'europe,43.77992,1.35096
201500017755,21,7,15,9,1,31,584,1,1,1,6,,43.88273,1.4926
201500017756,9,7,15,8,1,31,407,2,1,7,6,place de l'église,43.75558,1.55601
201500017757,13,6,15,14,1,31,341,1,1,1,3,,0.0,0.0
201500017758,23,6,15,8,1,31,341,1,1,1,6,route de l'hippodrome,0.0,0.0
201500017759,10,2,15,22,3,31,436,1,1,1,6,,43.34734,1.05008
201500017760,19,11,15,10,2,31,424,1,1,1,7,RTE DES VITARELLES,42.5662,1.32415
201500017761,18,12,15,16,1,31,187,1,1,1,3,,0.0,0.0
201500017762,5,3,15,15,1,31,504,1,1,1,6,,0.0,0.0
201500017763,30,6,15,19,1,31,95,2,1,1,6,chemin de cazaux,43.03325,0.74155
201500017764,25,2,15,18,3,31,210,1,1,1,1,,43.37683,1.68006
201500017765,14,8,15,13,1,31,451,2,1,1,5,CD 1 - PK 83.800,43.45483,2.01598
201500017766,20,8,15,16,1,29,174,1,1,1,3,Kerguivian,47.90809,-4.30166
201500017767,1,10,15,8,2,29,220,1,1,1,5,Kervaillant,47.86761,-4.24208
201500017768,28,10,15,10,1,29,135,2,1,1,6,rue du Commandant Carfor,47.83371,-4.17162
201500017769,10,11,15,19,3,29,75,1,6,1,3,RP Quelarnou,48.41895,-4.43877
201500017770,6,2,15,9,1,29,160,2,1,1,6,2 rue des écoles,48.50552,-4.42896
201500017771,1,3,15,15,1,29,15,1,1,1,4,Kerdalaes RD 13,48.51454,-4.49996
201500017772,28,3,15,15,1,29,160,2,1,2,1,Rue du Marechal Leclerc,48.50527,-4.42225
201500017773,12,5,15,14,1,29,117,1,1,1,1,« Pont de Plouguerneau »,48.58853,-4.50605
201500017774,17,6,15,9,1,29,95,2,1,7,3,route de st divy,48.47175,-4.36802
201500017775,18,9,15,16,1,29,160,2,9,1,6,rue des 3 fréres LeRoy,48.50062,-4.42714
201500017776,28,6,15,17,1,29,79,1,1,1,6,,48.62811,-3.91433
201500017777,3,4,15,15,1,29,136,1,1,2,1,LE POULDU D790,47.92534,-3.51474
201500017778,3,7,15,11,1,29,293,2,1,1,6,rue de pont aven,47.85497,-3.84572
201500017779,9,9,15,21,3,29,31,1,1,1,7,Groas Bihan,47.8004,-3.59508
201500017780,3,10,15,1,4,29,293,2,1,1,6,rue de Pont aven,47.85504,-3.84596
201500017781,13,12,15,6,3,29,236,1,1,1,6, Keranna,47.83243,-3.70537
201500017782,5,8,15,21,5,29,241,2,6,1,7,Coat Canton,0.0,0.0
201500017783,23,2,15,12,1,34,154,1,1,1,2,,43.55409,4.0063
201500017784,6,2,15,20,3,35,193,1,1,1,6,,48.24759,-1.69177
201500017785,2,8,15,12,1,35,197,1,2,1,3,,48.23448,-1.62191
201500017786,24,1,15,16,1,35,297,1,1,1,6,,48.20933,-2.20492
201500017787,31,1,15,21,3,35,302,1,1,4,1,,48.19,-2.1507
201500017788,18,3,15,23,3,35,144,1,1,1,6,,48.24591,-1.84462
201500017789,2,4,15,11,1,35,22,2,1,1,6,RUE DE LA CHANVRERIE,48.29522,-1.9447
201500017790,14,4,15,18,1,35,297,2,1,1,3,rue de gael,48.18549,-2.19353
201500017791,13,8,15,13,1,35,307,1,1,2,1,,0.0,0.0
201500017792,1,9,15,15,1,35,184,1,1,1,1,,48.19986,-2.08612
201500017793,15,11,15,18,5,35,307,1,1,1,6,,48.28758,-1.96733
201500017794,21,2,15,14,1,35,223,1,1,1,2,,48.0075,-2.07765
201500017795,30,5,15,15,1,35,223,1,1,1,3,,48.02699,-2.03073
201500017796,9,6,15,12,1,35,319,1,1,1,3,,48.0234,-1.9374
201500017797,13,9,15,15,1,35,227,1,1,1,6,,48.17055,-1.91136
201500017798,16,9,15,12,1,35,223,1,1,1,3,,47.97646,-2.07392
201500017799,21,10,15,20,3,35,81,1,1,2,1,,48.17805,-1.84794
201500017800,25,10,15,16,1,35,23,1,1,1,1,,48.17798,-1.92479
201500017801,14,9,15,19,1,35,257,2,1,7,3,Rue d'Antrain,48.41233,-1.36971
201500017802,17,9,15,8,2,35,341,1,1,8,3,,48.43491,-1.47549
201500017803,4,1,15,6,3,35,122,1,1,8,6,,48.60284,-1.90034
201500017804,24,1,15,8,2,35,116,1,1,8,7,,48.5849,-1.83104
201500017805,13,2,15,7,3,35,299,1,1,8,1,La Coudre,48.64981,-1.87701
201500017806,11,3,15,11,1,35,284,2,1,1,3,all?e du commerce,48.60302,-1.97483
201500017807,12,4,15,12,1,35,132,1,1,1,1,,0.0,0.0
201500017808,1,5,15,18,1,35,49,2,1,1,6,quai de l'A/C Thomas,48.67781,-1.84743
201500017809,4,6,15,6,1,35,299,1,4,1,3,,48.63337,-1.95009
201500017810,16,6,15,10,1,35,132,2,1,1,1,rue du bord de mer,48.60811,-1.81184
201500017811,25,6,15,21,1,35,263,1,1,1,7,,48.68892,-1.92567
201500017812,29,6,15,12,1,35,284,1,1,1,3,,48.6066,-1.96816
201500017813,29,6,15,19,1,35,179,2,1,1,6,Blv de la libération,48.51269,-1.89759
201500017814,8,7,15,15,1,35,132,2,1,1,6,1 grande rue,48.61346,-1.83906
201500017815,31,7,15,10,1,35,224,2,1,1,6,Le Puit Saliou,48.52995,-1.85105
201500017816,24,9,15,21,3,35,299,1,1,1,2,,48.63608,-1.92518
201500017817,20,10,15,8,2,35,224,1,1,8,3,,48.51364,-1.85896
201500017818,7,7,15,20,1,35,9,1,9,1,1,,0.0,0.0
201500017819,22,7,15,11,1,35,95,2,9,1,6,boulevard deminiac,48.54914,-1.75272
201500017820,26,9,15,22,3,35,104,1,1,1,1,,48.50952,-1.68051
201500017821,29,9,15,15,1,35,104,1,1,1,6,,48.52523,-1.69044
201500017822,9,12,15,18,1,35,95,1,1,1,3,,48.53854,-1.74257
201500017823,8,9,15,21,5,35,161,2,1,1,1,bourg joly,48.04745,-1.33362
201500017824,11,10,15,16,1,35,204,1,1,1,6,,48.04578,-1.57128
201500017825,16,10,15,9,1,35,99,2,6,1,3,avenue charles de gaulle,48.06212,-1.52444
201500017826,13,10,15,7,2,44,158,2,8,1,6,5 rue de la marquellerai,47.27135,-1.78011
201500017827,1,1,15,17,2,44,213,1,1,8,6,rue d'anjou,47.37155,-1.01685
201500017828,21,2,15,20,3,44,4,1,1,1,6,La métairie,47.385,-1.10291
201500017829,10,10,15,14,1,44,160,1,6,1,2,la bricauderie,47.37986,-1.21049
201500017830,6,11,15,21,3,44,96,1,1,2,7,,47.41472,-1.28561
201500017831,25,8,15,18,1,44,107,1,1,1,1,,47.43016,-1.33282
201500017832,7,9,15,9,1,44,107,1,3,1,1,le petit boulay,47.43078,-1.32516
201500017833,17,11,15,9,1,44,148,1,1,1,6,,0.0,0.0
201500017834,26,12,15,4,5,44,170,2,1,1,6,5 Rue de la Forêt,0.0,0.0
201500017835,6,9,15,18,1,44,66,1,1,1,6,,47.35405,-1.60093
201500017836,20,2,15,12,1,44,21,1,1,3,6,,47.0388,-1.94346
201500017837,20,6,15,15,1,44,164,1,1,1,1,,47.09916,-1.85293
201500017838,1,12,15,18,3,44,133,1,1,1,1,,0.0,0.0
201500017839,7,6,15,18,1,44,216,1,2,1,3,bel air,46.97244,-1.38786
201500017840,8,6,15,16,1,44,63,1,1,6,2,,47.07427,-1.22853
201500017841,11,6,15,14,1,44,102,1,1,1,1,Fouinard,47.05239,-1.49735
201500017842,7,6,15,14,1,44,108,1,1,1,1,la levrauderie,47.11698,-1.22725
201500017843,30,8,15,11,1,44,29,1,1,1,3,la troniere,47.26711,-1.35575
201500017844,3,10,15,8,2,44,29,1,1,1,6,64 route de la loire,47.26846,-1.35588
201500017845,22,4,15,14,1,44,130,1,1,7,5,le malabrit,47.10454,-1.54926
201500017846,20,5,15,9,1,44,130,1,1,1,1,viais,47.11289,-1.53694
201500017847,25,6,15,12,1,44,24,1,1,1,3,,47.1753,-1.6939
201500017848,11,10,15,20,3,44,81,1,1,1,3,le retail,46.87274,-1.56604
201500017849,11,7,15,19,1,25,58,2,1,1,1,Route de Lyon,0.0,0.0
201500017850,11,4,15,11,1,25,545,1,1,8,3,,47.035,6.136
201500017851,2,3,15,13,1,25,424,1,1,2,1,,0.0,0.0
201500017852,15,5,15,0,3,25,262,1,1,2,7,,0.0,0.0
201500017853,20,6,15,22,2,25,578,2,1,1,6,10 avenue du gl burney,47.14984,6.33913
201500017854,24,6,15,19,1,25,301,1,1,1,7,,47.16482,6.57263
201500017855,20,9,15,10,1,25,262,1,1,8,7,,0.0,0.0
201500017856,7,10,15,7,1,25,222,1,2,8,1,,47.15114,6.24536
201500017857,6,8,15,18,1,25,378,1,1,1,7,,0.0,0.0
201500017858,15,3,15,20,5,25,293,1,1,1,6,,0.0,0.0
201500017859,22,3,15,15,1,25,110,1,1,1,6,,0.0,0.0
201500017860,26,4,15,2,3,25,29,1,1,1,6,,0.0,0.0
201500017861,24,6,15,11,1,25,440,1,1,1,6,,0.0,0.0
201500017862,6,7,15,9,1,25,282,1,1,1,1,,0.0,0.0
201500017863,14,12,15,19,3,25,157,1,1,2,6,,46.87691,6.40599
201500017864,30,4,15,18,2,25,121,1,1,2,3,,0.0,0.0
201500017865,25,6,15,10,1,25,308,1,1,1,7,,0.0,0.0
201500017866,1,7,15,17,1,25,308,1,1,1,6,,0.0,0.0
201500017867,29,4,15,15,1,25,160,1,1,1,1,,47.034,6.556
201500017868,24,10,15,15,1,25,411,2,1,1,3,1 rue de la glapiney,47.053,6.593
201500017869,24,12,15,0,5,25,321,2,1,9,6,rue du lac,47.06506,6.6795
201500017870,13,6,15,20,2,39,154,2,1,1,6,Rue du Stade,0.0,0.0
201500017871,31,3,15,14,1,39,397,1,1,2,1,,0.0,0.0
201500017872,11,2,15,18,2,39,173,2,1,1,6,95 grande rue,0.0,0.0
201500017873,29,9,15,17,1,39,25,1,1,1,6,Route de Bois Laurent,0.0,0.0
201500017874,3,2,15,13,1,39,355,1,1,1,1,,0.0,0.0
201500017875,16,8,15,4,3,39,13,1,1,9,6,,46.93,5.764
201500017876,28,8,15,12,1,39,13,1,1,1,1,,46.901,5.74
201500017877,9,8,15,18,1,39,434,1,1,3,7,,0.0,0.0
201500017878,18,11,15,10,1,39,13,2,7,7,6,Place de la Liberté,46.907,5.773
201500017879,9,5,15,14,1,39,500,2,1,1,7,"3, hameau de Blégny",0.0,0.0
201500017880,25,6,15,16,1,39,315,2,1,1,6,Rue de l'église,0.0,0.0
201500017881,22,3,15,22,3,39,30,1,1,8,1,,0.0,0.0
201500017882,4,6,15,13,1,39,412,2,1,1,6,D468,0.0,0.0
201500017883,29,5,15,18,1,39,502,1,3,1,3,,0.0,0.0
201500017884,4,8,15,9,1,39,128,1,1,2,6,,46.972,5.384
201500017885,18,8,15,7,1,39,160,1,2,1,3,,0.0,0.0
201500017886,24,11,15,17,5,39,365,2,7,8,6,Place Jules Grévy,0.0,0.0
201500017887,8,8,15,9,1,39,528,1,1,2,1,D459,0.0,0.0
201500017888,29,5,15,23,3,39,184,1,1,1,6,,0.0,0.0
201500017889,18,3,15,20,5,39,258,1,1,1,3,,46.518,5.874
201500017890,4,11,15,19,3,39,494,1,1,1,1,,46.596,5.918
201500017891,5,3,15,13,1,22,232,1,1,1,3,Bel-Air,48.62243,-2.83739
201500017892,18,3,15,14,1,22,55,2,1,1,3,Boulevard du littoral,48.63609,-2.83264
201500017893,16,4,15,17,1,22,222,2,2,1,3,rue rené cassin,48.67206,-2.93165
201500017894,16,5,15,4,3,22,55,1,1,1,6,,48.63423,-2.82505
201500017895,19,5,15,18,1,22,222,1,1,1,5,,48.66769,-2.94624
201500017896,27,5,15,10,1,22,7,1,1,1,6,,48.59961,-2.82602
201500017897,17,1,15,7,3,22,136,1,1,9,6,,48.15259,-2.75505
201500017898,6,3,15,16,1,22,155,1,3,1,3,la charlerie,48.22264,-2.73856
201500017899,21,5,15,17,1,22,75,1,2,1,2,,48.16231,-2.87993
201500017900,22,5,15,14,1,22,136,1,2,1,3,,48.17832,-2.77863
201500017901,8,6,15,9,1,22,376,1,1,1,1,la croix oriac,48.22524,-2.807
201500017902,15,6,15,13,1,22,136,2,3,1,3,,48.17455,-2.75427
201500017903,17,6,15,9,1,22,260,1,1,1,1,le roz,48.22839,-2.92454
201500017904,13,1,15,11,1,22,371,1,1,1,6,lez trois moineaux,48.19663,-2.33788
201500017905,3,3,15,15,1,22,288,1,3,1,3,,48.07044,-2.64125
201500017906,21,3,15,15,1,22,183,2,7,8,6,,48.17729,-2.59399
201500017907,7,4,15,7,2,22,147,1,1,5,5,,48.19501,-2.37371
201500017908,26,6,15,10,1,22,147,1,3,1,3,Les Gautrais,48.19611,-2.36178
201500017909,25,8,15,12,1,22,66,2,1,1,6,place de la mairie,48.30027,-2.51888
201500017910,6,9,15,2,3,22,371,1,2,1,3,,48.15829,-2.29361
201500017911,10,9,15,18,1,22,66,1,1,1,6,,48.30421,-2.46929
201500017912,11,10,15,23,3,22,62,1,1,1,1,la croix de l'etaloir,48.19873,-2.48051
201500017913,30,10,15,12,1,22,147,2,1,1,6,lieu dit la croix pinson,48.2004,-2.41004
201500017914,12,12,15,7,3,22,66,1,1,2,1,le champ ratel,48.36286,-2.49741
201500017915,18,12,15,20,3,22,255,1,1,2,3,le pont querra,48.18001,-2.62616
201500017916,19,1,15,9,1,22,100,1,1,4,6,la source,48.2812,-2.66397
201500017917,8,2,15,9,1,22,203,1,1,1,6,Malabry,48.33568,-2.79994
201500017918,4,3,15,13,1,22,79,1,3,1,3,Le Bas Guerlan,48.40837,-2.65251
201500017919,10,5,15,14,1,22,203,1,4,1,7,,48.3402,-2.76306
201500017920,10,5,15,19,1,22,184,1,2,1,5,la noe guenite,48.33939,-2.64251
201500017921,8,6,15,3,3,22,219,2,3,1,3,RUE D ENFER,48.28039,-2.70074
201500017922,15,6,15,13,1,22,153,2,1,1,1,rue neuve,48.36231,-2.62991
201500017923,20,6,15,16,1,22,203,1,1,1,7,la croix tertret,48.34152,-2.74775
201500017924,1,7,15,16,1,22,258,1,1,1,4,l'esperance,48.44735,-2.64352
201500017925,3,10,15,16,1,22,258,1,3,1,3,,48.41544,-2.6256
201500017926,16,10,15,18,1,22,219,1,3,1,3,fanton,48.30394,-2.70253
201500017927,7,2,15,19,3,22,274,1,2,1,3,,48.36584,-2.00409
201500017928,8,3,15,11,1,22,327,2,3,1,3,Rue du Domaine,48.49575,-2.02691
201500017929,11,3,15,16,1,22,259,2,4,1,3,Avenue de l'aublette,48.44759,-2.08648
201500017930,27,3,15,15,1,22,213,1,1,1,1,,48.53348,-2.03287
201500017931,3,4,15,19,1,22,35,1,2,2,3,,48.44478,-1.97557
201500017932,6,4,15,17,1,22,339,1,3,7,1,,48.48148,-2.04284
201500017933,2,5,15,8,1,22,50,2,1,2,6,45 RUE DU CLOS DU HETRE,48.45741,-2.0525
201500017934,6,5,15,16,1,22,259,1,3,1,3,les périaux,48.45117,-2.09738
201500017935,17,5,15,17,1,22,123,2,3,1,3,rue de la cochaie,48.43537,-2.06679
201500017936,6,6,15,15,1,22,213,2,1,1,6,D12,48.52459,-2.00491
201500017937,7,6,15,4,4,22,299,1,4,1,6,,48.47407,-1.98656
201500017938,11,7,15,1,3,22,339,1,2,1,3,,48.4738,-2.06081
201500017939,31,7,15,16,1,22,56,1,1,1,7,le clos besso,48.37182,-1.98572