Num_Acc,jour,mois,an,hr,condition_eclairage,departement,commune,condition_agglomeration,intersection,condition_atmosphere,type_collision,adresse,lattitude,longitude
201500017940,5,3,15,16,1,22,269,1,1,1,7,kerigomar,48.67244,-3.22538
201500017941,7,3,15,21,4,22,293,2,7,1,6,Lot de Coat Mohan,48.65276,-3.10179
201500017942,9,6,15,12,1,22,95,1,2,1,3,kERMARIA,48.64345,-3.19053
201500017943,26,9,15,15,1,22,4,2,2,1,3,avenue pierre Perron,48.63101,-3.30239
201500017944,17,10,15,18,2,22,212,1,1,1,2,kerbry,48.68235,-3.21236
201500017945,16,10,15,14,1,22,164,1,1,1,7,le quinquis,48.59606,-3.32157
201500017946,26,5,15,19,1,22,320,1,4,1,1,,48.36421,-3.33195
201500017947,11,11,15,13,1,22,328,1,1,1,6,kerbournet,48.40813,-3.38567
201500017948,18,11,15,11,1,22,135,1,1,1,1,45 rue du manaty,48.57928,-3.3349
201500017949,22,12,15,12,1,22,88,1,1,3,7,kerambouler,48.3952,-3.20263
201500017950,24,8,15,15,1,22,158,1,1,2,7,,48.17233,-2.9832
201500017951,7,12,15,9,3,22,313,2,1,2,1,Le bourg D63,48.30996,-2.95405
201500017952,20,4,15,19,1,22,351,1,1,1,3,tachen ar croaz,48.2946,-3.51992
201500017953,26,4,15,11,1,22,344,1,1,1,1,le queff,48.29838,-3.5026
201500017954,20,6,15,15,1,22,29,1,1,1,7,,48.35275,-3.08391
201500017955,13,7,15,8,1,22,229,1,1,2,6,,48.27969,-3.28561
201500017956,16,1,15,19,3,22,238,1,2,3,3,,48.58273,-3.56663
201500017957,7,2,15,19,3,22,349,1,2,1,1,,48.70363,-3.55597
201500017958,16,2,15,17,1,22,194,2,2,2,5,Rue Bleuets/Rue Pleuven,48.66221,-3.63218
201500017959,15,3,15,13,1,22,387,1,1,1,6,Le Losser,48.65036,-3.42695
201500017960,4,4,15,3,3,22,226,1,3,2,3,le pontol,48.70373,-3.49923
201500017961,11,4,15,18,1,22,226,1,2,1,3,,48.66607,-3.51161
201500017962,21,5,15,14,1,22,194,1,3,1,3,,48.66866,-3.59824
201500017963,9,6,15,15,1,22,387,1,1,1,2,le run,48.64918,-3.44636
201500017964,1,8,15,19,1,22,226,2,3,1,3,rue de la lieue de greve,48.67951,-3.52623
201500017965,12,8,15,10,1,22,226,1,3,1,1,,48.66605,-3.51158
201500017966,26,12,15,5,3,22,194,2,1,2,6,D786,48.66922,-3.60806
201500017967,20,1,15,18,5,22,199,1,2,2,3,la croix neuve,48.78168,-3.18414
201500017968,19,2,15,10,1,22,28,1,1,1,1,Goas Quemper,48.79069,-3.32087
201500017969,18,5,15,19,1,22,195,2,1,1,2,rue de l'Armor,48.84473,-3.13672
201500017970,21,6,15,19,1,22,111,1,1,1,6,,48.83774,-3.10454
201500017971,8,7,15,13,1,22,199,1,1,2,1,Ld Polmor,48.78613,-3.14804
201500017972,18,9,15,17,1,22,347,1,1,1,2,Traou Meur,48.78373,-3.21257
201500017973,19,9,15,11,1,22,199,1,1,1,3,LE PLANDRY,48.79506,-3.13914
201500017974,26,9,15,16,1,22,34,1,1,1,1,An Thy,48.69381,-3.34899
201500017975,24,10,15,17,1,22,152,1,6,1,7,kergroas,48.7726,-3.23805
201500017976,24,1,15,7,1,68,374,1,1,1,7,,0.0,0.0
201500017977,2,3,15,15,1,68,374,1,1,2,5,,48.0641,7.24418
201500017978,23,3,15,14,1,68,134,2,1,1,5,RD83 PR37+000,48.01663,7.3118
201500017979,14,7,15,9,1,68,338,1,1,1,7,,48.08891,7.23752
201500017980,7,9,15,6,2,68,96,1,2,1,3,rue de Zeassingue,47.60972,7.3538
201500017981,26,5,15,11,1,68,152,1,1,2,6,,47.67201,7.24859
201500017982,5,2,15,13,1,68,195,2,2,1,3,71 rue Aristide Briand,47.76155,7.28594
201500017983,28,2,15,8,1,68,141,1,2,1,6,,47.71363,7.2848
201500017984,26,9,15,1,3,68,195,1,1,1,6,,47.76027,7.26566
201500017985,31,5,15,16,1,68,94,1,1,1,7,,47.54219,7.43523
201500017986,13,6,15,10,1,68,94,2,4,1,1,rue de delle,47.54967,7.44033
201500017987,24,6,15,19,1,68,120,1,1,1,7,,47.52189,7.48509
201500017988,10,7,15,12,1,68,168,1,1,1,6,,47.56856,7.41452
201500017989,15,12,15,7,5,68,120,2,1,1,6,17 avenue de souprosse,0.0,0.0
201500017990,22,5,15,11,1,68,266,2,1,1,7,ROUTE d'ENSISHEIM 22,47.88768,7.3535
201500017991,14,5,15,15,1,68,46,2,1,1,6,route joffre,47.79432,7.02837
201500017992,2,7,15,2,5,68,11,2,1,1,6,Rue de THANN,47.76204,7.15026
201500017993,15,8,15,14,1,68,115,1,1,1,6,,47.7549,7.07533
201500017994,25,8,15,10,1,34,19,1,1,1,6,(,43.75639,3.10343
201500017995,21,9,15,13,1,34,260,1,1,1,1,,43.65777,3.03711
201500017996,29,9,15,0,3,34,144,1,1,1,7,,0.0,0.0
201500017997,11,11,15,16,1,34,28,1,1,7,2,,43.61208,3.17704
201500017998,17,8,15,23,3,34,74,1,1,1,6,,43.45994,3.02511
201500017999,6,11,15,6,2,34,84,1,1,8,3,,43.39759,3.18809
201500018000,8,2,15,2,3,34,237,1,1,1,6,,43.50955,3.28955
201500018001,10,2,15,17,1,34,224,1,1,1,1,,43.45632,3.21984
201500018002,6,4,15,18,1,34,94,1,1,1,3,,43.43016,3.25312
201500018003,22,6,15,9,1,34,300,1,1,1,5,,43.39667,3.32834
201500018004,18,1,15,16,1,34,193,1,1,1,6,,43.47375,2.86766
201500018005,5,4,15,18,1,34,86,1,1,1,6,,43.47876,2.66833
201500018006,4,9,15,13,1,34,72,1,1,1,1,,43.6648,3.3353
201500018007,20,9,15,21,1,34,142,1,1,1,7,,43.72271,3.26226
201500018008,8,3,15,11,1,34,79,2,1,1,3,boulevard ledru rollin,0.0,0.0
201500018009,25,3,15,22,3,34,210,1,1,1,1,,43.59561,3.50053
201500018010,7,4,15,10,1,34,79,1,1,1,1,",",43.60982,3.45731
201500018011,10,5,15,5,1,34,281,2,1,1,6,route  campagnan,43.52971,3.50963
201500018012,11,6,15,8,1,34,313,1,1,1,3,,43.57344,3.48205
201500018013,25,6,15,18,1,34,281,1,1,1,1,,43.53665,3.54932
201500018014,28,6,15,13,1,34,194,1,1,1,1,,43.51975,3.44914
201500018015,9,7,15,5,1,34,79,1,6,1,6,,43.61498,3.45555
201500018016,8,9,15,16,1,34,79,2,1,1,6,rue doyen rene gosse,43.62714,3.43251
201500018017,17,9,15,11,1,34,210,1,1,1,2,,43.58586,3.50888
201500018018,25,9,15,17,1,34,79,1,1,1,6,(,0.0,0.0
201500018019,13,12,15,15,1,34,210,1,1,1,6,RD 32,43.6022,3.5022
201500018020,15,3,15,5,3,34,114,1,1,2,6,,43.63744,3.53501
201500018021,9,4,15,15,1,34,114,1,1,1,6,,43.62551,3.60822
201500018022,8,8,15,2,5,34,328,2,1,1,6,la croix des barrières,43.5823,3.56258
201500018023,11,12,15,14,1,34,286,1,1,1,5,,43.73972,3.45663
201500018024,15,12,15,12,1,34,114,2,1,1,3,AVENUE FOCH,43.65552,3.55009
201500018025,5,3,15,15,1,15,14,2,1,1,6,"1, VERDUN (BOULEVARD DE)",0.0,0.0
201500018026,20,3,15,20,5,15,14,2,1,1,6,VERDUN (BOULEVARD DE),44.91231,2.43703
201500018027,14,4,15,9,1,15,14,2,6,1,3,VIALENC (CARREFOUR DU),44.9167,2.41667
201500018028,15,6,15,15,1,15,12,1,1,1,3,SOULERY (LIEU-DIT),44.89907,2.45015
201500018029,5,7,15,4,5,15,12,2,1,1,6,"16, RAMOND (RUE DU DOCTE",44.90014,2.45966
201500018030,10,7,15,7,1,15,12,1,1,7,6,CONROS (LIEU-DIT),44.8819,2.43005
201500018031,13,7,15,19,1,15,12,1,1,1,1,SOULERY (LIEU-DIT),0.0,0.0
201500018032,23,7,15,23,5,15,14,2,1,1,6,"10, MOULIN (RUE JEAN)",44.9179,2.43102
201500018033,6,8,15,11,1,15,14,2,1,1,2,BOUDIEU (LIEU DIT) RN 12,0.0,0.0
201500018034,13,9,15,14,1,15,14,2,2,3,3,VERDUN (BOULEVARD DE),0.0,0.0
201500018035,20,10,15,11,1,15,14,2,3,1,6,"1, BELBEX (ROUTE DE)",0.0,0.0
201500018036,29,12,15,14,1,15,14,2,1,1,6,"11, DOUMER (AVENUE PAUL)",0.0,0.0
201500018037,10,6,15,9,1,34,332,1,1,1,3,,43.31896,3.42788
201500018038,11,9,15,18,1,34,113,1,1,1,5,,43.4899,3.7039
201500018039,11,9,15,21,3,34,88,1,6,1,6,,43.56363,3.7299
201500018040,16,9,15,13,1,34,113,2,9,1,3,avenue de béziers,43.49972,3.71433
201500018041,27,4,15,9,1,34,199,2,1,2,6,20 avenue de verdun,0.0,0.0
201500018042,27,4,15,22,3,34,289,1,1,1,6,RD 18,0.0,0.0
201500018043,23,4,15,17,1,34,199,1,1,1,3,,0.0,0.0
201500018044,5,6,15,20,1,34,162,2,1,7,6,RUE PIERRE SIRVEN,43.48074,3.47433
201500018045,8,6,15,15,1,34,9,2,1,1,6,Lieu dit les belles eaux,43.48015,3.36522
201500018046,22,6,15,19,1,34,9,1,1,1,5,,43.48234,3.36265
201500018047,5,8,15,19,1,34,9,2,1,1,6,D33,43.47084,3.34584
201500018048,24,8,15,9,1,34,162,1,1,1,7,,43.48825,3.49322
201500018049,13,6,15,18,1,86,148,1,1,2,3,,0.0,0.0
201500018050,28,8,15,16,1,86,105,1,1,1,7,,0.0,0.0
201500018051,20,4,15,18,1,86,80,1,1,1,6,La Thibaudeliére,46.4455,0.18304
201500018052,9,4,15,14,1,86,292,2,1,1,4,rue de la Caillèle,0.0,0.0
201500018053,14,4,15,18,1,86,144,1,1,1,1,Les Porrines,46.7117,0.05677
201500018054,23,4,15,8,1,86,16,1,1,1,7,,0.0,0.0
201500018055,29,4,15,17,1,86,73,1,2,1,3,,46.69526,0.04631
201500018056,7,5,15,23,3,86,160,1,1,1,6,,0.0,0.0
201500018057,12,5,15,11,1,86,281,1,1,1,2,,0.0,0.0
201500018058,23,6,15,18,1,86,30,1,1,1,7,,0.0,0.0
201500018059,3,7,15,9,1,86,16,2,1,1,3,route de richelieu,0.0,0.0
201500018060,1,7,15,16,1,86,160,2,6,1,6,carrefour saint jacques,46.77682,0.18726
201500018061,3,8,15,19,1,86,277,1,9,1,1,,0.0,0.0
201500018062,31,8,15,18,1,86,2,1,2,1,3,,0.0,0.0
201500018063,13,9,15,20,2,86,2,1,2,1,3,,0.0,0.0
201500018064,29,11,15,5,3,86,281,1,1,1,6,,0.0,0.0
201500018065,3,12,15,7,2,86,177,1,1,5,1,,0.0,0.0
201500018066,24,12,15,18,3,86,30,1,1,2,3,,0.0,0.0
201500018067,21,12,15,11,1,86,2,2,1,7,1,hameau de Bournezeau,0.0,0.0
201500018068,30,12,15,12,1,86,177,2,1,1,7,rue du Muguet,46.67989,0.24996
201500018069,7,3,15,10,1,86,183,2,1,1,3,RD 910,0.0,0.0
201500018070,24,6,15,16,1,86,184,1,1,1,6,,0.0,0.0
201500018071,30,3,15,5,3,86,128,2,1,2,6,,0.0,0.0
201500018072,29,4,15,18,1,86,221,2,1,1,7,route de la tassier,46.81549,0.38209
201500018073,26,5,15,16,1,86,257,1,1,1,3,,0.0,0.0
201500018074,24,6,15,6,1,86,183,2,1,1,6,140 Route Nationale,46.96641,0.60766
201500018075,16,2,15,20,3,86,49,1,3,2,3,,0.0,0.0
201500018076,9,4,15,17,1,86,173,1,1,1,4,,0.0,0.0
201500018077,11,4,15,22,3,86,210,1,1,1,6,,0.0,0.0
201500018078,26,4,15,11,1,86,137,1,1,3,3,,0.0,0.0
201500018079,30,6,15,18,1,86,9,1,2,7,3,,0.0,0.0
201500018080,5,8,15,11,1,86,223,2,1,1,1,RD951,0.0,0.0
201500018081,27,9,15,6,3,86,132,1,1,1,1,,0.0,0.0
201500018082,4,8,15,21,1,29,189,2,1,1,7,21 av Charles de gaulle,48.37849,-4.37281
201500018083,7,11,15,11,1,29,189,1,2,2,1,Prat Bihan,48.37072,-4.40658
201500018084,7,2,15,13,1,41,97,1,1,1,7,6 route de selles,47.282,1.645
201500018085,13,4,15,16,1,41,44,2,1,1,1,rue prosper legourd,47.272,1.911
201500018086,1,5,15,11,1,41,16,1,1,2,1,,47.288,1.532
201500018087,19,7,15,16,2,41,135,2,1,1,6,rue Marcel Bailly,47.2698,1.86351
201500018088,24,7,15,17,1,41,242,1,1,1,3,,47.28648,1.56433
201500018089,7,8,15,17,1,41,16,2,1,1,6,14 route de SELLES,47.30793,1.53274
201500018090,28,10,15,17,1,41,185,1,6,1,3,,47.34596,1.72898
201500018091,14,11,15,2,4,41,97,1,1,1,3,,47.31418,1.67232
201500018092,23,3,15,19,2,41,217,2,1,1,6,49 route de saint aignan,47.332,1.216
201500018093,4,4,15,14,1,41,211,1,1,8,3,,47.32,1.126
201500018094,10,5,15,9,1,41,45,1,1,1,3,,47.449,1.175
201500018095,19,5,15,7,1,41,151,2,1,7,6,2 rue de Penthièvre,47.343,1.184
201500018096,28,6,15,19,1,41,94,1,1,1,2,,47.44991,1.42607
201500018097,3,8,15,16,1,41,80,2,1,1,3,route de Loches,47.32831,1.18595
201500018098,26,8,15,18,1,41,126,1,1,1,6,,47.26555,1.31922
201500018099,7,9,15,22,3,41,23,2,8,1,1,rd 158,47.34387,1.23962
201500018100,22,9,15,2,4,41,145,1,1,2,1,,47.47881,1.29449
201500018101,27,9,15,21,3,41,258,1,1,1,6,,47.33049,1.29127
201500018102,29,9,15,17,1,41,180,1,1,1,1,,47.36622,1.21305
201500018103,11,10,15,5,5,41,151,2,1,1,6,81 route de tours,47.34231,1.17459
201500018104,16,10,15,9,1,41,164,1,1,2,2,,47.27206,1.43107
201500018105,23,10,15,1,5,41,59,2,1,2,6,3 Route de blois,47.42964,1.42793
201500018106,15,11,15,8,1,41,180,1,1,1,7,,47.43625,1.21861
201500018107,14,11,15,1,3,41,43,1,1,1,6,,47.27768,1.46235
201500018108,11,1,15,11,1,41,46,1,1,1,6,,47.646,1.91
201500018109,23,2,15,19,3,41,84,1,1,1,7,,47.472,1.944
201500018110,9,4,15,14,1,41,296,1,1,1,6,,47.603,2.061
201500018111,17,5,15,18,1,41,106,2,1,1,6,21 avenue Emile Morin,47.604,2.025
201500018112,25,5,15,1,4,41,285,2,1,1,6,,47.623,1.756
201500018113,26,5,15,14,1,41,249,2,1,1,3,rue du champ de foire,47.459,2.182
201500018114,14,6,15,20,1,41,232,2,1,1,6,49 route de Pierrefitte,47.43203,2.05586
201500018115,12,7,15,5,2,41,296,1,1,1,6,,47.62771,2.04584
201500018116,23,7,15,8,1,41,152,1,2,1,3,,47.54294,1.6636
201500018117,24,7,15,16,1,41,232,1,1,8,1,,47.45067,2.04355
201500018118,26,7,15,23,3,41,297,1,1,8,7,,47.63452,1.86708
201500018119,29,7,15,7,1,41,152,1,2,1,3,,47.54292,1.66366
201500018120,6,8,15,15,1,41,232,2,1,1,6,rue du marché,47.42624,2.05253
201500018121,24,10,15,17,1,41,296,1,1,8,6,,47.66608,2.04888
201500018122,1,12,15,18,3,41,125,1,1,1,1,,47.47127,1.92515
201500018123,14,12,15,9,1,41,106,2,1,1,6,Rue de la FOSSE AUX LOUP,47.59256,2.03135
201500018124,18,12,15,17,3,41,251,1,1,2,6,,47.66028,2.21642
201500018125,6,3,15,17,1,41,143,1,1,1,6,,47.996,0.88
201500018126,9,4,15,14,1,41,75,1,1,1,6,,48.033,1.095
201500018127,6,5,15,15,1,41,175,1,1,1,7,,47.888,1.175
201500018128,10,5,15,10,1,41,5,1,1,1,7,,48.068,0.953
201500018129,22,5,15,16,1,41,53,1,1,1,3,,48.0,0.928
201500018130,16,7,15,19,1,41,73,1,1,1,3,,47.89158,1.04613
201500018131,8,8,15,4,2,41,209,1,1,1,6,,47.83676,1.08666
201500018132,22,8,15,18,1,41,197,1,2,7,3,,48.05371,0.91924
201500018133,27,9,15,16,1,41,193,1,1,1,3,,47.9564,1.0376
201500018134,11,10,15,14,1,41,235,2,1,1,1,chemin du pree du suchet,47.92344,0.84647
201500018135,12,10,15,10,1,41,60,2,1,1,5,rue poterie,47.97442,0.89196
201500018136,12,10,15,8,2,41,275,1,1,1,1,,47.91244,1.07197
201500018137,19,10,15,10,1,41,186,1,2,1,3,,47.85697,1.04277
201500018138,16,4,15,17,1,47,4,1,1,1,3,,44.2962,0.33199
201500018139,9,6,15,3,3,47,140,1,1,1,6,,44.2751,0.63004
201500018140,8,6,15,17,1,47,190,1,2,1,3,LDT FERRAN,44.343,0.51363
201500018141,13,8,15,21,1,47,66,1,1,1,6,,44.2402,0.46656
201500018142,5,9,15,17,1,47,249,2,3,1,1,INTESECTION D930-D213,44.2469,0.38994
201500018143,23,9,15,0,3,47,140,1,1,2,6,LDT DIT BINSOU,44.2795,0.63505
201500018144,11,10,15,10,1,47,125,1,1,1,6,lieu-dit Belle Roque,0.0,0.0
201500018145,24,4,15,9,1,47,217,1,1,1,6,,0.0,0.0
201500018146,24,7,15,8,1,47,25,1,1,1,3,,44.2689,0.91642
201500018147,14,2,15,11,1,47,301,1,1,2,2,LDT PARDY,44.5297,0.2909
201500018148,3,8,15,10,1,47,168,2,1,1,6,,44.6008,0.36063
201500018149,23,9,15,14,1,47,86,1,2,1,3,,44.6688,0.18692
201500018150,24,9,15,7,2,47,232,2,2,1,1,RUE DE LA CHARBONNIERE,44.5211,0.37764
201500018151,9,6,15,7,1,47,285,1,1,1,1,LDT BORDENEUVE,44.4179,0.12514
201500018152,24,6,15,21,1,47,310,2,3,1,3,BDDEGAULLE/MAL JOFFRE,44.391,0.30755
201500018153,22,8,15,12,1,47,46,1,2,1,3,,44.3827,0.23775
201500018154,30,9,15,10,1,47,285,2,1,1,1,AU BOURG,44.4371,0.11129
201500018155,18,2,15,20,5,47,143,2,1,1,6,62 AV GENERAL DE GAULE,44.1782,0.29659
201500018156,23,8,15,18,1,47,58,1,1,1,3,,0.0,0.0
201500018157,31,8,15,16,1,47,78,1,1,3,1,,44.29,0.28385
201500018158,27,2,15,0,3,47,124,1,1,3,6,,0.0,0.0
201500018159,8,5,15,19,1,47,324,1,1,1,7,,44.6333,0.72827
201500018160,11,11,15,11,1,47,179,1,8,1,3,LIEU-DIT LE MEME/PN 355,44.5009,0.93946
201500018161,13,3,15,16,1,47,252,2,1,1,2,ROUTE DE BORDEAUX,44.3966,0.58308
201500018162,4,1,15,13,1,12,56,1,1,8,4,BRUNHAC,44.2783,2.46262
201500018163,10,1,15,16,1,12,133,2,1,2,6,11 AVENUE DE RODEZ,44.294,2.55893
201500018164,7,2,15,14,1,12,162,1,1,1,1,,44.317,2.39437
201500018165,6,3,15,19,3,12,264,1,3,1,5,RD 68,44.4122,2.60559
201500018166,15,3,15,0,3,12,90,1,1,2,6,DRUELLE,44.3695,2.49541
201500018167,21,4,15,7,1,12,56,2,1,1,3,877 AVENUE DE RODEZ,44.2769,2.44744
201500018168,19,7,15,16,1,12,56,1,1,1,1,VORS - D 570,44.2886,2.45275
201500018169,29,7,15,11,1,12,133,2,1,1,6,AVENUE DE RODEZ,44.2945,2.55887
201500018170,9,8,15,12,1,12,1,1,1,8,1,,44.3432,2.69771
201500018171,29,8,15,0,3,12,264,1,1,1,7,ROUTE DE FLARS,44.4039,2.58805
201500018172,26,9,15,18,1,12,185,1,1,1,7,RD 911 - PR 44+000,44.2749,2.75222
201500018173,27,9,15,3,3,12,56,1,1,1,1,LES SILOS,44.2717,2.41368
201500018174,3,10,15,21,3,12,137,1,1,1,6,,0.0,0.0
201500018175,6,10,15,15,1,12,297,1,1,1,1,D 56 - FRAYSSINHES,44.327,2.69018
201500018176,13,10,15,18,2,12,102,1,1,8,4,RD 62,44.2957,2.60032
201500018177,2,5,15,19,1,12,254,1,1,1,3,CANDOULET,44.4129,2.55095
201500018178,14,5,15,18,1,12,254,1,1,8,7,COUGOUSSE,44.4508,2.47618
201500018179,13,6,15,16,1,12,142,1,1,1,3,RD 994,44.3992,2.36568
201500018180,20,6,15,20,2,12,138,1,1,1,6,RD 962,44.4747,2.45297
201500018181,2,7,15,18,1,12,288,1,1,1,5,NUCES,44.4307,2.44434
201500018182,3,7,15,17,1,12,218,1,1,1,6,,44.5242,2.39878
201500018183,26,8,15,18,1,12,223,1,1,1,6,RD 111 - CARMENSAC,44.793,2.72987
201500018184,17,3,15,9,1,12,70,1,3,1,1,INTERSECTION VC1-VC2,44.1655,3.10165
201500018185,30,8,15,12,1,12,2,1,1,1,3,RD 809,44.1456,3.09878
201500018186,28,8,15,18,1,12,307,1,1,1,7,RD 199,44.1846,2.83273
201500018187,11,1,15,5,3,12,208,1,1,2,6,RD 999 - VAILHAUZY,43.9526,2.9214
201500018188,28,1,15,10,1,12,208,2,1,1,6,AV JULES BOURGOUGNON,43.9576,2.88128
201500018189,1,3,15,14,1,12,129,1,1,2,7,,44.0811,2.70165
201500018190,5,5,15,8,2,12,44,1,1,1,6,,43.8001,2.93208
201500018191,9,7,15,14,1,12,154,1,1,1,1,RD 999,43.8816,2.80638
201500018192,17,7,15,17,1,12,195,1,1,1,6,RD 999,43.872,2.76302
201500018193,20,3,15,15,1,12,301,1,1,1,2,BOIS DE FUMAT,44.4282,2.0381
201500018194,17,4,15,17,1,12,257,1,1,2,6,,44.5557,2.02515
201500018195,11,7,15,17,1,49,20,2,2,1,3,RUE DU LANDREAU,47.4722,-0.61982
201500018196,26,6,15,3,3,49,223,1,1,1,6,,47.38894,-0.54398
201500018197,4,11,15,14,1,49,120,2,1,2,3,22 route de moze,47.37744,-0.60248
201500018198,23,11,15,12,1,49,318,1,1,1,1,,47.36381,-0.44026
201500018199,23,7,15,11,1,49,42,1,1,1,2,Champ ferré,47.46501,-0.40124
201500018200,26,9,15,18,1,49,377,1,1,1,5,,47.53045,-0.41984
201500018201,30,10,15,23,3,49,323,1,1,1,6,La lieue,47.49917,-0.48949
201500018202,31,10,15,15,1,49,4,1,1,7,1,,47.46783,-0.37902
201500018203,19,1,15,18,5,49,212,2,2,1,3,rue nationale,47.38617,-0.86183
201500018204,28,5,15,8,1,49,295,1,1,1,6,,47.33459,-0.82634
201500018205,12,8,15,17,1,49,283,1,1,1,1,,47.431,-0.77088
201500018206,10,5,15,10,1,49,83,1,1,1,1,L'Aupairé,47.31205,-0.94084
201500018207,19,6,15,13,1,49,240,2,1,1,1,7 Rue François Guerif,47.06764,-0.63453
201500018208,25,6,15,23,3,49,373,1,1,1,2,RD960,47.13783,-0.57457
201500018209,26,6,15,21,2,49,373,2,1,1,3,rue de la Martinière,47.14738,-0.53306
201500018210,17,10,15,18,1,49,232,1,2,1,3,La Trémoullière,47.1233,-0.429
201500018211,25,6,15,23,3,49,215,1,1,1,7,"Rue de la société, Trézé",47.10817,-0.08105
201500018212,19,10,15,12,1,49,215,1,1,7,3,Champagne,47.11382,-0.12271
201500018213,27,1,15,9,1,49,77,1,1,1,6,,47.6684,-0.82168
201500018214,21,2,15,23,3,49,103,1,1,1,1,La Cochinière,47.71022,-1.0037
201500018215,17,3,15,9,1,49,8,1,1,1,1,La Pilletais,47.59878,-0.99664
201500018216,2,5,15,22,3,49,248,1,1,2,1,,47.76954,-1.16466
201500018217,7,5,15,23,5,49,8,2,1,1,6,rue des fours à chaux,47.57136,-0.97224
201500018218,27,5,15,9,1,49,8,1,1,1,1,,47.61078,-0.97908
201500018219,3,9,15,21,3,49,61,1,1,1,1,,47.61597,-1.03697
201500018220,22,10,15,16,1,49,248,1,1,1,7,La promenade,47.74575,-1.20467
201500018221,28,10,15,17,2,49,61,1,1,2,7,,47.63246,-1.06558
201500018222,11,6,15,17,1,49,294,2,1,1,3,Route de la chaussée,47.4829,-0.68943
201500018223,17,6,15,17,1,49,294,1,1,1,1,,47.48823,-0.67056
201500018224,25,12,15,8,2,49,249,2,1,1,6,l'isle,47.54738,-0.80866
201500018225,21,11,15,12,1,49,80,2,1,2,6,04 rue nationale,47.67912,-0.48769
201500018226,18,12,15,18,3,49,51,1,1,9,6,,47.69976,-0.45407
201500018227,15,1,15,19,5,55,167,2,1,2,6,02 rue de l'Ile,0.0,0.0
201500018228,3,1,15,20,3,55,8,1,3,3,2,,49.26609,5.66277
201500018229,12,2,15,20,5,55,198,1,6,5,7,,49.188,5.061
201500018230,7,10,15,21,3,55,63,1,1,1,5,,0.0,0.0
201500018231,3,10,15,17,1,55,279,2,1,1,7,Route de Wiseppe,0.0,0.0
201500018232,7,7,15,16,1,61,213,1,3,1,5,,48.47656,-0.1525
201500018233,31,5,15,2,3,61,166,1,1,1,6,,48.65487,0.37489
201500018234,28,6,15,13,1,61,301,1,1,1,3,,48.54568,0.16632
201500018235,12,7,15,6,2,61,64,1,1,1,7,,48.64237,0.32188
201500018236,20,12,15,5,3,61,417,1,1,1,6,,48.70427,0.02504
201500018237,25,8,15,9,1,61,496,1,2,1,3,,48.74907,0.02227
201500018238,27,9,15,1,3,61,179,1,1,1,6,,48.73845,-0.24693
201500018239,2,11,15,18,3,61,505,1,1,1,6,,48.79512,0.01272
201500018240,7,1,15,11,1,61,181,1,1,8,7,,48.80126,0.3101
201500018241,10,7,15,18,1,61,201,1,2,1,5,,48.60335,-0.06791
201500018242,1,9,15,15,1,61,324,1,1,1,1,,48.53163,-0.74116
201500018243,20,11,15,18,3,61,75,1,3,8,3,,48.5149,-0.64195
201500018244,1,7,15,18,1,61,69,1,4,1,1,,48.71921,-0.41456
201500018245,10,7,15,16,1,61,44,1,1,1,1,,48.84674,-0.50103
201500018246,19,6,15,6,2,61,63,1,2,1,1,,48.71921,-0.41456
201500018247,9,10,15,10,1,61,63,1,3,1,3,,48.69002,-0.38125
201500018248,23,10,15,8,2,61,186,1,1,1,6,,48.51388,-0.47618
201500018249,6,12,15,3,3,61,439,1,1,1,2,,48.49374,-0.36528
201500018250,29,9,15,8,1,61,476,1,1,1,7,,48.38686,0.41604
201500018251,7,3,15,23,3,61,422,1,1,1,7,,48.696,0.63245
201500018252,7,3,15,15,1,61,440,1,3,1,5,,48.73073,0.64954
201500018253,6,6,15,12,1,61,342,2,3,7,3,AVENUE BRESNARD,48.75429,0.58989
201500018254,19,10,15,22,3,61,423,2,1,1,7,LE BOURG,48.78883,0.67853
201500018255,14,12,15,10,1,61,456,1,1,1,7,,48.79414,0.63331