Num_Acc,jour,mois,an,hr,condition_eclairage,departement,commune,condition_agglomeration,intersection,condition_atmosphere,type_collision,adresse,lattitude,longitude
201500018256,6,6,15,12,1,61,409,1,2,1,2,,48.36492,0.65067
201500018257,18,7,15,6,3,61,471,1,1,1,6,,48.39384,0.60542
201500018258,31,10,15,15,1,61,207,1,4,1,3,,48.31759,0.50465
201500018259,21,1,15,12,1,80,533,2,1,1,6,,50.06148,1.40607
201500018260,26,1,15,16,1,76,644,1,1,1,6,,50.00548,1.37114
201500018261,21,4,15,9,1,76,255,2,1,7,2,route du TREPORT,50.04917,1.40625
201500018262,19,5,15,17,1,76,255,2,1,1,6,"66bis, BD VICTOR HUGO",50.04778,1.41486
201500018263,28,6,15,17,1,76,374,1,2,1,3,,50.0025,1.5159
201500018264,15,8,15,15,1,76,207,2,1,1,3,Place René Delorière,49.95991,1.39951
201500018265,24,8,15,15,1,76,704,1,1,1,6,,49.9507,1.24814
201500018266,28,8,15,19,1,76,255,2,1,1,3,CHS DE PICARDIE,50.05483,1.42308
201500018267,28,8,15,15,1,80,533,2,1,1,1,avenue Pierre et Marie C,50.06287,1.40203
201500018268,30,8,15,17,1,76,711,2,1,1,7,route de dieppe,50.05106,1.36742
201500018269,1,10,15,9,1,76,711,2,1,1,6,"10, R DU DOCTEUR PEPIN",50.05975,1.37654
201500018270,2,10,15,14,1,76,255,2,1,1,6,"7, R DU BRIQUET",50.03352,1.3982
201500018271,29,11,15,1,3,80,533,2,1,1,6,Rue des canadiens(n°73),50.06425,1.38526
201500018272,9,12,15,17,3,76,192,1,1,1,5,,50.02217,1.32547
201500018273,16,12,15,12,1,76,255,2,1,2,1,R DES CANADIENS,50.03875,1.42355
201500018274,20,5,15,19,1,76,591,1,1,1,3,,49.4466,1.20288
201500018275,23,5,15,17,1,76,673,1,1,1,1,,49.46165,1.26058
201500018276,27,6,15,10,1,76,248,1,1,1,6,,49.58013,1.27645
201500018277,2,8,15,14,1,76,560,1,1,1,6,,49.4216,1.17361
201500018278,27,10,15,11,1,76,248,1,2,1,3,,49.58641,1.34065
201500018279,29,5,15,11,1,63,395,1,1,1,1,,0.0,0.0
201500018280,2,11,15,18,2,63,302,1,1,1,1,,45.706,3.147
201500018281,30,11,15,2,3,63,188,2,1,1,6,246Route de Vic le Comte,45.66719,3.25845
201500018282,7,8,15,5,2,63,3,2,2,1,1,boulevard Sully,45.54937,3.7396
201500018283,8,8,15,18,1,63,3,1,1,2,6,,0.0,0.0
201500018284,16,12,15,13,1,63,3,2,1,8,1,30 ALLEE HENRI POURRAT,45.5557,3.73
201500018285,20,12,15,10,1,63,3,2,1,8,7,RUE DU 19 MARS 1962,45.55037,3.74453
201500018286,17,10,15,14,1,63,86,1,1,8,3,,45.656,3.63
201500018287,22,10,15,14,1,63,258,1,1,2,6,,45.683,3.63
201500018288,4,2,15,19,3,63,172,1,1,4,1,,0.0,0.0
201500018289,7,2,15,23,3,63,234,2,1,9,3,RD996 - rte des moulins,45.58653,3.09861
201500018290,28,2,15,10,1,63,178,2,9,1,6,47 ave de la lib?ration,45.5382,3.2506
201500018291,7,3,15,20,5,63,178,2,3,1,3,Boulevard Albert Buisson,45.54456,3.24682
201500018292,21,5,15,15,1,63,422,1,1,1,1,,0.0,0.0
201500018293,23,5,15,22,3,63,54,1,1,1,6,,0.0,0.0
201500018294,18,5,15,7,1,63,178,2,1,1,6,sur le pont sncf,45.5515,3.2533
201500018295,17,6,15,20,2,63,234,1,1,1,1,,0.0,0.0
201500018296,28,6,15,17,1,63,380,1,1,1,7,,0.0,0.0
201500018297,7,9,15,0,3,63,178,1,1,1,7,plan d'eau du mas,45.55146,3.27537
201500018298,22,9,15,10,1,63,275,1,1,1,6,,45.553,3.1786
201500018299,4,12,15,18,5,63,275,2,1,1,1,,0.0,0.0
201500018300,31,8,15,16,1,63,352,1,1,1,7,,45.455,3.196
201500018301,9,9,15,8,1,63,52,2,1,1,2,21 place de la Républiqu,45.4677,3.2643
201500018302,17,9,15,22,3,63,9,1,1,2,7,,45.42,3.168
201500018303,30,4,15,7,1,63,47,2,1,1,6,avenue alsace lorraine,45.593,2.744
201500018304,21,5,15,9,1,63,236,1,1,1,7,,0.0,0.0
201500018305,26,9,15,11,1,63,236,1,1,1,1,,45.598,2.833
201500018306,20,7,15,9,1,63,148,1,4,1,1,,45.903,3.216
201500018307,25,3,15,15,1,63,283,1,1,1,7,,0.0,0.0
201500018308,12,4,15,18,1,63,460,1,1,1,6,,45.953,2.651
201500018309,27,5,15,14,1,63,170,1,1,1,2,,45.84317,3.5499
201500018310,4,9,15,18,1,63,283,1,1,1,6,,0.0,0.0
201500018311,27,11,15,0,3,63,381,1,1,1,7,,45.865,2.898
201500018312,12,3,15,19,3,63,130,1,1,8,7,,0.0,0.0
201500018313,5,9,15,20,2,63,338,2,9,1,3,HLM LES CHAPELLES BAT I,46.16274,2.84077
201500018314,3,11,15,9,1,63,338,2,6,1,2,ROND POINT SUD,0.0,0.0
201500018315,8,6,15,19,1,63,72,2,1,1,6,12 route de clermont,45.87934,3.69496
201500018316,8,1,15,18,5,63,195,2,1,1,6,rue saint taurin,45.8294,3.3812
201500018317,27,2,15,18,2,63,125,1,1,1,1,,0.0,0.0
201500018318,23,7,15,11,1,63,195,2,1,1,6,11 rue maréchal leclerc,45.8273,3.3793
201500018319,30,8,15,16,1,63,16,1,1,1,6,,45.714,3.592
201500018320,4,12,15,14,1,63,265,1,1,1,6,,0.0,0.0
201500018321,27,10,15,14,1,63,291,2,1,1,7,rue Duchassein,45.9617,3.4791
201500018322,24,12,15,23,3,63,210,1,1,1,6,,45.923,3.349
201500018323,10,6,15,18,1,89,117,1,9,1,6,,47.67711,3.46718
201500018324,15,7,15,17,1,89,237,1,1,1,6,,47.58622,3.65516
201500018325,15,9,15,12,1,89,252,1,1,1,6,,47.65858,3.4726
201500018326,22,12,15,12,1,89,119,2,1,1,3,RN 151 / CD 39,47.52743,3.54147
201500018327,23,1,15,13,1,89,263,1,1,1,1,,47.83954,3.55146
201500018328,25,5,15,0,5,89,227,2,1,1,6,porte de varennes,47.89988,3.76156
201500018329,30,5,15,23,3,89,2,1,1,1,6,,47.72115,3.87592
201500018330,3,6,15,20,1,89,263,1,1,1,3,,47.86446,3.57906
201500018331,26,4,15,0,3,89,61,1,1,1,6,,47.99209,3.83064
201500018332,10,6,15,18,1,89,292,2,1,7,3,,47.96111,3.82403
201500018333,25,6,15,18,1,89,345,2,1,1,6,rue Pierre de Coubertin,48.00259,3.7198
201500018334,11,8,15,14,1,89,345,1,1,1,7,,48.01089,3.75118
201500018335,20,12,15,19,3,89,345,1,1,1,1,,48.01288,3.75336
201500018336,15,3,15,4,5,89,25,2,6,1,6,Avenue pepinster,47.49358,3.90275
201500018337,24,3,15,13,1,89,145,1,1,1,1,,47.42708,3.83892
201500018338,22,8,15,1,3,89,176,1,1,1,6,,47.4172,3.73383
201500018339,13,9,15,23,3,89,21,1,1,2,1,,47.47356,3.75651
201500018340,27,12,15,17,5,89,25,2,1,1,6,rue carnot,47.49198,3.90978
201500018341,30,4,15,18,1,89,279,1,1,2,3,,47.6923,4.02134
201500018342,19,1,15,19,3,89,138,1,3,4,5,,47.93605,3.07948
201500018343,16,4,15,17,1,89,3,1,1,1,3,,47.86857,3.31122
201500018344,21,4,15,10,1,89,317,1,1,1,2,,47.88754,3.12232
201500018345,22,4,15,16,1,89,384,1,1,1,2,,47.91419,3.34741
201500018346,30,6,15,12,1,89,304,1,2,1,3,,47.82916,3.41773
201500018347,7,8,15,12,1,89,473,2,1,1,6,RD 178,0.0,0.0
201500018348,25,8,15,12,1,89,294,1,1,1,7,,47.85819,3.15996
201500018349,2,10,15,20,3,89,384,1,1,1,1,,47.92818,3.36705
201500018350,1,2,15,7,3,89,298,1,1,2,6,,48.05625,3.13513
201500018351,16,10,15,9,1,71,264,1,1,1,3,,0.0,0.0
201500018352,20,11,15,14,1,71,137,2,1,1,6,rue de la digue,0.0,0.0
201500018353,20,2,15,20,3,71,543,1,1,1,6,,0.0,0.0
201500018354,8,12,15,11,1,71,543,2,1,1,7,Avenue Mréchal Leclerc,46.56086,4.9101
201500018355,13,2,15,22,3,71,493,1,1,3,6,,0.0,0.0
201500018356,16,2,15,8,1,71,190,2,1,5,3,Rue Jean BOUVERI,46.98678,4.52719
201500018357,26,2,15,7,1,71,530,1,1,1,1,,46.98942,4.48395
201500018358,11,3,15,13,1,71,14,2,9,7,3,Rue de Parpas,46.95188,4.29214
201500018359,27,3,15,8,1,71,14,2,1,1,1,route de Saulieu,46.96616,4.29405
201500018360,19,4,15,1,3,71,530,2,1,1,6,9 rue du reuil d Eze,47.00591,4.46767
201500018361,10,5,15,16,1,71,20,1,1,1,3,,47.10121,4.3401
201500018362,15,5,15,20,2,71,184,1,1,1,1,,47.01744,4.32756
201500018363,9,6,15,17,1,71,14,2,1,1,3,place du champ de mars,46.95017,4.29875
201500018364,15,6,15,7,1,71,493,1,1,3,6,,0.0,0.0
201500018365,9,7,15,6,2,71,527,1,1,1,7,,0.0,0.0
201500018366,12,7,15,11,1,71,266,1,1,1,7,,47.06727,4.24947
201500018367,29,8,15,21,4,71,14,2,1,1,1,Rue de la Grange Vertu,46.95283,4.29427
201500018368,22,9,15,19,2,71,493,1,1,1,7,,0.0,0.0
201500018369,9,10,15,22,5,71,368,2,1,1,6,,0.0,0.0
201500018370,20,11,15,13,1,71,14,2,2,3,6,rue de la grange vertu,46.95283,4.29427
201500018371,9,12,15,14,1,71,9,1,1,1,3,,0.0,0.0
201500018372,30,9,15,15,1,71,347,2,1,1,6,,0.0,0.0
201500018373,14,11,15,19,3,71,73,1,1,1,4,,46.84225,4.81387
201500018374,4,6,15,18,1,71,482,1,1,1,3,,46.84655,4.32025
201500018375,11,7,15,6,1,71,310,1,1,1,1,,0.0,0.0
201500018376,12,8,15,17,1,71,413,1,1,1,1,,0.0,0.0
201500018377,21,8,15,17,1,71,412,1,1,1,1,,0.0,0.0
201500018378,1,9,15,19,1,71,310,1,1,1,2,,0.0,0.0
201500018379,4,10,15,7,2,71,282,1,1,5,1,,0.0,0.0
201500018380,12,2,15,19,3,71,433,1,1,1,1,,0.0,0.0
201500018381,12,6,15,8,1,71,268,1,1,2,6,,0.0,0.0
201500018382,17,6,15,8,1,71,564,2,1,7,6,Le bourg,46.4414,4.3377
201500018383,21,7,15,16,1,71,21,1,1,1,1,,46.49881,4.29669
201500018384,25,7,15,8,1,71,106,1,1,6,6,,0.0,0.0
201500018385,21,8,15,12,1,71,106,1,1,1,5,,0.0,0.0
201500018386,27,6,15,18,1,71,41,2,4,1,1,Les Combretoux,0.0,0.0
201500018387,14,1,15,17,5,71,263,2,1,1,6,2 rue des dodanes,46.62993,5.2211
201500018388,14,4,15,7,1,71,157,2,1,1,6,rue des ecoles,46.49852,5.38944
201500018389,17,5,15,19,1,71,558,1,1,1,3,,46.48212,5.24247
201500018390,12,7,15,17,1,71,263,2,1,1,3,116 rue des Bordes,46.61973,5.22733
201500018391,31,7,15,19,1,71,379,2,1,1,6,,0.0,0.0
201500018392,5,8,15,19,1,71,379,1,1,1,7,,46.60373,5.31195
201500018393,2,10,15,15,1,71,303,1,1,1,3,,46.6708,5.27088
201500018394,20,10,15,8,3,71,558,1,1,1,4,,46.49189,5.24344
201500018395,28,8,15,12,1,71,158,2,1,1,2,Route de Simandre,0.0,0.0
201500018396,8,11,15,1,3,71,410,1,1,1,6,,0.0,0.0
201500018397,10,7,15,13,1,71,295,1,1,1,6,,46.814,5.21
201500018398,24,10,15,18,3,11,59,2,1,1,6,lieu dit cassignoles,43.16072,2.11314
201500018399,7,2,15,16,1,11,262,1,1,1,7,11100,43.18139,3.06284
201500018400,28,2,15,15,1,71,294,2,1,1,6,,46.83209,4.72452
201500018401,18,9,15,11,1,32,244,1,1,1,1,,43.6742,-0.09309
201500018402,20,10,15,16,1,32,414,1,2,1,2,,43.6936,-0.06804
201500018403,28,3,15,13,1,81,125,1,1,2,7,,0.0,0.0
201500018404,12,5,15,10,1,81,99,2,1,1,6,Avenue charles de gaulle,0.0,0.0
201500018405,31,10,15,9,1,81,99,1,1,1,6,,0.0,0.0
201500018406,21,2,15,14,1,81,220,2,1,1,1,ROUTE DE SAURS,0.0,0.0
201500018407,21,2,15,11,1,81,220,2,1,1,6,PROMENADE DES LICES,0.0,0.0
201500018408,8,3,15,14,1,81,55,1,1,1,7,,43.424,2.08599
201500018409,9,3,15,8,1,81,289,2,1,1,3,Avenue des Pyr?n?es,43.558,2.116
201500018410,2,12,15,10,1,81,120,2,9,1,6,les bruzzes,43.52,2.27
201500018411,9,12,15,14,1,81,307,1,1,1,6,,0.0,0.0
201500018412,29,12,15,10,1,81,235,1,1,1,6,,43.546,2.211
201500018413,22,4,15,8,1,69,88,2,9,1,6,rue Berthelot,0.0,0.0
201500018414,27,12,15,11,1,69,2,1,1,7,6,,46.282,4.432
201500018415,6,2,15,19,5,69,84,2,1,1,1,RUE WETTOLSHEIM,46.1888,4.70031
201500018416,16,2,15,0,5,69,18,2,1,8,6,route de belleville,0.0,0.0
201500018417,17,4,15,22,3,69,104,1,1,2,7,,46.2415,4.66943
201500018418,20,4,15,11,1,69,196,1,1,1,1,,46.1587,4.54966
201500018419,22,4,15,11,1,69,18,2,9,1,1,52 rue des écharmeaux,0.0,0.0
201500018420,1,5,15,9,1,69,103,2,2,3,3,Lieu-dit Les Gonnards,0.0,0.0
201500018421,4,6,15,14,1,69,108,1,1,1,7,,46.175,4.748
201500018422,6,6,15,17,1,69,108,1,1,1,3,,0.0,0.0
201500018423,19,6,15,19,1,69,108,1,1,1,1,,46.1696,4.70831
201500018424,20,6,15,12,1,69,18,1,1,1,6,,46.1455,4.57708
201500018425,24,7,15,1,3,69,258,1,1,1,7,,0.0,0.0
201500018426,13,8,15,16,1,69,12,1,1,8,1,,0.0,0.0
201500018427,28,11,15,16,2,69,267,1,1,1,6,,0.0,0.0
201500018428,13,12,15,21,3,69,165,1,2,1,3,,46.147,4.63
201500018429,6,3,15,17,1,69,25,2,6,7,6,rue J-B FOURNIER,0.0,0.0
201500018430,15,4,15,7,1,69,248,1,1,1,6,,0.0,0.0
201500018431,23,2,15,20,5,33,84,2,1,2,6,25 route de Bordeaux,44.72865,-0.45939
201500018432,17,3,15,8,1,33,311,2,1,1,6,83 AVENUE DU CHENE VERT,44.68111,-0.36283
201500018433,14,6,15,3,3,33,534,1,1,1,6,14 RTE 19 MARS 1962,44.716,-0.39395
201500018434,3,12,15,8,1,33,140,1,1,5,3,,44.75112,-0.33264
201500018435,8,12,15,11,2,33,226,2,1,1,3,16 bis route de Créon,0.0,0.0
201500018436,1,1,15,4,3,33,11,1,1,1,6,,44.7809,-1.14118
201500018437,22,10,15,11,1,33,11,2,1,2,1,allée des rossignols,44.7715,-1.13572
201500018438,25,10,15,17,1,33,382,2,2,1,3,,45.1939,-0.4578
201500018439,20,12,15,8,2,33,233,1,1,1,6,D250,45.14287,-0.38356
201500018440,9,7,15,18,1,33,36,1,2,1,3,,0.0,0.0
201500018441,31,8,15,16,1,33,271,1,1,2,1,RD 655,44.38943,-0.09719
201500018442,17,12,15,7,2,33,239,1,1,1,7,Bas Majouraou,44.31755,-0.16369
201500018443,4,5,15,10,1,33,399,1,1,1,1,LIEU DIT BOUCHEREAU,44.66474,-0.13221
201500018444,29,6,15,11,1,33,506,1,1,1,7,,44.72604,-0.10463
201500018445,13,10,15,8,1,33,202,2,1,1,6,12 Loti le Bosquet,44.49091,-0.63399
201500018446,13,7,15,8,1,33,214,1,1,1,7,,0.0,0.0
201500018447,27,8,15,12,1,33,214,2,4,1,3,AVENUE DE L'OCEAN,44.98517,-1.08068
201500018448,8,12,15,9,1,33,97,2,1,1,6,route de lacanau,45.04241,-1.05854
201500018449,19,6,15,16,1,33,424,1,2,1,3,,45.15751,-0.84215
201500018450,26,4,15,3,3,33,521,1,1,1,6,,45.4797,-1.04965
201500018451,11,7,15,12,1,33,193,1,2,1,1,,45.41622,-1.12944
201500018452,15,7,15,4,5,33,540,2,2,1,3,BD GENERAL LECLERC,45.3803,-1.15452
201500018453,6,8,15,16,1,33,490,1,2,1,3,,45.42016,-1.03833
201500018454,19,8,15,16,1,33,544,1,1,1,3,,0.0,0.0
201500018455,20,10,15,13,1,33,538,2,1,1,7,villeneuve,45.39314,-0.88918
201500018456,8,11,15,13,1,33,544,1,3,1,6,,45.5357,-1.09901
201500018457,28,3,15,21,2,33,485,2,1,1,6,LIEU DIT MERLANDE,44.8384,-0.14633
201500018458,23,4,15,7,1,33,394,1,1,2,1,,0.0,0.0
201500018459,22,7,15,6,1,33,437,2,1,2,2,avenue de la dordogne,0.0,0.0
201500018460,4,10,15,21,5,33,108,2,1,1,6,117 RUE MICHEL MONTAIGNE,44.85671,-0.03405
201500018461,20,10,15,18,2,33,394,1,2,1,3,,0.0,0.0
201500018462,23,10,15,7,3,33,342,1,1,1,1,,44.909,-0.069
201500018463,20,1,15,15,1,33,369,1,1,5,6,,44.8096,0.2188
201500018464,23,5,15,23,3,33,319,1,1,1,6,D16,44.81241,0.07466
201500018465,30,10,15,5,3,65,126,1,2,1,3,,43.2765,0.43979
201500018466,15,10,15,10,1,65,174,1,1,1,6,,43.4915,0.03696
201500018467,16,10,15,5,3,65,7,1,1,1,6,,43.3248,0.06935
201500018468,7,11,15,17,1,65,460,1,1,1,2,,43.3515,0.22677
201500018469,15,7,15,19,1,65,362,1,1,1,2,,42.959,-0.07849
201500018470,14,8,15,14,1,65,77,1,1,1,2,,42.9788,-0.06935
201500018471,27,8,15,15,1,65,1,1,1,1,7,,42.97073,-0.07471
201500018472,8,8,15,16,1,65,140,1,1,2,1,,42.8892,0.37905
201500018473,16,3,15,10,1,41,139,2,1,1,4,,47.251,1.509
201500018474,25,7,15,14,1,41,217,1,1,1,7,,47.30003,1.19906
201500018475,8,10,15,4,3,41,132,1,1,1,2,,47.3235,1.46888
201500018476,8,10,15,17,1,41,181,1,1,1,7,,47.29318,1.27195
201500018477,18,10,15,15,1,41,185,1,1,1,7,,47.3387,1.66308
201500018478,28,5,15,12,1,82,7,2,1,1,6,D22,0.0,0.0
201500018479,14,7,15,7,1,82,148,1,1,1,2,,0.0,0.0
201500018480,7,10,15,16,1,82,76,1,1,1,6,,0.0,0.0
201500018481,8,10,15,8,1,82,87,1,1,1,6,,0.0,0.0
201500018482,27,5,15,10,1,82,17,2,1,1,1,Rue Georges Brassens,43.8833,1.25392
201500018483,9,9,15,15,1,82,88,2,1,1,6,D106 bis,0.0,0.0
201500018484,21,1,15,18,3,82,180,1,1,1,6,,43.893,1.03499
201500018485,23,4,15,14,1,82,143,2,1,8,6,"D 11, le village",0.0,0.0
201500018486,18,5,15,12,1,82,13,2,9,1,3,croisement RD98/VC4,43.8766,0.99646
201500018487,9,7,15,6,2,82,193,1,1,1,6,,43.89792,1.03993
201500018488,8,12,15,10,1,82,53,1,1,8,7,,0.0,0.0
201500018489,3,6,15,16,1,82,112,1,1,1,7,,0.0,0.0
201500018490,23,6,15,23,3,82,112,1,1,1,6,,44.14215,1.19768
201500018491,27,10,15,18,3,82,169,1,1,1,6,,0.0,0.0
201500018492,3,11,15,22,3,82,112,1,1,1,6,,0.0,0.0
201500018493,6,2,15,10,1,80,774,1,2,6,1,,49.88369,2.54851
201500018494,16,10,15,16,1,80,799,2,1,1,1,Route de démuin,49.86326,2.52277
201500018495,6,11,15,1,3,80,426,1,1,2,6,,49.9647,2.52107
201500018496,10,11,15,10,1,80,212,2,1,1,2,Rue de la République,49.91298,2.49663
201500018497,20,11,15,1,5,80,507,2,1,1,6,RUE du ONZE NOVEMBRE,49.85159,2.57303
201500018498,14,2,15,21,5,80,587,2,1,1,6,RD1015,49.9232,1.66873
201500018499,28,3,15,22,5,80,484,2,1,8,7,Rue du Bois,49.85233,1.82515
201500018500,3,4,15,23,3,80,62,1,1,2,7,,49.83068,1.77859
201500018501,28,4,15,17,1,80,655,2,1,1,3,Rue de la ville,49.95467,1.9905
201500018502,3,5,15,19,1,80,651,1,1,1,7,,0.0,0.0
201500018503,21,5,15,8,1,80,800,1,2,1,3,,49.8764,1.81826
201500018504,22,5,15,18,1,80,13,1,1,1,3,,49.96473,1.93336
201500018505,26,6,15,15,1,80,62,1,1,1,3,,49.83231,1.78061
201500018506,7,10,15,14,1,80,361,1,1,8,3,,49.9171,1.7999
201500018507,26,11,15,13,1,80,443,1,1,1,6,D211,49.8747,1.95181
201500018508,27,4,15,14,1,80,225,1,1,1,3,Rue du Bois,49.83613,2.16196
201500018509,6,5,15,13,1,80,50,1,1,6,7,,49.82789,2.18394
201500018510,20,5,15,8,1,80,357,1,1,2,3,,49.85075,2.06627
201500018511,28,6,15,17,1,80,627,2,1,1,7,rés. la clé des champs,49.8137,2.22114
201500018512,14,7,15,19,1,80,630,1,1,1,7,,49.78267,2.0026
201500018513,15,8,15,1,3,80,455,1,1,8,7,,49.77048,1.96562
201500018514,26,8,15,18,1,80,227,1,1,3,2,,49.78768,1.9808
201500018515,17,11,15,16,1,80,227,1,1,2,3,,49.79339,1.97781
201500018516,4,12,15,12,1,80,218,1,2,1,3,D1029 / VC(D258),49.80644,2.05365
201500018517,21,10,15,10,1,80,597,2,6,8,6,RUE GASTON VASSEUR,50.10022,1.58841
201500018518,11,4,15,9,1,80,782,1,1,1,3,,49.97261,2.2699
201500018519,24,4,15,16,1,80,24,1,2,1,5,,49.95193,2.23835
201500018520,5,6,15,10,1,80,634,2,1,1,6,"10, Rue du 31 AOÜT 1944",49.93892,2.44033
201500018521,20,6,15,12,1,80,773,1,1,1,6,,50.0223,2.49286
201500018522,20,6,15,15,1,80,92,1,1,1,7,Rue de Coisy,49.96866,2.30033
201500018523,4,7,15,18,1,80,11,2,1,1,1,D1235 R JEAN CATELAS,49.92196,2.21098
201500018524,17,10,15,4,3,80,622,1,1,8,6,,49.941,2.11231
201500018525,3,1,15,18,3,80,406,1,1,3,6,,49.99837,1.89654
201500018526,27,1,15,19,3,80,163,1,1,1,1,,50.1033,1.76176
201500018527,13,2,15,15,1,80,488,2,1,1,1,36 AV DES DEPORTES,50.01755,1.99018
201500018528,13,3,15,18,1,80,78,1,2,1,3,,50.10024,1.91783
201500018529,20,3,15,11,1,80,9,1,1,1,1,,50.07969,1.98521
201500018530,5,4,15,17,1,80,446,2,1,1,3,"09, Rue des Juifs",50.02665,1.76964
201500018531,1,8,15,19,1,80,245,1,1,7,1,,50.14555,2.08264
201500018532,2,8,15,20,1,80,196,2,1,1,6,,49.9821,1.82407
201500018533,8,8,15,23,3,80,779,1,2,1,3,,50.0915,1.87915
201500018534,13,8,15,11,1,80,260,1,1,1,5,,50.13715,1.83999
201500018535,16,8,15,21,1,80,282,2,1,1,6,Rte de Pont Rémy,50.05225,1.88493
201500018536,22,8,15,12,1,80,546,1,1,1,7,RTE NATIONNALE,50.10057,1.72562
201500018537,22,8,15,12,1,80,135,1,1,1,6,,50.05083,1.86587
201500018538,25,9,15,17,1,80,171,2,1,1,1,RUE VERTE,50.13136,1.88712
201500018539,22,10,15,14,1,80,546,1,1,1,1,,50.09362,1.71365
201500018540,23,10,15,18,5,80,262,2,1,1,6,rue du Meilier,50.06121,1.88711
201500018541,25,1,15,15,1,80,373,1,1,1,6,,49.98287,1.58409
201500018542,2,3,15,7,2,80,360,2,1,1,1,Gabart / Mont Blanc,50.07133,1.57111
201500018543,4,3,15,15,1,80,362,1,1,1,5,,49.98055,1.64136
201500018544,27,4,15,15,1,80,760,1,1,1,6,,49.98177,1.59938
201500018545,29,4,15,7,2,80,360,1,1,1,1,,50.06107,1.56784
201500018546,23,5,15,1,5,80,368,2,1,1,6,Rue Maréchal Foch,50.091,1.54511
201500018547,23,5,15,12,1,80,714,1,1,1,4,,50.06403,1.48066
201500018548,31,5,15,8,1,80,190,2,2,2,1,firmin et nicolas get,50.05662,1.65152
201500018549,7,6,15,16,1,80,464,2,1,1,3,"370, R de l'Abbé Ducrocq",50.15909,1.55559
201500018550,19,6,15,15,1,80,527,1,1,1,3,,50.06523,1.50058
201500018551,22,6,15,15,1,80,126,1,1,2,1,,49.95228,1.60445
201500018552,2,7,15,17,1,80,126,1,1,1,6,,49.9624,1.59091
201500018553,12,7,15,15,1,80,368,2,3,2,3,"D229, RUE VOLTAIRE",50.07521,1.5522
201500018554,6,8,15,12,1,80,721,1,1,1,2,,50.17287,1.6449
201500018555,29,8,15,17,1,80,500,2,1,1,3,Rue de Gamaches,50.01587,1.61623
201500018556,3,9,15,7,1,80,360,2,1,2,6,rue jean jaures,50.06717,1.57032
201500018557,5,9,15,19,1,80,235,2,2,1,3,D190 / D2,50.04414,1.52446
201500018558,19,9,15,5,3,80,362,2,1,2,6,1 rue de l'église,50.00989,1.64223
201500018559,23,9,15,18,1,80,368,1,1,1,2,,50.09553,1.56756
201500018560,15,10,15,21,5,80,360,2,1,2,3,rue Jean-Jaurès,50.0673,1.57399
201500018561,6,11,15,19,2,80,126,1,1,8,1,D928,49.94309,1.64194
201500018562,9,11,15,17,2,80,368,1,1,7,2,,50.09578,1.56841
201500018563,11,11,15,13,1,80,190,1,9,1,7,,50.051,1.64059
201500018564,22,11,15,13,1,80,775,1,2,1,3,D925 / D48,50.07678,1.60995
201500018565,11,12,15,17,5,80,373,2,1,3,6,"D1015, RUE Gal Leclerc",49.98604,1.55676
201500018566,19,12,15,14,1,80,265,2,1,1,3,1 rue de la résistance,50.03033,1.54432
201500018567,22,1,15,15,1,80,600,1,8,1,1,,50.19901,1.70561
201500018568,1,3,15,20,3,80,589,1,1,2,7,,50.22253,2.03057
201500018569,1,4,15,17,1,80,548,1,1,6,7,,50.14952,1.89874
201500018570,9,4,15,19,1,80,810,1,1,1,6,,50.25216,2.06833
201500018571,29,4,15,15,1,80,580,1,1,1,6,,50.34788,1.75184
201500018572,12,5,15,20,1,80,248,1,1,1,6,,50.28164,1.90579
201500018573,11,6,15,16,1,80,109,1,1,1,5,,50.26004,1.97174
201500018574,12,7,15,19,1,80,30,2,1,1,6,rue joseph arrent,50.27852,1.71964
201500018575,10,8,15,15,1,80,763,2,1,1,1,rue de la chapelle,50.18896,1.80027
201500018576,21,8,15,14,1,80,222,1,1,1,1,,50.23279,1.85279