Num_Acc,jour,mois,an,hr,condition_eclairage,departement,commune,condition_agglomeration,intersection,condition_atmosphere,type_collision,adresse,lattitude,longitude
201500018577,23,8,15,10,1,80,228,1,1,2,1,RTE de RUE,50.22212,1.63269
201500018578,24,8,15,15,1,80,109,2,1,3,1,15 RTE NATIONNALE,50.26988,1.98467
201500018579,25,8,15,13,1,80,688,1,1,8,6,,50.28743,1.65244
201500018580,29,8,15,19,1,80,333,2,1,1,3,Promenade du Marquenterr,50.33863,1.56616
201500018581,8,9,15,16,1,80,600,1,1,1,1,,50.16584,1.72524
201500018582,14,9,15,12,1,80,590,1,1,2,1,,50.16523,1.86199
201500018583,20,9,15,19,1,80,149,1,1,1,2,,50.15648,1.8176
201500018584,6,10,15,19,3,80,590,1,1,3,7,,50.16504,1.89562
201500018585,20,10,15,7,2,80,222,1,1,8,6,,50.21813,1.83743
201500018586,21,11,15,22,5,80,109,2,1,8,6,D928,50.26866,1.98339
201500018587,22,12,15,12,1,80,590,1,2,1,3,D928 / D32,50.17277,1.86761
201500018588,26,12,15,1,3,80,600,1,1,1,6,,50.19566,1.73512
201500018589,1,3,15,17,1,80,420,1,1,1,1,,50.02966,2.50422
201500018590,8,3,15,18,1,80,776,1,1,1,6,,50.05538,2.53553
201500018591,29,4,15,18,1,80,253,2,1,2,7,"1,Route d'Albert",50.15177,2.34079
201500018592,9,5,15,20,1,80,614,2,1,1,6,Rue d'Occoches,50.1704,2.26137
201500018593,18,6,15,8,1,80,431,1,1,2,3,,50.03071,2.39385
201500018594,30,10,15,14,1,80,659,1,2,1,3,CARR D11 / D31,50.08222,2.42657
201500018595,21,2,15,0,5,80,310,2,1,1,6,rue du 11 novembre 1918,50.12101,2.2284
201500018596,11,5,15,8,1,80,89,1,1,1,1,,50.09289,2.15905
201500018597,23,5,15,1,5,80,318,1,1,1,6,RUE DE LA RESISTANCE,50.00886,2.0744
201500018598,14,8,15,9,1,80,742,1,1,1,1,,50.06369,2.08923
201500018599,5,10,15,18,1,80,318,2,1,2,6,29 rue roger godard,50.01436,2.08137
201500018600,8,10,15,10,1,80,93,2,1,1,2,25 rue Lucien PEYRAT,50.04671,2.14461
201500018601,11,10,15,16,1,80,381,1,2,1,3,D933 / D216,50.1047,2.18705
201500018602,18,11,15,15,1,80,93,1,1,6,3,,50.0357,2.15469
201500018603,20,11,15,0,3,80,381,1,1,3,6,,50.11722,2.18143
201500018604,14,1,15,14,1,80,561,2,9,1,6,AVENUE DU 8 MAI 1945,49.64659,2.58738
201500018605,17,3,15,17,1,80,685,1,2,1,5,,49.68424,2.78929
201500018606,18,4,15,17,1,80,685,1,2,1,1,,49.69657,2.80653
201500018607,6,5,15,14,1,80,678,2,1,1,1,rue de la Madeleine,49.59008,2.6551
201500018608,29,6,15,15,1,80,685,2,1,7,5,D934,49.71353,2.79546
201500018609,6,7,15,11,1,80,293,2,1,1,3,RD329 / RD135,49.66875,2.60202
201500018610,12,7,15,20,2,80,561,1,1,1,1,,49.65955,2.56603
201500018611,23,7,15,8,1,80,561,1,9,1,2,,49.6587,2.58407
201500018612,5,8,15,17,1,80,685,1,1,1,6,,49.68765,2.80292
201500018613,9,8,15,19,1,80,759,1,1,1,6,,49.6456,2.75162
201500018614,16,8,15,22,5,80,685,2,1,1,6,Rue du Puits A Marne,49.69973,2.76566
201500018615,10,9,15,17,1,80,561,1,1,1,1,,49.6589,2.58479
201500018616,6,10,15,17,1,80,74,1,1,8,7,CH DE WARSY,49.69238,2.63221
201500018617,5,11,15,17,2,80,561,2,1,1,3,D935 Av Paul Doumer,49.6462,2.5726
201500018618,13,3,15,21,1,80,64,1,1,1,6,,49.79709,2.60382
201500018619,2,4,15,7,2,80,652,1,1,2,2,,49.7782,2.59916
201500018620,11,6,15,15,1,80,571,1,1,1,4,,49.76609,2.46497
201500018621,26,6,15,0,5,80,570,2,6,1,1,Rpt / Rue E. Branly,49.78173,2.47908
201500018622,2,7,15,1,5,80,452,2,1,1,6,Rue du Général LECLERC,49.7585,2.35301
201500018623,29,7,15,13,1,80,237,1,1,1,1,,49.82494,2.53608
201500018624,2,8,15,17,1,80,570,2,1,1,2,chemin de la briqueterie,49.76587,2.47434
201500018625,17,8,15,15,1,80,94,1,1,1,1,,49.81819,2.46054
201500018626,10,10,15,13,1,80,571,2,1,8,5,138 rue Thiers Prolongée,49.7696,2.47201
201500018627,6,11,15,18,2,80,10,2,1,1,5,27 rue sadi carnot,49.7557,2.36216
201500018628,12,11,15,17,2,80,31,1,1,1,3,,49.75214,2.65972
201500018629,25,11,15,17,2,80,321,1,1,2,7,D14,49.6845,2.36059
201500018630,17,12,15,17,5,80,570,2,9,2,6,rue du Cardinal Mercier,49.77315,2.48735
201500018631,24,12,15,23,3,80,681,1,1,1,3,RD 920,49.76517,2.41663
201500018632,27,12,15,9,3,80,652,1,1,1,3,,49.76943,2.61966
201500018633,27,2,15,11,1,80,747,1,1,1,1,,49.96539,3.03223
201500018634,6,3,15,17,1,80,204,2,1,1,1,1 RUE DE PERONNE,50.00893,2.86855
201500018635,20,4,15,9,3,80,275,2,1,1,7,Rue Cotel,50.0361,3.01736
201500018636,11,5,15,7,1,80,175,1,1,1,6,,49.98304,2.74512
201500018637,7,8,15,22,2,80,677,1,1,1,1,,49.95058,3.11944
201500018638,28,11,15,19,3,80,240,1,1,6,1,D 937,49.92199,2.96209
201500018639,1,12,15,11,1,80,54,1,1,2,1,D 79,49.90613,2.90505
201500018640,27,1,15,16,1,80,572,1,2,1,3,,49.93638,2.64256
201500018641,23,2,15,12,1,80,417,1,1,1,2,rue RAOUL DEFRUIT,49.85166,2.65856
201500018642,14,4,15,15,1,80,186,1,3,1,1,,49.80393,2.81145
201500018643,30,6,15,21,1,80,58,1,1,1,2,,49.87274,2.65652
201500018644,30,7,15,17,1,80,647,1,2,1,4,,49.78821,2.83162
201500018645,16,8,15,19,1,80,781,1,1,1,6,,49.84733,2.68819
201500018646,14,10,15,4,3,80,617,1,2,1,3,,49.74688,2.74663
201500018647,24,10,15,6,3,80,781,1,1,1,3,,49.84281,2.6947
201500018648,16,11,15,13,1,80,186,1,1,1,1,,49.8237,2.79067
201500018649,19,11,15,19,3,80,58,1,1,2,3,D1029 / VC,49.87242,2.63612
201500018650,30,11,15,20,5,80,288,1,1,2,6,Avenue ZAC Hte Picardie,49.86524,2.83061
201500018651,16,12,15,13,1,80,353,1,1,8,3,D1017,49.85623,2.87948
201500018652,11,1,15,3,5,80,410,2,1,1,6,"9,BD DE LA LIBERTE",49.74054,3.07427
201500018653,23,1,15,21,3,80,410,1,1,1,6,,49.75691,3.06101
201500018654,25,1,15,5,3,80,474,1,1,9,6,,49.81758,2.89787
201500018655,30,1,15,9,1,80,410,2,1,4,6,"49, RUE SALVATOR ALLENDE",49.75141,3.06699
201500018656,6,3,15,12,1,80,579,2,1,1,3,"80,Rue de Paris",49.72987,3.06736
201500018657,16,4,15,9,1,80,811,2,1,1,6,rue de nesle,49.77192,2.98272
201500018658,13,9,15,18,1,80,410,2,1,2,1,40 rue de Verdun,49.74292,3.08272
201500018659,25,9,15,15,1,80,442,1,2,1,3,CARR D930 / D17,49.74194,3.01755
201500018660,14,10,15,17,1,80,684,1,1,3,1,,49.7558,2.94971
201500018661,17,1,15,1,3,60,547,1,1,2,7,,49.33586,2.49691
201500018662,31,1,15,8,2,60,102,1,1,9,6,,49.30806,2.53983
201500018663,17,6,15,17,1,60,587,2,1,1,7,80 rue de Paris,49.33482,2.60427
201500018664,15,7,15,20,1,60,539,1,1,1,1,,49.29746,2.51891
201500018665,16,9,15,13,1,60,562,1,1,2,6,,49.36649,2.55737
201500018666,16,9,15,9,1,19,274,1,1,1,7,FIN A89,45.1908,1.48601
201500018667,30,5,15,5,2,202,346,2,1,1,6,Lieu dit Torra,0.0,0.0
201500018668,17,8,15,14,1,202,318,1,1,1,2,,0.0,0.0
201500018669,3,7,15,14,1,202,121,1,1,1,7,,42.401,8.692
201500018670,30,11,15,6,2,202,50,1,1,1,7,,42.553,8.789
201500018671,18,12,15,10,1,202,50,1,1,1,2,,0.0,0.0
201500018672,30,5,15,10,1,202,168,1,1,1,6,,0.0,0.0
201500018673,22,3,15,10,1,202,342,1,1,2,3,,0.0,0.0
201500018674,13,5,15,13,1,202,342,2,1,1,6,RT 10,0.0,0.0
201500018675,29,5,15,16,1,202,123,2,1,1,3,avenue du 09 septembre,0.0,0.0
201500018676,17,12,15,21,3,202,251,1,1,1,6,,0.0,0.0
201500018677,20,1,15,15,1,31,541,2,6,1,3,ROND POINT GIMENELLS,43.67283,1.3666
201500018678,8,6,15,8,1,31,150,1,1,1,3,,43.65783,1.33849
201500018679,25,8,15,15,1,31,351,2,1,1,6,,43.66929,1.28035
201500018680,4,9,15,15,1,31,150,2,2,1,1,RD 63 E,0.0,0.0
201500018681,17,9,15,8,1,31,541,1,1,2,5,,0.0,0.0
201500018682,31,10,15,1,3,31,351,1,1,1,1,,0.0,0.0
201500018683,11,12,15,17,2,31,541,2,1,1,6,allée des tricheries,43.68234,1.36604
201500018684,27,4,15,14,1,201,48,1,1,8,1,,0.0,0.0
201500018685,20,6,15,16,1,201,258,1,1,8,6,,42.20659,8.80237
201500018686,12,5,15,14,1,201,17,1,3,1,2,,41.99286,8.76316
201500018687,31,1,15,9,4,201,163,1,1,1,1,,0.0,0.0
201500018688,10,2,15,9,1,201,139,1,1,1,7,,41.6597,9.31629
201500018689,26,10,15,12,1,201,139,1,1,2,1,,41.66614,9.30659
201500018690,22,12,15,17,2,201,92,1,1,1,6,,0.0,0.0
201500018691,11,4,15,16,1,201,64,1,1,1,7,,41.84909,8.96856
201500018692,1,5,15,17,1,201,26,2,1,1,3,Le village,41.876,9.004
201500018693,22,1,15,21,3,79,86,1,1,1,6,,46.4188,-0.33285
201500018694,12,4,15,17,1,79,101,1,1,1,3,,46.48033,-0.57951
201500018695,5,6,15,22,3,79,32,1,1,1,7,,46.4697,-0.51598
201500018696,20,6,15,12,1,79,66,1,1,1,1,"LD ""MONTPLAISIR""",46.46614,-0.37051
201500018697,20,6,15,16,1,79,133,1,2,1,7,,46.44321,-0.40456
201500018698,14,9,15,23,3,79,109,1,1,2,6,,46.24506,-0.03262
201500018699,1,10,15,8,1,79,320,2,1,7,7,43 LE BOIS DE LA SEPPE,46.46373,-0.46165
201500018700,5,12,15,2,3,79,86,1,1,1,6,,46.42829,-0.31933
201500018701,8,1,15,7,5,79,31,1,1,1,6,,46.18324,-0.47393
201500018702,4,3,15,19,2,79,355,1,1,1,3,,46.30949,-0.36149
201500018703,3,4,15,13,1,79,33,1,4,1,2,,46.1245,-0.49374
201500018704,16,4,15,16,1,79,3,2,2,1,3,LD PIED BLANC,46.2707,-0.44704
201500018705,21,4,15,7,1,79,170,1,1,1,6,,46.1824,-0.6337
201500018706,30,5,15,22,3,79,34,1,1,1,7,,46.29242,-0.5107
201500018707,11,7,15,22,3,79,334,1,1,1,6,,46.16814,-0.55805
201500018708,25,7,15,15,1,79,298,1,1,1,1,,46.24695,-0.4934
201500018709,24,10,15,15,1,79,130,1,1,1,6,,46.2707,-0.52763
201500018710,4,12,15,7,2,79,130,1,1,8,2,,46.25131,-0.55329
201500018711,8,12,15,9,1,79,130,2,1,1,6,rue René Cassin,46.25438,-0.53981
201500018712,11,12,15,21,3,79,130,1,1,1,6,,46.24331,-0.57221
201500018713,26,1,15,16,1,79,30,1,1,1,6,,46.25829,-0.161
201500018714,26,4,15,9,1,79,264,1,1,8,6,"LD ""LA CORBILLIERE""",46.22656,-0.08334
201500018715,25,6,15,21,1,79,217,1,1,1,1,,46.31297,-0.19665
201500018716,4,7,15,19,1,79,174,2,1,1,6,2 RUE FOUCAUDERIE,46.22566,-0.1444
201500018717,9,7,15,9,1,79,174,2,6,1,3,ROUTE DE LA ROCHE,46.23519,-0.15069
201500018718,2,8,15,3,5,79,57,2,1,1,6,18 RTE DE VERNOUX-COULON,46.15366,-0.22806
201500018719,14,10,15,11,1,79,126,1,2,1,3,,46.16778,-0.36337
201500018720,18,10,15,0,3,79,111,1,1,1,6,"LD ""CHINETROTTE""",46.10418,-0.26503
201500018721,11,1,15,6,4,79,48,1,1,1,6,"LD ""LES GUIBERTIERES""",46.37477,-0.28115
201500018722,8,3,15,12,1,79,319,1,2,1,4,,46.34001,-0.15758
201500018723,10,3,15,12,1,79,23,1,1,1,6,,46.37656,-0.00891
201500018724,5,4,15,15,1,79,184,1,1,1,7,,46.3496,-0.12949
201500018725,26,4,15,5,3,79,319,1,1,8,7,,46.37274,-0.18313
201500018726,6,6,15,21,1,79,48,2,1,1,3,104 AVENUE DE PARIS,46.36352,-0.29728
201500018727,30,6,15,10,1,79,246,1,1,1,1,"LD ""FAYE""",46.39407,-0.14813
201500018728,12,9,15,8,1,79,189,1,1,8,4,LD GATEBOT,46.42279,-0.16636
201500018729,14,10,15,15,1,79,270,2,1,1,6,RUE DENFERT ROCHEREAU,46.61401,-0.23151
201500018730,31,10,15,19,3,79,319,1,2,1,3,,46.34002,-0.1576
201500018731,18,1,15,6,3,79,261,1,1,1,6,,46.75968,-0.6216
201500018732,17,1,15,10,1,79,79,2,2,1,4,RUE CARDINAL SOURDIS,46.91869,-0.74368
201500018733,14,3,15,16,1,79,183,1,1,1,7,,46.83252,-0.73376
201500018734,15,4,15,9,1,79,103,1,1,1,1,,46.79073,-0.06121
201500018735,23,5,15,12,1,79,79,2,3,1,3,10 RUE CNAL DE SOURDIS,46.9224,-0.74383
201500018736,21,8,15,11,1,79,195,2,3,1,1,rue Saint Hubert,0.0,0.0
201500018737,24,10,15,19,5,79,79,2,6,1,3,R DE LA VALLEE DE LOUIN,46.91791,-0.74853
201500018738,25,10,15,8,2,79,103,1,1,1,7,,46.7885,-0.60801
201500018739,17,12,15,17,5,79,195,2,9,1,6,59 AV SAINT-HUBERT,46.94782,-0.59432
201500018740,5,1,15,7,2,79,161,1,2,5,3,,46.943,-0.20359
201500018741,8,2,15,12,1,79,244,1,2,6,3,,47.02879,-0.14917
201500018742,22,2,15,1,3,79,265,2,1,1,6,RUE DES CHAMPS RABY,46.99111,-0.13887
201500018743,9,7,15,15,1,79,134,1,1,1,5,,46.85599,-0.20879
201500018744,28,8,15,21,3,79,277,1,2,1,3,,47.09792,-0.16884
201500018745,15,11,15,16,1,79,171,1,8,1,3,"LD ""LE BUISSON RIGNE""",46.93212,-0.26744
201500018746,16,11,15,17,3,79,299,1,1,2,2,,46.89614,-0.19267
201500018747,29,11,15,1,3,79,13,2,1,2,7,ROUTE DE THOUARS,46.98591,-0.44592
201500018748,5,12,15,10,1,79,132,1,1,1,1,LE MOULIN DES LANDES,47.05068,-0.41655
201500018749,6,12,15,11,1,79,265,1,1,1,7,,47.00854,-0.16043
201500018750,23,12,15,17,5,79,43,2,1,1,6,RUE EMILE ZOLA,47.07589,-0.26888
201500018751,30,12,15,5,3,79,157,1,1,1,6,LD MAGE,47.02305,-0.19699
201500018752,6,1,15,13,1,79,347,1,4,1,2,,46.69451,-0.27566
201500018753,9,7,15,9,1,79,347,1,3,1,3,,46.681,0.22066
201500018754,15,2,15,19,3,79,345,1,1,1,6,"LD ""LE GRAND BEAUCHAMP""",46.52054,-0.30666
201500018755,10,4,15,5,3,79,8,1,1,1,5,,46.74104,-0.30336
201500018756,1,6,15,17,1,79,202,2,1,1,6,BD GEORGES CLEMENCEAU,46.64218,-0.26038
201500018757,5,6,15,12,1,79,339,1,5,1,3,,46.5966,-0.04183
201500018758,6,7,15,7,1,79,339,1,4,1,7,,46.60542,-0.02201
201500018759,9,7,15,17,1,79,202,1,1,1,7,,46.64737,-0.21031
201500018760,16,10,15,16,1,79,213,1,1,1,3,"LD ""SAINTE-MARIE""",46.61401,-0.23151
201500018761,31,10,15,17,1,79,92,1,2,1,3,,46.49704,-0.17767
201500018762,24,11,15,21,3,79,322,1,1,1,6,,46.63865,-0.28054
201500018763,28,3,15,16,1,79,167,1,1,1,7,"LD ""RETOURNAY""",46.86343,-0.01853
201500018764,30,3,15,20,2,79,5,1,1,1,7,,46.8331,-0.12364
201500018765,26,4,15,7,2,79,208,1,1,3,6,,46.64855,-0.18858
201500018766,30,6,15,8,1,79,260,2,1,1,1,,46.87888,-0.05021
201500018767,5,9,15,17,1,79,120,1,1,1,1,,46.66024,-0.07239
201500018768,19,10,15,16,1,79,208,1,1,1,1,"LD ""LE CHALET""",46.64834,-0.19329
201500018769,25,11,15,18,3,79,22,2,1,2,6,5 RUE SAINT-HILAIRE,46.85469,-0.14309
201500018770,5,3,15,14,1,79,342,1,1,1,6,"LD ""LE BOURG NEUF""",46.6347,-0.52366
201500018771,10,7,15,10,1,79,342,1,2,1,3,,46.5825,-0.52358
201500018772,8,8,15,15,1,79,311,2,1,1,6,61 ROUTE DE VENDEE,46.60924,-0.42427
201500018773,8,10,15,0,3,79,179,1,1,1,6,,46.74768,-0.61422
201500018774,13,12,15,20,3,79,69,1,1,1,6,"LD ""LE VERDON""",46.78175,-0.47834
201500018775,23,1,15,17,1,76,517,1,2,1,3,,49.52215,1.13623
201500018776,19,4,15,18,1,76,452,2,2,1,3,"61, R WINSTON CHURCHILL",49.55364,1.07456
201500018777,19,8,15,12,1,76,377,2,6,1,3,route de neufchatel,49.49798,1.15177
201500018778,25,3,15,8,1,76,482,2,1,1,1,RUE DU CHATEAU,49.85594,1.02138
201500018779,5,7,15,19,1,76,136,1,1,1,7,,49.81963,0.9405
201500018780,10,7,15,8,1,76,136,2,2,7,3,,49.81449,0.95068
201500018781,25,7,15,19,1,76,34,1,4,1,1,,49.72429,1.09239
201500018782,21,7,15,20,1,76,321,1,2,1,3,Rue des pierres,49.77474,1.22193
201500018783,18,10,15,13,1,76,700,1,1,1,7,,49.68171,1.03311
201500018784,27,12,15,19,3,76,18,2,1,1,6,,49.70878,0.96482
201500018785,11,1,15,18,3,76,470,1,1,6,2,,49.6826,0.59697
201500018786,12,1,15,14,1,76,607,1,1,1,6,,49.67443,0.5953
201500018787,22,2,15,10,1,76,593,2,1,1,6,"26, R PRINCIPALE",49.57193,0.4189
201500018788,14,4,15,15,1,76,525,1,1,7,1,,49.64052,0.62199
201500018789,26,9,15,10,1,76,471,1,1,1,1,,49.47728,0.62576
201500018790,29,12,15,12,1,76,258,2,3,1,1,R CHARLES DE GAULLE,49.65339,0.59977
201500018791,26,9,15,12,1,76,454,2,2,1,3,Intersection CD 36 et 7,49.74919,1.55151
201500018792,5,5,15,22,3,76,101,1,1,1,6,,49.90383,1.60929
201500018793,21,5,15,16,1,76,612,1,1,1,6,,49.83198,1.6682
201500018794,5,8,15,16,1,76,527,1,1,1,3,,49.80152,1.65717
201500018795,7,10,15,20,5,76,35,2,1,1,6,route de picardie,49.76554,1.75577
201500018796,27,9,15,20,2,76,621,1,1,1,6,,49.64685,1.30093
201500018797,21,9,15,6,3,76,631,1,2,1,3,,49.51471,0.86154
201500018798,12,11,15,8,1,76,559,1,2,2,3,,49.5792,0.62832
201500018799,4,12,15,18,3,76,88,1,6,1,6,,49.47062,0.88944
201500018800,25,7,15,4,3,76,325,1,1,2,6,,49.66144,0.83144
201500018801,13,9,15,0,5,76,219,2,2,1,3,R PIERRE LAMOTTE,49.72144,0.78345
201500018802,19,9,15,15,1,76,542,2,2,1,1,rue de l'espoir,49.73005,0.74461
201500018803,18,10,15,18,1,76,325,1,1,2,1,,49.65884,0.83314
201500018804,11,1,15,16,1,76,695,1,1,6,6,,49.66314,0.5142
201500018805,29,1,15,18,5,67,448,2,1,2,6,170 Grand-rue,0.0,0.0
201500018806,23,3,15,21,3,67,414,1,1,1,1,,0.0,0.0
201500018807,17,4,15,12,1,67,76,1,1,8,6,PV,0.0,0.0
201500018808,9,5,15,10,1,67,448,2,1,1,3,GRAND'RUE,0.0,0.0
201500018809,13,5,15,10,1,67,414,2,1,1,2,15 rue des jardins,0.0,0.0
201500018810,12,6,15,9,1,67,59,1,1,1,6,,0.0,0.0
201500018811,1,7,15,10,1,67,306,1,1,7,1,"PV,SENS LUTZELH.-SCHIRM.",0.0,0.0
201500018812,6,7,15,1,4,67,424,2,1,1,6,8 route de colroy,0.0,0.0
201500018813,20,8,15,1,3,67,325,1,1,1,7,,0.0,0.0
201500018814,21,8,15,19,1,67,27,1,1,1,3,,0.0,0.0
201500018815,28,11,15,20,5,67,342,2,1,1,6,52 rue de molsheim,0.0,0.0
201500018816,14,6,15,14,1,67,13,1,1,1,7,,0.0,0.0
201500018817,21,6,15,2,3,67,105,2,1,1,7,7 RUE DU GENERAL LECLERC,0.0,0.0
201500018818,5,10,15,1,5,67,88,2,1,1,6,19 RUE DE LA FONTAINE,0.0,0.0
201500018819,10,10,15,15,1,67,401,1,1,1,6,,0.0,0.0
201500018820,7,6,15,22,3,67,19,1,1,1,2,,0.0,0.0
201500018821,21,5,15,15,1,67,443,1,6,1,3,,0.0,0.0
201500018822,9,8,15,16,1,67,69,1,1,1,7,,48.918,8.03299
201500018823,7,12,15,19,3,78,505,1,1,1,6,,0.0,0.0
201500018824,12,7,15,15,1,77,11,2,1,1,3,D52A,48.21988,2.60575
201500018825,2,9,15,16,1,77,297,1,1,1,7,,0.0,0.0
201500018826,3,9,15,17,1,77,45,1,1,1,6,,0.0,0.0
201500018827,18,4,15,20,2,77,263,1,1,1,7,D77,48.47142,3.18464
201500018828,10,5,15,10,1,77,51,2,1,1,6,D412 ROUTE DE SENS,48.4148,3.23398
201500018829,21,5,15,15,1,77,452,1,2,1,3,D403 X D77B,48.47591,3.14617
201500018830,15,8,15,15,1,77,311,1,1,1,6,,0.0,0.0
201500018831,3,10,15,18,1,77,311,1,1,1,1,,0.0,0.0
201500018832,10,5,15,23,5,74,299,1,1,1,6,,0.0,0.0
201500018833,5,7,15,5,4,74,198,1,1,1,6,,0.0,0.0
201500018834,26,7,15,6,1,74,137,1,1,1,6,275 ROUTE DES AIRES,0.0,0.0
201500018835,20,8,15,17,1,74,137,2,1,1,1,,0.0,0.0
201500018836,29,9,15,17,1,74,11,2,6,1,1,Martyrs de la résistance,0.0,0.0
201500018837,7,10,15,12,1,74,11,1,1,8,1,,0.0,0.0
201500018838,20,10,15,14,1,74,11,2,9,1,6,AVENUE DES CARRES,0.0,0.0
201500018839,6,9,15,10,1,74,97,1,4,1,3,1158 RTE D'AIX LES BAINS,0.0,0.0
201500018840,22,3,15,12,1,74,278,2,1,1,6,99 Avenue des lacs,46.074,6.551
201500018841,18,4,15,11,1,74,174,1,1,1,1,"Lieu dit ""LA CULAZ""",0.0,0.0
201500018842,20,4,15,17,1,74,311,1,1,1,2,ROUTE DU FER A CHEVAL,0.0,0.0
201500018843,1,6,15,17,1,74,205,1,1,1,1,LIEU DIT LATRAZ,0.0,0.0
201500018844,9,7,15,9,1,74,164,2,2,1,3,271 AVENUE DU VIEUX PONT,0.0,0.0
201500018845,14,7,15,5,1,74,241,2,1,1,6,1539 ROUTE DE CORMAND,0.0,0.0
201500018846,18,7,15,20,1,74,312,1,1,1,7,RD 1205,0.0,0.0
201500018847,21,7,15,8,1,74,205,2,1,1,3,ROUTE DES CHENEVRIERS,0.0,0.0
201500018848,30,8,15,16,1,74,164,2,1,1,3,ROUTE DE MORSULLAZ,0.0,0.0
201500018849,28,10,15,15,1,74,311,1,1,2,1,,0.0,0.0
201500018850,13,6,15,14,1,74,183,2,6,1,3,RUE DE LA FRUITIERE,0.0,0.0
201500018851,1,8,15,2,3,74,183,1,1,1,7,LIEU DIT LE MAILLET,0.0,0.0
201500018852,19,1,15,19,1,74,128,2,3,4,1,ROUTE DE CHEZ RADELET,0.0,0.0
201500018853,21,3,15,13,1,74,162,1,1,2,1,ROUTE DES TROIS VALLEES,0.0,0.0
201500018854,6,5,15,6,2,74,229,2,1,1,1,ROUTE DE DRAILLANT,0.0,0.0
201500018855,1,6,15,18,1,74,128,1,3,1,1,,46.152,6.34
201500018856,8,8,15,1,5,74,128,2,4,1,6,395 ROUTE  DE MALAN,0.0,0.0
201500018857,25,9,15,16,1,74,211,2,2,1,3,1963 ROUTE DE LA ROCHE,0.0,0.0
201500018858,26,9,15,20,3,74,211,1,1,1,6,,0.0,0.0
201500018859,15,10,15,18,1,74,211,2,1,2,1,ROUTE DE LA ROCHE,0.0,0.0
201500018860,24,10,15,19,2,74,262,1,1,1,6,,0.0,0.0
201500018861,5,11,15,8,1,74,128,1,1,1,3,27 RTE  VALLEE DU GIFFRE,0.0,0.0
201500018862,16,7,15,8,1,74,96,2,1,1,6,CHEMIN DES MOULINS,0.0,0.0
201500018863,26,9,15,18,2,74,259,1,1,1,7,ROUTE DE LA MURAZ,0.0,0.0
201500018864,17,2,15,19,3,74,109,1,3,8,5,,0.0,0.0
201500018865,9,11,15,6,3,74,100,1,1,1,1,,0.0,0.0
201500018866,9,12,15,18,3,74,178,1,1,1,2,,0.0,0.0
201500018867,26,6,15,8,1,74,50,1,3,1,3,,46.219,6.434
201500018868,6,8,15,14,1,74,236,1,1,1,5,,0.0,0.0
201500018869,17,3,15,10,1,74,208,2,4,7,3,AV LA PLAINE/ RUE CENTRE,0.0,0.0
201500018870,18,8,15,4,4,74,103,2,6,1,7,ROUTE DU FAYET,0.0,0.0
201500018871,26,4,15,15,1,59,666,2,1,1,6,ROUTE DE ST OMER,0.0,0.0
201500018872,18,2,15,17,1,25,427,1,1,1,6,,47.277,5.888
201500018873,22,2,15,15,1,25,326,2,1,1,6,7 Grande Rue,47.24,5.778
201500018874,11,4,15,17,1,25,212,1,1,1,5,,0.0,0.0
201500018875,20,4,15,10,1,25,371,2,3,1,3,grande rue,47.245,5.87
201500018876,2,5,15,16,1,25,133,1,1,2,3,,47.314,5.994
201500018877,18,6,15,18,1,25,133,1,1,3,3,,47.318,5.997
201500018878,26,7,15,18,1,25,482,1,1,2,5,,0.0,0.0
201500018879,29,8,15,21,3,25,225,2,1,1,7,2 grande rue,47.23613,5.74369
201500018880,31,8,15,12,1,25,212,2,1,1,2,,0.0,0.0
201500018881,20,9,15,17,1,25,35,1,1,1,1,,47.325,5.958
201500018882,27,10,15,19,3,25,30,1,1,1,1,,47.266,5.864
201500018883,8,11,15,18,3,25,542,1,1,1,2,,0.0,0.0
201500018884,20,3,15,8,1,56,22,1,1,1,7,,0.0,0.0
201500018885,15,6,15,16,1,56,164,1,1,1,3,,47.65848,-2.81824
201500018886,26,8,15,18,1,56,67,2,1,8,1,loperhet,0.0,0.0
201500018887,9,11,15,6,3,56,67,1,1,5,6,,47.7215,-2.87191
201500018888,17,2,15,15,1,56,64,1,1,1,5,,0.0,0.0
201500018889,13,7,15,18,1,56,61,2,1,1,6,LE MOULIN,0.0,0.0
201500018890,26,1,15,14,1,56,52,1,3,1,3,,0.0,0.0
201500018891,3,3,15,15,1,56,155,1,1,1,2,,0.0,0.0
201500018892,30,4,15,17,1,56,2,1,1,2,4,,0.0,0.0