Num_Acc,jour,mois,an,hr,condition_eclairage,departement,commune,condition_agglomeration,intersection,condition_atmosphere,type_collision,adresse,lattitude,longitude
201500018893,23,8,15,17,1,56,2,1,1,1,1,,0.0,0.0
201500018894,21,9,15,20,2,56,2,1,1,2,5,,0.0,0.0
201500018895,23,12,15,20,5,56,212,2,1,2,6,RUE DE CAMBONY,47.54555,-2.15427
201500018896,9,2,15,14,1,56,231,1,1,7,2,,0.0,0.0
201500018897,8,8,15,9,1,56,247,1,1,1,6,,0.0,0.0
201500018898,16,8,15,6,2,56,184,1,1,1,7,,0.0,0.0
201500018899,26,10,15,19,3,56,15,1,1,1,5,,0.0,0.0
201500018900,13,3,15,11,1,56,251,1,1,1,1,,47.6575,-2.65806
201500018901,19,4,15,17,1,56,248,1,1,1,3,,0.0,0.0
201500018902,19,2,15,12,1,56,34,2,1,1,7,56 aVENUE DES dRUIDES,47.5732,-3.07528
201500018903,23,2,15,7,2,56,168,2,1,3,1,d781,0.0,0.0
201500018904,4,3,15,8,1,56,186,2,6,7,6,,47.49281,-3.12228
201500018905,9,3,15,8,1,56,258,2,6,1,6,rue des resistants,0.0,0.0
201500018906,25,7,15,0,3,56,168,1,1,1,2,,47.59103,-3.1325
201500018907,25,7,15,17,1,56,186,1,1,1,3,,47.48042,-3.1172
201500018908,28,7,15,15,1,56,34,2,2,2,3,Avenue de Kermario,47.57314,-3.06969
201500018909,1,8,15,23,5,56,34,2,1,1,3,Avenue des druides,47.57427,-3.07699
201500018910,1,8,15,23,3,56,186,1,1,1,6,,0.0,0.0
201500018911,5,9,15,15,1,56,186,2,1,1,3,Rue du BUTOIR,47.48499,-3.11842
201500018912,19,9,15,1,3,56,34,1,1,1,6,,0.0,0.0
201500018913,31,8,15,9,1,56,177,2,6,8,3,Rond point Saint Michel,47.7791,-3.0075
201500018914,5,2,15,5,5,56,89,1,1,9,6,,0.0,0.0
201500018915,23,2,15,7,3,56,40,1,1,2,3,,0.0,0.0
201500018916,5,3,15,18,1,56,40,1,1,1,6,,47.87823,-3.33705
201500018917,20,3,15,18,1,56,78,1,1,1,7,,0.0,0.0
201500018918,7,5,15,17,1,56,36,1,1,1,6,,47.79839,-3.34845
201500018919,24,5,15,17,1,56,78,1,2,1,3,,0.0,0.0
201500018920,28,7,15,2,3,56,78,1,1,1,6,,47.81899,-3.51569
201500018921,9,8,15,3,3,56,40,1,1,1,6,,47.89145,-3.3523
201500018922,11,8,15,22,5,56,36,1,1,1,1,,47.78745,-3.33007
201500018923,9,9,15,15,1,56,78,1,3,1,3,,47.79214,-3.5202
201500018924,11,9,15,16,1,56,78,2,6,2,7,giratoire du clec h,0.0,0.0
201500018925,19,9,15,20,2,56,78,1,1,1,3,,47.80633,-3.46029
201500018926,25,9,15,9,1,56,63,2,1,7,6,rue des menhirs,47.8036,-3.44362
201500018927,7,10,15,18,1,56,36,2,1,1,3,15 RUE ARAGO LANESTER,47.77836,-3.34401
201500018928,30,10,15,20,3,56,185,1,1,1,6,,47.77213,-3.37914
201500018929,8,11,15,22,5,56,78,1,1,1,2,,0.0,0.0
201500018930,20,11,15,10,1,56,185,1,1,3,6,,0.0,0.0
201500018931,30,4,15,16,1,56,193,2,1,2,6,RUE DE LAUBRIERE,0.0,0.0
201500018932,8,7,15,19,1,56,169,1,1,1,1,,0.0,0.0
201500018933,3,8,15,18,1,56,169,2,1,1,6,,0.0,0.0
201500018934,21,8,15,13,1,56,62,1,1,1,6,,0.0,0.0
201500018935,22,10,15,10,1,56,119,2,1,1,6,pont lesdours,47.71803,-3.1023
201500018936,17,12,15,12,1,56,13,1,1,2,2,,47.67343,-3.14085
201500018937,1,1,15,2,3,56,124,1,1,1,6,28 edouard entremont,47.80958,-2.37284
201500018938,23,1,15,15,1,56,228,1,1,1,7,,47.79094,-2.4219
201500018939,14,5,15,2,3,56,180,1,1,2,6,,47.90925,-2.21308
201500018940,28,5,15,7,1,56,75,2,9,1,3,CD776 LE TERTRE BECHEPY,0.0,0.0
201500018941,30,6,15,10,1,56,211,1,1,1,2,,0.0,0.0
201500018942,14,7,15,16,1,56,75,1,1,1,6,,0.0,0.0
201500018943,8,10,15,17,1,56,244,1,1,1,1,,47.8294,-2.53127
201500018944,4,11,15,10,1,56,133,1,1,1,2,,47.81022,-2.34037
201500018945,26,12,15,10,1,56,20,1,2,1,3,,47.79969,-2.40645
201500018946,10,1,15,6,3,56,190,1,1,2,6,,0.0,0.0
201500018947,31,1,15,10,1,56,190,2,1,1,6,Rue du General de Gaule,0.0,0.0
201500018948,8,2,15,8,3,56,17,1,1,1,6,,0.0,0.0
201500018949,22,2,15,7,2,56,17,1,1,9,6,,0.0,0.0
201500018950,15,3,15,17,1,56,236,1,2,8,3,,0.0,0.0
201500018951,14,4,15,18,1,56,172,1,2,1,3,,47.83298,-2.58949
201500018952,25,4,15,17,1,56,71,1,1,2,6,,0.0,0.0
201500018953,11,6,15,16,1,56,222,2,1,3,1,,47.84869,-2.72562
201500018954,12,6,15,14,1,56,190,1,2,1,1,,0.0,0.0
201500018955,18,6,15,17,1,56,222,2,1,1,1,64 RUE JOSEPH LE BAYON,47.84344,-2.73515
201500018956,22,6,15,16,1,56,17,1,1,1,3,,47.87775,-2.79774
201500018957,2,8,15,1,3,56,198,1,1,1,7,,0.0,0.0
201500018958,24,8,15,9,1,56,160,1,1,2,1,,48.01696,-2.70025
201500018959,11,10,15,3,3,56,47,1,1,1,6,,0.0,0.0
201500018960,2,2,15,10,1,56,213,1,9,1,6,,0.0,0.0
201500018961,24,2,15,19,3,56,178,1,1,2,2,,0.0,0.0
201500018962,25,2,15,6,3,56,151,1,1,2,7,,0.0,0.0
201500018963,1,9,15,9,2,56,178,2,1,1,6,Rue du Tribunal,48.06559,-2.96629
201500018964,7,3,15,19,3,56,140,1,2,1,3,,0.0,0.0
201500018965,12,9,15,12,1,56,10,1,1,1,1,,0.0,0.0
201500018966,30,9,15,12,1,56,117,2,1,1,7,4 rue Jean MOULIN,47.87973,-2.8276
201500018967,10,5,15,5,2,56,14,1,1,1,6,,0.0,0.0
201500018968,10,6,15,15,1,56,66,1,1,1,7,,48.15315,-3.629
201500018969,28,6,15,10,1,56,57,1,1,1,4,,0.0,0.0
201500018970,12,2,15,6,5,95,527,1,1,5,6,RD 902A,48.9969,2.5107
201500018971,5,4,15,9,1,19,73,2,1,1,1,RUE HENRI DIGNAC,45.4051,2.04617
201500018972,9,11,15,7,2,19,131,1,1,1,7,SAUVIAT,45.5574,1.64176
201500018973,14,7,15,14,1,19,31,2,8,1,3,AVENUE GEORGES POMPIDOU,45.1581,1.55867
201500018974,10,5,15,19,1,19,19,2,1,7,6,RUE CHARLES DE GAULLE,44.9782,1.83821
201500018975,19,5,15,7,2,19,169,1,1,8,6,COTE DE LA JEANNE,45.039,1.7687
201500018976,16,10,15,21,3,19,19,1,1,1,2,L'ILE DUCHAMP,44.9867,1.82373
201500018977,25,11,15,11,1,19,150,1,1,2,2,LON,45.0759,1.60721
201500018978,8,12,15,18,3,19,246,2,1,5,6,D148,45.2172,1.45421
201500018979,12,4,15,9,1,19,11,2,1,1,6,07 AVENUE DU MIDI,45.396,1.38039
201500018980,18,1,15,17,1,56,101,1,1,1,6,,0.0,0.0
201500018981,19,1,15,8,2,56,175,1,1,1,1,,0.0,0.0
201500018982,3,2,15,10,1,56,101,2,6,7,3,Rond point de rimpar,0.0,0.0
201500018983,23,2,15,8,1,56,94,2,6,2,3,Rond-Point de Kernours,0.0,0.0
201500018984,4,4,15,5,3,56,94,1,1,1,6,,0.0,0.0
201500018985,20,6,15,19,1,56,101,1,1,1,6,,47.81713,-3.21937
201500018986,20,6,15,21,1,56,101,1,1,1,6,,0.0,0.0
201500018987,12,7,15,14,1,56,177,2,1,1,6,résidence des pins,47.81394,-2.94689
201500018988,12,7,15,15,1,56,90,2,1,1,7,8 RUE Joseph JEGOUSSE,47.84269,-3.2684
201500018989,12,8,15,17,1,56,90,2,1,1,2,rue lan Blenn,47.83204,-3.25922
201500018990,7,9,15,17,1,56,94,1,1,1,1,,47.75094,-3.27044
201500018991,23,10,15,18,1,56,97,1,1,2,6,,0.0,0.0
201500018992,31,10,15,19,2,56,94,1,1,1,1,,0.0,0.0
201500018993,15,9,15,20,3,59,464,1,1,8,2,,0.0,0.0
201500018994,18,9,15,20,3,59,503,1,1,2,6,,0.0,0.0
201500018995,26,9,15,13,1,59,474,1,1,1,7,,0.0,0.0
201500018996,3,4,15,23,3,59,525,2,1,1,6,rue sadi carnot,0.0,0.0
201500018997,30,3,15,21,3,59,311,1,1,2,3,,0.0,0.0
201500018998,12,7,15,1,3,59,118,1,1,1,1,,0.0,0.0
201500018999,7,6,15,15,1,59,572,2,1,7,1,21 Bis Rue de Beaumont,0.0,0.0
201500019000,14,8,15,22,3,59,174,2,1,1,3,route de maubeuge,0.0,0.0
201500019001,13,4,15,18,1,51,617,1,1,1,5,N44,49.02456,4.32573
201500019002,31,10,15,18,3,51,93,1,1,1,6,D951,48.99573,3.89345
201500019003,6,11,15,19,1,51,630,1,1,1,7,D38,48.93597,3.94615
201500019004,30,6,15,11,1,51,596,1,1,1,6,D11,48.88746,3.62352
201500019005,9,10,15,17,1,51,380,2,1,1,1,D23,48.87394,3.54216
201500019006,13,2,15,19,3,51,153,1,1,1,5,D3,49.02775,4.01784
201500019007,24,5,15,16,1,51,287,1,1,1,4,D951,49.08393,3.96144
201500019008,12,9,15,14,1,51,393,1,1,2,6,D22,49.15365,3.93136
201500019009,15,11,15,13,1,51,660,1,8,1,6,D20,49.33768,4.23363
201500019010,7,2,15,18,3,62,608,1,1,1,7,,50.07422,3.03467
201500019011,10,7,15,17,1,62,840,1,1,1,7,,50.09676,2.97624
201500019012,15,11,15,17,2,62,366,1,1,6,1,,50.41784,2.57669
201500019013,10,3,15,8,1,62,773,2,1,7,3,route de Carly,50.64576,1.72659
201500019014,25,8,15,10,1,62,566,2,1,8,1,RD215,50.67378,1.86253
201500019015,20,2,15,17,1,51,397,1,1,3,6,D982,48.96328,4.8917
201500019016,16,7,15,5,2,51,507,2,1,1,6,D3,49.09239,4.89717
201500019017,2,8,15,19,1,51,640,2,1,1,1,D566,49.18725,4.78196
201500019018,13,9,15,1,3,51,197,1,1,1,7,D66,49.06582,4.64442
201500019019,21,9,15,21,3,51,507,1,1,1,6,D3,49.10037,4.96475
201500019020,28,1,15,6,3,91,617,1,1,1,5,N6,48.674,2.508
201500019021,22,1,15,6,3,91,617,1,1,1,5,N6,48.674,2.508
201500019022,30,4,15,18,1,91,553,2,1,2,6,route de st germain,0.0,0.0
201500019023,5,6,15,9,1,91,573,2,1,1,6,rue de la tuilerie,48.623,2.496
201500019024,5,7,15,10,2,91,553,2,1,1,6,"3, av pointe Ringale",48.633,2.492
201500019025,5,7,15,17,1,91,573,2,6,1,2,place YOURCENARD,0.0,0.0
201500019026,7,7,15,18,1,91,600,2,1,1,3,Rue notre dame,0.0,0.0
201500019027,8,8,15,18,1,91,573,1,1,1,7,Bld Christian Julien,0.0,0.0
201500019028,10,8,15,16,1,91,617,1,1,1,1,RD 33,48.643,2.5
201500019029,16,8,15,11,1,91,617,1,1,1,6,RD 33,0.0,0.0
201500019030,11,10,15,7,2,91,577,2,1,5,3,route de melun,0.0,0.0
201500019031,21,11,15,17,5,91,600,2,1,2,6,rue du general de gaulle,48.646,2.456
201500019032,25,11,15,14,1,91,577,2,1,1,6,6 chemin des jardins,0.0,0.0
201500019033,9,12,15,9,1,91,617,1,1,1,2,RD 33,48.65132,2.50687
201500019034,29,1,15,14,1,91,679,1,1,2,3,RD361,48.743,2.125
201500019035,24,2,15,13,1,91,538,1,6,1,2,RD 306,0.0,0.0
201500019036,26,6,15,19,1,91,272,2,1,1,1,route du val de gif,0.0,0.0
201500019037,15,7,15,10,1,91,272,2,1,1,6,route de la noue,48.708,2.148
201500019038,5,10,15,19,5,91,272,2,1,3,7,Rocade de Baudreville,48.691,2.118
201500019039,29,10,15,2,5,91,679,1,1,1,2,RD36,48.737,2.102
201500019040,25,11,15,17,5,91,275,2,1,2,1,route de chartres,0.0,0.0
201500019041,20,2,15,0,3,95,56,1,1,2,6,RD 909,49.0818,2.3551
201500019042,27,4,15,8,1,95,149,1,1,1,3,RD 316,49.1294,2.4316
201500019043,12,5,15,11,1,95,56,1,6,1,6,RTE DE PARIS,49.0943,2.3608
201500019044,2,6,15,7,1,95,26,2,1,1,3,GRANDE RUE,49.1341,2.3593
201500019045,5,6,15,13,1,95,56,1,1,1,2,HAMEAU DU BEAU JAY,49.0861,2.3571
201500019046,5,6,15,17,1,95,652,1,1,1,3,RD 909,49.1108,2.3853
201500019047,8,6,15,8,1,95,56,2,1,1,6,R  MIRVILLE,49.0889,2.3706
201500019048,23,7,15,7,1,95,566,2,1,1,6,R CORENTIN CELTON,49.1069,2.3452
201500019049,19,9,15,5,3,95,652,1,1,1,6,RD 922,49.1325,2.3919
201500019050,14,12,15,8,2,95,214,1,1,5,3,RD 316,49.0907,2.4152
201500019051,18,4,15,0,3,89,14,1,1,1,6,,0.0,0.0
201500019052,5,6,15,18,1,89,434,1,1,7,1,,48.16083,3.43033
201500019053,8,3,15,12,1,57,31,1,1,1,3,GN 49.095 6.282,0.0,0.0
201500019054,2,5,15,13,1,57,160,2,1,1,3,rue de saint savin,0.0,0.0
201500019055,21,7,15,16,1,57,610,1,1,7,1,GN 49.36 6.46,0.0,0.0
201500019056,8,5,15,4,3,57,171,1,1,1,6,,0.0,0.0
201500019057,5,7,15,22,3,57,375,1,1,1,6,GN 48.692 6.71,0.0,0.0
201500019058,27,1,15,12,1,57,377,1,1,1,5,,0.0,0.0
201500019059,13,3,15,18,1,57,314,1,1,1,1,,0.0,0.0
201500019060,26,5,15,15,1,57,44,2,1,1,6,20 rue principale,48.73921,6.81193
201500019061,2,8,15,15,1,57,544,1,1,1,7,,0.0,0.0
201500019062,30,8,15,19,1,57,3,1,1,1,6,,0.0,0.0
201500019063,8,2,15,4,3,57,468,1,1,4,7,,0.0,0.0
201500019064,11,8,15,18,1,57,169,1,1,1,7,"GN 48.736,7.235",48.73782,7.23746
201500019065,23,2,15,8,1,57,390,2,1,4,6,100 gD rue GN49.0127.384,0.0,0.0
201500019066,28,4,15,17,1,57,541,1,1,1,5,GN 49.008 7.507,0.0,0.0
201500019067,9,11,15,0,5,57,390,2,1,1,6,77 GRAND RUE,0.0,0.0
201500019068,5,1,15,19,3,57,22,1,1,5,7,GN  49.385 6.048,0.0,0.0
201500019069,10,4,15,17,1,57,96,2,1,1,3,rue des Ecoles,0.0,0.0
201500019070,15,4,15,18,1,57,529,1,1,1,1,,0.0,0.0
201500019071,11,11,15,21,5,57,305,1,6,1,6,,49.39139,5.98592
201500019072,20,6,15,21,2,57,269,1,1,1,6,GN 49.305 6.179,0.0,0.0
201500019073,16,4,15,15,1,35,173,1,2,1,2,,48.23066,-1.70647
201500019074,20,6,15,14,1,35,24,1,1,1,1,rue Gabares,48.189,-1.644
201500019075,2,7,15,20,1,35,173,1,1,1,3,,48.21044,-1.69945
201500019076,4,9,15,8,1,35,24,1,1,1,2,,48.17465,-1.66511
201500019077,20,11,15,8,2,35,24,1,1,2,1,,48.18905,-1.65964
201500019078,4,12,15,1,3,35,24,1,1,3,6,,48.15653,-1.63712
201500019079,14,12,15,13,1,35,24,1,2,1,3,,48.18472,-1.69382
201500019080,24,12,15,21,3,35,24,2,1,1,6,12 rue du mt st michel,48.18656,-1.62836
201500019081,25,12,15,21,3,35,173,1,9,1,6,,48.20261,-1.72746
201500019082,22,2,15,18,1,31,157,1,1,1,6,avenue du général barès,0.0,0.0
201500019083,28,2,15,19,5,31,157,2,1,2,6,Place de l'Eglise,43.53621,1.34504
201500019084,7,7,15,8,1,31,157,2,1,1,2,rue du pre vicinal,43.53766,1.3425
201500019085,19,1,15,15,1,44,71,1,1,1,6,le patis tonneau,47.18521,-1.39359
201500019086,8,2,15,14,1,30,207,1,1,1,5,,0.0,0.0
201500019087,22,2,15,15,1,30,283,1,1,1,1,,0.0,0.0
201500019088,17,9,15,16,1,30,180,1,1,1,1,,0.0,0.0
201500019089,4,8,15,19,1,62,458,1,1,1,1,,50.79037,2.14928
201500019090,29,8,15,23,3,62,297,2,1,2,5,rue de l'Eglise,50.80717,2.15127
201500019091,26,11,15,7,2,62,792,2,1,1,6,D 943,50.78418,2.18608
201500019092,21,1,15,16,2,83,116,1,1,3,5,,0.0,0.0
201500019093,27,1,15,11,1,83,116,2,1,1,6,chemin du vieux real,43.44968,5.86044
201500019094,5,2,15,20,3,83,140,2,1,1,6,chemin de baou-mouron,43.407,5.957
201500019095,15,2,15,11,1,83,87,1,1,2,1,,43.384,5.74
201500019096,22,3,15,13,1,83,140,1,1,1,3,,0.0,0.0
201500019097,28,3,15,17,1,83,93,1,1,1,6,,0.0,0.0
201500019098,13,5,15,14,1,83,140,1,1,1,6,,0.0,0.0
201500019099,23,5,15,18,1,83,89,1,1,1,1,,43.526,5.806
201500019100,4,6,15,8,1,83,116,2,6,1,6,D560A - D28,0.0,0.0
201500019101,6,7,15,9,1,83,140,1,1,1,1,,0.0,0.0
201500019102,12,9,15,7,2,83,87,1,1,9,7,,0.0,0.0
201500019103,29,1,15,7,1,83,18,1,1,1,5,,0.0,0.0
201500019104,21,3,15,1,4,83,57,1,1,1,7,,0.0,0.0
201500019105,28,3,15,18,1,83,31,1,1,1,5,,0.0,0.0
201500019106,22,5,15,22,5,83,73,2,1,1,6,60 rue Jean Jaurès,0.0,0.0
201500019107,3,7,15,17,1,83,18,2,1,1,1,RD15,0.0,0.0
201500019108,29,8,15,19,1,83,92,2,7,1,6,Place des écoles,43.30205,6.22661
201500019109,15,10,15,6,2,83,73,2,6,1,2,rd pt charles de gaulle,0.0,0.0
201500019110,25,10,15,4,3,83,57,1,1,1,6,,0.0,0.0
201500019111,7,2,15,20,3,74,43,1,1,1,6,,0.0,0.0
201500019112,24,2,15,18,2,74,263,2,2,1,3,,0.0,0.0
201500019113,27,2,15,9,1,74,263,2,1,1,6,chemin de pellotier,0.0,0.0
201500019114,6,3,15,0,5,74,263,2,3,1,5,AV BONNATRAIT / VERGERS,0.0,0.0
201500019115,20,3,15,19,5,74,5,1,2,1,3,,0.0,0.0
201500019116,19,3,15,16,1,74,263,2,2,1,3,,0.0,0.0
201500019117,16,5,15,15,1,74,293,1,2,1,3,,0.0,0.0
201500019118,27,5,15,14,1,74,43,2,3,1,1,RUE DU COURET/RTE COREY,0.0,0.0
201500019119,29,5,15,3,5,74,150,2,6,1,7,26 GRANDE RUE,0.0,0.0
201500019120,26,5,15,16,1,74,48,2,4,1,1,ROUTE ANNEMASSE/ VERAYON,0.0,0.0
201500019121,4,6,15,18,1,74,105,2,3,1,3,AVENUE DU LAC,0.0,0.0
201500019122,10,6,15,19,1,74,171,1,1,1,3,,0.0,0.0
201500019123,5,6,15,13,1,74,206,1,1,1,3,,0.0,0.0
201500019124,22,7,15,6,1,74,70,1,1,1,1,,0.0,0.0
201500019125,31,7,15,21,5,74,105,2,6,1,6,39 AV DU BAS CHABLAIS,0.0,0.0
201500019126,11,8,15,17,1,74,25,1,1,1,6,,0.0,0.0
201500019127,13,8,15,17,1,74,263,2,9,6,3,739 ROUTE DE BONNATRAIT,0.0,0.0
201500019128,16,8,15,20,1,74,158,1,4,1,3,ROUTE DU PAYS DE LA COTE,0.0,0.0
201500019129,23,8,15,12,1,74,315,1,1,1,6,1741 ROUTE D'EXCEVENEX,0.0,0.0
201500019130,13,9,15,5,3,74,106,1,1,2,6,,0.0,0.0
201500019131,24,9,15,19,1,74,263,2,1,1,6,,0.0,0.0
201500019132,15,10,15,5,5,74,105,2,6,1,6,AVENUE DE GENEVE,0.0,0.0
201500019133,1,12,15,17,5,74,293,1,2,1,3,,0.0,0.0
201500019134,2,12,15,13,1,74,157,1,1,2,1,ROUTE DE SEVROZ,0.0,0.0
201500019135,4,12,15,11,1,74,105,2,2,1,6,AVENUE DU BAS CHABLAIS,0.0,0.0
201500019136,18,12,15,7,2,74,70,2,4,1,3,rue du léman,0.0,0.0
201500019137,18,4,15,10,1,24,29,1,1,1,7,,45.0092,0.30817
201500019138,13,8,15,17,1,24,449,1,1,3,6,A89,44.9857,0.18694
201500019139,29,8,15,17,1,24,442,1,1,1,6,GRASSAT,45.1308,0.47524
201500019140,10,2,15,16,1,34,217,2,1,1,7,route de vendargues,43.69102,3.87989
201500019141,11,4,15,6,2,34,169,2,1,1,6,route de mende,43.66206,3.86291
201500019142,1,10,15,20,3,34,309,1,1,1,7,,48.67441,3.94187
201500019143,3,10,15,17,1,34,118,1,1,8,1,,43.72739,3.91304
201500019144,10,10,15,16,1,34,77,2,1,1,6,La Croisée,43.66001,3.90001
201500019145,17,10,15,15,1,34,169,1,6,1,7,,43.67432,3.86761
201500019146,20,11,15,21,5,34,309,2,1,1,1,AVENUE DE MONTPELLIER,43.67929,3.92035
201500019147,13,1,15,17,2,16,15,2,1,1,2,36 AVENUE JULES FERRY,45.64538,0.15349
201500019148,8,4,15,17,1,16,374,2,1,1,2,325 AV DU  GAL DE GAULLE,45.63667,0.20673
201500019149,16,5,15,17,1,16,374,2,2,1,3,,45.64158,0.18678
201500019150,11,3,15,9,1,16,374,2,1,1,6,155 Av du Gal  DE GAULLE,45.64267,0.18843
201500019151,17,3,15,17,1,16,113,2,1,1,6,RUE DU 19 MARS 1962,45.60937,0.09953
201500019152,10,11,15,9,1,16,341,2,3,1,5,,45.63928,0.10849
201500019153,29,3,15,21,5,16,113,1,6,1,7,Rond-Point de l'Oiseller,45.62419,0.11005
201500019154,27,11,15,11,1,16,15,2,7,1,6,Parking du centre E.Lecl,45.65664,0.18178
201500019155,9,11,15,17,1,16,374,2,6,1,3,BOULEVARD LEON BLUM,45.64773,0.18669
201500019156,22,12,15,18,5,16,374,2,1,1,6,87 AV DU Gal DE GAULLE,45.64357,0.18493
201500019157,16,12,15,11,1,16,15,2,1,1,6,20 RUE DE BORDEAUX,45.6528,0.15753
201500019158,9,5,15,23,5,16,15,2,3,1,1,2 PLACE DU Cnt RESNIER,45.6518,0.15481
201500019159,5,4,15,18,1,16,358,2,1,1,4,125 RUE DE ROYAN,45.66445,0.12753
201500019160,10,4,15,6,5,16,15,2,1,1,6,191 RUE DE MONTBRON,45.65075,0.18358
201500019161,7,4,15,22,3,16,291,1,1,1,7,La Fontaine des Riffauds,45.68979,0.24832
201500019162,23,4,15,17,1,16,374,2,6,1,3,giratoire des Effamiers,45.63371,0.21287
201500019163,28,6,15,14,1,16,15,2,3,1,6,102 Bd BESSON BEY,45.65288,0.15213
201500019164,18,4,15,5,3,16,358,1,1,1,7,RUE DE BELLEVUE,45.67356,0.14616
201500019165,17,4,15,22,3,16,154,1,1,1,6,ROUTE DE VARS,45.68776,0.15605
201500019166,19,4,15,9,1,16,15,2,3,1,3,RUE DE QUEBEC,45.63556,0.15328
201500019167,10,7,15,19,1,16,271,2,6,1,2,IMPASSE DE LA PRAIRIE,45.62755,0.15763
201500019168,28,5,15,18,1,16,374,1,6,1,4,Les Effamiers,45.63312,0.21092
201500019169,25,6,15,8,1,16,15,2,2,1,6,,0.0,0.0
201500019170,10,5,15,11,1,16,19,1,1,1,3,L'Ebeaupin,45.7019,0.09425
201500019171,28,5,15,8,1,16,341,2,3,1,3,RUE DE L'EGALITE,45.63983,0.11201
201500019172,1,9,15,18,2,16,15,1,3,1,3,Les Trois Chenes,45.65421,0.11729
201500019173,30,6,15,18,1,16,15,2,6,1,3,CARREFOUR DE LILLE,45.64788,0.16083
201500019174,1,7,15,19,1,16,15,2,3,1,6,RUE ANTOIne ST EXUPERY,45.64842,0.12355
201500019175,27,6,15,20,1,16,15,1,1,1,3,VOIE DE L' EUROPE,45.64243,0.15204
201500019176,6,6,15,10,1,16,15,1,9,1,6,Parking centre E Leclerc,45.65724,0.18183
201500019177,6,6,15,7,1,16,15,2,1,1,6,PLACE SAINT PIERRE,45.64923,0.15108
201500019178,20,9,15,7,2,16,15,2,3,1,6,282 RUE DE BASSEAU,45.65138,0.12352
201500019179,16,6,15,8,1,16,15,2,6,1,1,RUE DE L' EPERON,45.65004,0.16061
201500019180,3,10,15,12,1,16,374,2,3,2,2,AVENUE DU GAL DE GAULLE,45.64158,0.19307
201500019181,19,7,15,17,1,16,358,1,1,1,7,DEVIATION D'ANGOULEME,45.67646,0.14548
201500019182,15,7,15,19,1,16,374,2,3,1,3,Champs de Manoeuvre,45.64512,0.18749
201500019183,10,8,15,9,1,16,15,2,1,1,1,Av du President Wilson,45.65279,0.14675
201500019184,9,8,15,13,1,16,358,2,2,1,1,Les Planes,45.66358,0.12981
201500019185,6,8,15,21,5,16,15,2,1,1,3,113 AVENUE JULES FERRY,45.64666,0.15085
201500019186,20,9,15,17,2,16,15,2,3,1,1,rue de Clérac à Sillac,45.64404,0.14635
201500019187,10,8,15,15,1,16,15,2,6,1,3,RUE DE LIMOGES,45.65279,0.14675
201500019188,30,9,15,8,1,16,15,2,1,1,6,54 RUE des BOISSIERES,45.64877,0.16735
201500019189,3,12,15,8,2,16,15,2,1,1,6,183 ROUTE DE BORDEAUX,45.63509,0.14601
201500019190,9,10,15,15,1,16,15,2,6,1,6,Frégeneuil,45.65282,0.13829
201500019191,16,10,15,12,1,16,15,2,1,1,2,94 RUE DE SAINTES,45.65823,0.14515
201500019192,6,1,15,11,1,16,15,2,1,1,6,PLACE BOUILLAUD,45.64833,0.15542
201500019193,19,1,15,16,1,16,291,2,1,1,2,RUE DUPONT NEUF,45.67896,0.21957
201500019194,17,1,15,10,1,16,15,2,1,1,7,Bd du 8 mai 1945,45.65876,0.17097
201500019195,23,1,15,17,2,16,15,2,1,1,3,467 ROUTE DE BORDEAUX,45.64037,0.13251
201500019196,8,1,15,17,2,16,15,2,1,1,2,RUE DE BASSEAU,45.65117,0.11937
201500019197,30,1,15,8,5,16,15,2,1,1,6,Bd Henri Thebault,45.65788,0.14149
201500019198,11,2,15,10,1,16,15,2,1,1,6,RUE DES BOSQUETS,45.65347,0.12705
201500019199,21,2,15,0,5,16,15,2,3,1,1,RUE DE LAVALETTE,45.64687,0.16618
201500019200,6,3,15,15,1,16,358,2,3,1,3,,45.66286,0.13209
201500019201,12,3,15,16,1,16,358,1,1,1,5,Déviation d'Angoulême,45.60765,0.1378
201500019202,21,1,15,8,1,16,15,2,3,1,2,Av de LATTRE DE TASSIGNY,45.65683,0.17054
201500019203,28,1,15,22,5,16,15,2,1,3,7,112 rue de la tourgarnie,45.64373,0.16637
201500019204,29,1,15,8,1,16,166,2,2,2,6,AVENUE JEAN MERMOZ,45.6696,0.2068
201500019205,6,2,15,15,1,16,15,2,1,1,6,Bd HENRI THEBAUD,45.6582,0.1419
201500019206,8,2,15,19,5,16,15,2,3,1,6,RUE DE MONTBRON,45.65144,0.18828
201500019207,27,2,15,23,5,16,15,2,1,1,6,RUE DE BORDEAUX,45.63792,0.12947
201500019208,14,4,15,12,1,16,89,2,1,1,1,RUE DU COMMERCE,45.68032,-0.31853