Num_Acc,jour,mois,an,hr,condition_eclairage,departement,commune,condition_agglomeration,intersection,condition_atmosphere,type_collision,adresse,lattitude,longitude
201500019209,30,11,15,8,2,16,102,1,1,1,5,Le Bocage,45.71496,-0.33767
201500019210,3,5,15,5,2,16,102,2,3,1,3,9 RUE BASSE DE CROUIN,45.69072,-0.34269
201500019211,21,12,15,17,5,16,102,2,3,1,3,,45.69134,-0.32915
201500019212,6,6,15,12,1,16,102,2,3,1,3,AVENUE DE SAINTES,45.69887,-0.34162
201500019213,5,7,15,21,2,16,102,2,1,1,6,189 rue HAUTE DE CROUIN,45.68562,-0.35462
201500019214,20,7,15,7,1,16,89,2,2,1,3,la Pierre Levee,45.67526,-0.32811
201500019215,28,7,15,11,1,16,102,2,1,1,6,25 RUE LAZARE CARNOT,45.69844,-0.32223
201500019216,8,9,15,17,1,16,102,2,1,1,6,80 RUE DE L ECHASSIER,45.69177,-0.30726
201500019217,22,9,15,8,1,16,102,2,1,1,1,Déviation de Cognac,45.68265,-0.33832
201500019218,1,10,15,16,1,16,102,2,1,1,6,55 Bd DENFERT ROCHEREAU,45.69563,-0.3265
201500019219,9,10,15,10,1,16,102,2,1,1,2,40 Bd Oscar Planat,45.68871,-0.33661
201500019220,20,1,15,16,1,77,6,1,1,1,6,route de fontainebleau,48.4142,2.57835
201500019221,8,2,15,18,2,77,185,1,1,1,7,,0.0,0.0
201500019222,4,7,15,8,1,77,69,1,2,1,3,D637 X ROUTE ST MARTIN,48.4574,2.58811
201500019223,4,10,15,5,5,77,22,2,1,1,6,,0.0,0.0
201500019224,9,6,15,19,1,69,100,1,1,1,7,,0.0,0.0
201500019225,9,7,15,8,1,69,133,1,1,1,1,,45.6501,4.76882
201500019226,14,8,15,19,1,69,46,2,1,1,6,route de saint adbon,45.665,4.794
201500019227,22,9,15,17,1,69,260,2,1,1,3,rue de la fée des eaux,45.6503,4.8027
201500019228,21,11,15,1,5,69,46,2,1,2,3,chemin de corcelles,0.0,0.0
201500019229,1,8,15,4,5,59,114,2,1,1,6,450 Rue d'Hauterive,50.46302,3.49064
201500019230,12,11,15,17,2,66,186,1,1,1,1,,0.0,0.0
201500019231,8,1,15,15,1,17,299,2,1,1,4,BIGNON BOULEVARD ET ROND,45.9476,-0.98796
201500019232,20,3,15,12,1,17,299,2,1,2,2,"13, TOUFAIRE RUE",45.93883,-0.95816
201500019233,24,12,15,12,1,17,299,2,1,1,7,"41, BREUIL RUE DU",45.94448,-0.96783
201500019234,9,1,15,7,5,17,299,2,1,1,7,"., RESISTANCE BOULEVARD",45.93134,-0.9656
201500019235,27,3,15,15,1,17,299,2,1,2,7,"2, PONTY AVENUE W.",45.94639,-0.95444
201500019236,15,1,15,7,5,17,449,2,1,1,7,"6, MITTERRAND Fran?ois r",45.94797,-0.89584
201500019237,31,3,15,12,1,17,449,1,1,1,7,RD 117,45.96238,-0.85444
201500019238,13,2,15,12,1,17,299,2,3,1,3,"., VIVRES QUAI AUX",45.94344,-0.95791
201500019239,24,4,15,10,1,17,299,2,2,1,3,ONZE NOVEMBRE 1918 AVENU,45.92558,-0.96008
201500019240,16,2,15,19,5,17,299,2,2,2,3,"., DE GAULLE AVENUE DU G",45.93574,-0.96342
201500019241,4,4,15,10,1,17,299,2,2,1,3,"62, BERNADOTTE AVENUE",45.95863,-0.96387
201500019242,25,2,15,20,5,17,299,2,1,1,7,"39, PELTIER RUE DU DOCTE",45.9389,-0.96373
201500019243,14,4,15,16,1,17,299,2,1,1,2,"109, GAMBETTA RUE",45.94095,-0.97291
201500019244,25,4,15,16,1,17,449,1,1,1,1,RD 739 (ROUTE DE LUSSANT,45.95381,-0.87554
201500019245,8,3,15,12,1,17,449,2,1,1,2,"51, AUNIS AVENUE D'",45.94904,-0.9187
201500019246,13,3,15,7,3,17,449,1,1,1,1,R.D. 137 (TONNAY CHARENT,45.95822,-0.94211
201500019247,14,5,15,15,1,17,299,1,1,1,2,ROCHELLE ROUTE DE LA,45.96276,-0.97967
201500019248,14,3,15,20,5,17,299,2,2,1,3,"., BEGON ROND POINT ET R",45.94172,-0.95908
201500019249,22,5,15,11,1,17,449,1,1,1,2,"21, RD 739 (ROUTE DE LUS",45.95836,-0.84895
201500019250,15,3,15,0,5,17,299,2,1,1,6,"170, BRIAND BOULEVARD AR",45.94782,-0.97532
201500019251,24,5,15,12,1,17,299,2,1,1,7,"., QUATRE ANES CENTRE CI",45.9541,-0.9782
201500019252,30,5,15,11,1,17,299,2,1,1,6,"15, PELLETAN AVENUE",45.94274,-0.9614
201500019253,4,6,15,18,1,17,299,2,2,1,3,"., DEMY AVENUE JACQUES",45.91724,-0.96073
201500019254,11,6,15,17,1,17,449,1,1,1,7,R.D. 911,45.96961,-0.92
201500019255,29,6,15,17,1,17,449,2,1,1,4,"60, SAINTONGE AVENUE DE",45.94943,-0.90162
201500019256,7,7,15,18,1,17,449,1,1,1,2,"127, SAINTONGE AVENUE DE",45.95257,-0.88323
201500019257,22,7,15,21,2,17,299,2,2,1,3,"., PONTY AVENUE W.",45.94348,-0.96016
201500019258,24,7,15,19,1,17,299,2,2,1,3,Rue THIERS,45.93579,-0.96337
201500019259,25,7,15,9,1,17,299,2,1,2,7,"., COCHON DUVIVIER RUE",45.93633,-0.96328
201500019260,25,7,15,22,2,17,299,1,1,1,3,"., ROCHELLE ROUTE DE LA",45.95951,-0.97889
201500019261,28,7,15,9,1,17,299,2,6,1,3,Rond-point VAUBAN,45.93052,-0.96052
201500019262,31,7,15,22,5,17,299,1,1,1,2,"., R.D.733BIS",45.95837,-0.97797
201500019263,1,8,15,15,1,17,299,1,2,1,3,"., ZOLA RUE EMILE",45.93188,-0.96321
201500019264,1,8,15,19,1,17,299,2,3,1,3,"., BERNADOTTE AVENUE",45.95868,-0.96331
201500019265,15,8,15,16,1,17,449,2,1,1,3,"., SAINTONGE AVENUE DE",45.9505,-0.89577
201500019266,20,8,15,7,1,17,299,2,1,1,7,"06, VERCORS BD DU",45.9477,-0.96595
201500019267,20,8,15,10,1,17,299,2,6,1,3,"., MAISON CAMPAGNE ROND",45.95205,-0.95267
201500019268,21,8,15,15,1,17,299,1,1,1,4,"., C.D. 733",45.95996,-0.97906
201500019269,29,8,15,10,1,17,299,2,1,1,3,"33, FULLER AVENUE",45.95051,-0.94346
201500019270,6,9,15,0,3,17,299,2,1,1,7,"., CHARRE CHEMIN",45.9551,-0.95824
201500019271,18,9,15,8,1,17,449,1,1,2,1,"1, R.D. 137 (TONNAY CHAR",45.94398,-0.86461
201500019272,25,9,15,19,1,17,299,2,1,1,7,"., ZOLA RUE EMILE",45.93156,-0.96266
201500019273,27,9,15,19,1,17,299,2,1,1,7,"., TORRELAVEGA AVENUE DE",45.92905,-0.96422
201500019274,1,10,15,12,1,17,299,2,2,1,3,"., LA FAYETTE RUE",45.93464,0.95967
201500019275,5,10,15,18,1,17,299,2,2,1,3,"., LA FAYETTE RUE",45.93464,-0.95967
201500019276,19,10,15,13,1,17,299,2,2,1,3,PECHEURS D'ISLANDE RUE D,45.94775,-0.98937
201500019277,23,10,15,19,5,17,299,2,1,1,2,"90, JAURES RUE JEAN",45.93098,-0.96058
201500019278,26,10,15,20,5,17,299,2,1,1,1,"35, BACHELARD AVENUE VIC",45.95236,-0.95388
201500019279,28,10,15,13,1,17,299,2,1,1,7,"6, PELLETAN AVENUE",45.94313,-0.96073
201500019280,14,11,15,22,5,17,299,2,4,1,7,"., PONTY AVENUE W.",45.94417,0.95899
201500019281,18,11,15,8,1,17,449,2,2,1,3,"., CHAMP DE FOIRE RUE DU",45.94472,-0.89286
201500019282,17,12,15,13,1,17,299,1,1,1,7,"., ROCHELLE ROUTE DE LA",45.96288,-0.97977
201500019283,5,1,15,12,1,17,300,2,1,1,3,DAUPHINE   AVENUE DE LA,46.168,-1.15011
201500019284,29,12,15,21,5,17,300,2,1,1,3,"55, JOFFRE   BOULEVARD (",46.15794,-1.14232
201500019285,10,1,15,18,1,17,200,1,1,2,7,"02, 04 PK RN237 RE MOULI",46.17824,-1.15813
201500019286,13,1,15,8,2,17,300,2,1,1,2,"75, GRASSET   AVENUE EDM",46.16343,-1.16844
201500019287,14,1,15,13,1,17,300,2,1,1,3,"2, MOTTE ROUGE    PLACE",46.15533,-1.14876
201500019288,25,3,15,16,1,17,300,2,1,1,6,"144, JOFFRE   BOULEVARD",46.15428,-1.14449
201500019289,15,1,15,13,1,17,300,2,1,1,3,JOFFRE   BOULEVARD (27/7,46.16142,-1.13993
201500019290,25,3,15,17,1,17,28,2,1,1,6,CLEMENCEAU   BOULEVARD G,46.13315,-1.1198
201500019291,21,1,15,6,5,17,300,2,2,1,3,"7, GUITON   AVENUE JEAN",46.15969,-1.16574
201500019292,21,1,15,8,1,17,200,1,1,2,2,0 PK RN237 MOULIN JUSTIC,46.18152,-1.1398
201500019293,26,3,15,9,1,17,300,2,2,1,3,"52, FETILLY   AVENUE DE",46.172,-1.15453
201500019294,26,1,15,18,3,17,274,2,2,1,3,"2, D108",46.1535,-1.06462
201500019295,27,1,15,17,1,17,300,2,2,1,3,"02, DAUPHINE   AVENUE DE",46.16644,-1.15091
201500019296,1,2,15,7,5,17,300,2,6,1,6,SENAC DE MEILHAN   RUE,46.15394,-1.15249
201500019297,27,3,15,17,1,17,291,1,1,1,4,0 PK RN237 MOULIN JUSTIC,46.1784,-1.12857
201500019298,1,2,15,23,5,17,300,2,1,1,6,JOFFRE   BOULEVARD (27/7,0.0,0.0
201500019299,2,2,15,16,1,17,300,2,1,1,3,"2, FETILLY   AVENUE DE",46.17001,-1.15192
201500019300,30,3,15,12,1,17,300,2,2,2,3,VESPUCCI   AVENUE AMERIG,46.15005,-1.15476
201500019301,11,2,15,8,2,17,274,2,1,1,7,"2, REPUBLIQUE   ROND-POI",0.0,0.0
201500019302,1,4,15,13,1,17,300,2,2,1,3,"29, VERHAEREN   RUE EMIL",46.16992,-1.13338
201500019303,15,2,15,7,5,17,300,2,2,1,3,33 PK RN11 ROCADE NANTES,0.0,0.0
201500019304,16,2,15,7,2,17,274,2,3,1,2,POTEAU   RUE DU,46.16717,-1.09234
201500019305,2,4,15,22,5,17,300,2,1,1,6,"25, SARTRE   AVENUE JEAN",46.15575,-1.13438
201500019306,28,2,15,12,1,17,300,2,1,1,6,TRUFFAUT  RUE FRANCOIS,46.14618,-1.15414
201500019307,5,4,15,15,1,17,300,2,1,1,6,"9, GUILLET   AVENUE LOUI",46.1696,-1.18378
201500019308,6,4,15,19,2,17,300,2,1,1,7,"304, GUITON   AVENUE JEA",46.16121,-1.18537
201500019309,1,3,15,5,4,17,28,2,1,3,6,"2, VERNE   RUE JULES",46.1315,-1.09478
201500019310,6,4,15,19,2,17,300,2,4,1,3,"9, SCIERIE   RUE DE LA",46.15072,-1.15404
201500019311,3,3,15,13,1,17,300,2,2,1,3,"146, BERNIER   AVENUE DU",46.17146,-1.15906
201500019312,7,4,15,11,1,17,300,2,1,1,6,SAUTEL  BOULEVARD ANDRE,46.16999,-1.1268
201500019313,5,3,15,11,1,17,300,2,1,1,2,SAUTEL  BOULEVARD ANDRE,46.17128,-1.12317
201500019314,7,4,15,15,1,17,300,2,2,1,3,"66, QUATORZE JUILLET   A",46.15207,-1.12406
201500019315,4,3,15,0,3,17,300,2,1,1,7,"2, TELLIER   RUE CHARLES",46.14944,-1.20586
201500019316,8,4,15,15,1,17,300,2,1,1,6,"52, ALBERT IER   RUE",46.16594,-1.15112
201500019317,11,3,15,12,1,17,28,1,1,1,4,112 PK RN137 JUSTICE ROC,46.12111,-1.10964
201500019318,8,4,15,16,1,17,300,2,1,1,3,"67, COGNEHORS   BOULEVAR",46.16806,-1.1424
201500019319,8,4,15,18,1,17,300,2,1,1,6,"20, PALAIS   RUE DU",46.159,-1.15386
201500019320,10,4,15,15,1,17,300,2,1,2,2,"9, VIELJEUX   RUE LEONCE",46.15789,-1.15417
201500019321,14,4,15,8,1,17,200,2,1,1,6,"22, CHAUMES   RUE DES",46.17656,-1.16162
201500019322,14,4,15,19,1,17,200,1,1,1,2,HUIT MAI 1945   AVENUE D,46.17969,-1.15402
201500019323,15,4,15,18,1,17,300,2,1,1,2,"23, LECLERC   AVENUE DU",46.16268,-1.16131
201500019324,16,4,15,8,1,17,300,2,1,1,6,"2, PERIGNY   RUE DE",46.16213,-1.1225
201500019325,16,4,15,18,1,17,291,1,1,2,3,"07, TREUIL GRAS  RUE DU",46.18096,-1.10399
201500019326,18,4,15,6,2,17,300,2,1,1,6,"69, SARTRE   AVENUE JEAN",46.15612,-1.13159
201500019327,19,4,15,15,1,17,274,2,1,1,1,"17, CHEVERNY   RUE DE",46.15754,-1.0935
201500019328,20,4,15,18,1,17,28,1,1,1,4,114 PK RN137 JUSTICE ROC,46.13729,-1.10352
201500019329,21,4,15,16,1,17,300,1,1,1,2,114 PK RN137 JUSTICE ROC,46.15002,-1.11179
201500019330,22,4,15,13,1,17,300,2,1,1,3,CLEMENCEAU   AVENUE GEOR,46.16362,-1.18197
201500019331,23,4,15,1,5,17,300,2,1,1,7,GUITON   AVENUE JEAN (9/,46.15982,-1.16674
201500019332,24,4,15,15,1,17,300,2,1,1,2,"12, BARBAROUX   RUE",46.15238,-1.11972
201500019333,25,4,15,12,1,17,300,2,1,1,3,"54, MAIL   ALLEE DU",46.15599,-1.16689
201500019334,25,4,15,17,1,17,300,2,1,1,1,"32, NORMANDIN   RUE EMIL",46.14758,-1.14327
201500019335,27,4,15,13,1,17,300,2,3,1,3,"402, GUITON   AVENUE JEA",46.15945,-1.19999
201500019336,28,4,15,18,1,17,300,2,1,1,6,"33, NORMANDIN   RUE EMIL",46.14874,-1.14403
201500019337,3,5,15,14,1,17,200,2,1,1,1,"50, ROSE AVENUE DU FIEF",46.17445,-1.16671
201500019338,3,5,15,20,2,17,300,2,1,1,3,"17, MULHOUSE  AVENUE DE",46.15473,-1.14562
201500019339,10,5,15,14,1,17,300,2,1,1,7,"48, BERGERIE   RUE DE LA",46.17561,-1.17496
201500019340,13,5,15,22,5,17,300,2,1,1,2,"245, GUITON   AVENUE JEA",46.16156,-1.17858
201500019341,19,5,15,19,1,17,300,2,1,1,3,"88, PERIGNY   RUE DE",46.16209,-1.12261
201500019342,24,5,15,9,1,17,200,2,1,1,3,"75, HUIT MAI 1945   AVEN",46.18476,-1.15199
201500019343,25,5,15,3,5,17,300,2,1,1,7,"45, FROMENTIN   RUE CHAR",46.16507,-1.17631
201500019344,25,5,15,12,1,17,300,2,1,1,6,"20, BILLAUD-VARENNE   AV",46.15206,-1.12207
201500019345,27,5,15,18,1,17,300,1,1,1,5,34 PK RN11 ROCADE NANTES,46.17548,-1.1091
201500019346,28,5,15,3,5,17,300,2,1,1,6,"19, MAUBEC   QUAI",46.15891,-1.14977
201500019347,28,5,15,9,1,17,300,2,2,1,3,"4, REPENTIE   AVENUE DE",46.17197,-1.21294
201500019348,28,5,15,18,1,17,300,2,2,1,3,"02, HILAIRE   COURS DAME",46.16864,-1.17281
201500019349,30,5,15,20,1,17,300,2,6,1,3,"1, BERNIER   AVENUE DU L",46.17306,-1.16115
201500019350,1,6,15,19,1,17,300,2,2,1,3,"17, VESPUCCI   AVENUE AM",46.15005,-1.15474
201500019351,2,6,15,18,1,17,300,2,1,1,4,"01, REMPARTS   CHEMIN DE",46.1556,-1.15849
201500019352,3,6,15,14,1,17,300,2,1,1,2,"24, FILATURE   RUE DE LA",46.16233,-1.20854
201500019353,4,6,15,13,1,17,300,2,3,1,1,"33, NORMANDIN   RUE EMIL",46.14884,-1.14412
201500019354,4,6,15,16,1,17,300,2,1,1,3,"2, JUSTICES   RUE DU MOU",46.1714,-1.12327
201500019355,7,6,15,13,1,17,300,2,1,1,7,"18, MAIL   ALLEE DU",46.15605,-1.16392
201500019356,10,6,15,19,1,17,300,2,1,1,2,"85, KENNEDY   AVENUE DU",46.16786,-1.18357
201500019357,12,6,15,0,5,17,300,2,1,2,6,"42, LYAUTEY   BOULEVARD",46.16139,-1.20679
201500019358,12,6,15,8,1,17,28,1,1,1,4,112 PK RN137 ROCHEFORT J,46.1208,-1.10937
201500019359,12,6,15,18,1,17,200,2,6,1,6,"3, ROSE AVENUE DU FIEF",46.1742,-1.16654
201500019360,15,6,15,9,1,17,200,2,2,1,3,"17, GUIGNARDERIE   RUE D",46.18937,-1.13215
201500019361,18,6,15,10,1,17,300,2,2,1,3,"41, DESIREE   RUE DE LA",46.14994,-1.15553
201500019362,17,6,15,10,1,17,300,2,1,1,2,"16, EINSTEIN   AVENUE AL",46.14844,-1.15372
201500019363,19,6,15,12,1,17,200,2,1,1,2,"5, OISEAUX DE MER   AVEN",46.1878,-1.15777
201500019364,20,6,15,12,1,17,300,2,1,1,7,"201, CARNOT   AVENUE",46.1646,-1.18027
201500019365,22,6,15,7,1,17,300,2,1,1,1,"54, LACROIX   RUE MARIUS",46.17197,-1.14748
201500019366,22,6,15,7,1,17,300,2,1,1,6,"97, POINCARE   AVENUE RA",46.17027,-1.20315
201500019367,23,6,15,17,1,17,300,2,2,1,3,"3, NORMANDIN   RUE EMILE",46.15212,-1.14809
201500019368,26,6,15,17,1,17,300,2,1,1,3,"106, CHAMP DE MARS   AVE",46.16906,-1.14702
201500019369,1,7,15,23,5,17,300,2,2,1,3,"110, COLIGNY   AVENUE",46.16152,-1.16541
201500019370,2,7,15,16,1,17,300,2,1,1,2,"08, LECLERC   AVENUE DU",46.16265,-1.16062
201500019371,3,7,15,16,1,17,300,2,1,1,6,"00, SARTRE   AVENUE JEAN",46.15622,-1.1305
201500019372,7,7,15,7,1,17,300,2,1,1,3,"00, LECLERC   AVENUE DU",46.16266,-1.16067
201500019373,9,7,15,3,5,17,300,2,2,1,7,"00, FAGOTS   RUE DES",46.15632,-1.15731
201500019374,9,7,15,14,1,17,300,2,1,1,1,"00, BARBUSSE   RUE HENRI",46.15557,-1.137
201500019375,9,7,15,5,1,17,300,2,1,1,2,"00, 33 PK RN11 ROCADE NA",46.17236,-1.11917
201500019376,10,7,15,15,1,17,300,2,1,1,6,"73, COGNEHORS   BOULEVAR",46.17149,-1.13945
201500019377,11,7,15,11,1,17,300,2,1,1,3,"19, JOFFRE   BOULEVARD (",46.16042,-1.14077
201500019378,12,7,15,0,5,17,300,2,3,1,7,"00, PALISSY   RUE BERNAR",46.16955,-1.16364
201500019379,12,7,15,3,5,17,300,2,1,1,7,"00, FETILLY   AVENUE DE",46.17155,-1.15368
201500019380,13,7,15,0,5,17,300,2,2,1,3,"00, PROUDHON   RUE PIERR",46.15446,-1.13127
201500019381,14,7,15,8,1,17,300,2,1,1,6,"293, GUITON   AVENUE JEA",46.16161,-1.18201
201500019382,15,7,15,1,5,17,300,2,1,1,4,"00, SARTRE   AVENUE JEAN",46.15652,-1.1272
201500019383,15,7,15,5,1,17,300,2,1,1,7,"20, COGNEHORS   BOULEVAR",46.1671,-1.13872
201500019384,15,7,15,16,1,17,28,2,1,1,6,"00, GARE   RUE DE LA",46.13349,-1.11328
201500019385,22,7,15,14,1,17,300,2,2,1,1,"00, LECLERC   AVENUE DU",46.16272,-1.16145
201500019386,22,7,15,16,1,17,274,2,1,1,2,"00, JOLIOT-CURIE   AVENU",46.1596,-1.10334
201500019387,22,7,15,19,1,17,28,1,1,1,7,"00, 114 PK RN137 JUSTICE",46.13724,-1.1035
201500019388,24,7,15,15,1,17,300,2,3,1,4,"00, JUIN   AVENUE DU MAR",46.15941,-1.17964
201500019389,25,7,15,3,5,17,274,2,1,1,7,17 rue du Poteau,46.16536,-1.11034
201500019390,27,7,15,13,1,17,200,2,1,1,6,"00, ROSE AVENUE DU FIEF",46.17416,-1.16666
201500019391,28,7,15,19,1,17,200,2,1,2,2,"00, 03 PK RN237 MOULIN J",46.17825,-1.15808
201500019392,30,7,15,12,1,17,300,2,1,1,6,RAMBAUD   RUE,46.16314,-1.15246
201500019393,30,7,15,6,1,17,300,2,1,1,2,"00, SAUTEL  BOULEVARD AN",46.16666,-1.13661
201500019394,31,7,15,15,1,17,300,2,1,1,2,"46, JURA   RUE DU",46.17536,-1.19601
201500019395,1,8,15,18,1,17,291,1,1,1,7,D 263,46.17422,-1.11303
201500019396,4,8,15,16,1,17,300,2,1,1,2,"67, COGNEHORS   BOULEVAR",46.16806,-1.14239
201500019397,5,8,15,7,1,17,300,2,2,1,3,"9, DENFERT-ROCHEREAU   A",46.16506,-1.19381
201500019398,10,8,15,8,1,17,300,2,1,1,3,"42, CIMETIERE   AVENUE D",46.1629,-1.13485
201500019399,10,8,15,11,1,17,300,2,1,1,2,PROUDHON   RUE PIERRE JO,46.1537,-1.13154
201500019400,10,8,15,17,1,17,300,2,1,1,3,"17, MADELEINE   RUE DE L",46.149,-1.14541
201500019401,12,8,15,22,5,17,300,2,1,1,7,"05, MINAGE   RUE PAS DU",46.16259,-1.14968
201500019402,14,8,15,11,1,17,291,2,1,1,6,"14, QUATORZE JUILLET   R",46.17336,-1.11842
201500019403,14,8,15,12,1,17,300,2,9,1,7,"17, FROMENTIN   RUE CHAR",46.16507,-1.17629
201500019404,15,8,15,18,1,17,291,1,1,1,4,01 PK RN237 RE MOULIN JU,46.17875,-1.12904
201500019405,17,8,15,13,1,17,200,2,6,1,2,"17, HUIT MAI 1945   AVEN",46.17816,-1.15256
201500019406,20,8,15,12,1,17,300,2,1,1,6,"44, PETROZAVODSK   PLACE",46.15967,-1.17911
201500019407,20,8,15,15,1,17,300,2,1,1,3,"156, CREPEAU   AVENUE MI",46.15379,-1.15355
201500019408,21,8,15,17,1,17,300,2,1,1,2,"279, CARNOT   AVENUE",46.16532,-1.18623
201500019409,21,8,15,22,5,17,300,2,6,1,2,"1, MARILLAC   AVENUE",46.14035,-1.16485
201500019410,22,8,15,11,1,17,300,2,2,1,3,"256, CARNOT   AVENUE",46.16437,-1.17739
201500019411,29,8,15,19,1,17,300,2,2,1,3,"2, FETILLY   AVENUE DE",46.17019,-1.15226
201500019412,31,8,15,12,1,17,300,2,1,1,2,"56, SAUTEL  BOULEVARD AN",46.16768,-1.13372
201500019413,1,9,15,11,1,17,28,2,2,1,4,"21, GAULLE   AVENUE DU G",46.13325,-1.11954
201500019414,1,9,15,17,1,17,291,1,1,1,2,09 PK RN237 RE MOULIN JU,46.17627,-1.12578
201500019415,2,9,15,8,1,17,300,2,2,1,3,"51, NORMANDIN   RUE EMIL",46.15043,-1.14617
201500019416,3,9,15,8,1,17,200,2,6,1,6,"1, VENDOME   RUE DU MOUL",46.17824,-1.15288
201500019417,3,9,15,9,1,17,300,2,2,1,2,D 106,46.18221,-1.20145
201500019418,3,9,15,11,1,17,300,2,2,1,6,"17, KENNEDY   AVENUE DU",46.16755,-1.18077
201500019419,3,9,15,11,1,17,300,1,1,1,2,08 PK RN237 MOULIN JUSTI,46.17569,-1.21506
201500019420,3,9,15,15,1,17,300,1,1,1,2,117 PK RN137 JUSTICE ROC,46.16245,-1.12215
201500019421,3,9,15,16,1,17,300,2,1,1,3,"7, BARBUSSE   RUE HENRI",46.15536,-1.13672
201500019422,4,9,15,15,1,17,300,2,1,1,2,"27, REPUBLIQUE   BOULEVA",46.13829,-1.15229
201500019423,4,9,15,17,1,17,300,2,1,1,4,"2, SARTRE   AVENUE JEAN-",46.15621,-1.13049
201500019424,7,9,15,17,1,17,300,2,1,1,3,"1, BEAUREGARD   RUE DE",46.16766,-1.1398
201500019425,7,9,15,18,1,17,300,2,2,1,1,"1, BRIQUETERIE   RUE DE",46.16271,-1.16149
201500019426,8,9,15,15,1,17,300,2,1,1,7,"2, QUATORZE JUILLET   AV",46.15319,-1.13047
201500019427,8,9,15,18,1,17,300,2,1,1,6,"49, PALAIS   RUE DU",46.15877,-1.15391
201500019428,8,9,15,22,5,17,300,2,1,1,7,"1, SIMENON   QUAI GEORGE",46.15489,-1.15111
201500019429,9,9,15,9,1,17,300,2,6,1,3,"01, MONNET   AVENUE JEAN",46.1461,-1.15283
201500019430,10,9,15,14,1,17,300,2,1,1,3,"15, FOLLETIER  RUE FRANÇ",46.14231,-1.15292
201500019431,10,9,15,18,1,17,291,2,1,1,2,"6, DIX-HUIT JUIN   RUE D",46.17594,-1.1123
201500019432,11,9,15,0,5,17,300,2,1,1,6,"77, MISSY   RUE DE",46.15921,-1.17248
201500019433,11,9,15,13,1,17,300,1,1,1,6,05 PK RN237 MOULIN JUSTI,46.17357,-1.17827
201500019434,11,9,15,15,1,17,300,2,1,1,6,"12, CONDE   RUE HENRI DE",46.16732,-1.16166
201500019435,11,9,15,22,5,17,300,2,1,1,1,"51 BIS, LACROIX   RUE MA",46.17307,-1.14646
201500019436,13,9,15,9,1,17,300,2,1,1,2,"25, SARTRE   AVENUE JEAN",46.15575,-1.13438
201500019437,14,9,15,8,1,17,300,2,2,2,6,"25, SAUTEL  BOULEVARD AN",46.16919,-1.12914
201500019438,15,9,15,17,1,17,300,2,1,1,6,"55, JOFFRE   BOULEVARD (",46.15865,-1.14192
201500019439,16,9,15,13,1,17,300,2,6,1,6,LACROIX   RUE MARIUS,46.16995,-1.14658
201500019440,18,9,15,10,1,17,291,2,1,1,3,"01, JUIN 18  RUE",46.17592,-1.11333
201500019441,18,9,15,13,1,17,300,1,1,1,2,112 PK RN137 JUSTICE ROC,46.12095,-1.10948
201500019442,18,9,15,21,4,17,300,2,1,1,6,"111, COLIGNY   AVENUE",46.16175,-1.16539
201500019443,19,9,15,15,1,17,300,2,1,1,6,"51, ORBIGNY   RUE ALCIDE",46.1639,-1.14723
201500019444,22,9,15,15,1,17,300,2,1,1,5,"63, SAUTEL  BOULEVARD AN",46.16792,-1.13314
201500019445,23,9,15,18,1,17,300,2,2,1,5,"25, VARSOVIE   AVENUE DE",46.16877,-1.16962
201500019446,25,9,15,18,1,17,300,2,1,1,6,"2, CONVENTION   RUE DE L",46.15099,-1.11632
201500019447,27,9,15,1,3,17,300,1,1,1,6,537 RN ECHANGEUR LA PALL,46.17061,-1.18967
201500019448,28,9,15,12,1,17,300,2,2,1,3,"01, COUBERTIN   AVENUE P",46.16519,-1.17502
201500019449,28,9,15,14,1,17,300,1,2,1,3,"1, REPENTIE   AVENUE DE",46.1705,-1.20436
201500019450,28,9,15,18,1,17,200,2,6,1,3,"01, HUIT MAI 1945   AVE",46.1902,-1.14683
201500019451,29,9,15,19,1,17,300,2,3,1,2,"24, ALBERT IER   RUE",46.16467,-1.1516
201500019452,30,9,15,17,1,17,28,2,2,1,2,"159, GRASSET   AVENUE ED",46.1316,-1.10352
201500019453,30,9,15,21,5,17,300,2,4,1,1,"05, SCHWEITZER   RUE DU",46.15851,-1.14567
201500019454,8,10,15,8,1,17,300,2,3,1,3,"10, HOTEL DE VILLE   RUE",46.15923,-1.15178