Num_Acc,jour,mois,an,hr,condition_eclairage,departement,commune,condition_agglomeration,intersection,condition_atmosphere,type_collision,adresse,lattitude,longitude
201500019455,8,10,15,16,1,17,300,1,1,1,3,"06, DANTON   AVENUE",46.15556,-1.11882
201500019456,9,10,15,10,1,17,300,2,2,1,3,"45, MAIL   ALLEE DU",46.15595,-1.161
201500019457,9,10,15,14,1,17,200,2,1,1,7,"01, NIEUL SUR MER  ROUTE",46.19198,-1.14762
201500019458,9,10,15,17,1,17,300,2,1,1,3,"2 G, VESPUCCI   AVENUE A",46.15321,-1.15467
201500019459,9,10,15,17,1,17,300,2,3,1,3,"15, COLIGNY   AVENUE",46.15729,-1.16616
201500019460,12,10,15,7,2,17,300,2,2,1,3,"06, REPUBLIQUE   BOULEVA",46.13842,-1.15137
201500019461,13,10,15,14,1,17,300,2,6,1,3,"01, CHAMP DE MARS   AVEN",46.16957,-1.15115
201500019462,14,10,15,9,1,17,300,2,1,1,6,"12, REPUBLIQUE   BOULEVA",46.13838,-1.15177
201500019463,14,10,15,11,1,17,300,2,1,1,3,"77, GUITON   AVENUE JEAN",46.1598,-1.16657
201500019464,15,10,15,17,1,17,28,2,1,1,1,"51, GRASSET   AVENUE EDM",46.13341,-1.11389
201500019465,17,10,15,7,2,17,300,1,1,1,6,114 PK RN137 ROCHEFORT J,46.13726,-1.1035
201500019466,17,10,15,10,1,17,300,2,6,1,2,"1, SARTRE   AVENUE JEAN-",46.1534,-1.11302
201500019467,17,10,15,12,1,17,300,2,2,1,3,"01, LOMBARD   AVENUE MOD",46.17491,-1.19707
201500019468,18,10,15,19,2,17,300,2,1,1,6,"21, KENNEDY   AVENUE DU",46.16784,-1.18355
201500019469,24,10,15,2,5,17,300,2,2,1,3,"17, ECOLES   RUE DES",46.16356,-1.15467
201500019470,26,10,15,8,1,17,300,2,2,1,6,"50, SARTRE   AVENUE JEAN",46.15622,-1.13061
201500019471,30,10,15,23,5,17,300,2,2,1,3,"28, VILLENEUVE   RUE",46.16175,-1.1467
201500019472,1,11,15,18,5,17,300,2,2,1,3,"37, JOFFRE   BOULEVARD (",46.15329,-1.14618
201500019473,2,11,15,15,1,17,300,2,2,1,2,GRASSET   AVENUE EDMOND,46.16324,-1.1664
201500019474,2,11,15,16,1,17,300,1,1,1,7,"1, FETILLY   PLACE DE",46.17332,-1.15627
201500019475,5,11,15,3,3,17,200,1,1,1,6,03 PK RN237 MOULIN JUSTI,46.17859,-1.1577
201500019476,6,11,15,17,2,17,274,2,1,1,7,"88, CHATEAU   RUE DU",46.15163,-1.09386
201500019477,8,11,15,17,2,17,300,1,1,1,3,"2, REPENTIE   AVENUE DE",46.10326,-1.13191
201500019478,8,11,15,23,5,17,300,2,1,1,6,"44, CORDELIERS   AVENUE",46.16635,-1.1415
201500019479,13,11,15,8,1,17,300,2,1,1,3,"80, GONTHIERES   RUE DES",46.17574,-1.15467
201500019480,13,11,15,10,1,17,28,2,1,2,7,"52, FABIEN   RUE DU COLO",46.08,-1.0649
201500019481,13,11,15,19,5,17,300,2,6,1,3,"1, REPENTIE   AVENUE DE",46.17196,-1.21289
201500019482,16,11,15,18,3,17,291,1,1,1,4,0 PK RN237 MOULIN JUSTIC,46.10055,-1.07155
201500019483,16,11,15,18,5,17,300,2,1,1,1,"71, SARTRE   AVENUE JEAN",46.09176,-1.08109
201500019484,19,11,15,10,1,17,300,1,1,1,7,06 PK RN237 MOULIN JUSTI,46.0,-1.0
201500019485,20,11,15,8,2,17,300,2,1,1,6,"12, DUMONT   RUE DU GENE",46.0,-1.0
201500019486,22,11,15,3,5,17,300,2,1,1,6,"123, SARTRE   AVENUE JEA",46.0,-1.0
201500019487,24,11,15,18,5,17,300,2,1,1,6,"1, COLMAR   AVENUE DE",46.09231,-1.0892
201500019488,24,11,15,23,5,17,300,2,6,1,3,"2, BRETIGNIERE   RUE",46.16159,-1.13978
201500019489,25,11,15,7,2,17,200,2,1,1,6,AVIGNON   RUE D',46.17915,-1.15761
201500019490,27,11,15,10,1,17,300,2,1,1,6,"54, SAUTEL  BOULEVARD AN",46.16755,-1.13394
201500019491,27,11,15,18,5,17,291,2,1,2,1,"21, BELGIQUE  RUE",46.17823,-1.12219
201500019492,28,11,15,5,3,17,300,1,1,1,7,"01, 115 PK RN137 JUSTICE",46.1464,-1.10936
201500019493,28,11,15,11,1,17,300,2,9,1,2,"42, CORSAIRES   AVENUE D",46.16649,-1.1742
201500019494,28,11,15,15,1,17,291,2,1,1,6,"30, TREUIL GRAS  RUE DU",46.17937,-1.10707
201500019495,2,12,15,9,1,17,300,2,1,1,1,"17, CORDELIERS   AVENUE",46.16365,-1.14499
201500019496,2,12,15,15,1,17,300,1,1,1,4,112 PK RN137 ROCHEFORT J,46.12085,-1.10937
201500019497,3,12,15,18,5,17,300,2,1,1,2,"58BIS, FRENES   RUE DES",46.14271,-1.14476
201500019498,4,12,15,2,5,17,300,2,1,1,6,REMPARTS   CHEMIN DES,46.16268,-1.15518
201500019499,5,12,15,16,1,17,274,2,6,1,6,REPUBLIQUE   ROND-POINT,46.1533,-1.11111
201500019500,5,12,15,19,5,17,300,2,1,1,3,GUILLET   AVENUE LOUIS,46.16947,-1.1809
201500019501,5,12,15,20,5,17,300,2,9,1,1,LECLERC   AVENUE DU GENE,46.16261,-1.16017
201500019502,6,12,15,21,5,17,300,1,1,1,7,"46, SARTRE   AVENUE JEAN",46.15605,-1.13326
201500019503,9,12,15,19,5,17,291,2,1,1,2,ONZE NOVEMBRE   RUE DU,46.1734,-1.11674
201500019504,9,12,15,12,1,17,300,2,1,1,2,"8, CHAUDRIER   RUE",46.16044,-1.15336
201500019505,11,12,15,8,2,17,300,2,1,1,1,"24, GRANDES VARENNES   A",46.16827,-1.17763
201500019506,11,12,15,10,1,17,300,2,1,1,2,"50, MOULIN   AVENUE JEAN",46.14234,-1.13959
201500019507,11,12,15,12,1,17,300,2,9,1,6,MONNET   AVENUE JEAN,46.14423,-1.15312
201500019508,14,12,15,13,1,17,274,2,1,1,2,"4, LANGEVIN   AVENUE PAU",46.16068,-1.10083
201500019509,14,12,15,14,1,17,300,2,1,1,2,"2, JUSTICES   RUE DU MOU",46.17151,-1.1233
201500019510,16,12,15,15,1,17,300,2,1,1,6,"31, VALIN   QUAI",46.1568,-1.14976
201500019511,16,12,15,18,5,17,200,2,1,1,6,HUIT MAI 1945   AVENUE D,46.18374,-1.15222
201500019512,18,12,15,5,3,17,28,2,1,2,1,"11, CLAIRES   RUE DES",46.12721,-1.13086
201500019513,23,12,15,18,3,17,300,1,1,1,2,05 PK RN237 RE MOULIN JU,46.17364,-1.17821
201500019514,2,1,15,4,3,17,306,2,1,1,7,EXPRESS (VOIE),45.63072,-1.00656
201500019515,5,11,15,8,1,17,333,2,1,1,6,TOURTET (AV. LT COLONEL),45.60757,-0.99258
201500019516,26,3,15,17,1,17,306,2,3,1,6,"., ROCHEFORT (DE)  (AVEN",45.64064,-1.02491
201500019517,2,1,15,11,1,17,306,2,1,1,6,"69, REGAZZONI (AVENUE CH",45.63407,-1.03453
201500019518,10,11,15,20,3,17,306,1,1,5,2,EXPRESS (VOIE),45.62264,-0.9967
201500019519,30,3,15,20,5,17,306,2,3,1,2,"., BESANCON (PASTEUR SAM",45.62872,-1.01034
201500019520,2,1,15,14,1,17,380,2,1,1,2,CHEVAILLE (AVENUE DE LA),45.66379,-1.07211
201500019521,11,11,15,16,1,17,306,2,1,1,7,EXPRESS (VOIE),45.62559,-0.999
201500019522,4,4,15,5,3,17,461,1,1,1,6,"., EXPRESS (VOIE)",45.65008,-1.04843
201500019523,21,11,15,16,1,17,333,2,2,1,3,DE LATTRE DE TASSIGNY (B,45.60302,-0.99692
201500019524,12,4,15,19,1,17,306,1,3,1,6,"., LOTI PIERRE",45.624,-1.02915
201500019525,8,1,15,15,1,17,306,2,1,1,6,EXPRESS (VOIE),45.63978,-1.03004
201500019526,21,11,15,17,2,17,380,2,1,1,6,GANIPOTE (AVENUE DE LA),45.65196,-1.08738
201500019527,21,1,15,12,1,17,306,2,1,1,1,"16, DOUMER  (PORTIQUE)",45.6265,-1.02738
201500019528,19,4,15,19,2,17,306,2,1,1,6,"25, LAIR  LOUIS (BD)",45.62349,-1.03945
201500019529,24,11,15,14,1,17,306,2,2,1,3,BRANLY EDOUARD,45.37499,-0.59457
201500019530,23,1,15,15,1,17,306,2,1,1,2,GABORIAU (IMPASSE EMILE),45.6271,-1.01237
201500019531,25,4,15,14,1,17,306,2,2,1,6,"59, EUROPE (COURS DE L')",45.62491,-1.02123
201500019532,1,12,15,16,2,17,306,2,1,1,6,HEDDE (AVENUE DANIEL),45.62921,-1.03229
201500019533,23,1,15,17,1,17,306,2,1,1,6,"44, LECLERC MARECHAL (AV",45.62444,-1.01891
201500019534,28,4,15,16,1,17,306,2,1,1,4,"., BOUCHET LOUIS (AVENUE",45.62748,-0.99706
201500019535,2,12,15,12,1,17,333,2,1,1,3,TILLEULS (AVENUE DES),45.36145,-0.59362
201500019536,29,1,15,18,3,17,306,2,1,2,4,"., ROCHEFORT (DE)  (AVEN",45.64481,-1.02466
201500019537,9,5,15,18,1,17,380,2,1,1,6,"., COLOMBES (DES)",45.64338,-1.02621
201500019538,31,1,15,14,1,17,380,2,1,1,6,"., SOURCE (AVENUE DE LA)",45.65194,-1.07292
201500019539,11,5,15,14,1,17,306,2,3,1,3,ALSACE LORRAINE (D'),45.62642,-1.02945
201500019540,27,12,15,18,5,17,306,2,1,1,2,EUROPE (COURS DE L'),45.62483,-1.0216
201500019541,2,2,15,14,1,17,306,2,3,2,3,"., AMPERE",45.62871,-1.01035
201500019542,13,5,15,12,1,17,306,2,2,1,3,"., GRANDIERE (DE LA) (BD",45.62459,-1.02402
201500019543,29,12,15,16,1,17,333,2,1,1,6,MOCQUERIES (AVENUE),45.60201,-0.99352
201500019544,16,2,15,20,5,17,306,2,1,1,6,"., LOTI PIERRE",45.62451,-1.02969
201500019545,15,5,15,10,1,17,306,2,1,1,6,"04, BRIAND  ARISTIDE  (B",45.62496,-1.02939
201500019546,17,2,15,8,1,17,306,2,3,1,2,"., CHEVREUILS (DES)",45.6414,-1.04449
201500019547,16,5,15,11,1,17,306,2,1,1,6,"4, REUTIN (BD FELIX)",45.63594,-1.02726
201500019548,20,2,15,7,2,17,306,2,1,1,6,"176, ROCHEFORT (DE)  (AV",45.64652,-1.02442
201500019549,20,5,15,18,1,17,461,2,6,1,2,"., COURLAY (AVENUE DE)",45.64974,-1.0682
201500019550,25,2,15,9,1,17,333,2,1,1,2,"., TILLEULS (AVENUE DES)",45.60369,-0.99337
201500019551,25,5,15,10,1,17,306,2,3,1,3,"., BAILLET (BD COLONEL R",45.62852,-1.04094
201500019552,28,2,15,12,1,17,306,2,1,3,6,LAVOISIER (ANTOINE DE),45.63012,-0.99344
201500019553,2,6,15,8,2,17,333,1,1,1,2,"., EXPRESS (voie)",45.61624,-0.98781
201500019554,4,3,15,15,1,17,306,2,1,1,6,"8, LOTI PIERRE",45.62445,-1.02968
201500019555,6,6,15,17,1,17,306,2,5,1,1,"., LAVOISIER (ANTOINE DE",45.62961,-0.99391
201500019556,10,3,15,7,2,17,306,2,3,1,3,LOTI PIERRE,45.62452,-1.02971
201500019557,15,6,15,16,1,17,306,2,1,1,1,BOUCHET LOUIS (AVENUE),45.62857,-0.99517
201500019558,19,6,15,20,2,17,306,2,1,1,6,"16, METADIER (DOCTEUR PA",45.62213,-1.03367
201500019559,23,6,15,0,5,17,306,2,1,1,6,"5, PROVIDENCE (DE LA)",45.62787,-1.02803
201500019560,24,6,15,18,1,17,333,2,2,1,3,CORMORANS (AVENUE DES),45.61158,-1.00468
201500019561,27,6,15,11,1,17,306,2,3,1,3,AMPERE,45.62959,-1.00895
201500019562,30,6,15,7,1,17,380,1,2,1,1,BERNEZAC (AVENUE DE),45.65042,-1.06966
201500019563,3,7,15,8,1,17,306,2,1,2,2,AQUITAINE (ALIENOR D') (,45.61311,-0.99905
201500019564,4,7,15,11,1,17,380,1,1,1,7,GRANDE COTE (AVENUE DE L,45.64662,-1.10285
201500019565,5,7,15,14,1,17,380,1,1,1,3,EXPRESS (VOIE),45.64883,-1.04764
201500019566,10,7,15,15,1,17,306,2,2,1,3,BOUCHET LOUIS (AVENUE),45.62941,-0.99371
201500019567,10,7,15,19,1,17,306,2,2,1,3,BOUCHET LOUIS (AVENUE),45.63196,-0.98556
201500019568,12,7,15,19,1,17,380,2,3,1,2,DE GAULLE ( AVENUE CHARL,45.65578,-1.08762
201500019569,13,7,15,17,1,17,306,2,1,1,3,"107, REGAZZONI (AVENUE C",45.6365,-1.03788
201500019570,14,7,15,3,5,17,380,2,1,1,6,"20, VERDUN (AVENUE DE)",45.65482,-1.07849
201500019571,15,7,15,12,1,17,333,2,2,1,3,"13, PLAGE (AVENUE DE LA)",45.59579,-0.98902
201500019572,19,7,15,20,2,17,380,2,1,1,7,"29, SOURCE (AVENUE DE LA",45.65261,-1.07614
201500019573,20,7,15,12,1,17,306,2,1,1,6,BOUCHET LOUIS (AVENUE),45.62522,-1.00106
201500019574,23,7,15,13,1,17,333,2,3,1,3,"., DE LATTRE DE TASSIGNY",45.61086,-1.00907
201500019575,24,7,15,21,2,17,306,2,3,1,3,"23, PONTAILLAC (DE) (AVE",45.62086,-1.03658
201500019576,27,7,15,6,1,17,306,2,1,1,3,"2, AQUITAINE (ALIENOR D'",45.62285,-1.01025
201500019577,30,7,15,17,1,17,461,1,1,1,3,EXPRESS (VOIE),45.64378,-1.04112
201500019578,31,7,15,9,1,17,306,2,1,1,1,BROCHET (DU) (ALLEE),45.63617,-1.0411
201500019579,1,8,15,2,3,17,333,2,1,1,6,"., BETEILLE JOSEPH (AVEN",45.6,-0.98976
201500019580,1,8,15,10,1,17,306,2,1,1,6,"., LOTI PIERRE",45.62692,-1.03157
201500019581,1,8,15,20,2,17,306,2,1,1,1,"30, GARNIER (BD FREDERIC",45.62116,-1.01926
201500019582,4,8,15,20,2,17,380,2,1,1,6,"., SOURCE (AVENUE DE LA)",45.65082,-1.07033
201500019583,8,8,15,17,1,17,306,2,3,1,3,"., BRANLY EDOUARD",45.63009,-0.99493
201500019584,10,8,15,15,1,17,306,2,3,1,3,"02, BILLOIS HENRI",45.62819,-1.0097
201500019585,10,8,15,15,1,17,306,2,3,1,3,"49, PARIS (DE) (AVENUE)",45.62764,-1.05114
201500019586,13,8,15,1,5,17,333,2,1,3,7,"12, SAUJON (DE)",45.60389,-0.98333
201500019587,14,8,15,18,1,17,306,2,1,1,7,"19, ESPADON (RUE DE L')",45.63923,-1.03747
201500019588,15,8,15,5,3,17,306,1,1,1,7,EXPRESS (VOIE),45.63675,-1.01769
201500019589,15,8,15,7,1,17,461,2,1,1,6,"2, MALAKOFF (AVENUE)",45.64504,-1.06022
201500019590,17,8,15,19,1,17,306,2,1,1,3,HEDDE (AVENUE DANIEL),45.63477,-1.02898
201500019591,19,8,15,16,1,17,380,2,1,1,3,"123, GRANDE COTE (AVENUE",45.64826,-1.11465
201500019592,27,8,15,20,2,17,306,2,6,1,3,LAMY (BD FRANCK),45.62819,-1.0171
201500019593,28,8,15,12,1,17,306,2,2,1,6,ECLUSE (DE L'),45.62531,-1.026
201500019594,1,9,15,0,5,17,306,2,1,1,6,PONTAILLAC (DE) (AVENUE),45.62561,-1.04967
201500019595,3,9,15,1,5,17,461,2,1,1,6,"130, COTE DE BEAUTE (BOU",45.63662,-1.07025
201500019596,5,9,15,23,5,17,306,2,1,1,7,"., LAVOISIER (ANTOINE DE",45.37523,-0.59376
201500019597,29,9,15,15,1,17,306,2,1,1,2,"61, PONTAILLAC (DE) (AVE",45.62188,-1.0391
201500019598,8,10,15,8,1,17,306,2,1,1,2,"120, DOUMER  (PORTIQUE)",45.63006,-1.03017
201500019599,13,10,15,13,1,17,306,2,6,1,6,"., HEDDE (AVENUE DANIEL)",45.63617,-1.02853
201500019600,13,10,15,15,1,17,306,2,1,1,6,"05, PAPIN DENIS",45.37557,-0.5935
201500019601,16,10,15,9,1,17,306,2,1,1,2,"., QUEBEC (AVENUE)",45.6327,-0.98125
201500019602,16,10,15,16,1,17,333,2,3,1,3,"., FREGATES (AVENUE DES)",45.6125,-0.99247
201500019603,19,10,15,12,1,17,306,2,1,1,6,"., CORDOUAN (DE) (BD)",45.62453,-1.03913
201500019604,21,10,15,11,1,17,306,2,1,1,6,"84, GARNIER (BD FREDERIC",45.6184,-0.98397
201500019605,28,10,15,18,5,17,306,2,2,1,6,ROCHEFORT (DE)  (AVENUE),45.6366,-1.02854
201500019606,29,10,15,15,1,17,306,2,1,1,2,BAILLET (BD COLONEL ROBE,45.62893,-1.0401
201500019607,1,11,15,18,2,17,333,2,2,1,3,"., MAUDET (DU DOCTEUR)",45.60388,-1.00395
201500019608,1,6,15,6,1,40,80,1,1,1,1,,43.76138,-0.27352
201500019609,11,1,15,23,3,27,613,1,1,9,6,,49.10203,0.50698
201500019610,28,3,15,15,1,27,125,1,1,2,6,,49.19458,0.77017
201500019611,5,6,15,14,1,27,125,1,1,1,6,,49.20266,0.76984
201500019612,16,7,15,21,1,27,148,1,1,1,6,,48.98799,0.44185
201500019613,23,10,15,15,1,27,95,1,1,1,2,,49.22213,0.74719
201500019614,27,10,15,10,1,27,49,1,1,1,7,,49.00345,0.69742
201500019615,12,9,15,16,1,61,352,1,1,1,6,,48.81049,-0.12643
201500019616,17,12,15,4,3,61,306,1,1,1,6,,48.6578,0.22464
201500019617,4,1,15,10,1,17,415,2,3,1,3,"86, JEAN RUE DU DOCTEUR",45.74029,-0.62065
201500019618,3,4,15,16,1,17,415,2,1,1,6,route nationale 141,45.74579,-0.59022
201500019619,27,11,15,10,1,17,415,2,1,1,6,SAINTONGE PONT A RUE GAU,45.44275,-0.38037
201500019620,17,1,15,4,3,17,415,1,1,1,6,route nationale 141,45.73021,-0.62566
201500019621,8,4,15,18,1,17,415,2,1,1,6,"1, PICHAUDERIE LIEU-DIT",45.75426,-0.6078
201500019622,2,12,15,18,2,17,415,2,1,1,2,"01, SAINTONGE PONT A RUE",45.44265,-0.37376
201500019623,25,1,15,18,2,17,415,1,1,1,6,route nationale 141,45.73649,-0.60561
201500019624,12,12,15,19,1,17,415,1,1,1,1,VOIVILLE OUEST ROND POIN,45.44243,-0.39429
201500019625,4,3,15,9,1,17,415,2,1,1,6,"1, LECLERC COURS DU MARE",45.74872,-0.6442
201500019626,28,1,15,16,1,17,415,1,1,1,6,GABILLONNERIE LIEU-DIT L,45.78311,-0.6629
201500019627,10,3,15,14,1,17,415,2,1,1,6,"85, GAMBETTA 2 A 72 ET 5",45.74668,-0.62453
201500019628,13,12,15,17,2,17,415,2,3,1,2,"39, JOURDAN AVENUE",45.44432,-0.36481
201500019629,31,1,15,20,3,17,415,1,1,1,6,VOIVILLE EST ROND POINT,45.74027,-0.65898
201500019630,18,3,15,15,1,17,415,2,1,1,6,"1, 4 SEPTEMBRE 1944 RUE",45.74365,-0.6559
201500019631,31,1,15,21,3,17,415,1,6,1,6,VOIVILLE OUEST ROND POIN,45.74038,-0.66236
201500019632,20,3,15,20,2,17,415,2,1,1,6,"1, BOIS DES MOUNIERS RUE",45.73934,-0.67278
201500019633,5,2,15,11,1,17,415,2,2,1,6,"1, JEAN RUE DU DOCTEUR",45.73796,-0.6165
201500019634,23,3,15,17,1,17,415,2,1,1,6,"1, ABBAYE PLACE DE L'",45.74457,-0.62435
201500019635,6,2,15,18,2,17,415,2,1,1,6,"6, APOTRES DE LA LIBERTE",45.74017,-0.64201
201500019636,31,3,15,7,5,17,415,2,1,1,6,"20, NATIONAL 1 A 67 ET 2",45.7471,-0.63167
201500019637,11,2,15,11,1,17,415,1,6,1,6,"1, METAIRIE CHEMIN DE LA",45.76029,-0.63786
201500019638,31,3,15,12,1,17,415,1,1,1,6,"1, TERREFORT AVENUE DE",45.74225,-0.59888
201500019639,13,2,15,21,3,17,415,2,1,1,6,"1, VOIVILLE EST ROND POI",45.74033,-0.66
201500019640,11,4,15,5,1,17,415,1,1,1,6,"98, GAMBETTA 74 A 162 ET",45.74658,-0.62277
201500019641,27,2,15,13,1,17,415,1,1,1,6,SAINTONGE A10 A ROCADE O,45.74017,-0.6621
201500019642,12,4,15,17,1,17,415,2,1,1,6,"1, DE GAULLE COURS CHARL",45.74314,-0.6258
201500019643,13,4,15,19,1,17,415,2,1,1,6,"15, LEMERCIER COURS",45.74748,-0.63845
201500019644,16,4,15,9,1,17,415,1,3,1,6,141,45.74579,-0.59017
201500019645,30,4,15,6,5,17,415,2,3,1,6,"1, ARC DE TRIOMPHE",45.74591,-0.62873
201500019646,30,4,15,17,1,17,415,1,1,8,6,"92, LORMONT RUE DE",45.75424,-0.61417
201500019647,21,5,15,17,1,17,415,1,6,1,3,"1, ABATTOIR RUE DE L'",45.75294,-0.63105
201500019648,27,5,15,11,1,17,415,2,6,1,3,"44, GAMBETTA 2 A 72 ET 5",45.74691,-0.62844
201500019649,28,5,15,16,1,17,415,2,1,1,6,"24, NATIONAL 1 A 67 ET 2",45.74714,-0.63239
201500019650,6,6,15,9,1,17,415,1,1,1,2,141,45.7265,-0.63583
201500019651,8,6,15,16,1,17,415,1,6,1,3,"., RETAUD ROUTE DE",45.73711,-0.65748
201500019652,8,6,15,19,1,17,415,1,1,1,6,"., CENTRE LECLERC ST GEO",45.74754,-0.675
201500019653,28,6,15,8,1,17,415,1,6,1,3,"5, GAMBETTA 2 A 72 ET 5",45.74691,-0.6284
201500019654,2,7,15,13,1,17,415,1,1,1,6,"1, CHAMP DE TIR RUE DU",45.74633,-0.67476
201500019655,5,7,15,17,1,17,415,1,1,1,6,"1, SAINTONGE IMPASSE DE",45.74077,-0.62793
201500019656,6,7,15,13,1,17,415,1,1,1,6,Route Nationale 137,45.74222,-0.66111
201500019657,6,7,15,17,1,17,415,2,1,1,6,CENTRE LECLERC ST GEORGE,45.74684,-0.67398
201500019658,12,7,15,18,1,17,415,1,1,1,6,SAINTONGE A10 A ROCADE O,45.74957,-0.66113
201500019659,14,7,15,12,1,17,415,2,1,1,2,"1, PALISSY RUE",45.74153,-0.6387
201500019660,17,7,15,19,1,17,415,1,1,1,6,Route Départementale 728,45.74677,-0.69789
201500019661,21,7,15,16,1,17,415,2,5,1,6,"1, TOMBOUCTOU AVENUE DE",45.73894,-0.65362
201500019662,22,7,15,21,1,17,415,1,1,1,6,"1, COTE DE BEAUTE RUE DE",45.7468,-0.66929
201500019663,27,7,15,16,1,17,415,1,1,1,6,"1, SAINTONGE RUELLE  DE",45.74506,-0.62731
201500019664,28,7,15,17,1,17,415,2,1,1,6,"2, REVERSEAUX 2 A 46 ET",45.74629,-0.63795
201500019665,4,8,15,10,1,17,415,1,5,1,3,"., COTE DE BEAUTE RUE DE",45.74531,-0.66961
201500019666,5,8,15,17,1,17,415,2,1,1,6,"51, LECLERC COURS DU MAR",45.75068,-0.64817
201500019667,22,8,15,10,1,17,415,1,1,1,2,"., Route Nationale 150",45.72434,-0.65121
201500019668,9,9,15,14,1,17,415,2,1,1,6,"05, JARDIN PUBLIC RUE DU",45.44399,-0.37402
201500019669,22,9,15,19,1,17,415,2,1,1,6,"01, PLEIADE RUE DE LA",45.43499,-0.38277
201500019670,23,9,15,16,1,17,415,2,1,1,2,"1, YSER 1 A 35 QUAI DE L",45.74695,-0.63047
201500019671,28,9,15,9,1,17,415,1,1,1,2,"01, CHERMIGNAC RUE DE",45.4256,-0.3908
201500019672,29,9,15,17,1,17,415,1,3,1,3,"01, COTE DE BEAUTE RUE D",45.4445,-0.4009
201500019673,6,10,15,16,1,17,415,2,1,1,2,"68, REVERSEAUX 48 A FIN",45.4436,-0.38236
201500019674,14,10,15,13,1,17,415,2,3,1,3,BOIFFIERS RUE DES,45.43539,-0.38542
201500019675,22,10,15,16,1,17,415,2,1,1,6,"04, GAMBETTA 2 A 72 ET 5",45.44491,-0.37414
201500019676,25,10,15,2,5,17,415,1,6,1,6,"01, GEMOZAC AVENUE DE",45.43274,-0.38248
201500019677,27,10,15,17,1,17,415,2,1,3,2,"01, SAINTONGE PONT A RUE",45.44266,-0.37407
201500019678,28,10,15,15,1,17,415,2,1,1,1,KENNEDY AVENUE JOHN FITZ,45.4351,-0.38424
201500019679,28,10,15,17,1,17,415,1,3,1,5,"01, SAINTONGE BLANCHARD",45.44347,-0.40076
201500019680,20,11,15,17,1,17,415,1,3,1,3,"143, DOUMER ROCADE COTE",45.44457,-0.40099
201500019681,2,12,15,15,1,17,415,1,1,1,3,Route Nationale 137,45.4313,-0.38146
201500019682,8,1,15,18,3,37,160,1,1,1,6,,0.0,0.0
201500019683,21,8,15,14,1,37,170,1,1,1,6,,0.0,0.0
201500019684,15,9,15,17,1,37,194,1,1,1,4,,0.0,0.0
201500019685,29,9,15,17,1,37,166,1,1,1,6,,0.0,0.0
201500019686,19,10,15,8,1,37,204,1,1,1,6,,0.0,0.0
201500019687,20,2,15,17,1,34,270,1,1,1,3,,43.58599,3.83787
201500019688,5,3,15,18,1,34,270,2,1,1,3,RD 612 - Route de SETE,43.58023,3.84816
201500019689,2,4,15,7,1,34,270,2,1,1,1,rue Théophraste Rénaudot,43.573,3.84948
201500019690,3,5,15,5,2,34,95,1,1,1,6,,43.52439,3.73715
201500019691,8,5,15,8,1,34,270,1,1,1,3,,43.56084,3.84933
201500019692,18,6,15,7,1,34,270,2,1,1,3,Route de béziers,43.57354,3.81856
201500019693,16,7,15,23,3,34,95,1,1,1,6,,43.56149,3.77156
201500019694,14,9,15,6,2,34,270,2,1,1,1,RD612,43.5643,3.85014
201500019695,15,9,15,10,1,34,270,2,1,1,6,RD 613 -RUE DES COTEAUX,43.57817,3.83541
201500019696,28,9,15,8,1,34,95,2,1,1,3,chemin des létagnes,43.54641,3.77317
201500019697,31,10,15,12,1,34,270,1,1,1,2,,43.56055,3.84934
201500019698,21,11,15,12,1,34,270,2,1,1,6,D612 - ROUTE DE SETE,0.0,0.0
201500019699,17,12,15,7,2,34,295,1,3,8,5,,43.56486,3.80376
201500019700,4,1,15,15,1,66,141,2,1,7,6,AVENUE DU STADE,42.74646,2.92138
201500019701,4,9,15,0,5,66,141,2,1,1,6,Route de PERPIGNAN,42.73826,2.90718
201500019702,8,2,15,9,1,30,141,1,1,1,3,,0.0,0.0
201500019703,19,2,15,15,1,30,141,1,1,1,1,,44.08444,4.70503
201500019704,10,4,15,8,1,30,331,2,1,1,6,Rue du Baron Le Roy,44.10736,4.58661
201500019705,29,4,15,12,1,30,331,1,3,1,3,,44.11748,4.59413
201500019706,30,4,15,18,1,30,331,2,1,1,1,rue de la Glaciere CD9,44.10628,4.59207