Num_Acc,jour,mois,an,hr,condition_eclairage,departement,commune,condition_agglomeration,intersection,condition_atmosphere,type_collision,adresse,lattitude,longitude
201500019707,11,5,15,9,1,30,141,2,1,1,6,rue de la gare,44.0971,4.69849
201500019708,19,6,15,23,3,30,331,1,1,1,7,,44.10267,4.58477
201500019709,7,7,15,14,1,30,92,1,1,1,3,,44.09406,4.59692
201500019710,8,8,15,7,1,30,331,1,1,1,1,,44.11527,4.58523
201500019711,23,8,15,19,1,30,127,1,1,3,1,,44.07154,4.58136
201500019712,30,8,15,7,1,30,141,1,1,1,1,,44.11412,4.69018
201500019713,3,9,15,8,1,30,331,1,1,8,6,,44.11562,4.61523
201500019714,21,9,15,18,1,30,92,2,1,1,3,ancienne rte cavillargue,44.0916,4.58975
201500019715,29,9,15,15,1,30,191,1,1,1,2,,44.12398,4.6811
201500019716,29,9,15,18,1,30,292,2,1,1,7,chemin de mégier,0.0,0.0
201500019717,14,11,15,14,1,30,141,2,1,1,1,,44.08875,4.70495
201500019718,9,12,15,18,5,30,331,1,1,1,1,,44.13443,4.60484
201500019719,11,1,15,7,2,41,294,2,1,1,1,02 avenue des rondaizes,47.81,0.993
201500019720,25,2,15,15,1,41,278,1,1,8,3,,47.652,0.953
201500019721,8,4,15,12,1,41,149,2,1,1,6,55 rue villeneuve,47.752,0.874
201500019722,29,4,15,10,1,41,199,1,1,1,3,,47.7,1.002
201500019723,15,5,15,21,3,41,265,1,1,1,7,,47.791,0.788
201500019724,21,5,15,17,1,41,78,1,1,1,3,,47.901,0.922
201500019725,1,8,15,11,1,41,149,1,1,7,7,,47.77076,0.83142
201500019726,21,10,15,8,2,41,238,1,1,1,6,,47.86567,0.85485
201500019727,6,11,15,22,3,41,225,2,1,1,6,RUE Saint Etienne,47.72453,0.82323
201500019728,15,11,15,14,1,41,113,1,1,1,1,,47.74202,0.89742
201500019729,20,12,15,8,2,41,87,1,1,1,6,,47.81478,0.86142
201500019730,28,3,15,13,1,77,436,2,2,8,3,D66 X D55 (LA VANNE),48.80188,3.21134
201500019731,4,6,15,18,1,77,182,2,1,1,3,D934,0.0,0.0
201500019732,15,6,15,10,1,77,97,1,1,1,7,,0.0,0.0
201500019733,30,6,15,17,1,77,314,1,1,1,7,,0.0,0.0
201500019734,3,9,15,6,2,77,314,1,1,1,7,,0.0,0.0
201500019735,17,9,15,8,1,77,240,1,1,2,6,,0.0,0.0
201500019736,5,10,15,16,1,77,398,1,2,3,3,,0.0,0.0
201500019737,6,10,15,12,1,77,287,2,1,1,6,RUE DU VEZIER,48.78935,3.43011
201500019738,3,2,15,13,1,62,172,1,1,1,6,,50.19328,2.81825
201500019739,21,3,15,11,1,62,151,2,2,1,3,place du 08 mai,50.21,2.78156
201500019740,16,8,15,1,3,62,559,1,1,1,6,,50.20463,3.11118
201500019741,4,9,15,12,1,62,259,2,1,1,7,10 rue du moulin,50.19778,2.87854
201500019742,18,1,15,0,3,62,579,1,1,1,6,,50.18237,2.66696
201500019743,6,9,15,13,1,62,272,2,1,1,1,rue d'Ayette,50.17481,2.72395
201500019744,1,4,15,10,2,62,195,1,1,8,6,,50.60458,2.58725
201500019745,19,6,15,1,3,62,176,2,1,1,6,rue Saint Roch,50.49935,1.70559
201500019746,11,10,15,16,1,62,447,2,1,1,6,Rue d'Arras,50.37414,2.04005
201500019747,14,11,15,22,3,62,783,2,1,2,3,rue du haut,50.34904,1.84953
201500019748,23,4,15,21,2,62,553,1,1,1,6,,50.46627,2.40318
201500019749,12,6,15,17,1,62,416,2,1,1,6,,50.33499,2.31452
201500019750,2,8,15,6,2,62,835,2,1,1,6,Rue de ST POL,50.4462,2.37905
201500019751,11,8,15,12,1,62,767,2,1,1,6,85 RUE DE CANTERAINE,50.37397,2.33266
201500019752,30,9,15,12,1,62,719,2,2,1,3,,50.40278,2.12824
201500019753,5,11,15,8,1,62,647,1,1,1,1,,50.3788,2.09937
201500019754,23,11,15,16,1,62,580,1,1,1,6,,50.40301,2.43915
201500019755,6,1,15,15,1,44,187,1,1,2,6,,47.19274,-2.02382
201500019756,17,1,15,8,2,44,21,1,1,1,1,,47.0575,-1.97426
201500019757,23,1,15,14,1,44,133,1,1,1,1,,47.12608,-1.76246
201500019758,23,3,15,11,1,44,154,1,1,1,2,,47.21792,-2.1513
201500019759,5,8,15,11,1,44,187,1,3,1,2,le chatelier,47.19874,-2.03343
201500019760,26,8,15,10,1,44,38,2,1,1,1,RD5 rue d'ARTHON,47.15027,-1.98466
201500019761,7,1,15,21,3,37,226,2,1,8,7,,0.0,0.0
201500019762,13,1,15,11,1,37,154,1,3,2,3,ALLEE DES PINS,0.0,0.0
201500019763,14,1,15,14,1,37,216,1,1,1,2,,0.0,0.0
201500019764,20,1,15,18,5,37,261,1,1,1,1,,0.0,0.0
201500019765,4,2,15,12,1,37,83,2,1,1,6,Rue nationale,0.0,0.0
201500019766,6,2,15,7,3,37,192,1,1,1,3,,0.0,0.0
201500019767,7,3,15,14,1,37,154,2,1,1,2,RUE DES EPINETTES,0.0,0.0
201500019768,14,5,15,3,5,37,208,1,1,1,6,SORTIE 22,0.0,0.0
201500019769,28,6,15,22,3,37,216,1,1,1,6,,0.0,0.0
201500019770,9,7,15,15,1,37,228,1,1,1,7,,0.0,0.0
201500019771,14,8,15,15,1,37,278,1,1,1,4,,0.0,0.0
201500019772,16,8,15,12,1,37,272,1,1,1,6,,0.0,0.0
201500019773,30,8,15,19,1,37,50,1,1,1,6,,0.0,0.0
201500019774,3,11,15,17,2,37,226,1,1,8,6,,0.0,0.0
201500019775,13,11,15,19,3,37,278,1,1,1,5,,0.0,0.0
201500019776,23,11,15,9,1,37,272,1,1,5,6,,0.0,0.0
201500019777,14,2,15,15,1,21,310,1,1,3,1,,47.32533,4.59044
201500019778,3,5,15,17,1,21,81,1,2,2,1,,47.36772,4.77506
201500019779,11,6,15,10,1,21,661,2,1,1,3,Rue des trois ponts,47.31846,4.91035
201500019780,15,9,15,13,1,21,223,1,2,1,3,,47.35291,4.98347
201500019781,5,1,15,13,1,83,130,1,2,1,3,,43.175,6.059
201500019782,30,1,15,14,1,83,54,1,1,1,4,,43.15398,6.04118
201500019783,1,3,15,9,1,83,130,1,1,1,1,1060 Av des Senes,43.193,6.026
201500019784,20,6,15,12,1,83,54,1,1,1,3,,0.0,0.0
201500019785,4,7,15,4,5,83,54,2,1,1,6,618 RN 97,43.15786,6.04048
201500019786,8,8,15,18,1,83,54,2,1,1,3,rue saint lazare,0.0,0.0
201500019787,9,8,15,11,1,83,130,2,6,1,3,RP de l'enclos,0.0,0.0
201500019788,11,9,15,12,1,83,130,2,6,1,3,Ave Général MAGNAN,43.1941,6.04205
201500019789,18,10,15,1,5,83,131,2,1,1,1,,0.0,0.0
201500019790,8,11,15,18,5,83,54,2,1,1,7,382 Rue Jean Aicard,43.169,6.038
201500019791,18,11,15,13,1,83,131,2,1,1,6,RD 554,0.0,0.0
201500019792,21,11,15,19,5,83,54,1,1,1,1,,43.15399,6.04118
201500019793,23,6,15,16,1,87,202,2,2,1,3,CARREFOUR MONUMENT MORTS,45.8964,1.10581
201500019794,6,3,15,6,2,202,9,1,1,6,6,,0.0,0.0
201500019795,7,5,15,16,1,202,9,2,1,1,3,CARREFOUR RN 198 RN 200,0.0,0.0
201500019796,13,6,15,5,2,202,143,1,1,1,6,,0.0,0.0
201500019797,28,7,15,7,1,202,9,1,3,1,3,,0.0,0.0
201500019798,27,8,15,16,1,202,320,1,1,1,7,,42.153,9.493
201500019799,5,9,15,12,1,202,124,1,1,1,7,,0.0,0.0
201500019800,23,9,15,10,1,202,143,1,1,1,1,,0.0,0.0
201500019801,3,12,15,18,5,202,9,2,1,1,3,Carrefour RT 10 - RT 50,0.0,0.0
201500019802,15,2,15,17,1,47,244,1,1,1,7,BELLEVUE,44.3836,0.16524
201500019803,22,3,15,13,1,47,114,1,1,1,3,LDT TOUYATS,44.3708,0.10651
201500019804,15,5,15,17,1,47,233,1,3,1,3,,44.524,0.10776
201500019805,29,6,15,18,1,47,121,1,1,1,3,,44.3571,0.10716
201500019806,21,11,15,15,1,47,108,1,1,8,1,,44.4892,0.13231
201500019807,19,12,15,11,1,47,227,1,2,1,3,LIEU-DIT BIDANSON,44.3711,0.0681
201500019808,9,4,15,7,1,23,239,1,1,1,1,,46.371,1.516
201500019809,24,6,15,23,3,50,137,1,1,1,1,LE MOULIN AU GUE,48.8888,-1.19932
201500019810,9,7,15,22,2,50,465,1,1,1,6,RUE DE LA VIRE,49.0882,-1.13328
201500019811,17,12,15,8,1,50,512,1,1,1,1,LE PAS AZETTE,49.0472,-1.16568
201500019812,7,2,15,8,1,22,32,1,1,1,6,,48.33047,-2.11691
201500019813,1,4,15,14,1,22,239,1,2,1,1,les 6 chemins,48.34242,-2.10443
201500019814,26,4,15,15,1,22,185,1,2,1,3,,48.37343,-2.36184
201500019815,4,6,15,8,1,22,337,1,2,1,5,,48.3109,-2.34107
201500019816,20,6,15,15,1,22,32,1,1,1,7,,48.31053,-2.16261
201500019817,7,8,15,19,2,22,240,1,1,1,2,,48.25874,-2.22485
201500019818,4,9,15,20,2,22,32,1,1,1,7,la ville es pourvais,48.27686,-2.1552
201500019819,3,10,15,1,3,22,145,1,1,1,6,,48.39857,-2.31408
201500019820,6,11,15,22,3,22,32,1,1,2,3,la ville es pourvais,48.2768,-2.1553
201500019821,26,11,15,17,2,22,240,1,1,2,1,Saint Maleu,48.27589,-2.25015
201500019822,19,12,15,23,4,22,239,2,1,1,6,rue de trébédan,48.35845,-2.12615
201500019823,6,2,15,6,5,14,119,2,1,1,1,RD613,49.1513,-0.26771
201500019824,7,5,15,13,1,14,456,1,3,1,3,,49.1029,-0.16355
201500019825,9,6,15,13,1,14,719,1,1,1,6,,49.0301,-0.2733
201500019826,5,10,15,16,1,14,88,1,1,3,6,,48.9628,-0.22973
201500019827,1,5,15,20,2,80,199,2,1,8,7,3 route de saint laurent,49.77374,4.79263
201500019828,27,9,15,14,1,80,96,2,1,1,6,rue de la forêt,49.70964,4.74858
201500019829,9,10,15,10,1,80,140,1,1,1,5,,49.68904,4.82593
201500019830,20,12,15,4,3,80,400,1,1,2,7,,49.6516,4.78486
201500019831,18,9,15,11,1,38,429,1,1,1,1,,44.89052,5.61647
201500019832,23,2,15,23,3,18,33,1,1,1,6,RN 142,47.06428,2.43164
201500019833,3,3,15,18,5,18,33,2,3,3,6,SARREBOURG (RUE DE,47.08051,2.40572
201500019834,7,3,15,13,1,18,33,2,1,1,6,MIRPIED (PLACE HENRI,47.08645,2.39289
201500019835,14,3,15,13,1,18,33,2,2,1,3,DE GAULLE (AV DU GENERAL,47.10386,2.40983
201500019836,20,3,15,20,3,18,205,1,1,1,6,RD 400 (Rocade),0.0,0.0
201500019837,17,3,15,17,1,18,33,2,3,1,3,LEGER (RUE FERNAND),47.06096,2.41282
201500019838,26,3,15,7,1,18,33,2,3,1,3,ROUSSEAU (RUE JEAN-JACQU,47.07922,2.38981
201500019839,12,4,15,1,5,18,33,1,1,1,7,"9, EIFFEL (RUE GUSTAVE)",47.10633,2.40889
201500019840,20,4,15,17,1,18,33,2,1,1,2,"61, SARREBOURG (RUE DE)",47.08031,2.40471
201500019841,25,4,15,5,5,18,33,2,1,2,6,PRES-LE-ROI (AVENUE DES),47.09386,2.39066
201500019842,26,4,15,14,1,18,33,2,6,2,2,LECLERC (PLACE DU MARECH,47.09367,2.39397
201500019843,25,4,15,21,5,18,33,2,1,1,6,"20, LAMARCK (BOULEVARD)",47.07891,2.3945
201500019844,12,5,15,23,5,18,33,2,1,1,6,"2, FAUVETTES (RUE DES)",47.11778,2.4025
201500019845,28,5,15,13,1,18,33,2,2,1,3,MERMOZ (BOULEVARD JEAN),47.06712,2.38
201500019846,31,5,15,13,1,18,33,2,3,1,3,CARDINAL C DUPONT/AUGER,47.0752,2.41314
201500019847,1,6,15,13,1,18,213,1,2,1,5,CHARITE (ROUTE DE LA),47.09746,2.45971
201500019848,12,6,15,13,1,18,205,2,1,1,6,ORLEANS (ROUTE D')PARKIN,47.1115,2.37873
201500019849,15,6,15,15,1,18,33,2,2,1,3,JUIN (AVENUE DU MA,47.1101,2.41612
201500019850,26,6,15,14,1,18,205,2,2,1,6,MALITORNE (RUE DE),47.1068,2.38827
201500019851,29,6,15,22,5,18,33,2,2,1,5,BILLANT (RUE LOUIS,47.10434,2.39893
201500019852,3,7,15,15,1,18,33,2,1,1,3,"46, PROSPECTIVE (AVENUE",47.11193,2.40375
201500019853,21,7,15,16,1,18,205,1,2,1,3,ORLEANS (ROUTE D'),47.1249,2.34703
201500019854,26,7,15,1,3,18,33,2,1,1,7,ISSOUDUN (ROUTE D'),47.05828,2.35997
201500019855,7,8,15,18,1,18,267,1,2,1,3,CHATEAUNEUF (ROUTE DE),47.02328,2.36934
201500019856,14,8,15,11,1,18,33,1,3,1,6,"19, LIBERATION (AVENUE D",0.0,0.0
201500019857,17,8,15,0,5,18,33,2,1,1,1,"11, DURAND (RUE CHARLES)",47.05995,2.36032
201500019858,16,8,15,17,1,18,50,1,1,1,7,LORIENT-LAFLEUR (RUE),47.05159,2.31594
201500019859,2,1,15,19,5,18,33,2,2,2,6,INDUSTRIE (BOULEV,47.0714,2.38824
201500019860,22,8,15,15,1,18,33,2,1,1,6,rue françois deniau,47.08231,2.3951
201500019861,30,8,15,18,1,18,33,1,1,1,5,RN 142,47.03946,2.35557
201500019862,2,9,15,13,1,18,205,2,1,1,7,VARYE (ROUTE DE),47.1162,2.36106
201500019863,3,9,15,22,5,18,33,2,2,1,3,DIDEROT (RUE),47.07476,2.38563
201500019864,5,9,15,15,1,18,205,1,1,1,7,RD 2076,47.1267,2.33571
201500019865,4,9,15,20,5,18,33,2,5,1,1,"127 B, SAINT-AMAND (AVEN",0.0,0.0
201500019866,5,9,15,19,1,18,33,2,1,1,7,MEDIANE (RUE),47.09578,2.4041
201500019867,12,10,15,20,5,18,33,2,2,8,1,PROSPECTIVE (AVENUE,47.11045,2.40081
201500019868,9,10,15,17,1,18,213,2,3,1,6,CHARITE (ROUTE DE,47.09656,2.44796
201500019869,15,10,15,13,1,18,33,2,3,1,3,CHEDIN (RUE FELIX),0.0,0.0
201500019870,2,11,15,13,1,18,33,2,7,1,6,SERAUCOURT (PLACE),47.07844,2.39885
201500019871,3,11,15,13,1,18,205,2,1,1,6,parking centre com Geant,47.11059,2.37817
201500019872,10,11,15,0,3,18,33,1,2,1,3,RD 2076,47.04496,2.44322
201500019873,15,11,15,21,3,18,33,1,1,1,6,RN 142,0.0,0.0
201500019874,18,11,15,20,5,18,33,1,3,1,3,DUN-SUR-AURON (AV DE),47.0684,2.41548
201500019875,19,11,15,18,5,18,213,2,3,2,3,SAINTE-SOLANGE (ROUTE DE,47.10151,2.4836
201500019876,23,11,15,21,5,18,33,2,2,1,1,FOCH (BD DU MARECHAL),47.07825,2.40886
201500019877,26,11,15,8,1,18,33,2,1,1,6,"10, VOISINS (RUE DES FRE",47.0701,2.38029
201500019878,6,12,15,11,1,18,33,2,5,1,3,AVENIR (BD DE L'),47.07572,2.38463
201500019879,13,1,15,8,1,18,33,2,1,1,3,"100, DUN-SUR-AURON (AV D",47.06796,2.41614
201500019880,12,1,15,10,1,18,33,2,5,1,6,CHARLET (RUE),47.08434,2.40286
201500019881,12,1,15,11,1,18,33,2,3,1,6,SAINT-AMAND (AVENU,47.06124,2.3859
201500019882,19,1,15,22,5,18,33,2,1,2,6,BOISDE (RUE RAYMOND),47.06411,2.39841
201500019883,5,2,15,20,3,18,33,1,1,8,3,RD 151,0.0,0.0
201500019884,10,2,15,11,1,18,33,2,1,1,6,RIMBAULT (RUE JACQUES),47.08043,2.39864
201500019885,5,4,15,5,5,83,49,2,1,1,7,N°840 / RD 97 / PK 21300,0.0,0.0
201500019886,18,6,15,14,1,83,49,2,1,1,3,Av Joseph Balestrazzi,0.0,0.0
201500019887,23,7,15,12,1,83,33,1,1,1,7,,43.40677,6.02383
201500019888,20,8,15,17,1,83,49,1,1,1,2,,43.255,6.102
201500019889,30,10,15,15,1,83,49,2,1,1,6,RUE DU SOUVENIR FRANCAIS,43.18919,6.03552
201500019890,8,12,15,9,1,83,100,1,1,8,2,,0.0,0.0
201500019891,28,1,15,12,1,41,270,1,1,3,1,,47.968,1.425
201500019892,16,2,15,8,2,41,221,1,1,5,1,,47.852,1.384
201500019893,16,2,15,9,1,41,173,2,1,1,6,place du souvenir,47.916,1.53
201500019894,27,3,15,19,3,41,19,1,1,1,7,lieu dit bois brulé,47.763,1.324
201500019895,25,4,15,5,3,41,173,2,1,2,7,RD 74 PK3+800,47.883,1.549
201500019896,2,8,15,4,4,41,58,2,1,1,6,"27, grande rue",47.77252,1.4713
201500019897,13,10,15,7,2,41,171,2,1,1,7,grande rue,47.82274,1.29425
201500019898,29,11,15,14,1,41,221,1,1,8,3,,47.83553,1.36879
201500019899,30,11,15,21,3,41,141,1,1,1,6,,47.9205,1.30539
201500019900,2,9,15,8,1,12,145,1,1,1,6,,44.1343,3.02518
201500019901,12,9,15,13,1,12,291,1,1,8,7,A75 - PR 199+125,44.2623,3.06941
201500019902,30,9,15,11,1,12,294,1,2,1,3,,44.2493,2.93012
201500019903,28,10,15,6,3,12,115,1,1,2,2,A75 - PR 238.595,43.9888,3.17865
201500019904,1,12,15,14,1,12,155,1,1,1,6,RD 7 - PR 29+700,43.8832,3.14592
201500019905,8,12,15,12,1,12,203,1,1,1,1,RD 23 - PR 4+800,43.9792,2.98528
201500019906,15,12,15,9,1,12,145,1,1,1,6,,0.0,0.0
201500019907,5,1,15,8,1,58,295,1,1,5,2,,0.0,0.0
201500019908,26,6,15,16,1,58,44,1,1,1,6,,0.0,0.0
201500019909,30,8,15,11,1,71,23,1,2,1,3,,46.68832,5.02658
201500019910,8,9,15,12,1,71,456,1,1,1,3,,0.0,0.0
201500019911,20,9,15,5,3,71,256,1,1,8,6,,0.0,0.0
201500019912,24,1,15,9,1,36,231,1,1,2,6,,46.7421,1.6163
201500019913,12,2,15,16,1,36,6,1,1,1,6,,46.6159,1.53841
201500019914,22,2,15,15,1,36,33,1,1,1,6,,46.5086,1.50588
201500019915,5,7,15,19,1,36,200,1,1,8,6,,46.6166,1.53935
201500019916,15,8,15,0,3,36,6,1,1,2,6,,46.6005,1.49853
201500019917,18,9,15,10,1,36,219,1,1,1,6,,46.6687,1.57426
201500019918,13,6,15,14,1,15,119,1,1,1,6,,0.0,0.0
201500019919,1,1,15,3,3,63,121,1,1,8,6,,0.0,0.0
201500019920,5,6,15,15,1,63,54,1,1,1,3,,45.478,3.248
201500019921,13,7,15,10,1,63,352,1,1,1,2,,0.0,0.0
201500019922,20,8,15,12,1,63,352,1,1,1,4,,0.0,0.0
201500019923,17,9,15,11,1,63,411,1,1,1,3,,0.0,0.0
201500019924,13,12,15,8,2,63,54,1,1,5,6,,45.515,3.264
201500019925,14,2,15,17,1,87,3,1,9,4,7,,46.2716,1.39885
201500019926,21,2,15,9,1,87,3,1,1,4,5,,46.2822,1.40545
201500019927,31,3,15,14,1,87,14,1,1,1,1,,46.1046,1.37016
201500019928,27,4,15,9,1,87,20,1,1,3,7,,45.9476,1.31389
201500019929,22,5,15,19,1,87,14,1,1,1,6,,46.0843,1.35733
201500019930,11,6,15,11,1,87,14,1,1,1,1,,46.088,1.36122
201500019931,11,2,15,21,3,34,194,1,1,1,2,,43.52302,3.44352
201500019932,14,2,15,22,3,34,114,1,1,1,6,,43.63051,3.59047
201500019933,10,2,15,19,3,34,199,1,1,1,2,,43.48157,3.43752
201500019934,4,3,15,22,3,34,114,1,1,1,1,,43.65887,3.49686
201500019935,6,3,15,6,3,34,32,1,1,1,6,,43.34616,3.28314
201500019936,20,5,15,15,1,34,282,1,1,1,6,,43.62385,3.62321
201500019937,18,6,15,7,2,34,259,1,1,1,6,,43.62969,3.77022
201500019938,29,6,15,18,1,34,163,1,1,1,6,,43.63025,3.71588
201500019939,6,7,15,12,1,34,300,1,1,1,2,,43.39408,3.32556
201500019940,14,7,15,12,1,34,196,1,1,1,6,,43.82053,3.31892
201500019941,30,7,15,16,1,34,196,1,1,1,6,,43.81117,3.32391
201500019942,7,8,15,7,1,34,76,1,1,1,3,,43.64374,3.46696
201500019943,18,8,15,14,1,34,79,1,1,1,2,,43.61979,3.45707
201500019944,22,8,15,16,1,34,64,1,1,1,5,,43.86135,3.31032
201500019945,2,9,15,11,1,34,311,1,1,1,2,,43.44269,3.39802
201500019946,22,9,15,15,1,34,76,1,1,1,6,(,43.088,3.747
201500019947,23,10,15,19,3,34,13,1,1,1,2,,43.55668,3.4626
201500019948,8,11,15,17,1,34,282,1,1,1,5,,43.62673,3.6608
201500019949,9,11,15,14,1,34,239,1,1,1,2,,43.65982,3.50355
201500019950,10,11,15,16,1,34,199,1,1,1,2,,43.47949,3.43745
201500019951,10,11,15,18,3,34,254,1,1,1,4,,43.65865,3.47362
201500019952,6,12,15,19,3,34,194,1,1,2,2,,43.54135,3.44872
201500019953,7,12,15,20,3,34,259,1,1,2,2,,43.63139,3.76339
201500019954,10,12,15,4,3,34,259,1,1,1,6,,43.63083,3.76586
201500019955,14,6,15,10,1,48,9,1,1,1,6,,0.0,0.0
201500019956,18,6,15,7,1,48,9,1,1,1,7,,0.0,0.0
201500019957,18,7,15,16,1,48,49,1,1,1,2,,0.0,0.0
201500019958,12,9,15,18,2,48,32,1,9,2,6,,0.0,0.0
201500019959,12,9,15,18,2,48,49,1,1,2,6,,0.0,0.0
201500019960,23,9,15,9,1,48,17,1,1,1,6,,0.0,0.0
201500019961,10,1,15,3,3,80,132,1,1,1,7,,0.0,0.0
201500019962,2,2,15,7,3,80,490,2,1,1,1,RD 977  CHESTRES,0.0,0.0
201500019963,22,12,15,17,3,80,362,1,1,1,6,,49.499,4.35374
201500019964,9,1,15,11,1,44,209,1,1,8,2,,47.33691,-1.65361
201500019965,20,1,15,16,1,44,75,1,1,1,1,,47.6417,-1.43425
201500019966,8,3,15,6,2,44,113,1,1,1,3,,47.58259,-1.62782
201500019967,6,12,15,0,3,44,113,1,1,1,7,,0.0,0.0
201500019968,9,1,15,23,3,44,89,1,1,2,1,,47.33822,-1.81712
201500019969,19,1,15,11,1,44,89,1,2,1,5,les chaillereaux,47.32746,-1.88214
201500019970,24,2,15,20,3,44,210,1,1,1,6,,47.32121,-2.18958
201500019971,13,4,15,13,1,44,89,1,1,1,4,,47.34274,-1.8406
201500019972,21,6,15,8,3,44,52,1,1,1,6,,47.33671,-2.11267
201500019973,3,7,15,9,1,44,195,1,9,1,6,,47.36938,-1.93642
201500019974,29,7,15,23,1,44,52,1,1,1,1,,47.3428,-2.09143
201500019975,2,8,15,3,3,44,103,1,1,1,6,,47.32495,-2.1455
201500019976,20,11,15,20,3,44,33,1,1,2,7,,0.0,0.0
201500019977,18,12,15,16,1,44,33,1,1,1,2,,0.0,0.0
201500019978,5,1,15,16,1,14,374,1,1,1,2,,49.0399,-0.8031
201500019979,14,1,15,9,1,14,760,1,1,4,6,,49.0959,-0.62057
201500019980,25,1,15,21,3,14,120,1,1,1,6,,49.0507,-0.7456
201500019981,27,1,15,17,3,14,311,1,1,1,6,,49.1425,-0.53646
201500019982,16,3,15,6,3,14,374,1,1,5,5,,49.0444,-0.78995
201500019983,27,9,15,16,1,14,120,1,1,1,6,,49.0482,-0.7586
201500019984,30,10,15,8,2,14,389,1,1,1,6,,49.0608,-0.69231
201500019985,7,11,15,23,3,14,636,1,1,1,6,,49.0142,-0.8613
201500019986,17,2,15,16,1,14,513,1,1,1,6,,48.9408,-1.05191
201500019987,20,5,15,17,1,50,48,1,1,1,5,,48.8692,-1.17576
201500019988,4,7,15,9,1,50,185,1,1,1,1,,48.8281,-1.24495
201500019989,19,9,15,9,1,50,440,1,1,1,6,,48.8058,-1.25918
201500019990,8,12,15,16,1,50,553,1,1,1,7,,48.5764,-1.32919
201500019991,7,3,15,8,1,50,498,1,1,1,7,,49.5131,-1.49523
201500019992,8,3,15,13,1,50,578,1,4,1,7,,49.4989,-1.44524
201500019993,7,4,15,12,1,50,599,1,1,1,2,,49.5809,-1.58725
201500019994,20,4,15,9,1,50,169,1,1,8,2,,49.473,-1.3674
201500019995,3,5,15,3,3,50,599,1,1,3,6,,49.5777,-1.58204
201500019996,27,6,15,11,1,50,194,1,1,1,2,,49.4457,-1.34623
201500019997,7,7,15,16,1,50,498,1,1,1,3,,49.5249,-1.50905
201500019998,22,7,15,10,1,50,498,1,1,1,6,,49.5335,-1.53132
201500019999,18,12,15,16,1,50,87,1,1,1,6,,49.5412,-1.54626
201500020000,19,12,15,10,1,50,458,1,1,1,3,,49.3427,-1.27236
201500020001,24,12,15,15,1,50,87,1,1,1,7,,49.5417,-1.54736
201500020002,3,1,15,23,5,18,279,2,1,9,2,GOURDON (RUE),47.2242,2.06841
201500020003,18,2,15,14,1,18,279,2,1,1,3,GAULLE (RUE DU GENERAL D,47.22142,2.06258
201500020004,21,1,15,8,1,18,279,2,2,8,1,GAULLE (RUE DU GENERAL D,47.22134,2.063
201500020005,6,3,15,11,1,18,279,2,4,1,3,"60, BRIOU (CHEMIN ET LOT",47.22725,2.08805
201500020006,3,2,15,17,1,18,279,2,1,8,7,FOECY (ROUTE DE),47.21021,2.10137
201500020007,5,3,15,19,2,18,279,2,1,1,2,BELLON (ROUTE DE),47.20178,2.08172
201500020008,5,2,15,12,1,18,279,2,1,1,2,"32, BRETON (RUE JULES LO",47.22107,2.07687
201500020009,1,4,15,15,1,18,279,2,3,1,1,HUIT MAI 1945 (RUE DU (J,47.22518,2.07318
201500020010,4,4,15,14,1,18,279,2,1,1,6,avenue de la republique,47.22471,2.06243
201500020011,16,4,15,13,1,18,279,2,1,1,3,VOLTAIRE ( RUE ),47.22132,2.06764
201500020012,22,4,15,17,1,18,279,1,1,1,5,FORET DE VIERZON ENTRE R,47.27869,2.05923
201500020013,22,5,15,9,1,18,279,2,3,1,3,VOLTAIRE ( RUE ),47.22172,2.06774
201500020014,23,5,15,16,1,18,279,2,1,1,6,parking rue du mouton,47.23121,2.08826
201500020015,8,6,15,15,1,18,279,2,1,1,6,"15, FRINGALE (RUE DE LA)",47.2335,2.04003
201500020016,12,6,15,18,1,18,279,2,3,1,3,VOLTAIRE (PASSAGE),0.0,0.0
201500020017,25,6,15,10,1,18,279,2,1,1,5,GRELET (RUE,47.2309,2.04984
201500020018,15,7,15,9,1,18,279,2,4,7,3,PASTEUR ( RUE ),47.21907,2.09129
201500020019,24,7,15,14,1,18,279,2,1,1,1,QUATORZE JUILLET (AVENUE,47.21486,2.06464
201500020020,29,7,15,12,1,18,279,2,1,1,6,"27, MICHAUD ( RUE CLAUDE",47.21409,2.06792
201500020021,8,8,15,21,5,18,279,2,3,2,3,VOLTAIRE ( RUE ),47.22173,2.06773