Num_Acc,jour,mois,an,hr,condition_eclairage,departement,commune,condition_agglomeration,intersection,condition_atmosphere,type_collision,adresse,lattitude,longitude
201500020022,22,8,15,16,1,18,279,2,1,1,2,"02, FOECY (ROUTE DE)",47.21198,2.10065
201500020023,21,8,15,16,1,18,279,2,2,1,3,PUITS BERTEAU (DE LA RTE,47.23239,2.07985
201500020024,21,8,15,18,1,18,279,2,2,1,3,BRINAY (ROUTE DE),47.20661,2.0688
201500020025,26,8,15,9,1,18,279,2,2,1,3,DESROCHES (RUE ETIENNE),0.0,0.0
201500020026,28,8,15,20,2,18,279,2,1,1,6,"9, TERRES MORTES (CHEMIN",47.20774,2.05689
201500020027,1,9,15,11,1,18,279,2,1,1,2,rue rene dumont,47.20646,2.09267
201500020028,5,9,15,17,1,18,279,2,1,1,1,BRISSON AVANT PONT SNCF,0.0,0.0
201500020029,11,9,15,10,1,18,279,2,3,7,1,VIEUX DOMAINE (ROUTE DU),47.2099,2.09851
201500020030,29,9,15,16,1,18,279,2,2,1,3,VILLENEUVE ( RUE DE ),47.20908,2.07125
201500020031,20,9,15,13,1,18,279,1,1,1,5,CD 926,0.0,0.0
201500020032,8,10,15,15,1,18,279,2,1,1,2,"06, CHATEAU RUE DU",47.22286,2.071
201500020033,14,10,15,19,5,18,279,1,3,2,3,VAILLANT (AVENUE EDOUARD,47.23737,2.06089
201500020034,19,10,15,14,1,18,279,2,1,1,3,GAULLE (RUE DU GENERAL D,47.22135,2.06301
201500020035,30,10,15,14,1,18,279,2,2,1,6,BARON (RUE BLANCHE),47.22159,2.06495
201500020036,2,11,15,14,1,18,279,2,6,1,3,DEBOURNOU (RUE ),47.22257,2.06195
201500020037,11,11,15,2,5,18,279,2,2,1,6,"11, HURVOY (RUE CHARLES",47.22732,2.07001
201500020038,3,11,15,9,1,18,279,2,1,1,6,"8, GAY LUSSAC (RUE)",47.22398,2.07685
201500020039,4,12,15,16,1,18,279,2,1,1,6,"27, VILLENEUVE ( RUE DE",47.21195,2.07177
201500020040,11,12,15,18,5,18,279,2,6,1,3,PUITS BERTEAU (DE LA RUE,47.23655,2.07576
201500020041,22,12,15,14,1,18,279,1,1,1,6,"46, BRIOU (CHEMIN ET LOT",0.0,0.0
201500020042,6,4,15,5,3,44,113,1,1,1,3,Le cetrais,47.59707,-1.57896
201500020043,7,6,15,19,1,44,149,2,2,1,3,le Trésor,47.51241,-1.5447
201500020044,26,5,15,18,1,72,200,1,2,1,3,,0.0,0.0
201500020045,18,6,15,18,1,72,231,1,1,1,6,,0.0,0.0
201500020046,30,1,15,16,1,72,8,2,9,1,6,66 rue des coll?ges,0.0,0.0
201500020047,19,3,15,9,1,72,124,2,1,1,2,27 route du Mans,0.0,0.0
201500020048,24,6,15,10,1,72,350,2,3,1,3,RUE DU PRESSOIR,0.0,0.0
201500020049,25,6,15,7,1,72,260,1,1,1,6,les godries,0.0,0.0
201500020050,8,7,15,18,1,72,58,1,1,1,6,,0.0,0.0
201500020051,24,7,15,17,1,72,47,1,1,1,7,,0.0,0.0
201500020052,28,8,15,15,1,72,53,1,1,1,6,,0.0,0.0
201500020053,5,9,15,16,1,72,58,1,1,1,1,,0.0,0.0
201500020054,25,9,15,23,3,72,386,1,1,1,6,,0.0,0.0
201500020055,29,9,15,12,1,72,187,1,1,1,3,,0.0,0.0
201500020056,13,10,15,7,2,72,8,2,1,1,2,51 route du lude,0.0,0.0
201500020057,22,1,15,13,1,65,101,2,1,2,7,ROUTE DE TARBES,43.19815,0.22262
201500020058,6,5,15,15,1,65,447,2,2,1,3,RUE DU 11 NOVEMBRE 1918,43.1895,0.23562
201500020059,8,11,15,14,1,65,290,2,1,1,6,50 rue du montaigu,43.1497,0.17906
201500020060,1,3,15,19,3,83,19,1,1,1,1,,43.193,6.391
201500020061,7,4,15,18,1,83,19,2,1,1,1,1116 route des lavandier,43.1442,6.34782
201500020062,20,4,15,10,1,83,70,2,1,8,6,25 avenue des commandos,43.16221,6.46599
201500020063,21,4,15,8,1,83,70,1,1,1,6,,0.0,0.0
201500020064,25,5,15,11,1,83,19,1,1,1,7,,0.0,0.0
201500020065,17,5,15,18,1,83,19,2,1,1,6,avenue lou mistraou,0.0,0.0
201500020066,29,5,15,21,5,83,19,1,1,1,5,,0.0,0.0
201500020067,11,6,15,18,1,83,19,2,2,1,3,bvd de la plage,43.12451,6.35715
201500020068,16,6,15,18,1,83,19,1,1,8,7,,0.0,0.0
201500020069,15,6,15,8,1,83,19,2,1,1,3,chemin des renoncules,43.15024,6.31217
201500020070,7,7,15,14,1,83,19,2,1,1,6,boulevard du port,43.12265,6.36252
201500020071,7,7,15,20,2,83,70,1,1,1,1,,43.17351,6.44586
201500020072,15,7,15,17,1,83,70,1,1,1,5,,43.15151,6.42477
201500020073,19,7,15,17,1,83,70,1,1,1,1,,43.14521,6.38752
201500020074,24,7,15,18,1,83,70,2,1,1,3,quai baptistin pin,43.13811,6.37288
201500020075,3,8,15,12,1,83,19,1,1,1,7,,0.0,0.0
201500020076,12,8,15,10,1,83,19,1,1,1,3,,0.0,0.0
201500020077,26,8,15,16,1,83,19,1,1,1,3,,0.0,0.0
201500020078,25,9,15,18,1,83,19,1,1,1,3,,0.0,0.0
201500020079,25,12,15,18,5,83,19,2,1,1,1,boulevard du soleil,0.0,0.0
201500020080,21,6,15,16,1,60,380,2,1,1,6,5 rue julia muzard,49.13112,3.07916
201500020081,5,8,15,22,2,60,176,1,1,1,7,,49.24587,2.87951
201500020082,28,8,15,14,1,60,358,1,1,1,6,,49.18578,2.89728
201500020083,5,11,15,9,1,60,430,1,1,1,7,,49.32968,2.89446
201500020084,16,11,15,14,1,60,203,1,1,1,1,,49.23239,2.86701
201500020085,4,12,15,17,3,60,92,1,1,1,3,,49.13599,3.01205
201500020086,12,7,15,11,1,91,86,1,1,1,6,D31,48.609,2.375
201500020087,17,3,15,13,1,91,86,2,3,1,1,rue des Bordes,0.0,0.0
201500020088,21,3,15,16,1,91,86,1,6,1,7,D31,0.0,0.0
201500020089,10,4,15,15,1,91,659,1,6,1,2,,0.0,0.0
201500020090,20,4,15,8,1,91,648,1,9,1,1,RD 26,0.0,0.0
201500020091,14,5,15,15,1,91,649,1,1,3,3,RD 31,0.0,0.0
201500020092,14,8,15,18,1,91,235,2,1,3,5,rue du bois des chaqueux,0.0,0.0
201500020093,7,6,15,7,1,91,648,1,1,1,7,RD 26,0.0,0.0
201500020094,16,3,15,8,1,19,31,2,3,1,1,"117, POMPIDOU (AVENUE GE",45.1579,1.55462
201500020095,3,1,15,5,5,19,31,2,1,1,6,"24, ILE DU ROI (RUE DE L",45.1639,1.5192
201500020096,22,3,15,19,2,19,31,2,3,1,3,"1, RONSARD (AVENUE)",45.1481,1.54159
201500020097,3,1,15,18,5,19,31,2,1,2,6,"39, GRIVEL (BOULEVARD AM",45.1567,1.54027
201500020098,5,1,15,18,3,19,31,2,1,1,6,TAURISSON (RUE LOUIS),45.1433,1.48307
201500020099,26,3,15,7,1,19,31,2,1,1,6,"2, DE JOUVENEL (BOULEVAR",45.1586,1.52354
201500020100,26,3,15,18,1,19,31,2,1,2,6,"47, PARIS (AVENUE DE)",45.1632,1.53245
201500020101,8,1,15,18,5,19,31,2,1,2,2,"44, ALSACE LORRAINE (AVE",45.1551,1.53754
201500020102,9,1,15,21,5,19,31,2,1,3,6,BOURZAT (AVENUE),45.1556,1.52807
201500020103,30,3,15,8,1,19,31,2,3,2,6,"00, CHAUMEIL (RUE PIERRE",45.1551,1.49945
201500020104,31,3,15,18,1,19,31,2,1,1,2,"10, MAILLARD (AVENUE)",45.1656,1.53824
201500020105,14,1,15,14,1,19,31,2,1,1,6,DELMAS (RUE COLONEL JEAN,45.1546,1.53458
201500020106,16,1,15,15,1,19,31,2,1,2,2,"73, ALSACE LORRAINE (AVE",45.153,1.53954
201500020107,10,4,15,8,1,19,31,2,1,1,6,"00, BOUDY (RUE NOEL)  A",45.1575,1.51642
201500020108,19,1,15,14,1,19,31,2,1,1,6,BRUNE (BOULEVARD),45.1536,1.53671
201500020109,10,4,15,17,1,19,31,2,1,1,6,"3, QUINZE AOUT 1944 (COU",45.1611,1.53067
201500020110,20,1,15,17,1,19,31,2,3,1,3,VAUJOUR (RUE COLONEL),45.1595,1.50017
201500020111,11,4,15,14,1,19,31,2,1,1,4,"63, SEMARD (AVENUE PIERR",45.1559,1.51815
201500020112,16,4,15,15,1,19,31,2,1,1,2,"77, FOCH (AVENUE MARECHA",45.1637,1.53989
201500020113,24,1,15,19,3,19,31,1,1,1,7,MOULIN (BOULEVARD JEAN),45.163,1.49954
201500020114,24,1,15,20,5,19,31,2,1,1,7,JUIN (RUE MARECHAL),45.167,1.51197
201500020115,21,4,15,21,5,19,31,2,1,1,6,"1, BLANC (BOULEVARD LOUI",45.1553,1.52713
201500020116,5,5,15,21,5,19,31,2,1,1,6,"52, QUINTEL (RUE GERMAIN",45.1465,1.51587
201500020117,18,2,15,13,1,19,31,2,3,1,3,DUBOUSQUET LABORDERIE (R,45.1623,1.53116
201500020118,6,5,15,21,5,19,31,2,1,1,6,"104, COMBE (BOULEVARD RO",45.1692,1.50064
201500020119,20,2,15,21,1,19,31,2,1,1,6,VEZERE (ROND POINT DE LA,45.1466,1.48251
201500020120,27,2,15,6,2,19,31,2,3,1,7,"10, CHAPELLE (RUE HENRI)",45.1682,1.51218
201500020121,13,5,15,12,1,19,31,2,1,1,1,"01, VERLHAC (BOULEVARD D",45.1682,1.53703
201500020122,13,5,15,16,1,19,31,2,6,1,3,"1, CARIVEN (CARREFOUR)",45.1651,1.532
201500020123,28,2,15,9,1,19,31,2,1,1,6,"24, TOURNY (QUAI)",45.1634,1.53564
201500020124,16,5,15,8,1,19,31,2,2,1,3,"1, BIZAC (CARREFOUR RENE",45.1607,1.53488
201500020125,6,3,15,17,1,19,31,2,1,1,2,"00, MARSALES (RUE JEAN)",45.1532,1.50486
201500020126,19,5,15,20,1,19,31,2,1,1,3,"3, ONZE NOVEMBRE 1918 (A",45.1608,1.53568
201500020127,6,3,15,21,5,19,31,2,1,1,6,"02, FERRIER (RUE)",45.1644,1.53678
201500020128,11,3,15,15,1,19,31,2,2,1,3,"55, SEMARD AVENUE PIERRE",45.1544,1.51225
201500020129,21,5,15,2,5,19,31,2,1,1,7,"140, QUEUILLE (AVENUE HE",45.1775,1.52764
201500020130,24,5,15,0,5,19,31,2,1,1,6,"37, BRUNE (BOULEVARD)",45.1535,1.53676
201500020131,27,5,15,16,1,19,31,2,1,1,2,"29, RIVET (AVENUE JEAN C",45.1501,1.49623
201500020132,28,5,15,18,1,19,31,2,1,1,4,"95, ROUSSEAU (AVENUE JEA",45.1492,1.51203
201500020133,1,6,15,12,1,19,31,1,1,1,1,"5, BRAMEFOND (CHEMIN)",45.1483,1.52815
201500020134,4,6,15,9,1,19,31,2,2,1,6,CLEMENCEAU (BOULEVARD),45.1536,1.5315
201500020135,4,6,15,11,1,19,31,2,3,1,3,PASTEUR (AVENUE),45.1688,1.53114
201500020136,5,6,15,18,1,19,31,2,1,1,4,"12, DIX HUIT JUIN 1940",45.158,1.49397
201500020137,6,6,15,4,5,19,31,2,1,1,6,"72, ILE DU ROI (RUE DE L",45.1622,1.51517
201500020138,8,6,15,16,1,19,31,2,1,1,4,"73, ALSACE LORRAINE (AVE",45.153,1.53945
201500020139,11,6,15,16,1,19,31,2,1,1,2,"61, PARIS (AVENUE DE)",45.1638,1.53205
201500020140,13,6,15,17,1,19,31,2,2,1,3,"00, CARIVEN (CARREFOUR)",45.1652,1.53123
201500020141,15,6,15,0,5,19,31,2,1,1,7,"20, RIBOT (AVENUE)",45.1651,1.51769
201500020142,16,6,15,18,1,19,31,2,9,1,2,"00, DUBOIS (BOULEVARD CA",45.1631,1.54056
201500020143,17,6,15,12,1,19,31,2,9,1,6,"02, DE JOUVENEL (BOULEVA",45.1581,1.52365
201500020144,24,6,15,12,1,19,31,2,2,1,3,"6, MARSALES (RUE JEAN)",45.1538,1.50475
201500020145,26,6,15,14,1,19,31,2,1,1,3,"32B, ROOSEVELT (AVENUE D",45.1581,1.52547
201500020146,29,6,15,0,5,19,31,2,3,1,3,"170, RIBOT (AVENUE)",45.1649,1.50257
201500020147,29,6,15,16,1,19,31,2,1,1,6,"0, CARDINAL (PONT)",45.163,1.53245
201500020148,30,6,15,19,1,19,31,2,3,1,3,"07, MIGINIAC (RUE LOUIS)",45.1759,1.54592
201500020149,1,7,15,8,1,19,31,2,6,1,7,"00, POUYADE (AVENUE GENE",45.1455,1.47516
201500020150,6,7,15,13,1,19,31,2,2,1,3,"14, SAUTET (RUE HENRI)",45.1598,1.51726
201500020151,8,7,15,9,1,19,31,2,6,1,2,"1, CHAMPOLLION (RUE)",45.1672,1.54234
201500020152,17,7,15,8,1,19,31,2,1,1,3,"00, VERLHAC (BOULEVARD D",45.1679,1.53417
201500020153,17,7,15,11,1,19,31,2,3,1,6,"02, GOUDOUX (RUE JEAN)",45.1562,1.50392
201500020154,19,7,15,20,1,19,31,2,1,1,6,"00, KOENIG (BOULEVARD GE",45.1594,1.53074
201500020155,20,7,15,14,1,19,31,2,3,1,3,"120, POMPIDOU (AVENUE GE",45.1576,1.55043
201500020156,24,7,15,0,5,19,31,2,1,1,7,"25, KOENIG (BOULEVARD GE",45.1594,1.53074
201500020157,24,7,15,8,1,19,31,2,1,1,2,"05, RIVET (AVENUE JEAN C",45.1482,1.48898
201500020158,24,7,15,20,1,19,31,2,1,1,7,"00, DIX HUIT JUIN 1940 (",45.158,1.494
201500020159,31,7,15,16,1,19,31,2,1,1,6,"66, QUEUILLE (AVENUE HEN",45.1702,1.53095
201500020160,1,8,15,8,1,19,31,2,2,1,3,ZOLA (AVENUE EMILE),45.1557,1.52457
201500020161,8,8,15,12,1,19,31,2,1,2,2,"04, QUATORZE JUILLET (AV",45.1615,1.53408
201500020162,11,8,15,12,1,19,31,2,3,1,3,"17, TURENNE (RUE DE)",45.1551,1.5313
201500020163,14,8,15,7,1,19,31,1,1,3,1,LES ESCROSES,45.1227,1.55458
201500020164,23,8,15,13,1,19,31,2,6,2,2,"1, CARIVEN (CARREFOUR)",45.1651,1.53213
201500020165,27,8,15,15,1,19,31,2,1,1,3,"46, SEMARD (AVENUE PIERR",45.1563,1.51955
201500020166,4,9,15,12,1,19,31,2,1,1,6,"00, ALVITRE (AVENUE ABBE",45.1523,1.50427
201500020167,7,9,15,7,1,19,31,2,2,1,1,"32, PARIS (AVENUE DE)",45.1638,1.5323
201500020168,4,9,15,19,1,19,31,2,2,1,1,"00, RIBOT (AVENUE)",45.1646,1.50277
201500020169,5,9,15,17,1,19,31,2,3,1,3,"00, MARSALES (RUE JEAN)",45.1538,1.50473
201500020170,10,9,15,15,1,19,31,2,2,1,3,"25, MOULIN (BOULEVARD JE",45.1606,1.50329
201500020171,11,9,15,8,1,19,31,2,3,1,3,"00, ROLLAND (RUE ROMAIN)",45.1598,1.51391
201500020172,15,9,15,16,1,19,31,2,3,1,3,"02, DE JOUVENEL (BOULEVA",45.1588,1.52348
201500020173,19,9,15,16,1,19,31,2,1,1,6,"3, SOURIE (RUE ARMAND)",45.145,1.47055
201500020174,21,9,15,9,1,19,31,2,1,1,2,"1, DELESSERT (RUE BENJAM",45.1621,1.53649
201500020175,21,9,15,13,1,19,31,2,1,1,3,"1, COURTELINE (RUE)",45.1518,1.54201
201500020176,26,9,15,8,1,19,31,2,1,1,2,"102, RIBOT (AVENUE)",45.1647,1.50942
201500020177,29,9,15,16,1,19,31,2,1,1,6,"04, BESSON (RUE PROFESSE",45.1601,1.52847
201500020178,3,10,15,13,1,19,31,2,3,1,3,"75, SEMARD (AVENUE PIERR",45.1557,1.5171
201500020179,3,10,15,17,1,19,31,2,1,2,2,"15, LAGRANGE (AVENUE LEO",45.1599,1.54573
201500020180,5,10,15,8,1,19,31,2,1,1,7,"23, BRIGOULEIX (RUE MART",45.1688,1.5163
201500020181,5,10,15,18,1,19,31,2,1,7,6,"145, POMPIDOU (AVENUE GE",45.158,1.55578
201500020182,6,10,15,11,1,19,31,2,1,1,3,"113, ROUSSEAU (AVENUE JE",45.1485,1.51008
201500020183,6,10,15,16,1,19,31,2,1,1,7,"16, DIX HUIT JUIN 1940 (",45.1585,1.49487
201500020184,7,10,15,16,1,19,31,2,1,1,6,"40, TOULZAC (RUE JEAN BA",45.1584,1.50379
201500020185,11,10,15,16,1,19,31,2,1,7,3,MAILLARD (CITE),45.1665,1.54147
201500020186,13,10,15,2,5,19,31,2,1,1,6,"2, RIVET (AVENUE JEAN CH",45.1514,1.50126
201500020187,13,10,15,18,1,19,31,2,2,1,3,"1, BRUNE (BOULEVARD)",45.1534,1.53292
201500020188,15,10,15,9,1,19,31,2,3,1,2,"95, KENNEDY (AVENUE JOHN",45.1667,1.5453
201500020189,17,10,15,19,5,19,31,2,1,1,2,"00, RIVET (AVENUE JEAN C",45.1506,1.49818
201500020190,20,10,15,14,1,19,31,2,3,1,3,"00, FOCH (AVENUE MARECHA",45.1632,1.53755
201500020191,21,10,15,13,1,19,31,2,1,1,1,"58, SEMARD (AVENUE PIERR",45.156,1.51843
201500020192,22,10,15,13,1,19,31,2,1,2,7,"114, ZOLA (AVENUE EMILE)",45.1533,1.51955
201500020193,26,10,15,19,5,19,31,2,1,1,2,"124, QUEUILLE (AVENUE HE",45.1763,1.52779
201500020194,30,10,15,10,1,19,31,2,6,1,2,"1, FRATERNITE (ROND-POIN",45.166,1.54181
201500020195,1,11,15,16,1,19,31,2,6,1,6,"1, FRATERNITE (ROND-POIN",45.1661,1.54149
201500020196,7,11,15,4,5,19,31,2,1,1,7,"6, RIBOT (AVENUE)",45.1614,1.51939
201500020197,10,11,15,12,1,19,31,2,2,1,3,"1, GERMAIN (BOULEVARD DU",45.1574,1.52378
201500020198,11,11,15,22,5,19,31,2,3,1,3,"12, COURTELINE (RUE)",45.1549,1.55326
201500020199,18,11,15,18,2,19,31,2,1,2,6,"18, BRUNE (BOULEVARD)",45.1532,1.53462
201500020200,21,11,15,12,1,19,31,2,6,1,3,COURBATERE (ROND-POINT R,45.1589,1.51176
201500020201,25,11,15,15,1,19,31,2,1,2,6,"5, BERTHELOT (RUE MARCEL",45.1554,1.53462
201500020202,28,11,15,16,1,19,31,2,1,1,6,MAZAUD (LIEU-DIT),45.1437,1.47355
201500020203,28,11,15,17,2,19,31,2,2,1,3,"0, BUGEAUD (AVENUE MAREC",45.1615,1.5408
201500020204,1,12,15,19,2,19,31,2,1,1,2,"2, BROSSOLETTE  BOULEVAR",45.167,1.54223
201500020205,6,12,15,18,5,19,31,1,2,1,3,"00, MARBEAU (BOULEVARD D",45.1546,1.53007
201500020206,7,12,15,10,1,19,31,2,9,1,6,"00, CARNOT (RUE)",45.1593,1.53068
201500020207,10,12,15,11,1,19,31,1,3,1,3,"5, DORMOY (BOULEVARD MAR",45.1677,1.54029
201500020208,10,12,15,16,1,19,31,2,1,1,6,"7, TOULZAC (RUE)",45.1606,1.53294
201500020209,13,12,15,17,2,19,31,2,3,1,1,"116, ZOLA (AVENUE EMILE)",45.1533,1.51951
201500020210,17,12,15,12,1,19,31,2,3,1,6,"1, AUZEL (RUE EDMOND)",45.1456,1.49052
201500020211,18,12,15,11,1,19,31,2,3,1,3,"15, ROOSEVELT (AVENUE DU",45.1582,1.52664
201500020212,18,12,15,11,1,19,31,2,1,1,2,"00, MARSALES (RUE JEAN)",45.1526,1.50533
201500020213,20,12,15,15,1,19,31,2,1,1,1,"25, RIVET (AVENUE JEAN C",45.1502,1.49682
201500020214,23,12,15,14,1,19,31,2,1,1,3,"29, RIVET (AVENUE JEAN C",45.1501,1.49613
201500020215,26,12,15,5,5,19,31,2,1,1,2,"4, ILE DU ROI (RUE DE L'",45.164,1.52087
201500020216,29,12,15,16,1,19,31,2,1,1,3,"15, DIX HUIT JUIN 1940 (",45.1589,1.49593
201500020217,31,5,15,10,1,68,343,2,3,1,5,Rue d'ENSISHEIM,47.87498,7.31973
201500020218,31,5,15,19,1,68,315,1,1,1,1,,0.0,0.0
201500020219,4,6,15,15,1,68,88,1,1,7,3,,0.0,0.0
201500020220,26,6,15,11,1,68,260,1,1,1,2,,47.88189,7.26795
201500020221,9,11,15,15,1,68,43,1,1,1,3,,0.0,0.0
201500020222,21,11,15,0,3,68,203,1,1,2,6,,0.0,0.0
201500020223,20,9,15,11,1,59,260,2,1,1,1,142 route de uxem,0.0,0.0
201500020224,20,9,15,22,3,59,499,1,1,2,7,,0.0,0.0
201500020225,29,6,15,17,1,59,107,1,1,1,2,,0.0,0.0
201500020226,15,7,15,0,3,59,260,1,1,1,5,Route d'Uxem,51.03673,2.50316
201500020227,25,8,15,17,1,59,260,2,1,8,6,rue de la Jockstraete,0.0,0.0
201500020228,19,8,15,15,1,59,448,2,6,1,1,les cinq chemins,0.0,0.0
201500020229,21,9,15,11,1,59,668,2,1,1,6,rue des crevettes,0.0,0.0
201500020230,6,11,15,11,1,59,107,2,1,1,6,avenue de la liberté,0.0,0.0
201500020231,3,7,15,7,1,19,272,2,2,1,3,LA LUNADE (BD),45.2654,1.78211
201500020232,9,8,15,11,1,19,272,2,1,1,6,31 WINSTON CHURCHILL,45.2589,1.75691
201500020233,19,9,15,2,5,19,272,2,3,2,6,"6, HENRI DE BOURNAZEL",45.2682,1.76817
201500020234,24,12,15,18,5,19,272,2,1,1,6,"38, ALSACE LORRAINE (AVE",45.2593,1.7538
201500020235,5,12,15,16,1,19,272,1,1,7,2,D1089,45.2594,1.78584
201500020236,10,2,15,10,1,19,272,2,3,1,6,"11, WINSTON CHURCHILL (A",45.2595,1.7562
201500020237,14,2,15,19,5,19,272,2,1,2,6,"1, DR VALETTE (RUE)",45.2592,1.75284
201500020238,26,2,15,10,1,19,272,2,1,2,7,"35, DR AIME AUDUBERT",45.2509,1.76547
201500020239,2,2,15,7,2,19,275,2,1,4,7,SARSONNE (BOULEVARD DE L,45.5496,2.30889
201500020240,23,3,15,19,5,19,275,2,2,2,3,BLUM (BOULEVARD LEON),45.5515,2.3151
201500020241,28,4,15,16,1,19,275,1,1,1,1,"5, R.D. 1089 SUD",45.5312,2.29895
201500020242,3,3,15,17,1,19,275,2,2,1,2,"0, THIERS (AVENUE)",45.5465,2.30837
201500020243,19,5,15,17,1,19,275,1,1,1,1,R.D. 1089 SUD,45.5216,2.28207
201500020244,10,6,15,17,1,19,275,2,4,1,2,GIRAUD (BOULEVARD VICTOR,45.5435,2.30767
201500020245,12,6,15,7,1,19,275,2,3,8,1,"1, SARSONNE (BOULEVARD D",45.5539,2.31334
201500020246,21,6,15,10,1,19,275,2,1,1,6,"31, MAS ROUGE (RUE DU)",45.5529,2.32283
201500020247,21,7,15,0,5,19,275,2,2,1,3,"6, PRAIRIE (RUE DE LA)",45.5476,2.3122
201500020248,19,8,15,14,1,19,275,1,1,1,7,LES GRAVADES,45.5735,2.34019
201500020249,28,10,15,17,2,19,275,2,1,8,6,"4 BIS, TURGOT (AVENUE) N",45.5452,2.30389
201500020250,10,11,15,19,5,19,275,2,3,1,6,"FACE 8, SEMARD (AVENUE P",45.5559,2.31472
201500020251,2,7,15,10,1,68,254,1,2,1,7,,47.72716,7.53135
201500020252,19,8,15,21,3,68,144,1,1,1,7,,47.76886,7.49913
201500020253,5,9,15,10,1,68,300,1,2,1,1,,47.77415,7.38021
201500020254,26,9,15,19,5,68,20,2,3,1,3,RD4 bis,47.82505,7.51711
201500020255,19,12,15,20,5,68,20,2,2,1,3,intersection D4bis/D468,47.82437,7.51355
201500020256,13,3,15,8,1,21,54,2,2,1,3,VEROTTES (RUE DES),47.02352,4.83122
201500020257,23,4,15,15,1,21,54,1,1,1,6,"8, FOCH (BOULEVARD MAREC",47.02724,4.83649
201500020258,20,4,15,19,1,21,54,2,2,1,3,HERMINETTE (RUE DE L'),0.0,0.0
201500020259,7,5,15,0,5,21,54,1,7,1,6,"455, BEAUNE (ROUTE DE)",47.03546,4.86422
201500020260,10,5,15,11,1,21,54,2,2,1,3,CHALLANGES (ROUTE DE),0.0,0.0
201500020261,18,5,15,17,1,21,54,2,3,1,6,SAINT-JACQUES (RUE DU MO,47.02018,4.83684
201500020262,7,6,15,18,1,21,54,2,2,1,3,ROCADE EST,47.01715,4.85662
201500020263,3,6,15,7,1,21,54,2,2,1,3,ROCADE EST,47.01717,4.85659
201500020264,12,5,15,17,1,21,54,2,2,1,5,EIFFEL (RUE GUSTAVE),47.03889,4.84495
201500020265,2,7,15,20,1,21,54,2,3,1,3,PASTEUR (RUE),47.02825,4.84594
201500020266,15,7,15,8,1,21,54,2,2,1,2,PASTEUR (RUE),0.0,0.0
201500020267,21,8,15,17,1,21,54,2,2,1,6,LORRAINE (RUE DE),0.0,0.0
201500020268,7,9,15,20,1,21,54,2,2,1,3,SABLIERE (RUE DE LA),0.0,0.0
201500020269,9,9,15,11,1,21,54,2,1,1,6,"57, JAFFELIN (AVENUE CHA",47.02486,4.82755
201500020270,18,9,15,17,1,21,54,2,1,1,6,BLANCHES FLEURS (RUE DES,47.03538,4.83802
201500020271,6,10,15,9,1,21,54,2,1,3,7,"07, SAINT-JACQUES (BOULE",47.02055,4.83843
201500020272,19,10,15,17,1,21,54,2,1,7,6,"30, FOCH (BOULEVARD MARE",47.02603,4.83373
201500020273,26,11,15,15,1,21,54,2,1,1,1,"27, CLEMENCEAU (BOULEVAR",47.02472,4.83304
201500020274,21,1,15,15,1,21,54,2,2,8,3,CHAFFOTTE (RUE),47.02066,4.84731
201500020275,30,1,15,17,2,21,54,2,1,2,6,71 VIGNOLLES-UNIVERSITE,47.027,4.86477
201500020276,6,2,15,15,1,21,54,2,1,1,6,FOCH (BOULEVARD MARECHAL,47.02777,4.83742
201500020277,7,2,15,12,1,21,54,2,1,1,6,"46, SEURRE (ROUTE DE)",47.01895,4.85893
201500020278,7,1,15,18,5,21,355,2,1,5,2,GEORGES POMPIDOU (VOIE),47.29385,5.0631
201500020279,17,3,15,0,5,21,231,2,3,1,6,PARC (DU) (PASSAGE),0.0,0.0
201500020280,12,2,15,13,1,21,231,2,3,1,3,"17, VOLTAIRE (BOULEVARD)",47.31662,5.0511
201500020281,20,3,15,16,1,21,278,2,6,1,3,AHUY (D') (ROUTE),0.0,0.0
201500020282,19,2,15,9,1,21,231,2,3,1,3,EDME PIOT (RUE),0.0,0.0
201500020283,20,3,15,17,1,21,231,2,7,1,1,DEVOSGE (RUE),0.0,0.0
201500020284,27,3,15,9,1,21,166,2,1,1,1,"5 BIS, FRERES MONTGOLFIE",47.29159,5.0194
201500020285,29,3,15,21,5,21,231,2,2,2,3,CHAMPAGNE (DE) (BOULEVAR,47.32881,5.0558
201500020286,8,4,15,8,1,21,231,2,2,1,3,MARTYRS DE LA RESISTANCE,0.0,0.0
201500020287,13,4,15,8,1,21,231,2,2,1,6,"79, PASCAL (BOULEVARD)",47.33954,5.04566
201500020288,15,4,15,17,1,21,231,2,1,1,6,"3, BUFFON (RUE)",47.3204,5.04526
201500020289,20,4,15,18,1,21,231,2,1,1,3,GENERAL DE GAULLE (COURS,0.0,0.0
201500020290,22,4,15,17,1,21,231,2,2,1,1,BEL AIR (DE) (RUE),0.0,0.0
201500020291,22,4,15,15,1,21,231,2,2,1,1,JEAN JAURES (AVENUE),0.0,0.0