Num_Acc,jour,mois,an,hr,condition_eclairage,departement,commune,condition_agglomeration,intersection,condition_atmosphere,type_collision,adresse,lattitude,longitude
201500020292,23,4,15,10,1,21,231,2,1,1,6,"15, CHAMPOLLION (AVENUE)",47.33392,5.06734
201500020293,24,4,15,8,1,21,231,2,1,1,6,"46, AUXONNE (D') (RUE)",47.3146,5.04734
201500020294,10,5,15,21,1,21,231,2,1,1,1,"136, JEAN JAURES (AVENUE",47.304,5.02259
201500020295,13,5,15,15,1,21,231,2,3,1,6,LEON MAURIS (RUE),0.0,0.0
201500020296,20,5,15,17,1,21,231,2,2,1,3,"19, CHENOVE (DE) (RUE)",47.30949,5.02482
201500020297,27,5,15,20,1,21,231,2,1,1,6,CHABOT CHARNY (RUE),0.0,0.0
201500020298,8,6,15,15,1,21,231,2,2,1,3,GUSTAVE EIFFEL (AVENUE),0.0,0.0
201500020299,28,6,15,18,1,21,166,2,2,1,3,"43 bis, MARSANNAY (DE) (",47.29035,5.00757
201500020300,29,6,15,16,1,21,278,2,3,1,3,"35 bis, FAUBOURG ST MART",47.34229,5.02538
201500020301,3,8,15,18,1,21,231,2,3,1,1,"12, LEON MAURIS (RUE)",47.33086,5.05645
201500020302,4,8,15,20,1,21,231,2,1,1,3,"12, NICOLAS ROLIN (QUAI)",47.31603,5.0269
201500020303,7,8,15,17,1,21,231,2,2,1,3,VICTOR HUGO (AVENUE),47.33094,5.02228
201500020304,13,8,15,6,1,21,231,2,1,1,5,"102, LONGVIC (DE) (RUE)",47.30707,5.0491
201500020305,29,8,15,4,5,21,231,2,2,1,6,"17, CHAIGNOT (DU) (RUE)",47.31678,5.03768
201500020306,31,8,15,10,1,21,231,2,1,1,6,STADE (DU) (RUE),0.0,0.0
201500020307,17,9,15,20,5,21,231,2,3,1,6,"74, AUXONNE (D') (RUE)",47.31277,5.05088
201500020308,17,9,15,21,5,21,231,1,1,1,6,GEORGES POMPIDOU (VOIE),0.0,0.0
201500020309,30,9,15,16,1,21,166,2,1,1,2,BERNARD    PALISSY (BOUL,0.0,0.0
201500020310,4,10,15,7,1,21,355,2,1,8,6,"29, DIJON (DE) (ROUTE)",47.28929,5.05979
201500020311,1,10,15,20,5,21,231,2,3,1,4,DAUBENTON (RUE),47.31198,5.03928
201500020312,9,10,15,15,1,21,231,2,4,1,6,DEVOSGE (RUE),0.0,0.0
201500020313,16,10,15,20,5,21,231,2,4,1,3,GORGETS (DES) (BOULEVARD,0.0,0.0
201500020314,26,10,15,19,5,21,231,2,3,1,1,CHARMETTE (DE LA) (RUE),0.0,0.0
201500020315,4,11,15,3,4,21,231,2,2,1,1,PEYVETS (DES) (BOULEVARD,47.30565,5.02217
201500020316,6,11,15,22,5,21,166,2,6,1,3,"0, MARSANNAY (DE) (RUE)",47.28548,5.00274
201500020317,8,11,15,15,1,21,231,2,2,1,1,PLANCHETTES (DES) (RUE),47.31545,5.06279
201500020318,10,11,15,18,1,21,231,2,1,1,6,PAUL DOUMER (BOULEVARD),47.32727,5.06775
201500020319,13,11,15,23,5,21,231,2,3,2,3,STRASBOURG (DE) (BOULEVA,47.32154,5.05597
201500020320,19,11,15,2,3,21,355,2,9,1,3,A311,47.2734,5.03997
201500020321,20,11,15,7,2,21,231,2,1,2,6,"90, AUXONNE (D') (RUE)",47.31162,5.05224
201500020322,30,11,15,17,5,21,166,2,2,2,1,MARSANNAY (DE) (RUE),47.29033,5.00757
201500020323,24,12,15,0,5,21,231,2,2,1,3,PARC (DU) (COURS),47.30581,5.04738
201500020324,10,1,15,9,1,42,271,1,1,1,3,,45.49807,4.57993
201500020325,4,2,15,11,1,42,242,2,1,1,3,13 route du bourg,45.55435,4.61892
201500020326,10,4,15,12,1,42,167,1,1,1,6,,45.47071,4.65682
201500020327,10,5,15,3,3,42,283,1,1,1,7,route Le Sechio,45.56332,4.55905
201500020328,17,5,15,17,1,42,83,1,1,1,2,,45.5574,4.68447
201500020329,7,6,15,12,1,42,307,2,1,1,7,Route des Bachasses,45.54946,4.6684
201500020330,7,8,15,15,1,42,283,1,1,1,6,,45.55477,4.54183
201500020331,1,9,15,13,1,42,308,1,1,3,1,,45.462,4.583
201500020332,25,10,15,12,1,42,32,1,1,1,2,,45.51555,4.55901
201500020333,24,11,15,19,3,42,283,1,1,1,6,,45.55023,4.54026
201500020334,24,2,15,18,1,22,113,2,3,1,2,PLACENN AR GUER (RUE DE),48.74597,-3.45521
201500020335,31,12,15,11,1,22,113,2,1,1,6,KERTANGUY (LIEU-DIT),48.7226,-3.4261
201500020336,18,2,15,15,1,22,113,1,3,1,1,TREBEURDEN (ROUTE DE),48.75253,-3.51041
201500020337,23,12,15,8,3,22,113,1,1,1,7,LE LAUNAY (LIEU-DIT LE)(,48.75181,-3.42379
201500020338,31,3,15,15,1,22,113,2,1,1,4,AIGUILLON (QUAI D'),48.73203,-3.46142
201500020339,2,4,15,22,5,22,113,2,4,8,7,RESISTANCE (AVENUE DE LA,48.7378,-3.46767
201500020340,23,4,15,18,1,22,113,1,1,1,3,MENDES FRANCE (BOULEVARD,48.72446,-3.47838
201500020341,14,6,15,14,1,22,113,1,1,1,7,R.D.767,48.72466,-3.43141
201500020342,14,7,15,20,1,22,113,1,1,1,7,"1, DE LA FAYETTE (BOULEV",48.74272,-3.44981
201500020343,10,7,15,14,1,22,113,2,1,1,3,KER AR FAOUT (CHEMIN DE),48.75822,-3.4821
201500020344,12,8,15,13,1,22,113,2,9,1,7,rue g. pompidou,48.73937,-3.4633
201500020345,16,8,15,18,1,22,113,2,9,1,6,DE LA FAYETTE (BOULEVARD,48.73753,-3.43906
201500020346,4,8,15,7,1,22,113,2,4,1,2,TREBEURDEN (ROUTE DE),48.73801,-3.46774
201500020347,18,8,15,16,1,22,113,2,6,1,3,SAINT PIERRE (RUE),48.75182,-3.45316
201500020348,21,8,15,13,1,22,113,2,1,1,7,LOGUIVY (LIEU DIT),48.73478,-3.47909
201500020349,11,9,15,7,2,22,113,2,3,1,1,SAINT MARC (RUE DE),48.73391,-3.44153
201500020350,1,9,15,17,1,22,113,2,6,1,3,RESISTANCE (AVENUE DE LA,48.74659,-3.46181
201500020351,29,9,15,15,1,22,113,2,1,1,3,BRANLY (RUE EDOUARD),48.75643,-3.44887
201500020352,21,9,15,18,1,22,113,1,1,1,1,KER AN FAOUT (CHEMIN DE),48.7565,-3.48549
201500020353,21,9,15,16,1,22,113,1,6,8,6,PERROS (ROUTE DE),48.76229,-3.45194
201500020354,6,10,15,10,1,22,113,2,2,2,6,"19, HINGARD (RUE DU)",48.73903,-3.45768
201500020355,20,11,15,14,1,22,113,2,6,1,6,TREGUIER (RUE DE),48.73338,-3.44988
201500020356,22,11,15,19,3,22,113,1,3,1,1,"93, TREBEURDEN (ROUTE DE",48.75189,-3.49825
201500020357,16,9,15,10,1,22,113,2,1,2,7,LAOUENAN (RUE MARI GABRI,48.73293,-3.47437
201500020358,8,9,15,21,1,22,113,2,7,1,6,GÜNSBURG (PLACE DE),48.73203,-3.46341
201500020359,26,11,15,10,1,22,113,1,1,2,6,"223, TREGASTEL (ROUTE DE",48.76559,-3.47853
201500020360,17,1,15,11,1,22,113,2,1,1,6,DE LA FAYETTE (BOULEVARD,48.73466,-3.44431
201500020361,22,1,15,10,1,22,113,2,1,7,6,GUILLOUX (BOULEVARD LOUI,48.72609,-3.44871
201500020362,31,1,15,20,5,22,113,2,1,4,5,MARECHAL JOFFRE (QUAI DU,48.7321,-3.46572
201500020363,19,2,15,7,2,22,215,1,1,9,6,"0, PONT DES ILES (RUE DU",48.51816,-2.81302
201500020364,23,12,15,21,5,22,278,2,1,1,3,"44, CHARNER (BD)",48.50838,-2.76852
201500020365,24,2,15,14,1,22,278,2,1,1,3,"27, BREST (DE)",48.51274,-2.76818
201500020366,25,2,15,15,1,22,187,1,1,8,6,"31, VIADUC (RUE DU)",48.52713,-2.76983
201500020367,22,2,15,20,3,22,215,1,1,1,6,"1, PONT NOIR (RUE DU)",48.48969,-2.84068
201500020368,29,12,15,21,5,22,278,2,2,1,3,CORNEILLE COTE IMPAIR,48.51209,-2.74502
201500020369,2,3,15,0,3,22,187,1,1,1,6,RN12,48.53017,-2.7556
201500020370,26,12,15,13,1,22,106,1,1,1,3,RN12,48.29391,-2.43254
201500020371,27,2,15,16,1,22,278,2,6,1,6,CHARNER (BD),48.50793,-2.7643
201500020372,1,1,15,11,1,22,278,2,6,1,3,"0, BECQUEREL (HENRI)",48.49762,-2.7483
201500020373,3,3,15,16,1,22,278,2,3,1,6,"0, RAHUEL (DOCTEUR)",48.50636,-2.74768
201500020374,4,12,15,11,1,22,278,2,1,1,7,BALAVOINE (DE LA),48.3116,-2.47099
201500020375,6,3,15,14,1,22,278,2,4,1,6,"1, LA TULLAYE (DE)",48.50898,-2.75012
201500020376,10,3,15,14,1,22,278,2,3,1,3,"0, NORMANDIE (DE)",48.5105,-2.78591
201500020377,4,3,15,17,1,22,215,2,6,1,3,BRETAGNE (AVENUE DE),48.494,-2.7774
201500020378,15,3,15,11,1,22,215,2,1,1,6,"22, MAIRIE (RUE DE LA)",48.48884,-2.79405
201500020379,16,3,15,17,1,22,215,2,1,1,3,"3, JUILLET 1789 (RUE DU",48.50001,-2.78257
201500020380,24,3,15,10,1,22,278,2,4,1,3,"1, ROUX (DOCTEUR)",48.51058,-2.7455
201500020381,25,3,15,17,1,22,278,2,1,1,6,"36, GAMBETTA (BD)",48.51853,-2.75559
201500020382,31,3,15,12,1,22,278,2,3,1,3,"0, LA FAYETTE",48.50964,-2.7471
201500020383,13,3,15,8,1,22,215,1,3,1,2,"1, FROS (RUE DU)",48.50364,-2.80303
201500020384,7,4,15,11,1,22,278,1,1,1,2,RN12,48.50337,-2.73077
201500020385,9,4,15,12,1,22,278,2,1,1,6,"35, LAENNEC (BD)",48.51063,-2.77458
201500020386,16,4,15,16,1,22,278,2,1,1,3,"85, TREGUEUX (DE)",48.49967,-2.75588
201500020387,14,4,15,18,1,22,106,1,1,1,6,"1, AMBROISE PARE (RUE)",48.50001,-2.73022
201500020388,8,4,15,14,1,22,187,1,1,1,7,RN12,48.54614,-2.78117
201500020389,28,4,15,12,1,22,278,1,1,1,1,"0, AMPERE",48.50396,-2.73582
201500020390,30,4,15,21,1,22,106,1,1,2,2,"0, RN 9012",48.49379,-2.72351
201500020391,1,5,15,9,1,22,360,1,1,1,1,"1, VALLEE (RUE DE LA)",48.46748,-2.75812
201500020392,8,4,15,19,1,22,187,2,1,1,6,"29/31, MIRABEL (Rue Mich",48.52686,-2.7482
201500020393,5,5,15,8,1,22,360,1,1,1,5,"0, RN12",48.48292,-2.69464
201500020394,13,5,15,18,1,22,187,1,3,1,3,"1, CHALUTIER SANS PITIE",48.53011,-2.76464
201500020395,18,5,15,18,1,22,278,2,1,1,6,"10, MANCHE (BD DE LA)",48.5221,-2.7352
201500020396,11,5,15,16,1,22,215,2,1,1,6,"1, MAIRIE (RUE DE LA)",48.48862,-2.7942
201500020397,22,3,15,13,1,22,187,2,3,1,3,"0, CHANOINE GUINARD (QUA",48.52397,-2.74941
201500020398,21,5,15,11,1,22,187,2,2,1,3,"0, VALLEE  (rue de la )",48.53379,-2.7716
201500020399,4,4,15,20,1,22,278,2,3,1,3,"0, TREGUEUX (DE)",48.50018,-2.75652
201500020400,22,5,15,23,5,22,278,2,6,1,6,"0, AMPERE",48.50511,-2.7342
201500020401,21,5,15,14,1,22,360,1,1,1,2,"0, D 700",48.49191,-2.76298
201500020402,28,5,15,7,1,22,278,2,1,1,6,"0, HAREL-DE-LA-NOE (BD)",48.51964,-2.74758
201500020403,4,5,15,18,1,22,278,1,1,1,6,"0, RN12",48.5206,-2.74755
201500020404,20,5,15,8,1,22,187,2,4,1,2,"0, LEQUIER (Rue Jules)",48.54104,-2.77463
201500020405,18,5,15,11,1,22,187,1,1,1,3,RN12,48.54503,-2.80033
201500020406,3,6,15,15,1,22,278,1,3,1,3,"0, BALZAC",48.51413,-2.74625
201500020407,30,5,15,19,1,22,278,2,4,1,6,"115, FERRY (JULES)",48.50046,-2.76983
201500020408,6,6,15,11,1,22,215,1,2,1,3,"0, PONT NOIR (RUE DU)",48.48962,-2.81687
201500020409,14,5,15,23,5,22,278,2,2,1,1,"0, CHAPTAL",48.5095,-2.73478
201500020410,15,6,15,17,1,22,278,1,1,1,7,"0, GALLOIS (DES)",48.49461,-2.74363
201500020411,16,6,15,15,1,22,278,1,6,1,3,"0, AMPERE",48.50525,-2.73408
201500020412,31,5,15,20,1,22,360,1,1,1,1,URNE (RUE DE L'),48.47765,-2.75038
201500020413,20,6,15,6,1,22,187,1,3,1,3,HUIT MAI 1945 (Rue du ),48.53957,-2.76842
201500020414,19,6,15,19,1,22,187,1,1,1,4,RN12,48.53387,-2.75836
201500020415,14,6,15,19,1,22,360,1,1,1,2,"0, VALLEE (RUE DE LA)",48.47858,-2.71219
201500020416,29,6,15,17,1,22,278,2,1,1,6,"4, GARNIER (ABBE)",48.50577,-2.76141
201500020417,1,7,15,12,1,22,278,2,2,1,3,"0, MONGE",48.50253,-2.73799
201500020418,7,7,15,21,1,22,360,1,1,1,7,,48.48554,-2.71289
201500020419,15,7,15,14,1,22,106,2,3,1,3,"17 bis, RENNES (RUE DE)",48.49373,-2.71179
201500020420,28,6,15,18,1,22,278,1,6,1,6,"0, APOLLINAIRE (GUILLAUM",48.49733,-2.74755
201500020421,23,7,15,2,3,22,278,2,1,1,6,"3, NERUDA (RD PT PABLO)",48.51989,-2.79038
201500020422,25,7,15,18,1,22,278,1,1,1,2,RN12,48.50745,-2.73603
201500020423,6,7,15,19,1,22,187,1,1,1,2,,48.54542,-2.77254
201500020424,9,8,15,17,1,22,278,2,2,1,7,"10, PROUST (MARCEL)",48.49281,-2.74879
201500020425,3,1,15,19,5,22,106,2,1,1,7,AMBROISE PARE (RUE),48.49873,-2.73097
201500020426,21,7,15,9,1,22,215,1,1,1,1,ST-BARTHELEMY (RUE DE),48.51692,-2.82373
201500020427,31,7,15,14,1,22,106,2,3,1,6,"34, BREST (RUE DE)",48.4955,-2.71788
201500020428,14,8,15,17,1,22,187,1,3,1,1,VERDUN (rue de ),48.5447,-2.78569
201500020429,4,7,15,6,2,22,187,1,1,1,7,RN12,48.52769,-2.75341
201500020430,23,8,15,16,1,22,106,2,1,1,5,GREVES (Rue des),48.50315,-2.69608
201500020431,26,7,15,18,1,22,360,1,1,1,1,"53, VILLE GROHAN (RUE DE",48.48659,-2.77456
201500020432,28,8,15,9,1,22,278,2,1,1,6,"0, LIGNERIES (DES)",48.52529,-2.7364
201500020433,27,8,15,14,1,22,215,2,1,2,7,CHEVANCE (RUE GEORGES),48.50077,-2.77807
201500020434,22,8,15,20,1,22,278,2,1,2,1,HAREL-DE-LA-NOE (BD),48.51849,-2.74835
201500020435,8,9,15,7,1,22,187,2,2,1,3,L'église (Rue de ),48.5381,-2.73227
201500020436,8,9,15,19,1,22,106,1,1,1,1,"17, GENETS (RUE DES)",48.49895,-2.73582
201500020437,10,8,15,1,5,22,215,2,6,1,7,RD 700,48.49383,-2.76308
201500020438,6,9,15,0,4,22,106,1,1,1,6,RN12,48.48259,-2.68998
201500020439,14,9,15,8,1,22,278,2,1,1,3,"82, ATLANTIQUE (BD) N°58",48.51896,-2.79306
201500020440,18,9,15,8,1,22,278,2,1,1,5,ARMOR (AV. D') COTE PAIR,48.51221,-2.7542
201500020441,15,9,15,18,1,22,278,1,1,1,2,", APOLLINAIRE (GUILLAUME",48.49769,-2.74621
201500020442,19,9,15,22,5,22,278,2,1,1,5,"11, TROIS-FRERES-LE-GOFF",48.51594,-2.76406
201500020443,20,9,15,19,1,22,278,2,2,1,1,"0, LANGEVIN (ET PASS. PA",48.50267,-2.75034
201500020444,21,9,15,10,1,22,278,2,1,1,6,71° RI (DU),48.51103,-2.7606
201500020445,16,9,15,17,1,22,278,2,1,1,6,"0, TREGOR (DU)",48.51812,-2.79306
201500020446,12,10,15,16,1,22,278,2,1,1,6,"39, LIGNERIES (DES)",48.52357,-2.73204
201500020447,22,9,15,12,1,22,278,2,1,1,6,"54, 71° RI (DU)",48.51103,-2.45361
201500020448,18,10,15,16,1,22,360,1,1,1,3,GUERNEAU (RUE DU),48.48432,-2.77291
201500020449,2,11,15,18,2,22,106,2,1,1,6,"74, RENNES (RUE DE)",48.49213,-2.70598
201500020450,9,11,15,14,1,22,278,2,1,1,6,CLEMENCEAU (BD),48.51059,-2.75936
201500020451,27,11,15,13,1,22,278,2,1,1,6,"0, RAHUEL (DOCTEUR)",48.50667,-2.74918
201500020452,26,11,15,20,1,22,360,1,1,1,6,RD700,48.46451,-2.77928
201500020453,4,12,15,13,1,22,278,1,1,1,7,SURCOUF (Q.),48.52787,-2.72721
201500020454,5,12,15,9,1,22,360,1,3,1,5,VALLEE (RUE DE LA),48.47887,-2.70945
201500020455,8,12,15,17,2,22,360,2,1,1,1,TUILLERIES (RUE DES),48.48438,-2.74894
201500020456,12,12,15,19,3,22,106,1,1,1,4,RN12,48.50185,-2.72898
201500020457,27,11,15,23,3,22,187,1,1,1,7,"0, RN12",48.54497,-2.77335
201500020458,15,12,15,17,5,22,215,1,2,8,3,BONNIOTS (RUE DES),48.51926,-2.81482
201500020459,5,1,15,17,2,22,278,2,4,1,3,"0, ROCHE-GAUTIER (DE LA)",48.4935,-2.75378
201500020460,23,11,15,16,1,22,278,2,1,1,7,COLOMBIER (DU),48.5053,-2.7501
201500020461,11,11,15,13,1,22,278,2,1,1,3,"21, BAGOT",48.51248,-2.77785
201500020462,16,12,15,15,1,22,278,2,1,1,6,POULAIN-CORBION,48.51299,-2.76406
201500020463,14,12,15,17,1,22,278,1,1,1,3,ANCIEN-ABATTOIR (PASS. D,48.51634,-2.77224
201500020464,24,12,15,19,2,22,215,2,1,1,6,CHAMP BOGARD (RUE DU),48.49601,-2.80874
201500020465,6,1,15,15,1,22,278,2,3,1,3,"0, RAHUEL (DOCTEUR)",48.50687,-2.74961
201500020466,7,1,15,14,1,22,278,2,1,1,6,PROMENADES (ET ALL. DES),48.51302,-2.7591
201500020467,7,1,15,18,5,22,215,1,6,9,6,le carpont,48.50108,-2.77946
201500020468,13,1,15,8,5,22,278,2,1,2,3,"38, HUNAUDAYE (DE LA)",48.5185,-2.79988
201500020469,13,1,15,17,2,22,278,2,1,1,6,"13, EIFFEL (GUSTAVE)",48.51849,-2.77866
201500020470,14,1,15,7,2,22,187,2,1,1,6,"60, BEAUREGARD (RUE DE)",48.52588,-2.77079
201500020471,16,1,15,7,5,22,278,2,1,2,6,"11, ATLANTIQUE (BD) N?1",48.51895,-2.78543
201500020472,16,1,15,15,1,22,278,2,3,1,7,"0, CUVERVILLE",48.5056,-2.77559
201500020473,17,1,15,12,1,22,278,2,1,1,6,"ponton 12, ARMEZ (Q.)",48.52402,-2.74487
201500020474,19,1,15,10,1,22,360,1,1,1,7,RN12,48.48306,-2.69922
201500020475,26,1,15,8,5,22,278,2,3,1,6,"77, GOUEDIC (DE)",48.50888,-2.75387
201500020476,27,1,15,19,5,22,278,2,1,1,7,CLEMENCEAU boulevard,48.50677,-2.76085
201500020477,29,1,15,9,1,22,278,2,1,3,7,"37,rue T .Ribot",48.5174,-2.77872
201500020478,30,1,15,9,1,22,278,2,3,1,6,"1, HOUVENAGLE",48.5151,-2.76193
201500020479,30,1,15,9,1,22,187,1,1,3,7,"31, VIADUC (RUE DU)",48.52709,-2.76977
201500020480,31,1,15,13,1,22,278,2,3,2,3,"1, GOUEDIC (DE)",48.50935,-2.75482
201500020481,5,2,15,16,1,22,278,2,6,1,2,"0, SEMARD (PIERRE)",48.50865,-2.7717
201500020482,8,2,15,20,5,22,360,2,3,1,1,"1, FONTAINE (RUE DE LA)",48.48895,-2.75661
201500020483,9,2,15,15,1,22,278,2,6,1,6,"0, FERRY (JULES)",48.49867,-2.77174
201500020484,12,2,15,12,1,22,187,1,1,1,6,"0, FRANCE LIBRE ( Rue de",48.5295,-2.76042
201500020485,9,4,15,15,1,23,96,2,2,1,3,CHARLES DE GAULLE (AVENU,46.16871,1.87401
201500020486,25,4,15,17,1,23,96,2,1,1,6,"3, RODDE (RUE DE LA)",46.17233,1.87658
201500020487,17,5,15,6,2,23,96,1,1,5,7,940 (ROUTE DEPARTEMENTAL,46.13328,1.86478
201500020488,19,5,15,13,1,23,96,2,1,1,6,"43, STALINGRAD (RUE DE)",46.17489,1.87377
201500020489,15,6,15,16,1,23,96,2,3,3,2,"10, FAYOLLE (AVENUE)",46.1714,1.87458
201500020490,23,6,15,17,1,23,96,2,4,1,3,"15, POMMEIL (RUE DE)",46.1665,1.87458
201500020491,7,9,15,18,1,23,96,2,1,1,6,PRAT (RUE DU ),46.17107,1.86844
201500020492,14,11,15,15,1,23,96,2,1,1,6,LEROUX (AVENUE PIERRE),0.0,0.0
201500020493,6,12,15,11,1,23,96,2,6,1,6,POMPIDOU (ROND-POINT),46.18303,1.87797
201500020494,23,2,15,12,1,23,96,2,3,2,3,"36, POITOU (AVENUE DU)",46.17547,1.86384
201500020495,23,2,15,18,2,23,96,2,2,9,3,"3, BERRY (AVENUE DU)",46.17558,1.87451
201500020496,9,3,15,11,1,23,96,2,3,1,3,PARDOUX (BOULEVARD ST),46.17077,1.87003
201500020497,13,3,15,16,1,24,37,2,1,1,6,RUE DES FRERES PRECHEURS,44.855,0.47948
201500020498,30,6,15,7,2,24,37,2,1,1,6,RUE DES DOCTEURS VIZERIE,44.8501,0.49307
201500020499,9,7,15,20,1,24,37,2,2,1,1,BOULEVAR LOUIS PIMONT,44.8432,0.48316
201500020500,25,8,15,17,1,24,140,1,1,1,1,ROUTE DE SAINT-GERMAIN,44.8418,0.54934
201500020501,31,8,15,7,1,24,37,2,1,1,6,RUE DES COTE PECHARMANT,44.8641,0.50424
201500020502,27,11,15,10,1,24,37,2,1,5,1,AVENUE PAUL PAINLEVE,44.8369,0.49108
201500020503,7,12,15,7,5,24,37,2,1,1,6,"146, RUE DE LA BOETIE",44.8604,0.47914
201500020504,22,12,15,20,3,24,37,1,1,1,6,ROUTE DES LIBRAIRES,44.8548,0.52609
201500020505,8,1,15,18,5,24,322,2,4,2,6,"48, ALLEE DU PORT",45.1845,0.70862
201500020506,10,2,15,14,1,24,322,2,1,1,6,ROUTE D'ANGOULEME,45.2018,0.68858
201500020507,24,2,15,4,5,24,322,2,1,1,6,"74, RUE VICTOR HUGO",45.18881,0.71542
201500020508,3,3,15,20,5,24,256,1,1,1,6,"18, ROUTE DE BEAULIEU",45.1838,0.66178
201500020509,5,3,15,8,1,24,322,2,3,1,3,RUE DE CHANZY,45.1852,0.70997
201500020510,6,3,15,8,1,24,322,2,1,1,6,"23,  RUE EMILE LAFON",45.1815,0.7151
201500020511,27,3,15,12,1,24,322,2,1,1,3,BOULEVARD LAKANAL,45.1768,0.72414
201500020512,19,4,15,12,1,24,557,2,1,1,6,LE POUYAULT,45.2173,0.7512
201500020513,21,4,15,11,1,24,322,2,1,1,6,AVENUE DU MARECHAL JUIN,45.1855,0.70564
201500020514,27,4,15,12,1,24,138,2,2,1,1,RUE DES FRERE MARTY,45.185,0.69699
201500020515,30,4,15,14,1,24,322,2,3,1,2,RUE PIERRE SEMARD,45.1972,0.70043
201500020516,29,5,15,22,5,24,557,1,1,1,3,AVENUE MICHEL GRANDOU,45.1945,0.7778
201500020517,13,5,15,19,1,24,98,2,3,1,3,RUE COMBES DES DAMES,45.1993,0.7307
201500020518,15,5,15,6,5,24,322,2,1,1,3,ROND POINT LANXADE,45.1853,0.71254
201500020519,21,6,15,17,1,24,322,2,3,1,6,PLACE FRANCHEVILLE,45.1832,0.71833
201500020520,26,6,15,12,1,24,53,2,1,1,1,AVENUE FIRMIN BOUVIER,45.1778,0.76789
201500020521,30,6,15,9,1,24,322,2,4,7,6,20 PLACE FRANCHEVILLE,45.1834,0.71836
201500020522,29,7,15,9,1,24,98,2,1,2,3,AVENUE POMPIDOU,45.1998,0.74227
201500020523,30,8,15,12,1,24,312,1,1,1,2,"16, ROUTE D'ATUR",45.1755,0.73299
201500020524,14,9,15,17,1,24,322,2,1,1,3,"140, ROUTE DE LYON",45.1787,0.7399
201500020525,27,9,15,6,5,24,322,2,1,1,1,"4, RUE DE CHANZY",45.1825,0.71199
201500020526,22,10,15,12,1,24,53,2,1,1,1,AVENUE MITTERAND,45.1812,0.74966
201500020527,18,11,15,7,2,24,53,2,3,2,6,"37, TALLEYRAND PERIGORD",45.1801,0.7291
201500020528,20,11,15,18,5,24,138,1,3,2,6,RUE DU PRESIDENT WILSON,45.184,0.71699
201500020529,26,1,15,9,1,25,56,2,3,4,3,"sans, FORT BENOIT CHEMIN",0.0,0.0
201500020530,11,3,15,16,1,25,56,2,1,1,6,"7, CASSOTTE  RUE DE LA",47.246,6.02886
201500020531,26,1,15,16,1,25,56,2,1,2,6,"SANS, GIACOMOTTI  RUE",47.23145,6.01089
201500020532,12,3,15,12,1,25,56,2,1,1,6,"SANS, OUEST BOULEVARD",0.0,0.0
201500020533,28,1,15,18,5,25,56,2,1,2,1,"SANS, BLUM BOULEVARD LEO",0.0,0.0
201500020534,16,3,15,17,1,25,56,2,1,1,6,"SANS, LAFAYETTE RUE",47.21222,5.97167
201500020535,30,1,15,16,1,25,56,2,1,4,6,"SANS, HELVETIE AVENUE D'",47.24304,6.02688
201500020536,17,3,15,7,1,25,56,2,2,1,3,"SANS, BELFORT RUE DE <14",47.1511,6.2126
201500020537,31,1,15,17,5,25,56,2,1,1,3,"SANS, BATTANT RUE",0.0,0.0
201500020538,17,3,15,17,1,25,56,2,1,1,6,"85D, BELFORT RUE DE <144",47.151,6.16
201500020539,15,2,15,17,1,25,56,2,2,1,6,"sans, JACOBINS PLACE DES",47.23782,6.02405
201500020540,19,3,15,17,1,25,56,2,1,1,1,"SANS, DOLE RUE DE >185 &",47.2278,5.97508
201500020541,15,2,15,15,1,25,56,2,1,1,6,"SANS, PASCAL RUE BLAISE",47.21633,5.97873
201500020542,20,3,15,17,1,25,56,2,1,1,6,"41, VILLARCEAU AVENUE",47.23852,6.01252
201500020543,17,2,15,15,1,25,56,2,1,1,6,"6, DIDEROT BOULEVARD",47.24573,6.03565
201500020544,24,3,15,18,2,25,56,2,3,1,6,"4, KENNEDY  BOULEVARD J.",47.24278,5.99333
201500020545,18,2,15,1,5,25,56,2,1,1,6,"SANS, OUDET RUE",47.23547,6.01543
201500020546,25,3,15,8,1,25,56,2,1,1,6,"SANS, BONNEFOY RUE CONST",47.21859,5.97115
201500020547,21,2,15,7,1,25,56,2,1,2,6,"65, RIVOTTE  FAUBOURG",47.23081,6.03636
201500020548,25,3,15,22,5,25,56,2,1,1,6,"3, OUEST BOULEVARD",47.22202,5.97983
201500020549,25,2,15,11,1,25,56,2,1,1,6,"75, VESOUL RUE DE > 52",47.25565,6.01321
201500020550,26,3,15,17,1,25,56,2,3,1,3,"1, AMITIE RUE",47.1074,5.90867
201500020551,26,3,15,19,5,25,56,2,1,1,6,"154, BELFORT RUE DE BELF",0.0,0.0