Num_Acc,jour,mois,an,hr,condition_eclairage,departement,commune,condition_agglomeration,intersection,condition_atmosphere,type_collision,adresse,lattitude,longitude
201500020552,27,3,15,5,5,25,56,2,1,1,6,"8, MONTBOUCONS CHEMIN DE",47.25617,5.99388
201500020553,30,3,15,11,1,25,56,2,3,2,6,"SANS, WYRSCH RUE JEAN",47.25406,6.0153
201500020554,8,4,15,19,1,25,56,2,7,1,6,"SANS, CASSIN PLACE RENE",47.21792,5.97018
201500020555,10,4,15,22,5,25,56,2,1,1,6,"SANS, GAULLE BOULEVARD C",0.0,0.0
201500020556,14,4,15,19,1,25,56,2,1,1,3,"SANS, VALENTIN  CHEMIN D",47.26728,6.01139
201500020557,22,4,15,15,1,25,56,2,1,1,2,CHURCHILL BD WINSTON,47.24486,5.99598
201500020558,5,5,15,11,1,25,56,2,1,1,6,"sans, BLUM BOULEVARD LEO",0.0,0.0
201500020559,6,5,15,9,1,25,56,2,1,1,6,"SANS, KENNEDY  BOULEVARD",0.0,0.0
201500020560,7,5,15,7,1,25,56,2,3,1,5,"sans, LAFAYETTE RUE",47.22144,5.97328
201500020561,9,5,15,15,1,25,56,2,1,1,1,"SANS, CHAILLOT RUE DES D",0.0,0.0
201500020562,11,5,15,16,1,25,56,2,3,1,5,"SANS, HELVETIE AVENUE D'",0.0,0.0
201500020563,11,5,15,23,5,25,56,2,1,1,1,"SANS, MONTRAPON AVENUE D",0.0,0.0
201500020564,12,5,15,18,1,25,56,2,1,1,2,"20, MONTRAPON AVENUE DE",47.24574,6.0105
201500020565,13,5,15,10,1,25,56,2,3,1,3,"SANS, DENFERT ROCHEREAU",0.0,0.0
201500020566,13,5,15,13,1,25,56,2,1,1,1,"12, DOLTO RUE",47.22207,5.95684
201500020567,15,5,15,10,1,25,56,2,1,1,2,"SANS, REFUGE  RUE DU",47.0,2.0
201500020568,16,5,15,19,1,25,56,2,2,7,3,"sans, FOCH AVENUE MARECH",47.2429,6.02497
201500020569,18,5,15,18,1,25,56,2,1,1,6,"1, VOIRIN RUE",47.14529,6.08496
201500020570,20,5,15,17,1,25,56,2,1,1,6,"SANS, MONTOILLE CHEMIN D",47.2234,5.99208
201500020571,21,5,15,8,1,25,56,2,3,1,3,"72, CRAS RUE DES",47.2571,6.03578
201500020572,26,5,15,15,1,25,56,2,2,1,3,SAVARY RUE ALAIN,47.15151,6.08715
201500020573,29,5,15,15,1,25,56,2,1,1,5,"SANS, FAURE AVENUE EDGAR",47.2447,6.022
201500020574,2,6,15,13,1,25,56,2,1,1,7,"sans, DIDEROT BOULEVARD",47.2458,6.03506
201500020575,2,6,15,16,1,25,56,2,1,1,2,"44, DOLE RUE DE <82",47.2319,5.99933
201500020576,3,6,15,8,1,25,56,2,1,1,6,"44, BELFORT RUE DE <144",47.14538,6.1476
201500020577,5,6,15,20,1,25,56,2,1,1,6,"SANS, TORCOLS CHEMIN DES",47.2614,6.01439
201500020578,6,6,15,21,1,25,56,2,1,1,6,"SANS, FORT DE PLANOISE C",47.2076,5.98308
201500020579,22,6,15,15,1,25,56,2,6,1,3,"SANS, LAFAYETTE RUE",0.0,0.0
201500020580,25,6,15,22,2,25,56,2,1,1,6,"SANS, MARCHAUX ROUTE DE",47.2872,6.06383
201500020581,28,6,15,19,1,25,56,2,1,1,3,"16, VINCI  RUE LEONARD D",47.2178,5.97525
201500020582,28,6,15,23,5,25,56,2,2,1,3,"sans, SIFFERT  AVENUE CH",0.0,0.0
201500020583,1,7,15,17,1,25,56,2,1,1,3,"22, CHAILLOT RUE DE",47.25493,6.01325
201500020584,3,7,15,7,1,25,56,2,1,1,3,"6, ROUSSILLON RUE",47.24027,6.00411
201500020585,9,7,15,19,1,25,56,2,1,1,7,"SANS, GRAY ROUTE DE",0.0,0.0
201500020586,12,7,15,1,5,25,56,2,1,1,6,GRAY ROUTE DE,0.0,0.0
201500020587,13,7,15,1,5,25,56,2,4,1,3,"25, MONTRAPON AVENUE DE",47.24703,6.00673
201500020588,15,7,15,12,1,25,56,2,1,1,4,"SANS, CHURCHILL BD WINST",0.0,0.0
201500020589,15,7,15,23,5,25,56,2,1,1,6,"sans, PAPIN RUE DENIS",0.0,0.0
201500020590,13,7,15,11,1,25,56,2,3,1,3,"SANS, BELLAY RUE JOACHIM",0.0,0.0
201500020591,20,7,15,18,1,25,56,2,3,1,3,"SANS, STRASBOURG QUAI DE",0.0,0.0
201500020592,22,7,15,15,1,25,56,1,1,1,6,"SANS, MIDOL RUE",0.0,0.0
201500020593,28,7,15,12,1,25,56,2,1,1,4,"sans, KENNEDY  BOULEVARD",0.0,0.0
201500020594,30,7,15,16,1,25,56,2,5,1,3,"sans, FLORE PLACE",47.24565,6.02791
201500020595,3,8,15,14,1,25,56,1,2,1,3,"sans, BELLAY RUE JOACHIM",47.21464,5.95093
201500020596,8,8,15,20,1,25,56,2,6,1,3,"sans, GRAY ROUTE DE",0.0,0.0
201500020597,13,8,15,10,1,25,56,2,1,1,7,"30, PLANCON RUE GABRIEL",47.23145,6.01319
201500020598,13,8,15,14,1,25,56,2,9,1,6,"sans, VESOUL RUE DE < 52",47.156,6.12
201500020599,27,8,15,10,1,25,56,1,1,1,7,MORRE ROUTE DE,0.0,0.0
201500020600,27,8,15,16,1,25,56,2,1,1,6,"SANS, RIVOTTE  FAUBOURG",0.0,0.0
201500020601,29,8,15,18,1,25,56,2,1,1,3,"202, DOLE RUE DE >200",47.22642,5.971
201500020602,3,9,15,13,1,25,56,2,1,1,1,"SANS, KENNEDY  BOULEVARD",0.0,0.0
201500020603,6,9,15,18,1,25,56,2,1,1,6,"SANS, PAIX  AVENUE DE LA",0.0,0.0
201500020604,8,9,15,15,1,25,56,2,4,1,3,"SANS, LANCHY  RUE NARCIS",47.25722,6.02841
201500020605,9,9,15,12,1,25,56,2,1,1,4,"SANS, BLUM  BOULEVARD LE",47.23636,5.98582
201500020606,12,9,15,1,5,25,56,2,1,1,6,"SANS, SIFFERT  AVENUE CH",0.0,0.0
201500020607,17,9,15,8,1,25,56,2,9,8,3,"SANS, KENNEDY  BOULEVARD",0.0,0.0
201500020608,20,9,15,2,5,25,56,2,1,1,6,"SANS, RN 1057 (CH. EPITA",47.15488,6.21967
201500020609,20,9,15,12,1,25,56,2,1,1,7,"SANS, BRUAND RUE NICOLAS",0.0,0.0
201500020610,21,9,15,18,1,25,56,2,9,2,2,"SANS, DOLE RUE DE >82 &",47.23215,5.99922
201500020611,23,9,15,7,1,25,56,2,9,1,6,"4, DELAUNE RUE AUGUSTE",47.24403,6.00707
201500020612,24,9,15,16,1,25,56,2,3,1,3,fontenottes,47.24175,6.0341
201500020613,26,9,15,11,1,25,56,2,2,1,6,"SANS, GAULARD AVENUE > 1",47.23775,6.03214
201500020614,28,9,15,17,1,25,56,2,1,1,6,"1, SIFFERT  AVENUE CHARL",47.23804,6.01476
201500020615,2,10,15,14,1,25,56,2,1,1,7,"SANS, MITTERAND AVENUE F",0.0,0.0
201500020616,3,10,15,4,5,25,56,2,1,1,6,"4, MAZAGRAN CHEMIN DE",47.22857,6.02861
201500020617,4,10,15,16,1,25,56,2,1,1,7,"SANS, OUEST BOULEVARD",47.26311,6.00585
201500020618,4,10,15,17,1,25,56,2,9,1,6,"SANS, LATTRE DE TASSIGNY",47.23118,6.02655
201500020619,6,10,15,0,5,25,56,2,1,1,6,"sans, VESOUL RUE DE > 52",47.25431,6.01546
201500020620,6,10,15,14,1,25,56,2,1,8,7,RN 1057 (CH. EPITAPHE-CH,47.2534,5.98845
201500020621,9,10,15,20,5,25,56,2,1,1,6,"SANS, DOLE RUE DE >200",47.2261,5.97677
201500020622,13,10,15,11,1,25,56,2,3,1,3,"SANS, JOUCHOUX RUE AUGUS",47.23905,5.98766
201500020623,14,10,15,16,1,25,56,2,2,1,6,"SANS, BLUM  BOULEVARD LE",47.25935,6.02864
201500020624,14,10,15,20,5,25,56,2,1,1,6,"11, VIGNY  RUE ALFRED",47.21433,5.96355
201500020625,16,10,15,16,1,25,56,2,1,1,6,"SANS, EPITAPHE CHEMIN DE",47.25255,5.98945
201500020626,22,10,15,15,1,25,56,2,9,1,3,"27, EDISON RUE THOMAS",47.23229,5.97269
201500020627,23,10,15,3,5,25,56,2,1,2,6,"1, CRAS RUE DES",47.25229,6.03041
201500020628,6,11,15,8,1,25,56,2,1,1,3,"SANS, JACQUARD RUE",47.23885,5.99378
201500020629,10,11,15,18,5,25,56,2,2,1,1,"17, PONT RUE DU",47.21948,6.01696
201500020630,10,11,15,20,5,25,56,2,2,1,3,"SANS, BLUM BOULEVARD LEO",47.2636,6.04723
201500020631,13,11,15,17,3,25,56,2,1,1,3,"18, FRANOIS ROUTE DE",47.22284,5.95047
201500020632,16,11,15,8,1,25,56,2,1,1,6,"44, MIDOL RUE",47.24437,6.01438
201500020633,18,11,15,13,1,25,56,2,1,1,6,"102, DOLE RUE DE >82 & <",47.2309,5.99506
201500020634,19,11,15,20,5,25,56,2,1,2,6,"SANS, MONTBOUCONS CHEMIN",47.2494,6.00258
201500020635,20,11,15,7,3,25,56,2,1,3,1,"sans, BLUM  BOULEVARD LE",47.25944,6.02916
201500020636,20,11,15,18,5,25,56,2,3,3,3,"56, DOLE RUE DE <82",47.23387,6.0071
201500020637,20,11,15,16,1,25,56,2,1,3,6,"55, MEGEVAND RUE",47.23384,6.02678
201500020638,25,11,15,22,5,25,56,2,9,2,3,"95, DOLE RUE DE >82 & <1",47.22905,5.99014
201500020639,29,11,15,17,2,25,56,2,3,2,2,"SANS, BELLAY RUE JOACHIM",47.21786,5.9526
201500020640,4,12,15,16,1,25,56,2,1,1,6,"125, BELFORT RUE DE <144",47.25498,6.03997
201500020641,8,12,15,9,1,25,56,2,1,1,6,"2, EGLISE RUE DE L'",47.24897,6.03157
201500020642,8,12,15,17,5,25,56,2,1,1,6,"SANS, TORCOLS CHEMIN DES",0.0,0.0
201500020643,8,12,15,19,5,25,56,2,1,1,6,"SANS, VESOUL RUE DE < 52",47.2459,6.01884
201500020644,9,12,15,12,1,25,56,2,1,1,6,"05, LILAS  RUE DES",47.25901,6.04443
201500020645,13,12,15,3,5,25,56,2,1,1,6,"SANS, FAURE AVENUE EDGAR",47.14407,6.11758
201500020646,15,12,15,12,1,25,56,2,1,1,6,"18, MARMIER RUE XAVIER",47.24137,6.00761
201500020647,16,12,15,17,5,25,56,2,1,2,6,"SANS, DOLE RUE DE >82 &",47.23097,5.99544
201500020648,21,12,15,7,5,25,56,2,6,2,3,"SANS, SAVARY RUE ALAIN",47.25612,6.00367
201500020649,28,12,15,19,5,25,56,2,1,1,6,"96, BELFORT RUE DE <144",47.25244,6.03636
201500020650,30,12,15,17,2,25,56,2,1,1,6,"sans, KENNEDY  BOULEVARD",47.242,5.99419
201500020651,30,12,15,20,5,25,56,2,2,1,3,"SANS, DOLE RUE DE >82 &",47.22947,5.99058
201500020652,27,12,15,11,1,25,31,2,1,1,2,"37, DASLE (RUE DE)",47.4784,6.85696
201500020653,8,5,15,19,1,25,388,2,1,2,6,"14, LALANCE (RUE CHARLES",47.50802,6.79305
201500020654,14,12,15,15,1,25,388,2,1,1,6,"19, RAVEL (RUE MAURICE)",47.49489,6.80123
201500020655,22,5,15,10,1,25,31,2,2,1,6,DUVERNOY (RUE DU DOCTEUR,47.48218,6.84226
201500020656,6,11,15,17,5,25,388,1,1,1,6,"1, DONZELOT (RUE PIERRE)",47.49453,6.81147
201500020657,21,7,15,15,1,25,31,2,1,1,3,"15BIS, JAURES (AVENUE JE",0.0,0.0
201500020658,24,6,15,12,1,25,539,2,1,1,6,"31, VANDONCOURT (RUE DE)",47.46131,6.86683
201500020659,15,11,15,2,5,25,580,2,1,1,7,MATHAY (RUE DE),0.0,0.0
201500020660,19,8,15,18,1,25,388,2,1,1,6,BETHONCOURT (ROUTE DE ),0.0,0.0
201500020661,22,8,15,5,5,25,31,2,3,1,7,MINES (RUE DES),47.48901,6.82438
201500020662,4,10,15,23,5,25,388,2,1,1,7,MOULIN (AVENUE JEAN),47.4992,6.80455
201500020663,8,10,15,21,5,25,388,2,1,1,5,LUDWIGSBURG (AVENUE DE),0.0,0.0
201500020664,16,12,15,16,1,25,614,1,1,2,6,BROGNARD (RUE DE),0.0,0.0
201500020665,12,11,15,6,4,25,31,2,1,1,6,COURBET (RUE GUSTAVE),47.47678,6.84094
201500020666,20,11,15,17,5,25,539,2,1,3,6,AUDINCOURT (RUE D'),0.0,0.0
201500020667,24,11,15,11,1,25,31,2,1,1,2,REVOLUTION DE 1789 AVENU,0.0,0.0
201500020668,2,1,15,14,1,25,388,2,1,9,6,"25, ETUVE (RUE DE L')",47.51156,6.79864
201500020669,12,1,15,9,1,25,388,2,3,1,3,"4, LEPRINCE-RINGUET (RUE",47.49602,6.80537
201500020670,31,1,15,18,5,25,388,2,1,4,1,"74, BESANCON (FAUBOURG D",47.50973,6.78386
201500020671,2,2,15,11,1,25,31,2,1,1,3,"02, JAURES (AVENUE JEAN)",47.48602,6.83261
201500020672,2,2,15,17,5,25,388,2,9,1,6,"7, HERICOURT (ROUTE D')",0.0,0.0
201500020673,27,3,15,16,1,25,388,2,1,1,2,GRAND -CHARMONT (ROUTE D,0.0,0.0
201500020674,1,1,15,16,1,25,462,2,1,1,1,"63, NEUCHATEL (AVENUE DE",46.89933,6.36196
201500020675,4,3,15,19,5,25,462,2,1,1,6,"12, COMMANDANT VALENTIN",46.90459,6.35978
201500020676,8,1,15,17,5,25,204,2,1,2,6,Besan?on  de,0.0,0.0
201500020677,7,3,15,11,1,25,204,1,1,1,5,R-N 57.,0.0,0.0
201500020678,16,1,15,16,2,25,462,2,3,4,2,DOUBS DE (DU 25 A LA FIN,46.91414,6.35215
201500020679,8,3,15,15,1,25,204,2,3,1,6,"24, Miranda",46.9258,6.34618
201500020680,31,1,15,20,3,25,462,1,1,4,1,"1, ROCADE G.POMPIDOU (DU",46.89935,6.35953
201500020681,13,3,15,15,1,25,462,2,1,1,2,"53, DOUBS DE (DU 25 A LA",46.91428,6.35025
201500020682,16,3,15,16,1,25,462,2,1,1,4,ABATTOIRS,0.0,0.0
201500020683,13,2,15,20,5,25,462,2,1,1,4,"25, ROCADE G.POMPIDOU (D",46.90185,6.34476
201500020684,28,2,15,10,1,25,204,1,1,4,3,"1, Route D?partementale",46.92439,6.35704
201500020685,2,4,15,10,1,25,462,2,3,2,6,GARE (DE LA),46.90334,6.35552
201500020686,11,4,15,11,1,25,462,2,1,1,6,"25, JEANNE D'ARC",46.90402,6.35671
201500020687,14,4,15,15,1,25,204,1,1,1,1,"1, Vuillecin  (rue de )",46.91891,6.34305
201500020688,21,4,15,10,1,25,462,2,1,1,6,"1, REPUBLIQUE DE LA",0.0,0.0
201500020689,27,4,15,20,2,25,462,2,6,3,3,"1, CHATEAU CHASTAIN (DU",0.0,0.0
201500020690,14,5,15,12,1,25,462,2,6,1,1,"1, MORTEAU DE (DU 0 AU 3",46.90588,6.35757
201500020691,19,5,15,8,1,25,462,2,1,2,5,ROCADE G.POMPIDOU ( DE 0,0.0,0.0
201500020692,2,6,15,9,1,25,462,2,2,1,3,"1, BAUMONT",46.89824,6.35023
201500020693,14,6,15,22,5,25,462,2,2,2,3,"2, BESANCON (RUE DE)",46.90537,6.35144
201500020694,23,6,15,17,1,25,462,2,3,1,3,"15, DECHANET (PIERRE)",46.90313,6.33299
201500020695,29,6,15,17,1,25,462,1,1,1,7,"28, LAVAUX DES (DU 26 A",46.90508,6.36204
201500020696,2,7,15,19,1,25,462,2,1,1,6,"6, BESANCON (DU 0 AU 25)",46.90563,6.3517
201500020697,14,7,15,14,1,25,462,2,3,1,1,"18, PATEL ANTOINE",46.9099,6.347
201500020698,16,7,15,14,1,25,462,2,1,1,3,"8, DECHANET (PIERRE)",46.90739,6.33351
201500020699,17,7,15,6,1,25,462,2,1,1,7,"4, ROCADE G.POMPIDOU ( D",46.89586,6.36295
201500020700,11,8,15,11,1,25,462,2,6,1,2,"25, DOUBS DE (DU 25 A LA",46.91414,6.35215
201500020701,21,8,15,18,1,25,462,2,3,1,6,"78, BESANCON (DU 72TER A",46.91609,6.34483
201500020702,8,9,15,20,2,25,462,2,2,1,1,"2, BERLIOZ (DU 0 AU 24)",46.90993,6.35497
201500020703,9,9,15,0,5,25,462,1,1,1,6,ETRACHES LES,0.0,0.0
201500020704,24,9,15,13,1,25,204,1,3,1,3,"2, Route Départementale",46.93224,6.36648
201500020705,28,9,15,17,1,25,462,2,1,1,3,"2, PASTEUR (RUE)",46.93052,6.35489
201500020706,2,10,15,7,1,25,462,2,2,1,1,"1, ARAGO",46.91322,6.34123
201500020707,3,10,15,9,1,25,462,2,1,1,3,"09 bis, PATEL ANTOINE",46.90778,6.34648
201500020708,8,10,15,17,1,25,462,2,1,1,6,ROCADE G.POMPIDOU (DU 7,46.90057,6.35599
201500020709,15,10,15,18,1,25,462,1,1,1,3,"2, MARPAUD",46.90161,6.3544
201500020710,11,11,15,20,5,25,462,2,3,1,3,"2, LYCEE DU",46.91604,6.34478
201500020711,12,11,15,12,1,25,462,2,1,1,3,"2, LIBERATION DE LA (DU",46.91803,6.34332
201500020712,17,11,15,20,5,25,462,2,3,1,3,"1, GARE (DE LA)",46.90309,6.35531
201500020713,18,11,15,7,2,25,462,2,1,1,6,"66, SALINS DE (DU 64 A L",46.90936,6.33666
201500020714,23,11,15,18,5,25,462,2,1,4,6,"81, BESANCON (DU 72TER A",46.91368,6.34622
201500020715,26,11,15,11,1,25,462,2,2,4,3,BESANCON (DU 72TER A LA,46.91435,6.34611
201500020716,1,12,15,17,5,25,462,2,3,1,7,"1, CHENIER ANDRE DE",46.89342,6.36487
201500020717,9,12,15,19,3,25,462,1,1,1,1,"28, ROCADE G.POMPIDOU (D",46.90092,6.34293
201500020718,24,12,15,16,1,25,462,2,1,1,6,"12, DEPORTES DES",46.91553,6.34407
201500020719,29,12,15,11,1,25,462,2,1,1,6,"28, DOUBS DE (DU 25 A LA",46.91321,6.35339
201500020720,30,12,15,17,5,25,462,2,1,1,6,"23, SAINT ETIENNE FAUBOU",46.90167,6.36033
201500020721,28,2,15,23,4,26,295,1,1,9,6,COMBE PERLINE,0.0,0.0
201500020722,19,11,15,18,3,26,10,1,1,1,7,FOUILLOUSE EST,45.2784,4.8452
201500020723,8,1,15,22,3,84,99,1,2,1,1,CD15- ch Four à Chaux,43.86736,5.11991
201500020724,24,1,15,5,3,84,25,1,1,1,6,,43.883,5.14722
201500020725,23,5,15,11,1,84,38,1,1,1,3,,0.0,0.0
201500020726,24,5,15,14,1,84,99,1,2,1,3,,43.8609,5.13434
201500020727,6,6,15,4,3,84,99,2,1,1,6,chemin de boulon,43.84068,5.10793
201500020728,6,7,15,10,1,84,38,1,1,1,6,,43.78908,5.08561
201500020729,9,9,15,6,2,84,62,1,1,1,1,,0.0,0.0
201500020730,24,10,15,15,1,84,62,1,1,1,1,,0.0,0.0
201500020731,5,12,15,11,1,84,62,1,1,1,1,,43.90519,5.10689
201500020732,9,4,15,19,1,59,478,1,2,1,4,,0.0,0.0
201500020733,21,4,15,7,1,59,82,1,1,7,2,Route de Pitgam,50.95204,2.39542
201500020734,7,6,15,11,1,59,478,2,1,8,6,Faubourg de Cassel,0.0,0.0
201500020735,12,6,15,22,2,59,67,2,1,1,6,rue léon claeys,0.0,0.0
201500020736,9,7,15,22,2,59,478,1,1,1,3,,0.0,0.0
201500020737,18,7,15,12,1,59,162,2,2,1,3,rue du collège,0.0,0.0
201500020738,19,10,15,13,1,59,82,1,1,1,3,,0.0,0.0
201500020739,3,11,15,18,3,59,16,1,1,1,1,,0.0,0.0
201500020740,16,2,15,6,3,79,307,1,4,5,3,,46.12869,-0.08783
201500020741,10,9,15,18,1,79,297,2,1,1,1,,46.24506,0.03226
201500020742,6,3,15,4,4,79,307,2,1,1,6,ROUTE DE MELLERAN,46.1359,0.0999
201500020743,15,4,15,19,1,79,83,1,3,1,3,,46.12004,-0.06765
201500020744,7,6,15,2,3,79,163,2,1,1,6,"LD ""LES BROUSSES""",46.15243,0.05757
201500020745,7,6,15,3,3,79,27,1,1,1,6,,46.07974,-0.11249
201500020746,13,6,15,18,1,79,148,1,1,1,3,"LD ""L'ARTIGAULT""",46.23479,-0.03676
201500020747,8,3,15,9,1,62,261,2,1,1,3,Avenue de la C?te d'Opal,50.4847,1.6286
201500020748,27,3,15,15,1,62,571,2,1,1,3,Avenue Biblocq,50.45172,1.61476
201500020749,22,4,15,11,1,62,261,2,2,1,3,rue de menton,50.47613,1.60188
201500020750,9,6,15,18,1,62,261,2,1,1,6,boulevard de la mer,50.47713,1.57573
201500020751,28,7,15,19,1,62,849,1,2,1,3,,50.40695,1.63336
201500020752,27,8,15,18,1,62,849,2,1,2,6,Flaque du Veixu Moulin,50.40305,1.63681
201500020753,1,1,15,4,3,59,653,1,1,4,5,,0.0,0.0
201500020754,12,1,15,12,1,59,202,2,1,1,2,401 rue du Moulin,0.0,0.0
201500020755,13,1,15,18,5,59,202,2,6,3,6,rue d armentieres cd.945,0.0,0.0
201500020756,25,1,15,11,1,59,553,1,1,1,6,,50.60256,2.9648
201500020757,18,6,15,7,1,59,278,2,9,2,7,rue gambetta,0.0,0.0
201500020758,31,7,15,13,1,59,553,1,1,1,1,,50.59874,2.93907
201500020759,21,8,15,17,1,59,202,2,1,1,1,rue d armentieres,0.0,0.0
201500020760,8,9,15,17,1,59,653,2,1,1,6,RUE CALMETTE,0.0,0.0
201500020761,25,4,15,4,3,74,26,1,1,1,1,,0.0,0.0
201500020762,26,8,15,18,1,74,182,2,6,1,1,RUE DE L'EGALITE,0.0,0.0
201500020763,25,10,15,17,3,74,179,1,1,1,5,625 ROUTE DE BELLEGARDE,0.0,0.0
201500020764,6,11,15,8,1,74,112,1,1,1,4,,45.566,6.113
201500020765,16,1,15,12,1,10,33,2,1,2,6,rue de la r?publique,0.0,0.0
201500020766,3,6,15,15,1,10,91,1,1,1,1,,0.0,0.0
201500020767,30,6,15,8,1,10,33,2,1,1,6,14 rue de la république,0.0,0.0
201500020768,17,7,15,7,1,10,33,2,1,1,1,Moulin de Metral,0.0,0.0
201500020769,24,9,15,13,1,10,357,1,1,1,1,,0.0,0.0
201500020770,10,11,15,1,3,10,91,1,1,1,6,,0.0,0.0
201500020771,9,12,15,8,1,10,33,2,1,1,6,rue Lafayette,0.0,0.0
201500020772,6,6,15,15,1,83,49,1,1,1,1,,0.0,0.0
201500020773,19,8,15,9,1,83,49,2,1,1,6,,43.2391,6.07677
201500020774,12,10,15,20,3,83,49,1,1,2,1,,0.0,0.0
201500020775,29,3,15,20,1,26,198,1,3,1,3,BD GEORGES POMPIDOU,44.5472,4.7733
201500020776,8,4,15,21,5,26,198,2,1,1,1,CHEMIN DES GREZES,0.0,0.0
201500020777,13,4,15,8,1,26,198,2,3,1,3,RUE ANDRE MALRAUX,44.567,4.7408
201500020778,25,4,15,16,1,26,198,2,1,1,6,BD EUROPE,44.5483,4.7567
201500020779,15,5,15,8,1,26,198,1,1,1,3,ROUTE DE SAUZET,0.0,0.0
201500020780,26,5,15,8,1,26,198,2,2,1,3,CHEMIN DE LA DAME,44.5631,4.7337
201500020781,28,5,15,12,1,26,198,2,2,1,3,BD CHARLES ANDRE,44.5256,4.7436
201500020782,15,7,15,1,5,26,198,2,1,1,6,10 AV DE ROCHEMAURE,44.5609,4.7468
201500020783,13,8,15,7,1,26,198,2,1,1,6,AVENUE JEAN JAURES,44.55,4.74725
201500020784,11,8,15,15,1,26,198,2,1,1,6,DESMARAIS (Boulevard Mar,44.5562,4.74856
201500020785,26,8,15,13,1,26,198,1,1,1,2,ROUTE DE DIEULEFIT,0.0,0.0
201500020786,27,8,15,7,1,26,198,2,6,1,3,BOULEVARD EUROPE,44.5374,4.7644
201500020787,14,8,15,19,1,26,198,2,1,1,6,GAMBETTA (Boulevard ),44.5524,4.7188
201500020788,29,9,15,7,1,26,198,1,1,1,4,LE BOUQUET,0.0,0.0
201500020789,19,9,15,18,1,26,198,1,1,1,1,ROUTE DU TEIL,0.0,0.0
201500020790,27,9,15,10,1,26,198,2,9,1,6,AVENUE ESPOULETTE,0.0,0.0
201500020791,15,10,15,18,5,26,198,1,1,1,1,MEYROL,0.0,0.0
201500020792,6,11,15,9,1,26,198,2,1,1,6,15 AV JOHN KENNEDY,0.0,0.0
201500020793,18,11,15,11,1,26,198,2,1,1,3,28  AVENUE SAINT LAZARE,0.0,0.0
201500020794,20,11,15,8,1,26,8,1,1,1,3,30 RUE DU LAC,0.0,0.0
201500020795,25,10,15,0,3,26,198,1,1,1,6,RTE DE ROCHEMAURE,0.0,0.0
201500020796,2,12,15,12,1,26,198,1,2,1,3,BD CHARLES ANDRE,44.5262,4.7398
201500020797,30,11,15,11,1,26,198,2,1,1,6,60 AV JEAN JAURES,0.0,0.0
201500020798,4,1,15,0,5,26,198,2,1,1,6,ROUTE DE ROCHEMAURE,0.0,0.0
201500020799,5,1,15,8,1,26,198,2,1,1,4,ROUTE DU TEIL,0.0,0.0
201500020800,6,1,15,16,1,26,198,2,3,1,3,49 AVENUE DE ROCHEMAURE,0.0,0.0
201500020801,18,1,15,21,5,26,198,2,6,2,3,AVENUE SAINT LAZARE,44.5674,4.7553
201500020802,26,1,15,17,1,26,198,2,1,1,1,ROUTE DU TEIL,0.0,0.0
201500020803,5,2,15,11,1,26,8,1,1,6,5,ROUTE DE ROCHEMAURE,0.0,0.0
201500020804,1,3,15,10,1,26,198,2,1,2,6,67 AVENUE JEAN JAURES,0.0,0.0
201500020805,28,2,15,16,1,26,198,1,3,1,2,ROUTE DE SAUZET,0.0,0.0
201500020806,3,1,15,9,1,26,281,2,2,1,3,RUE GUILHAUME,45.0475,5.0497
201500020807,22,3,15,16,1,26,57,2,1,1,3,QUAI DE LA LIBERATION,45.0382,5.0434
201500020808,5,1,15,14,1,26,281,2,1,1,6,PT MARECHAL LATTRE TASSI,45.0414,5.0563
201500020809,23,3,15,11,1,26,281,2,6,1,1,ROND POINT PAUL DEVAL,45.0456,5.0463
201500020810,7,1,15,4,5,26,281,2,1,1,6,103 RUE PARMENTIER,45.0497,5.0702
201500020811,23,3,15,20,2,26,281,2,1,1,6,RUE JACQUEMART,45.0469,5.0489
201500020812,7,1,15,10,1,26,281,2,1,1,1,RUE NINON VALLIN,45.0479,5.0756
201500020813,10,4,15,17,1,26,57,1,1,1,1,AVENUE DES PATRIOTES,0.0,0.0
201500020814,9,1,15,7,2,26,281,2,6,1,6,AV PREMIERE ARMEE,45.0566,5.0573
201500020815,10,4,15,18,1,26,281,2,3,1,3,BD REGIS GIGNIER,45.0481,5.0645
201500020816,14,1,15,15,1,26,281,2,3,1,3,AVENUE BERTHELOT,45.0447,5.0408
201500020817,10,4,15,22,5,26,281,2,1,1,3,87 AV ADOLPHE FIGUET,45.0439,5.0623
201500020818,16,1,15,18,5,26,281,2,6,1,3,BOULEVARD REGIS GIGNIER,45.0471,5.0708
201500020819,14,4,15,7,1,26,281,2,2,1,3,RUE DU  PUY,45.0439,5.0533
201500020820,24,1,15,14,1,26,281,2,3,1,3,RUE POUCHELON,45.0481,5.0645
201500020821,19,4,15,16,1,26,281,2,1,1,3,AV MARIUS MOUTET,45.0535,5.0544
201500020822,14,2,15,15,1,26,281,2,1,1,6,52 PLACE JEAN JAURES,45.0459,5.0515
201500020823,21,4,15,13,1,26,57,2,1,1,6,RUE DE LA REPUBLIQUE,45.0385,5.0492