Num_Acc,jour,mois,an,hr,condition_eclairage,departement,commune,condition_agglomeration,intersection,condition_atmosphere,type_collision,adresse,lattitude,longitude
201500020824,15,2,15,9,1,26,57,2,1,2,6,RUE VINCENT DINDY,45.0481,5.0773
201500020825,29,4,15,14,1,26,281,2,1,1,6,43 BIS CHEMIN DES BOEUF,45.0403,5.0662
201500020826,23,2,15,7,1,26,281,2,1,1,3,AVENUE DUCHESNE,45.0471,5.0434
201500020827,9,5,15,18,1,26,281,1,1,1,2,ROUTE DE TAIN,0.0,0.0
201500020828,23,2,15,8,1,26,57,2,2,1,7,RUE  DE LA REPUBLIQUE,45.0401,5.0502
201500020829,11,5,15,18,1,26,281,2,3,1,3,AVENUE DU 8 MAI,45.0463,5.0775
201500020830,27,2,15,11,1,26,281,2,1,3,7,BD ETIENNE JEA LAPASSAT,0.0,0.0
201500020831,14,5,15,16,1,26,281,2,6,1,3,RD 53,0.0,0.0
201500020832,10,3,15,17,1,26,281,2,1,1,2,AV JEAN MOULIN,45.0552,5.049
201500020833,19,5,15,18,1,26,57,2,1,1,1,AV EUGENE CHAVANT,0.0,0.0
201500020834,20,5,15,12,1,26,281,2,2,1,3,BOULRVARD HENRI DUNANT,45.0473,5.0756
201500020835,28,5,15,8,1,26,281,2,1,1,6,RUE CHOSSIGNY,45.0422,5.0461
201500020836,10,6,15,7,1,26,281,2,1,1,3,BOULEVARD GABRIEL PERI,45.0483,5.0517
201500020837,18,6,15,18,1,26,281,2,2,1,1,PASSAGE GALLOIS,45.0475,5.0547
201500020838,18,6,15,11,1,26,57,2,2,1,3,RUE LOUIS PASTEUR,45.0369,5.051
201500020839,24,6,15,19,2,26,281,2,1,1,1,BOULEVARD VOLTAIRE,45.0443,5.0582
201500020840,26,6,15,8,1,26,281,2,1,1,2,PLACE CARNOT,45.0486,5.0496
201500020841,26,6,15,16,1,26,281,2,1,1,3,RUE  DELAY,45.0492,5.0511
201500020842,28,6,15,19,2,26,281,2,1,1,2,COTE DES MASSES,45.0451,5.0447
201500020843,1,7,15,11,1,26,281,2,1,1,3,PLACE JEAN JAURES,45.0463,5.0526
201500020844,6,7,15,12,1,26,57,2,1,1,3,RD 2532N,0.0,0.0
201500020845,13,7,15,9,1,26,281,2,1,1,2,AV  ADOLPHE FIGUET,45.0435,5.0613
201500020846,30,7,15,17,1,26,281,2,7,1,3,AVENUE GAMBETTA,45.0454,5.0591
201500020847,30,7,15,16,1,26,281,2,6,1,3,PLACE JEAN JAURES,45.0454,5.0532
201500020848,7,8,15,9,1,26,281,2,2,1,1,AVENUE DE DEPORTATION,45.0541,5.101
201500020849,12,8,15,8,1,26,57,2,1,1,3,AVENUE DES PATRIOTES,45.0375,5.0534
201500020850,18,8,15,19,2,26,281,2,1,1,4,BD PIERRE MENDES FRANCE,0.0,0.0
201500020851,22,8,15,14,1,26,281,2,3,1,2,COTE DES CORDELIERS,45.0437,5.0513
201500020852,24,8,15,12,1,26,281,2,1,1,2,BOULEVARD REMY ROURE,45.0456,5.0516
201500020853,7,9,15,16,1,26,281,1,1,1,6,BD REMY ROURE,45.05,5.0403
201500020854,14,9,15,12,1,26,281,2,1,1,2,PLACE JULES NADI,45.0442,5.052
201500020855,15,9,15,11,1,26,57,2,1,1,7,AVENUE  PREMIERE ARMEE,45.0339,5.0649
201500020856,15,9,15,13,1,26,281,2,9,1,6,AVENUE GAMBETTA,45.0454,5.0607
201500020857,16,9,15,20,3,26,57,2,1,1,3,AV GEORGES POMPIDOU,0.0,0.0
201500020858,18,9,15,16,1,26,281,2,9,1,3,AVENUE GAMBETTA,45.0455,5.0603
201500020859,19,9,15,19,1,26,281,2,1,1,3,101 AVENUE DU MAQUIS,45.0495,5.0768
201500020860,19,9,15,19,1,26,57,2,3,1,4,RUE ANTONIN  VALLON,45.0408,5.0524
201500020861,21,9,15,18,1,26,281,2,6,1,2,RD 532 DIRECTION TAIN,0.0,0.0
201500020862,26,9,15,12,1,26,281,2,1,1,1,AVENUE BERTHELOT,45.0446,5.0388
201500020863,29,9,15,18,1,26,281,2,1,1,5,AVENUE DES ALLOBROGES,0.0,0.0
201500020864,1,10,15,9,1,26,281,2,9,1,3,PONT MARECHAL DE LATTRE,45.0415,5.0563
201500020865,6,10,15,16,1,26,281,2,1,1,6,89 AV JEAN MOULIN,45.0575,5.0498
201500020866,8,10,15,18,1,26,281,2,1,1,4,QUAI STE  CLAIRE,45.0435,5.0435
201500020867,9,10,15,9,1,26,281,2,2,1,3,COTE JACQUEMART,45.0438,5.0496
201500020868,12,10,15,15,1,26,281,2,1,1,1,BD PIERRE MENDES FRANCE,0.0,0.0
201500020869,13,10,15,10,1,26,281,2,1,2,2,AVENUE GAMBETTA,45.0455,5.0589
201500020870,2,11,15,11,1,26,57,2,1,1,2,RUE ANTONIN VALLON,45.0408,5.0524
201500020871,2,11,15,16,1,26,281,2,1,1,3,ROUTE DE TAIN,45.0441,5.02
201500020872,6,11,15,12,1,26,281,2,1,1,2,RUE SIMONE ABBAT,45.047,5.0354
201500020873,14,11,15,9,1,26,281,2,3,1,3,AVENUE MARCEL PAUL,45.0484,5.0374
201500020874,28,11,15,14,1,26,281,2,1,1,6,AV EMILE  ZOLA,45.0511,5.0592
201500020875,30,11,15,7,5,26,281,2,6,1,3,ROND POINT N 1 ALLOBROGE,0.0,0.0
201500020876,23,11,15,12,1,26,281,2,6,1,7,AV CHANOINE J CHEVALIER,45.0444,5.0413
201500020877,2,12,15,10,1,26,57,1,2,1,3,ALLEE DAUPHINE,45.0178,5.0351
201500020878,8,12,15,11,1,26,57,2,6,1,6,GRAND RUE JEAN JAURES,45.0393,5.0477
201500020879,8,12,15,13,1,26,281,1,4,1,6,AVENUE DUCHESNE,45.0482,5.0412
201500020880,10,12,15,14,1,26,281,2,2,1,2,AVENUE  ADOLPHE  FIGUET,45.0449,5.0651
201500020881,11,12,15,7,5,26,281,2,6,1,3,AVENUE ADOLPHE  FIGUET,45.0426,5.058
201500020882,12,12,15,16,1,26,281,1,1,1,2,ALLEE EDOUARD BRANLY,0.0,0.0
201500020883,15,12,15,19,2,26,281,2,1,1,3,RTE DE GENISSIEUX,0.0,0.0
201500020884,17,12,15,16,1,26,57,1,2,1,3,RD 538,0.0,0.0
201500020885,18,12,15,16,1,26,281,2,1,1,3,69 AV JEAN MOULIN,45.0559,5.0493
201500020886,21,12,15,11,1,26,281,2,6,2,3,AVENUE DEPORTATION,45.0505,5.0829
201500020887,22,12,15,18,5,26,281,1,1,1,2,AV DES ALLOBROGES,0.0,0.0
201500020888,8,1,15,13,1,26,58,1,3,1,3,RUE MOULIN ALBON,44.951,4.9019
201500020889,28,12,15,17,2,26,362,2,1,1,6,RUE GUISEPPE VERDI,44.9299,4.9184
201500020890,21,3,15,22,3,26,362,2,1,1,1,ROUTE DE BEAUVALLON,0.0,0.0
201500020891,8,1,15,14,1,26,362,2,3,1,6,PASSAGE ARGONNE,44.9342,4.8972
201500020892,18,3,15,19,1,26,362,2,2,1,3,RUE DES ALPES,44.9262,4.9012
201500020893,28,12,15,20,5,26,362,2,1,1,3,ROUTE DE ROMANS,44.942,4.9181
201500020894,11,1,15,5,3,26,170,1,1,1,1,L A C R A R N 7,0.0,0.0
201500020895,29,12,15,2,3,26,58,2,1,1,7,RN 2007N,44.9434,4.88879
201500020896,12,1,15,9,1,26,362,2,2,1,6,RUE DES ALPES,44.9271,4.8997
201500020897,27,3,15,19,3,26,362,1,1,1,4,L A C R A  RN 7,0.0,0.0
201500020898,7,1,15,9,1,26,362,2,1,1,6,73 RUE FAVENTINES,44.929,4.8988
201500020899,29,3,15,21,4,26,362,1,1,1,7,L A C R A  RN 532,0.0,0.0
201500020900,15,1,15,21,3,26,170,1,1,1,4,L A C R A RN 7,0.0,0.0
201500020901,31,3,15,13,1,26,362,2,1,1,6,ALLEE RAYMOND MIAS,44.9347,4.9012
201500020902,21,1,15,12,1,26,362,2,1,2,6,87 AVENUE VICTOR HUGO,44.9265,4.8891
201500020903,9,4,15,8,1,26,58,2,7,1,3,PLACE DE LA REPUBLIQUE,44.9411,4.8936
201500020904,28,1,15,20,5,26,252,2,3,1,3,AVENUE BROSSOLETTE,44.8861,4.8861
201500020905,10,4,15,8,1,26,362,2,6,1,6,BD JOHN FITZGERALD KENNE,44.9401,4.9159
201500020906,30,1,15,20,5,26,58,2,2,1,3,AVENUE JACQUES BREL,44.9516,4.9028
201500020907,19,4,15,14,1,26,362,2,1,2,3,178 AVENUE DE ROMANS,44.9371,4.9119
201500020908,30,1,15,13,1,26,362,2,2,1,3,AVENUE JEAN MONNET,44.9201,4.9319
201500020909,14,4,15,11,1,26,362,2,1,1,6,AVENUE DE ROMANS,44.9333,4.902
201500020910,10,2,15,6,3,26,252,1,1,1,6,ROUTE DE BEAUVALLON,44.8773,4.8941
201500020911,20,4,15,9,1,26,362,2,1,1,3,89 RUE FAVENTINES,44.9281,4.8997
201500020912,13,2,15,19,5,26,362,2,1,1,6,BD GENERAL DE GAULLE,44.9304,4.8901
201500020913,15,5,15,9,1,26,58,2,1,1,6,MONTEE DU LONG,0.0,0.0
201500020914,17,2,15,18,5,26,362,2,9,1,6,AVENUE DE PROVENCE,44.9068,4.8791
201500020915,14,5,15,17,1,26,362,2,3,1,3,AVENUE VICTOR HUGO,44.9178,4.8854
201500020916,19,2,15,7,3,26,58,2,1,1,3,640 RUE ARISTIDE BERGES,44.9648,4.8783
201500020917,17,5,15,15,1,26,362,2,1,1,7,RUE EMMANUEL CHABRIER,44.938,4.932
201500020918,23,2,15,18,5,26,252,1,2,1,3,RN7 DEVIATION DE PORTES,0.0,0.0
201500020919,7,5,15,14,1,26,362,1,1,1,6,AVENUE DE ROMANS,44.9343,4.9061
201500020920,28,2,15,14,1,26,58,2,6,1,3,BD GENERAL DE GAULLE,44.9411,4.8936
201500020921,2,6,15,9,1,26,362,2,1,1,6,168 AVENUE DE ROMANS,44.9366,4.9112
201500020922,28,2,15,16,1,26,362,1,1,1,5,AVENUE DE ROMANS,44.9501,4.9275
201500020923,18,5,15,17,1,26,313,1,1,1,7,LACRA RN532,0.0,0.0
201500020924,11,3,15,12,1,26,362,2,2,1,3,BD FRANCKLIN ROOSEVELT,44.9265,4.9174
201500020925,3,6,15,19,1,26,58,2,1,1,6,AVENUE DE LYON,44.9583,4.8893
201500020926,13,3,15,16,1,26,362,1,1,1,6,52 RUE PROMPSAULT,44.9264,4.90004
201500020927,5,6,15,13,1,26,252,1,2,1,3,RN7 DEVIATION DE PORTES,0.0,0.0
201500020928,13,3,15,11,1,26,362,2,1,1,6,PLACE PORTE NEUVE,44.9308,4.8914
201500020929,18,6,15,21,1,26,362,1,1,1,7,L A C R A  RN 7,0.0,0.0
201500020930,19,6,15,0,3,26,4,1,1,1,2,HERMITE,0.0,0.0
201500020931,21,6,15,1,3,26,362,2,1,1,6,AVENUE DE PROVENCE,0.0,0.0
201500020932,23,6,15,13,1,26,362,2,2,1,3,RUE FARNERIE,44.9342,4.8926
201500020933,9,4,15,22,5,26,362,2,1,1,7,187 AVENUE DE ROMANS,44.935,4.9088
201500020934,24,6,15,11,1,26,362,1,2,1,3,MICHAUD DE LAURE,44.95,4.9491
201500020935,28,6,15,18,1,26,58,1,6,1,3,ROND POINT DES COULEURS,44.9545,4.9325
201500020936,2,7,15,14,1,26,252,1,1,1,5,ROUTE DE BEAUVALLON,0.0,0.0
201500020937,1,7,15,17,1,26,362,2,3,1,1,AVENUE DE ROMANS,44.9334,4.9022
201500020938,26,7,15,3,5,26,362,2,6,1,2,AVENUE DE ROMANS,44.9327,4.8988
201500020939,27,7,15,15,1,26,58,1,1,1,4,LE CHANTRE,0.0,0.0
201500020940,10,8,15,14,1,26,58,2,2,1,3,ROUTE DE FOUILLOUSE,44.9669,4.9155
201500020941,14,8,15,9,1,26,362,2,1,1,6,AVENUE VICTOR HUGO,44.9199,4.8858
201500020942,10,9,15,12,1,26,362,2,1,1,2,AVENUE DE  VERDUN,44.938,4.8989
201500020943,14,9,15,22,1,26,252,1,1,1,7,RN7 DEVIATION DE PORTES,0.0,0.0
201500020944,14,9,15,17,1,26,362,2,1,1,6,ALLEE JAMES JOULE,44.8885,4.8902
201500020945,23,9,15,18,1,26,362,2,1,1,3,32 AVENUE DES AUREATS,44.9014,4.8841
201500020946,22,9,15,15,1,26,362,2,1,1,6,36 COURS BOURVIL,44.9462,4.9149
201500020947,6,8,15,8,1,26,362,2,1,1,6,AVENUE DE  VERDUN,44.9381,4.8992
201500020948,24,9,15,17,1,26,362,2,6,1,6,AV DOCTEUR SANTY,44.9122,4.9088
201500020949,24,9,15,17,1,26,362,2,1,1,2,AVENUE DE PROVENCE,0.0,0.0
201500020950,28,9,15,15,1,26,362,2,1,1,6,AVENUE DE LA MARNE,44.9354,4.8976
201500020951,17,10,15,16,1,26,58,2,1,1,6,RUE JULIEN KEYSER,44.9371,4.8888
201500020952,16,11,15,18,5,26,362,2,1,1,6,AVENUE DE CHABEUIL,44.9293,4.9083
201500020953,19,11,15,11,1,26,362,2,1,1,5,178  AVENUE DE ROMANS,44.9371,4.9119
201500020954,14,11,15,20,5,26,362,2,2,1,3,BD JOHN FITZGERALD KENNE,44.9365,4.9181
201500020955,28,11,15,20,4,26,362,2,2,1,3,60 AVENUE DE CHABEUIL,44.9314,4.9013
201500020956,29,11,15,14,1,26,58,2,1,1,6,55 ROUTE D LYON,44.9483,4.8931
201500020957,5,12,15,2,3,26,252,1,1,1,7,ROUTE DE BEAUVALLON,0.0,0.0
201500020958,3,12,15,10,1,26,362,2,1,1,6,54 AVENUE VICTOR  HUGO,44.9281,4.88999
201500020959,23,10,15,8,1,26,362,1,1,1,6,7 BD BANCEL,44.9304,4.8927
201500020960,12,12,15,10,1,26,362,2,6,1,6,RUE DENIS PAPIN,44.9222,4.8908
201500020961,5,2,15,9,1,84,37,2,1,1,6,RD 17 a 85 m du panneau,44.05689,4.82116
201500020962,8,7,15,16,1,84,37,2,1,1,3,av pierre de luxembourg,44.05053,4.8355
201500020963,17,11,15,22,3,84,27,1,1,1,6,,0.0,0.0
201500020964,22,1,15,18,2,60,109,1,1,1,1,,0.0,0.0
201500020965,27,2,15,14,1,60,126,2,1,1,4,RM6202,43.82506,7.1896
201500020966,30,4,15,11,1,60,25,1,1,1,7,,0.0,0.0
201500020967,14,6,15,15,1,60,22,1,1,1,6,,0.0,0.0
201500020968,20,6,15,18,1,60,34,1,1,1,7,,0.0,0.0
201500020969,15,7,15,8,1,60,46,2,1,1,1,71 corniche LAUGIER,0.0,0.0
201500020970,31,7,15,7,1,60,6,2,9,1,3,route de tourette-levens,0.0,0.0
201500020971,22,9,15,19,1,60,117,1,1,1,1,,0.0,0.0
201500020972,5,10,15,19,3,60,22,1,1,1,1,,0.0,0.0
201500020973,26,10,15,17,1,60,46,1,1,1,2,,0.0,0.0
201500020974,6,11,15,18,3,60,64,1,1,1,1,,0.0,0.0
201500020975,12,11,15,18,3,60,126,1,1,1,7,,0.0,0.0
201500020976,6,2,15,19,3,38,337,2,1,1,4,route des bruy?res,0.0,0.0
201500020977,31,3,15,17,1,38,239,2,3,1,6,RD 1092/ch violette,45.33013,5.55727
201500020978,8,4,15,8,1,38,133,2,1,1,1,ROUTE DES GORGES,45.37135,5.61445
201500020979,23,5,15,12,1,38,332,1,1,1,1,,0.0,0.0
201500020980,30,5,15,12,1,38,194,2,1,1,1,Rue Bayard,0.0,0.0
201500020981,18,2,15,6,2,38,239,2,2,1,1,Rue des Pautes D1085,45.32945,5.56917
201500020982,11,3,15,22,3,38,133,2,1,1,7,chemin du neyroud,45.3531,5.62051
201500020983,14,3,15,4,3,38,337,1,1,2,6,,0.0,0.0
201500020984,28,3,15,14,1,38,105,2,1,8,3,691 RTE DE CHATREUSE,45.40746,5.56253
201500020985,2,6,15,19,1,38,84,1,1,1,2,,0.0,0.0
201500020986,18,7,15,20,2,38,239,1,1,1,3,,0.0,0.0
201500020987,29,7,15,6,2,38,239,1,1,1,5,,0.0,0.0
201500020988,5,9,15,4,3,38,337,1,1,1,1,,0.0,0.0
201500020989,27,9,15,3,5,38,239,2,1,1,6,Av Marius Chorot,45.32699,5.57302
201500020990,3,10,15,3,5,38,337,2,1,1,6,123 ROUTE DE BAS RIVES,0.0,0.0
201500020991,11,10,15,15,1,38,332,1,1,1,3,,0.0,0.0
201500020992,23,10,15,8,1,38,337,1,1,1,6,,0.0,0.0
201500020993,30,10,15,3,3,38,105,2,1,5,6,route du Marais,0.0,0.0
201500020994,4,11,15,17,2,38,194,1,1,1,6,,0.0,0.0
201500020995,6,11,15,8,1,38,105,1,1,1,1,,45.42757,5.56271
201500020996,20,11,15,16,2,38,400,1,2,2,6,,45.34963,5.59554
201500020997,5,12,15,8,1,38,30,1,4,5,2,,45.35873,5.47023
201500020998,29,4,15,11,1,69,283,2,6,1,6,Chemin du Charbonnier,0.0,0.0
201500020999,8,5,15,18,2,69,283,1,1,3,3,,0.0,0.0
201500021000,28,5,15,19,1,69,283,2,1,1,6,rue du 19 mars 1962,0.0,0.0
201500021001,10,9,15,17,1,69,283,2,1,1,3,81 route de Corbas,0.0,0.0
201500021002,19,10,15,12,1,69,283,2,1,1,6,rue Dumont d'Urville,0.0,0.0
201500021003,7,3,15,17,1,62,397,2,1,1,6,"rue de Guyzelin, GUINES",50.86655,1.86464
201500021004,24,3,15,8,1,62,408,1,1,1,1,,50.85407,1.81916
201500021005,11,6,15,17,1,62,397,2,1,1,4,rue Aristide Brian,50.87272,1.86968
201500021006,22,7,15,14,1,62,408,2,1,1,1,Route départementale 127,50.91229,1.87444
201500021007,14,8,15,15,1,62,161,2,1,1,3,,50.8263,1.90269
201500021008,15,12,15,17,5,62,334,2,9,2,6,rue de la ville RD232,50.82512,1.82096
201500021009,21,2,15,19,5,58,86,2,6,2,6,Avenue du 85? de ligne,0.0,0.0
201500021010,4,6,15,13,1,58,251,1,1,1,3,,0.0,0.0
201500021011,10,12,15,19,3,58,209,1,1,8,6,,0.0,0.0
201500021012,23,3,15,3,3,41,101,1,1,1,6,,47.621,1.162
201500021013,3,4,15,17,1,41,8,1,1,1,2,,47.746,1.527
201500021014,4,5,15,15,1,41,252,1,1,8,2,,47.705,1.452
201500021015,10,5,15,22,3,41,206,1,1,1,7,,47.632,1.355
201500021016,23,5,15,8,1,41,114,1,1,1,7,,47.747,1.538
201500021017,13,7,15,15,1,41,223,1,1,7,6,,47.61707,1.21396
201500021018,15,7,15,6,1,41,252,1,1,1,7,,47.68393,1.41644
201500021019,22,7,15,14,1,41,101,1,1,1,2,,47.61536,1.16029
201500021020,27,7,15,6,2,41,136,1,1,1,5,,47.72209,1.4917
201500021021,19,7,15,19,1,41,91,1,1,1,2,,47.61804,1.26537
201500021022,4,8,15,19,1,41,245,1,1,7,2,,47.74253,1.53066
201500021023,14,8,15,7,1,41,252,1,1,1,2,,47.6806,1.40859
201500021024,22,8,15,8,1,41,136,1,1,1,3,,47.71283,1.47099
201500021025,28,8,15,6,2,41,252,1,1,2,2,,47.69289,1.43489
201500021026,7,9,15,23,3,41,288,1,1,1,2,,47.65771,1.38118
201500021027,12,1,15,10,1,27,229,2,1,1,6,BRIAND (AVENUE ARISTI,49.00457,1.11312
201500021028,17,2,15,13,1,27,229,2,9,1,3,"1, LEPOUZE (RUE)",49.02558,1.55669
201500021029,21,10,15,4,5,27,229,2,2,1,1,VERNON (RUE DE),49.0288,1.16644
201500021030,23,3,15,11,1,27,229,2,1,1,6,"59, MONDUIT (RUE HENRI)",49.029,1.13582
201500021031,20,3,15,21,5,27,229,2,2,1,3,ROOSEVELT (RUE FRANKLIN,49.02081,1.15657
201500021032,6,11,15,21,3,27,299,1,1,1,1,NETREVILLE (RUE DE),49.04319,1.1722
201500021033,26,3,15,12,1,27,229,1,1,1,2,PORTEVIN (RUE),49.01515,1.14992
201500021034,20,11,15,19,5,27,229,2,1,1,1,"17, SAINT THOMAS (RUE)",49.02717,1.14694
201500021035,4,4,15,5,5,27,229,2,1,1,6,CONCHES (ROUTE DE),49.01751,1.11473
201500021036,4,12,15,16,1,27,229,2,2,1,3,ALLENDE (BOULEVARD DU PR,49.0034,1.14807
201500021037,18,4,15,21,2,27,229,2,2,1,3,"2, BORVILLE DUPUIS (RUE)",49.02764,1.15199
201500021038,23,4,15,13,1,27,229,2,1,1,3,62 SAINT ANDRE (ROUTE DE,49.01244,1.16517
201500021039,18,5,15,8,1,27,229,2,1,1,1,"1, JARDIN BOTANIQUE (RUE",49.02191,1.48959
201500021040,10,6,15,14,1,27,229,2,1,1,6,"1, CARTIER (RUE JACQUES)",49.02666,1.17617
201500021041,25,6,15,9,1,27,229,2,1,1,6,"1, LUXEMBOURG (RUE DU)",49.03366,1.18492
201500021042,1,7,15,19,1,27,229,2,6,1,3,VULCAIN (RUE),49.02044,1.182
201500021043,14,7,15,18,1,27,229,2,1,1,6,HARPE (RUE DE LA),0.0,0.0
201500021044,20,7,15,14,1,27,229,2,2,1,3,rue de la Sablonnière,49.01073,1.1522
201500021045,28,7,15,9,1,27,229,1,1,1,5,CONCHES (ROUTE DE),49.01403,1.10719
201500021046,25,8,15,17,1,27,229,2,1,1,3,CITES UNIES (BOULEVARD D,49.01148,1.14175
201500021047,1,9,15,21,5,27,229,2,1,1,6,"20, OURSEL (RUE DU DOCTE",49.02687,1.14875
201500021048,3,9,15,9,1,27,229,2,1,1,6,"22BIS, CORBEAU (RUE CHAR",49.02502,1.15317
201500021049,5,9,15,19,2,27,229,2,1,1,6,NORMANDIE (BOULEVARD DE),49.02231,1.13577
201500021050,4,10,15,9,1,27,229,2,3,1,3,PASTEUR (BOULEVARD),49.02617,1.15831
201500021051,8,9,15,17,1,35,353,1,1,1,3,,48.10496,-1.74133
201500021052,3,10,15,6,5,35,353,2,1,1,4,RN24 - route de Lorient,48.10508,-1.73585
201500021053,29,3,15,19,1,51,326,1,3,2,2,,49.11467,4.25343
201500021054,10,1,15,15,1,27,701,2,3,2,6,12 VOIE DE LA NATION,49.26809,1.21166
201500021055,26,2,15,8,2,27,375,2,1,2,1,"45, CHURCHILL (AVENUE WI",49.22746,1.16856
201500021056,29,1,15,15,1,27,375,2,1,1,6,CHAMP DE VILLE (PLACE DU,49.21056,1.16561
201500021057,29,3,15,14,1,27,375,2,1,2,6,"1, HALLE AUX DRAPIERS (P",49.2111,1.16942
201500021058,1,4,15,7,1,27,701,2,3,1,3,"1, RD 6015",49.25411,1.17667
201500021059,16,4,15,8,1,27,701,2,3,1,3,CHAUSSE DU VEXIN,49.2578,1.18603
201500021060,25,6,15,17,1,27,375,2,6,1,4,"1, TABARLY (VOIE ERIC)",49.2094,1.17975
201500021061,16,6,15,20,2,27,701,2,3,1,3,"1, FALAISES (ROUTE DES)",49.2612,1.19869
201500021062,3,7,15,15,1,27,701,1,1,1,6,ORMET (VOIE DE L'),49.24483,1.23783
201500021063,28,11,15,16,2,27,701,2,3,1,3,NATION (VOIE DE LA),49.26893,1.21165
201500021064,29,5,15,20,1,38,229,1,1,1,3,,45.348,5.338
201500021065,6,2,15,19,3,14,543,1,1,1,2,,49.2003,-0.48561
201500021066,7,2,15,6,3,14,342,1,1,1,7,,49.3081,-1.10905
201500021067,7,4,15,19,1,14,380,1,1,1,3,,49.2306,-0.57248
201500021068,15,5,15,9,1,14,98,1,1,1,6,,49.2082,-0.51296
201500021069,7,6,15,19,1,14,98,1,1,1,2,,49.2075,-0.51049
201500021070,10,6,15,15,1,14,577,1,2,1,3,,49.2687,-0.55895
201500021071,16,6,15,8,1,14,630,1,1,1,1,,49.2497,-0.66552
201500021072,16,6,15,17,1,14,436,1,1,1,1,,49.2538,-0.69911
201500021073,2,8,15,5,2,14,98,1,1,1,6,,49.2268,-0.53004
201500021074,23,8,15,15,1,14,453,1,1,1,6,,49.31,-0.82869
201500021075,14,9,15,6,3,14,380,1,1,1,2,,49.2276,-0.56392
201500021076,10,2,15,14,1,60,95,2,1,1,1,41 avenue de boutiny,43.6415,6.87896
201500021077,3,6,15,19,1,60,95,2,1,1,1,19 avenue funel,0.0,0.0
201500021078,25,7,15,3,5,60,137,2,1,1,6,Route de Cabris,0.0,0.0
201500021079,18,12,15,7,2,60,95,2,1,1,3,route de draguignan,0.0,0.0
201500021080,2,1,15,17,5,60,95,2,1,1,6,32 CHEMIN DU STADE,43.6386,6.87423
201500021081,29,1,15,16,1,60,95,2,1,1,3,RD2562 int Ave Belletrud,43.63737,6.86231
201500021082,14,2,15,14,1,60,95,2,1,3,6,15 rte des cinq communes,43.64664,6.8895
201500021083,18,12,15,7,2,60,95,1,1,1,3,,0.0,0.0
201500021084,6,5,15,18,1,39,81,1,1,1,5,,0.0,0.0
201500021085,8,7,15,13,1,39,439,1,1,1,5,,0.0,0.0
201500021086,24,8,15,15,1,39,208,1,1,2,5,,0.0,0.0
201500021087,27,10,15,7,1,39,97,2,1,1,6,33 rue stephen PICHON,0.0,0.0
201500021088,16,2,15,16,1,27,1,2,3,1,3,CHAMBRAY (ROUTE DE),49.09295,1.45514
201500021089,7,11,15,15,1,27,681,2,1,1,2,JAURES (BOULEVARD JAURES,49.09559,1.46587
201500021090,7,11,15,8,1,27,681,1,1,1,1,GISORS (ROUTE DE),49.11524,1.39449
201500021091,9,4,15,10,1,27,681,2,3,1,6,BARETTE (PLACE),0.0,0.0
201500021092,7,11,15,17,2,27,681,2,3,1,6,ILE DE FRANCE (AVENUE DE,49.08652,1.49669
201500021093,21,4,15,11,1,27,681,2,3,1,6,"44, CARNOT (RUE)",49.09351,1.48572
201500021094,15,5,15,2,3,27,681,1,1,1,6,ROUTE DEPARTEMENTALE 313,0.0,0.0
201500021095,19,6,15,20,1,27,681,2,1,1,1,"22, SAINT MARCEL (RUE DE",49.09017,1.46357
201500021096,10,7,15,16,1,27,681,2,3,1,3,AZEMIA (BOULEVARD GEORGE,49.07906,1.48829
201500021097,1,8,15,15,1,27,681,1,3,1,3,"20, SAINT LAZARE (RUE)",49.09559,1.47775
201500021098,11,9,15,16,1,27,681,2,3,1,3,DEVOS (BOULEVARD JULIEN),49.08817,1.47264
201500021099,24,9,15,14,1,27,681,2,1,1,6,VALMEUX (CHEMIN DES),49.08038,1.48455
201500021100,26,9,15,11,1,27,681,1,3,1,6,REPUBLIQUE (PLACE DE LA),49.09018,1.48503
201500021101,31,10,15,15,1,27,681,2,6,7,6,CAPUCINS (AVENUE DES),49.091,1.46928
201500021102,6,3,15,15,1,17,222,1,3,1,3,,46.23559,-1.12529
201500021103,16,3,15,10,1,17,153,1,1,1,1,,46.23973,-1.10635
201500021104,28,3,15,20,3,25,629,1,1,8,6,,47.382,6.396
201500021105,19,5,15,9,1,25,370,1,1,1,3,,47.454,6.786
201500021106,31,7,15,16,1,25,156,1,1,1,5,,47.417,6.517
201500021107,20,9,15,13,1,25,519,1,9,1,6,,47.316,6.81
201500021108,19,9,15,22,3,25,629,1,1,3,6,,47.388,6.419
201500021109,15,10,15,12,1,25,595,1,1,2,3,,47.35272,6.58335
201500021110,8,12,15,8,1,25,315,1,1,9,1,,47.402,6.586
201500021111,31,1,15,10,1,91,458,1,6,1,6,Route de Marcoussis,48.656,2.241
201500021112,22,3,15,18,1,91,363,2,1,1,1,33 bis rue alfred dubois,48.645,2.237