Num_Acc,jour,mois,an,hr,condition_eclairage,departement,commune,condition_agglomeration,intersection,condition_atmosphere,type_collision,adresse,lattitude,longitude
201500021113,1,4,15,1,5,91,363,2,7,1,6,place de la Republique,48.644,2.24
201500021114,12,4,15,19,1,91,458,2,1,1,6,rue claude monet,0.0,0.0
201500021115,30,4,15,7,1,91,666,1,6,2,3,RD 59,0.0,0.0
201500021116,9,5,15,20,1,91,665,2,1,1,1,89 rue des joncs marins,0.0,0.0
201500021117,30,6,15,7,1,91,458,2,1,1,6,rue du temple,48.664,2.245
201500021118,16,9,15,9,1,91,458,2,1,3,1,Route de Villejust,48.673,2.237
201500021119,30,12,15,13,1,91,363,1,1,1,3,RD3,48.656,2.194
201500021120,27,6,15,7,1,76,462,1,1,1,6,,49.73093,1.46126
201500021121,24,10,15,18,2,76,621,1,1,1,3,,49.65827,1.29152
201500021122,6,11,15,16,2,76,621,1,1,8,6,,49.66292,1.30652
201500021123,9,12,15,7,2,76,244,1,1,2,2,,49.7027,1.36861
201500021124,24,1,15,10,1,87,202,1,1,2,6,2X2 VOIE PR 49+900,45.8834,1.08618
201500021125,21,8,15,11,1,87,148,1,1,1,2,,45.7265,1.34378
201500021126,24,8,15,6,3,87,19,1,1,2,5,,45.7458,1.34037
201500021127,15,10,15,21,3,87,154,1,1,1,7,,45.9049,0.94249
201500021128,7,11,15,11,1,87,88,1,1,1,6,,45.6054,1.44717
201500021129,18,11,15,7,2,87,19,1,1,2,4,,45.7449,1.34042
201500021130,19,11,15,8,1,87,148,1,1,9,2,,45.7375,1.34035
201500021131,27,11,15,15,1,87,119,1,1,1,6,,45.7327,1.34038
201500021132,12,1,15,14,1,19,123,1,1,1,3,FONT CROZE,45.1811,1.57312
201500021133,14,1,15,11,1,19,129,1,1,8,2,SENS TOULOUSE - PARIS,45.5247,1.51484
201500021134,21,2,15,16,1,19,162,1,1,4,4,SENS TOULOUSE - PARIS,45.3493,1.56977
201500021135,16,6,15,1,3,19,31,1,1,2,1,zone de travaux A20,45.13826,1.49064
201500021136,14,7,15,13,1,19,248,1,1,1,6,SENS TOULOUSE > PARIS,45.4337,1.51259
201500021137,21,10,15,7,3,19,248,1,1,1,2,SENS TOULOUSE / PARIS,45.4539,1.50924
201500021138,8,12,15,13,1,19,274,1,1,1,1,LE VERGIS,45.2009,1.51153
201500021139,9,6,15,7,1,59,123,1,1,1,1,,0.0,0.0
201500021140,11,7,15,13,1,59,266,1,1,1,7,Route départementale,50.53398,2.97128
201500021141,26,11,15,18,3,59,462,1,1,1,1,,0.0,0.0
201500021142,19,12,15,17,2,59,145,1,1,1,3,,0.0,0.0
201500021143,11,12,15,11,1,28,85,2,1,1,6,CHASLES (BOULEVARD),48.44245,1.48837
201500021144,26,12,15,6,5,28,85,2,3,1,6,"34, BOIS MERRAIN (RUE DU",48.44448,1.4851
201500021145,16,12,15,17,1,28,85,1,1,1,6,HUGO (AVENUE VICTOR),48.44012,1.51197
201500021146,5,1,15,7,5,28,220,2,1,5,6,KENNEDY (John Fitzerald,48.42845,1.46743
201500021147,7,1,15,12,1,28,85,2,1,1,6,"31, PEGUY (BOULEVARD CHA",48.44923,1.4834
201500021148,8,1,15,16,1,28,220,2,2,2,3,LECLERC (RUE DU MARECHAL,48.42594,1.45678
201500021149,9,1,15,18,5,28,85,2,5,1,6,"10, DROUAISE (PLACE)",48.45334,1.48837
201500021150,10,1,15,16,1,28,209,2,1,2,6,"8, PAIX (AVENUE DE LA )",48.46853,1.48021
201500021151,24,1,15,11,1,28,218,2,3,1,3,BEAUCE (RUE DE),48.43383,1.45751
201500021152,25,1,15,18,3,28,229,1,1,1,1,RN 1154,48.46879,1.4651
201500021153,26,1,15,8,1,28,85,2,1,2,1,"0.0001, SEMARD (PLACE PI",48.44793,1.48177
201500021154,26,1,15,13,1,28,218,2,1,2,3,VIOLETTE (RUE MAURICE),48.43165,1.47049
201500021155,28,1,15,16,1,28,85,2,1,2,6,"39, PEGUY (BOULEVARD CHA",48.44949,1.48357
201500021156,10,1,15,18,5,28,85,2,2,3,3,FAUBOURG LA GRAPPE (RUE,48.43773,1.50409
201500021157,10,1,15,20,5,28,218,2,2,1,3,GASCOGNE (DE),48.43157,1.44549
201500021158,29,1,15,19,5,28,218,2,1,2,6,EUROPE (AVENUE DE L'),48.43803,1.45229
201500021159,29,1,15,16,1,28,85,2,3,2,6,"21, CHASLES (BOULEVARD)",48.44264,1.48651
201500021160,31,1,15,15,1,28,70,1,1,2,1,PAIX rue de la,48.46122,1.50529
201500021161,31,1,15,16,1,28,218,2,2,1,5,KENNEDY (RUE JOHN),48.42934,1.46631
201500021162,19,1,15,13,1,28,85,2,1,1,2,"12, POILLOT (RUE EDMOND)",48.43673,1.51528
201500021163,1,2,15,11,1,28,85,2,1,4,6,"84, INTERMARCHE (GRAND F",48.44248,1.47833
201500021164,1,2,15,18,3,28,209,1,1,9,7,RD 339,48.47837,1.47171
201500021165,3,2,15,14,1,28,110,1,6,1,4,RN 123 (ROCADE),48.42779,1.5146
201500021166,4,2,15,13,1,28,229,1,1,1,2,RN 1154,48.44901,1.44143
201500021167,4,2,15,19,3,28,85,1,1,1,7,FRESNAY (RUE DE),48.46172,1.47452
201500021168,5,2,15,17,1,28,85,1,1,4,6,PARIS (ROUTE DE),48.45477,1.53526
201500021169,9,2,15,7,2,28,85,2,3,1,3,PATTON (RUE DU GENERAL),48.44182,1.47587
201500021170,4,2,15,20,5,28,220,2,1,1,2,"15, MAUNOURY (MAURICE)",48.43552,1.479
201500021171,12,2,15,8,2,28,85,2,1,5,4,"51, FAUBOURG LA GRAPPE (",48.44254,1.5003
201500021172,13,2,15,19,5,28,70,2,2,8,2,PIGEON VOYAGEUR (rue du),48.45768,1.49658
201500021173,14,2,15,19,3,28,229,1,1,3,5,D939,48.46541,1.42309
201500021174,17,2,15,12,1,28,229,2,1,1,2,PHILIPPE (AVENUE GERARD),48.45424,1.4561
201500021175,18,2,15,9,1,28,85,2,1,1,7,"24, FOCH (BOULEVARD DU M",48.44889,1.49252
201500021176,18,2,15,8,1,28,220,2,1,1,6,"43, AVENUE DE LA REPUBLI",48.42442,1.47056
201500021177,18,2,15,13,1,28,229,1,1,1,7,RN 1154,48.4655,1.45924
201500021178,14,2,15,11,1,28,229,1,1,1,6,PHILIPPE (AVENUE GERARD),48.45331,1.45435
201500021179,18,2,15,21,3,28,110,1,1,1,7,ROUTE NATIONALE 123,48.4217,1.51061
201500021180,19,2,15,17,1,28,110,2,3,1,3,"NEANT, GAUDINIERES (RUE",48.42074,1.48883
201500021181,20,2,15,8,1,28,85,2,1,2,4,FOCH (BOULEVARD DU MAREC,48.44866,1.49267
201500021182,20,2,15,11,1,28,85,2,1,2,5,"23, BAS BOURGS (RUE DES)",48.43966,1.49502
201500021183,20,2,15,23,5,28,220,2,1,2,7,"NON RENSEI, GEORGES CLEM",48.43192,1.4725
201500021184,22,2,15,4,5,28,85,2,1,8,6,"11, RECHEVRES (CITE - RU",48.45328,1.48052
201500021185,24,2,15,16,1,28,85,2,1,2,1,MITTERAND ( rue Fran?ois,48.43823,1.51125
201500021186,25,2,15,9,1,28,85,2,3,2,3,PROUST (AVENUE MARCEL),48.45122,1.52796
201500021187,25,2,15,11,1,28,220,1,1,2,3,ROUTE NATIONALE 123,48.41618,1.46787
201500021188,25,2,15,19,5,28,85,2,1,2,2,"80, MAUNOURY (RUE DU DOC",48.44094,1.48266
201500021189,12,2,15,16,1,28,85,2,1,1,6,PEGUY (BOULEVARD CHARLES,48.45113,1.48564
201500021190,27,2,15,16,1,28,85,2,1,1,6,PEGUY (BOULEVARD CHARLES,48.45039,1.48458
201500021191,2,3,15,6,5,28,85,1,6,2,3,SOURS (ROND POINT ROUTE,48.43883,1.52169
201500021192,2,3,15,7,2,28,229,2,6,1,3,PHILIPPE (AVENUE GERARD),48.44729,1.45128
201500021193,4,3,15,13,1,28,229,2,6,1,3,PHILIPPE (AVENUE GERARD),48.44725,1.45121
201500021194,9,3,15,13,1,28,85,1,1,1,4,rd 939,48.43277,1.54238
201500021195,13,3,15,11,1,28,85,2,1,1,3,"08, SAINT JEAN (place)",48.44998,1.48306
201500021196,15,3,15,10,1,28,218,2,2,1,3,LECLERC (RUE DU MARECHAL,48.431,1.46386
201500021197,17,3,15,13,1,28,85,2,1,1,6,VIOLETTE (BOULEVARD MAUR,48.44556,1.48357
201500021198,18,3,15,17,1,28,218,2,1,1,3,"90, FOREAU (RUE FRANCOIS",48.4356,1.46334
201500021199,19,3,15,21,5,28,218,2,2,1,3,"18, VARLET (RUE GEORGES)",48.438,1.462
201500021200,24,3,15,16,1,28,85,2,1,3,7,"22, LAUNAY (RUE DE)",48.43318,1.49817
201500021201,25,3,15,15,1,28,110,1,1,1,6,VOVES (RUE DE) (D29),48.41683,1.5023
201500021202,27,3,15,21,5,28,85,2,1,1,6,"15, FAUBOURG LA GRAPPE (",48.44473,1.49738
201500021203,29,3,15,0,5,28,85,2,1,2,7,"30, COURTILLE (BOULEVARD",48.44199,1.4931
201500021204,30,3,15,19,1,28,85,2,2,1,3,EPARGNE (RUE DE L'),48.44948,1.47809
201500021205,31,3,15,8,1,28,85,2,2,2,6,"58BIS, COURTILLE (BOULEV",48.44497,1.49647
201500021206,31,3,15,17,1,28,220,2,1,1,2,MARCEAU (RUE),48.42684,1.47251
201500021207,22,3,15,21,5,28,85,2,1,2,7,"35, TUILERIE (RUE DE LA)",48.44459,1.48149
201500021208,2,4,15,7,1,28,229,2,1,2,6,"18, QUATORZE JUILLET (RU",48.4507,1.46951
201500021209,2,4,15,8,1,28,85,2,1,1,3,"23, BAS BOURGS (RUE DES)",48.43961,1.49499
201500021210,2,4,15,17,1,28,85,2,1,3,6,"38, BALLAY (RUE NOEL)",48.44501,1.48524
201500021211,4,4,15,11,1,28,70,1,3,8,2,D823,48.46932,1.52412
201500021212,14,4,15,14,1,28,218,2,1,1,3,"120, REPUBLIQUE (RUE DE",48.43935,1.46058
201500021213,15,4,15,9,1,28,110,1,9,1,6,RN 123 (ROCADE),48.41573,1.50127
201500021214,13,4,15,12,1,28,229,1,1,1,3,COUBERTIN (RUE PIERRE DE,48.4474,1.46755
201500021215,17,4,15,12,1,28,85,2,1,1,2,"121, BOURGNEUF (RUE DU)",48.46312,1.4817
201500021216,18,4,15,13,1,28,218,2,3,1,1,"2, ECOLES (RUE DES)",48.43973,1.46319
201500021217,18,4,15,15,1,28,209,2,1,1,1,"09, CHACATIERE (RUE DE L",48.47039,1.47818
201500021218,20,4,15,13,1,28,218,2,1,1,6,"93, FOREAU (RUE FRANCOIS",48.43479,1.46834
201500021219,20,4,15,16,1,28,220,2,1,1,6,"01, BOUIN (Jean)",48.41909,1.47287
201500021220,22,4,15,14,1,28,85,2,1,1,3,"34, FAUBOURG LA GRAPPE (",48.44235,1.50025
201500021221,23,4,15,9,1,28,209,2,1,1,6,PAIX (AVENUE DE LA ),48.46396,1.48124
201500021222,29,4,15,15,1,28,85,2,1,1,3,"2, FOUCHER DE CHARTRES (",48.44348,1.51653
201500021223,30,4,15,9,1,28,85,2,1,2,6,"15, MAUNOURY (RUE DU DOC",48.44286,1.48323
201500021224,30,4,15,18,1,28,229,1,1,2,2,PHILIPPE (AVENUE GERARD),48.45032,1.45209
201500021225,1,5,15,11,1,28,229,1,1,2,7,RN 1154,48.44752,1.43936
201500021226,9,5,15,17,1,28,85,2,1,1,1,MENDES FRANCE (RUE PIERR,48.44246,1.49454
201500021227,10,5,15,14,1,28,110,1,1,1,4,RN 123 (ROCADE),48.42683,1.51458
201500021228,13,5,15,15,1,28,85,2,1,1,5,"51, PATTON (RUE DU GENER",48.44106,1.47277
201500021229,13,5,15,14,1,28,220,1,3,1,3,"67, PASTEUR ( Louis)",48.41882,1.47776
201500021230,14,5,15,2,5,28,229,2,1,1,6,"18, HUGO (AVENUE VICTOR)",48.44845,1.46414
201500021231,14,5,15,8,1,28,85,2,1,1,6,"2, ROULIERS (RUE DES)",48.44664,1.50319
201500021232,16,5,15,2,5,28,85,2,2,1,6,PICHARD (RUE JOSEPH),48.44934,1.5208
201500021233,18,5,15,16,1,28,85,2,1,1,4,PEGUY (BOULEVARD CHARLES,0.0,0.0
201500021234,18,5,15,15,1,28,85,2,1,1,6,"19, BRIAND (RUE ARISTIDE",48.44505,1.52088
201500021235,19,5,15,14,1,28,110,2,1,1,3,"20, VOVES (RUE DE) (D29)",48.42907,1.49286
201500021236,20,5,15,14,1,28,229,1,2,1,3,D105,48.45712,1.45964
201500021237,21,5,15,16,1,28,209,1,3,1,2,RD 1154,48.48646,1.47442
201500021238,21,5,15,20,1,28,218,2,3,1,2,REPUBLIQUE (RUE DE LA),48.43819,1.45359
201500021239,23,5,15,22,5,28,85,2,1,1,6,KOENIG (RUE DU GENERA)L,48.44534,1.48307
201500021240,28,5,15,8,1,28,110,1,1,1,2,RN 123 (ROCADE),0.0,0.0
201500021241,30,5,15,18,1,28,229,2,1,1,6,"31, JAURES (RUE JEAN)",48.4529,1.46114
201500021242,2,6,15,8,1,28,85,2,1,1,6,HUGO (AVENUE VICTOR),48.44003,1.5121
201500021243,4,6,15,11,1,28,85,2,1,1,1,"90, LA GRAPPE (FAUBOURG)",48.43812,8.43812
201500021244,5,6,15,12,1,28,85,2,3,1,2,"41, MAUNOURY (RUE DU DOC",48.44143,1.48281
201500021245,2,6,15,12,1,28,218,2,1,1,2,"38, LECLERC (RUE DU MARE",48.43403,1.46746
201500021246,7,6,15,18,1,28,229,1,1,1,7,D939,48.45724,1.44948
201500021247,8,6,15,10,1,28,85,2,1,1,7,"26, ALIGRE (AVENUE D')",48.45545,1.4888
201500021248,10,6,15,14,1,28,110,1,1,1,6,RN 123 (ROCADE),48.41582,1.50183
201500021249,12,6,15,16,1,28,70,1,1,1,1,SAINT PREST (RUE DE),48.46901,1.50788
201500021250,12,6,15,11,1,28,220,1,1,1,1,ROUTE NATIONALE 123,48.41615,1.46707
201500021251,14,6,15,6,1,28,85,2,1,1,1,CHAISES (RUE DES),48.4331,1.50343
201500021252,13,6,15,8,1,28,85,2,1,1,4,"8, INTERMARCHE (RUE DU G",48.4327,1.49258
201500021253,16,6,15,8,1,28,110,1,1,1,2,RN 123 (ROCADE),48.44058,1.52198
201500021254,16,6,15,15,1,28,85,2,1,1,6,"9, ANE REZ (RUE DE L')",48.44404,1.49348
201500021255,11,6,15,9,1,28,85,2,1,1,6,SAINT JACQUES (RUE),48.45002,1.4862
201500021256,17,6,15,11,1,28,218,2,9,1,6,"0, BECASSE (RUE)",48.44167,1.46794
201500021257,18,6,15,15,1,28,85,2,1,2,2,PEGUY (BOULEVARD CHARLES,48.45035,1.48466
201500021258,20,6,15,18,1,28,209,2,1,1,6,"70, LONGSAULT(RUE)",48.46758,1.49248
201500021259,21,6,15,11,1,28,85,2,1,1,7,FELIBIEN (RUE),48.4483,1.4824
201500021260,21,6,15,18,1,28,85,2,4,1,2,"32, FAUBOURG LA GRAPPE (",0.0,0.0
201500021261,26,6,15,14,1,28,85,2,1,1,6,"30, CHASLES (BOULEVARD)",48.44301,1.48562
201500021262,28,6,15,19,1,28,85,1,3,1,6,"20, VILLAINES (rue de)",48.43644,1.48357
201500021263,29,6,15,15,1,28,85,2,2,1,3,VERDUN (AVENUE DE),48.4567,1.47414
201500021264,3,7,15,19,1,28,218,2,1,1,7,TAYE (RUE DE LA),48.42805,1.44629
201500021265,5,7,15,16,1,28,229,2,1,1,1,"90, RESISTANCE (AVENUE D",48.45024,1.46857
201500021266,5,7,15,20,1,28,218,2,1,1,6,"5, MANTEAU JAUNE (RUE DU",48.44029,1.45639
201500021267,6,7,15,15,1,28,220,2,1,1,6,RIBOUCHES (RUE DES),48.4185,1.46197
201500021268,6,7,15,8,1,28,85,2,7,1,7,"0, SEMARD (PLACE PIERRE)",48.44788,1.48172
201500021269,14,7,15,20,1,28,229,1,1,1,2,"0, RN 1154",48.43918,1.4311
201500021270,16,7,15,9,1,28,85,2,2,1,3,"37, BRETIGNY (RUE DE)",48.44059,1.50696
201500021271,23,7,15,19,1,28,110,2,3,1,3,RN 123 (ROCADE),0.0,0.0
201500021272,30,8,15,12,1,28,229,2,6,1,1,CHATEAU D'EAU (RUE DU),48.45024,1.45211
201500021273,4,9,15,11,1,28,209,1,1,1,3,"139, PAIX (AVENUE DE LA",48.48063,1.47965
201500021274,3,9,15,8,1,28,70,2,2,1,3,CHARLES PEGUY (Rue),48.46084,1.49522
201500021275,21,9,15,8,1,28,70,2,3,1,1,SAINT PERE EN VALLEE (Ru,48.46499,1.50491
201500021276,9,9,15,12,1,28,218,2,1,1,1,ECOLES (RUE DES),48.44277,1.46374
201500021277,9,9,15,7,1,28,229,2,1,1,6,MACE (PLACE JEAN),48.44785,1.46404
201500021278,17,11,15,7,5,28,218,2,2,2,3,REPUBLIQUE (AVENUE DE LA,48.44063,1.47076
201500021279,6,11,15,14,1,28,85,2,4,2,7,VERDUN (AVENUE DE),48.45361,1.47322
201500021280,3,11,15,16,1,28,85,2,1,1,6,"75, GRAND FAUBOURG (RUE",48.44259,1.47869
201500021281,27,12,15,14,1,28,85,2,1,1,6,"67, FAUBOURG LA GRAPPE (",48.44147,1.50067
201500021282,21,2,15,17,1,42,3,1,1,3,5,,46.124,3.891
201500021283,5,3,15,7,1,42,194,1,1,1,7,,46.25002,3.84189
201500021284,5,4,15,8,1,42,231,1,1,1,1,,46.10175,3.97643
201500021285,16,4,15,10,1,42,49,2,1,1,6,60 rue Philippe PICARD,46.14219,3.89104
201500021286,18,4,15,15,1,42,231,1,1,1,1,,46.11038,3.97773
201500021287,30,6,15,12,1,42,257,1,1,1,1,,46.20197,3.8291
201500021288,30,6,15,8,1,42,176,2,6,1,3,rue du forez,46.03865,3.98139
201500021289,2,7,15,18,1,42,231,1,1,1,1,,46.10217,3.95539
201500021290,21,8,15,12,1,42,284,1,3,1,1,,46.06956,3.97774
201500021291,6,9,15,13,1,42,220,1,1,1,1,,46.12876,3.91708
201500021292,9,9,15,8,1,42,199,1,1,1,2,,46.03538,3.93504
201500021293,25,10,15,13,1,42,233,2,1,1,6,263 RTE CROIX DU SUD,46.07457,3.90489
201500021294,1,11,15,10,1,42,157,2,1,1,6,route de St Germain,46.13628,4.01268
201500021295,30,12,15,22,3,28,404,1,1,2,6,RN 154,0.0,0.0
201500021296,23,1,15,23,5,28,404,2,6,1,6,EUROPE (BD DE L'),48.71906,1.36871
201500021297,10,2,15,19,1,28,134,2,1,1,7,DELESCLUZE (BOULEVARD),48.72806,1.37194
201500021298,12,2,15,8,1,28,134,2,1,5,2,DUNANT (RUE HENRI),48.7373,1.38798
201500021299,20,2,15,16,1,28,1,1,1,1,6,RN 154,48.69415,1.37821
201500021300,21,2,15,14,1,28,134,1,2,1,5,RN 12 (CARREFOUR DELISLE,48.74602,1.36541
201500021301,23,2,15,22,5,28,134,1,2,1,2,RN 12 (CARREFOUR DELISLE,48.74608,1.36537
201500021302,2,3,15,17,1,28,134,2,1,1,6,LECLERC (AVENUE DU GENER,48.74063,1.38338
201500021303,28,3,15,6,3,28,404,1,1,2,1,RN 154,48.70056,1.37459
201500021304,5,4,15,18,1,28,134,2,2,1,6,DEGAS (RUE EDGAR),0.0,0.0
201500021305,14,4,15,14,1,28,404,2,6,1,2,RN 154,0.0,0.0
201500021306,11,5,15,17,1,28,134,2,1,1,2,"170, SAINT THIBAULT (RUE",48.73348,1.34968
201500021307,5,6,15,19,1,28,134,2,1,8,1,"16, BOIS SABOT (RUE DU)",48.73726,1.36148
201500021308,11,6,15,16,1,28,404,2,1,1,2,ROCADE OUEST,0.0,0.0
201500021309,21,6,15,17,1,28,404,2,1,1,3,VOLHARD (CHEMIN DE),48.71691,1.35542
201500021310,25,6,15,15,1,28,134,2,2,1,6,"86, LIEVRE D'OR (RUE DU)",48.73659,1.38869
201500021311,1,7,15,17,1,28,134,2,1,1,7,GUE AUX ANES (RUE DU),48.74534,1.38741
201500021312,24,7,15,17,1,28,404,1,1,2,1,RN 154,0.0,1.37791
201500021313,28,7,15,13,1,28,134,2,1,1,3,PASTEUR (BOULEVARD),48.7344,1.37624
201500021314,31,7,15,7,1,28,134,2,1,1,7,"11, LIVRAINDIERES (RUE D",48.74843,1.35916
201500021315,8,8,15,21,1,28,134,2,1,1,6,BARRIER (RUE DU GENERAL,48.73967,1.33931
201500021316,18,9,15,19,1,28,404,1,1,2,5,RN 154,48.7096,1.36957
201500021317,24,9,15,17,1,28,134,2,1,1,3,FENOTS (AVENUE DES),0.0,0.0
201500021318,26,9,15,18,1,28,404,2,1,9,6,CRECY (ROUTE DE),48.732,1.34032
201500021319,16,10,15,7,5,28,404,2,2,2,3,", CRECY (ROUTE DE)",48.72725,1.33264
201500021320,18,10,15,22,3,28,404,1,1,1,1,RN 154,48.72585,1.38759
201500021321,13,11,15,18,1,28,134,2,1,1,3,POTEZ (RUE HENRY),48.75027,1.35557
201500021322,11,12,15,8,1,28,134,2,1,1,6,"2, BRETAGNE (RUE DE)",48.73815,1.34109
201500021323,28,12,15,7,5,28,134,2,4,1,3,MARCEAU (AVENUE DU GENER,48.729,1.36672
201500021324,21,1,15,1,3,71,384,1,1,1,6,,0.0,0.0
201500021325,17,1,15,18,2,71,73,1,1,8,2,,0.0,0.0
201500021326,31,1,15,8,1,71,52,1,1,8,6,,0.0,0.0
201500021327,24,2,15,3,3,71,118,1,1,1,2,,0.0,0.0
201500021328,10,4,15,19,2,71,170,1,1,1,6,,0.0,0.0
201500021329,18,4,15,12,1,71,170,1,1,1,7,,0.0,0.0
201500021330,30,9,15,20,3,71,81,1,1,1,5,,0.0,0.0
201500021331,4,10,15,17,1,71,265,1,1,1,6,,0.0,0.0
201500021332,9,11,15,6,3,71,475,1,1,1,4,,0.0,0.0
201500021333,18,2,15,14,1,74,26,1,1,1,6,,0.0,0.0
201500021334,2,6,15,8,1,74,213,2,1,1,5,"205, ROUTE DE CHARMEUSE",45.92,6.074
201500021335,20,6,15,19,1,74,217,1,1,1,6,RTE  LA ROCHE SUR FORON,0.0,0.0
201500021336,5,11,15,7,1,74,217,1,1,1,1,"1755, ROUTE DE GENEVE",0.0,0.0
201500021337,7,11,15,12,1,74,272,1,1,1,1,3030 ROUTE DE BELLEGARDE,0.0,0.0
201500021338,20,6,15,19,1,14,27,1,1,1,1,,0.0,0.0
201500021339,11,7,15,7,1,14,317,1,1,1,6,,48.9036,-0.87587
201500021340,26,7,15,5,2,14,139,1,1,2,6,,0.0,0.0
201500021341,29,8,15,19,1,14,317,1,1,1,3,,48.8918,-0.82663
201500021342,1,11,15,8,1,14,412,1,1,8,6,,0.0,0.0
201500021343,8,1,15,18,3,22,164,1,1,1,7,,48.58545,-3.24874
201500021344,19,2,15,15,1,22,182,1,1,2,7,,48.53036,-2.91643
201500021345,21,2,15,7,2,22,135,1,1,4,5,,48.56509,-3.32665
201500021346,23,3,15,8,1,22,206,1,1,7,5,,48.53097,-2.99932
201500021347,5,4,15,5,3,22,34,1,1,1,6,,48.66757,-3.34877
201500021348,11,4,15,12,1,22,4,1,1,1,7,,48.64816,-3.32872
201500021349,11,4,15,12,1,22,206,1,1,2,2,,48.5296,-2.97334
201500021350,25,4,15,13,1,22,116,1,1,8,2,,48.53543,-3.04001
201500021351,25,4,15,10,1,22,182,1,1,8,7,,48.53148,-2.93209
201500021352,26,4,15,7,1,22,4,1,1,3,6,,48.64823,-3.32894
201500021353,19,5,15,20,2,22,164,1,1,1,6,,48.59606,-3.26009
201500021354,24,5,15,11,1,22,206,1,1,1,2,,48.53074,-2.95585
201500021355,11,6,15,16,1,22,225,1,1,1,7,,48.54678,-3.09677
201500021356,21,6,15,15,1,22,182,1,1,1,5,,48.5314,-2.92691
201500021357,8,8,15,19,1,22,164,1,1,7,7,,48.58086,-3.23297
201500021358,10,8,15,7,1,22,182,1,1,1,2,,48.53138,-2.94259
201500021359,28,8,15,15,1,22,225,1,1,1,5,,48.54534,-3.09064
201500021360,4,9,15,19,1,22,206,1,1,1,4,,48.53021,-2.96503
201500021361,5,9,15,19,1,22,251,1,1,1,3,,48.54369,-2.83129
201500021362,10,9,15,22,3,22,228,1,9,1,6,,48.54994,-3.40219
201500021363,11,10,15,16,1,22,225,1,9,1,6,,48.54617,-3.09446
201500021364,18,10,15,9,1,22,225,1,1,5,6,,48.551,-3.11347
201500021365,22,11,15,21,3,22,206,1,1,8,2,,48.53372,-3.01138
201500021366,30,1,15,16,1,22,190,1,1,4,6,,48.52107,-2.03811
201500021367,8,2,15,20,3,22,44,1,1,1,6,Beau soleil,48.47687,-2.60098
201500021368,11,3,15,7,2,22,20,1,1,1,6,,48.29453,-2.22171
201500021369,17,3,15,13,1,22,193,1,1,1,5,,48.40701,-2.41889
201500021370,14,4,15,23,3,22,339,1,9,1,6,,48.47933,-2.04437
201500021371,24,4,15,18,1,22,160,1,1,2,4,,48.44344,-2.47879
201500021372,27,4,15,20,1,22,389,1,1,1,3,,48.48171,-2.68412
201500021373,28,4,15,7,2,22,84,1,1,1,7,,48.41713,-2.29112
201500021374,16,6,15,8,1,22,389,1,1,1,4,,48.47997,-2.67278
201500021375,2,7,15,5,2,22,389,1,1,2,7,,48.48029,-2.65363
201500021376,5,7,15,2,3,22,389,1,1,1,6,,48.48063,-2.65039
201500021377,19,7,15,17,1,22,185,1,1,8,6,,48.37116,-2.34494
201500021378,21,7,15,9,1,22,160,1,1,1,4,,48.44585,-2.48059
201500021379,1,8,15,12,1,22,389,1,1,1,4,,48.48205,-2.68601
201500021380,23,8,15,6,3,22,193,1,1,3,3,,48.41174,-2.42694
201500021381,24,8,15,8,1,22,44,1,1,3,6,,48.47713,-2.59598
201500021382,29,8,15,15,1,22,246,1,1,1,3,,48.4769,-2.60284
201500021383,11,9,15,9,1,22,185,1,1,1,6,Ld La Planche,48.37052,-2.38392
201500021384,29,9,15,7,1,22,389,1,1,1,4,,48.4815,-2.68193
201500021385,5,10,15,16,1,22,93,1,4,1,2,la corne aux cerfs,48.4569,-2.51176
201500021386,16,10,15,12,1,22,81,1,1,1,6,,48.48124,-2.63955
201500021387,31,10,15,4,3,22,389,1,9,1,3,,48.48006,-2.67446
201500021388,20,11,15,8,1,22,388,1,1,3,5,,48.43864,-2.13861
201500021389,26,11,15,16,1,22,369,1,1,1,6,,48.34042,-2.28427
201500021390,21,12,15,8,2,22,190,1,1,1,6,,48.51257,-2.039
201500021391,7,1,15,20,3,29,204,1,1,1,6,Lieu dit procheMilin-Hus,48.50201,-4.16991
201500021392,31,1,15,10,1,29,199,1,1,4,2,proche Coat Raden,48.58381,-3.76669
201500021393,21,2,15,10,1,29,95,1,1,4,6,Pen Ar Forest,48.4607,-4.35716
201500021394,24,2,15,10,1,29,183,1,1,4,6,RN12,48.57243,-3.60889