Num_Acc,jour,mois,an,hr,condition_eclairage,departement,commune,condition_agglomeration,intersection,condition_atmosphere,type_collision,adresse,lattitude,longitude
201500021395,2,4,15,23,3,29,199,1,1,1,6,Proche Kervanon,48.57548,-3.72347
201500021396,1,5,15,7,1,29,105,1,1,1,6,RN 12 OA Rue le Goffic,48.51767,-4.0809
201500021397,23,5,15,23,3,29,105,1,1,2,7,,48.51863,-4.05005
201500021398,19,6,15,5,3,29,266,1,1,1,6,,48.52125,-3.94684
201500021399,24,6,15,11,1,29,68,1,1,1,7,RN12,48.51913,-4.02598
201500021400,16,7,15,11,1,29,68,1,1,1,2,,48.5272,-3.97938
201500021401,21,7,15,10,1,29,179,1,1,1,2,RN 12,48.48275,-4.29605
201500021402,7,8,15,16,1,29,61,1,1,1,6,RN12,48.43327,-4.44404
201500021403,18,8,15,18,1,29,75,1,1,1,2,RN12,48.4414,-4.40984
201500021404,31,8,15,8,1,29,268,1,1,2,6,Penn Ar Prat,48.47271,-4.32451
201500021405,13,9,15,13,1,29,75,1,1,2,7,PK 65 +400,48.4489,-4.39006
201500021406,2,11,15,10,1,29,199,1,1,1,2,,48.57636,-3.65217
201500021407,17,11,15,12,1,29,266,1,1,2,7,Ty Poullin,48.52657,-3.95357
201500021408,31,1,15,1,5,29,189,1,1,2,6,,48.38426,-4.38622
201500021409,5,6,15,19,1,29,302,1,1,1,1,,48.25439,-4.08964
201500021410,26,7,15,11,1,29,53,1,9,3,3,,48.29518,-4.16843
201500021411,22,8,15,9,1,29,20,1,1,1,7,RN165 PR68+800 vers Bres,48.14903,-4.03493
201500021412,28,12,15,14,1,29,140,1,1,1,7,RN165,48.38409,-4.31456
201500021413,31,1,15,7,3,35,90,1,1,8,1,,47.93155,-1.67273
201500021414,2,5,15,23,3,35,231,1,1,2,2,,47.88315,-1.68955
201500021415,6,5,15,14,1,35,139,1,1,1,5,,47.97619,-1.69469
201500021416,3,7,15,21,2,35,363,1,1,1,6,,48.02012,-1.69086
201500021417,10,7,15,16,1,35,66,1,1,1,3,,48.03537,-1.6877
201500021418,26,9,15,17,1,35,98,1,1,1,7,,47.74225,-1.66714
201500021419,24,10,15,14,1,35,221,1,1,1,6,,47.86665,-1.69089
201500021420,1,2,15,22,3,35,191,1,1,3,2,,48.46121,-1.32855
201500021421,19,5,15,17,1,10,109,1,1,1,1,,46.12545,5.90778
201500021422,22,5,15,17,1,10,209,1,1,1,7,,0.0,0.0
201500021423,4,6,15,7,1,10,419,1,1,1,2,,0.0,0.0
201500021424,21,6,15,19,1,10,135,1,1,1,7,,0.0,0.0
201500021425,1,11,15,22,3,10,209,1,1,1,6,,0.0,0.0
201500021426,8,11,15,12,1,10,158,1,1,1,6,,46.17431,5.89792
201500021427,1,3,15,6,3,54,138,2,1,2,6,RD 172 A,49.52455,5.72131
201500021428,29,3,15,22,3,54,428,1,1,2,6,,49.451,5.733
201500021429,19,4,15,13,1,54,236,1,1,1,6,,49.45173,5.51814
201500021430,25,10,15,10,1,54,314,1,1,5,6,,49.502,5.72
201500021431,18,1,15,10,1,54,537,1,1,1,7,,49.4607,5.71724
201500021432,23,1,15,11,2,54,67,1,1,1,3,,49.42958,5.68623
201500021433,13,2,15,8,1,54,138,1,3,5,3,,49.528,5.723
201500021434,19,2,15,0,5,54,322,2,1,1,6,1 rue de la platinerie,49.43907,5.607
201500021435,24,4,15,18,1,54,314,2,1,1,7,ZI LES MARAGOLLES,49.514,5.73
201500021436,26,4,15,19,1,54,67,1,1,3,7,,49.43783,5.64273
201500021437,6,5,15,18,1,54,322,1,1,1,7,,49.45058,5.58405
201500021438,14,5,15,13,1,54,322,1,1,1,1,,49.46069,5.61079
201500021439,10,7,15,7,1,54,537,1,1,1,3,,49.45067,5.70376
201500021440,15,7,15,16,1,54,290,1,1,1,1,,49.42937,5.78285
201500021441,22,7,15,20,2,54,134,2,1,1,6,rue du moulin,0.0,0.0
201500021442,6,8,15,17,1,54,322,2,1,1,1,D618,49.436,5.611
201500021443,11,8,15,18,1,54,151,2,1,1,7,RUE DE LONGWY,49.4881,5.7473
201500021444,11,1,15,15,1,67,437,1,1,1,1,,0.0,0.0
201500021445,16,9,15,9,1,67,208,1,1,2,6,,0.0,0.0
201500021446,31,12,15,13,1,67,179,1,1,1,1,,0.0,0.0
201500021447,8,2,15,20,5,83,48,1,1,1,6,,43.205,6.558
201500021448,3,6,15,19,1,83,48,2,1,1,3,1945 bd de St Raphael,0.0,0.0
201500021449,7,7,15,8,1,83,36,1,1,1,6,,43.18899,6.54964
201500021450,19,8,15,0,3,83,48,2,1,1,6,Route des crêtes,43.205,6.554
201500021451,26,10,15,15,1,83,36,1,1,1,1,,0.0,0.0
201500021452,31,10,15,15,1,83,36,2,1,1,6,"RD559, promenade mer",43.03,6.089
201500021453,20,12,15,17,5,83,48,1,1,5,6,,43.21135,6.57411
201500021454,15,11,15,12,1,67,363,1,9,1,5,,0.0,0.0
201500021455,20,2,15,10,1,40,73,1,1,1,6,,0.0,0.0
201500021456,6,9,15,14,1,40,19,2,2,1,1,CD 900- 902 pont du plan,0.0,0.0
201500021457,7,9,15,11,1,40,62,2,1,1,3,,0.0,0.0
201500021458,22,1,15,19,3,35,219,1,1,1,6,,0.0,0.0
201500021459,27,1,15,17,2,35,328,1,1,8,7,,47.78822,-2.03435
201500021460,7,3,15,6,3,35,129,1,1,1,6,,47.82472,-1.86244
201500021461,10,4,15,20,2,35,219,1,1,1,3,,0.0,0.0
201500021462,1,5,15,8,1,35,129,1,6,2,3,,47.86499,-1.87854
201500021463,3,8,15,23,3,35,328,1,1,1,6,,47.7894,-2.06484
201500021464,11,10,15,10,1,35,285,1,1,1,6,,47.76895,-1.96627
201500021465,10,11,15,9,1,35,219,2,1,7,1,rue du docteur LAENEC,47.80649,-1.9428
201500021466,16,12,15,19,3,35,219,1,1,2,3,,47.82174,-1.94488
201500021467,29,4,15,12,1,86,100,1,1,1,6,,0.0,0.0
201500021468,29,6,15,11,1,86,83,1,1,1,2,,0.0,0.0
201500021469,20,8,15,3,3,86,56,1,1,1,5,,0.0,0.0
201500021470,27,11,15,13,1,86,50,1,1,1,1,,0.0,0.0
201500021471,20,4,15,8,1,21,128,1,1,1,7,,47.28931,4.50701
201500021472,20,6,15,13,1,21,380,1,1,1,2,,0.0,0.0
201500021473,24,6,15,17,1,21,634,1,1,1,1,,47.14549,4.70112
201500021474,9,7,15,18,1,21,177,1,1,1,6,,47.37132,4.39887
201500021475,15,7,15,1,3,21,634,1,1,1,6,,47.159,4.69746
201500021476,23,8,15,9,1,21,87,1,1,2,2,,47.1145,4.70976
201500021477,26,10,15,8,1,21,501,1,1,5,2,,0.0,0.0
201500021478,19,12,15,15,1,21,214,1,1,1,6,,47.17429,4.68937
201500021479,20,12,15,12,1,21,529,1,1,1,2,,47.40702,4.34495
201500021480,24,12,15,4,3,21,214,1,1,8,5,,47.18704,4.67446
201500021481,26,7,15,12,1,86,140,2,1,1,1,rue du Quai,46.40249,0.72566
201500021482,21,3,15,12,1,10,103,1,1,2,1,,46.28493,6.0389
201500021483,28,3,15,4,5,10,173,2,1,1,6,avenue de la GARE,0.0,0.0
201500021484,16,4,15,3,3,10,436,1,1,1,7,,0.0,0.0
201500021485,15,8,15,4,3,10,399,1,1,1,7,,0.0,0.0
201500021486,14,5,15,9,1,12,201,2,1,1,1,SAINT JULIEN DE RODELLE,44.5001,2.66217
201500021487,4,6,15,20,2,12,96,2,1,1,3,AVENUE PIERRE MONTEIL,0.0,0.0
201500021488,5,9,15,15,1,12,157,1,1,1,1,,44.3921,2.68852
201500021489,24,1,15,19,3,12,43,1,1,4,1,RN 88 - LES MOLINIERES,44.2895,2.51074
201500021490,28,2,15,11,1,64,254,1,1,1,1,,43.508,-0.588
201500021491,7,11,15,9,1,64,410,2,1,7,6,AVENUE CHARLES MOUREU,43.37248,-0.62594
201500021492,10,11,15,10,1,64,410,2,6,1,6,RP DES DROITS DE L'HOMME,43.36778,-0.62717
201500021493,27,11,15,23,5,64,410,2,1,2,6,AVENUE HENRI IV,43.37249,-0.62948
201500021494,7,12,15,8,1,64,521,1,1,1,1,,43.40573,-0.5377
201500021495,11,12,15,19,5,64,410,2,1,1,6,AVENUE HENRI IV,43.37254,-0.62909
201500021496,27,2,15,9,1,68,300,2,1,2,6,56 Grand rue,47.78866,7.36981
201500021497,12,11,15,19,3,68,20,1,1,8,6,,47.81057,7.49714
201500021498,13,6,15,16,1,10,157,1,1,7,3,,0.0,0.0
201500021499,5,7,15,11,1,10,166,1,1,1,1,,0.0,0.0
201500021500,2,1,15,9,2,29,19,2,1,1,6,CLEMENCEAU GEORGES (D,48.39629,-4.40367
201500021501,21,2,15,10,1,29,19,2,2,1,3,"., FOUCAULD CHARLES DE",48.39716,-4.4614
201500021502,18,12,15,18,5,29,19,2,1,1,2,"17, DUVAL MARCELLIN (DE",48.41201,-4.48648
201500021503,2,1,15,19,5,29,19,2,3,1,3,Av CLEMENCEAU GEORGES,48.39063,-4.48704
201500021504,27,2,15,19,5,29,19,2,1,2,6,BEREST EUGENE,48.3933,-4.43472
201500021505,29,12,15,11,1,29,19,2,1,1,6,VERDUN (DE 53 A 199 ET 7,48.3987,-4.45655
201500021506,5,1,15,17,2,29,19,2,3,1,3,CUIRASSE BOUVET,48.38376,-4.52384
201500021507,18,2,15,8,1,29,19,2,1,1,3,FOUGERES (RUE ET RD POIN,48.40651,-4.52041
201500021508,28,12,15,18,5,29,19,2,1,3,1,"., EUROPE (DE 13 A 15)",48.41574,-4.47363
201500021509,12,1,15,10,1,29,19,2,1,2,2,LE GORGEU (N?ENTRE TAREN,48.40769,-4.51169
201500021510,23,2,15,14,1,29,19,2,3,1,3,"., EINSTEIN ALBERT",48.40922,-4.4629
201500021511,11,12,15,18,5,29,19,2,1,1,2,"., EUROPE (DE 13 A 15)",48.41293,-4.50174
201500021512,6,1,15,16,1,29,19,2,3,1,3,"., MONTAIGNE (DE 1 A 37",48.40354,-4.48041
201500021513,24,2,15,16,1,29,19,2,1,1,6,LAMOTTE PICQUET (N° 20 E,48.39531,-4.49226
201500021514,6,1,15,20,1,29,19,2,1,1,1,"., SAINT MARC (DE 64 A 1",48.39767,-4.46688
201500021515,25,2,15,12,1,29,19,2,1,2,6,"., ROUSSE EMILE",48.38182,-4.52729
201500021516,27,2,15,18,2,29,19,2,6,1,3,ROOSEVELT FRANKLIN,48.38292,-4.48798
201500021517,7,1,15,17,1,29,19,2,3,1,3,VENDEE (DE 7 A 31 ET,48.40434,-4.51251
201500021518,8,1,15,19,5,29,19,2,2,1,3,KEROURIEN (DE 35 A 41 ET,48.38294,-4.53828
201500021519,5,3,15,18,1,29,19,2,2,1,6,FRANCE ANATOLE 1,48.38105,-4.5307
201500021520,8,1,15,14,1,29,19,2,1,1,3,GOUESNOU (DE 43 A 219 ET,48.42741,-4.46714
201500021521,7,3,15,9,1,29,19,2,1,1,1,ROND POINT DE KERESSEIS,48.39411,-4.53897
201500021522,12,1,15,9,1,29,19,2,6,2,2,RUE GUSTAVE ZEDE,48.41833,-4.46323
201500021523,9,3,15,8,1,29,19,2,1,1,3,PREMIERE DFL,48.37643,-4.55319
201500021524,20,1,15,17,1,29,19,2,1,8,3,"., MAISSIN",48.38833,-4.50345
201500021525,2,12,15,16,1,29,19,2,2,1,1,DONNART MATHIEU (DE 1 A,48.39965,-4.48608
201500021526,13,3,15,7,1,29,19,2,6,1,3,LE GORGEU (N°29 (TOTAL)+,48.39988,-4.4968
201500021527,20,1,15,17,1,29,19,2,9,9,2,Tanguy Prigent,48.39306,-4.53941
201500021528,16,3,15,13,1,29,19,2,1,1,6,rueMOUCHOTTE ( 23 a 36 ),48.38674,-4.50716
201500021529,20,1,15,19,5,29,19,2,1,2,3,LE GORGEU (N?29 (TOTAL)+,48.40064,-4.49949
201500021530,9,3,15,21,4,29,19,2,1,1,6,PARIS ( 33 ET 42 A FIN),48.4051,-4.46348
201500021531,28,1,15,22,5,29,19,2,3,1,3,", LAMOTTE PICQUET (N 2)",48.39533,-4.49209
201500021532,10,3,15,8,1,29,19,2,3,1,3,TREPOS PIERRE,48.40327,-4.50679
201500021533,23,1,15,9,1,29,19,2,1,2,3,CASSARD JACQUES,48.40461,-4.48067
201500021534,22,3,15,17,1,29,19,2,1,1,3,rue d'Anjou,48.40489,-4.51255
201500021535,25,1,15,5,5,29,19,2,1,1,6,"98, GLASGOW (DE 1 A 9 ET",48.39324,-4.48447
201500021536,26,3,15,15,1,29,19,2,1,1,6,MIRABEAU,48.40777,-4.48847
201500021537,28,1,15,12,1,29,19,2,9,2,6,"30, LE GORGEU",48.40202,-4.50271
201500021538,25,3,15,6,5,29,19,2,2,1,3,rue VILLENEUVE,48.41022,-4.46216
201500021539,29,1,15,9,1,29,19,2,3,2,6,ARGENTRE BERTRAND D' (RU,48.4094,-4.4847
201500021540,29,3,15,23,5,29,19,2,1,2,6,LE GORGEU (ENTRE TAREN,48.407,-4.51262
201500021541,29,1,15,10,1,29,19,2,1,2,6,"22, BRANDA (DE 1A 35 ET",48.39048,-4.48268
201500021542,31,3,15,0,5,29,19,2,1,1,6,FRANCE ANATOLE (DE 24,48.38261,-4.51259
201500021543,2,2,15,0,5,29,19,2,1,1,6,Rue Léon Blum,48.40559,-4.48466
201500021544,29,3,15,19,1,29,19,2,3,1,3,DUPERRE (DE 1 A 31 ET,48.39835,-4.48106
201500021545,6,2,15,13,1,29,19,2,1,1,2,LE GORGEU (N29 (TOTAL,48.40486,-4.5062
201500021546,7,4,15,9,1,29,19,2,1,7,6,TARENTE,48.40439,-4.50925
201500021547,6,2,15,17,1,29,19,2,1,6,6,LE GORGEU,48.40774,-4.51213
201500021548,5,4,15,15,1,29,19,2,1,1,6,BEREST EUGENE,48.39473,-4.43428
201500021549,7,2,15,20,5,29,19,2,1,1,3,COLLET YVES,48.39074,-4.48182
201500021550,8,4,15,16,1,29,19,2,1,1,3,"., PLANTE GASTON",48.42738,-4.46569
201500021551,12,2,15,18,2,29,19,2,1,2,7,COLLET YVES (DE 1 A 2,48.38942,-4.48326
201500021552,13,4,15,12,1,29,19,2,2,1,3,EUROPE (DE 58 A 166 E,48.41331,-4.48668
201500021553,14,4,15,13,1,29,19,2,2,1,3,JAURES JEAN (DE 44 A 108,48.39461,-4.47928
201500021554,29,4,15,10,1,29,19,2,1,1,6,GALLIENI GENERAL (DE 1 A,48.38898,-4.50951
201500021555,24,4,15,20,1,29,19,2,2,1,5,DOUMIER PAUL,48.39887,-4.48761
201500021556,1,5,15,0,5,29,19,2,5,2,1,"., PETIT THOUARS",48.37953,-4.52023
201500021557,5,5,15,18,1,29,19,2,1,1,4,"1025, KERVAO",48.42285,-4.51134
201500021558,9,4,15,16,1,29,19,2,1,1,4,Avenue FOCH Marechal,48.39599,-4.48872
201500021559,18,5,15,16,1,29,19,2,3,1,6,QUATRE POMPES (DE 1 A 65,48.37755,-4.53546
201500021560,14,5,15,2,5,29,19,2,1,2,6,"., CLEMENCEAU GEORGES (D",48.38923,-4.48439
201500021561,11,5,15,11,1,29,19,2,1,1,3,DESFOSSES ROMAIN (AMIRAL,48.42559,-4.48009
201500021562,20,5,15,17,1,29,19,2,1,1,6,FRANCE ANATOLE (DE 55 A,48.38235,-4.52277
201500021563,19,5,15,7,1,29,19,2,1,1,2,"., KERABECAM",48.39206,-4.48704
201500021564,13,5,15,12,1,29,19,2,9,1,3,"., PRIGENT TANGUY (DE ME",48.39752,-4.53124
201500021565,16,5,15,22,5,29,19,2,2,1,3,DOUMIER PAUL,48.39887,-4.48761
201500021566,21,5,15,16,1,29,19,2,6,1,1,LEON DU,48.40359,-4.49762
201500021567,24,5,15,10,1,29,19,2,1,1,1,"., QUIMPER (DE 1 A 103 E",48.40019,-4.4449
201500021568,20,5,15,20,1,29,19,2,1,1,2,"., LAMOTTE PICQUET (N° 2",48.3943,-4.49325
201500021569,1,6,15,18,1,29,19,2,1,1,3,"985, ROCH GLAS (ROUTE ET",48.4327,-4.48955
201500021570,28,5,15,8,1,29,19,2,2,1,3,EUROPE (DE 201 A 215),48.41321,-4.48656
201500021571,27,5,15,18,1,29,19,2,2,1,3,KERLEGUER (N° 60 ET 65°,48.42132,-4.50331
201500021572,9,6,15,1,5,29,19,2,2,1,3,"., DOUMIER PAUL",48.3997,-4.48599
201500021573,16,6,15,7,1,29,19,2,6,1,3,COMMANDANT DROGOU ( DE 1,48.40454,4.50094
201500021574,18,6,15,10,1,29,19,2,1,1,6,BOHARS,48.41552,-4.49251
201500021575,19,6,15,7,1,29,19,2,1,1,3,4 FAURE GABRIEL,48.40947,4.49849
201500021576,4,6,15,8,1,29,19,1,1,1,3,Rte de Ste Anne du Portz,48.3614,-4.53687
201500021577,23,6,15,7,1,29,19,2,3,1,6,"., ROND POINT HMCS ATHAB",48.37457,4.5578
201500021578,23,6,15,13,1,29,19,1,1,1,2,TARENTE,48.40488,-4.50983
201500021579,29,6,15,8,1,29,19,2,1,1,3,TARENTE,48.40469,-4.5096
201500021580,29,6,15,10,1,29,19,2,1,1,6,"280, HEMINGWAY ERNEST",48.38537,-4.47955
201500021581,30,6,15,7,1,29,19,2,1,1,2,LE GORGEU (SANS N° ENTRE,48.40165,-4.50271
201500021582,7,7,15,15,1,29,19,2,7,1,1,SAINT MARC ROUTE DU VIEU,48.39026,-4.45836
201500021583,11,7,15,19,1,29,19,2,1,1,6,PLYMOUTH (DE 89 A 135 ET,48.38547,-4.53551
201500021584,16,7,15,22,1,29,19,2,2,1,3,"., MONTAIGNE (DE 98 ET 1",48.4035,-4.4804
201500021585,11,7,15,10,1,29,19,2,2,1,3,THOMAS ALBERT,48.40268,-4.4944
201500021586,20,7,15,16,1,29,19,2,1,2,6,PREMIERE DFL (AVENUE),48.37501,-4.55687
201500021587,7,7,15,17,1,29,19,2,3,1,2,rue du CONQUET,48.37971,-4.54131
201500021588,23,7,15,14,1,29,19,2,1,1,2,"41, KERMENGUY",48.40391,-4.50252
201500021589,26,7,15,12,1,29,19,2,1,2,6,"2, CAILLE RENE",48.4016,-4.51173
201500021590,24,7,15,10,1,29,19,2,1,2,3,VALMY,48.39803,-4.46508
201500021591,3,8,15,9,1,29,19,2,1,2,1,"., LE GORGEU (N°ENTRE TA",48.40468,-4.5061
201500021592,6,8,15,15,1,29,19,2,1,1,1,"., EUROPE (DE 13 A 15)",48.41319,-4.4875
201500021593,3,8,15,14,1,29,19,2,1,1,1,EUROPE (DE 201 A 215),48.41319,-4.4875
201500021594,13,8,15,7,2,29,19,2,1,3,6,DESFOSSES ROMAIN (AMIRAL,48.42656,-4.47686
201500021595,20,8,15,10,1,29,19,2,3,2,6,DUCOUEDIC,48.38519,-4.4915
201500021596,11,8,15,19,1,29,19,2,1,1,6,EUROPE (DE 161 A 199),48.39039,-4.48607
201500021597,4,8,15,17,1,29,19,2,1,1,4,ROOSEVELT FRANKLIN (AVEN,48.38176,-4.49174
201500021598,26,8,15,9,1,29,19,2,3,1,3,", LANGEVIN PROFESSEUR",48.40093,-4.49955
201500021599,24,8,15,18,1,29,19,2,1,1,6,DESMOULINS CAMILLE,48.39671,-4.48568
201500021600,31,7,15,17,1,29,19,2,9,1,6,"., VALY HIR (DE 1 A 19 E",48.3858,-4.51965
201500021601,25,7,15,14,1,29,19,2,2,1,3,"4, FAURE GABRIEL",48.40947,-4.49874
201500021602,4,8,15,12,1,29,19,2,1,1,6,"81, PORTE (DE 77 A 85 ET",48.38397,-4.50428
201500021603,29,8,15,18,1,29,19,2,2,1,3,SAINT JEAN,48.4045,-4.4666
201500021604,27,8,15,16,1,29,19,2,1,1,4,"., HARTELOIRE (PONT)",48.39212,-4.50326
201500021605,2,9,15,22,4,29,19,2,1,1,6,LOUPPE ALBERT (DE 1 A,48.40277,-4.46795
201500021606,21,8,15,15,1,29,19,2,3,1,3,"., GALLIENI GENERAL (DE",48.38865,-4.51052
201500021607,23,8,15,10,1,29,19,2,1,1,6,"., KERLEGUER (N° 60 ET 6",48.42144,-4.50306
201500021608,29,8,15,21,5,29,19,2,1,1,6,DUVAL MARCELLIN (DE 1 A,48.41175,-4.48643
201500021609,8,9,15,15,1,29,19,2,1,1,2,"., HARTELOIRE (RUE)",48.39354,-4.49237
201500021610,28,8,15,11,1,29,19,2,1,1,6,"., TANGUY DU CHATEL",48.3796,-4.53373
201500021611,10,9,15,16,1,29,19,2,3,1,1,"., MONTAIGNE (DE 39 A 11",48.40328,-4.48087
201500021612,2,9,15,11,1,29,19,2,1,1,6,"12, BERNARD EMILE",48.42944,-4.50425
201500021613,17,9,15,9,1,29,19,2,1,1,6,EGLISE (RUE,48.38215,-4.50109
201500021614,15,9,15,17,1,29,19,2,1,2,2,KERVERN AUGUSTE,48.40096,-4.48897
201500021615,11,9,15,7,1,29,19,2,6,1,3,"., LOUPPE ALBERT (DE 1 A",48.40346,-4.47111
201500021616,15,9,15,8,1,29,19,2,1,1,6,VERDUN (DE 1 A 51 ET 2 A,48.39808,-4.46497
201500021617,18,9,15,14,1,29,19,2,1,1,1,"., LE GORGEU (N°ENTRE TA",48.40488,-4.50627
201500021618,24,9,15,15,1,29,19,2,1,1,6,MIRABEAU,48.40759,-4.48877
201500021619,23,9,15,17,1,29,19,2,2,1,3,"., LOUPPE ALBERT (DE 71",48.40389,-4.47489
201500021620,30,9,15,1,5,29,19,2,1,1,7,TOURVILLE,48.39396,-4.49441
201500021621,22,9,15,13,1,29,19,2,2,1,3,"., GOUESNOU (DE 221 ET 2",48.42488,4.46707
201500021622,24,9,15,12,1,29,19,2,1,1,2,"., LESVEN JULES (DE 26 A",48.40884,-4.48018
201500021623,29,9,15,10,1,29,19,2,1,1,6,ROBESPIERRE (96 ET 109 A,48.40743,-4.48984
201500021624,30,9,15,7,2,29,19,2,2,1,1,"., NORMANDIE",48.40285,-4.51122
201500021625,3,10,15,17,1,29,19,2,2,1,3,"., PONT A LOUET",48.37278,-4.53912
201500021626,8,10,15,18,1,29,19,2,1,1,3,"., FRANCE ANATOLE (DE 1",48.38289,-4.51791
201500021627,2,10,15,22,1,29,19,1,1,1,3,"76, KEROURIEN (DE 43 ET",48.38251,-4.54114
201500021628,8,10,15,14,1,29,19,2,2,1,5,", CLAIRAUT ALEXIS",48.41548,-4.46196
201500021629,9,10,15,16,1,29,19,2,1,1,3,CLEMENCEAU GEORGES (D,48.38812,4.48301
201500021630,9,10,15,17,1,29,19,2,1,1,4,SAINT MARC ROUTE DU V,48.39321,-4.44263
201500021631,14,11,15,22,5,29,19,2,1,1,6,"., LE GORGEU (N°ENTRE TA",48.40791,-4.51105
201500021632,14,10,15,8,1,29,19,2,1,1,6,"., DESFOSSES ROMAIN (AMI",48.42554,-4.48007
201500021633,14,10,15,12,1,29,19,2,2,1,3,MADAGASCAR,48.3858,-4.4794
201500021634,16,10,15,21,5,29,19,2,1,1,2,PEN AR CH'LEUZ (ROND,48.41398,-4.47947
201500021635,19,10,15,12,1,29,19,2,1,1,6,"21, COLLET YVES (DE 1 A",48.39132,4.48106
201500021636,23,10,15,7,5,29,19,2,1,1,2,CLEMENCEAU GEORGES (DE 1,48.39569,-4.40777
201500021637,21,10,15,13,1,29,19,2,6,1,6,"., KERZENNIEL (ROND POIN",48.37309,-4.56183
201500021638,30,10,15,12,1,29,19,2,1,1,3,"., CHOPIN FREDERIC",48.41151,-4.49338
201500021639,8,10,15,17,1,29,19,1,1,1,3,PEN AR CH'LEUZ (ROND POI,48.41461,-4.4787
201500021640,15,10,15,8,1,29,19,2,1,1,6,COLLET YVES (DE 27 ET 28,48.3914,-4.48069
201500021641,23,10,15,20,5,29,19,2,2,1,3,HUGO VICTOR (DE 19 ET 22,48.39022,-4.47739
201500021642,27,10,15,15,1,29,19,1,1,1,4,RN 12 (PEN AR CH'LEUZ A,48.41554,-4.47948
201500021643,26,10,15,18,2,29,19,2,1,1,2,"101, MONTAIGNE (DE 98 ET",48.40465,-4.47886
201500021644,30,10,15,12,1,29,19,2,9,1,6,", MASSILLON (DE 1 A 31",48.39695,-4.47938
201500021645,3,11,15,16,2,29,19,2,1,1,6,CORNICHE (DE 4 A 10 ),48.36532,-4.52691
201500021646,6,11,15,10,1,29,19,2,1,1,6,"., COLLIERE JULES (DE 1",48.39982,-4.45193
201500021647,11,11,15,4,5,29,19,1,1,1,6,SALAUN PENQUER,48.38481,-4.48308
201500021648,12,11,15,15,1,29,19,2,1,1,2,".., FOCH MARECHAL",48.394,-4.4879
201500021649,14,10,15,19,1,29,19,2,1,1,6,VERDUN ( 174 ET 201 A FI,48.39881,-4.45139
201500021650,25,10,15,10,1,29,19,2,1,1,6,"., PREMIERE DFL (AVENUE)",48.37474,-4.55761
201500021651,19,10,15,16,1,29,19,2,1,1,4,"., EUROPE (DE 13 A 15)",48.41678,-4.46708
201500021652,13,11,15,12,1,29,19,2,1,1,2,HUIT MAI 1945 (DE 46 A F,48.40935,-4.46999
201500021653,21,11,15,16,1,29,19,2,2,1,3,".., EUROPE (DE 201 A 215",48.4133,-4.48665
201500021654,20,11,15,21,5,29,19,2,1,1,3,"24, PARIS (DE 1 A 31 ET",48.40494,-4.46357
201500021655,20,11,15,8,2,29,19,2,1,2,3,FAUTRAS (RUE ET PLACE),48.39155,-4.49075
201500021656,28,11,15,18,5,29,19,2,2,6,3,".., STRASBOURG (PLACE)",48.40248,-4.46741
201500021657,27,11,15,11,1,29,19,2,3,1,3,Rue de CONCARNEAU,48.40578,-4.45819
201500021658,4,11,15,20,5,29,19,2,1,1,4,"., LE GORGEU (N°29 (TOTA",48.39813,-4.49262
201500021659,27,11,15,19,5,29,19,2,1,2,3,"21, PAULET GENERAL (DE 1",48.40837,-4.47573
201500021660,15,11,15,12,1,29,19,2,6,1,3,"., MAISSIN",48.39,-4.5035
201500021661,24,11,15,9,1,29,19,2,1,1,6,"1, PRAT LEDAN (PLACE ET",48.38409,-4.50495
201500021662,26,11,15,14,1,29,19,2,1,2,1,"., CHEVREUL",48.40729,-4.49075
201500021663,21,11,15,16,1,29,19,2,2,1,3,"., FAUTRAS (RUE ET PLACE",48.39032,-4.49156
201500021664,19,11,15,7,1,29,19,2,1,1,6,Rue de ROYAN,48.40199,-4.49874
201500021665,2,12,15,8,1,29,19,2,1,7,6,"., CORNICHE (DE 1 A 39 E",48.3661,-4.52578
201500021666,3,12,15,18,4,29,19,2,2,3,2,BLUM LEON,48.40743,-4.48503
201500021667,4,12,15,18,4,29,19,2,6,1,2,".., LE GORGEU (SANS Nø E",48.40181,-4.50249
201500021668,3,12,15,11,1,29,19,1,1,1,6,PLYMOUTH,48.38728,-4.52171
201500021669,4,12,15,15,1,29,19,2,1,1,4,GLASGOW (DE 1 A 9 ET 2 A,48.39456,-4.48428
201500021670,9,12,15,17,1,29,19,2,6,1,3,TARTU JEAN FRANCOIS (18,48.38306,-4.52767
201500021671,10,12,15,16,1,29,19,2,1,1,3,"., STRASBOURG (PLACE)",48.40236,-4.46753
201500021672,2,12,15,18,1,29,19,2,1,1,3,CHATEAU (DE 1 A 35 ET 2,48.38458,-4.48935
201500021673,11,12,15,7,5,29,19,2,2,1,3,".., PARIS ( 33 ET 42 A F",48.40952,-4.45646