Num_Acc,jour,mois,an,hr,condition_eclairage,departement,commune,condition_agglomeration,intersection,condition_atmosphere,type_collision,adresse,lattitude,longitude
201500021674,9,12,15,7,5,29,19,2,1,1,3,MONTAIGNE (DE 1 A 37 ET,48.40074,-4.48462
201500021675,7,12,15,13,1,29,19,2,1,1,6,"., CLEMENCEAU GEORGES (D",48.39531,-4.40933
201500021676,9,12,15,14,1,29,19,2,3,1,1,"., WAGNER RICHARD",48.39439,-4.52855
201500021677,15,12,15,9,1,29,19,2,1,2,2,PAULET GENERAL (DE 1,48.40955,-4.47624
201500021678,14,12,15,9,1,29,19,2,1,2,6,"., LOUPPE ALBERT (DE 1 A",48.4035,-4.47122
201500021679,15,12,15,8,1,29,19,2,1,1,5,"205, ELORN",48.38499,-4.47884
201500021680,22,12,15,5,4,29,19,2,3,3,3,".., LE GROS CHARLES (SAN",48.42495,-4.46049
201500021681,22,12,15,17,2,29,19,2,3,3,3,DOCTEUR CHARCOT,48.40291,-4.47123
201500021682,17,12,15,16,2,29,19,2,1,2,6,BLUM LEON,48.40582,-4.48472
201500021683,1,2,15,14,1,40,245,1,1,4,4,,44.04582,-0.33738
201500021684,7,2,15,15,1,40,164,1,1,8,6,,44.10088,-0.28252
201500021685,24,2,15,7,2,40,146,1,1,4,6,,43.64988,-0.29385
201500021686,27,4,15,11,1,40,14,1,1,3,7,,44.08035,-0.29553
201500021687,31,8,15,16,1,40,80,1,1,1,6,,43.79751,-0.29592
201500021688,15,1,15,18,4,29,39,2,1,1,7,LIN (Rond-Point du),47.87283,-3.92073
201500021689,24,2,15,7,3,29,39,1,1,2,7,STANG KUZET ( RUE DE),47.89368,-3.90121
201500021690,17,1,15,7,3,29,39,1,1,1,6,KERILIN (LIEU-DIT),47.91791,-3.93281
201500021691,20,2,15,10,1,29,39,2,6,2,6,"1, VILLENEUVE (ROND POIN",47.89466,-3.91406
201500021692,20,1,15,8,5,29,39,2,1,1,6,"47, TREGUNC ( RUE DE )",47.86757,-3.90406
201500021693,28,2,15,15,1,29,39,1,1,1,2,RD 783,47.87492,-3.89846
201500021694,31,1,15,15,1,29,39,1,1,8,7,Echangeur  Coat Conq,47.92585,-3.89424
201500021695,2,3,15,11,1,29,39,1,1,1,3,STANG BIHAN ( LIEU-DIT),47.89726,-3.9432
201500021696,6,3,15,11,1,29,39,2,1,1,6,HASCOET (RUE HELENE),47.87167,-3.91854
201500021697,21,3,15,11,1,29,39,2,6,1,6,RD 783,47.87735,-3.90215
201500021698,21,3,15,17,1,29,39,2,1,1,2,rue de la VILLENEUVE,47.90062,-3.91088
201500021699,23,3,15,16,1,29,39,1,1,1,3,RD 783 BEUZEC,47.89967,-3.91189
201500021700,28,3,15,2,5,29,39,1,1,2,6,"37, COLGUEN ( RUE DE)",47.90072,-3.90871
201500021701,17,4,15,11,1,29,39,1,1,1,5,CARNOT ( QUAI),47.87493,-3.91675
201500021702,20,4,15,16,1,29,39,2,1,1,6,GLENAN ( AVENUE DES ),47.85747,-3.91302
201500021703,6,5,15,9,1,29,39,1,1,1,6,KERAMPERU ( ROND POINT D,47.89001,-3.91601
201500021704,14,5,15,15,1,29,39,2,1,2,6,AIGUILLON (QUAI DE L'),47.87287,-3.91732
201500021705,15,5,15,9,1,29,39,1,1,8,7,RN165 (VE),47.92583,-3.89661
201500021706,17,5,15,7,2,29,39,1,1,1,6,SAINT LAURENT (CHEMIN DE,47.91733,-3.93574
201500021707,20,5,15,14,1,29,39,1,3,1,3,COLGUEN ( RUE DE),47.9072,-3.90554
201500021708,1,6,15,10,1,29,39,2,1,1,7,"79, CABELLOU ( AVENUE DU",47.85671,-3.8989
201500021709,8,6,15,20,1,29,39,2,1,1,7,RD 783 BEUZEC,47.88563,-3.91342
201500021710,13,6,15,0,5,29,39,1,6,1,6,KERAMPORIEL ( ROND POINT,47.90026,3.91198
201500021711,14,6,15,13,1,29,39,2,3,1,3,COLGUEN ( RUE DE),47.89954,-3.90946
201500021712,15,6,15,14,1,29,39,2,1,1,3,7 Jacques Noel Sane,47.90215,-3.91098
201500021713,25,6,15,9,1,29,39,1,1,1,2,COLGUEN ( RUE DE),47.57393,-3.54146
201500021714,28,6,15,8,1,29,39,1,1,1,7,SAINT LAURENT (CHEMIN DE,47.54157,-3.56427
201500021715,3,7,15,17,1,29,39,1,6,1,3,RD 70 (route département,47.92589,-3.89429
201500021716,9,7,15,12,1,29,39,2,1,1,3,"119, TREGUNC ( RUE DE )",47.86424,-3.89852
201500021717,16,7,15,21,1,29,39,2,3,1,3,TREGUNC ( RUE DE ),47.8715,-3.90736
201500021718,10,8,15,12,1,29,39,2,3,1,3,TREGUNC ( RUE DE ),47.87204,-3.90716
201500021719,18,8,15,23,5,29,39,2,6,1,3,KERNEACH (RUE DE ),47.88315,-3.92252
201500021720,19,8,15,17,1,29,39,2,1,1,2,VILLENEUVE ( RUE DE LA),47.89506,-3.91376
201500021721,19,8,15,21,3,29,39,1,1,1,6,FORET FOUESNANT ( ROUTE,47.90634,-3.99154
201500021722,20,8,15,8,1,29,39,1,1,2,7,RN165 (VE),47.92531,-3.89696
201500021723,21,8,15,22,1,29,39,2,1,1,1,VIDIE ( RUE LUCIEN),47.89374,-3.91547
201500021724,23,8,15,7,1,29,39,2,3,1,6,"7, GARE (AVENUE DE LA)",47.87481,-3.91895
201500021725,30,8,15,12,1,29,39,2,1,1,1,"118, GARE AVENUE DE LA",47.88216,-3.91945
201500021726,1,9,15,14,1,29,39,1,1,1,2,"3, GARE (AVENUE DE LA)",47.87458,-3.9188
201500021727,20,9,15,10,1,29,39,2,6,1,3,"174, TREGUNC ( RUE DE )",47.86249,-3.88884
201500021728,9,8,15,8,1,29,39,2,6,1,3,Rond Point de Kernéac'h,47.88248,-3.92408
201500021729,9,10,15,8,1,29,39,2,6,1,3,COAT BRAS (Rond Point),47.88268,-3.92406
201500021730,9,10,15,18,1,29,39,2,1,1,7,"6, Gal DE GAULLE",47.87184,-3.91913
201500021731,18,10,15,18,2,29,39,1,1,1,6,STANG COULZ ( CHEMIN DE),47.89002,-3.89715
201500021732,22,10,15,13,1,29,39,1,1,8,7,KERILIN (LIEU-DIT),47.91726,-3.93583
201500021733,30,10,15,11,1,29,39,1,9,1,7,RD 70,47.92398,-3.89713
201500021734,5,11,15,18,5,29,39,2,1,2,7,CHENES (RUE DES),47.87989,-3.91598
201500021735,15,11,15,18,5,29,39,2,1,8,3,"F219, VILLENEUVE ( RUE D",47.89727,-3.9124
201500021736,1,12,15,17,2,29,39,1,2,1,3,RD 783,47.88152,-3.91011
201500021737,10,12,15,13,1,29,39,1,3,1,3,MOROS (  QUAI RIVE DROIT,47.87642,-3.9081
201500021738,16,12,15,12,1,29,39,2,1,2,6,BOUGAINVILLE (BOULEVARD),47.87002,-3.92178
201500021739,21,12,15,9,1,29,39,2,3,2,6,"21, GUEGUIN (AVENUE PIER",47.87404,-3.91853
201500021740,28,12,15,17,1,29,39,2,1,2,2,RD 783,47.88515,-3.91292
201500021741,11,3,15,10,1,29,151,2,1,1,6,LEON (QUAI DE),48.5835,-3.83436
201500021742,18,4,15,3,3,29,151,1,1,1,7,RN12,48.59521,-3.83303
201500021743,22,7,15,14,1,29,151,2,6,1,3,"1, KERFRAVAL (ROND POINT",48.58414,-3.8162
201500021744,8,8,15,14,1,29,151,2,4,1,3,"11 bis, BEAUMONT (COURS)",48.58781,-3.83705
201500021745,23,12,15,17,1,29,254,2,1,8,5,", ST FRANCOIS (LIEU DIT)",48.60088,-3.84686
201500021746,10,1,15,0,3,29,151,1,1,2,1,CD 786 ROUTE DE MORLAIX,48.60282,-3.8005
201500021747,13,1,15,14,1,52,384,1,1,1,6,,47.80016,5.22479
201500021748,6,2,15,7,2,52,355,1,1,1,2,,47.80549,5.22444
201500021749,13,5,15,16,1,52,74,1,1,1,7,,48.08002,5.61395
201500021750,23,5,15,4,3,52,282,1,1,1,6,,47.99093,5.12557
201500021751,7,10,15,13,1,52,27,1,9,1,2,,47.73299,5.19405
201500021752,15,10,15,17,1,52,205,1,1,1,2,,48.00418,5.11193
201500021753,27,11,15,13,1,52,147,1,9,1,1,,47.82381,5.2254
201500021754,2,12,15,18,3,52,258,1,1,1,6,,48.08827,4.84797
201500021755,22,12,15,5,3,52,189,1,1,1,6,,47.71162,5.18825
201500021756,27,12,15,2,3,52,42,1,1,5,6,,47.91018,5.22226
201500021757,27,12,15,18,3,52,258,1,1,1,6,,48.08937,4.83775
201500021758,30,4,15,8,1,57,690,1,3,1,3,,0.0,0.0
201500021759,1,7,15,20,1,57,576,1,6,1,6,,0.0,0.0
201500021760,24,11,15,17,5,57,224,2,1,1,6,11 Rue Principale,0.0,0.0
201500021761,29,12,15,15,1,57,690,1,1,8,6,Rue Alexandre Dreux,49.08596,6.68024
201500021762,20,2,15,14,1,76,409,1,2,2,3,,49.59202,0.18751
201500021763,22,4,15,17,1,76,167,1,2,1,3,,49.60928,0.15317
201500021764,23,6,15,11,1,76,534,2,1,1,6,Départementale 32,49.58659,0.21051
201500021765,18,10,15,6,4,76,404,1,6,1,6,,49.57765,0.2401
201500021766,18,7,15,12,1,41,256,1,1,1,2,,47.3611,2.05231
201500021767,5,8,15,3,3,41,232,1,9,1,2,,47.4217,2.01977
201500021768,6,8,15,3,4,41,256,1,1,1,7,,41.31204,2.04947
201500021769,13,8,15,8,1,41,46,1,1,1,6,,47.62891,1.95701
201500021770,18,8,15,20,1,41,232,1,1,1,7,,47.37045,2.05384
201500021771,29,11,15,20,3,41,232,1,1,8,4,,47.4042,2.03022
201500021772,9,12,15,10,1,41,161,1,1,5,6,,47.49739,2.00651
201500021773,1,1,15,19,5,29,232,2,2,8,7,"., DUPLEIX BOULEVARD",47.9943,-4.10423
201500021774,2,1,15,18,2,29,232,1,1,1,7,"., VOIE ROMAINE LA",48.02049,-4.0929
201500021775,12,2,15,11,1,29,232,2,6,1,6,LE GUENNEC LOUIS BOULEVA,47.98743,-4.10957
201500021776,15,12,15,11,1,29,232,1,1,3,7,"., VOIE EXPRESS QUIMPER",47.98562,-4.0227
201500021777,3,1,15,17,4,29,232,1,1,1,7,"., DOUARNENEZ ROUTE DE",47.99848,-4.1229
201500021778,21,2,15,10,1,29,232,1,1,1,7,"., VOIE EXPRESS QUIMPER",48.00524,-4.06021
201500021779,5,1,15,14,1,29,232,1,1,8,7,VOIE EXPRESS QUIMPER,47.99555,-4.04695
201500021780,11,3,15,22,3,29,232,1,1,1,6,RN165 Stangala,48.0044,-4.06009
201500021781,5,1,15,16,1,29,232,2,1,1,2,SAINT MARC RUE,47.99631,-4.10978
201500021782,15,3,15,16,1,29,232,1,1,1,6,POULGUINAN BOULEVARD,47.98181,-4.1202
201500021783,6,1,15,8,2,29,232,2,6,1,2,CORAY ROUTE DE,47.9948,-4.07239
201500021784,20,3,15,12,1,29,232,2,2,1,3,AMIRAL RONARC'H RUE,47.99502,-4.10812
201500021785,7,1,15,18,4,29,232,2,1,1,3,"46, ZOLA  EMILE IMPASSE",47.98399,-4.09834
201500021786,27,3,15,19,2,29,232,1,6,2,2,PRESIDENT ALLENDE BOULEV,48.0034,-4.08364
201500021787,9,1,15,19,4,29,232,1,2,2,3,"274, BENODET ROUTE DE",47.96816,-4.08464
201500021788,15,3,15,0,3,29,51,1,3,1,1,CORAY ROUTE DE,48.02912,-3.94975
201500021789,8,4,15,9,1,29,232,2,1,1,6,DUPLEIX BOULEVARD,47.99505,-4.09791
201500021790,9,1,15,19,3,29,232,1,1,9,7,Park Poullig rond point,48.02995,-4.08723
201500021791,12,1,15,16,1,29,232,1,3,1,2,PLOGONNEC ROUTE DE,48.02355,-4.10802
201500021792,10,4,15,8,1,29,232,1,1,8,6,PLOGONNEC ROUTE DE,48.06412,-4.17042
201500021793,12,4,15,15,1,29,232,2,3,1,3,PRESIDENT ALLENDE BOULEV,48.00174,-4.07892
201500021794,19,1,15,4,3,29,232,1,1,9,7,MORBIHAN AVENUE DU,47.97867,-4.04985
201500021795,19,1,15,7,3,29,51,1,1,9,7,MOULIN DU FAOU,47.99524,-3.99628
201500021796,13,4,15,3,5,29,232,2,1,1,6,"3, 19 MARS 1962 RUE DU",47.98866,-4.11106
201500021797,19,1,15,19,1,29,232,2,1,1,7,FRANCE LIBRE  AVENUE DE,48.0061,-4.09734
201500021798,15,4,15,16,1,29,51,1,3,1,3,Stang Kermoysan,47.99114,-3.99178
201500021799,22,1,15,10,1,29,232,1,1,1,2,VOIE EXPRESS QUIMPER - B,47.99801,-4.04891
201500021800,18,4,15,20,2,29,232,1,3,1,3,DOUARNENEZ ROUTE DE,47.99738,-4.11929
201500021801,22,1,15,13,1,29,232,2,6,1,3,CROIX DES GARDIENS  ROND,48.01032,-4.09595
201500021802,21,4,15,8,1,29,232,2,6,1,3,SEMINAIRE  ROND POINT DU,47.99191,-4.11954
201500021803,22,1,15,16,1,29,232,2,1,1,5,LOCMARIA ALLEE DE,47.99246,-4.10732
201500021804,23,4,15,16,1,29,232,2,3,7,3,TY BOS AVENUE DE,47.98169,-4.07418
201500021805,23,1,15,16,1,29,232,1,1,1,7,ROSPORDEN ROUTE DE,47.99081,-4.06987
201500021806,29,3,15,17,1,29,232,1,1,2,6,LOCRONAN ROUTE DE,48.01832,-4.13569
201500021807,11,4,15,15,1,29,232,1,1,1,4,LE GUENNEC LOUIS BOULEVA,47.97931,-4.09593
201500021808,24,1,15,13,1,29,232,1,3,1,7,BENODET ROUTE DE,47.9515,-4.0764
201500021809,5,2,15,14,1,29,232,1,1,8,7,LOCRONAN ROUTE DE,48.01347,-4.1263
201500021810,30,4,15,23,3,29,232,1,1,3,6,"453, BREST ROUTE DE",48.03942,-4.07253
201500021811,5,2,15,16,1,29,232,2,6,1,3,TREQUEFFELEC  ROND POINT,48.00339,-4.08389
201500021812,1,5,15,2,3,29,232,2,1,3,6,"143, BENODET ROUTE DE",47.97851,-4.09445
201500021813,19,12,15,21,5,29,232,1,1,1,6,"., CHAPEAU ROUGE RUE DU",47.99631,-4.10689
201500021814,5,2,15,19,5,29,232,2,2,1,3,DOUARNENEZ ROUTE DE,48.00018,-4.11239
201500021815,5,5,15,15,1,29,232,2,3,1,6,"., MICHELET RUE",47.98805,-4.10951
201500021816,9,2,15,14,1,29,232,2,6,1,3,BECHARLES  ROND POINT,48.01578,-4.08741
201500021817,4,5,15,17,1,29,232,1,6,3,1,Park Poullig rond point,48.02974,-4.08802
201500021818,1,5,15,13,1,29,232,1,1,1,7,"., POULGUINAN BOULEVARD",47.98511,-4.11138
201500021819,14,2,15,0,5,29,232,2,2,9,3,LOCMARIA ALLEE DE,47.99204,-4.10801
201500021820,16,5,15,17,1,29,232,1,1,1,3,"., KERUSTUM  ROND POINT",47.97941,-4.09516
201500021821,14,2,15,15,1,29,232,2,1,1,6,"4, MADEC RENE RUE",47.99434,-4.10598
201500021822,12,5,15,8,1,29,232,1,1,1,1,BENODET ROUTE DE,47.95701,-4.08217
201500021823,14,2,15,16,1,29,232,1,6,1,3,BREST ROUTE DE,48.02972,-4.08785
201500021824,16,5,15,19,1,29,232,1,1,1,2,"98, LE GOFFIC CHARLES RU",47.98556,-4.06275
201500021825,19,5,15,10,1,29,232,1,1,2,2,POULGUINAN PONT DE,47.9843,-4.11436
201500021826,21,5,15,8,1,29,232,2,3,1,4,VILLARD  ABEL RUE,48.0067,-4.0632
201500021827,30,5,15,19,1,29,232,1,1,1,7,"., LENDU ROUTE DU",47.93784,-4.0656
201500021828,31,5,15,19,1,29,232,2,1,1,6,"., OISEAUX AVENUE DES",47.99241,-4.12323
201500021829,1,6,15,12,1,29,232,2,1,1,3,ERGUE ARMEL  ROND POI,47.98288,-4.07538
201500021830,4,6,15,18,1,29,232,2,2,1,6,"18, PARC RUE DU",47.99455,-4.10445
201500021831,5,6,15,16,1,29,232,2,6,1,6,"., CREAC'H GWEN  ROND PO",47.97501,-4.09793
201500021832,10,6,15,12,1,29,232,2,8,1,2,"17, BREST RUE DE",47.99747,-4.09878
201500021833,23,6,15,21,1,29,232,2,6,1,3,"., FRERES MAILLET  ROND",48.00018,-4.08929
201500021834,17,6,15,13,1,29,232,2,1,1,2,"., ERGUE ARMEL BOULEVARD",47.98373,-4.07462
201500021835,23,6,15,19,1,29,232,2,1,1,3,AVENUE DE KERADENNEC,47.97625,-4.07761
201500021836,2,7,15,19,1,29,232,2,1,1,3,"4, COUEDIC RUE DU",47.99601,-4.11015
201500021837,3,7,15,11,1,29,232,2,1,1,2,"57, DUPLEIX BOULEVARD",47.99462,-4.10246
201500021838,7,7,15,10,1,29,51,1,1,1,2,"., CORAY ROUTE DE",48.0092,-4.02697
201500021839,20,7,15,8,1,29,232,2,6,1,7,"., ERGUE ARMEL BOULEVARD",47.98363,-4.07477
201500021840,22,7,15,8,1,29,232,2,6,1,2,LE GUENNEC LOUIS BOULEVA,47.98774,-4.10935
201500021841,22,7,15,0,5,29,232,2,1,1,1,LOCMARIA ALLEE DE,47.99225,-4.10757
201500021842,24,7,15,16,1,29,51,2,6,2,3,STANGALA ROUTE,48.00451,-4.0586
201500021843,25,7,15,23,3,29,232,1,3,1,3,BENODET ROUTE DE,47.93406,-4.06923
201500021844,26,7,15,18,1,29,232,1,1,2,4,LE GUENNEC LOUIS BOULEVA,47.98018,-4.10107
201500021845,31,7,15,17,1,29,232,1,1,1,4,"-, LE GUENNEC LOUIS BOUL",47.98105,-4.10023
201500021846,6,8,15,18,1,29,232,2,2,1,6,"4, FALKIRK RUE DE",47.99536,-4.10818
201500021847,7,8,15,10,1,29,51,2,2,1,2,"., ROUILLEN AVENUE",47.99933,-4.05438
201500021848,13,8,15,18,1,29,232,1,1,1,7,"., MORBIHAN AVENUE DU",47.97808,4.04242
201500021849,15,8,15,15,1,29,232,2,3,1,2,", PONTIGOU RUE DU",48.00101,-4.11312
201500021850,1,9,15,20,1,29,232,2,1,1,3,"15, ROZARGUER RUE DE",47.96939,-4.11744
201500021851,1,9,15,18,1,29,232,1,1,1,7,LOCRONAN ROUTE DE,48.01323,-4.12608
201500021852,21,8,15,18,1,29,232,1,1,1,1,"34, TERRE NOIRE RUE DE L",47.99687,-4.122
201500021853,31,7,15,12,1,29,232,1,1,1,4,"., LIBERATION AVENUE DE",47.99239,-4.08837
201500021854,11,8,15,23,3,29,232,1,1,9,6,PRESIDENT ALLENDE BOULEV,48.00069,-4.07667
201500021855,10,7,15,23,5,29,232,2,3,1,3,FRANCE LIBRE  AVENUE DE,48.00292,-4.09895
201500021856,7,9,15,15,1,29,232,2,1,1,2,"92, TY BOS AVENUE DE",47.97764,-4.07019
201500021857,14,9,15,8,1,29,232,2,1,2,7,TOUL SABLE  ROND POINT D,47.97298,-4.09414
201500021858,14,9,15,18,1,29,232,2,6,3,3,"., ERGUE ARMEL  ROND POI",47.98319,-4.07552
201500021859,11,9,15,15,1,29,232,2,1,1,1,"37, JACOB  MAX RUE",47.98911,-4.11673
201500021860,21,9,15,19,1,29,232,2,1,1,3,SEMINAIRE  ROND POINT DU,47.99197,-4.11932
201500021861,24,9,15,10,1,29,232,2,3,1,6,"102, BENODET RUE DE",47.98211,-4.1026
201500021862,29,9,15,16,1,29,232,2,1,1,7,BLUM  LEON RUE,47.9833,-4.07564
201500021863,1,10,15,8,1,29,232,2,1,1,6,"., REMSCHEID AVENUE DE",47.98223,-4.09445
201500021864,30,9,15,12,1,29,232,1,3,1,2,"., REMSCHEID AVENUE DE",47.98139,-4.09668
201500021865,5,10,15,6,5,29,232,2,3,2,6,TY BOS AVENUE DE,47.9773,-4.06984
201500021866,5,10,15,17,1,29,51,1,1,1,1,CORAY ROUTE DE,48.02613,-3.9667
201500021867,6,10,15,12,1,29,232,2,1,1,2,"123, LIBERATION AVENUE D",47.99169,-4.08169
201500021868,18,10,15,12,1,29,232,2,1,1,2,"1, CARTIER JACQUES RUE",47.99558,4.09644
201500021869,22,10,15,13,1,29,232,1,1,1,3,LE BOURHIS  LOUIS RUE,47.98293,-4.03259
201500021870,27,10,15,7,1,29,232,2,1,3,2,"124, BREST ROUTE DE",48.01001,-4.08132
201500021871,3,11,15,14,1,29,232,2,1,1,6,FALKIRK RUE DE,47.99532,-4.10837
201500021872,5,11,15,16,1,29,232,2,9,2,6,"1, KEROMNES RUE DE",47.98335,-4.06899
201500021873,6,11,15,10,1,29,232,1,1,3,7,", BREST ROUTE DE",48.00878,-4.08256
201500021874,5,11,15,18,2,29,232,2,2,2,3,JUNIVILLE RUE,47.99523,-4.10002
201500021875,20,10,15,20,5,29,232,2,1,1,6,"24, BRIAND  ARISTIDE RUE",47.99493,-4.09654
201500021876,14,11,15,13,1,29,51,1,2,1,3,"., CORAY ROUTE DE",48.00484,-4.03282
201500021877,19,11,15,10,1,29,232,2,1,2,2,"., TY BOS AVENUE DE",47.98272,-4.07437
201500021878,20,11,15,18,2,29,232,2,3,1,3,"., MOULIN VERT RUE DU",48.00268,-4.11441
201500021879,24,11,15,10,1,29,232,2,1,1,1,"., MONTAIGNE RUE",47.98404,-4.10342
201500021880,25,11,15,10,1,29,232,2,3,2,6,19 MARS 1962 RUE DU,47.98812,-4.10947
201500021881,26,11,15,12,1,29,232,2,6,2,3,"., BECHARLES  ROND POINT",48.01579,-4.08737
201500021882,21,11,15,12,1,29,232,2,1,1,3,DOUARNENEZ RUE DE,47.99847,-4.11076
201500021883,1,12,15,9,1,29,232,1,1,1,5,"., GUTENBERG BOULEVARD",47.98131,-4.07854
201500021884,2,12,15,22,3,29,51,1,1,1,7,CORAY ROUTE DE,48.02708,-3.96793
201500021885,3,12,15,2,3,29,232,2,1,1,6,"1, CORAY ROUTE DE",47.99404,-4.06902
201500021886,15,11,15,22,3,29,232,2,1,1,6,BREST ROUTE DE,48.04611,-4.07041
201500021887,25,11,15,9,1,29,232,2,1,2,6,"6, BARBUSSE HENRI RUE",47.99061,-4.07536
201500021888,5,12,15,19,5,29,232,2,1,1,4,"15, GIRONDINS AVENUE DES",47.9903,-4.13267
201500021889,23,10,15,13,1,29,232,2,1,1,7,ERGUE ARMEL  ROND POINT,47.98284,-4.07426
201500021890,7,12,15,8,2,29,232,1,1,1,7,VIEILLE ROUTE DE BRIEC,48.0268,-4.08732
201500021891,15,12,15,18,5,29,51,2,1,1,1,ROUILLEN AVENUE,48.00064,-4.04872
201500021892,17,12,15,13,1,29,232,2,6,2,3,"., BRADEN  ROND POINT DU",47.98256,-4.0818
201500021893,17,12,15,12,1,29,232,2,1,8,6,"., POULGUINAN BOULEVARD",47.98414,-4.11456
201500021894,17,12,15,21,5,29,232,2,1,2,6,"., KERFILY RUE DE",47.99846,-4.08073
201500021895,28,12,15,11,1,29,232,2,1,1,6,"., SCHOELCHER VICTOR PLA",47.98546,-4.08364
201500021896,31,12,15,8,3,29,232,1,6,1,6,Park Poullig rond point,48.0322,-4.08368
201500021897,31,12,15,11,1,29,232,2,1,1,6,"7, POMPIDOU GEORGES AVEN",47.98287,-4.07212
201500021898,20,4,15,9,1,54,371,1,1,1,3,,49.19953,5.9336
201500021899,22,7,15,19,1,54,2,1,1,1,2,,49.19525,5.86498
201500021900,10,8,15,1,3,55,400,1,1,1,7,,0.0,0.0
201500021901,29,8,15,8,1,55,557,1,1,1,7,,0.0,0.0
201500021902,19,1,15,20,3,60,395,2,1,1,1,Bld Pierre COUBERTIN,49.22334,2.14758
201500021903,23,1,15,23,3,60,395,1,1,1,7,,49.24918,2.12817
201500021904,12,2,15,17,1,60,88,1,1,5,1,,49.20352,2.20046
201500021905,3,3,15,0,3,60,395,1,1,8,6,,49.26655,2.11564
201500021906,28,4,15,0,3,60,10,1,1,1,6,,49.2191,2.11932
201500021907,22,6,15,17,1,60,218,2,1,2,1,rue nationale,49.21591,2.17214
201500021908,26,6,15,16,1,60,12,2,1,1,7,rue de Méru,49.25889,2.15896
201500021909,26,6,15,12,1,60,10,1,1,1,7,,49.22227,2.10082
201500021910,16,7,15,9,1,60,532,2,1,1,6,Lieux dit Valeureux,49.28723,2.08811
201500021911,8,7,15,20,1,60,532,1,1,1,1,,49.28628,2.09094
201500021912,31,7,15,10,1,60,88,2,1,1,2,"D 105, route de Gisors",49.19449,2.17913
201500021913,25,10,15,12,1,60,395,2,9,1,6,rue des martyrs,49.23863,2.13374
201500021914,17,11,15,7,2,60,88,2,1,2,6,RUE DU 11 NOVEMBRE,49.19854,2.21258
201500021915,2,1,15,23,5,30,7,2,2,1,3,"., FAUBOURG DU SOLEIL (R",44.12003,4.07896
201500021916,27,2,15,12,1,30,7,2,1,1,6,NIMES (ROUTE DE),0.0,0.0
201500021917,20,11,15,23,5,30,7,2,6,2,1,ALSACE (ROUTE D'),44.1353,4.08397
201500021918,11,3,15,8,1,30,7,2,1,1,6,"., BARBUSSE (PLACE HENRI",44.12379,4.08035
201500021919,5,12,15,17,1,30,7,2,1,1,1,GARDON (QUAI DU),44.11301,4.09415
201500021920,26,1,15,15,1,30,7,2,1,1,2,BAGNOLS (ROUTE DE),44.12963,4.10629
201500021921,16,3,15,16,1,30,243,2,1,1,6,DE GAULLE (AVENUE),44.08554,4.0773
201500021922,7,12,15,12,1,30,7,1,1,1,6,"3, SAINT MARTIN (ROUTE D",44.14679,4.08656
201500021923,11,4,15,15,1,30,7,2,1,1,5,MALADRERIES (AVE DES),0.0,0.0
201500021924,31,1,15,23,5,30,7,2,1,1,6,FAUBOURG DU SOLEIL (RUE,44.12,4.07899
201500021925,2,12,15,16,1,30,7,2,6,1,6,"4, FAUBOURG D'AUVERGNE (",44.12751,4.07896
201500021926,17,12,15,19,4,30,7,2,3,1,3,"626, RAMEAU (AVE JEAN-PH",44.1328,4.11027
201500021927,18,3,15,10,1,30,7,2,1,1,3,SAINT MARTIN (ROUTE DE),0.0,0.0
201500021928,7,1,15,6,5,30,7,2,1,1,6,CARNOT (AVE),0.0,0.0
201500021929,17,2,15,19,1,30,7,2,1,1,1,CROUPILLAC (AVE DE),0.0,0.0
201500021930,29,12,15,16,1,30,7,2,1,1,5,GAGARINE (AVE YOURI),44.12875,4.09999
201500021931,10,5,15,20,2,30,243,2,1,1,7,MONTEZE (ROUTE DE),0.0,0.0
201500021932,28,2,15,7,1,30,7,2,1,1,1,"02, KILMARNOCK (QUAI)",44.12619,4.07317
201500021933,21,12,15,18,5,30,7,2,3,1,6,FLORIAN (RUE),44.1236,4.08176
201500021934,26,2,15,12,1,30,7,2,1,1,3,BOULLE (RUE ANDRE),0.0,0.0
201500021935,21,12,15,15,1,30,7,2,2,1,3,BROUZEN (PONT DE),44.13375,4.07829
201500021936,7,5,15,15,1,30,7,2,1,1,6,CARNOT (AVE),0.0,0.0
201500021937,29,5,15,14,1,30,7,2,1,1,6,MOULIN (GRAND' RUE JEAN),0.0,0.0
201500021938,5,3,15,7,1,30,7,2,1,1,6,FAUBOURG DU SOLEIL (RUE,44.11798,4.08033
201500021939,9,3,15,17,1,30,7,2,1,1,6,"., RIBOT (AVE GASTON)",44.13825,4.0875