Num_Acc,jour,mois,an,hr,condition_eclairage,departement,commune,condition_agglomeration,intersection,condition_atmosphere,type_collision,adresse,lattitude,longitude
201500021940,24,3,15,13,1,30,7,2,1,1,6,JAURES (QUAI JEAN),0.0,0.0
201500021941,16,4,15,19,1,30,7,2,1,2,6,ALSACE (ROUTE D'),44.13928,4.08861
201500021942,11,4,15,11,1,30,7,2,1,1,6,DE GAULLE (AVE DU GENERA,0.0,0.0
201500021943,10,6,15,18,1,30,7,2,1,1,6,GOUBERT (AVE DOCTEUR JEA,0.0,0.0
201500021944,13,6,15,23,5,30,7,2,1,1,3,"., DUMAS (AVE JEAN-BAPTI",44.13391,4.07996
201500021945,23,6,15,13,1,30,7,2,1,1,1,GRABIEUX (ROUTE DU PONT,0.0,0.0
201500021946,29,6,15,18,1,30,7,2,1,1,6,CASSIN (RUE RENE),44.11091,4.10439
201500021947,28,6,15,2,1,30,7,2,1,1,3,ALSACE (ROUTE D'),44.13782,4.08603
201500021948,6,8,15,21,2,30,7,2,1,1,6,MONGE (AVENUE),0.0,0.0
201500021949,11,8,15,10,1,30,7,2,1,1,6,"50, ALBERT 1ER (RUE)",0.0,0.0
201500021950,8,9,15,21,5,30,7,2,1,1,6,JUIN (AVE DU MARECHAL),0.0,0.0
201500021951,18,9,15,11,1,30,7,2,1,1,6,NEUF (PONT),44.12106,4.08477
201500021952,25,9,15,18,1,30,7,2,1,1,3,LANGEVIN (AVE PAUL),0.0,0.0
201500021953,28,10,15,12,1,30,243,1,1,3,6,1129 ROUTE DE LEZAN,44.07132,4.07135
201500021954,27,11,15,8,1,30,7,2,3,1,6,LANGEVIN (AVE PAUL),44.13523,4.08472
201500021955,2,11,15,13,1,30,7,2,1,1,6,LUMIERES (AVE DES FRERES,44.13932,4.08893
201500021956,30,11,15,9,1,30,7,2,2,1,3,CHOTARD (RUE DES FRERES),44.1225,4.0834
201500021957,20,10,15,18,2,30,7,2,3,1,4,RIBOT (AVE GASTON),44.13517,4.08968
201500021958,5,11,15,12,1,30,7,2,1,1,6,JAURES (QUAI JEAN),44.12139,4.07556
201500021959,11,11,15,12,1,30,7,1,6,1,3,MONGE (AVENUE),44.14585,4.10106
201500021960,15,12,15,19,5,30,7,2,6,1,6,CARNOT (AVE),44.12128,4.0803
201500021961,16,12,15,16,1,30,7,1,1,1,3,"31, PELLOUTIER (RUE FERN",44.11785,4.08197
201500021962,16,12,15,12,1,30,7,1,1,1,1,ROYALE (ROUTE DE LA ),44.14493,4.07296
201500021963,20,11,15,18,1,30,7,2,1,1,1,ONZE NOVEMBRE 1918 (QUAI,44.13372,4.07831
201500021964,16,11,15,17,1,30,7,2,1,1,6,"28, BOISSIER DE SAUVAGE",44.127,4.07583
201500021965,17,2,15,11,1,30,28,2,1,1,3,"10, AVIGNON (ROUTE D')",44.15334,4.64518
201500021966,17,11,15,8,1,30,28,2,1,1,6,"8, MAYRE (AVENUE DE LA)",44.15891,4.62425
201500021967,2,3,15,13,1,30,28,2,1,1,6,VINCENT AURIOL (AVENUE),44.15982,4.61825
201500021968,15,3,15,11,1,30,28,2,1,2,2,"1, ROUTE D'AVIGNON",0.0,0.0
201500021969,24,3,15,12,1,30,28,2,1,1,2,"10, VIGAN BRAQUET (AVENU",44.16676,4.61206
201500021970,16,4,15,10,1,30,28,2,1,1,6,ALEGRE (RUE LEON),44.1639,4.62188
201500021971,4,4,15,16,1,30,28,2,1,1,1,"2, ROUTE DE NIMES",44.14873,4.61562
201500021972,6,5,15,11,1,30,28,2,1,1,4,AVIGNON (ROUTE D'),0.0,0.0
201500021973,24,4,15,18,1,30,28,2,6,1,6,"1, CEVENNES (ROND-POINT",44.16702,4.61206
201500021974,7,5,15,10,1,30,28,2,3,1,3,"1, MAYRE (AVENUE DE LA)",44.15788,4.6235
201500021975,8,6,15,15,1,30,28,2,1,1,1,AVIGNON (ROUTE D'),44.15525,4.64069
201500021976,23,5,15,3,5,30,28,2,1,1,6,"2101, DAUDET (AVENUE ALP",44.14376,4.61008
201500021977,13,6,15,12,1,30,28,1,1,1,2,ROUTE DE PONT SAINT ESPR,44.17872,4.61952
201500021978,20,6,15,16,1,30,28,2,1,1,6,"2, ANDRE (RUE ALBERT)",44.16158,4.61993
201500021979,10,6,15,16,1,30,28,2,1,4,6,"191, DE LATTRE DE TASSIG",44.16792,4.61443
201500021980,3,7,15,18,1,30,28,2,1,1,6,"500, ALPHONSE DAUDET (AV",44.1575,4.61336
201500021981,29,6,15,18,1,30,28,2,1,1,2,MARECHAL DE LATTRE DE TA,44.16849,4.61567
201500021982,7,7,15,17,1,30,28,2,1,1,3,ALPHONSE DAUDET (AVENUE),44.1448,4.61031
201500021983,16,7,15,20,2,30,28,2,3,1,3,"1, CHARRIER (AVENUE)",44.16128,4.62441
201500021984,11,8,15,11,1,30,28,2,1,1,2,"435, ROUTE DE PONT SAINT",44.1755,4.61989
201500021985,20,8,15,16,1,30,28,2,1,1,6,"12, SAINT VICTOR (RUE)",44.1613,4.62169
201500021986,25,7,15,8,1,30,28,2,6,1,2,"1, MALRAUX (ROND POINT)",44.1549,4.61611
201500021987,24,9,15,6,5,30,28,2,3,1,3,"1, AVIGNON (ROUTE D')",44.15651,4.63639
201500021988,18,9,15,14,1,30,28,1,1,1,2,"1, SAINT GERVAIS (ROUTE)",44.17661,4.61968
201500021989,12,11,15,9,1,30,28,2,1,1,6,MAYRE (AVENUE DE LA),44.15561,4.6188
201500021990,11,12,15,9,2,30,28,2,6,1,3,COMMANDO VIGAN BRAQUET (,44.16021,4.61154
201500021991,17,12,15,9,1,30,28,2,1,1,6,"1, THEODORE LACOMBE (BOU",44.16225,4.62261
201500021992,21,12,15,17,2,30,28,2,1,2,6,"66, ROUTE DE NIMES",44.14993,4.61581
201500021993,25,12,15,13,1,30,28,1,1,1,6,ORSAN (ROUTE D'),0.0,0.0
201500021994,1,1,15,3,5,30,189,2,1,1,6,BOUQUERIE (SQUARE),43.84021,4.35699
201500021995,17,3,15,7,2,30,189,2,3,2,3,PRIMEVERES (CHEMIN),43.85481,4.32175
201500021996,7,12,15,18,2,30,189,2,1,1,2,MENDES FRANCE PIERRE (AV,43.81759,4.39125
201500021997,4,1,15,11,1,30,189,2,3,1,2,TOUR DE L'EVEQUE (RUE),43.8233,4.37126
201500021998,18,3,15,21,3,30,189,1,1,1,1,CANAUX (CHEMIN),0.0,0.0
201500021999,23,11,15,18,5,30,189,2,1,6,1,DON SAUVEUR PAGANELLI (R,0.0,0.0
201500022000,4,1,15,20,5,30,189,2,1,1,3,SAUVE (ROUTE),0.0,0.0
201500022001,20,3,15,13,1,30,189,2,3,1,3,GENERAC (ROUTE),43.8217,4.35945
201500022002,24,11,15,13,1,30,189,2,1,1,6,"GALILEE (RUE, PLACE OU I",0.0,0.0
201500022003,5,1,15,10,1,30,189,2,1,1,7,MAS DE CHEYLON,0.0,0.0
201500022004,21,3,15,1,5,30,189,2,1,1,7,ALLENDE SALVADOR (RUE),43.83332,4.38596
201500022005,26,12,15,12,1,30,189,2,2,1,3,"0, PRIMEVERES (CHEMIN)",43.85481,4.32172
201500022006,5,1,15,14,1,30,189,2,1,1,4,SAINT GILLES (ROUTE),0.0,0.0
201500022007,19,3,15,17,1,30,189,2,3,1,1,DE LATTRE DE TASSIGNY (A,43.84349,4.3852
201500022008,23,11,15,11,1,30,189,1,2,1,3,JAURES JEAN (BOULEVARD),43.8361,4.35278
201500022009,9,1,15,12,1,30,189,2,4,1,3,"122, KENNEDY (AVENUE)",43.82892,4.33591
201500022010,23,3,15,8,1,30,189,2,3,1,6,TALABOT (BOULEVARD),43.83831,4.37234
201500022011,28,12,15,17,5,30,189,2,3,1,3,MARECHAL JUIN (BOULEVARD,43.82116,4.34754
201500022012,11,1,15,15,1,30,189,2,1,1,1,39SERRE PARADIS (CHEMIN),43.84651,4.38076
201500022013,21,3,15,13,1,30,189,2,3,2,3,VIDAL EMILE (RUE),43.82231,4.3623
201500022014,12,1,15,10,1,30,189,2,4,1,3,ALES (ROUTE),0.0,0.0
201500022015,24,3,15,18,5,30,189,1,1,2,6,ARTS (AVENUE),0.0,0.0
201500022016,6,11,15,18,5,30,189,1,1,1,4,GENERAC (ROUTE),0.0,0.0
201500022017,15,1,15,19,5,30,189,2,1,1,3,GARNIER TONY (RUE),43.81512,4.34612
201500022018,21,3,15,17,1,30,189,2,1,2,3,RUE PAUL LAURENT,43.80901,4.36488
201500022019,12,11,15,16,1,30,189,2,1,1,2,ALLENDE SALVADOR (RUE),0.0,0.0
201500022020,16,1,15,12,1,30,189,2,3,2,5,"88, BEAUCAIRE (ROUTE)",43.83768,4.38093
201500022021,24,3,15,12,1,30,189,2,3,1,3,DHUODA (RUE),43.82751,4.35585
201500022022,6,11,15,16,1,30,189,2,1,1,6,"0, TRIAIRE SERGENT (BOUL",0.0,0.0
201500022023,17,1,15,15,1,30,189,2,2,1,7,LESCOT PIERRE (RUE),43.81659,4.34998
201500022024,24,3,15,21,5,30,189,2,3,2,3,ENCLOS GOUBERT (RUE OU I,43.83972,4.37916
201500022025,14,12,15,14,1,30,189,1,3,1,6,TALABOT (BOULEVARD),43.8338,4.36721
201500022026,17,1,15,21,5,30,189,2,6,1,2,BEAUCAIRE (ROUTE),43.83692,4.38769
201500022027,27,3,15,20,5,30,189,1,1,1,2,BOISSY D ANGLAS (ALLEE),43.83292,4.36805
201500022028,30,12,15,14,1,30,189,2,1,1,2,"10, ABRIVADO (RUE)",43.83736,4.39294
201500022029,19,1,15,19,5,30,189,2,1,2,1,"22, RUSSAN (CHEMIN OU RO",43.84832,4.36189
201500022030,31,3,15,10,1,30,189,1,3,1,3,POULX (ROUTE DE),43.89201,4.41885
201500022031,25,12,15,2,5,30,189,2,2,1,3,ALLENDE SALVADOR (RUE),43.82873,4.37699
201500022032,20,1,15,13,1,30,189,2,1,1,6,DAUMIER (RUE),0.0,0.0
201500022033,31,3,15,14,1,30,189,2,3,1,3,SAUVE (RUE),43.83785,4.3499
201500022034,31,12,15,23,3,30,189,1,1,1,7,ALES (ROUTE),43.87055,4.32194
201500022035,20,1,15,18,5,30,189,2,3,1,7,ROUGET DE LISLE (RUE),43.84047,4.3554
201500022036,1,4,15,17,1,30,189,2,9,1,3,baillet claude,43.81181,4.36217
201500022037,22,1,15,8,1,30,189,2,2,1,3,"1, DUBOIS MARIUS (RUE)",43.85049,4.37454
201500022038,3,4,15,15,1,30,189,1,1,1,2,"18, FAITA VINCENT (RUE)",43.84165,4.36717
201500022039,23,1,15,16,1,30,189,2,1,1,7,TRIAIRE SERGENT (BOULEVA,43.82971,4.36179
201500022040,6,4,15,20,5,30,189,2,3,1,1,ROBERVAL GILLES (RUE OU,43.82706,4.33142
201500022041,23,1,15,23,5,30,189,2,1,1,7,CES PHILIPPE LAMOUR,43.83265,4.38488
201500022042,26,1,15,17,1,30,189,2,6,1,3,ALLENDE SALVADOR (RUE),43.81606,4.34819
201500022043,10,4,15,17,1,30,189,1,1,1,6,UZES (ROUTE D'),43.85181,4.37678
201500022044,27,1,15,7,1,30,189,2,1,1,6,"222, KENNEDY (AVENUE)",43.83192,4.34669
201500022045,11,4,15,11,1,30,189,2,3,1,2,ALGER (RUE),43.8328,4.37942
201500022046,2,2,15,17,5,30,189,2,6,1,6,GAMEL PIERRE (AVENUE),43.82503,4.36198
201500022047,13,4,15,19,1,30,189,2,3,1,3,ODELIN JEAN (RUE),43.85126,4.3995
201500022048,24,12,15,3,3,30,189,2,1,1,7,Route Dpartementale 135,43.83519,4.42829
201500022049,2,2,15,17,3,30,189,2,1,1,6,BOSCO HENRI (RUE),43.84875,4.35146
201500022050,15,4,15,15,1,30,189,2,2,1,5,"40 TER, TILLEULS (RUE)",43.83358,4.35027
201500022051,3,2,15,1,5,30,189,2,3,1,3,AVIGNON (ROUTE),43.84162,4.37679
201500022052,17,4,15,9,1,30,189,2,3,1,6,POMPIDOU GEORGES (AVENUE,43.83217,4.34975
201500022053,3,2,15,8,2,30,189,2,1,1,2,ALLENDE SALVADOR (RUE),0.0,0.0
201500022054,17,4,15,19,1,30,189,2,1,1,6,HOTEL DIEU (RUE),0.0,0.0
201500022055,4,2,15,18,2,30,189,2,1,1,5,BOEGNER PASTEUR MARC (BO,0.0,0.0
201500022056,21,4,15,6,2,30,189,2,3,1,4,DAYAN GEORGES (AVENUE),43.82034,4.34027
201500022057,4,12,15,13,1,30,189,2,1,1,5,KENNEDY (AVENUE),0.0,0.0
201500022058,8,2,15,0,5,30,189,2,2,1,2,PREMIERE DIVISION FRANCA,43.8075,4.37164
201500022059,23,4,15,17,1,30,189,2,3,1,2,CLERISSEAU (RUE),43.84136,4.35789
201500022060,19,12,15,22,5,30,189,2,2,2,3,POMPIDOU GEORGES (AVENUE,43.83779,4.34515
201500022061,13,2,15,13,1,30,189,2,3,1,3,MONTJARDIN (RUE),43.83569,4.36532
201500022062,17,4,15,22,5,30,189,2,1,1,2,MARECHAL JUIN (BOULEVARD,43.82106,4.34731
201500022063,13,2,15,19,5,30,189,2,3,1,3,CIGALE (CHEMIN),43.84103,4.34105
201500022064,19,4,15,2,5,30,189,2,2,1,3,FRANCE ANATOLE (RUE),43.84027,4.36664
201500022065,14,2,15,19,5,30,189,2,2,2,3,"22, SULLY (RUE)",43.8436,4.36906
201500022066,24,4,15,17,1,30,189,2,1,1,3,SAUVE (ROUTE),43.85092,4.28151
201500022067,19,2,15,23,5,30,189,2,1,1,2,ALLENDE SALVADOR (RUE),0.0,0.0
201500022068,30,4,15,9,1,30,189,2,3,1,3,CANTE-PERDRIX (CHEMIN),43.81362,4.30604
201500022069,25,2,15,14,1,30,189,2,3,1,2,ALES (ROUTE),43.87188,4.31987
201500022070,2,5,15,14,1,30,189,2,1,1,3,GENERAC (ROUTE),0.0,0.0
201500022071,26,2,15,13,1,30,189,2,1,1,2,BOEGNER PASTEUR MARC (BO,0.0,0.0
201500022072,2,5,15,19,1,30,189,2,3,1,3,SAINTE PERPETUE (RUE),43.8328,4.36944
201500022073,6,3,15,13,1,30,189,2,3,1,3,MAS DE CHEYLON,0.0,0.0
201500022074,30,4,15,15,1,30,189,2,1,1,3,"34, TRIAIRE SERGENT (BOU",43.82946,4.36165
201500022075,10,3,15,16,1,30,189,2,3,1,1,"144, CROIX DE VAUVERT (C",43.81969,4.34664
201500022076,12,3,15,10,1,30,189,2,3,1,3,LIBERTE (AVENUE),43.82379,4.35434
201500022077,5,5,15,14,1,30,189,2,6,1,3,FOUR A CHAUX (ROND POINT,43.81414,4.33478
201500022078,13,3,15,15,1,30,189,2,7,1,3,SEVERINE (IMPACE OU PLAC,43.83021,4.35234
201500022079,12,5,15,18,1,30,189,2,1,1,6,"1311, MARECHAL JUIN (BOU",43.81857,4.34197
201500022080,14,3,15,16,1,30,189,2,1,1,2,FRANCAIS LIBRES (BD),43.83103,4.32286
201500022081,9,5,15,22,5,30,189,2,1,1,7,VICTOR PAUL EMILE  (ROND,43.8175,4.34694
201500022082,15,3,15,6,5,30,189,2,6,2,7,1* DIVISION FRANCAISE LI,43.8235,4.32792
201500022083,5,5,15,12,1,30,189,2,1,1,7,LECLERC GENERAL (AVENUE),43.8283,4.37306
201500022084,15,3,15,19,5,30,189,2,1,2,5,ALES (ROUTE),43.85473,4.33861
201500022085,15,5,15,15,1,30,189,2,3,1,3,LYAUTEY MARECHAL (AVENUE,43.8203,4.32386
201500022086,11,5,15,13,1,30,189,2,1,1,6,", MONNET JEAN (COURS)",0.0,0.0
201500022087,22,5,15,3,5,30,189,2,3,1,6,MAS DE CHEYLON,43.79235,4.34762
201500022088,27,5,15,11,1,30,189,2,2,1,6,TRIAIRE SERGENT (BOULEVA,43.82841,4.35993
201500022089,22,5,15,11,1,30,189,2,2,1,3,GAMEL PIERRE (AVENUE),43.82839,4.35994
201500022090,4,4,15,12,1,30,189,2,1,1,6,"4, GOELANDS (RUE OU PLAC",43.83918,4.31697
201500022091,29,5,15,14,1,30,189,2,1,1,3,"129, AVIGNON (ROUTE)",43.84356,4.38201
201500022092,29,5,15,16,1,30,189,2,1,1,6,CHABAUD MAX (RUE),0.0,0.0
201500022093,28,5,15,9,1,30,189,2,4,1,2,LECLERC GENERAL (AVENUE),43.83027,4.36992
201500022094,28,5,15,9,1,30,189,2,1,1,6,MARRONNIERS (RUE),43.83081,4.36535
201500022095,15,5,15,20,1,30,189,1,3,1,2,SAINT GILLES (ROUTE),43.81514,4.3685
201500022096,11,5,15,8,1,30,189,2,1,1,6,ROUSSEAU  JEAN JACQUES (,43.83672,4.3849
201500022097,25,5,15,17,1,30,189,2,1,1,6,"7, REPUBLIQUE (RUE)",43.83322,4.35925
201500022098,26,5,15,12,1,30,189,2,1,1,7,"7, BOISSIER GASTON (RUE)",43.83843,4.35367
201500022099,29,5,15,5,2,30,189,1,6,1,3,ALLENDE SALVADOR (RUE),43.81759,4.34715
201500022100,1,6,15,18,1,30,189,2,2,1,6,BIENFAISANCE (RUE),43.83378,4.35152
201500022101,4,6,15,18,1,30,189,2,1,1,6,"44, TRIAIRE SERGENT (BOU",43.82843,4.35973
201500022102,5,6,15,9,1,30,189,2,4,1,3,ALLENDE SALVADOR (RUE),43.84741,4.3972
201500022103,4,6,15,19,1,30,189,2,3,1,3,MONTPELLIER (ROUTE DE),43.81079,4.32977
201500022104,13,6,15,16,1,30,189,2,1,1,1,"61, JAURES JEAN (BOULEVA",43.82848,4.35308
201500022105,12,6,15,23,3,30,189,2,1,1,2,BEAUCAIRE (ROUTE),0.0,0.0
201500022106,19,6,15,9,1,30,189,1,1,1,1,KENNEDY (AVENUE),43.81522,4.30423
201500022107,10,6,15,7,1,30,189,2,2,1,6,CITE FOULC (RUE),43.83221,4.36076
201500022108,21,6,15,18,1,30,189,2,3,1,3,MONTPELLIER (ROUTE DE),43.81114,4.33025
201500022109,19,6,15,20,2,30,189,2,2,1,3,BERGSON HENRI (RUE),43.83519,4.3783
201500022110,21,6,15,10,1,30,189,2,2,1,2,ALLENDE SALVADOR (RUE),43.82428,4.36958
201500022111,24,6,15,19,1,30,189,2,3,1,3,ANCIENS COMBATTANTS D IN,43.84014,4.3191
201500022112,17,6,15,19,1,30,189,2,2,1,3,NEPER (RUE),43.8264,4.33176
201500022113,21,6,15,13,1,30,189,2,2,1,3,JAURES JEAN (BOULEVARD),43.82507,4.35406
201500022114,11,6,15,11,1,30,189,2,1,1,3,MONSEIGNEUR CLAVERIE,43.85493,4.39928
201500022115,20,6,15,21,1,30,189,2,1,1,7,ROBERVAL GILLES (RUE OU,43.82727,4.332
201500022116,23,6,15,12,1,30,189,2,1,1,3,BOISSIER GASTON (RUE),43.83843,4.35366
201500022117,28,6,15,17,1,30,189,1,2,1,3,MAS DE CHEYLON,43.81115,4.33024
201500022118,25,6,15,17,1,30,189,2,6,1,3,baillet claude,43.80997,4.35518
201500022119,30,6,15,20,1,30,189,2,1,1,2,"137, BEAUCAIRE (ROUTE)",43.83746,4.3826
201500022120,4,7,15,20,1,30,189,2,1,1,3,SAUVE (ROUTE),43.85092,4.28148
201500022121,10,7,15,10,1,30,189,2,1,1,6,"65, JAURES JEAN (BOULEVA",43.8285,4.3531
201500022122,16,7,15,10,1,30,189,2,2,1,2,BOEGNER PASTEUR MARC (BO,43.82004,4.3359
201500022123,19,7,15,16,1,30,189,2,2,1,3,TALABOT (BOULEVARD),43.83693,4.37121
201500022124,24,7,15,12,1,30,189,2,1,1,6,"25, COURBET AMIRAL (BOUL",43.83908,4.36338
201500022125,14,7,15,17,1,30,189,2,6,1,2,JEAN YVES COUSTEAU ROND,43.8243,4.36962
201500022126,23,6,15,3,5,30,189,1,1,1,7,"10, BROSSOLETTE PIERRE (",43.84273,4.38892
201500022127,28,6,15,20,1,30,189,2,1,1,7,AVIGNON (ANCIENNE ROUTE),43.84107,4.37446
201500022128,10,7,15,21,1,30,189,2,1,1,6,"10, SEMARD PIERRE (RUE)",43.8392,4.36516
201500022129,16,7,15,20,1,30,189,2,2,1,3,ISABELLE (RUE),43.83544,4.34974
201500022130,21,7,15,18,1,30,189,2,3,1,6,"56, LECLERC GENERAL (AVE",43.8286,4.37274
201500022131,24,7,15,19,1,30,189,2,2,1,3,LECLERC GENERAL (AVENUE),43.82747,4.37457
201500022132,2,8,15,0,1,30,189,1,1,1,6,FENELON (RUE),43.83686,4.36681
201500022133,2,8,15,16,1,30,189,2,2,1,3,CAPOUCHINE (CHEMIN),43.81691,4.35302
201500022134,5,8,15,17,1,30,189,2,1,1,6,"1, MARECHAL JUIN (BOULEV",43.8262,4.35313
201500022135,11,8,15,13,1,30,189,2,6,1,3,ALLENDE SALVADOR (RUE),43.82429,4.36958
201500022136,12,8,15,12,1,30,189,2,6,1,3,PAVLOV (AVENUE),43.81309,4.31666
201500022137,11,8,15,20,1,30,189,2,3,1,4,"117, SAUVE (ROUTE)",43.8372,4.32861
201500022138,14,8,15,14,1,30,189,2,2,1,3,FLORIAN (RUE),43.8346,4.34923
201500022139,26,8,15,15,1,30,189,2,6,1,4,ALLENDE SALVADOR (RUE),43.83683,4.38823
201500022140,19,7,15,22,5,30,189,2,4,1,3,DAYAN GEORGES (AVENUE),43.82229,4.34595
201500022141,28,7,15,17,1,30,189,2,3,1,2,MENDES FRANCE PIERRE (AV,43.82736,4.37473
201500022142,27,8,15,7,1,30,189,2,2,1,3,MITTERAND FRANCOIS (AVEN,43.81789,4.3609
201500022143,27,8,15,9,1,30,189,2,3,1,3,JAURES JEAN (BOULEVARD),43.82498,4.35391
201500022144,22,7,15,20,1,30,189,2,4,1,3,MARECHAL JUIN (BOULEVARD,43.82107,4.34732
201500022145,13,7,15,16,1,30,189,2,1,1,2,UZES (ROUTE D'),43.91795,4.38817
201500022146,20,9,15,0,5,30,189,2,3,1,3,ARNAUD GUY,43.83199,4.33129
201500022147,17,7,15,17,1,30,189,2,1,1,2,ALLENDE SALVADOR (RUE),0.0,0.0
201500022148,3,7,15,13,1,30,189,2,3,1,3,SULLY (RUE),43.84057,4.37215
201500022149,2,9,15,6,2,30,189,2,2,1,3,BOUVINE (AVENUE),43.81691,4.35303
201500022150,3,9,15,8,1,30,189,2,1,1,2,TALABOT (BOULEVARD),0.0,0.0
201500022151,28,8,15,10,1,30,189,2,1,1,3,AVIGNON (ROUTE),43.85863,4.40704
201500022152,8,9,15,13,1,30,189,2,3,1,3,LIBERTE (AVENUE),43.8213,4.35639
201500022153,8,9,15,8,1,30,189,2,2,1,3,"12, RICHELIEU (RUE)",43.84026,4.36666
201500022154,14,9,15,19,1,30,189,2,3,1,3,PRIMEVERES (CHEMIN),43.8548,4.32178
201500022155,14,9,15,18,1,30,189,2,1,1,6,"155, CABANES  (RUE)",43.84056,4.38451
201500022156,20,8,15,18,1,30,189,2,4,1,3,ALES (ROUTE),43.83797,4.34508
201500022157,6,9,15,1,5,30,189,2,2,1,3,TALABOT (BOULEVARD),43.83692,4.3711
201500022158,8,9,15,17,1,30,189,1,1,1,6,COURBESSAC (ROUTE),43.85539,4.4
201500022159,16,9,15,10,1,30,189,1,1,1,1,"79, KENNEDY (AVENUE)",43.83216,4.34964
201500022160,21,9,15,21,5,30,189,2,3,1,3,LECLERC GENERAL (AVENUE),43.82941,4.37134
201500022161,26,9,15,9,1,30,189,2,3,1,3,LAURIERS  (RUE),43.81672,4.35136
201500022162,24,9,15,14,1,30,189,2,2,1,3,KENNEDY (AVENUE),43.82639,4.33178
201500022163,8,8,15,14,1,30,189,2,2,1,3,SEGUIER (RUE),43.83764,4.36703
201500022164,27,8,15,15,1,30,189,2,2,1,3,PRIMEVERES (CHEMIN),43.85481,4.32175
201500022165,25,9,15,23,5,30,189,2,2,1,3,AVIGNON (ROUTE),43.84083,4.37333
201500022166,3,10,15,20,3,30,189,1,3,2,7,POULX (ROUTE DE),43.89202,4.41886
201500022167,5,10,15,0,3,30,189,2,1,1,7,BEAUCAIRE (ROUTE),43.83423,4.41497
201500022168,10,10,15,5,3,30,189,2,1,1,7,ALES (ROUTE),43.90528,4.27806
201500022169,6,10,15,9,1,30,189,2,3,1,3,FORT (RUE),43.84116,4.35664
201500022170,14,10,15,14,1,30,189,2,1,1,7,"216, ALES (ROUTE)",43.85716,4.33705
201500022171,18,10,15,22,3,30,189,2,2,1,6,PORTE DE FRANCE (RUE),43.83452,4.35685
201500022172,11,10,15,20,3,30,189,2,3,1,3,SAINT GILLES (ROUTE),43.76466,4.40563
201500022173,16,10,15,16,1,30,189,1,1,1,2,KENNEDY (AVENUE),0.0,0.0
201500022174,20,10,15,3,5,30,189,1,2,1,2,MONTPELLIER (ROUTE DE),43.81116,4.33024
201500022175,15,10,15,22,5,30,189,2,2,1,7,TRIAIRE SERGENT (BOULEVA,43.8267,4.3568
201500022176,22,10,15,2,5,30,189,2,1,1,6,"63, UZES (ROUTE D')",43.85041,4.37444
201500022177,5,9,15,20,3,30,189,2,2,1,3,ROUMANILLE (RUE),43.82846,4.35392
201500022178,15,9,15,22,5,30,189,2,1,1,7,LECLERC GENERAL (AVENUE),43.83339,4.36776
201500022179,30,10,15,14,1,30,189,2,3,1,3,JAURES JEAN (BOULEVARD),43.82828,4.35268
201500022180,31,10,15,0,5,30,189,2,1,1,6,"7, GAMBETTA (BD)",43.84027,4.3574
201500022181,21,10,15,8,1,30,189,1,1,1,1,CANAUX (CHEMIN),0.0,0.0
201500022182,4,11,15,21,5,30,189,2,1,1,7,ARENES (BOULEVARD),0.0,0.0
201500022183,12,10,15,15,1,30,189,2,3,2,2,ALLENDE SALVADOR (RUE),43.82002,4.35809
201500022184,7,11,15,23,5,30,189,2,1,1,1,ABRIVADO (RUE),43.8389,4.3903
201500022185,12,11,15,17,2,30,189,2,2,1,6,THALES (RUE OU PLACE),43.83017,4.33235
201500022186,12,11,15,14,1,30,189,2,2,1,3,"1, GARONS (RUE)",43.8339,4.36838
201500022187,12,11,15,21,3,30,189,2,1,1,6,SAUVE (ROUTE),43.84649,4.29496
201500022188,19,11,15,18,2,30,189,2,4,1,3,REPUBLIQUE (RUE),43.83183,4.35754
201500022189,20,11,15,19,5,30,189,2,1,1,4,ALLENDE SALVADOR (RUE),0.0,0.0
201500022190,24,11,15,15,1,30,189,2,2,1,3,MISTRAL FREDERIC (RUE),43.83,4.35056
201500022191,12,11,15,10,1,30,189,2,1,1,2,"35, GAMBETTA (BD)",43.84045,4.36139
201500022192,12,11,15,19,5,30,189,2,3,1,1,FAITA VINCENT (RUE),43.84902,4.37369
201500022193,24,11,15,23,5,30,189,2,3,1,3,FOLCO DE BARONCELLI (RUE,43.84833,4.36281
201500022194,30,11,15,16,1,30,189,1,1,1,4,ALES (ROUTE),43.85428,4.32178
201500022195,13,11,15,9,1,30,189,2,4,1,3,BONFA (RUE),43.84592,4.3622
201500022196,15,10,15,11,1,30,189,2,1,1,3,"18, TALABOT (BOULEVARD)",43.83526,4.36979
201500022197,29,10,15,17,5,30,189,2,1,1,3,"6, FRENAY HENRI (RUE)",43.84721,4.383
201500022198,2,10,15,10,1,30,189,2,1,1,2,MONTPELLIER (ROUTE DE),0.0,0.0
201500022199,18,10,15,3,5,30,189,2,3,1,3,JAURES JEAN (BOULEVARD),43.82997,4.35267