Num_Acc,jour,mois,an,hr,condition_eclairage,departement,commune,condition_agglomeration,intersection,condition_atmosphere,type_collision,adresse,lattitude,longitude
201500022200,26,11,15,20,5,30,189,1,3,1,2,ALLENDE SALVADOR (RUE),43.84742,4.3972
201500022201,5,12,15,16,2,30,189,2,2,2,3,"24, JAURES JEAN (BOULEVA",43.83608,4.3504
201500022202,24,10,15,0,5,30,189,2,3,1,2,MENDES FRANCE PIERRE (AV,43.81416,4.39699
201500022203,1,12,15,16,1,30,189,2,1,1,2,GOELANDS (RUE OU PLACE),43.8398,4.3178
201500022204,10,12,15,8,1,30,189,1,1,1,6,"165, TOUR DE L'EVEQUE (R",43.82269,4.37013
201500022205,12,12,15,2,5,30,189,2,6,1,7,ALLENDE SALVADOR (RUE),43.82205,4.36499
201500022206,20,11,15,15,1,30,189,1,1,1,6,baillet claude,0.0,0.0
201500022207,16,12,15,16,1,30,189,2,3,1,1,DAYAN GEORGES (AVENUE),43.82263,4.34769
201500022208,20,12,15,1,5,30,189,1,6,2,3,ALLENDE SALVADOR (RUE),43.83684,4.38822
201500022209,26,11,15,17,2,30,189,2,1,1,6,SAINT GILLES (ROUTE),43.81679,4.36714
201500022210,17,12,15,21,5,30,189,2,3,1,3,"17, JAURES JEAN (BOULEVA",43.8356,4.35099
201500022211,15,8,15,9,1,63,68,1,2,1,3,,45.9452,3.1396
201500022212,14,4,15,18,1,63,93,1,1,1,6,,0.0,0.0
201500022213,30,5,15,21,3,63,358,1,1,1,7,,46.03001,3.02371
201500022214,5,7,15,14,1,63,198,1,4,1,3,,0.0,0.0
201500022215,21,8,15,20,1,63,329,1,1,1,6,,46.06654,2.82178
201500022216,14,9,15,12,1,63,464,1,1,2,6,,45.98,2.925
201500022217,8,11,15,10,1,63,388,1,1,1,3,,0.0,0.0
201500022218,26,7,15,19,1,63,219,2,1,1,3,Champille,0.0,0.0
201500022219,8,8,15,19,2,63,219,1,1,8,7,,45.785,2.859
201500022220,27,8,15,11,1,23,170,2,1,1,6,route de peyrabout,46.10403,1.90409
201500022221,4,9,15,21,5,23,247,2,1,1,6,,46.20329,1.76764
201500022222,16,9,15,8,1,23,92,1,1,2,1,,46.25114,1.90258
201500022223,17,9,15,13,1,23,68,2,9,2,1,rue de  mme  COPIN,46.13904,2.10848
201500022224,23,9,15,18,1,23,193,1,1,1,1,,46.15008,1.9088
201500022225,30,10,15,18,5,23,92,1,1,1,6,,46.237,1.915
201500022226,4,11,15,3,3,23,1,1,1,8,6,,46.058,2.041
201500022227,6,11,15,9,1,23,92,1,1,1,6,,46.233,1.918
201500022228,15,11,15,12,1,23,1,1,1,1,6,,46.102,2.012
201500022229,8,12,15,18,3,23,95,1,1,2,6,,0.0,0.0
201500022230,9,12,15,14,1,23,186,1,1,1,6,,46.104,1.859
201500022231,26,12,15,15,1,23,245,1,1,7,1,,46.213,1.862
201500022232,24,1,15,10,1,23,2,1,1,4,4,,46.20066,1.97073
201500022233,29,6,15,16,1,23,1,1,1,1,7,,46.09734,2.00789
201500022234,2,7,15,8,1,23,206,2,1,1,2,9 rue de la liberté,46.16469,1.96306
201500022235,19,7,15,21,2,23,193,1,1,1,6,,46.18368,1.92092
201500022236,5,8,15,22,3,23,4,1,1,1,6,,46.27538,1.81498
201500022237,1,1,15,1,3,26,191,1,1,1,7,RD 169,0.0,0.0
201500022238,2,1,15,14,1,26,169,1,1,1,2,SORTIE A7 MALATAVERNE,0.0,0.0
201500022239,3,1,15,21,3,26,345,1,1,8,7,ROUTE DE SAINT PAUL,0.0,0.0
201500022240,25,1,15,2,3,26,176,1,1,6,6,LES ANDRANS,0.0,0.0
201500022241,25,1,15,7,1,26,106,2,1,1,6,LA COUCOURDE,0.0,0.0
201500022242,10,2,15,16,1,26,324,1,1,6,6,LES LONNES,0.0,0.0
201500022243,16,2,15,18,1,26,357,1,1,1,3,LE PEYRON,0.0,0.0
201500022244,19,2,15,16,1,26,345,1,1,1,1,LA BORIE,0.0,0.0
201500022245,26,2,15,14,1,26,121,1,3,1,3,RTE ESPELUCHE,0.0,0.0
201500022246,3,3,15,18,3,26,33,1,1,1,3,RTE DE MONTSEGUR,0.0,0.0
201500022247,8,3,15,16,1,26,211,2,1,1,3,AVENUE JOSEPH MAUGARD,0.0,0.0
201500022248,11,3,15,21,3,26,235,1,3,1,1,RN 7,0.0,0.0
201500022249,16,3,15,17,1,26,176,1,2,1,1,DARNE,0.0,0.0
201500022250,25,3,15,8,2,26,176,1,1,2,3,LE CHERRY,0.0,0.0
201500022251,21,4,15,12,1,26,339,1,1,1,6,SARRAGNANT,0.0,0.0
201500022252,22,4,15,15,1,26,5,1,1,1,6,BONDONNEAU,0.0,0.0
201500022253,17,5,15,17,1,26,353,1,1,1,1,BELFOND,0.0,0.0
201500022254,23,5,15,5,3,26,339,1,1,1,3,LE MARAIS,0.0,0.0
201500022255,31,5,15,18,1,26,235,1,1,1,4,LES BLACHES,0.0,0.0
201500022256,2,6,15,23,3,26,324,1,1,1,2,LES GARRIGUES,0.0,0.0
201500022257,4,6,15,17,1,26,338,2,1,1,1,IMPASSE DE LA DAME,44.6001,4.8164
201500022258,6,6,15,6,2,26,339,1,1,1,2,LAMOTTE,0.0,0.0
201500022259,9,6,15,19,1,26,360,1,1,1,6,CHABANES,0.0,0.0
201500022260,28,6,15,2,3,26,5,1,1,1,6,CHEMIN DE ROUNY,44.4844,4.7861
201500022261,27,6,15,22,3,26,95,1,3,1,6,LES EYGRETTES,0.0,0.0
201500022262,6,7,15,10,1,26,5,1,1,1,6,LA BARQUE,0.0,0.0
201500022263,6,7,15,21,1,26,345,1,2,1,1,ROUTE DE TULETTE,0.0,0.0
201500022264,7,7,15,8,1,26,339,1,1,1,5,LES ROCHES,0.0,0.0
201500022265,14,7,15,1,3,26,357,1,1,1,7,COSTEBELLE,0.0,0.0
201500022266,22,7,15,23,3,26,85,1,1,1,2,AV DE MONTELIMAR,0.0,0.0
201500022267,24,7,15,11,1,26,106,1,1,1,3,MOULINAS,0.0,0.0
201500022268,5,8,15,18,1,26,235,2,3,7,1,AV GERARD PHILIPPE,44.3708,4.7103
201500022269,8,8,15,12,1,26,106,2,1,1,1,MIRGALLAND,0.0,0.0
201500022270,13,7,15,19,1,26,116,1,1,1,7,AV DU RHONE,0.0,0.0
201500022271,14,8,15,23,5,26,353,2,1,1,6,AVENUE BLOMARD,44.6605,4.793
201500022272,20,8,15,18,3,26,324,1,1,1,5,A7,0.0,0.0
201500022273,13,9,15,0,3,26,339,1,4,3,3,SERRIES,0.0,0.0
201500022274,18,9,15,15,1,26,176,2,1,1,6,AVENUE ALBIN  DAVIN,0.0,0.0
201500022275,28,9,15,16,1,26,345,2,1,1,3,D 94,0.0,0.0
201500022276,3,10,15,5,3,26,345,1,1,2,6,RTE DE BOLLENE,0.0,0.0
201500022277,10,10,15,4,5,26,345,2,6,1,6,VILLAGE,0.0,0.0
201500022278,23,10,15,21,3,26,275,1,1,1,6,LE CHAMP DE NIELLE,0.0,0.0
201500022279,24,10,15,5,3,26,326,1,1,1,6,LA BISTOURE,0.0,0.0
201500022280,8,11,15,9,1,26,338,1,1,5,1,,0.0,0.0
201500022281,20,11,15,18,3,26,5,1,3,1,6,,0.0,0.0
201500022282,1,12,15,13,1,26,169,1,1,1,3,,0.0,0.0
201500022283,17,12,15,7,3,26,169,1,1,5,6,SAINTE AGNES,0.0,0.0
201500022284,27,6,15,13,1,84,29,2,1,1,1,Rue Canredon,44.1683,4.85727
201500022285,18,7,15,7,1,84,28,1,1,1,7,,44.23848,4.90975
201500022286,29,10,15,4,3,84,91,1,1,1,7,,44.15,4.767
201500022287,17,5,15,8,3,26,138,1,1,1,6,LES ROCHETTES,44.3995,4.7576
201500022288,6,1,15,7,3,67,107,1,1,9,1,,0.0,0.0
201500022289,31,1,15,9,1,35,345,2,1,4,6,4 rue docmael,48.37084,-1.92621
201500022290,16,5,15,16,1,35,85,1,1,1,3,,48.36342,-1.87672
201500022291,11,6,15,7,1,35,29,1,1,1,3,Les Rieux,48.47809,-1.73637
201500022292,28,6,15,10,1,35,226,1,2,1,5,,48.41237,-1.92421
201500022293,9,9,15,13,1,35,56,2,1,1,6,le bourg,48.3839,-1.82486
201500022294,11,9,15,14,1,35,172,1,2,1,6,,48.415,-1.83914
201500022295,11,9,15,14,1,35,226,1,1,1,1,,48.42791,-1.91027
201500022296,16,9,15,8,1,35,265,1,1,2,3,La Marre Hervé,48.36647,-1.86297
201500022297,9,10,15,14,1,35,308,1,1,1,3,,48.45672,-1.91528
201500022298,29,11,15,6,2,35,265,1,1,1,7,,48.35553,-1.86746
201500022299,2,3,15,15,1,27,507,2,3,1,1,Rue d'Osmoy,48.90266,1.2776
201500022300,11,3,15,11,1,27,154,1,1,1,2,,48.86737,1.17741
201500022301,18,6,15,8,1,27,306,1,1,1,6,,48.97626,1.19986
201500022302,7,7,15,18,1,27,301,2,1,1,3,D547,48.94277,1.19686
201500022303,22,7,15,17,1,27,621,2,1,1,6,le buisson messire rober,48.9307,1.33741
201500022304,20,9,15,11,1,84,122,2,1,1,3,BD DU COMTAT VENAISSIN,44.108,4.954
201500022305,13,1,15,13,1,62,748,1,1,3,3,,50.95785,2.12639
201500022306,22,2,15,5,3,83,85,1,1,2,7,,0.0,0.0
201500022307,21,3,15,14,1,83,134,2,1,2,1,route de Lorgues,0.0,0.0
201500022308,9,4,15,17,1,83,148,2,6,1,3,chemin du Pommier,43.42595,6.43859
201500022309,28,5,15,6,1,83,86,1,3,1,3,,0.0,0.0
201500022310,12,7,15,11,1,83,4,1,6,1,6,,43.46154,6.48879
201500022311,23,7,15,15,1,83,4,1,1,1,4,,43.45078,6.49552
201500022312,25,7,15,14,1,83,134,1,1,1,1,,43.4489,6.44052
201500022313,13,8,15,11,1,83,4,1,1,1,6,,0.0,0.0
201500022314,25,9,15,13,1,83,4,1,1,1,1,,0.0,0.0
201500022315,5,10,15,17,1,83,86,2,1,1,4,687 route d'aix,0.0,0.0
201500022316,2,2,15,14,1,54,432,1,1,8,2,Rue Albert Martin,0.0,0.0
201500022317,30,3,15,18,1,54,196,1,1,1,3,,48.553,6.187
201500022318,4,6,15,14,1,54,513,1,1,1,3,,48.457,6.128
201500022319,7,6,15,19,1,54,196,1,2,1,3,,48.5518,6.191
201500022320,27,6,15,0,3,54,235,1,1,1,7,,48.48745,6.01284
201500022321,21,7,15,21,1,54,32,1,1,1,7,Rue du Chateau,0.0,0.0
201500022322,11,8,15,17,1,54,109,2,1,1,1,route de tantonville,48.52395,6.15976
201500022323,6,9,15,19,2,54,597,1,1,1,7,,48.436,6.16
201500022324,3,10,15,8,1,54,397,2,9,1,6,1137 rue pasteur,48.609,6.088
201500022325,6,11,15,19,3,54,459,1,1,2,3,,48.59092,6.16837
201500022326,11,11,15,18,3,54,132,1,1,1,1,,48.51842,6.14102
201500022327,26,11,15,20,5,54,397,2,1,1,1,rue victor hugo,48.027,6.192
201500022328,24,2,15,18,3,50,79,1,1,6,3,,44.95625,6.54774
201500022329,3,3,15,21,3,50,174,1,1,1,1,N 94,44.91375,6.67371
201500022330,11,10,15,21,3,50,107,1,1,1,2,,44.86556,6.5998
201500022331,11,10,15,16,1,50,85,1,1,1,3,,44.92532,6.69023
201500022332,18,3,15,19,2,55,532,1,1,1,7,,0.0,0.0
201500022333,27,10,15,18,2,55,414,1,1,1,5,,0.0,0.0
201500022334,9,11,15,18,5,55,366,1,1,1,1,,0.0,0.0
201500022335,24,5,15,16,1,67,280,1,1,1,2,,0.0,0.0
201500022336,13,7,15,6,1,67,22,2,1,1,6,route de fouchy,0.0,0.0
201500022337,21,9,15,2,3,67,73,1,1,1,6,,0.0,0.0
201500022338,10,1,15,15,1,31,483,2,1,1,2,PHOEBUS GASTON (AVENUE),43.10623,0.72248
201500022339,24,3,15,17,1,31,483,2,1,2,3,"52, JOFFRE (AVENUE DU MA",43.10856,0.71243
201500022340,15,1,15,10,1,31,483,2,1,1,6,"13, ENCORE (BOULEVAR D')",43.11488,0.73187
201500022341,30,3,15,11,1,31,483,2,4,1,1,ASTIE PIERRE (RUE),43.10479,0.72664
201500022342,7,1,15,15,1,31,483,2,1,1,7,"02, MARSOULAS ( RUE DE )",43.10975,0.72921
201500022343,12,4,15,19,1,31,483,2,3,1,7,RTE CAZAUX/BD SOUMES,43.12184,0.72592
201500022344,12,2,15,17,1,31,565,1,4,1,3,D 8/rue hountagnère,43.09665,0.70545
201500022345,27,4,15,15,1,31,344,1,1,1,7,ASPET (ROUTE),0.0,0.0
201500022346,13,2,15,17,1,31,483,2,1,1,6,"75, JOFFRE (AVENUE DU MA",43.10869,0.71215
201500022347,30,4,15,18,1,31,483,2,6,1,3,GASCOGNE (ALLEE DE ),43.11289,0.72088
201500022348,7,5,15,12,1,31,483,2,1,1,3,"27, INDEPENDANCE (RUE DE",43.10835,0.71825
201500022349,6,5,15,11,1,31,483,1,1,1,4,"100, FRANCOIS MITTERAND",43.11134,0.74028
201500022350,11,5,15,12,1,31,483,2,1,1,6,BEPMALE JEAN (BOULEVARD),43.10626,0.72213
201500022351,12,5,15,15,1,31,483,2,3,1,6,COMET SIMON (RUE),43.10906,0.72246
201500022352,15,5,15,18,1,31,483,2,1,1,6,MONTAGUT HENRI (AVENUE),43.10811,0.72664
201500022353,17,5,15,1,3,31,483,2,1,1,6,SOUMES (BOULEVARD DU),43.11924,0.72102
201500022354,1,6,15,9,1,31,483,2,3,1,2,BOULOGNE (AVE)/BD GAULLE,43.1093,0.72341
201500022355,1,6,15,16,1,31,483,2,1,1,6,26 GAULLE (BLD CHARLES),43.10928,0.72523
201500022356,8,6,15,10,1,31,483,2,1,1,3,"94, FRANCOIS MITTERAND",43.11121,0.73977
201500022357,12,6,15,17,1,31,483,2,1,2,6,"108, FRANCOIS MITTERAND",43.11162,0.74217
201500022358,17,7,15,23,3,31,483,2,1,8,7,SOMMER RAYMOND (BOULEVAR,43.09864,0.70973
201500022359,26,7,15,11,1,31,483,2,9,1,2,SOMMER RAYMOND (BOULEVAR,43.10383,0.7103
201500022360,28,7,15,17,1,31,483,1,1,1,6,DREYFUS RENE ( AVE),43.1105,0.70622
201500022361,31,7,15,10,1,31,483,1,1,2,6,ROUTE DE LA SERRE D,43.12131,0.71139
201500022362,8,8,15,19,1,31,483,2,2,2,3,BOULOGNE (AVENUE DE),43.11536,0.71714
201500022363,11,8,15,13,1,31,483,2,1,1,6,"541, DREYFUS RENE ( AVEN",43.11058,0.70246
201500022364,12,8,15,20,1,31,565,1,1,1,7,BOUT DU PUY (RUE DU),43.09433,0.70924
201500022365,18,8,15,18,1,31,483,1,1,2,7,"3411, ROUTE DE LA SERRE",43.14367,0.73807
201500022366,31,8,15,13,1,31,483,2,3,1,2,"9, ENCORE (BOULEVAR D')",43.11511,0.73252
201500022367,8,9,15,10,1,31,483,2,3,1,2,"51, JOFFRE (AVE MARECHA",43.10796,0.71587
201500022368,15,9,15,9,1,31,483,2,1,1,7,"22, AZEMAR EUGENE (BOULE",43.10662,0.72093
201500022369,14,9,15,18,1,31,483,2,2,2,3,HUGO VICTOR (RUE),43.10737,0.72379
201500022370,18,9,15,10,1,31,483,2,3,1,1,"30, BL WIMILLE/RUE POZZI",43.10805,0.70941
201500022371,7,10,15,11,1,31,483,2,2,1,1,"38, FRANCOIS MITTERAND (",43.10979,0.7314
201500022372,6,10,15,12,1,31,344,1,3,1,2,POINTIS INARD (ROUTE DE),43.09695,0.78261
201500022373,16,10,15,9,1,31,483,2,3,1,3,BOULOGNE (AVENUE DE),43.11189,0.72226
201500022374,19,10,15,18,1,31,483,2,1,1,6,"5, GASCOGNE (ALLEE DE )",43.11342,0.72153
201500022375,24,10,15,15,1,31,483,1,1,1,7,D921,43.09286,0.724
201500022376,2,11,15,12,1,31,483,2,1,1,7,"40, ISLE (AVENUE DE L')",43.11979,0.72577
201500022377,6,11,15,12,1,31,483,1,1,1,1,ROUTE DE LA SERRE DE CAZ,43.1273,0.72445
201500022378,9,11,15,10,1,31,483,1,1,1,3,"1, GRAVIERE (CHEMIN DE L",43.10502,0.69674
201500022379,18,11,15,15,1,31,483,1,3,1,2,ETANCELIN PHILIPPE (RUE),43.10213,0.705
201500022380,3,12,15,10,1,31,483,2,1,1,6,ISLE (AVENUE DE L'),43.11292,0.72592
201500022381,9,12,15,16,1,31,483,2,3,1,3,LAVOISIER (RUE),43.10836,0.71671
201500022382,11,12,15,20,5,31,565,1,1,1,6,MURAILLETTES (RUE DES),43.09429,0.70944
201500022383,16,12,15,18,5,31,483,2,1,1,2,BOUERY ANDRE (AVENUE),43.09899,0.73228
201500022384,17,12,15,15,1,31,483,2,1,1,3,"17, GAULLE (BOULEVARD CH",43.10892,0.72228
201500022385,28,5,15,20,1,69,277,2,1,1,6,rue antoine roybet,0.0,0.0
201500022386,13,7,15,19,1,69,285,1,6,1,5,,0.0,0.0
201500022387,20,7,15,20,2,69,279,2,7,1,6,place general de gaulle,45.7969,5.04874
201500022388,4,8,15,18,1,69,277,2,1,1,1,CD 29,0.0,0.0
201500022389,28,8,15,13,1,69,277,2,1,1,3,RUE aNTOINE pINAY,0.0,0.0
201500022390,9,11,15,16,1,69,277,1,1,1,6,,0.0,0.0
201500022391,2,1,15,16,1,31,555,2,6,1,3,RUE EDMOND ROSTAND,0.0,0.0
201500022392,18,3,15,19,5,31,555,2,1,1,1,"100, RTE DE LABEGE",0.0,0.0
201500022393,31,12,15,10,1,31,555,2,1,2,3,"45, BD LAZARE CARNOT",0.0,0.0
201500022394,3,1,15,4,5,31,555,2,2,1,6,RTE DE LAUNAGUET,0.0,0.0
201500022395,17,3,15,10,1,31,555,2,1,1,1,"76, RUE DE PERIOLE",0.0,0.0
201500022396,31,12,15,9,1,31,557,2,1,1,6,LECLERC (AV DU GAL),43.57553,1.32848
201500022397,3,1,15,18,3,31,555,2,9,9,1,"999, AV JEAN ZAY",0.0,0.0
201500022398,17,3,15,8,1,31,555,2,1,1,2,"11, CHE DES PRADETTES",0.0,0.0
201500022399,6,1,15,16,1,31,555,2,1,1,6,"999, RUE DES TOURNEURS",0.0,0.0
201500022400,19,3,15,1,5,31,555,2,2,1,3,"999, AV DES MINIMES",0.0,0.0
201500022401,7,1,15,7,2,31,555,2,1,1,6,"999, AV DE LA GLOIRE",0.0,0.0
201500022402,16,3,15,19,5,31,557,2,3,1,1,LARDENNE (AVDE)/MONTAGNE,43.58993,1.3698
201500022403,7,1,15,18,5,31,555,1,1,1,4,VA007342 LA CEPIERE A620,43.5916,1.39871
201500022404,19,3,15,9,1,31,555,2,1,1,6,"25, URSS (AV DE L) DU 1A",0.0,0.0
201500022405,8,1,15,10,1,31,555,1,1,1,3,VA007554 LASBORDES A61 S,0.0,0.0
201500022406,19,3,15,9,1,31,555,2,3,1,6,"63 Bis, MURET (AV DE) DU",0.0,0.0
201500022407,7,1,15,19,3,31,149,2,1,9,6,ORMEAU (CHEMIN DE L),43.61697,1.32999
201500022408,21,3,15,12,1,31,555,2,1,1,3,"999, BD LASCROSSES",0.0,0.0
201500022409,8,1,15,5,4,31,69,2,1,5,2,FIL D'ARIANE (RD902),43.6495,1.36555
201500022410,22,3,15,7,2,31,555,2,1,3,2,"2, AV JEAN RIEUX",0.0,0.0
201500022411,8,1,15,6,5,31,555,1,1,5,6,VA007456 SESQUIERES A620,0.0,0.0
201500022412,21,3,15,23,5,31,555,2,1,2,6,"999, BD DES MINIMES",0.0,0.0
201500022413,8,1,15,12,1,31,69,2,1,1,3,ZOLA (ALL EMILE),43.64367,1.37076
201500022414,22,3,15,11,1,31,555,1,1,2,7,19 LE PALAYS (PEAGE SUD),0.0,0.0
201500022415,8,1,15,23,5,31,555,2,2,1,3,"97, BD DE SUISSE",0.0,0.0
201500022416,23,3,15,18,1,31,555,2,3,1,3,"43, GARROS/MONTMORENCY",0.0,0.0
201500022417,9,1,15,16,1,31,555,2,1,1,3,"3, AV ARTHUR HUC",0.0,0.0
201500022418,25,3,15,19,5,31,555,2,3,1,3,RTE DE LAUNAGUET,0.0,0.0
201500022419,12,1,15,15,1,31,555,1,1,1,2,VA007331 A620,0.0,0.0
201500022420,26,3,15,8,1,31,555,1,1,1,7,"999, VITET (rue Louis) d",0.0,0.0
201500022421,13,1,15,9,1,31,555,2,1,1,6,"6, RUE ALAIN FOURNIER",0.0,0.0
201500022422,26,3,15,18,2,31,555,2,1,1,6,"5, BONNAT (RUE) DU 1AU 1",0.0,0.0
201500022423,13,1,15,17,1,31,555,2,1,1,5,"161, RTE D ALBI",0.0,0.0
201500022424,27,3,15,8,1,31,555,1,1,1,3,"999, SAINT SAUVEUR (PORT",0.0,0.0
201500022425,15,1,15,12,1,31,555,2,1,1,1,"66, AV DES ETATS UNIS",0.0,0.0
201500022426,27,3,15,20,5,31,555,2,1,1,3,"999, RTE D AGDE",0.0,0.0
201500022427,14,1,15,22,5,31,555,2,1,1,6,"999, AV M BOURGES MAUNOU",0.0,0.0
201500022428,27,3,15,16,1,31,555,2,3,1,6,CHE DU CHATEAU DE L HERS,0.0,0.0
201500022429,15,1,15,9,1,31,555,2,1,1,3,"16 BIS, AV EDOUARD BELIN",0.0,0.0
201500022430,28,3,15,12,1,31,555,2,1,1,3,"999, RUE DES ARCS SAINT",0.0,0.0
201500022431,13,1,15,10,1,31,555,2,1,1,3,"999, RUE DE PERIOLE",0.0,0.0
201500022432,28,3,15,14,1,31,555,1,1,1,6,"70, AV DE GRANDE BRETAGN",0.0,0.0
201500022433,15,1,15,8,1,31,555,1,1,2,2,VA007604 DEMOISELLESA620,43.5702,1.47757
201500022434,28,3,15,22,5,31,555,2,1,1,3,"999, RUE DE METZ",0.0,0.0
201500022435,15,1,15,8,1,31,555,2,1,1,2,"81, BD DELTOUR",0.0,0.0
201500022436,29,3,15,11,1,31,555,2,1,1,1,"999, BOULINGRIN (ROND PO",0.0,0.0
201500022437,15,1,15,17,1,31,555,2,1,1,2,"999, ALL JULES GUESDE",0.0,0.0
201500022438,26,3,15,21,5,31,557,2,1,1,2,"3, HAUT SAUT (CH DE L')",43.56251,1.33878
201500022439,15,1,15,18,3,31,555,1,1,1,2,VA007566 MONTAUDRAN A61,0.0,0.0
201500022440,31,3,15,7,1,31,149,2,1,1,2,RN124,0.0,0.0
201500022441,15,1,15,18,5,31,555,1,1,1,6,VA007355 PURPAN A620 Sor,0.0,0.0
201500022442,2,4,15,8,1,31,555,2,1,1,3,"21, RUE PAUL VALERY",0.0,0.0
201500022443,17,1,15,16,1,31,555,2,1,1,3,"0, AV JEAN RIEUX",0.0,0.0
201500022444,2,4,15,15,1,31,555,2,1,1,2,"180, AV DE CASTRES",0.0,0.0
201500022445,18,1,15,12,1,31,555,2,1,1,6,"999, PL DU DR JOSEPH BAY",0.0,0.0
201500022446,2,4,15,8,1,31,555,2,1,1,1,"999, RUE LUDWIG VAN BEET",0.0,0.0
201500022447,18,1,15,0,5,31,555,2,1,2,7,"999, BD DES CRETES",0.0,0.0
201500022448,4,4,15,8,1,31,555,2,1,1,7,"129, RUE PIERRE CAZENEUV",0.0,0.0
201500022449,19,1,15,14,1,31,555,2,1,2,2,"999, BD DE STRASBOURG",0.0,0.0
201500022450,4,4,15,8,1,31,555,2,1,1,6,"46, RUE DE NEGRENEYS",0.0,0.0
201500022451,15,1,15,9,1,31,555,2,1,1,3,ALL DU LT LUCIEN LAFAY,0.0,0.0
201500022452,4,4,15,16,1,31,555,2,1,1,3,"61, AV JULES JULIEN",0.0,0.0
201500022453,21,1,15,5,1,31,555,1,1,1,2,VA007331 A620,43.5833,1.40358
201500022454,4,4,15,19,1,31,555,2,1,1,2,"204, RTE D ALBI",0.0,0.0
201500022455,20,1,15,9,1,31,555,2,1,1,2,RD901,0.0,0.0
201500022456,5,4,15,5,5,31,149,2,1,1,6,"39, HUGO (BLD VICTOR)",43.61769,1.31605
201500022457,20,1,15,11,1,31,555,2,1,1,3,"8, GRANDE RUE SAINT MICH",0.0,0.0
201500022458,7,4,15,17,1,31,555,2,1,1,1,"13, RUE ALFRED NOBEL",0.0,0.0
201500022459,20,1,15,17,5,31,555,1,1,1,3,VA007333 LAFAOURETTEA620,43.5831,1.40372
201500022460,7,4,15,18,1,31,555,2,1,1,3,"190, RTE DE LAUNAGUET",0.0,0.0
201500022461,21,1,15,7,3,31,555,2,1,1,3,"999, AV DU PR JOSEPH DUC",0.0,0.0
201500022462,8,4,15,8,1,31,555,1,1,1,3,VA007306 A64,0.0,0.0
201500022463,21,1,15,8,1,31,555,2,1,1,6,"0, CHE DE LA TERRASSE",0.0,0.0
201500022464,8,4,15,9,1,31,555,1,1,1,2,19 LE PALAYS (PEAGE SUD),0.0,0.0
201500022465,21,1,15,11,1,31,555,2,1,1,2,"999, BD PIERRE PAUL RIQU",0.0,0.0
201500022466,7,4,15,11,1,31,69,2,1,1,6,DEBAX (RUE FELIX),43.63217,1.39883
201500022467,21,1,15,18,5,31,69,2,1,1,3,27 DE GAULLE (AV DU GAL),43.64068,1.37945
201500022468,7,4,15,19,1,31,555,2,1,1,3,"999, CHE DE LESTANG",0.0,0.0
201500022469,21,1,15,0,1,31,555,2,3,1,3,"58, ALL DES DEMOISELLES",0.0,0.0
201500022470,8,4,15,15,1,31,149,2,1,1,2,"41, MONNET (AVENUE JEAN)",43.62591,1.34668
201500022471,24,1,15,18,1,31,69,2,1,1,7,FIL D'ARIANE (RD902),0.0,0.0
201500022472,9,4,15,13,1,31,555,2,1,1,6,"15, RUE JEAN AICARD",0.0,0.0
201500022473,25,1,15,1,1,31,555,2,1,1,2,"999, BD LAZARE CARNOT",0.0,0.0
201500022474,8,4,15,12,1,31,149,2,1,1,1,allée blaise pascal,43.61441,1.30672
201500022475,26,1,15,7,1,31,555,2,1,1,3,"119, AV DE FRONTON",0.0,0.0
201500022476,9,4,15,14,1,31,555,1,1,1,4,VA007539 LA ROSERAIE A61,0.0,0.0
201500022477,26,1,15,8,1,31,555,2,1,1,1,"999, AV JEAN RIEUX",0.0,0.0
201500022478,9,4,15,21,5,31,555,2,1,1,6,"55, BD DES MINIMES",0.0,0.0
201500022479,26,1,15,17,5,31,555,1,1,1,3,VA007333LA FAOURETTEA620,43.5838,1.40324
201500022480,10,4,15,11,1,31,555,2,1,1,2,"999, AV LOUIS BAZERQUE",0.0,0.0
201500022481,21,1,15,11,1,31,555,2,1,1,1,"999, RUE HENRI DESBALS",0.0,0.0
201500022482,10,4,15,11,1,31,555,2,1,1,6,"21, BD SILVIO TRENTIN",0.0,0.0
201500022483,26,1,15,19,5,31,149,2,1,1,3,21 SALVETAT (CH DE LA),43.60395,1.30652
201500022484,10,4,15,17,1,31,555,2,1,1,3,"3, NARBONNE (ROUTE DE)",0.0,0.0
201500022485,29,1,15,1,5,31,555,2,1,1,6,"999, BD LASCROSSES",0.0,0.0
201500022486,10,4,15,9,1,31,555,2,1,1,3,"999, AV JEAN CHAUBET",0.0,0.0
201500022487,30,1,15,0,5,31,555,2,1,2,1,"999, RTE DE BLAGNAC",0.0,0.0
201500022488,12,4,15,2,5,31,557,2,1,1,3,"26, AURIOL (BD VINCENT)",43.58686,1.34864
201500022489,30,1,15,2,3,31,555,2,1,1,6,"999, BD DE STRASBOURG",0.0,0.0
201500022490,12,4,15,12,1,31,555,2,1,1,6,"151, AV JEAN CHAUBET",0.0,0.0
201500022491,29,1,15,11,1,31,555,2,1,1,6,"15, RUE DE L UKRAINE",0.0,0.0
201500022492,12,4,15,14,1,31,149,2,3,1,3,BRUNAUD/ADER (AVE),43.61507,1.34625