Num_Acc,jour,mois,an,hr,condition_eclairage,departement,commune,condition_agglomeration,intersection,condition_atmosphere,type_collision,adresse,lattitude,longitude
201500022493,30,1,15,20,5,31,555,2,1,9,7,"43, AV DES ETATS UNIS",0.0,0.0
201500022494,13,4,15,15,1,31,557,2,1,1,6,INDUSTRIE (33 BD DE L'),43.58877,1.31133
201500022495,1,2,15,7,2,31,555,2,1,2,7,"999, BD LAZARE CARNOT",0.0,0.0
201500022496,15,4,15,5,5,31,555,2,1,1,1,"54, AV CRAMPEL",0.0,0.0
201500022497,1,2,15,9,1,31,555,1,1,2,6,VA007440 LES MINIMES,43.6242,1.41792
201500022498,15,4,15,10,1,31,555,2,1,1,6,"15, BD D ARCOLE",0.0,0.0
201500022499,1,2,15,13,1,31,555,2,1,1,6,"999, RUE LOUIS PLANA",0.0,0.0
201500022500,15,4,15,20,1,31,555,2,3,1,3,"376, SAINT SIMON (RTE DE",0.0,0.0
201500022501,29,1,15,18,1,31,69,2,1,1,6,11 SOEURS (CH DES),43.63109,1.39508
201500022502,15,4,15,20,5,31,149,2,1,1,1,"58, SALVETAT (CHEMIN DE",43.6022,1.30151
201500022503,2,2,15,9,1,31,555,2,1,1,7,"999, RUE DU PONT GUILHEM",0.0,0.0
201500022504,17,4,15,11,1,31,69,2,1,1,3,"10, AUVERGNE (RUE D')",43.63222,1.38701
201500022505,4,2,15,11,1,31,555,2,2,1,3,"999, AV JEAN DAGNAUX",0.0,0.0
201500022506,18,4,15,0,5,31,555,2,1,1,3,"36, SAINT SAUVEUR (PORT)",0.0,0.0
201500022507,5,2,15,14,1,31,555,2,1,1,6,"999, RUE DE CHAUSSAS",0.0,0.0
201500022508,19,4,15,22,5,31,555,2,2,1,3,"999, AV YVES BRUNAUD",0.0,0.0
201500022509,6,2,15,13,1,31,555,1,1,4,2,VA008493 LA CRABE A624 S,43.61082,1.37654
201500022510,20,4,15,6,5,31,555,1,1,1,1,"999, VA007418 PONT JUMEA",0.0,0.0
201500022511,7,2,15,12,1,31,555,2,1,1,6,"999, AV HONORE SERRES",0.0,0.0
201500022512,17,4,15,6,5,31,557,2,6,1,7,DE GAULLE/ST PIERRE,43.5846,1.32536
201500022513,9,2,15,16,1,31,555,2,2,1,6,RUE DU PONT GUILHEMERY,0.0,0.0
201500022514,20,4,15,11,1,31,555,2,1,1,6,"15, IMP BARTHERE",0.0,0.0
201500022515,11,2,15,8,1,31,555,2,1,1,6,"1, PL DOMINIQUE MARTIN D",0.0,0.0
201500022516,21,4,15,18,1,31,555,2,1,1,1,"999, AV M BOURGES MAUNOU",0.0,0.0
201500022517,10,2,15,18,2,31,149,2,1,1,2,2 bd ingres (jean augus),43.59826,1.3523
201500022518,21,4,15,19,1,31,555,1,1,1,2,VA007440LES MINIMES A620,43.6242,1.4179
201500022519,12,2,15,9,1,31,149,2,1,1,7,BLD PAUL VALERY,43.59535,1.34383
201500022520,22,4,15,8,1,31,555,2,1,1,3,"999, CHE DE CHANTELLE",0.0,0.0
201500022521,12,2,15,18,2,31,69,2,4,1,3,SAVOIE (RUE)CORBIERES,43.62964,1.38435
201500022522,22,4,15,6,5,31,555,2,1,1,6,"48, AGDE (RTE D) DU 1AU",0.0,0.0
201500022523,12,2,15,15,1,31,555,2,1,1,6,"7, BD LASCROSSES",0.0,0.0
201500022524,25,4,15,14,1,31,555,1,1,1,7,14 CROIX DAURADE (PERIPH,0.0,0.0
201500022525,13,2,15,10,1,31,555,1,1,1,2,VA007553 A61,0.0,0.0
201500022526,24,4,15,5,5,31,555,2,1,1,3,RD901,0.0,0.0
201500022527,15,2,15,7,2,31,555,2,1,2,6,"26, ALL DES FOULQUES",0.0,0.0
201500022528,25,4,15,17,1,31,555,1,1,8,7,VA008482 A624,43.6066,1.39168
201500022529,16,2,15,14,1,31,555,2,1,1,3,"110, BD SILVIO TRENTIN",0.0,0.0
201500022530,27,4,15,8,1,31,555,2,1,1,2,"388, AV DES ETATS UNIS",0.0,0.0
201500022531,18,2,15,13,1,31,555,2,1,1,7,"123, RTE D ALBI",0.0,0.0
201500022532,27,4,15,21,5,31,555,2,1,2,6,"29, RUE DU LOT",0.0,0.0
201500022533,18,2,15,14,1,31,555,2,1,1,1,"999, RUE MARCEL LOUBENS",0.0,0.0
201500022534,5,4,15,16,1,31,555,2,1,1,6,"999, ALL JULES GUESDE",0.0,0.0
201500022535,18,2,15,20,5,31,555,1,1,1,3,VA007331 A620,43.5688,1.41537
201500022536,28,4,15,13,1,31,555,2,6,1,7,"999, ROND POINT PIERRE D",0.0,0.0
201500022537,18,2,15,15,1,31,555,2,2,1,3,AV JEAN CHAUBET,0.0,0.0
201500022538,28,4,15,17,1,31,555,2,1,1,1,"118, AV DE LARDENNE",0.0,0.0
201500022539,19,2,15,9,1,31,555,2,3,1,3,BD SUISSE/POLITKOVSKAIA,0.0,0.0
201500022540,28,4,15,17,1,31,555,2,1,1,3,"15, RUE THEODORE OZENNE",0.0,0.0
201500022541,15,2,15,1,5,31,555,2,4,3,3,"., RUE GABRIEL PERI",0.0,0.0
201500022542,27,4,15,11,1,31,555,2,1,1,2,"999, RUE DE METZ",0.0,0.0
201500022543,19,2,15,16,1,31,149,2,1,1,6,BD GENERAL DE GAULLE,43.6103,1.32851
201500022544,29,4,15,13,1,31,555,2,1,1,7,"999, RUE LOUIS BONIN",0.0,0.0
201500022545,23,2,15,17,1,31,555,2,1,1,5,"999, AV JEAN CHAUBET",0.0,0.0
201500022546,28,4,15,12,1,31,555,1,3,1,3,VA007313LE CHAPITRE,0.0,0.0
201500022547,20,2,15,22,3,31,555,2,1,1,3,"., PL DU PONT NEUF",0.0,0.0
201500022548,28,4,15,19,1,31,555,2,1,1,1,"32, RUE DU FAUBOURG BONN",0.0,0.0
201500022549,22,2,15,22,1,31,555,2,2,1,3,"., CHE DES HERBETTES",0.0,0.0
201500022550,30,4,15,16,1,31,555,2,1,1,3,"105, RUE SAINT ROCH",0.0,0.0
201500022551,24,2,15,2,5,31,555,2,1,1,7,RUE DU DR LOUIS SANIERES,0.0,0.0
201500022552,30,4,15,19,1,31,555,2,1,1,2,AV DE GRANDE BRETAGNE,0.0,0.0
201500022553,24,2,15,11,1,31,555,2,1,2,6,"91, RUE DU FAUBOURG BONN",0.0,0.0
201500022554,1,5,15,13,1,31,555,2,3,2,3,"999, AV CRAMPEL",0.0,0.0
201500022555,24,2,15,17,1,31,69,2,1,1,6,"1, BRASSENS (PL GEORGES)",43.64892,1.37509
201500022556,1,5,15,19,1,31,555,2,1,1,3,"999, RTE DE LAUNAGUET",0.0,0.0
201500022557,25,2,15,12,1,31,149,2,1,3,7,ingres (auguste),43.5931,1.3473
201500022558,2,5,15,10,1,31,555,2,1,1,3,"999, 33 B SESQUIERES  (P",0.0,0.0
201500022559,26,2,15,7,1,31,555,1,1,3,3,VA007473 A62,0.0,0.0
201500022560,2,5,15,13,1,31,555,2,3,1,3,"999, BD DES MINIMES",0.0,0.0
201500022561,26,2,15,23,5,31,555,2,1,1,3,"31, RUE DE L ORIENT",0.0,0.0
201500022562,3,5,15,8,1,31,555,2,1,1,2,BD DE LA MARQUETTE,0.0,0.0
201500022563,25,2,15,16,1,31,149,2,1,3,3,GASCOGNE (BOULEVARD=,43.60858,1.3268
201500022564,30,4,15,8,1,31,149,2,1,1,6,RN124,43.60603,1.30568
201500022565,26,2,15,12,1,31,149,2,1,1,7,"12, MARCEL DASSAULT (BLD",43.61384,1.3412
201500022566,4,5,15,17,1,31,555,2,1,1,3,"201, RTE DE REVEL",0.0,0.0
201500022567,27,2,15,8,1,31,555,2,1,1,6,"999, RUE RENE CASSIN",0.0,0.0
201500022568,4,5,15,18,1,31,555,2,3,1,6,"., CHE DE LESTANG",0.0,0.0
201500022569,27,1,15,14,1,31,555,2,1,1,3,"999, AV DU PR JEAN POULH",0.0,0.0
201500022570,4,5,15,16,1,31,149,2,1,1,1,"15, OOCITANIE (ALLEE D')",43.61028,1.33361
201500022571,27,2,15,14,1,31,555,2,1,1,3,AV DU PR JEAN POULH,43.5577,1.45316
201500022572,28,2,15,7,1,31,555,1,1,1,7,VA007342 LA CEPIERE A620,43.5917,1.39867
201500022573,4,5,15,6,2,31,555,2,1,1,3,"999, BD LASCROSSES",0.0,0.0
201500022574,1,3,15,0,4,31,555,2,1,2,3,"999, CHE DE TUCAUT",0.0,0.0
201500022575,6,5,15,17,1,31,555,2,1,1,6,"317, SEYSSES (RTE DE) DU",0.0,0.0
201500022576,3,3,15,12,1,31,555,2,1,1,3,"40, ALL JEAN JAURES",0.0,0.0
201500022577,6,5,15,15,1,31,555,2,1,8,3,"40, AV JEAN ZAY",0.0,0.0
201500022578,3,3,15,9,1,31,555,2,1,1,1,"52, AV DE LARDENNE",0.0,0.0
201500022579,9,5,15,23,5,31,555,2,2,1,3,BD DELTOUR,0.0,0.0
201500022580,4,3,15,9,1,31,557,2,1,3,3,"94, MARQUISAT (AV DU)",43.57257,1.34044
201500022581,9,5,15,18,1,31,555,2,1,1,2,"999, BD ANDRE NETWILLER",0.0,0.0
201500022582,9,5,15,21,1,31,555,2,1,1,7,"999, RTE DE BAYONNE",0.0,0.0
201500022583,6,3,15,13,1,31,557,2,1,1,4,"22, AURIOL (BD VINCENT)",43.58675,1.34846
201500022584,6,3,15,8,1,31,149,2,1,1,3,"5, SERRES (AVE EDOUARD)",43.612,1.35227
201500022585,7,5,15,21,5,31,555,2,1,1,3,"81, AV DU LAURAGAIS",0.0,0.0
201500022586,6,3,15,14,1,31,555,2,3,1,3,"999, BD LAZARE CARNOT",0.0,0.0
201500022587,10,5,15,0,5,31,555,2,2,1,3,"999, RTE DE LABEGE",0.0,0.0
201500022588,28,2,15,14,1,31,557,2,1,1,4,"15, AURIOL (BD VINCENT)",43.58607,1.34757
201500022589,10,5,15,8,1,31,555,1,1,1,3,"1, MINIMES (BD DES) DU 1",0.0,0.0
201500022590,6,3,15,3,5,31,555,2,1,1,6,"82, RUE DES TROENES",0.0,0.0
201500022591,9,5,15,12,1,31,555,2,3,7,3,"136, ALBI (RTE D) DU 1AU",0.0,0.0
201500022592,7,3,15,22,5,31,555,2,1,1,3,"26, RTE DE NARBONNE",0.0,0.0
201500022593,6,5,15,16,1,31,555,2,1,1,6,"258, AV DE MURET",0.0,0.0
201500022594,7,3,15,22,3,31,555,1,1,1,6,AV PIERRE G LATECOERE,0.0,0.0
201500022595,7,5,15,18,1,31,555,2,1,1,6,"161, RUE NICOLAS L VAUQU",0.0,0.0
201500022596,8,3,15,16,1,31,555,2,1,1,1,"18, AV M BOURGES MAUNOUR",0.0,0.0
201500022597,12,5,15,8,1,31,555,2,3,1,3,"265, CASTRES (AV DE) DU",0.0,0.0
201500022598,10,3,15,5,5,31,555,2,1,1,3,"118, RTE DE NARBONNE",0.0,0.0
201500022599,12,5,15,9,1,31,555,2,3,1,7,CHE BERNARD SARRETTE,0.0,0.0
201500022600,10,3,15,7,1,31,555,2,1,1,3,"47, RTE D ESPAGNE",0.0,0.0
201500022601,12,5,15,13,1,31,555,2,1,1,3,"29, ALL DE BRIENNE",0.0,0.0
201500022602,10,3,15,13,1,31,555,2,1,1,2,"201, RTE DE REVEL",0.0,0.0
201500022603,12,5,15,21,5,31,555,2,1,1,3,"68, BD MATABIAU",0.0,0.0
201500022604,10,3,15,14,1,31,69,2,1,1,2,GRENADE (ROUTE DE),43.62557,1.39348
201500022605,12,5,15,19,1,31,69,2,1,1,1,BRASSENS (AV GEORGE,43.64676,1.36885
201500022606,10,3,15,18,1,31,555,2,1,1,3,"55, BD LAZARE CARNOT",0.0,0.0
201500022607,13,5,15,23,5,31,555,2,1,1,2,"24, BD LASCROSSES",0.0,0.0
201500022608,13,3,15,15,1,31,555,2,1,2,6,"1, PAS JEAN LAPAYRE",0.0,0.0
201500022609,11,5,15,12,1,31,557,1,1,1,2,980.2  (ROC ARC EN CIEL),43.585,1.3626
201500022610,13,3,15,23,5,31,555,2,3,1,3,AV HONORE SERRES,0.0,0.0
201500022611,15,5,15,11,1,31,555,2,1,2,2,"29 BIS, AV M BOURGES MAU",0.0,0.0
201500022612,14,3,15,5,1,31,555,2,1,1,6,"20, BD PIERRE PAUL RIQUE",0.0,0.0
201500022613,15,5,15,7,2,31,555,2,2,2,3,"999, CHE DE CROIX BENITE",0.0,0.0
201500022614,6,3,15,19,5,31,555,2,1,1,3,"64, AV DES MINIMES",43.619,1.43639
201500022615,17,5,15,2,5,31,555,1,1,1,7,VA008482 A624,43.6101,1.38567
201500022616,17,5,15,19,1,31,69,2,1,1,2,"23, MOULIN DE NAUDIN (CH",43.65139,1.38621
201500022617,18,5,15,8,1,31,555,2,1,1,4,PONT PIERRE DE COUBERTIN,0.0,0.0
201500022618,18,5,15,18,1,31,557,2,1,1,2,"22, AURIOL (BD VINCENT)",43.58715,1.34909
201500022619,18,5,15,9,1,31,555,2,3,1,2,"999, AV DES ETATS UNIS",0.0,0.0
201500022620,7,5,15,17,1,31,555,1,1,1,2,VA008432 LANGLADE A620,43.5688,1.42121
201500022621,19,5,15,8,1,31,555,1,1,1,7,SESQUIERES,43.6514,1.42296
201500022622,19,5,15,18,1,31,555,2,1,8,6,QU SAINT PIERRE,0.0,0.0
201500022623,19,5,15,13,1,31,69,1,1,1,2,A621 ST MICHEL DU TOUCH,43.6216,1.39303
201500022624,19,5,15,5,1,31,555,2,1,8,4,"999, RTE D ESPAGNE",0.0,0.0
201500022625,21,5,15,13,1,31,555,2,1,1,3,"8, BONREPOS (BD DE) DU 1",0.0,0.0
201500022626,21,5,15,15,1,31,555,1,1,1,2,VA007456 SESQUIERES A620,43.6513,1.42293
201500022627,21,5,15,22,5,31,555,2,3,1,6,"999, ALL JEAN JAURES",0.0,0.0
201500022628,22,5,15,3,5,31,555,2,1,1,6,"27, BD DE LA GARE",0.0,0.0
201500022629,23,5,15,18,1,31,555,2,1,1,6,"61, RUE DE LA FAOURETTE",0.0,0.0
201500022630,23,5,15,18,1,31,555,2,1,1,3,"65, AV DES MINIMES",0.0,0.0
201500022631,26,5,15,12,1,31,555,2,1,1,3,"999, RTE D ALBI",0.0,0.0
201500022632,26,5,15,10,1,31,555,2,1,1,4,"19, REVEL (RTE DE) DU 1A",0.0,0.0
201500022633,26,5,15,13,1,31,555,1,1,1,2,15 LA ROSERAIE (PERIPH),0.0,0.0
201500022634,26,5,15,18,1,31,557,2,1,1,2,"50-52, PETIT TRAIN (RUE)",43.57919,1.32626
201500022635,27,5,15,9,1,31,555,2,1,1,2,"999, RTE D ESPAGNE",0.0,0.0
201500022636,27,5,15,18,1,31,555,2,1,1,6,"10, RUE CHARLES GARNIER",0.0,0.0
201500022637,23,5,15,18,1,31,555,2,1,1,3,ROND POINT JEAN PETIT,0.0,0.0
201500022638,28,5,15,9,1,31,557,2,3,1,2,MARQUISAT/LAC,43.57325,1.34171
201500022639,28,5,15,8,1,31,555,1,1,1,2,VA007331 A620,43.638,1.42101
201500022640,28,5,15,12,1,31,555,2,1,1,6,RTE DE LAUNAGUET,0.0,0.0
201500022641,29,5,15,8,1,31,555,2,1,1,3,"151, AV DE LESPINET",0.0,0.0
201500022642,29,5,15,8,1,31,555,2,1,1,3,"999, PONT NEUF",0.0,0.0
201500022643,29,5,15,19,1,31,69,2,3,2,3,D2/RUE GINESTET,43.627,1.39234
201500022644,31,5,15,13,1,31,149,2,1,1,7,"42, MONNET (AVENUE JEAN)",43.62976,1.34515
201500022645,30,5,15,19,1,31,555,2,1,1,6,"27, RUE VESTREPAIN",0.0,0.0
201500022646,1,6,15,9,1,31,555,2,1,1,6,"237, SAINT EXUPERY (AV A",0.0,0.0
201500022647,1,6,15,17,1,31,555,2,1,1,6,"8, GONIN (RUE CLAUDE) DU",0.0,0.0
201500022648,1,6,15,19,1,31,555,2,1,1,1,"117, VESTREPAIN (RUE) DU",0.0,0.0
201500022649,3,6,15,7,1,31,555,2,1,1,2,"135, CHE DE GINESTOUS",0.0,0.0
201500022650,4,6,15,17,1,31,555,2,1,1,6,"22, AV HENRI GUILLAUMET",0.0,0.0
201500022651,4,6,15,12,1,31,555,2,1,1,2,"355, AV DES ETATS UNIS",0.0,0.0
201500022652,4,6,15,12,1,31,555,2,3,1,3,"999, RUE CLAUDE MARIE PE",0.0,0.0
201500022653,5,6,15,17,1,31,555,2,1,1,4,BD SILVIO TRENTIN,0.0,0.0
201500022654,5,6,15,15,1,31,555,1,1,1,5,VA007493 LES IZARDS A62,0.0,0.0
201500022655,7,6,15,14,1,31,555,2,1,1,7,"999, AV DE GRANDE BRETAG",0.0,0.0
201500022656,8,6,15,5,1,31,555,2,3,1,6,"999, RUE DE QUEVEN",0.0,0.0
201500022657,8,6,15,8,1,31,69,2,2,1,3,BRASSENS (AV GEORGES),43.64868,1.37229
201500022658,8,6,15,22,5,31,555,2,1,2,2,"94, NARBONNE (ROUTE DE)",0.0,0.0
201500022659,9,6,15,17,1,31,69,2,1,1,1,"7, BRASSENS (AV GEORGES)",0.0,0.0
201500022660,9,6,15,16,1,31,555,2,1,1,4,"23/25, BD RICHARD WAGNER",0.0,0.0
201500022661,10,6,15,19,1,31,555,2,1,1,6,"15, RUE D ARLES",0.0,0.0
201500022662,11,6,15,7,1,31,555,2,3,1,6,"999, AV SALVADOR ALLENDE",0.0,0.0
201500022663,11,6,15,19,1,31,555,2,1,1,3,"38, RUE DU FAUBOURG BONN",0.0,0.0
201500022664,13,6,15,14,1,31,555,2,1,1,2,"261, CASTRES (AV DE) DU",0.0,0.0
201500022665,12,6,15,13,1,31,149,1,1,1,4,RN124,43.60607,1.33809
201500022666,12,6,15,11,1,31,149,2,1,1,4,RN124,43.60685,1.32802
201500022667,12,6,15,17,1,31,555,2,1,1,2,CHE TISSIE,0.0,0.0
201500022668,14,6,15,5,5,31,555,2,3,3,3,"999, ALL CHARLES DE FITT",0.0,0.0
201500022669,15,6,15,9,1,31,555,2,1,1,3,"4, AV ANTOINE DE ST EXUP",0.0,0.0
201500022670,17,6,15,10,1,31,555,2,1,1,3,"66, RUE DU BEARNAIS",0.0,0.0
201500022671,20,6,15,21,5,31,555,2,1,1,3,"999, BD PIERRE PAUL RIQU",0.0,0.0
201500022672,21,6,15,14,1,31,555,2,1,1,3,"45 BIS, MATABIAU (RUE) D",0.0,0.0
201500022673,22,6,15,14,1,31,555,2,2,1,3,"999, RTE DE SEYSSES",0.0,0.0
201500022674,22,6,15,17,1,31,555,2,1,1,6,"16, RUE DE LA TOURAINE",0.0,0.0
201500022675,23,6,15,13,1,31,555,2,1,1,2,"9, RUE PAULIN TALABOT",0.0,0.0
201500022676,23,6,15,17,1,31,555,2,1,1,3,"17, PONT SAINT PIERRE (R",0.0,0.0
201500022677,23,6,15,18,1,31,555,2,3,1,2,"999, AV FREDERIC ESTEBE",0.0,0.0
201500022678,23,6,15,17,1,31,555,1,1,1,3,VA007331 A620,43.5832,1.40362
201500022679,23,6,15,15,1,31,149,2,3,1,3,"64, SALVETAT (CH) DE",43.59902,1.29538
201500022680,25,6,15,3,4,31,149,2,1,1,6,"19, NASQUE (CH DE LA)",43.59923,1.31519
201500022681,25,6,15,5,2,31,555,2,1,1,6,"25, DELTOUR (BD) DU 1AU",0.0,0.0
201500022682,24,6,15,12,1,31,149,2,3,1,3,"27, SALVETAT (CHEMIN DE",43.60372,1.30574
201500022683,24,6,15,16,1,31,149,2,1,1,7,EUGENE MONTEL (BLD),43.60861,1.3361
201500022684,24,6,15,20,1,31,555,2,1,1,6,"124, AV DE LA GLOIRE",0.0,0.0
201500022685,25,6,15,9,1,31,555,2,1,1,1,"999, AV DU GENERAL EISEN",0.0,0.0
201500022686,25,6,15,17,1,31,555,1,1,1,4,VA007331 A620,43.5707,1.43152
201500022687,26,6,15,14,1,31,555,2,1,1,7,"999, CEPIERE (ROND POINT",0.0,0.0
201500022688,26,6,15,9,1,31,555,1,1,1,4,VA007331 A620,43.65263,1.42432
201500022689,25,6,15,17,1,31,555,1,1,1,3,VA007331 A620,43.5687,1.47987
201500022690,29,6,15,7,1,31,69,2,2,1,3,PONS (BD FIRMIN),43.63483,1.3996
201500022691,29,6,15,14,1,31,69,2,1,1,6,PLAN DU PORT (LE),43.62487,1.39934
201500022692,29,6,15,17,1,31,555,2,1,1,6,"71, AV DES MINIMES",0.0,0.0
201500022693,30,6,15,9,1,31,555,1,1,1,4,VA007342 LA CEPIERE,43.5918,1.39863
201500022694,30,6,15,8,1,31,555,2,3,1,3,"999, RUE JEAN PERRIN",0.0,0.0
201500022695,30,6,15,21,1,31,555,2,1,1,6,"40, BD MATABIAU",0.0,0.0
201500022696,30,6,15,11,1,31,555,2,1,1,6,"39, PERI (RUE GABRIEL) D",0.0,0.0
201500022697,30,6,15,14,1,31,555,2,1,1,3,"999, AV DE GRANDE BRETAG",0.0,0.0
201500022698,30,6,15,15,1,31,555,1,1,1,2,A624 (PURPAN),43.60833,1.38875
201500022699,2,7,15,9,1,31,555,2,2,1,6,"999, CHE DE LANUSSE",0.0,0.0
201500022700,2,7,15,21,2,31,555,2,1,1,3,"999, BD DE STRASBOURG",0.0,0.0
201500022701,3,7,15,16,1,31,555,2,1,1,6,"999, PL JEANNE D ARC",0.0,0.0
201500022702,4,7,15,20,1,31,555,2,1,1,3,"999, AV DU GENERAL EISEN",0.0,0.0
201500022703,5,7,15,9,1,31,555,2,1,1,6,BD LAZARE CARNOT,0.0,0.0
201500022704,5,7,15,6,1,31,555,2,1,1,6,"999, PONT GARIGLIANO",0.0,0.0
201500022705,2,7,15,19,1,31,555,1,1,1,2,A624 (PURPAN),0.0,0.0
201500022706,6,6,15,21,2,31,149,2,3,1,3,DEFERRE (BOULEVARD GA,43.61918,1.33538
201500022707,6,7,15,21,2,31,149,2,3,1,3,DEFERRE (BLD GASTON),43.61809,1.33417
201500022708,7,7,15,7,1,31,555,2,1,1,3,"196, RTE D ALBI",0.0,0.0
201500022709,8,7,15,1,5,31,555,2,1,1,3,"999, AV DES ETATS UNIS",0.0,0.0
201500022710,7,7,15,16,1,31,555,2,3,1,5,"999, RUE DE CUGNAUX",0.0,0.0
201500022711,7,7,15,19,1,31,555,2,1,1,3,"378, SAINT SIMON (RTE DE",0.0,0.0
201500022712,7,7,15,17,1,31,557,2,6,1,6,"3, JAURES (AV JEAN)",43.58845,1.35897
201500022713,8,7,15,15,1,31,555,2,1,1,3,"35, BD DES RECOLLETS",0.0,0.0
201500022714,8,7,15,19,1,31,69,2,1,1,6,"30, AUSSONNE (CH D')",43.63934,1.38785
201500022715,9,7,15,15,1,31,555,2,1,1,7,"999, CHE DU PONT DE RUPE",0.0,0.0
201500022716,10,7,15,4,2,31,555,1,1,1,7,VA007418 PONT JUMEAUX A6,43.6097,1.41371
201500022717,10,7,15,19,1,31,555,2,1,1,3,"999, AV JEAN ZAY",0.0,0.0
201500022718,12,7,15,8,1,31,555,2,1,1,1,"79, AV DE LA GLOIRE",0.0,0.0
201500022719,14,7,15,11,1,31,555,2,1,1,6,"999, RUE DE METZ",0.0,0.0
201500022720,16,7,15,10,1,31,555,2,1,1,6,"17, BD ARMAND DUPORTAL",0.0,0.0
201500022721,16,7,15,9,1,31,149,2,1,1,4,VA008482 N124,0.0,0.0
201500022722,17,7,15,12,1,31,555,2,1,1,3,"57, CHE DES ETROITS",0.0,0.0
201500022723,17,7,15,13,1,31,555,2,1,1,2,"999, AV DE FRONTON",0.0,0.0
201500022724,17,7,15,17,1,31,555,2,1,1,6,"999, RTE D AGDE",0.0,0.0
201500022725,18,7,15,11,1,31,555,2,1,1,6,"2, PORT SAINT ETIENNE",0.0,0.0
201500022726,18,7,15,18,1,31,555,2,1,1,7,"2, BD D ARCOLE",0.0,0.0
201500022727,18,7,15,19,1,31,555,2,1,1,2,"999, RTE D ALBI",0.0,0.0
201500022728,19,7,15,3,5,31,555,2,2,1,5,"999, AV FREDERIC ESTEBE",0.0,0.0
201500022729,17,7,15,19,1,31,555,2,3,1,3,"999, RUE MARIE LAURENCIN",0.0,0.0
201500022730,20,7,15,14,1,31,555,2,1,1,6,"999, RUE DE LA TRINITE",0.0,0.0
201500022731,20,7,15,20,1,31,555,2,1,1,3,"999, AV PIERRE G LATECOE",0.0,0.0
201500022732,22,7,15,0,3,31,555,2,1,1,6,"999, AV PIERRE G LATECOE",0.0,0.0
201500022733,15,7,15,18,1,31,555,2,2,1,6,"999, AV DE L URSS",0.0,0.0
201500022734,22,7,15,14,1,31,555,2,1,1,6,"999, RUE DU MORBIHAN",0.0,0.0
201500022735,23,7,15,1,5,31,555,2,1,1,7,"999, RUE HENRI DESBALS",0.0,0.0
201500022736,22,7,15,17,1,31,555,2,1,1,2,"5, SAINT SIMON (RTE DE)",0.0,0.0
201500022737,21,7,15,15,1,31,555,1,1,1,4,24 EMPALOT  (PERIPH),43.5707,1.43147
201500022738,22,7,15,16,1,31,555,2,5,1,3,"999, RUE STALINGRAD",0.0,0.0
201500022739,23,7,15,17,1,31,555,2,1,1,2,"15, BD D ARCOLE",0.0,0.0
201500022740,24,7,15,20,2,31,555,1,1,2,2,RN124,0.0,0.0
201500022741,26,7,15,5,5,31,555,2,3,1,6,"., RUE DU FAUBOURG BONNE",0.0,0.0
201500022742,25,7,15,1,3,31,555,2,1,1,3,"999, RTE D AGDE",0.0,0.0
201500022743,27,7,15,10,1,31,555,2,1,1,6,BONNAT (RUE) DU 1AU 152,0.0,0.0
201500022744,28,7,15,6,1,31,555,1,1,1,6,VA007331 A620,0.0,0.0
201500022745,27,7,15,19,1,31,69,2,1,1,2,FIL D'ARIANE (RD902),43.62921,1.38315
201500022746,28,7,15,15,1,31,149,1,1,1,4,RN124 sortie 04,43.60616,1.33779
201500022747,31,7,15,7,1,31,555,2,1,1,6,"3, AV DE FONDEYRE",0.0,0.0
201500022748,31,7,15,13,1,31,555,2,1,2,6,"30, AV JEAN MOULIN",0.0,0.0
201500022749,1,8,15,18,1,31,555,2,1,1,2,"., PONT PIERRE DE COUBER",0.0,0.0
201500022750,2,8,15,23,5,31,555,2,1,1,2,"26, SEJOURNE (AV PAUL) D",0.0,0.0
201500022751,31,7,15,15,1,31,555,2,2,1,3,"999, AV DE LA GLOIRE",0.0,0.0
201500022752,4,8,15,15,1,31,555,2,1,1,1,"999, PONT GARIGLIANO",0.0,0.0
201500022753,5,8,15,17,1,31,555,2,1,1,6,RTE DE NARBONNE,0.0,0.0
201500022754,6,8,15,12,1,31,69,1,1,1,3,VA001490 A621,0.0,0.0
201500022755,6,8,15,22,5,31,555,1,1,1,6,VA007331 A620,43.57432,1.46904
201500022756,7,8,15,9,1,31,555,2,1,1,3,RUE DU PONT GUILHEMERY,0.0,0.0
201500022757,8,8,15,4,3,31,555,2,1,2,6,"14, RUE DU LOT",0.0,0.0
201500022758,8,8,15,20,2,31,555,2,1,2,3,"20, BD SILVIO TRENTIN",0.0,0.0
201500022759,9,8,15,17,1,31,555,1,1,3,2,VA007331 A620,43.64987,1.42188
201500022760,8,8,15,12,1,31,555,2,1,3,2,"999, BD D ARCOLE",0.0,0.0
201500022761,7,8,15,11,1,31,555,2,1,1,3,"999, BD DE LA MEDITERRAN",0.0,0.0
201500022762,10,8,15,12,1,31,555,2,1,1,2,"243, AV JEAN RIEUX",0.0,0.0
201500022763,9,8,15,8,1,31,555,1,1,1,7,VA007440 LES MINIMES,43.62289,1.41758
201500022764,13,8,15,7,1,31,555,2,6,1,3,CHE DU RAMELET MOUNDI,0.0,0.0
201500022765,14,8,15,12,1,31,555,2,1,2,6,"999, RUE HENRI DESBALS",0.0,0.0
201500022766,14,8,15,22,5,31,555,2,1,1,6,"29, BD GABRIEL KOENIGS",0.0,0.0
201500022767,18,8,15,13,1,31,555,2,1,1,2,"12, BD SILVIO TRENTIN",0.0,0.0
201500022768,19,8,15,9,1,31,555,2,6,1,7,ALL FORAIN FRANCOIS VERD,0.0,0.0
201500022769,18,8,15,8,1,31,557,2,3,1,2,LARRAMET/PASSERIVE,43.56547,1.33707