Num_Acc,jour,mois,an,hr,condition_eclairage,departement,commune,condition_agglomeration,intersection,condition_atmosphere,type_collision,adresse,lattitude,longitude
201500022770,19,8,15,9,1,31,555,2,1,1,7,AV PAUL SEJOURNE,0.0,0.0
201500022771,19,8,15,16,1,31,555,2,1,1,2,"999, BARRIERE DE LOMBEZ",0.0,0.0
201500022772,20,8,15,10,1,31,555,2,2,7,3,"., CRETES (BOULEVARD DES",0.0,0.0
201500022773,19,8,15,19,1,31,555,1,1,1,7,VA007306 A64,0.0,0.0
201500022774,20,8,15,9,1,31,555,1,1,1,2,VA007418 PONT JUMEA,43.60929,1.41295
201500022775,21,8,15,0,5,31,555,2,1,1,3,"999, RUE HENRI DESBALS",0.0,0.0
201500022776,21,8,15,6,5,31,555,2,1,1,7,"257, AV DE CASTRES",0.0,0.0
201500022777,20,8,15,14,1,31,149,2,3,1,3,COLLONGUES/NASQUE,43.59701,1.32773
201500022778,21,8,15,17,1,31,555,2,1,1,3,"304, AV DES ETATS UNIS",0.0,0.0
201500022779,22,8,15,0,5,31,555,2,1,1,3,"., AV DE LYON",0.0,0.0
201500022780,25,8,15,16,1,31,555,2,1,1,5,"361, AV DES ETATS UNIS",0.0,0.0
201500022781,25,8,15,18,1,31,555,2,1,7,3,"999, AV JEAN ZAY",0.0,0.0
201500022782,26,8,15,14,1,31,555,2,1,1,5,"11, RUE JOSEPH JACQUARD",0.0,0.0
201500022783,26,8,15,21,5,31,555,2,1,1,5,"118, AV DE FRONTON",0.0,0.0
201500022784,27,8,15,14,1,31,555,2,1,1,2,"12, BD LAZARE CARNOT",0.0,0.0
201500022785,27,8,15,12,1,31,555,2,1,1,2,"999, AV JEAN ZAY",0.0,0.0
201500022786,28,8,15,13,1,31,555,2,1,1,2,"999, PORT SAINT SAUVEUR",0.0,0.0
201500022787,28,8,15,14,1,31,555,2,1,1,6,", AV DIDIER DAURAT PROLO",0.0,0.0
201500022788,30,8,15,1,5,31,555,2,1,1,1,"999, BD LASCROSSES",0.0,0.0
201500022789,30,8,15,2,5,31,555,2,1,1,6,"208, AV DE CASTRES",0.0,0.0
201500022790,20,8,15,7,1,31,555,2,1,1,3,"999, BD DES MINIMES",0.0,0.0
201500022791,31,8,15,10,1,31,555,2,1,1,3,"999, RTE D AGDE",0.0,0.0
201500022792,31,8,15,19,2,31,555,2,1,1,6,"306, RTE DE SEYSSES",0.0,0.0
201500022793,3,9,15,8,1,31,555,1,1,8,2,VA007306 A64,0.0,0.0
201500022794,3,9,15,15,1,31,555,2,1,1,6,"41, RUE DE METZ",0.0,0.0
201500022795,4,9,15,15,1,31,555,2,1,1,3,"01, MARQUETTE (BD DE LA)",0.0,0.0
201500022796,6,9,15,7,1,31,555,1,1,1,7,VA007342 LA CEPIERE A620,43.5915,1.39878
201500022797,4,9,15,21,5,31,555,2,1,1,3,"999, AV DES ETATS UNIS",0.0,0.0
201500022798,6,9,15,12,1,31,555,2,1,1,2,"27, BD MATABIAU",0.0,0.0
201500022799,7,9,15,8,1,31,555,1,1,1,2,23 RANGUEIL EMPALOT,43.5754,1.44529
201500022800,7,9,15,9,1,31,555,1,1,1,2,VA007518 A68,43.644,1.4981
201500022801,8,9,15,8,1,31,555,1,1,1,3,VA007331 A620,0.0,0.0
201500022802,8,9,15,10,1,31,555,1,1,1,3,24 EMPALOT  (PERIPH OUES,43.57331,1.4381
201500022803,7,9,15,9,1,31,555,2,1,1,6,"7, BD DE STRASBOURG",0.0,0.0
201500022804,9,9,15,10,1,31,555,2,1,1,3,"999, ALL JEAN JAURES",0.0,0.0
201500022805,9,9,15,14,1,31,555,2,1,1,6,AV LOUIS BAZERQUE,0.0,0.0
201500022806,8,9,15,0,5,31,555,2,1,1,3,"999, PONT PIERRE DE COUB",0.0,0.0
201500022807,10,9,15,9,1,31,555,2,1,1,3,"55, ETROITS (CHE DES) DU",0.0,0.0
201500022808,10,9,15,17,1,31,555,1,1,1,4,VA008482 A624,0.0,0.0
201500022809,10,9,15,15,1,31,149,2,3,1,3,AUCH (RUE D')/DES SPORTS,43.60863,1.34033
201500022810,11,9,15,9,1,31,149,2,4,1,3,RN124,43.60644,1.33679
201500022811,12,9,15,19,1,31,557,2,1,1,4,"39, DOUMERGUE (RUE GASTO",43.58418,1.34308
201500022812,5,9,15,19,1,31,555,2,1,1,3,"999, RUE RECLUSANE",0.0,0.0
201500022813,15,9,15,0,5,31,555,2,1,1,7,"999, RUE DE BOURRASSOL",0.0,0.0
201500022814,10,9,15,17,1,31,555,2,1,1,4,980.3 PLAISANCE (ROCADE,0.0,0.0
201500022815,14,9,15,18,1,31,557,2,3,1,2,LARRAMET (CH DE),43.56052,1.3572
201500022816,11,9,15,11,1,31,555,1,1,1,2,VA007333LAFAOURETTE A620,43.583,1.40376
201500022817,14,9,15,19,1,31,555,2,1,1,6,"186, AV DE GRANDE BRETAG",0.0,0.0
201500022818,15,9,15,14,1,31,555,2,1,1,3,"10, RUE CLAIRE PAUILHAC",0.0,0.0
201500022819,15,9,15,16,1,31,555,2,1,1,6,"217, RTE DE NARBONNE",0.0,0.0
201500022820,15,9,15,17,1,31,555,1,1,1,4,VA007473 A62,0.0,0.0
201500022821,16,9,15,9,1,31,555,1,1,1,5,VA007355 PURPAN A620 Sor,43.6028,1.40001
201500022822,16,9,15,12,1,31,555,2,1,1,3,"115, RTE DE NARBONNE",43.56584,1.45925
201500022823,18,9,15,7,2,31,555,2,1,1,2,"28, BD D ARCOLE",0.0,0.0
201500022824,18,9,15,8,1,31,149,2,1,1,6,ORMEAU (CHEMIN DE L'),43.615,1.32859
201500022825,18,9,15,11,1,31,555,2,1,1,3,"30, AV HONORE SERRES",0.0,0.0
201500022826,19,9,15,22,5,31,555,2,1,1,3,BD LAZARE CARNOT,0.0,0.0
201500022827,20,9,15,5,5,31,555,2,1,1,6,"46, STRASBOURG (BD DE) D",0.0,0.0
201500022828,20,9,15,18,1,31,555,2,1,1,3,"105, BLAGNAC (ROUTE DE)",0.0,0.0
201500022829,21,9,15,6,1,31,555,1,2,1,3,"., AV D ATLANTA",0.0,0.0
201500022830,21,9,15,7,2,31,555,2,1,1,3,"163, RUE LOUIS PLANA",0.0,0.0
201500022831,21,9,15,19,2,31,555,2,1,1,2,"999, AV JEAN ZAY",0.0,0.0
201500022832,18,9,15,19,1,31,149,2,1,1,3,RAMASSIERS(CHEMIN DES),43.59992,1.35332
201500022833,22,9,15,7,5,31,555,2,1,1,3,"12, MURET (AV DE) DU 1AU",0.0,0.0
201500022834,22,9,15,12,1,31,555,2,1,1,2,"14, AV EDOUARD BELIN",0.0,0.0
201500022835,22,9,15,13,1,31,555,2,1,1,3,"999, AV DU GENERAL DE CR",0.0,0.0
201500022836,22,9,15,18,1,31,555,2,1,1,3,"67, ALBI (RTE D) DU 1AU",0.0,0.0
201500022837,22,9,15,21,5,31,555,2,6,2,3,"999, BOULINGRIN (ROND PO",0.0,0.0
201500022838,23,9,15,8,1,31,555,2,3,1,3,RUE DE CHAUSSAS,0.0,0.0
201500022839,23,9,15,8,1,31,557,2,1,1,4,"126, LARRAMET (CH DE)",43.56077,1.35027
201500022840,22,9,15,8,1,31,555,1,1,2,2,VA007333LAFAOURETTE A620,43.5828,1.40388
201500022841,23,9,15,17,1,31,555,1,1,1,3,23 RANGUEIL  (PERIPH OUE,43.5756,1.44479
201500022842,22,9,15,12,1,31,69,2,9,1,3,"29, BRASSENS (AV GEORGES",43.64992,1.38076
201500022843,23,9,15,16,1,31,555,2,1,1,4,AV LOUIS BAZERQUE,0.0,0.0
201500022844,24,9,15,8,1,31,555,1,1,1,3,VA008482 A624,43.6115,1.38006
201500022845,24,9,15,15,1,31,555,2,1,1,6,"., BD MATABIAU",0.0,0.0
201500022846,24,9,15,17,1,31,69,2,6,1,7,CORNEBARRIEU (ROUTE DE),43.64452,1.36279
201500022847,24,9,15,18,1,31,555,2,1,1,3,"13, RUE ALAIN FOURNIER",0.0,0.0
201500022848,24,9,15,22,5,31,555,2,3,1,3,"999, RTE DE SAINT SIMON",0.0,0.0
201500022849,24,9,15,19,2,31,555,2,1,1,3,"243, RTE DE BAYONNE",0.0,0.0
201500022850,25,9,15,7,1,31,555,2,2,1,3,"999, RTE DE REVEL",0.0,0.0
201500022851,25,9,15,7,1,31,555,1,1,1,4,N 124,43.609,1.36105
201500022852,26,9,15,23,5,31,555,2,1,1,3,"344, AV DES ETATS UNIS",0.0,0.0
201500022853,27,9,15,6,2,31,555,2,2,1,3,BD PIERRE PAUL RIQUET,0.0,0.0
201500022854,29,9,15,7,1,31,555,2,1,1,6,"34, AV FRIZAC",0.0,0.0
201500022855,29,9,15,18,1,31,149,2,6,1,6,FONTAINE LUMINEUSE,43.60948,1.35154
201500022856,30,9,15,17,1,31,555,2,1,1,3,"999, AV LOUIS BREGUET",0.0,0.0
201500022857,19,9,15,10,1,31,555,2,1,1,6,"164, RTE DE REVEL",0.0,0.0
201500022858,1,10,15,8,1,31,555,1,1,1,1,VA007473 A61,0.0,0.0
201500022859,1,10,15,8,1,31,555,2,1,1,3,"343, AV DES ETATS UNIS",0.0,0.0
201500022860,1,10,15,19,1,31,555,2,1,1,3,"999, RUE DE LA REPUBLIQU",0.0,0.0
201500022861,2,10,15,7,1,31,555,2,1,1,6,"999, ALL DES GRANDS CHEN",0.0,0.0
201500022862,2,10,15,7,1,31,555,2,1,1,3,"999, BD DE SUISSE",0.0,0.0
201500022863,2,10,15,11,1,31,555,2,1,1,6,"22, MINIMES (AV DES) DU",0.0,0.0
201500022864,3,10,15,1,5,31,555,2,1,1,3,"999, ALL CHARLES DE FITT",0.0,0.0
201500022865,4,10,15,6,5,31,555,2,1,1,3,"999, RUE DU POLE",0.0,0.0
201500022866,4,10,15,14,1,31,555,2,1,1,2,"999, BD DE LA GARE",0.0,0.0
201500022867,2,10,15,12,1,31,555,2,1,1,6,"999, RUE DE L UKRAINE",0.0,0.0
201500022868,5,10,15,10,1,31,555,2,1,1,3,"116, ESPAGNE (RTE D) DU",0.0,0.0
201500022869,5,10,15,17,1,31,555,2,1,1,3,"999, Rd Pt Firmin Pons",0.0,0.0
201500022870,6,10,15,1,5,31,555,2,1,1,6,"50, AV DE LAVAUR",0.0,0.0
201500022871,5,10,15,18,1,31,557,2,6,1,6,MARQUISAT (AV DU),43.57612,1.34763
201500022872,6,10,15,19,5,31,149,2,3,1,1,CALVET (BLD EMILE),43.61265,1.33169
201500022873,6,10,15,12,1,31,149,2,3,1,3,MARCEL DASSAULT (BLD),43.61017,1.34803
201500022874,8,10,15,16,1,31,149,2,1,1,3,"7, SERRES (AVE EDOUARD)",43.61265,1.35247
201500022875,9,10,15,5,5,31,555,2,1,1,6,"67, RUE DU FAUBOURG BONN",0.0,0.0
201500022876,8,10,15,17,1,31,555,2,1,1,1,RUE THEODORE OZENNE,0.0,0.0
201500022877,9,10,15,18,2,31,555,2,1,1,6,"69, RTE DE REVEL",0.0,0.0
201500022878,10,10,15,16,1,31,555,2,1,1,7,"107, AV JEAN RIEUX",0.0,0.0
201500022879,10,10,15,18,1,31,555,2,1,1,7,"3, RUE MARIE LOUISE DISS",0.0,0.0
201500022880,11,10,15,5,5,31,555,2,1,1,3,"55, BD DE SUISSE",0.0,0.0
201500022881,11,10,15,11,1,31,555,1,1,1,2,VA007518 A68,0.0,0.0
201500022882,10,10,15,9,1,31,555,2,1,1,6,"23, BD LASCROSSES",0.0,0.0
201500022883,12,10,15,13,1,31,555,2,1,1,3,"999, ROND POINT LOUIS BR",0.0,0.0
201500022884,12,10,15,12,1,31,149,2,1,1,5,COLLONGUES (RUE ETIENNE),43.60445,1.33543
201500022885,12,10,15,22,5,31,555,2,1,1,6,"999, BD LAZARE CARNOT",0.0,0.0
201500022886,13,10,15,9,1,31,555,2,1,2,6,"24, BD GRIFFOUL DORVAL",0.0,0.0
201500022887,12,10,15,17,1,31,555,2,1,1,2,"999, BD LASCROSSES",0.0,0.0
201500022888,14,10,15,7,2,31,69,2,1,1,3,"1, PINS (AV DES)",43.63672,1.38395
201500022889,13,10,15,13,1,31,555,2,1,2,3,"999, RTE D ESPAGNE",0.0,0.0
201500022890,13,10,15,18,2,31,149,2,1,1,7,RN124,43.60529,1.29073
201500022891,15,10,15,6,1,31,555,2,1,1,3,"999, ALL DES DEMOISELLES",0.0,0.0
201500022892,14,10,15,17,1,31,555,2,1,1,2,"1, RUE JEAN MERMOZ",0.0,0.0
201500022893,16,10,15,19,1,31,555,2,1,1,3,"291, SEYSSES (RTE DE) DU",0.0,0.0
201500022894,16,10,15,20,5,31,555,2,1,1,4,"86, CHE DE CROIX BENITE",0.0,0.0
201500022895,16,10,15,22,5,31,555,2,1,1,6,"180, AV DE MURET",0.0,0.0
201500022896,17,10,15,16,1,31,555,2,2,1,3,"999, AV SALVADOR ALLENDE",0.0,0.0
201500022897,18,10,15,12,1,31,555,2,1,1,2,"139, ALBI (RTE D) DU 1AU",0.0,0.0
201500022898,19,10,15,7,2,31,555,2,1,1,6,"66, AV JEAN RIEUX",0.0,0.0
201500022899,19,10,15,8,1,31,149,2,6,1,3,Rond Point fontaine lumi,43.60859,1.33628
201500022900,17,10,15,3,4,31,555,1,4,2,7,VA007379 BAYLAC ANCELY,43.60578,1.39508
201500022901,19,10,15,11,1,31,555,2,2,1,6,"999, ALL JEAN JAURES",0.0,0.0
201500022902,20,10,15,21,5,31,555,2,1,1,3,"15, BD SILVIO TRENTIN",0.0,0.0
201500022903,20,10,15,20,5,31,149,2,1,1,3,"12, RAMASSIERS (PASSAGE)",43.59505,1.35882
201500022904,21,10,15,12,1,31,555,2,2,1,6,"999, ALL JEAN JAURES",0.0,0.0
201500022905,21,10,15,15,1,31,555,1,1,1,4,VA007331 A620,0.0,0.0
201500022906,22,10,15,5,5,31,555,2,3,1,3,"999, AV DE LYON",0.0,0.0
201500022907,22,10,15,19,5,31,555,2,1,1,7,"999, PL ROGUET",0.0,0.0
201500022908,23,10,15,7,5,31,555,2,2,1,3,"999, AV CRAMPEL",0.0,0.0
201500022909,23,10,15,14,1,31,555,2,1,1,6,"35, AV M BOURGES MAUNOUR",0.0,0.0
201500022910,23,10,15,17,1,31,555,1,1,1,4,VA008482 A624,43.6102,1.38548
201500022911,23,10,15,19,5,31,555,2,1,1,3,"29BIS, AV M BOURGES MAUN",0.0,0.0
201500022912,27,10,15,18,2,31,555,2,1,1,1,"138, FRONTON (AV DE) DU",0.0,0.0
201500022913,27,10,15,20,5,31,149,2,2,1,3,"49, RUE GILET/CHRESTIAS",43.61031,1.33956
201500022914,28,10,15,15,1,31,557,2,1,1,3,"17, ST PIERRE (CH)",43.58368,1.3383
201500022915,28,10,15,11,1,31,555,1,1,2,2,VA007331 A620,0.0,0.0
201500022916,28,10,15,14,1,31,555,1,1,1,2,VA007553 A61,0.0,0.0
201500022917,28,10,15,14,1,31,555,2,1,1,6,"11, VIALA (AV LEON) DU 2",0.0,0.0
201500022918,28,10,15,16,1,31,555,2,1,1,3,"103, SUISSE (BD DE) DU 7",0.0,0.0
201500022919,28,10,15,17,1,31,555,1,1,1,4,980.3 PLAISANCE (ROCADE,0.0,0.0
201500022920,30,10,15,6,5,31,555,2,3,1,1,"999, RUE DU POLE",0.0,0.0
201500022921,30,10,15,9,1,31,555,2,1,1,6,"90, ESPAGNE (RTE D) DU 2",0.0,0.0
201500022922,30,10,15,15,1,31,555,2,1,1,3,"45, AV M BOURGES MAUNOUR",0.0,0.0
201500022923,1,11,15,9,1,31,555,2,1,1,6,RUE DU GEN JEAN COMPANS,0.0,0.0
201500022924,1,11,15,14,1,31,69,2,1,1,6,"6, GAINSBOURG (RUE SERGE",43.64764,1.3727
201500022925,1,11,15,21,5,31,555,2,1,1,1,RUE DES SEPT TROUBADOURS,0.0,0.0
201500022926,2,11,15,7,2,31,555,2,1,1,3,"164, RTE DE REVEL",0.0,0.0
201500022927,2,11,15,9,1,31,555,2,1,1,3,"999, ALL DE GUYENNE",0.0,0.0
201500022928,2,11,15,18,5,31,555,2,1,1,6,"999, CHE COTES DE PECH D",0.0,0.0
201500022929,3,11,15,8,1,31,555,2,1,1,6,"84, AV JEAN RIEUX",0.0,0.0
201500022930,3,11,15,16,1,31,69,2,2,1,3,GRENADE (ROUTE DE),43.63433,1.3913
201500022931,3,11,15,19,5,31,557,2,1,1,3,"311, LARDENNE (AV DE)",43.5898,1.37175
201500022932,4,11,15,14,1,31,555,2,3,1,6,"29, ALL FORAIN FRANCOIS",0.0,0.0
201500022933,4,11,15,15,1,31,555,2,1,1,6,"11, AV DE LA GLOIRE",0.0,0.0
201500022934,5,11,15,9,1,31,555,1,1,1,3,VA007331 A620,43.5764,1.4081
201500022935,5,11,15,22,5,31,555,2,1,1,3,BRUNAUD (AVENUE YVES),0.0,0.0
201500022936,6,11,15,13,1,31,555,2,1,1,6,"15, AV DU COLONEL ROCHE",0.0,0.0
201500022937,6,11,15,14,1,31,555,2,1,1,6,"60, CHAUBET (AV JEAN) DU",0.0,0.0
201500022938,6,11,15,19,2,31,69,2,1,1,1,CORNEBARRIEU (ROUTE,43.6444,1.3619
201500022939,5,11,15,14,1,31,149,2,3,1,3,COMMINGES (ALLEE DU),43.60797,1.33368
201500022940,7,11,15,12,1,31,555,1,1,1,3,VA007331 A620,43.5873,1.40096
201500022941,7,11,15,15,1,31,149,2,1,1,7,GARE (PLACE DE LA),43.60378,1.33422
201500022942,8,11,15,11,1,31,555,2,1,1,6,"160, GLOIRE (AV DE LA) D",0.0,0.0
201500022943,8,11,15,17,5,31,555,2,1,1,3,"999, AV JEAN CHAUBET",0.0,0.0
201500022944,9,11,15,14,1,31,555,2,3,1,3,"999, AV DE MURET",0.0,0.0
201500022945,10,11,15,7,1,31,433,1,1,1,3,VA007306 A64,0.0,0.0
201500022946,10,11,15,5,5,31,555,1,1,1,7,VA007331 A621,0.0,0.0
201500022947,10,11,15,8,1,31,555,1,1,1,4,VA007495 A62,0.0,0.0
201500022948,10,11,15,13,1,31,555,1,1,1,6,VA007355 PURPAN A620,43.6048,1.40339
201500022949,10,11,15,17,5,31,555,1,6,1,1,"999, PRO HENRI MARTIN",0.0,0.0
201500022950,11,11,15,4,5,31,555,2,2,1,6,"999, RUE VIGUERIE",0.0,0.0
201500022951,12,11,15,18,5,31,555,2,1,1,3,"999, RUE DE METZ",0.0,0.0
201500022952,12,11,15,7,2,31,555,2,3,1,3,"999, AV ARTHUR HUC",0.0,0.0
201500022953,16,11,15,6,2,31,555,1,1,9,7,VA007331 A620,43.5712,1.4343
201500022954,16,11,15,16,1,31,149,2,3,1,3,ROUERGUE (ALLEE DU),43.60948,1.33
201500022955,17,11,15,13,1,31,555,2,1,1,6,"999, BD DE STRASBOURG",0.0,0.0
201500022956,17,11,15,15,1,31,555,2,1,1,6,"999, RUE PAUL VALERY",0.0,0.0
201500022957,19,11,15,11,1,31,555,2,1,1,3,"999, RTE D AGDE",0.0,0.0
201500022958,19,11,15,23,5,31,555,2,1,1,2,"63, BD DE STRASBOURG",0.0,0.0
201500022959,16,11,15,12,1,31,555,1,1,1,4,VA007331 A620,43.5684,1.41703
201500022960,20,11,15,12,1,31,555,1,1,1,4,VA007331 A620,43.57465,1.43953
201500022961,20,11,15,15,1,31,555,1,1,1,2,VA007331 A620,43.6097,1.41381
201500022962,20,11,15,21,5,31,555,2,1,1,2,"66, FAUBOURG BONNEFOY (R",0.0,0.0
201500022963,22,11,15,6,5,31,555,2,1,1,1,"115, ETROITS (CHE DES) D",0.0,0.0
201500022964,23,11,15,8,1,31,555,2,1,1,6,"134, AV DE LESPINET",0.0,0.0
201500022965,23,11,15,9,1,31,555,1,1,1,4,VA007331 A620,43.62784,1.42
201500022966,23,11,15,14,1,31,555,2,1,1,6,"17, BD GRIFFOUL DORVAL",0.0,0.0
201500022967,24,11,15,19,3,31,555,1,1,2,2,VA007331 A621,0.0,0.0
201500022968,25,11,15,8,3,31,149,1,1,3,3,3 COLOMIERS EST N124,43.6077,1.35219
201500022969,23,11,15,8,1,31,69,2,1,1,3,VELASQUEZ (RUE),43.62101,1.39055
201500022970,25,11,15,13,1,31,555,1,1,2,6,VA007456 SESQUIERES,43.6508,1.42246
201500022971,23,11,15,15,1,31,555,1,1,1,2,A 620,43.5796,1.406
201500022972,27,11,15,11,1,31,555,2,1,1,6,"90, AV YVES BRUNAUD",0.0,0.0
201500022973,26,11,15,20,5,31,555,2,1,1,6,"999, RUE D ALSACE LORRAI",0.0,0.0
201500022974,27,11,15,16,1,31,555,2,1,1,1,"126, CHE DES ETROITS",0.0,0.0
201500022975,27,11,15,18,5,31,555,2,1,1,2,D980,43.60744,1.36916
201500022976,28,11,15,1,5,31,555,2,1,2,6,"43, METZ (RUE DE) DU 21A",0.0,0.0
201500022977,28,11,15,11,1,31,555,1,1,1,3,ECHANGEUR BORDELONGUE,43.56325,1.41805
201500022978,29,11,15,15,1,31,555,2,1,1,3,"126, RTE D ESPAGNE",0.0,0.0
201500022979,26,11,15,18,5,31,555,1,1,2,4,VA007553 A61,0.0,0.0
201500022980,30,11,15,9,1,31,555,2,1,1,1,"1, EUROPE (AV DE L) DU 1",0.0,0.0
201500022981,30,11,15,17,1,31,555,2,1,1,3,RUE DES CHAMOIS,0.0,0.0
201500022982,30,11,15,14,1,31,557,2,1,1,2,"122, TARBES (ROUTE DE)",43.58108,1.33543
201500022983,1,12,15,12,1,31,555,2,1,1,6,"334, AV DES ETATS UNIS",0.0,0.0
201500022984,1,12,15,8,1,31,149,2,1,1,2,CORNEBARRIEU (ROUTE DE),43.62424,1.33295
201500022985,2,12,15,12,1,31,149,2,1,1,2,"8, NAUROUZE (ALLEE DE)",43.60911,1.34516
201500022986,2,12,15,15,1,31,149,2,1,7,4,3 COLOMIERS EST (A624),43.6078,1.35247
201500022987,2,12,15,19,3,31,555,2,1,1,3,"2, AV D ATLANTA",0.0,0.0
201500022988,2,12,15,15,1,31,149,2,3,1,3,MITTERAND (ESPLANADE),43.60607,1.33476
201500022989,2,12,15,9,1,31,555,2,1,2,3,"6, RUE LOUIS BONIN",0.0,0.0
201500022990,2,12,15,20,5,31,555,2,2,1,6,"999, BD DE LA GARE",0.0,0.0
201500022991,3,12,15,17,3,31,555,2,1,1,3,"286, RTE DE REVEL",0.0,0.0
201500022992,4,12,15,8,1,31,555,2,1,1,6,"70, CHE DES IZARDS",0.0,0.0
201500022993,4,12,15,8,1,31,555,2,3,1,3,"150, FAUBOURG BONNEFOY (",0.0,0.0
201500022994,3,12,15,17,2,31,149,2,1,1,3,SERRES (AVENUE EDOUARD),43.61226,1.35235
201500022995,4,12,15,13,1,31,555,1,1,1,4,VA007566 MONTAUDRAN A61,0.0,0.0
201500022996,4,12,15,13,1,31,149,2,1,1,2,RN124,43.60675,1.34966
201500022997,4,12,15,17,5,31,555,2,1,1,3,"129, GLOIRE (AV DE LA) D",0.0,0.0
201500022998,4,12,15,17,2,31,555,2,1,1,3,"11, GRANDE RUE SAINT MIC",0.0,0.0
201500022999,5,12,15,21,5,31,555,2,1,1,4,D980,43.6027,1.3663
201500023000,6,12,15,20,5,31,555,2,1,1,2,"139, CHE DE TOURNEFEUILL",0.0,0.0
201500023001,5,12,15,18,2,31,555,2,1,1,3,"353, SEYSSES (RTE DE) DU",0.0,0.0
201500023002,7,12,15,14,1,31,555,2,1,1,3,"999, CHE COTES DE PECH D",0.0,0.0
201500023003,8,12,15,8,1,31,555,2,1,1,3,"59, RTE DE LABEGE",0.0,0.0
201500023004,8,12,15,18,5,31,555,2,1,1,3,RIEUX (AV JEAN) DU 1AU 4,0.0,0.0
201500023005,8,12,15,13,1,31,555,2,1,1,3,"999, BD GRIFFOUL DORVAL",0.0,0.0
201500023006,8,12,15,18,4,31,555,1,1,2,2,16 SOUPETARD (PERIPH EST,0.0,0.0
201500023007,9,12,15,11,1,31,555,2,1,1,3,"999, AV DE FRONTON",0.0,0.0
201500023008,9,12,15,16,1,31,555,2,1,1,6,"999, IMP DE LONDRES",0.0,0.0
201500023009,9,12,15,19,5,31,555,2,1,1,6,"5, ARCOLE (BD D) DU 1AU",0.0,0.0
201500023010,9,12,15,21,2,31,69,2,2,1,3,AUSSONNE (CH D'),43.64462,1.38181
201500023011,10,12,15,0,5,31,555,2,1,1,3,ALL JULES GUESDE,0.0,0.0
201500023012,10,12,15,13,1,31,555,2,1,1,7,"38, MARQUETTE (BD DE LA)",0.0,0.0
201500023013,8,12,15,19,3,31,555,2,1,1,6,"999, MIRAIL (AVENUE)",0.0,0.0
201500023014,10,12,15,0,5,31,555,2,1,1,6,"34, RUE DU PECH",0.0,0.0
201500023015,11,12,15,1,5,31,555,2,1,1,2,"999, PL DU PARLEMENT",0.0,0.0
201500023016,11,12,15,9,1,31,555,2,3,1,6,"161, RUE DU FERETRA",0.0,0.0
201500023017,12,12,15,20,3,31,69,2,3,1,3,"33, GRENADE (ROUTE DE)",43.62745,1.39228
201500023018,12,12,15,22,5,31,555,1,1,1,7,"105, AV DU GENERAL EISEN",0.0,0.0
201500023019,13,12,15,5,5,31,555,2,1,5,7,"999, AV DE L EUROPE",0.0,0.0
201500023020,14,12,15,15,1,31,555,2,1,1,3,"156BIS, RTE D ALBI",0.0,0.0
201500023021,15,12,15,17,5,31,555,2,1,1,2,"1, MIRAIL (AVENUE)",0.0,0.0
201500023022,15,12,15,17,5,31,555,2,1,1,3,"999, AV ANTOINE DE ST EX",0.0,0.0
201500023023,17,12,15,8,1,31,555,1,1,1,3,VA007331 A620,43.6004,1.398
201500023024,17,12,15,11,1,31,555,2,1,1,4,"351, AV DES ETATS UNIS",0.0,0.0
201500023025,17,12,15,17,5,31,555,2,1,1,1,CHE DE TOURNEFEUILLE,0.0,0.0
201500023026,16,12,15,19,3,31,555,1,1,1,4,VA007553 A61,0.0,0.0
201500023027,18,12,15,16,2,31,149,2,6,1,3,PASSAGE GEORGES BRASSENS,43.5983,1.34608
201500023028,19,12,15,17,5,31,555,2,1,1,2,"53, AV DE GRANDE BRETAGN",0.0,0.0
201500023029,21,12,15,16,1,31,555,2,1,1,2,"192, RTE DE LAUNAGUET",0.0,0.0
201500023030,21,12,15,15,1,31,555,2,1,1,3,"118, AV CAMILLE PUJOL",0.0,0.0
201500023031,21,12,15,18,5,31,149,2,6,1,6,PIBRAC (ROUTE DE),43.61327,1.30698
201500023032,22,12,15,11,1,31,555,2,1,1,4,VA007331 A620,43.6371,1.42085
201500023033,19,12,15,5,5,31,555,2,3,1,3,"999, AV D ATLANTA",0.0,0.0
201500023034,21,12,15,18,5,31,555,2,1,1,4,RD901,43.61302,1.38678
201500023035,23,12,15,22,5,31,555,2,1,1,7,"188, AV DE FRONTON",0.0,0.0
201500023036,21,12,15,19,5,31,149,2,3,1,3,Rue Georges Sand,43.65111,1.37435
201500023037,24,12,15,11,1,31,555,2,1,1,3,"95, AV DES MINIMES",0.0,0.0
201500023038,25,12,15,20,5,31,555,2,1,1,4,"999, BOULINGRIN",0.0,0.0
201500023039,28,12,15,14,1,31,555,2,1,1,6,"7, GUYENNE (ALL DE) DU 2",0.0,0.0
201500023040,28,12,15,14,1,31,555,1,1,1,4,"999, BD DE LA MEDITERRAN",0.0,0.0
201500023041,30,12,15,8,1,31,555,2,3,1,3,"999, RUE DU FAUBOURG BON",0.0,0.0
201500023042,26,2,15,18,2,10,336,1,1,8,2,,48.37588,4.02218
201500023043,15,7,15,19,1,68,227,1,1,1,7,,48.10788,7.47193
201500023044,27,9,15,14,1,68,66,2,2,1,3,rue du ladhof,48.08705,7.36808
201500023045,5,1,15,9,1,71,305,1,1,5,5,,0.0,0.0
201500023046,2,3,15,21,3,71,270,1,1,1,2,,0.0,0.0