Num_Acc,jour,mois,an,hr,condition_eclairage,departement,commune,condition_agglomeration,intersection,condition_atmosphere,type_collision,adresse,lattitude,longitude
201500023047,23,4,15,23,3,71,105,1,1,1,5,,0.0,0.0
201500023048,1,5,15,0,3,71,481,1,1,2,4,,0.0,0.0
201500023049,8,5,15,8,1,71,150,1,1,1,1,,0.0,0.0
201500023050,18,6,15,14,1,71,372,1,1,1,6,,0.0,0.0
201500023051,3,7,15,13,1,71,448,1,1,1,6,,0.0,0.0
201500023052,17,7,15,11,1,71,383,1,1,1,2,,0.0,0.0
201500023053,20,7,15,0,3,71,105,1,1,1,2,,0.0,0.0
201500023054,30,10,15,17,3,71,150,1,1,1,6,,0.0,0.0
201500023055,18,6,15,4,3,54,500,1,1,1,6,,48.493,5.90559
201500023056,4,1,15,18,3,83,107,1,1,1,5,,0.0,0.0
201500023057,14,1,15,6,2,83,33,1,1,1,6,,0.0,0.0
201500023058,20,1,15,13,1,83,23,1,1,1,5,,0.0,0.0
201500023059,1,2,15,2,3,83,4,1,1,1,6,,0.0,0.0
201500023060,12,2,15,21,3,83,31,1,1,1,5,,0.0,0.0
201500023061,9,3,15,21,3,83,73,1,1,1,4,,0.0,0.0
201500023062,12,3,15,15,1,83,100,1,1,1,6,,0.0,0.0
201500023063,19,4,15,19,1,83,61,1,1,8,2,,0.0,0.0
201500023064,8,5,15,21,3,83,4,1,1,1,6,,0.0,0.0
201500023065,11,5,15,15,1,83,100,1,1,1,6,,0.0,0.0
201500023066,5,6,15,12,1,83,107,1,1,1,2,,0.0,0.0
201500023067,19,6,15,8,3,83,33,1,1,1,6,,0.0,0.0
201500023068,26,6,15,15,1,83,23,1,1,1,6,,43.41976,6.09624
201500023069,2,7,15,18,1,83,57,1,1,1,2,,0.0,0.0
201500023070,30,7,15,20,1,83,33,1,1,1,2,,0.0,0.0
201500023071,5,8,15,0,3,83,49,1,1,1,2,,0.0,0.0
201500023072,5,8,15,19,1,83,23,1,1,1,6,,0.0,0.0
201500023073,6,8,15,13,1,83,26,1,1,1,6,,0.0,0.0
201500023074,15,8,15,17,1,83,86,1,1,1,2,,0.0,0.0
201500023075,17,8,15,20,1,83,23,1,1,1,3,,0.0,0.0
201500023076,9,11,15,15,1,83,107,1,1,1,2,,0.0,0.0
201500023077,13,11,15,7,2,83,4,1,1,1,6,,0.0,0.0
201500023078,8,2,15,15,1,28,196,1,1,1,6,,48.28764,1.25875
201500023079,22,2,15,8,2,28,161,1,1,1,7,,48.25574,1.12977
201500023080,24,2,15,15,1,28,219,1,1,4,3,,48.23412,1.04271
201500023081,18,3,15,16,1,28,252,1,1,1,7,,48.22701,0.98481
201500023082,19,4,15,14,1,28,18,1,1,1,7,,48.20432,0.9188
201500023083,8,5,15,10,1,28,104,1,1,1,6,,48.47473,1.61267
201500023084,17,5,15,17,1,28,388,1,1,1,7,,48.27023,1.15963
201500023085,11,7,15,14,1,28,139,1,1,1,6,,48.3193,1.34295
201500023086,24,7,15,10,1,28,173,1,1,1,6,,48.46422,1.56487
201500023087,29,7,15,0,3,28,80,1,1,2,6,,0.0,0.0
201500023088,19,9,15,17,1,28,139,1,1,1,1,,48.31518,1.32415
201500023089,26,9,15,8,1,28,161,1,1,1,1,,48.26252,1.14178
201500023090,13,10,15,8,1,28,398,1,1,1,6,,48.23816,1.0618
201500023091,19,12,15,8,1,28,141,1,1,1,6,,48.33106,1.38656
201500023092,6,10,15,13,1,45,137,1,1,1,1,BT ECHANGEUR,48.11632,2.19571
201500023093,16,3,15,5,3,44,22,1,1,5,1,,47.03967,-1.12695
201500023094,24,9,15,20,3,13,78,2,1,1,5,Avenue de la 1èere DFL,0.0,0.0
201500023095,22,12,15,14,1,13,78,2,1,1,6,quai de la liberation,0.0,0.0
201500023096,9,2,15,21,3,77,484,1,1,1,4,AUTOROUTE A4,0.0,0.0
201500023097,8,3,15,20,3,77,415,1,1,1,2,A4,48.926,3.022
201500023098,1,10,15,15,1,77,141,1,1,1,6,A4,0.0,0.0
201500023099,2,10,15,15,1,77,157,1,1,1,6,,0.0,0.0
201500023100,1,12,15,18,3,77,128,1,1,1,2,,0.0,0.0
201500023101,1,1,15,18,3,81,222,1,1,5,1,,0.0,0.0
201500023102,12,5,15,13,1,81,147,1,1,1,5,,0.0,0.0
201500023103,24,5,15,4,5,81,297,2,1,1,6,13 rue Jean Thomas,43.924,2.084
201500023104,29,1,15,0,3,81,36,1,1,2,1,,0.0,0.0
201500023105,27,4,15,16,1,81,5,1,1,2,6,,0.0,0.0
201500023106,18,5,15,13,1,81,5,1,1,1,3,,0.0,0.0
201500023107,12,8,15,6,2,81,121,2,1,1,6,grand rue,0.0,0.0
201500023108,6,10,15,18,1,81,238,2,1,1,6,av de la méditerranée 53,0.0,0.0
201500023109,17,10,15,13,1,81,36,1,1,1,1,,0.0,0.0
201500023110,19,3,15,8,1,32,13,2,1,1,2,80 RTE DE PESSAN,43.6383,0.60106
201500023111,25,3,15,16,1,32,13,2,1,1,6,"60, PYRENEES (AVENUE DES",43.6345,0.58296
201500023112,31,3,15,15,1,32,13,1,1,8,6,ROCADE (RN 124 EST),43.6618,0.64636
201500023113,7,4,15,16,1,32,13,2,1,1,6,"05, SAMBRE ET MEUSE (AVE",43.6493,0.5976
201500023114,27,4,15,21,5,32,13,2,2,1,1,JEANNE D'ALBRET,43.6347,0.59594
201500023115,2,7,15,21,2,32,13,2,1,1,6,JEANNE D'ALBRET,43.6349,0.59598
201500023116,10,7,15,18,1,32,13,2,3,1,3,PIERRE DE MONTESQUIOU (A,43.6336,0.58828
201500023117,13,7,15,18,1,32,13,2,1,1,6,BOUBEE,43.6369,0.59563
201500023118,11,6,15,23,5,32,13,2,3,8,1,DOCTEUR SAMALENS,43.6484,0.58107
201500023119,21,7,15,17,1,32,13,2,1,1,6,LISSAGARAY (QUAI),43.6486,0.5903
201500023120,16,8,15,16,1,32,13,1,1,1,1,ROCADE (RN 124 EST),43.6608,0.62874
201500023121,30,7,15,17,1,32,13,2,1,1,4,ROUGET DE LISLE,43.6457,0.59127
201500023122,2,9,15,19,1,32,13,1,3,1,3,BARRAN (ROUTE DE),43.6432,0.52713
201500023123,8,9,15,8,1,32,13,1,1,7,1,HAGET (RUE),43.6539,0.60432
201500023124,19,9,15,9,1,32,13,2,6,1,3,VERDUN (PLACE DE),43.6482,0.59277
201500023125,9,10,15,10,1,32,13,2,6,7,3,TOULOUSE (ROUTE DE),43.6539,0.61182
201500023126,19,9,15,18,1,32,13,2,1,1,3,"86, PREMIERE ARMEE FRANC",43.6501,0.59952
201500023127,27,8,15,17,1,32,13,2,1,7,6,"1, SADI-CARNOT (BOULEVAR",43.649,0.58942
201500023128,28,8,15,13,1,32,13,1,3,1,4,R N 21,43.7035,0.61621
201500023129,20,9,15,16,1,32,13,2,3,1,6,"62, PIERRE DE MONTESQUIO",43.6336,0.58829
201500023130,25,9,15,12,1,32,13,2,6,1,3,JEANNE D'ALBRET,43.6331,0.58931
201500023131,3,1,15,8,1,32,117,1,1,9,7,ROCADE (RN 124 OUEST),43.6641,0.55592
201500023132,2,11,15,19,5,32,13,2,1,1,6,RUE GAMBETTA,43.6471,0.58413
201500023133,4,11,15,13,1,32,13,2,1,1,6,PRIEURE (PONT DU),43.6475,0.58869
201500023134,17,11,15,13,1,32,13,2,6,1,3,PESSAN (ROUTE DE),43.6408,0.59615
201500023135,25,11,15,15,1,32,13,2,2,3,3,PAUL VALERY,43.665,0.59231
201500023136,25,11,15,19,5,32,13,2,1,8,3,"45, SADI-CARNOT (BOULEVA",43.6447,0.58743
201500023137,27,11,15,17,5,32,13,2,1,8,7,SADI-CARNOT (BOULEVARD),43.6449,0.58755
201500023138,18,1,15,6,3,32,13,1,1,1,6,ARRIOUETS (CHEMIN DES),43.6658,0.58686
201500023139,20,1,15,12,1,32,13,1,1,8,6,PESSAN (ROUTE DE),43.6297,0.62231
201500023140,27,2,15,19,5,32,13,2,3,1,3,SAMBRE ET MEUSE (AVENUE),43.647,0.5975
201500023141,11,3,15,12,1,32,13,2,1,1,6,"2X, PIERRE MENDES FRANCE",43.647,0.59611
201500023142,15,3,15,15,1,57,177,2,1,1,6,21 AV du G. DE GAULLE,48.81184,6.71858
201500023143,27,3,15,20,3,57,629,1,1,1,1,,0.0,0.0
201500023144,30,5,15,21,3,57,723,1,1,1,6,,48.933,6.767
201500023145,30,9,15,18,1,57,469,1,1,7,7,GN 48.871 6.954,0.0,0.0
201500023146,28,1,15,21,3,21,171,1,1,3,6,,47.28085,5.12565
201500023147,11,2,15,5,3,21,183,1,1,1,6,,47.23031,5.27679
201500023148,15,3,15,15,1,21,483,1,1,1,6,,47.46338,5.18034
201500023149,23,4,15,19,1,21,106,1,1,1,1,,47.24443,5.09741
201500023150,25,4,15,12,1,21,371,1,1,2,6,,47.17252,5.34822
201500023151,16,5,15,19,1,21,268,1,1,1,6,,47.13576,5.37706
201500023152,26,5,15,4,3,21,638,1,1,1,5,,47.53015,5.1991
201500023153,3,7,15,17,1,21,572,1,1,1,7,,47.1199,5.39186
201500023154,12,3,15,10,1,76,541,1,1,1,6,,49.52376,0.96621
201500023155,20,7,15,18,1,76,10,1,1,7,2,,49.64456,0.97211
201500023156,7,9,15,8,1,31,454,1,2,1,3,,0.0,0.0
201500023157,28,11,15,16,1,31,547,2,6,1,6,rue Marie-Curie,43.49348,1.31302
201500023158,20,11,15,21,5,31,113,2,1,1,1,rue jean ingres,43.52041,1.49793
201500023159,20,12,15,16,3,42,294,1,1,1,4,,46.007,4.10799
201500023160,10,5,15,19,1,31,410,2,1,1,1,chemin de labastidole,43.70554,1.45881
201500023161,25,10,15,0,3,76,624,2,1,1,6,287 rue d'Arques,49.88094,1.21833
201500023162,6,12,15,11,1,76,81,1,1,1,2,,49.95574,1.19477
201500023163,11,1,15,15,1,41,234,1,1,1,7,,47.554,1.123
201500023164,18,1,15,17,1,41,55,2,1,1,5,45 RUE GRANDE,47.529,1.249
201500023165,16,3,15,13,1,41,35,1,1,1,3,,47.731,1.272
201500023166,3,4,15,17,1,41,55,1,1,2,3,,47.536,1.277
201500023167,23,4,15,14,1,41,45,1,1,1,6,,47.487,1.22
201500023168,24,4,15,17,1,41,55,1,1,1,1,,47.513,1.227
201500023169,24,4,15,17,1,41,167,2,1,1,1,12 route de chambon,47.505,1.193
201500023170,25,5,15,13,1,41,276,1,3,1,3,,47.639,1.325
201500023171,3,6,15,17,1,41,142,1,4,1,3,,47.579,1.232
201500023172,3,7,15,18,1,41,234,1,1,1,1,,47.57135,1.12245
201500023173,23,7,15,12,1,41,91,1,1,1,3,,47.63859,1.28113
201500023174,28,7,15,19,1,41,167,1,1,3,1,,47.49387,1.20656
201500023175,1,8,15,6,1,41,55,1,1,1,1,,47.51712,1.24997
201500023176,11,8,15,19,1,41,55,1,1,1,6,,47.50068,1.23625
201500023177,20,8,15,19,1,41,167,1,1,1,7,,47.52459,1.19223
201500023178,23,8,15,1,3,41,167,1,1,1,7,,47.52505,1.19218
201500023179,20,9,15,19,2,41,230,2,1,1,7,rue des ecoles,47.60559,1.27081
201500023180,8,12,15,9,1,41,29,1,1,1,7,,47.53061,1.27404
201500023181,5,4,15,12,1,33,9,2,3,1,6,R Roger Expert,44.66302,-1.16978
201500023182,11,4,15,12,1,33,529,1,2,1,1,R ETIENNE TURPIN,44.61772,-1.11469
201500023183,27,4,15,15,1,33,529,1,3,1,6,"785, CAZAUX (BD DE)",44.59798,-1.13011
201500023184,23,4,15,15,1,33,9,2,6,1,6,RD 1250 (camicas-grand),44.65359,-1.15909
201500023185,30,4,15,18,1,33,529,1,1,1,1,"118, Av Charles de Gaull",44.63728,-1.12626
201500023186,20,5,15,12,1,33,9,2,2,1,3,"., SEMIRAMIS (ALL.)",44.6556,-1.16899
201500023187,14,5,15,17,1,33,529,2,3,1,2,Allée André Lafont,44.54157,-1.15123
201500023188,25,5,15,2,4,33,9,2,2,1,3,"12, GOLF (AVE DU)",44.6449,-1.17918
201500023189,2,6,15,8,1,33,9,2,1,1,2,"21, DOUSSY (RUE EMILE)",44.65238,-1.15378
201500023190,23,5,15,17,1,33,529,2,1,1,3,"47, LECLERC (AVE DU GAL)",44.64351,-1.15454
201500023191,8,6,15,12,1,33,529,2,1,1,6,"61, SAINT-EXUPERY (AVE)",44.61807,-1.13868
201500023192,20,6,15,10,1,33,529,2,1,1,6,"1, COUTOUM (RUE DU)",44.62618,-1.13919
201500023193,23,6,15,8,1,33,529,2,1,1,6,"2 A, BISSERIE (AVE DE)",44.62649,-1.14127
201500023194,23,6,15,16,1,33,529,1,1,1,6,RN 250 (OUSTALET),44.61833,-1.12555
201500023195,12,7,15,15,1,33,9,2,1,1,6,"226, Bd COTE D'ARGENT",44.64173,-1.20163
201500023196,14,7,15,9,1,33,529,1,6,1,3,RN 250,44.61823,-1.12537
201500023197,18,7,15,8,1,33,529,2,6,1,6,RdPt CABANES TCHANQUEES,44.62673,1.14158
201500023198,23,7,15,17,1,33,9,2,2,1,6,Cr LAMARQUE PLAISANCE,44.66141,-1.17436
201500023199,2,8,15,13,1,33,9,2,3,7,3,"130, COTE D'ARGENT (BD)",44.64541,-1.19454
201500023200,2,8,15,19,1,33,529,1,1,1,1,RD 1250,44.63836,-1.15589
201500023201,6,8,15,17,1,33,529,2,1,1,6,"155, OCEAN (BD DE L')",44.62442,-1.20201
201500023202,15,8,15,17,1,33,529,2,1,1,6,"35, PORT (RUE DU)",44.63612,-1.14456
201500023203,18,8,15,18,1,33,9,2,6,1,3,"82, DEGANNE (BD) DU 34 E",44.65772,-1.15857
201500023204,5,8,15,17,1,33,529,1,1,1,6,BISCAROSSE (AVE) DUNE,44.55267,-1.23746
201500023205,22,8,15,12,1,33,9,2,1,1,6,"14, LECLERC (BD DU MAL)",44.65872,-1.163
201500023206,21,8,15,12,1,33,9,2,1,1,6,"169 Bis, COTE D'ARGENT (",44.64713,1.19244
201500023207,24,8,15,12,1,33,529,2,6,3,2,"., INDUSTRIE (BD DE L')",44.61569,-1.12668
201500023208,4,9,15,16,1,33,9,2,2,1,5,"., DESBIEY (CRS) - N°02",44.6566,-1.16022
201500023209,15,9,15,12,1,33,529,2,1,1,4,"., LAGRUA (CH.)",44.63824,-1.15382
201500023210,8,10,15,8,1,33,9,2,6,1,6,"., DEGANNE (BD) DU 01 AU",44.65364,-1.14671
201500023211,9,10,15,17,1,33,529,2,1,1,2,"46, BISSERIE (AVE DE)",44.62103,-1.13183
201500023212,13,10,15,13,1,33,9,2,1,1,6,"2 Bis, BERDOULAT (AVE GA",44.65575,-1.15488
201500023213,19,10,15,16,1,33,9,2,1,1,6,"26, PINNEBERG (RUE LUCIE",44.66092,-1.1702
201500023214,23,10,15,2,3,33,529,1,1,1,7,"., PISTE 214",44.57505,-1.20357
201500023215,21,10,15,18,1,33,529,2,6,1,3,"., GRAILLY (RUE JEAN DE)",44.62672,-1.14415
201500023216,8,11,15,19,5,33,529,1,1,1,1,TURPIN (RUE ETIENNE),44.61772,-1.11669
201500023217,2,11,15,9,1,33,529,2,2,1,3,"R, JEAN DE GRAILLY",44.62932,-1.14141
201500023218,21,11,15,18,3,33,529,1,1,3,1,RD 1250 (CAMICAS-OUST,44.64027,-1.15643
201500023219,25,11,15,17,1,33,529,1,1,2,1,RN 250,44.61724,-1.11407
201500023220,4,12,15,7,2,33,529,2,6,1,3,gira D112 - rue Grailly,44.62671,-1.14153
201500023221,5,12,15,2,5,33,9,2,1,1,6,"49, GAUTIER (AVE THEOPHI",44.64609,-1.19268
201500023222,17,12,15,20,5,33,9,2,2,1,6,R.de Joigny-Av.StArnaud,44.66084,-1.18693
201500023223,24,12,15,9,1,33,529,2,1,1,1,"39, CHEMIN DES DAMES (RU",44.63606,-1.14985
201500023224,28,1,15,14,1,33,529,2,1,2,6,"., JUIN (SQ. DU 18)",44.63601,-1.14341
201500023225,11,3,15,4,5,33,529,2,1,1,6,"66, R LAGRUA",44.64221,-1.15654
201500023226,15,3,15,15,1,33,529,1,2,1,3,R JEAN DE GRAILLY,44.6267,-1.14154
201500023227,15,3,15,12,1,33,529,2,1,1,6,"3, R DES FUSILLES",0.0,0.0
201500023228,29,3,15,12,1,74,238,1,1,2,7,SORTIE TUNNEL DES TINES,46.242,6.652
201500023229,24,3,15,7,1,74,188,2,1,1,3,90 ROUTE DE MORZINE,0.0,0.0
201500023230,19,6,15,13,1,74,295,1,1,1,1,,46.318,6.611
201500023231,24,9,15,17,1,74,30,1,1,1,1,,46.293,6.615
201500023232,16,3,15,7,1,33,318,2,3,1,3,RUE THEODORE BOTREL,44.79825,-0.67583
201500023233,17,3,15,20,5,33,318,2,6,1,6,AVE DES PROVINCES,44.7946,-0.68232
201500023234,28,12,15,12,1,33,75,2,2,1,3,RUE JULES LADOUMEGUE,44.8823,-0.62104
201500023235,17,3,15,12,1,33,63,2,2,1,3,ML LAT TASSIGNY/SOUBIRAS,44.857,-0.61992
201500023236,19,3,15,20,5,33,63,2,3,1,6,PCE DE STALINGRAD,44.8402,-0.56065
201500023237,19,3,15,11,1,33,63,2,3,1,6,"24, RUE MARECHAL JOFFRE",44.83597,-0.57853
201500023238,24,3,15,16,1,33,318,2,1,2,6,"2, PENARD (AVE DU DOCTEU",44.81086,-0.62042
201500023239,20,3,15,0,5,33,63,2,4,1,6,"11, RUE DE RIGOULET",44.8232,-0.59313
201500023240,30,12,15,18,5,33,69,2,3,1,1,AVE DE TIVOLI,44.8666,-0.59582
201500023241,18,3,15,2,5,33,63,1,1,1,6,BD JOLIOT-CURIE,44.8508,-0.53792
201500023242,16,3,15,22,5,33,119,2,3,1,6,22 R.CASSAGNE/AV.L.BLUM,44.8645,-0.51378
201500023243,21,3,15,12,1,33,63,2,2,1,3,RUE DE BEGLES,44.82116,-0.56581
201500023244,20,3,15,23,5,33,63,2,6,2,6,CH.BRICAUD/RDPT M.FEL,44.8879,-0.56006
201500023245,21,3,15,0,5,33,63,2,3,1,3,BD PDT WILSON/U.GAYON,44.8532,-0.59384
201500023246,18,3,15,11,1,33,281,2,1,1,2,"484, AVE DE VERDUN",44.8414,-0.64497
201500023247,23,3,15,7,1,33,63,2,1,1,3,"10, CRS BARBEY",44.8283,-0.56223
201500023248,24,3,15,11,1,33,63,2,2,1,6,CRS DE LA MARNE,44.82816,-0.56077
201500023249,22,3,15,16,1,33,550,2,3,1,6,R VINCENT AURIOL,44.7619,-0.58196
201500023250,1,1,15,2,5,33,63,2,1,1,6,BD FRERES MOGA,44.8283,-0.55028
201500023251,22,3,15,19,1,33,200,2,6,1,3,ROUTE DE LACANAU D 1215,44.8912,-0.67118
201500023252,21,3,15,19,5,33,119,2,1,3,2,"38, AVE HUBERT DUBEDOUT",44.847,-0.51093
201500023253,27,3,15,8,1,33,318,2,3,1,6,AVE DE CANEJAN,44.7905,-0.65048
201500023254,26,3,15,17,1,33,63,2,3,2,6,"57, HUGO (CRS VICTOR)",44.8355,-0.56908
201500023255,31,12,15,17,5,33,522,2,2,1,3,RUE ALDONA,44.7989,-0.58742
201500023256,29,3,15,21,5,33,318,2,1,1,2,HT LEVEQUE ENTR. HOPITAL,44.7968,-0.6617
201500023257,21,12,15,23,5,33,75,2,2,1,3,AVE DU MEDOC,44.8802,-0.62764
201500023258,19,3,15,7,1,33,167,2,1,1,6,"15, COTE DE L'EMPEREUR",44.8458,-0.52293
201500023259,20,3,15,22,5,33,39,2,2,1,6,"50,F.BUISSON/BARBEDEGAT",44.8019,-0.55797
201500023260,20,3,15,9,1,33,69,2,3,1,3,"44, RUE PAUL BERT",44.8649,-0.60382
201500023261,24,3,15,19,5,33,63,2,2,1,2,LOUIS XVIII (QUAI ),44.8449,-0.57098
201500023262,19,3,15,17,1,33,522,2,1,1,3,ALL PIERRE DE COUBERTIN,44.80041,-0.60566
201500023263,27,3,15,7,1,33,63,2,2,1,6,RUE DE SEGUR,44.8247,-0.58496
201500023264,28,3,15,18,1,33,63,2,1,2,2,"14, BD GEORGE V",44.8271,-0.59186
201500023265,27,12,15,0,5,33,522,2,2,1,2,AVE MAL DE LATTRE DE TAS,44.81231,-0.58763
201500023266,28,3,15,20,4,33,281,2,2,2,5,"385, AVE DE VERDUN",44.84019,-0.63977
201500023267,27,3,15,17,1,33,63,2,1,2,2,165 FACE 170 BD GEORGE V,44.822,-0.58418
201500023268,27,3,15,8,1,33,63,2,3,1,3,"41, RUE ULYSSE GAYON",44.8524,-0.5924
201500023269,27,3,15,19,5,33,63,2,2,2,3,AVE DE LA GARE CAUD,44.84511,-0.6285
201500023270,24,3,15,9,1,33,39,2,3,1,3,RUE DE LA BELLE ROSE,44.81133,-0.54986
201500023271,27,3,15,15,1,33,63,2,2,1,3,RUE GEORGES MANDEL,44.8421,-0.59418
201500023272,21,3,15,15,1,33,522,2,1,2,6,AVE ROUL -ACCES AU BUS-,44.8067,-0.59249
201500023273,25,3,15,8,1,33,281,2,2,1,6,AVE FRANCOIS MITTERRAND,44.8265,-0.61934
201500023274,30,3,15,14,1,33,63,2,3,2,6,BD ALFRED DANEY,44.8682,-0.57039
201500023275,25,3,15,7,1,33,281,2,6,1,3,AVE DE L'YSER,44.8411,-0.65365
201500023276,25,3,15,12,1,33,75,2,2,1,5,RUE DE LA TOUR DE GASSIE,44.8819,-0.6209
201500023277,31,3,15,10,1,33,63,2,2,2,3,R.GODARD/R.VELODROME,44.8553,-0.60926
201500023278,24,3,15,18,1,33,281,2,1,8,2,PARKING 86 AV BON AIR,44.819,-0.65013
201500023279,1,4,15,22,5,33,63,2,1,1,6,50 RUE STE CATHERINE,44.8399,-0.57418
201500023280,1,4,15,20,5,33,63,2,3,1,6,"66, CRS DE LA SOMME",44.82816,-0.57236
201500023281,1,4,15,13,1,33,63,2,3,1,5,CRS D'ALBRET,44.83716,-0.58117
201500023282,28,3,15,9,1,33,318,2,6,2,1,VLA VENANT RUE ARCHIMEDE,44.7858,-0.64369
201500023283,30,3,15,8,1,33,522,2,6,2,3,R.PEYDAVANT/MONTESQUIEU,44.8035,-0.58665
201500023284,2,4,15,12,1,33,63,2,3,1,6,CRS DE LA MARNE,44.8293,-0.5658
201500023285,2,4,15,16,1,33,63,2,1,1,6,BD PIERRE1ER=>RAVESIES,44.8653,-0.5773
201500023286,4,4,15,1,5,33,63,2,2,2,3,PCE BIR HAKEIM,44.8363,-0.56606
201500023287,1,4,15,18,1,33,249,2,3,1,2,R.M.MONTAIGNE/R.DIDEROT,44.8722,-0.51614
201500023288,2,4,15,7,2,33,13,2,1,1,4,RN 89,44.8678,-0.49281
201500023289,30,3,15,13,1,33,39,2,1,2,1,AV JD'ARC AP.RDPT CARCOT,44.7947,-0.54229
201500023290,3,4,15,20,5,33,63,2,3,2,3,"29, RUE NOTRE DAME",44.85047,-0.57203
201500023291,3,4,15,21,5,33,63,2,2,2,3,"175, CRS DE L'YSER",44.8233,-0.57072
201500023292,3,4,15,0,5,33,63,2,1,1,6,RUE DU CHATEAU D'EAU,44.8381,-0.58289
201500023293,2,4,15,11,1,33,63,2,1,1,5,"319, RUE PASTEUR CAUD",44.8472,-0.62199
201500023294,4,4,15,12,1,33,63,2,1,2,6,"5/7, PCE DE STALINGRAD",44.83983,-0.55956
201500023295,3,4,15,16,1,33,32,2,6,1,2,AVE LAMARTINE,44.9055,-0.5172
201500023296,4,4,15,13,1,33,167,2,1,1,6,"7, RUE DES ROSEAUX",44.83166,-0.53394
201500023297,7,4,15,9,1,33,63,2,1,1,2,"25, RUE ESPRIT-DES-LOIS",44.84305,-0.57342
201500023298,7,4,15,21,5,33,63,2,3,1,6,"30, RUE PEYRONNET",44.8292,-0.56013
201500023299,3,4,15,7,2,33,65,1,1,1,2,S/Pont ENJMBNT ROC ECH22,44.8117,-0.52195
201500023300,7,4,15,16,1,33,63,2,1,1,2,"264, RUE PELLEPORT",44.8201,-0.56986
201500023301,9,4,15,10,1,33,63,2,2,1,2,LOUIS (CRS SAINT),44.85836,-0.56978
201500023302,9,4,15,13,1,33,63,2,3,1,6,AV J.D'ARC/DOMREMY,44.8253,-0.59281
201500023303,9,4,15,12,1,33,63,2,1,1,6,"30/32, AVE THIERS",44.8417,-0.55771
201500023304,13,4,15,8,1,33,63,2,2,1,3,"58, RUE DE BELFORT",44.8347,-0.58217
201500023305,11,4,15,18,1,33,63,2,2,1,3,RUE ROGER ALLO,44.84416,-0.58889
201500023306,11,4,15,2,5,33,63,2,2,1,3,CRS DE LA MARNE,44.8298,-0.56803
201500023307,10,4,15,21,2,33,63,2,5,1,3,RUE CHEVALIER,44.84208,-0.59417
201500023308,10,4,15,12,1,33,63,2,3,1,4,RUE ROBERT SCHUMAN,44.8588,-0.58309
201500023309,3,4,15,17,1,33,69,2,1,1,3,RUE DES ECUS,44.86947,-0.60719
201500023310,2,4,15,17,1,33,192,2,3,1,6,CRS DU GENERAL DE GAULLE,44.77566,-0.61142
201500023311,11,4,15,21,5,33,63,2,1,1,6,"46, QUAI RICHELIEU",44.83758,-0.56703
201500023312,11,4,15,23,3,33,63,2,1,1,6,RUE JOSEPH FAURE,44.84002,-0.55092
201500023313,3,4,15,7,1,33,162,2,3,1,3,AVE DE L'HIPPODROME,44.86544,-0.63839
201500023314,14,4,15,23,5,33,63,2,1,1,6,"36, QUAI DE BACALAN",44.8582,-0.55853
201500023315,6,4,15,16,1,33,318,2,6,1,3,AVE DE MAGELLAN,44.7864,-0.66471
201500023316,7,4,15,19,1,33,281,2,1,1,3,"06, RUE DU LIVEAU",44.8478,-0.63984
201500023317,8,4,15,8,1,33,522,2,1,1,3,"283,LIBERATION-STATFORUM",44.8119,-0.59107
201500023318,12,4,15,20,2,33,13,2,6,1,7,AVE DE VIRECOURT,44.8545,-0.49892
201500023319,8,4,15,17,1,33,63,2,6,1,4,40 JOURNAUX/TOBEEN,44.8775,-0.56901
201500023320,13,4,15,11,1,33,281,2,1,1,3,"105, AV FRERES ROBINSON",44.8559,-0.65485
201500023321,12,4,15,20,1,33,63,2,1,1,6,"24, RUE DE SAGET",44.82875,-0.55678
201500023322,9,4,15,8,1,33,318,2,6,1,6,"184, AVE DU HAUT LEVEQUE",44.7832,-0.65255
201500023323,13,4,15,11,1,33,63,2,1,1,3,39 CRS MARECHAL GALLIENI,44.8244,-0.59108
201500023324,8,4,15,8,1,33,281,2,3,1,3,"166,LIBERATION/L.COULLET",44.8598,-0.64294
201500023325,8,4,15,8,1,33,13,1,3,1,3,AVE DE L'EGLISE ROMANE,44.86016,-0.49797
201500023326,9,4,15,7,1,33,13,1,1,1,2,ROUTE NATIONALE 89,44.8673,-0.47539
201500023327,2,1,15,3,5,33,75,2,4,1,7,FIEUSAL/ROCADE NORD,44.8882,-0.59964
201500023328,15,4,15,8,1,33,63,2,2,1,3,BD J.J.BOSC/L.JOUHAUX,44.8157,-0.55125
201500023329,15,4,15,14,1,33,63,2,2,1,6,CRS BALGUERIE STUTTENBER,44.85686,-0.56894
201500023330,14,4,15,14,1,33,281,2,2,1,3,AV MAGUDAS/ROC OUEST,44.8574,-0.66018
201500023331,14,4,15,15,1,33,63,2,3,1,3,CRS D'ALBRET,44.8323,-0.57941
201500023332,16,4,15,14,1,33,63,2,1,1,3,145 BD GODARD,44.8628,-0.58365
201500023333,15,4,15,9,1,33,550,2,2,1,3,AVE GEORGES CLEMENCEAU,44.78169,-0.56589