Num_Acc,jour,mois,an,hr,condition_eclairage,departement,commune,condition_agglomeration,intersection,condition_atmosphere,type_collision,adresse,lattitude,longitude
201500023334,18,4,15,19,1,33,63,2,1,3,3,24 CRS DE VERDUN,44.8463,-0.57718
201500023335,18,4,15,1,5,33,63,2,3,1,3,Q. PALUDATE/ C.THOMAS,44.8256,-0.54724
201500023336,16,4,15,9,1,33,63,2,3,1,1,CRS BALGUERIE STUTTENBER,44.8591,-0.56574
201500023337,18,4,15,9,1,33,550,2,2,1,1,"599, TOULOUSE (RTE DE)",44.7817,-0.56605
201500023338,5,4,15,4,5,33,318,2,6,1,6,91AV PASTEUR/LAROUILLAT,44.803,-0.63866
201500023339,11,4,15,10,1,33,13,2,4,1,5,RN 89,44.8686,-0.50295
201500023340,14,4,15,19,1,33,249,2,3,1,2,AVE DE PARIS,44.8812,-0.51032
201500023341,16,4,15,8,1,33,69,2,1,1,6,"253, AV LIBERATION",44.8651,-0.60477
201500023342,20,4,15,15,1,33,63,2,1,1,2,"173, BD PDT WILSON",44.8446,-0.59913
201500023343,15,4,15,8,1,33,63,2,1,1,3,297AV ML.LATTRETASSIGNY,44.8575,-0.62112
201500023344,16,4,15,13,1,33,63,2,2,2,1,RUE MANDRON/C.GODARD,44.855,-0.58312
201500023345,17,4,15,14,1,33,63,2,1,1,3,"10, RUE DE CAUDERAN",44.8455,-0.59408
201500023346,18,4,15,21,2,33,63,2,2,3,3,123 CRS ARGONNE/BRIAN,44.8275,-0.57584
201500023347,19,4,15,6,5,33,63,2,2,2,6,"98, RUE MALBEC",44.8247,-0.56386
201500023348,25,4,15,21,5,33,63,2,2,1,1,R.C.GODARD/R.CONDORCET,44.855,-0.57749
201500023349,17,4,15,9,1,33,39,2,2,1,6,RTE DE TOULOUSE,44.7994,-0.56969
201500023350,20,4,15,15,1,33,63,2,3,1,3,285 AV THIERS/J.PUJOL,44.8491,-0.54521
201500023351,16,4,15,15,1,33,200,2,2,1,1,263 AVJ.MERMOZ/ST MEDARD,44.8649,-0.66462
201500023352,20,4,15,14,1,33,200,2,4,1,3,PASTEUR/STECHRISTINE,44.881,-0.68609
201500023353,19,4,15,21,5,33,39,2,2,1,3,DURCY/JEANNE D'ARC,44.7998,-0.54307
201500023354,24,4,15,7,1,33,63,2,1,1,3,"9, BD ANTOINE GAUTIER",44.8361,-0.59883
201500023355,23,4,15,15,1,33,63,2,1,8,3,"64, RUE DE CANOLLE",44.8276,-0.60191
201500023356,27,4,15,20,1,33,63,2,1,1,6,"72, BD MAL LECLERC",44.8305,-0.59704
201500023357,22,4,15,8,1,33,63,2,3,1,1,RUE DES POILUS 1914-1918,44.8171,-0.56873
201500023358,26,4,15,2,5,33,63,2,3,1,3,RUE L.FAURE/Q.A.LALANDE,44.8612,-0.55465
201500023359,13,4,15,17,1,33,162,2,2,1,6,AVE DE SAINT-MEDARD,44.8612,-0.64214
201500023360,27,4,15,10,1,33,63,2,3,1,3,"63, RUE JULES FERRY CAUD",44.8422,-0.6037
201500023361,10,4,15,21,5,33,318,2,1,1,7,AVE DE LA TUILERANNE,44.784,-0.63219
201500023362,22,4,15,13,1,33,249,2,2,1,3,AVE DE PARIS,44.8731,-0.51152
201500023363,22,4,15,19,1,33,281,2,3,1,1,R.JARD FACE 19IMP JARD,44.8416,-0.63965
201500023364,23,4,15,19,1,33,75,2,3,1,6,M.BASTIE/PL XI NOVEMBRE,44.888,-0.61479
201500023365,23,4,15,12,1,33,318,2,1,2,2,AVE DE SAIGE,44.7972,-0.63073
201500023366,22,4,15,17,1,33,281,2,4,1,3,R.DES CIGALES/R.CAP ROUX,44.858,-0.65749
201500023367,24,4,15,9,1,33,200,2,3,1,3,AV DE MAGUDAS/R. BERLES,44.8594,-0.68464
201500023368,27,4,15,19,1,33,65,2,3,1,3,Q.SOUYS/GABARE,44.8171,-0.52943
201500023369,28,4,15,7,1,33,63,2,4,1,3,BD ALBERT 1ER,44.814,-0.56809
201500023370,30,4,15,9,1,33,63,2,1,1,5,234 REPUBLIQUE CAUD,44.8392,-0.61218
201500023371,2,5,15,12,1,33,63,2,1,2,6,AVE DE NONTRASTE,44.8772,-0.5678
201500023372,30,4,15,21,5,33,63,2,3,3,7,R.DUQUESNE/J.BRUNET,44.8741,-0.546
201500023373,26,4,15,10,1,33,63,2,2,2,3,QUAI SAINTE- CROIX,44.8315,-0.5586
201500023374,30,4,15,18,1,33,63,2,1,1,2,"FACE AU 6, Q.LOUIS 18",44.8439,-0.57042
201500023375,1,5,15,8,1,33,63,2,2,3,2,BD ALBERT 1ER,44.81288,-0.56138
201500023376,2,4,15,15,1,33,63,2,2,1,6,"21, ALL SERR",44.84197,-0.56017
201500023377,24,4,15,21,5,33,522,2,1,1,3,"50, RUE DE TREMEUGE",44.8032,-0.59079
201500023378,29,4,15,15,1,33,167,2,2,1,3,CHEM DES PLATEAUX,44.8282,-0.5181
201500023379,29,4,15,16,1,33,281,2,1,1,3,"106, AVE DE MAGUDAS",44.8571,-0.65804
201500023380,5,5,15,18,1,33,63,2,3,1,3,"149,MARNE/AMDITMUREINE",44.8288,-0.56356
201500023381,5,5,15,7,1,33,63,2,1,6,3,"66, RUE COMMANDANT ARNOU",44.8339,-0.57708
201500023382,24,4,15,11,1,33,39,2,2,1,3,FRERES MOGA/L.ROCHEMOND,44.8001,-0.55149
201500023383,5,5,15,11,1,33,192,2,1,1,1,"4, RUE DU PROFESSEUR VIL",44.7844,-0.60869
201500023384,4,5,15,16,1,33,281,2,1,1,2,"48, RUE DU JARD",44.8444,-0.63953
201500023385,6,5,15,14,1,33,63,2,1,1,6,"15, ALL TOURNY",44.8443,-0.576
201500023386,6,5,15,11,1,33,63,2,2,1,6,CRS E.FAYOLLE/R. FRERE,44.8524,-0.57422
201500023387,2,5,15,14,1,33,167,2,1,2,3,D936,44.8432,-0.50271
201500023388,6,5,15,13,1,33,63,2,2,1,3,R.DANJOU/R.VERGNIAUD,44.8509,-0.58039
201500023389,6,5,15,9,1,33,63,2,1,1,2,AVE DE LABARDE,44.8991,-0.55238
201500023390,1,4,15,2,5,33,63,2,2,1,3,BD AGAUTIER/BD GPOMPIDOU,44.8333,-0.59874
201500023391,11,5,15,8,1,33,13,2,4,1,3,D936,44.8426,-0.49942
201500023392,5,5,15,12,1,33,63,2,3,1,3,"341, CRS DE LA SOMME",44.81616,-0.57233
201500023393,8,5,15,14,1,33,63,2,1,1,5,SUR PONT DU JONC,44.8775,-0.56371
201500023394,13,5,15,23,5,33,63,2,1,1,6,BARRIERE TOMBES/ CYCLO,44.8423,-0.57968
201500023395,9,5,15,18,1,33,281,2,2,1,3,Av DES FRERES ROBINSON,44.8473,-0.65825
201500023396,7,5,15,21,5,33,63,2,1,1,1,"2BIS, RUE SUFFREN",44.8763,-0.55508
201500023397,11,5,15,17,1,33,281,2,2,1,3,AVE DU BEDAT,44.8508,-0.64627
201500023398,5,5,15,13,1,33,281,2,3,1,2,AVE FRANCOIS MITTERRAND,44.8258,-0.62813
201500023399,4,5,15,8,1,33,550,2,2,8,5,RUE DE LA PAIX,44.7648,-0.57075
201500023400,12,5,15,12,1,33,63,2,6,1,3,RDPT M.FEL/CH.BRICAUD,44.8879,-0.56006
201500023401,13,5,15,16,1,33,63,2,2,1,3,J.FERRY/MOULIN ROUGE,44.8421,-0.60287
201500023402,14,5,15,0,5,33,63,2,1,1,6,CRS JULES LADOUMEGUE,44.89777,-0.56725
201500023403,12,5,15,22,4,33,63,2,1,1,7,CH.BRICAUD=>BD AQUITAINE,44.8875,-0.56011
201500023404,14,5,15,0,5,33,63,2,1,1,6,135 AVE EYSINES CAUD,44.8553,-0.60062
201500023405,7,5,15,7,1,33,318,2,6,1,3,HT LEVEQUE/G.EIFFEL,44.7814,-0.65011
201500023406,9,5,15,17,1,33,281,2,1,1,6,"18, AVE DE LA SOMME",44.8332,-0.65035
201500023407,6,5,15,14,1,33,281,2,3,1,1,MENDES FR / T.RENAUDOT,44.8193,-0.6347
201500023408,7,5,15,8,1,33,75,2,3,1,3,AV.C.GAUSSENS/R.E.VIDEAU,44.8739,-0.60925
201500023409,7,5,15,17,1,33,39,2,1,1,6,"544, RTE DE TOULOUSE",44.78387,-0.56621
201500023410,6,5,15,9,1,33,318,2,3,1,7,J.CORDIER/E.ZOLA,44.8202,-0.6108
201500023411,6,5,15,12,1,33,318,2,1,1,3,"4, AVE ANTOINE BECQUEREL",44.7872,-0.64538
201500023412,5,5,15,19,1,33,281,2,1,1,3,AV.GRANGE.NOIRE AP.VOLTA,44.8542,-0.67724
201500023413,7,5,15,17,1,33,69,2,3,1,3,212  AV TIVOLI/R.COUDOL,44.8666,-0.59582
201500023414,17,5,15,1,5,33,63,2,1,1,6,Q.LYAUTEY>PL BOURSE,44.8415,-0.56966
201500023415,16,5,15,3,5,33,63,2,1,1,7,"237, RUE DE PESSAC",44.826,-0.5882
201500023416,18,5,15,5,2,33,63,2,1,1,2,"14, RUE CHARLES PUYO",44.861,-0.56917
201500023417,18,5,15,18,1,33,63,2,1,1,1,Q.LOUIS 18  S/PST CYCLAB,44.8483,-0.57051
201500023418,13,5,15,20,1,33,281,2,3,1,3,"63, AVE DES EYQUEMS",44.8284,-0.61943
201500023419,18,5,15,16,1,33,63,2,1,1,3,N?138 AV REPUBLIQUE,44.8396,-0.60651
201500023420,19,5,15,20,2,33,63,2,3,1,3,R. C.GODARD/R.TIVOLI,44.8533,-0.58838
201500023421,14,5,15,19,2,33,32,2,3,1,3,GRIFFONS/LEO LAGRANGE,44.8908,-0.51627
201500023422,21,5,15,0,5,33,63,2,2,1,6,22 R.BOUDET/GOURGUE,44.847,-0.57608
201500023423,19,5,15,17,1,33,63,2,3,1,2,MRS RESISTANCE/SEGALIER,44.8423,-0.58574
201500023424,20,5,15,9,1,33,63,2,6,8,2,PALUDATE=>Q.BRIENNE,44.8241,-0.54461
201500023425,9,5,15,2,5,33,39,2,1,1,6,JFERRAT/42FBUISSON,44.803,-0.55823
201500023426,21,5,15,3,5,33,63,2,2,1,7,CRS V.HUGO/CRS PASTEUR,44.8351,-0.57499
201500023427,13,5,15,19,1,33,550,2,3,1,3,G.CLEMENCEAU/A.DUCROS,44.7816,-0.5644
201500023428,20,5,15,9,1,33,63,2,3,1,1,B.STUTTENBERG/LOMBARD,44.86,-0.56456
201500023429,23,5,15,0,5,33,63,2,1,1,3,PCE BOURSE-MIROIR D'EAU,44.8415,-0.56945
201500023430,22,5,15,22,5,33,63,2,1,1,6,ALBRET PRES JOHN PERSE,44.8373,-0.5813
201500023431,21,5,15,16,1,33,63,2,3,1,6,P.DIEUZAIDE/CHAT D'EAU,44.8394,-0.58312
201500023432,13,5,15,16,1,33,39,2,1,1,2,87-89 Q. DU PDT WILSON,44.8162,-0.53667
201500023433,20,5,15,14,1,33,119,2,1,1,6,CPELLETAN=>DR SCHWEITZER,44.8616,-0.51987
201500023434,22,5,15,15,1,33,63,2,1,1,5,133CRSV.HUGO>CRSPASTEUR,44.835,-0.57398
201500023435,23,5,15,10,1,33,63,2,1,1,3,"6, RUE DE BETHMANN",44.8227,-0.60412
201500023436,15,5,15,23,5,33,522,2,3,1,3,GAMBETTA (CRS ),44.81822,-0.58481
201500023437,20,5,15,18,1,33,63,2,1,1,6,"215, RUE MALBEC",44.8218,-0.56944
201500023438,26,5,15,9,1,33,63,2,3,1,3,AV CARNOT/F.FAURE,44.8515,-0.59693
201500023439,23,5,15,14,1,33,63,2,2,1,1,MEDOC/B.STUTTENBERG,44.8583,-0.56689
201500023440,28,5,15,6,1,33,63,2,1,1,6,BRIENNE AVT GIR BRIENNE,44.8217,-0.54143
201500023441,21,5,15,17,1,33,63,2,2,1,3,CRS BALGUERIE STUTTENBER,44.8609,-0.56317
201500023442,26,5,15,16,1,33,63,2,2,1,3,RUE DUBOURDIEU,44.822,-0.57654
201500023443,21,5,15,7,1,33,162,2,2,1,3,AV MEDOC/ECH7 ENT.ROCADE,44.8796,-0.62689
201500023444,21,5,15,11,1,33,69,2,1,1,6,23 RUE BOURBAKI,44.8609,-0.59125
201500023445,22,5,15,19,1,33,32,2,1,1,1,AV GRIFFONS=>RTE BASSENS,44.888,-0.5171
201500023446,24,5,15,10,1,33,119,2,3,1,3,R. M.DORMOY/R.M.SEMBAT,44.8496,-0.53456
201500023447,28,5,15,19,1,33,63,2,1,1,1,"42, RUE FRANTZ DESPAGNET",44.8307,-0.60128
201500023448,27,5,15,10,1,33,63,2,1,1,3,127/150 CRS DU MEDOC,44.8617,-0.57086
201500023449,27,5,15,19,1,33,63,2,1,1,3,"20/23, CRS MARC NOUAUX",44.8464,-0.59418
201500023450,27,5,15,7,1,33,63,2,3,1,3,B.STUTTENBERG/STENDHAL,44.8569,-0.56884
201500023451,28,5,15,8,1,33,63,2,3,1,3,BD ALBERT 1ER/R. L.CABIE,44.8144,-0.57066
201500023452,22,5,15,15,1,33,200,2,2,1,2,R. J.MERMOZ/AV PASTEUR,44.8649,-0.66462
201500023453,28,5,15,8,1,33,63,2,2,1,3,R. VINCENNES/R.JUDAIQUE,44.8404,-0.59642
201500023454,27,5,15,15,1,33,63,2,2,1,3,21 CRS L'YSER/R. BEGLES,44.8292,-0.56831
201500023455,21,5,15,10,1,33,550,2,2,1,6,CHN GALGON/PYTHAGORE,44.7783,-0.53953
201500023456,22,5,15,23,5,33,281,2,3,1,3,AVE RENE CASSIN,44.8322,-0.67424
201500023457,22,5,15,17,1,33,249,2,6,1,2,R.CAVAILLES/PCE 2 VILLES,44.8645,-0.52049
201500023458,22,5,15,13,1,33,281,2,2,1,3,AV VERDUN/LEO LAGRANGE,44.8394,-0.63524
201500023459,22,5,15,14,1,33,318,2,2,1,3,BOURGAILH/PL GAL GAULLE,44.7995,-0.66318
201500023460,22,5,15,16,1,33,281,2,1,1,6,"5-7, RUE CARLE VAN LOO",44.8517,-0.66314
201500023461,27,5,15,16,1,33,63,2,3,1,6,LATOUR/CHARTRONS S/RIVE,44.8503,-0.56999
201500023462,29,5,15,16,1,33,63,2,1,1,6,101 CRS B.STUTTENBERG,44.8589,-0.5661
201500023463,27,5,15,8,1,33,281,2,3,1,5,CLAIRIERE/ST MEDARD,44.8626,-0.65057
201500023464,28,5,15,18,1,33,281,2,3,1,3,PDT J.F.KENNEDY/J.PERRIN,44.8346,-0.67167
201500023465,1,6,15,10,1,33,281,2,2,1,3,AV TRUC/FRERES ROBINSON,44.8496,-0.65604
201500023466,1,6,15,10,1,33,63,2,4,1,1,DELBOS/DUPRE ST MAUR,44.8679,-0.55497
201500023467,28,5,15,9,1,33,318,2,1,1,1,"36, RUE DES PELICANS",44.7914,-0.68859
201500023468,30,5,15,18,1,33,318,2,3,1,6,AV PONT L'ORIENT/AZALEES,44.8138,-0.64954
201500023469,2,6,15,14,1,33,39,2,1,1,2,"131, BD J.J. BOSC",44.8178,-0.54717
201500023470,30,5,15,11,1,33,281,2,1,1,3,29AV FR MITTERRAND (EST),44.8264,-0.61582
201500023471,29,5,15,11,1,33,63,2,2,1,3,BD PDT WILSON/CH.GAULLE,44.8483,-0.59764
201500023472,31,5,15,17,1,33,281,2,2,1,4,P.MENDES FR/A.BRIAND,44.8259,-0.63759
201500023473,29,5,15,17,1,33,162,2,2,1,2,HIPPODROME/BOIS GRAMOND,44.8674,-0.63729
201500023474,3,6,15,10,1,33,63,2,1,1,2,28 RTE DE TOULOUSE,44.8135,-0.57317
201500023475,4,6,15,15,1,33,63,2,1,1,3,"69,R.PELOUSE DOUET",44.8299,-0.60723
201500023476,4,6,15,8,1,33,63,2,1,1,3,"1, RUE DOMION CAUD",44.8558,-0.62531
201500023477,2,6,15,20,2,33,281,2,1,1,6,"72, AV P.MENDES FRANCE",44.8263,-0.63776
201500023478,4,6,15,8,1,33,63,2,1,1,6,"39, RUE DU BOCAGE CAUD",44.8528,-0.59927
201500023479,4,6,15,13,1,33,63,2,2,1,3,RUE NEUVE,44.8375,-0.56966
201500023480,6,6,15,14,1,33,63,2,2,1,2,DE BX-LAC=>LATULE,44.8704,-0.56656
201500023481,3,6,15,10,1,33,281,2,1,1,2,AVE DE LA MARNE,44.8328,-0.64743
201500023482,5,6,15,20,1,33,63,2,1,1,3,"16, CRS BAL. STUTTENBERG",44.8554,-0.57104
201500023483,4,6,15,14,1,33,281,2,2,1,5,AVE MARCEL DASSAULT,44.8436,-0.673
201500023484,4,6,15,23,5,33,63,2,3,1,6,"36, RUE DOMION CAUD",44.8575,-0.62398
201500023485,4,6,15,13,1,33,63,2,1,1,2,IMP DES COSSUS =>PARKING,44.854,-0.59282
201500023486,4,6,15,3,5,33,75,2,6,1,6,CHN REDUIT/FLEURANCEAU,44.8845,-0.6036
201500023487,6,6,15,19,1,33,63,2,1,1,3,70 CRS G.CLEMENCEAU,44.8444,-0.57841
201500023488,5,6,15,17,1,33,281,1,1,1,4,AVE FRANCOIS MITTERRAND,44.8191,-0.65767
201500023489,6,6,15,10,1,33,63,2,3,1,3,RUE DE BEGLES,44.8228,-0.5658
201500023490,5,6,15,20,1,33,63,2,2,1,6,DR CH.NANCEL PENARD,44.8401,-0.58101
201500023491,1,6,15,15,1,33,522,2,3,1,6,CHATEAUBRIAND/A.MAILLOL,44.7933,-0.58949
201500023492,4,6,15,5,2,33,281,2,6,1,7,AV J.PERRIN/CHATAIGNIERS,44.8415,-0.67071
201500023493,2,1,15,15,1,33,281,2,1,1,3,"4, AVE MARCEL DASSAULT",44.8477,-0.67868
201500023494,5,6,15,18,1,33,63,2,1,1,3,"261, BD ALFRED DANEY",44.8714,-0.56274
201500023495,11,6,15,5,4,33,63,2,1,1,6,"52, CITE LAFON",44.8776,-0.54714
201500023496,9,6,15,13,1,33,63,2,1,1,3,"27-29, RUE SAINT VINCENT",44.8267,-0.55776
201500023497,3,6,15,19,1,33,63,2,2,1,3,40JOURNAUX/PRALAVIGNOLLE,44.8831,-0.56962
201500023498,10,6,15,20,2,33,63,2,2,1,1,R.ROY CLOTTE/ARGONNE,44.8297,-0.57348
201500023499,2,6,15,8,1,33,192,2,3,1,3,CRS DU GENERAL DE GAULLE,44.7661,-0.61864
201500023500,3,6,15,16,1,33,162,2,1,1,3,84B J.MERMOZ LE HAILLAN,44.8696,-0.66257
201500023501,28,5,15,22,5,33,249,2,6,1,2,J.COCTEAU/G.PHILIPPE,44.8758,-0.5017
201500023502,5,6,15,17,1,33,13,2,6,1,3,ILE DE FRANCE/BD FEYDEAU,44.8491,-0.49697
201500023503,15,6,15,8,1,33,63,2,1,1,6,"223, RUE DE BEGLES",44.8198,-0.56601
201500023504,14,6,15,20,1,33,281,2,4,1,3,AVL'YSER/R.BEAUMARCHAIS,44.14151,-0.64935
201500023505,13,6,15,14,1,33,63,2,1,1,4,40JOURNAUX/JROYERNV.VOIE,44.8801,-0.56789
201500023506,7,6,15,16,1,33,522,2,1,1,3,13R.BONTEMPS AP. ZUBIETA,44.8037,-0.57916
201500023507,9,6,15,12,1,33,281,2,1,1,1,"17, RUE PROSPER MERIMEE",44.8381,-0.66067
201500023508,9,6,15,8,1,33,281,2,1,1,5,23 M.DASSAULT=>MARTIGNAS,44.8483,-0.68416
201500023509,10,6,15,9,1,33,281,2,1,3,6,431PASTEUR/MONTESQUIEU,44.8462,-0.63291
201500023510,12,6,15,11,1,33,63,2,2,1,6,R.LAGRANGE/C.GODARD,44.855,-0.57749
201500023511,12,6,15,21,1,33,63,2,3,1,3,CRS L'YSER/MALESCAUT,44.8289,-0.56842
201500023512,5,6,15,10,1,33,192,2,3,1,3,CROIX MONJOUS/MIGNONNE,44.7758,-0.59536
201500023513,9,6,15,9,1,33,550,2,3,1,6,AV ML LECLERC/PL A.BRIAN,44.7816,-0.56734
201500023514,10,6,15,17,1,33,192,2,6,1,6,BD MALARTIC/ALL BARTHEZ,44.771,-0.60047
201500023515,11,6,15,14,1,33,318,2,1,1,1,84 AV GENERAL LECLERC,44.7914,-0.67251
201500023516,31,5,15,14,1,33,522,2,2,1,3,R.TREMEUGE/R.MARGUERITTE,44.8025,-0.58715
201500023517,11,6,15,16,1,33,522,2,5,1,3,RUE PEYDAVANT,44.80667,-0.58616
201500023518,12,6,15,17,1,33,249,2,1,1,6,ROUTE D'YVRAC,44.8795,-0.49798
201500023519,11,6,15,20,1,33,318,2,3,2,7,AVE PASTEUR,44.80609,-0.63127
201500023520,11,6,15,10,1,33,75,2,3,1,6,AV D'AQUITAINE/R. PARC,44.8819,-0.61011
201500023521,11,6,15,19,1,33,192,2,2,2,3,CRS DU GENERAL DE GAULLE,44.77849,-0.60983
201500023522,10,6,15,19,1,33,63,2,3,1,3,CRS EDOUARD VAILLANT,44.8589,-0.55676
201500023523,21,6,15,0,5,33,13,2,1,1,6,"26, AVE DU PINSAN",44.8597,-0.48802
201500023524,13,6,15,19,1,33,69,2,1,1,6,AV V.HUGO FACE 188 PRADO,44.8676,-0.59066
201500023525,15,6,15,9,1,33,39,2,2,1,6,RUE CALIXTE CAMELLE,44.80745,-0.54889
201500023526,12,6,15,10,1,33,281,2,2,1,3,"08, RUE DU GENERAL WEYGA",44.8161,-0.6399
201500023527,17,6,15,10,1,33,69,2,2,1,6,"17, AVE DU GENERAL LECLE",44.85492,-0.59691
201500023528,15,6,15,9,1,33,281,2,3,1,3,AVE DU MARECHAL LECLERC,44.83802,-0.64704
201500023529,12,6,15,7,1,33,39,2,2,8,3,AVE MAL DE LATTRE DE TAS,44.80501,-0.54324
201500023530,17,6,15,21,1,33,63,2,2,1,7,QUAI RICHELIEU,44.84004,-0.56893
201500023531,17,6,15,23,5,33,63,2,4,1,7,SUR CRS M.NOUAUX,44.8456,-0.59365
201500023532,20,6,15,9,1,33,63,2,3,1,6,RTE TOULOUSE/TAREGUA,44.8139,-0.57298
201500023533,13,6,15,17,1,33,522,2,2,1,3,LIBERATION (CRS DE LA),44.79547,-0.604
201500023534,4,6,15,18,1,33,281,2,3,1,3,AVE HENRI VIGNEAU,44.84035,-0.66687
201500023535,3,1,15,1,5,33,318,2,4,1,6,AV BEUTRE/BD HT LIVRAC,44.7993,-0.6706
201500023536,18,6,15,9,1,33,63,2,1,1,6,"144, RUE D'ORNANO",44.83396,-0.58964
201500023537,18,6,15,18,1,33,75,2,1,1,6,RUE DU PONT NEUF,44.8946,-0.58827
201500023538,18,6,15,2,5,33,522,2,2,1,3,RUE ROUSTAING,44.81711,-0.59107
201500023539,18,6,15,12,1,33,200,1,2,1,1,RUE GEORGES CLEMENCEAU,44.87539,-0.67686
201500023540,23,6,15,8,1,33,63,2,1,1,6,135R. AMEDEE ST GERMAIN,44.8172,-0.56477
201500023541,13,6,15,23,5,33,249,2,1,2,6,"68, QUAI CARRIET",44.88379,-0.53033
201500023542,23,6,15,14,1,33,63,2,2,1,1,R. DONISSAN/R. VILLEDIEU,44.8311,-0.5752
201500023543,23,6,15,18,1,33,63,2,1,1,2,43/68 AV REPUBLIQUE CAUD,44.84004,-0.60162
201500023544,17,6,15,6,2,33,281,2,2,1,3,AVE GUSTAVE EIFFEL,44.85318,-0.66959
201500023545,19,6,15,8,1,33,63,2,2,2,3,RUE DES MENUTS,44.83444,-0.56782
201500023546,21,6,15,21,2,33,550,2,2,1,3,R. PROVENCE/R. HERAULT,44.7826,-0.55871
201500023547,28,6,15,6,1,33,63,2,1,1,6,"32, RUE DE LA FAIENCERIE",44.86062,-0.55605
201500023548,26,6,15,23,5,33,63,2,3,1,3,QUAI DESCHAMPS,44.8351,-0.55296
201500023549,25,6,15,13,1,33,63,2,2,1,3,CRS BALGUERIE STUTTENBER,44.86094,-0.56319
201500023550,23,6,15,8,1,33,13,2,1,1,2,RN 89,44.869,-0.47024
201500023551,22,6,15,9,1,33,281,2,1,1,3,AVE RENE CASSIN,44.83368,-0.69093
201500023552,17,6,15,18,1,33,192,2,3,1,1,RUE DE POUMEY,44.76741,-0.61328
201500023553,22,6,15,17,1,33,550,2,3,1,1,AVE GALGON/R.G.CHARPAK,44.7798,-0.53993
201500023554,29,6,15,10,1,33,63,2,2,1,3,CRS SOMME/RUE SABLONNAT,44.8186,-0.57228
201500023555,30,6,15,17,1,33,63,2,1,1,3,BD ALFRED DANEY,44.86909,-0.56827
201500023556,27,6,15,19,1,33,119,2,1,1,3,"20, FOCH (RUE DU MARECHA",44.85517,-0.53329
201500023557,28,6,15,23,5,33,63,2,4,1,3,"31, RUE MONTMEJEAN",44.8407,-0.55744
201500023558,30,6,15,21,2,33,63,2,3,1,6,RUE DU JONC,44.87404,-0.57489
201500023559,30,6,15,11,1,33,63,2,1,1,6,"27 BIS, VERDUN (CRS DE)",44.84972,-0.57507
201500023560,1,7,15,9,1,33,63,2,3,1,3,AVE DU MAL DE LATTRE DE,44.8588,-0.62759
201500023561,19,6,15,10,1,33,522,2,2,1,6,GAMBETTA (CRS ),44.81411,-0.58893
201500023562,27,6,15,16,1,33,281,2,1,1,3,"126, AVE DU BOURGAILH",44.8128,-0.66475
201500023563,1,7,15,17,1,33,63,2,1,1,2,AVE DE LABARDE,44.9133,-0.56064
201500023564,24,6,15,22,5,33,281,2,1,1,2,AVE DE KAOLACK,44.81493,-0.66585
201500023565,3,7,15,21,1,33,63,2,2,1,3,CRS VICTOR HUGO,44.8135,-0.56469
201500023566,1,7,15,12,1,33,63,2,1,1,6,"46, RUE POYENNE",44.8571,-0.56679
201500023567,6,7,15,14,1,33,63,2,1,1,3,QUAI ARMAND LALANDE,44.8621,-0.5547
201500023568,25,6,15,18,1,33,69,2,6,1,3,AVE MAL DE LATTRE DE TAS,44.8635,-0.60634
201500023569,4,7,15,0,5,33,63,2,1,1,6,PONT DE PIERRE,44.8373,-0.56452
201500023570,2,7,15,22,2,33,281,2,2,1,3,RUE APOLLO,44.8355,-0.68024
201500023571,2,6,15,7,1,33,249,2,1,1,1,ALL OISEAUFRANCE IMPASSE,44.8824,-0.50954
201500023572,3,1,15,14,1,33,63,2,2,1,3,CRS MARNE/CRS BARBEY,44.8285,-0.56205
201500023573,3,7,15,17,1,33,63,2,3,1,3,DASVIN BOIS/THIERS,44.8499,-0.54427
201500023574,26,6,15,8,1,33,318,2,3,1,3,I.FJOLIOT-CURIE/8MAI1945,44.8001,-0.67672
201500023575,26,6,15,7,1,33,318,2,2,1,3,AVE DE BEUTRE,44.79965,-0.66861
201500023576,25,6,15,8,1,33,192,2,1,1,6,CHEM DE LA CRABETTE,44.7846,-0.62489
201500023577,24,6,15,7,1,33,39,2,2,1,1,AVE ALEXIS CAPELLE,44.81136,-0.54909
201500023578,26,6,15,7,1,33,162,2,6,1,3,RUE DE LANGLET,44.89001,-0.6375
201500023579,3,7,15,9,1,33,281,2,1,1,6,52 ALL CTRE COMM.SOLEIL,44.8284,-0.659
201500023580,29,6,15,19,1,33,162,2,4,1,3,AVE DU MEDOC,44.88507,-0.63656
201500023581,1,7,15,11,1,33,281,2,6,1,3,ROCADE INTERIEURE,44.8174,-0.67143
201500023582,27,6,15,0,5,33,318,2,1,1,2,AVE LOUIS DE BROGLIE,44.7832,-0.64625
201500023583,30,6,15,12,1,33,281,2,1,1,2,"4, AVE DE LA GRANGE NOIR",44.8489,-0.67916
201500023584,5,7,15,18,1,33,281,2,2,1,3,AVE DES CHENES,44.84638,-0.63409
201500023585,2,7,15,13,1,33,119,2,1,1,2,"91, AVE JEAN JAURES",44.8572,-0.53207
201500023586,6,7,15,8,1,33,318,2,3,7,3,AV J.JAURES/CHAT.D'EAU,44.8171,-0.60592
201500023587,13,7,15,18,1,33,63,2,2,1,3,RUE DE LA FUSTERIE,44.8356,-0.56556
201500023588,12,7,15,19,1,33,63,2,3,1,3,62CRS V.HUGO/OBSERVANCE,44.8354,-0.56919
201500023589,29,6,15,15,1,33,192,2,1,1,6,"34, GAL DE GAULLE",44.7848,-0.60594
201500023590,8,7,15,20,1,33,281,2,2,1,3,AVE DE L'YSER,44.84188,-0.66387
201500023591,9,7,15,8,1,33,281,2,6,1,2,AVE DU GENERAL DE CASTEL,44.8492,-0.66636