Num_Acc,jour,mois,an,hr,condition_eclairage,departement,commune,condition_agglomeration,intersection,condition_atmosphere,type_collision,adresse,lattitude,longitude
201500023592,12,7,15,10,1,33,63,2,2,1,3,RUE CAMILLE GODARD,44.85507,-0.57448
201500023593,8,7,15,16,1,33,281,2,1,1,1,207 AV MARNE,44.8342,-0.63777
201500023594,15,7,15,15,1,33,63,2,1,1,2,RUE JEAN GABRIEL DOMERGU,44.8888,-0.5677
201500023595,15,7,15,13,1,33,63,2,1,1,3,R.SCHUMANN-PARKING,44.8574,-0.58651
201500023596,16,7,15,2,5,33,63,2,1,1,6,"2/4, RUE MAURIAC",44.83567,-0.5674
201500023597,11,7,15,19,1,33,318,2,6,1,1,AVE DE BEUTRE,44.8006,-0.68564
201500023598,9,7,15,18,1,33,192,2,3,1,3,53CRS GLGAULLE/FAUVETTES,44.7817,-0.60798
201500023599,9,7,15,20,1,33,281,2,1,1,2,"12, RUE ALESSANDRO VOLTA",44.85353,-0.67397
201500023600,6,7,15,10,1,33,119,2,1,1,4,AVE CARNOT=>BORDEAUX,44.8581,-0.5309
201500023601,7,7,15,17,1,33,63,2,7,1,6,PL J.MOULIN/BEAUBADAT,44.8386,-0.57744
201500023602,7,7,15,21,5,33,63,2,2,1,3,CRS MAL JUIN/CRS ALBRET,44.8363,-0.58099
201500023603,7,7,15,7,1,33,69,2,3,1,3,158AV EYSINES/JIEL LAVAL,44.8596,-0.60787
201500023604,8,7,15,16,1,33,63,2,3,1,2,BD ALFRED DANEY,44.87172,-0.56202
201500023605,8,7,15,19,1,33,192,2,2,1,3,"98,GAL GAULLE/R.LAURIERS",44.7743,-0.61279
201500023606,7,7,15,9,1,33,63,2,6,1,3,E.COUNORD/FR.PORTMANN,44.8607,-0.5753
201500023607,9,7,15,17,1,33,63,2,2,1,3,RUE TIVOLI/BD PIERRE 1ER,44.8569,-0.5911
201500023608,8,7,15,7,1,33,63,2,2,1,3,"37-35, RUE DES VIGNES",44.832,-0.56573
201500023609,10,7,15,10,1,33,63,2,1,1,6,RUE ANTOINE BOURDELLE,44.8263,-0.60002
201500023610,19,6,15,9,1,33,281,2,2,1,6,AVE DE L'ALOUETTE,44.82651,-0.66389
201500023611,15,7,15,9,1,33,167,2,3,1,6,CHEM DES PLATEAUX,44.8406,-0.50748
201500023612,15,7,15,18,1,33,63,2,2,1,3,RUE LEBERTHON,44.83087,-0.57572
201500023613,9,7,15,14,1,33,63,2,2,1,1,CRS DE LA MARNE,44.82843,-0.56207
201500023614,10,7,15,2,5,33,63,2,1,1,6,"17, QUAI LOUIS XVIII",44.8481,-0.57082
201500023615,9,7,15,19,1,33,249,2,2,1,3,RUE DES CAVAILLES,44.8651,-0.52197
201500023616,11,7,15,12,1,33,75,2,2,1,3,RTE DU MEDOC,44.8743,-0.61849
201500023617,11,7,15,15,1,33,281,2,2,1,3,CHN MERLE/PRINCESSE,44.8024,-0.7014
201500023618,17,7,15,11,1,33,63,2,3,1,3,QUAI DES QUEYRIES,44.8404,-0.56171
201500023619,11,7,15,11,1,33,63,2,3,1,2,BD JOLIOT-CURIE,44.8422,-0.5425
201500023620,11,7,15,20,1,33,281,2,3,1,3,AVE PRESIDENT J.F. KENNE,44.8335,-0.66607
201500023621,17,7,15,13,1,33,63,2,1,1,5,QUAI DES CHARTRONS,44.8543,-0.56544
201500023622,18,7,15,11,1,33,63,2,3,1,3,MAUBOURGUET/FONDAUDEGE,44.8493,-0.58434
201500023623,20,7,15,5,5,33,63,2,2,1,3,R. LECOCQ/R. BELLEVILLE,44.8345,-0.58559
201500023624,21,7,15,11,1,33,63,2,2,1,2,R.PASTEUR/R.BAHR,44.8458,-0.61331
201500023625,8,7,15,23,5,33,39,2,2,1,3,TOULOUSE (RTE DE),44.7876,-0.56657
201500023626,19,7,15,15,1,33,522,2,2,1,3,RUE DE SUZON,44.81268,-0.5739
201500023627,19,7,15,7,2,33,63,2,1,1,6,GIRBRIENNE<AC>PNTSTJEAN,44.8252,-0.54631
201500023628,20,7,15,8,1,33,63,2,5,1,6,STUTTENBERG/ED.VAILLANT,44.8629,-0.56044
201500023629,17,7,15,18,1,33,318,2,4,1,3,AV FR COPPEE/R.POUJEAU,44.8086,-0.62813
201500023630,17,7,15,12,1,33,63,2,3,1,3,CRS ARISTIDE BRIAND,44.83143,-0.57517
201500023631,16,7,15,9,1,33,281,2,1,1,1,AVE DE L'ARGONNE,44.8133,-0.71846
201500023632,16,7,15,7,1,33,192,2,3,1,5,CRS DU GENERAL DE GAULLE,44.7839,-0.60661
201500023633,24,7,15,19,1,33,63,2,1,1,1,PONT SAINT- JEAN,44.8322,-0.55419
201500023634,16,7,15,11,1,33,550,2,1,1,1,"9, CHEM DE PAUGE",44.7574,-0.57416
201500023635,21,7,15,18,1,33,281,2,2,1,3,AV KAOLACK/MARION JACOB,44.8174,-0.66588
201500023636,19,7,15,1,5,33,39,2,1,1,6,31R. FERDINAND BUISSON,44.8048,-0.5588
201500023637,18,7,15,18,1,33,550,2,6,1,2,AVE BARRET/MAL LECLERC,44.7786,-0.57031
201500023638,27,7,15,21,2,33,550,2,2,1,3,CHEM DU PAS DE LA COTE,44.7821,-0.54037
201500023639,26,7,15,10,1,33,63,2,1,1,3,"165-168, RUE MANDRON",44.8557,-0.58434
201500023640,26,7,15,16,1,33,63,2,2,1,3,CRS MEDOC/B.STUTTENBERG,44.8583,-0.56689
201500023641,27,7,15,8,1,33,318,2,2,1,3,DR N.PENARD/P.MONTAGNE,44.8067,-0.64616
201500023642,21,7,15,7,2,33,69,2,6,1,3,R. AUSONE/AV V.HUGO,44.8703,-0.59263
201500023643,24,7,15,17,1,33,63,2,2,1,3,RUE LECOCQ,44.8345,-0.58554
201500023644,23,7,15,7,1,33,63,2,3,1,2,9R. PASTEUR/J.BELAUBRE,44.8463,-0.6313
201500023645,26,7,15,9,1,33,63,2,3,1,3,FAURE (RUE LUCIEN),44.866,-0.56115
201500023646,28,7,15,16,1,33,63,2,1,1,6,"15, CRS DE L'INTENDANCE",44.8421,-0.57582
201500023647,23,7,15,18,1,33,281,2,3,1,3,7A.VOLTA/JAQUARD,44.8534,-0.67204
201500023648,28,7,15,15,1,33,63,2,2,1,3,96BD PIERRE 1ER=>V.HUGO,44.8592,-0.5894
201500023649,28,7,15,11,1,33,63,2,3,1,3,RUE BARREYRE,44.85602,-0.5701
201500023650,28,7,15,1,5,33,63,2,1,1,7,BD GEORGE V,44.8242,-0.58744
201500023651,22,7,15,19,1,33,522,2,3,1,3,AVE PIERRE CORNEILLE,44.78973,-0.58711
201500023652,21,7,15,18,1,33,318,2,1,1,2,AVE ANTOINE BECQUEREL,44.7863,-0.64428
201500023653,28,7,15,8,1,33,167,2,3,1,2,AVE HUBERT DUBEDOUT,44.8475,-0.50771
201500023654,19,7,15,9,1,33,167,2,3,1,6,P.KERGOMARD/H.DUBEDOUT,44.8475,-0.50771
201500023655,18,7,15,10,1,33,69,2,3,1,3,AV EYSINES CAUD/J.GERALD,44.8548,-0.59957
201500023656,24,7,15,6,2,33,281,2,6,1,3,AVE MARCEL DASSAULT,44.8466,-0.71939
201500023657,29,7,15,20,1,33,281,2,7,1,7,AV FAUVETTES/AV ALOUETTE,44.8252,-0.66297
201500023658,31,7,15,14,1,33,63,2,2,1,6,P.TREBOD/R.SCHUMAN,44.8582,-0.58434
201500023659,2,8,15,10,1,33,63,2,2,1,3,REPUBLIQUE/ETCHNIQUE,44.8392,-0.61194
201500023660,3,8,15,0,5,33,63,2,2,1,3,"415, BD JEAN-JACQUES BOS",44.8133,-0.5555
201500023661,4,8,15,13,1,33,63,2,3,1,3,RUE PERINOT CAUD,44.85252,-0.62931
201500023662,27,7,15,17,1,33,281,2,3,1,5,AV MARNE/ALL COLIBRIS,44.83277,-0.64716
201500023663,4,8,15,9,1,33,69,2,4,2,3,PCE AMPERE/F.BUISSON,44.8629,-0.58455
201500023664,4,8,15,12,1,33,63,2,1,1,2,9 ALL BOUTAUT,44.8713,-0.57617
201500023665,5,8,15,8,1,33,63,2,1,1,3,"40, RUE DE TAUZIA",44.8291,-0.55844
201500023666,6,8,15,8,1,33,63,2,3,1,6,RUE D'ORNANO/FR.SOURDIS,44.8343,-0.58856
201500023667,6,8,15,1,5,33,63,2,3,1,3,BD GEORGES POMPIDOU,44.8333,-0.60175
201500023668,28,7,15,18,1,33,63,2,1,1,2,"111, AVE THIERS",44.8439,-0.55371
201500023669,31,7,15,17,1,33,318,2,1,1,6,332AV ML LATTRE TASSIGNY,44.7588,-0.73403
201500023670,6,8,15,23,5,33,69,2,6,1,7,426LIBERATION/CLEMENCEAU,44.8707,-0.61336
201500023671,6,8,15,21,5,33,69,2,3,1,2,LIBERATION/ML TASSIGNY,44.8646,-0.6043
201500023672,7,8,15,22,5,33,63,2,3,1,7,"162, RUE BERNARD ADOUR C",44.83832,-0.60759
201500023673,10,8,15,16,1,33,63,1,3,1,2,"241, CRS DE LA SOMME",44.82113,-0.57241
201500023674,5,7,15,13,1,33,63,2,1,1,1,"74, CRS DE L'YSER",44.8271,-0.56917
201500023675,7,7,15,23,5,33,522,2,1,1,7,AVE PEY-BERLAND,44.7996,-0.60594
201500023676,10,8,15,15,1,33,63,2,1,1,6,ORLEANS=>PARCEXPOSITIONS,44.844,-0.57405
201500023677,4,8,15,12,1,33,69,2,3,1,2,LIBERATION/PDT KENNEDY,44.8664,-0.60609
201500023678,8,8,15,17,1,33,65,2,1,1,3,"217, COTE DE BOULIAC",44.8202,-0.51095
201500023679,11,8,15,19,1,33,63,2,3,1,6,"64, TOULOUSE (RTE DE)",44.8119,-0.57375
201500023680,9,8,15,19,1,33,318,2,3,1,3,AVE ARAGO,44.79555,-0.64248
201500023681,9,8,15,2,5,33,249,1,1,2,3,"4, RUE D'YVRAC",44.8792,-0.50634
201500023682,12,8,15,17,1,33,63,2,5,1,3,RUE CAMILLE GODARD,44.85505,-0.57735
201500023683,13,8,15,17,1,33,63,2,2,1,3,QUAI DE BACALAN,44.86034,-0.55408
201500023684,14,8,15,10,1,33,63,2,1,2,1,"09, AVE MARCEL DASSAULT",44.8844,-0.57157
201500023685,14,8,15,9,1,33,63,2,2,3,3,R.DUBOURDIEU/B.GOTH,44.8214,-0.57815
201500023686,17,8,15,11,1,33,63,2,2,1,6,FR.SOURDIS/MAL JUIN,44.8343,-0.58856
201500023687,17,8,15,16,1,33,63,2,3,1,3,R.CH.CHAIGNEAU/Q.BRAZZA,44.8598,-0.54341
201500023688,12,8,15,11,1,33,200,2,1,1,3,"347, AVE MEDOC (DIATAN)",44.8953,-0.66929
201500023689,18,8,15,17,1,33,63,2,1,1,6,"7, PCE DE STALINGRAD",44.84,-0.55958
201500023690,18,8,15,14,1,33,63,2,3,1,2,BD PDT WILSON/U.GAYON,44.8532,-0.59384
201500023691,20,7,15,22,5,33,63,2,3,1,6,AV THIERS/G.EIFFEL,44.8493,-0.54536
201500023692,19,8,15,6,5,33,63,2,3,1,3,CRS A.BRIAND/CRS ALBRET,44.8323,-0.57941
201500023693,12,8,15,14,1,33,550,2,1,1,4,RDPT SEEHEIM JUGENHEIM,44.77982,-0.56984
201500023694,20,8,15,4,5,33,318,2,1,1,1,AVE DE BEUTRE,44.80147,-0.68791
201500023695,21,8,15,1,5,33,63,2,3,1,6,22Q.PALUDATE/CH.DOMERCQ,44.8293,-0.5549
201500023696,21,8,15,1,5,33,63,2,3,1,3,CRS DE LA SOMME,44.8233,-0.57256
201500023697,13,8,15,17,1,33,318,2,3,1,3,AVE PASTEUR,44.80247,-0.64467
201500023698,20,8,15,19,1,33,63,2,2,1,3,RUE BLAISE PASCAL,44.81457,-0.56693
201500023699,18,8,15,19,2,33,522,2,1,1,6,653 CRS DE LA LIBERATION,44.7982,-0.60012
201500023700,23,8,15,1,5,33,63,2,4,3,6,RUE GENERAL DE LARMINAT,44.8333,-0.59196
201500023701,23,8,15,4,5,33,63,2,1,2,6,PONT SAINT- JEAN,44.8306,-0.55608
201500023702,24,8,15,13,1,33,63,2,3,1,6,"176, CRS DE LA MARNE",44.8282,-0.56077
201500023703,24,8,15,23,5,33,63,2,2,1,3,R. L.FAURE/Q.BACALAN,44.8605,-0.55383
201500023704,24,8,15,7,1,33,63,2,3,1,3,"6, RUE DE CANOLLE",44.83,-0.60294
201500023705,25,8,15,14,1,33,63,2,1,1,3,"108, RUE MAC CARTHY CAUD",44.84026,-0.62086
201500023706,21,8,15,7,1,33,69,1,1,1,3,AVE DE LA LIBERATION-CH.,44.8549,-0.59506
201500023707,21,8,15,21,5,33,318,2,6,1,6,AVE DE BRETAGNE,44.7946,-0.68232
201500023708,25,8,15,15,1,33,318,2,3,1,1,AVE ROGER COHE,44.814,-0.63521
201500023709,25,8,15,13,1,33,281,2,1,1,3,AVE DE LA SOMME,44.8301,-0.65959
201500023710,31,8,15,17,1,33,63,2,1,1,6,"233, BD ALFRED DANEY",44.87055,-0.56485
201500023711,30,8,15,19,1,33,63,2,1,1,3,AVE MARCEL DASSAULT,44.87751,-0.57609
201500023712,31,8,15,13,1,33,63,2,2,1,6,CRS VICTOR HUGO,44.83496,-0.57333
201500023713,1,9,15,18,1,33,63,2,2,1,2,Q.BRAZZA/CDT COUSTEAU,44.8537,-0.55357
201500023714,27,8,15,17,1,33,167,2,1,1,6,S.ALLENDE=>FRMITTERRAND,44.8456,-0.51063
201500023715,27,8,15,14,1,33,13,2,1,1,2,AV DE L'EGLISE ROMANE,44.8571,-0.49415
201500023716,31,8,15,17,1,33,522,2,1,1,3,17 RUE FRANCOIS RABELAIS,44.7962,-0.59333
201500023717,28,8,15,8,1,33,63,2,3,1,3,"42, ALL DES PINS",44.8345,-0.60355
201500023718,25,8,15,12,1,33,69,2,1,2,2,LIBERATION-CH. DE GAULLE,44.8705,-0.61281
201500023719,26,8,15,18,1,33,318,2,1,1,1,TASSIGNY (AVE MAL DE LAT,44.7626,-0.72776
201500023720,28,8,15,16,1,33,63,2,1,1,4,RUE CARLE VERNET,44.8223,-0.54672
201500023721,3,9,15,18,1,33,249,2,6,1,6,AV LIBERATION/BUTTINIERE,44.8679,-0.52364
201500023722,6,9,15,15,1,33,63,2,1,1,3,RUE JEAN RENAUD DANDICOL,44.8313,-0.58961
201500023723,3,9,15,16,1,33,63,2,1,1,6,QUAI SAINTE- CROIX,44.832,-0.55932
201500023724,1,9,15,7,1,33,522,2,2,1,3,AVE ROUL,44.80679,-0.59175
201500023725,29,8,15,16,1,33,63,2,3,7,3,AV EYSINES/HIPPARION,44.8658,-0.62242
201500023726,2,9,15,9,1,33,63,2,2,1,3,RUE DAVID JOHNSTON,44.85273,-0.59049
201500023727,4,9,15,18,1,33,63,2,4,1,6,CRS GEORGES CLEMENCEAU,44.84296,-0.57931
201500023728,4,9,15,8,1,33,63,2,1,1,6,"20, AVE MARCEL DASSAULT",44.87963,-0.57329
201500023729,28,8,15,20,1,33,318,2,1,1,6,AVE DE BEUTRE,44.8028,-0.68902
201500023730,6,9,15,10,1,33,63,2,1,1,2,BD MARECHAL LECLERC,44.8281,-0.59355
201500023731,28,8,15,12,1,33,39,2,1,1,2,RTE DE TOULOUSE,44.79462,-0.56775
201500023732,7,9,15,13,1,33,63,2,2,1,1,RUE DE BEGLES/LAFONTAINE,44.8268,-0.56753
201500023733,28,8,15,8,1,33,550,2,3,1,1,RTE DE TOULOUSE,44.78228,-0.56614
201500023734,6,9,15,15,1,33,63,2,1,1,2,QUAI DES QUEYRIES,44.84893,-0.56258
201500023735,2,9,15,12,1,33,281,2,2,1,6,AV MAGUDAS/R. EYSINES,44.8566,-0.65327
201500023736,2,9,15,17,1,33,318,2,1,1,2,"3, AVE DU PORT AERIEN",44.7801,-0.69571
201500023737,3,9,15,14,1,33,13,2,2,1,1,BD FEYDEAU/AV DESCARTES,44.85,-0.49457
201500023738,8,9,15,12,1,33,63,2,3,1,3,RUE DOCTEUR JEAN VINCENT,44.8764,-0.55998
201500023739,5,1,15,8,2,33,167,2,6,5,2,D 936,44.8415,-0.49655
201500023740,8,9,15,13,1,33,63,2,2,1,3,CRS D'ALBRET,44.8364,-0.58102
201500023741,7,9,15,16,1,33,249,2,6,1,6,AVE DE PARIS,44.87792,-0.51088
201500023742,8,9,15,12,1,33,63,2,1,1,1,RUE DE PESSAC,44.83004,-0.5808
201500023743,8,9,15,9,1,33,63,2,2,1,1,CRS DE LA LIBERATION,44.8333,-0.58354
201500023744,4,9,15,14,1,33,318,2,1,1,3,"40, AVE ROGER CHAUMET",44.801,-0.63622
201500023745,7,9,15,11,1,33,63,2,3,1,3,QUAI DES QUEYRIES,44.84624,-0.56475
201500023746,3,9,15,16,1,33,281,2,6,1,3,AV PDT KENNEDY/J.PERRIN,44.8346,-0.67167
201500023747,4,9,15,8,1,33,162,2,3,1,3,RUE DU MEDOC/PAUILLAC,44.885,-0.63649
201500023748,8,9,15,8,1,33,281,2,1,1,6,"122 ter, AVE DE LA SOMME",44.8287,-0.66579
201500023749,9,9,15,12,1,33,281,2,3,1,3,R. JARD/ AV L.BLUM,44.8519,-0.6371
201500023750,11,9,15,12,1,33,63,2,1,1,4,"36, RUE LEO SAIGNAT",44.8272,-0.59443
201500023751,11,9,15,8,1,33,63,2,1,1,2,"80, BD ALBERT 1ER",44.8138,-0.56671
201500023752,16,9,15,8,1,33,63,2,1,1,2,"325, BD DU PRESIDENT WIL",44.85049,-0.59604
201500023753,15,9,15,19,1,33,63,2,1,1,6,"52, RUE Emile COMBES",44.83605,-0.60929
201500023754,14,9,15,1,5,33,63,2,1,2,7,200 RUE CAMILLE GODARD,44.8547,-0.58466
201500023755,14,9,15,11,1,33,63,2,1,1,2,"32, BD GEORGE V",44.82646,-0.59087
201500023756,15,9,15,17,1,33,63,2,2,1,1,RUE LEBERTHON,44.83088,-0.57573
201500023757,15,9,15,7,2,33,63,2,2,1,6,98R. PELLEPORT/BILLAUDEL,44.8224,-0.56219
201500023758,7,9,15,18,1,33,522,2,1,1,6,73 R. 14 JUILLET,44.8208,-0.58732
201500023759,9,9,15,17,1,33,192,2,1,1,2,15 R. FNES DE MONJOUS,44.7756,-0.60398
201500023760,9,9,15,17,1,33,119,2,1,1,3,RUE DU DOCTEUR SCHWEITZE,44.8619,-0.52046
201500023761,13,9,15,7,5,33,63,2,6,1,6,R. SON TAY/R. BAC NINH,44.8261,-0.55242
201500023762,20,9,15,18,1,33,63,2,1,1,6,"83, RUE JOSEPH BRUNET",44.87688,-0.54447
201500023763,20,9,15,8,1,33,63,2,1,1,2,"281, CRS DE LA SOMME",44.8192,-0.57234
201500023764,13,9,15,15,1,33,192,2,1,1,2,4 R. PR VILLEMIN,44.7844,-0.60868
201500023765,14,9,15,17,1,33,119,2,3,1,6,"74, AVE RENE CASSAGNE",44.85901,-0.5152
201500023766,8,9,15,10,1,33,192,2,2,1,1,CRXMONJOUS/MARAISML JUIN,44.7746,-0.59722
201500023767,9,9,15,9,1,33,522,2,2,1,3,CRS MARECHAL GALLIENI,44.82187,-0.59395
201500023768,9,9,15,20,1,33,69,2,2,1,3,AVE DE TIVOLI,44.87057,-0.59827
201500023769,9,9,15,17,1,33,192,2,2,1,1,RTE DE CANEJAN,44.77598,-0.62156
201500023770,10,9,15,8,1,33,550,2,6,1,6,RUE THIERS,44.7657,-0.58038
201500023771,17,9,15,16,1,33,119,2,6,1,2,AVE RENE CASSAGNE,44.8508,-0.51761
201500023772,22,9,15,13,1,33,63,2,3,2,2,CRS MARNE/CRS BARBEY,44.8285,-0.56205
201500023773,22,9,15,8,1,33,63,2,1,2,6,"79, AVE D'EYSINES CAUD",44.8541,-0.59774
201500023774,21,9,15,10,1,33,249,2,1,1,2,RUE D'YVRAC,44.87965,-0.50581
201500023775,22,9,15,8,1,33,63,2,3,1,3,"123, RUE JULES FERRY CAU",44.84357,-0.60818
201500023776,22,9,15,13,1,33,63,2,1,2,2,"51, BD DU PDT FRANKLIN R",44.8195,-0.58025
201500023777,22,9,15,15,1,33,63,2,3,3,3,AVE DES QUARANTE JOURNAU,44.8787,-0.56847
201500023778,23,9,15,14,1,33,63,2,1,1,3,"55, BD GEORGE V",44.8257,-0.59001
201500023779,24,9,15,8,1,33,13,2,1,1,5,ROUTE NATIONALE 89,44.86619,-0.48033
201500023780,17,9,15,21,5,33,162,2,2,1,1,AVE DU MEDOC,44.8802,-0.62764
201500023781,18,9,15,17,1,33,63,2,1,1,5,CURIE (BD JOLIOT),44.84552,-0.53898
201500023782,23,9,15,12,1,33,63,1,3,1,3,AVREPUBLIQUE/PIERRE LOTI,44.8396,-0.60683
201500023783,23,9,15,10,1,33,63,2,3,1,2,84R.D'ARMAGNAC/C.VERNET,44.8205,-0.54935
201500023784,11,9,15,17,1,33,39,2,4,1,3,RUE GASTON MONMOUSSEAU,44.80118,-0.53992
201500023785,15,9,15,18,1,33,63,2,3,1,3,AVE DU MAL DE LATTRE DE,44.85556,-0.61502
201500023786,14,9,15,13,1,33,63,2,1,1,4,"120, BD JEAN-JACQUES BOS",44.8184,-0.5462
201500023787,15,9,15,18,1,33,192,2,6,1,3,R. POUMEY/RTE LEOGNAN,44.7678,-0.61182
201500023788,16,9,15,12,1,33,281,2,3,1,3,"52, AVE DE LA SOMME",44.8318,-0.65505
201500023789,16,9,15,16,1,33,200,2,1,6,3,"222, AVE PASTEUR",44.87557,-0.67948
201500023790,15,9,15,7,2,33,69,2,3,1,2,PDT A.CHEKKAL/MLTASSIGNY,44.864,-0.60551
201500023791,25,9,15,8,1,33,63,2,3,1,4,AVE DE LABARDE,44.90684,-0.55578
201500023792,25,9,15,19,2,33,63,2,2,1,3,1R.P.LOUIS LANDE/CURSOL,44.835,-0.57522
201500023793,16,9,15,20,5,33,522,2,1,1,3,59 R.ALDONA-RES RIMBAUD,44.7989,-0.58651
201500023794,16,9,15,10,1,33,63,2,4,1,2,PCE DE LATULE,44.87026,-0.56645
201500023795,25,9,15,4,5,33,63,2,1,1,7,"244, RUE CARLE VERNET",44.81559,-0.55659
201500023796,17,9,15,18,1,33,63,2,3,1,5,RUE STEHELIN CAUD,44.85572,-0.62551
201500023797,18,9,15,19,1,33,63,2,2,1,3,QUAI SAINTE- CROIX,44.8315,-0.5586
201500023798,20,9,15,9,1,33,63,2,5,1,1,PCE DE LONGCHAMPS,44.8499,-0.58187
201500023799,21,9,15,18,1,33,167,2,4,1,2,1ALL CERISIERS/MARTOURET,44.8374,-0.51229
201500023800,17,9,15,21,5,33,63,2,1,1,3,"50, RUE DU TAUZIN",44.8205,-0.60207
201500023801,24,9,15,20,5,33,281,2,3,1,3,AVE FRANCOIS MITTERRAND,44.8275,-0.61373
201500023802,21,9,15,9,1,33,522,2,3,1,1,AVE DES ARTS ET METIERS,44.8063,-0.60184
201500023803,22,9,15,17,1,33,119,2,1,1,2,AVE CARNOT,44.8598,-0.5297
201500023804,22,9,15,9,1,33,281,2,3,1,3,AVE DE VERDUN,44.8413,-0.6444
201500023805,23,9,15,12,1,33,39,2,2,1,6,PL XIV JUILLET/LGAMBETTA,44.8075,-0.54887
201500023806,24,9,15,9,1,33,63,2,1,1,3,"8,R. PR ANDRE LAVIGNOLLE",44.885,-0.56855
201500023807,25,9,15,18,1,33,281,2,3,1,1,R.I.NEWTON/R.G.OHM,44.832,-0.66673
201500023808,23,9,15,7,1,33,281,2,3,1,3,AV ST MEDARD/P.COUBERTIN,44.8622,-0.64511
201500023809,25,9,15,21,5,33,63,2,2,1,2,BD ANTOINE GAUTIER,44.83646,-0.59886
201500023810,23,9,15,11,1,33,63,2,2,1,3,QUAI DE PALUDATE,44.8314,-0.55841
201500023811,25,9,15,22,5,33,281,2,3,1,3,AVE DE MAGUDAS,44.8574,-0.66018
201500023812,28,9,15,8,1,33,63,2,6,1,3,PCE DE L'EUROPE,44.8595,-0.58173
201500023813,29,9,15,16,1,33,63,2,1,1,2,"44, BD JEAN-JACQUES BOSC",44.8204,-0.54223
201500023814,29,9,15,7,1,33,63,2,1,1,6,"111, BD ALFRED DANEY",44.8685,-0.56971
201500023815,2,10,15,5,5,33,63,2,3,1,6,QUAI DE PALUDATE,44.8288,-0.55383
201500023816,30,9,15,21,5,33,63,2,2,1,1,CRS BALGUERIE STUTTENBER,44.85603,-0.57009
201500023817,24,9,15,20,5,33,318,2,1,1,3,"66, AVE DE MADRAN",44.8051,-0.65662
201500023818,3,10,15,15,1,33,63,2,3,1,3,BD JOLIOT-CURIE,44.83877,-0.5456
201500023819,24,9,15,11,1,33,522,2,3,1,3,RUE ROBESPIERRE,44.80793,-0.57987
201500023820,25,9,15,16,1,33,318,2,6,1,2,AVE DE SAIGE,44.7864,-0.63742
201500023821,26,9,15,18,1,33,281,2,1,1,4,AVE FRANCOIS MITTERRAND,44.82374,-0.64025
201500023822,31,8,15,17,1,33,63,2,1,1,6,FRERESMOGAAPFEUX=>CROIX,44.8318,-0.55802
201500023823,29,9,15,8,1,33,281,2,3,1,3,RUE DU LOGEY,44.83765,-0.66722
201500023824,27,9,15,12,1,33,167,2,2,1,1,RUE GEORGES LITALIEN,44.8316,-0.53698
201500023825,28,9,15,15,1,33,69,2,1,1,6,AVE DE LA LIBERATION-CH.,44.86906,-0.60865
201500023826,29,9,15,19,2,33,63,2,2,1,3,LIBERATION (CRS DE LA),44.8328,-0.58179
201500023827,30,9,15,18,1,33,162,2,1,1,6,"8, AVE DE L'HIPPODROME",44.8756,-0.62445
201500023828,1,10,15,21,5,33,69,2,2,1,3,AVE VICTOR HUGO,44.86385,-0.59039
201500023829,28,9,15,17,1,33,39,2,2,1,3,BD ALBERT 1ER,44.81285,-0.56137
201500023830,28,9,15,18,1,33,69,2,3,1,3,"129, AVE DE LA LIBERATIO",44.85938,-0.59892
201500023831,1,10,15,9,1,33,200,2,2,1,3,AV MEDOC/BRET CANTINOLLE,44.8934,-0.66904
201500023832,30,9,15,12,1,33,281,2,1,1,3,"14, AVE DE L'ALOUETTE",44.82793,-0.66431
201500023833,2,10,15,9,1,33,281,2,1,1,3,"85, CRS D'ORNANO",44.8336,-0.6179
201500023834,2,10,15,7,1,33,167,2,1,1,6,"121, CRS GAMBETTA",44.8434,-0.53174
201500023835,6,10,15,6,5,33,63,2,1,1,3,"112, BD MARECHAL LECLERC",44.82856,-0.59394
201500023836,6,10,15,21,5,33,63,2,1,2,4,"35, QUAI DE BACALAN",44.8581,-0.55862
201500023837,2,10,15,8,1,33,192,2,3,1,4,"14, RTE DE CANEJAN",44.7851,-0.61086
201500023838,7,10,15,14,1,33,63,2,1,1,4,AVE DE NONTRASTE,44.87746,-0.56348
201500023839,4,10,15,18,1,33,318,2,2,1,3,BOURGAILH (AVE DU),44.79944,-0.66312
201500023840,4,10,15,16,1,33,69,2,2,2,1,AVE VICTOR HUGO,44.86247,-0.5902
201500023841,2,10,15,19,1,33,167,2,1,2,1,CHEM DE CAUMONT,44.8417,-0.52366
201500023842,8,10,15,16,1,33,63,2,1,1,6,RUE ROBERT SCHUMAN,44.85889,-0.58316
201500023843,2,10,15,13,1,33,75,2,3,1,3,AVE J. CHABAN DELMAS,44.87724,-0.57956
201500023844,5,10,15,7,2,33,200,2,1,1,1,"51, RES EDMOND ROSTAND",44.8625,-0.67144
201500023845,8,10,15,8,1,33,63,2,2,1,3,CITE DUNOYER,44.82635,-0.59353
201500023846,8,10,15,10,1,33,63,2,3,1,3,"30, RUE DU PEUGUE",44.83293,-0.58799
201500023847,7,10,15,12,1,33,281,2,3,1,3,AVE LEON BLUM,44.85188,-0.63711
201500023848,9,10,15,9,1,33,63,2,1,1,2,"226, AVE THIERS",44.8472,-0.54832
201500023849,9,10,15,21,5,33,63,2,2,1,6,AVE DES TROIS CARDINAUX,44.888,-0.55738