Num_Acc,jour,mois,an,hr,condition_eclairage,departement,commune,condition_agglomeration,intersection,condition_atmosphere,type_collision,adresse,lattitude,longitude
201500023850,9,10,15,8,1,33,63,2,3,1,6,RUE EUGENE JACQUET,44.8251,-0.61299
201500023851,10,10,15,10,1,33,63,2,2,1,3,RUE JUDAIQUE,44.8412,-0.58671
201500023852,9,10,15,21,5,33,69,2,3,1,6,"14, RUE MARIUS MARCHANDO",44.8631,-0.60808
201500023853,7,10,15,19,1,33,13,2,1,1,2,BD FEYDEAU,44.8484,-0.49984
201500023854,10,10,15,14,1,33,63,2,2,1,3,AVE DU MAL DE LATTRE DE,44.85707,-0.61986
201500023855,10,10,15,19,1,33,63,2,1,1,6,RUE DE SAGET,44.827,-0.55859
201500023856,11,10,15,16,1,33,63,2,4,1,6,"12, RUE DE LA COUR DES A",44.8398,-0.56976
201500023857,10,10,15,14,1,33,63,2,1,1,6,"109, QUAI DES CHARTRONS",44.8553,-0.56437
201500023858,10,10,15,20,1,33,63,2,2,1,3,RUE DUMONTEIL,44.82654,-0.5928
201500023859,11,10,15,23,5,33,63,2,3,1,6,RUE PAULINE KERGOMARD,44.8232,-0.57717
201500023860,7,10,15,12,1,33,200,2,6,2,3,RUE GEORGES CLEMENCEAU,44.87789,-0.67712
201500023861,1,10,15,12,1,33,281,2,2,1,2,"12Bis, AVE DE L'ALOUETTE",44.8289,-0.66452
201500023862,10,10,15,14,1,33,63,2,1,1,6,BD JOLIOT-CURIE,44.8376,-0.54861
201500023863,7,10,15,16,1,33,318,2,1,1,3,"8, AVE JEAN BABIN",44.7919,-0.62224
201500023864,8,10,15,20,5,33,281,2,2,1,2,44 AV LA MARNE/G.MANDEL,44.8368,-0.62132
201500023865,7,10,15,7,2,33,162,2,2,1,3,RTE DU MEDOC,44.8779,-0.62394
201500023866,8,10,15,12,1,33,39,2,2,1,6,XIV JUILLET/L.GAMBETTA,44.8075,-0.54887
201500023867,13,10,15,18,1,33,63,2,1,1,5,"164, BD ALFRED DANEY",44.8688,-0.56879
201500023868,13,10,15,20,5,33,63,2,1,1,2,ALBRET (CRS D),44.83471,-0.58039
201500023869,13,10,15,5,5,33,63,2,2,1,3,PCE DE LATULE,44.8697,-0.56665
201500023870,7,10,15,15,1,33,192,2,3,1,5,GAULLE (CRS DU GENERAL D,44.76928,-0.61661
201500023871,9,10,15,7,2,33,39,2,3,1,3,ALL BOYER,44.80939,-0.53735
201500023872,8,10,15,17,1,33,522,2,1,1,2,"590, LIBERATION (CRS DE",44.79937,-0.59786
201500023873,13,10,15,19,2,33,63,2,1,1,6,"17, BD ANTOINE GAUTIER",44.83585,-0.5988
201500023874,14,10,15,17,1,33,63,2,1,1,6,RUE DU BOCAGE <> DU SCH,44.8509,-0.60055
201500023875,8,10,15,15,1,33,249,2,1,1,3,RUE MICHEL MONTAIGNE,44.8738,-0.51566
201500023876,12,10,15,8,1,33,192,2,3,1,2,"76, CRS DU GENERAL DE GA",44.7757,-0.61152
201500023877,13,10,15,7,2,33,281,2,2,1,3,AVE DU CHUT,44.8473,-0.65825
201500023878,12,10,15,13,1,33,39,2,1,1,6,"55, RUE DURCY",44.7989,-0.5471
201500023879,13,10,15,14,1,33,119,2,6,1,3,AVE RENE CASSAGNE,44.85075,-0.51739
201500023880,15,10,15,11,1,33,63,2,2,1,6,264LAT.TASSIGNY/SOUBIRAS,44.857,-0.61992
201500023881,13,10,15,8,1,33,63,2,1,1,3,"116, QUAI DE LA SOUYS",44.82902,-0.5412
201500023882,16,10,15,10,1,33,63,2,1,1,2,"294, CRS DE LA SOMME",44.8181,-0.57228
201500023883,13,10,15,22,5,33,281,2,2,1,1,AVE PRESIDENT J.F. KENNE,44.83344,-0.66611
201500023884,10,10,15,10,1,33,69,2,2,1,3,RUE FRANCIS DE PRESSENSE,44.85866,-0.60339
201500023885,17,10,15,1,5,33,63,2,2,1,1,CRS DE LA MARNE,44.82982,-0.56805
201500023886,18,10,15,17,1,33,63,2,2,2,2,CRS MARECHAL JUIN,44.8356,-0.58412
201500023887,17,10,15,16,1,33,63,2,1,1,4,"29,31,33 BD PIERRE 1ER",44.8554,-0.59241
201500023888,18,10,15,20,5,33,63,2,2,1,4,AVE DE MERIGNAC CAUD,44.83879,-0.62583
201500023889,16,10,15,7,5,33,162,2,2,1,6,RUE DES TREYTINS,44.8791,-0.63484
201500023890,15,10,15,18,2,33,200,2,2,1,6,"40, AVE DE LA REPUBLIQUE",44.8735,-0.68309
201500023891,19,10,15,9,1,33,63,2,2,1,6,"71, CRS DE LA MARNE",44.8298,-0.56805
201500023892,20,10,15,9,1,33,63,2,3,1,3,AVE LOUIS BARTHOU CAUD,44.8524,-0.61855
201500023893,20,10,15,14,1,33,63,2,1,1,6,RUE DES FRERES PORTMANN,44.86009,-0.57829
201500023894,19,10,15,18,1,33,281,2,2,1,3,AVE DE L'YSER,44.84197,-0.66076
201500023895,20,10,15,12,1,33,318,2,2,1,3,AVE MAL DE LATTRE DE TAS,44.78238,-0.68901
201500023896,20,10,15,17,1,33,318,2,3,1,3,RUE MONGE,44.77907,-0.6599
201500023897,21,10,15,22,5,33,192,2,2,1,3,CRS DU GENERAL DE GAULLE,44.78641,-0.60504
201500023898,19,10,15,12,1,33,281,2,2,1,3,RUE AUGUSTE LAMIRE,44.84011,-0.63353
201500023899,19,10,15,19,5,33,39,2,1,1,3,"141, RTE DE TOULOUSE",44.8099,-0.57395
201500023900,20,10,15,13,1,33,281,2,2,1,3,AVE DE LA LIBERATION,44.8525,-0.64518
201500023901,19,10,15,17,1,33,318,2,1,1,3,"31,V GL LECLERC AP MORIN",44.7959,-0.66741
201500023902,15,10,15,15,1,33,192,2,2,1,2,CRS DU GENERAL DE GAULLE,44.77846,-0.60978
201500023903,20,10,15,18,1,33,550,2,3,1,6,R. PR CHAVANNAZ/R.VERDUN,44.7698,-0.58751
201500023904,22,10,15,17,1,33,119,2,3,2,3,RUE DU 8 MAI 1945,44.8522,-0.51326
201500023905,25,10,15,23,5,33,63,2,2,1,3,"81, YSER (CRS DE L)",44.8269,-0.56923
201500023906,23,10,15,14,1,33,63,2,1,1,3,"261, BD ALFRED DANEY",44.87135,-0.56302
201500023907,23,10,15,13,1,33,63,2,1,1,6,"16, QUAI DE LA MONNAIE",44.834,-0.56292
201500023908,24,10,15,17,1,33,63,2,5,1,1,RUE DE BEGLES,44.81522,-0.56534
201500023909,25,10,15,4,5,33,63,2,1,1,3,"12, QUAI LOUIS XVIII",44.8476,-0.57104
201500023910,25,10,15,17,1,33,63,2,3,1,2,"181, MEDOC (CRS DU)",44.8642,-0.57379
201500023911,26,10,15,17,1,33,63,2,1,1,6,BD ALFRED DANEY,44.87053,-0.56503
201500023912,26,10,15,18,5,33,63,2,4,1,6,ALL VERCINGETORIX,44.8424,-0.58465
201500023913,27,10,15,17,5,33,63,2,3,3,6,RUE DE LA BECHADE,44.8251,-0.59874
201500023914,27,10,15,18,5,33,192,2,6,3,6,"R,du Moulineau",44.77076,-0.60946
201500023915,27,10,15,7,1,33,119,2,5,1,3,BD ENTRE DEUX MERS,44.845,-0.53239
201500023916,22,10,15,16,1,33,522,2,6,1,5,RUE PACARIS,44.7977,-0.58093
201500023917,28,10,15,18,5,33,63,2,3,1,6,"4, RUE ERIK SATIE",44.8451,-0.62853
201500023918,28,10,15,20,5,33,63,2,1,2,3,"178, RUE STEHELIN CAUD",44.8569,-0.63624
201500023919,29,10,15,14,1,33,63,2,1,1,2,BD GODARD,44.86051,-0.58843
201500023920,29,10,15,17,2,33,550,2,6,1,2,CHEM GASTON,44.7765,-0.57637
201500023921,29,10,15,8,1,33,318,2,1,1,6,"21, RUE JEAN PERRIN",44.7788,-0.66043
201500023922,24,10,15,20,5,33,162,2,1,1,2,"153, AVE DE SAINT-MEDARD",44.8627,-0.65157
201500023923,27,10,15,13,1,33,119,2,2,1,3,BD ENTRE DEUX MERS,44.84601,-0.53519
201500023924,29,10,15,19,5,33,63,2,2,1,3,BD JEAN-JACQUES BOSC,44.81885,-0.54514
201500023925,26,10,15,10,1,33,550,2,1,1,3,"26, RTE DE LEOGNAN",44.76846,-0.57949
201500023926,29,10,15,19,5,33,63,2,3,1,3,CRS DE LA SOMME,44.83,-0.57239
201500023927,23,10,15,18,1,33,281,2,2,1,3,AVE HENRI BARBUSSE,44.85624,-0.64189
201500023928,30,10,15,19,5,33,63,2,1,1,2,BD ALIENOR D'AQUITAINE,44.8739,-0.56521
201500023929,1,11,15,12,1,33,63,2,7,1,6,BD ALBERT BRANDENBURG,44.8755,-0.5531
201500023930,2,11,15,16,1,33,63,2,1,1,5,"12, CRS SAINT LOUIS",44.8561,-0.57109
201500023931,3,11,15,8,1,33,63,2,3,1,3,QUAI DE LA SOUYS,44.8308,-0.54464
201500023932,28,10,15,5,5,33,192,2,6,1,3,CRX MONJOUS/BENEDIGUES,44.7772,-0.59293
201500023933,31,10,15,18,5,33,63,2,3,1,6,10CRSB.STUTTENBERG/BORIE,44.8553,-0.57115
201500023934,4,11,15,10,1,33,63,2,1,1,3,RUE FRANCIS GARNIER,44.874,-0.56351
201500023935,2,11,15,9,1,33,281,2,1,1,2,"7, RUE GUTENBERG",44.8263,-0.67179
201500023936,4,11,15,10,1,33,63,2,2,1,3,"160, REPUBLIQUE CAUD (AV",44.83954,-0.60768
201500023937,4,11,15,13,1,33,63,2,2,1,2,RUE PELLEPORT/BILLAUDEL,44.8224,-0.56219
201500023938,30,10,15,17,1,33,39,2,1,1,3,"12 14C, RUE DURCY",44.79958,-0.54375
201500023939,6,11,15,12,1,33,63,2,3,1,6,PCE DE LA VICTOIRE,44.8306,-0.57337
201500023940,6,11,15,20,5,33,63,2,4,1,1,AVE DE VERDUN CAUD,44.8603,-0.61264
201500023941,4,11,15,17,1,33,192,2,6,1,6,AV L'HIPPODROME/POTERIE,44.7735,-0.63948
201500023942,6,11,15,12,1,33,63,2,2,1,2,BOSC (BD JEAN-JACQUES),44.8147,-0.55287
201500023943,6,11,15,9,1,33,63,2,1,1,3,"140, QUAI DE LA SOUYS",44.82715,-0.53815
201500023944,8,11,15,11,1,33,63,2,6,1,3,PCE MAREILHAC,44.8765,-0.55103
201500023945,4,11,15,8,1,33,162,2,2,1,3,AVE DU MEDOC,44.8802,-0.62764
201500023946,30,10,15,9,1,33,550,2,2,1,1,RUE RAYMOND POINCARE,44.7619,-0.57071
201500023947,6,11,15,17,1,33,75,2,3,1,1,"118, AVE JEAN JAURES",44.875,-0.59044
201500023948,9,11,15,2,5,33,63,2,2,1,6,ALL DE TOURNY,44.8452,-0.57705
201500023949,9,11,15,7,2,33,63,2,3,1,2,PONT Jacques CHABAN DELM,44.856,-0.54953
201500023950,9,11,15,20,5,33,63,2,2,1,2,QUAI DE BACALAN,44.8624,-0.55105
201500023951,9,11,15,13,1,33,63,2,2,1,3,BD JEAN-JACQUES BOSC,44.81714,-0.54849
201500023952,9,11,15,16,1,33,63,2,1,1,6,"72, QUAI DES CHARTRONS",44.8531,-0.5674
201500023953,3,11,15,10,1,33,200,2,3,1,3,RUE HUSTIN,44.87377,-0.68521
201500023954,11,11,15,7,1,33,63,2,1,1,6,QUAI DES CHARTRONS,44.8498,-0.56992
201500023955,4,11,15,10,1,33,39,2,2,1,3,RUE LAUDINAT,44.81248,-0.54654
201500023956,11,11,15,1,4,33,63,2,4,1,6,RUE GEORGES BONNAC,44.8383,-0.59068
201500023957,5,11,15,21,5,33,281,2,3,1,6,LIBERATION (AVE DE LA),44.8459,-0.64451
201500023958,3,11,15,14,1,33,550,2,2,2,2,RTE DE TOULOUSE,44.7969,-0.56844
201500023959,4,11,15,12,1,33,318,2,1,1,2,"73, AVE JEAN JAURES",44.8097,-0.62216
201500023960,11,11,15,6,5,33,63,2,1,5,1,VOIE D'ACCES PONT SAINT,44.8307,-0.55564
201500023961,10,11,15,8,1,33,63,2,1,1,2,PONT Jacques CHABAN DELM,44.8584,-0.55174
201500023962,8,11,15,15,1,33,318,2,3,1,3,AVE DU GENERAL LECLERC,44.7832,-0.68707
201500023963,5,11,15,7,1,33,39,2,2,1,3,RUE LAUDINAT,44.8125,-0.54657
201500023964,7,11,15,23,5,33,13,2,1,1,6,AVE DE VIRECOURT,44.8537,-0.50371
201500023965,10,11,15,14,1,33,63,2,3,1,3,PCE MARTYRS DE LA RESIST,44.8416,-0.5835
201500023966,12,11,15,18,5,33,63,2,2,5,3,RUE MANON CORMIER,44.8305,-0.59275
201500023967,12,11,15,11,1,33,63,2,3,1,1,STEHLIN/LAGRAVEYRE,44.856,-0.62671
201500023968,12,11,15,19,5,33,63,2,3,5,3,Avenue Thiers,44.8446,-0.55261
201500023969,13,11,15,17,5,33,63,2,3,1,6,"43, CRS PORTAL",44.8538,-0.57259
201500023970,13,11,15,22,3,33,13,2,4,1,2,RN 89,44.8685,-0.50292
201500023971,12,11,15,13,1,33,63,2,3,1,6,"243, RUE DE PESSAC",44.8256,-0.58874
201500023972,13,11,15,15,1,33,63,2,6,1,3,PCE RAVEZIES/BD GODARD,44.8658,-0.57611
201500023973,15,11,15,2,5,33,63,2,3,5,6,Q.LOUIS XVIII/ALL MUNICH,44.8449,-0.57098
201500023974,13,11,15,19,5,33,63,2,3,1,3,CRS D'ALBRET,44.83734,-0.58121
201500023975,10,11,15,13,1,33,318,2,6,1,6,AVE LEON DUGUIT,44.8007,-0.60958
201500023976,10,11,15,8,1,33,69,2,6,5,3,RUE MARIUS MARCHANDOU,44.8635,-0.60651
201500023977,10,11,15,18,5,33,65,2,2,1,3,QUAI DE LA SOUYS,44.8171,-0.52943
201500023978,16,11,15,13,1,33,63,1,3,1,3,DESCHAMPS (QUAI ),44.83939,-0.55905
201500023979,16,11,15,8,1,33,63,2,3,1,3,RUE STEHELIN CAUD,44.8568,-0.63671
201500023980,15,11,15,23,5,33,167,2,1,1,6,VOIE PENETRANTE EST,44.8435,-0.5281
201500023981,5,11,15,8,1,33,162,2,1,1,2,"22, AVE DU TAILLAN-MEDOC",44.8732,-0.63408
201500023982,12,11,15,18,5,33,281,2,1,1,4,"455, AVE DE VERDUN",44.841,-0.64284
201500023983,16,11,15,12,1,33,281,2,1,1,3,"10, AV GRANGE NOIRE",44.8509,-0.67842
201500023984,15,11,15,0,5,33,162,2,1,5,6,"218, AVE DU MEDOC",44.8886,-0.64552
201500023985,18,11,15,22,1,33,63,2,2,8,3,RUE EDMOND COSTEDOAT,44.83199,-0.57787
201500023986,18,11,15,11,1,33,63,2,3,1,6,PCE DE LA VICTOIRE,44.831,-0.57341
201500023987,16,11,15,17,2,33,119,2,3,1,3,"62, AVE RENE CASSAGNE",44.85965,-0.515
201500023988,19,11,15,14,1,33,63,2,1,2,2,BD ALFRED DANEY,44.87137,-0.56299
201500023989,19,11,15,8,1,33,63,2,2,1,3,RUE LAGRANGE,44.85141,-0.58226
201500023990,19,11,15,19,5,33,63,2,2,1,1,QUAI DE LA SOUYS,44.8308,-0.54464
201500023991,22,11,15,2,5,33,63,2,2,1,3,BD GEORGE V,44.82533,-0.58915
201500023992,21,11,15,5,5,33,63,2,1,2,6,"19, QUAI DES SALINIERES",44.8353,-0.56455
201500023993,20,11,15,17,1,33,63,2,5,2,3,CRS PASTEUR,44.8351,-0.57499
201500023994,19,11,15,10,1,33,119,2,3,2,6,AVE RENE CASSAGNE,44.8532,-0.51685
201500023995,16,11,15,15,1,33,39,2,2,1,5,JGUESDE/PL XIV JUILLET,44.8076,-0.54895
201500023996,9,11,15,8,1,33,522,2,3,1,3,RUE LAFONTAINE,44.8029,-0.58401
201500023997,12,11,15,14,1,33,75,2,2,1,6,CHN REDUIT/BACCHUS,44.8841,-0.59916
201500023998,18,11,15,17,2,33,162,2,1,2,3,AVE DU MEDOC,44.88377,-0.63338
201500023999,19,11,15,16,1,33,281,2,2,1,3,AVE PIERRE MENDES FRANCE,44.83766,-0.64088
201500024000,16,11,15,19,5,33,522,2,3,1,5,RUE PEYDAVANT,44.80436,-0.58672
201500024001,19,11,15,8,1,33,167,2,3,2,2,Av GASTON CABANNES,44.8239,-0.52129
201500024002,20,11,15,18,3,33,119,2,2,1,6,RUE DU MARECHAL FOCH,44.8551,-0.53057
201500024003,22,11,15,10,1,33,167,2,2,1,6,AVE GASTON CABANNES,44.8302,-0.52724
201500024004,24,11,15,18,5,33,63,2,1,1,6,RUE JULES MICHELET CAUD,44.85309,-0.61092
201500024005,21,11,15,15,1,33,13,2,1,1,4,AVE DE L' ILE DE FRANCE,44.8435,-0.49658
201500024006,22,11,15,18,5,33,281,2,1,1,5,AVE MARCEL DASSAULT,44.8455,-0.67652
201500024007,25,11,15,14,1,33,63,2,3,2,2,BD ALFRED DANEY,44.86696,-0.57323
201500024008,27,11,15,7,1,33,63,2,2,1,3,BD ANTOINE GAUTIER,44.83144,-0.59836
201500024009,27,11,15,19,5,33,63,2,1,2,2,RTE DE TOULOUSE,44.81413,-0.57285
201500024010,21,11,15,14,1,33,63,2,3,3,7,RUE GINER DE LOS RIOS,44.82814,-0.5724
201500024011,28,11,15,14,1,33,63,2,3,1,3,QUAI DE BACALAN,44.85967,-0.5547
201500024012,26,11,15,11,1,33,63,2,1,1,6,AV DES 40 JOURNAUX,44.8822,-0.56788
201500024013,24,11,15,18,5,33,281,2,6,2,2,RUE JACQUES PREVERT,44.8431,-0.67036
201500024014,24,11,15,18,5,33,318,2,2,1,3,AVE CARNOT,44.79628,-0.67128
201500024015,28,11,15,2,5,33,63,2,1,2,2,QUAI DE LA SOUYS,44.8335,-0.54992
201500024016,26,11,15,16,2,33,167,2,3,1,3,AVE JEAN ALFONSEA,44.8263,-0.52661
201500024017,27,11,15,7,2,33,13,2,6,1,6,AVE DE L'EGLISE ROMANE,44.8526,-0.4818
201500024018,26,11,15,7,1,33,318,2,3,1,6,AVE PASTEUR,44.8046,-0.63647
201500024019,29,11,15,18,2,33,318,2,3,1,3,AVE DE BARDANAC,44.7945,-0.61199
201500024020,27,11,15,17,5,33,32,2,2,1,3,RUE JEAN-JACQUES ROUSSEA,44.9075,-0.51043
201500024021,30,11,15,9,1,33,63,2,2,1,3,RUE FRANCOIS DE SOURDIS,44.8312,-0.58734
201500024022,30,11,15,9,1,33,63,2,3,1,3,QUAI DESCHAMPS,44.83779,-0.55736
201500024023,28,11,15,10,1,33,281,2,3,1,1,ALL SAN MARCO,44.82503,-0.62225
201500024024,1,12,15,8,1,33,63,2,2,5,3,BD DU PRESIDENT WILSON,44.8467,-0.59815
201500024025,1,12,15,8,1,33,63,2,2,5,3,RUE LARTIGUE,44.87173,-0.54871
201500024026,27,11,15,15,1,33,63,2,1,1,3,"108, BD GEORGE V",44.82431,-0.58761
201500024027,26,11,15,16,1,33,63,2,1,2,2,"42, CRS MARECHAL GALLIEN",44.8244,-0.59108
201500024028,2,12,15,8,1,33,63,2,3,1,6,RUE POUJEAU CAUD,44.8552,-0.6247
201500024029,2,12,15,14,1,33,63,2,3,1,6,MARNE (CRS DE LA),44.8307,-0.57191
201500024030,2,12,15,20,5,33,63,2,3,1,1,"46, RUE JOSEPH ABRIA",44.8344,-0.59014
201500024031,3,12,15,19,5,33,63,2,1,1,3,CRS DU MARECHAL GALLIENI,44.8223,-0.59366
201500024032,3,12,15,16,1,33,63,2,3,1,2,RUE DAVID JOHNSTON,44.8501,-0.58197
201500024033,30,11,15,14,1,33,119,2,1,1,6,AVE ROGER SCHWOB,44.855,-0.51827
201500024034,30,11,15,17,1,33,119,2,3,1,6,"2, RUE PAUL BERT",44.8482,-0.50566
201500024035,30,11,15,21,5,33,522,2,1,1,2,RUE FRANCOIS RABELAIS,44.7974,-0.59924
201500024036,1,12,15,21,5,33,522,2,3,1,3,AVE ROUL,44.8059,-0.59851
201500024037,1,12,15,15,1,33,281,2,2,1,4,RUE JACQUES ANQUETIL,44.8308,-0.66489
201500024038,1,12,15,17,1,33,281,2,4,1,5,AVE DE L'ARGONNE,44.8224,-0.69083
201500024039,30,11,15,11,1,33,63,2,1,1,3,"243, BD GODARD",44.86422,-0.57999
201500024040,6,12,15,9,1,33,63,2,1,1,3,RUE BRIZARD,44.84005,-0.59175
201500024041,2,12,15,21,5,33,192,2,6,5,6,"158, RTE DE CANEJAN",44.7701,-0.62875
201500024042,5,12,15,14,1,33,63,2,3,1,3,AVE DE LABARDE,44.90683,-0.55584
201500024043,6,12,15,18,5,33,63,2,3,1,2,RUE FONDAUDEGE,44.84778,-0.58169
201500024044,6,12,15,16,1,33,63,2,1,1,1,ALL DE BOUTAUT,44.86743,-0.57573
201500024045,4,12,15,12,1,33,281,2,1,1,6,AV CHAPEL.STE-BERNADETTE,44.8226,-0.62269
201500024046,3,12,15,16,1,33,281,2,2,1,6,AV ST MEDARD,44.8612,-0.64229
201500024047,2,12,15,13,1,33,75,2,1,1,3,120 RTE DU MEDOC,44.8745,-0.61883
201500024048,7,12,15,17,5,33,75,2,2,1,3,AVE CHARLES DE GAULLE,44.88563,-0.61088
201500024049,7,12,15,10,1,33,63,2,2,1,1,CRS JOURNU AUBER/BINAU,44.8616,-0.57301
201500024050,9,12,15,7,2,33,63,2,1,8,3,QUAI DE BACALAN,44.85757,-0.55964
201500024051,9,12,15,8,1,33,63,2,3,5,6,Q.BACALAN/PONT CH.DELMAS,44.8603,-0.55367
201500024052,9,12,15,9,1,33,63,2,1,1,2,69RUE PELOUSE DE DOUET,44.8299,-0.60723
201500024053,7,12,15,11,1,33,167,2,1,1,3,"2, RUE DE L'OBSERVATOIRE",44.83541,-0.5234
201500024054,7,12,15,8,2,33,75,2,1,1,6,RUE AUSONE,44.8714,-0.59526
201500024055,6,12,15,1,5,33,119,2,1,1,1,AVE CARNOT,44.8578,-0.53111
201500024056,2,12,15,16,1,33,281,1,1,1,1,AVE RENE CASSIN,44.8331,-0.69716
201500024057,10,12,15,18,5,33,63,2,3,1,3,PCE PAUL DOUMER,44.85216,-0.57363
201500024058,5,12,15,20,5,33,32,2,2,1,3,AVE LAMARTINE,44.9045,-0.51507
201500024059,4,12,15,8,1,33,281,2,1,1,2,"4, AVE MARCEL DASSAULT",44.8478,-0.67863
201500024060,5,12,15,16,1,33,281,2,2,1,1,RUE JEAN GIONO,44.85307,-0.64732
201500024061,3,12,15,18,1,33,550,2,2,1,3,RUE RAYMOND POINCARE,44.7648,-0.57075
201500024062,4,12,15,23,5,33,318,2,3,1,6,RUE ROSSINI,44.8143,-0.6161
201500024063,3,12,15,8,1,33,318,2,3,5,1,AVE MISSION DU HAUTBRION,44.8089,-0.60582
201500024064,8,12,15,14,1,33,119,2,2,1,3,AVE G.CLEMENCEAU/A.DUMAS,44.8498,-0.50902
201500024065,6,12,15,0,5,33,318,2,1,1,3,AV ML LAT.TASSIGNY,44.7774,-0.69977
201500024066,11,12,15,16,2,33,63,2,1,1,3,RUE DOMION CAUD,44.8568,-0.62445
201500024067,12,12,15,13,1,33,63,2,2,1,3,BD GEORGES POMPIDOU,44.8325,-0.60233
201500024068,11,12,15,21,5,33,63,2,3,1,6,RUE SCALIGER,44.8403,-0.59816
201500024069,12,12,15,12,1,33,63,2,2,1,6,CRS DE LA MARNE,44.8298,-0.56805
201500024070,12,12,15,21,5,33,63,2,2,1,3,RUE DES FRANCAIS LIBRES,44.8754,-0.56895
201500024071,7,12,15,13,1,33,281,2,2,1,3,AVE DES FRERES ROBINSON,44.84715,-0.65803
201500024072,7,12,15,18,4,33,281,2,1,1,6,AVE CHARLES LINDBERGH,44.8358,-0.69178
201500024073,13,12,15,18,5,33,63,2,1,1,6,245 AV MAL LAT.TASSIGNY,44.8564,-0.6178
201500024074,12,12,15,14,1,33,63,2,2,1,3,RUE LAFONTAINE,44.8268,-0.56753
201500024075,30,11,15,17,1,33,63,2,1,1,6,"16, CRS DE L'INTENDANCE",44.84197,-0.5761
201500024076,14,12,15,8,3,33,281,1,1,1,4,AVE FRANCOIS MITTERRAND,44.81962,-0.65275
201500024077,15,12,15,17,2,33,63,2,1,1,2,"325, AVE THIERS",44.8511,-0.54207
201500024078,10,12,15,7,4,33,281,2,3,1,3,RUE THIERRY SABINE,44.84377,-0.71837
201500024079,8,12,15,14,1,33,249,2,3,1,1,AVE DE PARIS,44.8812,-0.51032
201500024080,9,12,15,15,1,33,522,2,3,1,3,AVE DE THOUARS,44.79904,-0.59291
201500024081,9,12,15,7,2,33,119,2,3,5,3,AVE RENE CASSAGNE,44.8532,-0.51685
201500024082,9,12,15,17,1,33,13,2,2,1,1,BD FEYDEAU,44.85001,-0.49457
201500024083,29,5,15,9,1,33,63,2,4,1,1,BD PIERRE 1ER,44.85899,-0.58959
201500024084,12,12,15,18,1,33,281,2,3,1,6,RUE DU JARD,44.843,-0.63951
201500024085,10,12,15,8,1,33,75,2,1,1,6,"32, RUE RAYMOND PEYRAN",44.87448,-0.60584
201500024086,13,12,15,18,5,33,119,2,2,1,3,AVE JEAN ZAY,44.85359,-0.50947
201500024087,16,12,15,10,1,33,63,2,2,1,3,AVE DE LA REPUBLIQUE CAU,44.8399,-0.60339
201500024088,9,12,15,17,5,33,281,2,3,1,3,"19, AVE JEAN PERRIN",44.8363,-0.6708
201500024089,15,12,15,8,1,33,192,2,1,1,6,RUE DU MOULINEAU,44.7724,-0.60174
201500024090,9,12,15,13,1,33,522,2,1,1,3,RUE FRANCOIS RABELAIS,44.79625,-0.59346
201500024091,10,12,15,7,1,33,39,2,2,1,3,PL  XIVJUILLET/LGAMBETTA,44.8075,-0.54887
201500024092,11,12,15,8,2,33,39,2,1,1,3,RTE DE TOULOUSE,44.79795,-0.56889
201500024093,13,12,15,18,5,33,318,2,2,1,3,AVE DE CANEJAN,44.79292,-0.64706
201500024094,17,12,15,21,5,33,63,2,2,1,3,CRS PORTAL,44.8543,-0.57226
201500024095,14,12,15,7,3,33,167,2,6,1,1,AVE DES MONDAULTS,44.8429,-0.50341
201500024096,16,12,15,15,1,33,63,2,3,1,3,HUGO (CRS VICTOR),44.835,-0.57205
201500024097,17,12,15,20,5,33,63,2,3,1,3,RUE LAGRANGE,44.85207,-0.58136
201500024098,11,12,15,17,5,33,69,2,3,1,3,"2, RUE CHATEAUBRIAND",44.86189,-0.6019
201500024099,19,12,15,22,5,33,63,2,4,1,6,DR NANCELPENARD/GAMBETTA,44.8406,-0.58074
201500024100,18,12,15,21,5,33,200,2,3,1,3,AVE PASTEUR,44.881,-0.68609
201500024101,15,12,15,16,1,33,318,2,5,1,6,RUE DES FUCHSIAS,44.79197,-0.63059
201500024102,18,12,15,14,1,33,63,2,3,1,3,CRS ARISTIDE BRIAND,44.8315,-0.57547
201500024103,15,12,15,20,5,33,200,2,1,1,6,AVE PASTEUR,44.8796,-0.68412
201500024104,18,12,15,14,1,33,63,2,3,1,3,"169, CRS DE L'ARGONNE",44.82555,-0.57775
201500024105,18,12,15,11,1,33,63,2,1,1,3,AV GAL LECLERC CAUD,44.8547,-0.61271
201500024106,15,12,15,8,1,33,69,2,3,1,3,EYSINES (AVE D),44.863,-0.61415
201500024107,15,12,15,7,5,33,39,2,3,2,6,"442, RTE DE TOULOUSE",44.7919,-0.56708
201500024108,18,12,15,17,2,33,63,2,2,1,3,RUE CHABRELY,44.84186,-0.5555
201500024109,16,12,15,7,2,33,318,2,2,1,3,AVE DU CHATENET,44.7952,-0.66303