Num_Acc,jour,mois,an,hr,condition_eclairage,departement,commune,condition_agglomeration,intersection,condition_atmosphere,type_collision,adresse,lattitude,longitude
201500024110,21,12,15,10,1,33,63,2,1,1,6,CRS DE LA MARTINIQUE,44.8541,-0.57181
201500024111,16,12,15,5,5,33,162,2,1,1,1,AVE DU MEDOC,44.8801,-0.62752
201500024112,21,12,15,23,5,33,63,2,3,1,3,RUE GENERAL DE LARMINAT,44.8334,-0.59426
201500024113,21,12,15,20,5,33,39,2,2,1,3,RTE DE TOULOUSE,44.8094,-0.57396
201500024114,20,12,15,22,5,33,63,2,2,1,3,RUE ABBE DE L'EPEE,44.84252,-0.58299
201500024115,16,12,15,12,1,33,522,2,3,1,4,"158, RTE DE TOULOUSE",44.8076,-0.5735
201500024116,21,12,15,0,5,33,119,2,1,2,6,BD ENTRE DEUX MERS,44.8456,-0.5336
201500024117,21,12,15,20,5,33,63,2,1,1,3,"83, RUE FRANCOIS DE SOUR",44.8317,-0.58754
201500024118,22,12,15,16,1,33,63,2,1,1,6,AVE DES QUARANTE JOURNAU,44.88052,-0.56776
201500024119,15,12,15,11,1,33,281,2,2,1,6,AVE DE LA MARNE,44.838,-0.61654
201500024120,17,12,15,10,1,33,550,2,2,1,5,TOULOUSE (RTE DE),44.79687,-0.56844
201500024121,17,12,15,8,2,33,39,2,3,1,2,RTE DE TOULOUSE,44.8046,-0.57215
201500024122,24,12,15,13,1,33,63,2,2,1,3,RUE BELLEVILLE,44.8329,-0.58415
201500024123,22,12,15,6,5,33,75,2,2,8,3,AVE DU MEDOC,44.8802,-0.62764
201500024124,26,12,15,14,1,33,63,2,2,1,3,CRS D'ALBRET,44.8383,-0.5816
201500024125,28,12,15,1,5,33,63,2,1,1,7,BD JOLIOT-CURIE,44.8521,-0.53827
201500024126,28,12,15,21,5,33,63,2,3,2,6,PCE MEYNARD,44.8342,-0.5663
201500024127,29,12,15,16,1,33,63,2,2,1,6,VENANT DE RUE ST GENES,44.8214,-0.58293
201500024128,29,12,15,15,1,33,63,2,2,1,3,RUE GEORGES BAZIADOLY CA,44.86012,-0.63414
201500024129,24,12,15,14,1,33,167,2,1,1,3,"32, CABANNES (AVE GASTON",44.8295,-0.52564
201500024130,30,12,15,22,5,33,63,2,2,2,3,RUE DE CURSOL,44.8348,-0.57837
201500024131,24,12,15,15,1,33,69,2,1,1,3,RUE FORMIGE,44.86556,-0.60122
201500024132,30,12,15,15,1,33,63,2,2,1,3,RUE GUILLAUME LEBLANC,44.83203,-0.59388
201500024133,6,1,15,17,1,33,63,2,2,2,6,RUE DE PESSAC,44.8275,-0.58592
201500024134,6,1,15,14,1,33,63,2,2,3,2,RUE FRANCOIS DE SOURDIS,44.8354,-0.58886
201500024135,7,1,15,17,1,33,318,2,3,1,1,AVE MOZART,44.8121,-0.61626
201500024136,7,1,15,23,5,33,63,2,3,1,1,CRS D'ALBRET,44.8372,-0.5812
201500024137,8,1,15,8,2,33,63,2,3,1,6,RUE DE SAINTONGE,44.8321,-0.58042
201500024138,5,1,15,18,5,33,69,2,1,8,2,"313, AV LIBERATION",44.8682,-0.60782
201500024139,8,1,15,18,5,33,63,2,3,2,4,CRS DE LA SOMME,44.8247,-0.57261
201500024140,8,1,15,17,2,33,63,2,3,2,5,BD ALFRED DANEY,44.8669,-0.57327
201500024141,9,1,15,17,1,33,63,2,3,1,6,RUE LAGRANGE,44.8543,-0.57834
201500024142,10,1,15,4,5,33,63,2,2,1,3,BD DU PDT FRANKLIN ROOSE,44.8213,-0.58277
201500024143,9,1,15,17,2,33,69,2,2,8,3,AVE JULES GUESDE,44.8648,-0.5875
201500024144,10,1,15,6,5,33,63,2,4,1,6,RUE CROIX DE SEGUEY,44.8517,-0.58996
201500024145,9,1,15,18,5,33,522,2,2,2,2,AVE DE THOUARS,44.7937,-0.59189
201500024146,10,1,15,19,5,33,281,2,5,2,6,43 AV DE L'YSER,44.8412,-0.6533
201500024147,10,1,15,17,1,33,63,2,2,1,6,PCE BIR HAKEIM,44.8367,-0.56542
201500024148,10,1,15,20,5,33,63,2,2,8,6,Q.RICHELIEU/BIR HAKEIM,44.8365,-0.56627
201500024149,11,1,15,6,2,33,162,2,6,2,6,AV J.MERMOZ/RD1215,44.8754,-0.65984
201500024150,12,1,15,7,2,33,63,2,1,1,2,"162, BD ALFRED DANEY",44.8688,-0.56889
201500024151,12,1,15,8,1,33,162,2,2,1,6,RUE DU BOIS GRAMOND,44.8674,-0.63729
201500024152,7,1,15,11,1,33,200,2,1,1,3,RUE TOUSSAINT CATROS,44.8541,-0.69394
201500024153,12,1,15,6,5,33,75,2,2,1,3,AVE PERIER,44.8762,-0.58229
201500024154,12,1,15,15,1,33,63,2,3,1,3,DESCHAMPS (QUAI ),44.8393,-0.55957
201500024155,12,1,15,18,5,33,550,2,1,1,1,"143, RUE DE LEYSOTTE",44.8,-0.57644
201500024156,12,1,15,12,1,33,281,2,7,1,3,PCE JEAN JAURES,44.8511,-0.64467
201500024157,13,1,15,9,1,33,63,2,6,1,3,RUE CHEVALIER/MARSEILLE,44.8447,-0.59599
201500024158,13,1,15,16,1,33,63,2,1,1,1,"38, RUE CAPDEVILLE",44.8441,-0.58773
201500024159,13,1,15,17,1,33,318,2,1,2,3,1 R.POUDRIERE,44.7833,-0.68992
201500024160,14,1,15,8,1,33,69,2,1,1,6,"16, AVE GAUTHIER LAGARDE",44.864,-0.58938
201500024161,14,1,15,8,1,33,63,2,7,1,3,PCE de l'Europe,44.8601,-0.57937
201500024162,14,1,15,12,1,33,63,2,3,1,6,CRS D'ALBRET,44.8382,-0.58152
201500024163,14,1,15,20,5,33,162,2,1,8,6,"23Bis, AVE DU MEDOC",44.8834,-0.63225
201500024164,15,1,15,5,5,33,39,2,6,1,3,Chm de Courrejean,44.7909,-0.53566
201500024165,15,1,15,8,1,33,192,1,3,1,3,AV DE L'HIPPODROME,44.7772,-0.64478
201500024166,15,1,15,17,1,33,162,2,3,2,2,R.du Canter,44.8753,-0.63052
201500024167,15,1,15,18,5,33,63,2,2,2,6,RUE FRERE,44.8527,-0.57533
201500024168,16,1,15,13,1,33,318,2,3,2,3,"53, AVE DE MADRAN",44.8053,-0.65918
201500024169,16,1,15,12,1,33,318,2,1,3,2,"8, GUTENBERG (RUE)",44.7848,-0.65012
201500024170,16,1,15,12,1,33,63,2,1,3,5,PARKING ZONE INDUSTRIEL,44.8876,-0.55158
201500024171,16,1,15,12,1,33,39,2,3,2,3,RTE DE TOULOUSE,44.8025,-0.57122
201500024172,16,1,15,19,5,33,200,2,3,2,3,AVE PASTEUR,44.8745,-0.67905
201500024173,17,1,15,19,5,33,63,2,1,1,3,116 QUAI SOUYS,44.8291,-0.54144
201500024174,19,1,15,10,1,33,318,2,2,2,3,AVE DU BOURGAILH,44.7992,-0.66319
201500024175,19,1,15,10,1,33,63,2,1,2,6,"66, RUE DE SAINT GENES",44.8284,-0.57964
201500024176,19,1,15,19,4,33,63,2,3,1,1,"320, BD DU PDT WILSON",44.851,-0.59561
201500024177,19,1,15,21,5,33,39,2,2,1,3,AVE ALEXIS CAPELLE,44.8113,-0.54914
201500024178,20,1,15,7,2,33,119,2,5,1,3,CRS VICTOR HUGO,44.8457,-0.53307
201500024179,20,1,15,13,1,33,63,2,3,1,2,"164, AVE CHARLES DE GAUL",44.8503,-0.60552
201500024180,21,1,15,2,5,33,63,2,2,1,6,"45, CRS DE LA MARNE",44.8302,-0.56988
201500024181,21,1,15,16,1,33,281,2,5,2,4,AVE DE FONCASTEL,44.836,-0.64108
201500024182,21,1,15,19,5,33,63,2,6,1,1,RUE BOURBON,44.8653,-0.56176
201500024183,22,1,15,8,1,33,281,2,3,1,6,AVE DE L'YSER,44.8414,-0.65521
201500024184,22,1,15,14,1,33,63,2,3,1,3,JUDAIQUE (RUE ),44.8404,-0.59695
201500024185,22,1,15,16,1,33,318,2,3,1,3,AVE DU GENERAL LECLERC,44.7865,-0.68021
201500024186,23,1,15,5,5,33,63,2,3,1,3,WILSON (BD DU PRESIDENT),44.851,-0.59561
201500024187,22,1,15,16,1,33,192,2,1,1,6,287 CRS GAL DE GAULLE,44.7622,-0.62165
201500024188,23,1,15,7,2,33,162,2,3,1,3,AVE DU MEDOC,44.8802,-0.62764
201500024189,23,1,15,10,1,33,63,2,7,1,2,VLB VENANT DU CRS YSER,44.8201,-0.57238
201500024190,22,1,15,18,5,33,281,2,1,1,6,SUR PARKING GEANT CASINO,44.8268,-0.62063
201500024191,23,1,15,21,5,33,63,2,2,1,3,PDT F.ROOSEVELT/TOULOUSE,44.8147,-0.57265
201500024192,23,1,15,19,5,33,63,2,3,1,2,CRS VICTOR HUGO,44.835,-0.57205
201500024193,23,1,15,17,1,33,192,2,3,1,1,RUE DE CHARTREZE,44.7643,-0.61971
201500024194,24,1,15,15,1,33,63,2,2,1,2,BD ALBERT BRANDENBURG,44.8759,-0.54845
201500024195,24,1,15,16,1,33,75,2,2,1,6,"4, AVE DE L EUROPE",44.878,-0.61429
201500024196,25,1,15,14,1,33,63,2,1,1,6,"403, RUE PASTEUR CAUD",44.8467,-0.62977
201500024197,26,1,15,7,2,33,13,2,1,1,3,ROUTE NATIONALE 89,44.8691,-0.47003
201500024198,26,1,15,17,1,33,63,2,4,1,3,RUE CROIX DE SEGUEY,44.8534,-0.59261
201500024199,27,1,15,7,1,33,281,2,1,1,2,AVE FRANCOIS MITTERRAND,44.8116,-0.71038
201500024200,27,1,15,13,1,33,281,2,6,1,6,AVE FRANCOIS MITTERRAND,44.8162,-0.68062
201500024201,27,1,15,12,1,33,318,2,1,1,6,35 R. DU BLAYAIS,44.7713,-0.7246
201500024202,27,1,15,17,1,33,63,2,1,1,6,RUE LOUIS GEANDREAU,44.8595,-0.58367
201500024203,28,1,15,7,4,33,281,2,3,2,3,AVE DE LA GRANGE NOIRE,44.8551,-0.67694
201500024204,28,1,15,15,1,33,63,2,2,2,3,RUE MONTGOLFIER,44.8537,-0.57635
201500024205,29,1,15,7,3,33,75,2,1,3,6,RUE DU PONT NEUF,44.8946,-0.58828
201500024206,29,1,15,17,5,33,63,2,1,6,6,BD ALFRED DANEY,44.8704,-0.5651
201500024207,29,1,15,20,5,33,550,2,4,2,1,ENTRE GIR ET AV.BARRET,44.7772,-0.56752
201500024208,31,1,15,6,5,33,63,2,6,2,6,BD JEAN-JACQUES BOSC,44.8208,-0.54133
201500024209,31,1,15,11,1,33,281,2,6,2,6,AVE DE L'YSER,44.8411,-0.65366
201500024210,31,1,15,16,1,33,63,2,2,1,3,RUE DE BELFORT,44.8323,-0.5817
201500024211,3,2,15,0,5,33,69,2,6,1,6,AV D'EYSINES/CAUDERAN,44.8607,-0.6126
201500024212,31,1,15,12,1,33,318,2,6,1,3,AVE DES PROVINCES,44.7946,-0.68232
201500024213,4,2,15,7,2,33,39,2,1,8,3,"59, AVE JEANNE D'ARC",44.7995,-0.54273
201500024214,4,2,15,16,1,33,63,2,1,1,6,190/147 AUDEGUIL>SOURDIS,44.8289,-0.58647
201500024215,5,2,15,16,1,33,63,2,2,1,3,RUE LECOCQ,44.8335,-0.58821
201500024216,5,2,15,17,1,33,39,2,3,1,3,C.CAMELLE/BICENTENAIRE,44.8077,-0.54763
201500024217,7,2,15,0,5,33,69,2,2,1,3,LIBERATION/GAL LECLERC,44.8554,-0.59579
201500024218,7,2,15,15,1,33,63,2,1,1,3,"1, R. FRERES PORTMANN",44.8605,-0.57641
201500024219,7,2,15,16,1,33,63,2,1,1,6,"38, CRS DE L'INTENDANCE",44.8418,-0.57765
201500024220,7,2,15,15,1,33,550,2,2,1,3,CHEM DU PAS DE LA COTE,44.7821,-0.54037
201500024221,9,2,15,8,1,33,75,2,2,1,3,CH.GAULLE/L.FLEURANCEAU,44.8856,-0.6109
201500024222,23,1,15,15,1,33,63,2,2,1,3,RUE RODRIGUES PEREIRE,44.8453,-0.58541
201500024223,10,2,15,9,1,33,63,2,3,1,6,"14, CRS VICTOR HUGO",44.835,-0.57205
201500024224,10,2,15,14,1,33,63,2,2,1,3,QUAI DE BACALAN,44.859,-0.55677
201500024225,11,2,15,0,5,33,63,2,1,1,6,"65, QUAI DE BACALAN",44.8592,-0.55618
201500024226,9,2,15,12,1,33,63,2,2,1,3,"13, CRS DE LA LIBERATION",44.8333,-0.58354
201500024227,11,2,15,13,1,33,318,2,2,1,1,AVE DU PONT DE L'ORIENT,44.8088,-0.64939
201500024228,5,2,15,18,2,33,63,2,1,1,6,RUE GENERAL DE LARMINAT,44.8343,-0.58907
201500024229,11,2,15,17,1,33,318,2,2,1,1,AVE DE BEUTRE,44.7996,-0.66864
201500024230,11,2,15,16,1,33,63,2,4,1,1,Q.STECROIX/BD FRERESMOGA,44.8318,-0.55901
201500024231,12,2,15,6,5,33,318,2,1,1,3,348AV ML LATTRE TASSIGNY,44.7575,-0.73632
201500024232,12,2,15,7,2,33,119,2,1,1,6,AVE JEAN ZAY,44.8534,-0.50854
201500024233,12,2,15,19,5,33,550,2,1,1,2,"2, AVE GEORGES CLEMENCEA",44.7817,-0.5656
201500024234,14,2,15,8,2,33,63,2,1,2,1,AVE DE LABARDE,44.8928,-0.5492
201500024235,14,2,15,23,5,33,192,2,1,1,2,NAUDET (RUE ),44.7923,-0.6132
201500024236,16,2,15,15,1,33,63,2,1,1,3,"13, ALL SERR",44.8416,-0.56076
201500024237,17,2,15,8,1,33,162,2,3,2,4,"53, AVE DU MEDOC",44.885,-0.63649
201500024238,18,2,15,12,1,33,63,2,3,1,2,"64, PIERRE 1ER (BD )",44.8571,-0.59115
201500024239,19,2,15,7,1,33,162,2,1,1,5,"196, AVE DU MEDOC",44.8876,-0.64313
201500024240,19,2,15,15,1,33,249,2,1,1,6,BAT B R.M.CERDAN,44.8685,-0.52323
201500024241,19,2,15,21,5,33,550,2,1,1,6,"47, RUE MARCEL HERVE",44.7713,-0.55041
201500024242,19,2,15,10,1,33,167,2,1,1,2,=>6M AVT PONT AUDES.VOIE,44.8441,-0.51069
201500024243,20,2,15,9,1,33,318,2,1,1,2,"1, AVE ANTOINE BECQUEREL",44.786,-0.64398
201500024244,20,2,15,15,1,33,162,2,2,2,3,AVE DE L'HIPPODROME,44.8674,-0.63728
201500024245,20,2,15,18,4,33,200,2,2,3,3,AVE PASTEUR,44.8649,-0.66462
201500024246,20,2,15,22,5,33,318,2,1,2,7,18 AVE ARISTIDE BRIAND,44.7985,-0.62838
201500024247,26,2,15,12,1,33,63,2,2,1,3,"0, RUE DE GRAVELOTTE",44.8144,-0.56498
201500024248,22,2,15,1,5,33,63,2,1,1,3,30R.JBURGUET-DVT EULALIE,44.8333,-0.57811
201500024249,20,2,15,16,1,33,69,2,1,2,6,"157, AVE LA LIBERATION",44.8609,-0.60009
201500024250,21,2,15,19,5,33,281,2,6,1,3,AVE PIERRE MENDES FRANCE,44.8328,-0.6406
201500024251,22,2,15,21,5,33,119,2,2,2,3,CRS VICTOR HUGO/MAL FOCH,44.8552,-0.53219
201500024252,23,2,15,7,2,33,281,2,6,3,3,AVE FRANCOIS MITTERRAND,44.8241,-0.63643
201500024253,23,2,15,19,5,33,63,2,3,3,1,"253, AVE DE LA REPUBLIQU",44.8391,-0.61308
201500024254,24,2,15,18,1,33,63,2,3,1,3,CRS BARBEY/CRS MARNE,44.8285,-0.56205
201500024255,25,2,15,12,1,33,192,2,3,2,1,BD DE MALARTIC,44.7683,-0.60371
201500024256,25,2,15,19,5,33,65,2,4,3,3,RTE DE LATRESNE,44.8095,-0.50469
201500024257,27,2,15,8,1,33,281,2,2,1,3,AVE DU MARECHAL JOFFRE,44.8179,-0.62974
201500024258,27,2,15,8,1,33,281,2,3,1,3,RUE DE L'EMAILLERIE,44.8464,-0.63505
201500024259,27,2,15,14,1,33,63,2,2,1,3,CRS DE LA MARNE,44.8302,-0.56988
201500024260,28,2,15,11,1,33,63,2,3,2,3,AVE DES QUARANTE JOURNAU,44.8775,-0.56901
201500024261,1,3,15,2,5,33,119,2,3,3,6,RUE JULES GUESDE,44.85698,-0.53727
201500024262,1,3,15,7,5,33,281,2,1,2,6,"47, AVE DE LA FORET",44.857,-0.64667
201500024263,1,3,15,12,1,33,162,2,1,2,6,"40-42, AVE JEAN MERMOZ",44.8781,-0.65679
201500024264,2,3,15,4,4,33,281,2,3,3,3,AVE DE MAGUDAS,44.8587,-0.67288
201500024265,1,3,15,11,1,33,69,2,2,2,6,AVE VICTOR HUGO,44.8639,-0.59036
201500024266,2,3,15,19,5,33,63,2,2,1,1,RUE TANESSE,44.8319,-0.57727
201500024267,3,3,15,5,5,33,63,2,3,1,3,BD ALFRED DANEY,44.87161,-0.56244
201500024268,3,3,15,7,1,33,63,2,1,1,6,"9, RUE JEAN FLEURET",44.8365,-0.584
201500024269,4,3,15,10,1,33,63,2,2,1,3,CRS DU RACCORDEMENT,44.8646,-0.56377
201500024270,7,3,15,14,1,33,63,2,3,1,2,124 Q.SOUYS / R. J.DUPAS,44.8283,-0.54019
201500024271,5,3,15,14,1,33,162,2,1,1,5,D. 1215,44.8799,-0.66186
201500024272,8,3,15,11,1,33,63,2,3,1,2,"59, GALLIENI (CRS DU MAR",44.8239,-0.59178
201500024273,9,3,15,8,1,33,318,2,1,1,3,AVE ANTOINE BECQUEREL,44.7875,-0.64568
201500024274,9,3,15,15,1,33,63,2,2,1,3,RUE FRERE,44.8532,-0.57669
201500024275,9,3,15,17,1,33,522,2,3,1,3,RUE GEORGES BIZET/ALDONA,44.798,-0.58777
201500024276,10,3,15,13,1,33,69,2,3,1,3,AVE DE LA LIBERATION-CH.,44.8571,-0.59722
201500024277,11,3,15,7,1,33,522,2,2,1,3,RUE CHARLES GOUNOD,44.7969,-0.58567
201500024278,11,3,15,18,1,33,63,2,3,1,3,AV MAL DE LATTRE DE TASS,44.8589,-0.62799
201500024279,11,3,15,23,5,33,63,2,1,1,6,"40, CRS DU MEDOC",44.8576,-0.56603
201500024280,12,3,15,15,1,33,63,2,2,1,1,RUE MATHIEU,44.8289,-0.59141
201500024281,12,3,15,12,1,33,281,2,4,1,1,L'ALOUETTE/KAOLACK,44.8171,-0.66296
201500024282,12,3,15,19,5,33,63,2,1,1,2,"137, RUE DE PESSAC",44.8285,-0.58374
201500024283,13,3,15,12,1,33,119,2,1,1,3,"142, AVE RENE CASSAGNE",44.8539,-0.51665
201500024284,13,3,15,17,1,33,63,2,3,2,6,"114, RUE DE LA BECHADE",44.8233,-0.60052
201500024285,13,3,15,20,5,33,192,2,2,2,2,CRS DU GENERAL DE GAULLE,44.7785,-0.60988
201500024286,14,3,15,15,1,33,63,2,1,1,6,ALL ORLEANSST°QUINCONCES,44.8445,-0.57417
201500024287,15,3,15,2,5,33,192,2,2,1,6,RTE DE LEOGNAN,44.7578,-0.61356
201500024288,13,3,15,21,5,33,63,2,1,1,3,"45, PCE MARTYRS DE LA RE",44.8422,-0.58546
201500024289,15,3,15,13,1,33,162,2,2,1,3,AV HAILLAN/MARTIN PORC,44.8845,-0.66081
201500024290,15,3,15,19,5,33,281,2,2,1,1,AV MAGUDAS/R. CIGALES,44.857,-0.65767
201500024291,13,3,15,7,1,33,63,2,3,2,6,QUAI DES QUEYRIES,44.8439,-0.56426
201500024292,12,1,15,13,1,60,161,1,1,1,1,,43.64465,7.13452
201500024293,21,12,15,17,2,60,161,2,1,1,3,Avenue des maurettes,0.0,0.0
201500024294,6,3,15,8,1,60,161,2,1,7,1,711 avenue du loubet,0.0,0.0
201500024295,20,3,15,20,5,60,44,1,1,1,3,,0.0,0.0
201500024296,1,4,15,8,1,60,161,2,1,1,2,rd 6007,43.63702,7.13337
201500024297,4,4,15,0,3,60,161,1,1,1,7,,0.0,0.0
201500024298,30,5,15,16,1,60,161,2,1,1,6,RN7,0.0,0.0
201500024299,13,6,15,18,1,60,161,2,1,1,1,rd 6098,0.0,0.0
201500024300,16,6,15,17,1,60,161,2,1,1,3,d 6007,0.0,0.0
201500024301,18,6,15,13,1,60,161,1,1,1,6,,0.0,0.0
201500024302,24,6,15,16,1,60,161,2,1,1,1,RD 6098,0.0,0.0
201500024303,25,6,15,18,1,60,161,2,1,1,3,avenue de la mer,0.0,0.0
201500024304,1,7,15,10,1,60,161,2,1,1,6,134 av grange rimade,0.0,0.0
201500024305,16,7,15,11,1,60,161,2,1,1,3,RN 7 PK 29+500,0.0,0.0
201500024306,21,7,15,20,2,60,161,2,1,1,3,6098 pk 30 +050,0.0,0.0
201500024307,27,7,15,11,1,60,161,2,1,1,1,boulevard des groules,0.0,0.0
201500024308,28,8,15,10,1,60,161,2,1,1,6,rd 6007,0.0,0.0
201500024309,10,10,15,0,3,60,161,1,1,1,7,,0.0,0.0
201500024310,14,10,15,20,5,60,161,2,6,1,7,RD6007,0.0,0.0
201500024311,21,11,15,14,1,60,161,2,1,1,3,route du bord de mer,0.0,0.0
201500024312,28,11,15,19,3,60,161,2,1,1,3,RD 6007,0.0,0.0
201500024313,11,12,15,8,1,60,44,2,1,1,3,RD6 route de cagnes,0.0,0.0
201500024314,17,12,15,15,1,60,161,2,1,1,1,1 av docteur lefebvre,0.0,0.0
201500024315,24,4,15,16,1,34,3,2,1,1,3,"aucun, GRAND CAP (RUE)",43.29883,3.47762
201500024316,1,5,15,18,1,34,3,1,1,1,6,aucun SAINT-BAUZELY (C,43.31757,3.48199
201500024317,7,6,15,13,1,34,3,2,1,1,3,"aucun, DIGUE (C12 A C13",43.31689,3.46615
201500024318,9,6,15,17,1,34,3,2,4,1,3,"aucun, CHEVRETTE (P4 A P",43.29159,3.45183
201500024319,25,6,15,15,1,34,3,1,1,1,5,"aucun, RD612",43.29813,3.46828
201500024320,21,7,15,19,1,34,3,1,1,1,5,RD612,43.30407,3.45586
201500024321,14,7,15,19,1,34,3,2,1,1,6,"aucun, GEVAUDAN (PARKING",43.28454,3.50295
201500024322,28,7,15,5,5,34,3,2,1,1,7,ILE DES LOISIRS (EQUIPEM,43.27722,3.50396
201500024323,2,5,15,23,3,34,3,1,1,1,1,D 51 MARSEILLAN (ROUTE D,43.33188,3.48761
201500024324,1,8,15,1,5,34,3,2,1,1,7,"53, LITTORAL (S3 A W10",43.28068,3.46028
201500024325,8,8,15,23,3,34,3,1,9,2,3,RD612,43.29464,3.50431
201500024326,9,7,15,19,1,34,3,1,1,1,2,RD612,43.30481,3.45245
201500024327,25,9,15,12,1,34,3,2,1,1,3,"7, POUGET",43.30169,3.47409
201500024328,27,8,15,23,5,34,3,2,1,1,1,GOUVERNEUR (I18 A J19,43.28056,3.51936
201500024329,12,8,15,19,1,34,3,2,3,1,3,"aucun, DE GAULLE (E14 A",43.31182,3.47609
201500024330,1,10,15,18,1,34,3,2,2,1,3,BALMIGERE (RUE PAUL),43.3126,3.48205
201500024331,20,10,15,10,1,34,3,2,1,1,6,DIGUE (C12 A C13,43.31691,3.46639
201500024332,13,11,15,14,1,34,3,2,7,1,3,SETE ( ROUTE),43.30646,3.49309
201500024333,15,11,15,6,2,34,3,1,1,1,7,RD612,43.30667,3.50821
201500024334,16,12,15,17,5,34,3,2,9,1,3,"IGNORE, SETE ( ROUTE)",43.3108,3.48079
201500024335,17,1,15,13,1,34,3,2,1,1,3,GRAND CAP (RUE),43.2979,3.47319
201500024336,22,1,15,11,1,34,3,1,1,1,1,"aucun, RD612",43.30549,3.44895
201500024337,28,1,15,9,1,34,3,2,1,1,6,"15, MONTEE DE JOLY (C17",43.31701,3.47787
201500024338,14,1,15,0,3,34,32,1,1,1,7,NARBONNE ( ROUTE DE),43.2528,3.19057
201500024339,18,3,15,9,1,34,32,2,1,2,7,101 MOULIN JEAN (AV,43.34916,3.22472
201500024340,13,1,15,14,1,34,32,2,1,1,7,FABRE (AV.DU DOCTEUR JEA,43.35434,3.2279
201500024341,19,3,15,18,1,34,32,1,1,1,5,ROUTE DEPARTEMENTALE 61,43.36555,3.225
201500024342,17,1,15,17,1,34,32,2,3,9,3,"14, COMTE AUGUSTE (RUE)",43.34171,3.22314
201500024343,4,4,15,16,1,34,32,2,6,1,7,LEGION D'HONNEUR (ROND P,43.34,3.21874
201500024344,1,2,15,18,1,34,32,2,6,9,1,"NR, DEVEZE (RUE DE LA)",43.3319,3.24836
201500024345,10,4,15,9,1,34,32,1,1,1,7,JUIN MARECHAL (RUE DU,43.3465,3.23905
201500024346,15,4,15,18,1,34,32,2,1,1,3,65 22 AOUT 1944 (AVENUE,43.3437,3.22199
201500024347,24,2,15,8,1,34,32,2,2,1,5,"33, CLAPAREDE EMILE (AVE",43.34398,3.22841
201500024348,24,2,15,11,1,34,32,2,1,9,7,"NR, RIQUET PIERRE PAUL (",43.34303,3.2121
201500024349,28,4,15,6,3,34,32,2,1,1,1,40 TER PIERRE PERE (RUE,43.35611,3.21916
201500024350,30,4,15,14,1,34,32,2,1,7,3,"0, ERIGNAC CLAUDE (AV)",43.36324,3.21647
201500024351,2,5,15,20,1,34,32,1,1,1,6,"39, STRASBOURG (BD DE)",43.3473,3.21833
201500024352,6,5,15,7,1,34,32,2,3,1,6,"30, CORNEILHAN (ROUTE DE",43.3527,3.21608
201500024353,10,5,15,20,2,34,32,1,1,1,3,"9022, NARBONNE (ROUTE DE",43.33743,3.20378
201500024354,7,5,15,12,1,34,32,2,1,1,1,"46, ANGLETERRE (BD D')",43.34694,3.21194
201500024355,9,5,15,13,1,34,32,1,1,1,7,"13, PARADISIERS (RUE DES",43.34778,3.21
201500024356,17,5,15,17,1,34,32,2,1,1,6,"18, CES JEAN (RUE)",43.33305,3.25577
201500024357,31,5,15,3,5,34,32,2,9,1,6,"10, ORNANO COLONEL D' (A",43.33895,3.21027
201500024358,19,4,15,15,1,34,32,1,1,1,5,ROUTE DE CAPESTANG (RD.1,43.33493,3.16961
201500024359,23,6,15,8,1,34,32,1,2,1,3,ROUTE DEPARTEMENTALE  61,43.34624,3.16621
201500024360,16,6,15,9,1,34,32,2,6,1,6,"10, FABRE (AV.DU DOCTEUR",43.35396,3.22642
201500024361,11,7,15,10,1,34,32,1,6,1,3,"638, SERIGNAN (ROUTE DE)",43.32978,3.2162
201500024362,31,7,15,19,1,34,32,2,1,1,4,ORNANO COLONEL D' (AV),43.33718,3.21354
201500024363,8,8,15,22,5,34,32,2,1,2,1,"23, ROUTE DE BEDARIEUX (",43.35702,3.22208
201500024364,24,8,15,10,1,34,32,2,3,1,1,"185, MOULIN JEAN (AV)",43.35409,3.2355
201500024365,1,9,15,17,1,34,32,2,1,1,7,VERDUN (BD DE),43.33665,3.21915
201500024366,6,9,15,4,2,34,32,1,1,1,7,ROUTE DEPARTEMENTALE 612,43.34271,3.26196
201500024367,14,9,15,14,1,34,32,2,9,1,6,"0, SIX NATIONS (ROND POI",43.3338,3.25043
201500024368,17,9,15,7,2,34,32,1,1,8,7,PEZENAS (ROUTE DE),43.37827,3.29815
201500024369,25,9,15,15,1,34,32,2,1,1,2,ROUTE DEPARTEMENTALE  61,43.33988,3.27014
201500024370,25,9,15,8,1,34,32,2,1,1,7,"51, LIBERTE (BD DE LA)",43.34002,3.22345
201500024371,8,10,15,17,1,34,32,1,1,1,6,RD.14,43.30832,3.1874
201500024372,21,9,15,16,1,34,32,1,1,1,1,"62, MOULIN JEAN (AV)",43.353,3.23321
201500024373,16,10,15,16,1,34,32,2,1,1,2,VOIE DOMITIENNE (AV D,43.34703,3.24402
201500024374,22,10,15,13,1,34,32,2,2,1,3,"0, VIALA JOSEPH AGRICOL",43.35283,3.21214