Num_Acc,jour,mois,an,hr,condition_eclairage,departement,commune,condition_agglomeration,intersection,condition_atmosphere,type_collision,adresse,lattitude,longitude
201500024375,27,10,15,19,2,34,32,2,2,1,3,"0, FABRE (AV.DU DOCTEUR",43.35457,3.22962
201500024376,26,9,15,17,1,34,32,1,1,1,6,REPUBLIQUE (RUE DE LA),43.34412,3.21314
201500024377,10,10,15,19,1,34,32,2,2,1,3,"NR, MOULIN JEAN (AV)",43.34933,3.2252
201500024378,19,10,15,21,3,34,32,1,1,1,1,ROUTE DEPARTEMENTALE  61,43.36226,3.24326
201500024379,24,10,15,16,1,34,32,1,1,1,1,RD.64,43.31353,3.20626
201500024380,1,12,15,16,1,34,32,1,1,1,3,ROUTE DE BEDARIEUX (RD.9,43.38209,3.22333
201500024381,3,12,15,14,1,34,32,2,1,1,6,"87, WILSON PRESIDENT (AV",43.336,3.2262
201500024382,9,12,15,7,1,34,32,1,1,1,2,PEZENAS (ROUTE DE),43.3659,3.26589
201500024383,17,12,15,5,3,34,336,1,1,1,2,R.D 612,43.3325,3.28581
201500024384,18,12,15,10,1,34,32,2,1,1,7,"85, CLEMENCEAU GEORGES (",43.34836,3.22
201500024385,19,12,15,6,5,34,32,2,1,1,7,"0, TAMARIS (AV. DES)",43.34033,3.24735
201500024386,26,12,15,10,1,34,32,2,1,1,6,"0, PERREAL ERNEST (BD)",43.34447,3.22983
201500024387,1,1,15,2,3,34,129,1,1,1,1,PALAVAS D986 (ROUTE DE),43.5756,3.89704
201500024388,16,3,15,9,1,34,172,2,1,8,2,"574 BIS, VILLENEUVE-ANGO",43.5961,3.86851
201500024389,17,3,15,19,5,34,172,2,1,1,2,"30, SABATIER D'ESPEYRAN",43.6243,3.86271
201500024390,5,1,15,9,1,34,172,2,1,1,6,"6, GRAND SAINT JEAN RUE",43.60519,3.87552
201500024391,26,3,15,8,1,34,172,2,6,1,3,CHAR (ROND POINT RENE),43.6247,3.82676
201500024392,6,1,15,12,1,34,172,2,1,1,2,"64, CASTELNAU (AVENUE DE",43.62359,3.88633
201500024393,7,1,15,21,5,34,172,2,1,1,5,"1262, SOULAS  AVENUE DU",43.62293,3.85445
201500024394,8,1,15,13,1,34,172,1,9,1,6,"SANS, GENNEVAUX (ROND-PO",43.5932,3.82111
201500024395,27,3,15,16,1,34,198,1,1,1,6,"sans, D21 ROUTE DE CARN",43.57949,3.93237
201500024396,27,3,15,19,5,34,172,2,1,1,6,"SANS, LIBERTE (AVENUE DE",43.6099,3.83619
201500024397,10,1,15,19,5,34,172,2,1,1,6,RAVAZ  AVENUE DU PROFESS,43.6219,3.84649
201500024398,14,1,15,8,1,34,172,2,1,1,7,RAVAZ (AVENUE DU PROF,43.62032,3.85004
201500024399,29,3,15,0,3,34,129,1,1,1,7,"SANS, PALAVAS D986 (ROUT",43.54958,3.89388
201500024400,2,4,15,18,1,34,172,2,1,1,3,"1580, SOULAS (AVENUE DU",43.6247,3.85182
201500024401,15,1,15,16,1,34,172,2,9,1,6,ZAMENHOF (RUE LEJZER,43.61685,3.82586
201500024402,8,4,15,17,1,34,172,2,1,1,6,SANS FONT FROIDE (RUE D,43.6457,3.84398
201500024403,15,1,15,17,1,34,172,2,1,8,6,"289, DEZEUZE (RUE FRANCO",43.60859,3.84744
201500024404,15,1,15,19,3,34,172,2,1,1,3,PENELOPE (BOULEVARD),43.6023,3.91676
201500024405,8,4,15,21,5,34,172,2,1,1,2,VIEUSSENS (BOULEVARD,43.6,3.87669
201500024406,17,1,15,9,1,34,129,2,9,1,3,PAGNOL (AVENUE MARCEL),43.58378,3.93368
201500024407,9,4,15,8,1,34,172,2,1,1,3,"157, MONTELS-EGLISE RUE",43.5801,3.87991
201500024408,20,1,15,10,1,34,172,2,2,1,3,"0, AEROPORT INTERNATIONA",43.6092,3.89439
201500024409,9,4,15,18,1,34,172,2,1,1,6,GARRATS (AVENUE DES),43.6137,3.83906
201500024410,9,4,15,20,1,34,172,2,1,1,6,LODEVE (ROUTE DE,43.6154,3.82021
201500024411,30,1,15,11,1,34,172,2,9,1,6,COMEDIE (TUNNEL DE LA,43.60858,3.87985
201500024412,10,4,15,13,1,34,172,2,1,1,3,2300 MOULINS (AVENUE DE,43.6211,3.8341
201500024413,1,2,15,1,5,34,129,2,1,1,1,MONTELS L' EGLISE (RU,43.57921,3.8788
201500024414,1,2,15,14,1,34,172,2,2,1,3,RUE DES GENETS,43.6082,3.84734
201500024415,12,4,15,23,3,34,172,1,1,1,2,"SANS, RN109 RN113",43.6098,3.8223
201500024416,13,4,15,17,1,34,172,2,1,1,2,"SANS, EINSTEIN (AVENUE A",43.6066,3.90472
201500024417,2,2,15,9,1,34,172,2,1,1,5,"SANS, LIBERTE (AVENUE DE",43.6114,3.8287
201500024418,2,2,15,13,1,34,172,2,2,1,4,PAVELET (AVENUE DU COLON,43.5797,3.86913
201500024419,14,4,15,15,1,34,172,2,1,1,3,109 LODEVE (AVENUE DE,43.6103,3.8552
201500024420,16,4,15,5,5,34,172,2,2,1,3,"SANS, SAINT LAZARE (AVEN",43.625,3.88805
201500024421,2,2,15,14,1,34,172,2,3,1,3,BARCELONE (AVENUE DE),43.6259,3.81756
201500024422,17,4,15,19,1,34,172,2,1,1,2,2 STRASBOURG (BOULEVARD,43.603,3.88065
201500024423,4,2,15,11,1,34,198,2,2,8,6,D21  ROUTE DE CARNON,43.58281,3.92525
201500024424,19,4,15,19,1,34,172,1,1,2,7,SANS GANGES (ROUTE DE,43.6438,3.84419
201500024425,11,2,15,8,1,34,129,2,9,1,6,MASSILIA (AVENUE DE),43.56286,3.89849
201500024426,11,2,15,18,5,34,172,2,1,1,3,"8, FLAHAULT (AVENUE CHAR",43.62,3.86527
201500024427,20,4,15,15,1,34,172,2,1,1,3,SANS ERNEST HEMINGWAY (,43.6367,3.83154
201500024428,21,4,15,11,1,34,172,2,1,1,6,SANS GRAND SAINT JEAN (,43.6041,3.87863
201500024429,16,2,15,23,5,34,172,2,1,1,3,"262, RIMBAUD (RUE PAUL)",43.6189,3.84722
201500024430,18,2,15,13,1,34,172,2,1,1,6,"29, GAMBETTA (COURS)",43.6072,3.87077
201500024431,25,4,15,22,4,34,129,1,1,1,6,CARNON (ROUTE DE  D21,43.58854,3.91363
201500024432,9,5,15,11,1,34,172,2,1,1,1,"SANS, LIBERTE (AVENUE DE",43.6022,3.867
201500024433,18,2,15,14,1,34,172,2,1,1,3,"SANS, TOULOUSE (AVENUE D",43.5974,3.86421
201500024434,10,5,15,20,1,34,172,1,3,1,1,SOULAS (AVENUE DU PERE,43.6287,3.84555
201500024435,19,2,15,17,1,34,172,2,1,1,6,"sans, DUBOUT (AVENUE ALB",43.597,3.88273
201500024436,23,2,15,15,1,34,172,2,1,1,6,"13, GAMBETTA (COURS)",43.6058,3.8734
201500024437,11,5,15,8,1,34,198,1,2,1,3,D172,43.57699,3.93303
201500024438,23,2,15,22,5,34,172,2,1,1,7,"SANS, MONDIAL 98 (AVENUE",43.6075,3.91338
201500024439,13,5,15,16,1,34,172,2,1,1,6,AEROPORT INTERNATI,43.6089,3.89255
201500024440,16,5,15,13,1,34,172,2,1,1,2,"78, CHAMPLAIN (AVENUE SA",43.6071,3.88937
201500024441,24,2,15,8,1,34,172,2,1,1,7,"0, STRASBOURG (BOULEVARD",43.6036,3.88915
201500024442,15,5,15,15,1,34,172,2,1,1,3,"6, MICHEL (RUE ERNEST)",43.602,3.87405
201500024443,24,2,15,9,1,34,172,2,1,1,5,"6, ORIENT (BOULEVARD D')",43.603,3.88728
201500024444,14,5,15,9,1,34,172,2,3,1,3,"1, CANTON (RUE)",43.6176,3.88172
201500024445,24,2,15,19,5,34,172,2,1,1,6,BECQUEREL (RUE HENRI),43.6144,3.91469
201500024446,19,5,15,23,5,34,172,2,1,1,6,EUROPE (AVENUE DE L'),43.6185,3.81824
201500024447,25,2,15,19,5,34,172,2,1,1,3,"690, VIEILLE POSTE (RUE",43.6136,3.90527
201500024448,27,2,15,17,1,34,172,2,1,1,3,"329, BLUM (RUE LEON)",43.6074,3.8905
201500024449,21,5,15,7,1,34,172,2,1,1,3,LIBERTE (AVENUE DE LA),43.6118,3.82589
201500024450,22,5,15,11,1,34,172,2,1,1,6,"AUCUN, VANIERES (AVENUE",43.5966,3.84503
201500024451,4,3,15,10,1,34,172,2,9,2,3,"SANS, DUBOUT (AVENUE ALB",43.597,3.87777
201500024452,22,5,15,23,5,34,172,2,1,1,6,"SANS, CHOLET (RUE DE)",43.5835,3.86618
201500024453,6,3,15,7,1,34,172,2,2,1,3,MONTELS (RUE ABBE MARCEL,43.6142,3.87417
201500024454,26,5,15,16,1,34,172,2,1,1,3,"SANS, LAVERUNE (ROUTE DE",43.601,3.8502
201500024455,6,3,15,9,1,34,172,2,1,1,6,ALCO (ROND POINT D'),43.6248,3.83605
201500024456,6,3,15,9,1,34,172,2,3,1,3,LODEVE (ROUTE DE),43.6147,3.82775
201500024457,26,5,15,16,1,34,172,2,1,1,6,"7, GAMBETTA (COURS)",43.6054,3.87422
201500024458,6,3,15,11,1,34,172,2,1,1,1,GARRATS (AVENUE DES),43.6131,3.83894
201500024459,26,5,15,19,1,34,172,2,2,1,3,DUBOUT (AVENUE ALBERT),43.597,3.87777
201500024460,6,3,15,23,5,34,172,2,1,1,1,"SANS, ORIENT (BOULEVARD",43.6019,3.88506
201500024461,27,5,15,7,1,34,172,2,9,1,6,"20, SPORTS (BOULEVARD DE",43.6188,3.89269
201500024462,27,5,15,12,1,34,172,2,3,1,1,"SANS, SORBES (RUE DE LAS",43.6167,3.8603
201500024463,9,3,15,10,1,34,172,2,2,1,7,"0, BRINGUIER (AVENUE PAU",43.6162,3.84107
201500024464,27,5,15,15,1,34,172,2,2,1,3,"., BERTHELOT (BOULEVARD)",43.5997,3.87515
201500024465,9,3,15,16,1,34,172,2,1,1,3,"0, MOULARES (CHEMIN DE",43.6002,3.89452
201500024466,27,5,15,15,1,34,172,2,2,1,3,RENAN (BOULEVARD ERNEST),43.6171,3.88955
201500024467,9,3,15,17,1,34,172,2,1,1,6,"SANS, GANGES (ROUTE DE",43.6428,3.84529
201500024468,9,3,15,18,2,34,172,2,9,1,3,"SANS, SAINT LAZARE (AVEN",43.6248,3.88916
201500024469,28,5,15,8,1,34,172,2,1,1,3,"1577, EINSTEIN (AVENUE A",43.6108,3.91609
201500024470,28,5,15,18,1,34,172,1,1,1,1,JOUHAUX (AVENUE LEON),43.5945,3.82034
201500024471,10,3,15,8,1,34,172,2,9,1,3,"SANS, GOSSEC (RUE FRANCO",43.5752,3.85676
201500024472,29,5,15,14,1,34,172,2,2,1,7,RENOUVIER (BOULEVARD),43.6036,3.86777
201500024473,11,3,15,13,1,34,172,2,9,1,3,RENE (RUE HENRI),43.6048,3.88246
201500024474,30,5,15,15,1,34,172,2,2,1,6,"0, AVENUE DE BARCELONE",43.6201,3.81752
201500024475,13,3,15,16,1,34,172,2,6,1,7,"40, MENDE (ROUTE DE)",43.6229,3.8725
201500024476,1,6,15,8,1,34,172,2,1,1,3,"2220, SOULAS  AVENUE DU",43.6285,3.84579
201500024477,14,3,15,14,2,34,172,2,1,8,6,"139, LODEVE (AVENUE DE",43.6148,3.83088
201500024478,2,6,15,9,1,34,172,2,2,1,6,"SANS, CASTELLE (RUE DE L",43.5814,3.86921
201500024479,2,6,15,18,1,34,172,2,1,1,3,BATAILLON (PLACE EUGENE),43.6325,3.86031
201500024480,3,6,15,7,1,34,172,2,1,1,1,"4, LODEVE (ROUTE DE)",43.6148,3.83033
201500024481,3,6,15,11,1,34,172,2,1,1,3,"1369, CASTELLE (RUE DE L",43.5814,3.86921
201500024482,4,6,15,16,1,34,172,2,1,1,7,SOULAS (AVENUE DU PERE,43.6297,3.84369
201500024483,6,6,15,16,1,34,172,2,1,1,7,"SANS, AURIOL (AVENUE VIN",43.6453,3.85281
201500024484,7,6,15,18,1,34,172,2,1,1,2,"36, GANGES (ROUTE DE",43.6278,3.85822
201500024485,8,6,15,7,1,34,172,2,1,1,3,"SANS, JASSE DE MAURIN (R",43.5774,3.86227
201500024486,8,6,15,15,1,34,172,1,3,1,3,PONT DE LAVERUNE (RUE DU,43.6073,3.83829
201500024487,8,6,15,16,1,34,172,2,1,1,6,"601, SOULAS (AVENUE DU P",43.6195,3.86084
201500024488,8,6,15,15,1,34,172,2,2,1,3,PERRUQUE  BOULEVARD DE L,43.597,3.87777
201500024489,9,6,15,7,1,34,172,2,1,1,6,"SANS, APOTHICAIRES (AVEN",43.6426,3.83583
201500024490,12,6,15,19,1,34,172,2,2,8,3,RUE DE LA PISCINE,43.6109,3.83336
201500024491,13,6,15,21,2,34,172,2,2,1,3,SAINT LOUIS (RUE),43.6108,3.86668
201500024492,18,6,15,13,1,34,172,2,1,1,3,"276, MONTELS-EGLISE (RUE",43.576,3.87103
201500024493,19,6,15,15,1,34,172,2,1,1,3,"SANS, GOSSEC (RUE FRANCO",43.5751,3.86074
201500024494,19,6,15,14,1,34,172,1,1,1,2,"SANS, GANGES (ROUTE DE",43.6403,3.84751
201500024495,22,6,15,9,1,34,172,1,1,1,7,MAS D'ASTRE (ROND-POINT,43.5748,3.86063
201500024496,23,6,15,7,1,34,129,2,3,1,3,EUROPE (AVENUE DE L'),43.57165,3.9057
201500024497,23,6,15,20,1,34,172,2,1,1,6,"2594, EUROPE (AVENUE DE",43.6414,3.8205
201500024498,25,6,15,20,2,34,172,2,1,1,7,"SANS, RECAMBALE (AVENUE",43.6116,3.83887
201500024499,27,6,15,10,1,34,198,2,1,1,3,"566, SAINT VINCENT (CHEM",43.55805,3.94044
201500024500,26,6,15,18,1,34,172,2,1,1,6,"1, PORT SARRAZIN (RUE DU",43.5982,3.86294
201500024501,29,6,15,15,1,34,172,2,2,1,1,"0, MICHELET (RUE)",43.6077,3.88465
201500024502,29,6,15,19,1,34,172,2,2,1,3,"0, SAINT LAZARE (AVENUE",43.6248,3.88916
201500024503,1,7,15,12,1,34,172,2,1,1,6,"2, GRAND SAINT JEAN (RUE",43.6055,3.87495
201500024504,1,7,15,16,1,34,172,2,1,1,4,"SANS, FABRE DE MORLHON (",43.5904,3.88182
201500024505,1,7,15,18,1,34,172,2,1,1,6,"SANS, ROC DE PEZENAS (RU",43.6029,3.85519
201500024506,2,7,15,14,1,34,172,2,1,1,1,EL ALAMEIN (AVENUE D'),43.5778,3.87258
201500024507,3,7,15,1,5,34,172,2,1,1,2,"1630, SOULAS (AVENUE DU",43.6249,3.85118
201500024508,6,7,15,8,1,34,172,2,3,1,1,"0, ROQUETURIERE (RUE DE",43.631,3.88512
201500024509,6,7,15,20,2,34,172,2,9,1,1,NIMES (AVENUE DE),43.6235,3.89227
201500024510,7,7,15,16,1,34,172,2,1,1,6,"SANS, RENE (RUE HENRI)",43.6035,3.88251
201500024511,7,7,15,18,1,34,172,2,2,1,3,"SANS, CHASLES (RUE MICHE",43.6142,3.90664
201500024512,8,7,15,12,1,34,172,2,1,1,1,"SANS, LAVERUNE (ROUTE DE",43.601,3.8502
201500024513,10,7,15,1,5,34,172,2,1,1,7,"SANS, GRAND MAIL (LE)",43.6252,3.81652
201500024514,9,7,15,20,1,34,172,2,9,1,3,"37, FIGAIRASSE (RUE DE L",43.6051,3.85492
201500024515,12,7,15,7,1,34,172,2,1,1,7,FABRE DE MORLHON (BOULEV,43.5933,3.87772
201500024516,13,7,15,6,1,34,172,1,1,1,7,"1348, RAYMOND DUGRAND (A",43.5937,3.90612
201500024517,14,7,15,20,1,34,172,2,2,1,3,"SANS, LAVERUNE (ROUTE DE",43.6042,3.8583
201500024518,15,7,15,21,1,34,172,2,6,1,3,"SANS, MOULINS (AVENUE DE",43.6256,3.83689
201500024519,10,7,15,20,1,34,172,2,4,1,7,"0, JEU DE MAIL DES ABBES",43.6219,3.88298
201500024520,17,7,15,12,1,34,172,2,9,1,6,"30, BERTHELOT (BOULEVARD",43.5998,3.8756
201500024521,20,7,15,3,5,34,172,2,1,1,3,GANGES (ROUTE DE,43.6278,3.85822
201500024522,20,7,15,19,1,34,172,2,1,1,6,"85, PONT JUVENAL (AVENUE",43.6055,3.89207
201500024523,22,7,15,22,4,34,172,2,1,1,2,POMPIGNANE (AVENUE DE LA,43.6145,3.89805
201500024524,22,7,15,23,3,34,198,1,1,1,6,D66  VOIE RAPIDE,43.55506,3.96665
201500024525,23,7,15,7,1,34,172,2,1,1,6,VANIERES (AVENUE DE),43.5973,3.84362
201500024526,26,7,15,23,4,34,172,2,1,1,3,CARRIEU (RUE MARIUS),43.6181,3.84385
201500024527,27,7,15,9,1,34,172,2,1,1,5,"SANS, LIBERTE (AVENUE DE",43.609,3.85479
201500024528,30,7,15,9,1,34,172,2,1,1,7,"27, LOGE (RUE DE LA)",43.6091,3.87886
201500024529,31,7,15,22,4,34,172,2,1,3,1,EUROPE (AVENUE DE L'),43.6222,3.81924
201500024530,1,8,15,5,1,34,172,2,1,1,7,"20, MERMOZ (AVENUE JEAN)",43.6137,3.88493
201500024531,2,8,15,17,1,34,198,1,1,1,3,D21E,43.54983,3.96881
201500024532,5,8,15,17,1,34,172,2,2,1,6,"354, RIMBAUD (RUE PAUL)",43.6187,3.84617
201500024533,7,8,15,14,1,34,172,2,1,1,2,LIBERTE (AVENUE DE LA,43.6025,3.86671
201500024534,7,8,15,18,1,34,172,2,1,1,6,"23, LAURENS (QUAI)",43.6044,3.88934
201500024535,9,8,15,23,5,34,172,2,1,1,6,MERMOZ (AVENUE JEAN,43.6122,3.88942
201500024536,10,8,15,10,1,34,172,2,1,1,6,"110, LAVANDIN (RUE DU)",43.6006,3.85099
201500024537,10,8,15,22,3,34,129,2,1,1,2,"SANS, PALAVAS D986 (ROUT",43.56442,3.89449
201500024538,11,8,15,13,1,34,172,2,1,1,6,"0, MADELEINE (RUE DE LA)",43.5802,3.85789
201500024539,11,8,15,21,5,34,172,2,1,1,1,LIBERTE (AVENUE DE LA,43.6087,3.84649
201500024540,14,8,15,22,5,34,172,2,1,1,1,"27, GAMBETTA (COURS)",43.6065,3.8721
201500024541,15,8,15,20,1,34,172,2,2,1,3,"732, PAS DU LOUP (RUE DU",43.5957,3.84449
201500024542,17,8,15,15,1,34,172,2,1,1,2,"52, FLAHAULT (AVENUE CHA",43.6249,3.86134
201500024543,18,8,15,22,5,34,172,2,9,1,3,LODEVE (AVENUE DE),43.6137,3.83907
201500024544,20,8,15,2,5,34,172,2,1,1,6,AV PABLO NERUDA,43.6202,3.82237
201500024545,20,8,15,5,3,34,129,2,1,1,6,"sans, D116",43.55908,3.86528
201500024546,20,8,15,18,1,34,172,2,3,1,3,TOULOUSE (AVENUE DE,43.5936,3.86
201500024547,20,8,15,23,5,34,172,2,1,1,7,ROUGET DE LISLE (RUE),43.5956,3.83687
201500024548,21,8,15,20,1,34,172,2,1,1,7,"0, GARRATS (AVENUE DES)",43.6124,3.83882
201500024549,23,8,15,15,1,34,172,2,1,3,7,"SANS, DOMITIENNE (VOIE)",43.6212,3.85846
201500024550,24,8,15,20,2,34,172,2,1,1,2,"135, LODEVE (AVENUE DE",43.6146,3.83564
201500024551,25,8,15,10,1,34,172,2,3,1,3,"5, PELLICIER (RUE GUILLA",43.6085,3.867
201500024552,25,8,15,12,1,34,172,2,2,1,4,LODEVE (AVENUE DE,43.6104,3.85626
201500024553,29,8,15,23,5,34,172,2,1,1,6,MONSIEUR TESTE (AVENUE D,43.611,3.82996
201500024554,31,8,15,12,1,34,172,2,1,1,3,TRIOLET (RUE DU),43.625,3.86231
201500024555,1,9,15,13,1,34,172,2,1,1,6,RUE DU PROFESSEUR BLAYAC,43.6258,3.82461
201500024556,4,9,15,21,5,34,172,2,1,1,2,AV ALBERT DUBOUT,43.6018,3.89168
201500024557,5,9,15,13,1,34,172,1,1,1,2,"SANS, BLAYAC (RUE DU PRO",43.6247,3.82676
201500024558,5,9,15,20,2,34,172,2,9,1,3,"644, PIREE (AVENUE DU)",43.605,3.89649
201500024559,7,9,15,6,5,34,172,2,1,1,1,"SANS, LIBERTE (AVENUE DE",43.5986,3.87283
201500024560,9,9,15,7,1,34,172,2,3,1,3,FLAHAULT (AVENUE CHARLES,43.6256,3.86079
201500024561,11,9,15,17,1,34,172,2,1,1,6,"2, FORGUE (RUE DU PROFES",43.6096,3.85314
201500024562,12,9,15,0,3,34,129,1,1,1,6,PALAVAS D986 (ROUTE DE),43.58142,3.89811
201500024563,11,9,15,23,5,34,172,2,3,1,3,HEIDELBERG (AVENUE DE),43.6225,3.81336
201500024564,18,9,15,16,1,34,172,2,1,1,6,"435, DEZEUZE  RUE FRANCO",43.6086,3.846
201500024565,19,9,15,13,1,34,172,2,3,1,2,MOULINS (AVENUE DES,43.6368,3.84489
201500024566,19,9,15,21,5,34,172,2,3,1,5,LODEVE (AVENUE DE,43.6154,3.81811
201500024567,20,9,15,1,5,34,172,2,2,1,1,DUBOUT (AVENUE ALBERT),43.597,3.88047
201500024568,25,9,15,8,1,34,172,2,2,1,3,MUSCADET (RUE DU),43.6273,3.84736
201500024569,25,9,15,7,1,34,172,2,1,1,3,PAVELET,43.5897,3.85677
201500024570,25,9,15,21,5,34,172,2,1,1,7,"104, TOULOUSE (AVENUE DE",43.5938,3.86245
201500024571,23,9,15,7,1,34,172,2,1,1,2,"0, COMEDIE (TUNNEL DE LA",43.6082,3.87948
201500024572,29,9,15,17,1,34,172,2,1,1,2,LIBERTE (AVENUE DE LA,43.5981,3.87383
201500024573,30,9,15,9,1,34,172,2,1,1,1,"467, ROQUETURIERE (RUE D",43.6301,3.88575
201500024574,1,10,15,10,1,34,172,2,1,1,1,"573, MARES (AVENUE HENRI",43.62,3.85115
201500024575,1,10,15,15,1,34,172,2,2,1,3,SAINT LAZARE (AVENUE DE),43.6248,3.88916
201500024576,9,10,15,7,2,34,172,2,2,1,3,CASTELLE (RUE DE LA,43.5814,3.86921
201500024577,1,10,15,23,5,34,172,2,3,1,3,"sans, SABATIER D'ESPEYRA",43.62442,3.86272
201500024578,1,10,15,20,5,34,172,2,2,1,6,LODEVE (ROUTE DE),43.615,3.82592
201500024579,3,10,15,22,5,34,172,2,1,1,3,8 MAI 1945 (PLACE DU),43.6009,3.86804
201500024580,4,10,15,3,5,34,172,2,6,1,7,"SANS, BLAYAC (RUE DU PRO",43.6251,3.82616
201500024581,7,10,15,20,5,34,172,2,2,1,7,AV ALBERT DUBOUT,43.597,3.88047
201500024582,9,10,15,7,1,34,172,2,2,1,1,TOULOUSE (AVENUE DE,43.5974,3.86421
201500024583,9,10,15,11,1,34,172,2,2,1,3,VENDEMIAIRE (RUE),43.6026,3.89884
201500024584,10,10,15,18,2,34,129,2,1,1,7,"sans, MONTPELLIERET DITE",43.56781,3.90092
201500024585,11,10,15,18,2,34,172,1,1,1,7,FLANDRES-DUNKERQUE (PLAC,43.5902,3.85575
201500024586,12,10,15,7,1,34,172,2,1,2,3,"22, MARES (AVENUE HENRI)",43.6203,3.85528
201500024587,13,10,15,19,3,34,198,1,1,2,4,D66  VOIE RAPIDE,43.55517,3.96656
201500024588,14,10,15,9,1,34,172,2,1,1,6,"5, FRANCE (RUE ANATOLE)",43.6052,3.87568
201500024589,15,10,15,10,1,34,172,2,1,1,6,ROQUETURIERE (RUE DE LA),43.6284,3.88752
201500024590,16,10,15,18,1,34,172,2,1,1,6,SEIGNEURS QUATRE,43.6407,3.85746
201500024591,17,10,15,19,5,34,172,2,1,1,3,"9 BIS, FLAHAULT (AVENUE",43.6199,3.86533
201500024592,21,10,15,7,5,34,172,2,9,1,1,LODEVE (ROUTE DE),43.6156,3.81905
201500024593,21,10,15,11,1,34,172,2,2,1,3,JUSTICE DE CASTELNAU (AV,43.6268,3.88956
201500024594,21,10,15,19,5,34,172,2,1,1,6,"5, FOCH (RUE)",43.611,3.87367
201500024595,22,10,15,16,1,34,172,2,1,1,2,AEROPORT INTERNATIONAL (,43.6089,3.89544
201500024596,23,10,15,19,5,34,172,2,1,1,6,"3, PAGEZY (RUE)",43.6047,3.87901
201500024597,25,10,15,5,4,34,172,2,1,1,6,"., RAYMOND DUGRAND (AVE",43.5931,3.90644
201500024598,29,10,15,14,1,34,172,2,1,1,3,"SANS, PONT JUVENAL (AVEN",43.6062,3.89513
201500024599,1,11,15,0,5,34,172,2,3,1,3,TOULOUSE (AVENUE DE,43.5953,3.86193
201500024600,2,11,15,5,4,34,172,1,1,1,6,RAYMOND DUGRAND (AVENUE),43.5937,3.90613
201500024601,4,11,15,14,1,34,172,2,1,1,2,"., LIBERTE (AVENUE DE LA",43.6098,3.83658
201500024602,4,11,15,16,1,34,172,2,1,8,1,"., BERARD (RUE AUGUSTE)",43.6268,3.83973
201500024603,4,11,15,18,5,34,172,2,1,2,6,"27, CRAPONNE (RUE ADAM D",43.6058,3.86713
201500024604,4,11,15,19,1,34,172,1,1,1,2,"1141, TOULOUSE (AVENUE D",43.593,3.85943
201500024605,4,11,15,18,2,34,172,2,1,2,3,CASTELNAU JUSTICE DE,43.629,3.89562
201500024606,5,11,15,15,1,34,172,2,1,1,7,NIMES (AVENUE DE,43.6194,3.88796
201500024607,5,11,15,18,2,34,172,1,1,1,1,LIBERTE (AVENUE DE LA,43.6099,3.83647
201500024608,5,11,15,19,5,34,172,2,3,1,3,FLAHAULT (AVENUE CHARLES,43.6199,3.86533
201500024609,6,11,15,8,1,34,172,2,1,1,5,"., MERMOZ (AVENUE JEAN)",43.6102,3.89144
201500024610,6,11,15,21,4,34,129,2,1,1,1,"sans, CARNON (ROUTE DE",43.58836,3.91429
201500024611,6,11,15,14,1,34,172,2,9,1,2,SOULAS (AVENUE DU PERE,43.6309,3.84264
201500024612,5,11,15,17,1,34,172,2,1,1,6,"39, FLAHAULT (AVENUE CHA",43.628,3.85805
201500024613,6,11,15,18,2,34,172,2,1,1,4,MENDES FRANCE (AVENUE PR,43.6098,3.90248
201500024614,8,11,15,12,1,34,172,2,2,1,3,GIMEL (AVENUE DE),43.6375,3.82255
201500024615,10,11,15,18,2,34,172,2,1,1,6,"186, BRASSENS (RUE GEORG",43.5946,3.86389
201500024616,11,11,15,11,1,34,172,2,1,1,2,"., TOULOUSE (AVENUE DE",43.5868,3.85303
201500024617,12,11,15,16,1,34,198,2,3,1,3,ENTREPOTS (ALLEE DES),43.57231,3.93828
201500024618,12,11,15,18,5,34,172,2,9,1,1,"770, MOULARES (CHEMIN DE",43.5992,3.89386
201500024619,15,11,15,16,1,34,172,2,1,1,6,"10, GRANIER (RUE DU PROF",43.5976,3.86705
201500024620,15,11,15,19,5,34,172,2,1,1,2,"SANS, CHATEAU D'O (ROND-",43.6307,3.84177
201500024621,16,11,15,13,1,34,172,2,2,1,3,"217, PIERRE MAS ST",43.5822,3.87964
201500024622,16,11,15,17,2,34,129,2,1,1,6,"640, MONTPELLIER (AVENUE",43.56873,3.90439
201500024623,17,11,15,9,1,34,172,2,1,1,3,"SANS, MONTPELLIER (AVENU",43.6008,3.89754
201500024624,17,11,15,9,1,34,172,2,1,1,4,"., JOUHAUX (AVENUE LEON)",43.6014,3.81974