Num_Acc,jour,mois,an,hr,condition_eclairage,departement,commune,condition_agglomeration,intersection,condition_atmosphere,type_collision,adresse,lattitude,longitude
201500024625,17,11,15,11,1,34,172,2,1,1,6,"2, SERANE (RUE)",43.6059,3.88206
201500024626,17,11,15,19,5,34,172,2,1,1,4,MOULARES (CHEMIN DE,43.6003,3.89458
201500024627,18,11,15,13,1,34,172,2,1,1,1,"22, LAVERUNE (ROUTE DE",43.6033,3.85633
201500024628,20,11,15,14,1,34,172,2,1,1,2,"493, PRES D'ARENES (AVEN",43.5924,3.88017
201500024629,20,11,15,21,5,34,172,2,1,1,7,"SANS, BOUISSES (RUE DES)",43.6033,3.83311
201500024630,21,11,15,20,5,34,172,2,1,1,6,PAS DU LOUP (RUE DU,43.5965,3.84488
201500024631,24,11,15,11,1,34,172,2,1,1,6,"SANS, FLICHE (AVENUE AUG",43.6289,3.86105
201500024632,26,11,15,20,5,34,172,2,1,1,3,"849, RAVAZ (AVENUE DU PR",43.622,3.84653
201500024633,28,11,15,19,2,34,129,2,1,1,6,"SANS, FIGUIERES (AVENUE",43.58753,3.93042
201500024634,30,11,15,18,2,34,172,2,1,1,3,"2220, SOULAS (AVENUE DU",43.6285,3.84581
201500024635,3,12,15,16,1,34,172,2,1,1,6,"SANS, CENTRAYRARGUES (RU",43.5962,3.88499
201500024636,3,12,15,17,5,34,172,2,1,1,6,"35, SAINT LOUIS (RUE)",43.6127,3.86666
201500024637,3,12,15,19,5,34,172,2,1,1,6,"., BRINGUIER (AVENUE PAU",43.6131,3.83894
201500024638,3,12,15,20,5,34,172,2,1,1,5,LIBERTE (AVENUE DE LA,43.6103,3.83447
201500024639,28,11,15,21,5,34,172,2,1,1,3,PALAVAS (AVENUE DE),43.5985,3.88559
201500024640,2,12,15,15,1,34,172,2,1,1,5,TOULOUSE (AVENUE DE,43.5933,3.85192
201500024641,4,12,15,16,1,34,172,2,1,1,1,"SANS, MONTELS-EGLISE (RU",43.5822,3.8861
201500024642,4,12,15,18,5,34,172,2,1,1,6,"5, ERNEST HEMINGWAY (AVE",43.6345,3.83389
201500024643,5,12,15,16,1,34,172,2,2,1,3,DROITS DE L'HOMME (AVENU,43.6059,3.89423
201500024644,4,12,15,8,1,34,172,2,3,1,3,"0, VALERY (BOULEVARD PAU",43.5933,3.85194
201500024645,8,12,15,10,1,34,172,2,1,2,6,MENDE (ROUTE DE),43.6298,3.87002
201500024646,9,12,15,14,1,34,172,2,1,1,6,"SANS, SAINT LOUIS (RUE)",43.6114,3.86654
201500024647,9,12,15,18,5,34,172,2,1,1,3,"SANS, EINSTEIN (AVENUE A",43.6096,3.90887
201500024648,9,12,15,11,1,34,172,2,3,1,3,"0, MAS ARGELLIERS (AVENU",43.5871,3.88955
201500024649,10,12,15,12,1,34,172,2,1,1,3,"., NOBEL (RUE ALFRED)",43.6136,3.912
201500024650,11,12,15,15,1,34,172,2,2,1,6,CLEMENCEAU (AVENUE GEORG,43.6028,3.871
201500024651,12,12,15,7,2,34,172,2,1,1,6,"1388, TRINQUAT PONT DE 1",43.594,3.89862
201500024652,12,12,15,18,3,34,172,2,2,1,3,MONTPELLIER (AVENUE MARI,43.6008,3.89754
201500024653,16,12,15,9,1,34,172,1,1,1,6,"10, COURREAU FAUBOURG DU",43.6083,3.87202
201500024654,17,12,15,18,5,34,172,2,1,1,6,MENDE (ROUTE DE),43.6252,3.87092
201500024655,18,12,15,20,3,34,172,1,1,1,6,"3024, EINSTEIN (AVENUE A",43.6123,3.93359
201500024656,24,12,15,0,5,34,172,2,3,1,3,TOULOUSE (AVENUE DE,43.5879,3.85415
201500024657,24,12,15,14,1,34,172,2,1,1,1,ARENES (ROND POINT DES P,43.589,3.89094
201500024658,27,12,15,0,5,34,172,2,2,1,3,"SANS, DOMITIENNE (VOIE)",43.6237,3.86183
201500024659,30,12,15,15,1,34,172,2,1,1,6,"1804, LIBERTE (AVENUE DE",43.6087,3.85032
201500024660,20,1,15,10,1,34,108,2,1,1,6,"0, DE GAULE GENERAL (AVE",43.44723,3.75433
201500024661,24,1,15,1,5,34,301,2,1,6,7,"0, HIRONDELLES (CHEMIN D",43.41377,3.68204
201500024662,14,3,15,6,1,34,108,1,1,1,1,AVENUE DES ETANGS,43.44738,3.79644
201500024663,8,2,15,16,1,34,301,1,1,7,6,"0, AGDE (ROUTE DE)",43.40175,3.66162
201500024664,25,3,15,4,5,34,108,2,1,2,6,CALMETTE (AVENUE DES),43.45163,3.74959
201500024665,26,3,15,16,1,34,301,2,1,1,3,BLANC CAMILLE (BOULEV,43.4069,3.66629
201500024666,11,3,15,15,1,34,301,2,1,1,3,"0, CAYENNE (ROUTE DE)",43.4139,3.70496
201500024667,4,4,15,2,5,34,301,2,1,1,6,"21, GUIGNON NOEL (QUAI",43.44158,3.69733
201500024668,14,4,15,18,1,34,108,1,1,1,5,"0, RD2 Route de Balaruc",43.43527,3.72017
201500024669,23,4,15,7,1,34,301,2,1,1,6,"0, CAMBON ANDRE (PLACE)",43.41212,3.69679
201500024670,25,4,15,3,3,34,108,1,1,2,6,"0, RD 612",43.4511,3.7637
201500024671,6,5,15,9,1,34,301,2,1,1,3,"0, MAILLOL FRANCOIS (QUA",43.4093,3.70062
201500024672,8,5,15,3,5,34,301,2,1,1,6,"1, CANARIS (RUE DES",43.41437,3.67324
201500024673,13,5,15,23,5,34,301,2,1,1,3,"1432, HERRIOT EDOUARD (P",43.39452,3.67743
201500024674,11,6,15,8,1,34,108,1,1,1,1,RD 612,43.45466,3.76692
201500024675,24,5,15,22,3,34,108,1,1,1,7,PORT (ROND POIN DU),43.42967,3.76657
201500024676,28,5,15,20,1,34,301,2,1,1,7,"1364, AVENUE DES EAUX BL",43.42091,3.72264
201500024677,12,6,15,12,1,34,301,1,3,1,3,"sans, RD2 Route de Balar",43.45387,3.69123
201500024678,3,7,15,18,1,34,301,2,2,1,3,PASCAL (RUE),43.40087,3.69463
201500024679,4,7,15,8,1,34,301,2,3,1,3,BLANC CAMILLE (BOULEVARD,43.40933,3.67309
201500024680,6,7,15,22,3,34,301,1,9,1,7,RD 612,0.0,0.0
201500024681,22,7,15,10,1,34,301,2,1,1,2,BOUALEM BACHAGA (RUE),43.41326,3.66898
201500024682,31,7,15,17,1,34,301,2,1,1,6,"11, RESISTANCE (QUAI DE",43.40344,3.69692
201500024683,1,8,15,12,1,34,108,2,3,1,2,DE GAULE GENERAL (AVENUE,43.44723,3.75433
201500024684,2,8,15,20,1,34,301,2,3,1,3,LECLERC PHILIPPE MARECHA,43.3928,3.68576
201500024685,3,8,15,19,1,34,301,2,3,1,2,BLANC CAMILLE (BOULEVARD,43.41097,3.67088
201500024686,4,8,15,16,1,34,301,2,1,1,2,NEUBURG (CORNICHE DE),43.39378,3.67163
201500024687,5,8,15,19,1,34,301,1,1,1,1,PLAGES (ROUTES DES),43.35379,3.59336
201500024688,17,8,15,10,1,34,301,1,1,1,5,RD2 Route de Balaruc,43.43216,3.70305
201500024689,20,8,15,16,1,34,108,1,3,1,3,MALRAUX ANDRE (AVENUE),43.42406,3.71283
201500024690,6,9,15,17,1,34,108,1,1,1,6,"0, RD 612",43.44445,3.76347
201500024691,11,9,15,7,1,34,108,1,1,1,7,RD129 Route de Balaruc,43.44872,3.74585
201500024692,16,9,15,22,5,34,301,2,1,1,6,BLANC CAMILLE (BOULEVARD,43.40153,3.66139
201500024693,19,9,15,15,1,34,301,1,1,1,1,RD 612,43.35431,3.59417
201500024694,24,9,15,7,1,34,301,2,3,1,3,MERLE ADOLPHE (QUAI),43.40799,3.69622
201500024695,11,10,15,10,1,34,301,2,1,1,6,BLUM LEON (PLACE),43.40107,3.69611
201500024696,21,10,15,9,1,34,301,2,1,1,6,"6, SAMARY COMMANDANT (QU",43.40272,3.69996
201500024697,25,10,15,5,5,34,301,2,1,1,6,"38, BOSC (QUAI DE)",43.40762,3.69568
201500024698,26,10,15,18,2,34,301,2,1,1,6,"332, JUIN MARECHAL (AVEN",43.40795,3.7043
201500024699,6,11,15,8,1,34,108,1,3,1,3,RD2 Route de Balaruc,43.43347,3.70232
201500024700,7,11,15,18,5,34,301,2,1,1,6,LECLERC PHILIPPE MARECHA,43.39499,3.69472
201500024701,12,11,15,15,1,34,108,1,1,1,3,"0, REPUBLIQUE (BOULEVARD",43.44011,3.75406
201500024702,4,12,15,21,5,34,108,2,1,1,1,"0, DE GAULE GENERAL (AVE",43.44754,3.7547
201500024703,6,12,15,20,3,34,108,2,1,1,6,"0, MONTPELLIER LA PEYRAD",43.42267,3.7176
201500024704,17,2,15,16,1,35,115,2,1,1,6,"17, GAULLE (AVENUE DU GE",48.35296,-1.19901
201500024705,13,3,15,22,3,35,150,1,1,1,6,D 706,0.0,0.0
201500024706,23,4,15,12,1,35,115,2,3,1,7,POMPIDOU (RUE GEORGES DU,48.34655,-1.20242
201500024707,13,5,15,17,1,35,115,2,6,1,6,"1, JAURES (BD JEAN)",48.35337,-1.201
201500024708,12,5,15,18,1,35,115,2,1,1,3,DEVERIA (RUE DES FRERES),48.34784,-1.19068
201500024709,10,6,15,14,1,35,115,2,1,1,6,"0, FORET (RUE DE LA)",48.35952,-1.19234
201500024710,10,6,15,16,1,35,115,2,7,1,3,"3, EUROPE (PLACE DE L')",48.34805,-1.19464
201500024711,1,8,15,19,1,35,115,2,1,1,6,"34, DEVERIA (RUE DES FRE",48.34696,-1.18778
201500024712,19,10,15,16,1,35,115,2,6,8,3,"0, FAUCHEUX (BD JACQUES)",48.35452,-1.21105
201500024713,14,11,15,15,1,35,115,2,9,1,6,"0, CHAPERON (RUE JEAN MA",48.34982,-1.19399
201500024714,24,11,15,14,1,35,115,2,2,2,3,"0, LE PAYS (RUE RENE)",48.35512,-1.19223
201500024715,17,12,15,18,3,35,150,1,2,2,3,D 706,48.35501,-1.23028
201500024716,6,2,15,16,1,35,150,1,1,1,6,VILLENEUVE LIEUX-DITS,48.35129,-1.22961
201500024717,10,2,15,17,1,35,115,2,6,1,3,RENNES (BOULEVARD DE),48.35447,-1.21101
201500024718,2,1,15,11,1,35,238,2,6,1,3,HAUTES OURMES/POLOGNE,48.0877,-1.6509
201500024719,5,1,15,9,1,35,238,2,2,1,3,POINCAR?/S.MICHEL,48.1254,-1.65289
201500024720,16,2,15,17,1,35,281,2,1,2,7,"00, MERMOZ (BOULEVARD JE",48.09361,-1.70094
201500024721,6,1,15,18,5,35,238,2,3,1,6,G.BERGER/PROVENCE,48.117,-1.70469
201500024722,7,1,15,17,5,35,238,1,1,8,2,ROCADE NORD-OUEST,48.1318,-1.70858
201500024723,17,2,15,8,1,35,238,2,3,1,6,"00, GRIMAULT (BD LEON)",48.09136,-1.65503
201500024724,7,1,15,19,3,35,206,2,1,1,4,ROCADE SUD,48.0794,-1.68794
201500024725,17,2,15,15,1,35,238,2,2,1,3,MITTERAND (MAIL FRANCOIS,48.10855,-1.69297
201500024726,17,2,15,11,1,35,238,2,3,1,3,NANTES (DE),48.08585,-1.69535
201500024727,8,1,15,8,2,35,238,2,1,1,6,"57, RUE GAL MARGUERITTE",48.0984,-1.6791
201500024728,20,2,15,9,1,35,51,2,6,2,1,"00, ALLIES (BOULEVARD DE",48.11417,-1.62077
201500024729,8,1,15,14,1,35,238,2,5,1,3,CARREFOUR NITSCH,48.1018,-1.68441
201500024730,20,2,15,23,5,35,238,2,1,1,6,"301, FOUGERES (ROUTE DE)",48.12975,-1.64263
201500024731,12,1,15,12,1,35,238,2,1,1,2,2 AV W.CHURCHILL,48.1176,-1.70796
201500024732,21,2,15,14,1,35,281,1,1,4,6,RD 177,48.0621,-1.71979
201500024733,11,1,15,6,3,35,206,2,5,1,6,PORTE DE BREQUIGNY,48.0793,-1.68886
201500024734,22,2,15,6,3,35,278,2,1,1,6,"00, GAULLE (RUE DU GAL D",48.149,-1.68581
201500024735,11,1,15,14,1,35,238,2,2,1,3,VERDUN/CO?TLOGON,48.1227,-1.68542
201500024736,12,1,15,13,1,35,238,2,1,8,3,"22, AVENUE MAGINOT",48.1098,-1.66928
201500024737,12,1,15,15,1,35,238,2,2,1,2,ORMES/PRESTAUT,48.1015,-1.70258
201500024738,13,1,15,5,5,35,238,2,1,2,6,AVENUE MAGINOT,48.1099,-1.66629
201500024739,13,1,15,18,5,35,238,2,3,1,5,ANJOU/GASCOGNE,48.122,-1.71344
201500024740,14,1,15,17,3,35,238,2,1,8,2,PORTE DE BREST,48.1217,-1.71973
201500024741,14,1,15,19,5,35,238,2,1,8,7,"16, AV H.FR?VILLE",48.09,-1.67491
201500024742,17,1,15,11,1,35,238,2,1,1,7,"13, RUE LESAGE",48.1171,-1.67614
201500024743,17,1,15,13,1,35,238,2,2,1,3,POULLAIN DUPARC/NEMOURS,48.1086,-1.68015
201500024744,19,1,15,18,3,35,278,1,6,1,2,"00, MAISON BLANCHE (ROND",48.14471,-1.65699
201500024745,2,3,15,7,1,35,278,1,1,1,7,PORTE DE BEAUREGARD,48.13921,-1.69782
201500024746,26,1,15,10,1,35,238,2,1,1,3,"119, SAINT-HELIER",48.10359,-1.66251
201500024747,19,1,15,10,1,35,238,2,2,1,3,ST H?LIER/L.ARMAND,48.1035,-1.66268
201500024748,19,1,15,12,1,35,51,2,9,1,6,"00, RIGOURDIERE (RUE DE",48.11429,-1.58971
201500024749,20,1,15,10,1,35,278,1,1,9,2,"20.400, R.N. 136",48.14152,-1.67141
201500024750,20,1,15,9,1,35,51,2,1,1,5,"00, RD96",48.12745,-1.6267
201500024751,21,1,15,14,1,35,238,2,2,1,6,LIBERT?/JOFFRE,48.1074,-1.67784
201500024752,23,1,15,8,1,35,281,2,6,1,7,"00, DODIN (AVENUE ROGER)",48.0866,-1.70753
201500024753,25,1,15,13,1,35,238,2,2,1,4,ST HELIER/DUHAMEL,48.1074,-1.67201
201500024754,7,3,15,22,5,35,281,2,2,1,1,"284, NANTES (RUE DE)",48.08856,-1.69379
201500024755,28,1,15,7,5,35,238,2,1,2,6,"73, AV BUTTES DE COESMES",48.1253,-1.63275
201500024756,28,1,15,8,2,35,238,2,5,2,3,LA T.AUVERGNE/THIERS,48.1065,-1.68451
201500024757,29,1,15,17,1,35,238,2,4,2,6,BEAUMONT/DAUTRY,48.1037,-1.67502
201500024758,11,3,15,8,2,35,238,2,3,8,7,"00, CLOS COURTEL (DU)",48.12208,-1.62873
201500024759,30,1,15,2,5,35,238,2,3,6,6,CHEZY/L.D'OR,48.1136,-1.68724
201500024760,11,3,15,11,1,35,281,2,1,1,7,"00, BEL AIR (RUE DE)",48.07823,-1.72488
201500024761,30,1,15,8,3,35,238,2,6,2,3,"00, AVENUE DES PREALES",48.11152,-1.62513
201500024762,30,1,15,14,1,35,238,2,2,3,3,JANVIER/ST THOMAS,48.1079,-1.67354
201500024763,26,11,15,15,1,35,238,2,1,1,7,"00, PETIT TATELIN (LIEU-",48.13156,-1.64088
201500024764,31,1,15,18,5,35,281,2,1,2,6,"08, BLUM (MAIL LEON)",48.07939,-1.71565
201500024765,20,11,15,20,3,35,51,1,1,2,6,"00, PORTE DE LA RIGOURDI",48.1155,-1.57072
201500024766,31,1,15,19,5,35,238,2,4,2,6,J.MERMOZ/G.POMPIDOU,48.0973,-1.68884
201500024767,26,11,15,18,3,35,278,1,1,1,7,"00, RD 137",48.13966,-1.69531
201500024768,25,11,15,19,5,35,281,2,1,1,7,"00, DODIN (AVENUE ROGER)",48.08671,-1.70751
201500024769,1,2,15,1,5,35,238,2,2,4,6,LEGRAVEREND/CH?ZY,48.1178,-1.68553
201500024770,23,3,15,9,1,35,278,2,1,1,2,,48.14061,-1.69625
201500024771,4,2,15,14,1,35,238,2,1,1,6,"11, PLACE  CHAMP JACQUET",48.113,-1.68016
201500024772,25,3,15,0,5,35,281,2,1,1,3,"02, BLUM (MAIL LEON)",48.08239,-1.71531
201500024773,5,2,15,14,1,35,238,2,1,2,6,"18, RUE DE LA DONELI?RE",48.1303,-1.6865
201500024774,5,2,15,17,1,35,238,2,1,8,2,ROCADE OUEST,48.1145,-1.71894
201500024775,6,2,15,13,1,35,238,2,1,1,3,"231, AVENUE LECLERC",48.1139,-1.64501
201500024776,6,2,15,18,1,35,238,2,1,1,6,"150, RUE E.POTTIER",48.1022,-1.71203
201500024777,30,3,15,18,1,35,238,2,3,1,2,"00, TOURAUDAIS (AVENUE D",48.12019,-1.6314
201500024778,7,2,15,14,1,35,238,2,6,1,6,PAYS BAS/L.GRIMAULT,48.0916,-1.65839
201500024779,1,4,15,11,1,35,238,1,6,1,2,FREVILLE (PASSAGE),48.08193,-1.67512
201500024780,7,2,15,16,1,35,238,2,1,1,3,"17, MAIL F.MITTERRAND",48.1097,-1.68782
201500024781,1,4,15,17,1,35,238,2,1,1,3,"12, TOUR D'AUVERGNE (BD",48.10724,-1.68449
201500024782,8,2,15,16,1,35,238,2,1,1,2,"53, RUE CHAMPION DE CICE",48.102,-1.70609
201500024783,9,2,15,7,5,35,238,2,6,1,6,V.MAREUIL/MOU?ZY,48.1041,-1.65012
201500024784,8,4,15,14,1,35,238,2,1,1,7,"07, MOTTE (CONTOUR DE LA",48.11331,-1.67522
201500024785,9,2,15,21,5,35,238,2,2,1,7,ALMA/J.CARTIER,48.0974,-1.67516
201500024786,11,12,15,19,5,35,238,2,1,1,6,"00, LEMAISTRE (JEAN)",48.10632,-1.72018
201500024787,3,4,15,21,5,35,238,2,4,2,3,TILLON (AVENUE CHARLES),48.12453,-1.70991
201500024788,11,2,15,6,3,35,238,2,1,1,6,PORTE DE BREQUIGNY,48.084,-1.69874
201500024789,5,4,15,7,1,35,238,2,1,1,7,"00, LORIENT (DE)",48.10706,-1.72598
201500024790,11,2,15,13,1,35,238,2,2,1,3,GUERRAND/CLEUNAY,48.1021,-1.69866
201500024791,12,2,15,1,3,35,281,1,1,1,6,"00, TEMPLE DU CERISIER",48.07618,-1.74492
201500024792,8,4,15,19,1,35,238,2,1,1,6,BRETAGNE (PLACE DE),48.10935,-1.68382
201500024793,12,2,15,14,1,35,238,2,1,1,3,"47, BD  LA T.D'AUVERGNE",48.1041,-1.68435
201500024794,11,4,15,20,1,35,238,1,1,1,5,RN136,48.11212,-1.71836
201500024795,12,2,15,17,1,35,238,2,6,1,6,C.DE CICE/F.DE LESSEPS,48.1018,-1.70729
201500024796,9,4,15,19,1,35,238,2,1,1,6,ANJOU (D'),48.12138,-1.71347
201500024797,9,4,15,18,1,35,281,2,1,1,3,"76, HAIE-DES-COGNETS (BO",48.07786,-1.74177
201500024798,13,2,15,18,5,35,238,2,2,1,6,P.DUPARC/J.SIMON,48.1086,-1.67917
201500024799,12,4,15,2,3,35,238,1,1,1,6,PORTE DES LONGS CHAMPS,48.13767,-1.62607
201500024800,12,4,15,14,1,35,238,1,1,1,1,PORTE ALMA,48.08096,-1.67282
201500024801,13,4,15,16,1,35,55,2,1,1,3,"33, BOURGOGNE (AVENUE DE",48.09004,-1.61404
201500024802,14,2,15,4,5,35,238,2,1,2,6,25 B RUE DE LA MONNAIE,48.1104,-1.68462
201500024803,17,4,15,14,1,35,238,2,1,1,3,"5 BIS, COLOMBIER (BD DU)",48.10206,-1.68251
201500024804,17,4,15,14,1,35,238,1,1,1,2,RN136,48.1139,-1.71892
201500024805,14,2,15,20,3,35,51,1,1,1,7,"00, CHANTEPIE (ROUTE DE)",48.09841,-1.60622
201500024806,18,4,15,0,3,35,238,1,9,1,6,RN136,48.13044,-1.70986
201500024807,18,4,15,19,1,35,238,2,1,1,3,"275, CHATEAUGIRON (DE)",48.09229,-1.6293
201500024808,19,4,15,12,1,35,238,2,6,1,3,MONTS D'ARREE (AVENUE DE,48.13665,-1.66689
201500024809,16,2,15,13,1,35,238,2,2,3,3,MITTERRAND/VANEAU,48.1085,-1.69298
201500024810,20,4,15,14,1,35,238,1,1,1,3,RN136,48.0793,-1.68886
201500024811,20,4,15,16,1,35,238,2,1,1,3,"214, CHATILLON (DE)",48.08795,-1.67207
201500024812,17,2,15,8,1,35,238,2,3,1,3,BOURGET/GRIMAULT,48.0913,-1.65504
201500024813,20,4,15,19,1,35,238,2,1,1,4,MALAKOFF (PONT),48.10745,-1.69308
201500024814,21,4,15,12,1,35,51,1,6,1,1,LONGCHAMPS (PORTE DES),48.13637,-1.62447
201500024815,23,4,15,10,1,35,238,2,2,1,6,"00, VASSELOT",48.1086,-1.67782
201500024816,24,4,15,23,5,35,238,2,3,2,1,PATTON (AVENUE DU GENERA,48.12845,-1.66424
201500024817,27,4,15,18,1,35,238,2,2,1,1,ALBERT 1ER (BD),48.0897,-1.68563
201500024818,25,4,15,11,1,35,51,1,1,1,6,PORTE DE LA RIGOURDIERE,48.11875,-1.57255
201500024819,19,2,15,12,1,35,238,2,5,1,7,PORTE DE BREST,48.121,-1.72203
201500024820,25,4,15,18,1,35,238,1,1,1,2,RN 137,48.0778,-1.67458
201500024821,26,4,15,15,1,35,238,2,1,1,7,"91, ANTRAIN (D') DE 43 E",48.12103,-1.6717
201500024822,27,4,15,8,1,35,238,2,1,8,3,"102, VERN (DE)",48.0969,-1.65341
201500024823,29,4,15,7,1,35,238,2,6,1,6,"00, FORCES FRANCAISES DE",48.08966,-1.68225
201500024824,29,4,15,12,1,35,238,2,2,1,3,"00, LE GUEN DE KERANGAL",48.09447,-1.68558
201500024825,21,2,15,21,5,35,238,2,2,1,6,MAL FOCH/BRETAGNE,48.1101,-1.68621
201500024826,29,4,15,17,1,35,238,1,1,1,4,RN 137,48.0897,-1.68563
201500024827,2,5,15,21,3,35,281,1,6,2,6,RD 177,48.07423,-1.7126
201500024828,22,2,15,12,1,35,238,2,3,1,3,BULGARIE/PAYS BAS,48.08471,-1.66072
201500024829,23,2,15,18,2,35,238,2,1,1,2,RUE DE FOUG?RES,48.1277,-1.65089
201500024830,25,2,15,4,3,35,238,2,6,2,2,BUTTES CO?SMES/COURTEL,48.1272,-1.62892
201500024831,25,2,15,7,1,35,238,2,6,2,6,GAYEULLES/LONGS PR?S,48.1323,-1.65205
201500024832,25,2,15,11,1,35,238,2,1,1,6,"1, CONTOUR DE LA MOTTE",48.1126,-1.67528
201500024833,25,2,15,15,1,35,238,2,1,2,6,"82, LORIENT (DE)",48.1094,-1.70804
201500024834,26,2,15,8,1,35,238,2,6,2,6,CLOTEAUX/NANTES,48.0846,-1.69601
201500024835,12,5,15,16,1,35,278,2,9,1,6,BOUTIERE (BOULEVARD DE L,48.14333,-1.68799
201500024836,26,2,15,16,1,35,238,1,2,2,2,PR?VALAYE/BORON,48.098,-1.72712
201500024837,13,5,15,14,1,35,281,2,1,1,2,"258 ter, NANTES (RUE DE)",48.09196,-1.69176
201500024838,27,2,15,12,1,35,238,2,1,1,3,"8, BD DE METZ",48.11497,-1.65734
201500024839,14,5,15,9,1,35,278,2,3,2,6,"17, BELLE EPINE (BD DE L",48.15172,-1.68867
201500024840,27,2,15,13,1,35,238,2,1,1,6,"180, RUE DE CH?TEAUGIRON",48.0981,-1.64338
201500024841,1,3,15,17,1,35,238,2,1,1,6,"80, BD G.CLEMENCEAU",48.0943,-1.68283
201500024842,6,3,15,10,1,35,51,2,6,1,6,"00, FONTAINE (RUE DE LA)",48.11266,-1.60809
201500024843,2,3,15,13,1,35,238,2,1,1,1,"33, RUE M.DE SERVIGNÉ",48.1013,-1.73132
201500024844,3,3,15,10,1,35,238,2,2,2,3,LEMORDANT/COËTLOGON,48.1228,-1.6887
201500024845,16,5,15,12,1,35,55,2,6,1,6,"00, PONT BOEUF (RUE DU)",48.08573,-1.61437
201500024846,4,3,15,10,1,35,238,2,2,1,3,A.GÉRARD/L.VOLCLAIR,48.0883,-1.6676
201500024847,4,3,15,11,1,35,238,2,2,8,3,ROCHESTER/G.ROPARTZ,48.128,-1.65746
201500024848,4,3,15,18,1,35,238,2,1,1,2,"11, BD DE BULGARIE",48.0847,-1.65904
201500024849,5,3,15,15,1,35,238,2,3,1,4,LORIENT/ROBERDIÈRE,48.1069,-1.72602
201500024850,6,3,15,5,5,35,238,2,4,1,6,BREST/PAPU,48.1115,-1.69085
201500024851,22,5,15,13,1,35,51,1,1,1,3,RIGOURDIERE (RUE DE LA),48.11596,-1.58336
201500024852,19,5,15,18,1,35,51,1,6,1,1,ALLIES (BOULEVARD DES),48.12326,-1.62088
201500024853,7,3,15,4,5,35,238,2,6,1,7,ALBERT 1ER/GRAFF,48.09,-1.69106
201500024854,19,5,15,19,1,35,51,1,1,1,6,"16, RENNES (RUE DE)",48.11429,-1.61317
201500024855,7,3,15,15,1,35,238,2,1,1,6,"31, RUE DE PARIS",48.1125,-1.66756
201500024856,10,3,15,9,1,35,238,2,2,8,3,J.CARTIER/ALMA,48.0974,-1.67516
201500024857,1,6,15,15,1,35,238,2,3,1,3,"00, MOUNIER (BD EMMANUEL",48.12525,-1.66393
201500024858,2,6,15,17,1,35,238,2,1,1,6,"00, LANGUEDOC (AVENUE DU",48.11847,-1.71575
201500024859,3,6,15,11,1,35,238,2,2,1,6,"00, LIBERTE (BD DE LA)",48.10847,-1.68436
201500024860,12,3,15,8,1,35,238,2,2,1,3,G.PATTON/MONTS D'ARRÉE,48.1351,-1.65961
201500024861,4,6,15,9,1,35,238,1,1,1,6,"00, MARIN (JEAN)",48.13686,-1.66288
201500024862,12,3,15,17,1,35,238,2,2,1,5,H.DE BALZAC/SÉVIGNÉ,48.1162,-1.66126
201500024863,4,6,15,18,1,35,238,2,4,1,3,GUILLOUX (LOUIS),48.11012,-1.69902
201500024864,14,3,15,19,5,35,238,2,1,8,3,"18, RUE D'ISLY",48.1057,-1.67765
201500024865,5,6,15,9,1,35,238,2,1,1,6,NICOLET (GAL),48.09255,-1.68021
201500024866,5,6,15,12,1,35,238,2,1,1,2,"199, VERN (DE)",48.08873,-1.64466
201500024867,7,6,15,19,1,35,238,2,2,1,3,CHATEAUGIRON (DE),48.09518,-1.63768
201500024868,17,3,15,23,5,35,238,2,2,1,3,H.FRÉVILLE/UKRAINE,48.0837,-1.67516
201500024869,8,6,15,8,1,35,238,2,1,1,3,BERNARD (CLAUDE),48.10246,-1.69455
201500024870,18,3,15,17,1,35,238,2,2,1,3,ALBERT 1ER/BELGIQUE,48.0897,-1.68563
201500024871,11,6,15,16,1,35,238,2,1,1,2,"33, TOUR D'AUVERGNE (BD",48.10499,-1.68443
201500024872,12,6,15,8,1,35,51,2,1,1,5,"316, FOUGERES (ROUTE DE)",48.1323,-1.63446
201500024873,20,3,15,17,1,35,238,2,6,2,4,PORTE D'ALMA,48.0812,-1.67506
201500024874,12,6,15,9,1,35,238,2,1,1,7,"00, BOSPHORE (DU)",48.08369,-1.67688
201500024875,20,3,15,21,5,35,238,2,6,1,6,NORVÈGE/DIÈGUE SANTA,48.087,-1.68549
201500024876,12,6,15,11,1,35,55,2,1,1,6,"84, BONNIN ANDRE (AVENUE",48.08756,-1.61674
201500024877,21,3,15,20,5,35,238,2,3,1,3,VERN/M.FEUILLÉE,48.0971,-1.65385
201500024878,10,6,15,15,1,35,238,1,1,1,3,MITTERAND (MAIL FRANCOIS,48.10908,-1.6907
201500024879,12,6,15,14,1,35,278,1,1,1,4,"00, RD 29",48.16056,-1.6513