Num_Acc,jour,mois,an,hr,condition_eclairage,departement,commune,condition_agglomeration,intersection,condition_atmosphere,type_collision,adresse,lattitude,longitude
201500024880,24,3,15,10,1,35,238,2,1,8,2,"15, RUE DE LA MOTTE BRÛL",48.1262,-1.66904
201500024881,13,6,15,2,3,35,51,1,6,1,6,ALLIES (BOULEVARD DES),48.10738,-1.6165
201500024882,13,6,15,10,1,35,238,1,1,1,4,RN136,48.14136,-1.67858
201500024883,25,3,15,7,1,35,238,2,3,1,6,KLÉBER/VIARMES,48.1106,-1.67169
201500024884,13,6,15,11,1,35,238,2,1,1,7,"02, SLOVAQUIE (SQUARE DE",48.09045,-1.65528
201500024885,26,3,15,18,1,35,238,2,6,1,3,E.NIEMEN/VALLÈS,48.1054,-1.70846
201500024886,13,6,15,11,1,35,238,1,1,1,2,RN136,48.08453,-1.69883
201500024887,26,3,15,23,5,35,238,2,2,1,3,L.BOURGEOIS/CHÂTEAUGIRON,48.1004,-1.64993
201500024888,15,6,15,17,1,35,51,1,6,1,7,"00, PORTE DE LA RIGOURDI",48.1181,-1.56769
201500024889,16,6,15,15,1,35,238,2,1,1,1,"00, FOSSE PITEUX (LIEU-D",48.10621,-1.716
201500024890,16,6,15,16,1,35,238,2,1,1,6,"33, ANTRAIN (D') DE 0 A",48.11621,-1.67874
201500024891,17,6,15,18,1,35,238,2,2,1,3,"00, ANTRAIN (D') DE 0 A",48.11822,-1.67633
201500024892,18,6,15,8,1,35,238,2,1,1,1,"00, CHATEAUGIRON (DE)",48.09757,-1.64255
201500024893,30,3,15,0,5,35,238,2,5,2,6,CARREFOUR NITSCH,48.1018,-1.68441
201500024894,18,6,15,13,1,35,238,2,1,1,6,"49, LEROUX (BD OSCAR)",48.09158,-1.66255
201500024895,19,6,15,14,1,35,238,2,2,1,2,"00, DUGUAY TROUIN (QUAI)",48.11016,-1.68407
201500024896,31,3,15,10,1,35,238,2,2,1,3,C.BERNARD/A.DUVAL,48.1035,-1.69401
201500024897,19,6,15,15,1,35,238,1,1,1,4,PORTE DE VILLEJEAN,48.12936,-1.71097
201500024898,20,6,15,11,1,35,238,2,3,1,3,"00, DUBOIS (DU LT-COL)",48.10719,-1.73362
201500024899,23,6,15,16,1,35,238,2,1,1,7,"22, TOUR D'AUVERGNE (BD",48.10605,-1.68444
201500024900,23,6,15,17,1,35,278,1,1,1,2,RD 137,48.14722,-1.69903
201500024901,20,6,15,13,1,35,238,2,4,1,3,"06, MARTENOT",48.11237,-1.67284
201500024902,24,6,15,16,1,35,238,2,9,1,6,"00, BRETAGNE (PLACE DE)",48.11002,-1.68424
201500024903,25,6,15,17,1,35,238,2,3,1,3,"00, BRETAGNE (PONT DE)",48.11008,-1.68623
201500024904,26,6,15,8,1,35,238,2,2,1,6,"00, VILLEBOIS MAREUIL (B",48.1005,-1.64989
201500024905,26,6,15,12,1,35,238,1,1,1,4,PORTE DE BREQUIGNY,48.08425,-1.69885
201500024906,27,6,15,15,1,35,238,2,6,1,6,"00, SAINT-MALO (RUE DE)",48.1323,-1.69086
201500024907,28,6,15,17,1,35,51,2,2,1,1,"00, ALLIES (BOULEVARD DE",48.13099,-1.62123
201500024908,29,6,15,16,1,35,281,1,9,1,2,RD 177,48.0674,-1.7143
201500024909,29,6,15,20,1,35,238,2,1,1,6,"13, SAINT-HELIER",48.10733,-1.67169
201500024910,30,6,15,16,1,35,238,2,1,1,7,"00, MOTTE AU CHANCELIER",48.10617,-1.71761
201500024911,30,6,15,16,1,35,238,2,3,1,6,"37, VERN (DE)",48.09989,-1.65793
201500024912,1,7,15,17,1,35,238,1,1,1,4,,48.11965,-1.72022
201500024913,2,7,15,17,1,35,238,2,2,1,3,"00, VOLCLAIR (BD LOUIS)",48.08843,-1.66766
201500024914,5,6,15,10,1,35,238,2,1,1,2,", SCHUMAN (PONT ROBERT)",48.15461,-1.69369
201500024915,3,7,15,13,1,35,238,1,9,1,3,RN136,48.14073,-1.68887
201500024916,3,7,15,18,1,35,238,2,2,1,2,"00, JANVIER (AVENUE JEAN",48.10938,-1.67393
201500024917,5,6,15,18,1,35,51,2,6,1,3,"00, FOUGERES (ROUTE DE)",0.0,0.0
201500024918,5,7,15,18,1,35,238,2,2,1,3,CHATEAUGIRON (DE),48.09514,-1.63785
201500024919,5,7,15,17,1,35,238,2,2,1,3,"00, FREVILLE (AVENUE HEN",48.08675,-1.67505
201500024920,6,7,15,8,1,35,51,2,6,1,3,"00, FOUGERES (ROUTE DE)",48.15453,-1.59461
201500024921,6,7,15,17,1,35,278,1,1,1,4,R.N. 136,48.14147,-1.67092
201500024922,6,7,15,18,1,35,51,2,6,1,3,"00, MORAND (ROUTE DU CHE",48.10143,-1.60829
201500024923,7,7,15,10,1,35,238,1,9,1,7,PORTE D'ANGERS,48.08511,-1.63997
201500024924,8,7,15,13,1,35,278,2,6,1,6,"00, ROUTE DE SAINT-MALO",48.13621,-1.69213
201500024925,9,7,15,1,5,35,238,2,2,1,3,"00, ALBERT 1ER (BD)",48.08894,-1.67428
201500024926,9,7,15,13,1,35,55,2,6,1,2,"00, PARC (RUE DU)",48.08807,-1.60834
201500024927,9,7,15,15,1,35,281,2,2,1,3,"00, MERMOZ (BOULEVARD JE",48.09638,-1.69262
201500024928,10,7,15,9,1,35,55,2,1,1,6,"25, BIGNON (RUE DU)",48.09819,-1.6229
201500024929,10,7,15,15,1,35,238,1,1,1,7,RN136,48.09642,-1.71215
201500024930,20,5,15,0,3,35,278,1,1,1,6,PLANCHETTE  (LIEU DIT),48.16457,-1.69129
201500024931,10,7,15,18,1,35,55,2,3,1,5,"113, MOZART (RUE DE)",48.08694,-1.6091
201500024932,11,7,15,11,1,35,238,2,2,1,3,"00, LIBERTE (BD DE LA)",48.10746,-1.68028
201500024933,11,7,15,18,1,35,238,2,2,1,3,"00, SAINT-JEAN BAPTISTE",48.11445,-1.69999
201500024934,15,7,15,19,1,35,278,1,6,1,7,"00, RD 29",48.1524,-1.70585
201500024935,17,7,15,18,1,35,278,1,1,1,2,R.N. 136,48.14094,-1.68323
201500024936,18,7,15,12,1,35,238,1,1,1,6,RN136,48.09538,-1.71107
201500024937,19,7,15,1,5,35,238,2,2,1,3,"00, DE LATTRE DE TASSIGN",48.11795,-1.68618
201500024938,20,7,15,7,1,35,238,2,6,1,3,"00, ALBERT 1ER (BD)",48.09008,-1.69097
201500024939,22,7,15,21,2,35,238,2,2,1,3,"26, LEROUX (BD OSCAR)",48.09137,-1.66496
201500024940,23,7,15,10,1,35,55,1,6,1,3,"00, LA HALLERAIS (LIEU D",48.07782,-1.63225
201500024941,4,5,15,14,1,35,238,2,2,2,3,TOULLIER/JANVIER,48.1094,-1.67393
201500024942,23,7,15,15,1,35,238,2,1,1,6,"18, VOLNEY (BD)",48.12328,-1.66494
201500024943,4,5,15,19,1,35,238,2,1,2,6,"199, RUE DE FOUGÈRES",48.1231,-1.66029
201500024944,23,7,15,22,5,35,238,2,2,1,2,ARMORIQUE (BD D'),48.12845,-1.66445
201500024945,6,5,15,12,1,35,238,2,3,1,6,PARIS/R.LENOIR,48.1127,-1.66464
201500024946,24,7,15,11,1,35,278,1,6,1,7,"00, MONTGERMONT (ROND PO",48.15507,-1.70077
201500024947,6,5,15,15,1,35,238,2,1,2,3,"29, BD ALBERT 1ER",48.09,-1.68861
201500024948,24,7,15,18,1,35,238,1,1,1,4,PORTE DE LORIENT,48.1109,-1.71834
201500024949,7,5,15,9,1,35,238,2,1,1,3,"56, BD VILLEBOIS MAREUIL",48.1054,-1.65057
201500024950,27,7,15,12,1,35,238,2,1,1,6,"95, LORIENT (DE)",48.1088,-1.71031
201500024951,28,7,15,16,1,35,238,2,2,1,3,"00, PRE BOTTE (DU)",48.10935,-1.67784
201500024952,9,5,15,23,5,35,238,2,2,1,3,FRÉVILLE/UKRAINE,48.0837,-1.67516
201500024953,28,7,15,16,1,35,238,2,1,2,7,"183, PATTON (AVENUE DU G",48.12789,-1.66467
201500024954,12,5,15,15,1,35,238,2,6,1,2,PORTE D'ALMA,48.0816,-1.67455
201500024955,28,7,15,19,1,35,238,2,6,1,3,"00, VALLES (JULES)",48.10531,-1.7081
201500024956,29,7,15,9,1,35,238,2,2,1,3,"00, VERDUN (BD DE)",48.11272,-1.69333
201500024957,13,5,15,1,4,35,238,2,2,1,3,SURCOUF/D.PAPIN,48.1061,-1.69213
201500024958,29,7,15,11,1,35,238,1,1,1,5,RN136,48.11453,-1.71907
201500024959,30,7,15,18,1,35,238,2,3,1,5,CHURCHILL (AVENUE SIR WI,48.12199,-1.70878
201500024960,31,7,15,12,1,35,238,2,1,1,1,"48, VANEAU",48.11172,-1.69306
201500024961,6,8,15,3,5,35,238,2,2,1,3,ARMORIQUE (BD D'),48.12843,-1.6643
201500024962,5,8,15,18,1,35,281,2,6,1,3,DODIN (AVENUE ROGER),48.0872,-1.70733
201500024963,14,5,15,13,1,35,238,2,2,1,1,FRÉVILLE/UKRAINE,48.0837,-1.67516
201500024964,6,8,15,17,1,35,281,2,6,1,6,"00, DODIN (AVENUE ROGER)",48.08698,-1.7074
201500024965,14,5,15,15,1,35,238,2,2,1,3,VANEAU/MITTERRAND,48.1085,-1.69298
201500024966,7,8,15,17,1,35,238,2,1,1,2,"31, VERN (DE)",48.10043,-1.6586
201500024967,15,5,15,19,1,35,238,2,1,1,7,ALLÉE DU GACET,48.0854,-1.66552
201500024968,10,8,15,8,1,35,51,2,3,1,2,"00, FOUGERES (ROUTE DE)",48.13354,-1.6299
201500024969,3,8,15,12,1,35,238,2,1,1,2,"5, LAENNEC (BD RENE)",48.10966,-1.66568
201500024970,8,8,15,10,1,35,278,1,1,1,2,,48.15647,-1.70355
201500024971,11,8,15,17,1,35,238,2,3,1,3,"00, SAINT-HELIER",48.10647,-1.66828
201500024972,19,5,15,13,1,35,238,2,4,1,3,BAHON RAULT/GROS MALHON,48.1299,-1.68422
201500024973,12,8,15,13,1,35,238,2,2,1,6,NEMOURS ( DE),48.10988,-1.68019
201500024974,12,8,15,14,1,35,238,2,1,1,2,"267, CHATEAUGIRON (DE)",48.0931,-1.6313
201500024975,12,8,15,19,1,35,278,2,6,1,2,BELLE EPINE (BD DE LA),48.15144,-1.69163
201500024976,19,5,15,22,5,35,238,2,1,1,6,"218, RUE DE NANTES",48.0967,-1.68917
201500024977,14,8,15,12,1,35,278,1,1,1,1,ROCADE,48.14084,-1.69153
201500024978,17,8,15,16,1,35,238,2,1,1,2,"100, MITTERAND (MAIL FRA",48.10861,-1.69617
201500024979,20,5,15,12,1,35,238,2,1,2,1,PORTE DE NANTES,48.0776,-1.6753
201500024980,18,8,15,11,1,35,281,1,1,1,3,PORTE DE ST NAZAIRE,48.09218,-1.70756
201500024981,18,8,15,18,1,35,238,1,2,1,1,COMBES (BD EMILE),48.09364,-1.67099
201500024982,14,8,15,11,1,35,238,2,1,2,2,CANADA (AVENUE DU),48.08795,-1.68224
201500024983,21,8,15,9,1,35,238,1,9,1,5,PORTE DE LORIENT,48.11076,-1.71836
201500024984,22,5,15,15,1,35,238,2,2,1,2,PECKER/C.TILLON,48.1262,-1.69297
201500024985,21,8,15,18,1,35,238,1,1,1,6,PORTE DE VILLEJEAN,48.12446,-1.71492
201500024986,24,8,15,18,1,35,51,1,1,2,6,PORTE DE TIZE,48.13994,-1.58131
201500024987,20,8,15,14,1,35,238,1,6,1,1,LANGEVIN (PAUL),48.09337,-1.65837
201500024988,28,5,15,13,1,35,238,2,2,1,3,PUITS JACOB/NANTES,48.0981,-1.68788
201500024989,24,8,15,7,1,35,238,2,2,3,6,ECHANGE (D'),48.11525,-1.68445
201500024990,25,8,15,18,1,35,55,1,6,2,1,RD 463,48.08008,-1.60639
201500024991,29,5,15,8,1,35,238,2,3,1,2,PAYS BAS/BULGARIE,48.0847,-1.66092
201500024992,25,8,15,18,1,35,278,1,1,2,7,D 175,48.16149,-1.62587
201500024993,30,5,15,15,1,35,238,2,5,1,3,ST J.B.SALLA/LE GORGEU,48.1145,-1.70007
201500024994,27,8,15,19,1,35,51,1,6,3,7,BEAULIEU (PORTE DE),48.10187,-1.60798
201500024995,28,8,15,14,1,35,238,2,1,1,6,"36, GACET (ALLEE DU)",48.08542,-1.66151
201500024996,27,8,15,19,1,35,238,1,1,2,1,"00, VERN (DE)",48.08361,-1.64284
201500024997,1,9,15,18,1,35,238,2,6,1,1,"00, SANGNIER (MARC)",48.09336,-1.6584
201500024998,1,9,15,6,1,35,238,1,1,1,4,PORTE ALMA,48.07994,-1.68322
201500024999,2,9,15,16,1,35,238,2,2,1,2,PARIS (RUE DE),48.11247,-1.66668
201500025000,4,9,15,8,1,35,238,2,3,1,3,"00, BOIS LABBE (AVENUE D",48.13101,-1.70388
201500025001,5,9,15,16,1,35,238,2,1,1,6,"00, UKRAINE (ALLEE D')",48.08138,-1.67838
201500025002,6,9,15,18,1,35,51,2,3,1,3,"00, CHATAIGNERAIE (RUE D",48.12128,-1.63016
201500025003,7,9,15,13,1,35,238,2,1,1,3,"71, BRIAND (AVENUE ARIST",48.11009,-1.66371
201500025004,7,9,15,18,1,35,238,1,1,1,4,ROCADE 13-14,48.10468,-1.71665
201500025005,29,8,15,1,5,35,238,2,1,1,6,LEPERDIT,48.11327,-1.68085
201500025006,24,8,15,8,1,35,238,2,1,1,5,", GUILLAUDOT ( DU GENERA",48.11478,-1.67443
201500025007,11,9,15,17,1,35,238,1,1,1,4,PORTE DE VILLEJEAN,48.1177,-1.7197
201500025008,12,9,15,0,3,35,238,2,1,1,2,"136, MAGINOT (AVENUE SER",48.11001,-1.65758
201500025009,16,9,15,9,1,35,51,1,1,1,4,PORTE DE LA RIGOURDIERE,48.11505,-1.56337
201500025010,16,9,15,15,1,35,238,2,2,1,3,"00, SURCOUF",48.10615,-1.69213
201500025011,16,9,15,17,1,35,238,2,1,1,7,"15, PREVALAYE (QUAI DE L",48.10897,-1.68683
201500025012,16,9,15,18,1,35,51,1,1,3,2,PORTE DE LA RIGOURDIERE,48.1156,-1.56833
201500025013,17,9,15,0,3,35,51,1,9,1,7,NORMANDIE (PORTE DE),48.14911,-1.60926
201500025014,18,9,15,16,1,35,238,1,1,1,2,PORTE DE LORIENT,48.11065,-1.71834
201500025015,19,9,15,17,1,35,238,2,3,1,6,"238, SAINT-MALO (RUE DE)",48.12579,-1.68561
201500025016,20,9,15,3,5,35,238,2,1,1,6,"23, DINAN (DE)",48.11418,-1.68511
201500025017,21,9,15,8,1,35,238,2,2,1,3,"155, SAINT-MALO (RUE DE)",48.12263,-1.68422
201500025018,20,9,15,20,5,35,238,2,2,1,3,"00, SAINT-BRIEUC (DE)",48.11206,-1.70232
201500025019,20,9,15,2,5,35,238,2,1,1,7,"00, MOTTE (CONTOUR DE LA",48.11321,-1.67524
201500025020,22,9,15,21,3,35,238,1,1,1,7,"00, SALIBARD (LIEU-DIT)",48.09082,-1.7389
201500025021,22,9,15,8,1,35,238,2,3,8,1,"135, FOUGERES (RUE DE)",48.12072,-1.6647
201500025022,23,9,15,12,1,35,238,2,1,1,2,"95, MITTERAND (MAIL FRAN",48.10823,-1.69447
201500025023,23,9,15,15,1,35,238,2,1,1,6,"00, BOSPHORE (DU)",48.08233,-1.67691
201500025024,24,9,15,6,3,35,238,1,1,1,6,RN136,48.10373,-1.71634
201500025025,24,9,15,12,1,35,278,2,6,1,2,"00, AUGE DE PIERRE (ROND",48.13698,-1.69265
201500025026,14,9,15,18,1,35,51,1,1,1,7,PORTE DE LA RIGOURDIERE,48.11142,-1.58711
201500025027,29,9,15,17,1,35,238,2,5,1,3,"35, ROOSEVELT (BD FRANKL",48.0973,-1.65777
201500025028,1,10,15,18,1,35,238,2,1,1,6,"07, ROGER HENRI GUERRAND",48.10029,-1.69845
201500025029,1,10,15,17,1,35,238,1,1,1,4,RN136,48.10185,-1.71575
201500025030,2,10,15,0,4,35,238,2,3,1,7,"00, MARBEUF (BLD)",48.11011,-1.70525
201500025031,2,10,15,7,2,35,238,2,1,1,2,"15, GUILLOUX (LOUIS)",48.11006,-1.69887
201500025032,2,10,15,19,1,35,238,2,2,1,4,"00, CLEMENCEAU (BD GEORG",48.09381,-1.67407
201500025033,4,10,15,17,1,35,281,2,6,1,3,"00, MERMOZ (BOULEVARD JE",48.0908,-1.70428
201500025034,6,10,15,17,1,35,238,2,5,1,3,"21, COMBES (BD EMILE)",48.09351,-1.66909
201500025035,4,10,15,21,5,35,238,2,1,2,6,"4 BIS, METZ (BD DE)",48.11482,-1.65722
201500025036,8,10,15,7,5,35,238,2,3,1,3,"00, ALMA (DE L')",48.10387,-1.67701
201500025037,8,10,15,8,2,35,55,1,1,1,6,PORTE DES LOGES,48.08426,-1.64115
201500025038,8,10,15,8,1,35,278,2,2,1,6,"00, ROBIQUETTE ( BOULEVA",48.13838,-1.69829
201500025039,9,10,15,18,1,35,238,2,1,1,1,"0, PREVALAYE (CHEMIN DE",48.09072,-1.73894
201500025040,9,10,15,8,1,35,238,2,6,1,2,"00, CANADA (AVENUE DU)",48.08942,-1.68243
201500025041,9,10,15,14,1,35,238,2,2,1,6,"01, FREVILLE (AVENUE HEN",48.09345,-1.67426
201500025042,9,10,15,20,5,35,51,2,1,1,6,"00, FONTAINE (AVENUE DE",48.11105,-1.60858
201500025043,9,10,15,22,5,35,238,2,2,1,3,"26, COMBES (BD EMILE)",48.09344,-1.66883
201500025044,11,10,15,15,1,35,238,2,6,1,3,"00, BOUCHARD (ALAIN)",48.09977,-1.68316
201500025045,13,10,15,19,5,35,238,2,6,1,6,"00, CANADA (AVENUE DU)",48.08501,-1.68246
201500025046,15,10,15,7,4,35,238,2,2,1,3,"00, BRIAND (AVENUE ARIST",48.11008,-1.65983
201500025047,15,10,15,8,2,35,55,1,1,1,4,PORTE DES LOGES,48.09731,-1.61727
201500025048,15,10,15,11,1,35,238,2,1,1,3,"01, TOUR D'AUVERGNE (BD",48.10826,-1.68446
201500025049,16,10,15,17,1,35,238,2,3,1,3,"00, LIBERTE (BD DE LA)",48.10753,-1.67343
201500025050,16,10,15,12,1,35,238,2,1,1,6,"40, ALBERT 1ER (BD)",48.08909,-1.67973
201500025051,16,10,15,22,5,35,238,2,2,1,6,"25, SAINT-HELIER",48.10696,-1.67055
201500025052,17,10,15,11,1,35,238,1,1,1,4,RN136,48.13777,-1.70154
201500025053,19,10,15,8,2,35,238,1,9,1,6,PORTE DES LONGS CHAMPS,48.14016,-1.63247
201500025054,24,8,15,10,1,35,51,1,6,1,6,BEAULIEU (PORTE DE),48.10122,-1.60877
201500025055,22,10,15,11,1,35,238,2,1,1,6,"8-10, PICARDIE (DE)",48.12317,-1.71068
201500025056,22,10,15,17,1,35,51,1,1,1,7,PORTE DE LA RIGOURDIERE,48.11871,-1.57103
201500025057,22,10,15,18,1,35,238,2,1,1,4,"00, FREVILLE (AVENUE HEN",48.08757,-1.67497
201500025058,22,10,15,21,5,35,238,2,3,1,3,"00, STRASBOURG (BOULEVAR",48.11333,-1.65663
201500025059,23,10,15,12,1,35,238,2,1,1,2,"80, COMBES (BD EMILE)",48.09537,-1.6629
201500025060,25,10,15,13,1,35,238,1,1,1,4,RN136,48.14144,-1.64174
201500025061,19,10,15,16,1,35,238,2,4,1,3,"85, LORIENT (DE)",48.10949,-1.70748
201500025062,24,10,15,21,3,35,51,1,2,8,7,"00, PLANCHETTE (ROUTE DE",48.09949,-1.60539
201500025063,25,10,15,18,5,35,238,2,2,1,3,"00, FOUGERES (RUE DE)",48.12176,-1.66275
201500025064,27,10,15,10,1,35,51,1,1,1,7,PORTE DE LA RIGOURDIERE,48.11958,-1.57251
201500025065,27,10,15,17,1,35,238,2,2,1,3,"00, SAINT-MALO (RUE DE)",48.12727,-1.68659
201500025066,27,10,15,18,1,35,238,2,1,1,3,DE LATTRE DE TASSIGNY (B,48.11392,-1.68799
201500025067,28,10,15,12,1,35,238,2,2,1,3,"00, SAINT-MALO (RUE DE)",48.12716,-1.68648
201500025068,28,10,15,17,1,35,238,2,1,1,2,"06, ISLY (RUE D')",48.10608,-1.67761
201500025069,29,10,15,10,1,35,238,2,1,1,2,"38, LEROUX (BD OSCAR)",48.09137,-1.66461
201500025070,30,10,15,19,5,35,238,2,1,1,4,"00, GROS MALHON (AVENUE)",48.12757,-1.68319
201500025071,31,10,15,12,1,35,238,2,3,1,3,"130, VERDUN (BD DE)",48.12102,-1.6869
201500025072,1,11,15,20,5,35,281,2,6,1,6,"00, DODIN (AVENUE ROGER)",48.0867,-1.70752
201500025073,2,11,15,9,1,35,238,2,1,1,6,"18, DUGUAY TROUIN (QUAI)",48.11016,-1.68238
201500025074,2,11,15,12,1,35,278,2,6,1,3,"00, ROBIQUETTE ( BOULEVA",48.13414,-1.69424
201500025075,2,11,15,14,1,35,238,2,2,1,6,"70, GROS MALHON (AVENUE)",48.12812,-1.68343
201500025076,2,11,15,18,3,35,278,1,1,1,6,R.N. 136,48.1408,-1.68994
201500025077,3,11,15,17,1,35,238,2,1,2,6,"22, ROPARTZ (GUY)",48.13076,-1.65671
201500025078,3,11,15,21,5,35,238,2,6,1,3,"00, VERN (DE)",48.08449,-1.64332
201500025079,4,11,15,8,5,35,238,2,2,1,3,"00, POMPIDOU ( BD GEORGE",48.10175,-1.68447
201500025080,4,11,15,10,1,35,238,2,3,1,3,"00, YSER (BD DE L')",48.09096,-1.68034
201500025081,5,11,15,12,1,35,238,2,3,1,3,"00, SAINTE FOIX (ROUTE)",48.10106,-1.72001
201500025082,5,11,15,18,5,35,238,2,2,2,6,"105, FREVILLE (AVENUE HE",48.08679,-1.67436
201500025083,5,11,15,19,5,35,51,2,6,2,6,"01, RENNES (RUE DE)",48.11425,-1.60999
201500025084,5,11,15,18,5,35,51,1,1,1,4,"00, DOMLOUP (ROUTE DE)",48.11028,-1.58461
201500025085,6,11,15,14,1,35,238,2,3,1,1,"276, FOUGERES (RUE DE)",48.1289,-1.64557
201500025086,6,11,15,13,1,35,238,2,1,2,3,PATIS TATELIN (LIEU-DIT,48.13046,-1.64246
201500025087,6,11,15,16,1,35,238,2,2,1,1,"00, CHATEAUGIRON (DE)",48.09488,-1.63795
201500025088,6,11,15,21,5,35,238,2,2,2,3,CHATEAUDUN (DE),48.11248,-1.66624
201500025089,6,11,15,17,1,35,278,1,1,2,4,RN 137,48.14921,-1.69917
201500025090,11,11,15,20,3,35,238,2,3,1,3,"8, ISLY (RUE D')",48.10518,-1.67756
201500025091,13,11,15,8,1,35,278,2,6,1,3,"00, SAINT EXUPERY (RUE A",48.15941,-1.67732
201500025092,15,11,15,20,5,35,238,2,2,1,3,"00, PATTON (AVENUE DU GE",48.12845,-1.6643
201500025093,4,11,15,15,1,35,238,1,1,1,2,"00, FREVILLE (AVENUE HEN",48.08652,-1.67506
201500025094,10,11,15,7,1,35,238,1,1,1,2,PORTE DE BEAULIEU,48.09958,-1.61363
201500025095,17,11,15,14,1,35,238,2,1,1,6,"69, MITTERAND (MAIL FRAN",48.10887,-1.69153
201500025096,18,11,15,13,1,35,238,2,6,1,3,"00, LANGUEDOC (AVENUE DU",48.11599,-1.70517
201500025097,18,11,15,17,1,35,238,2,7,1,3,"00, BRETAGNE (PLACE DE)",48.10936,-1.68471
201500025098,12,11,15,17,5,35,238,2,2,1,3,"00, CHATEAUDUN (DE)",48.11027,-1.66562
201500025099,16,11,15,20,5,35,238,2,3,1,6,"30, BOURBONNAIS (DU)",48.12053,-1.71336
201500025100,16,11,15,18,5,35,238,2,1,2,3,BREST (DE),48.11337,-1.69617
201500025101,16,11,15,20,3,35,51,2,1,1,2,"00, ALLIES (BOULEVARD DE",0.0,0.0
201500025102,18,11,15,8,1,35,238,1,1,1,4,RN136,48.13827,-1.70057
201500025103,18,11,15,16,1,35,238,2,2,7,6,"127, POMPIDOU ( BD GEORG",48.101,-1.68513
201500025104,18,11,15,18,1,35,51,1,6,1,3,"00, ALLIES (BOULEVARD DE",48.14017,-1.62716
201500025105,20,11,15,17,5,35,238,2,1,1,6,"00, BUTTES DE COESMES (A",48.12543,-1.63258
201500025106,7,11,15,17,2,35,238,1,1,1,3,"00, STRASBOURG (BOULEVAR",48.11036,-1.65565
201500025107,9,11,15,11,1,35,238,1,1,1,4,"245, ROUTE DE ST MALO",48.13125,-1.69022
201500025108,11,11,15,21,4,35,238,2,3,1,1,"00, ROBIDOU (BERTRAND)",48.10917,-1.65945
201500025109,13,11,15,18,3,35,238,1,1,1,4,,48.08276,-1.69757
201500025110,16,11,15,19,1,35,281,1,2,1,3,"00, PILATE (RUE DE LA)",48.09251,-1.69468
201500025111,20,11,15,8,2,35,238,2,2,2,1,"00, LOBINEAU",48.099,-1.68431
201500025112,27,11,15,10,1,35,238,2,5,1,6,"71, STRASBOURG (BOULEVAR",48.11453,-1.65704
201500025113,27,11,15,17,1,35,238,2,1,2,6,"00, ROBERT (FERNAND)",48.13227,-1.7083
201500025114,18,11,15,13,1,35,238,2,1,1,6,"00, PECKER (PROF.JEAN)",48.12564,-1.69299
201500025115,27,11,15,19,5,35,238,2,1,2,6,"04, CHAMP JACQUET (PLACE",48.11278,-1.68028
201500025116,27,11,15,20,5,35,238,2,3,2,6,"08, LIBERTE (BD DE LA)",48.10744,-1.67612
201500025117,28,11,15,3,5,35,238,2,1,2,3,"26, DUGUAY TROUIN (QUAI)",48.11017,-1.68386
201500025118,28,11,15,17,1,35,238,2,4,1,3,"172, SAINT-MALO (RUE DE)",48.12129,-1.68294
201500025119,30,11,15,8,5,35,238,2,1,1,7,"00, ROOSEVELT (BD FRANKL",48.09769,-1.65675
201500025120,30,11,15,9,1,35,238,2,1,2,6,"201, VERN (DE)",48.08875,-1.64458
201500025121,30,11,15,9,1,35,281,1,1,2,2,"00, PORTE DE ST NAZAIRE",48.08624,-1.69994
201500025122,30,11,15,17,1,35,238,2,2,1,3,"00, BRETAGNE (PLACE DE)",48.1098,-1.68419
201500025123,1,12,15,4,5,35,281,2,1,1,6,"00, DODIN (AVENUE ROGER)",48.07496,-1.71248
201500025124,1,12,15,8,2,35,238,1,1,1,6,"30, JANVIER (AVENUE JEAN",48.1047,-1.67263
201500025125,1,12,15,18,5,35,238,2,2,1,3,"00, REPUBLIQUE (PLACE DE",48.1098,-1.67792
201500025126,1,12,15,20,5,35,238,2,1,1,6,"05, LE GUILLOUX (HENRI)",48.11525,-1.69887
201500025127,3,12,15,2,5,35,238,2,6,1,6,"00, MOULIN DE JOUE (DU)",48.11174,-1.64664
201500025128,3,12,15,13,1,35,238,2,2,1,3,"00, CHATEAUGIRON (DE)",48.10178,-1.65613
201500025129,3,12,15,18,5,35,238,2,6,1,4,"00, CHATEAU (AVENUE FRAN",48.11171,-1.64638
201500025130,6,12,15,3,5,35,281,2,6,1,7,"00, DODIN (AVENUE ROGER)",48.08212,-1.71148
201500025131,4,12,15,4,3,35,51,1,1,2,7,NORMANDIE (PORTE DE),48.14823,-1.59696