Num_Acc,jour,mois,an,hr,condition_eclairage,departement,commune,condition_agglomeration,intersection,condition_atmosphere,type_collision,adresse,lattitude,longitude
201500025132,26,11,15,9,1,35,238,2,3,1,1,"00, SUISSE (DE)",48.08652,-1.66377
201500025133,4,12,15,9,1,35,238,2,1,7,4,"00, SAINT-HELIER",48.1048,-1.66478
201500025134,4,12,15,9,1,35,278,2,6,1,3,"00, AUGE DE PIERRE (ROND",48.13661,-1.69295
201500025135,4,12,15,20,5,35,238,2,1,1,2,"00, DESGREES (BD PAUL HU",48.09341,-1.63922
201500025136,5,12,15,15,1,35,238,2,2,8,6,"26, NEMOURS ( DE)",48.10753,-1.68028
201500025137,5,12,15,19,5,35,238,2,2,1,6,"00, CHATEAUGIRON (DE)",48.09533,-1.63789
201500025138,6,12,15,17,2,35,238,2,1,1,7,"00, SAINT-HELIER",48.10672,-1.66915
201500025139,7,12,15,8,1,35,238,2,6,1,3,"00, LYAUTEY (MARECHAL)",48.11605,-1.69186
201500025140,30,11,15,17,1,35,238,1,1,1,5,"00, PORTE DES LOGES",48.08956,-1.63142
201500025141,6,12,15,3,5,35,281,2,2,1,3,"00, NANTES (RUE DE)",48.09035,-1.69278
201500025142,7,12,15,10,1,35,238,2,2,1,3,"05, YSER (BD DE L')",48.09184,-1.67827
201500025143,9,12,15,8,1,35,238,2,3,1,6,"00, SAINT-CONWOION (BD)",48.10322,-1.68859
201500025144,9,12,15,10,1,35,238,2,1,1,1,"37, NOEL (YVES)",48.08999,-1.67675
201500025145,9,12,15,19,3,35,238,1,9,1,2,"00, PORTE DES LONGS CHAM",48.14215,-1.62367
201500025146,25,11,15,18,3,35,238,1,1,2,2,"00, PORTE DE BREST",48.12728,-1.71231
201500025147,10,12,15,13,1,35,238,2,2,1,3,"07, SURCOUF",48.10618,-1.69214
201500025148,10,12,15,18,5,35,238,2,6,1,6,"00, VEZIN (ROUTE DE)",48.11622,-1.71613
201500025149,11,12,15,13,1,35,51,2,6,1,4,"00, BRAY (ROND-POINT DE)",48.1077,-1.61535
201500025150,15,12,15,13,1,35,238,2,3,1,3,"00, TILLON (AVENUE CHARL",48.12445,-1.70932
201500025151,11,12,15,17,2,35,55,1,6,1,6,"00, RD 463",48.07991,-1.60473
201500025152,11,12,15,18,3,35,51,1,1,1,6,"00, FOUGERES (ROUTE DE)",48.1421,-1.61369
201500025153,13,12,15,8,5,35,238,2,2,1,3,"00, CLEMENCEAU (BD GEORG",48.09379,-1.67454
201500025154,13,12,15,9,1,35,238,2,2,1,3,"00, FREVILLE (AVENUE HEN",48.08377,-1.67511
201500025155,14,12,15,17,3,35,238,2,1,1,3,"60B, CHATEAUGIRON (DE)",48.10102,-1.65187
201500025156,14,12,15,18,3,35,238,2,1,1,5,"00, DESGREES (BD PAUL HU",48.09135,-1.64259
201500025157,15,12,15,18,5,35,238,2,2,8,6,"00, TOUR D'AUVERGNE (BD",48.10546,-1.6843
201500025158,15,12,15,19,5,35,278,2,6,8,6,"00, ROBIQUETTE (ROND POI",48.13502,-1.69359
201500025159,16,12,15,12,1,35,238,2,1,1,4,"15, METZ (BD DE)",48.11587,-1.65803
201500025160,17,12,15,16,1,35,238,2,3,1,6,"00, ROCHESTER (AVENUE DE",48.1281,-1.65908
201500025161,17,12,15,17,5,35,55,2,1,1,6,"00, BONNIN ANDRE (AVENUE",48.08835,-1.61889
201500025162,13,12,15,19,5,35,238,2,2,1,3,"00, LICES (PLACE DU BAS",48.11256,-1.6848
201500025163,18,12,15,19,5,35,238,2,1,1,6,"10, BERT (PAUL)",48.11066,-1.67045
201500025164,18,12,15,21,5,35,238,2,2,1,2,"09, BOURGEOIS (BOULEVARD",48.09825,-1.6553
201500025165,19,12,15,11,1,35,238,2,3,1,3,"00, LIBERTE (BD DE LA)",48.10753,-1.67543
201500025166,19,12,15,17,2,35,238,2,1,8,6,"00, GROS MALHON (AVENUE)",48.13033,-1.68439
201500025167,20,12,15,13,1,35,238,2,3,1,6,"00, NEMOURS ( DE)",48.10861,-1.67995
201500025168,22,12,15,13,1,35,238,2,2,2,3,"00, ROCHESTER (AVENUE DE",48.12797,-1.65737
201500025169,22,12,15,17,1,35,278,1,1,1,2,"00, R.N. 136",48.14201,-1.64492
201500025170,22,12,15,13,1,35,238,2,1,2,6,"00, TREGAIN (DE)",48.12676,-1.65852
201500025171,23,12,15,13,1,35,238,2,2,1,1,"00, TILLON (AVENUE CHARL",48.12458,-1.70304
201500025172,15,12,15,15,1,35,238,2,1,1,3,"00, VILLEBOIS MAREUIL (B",48.10731,-1.65114
201500025173,23,12,15,10,1,35,238,2,2,1,3,"00, DUVAL (ALEXANDRE)",48.10356,-1.69401
201500025174,26,12,15,12,1,35,238,2,9,1,3,"00, BREST (DE)",48.11169,-1.69116
201500025175,26,12,15,15,1,35,238,2,4,1,6,"04, MOREAU DE JONNES",48.10875,-1.65474
201500025176,26,12,15,15,1,35,238,2,2,1,6,"00, BRETAGNE (PONT DE)",48.10981,-1.68469
201500025177,29,12,15,17,1,35,238,1,9,1,7,"00, RN136",48.12205,-1.71983
201500025178,29,12,15,21,5,35,238,2,2,1,2,"00, ARMORIQUE (BD D')",48.12848,-1.66448
201500025179,30,12,15,13,1,35,238,2,1,1,6,"00, HOCHE (PLACE)",48.11531,-1.67734
201500025180,30,12,15,18,5,35,238,2,3,1,6,"00, LICES (PLACE DES)",48.11302,-1.68375
201500025181,30,12,15,20,5,35,278,2,2,3,6,"00, DE GAULLE (AVENUE GE",48.15179,-1.68604
201500025182,20,3,15,15,1,35,288,2,1,1,6,"0, ANTILLES (RUE DES)",48.63662,-1.99682
201500025183,7,2,15,16,1,35,288,2,1,1,6,"0, DINAN (PORTE DE )",48.64615,-2.02618
201500025184,10,5,15,0,5,35,93,2,1,1,7,"12, EDOUARD VII - N°1A 6",48.63333,-2.05874
201500025185,6,5,15,12,1,35,288,2,1,1,6,"0, DUGUAY-TROUIN (QUAI)",48.65107,-2.02173
201500025186,17,4,15,18,1,35,288,1,2,1,5,D2,48.63338,-1.95011
201500025187,18,7,15,11,1,35,288,2,1,1,6,"00, ESPLANADE SAINT VINC",48.65033,-2.02119
201500025188,4,8,15,4,3,35,288,1,5,1,7,"0, CD 4",48.60766,-1.95913
201500025189,15,8,15,9,1,35,241,2,2,1,1,D168,48.6138,-2.03646
201500025190,16,10,15,13,1,35,288,2,6,1,3,RUE NICOLAS BOUVIER,48.64736,-2.00812
201500025191,17,9,15,12,1,35,241,1,1,1,2,D168,48.6136,-2.04128
201500025192,4,3,15,15,1,36,159,2,1,1,6,,46.7924,1.73601
201500025193,20,11,15,5,5,36,44,2,1,1,6,57 BD G SAND,46.8072,1.68588
201500025194,17,2,15,17,1,36,44,2,1,8,1,353 AV DE VERDUN,46.7912,1.70047
201500025195,26,11,15,8,1,36,44,2,1,8,1,AVENUE ANDRE LE NOTRE,46.7986,1.70113
201500025196,6,3,15,17,1,36,44,2,1,1,6,21 RUE RASPAIL,46.8075,1.69172
201500025197,29,11,15,8,1,36,44,2,1,1,6,AVENUE DES MARINS,46.8095,1.68348
201500025198,11,3,15,18,1,36,44,2,1,1,7,2 RUE DES MEUNIERS,46.7872,1.68234
201500025199,19,11,15,20,5,36,159,1,6,1,3,ALL MAISONS ROUGES/RD943,46.7977,1.72814
201500025200,12,3,15,7,1,36,44,2,1,1,2,83 AVENUE JOHN KENNEDY,46.8009,1.69243
201500025201,22,11,15,20,5,36,44,2,1,1,6,CHAUMIAU/CANTERELLE,46.8071,1.69324
201500025202,6,3,15,10,1,36,44,2,1,1,2,RUE ROGER CAZALA,46.8119,1.70072
201500025203,25,11,15,18,3,36,63,1,1,8,2,ALLEE DES MAISONS ROUGES,46.8075,1.7456
201500025204,14,3,15,17,1,36,159,1,1,1,7,AVENUE DE LA FORET RD990,46.7561,1.72208
201500025205,27,11,15,16,1,36,44,2,2,1,3,RUE AURIER/RUE SCHWOB,46.8157,1.70711
201500025206,17,3,15,17,1,36,202,2,1,1,4,AVENUE D'OCCITANIE,46.7834,1.65513
201500025207,18,12,15,17,3,36,44,1,1,1,2,RD 920,46.7969,1.7269
201500025208,27,3,15,12,1,36,202,1,1,1,3,AVENUE DE TOURS,46.8316,1.61365
201500025209,6,12,15,22,5,36,44,2,2,1,3,RUE ROLLIN/RUE LA GARE,46.8114,1.6957
201500025210,20,3,15,9,1,36,44,2,1,8,6,RUE DE LA PINGAUDIERE,46.8121,1.70044
201500025211,4,12,15,19,5,36,44,2,1,1,6,132 BOULEVARD DE CLUIS,46.8044,1.69687
201500025212,27,3,15,16,1,36,44,2,1,1,3,44 RUE COMBANAIRE,46.8071,1.70692
201500025213,9,12,15,16,1,36,44,1,1,1,3,RD 920,46.7887,1.69126
201500025214,4,4,15,6,5,36,44,2,1,8,7,368 AVENUE DE LA CHATRE,46.7993,1.72471
201500025215,9,12,15,11,1,36,44,2,1,1,2,RUE LEDRU ROLLIN,46.8106,1.69502
201500025216,7,4,15,16,1,36,44,2,1,1,3,ALLEE GEORGES BIZET,46.8038,1.70752
201500025217,8,12,15,17,3,36,159,1,1,1,2,AVENUE DE LA FORET,46.7196,1.73923
201500025218,12,4,15,7,2,36,63,1,1,8,7,RD 956,46.8459,1.68813
201500025219,11,12,15,7,2,36,44,2,1,1,3,BD BLAISE PASCAL,46.799,1.71297
201500025220,1,4,15,15,1,36,63,2,3,1,2,RUE ABBAYE/AV DE GAULLE,46.8258,1.70049
201500025221,8,12,15,8,2,36,44,2,1,1,6,AVENUE DE LA CHATRE,46.8014,1.72036
201500025222,5,4,15,19,1,36,44,2,2,1,3,AV DE GAULLE/RUE GAULTIE,46.8068,1.69449
201500025223,9,12,15,14,1,36,63,2,6,1,3,RUE VEDRIN/AV M DASSAULT,46.8532,1.71237
201500025224,8,4,15,17,1,36,44,2,1,1,2,BOULEVARD DE CLUIS,46.8061,1.70017
201500025225,13,12,15,12,1,36,44,1,6,1,3,AV FRANCOEUR/RD 920,46.788,1.70369
201500025226,10,4,15,18,1,36,44,2,1,1,2,RUE SAINT LUC,46.8121,1.69828
201500025227,5,12,15,16,1,36,44,2,1,1,2,16 AVENUE DU PONT NEUF,46.8157,1.68468
201500025228,11,5,15,15,1,36,44,2,1,1,2,36 RUE DES INGRAINS,46.7935,1.71184
201500025229,11,12,15,23,5,36,44,2,1,1,2,PLACE SAINT CYRAN,46.812,1.69442
201500025230,2,5,15,23,5,36,44,2,1,1,1,RD920,0.0,0.0
201500025231,15,12,15,14,1,36,44,2,1,1,6,RUE VICTOR HUGO,46.8114,1.69365
201500025232,16,4,15,8,1,36,44,2,1,1,3,RUE D'AQUITAINE,46.8029,1.67989
201500025233,24,12,15,11,1,36,44,2,1,1,6,PAUL LOUIS COURRIER,46.8085,1.69172
201500025234,22,4,15,9,1,36,44,2,1,1,6,AVENUE MARCEL LEMOINE,0.0,0.0
201500025235,16,12,15,10,1,36,44,2,1,1,6,247 AVENUE DE LA CHATRE,46.8031,1.71621
201500025236,21,4,15,14,1,36,44,2,1,1,2,157 AVENUE J KENNEDY,46.7961,1.69206
201500025237,24,4,15,11,1,36,44,2,1,1,2,35 BOULEVARD SAINT DENIS,46.8162,1.70884
201500025238,30,12,15,4,3,36,63,1,1,1,6,,46.83,1.67966
201500025239,7,5,15,22,5,36,44,2,3,1,3,RUE LOTI/RUE MONTAIGNE,46.7978,1.70595
201500025240,11,5,15,18,1,36,44,2,6,1,3,RUE AMPERE/AV COUBERTIN,46.8129,1.72017
201500025241,8,5,15,4,3,36,63,1,6,1,6,ROUTE DEPARTEMENTALE 925,46.8239,1.7572
201500025242,15,5,15,20,1,36,44,2,2,1,3,ST FIACRE/BD DE CLUIS,46.8082,1.70379
201500025243,5,5,15,16,1,36,44,2,1,1,3,25 RUE PAUL VERLAINE,46.8008,1.71328
201500025244,29,5,15,4,4,36,159,2,1,1,7,AVENUE DE LA FORET RD990,46.7793,1.70722
201500025245,11,6,15,15,1,36,44,2,1,1,2,84 AV JOHN KENNEDY,46.8006,1.69244
201500025246,2,6,15,23,3,36,159,1,1,1,6,ROUTE DE VELLES,46.763,1.67931
201500025247,6,6,15,15,1,36,202,2,1,1,6,17 ROUTE DE CHATEAUROUX,46.8071,1.64216
201500025248,5,6,15,19,1,36,63,2,1,1,3,RD920,46.8114,1.74344
201500025249,16,6,15,9,1,36,202,1,1,1,7,RD 67,46.8085,1.62087
201500025250,21,6,15,16,1,36,202,2,1,1,2,21 AVENUE D'OCCITANIE,46.7913,1.66233
201500025251,30,6,15,18,1,36,63,2,1,1,3,AVENUE GEORGES HENNEQUIN,46.8516,1.7035
201500025252,1,8,15,15,1,36,44,2,2,1,3,BD BRYAS/RUE CURIE,46.8104,1.70578
201500025253,1,7,15,17,1,36,44,2,1,1,3,GIRATOIRE DE LA BRENNE,46.8079,1.67678
201500025254,7,7,15,21,1,36,63,1,6,1,3,RP DU GRAND VERGER,46.8455,1.70895
201500025255,12,7,15,18,1,36,44,2,6,1,3,MONTAIGNE/MALLET STEVENS,46.7931,1.71116
201500025256,14,7,15,11,1,36,63,1,6,1,6,ROND POINT DU FREESBEE,46.8515,1.70119
201500025257,19,7,15,12,1,36,202,1,1,1,6,ROUTE DE GIREUGNE,46.7762,1.67474
201500025258,21,7,15,19,1,36,44,2,1,1,2,BOULEVARD ARAGO,46.805,1.68821
201500025259,29,7,15,16,1,36,63,2,1,1,2,144 ROUTE D'ISSOUDUN,46.8306,1.71304
201500025260,17,7,15,20,1,36,44,2,1,1,1,IMPASSE DE LA PINGAUDIER,46.8105,1.70528
201500025261,3,8,15,23,5,36,44,2,1,1,2,107 BD SAINT DENIS,46.8197,1.71093
201500025262,9,8,15,18,1,36,44,2,1,1,6,AV ANDRE LE NOTRE,46.8006,1.70195
201500025263,29,8,15,18,1,36,63,1,1,1,2,ROUTE DEPARTEMENTALE,46.8433,1.71036
201500025264,29,8,15,10,1,36,63,1,1,1,4,ROUTE D'ISSOUDUN,46.8379,1.73093
201500025265,8,9,15,13,1,36,44,2,1,1,3,RUE DE LA REPUBLIQUE,46.8085,1.68917
201500025266,7,9,15,15,1,36,44,2,1,1,3,153 AV D'ARGENTON,46.8,1.67003
201500025267,13,9,15,8,1,36,44,2,1,8,3,41 AVENUE DE LA CHATRE,46.8083,1.70593
201500025268,14,9,15,17,1,36,44,2,1,8,3,BOULEVARD DU MOULIN NEUF,46.8192,1.68652
201500025269,8,9,15,8,1,36,44,2,6,1,3,LE CORBUSIER/ MONTAIGNE,46.7962,1.70795
201500025270,16,9,15,19,1,36,63,1,6,1,6,RP DU FREESBEE,46.8522,1.70064
201500025271,23,9,15,8,1,36,44,2,1,1,6,RD 920,46.7888,1.69323
201500025272,26,9,15,16,1,36,202,1,4,1,3,RTE CHATELLE/RTE LUANT,46.7905,1.60979
201500025273,26,9,15,19,1,36,44,2,1,1,6,208 AV JOHN KENNEDY,46.7893,1.69124
201500025274,27,9,15,18,1,36,44,1,4,1,1,CR DU BRELAY/AV DE BLOIS,46.8221,1.67759
201500025275,4,10,15,22,5,36,202,1,6,2,3,RD920/RD67,46.7757,1.64841
201500025276,15,10,15,16,1,36,44,2,1,1,6,11 AV DE LATTRE DE TASSI,46.7978,1.71845
201500025277,15,10,15,16,1,36,159,2,1,1,2,RUE CHABRIANT  RD67,46.7606,1.71751
201500025278,3,10,15,20,5,36,44,2,1,2,7,AV FRANCOIS MITTERRAND,46.8111,1.67869
201500025279,22,10,15,10,1,36,44,2,1,1,6,38 BD DES MARINS,46.8066,1.68155
201500025280,23,10,15,0,5,36,44,2,2,2,3,LA COUTURE/BD LA VRILLE,46.8054,1.68571
201500025281,22,10,15,15,1,36,63,2,1,1,7,AV GENERAL DE GAULLE,46.8319,1.70285
201500025282,6,11,15,13,1,36,57,1,2,2,3,RD920/AV J KENNEDY,46.7887,1.6913
201500025283,12,11,15,18,5,36,63,1,2,1,3,AV CLEMENCEAU/AV HENNEQU,46.8534,1.71266
201500025284,5,11,15,8,1,36,44,2,1,1,2,4 RUE D'AQUITAINE,46.8024,1.67665
201500025285,14,11,15,11,1,36,44,2,1,1,6,62 AVENUE JOHN KENNEDY,46.8016,1.69218
201500025286,13,11,15,18,5,36,44,2,3,8,3,RUE BRAC/RUE PORTE NEUVE,46.8113,1.68834
201500025287,12,11,15,10,1,36,44,2,1,1,2,PLACE LAFAYETTE,46.8129,1.69704
201500025288,13,11,15,17,3,36,44,1,1,2,7,RUE DU 3EME RAC,46.8209,1.72474
201500025289,2,11,15,17,2,36,44,2,1,1,2,127 AV DE LA CHATRE,46.8064,1.70981
201500025290,3,11,15,8,1,36,63,1,3,1,3,RD956/ALLEE RP DE  BLOIS,46.8549,1.66821
201500025291,11,11,15,14,1,36,202,1,2,1,3,A DES GOUTAIS/OCCITANIE,46.7741,1.64705
201500025292,9,1,15,8,2,36,44,2,1,8,6,73 AVENUE DE LA CHATRE,46.8077,1.70709
201500025293,7,1,15,8,2,36,44,2,1,2,2,368 AVENUE DE LA CHATRE,46.8023,1.71835
201500025294,9,2,15,3,5,36,44,2,2,1,3,AV LA CHATRE- CHARMILLES,46.8023,1.71835
201500025295,11,2,15,16,1,36,202,1,1,1,2,AVENUE D'OCCITANIE,46.775,1.64549
201500025296,14,2,15,23,5,36,44,2,4,1,3,COMBOLIAUD/AV KENNEDY,46.7987,1.6923
201500025297,19,1,15,17,5,36,159,2,1,2,3,ROUTE DE MONTLUCON,46.7921,1.74005
201500025298,23,1,15,17,2,36,44,2,1,8,3,2 BOULEVARD DE LA VALLA,46.8082,1.67694
201500025299,31,1,15,15,1,36,159,1,1,1,3,140 AVENUE DE LA FORET,46.7717,1.7125
201500025300,3,2,15,7,2,36,159,2,1,1,6,140 AVENUE DE LA FORET,46.7718,1.71243
201500025301,11,2,15,11,1,36,44,2,1,1,1,ALLEE DES LAURIERS,46.7891,1.69438
201500025302,17,2,15,18,5,37,261,2,1,1,6,PONT NAPOLEON,0.0,0.0
201500025303,18,2,15,16,1,37,261,2,1,1,6,76 AVENUE DE L EUROPE,0.0,0.0
201500025304,23,2,15,17,1,37,261,2,1,1,6,AVENUE DU DANEMARK,0.0,0.0
201500025305,20,2,15,14,1,37,261,2,3,2,6,FACE CLOCHEVILLE,0.0,0.0
201500025306,24,2,15,21,5,37,261,2,1,1,6,29 Bd WINSTO  CHURCHILL,0.0,0.0
201500025307,25,2,15,11,1,37,214,2,1,2,6,271 BD CHARLE DE GAULLE,0.0,0.0
201500025308,25,2,15,12,1,37,261,2,1,2,4,QUAI ANDRE MALRAUX,0.0,0.0
201500025309,25,2,15,17,1,37,261,2,1,2,7,84 AV ANDRE MAGINOT,0.0,0.0
201500025310,27,2,15,7,1,37,233,2,9,1,7,RUE JEAN JAURES,0.0,0.0
201500025311,27,2,15,14,1,37,122,2,3,1,3,57 RUE DE  VERDUN,0.0,0.0
201500025312,27,2,15,13,1,37,261,2,1,1,2,142  RUE ED VAILLANT,0.0,0.0
201500025313,2,3,15,10,1,37,261,2,6,1,6,AV GEORGE  POMPIDOU,0.0,0.0
201500025314,2,3,15,13,1,37,261,2,3,1,1,ROUTE  DE SAINT AVERTIN,0.0,0.0
201500025315,6,3,15,17,1,37,261,2,3,1,3,PLACE CHOISEUL,0.0,0.0
201500025316,7,3,15,14,1,37,261,2,1,1,6,47 bis RUE LEON  BOYER,0.0,0.0
201500025317,8,3,15,1,5,37,261,2,2,1,3,RUE DU  SANITAS,0.0,0.0
201500025318,8,1,15,14,1,37,208,2,1,2,2,AVENUE DU G DE GAULLE,0.0,0.0
201500025319,9,3,15,14,1,37,122,1,1,1,4,,0.0,0.0
201500025320,11,1,15,10,1,37,261,2,1,1,7,RUE CHRISTOPHE COLOMB,0.0,0.0
201500025321,11,3,15,15,1,37,261,2,1,1,3,RUE DU COLOMBIER,0.0,0.0
201500025322,15,1,15,17,1,37,261,2,2,3,3,COLBERT/DELAROCHE,0.0,0.0
201500025323,6,3,15,8,1,37,261,2,1,1,6,AV GEORGE  POMPIDOU,0.0,0.0
201500025324,15,1,15,14,1,37,261,2,1,1,3,ROUTE DE  ROUZIERS,0.0,0.0
201500025325,6,3,15,11,1,37,261,1,1,1,2,AVENUE DE GRAMMONT,0.0,0.0
201500025326,15,1,15,14,1,37,261,2,6,1,3,BD LOUIS XI,0.0,0.0
201500025327,6,3,15,8,1,37,233,2,6,1,3,RUE BLANQUI,0.0,0.0
201500025328,20,1,15,18,2,37,261,2,2,1,7,9 RUE SEBASTOPOL,0.0,0.0
201500025329,12,3,15,14,1,37,261,2,1,1,7,PONT WILSON,0.0,0.0
201500025330,21,1,15,15,1,37,233,2,6,1,3,PONT JEAN  MOULIN,0.0,0.0
201500025331,12,3,15,21,5,37,261,2,1,1,1,28 AVENUE DE  GRAMMONT,0.0,0.0
201500025332,21,1,15,16,1,37,233,2,2,1,3,RUE GABRIEL PERI,0.0,0.0
201500025333,13,3,15,10,1,37,261,2,3,1,3,PLACE  CHOISEUL,0.0,0.0
201500025334,29,1,15,10,1,37,261,2,1,2,7,8 RUE GEORGE COURTELINE,0.0,0.0
201500025335,13,3,15,14,1,37,214,2,6,2,3,RUE VICTOR HUGO,0.0,0.0
201500025336,29,1,15,11,1,37,214,2,2,2,3,RUE FLEURIE,0.0,0.0
201500025337,16,3,15,7,1,37,261,2,1,1,6,PONT MIRABEAU,0.0,0.0
201500025338,29,1,15,12,1,37,261,2,1,1,7,PLACE SAINT PAUL,0.0,0.0
201500025339,16,12,15,18,3,37,122,1,1,2,7,PARC ACTIVITE LIODIERE,47.32019,0.66805
201500025340,16,3,15,9,1,37,261,2,6,1,6,RUE DES TANNEURS,0.0,0.0
201500025341,4,2,15,10,1,37,122,2,1,1,3,133  BD  JEAN JAURES,0.0,0.0
201500025342,15,3,15,14,1,37,233,2,1,1,6,AVENUE G POMPIDOU,0.0,0.0
201500025343,7,2,15,19,5,37,261,2,1,1,5,AVENUE DE PONT CHER,0.0,0.0
201500025344,16,3,15,12,1,37,122,2,1,1,1,51RUE DE  MARBELLIERE,0.0,0.0
201500025345,9,2,15,7,2,37,122,2,1,1,7,AVENUE DE  BORDEAUX,0.0,0.0
201500025346,11,3,15,10,1,37,261,2,1,1,2,236 RUE AUG  CHEVALLIER,0.0,0.0
201500025347,9,2,15,7,2,37,122,2,1,1,6,BOUCHARDIERE,0.0,0.0
201500025348,19,3,15,8,1,37,261,2,1,1,7,PLACE DES HALLES,0.0,0.0
201500025349,20,3,15,8,1,37,261,2,1,1,3,PLACE CHOISEUL,0.0,0.0
201500025350,20,3,15,9,1,37,261,2,1,1,3,ROUTE DES DEUX LIONS,0.0,0.0
201500025351,20,3,15,12,1,37,261,2,2,2,7,RUE  LEON BOYER,0.0,0.0
201500025352,20,3,15,13,1,37,261,2,6,2,3,RUE DE SUEDE/DOUET,0.0,0.0
201500025353,20,3,15,15,1,37,261,2,1,1,6,118 BD  TONNELLE,0.0,0.0
201500025354,21,3,15,18,1,37,261,2,1,1,7,QUAI ANDRE MALRAUX,0.0,0.0
201500025355,25,3,15,17,1,37,214,2,3,1,3,QUAI DE LA LOIRE,0.0,0.0
201500025356,25,3,15,12,1,37,261,2,4,1,1,AVENUE CHARLE BEDAUX,0.0,0.0
201500025357,26,3,15,16,1,37,261,2,1,2,6,BOULEVARD PREUILLY,0.0,0.0
201500025358,27,3,15,8,1,37,261,2,3,1,6,SAINT EXUPERY,0.0,0.0
201500025359,28,3,15,12,1,37,261,2,6,1,7,PARCAY (RUE DE),0.0,0.0
201500025360,27,3,15,14,1,37,261,2,1,1,7,RUE THEOPHANE VENIEN,0.0,0.0
201500025361,27,3,15,13,1,37,214,1,2,1,3,RUE FLEURIE,0.0,0.0
201500025362,29,3,15,12,1,37,261,2,1,2,3,40 QUAI DE  PORTILLON,0.0,0.0
201500025363,30,3,15,13,1,37,122,2,1,1,7,BD DES  BRETONNIERES,0.0,0.0
201500025364,30,3,15,20,2,37,261,2,1,1,3,AVENUE DU GAL DE GAULLE,0.0,0.0
201500025365,31,3,15,18,1,37,261,2,1,1,6,18 RUE  ROUGET DE L'ISLE,0.0,0.0
201500025366,22,2,15,17,1,37,195,2,1,1,7,25 ROUTE DE SAIT-GENOUPH,0.0,0.0
201500025367,1,4,15,9,1,37,261,2,7,1,6,14 Av DE LA TRANCHEE,0.0,0.0
201500025368,1,4,15,14,1,37,261,2,2,1,3,RUE DE CALAIS,0.0,0.0
201500025369,1,4,15,15,1,37,261,2,6,1,6,PLACE JEAN JAURES,0.0,0.0
201500025370,7,1,15,7,5,37,261,2,1,8,3,250 RUE GIRAUDEAU,0.0,0.0
201500025371,3,4,15,21,5,37,261,2,3,3,7,55 RUE  ENTRAIGUES,0.0,0.0
201500025372,10,1,15,16,1,37,261,2,1,1,4,11 AVENUE PROUDHON,0.0,0.0
201500025373,3,4,15,23,5,37,261,2,2,2,3,RUE VICTOR  HUGO,0.0,0.0
201500025374,13,1,15,8,1,37,261,2,2,1,2,62 DANIEL MAYER,0.0,0.0
201500025375,3,4,15,23,5,37,261,2,1,2,2,56 AV MARCEL DASSAULT,0.0,0.0
201500025376,22,1,15,14,1,37,122,2,1,1,6,RUE DE VERDUN,0.0,0.0
201500025377,2,4,15,13,1,37,261,2,1,1,6,BOULEVARD  TONNELLE,0.0,0.0
201500025378,25,1,15,11,1,37,122,2,1,1,6,PLACE DU GL LECLERC,0.0,0.0
201500025379,3,4,15,19,1,37,261,2,6,8,3,AV GEORGE POMPIDOU,0.0,0.0
201500025380,30,1,15,8,1,37,214,2,6,8,7,76 RUE DE PORTILLON,0.0,0.0
201500025381,4,4,15,13,1,37,261,2,2,1,3,RUE FRANCOIS ARAGO,0.0,0.0
201500025382,5,2,15,8,1,37,261,2,1,1,6,ROUTE DE  SAVONNIERES,0.0,0.0
201500025383,4,4,15,18,1,37,261,2,6,1,3,ROND POINT ALFRED NOBEL,0.0,0.0
201500025384,11,2,15,7,1,37,261,2,1,1,7,RUE DE l'AUBERDIERE,0.0,0.0
201500025385,4,4,15,19,1,37,195,1,1,1,1,LEVEE DU CHER,0.0,0.0
201500025386,11,2,15,8,1,37,261,2,2,8,6,PLACE SAINT ELOI,0.0,0.0
201500025387,7,4,15,8,1,37,233,2,2,1,3,RUE PIERRE SEMARD,0.0,0.0
201500025388,11,2,15,8,1,37,261,2,1,1,6,"76, AVENUE DE L'EUROPE",0.0,0.0
201500025389,7,4,15,9,1,37,208,2,1,1,4,RUE DE  LARCAY,0.0,0.0
201500025390,7,4,15,10,1,37,233,2,1,1,3,RUE DU 23  FEVRIER 1950,0.0,0.0
201500025391,7,4,15,13,1,37,261,2,2,1,3,RUE JEANNE WEDELLS,0.0,0.0
201500025392,8,4,15,9,1,37,261,2,1,1,6,1 PLACE JEAN CARPEAUX,0.0,0.0
201500025393,8,4,15,15,1,37,233,2,1,1,2,AVENUE JACQUES DUCLOS,0.0,0.0
201500025394,8,4,15,22,2,37,261,2,1,1,6,JAURES (PLACE JEAN),0.0,0.0
201500025395,9,4,15,8,1,37,122,2,3,1,3,RUE DU PONT  VOLANT,0.0,0.0
201500025396,8,4,15,20,1,37,233,2,1,1,2,QUAI DE LA LOIRE,0.0,0.0
201500025397,10,4,15,20,2,37,233,2,1,2,2,29 BD JEAN JAURES,0.0,0.0
201500025398,5,4,15,11,1,37,122,1,1,1,6,RD 37,0.0,0.0
201500025399,16,2,15,18,1,37,261,2,1,1,6,48  RUE D'ENTRAIGUES,0.0,0.0
201500025400,12,4,15,12,1,37,233,2,6,1,6,AVENUE STALINGRAD,0.0,0.0
201500025401,12,4,15,17,1,37,261,1,6,1,3,BD ABEL GANCE,0.0,0.0
201500025402,12,4,15,16,1,37,261,2,1,1,6,DANIEL MAYER,0.0,0.0
201500025403,13,4,15,11,1,37,261,2,1,1,6,50 RUE DES  TANNEURS,0.0,0.0
201500025404,12,4,15,19,1,37,261,2,2,1,3,8 RUE DE  SUEDE,0.0,0.0