Num_Acc,jour,mois,an,hr,condition_eclairage,departement,commune,condition_agglomeration,intersection,condition_atmosphere,type_collision,adresse,lattitude,longitude
201500025405,14,4,15,13,1,37,261,1,1,1,2,PLACE CHOISEUL,0.0,0.0
201500025406,15,4,15,12,1,37,261,2,2,1,3,RUE GIRAUDEAU,0.0,0.0
201500025407,15,4,15,13,1,37,261,2,6,1,3,RUE DES TANNEURS,0.0,0.0
201500025408,15,4,15,20,1,37,261,2,1,1,7,35 RUE DE  LILLE,0.0,0.0
201500025409,7,3,15,1,5,37,208,2,1,1,6,57 RUE DE  LARCAY,0.0,0.0
201500025410,19,4,15,1,5,37,261,2,2,1,3,RUE DU  GAL  RENAULT,0.0,0.0
201500025411,19,4,15,15,1,37,261,2,1,1,1,AV COMPAGNONS D'EMMAUS,0.0,0.0
201500025412,20,4,15,8,1,37,261,2,1,1,6,6BIS BD BERANGER,0.0,0.0
201500025413,3,1,15,6,5,37,261,2,1,2,6,BD LOUIS XI,0.0,0.0
201500025414,20,4,15,11,1,37,122,2,3,1,3,RUE DU PONT VOLANT,0.0,0.0
201500025415,7,1,15,15,1,37,122,2,1,1,7,10 BIS RUE GALLIENI,0.0,0.0
201500025416,22,4,15,12,1,37,214,2,1,1,6,141 BD CHARLE DE GAULLE,0.0,0.0
201500025417,7,1,15,18,5,37,261,2,2,1,3,AVENUE MARCEL MERIEUX,0.0,0.0
201500025418,22,4,15,15,1,37,261,2,2,1,3,DANIEL MAYER,0.0,0.0
201500025419,9,1,15,8,5,37,261,2,1,2,6,RUE PIERRE MARIE CURIE,0.0,0.0
201500025420,21,4,15,17,1,37,261,2,1,1,2,PONT SAINT SAUVEUR,0.0,0.0
201500025421,19,1,15,18,3,37,261,2,2,1,3,RUE D'ENTRAIGUES,0.0,0.0
201500025422,21,4,15,17,1,37,261,2,1,1,7,CARREFOUR DE L ALOUETTE,0.0,0.0
201500025423,20,1,15,8,5,37,261,2,3,1,3,RUE SAINT BARTHELEMY,0.0,0.0
201500025424,21,4,15,19,1,37,261,1,2,1,6,QUAI ANDRE MALRAUX,0.0,0.0
201500025425,20,1,15,8,1,37,261,2,1,1,5,96 QUAI PAUL BERT,0.0,0.0
201500025426,23,4,15,8,1,37,195,2,3,1,1,RUE  RONSARD,0.0,0.0
201500025427,20,1,15,8,2,37,261,2,2,1,3,RUE GIRAUDEAU,0.0,0.0
201500025428,23,4,15,21,5,37,261,2,2,1,3,RUE NATIONALE,0.0,0.0
201500025429,24,1,15,15,1,37,261,2,3,1,3,RUE CROIX PASQUIER,0.0,0.0
201500025430,24,4,15,0,5,37,261,2,1,1,6,96 RUE GEORGES SAND,0.0,0.0
201500025431,27,1,15,7,5,37,261,2,1,1,2,64 BOULEVARD BERANGER,0.0,0.0
201500025432,24,4,15,13,1,37,261,2,1,1,3,PLACE NICOLAS COPERNIC,0.0,0.0
201500025433,30,1,15,20,5,37,261,2,2,1,3,BD RICHARD WAGNER,0.0,0.0
201500025434,24,4,15,13,1,37,122,1,1,1,7,RTE DE MONTS,0.0,0.0
201500025435,2,2,15,6,5,37,261,2,1,1,3,64 RUE DANIEL MAYER,0.0,0.0
201500025436,24,4,15,17,1,37,261,2,6,1,2,RUE DE LA VICTOIRE,0.0,0.0
201500025437,2,2,15,7,5,37,261,2,1,1,6,RUE DE  LA VICTOIRE,0.0,0.0
201500025438,25,4,15,15,1,37,261,2,6,1,6,AVENUE GEORGES POMPIDOU,0.0,0.0
201500025439,6,2,15,13,1,37,261,2,3,1,3,BD RICHARD WAGNER,0.0,0.0
201500025440,22,4,15,8,1,37,233,1,1,1,3,AVENUE JACQUES DUCLOS,0.0,0.0
201500025441,6,2,15,19,5,37,261,2,3,1,6,BD DU MARECHAL JUIN,0.0,0.0
201500025442,26,4,15,19,1,37,261,2,6,3,3,ROND POINT MULHEIM,0.0,0.0
201500025443,11,2,15,14,1,37,261,2,2,1,3,RUE DE LA FUYE,0.0,0.0
201500025444,29,4,15,7,1,37,233,2,3,1,3,69 RUE GABRIEL PERRY,0.0,0.0
201500025445,13,2,15,10,1,37,122,1,1,1,7,PARC DE LA LIODIERE,0.0,0.0
201500025446,23,4,15,19,1,37,122,2,1,1,6,RUE LAMARTINE,0.0,0.0
201500025447,30,4,15,21,3,37,261,2,1,3,7,RD 37,0.0,0.0
201500025448,1,5,15,4,5,37,261,2,1,3,2,BD ABEL GANCE,0.0,0.0
201500025449,2,5,15,20,5,37,261,2,1,3,7,57 RUE DANIEL MAYER,0.0,0.0
201500025450,30,4,15,20,1,37,261,1,1,3,5,66 AV MARCEL DASSAULT,0.0,0.0
201500025451,2,5,15,11,1,37,208,2,1,8,7,AVENUE DU LAC,0.0,0.0
201500025452,5,5,15,6,2,37,261,2,1,8,7,AV CAMILLE CHAUTEMPS,0.0,0.0
201500025453,5,5,15,19,1,37,261,2,1,1,3,20 RUE DE  BERGEONERIE,0.0,0.0
201500025454,15,3,15,0,5,37,261,2,1,1,7,1 QUAI ANDRE  MALRAUX,0.0,0.0
201500025455,6,3,15,17,1,37,261,2,1,1,2,PLACE  THIERS,0.0,0.0
201500025456,1,5,15,18,1,37,122,1,1,3,6,,0.0,0.0
201500025457,6,5,15,14,1,37,261,2,3,1,3,STENDHAL (AVENUE),0.0,0.0
201500025458,7,5,15,12,1,37,261,2,2,1,3,RUE DE JEMMAPES,0.0,0.0
201500025459,7,5,15,18,1,37,261,2,1,1,7,134 BD HEURTELOUP,0.0,0.0
201500025460,18,3,15,12,1,37,261,2,1,1,7,134 RUE DU  PLAT D'ETAIN,0.0,0.0
201500025461,2,1,15,20,3,37,122,1,1,5,7,CHEMIN CHAMBRAY/ISERNAY,0.0,0.0
201500025462,24,3,15,10,1,37,261,2,3,2,7,AVENUE DE FLORENCE,0.0,0.0
201500025463,17,1,15,22,5,37,122,2,1,1,7,80 BD JEAN JAURES,0.0,0.0
201500025464,11,5,15,0,5,37,261,2,2,1,3,RUE CLOS SAINT LIBERT,0.0,0.0
201500025465,26,1,15,21,5,37,261,2,6,8,7,RUE DES  TANNEURS,0.0,0.0
201500025466,12,5,15,11,1,37,261,2,2,1,3,RUE  DELACROIX,0.0,0.0
201500025467,13,2,15,0,4,37,261,2,1,1,6,AVENUE MARCEL DASSAULT,0.0,0.0
201500025468,12,5,15,12,1,37,122,1,3,1,6,AVENUE DE   BORDEAUX,0.0,0.0
201500025469,15,5,15,17,1,37,261,1,1,1,7,RUE CHRISTIAN HUYGENS,0.0,0.0
201500025470,17,5,15,15,1,37,195,2,1,1,6,RUE DE LA  MAIRIE,0.0,0.0
201500025471,19,5,15,17,1,37,233,2,3,1,3,RUE MARTIN AUDENET,0.0,0.0
201500025472,19,5,15,19,1,37,261,2,3,1,6,197 AVENUE DE GRAMMONT,0.0,0.0
201500025473,20,5,15,5,5,37,122,2,3,1,3,PONT CHER (RUE DU),0.0,0.0
201500025474,20,5,15,10,1,37,261,2,6,2,7,CARREF FRANCAIS LIBRES,0.0,0.0
201500025475,24,3,15,7,1,37,261,2,1,1,6,17   AVENUE  PROUDHON,0.0,0.0
201500025476,21,5,15,12,1,37,261,2,1,1,3,14 AVENUE DE LA TRANCHEE,0.0,0.0
201500025477,20,5,15,18,1,37,261,2,2,1,1,AVENUE DE LA REPUBLIQUE,0.0,0.0
201500025478,20,5,15,16,1,37,195,1,3,1,1,ROUTE DE ST-GENOUPH/PAVI,0.0,0.0
201500025479,23,5,15,15,1,37,261,2,1,1,7,PONT  MIRABEAU/PAUL BERT,0.0,0.0
201500025480,25,5,15,11,1,37,195,2,2,1,3,150 RUE DE LA MAIRIE,0.0,0.0
201500025481,26,5,15,11,1,37,214,2,1,1,6,BD CHARLE DE GAULLE,0.0,0.0
201500025482,28,5,15,9,1,37,214,2,1,1,6,RUE DES SOURCES,0.0,0.0
201500025483,28,4,15,23,5,37,261,2,2,1,2,AVENUE DE FLORENCE,0.0,0.0
201500025484,28,5,15,23,5,37,261,2,2,1,2,AVENUE DE FLORENCE,0.0,0.0
201500025485,28,5,15,12,1,37,122,2,1,1,7,RUE DE  VERDUN,0.0,0.0
201500025486,29,5,15,18,1,37,195,2,1,1,7,LEVEE DE LA LOIRE,0.0,0.0
201500025487,29,5,15,16,1,37,261,2,1,1,2,AV GUSTAVE   EIFFEL,0.0,0.0
201500025488,30,5,15,15,1,37,261,2,1,1,2,7 RUE DE LA VICTOIRE,0.0,0.0
201500025489,3,1,15,16,1,37,261,2,1,2,7,38 PLACE  GASTON PAILHOU,0.0,0.0
201500025490,31,5,15,12,1,37,261,2,1,1,3,PLACE CHOISEUL,0.0,0.0
201500025491,2,6,15,18,1,37,122,2,1,1,1,RUE DE BEAULIEU,0.0,0.0
201500025492,3,6,15,13,1,37,261,2,1,1,3,10 RUE DANIEL MAYER,0.0,0.0
201500025493,4,6,15,7,1,37,233,1,6,1,3,"0, STALINGRAD (AVENUE)",0.0,0.0
201500025494,4,6,15,8,1,37,261,1,1,1,4,RD 37,0.0,0.0
201500025495,3,6,15,19,1,37,122,2,6,1,3,190 BD DE CHINON,0.0,0.0
201500025496,5,6,15,15,1,37,233,2,2,1,1,31 RUE MARTIN  AUDENET,0.0,0.0
201500025497,7,6,15,0,3,37,122,2,1,1,7,50 RUE DE  BEAULIEU,0.0,0.0
201500025498,16,3,15,13,1,37,122,2,6,1,6,CUGNOT (RUE JOSEPH),0.0,0.0
201500025499,8,6,15,8,1,37,208,2,1,1,6,54 AV DU GAL DE GAULLE,0.0,0.0
201500025500,8,6,15,12,1,37,214,2,6,1,3,169 RUE DES SOURCES,0.0,0.0
201500025501,8,6,15,22,3,37,195,2,1,1,6,,0.0,0.0
201500025502,8,6,15,17,1,37,122,1,1,1,2,RD 37,0.0,0.0
201500025503,9,6,15,8,1,37,261,2,1,1,3,115 RUE  GIRAUDEAU,0.0,0.0
201500025504,1,4,15,9,1,37,261,2,1,1,2,AVENUE DE  GRAMMONT,0.0,0.0
201500025505,9,6,15,14,1,37,233,1,1,1,6,LEVEE DE LA LOIRE,0.0,0.0
201500025506,9,6,15,19,1,37,122,2,6,1,3,RUE DE LA DOUZILLIERE,0.0,0.0
201500025507,17,3,15,16,1,37,261,2,1,1,2,BD  DU  MARECHAL  JUIN,0.0,0.0
201500025508,10,6,15,14,1,37,261,2,1,2,7,AV ANDRE MAGINOT,0.0,0.0
201500025509,11,6,15,12,1,37,122,2,1,1,5,156 BD JEAN  JAURES,0.0,0.0
201500025510,12,6,15,11,1,37,261,2,6,2,3,ROUTE DE SAVONNIERES,0.0,0.0
201500025511,12,6,15,11,1,37,261,2,3,2,3,AV CAMILLE  CHAUTEMPS,0.0,0.0
201500025512,12,6,15,14,1,37,122,2,1,1,6,ALLEE DU BOSQUET,0.0,0.0
201500025513,13,6,15,17,1,37,261,1,6,1,3,BD ABEL GANCE,0.0,0.0
201500025514,13,6,15,17,1,37,208,2,1,1,7,38 RUE DES  HERAULTS,0.0,0.0
201500025515,14,6,15,17,1,37,261,2,1,8,6,205 RUE DES BORDIERS,0.0,0.0
201500025516,17,6,15,8,1,37,261,2,2,1,3,RUE STEPHANE  PITARD,0.0,0.0
201500025517,17,6,15,17,1,37,122,2,3,1,3,RUE DE VERDUN,0.0,0.0
201500025518,19,6,15,13,1,37,122,2,1,1,3,04 AV DU GAL DE GAULLE,0.0,0.0
201500025519,15,6,15,5,3,37,214,2,1,2,3,BD CHARLES DE GAULLE,0.0,0.0
201500025520,21,6,15,14,1,37,214,2,1,1,7,36 RUE HENRI LEBRUN,0.0,0.0
201500025521,21,6,15,20,1,37,261,2,2,1,3,RUE  NATIONALE,0.0,0.0
201500025522,24,6,15,14,1,37,261,2,1,1,7,PONT MIRABEAU,0.0,0.0
201500025523,24,6,15,19,1,37,122,1,9,1,3,ROUTE DE MONTS,0.0,0.0
201500025524,10,6,15,12,1,37,208,2,1,2,2,AVENUE DU LAC,0.0,0.0
201500025525,26,6,15,7,1,37,122,2,1,1,2,ROUTE DE SAVONNIERES,0.0,0.0
201500025526,2,7,15,17,1,37,261,2,1,1,3,QUAO ANDRE MALRAUX,0.0,0.0
201500025527,27,6,15,15,1,37,208,2,1,7,2,103 RUE DE  LARCAY,0.0,0.0
201500025528,26,6,15,17,1,37,122,2,1,1,2,RUE GUTENBERG,0.0,0.0
201500025529,30,6,15,18,1,37,261,2,1,1,6,8 BIS BD BERANGER,0.0,0.0
201500025530,30,6,15,20,1,37,261,2,3,1,6,RUE GIRAUDEAU,0.0,0.0
201500025531,1,7,15,11,1,37,122,2,2,1,3,RUE PASTEUR,0.0,0.0
201500025532,1,7,15,11,1,37,233,2,1,1,3,10 RUE DE BRETECHE,0.0,0.0
201500025533,11,5,15,8,1,37,261,1,1,1,2,BD ABEL GANCE,0.0,0.0
201500025534,13,5,15,18,1,37,122,2,9,1,5,BOULEVARD DE CHINON,0.0,0.0
201500025535,2,7,15,10,1,37,122,2,3,1,6,RUE DE VERDUN,0.0,0.0
201500025536,3,7,15,23,5,37,195,2,7,1,6,28 PLACE SAINT ANNE,0.0,0.0
201500025537,3,7,15,11,1,37,214,1,2,1,3,AVENUE DE LA REPUBLIQUE,0.0,0.0
201500025538,5,7,15,21,1,37,233,2,3,1,3,PONT JEAN MOULIN,0.0,0.0
201500025539,7,7,15,9,1,37,261,2,2,1,6,AVENUE SAINT LAZARE,0.0,0.0
201500025540,15,5,15,17,1,37,122,2,1,1,2,AVENUE DE BORDEAUX,0.0,0.0
201500025541,7,7,15,23,3,37,122,2,1,1,6,RD 37,0.0,0.0
201500025542,8,7,15,8,1,37,261,2,1,1,6,AVENUE DE L EUROPE,0.0,0.0
201500025543,21,5,15,16,1,37,261,2,1,1,7,RUE JACQUES  MONOD,0.0,0.0
201500025544,8,7,15,3,3,37,233,2,1,1,6,QUAI DE LA LOIRE,0.0,0.0
201500025545,9,7,15,9,1,37,233,2,1,1,2,RUE DU COLOMBIER,0.0,0.0
201500025546,10,7,15,19,1,37,208,2,3,1,3,RUE DE CORMERY,0.0,0.0
201500025547,18,6,15,14,1,37,261,2,1,1,6,PROMENADE DE FLORENCE,0.0,0.0
201500025548,16,6,15,8,1,37,122,2,8,1,7,ROUTE DES  VAUX,0.0,0.0
201500025549,14,7,15,0,5,37,261,2,1,1,6,208 RUE  JOLIVET,0.0,0.0
201500025550,14,7,15,20,1,37,233,2,2,1,3,AVENUE LENINE,0.0,0.0
201500025551,15,7,15,16,1,37,261,1,1,1,7,,0.0,0.0
201500025552,15,7,15,11,1,37,261,2,2,1,3,RUE DE  TOURCOING,0.0,0.0
201500025553,16,7,15,16,1,37,261,2,1,1,6,2 RUE NICOLAS POUSSIN,0.0,0.0
201500025554,17,7,15,17,1,37,261,2,1,1,4,PONT SAINT SAUVEUR,0.0,0.0
201500025555,6,7,15,22,5,37,122,2,6,1,6,TROIS CROIX (PLACE DES),0.0,0.0
201500025556,17,7,15,19,1,37,122,2,1,1,6,RUE GERMAIN PILON,0.0,0.0
201500025557,23,7,15,8,1,37,261,2,3,1,3,RUE DU  COLOMBIER,0.0,0.0
201500025558,10,7,15,19,1,37,261,2,1,1,1,326 RUE ED VAILLANT,0.0,0.0
201500025559,24,7,15,15,1,37,261,2,1,1,6,RUE FLEURY,0.0,0.0
201500025560,25,7,15,21,2,37,261,2,1,1,6,PLACE ANATOLE  FRANCE,0.0,0.0
201500025561,19,7,15,20,1,37,122,2,1,1,7,RUE DU BOIS TAILHAR,0.0,0.0
201500025562,27,7,15,15,1,37,261,2,1,1,2,AV DU GL DE GAULLE,0.0,0.0
201500025563,28,7,15,20,1,37,214,2,1,1,7,RUE DU BOCAGE,0.0,0.0
201500025564,26,7,15,12,1,37,261,2,4,2,1,AVENUE GEORGES POMPIDOU,0.0,0.0
201500025565,30,7,15,16,1,37,233,2,2,1,1,AV DE LA REPUBLIQUE,0.0,0.0
201500025566,4,8,15,10,1,37,122,1,1,1,6,26  RUE DE DOUZILLIERE,0.0,0.0
201500025567,4,8,15,15,1,37,261,2,1,1,1,BOULEVARD TONNELLE,0.0,0.0
201500025568,7,8,15,23,5,37,261,2,1,1,7,QUAI DE MARMOUTIER,0.0,0.0
201500025569,31,7,15,15,1,37,214,2,1,1,2,307 BD C DE GAULLE,0.0,0.0
201500025570,8,8,15,13,1,37,122,1,1,8,3,BD DES  BRETONNIERES,0.0,0.0
201500025571,7,8,15,15,1,37,195,2,2,1,6,RUE SAINT FRANCOIS,0.0,0.0
201500025572,9,8,15,9,1,37,261,2,1,2,7,AV DE LA  REPUBLIQUE,0.0,0.0
201500025573,9,8,15,15,1,37,261,2,1,1,3,89 BIS BD HEURTELOUP,0.0,0.0
201500025574,10,8,15,8,1,37,214,2,1,1,3,179 RUE DE LA LANDE,0.0,0.0
201500025575,7,8,15,11,1,37,195,2,1,1,6,2 RUE FRANCOIS MITTERAND,0.0,0.0
201500025576,11,8,15,20,1,37,233,2,4,1,3,BD JAURES,0.0,0.0
201500025577,13,8,15,9,1,37,261,2,1,2,7,QUAI ANDRE MALRAUX,0.0,0.0
201500025578,13,8,15,17,1,37,261,2,1,8,7,RUE ROGER SALENGRO,0.0,0.0
201500025579,13,8,15,21,5,37,261,2,1,2,7,40 RUE DES  TANNEURS,0.0,0.0
201500025580,14,8,15,14,1,37,261,2,1,2,6,AVENUE STENDHAL,0.0,0.0
201500025581,16,8,15,15,1,37,208,2,1,1,6,86 RUE DES HERAULTS,0.0,0.0
201500025582,16,8,15,17,1,37,261,2,3,1,6,ALLEE DE CANGE,0.0,0.0
201500025583,18,8,15,18,1,37,122,1,1,1,7,RD 37,0.0,0.0
201500025584,18,8,15,18,1,37,195,2,1,1,3,PLACE SAINTE ANNE,0.0,0.0
201500025585,19,8,15,20,1,37,261,2,2,1,3,RUE  AMBOISE,0.0,0.0
201500025586,19,8,15,18,1,37,122,2,1,1,4,RUE DE LA BERGEONNERIE,0.0,0.0
201500025587,6,8,15,16,1,37,261,2,1,1,7,11 PL GASTON PAILHOU,0.0,0.0
201500025588,6,8,15,18,1,37,208,2,1,1,1,43 RUE DE  LARCAY,0.0,0.0
201500025589,21,8,15,23,5,37,233,2,4,1,2,RUE MARCEL CACHIN,0.0,0.0
201500025590,22,8,15,2,5,37,214,2,1,1,7,QUAI DE LA LOIRE,0.0,0.0
201500025591,24,8,15,7,1,37,261,2,6,2,7,RONDPOINT TROIS RIVIERES,0.0,0.0
201500025592,24,8,15,12,1,37,214,2,6,2,7,RUE DES BORDIERS,0.0,0.0
201500025593,25,8,15,7,1,37,122,2,6,1,3,RUE DES MARTYRS,0.0,0.0
201500025594,25,8,15,11,1,37,261,2,1,1,2,AVENUE DE GRAMMONT,0.0,0.0
201500025595,21,8,15,10,1,37,261,2,1,1,3,AV GEORGES POMPIDOU,0.0,0.0
201500025596,24,8,15,13,1,37,214,2,1,1,7,RUE D AMBOISE,0.0,0.0
201500025597,24,8,15,16,1,37,122,2,1,1,7,RUE LAVOISIER,0.0,0.0
201500025598,24,8,15,16,1,37,261,1,1,1,2,ROUTE DE SAINT AVERTIN,0.0,0.0
201500025599,27,8,15,21,5,37,261,2,2,3,6,RUE LEON BOYER,0.0,0.0
201500025600,28,8,15,6,5,37,122,2,1,2,7,58 BD JEAN JAURES,0.0,0.0
201500025601,27,8,15,8,1,37,122,1,1,1,3,RD 37,0.0,0.0
201500025602,27,8,15,10,1,37,261,2,2,2,3,RUE DU CLOS SAINT LIBERT,0.0,0.0
201500025603,1,9,15,16,1,37,261,2,1,1,5,AVENUE GEORGES POMPIDOU,0.0,0.0
201500025604,1,9,15,12,1,37,233,2,2,1,3,RUE LINE  PORCHER,0.0,0.0
201500025605,1,9,15,12,1,37,261,2,1,1,7,ALLEE FERDINAND LESSEPS,0.0,0.0
201500025606,2,9,15,8,1,37,261,2,1,1,3,AVENUE ED  MICHELIN,0.0,0.0
201500025607,2,9,15,12,1,37,261,2,2,1,3,QUAI ANDRE MALRAUX,0.0,0.0
201500025608,2,9,15,19,1,37,261,2,1,1,1,PLACE DU MAL LECLERC,0.0,0.0
201500025609,27,8,15,18,1,37,261,1,1,1,6,BOULEVARD BERANGER,0.0,0.0
201500025610,3,9,15,9,1,37,261,2,2,1,6,24 AVENUE DE GRAMMONT,0.0,0.0
201500025611,4,9,15,16,1,37,261,2,1,1,6,40 AVENUE DE  GRAMMONT,0.0,0.0
201500025612,4,9,15,18,1,37,208,2,2,1,3,RUE DE LA SABOTERIE,0.0,0.0
201500025613,7,9,15,8,1,37,195,2,1,1,3,04 RUE JULES VERNE,0.0,0.0
201500025614,7,9,15,8,1,37,122,1,1,1,7,RD 37,0.0,0.0
201500025615,7,9,15,8,1,37,261,2,1,1,7,PLACE DE LA  VICTOIRE,0.0,0.0
201500025616,8,9,15,13,1,37,208,2,3,1,2,RUE DES CICOTTEES,0.0,0.0
201500025617,8,9,15,19,1,37,261,2,3,1,3,BOULEVARD PREUILLY,0.0,0.0
201500025618,9,9,15,8,1,37,233,2,1,1,3,45  QUAI DE  LA LOIRE,0.0,0.0
201500025619,9,9,15,19,1,37,261,2,1,1,3,RUE ARTHUR RIMBAUD,0.0,0.0
201500025620,10,9,15,8,1,37,122,2,8,1,1,ROUTE DE MONTS,0.0,0.0
201500025621,10,9,15,8,1,37,261,2,1,1,2,15 QUAI DE  PORTILLON,0.0,0.0
201500025622,10,9,15,16,1,37,261,2,1,1,6,69 AVENUE DE  GRAMMONT,0.0,0.0
201500025623,10,9,15,15,1,37,261,2,6,1,3,PONT SAINT SAUVEUR,0.0,0.0
201500025624,11,9,15,0,5,37,261,2,1,1,2,PLACE ANATOLE FRANCE,0.0,0.0
201500025625,11,9,15,13,1,37,261,2,1,1,1,PLACE ANATOLE FRANCE,0.0,0.0
201500025626,12,9,15,10,1,37,261,2,1,2,7,57 AVENUE DE  GRAMMONT,0.0,0.0
201500025627,11,9,15,20,5,37,261,2,2,1,3,RUE DU GAL CHANZY,0.0,0.0
201500025628,27,7,15,8,1,37,122,2,1,1,3,144 BD JEAN JAURES,0.0,0.0
201500025629,13,9,15,20,5,37,261,2,1,2,7,1 BD  HEURTELOUP,0.0,0.0
201500025630,10,9,15,19,1,37,208,2,2,1,3,RUE DES FONTAINES,0.0,0.0
201500025631,15,9,15,20,3,37,261,2,1,2,7,RUE PINGUET GUINDON,0.0,0.0
201500025632,16,9,15,8,1,37,233,2,3,3,7,"., CUGNOT (RUE JOSEPH)",0.0,0.0
201500025633,16,9,15,14,1,37,261,2,2,3,7,RUE SEBASTOPOL,0.0,0.0
201500025634,18,9,15,15,1,37,122,2,4,3,3,BD DES BRETONNIERES,0.0,0.0
201500025635,18,9,15,17,1,37,261,2,7,1,6,PLACE FRANCOIS SICARD,0.0,0.0
201500025636,18,9,15,18,1,37,122,2,6,3,6,RUE DE LA GITONNIERE,0.0,0.0
201500025637,19,9,15,9,1,37,261,2,1,1,2,ROUTE DE ROUZIERS,0.0,0.0
201500025638,21,9,15,16,1,37,261,2,1,1,7,52 RUE NATIONALE,0.0,0.0
201500025639,27,8,15,14,1,37,261,2,2,1,3,RUE  CAULAINCOURT,0.0,0.0
201500025640,27,8,15,17,1,37,233,2,3,1,2,RUE HOCHE,0.0,0.0
201500025641,22,9,15,18,1,37,233,2,2,1,2,BD JEAN JAURES,0.0,0.0
201500025642,14,8,15,8,1,37,195,2,1,1,7,RUE JEAN  MOULIN,0.0,0.0
201500025643,15,8,15,12,1,37,261,2,3,1,3,81 AVENUE DE  GRAMMONT,0.0,0.0
201500025644,24,9,15,19,1,37,261,2,7,1,3,2 PLACE CHOISEUL,0.0,0.0
201500025645,25,9,15,7,1,37,208,2,1,1,7,AVENUE DE  BEAUGAILLARD,0.0,0.0
201500025646,25,9,15,13,1,37,261,2,3,1,3,ROUTE DE SAINT AVERTIN,0.0,0.0
201500025647,25,9,15,19,1,37,261,2,2,1,3,RUE MICHEL COLOMBE,0.0,0.0
201500025648,25,9,15,3,5,37,214,2,1,1,6,56 RUEDE PORTILLON,0.0,0.0
201500025649,26,9,15,18,1,37,261,2,3,1,2,QUAI PAUL BERT,0.0,0.0
201500025650,27,9,15,6,3,37,122,1,1,1,7,RD 37,0.0,0.0
201500025651,27,9,15,22,3,37,122,2,1,1,2,RD 37,0.0,0.0
201500025652,28,9,15,8,1,37,122,2,1,1,6,RUE DE LA  DOUZILLIERE,0.0,0.0
201500025653,28,9,15,8,1,37,261,2,3,1,6,BD WILSON CHURCHILL,0.0,0.0
201500025654,28,9,15,9,1,37,122,2,1,1,1,RUE DE BOIS TAILHAR,0.0,0.0
201500025655,28,9,15,17,1,37,233,2,2,1,6,AVENUE LENINE,0.0,0.0
201500025656,28,9,15,16,1,37,261,2,3,1,3,RUE DE TOURCOING,0.0,0.0
201500025657,29,9,15,9,1,37,261,2,1,1,6,120 AVENUE DE  GRAMMONT,0.0,0.0
201500025658,18,9,15,19,2,37,261,2,1,2,7,AVENUE GUSTAVE  EIFFEL,0.0,0.0
201500025659,29,9,15,22,5,37,261,2,2,1,3,RUE DU  GRAND-MARCHE,0.0,0.0
201500025660,30,9,15,9,1,37,208,2,3,1,5,RUE DES CIGOGNES,0.0,0.0
201500025661,29,9,15,13,1,37,261,2,1,1,3,RUE AUGUSTE CHEVALLIER,0.0,0.0
201500025662,30,9,15,13,1,37,261,2,1,1,7,86 BD THIERS,0.0,0.0
201500025663,30,9,15,19,1,37,261,2,2,1,3,RUE DE METZ,0.0,0.0
201500025664,9,8,15,10,1,37,122,1,1,3,7,RD 37,0.0,0.0
201500025665,1,10,15,12,1,37,122,2,2,1,6,BD JEAN JAURES,0.0,0.0
201500025666,1,10,15,14,1,37,261,2,3,1,3,BD HEURTELOUP,0.0,0.0
201500025667,1,10,15,18,1,37,261,2,1,1,6,20 BIS ROUGET DE L'ISLE,0.0,0.0
201500025668,1,10,15,21,5,37,261,2,1,1,1,64 RUE  RONSARD,0.0,0.0
201500025669,2,10,15,8,1,37,233,2,2,1,3,RUE MAURICE  BEAUFILS,0.0,0.0
201500025670,18,9,15,16,1,37,261,2,1,2,2,51 AVENUE DE PONT CHER,0.0,0.0
201500025671,2,10,15,14,1,37,261,2,1,1,3,134 BD HEURTELOUP,0.0,0.0
201500025672,2,10,15,17,1,37,122,2,1,1,2,RUE DU  PONT CHER,0.0,0.0
201500025673,2,10,15,17,1,37,233,2,1,1,7,AVENUE DE LA REPUBLIQUE,0.0,0.0
201500025674,6,10,15,8,1,37,122,2,1,1,2,ROUTE DE MONTS,0.0,0.0
201500025675,8,10,15,17,1,37,261,2,2,1,3,BD MARCHANT DU PLESSIS,0.0,0.0
201500025676,11,10,15,3,3,37,261,2,1,1,4,RD 37,0.0,0.0
201500025677,11,10,15,5,5,37,261,2,1,1,6,PLACE JEAN JAURES,0.0,0.0
201500025678,12,10,15,5,5,37,233,2,3,1,1,AVENUE JACQUES DUCLOS,0.0,0.0
201500025679,13,10,15,5,5,37,261,2,6,1,3,AVENUE  DU DANEMARK,0.0,0.0
201500025680,13,10,15,8,1,37,261,2,1,1,3,107  RUE GIRAUDEAU,0.0,0.0
201500025681,13,10,15,17,1,37,122,1,3,1,3,PARC DE LA LIODIERE,0.0,0.0
201500025682,13,10,15,20,5,37,261,2,3,1,1,AVENUE PORTALIS,0.0,0.0
201500025683,15,10,15,21,5,37,122,2,2,1,1,RUE DES MARTYRS,0.0,0.0
201500025684,15,10,15,12,1,37,261,2,1,1,6,9 R  COMMANDANT BOURGOIN,0.0,0.0
201500025685,16,10,15,11,1,37,233,2,3,8,3,"175bis, HONORE BALZAC",0.0,0.0
201500025686,12,10,15,11,1,37,261,1,9,1,5,RD 37,0.0,0.0
201500025687,16,10,15,20,5,37,261,2,1,1,6,191 RUE ED   VAILLANT,0.0,0.0
201500025688,17,10,15,7,5,37,233,2,1,1,6,6 QUAI DE LA LOIRE,0.0,0.0
201500025689,17,10,15,18,2,37,261,2,1,1,2,PONT SAINT SAUVEUR,0.0,0.0
201500025690,19,10,15,7,1,37,195,1,1,1,5,PERIPHERIQUE OUEST,0.0,0.0
201500025691,19,10,15,15,1,37,261,2,1,1,3,26 RUE GEORGES MELIES,0.0,0.0
201500025692,19,10,15,21,5,37,195,2,1,1,1,RD 88,0.0,0.0
201500025693,20,10,15,13,1,37,208,1,1,1,7,RUE DE  ROCHEPINARD,0.0,0.0
201500025694,20,10,15,16,1,37,233,2,1,1,6,82 AVENUE  REPUBLIQUE,0.0,0.0
201500025695,21,10,15,12,1,37,261,2,1,1,3,34 AV  MAGINOT,0.0,0.0
201500025696,5,8,15,14,1,37,122,1,1,1,6,RUE JOSEPH CUGNOT,0.0,0.0
201500025697,22,10,15,19,5,37,122,2,2,2,6,AVENUE DE BORDEAUX,0.0,0.0
201500025698,4,9,15,11,1,37,261,2,1,1,6,BD WILSON CHURCHILL,0.0,0.0
201500025699,26,10,15,14,1,37,195,1,1,1,2,BOULEVARD LOUIS XI,0.0,0.0
201500025700,27,10,15,7,1,37,261,2,2,1,3,RUE CHOPIN,0.0,0.0
201500025701,27,10,15,19,5,37,261,2,6,2,2,BD WINSTON CHURCHILL,0.0,0.0
201500025702,27,10,15,19,3,37,233,1,1,2,5,AVENUE JACQUE DUCLOS,0.0,0.0
201500025703,28,10,15,12,1,37,261,2,3,1,1,2 RUE GEORGES MELIES,0.0,0.0