Num_Acc,jour,mois,an,hr,condition_eclairage,departement,commune,condition_agglomeration,intersection,condition_atmosphere,type_collision,adresse,lattitude,longitude
201500025704,28,10,15,13,1,37,261,2,1,1,3,QUAI ANDRE MALRAUX,0.0,0.0
201500025705,28,8,15,21,5,37,122,2,1,1,3,JEAN JAURES,0.0,0.0
201500025706,29,9,15,20,5,37,261,2,6,1,7,LES FRANCAIS LIBRES,0.0,0.0
201500025707,29,10,15,20,5,37,261,2,6,1,7,FRANCAIS LIBRES,0.0,0.0
201500025708,29,10,15,15,1,37,261,2,1,1,4,121 BD HEURTELOUP,0.0,0.0
201500025709,1,11,15,15,1,37,233,2,1,1,7,107 RUE DE   RABATERIE,0.0,0.0
201500025710,2,11,15,12,1,37,261,2,1,1,1,7 RUE PIERRE  LEPAGE,47.42817,0.69098
201500025711,2,11,15,14,1,37,261,2,1,1,6,31 AVENUE  MONGE,47.35771,0.70212
201500025712,2,11,15,16,1,37,261,2,1,1,6,247 RUE DES DOUETS,47.43456,0.67789
201500025713,2,11,15,18,5,37,122,2,1,1,6,17 RUE JULES FERRY,0.0,0.0
201500025714,3,11,15,7,1,37,233,1,3,1,3,QUAI DE LA LOIRE,47.39669,0.72651
201500025715,3,11,15,8,1,37,233,1,3,1,2,QUAI DE LA LOIRE,47.39669,0.72651
201500025716,4,11,15,13,1,37,261,2,1,1,6,104 RUE  NATIONALE,0.0,0.0
201500025717,5,11,15,8,1,37,233,2,6,1,3,RUE VAILLANT COUTURIER,47.39287,0.71595
201500025718,5,11,15,11,1,37,233,1,1,1,7,CHEMIN DE LA MORINERIE,47.39418,0.75131
201500025719,5,11,15,12,1,37,122,2,3,1,3,2 RUE DU MARECHAL  FOCH,0.0,0.0
201500025720,5,11,15,17,1,37,261,1,1,1,7,BD DU MAL  JUIN,0.0,0.0
201500025721,6,11,15,8,1,37,122,2,1,2,7,RUE DE LA BERGEONNERIE,0.0,0.0
201500025722,4,11,15,17,5,37,233,2,1,2,4,QUAI DE LA  LOIRE,47.39697,0.70658
201500025723,6,11,15,6,2,37,261,2,1,2,7,RUE DES  BORDIERS,0.0,0.0
201500025724,6,11,15,17,2,37,261,2,3,8,3,RUE DE NARVIK,47.42298,0.69159
201500025725,8,11,15,8,1,37,214,1,1,1,7,BD CHARLES DE GAULLE,47.42925,0.64381
201500025726,9,11,15,8,1,37,261,2,1,1,3,9 RUE DU CMDT BOURGOIN,47.39412,0.67162
201500025727,9,11,15,18,5,37,261,2,3,1,1,RUE JEANNE WEDELLS,47.40598,0.71179
201500025728,10,11,15,7,1,37,261,2,2,1,6,BD JEAN ROYER,47.38141,0.68318
201500025729,10,11,15,17,5,37,261,2,2,1,3,BD JEAN ROYER,47.38029,0.68935
201500025730,11,11,15,19,5,37,261,2,1,1,6,"41, GILLES (RUE CHARLES)",0.0,0.0
201500025731,12,11,15,9,1,37,122,2,1,1,7,2 RUE DU MAL  FOCH,0.0,0.0
201500025732,12,11,15,13,1,37,122,2,3,1,1,50 BD DE  CHINON,47.3538,0.69282
201500025733,12,11,15,18,5,37,261,2,1,1,7,3 BD RICHARD  WAGNER,47.37403,0.69622
201500025734,17,11,15,9,1,37,261,2,6,2,7,JEAN LE RESTE,0.0,0.0
201500025735,17,11,15,10,1,37,214,2,6,2,7,2 RUE HENRI LEBRUN,0.0,0.0
201500025736,17,11,15,10,1,37,214,2,6,2,7,191 BD CHARLESDE GAULLE,0.0,0.0
201500025737,17,11,15,17,5,37,208,2,2,1,3,102   CICOTTEES/ CURIE,0.0,0.0
201500025738,17,11,15,18,5,37,261,2,2,2,6,SENATEUR BELLE/RENAULT,0.0,0.0
201500025739,17,11,15,20,5,37,261,2,1,1,6,89  RUE DE LAFUYE,0.0,0.0
201500025740,18,11,15,17,5,37,261,2,1,2,6,RUE  NATIONALE  FACE FNA,0.0,0.0
201500025741,19,11,15,18,5,37,261,2,6,2,3,AV GUSTAVE EIFFEL,0.0,0.0
201500025742,19,11,15,18,5,37,261,2,1,2,7,AVENUE  PROUDHON,0.0,0.0
201500025743,20,11,15,5,5,37,261,2,1,2,6,RUE CHRISTIAN HUYGENS,0.0,0.0
201500025744,20,11,15,17,2,37,261,1,1,2,6,AVENUE DE L'ALOUETTE,0.0,0.0
201500025745,20,11,15,17,5,37,261,2,1,2,2,AVENUE GUSTVE EIFFEL,0.0,0.0
201500025746,23,11,15,7,5,37,122,2,2,5,6,BD JEAN JAURES,0.0,0.0
201500025747,25,11,15,18,5,37,261,2,9,2,6,10 RUE DU  CHEMIN VERT,0.0,0.0
201500025748,8,10,15,18,1,37,208,2,6,1,7,AVENUE DE BEAUGAILLARD,0.0,0.0
201500025749,27,11,15,10,1,37,261,1,1,1,2,BOULEVARDABEL GANCE,0.0,0.0
201500025750,28,11,15,14,1,37,233,2,1,1,3,2 RUE DES  ATELIERS,0.0,0.0
201500025751,19,10,15,7,2,37,261,2,6,1,7,AVENUE DU DANEMARK,0.0,0.0
201500025752,25,11,15,10,1,37,261,1,1,1,6,6 SQUARE FRANCI POULENC,0.0,0.0
201500025753,28,11,15,12,1,37,261,2,3,1,6,69 RUE DE LA  FUYE,0.0,0.0
201500025754,12,10,15,7,2,37,261,2,1,1,7,AV GEORGES POMPIDOU,0.0,0.0
201500025755,24,11,15,10,1,37,261,2,6,2,7,ROND POINT JACQUE MONOD,0.0,0.0
201500025756,29,11,15,19,5,37,261,2,1,8,7,30 RUE NATIONALE,0.0,0.0
201500025757,30,11,15,6,2,37,261,2,2,1,3,RUE  ENTRAIGUES/GIRODEAU,0.0,0.0
201500025758,1,12,15,8,1,37,261,2,3,1,1,RUE DE LA FUYE,0.0,0.0
201500025759,1,12,15,9,1,37,261,2,1,1,3,107 RUE PAS NOTRE-DAME,47.40936,0.69481
201500025760,1,12,15,18,5,37,261,2,1,1,6,BD LOUIS XI,0.0,0.0
201500025761,2,12,15,7,5,37,261,2,3,1,3,RUE  DANIEL MAYER,0.0,0.0
201500025762,3,12,15,8,1,37,122,2,1,1,2,RUE  DU PONT VOLANT,0.0,0.0
201500025763,3,12,15,9,1,37,233,2,6,1,3,RUE DE LA  BRETECHE,0.0,0.0
201500025764,24,10,15,11,1,37,122,1,1,1,6,ROUTE DES VAUX,0.0,0.0
201500025765,3,12,15,17,5,37,122,2,1,1,6,AVENUE DE BORDEAUX,0.0,0.0
201500025766,29,11,15,11,1,37,261,2,3,1,1,261  RUE GIRAUDEAU,0.0,0.0
201500025767,17,11,15,12,1,37,261,2,2,1,6,31 BD DU MAL JUIN,0.0,0.0
201500025768,4,12,15,10,1,37,261,2,6,1,6,ROND POINT EMMAUS,0.0,0.0
201500025769,5,12,15,14,1,37,261,2,1,1,4,PONT D ARCOLE,0.0,0.0
201500025770,5,12,15,22,5,37,233,2,6,1,6,"92, LANGEVIN (BOULEVARD",47.39185,0.73278
201500025771,5,12,15,16,1,37,122,2,1,1,6,6 RUE DE  BONDONNIERE,0.0,0.0
201500025772,4,12,15,13,1,37,261,2,1,1,6,70 RUE  MARCEAU,0.0,0.0
201500025773,7,12,15,10,1,37,261,2,1,1,6,16/18 BD BERANGER,0.0,0.0
201500025774,7,12,15,10,1,37,261,2,1,1,1,38 RUE EMILE  ZOLA,0.0,0.0
201500025775,7,12,15,17,5,37,261,2,3,1,3,267 RUE  GIRAUDEAU,0.0,0.0
201500025776,8,12,15,14,1,37,261,2,6,3,7,AVENUE DU DANEMARK,0.0,0.0
201500025777,8,12,15,14,1,37,208,2,3,3,2,348 RUE DE  CORMERY,0.0,0.0
201500025778,9,12,15,8,1,37,261,2,1,1,7,45 RUE GROISON,0.0,0.0
201500025779,9,12,15,18,5,37,261,2,1,1,6,75 AV DE LA  TRANCHEE,0.0,0.0
201500025780,9,12,15,15,1,37,261,2,2,1,3,BD JEAN ROYER,0.0,0.0
201500025781,9,12,15,16,1,37,261,2,1,1,7,RUE PENAIGRIER,0.0,0.0
201500025782,9,12,15,17,3,37,214,1,3,1,3,ROUTE DE ROUZIERS,0.0,0.0
201500025783,10,12,15,7,5,37,208,2,6,5,2,RUE DES GRANGES GALANT,0.0,0.0
201500025784,10,12,15,7,2,37,122,2,1,5,6,10 BD DE CHINON,0.0,0.0
201500025785,10,12,15,15,1,37,233,1,1,1,3,46 AVENUE DE REPUBLIQUE,0.0,0.0
201500025786,10,12,15,19,5,37,261,2,1,5,7,38  AVENUE DE REPUBLIQUE,0.0,0.0
201500025787,11,12,15,7,5,37,261,2,1,1,3,51 RUE GIRAUDEAU,0.0,0.0
201500025788,11,12,15,13,1,37,261,2,1,1,2,12 PLACE GASTON PAILHOU,0.0,0.0
201500025789,11,12,15,14,1,37,122,1,1,1,6,RD 37,0.0,0.0
201500025790,11,12,15,17,2,37,261,2,1,2,6,4 RUE EMILE ZOLA,0.0,0.0
201500025791,12,12,15,15,1,37,261,2,1,8,2,11 AV MARCEL DASSAULT,0.0,0.0
201500025792,12,12,15,18,5,37,261,2,1,1,1,114 BD HEURTELOUP,0.0,0.0
201500025793,12,12,15,21,3,37,122,2,1,5,6,ROUTE DE SAVONNIERES,0.0,0.0
201500025794,13,12,15,0,5,37,233,2,1,5,7,RUE DES GRANDS MORTIERS,0.0,0.0
201500025795,7,12,15,8,1,37,122,2,2,1,3,RUE FREYSSINET,0.0,0.0
201500025796,1,12,15,8,1,37,261,2,1,1,7,CARREFOUR DE L ALOUETTE,0.0,0.0
201500025797,13,12,15,15,1,37,195,2,1,1,7,RD 88,0.0,0.0
201500025798,13,12,15,17,2,37,261,2,1,1,6,RUE FRANçOIS RICHER,0.0,0.0
201500025799,15,12,15,13,1,37,261,2,1,2,6,QUAI ANDRE MALRAUX,0.0,0.0
201500025800,15,12,15,15,1,37,261,2,1,2,6,RUE GEORGES COURTELINE,0.0,0.0
201500025801,15,12,15,16,2,37,208,2,1,3,6,56 AV DU GAL DE GAULLE,0.0,0.0
201500025802,17,12,15,7,2,37,233,2,3,1,2,DUCLOS (AVENUE JACQUES),47.37733,0.71539
201500025803,17,12,15,9,1,37,261,1,1,1,7,RD 37,47.38028,0.67945
201500025804,17,11,15,18,3,37,208,2,1,2,3,27  RUE DE CORMERY,0.0,0.0
201500025805,11,11,15,13,1,37,214,2,1,1,6,22 BD CHARLE DE GAULLE,47.42145,0.66079
201500025806,17,12,15,22,5,37,214,2,3,8,7,"""."", GAGNERIE (RUE DE LA",47.4279,0.64325
201500025807,18,12,15,10,1,37,122,2,1,1,6,"125, JEAN JAURES",47.34849,0.66
201500025808,19,12,15,15,1,37,261,2,9,1,6,"., EIFFEL (AVENUE GUSTAV",47.4267,0.6978
201500025809,19,12,15,1,5,37,261,2,1,1,1,"""."", JUIN (BOULEVARD DU",47.40685,0.70314
201500025810,20,12,15,8,1,37,261,2,1,1,2,06 RUE JULES VERNE,47.37582,0.6939
201500025811,23,12,15,7,3,37,261,2,6,1,7,GANCE (BOULEVARD ABEL),47.40416,0.72388
201500025812,23,12,15,9,1,37,261,2,1,8,7,6 RUE  NOUVEAU CALVAIRE,0.0,0.0
201500025813,23,12,15,10,1,37,214,2,6,1,6,VOISIN (BOULEVARD ANDRE-,47.41666,0.65972
201500025814,24,12,15,16,1,37,122,2,2,1,3,"51, MARTYRS (RUE DES)",47.35163,0.66518
201500025815,26,12,15,21,5,37,261,2,1,1,4,165 RUE FEBVOTTE,0.0,0.0
201500025816,28,12,15,8,1,37,261,2,6,1,7,ROND POINT EMMAUS,47.43026,0.70444
201500025817,28,12,15,7,5,37,261,2,6,1,7,ROND POINT EMMAUS,47.43034,0.70478
201500025818,28,12,15,15,1,37,214,2,1,1,7,"0, DE GAULLE (BD CHARLES",47.42236,0.65951
201500025819,29,12,15,12,1,37,261,1,1,1,3,"30, GIRAUDEAU (RUE)",47.38722,0.67654
201500025820,28,12,15,19,5,37,233,2,1,1,3,"0, DUCLOS (AVENUE JACQUE",47.38106,0.73542
201500025821,30,12,15,23,5,37,233,2,3,2,6,"""."", EPINES FORTES (PONT",47.39258,0.74205
201500025822,12,12,15,13,1,37,233,2,1,8,6,RUE FABIENNE LANDY,0.0,0.0
201500025823,31,12,15,13,1,37,261,1,1,1,6,"48, NATIONALE (RUE)",47.39391,0.68724
201500025824,31,1,15,0,2,37,261,2,1,1,7,RUE NATIONALE,0.0,0.0
201500025825,20,1,15,15,1,37,122,2,1,1,6,15 RUE LAVOISIER,0.0,0.0
201500025826,14,2,15,14,1,37,122,2,1,1,2,BD DE CHINON,0.0,0.0
201500025827,16,1,15,8,2,37,261,2,1,1,7,270 RUE DU GAL RENAULT,0.0,0.0
201500025828,21,1,15,8,2,37,233,2,2,1,6,AVENUE JACQUES DUCLOS,0.0,0.0
201500025829,5,5,15,13,1,38,53,2,1,1,3,D 1006,0.0,0.0
201500025830,12,2,15,9,1,38,53,2,2,1,6,ETISSEY,0.0,0.0
201500025831,17,5,15,15,1,38,53,2,1,1,1,"1, PONT ROUGE",45.5956,5.2601
201500025832,13,2,15,23,5,38,53,2,1,2,1,"123, LIBERATION",0.0,0.0
201500025833,11,6,15,4,5,38,53,2,1,1,2,21 av ITALIE,45.58461,5.2782
201500025834,18,2,15,19,5,38,53,2,1,1,6,CHARLIE CHAPLIN (PLA),0.0,0.0
201500025835,30,6,15,10,1,38,53,2,3,1,6,2 av du Mal LECLERC,45.58513,5.28115
201500025836,27,3,15,7,1,38,53,2,2,1,3,BARBUSSE,0.0,0.0
201500025837,3,9,15,20,5,38,53,2,1,1,3,ALSACE LORRAINE,45.58554,5.26934
201500025838,7,4,15,12,1,38,53,2,9,1,3,"15, ASIMOV (ISAAC)",0.0,0.0
201500025839,12,9,15,8,1,38,53,2,1,1,6,"40, ALPES",45.58513,5.27382
201500025840,21,4,15,9,1,38,53,2,1,1,7,SAINT MICHEL (BLD),0.0,0.0
201500025841,24,9,15,10,1,38,53,2,1,1,6,"14, ROSIERE (CHE DE)",45.59449,5.29459
201500025842,1,5,15,16,1,38,53,2,2,3,3,GENIN (AMBROISE),45.58507,5.27326
201500025843,3,11,15,18,5,38,53,2,1,1,2,15 av BARBUSSE,45.59725,5.26812
201500025844,18,11,15,8,1,38,53,2,2,1,6,TIXIER (AVENUE),0.0,0.0
201500025845,16,12,15,10,1,38,53,2,1,1,5,"29, BOURBRE (QUAI)",45.59772,5.27513
201500025846,19,11,15,11,1,38,53,2,1,1,1,"0, SAINT MICHEL (BLD)",45.5892,5.27579
201500025847,16,12,15,12,1,38,53,2,1,1,3,BRAILLE (LOUIS),45.59408,5.23905
201500025848,2,1,15,15,1,38,421,2,1,1,6,AVENUE DU 8 MAI 1945,45.17062,5.75656
201500025849,16,3,15,13,1,38,185,1,1,1,6,PISTE CYCLABLE DU DRAC,45.16557,5.7014
201500025850,31,12,15,12,1,38,185,2,1,1,6,28 R BERTHE DE BOISSIEUX,45.18368,5.72198
201500025851,28,3,15,22,5,38,185,2,9,2,6,24 PL PAUL VALLIER,45.18602,5.73271
201500025852,31,12,15,17,1,38,151,2,1,1,6,RUE DE NORMANDIE,45.1585,5.72179
201500025853,2,1,15,19,4,38,185,2,1,1,6,7 CRS DE LA LIBERATION,45.17947,5.71622
201500025854,1,4,15,19,1,38,423,2,2,1,6,AV G LECLERC/c killian,45.20834,5.70623
201500025855,6,1,15,9,1,38,185,2,1,1,6,27 ANCIENNE RTE DE LYON,45.19971,5.71789
201500025856,4,4,15,10,1,38,185,2,2,1,3,STALINGRAD/FERRIE,45.1753,5.72554
201500025857,12,1,15,6,5,38,421,2,1,1,2,RUE HENRI WALLON,0.0,0.0
201500025858,16,4,15,18,1,38,185,2,1,1,6,"20, GAMBETTA ( BOULEVARD",45.1874,5.72375
201500025859,14,1,15,6,5,38,185,2,1,8,6,"37, RUE DIDEROT",45.19171,5.704
201500025860,19,4,15,20,5,38,179,1,3,1,3,"00, RN 87",45.18163,5.77991
201500025861,17,1,15,9,1,38,421,2,1,3,6,RUE DU PRe RUFFIER,45.16927,5.75244
201500025862,22,4,15,14,1,38,169,2,1,1,6,"110, RUE HENRI ROUDET",45.19116,5.68302
201500025863,19,1,15,17,1,38,185,2,2,2,6,70 AV RHIN ET DAN/A FRAN,45.17223,5.705
201500025864,23,4,15,14,1,38,185,2,1,1,6,"43, BOULEVARD CLEMENCEAU",45.18372,5.73893
201500025865,24,1,15,7,2,38,185,2,1,1,6,"20, BD JOSEPH VALLIER",45.18029,5.71268
201500025866,28,4,15,19,1,38,185,2,1,1,6,"56, BOULEVARD DE L'ESPLA",45.19811,5.71733
201500025867,27,1,15,14,1,38,185,2,2,1,6,RUE DE PARIS,0.0,0.0
201500025868,30,4,15,21,5,38,185,2,2,1,6,"., BOULEVARD AGUTTE SEMB",0.0,0.0
201500025869,30,1,15,18,5,38,185,2,1,1,6,"18, AVENUE JEAN PERROT",45.1796,5.73541
201500025870,3,5,15,21,5,38,185,2,2,1,3,RUE CONDILLAC,45.18901,5.72939
201500025871,31,1,15,16,1,38,423,1,1,1,2,A 48 PK 96,45.20717,5.70532
201500025872,7,5,15,8,1,38,185,2,3,1,3,MONTORGE/BELGRADE,45.19142,5.72511
201500025873,12,2,15,15,1,38,185,2,1,1,6,"5, RUE DE TURENNE",45.18487,5.72167
201500025874,5,5,15,13,1,38,185,2,1,1,6,38 RUE DES EAUX CLAIRES,45.17621,5.70919
201500025875,16,2,15,10,1,38,185,2,1,1,6,"23, Bd JOSEPH VALlier",45.18007,5.7116
201500025876,7,5,15,20,1,38,151,2,3,1,3,AVENUE PAUL VAILLANT-COU,45.14945,5.70032
201500025877,18,2,15,17,1,38,169,2,2,1,6,R J BERTOIN/DE SASSENAGE,45.19885,5.68213
201500025878,8,5,15,17,1,38,185,2,3,2,3,RHIN ET DANUBE (AVENUE),45.17303,5.70507
201500025879,19,2,15,13,1,38,229,1,4,1,6,A41 inter N87,45.2056,5.78929
201500025880,9,5,15,19,1,38,185,1,1,1,6,2 r BERTHE DE BOISSIEUX,45.1848,5.72533
201500025881,21,2,15,0,5,38,185,2,1,1,6,"20, BOULEVARD JOSEPH VAL",0.0,0.0
201500025882,10,5,15,11,1,38,185,2,2,1,6,CRS JEAN JAUReS/berriat,45.188,5.71904
201500025883,26,2,15,8,1,38,516,2,6,1,7,BOULEVARD DE LA CHANTOUR,45.19699,5.7487
201500025884,11,5,15,8,1,38,421,2,2,1,6,19 R VOLTAIRE/rostang,45.17325,5.75502
201500025885,27,2,15,17,1,38,179,2,1,2,6,"30, GRAND'RUE",45.18176,5.79163
201500025886,22,5,15,19,1,38,185,2,2,1,3,R DR SCHWEITZEr/dunant,45.17488,5.70852
201500025887,1,3,15,13,1,38,185,2,1,9,6,BOULEVARD JOSEPH VALLIER,0.0,0.0
201500025888,24,5,15,18,1,38,423,1,1,1,3,2354 RTE DE CLÉMENCIÈre,45.21512,5.71915
201500025889,2,3,15,15,1,38,185,2,1,1,6,R RAOUL BLANCHARD TRAM,45.19014,5.72866
201500025890,28,5,15,13,1,38,151,2,1,1,6,NORMANDIE NIEMEN RUE),45.14678,5.7197
201500025891,3,3,15,11,1,38,185,2,1,1,6,COURS JEAN JAURÈS,0.0,0.0
201500025892,29,5,15,8,1,38,185,2,1,1,3,117 r de STALINGRAD,45.17116,5.72395
201500025893,6,3,15,11,1,38,185,2,1,1,6,"00, PLACE DE VERDUN",0.0,0.0
201500025894,2,6,15,17,1,38,185,2,1,1,6,114 av JEAN PERROT,45.17013,5.74019
201500025895,7,3,15,19,5,38,185,2,2,1,6,R DE STALINGRAD/JACQUARD,45.17462,5.72517
201500025896,3,6,15,21,1,38,151,2,6,1,6,RD-PT PIERRE ET MARie cu,45.15972,5.71987
201500025897,9,3,15,18,1,38,185,2,1,1,6,"189, COURS DE LA LIBÉRAT",0.0,0.0
201500025898,9,6,15,11,1,38,185,2,3,1,3,av RHIN DANUBE/l michel,45.16804,5.70485
201500025899,12,3,15,18,1,38,185,2,1,1,6,"26, BOULEVARD GAMBETTA",0.0,0.0
201500025900,10,6,15,11,1,38,185,2,1,1,6,"20, MARECHAL JOFFRE (BOU",45.18258,5.72842
201500025901,15,3,15,15,1,38,185,2,1,1,6,"39, RUE CASIMIR BRENIER",45.19129,5.71567
201500025902,12,6,15,16,1,38,185,2,2,2,6,R STRASBOURG/pl metz,45.18706,5.73061
201500025903,18,6,15,18,1,38,151,2,1,1,6,"8, RUE DE L'ÉCUREUIL",45.14379,5.70253
201500025904,19,6,15,16,1,38,185,2,2,1,6,RUE ABBÉ GRÉGOIRE,45.18568,5.71215
201500025905,19,6,15,19,1,38,169,2,3,1,3,RUE GABRIEL PÉRI,0.0,0.0
201500025906,25,6,15,8,1,38,185,2,1,1,6,"., REYNOARD (AV. M.)",0.0,0.0
201500025907,1,7,15,0,5,38,169,2,2,1,3,AVENUE DU VERCORS,45.19238,5.69654
201500025908,1,7,15,10,1,38,151,2,1,1,6,"8, MOUCHEROTTE (PLACE DE",45.15024,5.69385
201500025909,2,7,15,17,1,38,185,2,9,1,6,27 BD CLEMENCEAU,45.18446,5.74081
201500025910,5,7,15,8,1,38,179,1,1,1,6,RN 87,45.19934,5.78053
201500025911,7,7,15,14,1,38,185,2,2,1,3,"4, RUE JOSEPH CHANRION",45.19074,5.73584
201500025912,8,7,15,16,1,38,185,2,1,1,6,91 CRS LIBERATION,45.17245,5.71389
201500025913,9,7,15,18,1,38,185,2,9,1,6,"22, AVENUE ALBERT REYNIE",45.16685,5.70623
201500025914,10,7,15,4,3,38,421,2,1,1,7,"28, ROUTE DES MAQUIS",45.17653,5.77889
201500025915,11,7,15,16,1,38,185,2,1,1,6,GENERAL MARCHAND (RUE),45.19005,5.73105
201500025916,15,7,15,21,2,38,421,2,1,1,6,BOULEVARD DULCIE SEPTEMB,45.16603,5.75821
201500025917,16,7,15,12,1,38,185,1,1,1,6,RUE SAINT-LAURENT,0.0,0.0
201500025918,20,7,15,11,1,38,151,1,1,1,1,RUE DE COMBOIRE,45.14132,5.69112
201500025919,23,7,15,14,1,38,516,2,1,1,6,18 CH DE LA BASTILLE,45.20411,5.73521
201500025920,5,8,15,0,5,38,185,2,1,1,3,"., MARECHAL FOCH (BOULEV",45.1809,5.72293
201500025921,6,8,15,18,1,38,185,2,1,1,3,6 RUE AIMÉ PUPIN,45.162,5.72403
201500025922,8,8,15,9,1,38,185,2,2,1,3,"., QUAI STÉPHANE JAY",45.19271,5.72414
201500025923,22,8,15,10,1,38,151,2,3,1,1,AVENUE DE GRUGLIASCO,45.14406,5.71868
201500025924,27,8,15,14,1,38,516,2,1,1,4,"11, CHANTOURNE (BOULEVAR",45.19748,5.74633
201500025925,28,8,15,13,1,38,185,2,1,1,3,"., STALINGRAD (RUE DE)",45.17463,5.72524
201500025926,30,8,15,5,3,38,185,2,1,1,6,RUE DU 19 MARS 1962,45.19111,5.73867
201500025927,5,9,15,15,1,38,185,2,1,1,6,"86, RUE LÉON JOUHAUX",45.17563,5.74415
201500025928,9,9,15,5,5,38,185,2,2,1,6,BOULEVARD MARÉCHAL JOFFR,0.0,0.0
201500025929,15,9,15,9,1,38,421,2,1,1,6,"63, AVENUE DE ZELLA MEHL",45.16675,5.75371
201500025930,15,9,15,14,1,38,185,2,2,1,6,PLACE ARISTIDE BRIAND,45.19419,5.71894
201500025931,17,9,15,15,1,38,185,1,1,1,6,RN87,45.2037,5.78303
201500025932,18,9,15,8,1,38,185,2,1,1,6,117 RUE DES ALLIÉS,45.17348,5.71783
201500025933,19,9,15,22,4,38,185,2,1,9,2,MARECHAL FOCH (BOULEVARD,45.18075,5.72292
201500025934,20,9,15,1,4,38,185,2,2,1,3,"., JOSEPH VALLIER (BOULE",45.18022,5.71018
201500025935,21,9,15,19,1,38,185,2,1,1,3,"110, AVENUE JEAN PERROT",45.17136,5.73948
201500025936,28,9,15,11,1,38,185,2,1,1,3,"140, AVENUE LÉON BLUM",45.16153,5.7154
201500025937,29,9,15,10,1,38,185,2,1,1,6,"62, AMPERE (RUE )",45.18769,5.70585
201500025938,1,10,15,13,1,38,421,2,1,1,6,ROCADE SUD,45.16229,5.75381
201500025939,6,10,15,10,1,38,185,2,1,1,6,av p VERLAINE,45.16227,5.71522
201500025940,6,10,15,12,1,38,185,2,6,1,7,AVENUE EDMOND ESMONIN,45.15988,5.72122
201500025941,7,10,15,16,1,38,169,2,1,1,6,RUE PIERRE COURTADE,45.19727,5.67413
201500025942,14,10,15,10,1,38,185,2,2,1,3,CdT L'HERMINI/tres cloit,45.19206,5.73476
201500025943,20,10,15,9,1,38,185,2,1,1,6,"3, THIERS (RUE)",45.18857,5.72239
201500025944,21,10,15,12,1,38,185,2,2,8,6,bd FOCH / r LANOYERIE,45.18069,5.71957
201500025945,21,10,15,18,1,38,185,2,3,8,6,r ANAT FRANCE/schweitzer,45.17235,5.7077
201500025946,22,10,15,9,1,38,185,2,2,1,3,MAR BERTHELOT/peretto,45.17657,5.73168
201500025947,27,10,15,17,1,38,185,2,2,1,6,6 av j PERROT/clemenceau,45.18208,5.73421
201500025948,28,10,15,16,1,38,516,2,1,3,6,11 bd CHANTOURNE,45.19746,5.74622
201500025949,30,10,15,5,5,38,185,2,2,1,3,BERTHELOT/MALLIFAUD,45.18062,5.7318
201500025950,31,10,15,6,2,38,185,2,2,1,3,BD MAL FOCH/G RIVET,45.18184,5.72744
201500025951,2,11,15,9,1,38,185,2,1,1,6,"1, RUE CHARLES LORY",45.18102,5.71541
201500025952,6,11,15,10,1,38,421,1,9,1,6,Bd DULCIE SEPT/bret N87,45.16651,5.75764
201500025953,6,11,15,14,1,38,185,2,1,1,6,"00, RUE NICOLAS CHORIER",45.18579,5.71263
201500025954,7,11,15,16,1,38,151,2,1,1,3,38 COURS JEAN JAURÈS,45.15424,5.70762
201500025955,7,11,15,19,5,38,185,2,1,1,6,"22, GAMBETTA (BOULEVARD)",45.18712,5.72376
201500025956,8,11,15,14,1,38,185,2,2,1,3,R MARX DORMOY/ALEMBERT,45.18728,5.71098
201500025957,10,11,15,18,1,38,185,1,1,1,2,RN87,45.15182,5.73801
201500025958,18,11,15,21,5,38,179,2,1,1,6,AVENUE DE VIGNATE,45.19076,5.77836
201500025959,20,11,15,17,2,38,421,2,1,8,6,106 AV MARCEL CACHIN,45.1634,5.75162
201500025960,25,11,15,15,1,38,185,2,1,2,6,"18, CHEMIN ROBESPIERRE",45.17287,5.75019
201500025961,26,11,15,9,1,38,185,2,2,2,6,25 R DES DÉPORTÉS/P BOUR,45.17811,5.72753
201500025962,27,11,15,13,1,38,185,2,2,1,1,R ESCLANGON/DIDEROT,45.1907,5.70468
201500025963,1,12,15,13,1,38,185,2,1,1,6,54 bd JOSEPH VALLIER,45.1802,5.7066
201500025964,1,12,15,17,2,38,169,2,2,1,3,R GABRIEL PÉRI/BRIAND,45.18909,5.6989
201500025965,3,12,15,16,1,38,185,2,1,1,6,AV JULES VALLES,45.17891,5.75111
201500025966,5,12,15,23,3,38,151,2,1,1,6,RN 87 PK 3+850,45.15363,5.7431
201500025967,7,12,15,18,2,38,151,1,1,1,2,RN 87 PR 1+700,45.1571,5.71252
201500025968,8,12,15,10,1,38,185,2,1,1,6,PLACE PASTEUR,45.18379,5.73112
201500025969,10,12,15,10,1,38,421,2,1,1,6,"68, RUE DES TAILLÉES",45.19259,5.75379
201500025970,12,12,15,16,3,38,151,2,1,1,6,"4 B, QUAI JEAN FAURE",45.15266,5.70056
201500025971,16,12,15,18,3,38,185,1,4,1,6,A 480 PK 11+700,45.20615,5.68891
201500025972,27,12,15,15,1,38,185,2,2,1,1,VALMY/CROIZAT,45.1866,5.7441
201500025973,14,3,15,8,1,38,544,1,1,1,1,CD 41,45.52558,4.88333