Num_Acc,jour,mois,an,hr,condition_eclairage,departement,commune,condition_agglomeration,intersection,condition_atmosphere,type_collision,adresse,lattitude,longitude
201500025974,22,11,15,7,2,38,544,2,1,1,6,CD 41,45.51989,4.89546
201500025975,7,3,15,9,1,38,544,2,1,1,3,17 r VICTOR HUGO,45.52507,4.87731
201500025976,1,4,15,12,1,38,544,1,1,1,6,15 Av J DE LA FONTAINE,45.51477,4.91596
201500025977,10,10,15,15,1,38,544,1,1,1,7,CD 41,45.51986,4.89533
201500025978,10,5,15,20,2,38,544,1,1,1,7,"1, CD 41",45.52877,4.87613
201500025979,22,12,15,19,3,38,544,2,3,1,3,"16, JEAN MOULIN(RUE)",45.50856,4.85902
201500025980,22,4,15,11,1,38,544,2,9,1,3,11 quai CLAUDE BERNARD,45.5406,4.8577
201500025981,7,4,15,18,1,38,544,2,1,1,4,47 r VICTOR HUGO,45.52336,4.87586
201500025982,22,5,15,8,1,38,544,1,1,1,6,"8, BERTHELOT(AV)",45.53936,4.871
201500025983,28,5,15,10,1,38,544,2,1,1,6,MALISSOL(MONTEE DE),45.51623,4.91916
201500025984,6,8,15,16,1,38,544,2,1,1,6,"02, EMILE ROMANET(RUE)",0.0,0.0
201500025985,16,8,15,5,3,38,544,1,1,1,5,CD 41,45.52227,4.91252
201500025986,13,7,15,10,1,38,544,2,1,1,6,11 quai JEAN JAURES,45.52595,4.87224
201500025987,19,8,15,15,1,38,544,2,1,1,7,"42, BOIS ROYAL(CHEMIN DU",45.52477,4.907
201500025988,6,9,15,1,5,38,544,2,6,1,7,6 pl PIERRE SEMARD,45.5215,4.87361
201500025989,18,10,15,9,1,38,544,2,1,1,6,ISLE(RUE DE L'),45.50639,4.85201
201500025990,2,7,15,21,2,38,318,1,1,1,3,"1, JOSEPH GRENOUILLET(RU",45.52841,4.9143
201500025991,4,11,15,7,1,38,544,2,1,1,1,67 R LAFAYETTE,45.52697,4.89427
201500025992,16,10,15,17,1,38,544,1,1,1,5,CD 41,45.51955,4.91603
201500025993,9,9,15,18,1,38,544,2,1,1,3,"37, VICTOR FAUGIER(RUE)",45.52663,4.88367
201500025994,6,2,15,17,1,38,563,1,1,1,1,VERDIN (MONTEE DU),0.0,0.0
201500025995,16,4,15,11,1,38,563,2,3,1,3,bd KOFLER/R BLANCHET,45.35989,5.60021
201500025996,15,2,15,19,5,38,563,2,1,2,3,44 av GAMBETTA,45.36542,5.59805
201500025997,20,4,15,10,1,38,563,2,7,1,3,BRUNERIE (CARREFOUR DE L,45.38002,5.58108
201500025998,6,5,15,18,1,38,563,2,3,1,6,REPUBLIQUE (BOULEVARD DE,45.36119,5.58772
201500025999,29,5,15,12,1,38,563,2,3,1,3,REPUBLIQUE (BOULEVARD DE,45.362,5.5884
201500026000,9,6,15,11,1,38,563,2,1,1,2,"28, PAVIOT (AVENUE DE)",45.35218,5.59126
201500026001,30,6,15,19,1,38,563,2,3,1,3,"32TER, FAUBOURG SERMOREN",45.37188,5.58339
201500026002,7,7,15,15,1,38,563,2,1,1,1,BLANCHISSERIES (ZI),45.37916,5.58172
201500026003,24,7,15,16,1,38,563,2,1,1,6,"02, PORTELLE (RUE DE LA)",45.36761,5.59227
201500026004,13,8,15,9,1,38,563,2,1,1,6,"18, BECQUART-CASTELBON (",45.36433,5.59083
201500026005,21,8,15,13,1,38,563,1,2,1,6,crs SENOZAN/r VOLTAIRE,45.36587,5.59106
201500026006,24,8,15,9,1,38,563,2,7,3,6,ST BRUNO (PLACE),45.36697,5.59161
201500026007,13,9,15,0,5,38,563,2,1,2,6,VERDUN (AVENUE DE),0.0,0.0
201500026008,15,9,15,16,1,38,563,2,7,1,6,pl gen LECLERC,45.36691,5.59138
201500026009,21,9,15,14,1,38,563,2,1,1,3,bd F ROOSEVELT,45.36147,5.59461
201500026010,28,9,15,13,1,38,563,2,1,1,6,20 r J. RAVAT,45.36844,5.58677
201500026011,29,9,15,23,5,38,563,1,1,1,6,montee du VERDIN,45.39368,5.57032
201500026012,30,9,15,16,1,38,563,2,1,1,2,"., BRUNERIE (AVENUE DE L",45.38156,5.57875
201500026013,27,10,15,19,2,38,563,2,6,2,3,carr BRUNERIE,45.37952,5.58069
201500026014,5,11,15,10,1,38,563,2,1,1,3,"20, SENOZAN (COURS)",45.36561,5.5909
201500026015,5,11,15,16,1,38,563,2,9,1,3,"00, CROIX MORIN (AVENUE",45.3613,5.5715
201500026016,13,11,15,12,1,38,563,2,1,1,2,VERDIN (MONTEE DU),45.3988,5.56892
201500026017,21,11,15,21,5,38,563,1,1,2,7,"139, VERDIN (MONTEE DU)",45.39397,5.57002
201500026018,25,11,15,18,3,38,563,2,1,1,2,rocade ouest,45.36,5.56
201500026019,3,12,15,13,1,38,563,2,1,1,6,HERRIOT (AVENUE E.),45.36999,5.58732
201500026020,7,12,15,13,1,38,563,2,3,1,6,LAKANAL (RUE),45.36844,5.58685
201500026021,10,3,15,14,1,39,198,2,3,1,6,"0, JAURES (AVENUE JEAN)",0.0,0.0
201500026022,24,3,15,16,1,39,198,2,1,7,6,"34, POMPIDOU (AV GEORGES",0.0,0.0
201500026023,3,4,15,16,1,39,198,2,1,1,6,"69, POMPIDOU (AVENUE GEO",0.0,0.0
201500026024,4,4,15,14,1,39,198,2,3,2,6,"0, VIEUX CHATEAU (RUE DU",0.0,0.0
201500026025,8,6,15,16,1,39,198,1,1,1,1,,0.0,0.0
201500026026,7,10,15,10,1,39,198,2,1,1,6,"80, POMPIDOU (AVENUE GEO",0.0,0.0
201500026027,9,2,15,16,1,39,198,2,1,7,6,"48, DUHAMEL (AVENUE JACQ",0.0,0.0
201500026028,23,3,15,16,1,39,300,2,1,1,6,"60, SAINT DESIRE (RUE) N",46.67283,5.54397
201500026029,30,12,15,19,5,39,300,2,1,1,6,487 Route de Besançon,0.0,0.0
201500026030,8,4,15,13,1,39,300,2,1,1,6,"58 BIS, LECOURBE (RUE)",0.0,0.0
201500026031,29,7,15,13,1,39,300,2,1,1,6,"0, MARCHE AU BOIS BLANC",46.6667,5.55
201500026032,1,8,15,16,1,39,300,2,3,1,3,"0, VERNIER (BD THEODORE)",46.6728,5.56667
201500026033,5,9,15,15,1,39,362,2,1,1,6,"6, SALINES (PLACE DES)",0.0,0.0
201500026034,29,8,15,18,1,39,300,2,1,1,6,"0, MONNIER (RUE DESIRE)",0.0,0.0
201500026035,8,11,15,16,1,39,362,2,3,1,3,"0, PASTEUR (AVENUE) N° P",0.0,0.0
201500026036,7,11,15,18,1,39,300,2,2,1,4,"3, FERRY (BOULEVARD JULE",0.0,0.0
201500026037,15,11,15,5,5,39,362,1,1,1,6,"17, MONIN (RUE FRANCOIS)",46.67951,5.53862
201500026038,24,11,15,14,1,39,300,2,9,1,6,"0, MARCHE AU BOIS BLANC",46.673,5.558
201500026039,16,12,15,20,5,39,300,2,1,1,6,"5, ANCIEN COLLEGE (PLACE",0.0,0.0
201500026040,22,12,15,18,5,39,300,2,1,1,6,"0, COLBERT (COURS)",0.0,0.0
201500026041,7,1,15,14,1,40,279,1,3,1,6,MINIERES (ROUTE DES) CD,43.721,-1.09622
201500026042,20,3,15,19,2,40,88,1,1,1,7,LAFITTE (RUE PASCAL),43.69366,-1.02994
201500026043,1,12,15,19,3,40,279,1,1,1,7,MAGESCQ (ROUTE DE),43.73305,-1.10424
201500026044,10,1,15,18,5,40,279,2,3,1,3,RESISTANCE (AVE DE LA),43.72524,-1.06417
201500026045,8,5,15,20,1,40,279,2,2,1,3,LIBERTE (AVE DE LA),43.72175,-1.05191
201500026046,30,12,15,8,2,40,279,2,1,8,2,"731, RESISTANCE (AVE DE",43.7247,-1.06018
201500026047,17,2,15,19,5,40,88,2,2,1,3,"., SAINT-VINCENT DE PAUL",43.71469,-1.05423
201500026048,12,5,15,8,1,40,88,2,6,1,3,BEARN (SQUARE  DU),43.70565,-1.03721
201500026049,24,2,15,19,5,40,88,2,2,1,3,"., SAINT-VINCENT DE PAUL",43.71592,-1.05384
201500026050,30,6,15,15,1,40,279,2,3,1,6,RESISTANCE (AVE DE LA),43.72526,-1.06433
201500026051,18,7,15,19,1,40,279,2,1,1,6,ROSTAND (RUE EDMOND),43.72611,-1.07985
201500026052,9,10,15,17,1,40,88,2,6,1,2,REPUBLIQUE (AVENUE DE LA,43.70537,-1.06051
201500026053,21,10,15,17,1,40,88,2,6,1,3,MONTFORT (ROUTE DE),43.70562,-1.03664
201500026054,24,11,15,18,2,40,88,2,1,2,6,SAINT-PIERRE (BLD),43.71086,-1.04985
201500026055,10,8,15,11,1,40,88,2,1,1,6,MILLIES-LACROIX (AVE EUG,43.71077,-1.05777
201500026056,9,1,15,7,5,40,281,2,3,1,6,BRETTES-CAMILLE (AV),43.88284,-0.51941
201500026057,23,3,15,16,1,40,281,2,1,1,3,MONT-ALMA (BD DE),43.86874,-0.48981
201500026058,12,1,15,17,1,40,192,2,1,1,2,"410, JUIN (V DU MARECHAL",43.90042,-0.48363
201500026059,2,4,15,8,1,40,192,2,1,1,6,VICTOR HUGO,43.89333,-0.49805
201500026060,14,1,15,16,1,40,281,2,1,1,6,LAMOUSTEY (AV DE),43.87621,-0.50821
201500026061,3,5,15,18,1,40,192,2,2,1,2,ALINGSÅS (BD D'),43.8852,-0.49361
201500026062,15,1,15,19,3,40,281,1,1,1,2,"., ROCADE OUEST (RN 124)",43.88851,-0.53063
201500026063,24,6,15,8,1,40,192,2,1,1,7,"., MENDES FRANCE (AV PIE",43.89252,-0.51424
201500026064,16,1,15,8,1,40,281,2,3,2,3,SAINT-SEVER (AV DE),43.87719,-0.5058
201500026065,19,7,15,11,1,40,192,1,1,1,3,"., ROCADE EST (RD 932 E)",43.91049,-0.44976
201500026066,13,2,15,16,1,40,192,2,3,1,3,"., PLUMACON (RUE DU)",43.88628,-0.50444
201500026067,22,7,15,11,1,40,192,2,6,1,2,HOUGA (AV DU),43.87505,-0.46909
201500026068,31,7,15,13,1,40,192,2,1,1,6,"23, PLACE SAINT ROCH",43.88942,-0.49971
201500026069,4,8,15,19,1,40,192,2,1,1,3,"15, BARBE D'OR (AV DE)",43.89837,-0.48056
201500026070,17,8,15,18,1,40,192,2,1,1,5,944  VERT (BD DU CHEMIN),43.88147,-0.47932
201500026071,25,8,15,18,1,40,281,2,3,1,3,"320, BELVÉDERE (BD DU)",43.87393,-0.51389
201500026072,17,10,15,20,3,40,281,1,1,1,1,"., ROCADE SUD (RN 124 E)",43.8705,-0.51788
201500026073,16,10,15,14,1,40,192,2,3,1,6,CLEMENCEAU (AV GEORGES),43.88623,-0.4967
201500026074,8,11,15,6,1,40,192,2,3,1,3,FOCH (AV DU MARECHAL),43.89802,-0.48808
201500026075,4,11,15,18,2,40,192,2,1,1,3,"650, FOCH (AV DU MARECHA",43.89684,-0.49025
201500026076,19,11,15,9,1,40,192,2,3,1,3,"., PIERRE BENOIT",43.90138,-0.51102
201500026077,2,12,15,18,3,40,281,1,1,1,2,"., ROCADE SUD (RN 124 E)",43.86657,-0.5103
201500026078,9,12,15,13,1,40,281,1,1,1,7,"., SAINT-SEVER (AV DE)",43.86646,-0.51234
201500026079,30,12,15,18,5,41,18,2,1,1,3,VALLEE MAILLARD (RUE DE,47.61058,1.3344
201500026080,20,2,15,7,1,41,18,2,1,1,6,DUGAY-TROUIN (RUE)  N? I,47.59627,1.30261
201500026081,23,11,15,8,1,41,47,1,1,1,1,Les Grébeaux,47.62258,1.3684
201500026082,9,1,15,15,1,41,212,1,1,2,5,RD 174,47.564,1.372
201500026083,9,12,15,0,3,41,18,1,1,1,7,DE GAULLE (PONT DU GENER,47.59472,1.35298
201500026084,5,3,15,12,1,41,295,2,6,1,1,GRAIN D'OR (AVENUE DU),47.56938,1.373
201500026085,5,3,15,13,1,41,18,2,1,1,3,FENELON (RUE),47.58655,1.31631
201500026086,18,3,15,17,1,41,18,2,1,1,4,"48, VERDUN (AVENUE DE)",47.59386,1.34606
201500026087,20,3,15,15,1,41,212,1,1,1,2,PATTE D'OIE (rond point),47.56161,1.37314
201500026088,9,2,15,17,1,41,295,2,1,1,2,"18, CHAMBORD (ROUTE DE)",47.577,1.366
201500026089,15,2,15,13,1,41,18,1,1,1,7,D 766,47.581,1.29
201500026090,7,4,15,21,1,41,18,2,1,1,2,D174,47.34571,1.21576
201500026091,13,4,15,16,1,41,18,2,1,1,6,BAUDET (RUE ETIENNE) 1,47.58719,1.31519
201500026092,17,4,15,23,5,41,47,2,1,2,6,RD 2152,47.607,1.354
201500026093,23,4,15,18,1,41,295,1,1,1,1,D951,47.6025,1.37411
201500026094,8,5,15,18,1,41,18,2,1,1,1,MAUNOURY (AVENUE DU MARE,47.596,1.341
201500026095,18,5,15,8,1,41,295,2,1,1,2,VERGERS (RUE DES),47.599,1.4
201500026096,18,5,15,9,1,41,18,2,1,1,6,MAUNOURY (AVENUE DU MARE,47.596,1.341
201500026097,15,5,15,10,1,41,18,2,1,1,1,GREVE (PLACE DE LA),47.582,1.33
201500026098,9,5,15,14,1,41,18,2,2,1,1,BESNARD (QUAI ULYSSE),47.578,1.321
201500026099,26,5,15,18,1,41,18,2,1,1,2,VERDUN (AVENUE DE),47.595,1.347
201500026100,28,5,15,18,1,41,295,1,1,1,5,D951,47.59026,1.35521
201500026101,29,5,15,15,1,41,212,1,6,1,6,PATTE D'OIE (rond point),47.561,1.373
201500026102,5,6,15,8,1,41,212,1,6,1,3,PATTE D'OIE (rond point),47.561,1.374
201500026103,9,6,15,16,1,41,18,2,1,1,6,BEGON (RUE MICHEL)  N° I,47.59265,1.31488
201500026104,9,6,15,17,1,41,212,1,1,1,2,NATIONALE (ROUTE),47.56156,1.37253
201500026105,12,6,15,16,1,41,18,1,1,1,7,RD 952,47.56888,1.30636
201500026106,11,6,15,18,1,41,18,2,1,3,3,GAMBETTA (AVENUE),47.58368,1.32161
201500026107,19,6,15,16,1,41,18,2,1,1,6,SOURDERIE (RUE DE LA),47.57885,1.33842
201500026108,25,6,15,19,1,41,295,2,1,1,3,CHAMBORD (ROUTE DE),47.57647,1.3806
201500026109,25,6,15,16,1,41,18,2,1,1,6,"130, MAUNOURY (AVENUE DU",47.60057,1.3466
201500026110,1,7,15,13,1,41,18,2,1,1,1,VILLEBREME (RUE DE),47.60869,1.3251
201500026111,9,7,15,8,1,41,18,2,3,1,3,CHOPIN (RUE FREDERIC),47.58758,1.31878
201500026112,20,7,15,15,1,41,295,2,1,1,6,PIERRE GILLES DE GENNES,47.56955,1.37242
201500026113,28,7,15,18,1,41,18,1,1,1,2,,47.60995,1.33943
201500026114,4,8,15,3,1,41,18,1,1,1,7,CHAILLES (LEVEE DE),47.57276,1.32024
201500026115,5,8,15,16,1,41,18,2,1,1,7,TROIS VOLONTAIRES (RAMPE,47.58961,1.32637
201500026116,11,8,15,22,5,41,18,2,3,1,1,MAUNOURY (AVENUE DU MARE,47.59903,1.34483
201500026117,18,8,15,17,1,41,18,2,1,1,6,GAMBETTA (AVENUE),47.58442,1.3251
201500026118,20,8,15,18,1,41,295,1,1,1,2,D174,47.58251,1.36619
201500026119,22,8,15,11,1,41,295,2,1,1,2,CHAMBORD (ROUTE DE),47.57748,1.36827
201500026120,23,8,15,17,1,41,18,2,1,1,3,FRANCE (AVENUE DE)  1,47.59286,1.31354
201500026121,26,8,15,20,2,41,295,2,1,1,3,CHAMBORD (ROUTE DE),47.57555,1.38927
201500026122,26,8,15,23,5,41,18,2,1,1,3,MAUNOURY (AVENUE DU MARE,47.60233,1.3487
201500026123,25,7,15,16,1,41,18,2,1,1,7,MONSABRE (RUE DU PERE),47.58775,1.32998
201500026124,25,9,15,16,1,41,18,2,1,1,6,"139, ALBERT 1ER (RUE)",47.5747,1.30995
201500026125,28,9,15,17,1,41,18,2,3,1,6,ANJOU (RUE D'),47.5941,1.33506
201500026126,29,9,15,14,1,41,47,2,1,1,2,RD 2152,47.61982,1.36868
201500026127,1,10,15,20,3,41,295,1,1,1,1,RUE DE LA PLACE,47.59691,1.37941
201500026128,2,10,15,13,1,41,18,2,1,1,1,NAU (RUE ROBERT),47.61329,1.33263
201500026129,6,10,15,9,1,41,295,1,1,3,6,D951,47.61177,1.38322
201500026130,9,10,15,4,5,41,18,2,1,1,3,INDUSTRIE (BOULEVARD DE),47.6037,1.32414
201500026131,12,10,15,8,1,41,18,2,1,1,3,ALBERT 1ER (RUE),47.5726,1.30653
201500026132,12,10,15,16,1,41,18,2,1,1,3,FRANCE (AVENUE DE)  1,47.59634,1.31593
201500026133,18,10,15,3,3,41,18,1,1,1,6,CHAILLES (LEVEE DE),47.5731,1.32081
201500026134,16,10,15,13,1,41,47,2,1,2,1,DEBRE (ROBERT),47.6154,1.34044
201500026135,27,10,15,18,4,41,18,1,1,1,5,CITES UNIES (BOULEVARD D,47.60991,1.3385
201500026136,30,10,15,16,1,41,47,2,1,1,5,RD 2152,47.6047,1.35138
201500026137,11,11,15,12,1,41,18,1,1,1,7,MEDICIS (ROND POINT),47.58494,1.3182
201500026138,7,11,15,16,1,41,18,1,1,1,3,SAINT-DYE (LEVEE DE),47.59003,1.35302
201500026139,10,11,15,16,1,41,295,2,2,1,3,TAILLES  (RUE DES),47.59509,1.3891
201500026140,17,11,15,17,2,41,18,1,1,2,4,CHATEAUDUN (AVENUE DE),47.61732,1.32711
201500026141,18,11,15,8,1,41,18,1,1,2,2,D174,47.59405,1.35373
201500026142,18,11,15,13,1,41,18,1,1,1,2,CITES UNIES (BOULEVARD D,47.60967,1.33958
201500026143,19,11,15,11,1,41,18,2,1,1,6,"11, FOCH (VENUE DU MAREC",47.58025,1.31567
201500026144,13,11,15,19,3,41,18,1,1,1,5,CHAILLES (LEVEE DE),47.56623,1.30982
201500026145,18,11,15,15,1,41,47,2,1,1,6,RD 2152,47.60928,1.35656
201500026146,5,12,15,14,1,41,212,1,1,1,2,D 956,47.55813,1.37324
201500026147,7,12,15,17,5,41,18,2,1,1,3,NAU (RUE ROBERT),47.61089,1.33271
201500026148,3,12,15,8,1,41,18,2,6,5,2,GAMBETTA (AVENUE),47.58474,1.31849
201500026149,7,12,15,9,1,41,18,2,1,1,2,"66, BOULLE (RUE ANDRE)",47.61108,1.31422
201500026150,8,12,15,16,1,41,18,2,1,3,6,MAUNOURY (AVENUE DU MARE,47.5967,1.34138
201500026151,9,12,15,18,5,41,18,2,1,5,2,MAUNOURY (AVENUE DU MARE,47.59213,1.337
201500026152,10,12,15,19,5,41,18,2,3,1,3,MONTLAUR (RUE DU COLONEL,47.58361,1.32286
201500026153,13,12,15,5,3,41,18,2,6,5,7,ROBERT NAU (ROND POINT),47.61429,1.33401
201500026154,12,12,15,20,5,41,18,2,1,1,1,VERDUN (AVENUE DE),47.59,1.34172
201500026155,12,12,15,21,5,41,18,2,1,8,7,SCHUMAN (AVENUE ROBERT),47.60917,1.33597
201500026156,16,12,15,19,3,41,212,2,1,3,2,D 956,47.56002,1.37305
201500026157,23,12,15,12,1,41,18,2,1,1,2,VEZIN (RUE ALEXANDRE),47.60573,1.31354
201500026158,15,1,15,15,1,41,295,2,1,2,6,GATS DE COEUR (RUE DES),47.573,1.367
201500026159,5,2,15,19,3,41,295,1,1,6,7,D951,47.595,1.362
201500026160,6,2,15,16,1,41,18,2,1,1,6,CROIX PICHON (RUE DE LA,47.596,1.306
201500026161,12,2,15,13,1,41,18,2,6,1,3,TAILLE AUX MOINES (REU D,47.573,1.301
201500026162,16,2,15,15,1,41,226,2,2,1,6,"38, PARIS (ROUTE DE)",47.80711,1.07194
201500026163,12,3,15,21,5,41,269,1,1,1,2,"., CITES UNIES D'EUROPE",47.818,1.022
201500026164,12,12,15,10,1,41,269,2,3,1,7,"., SAINT COEUR (RUE DU)",47.79709,1.06837
201500026165,19,5,15,18,1,41,158,1,2,2,3,,47.784,1.028
201500026166,22,6,15,19,1,41,226,1,1,1,1,nioche,47.83219,1.08246
201500026167,27,6,15,15,1,41,226,2,1,1,7,PARIS (ROUTE DE),47.81696,1.07592
201500026168,27,6,15,10,1,41,226,2,1,1,3,"29, PARIS (ROUTE DE)",47.80959,1.07322
201500026169,21,9,15,11,1,41,269,1,1,1,7,PARIS (ROUTE DE),47.78112,1.07406
201500026170,24,9,15,19,1,41,269,2,1,1,1,FERME (RUE),47.79012,1.06443
201500026171,8,10,15,13,1,41,269,2,1,1,2,"125, SAINT BIENHEURE (FA",47.79077,1.0812
201500026172,24,10,15,11,1,41,226,2,6,1,7,"., PARIS (ROUTE DE)",47.8182,1.076
201500026173,25,10,15,15,1,41,158,2,1,1,7,"02, VIEUX-PUITS (RUE DU)",47.7865,1.03531
201500026174,6,11,15,7,1,41,269,2,3,1,3,"., CHARTRAIN (FAUBOURG)",47.79732,1.06843
201500026175,13,11,15,11,1,41,269,2,1,1,6,"., POTERIE (RUE)",47.79304,1.06527
201500026176,18,11,15,14,1,41,269,2,1,1,3,"79, RONSARD (AVENUE) (SE",47.79878,1.04292
201500026177,14,1,15,17,5,41,269,2,5,1,5,"., KENNEDY (BOULEVARD DU",47.8,1.057
201500026178,24,1,15,16,1,41,226,2,1,7,3,CHEVAL BLANC (RUE DU),47.803,1.074
201500026179,27,3,15,11,1,42,316,2,1,1,6,"6, CONDORCET (RUE)",45.39731,4.28113
201500026180,27,12,15,1,5,42,95,2,1,1,1,"24, GAMPILLE (RUE DE LA)",45.38503,4.27662
201500026181,27,3,15,17,1,42,44,1,1,1,1,RD 88,45.39882,4.33796
201500026182,31,12,15,13,1,42,95,2,2,2,3,"44 Bis, CALMETTE (RUE DU",45.3968,4.2965
201500026183,5,4,15,14,1,42,95,1,1,1,6,RD 88,45.39066,4.28888
201500026184,7,4,15,18,1,42,95,2,1,1,6,RD 88,45.39235,4.291
201500026185,8,4,15,18,1,42,44,2,1,1,2,RD 88,45.40239,4.35944
201500026186,10,4,15,7,1,42,316,1,1,1,1,RD 25,45.40735,4.27441
201500026187,6,5,15,9,1,42,95,2,1,1,3,"2, RUISSEAU (CHEMIN DU)",45.36696,4.27858
201500026188,21,5,15,22,5,42,95,2,1,1,2,RD 500,45.38689,4.29764
201500026189,21,5,15,23,5,42,95,2,2,1,3,"43, GAMBETTA (RUE)",45.39065,4.28976
201500026190,5,6,15,20,1,42,316,1,1,1,6,RD 25,45.41214,4.28588
201500026191,15,6,15,8,1,42,183,1,1,1,6,RD 88,45.40489,4.37314
201500026192,30,6,15,21,1,42,183,2,1,1,5,RD  88,45.40492,4.37306
201500026193,3,7,15,17,1,42,44,1,1,1,3,"60, LIBERATION (RUE DE L",45.39709,4.32304
201500026194,15,7,15,14,1,42,183,2,1,1,5,RD 88,45.405,4.36987
201500026195,20,7,15,19,1,42,95,2,1,1,6,"1, SAINT-CHARLES (BOULEV",45.3869,4.28187
201500026196,21,7,15,8,1,42,183,2,1,1,1,RD 88,45.40494,4.3729
201500026197,22,7,15,8,1,42,44,1,1,1,6,RD 88,45.39622,4.32568
201500026198,24,7,15,7,1,42,44,2,1,1,6,RD 88,45.39892,4.3415
201500026199,29,7,15,9,1,42,316,2,1,1,3,RD 3,45.3922,4.2718
201500026200,8,8,15,11,1,42,44,1,1,1,6,RD 88,45.39684,4.32881
201500026201,20,8,15,9,1,42,44,2,1,1,6,25 rue Thomas,45.39756,4.32868
201500026202,21,8,15,17,1,42,95,2,1,1,6,"1, RIVIERE (RUE DE LA)",45.37937,4.30438
201500026203,27,8,15,20,1,42,316,1,1,1,3,82 rue André Chénier,45.40897,4.2774
201500026204,1,9,15,9,1,42,183,1,1,1,1,RD 88,45.40493,4.37264
201500026205,23,9,15,17,1,42,31,1,1,1,3,RD 3,45.40511,4.23246
201500026206,23,9,15,18,1,42,316,1,1,8,3,Rue André Chénier,45.40957,4.28012
201500026207,3,11,15,17,1,42,316,2,1,1,6,"19, ZOLA (EMILE)",45.39562,4.27732
201500026208,28,11,15,10,1,42,31,1,1,1,1,RD 3,45.40228,4.23223
201500026209,3,12,15,15,1,42,316,2,1,1,6,RD 3,45.39293,4.29118
201500026210,7,12,15,12,1,42,316,1,4,1,3,RD 3,45.39536,4.2631
201500026211,21,12,15,16,1,42,95,1,1,1,6,"35, VOLTAIRE (RUE)",45.39011,4.29042
201500026212,22,12,15,10,1,42,95,2,1,7,6,"2, BREUIL (PLACE DU)",45.38915,4.28738
201500026213,25,12,15,11,1,42,183,2,1,1,3,RD 88,45.40492,4.37306
201500026214,9,1,15,8,1,42,183,2,1,1,6,"1, CD 33",45.40401,4.36728
201500026215,8,1,15,9,1,42,183,2,1,1,6,"3, PRE-VIVIER (RUE DU)",45.40416,4.36482
201500026216,22,1,15,13,1,42,95,2,2,1,3,RD 88,45.38937,4.28725
201500026217,26,1,15,23,5,42,95,2,1,1,5,CD 500,45.38156,4.3024
201500026218,27,1,15,14,1,42,183,2,1,1,6,CD 33,45.40217,4.36829
201500026219,30,1,15,15,1,42,316,2,3,1,3,"33, PASTEUR (RUE)",45.39979,4.26204
201500026220,14,2,15,20,5,42,95,2,1,1,6,RD 88,45.39288,4.29216
201500026221,12,3,15,13,1,42,95,2,1,1,6,RD 88,45.38712,4.28457
201500026222,5,2,15,13,1,42,186,2,1,1,6,"36, RICHARME RUE PETRUS",45.52708,4.61387
201500026223,16,3,15,9,1,42,71,2,1,1,6,"0, CARNOT (RUE)",46.0316,4.08279
201500026224,3,12,15,8,1,42,187,2,3,1,3,"16, MULSANT (RUE)",46.03739,4.0628
201500026225,20,3,15,12,1,42,187,2,1,1,1,"60, BRISON (RUE)",46.03148,4.06736
201500026226,3,12,15,13,1,42,187,2,1,1,7,"0, BERGE (RUE DE LA )",46.03189,4.07125
201500026227,20,3,15,16,1,42,187,2,1,1,1,"60, CARNOT (AVENUE)",46.04288,4.07149
201500026228,9,12,15,10,1,42,71,2,2,1,3,"0, LIBERATION (AVENUE DE",46.03161,4.08249
201500026229,26,3,15,15,1,42,187,2,1,1,2,"06, LYON (AVENUE DE)",46.03447,4.07731
201500026230,10,12,15,17,2,42,170,2,1,1,2,"0, R.D 504",46.03724,4.12104
201500026231,30,3,15,11,1,42,127,2,1,1,7,"74, Route nationale 7",46.07024,4.04793
201500026232,13,12,15,14,1,42,184,2,1,1,6,"0, FONTAINE JEAN DE LA (",46.06579,4.05874
201500026233,3,4,15,9,1,42,127,2,1,1,2,"0, MUSSET  RD 207 (RUE A",46.06183,4.05851
201500026234,14,12,15,14,1,42,187,2,2,1,3,"0, REIMS (BOULEVARD DE)",46.06293,4.0759
201500026235,4,4,15,18,1,42,187,2,3,2,3,"0, AUGE (RUE JOANNY)",46.03772,4.0522
201500026236,14,12,15,17,5,42,187,2,1,1,6,"0, LYON (AVENUE DE)",46.03764,4.07709
201500026237,8,4,15,21,3,42,184,2,6,1,7,"0, OUEST  (BD)",46.04605,4.05635
201500026238,15,12,15,11,1,42,187,2,1,1,2,"93, AUGE (RUE JOANNY)",46.03463,4.0523
201500026239,10,4,15,17,1,42,187,2,6,1,6,"0, PERI (PLACE GABRIEL)",46.0291,4.06562