Num_Acc,jour,mois,an,hr,condition_eclairage,departement,commune,condition_agglomeration,intersection,condition_atmosphere,type_collision,adresse,lattitude,longitude
201500026240,15,12,15,19,5,42,187,2,2,2,3,"0, MURE (RUE DE LA )",46.04071,4.05646
201500026241,12,4,15,10,1,42,71,2,1,1,7,"132 bis, LIBERATION (AVE",46.02482,4.08688
201500026242,17,12,15,7,2,42,187,2,1,1,6,"0, PROMENADES POPULLE (P",46.03635,4.06508
201500026243,12,4,15,1,5,42,187,2,3,1,3,"0, MACE (RUE JEAN)",46.03909,4.07476
201500026244,20,12,15,14,1,42,71,2,1,1,6,"0, PINAY (RUE ANTOINE)",46.0084,4.0997
201500026245,12,4,15,18,1,42,187,2,2,1,2,"0, GIRAUD (RUE DU GENERA",46.0325,4.05978
201500026246,20,12,15,17,2,42,71,1,1,1,5,Route nationale 7,46.08014,4.03092
201500026247,21,12,15,14,1,42,187,1,6,1,2,"0, DEPIERRE (RUE PIERRE)",46.0335,4.07742
201500026248,16,4,15,9,1,42,187,2,2,1,3,"0, PARIS (AVENUE DE)",46.05057,4.06668
201500026249,21,12,15,19,5,42,184,2,6,1,3,"0, BLUM  LEON   (RUE)",46.04397,4.03686
201500026250,21,4,15,11,1,42,187,2,1,1,3,"5, MERMOZ (RUE JEAN)",46.03519,4.06243
201500026251,21,4,15,16,1,42,187,2,2,1,7,"0, MATEL (RUE DE )",46.04819,4.08624
201500026252,24,12,15,13,1,42,170,1,1,1,7,"0, LES FRANCHISES (LIEU",46.03736,4.10583
201500026253,24,12,15,15,1,42,170,1,1,1,1,R.D 504,46.03219,4.18715
201500026254,23,4,15,18,1,42,184,2,2,1,3,"0, FOLIE (MONTEE DE LA)",46.05351,4.03172
201500026255,24,12,15,15,1,42,127,2,1,1,3,"0, FONTAINE JEAN  (RUE D",46.06686,4.0587
201500026256,27,4,15,18,1,42,187,2,1,3,1,"0, MONTRETOUT (RUE DE )",46.05045,4.08975
201500026257,28,4,15,17,1,42,187,2,1,1,6,"0, RAFFIN (RUE ALEXANDRE",46.03205,4.06679
201500026258,26,12,15,16,2,42,170,1,1,1,7,"0, FECHET (LIEU DIT)",46.00397,4.13863
201500026259,30,4,15,15,1,42,187,2,1,1,6,"0, LYON (AVENUE DE)",46.03982,4.07676
201500026260,26,12,15,17,5,42,187,2,1,1,6,"165, SAMPAIX  (RUE LUCIE",46.02951,4.05382
201500026261,9,5,15,15,1,42,71,2,1,1,6,"8, PARMENTIER (RUE ANTOI",46.02901,4.08803
201500026262,13,5,15,7,1,42,71,2,1,1,7,"6, LIBERATION (AVENUE DE",46.0314,4.08263
201500026263,13,5,15,18,1,42,187,2,6,1,7,"1, PHENIX (PLACE DU)",46.03624,4.06414
201500026264,14,5,15,16,1,42,187,2,1,1,2,"17, MAYOLLET  (RUE DU)",46.02368,4.05137
201500026265,20,5,15,13,1,42,187,2,3,1,3,"0, MARENGO (RUE)",46.0366,4.07544
201500026266,22,5,15,17,1,42,187,2,3,1,2,"31, CAMUS (RUE ALBERT)",46.04318,4.0549
201500026267,23,5,15,12,1,42,71,2,2,1,3,"0, VERNAY (RUE DE )",46.02842,4.08297
201500026268,23,5,15,13,1,42,71,2,6,1,3,DE GAULLE (BOULEVARD CHA,46.019,4.09618
201500026269,28,5,15,5,3,42,170,1,1,1,7,"0, R.D 504",46.02855,4.09788
201500026270,29,5,15,9,1,42,187,2,1,1,6,"7, ROCHARD (RUE FRANCISQ",46.036,4.07176
201500026271,12,6,15,9,1,42,187,2,1,1,3,DORIAN (ROND POINT),46.03371,4.07746
201500026272,12,6,15,17,1,42,71,2,1,2,2,"53, LIBERATION (AVENUE D",46.02885,4.08427
201500026273,16,6,15,16,1,42,187,2,1,1,3,"57, PLASSE (RUE GEORGES)",46.03116,4.06144
201500026274,19,6,15,19,1,42,187,2,3,1,3,"0, CENTRALE (AVENUE)",46.06718,4.07618
201500026275,23,6,15,11,1,42,71,2,3,1,1,"0, LECLERC (QUAI DU GENE",46.03172,4.08237
201500026276,24,6,15,18,1,42,187,2,1,1,3,"43, SEMARD (QUAI PIERRE)",46.02885,4.08237
201500026277,24,6,15,19,1,42,187,2,3,1,3,"0, DOURDEIN (RUE AUGUSTE",46.04129,4.05549
201500026278,25,6,15,19,1,42,170,1,4,1,3,route les Plaines Sud,46.03495,4.10196
201500026279,25,6,15,21,5,42,187,2,4,1,1,"0, HERMINIER (QUAI DU CO",46.04026,4.08298
201500026280,30,6,15,18,1,42,184,2,3,1,3,"0, CHEVIGNON LEGER (RUE)",46.04917,4.05386
201500026281,3,7,15,20,1,42,187,2,1,1,7,"10, FOURCAULD (QUAI  COM",46.03382,4.08066
201500026282,4,7,15,4,5,42,184,2,1,1,7,"0, MICHEL LOUISE  (RUE)",46.05195,4.05176
201500026283,4,7,15,13,1,42,127,2,3,1,7,FRANCE ANATOLE ( RUE),46.06379,4.06222
201500026284,5,7,15,16,1,42,71,1,1,1,7,"0, LECLERC (QUAI DU GENE",46.03765,4.08688
201500026285,5,7,15,17,1,42,187,2,1,1,1,"0, THIODET (PLACE MICHEL",46.04073,4.08533
201500026286,8,7,15,8,1,42,184,2,6,1,2,"0, MICHEL LOUISE  (RUE)",46.04913,4.05164
201500026287,8,7,15,12,1,42,71,2,3,1,1,"0, BELGES (BOULEVARD DES",46.02488,4.09036
201500026288,8,7,15,16,1,42,187,2,1,1,6,"9, FONTENILLE (RUE)",46.0405,4.07388
201500026289,10,7,15,8,1,42,187,2,2,1,6,"0, MACE (RUE JEAN)",46.03773,4.07535
201500026290,11,7,15,19,1,42,187,2,6,1,3,DORIAN (ROND POINT),46.0335,4.07799
201500026291,13,7,15,9,1,42,184,2,3,1,3,"0, SAINT-ROMAIN (RUE DE)",46.04235,4.04901
201500026292,13,7,15,15,1,42,71,2,1,1,6,"12, LEDRU-ROLLIN  (RUE A",46.029,4.08648
201500026293,13,7,15,16,1,42,187,2,3,1,4,Levée de la Loire,46.0316,4.07864
201500026294,13,7,15,20,1,42,187,2,3,1,3,"0, MULSANT (RUE)",46.03929,4.05535
201500026295,15,7,15,9,1,42,187,2,3,1,6,"78, MULSANT (RUE)",46.0386,4.0583
201500026296,15,7,15,12,1,42,170,1,1,1,7,"0, LES FRANCHISES (LIEU",46.03739,4.11761
201500026297,17,7,15,13,1,42,184,2,5,1,3,"0, BLUM  LEON   (RUE)",46.04555,4.04065
201500026298,25,7,15,19,2,42,187,2,1,1,3,"55, WILSON (RUE DU PRESI",46.0591,4.091
201500026299,27,7,15,15,1,42,187,2,1,1,4,"0, RENAISON (LEVEE DU)",46.03014,4.07479
201500026300,30,7,15,13,1,42,187,2,3,1,3,"0, COOPERATION (RUE DE L",46.03049,4.06252
201500026301,1,8,15,21,5,42,187,2,3,1,3,"0, PROMENADES POPULLE(PO",46.03655,4.06428
201500026302,4,8,15,7,2,42,187,2,1,3,6,"44, CLERMONT (RUE DE )",46.02842,4.06501
201500026303,8,8,15,19,2,42,187,2,1,2,7,"57, DOURDEIN (RUE AUGUST",46.04095,4.05476
201500026304,9,8,15,5,2,42,187,2,2,1,7,"0, JAURES (RUE JEAN)",46.03589,4.07041
201500026305,10,8,15,16,1,42,187,2,1,1,2,"22, PROMENADES POPULLE (",46.03537,4.06569
201500026306,20,8,15,22,3,42,170,1,1,1,7,"0, LE QUILLONNET (LIEU D",46.06629,4.1226
201500026307,21,8,15,21,5,42,184,2,2,1,3,"0, POINCARE RAYMOND (RUE",46.04736,4.06902
201500026308,27,8,15,11,1,42,187,2,1,1,3,"Face 14, BRISON (RUE)",46.03373,4.06902
201500026309,1,9,15,11,1,42,187,2,1,2,4,"5, LATTRE DE TASSIGNY (P",46.04005,4.07144
201500026310,3,9,15,20,2,42,71,2,2,1,1,"0, REPUBLIQUE (AVENUE DE",46.027,4.09
201500026311,4,9,15,14,1,42,170,1,1,1,1,"0, R.D 504",46.0323,4.09999
201500026312,5,9,15,9,1,42,187,1,1,1,3,BRIENNON (ROUTE DE ),46.09029,4.07589
201500026313,5,9,15,13,1,42,187,2,2,1,6,"0, MACE (RUE JEAN)",46.03765,4.07535
201500026314,9,9,15,7,1,42,71,2,1,1,3,"3, GALLET (BOULEVARD CHA",46.0223,4.09358
201500026315,9,9,15,17,1,42,187,2,1,1,1,"63, CHARLES DE GAULLE(RU",46.03925,4.07163
201500026316,10,9,15,11,1,42,127,2,1,1,1,"0, FONTAINE JEAN  (RUE D",46.06763,4.06057
201500026317,11,9,15,8,1,42,127,2,1,7,3,"347, BRIENNON (RT DE)",46.08105,4.07338
201500026318,11,9,15,9,1,42,187,2,3,1,6,"0, JAURES (RUE JEAN)",46.03593,4.0705
201500026319,11,9,15,13,1,42,187,2,3,1,3,"0, FOLLEREAU (RUE RAOUL)",46.03241,4.07385
201500026320,16,9,15,7,2,42,187,2,1,2,6,"32, RAFFIN (RUE ALEXANDR",46.03462,4.06665
201500026321,21,9,15,17,1,42,187,2,1,1,4,"0, CLERMONT (RUE DE )",46.03063,4.067
201500026322,21,9,15,17,1,42,184,1,1,1,7,"0, OUCHES (  RT D')",46.028,4.03233
201500026323,20,9,15,1,5,42,187,2,1,1,6,"0, NUNEATON",46.0339,4.07666
201500026324,22,9,15,18,1,42,127,1,1,2,7,BRIENNON (RT DE),46.08927,4.07566
201500026325,7,1,15,12,1,42,184,2,3,1,3,"0, IFFLANDER  ALBRECHT (",46.0514,4.04403
201500026326,28,9,15,8,1,42,71,2,1,1,3,"3, BROUSSON  (RUE AUGUST",46.02525,4.08573
201500026327,29,9,15,10,1,42,187,2,6,1,6,"54, BRISON (RUE)",46.03216,4.06803
201500026328,30,9,15,9,1,42,187,2,3,1,3,"0, PRESSENSE (RUE FRANCI",46.05391,4.0914
201500026329,30,9,15,15,1,42,71,2,6,1,7,"0, BELGES (BOULEVARD DES",46.0259,4.09304
201500026330,24,9,15,17,1,42,187,2,1,1,7,"0, THIERS (BOULEVARD DE)",46.02634,4.05231
201500026331,1,10,15,17,1,42,187,2,3,1,3,"75, GIRAUD (RUE DU GENER",46.03404,4.05353
201500026332,3,10,15,18,1,42,170,1,1,3,1,R.D 504,46.03698,4.12375
201500026333,3,10,15,18,1,42,170,1,1,2,1,"0, R.D 504",46.03916,4.16507
201500026334,6,10,15,8,1,42,187,2,1,2,6,"0, OUEST (BOULEVARD)",46.04755,4.06313
201500026335,6,10,15,11,1,42,187,2,2,1,3,"0, ZOLA (RUE EMILE)",46.04084,4.05808
201500026336,6,10,15,15,1,42,187,2,2,1,3,"0, PLASSE (RUE GEORGES)",46.03252,4.0598
201500026337,8,10,15,8,1,42,127,1,1,1,7,"0, BRIENNON (RT DE)",46.06535,4.07426
201500026338,9,10,15,15,1,42,187,2,1,1,6,"0, REPUBLIQUE (COUR DE L",46.03712,4.06503
201500026339,10,10,15,21,5,42,184,2,1,1,6,"0, OUEST  (BD)",46.037,4.0457
201500026340,16,10,15,7,5,42,187,2,1,1,6,"128, CHARLIEU (RUE DE )",46.04775,4.08251
201500026341,21,10,15,20,1,42,187,1,1,1,6,"FACE AU 37, BENOIT (BOUL",46.04839,4.06991
201500026342,29,10,15,14,1,42,187,2,3,1,3,"27, CUVIER  (RUE)",46.04646,4.06623
201500026343,6,11,15,16,1,42,187,2,2,1,3,"0, MONTRETOUT (RUE DE )",46.05209,4.08594
201500026344,13,11,15,16,2,42,187,2,2,1,3,"0, THOMAS (RUE ALBERT)",46.04901,4.07408
201500026345,14,11,15,12,1,42,127,2,1,1,6,"0, CORNEILLE PIERRE (RUE",46.06324,4.0625
201500026346,18,11,15,17,2,42,187,2,2,1,3,"0, ARRAS (BOULEVARD D')",46.06101,4.07486
201500026347,18,11,15,17,5,42,127,2,3,1,6,"0, FRANCE ANATOLE ( RUE)",46.06021,4.06785
201500026348,21,11,15,9,1,42,187,2,2,2,3,"0, SALENGRO (RUE ROGER)",46.03757,4.0753
201500026349,22,11,15,16,1,42,187,2,3,1,3,"36, VERNES (RUE DES)",46.02994,4.05165
201500026350,23,11,15,13,1,42,127,2,3,1,3,"155, BRIENNON (RT DE)",46.06576,4.07422
201500026351,1,12,15,10,1,42,187,2,1,1,2,EST (ROCADE),46.05105,4.08284
201500026352,9,1,15,18,5,42,127,2,6,1,7,"0, DE GAULLE (AVENUE CHA",46.08344,4.07332
201500026353,12,1,15,10,1,42,71,2,1,1,2,"38, ETINES (BOULEVARD DE",46.02135,4.09224
201500026354,12,1,15,18,2,42,170,1,1,1,2,"0, LES PLAINES (LIEU DIT",46.035,4.10015
201500026355,13,1,15,16,1,42,187,2,1,1,6,"92, THOMAS (RUE ALBERT)",46.04809,4.07418
201500026356,13,1,15,16,2,42,187,2,1,1,4,"39, PARIS (AVENUE DE)",46.04387,4.07153
201500026357,15,1,15,12,1,42,187,2,1,1,7,"35, THOMAS (RUE ALBERT)",46.04416,4.07404
201500026358,16,1,15,10,1,42,187,2,1,2,6,"0, HERMINIER (QUAI DU CO",46.03388,4.07807
201500026359,16,1,15,16,2,42,187,2,1,2,4,"0, Pont de la LOIRE",46.03262,4.08
201500026360,23,1,15,18,5,42,187,2,1,1,7,"15, GAMBETTA (AVENUE)",46.03937,4.06661
201500026361,26,1,15,18,5,42,187,2,1,2,7,"0, PROMENADES POPULLE(PO",46.03655,4.06485
201500026362,23,1,15,10,1,42,170,1,1,2,7,"0, R.D 504",46.04038,4.1466
201500026363,29,1,15,7,4,42,187,2,1,3,7,"22, AUGE (RUE JOANNY)",46.03844,4.05215
201500026364,30,1,15,13,1,42,187,2,2,1,3,"25, NOELAS (Rue)",46.0381,4.06859
201500026365,30,1,15,17,1,42,170,1,1,2,7,"0, LES PLAINES (LIEU DIT",46.03327,4.09799
201500026366,9,2,15,16,2,42,187,2,1,1,2,"8, BRISON (RUE)",46.03372,4.06902
201500026367,10,2,15,17,3,42,187,2,2,1,3,"0, MAROC (RUE DU )",46.06286,4.07589
201500026368,12,2,15,12,1,42,187,2,1,1,6,"2, DUCARRE (RUE GEORGES",46.0347,4.0738
201500026369,19,2,15,10,1,42,71,2,1,7,2,"23, PARMENTIER (RUE ANTO",46.02937,4.08775
201500026370,24,2,15,8,1,42,71,2,1,1,6,"24, LIBERATION (AVENUE D",46.03045,4.08312
201500026371,27,2,15,9,1,42,187,2,2,2,3,"0, MONTRETOUT (RUE DE )",46.05011,4.09011
201500026372,3,3,15,17,1,42,184,2,2,1,3,"0, MICHEL LOUISE  (RUE)",46.04904,4.05168
201500026373,4,3,15,14,1,42,187,2,1,2,4,"1, CLERMONT (RUE DE )",46.03137,4.06749
201500026374,9,3,15,16,1,42,187,2,2,1,3,"0, DANTON (RUE GEORGES)",46.03711,4.05471
201500026375,10,3,15,18,5,42,187,2,1,1,7,"157, CHARLIEU (RUE DE )",46.048,4.08256
201500026376,12,3,15,11,1,42,187,2,1,1,6,"0, MARCEAU (RUE)",46.0371,4.0608
201500026377,13,3,15,13,1,42,187,2,3,1,3,"12, MACE (RUE JEAN)",46.0391,4.07481
201500026378,10,1,15,0,5,42,259,2,1,1,6,"50, SAINT MARTIN ROUTE D",45.53663,4.60777
201500026379,23,1,15,19,5,42,207,2,1,1,6,"12, GAMBETTA RUE",45.47364,4.51151
201500026380,18,2,15,12,1,42,207,1,1,8,4,LANGONNAND  ROUTE DE,45.47738,4.46635
201500026381,21,12,15,15,1,42,218,2,2,1,3,"IGNORE, VERNEY CARRON CL",45.46367,4.38176
201500026382,19,3,15,13,1,42,218,2,1,1,6,"5, CHARCOT DOCTEURS JUSQ",45.42277,4.39208
201500026383,24,12,15,9,1,42,330,2,1,1,6,rue des écoles,45.46828,4.35446
201500026384,28,3,15,9,1,42,189,2,2,1,6,"01, COMTE LOUIS",45.43332,4.32252
201500026385,27,12,15,10,1,42,218,2,1,1,6,"12, ROCHETAILLEE (AVENUE",45.42057,4.39821
201500026386,9,4,15,16,1,42,218,2,1,1,2,"ignore, MUSSET ALFRED DE",45.44345,4.37946
201500026387,28,11,15,23,3,42,218,1,1,1,6,"ignor, R.D. N25",45.45676,4.29561
201500026388,10,4,15,16,1,42,218,2,1,1,6,"3, BRUGNIAUT OVIDE",45.41084,4.38735
201500026389,28,12,15,16,1,42,218,2,1,1,1,"ignor, TALAUDIERE (DE L",45.45141,4.40722
201500026390,5,4,15,13,1,42,218,1,3,1,6,"80, VIVALDI ANTONIO (BOU",45.47088,4.4002
201500026391,29,12,15,12,1,42,218,2,1,2,1,"ignor, MOMEY",45.45909,4.36984
201500026392,5,4,15,15,1,42,218,2,3,1,3,"20, VIAL JEAN HIPPOLYTE",45.43514,4.43718
201500026393,30,12,15,8,1,42,218,2,1,1,6,"11, FEUILLET OCTAVE",45.44962,4.36328
201500026394,6,4,15,20,2,42,218,2,2,1,3,"ignoré, FRANCHE AMITIE A",45.43516,4.38401
201500026395,21,4,15,16,1,42,218,2,1,1,2,"39, DESTRE DOCTEUR LOUIS",45.43864,4.43622
201500026396,21,4,15,15,1,42,218,2,1,1,6,"140, DURAFOUR ANTOINE A",45.42244,4.39656
201500026397,1,1,15,1,5,42,218,2,2,1,3,"10, THIERRY AUGUSTIN (BD",45.44685,4.38375
201500026398,26,4,15,2,1,42,183,1,1,1,6,ROCADE OUEST,45.41794,4.3709
201500026399,27,4,15,15,1,42,218,2,1,2,6,"ignoré, LOUGANSK (DE)",45.42094,4.41216
201500026400,18,12,15,8,1,42,218,2,3,1,6,"02, VILLARS (DE)",45.46559,4.3784
201500026401,10,4,15,8,1,42,218,2,2,1,6,"28, AMOUROUX A PARTIR DE",45.41394,4.39843
201500026402,19,12,15,2,5,42,218,2,2,1,3,LEVAILLANT MAITRE SIMONE,45.46367,4.38176
201500026403,11,4,15,11,1,42,218,2,2,1,6,"53, FAURIEL (COURS)",45.42689,4.40353
201500026404,22,12,15,16,1,42,218,2,3,1,3,"129, ALLIES JUSQU'AUX N",45.44151,4.41423
201500026405,11,4,15,14,1,42,275,2,1,1,4,"01, MENDES FRANCE PIERRE",45.46939,4.37588
201500026406,14,4,15,19,1,42,189,1,1,1,1,VILLEBOEUF (LIEU DIT),45.42909,4.35104
201500026407,16,4,15,12,1,42,189,1,1,1,5,ROCADE OUEST,45.43012,4.34816
201500026408,20,4,15,8,1,42,218,2,1,1,6,"32, JANIN JULES (BD) JUS",45.44868,4.39098
201500026409,22,4,15,9,1,42,218,2,2,1,3,"51, ACIERIES (DES)",45.45616,4.39174
201500026410,24,12,15,16,1,42,218,2,1,1,1,"04, OGIER JEAN BAPTISTE",45.43575,4.43201
201500026411,30,4,15,16,1,42,218,2,2,1,6,"02, VIVALDI ANTONIO (BOU",45.46609,4.39888
201500026412,3,5,15,11,1,42,189,2,3,1,6,"01, REPUBLIQUE",45.43484,4.32268
201500026413,6,5,15,18,1,42,218,2,1,1,6,"IGNORE, COLETTE",45.42118,4.42169
201500026414,10,5,15,4,5,42,218,2,3,1,3,"ignoré, MULLER DES DOCTE",45.44703,4.398
201500026415,11,5,15,16,1,42,218,2,2,1,1,"IGNORE, TALAUDIERE (DE L",45.45021,4.40411
201500026416,12,5,15,17,1,42,218,2,1,1,6,"5/7, CHARCOT DOCTEURS JU",45.42265,4.39192
201500026417,16,5,15,2,5,42,218,2,1,2,6,"33, LIOGIER JUSQU'AUX Nø",45.42839,4.40482
201500026418,16,5,15,7,1,42,218,2,2,1,3,"27, FAURIEL (COURS)",45.42838,4.39928
201500026419,19,5,15,14,1,42,218,2,1,1,6,"31, BEAUBRUN",45.43387,4.38207
201500026420,22,5,15,17,1,42,223,1,1,1,3,CIZERON (LIEU DIT),45.46616,4.31924
201500026421,23,5,15,18,1,42,275,2,1,1,6,"43, MENDES FRANCE PIERRE",45.47799,4.36084
201500026422,27,4,15,19,1,42,218,2,1,1,2,"27, CLAUDE DESIRE JUSQU'",45.42908,4.38894
201500026423,31,5,15,22,5,42,218,2,1,1,6,"IGNORE, JANIN JULES (BD)",45.44474,4.3978
201500026424,4,6,15,15,1,42,218,2,1,1,6,"2, ROCHE DU GEAI (DE LA)",45.4443,4.36369
201500026425,9,6,15,14,1,42,218,2,1,1,6,"56, BERGSON A PARTIR Nø",45.4536,4.38336
201500026426,11,6,15,16,1,42,218,2,1,1,2,"52, DAGUERRE",45.42317,4.39065
201500026427,21,5,15,21,3,42,218,1,1,1,7,D8,45.38919,4.47278
201500026428,29,5,15,8,1,42,218,2,2,1,3,"01, SALENGRO ROGER",45.44102,4.389
201500026429,31,5,15,6,1,42,218,2,2,1,3,"10, CAMELINAT JUSQU'AUX",45.4448,4.38431
201500026430,2,6,15,7,1,42,218,2,1,1,6,"153, BERGSON A PARTIR Nø",45.45905,4.38153
201500026431,3,6,15,21,1,42,218,2,2,1,3,"21, GAMBETTA A PARTIR Nø",45.4333,4.38886
201500026432,5,6,15,14,1,42,218,2,1,1,3,"22, JANIN JULES (BD) JUS",45.44792,4.38801
201500026433,9,6,15,17,1,42,218,2,1,1,4,"ignoré, VERNEY CARRON CL",45.46269,4.38236
201500026434,13,6,15,5,1,42,218,2,3,1,6,"12, JAURES JEAN (PLACE)",45.44145,4.38726
201500026435,19,6,15,19,1,42,218,2,1,1,6,"14, BERNARD MARTIN",45.43271,4.38024
201500026436,19,6,15,14,1,42,218,2,3,1,6,"ignoré, NADAUD GUSTAVE (",45.43317,4.39556
201500026437,26,6,15,18,1,42,218,2,1,1,6,"43, GAMBETTA A PARTIR Nø",45.43124,4.38928
201500026438,30,6,15,7,1,42,305,2,1,1,6,"6, HUGO VICTOR",45.47981,4.43123
201500026439,5,7,15,3,5,42,218,2,2,1,3,"14, BERNARD MARTIN",45.43265,4.38037
201500026440,6,7,15,18,1,42,223,1,1,1,7,D15,45.45462,4.34182
201500026441,10,7,15,23,5,42,218,2,3,1,7,"16, REVOLLIER J-FRANCOIS",45.45518,4.37764
201500026442,27,5,15,19,1,42,218,2,1,1,2,"27, CLAUDE DESIRE JUSQU'",45.42908,4.38894
201500026443,21,7,15,19,1,42,218,1,1,1,4,Le Berlan,45.4341,4.30426
201500026444,2,8,15,3,5,42,218,2,1,1,6,"36, MARTYRS DE VINGRE",45.43594,4.39023
201500026445,2,8,15,7,1,42,218,2,1,1,6,"133, MONTAT (DE LA) A PA",45.44384,4.41588
201500026446,4,8,15,9,1,42,218,2,3,1,3,"ignoré, NELTNER LOUIS (B",45.46185,4.41447
201500026447,8,8,15,14,1,42,330,1,6,2,2,"IGNORE, POUQUET HUBERT (",45.47846,4.3475
201500026448,17,8,15,21,5,42,218,2,1,1,6,"105, DESTRE DOCTEUR LOUI",45.44002,4.41956
201500026449,19,8,15,20,1,42,218,2,1,1,6,"79, FAURIEL (COURS)",45.42483,4.40724
201500026450,23,8,15,12,1,42,218,2,2,3,3,"IGNORE, GRUNER (AVENUE)",45.44008,4.3997
201500026451,24,8,15,18,1,42,218,2,1,1,3,"23, TALAUDIERE (DE LA) J",45.45324,4.40993
201500026452,26,8,15,14,1,42,218,2,1,1,3,"ignoré, VERNEY CARRON CL",45.46273,4.3823
201500026453,29,8,15,11,1,42,218,2,1,1,7,"27, FLORALIES (DES)",45.4703,4.39434
201500026454,31,8,15,11,1,42,218,2,6,1,3,ROOSEVELT FRANKLIN (SQUA,45.42082,4.41073
201500026455,21,9,15,19,5,42,218,2,3,1,3,"ignore, EVRARD FLORENT A",45.41523,4.37492
201500026456,6,9,15,13,1,42,218,2,1,1,6,"42, FRAISSINETTE ALEXAND",45.41815,4.4169
201500026457,8,9,15,12,1,42,275,2,3,1,3,"24, ETRAT (ROUTE DE L')",45.47159,4.38341
201500026458,15,9,15,7,1,42,218,2,1,1,6,"17, BERGSON JUSQU'AUX Nø",45.44821,4.38466
201500026459,18,9,15,16,1,42,218,2,3,1,3,"ignoré, PONT DE L'ANE (I",45.44399,4.41903
201500026460,19,9,15,8,1,42,237,2,1,1,3,"34, HUGO (VICTOR)",45.44609,4.4336
201500026461,24,9,15,18,1,42,218,2,1,1,6,"ignoré, RONDET MICHEL A",45.43778,4.38313
201500026462,25,9,15,16,1,42,218,2,1,1,6,"15, RICHELANDIERE (DE LA",45.43887,4.39999
201500026463,1,10,15,1,5,42,218,2,2,1,3,"ignore, BLANQUI",45.44007,4.39103
201500026464,30,9,15,15,1,42,218,2,1,1,6,"128, BERGSON A PARTIR Nø",45.46302,4.38067
201500026465,4,10,15,9,1,42,330,2,1,1,6,"02, TAILLEE (ROUTE)",45.46603,4.35503
201500026466,5,10,15,17,1,42,218,2,2,1,6,"64, PASSEMENTIERS A PART",45.41817,4.39478
201500026467,2,10,15,21,5,42,218,2,4,1,3,"IGNORE, EVRARD FLORENT A",45.41899,4.37594
201500026468,24,10,15,19,3,42,223,1,1,1,1,D15,45.45382,4.34201
201500026469,25,10,15,8,1,42,218,2,1,1,6,"32, MALON BENOIT",45.44456,4.38083
201500026470,29,10,15,9,1,42,218,2,1,1,7,"ignoré, ALBERT FRANCOIS",45.4462,4.40023
201500026471,30,10,15,10,1,42,218,2,1,1,1,"36, MARTEL EDOUARD JUSQU",45.42272,4.37659
201500026472,6,11,15,13,1,42,218,2,1,1,6,"17, VILLE (DE LA)",45.43637,4.38652
201500026473,7,11,15,17,1,42,218,2,1,1,6,"IGNORE, MONTYON",45.46645,4.38349
201500026474,8,11,15,12,1,42,305,2,2,1,3,"IGNORE, ROLLAND ROMAIN",45.48332,4.43011
201500026475,8,11,15,14,1,42,218,2,1,1,6,"IGNORE, ROOSEVELT FRANKL",45.42122,4.41132
201500026476,8,11,15,20,5,42,218,2,1,1,6,"IGNORE, MOULIN JEAN (PLA",45.43746,4.39278
201500026477,11,11,15,18,4,42,218,2,1,1,6,"11-13, MAREY COLONEL",45.44527,4.40233
201500026478,11,11,15,11,1,42,218,2,2,1,3,"99, FAURIEL (COURS)",45.42292,4.4093
201500026479,13,11,15,10,1,42,218,2,1,1,6,"29, DE GAULLE CHARLES",45.44451,4.38558
201500026480,19,11,15,12,1,42,218,2,9,1,6,"2D, OVIDES",45.43793,4.4139
201500026481,20,11,15,12,1,42,218,2,1,1,6,"30-38, FAURIAT (BOULEVAR",45.44704,4.4054
201500026482,23,11,15,20,5,42,218,2,1,1,2,"21, MIMARD ETIENNE JUSQU",45.43839,4.39623
201500026483,16,10,15,15,1,42,218,2,3,8,3,"09, ROBESPIERRE",45.41483,4.39505
201500026484,28,11,15,11,1,42,218,2,1,1,6,"ignor, MASSENET (PLACE)",45.46559,4.37976
201500026485,27,10,15,22,1,42,275,2,1,1,7,"02, DE GAULLE CHARLES",45.47964,4.36899
201500026486,12,11,15,17,5,42,218,1,1,1,6,"25, RICHELANDIERE (DE LA",45.4388,4.40103