Num_Acc,jour,mois,an,hr,condition_eclairage,departement,commune,condition_agglomeration,intersection,condition_atmosphere,type_collision,adresse,lattitude,longitude
201500026487,19,11,15,10,1,42,330,2,3,1,6,"02, REPUBLIQUE",45.46837,4.35364
201500026488,2,12,15,11,1,42,218,2,1,1,6,"15, VALBENOITE (BD) JUSQ",45.42867,4.39482
201500026489,4,12,15,8,1,42,218,1,2,1,3,A72 SENS VERS CLERMONT F,45.46495,4.39873
201500026490,8,12,15,11,1,42,218,2,1,1,2,"34, DESTRE DOCTEUR LOUIS",45.43913,4.43622
201500026491,11,12,15,13,1,42,218,2,2,1,3,"68, ROUGET DE L'ISLE A P",45.44609,4.38664
201500026492,28,11,15,15,1,42,218,2,1,1,4,"4-6, BARROUIN JUSQU'AUX",45.45404,4.38406
201500026493,2,12,15,12,1,42,218,1,1,1,6,D25,45.42853,4.29502
201500026494,2,12,15,18,5,42,218,2,1,1,6,"84, CHAVASSIEUX JUSQU'AU",45.44856,4.36606
201500026495,3,12,15,18,5,42,218,2,1,1,6,"3, VOLTAIRE",45.43019,4.39018
201500026496,5,12,15,23,5,42,218,2,2,1,3,"IGNORE, MIMARD ETIENNE A",45.43657,4.39396
201500026497,6,12,15,5,5,42,218,2,1,1,6,"15, MOLINA (DE)",45.4666,4.3935
201500026498,8,12,15,1,5,42,218,2,1,1,6,"IGNORE, MONT MOUCHET",45.44185,4.42955
201500026499,9,12,15,21,5,42,218,2,1,1,6,"35, CLEMENCEAU GEORGES",45.42702,4.41275
201500026500,10,12,15,7,1,42,305,2,1,1,3,"IGNORE, HUGO VICTOR",45.48114,4.43485
201500026501,7,1,15,19,5,42,218,2,1,1,6,"23, HUGO VICTOR (COURS)",45.43245,4.3884
201500026502,13,1,15,7,3,42,330,2,1,1,6,"ignor?, HIPPODROME (LOT)",45.47296,4.35794
201500026503,13,1,15,19,5,42,218,2,3,1,5,"ignor?, HUIT MAI 1945 (B",45.45051,4.40187
201500026504,15,1,15,16,1,42,237,2,1,1,3,"ignor?, VIGNES (LIEU DIT",45.44041,4.45553
201500026505,15,1,15,13,1,42,218,2,3,1,6,"ignor?, CHEVREUL",45.42467,4.39497
201500026506,16,1,15,21,3,42,223,1,1,9,7,Rocade OUEST,45.44952,4.3372
201500026507,10,1,15,17,2,42,305,2,1,1,6,HUGO VICTOR,45.48078,4.43372
201500026508,23,1,15,12,1,42,218,2,1,8,6,"68, PAROT JEAN A PARTIR",45.43084,4.42373
201500026509,24,1,15,13,1,42,189,2,1,1,1,"ignor?, CLAPEUSES (DES)",45.41983,4.31698
201500026510,25,1,15,17,2,42,218,2,1,8,6,"02, CHAIZE NICOLAS JUSQU",45.41804,4.39365
201500026511,15,1,15,18,5,42,218,2,1,1,3,"82, BERGSON A PARTIR N?",45.45778,4.38217
201500026512,29,1,15,19,5,42,218,2,1,3,6,"18, ALLARD MARCELLIN",45.43545,4.39323
201500026513,7,2,15,2,5,42,218,2,1,1,6,"ignor?, BASSE DES RIVES",45.42601,4.39413
201500026514,10,2,15,9,1,42,218,2,3,8,6,"19, POURCEL ALEXANDRE JU",45.42385,4.39545
201500026515,9,2,15,13,1,42,218,2,3,1,3,"FACE AU 18, MIMARD ETIEN",45.43747,4.39521
201500026516,11,2,15,11,1,42,218,2,7,1,6,"sans, JACQUARD (PLACE)",45.44217,4.38241
201500026517,15,2,15,21,5,42,218,2,2,1,3,"IGNORE, ARCOLE A PARTIR",45.44013,4.38259
201500026518,25,2,15,15,1,42,305,2,1,1,1,"IGNORE, FONTAINE JEAN DE",45.47906,4.41324
201500026519,24,2,15,19,5,42,218,2,2,2,5,"ignore, MUSSET ALFRED DE",45.4417,4.37894
201500026520,26,2,15,18,5,42,218,2,1,2,5,"IGNORE, POMPIDOU GEORGES",45.45356,4.39909
201500026521,1,3,15,13,1,42,218,2,2,1,3,"ignoré, MIMARD ETIENNE A",45.43889,4.39703
201500026522,26,2,15,13,1,42,218,2,1,1,6,"34, TIBLIER VERNE",45.44851,4.40072
201500026523,7,3,15,5,5,42,218,2,1,1,6,"32, JANIN JULES (BD) JUS",45.44868,4.3906
201500026524,7,3,15,5,5,42,305,2,1,1,1,"3185, ROSTAND JEAN (BOUL",45.47526,4.44269
201500026525,11,3,15,21,5,42,218,2,1,1,6,"58, ROZIER (DU)",45.43121,4.39897
201500026526,10,3,15,19,5,42,218,2,1,1,6,"6, BERNARD MARTIN",45.43307,4.38002
201500026527,13,3,15,11,1,42,218,2,1,1,6,"28, LIBERATION (AVENUE)",45.43785,4.39365
201500026528,16,3,15,16,1,42,189,2,1,1,4,"ignoré, PASCAL BLAISE (B",45.42412,4.31604
201500026529,16,3,15,8,1,42,218,2,1,1,3,"ignoré, PERI GABRIEL A P",45.4137,4.3924
201500026530,18,3,15,15,1,42,275,2,1,1,3,"18, MENDES FRANCE PIERRE",45.47266,4.371
201500026531,17,3,15,14,1,42,218,2,2,1,6,"80, CHARCOT DOCTEURS A P",45.41798,4.39315
201500026532,19,3,15,21,5,42,218,2,1,1,6,"40, BOISSON ETIENNE JUSQ",45.44572,4.38297
201500026533,27,3,15,14,1,42,218,2,2,1,3,"IGNORE, RHIN ET DANUBE (",45.44507,4.36612
201500026534,25,3,15,17,1,42,237,2,1,2,2,"1997, ROSTAND JEAN",45.46718,4.43141
201500026535,3,4,15,0,5,42,218,2,2,1,3,"IGNORE, DURAFOUR ANTOINE",45.43074,4.39332
201500026536,3,4,15,10,1,42,218,2,1,1,6,"99 BIS, FAURIEL (COURS)",45.42294,4.40929
201500026537,21,3,15,12,1,42,186,2,1,1,3,"37, REPUBLIQUE DU N°1 AU",45.52978,4.6122
201500026538,17,3,15,17,1,42,207,2,1,1,6,"12, GAMBETTA RUE",45.47363,4.51149
201500026539,23,4,15,18,1,42,123,2,1,1,6,"30, JAURES RUE JEAN",45.58436,4.51409
201500026540,7,5,15,1,1,42,259,1,1,1,6,PLAINE ROUTE DE LA,45.54814,4.60875
201500026541,7,5,15,8,1,42,186,1,1,1,6,"1, GAMBETTA COURS",45.52923,4.6198
201500026542,25,5,15,17,1,42,259,1,1,1,6,"38, SAINT MARTIN ROUTE D",45.54075,4.61018
201500026543,27,5,15,13,1,42,207,2,1,1,3,"5, TONKIN RUE DU",45.47519,4.52233
201500026544,30,5,15,10,1,42,207,2,1,1,6,"64, WALDECK ROUSSEAU BOU",45.47519,4.50487
201500026545,18,6,15,20,1,42,207,2,1,1,5,"56, VICTOR HUGO RUE",45.47608,4.52093
201500026546,2,6,15,20,1,42,207,1,1,1,6,VICTOR HUGO RUE,45.47435,4.51406
201500026547,19,6,15,16,1,42,225,1,1,1,1,"709, GRAVENAND ROUTE DU",45.53236,4.59538
201500026548,26,6,15,12,1,42,207,2,1,1,6,COIN ROUTE DU,45.473,4.51629
201500026549,9,6,15,10,1,42,207,2,1,1,3,"4, RIVORY JEAN BAPTISTE",45.46014,4.52426
201500026550,2,7,15,8,1,42,207,1,1,1,2,"10, FERRY JULES AVENUE",45.47075,4.51578
201500026551,23,6,15,20,1,42,207,2,3,1,3,"1, GRANDE TERRE BOULEVAR",45.47254,4.53005
201500026552,30,7,15,16,1,42,207,2,1,1,6,"7, DORIAN PLACE",45.47529,4.50901
201500026553,31,7,15,22,5,42,123,2,3,1,2,"30, JAURES RUE JEAN",45.51407,4.58439
201500026554,28,8,15,15,1,42,207,2,2,1,3,"19, HUGO VICTOR RUE",45.47483,4.51685
201500026555,16,9,15,23,5,42,207,2,3,1,6,"12, GAMBETTA RUE",45.47343,4.51101
201500026556,16,9,15,14,1,42,123,2,3,1,3,"27, JAURES RUE JEAN",45.51362,4.58325
201500026557,18,9,15,7,2,42,186,2,1,9,6,"51, EDOUARD VAILLANT RUE",45.524,4.60621
201500026558,9,9,15,17,1,42,207,2,1,1,6,"56, WALDECK ROUSSEAU",45.47652,4.50616
201500026559,22,9,15,16,1,42,207,2,1,1,6,"1 BIS, GAMBETTA RUE",45.47401,4.51286
201500026560,21,9,15,11,1,42,186,2,1,1,1,"36, COUZON RUE VALLEE DE",45.52309,4.62447
201500026561,5,10,15,16,1,42,186,2,1,8,5,"51, VAILLANT RUE EDOUARD",45.52373,4.60622
201500026562,1,10,15,20,5,42,207,2,2,1,3,NATIONALE PLACE,45.46433,4.50341
201500026563,10,10,15,20,5,42,207,2,2,1,2,"9, VICTOR HUGO RUE",45.47438,4.51399
201500026564,1,7,15,23,5,42,225,1,1,1,6,"122, MANISSOL ROUTE DE",45.52322,4.59222
201500026565,22,10,15,12,1,42,207,2,1,1,6,"2, ORIOL BENOIT RUE",45.47739,4.51537
201500026566,31,10,15,17,2,42,207,1,1,1,3,"58, LANGONNAND  ROUTE DE",45.47182,4.48734
201500026567,4,11,15,13,1,42,207,2,1,1,5,"46, LYON ROUTE DE",45.48072,4.52833
201500026568,5,11,15,9,1,42,186,2,1,1,6,"14, JUIN AVENUE DU MAREC",45.53075,4.62248
201500026569,23,11,15,7,1,42,123,2,1,1,2,"2, ASSAILLY RUE D'",45.51018,4.57337
201500026570,5,12,15,23,5,42,123,2,1,1,2,"24, DURAFOUR RUE ANTOINE",45.51027,4.57611
201500026571,8,12,15,17,2,42,207,2,1,1,1,GRANDE TERRE BOULEVARD,45.4729,4.53339
201500026572,15,12,15,19,5,42,207,2,3,2,1,"83, PETIN GAUDET RUE",45.46331,4.5073
201500026573,26,3,15,14,1,43,157,2,1,1,6,"24, DOLAIZON (RUE)",0.0,0.0
201500026574,8,4,15,16,1,43,157,2,1,1,6,21 BD MARECHAL JOFFRE,45.0482,3.89355
201500026575,9,4,15,22,5,43,157,2,1,1,6,"58, COUDEYRETTE (RUE)",0.0,0.0
201500026576,20,4,15,19,1,43,157,2,1,1,6,"21, FAYOLLE (BD MARECHAL",45.0422,3.88661
201500026577,19,5,15,12,1,43,157,2,1,1,2,AV GEORGES CLEMENCEAU,45.0412,3.88839
201500026578,5,6,15,19,1,43,157,2,1,1,6,9 RUE CHARLES VII,0.0,0.0
201500026579,20,6,15,22,5,43,157,2,1,1,6,"12, ST-JEAN (RUE DU FG)",45.0442,3.88943
201500026580,20,6,15,18,1,43,157,2,1,1,6,"66, FAUBOURG (RUE DU)",45.0402,3.88827
201500026581,28,6,15,21,2,43,157,2,2,1,3,"44, BREUIL (BD DU)",0.0,0.0
201500026582,26,6,15,15,1,43,157,2,1,1,6,"2, BOUCHERIE BASSE (RUE)",0.0,0.0
201500026583,30,6,15,14,1,43,89,2,2,1,3,"1, SOUCHON (RUE AUGUSTE)",0.0,0.0
201500026584,18,7,15,13,1,43,157,2,1,1,2,"36, JOURDE (BD. PHILIPPE",0.0,0.0
201500026585,25,7,15,9,1,43,157,2,1,1,3,"31, JOFFRE (BD. MARECHAL",45.0488,3.89416
201500026586,30,7,15,15,1,43,157,2,1,1,6,"3-5, FAYOLLE (BD. MARECH",45.0421,3.88573
201500026587,31,7,15,12,1,43,2,2,1,1,6,"3, AIGUILHE (AVENUE D')",45.0485,3.881
201500026588,11,8,15,18,1,43,157,2,1,1,3,10 BD MARECHAL JOFFRE,45.0476,3.89299
201500026589,12,8,15,23,5,43,157,2,3,1,3,AVENUE DU BREUIL,0.0,0.0
201500026590,16,8,15,5,2,43,89,2,1,1,6,"70, ERMITAGE (AVENUE DE",45.0558,3.86097
201500026591,9,9,15,14,1,43,251,2,1,1,6,"18, JEANNE D'ARC (AV",0.0,0.0
201500026592,23,9,15,11,1,43,251,2,1,1,3,"18, JEANNE D'ARC (AVENUE",0.0,0.0
201500026593,3,11,15,8,1,43,89,2,1,2,2,"1, PARADIS (AVENUE DE)",0.0,0.0
201500026594,2,11,15,8,1,43,251,2,2,1,1,"3, BERNARD (RUE ANDRE)",45.0285,3.87231
201500026595,2,11,15,13,1,43,157,2,1,1,6,"5, BREUIL (BD DU)",45.042,3.88278
201500026596,18,11,15,13,1,43,157,2,1,1,6,"22/24, ST-JEAN (RUE DU F",45.0443,3.88951
201500026597,1,12,15,12,1,43,157,2,3,1,3,BERTRAND (BD PRESIDENT),0.0,0.0
201500026598,6,12,15,3,5,43,157,2,3,1,2,68 BD SAINT LOUIS,45.0444,3.87931
201500026599,11,12,15,15,1,43,251,2,1,1,2,16 MASSOT (RUE CHARLES),0.0,0.0
201500026600,9,12,15,17,1,43,157,2,1,1,2,31 BREUIL (BD DU),45.042,3.88405
201500026601,10,12,15,13,1,43,157,2,1,1,3,23 BELGES (AV. DES),45.0471,3.89577
201500026602,23,11,15,12,1,43,157,2,1,1,6,"6, LASHERMES (RUE)",0.0,0.0
201500026603,28,12,15,16,2,43,157,2,1,1,1,10 CHATEAU DE MONS (RUE),0.0,0.0
201500026604,2,1,15,10,1,43,251,2,1,1,6,"1, SAINT BENOIT (RUE)",0.0,0.0
201500026605,9,1,15,18,5,43,157,2,1,1,6,22 AVENUE DES BELGES,45.0477,3.89695
201500026606,27,1,15,17,5,43,157,2,1,1,6,AVENUE DE MESCHEDE,0.0,0.0
201500026607,8,2,15,4,5,43,89,2,1,1,6,"25, MONDON (AVENUE DE)",45.0497,3.87249
201500026608,8,2,15,16,1,43,157,1,1,1,1,1 AV SALVADOR ALLENDE,0.0,0.0
201500026609,10,2,15,18,5,43,41,1,1,1,6,P PIETON PROVISOIRE,45.0558,3.90718
201500026610,5,3,15,11,1,43,157,2,1,1,6,50 AVENUE D'OURS MONS,0.0,0.0
201500026611,7,3,15,9,1,43,157,2,4,1,3,2 BD CARNOT,45.0447,3.87994
201500026612,11,3,15,20,5,43,157,2,3,1,2,25 AV MARECHAL FOCH,45.0398,3.88823
201500026613,14,3,15,19,3,43,41,2,1,2,1,AV BELGES-ZONE CHANTIER,45.05,3.90319
201500026614,3,1,15,18,5,44,132,2,2,1,3,"53, GAULLE (AVENUE GAL",47.26708,-2.34144
201500026615,31,12,15,17,1,44,55,1,2,1,6,"NS, CETRES ( ROUTE DE )",47.16596,-2.18574
201500026616,27,1,15,20,5,44,132,2,6,1,7,VILLES BABIN (ROUTE DE L,47.2566,-2.31669
201500026617,8,2,15,21,3,44,55,1,1,1,7,"NS, RD 213",47.30675,-2.38613
201500026618,18,2,15,21,5,44,132,2,1,1,6,"94, VILLES BABIN (ROUTE",47.26198,-2.30676
201500026619,19,2,15,12,1,44,132,2,1,1,6,"142, GAULLE (AVENUE DU G",47.26093,-2.33972
201500026620,21,3,15,16,1,44,55,2,3,1,6,"NS, LILAS ( AVENUE DES )",47.27794,-2.42564
201500026621,5,4,15,7,1,44,55,2,1,1,7,"4, SAINT CLAIR ( AVENUE",47.2824,-2.38627
201500026622,15,5,15,17,1,44,135,2,1,8,1,"52, LABÉGO ( BOULEVARD D",47.25997,-2.42442
201500026623,6,4,15,23,5,44,55,2,1,1,3,bd rené dubois,47.28068,-2.38418
201500026624,16,5,15,21,2,44,55,2,1,1,2,"83, LILAS ( AVENUE DES )",47.27799,-2.41949
201500026625,9,4,15,18,1,44,132,1,1,1,2,VILLES BLAIS (ROUTE DE L,47.26527,-2.29694
201500026626,24,5,15,1,5,44,132,2,1,1,7,"25, BONNE SOURCE (AVENUE",47.25417,-2.33634
201500026627,4,6,15,14,1,44,55,2,1,1,3,"57, MERMOZ ( AVENUE JEAN",47.28966,-2.38469
201500026628,1,6,15,16,1,44,55,2,1,1,2,"NS, BARRIERE ( ESPLANADE",47.28028,-2.40819
201500026629,29,6,15,15,1,44,55,2,9,1,7,"13, SAUMUR ( AVENUE DE )",47.28133,-2.37681
201500026630,2,7,15,21,1,44,132,2,1,1,6,"3, SAINT SEBASTIEN (AVEN",47.25978,-2.33454
201500026631,5,7,15,17,1,44,55,2,2,1,7,"38, HALLALI ( AVENUE DE",47.28491,-2.38546
201500026632,11,7,15,18,1,44,132,2,1,1,6,"26, OCEANIDES (BOULEVARD",47.26225,-2.34253
201500026633,15,7,15,8,1,44,132,2,2,1,3,"NS, PETIT CANON (AVENUE",47.24947,-2.30866
201500026634,17,7,15,14,1,44,55,2,2,2,1,"10, BOIS D'AMOUR ( AVENU",47.28807,-2.38408
201500026635,25,7,15,3,5,44,55,2,6,1,7,OCÉAN ( BOULEVARD DE L',47.27451,-2.36078
201500026636,2,8,15,19,1,44,132,2,1,1,6,"184, OCEANIDES (BOULEVAR",47.27168,-2.35399
201500026637,2,8,15,2,5,44,55,2,2,1,3,"22, GUICHARD (AVENUE OLI",47.28557,-2.39358
201500026638,3,8,15,20,2,44,132,2,9,1,6,"10, OCEANIDES (BOULEVARD",47.26046,-2.34064
201500026639,7,8,15,6,1,44,55,2,2,1,1,"6, CLEMENCEAU ( AVENUE G",47.28718,-2.39045
201500026640,8,8,15,11,1,44,132,2,1,1,2,"111, SAINT SEBASTIEN (AV",47.25632,-2.32158
201500026641,23,8,15,12,1,44,55,2,6,1,1,"7, FLANDIN ( AVENUE DU C",47.28753,-2.38048
201500026642,23,8,15,15,1,44,55,2,3,1,2,"NS, LATTRE DE TASSIGNY (",47.28158,-2.41383
201500026643,4,9,15,16,1,44,132,2,1,1,6,"170, OCEANIDES (BOULEVAR",47.27123,-2.35273
201500026644,9,9,15,10,1,44,55,2,1,1,1,"32, PARC DES SPORTS ( AV",47.28143,-2.41248
201500026645,3,10,15,15,1,44,135,2,6,1,6,"26, ATLANTIQUE ( BOULEVA",47.27297,-2.44
201500026646,12,10,15,18,1,44,55,1,1,1,3,CAILLAUD ( BOULEVARD AUG,47.27844,-2.33976
201500026647,16,11,15,18,4,44,55,2,6,2,6,"07, FLANDIN ( AVENUE DU",47.1715,-2.22498
201500026648,7,12,15,12,1,44,135,1,1,1,2,"NS, ATLANTIQUE ( BOULEVA",0.0,0.0
201500026649,11,12,15,18,5,44,55,2,1,1,6,"34-36, GRANDE DUNE ( AVE",0.0,0.0
201500026650,17,12,15,11,1,44,55,2,2,1,6,"10, GUICHARD (AVENUE OLI",47.17024,-2.23381
201500026651,2,2,15,17,1,44,162,2,1,9,3,"0, RUE VASCO DE GAMA",47.22083,-1.62336
201500026652,29,12,15,14,1,44,109,2,1,1,1,RUE PAUL BELLAMY,0.0,0.0
201500026653,6,2,15,21,5,44,109,2,1,1,1,"1, VERNE ( BD JULES )",47.2344,-1.53544
201500026654,31,1,15,18,2,44,109,2,1,2,6,"2, RUE JULES GRANDJOUAN",47.2476,-1.5118
201500026655,21,12,15,11,1,44,109,2,1,1,3,"5, ROUTE DE SAINTE LUCE",0.0,0.0
201500026656,6,1,15,17,1,44,109,2,1,1,6,"1, PLACE PIERRE MENDES F",47.2088,-1.61095
201500026657,21,2,15,18,2,44,109,2,1,1,3,"98, RUE PAUL BELLAMY",47.22631,-1.56005
201500026658,17,12,15,18,5,44,162,2,1,1,6,AVENUE DU PARNASSE,0.0,0.0
201500026659,17,3,15,16,1,44,162,2,1,1,7,"., BOULEVARD SALVADOR AL",47.22191,-1.63261
201500026660,31,12,15,14,1,44,162,2,6,1,3,"00, BOULEVARD PROFESSEUR",0.0,0.0
201500026661,6,4,15,18,1,44,109,2,6,1,3,"., BOULEVARD DE LA LIBER",47.22191,-1.58853
201500026662,17,2,15,16,1,44,109,2,6,1,3,RUE DU BOIS BRIAND,47.2504,-1.49738
201500026663,13,2,15,21,5,44,162,2,1,1,7,"1, PLACE OCEANE",47.2253,-1.6292
201500026664,10,2,15,16,1,44,109,2,1,1,6,"0, RUE GAETAN RONDEAU",47.206,-1.53549
201500026665,26,1,15,21,5,44,109,2,1,1,6,ALLEE BACO,47.2133,-1.55054
201500026666,18,12,15,4,5,44,162,2,1,2,7,"184, ROUTE DE VANNES",47.14,-1.35
201500026667,4,12,15,14,1,44,109,2,1,1,2,BOULEVARD EMILE ROMANET,0.0,0.0
201500026668,14,2,15,19,5,44,109,2,6,1,3,CASSIN ( BD RENE ),47.26344,-1.58
201500026669,30,12,15,20,3,44,114,2,3,3,3,"2, RUE DE LA GARENNE",47.15287,-1.38434
201500026670,19,2,15,22,5,44,109,2,9,1,3,", GAULLE  ( BD GAL DE )",47.2064,-1.53912
201500026671,6,1,15,18,5,44,109,2,6,2,6,"2, TRIBUNES ( BD DES )",47.2461,-1.56583
201500026672,19,12,15,15,1,44,109,2,1,1,6,"21, BOULEVARD GABRIEL GU",47.12,-1.34
201500026673,28,2,15,19,1,44,109,2,1,1,7,"57, JOST ( RUE LEON )",47.23853,-1.56889
201500026674,23,12,15,11,1,44,162,2,1,1,6,PLACE OCEANE,0.0,0.0
201500026675,19,1,15,11,1,44,109,2,8,1,6,RUE DU SENAT,47.2389,-1.54311
201500026676,1,3,15,1,5,44,109,2,1,9,2,"00, FOSSE ( QUAI DE LA )",47.2085,-1.56898
201500026677,22,2,15,19,5,44,109,2,1,2,6,"., RUE FELIX EBOUE",47.21133,-1.55908
201500026678,5,3,15,8,1,44,109,2,9,1,6,RUE PAUL BELLAMY,47.23029,-1.56337
201500026679,23,12,15,15,1,44,162,2,1,1,2,"., BOULEVARD SALVADOR AL",47.12408,-1.37416
201500026680,25,2,15,7,1,44,190,1,1,1,6,"482, ROUTE DE CLISSON",47.187,-1.47825
201500026681,7,3,15,21,5,44,190,2,1,1,1,"35C, RUE DES COUCOUS",47.19917,-1.51122
201500026682,19,12,15,15,1,44,109,2,1,1,6,"., BOULEVARD DE LA BEAUJ",47.15133,-1.30444
201500026683,5,3,15,16,1,44,109,2,1,1,6,"122, BOULEVARD DU MASSAC",47.2312,-1.59346
201500026684,15,12,15,20,5,44,109,2,1,2,2,"44, BOULEVARD JULES VERN",47.23,-1.53
201500026685,5,3,15,14,1,44,109,2,1,1,3,BOULEVARD DE CARD,47.19891,-1.58297
201500026686,16,12,15,9,1,44,162,2,1,1,7,BOULEVARD MARCEL PAUL,47.23,-1.63
201500026687,10,12,15,9,1,44,109,2,1,1,6,"179, ROUTE DE SAINT JOSE",47.2432,1.5399
201500026688,9,3,15,11,1,44,109,2,6,1,3,BOULEVARD DE LA BEAUJOIR,47.25851,-1.51965
201500026689,12,3,15,9,1,44,114,2,1,1,5,,47.25065,-1.61813
201500026690,11,12,15,10,1,44,109,2,1,2,6,"00, BOULEVARD LEON JOUHA",47.12,-1.35
201500026691,11,3,15,14,1,44,143,2,1,1,6,"5, RUE ORDRONNEAU",47.19324,-1.57274
201500026692,19,12,15,17,5,44,143,2,1,1,6,"118, RUE DE LA GALARNIER",0.0,0.0
201500026693,5,2,15,12,1,44,109,2,1,1,2,ROUTE DE SAINTE LUCE,47.23242,-1.52203
201500026694,20,12,15,7,5,44,143,2,1,1,6,"175, RUE DES SORINIERES",47.15,1.53
201500026695,5,12,15,23,1,44,109,1,6,1,5,BELLAMY ( RUE PAUL ),0.0,0.0
201500026696,5,2,15,13,1,44,109,2,2,1,3,BUAT ( RUE GENERAL ),47.22715,-1.54256
201500026697,7,3,15,5,3,44,162,1,1,1,6,"0, BD CHARLES DE GAULLE",47.21205,-1.63225
201500026698,5,3,15,16,1,44,162,1,6,1,6,"00, RUE DE LA JOHARDIERE",47.22722,-1.65127
201500026699,21,12,15,16,2,44,109,2,2,1,1,"., RUE DU MOULIN DE LA G",47.15345,-1.30402
201500026700,9,3,15,14,1,44,109,2,1,1,6,"13, BD AUGUSTE PAGEOT",47.22408,-1.57655
201500026701,17,12,15,7,2,44,109,2,1,1,6,QUAI PRESIDENT WILSON,47.19,1.57
201500026702,20,3,15,14,1,44,109,2,6,2,3,"0, BOULEVARD GUY MOLLET",47.24917,-1.55416
201500026703,22,12,15,18,5,44,162,2,1,1,6,RUE OCEANE,47.22,3.0
201500026704,24,12,15,11,1,44,143,1,1,1,6,PERIPHERIQUE,47.18066,-1.61
201500026705,19,3,15,14,1,44,109,2,1,1,6,"1, PLACE DU COMMERCE",47.21325,-1.55811
201500026706,19,3,15,17,1,44,109,1,1,1,7,"0, CHEMIN DE LA MAINGUAI",47.266,-1.50389
201500026707,29,12,15,12,1,44,109,1,1,1,6,RUE MARCEL PAUL,47.1252,-1.32158
201500026708,29,3,15,1,3,44,109,2,3,1,3,"00, RUE DE CARCOUET",47.223,-1.5719
201500026709,19,12,15,16,1,44,109,2,1,8,6,"3, PLACE DE LA PETITE HO",47.1242,1.33264
201500026710,28,3,15,18,1,44,109,2,3,1,2,BD BATONNIER CHOLET,47.2033,-1.61462
201500026711,29,3,15,15,1,44,109,2,1,1,2,"00, RUE PAUL BELLAMY",47.2275,-1.56101
201500026712,17,2,15,8,1,44,162,1,1,1,6,"2, RUE DU SOUVENIR FRANC",47.21028,-1.62867
201500026713,25,2,15,7,1,44,9,1,1,8,5,"0, PERIPHERIQUE SUD",47.2215,-1.47397
201500026714,27,3,15,17,1,44,109,2,1,1,6,"41, BOULEVARD PIERRE DE",47.22747,-1.58647
201500026715,25,3,15,18,2,44,143,2,1,1,2,RUE DE LA BASSE ILE,47.1963,-1.56387
201500026716,12,4,15,5,5,44,109,2,1,1,5,BOULEVARD DES ANGLAIS,47.2261,-1.58323
201500026717,14,4,15,8,1,44,109,2,1,1,3,"121, BOULEVARD DE LA FRA",47.22067,-1.58631
201500026718,17,4,15,0,5,44,109,2,2,1,3,"4, NANTAIS ( BD MARTYRS)",47.2052,-1.54731
201500026719,21,4,15,21,2,44,109,2,1,1,1,BOULEVARD DE LA BEAUJOIR,47.25888,-1.52333
201500026720,21,4,15,15,1,44,109,1,1,1,6,RUE DUVOISIN,47.21572,-1.55803
201500026721,22,4,15,12,1,44,114,1,1,1,3,537,47.2815,-1.60173
201500026722,11,4,15,13,1,44,109,2,1,1,3,"12, DERVALLIERES ( RUE D",47.21666,-1.56667
201500026723,24,4,15,17,1,44,143,2,1,1,5,"14, RUE JEAN JAURES",47.18994,-1.54747
201500026724,13,4,15,17,1,44,109,2,6,1,3,BONDUELLE ( AVENUE J C ),47.2117,-1.54365
201500026725,16,3,15,19,1,44,109,2,1,1,6,RUE DES TAMARIS,47.23828,-1.51677
201500026726,28,4,15,8,1,44,109,2,1,1,1,"08, RUE CHANOINE POUPARD",47.24872,-1.57644
201500026727,2,5,15,19,1,44,109,2,2,3,3,"2, RUE DE LA BRASSERIE",47.2085,-1.57401
201500026728,5,5,15,10,1,44,109,2,1,1,6,"29, BOULEVARD AMIRAL COU",47.2301,-1.55555
201500026729,4,5,15,17,1,44,109,2,1,2,6,"158, RUE DU PERRAY",47.25067,-1.51311
201500026730,7,4,15,12,1,44,114,2,1,9,2,"00, ESPLANADE DU CARDO",47.2616,-1.58485
201500026731,27,3,15,19,2,44,198,1,1,1,6,83,47.1833,-1.51957
201500026732,6,5,15,21,1,44,109,1,1,1,2,"83, BOULEVARD DES BELGES",47.2346,-1.54108
201500026733,4,3,15,8,1,44,143,2,1,1,6,"1, RUE ETIENNE MONNOT",47.1801,-1.56007
201500026734,23,3,15,21,5,44,109,2,1,1,1,".1, PERIPHERIQUE",47.2543,-1.62206
201500026735,11,5,15,18,1,44,109,1,1,1,3,"01, RUE DE LA BASSE CHEN",47.23661,-1.50793
201500026736,3,3,15,8,1,44,114,2,1,1,3,"., RUE EMILE LEVASSOR",47.2562,-1.62931
201500026737,11,5,15,11,1,44,109,2,1,1,6,"00, CHEMIN DE LA CENSIVE",47.24512,-1.55186