Num_Acc,jour,mois,an,hr,condition_eclairage,departement,commune,condition_agglomeration,intersection,condition_atmosphere,type_collision,adresse,lattitude,longitude
201500026738,15,5,15,15,1,44,109,2,1,1,7,"20, GIGANT ( RUE DE )",47.21437,-1.57037
201500026739,18,5,15,8,1,44,114,2,6,1,7,"., AVENUE ROBERT CHASTEL",47.24382,-1.59126
201500026740,11,4,15,9,1,44,109,2,1,2,2,"., RUE JEAN POULAIN",47.2518,-1.56528
201500026741,11,5,15,14,1,44,162,2,1,1,5,"95, QUAI EMILE CORMERAIS",47.19478,-1.6314
201500026742,12,5,15,15,1,44,143,2,1,1,7,"1, RUE RENE ORDRONNEAU",47.19391,-1.57443
201500026743,12,4,15,0,5,44,109,2,1,1,6,"., BOULEVARD DE STALINGR",47.21958,-1.53297
201500026744,22,4,15,4,5,44,109,2,1,1,6,"., RUE DE LA SOUILLARDER",47.23733,-1.51683
201500026745,27,5,15,12,1,44,109,2,1,1,4,"13, BOULEVARD DES BELGES",47.2338,-1.53731
201500026746,7,5,15,18,1,44,109,2,1,1,6,", ROUTE DE VANNES",47.23333,-1.57838
201500026747,28,4,15,16,1,44,109,2,1,1,6,"., RUE HENRI IV",47.2186,-1.54858
201500026748,6,5,15,8,1,44,26,2,1,1,3,"18, RUE VEGA",47.27508,-1.47463
201500026749,18,4,15,15,1,44,162,2,9,1,2,"26, BOULEVARD DU TERTRE",47.2165,-1.6048
201500026750,18,4,15,22,5,44,109,2,1,1,6,"1, PLACE DU PONT MORAND",47.22038,-1.55492
201500026751,30,4,15,19,1,44,109,2,1,2,6,"0, PLACE SOPHIE TREBUCHE",47.21666,-1.53333
201500026752,27,4,15,11,1,44,162,1,1,1,7,RD 17A,47.2191,-1.65182
201500026753,11,5,15,9,1,44,109,2,1,1,3,"00, BOULEVARD GENERAL DE",47.19437,-1.54658
201500026754,5,6,15,8,1,44,109,2,1,7,6,"., BOULEVARD DU TERTRE",47.21135,-1.60916
201500026755,23,5,15,1,5,44,109,2,1,1,6,"13, BOULEVARD VAN ISEGHE",47.23011,-1.55179
201500026756,21,5,15,12,1,44,109,2,1,1,6,BOULEVARD EMILE GABORY,47.19632,-1.5307
201500026757,20,5,15,12,1,44,109,2,1,1,3,BOULEVARD LEON BUREAU,47.20719,-1.56474
201500026758,2,6,15,18,1,44,109,2,1,1,6,"85, ROUTE DE LA CHAPELLE",47.25986,-1.57488
201500026759,26,5,15,17,1,44,162,1,1,1,6,BOULEVARD DU TERTRE,47.21794,-1.60384
201500026760,2,5,15,4,5,44,109,2,1,1,3,"00, ROUTE DE CLISSON",47.19087,-1.52224
201500026761,11,6,15,13,1,44,109,2,2,1,3,BOULEVARD DE LA BEAUJOIR,47.25945,-1.5111
201500026762,2,6,15,9,1,44,109,2,2,1,6,"02, BOULEVARD DE L'EGALI",47.2068,-1.58767
201500026763,12,6,15,23,3,44,109,2,1,1,6,"00, ROMANET ( BD EMILE )",47.21019,-1.60343
201500026764,8,6,15,7,1,44,143,2,2,1,3,RUE FELICIEN THOMAZEAU,47.1845,-1.54375
201500026765,21,6,15,1,5,44,162,1,1,1,1,"00, PERIPHERIQUE",47.20831,-1.62642
201500026766,12,6,15,11,1,44,109,2,1,2,7,"1, RUE GUILLAUME GROOTAE",47.23784,-1.58609
201500026767,9,6,15,19,1,44,114,2,1,1,2,"1, AVENUE ROBERT CHASTEL",47.24282,-1.5863
201500026768,19,6,15,10,1,44,109,2,7,1,3,"1, RUE CHARLES BRUNELLIE",47.209,-1.56851
201500026769,18,6,15,23,5,44,109,2,4,1,1,BOULEVARD ROBERT SCHUMAN,47.24079,-1.57275
201500026770,22,6,15,13,1,44,109,2,6,1,3,BOULEVARD DE SARREBRUCK,47.2134,-1.5295
201500026771,25,6,15,18,1,44,109,2,2,1,5,"1, BOULEVARD DE LA LIBER",47.2036,-1.58845
201500026772,29,6,15,18,1,44,109,2,1,1,3,", BOULEVARD VINCENT GACH",47.20643,-1.54402
201500026773,12,6,15,2,5,44,109,2,2,1,3,"0, BOULEVARD GUSTAVE ROC",47.20484,-1.54838
201500026774,2,1,15,9,1,44,109,2,1,2,6,"5, BERLIN",47.215,-1.53042
201500026775,17,6,15,0,5,44,109,2,1,1,1,"73, RUE PAUL BELLAMY",47.2255,-1.55939
201500026776,1,7,15,15,1,44,109,2,1,1,6,"137, BOULEVARD AUGUSTE P",47.2318,-1.50793
201500026777,10,6,15,18,1,44,109,2,1,1,3,"35, DERVALLIERES ( RUE D",47.22225,-1.58238
201500026778,22,6,15,11,1,44,162,2,6,1,2,RUE DE SAINT NAZAIRE,47.2112,-1.61754
201500026779,25,6,15,19,1,44,114,1,3,1,3,RD 965,47.258,-1.64552
201500026780,28,6,15,17,1,44,162,2,1,1,3,"13, RUE JEAN JAURES",47.22191,-1.61467
201500026781,29,6,15,9,1,44,114,2,1,1,6,"9, RUE ROBERT LE RICOLAI",47.2714,-1.62399
201500026782,13,1,15,9,1,44,109,2,6,2,3,"0, RUE DE LA BOURGEONNIE",47.25338,-1.56056
201500026783,13,6,15,18,1,44,109,2,1,1,2,"2, RUE DU PLESSIS GAUTRO",47.20646,-1.60142
201500026784,3,6,15,15,1,44,162,2,2,1,3,RUE DE SAINT SERVAN,47.21344,-1.61615
201500026785,7,5,15,7,1,44,109,2,1,1,6,BOULEVARD EUGENE ORIEUX,47.23417,-1.55315
201500026786,27,5,15,21,1,44,109,2,1,1,3,"76, ROUTE DE LA CHAPELLE",47.25828,-1.57484
201500026787,24,5,15,17,1,44,109,2,1,1,6,"., BOULEVARD ALBERT EINS",47.26193,-1.56584
201500026788,27,6,15,20,1,44,109,2,1,7,6,BOULEVARD BENOIT FRACHON,47.20752,-1.58129
201500026789,1,5,15,23,5,44,109,2,6,1,3,"2, ROUTE DE PARIS",47.24873,-1.52102
201500026790,23,5,15,0,5,44,162,2,1,1,2,"8, RUE DU COUTELIER",47.22399,-1.64818
201500026791,6,5,15,12,1,44,109,2,1,1,6,"., RUE DE SUISSE",47.21715,-1.52235
201500026792,6,7,15,13,1,44,109,2,1,1,6,PONT DE CHEVIRE,47.19425,-1.61359
201500026793,12,5,15,14,1,44,109,1,1,1,6,RUE DE LA BASTILLE,47.21886,-1.56939
201500026794,7,6,15,10,1,44,109,2,1,1,6,RUE DE LA PAIX,47.2146,-1.55432
201500026795,4,7,15,23,5,44,109,2,1,1,2,"1, ALLEE COMMANDANT CHAR",47.2178,-1.54315
201500026796,11,7,15,4,5,44,109,2,1,1,6,BOULEVARD DE CARDIFF,47.19835,-1.58769
201500026797,12,7,15,7,1,44,109,1,1,1,6,"20, BOULEVARD EMILE ROMA",47.21064,-1.60732
201500026798,10,7,15,18,1,44,109,1,1,1,3,"00, BOULEVARD DE LA PRAI",47.222,-1.5072
201500026799,10,7,15,20,1,44,190,2,2,1,6,"2, RUE DE LA FONTAINE",47.2018,-1.49402
201500026800,16,6,15,14,1,44,162,2,1,1,6,"., BOULEVARD SALVADOR AL",47.21915,-1.62056
201500026801,4,7,15,19,1,44,109,1,1,1,6,"06, RUE DU GERS",47.20486,-1.60363
201500026802,29,6,15,18,1,44,109,2,1,1,6,"13, RUE DU HONDURAS",47.2603,-1.56607
201500026803,16,6,15,6,1,44,109,1,1,1,1,"1, RUE DU BELE",47.26975,-1.51958
201500026804,2,7,15,8,1,44,109,2,1,1,6,BOULEVARD ROBERT SCHUMAN,47.2468,-1.57728
201500026805,27,6,15,21,2,44,162,1,1,1,6,"40, RUE BOBBY SANDS",47.2348,-1.65594
201500026806,30,6,15,18,1,44,109,2,1,1,6,"7, RUE CHARLES BATAILLE",47.22809,-1.52524
201500026807,9,6,15,19,1,44,109,2,1,1,6,"., QUAI DE MALAKOFF",47.21453,-1.54114
201500026808,19,7,15,14,1,44,109,2,1,1,6,"36, BOULEVARD PAUL CHABA",47.22198,-1.59111
201500026809,22,6,15,7,1,44,109,2,2,1,6,"00, BOULEVARD PASTEUR",47.21323,-1.58293
201500026810,19,6,15,18,1,44,109,2,1,1,3,"., BOULEVARD ALBERT EINS",47.25999,-1.55803
201500026811,22,6,15,18,1,44,109,2,7,1,6,"00, PLACE PIERRE MENDES",47.2083,-1.61146
201500026812,25,7,15,17,1,44,109,1,1,1,6,BOULEVARD ALEXANDER FLEM,47.2586,-1.5557
201500026813,23,7,15,15,1,44,109,2,1,1,6,"77, SCHUMAN ( BD ROBERT",47.2371,-1.56903
201500026814,28,7,15,16,1,44,109,2,2,3,3,"0, RUE BOUGAINVILLE",47.1989,-1.58294
201500026815,9,4,15,10,1,44,109,2,3,1,7,PLANTES ( RUE DES ),47.2358,-1.58379
201500026816,6,7,15,18,1,44,109,1,2,1,3,BLANC ( RUE LOUIS ),47.20732,-1.55508
201500026817,18,7,15,19,1,44,162,2,1,1,6,"28, AVENUE DES GRANDS BO",47.2346,-1.59241
201500026818,16,6,15,9,1,44,162,1,1,1,6,RUE DU LIEUTENANT MOUILL,47.21097,-1.65255
201500026819,1,6,15,18,1,44,190,2,1,1,1,"., BOULEVARD DES PAS ENC",47.20982,-1.50792
201500026820,2,7,15,16,1,44,114,1,2,1,1,42,47.28966,-1.65681
201500026821,12,7,15,0,5,44,109,2,1,1,3,RUE EUGENE DELACROIX,47.2228,-1.59065
201500026822,15,7,15,12,1,44,109,1,1,1,2,"., PONT DE CHEVIRE",47.1928,-1.61359
201500026823,21,7,15,18,1,44,109,2,2,1,7,"0, RUE DE CLERMONT",47.2294,-1.54781
201500026824,28,7,15,14,1,44,109,2,1,1,1,"167, PENEAU ( BD AUGUSTE",47.2327,-1.50665
201500026825,3,8,15,4,1,44,109,1,1,1,3,"15, BOULEVARD GUSTAVE RO",47.20434,-1.54994
201500026826,11,6,15,12,1,44,109,2,1,1,6,"10, PERIER ( RUE CASIMIR",47.22963,-1.56656
201500026827,24,6,15,2,5,44,109,2,1,1,6,AVENUE CAMUS,47.219,-1.57208
201500026828,29,7,15,15,1,44,109,2,1,1,6,PONT DE LA MORINIERE,47.18311,-1.53117
201500026829,28,7,15,17,1,44,109,2,1,2,6,"124, RUE DES RENARDIERES",47.2133,-1.59668
201500026830,4,8,15,19,1,44,114,2,1,1,7,"17, BOULEVARD MENDES FRA",47.26059,-1.58615
201500026831,24,6,15,14,1,44,109,2,1,1,7,"17, RUE PAUL BELLAMY",47.2219,-1.55627
201500026832,24,6,15,15,1,44,109,2,7,1,3,"., PLACE VICTOR MANGIN",47.20035,-1.54432
201500026833,6,8,15,10,1,44,109,2,2,1,3,"., BOULEVARD MEUSNIER DE",47.2257,-1.57262
201500026834,26,7,15,22,5,44,109,2,1,1,6,"00, QUAI DE LA FOSSE",47.20733,-1.56594
201500026835,1,7,15,11,1,44,109,2,1,1,2,"0, RUE DE GIGANT",47.2145,-1.56772
201500026836,13,8,15,21,3,44,109,2,1,1,6,"138, ROUTE DE VERTOU",47.1864,-1.5277
201500026837,21,7,15,11,1,44,109,2,1,1,6,"214, BOULEVARD JULES VER",47.2478,-1.52214
201500026838,23,7,15,15,1,44,109,2,1,1,1,"3, PLACE DE LA DUCHESSE",47.2169,-1.54739
201500026839,23,7,15,0,5,44,109,2,1,1,6,"., RUE DE LA MAISON BLAN",47.2298,-1.58761
201500026840,9,7,15,12,1,44,109,2,1,1,2,"13, BD MARTYRS N. DE LA",47.2042,-1.54663
201500026841,19,8,15,12,1,44,109,2,1,1,6,"., CHEMIN DU PONT L'ARCH",47.2165,-1.53112
201500026842,21,8,15,17,1,44,109,2,1,1,3,"31, RUE DE STRASBOURG",47.21919,-1.55395
201500026843,17,7,15,18,1,44,109,2,1,1,6,"0, JOUHAUX ( BD LEON )",47.2095,-1.58896
201500026844,4,7,15,22,5,44,109,2,2,1,3,"0, RUE D'ANGLETERRE",47.2152,-1.52583
201500026845,24,8,15,12,1,44,109,2,2,1,3,", RUE DES HAUTS PAVES",47.2261,-1.56821
201500026846,5,8,15,20,2,44,162,1,9,1,6,"1, BOULEVARD CHARLES DE",47.21067,-1.62295
201500026847,28,8,15,23,3,44,109,1,1,1,6,"42, HUGO ( BD VICTOR )",47.20294,-1.54999
201500026848,14,8,15,10,1,44,109,2,1,1,7,"16, RUE DE STRASBOURG",47.2162,-1.55139
201500026849,5,9,15,9,1,44,109,2,1,1,7,"., MILLET ( BD LOUIS )",47.2272,-1.51844
201500026850,9,9,15,11,1,44,109,2,1,1,6,BOULEVARD DES AMERICAINS,47.2354,-1.56948
201500026851,6,9,15,0,5,44,109,2,7,1,6,"00, PLACE MARECHAL FOCH",47.2194,-1.55039
201500026852,18,8,15,13,1,44,109,2,1,1,6,RUE MAUVOISINS,47.19149,-1.52463
201500026853,28,8,15,9,1,44,109,2,7,1,6,"00, PLACE EMILE ZOLA",47.21397,-1.58601
201500026854,14,9,15,9,1,44,162,1,1,1,4,ROUTE ARMOR,47.22631,-1.62851
201500026855,28,8,15,12,1,44,109,2,2,1,3,"., BOULEVARD DE LA BEAUJ",47.2596,-1.51115
201500026856,11,9,15,12,1,44,143,2,1,1,1,RUE DES SORINIERES,47.1606,-1.54202
201500026857,7,9,15,8,1,44,109,2,1,1,6,"10, RUE DESAIX",47.2273,-1.54356
201500026858,15,9,15,12,1,44,109,2,1,1,6,"., BOULEVARD DE STALINGR",47.2177,-1.54281
201500026859,16,9,15,7,1,44,109,2,1,3,7,"115, BOULEVARD DE LA FRA",47.2207,-1.58627
201500026860,17,9,15,17,1,44,109,2,1,1,2,"10, QUAI TURENNE",47.2121,-1.55506
201500026861,25,8,15,15,1,44,109,2,1,2,1,GAULLE  ( BD GAL DE ),47.2053,-1.53813
201500026862,31,8,15,17,1,44,109,2,1,1,1,"63, SCHUMAN ( BD ROBERT",47.23641,-1.5687
201500026863,3,8,15,15,1,44,162,2,1,1,2,RUE PABLO NERUDA,47.2213,-1.61262
201500026864,25,9,15,0,5,44,109,2,1,1,6,"02, BLANC ( RUE LOUIS )",47.2072,-1.55505
201500026865,24,8,15,5,4,44,109,1,1,1,6,RUE DU BELE,47.2682,-1.5168
201500026866,18,8,15,15,1,44,109,1,1,1,2,PONT DE CHEVIRE,47.1932,-1.61359
201500026867,9,9,15,17,1,44,109,2,1,1,6,BOULEVARD ALEXANDRE MILL,47.2069,-1.52926
201500026868,3,9,15,13,1,44,109,2,1,1,3,"0, PLACE DE L'EDIT DE NA",47.2145,-1.56743
201500026869,18,9,15,9,1,44,109,2,1,2,6,"0, PLACE DU COMMERCE",47.2136,-1.55769
201500026870,24,8,15,8,1,44,109,2,9,1,2,BOULEVARD GUSTAVE ROCH,47.2051,-1.54777
201500026871,28,9,15,16,1,44,109,2,1,1,6,BOULEVARD JULES VERNE,47.2416,-1.52919
201500026872,22,8,15,21,5,44,109,1,1,1,7,QUAI DES ANTILLES,47.2016,-1.57316
201500026873,1,10,15,16,1,44,162,2,1,1,6,BOULEVARD DU MASSACRE,47.2319,-1.59217
201500026874,29,9,15,18,1,44,162,2,1,1,6,"04, AVENUE CONDORCET",47.229,-1.60697
201500026875,30,9,15,17,1,44,109,2,1,1,7,"79, BELLAMY ( RUE PAUL )",47.2259,-1.55973
201500026876,3,10,15,1,5,44,109,2,7,1,3,PLACE VICTOR MANGIN,47.2008,-1.54536
201500026877,13,9,15,3,3,44,109,1,1,3,1,PERIPHERIQUE,47.2678,-1.57676
201500026878,28,9,15,15,1,44,190,2,6,1,3,"156, RUE MARIE CURIE",47.1888,-1.4841
201500026879,22,9,15,18,1,44,162,2,1,1,3,"00, BOULEVARD DU MASSACR",47.22242,-1.60279
201500026880,4,10,15,22,4,44,143,1,4,1,3,PERIPHERIQUE,47.1592,-1.54572
201500026881,1,10,15,12,1,44,143,2,1,1,1,"75, RUE JEAN JAURES",47.18642,-1.54662
201500026882,7,10,15,14,1,44,109,2,1,1,2,"211, ROUTE DE SAINTE LUC",47.23939,-1.51352
201500026883,6,10,15,7,2,44,109,2,1,1,6,RUE DES LANDES,47.25175,-1.55784
201500026884,2,10,15,12,1,44,162,2,1,1,3,AVENUE CLAUDE BERNARD,47.22398,-1.61417
201500026885,27,8,15,14,1,44,109,2,1,3,1,"0, RUE DE PORT LA BLANCH",47.273,-1.51754
201500026886,16,9,15,6,5,44,109,2,1,3,6,"00, RUE DE LA PETITE BAR",47.2499,-1.52331
201500026887,9,10,15,0,3,44,114,1,1,1,7,RENNES (RTE DE) RN 137,47.2647,-1.58692
201500026888,17,9,15,8,1,44,109,2,1,1,6,RUE GUILLET DE LA BROSSE,47.2292,-1.54305
201500026889,2,10,15,21,5,44,109,2,6,1,7,ROUTE DE SAINTE LUCE,47.2413,-1.50875
201500026890,6,10,15,8,1,44,143,2,1,1,3,"., PERIPHERIQUE",47.15962,-1.53627
201500026891,15,10,15,18,1,44,109,2,1,1,6,"., RUE AUGUSTE RENOIR",47.2235,-1.59106
201500026892,12,10,15,8,1,44,109,2,3,1,3,"., RUE PITRE CHEVALIER",47.2242,-1.55013
201500026893,23,9,15,21,2,44,109,2,1,1,6,"., JOSEPH ( RTE DE ST )",47.2625,-1.52832
201500026894,3,10,15,2,5,44,109,2,1,9,2,BOULEVARD VINCENT GACHE,47.2067,-1.54064
201500026895,24,9,15,17,1,44,162,2,1,1,6,BOULEVARD SALVADOR ALLEN,47.2222,-1.63867
201500026896,1,10,15,16,1,44,109,2,1,1,6,RUE CAPITAINE ALFRED DRE,0.0,0.0
201500026897,11,10,15,11,1,44,109,2,1,1,6,RUE DE BEL AIR,47.2209,-1.55899
201500026898,11,9,15,18,1,44,109,2,1,1,6,"03, BOULEVARD GUY MOLLET",47.2463,-1.55547
201500026899,5,9,15,19,1,44,109,2,1,1,6,RUE D'ALLONVILLE,47.2248,-1.53095
201500026900,30,10,15,22,5,44,162,2,1,1,6,"14, RUE DU COUTELIER",47.22389,-1.64824
201500026901,27,10,15,8,1,44,109,1,1,1,6,ROUTE DE LA CHAPELLE SUR,47.26,-1.57484
201500026902,12,9,15,0,5,44,109,2,1,1,6,"15, RUE EMILE SOUVESTRE",47.2291,-1.56369
201500026903,30,9,15,12,1,44,162,2,1,1,6,"68, AVENUE DE CHEVERNY",47.2433,-1.60278
201500026904,1,11,15,1,5,44,109,2,2,1,6,"14, RUE PAUL BELLAMY",47.2212,-1.55557
201500026905,19,10,15,18,2,44,109,2,1,1,3,BOULEVARD DU TERTRE,47.13084,-1.36129
201500026906,2,11,15,8,1,44,109,2,1,1,6,BOULEVARD LELASSEUR,47.2332,-1.56601
201500026907,25,9,15,17,1,44,109,1,1,1,2,PONT DE CHEVIRE,47.1923,-1.61359
201500026908,24,9,15,19,1,44,190,2,9,1,1,"1, RUE DE LA LOURNEAU",47.19982,-1.49279
201500026909,12,9,15,7,2,44,109,2,7,1,3,"00, PLACE DE L'EDIT DE N",47.2146,-1.56735
201500026910,17,9,15,20,1,44,109,1,1,1,5,BOULEVARD DE LA PRAIRIE,47.2318,-1.48643
201500026911,14,9,15,22,5,44,143,2,7,2,2,"31, PLACE DES MARTYRS",47.1915,-1.54801
201500026912,21,9,15,21,1,44,109,1,1,1,3,"00, BOULEVARD DE LA BEAU",47.2589,-1.52531
201500026913,15,9,15,8,1,44,162,2,6,1,3,BOULEVARD DE LA BAULE,47.2217,-1.60696
201500026914,11,11,15,21,5,44,109,2,1,1,2,"16, RUE GAMBETTA",47.2233,-1.5392
201500026915,7,11,15,13,1,44,109,2,6,1,3,ROUTE DE CLISSON,47.1898,-1.51873
201500026916,9,11,15,9,1,44,109,2,1,1,6,BOULEVARD GUY MOLLET,47.2508,-1.55393
201500026917,6,10,15,16,1,44,109,2,1,3,2,"83, ROUTE DE PARIS",47.2538,-1.51396
201500026918,10,10,15,15,1,44,109,2,3,1,3,"51 b, LELASSEUR ( BD )",47.2303,-1.57102
201500026919,24,9,15,10,1,44,114,1,1,1,6,CHEMIN DE LA GUIDOIRE,47.2941,-1.6457
201500026920,15,10,15,17,1,44,162,2,1,1,2,"., ROUTE ARMOR",47.2257,-1.62132
201500026921,3,10,15,0,3,44,109,2,1,1,6,"00, RUE JEAN POULAIN",47.2525,-1.56248
201500026922,28,9,15,8,1,44,109,2,1,1,2,BOULEVARD GENERAL DE GAU,47.2061,-1.53887
201500026923,23,10,15,18,1,44,162,1,1,1,2,", RUE DE LA JOHARDIERE",47.2271,-1.65108
201500026924,4,11,15,18,3,44,109,2,1,1,2,BOULEVARD DE LA PRAIRIE,47.22178,-1.50864
201500026925,7,10,15,17,1,44,109,2,1,1,4,QUAI DE LA FOSSE,47.209,-1.56755
201500026926,7,10,15,7,2,44,109,2,1,2,6,RUE ETIENNE COUTAN,47.2058,-1.61023
201500026927,16,11,15,19,5,44,109,2,1,2,6,"00, BOULEVARD DES NATION",47.2101,-1.56108
201500026928,23,10,15,14,1,44,109,2,1,1,6,"00, BOULEVARD BATONNIER",47.1988,-1.60853
201500026929,15,9,15,8,1,44,190,2,1,1,3,RUE DE LA BAUGERIE,47.2047,-1.51824
201500026930,11,9,15,15,1,44,109,2,6,1,1,", BERLIN",47.2151,-1.53052
201500026931,31,10,15,20,5,44,109,2,6,1,3,RUE DU BOIS BRIAND,47.25046,-1.4974
201500026932,15,10,15,16,1,44,109,2,9,1,6,RUE DES CHALATRES,47.2307,-1.53685
201500026933,8,10,15,19,2,44,109,2,1,1,3,BOULEVARD GABRIEL LAURIO,47.2363,-1.56336
201500026934,19,10,15,20,5,44,109,2,1,1,2,BOULEVARD JEAN PHILIPPOT,47.2117,-1.55624
201500026935,8,11,15,16,1,44,109,2,9,1,2,"., ERDRE ( RTE CHAPELLE",47.2597,-1.57492
201500026936,16,10,15,17,1,44,109,2,1,1,2,"10, RUE DE LA BOUCHERIE",47.2164,-1.55744
201500026937,8,11,15,15,1,44,162,2,6,1,6,RUE DE SAINT NAZAIRE,47.211,-1.60958
201500026938,23,11,15,8,1,44,109,2,1,1,6,"111, RUE DES BOURDONNIER",47.1851,-1.52419
201500026939,15,10,15,17,1,44,109,2,1,1,6,RUE DE LA BOUCHERIE,47.2165,-1.55749
201500026940,6,10,15,10,1,44,109,2,1,2,6,"45, CHAUSSEE DE LA MADEL",47.2094,-1.55035
201500026941,24,10,15,2,5,44,162,2,3,1,6,"0, RUE DU COUTELIER",47.22515,-1.64724
201500026942,22,10,15,12,1,44,109,2,3,1,6,RUE CASIMIR PERIER,47.2297,-1.56664
201500026943,22,11,15,19,5,44,109,2,1,1,6,"35, RUE EMILE SOUVESTRE",47.2289,-1.56509
201500026944,2,11,15,17,1,44,109,2,2,1,6,RUE DE LA GAUDINIERE,47.2341,-1.5757
201500026945,23,11,15,11,1,44,143,2,3,1,3,"., RUE MAURICE LAGATHU",47.1823,-1.53831
201500026946,8,11,15,17,1,44,109,2,2,1,2,BOULEVARD DES TRIBUNES,47.2435,-1.5567
201500026947,9,11,15,8,1,44,109,2,2,1,3,"0, PLACE AIME DELRUE",47.2088,-1.54996
201500026948,23,10,15,19,3,44,109,2,1,1,6,BOULEVARD HENRY ORRION,47.233,-1.55709
201500026949,4,11,15,16,1,44,109,2,1,1,6,"7, BOULEVARD DU TERTRE",47.2189,-1.60368
201500026950,12,11,15,18,1,44,109,2,1,1,6,RUE DE LA CONTRIE,47.2208,-1.60123
201500026951,26,11,15,1,5,44,109,2,1,2,6,"20, BOULEVARD DE CARDIFF",47.1985,-1.58567
201500026952,27,11,15,20,5,44,109,2,1,2,6,"60, BOULEVARD PASTEUR",47.2139,-1.58513
201500026953,12,10,15,17,1,44,162,2,1,1,6,"0, RUE DU PARANA",47.2428,-1.6099
201500026954,15,11,15,1,5,44,109,2,1,1,6,COURS DES 50 OTAGES,47.2194,-1.55609
201500026955,25,11,15,15,1,44,109,2,1,1,6,"7, RUE FELIBIEN",47.2208,-1.56412
201500026956,27,11,15,15,1,44,109,2,1,2,6,"33, BOULEVARD GUY MOLLET",47.2519,-1.55352
201500026957,7,11,15,18,2,44,162,2,1,1,6,BOULEVARD SALVADOR ALLEN,47.2205,-1.6279
201500026958,5,11,15,8,1,44,109,2,2,1,6,RUE PAUL PAINLEVE,47.2258,-1.57061
201500026959,18,11,15,18,5,44,114,1,1,2,5,PERIPHERIQUE ROUTIER,47.2574,-1.62176
201500026960,10,10,15,4,4,44,109,2,1,1,6,RUE JULES GRANDJOUAN,47.24746,-1.51425
201500026961,11,11,15,15,1,44,109,2,1,1,7,"., RUE DE LA JANVRAIE",47.1987,-1.61504
201500026962,3,11,15,10,1,44,114,1,1,1,1,75,47.2677,-1.623
201500026963,26,11,15,14,1,44,114,2,3,1,6,"15, 75",47.2565,-1.62742
201500026964,5,12,15,10,1,44,109,2,1,1,2,"6, BOULEVARD GABRIEL LAU",47.1407,-1.3348
201500026965,4,12,15,13,1,44,143,2,2,1,1,AVENUE DU MARECHAL DE LA,47.1136,-1.3414
201500026966,27,11,15,18,1,44,143,2,1,1,6,ROND-POINT DE LA CORBINE,47.161,-1.54265
201500026967,30,11,15,18,3,44,114,1,1,1,4,PERIPHERIQUE ROUTIER,47.2545,-1.62213
201500026968,4,12,15,15,1,44,162,2,1,1,6,"235, ROUTE DE VANNES",47.1432,-1.3545
201500026969,20,11,15,10,1,44,109,1,3,1,6,RUE JULES GRANDJOUAN,47.2481,-1.51604
201500026970,26,11,15,16,1,44,109,2,1,1,6,"55, RUE DES RENARDS",47.2577,-1.56637
201500026971,18,11,15,8,1,44,109,2,1,2,6,"1, RUE DE LA CORSE",47.216,-1.52119
201500026972,7,11,15,1,5,44,109,2,1,2,6,"87, QUAI DE LA FOSSE",47.2084,-1.56938
201500026973,23,11,15,13,1,44,109,2,3,1,6,AVENUE CASTELLANO,47.249,-1.57208
201500026974,4,12,15,15,1,44,162,2,1,1,6,"62, AVENUE DU PARNASSE",47.1402,-1.3541
201500026975,7,12,15,9,1,44,109,2,2,2,6,RUE DU CORPS DE GARDE,47.1314,-1.3609
201500026976,5,11,15,7,1,44,109,2,1,1,6,"6, BOULEVARD LEON JOUHAU",47.2094,-1.58881
201500026977,8,12,15,17,2,44,109,2,1,1,3,"105, RUE DES RENARDS",47.1539,-1.34128
201500026978,4,12,15,12,1,44,109,2,6,1,6,ROUTE DE CLISSON,47.1121,-1.3049
201500026979,9,12,15,15,1,44,109,2,6,1,6,RUE REINE ASTRID,47.1429,-1.3514
201500026980,8,12,15,18,5,44,162,1,3,2,6,"8, RUE DE LA JOHARDIERE",47.133,-1.385
201500026981,3,11,15,21,5,44,109,2,1,2,6,BOULEVARD DE VENDEE,47.1886,-1.52451
201500026982,11,12,15,16,2,44,109,2,1,1,3,BOULEVARD VINCENT GACHE,47.1222,-1.3238
201500026983,27,11,15,16,1,44,109,2,1,1,6,RUE VOLTAIRE,47.2129,-1.56292
201500026984,4,11,15,11,1,44,114,2,1,2,2,"103, AVENUE DE LA PATOUI",47.2462,-1.57931
201500026985,26,11,15,1,4,44,109,2,1,2,6,BD MARTYRS N. DE LA RESI,47.20415,-1.54673
201500026986,20,11,15,20,5,44,162,2,6,2,1,BOULEVARD SALVADOR ALLEN,47.2212,-1.63087