Num_Acc,jour,mois,an,hr,condition_eclairage,departement,commune,condition_agglomeration,intersection,condition_atmosphere,type_collision,adresse,lattitude,longitude
201500026987,13,11,15,12,1,44,109,2,1,1,6,GRANDJOUAN ( RUE JULES ),47.2476,-1.51243
201500026988,11,12,15,6,5,44,109,2,2,5,3,BOULEVARD DES BELGES,47.1407,-1.3249
201500026989,9,12,15,20,5,44,109,2,6,1,6,RUE LEON JOST,47.1418,-1.3413
201500026990,12,12,15,8,5,44,143,2,1,5,6,BOULEVARD JEAN MONNET,47.0957,-1.3236
201500026991,19,12,15,15,1,44,109,1,1,1,6,"90, RUE PAUL BELLAMY",47.13343,-1.33355
201500026992,20,12,15,6,3,44,109,2,1,1,7,"19, BOULEVARD GUSTAVE RO",47.12146,-1.33035
201500026993,3,1,15,20,5,44,109,2,1,1,2,BOULEVARD JULES VERNE,47.243,-1.52763
201500026994,7,1,15,15,1,44,109,2,6,1,2,"2, COTE SAINT SEBASTIEN",47.19823,-1.54133
201500026995,7,1,15,16,1,44,109,2,1,1,6,RUE LEON JOST,47.2386,-1.56709
201500026996,9,1,15,9,1,44,109,2,1,2,6,BOULEVARD LEON JOUHAUX,47.2096,-1.59557
201500026997,15,1,15,9,1,44,109,2,1,3,6,"5, BOULEVARD LELASSEUR",47.2329,-1.56652
201500026998,15,1,15,20,5,44,109,2,1,9,6,"80, RUE PAUL BELLAMY",47.2257,-1.55951
201500026999,16,1,15,11,1,44,109,2,2,1,3,RUE GRESSET,47.2117,-1.56465
201500027000,14,1,15,12,1,44,109,2,1,1,6,"00, BOULEVARD JEAN PHILI",47.2125,-1.55416
201500027001,19,1,15,10,1,44,109,2,1,1,7,"5, RUE DE BEL AIR",47.2208,-1.55896
201500027002,15,1,15,8,5,44,143,2,1,3,6,"1, AVENUE TANGUY BREGEON",47.1835,-1.53843
201500027003,30,1,15,19,3,44,109,2,1,1,3,ROUTE DE RENNES,47.2676,-1.56634
201500027004,1,2,15,11,1,44,109,2,1,1,6,"., PLACE DE LA CHAPELLE",47.2099,-1.57771
201500027005,1,2,15,19,5,44,109,2,2,8,3,"0, BOULEVARD PASTEUR",47.2142,-1.58594
201500027006,6,2,15,7,2,44,109,2,1,1,6,RUE D'ALLONVILLE,47.2225,-1.53447
201500027007,8,2,15,8,2,44,109,2,2,1,3,BOULEVARD DES BELGES,47.23465,-1.54127
201500027008,19,2,15,17,1,44,184,1,1,1,6,RD 213,47.28526,-2.25211
201500027009,21,2,15,6,2,44,184,2,1,1,6,VIREES GILLES (ROUTE DES,47.27522,-2.26288
201500027010,3,3,15,12,1,44,184,1,1,2,7,"3, SUNDERLAND (BOULEVARD",47.26995,-2.2397
201500027011,6,3,15,17,1,44,184,2,2,1,3,CHAILLON (RUE ETIENNE),47.29907,-2.19027
201500027012,13,3,15,12,1,44,184,1,1,2,3,GAUTIER (RUE HENRI) DU 1,47.27548,-2.20576
201500027013,26,3,15,22,5,44,184,1,3,1,3,LEGION D'HONNEUR (BOULEV,47.27979,-2.20255
201500027014,30,3,15,21,5,44,184,1,2,2,1,GUTENBERG (RUE JEAN),47.28072,-2.22987
201500027015,13,4,15,16,1,44,184,2,6,1,3,LABORDE (PLACE ATHANASE),47.27146,-2.21865
201500027016,18,4,15,21,2,44,184,2,2,1,3,MUN (RUE ALBERT DE) DU 5,47.27922,-2.21684
201500027017,19,4,15,1,5,44,184,2,1,1,7,CORVISART (AVENUE JEAN),0.0,0.0
201500027018,25,4,15,1,5,44,184,1,1,2,7,LENGLEN (AVENUE SUZANNE),47.27427,-2.2249
201500027019,27,4,15,6,2,44,184,2,6,1,3,APPRENTIS (BOULEVARD DES,47.29263,-2.18785
201500027020,28,4,15,19,1,44,184,2,1,1,3,"11, BOULEAUX (RUE DES)",47.26143,-2.25873
201500027021,30,4,15,13,1,44,184,2,1,3,7,THÉNARD (RUE LOUIS),47.27572,-2.22896
201500027022,5,5,15,9,1,44,184,2,3,1,3,LESSEPS (AVENUE DE),47.27285,-2.21855
201500027023,19,5,15,17,1,44,184,1,1,1,2,RD 492 DU RP EINSTEIN AU,47.2692,-2.25128
201500027024,30,5,15,21,1,44,184,2,2,1,3,GUÉRANDE (ROUTE DE),47.27952,-2.27555
201500027025,9,6,15,19,1,44,184,2,6,1,2,CRAN NEUF (ROUTE DE),47.28846,-2.25083
201500027026,10,6,15,17,1,44,184,2,1,1,3,UNIVERSITÉ (BOULEVARD DE,47.25324,-2.26414
201500027027,15,6,15,14,1,44,184,2,1,1,1,"27, APPRENTIS (BOULEVARD",47.29258,-2.18762
201500027028,17,6,15,15,1,44,184,2,1,1,3,"54, GAULLE (RUE DU GAL D",47.27427,-2.21297
201500027029,18,6,15,20,1,44,184,2,3,1,1,"89, TRIGNAC (RUE DE)",47.29498,-2.19224
201500027030,21,6,15,19,1,44,184,2,1,1,6,"102, PORNICHET (RUE DE)",47.26876,-2.22111
201500027031,29,6,15,15,1,44,184,2,3,1,3,DEGAS (RUE EDGAR),47.29101,-2.21995
201500027032,1,7,15,9,1,44,184,1,1,1,7,"120, GÂTÉ (RUE DU CDT)",47.27727,-2.22776
201500027033,14,7,15,23,5,44,184,2,6,1,3,MERMOZ (BOULEVARD JEAN),47.27511,-2.22778
201500027034,16,7,15,5,3,44,184,2,1,1,1,RD 492 DU RP SARRELOUIS,47.27123,-2.24954
201500027035,20,7,15,7,1,44,184,2,3,2,5,RD 47,47.29368,-2.28053
201500027036,22,7,15,12,1,44,184,2,1,1,2,"6, LAENNEC (BD DU DR REN",47.2632,-2.23934
201500027037,24,7,15,3,5,44,184,2,2,1,3,RD 492 DU RP OCÉANIS AU,47.26454,-2.25805
201500027038,29,7,15,17,1,44,184,2,1,1,7,"66, FRÉCHETS (ROUTE DES)",47.26486,-2.24732
201500027039,18,8,15,11,1,44,184,1,1,1,3,GUÉRANDE (ROUTE DE),47.27877,-2.28792
201500027040,18,8,15,13,1,44,184,2,1,1,1,RD 492 DU PONT BD HÔPITA,47.28177,-2.24884
201500027041,26,8,15,16,1,44,184,2,2,2,1,CÔTE D'AMOUR (RTE DE LA),47.26256,-2.239
201500027042,26,8,15,17,1,44,184,2,2,2,5,"17, BEAUMARCHAIS (RUE PI",47.27632,-2.2204
201500027043,28,8,15,4,3,44,184,2,1,4,3,,47.30587,-2.20387
201500027044,31,8,15,14,1,44,184,2,2,2,5,SAINT-MARC (ROUTE DE) DU,47.25281,-2.26088
201500027045,8,9,15,17,1,44,184,2,1,1,3,"174, TRIGNAC (RUE DE)",47.29621,-2.18894
201500027046,14,9,15,22,5,44,184,2,2,3,1,RÉPUBLIQUE (AVENUE DE LA,47.28511,-2.21058
201500027047,17,9,15,8,1,44,184,2,2,1,3,TULIPES (ALLÉE DES),47.2644,-2.24984
201500027048,18,9,15,5,5,44,184,2,4,1,3,"95, LIBERTÉ (BOULEVARD D",47.29747,-2.19546
201500027049,21,9,15,19,1,44,184,2,6,2,3,"90, LAENNEC (BD DU DR RE",47.26998,-2.23935
201500027050,22,9,15,7,5,44,184,2,1,1,6,RD 492 DU RP OCÉANIS AU,0.0,0.0
201500027051,23,9,15,11,1,44,184,2,2,1,1,LUMIERE (RUE LOUIS),47.28219,-2.20556
201500027052,28,9,15,16,1,44,184,2,1,1,2,MITTERRAND (AVENUE FRANÇ,47.26938,-2.22804
201500027053,30,9,15,18,1,44,184,2,2,1,1,MONTAIGNE (RUE MICHEL DE,47.28641,-2.21858
201500027054,5,10,15,9,1,44,184,2,9,1,3,LAENNEC (BD DU DR RENÉ),47.26643,-2.24042
201500027055,2,10,15,17,1,44,184,2,1,1,7,RD 492 DU RP OCÉANIS AU,47.26251,-2.26032
201500027056,8,10,15,16,1,44,184,2,1,1,4,LESSEPS (AVENUE DE) DU 0,47.26867,-2.21667
201500027057,12,10,15,7,1,44,184,2,1,1,1,POINT DU JOUR (ROUTE DU),47.29178,-2.27065
201500027058,12,10,15,10,1,44,184,2,2,1,2,"31, GAULLE (RUE DU GAL D",47.27387,-2.211
201500027059,13,10,15,9,1,44,184,2,3,1,3,BUISSON (RUE FERDINAND),47.25826,-2.24486
201500027060,15,10,15,9,1,44,184,1,1,1,2,RD 213,47.29084,-2.23402
201500027061,15,10,15,17,1,44,184,2,3,7,3,"83, FRATERNITÉ (BOULEVAR",47.28122,-2.22266
201500027062,2,9,15,7,1,44,184,2,1,1,7,WILSON (BOULEVARD DU PRÉ,47.27009,-2.21163
201500027063,22,10,15,14,1,44,184,2,2,1,3,GUTENBERG (RUE JEAN),47.28066,-2.22987
201500027064,29,10,15,19,5,44,184,2,1,8,3,"32, CHENEVEAUX (RUE AUGU",47.27175,-2.22135
201500027065,1,11,15,17,1,44,184,2,2,1,6,"17, GAULLE (RUE DU GAL D",47.27373,-2.20972
201500027066,9,11,15,13,1,44,184,2,1,1,3,COUBERTIN (AVENUE PIERRE,0.0,0.0
201500027067,17,11,15,17,2,44,184,1,1,2,4,RD 213,0.0,0.0
201500027068,19,11,15,18,3,44,184,1,1,1,4,RD 213,0.0,0.0
201500027069,23,11,15,7,1,44,184,2,6,1,3,PERRIN (BOULEVARD PAUL),0.0,0.0
201500027070,30,11,15,7,1,44,184,2,1,1,7,LONGUET (RUE CHARLES),0.0,0.0
201500027071,30,11,15,18,2,44,184,2,1,1,4,"11, RD 492 DU RP OCÉANIS",0.0,0.0
201500027072,3,12,15,22,5,44,184,2,6,3,7,"62, GAULLE (RUE DU GAL D",0.0,0.0
201500027073,7,12,15,12,1,44,184,2,1,1,4,RD 213,0.0,0.0
201500027074,10,12,15,7,3,44,184,2,1,1,2,LEFERME (BOULEVARD PAUL),0.0,0.0
201500027075,11,12,15,18,5,44,184,2,3,1,3,PARÉ (RUE AMBROISE),0.0,0.0
201500027076,14,12,15,7,2,44,184,2,1,1,7,"16, PARÉ (RUE AMBROISE)",0.0,0.0
201500027077,11,12,15,18,5,44,184,2,1,1,7,"13, ZOLA (BOULEVARD EMIL",0.0,0.0
201500027078,16,12,15,16,1,44,184,2,1,1,6,MITTERRAND (AVENUE FRAN,0.0,0.0
201500027079,17,12,15,18,5,44,184,2,3,1,3,"53, GAUTIER (RUE HENRI)",0.0,0.0
201500027080,23,12,15,18,3,44,184,2,1,1,4,RD 213,0.0,0.0
201500027081,7,1,15,8,2,44,184,2,1,1,7,LILAS (ALL?E DES),47.26556,-2.24229
201500027082,13,1,15,7,5,44,184,2,1,2,3,EUROPE (BOULEVARD DE L'),47.28193,-2.20298
201500027083,13,1,15,18,5,44,184,2,1,1,7,EINSTEIN (RUE ALBERT),47.26447,-2.26274
201500027084,17,1,15,14,1,44,184,2,3,1,3,TRIGNAC (RUE DE),47.29498,-2.1922
201500027085,26,1,15,10,1,44,184,2,2,1,6,BARBUSSE (RUE HENRI),47.2757,-2.22158
201500027086,26,1,15,12,1,44,184,2,1,2,2,SUNDERLAND (BOULEVARD DE,47.27074,-2.24164
201500027087,3,2,15,12,1,44,184,2,1,1,3,"41, VECQUERIE (RUE DE LA",47.25649,-2.25813
201500027088,4,2,15,17,1,44,184,2,2,1,3,BERLIOZ (AVENUE HECTOR),47.26338,-2.23474
201500027089,12,2,15,7,2,44,184,2,1,1,6,RD 213,47.28363,-2.29468
201500027090,6,1,15,21,5,45,208,2,1,5,6,CONTRE ALLEE GL DE GAULL,48.00225,2.73486
201500027091,13,1,15,18,5,45,4,2,3,2,2,R COULEVREUX/BT D2060,47.98562,2.76936
201500027092,14,1,15,18,5,45,208,2,1,1,3,91 R ANDRE COQUILLET,47.98924,2.73234
201500027093,25,2,15,21,5,45,4,1,1,1,6,196 R ML JUIN,47.97478,2.77519
201500027094,31,12,15,23,5,45,4,2,1,1,6,1405 RUE DES  BARRES,47.96148,2.75829
201500027095,14,1,15,20,5,45,4,1,1,1,3,DEVIATION RN60,0.0,0.0
201500027096,26,2,15,18,2,45,4,2,1,2,2,1134 R GROS MOULIN,47.96337,2.78336
201500027097,7,3,15,18,1,45,338,1,1,1,2,D 2060,47.97096,2.71878
201500027098,20,1,15,20,5,45,4,2,1,1,6,344 R DE LA VALLEE,47.97455,2.76373
201500027099,10,3,15,11,1,45,68,2,1,1,1,AV NELSON MANDELA,48.01214,2.72673
201500027100,12,3,15,15,1,45,208,2,3,7,3,R SZIGETI/DELATRE DE TAS,47.99603,2.72559
201500027101,12,3,15,15,1,45,208,2,3,1,6,R LOING/RAYMOND TELLIER,47.99783,2.73474
201500027102,31,1,15,18,3,45,4,1,1,2,6,D 2007,47.97918,2.74224
201500027103,13,3,15,7,1,45,4,1,1,1,6,LIBERATION (RUE DE LA),0.0,0.0
201500027104,30,1,15,9,1,45,4,2,1,2,2,PARKIN BRICOMAN,47.97382,2.73615
201500027105,3,2,15,18,5,45,208,2,6,1,6,RSZIGETI/FG ORLEANS,47.99642,2.72725
201500027106,4,2,15,9,1,45,68,2,1,8,6,R DE LA GARENNE,48.02021,2.73382
201500027107,23,3,15,8,1,45,68,2,1,1,6,R ARISTIDE BRIAND,48.01145,2.73506
201500027108,10,2,15,14,1,45,208,2,1,1,3,14 R DE LA SIRENE,48.00137,2.72707
201500027109,31,3,15,14,1,45,4,1,3,6,2,D 2060/R PORCHERS,48.00601,2.81253
201500027110,3,4,15,5,5,45,68,2,1,8,6,7 R JEAN MERMOZ,48.01567,2.70956
201500027111,14,4,15,17,1,45,4,2,3,1,3,RTE VIROY// CONTRE ALL C,47.99046,2.76728
201500027112,18,4,15,4,5,45,338,2,1,1,6,2 AV HENRI BARBUSSE,47.99081,2.71147
201500027113,20,4,15,17,1,45,68,2,1,1,2,R 23 AOUT,48.0079,2.72237
201500027114,21,4,15,18,1,45,4,1,1,7,4,D 2060,47.98428,2.74831
201500027115,22,4,15,17,1,45,68,2,3,1,3,AV GL LECLERC/JEAN JAURE,48.01256,2.73867
201500027116,25,4,15,23,5,45,208,2,3,2,3,R FG CHAUSSE/Q LOING,47.99774,2.73659
201500027117,28,4,15,15,1,45,208,2,2,1,3,R GL LECLERC/R PERIER,47.99867,2.73076
201500027118,29,4,15,19,1,45,208,2,2,1,3,R FG CHAUSSEE/BD DURZY,47.99767,2.73569
201500027119,2,5,15,16,1,45,4,1,1,2,5,BT D2007 // D2060,47.98247,2.74302
201500027120,3,5,15,13,1,45,338,1,1,3,2,RD 2060,0.0,0.0
201500027121,17,5,15,1,5,45,4,2,1,1,6,986 AV DT SCHWEITZER,48.00039,2.76236
201500027122,17,5,15,21,5,45,208,2,1,1,7,10 COUR JEAN DUPONT,47.99909,2.73096
201500027123,30,5,15,20,1,45,338,2,2,1,3,"43, JAURES (RUE JEAN)",47.99569,2.72034
201500027124,27,5,15,11,1,45,4,2,1,1,2,RTE ST FIRMIN DES VIGNES,47.97559,2.74204
201500027125,6,6,15,16,1,45,68,2,1,1,6,PARKING BASE NAUTIQUE,48.02549,2.72471
201500027126,6,6,15,20,1,45,68,2,6,1,2,"1, LECLERC (AVENUE DU GE",0.0,0.0
201500027127,9,6,15,18,1,45,68,2,1,1,6,15 R MAURICE RAVEL,48.00426,2.71992
201500027128,17,6,15,18,1,45,208,2,1,1,3,5 BIS BD DURZY,47.99507,2.73548
201500027129,20,6,15,2,3,45,4,1,1,1,1,RD 2060,48.00408,2.79514
201500027130,24,6,15,13,1,45,4,2,1,1,3,R DE L'EUROPE,47.97718,2.72922
201500027131,26,6,15,16,1,45,68,2,1,1,5,R DE LA PONTONNERIE,48.00227,2.71763
201500027132,7,7,15,17,1,45,338,2,1,1,6,3 R TOURATIER,47.99146,2.70756
201500027133,17,7,15,13,1,45,4,1,1,1,3,D 2060,48.00496,2.80361
201500027134,19,7,15,0,5,45,208,2,3,1,3,BD A.FRANCE/R F.ROOSEVEL,48.00207,2.73088
201500027135,25,7,15,17,1,45,208,2,1,1,1,11 R DUCHESNE-RABIER,48.00183,2.74576
201500027136,19,7,15,17,1,45,4,1,1,1,6,R ALBERT FRAPPIN,47.97558,2.77363
201500027137,5,8,15,18,1,45,68,2,1,1,6,95 R ANDRE GIDE,48.03267,2.74438
201500027138,8,8,15,0,5,45,208,2,1,1,1,R RENEE DE FRANCE,48.00013,2.73149
201500027139,10,7,15,2,5,45,4,2,1,1,6,16 RTE DE VIROY,47.99543,2.74936
201500027140,11,8,15,12,1,45,4,2,3,1,2,R NIVELLE/AISANCE MOULIN,47.98215,2.75277
201500027141,11,8,15,11,1,45,4,2,2,1,2,R FRANCIS PRIEUR/BARRES,47.97278,2.74954
201500027142,21,8,15,17,1,45,68,2,1,1,6,67 R ROGER SALENGRO,48.01912,2.71528
201500027143,25,8,15,19,1,45,4,2,3,1,1,R ST FIRMIN VIGNES/BT,47.97586,2.74111
201500027144,30,8,15,2,5,45,4,2,1,1,6,256 R DES BARRES,47.90599,2.75099
201500027145,1,9,15,9,1,45,4,2,3,2,1,R PHILIPPE SERGENT/LIORE,47.99152,2.75021
201500027146,7,8,15,0,5,45,338,2,1,1,7,IMP FRERES LUMIERE,47.97384,2.72019
201500027147,4,9,15,16,1,45,68,2,1,1,1,R 23 AOUT,48.01049,2.72098
201500027148,10,9,15,7,1,45,4,1,1,1,3,PAUCOURT (ROUTE DE),0.0,0.0
201500027149,11,9,15,11,1,45,338,2,2,1,3,AV LIBERATION/R JODON,47.99078,2.71088
201500027150,17,9,15,12,1,45,68,2,1,3,1,AV NELSON MANDELA,48.01204,2.72654
201500027151,18,9,15,8,1,45,4,2,2,1,3,R LINO VENTURA/CHAPLIN,47.97884,2.76714
201500027152,22,9,15,13,1,45,4,1,1,2,3,D 2007 CARRIERES ROLAND,47.97958,2.74248
201500027153,23,9,15,16,1,45,208,2,2,1,3,D943/E.DECOURT/FG CHAUSS,47.99803,2.74327
201500027154,28,9,15,8,1,45,208,2,1,1,6,16 BD PAUL BAUDIN,48.00034,2.73388
201500027155,10,10,15,17,1,45,208,2,2,1,3,R CHATEAU/PL CHATEAU,47.99702,2.72837
201500027156,11,10,15,20,5,45,208,2,1,1,6,R PORT,48.00157,2.72903
201500027157,20,10,15,17,1,45,338,2,1,1,1,12 R DES FRERES LUMIERE,47.97337,2.71911
201500027158,30,10,15,22,5,45,4,2,1,1,3,461 RTE ST FIRMIN DES VI,47.97696,2.73762
201500027159,31,10,15,11,1,45,68,2,1,1,2,35 AV GL LECLERC,48.00889,2.74048
201500027160,2,11,15,17,2,45,68,2,2,1,2,R GATINAIS/ORMES,48.01111,2.70765
201500027161,8,11,15,16,1,45,208,2,1,1,7,QUEBEC (PONT),47.99952,2.72943
201500027162,9,11,15,20,3,45,208,1,1,1,2,RD 2007,0.0,0.0
201500027163,24,11,15,18,5,45,4,2,1,2,6,31 R DE LA MAIRIE,0.0,0.0
201500027164,20,11,15,11,1,45,4,2,1,3,1,70 AV DOCTEUR SCHWEITZER,47.99884,2.7501
201500027165,24,11,15,18,1,45,338,2,3,3,3,R BEL AIR/R PASTEUR,47.99056,2.71949
201500027166,27,11,15,12,1,45,208,2,3,8,3,FL DUNKERQUE 1940/GREVEN,47.99867,2.74149
201500027167,30,11,15,13,1,45,68,2,1,2,2,91 AV GL LECLERC,48.0153,2.73873
201500027168,2,12,15,12,1,45,4,2,1,1,3,445 RUE ANDRE LIORET,47.99271,2.75441
201500027169,6,12,15,13,1,45,208,2,1,1,7,GENERAL LECLERC (AVENUE,0.0,0.0
201500027170,11,12,15,17,2,45,208,2,1,1,6,RN7 (CLOSIERS),0.0,0.0
201500027171,13,12,15,12,1,45,208,2,3,1,3,R ROUX-FEDRY/FORET,48.00037,2.74566
201500027172,23,12,15,1,5,45,338,1,1,2,7,RD 2060,0.0,0.0
201500027173,10,9,15,16,1,45,147,2,1,1,6,225 R DES FOSSES,47.93838,1.93013
201500027174,16,8,15,7,1,45,232,1,1,1,6,R DE LA BELLE CROIX,47.84736,1.90824
201500027175,13,11,15,18,5,45,234,2,1,1,6,146 R FAUBOURG BANNIER,47.91649,1.89889
201500027176,11,9,15,19,1,45,232,2,1,1,6,1942 R DE LA SOURCE,47.85418,1.92216
201500027177,7,11,15,1,5,45,302,1,1,1,6,TANGENTIELLE,47.94537,1.89342
201500027178,8,9,15,17,1,45,285,2,3,1,3,R CH.BEAUHAIRE/CL FOURES,47.9114,1.87805
201500027179,14,10,15,16,1,45,147,2,1,1,6,128 R BARRIERE ST MARC,47.92692,1.92992
201500027180,14,9,15,13,1,45,284,1,1,1,7,D 2060,47.92458,1.96599
201500027181,15,10,15,16,1,45,284,2,1,1,3,119 AV GL LECLERC,47.91681,1.97692
201500027182,22,9,15,17,1,45,234,2,1,1,1,36 R BASSE D'INGRE,47.90594,1.88666
201500027183,17,10,15,18,2,45,169,2,1,1,6,115 RUE DE LA CARLERIE,47.90427,1.81299
201500027184,14,9,15,12,1,45,302,2,1,1,1,R GABRIEL DEBACQ,47.95462,1.89322
201500027185,19,10,15,7,1,45,234,2,2,1,3,FG BANNIER/R PATAY,47.90893,1.90093
201500027186,30,9,15,4,3,45,232,1,1,1,5,AV SOLOGNE,47.86441,1.91306
201500027187,20,10,15,17,1,45,234,2,6,9,1,AV DIDEROT/CLAUDE GUILLE,47.83392,1.94008
201500027188,29,9,15,19,1,45,286,2,1,1,1,DOUFFIAGUES (AVENUE JACQ,47.88767,1.92878
201500027189,14,9,15,12,1,45,234,2,3,1,7,R CROIX FAUCHET/BOECHE,47.91334,1.88565
201500027190,23,10,15,2,5,45,234,2,1,1,6,AV ROGER SECRETAIN,47.88791,1.89533
201500027191,5,10,15,12,1,45,234,2,2,1,3,Q FORT TOURELLES/AV DAUP,47.89465,1.90463
201500027192,12,10,15,7,1,45,147,2,2,1,3,AV ANDRE DESSAUX/R JOIE,47.92089,1.90235
201500027193,2,10,15,15,1,45,232,2,1,1,6,1878 RUE GL DE GAULLE,47.86768,1.87672
201500027194,2,10,15,16,1,45,235,2,2,1,3,R SABLONS/R VARENNES,47.94671,1.83186
201500027195,3,11,15,20,5,45,147,2,1,1,1,"364, BANNIER (RUE DU FAU",47.93073,1.89553
201500027196,11,10,15,4,5,45,234,2,2,1,3,R BOURGOGNE/CHOLERIE,47.89992,1.90639
201500027197,16,11,15,12,1,45,298,2,1,1,6,AV SAINT MESMIN,47.87744,1.85469
201500027198,6,11,15,17,1,45,234,2,1,1,6,263 FAUBOURG VINCENT,47.91925,1.91789
201500027199,12,11,15,17,4,45,302,2,1,1,6,ORMES (ROUTE D'),0.0,0.0
201500027200,20,11,15,20,5,45,234,2,1,2,3,118 RTE OLIVET,47.87969,1.90295
201500027201,12,11,15,12,1,45,147,2,1,1,6,34 R JEAN JAURES,47.93181,1.90806
201500027202,25,11,15,12,1,45,234,2,3,1,3,R VIEILLE LEVEE/MARCHAIS,47.89195,1.88859
201500027203,21,11,15,20,5,45,302,2,1,1,6,1401 R CHAMP ROUGE,47.96333,1.84854
201500027204,27,11,15,7,2,45,285,2,1,5,6,83 AV GEORGES CLEMENCEAU,47.89361,1.86171
201500027205,28,11,15,5,3,45,169,2,3,1,1,RTE NATIONALE/CHATEAU EA,47.93195,1.83368
201500027206,18,12,15,13,1,45,284,2,1,2,3,58 AV CHARLES PEGUY,47.90517,1.94671
201500027207,18,12,15,17,5,45,284,2,1,1,6,STATION TRAM CLOS ARCHE,47.90992,1.96443
201500027208,23,12,15,12,1,45,147,2,1,1,6,RUE DE MONTARAN,0.0,0.0
201500027209,23,12,15,9,1,45,285,2,1,1,6,MENDES FRANCE (AVENUE PI,0.0,0.0
201500027210,5,1,15,16,1,45,234,2,3,1,3,Q FORT ALLEAUME/R NEUVE,47.89822,1.91604
201500027211,6,1,15,4,5,45,285,2,1,1,2,TANGENTIELLE OUEST,47.91201,1.86709
201500027212,11,2,15,16,1,45,232,2,1,7,6,AV VERDUN // ACCES STATI,47.86881,1.91088
201500027213,18,2,15,10,1,45,284,2,1,1,3,R EDOUARD BRANLY,47.92005,1.95868
201500027214,7,3,15,14,1,45,234,2,1,1,3,AV LIBERATION,47.91794,1.90069
201500027215,7,3,15,21,5,45,147,2,1,1,3,R BARRIERE ST MARC,47.93205,1.93557
201500027216,10,3,15,2,5,45,274,2,1,1,6,400 R MELLERAY,47.87749,1.96055
201500027217,7,3,15,17,1,45,232,2,1,1,7,R DE LA REINE BLANCHE,0.0,0.0
201500027218,17,3,15,7,1,45,232,1,1,1,5,D 2271,47.84136,1.89337
201500027219,26,3,15,8,1,45,284,1,1,1,2,D 2060,47.92459,1.96434
201500027220,27,3,15,15,1,45,75,2,1,1,3,RTE DE BLOIS,47.88274,1.8181
201500027221,28,4,15,8,1,45,284,2,3,1,1,AV DENIS PAPIN/GAY LUSSA,47.91379,1.94874
201500027222,2,4,15,16,1,45,234,2,3,1,1,FG BANNIER/R PASTEUR,47.91101,1.90044
201500027223,16,4,15,11,1,45,234,2,1,1,6,R EUGENE TURBAT,47.88806,1.90799
201500027224,23,4,15,8,1,45,284,1,1,7,4,"SANS, RN 60",0.0,0.0
201500027225,24,4,15,18,1,45,286,2,3,1,3,R BALLETIERES/BT,47.87046,1.93222
201500027226,7,7,15,12,1,45,147,2,3,1,3,"5 BIS, GALLOUEDEC (AVENU",0.0,0.0
201500027227,17,5,15,21,2,45,234,2,1,1,6,9 Bd SAINT EUVERTE,47.90211,1.91875
201500027228,4,6,15,8,1,45,232,2,2,1,3,R SOURCE/R VICTOR HUGO,47.86027,1.90934
201500027229,5,6,15,13,1,45,232,1,1,1,2,AV SOLOGNE,47.84008,1.91412
201500027230,12,6,15,20,1,45,274,1,3,1,3,RTE SANDILLON/R MOULIN,47.87177,1.94971
201500027231,13,6,15,3,5,45,285,2,1,1,6,112 AV G.CLEMENCEAU,47.89672,1.86388
201500027232,21,6,15,17,1,45,234,2,1,1,3,79 R BOURRIE ROUGE,47.91825,1.90445
201500027233,24,6,15,8,1,45,234,2,3,1,6,BD LAMARTINE/R CLOS MOUL,47.91913,1.91138
201500027234,24,6,15,7,1,45,284,2,2,1,2,R PETIT VOMIMBERT/A.FOUR,47.91895,1.97151
201500027235,28,6,15,14,1,45,234,2,2,1,3,R STANISLAS JULIEN/CROIX,47.89974,1.89779
201500027236,2,7,15,19,1,45,274,1,2,1,3,MAISON-NEUVE  (RUE DE),0.0,0.0
201500027237,3,7,15,9,1,45,147,2,2,1,3,R MONTARAN/JOLIOT CURIE,47.94414,1.91721
201500027238,10,7,15,18,1,45,232,2,1,7,6,20 R GASCOGNE,47.83953,1.91808
201500027239,14,7,15,20,1,45,234,2,2,1,3,AV R SECRETAIN/R WILLIAM,47.88413,1.89818
201500027240,20,7,15,1,5,45,234,2,1,1,6,QU DU ROI,47.90066,1.93073
201500027241,20,7,15,18,1,45,302,1,1,1,6,,0.0,0.0
201500027242,24,7,15,18,1,45,234,2,1,2,6,27 BD ALEXANDRE MARTIN,47.90506,1.91054
201500027243,28,7,15,17,1,45,234,2,1,1,4,ROCHEPLATTE (BOULEVARD),47.90534,1.89723
201500027244,4,8,15,20,1,45,234,2,2,1,3,AV DAUPHINE/R DUHAMEL MO,47.89146,1.90481
201500027245,16,8,15,20,1,45,147,2,1,1,6,2 R JEAN MERMOZ,47.93423,1.92959
201500027246,18,8,15,17,1,45,232,1,1,1,2,"SANS, SOLOGNE (AVENUE DE",0.0,0.0
201500027247,27,8,15,14,1,45,169,1,1,3,3,R CHANTEMELLES,47.94202,1.84337
201500027248,19,3,15,13,1,46,42,2,1,1,7,"547, MONZIE (AVENUE ANAT",44.4334,1.44477