Num_Acc,jour,mois,an,hr,condition_eclairage,departement,commune,condition_agglomeration,intersection,condition_atmosphere,type_collision,adresse,lattitude,longitude
201500027249,20,3,15,12,1,46,42,1,1,1,5,D?partementale 811,44.47773,1.42444
201500027250,2,4,15,12,1,46,42,1,1,1,1,"""SEPT """"7"""" IEME REGT D'",44.45828,1.43371
201500027251,8,4,15,20,2,46,42,2,1,1,2,"55, GAMBETTA (BOULEVARD",44.44835,1.44007
201500027252,2,5,15,1,5,46,42,2,1,2,6,"., Départementale 811",44.47014,1.4277
201500027253,7,5,15,15,1,46,42,1,1,1,6,BELLE CROIX (CHEMIN DE),44.42301,1.43798
201500027254,9,5,15,17,1,46,42,1,1,1,3,Départementale 820,44.45356,1.41239
201500027255,12,5,15,16,1,46,42,2,3,1,3,"., SAINT GERY (RUE)",44.44424,1.43672
201500027256,25,5,15,1,5,46,42,2,1,1,6,"., F.T.P. ET DU 8E R.I (",44.45638,1.44989
201500027257,30,5,15,20,1,46,42,1,3,1,3,"., BASTIE (AVENUE MARYSE",44.45881,1.42476
201500027258,31,5,15,0,3,46,42,1,1,1,6,"., Départementale D653",44.46578,1.44039
201500027259,10,8,15,23,3,46,42,1,1,1,6,"., ROCADE DE CAHORS",44.46197,1.41991
201500027260,4,9,15,19,1,46,42,1,3,1,2,CHAMPOLLION (QUAI),44.4469,1.44451
201500027261,20,9,15,2,3,46,42,2,1,5,7,"., SAINT AMBROISE (RUE)",44.4685,1.45466
201500027262,29,9,15,17,1,46,42,2,1,1,6,Parking entrée Carrefour,44.42124,1.43867
201500027263,30,9,15,14,1,46,42,1,1,1,7,Départementale 820,0.0,0.0
201500027264,12,10,15,23,3,46,191,1,1,3,5,"., DEPARTEMENTALE N°811",44.49251,1.40526
201500027265,14,10,15,11,1,46,42,2,1,1,6,"646, COMBE DE MINUIT (CH",44.42629,1.44797
201500027266,19,10,15,17,1,46,42,1,1,1,1,Départementale 820,0.0,0.0
201500027267,25,10,15,16,1,46,42,2,1,1,6,BOILEAU-DESPEAUX (RUE),44.43547,1.44051
201500027268,12,1,15,20,5,46,42,2,1,1,1,"0, LUDO-ROLLES (RUE)",44.4526,1.4434
201500027269,12,1,15,18,3,46,42,2,1,1,1,ORMEAUX (COTE DES),0.0,0.0
201500027270,16,1,15,17,3,46,224,1,1,8,1,D8,44.47985,1.39103
201500027271,18,2,15,15,1,46,42,1,1,1,7,D?partementale 820,44.4667,1.42644
201500027272,7,1,15,13,1,47,1,2,1,1,6,DE GAULLE (AV. DU GENERA,0.0,0.0
201500027273,17,6,15,12,1,47,201,2,3,1,3,"., GASCOGNE (AVENUE DE)",44.16823,0.6093
201500027274,7,1,15,18,5,47,1,2,1,1,3,"., DUMON (BD SYLVAIN)",0.0,0.0
201500027275,11,7,15,20,1,47,1,2,1,1,2,"., LECLERC (AV. DU GENER",44.18422,0.62192
201500027276,26,1,15,8,2,47,1,2,1,1,6,DIDEROT (RUE),0.0,0.0
201500027277,14,7,15,1,5,47,1,2,1,1,2,DELPECH (AV. GEORGES),44.21244,0.60724
201500027278,8,2,15,5,5,47,201,2,3,1,3,PYRENEES (AVENUE DES),44.1755,0.6067
201500027279,29,7,15,17,1,47,1,2,1,2,6,DUNKERQUE (QUAI DE),44.20899,0.6217
201500027280,13,3,15,9,1,47,1,2,1,2,6,"., LAITIERS (PLACE DES)",44.2045,0.61686
201500027281,30,7,15,10,1,47,1,2,2,1,3,CASSIN (RUE RENE),44.19614,0.61902
201500027282,26,3,15,21,5,47,1,2,3,2,6,BARBUSSE (AV. HENRI),0.0,0.0
201500027283,10,8,15,18,1,47,1,2,1,1,6,"11, FLOIRAC (RUE)",0.0,0.0
201500027284,29,3,15,14,1,47,31,2,3,2,3,", MENDES FRANCE",44.1894,0.63902
201500027285,16,8,15,10,1,47,1,2,2,1,6,CARNOT (BD DU PRESIDENT),0.0,0.0
201500027286,7,4,15,12,1,47,201,2,3,1,3,VERDUN (AVENUE DE),0.0,0.0
201500027287,17,8,15,22,3,47,1,2,1,1,3,"., BARBUSSE (AV. HENRI)",0.0,0.0
201500027288,11,5,15,15,1,47,1,2,1,7,2,BARBUSSE (AV. HENRI),0.0,0.0
201500027289,26,8,15,18,1,47,31,2,3,1,3,"., BIGORRE (avenue de )",0.0,0.0
201500027290,7,5,15,21,5,47,201,2,1,1,3,PYRENEES (AVENUE DES),0.0,0.0
201500027291,28,8,15,18,1,47,201,2,3,1,5,PYRENEES (AVENUE DES),44.17811,0.60569
201500027292,9,9,15,17,1,47,1,2,3,1,6,BD CARNOT/LAFAYETTE,44.2044,0.62058
201500027293,16,5,15,21,5,47,1,2,2,1,2,JAURES (AV. JEAN),0.0,0.0
201500027294,14,9,15,8,1,47,31,1,1,8,5,ROCADERD813_BEAUREGARD,44.1737,0.65711
201500027295,19,9,15,17,1,47,31,2,4,1,3,"., AV LACAPELETTE",44.1785,0.63294
201500027296,24,9,15,18,1,47,1,2,2,1,3,LACOUR (BD EDOUARD),44.1964,0.62748
201500027297,29,9,15,16,1,47,1,2,6,1,3,AV Ge LECLERC/rue Cartou,44.1876,0.61992
201500027298,30,9,15,16,1,47,1,2,3,1,3,144BD LIBERTÉ/CASSIN R.,44.1984,0.62105
201500027299,3,10,15,14,1,47,1,2,3,1,3,"., JAURES (AV. JEAN)",0.0,0.0
201500027300,3,10,15,19,2,47,201,2,3,1,3,"., VERDUN (AVENUE DE)",44.19391,0.60707
201500027301,13,10,15,17,1,47,1,2,3,1,1,"., MIDI (AVENUE DU)",0.0,0.0
201500027302,14,10,15,18,1,47,1,1,2,1,1,RABELAIS (PLACE),0.0,0.0
201500027303,16,10,15,8,2,47,1,2,3,9,3,"., LIBERTE (BOULEVARD DE",0.0,0.0
201500027304,16,10,15,15,1,47,1,2,1,1,3,"., BRU (AV. DU DR JEAN)",0.0,0.0
201500027305,16,10,15,19,1,47,1,2,1,1,2,LECLERC (AV. DU GENERAL),0.0,0.0
201500027306,20,10,15,9,1,47,31,1,3,1,3,RD17,0.0,0.0
201500027307,20,10,15,15,1,47,201,2,6,1,3,BEAUREGARD,0.0,0.0
201500027308,13,10,15,13,1,47,1,2,1,1,5,BLUM (AV. LEON),44.21103,0.64609
201500027309,30,10,15,5,5,47,1,2,1,1,3,"., ANCIENS COMBATTANTS A",0.0,0.0
201500027310,9,11,15,7,5,47,201,2,9,1,3,AV PYRENEES/UPSA,44.1788,0.60545
201500027311,10,11,15,15,1,47,1,2,2,1,6,BD CARNOT/BD REPUBLIQUE,44.2053,0.62085
201500027312,17,11,15,18,2,47,32,2,9,1,3,1636 AVNOGUES/PARKINGBNP,44.1843,0.66642
201500027313,20,11,15,16,1,47,1,2,3,1,3,BD LIBERTE/RUEDUCOURNEAU,44.1971,0.62008
201500027314,12,12,15,18,2,47,1,2,3,1,6,BD CARNOT/BD REPUBLIQUE,44.2053,0.62085
201500027315,21,12,15,9,1,47,32,2,1,1,6,"21BIS, REPUBLIQUE(RUE DE",44.1859,0.67179
201500027316,23,12,15,17,1,47,31,2,1,1,6,FABAS/PARKING GEANTCASIN,44.1769,0.63382
201500027317,30,1,15,11,1,47,323,2,1,1,1,CAVAILLE MARCEL (RUE),0.0,0.0
201500027318,20,5,15,19,1,47,323,1,1,1,3,CUSSOU,44.26575,2.05799
201500027319,7,2,15,13,1,47,27,1,2,1,3,RD 236,0.0,0.0
201500027320,17,3,15,7,1,47,27,1,2,1,3,PONT MARTINET/CARRABELLE,44.4113,0.66965
201500027321,20,2,15,14,1,47,323,2,1,1,6,"6, COLLEGE(RUE DU)",0.0,0.0
201500027322,21,5,15,0,5,47,323,2,1,1,6,"40, AGEN (AVENUE D')",44.394,0.70934
201500027323,24,2,15,17,1,47,323,1,1,8,1,PRADAL,0.0,0.0
201500027324,11,6,15,11,1,47,323,1,1,1,6,R.D.911(ROUTE DE SAINTSY,44.4038,0.76813
201500027325,29,3,15,14,1,47,323,1,3,1,3,RD 661,0.0,0.0
201500027326,5,4,15,15,1,47,323,2,3,1,3,AV FUMEL/RUE COLIBRIS,44.4086,0.72966
201500027327,13,7,15,18,1,47,323,1,3,1,2,R.D.911(ROUTE DE SAINTSY,44.4063,0.7549
201500027328,17,7,15,7,1,47,323,2,3,1,3,BARBUSSE (RUE HENRI),44.23558,4.3064
201500027329,4,8,15,19,1,47,323,2,2,1,3,PENNE (RUE DE),0.0,0.0
201500027330,7,8,15,15,1,47,215,1,1,1,7,RN 21,0.0,0.0
201500027331,17,8,15,19,1,47,323,2,1,1,1,JEANNE DE FRANCE (ALLEE),44.4037,0.70459
201500027332,12,9,15,22,3,47,27,1,2,2,3,CARABELLE (CHEMIN DE),44.4112,0.66976
201500027333,26,9,15,20,3,47,323,1,3,1,1,MOURGUES,44.407,0.751
201500027334,2,10,15,11,1,47,323,2,1,1,6,5 av jeanclaude Cayrel,0.0,0.0
201500027335,7,11,15,20,5,47,323,2,6,1,3,"20, LIBERATION (PLACE)",44.4086,0.70749
201500027336,9,11,15,11,1,47,323,2,3,1,3,AV FUMEL/CHEMIN VELOURS,44.4071,0.71622
201500027337,27,11,15,2,3,47,215,1,1,1,6,R D 118,44.3848,0.6776
201500027338,6,12,15,15,1,47,323,1,1,1,3,VC 43 - LIEU-DIT GUILLOT,44.4149,0.77197
201500027339,8,12,15,15,1,47,323,2,2,1,3,DESMOULINS (BD CAMILLE),44.4034,0.70129
201500027340,5,12,15,16,1,47,27,1,1,1,7,LDT CARABELLE/JOUANNY,44.4095,0.6697
201500027341,1,2,15,1,5,48,95,2,1,8,6,"5, BOURILLON (BOULEVARD",44.51611,3.49832
201500027342,10,4,15,21,5,48,95,2,1,1,6,"12, SOUBEYRAN (BOULEVARD",44.51622,3.49842
201500027343,11,12,15,12,1,48,95,2,1,1,2,"24, PERE COUDRIN (AVENUE",44.51762,3.50696
201500027344,20,5,15,14,1,48,95,1,1,1,6,RN 88 (ROUTE DU PUY),44.52609,3.51283
201500027345,31,8,15,16,1,48,95,2,1,1,6,"8, GARE (AVENUE DE LA)",44.522,3.50207
201500027346,24,9,15,8,1,48,95,2,9,1,6,"0, FONTANILLES (RUE DE)",44.52187,3.51494
201500027347,5,1,15,1,5,49,7,2,1,1,6,ATLANTIQUE  AVENUE DE,47.46467,-0.5734
201500027348,18,2,15,6,3,49,7,1,1,1,7,"1, ATLANTIQUE  AVENUE DE",47.46894,-0.58756
201500027349,31,12,15,12,1,49,246,2,1,1,6,"15, HUGO VICTOR RUE",47.428,-0.52741
201500027350,5,1,15,7,5,49,7,2,3,1,3,"0, BRESSIGNY",47.46786,-0.551
201500027351,16,2,15,16,1,49,7,2,1,1,5,"0, BARANGE BOULEVARD",47.45547,-0.56975
201500027352,31,12,15,16,1,49,7,1,1,1,6,BAUMETTE PROMENADE,47.46024,-0.56817
201500027353,6,1,15,11,1,49,267,1,3,1,4,"0, VENAISERIE AVENUE",47.47103,-0.48648
201500027354,20,2,15,10,1,49,7,2,1,2,3,"0, HIRONDELLE",47.4448,-0.53758
201500027355,7,1,15,7,5,49,7,2,1,1,3,"94, PONTS DE CE",47.45356,-0.54146
201500027356,21,2,15,17,1,49,7,2,1,1,2,BEDIER BOULEVARD,47.45119,-0.54808
201500027357,6,1,15,18,4,49,7,2,6,2,6,"0, LE NOTRE",47.47526,-0.60775
201500027358,20,2,15,13,1,49,15,2,2,3,6,"0, MENDES FRANCE AVENUE",47.50686,-0.58981
201500027359,7,1,15,8,1,49,267,1,1,1,2,RD 347,47.47364,-0.48576
201500027360,21,2,15,6,5,49,7,1,1,1,7,"0, ATLANTIQUE  AVENUE DE",47.46678,-0.56732
201500027361,8,1,15,9,1,49,7,2,9,1,3,PATTON AVENUE,47.47315,-0.59985
201500027362,20,2,15,13,1,49,267,1,1,1,6,"0, A87N",47.48022,-0.4996
201500027363,8,1,15,13,1,49,7,2,1,1,4,VOIE DES BERGES,47.47151,-0.55947
201500027364,25,2,15,15,1,49,7,2,1,1,6,RUE PLANTAGENET,47.47158,-0.55389
201500027365,8,1,15,8,1,49,246,2,3,1,3,GAULLE RUE CHARLES DE,47.42258,-0.52373
201500027366,1,3,15,10,1,49,267,1,6,1,6,Bd de la Chanterie,47.48139,-0.49083
201500027367,9,1,15,8,2,49,7,2,1,1,2,Bd AYRAULT,47.47585,-0.54987
201500027368,1,3,15,14,1,49,7,2,1,1,6,"10, BREMONT",47.46601,-0.55939
201500027369,9,1,15,18,5,49,7,2,2,1,3,DUPETIT THOUARS,47.4606,-0.5521
201500027370,2,3,15,10,1,49,353,2,6,1,3,"0, DAUTEL BOULEVARD",47.4423,-0.48286
201500027371,9,1,15,10,1,49,7,2,1,1,7,"16, FOCH BOULEVARD",47.46926,-0.54948
201500027372,2,3,15,16,1,49,7,2,1,1,4,"34, ARBRISSEL",47.44522,-0.56672
201500027373,11,1,15,13,1,49,7,2,3,1,3,"0, DAGUENET",47.47456,-0.52063
201500027374,2,3,15,18,1,49,246,1,1,1,6,"10, PERDRIAU",47.44027,-0.48885
201500027375,1,1,15,15,1,49,7,2,1,1,7,"02, LECLERC GUILLORY",47.46685,-0.53316
201500027376,3,3,15,11,1,49,246,2,2,1,3,"0, HUGO VICTOR RUE",47.43044,-0.52814
201500027377,11,1,15,0,5,49,7,2,6,1,3,"0, MOLIERE PLACE",47.47375,-0.55572
201500027378,4,3,15,16,1,49,7,2,1,1,6,RUE CHAMBRE AUX DENIERS,47.46525,-0.59478
201500027379,13,1,15,13,1,49,7,2,1,1,6,"0, DE LATTRE DE TASSIGNY",47.44951,-0.53888
201500027380,5,3,15,8,1,49,7,1,1,1,4,"7, FAURE QUAI",47.48788,-0.54614
201500027381,12,1,15,8,1,49,246,1,1,1,2,A87N,47.43556,-0.50882
201500027382,7,3,15,19,1,49,7,2,1,1,6,"44, JEAN XXIII AVENUE",47.44775,-0.56278
201500027383,12,1,15,15,1,49,7,2,2,1,3,PATTON AVENUE,47.47352,-0.58608
201500027384,10,3,15,17,1,49,7,2,3,1,6,"0, BIRGE BOULEVARD",47.47138,-0.51905
201500027385,12,1,15,12,1,49,7,2,2,1,3,"0, HAUTE DES BANCHAIS",47.4833,-0.51405
201500027386,12,3,15,7,1,49,7,2,2,1,6,"0, COMMERCE",47.47505,-0.54981
201500027387,13,1,15,18,5,49,7,1,1,1,4,RD 323,47.46581,-0.58058
201500027388,13,3,15,20,5,49,7,2,1,1,6,"0, PAUL BERT",47.46636,-0.55278
201500027389,15,1,15,18,5,49,267,1,1,1,6,HAUTE BANCHAIS,47.48647,-0.51098
201500027390,14,3,15,7,1,49,353,2,6,1,6,PONTS DE CE,47.4408,-0.4985
201500027391,15,1,15,8,2,49,353,1,1,2,6,D4,47.44299,-0.48011
201500027392,14,3,15,8,1,49,246,2,6,1,3,"0, DAVID D'ANGERS",47.43369,-0.52962
201500027393,15,1,15,14,1,49,7,2,1,2,6,Rue de la PREFECTURE,47.46621,-0.55487
201500027394,17,3,15,18,1,49,353,1,1,1,4,"0, LAGRANGE",47.45064,-0.50927
201500027395,16,1,15,0,5,49,7,2,2,1,6,BD du BON PASTEUR,47.47303,-0.57729
201500027396,19,3,15,16,1,49,7,2,1,1,2,BOUCHEMAINE ROUTE,47.448,-0.5739
201500027397,17,1,15,1,5,49,7,2,1,1,5,"3, ROI RENE BOULEVARD",47.46851,-0.55822
201500027398,20,3,15,18,1,49,7,2,2,1,3,BARRA PASSAGE ET RUE,47.48658,-0.56347
201500027399,16,1,15,7,5,49,7,2,1,1,6,"0, JONCHERES SQUARE",47.44882,-0.5628
201500027400,22,3,15,18,1,49,246,1,1,1,6,A87N,47.44138,-0.512
201500027401,17,1,15,12,1,49,7,2,1,1,3,"20, ROI RENE BOULEVARD",47.46803,-0.55729
201500027402,23,3,15,14,1,49,15,1,1,1,7,"0, MEIGNANNE ROUTE DE LA",47.4923,-0.59378
201500027403,16,1,15,15,1,49,246,1,3,1,2,14 CHAUVIN AVENUE,47.43224,-0.53389
201500027404,24,3,15,12,1,49,353,2,2,2,3,CHOUTEAU,47.4461,-0.49639
201500027405,20,1,15,7,5,49,7,2,1,1,4,CHAUVAT BOULEVARD,47.45392,-0.56692
201500027406,28,3,15,1,5,49,7,2,2,1,3,"0, ROE",47.4735,-0.55399
201500027407,22,1,15,20,5,49,246,2,1,1,6,GAULLE RUE CHARLES DE,47.42336,-0.52412
201500027408,27,3,15,15,1,49,267,1,1,2,3,"1, CHAMPFLEUR",47.47838,-0.50544
201500027409,22,1,15,9,1,49,7,2,1,1,6,CONTADES AVENUE,47.46367,-0.55396
201500027410,30,3,15,16,1,49,7,2,2,1,3,RUE DU MAINE,47.47716,-0.54797
201500027411,21,1,15,8,2,49,7,2,1,1,6,Rue Louis Gain,47.46864,-0.53901
201500027412,30,3,15,9,1,49,7,1,1,1,2,VOIE DES BERGES,47.47713,-0.55389
201500027413,8,1,15,16,1,49,7,2,1,1,6,BEAUSSIER BOULEVARD,47.47682,-0.59917
201500027414,30,3,15,7,4,49,7,2,4,1,6,"0, LARREY",47.48172,-0.55356
201500027415,23,1,15,20,5,49,7,2,1,1,6,"18, BRESSIGNY",47.46757,-0.55041
201500027416,1,4,15,8,2,49,7,2,1,1,6,"53, MADELEINE",47.4628,-0.54054
201500027417,23,1,15,16,1,49,267,2,6,1,3,"0, CHANTERIE",47.47629,-0.49667
201500027418,1,4,15,10,1,49,7,2,3,1,1,"0, PONTS DE CE",47.45201,-0.5381
201500027419,23,1,15,12,1,49,7,2,1,1,2,RAMON BOULEVARD,47.48749,-0.54095
201500027420,1,4,15,13,1,49,7,2,1,1,6,"53, SAUMUROISE IMPASSE",47.45644,-0.53037
201500027421,23,1,15,17,2,49,7,2,1,1,3,"0, LEROY PLACE",47.46468,-0.54878
201500027422,3,4,15,9,1,49,7,1,1,1,6,"0, VOIE DES BERGES",47.47674,-0.55404
201500027423,26,1,15,8,2,49,7,2,1,1,6,PATTON AVENUE,47.47328,-0.59553
201500027424,6,4,15,12,1,49,7,1,1,1,6,BARANGE BOULEVARD,47.45485,-0.56846
201500027425,26,1,15,18,5,49,7,2,2,1,3,MONTAIGNE AVENUE,47.46892,-0.53197
201500027426,7,4,15,18,1,49,246,2,1,1,7,"62, DAVID D'ANGERS",47.43939,-0.53266
201500027427,28,1,15,17,1,49,7,2,3,1,3,Rue de la Barre,47.47207,-0.59254
201500027428,8,4,15,12,1,49,15,2,2,1,3,DUNANT RUE HENRI,47.50103,-0.58873
201500027429,27,1,15,7,1,49,353,1,1,1,6,Rue BASSE DE BEAUMANOIR,47.45278,-0.51375
201500027430,9,4,15,12,1,49,246,2,1,1,4,GAULLE RUE CHARLES DE,47.42254,-0.52371
201500027431,28,1,15,8,1,49,7,2,1,1,6,DE LATTRE DE TASSIGNY,47.45139,-0.53999
201500027432,12,4,15,15,1,49,7,2,1,1,3,"31, MOULIN BOULEVARD",47.49231,-0.55311
201500027433,29,1,15,8,2,49,353,2,6,2,2,Rue Léo LAGRANGE,47.44766,-0.50949
201500027434,10,4,15,15,1,49,7,2,4,1,6,"0, HAUT PRESSOIR PASSAGE",47.45397,-0.53581
201500027435,30,1,15,9,1,49,267,1,1,1,2,A87N,47.47605,-0.50326
201500027436,13,4,15,10,1,49,7,2,2,1,6,"161, LIZE",47.48741,-0.57354
201500027437,30,1,15,9,1,49,7,2,6,1,3,LAFAYETTE PLACE,47.4628,-0.55383
201500027438,13,4,15,17,1,49,15,2,1,1,6,"245, MENDES FRANCE AVENU",47.508,-0.59078
201500027439,2,2,15,9,1,49,7,2,6,1,7,"0, CAMUS BOULEVARD",47.48173,-0.57578
201500027440,14,4,15,13,1,49,7,2,3,1,3,"0, MONPLAISIR BOULEVARD",47.48699,-0.51513
201500027441,3,2,15,8,1,49,7,2,2,1,7,"0, CARNOT",47.47451,-0.54677
201500027442,14,4,15,18,1,49,7,2,1,1,6,"100, MONPLAISIR BOULEVAR",47.48677,-0.51486
201500027443,5,2,15,10,1,49,246,2,2,1,2,"0, A87N",47.43771,-0.51109
201500027444,16,4,15,17,1,49,353,1,1,1,7,"85, JEAN JAURES RUE",47.44191,-0.49319
201500027445,5,2,15,15,1,49,7,2,1,1,6,BEAUSSIER BOULEVARD,47.47613,-0.59927
201500027446,20,4,15,4,3,49,7,2,6,1,7,BEDIER BOULEVARD,47.45252,-0.5409
201500027447,5,2,15,9,1,49,7,2,2,1,6,"0, RAMON BOULEVARD",47.48554,-0.53325
201500027448,18,4,15,5,3,49,353,2,1,1,6,Rue des PERREYEUX,47.45235,-0.4931
201500027449,7,2,15,19,5,49,7,2,6,1,7,rue RABELAIS,47.46468,-0.54873
201500027450,21,4,15,22,5,49,7,2,2,1,3,"0, JUSSIEU",47.47619,-0.54508
201500027451,7,2,15,3,5,49,7,2,2,1,3,BEAUREPAIRE,47.47473,-0.56083
201500027452,21,4,15,17,1,49,7,2,9,1,4,"0, MONPLAISIR BOULEVARD",47.48998,-0.52188
201500027453,9,2,15,16,1,49,246,2,3,1,3,Rue de CONTADES,47.41856,-0.52778
201500027454,22,4,15,13,1,49,267,2,2,1,3,BEAUFORT ROUTE,47.46672,-0.49064
201500027455,9,2,15,13,1,49,15,1,1,1,3,Rue Nationale,47.51738,-0.60527
201500027456,22,4,15,19,1,49,7,2,2,1,6,HOTELLERIE RUE,47.48602,-0.52124
201500027457,10,2,15,15,1,49,7,2,1,1,2,COUBERTIN BOULEVARD,47.46401,-0.53166
201500027458,24,4,15,12,1,49,7,2,3,1,2,Quai GAMBETTA,47.47668,-0.5537
201500027459,11,2,15,16,1,49,7,2,2,1,7,VERDUN PONT,47.47359,-0.55899
201500027460,25,4,15,10,1,49,7,2,1,1,7,DROITS DE L'HOMME,47.47892,-0.54994
201500027461,11,2,15,19,5,49,7,2,1,1,7,place Francois Mitterand,47.47698,-0.55087
201500027462,28,4,15,16,1,49,7,2,1,1,4,"0, LIZE",47.48939,-0.56808
201500027463,12,2,15,21,5,49,7,2,1,1,7,"0, IMBACH PLACE",47.4739,-0.54805
201500027464,2,5,15,14,1,49,7,2,6,2,3,"0, SEURAT",47.46122,-0.61705
201500027465,14,2,15,13,1,49,7,2,2,1,3,"07, PORT DE L'ANCRE",47.47587,-0.55263
201500027466,2,5,15,12,1,49,7,2,1,2,6,"0, RAMON BOULEVARD",47.48863,-0.54472
201500027467,14,2,15,20,5,49,7,2,2,1,3,"0, BEDIER BOULEVARD",47.453,-0.53873
201500027468,30,4,15,18,1,49,7,2,1,2,2,Place FREPPEL,47.47028,-0.5552
201500027469,13,2,15,13,1,49,15,2,1,1,7,CROIX CADEAU LIEU DIT,47.52016,-0.60967
201500027470,3,5,15,3,5,49,7,1,1,2,6,"0, VOIE DES BERGES",47.47469,-0.55564
201500027471,14,2,15,21,4,49,7,2,1,1,3,"58, VAUGAREAU",47.48286,-0.53136
201500027472,5,5,15,17,1,49,7,2,1,1,6,"0, FOCH BOULEVARD",47.46783,-0.55108
201500027473,15,2,15,12,1,49,7,2,3,1,3,Rue de LETANDUERE,47.46259,-0.55506
201500027474,5,5,15,16,1,49,7,2,1,1,7,"0, LAKANAL",47.47746,-0.60106
201500027475,14,2,15,7,5,49,15,2,2,1,3,ROSES RUE DES,47.4982,-0.58595
201500027476,10,5,15,19,1,49,7,2,1,1,6,rue de  BELLE BEILLE,47.47477,-0.58615
201500027477,7,5,15,18,1,49,7,2,1,1,6,"0, PAUL BERT",47.46557,-0.55097
201500027478,9,5,15,22,5,49,7,2,1,1,6,ESTIENNE D'ORVES BOUL,47.4574,-0.52666
201500027479,13,5,15,21,5,49,7,2,6,1,7,"0, BALLU PLACE",47.47603,-0.58611
201500027480,13,5,15,16,1,49,7,2,1,1,3,"78, PASTEUR AVENUE",47.47414,-0.5368
201500027481,15,5,15,17,1,49,7,2,1,1,3,"0, JOFFRE BOULEVARD",47.47208,-0.54567
201500027482,15,5,15,21,2,49,267,2,1,1,7,Rue CHAMPFLEUR,47.47988,-0.50373
201500027483,15,5,15,9,1,49,353,2,3,1,2,"0, REPUBLIQUE AVENUE",47.4493,-0.50183
201500027484,16,5,15,19,1,49,7,2,1,1,3,"93, BRESSIGNY",47.466,-0.54721
201500027485,19,5,15,18,1,49,267,1,1,1,4,RD 347,47.47337,-0.48817
201500027486,19,5,15,15,1,49,353,2,1,1,6,"0, BAHONNEAU BOULEVARD",47.45294,-0.48325
201500027487,19,5,15,11,1,49,7,2,1,1,6,"5, BARRA PASSAGE ET RUE",47.48125,-0.56422
201500027488,21,5,15,12,1,49,7,2,1,1,2,"48, RABELAIS",47.46125,-0.54674
201500027489,21,5,15,15,1,49,7,2,1,1,2,CONTADES AVENUE,47.46397,-0.55408
201500027490,22,5,15,7,1,49,7,2,1,1,2,"82, CAMUS BOULEVARD",47.48059,-0.57592
201500027491,22,5,15,18,1,49,7,2,1,1,2,"14, TOUSSAINT RUE ET IMP",47.4696,-0.5553
201500027492,24,5,15,0,5,49,7,2,1,1,6,"0, CAPUCINS SQUARE ET RU",47.48797,-0.55402
201500027493,27,5,15,11,1,49,7,2,2,1,3,"0, ROE",47.4735,-0.55397
201500027494,27,5,15,9,1,49,7,2,1,1,2,"78, VOLNEY",47.46054,-0.53878
201500027495,27,5,15,17,1,49,7,2,2,1,6,"0, CUSSONEAU",47.46888,-0.53195
201500027496,27,5,15,16,1,49,7,2,2,1,3,"0, CHATEAU D'ORGEMONT RU",47.44902,-0.54416
201500027497,27,5,15,14,1,49,246,2,6,1,7,"0, PERDRIAU",47.43896,-0.48618
201500027498,31,5,15,18,1,49,7,2,2,1,3,"0, VOLNEY",47.4618,-0.5415
201500027499,29,5,15,20,1,49,7,2,3,1,3,"15, CHURCHILL AVENUE ET",47.44799,-0.56083
201500027500,29,5,15,14,1,49,7,2,1,1,1,BARRE CITE ET RUE,47.47229,-0.59584
201500027501,2,6,15,8,1,49,246,1,1,1,4,"0, A87N",47.43219,-0.50712
201500027502,2,6,15,16,1,49,246,1,1,1,2,"0, PASTEUR",47.41868,-0.52379
201500027503,2,6,15,14,1,49,15,2,1,1,6,JUIN PLACE DU MARECHAL,47.48582,-0.58455
201500027504,3,6,15,20,1,49,7,2,3,1,3,"0, GAIN ( LOUIS)",47.46799,-0.53763
201500027505,4,6,15,11,1,49,353,2,3,1,3,"54, REPUBLIQUE AVENUE",47.44619,-0.49723
201500027506,6,6,15,14,1,49,7,2,3,1,2,"0, ARAGO BOULEVARD",47.47727,-0.55732
201500027507,6,6,15,10,1,49,7,2,1,1,2,"4, PASTEUR AVENUE",47.47152,-0.54315
201500027508,8,6,15,19,1,49,7,2,3,1,3,"0, HANNELOUP",47.46796,-0.54649
201500027509,5,6,15,20,1,49,7,2,2,1,3,"0, SALPINTE",47.44829,-0.5503
201500027510,8,6,15,18,1,49,246,1,1,1,6,"0, A87N",47.44768,-0.5152
201500027511,6,6,15,15,1,49,7,2,2,1,6,"0, ACADEMIE PLACE",47.46853,-0.55842
201500027512,5,6,15,17,1,49,7,2,1,1,3,"28, CUSSONEAU",47.47012,-0.53154
201500027513,5,6,15,15,1,49,246,2,1,1,7,"14, RONCIERES RUE ET SQU",47.43712,-0.51271
201500027514,9,6,15,18,1,49,7,2,3,1,3,"0, BON PASTEUR BOULEVARD",47.47061,-0.57054
201500027515,9,6,15,12,1,49,7,2,1,1,3,"0, GAMBETTA",47.47716,-0.55339
201500027516,5,6,15,14,1,49,7,2,1,1,6,"0, DAVID D'ANGERS",47.4418,-0.5345