Num_Acc,jour,mois,an,hr,condition_eclairage,departement,commune,condition_agglomeration,intersection,condition_atmosphere,type_collision,adresse,lattitude,longitude
201500027517,9,6,15,16,1,49,267,2,6,1,6,"0, MARMITIERE",47.47002,-0.49098
201500027518,5,6,15,18,1,49,7,2,1,1,6,"50, PATTON AVENUE",47.47373,-0.58414
201500027519,11,6,15,9,1,49,7,2,1,1,6,"56, FOCH BOULEVARD",47.46717,-0.55238
201500027520,12,6,15,13,1,49,353,2,6,2,1,REPUBLIQUE AVENUE,47.45101,-0.50804
201500027521,12,6,15,13,1,49,7,2,1,2,6,"105, BRIOLLAY ROUTE",47.49349,-0.52837
201500027522,15,6,15,10,1,49,7,2,2,1,7,"0, VOLNEY",47.46324,-0.54492
201500027523,15,6,15,12,1,49,7,2,3,1,3,"0, PETIT LAUNAY",47.46793,-0.59014
201500027524,16,6,15,15,1,49,7,1,1,1,7,D260,47.44473,-0.52381
201500027525,17,6,15,8,1,49,246,2,3,1,3,"0, POCHETET",47.4303,-0.52894
201500027526,17,6,15,7,1,49,353,2,1,1,3,"60, VALONGO",47.44809,-0.46856
201500027527,18,6,15,11,1,49,7,2,1,1,7,"0, LARREY",47.48183,-0.5537
201500027528,19,6,15,20,1,49,7,2,3,1,1,"57, JEAN XXIII AVENUE",47.4469,-0.56103
201500027529,19,6,15,21,1,49,7,2,2,1,3,"0, PONTS DE CE",47.45301,-0.53878
201500027530,22,6,15,14,1,49,7,2,1,1,6,"0, FOCH BOULEVARD",47.46785,-0.55107
201500027531,19,6,15,9,1,49,267,2,3,1,1,"0, REUX",47.46938,-0.5099
201500027532,21,6,15,11,1,49,7,2,6,1,7,DE LATTRE DE TASSIGNY,47.44855,-0.53808
201500027533,22,6,15,17,1,49,267,1,3,1,5,"0, BEAUFORT ROUTE",47.47051,-0.45653
201500027534,26,6,15,15,1,49,7,2,6,1,6,RABELAIS,47.46462,-0.54874
201500027535,27,6,15,18,1,49,7,2,2,1,3,de la cote de bellevue,47.46167,-0.60432
201500027536,28,6,15,21,1,49,353,2,1,1,7,"59, CAMUS",47.45482,-0.50675
201500027537,29,6,15,17,1,49,7,2,1,1,2,ATLANTIQUE  AVENUE DE L',47.46789,-0.56581
201500027538,22,6,15,20,1,49,7,2,6,1,3,"0, BRESSIGNY",47.46532,-0.54535
201500027539,23,6,15,15,1,49,267,1,1,1,2,"0, A87N",47.46797,-0.51471
201500027540,24,6,15,18,1,49,7,2,1,1,6,"0, JEAN XXIII AVENUE",47.44808,-0.56331
201500027541,24,6,15,17,1,49,7,2,3,1,2,"11, PASTEUR AVENUE",47.47222,-0.54125
201500027542,1,7,15,9,1,49,7,2,2,1,3,"0, MOLIERE PLACE",47.47398,-0.55446
201500027543,6,7,15,17,1,49,7,2,1,1,2,"15, BIRGE BOULEVARD",47.47129,-0.51919
201500027544,5,7,15,2,5,49,7,1,1,1,6,"0, ESTIENNE D'ORVES BOUL",47.45457,-0.5335
201500027545,3,7,15,12,1,49,7,2,1,1,2,"0, BAZIN RENE ALLEE",47.47171,-0.55515
201500027546,7,7,15,10,1,49,7,2,4,1,3,"0, MENDES FRANCE PLACE",47.47232,-0.54609
201500027547,9,7,15,19,1,49,353,2,1,1,3,"85, JEAN JAURES RUE",47.45573,-0.52423
201500027548,13,7,15,0,3,49,7,2,4,1,7,CORNE DE CERF,47.47472,-0.56357
201500027549,14,7,15,22,5,49,7,2,3,1,3,"108, PONTS DE CE",47.45199,-0.53808
201500027550,18,7,15,12,1,49,7,2,1,1,2,"25, BOISNET RUE",47.47448,-0.55198
201500027551,20,7,15,18,1,49,246,1,1,1,2,A87N,47.47841,-0.50101
201500027552,20,7,15,18,1,49,7,2,6,1,3,"0, RABELAIS",47.45846,-0.54512
201500027553,20,7,15,16,1,49,7,2,1,1,2,"20, RABELAIS",47.46327,-0.54808
201500027554,20,7,15,14,1,49,7,2,3,1,6,"22, BALLUE AVENUE ET IMP",47.47444,-0.59197
201500027555,21,7,15,15,1,49,7,1,2,1,7,"0, BESSONEAU",47.47132,-0.5469
201500027556,23,7,15,18,1,49,7,2,2,1,6,"0, MELGRANI IMPASSE ET R",47.47573,-0.59388
201500027557,26,7,15,13,1,49,7,2,2,2,3,"0, ESTIENNE D'ORVES BOUL",47.45457,-0.53302
201500027558,25,7,15,16,1,49,7,2,2,1,3,"0, BEAUSSIER BOULEVARD",47.47328,-0.59988
201500027559,26,7,15,10,1,49,7,2,6,2,6,"0, foucaudière",47.45789,-0.51476
201500027560,26,7,15,7,1,49,7,2,1,2,6,"0, MOULIN PONT ET PLACE",47.4907,-0.55232
201500027561,27,7,15,9,1,49,15,2,6,2,7,"0, ARDENNE ROND POINT",47.51246,-0.59788
201500027562,28,7,15,16,1,49,7,2,1,2,2,"0, BASSE CHAINE PONT",47.47013,-0.5626
201500027563,30,7,15,12,1,49,7,2,1,1,6,PASTEUR AVENUE,47.47467,-0.5361
201500027564,31,7,15,18,1,49,7,2,1,1,6,"0, CHALOUERE",47.48562,-0.53326
201500027565,3,8,15,9,1,49,7,1,1,1,6,GRAND LAUNAY,47.46731,-0.59727
201500027566,31,7,15,17,1,49,246,1,1,1,7,"0, BOUTTON AVENUE",47.43832,-0.50907
201500027567,3,8,15,17,1,49,353,2,2,1,3,"0, RECLUS",47.45177,-0.50785
201500027568,11,8,15,17,1,49,7,2,1,1,7,"03, FOCH BOULEVARD",47.46919,-0.54493
201500027569,11,8,15,21,5,49,7,2,2,1,3,"0, NEY PLACE",47.47862,-0.54453
201500027570,11,8,15,13,1,49,7,2,1,1,7,"12, ARENES",47.46796,-0.54905
201500027571,12,8,15,5,5,49,246,2,1,1,7,"15, DAVID D'ANGERS",47.4363,-0.53099
201500027572,13,8,15,18,1,49,7,2,2,1,3,RUE PALLACH,47.44768,-0.55775
201500027573,15,8,15,10,1,49,7,2,4,1,2,"0, ATLANTIQUE  AVENUE DE",47.46669,-0.5919
201500027574,18,8,15,18,1,49,7,2,3,1,3,"0, PAUL BERT",47.46649,-0.55306
201500027575,20,8,15,16,1,49,7,2,1,1,2,"142, LAREVELLIERE",47.47126,-0.52777
201500027576,22,8,15,9,1,49,7,2,1,1,7,"21, JAURES",47.45822,-0.52241
201500027577,23,8,15,17,1,49,7,2,2,1,3,"0, LARREY",47.47867,-0.55619
201500027578,21,8,15,12,1,49,15,2,2,1,3,"0, SCHWEITZER RUE ALBERT",47.50104,-0.58876
201500027579,24,8,15,11,1,49,7,2,1,1,5,"0, PONTS DE CE",47.44774,-0.53664
201500027580,24,8,15,14,1,49,7,2,2,1,3,"2, BEDIER BOULEVARD",47.45063,-0.55282
201500027581,27,8,15,10,1,49,7,2,6,1,6,"0, DE LATTRE DE TASSIGNY",47.44848,-0.55386
201500027582,28,8,15,10,1,49,7,2,3,1,7,"0, BIRGE BOULEVARD",47.47078,-0.51908
201500027583,31,8,15,15,1,49,7,2,2,1,6,"1, GASNIER AVENUE",47.4874,-0.57358
201500027584,1,9,15,13,1,49,7,2,1,1,6,"0, GRAND MONTREJEAU",47.46851,-0.52254
201500027585,31,8,15,18,1,49,7,1,1,1,5,"0, GRAND MONTREJEAU",47.46862,-0.52277
201500027586,29,8,15,10,1,49,7,2,1,1,6,"42, ARAGON AVENUE",47.48313,-0.57746
201500027587,2,9,15,9,1,49,246,1,1,1,3,"0, A87N",47.43083,-0.50644
201500027588,2,9,15,8,1,49,267,1,1,1,1,route de SARRIGNE,47.48737,-0.47161
201500027589,3,9,15,12,1,49,246,2,2,1,1,"26, CHESNAIE AVENUE",47.43666,-0.52664
201500027590,5,9,15,14,1,49,267,1,1,1,1,RD 116,47.48694,-0.47476
201500027591,4,9,15,9,1,49,7,2,6,1,3,"0, BON PASTEUR BOULEVARD",47.47026,-0.56914
201500027592,6,9,15,18,1,49,7,2,3,1,7,"0, CARNOT",47.47454,-0.54675
201500027593,7,9,15,9,1,49,7,2,1,1,6,"0, ACADEMIE PLACE",47.46789,-0.55927
201500027594,8,9,15,17,1,49,7,2,1,1,6,"0, FOCH BOULEVARD",47.46791,-0.55112
201500027595,13,9,15,4,5,49,7,2,1,1,5,"44, RECULEE PROMENADE",47.48615,-0.55046
201500027596,14,9,15,13,1,49,7,2,1,1,5,"26, NID DE  PIE",47.47101,-0.60456
201500027597,15,9,15,17,1,49,353,2,2,1,1,"0, PRINTEMPS ALLEE",47.44805,-0.50249
201500027598,15,9,15,12,1,49,7,2,2,1,6,"0, SALPINTE",47.44882,-0.55249
201500027599,15,9,15,13,1,49,7,2,1,1,1,"0, BEAUSSIER BOULEVARD",47.47285,-0.59979
201500027600,16,9,15,8,2,49,246,2,1,2,6,"0, GALLIENI AVENUE",47.43592,-0.51976
201500027601,16,9,15,11,1,49,7,2,1,3,1,"0, MOULIN BOULEVARD",47.49225,-0.55482
201500027602,17,9,15,17,2,49,246,1,1,3,4,"0, A87N",47.47427,-0.54648
201500027603,17,9,15,17,1,49,7,2,1,1,6,"0, BON PASTEUR BOULEVARD",47.47114,-0.56495
201500027604,17,9,15,7,3,49,7,2,2,1,6,"0, CARNOT",47.47427,-0.54648
201500027605,18,9,15,10,1,49,7,2,2,2,6,"0, HOCHE",47.46778,-0.55909
201500027606,21,9,15,18,1,49,7,2,1,1,6,"0, CARNOT",47.47449,-0.54679
201500027607,22,9,15,7,1,49,15,1,3,1,7,"0, MEIGNANNE ROUTE DE LA",47.49927,-0.61977
201500027608,24,9,15,7,5,49,15,2,1,1,7,"0, MENDES FRANCE AVENUE",47.50135,-0.58462
201500027609,24,9,15,7,2,49,246,2,1,1,1,"0, CHAUVIN AVENUE",47.43246,-0.53339
201500027610,25,9,15,12,1,49,7,2,2,1,3,"0, LARREY",47.47928,-0.55562
201500027611,25,9,15,15,1,49,7,2,1,1,2,"32, GAIN ( LOUIS)",47.46861,-0.53927
201500027612,28,9,15,17,1,49,7,2,1,1,4,"72, MONPLAISIR BOULEVARD",47.48843,-0.51793
201500027613,28,9,15,18,1,49,7,2,1,1,2,"77, PARMENTIER",47.45253,-0.51624
201500027614,29,9,15,23,5,49,7,2,2,1,3,"0, BRESSIGNY",47.46638,-0.54768
201500027615,28,9,15,11,1,49,246,2,6,1,6,"0, PORTE PERRIERE CHEMIN",47.4385,-0.50851
201500027616,29,9,15,16,1,49,7,2,1,1,1,"0, CLEMENCEAU BOULEVARD",47.47614,-0.56661
201500027617,28,9,15,19,1,49,7,2,2,1,6,"0, ROE",47.4735,-0.55403
201500027618,2,10,15,3,5,49,7,1,9,1,6,"0, VOIE DES BERGES",47.46997,-0.56244
201500027619,2,10,15,7,1,49,7,2,3,1,3,"0, BEAUSSIER BOULEVARD",47.47925,-0.59755
201500027620,2,10,15,15,1,49,7,2,1,1,3,"0, HANNELOUP",47.46813,-0.54687
201500027621,5,10,15,17,1,49,7,2,1,1,6,"0, BARANGE BOULEVARD",47.45558,-0.56989
201500027622,6,10,15,7,5,49,7,2,1,2,6,"200, GASNIER AVENUE",47.48911,-0.57485
201500027623,9,10,15,17,1,49,15,2,2,1,3,RUE DES CHENES,47.49872,-0.58447
201500027624,12,10,15,10,1,49,246,2,1,1,4,"21, MOULIN MARCILLE CHEM",47.4365,-0.50349
201500027625,12,10,15,12,1,49,7,2,1,1,3,"0, MONTAIGNE AVENUE",47.4722,-0.54087
201500027626,14,10,15,15,1,49,7,2,1,1,6,"32, ROI RENE BOULEVARD",47.46839,-0.55795
201500027627,14,10,15,16,1,49,7,2,1,1,6,"19, GAIN ( LOUIS)",47.46917,-0.54019
201500027628,14,10,15,15,1,49,353,2,9,1,6,"252, REPUBLIQUE AVENUE",47.45077,-0.50738
201500027629,15,10,15,17,1,49,7,2,3,1,3,"19, DIDEROT IMPASSE",47.46704,-0.53293
201500027630,17,10,15,15,1,49,7,2,2,1,3,"0, BESNADIERE",47.47937,-0.54463
201500027631,17,10,15,17,1,49,7,2,3,1,3,MONPROFIT PLACE,47.4743,-0.56789
201500027632,17,10,15,9,1,49,7,2,1,1,6,RUE LEKEU,47.47156,-0.52279
201500027633,20,10,15,22,4,49,7,2,3,1,3,BLANCHERAIE AVENUE,47.46706,-0.56101
201500027634,21,10,15,10,1,49,7,2,5,1,6,MONPROFIT PLACE,47.47437,-0.56715
201500027635,22,10,15,20,5,49,7,2,3,1,3,AYRAULT,47.4773,-0.55329
201500027636,23,10,15,23,5,49,7,1,2,1,3,LAMORICIERE AVENUE,47.47827,-0.53448
201500027637,22,10,15,19,5,49,7,2,3,1,5,Rue QUINET,47.45983,-0.54236
201500027638,23,10,15,17,1,49,7,2,2,1,3,PATTON AVENUE,47.47318,-0.59982
201500027639,24,10,15,21,5,49,7,2,1,1,2,ESTIENNE D'ORVES BOULEVA,47.45554,-0.52999
201500027640,27,10,15,17,1,49,7,2,1,1,6,JEANNE D'ARC AVENUE,47.46825,-0.5401
201500027641,27,10,15,12,1,49,7,2,9,1,6,MANDEL,47.4703,-0.60185
201500027642,25,10,15,7,1,49,246,1,1,1,6,"00, A87N",47.42703,-0.50434
201500027643,28,10,15,18,5,49,7,2,2,1,3,ARAGO BOULEVARD,47.47854,-0.55622
201500027644,3,11,15,17,2,49,267,1,1,2,4,"0, RD 347",47.4725,-0.49725
201500027645,3,11,15,17,1,49,7,1,1,1,2,ATLANTIQUE  AVENUE DE,47.47296,-0.61677
201500027646,3,11,15,9,1,49,7,2,2,1,3,CARNOT,47.47453,-0.54682
201500027647,3,11,15,15,1,49,353,2,1,1,6,"28, JEAN JAURES RUE",47.44113,-0.49115
201500027648,4,11,15,7,2,49,15,1,1,1,7,VIOLETTE AVENUE DE LA,47.5053,-0.57752
201500027649,4,11,15,10,1,49,7,2,9,1,6,"0, LAC DE MAINE AVENUE",47.4684,-0.58908
201500027650,4,11,15,10,1,49,7,2,1,1,6,"0, BARANGE BOULEVARD",47.45485,-0.56846
201500027651,5,11,15,21,5,49,7,2,2,1,6,BEDIER BOULEVARD,47.45259,-0.54057
201500027652,6,11,15,7,1,49,267,2,1,2,3,"01, CHAMPFLEUR",47.47837,-0.50546
201500027653,6,11,15,11,1,49,7,2,1,1,7,LAC DE MAINE AVENUE,47.46638,-0.59208
201500027654,6,11,15,19,5,49,246,2,3,1,3,JEMMAPES QUAI,47.41971,-0.52349
201500027655,6,11,15,15,1,49,353,2,6,1,7,Bd Jean Pena,47.43904,-0.48666
201500027656,7,11,15,17,1,49,267,2,1,1,3,BRETONNIERES BOULEVARD,47.47777,-0.50981
201500027657,9,11,15,14,1,49,7,2,2,1,2,GASNIER AVENUE,47.48743,-0.57354
201500027658,12,11,15,12,1,49,7,1,1,1,3,RD 323,47.48219,-0.54995
201500027659,16,11,15,11,1,49,7,2,2,1,3,BASSE CHAINE PONT,47.47047,-0.56342
201500027660,14,11,15,14,1,49,7,2,2,1,3,"78, MONTAIGNE AVENUE",47.46897,-0.53248
201500027661,14,11,15,11,1,49,7,2,2,1,3,"0, PATTON AVENUE",47.47358,-0.58122
201500027662,13,11,15,14,1,49,7,1,2,1,2,"07, CHATEAU D'ORGEMONT R",47.4546,-0.54783
201500027663,17,11,15,12,1,49,7,2,2,2,1,BD AYRAULT,47.47725,-0.55332
201500027664,13,11,15,8,2,49,15,1,1,1,7,,47.50208,-0.59711
201500027665,15,11,15,5,3,49,353,1,1,1,7,"0, ANDARD ROUTE",47.44619,-0.45615
201500027666,13,11,15,8,2,49,7,2,1,1,6,"0, BARANGE BOULEVARD",47.45529,-0.5698
201500027667,17,11,15,19,5,49,7,2,4,2,6,BEDIER BOULEVARD,47.45093,-0.54949
201500027668,18,11,15,13,1,49,7,2,4,2,7,"26, MONTAIGNE AVENUE",47.4714,-0.53827
201500027669,18,11,15,13,1,49,7,1,1,2,7,VOIE DES BERGES,47.48758,-0.54671
201500027670,18,11,15,15,1,49,7,2,3,2,3,TALOT,47.4674,-0.55577
201500027671,19,11,15,12,1,49,7,2,1,1,6,ALLONNEAU(AUGUSTE) Bd,47.4824,-0.52673
201500027672,20,11,15,9,1,49,7,2,6,3,3,RABELAIS,47.4581,-0.54456
201500027673,20,11,15,19,5,49,7,2,1,2,2,VOIE DES BERGES,47.47325,-0.5568
201500027674,22,11,15,15,1,49,7,2,1,1,6,PLAC CHAPEAU DE GENDARME,47.45108,-0.55571
201500027675,21,11,15,19,5,49,7,2,1,1,6,3 rue ENGUEHARD,47.46236,-0.61577
201500027676,23,11,15,19,5,49,7,2,1,1,2,"1, CUSSONEAU",47.46946,-0.53181
201500027677,24,11,15,12,1,49,7,2,2,2,6,"0, TARDAT",47.45027,-0.55281
201500027678,25,11,15,14,1,49,15,2,2,1,3,"0, ETANG ROUTE",47.50724,-0.60771
201500027679,25,11,15,16,1,49,15,2,1,1,7,POMPIDOU AVENUE GEORGES,47.49302,-0.59155
201500027680,25,11,15,19,3,49,267,1,1,1,7,BD de la CHANTERIE,47.4848,-0.48976
201500027681,26,11,15,17,2,49,7,2,1,1,3,"0, BESSONEAU",47.47132,-0.54691
201500027682,26,11,15,15,1,49,7,2,3,1,3,TALET AVENUE,47.4752,-0.54852
201500027683,25,11,15,16,1,49,7,2,1,1,7,"0, PAUL BERT",47.46581,-0.55197
201500027684,28,11,15,18,4,49,7,2,1,1,2,ROI DE POLOGNE QUAI,47.46895,-0.56403
201500027685,28,11,15,11,1,49,7,1,1,1,6,"0, VOIE DES BERGES",47.4893,-0.54505
201500027686,27,11,15,18,2,49,246,1,1,2,2,A87N,47.43786,-0.51022
201500027687,30,11,15,9,1,49,7,2,1,1,2,BD CARNOT,47.47531,-0.54851
201500027688,29,11,15,14,1,49,7,2,3,8,6,"17, LISE",47.47259,-0.54265
201500027689,30,11,15,7,2,49,267,1,1,1,7,A87N,47.47099,-0.51048
201500027690,27,11,15,19,5,49,7,1,6,1,7,ARAGON AVENUE,47.47035,-0.5693
201500027691,2,12,15,11,1,49,7,2,2,1,3,BRISSET SQUARE,47.47458,-0.58511
201500027692,4,12,15,13,1,49,7,2,2,1,6,MILLOT BOULEVARD JACQUES,47.45759,-0.53312
201500027693,3,12,15,9,1,49,7,2,1,1,3,37 BD JEAN  MOULIN,47.49223,-0.55433
201500027694,4,12,15,20,1,49,7,2,3,1,3,"1, ROI RENE BOULEVARD",47.46688,-0.55433
201500027695,6,12,15,19,1,49,7,2,1,1,1,"103, SAINT MICHEL BOULEV",47.47355,-0.54097
201500027696,6,12,15,12,1,49,7,2,1,1,7,RUE CHAUSSEE ST PIERRE,47.47083,-0.55298
201500027697,5,12,15,11,1,49,7,2,1,1,6,"1, TURPIN DE CRISSE AVEN",47.46477,-0.55414
201500027698,4,12,15,15,1,49,15,2,1,1,3,LANGEVIN RUE PAUL,47.51806,-0.61059
201500027699,5,12,15,10,1,49,7,2,3,1,6,LAITERIE IMPASSE ET PLAC,47.47524,-0.56257
201500027700,7,12,15,16,1,49,267,2,1,1,7,ROMANERIE BOULEVARD,47.48255,-0.50171
201500027701,8,12,15,12,1,49,7,2,2,1,3,58 RUE QUINCONCE,47.46813,-0.54159
201500027702,11,12,15,13,1,49,15,2,1,1,6,AV du 11 NOVEMBRE 1918,47.50681,-0.59364
201500027703,12,12,15,15,1,49,7,2,6,1,3,"0, GRAND MONTREJEAU",47.46861,-0.52758
201500027704,14,12,15,19,5,49,7,2,9,1,3,"0, VIGNE PLACE ET RUE",47.47552,-0.58603
201500027705,15,12,15,7,3,49,15,2,1,1,7,La PLESSE,47.49767,-0.62073
201500027706,16,12,15,13,1,49,7,2,3,1,6,Rue du chateau ORGEMONT,47.44952,-0.54434
201500027707,16,12,15,19,5,49,246,2,1,1,6,"0, MAISONS ROUGES CHEMIN",47.43529,-0.51324
201500027708,16,12,15,13,1,49,7,2,2,2,3,"81, LETANDUERE",47.45706,-0.55398
201500027709,17,12,15,9,1,49,7,2,3,1,3,"0, ECCE HOMO BOULEVARD",47.46424,-0.56484
201500027710,18,12,15,18,2,49,7,2,1,1,2,RD 323,47.47553,-0.55513
201500027711,21,12,15,19,5,49,7,2,2,1,3,ROMANERIE BOULEVARD,47.48633,-0.5142
201500027712,22,12,15,15,1,49,7,2,1,1,4,"00, MONTAIGNE AVENUE",47.46834,-0.53064
201500027713,23,12,15,14,1,49,7,2,1,1,3,BICHON PLACE,47.47875,-0.56505
201500027714,27,12,15,20,5,49,7,2,2,1,3,PONTS DE CE,47.44862,-0.53672
201500027715,27,12,15,5,4,49,7,2,1,1,7,"5, JEANNE D'ARC AVENUE",47.46992,-0.54409
201500027716,26,12,15,19,5,49,7,2,1,1,6,"11, BRIOLLAY ROUTE",47.48687,-0.53255
201500027717,25,12,15,0,5,49,7,2,1,1,1,VOLNEY,47.46233,-0.54279
201500027718,24,12,15,19,5,49,353,2,1,1,1,"256, REPUBLIQUE AVENUE",47.45077,-0.50734
201500027719,29,12,15,7,2,49,15,2,6,1,7,MENDES FRANCE AVENUE,47.50201,-0.58509
201500027720,16,1,15,7,5,49,99,2,3,1,3,ARC (BD JEANNE D'),47.06434,-0.86783
201500027721,3,10,15,17,1,49,99,2,1,1,6,MOINIE(BOULEVARD DE LA ),47.05606,-0.90231
201500027722,23,2,15,7,1,49,99,2,1,8,6,COUTELIERS (RUE DES),47.0495,-0.90323
201500027723,19,1,15,12,1,49,99,2,1,1,6,"31, CARNOT (RUE SADI)",47.0613,-0.87062
201500027724,7,11,15,13,1,49,99,2,2,1,3,PEPINIERE (RUE DE LA),47.06078,-0.86535
201500027725,22,5,15,19,1,49,99,1,2,1,3,CHENE ROND (AVENUE DU),47.04205,-0.8851
201500027726,19,1,15,18,5,49,99,2,2,1,3,LORRAINE (RUE DE),47.05878,-0.86621
201500027727,7,11,15,11,1,49,99,2,2,1,6,RAMBOURG (RUE DE),47.06734,-0.88501
201500027728,26,2,15,23,5,49,99,2,6,2,6,NATIONALE (RUE),47.00242,-0.89087
201500027729,21,1,15,17,2,49,99,2,1,1,6,rue servan,47.06408,-0.90047
201500027730,22,11,15,15,1,49,99,1,1,1,1,SAINT ANTOINE (RUE DE ),47.04999,-0.90734
201500027731,4,3,15,6,3,49,99,2,6,1,3,SABLES (AVENUE DES ),47.04217,-0.89872
201500027732,22,12,15,17,5,49,99,2,1,1,2,NAPOLEON BONAPARTE (AVEN,47.04787,-0.89337
201500027733,23,1,15,16,1,49,99,2,1,8,6,"8, DARMAILLACQ (RUE ALPH",47.06239,-0.87585
201500027734,11,3,15,11,1,49,99,2,1,1,3,"119, PASTEUR (RUE LOUIS)",47.0674,-0.89592
201500027735,31,1,15,6,5,49,99,2,1,1,6,TOURS (RUE DE),47.07234,-0.85396
201500027736,19,3,15,10,1,49,99,2,1,1,6,BOCAGE (RUE DU),47.05316,-0.8649
201500027737,3,12,15,7,5,49,99,2,1,1,6,"134, GIRARDIERE (RUE DE",47.04066,-0.90172
201500027738,20,3,15,16,1,49,99,2,6,2,6,DELHUMEAU PLESSIS (BD),47.05571,-0.8763
201500027739,9,12,15,8,2,49,99,2,2,1,6,MINEE(BOULEVARD DE LA),47.05236,-0.86927
201500027740,11,12,15,14,1,49,99,2,2,8,6,MINEE(BOULEVARD DE LA),47.05244,-0.86929
201500027741,30,3,15,21,5,49,99,1,1,1,3,GODINIERE (BOULEVARD DE,47.07088,-0.90166
201500027742,14,12,15,7,5,49,99,2,3,1,3,VICTOIRE (BOULEVARD DE L,47.05948,-0.87404
201500027743,17,4,15,15,1,49,99,2,1,1,6,"2, RICHARDIERE (AVENUE D",47.04412,-0.88136
201500027744,30,12,15,8,5,49,99,2,1,1,6,"19, CARNOT (RUE SADI)",47.06106,-0.87142
201500027745,27,4,15,12,1,49,99,2,2,1,3,GIRARDIERE (RUE DE LA),47.04419,-0.89948
201500027746,30,4,15,18,1,49,99,2,3,2,3,"25, MILLIASSEAU(RUE DU C",47.05122,-0.85508
201500027747,10,4,15,12,1,49,99,2,1,1,2,COUBERTIN (BOULEVARD PIE,47.04822,-0.87434
201500027748,25,6,15,22,3,49,99,1,1,1,6,BOIS LAVAU (BOULEVARD DE,47.07474,-0.88091
201500027749,14,4,15,12,1,49,99,2,2,1,3,PARADIS (RUE DU),47.06123,-0.87311
201500027750,7,7,15,20,1,49,99,1,1,1,6,"256, PONEYS (RUE DES)",47.02723,-0.85308
201500027751,3,4,15,13,1,49,99,2,3,2,6,TRAVOT (PLACE ),47.0619,-0.87968
201500027752,20,4,15,18,1,49,99,1,1,7,1,MAULEVRIER(RUE DE ),47.04952,-0.83698
201500027753,5,4,15,13,1,49,99,2,1,1,6,CHARCOT (RUE JEAN-BAPTIS,47.05473,-0.86577
201500027754,11,4,15,10,1,49,99,2,1,1,6,MAUDET(AVENUE),47.05697,-0.87957
201500027755,19,4,15,1,5,49,99,2,6,1,1,CARNOT (RUE SADI),47.06305,-0.86595
201500027756,24,4,15,20,1,49,99,2,3,8,3,TOURS (RUE DE),47.07245,-0.85572
201500027757,30,4,15,14,1,49,99,2,3,2,6,SOIXANTE DIX SEPTEME R.I,47.06566,-0.87074
201500027758,30,4,15,21,5,49,99,2,2,2,5,MARNE (AVENUE DE LA),47.05,-0.89102
201500027759,13,5,15,14,1,49,99,2,1,1,6,"5, HERAULT (BOULEVARD)",47.06828,-0.88036
201500027760,22,5,15,10,1,49,99,2,2,1,6,MONDEMENT(RUE DE),47.06404,-0.88013
201500027761,22,5,15,18,1,49,99,1,1,1,1,VC 6,47.0775,-0.85708
201500027762,13,5,15,15,1,49,99,2,6,1,2,BICENTENAIRE DE 1793 (PL,47.05507,-0.8598
201500027763,12,6,15,23,5,49,99,2,3,1,3,SOIXANTE DIX SEPTEME R.I,47.06556,-0.87075
201500027764,17,6,15,16,1,49,99,2,1,7,3,PAGANNES (RUE DES),47.07385,-0.84749
201500027765,22,6,15,18,1,49,99,2,3,1,6,RICHARD (BD GUSTAVE),47.06222,-0.88059
201500027766,23,6,15,11,1,49,99,2,2,1,3,RICHELIEU (BOULEVARD DE),47.04437,-0.88136
201500027767,24,6,15,18,1,49,99,2,6,1,3,RD 158,47.0683,-0.90509
201500027768,24,6,15,18,1,49,99,2,1,1,2,LORRAINE (RUE DE),47.0561,-0.86085
201500027769,6,7,15,18,1,49,99,2,1,1,1,EIFFEL (RUE GUSTAVE),47.06368,-0.85185
201500027770,10,7,15,15,1,49,99,2,1,1,2,"48, HERAULT (BOULEVARD)",47.07076,-0.87854
201500027771,5,9,15,20,1,49,99,2,1,1,4,TOURAINE (BOULEVARD DE),47.0734,-0.86539
201500027772,12,9,15,17,1,49,99,2,1,1,6,"2BIS, KLEBER (RUE JEAN-B",47.06188,-0.88551
201500027773,15,9,15,17,1,49,99,2,1,1,6,"26, CALINS (AVENUE DES)",47.06069,-0.87206
201500027774,15,9,15,22,5,49,99,2,6,2,6,MARENGO (RUE DE),47.04256,-0.89962
201500027775,30,9,15,9,1,49,99,1,1,1,6,VC7 - rue de la vallière,47.0764,-0.84873
201500027776,21,10,15,7,3,49,99,1,1,1,2,RN 249,47.03132,-0.89616
201500027777,23,10,15,21,5,49,99,2,1,1,7,"65, Bd DELHUMEAU PLESSIS",47.05454,-0.87575
201500027778,27,10,15,17,2,49,99,2,1,8,2,"1, JUIN (BD DU MARECHAL)",47.04402,-0.89033
201500027779,28,10,15,15,1,49,99,2,3,1,1,RICHELIEU (BOULEVARD DE),47.04437,-0.88137