Num_Acc,jour,mois,an,hr,condition_eclairage,departement,commune,condition_agglomeration,intersection,condition_atmosphere,type_collision,adresse,lattitude,longitude
201500027780,28,10,15,17,1,49,99,2,1,1,3,SABLES (AVENUE DES ),47.04454,-0.89693
201500027781,4,11,15,19,5,49,99,2,1,1,2,"75, CHOUTEAU (BOULEVARD",47.06701,-0.89074
201500027782,5,11,15,19,5,49,99,1,1,2,6,RICHARD (BOULEVARD GUSTA,47.06224,-0.88058
201500027783,7,11,15,6,2,49,99,2,1,1,6,BODIN (RUE JEAN),47.05549,-0.85191
201500027784,20,2,15,0,5,49,328,2,3,1,3,ECLUSE (RUE DE L'),47.264,-0.10022
201500027785,12,3,15,13,1,49,328,2,6,1,3,COMMENTRY (AV André),47.25308,-0.0804
201500027786,17,3,15,11,1,49,328,1,1,1,5,D347,47.26751,-0.09023
201500027787,17,4,15,15,1,49,328,1,1,1,3,TUNNEL (RUE DU),47.2429,-0.06908
201500027788,2,5,15,15,1,49,328,2,3,3,3,NOIRETTES (RUE DES),47.24816,-0.11168
201500027789,11,5,15,16,1,49,328,1,1,1,2,ANGERS (ROUTE D'),47.28444,-0.09673
201500027790,13,5,15,17,1,49,328,2,1,1,6,"14, MAYAUD (QUAI)",47.25598,-0.06733
201500027791,21,5,15,8,1,49,328,2,6,1,6,"sans, TOURS (ROUTE DE)",47.2672,-0.06974
201500027792,24,5,15,12,1,49,328,2,1,1,2,"24, POMPIDOU (AVENUE GEO",47.26471,-0.09831
201500027793,9,6,15,12,1,49,328,2,1,1,6,"8, ROUEN (RUE DE)",47.26795,-0.06893
201500027794,20,6,15,16,1,49,328,2,2,1,5,GRANGE COURONNE (R,47.27336,-0.06936
201500027795,2,7,15,15,1,49,328,1,1,1,1,ROCADE D 347,47.25617,-0.09864
201500027796,5,7,15,2,3,49,328,2,1,1,1,JAGUENEAU (QUAI DU,47.25055,-0.0547
201500027797,10,7,15,20,1,49,328,2,1,1,6,"59, PALUSTRE (RUE LEOPOL",47.27484,-0.11095
201500027798,11,7,15,20,1,49,328,2,1,1,6,MOUTON (RUE DU),47.2518,-0.07828
201500027799,27,7,15,15,1,49,328,2,9,1,6,FONTEVRAUD (ROUTE DE),47.24442,-0.06901
201500027800,29,7,15,21,1,49,328,2,6,1,6,"sans, MARECHAUX (RUE DES",47.26282,-0.09024
201500027801,16,8,15,4,5,49,328,2,1,1,7,"656, FRICOTELLE (RUE)",47.24666,-0.07588
201500027802,20,8,15,17,1,49,328,1,1,1,5,ROCADE D 347,47.26319,-0.09526
201500027803,22,8,15,7,1,49,328,2,1,1,3,ANGERS (ROUTE D'),47.26733,-0.07001
201500027804,25,8,15,12,1,49,328,2,1,1,1,VENDANGES (RUE DES),47.24756,-0.06787
201500027805,27,8,15,11,1,49,328,2,1,2,6,GAUTHIER (QUAI LUC),47.25951,-0.07319
201500027806,11,9,15,16,1,49,328,2,1,1,3,DE GAULLE (AVENUE DU GEN,47.26468,-0.07265
201500027807,26,9,15,19,1,49,328,2,1,1,6,"sans, DACIER (RUE)",47.25952,-0.07859
201500027808,4,11,15,12,1,49,328,2,1,1,6,GAUTHIER (QUAI LUCIEN),47.26085,-0.07582
201500027809,10,11,15,8,1,49,328,2,1,1,6,KLEBER (PLACE),47.26268,-0.07913
201500027810,16,11,15,7,2,49,328,2,1,1,6,POMPIDOU AVENUE GEORGES,47.26498,-0.09946
201500027811,20,11,15,7,5,49,328,2,6,2,6,MUSEE DU MOTEUR (RD-POIN,47.25206,-0.08742
201500027812,24,11,15,15,1,49,328,2,1,2,6,"71, DE GAULLE (AVENUE DU",47.26516,-0.07229
201500027813,7,12,15,14,1,49,328,1,3,1,1,MARNE (BOULEVARD DE LA),47.24244,-0.07946
201500027814,9,12,15,14,1,49,328,2,1,1,6,"44, PORTAIL LOUIS (RUE D",47.25844,-0.07879
201500027815,7,1,15,18,2,49,328,2,1,1,6,ROUEN (RUE DE),47.27117,-0.06527
201500027816,13,1,15,20,4,49,328,2,1,1,3,MAYAUD (QUAI),47.2578,-0.07048
201500027817,15,1,15,10,1,49,328,2,2,2,2,"50, PONT FOUCHARD (RUE D",47.24973,-0.08996
201500027818,27,1,15,16,1,49,328,1,1,1,5,RD347,47.2474,-0.10513
201500027819,29,1,15,12,1,49,328,1,1,2,1,ROCADE D 347,47.26196,-0.09606
201500027820,26,1,15,6,3,49,328,1,3,1,5,ANGERS (ROUTE D') D 952,47.27472,-0.08158
201500027821,16,2,15,15,1,50,129,2,1,2,7,AVENUE DE PARIS,49.6321,-1.61761
201500027822,19,2,15,14,1,50,129,2,6,1,6,AVENUE JF MILLLET,49.6341,-1.6144
201500027823,21,2,15,14,1,50,129,2,3,1,2,RUE BECQUEREL,49.6281,-1.63928
201500027824,26,2,15,17,1,50,602,2,2,1,1,RUE MEDERIC/R A BRIAND,49.6422,-1.58831
201500027825,26,2,15,19,4,50,129,2,3,1,3,AV NORMANDIE/PLYMOUTH,49.6307,-1.62299
201500027826,28,2,15,23,5,50,129,2,2,3,3,MAL TASSIGNY/ R GUYNEMER,49.636,-1.60461
201500027827,1,3,15,16,1,50,602,2,2,1,1,AV NORTHEIM/R CAPLAIN,49.6443,-1.58157
201500027828,2,3,15,15,1,50,129,2,3,1,2,BD M FRANCE/R SIMON,49.6349,-1.627
201500027829,4,3,15,13,1,50,416,2,3,1,7,R MESSENT/3 CORNIERES,49.6589,-1.71197
201500027830,7,3,15,13,1,50,129,2,2,1,3,R BECQUEREL/J CURIE,49.6291,-1.6411
201500027831,8,3,15,11,1,50,173,2,2,1,7,RUE MARCEL SEMBAT,49.6586,-1.69089
201500027832,9,3,15,14,1,50,129,2,3,1,7,AV BREMERHAVEN,49.6311,-1.60672
201500027833,10,3,15,13,1,50,129,2,2,1,3,BD ATLANTIQUE/R J MESLIN,49.6209,-1.64266
201500027834,13,3,15,4,5,50,129,2,1,1,2,BD G LE CONQUERANT,49.641,-1.63686
201500027835,13,3,15,21,5,50,129,2,3,1,7,RUE DE L'ABBAYE,49.6466,-1.6431
201500027836,11,3,15,14,1,50,173,2,2,1,7,R GAL LECLERC/J D'ARC,49.6474,-1.65097
201500027837,18,3,15,8,1,50,203,2,1,1,7,RUE LEON BLUM,49.6244,-1.58675
201500027838,23,3,15,15,1,50,129,2,3,1,4,BD DE LA SALINE/ 3 HANGA,49.6476,-1.64328
201500027839,25,3,15,18,1,50,602,2,6,1,3,RD POINT JEAN MOULIN,49.6353,-1.59191
201500027840,26,3,15,16,1,50,129,2,1,1,2,AVENUE DE PARIS,49.6298,-1.61804
201500027841,28,3,15,14,1,50,129,2,1,2,7,PONT TOURNANT,49.6392,-1.6206
201500027842,29,3,15,16,1,50,129,2,1,1,7,RUE GUILLAUME FOUACE,49.6386,-1.62974
201500027843,31,3,15,19,1,50,602,2,1,1,1,RUE GAMBETTA,49.6424,-1.58434
201500027844,30,3,15,8,1,50,602,2,1,1,1,R BROSSOLETTE,49.6329,-1.59153
201500027845,3,1,15,13,1,50,173,2,1,1,7,BD DE LA SALINE,49.6577,-1.66742
201500027846,30,3,15,9,1,50,129,2,1,1,1,RUE DE L'ABBAYE,49.6455,-1.63734
201500027847,30,3,15,22,5,50,129,2,1,2,7,RUE BECQUEREL,49.6269,-1.63743
201500027848,1,4,15,15,1,50,129,2,1,1,2,RUE DE L'ANCIEN QUAI,49.6374,-1.62435
201500027849,5,4,15,4,5,50,602,2,1,1,7,,49.6407,-1.57289
201500027850,4,4,15,16,1,50,602,2,1,1,2,RUE DE LA MOIGNERIE,49.6443,-1.58906
201500027851,8,4,15,18,1,50,602,2,2,1,3,RUE DES CHAUDIERES,49.6375,-1.56866
201500027852,15,4,15,13,1,50,602,2,3,1,2,RUE DES ARTISANS,49.636,-1.59061
201500027853,7,4,15,15,1,50,129,2,2,1,4,AVENUE JF MILLET,49.6334,-1.61737
201500027854,20,4,15,13,1,50,129,2,1,1,6,BOULEVARD DE L'ATLANTIQU,49.6266,-1.63676
201500027855,21,4,15,14,1,50,129,2,1,1,6,BD GUILLAUME LE CONQUERA,49.6374,-1.63352
201500027856,21,4,15,18,1,50,416,2,1,1,6,AVENUE D'ALLMENDINGEN,49.6569,-1.70498
201500027857,28,4,15,15,1,50,129,2,1,1,7,PARKING DE LA TRINITE,49.6426,-1.62422
201500027858,28,4,15,16,1,50,129,2,1,1,7,RUE DES TANNERIES,49.6334,-1.62278
201500027859,29,4,15,13,1,50,416,2,1,2,7,BOULEVARD DE LA HAGUE,49.6676,-1.69867
201500027860,2,5,15,16,1,50,602,2,2,2,7,RUE JEAN BOUIN,49.6311,-1.58586
201500027861,2,5,15,19,1,50,129,2,1,2,2,RUE FRANCOIS LAVIEILLE,49.6413,-1.62578
201500027862,6,5,15,8,1,50,129,2,3,7,7,,49.6381,-1.62398
201500027863,6,5,15,17,1,50,129,2,3,1,5,AV NORMANDIE/R BASSIGNY,49.6268,-1.62662
201500027864,8,5,15,12,1,50,129,2,3,1,7,AV DELAVILLE/LOUIS XVI,49.6357,-1.62282
201500027865,6,5,15,15,1,50,602,2,1,6,6,RUE DE VERDUN,49.6372,-1.5636
201500027866,12,5,15,18,1,50,129,2,1,1,4,AVENUE JF MILLET,49.6334,-1.61681
201500027867,15,5,15,19,1,50,129,2,3,1,7,R DU VIEUX PONT/CH PEGUY,49.6347,-1.62355
201500027868,15,5,15,14,1,50,129,2,3,1,2,AV PLYMOUTH/R COLMAR,49.6311,-1.6224
201500027869,19,5,15,8,1,50,173,2,3,1,3,AV J PREVERT/DES COUPLET,49.6527,-1.66069
201500027870,19,5,15,17,1,50,173,2,6,1,2,RD POINT LA CAPEL,49.6575,-1.66865
201500027871,20,5,15,18,1,50,602,2,3,1,2,BD DE L'EST/R GRAND PRE,49.6364,-1.5962
201500027872,19,5,15,13,1,50,129,2,1,1,4,RUE GAMBETTA,49.6467,-1.64369
201500027873,20,5,15,14,1,50,129,2,2,1,3,AV CARNOT/R A BRIAND,49.6389,-1.61645
201500027874,22,5,15,8,1,50,602,2,3,1,2,BD DE L'EST/R GRAND PRE,49.6364,-1.59609
201500027875,22,5,15,9,1,50,129,2,1,1,7,BOULEVARD DE LA SALINE,49.647,-1.64305
201500027876,24,5,15,15,1,50,129,2,1,1,7,RUE DES FOURCHES,49.6426,-1.64451
201500027877,25,5,15,15,1,50,129,2,1,1,1,AV JEAN FRANCOIS MILLET,49.6334,-1.61746
201500027878,27,5,15,12,1,50,203,1,1,1,7,,49.6125,-1.56278
201500027879,27,5,15,17,1,50,602,2,6,1,3,RD POINT DE PENESME,49.6358,-1.57608
201500027880,31,5,15,3,5,50,129,2,1,1,6,RUE DE L'HERMITAGE,49.635,-1.6149
201500027881,30,5,15,18,1,50,203,2,1,1,6,RUE DES HAUTS VENTS,49.6188,-1.60673
201500027882,1,6,15,12,1,50,129,2,1,1,2,CH DES GRANDS RAGODINS,49.6133,-1.65033
201500027883,2,6,15,16,1,50,129,2,1,1,7,RUE DE L'ABBAYE,49.6451,-1.63655
201500027884,5,6,15,8,1,50,129,2,2,1,7,BD ATLANTIQUE/AV DE NORM,49.6269,-1.63676
201500027885,5,6,15,13,1,50,602,2,2,1,3,R GAMBETTA/AV NORTHEIM,49.6416,-1.58025
201500027886,9,6,15,13,1,50,602,2,6,1,3,BD DE L'EST/R J MOULIN,49.6355,-1.56667
201500027887,12,6,15,10,1,50,173,2,3,8,2,BD DE LA SALINE/DES 3 HA,49.6487,-1.644
201500027888,12,6,15,19,1,50,203,2,1,1,7,RUE LUCET,49.6233,-1.61269
201500027889,15,6,15,17,1,50,129,2,2,1,3,BD ATLANTIQUE/BECQUEREL,49.6269,-1.63676
201500027890,21,6,15,3,4,50,173,1,1,1,7,,49.6456,-1.69339
201500027891,22,6,15,14,1,50,173,2,2,3,6,BD DE LA SALINE/R VAUBAN,49.6539,-1.64908
201500027892,15,6,15,8,1,50,602,2,1,1,3,RUE DU GNAL DE GAULLE,49.6387,-1.56406
201500027893,26,6,15,18,1,50,129,2,1,1,2,QUAI DE CALIGNY,49.6404,-1.62157
201500027894,2,7,15,9,1,50,129,2,2,2,7,AV PLYMOUTH/BD ATLANTIQU,49.6323,-1.62376
201500027895,3,7,15,5,2,50,602,2,1,1,7,RUE PIERRE BROSSOLETTE,49.6323,-1.58991
201500027896,5,7,15,6,2,50,129,2,2,3,1,BD ATLANTIQUE/BECQUEREL,49.6269,-1.63676
201500027897,5,7,15,14,1,50,203,1,1,1,7,RUE MOULIN DE LA BANQUE,49.5955,-1.57912
201500027898,7,7,15,16,1,50,129,2,1,1,7,RUE DES VOSGES,49.6287,-1.62032
201500027899,7,7,15,10,1,50,129,2,6,1,3,ROND POINT DE THEMIS,49.6346,-1.61321
201500027900,10,7,15,11,1,50,602,2,1,1,7,,49.6525,-1.56759
201500027901,11,7,15,9,1,50,203,1,1,1,1,VALLEE DE QUINCAMPOIX,49.6155,-1.64026
201500027902,12,7,15,10,1,50,173,1,2,2,3,AV THIVET/ RUE TOT NEUF,49.6357,-1.66571
201500027903,6,1,15,13,1,50,602,2,1,1,7,RUE CHASSE AUX LOUPS,49.6386,-1.59085
201500027904,13,7,15,7,1,50,602,2,1,2,7,BOULEVARD MARITIME,49.6435,-1.60258
201500027905,16,7,15,17,1,50,129,2,1,1,7,QUAI DE CALIGNY,49.6399,-1.62152
201500027906,17,7,15,12,1,50,416,1,1,2,7,,49.6481,-1.72161
201500027907,19,7,15,19,1,50,173,2,1,2,2,BD DE LA SALINE,49.6514,-1.64664
201500027908,20,7,15,7,1,50,602,2,2,2,7,RUE A LEMARESQUIER,49.6459,-1.58325
201500027909,21,7,15,18,1,50,173,2,1,1,7,RUE DE LA PAIX,49.6485,-1.64933
201500027910,19,7,15,20,1,50,602,1,1,2,7,,49.6277,-1.58196
201500027911,23,7,15,17,1,50,129,2,2,1,1,BD ATLANTIQUE/TANNERIES,49.6327,-1.62344
201500027912,25,7,15,16,1,50,203,1,1,1,1,,49.6125,-1.5627
201500027913,31,7,15,21,1,50,203,1,1,1,7,,49.6047,-1.59439
201500027914,6,8,15,23,5,50,129,2,1,1,7,QUAI DE L'ENTREPOT,49.6338,-1.62031
201500027915,7,8,15,19,1,50,129,2,1,1,7,RUE DE L'ABBAYE,49.6457,-1.63918
201500027916,11,8,15,6,1,50,203,2,3,2,2,LES R TERRES/CURIE,49.6093,-1.60027
201500027917,13,8,15,16,1,50,129,2,3,1,1,R BARBEY A./R BRANLY,49.6303,-1.64555
201500027918,13,8,15,18,1,50,129,2,3,2,2,AV BREMERHAVEN/FEVRES,49.6313,-1.60762
201500027919,18,8,15,17,1,50,129,2,2,1,3,R BECQUEREL/SALENGRO,49.6291,-1.6411
201500027920,22,8,15,20,1,50,602,2,1,2,6,BOULEVARD MARITIME,49.6434,-1.60275
201500027921,22,8,15,17,1,50,602,2,6,2,2,RD POINT DE PENESME,49.6358,-1.57607
201500027922,24,8,15,2,5,50,129,2,1,6,7,RUE LOUIS LANSONNEUR,49.6255,-1.61717
201500027923,23,8,15,1,5,50,602,1,1,3,2,RUE JEAN GOUBERT,49.6485,-1.58562
201500027924,24,8,15,7,2,50,129,2,1,2,1,RUE EMMANUEL LIAIS,49.6403,-1.6284
201500027925,24,8,15,13,1,50,129,2,1,2,2,AVENUE DE PARIS,49.6271,-1.61756
201500027926,26,8,15,7,1,50,129,2,3,3,3,R R SALENGRO/V HUGO,49.6241,-1.64596
201500027927,29,8,15,15,1,50,129,2,1,1,2,AVENUE DE PARIS,49.6304,-1.61792
201500027928,31,8,15,9,1,50,203,2,1,2,7,RUE LEON BLUM,49.6241,-1.5865
201500027929,31,8,15,17,1,50,129,2,2,1,7,BD ATALNTIQUE/AV NORMAND,49.6269,-1.63676
201500027930,6,9,15,16,1,50,129,2,1,1,3,RUE VAL DE SAIRE,49.6386,-1.6125
201500027931,7,9,15,13,1,50,129,2,1,1,2,AVENUE DE PARIS,49.6298,-1.61805
201500027932,9,9,15,7,1,50,129,2,2,1,7,R DES FOURCHES/COUBERTIN,49.6434,-1.64427
201500027933,9,9,15,12,1,50,129,2,3,1,6,R DU MAUPAS/R COLIN,49.6327,-1.61185
201500027934,10,9,15,19,1,50,129,2,2,1,7,R VAL DE SAIRE/VAUTIER,49.6385,-1.60937
201500027935,11,9,15,11,1,50,602,2,2,1,2,R DES CITES/DES METIERS,49.6367,-1.58512
201500027936,9,1,15,8,1,50,416,2,1,2,7,RUE DES CLAIRES,49.6609,-1.69297
201500027937,13,9,15,16,1,50,129,2,2,1,7,AV CARNOT/R SALINE,49.6348,-1.61716
201500027938,14,9,15,14,1,50,129,2,6,3,3,ROND POINT DE THEMIS,49.6346,-1.61321
201500027939,14,9,15,8,1,50,129,2,3,3,2,AV PARIS/ R A. LEVEEL,49.6264,-1.61726
201500027940,18,9,15,7,2,50,129,2,2,1,7,R LOYSEL/DUCHE,49.6375,-1.63302
201500027941,18,9,15,8,1,50,173,2,2,6,7,R M. SEMBAT/AV BENECERE,49.6588,-1.68784
201500027942,20,9,15,5,5,50,129,2,1,1,7,QUAI DE CALIGNY,49.6419,-1.62146
201500027943,23,9,15,15,1,50,129,2,4,1,6,RUE EMMANUEL LIAIS,49.6387,-1.62813
201500027944,26,9,15,10,1,50,203,1,4,1,7,CH LOGE/CALLOUETTERIE,49.6164,-1.61757
201500027945,27,9,15,17,1,50,203,2,1,1,7,RUE DE BEL AIR,49.6112,-1.60789
201500027946,29,9,15,13,1,50,129,2,3,1,2,R E. LIAIS/A HOTEL DIEU,49.6405,-1.62839
201500027947,30,9,15,20,2,50,173,2,3,1,3,R HERCHES/DES CHARDONS,49.6439,-1.66538
201500027948,2,10,15,11,1,50,129,2,2,1,3,R ABBAYE/DES MACONS,49.6466,-1.6431
201500027949,9,10,15,7,5,50,129,2,2,1,3,R DES MACONS/R ABBAYE,49.6441,-1.63163
201500027950,11,10,15,18,1,50,602,2,1,1,1,R DE LA CHASSE AUX LOUPS,49.6386,-1.59105
201500027951,13,10,15,10,1,50,173,2,2,1,3,R FAURE/R PASTEUR,49.6432,-1.64696
201500027952,13,10,15,13,1,50,129,2,3,1,7,R B. MESLIN/R AU BLE,49.6408,-1.62386
201500027953,15,10,15,14,1,50,129,2,3,1,7,RUE EMMANUEL LIAIS,49.6406,-1.62832
201500027954,14,10,15,19,5,50,203,1,1,1,7,VALLEE DE QUINCAMPOIX,49.6193,-1.62992
201500027955,19,10,15,13,1,50,602,2,2,1,3,BD MANCHE/PIERRE GUEROUL,49.6419,-1.57363
201500027956,21,10,15,7,3,50,173,1,1,2,7,HAMEAU LES PLAINS,49.6419,-1.69916
201500027957,22,10,15,16,1,50,129,2,1,1,7,R DU MARECHAL LECLERC,49.6369,-1.63543
201500027958,23,10,15,13,1,50,129,2,2,1,7,BD SCHUMAN/R P. DOULMER,49.6364,-1.62573
201500027959,25,10,15,16,1,50,129,2,6,1,1,RD POINT DE THEMIS,49.6344,-1.61405
201500027960,26,10,15,12,1,50,203,2,1,1,7,RUE DU V. A. LEMONNIER,49.6189,-1.60969
201500027961,28,10,15,18,5,50,173,2,3,1,1,AV TOURVILLE/ A. FRANCE,49.6511,-1.65001
201500027962,11,1,15,15,1,50,129,2,2,1,7,CH AIGUILLONS/,49.6391,-1.6381
201500027963,29,10,15,21,5,50,129,2,1,1,7,AVENUE CESSART,49.6446,-1.63173
201500027964,12,1,15,1,5,50,129,2,7,1,7,PLACE DE LA FONTAINE,49.6398,-1.62561
201500027965,31,10,15,17,2,50,602,1,6,1,2,ROND POINT DE LA BATE,49.6372,-1.55013
201500027966,4,11,15,16,1,50,129,2,3,1,2,PLACE NAPOLEON,49.6423,-1.62209
201500027967,6,11,15,8,2,50,129,2,3,3,7,CH DES AIGUILLONS,49.6404,-1.63654
201500027968,6,11,15,16,1,50,129,2,2,3,3,R SALINE/ERMITAGE,49.6346,-1.61497
201500027969,9,11,15,13,1,50,129,2,1,1,3,RUE JOLIOT CURIE,49.6294,-1.64197
201500027970,10,11,15,15,1,50,416,2,1,1,7,RUE DES CLAIRES,49.6598,-1.69228
201500027971,15,11,15,17,5,50,129,2,3,1,6,AVENUE DE NORMANDIE,49.6277,-1.62519
201500027972,15,11,15,13,1,50,129,2,2,1,3,AV CARNOT/AV BRIAND,49.6389,-1.61652
201500027973,19,11,15,18,5,50,129,2,1,2,7,AVENUE  DE BREMERHAVEN,49.6308,-1.605
201500027974,20,11,15,5,5,50,129,2,1,3,7,AVENUE CESSART,49.645,-1.62626
201500027975,20,11,15,16,1,50,173,2,3,1,7,RUE BARTHELEMY,49.6477,-1.6849
201500027976,20,11,15,11,1,50,203,2,4,2,7,CH DE QUINCAMP/CHATAIGNI,49.6151,-1.62611
201500027977,20,11,15,13,1,50,129,2,3,1,7,R F LAVIEILLE/CHRISTINE,49.6401,-1.62611
201500027978,29,11,15,21,4,50,129,2,1,1,6,RUE DU MAINE,49.6289,-1.63142
201500027979,30,11,15,11,1,50,129,2,2,1,7,R GAMBETTA/AL MAHIEU,49.6382,-1.6253
201500027980,16,11,15,12,1,50,129,2,3,1,7,"00, ROBERT LECOUVEY",49.6318,-1.61004
201500027981,30,11,15,7,1,50,129,2,1,2,7,,49.6487,-1.63379
201500027982,3,12,15,12,1,50,203,2,4,1,7,LES BRULINS,49.62,-1.58136
201500027983,7,12,15,5,3,50,203,2,1,1,7,RUE TOULORGE LEFEVRE,49.6236,-1.60566
201500027984,6,12,15,19,5,50,602,2,2,1,3,LEMARESQUIER/BD MANCHE,49.6479,-1.57873
201500027985,5,12,15,11,1,50,611,2,4,1,3,BD HAGUE/P CARDRON,49.6665,-1.70639
201500027986,7,12,15,16,1,50,203,2,1,1,7,RUE HELENE BOUCHER,49.6181,-1.60563
201500027987,8,12,15,18,5,50,173,2,1,1,6,,49.6502,-1.64967
201500027988,29,11,15,0,5,50,129,2,1,6,7,AVENUE AMIRAL LEMONNIER,49.6339,-1.60639
201500027989,9,12,15,18,5,50,129,2,3,1,1,R CH PEGUY/R VIEUX PONT,49.6357,-1.62339
201500027990,12,12,15,21,3,50,602,2,1,1,7,AXE NORD SUD,49.6323,-1.57835
201500027991,14,12,15,12,1,50,173,2,2,1,3,R BELGIQUE/R PAUL DOUMER,49.6475,-1.65485
201500027992,14,12,15,14,1,50,173,2,1,1,2,BOULEVARD DE LA MER,49.6593,-1.67563
201500027993,14,12,15,11,1,50,129,2,2,1,7,AV MAL TASSIG/BD EST,49.6346,-1.60267
201500027994,16,12,15,15,1,50,173,2,2,1,3,R ARAGO/AV J PREVERT,49.6534,-1.66301
201500027995,17,12,15,18,5,50,602,2,2,1,3,R DU GR PRE/ENTREPRISES,49.6378,-1.59495
201500027996,20,12,15,5,5,50,129,2,1,1,7,BOULEVARD DE L'ATLANTIQU,49.6288,-1.62718
201500027997,18,12,15,15,1,50,129,2,2,1,7,BD G LE CONQ/P. GOUBERTI,49.6425,-1.6374
201500027998,22,12,15,17,2,50,129,2,2,2,1,PLACE JEAN JAURES,49.634,-1.62252
201500027999,22,12,15,17,2,50,129,2,2,2,7,AV NORMANDIE/R MEZIERES,49.6297,-1.62332
201500028000,25,12,15,18,5,50,129,2,2,1,4,BD DE L'EST/R DU BOIS,49.6352,-1.60119
201500028001,23,12,15,8,5,50,173,2,1,1,7,RUE DE LA PAIX,49.651,-1.6519
201500028002,25,12,15,19,3,50,602,1,6,2,7,ROND POINT DES FLAMANDS,49.6536,-1.57827
201500028003,26,12,15,19,5,50,129,2,2,1,3,PLACE NAPOLEON,49.6438,-1.62597
201500028004,27,12,15,1,5,50,129,2,3,1,7,AV PLYMOUTH/R DE COLMAR,49.631,-1.62245
201500028005,27,12,15,9,1,50,129,2,2,1,2,R JOLIOT CURIE/SALENGRO,49.6291,-1.6411
201500028006,17,1,15,22,5,50,129,2,2,1,7,PL REPUBLIQUE/R TOUR CAR,49.6422,-1.62542
201500028007,19,1,15,12,1,50,129,2,1,1,7,QUAI DE CALIGNY,49.6399,-1.62151
201500028008,20,1,15,8,5,50,173,2,3,1,1,R DE LA PAIX/VAUBAN,49.6523,-1.65325
201500028009,20,1,15,8,2,50,173,2,4,1,2,R GAMBETTA/V HUGO,49.6478,-1.648
201500028010,23,1,15,9,1,50,602,2,1,1,1,ROND POINT DES MIELLES,49.6452,-1.59896
201500028011,26,1,15,15,1,50,129,2,1,1,7,RUE PROLONGEE DU ROULE,49.6237,-1.6194
201500028012,28,1,15,13,1,50,173,2,3,2,7,RUE DES HERCHES,49.6438,-1.66543
201500028013,29,1,15,1,3,50,602,2,6,2,7,RD POINT DES FLAMANDS,49.6536,-1.57827
201500028014,5,2,15,8,2,50,173,2,1,1,2,RUE MARCEL SEMBAT,49.6582,-1.68249
201500028015,5,2,15,14,1,50,129,2,3,1,3,R ABBAYE/BD SALINE,49.6456,-1.63886
201500028016,11,2,15,12,1,50,173,2,1,1,7,,49.6559,-1.69957
201500028017,11,2,15,19,5,50,129,2,3,1,3,AV NORMANDIE/R ANJOU,49.6269,-1.63572
201500028018,4,3,15,17,1,50,537,1,3,1,2,", AMONTOUX",49.0337,-1.43534
201500028019,18,3,15,16,1,50,147,2,1,1,2,AVENUE DIVISION LECLERC,49.0625,-1.43393
201500028020,19,5,15,19,1,50,147,2,1,1,7,RUE DES COURTILLES,49.0408,-1.44141
201500028021,29,5,15,10,1,50,147,2,6,1,3,RD POINT DE L'ARQUERIE,49.0621,-1.42699
201500028022,2,7,15,6,1,50,147,1,1,2,3,ROCADE NORD,49.0671,-1.41471
201500028023,8,7,15,14,1,50,147,2,1,8,7,RUE DE L'ECLUSE CHETTE,49.0539,-1.44598
201500028024,25,7,15,10,1,50,147,1,1,1,6,RUE MARECHAL JOFFRE,49.0517,-1.44346
201500028025,23,9,15,9,1,50,147,2,9,7,6,RUE DU LYCEE,49.046,-1.44439
201500028026,29,9,15,13,1,50,147,2,7,1,7,AVENUE DES SAPINS,49.0522,-1.43662
201500028027,9,10,15,18,1,50,147,2,9,1,6,AV DE LA  REPUBLIQUE,49.0546,-1.43887
201500028028,13,10,15,14,1,50,147,2,3,1,3,NORMANDIE,49.0531,-1.44101
201500028029,16,10,15,15,1,50,147,2,1,2,6,COMPLEXE CLAIREFONTAINES,49.0544,-1.43013
201500028030,20,11,15,16,2,50,147,2,6,8,3,RTE CARENTAN/BOISSIERES,49.067,-1.43114
201500028031,7,12,15,18,5,50,147,2,3,1,1,BOULEVARD DE LA MARNE,49.0428,-1.44901
201500028032,21,2,15,15,1,50,218,2,1,1,6,AVENUE DES MATIGNONS,48.838,-1.58495
201500028033,13,1,15,17,1,50,218,2,6,1,3,AV MAL LECLERC/AV MATIGN,48.838,-1.58499
201500028034,16,1,15,23,5,50,165,2,1,1,6,RUE ARISTIDE BRIAND,48.837,-1.58299
201500028035,22,2,15,2,5,50,218,2,2,1,6,AV A BRIAND/W CHURCHILL,48.8355,-1.5799
201500028036,26,1,15,16,1,50,218,2,1,1,6,AVENUE DES MATIGNONS,48.8378,-1.56968
201500028037,2,3,15,15,1,50,218,2,3,1,6,R DU COM. YVON/R COURAYE,48.8372,-1.59402
201500028038,29,1,15,8,2,50,218,2,4,3,6,R MARIS/DU BOSQ,48.8384,-1.59244
201500028039,13,3,15,16,1,50,218,2,1,2,7,RUE DU STADE,48.8371,-1.5524
201500028040,13,4,15,11,1,50,218,2,1,1,6,RUE ARISTIDE BRIAND,48.8369,-1.58289