Num_Acc,jour,mois,an,hr,condition_eclairage,departement,commune,condition_agglomeration,intersection,condition_atmosphere,type_collision,adresse,lattitude,longitude
201500028041,10,2,15,12,1,50,218,2,1,1,6,ROND POINT MAISON BRULEE,48.8377,-1.56055
201500028042,21,4,15,10,1,50,218,2,1,1,6,RUE LECAMPION,48.8372,-1.5989
201500028043,16,5,15,17,1,50,647,2,1,1,3,RU DU 8 JUIN 1944,48.839,-1.55123
201500028044,18,5,15,15,1,50,218,2,1,2,4,AVENUE DES MATIGNONS,48.8374,-1.54424
201500028045,30,5,15,17,1,50,218,2,1,1,3,AVENUE DES MATIGNONS,48.8378,-1.56735
201500028046,6,6,15,18,1,50,647,2,1,1,2,ROUTE DE VILLEDIEU,48.8377,-1.55782
201500028047,14,6,15,16,1,50,218,2,3,1,7,RUE SAINT NICOLAS,48.8378,-1.56936
201500028048,25,6,15,19,1,50,218,2,1,1,6,RUE LECAMPION,48.8372,-1.59949
201500028049,5,7,15,19,1,50,218,2,1,1,7,RUE FONTAINE JOLIE,48.8336,-1.55662
201500028050,9,7,15,11,1,50,218,2,8,1,7,AVENUE DE LA GARE,48.8415,-1.58643
201500028051,11,7,15,16,1,50,218,2,1,1,2,ROUTE DE VILLEDIEU,48.8375,-1.54815
201500028052,20,7,15,12,1,50,218,2,3,1,6,R ROGER MARIS/COURAYE,48.8372,-1.594
201500028053,24,7,15,19,1,50,532,2,2,2,3,RUE TOMBELAINE,48.7883,-1.56548
201500028054,31,7,15,17,1,50,218,1,1,1,7,,48.8261,-1.54538
201500028055,5,8,15,15,1,50,165,1,3,1,2,RUE DU CHAMP DE COURSE,48.8572,-1.57595
201500028056,10,8,15,11,1,50,532,2,1,1,3,RUE DE L'EUROPE,48.8151,-1.5705
201500028057,12,8,15,11,1,50,532,1,1,1,2,AVENUE D'AVRANCHES,48.8115,-1.53976
201500028058,24,8,15,15,1,50,218,2,6,3,3,ROND POINT DE ST BRELADE,48.8341,-1.5684
201500028059,30,8,15,12,1,50,218,2,1,1,3,RUE DU VIEUX MOULIN,48.8384,-1.57882
201500028060,1,9,15,19,1,50,218,2,6,1,3,RUE DES ECOLES,48.8339,-1.5711
201500028061,14,9,15,7,1,50,218,2,1,2,2,RUE COURAYE,48.8375,-1.59038
201500028062,15,9,15,8,1,50,218,2,1,1,6,AVENUE DES MATIGNONS,48.8378,-1.56611
201500028063,18,9,15,16,1,50,514,2,9,1,3,RUE DE LA CRETE,48.7521,-0.85145
201500028064,20,9,15,18,1,50,218,2,1,1,6,RUE AMIRAL HUGON,48.8375,-1.58804
201500028065,23,9,15,18,1,50,218,2,1,1,3,AVENUE DES MATIGNON,48.8379,-1.57317
201500028066,24,9,15,17,1,50,165,2,1,1,6,RUE DE LA PIERRE AIGUE,48.8534,-1.56191
201500028067,30,10,15,12,1,50,647,2,3,1,2,R CONILLOT/R DE L'ECOLE,48.8451,-1.55879
201500028068,31,10,15,17,1,50,218,2,1,1,2,BOULEVARD DES AMERIQUES,48.8313,-1.57508
201500028069,5,11,15,7,1,50,218,2,2,1,3,AV A BRIAND/R W CHURCHIL,48.838,-1.58499
201500028070,14,11,15,10,1,50,532,1,1,1,7,ROUTE DE LA COUPERIE,48.82,-1.54178
201500028071,17,11,15,17,5,50,218,2,1,2,6,RUE COURAYE,48.8376,-1.58979
201500028072,30,11,15,9,1,50,218,2,1,1,2,ROUTE DE VILLEDIEU,48.8375,-1.5501
201500028073,9,12,15,17,3,50,218,1,2,1,5,,48.8285,-1.54314
201500028074,15,12,15,11,1,50,218,1,2,3,2,,48.8247,-1.55845
201500028075,22,12,15,17,5,50,532,1,1,1,3,RTE DU GUIGEOIS,48.792,-1.5326
201500028076,17,12,15,12,1,50,165,2,3,1,3,RUE DE LA PIERRE AIGUE,48.8532,-1.56382
201500028077,27,12,15,12,1,50,165,1,1,1,7,,48.8535,-1.56463
201500028078,7,2,15,3,3,50,647,1,1,1,7,LE VAL,48.8478,-1.54199
201500028079,26,2,15,14,1,50,2,2,1,3,2,AVENUE DE VERDUN,49.1184,-1.08932
201500028080,7,1,15,12,1,50,34,2,1,1,6,RUE ANDRE MALRAUX,49.1014,-1.08297
201500028081,27,2,15,10,1,50,502,2,1,1,2,RUE MARECHAL JUIN,49.1157,-1.07523
201500028082,4,2,15,13,1,50,502,2,2,8,4,MAL TASSIGNY/AV PLATANES,49.1131,-1.0795
201500028083,1,4,15,13,1,50,502,2,1,1,3,RUE DE L'EXODE,49.1048,-1.08644
201500028084,11,2,15,8,1,50,502,2,2,1,6,RUE LEON JOUHAUX,49.1107,-1.05569
201500028085,7,4,15,11,1,50,502,2,6,1,1,RUE DE L'EXODE,49.1099,-1.09011
201500028086,15,4,15,16,1,50,502,2,3,1,3,RUE DE L'EXODE,49.105,-1.08668
201500028087,22,4,15,12,1,50,502,2,3,1,3,RTE COUTANCES/V CAGNON,49.1164,-1.0415
201500028088,25,4,15,19,1,50,502,2,6,2,7,RUE DE LA POTERNE,49.1169,-1.09803
201500028089,30,4,15,19,1,50,502,2,1,1,4,ROUTE DE TORIGNI,49.1057,-1.0686
201500028090,11,5,15,13,1,50,502,2,1,1,6,RUE ALSACE LORRAINE,49.1146,-1.09902
201500028091,18,5,15,11,1,50,2,1,6,2,3,PAPIN (RUE DENIS),49.1108,-1.13405
201500028092,5,6,15,9,1,50,502,1,2,1,3,AV CERISIERS/AV TILLEULS,49.1118,-1.0699
201500028093,13,6,15,17,1,50,502,1,1,1,6,,49.1093,-1.07247
201500028094,23,6,15,15,1,50,321,1,1,1,7,ROUTE D'ISIGNY,49.1344,-1.06579
201500028095,4,8,15,13,1,50,502,2,6,1,3,PARIS,49.1157,-1.07479
201500028096,5,8,15,11,1,50,502,2,2,1,3,LA DOLLEE/DU PRE DE HAUT,49.119,-1.08659
201500028097,12,8,15,17,1,50,502,2,6,1,3,BOIS ANDRE  (MONTÉE DU),49.1189,-1.08661
201500028098,21,8,15,20,1,50,502,1,1,1,3,BD DE STRASBOURG,49.0991,-1.11193
201500028099,22,8,15,12,1,50,502,2,6,1,1,MATIGNON (ROND POINT),49.1058,-1.06877
201500028100,10,9,15,16,1,50,502,2,1,1,3,RUE DU MARECHAL JUIN,49.1157,-1.07706
201500028101,11,9,15,9,1,50,502,2,3,1,3,R M. LECLERC/MIMOSAS,49.1156,-1.08072
201500028102,16,9,15,17,1,50,502,1,1,1,7,ROUTE DE TESSY,49.1054,-1.09409
201500028103,21,9,15,17,1,50,502,2,3,2,2,RUE DE VILLEDIEU,49.113,-1.10033
201500028104,2,10,15,9,1,50,502,2,6,1,6,DE LATTRE DE TASSIGNY,49.1155,-1.08308
201500028105,8,10,15,13,1,50,502,2,1,1,6,RUE DE L'EXODE,49.1089,-1.09007
201500028106,11,10,15,16,1,50,2,1,1,1,7,RTE DE PERIERS,49.118,-1.14906
201500028107,5,11,15,11,1,50,502,1,1,8,7,RUE DES MONTS,49.1238,-1.06219
201500028108,13,11,15,9,1,50,2,1,6,1,2,RTE DE COUTANCES,49.1092,-1.13535
201500028109,25,11,15,11,1,50,502,2,1,2,6,RUE TORTERON,49.1144,-1.09412
201500028110,11,12,15,16,1,50,2,2,2,1,6,RTE DE COUTANCES,49.1181,-1.10725
201500028111,23,12,15,11,1,50,502,2,1,1,6,RUE DE LAITIERE NORMANDE,49.1153,-1.09046
201500028112,6,1,15,8,2,51,108,2,1,1,6,RUE DE LA FRATERNITE,0.0,0.0
201500028113,7,3,15,18,1,51,108,2,1,1,2,AVE WINSTON CHURCHILL,48.94246,4.39001
201500028114,18,4,15,19,1,51,504,2,6,1,3,R. R. ARON/RTE DE LOUVOI,48.97303,4.34729
201500028115,9,4,15,18,1,51,108,2,1,1,6,7 R. DU D. SCHWEITZER,48.94835,4.3452
201500028116,25,5,15,8,1,51,108,2,1,1,2,D3,48.95312,4.37156
201500028117,14,6,15,12,1,51,108,1,1,1,7,N44,48.96553,4.38572
201500028118,9,7,15,16,1,51,108,2,1,1,6,23 PLACE GODART,48.95646,4.36439
201500028119,22,7,15,14,1,51,525,1,1,1,5,N44,48.92921,4.40876
201500028120,21,8,15,17,1,51,108,2,1,1,3,RUE JEAN SEBASTIEN BACH,48.96465,4.38322
201500028121,2,10,15,18,1,51,453,1,1,1,6,N44,49.00202,4.33684
201500028122,27,10,15,10,1,51,108,2,1,1,6,RUE GARINET,48.95663,4.36505
201500028123,8,11,15,0,5,51,108,2,1,1,6,RUE MICHEL MENARD,48.93935,4.40011
201500028124,21,12,15,15,1,51,108,2,3,1,6,2 RUE LOCHET,48.95619,4.36052
201500028125,18,1,15,22,5,51,230,2,1,1,7,96 AVENUE MARECHAL FOCH,0.0,0.0
201500028126,23,4,15,9,1,51,431,2,3,1,6,ALLEE DE MAXENU,49.02398,3.94619
201500028127,22,5,15,17,1,51,230,2,7,1,6,PLACE FADA N'GOURMA,49.03726,3.97149
201500028128,6,6,15,15,1,51,230,2,3,1,3,R.PLOMB/DOM PERIGNON,49.03589,3.95256
201500028129,21,5,15,15,1,51,230,2,1,1,6,1 AVENUE DE CHAMPAGNE,49.0435,3.95775
201500028130,12,7,15,10,1,51,30,1,3,1,3,D1,49.04948,4.01313
201500028131,2,10,15,12,1,51,230,2,3,1,6,D401,49.04727,3.95396
201500028132,11,11,15,17,1,51,230,2,3,1,3,AVE BEETHOVEN/R G. FAURE,49.03716,3.97484
201500028133,14,11,15,15,1,51,230,1,1,1,3,D3,49.03578,3.98542
201500028134,27,11,15,18,5,51,230,2,6,1,3,PLACE LEON BOURGEOIS,49.0462,3.95486
201500028135,14,12,15,17,5,51,230,2,1,5,6,RUE DU DOCTEUR ROUSSEAU,49.04592,3.95701
201500028136,21,6,15,20,1,51,344,2,1,1,3,D3,49.05065,3.93202
201500028137,22,3,15,16,1,51,454,2,1,1,3,59 BOULEVARD PAUL DOUMER,49.24751,4.02885
201500028138,13,1,15,17,5,51,454,2,1,2,6,RUE DU GENERAL KOENIG,0.0,0.0
201500028139,15,1,15,18,5,51,454,2,1,1,6,157 AVENUE JEAN JAURES,0.0,0.0
201500028140,24,3,15,20,5,51,454,2,2,3,3,AVE DE PARIS/D EPERNAY,49.24862,4.01272
201500028141,26,1,15,11,1,51,454,2,3,2,6,BD POMMERY/R. DE SILLERY,0.0,0.0
201500028142,30,1,15,7,5,51,454,2,1,4,6,RUE DU GENERAL MAZILLIER,0.0,0.0
201500028143,5,2,15,14,1,51,172,2,6,1,3,RTE DE TAISSY/NIECPE,49.22052,4.06378
201500028144,7,2,15,2,5,51,454,2,1,1,6,15 RUE LESAGE,49.26416,4.02919
201500028145,20,4,15,20,1,51,454,2,2,1,3,BD DES BELGES/D966,49.27628,4.02689
201500028146,21,4,15,21,5,51,454,2,2,1,3,RUES DE VENISE/GAMBETTA,49.24913,4.03695
201500028147,18,2,15,19,5,51,454,2,1,1,3,1 RUE PIERRE MEHAULT,49.22495,4.02817
201500028148,26,4,15,12,1,51,454,2,1,1,6,1 RUE PIERRE TAITTINGER,49.235,4.00711
201500028149,9,3,15,17,1,51,454,2,1,1,2,2 RUE ARMAND BOUXIN,49.22602,4.02701
201500028150,23,5,15,9,1,51,172,2,1,1,6,7 PLACE LOUISE MICHEL,49.22278,4.05309
201500028151,21,3,15,16,1,51,454,2,1,1,4,1 RUE DE VENISE,49.24879,4.03636
201500028152,5,4,15,20,5,51,454,2,1,1,6,30 AVE DU GAL BONAPARTE,49.23047,4.00654
201500028153,9,4,15,20,3,51,493,1,1,1,2,D944,49.22743,4.09976
201500028154,19,4,15,2,5,51,454,2,1,1,4,AVE DU GAL DE GAULLE,49.2492,4.02472
201500028155,24,4,15,4,5,51,454,2,2,1,1,RUE P. MAITRE/VICTOIRE,49.26301,4.00183
201500028156,13,6,15,19,1,51,454,2,1,1,6,87 RUE DE VENISE,49.24655,4.0319
201500028157,16,6,15,17,1,51,454,2,3,1,3,4 RUE SAINT BRICE,49.25636,4.01997
201500028158,24,5,15,22,5,51,454,2,9,1,3,BOULEVARD LOUIS ROEDERER,0.0,0.0
201500028159,22,6,15,1,5,51,454,2,1,1,6,BOULEVARD JOFFRE,49.26102,4.02848
201500028160,27,6,15,15,1,51,454,2,1,1,6,AVE DU GENERAL BONAPARTE,49.22718,4.01351
201500028161,30,6,15,20,1,51,454,2,3,1,3,RUES J. CELLIER/C. PEGUY,49.28261,4.0309
201500028162,1,7,15,19,1,51,454,2,1,1,2,69 AVENUE DE PARIS,49.2481,4.00928
201500028163,3,7,15,16,1,51,454,2,3,1,4,R. DE CERNAY/SAINT BRUNO,49.25794,4.05361
201500028164,7,7,15,18,1,51,454,2,3,1,3,D'HERBIGNY/DE THIONVILLE,49.25895,4.04912
201500028165,13,7,15,19,1,51,454,2,1,1,6,AVENUE FRANCOIS MAURIAC,49.23277,4.00258
201500028166,29,6,15,18,1,51,454,2,1,1,6,AVE DU GENERAL BONAPARTE,49.22718,4.01319
201500028167,24,7,15,17,1,51,454,2,2,1,5,RUES E. ZOLA/DURUY,49.26779,4.02663
201500028168,7,8,15,5,5,51,573,2,1,1,2,28 P. VAILLANT COUTURIER,49.24773,4.0058
201500028169,10,8,15,20,1,51,454,2,3,1,2,DE LOUVOIS/BD D. PHENICI,49.22615,4.04223
201500028170,7,9,15,22,5,51,454,2,2,1,3,R. DU BARBATRE/LT HERDUI,49.25023,4.03883
201500028171,8,9,15,14,1,51,454,2,3,1,6,R. DU MONT D ARENE/N44,49.26433,4.02706
201500028172,19,9,15,6,5,51,454,2,1,1,6,PARKING CARREFOUR,49.26003,4.06553
201500028173,21,9,15,16,1,51,55,2,3,1,3,RTE DE BETHENY/GALLIENI,49.27132,4.05037
201500028174,23,9,15,9,1,51,454,2,1,1,6,37 RUE DU BOIS D'AMOUR,49.25688,4.00793
201500028175,24,9,15,14,1,51,454,2,9,1,3,2 BOULEVARD DES BELGES,49.27523,4.01848
201500028176,25,9,15,14,1,51,454,2,1,1,2,1 AVE DU MARECHAL JUIN,49.22013,4.02064
201500028177,25,9,15,16,1,51,454,2,1,1,3,1 PLACE DE LA REPUBLIQUE,49.26168,4.02984
201500028178,26,9,15,12,1,51,58,1,1,1,1,AVENUE JEAN MONNET,49.21517,4.00204
201500028179,29,9,15,6,3,51,454,1,1,1,2,A34,49.23803,4.07681
201500028180,3,10,15,17,1,51,454,2,2,1,6,182 RUE DE VESLE,49.25144,4.02334
201500028181,5,10,15,19,5,51,454,2,1,2,4,AVENUE DE CHAMPAGNE,49.23978,4.04504
201500028182,7,10,15,12,1,51,454,2,1,1,3,200 BIS AVE JEAN JAURES,49.26235,4.053
201500028183,7,10,15,12,1,51,454,2,1,1,6,11 AVENUE DE L YSER,49.24996,4.05366
201500028184,8,10,15,12,1,51,454,2,3,1,5,D9/RUE DE LA VILLAGEOISE,49.22717,4.03986
201500028185,11,10,15,5,5,51,454,2,1,1,6,26 AVENUE DE PARIS,0.0,0.0
201500028186,12,10,15,18,1,51,454,2,1,1,6,1 AVE DU G.DE GAULLE,49.24823,4.02137
201500028187,13,10,15,7,2,51,454,2,1,1,3,RUE DU COMMANDANT ARNAUD,49.27376,4.02987
201500028188,13,10,15,20,5,51,454,2,1,1,2,1 AVENUE JEAN JAURES,49.25755,4.0396
201500028189,14,10,15,7,2,51,454,2,9,1,3,BOULEVARD DES BELGES,49.27635,4.02481
201500028190,14,10,15,13,1,51,454,2,1,1,5,BOULEVARD ALBERT 1ER,49.27026,4.01091
201500028191,14,10,15,18,1,51,454,2,6,2,6,P. MARCHANDEAU/COURLANCY,49.24231,4.02449
201500028192,9,10,15,20,5,51,454,2,2,1,3,RUES GOUSSIEZ/SALENGRO,49.27347,4.02395
201500028193,15,10,15,19,5,51,454,2,2,1,1,DE NEUFCHATEL/DES BELGES,49.27625,4.02686
201500028194,16,10,15,10,1,51,454,2,6,2,3,ROND POINT FARMAN,49.23674,4.07057
201500028195,16,10,15,15,1,51,454,2,3,1,3,N51/R. DU FOSSE BRIOTIN,49.26816,4.06838
201500028196,21,10,15,0,5,51,454,2,3,1,3,DR SCHWEITZER/FOND PATE,49.27768,4.02223
201500028197,23,10,15,9,1,51,454,2,3,1,1,"24, POINCARE (RUE RAYMON",49.27997,4.01891
201500028198,23,10,15,13,1,51,454,2,1,1,1,32 AVENUE JEAN JAURES,49.25839,4.04215
201500028199,24,10,15,21,5,51,454,2,6,1,3,AV MARCHANDEAU/COURLANCY,49.24209,4.0248
201500028200,26,10,15,14,1,51,454,2,2,1,1,BD ALBERT 1ER/COUTURIER,49.2734,4.01488
201500028201,27,10,15,15,1,51,454,2,1,1,4,BOULEVARD GUSTAVE EIFFEL,49.26955,4.07191
201500028202,31,10,15,15,1,51,454,2,1,1,3,131 AVENUE JEAN JAURES,49.26069,4.04847
201500028203,2,11,15,15,1,51,454,2,2,1,6,"71 C, POMMERY (BOULEVARD",49.25059,4.05278
201500028204,4,11,15,10,1,51,454,2,4,1,3,R. D ORVES/CHARBONNIERS,49.23398,4.02782
201500028205,4,11,15,15,1,51,454,2,1,2,2,1 RUE DE COURCELLES,49.25726,4.02252
201500028206,6,11,15,12,1,51,454,2,2,1,6,"1, VENISE (RUE)",49.24749,4.03371
201500028207,8,11,15,14,1,51,454,2,2,1,2,AV J. JAURES/R. DE WITRY,49.26286,4.05448
201500028208,11,11,15,23,5,51,454,2,1,1,6,AVE DU GEN. EISENHOWER,0.0,0.0
201500028209,12,11,15,8,1,51,454,2,3,1,3,14 RUE DU RUISSELET,49.24433,4.03648
201500028210,12,11,15,8,1,51,454,2,1,1,6,RUE DE L UNION FONCIERE,49.24572,4.01501
201500028211,12,11,15,11,1,51,172,2,6,1,6,RUE LUCIEN TROUSSET,49.21367,4.04806
201500028212,12,11,15,20,5,51,454,2,2,1,3,AVE DE PARIS/D EPERNAY,0.0,0.0
201500028213,13,11,15,16,1,51,454,2,1,1,6,3 AVENUE DE L EUROPE,49.25483,4.06168
201500028214,16,11,15,10,1,51,454,2,2,1,3,RUES CHABAUD/LIBERGIER,49.2509,4.02602
201500028215,16,11,15,13,1,51,573,2,1,1,1,9 RUE JOSEPH CUGNOT,49.24123,3.9872
201500028216,16,11,15,14,1,51,454,1,3,1,3,RUE GABRIEL VOISIN,49.23302,4.06738
201500028217,16,11,15,23,5,51,454,2,1,2,1,RUE PASSE DEMOISELLES,49.24405,4.02121
201500028218,17,11,15,7,1,51,454,2,1,2,4,N244,49.23375,4.07387
201500028219,17,11,15,14,1,51,454,2,1,1,3,4 AVENUE D EPERNAY,49.24828,4.01265
201500028220,20,11,15,8,5,51,454,2,2,3,3,R. DE COURCELLES/GERUZEZ,49.26287,4.01645
201500028221,22,11,15,19,5,51,454,2,2,1,3,P. MARCHANDEAU/BOCQUAINE,49.24415,4.02747
201500028222,22,11,15,20,5,51,454,2,1,1,3,RUE DE VENISE,49.24669,4.03212
201500028223,23,11,15,15,1,51,454,2,1,7,2,AVENUE GEORGES POMPIDOU,49.21989,4.02212
201500028224,24,11,15,8,1,51,454,2,2,1,3,ALBERT 1ER (BOULEVARD),49.27081,4.01112
201500028225,24,11,15,16,1,51,454,2,1,2,3,131 BOULEVARD POMMERY,49.24564,4.05039
201500028226,24,11,15,18,5,51,454,2,1,2,3,BD DE LA PAIX/N44,49.2532,4.04114
201500028227,25,11,15,13,1,51,454,2,6,2,6,AVENUE HENRI FARMAN,49.23658,4.0701
201500028228,27,11,15,12,1,51,454,2,1,1,3,33 RUE DUMONT D'URVILLE,49.22585,4.03835
201500028229,28,11,15,10,1,51,454,2,1,1,3,ALLEE GEORGES BIZET,49.23884,4.01768
201500028230,30,11,15,14,1,51,474,2,6,1,3,RU DE BERNEX,49.28073,4.00506
201500028231,2,12,15,4,5,51,454,2,1,1,6,BOULEVARD JULES CESAR,49.26427,4.03425
201500028232,3,12,15,8,1,51,454,1,6,1,2,ROND POINT DE CHAMPAGNE,49.21251,4.01546
201500028233,3,12,15,18,5,51,454,2,1,1,2,"13, JUIN (AVENUE DU MARE",49.22044,4.01998
201500028234,8,12,15,16,2,51,454,2,2,2,6,BD DE LA PAIX/RUE PIPER,49.25499,4.04035
201500028235,8,12,15,18,5,51,573,2,1,3,6,1 RUE DU 29 AOUT 1944,49.24738,3.99903
201500028236,11,12,15,13,1,51,454,2,1,3,6,15 BOULEVARD JAMIN,49.26109,4.04664
201500028237,11,12,15,19,5,51,454,2,1,2,6,30 RUE CLOVIS CHEZEL/D9,49.24045,4.03282
201500028238,16,12,15,0,5,51,573,1,9,1,6,ROUTE DE SOISSONS,49.25385,3.97478
201500028239,16,12,15,10,1,51,454,2,2,8,6,RUE DE TALLEYRAND/ETAPE,49.25572,4.02894
201500028240,15,12,15,17,5,51,454,2,1,1,6,BD DU PRESIDENT WILSON,49.23796,4.02392
201500028241,16,12,15,17,5,51,454,2,1,1,4,BOULEVARD POMMERY,49.24861,4.05183
201500028242,20,12,15,7,5,51,454,2,1,1,6,112 RUE DE COURCELLES,49.2666,4.00311
201500028243,21,12,15,14,1,51,454,2,1,1,1,19 AVENUE JEAN JAURES,49.25787,4.04061
201500028244,21,12,15,12,1,51,454,2,2,1,3,RUE CLOVIS CHEZEL,49.23911,4.03127
201500028245,24,12,15,13,1,51,172,2,1,1,2,6 RUE SIMON DAUPHINOT,49.22602,4.04682
201500028246,24,12,15,15,1,51,573,2,1,1,7,16 RUE NICOLAS APPERT,49.23941,3.9887
201500028247,24,12,15,14,1,51,172,2,2,1,3,DES REMOULEURS/COMMERCE,49.2156,4.06397
201500028248,25,12,15,2,5,51,454,2,2,2,6,R. GUICHARD/ST THIERRY,49.26565,4.02073
201500028249,26,12,15,16,1,51,454,2,2,1,3,AVE J. JAURES/R. DE NICE,49.26505,4.06016
201500028250,26,12,15,18,5,51,454,2,1,1,6,RUE DU GRAND CREDO,49.25487,4.03524
201500028251,26,12,15,20,5,51,454,2,1,1,6,83 AVENUE DE PARIS,49.24799,4.00842
201500028252,29,12,15,15,1,51,454,2,1,1,2,AVENUE DU G. DE GAULLE,49.24215,4.01437
201500028253,30,12,15,13,1,51,172,2,2,1,1,R DES LAPS/ACCES MAGASIN,49.2161,4.04513
201500028254,30,12,15,13,1,51,172,2,2,1,3,R. DU DR ROUX/PARMENTIER,49.22375,4.04779
201500028255,30,12,15,15,1,51,172,2,6,1,2,PL. DE L EGALITE:D9,49.21667,4.05074
201500028256,7,4,15,8,1,52,121,2,1,1,2,"7, LECLERC (AVENUE GENER",48.10811,5.1408
201500028257,20,11,15,7,2,52,121,2,1,2,6,"0, GAGARINE (RUE YOURI)",48.10727,5.1477
201500028258,23,11,15,16,1,52,121,1,1,1,1,RD 200,48.13252,5.13248
201500028259,24,5,15,6,1,52,125,1,1,1,6,R.D. 162,48.10985,5.16659
201500028260,24,11,15,9,1,52,121,2,1,1,4,RD 619,48.11803,5.1402
201500028261,24,5,15,5,5,52,121,2,1,1,6,"26, VAL PONCE (RUE DU)",48.08738,5.14417
201500028262,27,11,15,19,5,52,121,2,2,2,6,BLONDEL (RUE ANDRE),48.1094,5.14014
201500028263,31,5,15,8,1,52,121,1,1,1,2,VOIE COMMUNALE 05,48.08539,5.10785
201500028264,11,12,15,11,1,52,121,2,3,1,2,"0, SOUVENIR FRANCAIS (AV",48.10969,5.14336
201500028265,14,6,15,23,3,52,121,1,1,2,1,RD 619,48.12367,5.12986
201500028266,16,12,15,12,1,52,121,2,1,1,6,"4, CASSEZ (AVENUE EMILE",48.11022,5.12908
201500028267,23,6,15,3,3,52,121,1,6,1,7,RN 67,48.10875,5.10973
201500028268,21,12,15,20,5,52,121,2,2,1,6,"0, DIDEROT (BD)",48.10947,5.14036
201500028269,1,7,15,13,1,52,121,2,2,1,3,"0, ROBESPIERRE (RUE)",48.10306,5.13322
201500028270,22,12,15,12,1,52,121,2,1,1,6,R.D. 162,48.12506,5.1564
201500028271,21,7,15,12,1,52,121,1,1,1,6,R.D. 417,48.10461,5.21146
201500028272,21,7,15,13,1,52,121,2,2,1,5,"0, PRIMEVERES (Rue DES)",48.09869,5.14695
201500028273,6,8,15,13,1,52,121,2,1,1,6,REPUBLIQUE (AVENUE),48.09891,5.14514
201500028274,7,8,15,11,1,52,121,2,3,1,2,R.D. 65,48.10926,5.1368
201500028275,11,8,15,3,3,52,121,2,1,1,7,RD 674,48.11835,5.15655
201500028276,7,9,15,1,3,52,121,1,1,1,1,,48.11737,5.16044
201500028277,26,8,15,21,3,52,121,1,1,1,6,R.D. 65,48.11057,5.10418
201500028278,1,9,15,10,1,52,121,1,1,1,7,RD 674,48.50272,4.95695
201500028279,5,10,15,11,1,52,121,2,1,1,2,GAMBETTA (BOULEVARD),48.10965,5.14315
201500028280,15,11,15,11,1,52,121,2,6,1,6,RD 619,48.09234,5.14537
201500028281,9,1,15,17,3,52,121,1,1,2,4,R.D. 65,48.11094,5.10302
201500028282,28,1,15,22,3,52,121,1,1,2,6,RD 674,48.12287,5.1854
201500028283,12,2,15,10,1,52,121,2,2,1,6,"0, MARECHAL JUIN (BOULEV",48.09916,5.15326
201500028284,11,2,15,16,1,52,121,2,3,7,6,"0, BLONDEL (RUE ANDRE)",48.10947,5.14023
201500028285,28,2,15,17,1,52,121,2,1,1,2,"0, BOURGOGNE (RUE DE)",48.09781,5.14038
201500028286,21,3,15,23,5,52,121,2,4,1,7,"2, AMPERE (RUE)",48.09529,5.13324
201500028287,8,4,15,22,5,52,448,2,1,1,7,"1, ALLENDE (BOULEVARD SA",48.64716,4.96725
201500028288,27,4,15,16,1,52,448,2,1,2,6,"1, CHENE SAINT AMAND (Z.",48.6252,4.96755
201500028289,4,5,15,18,1,52,448,2,6,1,3,SARRAIL (AVENUE DU GENER,48.64758,4.95698
201500028290,17,5,15,13,1,52,448,2,3,1,3,"28, CAMUS (RUE JEAN)",48.63884,4.97568
201500028291,15,6,15,18,1,52,448,2,1,1,6,"1, Edgar PISANI ( Boulev",48.63668,4.9763
201500028292,25,9,15,13,1,52,448,2,2,1,5,"1, Edgar PISANI ( Boulev",48.63915,4.97193
201500028293,1,10,15,19,2,52,448,1,1,1,4,RN4,48.62439,4.93717
201500028294,20,10,15,7,1,52,448,2,1,1,6,"101, CLEFMONTS (RUE)",48.63187,4.98523
201500028295,20,11,15,19,5,52,448,2,1,3,2,"1, PLACE DE L'EUROPE",48.64415,4.96341
201500028296,30,11,15,14,1,52,448,2,1,1,6,"70, GAMBETTA (RUE) PAIR",48.64415,4.96341
201500028297,1,12,15,17,2,52,448,2,3,1,3,"206, REPUBLIQUE (AV DE",48.63741,4.94155
201500028298,18,2,15,13,1,53,130,2,2,1,3,"6, MAGENTA ( RUE )",48.07521,-0.76735
201500028299,21,2,15,18,2,53,130,1,1,1,6,CHATEAU DU BOIS GAMATS (,48.04826,-0.74939
201500028300,12,12,15,21,3,53,54,1,1,5,7,"sans, BREHAUDIERES ( LIE",48.10718,-0.84319
201500028301,21,2,15,15,1,53,201,2,1,1,3,"48, HUGO (AVENUE VICTOR)",48.07795,-0.8198