Num_Acc,jour,mois,an,hr,condition_eclairage,departement,commune,condition_agglomeration,intersection,condition_atmosphere,type_collision,adresse,lattitude,longitude
201500028302,18,2,15,13,1,53,130,2,6,1,7,DU GUESCLIN ( BOULEVARD,48.07388,-0.79547
201500028303,10,3,15,15,1,53,130,2,2,2,6,"6, PAIX ( RUE DE LA )",48.07098,-0.76926
201500028304,29,3,15,22,5,53,130,2,1,2,6,ATLANTIQUE ( AVENUE DE L,48.05902,-0.78747
201500028305,9,4,15,12,1,53,130,2,3,1,6,"0, BEAUREGARD ( RUE DE )",48.07526,-0.77892
201500028306,23,4,15,9,1,53,130,2,1,1,6,FLATTERS ( RUE DU COLONE,48.06728,-0.77618
201500028307,17,3,15,9,1,53,130,1,1,1,6,ELAIN (BOULEVARD PIERRE),48.08108,-0.79544
201500028308,27,4,15,14,1,53,54,1,1,1,5,VOIE COMMUNALE 6(ROUTE D,48.10829,-0.82844
201500028309,29,5,15,16,1,53,130,2,1,1,6,CHANZY ( AVENUE DE ),48.07324,-0.73652
201500028310,8,6,15,14,1,53,130,2,1,1,1,"26, DANIEL ( BOULEVARD L",48.05312,-0.79493
201500028311,18,6,15,17,1,53,54,1,1,1,2,RN 162,48.09976,-0.74711
201500028312,10,7,15,9,1,53,130,2,1,1,6,CHANZY ( AVENUE DE ),48.06721,-0.75874
201500028313,30,7,15,18,1,53,34,1,1,1,6,"3, BARBES ( IMPASSE DES",48.07338,-0.73404
201500028314,24,8,15,17,1,53,130,2,1,1,3,HAUTE CHIFFOLIERE ( RUE,48.07146,-0.77454
201500028315,3,9,15,19,1,53,130,2,6,1,3,ATLANTIQUE ( AVENUE DE L,48.0527,-0.79386
201500028316,3,9,15,14,1,53,130,2,3,1,3,"2, DEPORTES ( RUE DES )",48.07044,-0.77321
201500028317,24,8,15,14,1,53,130,1,1,3,7,TOURS ( ROUTE DE ),48.04854,-0.73249
201500028318,2,10,15,11,1,53,130,2,1,7,6,"1, GAUCHERIE ( RUE DE LA",48.07596,-0.78543
201500028319,30,10,15,0,5,53,130,2,2,1,6,"86, BOISSEL ( RUE VICTOR",48.06423,-0.76134
201500028320,29,11,15,3,5,53,201,2,6,1,6,LOGES ( BOULEVARD DES ),48.066,-0.81204
201500028321,24,11,15,7,2,53,130,2,2,2,3,"0, 8 MAI 1945 ( BOULEVAR",0.0,0.0
201500028322,22,12,15,18,5,53,130,2,1,2,6,"sans, DU GUESCLIN ( BOUL",48.07074,-0.79347
201500028323,14,1,15,7,5,53,130,2,1,2,6,"0, JAURES ( BOULEVARD JE",48.0647,-0.78915
201500028324,19,1,15,9,1,53,130,2,1,1,6,DROUOT ( RUE ),48.05637,-0.74424
201500028325,28,10,15,17,2,54,36,1,1,2,1,906 (RD),49.28002,5.95961
201500028326,11,3,15,8,1,54,99,2,1,1,6,"31, BRIEY (AVENUE ALBERT",49.25178,5.93697
201500028327,6,10,15,10,1,54,391,2,1,1,6,"62, METZ (RUE DE)",0.0,0.0
201500028328,11,6,15,16,1,54,99,2,1,1,7,BRIEY (AVENUE ALBERT DE),0.0,0.0
201500028329,5,12,15,16,1,54,280,2,1,1,6,"12, FRANCHEPRE (RUE DE)",0.0,0.0
201500028330,23,3,15,13,1,54,99,2,1,1,1,952A (RD),49.24306,5.94115
201500028331,14,3,15,10,1,54,99,2,1,1,7,346 (RD - VERS POMPIERS),49.25004,5.95366
201500028332,9,7,15,22,5,54,263,2,2,1,3,"5, PASTEUR (RUE)",49.21885,5.9916
201500028333,19,7,15,12,1,54,263,2,1,1,7,"1, COURBET (RUE)",49.21727,5.99968
201500028334,30,7,15,16,1,54,263,2,1,1,6,"1, QUATRE VENTS (RUE DES",0.0,0.0
201500028335,9,8,15,5,2,54,99,1,1,1,7,138 (RD),0.0,0.0
201500028336,20,8,15,18,1,54,36,1,1,1,3,906 (RD),0.0,0.0
201500028337,28,1,15,12,1,54,273,2,9,8,7,"2 A, 11 NOVEMBRE (RUE DU",0.0,0.0
201500028338,23,3,15,2,3,54,469,1,1,1,7,DEPARTEMENTALE 135,49.1556,6.00148
201500028339,25,2,15,9,1,54,136,2,3,1,6,"0, DESCARTES (RUE)",0.0,0.0
201500028340,22,4,15,8,1,54,273,2,1,1,6,"21, PASTEUR (RUE)",49.0,5.0
201500028341,2,8,15,9,1,54,542,1,1,1,6,DEPARTEMENTALE 613,49.18871,5.89264
201500028342,28,9,15,17,1,54,273,2,1,1,6,"21, PASTEUR (RUE)",49.0,5.0
201500028343,27,9,15,11,1,54,542,1,1,1,6,DEPARTEMENTALE 613,49.2224,5.92953
201500028344,5,12,15,1,3,54,542,1,1,5,6,DEPARTEMENTALE 613,0.0,0.0
201500028345,9,11,15,15,1,54,253,1,1,7,5,DEPARTEMENTALE 613,0.0,0.0
201500028346,5,6,15,9,1,54,544,1,1,1,7,COYVILLER (ROUTE DE),0.0,0.0
201500028347,12,12,15,12,1,54,159,2,3,1,3,GENERAL LECLERC AVENUE,48.62006,6.35093
201500028348,25,1,15,18,5,54,483,2,4,4,6,"77, FRANCE (RUE ANATOLE)",0.0,0.0
201500028349,20,2,15,15,1,54,483,2,1,1,6,"04, COURTOIS (RUE CHARLE",48.63154,6.3019
201500028350,3,3,15,22,3,54,254,2,1,8,7,RD 196,49.49144,5.80973
201500028351,23,12,15,11,1,54,323,1,1,1,2,18 (ROUTE NATIONALE),0.0,0.0
201500028352,4,3,15,9,1,54,323,2,3,8,3,TIVOLI (RUE DU),0.0,0.0
201500028353,26,12,15,12,1,54,323,2,6,1,6,PULVENTEUX (RUE DU),44.8,1.6
201500028354,4,3,15,12,1,54,367,1,1,8,2,RD 196 B,49.4955,5.79545
201500028355,25,12,15,23,3,54,254,1,1,3,5,52 (ROUTE NATIONALE),0.0,0.0
201500028356,5,3,15,12,1,54,323,2,1,8,3,RAYMOND POINCARE (AVENUE,0.0,0.0
201500028357,15,3,15,17,1,54,323,2,1,1,6,BIVAQUE (AVENUE DU),0.0,0.0
201500028358,25,3,15,20,2,54,382,2,1,9,2,ARTS (AVENUE DES),0.0,0.0
201500028359,25,3,15,15,1,54,323,2,3,8,3,METZ (RUE DE),0.0,0.0
201500028360,3,4,15,13,1,54,323,1,1,1,1,520 (R.D.),0.0,0.0
201500028361,8,4,15,11,1,54,382,2,3,1,3,ARTS (AVENUE DES),0.0,0.0
201500028362,3,4,15,8,1,54,493,2,1,1,6,90 rue de LONGWY,49.52582,5.80963
201500028363,24,2,15,1,5,54,261,2,1,8,6,"42, CONCORDE (RUE DE LA)",0.0,0.0
201500028364,15,4,15,7,2,54,382,1,1,1,6,52 (ROUTE NATIONALE),49.55049,5.77648
201500028365,17,4,15,21,3,54,382,1,1,1,6,52 (ROUTE NATIONALE),49.53353,5.75722
201500028366,4,5,15,16,1,54,254,2,1,1,2,196 B (ROUTE DEPARTEMENT,0.0,0.0
201500028367,12,5,15,21,3,54,367,1,1,1,6,VOIE RAPIDE (R.N. 52),49.49933,5.80187
201500028368,20,5,15,15,1,54,323,2,1,1,4,52 (ROUTE NATIONALE),0.0,0.0
201500028369,30,5,15,2,3,54,323,1,1,3,6,52 (ROUTE NATIONALE),49.54254,5.76174
201500028370,2,6,15,15,1,54,451,2,1,1,6,MOULIN (RUE DU),49.0,5.0
201500028371,5,6,15,10,1,54,323,2,1,1,6,"02, HYPPOLITE D'HUART (R",49.51427,5.77181
201500028372,5,6,15,12,1,54,323,2,1,1,6,BIVAQUE (AVENUE DU),0.0,0.0
201500028373,6,6,15,16,1,54,323,2,1,1,4,"36, PASTEUR (RUE)",49.52786,5.77685
201500028374,10,6,15,17,1,54,323,2,1,1,2,FAIENCERIE (RUE DE LA),0.0,0.0
201500028375,10,6,15,17,1,54,323,2,1,1,4,RAYMOND POINCARE (AVENUE,0.0,0.0
201500028376,14,6,15,22,5,54,261,2,9,1,1,CONCORDE (RUE DE LA),0.0,0.0
201500028377,24,6,15,11,1,54,261,2,3,1,3,CONCORDE (RUE DE LA),0.0,0.0
201500028378,24,6,15,18,1,54,323,1,1,1,5,RN 52,49.5225,5.75312
201500028379,10,8,15,17,1,54,382,2,1,2,6,BORDEAUX (RUE DE),0.0,0.0
201500028380,14,7,15,1,5,54,323,2,1,1,6,"39, STANISLAS (RUE)",49.52673,5.76212
201500028381,4,7,15,10,1,54,382,2,1,1,3,MATHIEU DE DOMBASLE (RUE,0.0,0.0
201500028382,31,7,15,21,3,54,323,1,1,1,7,520 (ROUTE DEPARTEMENTAL,0.0,0.0
201500028383,4,9,15,9,1,54,323,2,1,1,6,"00, COLONEL DARCHE (PLAC",0.0,0.0
201500028384,9,8,15,22,5,54,254,2,1,1,2,"07, RHONE (RUE DU)",49.51253,5.80313
201500028385,10,8,15,13,1,54,451,2,1,8,6,"00, CUTRY (ROUTE DE)",0.0,0.0
201500028386,13,8,15,13,1,54,254,1,1,1,7,52 (ROUTE NATIONALE),49.4835,5.81592
201500028387,24,8,15,18,1,54,493,2,6,3,6,"00, MARECHAL FOCH (AVENU",49.53289,5.82253
201500028388,22,8,15,19,1,54,382,2,1,1,6,EUROPE (AVENUE DE L',0.0,0.0
201500028389,22,8,15,3,3,54,493,1,1,1,7,RD26,0.0,0.0
201500028390,26,8,15,5,5,54,323,1,1,1,7,52 (ROUTE NATIONALE),49.54176,5.75928
201500028391,16,8,15,5,5,54,323,2,1,1,2,"00, ALBERT THOMAS (RUE)",0.0,0.0
201500028392,23,9,15,14,1,54,323,2,1,1,4,"73, RAYMOND POINCARE (AV",0.0,0.0
201500028393,4,9,15,14,1,54,451,2,1,1,6,"33, LONGWY (RUE DE)",0.0,0.0
201500028394,25,8,15,17,1,54,382,1,1,1,2,52 (ROUTE NATIONALE),0.0,0.0
201500028395,13,9,15,16,1,54,323,2,1,1,4,"47, METZ (RUE DE)",49.51235,5.76188
201500028396,12,9,15,23,3,54,382,1,1,2,5,,0.0,0.0
201500028397,1,10,15,18,2,54,493,2,1,1,7,"00, LONGWY (RUE DE)",0.0,0.0
201500028398,22,9,15,13,1,54,261,2,1,1,4,LUXEMBOURG (AVENUE DU),0.0,0.0
201500028399,27,9,15,19,1,54,323,2,1,1,7,RELIGIEUSES (RUE DES),0.0,0.0
201500028400,25,9,15,14,1,54,261,2,1,1,3,"114, LUXEMBOURG (AVENUE",0.0,0.0
201500028401,8,10,15,6,3,54,254,1,1,1,7,"00, 196 (ROUTE DEPARTEME",0.0,0.0
201500028402,15,10,15,7,4,54,323,2,1,2,6,"01, MERCY (RUE)",0.0,0.0
201500028403,9,10,15,16,1,54,451,2,1,1,6,"09, MOULIN (RUE DU)",0.0,0.0
201500028404,14,10,15,18,2,54,382,2,1,8,1,"288, METZ (BOULEVARD DE)",49.55408,5.78697
201500028405,21,10,15,21,3,54,261,1,1,2,7,196 (ROUTE DEPARTEMENTAL,0.0,0.0
201500028406,21,10,15,16,1,54,493,2,1,1,6,"09, NONNEL (RUE DE)",0.0,0.0
201500028407,6,11,15,18,5,54,323,2,1,3,6,"30, ALBERT LABRO (RUE)",49.51196,5.76649
201500028408,30,11,15,13,1,54,382,1,6,1,6,"19, EUROPE (AVENUE DE L'",49.54748,5.80739
201500028409,10,9,15,13,1,54,323,2,1,1,2,"20, AVIATION (AVENUE DE",49.51871,5.75986
201500028410,25,11,15,19,5,54,323,2,1,1,6,PULVENTEUX (RUE DU),0.0,0.0
201500028411,21,11,15,22,3,54,261,1,1,1,6,196 (ROUTE DEPARTEMENTAL,0.0,0.0
201500028412,19,11,15,2,5,54,323,2,1,1,6,"05, BOISMONT (RUE DE)",49.51859,5.76157
201500028413,10,1,15,18,5,54,323,2,1,3,6,"01, AVIATION (AVENUE DE",0.0,0.0
201500028414,25,1,15,21,5,54,451,2,1,4,7,"NR, VIRVAUX (RUE DE)",0.0,0.0
201500028415,16,1,15,11,1,54,323,2,1,1,6,"NR, STANISLAS (RUE)",0.0,0.0
201500028416,27,1,15,8,1,54,323,2,1,1,6,"01, SAINTIGNON (AVENUE D",0.0,0.0
201500028417,24,2,15,1,5,54,261,2,1,1,6,"42, CONCORDE (RUE DE LA)",0.0,0.0
201500028418,8,4,15,14,1,54,329,2,4,1,2,"19 bis, AVENUE DU 2° BCP",48.59111,6.50366
201500028419,27,5,15,15,1,54,329,2,2,1,3,RUE ERNEST BICHAT,48.5924,6.50906
201500028420,12,12,15,11,1,54,329,2,6,1,6,AVENUE DU 2ø BCP,48.59079,6.5037
201500028421,12,3,15,19,5,54,274,2,3,1,6,DE GAULLE (AVENUE DU GAL,48.66565,6.20808
201500028422,29,12,15,12,1,54,395,2,3,1,3,LIBERATION (AVENUE DE LA,0.0,0.0
201500028423,18,3,15,18,1,54,482,2,2,1,1,"0, HAIE-LE-COMTE (RUE DE",48.70475,6.20742
201500028424,31,12,15,19,5,54,526,2,1,1,6,POTIER (RUE EUGENE),0.0,0.0
201500028425,3,3,15,14,1,54,357,2,1,1,2,"47, LAFAYETTE (RUE)",48.70975,6.17186
201500028426,23,12,15,18,5,54,547,2,1,1,3,HEILLECOURT (CHEMIN DE),0.0,0.0
201500028427,4,3,15,8,1,54,395,2,1,1,6,"4, SAINT BODON (RUE)",48.69888,6.16528
201500028428,18,12,15,7,1,54,395,2,1,1,3,"11-13, LIGIER RICHIER (Q",48.70125,6.16797
201500028429,4,3,15,16,1,54,547,1,1,1,4,BOURGOGNE (AVENUE DE),48.65202,6.15028
201500028430,21,12,15,12,1,54,357,2,1,1,6,METZ (ROUTE DE),0.0,0.0
201500028431,2,3,15,7,4,54,184,2,1,1,6,TARBES (CHEMIN ET RUE DE,48.70908,6.24928
201500028432,17,11,15,8,1,54,395,2,1,1,3,"23, ALBERT 1ER  (BD)",0.0,0.0
201500028433,7,3,15,16,1,54,547,2,1,1,4,RD 674,48.66298,6.18864
201500028434,22,12,15,15,1,54,395,2,1,1,2,"47, LOBAU (BOULEVARD)",48.68894,6.19411
201500028435,27,11,15,9,1,54,395,2,1,5,6,FRANCE (AVENUE ANATOLE),0.0,0.0
201500028436,11,3,15,18,1,54,578,1,1,1,6,AIGUILLETTES  (BD 5 A 73,48.67033,6.15647
201500028437,13,3,15,7,1,54,395,2,1,1,3,"19, JACOB (RUE DU CHANOI",48.69961,6.17064
201500028438,21,12,15,17,5,54,547,2,4,1,3,LECLERC (AVENUE DU GENER,48.66064,6.16361
201500028439,12,3,15,9,1,54,547,2,3,1,3,LECLERC (AV. DU GENERAL,48.66,6.16667
201500028440,29,12,15,15,1,54,578,2,2,1,3,CATTENOZ (BD DU DOCTEUR),48.67723,6.15642
201500028441,13,3,15,0,5,54,395,2,1,1,6,SAINT GEORGES (RUE),48.69194,6.18589
201500028442,24,12,15,19,5,54,265,1,1,1,2,MIRECOURT (ROUTE DE),0.0,0.0
201500028443,17,3,15,14,1,54,395,2,1,1,2,STRASBOURG (AVENUE DE),48.68236,6.19183
201500028444,13,3,15,21,5,54,395,2,1,2,3,DE LA TOUR (RUE GEORGES),48.69225,6.19483
201500028445,15,3,15,18,1,54,300,2,1,1,6,CEZARD (RUE RAOUL),48.64841,6.24103
201500028446,20,11,15,19,5,54,395,2,4,1,1,ISABEY (RUE),48.69598,6.16999
201500028447,19,3,15,11,1,54,184,2,1,1,6,"40, BERIN (RUE ROGER)",48.70647,6.22575
201500028448,23,11,15,19,5,54,395,2,1,1,6,"48, SCARPONE (BD DE)",48.70334,6.1635
201500028449,19,3,15,12,1,54,395,2,1,1,6,"01, JEANNOT (RUE)",48.68997,6.18781
201500028450,18,3,15,20,5,54,578,2,1,1,6,AIGUILLETTES  (BD 5 A 73,48.67044,6.15758
201500028451,19,3,15,19,5,54,304,2,1,1,3,RESISTANCE (AV. DE LA -P,48.69461,6.12794
201500028452,17,3,15,10,1,54,357,2,1,1,3,COURBET (RUE),48.71275,6.16772
201500028453,23,12,15,14,1,54,547,2,2,2,6,EUROPE (BOULEVARD DE L'),48.66558,6.16733
201500028454,23,3,15,13,1,54,395,2,1,1,2,"70, STANISLAS (RUE)",48.69191,6.17797
201500028455,21,3,15,13,1,54,482,2,2,1,3,GAMBETTA (RUE),48.70475,6.20747
201500028456,25,3,15,15,1,54,395,2,2,1,3,SAINT JEAN (RUE),0.0,0.0
201500028457,28,12,15,18,2,54,547,2,1,1,2,NORVEGE (RUE DE),0.0,0.0
201500028458,16,3,15,9,1,54,395,1,1,1,6,"31, SAINT NICOLAS (RUE R",48.68911,6.18558
201500028459,23,3,15,18,1,54,395,2,1,1,3,"59, FRANCE (AVENUE ANATO",0.0,0.0
201500028460,2,3,15,17,1,54,578,2,1,9,2,SAURUPT (AVENUE DE),48.67733,6.15622
201500028461,28,3,15,20,5,54,526,2,1,2,2,POTIER (RUE EUGENE),48.68641,6.21786
201500028462,31,3,15,18,1,54,395,2,3,1,3,SCARPONE (BD DE),48.70272,6.16372
201500028463,31,3,15,13,1,54,304,2,1,1,6,BOIS GRONEE (AVENUE DU),48.68363,6.13911
201500028464,3,12,15,15,1,54,395,2,1,1,6,JARDINIERS (RUE DES,0.0,0.0
201500028465,13,3,15,16,1,54,304,2,1,1,2,BOIS GRONEE (AVENUE DU),48.68311,6.13967
201500028466,1,12,15,16,1,54,547,2,1,1,1,BARTHOU (BD LOUIS),0.0,0.0
201500028467,1,4,15,21,5,54,395,2,1,1,2,ALBERT 1ER  (BD),48.69308,6.16792
201500028468,2,12,15,18,5,54,395,2,1,1,2,"53, LOBAU (BOULEVARD)",0.0,0.0
201500028469,1,4,15,18,1,54,578,2,1,1,3,"189, LECLERC (AVENUE DU",0.0,0.0
201500028470,15,12,15,10,1,54,395,2,1,1,6,"161, LIBERATION (AVENUE",0.0,0.0
201500028471,3,4,15,17,1,54,498,2,2,2,3,RD 674,48.71381,6.25087
201500028472,9,3,15,18,2,54,357,2,1,1,6,PINCHARD (RUE RAYMOND LI,0.0,0.0
201500028473,5,4,15,13,1,54,495,2,1,1,3,FORET (RUE DE LA),0.0,0.0
201500028474,19,5,15,18,1,54,328,2,3,1,6,"98, SAINT EXUPERY (RUE A",48.6188,6.16917
201500028475,7,4,15,21,5,54,395,2,1,1,2,"0, LIBERATION (AVENUE DE",48.69597,6.14161
201500028476,10,4,15,23,5,54,395,2,1,1,1,TIERCELINS (RUE DES),48.69183,6.19297
201500028477,10,4,15,13,1,54,395,2,2,1,3,HUGO (RUE VICTOR),0.0,0.0
201500028478,14,4,15,16,1,54,395,2,1,1,6,"38, CINQ PIQUETS (CHEMIN",48.68833,6.19744
201500028479,4,4,15,18,1,54,395,2,1,1,6,TIERCELINS (RUE DES),0.0,0.0
201500028480,14,4,15,12,1,54,547,1,1,1,2,"24, LECLERC (AVENUE DU G",48.6605,6.16356
201500028481,9,4,15,11,1,54,482,2,1,1,6,"27, JEAN XXIII (RUE)",0.0,0.0
201500028482,10,4,15,13,1,54,547,2,1,1,3,"7, BAVIERE (RUE DE)",0.0,0.0
201500028483,13,4,15,14,1,54,547,2,1,1,2,"0, EUROPE (BOULEVARD DE",0.0,0.0
201500028484,2,12,15,11,1,54,495,2,3,1,3,CLOS DES TILLEULS (LOTIS,48.67689,6.24704
201500028485,6,3,15,22,5,54,526,2,1,1,1,JAURES (BOULEVARD JEAN),0.0,0.0
201500028486,2,3,15,16,1,54,498,2,1,2,2,"50, RD 674",48.7166,6.25754
201500028487,17,4,15,17,1,54,395,2,1,2,6,"4, DIEUZE (RUE DE)",48.6969,6.19303
201500028488,18,4,15,4,5,54,395,2,1,1,6,"380, LIBERATION (AVENUE",48.69648,6.14447
201500028489,10,4,15,19,1,54,482,2,1,1,3,"12, DE GAULLE (PLACE DU",0.0,0.0
201500028490,20,4,15,14,1,54,482,2,1,1,3,ALEXANDRE 1ER (RUE),0.0,0.0
201500028491,22,12,15,19,5,54,184,1,6,1,7,RD 674,0.0,0.0
201500028492,24,4,15,16,1,54,395,2,2,7,3,MANGIN (AVENUE DU GENERA,48.67191,6.16128
201500028493,27,4,15,9,1,54,184,2,1,2,6,"77, FOCH (AVENUE)",48.70505,6.22725
201500028494,23,12,15,13,1,54,274,2,6,2,3,FAURE (RUE GABRIEL),0.0,0.0
201500028495,27,4,15,17,1,54,304,1,1,1,3,SORTIE A.31 (bretelle),0.0,0.0
201500028496,31,12,15,11,1,54,395,2,1,1,2,LOBAU (BOULEVARD),0.0,0.0
201500028497,29,4,15,14,1,54,547,2,1,1,5,EUROPE (BOULEVARD DE L'),0.0,0.0
201500028498,30,4,15,18,1,54,184,2,1,2,3,"96-98, FOCH (AVENUE)",48.70511,6.22517
201500028499,19,3,15,13,1,54,304,2,1,1,6,"10, MOUZON (RUE DU)",0.0,0.0
201500028500,25,3,15,21,5,54,395,2,1,1,6,JAURES (BOULEVARD JEAN),48.68133,6.17847
201500028501,24,3,15,1,5,54,395,2,1,1,1,"10, AUSTRASIE (BOULEVARD",0.0,0.0
201500028502,28,3,15,10,1,54,395,2,1,1,3,"119, HAUSSONVILLE (BD D'",48.67133,6.1665
201500028503,29,4,15,16,1,54,395,2,1,1,6,"386, LIBERATION (AVENUE",0.0,0.0
201500028504,4,5,15,15,1,54,304,2,1,1,6,"32, DEROULEDE (AVENUE PA",48.68511,6.15562
201500028505,4,5,15,17,1,54,184,2,1,1,4,BRIGACHTAL (AVENUE DE),0.0,0.0
201500028506,7,5,15,17,1,54,395,2,2,1,6,"0, ARC (RUE JEANNE D' N",48.68341,6.17344
201500028507,11,5,15,14,1,54,395,2,2,1,6,HAGUENAUER (RUE DU GRAND,48.68852,6.17931
201500028508,9,5,15,11,1,54,395,2,1,1,2,"0, INSURRECTION DU GHETT",48.68297,6.18453
201500028509,6,5,15,21,5,54,395,2,2,2,3,SAINT NICOLAS (RUE RESTE,0.0,0.0
201500028510,3,4,15,7,1,54,304,2,1,1,6,EUROPE (AVENUE DE L'),0.0,0.0
201500028511,9,5,15,19,1,54,395,2,1,1,4,SAINT DIZIER (RUE 82 ET,0.0,0.0
201500028512,10,5,15,6,1,54,526,2,6,1,6,MILLENAIRE (Rond Point A,0.0,0.0
201500028513,14,5,15,1,5,54,395,2,1,1,6,NEUFCHATEAU (RUE FRANCOI,0.0,0.0
201500028514,7,5,15,18,1,54,395,2,1,1,6,"47, SAINT DIZIER (RUE 2",0.0,0.0
201500028515,13,5,15,16,1,54,526,2,1,1,2,MILLENAIRE (BOULEVARD DU,0.0,0.0
201500028516,15,5,15,19,1,54,547,2,1,1,2,ARC (AVENUE JEANNE D'),0.0,0.0
201500028517,19,5,15,16,1,54,395,2,1,1,1,"25, SAINT LAMBERT (IMPAS",0.0,0.0
201500028518,18,5,15,18,1,54,395,2,1,1,2,"144, SAINT DIZIER (RUE 8",48.6852,6.18675
201500028519,19,5,15,8,1,54,395,2,1,1,6,POINCARE (RUE HENRI),0.0,0.0
201500028520,21,5,15,18,1,54,395,2,1,1,2,"0, FRANCE (AVENUE ANATOL",0.0,0.0
201500028521,26,5,15,14,1,54,304,2,2,1,3,POINCARE (RUE RAYMOND),0.0,0.0
201500028522,9,5,15,13,1,54,547,1,1,1,3,BARTHOU (BD LOUIS),48.66841,6.18925
201500028523,19,5,15,16,1,54,395,2,2,1,3,GRANDE RUE,0.0,0.0
201500028524,29,5,15,11,1,54,395,2,1,1,3,"184, ARC ( RUE JEANNE D'",0.0,0.0
201500028525,15,5,15,16,1,54,395,2,1,1,6,BONSECOURS (RUE DE),0.0,0.0
201500028526,30,4,15,20,2,54,304,1,1,1,6,BOIS GRONEE (AVENUE DU),0.0,0.0
201500028527,12,5,15,18,1,54,395,2,1,1,4,MOULIN (BOULEVARD JEAN),0.0,0.0
201500028528,13,5,15,18,1,54,547,2,3,1,3,CARNOT (RUE),48.658,6.17389
201500028529,29,4,15,6,1,54,395,2,1,1,6,"6, SENN (RUE DU RECTEUR)",0.0,0.0
201500028530,21,5,15,15,1,54,395,1,1,1,6,"89, METZ (RUE DE)",48.7035,6.17022
201500028531,26,5,15,8,1,54,395,2,1,1,4,MIRECOURT (ROUTE DE),0.0,0.0
201500028532,30,5,15,6,5,54,395,2,1,1,6,ROTONDE (RUE DE LA),0.0,0.0
201500028533,18,5,15,8,1,54,395,1,6,1,3,BROT (Rue Marcel),0.0,0.0
201500028534,2,6,15,7,1,54,25,2,1,1,3,CHARTREUSE (AVENUE DE LA,0.0,0.0
201500028535,26,5,15,11,1,54,328,2,2,1,6,GENOBOIS (AVENUE DE),48.6156,6.17511
201500028536,28,5,15,19,1,54,395,2,2,1,3,TOMBLAINE (RUE DE),48.6864,6.19903
201500028537,8,6,15,21,1,54,395,2,2,1,3,LOBAU (BOULEVARD),48.68957,6.19378
201500028538,13,5,15,17,1,54,395,2,4,1,3,FOCH (AVENUE 2 A 16/,0.0,0.0
201500028539,9,6,15,6,1,54,184,2,1,1,6,"12, PRES (RUE DES)",48.70316,6.22205
201500028540,9,6,15,12,1,54,547,2,3,1,3,PARISOT (RUE DU DOYEN JA,48.6538,6.15321
201500028541,4,6,15,8,1,54,300,2,1,1,2,PATTON (RUE DU GENERAL),0.0,0.0
201500028542,10,6,15,11,1,54,395,2,1,1,6,SAINT LEON (RUE ET EGLIS,0.0,0.0
201500028543,10,6,15,18,1,54,395,2,2,1,1,NABECOR (RUE DE),48.6796,6.18977
201500028544,6,6,15,4,5,54,197,1,1,1,7,ERFURT (CHEMIN D'),48.61914,6.20433
201500028545,20,5,15,21,2,54,304,2,3,8,3,MEUSE (RUE DE LA),0.0,0.0
201500028546,4,6,15,12,1,54,395,2,1,1,6,"56, LOBAU (BOULEVARD)",48.68583,6.19563
201500028547,15,6,15,21,2,54,395,2,3,1,6,FOUCAULD (RUE CHARLES DE,48.70213,6.18218
201500028548,7,5,15,9,1,54,547,2,1,1,6,LECLERC (AVENUE DU GENER,0.0,0.0
201500028549,15,5,15,15,1,54,495,2,2,1,3,BLERIOT (RUE LOUIS),48.68929,6.24419
201500028550,16,6,15,16,1,54,184,2,1,1,2,"9, SOIXANTE NEUVIEME R.I",48.70574,6.23081
201500028551,12,6,15,18,1,54,395,2,1,1,3,"4b, MICHOTTES (RUE DES)",48.69264,6.17885
201500028552,17,6,15,15,1,54,25,1,3,1,5,CHARTREUSE (AVENUE DE LA,48.66176,6.24302
201500028553,14,6,15,11,1,54,357,2,1,1,3,"49, METZ (ROUTE DE)",48.70952,6.16718
201500028554,21,6,15,23,5,54,304,2,2,1,3,AIGUILLETTES  (BD 16 A 2,48.67935,6.14261
201500028555,18,6,15,10,1,54,395,2,1,1,6,"97, KELLER (RUE CHARLES)",48.70315,6.1752
201500028556,15,6,15,12,1,54,526,1,1,1,2,RN 74,0.0,0.0
201500028557,22,6,15,14,1,54,395,2,1,1,1,"01, MIRECOURT (ROUTE DE)",0.0,0.0
201500028558,24,6,15,11,1,54,395,2,1,1,2,"23, BOUFFLERS (AVENUE) D",48.68917,6.16186
201500028559,24,6,15,17,1,54,395,2,2,1,3,"147b, SAINT DIZIER (RUE",48.6868,6.18544
201500028560,23,6,15,17,1,54,495,2,3,1,5,BOSSERVILLE (ROUTE DE),48.68654,6.24526
201500028561,24,6,15,14,1,54,395,2,2,1,3,BLANDAN (IMPASSE ET RUE,48.6779,6.16834
201500028562,25,6,15,12,1,54,184,2,1,1,3,"3, MERE THERESA",48.70186,6.2241
201500028563,30,6,15,14,1,54,395,2,6,1,3,Marcel BROT (Rue et Rond,48.67693,6.20607
201500028564,25,6,15,17,1,54,578,2,1,1,2,MULLER (AVENUE PAUL),0.0,0.0
201500028565,25,6,15,17,1,54,395,2,1,1,2,"416, LIBERATION (AVENUE",48.6957,6.14067
201500028566,30,6,15,17,1,54,395,2,1,1,3,"32, ALBERT 1ER  (BD)",48.69552,6.16747
201500028567,30,6,15,6,1,54,498,2,3,1,3,RD 674,48.71886,6.26354