Num_Acc,jour,mois,an,hr,condition_eclairage,departement,commune,condition_agglomeration,intersection,condition_atmosphere,type_collision,adresse,lattitude,longitude
201500028568,1,7,15,18,1,54,395,2,1,1,2,"29, SAINT NICOLAS (RUE R",48.68919,6.18537
201500028569,15,6,15,14,1,54,395,2,1,1,2,DOMINICAINS (RUE DES),0.0,0.0
201500028570,3,7,15,8,1,54,395,2,1,1,6,LECLERC (AV. DU GENE,0.0,0.0
201500028571,3,7,15,15,1,54,395,2,1,1,2,"18, SAINT LAMBERT (IMPAS",48.68751,6.16426
201500028572,5,7,15,19,2,54,547,2,1,1,3,BOURGOGNE (AVENUE DE),0.0,0.0
201500028573,2,7,15,8,1,54,395,2,3,1,6,"38, HULOT (RUE DU GENERA",48.6725,6.16536
201500028574,28,5,15,16,1,54,339,2,1,1,2,14 rue COLONEL DRIANT,0.0,0.0
201500028575,2,7,15,19,1,54,395,2,3,1,3,METZ (RUE DE),48.7016,6.17147
201500028576,1,7,15,10,1,54,395,2,1,1,6,POINCARE (RUE RAYMOND 1-,0.0,0.0
201500028577,4,7,15,11,1,54,357,2,2,1,3,LAFAYETTE (RUE),48.71266,6.16802
201500028578,10,7,15,17,1,54,304,2,1,1,2,RESISTANCE (AV. DE LA -P,0.0,0.0
201500028579,13,7,15,9,1,54,547,1,1,1,3,ALSACE  (PLACE GERARD D',0.0,0.0
201500028580,11,7,15,18,1,54,547,2,1,1,3,"08, BRIAND (RUE ARISTIDE",0.0,0.0
201500028581,15,7,15,18,1,54,395,2,1,1,6,"119, STRASBOURG (AVENUE",48.67922,6.19673
201500028582,17,7,15,11,1,54,395,2,2,1,3,LOBAU (BOULEVARD),48.6796,6.19853
201500028583,16,7,15,16,1,54,184,2,2,1,3,BRIGACHTAL (AVENUE DE),48.703,6.22797
201500028584,22,7,15,16,1,54,395,2,1,1,6,VINGT SIXIEME R.I.,0.0,0.0
201500028585,21,7,15,12,1,54,395,2,1,1,3,FRANCE (AVENUE ANATOLE),0.0,0.0
201500028586,24,7,15,19,1,54,304,2,2,9,6,LIBERATION (AVENUE DE LA,48.6781,6.15944
201500028587,26,7,15,19,1,54,395,2,1,1,3,VICTOR (RUE),0.0,0.0
201500028588,30,7,15,11,1,54,304,2,1,1,3,"68, MAREVILLE (CHEMIN ET",48.6808,6.14532
201500028589,29,7,15,5,2,54,395,2,1,3,3,PINCHARD (AVENUE OMBELLE,0.0,0.0
201500028590,29,7,15,15,1,54,395,2,1,1,4,HAUSSONVILLE (BD D'),0.0,0.0
201500028591,18,6,15,17,1,54,257,1,1,1,3,HAQUIN (AVENUE EMILE),0.0,0.0
201500028592,9,7,15,8,1,54,395,2,1,1,6,JUIN (AVENUE DU MARECHAL,0.0,0.0
201500028593,30,7,15,13,1,54,395,2,1,1,2,"79, VINGTIEME CORPS (AVE",48.69695,6.19772
201500028594,6,8,15,10,1,54,578,2,1,7,6,"2, FOCH (BOULEVARD MAREC",48.67745,6.15628
201500028595,4,7,15,14,1,54,395,2,1,1,6,JAURES (BOULEVARD JEAN),0.0,0.0
201500028596,9,7,15,12,1,54,395,1,2,1,6,METZ (RUE DE),48.70168,6.17153
201500028597,13,7,15,17,1,54,395,2,1,1,6,FRANCE (AVENUE ANATOLE),0.0,0.0
201500028598,3,8,15,10,1,54,395,2,2,1,6,BOBILLOT (RUE DU SERGENT,48.68566,6.16103
201500028599,4,8,15,17,1,54,547,2,1,1,6,"12, LUXEMBOURG (RUE DU)",48.66435,6.17013
201500028600,1,8,15,20,1,54,304,2,1,1,6,RESISTANCE (AV. DE LA -I,0.0,0.0
201500028601,12,8,15,16,1,54,547,2,1,1,2,LECLERC (AVENUE DU GENER,0.0,0.0
201500028602,13,8,15,18,1,54,395,2,1,1,7,"75, VAYRINGE (RUE)",48.70692,6.17721
201500028603,14,8,15,15,1,54,495,2,3,1,3,TOMBLAINE (RUE DE),0.0,0.0
201500028604,11,8,15,13,1,54,395,2,2,1,3,LAXOU (Rue de),0.0,0.0
201500028605,22,8,15,1,5,54,395,2,1,1,6,CARRIERE (PLACE DE LA),48.69465,6.1825
201500028606,22,8,15,17,1,54,339,2,2,1,3,CARNOT (RUE SADI),0.0,0.0
201500028607,13,8,15,10,1,54,395,1,1,1,2,BROT (Rond-Point Marcel),0.0,0.0
201500028608,17,8,15,8,1,54,395,2,2,1,3,ABOUT  (RUE EDMOND),0.0,0.0
201500028609,21,8,15,13,1,54,547,2,1,1,4,EUROPE (BOULEVARD DE L'),0.0,0.0
201500028610,21,8,15,10,1,54,395,2,1,1,3,"14, VERGER (RUE ET RUELL",48.6907,6.16958
201500028611,22,8,15,12,1,54,395,2,2,1,3,CARMES (RUE DES),48.6904,6.18136
201500028612,30,8,15,10,1,54,184,2,4,1,6,FOCH (AVENUE),0.0,0.0
201500028613,27,8,15,17,1,54,395,2,1,1,6,MAILLARD (Rue Louis Cami,0.0,0.0
201500028614,28,8,15,22,4,54,328,1,1,1,7,MESSEIN (ROUTE DE),0.0,0.0
201500028615,31,8,15,16,1,54,547,2,1,1,2,ARC (AVENUE JEANNE D'),0.0,0.0
201500028616,1,9,15,9,1,54,274,2,1,1,6,SONGEUR (RUE LEON),0.0,0.0
201500028617,1,9,15,11,1,54,547,2,1,1,6,BOURGOGNE (AVENUE DE),0.0,0.0
201500028618,2,9,15,13,1,54,395,2,2,1,2,CLEMENCEAU (BD GEORGES),48.67884,6.18003
201500028619,3,9,15,6,2,54,395,2,1,1,2,NABECOR (RUE DE),48.68126,6.1935
201500028620,3,9,15,15,1,54,395,2,1,1,6,"40, SAINT DIZIER (RUE 2",0.0,0.0
201500028621,21,8,15,2,4,54,395,2,1,1,6,VAYRINGE (RUE),0.0,0.0
201500028622,1,9,15,19,1,54,395,2,3,1,3,BADONVILLER (RUE DE),0.0,0.0
201500028623,10,9,15,17,1,54,578,2,1,1,6,JARDIN BOTANIQUE (RUE DU,0.0,0.0
201500028624,11,9,15,19,5,54,526,2,1,1,2,FRATERNITE (RUE DE LA),0.0,0.0
201500028625,3,8,15,12,1,54,184,1,1,1,2,BRIGACHTAL (AVENUE DE),0.0,0.0
201500028626,14,8,15,10,1,54,304,2,1,1,2,FOCH (BOULEVARD MARECHAL,0.0,0.0
201500028627,14,8,15,2,5,54,578,2,1,1,6,MULLER (AVENUE PAUL),0.0,0.0
201500028628,9,9,15,12,1,54,395,2,1,1,6,"6, CHARLES V (BOULEVARD)",0.0,0.0
201500028629,15,9,15,8,1,54,547,2,1,1,3,EUROPE (BOULEVARD DE L'),0.0,0.0
201500028630,20,9,15,13,1,54,25,1,1,1,3,SAINT PHLIN (RUE DU FAUB,0.0,0.0
201500028631,12,9,15,17,1,54,304,2,1,2,3,"72, POINCARE (RUE RAYMON",0.0,0.0
201500028632,4,9,15,20,2,54,526,2,2,1,3,RD 2 BIS,0.0,0.0
201500028633,8,9,15,7,1,54,395,2,1,1,6,"11-13, LIGIER RICHIER (Q",0.0,0.0
201500028634,10,9,15,18,1,54,395,2,3,1,3,"209, LIBERATION (AVENUE",0.0,0.0
201500028635,10,9,15,12,1,54,395,2,1,1,4,VINGT SIXIEME R.I. (BOUL,0.0,0.0
201500028636,11,9,15,17,1,54,526,2,1,1,4,CONCORDE (AVENUE DE),0.0,0.0
201500028637,12,9,15,12,1,54,395,2,1,1,2,SCARPONE (BD DE),0.0,0.0
201500028638,17,9,15,16,1,54,395,2,1,1,2,PLACIEUX (RUE DU),0.0,0.0
201500028639,15,9,15,18,1,54,578,2,3,1,3,MULLER (AVENUE PAUL),0.0,0.0
201500028640,21,9,15,18,1,54,274,2,3,1,2,REPUBLIQUE (RUE DE LA),0.0,0.0
201500028641,19,9,15,22,5,54,547,2,1,1,2,EUROPE (BOULEVARD DE L'),0.0,0.0
201500028642,19,9,15,22,5,54,395,2,3,1,6,PIXERECOURT (RUE GUILBER,0.0,0.0
201500028643,23,9,15,18,1,54,328,2,1,1,2,A 330 (Bretelle Sortie),0.0,0.0
201500028644,24,9,15,11,1,54,395,2,3,1,3,PFISTER (RUE CHRISTIAN),0.0,0.0
201500028645,20,9,15,13,1,54,395,2,1,1,4,"47, DE LATTRE DE TASSIGN",0.0,0.0
201500028646,23,9,15,19,2,54,395,2,2,1,3,LECLERC (AV. DU GENE,0.0,0.0
201500028647,24,9,15,8,1,54,395,2,4,1,3,OBERLIN (RUE),0.0,0.0
201500028648,25,9,15,19,1,54,547,2,1,1,2,LECLERC (AVENUE DU GENER,0.0,0.0
201500028649,21,9,15,16,1,54,547,2,1,1,2,MASSON (AVENUE DESIRE),0.0,0.0
201500028650,30,9,15,1,5,54,395,2,1,1,6,ARC ( RUE JEANNE D'N,0.0,0.0
201500028651,28,9,15,9,1,54,547,2,1,1,2,FORET DE HAYE (RUE DE LA,0.0,0.0
201500028652,28,9,15,10,1,54,257,2,1,1,3,SONGEUR (RUE LEON),0.0,0.0
201500028653,30,9,15,8,1,54,395,2,1,1,3,"53, BONSECOURS (RUE DE)",48.6751,6.91961
201500028654,28,9,15,8,1,54,395,2,3,1,6,"39, AUSTRASIE (BOULEVARD",0.0,0.0
201500028655,2,10,15,9,1,54,395,2,2,1,3,BOUFFLERS (AV. DE 74 A 3,0.0,0.0
201500028656,27,9,15,9,1,54,357,2,1,1,3,PINCHARD (RUE RAYMOND LI,48.70389,6.15282
201500028657,29,9,15,7,1,54,395,2,4,1,6,PICHON (RUE),0.0,0.0
201500028658,5,10,15,8,1,54,395,2,1,1,6,LEOPOLD (COURS),0.0,0.0
201500028659,28,8,15,18,1,54,395,2,1,1,2,ADAM  (RUE SIGISBERT),0.0,0.0
201500028660,30,9,15,12,1,54,547,2,3,1,3,HUITIEME REGIMENT D'ARTI,0.0,0.0
201500028661,3,10,15,19,2,54,395,2,2,1,3,FOCH (AVENUE 18 ET 9 A F,48.68752,6.17071
201500028662,30,9,15,8,1,54,304,2,1,1,4,RHIN (AV. DU),0.0,0.0
201500028663,13,9,15,11,1,54,304,1,1,2,6,BOIS GRONEE (AVENUE DU),0.0,0.0
201500028664,6,10,15,13,1,54,328,2,1,3,6,"1411, CURIE (RUE PIERRE",0.0,0.0
201500028665,14,9,15,18,2,54,395,2,1,1,6,FOLLER (RUE),0.0,0.0
201500028666,8,10,15,17,1,54,395,2,1,1,2,MOLITOR (RUE),0.0,0.0
201500028667,14,9,15,12,1,54,395,2,1,1,4,"50, LOBAU (BOULEVARD)",0.0,0.0
201500028668,9,10,15,19,5,54,395,2,3,1,1,JAURES (BOULEVARD JE,0.0,0.0
201500028669,6,10,15,19,5,54,395,2,4,2,3,"82, TOMBLAINE (RUE DE)",0.0,0.0
201500028670,9,10,15,18,1,54,578,1,3,1,3,MULLER (AVENUE PAUL),48.6568,6.13169
201500028671,14,9,15,19,5,54,395,2,2,1,3,LEBRUN (RUE ALBERT),0.0,0.0
201500028672,13,10,15,7,2,54,547,2,1,1,2,"0, MIRECOURT (ROUTE DE)",48.66916,6.192
201500028673,13,10,15,15,1,54,304,2,1,1,2,AFFOUAGES  (RUE DES),0.0,0.0
201500028674,17,10,15,14,1,54,395,2,1,8,6,"91, SAINT DIZIER (RUE 2",0.0,0.0
201500028675,8,10,15,15,1,54,547,2,2,1,6,CARNOT (RUE),48.6592,6.17313
201500028676,6,9,15,6,1,54,395,2,2,1,2,MOROT (PLACE AIME),48.69957,6.16555
201500028677,16,10,15,12,1,54,304,2,2,1,1,RESISTANCE (AV. DE LA -I,0.0,0.0
201500028678,19,10,15,16,1,54,257,2,1,1,3,"32, LEMAIRE (RUE GUSTAVE",0.0,0.0
201500028679,22,10,15,11,1,54,304,2,2,2,3,SAPINIERE (RUE DE LA),0.0,0.0
201500028680,10,10,15,20,5,54,395,2,1,1,2,SABLES (RUE DES),0.0,0.0
201500028681,26,10,15,15,1,54,395,2,1,1,6,"41, QUATRE EGLISES (RUE",48.68777,6.18232
201500028682,23,10,15,16,1,54,395,2,1,1,3,", LIBERATION (AVENUE DE",48.69741,6.15531
201500028683,25,10,15,12,1,54,547,2,3,1,3,JONQUILLES (AVENUE DES),48.66192,6.18531
201500028684,22,10,15,10,1,54,274,2,1,1,1,"6, APOTHICAIRES  (RUE DE",0.0,0.0
201500028685,26,10,15,18,5,54,395,2,7,1,2,GIRAUD (PLACE DU GENERAL,0.0,0.0
201500028686,22,9,15,13,1,54,395,2,1,1,6,MOLITOR (RUE),0.0,0.0
201500028687,29,10,15,0,5,54,395,2,1,1,6,PINCHARD (AVENUE - OMBEL,0.0,0.0
201500028688,23,10,15,19,5,54,495,1,1,1,4,RD 674,0.0,0.0
201500028689,24,10,15,16,1,54,495,2,1,1,3,BOSSERVILLE (ROUTE DE),0.0,0.0
201500028690,27,10,15,14,1,54,395,2,5,1,3,AUSTRASIE (BOULEVARD),0.0,0.0
201500028691,23,10,15,10,1,54,304,2,3,1,3,"0, RESISTANCE (AV. DE LA",48.69461,6.13769
201500028692,30,10,15,19,5,54,184,2,1,1,3,"80bis, SOIXANTE NEUVIEME",0.0,0.0
201500028693,23,10,15,19,5,54,184,1,1,1,4,"0, RD 674",48.68986,6.23708
201500028694,23,9,15,20,1,54,304,2,1,1,6,FOCH (BOULEVARD MARECHAL,48.68072,6.1533
201500028695,2,11,15,17,5,54,304,2,1,1,4,AIGUILLETTES  (BD 16 A 2,0.0,0.0
201500028696,23,10,15,13,1,54,395,2,1,1,6,"61, MANGIN (AVENUE DU GE",44.66747,6.16536
201500028697,30,10,15,20,5,54,395,2,1,1,6,"88, LOBAU (BOULEVARD)",48.68448,6.19635
201500028698,2,11,15,18,1,54,578,2,3,1,6,FENELON (RUE),48.67201,6.15729
201500028699,4,11,15,17,1,54,578,2,2,1,3,MULLER (AVENUE PAUL),48.66976,6.15695
201500028700,1,11,15,17,5,54,547,2,1,1,6,"0, EUROPE (BOULEVARD DE",48.66239,6.17284
201500028701,5,11,15,14,1,54,395,2,1,7,6,"11, LEBRUN (RUE ALBERT)",0.0,0.0
201500028702,6,11,15,19,5,54,395,2,1,1,6,PINCHARD (AVENUE - OMBEL,0.0,0.0
201500028703,8,11,15,0,5,54,395,2,2,1,3,BAR (PLACE DES DUCS DE),0.0,0.0
201500028704,5,11,15,7,1,54,395,2,1,1,6,"33, MOUILLERON (RUE GABR",48.68539,6.17809
201500028705,5,11,15,14,1,54,395,2,1,1,2,"0, POINCARE (RUE HENRI)",48.69102,6.1768
201500028706,11,11,15,16,1,54,395,2,1,1,6,"54, COLLINE (RUE DE LA)",48.69861,6.15775
201500028707,6,11,15,10,1,54,395,2,1,2,4,"8, VINGT SIXIEME R.I. (B",48.69618,6.18951
201500028708,3,10,15,10,1,54,526,2,1,1,6,MITTERAND (RUE FRANCOIS),0.0,0.0
201500028709,29,10,15,18,5,54,395,2,1,1,6,"18, POINCARE (RUE RAYMON",0.0,0.0
201500028710,9,11,15,16,2,54,304,2,3,1,6,"61, ZOLA (RUE EMILE)",48.68215,6.15591
201500028711,9,11,15,18,5,54,395,2,1,1,2,"28, SCARPONE (BD DE)",48.70193,6.16403
201500028712,8,10,15,15,1,54,395,2,1,1,6,"45, PONT MOUJA (RUE DU)",0.0,0.0
201500028713,12,11,15,8,1,54,339,2,1,1,6,LION D'OR (RUE DU),48.71211,6.17784
201500028714,10,10,15,16,1,54,395,2,1,1,3,"51, HAUSSONVILLE (BD D')",0.0,0.0
201500028715,14,11,15,17,5,54,328,2,4,1,3,GENOBOIS (AVENUE DE),48.61238,6.17022
201500028716,11,10,15,15,1,54,197,1,1,1,6,RD 73,0.0,0.0
201500028717,13,11,15,18,2,54,395,2,1,1,4,BONSECOURS (RUE DE),48.67697,6.19844
201500028718,14,11,15,19,5,54,395,2,1,1,5,"97, CHARLES III (RUE)",48.68848,6.1904
201500028719,15,11,15,11,1,54,395,2,1,1,3,PINCHARD (AVENUE - OMBEL,0.0,0.0
201500028720,17,11,15,20,5,54,526,2,1,2,2,HERBUVAUX (PLACE RENE),0.0,0.0
201500028721,21,10,15,8,1,54,395,2,1,1,2,SABLES (RUE DES),48.68678,6.1993
201500028722,19,11,15,9,1,54,578,1,1,1,6,MULLER (AVENUE PAUL),48.65869,6.1393
201500028723,20,11,15,17,1,54,395,2,1,1,3,HERMITE (RUE),48.69884,6.17257
201500028724,19,11,15,20,5,54,395,2,3,1,2,BEGONIAS (RUE DES),48.68897,6.18863
201500028725,20,11,15,9,1,54,395,2,2,2,6,VERDUN (rue de),48.69719,6.17035
201500028726,20,11,15,17,5,54,578,1,3,3,1,MULLER (AVENUE PAUL),48.65684,6.13164
201500028727,18,11,15,7,2,54,300,2,1,1,1,"125, GALTIER (RUE LUCIEN",48.66399,6.21805
201500028728,20,11,15,19,5,54,395,2,1,2,2,"31, DIEUZE (RUE DE)",0.0,0.0
201500028729,20,11,15,6,5,54,395,2,2,3,6,MOLITOR (RUE),0.0,0.0
201500028730,20,11,15,20,5,54,395,2,2,2,6,MAUVAIS (RUE VIRGINIE),48.70335,6.18176
201500028731,7,11,15,11,1,54,395,2,1,1,2,MAZAGRAN (RUE),48.68977,6.17603
201500028732,5,11,15,18,5,54,547,2,3,1,6,MALINES (RUE DE),48.6641,6.17372
201500028733,24,11,15,13,1,54,395,2,2,1,2,FUSILLES (PONT DES),48.68596,6.18106
201500028734,25,11,15,16,5,54,274,2,3,2,6,"5, GALLIENI (RUE DU MARE",48.66938,6.19987
201500028735,28,11,15,20,5,54,395,2,1,1,3,"88, LOBAU (BOULEVARD)",0.0,0.0
201500028736,2,12,15,7,2,54,526,2,1,1,6,MILLENAIRE (Rond Point A,0.0,0.0
201500028737,24,11,15,20,5,54,395,2,1,1,2,HAUSSONVILLE (BD D'),48.6699,6.16803
201500028738,29,11,15,12,1,54,526,2,2,1,3,CAMELINAT (RUE),48.68833,6.20905
201500028739,2,12,15,17,5,54,300,2,1,1,6,GALTIER (RUE LUCIEN),48.65925,6.22747
201500028740,7,12,15,9,1,54,25,1,3,1,2,CHARTREUSE (AVENUE DE LA,48.66172,6.243
201500028741,1,12,15,17,5,54,395,2,2,1,6,CHARLES III (RUE),48.68776,6.18829
201500028742,4,12,15,13,1,54,395,2,1,1,6,RD 674,48.6743,6.19672
201500028743,9,12,15,12,1,54,395,2,1,1,3,"35, JUIN (AVENUE DU MARE",0.0,0.0
201500028744,29,11,15,17,5,54,395,2,1,1,6,MOTHE (RUE DE LA),0.0,0.0
201500028745,14,12,15,17,5,54,184,2,1,1,4,BRIGACHTAL (AVENUE DE),0.0,0.0
201500028746,4,12,15,15,1,54,395,2,1,2,6,"45, CHARLES III (RUE)",48.68715,6.18626
201500028747,8,12,15,11,1,54,395,2,3,1,3,METZ (RUE DE),48.7035,6.17025
201500028748,8,12,15,16,1,54,184,2,1,1,6,BRIGACHTAL (AVENUE DE),48.70072,6.22478
201500028749,9,12,15,7,5,54,578,2,3,2,2,AIGUILLETTES  (BD 5 A 73,48.67232,6.15485
201500028750,14,12,15,14,1,54,395,2,1,1,7,FOCH (AVENUE 2 A 16/1 A,0.0,0.0
201500028751,14,12,15,17,2,54,395,2,2,1,6,BATAILLE (QUAI DE LA),48.68259,6.18439
201500028752,8,12,15,9,1,54,395,2,1,7,6,ESPLANADE DU SOUVENIR FR,0.0,0.0
201500028753,14,12,15,18,5,54,304,2,2,1,1,EUROPE (AVENUE DE L'),48.67976,6.14836
201500028754,17,12,15,9,1,54,395,2,3,1,6,LORRAIN (QUAI CLAUDE LE),48.69063,6.17362
201500028755,9,12,15,20,5,54,395,2,2,1,6,VINGTIEME CORPS (AVENUE,48.69545,6.19591
201500028756,16,12,15,19,5,54,395,2,3,1,3,STANISLAS (RUE),48.69248,6.17984
201500028757,19,12,15,13,1,54,300,2,1,1,3,GALTIER (RUE LUCIEN),48.65879,6.22876
201500028758,17,12,15,17,2,54,395,2,1,1,6,"24, CARRIERE (PLACE DE L",0.0,0.0
201500028759,23,12,15,10,1,54,547,2,1,1,6,PALISSY (RUE BERNARD),0.0,0.0
201500028760,23,12,15,19,5,54,304,2,3,2,6,"9, DEROULEDE (AVENUE PAU",0.0,0.0
201500028761,3,12,15,18,5,54,482,2,1,1,3,"28, CARNOT (AVENUE)",0.0,0.0
201500028762,4,1,15,7,5,54,395,2,2,1,3,JACOB (RUE DU CHANOINE),0.0,0.0
201500028763,4,1,15,20,5,54,395,2,1,1,3,"146, STRASBOURG (AVENUE",0.0,0.0
201500028764,5,1,15,10,1,54,357,2,2,5,3,METZ (ROUTE DE),0.0,0.0
201500028765,6,1,15,13,1,54,395,2,3,1,3,STRASBOURG (AVENUE DE),0.0,0.0
201500028766,6,1,15,16,1,54,547,2,1,1,6,"16, AQUITAINE  (RUE D')",0.0,0.0
201500028767,7,1,15,10,1,54,578,2,1,1,2,MULLER (AVENUE PAUL),0.0,0.0
201500028768,8,1,15,13,1,54,526,2,1,1,6,MOULIN (RUE JEAN),0.0,0.0
201500028769,8,1,15,11,1,54,395,2,1,1,6,"37, BAZIN (RUE HENRI)",0.0,0.0
201500028770,8,1,15,14,1,54,300,2,1,2,6,"37, PATTON (RUE DU GENER",0.0,0.0
201500028771,8,1,15,17,5,54,395,2,1,3,6,"632, PINCHARD (AVENUE -",0.0,0.0
201500028772,8,1,15,19,5,54,547,2,4,2,6,"0, BRIAND (RUE ARISTIDE)",48.67112,6.17992
201500028773,9,1,15,16,5,54,395,2,1,2,3,"12, BERTIN (RUE EMILE)",0.0,0.0
201500028774,10,1,15,11,1,54,184,2,1,2,3,BRIGACHTAL (AVENUE DE),0.0,0.0
201500028775,10,1,15,18,5,54,482,2,2,1,6,CARNOT (AVENUE),0.0,0.0
201500028776,12,1,15,12,1,54,395,2,1,1,3,GLACIS (RUE DES),0.0,0.0
201500028777,13,1,15,13,1,54,339,2,1,1,6,"6, EGLISE (RUE DE L')",0.0,0.0
201500028778,13,1,15,19,5,54,395,2,2,2,6,DEGLIN (RUE HENRI),0.0,0.0
201500028779,15,1,15,17,5,54,482,2,1,1,4,GAMBETTA (RUE),0.0,0.0
201500028780,16,1,15,14,1,54,184,2,1,2,6,"24 Bis, FOCH (AVENUE)",0.0,0.0
201500028781,16,1,15,22,5,54,395,2,1,2,2,LIBERATION (AVENUE DE LA,0.0,0.0
201500028782,18,1,15,10,1,54,395,2,2,1,3,DESILLES (RUE),0.0,0.0
201500028783,18,1,15,17,5,54,304,2,1,1,2,RESISTANCE (AV. DE LA -I,0.0,0.0
201500028784,19,1,15,9,1,54,395,2,2,1,3,GUIBAL (RUE),0.0,0.0
201500028785,20,1,15,9,1,54,482,2,1,1,2,"17, CARNOT (AVENUE)",0.0,0.0
201500028786,21,1,15,14,1,54,395,2,2,1,6,POINCARE (RUE RAYMOND 31,0.0,0.0
201500028787,21,1,15,17,5,54,395,2,2,1,6,SAINT DIZIER (RUE 82 ET,0.0,0.0
201500028788,24,1,15,11,1,54,395,2,1,4,6,"34, Rue du General Frere",0.0,0.0
201500028789,25,1,15,10,1,54,395,2,1,1,3,"46, SCARPONE (BD DE)",0.0,0.0
201500028790,26,1,15,11,1,54,395,2,2,2,6,CHARLES III (RUE),0.0,0.0
201500028791,27,1,15,9,1,54,395,2,1,1,6,BLANDAN (IMPASSE ET RUE,0.0,0.0
201500028792,27,1,15,10,1,54,395,2,3,1,6,"0, CARMES (RUE DES)",0.0,0.0
201500028793,27,1,15,13,1,54,395,2,1,1,6,"160, STRASBOURG (AVENUE",0.0,0.0
201500028794,27,1,15,15,1,54,547,2,1,1,6,BARTHOU (BD LOUIS),0.0,0.0
201500028795,29,1,15,8,1,54,395,2,2,2,6,"37, BOUDONVILLE (Rue de)",0.0,0.0
201500028796,30,1,15,17,5,54,395,2,1,1,6,AIGUILLETTES  (BD DES),0.0,0.0
201500028797,30,1,15,18,5,54,395,2,2,2,6,"0, VINGTIEME CORPS (AVEN",0.0,0.0
201500028798,1,2,15,18,5,54,395,2,1,2,4,"104, ARC (RUE JEANNE D'",0.0,0.0
201500028799,2,2,15,10,1,54,395,2,1,1,3,"226, STRASBOURG (AVENUE",0.0,0.0
201500028800,3,2,15,15,1,54,274,2,3,1,5,"95, REPUBLIQUE (RUE DE L",0.0,0.0
201500028801,5,2,15,7,5,54,578,2,1,1,6,CLEMENCEAU (RUE GEORGES),0.0,0.0
201500028802,11,2,15,15,1,54,578,2,1,1,4,AIGUILLETTES  (BD 5 A 73,0.0,0.0
201500028803,11,2,15,15,1,54,395,2,1,1,6,MARQUETTE (RUE),0.0,0.0
201500028804,12,2,15,22,5,54,395,2,2,1,3,MONNET (RUE JEAN),0.0,0.0
201500028805,13,2,15,1,5,54,395,2,1,1,6,MIRECOURT (ROUTE DE),0.0,0.0
201500028806,13,2,15,14,1,54,498,2,2,1,3,GRANDS PRES (RUE DES),0.0,0.0
201500028807,12,2,15,21,5,54,395,2,2,1,3,VERDUN (rue de),0.0,0.0
201500028808,17,2,15,8,1,54,25,1,1,2,6,RD 2 Bis,0.0,0.0
201500028809,19,2,15,16,1,54,395,2,1,1,2,Marcel BROT (Rue et Rond,0.0,0.0
201500028810,20,2,15,17,1,54,395,2,1,1,6,SAINT DIZIER (RUE 2 A 80,0.0,0.0
201500028811,22,2,15,5,5,54,395,2,3,1,6,"1, JOFFRE (Boulevard)",0.0,0.0
201500028812,25,2,15,6,2,54,304,2,3,1,3,RESISTANCE (AV. DE LA -I,0.0,0.0
201500028813,25,2,15,7,1,54,395,2,1,1,6,DOMBASLE (PLACE),0.0,0.0
201500028814,25,2,15,17,1,54,304,2,3,1,5,"0, VOLOGNE (RUE DE LA)",0.0,0.0
201500028815,27,2,15,1,5,54,395,2,3,2,6,DUROC (RUE DU GENERAL),0.0,0.0
201500028816,26,2,15,22,5,54,304,2,1,2,5,"21, RESISTANCE (AV. DE L",0.0,0.0
201500028817,27,2,15,8,1,54,547,2,1,2,2,"9, OPALINSKA (RUE CATHER",0.0,0.0
201500028818,27,2,15,12,1,54,395,2,2,1,3,ISABEY (RUE),0.0,0.0
201500028819,28,2,15,13,1,54,395,2,1,1,6,AUXONNE (RUE D'),0.0,0.0
201500028820,14,3,15,11,1,54,431,2,1,1,7,BROSSOLETTE (ALLEE PIERR,0.0,0.0
201500028821,3,4,15,12,1,54,431,2,3,1,7,"03, NEY (BOULEVARD)",48.90172,6.05094
201500028822,16,5,15,17,1,54,431,1,1,1,3,RD 657 CHAMPEY,48.93694,6.06327
201500028823,4,5,15,9,1,54,431,2,1,1,6,CAPUCINS (IMPASSE DES),48.90594,6.05176
201500028824,19,6,15,19,1,54,79,2,3,1,3,CLAUDE (AVENUE VICTOR),48.89037,6.05259
201500028825,21,7,15,16,1,54,431,1,3,1,5,BRIEY (ROUTE DE),48.91291,6.03737
201500028826,29,7,15,15,1,54,431,1,1,1,6,RD 910 LESMENILS,48.92252,6.09007
201500028827,5,8,15,9,1,54,431,2,1,1,6,JOFFRE (RUE DU MARECHAL),48.90352,6.05626
201500028828,19,8,15,12,1,54,431,1,1,1,6,RD 910 BIS (ROCADE DE LI,48.91861,6.05045
201500028829,10,9,15,11,1,54,431,2,3,1,6,"33, GAMBETTA (RUE)",48.90573,6.05997
201500028830,23,11,15,18,5,54,332,2,3,1,1,"17, Eisenhower ( avenue",48.90214,6.03618
201500028831,9,12,15,17,2,54,79,2,3,1,3,"26, PETITE-SUISSE (AVENU",48.88793,6.04999
201500028832,3,2,15,17,5,54,431,2,2,1,7,"04, GAMBETTA (RUE)",48.90508,6.05846
201500028833,22,2,15,10,1,54,431,1,6,1,3,BRIEY (ROUTE DE),48.91704,6.03762
201500028834,26,2,15,12,1,54,431,2,3,1,3,"15, DAMAY (RUE)",48.9083,6.05794
201500028835,28,2,15,12,1,54,79,2,2,1,3,PETITE-SUISSE (AVENUE DE,48.88699,6.04855
201500028836,14,3,15,12,1,54,528,2,3,1,1,JEAN JAURES (AVENUE),48.66729,5.88303
201500028837,26,3,15,16,1,54,528,2,1,1,1,ALBERT DENIS,0.0,0.0
201500028838,21,2,15,5,3,54,528,1,1,2,7,VILLEY SAINT ETIENNE (RO,48.69197,5.91819
201500028839,12,3,15,13,1,54,575,1,2,7,3,RD 125,49.45986,5.85843