Num_Acc,jour,mois,an,hr,condition_eclairage,departement,commune,condition_agglomeration,intersection,condition_atmosphere,type_collision,adresse,lattitude,longitude
201500028840,15,4,15,21,3,54,580,1,1,1,1,AUDUN (ROUTE D'),0.0,0.0
201500028841,4,5,15,19,1,54,580,2,3,1,3,"57b, LIBERATION (AVENUE",0.0,5.92545
201500028842,30,5,15,13,1,54,580,2,6,8,7,"45, LIBERATION (AVENUE D",0.0,0.0
201500028843,8,7,15,16,1,54,580,2,3,1,6,"5, LEBRUN ALBERT (RUE)",49.47062,5.92962
201500028844,17,5,15,19,1,54,580,2,1,1,7,"82, LIBERATION (AVENUE D",49.45485,5.92361
201500028845,7,9,15,7,2,54,149,1,2,1,1,DEPARTEMENTAL 521 (ROUTE,49.43888,5.91355
201500028846,8,9,15,15,1,54,580,2,1,1,7,"12, ARC JEANNE D' (PLACE",49.46955,5.93073
201500028847,30,10,15,22,3,54,575,1,1,1,6,NATIONALE 52 (ROUTE),49.47961,5.82106
201500028848,11,10,15,18,1,54,575,1,1,1,1,NATIONALE 52 (ROUTE),49.46502,5.84728
201500028849,14,12,15,9,1,54,575,1,1,1,6,DEPARTEMENTAL 125 (ROUTE,49.45268,5.83956
201500028850,25,12,15,19,5,54,580,2,4,1,7,"10, CHATRIAN ERCKMANN (R",49.4611,5.93781
201500028851,6,2,15,10,1,54,575,1,1,9,7,RN52,49.48144,5.81865
201500028852,24,1,15,13,1,54,580,1,4,1,1,DEPARTEMENTAL 27 (CHEMIN,49.44784,5.9191
201500028853,3,7,15,21,1,55,186,2,1,1,6,BEGARENNE ( RUE DE ),0.0,0.0
201500028854,28,7,15,16,1,55,29,2,1,1,6,"7, DE GAULLE ( RUE DU GE",48.77214,5.16435
201500028855,19,8,15,12,1,55,29,2,1,1,3,RN 1135,0.0,0.0
201500028856,2,1,15,0,3,55,302,1,1,4,6,RD135,0.0,0.0
201500028857,6,1,15,8,2,55,29,2,1,1,6,"., ALLENDE ( RUE SALVATO",0.0,0.0
201500028858,12,11,15,15,1,55,29,2,1,1,6,"18, LANDRY-GILLON ( RUE",0.0,0.0
201500028859,7,11,15,9,1,55,29,2,1,1,6,"5, CYGNE ( RUE DU )",0.0,0.0
201500028860,13,1,15,18,5,55,545,2,1,1,7,METZ ( AVENUE DE ),0.0,0.0
201500028861,23,1,15,18,5,55,545,2,1,1,7,GENERAL MANGIN,0.0,0.0
201500028862,29,1,15,18,5,55,545,2,3,1,7,GAMBETTA (LEON),0.0,0.0
201500028863,19,4,15,16,1,55,545,2,3,1,6,POINCARE (DU PRESIDENT),0.0,0.0
201500028864,4,7,15,18,1,55,236,1,1,1,6,CD 964,0.0,0.0
201500028865,11,8,15,13,1,55,545,2,1,1,7,"22, EPARGES ( AVENUE DES",0.0,0.0
201500028866,6,9,15,18,2,55,545,2,1,1,7,"46, POINCARE (DU PRESIDE",0.0,0.0
201500028867,26,10,15,18,2,55,545,2,1,1,7,"0, SAINT MICHEL",0.0,0.0
201500028868,14,11,15,22,3,55,545,1,1,2,6,ARGONNE ( ROUTE DE L' ),0.0,0.0
201500028869,3,6,15,15,1,55,545,1,1,1,7,JEAN MONNET ( BOULEVARD,0.0,0.0
201500028870,19,6,15,14,1,55,545,2,1,1,7,FRERES BOULHAUT ( DES ),0.0,0.0
201500028871,25,6,15,13,1,55,545,2,1,1,7,"4, REPUBLIQUE ( QUAI DE",0.0,0.0
201500028872,17,2,15,13,1,56,121,2,1,1,3,"0, KERVARIC (ROND POINT",47.74794,-3.38858
201500028873,17,2,15,20,5,56,107,2,1,1,1,"0, LE PORT (ROGER BOULEV",47.727,-3.38219
201500028874,21,2,15,16,1,56,121,2,1,1,7,"0, MONISTROL (RUE)",47.73897,-3.3807
201500028875,24,2,15,8,1,56,98,2,1,2,3,"0, LENINE ( AV. )",47.76178,-3.34523
201500028876,24,2,15,13,1,56,83,2,1,1,3,"0, MITTERAND ( AV. DU PR",47.80825,-3.26168
201500028877,27,2,15,7,3,56,162,1,1,1,7,"0, KERGOAT",47.73238,-3.48279
201500028878,27,2,15,16,1,56,121,2,1,1,7,"0, JAURES ( AVE JEAN )",47.74519,-3.37321
201500028879,28,2,15,6,5,56,121,2,1,1,3,"0, GUIEYSSE (RUE  PAUL )",47.75694,-3.36508
201500028880,1,3,15,3,5,56,98,1,1,1,6,"19, DUPUY DE LOME ( ET I",47.75601,-3.32712
201500028881,19,11,15,22,5,56,121,2,6,1,3,"0, LANVEUR ( ET PL. DE )",47.74304,-3.38894
201500028882,2,3,15,8,1,56,83,1,1,1,7,"0, LOCOYARNE ( R-P DE )",47.79084,-3.27649
201500028883,20,11,15,11,1,56,121,2,1,1,3,"0, MANIO ( ECHANGEUR ET",47.75638,-3.38462
201500028884,3,3,15,8,1,56,83,1,1,1,2,"0, HILLION ( AV. DU CDT",47.81615,-3.23571
201500028885,21,11,15,12,1,56,121,1,3,1,3,"0, SCORFF ( BD DU )",47.76222,-3.36672
201500028886,5,3,15,14,1,56,121,2,1,1,3,"0, PERRIERE ( AV DE LA )",47.73402,-3.36511
201500028887,23,11,15,11,1,56,121,2,1,7,4,"0, YSER ( PL. DE L' )",47.75712,-3.3678
201500028888,7,3,15,16,1,56,121,2,1,1,1,"0, ERWAN-MAREC (RUE)",47.73325,-3.37144
201500028889,23,11,15,22,5,56,98,2,1,1,2,"82, DEVILLERS (AVENUE KE",47.76725,-3.34054
201500028890,10,3,15,17,1,56,98,1,1,1,3,RN 165,47.7784,-3.35238
201500028891,24,11,15,11,1,56,121,1,1,1,7,"0, DROITS DE L'HOMME (RU",47.76274,-3.38497
201500028892,12,3,15,11,1,56,121,2,1,1,3,"0, BELGIQUE (RUE DE)",47.75877,-3.37795
201500028893,25,11,15,7,2,56,83,2,4,2,7,"0, BOTREL (RUE  THEODORE",47.81361,-3.26172
201500028894,12,3,15,18,1,56,107,1,1,1,6,"0, KERMELO (PONT)",47.73118,-3.38611
201500028895,27,11,15,17,5,56,83,2,1,2,2,"0, HOPITAL ( RD-POINT DE",47.80418,-3.27331
201500028896,14,3,15,9,1,56,162,1,2,1,3,"0, RESISTANCE (RUE DE LA",47.73797,-3.4242
201500028897,27,11,15,20,5,56,121,1,1,1,7,"0, GEANT (MONISTROL)",47.73868,-3.38093
201500028898,14,3,15,12,1,56,98,1,1,1,2,"0, GUEYSSE (AVENUE  GEOR",47.76791,-3.35036
201500028899,29,11,15,18,1,56,121,2,1,1,6,"0, LENINE ( AVENUE )",47.76192,-3.37452
201500028900,19,3,15,10,1,56,121,2,1,1,7,"0, LECLERC ( BD GENERAL",47.7483,-3.36528
201500028901,29,11,15,8,1,56,121,2,1,1,7,"0, POTTIER (RUE  EUGENE",47.76275,-3.39561
201500028902,19,3,15,16,1,56,98,1,1,1,7,"133, JAURES (RUE  JEAN )",47.76705,-3.35572
201500028903,22,3,15,2,4,56,121,1,1,1,7,"27, CLISSON (RUE ET SQUA",47.75153,-3.36484
201500028904,22,3,15,8,1,56,162,1,1,1,3,"0, D 162",47.73313,-3.48847
201500028905,24,3,15,8,1,56,98,2,1,1,7,"0, BILLOUX ( AV. FRANCOI",47.76311,-3.34933
201500028906,27,3,15,9,1,56,98,2,1,1,2,"0, KESLER-DEVILLERS ( AV",47.76682,-3.33754
201500028907,28,3,15,12,1,56,121,2,1,1,3,"0, HENAFF ( ET IMP. JOSE",47.74816,-3.39333
201500028908,2,4,15,11,1,56,121,2,1,2,7,"0, SVOB ( BOULEVARD EMMA",47.75006,-3.36662
201500028909,3,4,15,14,1,56,121,2,1,1,7,"0, PERAULT (RUE )",47.74479,-3.3635
201500028910,3,4,15,23,5,56,121,2,1,1,2,"03, MERVILLE (RUE  JEAN",47.74515,-3.37512
201500028911,3,12,15,9,1,56,83,1,1,1,5,"0, RN 165",47.78861,-3.27592
201500028912,4,4,15,20,1,56,121,2,2,1,3,"80, DE GAULLE ( AVE DU G",47.7404,-3.37579
201500028913,1,12,15,9,1,56,98,2,1,8,3,"0, PELLETAN (RUE CAMILLE",47.75767,-3.34969
201500028914,7,4,15,7,1,56,83,1,1,1,7,"0, POLVERN (LIEU-DIT)",47.82588,-3.2826
201500028915,1,12,15,18,5,56,98,2,1,1,6,"107, JAURES (RUE  JEAN )",47.76602,-3.3574
201500028916,7,4,15,14,1,56,121,2,2,1,3,"0, CHAZELLES ( COURS LOU",47.75272,-3.36175
201500028917,2,12,15,15,1,56,121,2,1,1,6,"102, BOLLARDIERE (RUE  G",47.75314,-3.39152
201500028918,7,4,15,18,1,56,107,2,6,1,3,"0, KERHOAS (RUE DE)",47.72664,-3.3839
201500028919,3,12,15,8,2,56,98,2,1,8,6,SEMBAT (RUE MARCEL),47.7657,-3.34529
201500028920,9,4,15,14,1,56,121,2,1,1,7,"0, TOUR DES PORTES (RUE",47.74859,-3.36646
201500028921,3,12,15,12,1,56,83,2,3,1,3,"22, LIBERATION ( AV. DE",47.80412,-3.27196
201500028922,11,4,15,1,5,56,121,2,1,1,7,"0, THOREZ (RUE  MAURICE",47.73996,-3.39335
201500028923,8,12,15,11,1,56,121,2,1,7,6,"03, LE BIHAN (RUE  MOISE",47.73641,-3.38288
201500028924,11,4,15,19,1,56,98,2,1,1,7,"0, GUESDES (RUE  JULES )",47.76008,-3.33764
201500028925,9,12,15,9,1,56,121,2,1,1,3,"0, MULLER ( DU COLONEL J",47.7692,-3.40631
201500028926,13,4,15,9,1,56,98,2,3,1,7,"0, SEMBAT (RUE MARCEL)",47.76855,-3.34485
201500028927,9,12,15,14,1,56,121,2,1,7,2,"0, JOFFRE ( BD MARECHAL",47.75095,-3.36615
201500028928,14,4,15,8,1,56,121,2,1,1,7,"35, LAENNEC ( BD )",47.75813,-3.36138
201500028929,10,12,15,18,5,56,98,2,1,1,6,"0, MAURIAC (RUE  FRANCOI",47.76527,-3.34808
201500028930,19,4,15,17,1,56,121,2,1,1,7,"0, INDES ( QUAI DES )",47.74557,-3.35945
201500028931,18,4,15,19,1,56,162,1,6,2,6,"0, SOYE",47.74122,-3.40631
201500028932,20,4,15,9,1,56,98,2,6,7,3,"0, TRUDAINE (RUE  DANIEL",47.77736,-3.3389
201500028933,25,4,15,18,1,56,121,2,6,1,3,"0, BLUM ( BD LEON )",47.7492,-3.37368
201500028934,16,12,15,22,5,56,121,2,2,1,2,"0, BELGIQUE (RUE  DE )",47.75976,-3.38149
201500028935,25,4,15,18,1,56,83,2,1,1,2,"0, MITTERAND ( AV. DU PR",47.8086,-3.26194
201500028936,17,12,15,15,1,56,121,2,1,1,6,"0, MULLER ( DU COLONEL J",47.76413,-3.39707
201500028937,26,4,15,12,1,56,162,1,6,2,3,"0, DOUET NEUF",47.70979,-3.43862
201500028938,27,4,15,17,1,56,98,2,1,1,7,"20fançois, MITTERRAND (R",47.76655,-3.33542
201500028939,28,4,15,17,1,56,98,2,1,1,6,"0, LECLERC (RUE  GENERAL",47.76168,-3.35186
201500028940,29,4,15,19,1,56,121,2,1,1,2,"0, MULLER ( DU COLONEL J",47.76516,-3.39903
201500028941,2,5,15,20,1,56,162,1,1,1,7,"0, KERBERNES (CHEMIN DE)",47.73702,-3.40064
201500028942,3,5,15,19,1,56,107,2,1,1,7,"38, PLOEMEUR (RUE DE)",47.7187,-3.38936
201500028943,4,5,15,9,1,56,121,2,1,1,2,"0, TOULLEC (RUE  FRANCOI",47.73232,-3.37855
201500028944,18,12,15,18,2,56,98,1,1,1,4,"0, RN 165",47.77822,-3.35472
201500028945,3,5,15,23,5,56,98,2,1,1,7,"95, GUESDES (RUE  JULES",47.75984,-3.3376
201500028946,20,12,15,7,1,56,83,2,1,1,6,"0, KERPOTENCE (RUE  DE )",47.81848,-3.25411
201500028947,4,5,15,20,1,56,121,2,2,1,3,"0, KERFICHANT (RUE)",47.75133,-3.38429
201500028948,20,12,15,16,1,56,83,1,1,1,3,"0, VANNES ( ROUTE DE )",47.7983,-3.25195
201500028949,5,5,15,17,1,56,83,2,1,1,5,"0, REPUBLIQUE ( AV. DE L",47.79778,-3.29724
201500028950,21,12,15,16,1,56,98,2,1,7,6,"0, BILLOUX ( AV. FRANCOI",47.76504,-3.3518
201500028951,23,12,15,12,1,56,121,2,1,1,7,"0, CHAIGNEAU (RUE)",47.75475,-3.35951
201500028952,6,5,15,8,1,56,121,2,2,1,3,"0, TESTE (RUE  DU CDT )",47.75409,-3.36122
201500028953,6,5,15,17,1,56,83,2,1,1,7,"0, PICASSO ( AVENUE PABL",47.80358,-3.28845
201500028954,28,12,15,15,1,56,98,2,1,1,7,"0, ALLENDE ( AV. PRESIDE",47.81504,-3.24517
201500028955,7,5,15,17,1,56,162,2,6,1,3,"0, FORT BLOQUE (ROUTE DU",47.73695,-3.43666
201500028956,29,12,15,17,1,56,121,1,1,1,3,"0, LE BIHAN (RUE  MOISE",47.73626,-3.38246
201500028957,9,5,15,16,1,56,121,1,3,1,3,"0, VAUBAN (RUE  DE )",47.74956,-3.36253
201500028958,29,12,15,18,5,56,121,2,1,2,6,"4, JOFFRE ( BD MARECHAL",47.75078,-3.36587
201500028959,30,12,15,14,1,56,83,1,1,2,7,"0, GARDELOUPE ( R-P DE L",47.79956,-3.26056
201500028960,11,5,15,8,1,56,121,2,2,1,3,"0, INDES ( QUAI DES )",47.7459,-3.36039
201500028961,11,5,15,17,1,56,121,2,1,1,7,"0, FOCH (RUE  MARECHAL )",47.74805,-3.3585
201500028962,30,12,15,19,5,56,121,2,1,2,3,"0, BELGIQUE (RUE  DE )",47.76312,-3.39347
201500028963,13,5,15,22,5,56,121,2,1,1,3,"143, BELGIQUE (RUE  DE )",47.76082,-3.38536
201500028964,18,5,15,8,1,56,83,1,1,1,2,"0, RN 165",0.0,0.0
201500028965,19,5,15,8,1,56,162,1,1,1,7,"0, KERHAM",47.71981,-3.48045
201500028966,19,5,15,14,1,56,121,2,1,1,3,"99, COSMAO-DUMANOIR ( BD",47.75408,-3.36711
201500028967,20,5,15,18,1,56,98,2,3,1,1,"0, GRANDE LANDE ( ROUTE",47.75316,-3.3339
201500028968,20,5,15,20,1,56,121,2,1,1,7,"0, BIR-HAKEIM ( RD-PT )",47.73919,-3.37969
201500028969,21,5,15,16,1,56,121,1,1,1,1,"0, VILLENEUVE (RUE  DE L",47.74975,-3.3805
201500028970,24,5,15,22,5,56,162,2,4,1,7,"0, KERYADO (RUE DE)",47.76638,-3.40138
201500028971,26,5,15,14,1,56,121,2,2,1,3,"0, KERLIN (RUE  DE )",47.74722,-3.37655
201500028972,27,5,15,21,2,56,98,2,1,1,7,"0, PARIS (RUE COMMUNE DE",47.77162,-3.33877
201500028973,30,5,15,1,5,56,83,2,1,1,7,"4, REPUBLIQUE ( AV. DE L",47.80128,-3.28283
201500028974,1,6,15,10,1,56,98,1,2,1,3,"8, COMBES (RUE  EMILE )",47.77069,-3.34819
201500028975,2,6,15,18,1,56,98,1,1,1,7,RN 165,47.7799,-3.34419
201500028976,4,6,15,13,1,56,98,2,3,1,3,"0, DU 19 MARS 1962 (RUE)",47.77862,-3.34042
201500028977,4,6,15,18,1,56,121,2,1,1,7,"0, BOLLARDIERE (RUE  GEN",47.7532,-3.39158
201500028978,4,6,15,19,1,56,162,2,1,1,7,"0, ARGOAT (RUE D' )",47.90183,-2.41239
201500028979,5,6,15,9,1,56,121,2,1,1,6,"0, BOLLARDIERE (RUE  GEN",47.75321,-3.39159
201500028980,5,6,15,17,1,56,121,1,1,1,7,"0, LE BRAZ ( PL. ANATOLE",47.74907,-3.35983
201500028981,5,6,15,20,1,56,98,1,1,1,1,MARCEL SAMBAT,47.76328,-3.34601
201500028982,7,6,15,14,1,56,121,2,1,1,7,"0, THOMAS ( BD ALBERT )",47.73611,-3.36817
201500028983,8,6,15,13,1,56,121,2,2,1,7,"0, KERLIN (RUE  DE )",47.74723,-3.37658
201500028984,9,6,15,20,1,56,121,2,3,1,3,"0, JOLIOT-CURIE (RUE  IR",47.74835,-3.38063
201500028985,10,6,15,11,1,56,121,2,1,7,1,"0, CHAZELLES ( COURS LOU",47.75509,-3.36331
201500028986,12,6,15,15,1,56,98,1,1,1,6,"0, DUCLOS (RUE  JACQUES",47.7754,-3.34086
201500028987,13,6,15,7,1,56,121,2,1,1,7,"0, KERVARIC (ROND POINT",47.74832,-3.3886
201500028988,14,6,15,15,1,56,83,2,1,1,3,"0, GARDELOUPE ( R-P DE L",47.79986,-3.26048
201500028989,16,6,15,16,1,56,83,2,1,1,2,"0, REPUBLIQUE ( AV. DE L",47.80099,-3.28376
201500028990,16,6,15,17,1,56,98,2,1,1,3,"0, KESLER-DEVILLERS ( AV",47.76798,-3.34272
201500028991,18,6,15,14,1,56,121,1,6,1,6,"0, FAURE (RUE  GABRIEL )",47.76513,-3.37524
201500028992,19,6,15,19,1,56,121,2,1,1,5,"0, SCORFF ( BD DU )",47.7629,-3.36702
201500028993,20,6,15,17,1,56,98,1,1,1,7,,47.78032,-3.30975
201500028994,23,6,15,8,1,56,162,1,1,1,3,"0, FORT BLOQUE (ROUTE DU",47.73852,-3.44583
201500028995,25,6,15,11,1,56,162,1,1,1,7,"0, D 162",47.73835,-3.44327
201500028996,26,6,15,8,1,56,83,1,1,1,7,"0, LOCOYARNE ( R-P DE )",47.79072,-3.27726
201500028997,27,6,15,1,3,56,162,1,1,1,7,"0, QUEVEN (RUE DE)",47.73715,-3.4289
201500028998,27,6,15,11,1,56,121,2,3,1,6,"0, SCORFF ( BD DU )",47.7611,-3.36591
201500028999,28,6,15,8,1,56,162,1,1,1,6,"0, SOYE",47.74194,-3.41164
201500029000,1,7,15,8,1,56,83,1,1,1,4,"0, LOCOYARNE ( R-P DE )",47.79065,-3.27679
201500029001,2,7,15,17,1,56,98,2,1,1,5,"213, JAURES (RUE  JEAN )",47.76975,-3.35088
201500029002,3,7,15,2,5,56,121,2,1,1,7,"144, BELGIQUE (RUE  DE )",47.76048,-3.38449
201500029003,5,7,15,6,1,56,83,2,1,2,7,"186, BALZAC (RUE  HONORE",47.81492,-3.24594
201500029004,7,7,15,13,1,56,98,2,1,1,7,"361, TRUDAINE (RUE  DANI",47.77944,-3.33522
201500029005,9,7,15,15,1,56,121,2,1,1,6,"0, ROUTE DEPARTEMENTALE",0.0,0.0
201500029006,9,7,15,17,1,56,162,2,3,1,3,"0, SAINT BIEUZY (RUE DE)",47.73369,-3.43048
201500029007,16,7,15,19,1,56,98,2,1,1,7,"148, JAURES ( AVE JEAN )",47.76849,-3.35305
201500029008,19,7,15,17,1,56,121,2,1,2,7,"0, BOLLET ( PAUL )",47.75399,-3.38427
201500029009,21,7,15,8,2,56,121,2,1,2,7,"0, RN 465",47.75877,-3.38438
201500029010,21,7,15,9,1,56,121,1,1,2,7,"0, BOLLARDIERE (RUE  GEN",47.75352,-3.39175
201500029011,22,7,15,12,1,56,121,2,1,1,2,"56, MONISTROL (RUE)",47.73444,-3.38456
201500029012,22,7,15,15,1,56,83,2,1,1,2,RN 165,0.0,0.0
201500029013,25,7,15,14,1,56,121,2,1,1,3,"0, KERFORN (RUE ET PLACE",47.75356,-3.38797
201500029014,26,7,15,19,1,56,98,2,3,2,3,COMBES (RUE  EMILE ),47.77069,-3.3482
201500029015,29,7,15,16,1,56,121,2,1,1,3,"11, KERMELO ( ET IMP. DE",47.73798,-3.38696
201500029016,29,7,15,20,2,56,98,1,1,1,2,"0, JAURES (RUE  JEAN )",47.76318,-3.36207
201500029017,30,7,15,9,1,56,121,2,3,1,3,"0, BOLLARDIERE (RUE  GEN",47.75365,-3.39177
201500029018,30,7,15,20,1,56,162,2,2,1,2,"0, SAINTE  ANNE (RUE)",47.73858,-3.41947
201500029019,31,7,15,18,1,56,107,2,6,1,3,"0, LE PORT (ROGER BOULEV",47.71692,-3.37309
201500029020,4,8,15,11,1,56,121,1,1,1,3,"05, TOULLEC (RUE  FRANCO",47.73321,-3.37728
201500029021,4,8,15,11,1,56,162,2,2,1,3,"06, KORRIGANS (ALLEE DES",47.73535,-3.49706
201500029022,6,8,15,17,1,56,83,2,6,1,3,"0, ALLENDE ( AV. PRES. S",47.80297,-3.26558
201500029023,8,8,15,11,1,56,107,2,1,1,3,"0, PINSONS (RUE DES)",47.71524,-3.37536
201500029024,11,8,15,20,1,56,121,2,2,1,6,"28, JAURES ( AVE JEAN )",47.74525,-3.37133
201500029025,12,8,15,18,1,56,121,2,1,1,7,"0, SCORFF ( BD DU )",47.76201,-3.36654
201500029026,14,8,15,9,1,56,121,2,1,2,3,"0, BASE DES SOUS-MARINS",47.73585,-3.37393
201500029027,14,8,15,10,1,56,121,2,1,1,7,COLBERT (RUE),47.75128,-3.35968
201500029028,14,8,15,14,1,56,162,1,1,1,1,"0, D 163",0.0,0.0
201500029029,17,8,15,17,1,56,121,2,2,1,3,"0, CREN (RUE  LOUIS )",47.74271,-3.3795
201500029030,21,8,15,15,1,56,98,2,1,1,2,"199, JAURES (RUE  JEAN )",47.76919,-3.35188
201500029031,21,8,15,18,1,56,121,2,1,1,7,"14, FRANCE ( AVE ANATOLE",47.74605,-3.36703
201500029032,23,8,15,19,1,56,83,1,1,2,1,"0, PASTEUR ( AVENUE )",47.80228,-3.28407
201500029033,27,8,15,10,1,56,107,1,1,1,2,"0, KERFORNET (CIMETIERE)",47.71186,-3.39717
201500029034,27,8,15,17,1,56,121,2,2,2,6,"0, GUILLEMOT (RUE  ARMAN",47.74499,-3.38984
201500029035,28,8,15,8,1,56,121,2,1,7,6,"3, KERPAPE (RUE  DE )",47.73997,-3.38251
201500029036,30,8,15,17,1,56,162,1,6,1,3,"0, KERSCOUET",0.0,0.0
201500029037,1,9,15,12,1,56,121,2,1,1,3,"22, SVOB ( BOULEVARD EMM",47.75043,-3.36833
201500029038,1,9,15,17,1,56,83,2,2,1,6,"0, FERRY ( ET IMP. JULES",47.80286,-3.285
201500029039,2,9,15,19,1,56,98,2,2,1,3,"0, NORMANDIE NIEMEN ( BD",47.76257,-3.36062
201500029040,4,9,15,9,1,56,121,1,1,1,2,"0, BASE DE SOUS-MARINS (",47.73531,-3.37418
201500029041,5,9,15,20,5,56,98,2,1,1,7,"0, KESLER-DEVILLERS ( AV",47.76708,-3.3395
201500029042,7,9,15,8,1,56,121,2,2,1,3,"42, KERGUESTENEN (RUE  D",47.75368,-3.39179
201500029043,7,9,15,11,1,56,162,1,3,1,3,"0, KERSCOUET",47.70752,-3.4373
201500029044,9,9,15,16,1,56,121,2,4,1,3,", COUEDIC (RUE  DU )",47.74982,-3.36342
201500029045,11,9,15,11,1,56,162,2,1,1,2,"0, KERBRIENT",47.7256,-3.41095
201500029046,12,9,15,1,5,56,121,2,1,1,7,"0, SVOB ( BOULEVARD EMMA",47.75036,-3.36715
201500029047,12,9,15,2,5,56,83,2,1,2,6,"20, REPUBLIQUE ( AV. DE",47.80065,-3.2854
201500029048,12,9,15,11,1,56,121,2,6,1,3,"0, KERFICHANT (RD POINT",47.75497,-3.39157
201500029049,13,9,15,15,1,56,121,2,1,1,7,"0, KERVARIC (ROND POINT",47.74835,-3.38862
201500029050,13,9,15,18,1,56,83,1,1,1,7,"0, LOCOYARNE ( R-P DE )",47.79123,-3.27701
201500029051,14,9,15,7,2,56,121,1,1,6,5,"0, RN 465",47.75078,-3.38718
201500029052,14,9,15,16,1,56,83,2,1,1,7,"19, SAINT-ANTOINE (RUE",47.79562,-3.25683
201500029053,18,9,15,23,5,56,121,2,1,1,7,"0, CALVAIRE (RUE  DU )",47.73651,-3.36541
201500029054,18,9,15,23,3,56,83,1,1,1,7,"0, RN 165",47.78911,-3.27199
201500029055,20,9,15,19,1,56,162,2,3,7,3,"0, STADE (AVENUE DU)",47.73384,-3.43573
201500029056,24,9,15,14,1,56,121,2,1,1,7,"0, MARNE ( AV DE LA )",47.74236,-3.36842
201500029057,25,9,15,7,5,56,98,1,1,1,6,"123, JAURES (RUE  JEAN )",47.76662,-3.35643
201500029058,25,9,15,16,1,56,162,1,1,1,7,"0, FORT BLOQUE (ROUTE DU",47.73831,-3.44406
201500029059,25,9,15,17,1,56,162,1,1,1,7,"0, MITTERRAND (RUE FRANC",47.73251,-3.42233
201500029060,26,9,15,5,5,56,121,2,1,1,7,"0, BELGIQUE (RUE  DE )",47.75962,-3.38112
201500029061,28,9,15,13,1,56,121,2,1,1,7,"0, MASSE (RUE  VICTOR )",47.75078,-3.36143
201500029062,28,9,15,16,1,56,98,1,2,1,3,"0, GAGARINE (RUE  YOURI",47.77429,-3.33818
201500029063,29,9,15,8,2,56,121,2,6,1,2,"0, BELLE-FONTAINE (RUE",47.74532,-3.36603
201500029064,29,9,15,16,1,56,83,1,2,1,3,"0, 19 MARS 1962 (RUE  DU",47.81062,-3.25231
201500029065,30,9,15,12,1,56,121,2,3,1,3,"0, KERGUESTENEN (RUE  DE",47.75256,-3.3913
201500029066,30,9,15,17,1,56,162,1,1,1,3,"0, KERVAM (RUE DE)",47.73426,-3.42704
201500029067,30,9,15,22,5,56,98,2,3,1,3,"189, JAURES (RUE  JEAN )",47.76882,-3.35245
201500029068,2,10,15,21,5,56,98,2,1,1,1,"0, MAURIAC (RUE  FRANCOI",47.76548,-3.34551
201500029069,5,10,15,11,1,56,121,2,3,1,2,"0, PLOEMEUR ( ET IMP DE",47.76207,-3.38975
201500029070,5,10,15,11,1,56,121,2,1,1,7,"0, BLUM ( BD LEON )",47.74725,-3.37634
201500029071,6,10,15,8,1,56,162,2,3,1,3,"0, MITTERRAND (RUE FRANC",47.73256,-3.4216
201500029072,8,10,15,0,3,56,83,1,1,1,7,"0, CD 765",47.79905,-3.25682
201500029073,8,10,15,9,1,56,121,2,6,7,2,"0, JOALLAND (RUE DU  GEN",47.74124,-3.37302
201500029074,8,10,15,12,1,56,83,1,1,1,7,"0, REPUBLIQUE ( AV. DE L",47.79736,-3.29858
201500029075,9,10,15,8,2,56,121,2,6,1,3,"0, MARIENNE ( AV CAPITAI",47.73877,-3.39177
201500029076,9,10,15,9,1,56,98,2,1,1,2,"0, FABIEN ( AV. DU COLON",47.76198,-3.34106
201500029077,12,10,15,15,1,56,162,1,1,1,7,"0, KERSCOUET",47.70854,-3.42134
201500029078,13,10,15,14,1,56,121,2,1,1,6,"101, BELGIQUE (RUE  DE )",47.75992,-3.38196
201500029079,14,10,15,11,1,56,98,2,1,1,2,"74, CROIZAT ( AVE AMBROI",47.77539,-3.34595
201500029080,17,10,15,20,5,56,121,2,3,1,2,"0, BLUM ( BD LEON )",47.74914,-3.37358
201500029081,18,10,15,17,1,56,83,2,3,1,2,"0, COMMUNE DE PARIS ( AV",47.80164,-3.26381
201500029082,21,10,15,9,1,56,121,2,1,1,6,"0, DE GAULLE ( AVE DU GE",47.74125,-3.37316
201500029083,16,10,15,16,1,56,121,2,1,1,6,"0, PLENENO (RUE  DU )",47.76048,-3.38718
201500029084,21,10,15,17,1,56,98,2,6,1,7,"0, TRUDAINE (RUE  DANIEL",47.78002,-3.33374
201500029085,27,10,15,20,4,56,121,2,3,2,6,"0, COSMAO-DUMANOIR ( BD",47.75303,-3.3756
201500029086,28,10,15,10,1,56,83,1,1,1,6,"35, QUELLENEC (RUE  DU )",47.81804,-3.23809
201500029087,1,11,15,5,3,56,121,1,1,1,6,"0, RN 465",47.75767,-3.38509