Num_Acc,jour,mois,an,hr,condition_eclairage,departement,commune,condition_agglomeration,intersection,condition_atmosphere,type_collision,adresse,lattitude,longitude
201500029088,1,11,15,16,1,56,83,1,4,1,3,"0, LOCOYARNE ( DU BAS )",47.78613,-3.27746
201500029089,2,11,15,9,1,56,121,2,1,7,6,"98, KERLIN (RUE  DE )",47.749,-3.38127
201500029090,3,11,15,7,2,56,121,2,1,7,3,12 TOULLEC (RUE  FRANCOI,47.73249,-3.38004
201500029091,3,11,15,21,3,56,83,2,1,2,7,"0, RESISTANCE (AVENUE  D",47.82254,-3.2442
201500029092,4,11,15,14,1,56,98,2,1,1,6,"118, JAURES (RUE  JEAN )",47.76726,-3.35519
201500029093,5,11,15,1,3,56,107,2,1,1,6,"0, KENNEDY (AVENUE DU PR",47.71085,-3.3852
201500029094,5,11,15,7,3,56,121,2,1,8,4,"0, RN 465",47.76292,-3.38078
201500029095,6,11,15,19,5,56,162,2,1,2,1,"0, LARMOR (RUE DE)",47.73271,-3.4215
201500029096,7,11,15,10,1,56,121,2,1,1,6,"0, CHAZELLES ( COURS LOU",47.75614,-3.36409
201500029097,7,11,15,15,1,56,121,2,1,1,7,"0, VERDUN (RUE  DE )",47.75918,-3.36565
201500029098,8,11,15,12,1,56,98,1,1,1,7,RN 165,47.7814,-3.34214
201500029099,9,11,15,13,1,56,83,2,1,1,6,"0, ALLENDE ( AV. PRES. S",47.8085,-3.25577
201500029100,9,11,15,19,5,56,83,2,1,1,7,"0, KERPOTENCE (RUE  DE )",47.81139,-3.24205
201500029101,13,11,15,13,1,56,98,2,6,1,3,"0, LANN-SEVELIN (ROND PO",47.77743,-3.34465
201500029102,16,11,15,10,1,56,121,2,1,3,3,"0, RN 465",47.75688,-3.38588
201500029103,18,11,15,8,1,56,121,2,1,1,6,"0, ZAY (RUE  JEAN )",47.74356,-3.38858
201500029104,1,1,15,6,2,56,162,2,1,1,7,"0, BRIAND ( AV. ARISTIDE",0.0,0.0
201500029105,8,1,15,7,2,56,121,2,6,2,2,"0, KERYADO ( RD-PT DE )",47.76359,-3.39498
201500029106,9,1,15,8,1,56,121,2,1,2,3,"0, CHAZELLES ( COURS LOU",47.7548,-3.36317
201500029107,10,1,15,0,5,56,121,2,1,1,7,"86, BELGIQUE (RUE  DE )",47.75944,-3.38097
201500029108,12,1,15,7,3,56,98,2,1,2,7,"0, MITTERAND ( AV. FRANC",47.76632,-3.30634
201500029109,12,1,15,15,1,56,121,2,1,1,3,"204, BELGIQUE (RUE  DE )",47.76154,-3.3883
201500029110,16,1,15,18,5,56,98,2,2,1,3,GUESDES (RUE  JULES ),47.76213,-3.33753
201500029111,17,1,15,16,1,56,121,2,1,1,2,"0, KERJULAUDE ( RUE DE )",47.74242,-3.38493
201500029112,19,1,15,16,1,56,121,2,6,1,3,"0, KERVARIC (ROND POINT",47.74837,-3.38877
201500029113,23,1,15,17,1,56,107,2,1,1,7,"0, KERMELO (PONT)",47.72674,-3.38388
201500029114,26,1,15,18,1,56,121,2,1,1,7,"120, GUIEYSSE (RUE  PAUL",47.75773,-3.37435
201500029115,28,1,15,8,1,56,121,2,1,1,7,"0, KERYADO ( RD-PT DE )",47.76338,-3.39546
201500029116,29,1,15,17,1,56,98,2,1,2,6,"0, PERI (RUE GABRIEL)",47.75924,-3.35271
201500029117,30,1,15,6,5,56,121,2,3,2,3,"0, SANGNIER (RUE  MARC )",47.74764,-3.3742
201500029118,30,1,15,5,3,56,98,1,1,1,7,"0, MALACHAPPE (LIEU-DIT)",47.79046,-3.31935
201500029119,30,1,15,19,5,56,121,2,1,1,3,"0, CHAZELLES ( COURS LOU",47.75483,-3.36327
201500029120,3,2,15,8,1,56,83,2,1,1,5,"0, RN 165",0.0,0.0
201500029121,4,2,15,13,1,56,121,2,1,1,7,"0, LE COAT SAINT HAOUEN",47.74708,-3.39339
201500029122,6,2,15,13,1,56,121,2,1,1,7,"0, BECAM (RUE  EUGENE )",47.73728,-3.38663
201500029123,6,2,15,14,1,56,83,2,1,1,7,"97, JOFFRE (RUE  DU MARE",47.80764,-3.27259
201500029124,6,2,15,20,4,56,98,2,1,1,1,"30, MITTERAND ( AV. FRAN",47.76605,-3.33299
201500029125,7,2,15,20,5,56,121,2,1,1,3,NAYEL ( ET PLACE AUGUSTE,47.74638,-3.36146
201500029126,8,2,15,10,1,56,162,2,1,1,7,"0, LAUDE (RUE DE)",47.72105,-3.41555
201500029127,11,2,15,8,1,56,121,2,3,1,7,"0, DUGUAY-TROUIN (RUE RE",47.74269,-3.36341
201500029128,13,2,15,8,1,56,83,2,1,1,7,Av Arisde BRUANT,47.80565,-3.25944
201500029129,13,2,15,12,1,56,162,2,1,2,3,"0, LECLERC (RUE DU GENER",47.73854,-3.41963
201500029130,11,5,15,13,1,34,111,2,1,1,6,05 rue des arts,43.93411,3.70706
201500029131,26,5,15,7,1,34,152,1,1,1,1,,43.79187,3.79498
201500029132,2,7,15,17,1,34,42,1,1,1,6,,43.86637,3.74031
201500029133,3,11,15,18,3,34,185,1,1,2,6,,43.81256,3.74353
201500029134,8,3,15,16,1,56,260,2,3,1,6,"., AMPERE(RUE)",47.64661,-2.75897
201500029135,14,3,15,9,1,56,260,2,3,1,3,"., MONNET(AVENUE JEAN)",47.66071,-2.76064
201500029136,12,3,15,11,1,56,260,2,1,1,2,"28, JUDE(RUE DU CAPITAIN",47.66345,-2.76506
201500029137,19,3,15,16,1,56,260,2,1,1,2,"15, FABRE(RUE DU GENERAL",47.65657,-2.71972
201500029138,11,4,15,17,1,56,260,2,1,1,2,"21, THIERS(RUE)",47.65523,-2.75975
201500029139,21,4,15,22,3,56,260,2,2,1,1,RESISTANCE(BLD DE LA) 4,47.64786,-2.78181
201500029140,25,4,15,18,1,56,260,1,1,2,2,RN 166 -SENS VANNES / RE,47.66702,-2.72533
201500029141,21,5,15,13,1,56,260,1,2,1,6,"., ARRADON(RUE JEROME D'",47.65565,-2.76689
201500029142,20,5,15,17,1,56,260,2,1,1,2,"., R.D. 779 (KERGRAIN/LU",47.66394,-2.79447
201500029143,4,6,15,15,1,56,260,2,1,1,3,"10, ILES(BOULEVARD DES)",47.6527,-2.78492
201500029144,5,6,15,20,1,56,260,2,2,1,6,"., SCHUMAN(RUE ROBERT)",47.64897,-2.77055
201500029145,18,6,15,15,1,56,260,2,3,1,6,"., THIERS(RUE)",47.65772,-2.75991
201500029146,23,6,15,8,1,56,260,2,6,1,6,"6, FAVREL ET LINCY(AVENU",47.66403,-2.75527
201500029147,23,6,15,16,1,56,260,2,2,1,1,HUGO(AVENUE VICTOR) 1 A,47.66142,-2.75706
201500029148,16,6,15,18,1,56,260,2,3,1,3,PONTIVY(BOULEVARD DE),47.67083,-2.77069
201500029149,20,6,15,23,5,56,260,2,1,1,6,"17, VERDUN(AVENUE DE)",47.6586,-2.74872
201500029150,24,6,15,18,1,56,260,2,3,1,6,"., FORTIN DE BEAUSEJOUR(",47.65698,-2.74512
201500029151,18,7,15,15,1,56,260,2,1,1,3,DECKER(RUE FRANCIS),47.65682,-2.75504
201500029152,20,7,15,18,1,56,260,1,9,1,6,MICHELIN(AVENUE EDOUARD),47.65971,-2.707
201500029153,15,8,15,19,1,56,260,2,3,1,3,SEGUR(RUE MADAME DE),47.66702,-2.77353
201500029154,2,9,15,9,1,56,260,2,1,1,3,"., PONTIVY(BOULEVARD DE)",47.68257,-2.76748
201500029155,25,8,15,10,1,56,260,2,1,1,6,GARE(PLACE ET ESPLANADE,47.66472,-2.75343
201500029156,13,9,15,15,1,56,260,2,1,1,3,"22, FROMENTIN(RUE DU LIE",47.64907,-2.76688
201500029157,15,9,15,12,1,56,260,2,2,1,3,"., WILSON(AVENUE)",47.66749,-2.75685
201500029158,15,9,15,6,3,56,260,2,1,1,5,"x, PONTIVY(BOULEVARD DE)",47.67687,-2.77454
201500029159,11,6,15,9,1,56,260,2,3,1,3,PONTIVY(BOULEVARD DE),47.67085,-2.77069
201500029160,19,9,15,17,1,56,260,2,1,1,4,BOUCICAUT(RUE ARISTIDE),47.67055,-2.79166
201500029161,21,9,15,21,3,56,260,1,4,8,7,"., RN 165 -SENS NANTES /",47.66855,-2.77284
201500029162,3,10,15,19,1,56,260,2,2,1,2,"XXX, WILSON(AVENUE)",47.66744,-2.75682
201500029163,6,10,15,8,2,56,260,2,2,2,1,REMY(BOULEVARD DU COLONE,47.65646,-2.78235
201500029164,22,10,15,19,1,56,260,2,1,1,6,"., AOUT 1944(RUE DU 4)",47.67606,-2.76031
201500029165,17,10,15,14,1,56,260,2,1,1,1,"., MONSABERT(BOULEVARD D",47.66642,-2.77135
201500029166,29,10,15,14,1,56,260,2,3,1,3,"., AOUT 1944(RUE DU 4)",47.67606,-2.76035
201500029167,4,11,15,7,2,56,260,2,3,2,3,"., PAIX(BLD DE LA) 41 A",47.66092,-2.75442
201500029168,4,11,15,14,1,56,260,2,1,1,6,"11B, HOCHE(RUE)",47.65865,-2.76198
201500029169,7,11,15,11,1,56,260,2,7,8,2,JEAN XXIII(PLACE),47.65613,-2.76456
201500029170,19,11,15,19,5,56,260,2,1,1,2,"60, HUGO(AVENUE VICTOR)",47.66271,-2.75632
201500029171,13,11,15,19,5,56,260,2,1,1,3,"39, PAIX(BLD DE LA) 1 A",47.66142,-2.75808
201500029172,24,11,15,16,1,56,260,2,1,1,3,"., CHURCHILL(RUE WINSTON",47.64571,-2.77037
201500029173,28,11,15,20,3,56,260,2,4,1,3,"., VERDUN(AVENUE DE)",47.66715,-2.73544
201500029174,7,12,15,16,1,56,260,2,4,1,3,", ROUILLE(RUE VINCENT)",47.65568,-2.76687
201500029175,11,12,15,19,5,56,260,2,1,1,3,"., R.I.(RUE DU 65EME)",47.66801,-2.75288
201500029176,31,1,15,1,5,56,260,2,1,8,6,RESISTANCE(BLD DE LA) DD,47.6418,-2.77497
201500029177,11,2,15,19,2,56,260,2,4,1,3,"10, VERDUN(AVENUE DE)",47.65867,-2.74857
201500029178,23,12,15,22,3,49,159,1,1,8,6,,47.64804,-0.32208
201500029179,13,7,15,20,1,33,287,2,3,1,1,BOURG SUD,44.567,0.0341
201500029180,20,8,15,16,1,33,254,1,1,1,2,,44.5294,-0.04244
201500029181,21,10,15,16,1,33,533,1,8,1,3,RTE CHATEAU DE MALLE,44.5623,-0.2874
201500029182,28,10,15,11,1,33,60,1,2,1,3,,44.54894,-0.33598
201500029183,30,12,15,17,2,33,227,2,6,1,2,ROND POINT D AQUITAINE,44.55644,-0.25268
201500029184,3,1,15,18,3,33,392,1,1,2,6,,44.5846,-0.26924
201500029185,27,6,15,8,1,33,30,2,8,8,1,LD Pleguemate - PN53,44.60154,-0.31881
201500029186,13,9,15,1,3,33,552,1,1,2,7,,44.65885,-0.37067
201500029187,31,10,15,10,1,33,337,1,1,1,1,,44.57485,-0.28974
201500029188,20,12,15,11,1,33,7,2,1,1,3,"85,Cr du Gal de Gaulle",44.67343,-0.39695
201500029189,8,8,15,4,3,40,304,2,1,1,1,Bd front de mer quartier,43.67205,-1.43933
201500029190,4,3,15,19,5,57,227,2,1,1,6,NATIONALE(RUE)R.DE LA CO,0.0,0.0
201500029191,16,12,15,11,1,57,227,1,1,3,7,CD31E,0.0,0.0
201500029192,17,11,15,21,5,57,227,2,1,1,3,"18, NATIONALE (RUE)DU C.",49.1892,6.90619
201500029193,6,12,15,15,1,57,227,2,1,1,3,NATIONALE(RUE)R.DE LA CO,0.0,0.0
201500029194,24,6,15,17,1,57,537,2,1,1,3,"31, GAULLE(RUE GAL DE)DE",49.19514,6.85222
201500029195,2,9,15,15,1,57,227,2,6,1,6,"22, NATIONALE (RUE)DU C.",49.18905,6.90599
201500029196,2,12,15,17,5,57,227,2,1,1,6,"213, NATIONALE(RUE)GIRAT",49.18113,6.88902
201500029197,7,2,15,18,3,57,227,1,1,1,7,PARC A BOIS (ROUTE DU ),0.0,0.0
201500029198,11,2,15,6,5,57,660,2,1,1,6,NATIONALE(RUE)LIMITE FOR,49.19475,6.9203
201500029199,19,3,15,10,1,57,606,2,1,1,6,"21, AMERICAINS (RUE DES)",49.1044,6.70742
201500029200,18,3,15,10,1,57,606,2,1,1,6,"7, FOCH (RUE DU MARECHAL",49.10324,6.70295
201500029201,27,3,15,17,2,57,240,2,1,1,2,"64, FORBACH (RUE DE)",49.14882,6.82455
201500029202,27,6,15,7,2,57,606,1,1,9,1,CD 72 (ROUTE DE PORCELET,49.13756,6.67867
201500029203,15,7,15,8,1,57,332,1,1,1,3,Route départementale 603,0.0,0.0
201500029204,24,9,15,22,3,57,606,1,1,1,6,RD 603,49.10955,6.72533
201500029205,24,10,15,20,4,57,606,2,1,1,6,"2, CLEMENCEAU (AVENUE GE",49.10351,6.70568
201500029206,28,10,15,19,5,57,240,2,1,8,6,"30, CHARPENTIER (RUE GUS",49.08,6.49
201500029207,20,11,15,17,5,57,606,2,1,3,6,"19, CLEMENCEAU (AVENUE G",49.10611,6.70506
201500029208,2,2,15,19,5,57,591,2,8,1,6,"1, MONDON (RUE)",49.25482,6.09558
201500029209,19,4,15,21,5,57,19,1,2,1,1,CD 47,0.0,0.0
201500029210,4,6,15,11,1,57,591,2,7,7,6,"1, GARE (PLACE)",49.25628,6.09919
201500029211,1,6,15,6,1,57,591,1,1,2,2,RN 52,49.26093,6.10419
201500029212,12,6,15,7,1,57,591,1,1,1,1,CD181,49.23485,6.06498
201500029213,28,6,15,19,1,57,19,2,3,1,3,"9, RUE DE GAULLE",49.25366,6.1499
201500029214,10,7,15,19,1,57,143,2,3,1,2,"97, FOCH (RUE)",49.26135,6.10254
201500029215,8,9,15,8,1,57,591,2,1,1,6,"82, METZ (DE)",49.24572,6.10646
201500029216,4,11,15,15,1,57,491,2,1,1,6,"1, AVENIR (RUE DE L')",49.25103,6.05806
201500029217,3,1,15,6,5,57,616,1,1,2,2,"40, PAUL LANGEVIN (AVENU",49.14353,6.20106
201500029218,4,3,15,15,1,57,463,2,1,1,6,"84, ARENES (RUE AUX)",49.10655,6.17629
201500029219,4,1,15,17,3,57,463,2,3,1,6,"00, GUYENNE (BOULEVARD D",49.11207,6.21858
201500029220,11,3,15,18,1,57,480,2,2,1,1,"00, SAINT LADRE (RUE )",49.09747,6.15559
201500029221,31,12,15,16,1,57,487,2,9,1,6,"00, JOUY (ROUTE DE )",49.08169,6.1077
201500029222,6,1,15,17,5,57,463,2,3,1,6,"3, PHILIPPE DE VIGNEULLE",49.10657,6.16638
201500029223,13,3,15,15,1,57,463,2,1,1,7,"25, LOTHAIRE (RUE )",49.09993,6.17909
201500029224,13,1,15,17,5,57,463,2,4,2,6,"00, FELIX MARECHAL (QUAI",49.12257,6.17815
201500029225,15,3,15,3,5,57,463,2,1,1,6,"00, PLAPPEVILLE (ROUTE D",49.12875,6.14169
201500029226,19,1,15,15,1,57,463,2,2,8,6,"53, HAUTE SEILLE (RUE )",49.11375,6.18222
201500029227,18,3,15,12,1,57,463,2,3,1,1,"00, HENRI II (AVENUE )",49.12563,6.15869
201500029228,27,1,15,23,5,57,463,2,1,2,6,"00, VILLARS (RUE )",49.13461,6.16563
201500029229,19,3,15,17,1,57,463,2,3,1,3,"51, JARDINIERS (RUE DES",49.09665,6.17803
201500029230,29,1,15,20,5,57,463,2,3,4,6,"00, LOUIS GANNE (RUE )",49.11566,6.20463
201500029231,20,3,15,16,1,57,463,2,4,1,5,"00, ALLIES (RUE DES)",49.12664,6.16244
201500029232,5,2,15,7,1,57,463,2,1,8,6,"119, VALLIERES (RUE DE )",49.12325,6.20421
201500029233,29,3,15,15,1,57,463,2,1,2,6,"2, PIERRE CHEDEAUX (RUE",49.10116,6.19591
201500029234,5,2,15,19,5,57,463,1,1,1,6,"87 D, SENTE A MY (RUE )",49.09446,6.17614
201500029235,30,3,15,8,1,57,487,1,2,8,3,"000, RD157B",49.0955,6.11919
201500029236,6,2,15,8,1,57,412,2,1,1,6,"00, SAINT SYMPHORIEN (BO",49.11504,6.15257
201500029237,8,4,15,14,1,57,463,1,4,1,1,"126, JEAN BAUCHEZ (RUE)",49.1368,6.14381
201500029238,9,2,15,19,5,57,463,2,3,1,3,"00, LAURENT CHARLES MARE",49.10067,6.18858
201500029239,9,4,15,12,1,57,49,2,1,1,2,"00, GENERAL DE GAULLE (A",0.0,0.0
201500029240,19,2,15,19,5,57,545,1,1,1,2,"71, BAUCHEZ (RUE JEAN)",49.13535,6.13699
201500029241,12,4,15,13,1,57,463,2,3,1,6,"23, XX EME CORPS AMERICA",49.10317,6.16477
201500029242,16,4,15,10,1,57,463,2,3,1,3,"7, PLAPPEVILLE (ROUTE DE",49.12563,6.15869
201500029243,25,2,15,16,2,57,412,2,1,1,6,"41b, FORT (RUE DU )",49.12048,6.13439
201500029244,16,4,15,16,1,57,463,2,1,1,3,"15, ALLIES (RUE DES)",49.13025,6.16566
201500029245,19,4,15,1,5,57,463,2,1,1,6,"36, CLAUDE BERNARD (RUE",49.11061,6.21822
201500029246,28,4,15,17,1,57,751,2,1,1,3,"32, CHAPITRE (RUE DU )",49.15167,6.16494
201500029247,4,5,15,10,1,57,463,2,1,1,5,"96, CASTELNAU (RUE )",49.09586,6.17097
201500029248,4,5,15,16,1,57,463,2,3,1,3,"00, CASERNE (RUE DE LA )",49.12602,6.17903
201500029249,5,5,15,11,1,57,463,2,1,1,6,"4, SAINT VINCENT DE PAUL",49.11941,6.19744
201500029250,13,5,15,7,1,57,751,1,6,1,3,"00, HENRY DE LADONCHAMPS",49.15241,6.14894
201500029251,13,5,15,14,1,57,463,2,3,1,3,"4, LYON (AVENUE DE )",49.12128,6.1947
201500029252,16,5,15,5,1,57,642,2,3,1,6,"87, LIBERTE (VOIE DE LA)",49.10839,6.1208
201500029253,18,5,15,15,1,57,463,2,3,1,3,"105, ANDRE MALRAUX (AVEN",49.09992,6.18027
201500029254,21,5,15,7,1,57,463,2,2,1,6,"103, LORRY (ROUTE DE )",49.13453,6.15089
201500029255,20,5,15,20,1,57,463,2,1,1,3,"38, WOIPPY (ROUTE  DE )",49.13312,6.16454
201500029256,21,5,15,14,1,57,463,2,3,1,6,"4, PONT SAINT MARCEL (RU",49.12172,6.17007
201500029257,24,5,15,13,1,57,463,1,1,1,6,"5, ARSENAL (RUE  DE L')",49.12284,6.17947
201500029258,2,6,15,10,1,57,463,2,1,1,3,"5, LAFAYETTE (RUE )",49.10891,6.17466
201500029259,2,6,15,19,1,57,487,2,4,1,3,"00, RD 157B",49.09544,6.11913
201500029260,6,6,15,18,1,57,463,1,7,7,6,"00, REPUBLIQUE (PLACE DE",49.11483,6.17227
201500029261,8,6,15,7,1,57,480,2,3,1,1,GENERAL FRANIATTE (RUE D,49.09147,6.15525
201500029262,10,6,15,8,1,57,463,2,6,1,6,"13, GOETHE (RUE )",49.1061,6.16452
201500029263,11,6,15,18,1,57,463,2,1,1,6,"24, GUYENNE (BOULEVARD D",49.10947,6.22025
201500029264,15,6,15,16,1,57,49,2,1,1,6,"5, SAINT SIGISBERT (RUE",49.12214,6.14894
201500029265,15,6,15,18,1,57,463,2,3,1,6,"20, COETLOSQUET (RUE DU",49.11544,6.17391
201500029266,22,6,15,13,1,57,463,2,1,1,2,"34, VERDUN (RUE DE )",49.10735,6.16916
201500029267,22,6,15,14,1,57,463,2,1,2,6,"42, VERDUN (RUE DE )",49.1072,6.16878
201500029268,23,6,15,18,1,57,412,2,1,2,6,"00, VERDUN (PONT DE )",49.11952,6.1449
201500029269,25,6,15,23,5,57,463,2,3,1,3,PIERRE PERRAT (RUE ),49.11054,6.17198
201500029270,30,6,15,16,1,57,463,2,3,1,3,"00, POUILLY (RUE DE )",49.07128,6.18485
201500029271,30,6,15,20,1,57,751,2,1,1,3,"00, DOCTEUR CHARCOT (RUE",49.14738,6.16581
201500029272,1,7,15,12,1,57,447,2,6,7,3,METZ (RUE DE),49.06813,6.14732
201500029273,15,7,15,16,1,57,463,2,1,1,6,GENERAL METMAN,49.11987,6.21922
201500029274,21,7,15,15,1,57,751,2,1,1,6,"2, TULIPES (ALLEE DES )",49.15008,6.16827
201500029275,21,7,15,18,1,57,751,2,1,1,1,"3, JEAN JAURES (AVENUE )",49.15401,6.15316
201500029276,27,7,15,14,1,57,487,2,1,1,4,"00, JOUY (ROUTE DE )",49.08069,6.10672
201500029277,31,7,15,15,1,57,463,2,4,1,3,"00, GRANGE AUX DAMES (RU",49.13477,6.17724
201500029278,4,8,15,15,1,57,447,2,6,1,6,"00, RD5b",49.08715,6.14006
201500029279,7,8,15,18,1,57,463,2,1,1,5,"4 Bis, WAD BILLY (RUE DU",49.1167,6.18306
201500029280,7,8,15,16,1,57,412,2,1,1,2,"136 bis, GENERAL DE GAUL",49.1122,6.13379
201500029281,10,8,15,9,1,57,463,2,3,1,5,"55, THIONVILLE (ROUTE DE",49.13515,6.16963
201500029282,14,8,15,16,1,57,463,2,3,1,3,"70, EUROPE (BOULEVARD DE",49.11871,6.203
201500029283,17,8,15,16,1,57,463,2,1,1,6,"64, SERPENOISE (RUE )",49.11565,6.17409
201500029284,18,8,15,11,1,57,463,2,1,1,6,"00, FELIX MARECHAL (QUAI",49.12159,6.17615
201500029285,26,8,15,10,1,57,463,2,3,1,5,"3, TREVES (BOULEVARD DE",49.12111,6.18836
201500029286,1,9,15,17,1,57,463,1,1,1,4,"00, VOIE RAPIDE EST",49.11753,6.21415
201500029287,3,9,15,10,1,57,412,2,1,1,3,"68, GENERAL DE GAULLE (R",49.11389,6.13841
201500029288,3,9,15,17,1,57,463,1,3,1,6,"00, LIMOUSIN (RUE DU )",49.11253,6.22043
201500029289,5,9,15,19,1,57,480,2,3,1,6,"39, GENERAL FRANIATTE (R",49.09152,6.15517
201500029290,8,9,15,13,1,57,463,2,1,1,6,"35, FELIX MARECHAL (QUAI",49.12256,6.17822
201500029291,11,9,15,18,1,57,463,2,2,1,6,"00, JEAN XXIII (AVENUE)",49.11323,6.18351
201500029292,25,9,15,7,2,57,480,2,1,1,3,"107, GENERAL FRANIATTE (",49.08715,6.15158
201500029293,29,9,15,18,1,57,463,2,1,1,6,"11, CLAUDE CHAPPE (RUE )",49.10465,6.22355
201500029294,5,10,15,12,1,57,463,2,2,1,1,"00, CLAUDE BERNARD (RUE",49.1157,6.20474
201500029295,7,10,15,13,1,57,463,2,3,1,3,"42, FOCH (AVENUE )",49.1117,6.17817
201500029296,10,10,15,9,1,57,463,2,1,1,6,"20, PONT A MOUSSON (RUE",49.10185,6.16306
201500029297,12,10,15,17,1,57,480,1,1,1,6,PONT A MOUSSON (RUE DE ),49.099,6.14964
201500029298,13,10,15,16,1,57,463,2,3,3,6,"00, CASTELNAU (RUE )",49.09229,6.17619
201500029299,3,11,15,17,1,57,463,2,3,1,6,"14, JOSEPH HENOT (RUE )",49.10161,6.19854
201500029300,4,11,15,19,1,57,463,2,3,1,3,"37, CHARLES PETRE (RUE )",49.10436,6.16866
201500029301,4,11,15,19,5,57,49,2,3,1,3,"00, GENERAL DE GAULLE (A",49.12141,6.15014
201500029302,6,11,15,18,5,57,463,2,1,2,6,"00, FOCH (AVENUE )",49.11182,6.18015
201500029303,12,11,15,13,1,57,463,2,3,1,3,"00, CORCHADE (RUE DE LA",49.12211,6.2156
201500029304,15,11,15,14,1,57,463,2,3,1,3,"16, GUYENNE (BOULEVARD D",49.11205,6.21851
201500029305,18,11,15,7,1,57,463,2,1,1,6,"00, MORTS (PONT DES )",49.12026,6.16967
201500029306,19,11,15,17,2,57,463,2,3,1,6,"00, DEUX FONTAINES (AVEN",49.14328,6.17178
201500029307,19,11,15,18,2,57,463,2,3,1,6,"22, SENTE A MY (RUE )",49.10295,6.17757
201500029308,22,11,15,1,3,57,463,2,9,2,3,"00, VOIE RAPIDE EST",49.11567,6.19078
201500029309,26,11,15,11,1,57,463,2,9,1,6,SOLIDARITE (BOULEVARD DE,49.10715,6.22699
201500029310,30,11,15,15,1,57,463,2,3,2,6,"42, PATROTTE (RUE DE LA",49.13514,6.16633
201500029311,1,12,15,13,1,57,463,2,1,1,6,"7, FOCH (AVENUE )",49.11132,6.17385
201500029312,3,12,15,11,1,57,480,2,9,1,6,"28, NOMENY (RUE DE )",49.08762,6.15602
201500029313,3,12,15,16,5,57,463,2,3,1,6,"57, THIONVILLE (ROUTE DE",49.13519,6.16943
201500029314,6,12,15,4,3,57,545,1,1,5,6,", CARRIERES (RUE DES)",0.0,0.0
201500029315,8,12,15,14,1,57,447,2,1,1,6,"34A, GARENNES (RUE DES)",49.07533,6.14584
201500029316,11,12,15,8,1,57,447,2,3,1,6,"00, RD 113a",49.06187,6.16206
201500029317,16,12,15,7,2,57,463,2,1,1,6,"14, PROVENCE (BOULEVARD",49.11317,6.21682
201500029318,7,12,15,17,3,57,463,2,3,1,6,"00, DROGON (RUE )",49.09947,6.19403
201500029319,19,12,15,16,2,57,447,2,3,1,3,"00, METZ (RUE DE)",49.0779,6.14439
201500029320,29,12,15,9,1,57,463,2,3,1,6,"00, QUEULEU (RUE DE )",49.10586,6.19661
201500029321,26,4,15,18,1,57,344,2,1,1,7,"Neant, CD42",48.72025,7.02219
201500029322,26,12,15,3,5,57,630,2,1,1,3,"30, PHALSBOURG",48.73875,7.06608
201500029323,2,5,15,10,1,57,630,2,9,1,3,PHALSBOURG,48.741,7.0735
201500029324,11,8,15,1,5,57,630,2,1,1,6,"22, SCHWEITZER",48.73988,7.05677
201500029325,25,8,15,8,1,57,630,2,1,1,6,ROND POINT SCHIESSER,48.73469,7.04308
201500029326,13,9,15,12,1,57,344,2,1,2,6,RUE DU CHATEAU,48.71988,7.0245
201500029327,23,9,15,18,1,57,630,2,1,2,6,"1, JOFFRE (MARECHAL)L",48.73591,7.05672
201500029328,3,10,15,16,1,57,630,2,9,1,2,"72, GAULLE (AV GAL DE)",48.72728,7.04858
201500029329,15,12,15,17,5,57,630,2,1,1,6,"24, FRANCE (AV)",48.73514,7.04822
201500029330,16,12,15,17,2,57,630,2,1,1,6,"6, PHALSBOURG",48.73802,7.06369
201500029331,21,12,15,21,5,57,630,2,1,1,7,"2, Rue René DESCARTES",48.72941,7.04894
201500029332,15,1,15,7,2,57,630,2,1,1,6,GAULLE (AV GAL DE),48.73247,7.05246
201500029333,7,2,15,8,1,57,630,2,3,1,3,"15, PECHEURS",48.73021,7.03838
201500029334,17,12,15,7,5,57,631,2,1,2,6,"77, CLEMENCEAU (RUE)",49.1158,7.07655
201500029335,1,4,15,17,1,57,631,2,1,1,5,"6, DUMAIRE (RUE)",49.10559,7.09021
201500029336,6,5,15,11,1,57,631,2,1,1,6,"2, NATIONALE (RUE)",49.11048,7.06597
201500029337,5,8,15,12,1,57,631,2,1,1,3,"13, ALBERT 1Er (RUE)",49.11633,7.07208
201500029338,3,9,15,21,3,57,631,1,1,1,1,BITCHE (RUE DE) DU N° 95,0.0,0.0