Num_Acc,jour,mois,an,hr,condition_eclairage,departement,commune,condition_agglomeration,intersection,condition_atmosphere,type_collision,adresse,lattitude,longitude
201500029339,2,10,15,10,1,57,631,2,1,1,6,"1, NICOLAS (RUE SAINT)",49.11083,7.06522
201500029340,6,1,15,13,1,57,672,2,2,1,3,"1, LONGWY (ROUTE DE)",49.35429,6.15839
201500029341,6,3,15,20,5,57,647,2,1,1,6,"1, LYAUTEY (RUE)",49.31835,6.09233
201500029342,7,1,15,18,5,57,672,2,1,8,6,PIERRE MARCHAL (QUAI),0.0,0.0
201500029343,21,3,15,9,1,57,672,2,1,1,6,"63, FOCH (BOULEVARD)",49.35969,6.16297
201500029344,8,1,15,18,5,57,508,2,1,2,6,"13, LORRAINE (RUE)",49.34232,6.05311
201500029345,22,3,15,18,1,57,757,1,1,1,3,BOUZONVILLE (ROUTE DE),0.0,0.0
201500029346,13,1,15,17,5,57,672,2,1,3,6,"1, GENERAL DE CASTELNAU",49.35462,6.16256
201500029347,27,3,15,17,1,57,757,2,2,1,3,"1, FORET (RUE DE LA)",49.34477,6.20166
201500029348,15,1,15,17,3,57,672,2,1,2,6,"1, 14 JUILLET (AVENUE)",49.35502,6.13031
201500029349,29,3,15,11,1,57,647,2,3,2,3,"38, GALLIANE (AVENUE)",49.31605,6.101
201500029350,19,1,15,17,5,57,672,2,2,1,3,"1, FRERES (RUE DES)",49.35162,6.15819
201500029351,2,4,15,19,1,57,672,2,1,1,6,"13, SAINTE-BARBE (RUE)",49.37089,6.15147
201500029352,21,1,15,18,5,57,672,2,1,1,6,"55, FOCH (BOULEVARD)",49.35849,6.16149
201500029353,13,4,15,11,1,57,672,1,1,1,3,"46, MERLIN (AVENUE) - PA",49.35733,6.15644
201500029354,24,1,15,12,1,57,221,2,1,4,1,"26, GARE (RUE DE LA)",49.32811,6.11731
201500029355,13,4,15,22,5,57,306,2,1,1,6,"97, VERDUN (RUE DE)",49.32694,6.05525
201500029356,30,1,15,8,2,57,672,2,1,2,6,"27, ASIE (CHAUSSEE D') -",49.36353,6.14893
201500029357,14,4,15,9,1,57,672,2,1,1,6,"1, LUXEMBOURG (PLACE DU)",49.35919,6.17066
201500029358,17,4,15,10,1,57,672,2,1,1,6,"1, CLEMENCEAU (AVENUE) 1",49.35933,6.16994
201500029359,1,2,15,18,5,57,757,2,1,2,6,"7, ROOSEVELT (RUE DU PRE",49.35347,6.18071
201500029360,17,4,15,19,1,57,672,2,1,1,7,"16, HORTICULTEURS (RUE D",49.3525,6.14558
201500029361,3,2,15,7,2,57,672,2,1,5,6,"23, ALBERT 1ER (AVENUE)",49.36184,6.17029
201500029362,29,4,15,12,1,57,672,2,3,1,3,"1, GENERAL DE CASTELNAU",49.35478,6.16294
201500029363,7,2,15,15,1,57,306,2,1,1,6,"30, VERDUN (RUE DE)",49.32854,6.05906
201500029364,11,2,15,9,1,57,672,2,1,1,6,"1, LUXEMBOURG (PLACE DU)",49.35892,6.16943
201500029365,19,5,15,20,1,57,368,2,1,1,6,"38, REPUBLIQUE (RUE DE L",49.33886,6.04308
201500029366,11,2,15,12,1,57,306,2,2,1,3,"1, METROPOLE (AVENUE DE",49.35372,6.06912
201500029367,19,5,15,9,1,57,368,1,1,1,6,"54, REPUBLIQUE (RUE DE L",49.34005,6.04098
201500029368,13,2,15,19,3,57,221,1,1,1,5,"2.7, CD 13",0.0,0.0
201500029369,21,5,15,9,1,57,672,2,1,1,6,"6, CASTELNAU (RUE DE)",49.35217,6.16116
201500029370,28,5,15,17,1,57,666,2,1,1,2,"67, MARSPICH (ROUTE DE)",49.34594,6.12422
201500029371,28,5,15,21,5,57,757,2,1,1,6,"14, BRETAGNE (RUE DE)",49.34416,6.18358
201500029372,28,5,15,22,3,57,508,1,1,1,6,"1, METROPOLE (RUE DE LA)",49.34778,6.05843
201500029373,4,6,15,12,1,57,666,1,1,1,3,MARSPICH (ROUTE DE),49.34468,6.11726
201500029374,5,6,15,10,1,57,672,2,3,1,1,"1, LONGWY (ROUTE DE)",49.35408,6.15611
201500029375,12,6,15,11,1,57,306,2,1,1,6,FOCH (RUE),49.33218,6.054
201500029376,20,6,15,13,1,57,12,2,1,1,3,"84, FOCH (RUE)",49.36596,6.05206
201500029377,23,6,15,13,1,57,221,1,1,1,1,"1, ETOILE (RUE DE L')",49.33831,6.11312
201500029378,10,7,15,22,4,57,757,1,1,1,6,"1, TILLY (RUE DU)",49.36576,6.20934
201500029379,12,7,15,15,1,57,672,1,1,1,6,"1, FUTAIES (ROUTE DES)",49.35294,6.10082
201500029380,21,7,15,15,1,57,306,2,1,1,6,"1, MIMOSA (RUE DU)",49.3544,6.06337
201500029381,31,7,15,20,1,57,757,2,1,1,3,"161, ROOSEVELT (RUE DU P",49.34747,6.19527
201500029382,2,8,15,4,5,57,672,2,1,1,3,"4, JEAN VIGO (RUE)",49.35958,6.13376
201500029383,22,8,15,10,1,57,757,2,1,1,6,"43, Nations (Avenue)",49.35812,6.18909
201500029384,25,8,15,11,1,57,221,2,1,1,3,"48, LONGWY (RUE DE)",49.31835,6.10673
201500029385,7,9,15,17,1,57,672,1,1,1,1,VOLKRANGE (ROUTE DE),49.3514,6.08912
201500029386,9,9,15,10,1,57,757,2,1,1,3,"43, Nations (Avenue)",49.35812,6.18909
201500029387,21,9,15,16,1,57,672,2,1,1,6,"7, VOLKRANGE (ROUTE DE)",49.36477,6.09213
201500029388,23,9,15,21,5,57,672,2,2,8,3,"22, OCEANIE (CHAUSSEE D'",49.36809,6.15733
201500029389,28,9,15,14,1,57,672,2,1,1,3,"30, Bld Robert Schuman",49.35354,6.17895
201500029390,1,10,15,22,3,57,441,1,1,1,6,MAISON  ROUGE (ROUTE DE),49.38983,6.16857
201500029391,3,10,15,14,1,57,672,2,1,1,3,"1, ESCH SUR ALZETTE (ROU",49.35646,6.14333
201500029392,8,10,15,19,5,57,672,2,1,1,3,"1, ALBERT 1ER (AVENUE) -",49.36,6.17089
201500029393,10,10,15,19,3,57,221,2,1,1,6,"2, METZ (ROUTE DE)",49.31917,6.1559
201500029394,21,10,15,7,2,57,672,2,1,1,6,"50, DE GAULLE (AVENUE CH",49.36222,6.17392
201500029395,24,10,15,18,1,57,672,2,6,1,7,"1, ARLON (ROUTE DE)",49.36331,6.11137
201500029396,3,11,15,7,1,57,368,2,1,1,6,"112, REPUBLIQUE (RUE DE",49.34253,6.03501
201500029397,6,11,15,16,1,57,672,2,1,1,6,"1, OCEANIE (CHAUSSEE D')",49.36548,6.15217
201500029398,6,11,15,16,1,57,757,2,2,1,3,"150, ROOSEVELT (RUE DU P",49.3481,6.19356
201500029399,6,11,15,18,5,57,221,2,1,2,6,"91, LORRAINE (AVENUE DE)",49.32631,6.12646
201500029400,7,11,15,10,1,57,672,1,1,1,6,"51, GARCHE (ROUTE DE)",49.39552,6.19602
201500029401,17,11,15,7,1,57,672,2,1,2,6,"1, ROMAINS (ROUTE DS)",49.36435,6.14124
201500029402,19,11,15,17,5,57,672,2,1,2,6,"42, GUISE (AVENUE DE) -",49.36558,6.16602
201500029403,20,11,15,12,1,57,672,2,1,3,6,"24, MARECHAL JOFFRE (RUE",49.35403,6.1598
201500029404,24,11,15,17,4,57,368,2,1,1,6,"1, REPUBLIQUE (RUE DE LA",49.33697,6.04684
201500029405,28,11,15,17,5,57,672,2,1,1,6,"1, MARCHAL (QUAI)",49.35791,6.16939
201500029406,1,12,15,7,2,57,672,1,1,2,6,"63, FOCH (BOULEVARD)",49.35961,6.16285
201500029407,1,12,15,10,1,57,672,2,1,2,6,"2, LUXEMBOURG (PLACE DU)",49.35925,6.17054
201500029408,3,12,15,12,1,57,306,2,3,1,3,"31, WENDEL (RUE DE)",49.32744,6.06865
201500029409,8,12,15,16,2,57,672,2,1,1,6,"18, GUISE (AVENUE DE) -",49.36428,6.16324
201500029410,9,12,15,9,1,57,672,2,1,1,6,"2, STRASBOURG (RUE DE)",49.3553,6.16195
201500029411,14,12,15,8,2,57,508,1,1,1,1,ALGRANGE (RUE D'),49.34578,6.03777
201500029412,16,12,15,18,5,57,666,2,3,2,6,"1, HAUTE (RUE)",49.34506,6.13365
201500029413,19,12,15,17,5,57,757,2,6,1,3,ILLANGE (ROUTE D'),49.34906,6.17649
201500029414,27,12,15,19,5,57,672,2,1,1,6,"72, METZ (ROUTE DE)",49.34302,6.16096
201500029415,29,8,15,13,1,33,332,1,3,1,3,,45.03389,0.00744
201500029416,30,1,15,19,3,11,68,1,1,2,4,,43.1797,2.56443
201500029417,11,4,15,2,3,11,151,1,1,1,2,,43.19208,2.45508
201500029418,9,7,15,5,2,11,69,1,1,1,6,,43.20146,2.27605
201500029419,1,8,15,13,1,11,69,1,1,1,3,,43.18636,2.39802
201500029420,10,8,15,10,2,11,69,1,1,1,5,,43.19144,2.37598
201500029421,30,11,15,12,1,11,69,1,1,1,2,,43.18716,2.40245
201500029422,17,12,15,18,3,11,76,1,1,1,5,,43.28695,1.95116
201500029423,10,5,15,17,1,57,371,1,9,1,3,,0.0,0.0
201500029424,1,11,15,11,1,57,437,1,1,5,1,,0.0,0.0
201500029425,2,11,15,18,3,57,740,1,1,5,1,,0.0,0.0
201500029426,24,12,15,18,3,57,371,1,1,2,1,,0.0,0.0
201500029427,6,7,15,18,1,86,100,1,1,7,4,,0.0,0.0
201500029428,5,3,15,15,1,58,194,2,1,1,2,MARECHAL JUIN,47.4,3.09
201500029429,23,3,15,8,1,58,194,2,3,1,3,"sans, ARDENETS",0.0,0.0
201500029430,25,3,15,12,1,58,194,2,1,1,6,"sans, PIERRE EMILE GASPA",0.0,0.0
201500029431,9,1,15,20,5,58,194,2,1,2,7,COLBERT,0.0,0.0
201500029432,26,3,15,20,5,58,194,2,1,2,7,"sans, MARINIERS (QUAI)",0.0,0.0
201500029433,26,3,15,7,1,58,194,2,1,1,3,"35, SAINT BENIN",0.0,0.0
201500029434,31,3,15,15,1,58,194,2,3,1,3,PONT CIZEAU,0.0,0.0
201500029435,28,12,15,17,5,58,194,2,1,1,1,"SANS, GRAND PRE DES BORD",46.99174,3.12342
201500029436,10,4,15,11,1,58,194,2,2,1,6,"SANS, SAINT EXUPERY (BOU",0.0,0.0
201500029437,15,4,15,16,1,58,194,2,2,1,6,"52, MONTAPINS",0.0,0.0
201500029438,10,4,15,7,1,58,194,2,1,1,7,"SANS, MARECHAL LECLERC",0.0,0.0
201500029439,17,12,15,9,1,58,194,2,1,2,7,"SANS, PISSEROTTE (BOULEV",46.9704,3.12877
201500029440,2,1,15,9,1,58,194,2,1,8,1,MADEMOISELLE BOURGEOIS,0.0,0.0
201500029441,15,4,15,11,1,58,194,2,1,1,6,"21, SAULAIES (ROUTE)",0.0,0.0
201500029442,20,12,15,17,1,58,194,2,1,1,7,"sans, MARECHAL JUIN",0.0,0.0
201500029443,18,4,15,10,1,58,194,2,1,1,3,"SANS, BERNARD PALISSY",0.0,0.0
201500029444,5,2,15,9,1,58,194,2,1,1,7,"sans, ESTUTT DE TRACY",0.0,0.0
201500029445,17,4,15,16,1,58,194,2,1,1,7,"SANS, JEROME TRESAGUET",46.9968,3.14794
201500029446,7,5,15,7,1,58,194,1,1,1,6,PONT DE LOIRE,46.98483,3.15794
201500029447,23,4,15,18,1,58,194,2,2,1,3,"SANS, ALFRED BRISSET",0.0,0.0
201500029448,19,2,15,13,1,58,194,2,1,1,7,"sans, AMIRAL JACQUINOT",0.0,0.0
201500029449,21,5,15,13,1,58,194,2,1,1,7,"SANS, PRE PLANTIN (BOULE",0.0,0.0
201500029450,19,5,15,18,1,58,194,2,1,1,7,"sans, COLBERT",0.0,0.0
201500029451,7,6,15,13,1,58,194,2,9,1,6,"SANS, CLAUDE TILLIER",46.98805,3.15349
201500029452,7,6,15,13,1,58,194,2,1,1,6,"SANS, RESISTANCE (SQUARE",46.99269,3.16039
201500029453,9,6,15,8,1,58,194,2,1,1,7,REPUBLIQUE (BOULEVARD),46.99262,3.17146
201500029454,18,6,15,16,1,58,194,2,1,1,1,"57, MARZY",46.98756,3.13768
201500029455,23,6,15,11,1,58,194,2,1,1,7,"SANS, CHEMIN DE FER",0.0,0.0
201500029456,13,5,15,14,1,58,194,2,1,1,6,"16TER, LOURDES",46.99159,3.15481
201500029457,7,7,15,8,1,58,194,2,1,1,7,"21, TREIZIEME DE LIGNE",0.0,0.0
201500029458,9,7,15,11,1,58,194,2,1,1,6,"SANS, ARDILLIERS",46.99172,3.16128
201500029459,26,6,15,15,1,58,194,2,2,1,6,"1, MARCEAU",46.99233,3.15971
201500029460,14,7,15,9,1,58,194,2,1,1,6,"SANS, RAIE",46.98288,3.13179
201500029461,11,7,15,9,1,58,194,2,2,1,3,"SANS, REPUBLIQUE (BOULEV",46.98995,3.16845
201500029462,17,7,15,9,1,58,194,2,1,1,6,"SANS, CHARLES ROY",46.9948,3.16258
201500029463,3,7,15,12,1,58,194,2,6,1,3,"SANS, MADEMOISELLE BOURG",46.99514,3.16815
201500029464,10,7,15,15,1,58,194,2,6,1,3,"SANS, FONTAINE D'ARGENT",46.99263,3.14839
201500029465,18,7,15,13,1,58,194,2,1,1,6,"7, ANDRE PIAUT",46.98635,3.13581
201500029466,12,7,15,21,2,58,194,2,1,1,2,"SANS, PONT DE LOIRE",46.98364,3.15878
201500029467,25,7,15,4,5,58,194,2,1,1,7,"sans, SAULAIES (ROUTE)",46.98271,3.14828
201500029468,31,7,15,7,1,58,194,2,1,1,6,GENERAL DE GAULLE,0.0,0.0
201500029469,6,8,15,13,1,58,194,2,1,1,7,MONTE CASSINO (ROND POIN,46.9881,3.12449
201500029470,6,8,15,14,1,58,194,2,1,1,2,"sans, HENRI BOUQUILLARD",0.0,0.0
201500029471,11,8,15,16,1,58,194,2,1,1,2,GRAND PRE DES BORDES,0.0,0.0
201500029472,13,8,15,17,1,58,194,2,1,1,2,"SANS, PIERRE DE COUBERTI",0.0,0.0
201500029473,20,8,15,21,5,58,194,2,3,1,3,"SANS, JEAN MOULIN",46.9847,3.17778
201500029474,22,8,15,17,1,58,194,2,1,1,6,"5, MAURICE RAVEL (PLACE)",0.0,0.0
201500029475,31,8,15,16,1,58,194,2,1,1,3,PAUL VAILLANT COUTURIER,0.0,0.0
201500029476,29,8,15,12,1,58,194,2,1,1,5,"sans, TREIZIEME DE LIGNE",0.0,0.0
201500029477,30,7,15,22,5,58,194,2,1,1,6,"61, MARZY",46.98751,3.13738
201500029478,5,9,15,16,1,58,194,2,1,1,7,PETIT MOUESSE,0.0,0.0
201500029479,9,9,15,10,1,58,194,2,1,1,6,"10, GAMBETTA",46.99067,3.15902
201500029480,6,9,15,14,1,58,194,2,1,1,7,HENRI BARBUSSE,0.0,0.0
201500029481,15,9,15,14,1,58,194,2,1,1,1,"SANS, CHAMP DE FOIRE (PL",0.0,0.0
201500029482,18,9,15,15,1,58,194,2,1,1,7,RENE MARLIN (CARREFOUR),0.0,0.0
201500029483,24,9,15,15,1,58,194,2,1,1,1,"SANS, JEAN GAUTHERIN",0.0,0.0
201500029484,23,9,15,17,1,58,194,2,1,1,6,"SANS, JEAN MOULIN",46.9845,3.17802
201500029485,9,10,15,7,1,58,194,2,1,1,3,"SANS, SAINT EXUPERY (BOU",47.00409,3.15681
201500029486,12,10,15,15,1,58,194,2,1,1,7,"sans, PIERRE BEREGOVOY",0.0,0.0
201500029487,2,10,15,12,1,58,194,2,1,1,6,"SANS, CHAUVELLES",46.99727,3.15898
201500029488,17,10,15,15,1,58,194,2,2,1,3,"SANS, MONTOTS",46.99259,3.13544
201500029489,27,10,15,16,1,58,194,2,1,1,7,"sans, PRES",47.00004,3.18474
201500029490,30,10,15,16,1,58,194,2,1,1,3,FRANCIS GARNIER,0.0,0.0
201500029491,4,11,15,15,1,58,194,2,1,1,6,"sans, VICTOR HUGO (BOULE",46.99712,3.15371
201500029492,12,11,15,13,1,58,194,2,1,1,1,"sans, COBLENCE",0.0,0.0
201500029493,4,11,15,19,1,58,194,2,1,1,3,"sans, PIERRE EMILE GASPA",0.0,0.0
201500029494,12,11,15,12,1,58,194,2,1,1,6,"SANS, MARECHAL LYAUTEY",46.99292,3.12897
201500029495,18,11,15,15,1,58,194,2,1,1,6,"SANS, MARECHAL JUIN",0.0,0.0
201500029496,24,11,15,7,1,58,194,2,1,1,6,CROIX JOYEUSE (CARREFOUR,0.0,0.0
201500029497,25,11,15,12,1,58,194,2,1,2,7,"SANS, BOIS D'ARDENET",46.98206,3.13377
201500029498,25,11,15,13,1,58,194,2,1,2,1,CHARLEVILLE,0.0,0.0
201500029499,8,11,15,18,5,58,194,2,1,1,1,"SANS, JEAN MOULIN",46.98777,3.17727
201500029500,4,12,15,11,1,58,194,2,1,1,7,"sans, CARNOT (PLACE)",0.0,0.0
201500029501,4,12,15,12,1,58,194,2,1,1,2,"sans, BERNARD PALISSY",0.0,0.0
201500029502,18,11,15,23,5,58,194,2,3,2,3,"SANS, BERNARD PALISSY",46.9856,3.17452
201500029503,4,12,15,17,5,58,194,2,1,8,6,"14, DOCTEUR LEVEILLE",47.00128,3.1458
201500029504,2,12,15,12,1,58,194,2,3,1,3,"SANS, PAUL VAILLANT COUT",46.99331,3.15685
201500029505,7,12,15,15,1,58,194,2,1,1,6,"57, MARZY",46.98819,3.11915
201500029506,14,11,15,13,1,58,194,2,1,1,1,"26, ROMAIN BARON",46.98227,3.12696
201500029507,7,12,15,18,2,58,194,2,1,1,1,"sans, HENRI BOUQUILLARD",0.0,0.0
201500029508,12,12,15,10,1,58,194,2,1,1,3,"sans, MARZY",0.0,0.0
201500029509,13,12,15,21,5,58,194,2,1,1,7,"SANS, VERNAI (IMPASSE)",46.9852,3.18798
201500029510,7,1,15,14,1,58,194,2,1,2,6,"95, GRAND MOUESSE (FAUBO",0.0,0.0
201500029511,9,1,15,17,2,58,194,2,6,2,6,"sans, GENERAL DE GAULLE",0.0,0.0
201500029512,17,1,15,10,1,58,194,2,1,1,6,"SANS, COLBERT",0.0,0.0
201500029513,19,1,15,17,5,58,194,2,3,1,3,MARZY,0.0,0.0
201500029514,25,1,15,9,1,58,194,2,3,9,6,"sans, EDME LABORDE",0.0,0.0
201500029515,22,1,15,7,2,58,194,2,1,2,2,"13, LYON (FAUBOURG)",0.0,0.0
201500029516,23,1,15,11,1,58,194,2,1,8,2,GENERAL DE GAULLE,0.0,0.0
201500029517,26,1,15,21,4,58,194,2,1,2,3,COLBERT,0.0,0.0
201500029518,2,2,15,19,5,58,194,2,2,2,3,"sans, MONTOTS",0.0,0.0
201500029519,11,2,15,15,1,58,194,2,1,1,3,HENRI BOUQUILLARD,0.0,0.0
201500029520,23,2,15,18,5,58,194,2,3,2,3,"sans, MARZY",0.0,0.0
201500029521,5,3,15,17,1,95,313,2,1,1,3,CHE DE LA MADELEINE,49.1044,2.2294
201500029522,17,12,15,9,1,95,487,2,1,1,6,AV GASTON VERMEIRE,49.1505,2.2769
201500029523,17,12,15,14,1,95,52,2,1,1,6,R DE SENLIS,49.1431,2.2942
201500029524,27,2,15,8,1,95,58,1,1,7,4,RD 924,49.1599,2.3127
201500029525,5,4,15,16,1,95,52,2,1,1,6,AV PAUL BEJOT,49.1396,2.2865
201500029526,10,4,15,17,1,95,487,2,1,1,2,AV GASTON VERMEIRE,49.1525,2.2732
201500029527,31,5,15,22,5,95,487,2,1,2,6,R PASTEUR,49.1549,2.2759
201500029528,6,6,15,19,1,95,436,2,1,1,6,R DE L'ISLE ADAM,49.1313,2.2659
201500029529,2,9,15,15,1,95,52,1,1,1,1,RD 929,49.1502,2.2962
201500029530,17,11,15,8,2,95,116,2,1,2,6,R DES ECOLES,49.1581,2.3326
201500029531,4,12,15,8,2,95,52,1,1,8,1,RTE DE CLERMONT,49.1457,2.3018
201500029532,22,1,15,5,4,95,313,2,1,1,6,AV GENERAL DE GAULLE,49.1176,2.2192
201500029533,30,1,15,17,1,95,504,2,1,1,6,R HENRI DOUAY,49.1076,2.2999
201500029534,14,3,15,16,1,95,313,2,1,1,1,R DU PRIEURE,49.1129,2.2104
201500029535,31,5,15,0,3,95,445,1,1,1,4,RN 184,0.0,0.0
201500029536,24,7,15,16,1,95,313,1,1,1,3,RD 922,49.1192,2.2318
201500029537,10,9,15,12,1,95,504,1,3,1,3,RD 64 E,49.1058,2.2934
201500029538,11,9,15,9,1,95,313,2,1,1,3,R DE PONTOISE,49.1088,2.2222
201500029539,18,9,15,9,2,95,504,1,1,1,7,RN 184,0.0,0.0
201500029540,21,9,15,21,3,95,445,1,1,2,6,RN 184,0.0,0.0
201500029541,23,10,15,17,1,95,313,2,1,1,3,AV PAUL THOUREAU,49.1191,2.2181
201500029542,27,10,15,15,1,95,313,2,1,1,6,AV DE PARIS,49.1126,2.2174
201500029543,19,11,15,16,1,95,445,1,1,1,6,RN 184,49.0904,2.2582
201500029544,3,12,15,19,3,95,313,1,1,1,6,AV MICHEL PONIATOWSKI,49.1207,2.2379
201500029545,12,9,15,17,1,71,47,2,1,2,3,AVENUE DE LA LIBERATION,46.61974,3.768
201500029546,19,10,15,18,2,71,47,2,1,7,6,rue du breuil,46.62346,3.75558
201500029547,18,2,15,9,1,59,143,2,1,1,6,NATIONALE  ( ROUTE),0.0,0.0
201500029548,2,3,15,8,1,59,17,2,1,1,6,SAINT VAAST (PLACE),0.0,0.0
201500029549,13,3,15,10,1,59,17,1,1,1,3,GUESDE  (PLACE JULES),0.0,0.0
201500029550,26,3,15,9,1,59,17,2,1,1,6,"25, FAIDHERBE (BD )",0.0,0.0
201500029551,3,4,15,16,1,59,431,2,1,1,6,HOUCKE (AVENUE JULES),0.0,0.0
201500029552,27,2,15,15,1,59,17,2,1,1,6,"93, RESISTANTS (RUE DES",0.0,0.0
201500029553,16,4,15,11,1,59,431,1,3,1,3,HOUCKE (AVENUE JULES),0.0,0.0
201500029554,21,4,15,8,1,59,17,1,3,1,6,DEPORTES (RUE DES),0.0,0.0
201500029555,13,5,15,22,5,59,17,2,1,1,3,"71, SANGNIER (AVENUE MAR",0.0,0.0
201500029556,18,6,15,14,1,59,17,2,3,1,6,LEBLEU (RUE JULES ),0.0,0.0
201500029557,24,6,15,21,1,59,317,2,1,1,6,RABELAIS  (RUE),0.0,0.0
201500029558,3,7,15,17,1,59,17,2,1,1,6,"87, VALMY (RUE DE )",0.0,0.0
201500029559,7,8,15,9,1,59,143,1,2,1,1,"1220, NATIONALE  ( ROUTE",0.0,0.0
201500029560,26,8,15,16,1,59,143,1,2,1,3,NATIONALE (ROUTE)IWEZ MA,0.0,0.0
201500029561,15,10,15,15,1,59,17,2,1,2,3,"10, GAMBETTA  (RUE)",0.0,0.0
201500029562,8,10,15,11,1,59,431,2,1,1,6,ARMENTIERES  (RUE D' ),0.0,0.0
201500029563,26,10,15,14,1,59,17,1,1,1,3,LECLERC (RUE DU GENERAL,0.0,0.0
201500029564,6,11,15,5,3,59,317,1,1,2,5,ROUTE DEPARTEMENTALE 945,0.0,0.0
201500029565,10,11,15,23,3,59,143,1,1,1,6,NATIONALE  ( ROUTE),0.0,0.0
201500029566,16,11,15,18,5,59,17,2,3,2,6,LIS (RUE RAYMOND ),0.0,0.0
201500029567,3,11,15,11,1,59,17,1,6,1,3,BEAUVAIS (QUAI DE),0.0,0.0
201500029568,3,12,15,9,1,59,17,2,2,1,3,BLUM  (AVENUE LEON),0.0,0.0
201500029569,21,12,15,17,1,59,17,2,1,1,5,"2154, RESISTANTS (RUE DE",0.0,0.0
201500029570,28,12,15,15,1,59,317,1,3,1,3,ROUTE DEPARTEMENTALE 945,0.0,0.0
201500029571,6,1,15,15,1,59,17,2,1,1,1,"48, FUSILLES (RUE DES )",0.0,0.0
201500029572,23,1,15,20,5,59,317,2,1,1,6,LUTUN  (RUE),0.0,0.0
201500029573,28,1,15,14,1,59,17,2,1,3,6,RESISTANTS (RUE DES ),0.0,0.0
201500029574,9,2,15,12,1,59,17,2,3,1,3,MOLINEL (RUE DU ),0.0,0.0
201500029575,2,3,15,16,1,59,33,2,1,7,6,JEAN JAURES (RUE),50.19891,3.84544
201500029576,13,3,15,16,1,59,68,2,9,1,6,Rue Neuve,50.20294,3.81338
201500029577,16,10,15,19,2,59,33,2,1,1,3,"116, HOTEL DE VILLE (RUE",0.0,0.0
201500029578,11,12,15,8,2,59,33,2,1,3,6,"144, HOTEL DE VILLE (RUE",0.0,0.0
201500029579,30,6,15,16,1,59,43,2,1,1,6,"34, EMILE HIE (Rue)",50.73667,2.73281
201500029580,10,8,15,8,1,59,43,1,1,1,6,3204 Route de Lille,50.72819,2.77012
201500029581,10,9,15,7,2,59,43,1,3,1,3,"3867, BELLE CROIX",0.0,0.0
201500029582,13,9,15,11,1,59,43,1,1,1,7,CLAVERHELST (LIEU DIT),0.0,0.0
201500029583,26,9,15,6,3,59,43,1,2,1,3,HAZEBROUCK (ROUTE),0.0,0.0
201500029584,1,3,15,16,1,59,43,1,1,1,6,25 Route de Locre,50.76286,2.75663
201500029585,21,4,15,15,1,59,43,1,2,1,3,METEREN (ROUTE DE),0.0,0.0
201500029586,23,12,15,11,1,59,122,2,1,1,6,"132, FAIDHERBE (BOULEVAR",0.0,0.0
201500029587,3,6,15,11,1,59,122,2,1,1,6,"3, DELATTRE DE TASSIGNY",50.0,3.0
201500029588,4,6,15,16,1,59,122,2,1,1,6,"86, SAINT DRUON (RUE)",0.0,0.0
201500029589,11,6,15,16,1,59,122,2,2,1,3,DOCKS (RUE DES),0.0,0.0
201500029590,11,5,15,17,1,59,122,1,1,1,1,RD643,50.15213,3.25788
201500029591,1,8,15,2,3,59,488,1,1,1,6,route d'Arras,50.19166,3.16216
201500029592,26,8,15,9,1,59,122,2,1,1,6,LIBERTE (BOULEVARD DE LA,0.0,0.0
201500029593,21,9,15,7,1,59,122,2,1,1,6,VICTOIRE (AVENUE DE LA),0.0,0.0
201500029594,27,10,15,19,5,59,244,2,2,1,5,ROUTE NATIONALE,0.0,0.0
201500029595,15,9,15,8,1,59,122,2,1,1,6,PERONNE (RUE DE),0.0,0.0
201500029596,8,11,15,13,1,59,122,2,1,1,5,SAINT DRUON (RUE),0.0,0.0
201500029597,18,11,15,18,5,59,122,2,3,1,3,CATEAU (AVENUE DU),0.0,0.0
201500029598,10,12,15,18,3,59,206,1,1,1,5,NAVES (ROUTE DE) OU DEPA,0.0,0.0
201500029599,4,12,15,15,1,59,244,1,1,1,6,BAPAUME (ROUTE DE),0.0,0.0
201500029600,19,2,15,8,1,59,616,2,1,1,6,971 Rue Anatole France,50.46491,3.55293
201500029601,16,3,15,9,1,59,616,2,1,1,6,"1166, BAY (RUE AUGUSTIN",0.0,0.0
201500029602,28,12,15,21,5,59,616,2,7,1,6,"481, FOCH (RUE DU MARECH",50.47837,3.57946
201500029603,7,8,15,18,1,59,253,2,3,1,2,LOUBRY (RUE EDGARD ),50.44083,3.56731
201500029604,7,8,15,13,1,59,153,2,1,1,1,"116, STRADY (RUE ADOLPHE",50.47355,3.57811
201500029605,29,8,15,16,1,59,153,2,1,1,5,"76, BONSECOURS (ROUTE DE",50.4644,3.59476
201500029606,11,10,15,20,5,59,253,2,1,1,6,"230, JAURES (RUE JEAN )",0.0,0.0
201500029607,6,9,15,11,1,59,616,2,1,1,3,"371, HUGO (RUE VICTOR )",50.4607,3.56765
201500029608,13,11,15,10,1,59,253,2,3,1,3,"98, ZOLA (RUE EMILE )",50.43565,3.58236
201500029609,14,11,15,17,5,59,616,2,1,2,6,BETH (RUE RENE ),50.47909,3.57711
201500029610,6,3,15,10,1,59,288,1,1,1,6,CD 40,0.0,0.0