Num_Acc,jour,mois,an,hr,condition_eclairage,departement,commune,condition_agglomeration,intersection,condition_atmosphere,type_collision,adresse,lattitude,longitude
201500029611,4,11,15,13,1,59,172,2,1,1,6,"1, BAUDIN (PL.)",0.0,0.0
201500029612,21,2,15,19,1,59,632,1,1,1,6,"33, BLANQUI (R.)",0.0,0.0
201500029613,4,12,15,15,1,59,172,2,1,1,6,LECLERC (R. MARECHAL),0.0,0.0
201500029614,17,2,15,7,1,59,172,2,2,1,3,BERTHELOT (R.),0.0,0.0
201500029615,22,4,15,17,1,59,361,2,1,1,6,HUGO (R. VICTOR),0.0,0.0
201500029616,23,4,15,19,1,59,504,1,1,1,6,"1, DEPARTEMENTAL (CHEMIN",0.0,0.0
201500029617,9,6,15,18,1,59,172,2,1,1,6,"21, BERIOT (PIERRE)",50.32569,3.38055
201500029618,6,6,15,14,1,59,2,2,3,1,6,BOUCHAIN (RTE DE),50.19157,6.5508
201500029619,22,5,15,17,1,59,361,2,1,1,6,"126, BLANQUI (R.)",0.0,0.0
201500029620,30,6,15,17,1,59,179,2,1,1,6,"18, ELUARD (PL. PAUL)",50.29922,3.38933
201500029621,7,7,15,11,1,59,302,1,1,1,6,"14, JAURES (R. JEAN)",50.35611,3.45247
201500029622,18,6,15,0,5,59,504,2,2,1,2,JAURES (R. JEAN),50.31247,3.34483
201500029623,19,5,15,14,1,59,172,2,1,1,6,BLANQUI (R.),0.0,0.0
201500029624,11,7,15,2,5,59,504,2,1,1,6,"58A, LAMENDIN (R. ARTHUR",0.0,0.0
201500029625,10,8,15,18,1,59,172,2,2,1,1,MOUSSERON (R. JULES),0.0,0.0
201500029626,12,8,15,18,1,59,504,2,1,1,2,LAMENDIN (R. ARTHUR),0.0,0.0
201500029627,2,9,15,10,1,59,172,2,1,1,6,"180, VILLARS (R.)",50.32671,3.39869
201500029628,1,10,15,21,3,59,429,1,9,1,1,"., NATIONALE(R.30)",50.25395,3.3213
201500029629,10,9,15,19,2,59,172,2,1,1,6,"19, GLORIETTES (ALL.)",50.325,3.4038
201500029630,14,10,15,18,2,59,172,1,1,3,2,RD 630,0.0,0.0
201500029631,31,10,15,14,1,59,172,2,1,1,6,VILLARS (R.),50.32644,3.38983
201500029632,19,12,15,17,2,59,172,2,1,1,6,"26, VERDUN (BD)",50.31791,3.39469
201500029633,10,1,15,17,5,59,172,2,1,1,6,"601, NEVE (R. PIERRE)",0.0,0.0
201500029634,17,1,15,18,5,59,172,2,1,2,2,GAULLE (BD CHARLES DE),0.0,0.0
201500029635,28,2,15,11,1,59,178,2,1,7,6,"12, CAMBRAI (RUE DE)",0.0,0.0
201500029636,20,11,15,20,3,59,501,1,1,1,1,RD 957,50.3822,3.28417
201500029637,26,2,15,11,1,59,239,1,1,1,6,CD 35,0.0,0.0
201500029638,26,11,15,22,5,59,178,2,1,8,7,BASTION CAUX (RUE DU),50.3714,3.06639
201500029639,8,4,15,12,1,59,8,2,1,1,6,"139, KOPIERRE (RUE)",0.0,0.0
201500029640,28,11,15,12,1,59,314,2,1,1,1,"83, GAMBETTA LEON(RUE)",50.3636,3.34131
201500029641,31,3,15,18,1,59,165,2,1,1,6,"35, PASTEUR (RUE LOUIS)",0.0,0.0
201500029642,5,12,15,14,1,59,8,2,1,8,6,"59, JAURES (RUE JEAN)",50.3318,3.25386
201500029643,7,12,15,20,3,59,329,1,1,1,2,JOFFRE (RUE DU MARECHAL),50.3438,3.09156
201500029644,17,5,15,17,1,59,24,1,1,1,7,MOULIN BLANC PROLONGEE(R,50.32229,3.24176
201500029645,2,4,15,21,5,59,489,2,1,1,1,"87, PLANTY (RUE DU)",0.0,0.0
201500029646,23,12,15,19,5,59,227,2,2,1,6,"04, HUGO VICTOR(RUE)",0.0,0.0
201500029647,14,4,15,22,5,59,178,2,2,1,3,R.D 643,0.0,0.0
201500029648,31,12,15,14,1,59,178,2,1,1,5,"455, FAUBOURG DE PARIS (",50.35241,3.08563
201500029649,24,5,15,14,1,59,234,1,3,1,3,RD 120 (Z.I DES PRES LOR,0.0,0.0
201500029650,8,5,15,14,1,59,456,1,6,1,6,D ORVES ESTIENNES(RUE),50.38053,3.21957
201500029651,25,4,15,13,1,59,178,2,1,1,1,"276, GUYNEMER (RUE GEORG",0.0,0.0
201500029652,3,6,15,12,1,59,178,2,1,1,6,"519, REPUBLIQUE (BOULEVA",50.37652,3.0763
201500029653,21,5,15,18,1,59,629,1,3,1,3,RIEULAY (ROUTE DE ),0.0,0.0
201500029654,1,6,15,23,5,59,574,1,1,1,1,TRAISNEL (ROUTE DE ),50.35383,3.26177
201500029655,3,6,15,14,1,59,178,2,1,1,6,CHAPLIN (SQUARE CHARLIE),50.37369,3.05311
201500029656,5,6,15,14,1,59,178,2,3,1,6,GUYNEMER (RUE GEORGES),50.37208,3.05466
201500029657,7,6,15,20,1,59,178,2,4,1,6,BOISSET (QUAI DE),50.39269,3.08047
201500029658,26,6,15,22,5,59,7,2,1,1,2,CHEVALET (RUE DU),50.40175,3.15716
201500029659,15,6,15,15,1,59,314,2,1,7,1,"82, GAMBETTA LEON(RUE)",50.36363,3.34102
201500029660,22,6,15,17,1,59,178,2,1,2,3,"173, EGLISE (RUE DE L')",50.3935,3.08263
201500029661,21,6,15,3,3,59,239,1,1,1,1,RD 938,50.4268,3.15152
201500029662,22,6,15,21,2,59,456,1,1,1,7,RIEULAY(ROUTE DE),50.387,3.23269
201500029663,5,7,15,2,5,59,227,2,2,1,3,JOLIOT CURIE IRENE(RUE),50.36655,3.29583
201500029664,19,7,15,19,1,59,8,1,1,1,1,DELESTRAINT (RUE DU GENE,50.33702,3.27961
201500029665,29,7,15,13,1,59,178,2,1,1,1,"650, CAMBRAI (RUE DE)",50.35744,3.08127
201500029666,30,7,15,11,1,59,165,1,1,3,3,RD 621,0.0,0.0
201500029667,2,8,15,19,1,59,178,2,6,1,6,"02, PASTEUR (BOULEVARD)",50.36316,3.07805
201500029668,2,9,15,1,5,59,234,2,1,1,6,"25, MARTIN (RUE MARCEAU)",50.39952,3.08877
201500029669,1,8,15,19,1,59,654,2,9,1,6,"270, LANGEVIN (RUE PAUL)",50.38797,3.10166
201500029670,8,8,15,9,1,59,178,2,1,1,2,"616, JEANNE D'ARC (BOULE",50.36925,3.06408
201500029671,19,8,15,8,1,59,178,1,6,1,1,FORT DE SCARPE (RUE DU),50.39138,3.10583
201500029672,20,9,15,19,1,59,178,2,1,1,2,CAMBRAI (PONT DE),50.35588,3.08202
201500029673,19,9,15,10,1,59,170,1,1,1,3,"14, RICHARD (RUE MAURICE",50.35391,3.124
201500029674,21,6,15,20,1,59,178,2,1,1,6,ALLEMANDS (CHEMIN DES),50.34997,3.08977
201500029675,13,10,15,20,5,59,170,2,3,1,1,D (ALLEE - LA CROIX DE P,50.34991,3.13047
201500029676,2,10,15,8,1,59,239,2,1,1,6,"29, ABBE GILLERON (RUE D",50.42944,3.17647
201500029677,20,9,15,16,1,59,456,1,2,1,3,GALIBOT (CHEMIN DU),50.37208,3.23636
201500029678,28,10,15,15,1,59,165,1,1,8,5,RD 621,50.37677,3.02891
201500029679,16,10,15,17,1,59,178,2,2,1,5,"222, BARLET (PLACE DU)",50.36463,3.08311
201500029680,28,10,15,13,1,59,178,2,6,1,6,LEQUIEN (RUE DU DOCTEUR),50.38108,3.08491
201500029681,28,10,15,19,5,59,375,2,1,1,6,"07, DE GAULLE(PLACE)",50.40741,3.27891
201500029682,4,11,15,17,2,59,185,2,1,8,6,"12, MARAICHONS (RUE DES)",50.3485,3.21581
201500029683,5,11,15,11,1,59,178,2,1,1,3,RD 643,50.3742,3.06619
201500029684,12,11,15,11,1,59,574,2,2,1,6,"50, MICHEL LOUISE(BOULEV",50.3538,3.28308
201500029685,12,2,15,13,1,59,178,2,1,1,6,"467, GUYNEMER (RUE GEORG",0.0,0.0
201500029686,24,1,15,21,3,59,276,1,1,1,6,ALLEMANDS (CHEMIN DES),0.0,0.0
201500029687,16,1,15,16,1,59,28,2,1,1,1,ROUSSEAU (RUE JEAN-JACQU,0.0,0.0
201500029688,2,2,15,8,1,59,178,2,1,1,6,"176, RAIMBEAUCOURT (RUE",0.0,0.0
201500029689,6,2,15,11,1,59,654,2,3,1,2,BULTEZ (RUE MARCEL),0.0,0.0
201500029690,9,1,15,21,5,59,588,2,9,2,6,PIERRES,0.0,0.0
201500029691,22,2,15,21,5,59,183,2,2,3,3,", REPUBLIQUE - F MITTER",0.0,0.0
201500029692,9,1,15,22,3,59,340,1,1,2,6,"., GENERAL CATROUX",0.0,0.0
201500029693,17,2,15,20,5,59,588,2,1,1,6,"20, MAIRIE",0.0,0.0
201500029694,13,12,15,12,1,59,540,2,2,1,1,"., BERTEAUX MAURICE - AV",51.01531,2.20582
201500029695,13,1,15,13,1,59,271,2,1,2,6,"., LORRAINE",0.0,0.0
201500029696,10,1,15,0,5,59,183,2,1,9,3,"., ASSEMAN PAUL - PLACE",0.0,0.0
201500029697,9,3,15,1,4,59,588,2,1,1,6,"., PIERRES",0.0,0.0
201500029698,5,2,15,12,1,59,155,2,1,2,6,"90, BOERNHOL",0.0,0.0
201500029699,14,3,15,0,5,59,271,1,6,1,6,", RD 601",0.0,0.0
201500029700,14,3,15,15,1,59,183,2,9,1,6,LAROUSSE PIERRE,0.0,0.0
201500029701,11,2,15,17,2,59,155,1,1,1,4,"., LIBERATION - AVENUE",0.0,0.0
201500029702,14,3,15,22,5,59,183,2,1,1,6,"., REPUBLIQUE - F MITTER",0.0,0.0
201500029703,13,2,15,15,1,59,271,2,1,1,6,"24, MOULIN",0.0,0.0
201500029704,3,4,15,12,1,59,271,2,1,2,6,"26, FLANDRES - BOULEVARD",0.0,0.0
201500029705,14,2,15,19,5,59,271,2,9,2,5,"., MENDES FRANCE - BOULE",0.0,0.0
201500029706,21,4,15,9,1,59,183,2,1,1,6,Rue de Calais,51.02836,2.36806
201500029707,5,4,15,5,5,59,540,2,2,1,3,"., FERRER",0.0,0.0
201500029708,10,5,15,16,1,59,183,2,1,1,2,"., LIBERATION - AVENUE",51.04107,2.38879
201500029709,13,5,15,9,1,59,183,2,9,1,6,"., PETITE-SYNTHE CD 940",51.02045,2.33224
201500029710,17,5,15,19,1,59,183,2,3,1,3,"., LIBERATION - AVENUE",51.04649,2.38775
201500029711,20,5,15,19,1,59,155,1,2,1,3,"., FURNES - ROUTE",51.03208,2.395
201500029712,24,5,15,9,1,59,155,2,6,1,3,"., BERANGER",51.02383,2.39236
201500029713,11,6,15,13,1,59,183,2,1,1,6,"209, SCHUMAN MAURICE - A",51.03522,2.36711
201500029714,14,6,15,18,1,59,155,1,1,1,6,WALDECK ROUSSEAU,51.02183,2.39052
201500029715,19,6,15,19,1,59,131,2,1,1,1,"66, BOURBOURG - ROUTE",51.00063,2.35817
201500029716,3,7,15,10,1,59,183,1,3,1,6,Bd du 8 Mai 1945,51.05197,2.408
201500029717,1,4,15,13,1,59,183,2,1,1,6,"., VANCAUWENBERGUE GEORG",51.00201,2.3138
201500029718,11,7,15,7,1,59,540,2,1,1,2,"50, REPUBLIQUE",51.02894,2.35723
201500029719,11,7,15,20,1,59,540,2,2,1,3,"., FOURNIER",48.48507,1.34043
201500029720,12,7,15,12,1,59,155,2,3,1,3,"60, HUGO VICTOR",51.01905,2.38424
201500029721,19,7,15,1,5,59,155,2,1,2,6,GHESQUIERE HENRI,51.0205,2.39122
201500029722,23,7,15,19,1,59,271,1,1,1,3,"., CD 940 ANCIEN VILLAGE",51.00856,2.28305
201500029723,24,7,15,8,1,59,183,2,1,1,7,"., MENDES FRANCE - BOULE",51.03906,2.40568
201500029724,22,7,15,12,1,59,183,2,3,1,3,PARIS,51.0294,2.37459
201500029725,25,7,15,11,1,59,271,2,1,1,6,GENERAL DE GAULLE - AVEN,51.01509,2.30239
201500029726,5,8,15,20,1,59,271,2,1,1,6,"., SUWALKI - AVENUE",51.01048,2.30209
201500029727,15,6,15,19,1,59,183,2,9,1,2,"., PETITE-SYNTHE CD 940",51.02241,2.34072
201500029728,12,8,15,11,1,59,183,2,9,1,6,"., PRESIDENT POINCARE",51.03522,2.3805
201500029729,16,8,15,4,5,59,183,2,1,1,6,"181, DOUVRES",51.02547,2.24369
201500029730,27,8,15,11,1,59,183,2,1,3,2,"3510, PETITE-SYNTHE CD 9",51.01861,2.32452
201500029731,29,8,15,3,5,59,540,1,1,1,6,"58, HUGO VICTOR",51.01498,2.20061
201500029732,29,8,15,13,1,59,131,2,1,1,6,"., HOOGHE-PORTE",50.99475,2.36686
201500029733,7,9,15,12,1,59,183,2,1,1,6,"14, EGALITE",51.01791,2.32336
201500029734,20,9,15,7,1,59,155,1,2,1,3,"., MALO CELESTIN",51.03119,2.40616
201500029735,13,9,15,9,1,59,271,2,3,1,3,"., MOULIN",51.02333,2.30455
201500029736,25,9,15,11,1,59,183,2,3,1,3,"., PETITE-SYNTHE CD 940",51.02566,2.35536
201500029737,26,9,15,15,1,59,588,1,1,1,7,"., PIERRES",50.99116,2.46211
201500029738,2,10,15,13,1,59,271,2,1,1,3,"., DUBEDOUT HUBERT - AVE",0.0,0.0
201500029739,17,10,15,19,5,59,183,2,1,1,6,"288, REPUBLIQUE - F MITT",51.0305,2.32336
201500029740,23,10,15,15,1,59,183,2,9,1,6,"15, PARIS",51.01791,2.36686
201500029741,27,10,15,18,5,59,183,2,1,1,6,"., VILLETTE - AVENUE",51.02405,2.36025
201500029742,6,11,15,22,5,59,155,2,2,2,1,"., BUFFON",51.0231,2.39269
201500029743,5,11,15,8,2,59,183,2,1,2,2,"., REPUBLIQUE - F MITTER",51.02415,2.24144
201500029744,27,10,15,10,1,59,183,2,7,1,3,"., ABBE BONPAIN - PLACE",51.04197,2.40605
201500029745,28,10,15,17,1,59,183,2,1,1,6,"., ZAMENHOF DOCTEUR",51.02446,2.24406
201500029746,3,11,15,7,2,59,271,2,1,1,4,"., ANCIEN VILLAGE - AVEN",51.0008,2.15003
201500029747,20,11,15,3,3,59,271,1,1,1,6,RD 601,51.00497,2.26736
201500029748,19,11,15,20,3,59,155,1,1,2,7,"., STEENDAM CD 72 - ROUT",51.0066,2.40403
201500029749,21,11,15,16,1,59,540,2,6,1,6,"., 8 MAI 1945 - CARREFOU",51.01365,2.20083
201500029750,22,11,15,4,3,59,273,1,1,1,6,"., PONT DE L AA",50.97366,2.12269
201500029751,26,11,15,7,2,59,183,2,1,1,6,"., CALAIS",51.02838,2.36808
201500029752,6,12,15,19,3,59,359,1,1,1,6,"., RD601",51.00008,2.24341
201500029753,9,12,15,16,1,59,271,2,1,1,3,GARNAERSTRAETE,51.00922,2.29538
201500029754,9,12,15,20,3,59,588,1,1,1,3,"., 32EME DI",51.03211,2.43416
201500029755,11,12,15,18,5,59,183,2,2,1,6,"373, REPUBLIQUE - F MITT",0.0,0.0
201500029756,15,12,15,17,1,59,540,2,2,2,1,"., CYGNES",51.0133,2.1937
201500029757,21,12,15,21,5,59,183,2,6,1,6,"., REPUBLIQUE - F MITTER",51.03058,2.25528
201500029758,18,12,15,11,1,59,183,2,1,1,6,"16, BOIS - QUAI",51.03047,2.37394
201500029759,14,1,15,7,5,59,295,2,1,4,6,"88, NOTRE DAME",0.0,0.0
201500029760,7,4,15,7,1,59,295,1,1,5,1,Rte départementale,50.72579,2.51409
201500029761,16,1,15,8,1,59,295,2,1,1,6,NOTRE DAME,0.0,0.0
201500029762,11,5,15,17,1,59,295,1,1,1,2,Route départemenetale,50.74013,2.54979
201500029763,3,6,15,8,1,59,295,2,1,1,6,DEPOORTER,0.0,0.0
201500029764,12,6,15,18,1,59,295,1,1,1,1,"., RD642",0.0,0.0
201500029765,3,9,15,16,1,59,295,2,3,1,3,"., PASTEUR",0.0,0.0
201500029766,28,9,15,20,1,59,295,2,1,1,6,"31, HENRI DUNANT",0.0,0.0
201500029767,25,11,15,10,1,59,295,2,6,7,3,DE CAESTRE,0.0,0.0
201500029768,10,3,15,16,1,59,324,2,1,1,6,"554, ERQUELINNES (RUE)",0.0,0.0
201500029769,10,6,15,18,1,59,385,2,3,1,2,"84, VICTOR HUGO (RUE)",0.0,0.0
201500029770,6,6,15,22,5,59,385,2,1,1,6,"2, PLACE (RUE DE LA)",50.29436,4.0778
201500029771,14,9,15,5,5,59,324,2,3,9,3,"661, LEON BLUM (RUE)",50.29452,4.08539
201500029772,27,11,15,17,5,59,324,2,1,1,6,"252, RESISTANCE (RUE DE",50.295,4.10585
201500029773,3,1,15,1,5,59,350,2,9,1,6,"NC, SOLFERINO RUE N?1 -",0.0,0.0
201500029774,17,2,15,13,1,59,378,2,1,1,6,"34, EGLISE RUE DE L",0.0,0.0
201500029775,21,12,15,7,5,59,527,2,1,1,6,GAMBETTA LEON RUE,0.0,0.0
201500029776,9,1,15,5,5,59,350,2,1,2,6,"NC, MOSELLE BOULEVARD N?",0.0,0.0
201500029777,28,11,15,23,5,59,350,2,3,1,6,MEHL RUE,50.64152,3.08408
201500029778,2,3,15,17,1,59,350,2,1,1,6,BOSSUET RUE,0.0,0.0
201500029779,9,1,15,8,1,59,350,2,3,2,2,"NC, SOLFERINO RUE N?1 -",0.0,0.0
201500029780,3,3,15,15,1,59,328,2,1,1,6,"380, DUNKERQUE AVENUE DE",0.0,0.0
201500029781,10,1,15,19,5,59,368,2,4,1,3,"NC, GAMBETTA LEON RUE",0.0,0.0
201500029782,5,3,15,14,1,59,560,1,2,1,4,HENTGES JOSEPH B,0.0,0.0
201500029783,9,1,15,16,2,59,410,2,2,2,3,"NC, DE GAULLE RUE DU GEN",0.0,0.0
201500029784,22,9,15,14,1,59,350,2,1,2,6,"131, TURIN BOULEVARD",50.63886,3.07647
201500029785,17,2,15,20,2,59,350,2,1,1,6,GRAND BUT RUE DU,50.65166,2.975
201500029786,13,1,15,14,1,59,350,2,2,2,3,GARREAU LAZARE RUE,0.0,0.0
201500029787,17,2,15,20,5,59,350,1,1,1,6,ROTONDE AVENUE D,50.0,2.59489
201500029788,18,1,15,21,5,59,350,2,2,4,6,"NC, COURBET GUSTAVE  RUE",0.0,0.0
201500029789,13,3,15,10,1,59,286,2,1,1,6,"56, CARNOT SADI RUE",0.0,0.0
201500029790,17,12,15,12,1,59,350,2,5,1,3,SOLFERINO RUE Nø1 - 159,50.62606,3.06476
201500029791,17,1,15,5,5,59,566,1,1,1,6,"NC, COMMERCE BOULEVARD D",0.0,0.0
201500029792,4,3,15,9,1,59,368,2,1,1,6,"183, DE GAULLE RUE DU GE",0.0,0.0
201500029793,16,1,15,18,5,59,350,2,1,1,1,CARREL ARMAND RUE,0.0,0.0
201500029794,1,3,15,21,4,59,195,2,1,2,4,FUSILLES RUE DES,50.62677,2.96003
201500029795,20,1,15,14,1,59,350,2,2,1,6,"NC, FAUBOURG D'ARRAS RUE",0.0,0.0
201500029796,8,4,15,15,1,59,196,2,1,1,6,Rue d' ESCOBECQUES,50.6315,2.94
201500029797,16,1,15,17,1,59,378,2,2,1,6,"0, RIANDERIE RUE DE LA",0.0,0.0
201500029798,6,3,15,2,5,59,350,2,1,1,2,SOLFERINO RUE N°2 - 108,50.63436,3.04886
201500029799,8,3,15,20,5,59,350,2,3,1,2,HEGEL RUE,50.63133,3.02206
201500029800,22,1,15,7,1,59,328,2,3,8,3,"NC, SAINT PAUL ALLEE",0.0,0.0
201500029801,1,4,15,16,1,59,527,2,3,1,3,"74, LECLERC RUE DU GENER",0.0,0.0
201500029802,24,1,15,22,5,59,350,2,2,1,3,"nc, SOLFERINO RUE N?110",0.0,0.0
201500029803,10,3,15,3,5,59,350,2,1,1,2,MONTEBELLO  BOULEVARD N°,50.61947,3.04853
201500029804,24,1,15,16,1,59,350,2,2,1,3,"NC, SALENGRO ROGER RUE",0.0,0.0
201500029805,14,3,15,2,5,59,350,2,3,1,6,"nc, LEBAS JEAN BAPTISTE",0.0,0.0
201500029806,30,1,15,9,1,59,350,2,1,2,7,"253, GAMBETTA LEON RUE",0.0,0.0
201500029807,7,12,15,13,1,59,350,2,2,1,6,"68, VAUBAN BOULEVARD Nø",50.63181,3.04601
201500029808,12,3,15,0,5,59,350,2,1,1,6,BEETHOVEN AVENUE,50.61827,3.03261
201500029809,30,1,15,4,5,59,350,2,1,4,6,"NC, MOSELLE BOULEVARD N?",0.0,0.0
201500029810,19,6,15,16,1,59,350,2,1,1,6,"92, SOLFERINO RUE N°2 -",50.63372,3.05
201500029811,30,1,15,8,2,59,350,2,1,4,2,"NC, JAVARY RUE",0.0,0.0
201500029812,25,3,15,12,1,59,368,2,1,1,6,KOENING RUE DU GENER,0.0,0.0
201500029813,27,1,15,22,5,59,378,2,9,1,3,BONPAIN RUE DE L'ABBE,0.0,0.0
201500029814,28,3,15,5,5,59,350,2,2,1,3,DUNKERQUE de  AVENUE,0.0,0.0
201500029815,25,1,15,20,5,59,350,2,9,2,6,"NC, LAMBRET OSCAR AVENUE",0.0,0.0
201500029816,24,3,15,9,1,59,350,2,2,1,1,Rue MARTYRS DE LA RESIST,50.63288,3.00897
201500029817,3,2,15,13,1,59,9,2,9,1,3,"NC, BREUCQ BOULEVARD DU",0.0,0.0
201500029818,1,4,15,18,1,59,350,2,1,1,5,"170, BRETAGNE AVENUE DE",0.0,0.0
201500029819,7,2,15,2,3,59,350,2,1,2,6,"NC, LAFARGUE PAUL RUE",0.0,0.0
201500029820,22,3,15,20,2,59,350,2,1,1,3,ARRAS RUE D,50.61663,3.06303
201500029821,9,3,15,16,1,59,350,2,6,1,6,"NC, DOREZ BARTHELEMY PLA",0.0,0.0
201500029822,7,2,15,17,1,59,350,2,1,1,6,"783, DUNKERQUE AVENUE DE",0.0,0.0
201500029823,29,3,15,22,5,59,350,2,2,1,3,RU FENELON,50.62988,3.11031
201500029824,6,2,15,19,5,59,350,2,9,1,4,"NC, BEETHOVEN AVENUE",0.0,0.0
201500029825,15,4,15,15,1,59,350,2,2,1,6,Rue d' ARBRISSEAU,50.60255,3.05127
201500029826,7,4,15,13,1,59,350,2,3,1,3,CARREL ARMAND RUE,0.0,0.0
201500029827,1,2,15,23,5,59,350,2,1,2,6,"111, SALENGRO ROGER RUE",0.0,0.0
201500029828,9,4,15,19,1,59,350,2,7,1,6,SOLFERINO RUE N°110 - 20,0.0,0.0
201500029829,28,1,15,20,5,59,328,2,9,1,7,"NC, HIPPODROME AV DE L N",0.0,0.0
201500029830,6,4,15,17,1,59,350,2,6,1,3,PL SIMON VOLLANT,0.0,0.0
201500029831,22,4,15,7,1,59,360,1,2,7,3,PARE AMBROISE RUE,0.0,0.0
201500029832,14,3,15,2,5,59,378,2,1,1,2,REPUBLIQUE AV DE LA (N?9,50.0,3.0
201500029833,13,2,15,16,1,59,220,2,1,1,6,FERRER RUE,0.0,0.0
201500029834,25,4,15,3,5,59,350,2,1,2,3,146 SOLFERINO RUE N°110,50.63147,3.05408
201500029835,14,2,15,15,1,59,350,2,1,1,3,"NC, STRASBOURG PLACE",0.0,0.0
201500029836,17,4,15,12,1,59,350,2,1,1,6,"02 à 04, CABANIS RUE",50.63508,3.09286
201500029837,16,11,15,18,2,59,350,2,1,1,7,FAIDHERBE RUE,0.0,0.0
201500029838,13,2,15,19,5,59,560,1,1,3,5,"NC, R.D. 549",0.0,0.0
201500029839,30,3,15,12,1,59,410,2,2,1,3,BECQUEREL RUE DU,50.63566,3.09999
201500029840,25,4,15,21,5,59,360,2,2,1,3,LECLERC RUE DU GENERAL,50.61012,3.0206
201500029841,10,2,15,9,1,59,328,2,1,7,7,"NC, CHATEUBRIAND RUE",0.0,0.0
201500029842,17,3,15,21,5,59,350,2,1,1,6,FLERS RUE,50.637,3.09064
201500029843,20,4,15,12,1,59,9,2,2,1,3,"IGNORE, DECUGIS YVES RUE",0.0,0.0
201500029844,23,3,15,8,1,59,350,2,1,1,6,FLANDRES PONT,50.63755,3.07761
201500029845,3,5,15,21,5,59,350,2,1,1,6,"34, ESQUERMES RUE  Nø PA",50.6243,3.04447
201500029846,9,4,15,9,1,59,527,2,1,1,6,"IGNORE, LAMBERSART RUE D",0.0,0.0
201500029847,17,3,15,10,1,59,350,2,1,1,6,MONTEBELLO BD PAIRS DE 7,50.62072,3.04714
201500029848,6,4,15,19,1,59,350,2,2,1,6,SANS PEUR RUE JEAN N°1-6,50.63403,3.06108
201500029849,28,4,15,19,1,59,286,2,2,1,5,"NC, VANDERHAGEN ALBERT R",50.61091,2.98019
201500029850,12,5,15,12,1,59,378,2,1,1,6,"44, DELATTRE DE TASSIGNY",0.0,0.0
201500029851,23,9,15,11,1,59,350,2,9,1,6,"NC, NATIONALE RUE N°2 -",50.38069,0.03304
201500029852,7,3,15,14,1,59,286,1,3,1,3,"42, LOSTES RUE DES",0.0,0.0
201500029853,23,4,15,16,1,59,350,2,2,7,6,"52, CARNOT SADI BV. NøPA",50.63955,3.06808
201500029854,2,5,15,18,1,59,386,2,3,1,3,"12/14, INDUSTRIELLE AVEN",0.0,0.0
201500029855,17,5,15,0,5,59,350,2,2,1,3,LIBERTE BVD N°2 - 90-51,50.63463,3.05647
201500029856,22,3,15,0,5,59,350,2,2,1,6,SOLFERINO RUE N°2  - 108,50.63622,3.04533
201500029857,7,4,15,15,1,59,9,1,1,1,3,"NC, COLBERT RUE",50.6263,3.18483
201500029858,26,5,15,11,1,59,560,2,1,1,1,"nc, RIEUX GERNEZ RUE",50.54119,3.02705
201500029859,21,5,15,19,1,59,350,2,3,1,3,VAUBAN BOULEVARD N° REST,50.38105,3.3015
201500029860,24,5,15,13,1,59,350,2,2,1,6,ARRAS RUE D,0.0,0.0
201500029861,25,5,15,7,1,59,378,2,1,1,6,"53 BIS, HENAUX MARCEL RU",0.0,0.0
201500029862,1,10,15,15,1,59,9,2,1,1,6,"29, BOIS AVENUE DU PONT",0.0,0.0
201500029863,5,6,15,15,1,59,566,1,1,1,1,DE LA PHALECQUE E. IMBER,50.63401,2.97416
201500029864,17,4,15,16,1,59,328,2,2,1,2,HIPPODROME AV DE L Nø237,50.63941,3.03305
201500029865,9,6,15,17,1,59,220,2,8,1,3,KLEBER RUE,50.59805,3.06838
201500029866,7,5,15,20,2,59,350,2,1,1,6,"IGNORE, CORBUSIER AVENUE",0.0,0.0
201500029867,11,6,15,3,5,59,368,2,1,1,6,"258, REPUBLIQUE AVENUE D",0.0,0.0
201500029868,5,5,15,15,1,59,9,2,2,7,3,TOISON D'OR RUE DE LA,50.61705,3.13613
201500029869,10,9,15,14,1,59,9,2,3,1,6,CHATELLENIE AVENUE DE LA,0.0,0.0
201500029870,14,5,15,22,5,59,350,2,1,1,6,"8, COURTOIS RUE",48.85661,2.35222
201500029871,10,5,15,22,5,59,220,2,1,1,7,"357, ARRAS ROUTE D     N",50.60022,3.05386
201500029872,19,5,15,15,1,59,507,1,2,1,3,CARNOT SADI RUE,0.0,0.0
201500029873,1,10,15,15,1,59,350,2,2,1,6,ALSACE BOULEVARD D,50.61752,3.06366
201500029874,14,6,15,13,1,59,9,2,1,1,3,"22, BRIGODE AVENUE DE",50.62408,3.16138
201500029875,11,6,15,14,1,59,360,1,2,1,6,AVINEE EUGENE AVENUE,0.0,0.0
201500029876,24,9,15,15,1,59,9,2,9,1,4,"216, JAURES JEAN RUE DU",50.66855,3.14297
201500029877,9,7,15,16,1,59,220,2,2,1,3,"230, JAURES JEAN RUE",50.60497,3.07425
201500029878,4,6,15,2,5,59,350,2,2,1,3,VAUBAN BOULEVARD N° REST,50.63438,3.04877
201500029879,13,6,15,20,1,59,350,2,1,1,6,LEGRAND PIERRE RUE,0.0,0.0