Num_Acc,jour,mois,an,hr,condition_eclairage,departement,commune,condition_agglomeration,intersection,condition_atmosphere,type_collision,adresse,lattitude,longitude
201500029880,16,6,15,1,5,59,350,2,2,1,3,TURENNE RUE,0.0,0.0
201500029881,21,6,15,11,1,59,9,2,1,1,2,"57, FLANDRE AVENUEE DE",50.66339,3.14223
201500029882,17,4,15,23,5,59,350,2,1,1,3,CARREL ARMAND RUE,50.61827,3.07333
201500029883,5,6,15,15,1,59,350,2,1,1,6,BLANC LOUIS RUE,0.0,0.0
201500029884,22,6,15,12,1,59,328,2,2,2,6,"7, CARNOY RUE DE LA N°5",50.65135,3.02259
201500029885,12,5,15,17,1,59,350,2,2,1,3,DUNKERQUE AVENUE DE,50.6303,3.03511
201500029886,26,6,15,23,5,59,360,2,1,1,3,"IGNOREE, DOUMER PAUL RUE",0.0,0.0
201500029887,29,6,15,20,1,59,560,2,6,1,3,BOUVRY ROGER RUE,50.5345,3.0158
201500029888,25,6,15,17,1,59,350,2,1,1,3,"108, MOLINEL RUE NøPAIRS",50.63347,3.06552
201500029889,29,6,15,17,1,59,9,2,1,1,3,"IGNORE, LIBERTE RUE DE L",50.6265,3.14977
201500029890,18,6,15,12,1,59,350,2,2,1,3,BD VAUBAN,50.6345,3.04861
201500029891,3,7,15,12,1,59,350,2,3,1,3,"33 BIS, MITTERIE RUE DE",50.64822,2.99069
201500029892,4,7,15,22,5,59,350,2,1,1,6,"149B, HUGO VICTOR  BVD N",50.62138,3.05941
201500029893,28,10,15,17,2,59,350,2,1,2,3,", LECLERCQ JULES BVD DU",50.36409,3.01592
201500029894,5,7,15,21,2,59,360,2,3,1,3,MICHEL RUE DU CAPITAINE,50.60061,3.04616
201500029895,12,6,15,23,5,59,350,2,1,1,3,FAIDHERBE RUE,50.6368,3.06875
201500029896,27,5,15,17,1,59,350,2,2,1,6,"NC, CORBUSIER AVENUE LE",50.63972,3.07563
201500029897,9,7,15,23,5,59,507,2,1,1,6,"75, DE LATTRE DE TASSIGN",0.0,0.0
201500029898,13,11,15,16,2,59,350,2,1,9,6,"10, VAUBAN BOULEVARD N°",50.38068,0.02571
201500029899,28,9,15,11,1,59,360,2,8,7,6,"52, REPUBLIQUE BOULEVARD",50.61188,3.0118
201500029900,3,7,15,14,1,59,560,1,1,1,1,"NC, MARTINSART A AVELIN",50.53986,3.04805
201500029901,15,9,15,14,1,59,350,2,1,2,6,"18, JACQUET EUGENE RUE N",50.63827,3.07716
201500029902,20,7,15,13,1,59,328,2,2,3,6,BOURG RUE DU N°9 AU 109,50.65138,3.02278
201500029903,22,7,15,17,1,59,350,2,1,1,3,"13, BASSE RUE",50.639,3.06275
201500029904,22,7,15,16,1,59,560,2,1,1,2,LILLE ROUTE DE,50.56113,3.03769
201500029905,30,6,15,10,1,59,350,2,2,1,6,"67, NATIONALE RUE Nø2 -",50.63575,3.05972
201500029906,26,7,15,5,2,59,368,2,1,1,6,", REPUBLIQUE AVENUE DE L",50.64561,3.07507
201500029907,22,7,15,9,1,59,360,2,1,1,4,"67, POTIE GEORGES RUE",50.61277,3.00269
201500029908,16,7,15,18,1,59,350,2,1,1,6,"77, DOUAI RUE",0.0,0.0
201500029909,18,7,15,10,1,59,368,2,2,1,6,"224, DE GAULLE RUE DU GE",50.65767,3.07379
201500029910,29,7,15,15,1,59,350,2,2,1,3,STATIONS RUE Nø RESTE,50.63097,3.05225
201500029911,11,6,15,16,1,59,350,2,1,1,6,BRETON JULES RUE,50.6067,3.04551
201500029912,18,6,15,14,1,59,350,2,2,1,3,"NC, YERSIN RUE DU DOCTEU",50.62025,3.05369
201500029913,6,8,15,17,1,59,328,2,1,1,3,BOIS RUE DU,50.64872,3.04591
201500029914,7,8,15,2,3,59,350,2,1,1,6,DEMI LUNE PASSAGE,50.63474,3.07174
201500029915,7,8,15,1,5,59,350,2,1,1,3,VAUBAN BOULEVARD N° REST,50.63,3.0517
201500029916,15,7,15,14,1,59,9,1,3,1,2,BREUCQ BOULEVARD DU,50.6384,3.14243
201500029917,13,8,15,10,1,59,220,2,3,1,1,VERDUN AVENUE DE,50.59144,3.08475
201500029918,2,8,15,17,1,59,350,2,2,1,3,PHILADELPHIE RUE,50.63275,3.09783
201500029919,15,8,15,6,2,59,350,1,1,1,3,FAUBOURG DE BETHUNE RUE,50.61756,3.02676
201500029920,7,7,15,18,1,59,350,2,1,1,6,DUBUISSON EMILE BOULEVAR,50.63125,3.07697
201500029921,15,8,15,15,1,59,368,2,2,1,4,"175, POMPIDOU G. RUE DU",50.65685,3.06434
201500029922,13,8,15,19,1,59,350,2,3,2,6,CURIE FREDERIC JOLIOT RU,50.62111,3.03333
201500029923,15,7,15,13,1,59,350,2,6,1,6,", FEBVRIER JACQUES PLACE",50.61751,3.06172
201500029924,17,6,15,14,1,59,9,2,1,1,6,TOURNAI BOULEVARD DE,50.61453,3.13771
201500029925,24,8,15,20,1,59,350,1,1,3,2,"217, NATIONALE RUE N°RES",0.0,0.0
201500029926,12,8,15,21,2,59,220,1,1,1,6,"168, CARNOT RUE",50.60159,3.06755
201500029927,7,7,15,18,1,59,350,2,2,1,6,DUBUISSON EMILE BOULEVAR,50.6313,3.07716
201500029928,5,4,15,15,1,59,457,2,1,1,2,LECLERC RUE  DU GENERAL,0.0,0.0
201500029929,19,11,15,18,5,59,350,2,2,2,6,FENELON RUE,50.6299,3.11025
201500029930,6,9,15,23,5,59,648,2,2,1,3,"292, CLEMENCEAU RUE",50.58949,3.05102
201500029931,27,8,15,13,1,59,648,1,1,8,1,"2, HUGO VICTOR RUE",0.0,0.0
201500029932,6,8,15,8,1,59,527,2,2,1,3,NORD OUEST VOIE INTERCOM,0.0,0.0
201500029933,5,8,15,8,2,59,350,2,1,1,3,"10, BELFORT BOULEVARD DE",50.62195,3.07881
201500029934,8,9,15,7,1,59,193,1,2,1,3,"0, D. 341",50.59874,3.0033
201500029935,7,4,15,8,1,59,350,2,1,1,6,"15, BOHIN RUE DE",50.63136,3.088
201500029936,12,9,15,17,1,59,350,2,1,2,3,"1044, DUNKERQUE AVENUE D",50.64438,2.97526
201500029937,27,8,15,10,1,59,220,2,2,1,6,ZOLA EMILE RUE,50.60831,3.06573
201500029938,25,9,15,6,2,59,350,2,1,1,3,VANHOENACKER PLACE,50.6195,3.06369
201500029939,22,8,15,12,1,59,648,2,2,1,7,"20, DE GIRARD RUE PHILIP",50.60014,3.05185
201500029940,2,7,15,17,1,59,350,2,1,1,6,ROLAND RUE,50.62932,3.03653
201500029941,24,9,15,17,1,59,527,2,1,2,6,LAMBERSART RUE DE,50.65,3.04
201500029942,10,10,15,3,5,59,350,2,2,1,3,CARNOT SADI RUE,0.0,0.0
201500029943,4,10,15,16,1,59,9,2,3,1,3,", MONS BOULEVARD DE",0.0,0.0
201500029944,17,10,15,2,5,59,350,2,2,2,3,TURENNE RUE,0.0,0.0
201500029945,16,10,15,12,1,59,360,2,9,1,3,GHESQUIERE HENRI RUE,0.0,0.0
201500029946,3,7,15,19,1,59,507,2,1,1,6,CONDE RUE DE,50.60158,3.09238
201500029947,7,8,15,9,1,59,350,2,1,1,6,"39, TOURNAI RUE DE",50.6348,3.07219
201500029948,18,7,15,17,1,59,350,2,1,1,6,"74, SAMAIN ALBERT SQUARE",50.61864,3.0429
201500029949,20,7,15,6,2,59,350,2,2,2,3,CORBUSIER AVENUE LE,50.6395,3.0758
201500029950,6,10,15,9,1,59,360,2,2,1,6,LECLERC RUE DU GENERAL,50.61002,3.02072
201500029951,7,9,15,11,1,59,360,2,1,1,6,"2, CLEMENCEAU RUE",50.61458,3.01092
201500029952,15,10,15,6,2,59,350,1,1,1,3,MOSELLE BOULEVARD ° DE 1,50.62264,3.02895
201500029953,18,10,15,10,1,59,648,2,1,1,3,"262, CLEMENCEAU RUE",50.59041,3.05055
201500029954,23,9,15,18,1,59,9,2,2,1,3,OUEST BOULEVARD DE L,50.63709,3.12181
201500029955,30,10,15,20,5,59,350,2,1,1,3,STATIONS RUE Nø RESTE,50.62677,3.04327
201500029956,31,10,15,4,5,59,350,2,4,1,6,CORDONNIER AVENUE DE,50.3717,3.05126
201500029957,22,8,15,10,1,59,368,2,1,1,6,"148, SALENGRO ROGER RUE",50.65504,3.05875
201500029958,31,7,15,9,1,59,220,2,1,1,6,ARRAS ROUTE D     N°IMPA,0.0,0.0
201500029959,7,11,15,0,5,59,350,2,1,2,6,", FEBVRIER JACQUES PLACE",0.0,0.0
201500029960,2,11,15,8,1,59,9,2,1,1,2,CANTELEU AVENUE DE,0.0,0.0
201500029961,13,11,15,15,1,59,350,2,2,3,6,LORRAINE BOULEVARD,49.7,6.7
201500029962,7,11,15,7,5,59,507,2,3,8,3,"38, LESQUIN RUE DE",50.5976,3.09684
201500029963,1,10,15,20,5,59,350,2,2,8,3,"NC, SEGARD NORBERT RUE",50.63417,3.04539
201500029964,22,11,15,17,2,59,350,2,7,3,6,ALSACE BOULEVARD D,0.0,0.0
201500029965,12,11,15,10,1,59,350,2,1,1,6,"13, JACQUARD RUE",0.0,0.0
201500029966,7,11,15,13,1,59,193,1,1,1,3,"GUSTAVE DELORY, RUE",0.0,0.0
201500029967,20,11,15,18,1,59,9,1,1,1,6,DE VALMY BOULEVARD,50.61918,3.12666
201500029968,30,11,15,8,1,59,560,2,1,2,6,", DORMOY MARX RUE",0.0,0.0
201500029969,14,11,15,20,2,59,350,2,1,8,6,REPUBLIQUE AVENUE DE LA,50.6392,3.01267
201500029970,3,12,15,10,1,59,560,1,1,1,6,GUISE CHEMIN DE L'ARBRE,0.0,0.0
201500029971,28,11,15,19,3,59,195,1,1,2,3,ZONE COMMERCIALE,50.63394,2.97124
201500029972,12,11,15,16,1,59,9,2,1,1,6,"83, DETROY ALEXANDRE RUE",50.63448,3.12689
201500029973,2,11,15,8,1,59,360,1,3,1,6,PARE AMBROISE RUE,0.0,0.0
201500029974,11,12,15,7,2,59,286,2,1,2,6,VANDERHAGEN ALBERT RUE,0.0,0.0
201500029975,11,12,15,23,5,59,648,1,3,2,3,HUGO VICTOR RUE,50.59026,3.03489
201500029976,14,12,15,20,5,59,350,2,3,1,3,HEGEL RUE,50.63127,3.0221
201500029977,26,11,15,13,1,59,286,1,2,1,5,LOSTES RUE DES,50.36116,3.6116
201500029978,30,10,15,16,1,59,410,2,1,1,6,"50, DE GAULLE RUE DU GEN",0.0,0.0
201500029979,18,12,15,7,5,59,350,2,3,1,3,"07, TURENNE RUE",50.62901,3.03672
201500029980,10,12,15,17,5,59,350,2,1,2,3,FUSILLES RUE DES,50.63853,2.96905
201500029981,11,12,15,21,5,59,286,2,3,9,3,ENGLOS RUE D,50.63499,2.96493
201500029982,23,12,15,19,5,59,560,2,1,1,2,"172, BURGAULT RUE",50.54608,3.04277
201500029983,28,12,15,7,5,59,350,2,2,1,3,FAUBOURG DES POSTES RUE,0.0,0.0
201500029984,7,12,15,15,2,59,9,2,9,1,1,VAN GOGH BOULEVARD,50.62072,3.1315
201500029985,7,11,15,9,1,59,350,2,3,1,6,RUE DU PONT A FOURCHON,0.0,0.0
201500029986,20,12,15,17,5,59,392,2,1,1,3,"136, HAUTMONT (RUE D')",0.0,0.0
201500029987,26,4,15,12,1,59,230,2,1,8,2,"3, MARECHAL FOCH (AVENUE",50.18388,3.59371
201500029988,24,4,15,7,1,59,392,2,3,1,6,395Boulevard de l' Europ,50.27488,3.96842
201500029989,8,6,15,16,1,59,392,2,1,1,6,35 Rue dHautmont,50.27057,3.95255
201500029990,13,7,15,23,5,59,291,2,1,1,6,"143, LOUVROIL (RUE DE)",50.25661,3.93393
201500029991,24,9,15,14,1,59,291,2,3,1,1,"25, MARCEL AIME (AVENUE)",0.0,0.0
201500029992,12,11,15,16,1,59,392,2,2,1,7,"25, CORBEAU (RUE DU)",0.0,0.0
201500029993,31,12,15,6,5,59,365,2,1,1,1,"6, LANDRECIES (ROUTE DE)",0.0,0.0
201500029994,10,2,15,21,5,59,543,2,1,8,1,74 rue dHautmont,50.23583,3.91241
201500029995,17,2,15,11,1,59,650,2,2,1,1,"PONT,MONT A LEUX (RUE D",50.7178,3.19389
201500029996,18,2,15,16,1,59,512,2,1,7,6,"140,  SAINT JEAN  (RUE)",50.68827,3.18222
201500029997,18,2,15,17,2,59,163,2,1,1,6,"1, JAURES (RUE JEAN)",50.41192,3.11003
201500029998,19,2,15,4,5,59,650,2,1,1,6,CORNEILLE  (RUE),50.71336,3.18878
201500029999,19,2,15,18,5,59,512,2,1,1,3,"36, COMMUNAUTE URBAINE (",50.42513,3.11039
201500030000,19,2,15,19,5,59,163,2,1,1,6,"1, ZOLA (BOULEVARD EMILE",50.40364,3.11091
201500030001,20,2,15,23,5,59,512,2,2,2,3,"1, MOTTE (AVENUE ALFRED)",0.0,0.0
201500030002,22,2,15,16,1,59,512,2,1,1,6,"128, BEAUREWAERT (RUE DE",0.0,0.0
201500030003,23,2,15,15,1,59,512,2,1,1,6,LANNOY (RUE DE ),0.0,0.0
201500030004,25,2,15,10,1,59,512,2,2,2,6,"101,  TOURCOING (RUE DE)",50.70275,3.17417
201500030005,26,2,15,17,1,59,339,2,7,2,2,", CARNOT (PLACE SADI)",50.41026,3.17058
201500030006,2,3,15,9,1,59,512,2,1,7,6,"366, LANNOY (RUE DE )",0.0,0.0
201500030007,2,3,15,11,1,59,512,2,2,2,3,"1, DECREME (RUE)",0.0,0.0
201500030008,4,3,15,13,1,59,512,2,2,1,3,"1, VAN DYCK (RUE)",0.0,0.0
201500030009,4,3,15,15,1,59,512,2,2,1,6,"150, SAINT JEAN  (RUE)",0.0,0.0
201500030010,4,3,15,17,1,59,512,2,2,1,6,"459, GRANDE RUE",50.69666,3.18778
201500030011,6,3,15,11,1,59,650,2,1,1,2,LIBERTE (BOULEVARD DE LA,0.0,0.0
201500030012,7,3,15,16,1,59,339,1,1,1,4,CD 700,50.68677,3.22622
201500030013,8,3,15,19,5,59,512,2,2,1,3,"1, ORAN (RUE D')",0.0,0.0
201500030014,10,3,15,11,1,59,512,2,1,1,6,GAMBETTA (BOULEVARD),0.0,0.0
201500030015,11,3,15,14,1,59,512,2,2,1,3,FRANCE (RUE DE),0.0,0.0
201500030016,11,3,15,16,1,59,367,2,3,1,3,EUROPE (AVENUE DE L'),0.0,0.0
201500030017,15,3,15,12,1,59,646,2,2,1,3,"21, FLANDRE (AVENUE DE)",0.0,0.0
201500030018,15,3,15,16,1,59,367,1,1,8,3,RD 700,0.0,0.0
201500030019,15,3,15,18,1,59,339,2,1,1,4,"93, CATTEAU (RUE PIERRE)",0.0,0.0
201500030020,16,3,15,11,1,59,512,2,1,1,6,"84, MAUFAIT (RUE DE",0.0,0.0
201500030021,16,3,15,19,5,59,512,2,3,1,3,MOREAU (RUE EMILE),0.0,0.0
201500030022,17,3,15,8,1,59,299,2,2,1,3,"33, ECOLES (RUE DES)",0.0,0.0
201500030023,17,3,15,13,1,59,598,2,1,1,2,"9, TRIEU DU QUESNOY (RUE",0.0,0.0
201500030024,18,3,15,17,1,59,512,2,1,1,2,"166 bis, GRANDE RUE",0.0,0.0
201500030025,18,3,15,18,1,59,512,2,2,1,3,ALGER (RUE D'),0.0,0.0
201500030026,22,3,15,16,1,59,512,2,1,1,5,"83, LAGACHE (AVENUE JULI",0.0,0.0
201500030027,23,3,15,7,1,59,650,2,3,1,6,"75, CORNEILLE (RUE)",0.0,0.0
201500030028,23,3,15,10,1,59,512,2,1,1,6,"15, PARABOLES (AVENUE DE",0.0,0.0
201500030029,25,3,15,13,1,59,512,2,3,2,3,ARMENTIERES (BOULEVARD D,0.0,0.0
201500030030,26,3,15,13,1,59,512,2,1,2,6,"46, METZ (BOULEVARD DE)",0.0,0.0
201500030031,27,3,15,13,1,59,512,2,1,1,6,"3, LIMITE (RUE DE LA)",0.0,0.0
201500030032,27,3,15,20,4,59,512,2,2,1,3,DAUBENTON (RUE),0.0,0.0
201500030033,30,3,15,9,1,59,512,1,3,1,6,"1, PARABOLES (AVENUE DES",0.0,0.0
201500030034,27,3,15,7,1,59,512,2,3,1,3,LYON (BOULEVARD DE),0.0,0.0
201500030035,3,4,15,12,1,59,339,1,1,1,6,"45, HUGO (RUE VICTOR)",0.0,0.0
201500030036,3,4,15,13,1,59,512,2,1,2,3,"49, CUVIER (RUE)",0.0,0.0
201500030037,7,4,15,14,1,59,650,1,1,1,4,FRATERNITE (BOULEVARD DE,0.0,0.0
201500030038,10,4,15,10,1,59,512,2,1,1,3,"1, ROUSSEAU (RUE JEAN JA",0.0,0.0
201500030039,12,4,15,11,1,59,512,1,3,1,6,"148, LUXEMBOURG (RUE DU)",0.0,0.0
201500030040,12,4,15,18,1,59,646,2,6,1,3,JAURES (RUE JEAN),0.0,0.0
201500030041,13,4,15,10,1,59,512,2,1,1,2,"103, REIMS (BOULEVARD DE",0.0,0.0
201500030042,14,4,15,16,1,59,650,1,2,1,3,"1, MARTINOIRE (RUE DE LA",0.0,0.0
201500030043,14,4,15,18,1,59,512,2,1,1,6,NATIONS UNIES (AVENUE DE,0.0,0.0
201500030044,15,4,15,18,1,59,512,2,1,1,6,"175, DELORY (AVENUE GUST",0.0,0.0
201500030045,16,4,15,10,1,59,650,2,1,1,6,"572, SAPIN VERT (RUE DU)",0.0,0.0
201500030046,18,4,15,19,1,59,512,2,2,1,6,"2, METZ (BOULEVARD DE)",0.0,0.0
201500030047,18,4,15,3,5,59,299,1,1,1,6,DELACROIX (AVENUE HENRI),0.0,0.0
201500030048,19,4,15,17,1,59,367,2,1,1,2,"40, CAVROIS (RUE)",0.0,0.0
201500030049,20,4,15,9,1,59,650,2,1,1,6,"0, DELVAINQUIERE (PLACE",0.0,0.0
201500030050,20,4,15,14,1,59,646,2,6,1,6,"1, GRAND COTTIGNIES (AVE",0.0,0.0
201500030051,21,4,15,15,1,59,512,2,3,1,2,"12, COLMAR (BOULEVARD DE",0.0,0.0
201500030052,22,4,15,10,1,59,163,2,9,1,6,"1, GUESDE",0.0,0.0
201500030053,22,4,15,14,1,59,646,2,1,1,6,"1, MENDES FRANCE (PLACE)",0.0,0.0
201500030054,24,4,15,10,1,59,650,2,1,1,6,CLE DES CHAMPS  (SENTIER,0.0,0.0
201500030055,24,4,15,14,1,59,512,2,1,1,5,"0, BOULOGNE (QUAI DE)",0.0,0.0
201500030056,25,4,15,13,1,59,339,2,1,1,6,"41, MICHELET (RUE)",0.0,0.0
201500030057,26,4,15,1,5,59,512,2,1,1,6,"60, CAMBRAI (BOULEVARD D",0.0,0.0
201500030058,28,4,15,11,1,59,650,2,9,1,6,"1, DELECOURT (RUE ALFRED",0.0,0.0
201500030059,28,4,15,20,1,59,299,2,1,1,6,COUBRONNE (RUE DU DOCTEU,0.0,0.0
201500030060,29,4,15,16,1,59,650,2,1,1,3,"33, POILUS (RUE DES)",0.0,0.0
201500030061,30,4,15,13,1,59,512,2,2,2,3,"1, DELORY  (AVENUE GUSTA",0.0,0.0
201500030062,30,4,15,17,1,59,512,2,1,1,6,"---, LECLERC (BOULEVARD",0.0,0.0
201500030063,1,5,15,15,1,59,512,2,1,1,3,"169, STRASBOURG (BOULEVA",0.0,0.0
201500030064,1,5,15,17,1,59,650,1,1,1,6,"45, PHILLIPOT (RUE GEORG",0.0,0.0
201500030065,2,5,15,13,1,59,650,2,1,1,3,"223, LEERS (RUE DE)",0.0,0.0
201500030066,3,5,15,16,1,59,512,2,1,2,2,"100, MOTTE (AVENUE ALFRE",0.0,0.0
201500030067,5,5,15,13,1,59,512,2,1,1,6,NATIONS UNIES (AVENUE DE,0.0,0.0
201500030068,8,5,15,15,1,59,512,2,2,1,3,", ORAN (RUE D')",0.0,0.0
201500030069,8,5,15,20,1,59,512,2,3,1,6,"110, ALGER  (RUE D')",0.0,0.0
201500030070,9,5,15,8,1,59,650,2,1,1,1,"86, VAILLANT (RUE EDOUAR",0.0,0.0
201500030071,10,5,15,8,1,59,650,2,1,1,3,"109, CARETTE (AVENUE HEN",0.0,0.0
201500030072,10,5,15,17,1,59,332,2,7,1,3,BOUCHERS (RUE DES),0.0,0.0
201500030073,13,5,15,9,1,59,512,2,2,1,6,"-, NATIONS UNIES (AVENUE",0.0,0.0
201500030074,13,5,15,14,1,59,646,2,2,1,3,"1, FLANDRE (AVENUE DE)",0.0,0.0
201500030075,13,5,15,14,1,59,367,2,1,1,6,"1, VERDIERS (RUE DES)",0.0,0.0
201500030076,15,5,15,14,1,59,512,1,1,1,3,JAURES (AVENUE JEAN),0.0,0.0
201500030077,15,5,15,17,1,59,512,2,3,1,1,"35, VERDUN (AVENUE DE)",0.0,0.0
201500030078,17,5,15,9,1,59,512,2,1,1,6,COUTEAUX (PONT DES),0.0,0.0
201500030079,20,5,15,12,1,59,646,2,1,1,3,GRAND COTTIGNIES (AVENUE,0.0,0.0
201500030080,21,5,15,8,1,59,512,2,1,1,6,"222, DELORY (AVENUE GUST",0.0,0.0
201500030081,22,5,15,16,1,59,512,2,2,1,3,NATIONS UNIES (AVENUE DE,0.0,0.0
201500030082,22,5,15,19,1,59,598,2,1,1,6,ROUBAIX (RUE DE),0.0,0.0
201500030083,23,5,15,19,1,59,512,2,1,1,6,"10, COPERNIC (RUE)",0.0,0.0
201500030084,26,5,15,10,1,59,512,2,1,1,6,"59, FOCH (RUE DU MARECHA",0.0,0.0
201500030085,26,5,15,13,1,59,512,2,3,1,6,CALMETTE (RUE ALBERT),0.0,0.0
201500030086,26,5,15,16,1,59,512,2,1,1,6,"64, POTENNERIE (RUE DE L",0.0,0.0
201500030087,27,5,15,12,1,59,512,2,1,1,2,"24, CUVELLE (RUE)",0.0,0.0
201500030088,27,5,15,16,1,59,512,2,1,1,6,NOUVEAU MONDE (RUE DU),0.0,0.0
201500030089,27,5,15,14,1,59,367,2,1,1,3,"51, PAPINERIE (RUE DE LA",0.0,0.0
201500030090,27,5,15,16,1,59,512,2,3,1,1,136 AVE LINNE,50.67851,3.18986
201500030091,28,5,15,19,1,59,650,2,1,1,6,COUTEAU (RUE),0.0,0.0
201500030092,31,5,15,15,1,59,646,2,1,2,3,"30, REPUBLIQUE (PLACE DE",0.0,0.0
201500030093,1,6,15,16,1,59,512,2,9,1,5,LACORDAIRE,0.0,0.0
201500030094,2,6,15,5,1,59,299,2,1,2,1,"95, TROIS BAUDETS (RUE D",0.0,0.0
201500030095,2,6,15,8,1,59,339,2,2,1,6,SALENGRO (RUE ROGER),0.0,0.0
201500030096,4,6,15,15,1,59,512,2,3,1,3,"25, BLANCHEMAILLE (RUE D",0.0,0.0
201500030097,7,6,15,17,1,59,650,2,1,1,2,MENDES FRANCE (BOULEVARD,0.0,0.0
201500030098,9,6,15,17,1,59,512,2,4,1,3,JAURES (AVENUE JEAN),0.0,0.0
201500030099,12,6,15,11,1,59,512,2,1,1,3,"316, LANNOY (RUE DE)",0.0,0.0
201500030100,14,6,15,18,1,59,512,2,2,1,6,COLMAR (BOULEVARD DE),0.0,0.0
201500030101,15,6,15,18,1,59,512,1,2,1,6,"4, LUXEMBOURG (RUE DU)",0.0,0.0
201500030102,15,6,15,22,5,59,512,2,1,1,6,"D, MICHELET (RUE JULES)",0.0,0.0
201500030103,16,6,15,16,1,59,650,2,1,1,6,CARNOT (RUE),0.0,0.0
201500030104,19,6,15,19,1,59,512,2,1,1,6,"21, MEESCHAERT (RUE ARMA",0.0,0.0
201500030105,20,6,15,20,5,59,512,2,2,3,3,"154, MONTGOLFIER (RUE)",0.0,0.0
201500030106,22,6,15,15,1,59,512,2,1,2,6,"282, LANNOY (RUE DE)",0.0,0.0
201500030107,22,6,15,20,1,59,512,2,2,1,5,NATIONS UNIES (AVENUE DE,0.0,0.0
201500030108,24,6,15,12,1,59,512,2,1,1,6,"45, REPUBLIQUE (BOULEVAR",0.0,0.0
201500030109,24,6,15,18,1,59,299,1,1,1,3,"1, GUESDE (RUE JULES)",0.0,0.0
201500030110,26,6,15,21,1,59,512,2,3,1,3,"130, METZ (BOULEVARD DE)",0.0,0.0
201500030111,27,6,15,4,5,59,650,2,1,1,7,"108, MONT A LEUX (RUE DU",0.0,0.0
201500030112,30,6,15,11,1,59,646,2,3,1,3,"21, FLANDRE (AVENUE DE)",0.0,0.0
201500030113,30,6,15,17,1,59,650,2,1,1,2,"100, UNION (RUE DE L')",0.0,0.0
201500030114,30,6,15,17,1,59,650,2,1,1,3,PATRIOTES (RUE DES),0.0,0.0
201500030115,30,6,15,20,1,59,367,2,1,1,3,SCHUMAN (RUE ROBERT),0.0,0.0
201500030116,8,4,15,7,2,59,512,2,1,1,6,"50, BLANCHEMAILLE (RUE D",0.0,0.0
201500030117,3,7,15,8,1,59,512,2,1,1,2,"102, LEBAS (AVENUE JEAN)",0.0,0.0
201500030118,3,7,15,15,1,59,650,2,1,1,3,"127, DELORY (RUE GUSTAVE",0.0,0.0
201500030119,5,7,15,18,1,59,512,2,1,1,6,"164, LEERS (RUE DE)",0.0,0.0
201500030120,6,7,15,17,1,59,339,2,2,1,3,PICAVET (RUE DU CAPITAIN,0.0,0.0
201500030121,7,7,15,14,1,59,650,2,1,1,3,MENDES FRANCE (BOULEVARD,0.0,0.0
201500030122,7,7,15,14,1,59,512,2,1,1,2,", GAMBETTA ( BOULEVARD)",0.0,0.0
201500030123,9,7,15,18,1,59,512,2,1,1,6,"189, MOTTE (AVENUE ALFRE",0.0,0.0
201500030124,19,7,15,14,1,59,512,2,1,1,6,AVELGHEM (RUE D'),0.0,0.0
201500030125,19,7,15,16,1,59,650,2,1,1,6,"30, VILLAS (RUE DES)",0.0,0.0
201500030126,20,7,15,14,1,59,299,1,1,1,7,D6D,0.0,0.0
201500030127,20,7,15,12,1,59,299,2,1,2,3,CLEMENCEAU (BOULEVARD),0.0,0.0
201500030128,21,7,15,8,1,59,512,2,1,1,6,MOTTE (RUE PIERRE),0.0,0.0
201500030129,21,7,15,14,1,59,512,2,3,8,6,"50, BELFORT (BOULEVARD D",0.0,0.0
201500030130,21,7,15,17,1,59,367,2,2,1,3,VERDIERS (RUE DES),0.0,0.0
201500030131,21,7,15,19,1,59,512,2,3,1,7,"83TER, Pierre de ROUBAIX",0.0,0.0
201500030132,23,7,15,11,1,59,512,2,1,1,6,"180, MOTTE (AVENUE ALFRE",0.0,0.0
201500030133,26,7,15,18,1,59,299,2,1,2,6,D6D,0.0,0.0
201500030134,29,7,15,1,5,59,512,2,2,1,3,ALSACE (AVENUE D'),0.0,0.0
201500030135,29,7,15,7,1,59,299,1,1,1,6,CD 700,0.0,0.0
201500030136,29,7,15,20,1,59,646,2,1,1,3,"2, SARTRE (AVENUE JEAN P",0.0,0.0
201500030137,31,7,15,8,1,59,512,2,2,1,3,CHEMIN NEUF  (RUE DU),0.0,0.0
201500030138,1,8,15,0,5,59,512,2,2,1,6,DELESPAUL (RUE),0.0,0.0
201500030139,1,8,15,15,1,59,512,2,2,1,3,LYON (BOULEVARD DE),0.0,0.0
201500030140,1,8,15,15,1,59,512,2,1,1,3,"226, STRASBOURG (BOULEVA",0.0,0.0
201500030141,1,8,15,21,2,59,339,1,1,1,6,CD 700,0.0,0.0
201500030142,2,8,15,18,1,59,512,2,3,1,5,"66, JAURES (AVENUE JEAN)",0.0,0.0
201500030143,4,8,15,17,1,59,299,2,1,1,6,ECOLES (RUE DES),0.0,0.0
201500030144,5,8,15,20,1,59,512,2,2,1,1,MONTESQUIEU (BOULEVARD),0.0,0.0
201500030145,7,8,15,21,1,59,299,1,1,1,6,DELACROIX (AVENUE HENRI),0.0,0.0
201500030146,8,8,15,17,1,59,512,2,1,1,6,BRAME (AVENUE JULES),0.0,0.0
201500030147,11,8,15,13,1,59,650,2,1,1,3,"101, GUESDE (RUE JULES)",0.0,0.0
201500030148,13,8,15,21,5,59,367,2,3,2,2,"56, LEBAS (RUE JEAN BAPT",0.0,0.0
201500030149,14,8,15,16,1,59,512,2,1,1,6,LIBERTE (PLACE DE LA),0.0,0.0
201500030150,15,8,15,13,1,59,367,2,1,2,6,PAPINERIE (RUE DE LA),0.0,0.0