Num_Acc,jour,mois,an,hr,condition_eclairage,departement,commune,condition_agglomeration,intersection,condition_atmosphere,type_collision,adresse,lattitude,longitude
201500030151,19,8,15,12,1,59,512,2,1,1,6,"26, DE GAULLE  (BOULEVAR",0.0,0.0
201500030152,22,8,15,18,1,59,512,2,2,1,3,"101, TOURCOING (RUE DE)",0.0,0.0
201500030153,23,8,15,7,1,59,367,1,1,1,6,"104, LECLERC (RUE DU GEN",0.0,0.0
201500030154,28,8,15,15,1,59,512,2,3,1,3,"26, DAGUESSEAU (RUE)",0.0,0.0
201500030155,28,8,15,17,1,59,512,2,1,1,2,HOTEL DE VILLE (RUE DE L,0.0,0.0
201500030156,30,8,15,14,1,59,646,2,2,1,1,FLANDRE (AVENUE DE),0.0,0.0
201500030157,31,8,15,5,5,59,512,2,1,1,1,JOUFFROY (RUE),0.0,0.0
201500030158,31,8,15,8,1,59,512,2,3,1,3,DE GAULLE  (BOULEVARD DU,0.0,0.0
201500030159,28,8,15,20,2,59,339,2,1,1,6,DE GAULLE (RUE DU GENERA,0.0,0.0
201500030160,31,8,15,19,1,59,650,2,2,9,6,UNION (RUE DE L'),0.0,0.0
201500030161,1,9,15,18,1,59,512,2,1,1,6,"80, HOMMELET (RUE DE L')",0.0,0.0
201500030162,3,9,15,11,1,59,512,2,2,1,5,"270, LINNE ( AVENUE)",0.0,0.0
201500030163,3,9,15,18,1,59,512,2,1,1,6,GAMBETTA ( BOULEVARD),0.0,0.0
201500030164,4,9,15,7,1,59,163,2,1,1,1,"9, CHICAGO (RUE DE)",0.0,0.0
201500030165,4,9,15,22,5,59,512,2,2,1,3,"93, DAUBENTON (RUE)",0.0,0.0
201500030166,6,9,15,0,5,59,339,1,6,1,3,CD 700,0.0,0.0
201500030167,6,9,15,11,1,59,163,2,1,2,2,"56, GARE (RUE DE LA)",0.0,0.0
201500030168,7,9,15,7,1,59,367,2,1,1,6,DUBLED (RUE GUSTAVE),0.0,0.0
201500030169,9,9,15,7,1,59,650,2,1,1,6,"186, PATRIOTES (RUE DES)",0.0,0.0
201500030170,10,9,15,9,1,59,650,1,2,1,6,DELORY (RUE GUSTAVE),0.0,0.0
201500030171,10,9,15,10,1,59,512,2,6,1,3,SAINT JEAN (RUE),0.0,0.0
201500030172,11,9,15,12,1,59,367,2,6,1,3,BERT (AVENUE PAUL),0.0,0.0
201500030173,11,9,15,17,1,59,299,2,2,1,3,MONTAIGNE (RUE),0.0,0.0
201500030174,12,9,15,17,1,59,512,2,1,1,3,"65, STRASBOURG (BOULEVAR",0.0,0.0
201500030175,14,9,15,14,1,59,299,1,1,1,1,DELACROIX (AVENUE HENRI),0.0,0.0
201500030176,14,9,15,17,1,59,512,2,2,1,3,"10, LAGACHE (AVENUE JULI",0.0,0.0
201500030177,15,9,15,21,5,59,512,2,2,1,3,FOURMIES (BOULEVARD DE),0.0,0.0
201500030178,16,9,15,8,1,59,512,2,1,2,6,"70, LEBAS (AVENUE JEAN)",0.0,0.0
201500030179,16,9,15,19,1,59,512,2,2,1,3,"62, MONTGOLFIER (RUE)",0.0,0.0
201500030180,17,9,15,18,1,59,512,2,1,1,1,"158, HOMMELET (RUE DE L'",0.0,0.0
201500030181,18,9,15,0,5,59,339,1,1,1,6,CD 700,0.0,0.0
201500030182,18,9,15,13,1,59,512,2,2,1,3,"50, CAMBRAI (BOULEVARD D",0.0,0.0
201500030183,19,9,15,21,5,59,512,2,1,1,6,"., ALMA (RUE DE L')",0.0,0.0
201500030184,20,9,15,18,1,59,650,2,1,1,2,EGALITE (BOULEVARD DE L',0.0,0.0
201500030185,23,9,15,10,1,59,650,2,3,1,6,"69, VALLON (RUE)",0.0,0.0
201500030186,23,9,15,14,1,59,512,2,1,1,6,"1, JACQUARD (RUE)",0.0,0.0
201500030187,24,9,15,21,5,59,512,2,2,1,3,DAUBENTON (RUE),0.0,0.0
201500030188,28,9,15,15,1,59,367,2,2,1,1,PARC DES SPORTS (AVENUE,0.0,0.0
201500030189,29,9,15,13,1,59,512,2,1,1,6,"185, REIMS (BOULEVARD DE",0.0,0.0
201500030190,29,9,15,18,1,59,650,2,1,1,6,STALINGRAD (RUE DE),0.0,0.0
201500030191,30,9,15,12,1,59,512,2,1,1,6,DUPUY DE LOME (RUE),0.0,0.0
201500030192,2,10,15,7,1,59,650,2,1,1,3,PATRIOTES (RUE DES),0.0,0.0
201500030193,2,10,15,15,1,59,512,1,3,1,3,DAUBENTON (RUE),0.0,0.0
201500030194,2,10,15,18,1,59,512,2,1,1,6,"198, GRANDE RUE",0.0,0.0
201500030195,4,10,15,0,5,59,512,2,2,1,1,"101, DELORY  (AVENUE GUS",0.0,0.0
201500030196,4,10,15,21,5,59,512,2,3,1,3,MOTTE (AVENUE ALFRED),0.0,0.0
201500030197,5,10,15,19,5,59,512,2,1,2,6,"1, SAINT JOSEPH (RUE)",0.0,0.0
201500030198,7,10,15,15,1,59,367,2,1,1,2,"3, LECLERC (RUE DU GENER",0.0,0.0
201500030199,8,10,15,1,5,59,650,2,1,2,6,"115-117, MOUSCRON (RUE D",0.0,0.0
201500030200,8,10,15,7,1,59,512,2,7,1,6,"4, TRICHON (PLACE DU)",0.0,0.0
201500030201,10,10,15,15,1,59,646,1,1,1,6,CARREFOUR (CENTRE COMMER,0.0,0.0
201500030202,10,10,15,19,3,59,299,1,1,1,3,CD 700,0.0,0.0
201500030203,12,10,15,18,1,59,512,2,3,1,3,LIBERTE (PLACE DE LA),0.0,0.0
201500030204,13,10,15,14,1,59,650,2,2,1,1,BRIAND (AVENUE ARISTIDE),0.0,0.0
201500030205,14,10,15,16,1,59,512,2,1,2,3,"20, BOIS (RUE DU)",0.0,0.0
201500030206,15,10,15,16,1,59,512,2,1,2,6,LANNOY (RUE DE),0.0,0.0
201500030207,15,10,15,17,1,59,512,2,3,2,3,JAURES (AVENUE JEAN),0.0,0.0
201500030208,16,10,15,7,2,59,512,2,2,2,3,NATIONS UNIES (AVENUE DE,0.0,0.0
201500030209,22,10,15,10,1,59,339,2,1,2,6,"0, LECLERC (RUE DU MAREC",0.0,0.0
201500030210,22,10,15,11,1,59,512,2,1,2,2,"60, COLMAR (BOULEVARD DE",0.0,0.0
201500030211,24,10,15,20,5,59,367,2,1,1,1,"12, LECLERC (RUE DU GENE",0.0,0.0
201500030212,25,10,15,18,5,59,512,2,2,1,3,SALENGRO (AVENUE ROGER),0.0,0.0
201500030213,28,10,15,14,1,59,646,2,9,2,2,"1, MULHOUSE (RUE DE)",0.0,0.0
201500030214,25,10,15,11,1,59,299,2,1,1,1,DE VLAMINCK (AVENUE MAUR,0.0,0.0
201500030215,29,10,15,18,3,59,650,2,2,8,3,"1, LERUSTE (RUE)",0.0,0.0
201500030216,30,10,15,12,1,59,367,2,1,1,2,"12, LECLERC (RUE DU GENE",0.0,0.0
201500030217,1,11,15,9,1,59,339,2,3,1,3,GAND (RUE DE),0.0,0.0
201500030218,8,8,15,21,1,59,646,2,1,1,7,CANOTIERS (QUAI DES),0.0,0.0
201500030219,6,11,15,10,1,59,299,2,6,1,3,DE GAULLE (AVENUE CHARLE,0.0,0.0
201500030220,6,11,15,21,3,59,650,2,1,8,6,ORAN (RUE D'),0.0,0.0
201500030221,8,11,15,20,2,59,512,2,2,1,3,SALENGRO (AVENUE ROGER),0.0,0.0
201500030222,9,11,15,16,1,59,650,2,3,1,3,CASTERMANT (RUE CHARLES),0.0,0.0
201500030223,12,11,15,0,5,59,163,2,3,1,1,CENTENAIRE (RUE DE LA),0.0,0.0
201500030224,14,11,15,15,1,59,163,2,1,2,6,"13, GARE (RUE DE LA)",0.0,0.0
201500030225,16,11,15,19,3,59,299,1,1,2,5,DELACROIX (AVENUE HENRI),0.0,0.0
201500030226,20,11,15,8,1,59,512,1,1,1,6,"42, DUNANT (RUE HENRI)",0.0,0.0
201500030227,23,11,15,9,1,59,646,2,1,1,5,HAUT VINAGE (RUE DU),0.0,0.0
201500030228,23,11,15,9,1,59,650,2,1,9,1,BOUTILLERIE (RUE DE LA),0.0,0.0
201500030229,23,11,15,10,1,59,512,2,1,1,2,"114, METZ (BOULEVARD DE)",0.0,0.0
201500030230,24,11,15,15,1,59,512,2,1,8,6,"23, NAIN (RUE)",0.0,0.0
201500030231,25,11,15,18,5,59,512,2,1,2,6,"25, AVELGHEM (RUE D')",0.0,0.0
201500030232,28,11,15,14,1,59,332,2,1,1,3,"1, BOUCHERS (RUE DES)",0.0,0.0
201500030233,27,11,15,16,1,59,163,2,3,1,3,CREUSOT (RUE DU),0.0,0.0
201500030234,30,11,15,19,4,59,650,1,1,2,6,STALINGRAD (RUE DE),0.0,0.0
201500030235,1,12,15,17,5,59,646,2,1,1,1,MOLINEL (RUE DU),0.0,0.0
201500030236,6,12,15,9,1,59,646,2,1,1,6,CARNOT (RUE SADI),0.0,0.0
201500030237,7,12,15,8,1,59,512,2,1,1,3,"49, DE GAULLE  (BOULEVAR",0.0,0.0
201500030238,9,12,15,14,1,59,650,2,1,1,2,"27, SAINT VINCENT DE PAU",0.0,0.0
201500030239,9,12,15,14,1,59,299,2,1,1,3,"1, DE GAULLE (AVENUE CHA",0.0,0.0
201500030240,17,12,15,8,2,59,650,2,1,1,3,", LEBAS (RUE JEAN BAPTIS",0.0,0.0
201500030241,25,12,15,16,1,59,512,2,2,2,3,INKERMANN (RUE D'),0.0,0.0
201500030242,26,12,15,6,5,59,512,2,2,1,3,BARBIEUX  (RUE DE ),0.0,0.0
201500030243,29,12,15,1,5,59,512,2,1,1,6,"22BIS, JAURES (AVENUE JE",0.0,0.0
201500030244,31,12,15,12,1,59,512,2,2,1,3,MICHELET (RUE JULES),0.0,0.0
201500030245,7,1,15,15,1,59,339,2,1,8,1,"39, SALENGRO (RUE ROGER)",0.0,0.0
201500030246,7,1,15,17,5,59,512,2,1,1,6,"1, LORIENT (QUAI DE)",0.0,0.0
201500030247,8,1,15,15,1,59,512,2,2,1,7,"1, DE GAULLE  (BOULEVARD",0.0,0.0
201500030248,9,1,15,7,5,59,367,2,1,2,6,"38, GUESDE (RUE JULES)",0.0,0.0
201500030249,9,1,15,14,1,59,650,2,1,1,6,"18, DELVAINQUIERE (PLACE",0.0,0.0
201500030250,8,1,15,15,1,59,512,2,1,1,6,"227, LANNOY (RUE DE)",0.0,0.0
201500030251,13,1,15,8,1,59,512,2,1,2,3,TOURCOING (RUE DE),0.0,0.0
201500030252,13,1,15,18,5,59,512,2,1,2,3,"1, BEAUREPAIRE (BOULEVAR",0.0,0.0
201500030253,14,1,15,12,1,59,512,2,2,2,5,"498, LANNOY (RUE DE )",0.0,0.0
201500030254,14,1,15,18,5,59,512,2,1,1,6,"35, COMMUNAUTE URBAINE (",0.0,0.0
201500030255,15,1,15,14,1,59,512,2,2,2,3,MOTTE (AVENUE ALFRED),0.0,0.0
201500030256,16,1,15,19,5,59,512,2,1,2,3,"120, MAUFAIT (RUE DE",0.0,0.0
201500030257,17,1,15,12,1,59,163,2,3,1,3,"5, JAURES (RUE JEAN)",0.0,0.0
201500030258,20,1,15,7,5,59,646,2,1,1,6,JAURES (RUE JEAN),0.0,0.0
201500030259,20,1,15,8,1,59,367,2,1,1,6,"19, ECHEVIN (RUE)",0.0,0.0
201500030260,22,1,15,9,1,59,512,2,1,1,6,"3, MICHELET (RUE JULES)",0.0,0.0
201500030261,23,1,15,18,3,59,512,2,2,1,3,ANTOING (RUE D'),0.0,0.0
201500030262,23,1,15,18,5,59,512,2,1,1,6,FOSSE AUX CHENES (AVENUE,0.0,0.0
201500030263,24,1,15,11,1,59,163,2,1,1,6,FONDERIE (RUE DE LA),0.0,0.0
201500030264,24,1,15,20,5,59,512,2,1,1,2,"333, PARC DES SPORTS (AV",0.0,0.0
201500030265,26,1,15,15,1,59,512,2,2,2,6,"48, BEAUMONT (RUE DE)",0.0,0.0
201500030266,28,1,15,20,5,59,650,2,1,1,6,"., LIBERTE (BOULEVARD DE",0.0,0.0
201500030267,30,1,15,18,2,59,512,2,3,1,3,JAURES (AVENUE JEAN),0.0,3.16354
201500030268,31,1,15,21,5,59,650,2,2,1,3,SAINT VINCENT DE PAUL (R,0.0,0.0
201500030269,2,2,15,8,2,59,512,2,1,2,6,"29, NATIONS UNIES (AVENU",0.0,0.0
201500030270,2,2,15,7,2,59,512,2,2,2,6,"143, MOTTE (AVENUE ALFRE",0.0,0.0
201500030271,2,2,15,7,2,59,512,2,1,9,3,"176, BEAUREPAIRE  (RUE D",0.0,0.0
201500030272,6,2,15,12,1,59,512,2,1,1,3,"76, DAUBENTON (RUE)",0.0,0.0
201500030273,8,2,15,11,1,59,512,2,1,2,6,"1, PARABOLES (AVENUE DES",0.0,0.0
201500030274,8,2,15,4,5,59,512,2,1,1,6,"132, LINNE ( AVENUE)",0.0,0.0
201500030275,9,2,15,15,1,59,512,2,1,1,6,"115, DE GAULLE  (BOULEVA",0.0,0.0
201500030276,13,2,15,15,1,59,512,2,1,1,6,"60, VERDUN (AVENUE DE)",0.0,0.0
201500030277,14,2,15,12,1,59,512,2,4,2,6,DE GAULLE (BOULEVARD DU,0.0,0.0
201500030278,14,2,15,14,1,59,650,2,1,2,6,MONT A LEUX (RUE DU),0.0,0.0
201500030279,16,2,15,16,1,59,526,2,1,1,6,PARKING NOTRE DAME DES A,0.0,0.0
201500030280,18,4,15,15,1,59,526,2,1,1,7,Ch communale,50.4378,3.41533
201500030281,21,4,15,15,1,59,526,2,1,1,6,AV D'INTERVILLE,50.45077,3.43492
201500030282,24,7,15,16,1,59,526,2,1,1,6,ROCADE NORD(A PARTIR RUE,50.45702,3.43247
201500030283,3,8,15,16,1,59,526,2,1,1,2,RTE DE THERMAL,50.0,3.27334
201500030284,21,9,15,8,1,59,526,1,1,1,2,ROCADE NORD(JUSQ CROISEM,50.43585,3.4393
201500030285,8,11,15,4,3,59,526,1,6,8,6,CD169A GRISE CHEMISE,0.0,0.0
201500030286,26,11,15,18,5,59,284,2,1,1,6,"49, JEAN JAURES",0.0,0.0
201500030287,21,12,15,16,1,59,526,2,1,1,6,PLACE DE LA GARE,0.0,0.0
201500030288,13,1,15,6,5,59,526,2,1,2,6,DU 18 JUIN 1940,0.0,0.0
201500030289,26,1,15,7,5,59,526,2,2,1,6,DU DOCTEUR DAVAINE,0.0,0.0
201500030290,6,2,15,18,5,59,526,2,1,1,6,"466, HENRI DURRE",0.0,0.0
201500030291,4,1,15,11,1,59,90,2,1,9,6,"41, SIX (ABBE)29A41",0.0,0.0
201500030292,16,2,15,13,1,59,508,2,1,1,7,"122,  Rue de Tourcoing",50.73655,3.12033
201500030293,5,1,15,18,5,59,279,2,6,1,3,LEMIRE (RUE DE L'ABBE),0.0,0.0
201500030294,19,2,15,17,1,59,279,2,1,1,6,NOLLET RUE MARTHE,0.0,0.0
201500030295,23,2,15,21,5,59,599,2,3,1,3,DRAGON  (RUE DU),50.72152,3.15011
201500030296,6,1,15,17,2,59,599,2,1,1,6,FAIDHERBE (RUE ),0.0,0.0
201500030297,6,3,15,17,1,59,279,2,2,1,5,LILLE (RUE DE),50.77566,3.12381
201500030298,13,1,15,19,5,59,421,2,9,3,6,"95, CARNOT (BLD)DE 30A46",0.0,0.0
201500030299,1,4,15,23,5,59,90,2,6,1,3,SIX (ABBE),50.71958,3.10944
201500030300,7,4,15,18,1,59,599,1,1,1,3,LILLE RUE DE,50.72358,3.14747
201500030301,19,1,15,16,1,59,599,2,3,1,6,YSER (RUE DE L'),0.0,0.0
201500030302,10,4,15,18,1,59,352,1,3,1,3,"54, BOUSBECQUE RUE DE",50.74525,3.07933
201500030303,21,1,15,7,2,59,421,2,1,1,6,ROUBAIX (RUE DE),0.0,0.0
201500030304,18,4,15,4,5,59,599,2,1,1,6,"114, POUTRAINS RUE DES",0.0,0.0
201500030305,31,1,15,11,1,59,599,2,3,1,3,MOUVAUX (RUE DE),0.0,0.0
201500030306,18,4,15,12,1,59,599,2,3,1,3,VAN DE VEEGAETE RUE,50.73252,3.16272
201500030307,4,2,15,19,5,59,352,2,2,9,6,CLEMENCEAU (RUE),0.0,0.0
201500030308,18,4,15,15,1,59,152,1,2,1,6,LYS BD DE LA,0.0,0.0
201500030309,7,2,15,14,1,59,599,2,1,1,6,TESTELIN (RUE ACHILLE),0.0,0.0
201500030310,18,4,15,20,1,59,279,2,3,1,6,"10, LIENART RUE DU CARD",0.0,0.0
201500030311,11,2,15,11,1,59,599,2,1,1,3,EGALITE (BOULEVARD DE L',0.0,0.0
201500030312,20,4,15,14,1,59,508,1,3,1,3,BARBUSSE RUE HENRI,50.44251,0.8128
201500030313,19,4,15,15,1,59,426,1,1,1,7,RECKEM (RUE DE),50.75819,3.16963
201500030314,21,4,15,13,1,59,599,2,3,1,6,TIBERGHIEN RUE SIMON,50.7305,3.1635
201500030315,22,4,15,9,1,59,279,2,1,1,2,"108, LILLE (RUE DE)",0.0,0.0
201500030316,22,4,15,15,1,59,599,2,1,1,6,LEBAS RUE JB,50.72463,3.16611
201500030317,23,4,15,17,1,59,599,2,1,1,6,SOISSONS (RUE DE),0.0,0.0
201500030318,24,4,15,18,1,59,421,2,1,1,2,"129, LONDRES (RUE DE)2A2",0.0,0.0
201500030319,29,4,15,13,1,59,90,2,1,1,1,LEBAS (RUE JEAN BAPTISTE,0.0,0.0
201500030320,27,4,15,5,1,59,599,2,1,1,6,"86, YSER (RUE DE L')",0.0,0.0
201500030321,2,5,15,13,1,59,599,2,1,1,6,"95, EPINE (RUE DE L')",0.0,0.0
201500030322,7,5,15,0,5,59,599,2,2,1,3,"46, GUISNES (RUE DE)",0.0,0.0
201500030323,17,5,15,19,1,59,599,2,2,1,5,GRAMME (CHAUSSEE),0.0,0.0
201500030324,21,5,15,21,1,59,599,2,1,1,2,"280, EGALITE (BOULEVARD",0.0,0.0
201500030325,27,5,15,17,1,59,508,2,1,1,1,"235, BARBUSSE (RUE HENRI",0.0,0.0
201500030326,1,6,15,2,5,59,599,2,1,8,6,LEFRANCOIS (RUE ALFRED),0.0,0.0
201500030327,6,6,15,17,1,59,508,2,1,1,7,"527, LILLE (RUE DE)MENIN",50.4531,7.146
201500030328,5,6,15,8,1,59,599,2,2,1,3,FLOCON (RUE DU),0.0,0.0
201500030329,5,6,15,12,1,59,508,2,4,1,6,HALLUIN (BOULEVARD D'),50.73949,3.13215
201500030330,16,6,15,16,1,59,599,2,3,1,6,"10, AUSTERLITZ (RUE D')",0.0,0.0
201500030331,18,6,15,0,5,59,90,2,1,2,6,"38, HESPEL (RUE RENE D')",0.0,0.0
201500030332,21,6,15,18,1,59,599,2,3,1,2,ALBERT EINSTEIN,0.0,0.0
201500030333,3,7,15,16,1,59,152,2,3,1,2,"1, FOCH (RUE DU MARECHAL",0.0,0.0
201500030334,5,7,15,0,5,59,656,2,3,1,3,"42, PERI (RUE GABRIEL)",0.0,0.0
201500030335,10,7,15,13,1,59,421,2,1,1,7,"99, LILLE (RUE DE)",0.0,0.0
201500030336,6,7,15,20,1,59,599,2,3,1,3,PARIS (RUE DE),0.0,0.0
201500030337,14,7,15,1,5,59,152,2,1,1,5,FLANDRE (RUE DE),0.0,0.0
201500030338,4,7,15,17,1,59,90,2,6,1,1,GAULLE (AVENUE DU GENERA,0.0,0.0
201500030339,15,7,15,22,2,59,279,2,6,1,6,"168, LYS (RUE DE LA)",0.0,0.0
201500030340,30,6,15,20,2,59,421,2,1,1,3,LONDRES (RUE DE)2A20-1A9,0.0,0.0
201500030341,20,7,15,7,1,59,599,2,1,2,2,"4, VICTOIRE (PLACE DE LA",0.0,0.0
201500030342,24,7,15,18,1,59,599,2,1,1,6,"213, GUERRE (RUE FIN DE",0.0,0.0
201500030343,23,7,15,22,5,59,599,2,1,1,6,LECLERC (RUE DU MARECHAL,0.0,0.0
201500030344,3,8,15,16,1,59,599,2,1,1,7,BAZEILLES (RUE DE),0.0,0.0
201500030345,6,8,15,20,1,59,599,2,1,1,6,DUNKERQUE (RUE DE),0.0,0.0
201500030346,1,8,15,18,1,59,599,1,4,1,3,FOREST (CHAUSSEE FERNAND,50.44136,3.15615
201500030347,2,8,15,10,1,59,599,2,1,1,7,"184, GAMBETTA (BOULEVARD",0.0,0.0
201500030348,18,8,15,10,1,59,599,2,1,8,6,"63, LEBAS (RUE JEAN BAPT",50.72461,3.1708
201500030349,20,8,15,17,1,59,599,2,1,1,6,CANAL (RUE DU),0.0,0.0
201500030350,25,8,15,19,1,59,599,2,1,2,3,"59, EGALITE (BOULEVARD D",0.0,0.0
201500030351,30,8,15,17,1,59,599,2,3,1,3,VERTUQUET (RUE DU),0.0,0.0
201500030352,3,9,15,14,1,59,599,2,3,1,5,"230, GAND (RUE DE)",0.0,0.0
201500030353,6,9,15,6,5,59,599,2,2,1,3,YSER (RUE DE L'),0.0,0.0
201500030354,8,9,15,15,1,59,599,2,1,1,6,"66, CAIRE (RUE DU)",0.0,0.0
201500030355,16,9,15,22,3,59,98,1,1,1,3,LYS (RUE DE LA),50.7608,3.07413
201500030356,23,9,15,14,1,59,279,2,1,1,6,STADE (AVENUE DU),0.0,0.0
201500030357,25,9,15,7,1,59,599,2,2,1,6,"32, ANVERS (RUE D')",0.0,0.0
201500030358,20,9,15,21,2,59,421,2,2,1,3,ROUBAIX (RUE DE),0.0,0.0
201500030359,29,9,15,19,5,59,599,2,4,1,6,MALCENSE (RUE DE LA),50.73569,3.16843
201500030360,1,10,15,12,1,59,599,2,1,1,6,ROUGE (RUE DE LA CROIX),0.0,0.0
201500030361,2,10,15,16,1,59,599,2,8,1,6,LECLERCQ (RUE DU GENERAL,0.0,0.0
201500030362,4,10,15,15,1,59,426,1,2,1,3,RACCORDEMENT (VOIE DE),0.0,0.0
201500030363,1,10,15,16,1,59,421,2,1,1,6,MIRABEAU (RUE),50.70673,3.12926
201500030364,5,10,15,18,1,59,152,2,2,1,3,boulevard de la lys,50.75222,3.01355
201500030365,22,10,15,8,1,59,599,2,1,2,6,GUERRE (RUE FIN DE LA),0.0,0.0
201500030366,24,10,15,23,5,59,599,2,1,1,6,"1, MOUSCRON (RUE)",0.0,0.0
201500030367,21,10,15,7,2,59,279,2,3,1,3,LILLE (RUE DE),0.0,0.0
201500030368,26,10,15,11,1,59,599,2,1,1,3,"415, YSER (RUE DE L')",0.0,0.0
201500030369,5,11,15,1,5,59,98,2,1,1,6,"12, GAULLE (PLACE DU GEN",0.0,0.0
201500030370,10,11,15,14,1,59,508,2,3,1,1,LILLE (RUE DE)LATERALE A,0.0,0.0
201500030371,11,11,15,11,1,59,90,2,1,1,6,RUE JEAN BAPTISTE LEBAS,0.0,0.0
201500030372,18,11,15,11,1,59,599,2,1,1,2,PAPIN (CHAUSSEE DENIS),0.0,0.0
201500030373,26,11,15,14,1,59,599,2,1,1,6,COLBERT (RUE),0.0,0.0
201500030374,2,12,15,1,5,59,508,2,2,1,6,"1, TOURCOING (RUE DE)",0.0,0.0
201500030375,3,12,15,12,1,59,599,2,2,1,3,VAN DE VEEGAETE (RUE CHA,0.0,0.0
201500030376,4,12,15,18,5,59,599,2,1,1,6,BOURGOGNE (RUE DE LA),0.0,0.0
201500030377,4,12,15,12,1,59,352,2,1,1,6,CLEMENCEAU (RUE),0.0,0.0
201500030378,5,12,15,18,5,59,98,1,2,1,3,LYS (BVD DE LA ),0.0,0.0
201500030379,20,11,15,12,1,59,279,2,2,2,2,", LEMIRE (RUE DE L'ABBE)",0.0,0.0
201500030380,7,12,15,11,1,59,599,1,3,1,3,BRUN PAIN (RUE DU),0.0,0.0
201500030381,7,12,15,16,1,59,426,2,3,1,1,PURGATOIRE (CARRIERE),50.75475,3.17347
201500030382,11,12,15,18,5,59,599,2,1,2,6,"211, GUERRE (RUE FIN DE",0.0,0.0
201500030383,3,12,15,6,3,59,98,1,2,1,3,LYS (BVD DE LA ),0.0,0.0
201500030384,9,12,15,17,2,59,421,2,1,1,6,RAVENNES (RUE DES),0.0,0.0
201500030385,15,12,15,17,2,59,599,2,1,2,6,"212, LILLE (RUE DE)",0.0,0.0
201500030386,22,12,15,12,1,59,426,1,1,1,3,VERTUQUET (RUE DU),0.0,0.0
201500030387,24,12,15,14,1,59,279,2,3,1,6,"23, LILLE (RUE DE)",0.0,0.0
201500030388,28,12,15,13,1,59,599,2,1,1,6,LEVANT (RUE DU),0.0,0.0
201500030389,20,3,15,10,1,59,606,2,1,1,6,"7, WATTEAU (BOULEVARD)",0.0,0.0
201500030390,2,10,15,2,5,59,606,2,1,1,6,"00, VILLARS (PONT)",50.35961,3.51566
201500030391,24,12,15,15,1,59,459,2,1,1,6,"93, BARBUSSE (RUE HENRI)",50.37063,3.48669
201500030392,26,2,15,21,3,59,557,1,1,2,6,Rte départementale,50.34586,3.57762
201500030393,22,3,15,17,1,59,369,1,3,1,2,"00, RD 40",0.0,0.0
201500030394,30,3,15,16,1,59,207,1,1,1,1,"00, RD 50",0.0,0.0
201500030395,2,3,15,2,5,59,383,2,1,1,6,"00, BARBUSSE (AVENUE HEN",0.0,0.0
201500030396,10,4,15,12,1,59,14,2,3,1,3,"36, MATHIEU (RUE PIERRE)",0.0,0.0
201500030397,12,11,15,2,5,59,606,2,1,1,6,"00, ST-AMAND (AVENUE DE)",50.3654,3.51728
201500030398,1,4,15,10,1,59,606,2,1,1,6,"00, FROISSART (BOULEVARD",0.0,0.0
201500030399,30,11,15,8,2,59,606,2,1,1,6,"45, VILLARS (AVENUE)",50.3579,3.50883
201500030400,19,4,15,19,1,59,564,2,2,1,3,"00, ZONE COMMERCIALE",0.0,0.0
201500030401,27,3,15,17,1,59,606,2,1,1,6,"00, VILLARS (PONT)",0.0,0.0
201500030402,30,12,15,21,5,59,603,2,1,1,6,"00, RD 59",0.0,0.0
201500030403,11,4,15,11,1,59,447,2,1,1,6,"150, JAURES (RUE JEAN)",0.0,0.0
201500030404,16,12,15,8,1,59,606,2,1,1,6,"00, CARPEAUX (BOULEVARD)",0.0,0.0
201500030405,18,3,15,16,1,59,79,2,1,1,3,"116, SALENGRO (RUE ROGER",0.0,0.0
201500030406,16,12,15,12,1,59,447,2,1,1,3,"00, JAURES (RUE JEAN)",0.0,0.0
201500030407,25,3,15,16,1,59,606,2,9,1,1,"00, ONZE NOVEMBRE (RUE D",0.0,0.0
201500030408,15,12,15,17,5,59,606,2,1,1,6,"44, DAMPIERRE (AVENUE)",0.0,0.0
201500030409,4,5,15,16,1,59,606,2,2,1,6,MILHOMME (RUE),0.0,0.0
201500030410,5,5,15,6,2,59,484,2,2,1,3,"85, JAURES (AVENUE JEAN)",0.0,0.0
201500030411,6,5,15,22,3,59,544,1,4,1,3,RD 935 N,0.0,0.0
201500030412,3,12,15,11,1,59,14,2,6,2,6,"145, FRANCE (AVENUE ANAT",50.37008,3.50386
201500030413,7,5,15,10,1,59,14,2,1,1,6,"154, FRANCE (AVENUE ANAT",0.0,0.0
201500030414,24,12,15,19,5,59,32,2,2,2,6,"102, LIBERATION (AVENUE",50.33336,3.52355
201500030415,18,3,15,13,1,59,606,2,1,1,2,"00, DENAIN (AVENUE DE)",0.0,0.0
201500030416,1,12,15,17,2,59,14,2,1,1,6,"00, JAURES (RUE JEAN)",50.36833,3.51177
201500030417,15,4,15,9,1,59,606,2,1,1,3,"40, LOMPREZ (RUE)",0.0,0.0
201500030418,3,12,15,17,2,59,447,2,1,1,3,"00, JAURES (RUE JEAN)",50.38658,3.60038
201500030419,11,5,15,17,1,59,606,2,1,1,6,"52, VILLAS (RUE DU CLOS",0.0,0.0
201500030420,21,5,15,13,1,59,484,2,2,1,1,"0, JAURES (AVENUE JEAN)",0.0,0.0
201500030421,19,5,15,19,1,59,606,2,1,1,6,"0, LOMPREZ (IMPASSE)",0.0,0.0
201500030422,17,4,15,14,1,59,606,2,1,1,6,"77, HORNE (AVENUE GENERA",0.0,0.0
201500030423,17,4,15,22,5,59,606,2,1,1,1,"00, HARPIGNIES (BOULEVAR",0.0,0.0
201500030424,2,3,15,12,1,59,32,1,1,2,1,"00, RD 958",0.0,0.0
201500030425,13,5,15,14,1,59,79,2,1,1,6,LEDUC (AVENUE MARGUERITE,0.0,0.0
201500030426,9,5,15,13,1,59,606,2,1,1,6,MAGALOTTI (RUE),0.0,0.0
201500030427,12,5,15,15,1,59,447,2,1,1,6,BAUDELIERS (CHEMIN DES),0.0,0.0
201500030428,30,5,15,14,1,59,475,2,1,1,6,VIAN (RUE BORIS),0.0,0.0
201500030429,22,5,15,16,1,59,447,2,1,1,6,DOUMER (RUE PAUL),0.0,0.0
201500030430,4,6,15,8,1,59,606,2,1,1,6,"00, VILLARS (PONT)",0.0,0.0