Num_Acc,jour,mois,an,hr,condition_eclairage,departement,commune,condition_agglomeration,intersection,condition_atmosphere,type_collision,adresse,lattitude,longitude
201500030431,12,5,15,12,1,59,564,2,1,1,7,"80, SALENGRO (RUE ROGER)",50.35194,3.48263
201500030432,29,5,15,12,1,59,606,2,1,1,6,"00, QUESNOY (RUE DU)",0.0,0.0
201500030433,26,5,15,12,1,59,606,2,1,1,6,"16, DE LATTRE DE TASSIGN",0.0,0.0
201500030434,29,5,15,8,1,59,557,2,2,1,3,"00, BARBUSSE (AVENUE HEN",0.0,0.0
201500030435,28,6,15,6,1,59,14,2,2,1,6,"00, CARNOT (RUE)",0.0,0.0
201500030436,4,6,15,19,1,59,606,2,1,1,6,"00, ALLIES (BOULEVARD DE",50.36625,3.52416
201500030437,12,6,15,10,1,59,544,2,1,1,6,"00, SCHWEITZER (AVENUE)",0.0,0.0
201500030438,27,6,15,19,1,59,475,2,1,1,6,"112, LIEGE (RUE DE)",0.0,0.0
201500030439,18,7,15,8,1,59,459,2,9,1,3,"00, MITTERAND (François",0.0,0.0
201500030440,12,8,15,18,1,59,79,2,1,1,3,"37-39, HUIT MAI 1945 (RU",50.37975,3.50944
201500030441,30,8,15,7,2,59,491,2,1,1,6,142 rue Jean Jaurès,50.39342,3.47136
201500030442,9,7,15,16,1,59,479,1,2,1,3,"00, RD 50",50.40469,3.61875
201500030443,29,7,15,16,1,59,112,2,3,1,6,"00, EUROPE (RUE DE L')",50.39391,3.53497
201500030444,4,9,15,18,1,59,447,2,1,1,6,"9, RUE HECTOR BERLIOZ",50.39919,3.60252
201500030445,19,7,15,3,5,59,447,2,1,2,6,"26, PARMENTIER (RUE)",50.38336,3.60366
201500030446,28,8,15,14,1,59,447,2,1,1,6,"29, JAURES (RUE JEAN)",50.38088,3.58361
201500030447,21,8,15,22,5,59,491,2,3,1,3,"00, SALENGRO (RUE ROGER)",50.40152,3.46158
201500030448,29,9,15,9,1,59,383,2,1,1,6,"96, BARBUSSE (AVENUE HEN",50.35063,3.54288
201500030449,25,8,15,0,5,59,606,2,1,3,6,"00, VILLARS (PONT)",50.35938,3.51502
201500030450,21,9,15,14,1,59,606,2,6,1,2,"0, DUNKERQUE (AVENUE DE)",50.36561,3.51491
201500030451,28,7,15,18,1,59,479,2,1,1,6,"71, PASTEUR (RUE)",50.39527,3.61705
201500030452,5,8,15,13,1,59,603,2,1,1,6,"00, RD 88",50.3255,3.50455
201500030453,18,8,15,22,5,59,475,2,1,1,6,"00, GARE (RUE DE LA)",50.31544,3.45494
201500030454,24,10,15,21,5,59,160,2,1,1,3,"46, DEPORTES (RUE DES)",0.0,0.0
201500030455,10,10,15,10,1,59,606,2,1,1,6,"8, INCAS (RUE DES)",50.35738,3.52875
201500030456,14,11,15,22,3,59,207,1,1,1,1,RD 935 N,50.4085,3.57942
201500030457,20,11,15,19,2,59,606,2,1,2,6,"22, WATTEAU (BOULEVARD)",50.3553,3.53018
201500030458,9,9,15,5,3,59,479,1,1,5,2,"00, RD 50",50.4008,3.63983
201500030459,28,9,15,14,1,59,606,1,1,1,6,"00, LOMPREZ (RUE)",50.35577,3.50111
201500030460,6,9,15,0,5,59,544,2,1,1,1,"27, DURRE (RUE HENRI)",50.37953,3.55173
201500030461,9,9,15,16,1,59,606,2,1,1,6,"00, DUBLED (RUE LEON)",0.0,0.0
201500030462,6,12,15,5,5,59,491,2,1,1,6,"2, JAURES (RUE JEAN)",50.392,3.48061
201500030463,12,10,15,18,1,59,606,2,1,1,6,"20, DENAIN (AVENUE DE)",50.35608,3.50283
201500030464,5,10,15,19,4,59,447,2,1,2,6,"00, JAURES (RUE JEAN)",50.38694,3.60122
201500030465,9,10,15,21,5,59,447,2,3,1,3,"00, JAURES (RUE JEAN)",0.0,0.0
201500030466,6,11,15,17,5,59,606,2,1,2,6,"00, REPUBLIQUE (PLACE DE",0.0,0.0
201500030467,6,12,15,18,2,59,515,2,1,1,2,"47B, NATIONALE (ROUTE)",50.32808,3.44308
201500030468,27,11,15,12,1,59,14,2,1,1,6,"00, RAISMES (RUE DE)",0.0,0.0
201500030469,27,11,15,19,5,59,606,2,1,1,6,"00, CARPEAUX (BOULEVARD)",0.0,0.0
201500030470,27,11,15,19,5,59,484,2,1,1,6,"00, CRONTE VOYE (RUE)",0.0,0.0
201500030471,27,11,15,18,5,59,606,2,2,1,3,"00, VERDUN (AVENUE DE)",0.0,0.0
201500030472,4,1,15,20,5,59,14,2,2,1,6,"00, CARNOT (RUE)",0.0,0.0
201500030473,5,1,15,7,5,59,606,2,1,9,6,"00, MONS (RUE DE)",0.0,0.0
201500030474,6,1,15,7,2,59,32,2,1,1,6,"00, MOUSSERON (RUE JULES",0.0,0.0
201500030475,7,1,15,17,5,59,14,2,3,8,6,"10, MATHIEU (RUE PIERRE)",0.0,0.0
201500030476,7,1,15,17,2,59,606,2,6,1,6,"00, SENATEUR GIRARD (AVE",0.0,0.0
201500030477,7,1,15,17,2,59,613,1,9,1,3,"00, RD 50",0.0,0.0
201500030478,9,1,15,19,5,59,606,2,1,1,6,"00, WATTEAU (BOULEVARD)",0.0,0.0
201500030479,17,1,15,13,1,59,606,2,2,1,6,"104, VERDUN (AVENUE DE)",0.0,0.0
201500030480,10,1,15,10,1,59,459,2,3,1,6,"00, LELEU (rue Yves)",0.0,0.0
201500030481,21,1,15,21,5,59,383,2,1,1,6,JAURES (RUE JEAN),0.0,0.0
201500030482,23,1,15,13,1,59,606,2,2,1,6,"00, SERGENT CAIRNS (AVEN",0.0,0.0
201500030483,23,1,15,13,1,59,606,2,3,1,3,"00, DENAIN (AVENUE DE)",0.0,0.0
201500030484,26,1,15,11,1,59,606,2,1,1,2,"10, EISEN (BOULEVARD)",0.0,0.0
201500030485,27,1,15,18,5,59,606,2,1,1,6,"41, JOLIMETZ (RUE DU)",0.0,0.0
201500030486,29,1,15,7,2,59,606,2,1,1,6,MAISON D'ARRET - RUE LOM,0.0,0.0
201500030487,3,2,15,23,5,59,14,2,1,1,4,"234, JAURES (RUE JEAN)",0.0,0.0
201500030488,7,2,15,9,1,59,459,2,3,1,6,"0, A23 sens Valenciennes",0.0,0.0
201500030489,6,2,15,16,1,59,603,2,1,1,6,"0, HUIT MAI 1945 (RUE DU",0.0,0.0
201500030490,11,2,15,17,1,59,606,2,3,1,6,"00, REIMS (AVENUE DE)",0.0,0.0
201500030491,12,2,15,22,5,59,491,2,1,5,5,"47C, SALENGRO (RUE ROGER",0.0,0.0
201500030492,11,2,15,19,1,59,14,2,1,1,2,"00, BEAULIEUX (RUE DU SO",0.0,0.0
201500030493,10,2,15,14,1,59,112,2,1,1,4,"128, JAURES (RUE JEAN)",0.0,0.0
201500030494,13,6,15,21,2,68,112,2,3,1,3,162 rue de la République,47.91289,7.20699
201500030495,26,6,15,20,2,68,188,1,1,1,6,,47.93714,7.0633
201500030496,21,3,15,9,1,68,43,2,1,1,7,RD83 PR 17+350,47.85778,7.24294
201500030497,24,5,15,8,1,68,156,1,1,1,6,,47.90714,7.26095
201500030498,17,6,15,11,1,68,315,2,2,1,6,rue de la marne,47.88883,7.22747
201500030499,12,9,15,3,3,68,43,1,1,1,6,,47.86875,7.25249
201500030500,30,10,15,14,1,68,315,1,6,1,3,,47.87351,7.24738
201500030501,12,5,15,21,3,43,100,1,1,1,2,"LIEU-DIT ""LA BARRAQUE""",45.2669,3.47908
201500030502,14,5,15,16,1,43,207,1,3,1,3,,45.2773,3.34385
201500030503,5,7,15,12,1,43,262,1,1,1,6,"LIEU-DIT ""VAZEILLES""",0.0,0.0
201500030504,7,8,15,10,1,43,117,1,3,1,1,"LIEU-DIT ""LES LANIERS""",45.2408,3.45317
201500030505,8,11,15,13,1,43,207,1,1,7,6,X,45.2829,3.35455
201500030506,26,6,15,15,1,43,228,2,1,1,3,LE BOURG,0.0,0.0
201500030507,25,10,15,14,1,43,189,1,3,1,1,,45.2928,3.88319
201500030508,1,11,15,2,3,43,128,1,1,1,1,"LIEU-DIT ""LE BOUTON""",45.3503,3.7377
201500030509,8,10,15,15,1,41,194,2,1,1,3,avenue de villefranche,47.353,1.747
201500030510,31,10,15,11,1,41,282,1,1,1,3,,47.36754,1.80639
201500030511,19,11,15,12,1,41,194,1,1,1,7,,47.32882,1.77605
201500030512,3,4,15,15,1,41,67,1,1,1,1,,47.509,1.463
201500030513,12,4,15,14,1,41,34,1,1,1,6,,47.61,1.485
201500030514,1,4,15,19,1,41,50,1,1,1,6,,47.485,1.486
201500030515,22,4,15,10,1,41,262,1,1,1,3,route d'arian,47.541,1.514
201500030516,20,6,15,22,2,41,160,1,1,1,6,,47.559,1.571
201500030517,5,7,15,6,1,41,31,1,1,1,7,,47.52885,1.40206
201500030518,2,10,15,10,1,41,150,1,1,1,1,,47.56243,1.43307
201500030519,18,12,15,20,3,41,52,1,1,1,2,,47.48951,1.35965
201500030520,9,2,15,16,1,60,57,2,1,1,6,"12, MARECHAL LECLERC (RU",49.4338,2.07727
201500030521,10,9,15,18,1,60,57,1,1,1,6,COROT (AVENUE),49.43005,2.10486
201500030522,22,1,15,1,5,60,57,2,9,1,6,JOHN F. KENNEDY (AV)> RU,49.42385,2.10524
201500030523,9,12,15,8,2,60,57,2,1,1,6,"1, CHEVALIER (RUE)",49.42805,2.08108
201500030524,30,1,15,16,1,60,57,1,1,1,6,ROUTE DE CREVECOEUR (CD,49.46666,2.07448
201500030525,29,11,15,18,2,60,57,2,1,1,6,"138, MARCEL DASSAULT (AV",49.44436,2.09298
201500030526,29,1,15,15,1,60,57,2,1,1,6,"3, WAGE (RUE DU)",49.42896,2.10384
201500030527,25,5,15,3,5,60,57,2,1,1,6,PONT D'ARCOLE (RUE DU),49.4255,2.09157
201500030528,10,4,15,8,2,60,57,2,1,1,6,"7, WAGE (RUE DU)",49.25236,1.0614
201500030529,18,4,15,18,1,60,57,1,1,1,6,"22, MOULIN JEAN (AVENUE)",49.43798,2.09422
201500030530,23,8,15,10,1,60,57,2,1,1,6,JEAN MERMOZ (AVENUE),49.43635,2.08241
201500030531,1,3,15,14,1,22,237,2,1,8,3,route de lamballe,48.52596,-2.24861
201500030532,15,4,15,18,1,22,209,1,1,1,1,,48.58141,-2.12775
201500030533,25,5,15,3,3,22,172,2,1,1,6,rue de la madeleine,48.52341,-2.24013
201500030534,19,6,15,20,1,22,105,1,1,1,3,,48.51594,-2.14425
201500030535,9,7,15,14,1,22,209,1,1,1,2,la cornillet,48.54546,-2.10398
201500030536,11,7,15,16,1,22,172,2,3,1,1,10 RUE DE LA MADELEINE,48.52225,-2.2367
201500030537,17,7,15,14,1,22,104,2,1,1,7,LE VIEUX BOURG,48.39059,-2.21899
201500030538,29,7,15,18,1,22,209,1,1,1,3,lisnoble,48.56129,-2.16061
201500030539,8,8,15,13,1,22,209,1,1,1,1,,48.57334,-2.1508
201500030540,18,10,15,14,1,22,318,1,3,1,3,,48.4734,-2.22133
201500030541,18,10,15,14,1,22,318,1,1,1,6,,48.47351,-2.22155
201500030542,9,11,15,15,1,22,209,1,3,1,1,la Coudraie,48.5537,-2.161
201500030543,11,12,15,15,1,22,172,1,3,1,3,,48.53745,-2.22427
201500030544,6,1,15,5,3,22,116,1,1,1,6,,48.49237,-3.03686
201500030545,10,3,15,10,1,22,182,1,2,8,3,SAINT BLAIZE,48.54738,-2.93828
201500030546,12,4,15,6,2,22,112,1,1,1,1,Califournie,48.64331,-3.00213
201500030547,7,6,15,10,1,22,121,1,1,1,6,,48.63395,-2.9765
201500030548,3,7,15,7,1,22,177,2,6,1,6,Lieu-dit kergalet,48.63451,-2.93964
201500030549,7,7,15,19,1,22,361,1,1,1,5,,48.59899,-2.95351
201500030550,22,7,15,11,1,22,182,1,1,1,2,,48.53107,-2.93023
201500030551,26,8,15,9,1,22,234,1,1,2,1,,48.48752,-2.95028
201500030552,14,9,15,15,1,22,206,1,1,2,6,6 hameau de Kerjagu,48.54289,-3.00067
201500030553,8,10,15,17,1,22,304,2,1,1,7,kerbornic,48.56596,-3.01776
201500030554,15,11,15,16,1,22,206,1,1,1,7,kergorno,48.53272,-3.02868
201500030555,6,12,15,15,1,22,19,1,1,9,7,kerimerc'h,48.5878,-2.9827
201500030556,25,12,15,20,3,22,112,1,1,2,5,la boissière,48.6415,-2.99905
201500030557,6,1,15,8,2,60,159,1,1,8,6,RN 31,49.42278,2.85241
201500030558,20,2,15,9,1,60,159,2,1,1,6,"172, PARIS (DE)",49.4049,2.81042
201500030559,6,1,15,20,5,60,159,2,3,1,5,36 RUE D'AMIENS,49.42326,2.82111
201500030560,16,4,15,9,1,60,665,1,3,7,3,LECLERC,49.4111,2.79763
201500030561,9,1,15,7,4,60,159,2,2,8,6,AV. DU MARECHAL JOFFRE,49.40745,2.82663
201500030562,29,4,15,15,1,60,159,1,1,1,1,ROYALLIEU (AV. DE),49.40022,2.82007
201500030563,26,1,15,16,1,60,382,2,6,1,6,"128, BEAUVAIS (DE)",49.41855,2.81599
201500030564,13,5,15,12,1,60,159,2,1,1,6,TROIS BARBEAUX (DES),49.41807,2.82382
201500030565,3,2,15,10,1,60,159,2,6,1,6,CROIX-ROUGE (CARREFOUR D,49.40437,2.8103
201500030566,31,1,15,10,1,60,159,2,6,1,6,CROIX-ROUGE (CARREFOUR D,49.40459,2.81072
201500030567,18,5,15,9,1,60,665,1,1,1,2,R.N 131,49.40814,2.77695
201500030568,2,2,15,13,1,60,159,2,3,1,3,", PIERREFONDS (DE)",49.41478,2.82864
201500030569,1,6,15,14,1,60,159,1,1,1,5,Route Nationale 31,49.4169,2.91103
201500030570,5,2,15,14,1,60,159,1,1,1,6,,49.39893,2.87303
201500030571,18,6,15,14,1,60,159,2,1,1,6,"7, CLERMONT (DE)",49.4188,2.81931
201500030572,11,2,15,12,1,60,159,1,1,1,6,"8, ADNOT (HENRI)",49.38418,2.78949
201500030573,2,7,15,5,1,60,665,1,1,1,6,"6, EUROPE (AVENUE DE L')",49.40926,2.78223
201500030574,14,2,15,20,5,60,159,2,3,1,3,"34, SENLIS (DE)",49.3948,2.80331
201500030575,1,7,15,18,1,60,665,1,1,1,3,R.N 31,49.40858,2.79427
201500030576,25,7,15,19,1,60,665,1,3,1,3,Rue du Marechal LECLERC,49.40813,2.79222
201500030577,28,7,15,11,1,60,159,2,1,1,3,RU DU DR CALMETTE,49.40005,2.79384
201500030578,30,7,15,9,1,60,159,2,1,1,6,12 RUE DU G. LECLERC,49.41881,2.82363
201500030579,1,8,15,12,1,60,159,2,1,1,3,"4, CLERMONT (DE)",49.42024,2.82122
201500030580,8,8,15,20,1,60,159,2,6,1,3,104 BLD ETATS-UNIS,49.40873,2.82098
201500030581,10,8,15,16,1,60,159,1,3,1,3,FLANDRES-DUNKERQUE (AV.),49.38578,2.79633
201500030582,10,8,15,17,1,60,159,2,3,1,3,"45, BATAILLON DE FRANCE",49.42389,2.84034
201500030583,8,9,15,11,1,60,159,2,1,1,6,"191 BIS, PARIS (DE)",49.41542,2.82238
201500030584,24,9,15,12,1,60,159,2,1,1,6,RUE PHILEAS LEBESGUE,49.40772,2.80368
201500030585,25,9,15,13,1,60,159,2,3,1,3,JUIN (AV. DU MARECHAL),49.40717,2.81782
201500030586,3,10,15,21,5,60,159,2,3,1,3,"3, SOUS-PREFECTURE (DE L",49.41665,2.82888
201500030587,4,10,15,2,3,60,159,1,1,1,6,Route Nationale 31,49.42414,2.86249
201500030588,6,11,15,17,1,60,665,1,3,1,1,D 202,49.42389,2.79913
201500030589,10,11,15,22,5,60,159,2,3,1,2,"57, SENLIS (DE)",49.39358,2.80315
201500030590,13,11,15,18,5,60,382,2,3,1,3,"987, POINCARE (AV. RAYMO",49.42837,2.83267
201500030591,11,12,15,23,5,60,325,1,9,1,6,"01, Place Jacques TATI",49.40275,2.77312
201500030592,13,12,15,19,5,60,159,1,6,1,6,,49.3982,2.8729
201500030593,17,12,15,7,5,60,159,2,6,2,6,RUE DE NOYON,49.42181,2.82162
201500030594,8,1,15,20,3,60,175,1,1,1,5,RD 201 PONT DE L'OISE,49.2458,2.48555
201500030595,9,3,15,8,1,60,175,2,1,1,6,"19, PHILIPPE (RUE MARCEL",49.26046,2.47868
201500030596,25,1,15,11,1,60,175,2,3,1,7,"107, JAURES (RUE JEAN)",49.25845,2.46296
201500030597,28,2,15,18,2,60,175,1,2,1,3,"0.00, ALLENDE (BOULEVARD",49.24625,2.47058
201500030598,25,1,15,18,5,60,414,2,1,1,6,VAYER (RUE MAURICE),49.2608,2.43143
201500030599,8,5,15,15,1,60,463,2,3,1,3,"18, DEMAGNEZ (RUE)",49.26991,2.47639
201500030600,12,2,15,7,3,60,175,1,6,5,7,RD 201_ROND POINT P.BLAN,49.24521,2.47551
201500030601,20,5,15,15,1,60,175,2,1,1,1,"3, LAGRANGE (RUE LEO)",49.25221,2.46769
201500030602,22,5,15,14,1,60,175,1,1,1,5,RD 201,49.24575,2.48507
201500030603,15,6,15,13,1,60,684,2,6,1,6,RD 200_NORD,49.29141,2.50548
201500030604,5,7,15,0,5,60,463,2,1,1,6,ALLEE DE TUILERIE,49.28167,2.46214
201500030605,16,7,15,17,1,60,463,2,1,1,7,GENERAL DE GAULLE (RUE D,49.27669,2.47002
201500030606,18,7,15,23,5,60,175,2,1,2,4,GAMBETTA (RUE),49.26425,2.47378
201500030607,26,7,15,17,1,60,175,1,1,1,2,Pont de l'Oise,49.25007,2.45786
201500030608,19,7,15,0,5,60,175,2,1,8,6,NERVAL (RUE GERARD DE),49.25062,2.46895
201500030609,2,8,15,19,1,60,414,2,1,1,6,RUE ROGER SALENGRO,49.26062,2.43016
201500030610,6,7,15,20,2,60,175,1,1,1,6,BLD ALLENDE,49.24966,2.47435
201500030611,19,8,15,16,1,60,463,2,1,1,6,RUE GENERAL DE GAULLE,48.64806,1.53292
201500030612,1,9,15,8,1,60,175,2,1,1,6,HAVEZ (BOULEVARD GABRIEL,49.24845,2.47052
201500030613,2,10,15,15,1,60,684,2,1,1,1,NOTAIRE (RUE CHARLES),49.29154,2.48782
201500030614,8,10,15,7,4,60,463,2,2,1,6,RD200 RN16,49.28386,2.46448
201500030615,21,9,15,8,1,60,175,1,1,1,5,RD 1016 PIERRE BLANCHE,49.24455,2.47487
201500030616,16,10,15,7,4,60,175,2,1,2,6,VAUX (ROUTE DE),49.26236,2.48391
201500030617,18,11,15,21,3,60,684,1,1,1,6,RD 200_NORD,49.29193,2.50686
201500030618,27,11,15,18,5,60,414,2,6,2,6,MOCQUET (AVENUE GUY),49.25604,2.42818
201500030619,24,11,15,15,1,60,175,2,1,2,5,201_SORTIE 201_ACCES,49.24581,2.46739
201500030620,11,12,15,14,1,60,463,2,1,1,6,EUROPE (AVENUE DE L'),49.27309,2.48117
201500030621,17,12,15,17,3,60,414,1,1,1,2,RD 200_SURPLOMB AVEN LIB,49.25422,2.44605
201500030622,15,3,15,23,3,84,11,1,1,2,6,,43.9909,5.11537
201500030623,1,10,15,8,1,84,142,1,1,1,5,,0.0,0.0
201500030624,16,10,15,9,1,84,43,1,1,1,1,,44.02038,4.92541
201500030625,10,4,15,18,1,201,362,1,9,1,6,,0.0,0.0
201500030626,27,6,15,11,1,201,285,1,1,7,6,,41.73208,9.0998
201500030627,15,2,15,3,3,71,214,1,1,3,6,,0.0,0.0
201500030628,28,2,15,16,1,91,79,1,1,1,6,RD 49,0.0,0.0
201500030629,16,7,15,13,1,74,186,1,1,1,6,,0.0,0.0
201500030630,14,10,15,16,1,74,233,1,1,8,2,,0.0,0.0
201500030631,27,10,15,21,3,74,120,1,1,2,1,,0.0,0.0
201500030632,26,9,15,23,5,61,1,2,2,1,6,"1, ALBERT 1ER (RUE)",48.42877,0.08194
201500030633,7,2,15,17,1,61,1,2,2,1,6,KOUTIALA (AVENUE DE,48.42234,0.08927
201500030634,17,2,15,12,1,61,1,2,2,1,5,KOUTIALA (AVENUE DE,48.42786,0.07505
201500030635,12,1,15,18,5,61,1,1,1,1,6,"121, P. ET M. CURIE",48.43561,0.10557
201500030636,4,3,15,14,1,61,1,2,1,1,2,SAINT BLAISE (RUE),48.43366,0.09318
201500030637,12,3,15,10,1,61,1,2,1,1,2,BASINGSTOKE (AVENUE DE),48.4415,0.09856
201500030638,9,4,15,17,1,61,1,2,1,1,6,"32, CLEMENCEAU (COURS)",48.43212,0.08764
201500030639,18,4,15,11,1,61,1,2,6,1,6,"149, REPUBLIQUE (BOULEVA",48.42334,0.08992
201500030640,9,4,15,19,1,61,117,2,3,1,7,13 rue jacques prévert,48.43131,0.05169
201500030641,3,5,15,0,5,61,1,2,3,2,3,"114, BRETAGNE (RUE DE)",48.432,0.07367
201500030642,6,5,15,7,1,61,1,2,1,2,2,"21, VILLENEUVE (RUE DE)",48.42783,0.075
201500030643,12,5,15,11,1,61,1,1,1,1,2,"87, COURTEILLE ( AVENUE",48.43309,0.10521
201500030644,12,5,15,7,1,61,397,2,2,1,3,KOUTIALA (BOULEVARD),48.4231,0.08086
201500030645,20,5,15,11,1,61,1,2,1,1,6,"1, GUYNEMER (RUE)",48.43888,0.1055
201500030646,27,5,15,17,1,61,1,2,3,1,3,REPUBLIQUE (BOULEVARD DE,48.42728,0.0931
201500030647,18,5,15,11,1,61,1,2,7,1,6,JEUDI (RUE DU),48.43084,0.08827
201500030648,30,5,15,15,1,61,143,1,3,1,3,LA RIMBLIERE (RUE DE),48.45179,0.0668
201500030649,28,5,15,19,1,61,497,1,1,1,6,RD 438,48.45046,0.10013
201500030650,5,6,15,18,1,61,1,2,6,1,3,GENERAL DE GAULLE (PLACE,48.43416,0.09347
201500030651,6,6,15,19,1,61,1,2,6,1,3,JEAN MANTELET (AVENUE),48.41816,0.09756
201500030652,9,6,15,9,1,61,77,2,1,1,4,FRANCIS CAGNARD (AV DE ),48.44526,0.11167
201500030653,11,6,15,15,1,61,1,2,3,1,7,FRERES NIVERT (RUE),48.44245,0.08361
201500030654,15,6,15,14,1,61,77,2,3,1,2,FRANCIS CAGNAR (AV  DE ),48.44649,0.11264
201500030655,6,6,15,6,2,61,1,2,1,1,7,"20, DUCHAMP (BOULEVARD)",48.42925,0.07263
201500030656,9,6,15,16,1,61,143,2,1,1,6,MILIEU (CHEMIN DU ),48.44179,0.07618
201500030657,24,6,15,17,1,61,1,2,1,1,3,"27, CLAUDE BERNARD (RUE",48.43612,0.10163
201500030658,28,6,15,21,1,61,497,1,6,1,3,RN 12 (ROUTE NATIONALE),48.45731,0.13938
201500030659,21,7,15,11,1,61,143,2,6,1,3,D'ECOUVES (ROUTE),48.45421,0.08459
201500030660,22,7,15,18,1,61,1,2,6,1,3,GENERAL LECLERC (AVENUE,48.42236,0.08945
201500030661,29,7,15,12,1,61,1,2,2,1,1,SAINT EXUPERY (RUE),48.43829,0.1083
201500030662,1,8,15,11,1,61,1,2,1,1,3,"27, PIERRE ET MARIE CURI",48.43571,0.10586
201500030663,14,8,15,15,1,61,1,2,1,1,6,PIERRE ET MARIE CURIE (R,48.43628,0.10433
201500030664,17,8,15,11,1,61,1,2,3,1,3,CERISE (RUE DE),48.43545,0.10776
201500030665,21,8,15,19,1,61,117,1,1,1,1,LALEU (RUE DE),48.42747,0.02558
201500030666,25,8,15,16,1,61,143,1,3,2,7,MONTFOULON (CHEMIN DE),48.44539,0.0569
201500030667,27,8,15,12,1,61,1,2,2,3,3,MARTIN LUTHER KING ( RUE,48.42567,0.06314
201500030668,10,9,15,14,1,61,1,2,1,1,3,"21, JEAN MANTELET (AVENU",48.41777,0.10103
201500030669,18,9,15,17,1,61,1,2,3,2,3,D'ARGENTAN (RUE),48.44654,0.08729
201500030670,28,9,15,16,1,61,1,2,2,1,1,COLBERT (BOULEVARD),48.4362,0.07743
201500030671,3,10,15,14,1,61,1,2,1,1,6,VILLENEUVE (RUE DE),48.42862,0.0634
201500030672,1,10,15,12,1,61,1,2,2,1,6,"12, PLENITRE (PLACE DU)",48.43006,0.09138
201500030673,12,10,15,20,3,61,497,1,1,1,6,RN 12 (ROUTE NATIONALE),48.45345,0.09764
201500030674,15,10,15,11,1,61,497,2,6,1,7,RD 438,48.45429,0.10033
201500030675,16,10,15,14,1,61,1,2,1,8,7,MARECHAL  DE LATTRE DE T,48.43015,0.08458
201500030676,31,10,15,23,5,61,397,2,1,1,7,"21, GENERAL LECLERC (RUE",48.42253,0.06554
201500030677,30,10,15,18,3,61,117,2,1,1,3,MOULIN A VENT (RUE DU),48.43605,0.05756
201500030678,27,11,15,22,5,61,1,2,2,2,3,CERISE (RUE DE),48.43498,0.10635
201500030679,3,12,15,19,5,61,143,2,1,1,3,PONT DU FRESNE (RUE DU),48.44337,0.06865
201500030680,5,12,15,4,3,61,77,1,1,5,6,PONT DU LONDEAU (RUE DU),48.45064,0.11839
201500030681,13,12,15,18,5,61,1,2,1,1,6,"33, PIERRE ET MARIE CURI",48.43513,0.10586
201500030682,18,12,15,18,5,61,117,2,1,1,2,"17, D'ALENCON",48.4359,0.04723
201500030683,25,1,15,18,5,61,397,2,3,1,1,ANDRE COUDER (RUE),48.42363,0.05543
201500030684,1,2,15,17,1,61,497,2,1,1,1,D 564,48.45677,0.1094
201500030685,9,3,15,8,1,61,6,2,1,1,7,"39, REPUBLIQUE (RUE DE L",48.74482,-0.02365
201500030686,8,4,15,15,1,61,6,2,2,1,3,"AUCUN, CORDAY (RUE CHARL",48.73972,-0.01417
201500030687,19,4,15,19,1,61,6,2,1,1,6,"5, HUGO (BOULEVARD)",48.73243,-0.02074
201500030688,16,7,15,16,1,61,6,2,3,1,6,"1, UROU (ROUTE D') N° 26",48.74465,-0.00747
201500030689,13,8,15,19,1,61,6,2,1,1,6,"2, PETITS FOSSES (RUE DE",48.74912,-0.02444
201500030690,22,8,15,14,1,61,6,1,1,1,6,GOULET (ROUTE DE),48.74488,-0.03864
201500030691,24,8,15,16,1,61,6,2,6,3,6,BEREGOVOY (RUE PIERRE) C,48.74924,-0.01422
201500030692,30,9,15,10,1,61,6,2,7,7,6,LATTRE DE TASSIGNY (PLAC,48.74262,-0.02371
201500030693,10,11,15,15,1,61,6,2,1,1,6,ALMENECHES (ROUTE D') CO,48.74083,-0.00973
201500030694,13,11,15,7,2,61,6,2,6,2,3,"AUCUN, EXPANSION (BOULEV",48.73228,-0.03551
201500030695,8,12,15,6,5,61,6,2,1,2,6,FORET NORMANDE (AVENUE D,48.74099,-0.02187
201500030696,22,12,15,17,5,61,6,2,2,2,6,"22, PASTEUR (RUE LOUIS)",48.74537,-0.0106
201500030697,1,1,15,11,1,61,6,2,3,1,3,CHAMPAGNExPETITS FOSSES,48.74907,-0.02645
201500030698,15,1,15,18,5,61,6,2,1,2,3,"10, SEES (ROUTE DE)",48.72309,-0.01195
201500030699,6,2,15,11,1,61,6,2,1,1,6,"17, CARNOT (BOULEVARD)",48.74024,-0.02467
201500030700,21,2,15,14,1,61,391,2,3,1,3,"203, HENRI VENIARD (RUE)",48.75392,-0.56647
201500030701,10,4,15,11,1,61,169,1,2,1,3,LANDES (LES),48.71846,-0.53819