Num_Acc,jour,mois,an,hr,condition_eclairage,departement,commune,condition_agglomeration,intersection,condition_atmosphere,type_collision,adresse,lattitude,longitude
201500030702,7,5,15,23,5,61,169,2,6,1,6,DOMFRONT (ROUTE DE),48.73011,-0.57912
201500030703,18,5,15,17,1,61,169,2,1,1,6,"48, RICHARD LENOIR (RUE)",48.75086,-0.57363
201500030704,23,6,15,15,1,61,169,2,3,1,6,"20, MESSEI (RUE DE)",48.74765,-0.56653
201500030705,27,7,15,16,1,61,169,2,3,1,1,"60, FOURNIERE (RUE DE LA",48.7355,-0.56731
201500030706,5,12,15,22,5,61,391,2,1,1,7,RAINETTE (RUE DE),48.75852,-0.56988
201500030707,15,12,15,8,5,61,169,2,6,2,6,"93, BOULE (RUE DE LA)",48.75284,-0.57164
201500030708,13,1,15,13,1,61,169,2,1,2,6,"33, BELFORT (RUE DE)",48.74538,-0.5664
201500030709,27,1,15,17,1,61,169,2,6,1,2,TROMPE SOURIS,48.72997,-0.57906
201500030710,3,10,15,12,1,16,90,2,6,2,1,place René Chevalier,45.59885,-0.05222
201500030711,21,10,15,9,1,16,366,1,1,1,6,,45.60573,-0.23423
201500030712,1,11,15,2,3,16,13,1,1,1,6,Les Rompies,45.62302,-0.07686
201500030713,28,11,15,11,1,16,202,1,1,1,6,Tambourinour,45.65607,-0.1719
201500030714,10,4,15,16,1,16,373,1,2,1,3,,45.97344,0.05576
201500030715,3,8,15,16,1,16,409,1,1,1,6,Fondoume,45.99692,0.06786
201500030716,30,9,15,14,1,16,136,1,1,1,5,Veillemorte,46.027,0.17703
201500030717,22,1,15,16,1,20,702,1,1,1,7,,0.0,0.0
201500030718,28,6,15,0,3,20,702,1,1,1,6,,0.0,0.0
201500030719,23,7,15,17,1,20,615,1,1,1,6,,0.0,0.0
201500030720,16,10,15,10,1,17,94,2,1,1,3,Av du Général de Gaulle,46.08077,-1.08748
201500030721,16,10,15,20,3,17,413,1,1,1,6,,46.07987,-1.04793
201500030722,25,10,15,16,1,17,194,2,3,1,3,rue du chemin vert,46.12484,-1.00818
201500030723,30,10,15,17,1,17,10,2,6,1,3,AVENUE EDMONT GRASSET,46.10753,-1.10516
201500030724,2,12,15,8,1,17,94,2,1,1,3,bld georges clemenceau,46.07089,-1.08159
201500030725,8,12,15,10,1,17,94,2,1,1,1,119 avenue d'angoulins,46.0843,-1.09312
201500030726,19,12,15,20,3,17,315,1,1,1,6,,46.13507,-0.99649
201500030727,4,2,15,19,3,60,7,1,1,1,3,,49.39337,2.38027
201500030728,23,3,15,13,1,60,234,1,1,1,1,,49.4003,2.42013
201500030729,30,4,15,14,1,60,157,1,3,2,3,,49.37608,2.4142
201500030730,23,5,15,8,1,60,34,1,1,1,3,,49.44572,2.43683
201500030731,3,7,15,18,1,60,7,2,1,1,3,Rue Philippe Courtial,49.39393,2.36927
201500030732,13,7,15,20,1,60,454,2,1,7,1,Rue du général De Gaulle,49.40592,2.32014
201500030733,14,9,15,10,1,60,157,2,1,3,1,avenue gambetta,49.38228,2.4046
201500030734,5,10,15,17,1,60,157,2,1,2,2,avenue des déportés,49.38484,2.41725
201500030735,22,11,15,3,3,60,8,1,1,2,6,,49.42378,2.42021
201500030736,5,3,15,8,2,62,99,2,1,1,3,"44, JAURES ( JEAN )",50.2634,2.78928
201500030737,7,4,15,12,1,62,41,2,1,1,6,"17, TILLEULS ( DES )",50.27487,2.78696
201500030738,3,4,15,15,1,62,41,2,6,1,3,HIPPODROME ( AVENUE DE L,50.29252,2.74117
201500030739,7,4,15,8,1,62,764,1,1,5,2,RD 917,50.31362,2.77546
201500030740,25,4,15,16,1,62,41,2,7,1,7,HEROS ( PLACE DES ),50.29099,2.77802
201500030741,10,4,15,8,1,62,41,2,1,1,6,CHURCHILL ( AVENUE WINST,50.29896,2.74445
201500030742,29,4,15,12,1,62,753,2,1,1,3,"53, BARBOT ( DU GENERAL",50.30057,2.79819
201500030743,21,4,15,9,1,62,41,2,1,1,7,"09, FRANCOIS ( RAOUL )",50.28135,2.79362
201500030744,12,5,15,20,1,62,99,2,1,1,6,"38, JAURES ( JEAN )",50.26385,2.78765
201500030745,11,5,15,1,5,62,41,2,3,1,6,"23, BAUDIMONT",50.29344,2.76689
201500030746,3,6,15,18,1,62,41,2,7,1,6,"0, VAUBAN ( BOULEVARD )",50.28639,2.76987
201500030747,6,7,15,1,5,62,41,2,1,1,6,"0, MEMORIAL DES FUSILLES",50.28469,2.75602
201500030748,3,7,15,3,3,62,753,2,1,1,6,"31, PAULHAN",50.30722,2.81114
201500030749,27,6,15,16,1,62,99,1,6,1,3,"0, CURIE ( PIERRE )",50.25532,2.78937
201500030750,18,7,15,18,1,62,263,2,1,1,7,"40, BROUSSAIS ( FRANCOIS",50.28847,2.73831
201500030751,12,7,15,18,1,62,41,2,1,1,6,NOTRE DAME DE LORETTE (,50.29855,2.768
201500030752,17,7,15,23,3,62,263,1,1,1,7,RN 25,50.26127,2.69634
201500030753,19,6,15,15,1,62,753,2,1,1,7,"17, BARBOT ( DU GENERAL",50.3004,2.80007
201500030754,23,7,15,20,1,62,41,2,2,1,3,SCHUMAN ( ROBERT ),50.29711,2.7771
201500030755,10,8,15,19,1,62,115,1,1,1,2,RN 25,50.25542,2.68513
201500030756,9,9,15,22,5,62,4,2,1,1,6,"17, SALENGRO ( ROGER )",50.28076,2.7672
201500030757,14,9,15,18,1,62,41,2,3,1,3,COURBET ( PLACE ),50.29172,2.74759
201500030758,21,9,15,22,5,62,753,2,4,2,6,DROITS DE L'HOMME ( AVEN,50.2961,2.78468
201500030759,30,8,15,11,1,62,41,2,3,1,7,"0, TAILLERIE ( DE LA )",50.29144,2.77927
201500030760,3,10,15,13,1,62,263,2,3,1,2,"19, ARRAS ( D' )",50.28227,2.72834
201500030761,8,11,15,18,5,62,41,2,1,1,3,"62, LOBBEDEZ ( AVENUE FE",50.28182,2.7803
201500030762,9,10,15,15,1,62,41,2,1,1,3,CHURCHILL ( AVENUE WINST,50.29729,2.75268
201500030763,21,11,15,16,2,62,764,2,1,3,6,RD 950,50.30866,2.79219
201500030764,8,12,15,17,5,62,753,2,3,8,3,"0, IMMERCOURT ( AVENUE D",50.29096,2.80686
201500030765,7,12,15,7,1,62,41,2,1,1,6,"0, SAINT EXUPERY ( ANTOI",50.30042,2.74566
201500030766,6,11,15,17,2,62,753,2,1,8,6,"0, GERS ( LAURENT )",50.29741,2.80338
201500030767,21,12,15,17,3,62,764,1,1,2,2,RD 917,50.30583,2.78402
201500030768,10,1,15,14,1,62,263,1,1,2,3,RN 25,50.27506,2.70783
201500030769,14,1,15,10,1,62,764,2,1,4,7,RD 950,50.30697,2.7928
201500030770,21,1,15,20,5,62,41,2,2,2,3,BLD DE STRASBOURG,50.28844,2.78068
201500030771,19,1,15,9,1,62,263,1,1,9,4,RN 25,50.2664,2.70606
201500030772,29,1,15,9,1,62,99,2,3,9,3,MITTERRAND FRANCOIS ( AV,50.25668,2.80311
201500030773,21,1,15,20,5,62,41,2,1,1,5,"27B, SCHUMAN ( ROBERT )",50.29731,2.77923
201500030774,7,2,15,17,1,62,4,2,1,1,7,BUCQUOY ( ROUTE DE ),50.27007,2.77432
201500030775,12,2,15,7,5,62,41,2,1,1,7,"06, CAMBRAI (DE)",50.28758,2.78462
201500030776,10,6,15,19,1,62,48,2,1,1,6,"309, RAOUL BRIQUET (RUE)",50.51599,2.46124
201500030777,3,8,15,11,1,62,188,1,1,1,1,ROUTE DEPARTEMENTALE 183,50.5248,2.46175
201500030778,16,8,15,21,2,62,516,1,3,1,3,CD 943,50.56879,2.48942
201500030779,18,9,15,19,1,62,516,1,1,2,3,C.D 916,50.56362,2.46376
201500030780,6,11,15,23,5,62,516,2,6,1,6,CD 943,50.57039,2.4752
201500030781,11,11,15,2,3,62,516,1,1,1,7,FERFAY - PLACE DE -,50.56026,2.47841
201500030782,19,11,15,9,1,62,48,2,1,3,7,ROUTE DEPARTEMENTALE 183,50.5125,2.47492
201500030783,24,12,15,6,5,62,48,2,1,2,1,PAIX (BOULEVARD DE LA),50.50194,2.48025
201500030784,3,1,15,17,3,62,188,1,1,2,1,CD 916,50.54166,2.45763
201500030785,10,4,15,14,1,62,65,1,1,1,5,RN 17,50.40846,2.8232
201500030786,13,4,15,0,5,62,570,2,2,1,6,"16, FOSSE 3 (AVENUE DE L",50.41844,2.88675
201500030787,24,4,15,14,1,62,65,2,7,1,6,FRANCE (BOULEVARD ANATOL,50.40052,2.83514
201500030788,3,5,15,9,1,62,724,2,1,2,7,"1, BRIQUET",50.40628,2.90775
201500030789,9,5,15,9,1,62,570,2,1,1,3,FLOHA,50.40612,2.86186
201500030790,3,6,15,17,1,62,65,2,3,1,3,MARTEL HENRI( BOULEVARD),50.39713,2.80894
201500030791,14,6,15,23,5,62,570,2,2,1,3,EGLISE (DE L'),50.41745,2.87933
201500030792,3,7,15,23,5,62,724,2,2,1,3,JOFFRE (DU MARECHAL),50.40265,2.91111
201500030793,24,8,15,19,1,62,65,2,2,1,1,THUMERELLE ACHILLE,50.40938,2.81898
201500030794,2,9,15,22,5,62,724,2,1,2,3,"6, PERI",50.39889,2.90724
201500030795,9,9,15,9,1,62,65,2,3,1,3,MARTEL HENRI( BOULEVARD),50.40391,2.81197
201500030796,26,10,15,14,1,62,65,1,1,1,5,RD 917,50.3965,2.82233
201500030797,14,11,15,5,5,62,724,2,1,1,6,D 46,50.4024,2.91386
201500030798,23,12,15,17,5,62,65,2,1,1,2,"18, DEPRET EDOUARD",50.40856,2.82519
201500030799,29,12,15,18,5,62,570,1,2,1,5,CD 40,50.3946,2.86496
201500030800,3,1,15,10,1,62,65,2,3,3,3,"39, SEMARD PIERRE",50.41437,2.84286
201500030801,9,1,15,7,2,62,65,2,1,1,7,CACHIN MARCEL,50.40138,2.8344
201500030802,14,1,15,18,5,62,65,2,1,8,6,"15, BOVE ALEXANDRE",50.41378,2.83674
201500030803,5,2,15,15,1,62,724,1,1,1,1,CD 40,50.39585,2.90718
201500030804,27,1,15,9,1,62,570,2,1,1,7,"03, MICHELET",50.4012,2.86563
201500030805,15,2,15,19,3,62,427,1,1,1,2,CD 40 E,50.39226,2.94739
201500030806,10,6,15,7,1,62,108,2,3,1,3,FRANCIS TATTEGRAIN,50.40471,1.5625
201500030807,1,12,15,11,1,62,688,2,1,2,1,CD940,50.42973,1.60511
201500030808,6,12,15,11,1,62,108,2,2,1,6,PARIS,50.40319,1.59237
201500030809,2,2,15,18,5,62,108,2,1,1,6,"76, IMPERATRICE",50.40529,1.56853
201500030810,25,3,15,11,1,62,35,2,2,1,6,"275, SAINT VENANT ( RUE",50.54184,2.62408
201500030811,20,2,15,17,1,62,119,2,1,3,1,"36, SAINT EXUPERY ( RUE",50.53093,2.62914
201500030812,2,12,15,20,5,62,119,2,6,1,7,CD 943,50.52686,2.62937
201500030813,1,1,15,18,5,62,276,2,1,1,7,"150, LENS ( ROUTE DE )",50.51277,2.8069
201500030814,11,3,15,15,1,62,863,1,1,1,6,CD 167 E2,50.52136,2.77139
201500030815,11,12,15,19,5,62,119,2,1,3,7,"743, LILLE ( RUE DE )",50.52464,2.6523
201500030816,2,4,15,10,1,62,401,1,1,1,6,CD 39,50.48579,2.78828
201500030817,19,5,15,16,1,62,119,2,1,1,6,"85, BRUYERES ( RUE DES )",50.5239,2.65683
201500030818,15,5,15,17,1,62,51,2,3,7,6,HUMBLOT IGNACE ( RUE ),50.51247,2.78424
201500030819,12,12,15,15,1,62,35,2,1,1,7,"36 A, MARTYRS ( RUE DES",50.52957,2.61834
201500030820,15,5,15,19,1,62,836,1,6,1,2,D 86,50.49741,2.60872
201500030821,24,12,15,17,5,62,119,2,1,1,6,"583, MOULIN ( BOULEVARD",50.52716,2.6342
201500030822,16,5,15,14,1,62,34,2,1,1,3,RD 941,50.50924,2.72103
201500030823,27,5,15,15,1,62,119,2,4,1,6,ZOLA ( RUE EMILE,50.527,2.63807
201500030824,22,5,15,10,1,62,119,2,6,1,6,JUIN ( RUE DU MARECHAL,50.52642,2.63055
201500030825,13,7,15,10,1,62,846,2,1,1,6,"153, NATIONALE ( ROUTE )",50.47558,2.74168
201500030826,22,7,15,10,1,62,846,2,5,1,2,REPUBLIQUE ( PLACE DE LA,50.48759,2.74578
201500030827,27,7,15,23,3,62,836,1,6,1,6,D 86,50.49745,2.60869
201500030828,3,8,15,11,1,62,119,2,3,1,3,CARLIER ( RUE ),50.53837,2.63598
201500030829,14,9,15,18,1,62,262,2,3,1,3,941 (CD),50.51339,2.75225
201500030830,26,9,15,14,1,62,119,2,2,1,3,HUGO ( RUE VICTOR ),50.53084,2.64141
201500030831,25,9,15,16,1,62,119,2,1,1,6,HALAGE ( CHEMIN ),50.53801,2.64047
201500030832,30,9,15,22,5,62,119,2,9,1,7,BERTHELOT ( RUE MARCELLI,50.53152,2.64523
201500030833,22,10,15,17,1,62,119,2,3,1,3,BRUAY ( AVENUE DE ),50.51885,2.62122
201500030834,9,10,15,23,4,62,276,2,6,1,7,LONDRES (AVENUE DE),50.52163,2.81841
201500030835,13,10,15,17,1,62,132,2,3,8,3,ROME,50.51135,2.85494
201500030836,22,10,15,17,1,62,846,2,4,1,6,"38, BRIQUET RAOUL ( RUE",50.49133,2.74519
201500030837,26,10,15,15,1,62,126,2,1,1,2,MORAT ( RUE JACQUES )PON,50.53652,2.68775
201500030838,26,10,15,19,5,62,119,2,3,1,3,HUGO ( RUE VICTOR ),50.53224,2.64114
201500030839,16,12,15,17,5,62,119,2,1,1,6,"384, BRUAY ( AVENUE DE )",50.52289,2.62758
201500030840,4,1,15,20,5,62,119,2,1,1,6,Quai du rivage,50.53448,2.64455
201500030841,14,1,15,14,1,62,278,1,1,7,3,"1, CD 72",50.49576,2.63135
201500030842,21,1,15,16,1,62,735,2,1,1,3,cd 941,50.5127,2.70118
201500030843,16,1,15,11,1,62,126,1,6,1,3,CD 941,50.51318,2.6819
201500030844,14,1,15,8,2,62,119,2,1,3,6,AIRE ( RUE D' ),50.539,2.62917
201500030845,17,1,15,16,1,62,51,2,3,1,3,ROUTE NATIONALE 41,50.51759,2.77907
201500030846,12,1,15,13,1,62,758,1,1,1,6,"157, DESVRES ( Rue de )",50.72315,1.64131
201500030847,26,2,15,7,3,62,160,2,1,2,6,"77, VIVIER (Rue du)",50.7266,1.60641
201500030848,15,1,15,21,3,62,894,2,1,3,6,RONVILLE ( Route de la ),50.78452,1.63387
201500030849,7,3,15,18,2,62,160,2,1,1,7,"101, EURVIN (Bld)",50.7235,1.61598
201500030850,19,1,15,10,1,62,893,2,1,1,6,"183, CARNOT ( Rue )",50.76175,1.60659
201500030851,9,3,15,17,1,62,667,2,2,8,3,"33, LOUCHEUR (Rue )",50.71835,1.58761
201500030852,12,3,15,16,1,62,160,2,3,1,6,BELTERRE (Rue de),50.72767,1.60753
201500030853,4,5,15,19,1,62,160,2,1,2,6,DAUNOU (Bld),50.71935,1.60872
201500030854,11,6,15,14,1,62,160,2,1,1,6,"85, BREQUERECQUE (Rue de",50.71736,1.61456
201500030855,11,6,15,17,1,62,893,2,1,1,6,BASTON ( Rue du ),50.77815,1.6184
201500030856,7,7,15,13,1,62,160,2,1,1,6,BRUIX (Rue de l'Amiral),50.72284,1.60377
201500030857,25,7,15,15,1,62,643,2,2,1,6,"4, KENNEDY ( Rue du Prés",50.7032,1.5945
201500030858,17,7,15,15,1,62,160,2,8,1,6,"51, NATIONALE (Rue)",50.72201,1.60759
201500030859,17,7,15,19,1,62,160,2,1,1,1,"49, NATIONALE (Rue)",50.7221,1.6071
201500030860,11,9,15,16,1,62,667,2,1,1,6,SAN MARTIN ( Rue du Géné,50.70974,1.58312
201500030861,13,9,15,21,5,62,758,2,2,1,1,MARLBOROUGH ( Rue de ),50.73451,1.6266
201500030862,9,10,15,15,1,62,160,1,1,1,6,"30, PILLONS (Rue du Chan",50.71872,1.61605
201500030863,25,10,15,0,5,62,893,2,6,2,7,"1, C.D. 940",50.76153,1.60654
201500030864,14,11,15,22,5,62,643,2,6,6,6,INDUSTRIEL ( Bld),50.70309,1.60909
201500030865,27,11,15,23,5,62,160,2,2,2,3,FAIDHERBE (Rue),50.72625,1.60748
201500030866,29,11,15,21,5,62,160,2,1,6,6,"24, VICTOIRES (Rue des)",50.72587,1.60263
201500030867,23,12,15,10,1,62,270,1,1,1,3,LEGAY (RUE DU DOCTEUR CH,50.47847,2.49022
201500030868,20,2,15,15,1,62,270,1,1,2,4,CD 301,50.48047,2.48546
201500030869,26,3,15,20,5,62,178,2,1,8,6,"788, LIBERATION ( AVENUE",50.49186,2.56731
201500030870,3,4,15,7,3,62,178,2,4,2,3,REPUBLIQUE ( DE LA ),50.48026,2.54378
201500030871,15,5,15,14,1,62,178,2,1,1,4,"530, ANATOLE FRANCE",50.4847,2.55725
201500030872,1,5,15,14,1,62,178,2,3,1,3,"107, SALENGRO ( ROGER )",50.474,2.54394
201500030873,4,6,15,23,4,62,270,2,3,1,3,"107, REPUBLIQUE (RUE DE",50.47925,2.47972
201500030874,6,6,15,21,1,62,178,2,1,1,2,"1115, LIBERATION ( AVENU",50.49403,2.57281
201500030875,5,7,15,1,5,62,457,2,1,1,2,BRUAY (ROUTE DE),50.46506,2.54168
201500030876,10,7,15,19,1,62,457,2,1,1,6,"48, MITRY (RUE DU GENARA",50.45828,2.55152
201500030877,18,7,15,23,5,62,178,2,1,2,3,"747, DUSSART ( LOUIS )",50.47748,2.55902
201500030878,21,8,15,16,1,62,178,2,1,1,1,"131, BLOT ( GASTON )",50.4821,2.52925
201500030879,27,8,15,19,1,62,178,2,6,1,3,DIVION ( DE ),50.4785,2.54214
201500030880,4,9,15,16,1,62,178,2,2,1,3,TERRE NEUVE,50.46924,2.55016
201500030881,9,9,15,19,1,62,178,2,3,1,7,DUSSART ( LOUIS ),50.47608,2.55776
201500030882,14,9,15,9,1,62,178,2,2,1,3,"756, REPUBLIQUE ( DE LA",50.47754,2.53508
201500030883,16,10,15,18,1,62,178,2,2,1,3,TERRE NEUVE,50.46925,2.55015
201500030884,1,11,15,18,5,62,178,1,1,1,2,"88, AMONT ( D')",50.48187,2.53722
201500030885,3,11,15,15,1,62,178,2,1,1,3,"369, CADOT ( HENRI )",50.48156,2.54982
201500030886,4,11,15,12,1,62,178,2,1,1,2,"553, REPUBLIQUE ( DE LA",50.47836,2.53783
201500030887,2,11,15,18,5,62,178,2,3,1,1,SALENGRO ( ROGER ),50.47252,2.54363
201500030888,11,11,15,22,5,62,178,2,3,1,6,CAVEE ( DE LA ),50.48666,2.54069
201500030889,4,12,15,18,5,62,400,2,3,1,3,"1054 BIS, ZOLA ( EMILE )",50.46405,2.55954
201500030890,2,12,15,16,1,62,178,2,1,1,1,"547, MARMOTTAN ( JULES )",50.48625,2.54279
201500030891,16,12,15,17,5,62,457,2,1,2,6,"426, BRIAND (RUE ARISTID",50.46659,2.553
201500030892,16,12,15,23,3,62,270,1,1,1,6,LEBACQ,50.46817,2.51181
201500030893,25,1,15,16,1,62,178,2,1,1,1,"642, DUSSART ( LOUIS )",50.47803,2.55794
201500030894,6,2,15,22,5,62,178,2,1,9,6,"180, FESTEUX ( DES )",50.48795,2.54225
201500030895,24,11,15,21,3,62,193,1,1,1,6,A216,0.0,0.0
201500030896,5,11,15,20,5,62,193,2,2,3,3,GERSCHEL (RUE A.),50.95891,1.84805
201500030897,30,6,15,17,1,62,193,2,3,1,3,ROGER SALENGRO (AVENUE),50.94517,1.82971
201500030898,29,3,15,21,3,62,193,1,1,3,6,SAINT OMER (ROUTE DE),50.93533,1.88807
201500030899,13,12,15,21,3,62,193,1,9,1,6,A216,0.0,0.0
201500030900,12,12,15,1,3,62,244,2,1,1,6,HALAGE (CHEMIN DE),50.91911,1.88864
201500030901,5,5,15,14,1,62,193,2,1,6,6,GAUGUIN (RUE P.),50.94745,1.89824
201500030902,7,5,15,21,5,62,193,1,1,1,4,A216,50.97085,1.88214
201500030903,4,4,15,1,5,62,193,2,2,1,3,EGALITE (BOULEVARD DE L',50.94591,1.87908
201500030904,23,6,15,10,1,62,774,2,1,1,2,Route Départementale 940,50.95889,1.82661
201500030905,2,12,15,7,5,62,193,2,1,1,6,COUBERTIN (AVENUE PIERRE,50.95342,1.83882
201500030906,3,7,15,18,1,62,244,2,2,1,3,GUINES (ROUTE DE),50.91268,1.87418
201500030907,11,8,15,0,5,62,193,2,1,1,6,PLINE,50.95431,1.87336
201500030908,16,12,15,17,3,62,193,2,1,1,6,GARENNES (RUE DES),50.96464,1.87929
201500030909,22,5,15,12,1,62,193,2,2,1,3,ST EXUPERY (AVENUE),50.94642,1.89778
201500030910,5,6,15,18,1,62,193,2,2,1,3,VINGT NEUF JUILLET (RUE,50.94307,1.8477
201500030911,9,8,15,11,1,62,193,2,3,1,3,Rue CHENIER,50.93894,1.87314
201500030912,23,7,15,16,1,62,193,2,7,1,2,NORVEGE (PLACE DE),50.95677,1.85687
201500030913,8,8,15,15,1,62,774,1,1,1,1,R.D.940,50.93396,1.72464
201500030914,27,10,15,0,5,62,244,1,1,1,6,SAINT-OMER (ROUTE DE),50.91519,1.92001
201500030915,8,10,15,20,5,62,193,2,1,1,6,LILLE (RUE DE),50.93783,1.85954
201500030916,26,11,15,14,1,62,193,2,1,1,2,TOUMANIANTZ (AVENUE),50.95282,1.88478
201500030917,13,10,15,7,1,62,193,2,1,3,1,BEAU MARAIS (rue du),50.94492,1.9108
201500030918,11,12,15,5,3,62,193,2,2,9,2,JACQUARD (BOULEVARD),50.95169,1.85344
201500030919,22,1,15,12,1,62,193,2,2,1,3,BEAU MARAIS (rue du),50.94415,1.89823
201500030920,31,1,15,17,1,62,193,1,1,1,6,A216,0.0,0.0
201500030921,2,2,15,8,1,62,548,2,1,1,6,avenue de Calais,50.94745,1.93644
201500030922,2,2,15,9,1,62,193,2,1,9,6,"128, VICTOR HUGO (BOULEV",50.94283,1.8724
201500030923,23,2,15,18,2,62,193,2,2,2,3,BEAU MARAIS (rue du),50.94372,1.88768
201500030924,2,1,15,10,1,62,215,2,2,1,3,"SANS, JAURES (PL. JEAN)",50.49351,2.95714
201500030925,15,1,15,8,2,62,637,2,1,8,6,"SANS, LAGRANGE (R LEO)",50.46694,2.99707
201500030926,7,2,15,15,1,62,215,2,2,1,3,"SANS, REPUBLIQUE (AV. DE",50.49234,2.96392
201500030927,17,1,15,10,1,62,33,2,1,1,6,"SANS, MATTEI (R JOSEPH)",50.45968,2.88326
201500030928,21,1,15,8,1,62,624,2,2,1,3,"0, REPUBLIQUE (AVE DE LA",50.41633,2.97704
201500030929,9,2,15,20,5,62,249,1,2,1,3,FERRY (R JULES),50.40778,3.01117
201500030930,8,2,15,21,3,62,351,1,1,9,1,"SANS, BEUGNET (R CASIMIR",50.43627,2.92423
201500030931,6,2,15,11,1,62,351,2,6,1,3,"0, OUSSEKINE (R MALIK)",50.42741,2.92054
201500030932,5,12,15,19,5,62,573,2,1,1,6,"82, GUESDE (R JULES)",50.49738,2.88703
201500030933,17,12,15,16,2,62,427,2,1,1,3,"74, HARNES (R D')",50.42532,2.94295
201500030934,22,2,15,19,2,62,186,2,1,1,3,"., ALSACE (BD D')",50.44188,2.73293
201500030935,1,11,15,17,2,62,274,2,1,1,6,"2, HOCHE (R )",50.43213,2.98994
201500030936,20,12,15,18,2,62,427,1,9,1,6,"454, PERI (BD GABRIEL)",50.4196,2.93836
201500030937,31,12,15,17,5,62,427,2,1,1,6,"SANS, SCHWEITZER ALBERT",50.41641,2.97688
201500030938,27,2,15,13,1,62,274,2,1,1,1,COURRIERES (rte de),50.43102,2.95435
201500030939,9,10,15,12,1,62,624,2,1,1,6,"22, FERRY (R JULES)",50.42025,2.99705
201500030940,27,2,15,18,2,62,250,2,1,1,2,"SANS, HENIN (RTE D')",50.44885,2.94397
201500030941,23,12,15,18,1,62,510,2,1,1,7,"., HUGO (R VICTOR)",50.41666,2.76666
201500030942,18,2,15,8,2,62,907,2,2,5,6,"SANS, LEBLANC (R JULES)",50.48536,3.01477
201500030943,25,11,15,17,1,62,186,2,1,1,7,"sans, MARCHE (R FERNAND)",50.26,2.42
201500030944,14,3,15,9,1,62,624,2,1,1,3,"SANS, CENTRE COMMERCIAL",50.41142,2.97904
201500030945,21,11,15,17,1,62,186,2,1,3,7,"58, BRASME (R FRANCOIS)",50.43333,2.71666
201500030946,3,3,15,21,5,62,510,2,1,1,5,"., DELEBECQUE (R GERMAIN",50.43446,2.77181
201500030947,12,3,15,21,5,62,523,2,1,1,3,"122, SPAS (R)",50.45299,2.85056
201500030948,23,3,15,17,1,62,842,2,2,1,1,"sans, NOBEL (R ALFRED)",50.45723,2.83308
201500030949,12,4,15,20,2,62,386,2,1,1,1,"., LAMENDIN (R ARTHUR)",50.45596,2.74444
201500030950,7,3,15,6,1,62,351,2,9,1,1,"0, SALENGRO (R ROGER)",50.41982,2.89587
201500030951,10,4,15,20,1,62,186,2,1,1,3,"., SALENGRO (R ROGER)",50.44519,2.72504
201500030952,4,3,15,16,1,62,413,2,1,1,6,"1, FOSSE (AV. DE LA)",50.44481,2.88068
201500030953,11,11,15,15,1,62,510,2,1,1,1,"., DELEBECQUE (R GERMAIN",50.43286,2.77233
201500030954,8,4,15,15,1,62,215,2,3,1,3,"SANS, ANNOEULLIN (ROUTE",50.50672,2.94871
201500030955,17,3,15,16,1,62,249,2,1,1,6,"10, PRESSENCE (R FRANCIS",50.41718,3.01818
201500030956,13,4,15,12,1,62,624,2,1,1,6,"SANS, PASTEUR (R )",50.42244,2.99326
201500030957,5,12,15,8,1,62,510,1,1,1,6,"52, HUGO (R VICTOR)",50.4193,2.78061
201500030958,22,3,15,3,5,62,427,2,1,8,6,COURRIERES (RTE DE,50.43758,2.94831
201500030959,11,10,15,16,1,62,498,2,6,1,2,"sans, ARRAS (RTE  D')",50.42036,2.82018
201500030960,4,5,15,20,1,62,628,2,2,2,3,"SANS, CARVIN (R DE)",50.42862,2.87703
201500030961,26,4,15,13,1,62,427,2,1,1,3,"114, PASTEUR (R )",50.41805,2.94696
201500030962,5,5,15,21,2,62,771,2,1,1,6,"10, LAMENDIN (R ARTHUR)",50.42132,2.85669
201500030963,3,4,15,21,2,62,624,1,9,1,3,"46, CENTRE COMMERCIAL AU",50.41124,2.97886
201500030964,17,5,15,13,1,62,250,1,3,1,3,"SANS, OIGNIES (RTE D')",50.46413,2.96633
201500030965,30,4,15,10,1,62,624,2,1,1,2,"09, BRETON (R)",50.42589,2.99624