Num_Acc,jour,mois,an,hr,condition_eclairage,departement,commune,condition_agglomeration,intersection,condition_atmosphere,type_collision,adresse,lattitude,longitude
201500030966,21,5,15,13,1,62,510,2,1,1,3,"0, LIBERTE (R DE LA)",50.43785,2.77497
201500030967,2,5,15,15,1,62,510,2,1,1,2,"0, TASSIGNY (R DU MAL. D",50.41554,2.76476
201500030968,25,4,15,9,1,62,624,1,9,1,3,"43, CENTRE COMMERCIAL AU",50.41124,2.97889
201500030969,24,4,15,11,1,62,133,2,9,1,3,"00, ROUVROY (R DE)",50.41109,2.9112
201500030970,5,6,15,11,1,62,624,2,1,1,2,"00, REPUBLIQUE (AVE DE L",50.4116,2.99608
201500030971,12,3,15,10,1,62,249,2,1,1,6,"SANS, ZOLA (Rue EMILE)",50.42011,3.0153
201500030972,13,5,15,12,1,62,413,2,1,1,6,"27, DRUON (R SAINT )",50.44888,2.91216
201500030973,11,6,15,8,1,62,895,2,1,1,6,ROLLAND (R ROMAIN),50.49647,2.86403
201500030974,12,6,15,16,1,62,510,2,1,1,3,"., LECLERC (AV DU MARECH",50.42302,2.76241
201500030975,30,5,15,11,1,62,186,2,1,1,7,"1, RHIN ET DANUBE (R )",50.45559,2.71743
201500030976,7,6,15,18,1,62,19,1,1,1,4,RD 301,50.43475,2.70744
201500030977,13,6,15,12,1,62,510,2,1,1,7,"., COURTIN (R FRANCOIS)",50.42198,2.77824
201500030978,29,5,15,11,1,62,498,2,2,1,3,MICHEL (R LOUISE,50.44984,2.8181
201500030979,16,6,15,14,1,62,498,2,1,1,6,"11, ARTISANAT (R DE L')",50.44076,2.80563
201500030980,13,6,15,13,1,62,907,2,3,1,5,"408, EPINOY (CITE DU BOI",50.48623,2.99606
201500030981,29,6,15,21,1,62,498,2,2,1,1,"sans, OEILLETS (R DES)",50.43782,2.80481
201500030982,27,6,15,19,1,62,215,1,1,1,5,"8, LENS (RTE DE)",50.47561,2.92442
201500030983,16,6,15,10,1,62,215,2,4,1,6,"871, COURRIERES (RTE DE)",50.47234,2.94073
201500030984,9,4,15,17,1,62,427,2,6,1,1,"37, PRUVOST (R LEON)",50.42158,2.95588
201500030985,22,6,15,9,1,62,427,2,1,1,1,"SANS, LEGRAND (R OCTAVE",50.42477,2.95432
201500030986,28,6,15,22,5,62,771,2,1,1,3,"28, SEVERINE (R)",50.42207,2.85393
201500030987,16,7,15,20,1,62,498,2,2,1,3,"sans, VOLTAIRE (R)",50.42753,2.83573
201500030988,18,7,15,11,1,62,427,2,6,1,3,"SANS, PERI (BD GABRIEL)",50.41949,2.94453
201500030989,9,7,15,9,1,62,133,2,1,1,2,"sans, REPUBLIQUE (AV. DE",50.4198,2.91396
201500030990,11,7,15,8,1,62,510,2,1,1,7,"153, DEFERNEZ (R JEAN BA",50.42135,2.77887
201500030991,23,7,15,14,1,62,498,2,1,1,6,"44, ARRAS (RTE  D')",50.42388,2.82024
201500030992,13,6,15,14,1,62,771,2,4,1,1,"., FER (R DU CHEMIN DE)",50.41597,2.87648
201500030993,26,6,15,21,1,62,510,2,1,1,3,"153, DEFERNEZ (R JEAN BA",50.42137,2.7789
201500030994,21,6,15,19,1,62,895,2,1,1,6,"148, LAMPIS (R RAYMOND)",50.48502,2.85174
201500030995,20,5,15,20,1,62,321,2,2,1,3,"SANS, JAURES (R JEAN )",50.4324,3.04308
201500030996,16,7,15,11,1,62,133,2,3,1,6,"10, FUSILLES (R )",50.41572,2.91247
201500030997,1,8,15,5,2,62,528,1,1,1,1,"., BETHUNE (RTE DE)",50.45874,2.7734
201500030998,4,8,15,11,1,62,510,2,1,1,7,"0, DEFERNEZ (R JEAN BAPT",50.42098,2.77778
201500030999,14,7,15,0,3,62,351,1,1,1,6,PENETRANTE ROCADE,50.43332,2.92189
201500031000,23,6,15,19,1,62,528,2,1,1,7,BLUM (R LEON),50.4471,2.78855
201500031001,18,8,15,18,1,62,842,1,1,2,6,ZONE COMMERCIALE CORA LE,50.4616,2.82505
201500031002,9,8,15,11,1,62,215,1,1,1,3,ENNECOURT (CH D'),50.49249,2.98615
201500031003,9,8,15,16,1,62,33,2,1,1,6,"91, DEMEESTER (R DESPREZ",50.45374,2.87346
201500031004,15,8,15,13,1,62,250,2,2,1,3,"SANS, JAURES (R JEAN)",50.45756,2.94688
201500031005,1,8,15,21,1,62,523,2,1,1,7,"sans, LILLE (RTE DE)",50.44554,2.86002
201500031006,25,8,15,11,1,62,771,2,3,1,3,VAILLANT (R EDOUARD),50.41974,2.87262
201500031007,27,8,15,15,1,62,680,2,1,3,7,"SANS, BEAUMONT (R DE )",50.37737,2.97616
201500031008,30,6,15,13,1,62,427,2,9,1,6,"0, BRANDT(BD Willy)",50.42428,2.94908
201500031009,4,7,15,4,5,62,427,2,1,1,6,DELORY (R GUSTAVE ),50.40397,2.94005
201500031010,15,7,15,15,1,62,133,2,9,1,6,"129, REPUBLIQUE (AV. DE",50.41989,2.91096
201500031011,5,9,15,14,1,62,427,1,9,1,4,"0, THOMAS (BD EUGENE )",50.39559,2.97319
201500031012,3,8,15,19,1,62,510,2,1,1,7,"., DESCARTES (R )",50.41415,2.76988
201500031013,23,8,15,2,5,62,427,2,1,1,6,"185, rue LAENNEC (Docteu",50.43215,2.94594
201500031014,30,6,15,18,1,62,427,2,1,1,6,THOMAS (BD EUGENE ),50.39916,2.96818
201500031015,18,8,15,18,1,62,413,1,1,1,6,"SANS, VERMELLES (CHE. DE",50.44901,2.89551
201500031016,23,7,15,20,1,62,895,2,1,1,3,"58, COUPIGNIES (R DE LA)",50.49443,2.84474
201500031017,16,5,15,17,1,62,498,2,1,1,2,"178, BETHUNE (RTE DE)",50.43635,2.81559
201500031018,22,9,15,14,1,62,528,2,1,2,3,"35, BETHUNE (RTE DE)",50.44583,2.79668
201500031019,2,10,15,18,2,62,186,2,1,1,3,"., SAGNOL (R MACEL)",50.4422,2.71196
201500031020,18,7,15,13,1,62,427,2,1,1,6,"212, MONTPENCHER (R)",50.42224,2.94801
201500031021,7,10,15,21,5,62,427,2,4,1,1,NATIONS (BD. DES),50.42862,2.94146
201500031022,19,10,15,13,1,62,587,1,9,1,3,"0, CD 46",50.43133,2.92205
201500031023,26,9,15,11,1,62,624,2,1,1,6,"12, MUSSET (R)",50.42279,2.99929
201500031024,20,8,15,14,1,62,133,2,1,1,2,"129, REPUBLIQUE (AV. DE",50.41988,2.91114
201500031025,5,10,15,19,3,62,842,1,1,2,4,"sans, RN 47",50.46279,2.83096
201500031026,11,9,15,17,1,62,427,2,1,1,6,"372, PERI (BD GABRIEL)",50.41957,2.93947
201500031027,9,9,15,9,1,62,510,2,1,1,2,"12, TASSIGNY (R DU MAL.",50.41409,2.76251
201500031028,13,9,15,15,1,62,510,1,1,2,2,CD 58,50.42167,2.76478
201500031029,2,10,15,17,1,62,413,2,2,1,6,FUSILLES (R DES),50.44716,2.9112
201500031030,29,9,15,9,1,62,498,2,1,1,6,"sana, JAURES (PL. JEAN)",50.42926,2.83212
201500031031,29,10,15,17,2,62,498,2,2,1,1,MICHEL (R LOUISE),50.44983,2.81808
201500031032,2,10,15,20,2,62,510,2,1,1,6,"., COURTIN (R FRANCOIS)",50.42218,2.7781
201500031033,22,10,15,17,1,62,563,2,2,1,3,"., RHONE (BD DU)",50.45915,2.72423
201500031034,17,11,15,22,5,62,413,2,2,1,3,"90, FUSILLES (R DES)",50.44526,2.90754
201500031035,3,10,15,19,2,62,427,2,1,1,6,"909, BLUM (R LEON)",50.43013,2.94669
201500031036,27,9,15,17,1,62,464,2,1,1,1,"21 bis, SALENGRO (R ROGE",50.48859,2.80892
201500031037,1,12,15,10,1,62,215,2,2,1,3,COURRIERES (RTE DE),50.47428,2.94028
201500031038,4,12,15,11,1,62,215,2,2,1,3,RN 17,50.47297,2.91889
201500031039,26,10,15,15,1,62,510,2,1,1,7,LECLERC (bld DU MARECHAL,50.42244,2.77589
201500031040,8,10,15,17,1,62,498,2,9,1,6,"24, GARE (R DE LA)",50.42783,2.83205
201500031041,16,11,15,17,2,62,427,2,1,3,6,"SANS, THOMAS (BD EUGENE",50.39513,2.97284
201500031042,3,12,15,13,1,62,427,2,1,1,6,"00, FALLIERES (BD)",50.4224,2.95995
201500031043,7,11,15,19,2,62,497,2,1,1,6,"05, SALENGRO (PL. ROGER)",50.43808,3.06179
201500031044,12,12,15,13,1,62,215,2,2,2,3,"SANS, OIGNIES (RTE D')",50.4789,2.96839
201500031045,2,10,15,21,5,62,510,2,1,1,3,"., DELEBECQUE (R GERMAIN",50.43333,2.76666
201500031046,17,1,15,8,2,62,895,2,1,2,7,"sans, RN 47",50.48498,2.83635
201500031047,29,1,15,8,2,62,842,1,1,2,3,"SANS, WINGLES (RTE DE)",50.47982,2.858
201500031048,11,1,15,17,1,62,19,2,1,1,7,"., ARRAS (RTE D')",50.42695,2.71039
201500031049,28,1,15,18,2,62,510,1,1,1,2,"., CD58",50.42656,2.75882
201500031050,9,2,15,7,2,62,19,2,1,1,7,"., ARRAS (RTE D')",50.42696,2.71039
201500031051,3,2,15,20,2,62,186,2,1,1,6,"., BEUGNET (R CASIMIR)",50.44993,2.71972
201500031052,11,2,15,23,3,62,186,1,1,1,7,"., SCHWEITZER ( R DU DOC",50.44799,2.70343
201500031053,29,1,15,13,1,62,186,2,1,1,3,"., BEUGNET (R CASIMIR)",50.44993,2.71971
201500031054,6,4,15,8,1,62,555,2,1,1,6,"38, PASTEUR ( RUE LOUIS",50.50247,2.50739
201500031055,1,5,15,17,1,62,224,1,1,1,1,RD 943,50.54337,2.54812
201500031056,6,6,15,19,1,62,224,2,1,1,6,"273, LILLERS (RUE DE)",50.54061,2.56611
201500031057,10,9,15,8,1,62,23,1,1,5,2,LILLERS (RUE DE),50.53227,2.49581
201500031058,4,12,15,17,3,62,224,1,1,1,5,RD 943,50.54315,2.5497
201500031059,9,12,15,12,1,62,197,1,1,1,1,,50.47297,2.43909
201500031060,15,1,15,8,2,62,555,2,1,3,6,GAMBETTA (RUE LEON ),50.49989,2.49139
201500031061,6,2,15,20,5,62,194,2,1,1,6,KATOWICE ( RUE DE ),50.48443,2.48704
201500031062,9,3,15,16,1,62,617,2,1,1,6,"380, DROUVIN (RUE DE)",50.48293,2.65712
201500031063,24,5,15,1,3,62,83,1,1,1,6,NOEUX (ROUTE DE) ou CD 1,50.46336,2.62675
201500031064,20,5,15,18,1,62,737,2,3,1,3,"1, MUSSET (RUE ALFRED)",50.44651,2.6937
201500031065,28,6,15,22,2,62,540,1,1,1,7,D 72,50.44982,2.57175
201500031066,7,8,15,7,1,62,617,2,1,1,6,"132, BLUM (RUE LEON)",50.47876,2.67244
201500031067,11,9,15,13,1,62,727,1,1,1,3,D 188,50.46977,2.59865
201500031068,18,8,15,17,1,62,617,2,1,2,2,"136, ROUTE NATIONALE (CD",50.48045,2.66298
201500031069,7,12,15,17,2,62,540,1,1,1,6,D 941,50.46956,2.58382
201500031070,9,12,15,18,5,62,617,2,1,1,6,"138 BIS, BLUM (RUE LEON)",50.47811,2.67536
201500031071,11,11,15,4,3,62,727,1,6,1,3,D 941,50.47381,2.59024
201500031072,4,11,15,7,5,62,737,2,1,1,6,"201, NATIONALE (ROUTE) C",50.44992,2.68827
201500031073,17,12,15,13,1,62,83,1,1,1,1,NOEUX (ROUTE DE),50.46712,2.63353
201500031074,10,6,15,14,1,62,902,2,1,1,6,"21, MITTERAND (RUE FRANC",50.71205,2.2321
201500031075,27,8,15,14,1,62,139,1,6,1,6,CD 77,50.71493,2.29868
201500031076,2,9,15,17,1,62,765,2,9,1,6,"7, ST SEPULCRE (RUE....",50.75182,2.25446
201500031077,17,11,15,7,2,62,525,1,1,1,6,REMBRANDT (RUE......)COT,50.74291,2.27179
201500031078,1,12,15,17,3,62,40,1,1,1,4,D942,50.71436,2.30783
201500031079,7,12,15,17,2,62,765,2,7,1,6,PERPIGNAN (PLACE.....),50.74698,2.26203
201500031080,11,12,15,19,5,62,525,2,1,2,6,BLUM (AVE LEON....N°53),50.74017,2.27628
201500031081,6,1,15,11,1,62,765,2,6,1,6,ONZE NOVEMBRE (PLACE DU.,50.74387,2.26173
201500031082,12,1,15,8,2,62,139,2,1,1,6,"41, JAURES (RUE JEAN....",50.71616,2.27832
201500031083,8,2,15,13,1,62,765,2,1,1,1,"133, SAINT-OMER (ROUTE D",50.76356,2.29314
201500031084,10,4,15,19,1,62,40,1,2,1,3,RD 942,50.71827,2.32586
201500031085,18,5,15,15,1,62,40,2,1,1,3,"104, DE GAULLE (AVE CHAR",50.73061,2.30143
201500031086,27,2,15,16,1,62,826,2,1,1,6,"37, ATLANTIQUE (AVENUE D",50.51665,1.58474
201500031087,3,5,15,19,1,62,826,2,3,1,7,PAIX (AVENUE DE LA),50.52027,1.59048
201500031088,11,6,15,17,1,62,826,2,2,1,3,JOSEPH DUBOC (RUE),50.52495,1.58964
201500031089,9,6,15,15,1,62,826,2,1,1,3,"105, DR JULES POUGET (BO",50.52131,1.58037
201500031090,18,6,15,4,3,62,826,2,1,2,6,FRANCOIS GODIN (AVENUE),50.49958,1.59146
201500031091,26,6,15,14,1,62,826,2,1,1,2,SAINT JEAN (AVENUE),50.52222,1.59006
201500031092,14,7,15,4,3,62,826,1,1,2,6,FRANCOIS GODIN (AVENUE),50.49225,1.60095
201500031093,14,8,15,19,1,62,826,2,1,1,6,"33, JEAN MONNET (RUE)",50.52043,1.5843
201500031094,12,9,15,15,1,62,826,2,2,1,3,"1, ATLANTIQUE (AVENUE DE",50.51716,1.58019
201500031095,12,9,15,14,1,62,826,2,1,1,7,"1, ANGLAIS (AVENUE DES)",50.51137,1.5949
201500031096,11,11,15,11,1,62,826,2,6,1,3,ATLANTIQUE (AVENUE DE L',50.51661,1.58498
201500031097,17,1,15,4,5,62,318,2,1,9,6,"1, PAQUERETTES (ALLEE DE",50.52321,1.64749
201500031098,16,3,15,10,1,63,113,2,3,1,3,".1, LAFAYETTE (BD)",45.77357,3.09001
201500031099,29,3,15,18,1,63,113,2,1,1,6,"94, MICHELIN (AVENUE EDO",45.7806,3.11056
201500031100,2,4,15,23,5,63,113,2,1,1,7,"65, TRUDAINE (BD)",45.77957,3.09072
201500031101,18,3,15,18,1,63,113,2,1,1,7,"20, CHATEAU DES VERGNES",45.81342,3.12911
201500031102,7,4,15,10,1,63,75,2,2,1,6,"28, BERTHELOT (bd)",45.77843,3.07221
201500031103,11,4,15,22,5,63,70,2,1,1,6,"61, MARROU (AVENUE JEAN-",45.73948,3.05982
201500031104,29,4,15,14,1,63,75,2,1,1,6,"13 BIS, ROYAT (AVENUE DE",45.77604,3.07017
201500031105,12,5,15,10,1,63,113,1,1,1,2,"80, ESTIENNE (RUE PIERRE",45.77046,3.12904
201500031106,17,5,15,17,1,63,113,2,1,1,6,CUGNOT (RUE NICOLAS-JOSE,45.78304,3.12286
201500031107,10,5,15,14,1,63,113,2,2,1,5,"., CLEMENTEL (BD ETIENNE",45.7999,3.11238
201500031108,6,3,15,9,1,63,75,2,1,1,6,"49, THERMES (AVENUE DES)",45.77147,3.06259
201500031109,6,6,15,1,5,63,113,2,2,1,3,"1, CHANDIOTS (RUE DES)",45.7893,3.11676
201500031110,8,5,15,10,1,63,113,2,1,2,3,"01, MOULIN (BD JEAN)",0.0,0.0
201500031111,27,5,15,12,1,63,113,2,2,1,3,"1, DOLET (RUE ETIENNE)",45.76841,3.08654
201500031112,8,6,15,15,1,63,113,2,2,1,3,"., BARBIER DAUBREE (AVEN",45.7884,3.0955
201500031113,29,5,15,8,1,63,113,2,9,1,3,"7, CHANCROLE (RUE DE)",45.81678,3.10771
201500031114,3,6,15,7,1,63,113,2,1,1,6,CRISTAL (AVENUE ERNEST),45.75906,3.14419
201500031115,23,6,15,7,1,63,113,1,1,1,3,PUY DE DOME (AVENUE DU),45.78604,3.06421
201500031116,6,7,15,20,2,63,113,2,2,1,3,"., COTE BLATIN (BD)",45.77316,3.09514
201500031117,23,5,15,5,5,63,113,2,1,1,1,"., CLAUDIUS (CHAUSSEE)",45.7845,3.09881
201500031118,8,8,15,22,5,63,113,2,2,8,3,"., DUCLAUX (BD)",45.77633,3.0732
201500031119,9,7,15,14,1,63,113,2,1,1,6,DUMAS (BD J.BAPTISTE),0.0,0.0
201500031120,5,8,15,15,1,63,113,2,1,1,3,REPUBLIQUE (AVENUE DE LA,45.7874,3.10519
201500031121,3,9,15,20,5,63,113,2,3,1,3,"., COTE BLATIN (BD)",45.7694,3.09094
201500031122,9,9,15,8,1,63,113,1,2,1,3,BARBIER DAUBREE (AVENUE),45.78788,3.0943
201500031123,25,9,15,16,1,63,113,2,2,1,6,"1, LAVOISIERS (BD)",45.784,3.0761
201500031124,27,7,15,11,1,63,113,2,1,1,6,"1, ITALIE (AVENUE DE L')",45.78201,3.09544
201500031125,16,8,15,11,1,63,113,2,1,1,3,CLEMENTEL (BD ETIENNE),45.8017,3.111
201500031126,19,9,15,21,5,63,113,2,2,1,3,MOULIN (BD JEAN),45.77295,3.12092
201500031127,14,10,15,15,1,63,14,2,2,1,6,GREVENMACHER (RUE DE),45.75201,3.11808
201500031128,1,10,15,15,1,63,113,2,3,1,6,COTE BLATIN (BD),45.7709,3.0927
201500031129,10,10,15,22,5,63,113,2,2,1,6,REPUBLIQUE (AVENUE DE LA,45.7875,3.1057
201500031130,3,11,15,19,5,63,113,2,1,1,1,"106, LAFAYETTE (BD)",45.77,3.1018
201500031131,18,10,15,20,5,63,113,2,1,1,1,"., CROUZET (CHEMIN DU)",0.0,0.0
201500031132,18,11,15,14,1,63,113,2,3,1,1,confiance /rouvier,45.8065,3.113
201500031133,28,10,15,7,1,63,113,1,1,8,3,"113, FONTGIEVE (RUE)",45.782,3.0731
201500031134,11,9,15,16,1,63,75,2,1,1,3,CLAUSSAT (AVENUE JOSEPH),0.0,0.0
201500031135,7,11,15,20,5,63,113,2,1,1,6,"1, CHATEAUDUN (RUE DE)",0.0,0.0
201500031136,6,11,15,14,1,63,113,2,6,1,2,"., RECLUS (AVENUE ELISEE",0.0,0.0
201500031137,14,9,15,12,1,63,14,2,2,1,6,CURABET (RUE JEAN),45.7518,3.1179
201500031138,4,12,15,16,1,63,113,2,3,1,6,"6, BOUSQUET (RUE DR)",45.80179,3.1102
201500031139,14,9,15,14,1,63,113,2,1,1,6,ORADOU (RUE DE L'),45.765,3.1232
201500031140,20,11,15,14,1,63,113,1,2,1,3,confiance/verlaine,45.8035,3.1123
201500031141,20,11,15,23,5,63,113,2,3,1,3,"., CLOS FOUR (RUE DU)",45.788,3.1008
201500031142,16,9,15,15,1,63,113,2,1,1,2,"., POURCHON (BD MAURICE)",0.0,0.0
201500031143,16,12,15,21,1,63,113,2,2,1,3,SABLON (COURS),45.77356,3.09002
201500031144,7,1,15,17,2,63,113,2,1,1,6,"9, JAURES (BD JEAN)",45.76798,3.08633
201500031145,14,1,15,18,5,63,14,2,1,8,6,"39, NOELLET (AVENUE JEAN",45.75565,3.10397
201500031146,17,1,15,7,5,63,14,2,1,8,1,"1, COURNON (AVENUE DE)",0.0,0.0
201500031147,16,1,15,8,1,63,113,2,1,1,6,BESSET (RUE PIERRE),45.78156,3.07646
201500031148,23,1,15,13,1,63,113,2,1,1,7,"24, BLATIN (RUE)",45.77688,3.07912
201500031149,23,1,15,19,5,63,113,2,1,1,6,"16, MOINIER (RUE ANDRE)",45.78046,3.0839
201500031150,9,2,15,14,1,63,113,2,4,1,6,SAINT ROBERT (RUE),45.79138,3.11632
201500031151,12,2,15,10,1,63,113,2,2,1,6,GUYNEMER (RUE),45.78074,3.10921
201500031152,22,2,15,17,1,63,113,2,1,1,6,"43, PLANCHETTES (RUE DES",45.7991,3.1074
201500031153,5,2,15,11,1,63,113,2,1,1,6,"99, REPUBLIQUE (AVENUE D",45.78582,3.10238
201500031154,4,3,15,15,1,63,113,2,3,1,6,PUY DE DOME (AVENUE DU),45.76426,3.09816
201500031155,10,3,15,22,5,63,113,2,1,1,6,PUY DE DOME (AVENUE DU),45.78732,3.06317
201500031156,12,3,15,17,1,63,14,1,1,1,3,PAPIN (RUE DENIS),45.75181,3.13719
201500031157,3,12,15,16,1,63,124,1,1,1,2,CHEMIN DE BEAULIEU,45.7557,3.15546
201500031158,14,6,15,15,1,63,69,2,1,8,3,"1 A, HORTENSIAS (RUE DES",45.72639,3.18939
201500031159,22,12,15,15,1,63,69,2,1,7,6,MERMOZ (RUE JEAN),45.72826,3.18584
201500031160,3,7,15,18,1,63,193,2,4,1,3,RD 766,45.77789,3.20047
201500031161,1,7,15,7,1,63,124,2,1,1,6,"5, DOMES (AVENUE DES)",45.7315,3.1922
201500031162,4,8,15,20,1,63,272,1,1,1,6,REPUBLIQUE (AVENUE DE),45.73844,3.14075
201500031163,5,11,15,18,5,63,124,2,2,1,3,PONT (AVENUE DU),45.73533,3.20578
201500031164,27,11,15,17,2,63,193,2,1,1,2,"3, TREILLE (RUE DE LA)",0.0,0.0
201500031165,1,2,15,10,1,63,124,2,1,8,6,CLEMENCEAU (AV. GEORGES),45.73187,3.19508
201500031166,19,2,15,14,1,63,124,2,1,1,3,LIBERATION (AV. DE LA),45.7288,3.19024
201500031167,17,4,15,12,1,63,164,2,3,1,6,GUESDE (RUE JULES),45.82252,3.14205
201500031168,16,5,15,11,1,63,164,2,1,1,6,SOUS LES ORS (RUE),45.82917,3.15131
201500031169,26,5,15,17,1,63,164,2,1,1,3,CHARRIER (RUE FRANCOIS),45.8264,3.14796
201500031170,2,9,15,8,1,63,19,2,1,1,6,"30, PASTEUR (RUE)",45.79443,3.16375
201500031171,4,10,15,11,1,63,164,2,9,1,3,Rond point de COURLANDE,45.8419,3.1577
201500031172,11,11,15,17,1,63,63,2,1,1,2,"30, MOULIN (BD JEAN)",45.8312,3.1052
201500031173,14,11,15,16,1,63,19,2,9,1,6,HLM LES CHAPELLES,45.7984,3.1678
201500031174,17,11,15,16,1,63,164,2,3,1,3,"7, MITTERRAND ( Avenue F",45.8367,3.1583
201500031175,19,11,15,19,1,63,63,2,3,1,3,"34, CHANAUD (RUE DE LA)",45.8222,3.1025
201500031176,11,12,15,17,2,63,63,2,1,1,6,"34, BLANZAT (RUE DE)",45.83148,3.09181
201500031177,14,1,15,4,4,63,63,2,1,1,6,17 av de la République,45.82847,3.10176
201500031178,27,3,15,11,1,63,164,2,3,1,3,BONNET-TIXIER (RUE),45.82519,3.14136
201500031179,23,4,15,10,1,63,300,1,1,1,1,,0.0,0.0
201500031180,14,5,15,3,5,63,300,1,6,1,6,rd-pt A71,0.0,0.0
201500031181,22,5,15,6,2,63,300,1,1,1,1,ROCADE RD 446,45.90781,3.12069
201500031182,13,6,15,10,1,63,300,2,2,1,3,CHABRIER EMMANUEL (RUE),45.885,3.1044
201500031183,16,7,15,16,1,63,300,2,2,1,1,MARCONNET ANTONIN (RUE),45.88377,3.09516
201500031184,9,8,15,19,1,63,300,2,2,1,3,STADE (AVENUE DU),45.886,3.12021
201500031185,29,8,15,18,1,63,103,1,2,7,3,RD 227,0.0,0.0
201500031186,2,10,15,18,1,63,300,2,2,3,6,"8, VIRLOGEUX (AVENUE)",45.89023,3.11817
201500031187,7,10,15,12,1,63,103,1,2,1,3,RD 227,45.92699,3.07489
201500031188,11,10,15,20,3,63,212,2,1,1,6,RIOM (ROUTE DE),45.88261,3.08963
201500031189,21,10,15,10,1,63,224,1,1,1,3,RD 2009,0.0,0.0
201500031190,2,11,15,11,1,63,103,1,2,1,3,RD 227,45.927,3.0748
201500031191,11,11,15,23,3,63,224,1,1,1,1,RD 6,0.0,0.0
201500031192,4,12,15,17,5,63,300,2,3,1,3,CLERMONT (AVENUE DE),45.8803,3.1165
201500031193,9,12,15,7,2,63,300,2,2,1,3,CHATELGUYON-GUYON (AVENU,45.8976,3.1067
201500031194,17,12,15,20,5,63,300,2,2,1,3,paris/joaquin,45.90269,3.12016
201500031195,19,1,15,7,1,63,103,2,9,1,6,RD 985 B,45.91923,3.07303
201500031196,4,3,15,22,5,63,245,2,1,1,6,"33, SARRAZIN (RUE)",45.89707,3.0969
201500031197,3,4,15,14,1,63,300,2,1,1,6,"23, av libération",45.88799,3.11399
201500031198,1,1,15,15,1,64,24,2,1,1,7,BOULEVARD DE PLAGES,43.50718,-1.53351
201500031199,16,3,15,14,1,64,102,2,3,1,3,BOULEVARD JEAN D'AMOU,43.49597,-1.46551
201500031200,7,1,15,7,5,64,102,2,3,8,3,AVE DUVERGIER DE HAURANN,43.48412,-1.46632
201500031201,23,3,15,11,1,64,102,2,1,1,2,AVENUE MARECHAL SOULT,43.4871,-1.48574
201500031202,8,1,15,12,1,64,102,2,6,1,3,GIRATOIRE BEYRIS,43.47852,-1.49269
201500031203,25,3,15,12,1,64,24,2,3,1,1,AVENUE DE BIARRITZ,43.4811,-1.53343
201500031204,12,1,15,7,5,64,24,2,1,1,2,11RUE DE DOUS BOS,43.49013,-1.50477
201500031205,28,3,15,23,5,64,102,2,3,1,7,AV DOCTEUR DELVAILLE,43.50194,-1.48092
201500031206,14,1,15,17,1,64,102,2,1,1,3,AVENUE MARECHAL SOULT,0.0,0.0
201500031207,2,4,15,20,2,64,24,2,1,1,3,BUTTE AUX CAILLES,43.49706,-1.50982
201500031208,14,1,15,22,5,64,102,2,1,1,3,AV CAPITAINE RESPLANDY,43.48424,-1.44967
201500031209,2,4,15,22,5,64,102,2,1,1,6,AV DES ALLEES MARINES,43.49812,-1.48672
201500031210,17,1,15,17,1,64,102,2,1,2,3,AVENUE HENRI GRENET,0.0,0.0
201500031211,8,4,15,20,1,64,102,2,2,1,3,AVENUE DU ONZE NOVEMBRE,43.49272,-1.47864
201500031212,19,1,15,16,1,64,102,2,1,8,6,AVENUE DU 11 NOVEMBRE,43.49283,-1.47882
201500031213,10,4,15,21,5,64,24,2,1,1,7,RUE DE SALIS,43.48576,-1.51587
201500031214,4,2,15,21,5,64,102,2,2,1,3,AVENUE LEON BONNAT,43.49404,-1.47658
201500031215,14,4,15,13,1,64,24,2,3,1,3,RUE DU MOULIN BARBOT,43.50103,-1.53029
201500031216,7,2,15,5,5,64,24,2,1,1,7,GIRATOIRE DE JORLIS,0.0,0.0
201500031217,15,4,15,16,1,64,102,2,1,1,6,PONT GRENET,43.49746,-1.48278
201500031218,12,2,15,16,1,64,102,2,1,1,6,AV RAYMOND DE MARTRES,43.48466,-1.4826
201500031219,15,4,15,19,1,64,102,2,3,1,3,AVENUE LEGION TCHEQUE,43.4927,-1.48761
201500031220,13,2,15,18,5,64,102,2,3,8,3,AVENUECAMILLE DELVAILLE,43.50836,-1.48645
201500031221,20,4,15,17,1,64,102,2,3,1,3,AVENUE  ALLEES PAULMY,43.49134,-1.48157
201500031222,21,4,15,12,1,64,102,2,2,1,6,BD ALSACE LORRAINE,43.49371,-1.46663