Num_Acc,jour,mois,an,hr,condition_eclairage,departement,commune,condition_agglomeration,intersection,condition_atmosphere,type_collision,adresse,lattitude,longitude
201500031223,16,2,15,9,1,64,24,2,1,8,1,42 AVENUE GUYNEMER,43.4991,-1.53967
201500031224,25,4,15,10,1,64,102,2,1,1,6,AVENUE DU 8 MAI 1945,43.47636,-1.48409
201500031225,23,2,15,18,2,64,102,2,3,3,6,AV SOUS LIEUTENANT IRIBA,43.4919,-1.48547
201500031226,27,2,15,18,2,64,24,2,6,1,3,R P  DE LABORDOTTE,0.0,0.0
201500031227,2,5,15,11,1,64,24,2,1,1,3,RUE DU BOIS BELIN,43.49273,-1.51918
201500031228,4,3,15,16,1,64,102,2,3,1,2,AVENUE DES ALLEE PAULMY,43.49346,-1.4799
201500031229,4,5,15,21,5,64,102,2,1,1,7,DUVERGIER DE HAURANNE,43.48666,-1.46665
201500031230,6,3,15,16,1,64,24,1,1,1,6,AVENUE EDITH CAVELL,43.49173,-1.54604
201500031231,7,5,15,13,1,64,102,2,1,1,1,AVENUE MARECHAL FOCH,43.49347,-1.48047
201500031232,7,3,15,14,1,64,24,2,1,1,2,12 BOULEVARD DE LA MER,43.49593,-1.54011
201500031233,7,5,15,18,1,64,102,2,1,1,5,PONT GRENET,43.49785,-1.48251
201500031234,11,3,15,16,1,64,140,2,1,8,7,10 RUE DU BARTHASSOT,43.52722,-1.4909
201500031235,10,5,15,14,1,64,24,2,1,1,7,AVENUE GUYNEMER,43.49907,-1.53972
201500031236,15,3,15,17,1,64,102,2,1,1,6,RUE SAINTE URSULE,43.49644,-1.47248
201500031237,13,5,15,14,1,64,102,2,3,1,3,ALLEES PAULMY,43.49474,-1.47878
201500031238,14,5,15,18,1,64,102,2,1,1,5,AVENUE DU 8 MAI 1945,43.47554,-1.48439
201500031239,17,5,15,20,1,64,24,2,1,1,3,(BOULEVARD DU BAB,43.49489,-1.51646
201500031240,16,5,15,10,1,64,24,1,1,1,6,ALLEE DE L INDUSTRIE,43.49455,-1.49719
201500031241,17,5,15,22,5,64,24,2,3,1,3,AVENUE DES VAGUES,43.49873,-1.54271
201500031242,20,5,15,14,1,64,102,2,1,1,3,COTE DU MOULIN,43.51164,-1.46852
201500031243,4,6,15,22,5,64,102,2,1,1,7,18 AVENUE RESPLANDY,43.48835,-1.46522
201500031244,11,6,15,14,1,64,102,2,1,3,6,REMPARTS LACHEPAILLET,43.49069,-1.47897
201500031245,12,6,15,11,1,64,24,2,1,1,3,03 AVENUE DE BAYONNE,43.4807,-1.51392
201500031246,12,6,15,17,1,64,24,2,1,1,5,20 AVENUE DE BAYONNE,43.48063,-1.51392
201500031247,15,6,15,8,1,64,102,2,1,1,1,QUAI DE LA PIECE NOYEE,43.50003,-1.48178
201500031248,18,6,15,11,1,64,24,2,1,1,6,RUE SANTO SUAREZ,43.48074,-1.51708
201500031249,24,6,15,12,1,64,102,2,1,1,2,AVENUE MARECHAL SOULT,43.4876,-1.48354
201500031250,25,6,15,7,1,64,24,2,1,1,7,(BOULEVARD DES PLAGES,43.50014,-1.53938
201500031251,25,6,15,18,1,64,102,2,1,1,3,AV HENRI DE AVARRE,43.51338,-1.43655
201500031252,14,7,15,9,1,64,24,2,1,1,7,AVENUE EUGENE BERNAIN,0.0,0.0
201500031253,14,7,15,10,1,64,102,2,1,1,7,45 AVENU ALLEES MARINES,43.49863,-1.48797
201500031254,16,7,15,16,1,64,102,2,1,1,3,BOULEVARD DU BAB,43.49814,-1.4908
201500031255,23,7,15,17,1,64,24,2,1,1,4,RUE DE HAUSQUETTE,43.50289,-1.50346
201500031256,24,7,15,10,1,64,102,2,1,1,2,AVENUE HENRI DE NAVARRE,43.50173,-1.44598
201500031257,24,7,15,12,1,64,24,2,6,1,3,ROND POINT DU LAVOIR,43.48412,-1.51986
201500031258,25,7,15,6,5,64,24,2,1,1,3,AVENUE DE BAYONNE,43.48136,-1.51092
201500031259,25,7,15,8,1,64,24,2,6,8,7,ROND POINT DE BAHINOS,43.4941,-1.51951
201500031260,4,8,15,12,1,64,102,2,3,2,3,ALLEES BOUFFLERS,43.49188,-1.47006
201500031261,5,8,15,12,1,64,24,2,1,1,7,RUE GIROUETTE,43.4705,-1.50477
201500031262,10,8,15,19,1,64,24,2,1,1,3,48 AVENUE D ESPAGNE,43.47881,-1.52124
201500031263,11,8,15,10,1,64,102,2,1,1,7,AVENUE FERNAND FORGUES,43.48662,-1.47978
201500031264,18,8,15,11,1,64,24,1,5,1,3,AVENUE DU GOLF,43.48873,-1.53926
201500031265,18,8,15,18,1,64,24,1,1,1,2,BOULEVARD DU BAB,43.4939,-1.52407
201500031266,20,8,15,13,1,64,102,2,6,1,5,RP DU GRAND BASQUE,43.49127,-1.45412
201500031267,21,8,15,9,1,64,102,2,6,1,3,GIRATOIRE BEYRIS,43.47817,-1.49287
201500031268,31,8,15,18,1,64,102,2,1,3,7,27 AV MARECHAL FOCH,43.49411,-1.4829
201500031269,1,9,15,10,1,64,24,2,1,8,6,61 RUE DU BOIS BELIN,43.49316,-1.51625
201500031270,7,9,15,19,1,64,24,2,1,1,3,AVENUE JEAN LAPORTE,43.48398,-1.50401
201500031271,7,9,15,18,1,64,102,2,1,1,3,28 AV MARECHAL SOULT,43.48644,-1.4884
201500031272,10,9,15,13,1,64,24,2,2,1,7,BOULEVARD DES PLAGES,43.518,-1.52371
201500031273,11,9,15,22,5,64,102,2,1,1,3,AV CAPITAINE RESPLANDY,43.48422,-1.45019
201500031274,17,9,15,18,1,64,102,2,1,1,6,16 AVENUE MARECH SOULT,43.48682,-1.48671
201500031275,26,9,15,16,1,64,102,2,6,1,3,AVENUE DU 8 MAI 1945,43.4606,-1.49616
201500031276,2,10,15,14,1,64,102,2,6,1,6,AVENUE HENRI GRENET,43.50236,-1.47854
201500031277,3,10,15,9,1,64,24,2,1,1,2,30 ROUTE DE SAINT PEE,43.45696,-1.50566
201500031278,3,10,15,15,1,64,102,2,6,1,6,CHEMIN DE HARGOUS,43.50355,-1.46374
201500031279,10,10,15,17,1,64,102,2,1,1,6,AV DU MARECHAL LECLERC,43.49354,-1.47462
201500031280,15,10,15,10,1,64,102,2,6,1,3,GIRATOIRE LES PONTOTS,43.48802,-1.49119
201500031281,16,10,15,9,1,64,24,2,1,8,6,103 AVENUE DE MONTBRUN,43.5033,-1.51127
201500031282,21,10,15,15,1,64,24,2,6,1,3,BOULEVARD DES PLAGES,43.50315,-1.53639
201500031283,23,10,15,14,1,64,102,2,1,1,3,18 AVENUE DE MOUNEDE,43.49924,-1.45819
201500031284,30,10,15,19,5,64,102,2,3,1,5,AV RAYMOND DE MARTRES,43.4855,-1.48275
201500031285,2,11,15,14,1,64,102,2,6,1,3,RUE MAUBEC,43.49999,-1.46674
201500031286,9,11,15,15,1,64,102,1,1,1,3,AVENUE DU 14 AVRIL,43.50209,-1.46142
201500031287,12,11,15,7,1,64,102,2,1,1,6,60 RUE BOURGNEUF,43.49079,-1.47241
201500031288,13,11,15,7,2,64,102,2,1,1,3,AVENUE PAUL PRAS,43.48402,-1.47672
201500031289,14,11,15,11,1,64,140,1,1,1,7,Z.A. DU BAZE,43.52434,-1.49328
201500031290,1,12,15,16,1,64,102,2,3,1,3,AV RAYMOND DE MARTRES,43.48541,-1.48274
201500031291,6,12,15,17,5,64,102,2,3,1,3,68 AV ALLEES MARINES,43.50073,-1.49193
201500031292,9,12,15,5,5,64,102,2,6,1,7,BOULEVARD DU BAB,43.49831,-1.49369
201500031293,9,12,15,7,2,64,102,2,3,2,3,CAMILLE DELVAILLE,43.5033,-1.48311
201500031294,13,12,15,15,1,64,140,2,1,1,7,Z.A. DU BAZE,43.5242,-1.49311
201500031295,13,12,15,17,5,64,102,2,2,1,3,AVENUE LOUIS DE FOIX,43.50632,-1.4672
201500031296,16,12,15,8,1,64,102,2,1,1,3,(AVENUE DU 14 AVRIL,43.50174,-1.46022
201500031297,18,12,15,11,1,64,24,2,1,8,6,66 AVENUE DE BAYONNE,43.48264,-1.50487
201500031298,21,12,15,17,1,64,102,2,6,1,3,CHEMIN DE SABALCE,43.49376,-1.49162
201500031299,23,12,15,18,5,64,102,2,1,1,6,AVENUE MARECHAL SOULT,43.48575,-1.49102
201500031300,13,1,15,15,1,64,122,2,1,1,6,AVENU DE VERDUN,43.48082,-1.54134
201500031301,26,3,15,1,5,64,122,2,1,1,6,10 RUE SAINT EXUPERY,43.47387,-1.53678
201500031302,21,1,15,8,1,64,122,2,1,2,6,AVENUE DU SABAOU,43.47362,-1.54269
201500031303,7,4,15,14,1,64,125,2,1,1,7,AVENUE DE BIARRITZ,43.45174,-1.57409
201500031304,26,1,15,16,1,64,122,2,1,1,3,96 BD MARCEL DASSAULT,0.0,0.0
201500031305,11,5,15,10,1,64,122,2,1,1,6,2 PLACE BELLEVUE,43.48273,-1.56096
201500031306,5,2,15,7,1,64,122,2,1,1,3,15 AVENUE DE LA MARNE,43.48435,-1.55531
201500031307,25,5,15,16,1,64,122,2,1,8,6,30 RUE DE MADRID,43.47114,-1.56788
201500031308,9,2,15,17,1,64,122,2,1,1,3,AVENUE DE LA MARNE,43.48204,-1.54347
201500031309,28,5,15,8,1,64,125,2,1,1,2,RUE DE L ETAPE,43.45097,-1.57451
201500031310,22,2,15,15,1,64,122,2,1,1,3,RUE DE  PITCHOT,43.46495,-1.53585
201500031311,15,6,15,8,1,64,122,2,1,3,3,ROUTE DE BIDART,43.45833,-1.54784
201500031312,9,3,15,19,1,64,122,2,1,1,7,ESPLANANADE ELISABETH II,43.49344,-1.55331
201500031313,21,6,15,11,1,64,122,2,1,7,1,"38, AV CARNOT",43.47904,-1.56081
201500031314,30,6,15,12,1,64,125,2,1,1,2,4 AVENUE D' ESPAGNE,43.42945,-1.60035
201500031315,14,7,15,13,1,64,122,2,1,1,6,17 AVENUE IMPERATRICE,43.48913,-1.55307
201500031316,17,7,15,12,1,64,122,2,1,1,2,AV PRESIDENT KENNEDY,43.46217,-1.55044
201500031317,19,7,15,5,5,64,122,2,1,1,6,BD MARCEL DASSAULT,43.46623,-1.54154
201500031318,3,8,15,2,5,64,122,2,1,1,6,15 RUE LOUIS BARTHOU,43.48335,-1.55787
201500031319,5,8,15,9,1,64,125,2,1,1,3,485 AVENUE D'ESPAGNE,43.42951,-1.60025
201500031320,5,8,15,22,5,64,122,2,1,1,6,AVENUE REINE NATHALIE,43.48444,-1.54811
201500031321,10,8,15,16,1,64,122,2,1,1,6,48 AVENUE DU PRE KENNEDY,0.0,0.0
201500031322,13,8,15,15,1,64,122,2,1,1,6,AVENUE COULAOUN,43.47604,-1.53752
201500031323,15,8,15,6,5,64,122,2,1,8,6,ROND-P LICHTENBERGER,43.47716,-1.56547
201500031324,22,8,15,17,1,64,122,2,1,1,1,13 AVENUE ALAN SEEGER,43.45775,-1.54642
201500031325,11,9,15,21,5,64,122,2,1,1,3,AVENUE DELA REPUBLIQUE,43.47841,-1.56143
201500031326,13,9,15,2,5,64,122,2,1,1,6,BD MARECHAL LECLERC,43.48314,-1.56681
201500031327,15,9,15,18,1,64,125,2,1,2,7,55 RUE UHABIA,43.43245,-1.59652
201500031328,18,9,15,16,1,64,122,2,1,1,3,44 AV DU PRES  KENNEDY,43.4717,-1.55541
201500031329,3,11,15,12,1,64,122,2,1,2,7,AVENUE DE LA MARNE,43.4828,-1.54535
201500031330,4,11,15,9,1,64,122,2,1,1,6,107 AVENUE DE LA MARNE,43.48263,-1.54494
201500031331,4,11,15,21,5,64,122,2,1,1,6,59 RUE DE SALON,43.464,-1.55571
201500031332,6,11,15,18,1,64,122,2,1,1,6,AVENUE REINE NATHALIE,43.48328,-1.54645
201500031333,18,11,15,10,1,64,122,2,1,1,3,RUE SAINT MARTIN,43.47477,-1.55647
201500031334,18,11,15,9,1,64,122,2,1,1,3,AV CHARLES FLOQUET,43.4786,-1.55469
201500031335,24,11,15,15,1,64,122,2,1,2,3,AV DU JARDIN PUBLIC,43.48007,-1.56007
201500031336,5,12,15,14,1,64,122,2,1,1,4,34 AVENUE D'ANGLET,43.48681,-1.54261
201500031337,18,12,15,2,5,64,122,2,1,1,6,56 RUE GAMBETTA,43.4801,-1.56406
201500031338,20,12,15,5,5,64,122,2,1,1,6,AV LAROCHEFOUCAULD,43.48417,-1.54427
201500031339,23,12,15,14,1,64,122,2,1,1,6,AVENUE ALAN SEEGER,43.45772,-1.54504
201500031340,26,12,15,20,5,64,125,2,1,1,6,AVENUE SOURCE ROYALE,43.44156,-1.57726
201500031341,30,12,15,2,5,64,122,2,6,1,7,CARREFOUR HELIANTHE,0.0,0.0
201500031342,2,1,15,20,5,64,445,2,3,1,3,RUE BERLIOZ,43.31182,-0.3459
201500031343,14,3,15,8,1,64,445,2,1,1,2,GASTON PHOEBUS,43.17523,0.23132
201500031344,3,1,15,13,1,64,284,2,1,1,6,AVENUE RAUSKI,0.0,0.0
201500031345,16,3,15,9,1,64,445,2,2,1,3,CATHERINE DE BOURBON,43.19293,0.21266
201500031346,7,1,15,21,5,64,445,2,1,1,3,RUE PALASSOU,43.30221,-0.36776
201500031347,16,3,15,17,1,64,445,2,1,1,3,AVENUE DE SARAGOSSE,43.30695,-0.35331
201500031348,12,1,15,8,2,64,445,2,2,1,6,AVENUE DES LILAS,43.31644,-0.33957
201500031349,17,3,15,9,1,64,445,2,7,1,6,AV LOUIS SALLENAVE,43.31642,-0.36056
201500031350,12,1,15,21,5,64,445,2,1,1,3,RUE DES FRERES CAMORS,43.31189,-0.36879
201500031351,18,3,15,7,2,64,445,2,2,1,3,AVENUE JEAN MERMOZ,43.31185,-0.37724
201500031352,13,1,15,9,1,64,335,1,1,1,7,AVENUE SANTOS-DUMONT,43.32173,-0.42247
201500031353,18,3,15,10,1,64,445,2,1,1,6,10 RUE GAMBETTA,43.29648,-0.3662
201500031354,14,1,15,8,1,64,445,2,1,1,1,BD CHAMPETIER DE RIBES,0.0,0.0
201500031355,19,3,15,19,2,64,445,2,1,1,6,45 BD ALSACE LORRAINE,43.30396,-0.36619
201500031356,14,1,15,14,1,64,445,2,2,1,6,AVENUE DE LA RESISTANCE,43.30251,-0.37564
201500031357,22,3,15,11,1,64,445,2,2,2,3,AVENUE DE SARAGOSSE,43.30699,-0.35333
201500031358,14,1,15,16,1,64,445,2,2,1,3,"0, VERDUN DE",43.29873,-0.37539
201500031359,23,3,15,16,1,64,445,2,6,1,2,ROND POINT YITZHAK RABIN,43.30671,-0.33317
201500031360,15,1,15,18,5,64,445,2,2,1,3,BD ALSACE LORRAINE,43.3024,-0.36046
201500031361,22,3,15,12,1,64,445,2,1,2,2,14 EDOUARD VII,43.2976,-0.35842
201500031362,16,1,15,13,1,64,445,2,2,1,3,RUE DU BARON SEGUIER,43.30785,-0.36969
201500031363,25,3,15,10,1,64,445,2,3,1,3,RUE DE BOYRIE,43.30294,-0.37563
201500031364,17,1,15,6,5,64,445,2,1,2,1,ALLEE ALFRED DE MUSSET,43.29577,-0.3617
201500031365,26,3,15,13,1,64,445,2,1,1,6,RUE MONSEIGNEUR CAMPO,43.32015,-0.34214
201500031366,19,1,15,12,1,64,445,2,6,2,6,ALLEE CONDORCET,43.31181,-0.36293
201500031367,28,3,15,13,1,64,445,2,1,2,6,AVENUE DU LOUP,43.30385,-0.35704
201500031368,19,1,15,14,1,64,445,2,1,2,6,AVENUE DE L'UNIVERSITE,43.31128,-0.36384
201500031369,30,3,15,15,1,64,445,2,1,2,1,84 BD TOURASSE,43.31126,-0.35603
201500031370,29,12,15,13,1,64,373,2,6,1,3,RP GENERAL DE GAULLE,43.28078,-0.35774
201500031371,21,1,15,14,1,64,445,2,2,2,3,RUE CASTETNAU,43.3002,-0.36698
201500031372,31,3,15,8,1,64,445,2,1,1,6,25 COURS LEON BERARD,43.3162,-0.37438
201500031373,22,1,15,14,1,64,445,2,2,1,3,ALLEES DU GRAND TOUR,43.29986,-0.37948
201500031374,31,3,15,15,1,64,445,2,2,1,1,BEZIOU,43.30433,-0.37993
201500031375,23,1,15,13,1,64,335,2,1,1,6,BOULEVARD DE L'EUROPE,43.3242,-0.43678
201500031376,31,3,15,17,1,64,445,2,2,1,2,PLACE GRAMONT,43.29641,-0.37428
201500031377,24,1,15,6,5,64,445,2,2,1,3,RUE MATHIEU LALANNE,43.29674,-0.36368
201500031378,1,4,15,9,1,64,129,2,1,1,3,AVENUE DE LONS,43.31254,-0.38417
201500031379,27,1,15,14,1,64,348,2,1,1,2,16 CAMI SALIE,43.33587,-0.38418
201500031380,2,4,15,18,1,64,445,2,1,1,2,AVENUE DIDIER DAURAT,43.33141,-0.37967
201500031381,30,1,15,7,1,64,445,2,2,3,6,RUE MARCA,43.29591,-0.37643
201500031382,3,4,15,11,1,64,445,2,2,1,3,BD DES PYRENEES,43.2934,-0.37061
201500031383,30,1,15,18,4,64,445,2,1,3,6,17 RUE D' ETIGNY,43.2959,-0.3803
201500031384,5,4,15,12,1,64,445,2,1,1,2,BD DU CAMI SALIE,43.33332,-0.37045
201500031385,30,1,15,19,4,64,129,2,1,3,6,19 AVENUE DE  LONS,43.31232,-0.38132
201500031386,8,4,15,16,1,64,445,2,1,1,6,"7, EDOUARD HERRIOT",0.0,0.0
201500031387,2,2,15,14,1,64,445,2,2,1,3,15 RUE DE  BOYRIE,43.30319,-0.37788
201500031388,9,4,15,9,1,64,445,2,1,1,3,RD PT COMBATTANTS D'AFN,43.33833,-0.37931
201500031389,4,2,15,14,1,64,284,2,1,4,2,AV CORPS FRANC POMMIES,43.29267,-0.39742
201500031390,9,4,15,13,1,64,445,2,1,1,1,8 BD HAUTERIVE,43.32385,-0.35156
201500031391,5,2,15,8,2,64,445,2,1,1,6,RUE MICHELET,43.3005,-0.3772
201500031392,10,4,15,17,1,64,445,2,1,1,2,CATHERINE DE BOURBON,43.32413,-0.35781
201500031393,5,2,15,16,1,64,445,2,1,1,6,RU J J DE MONAIX,43.30342,-0.35715
201500031394,11,4,15,12,1,64,284,2,1,1,3,AVENUE DES VALLEES,43.29317,-0.38677
201500031395,10,2,15,17,1,64,129,2,1,1,6,AV DU CHATEAU D'ESTE,43.30586,-0.39207
201500031396,11,4,15,16,1,64,445,2,1,1,4,BD TOURASSE,43.31103,-0.35213
201500031397,11,2,15,12,1,64,445,2,1,1,2,AV DU PRESIDENT KENNEDY,43.31005,-0.36601
201500031398,13,4,15,16,1,64,445,2,2,1,6,RUE RICHELIEU,43.30338,-0.35698
201500031399,11,2,15,13,1,64,335,2,2,1,6,AVENUE DENIS TOUZANNE,43.34184,-0.44671
201500031400,14,4,15,7,1,64,335,2,1,1,5,RTE SAULT DE NAVAILLES,43.3444,-0.42954
201500031401,12,2,15,18,2,64,269,2,1,1,3,D817,0.0,0.0
201500031402,16,4,15,17,1,64,445,2,1,1,3,318 BOULEVARD DE LA PAIX,43.32263,-0.36883
201500031403,20,2,15,13,1,64,445,1,1,1,2,AVENENUE DE L' EUROPE,43.32684,-0.33016
201500031404,18,4,15,21,5,64,445,2,1,3,3,83 BD ALSACE LORRAINE,43.30486,-0.37119
201500031405,4,2,15,6,5,64,445,2,1,1,1,"0, ALFRED DE MUSSET",43.29486,-0.36294
201500031406,21,2,15,16,1,64,445,2,2,1,3,BD DU CAMI SALIE,43.33546,-0.37968
201500031407,19,4,15,9,1,64,445,1,1,1,1,OLOF PALME,43.33186,-0.35842
201500031408,26,2,15,20,5,64,445,2,1,2,6,8 AVENUE DES ETATS UNIS,43.30045,-0.36033
201500031409,20,4,15,13,1,64,445,2,1,1,1,RUE DU 8 MAI 1945,43.30822,-0.36222
201500031410,23,4,15,18,1,64,348,2,1,1,3,47 CHARLES DE GAULLE,43.30901,-0.40886
201500031411,27,2,15,15,1,64,445,2,2,1,3,PLACE DE VERDUN,43.29876,-0.3767
201500031412,23,4,15,18,1,64,445,2,1,1,2,AVENUE D' ESPAGNE,43.29453,-0.38691
201500031413,2,3,15,11,1,64,445,2,2,2,5,AV DIDIER DAURAT,0.0,0.0
201500031414,2,3,15,11,1,64,445,2,2,2,6,3 AVENUE DU LOUP,0.0,0.0
201500031415,29,4,15,12,1,64,129,2,1,1,6,16 ROUTE DE  BAYONNE,43.30052,-0.39325
201500031416,4,3,15,16,1,64,445,2,1,2,2,68 AVENUE  PEBOUE,43.31222,-0.32741
201500031417,29,4,15,14,1,64,445,2,6,1,3,RD POINT COMMUNE DE PARI,43.31125,-0.36339
201500031418,5,3,15,8,1,64,129,2,2,1,3,RTE DE BAYONNE,43.30214,-0.39633
201500031419,29,4,15,15,1,64,348,2,1,1,2,36 AV ERCKMAN CHATRIAN,43.32536,-0.38431
201500031420,8,3,15,3,5,64,445,2,2,1,3,AVENUE DES LILAS,43.30937,-0.34414
201500031421,30,4,15,13,1,64,335,2,2,1,3,AVENUE DE TARBES,43.33252,-0.42536
201500031422,8,3,15,17,2,64,335,2,1,1,6,RD 817,0.0,0.0
201500031423,5,5,15,19,1,64,335,2,2,1,3,BD DE L' AVIATION,43.35748,-0.41759
201500031424,8,3,15,20,5,64,445,2,2,1,5,RUE JJ DE MONNAIX,0.0,0.0
201500031425,6,5,15,15,1,64,445,2,6,1,2,ROND PT F MITTERAND,43.32997,-0.35522
201500031426,9,3,15,12,1,64,445,2,3,1,6,RUE HENRI FAISANS,43.30056,-0.36034
201500031427,11,5,15,18,1,64,445,2,1,1,4,BOULEVARD HAUTERIVE,43.32414,-0.35387
201500031428,10,3,15,19,3,64,335,2,1,1,3,170 AVENUE  DE L'EUROPE,43.32397,-0.43652
201500031429,14,5,15,9,1,64,445,2,1,2,1,PLACE DE LA MONNAIE,43.29414,-0.37609
201500031430,10,3,15,21,5,64,445,2,1,1,3,RUE RENE CASSIN,43.30019,-0.36699
201500031431,16,5,15,17,1,64,445,2,3,1,3,BD BARBANEGRE,43.29666,-0.36372
201500031432,22,5,15,8,1,64,445,2,1,1,2,39 BD ALSACE LORRAINE,43.3035,-0.36449
201500031433,28,5,15,18,2,64,445,2,2,1,3,AVENUE DE MONTARDON,43.31891,-0.3729
201500031434,29,5,15,9,1,64,445,2,1,8,6,COURS LEON BERARD,43.31577,-0.37318
201500031435,29,5,15,16,1,64,129,2,3,1,3,ROUTE DE BAYONNE,43.30161,9.56182
201500031436,30,5,15,15,1,64,445,2,2,1,2,AVENUE DE BUROS,43.32253,-0.34631
201500031437,3,6,15,17,1,64,445,2,2,1,3,PLACE PEYROULET,43.3041,-0.35706
201500031438,4,6,15,9,1,64,445,2,5,1,6,AV PRESIDENT PIERRE ANGO,43.3192,-0.36752
201500031439,5,6,15,11,1,64,445,2,2,1,3,RUE DE LIVRON,43.30195,-0.37936
201500031440,8,6,15,14,1,64,445,2,1,1,6,AV GASTON PHOEBUS,43.30205,-0.37584
201500031441,8,6,15,21,5,64,445,2,2,8,3,COURS CAMOU,43.29987,-0.37952
201500031442,10,6,15,10,1,64,335,2,1,2,4,78 BD DE L EUROPE,43.3343,-0.45538
201500031443,10,6,15,18,2,64,445,2,6,2,3,RUE RONSARD,43.31878,-0.35971
201500031444,12,6,15,11,1,64,445,2,2,1,3,BD CAMI SALIE,43.33143,-0.36157
201500031445,16,6,15,8,1,64,284,2,1,2,2,AVENUE DES VALLEES,43.29163,-0.38565
201500031446,16,6,15,17,1,64,445,2,1,3,6,8 RUE DE LIEGE,43.29737,-0.37457
201500031447,17,6,15,8,1,64,445,2,1,1,1,AV GENERAL DE GAULLE,43.30185,-0.35618
201500031448,17,6,15,12,1,64,335,2,1,1,2,BD DE L EUROPE,43.32968,-0.44651
201500031449,18,6,15,8,1,64,445,2,2,1,6,AVENUE DES LILAS,43.31319,-0.34122
201500031450,19,6,15,15,1,64,445,2,2,1,3,COURS LYAUTEY,43.30866,-0.36395
201500031451,20,6,15,14,1,64,445,2,1,1,6,RUE DU 14 JUILLET,43.28999,-0.3794
201500031452,20,6,15,22,5,64,445,2,2,1,5,JEAN JACQUES DE MONAIX,43.30345,-0.35704
201500031453,22,6,15,10,1,64,445,2,1,1,6,RUE DE LIEGE,43.2976,-0.37443
201500031454,23,6,15,7,1,64,445,2,6,1,3,YITZHAK RABIN,43.3064,-0.33383
201500031455,23,6,15,13,1,64,348,2,2,1,3,AV DIDIER DAURAT,43.32935,-0.37979
201500031456,23,6,15,15,1,64,348,2,1,1,2,60 AV CHARLES DE GAULLE,43.31043,-0.41143
201500031457,24,6,15,18,1,64,132,2,1,1,2,CORPS FRANC POMMIES,43.30409,-0.31709
201500031458,24,6,15,20,1,64,269,2,1,1,2,49 RTE DE TARBES,43.29841,-0.30376
201500031459,24,6,15,23,5,64,445,2,2,1,3,RUE RONSARD,43.31731,-0.35268
201500031460,25,6,15,11,1,64,445,2,2,1,1,30 AV JEAN MERMOZ,43.30792,-0.37653
201500031461,25,6,15,13,1,64,348,2,6,1,3,AVENUE DU TONKIN,43.31714,-0.39471
201500031462,25,6,15,17,1,64,445,2,1,1,6,7 RUE MARCA,43.29437,-0.37725
201500031463,25,6,15,19,1,64,348,2,6,1,6,AVENUE DU TONKIN,43.31713,-0.39512
201500031464,28,6,15,10,1,64,445,2,2,1,3,20 RUE MARCA,43.29637,-0.37633
201500031465,29,6,15,7,1,64,284,2,2,1,2,AVENUE DES VALLEES,43.293,-0.38666
201500031466,30,6,15,13,1,64,129,2,2,1,3,ROUTE DE BAYONNE,43.30218,-0.39633
201500031467,1,7,15,18,1,64,445,2,1,1,6,AVENUE DES LILAS,43.30549,-0.35074
201500031468,2,7,15,14,1,64,129,2,6,1,3,ROUTE DE BAYONNE,43.30505,-0.40121
201500031469,2,7,15,18,1,64,373,2,6,1,2,LOUIS BARTHOU,43.28065,-0.35755
201500031470,2,7,15,22,5,64,445,2,2,1,3,RUE BERLIOZ,43.31787,-0.34393
201500031471,6,7,15,12,1,64,335,2,1,1,3,AV ANDRE MARIE AMPERE,43.31428,-0.42874
201500031472,7,7,15,20,2,64,445,2,2,1,3,SERGENT BERNES CAMBOT,43.30487,-0.37056
201500031473,8,7,15,19,1,64,445,2,4,1,3,PLACE GRAMONT,43.29642,-0.37422
201500031474,9,7,15,17,1,64,445,2,1,1,3,RUE JJ DE MONAIX,43.30365,0.35629
201500031475,9,7,15,18,1,64,129,2,3,1,3,RUE DES ENTREPRENEURS,43.30059,-0.40611
201500031476,10,7,15,12,1,64,445,2,1,1,1,BD OLOF PALME,43.33416,-0.35858
201500031477,12,7,15,15,1,64,335,2,6,1,3,BOULEVARD DE L'EUROPE,43.32026,-0.43548
201500031478,13,7,15,15,1,64,445,2,1,1,6,AVENUE GENERAL DE GAULLE,43.30218,-0.35439
201500031479,15,7,15,19,1,64,445,2,2,1,3,RUE CHARLES MACE,43.30606,-0.3728
201500031480,16,7,15,11,1,64,445,2,1,1,2,RAYMOND DE CARBONNIERE,43.30395,-0.35221
201500031481,20,7,15,21,2,64,445,2,6,1,3,MARCA,43.29626,-0.3763
201500031482,22,7,15,12,1,64,348,2,3,1,3,AV DIDIER DAURAT,43.3294,-0.37964
201500031483,22,7,15,15,1,64,445,2,2,1,3,BD LUCIEN FAVRE,43.31889,-0.36065
201500031484,22,7,15,23,5,64,445,2,3,1,6,RUE SERVIEZ,43.29632,-0.3683