Num_Acc,jour,mois,an,hr,condition_eclairage,departement,commune,condition_agglomeration,intersection,condition_atmosphere,type_collision,adresse,lattitude,longitude
201500031485,23,7,15,12,1,64,445,2,2,1,3,AV DE LA RESISTANCE,43.30153,-0.37534
201500031486,23,7,15,12,1,64,269,2,1,1,2,ROUTE DE TARBES,43.30068,-0.31051
201500031487,23,7,15,18,1,64,445,2,1,1,4,403 BOULEVARD DE LA PAIX,43.3245,-0.379
201500031488,29,7,15,8,1,64,348,2,6,1,3,AVENUE DE SANTONA,43.32075,-0.3914
201500031489,31,7,15,17,1,64,129,2,1,2,2,23 RU JEANNE DE LASANSAA,43.30231,-0.39294
201500031490,5,8,15,10,1,64,445,2,1,1,2,AVENUE DU LOUP,43.30807,-0.35658
201500031491,5,8,15,12,1,64,348,2,1,1,5,MARCEL DASSAULT,43.30191,-0.41348
201500031492,5,8,15,17,1,64,445,2,1,1,6,8 RUE  BERLIOZ,43.31092,-0.34633
201500031493,6,8,15,20,2,64,445,2,2,1,3,BOURBAKI,43.30264,-0.37453
201500031494,8,8,15,16,1,64,335,2,1,2,2,BD DE L' EUROPE,43.32978,-0.44686
201500031495,12,8,15,17,1,64,348,2,6,1,3,RD 834,43.30093,-0.40941
201500031496,16,8,15,21,5,64,445,2,1,1,2,OLOF PALME,43.33081,-3.57505
201500031497,17,8,15,22,5,64,445,2,3,1,3,BOULEVARD DES PYRENEES,43.29336,-0.37068
201500031498,19,8,15,11,1,64,445,2,1,1,6,4 TER  GENERAL DE GAULLE,43.30224,-0.35423
201500031499,20,8,15,7,1,64,445,2,1,1,1,OLOF PALME,43.33982,-0.37693
201500031500,20,8,15,8,1,64,445,2,6,1,3,ROND  DROITS DE L' HOMME,43.31301,-0.36897
201500031501,21,8,15,1,4,64,284,2,1,1,6,AVENUE DU18 JUIN 1940,43.29533,-0.41431
201500031502,21,8,15,20,2,64,129,2,1,1,6,37 AVENUE DE  LONS,43.31149,-0.3887
201500031503,22,8,15,19,2,64,445,2,1,1,3,18 AV LEON BLUM,43.31619,-0.33155
201500031504,22,8,15,20,2,64,445,2,1,1,6,14 AVENUE TRIANON,43.3103,-0.37862
201500031505,24,8,15,18,1,64,269,2,1,1,6,D938,43.31065,-0.30557
201500031506,26,8,15,12,1,64,445,2,1,1,2,341 BD DU CAMI SALIE,43.33129,-0.35946
201500031507,31,8,15,17,1,64,335,1,1,1,1,RD 817,43.34464,-0.44259
201500031508,3,9,15,11,1,64,445,2,2,1,2,RUE AMBROISE BORDELONGUE,43.29875,-0.37687
201500031509,4,9,15,13,1,64,445,2,1,8,2,39 AVENUE DU LOUP,43.30736,-0.35654
201500031510,4,9,15,21,5,64,445,2,1,1,3,40 RUE EMILE GARET,43.30018,-0.3623
201500031511,7,9,15,10,1,64,335,2,1,1,3,"0, JEAN JAURES",43.31714,-0.42963
201500031512,8,9,15,2,3,64,284,2,2,1,3,PONT D'ESPAGNE,43.29292,-0.37913
201500031513,10,9,15,17,1,64,445,2,2,1,3,BD ALSACE LORRAINE,43.30489,-0.37055
201500031514,11,9,15,8,1,64,445,2,3,1,3,16 RUE DE VINCENNES,43.32928,-0.37826
201500031515,14,9,15,12,1,64,269,2,1,1,3,43 ROUTE DE TARBES,43.2988,-0.30423
201500031516,17,9,15,16,1,64,445,2,1,1,6,7 RUE LESPY,43.29961,-0.36384
201500031517,18,9,15,11,1,64,445,2,1,1,6,RUE LAVOISIER,43.31072,-0.3644
201500031518,18,9,15,17,1,64,335,2,1,1,4,166 BD DE L'EUROPE,43.32438,-0.43699
201500031519,21,9,15,16,1,64,445,2,1,1,6,RUE  DE CARBONNIER,43.3039,-0.35228
201500031520,23,9,15,16,1,64,445,2,3,1,3,AV DU GENERAL DE GAULLE,43.30225,-0.35421
201500031521,24,9,15,11,1,64,445,2,1,1,3,196 BOULEVARD DE LA PAIX,43.32015,-0.35108
201500031522,25,9,15,15,1,64,445,2,1,1,4,OLOF PALME,43.33131,-0.35826
201500031523,26,9,15,13,1,64,348,2,2,1,3,AVENUE DU MOULIN,43.32064,-0.4053
201500031524,27,9,15,13,1,64,237,2,1,1,6,54 RUE LOUIS BARTHOU,43.28312,-0.37217
201500031525,27,9,15,15,1,64,269,2,1,1,3,5 RUE DE PEYREBLANQUE,43.29669,-0.30518
201500031526,29,9,15,10,1,64,445,2,1,1,4,BOULEVARD OLOF PALME,43.33659,0.36553
201500031527,30,9,15,17,1,64,445,2,1,1,2,74 AVENUE DU LOUP,43.31461,-0.35462
201500031528,1,10,15,9,1,64,445,2,1,1,6,PLACE DE LA  REPUBLIQUE,43.29981,-0.36926
201500031529,1,10,15,14,1,64,445,2,1,1,1,RUE BENGHOZI,43.31918,-0.36752
201500031530,2,10,15,17,1,64,348,2,3,1,2,BD CHARLES DE GAULLE,43.31604,-0.42177
201500031531,3,10,15,15,1,64,348,2,1,1,2,BOULEVARD DE L'EUROPE,43.3211,-0.3916
201500031532,4,10,15,18,1,64,445,2,1,1,6,RUE DU MAQUIS DU BEARN,43.30005,-0.37708
201500031533,4,10,15,20,5,64,445,2,2,1,3,AV GENERAL LECLERC,43.30278,-0.35196
201500031534,5,10,15,6,5,64,445,2,3,1,3,AVENUE DE SARAGOSSE,43.30694,-0.35331
201500031535,5,10,15,13,1,64,284,2,1,1,4,115 AVENUE RAUSKI,43.26448,-0.38992
201500031536,6,10,15,9,1,64,445,2,1,1,1,129 BD LUCIEN FAVRE,43.31891,-0.36155
201500031537,8,10,15,13,1,64,445,2,2,1,3,RUE EMILE GUICHENNE,43.29877,-0.36818
201500031538,8,10,15,17,1,64,445,2,1,1,2,BOULEVARD DE LA PAIX,43.32101,-0.35643
201500031539,9,10,15,4,5,64,445,2,1,1,1,JEAN BIRAY,43.29396,-0.37604
201500031540,9,10,15,14,1,64,445,2,3,1,3,"123, MARTYRS DU PONT LON",43.34837,-0.37994
201500031541,9,10,15,20,1,64,445,2,2,1,3,RUE JEAN REVEIL,43.3004,-0.36513
201500031542,13,10,15,13,1,64,445,2,2,1,3,48 RUE MONTPENSIER,43.30209,-0.37397
201500031543,13,10,15,13,1,64,445,2,1,1,2,34 ALLEES DE MORLAAS,43.3064,-0.34403
201500031544,13,10,15,19,2,64,445,2,2,1,3,PLACE DE VERDUN,43.2995,-0.37704
201500031545,13,10,15,21,5,64,445,2,6,1,3,RUE MARCA,43.29593,-0.3765
201500031546,14,10,15,14,1,64,445,2,2,1,3,RUE D' ORLEANS,43.29909,-0.37189
201500031547,15,10,15,17,1,64,445,2,2,1,3,AV EGLISE ST JOSEPH,43.30631,-0.37487
201500031548,15,10,15,22,5,64,445,2,6,1,3,12 RUE D'ETIGNY,43.29624,-0.37656
201500031549,16,10,15,7,5,64,445,2,2,1,3,AVENUE DE LA RESISTANCE,43.30389,-0.37573
201500031550,16,10,15,16,1,64,445,2,2,1,3,RUE MONTPENSIER,43.29929,-0.37129
201500031551,16,10,15,19,5,64,445,2,2,1,3,42 RUE BERLIOZ,43.31504,-0.34486
201500031552,17,10,15,20,5,64,445,2,2,1,3,"21, GENERAL DE GAULLE DU",43.30151,-0.35737
201500031553,18,10,15,16,1,64,445,2,2,1,3,RUE SERGENT BERNES CAMBO,43.30972,-0.36959
201500031554,18,10,15,20,5,64,445,2,2,1,3,AVENUE DU LOUP,43.31474,-0.3545
201500031555,19,10,15,17,1,64,445,2,1,1,3,RUE PIERRE MASSE,43.31597,-0.35662
201500031556,20,10,15,11,1,64,335,2,1,1,2,BOULEVARD DE L'EUROPE,43.32947,-0.44651
201500031557,21,10,15,14,1,64,445,2,2,1,3,BOULEVARD DE LA PAIX,43.32223,-0.36686
201500031558,24,10,15,17,1,64,445,2,1,1,3,CHEMIN DE FORET BASTARD,43.35267,-0.37781
201500031559,25,10,15,10,1,64,445,2,1,1,2,26 AVENUE JEAN MERMOZ,43.30767,-0.37649
201500031560,27,10,15,18,1,64,445,2,1,2,3,302 BOULEVARD PAIX,43.32223,-0.36665
201500031561,28,10,15,11,1,64,445,2,1,1,6,RUE EUGENE CARRERE,43.30477,-0.36608
201500031562,29,10,15,17,1,64,445,2,1,1,1,11 AVENUE DES SAYETTES,43.30834,-0.3439
201500031563,31,10,15,16,1,64,335,2,1,1,2,BD DE L' EUROPE,43.32609,-0.44042
201500031564,31,10,15,21,5,64,445,2,2,1,3,AVENUE TRESPOEY,43.29884,-0.35191
201500031565,2,11,15,15,1,64,348,2,1,1,2,2 AV CHARLES DE GAULLE,43.30622,-0.40372
201500031566,2,11,15,17,1,64,445,2,3,1,3,RUE BERNES CAMBOT,43.30934,-0.36925
201500031567,3,11,15,7,2,64,348,2,2,1,5,AV FRERES MONTGOLFIER,43.30973,-0.42371
201500031568,4,11,15,19,1,64,132,2,1,1,1,RUE ALBERT 1ER,43.28537,-0.34772
201500031569,4,11,15,20,5,64,445,2,1,1,2,AVENUE DE LA RESISTANCE,43.30248,-0.37551
201500031570,6,11,15,14,1,64,348,2,1,1,1,BD CHARLES DE GAULLE,43.30916,-0.40911
201500031571,7,11,15,9,1,64,284,2,1,1,6,AVENUE DES VALLEES,43.29162,-0.38563
201500031572,7,11,15,12,1,64,348,1,1,1,6,BD DE L' EUROPE,43.31531,-0.39565
201500031573,7,11,15,19,1,64,445,2,1,1,4,42 AV JEAN MERMOZ,43.30902,-0.37678
201500031574,12,11,15,10,1,64,445,2,1,1,4,22 BOULEVARD DE LA PAIX,43.31244,-0.32706
201500031575,12,11,15,13,1,64,445,2,1,1,1,21 BOULEVARD DE LA PAIX,43.31267,-0.32795
201500031576,12,11,15,15,1,64,284,2,1,1,4,44 AVENUE RAUSKI,43.26525,-0.38987
201500031577,12,11,15,23,5,64,445,2,3,1,3,AVENUE COPERNIC,43.32439,-0.33851
201500031578,13,11,15,19,5,64,445,2,2,1,3,CHEMIN DE L'AVIATION,43.30685,-0.32767
201500031579,14,11,15,10,1,64,445,2,1,1,3,AVENUE LOUIS SALLENAVE,43.31637,-0.36028
201500031580,14,11,15,18,2,64,445,2,7,1,3,RUE ALFRED NOBEL,43.31131,-0.32346
201500031581,14,11,15,22,5,64,445,2,1,1,7,5 RUE JACQUES TERRIER,43.28954,-0.38172
201500031582,15,11,15,17,1,64,445,2,2,1,5,AVENUE JEAN MERMOZ,43.31371,-0.37764
201500031583,16,11,15,17,2,64,445,2,1,1,2,35 AVENUE FOUCHET,43.31394,-0.37484
201500031584,18,11,15,8,1,64,445,2,1,1,3,AVENUE PIERRE MASSE,43.31463,-0.3569
201500031585,18,11,15,18,5,64,335,2,2,1,3,RUE DENIS TOUZANNE,43.33758,-0.43897
201500031586,18,11,15,21,5,64,348,2,6,1,6,AVENUE DE SANTONA,43.32085,-0.39236
201500031587,19,11,15,13,1,64,445,2,2,1,2,ALLEE DU GRAND TOUR,43.2998,-0.37949
201500031588,19,11,15,15,1,64,445,2,1,7,6,10 CORPS FRANC POMMIES,43.29328,-0.38777
201500031589,19,11,15,15,1,64,445,2,3,1,3,RUE DES FRERES WRIGHT,43.30611,-0.36689
201500031590,20,11,15,8,1,64,445,2,6,1,3,COURS LEON BERARD,43.31308,-0.36897
201500031591,23,11,15,12,1,64,445,2,2,1,3,AVENUE JEAN MERMOZ,43.30812,-0.37657
201500031592,24,11,15,9,1,64,445,2,2,1,6,RUE DE L'EDIT DE NANTES,43.30153,-0.37235
201500031593,25,11,15,16,1,64,445,2,2,3,3,AV DU GENERAL POEYMIRAU,43.29431,-0.35901
201500031594,25,11,15,19,5,64,269,2,1,3,4,22 ROUTE DE  TARBES,43.29961,-0.30926
201500031595,25,11,15,21,5,64,445,2,1,3,6,AVENUE PIERRE MASSE,43.31613,-0.35672
201500031596,26,11,15,13,1,64,129,2,2,3,3,RUE PILAR,43.31535,-0.37797
201500031597,27,11,15,14,1,64,445,2,1,1,3,PLACE DE LA MONNAIE,43.29418,-0.37713
201500031598,30,11,15,9,1,64,445,2,1,1,6,ALLEE DU GRAND TOUR,43.29691,-0.37899
201500031599,30,11,15,12,1,64,445,2,3,1,3,AVENUE ALFRED NOBEL,43.30832,-0.32938
201500031600,1,12,15,8,1,64,445,2,1,1,1,2 AV GASTON LACOSTE,43.29334,-0.3613
201500031601,2,12,15,17,1,64,445,2,1,1,6,RUE D'ORLEANS,43.2991,-0.37231
201500031602,2,12,15,21,5,64,348,2,1,1,2,BD DE L'EUROPE,43.32029,-0.39245
201500031603,3,12,15,7,4,64,129,2,1,1,6,125 AV JEAN MERMOZ,43.31561,-0.378
201500031604,3,12,15,15,1,64,445,2,1,1,6,AVENUE DUFAU,43.3078,-0.36511
201500031605,4,12,15,17,1,64,445,2,1,1,6,5 RUE JEAN MONNET,43.29794,-0.36645
201500031606,5,12,15,9,1,64,445,2,1,1,3,59 RUE CASTETNAU,43.30042,-0.36478
201500031607,5,12,15,17,1,64,445,2,1,1,3,AVENUE LOUIS SALLENAVE,43.31644,-0.36057
201500031608,7,12,15,14,1,64,445,2,1,1,3,46 COURS LYAUTEY,43.30962,-0.36352
201500031609,9,12,15,11,1,64,284,2,1,1,4,PONT D'ESPAGNE,43.29444,-0.38692
201500031610,9,12,15,17,1,64,445,2,2,1,6,RUE DU 14 JUILLET,43.29267,-0.37809
201500031611,10,12,15,7,5,64,445,2,3,1,2,AVENUE FOUCHET,43.313,-0.36989
201500031612,10,12,15,17,1,64,269,2,1,1,4,ROUTE DE TARBES,43.30011,-0.31011
201500031613,11,12,15,13,1,64,445,2,1,1,3,76 ALLEES DE MORLAAS,43.30259,-0.35325
201500031614,11,12,15,14,1,64,445,2,1,1,3,48 COURS LYAUTEY,43.30966,-0.36345
201500031615,12,12,15,3,5,64,284,2,1,1,6,AVENUE RAUSKI,43.26446,-0.38992
201500031616,12,12,15,20,5,64,445,2,1,1,3,BD D'ALSACE LORRAINE,43.30427,-0.36744
201500031617,15,12,15,20,5,64,445,2,1,1,3,108 BOULEVARD TOURASSE,43.31119,-0.35974
201500031618,16,12,15,14,1,64,445,2,1,1,3,RUE ALPHONSE CADIER,43.30583,-0.36108
201500031619,17,12,15,18,5,64,129,2,1,1,2,VOIE NORD SUD,43.29991,-0.41073
201500031620,18,12,15,15,1,64,41,2,1,1,6,PLACE DE LA MAIRIE,43.27831,-2.60916
201500031621,21,12,15,13,1,64,445,2,2,1,3,116 AV JEAN MERMOZ,43.31374,-0.37761
201500031622,21,12,15,19,5,64,445,2,1,1,2,RUE RENE CASSAGNE,43.30594,-0.3524
201500031623,22,12,15,16,1,64,445,2,1,1,5,"38, ALLEES DE MORLAAS",43.3061,-0.34452
201500031624,22,12,15,18,1,64,445,2,1,1,1,BD DE L'EUROPE,43.32876,-0.34145
201500031625,23,12,15,11,1,64,445,2,1,1,6,54 RUE CARNOT,43.30296,-0.36879
201500031626,27,12,15,13,1,64,445,2,2,1,3,2 RUE RIVARES,43.29849,-0.36457
201500031627,27,12,15,14,1,64,445,2,1,1,2,CORPS FRANC POMMIES,43.3054,-2.34953
201500031628,7,1,15,9,1,64,483,1,1,1,2,AVENUE LAHANCHIPIA,43.40158,-1.63358
201500031629,18,3,15,21,5,64,260,2,1,1,3,RUE CHARLES DE GAULLE,43.35284,-1.78147
201500031630,8,1,15,10,1,64,260,2,1,1,3,BD DE LA MER,0.0,0.0
201500031631,21,3,15,17,1,64,483,2,1,2,3,ANDRE ITHURRALDE,43.39279,-1.65233
201500031632,11,1,15,12,1,64,483,2,1,1,6,AVENUE DES PYRENEES,0.0,0.0
201500031633,25,3,15,9,1,64,260,2,1,2,4,ROUTE DE BEHOBIE,43.35112,-1.78289
201500031634,12,1,15,8,2,64,545,2,1,1,2,RD810,0.0,0.0
201500031635,27,3,15,10,1,64,483,2,1,2,6,BOULEVARD VICTOR HUGO,43.388,-1.66021
201500031636,12,1,15,17,1,64,260,2,1,1,6,BD CHARLES DE GAULLE,0.0,0.0
201500031637,27,3,15,16,1,64,260,2,1,2,6,BD CHARLES DE GAULLE,43.3574,-1.77636
201500031638,14,1,15,17,1,64,260,2,1,1,3,BD DU GENERAL LECLERC,0.0,0.0
201500031639,5,4,15,18,1,64,249,1,1,1,2,17 AVENUE GETARIA,43.42553,-1.60413
201500031640,21,1,15,18,5,64,260,2,3,3,3,RUE HAPETENIA,43.35034,-1.76995
201500031641,10,4,15,17,1,64,483,2,1,1,5,AVENUE ITHURRALDE,43.40321,-1.63411
201500031642,28,1,15,19,4,64,249,2,1,2,6,AVENUE GENERAL DE GAULLE,0.0,0.0
201500031643,12,4,15,17,1,64,249,1,1,1,2,AVENUE GETARIA,0.0,0.0
201500031644,2,2,15,7,5,64,483,2,1,2,3,AVENUE ANDRE ITHURRALDE,0.0,0.0
201500031645,24,4,15,10,1,64,260,2,1,1,6,RUE CHARLES DE GAULLE,43.35221,-1.78231
201500031646,12,2,15,16,1,64,260,2,6,1,3,"2, GAULLE CHARLES (RUE D",0.0,0.0
201500031647,24,4,15,17,1,64,260,2,1,1,3,9 RUE DU TUNNEL,43.35648,-1.77149
201500031648,14,2,15,16,1,64,249,2,1,3,2,AVENUE GENERAL DE GAULLE,43.42527,-1.60892
201500031649,25,4,15,18,1,64,483,2,1,1,3,VIEILLE ROUTE SAINT PEE,43.39059,-1.628
201500031650,29,4,15,17,1,64,249,2,1,1,4,AVENUE GETARIA,43.4209,-1.60644
201500031651,22,2,15,14,1,64,483,1,3,1,3,RD810,43.40147,-1.63699
201500031652,30,4,15,17,1,64,483,2,1,1,3,20 AV ITHURRALDE,0.0,0.0
201500031653,2,3,15,8,1,64,189,1,1,2,5,RD810,0.0,0.0
201500031654,2,5,15,13,1,64,189,2,1,1,3,79 AVENUE JAURES JEAN,43.37859,-1.67065
201500031655,8,3,15,13,1,64,545,1,1,1,7,ROUTE D'IBARDIN,43.355,-1.69069
201500031656,3,5,15,18,1,64,189,2,1,8,1,PONT GENERAL DE GAULLE,43.38509,-1.6637
201500031657,8,3,15,18,1,64,483,1,1,1,6,VIEILLE ROUTE SAINT PEE,43.39084,-1.62853
201500031658,4,5,15,18,1,64,483,2,3,1,1,14 RUE JOACHIM ABROUCHE,43.38706,-1.66128
201500031659,9,3,15,16,1,64,545,1,1,1,2,RD810,43.34966,-1.74379
201500031660,8,5,15,16,1,64,260,2,3,1,3,RUE DE BEHOBIE,43.34987,-1.77938
201500031661,10,3,15,10,1,64,260,2,3,1,3,AVENUE DES MAGNOLIAS,43.37115,-1.77584
201500031662,9,5,15,12,1,64,545,1,1,8,1,ROUTE DE LA CORNICHE,43.39144,-1.69904
201500031663,17,3,15,7,1,64,260,2,1,1,2,BOULEVARD DE L EMPEREUR,0.0,0.0
201500031664,11,5,15,15,1,64,483,1,3,1,1,RD810,43.41355,-1.61446
201500031665,12,5,15,9,1,64,260,2,1,1,1,RUE D AIZPURDI,43.3562,-1.77082
201500031666,17,5,15,23,5,64,260,2,1,1,1,63 BD DE L EMPEREUR,43.36242,-1.7619
201500031667,25,5,15,17,1,64,260,2,1,1,1,CD 912,43.37371,-1.77121
201500031668,27,5,15,9,1,64,260,2,3,1,3,20 RUE D' IRANDATZ,43.35355,-1.77258
201500031669,27,5,15,15,1,64,483,2,1,1,2,AVENUE DE CHANTACO,43.37578,-1.63785
201500031670,28,5,15,8,1,64,260,2,1,1,3,ROUTE DE BEHOBIE,43.34701,-1.76617
201500031671,28,5,15,17,1,64,483,2,1,1,6,"46, BERNOVILLE GAETAN",43.4033,-1.64988
201500031672,1,6,15,18,1,64,545,1,1,1,3,BRETELLE DE SOCOA RD 913,43.37756,-1.68713
201500031673,2,6,15,20,1,64,260,2,1,1,3,RUE DES ALLEES,43.35709,-1.77438
201500031674,3,6,15,16,1,64,483,2,1,1,2,AVENUE DE JALDAY,43.40578,-1.62488
201500031675,5,6,15,10,1,64,483,2,1,1,6,RUE MAZARIN JULES,43.38801,-1.66452
201500031676,5,6,15,14,1,64,483,2,1,1,2,AVENUE DE CHANTACO,43.37723,-1.63773
201500031677,10,6,15,10,1,64,483,2,3,1,3,28 RUE PHILIPPE VEYRIN,43.38482,-1.65749
201500031678,12,6,15,18,1,64,545,1,1,1,4,(ROUTE DE LA CORNICHE,43.38464,-1.72026
201500031679,13,6,15,16,1,64,483,1,3,3,3,RD810,43.41271,-1.61675
201500031680,15,6,15,10,1,64,545,2,1,1,3,RD810,43.378,-1.67164
201500031681,15,6,15,17,1,64,483,2,1,1,1,CHEMIN IRACHABAL,43.39266,-1.6271
201500031682,18,6,15,8,1,64,545,2,1,1,6,"22, BERNARD DE CORAL (RU",43.36273,-1.69667
201500031683,20,6,15,17,1,64,260,2,1,1,3,AVENUE BAIE DE CHINGUDY,43.37013,-1.77864
201500031684,22,6,15,8,1,64,545,1,1,1,1,ROUTE DE LA GLACIERE,43.36048,-1.74427
201500031685,24,6,15,14,1,64,260,2,1,1,1,5 RUE DES RESERVOIRS,43.35381,-1.77082
201500031686,29,6,15,11,1,64,483,2,1,1,3,VIEILLE ROUTE SAINT PEE,43.38865,-1.64875
201500031687,2,7,15,13,1,64,260,2,6,1,2,BOULEVARD DE LEMPEREUR,43.35339,-1.77125
201500031688,2,7,15,16,1,64,189,2,1,1,3,44 AVENUE JAURES JEAN,43.38083,-1.66839
201500031689,3,7,15,14,1,64,483,2,1,1,6,BD JEAN MARTIN PASSICOT,43.38619,-1.66035
201500031690,5,7,15,18,1,64,260,2,1,1,6,77 BOULEVARD LECLERC,43.37192,-1.77333
201500031691,7,7,15,13,1,64,189,2,3,1,3,AV F MITTERRAND,43.37998,-1.66208
201500031692,7,7,15,18,1,64,260,2,3,1,3,36 BOULEVARD LECLERC,43.36877,-1.7711
201500031693,8,7,15,5,5,64,189,2,6,1,1,20 AVENUE JEAN  JAURES,43.38448,-1.66642
201500031694,8,7,15,20,1,64,483,2,6,1,1,PONT CHARLES DE GAULLE,43.38521,-1.66343
201500031695,9,7,15,17,1,64,260,2,3,1,1,2 RUE DU TUNNEL,0.0,0.0
201500031696,9,7,15,18,1,64,483,1,1,1,2,RD810,43.4015,-1.63676
201500031697,11,7,15,15,1,64,189,2,6,1,6,CARREFOUR DES EVADES,43.38466,-1.66631
201500031698,12,7,15,19,1,64,260,2,1,1,6,21 BOULEVARD DE LA MER,43.37506,-1.76592
201500031699,16,7,15,11,1,64,483,1,3,1,3,CHEMIN DE SENIX,43.41934,-1.6224
201500031700,18,7,15,18,1,64,545,1,3,1,1,2010 CHEMIN DES CRETES,43.3697,-1.73384
201500031701,20,7,15,17,1,64,483,2,1,1,4,40 AV ANDRE ITHURRALDE,43.39675,-1.64539
201500031702,21,7,15,17,1,64,483,1,1,1,2,VIEILLE ROUT SAINT PEE,0.0,0.0
201500031703,27,7,15,23,5,64,483,2,1,1,1,RD810,43.38385,-1.6662
201500031704,26,7,15,11,1,64,483,2,1,1,3,AVENUE DE CHANTACO,43.22572,-1.38526
201500031705,28,7,15,10,1,64,260,1,1,1,6,23 AVENUE D'ESPAGNE,43.35062,-1.78445
201500031706,30,7,15,16,1,64,260,2,1,1,6,20 RUE D'ORIO,43.36177,-1.75648
201500031707,30,7,15,16,1,64,483,1,1,1,3,RD810,43.4027,-1.63497
201500031708,2,8,15,13,1,64,483,1,1,1,3,ROUTE D'AHETZE,43.4072,-1.60816
201500031709,2,8,15,14,1,64,260,2,1,1,6,AVENUE BAIE DE CHINGUDY,43.36916,-1.77239
201500031710,4,8,15,17,1,64,483,2,1,1,3,AV ANDRE ITHURRALDE,43.39121,-1.65616
201500031711,5,8,15,13,1,64,260,2,1,1,2,ROUTE DE LA CORNICHE,43.37369,-1.75584
201500031712,5,8,15,16,1,64,483,2,1,1,3,RD 810,43.40716,-1.62723
201500031713,7,8,15,10,1,64,483,1,1,1,3,1 RUE DE L'INDUSTRIE,43.34755,-1.77032
201500031714,10,8,15,13,1,64,483,1,3,1,3,AVENUE DE JALDAY,43.40627,-1.62434
201500031715,10,8,15,18,1,64,249,2,1,1,3,RD810,43.42655,-1.60376
201500031716,11,8,15,11,1,64,125,2,1,1,3,AVENUE GETARIA,43.4278,-1.60235
201500031717,13,8,15,17,1,64,189,2,1,1,3,BOULEVAR PIERRE BENOIT,43.38777,-1.67059
201500031718,18,8,15,15,1,64,545,1,1,1,3,RUE DU CAPITAINE PELLOT,0.0,0.0
201500031719,18,8,15,18,1,64,545,2,1,1,3,RD810,43.37476,-1.67867
201500031720,18,8,15,19,1,64,483,2,1,1,2,AV ANDRE ITHURRALDE,43.39526,-1.64805
201500031721,24,8,15,20,1,64,545,1,3,1,3,ROUTE DE LA CORNICHE,43.38637,-1.71107
201500031722,28,8,15,11,1,64,260,2,1,1,3,BOULEVARD DE LA MER,43.37527,-1.76432
201500031723,28,8,15,20,1,64,189,2,1,1,2,BOULEVARD PIERRE BENOIT,43.38847,-1.67911
201500031724,28,8,15,21,5,64,260,2,1,1,3,RUE DE BEHOBIE,43.34927,-1.77059
201500031725,28,8,15,15,1,64,545,2,1,1,4,RD 810,43.37716,-1.67436
201500031726,30,8,15,17,1,64,545,2,1,1,2,RD810,43.35222,-1.73843
201500031727,3,9,15,15,1,64,260,2,3,1,1,RUE NOUVELLE,43.35362,-1.77424
201500031728,4,9,15,17,1,64,260,2,3,1,3,1 RUE DES ROSIERS,43.3688,-1.77114
201500031729,5,9,15,14,1,64,483,2,3,1,3,BV COMMANDANT PASSICOT,43.38615,-1.66105
201500031730,25,9,15,9,1,64,260,2,1,1,2,ROUTE DE LA CORNICHE,43.37371,-1.75585
201500031731,3,10,15,20,2,64,545,2,1,1,6,13 RUE CHARLES PUCHEU,43.3457,-1.76218
201500031732,8,10,15,18,1,64,483,2,1,1,2,AV GREGORIO MARANON,43.38496,-1.66119
201500031733,8,10,15,18,1,64,260,2,2,1,3,RUE ELISSACILIO,43.37279,-1.76859
201500031734,26,9,15,19,1,64,545,1,1,1,1,ROUTE D'IBARDIN,43.36176,-1.69203
201500031735,10,10,15,11,1,64,483,2,1,1,3,ANDRE ITHURRALDE,43.40992,-1.6222
201500031736,10,10,15,17,1,64,545,2,1,1,1,RD810,43.36101,-1.70144
201500031737,10,10,15,18,1,64,545,2,1,1,7,RD810,43.35018,-1.74752
201500031738,15,10,15,12,1,64,260,2,1,1,3,AV BAIE DE CHINGUDY,43.36836,-1.77178
201500031739,23,10,15,9,1,64,483,2,1,1,6,AVENUE DE VERDUN,43.38651,-1.66302
201500031740,24,10,15,17,1,64,483,2,1,1,3,AV ANDRE ITHURRALDE,0.0,0.0
201500031741,25,10,15,1,3,64,189,2,1,1,6,1930 ROUTE D' ASCAIN,43.36123,-1.64047
201500031742,26,10,15,19,5,64,189,2,1,1,3,RUE ARISTIDE BOUROUSSE,43.38273,-1.66547
201500031743,5,11,15,9,1,64,189,2,1,1,3,CARREFOUR DES EVADES,43.38461,-1.6662
201500031744,30,10,15,18,5,64,545,2,1,1,1,RD810,43.36176,-1.69618
201500031745,6,11,15,9,1,64,189,1,1,1,3,AV FRANCOIS MITTERRAND,43.38089,-1.66274
201500031746,12,11,15,17,1,64,483,1,1,1,1,VIEILLE ROUTE SAINT PEE,0.0,0.0