Num_Acc,jour,mois,an,hr,condition_eclairage,departement,commune,condition_agglomeration,intersection,condition_atmosphere,type_collision,adresse,lattitude,longitude
201500031747,13,11,15,8,1,64,545,2,1,1,1,6 ROUTE DE LA CORNICHE,43.39053,-1.68594
201500031748,13,11,15,10,1,64,483,1,3,1,3,RD 810,43.41349,-1.6145
201500031749,16,10,15,18,1,64,483,2,1,1,5,26 AVENUE DE CHANTACO,43.38252,-1.64916
201500031750,19,11,15,18,1,64,249,2,3,1,3,RD810,43.42431,-1.60466
201500031751,20,11,15,19,5,64,545,2,1,8,2,RD810,43.37763,-1.67326
201500031752,21,11,15,19,3,64,545,2,1,3,2,RD810,43.35692,-1.73548
201500031753,24,11,15,17,1,64,483,2,1,2,5,59 AV ANDRE ITHURRALDE,43.3958,-1.64718
201500031754,25,11,15,15,1,64,260,2,1,3,2,BOULEVARD DE L'EMPEREUR,43.35658,-1.76602
201500031755,4,12,15,10,1,64,483,2,1,1,6,AVENUE DE VERDUN,43.38631,-1.6598
201500031756,4,12,15,13,1,64,483,2,1,1,2,RD810,43.40194,-1.63636
201500031757,9,12,15,8,1,64,189,2,1,8,2,RD810,43.38168,-1.66765
201500031758,12,12,15,13,1,64,483,1,1,1,6,AVENUE DE JALDAY,43.40506,-1.62591
201500031759,19,12,15,10,1,64,260,2,1,1,3,BOULEVARD DE L'EMPEREUR,43.36031,-1.76289
201500031760,21,12,15,15,1,64,483,2,1,1,2,RD 810,43.39097,-1.65421
201500031761,19,2,15,10,1,64,483,2,1,7,6,AV PIERRE LARRAMENDY,43.38572,-1.66269
201500031762,20,3,15,18,2,65,286,2,1,3,6,"1, SAINT-PIERRE (RUE)",43.09685,-0.04596
201500031763,6,4,15,17,1,65,286,1,1,1,4,"2, PAU (ROUTE  DE)",43.1095,-0.07002
201500031764,6,4,15,18,1,65,286,2,1,1,2,"3, ABADIE (Avenue Fran?o",43.1082,-0.03914
201500031765,10,4,15,8,1,65,286,2,1,1,6,"4, ESPAGNE (BOULEVARD D'",43.0882,-0.04293
201500031766,14,4,15,16,1,65,286,2,1,1,6,"1, CHAMP COMMUN (PLACE )",43.09425,-0.04733
201500031767,18,4,15,16,1,65,286,2,1,1,6,"12, MARANSIN (CHAUSSEE)",43.09853,-0.04552
201500031768,11,6,15,14,1,65,286,2,2,1,3,"1, LAPACCA (BOULEVARD DU",43.0972,-0.03852
201500031769,17,6,15,11,1,65,286,2,1,1,3,"42, PEYRAMALE (AVENUE)",43.0927,-0.05517
201500031770,18,6,15,8,1,65,286,2,1,1,2,"6, ESPAGNE (BOULEVARD D'",43.0871,-0.04316
201500031771,22,6,15,8,1,65,286,1,1,1,2,"1, Route Nationale 21",43.1164,-0.0328
201500031772,5,7,15,6,5,65,286,2,9,1,6,"21, FOCH (AVENUE MARECHA",43.0899,-0.04622
201500031773,9,7,15,19,1,65,286,2,3,1,1,"1, LAGARDERE (AVENUE FRA",43.08926,-0.04611
201500031774,7,8,15,17,1,65,286,2,1,1,2,VIZENS (AVENUE DE),43.1057,-0.06471
201500031775,26,8,15,16,1,65,286,2,1,1,6,"1, MICHELET (RUE EDMOND)",43.0894,-0.04677
201500031776,28,8,15,11,1,65,286,2,1,1,3,"7, LAGARDERE (AVENUE FRA",43.089,-0.04611
201500031777,3,9,15,15,1,65,286,2,7,2,6,"1, LAURENCE (PLACE MONSE",43.0967,-0.05461
201500031778,10,8,15,17,1,65,286,2,1,1,1,"36, ESPAGNE (BOULEVARD D",43.0932,-0.03891
201500031779,23,9,15,8,1,65,286,1,1,2,6,"15/01/2016, RD921B-COTE",43.0757,-0.04085
201500031780,26,9,15,7,5,65,286,2,1,1,6,"1, CHAMP COMMUN (PLACE)",43.0935,-0.04709
201500031781,28,9,15,17,1,65,286,2,1,1,3,"25, LAPACCA (BOULEVARD D",43.0967,-0.03809
201500031782,9,10,15,18,1,65,286,1,1,1,4,"1, Route Nationale 21",43.1162,-0.03296
201500031783,17,10,15,12,1,65,286,1,1,1,1,"36, FOCH (AVENUE MARECHA",43.0909,-0.04617
201500031784,24,10,15,10,1,65,286,2,6,1,3,"1, ROND POINT DE L EUROP",43.1074,-0.03976
201500031785,2,12,15,14,1,65,286,2,1,1,6,"1, PYRENEES (PLACE DES)",43.093,-0.04866
201500031786,18,12,15,13,1,65,286,1,1,1,1,RN21,43.1251,-0.02697
201500031787,11,1,15,16,1,65,286,2,1,1,4,"43, LAGARDERE (AVENUE FR",43.08586,-0.0459
201500031788,19,2,15,20,5,65,286,2,1,1,1,"45, JEAN PRAT(AVENUE)",43.1094,-0.07001
201500031789,8,3,15,18,2,65,286,2,1,1,1,"58, PAU (RUE DE)",43.09958,-0.05161
201500031790,2,1,15,10,1,65,440,2,1,1,6,MARTINET (BOULEVARD DU),43.23824,0.0825
201500031791,17,3,15,13,1,65,440,2,2,1,5,ALSACE LORRAINE (AVENUE),43.24452,0.07341
201500031792,6,1,15,8,1,65,417,2,6,1,3,GUINIER (RUE DU DOCTEUR),43.22386,0.09426
201500031793,17,3,15,13,1,65,440,2,2,1,3,"., DIDEROT (RUE)",43.24534,0.07438
201500031794,8,1,15,11,1,65,417,2,1,1,2,"., ALSTHOM (PONT)",43.22338,0.09249
201500031795,20,3,15,16,1,65,440,2,1,8,4,JOFFRE (AVENUE DU MARECH,43.23944,0.06553
201500031796,20,1,15,8,1,65,100,1,2,1,3,BOURS (ROUTE DE),43.26807,0.07649
201500031797,23,3,15,8,1,65,47,2,2,2,6,"82, JAURES (AVE JEAN)",43.2434,0.09565
201500031798,21,1,15,7,5,65,440,2,1,1,6,"., DEBUSSY (BOULEVARD CL",43.221,0.06131
201500031799,25,3,15,12,1,65,440,2,1,8,3,"4, LIBERATION (AVENUE DE",43.2432,0.06735
201500031800,2,2,15,6,5,65,440,2,2,1,3,"1, NELLY (RUE JOSEPH)",43.23993,0.07709
201500031801,26,3,15,9,1,65,440,2,1,1,6,"., ADOUR (QUAI DE L')",43.23128,0.08754
201500031802,26,2,15,14,1,65,440,2,3,2,6,"1, PASTEUR (RUE)",43.2354,0.06666
201500031803,29,3,15,1,3,65,226,1,1,1,6,"., PAU (ROUTE DE)",43.24161,-0.02051
201500031804,28,2,15,4,5,65,440,2,2,1,3,FOCH (RUE DU MARECHAL),43.2322,0.07837
201500031805,2,4,15,18,1,65,100,2,3,1,2,"., CASSIN (RUE RENE)",43.26699,0.06758
201500031806,4,3,15,16,1,65,100,2,1,1,6,"5, CROIZAT (RUE A.)",43.2572,0.05181
201500031807,3,4,15,20,5,65,440,2,1,1,6,"26, VERDUN (PLACE DE)",43.2336,0.07432
201500031808,5,3,15,10,1,65,440,2,2,1,6,"1ter, BYE (RUE RENE)",43.2351,0.07166
201500031809,8,4,15,21,5,65,440,2,3,1,3,"4, MARNE (AVENUE DE LA)",43.23171,0.08546
201500031810,5,3,15,12,1,65,433,2,1,1,2,"23, FOURCADE (RUE ANDRE)",43.2067,0.09898
201500031811,10,4,15,21,5,65,440,2,1,1,1,"2, MAI 1945 (BOULEVARD D",43.219,0.07152
201500031812,11,3,15,8,1,65,440,2,3,1,3,"., AMSTRONG (RUE NEIL)",43.2175,0.0861
201500031813,26,4,15,1,5,65,440,2,1,1,1,"., FORGES (AVENUE DES )",43.2408,0.0821
201500031814,15,3,15,19,4,65,440,2,3,1,3,"29, SEPTEMBRE (RUE DU IV",43.2289,0.08053
201500031815,27,4,15,21,5,65,440,2,3,1,3,"74, JOFFRE (AV DU MAR",43.2395,0.0657
201500031816,30,4,15,12,1,65,417,1,2,1,3,"., MITTERRAND (AVENUE FR",43.22416,0.10167
201500031817,30,4,15,16,1,65,100,2,2,1,3,"., SEMARD (RUE PIERRE)",43.2523,0.05401
201500031818,6,5,15,11,1,65,440,2,1,1,6,"11, FOULON (RUE DU)",43.2299,0.08253
201500031819,10,5,15,10,1,65,440,2,6,1,3,SAINTE-CATHERINE (RUE),43.2315,0.06155
201500031820,17,5,15,0,5,65,440,2,2,1,3,"., FOULON (RUE DU)",43.2304,0.08222
201500031821,20,5,15,11,1,65,440,2,2,2,6,"., LASSALLE (RUE GEORGES",43.2349,0.07153
201500031822,29,5,15,9,1,65,440,2,2,1,6,"., SAINT-EXUPERY (AVENUE",43.2445,0.07331
201500031823,30,5,15,4,5,65,440,2,1,2,6,"., DEBUSSY (BOULEVARD CL",43.2212,0.06052
201500031824,2,6,15,17,1,65,417,1,1,1,3,"145, MITTERRAND (AVENUE",43.2134,0.11336
201500031825,3,6,15,20,1,65,440,2,2,1,6,SOLFERINO (RUE),43.2381,0.06571
201500031826,5,6,15,22,5,65,440,2,2,1,3,"., SAINT-EXUPERY (AVENUE",43.24407,0.06645
201500031827,9,6,15,16,1,65,440,2,1,1,6,"43, SAINT-EXUPERY (AVENU",43.2443,0.07168
201500031828,14,6,15,0,3,65,226,1,1,2,7,", BAGNERES (CHEMIN DU)",43.2246,0.02656
201500031829,17,6,15,10,1,65,100,1,2,1,3,"., BOURS (ROUTE DE)",43.2683,0.07686
201500031830,19,6,15,12,1,65,440,2,2,1,3,FORGES (AVENUE DES),43.2408,0.07737
201500031831,22,6,15,15,1,65,100,2,2,1,3,COMMANDEUR (AVENUE DU),43.2584,0.03954
201500031832,22,6,15,18,1,65,251,2,1,1,6,"5, ALLEE (RUE DE L')",43.2102,0.07486
201500031833,26,6,15,11,1,65,100,1,2,1,3,"5, BOURS (ROUTE DE)",43.2683,0.07686
201500031834,26,6,15,14,1,65,100,1,1,1,3,"., BORDEAUX (ROUTE DE) C",43.2644,0.07139
201500031835,29,6,15,18,1,65,440,2,2,1,3,"., RENAUDET (BOULEVARD P",43.2444,0.07326
201500031836,30,6,15,8,1,65,100,2,1,1,4,"70, BORDEAUX (ROUTE DE)",43.2655,0.07128
201500031837,18,7,15,20,1,65,440,2,3,3,3,"., FRATERNITE (RUE DE LA",43.2219,0.08474
201500031838,20,7,15,18,1,65,440,2,1,1,6,"18, GONNES (RUE DE)",43.2298,0.07533
201500031839,24,7,15,18,1,65,226,1,1,1,5,"., PAU (ROUTE DE)",43.24223,0.00055
201500031840,25,7,15,10,1,65,100,1,1,1,1,BORDEAUX (RTE DE) CD 902,43.2475,0.03997
201500031841,30,7,15,20,1,65,440,2,2,1,1,"., FORGES (AVENUE DES)",43.2392,0.08512
201500031842,5,8,15,15,1,65,226,2,2,1,3,", PAU (ROUTE DE)",43.24318,-0.00889
201500031843,13,8,15,8,1,65,433,2,3,1,3,"., CURIE (BOULEVARD JOLI",43.2081,0.09487
201500031844,17,8,15,14,1,65,226,1,1,2,3,"., GABIZOS (Rue du)",43.2197,0.03079
201500031845,18,8,15,10,1,65,440,2,1,1,3,"39, CORPS FRANC POMMIES",43.2359,0.06148
201500031846,21,8,15,15,1,65,440,2,5,1,3,", LATTRE DE TASSIGNY(BOU",43.228,0.05651
201500031847,28,8,15,19,1,65,440,2,1,1,6,"3, JAURES (PLACE JEAN)",43.2323,0.07756
201500031848,4,9,15,12,1,65,440,2,3,1,5,ALSACE LORRAINE (AVENUE),43.2496,0.07276
201500031849,8,9,15,9,1,65,417,2,1,1,3,"132, MITTERRAND (AVENUE",43.2135,0.11334
201500031850,8,9,15,12,1,65,440,2,1,1,6,"8, FOURCADE (RUE ANDRE)",43.2344,0.07781
201500031851,9,9,15,18,1,65,440,2,2,1,3,"., GAUTIER (RUE THEOPHIL",43.2336,0.07565
201500031852,11,9,15,9,1,65,226,1,2,1,3,"., DEPARTEMENTALE 64 (RO",43.2467,0.04213
201500031853,24,9,15,11,1,65,417,2,1,1,5,"., SAINT FRAI (PONT)",43.2292,0.09157
201500031854,25,9,15,8,1,65,440,2,1,1,6,"9, SEPTEMBRE (RUE DU IV)",43.2284,0.07685
201500031855,25,9,15,17,1,65,433,1,1,1,1,"., PYRENEES (AVENUE DES",43.19537,0.10055
201500031856,28,9,15,18,1,65,440,2,3,1,3,REGIMENT DE BIGORRE (AVE,43.2284,0.07005
201500031857,29,9,15,11,1,65,100,1,1,1,2,"., BORDEAUX (ROUTE DE) C",43.26833,0.07113
201500031858,1,10,15,9,1,65,440,2,2,1,3,"., MARTINET (BOULEVARD D",43.23293,0.08637
201500031859,9,10,15,20,1,65,47,1,1,1,3,"., SPORTS (AVE DES)",43.2352,0.10411
201500031860,14,10,15,7,2,65,433,2,1,1,5,"23, FOURCADE (RUE ANDRE)",43.2067,0.09909
201500031861,15,10,15,14,1,65,440,2,2,1,1,MERMOZ (AVENUE JEAN),43.2435,0.05893
201500031862,15,10,15,15,1,65,440,2,2,1,2,PEREIRE (RUE EMILE),43.2388,0.07851
201500031863,21,10,15,10,1,65,440,2,1,1,6,"56, MARTINET (BOULEVARD",43.2375,0.08326
201500031864,23,10,15,11,1,65,331,1,1,1,3,"78, LOURDES (AVENUE DE)",43.2103,0.04739
201500031865,27,10,15,13,1,65,440,2,1,1,6,"63, CARNOT (RUE)",43.2191,0.07083
201500031866,27,10,15,19,2,65,440,2,2,1,3,"., REGIMENT DE BIGORRE (",43.2254,0.06943
201500031867,29,10,15,16,1,65,440,2,3,1,3,"14, TORNE (RUE ABBE)",43.2337,0.07243
201500031868,12,11,15,8,1,65,440,2,6,8,3,SAINT FRAI (ROND POINT),43.2287,0.0882
201500031869,15,11,15,17,1,65,251,2,1,1,2,"., ALLEE (RUE DE L')",43.2105,0.07733
201500031870,19,11,15,14,1,65,440,2,6,1,2,"., FERRE (PLACE)",43.2284,0.0757
201500031871,23,11,15,17,1,65,440,2,1,1,6,"42, DUPARC (RUE HENRI)",43.2251,0.05759
201500031872,26,11,15,8,1,65,440,2,1,1,6,"22, CRONSTADT (RUE DE)",43.2285,0.07492
201500031873,26,11,15,8,1,65,440,2,1,1,6,"., DREYT (RUE GASTON)",43.2309,0.06518
201500031874,27,11,15,11,1,65,440,2,2,1,3,"., MARTINET (RUE DU)",43.2346,0.08409
201500031875,28,11,15,17,2,65,226,1,1,1,3,"., OURSBELILLE (ROUTE D'",43.2511,0.0188
201500031876,7,12,15,17,1,65,440,2,1,1,3,"., SEPTEMBRE (RUE DU IV)",43.2284,0.07605
201500031877,11,12,15,13,1,65,440,2,3,1,3,"47, AZEREIX (AVENUE D')",43.2235,0.04885
201500031878,14,12,15,7,5,65,440,2,1,1,3,"13, JOFFRE (AVENUE DU MA",43.2396,0.07255
201500031879,19,12,15,3,5,65,440,2,1,1,2,"148, REGIMENT DE BIGORRE",43.2258,0.06683
201500031880,25,12,15,10,1,65,440,2,9,1,6,"., PAUL (BOULEVARD JEAN",43.2229,0.09098
201500031881,26,12,15,9,1,65,440,2,1,1,3,"121, CORPS FRANC POMMIES",43.2366,0.05538
201500031882,29,12,15,11,1,65,47,2,3,1,3,"., JAURES (AVE JEAN)",43.2434,0.09565
201500031883,4,7,15,10,1,90,167,2,1,1,1,RD 919 AV. REPUBLIQUE,43.27602,1.34786
201500031884,10,8,15,16,1,90,181,1,1,1,6,,43.06709,1.35544
201500031885,1,1,15,2,5,66,136,2,1,1,7,BENOIT PIERRE,42.68727,2.91521
201500031886,6,1,15,11,1,66,136,2,1,1,6,"4, CLEMENCEAU BOULEVARD",42.70109,2.89275
201500031887,12,1,15,14,1,66,136,2,1,1,6,JUGAN,42.67413,2.90467
201500031888,15,1,15,11,1,66,136,2,1,1,6,FOCH MARECHAL,42.69491,2.88919
201500031889,16,1,15,19,2,66,136,2,1,1,2,LANGUEDOC AVENUE DU,42.73224,2.88943
201500031890,20,1,15,7,2,66,136,2,3,1,3,WATTEAU ANTOINE,42.66462,2.90791
201500031891,20,1,15,8,1,66,136,1,1,1,3,GAUGUIN AVENUE PAUL,42.71737,2.89087
201500031892,21,1,15,8,1,66,136,2,1,1,6,MERCADER BOULEVARD FELI,42.69258,2.8919
201500031893,20,1,15,13,1,66,136,2,1,1,6,ANCIEN CHAMP DE MARS AVE,42.70499,2.89043
201500031894,22,1,15,11,1,66,136,2,1,1,6,SAINT-ASSISCLE BOULEVAR,42.69612,2.87833
201500031895,23,1,15,22,5,66,136,1,1,6,6,R D 900,42.69468,2.85055
201500031896,26,1,15,1,3,66,136,2,1,1,2,POINCARE BOULEVARD HENR,42.69115,2.89867
201500031897,23,1,15,18,5,66,136,2,1,1,2,ARGELES SUR MER AVENU,42.68158,2.91052
201500031898,2,2,15,17,2,66,136,1,1,1,2,ARCADES RD POINT,42.67435,2.88798
201500031899,4,2,15,0,5,66,136,2,1,1,6,"8, VARIETES",42.70221,2.89394
201500031900,5,2,15,18,5,66,136,2,1,1,6,KENNEDY BD JOHN-FITZGER,42.69053,2.90168
201500031901,6,2,15,8,1,66,136,1,1,1,4,R D 900,0.0,0.0
201500031902,6,2,15,10,1,66,136,1,1,1,6,"93, FOCH (MARECHAL)",42.69426,2.88842
201500031903,12,2,15,17,1,66,136,2,1,1,3,JULIEN PANCHOT (AVENUE),42.69085,2.88115
201500031904,13,2,15,12,1,66,136,2,1,1,2,R D 900,0.0,0.0
201500031905,14,2,15,11,1,66,136,2,1,1,6,"11, PASSIO-VELLA (CHEMIN",42.6866,2.89976
201500031906,16,2,15,23,5,66,136,2,1,1,6,"66, DESNOYE (BOULEVARD D",42.7139,2.8861
201500031907,15,2,15,11,1,66,136,2,1,1,3,DALBIEZ (AVENUE VICTOR),42.6896,2.88445
201500031908,13,2,15,19,3,66,136,1,1,1,3,"6, BLANC AVENUE ROSETTE",42.69898,2.90643
201500031909,19,2,15,9,1,66,136,2,1,1,6,PERI (PLACE GABRIEL),42.69867,2.89127
201500031910,20,2,15,11,1,66,136,2,1,1,2,"60, MERCADER (BOULEVARD",42.69239,2.89205
201500031911,1,3,15,19,2,66,136,2,1,1,3,";, PALAIS-DES-EXPO (AVEN",42.70777,2.90241
201500031912,1,3,15,9,1,66,136,1,1,1,3,R D 900,42.67829,2.88058
201500031913,3,3,15,8,1,66,136,1,2,1,3,MAS-PASSAMA (CHEMIN DU),42.65862,2.8744
201500031914,9,3,15,19,5,66,136,2,1,1,6,ALDUY (Paul),42.67862,2.90472
201500031915,11,3,15,7,1,66,136,1,1,1,6,"1935, ESPAGNE (ROUTE D')",42.672,2.88645
201500031916,12,3,15,10,1,66,136,2,1,1,3,"., COQUELICOTS (DES)",42.70444,2.90218
201500031917,13,3,15,10,1,66,136,2,1,1,7,CLEMENCEAU (BOULEVARD),42.69934,2.88859
201500031918,13,3,15,10,1,66,136,2,1,1,6,"., GILLES (AVENUE GENERA",42.69682,2.92287
201500031919,13,3,15,7,1,66,136,2,1,1,6,"11, PAYRA (JEAN)",42.70179,2.8933
201500031920,16,3,15,13,1,66,136,2,1,2,6,"10, FRANCE (BOULEVARD AN",42.6973,2.90397
201500031921,17,3,15,14,1,66,136,2,1,1,3,PONT-TRENCAT (CAMI DEL),42.67024,2.85928
201500031922,22,3,15,17,1,66,136,2,1,1,3,"., PANCHOT (AVENUE JULIE",42.68809,2.87364
201500031923,23,3,15,7,1,66,136,2,2,2,3,VIGNES (DES),42.70483,2.88644
201500031924,25,3,15,15,1,66,136,2,1,1,3,"65, AERODROME AVENUE DE",42.72452,2.88218
201500031925,29,3,15,11,1,66,136,2,1,1,6,"63, JUIN (AVENUE DU MARE",42.6874,2.90108
201500031926,27,3,15,6,1,66,136,1,1,1,6,R D 900,0.0,0.0
201500031927,1,4,15,12,1,66,136,2,1,6,6,"., ALDUY (Paul)",42.67565,2.90506
201500031928,5,4,15,12,1,66,136,2,1,1,6,JOFFRE (AVENUE DU MARECH,42.71762,2.88722
201500031929,6,4,15,20,3,66,136,2,1,1,3,BERGES ARISTIDE,42.73026,2.89412
201500031930,10,4,15,23,5,66,136,2,1,1,6,";, JOFFRE (AVENUE DU MAR",42.70656,2.89184
201500031931,9,4,15,8,1,66,136,2,1,1,2,PASCOT (AVENUE PAUL),42.67548,2.84836
201500031932,9,4,15,11,1,66,136,2,2,1,3,JUIN (AVENUE DU MARECHAL,42.68818,2.89709
201500031933,13,4,15,17,1,66,136,2,1,1,6,CASALS Pau (Av),42.71765,2.88597
201500031934,15,4,15,10,1,66,136,2,1,1,6,"3, POINCARE (BOULEVARD H",42.69153,2.89356
201500031935,23,4,15,18,1,66,136,2,1,1,6,"5, KENNEDY (BD JOHN-FITZ",42.68978,2.9026
201500031936,26,4,15,4,3,66,136,1,1,8,6,Départementale  617,0.0,0.0
201500031937,24,4,15,16,1,66,136,2,1,1,6,"., CLEMENCEAU (BOULEVARD",42.6986,2.8874
201500031938,4,5,15,17,1,66,136,2,1,1,6,GAULLE (AVENUE GENERAL D,42.69798,2.88658
201500031939,6,5,15,17,1,66,136,1,1,1,6,Départementale 914,0.0,0.0
201500031940,10,5,15,6,1,66,136,2,2,1,3,KENNEDY BD JOHN-FITZ,42.69063,2.90132
201500031941,10,5,15,12,1,66,136,2,1,1,6,MERCADER BOULEVARD F,42.69165,2.893
201500031942,9,5,15,18,1,66,136,2,2,1,3,"., BRUTUS AVENUE GILBERT",42.69374,2.89125
201500031943,8,5,15,11,1,66,136,2,1,1,6,"., GUYNEMER (AVENUE GEOR",42.69523,2.90244
201500031944,8,5,15,17,1,66,136,2,1,1,6,"31, BRIAND BOULEVARD ARI",42.69531,2.9023
201500031945,9,5,15,10,1,66,136,1,1,1,2,Départementale 914,0.0,0.0
201500031946,13,5,15,17,1,66,136,2,1,1,4,Départementale 914,0.0,0.0
201500031947,18,5,15,12,1,66,136,2,2,1,3,SAINTE-BARBE CHEMIN,42.67316,2.85813
201500031948,25,5,15,11,1,66,136,2,1,6,6,ZAMENHOP DOCTEUR LUD,42.69701,2.89061
201500031949,29,5,15,10,1,66,136,2,2,1,1,CASSIN AVENUE RENE,42.68123,2.89615
201500031950,4,6,15,6,1,66,136,1,1,1,3,"., ANCIEN CHEMIN DE BOMP",42.70942,2.90554
201500031951,5,6,15,20,2,66,136,1,1,1,1,rd91,0.0,0.0
201500031952,7,6,15,9,1,66,136,2,1,1,5,"., ESCARGUEL (COURS LAZA",42.69864,2.88728
201500031953,9,6,15,14,1,66,136,1,1,1,2,"3170, PRADES AVENUE DE",0.0,0.0
201500031954,9,6,15,17,1,66,136,2,1,1,6,"., FOMENT DE LA SARDANE",42.72445,2.88041
201500031955,10,6,15,16,1,66,136,2,1,1,6,"02, FERMAT (PIERRE DE)",42.70793,2.89307
201500031956,26,11,15,15,1,66,136,1,1,2,6,ROUTE NATIONALE 9,42.6945,2.84932
201500031957,17,6,15,7,1,66,136,1,1,1,6,"., R D 900",0.0,0.0
201500031958,15,6,15,14,1,66,136,2,1,1,3,"837, INDUSTRIE (AVENUE D",42.73103,2.9008
201500031959,17,6,15,8,1,66,136,2,1,1,1,"., ESPAGNE (ROUTE D')",42.68308,2.89524
201500031960,19,6,15,17,1,66,136,2,1,1,2,"., DESNOYE (BOULEVARD DR",42.70871,2.88593
201500031961,2,7,15,14,1,66,136,2,1,1,6,"1152, LANGUEDOC (AVENUE",42.73124,2.88918
201500031962,3,7,15,12,1,66,136,2,1,1,3,ALDUY (Paul),42.67991,2.90354
201500031963,5,7,15,4,5,66,136,2,6,1,3,FRANCE LIBRE (BOULEVARD,42.70534,2.90188
201500031964,8,7,15,8,1,66,136,2,1,1,2,VIELLEDENT (JEAN),42.69611,2.89909
201500031965,9,7,15,9,1,66,136,2,1,1,1,R D 900,42.7023,2.88536
201500031966,9,7,15,16,1,66,136,1,1,1,3,R D 900,42.67044,2.85706
201500031967,9,7,15,17,1,66,136,2,1,1,6,CASSIN (AVENUE RENE),42.68116,2.89402
201500031968,9,7,15,18,1,66,136,1,6,1,2,FRANCE LIBRE (BOULEVARD,42.70763,2.90907
201500031969,10,7,15,11,1,66,136,2,1,1,3,NUNGESSER-ET-COLI (BOULE,42.6818,2.89267
201500031970,13,7,15,20,2,66,136,2,2,1,3,AERODROME AVENUE DE L'(C,42.72194,2.88509
201500031971,13,7,15,12,1,66,136,2,1,1,2,ALBERT MARCELLIN,42.69008,2.89204
201500031972,16,7,15,16,1,66,136,2,1,1,2,ROUDAYRE (AVENUE EMILE),42.70911,2.89853
201500031973,18,7,15,7,1,66,136,2,1,1,6,JUIN (AVENUE DU MARECHAL,42.68729,2.90128
201500031974,25,7,15,2,5,66,136,2,1,1,6,"., GUILLAUD (AVENUE GENE",42.68872,2.89463
201500031975,26,7,15,19,1,66,136,2,1,1,6,CARSALADE-DU-PONT(AVENUE,42.68819,2.90026
201500031976,21,8,15,18,1,66,136,1,1,1,4,Départementale 914,0.0,0.0
201500031977,24,8,15,15,1,66,136,1,1,1,4,R D 900,42.67085,2.85627
201500031978,25,8,15,11,1,66,136,1,1,1,3,PONT-TRENCAT (CAMI DEL),42.67085,2.85606
201500031979,26,8,15,17,1,66,136,1,1,1,3,"43, POINCARE (BOULEVARD",42.69137,2.89678
201500031980,29,8,15,14,1,66,136,2,1,1,6,"33, LECLERC (AVENUE DU G",42.70115,2.89028
201500031981,30,8,15,19,1,66,136,1,1,1,7,R D 900,42.67831,2.88059
201500031982,3,9,15,10,1,66,136,1,1,2,7,D 616,0.0,0.0
201500031983,4,9,15,8,1,66,136,2,4,1,3,"17, PIA (TRAVERSE DE)",42.70732,2.89337
201500031984,5,9,15,14,1,66,136,1,1,1,2,R D 900,0.0,0.0
201500031985,6,9,15,22,4,66,136,2,1,1,3,DESNOYE (BOULEVARD DR. J,42.7148,2.88706
201500031986,7,9,15,9,1,66,136,1,1,1,3,Départementale 914,0.0,0.0
201500031987,7,9,15,13,1,66,136,1,1,1,3,ANCIEN CHEMIN DE BOMPAS,42.71331,2.90587
201500031988,13,9,15,8,1,66,136,2,1,1,3,INDUSTRIE (AVENUE DE L'),42.72973,2.89814
201500031989,11,9,15,8,1,66,136,1,1,1,1,FAUCEILLE (CHEMIN DE LA),42.67114,2.8956
201500031990,11,9,15,23,5,66,136,2,1,1,6,"24, KENNEDY (BD JOHN-FIT",42.68864,2.90407
201500031991,14,9,15,19,1,66,136,2,1,1,3,"31, ALDUY (Paul)",42.67075,2.90501
201500031992,17,9,15,10,1,66,136,1,1,1,1,MAILLOLES (CHEMIN),42.68009,2.86849
201500031993,21,9,15,10,1,66,136,2,1,1,3,"., ALDUY (Paul)",42.68486,2.90188
201500031994,20,9,15,16,1,66,136,1,1,1,6,"., GRANDE BRETAGNE (AVEN",42.69804,2.88659
201500031995,2,10,15,9,1,66,136,2,1,1,6,GAUGUIN (AVENUE PAUL),42.71731,2.89084
201500031996,6,10,15,19,1,66,136,2,1,1,1,"., PERRIN (JEAN)",42.73425,2.88733
201500031997,6,10,15,20,5,66,136,2,1,1,1,"., DALBIEZ (AVENUE VICTO",42.68554,2.88213
201500031998,15,10,15,17,1,66,136,1,1,1,6,"., TORCATIS (AVENUE LOUI",42.703,2.8864
201500031999,16,10,15,7,1,66,136,1,1,1,3,FAUCEILLE (CHEMIN DE LA),42.66995,2.90496
201500032000,16,10,15,18,2,66,136,2,1,1,6,"., ARGELES SUR MER AVENU",42.68383,2.90926