Num_Acc,jour,mois,an,hr,condition_eclairage,departement,commune,condition_agglomeration,intersection,condition_atmosphere,type_collision,adresse,lattitude,longitude
201500032001,17,10,15,18,1,66,136,1,1,1,6,"., ESPAGNE (ROUTE D')",42.67027,2.88275
201500032002,17,10,15,19,2,66,136,2,1,1,6,"31, MERCADER (BOULEVARD",42.69261,2.89196
201500032003,18,10,15,22,3,66,136,1,1,1,1,SAINT CHARLES (ROCADE),0.0,0.0
201500032004,23,10,15,15,1,66,136,2,1,1,3,Départementale  617,42.69902,2.92932
201500032005,24,10,15,9,1,66,136,2,1,1,6,MISTRAL (BOULEVARD FREDE,42.6979,2.90549
201500032006,27,10,15,18,1,66,136,1,1,1,6,ROUDAYRE (AVENUE EMILE),42.70703,2.90002
201500032007,2,11,15,10,1,66,136,2,1,1,6,MIRABEAU (VICTOR),42.69921,2.89492
201500032008,3,11,15,13,1,66,136,1,1,1,3,ESPAGNE (ROUTE D'),0.0,0.0
201500032009,3,11,15,11,1,66,136,1,1,1,2,"., COPENHAGUE (ROND POIN",42.6911,2.852
201500032010,4,11,15,13,1,66,136,1,1,1,6,COURTY (PAUL),42.69874,2.88901
201500032011,4,11,15,14,1,66,136,1,1,1,3,PRADES (AVENUE DE),42.69301,2.84845
201500032012,6,11,15,16,1,66,136,1,1,1,3,CASSIN (AVENUE RENE),42.68121,2.89442
201500032013,11,11,15,9,1,66,136,2,1,1,3,SAINT-ASSISCLE (BOULEVAR,42.69607,2.87833
201500032014,11,11,15,13,1,66,136,2,1,1,3,POINCARE (BOULEVARD HENR,42.69127,2.89653
201500032015,13,11,15,11,1,66,136,2,1,1,6,"14, GUYNEMER (AVENUE GEO",42.69425,2.90405
201500032016,13,11,15,14,1,66,136,2,1,1,6,PEGUY (CHARLES),42.69358,2.90714
201500032017,16,11,15,8,1,66,136,1,1,1,4,Départementale 914,0.0,0.0
201500032018,16,11,15,8,1,66,136,2,1,1,6,"., COQUELICOTS (DES)",42.70306,2.90341
201500032019,19,11,15,9,1,66,136,2,1,1,6,"., SANT-VICENS",42.69297,2.91533
201500032020,23,11,15,17,2,66,136,2,1,1,4,"., BLANC AVENUE ROSETTE",42.69931,2.91639
201500032021,1,12,15,8,1,66,136,2,1,1,3,BRIAND BOULEVARD ARISTID,42.69407,2.90108
201500032022,1,12,15,18,2,66,136,2,1,1,6,SAINT-ASSISCLE (BOULEVAR,42.691,2.88111
201500032023,3,12,15,10,1,66,136,2,1,1,6,"58, MERCADER (BOULEVARD",42.69207,2.89279
201500032024,6,12,15,14,1,66,136,2,1,1,3,"58, MERCADER (BOULEVARD",42.69212,2.89262
201500032025,7,12,15,12,1,66,136,2,1,1,2,ESCARGUEL (COURS LAZARE),42.69821,2.88743
201500032026,7,12,15,13,1,66,136,2,3,1,3,BRUTUS AVENUE GILBERT,42.69374,2.89304
201500032027,8,12,15,16,1,66,136,2,1,1,6,LANGUEDOC (AVENUE DU CD,42.73939,2.89158
201500032028,15,12,15,9,1,66,136,2,2,1,3,VIVES (CHEMIN DEL),42.70865,2.89641
201500032029,14,12,15,7,2,66,136,2,1,1,6,JULIEN PANCHOT (AVENUE),42.69118,2.88181
201500032030,17,12,15,11,1,66,136,2,1,1,6,CLEMENCEAU (BOULEVARD),42.69935,2.88874
201500032031,27,6,15,13,1,52,22,1,1,1,6,CC La Pelle ou Rouge-Boi,47.91646,4.91254
201500032032,20,7,15,17,1,52,365,2,1,1,6,9 rue du Pragey,48.08159,4.92886
201500032033,30,4,15,6,2,60,149,2,1,1,6,quai de la banquière,0.0,0.0
201500032034,12,5,15,8,1,60,60,2,1,1,3,176 avenue de rimiez,0.0,0.0
201500032035,16,6,15,16,1,60,54,2,1,1,6,5 vallon des arnulfs,0.0,0.0
201500032036,1,9,15,12,1,60,149,2,6,1,2,Bd Général DE GAULLE,0.0,0.0
201500032037,3,9,15,8,1,60,149,1,1,1,1,,0.0,0.0
201500032038,22,9,15,15,1,60,149,1,1,1,1,,0.0,0.0
201500032039,3,10,15,7,1,60,149,1,1,1,6,,0.0,0.0
201500032040,8,12,15,10,1,60,149,2,1,1,1,bd général de gaule,0.0,0.0
201500032041,7,2,15,8,1,67,103,1,1,8,6,,0.0,0.0
201500032042,19,2,15,11,1,67,392,2,1,1,6,,0.0,0.0
201500032043,27,2,15,12,1,67,347,1,1,1,1,,0.0,0.0
201500032044,17,6,15,11,1,67,370,1,2,7,3,,0.0,0.0
201500032045,1,10,15,18,3,67,535,1,1,1,7,,0.0,0.0
201500032046,29,1,15,7,3,85,126,1,1,3,3,,46.46554,-0.84558
201500032047,9,2,15,17,2,85,143,2,1,1,1,,46.5219,-0.7655
201500032048,13,3,15,11,1,85,223,2,1,1,2,RD 137 GDE RUE DU MAGNY,46.5462,-1.06524
201500032049,3,5,15,8,1,85,209,1,1,2,2,,46.50244,-0.9936
201500032050,3,7,15,10,1,85,34,1,1,1,1,,46.622,-1.153
201500032051,19,7,15,14,1,85,264,1,3,1,3,,46.69683,-0.7083
201500032052,7,9,15,14,1,85,92,1,1,1,2,,46.451,-0.814
201500032053,17,9,15,8,1,85,91,1,9,1,1,,0.0,0.0
201500032054,30,1,15,8,1,80,518,1,1,4,6,,0.0,0.0
201500032055,31,1,15,10,1,80,600,1,1,4,6,,0.0,0.0
201500032056,23,4,15,11,1,80,344,1,1,1,6,,0.0,0.0
201500032057,5,5,15,17,1,80,692,1,1,6,6,,0.0,0.0
201500032058,3,8,15,2,3,80,149,1,9,1,2,,0.0,0.0
201500032059,27,9,15,5,3,80,126,1,9,1,6,,0.0,0.0
201500032060,15,12,15,7,2,80,635,1,1,2,4,,0.0,0.0
201500032061,30,3,15,8,1,76,541,1,1,8,7,,49.51144,0.98672
201500032062,11,6,15,15,1,76,555,1,1,1,1,,49.53693,1.22926
201500032063,17,7,15,12,1,76,756,1,1,8,2,,49.58343,1.27655
201500032064,9,9,15,17,1,10,7,1,1,1,5,,0.0,0.0
201500032065,16,9,15,18,1,10,4,2,1,1,3,rue Aristide Briand,0.0,0.0
201500032066,30,12,15,12,1,10,7,1,1,5,2,,0.0,0.0
201500032067,5,2,15,10,1,66,190,1,1,6,7,,0.0,0.0
201500032068,10,3,15,2,3,66,136,1,1,1,2,,0.0,0.0
201500032069,18,8,15,8,1,66,136,1,1,1,1,,0.0,0.0
201500032070,8,10,15,14,1,66,136,1,1,1,4,,0.0,0.0
201500032071,28,8,15,6,3,52,331,1,1,2,6,D384,48.49045,4.77734
201500032072,4,9,15,19,1,52,182,1,1,1,6,,0.0,0.0
201500032073,30,9,15,19,1,52,294,1,1,1,1,,48.55894,4.9251
201500032074,13,11,15,12,1,52,182,1,1,2,1,,48.53989,4.82336
201500032075,27,5,15,18,1,95,229,2,1,1,5,RTE DE DOMONT,49.0328,2.3559
201500032076,17,6,15,18,1,95,205,2,1,1,6,R DE LA LIBERATION,49.0224,2.3742
201500032077,8,8,15,10,1,95,229,1,1,1,3,AV JEAN ROSTAND,49.0343,2.3419
201500032078,14,8,15,23,3,95,205,1,1,2,6,RD 316,49.0229,2.3865
201500032079,20,8,15,20,1,95,229,2,1,1,1,R PAUL FORT,49.0328,2.3505
201500032080,14,12,15,8,1,95,680,1,1,1,5,RD 10,49.0179,2.4118
201500032081,20,3,15,6,2,25,482,1,1,1,3,,0.0,0.0
201500032082,16,4,15,19,1,25,474,1,1,1,6,,0.0,0.0
201500032083,29,8,15,6,2,25,212,1,1,1,2,,0.0,0.0
201500032084,6,1,15,11,1,67,180,2,6,1,3,SCHIRRHEIN (ROUTE DE),0.0,0.0
201500032085,14,3,15,10,1,67,180,2,1,1,1,NOTRE DAME (RUE),0.0,0.0
201500032086,15,1,15,7,3,67,180,1,1,8,6,RD263,0.0,0.0
201500032087,19,3,15,17,1,67,180,2,1,1,6,PREFET LEZAY-MARNEZIA (R,0.0,0.0
201500032088,20,1,15,17,5,67,180,2,1,1,6,"15, MAIRE ANDRE TRABAND",0.0,0.0
201500032089,16,3,15,17,1,67,180,2,3,1,3,"18, EUROPE (BOULEVARD DE",0.0,0.0
201500032090,27,1,15,19,5,67,180,2,1,1,6,DESIRE BRUMBT (PLACE),0.0,0.0
201500032091,15,4,15,14,1,67,180,1,1,1,2,RD 1063,0.0,0.0
201500032092,7,5,15,17,1,67,180,1,1,1,1,RD 1063,0.0,0.0
201500032093,27,5,15,18,1,67,180,2,1,1,6,"14, ROBERT SCHUMAN (PLAC",0.0,0.0
201500032094,18,6,15,17,1,67,180,2,1,8,6,"49, CHEMIN LONG",48.0,7.0
201500032095,8,7,15,0,5,67,180,2,1,1,6,"20, MARE AUX CANARDS (RU",0.0,0.0
201500032096,13,9,15,11,1,67,180,2,1,2,3,"79, BITCHE (ROUTE DE)",0.0,0.0
201500032097,15,12,15,8,1,67,180,1,1,1,1,RD 1063,0.0,0.0
201500032098,18,12,15,22,5,67,180,2,2,1,3,"12, CHAPELLE DE LA CROIX",0.0,0.0
201500032099,10,7,15,20,1,86,195,2,1,1,7,RD 910,0.0,0.0
201500032100,18,7,15,0,3,86,186,1,1,1,6,La chapelle,46.85,0.62
201500032101,9,10,15,9,1,86,128,1,1,1,3,,0.0,0.0
201500032102,15,10,15,8,2,86,128,1,1,2,7,,0.0,0.0
201500032103,31,12,15,9,1,86,19,1,1,1,6,6 rue de la poussarderie,46.7436,0.44649
201500032104,6,8,15,20,2,74,309,1,1,1,6,BARRIERE PEAGE,0.0,0.0
201500032105,5,9,15,8,1,74,82,1,1,1,7,,0.0,0.0
201500032106,24,12,15,19,5,74,201,1,1,1,2,,0.0,0.0
201500032107,23,9,15,18,1,38,19,2,1,1,3,RN7 Le Village,0.0,0.0
201500032108,29,10,15,18,5,38,336,2,1,1,5,633 RN7,0.0,0.0
201500032109,13,11,15,20,3,38,336,2,1,1,2,montée du grand pavé,0.0,0.0
201500032110,20,11,15,21,5,38,19,2,1,2,3,rue des essarts,0.0,0.0
201500032111,1,12,15,16,1,38,336,2,1,1,6,RN7 LE GRAND CHEMIN,45.47775,4.82947
201500032112,5,12,15,23,5,38,425,2,6,1,7,ROND POINT MAIRIE,0.0,0.0
201500032113,8,12,15,17,3,38,160,1,2,1,1,RTE VIANNAIS/MARINIERE,45.49933,4.97423
201500032114,19,4,15,18,1,83,72,1,1,1,3,,0.0,0.0
201500032115,7,7,15,7,1,83,72,1,1,1,1,,43.48239,6.29009
201500032116,25,7,15,17,1,83,134,1,1,1,3,,43.46121,6.40687
201500032117,29,8,15,10,1,83,3,1,1,1,7,,0.0,0.0
201500032118,19,10,15,19,3,83,72,1,1,1,3,,0.0,0.0
201500032119,10,11,15,13,1,83,72,1,1,1,1,,0.0,0.0
201500032120,18,11,15,16,1,83,136,1,1,1,3,,0.0,0.0
201500032121,6,8,15,21,3,13,33,1,1,1,5,***,0.0,0.0
201500032122,5,12,15,6,3,13,104,1,9,2,5,,0.0,0.0
201500032123,17,12,15,7,2,13,14,1,1,1,6,,0.0,0.0
201500032124,5,1,15,14,1,67,462,2,2,7,6,"1, MOULINS (PLACE DES)",0.0,0.0
201500032125,21,4,15,12,1,67,462,1,1,1,7,"1, QUATRIEME ZOUAVES (RU",0.0,0.0
201500032126,18,5,15,7,1,67,462,1,1,1,3,RN 83 SUD,0.0,0.0
201500032127,29,5,15,18,1,67,462,2,1,1,3,STRASBOURG (ROUTE DE),0.0,0.0
201500032128,2,6,15,17,1,67,462,2,3,1,1,"00, SCHWILGUE (RUE)",48.2637,7.45175
201500032129,3,6,15,17,1,67,462,2,1,1,1,"7, THIERS (BOULEVARD)",0.0,0.0
201500032130,10,6,15,9,1,67,462,1,9,1,2,RN 83 SUD,48.2418,7.42844
201500032131,10,8,15,23,3,67,462,1,1,1,1,RD 424,0.0,0.0
201500032132,20,9,15,11,1,67,462,2,2,1,3,STRASBOURG (ROUTE DE),48.26512,7.45294
201500032133,24,9,15,17,1,67,462,2,1,1,6,MAIRE KNOLL (ALLEE DU),48.26194,7.45128
201500032134,13,10,15,7,1,67,462,2,2,1,3,LIBERTE (AVENUE DE LA),0.0,0.0
201500032135,17,10,15,21,3,67,462,1,1,1,3,COLMAR (ROUTE DE),0.0,0.0
201500032136,5,12,15,9,1,67,462,2,1,1,1,GRANDE BOUCHERIE (RUE DE,0.0,0.0
201500032137,31,12,15,2,3,67,462,1,1,2,6,MARCKOLSHEIM (ROUTE DE),0.0,0.0
201500032138,4,1,15,17,5,67,482,2,1,1,3,"0, JACQUES KABLE (RUE)",0.0,0.0
201500032139,2,3,15,15,1,67,482,2,1,1,3,"0, RACINE (AVENUE)",48.5918,7.70444
201500032140,5,1,15,12,1,67,482,2,1,7,6,"0, HOCHFELDEN (RUE DE)",0.0,0.0
201500032141,4,3,15,15,1,67,365,2,1,1,2,"0, BOHRIE (ALLEE DU)",48.55086,7.7105
201500032142,5,1,15,13,1,67,218,2,1,1,3,"0, COR DE CHASSE (RUE DU",0.0,0.0
201500032143,31,12,15,18,5,67,482,2,1,1,1,"7, DETTWILLER (RUE DE)",48.59529,7.72681
201500032144,4,3,15,21,5,67,43,2,1,1,3,"0, GEORGES BURGER (RUE)",48.61525,7.72606
201500032145,7,1,15,6,5,67,267,2,3,2,6,"0, SCHUMAN (AVENUE)",0.0,0.0
201500032146,6,3,15,13,1,67,447,2,1,1,6,"12, SAINT CHARLES (RUE)",48.605,7.74369
201500032147,7,1,15,17,5,67,447,2,3,1,6,"0, RONSARD (RUE)",0.0,0.0
201500032148,8,3,15,21,1,67,482,1,3,1,5,"0, UNTERELSAU (RUE DE L",48.56875,7.72703
201500032149,9,1,15,17,5,67,482,2,2,1,3,PERTOIS (RUE),0.0,0.0
201500032150,9,3,15,9,1,67,447,2,1,1,6,"4-6, CONTADES (RUE DES)",48.6016,7.76272
201500032151,11,1,15,14,1,67,482,2,1,1,3,"183, RHIN TORTU (RUE DU)",0.0,0.0
201500032152,9,3,15,10,1,67,482,2,3,1,3,"0, POLYGONE (ROUTE DU)",48.56458,7.76047
201500032153,12,1,15,8,1,67,482,2,1,1,6,"0, GANZAU (RUE DE LA)",0.0,0.0
201500032154,9,3,15,16,1,67,482,1,2,1,3,"0, JEAN JAURES (AVENUE)",48.56966,7.76317
201500032155,12,1,15,9,1,67,43,2,2,1,5,"0, CHANTIERS (RUE DES)",0.0,0.0
201500032156,11,3,15,0,5,67,447,2,1,2,2,"0, BISCHWILLER (ROUTE DE",48.60991,7.75056
201500032157,13,1,15,10,1,67,267,1,1,1,3,"0, FOULONS (ALLEE DES)",0.0,0.0
201500032158,12,3,15,19,2,67,482,2,1,1,3,"38, RACINE (AVENUE)",48.59138,7.70639
201500032159,14,1,15,6,5,67,482,2,1,1,6,"02, VOSGES (AVENUE DES)",0.0,0.0
201500032160,15,3,15,9,1,67,267,2,1,1,2,"64, MARECHAL FOCH (RUE D",48.5583,7.6855
201500032161,14,1,15,14,1,67,482,2,3,1,6,"0, HUMANN (RUE)",0.0,0.0
201500032162,17,3,15,18,1,67,482,2,1,1,6,"20, VICTOIRE (BOULEVARD",48.58297,7.7625
201500032163,15,1,15,4,5,67,482,2,3,1,6,"39, VOSGES (AVENUE DES)",0.0,0.0
201500032164,17,3,15,19,5,67,482,2,4,1,3,"0, KAMPMANN (RUE)",48.53344,7.77142
201500032165,15,1,15,13,1,67,482,2,1,1,6,"0, ALFRED KASTLER (RUE)",0.0,0.0
201500032166,19,3,15,8,1,67,218,2,1,1,1,"100, ESCHAU (ROUTE D )",48.4959,7.71725
201500032167,16,1,15,20,3,67,218,2,1,3,1,"0, ALFRED KASTLER (ROUTE",0.0,0.0
201500032168,20,3,15,9,1,67,482,2,1,1,2,"0, KOENIGSHOFFEN (RUE DE",48.58077,7.70547
201500032169,17,1,15,16,2,67,482,2,1,1,6,"273, COLMAR (AVENUE DE)",0.0,0.0
201500032170,20,3,15,12,1,67,482,1,1,1,6,"114, COLMAR (AVENUE DE)",48.5667,7.75175
201500032171,17,1,15,21,5,67,482,2,3,8,2,"0, GRAND PONT (RUE DU)",0.0,0.0
201500032172,20,3,15,16,1,67,482,2,1,1,3,"77, FORET NOIRE (AVENUE",48.58069,7.77686
201500032173,19,1,15,8,1,67,482,1,1,8,6,"4, MAIRE KUSS (RUE DU)",0.0,0.0
201500032174,23,3,15,13,1,67,482,2,1,1,6,"25, GENERAL DE GAULLE (A",48.57816,7.76956
201500032175,19,1,15,17,5,67,218,2,2,2,3,"0, FORT UHRICH (ROUTE DU",0.0,0.0
201500032176,27,3,15,20,5,67,482,1,1,1,6,"1, HOPITAL (PLACE DE L )",48.57738,7.74903
201500032177,23,1,15,17,5,67,482,2,1,1,3,"0, HERRENSCHMIDT (AVENUE",0.0,0.0
201500032178,27,3,15,22,5,67,482,2,3,1,3,", SCHIRMECK (ROUTE DE)",48.57336,7.71875
201500032179,23,1,15,17,5,67,218,2,1,8,6,"0, STRASBOURG (ROUTE DE)",0.0,0.0
201500032180,30,3,15,8,1,67,482,2,1,8,6,"0, VITRY LE FRANCOIS (AV",0.0,0.0
201500032181,26,1,15,7,2,67,204,2,1,8,6,"0, RIED (AVENUE DU)",0.0,0.0
201500032182,30,3,15,8,1,67,482,2,2,1,3,"0, ERNEST MUNCH (RUE)",48.5823,7.75717
201500032183,26,1,15,21,5,67,482,2,1,2,3,"191, ROMAINS (ROUTE DES)",0.0,0.0
201500032184,30,3,15,12,1,67,447,1,1,2,6,"11, 23 NOVEMBRE (AVENUE",48.60755,7.73094
201500032185,27,1,15,12,1,67,218,2,3,1,6,"0, CEINTURE (RUE DE LA)",0.0,0.0
201500032186,30,3,15,18,1,67,482,2,1,1,2,"0, JULES VERNE (RUE)",48.59527,7.71808
201500032187,27,1,15,15,1,67,482,2,2,1,3,"0, HOPITAL (ROUTE DE L )",0.0,0.0
201500032188,1,4,15,11,1,67,482,2,1,1,6,"8, LIEPVRETTE (RUE DE LA",48.61655,7.77422
201500032189,29,1,15,19,1,67,482,2,1,1,6,"0, DUCS (RUE DES)",0.0,0.0
201500032190,2,4,15,10,1,67,43,2,1,2,3,"4, ECOLE (RUE DE L )",48.61291,7.75556
201500032191,30,1,15,5,5,67,482,2,6,1,3,"0, PIERRE MENDES FRANCE",0.0,0.0
201500032192,6,4,15,14,1,67,482,2,5,1,3,"10, REITWILLER (RUE DE)",48.60102,7.70775
201500032193,30,1,15,18,5,67,447,2,1,2,6,"0, GENERAL DE GAULLE (RO",0.0,0.0
201500032194,8,4,15,10,1,67,482,2,1,1,6,"1, GENERAL KOENIG (QUAI",48.57536,7.75419
201500032195,30,1,15,21,5,67,482,2,2,2,6,"0, HURTIGHEIM (RUE DE)",0.0,0.0
201500032196,11,4,15,20,2,67,43,2,1,1,6,"74, BISCHWILLER (ROUTE D",48.61582,7.75311
201500032197,5,2,15,8,1,67,447,2,1,1,6,"110, BISCHWILLER (ROUTE",0.0,0.0
201500032198,12,4,15,17,1,67,482,1,2,1,3,"0, FUSTEL DE COULANGES (",0.0,0.0
201500032199,6,2,15,23,5,67,43,2,1,1,6,"0, SOUFFEL (CHEMIN DE LA",0.0,0.0
201500032200,14,4,15,7,1,67,267,2,3,1,3,"127, MARECHAL FOCH (RUE",48.55497,7.67822
201500032201,11,2,15,19,5,67,482,2,1,1,6,"0, WISSEMBOURG (RUE DE)",0.0,0.0
201500032202,14,4,15,10,1,67,482,2,1,1,1,"0, HAGUENAU (PLACE DE)",48.5915,7.7435
201500032203,14,4,15,12,1,67,43,2,2,1,3,CHARLES DE GAULLE (AVENU,48.61336,7.73128
201500032204,12,2,15,12,1,67,482,2,1,8,6,"0, SALLUSTE (RUE)",0.0,0.0
201500032205,14,4,15,17,1,67,482,2,1,1,3,"0, WACKEN (RUE DU)",48.60033,7.75456
201500032206,12,2,15,15,1,67,482,2,1,1,7,"0, CORDERIE (RUE DE LA)",0.0,0.0
201500032207,15,4,15,16,1,67,482,1,3,1,3,"2, CHARLES PEGUY (RUE)",0.0,0.0
201500032208,13,2,15,7,1,67,482,1,1,1,6,"85, BOECKLIN (RUE)",0.0,0.0
201500032209,15,4,15,17,1,67,482,2,1,1,6,"0, SCHIRMECK (ROUTE DE)",48.5616,7.69517
201500032210,13,2,15,10,1,67,482,2,3,1,3,"0, BISCHWILLER (ROUTE DE",0.0,0.0
201500032211,17,4,15,3,5,67,482,2,1,1,6,"114, POLYGONE (ROUTE DU)",48.56438,7.7605
201500032212,14,2,15,15,1,67,482,2,3,1,3,"0, ENGELBREIT (RUE DE L",0.0,0.0
201500032213,17,4,15,9,1,67,482,1,1,1,6,"327, COLMAR (AVENUE DE)",48.54911,7.74158
201500032214,17,2,15,17,5,67,482,2,3,1,3,"6, TOUSSAINT (RUE DE LA)",0.0,0.0
201500032215,18,4,15,18,1,67,482,2,1,1,3,"38, CHARLES PEGUY (RUE)",0.0,0.0
201500032216,19,2,15,8,1,67,447,2,3,1,3,"0, SAINT CHARLES (RUE)",0.0,0.0
201500032217,18,4,15,20,2,67,482,1,5,1,6,"0, VITRY LE FRANCOIS (AV",48.57094,7.79556
201500032218,20,2,15,13,1,67,482,2,1,1,6,"0, ILL (RUE DE L )",0.0,0.0
201500032219,23,4,15,17,1,67,482,2,1,1,6,"77, FORET NOIRE (AVENUE",48.58069,7.77686
201500032220,21,2,15,0,5,67,482,2,1,1,6,"14, MARSEILLAISE (AVENUE",0.0,0.0
201500032221,23,4,15,18,1,67,482,2,1,1,6,"0, CERVANTES (AVENUE)",48.59338,7.69872
201500032222,23,2,15,14,1,67,482,2,2,8,3,"0, FRITZ KIEFFER (RUE)",0.0,0.0
201500032223,24,4,15,19,1,67,482,2,3,1,3,"0, PAUL ELUARD (RUE)",48.58772,7.69783
201500032224,27,2,15,10,1,67,482,2,3,2,3,"0, FREDERIC (RUE)",0.0,0.0
201500032225,25,4,15,18,1,67,482,2,1,1,6,"2, LAURENT BONNEVAY (RUE",48.52911,7.77519
201500032226,28,2,15,21,4,67,482,2,1,1,3,"0, HAGUENAU (RUE DE)",0.0,0.0
201500032227,26,4,15,5,2,67,204,2,1,1,6,"0, FONTAINE (RUE DE LA)",48.62452,7.74033
201500032228,27,4,15,17,1,67,482,2,1,1,6,"68, CLEMENCEAU (BOULEVAR",48.59172,7.75272
201500032229,29,4,15,14,1,67,482,2,1,1,6,"0, COLMAR (AVENUE DE)",48.55858,7.74889
201500032230,29,4,15,15,1,67,482,2,1,1,2,"0, LA ROCHELLE (RUE DE)",0.0,0.0
201500032231,29,4,15,21,5,67,482,2,2,1,1,PRESIDENT WILSON (BOULEV,48.58747,7.73858
201500032232,29,4,15,21,5,67,482,2,1,1,3,"0, UNTERELSAU (RUE DE L",48.56197,7.73061
201500032233,30,4,15,19,1,67,482,2,1,1,4,"9, GANZAU (RUE DE LA)",48.54369,7.76494
201500032234,3,5,15,14,1,67,482,2,5,2,1,"0, SANTOS DUMONT (RUE)",48.55433,7.76949
201500032235,4,5,15,7,1,67,482,2,1,1,6,"0, ILE DE FRANCE (PLACE",0.0,0.0
201500032236,4,5,15,17,1,67,482,2,1,1,3,"67, ZURICH (RUE DE)",48.5788,7.75931
201500032237,6,5,15,17,1,67,482,2,1,1,4,"0, Edmond MICHELET",48.57364,7.76672
201500032238,7,5,15,10,1,67,482,2,1,1,6,"132, SCHIRMECK (ROUTE DE",48.57063,7.71137
201500032239,7,5,15,11,1,67,482,2,2,1,1,"0, HERRENSCHMIDT (AVENUE",48.5988,7.75281
201500032240,7,5,15,18,1,67,482,2,1,1,3,"18, WASSELONNE (RUE DE)",48.57935,7.7327
201500032241,8,5,15,19,1,67,482,2,2,2,1,"0, PAUL ELUARD (RUE)",48.58878,7.69707
201500032242,10,5,15,9,1,67,482,2,3,1,3,"0, PIERRE PFLIMLIN (BOUL",48.5989,7.77344
201500032243,11,5,15,10,1,67,482,2,1,1,6,"4, FRERES EBERTS (RUE DE",48.5529,7.74381
201500032244,14,5,15,18,1,67,482,2,1,1,3,"0, LAURENT BONNEVAY (RUE",48.54918,7.75658
201500032245,16,5,15,8,1,67,447,2,3,1,3,"120, BISCHWILLER (ROUTE",48.60642,7.74893
201500032246,16,5,15,15,1,67,482,2,1,1,6,"26, PRESIDENT WILSON (BO",0.0,0.0
201500032247,16,5,15,16,1,67,482,2,2,1,6,"0, INGOLD (RUE)",48.54514,7.76959
201500032248,21,5,15,8,1,67,482,2,1,1,2,"4, FINKWILLER (QUAI)",48.5789,7.74342
201500032249,22,5,15,11,1,67,482,2,1,1,2,", PAIX (AVENUE DE LA)",48.58983,7.75572
201500032250,22,5,15,11,1,67,482,2,3,1,6,"0, CURIE (RUE)",48.6015,7.71464
201500032251,22,5,15,17,1,67,43,2,1,1,3,"56, BISCHWILLER (ROUTE D",48.61498,7.75259
201500032252,23,5,15,6,1,67,482,2,1,1,6,"0, LA ROCHELLE (RUE DE)",48.51276,7.7734
201500032253,23,5,15,20,1,67,482,2,1,1,1,"7, BERGERAC (RUE DE)",48.55327,7.76184
201500032254,25,5,15,10,1,67,218,2,2,1,3,"0, ESCHAU (ROUTE D )",48.5111,7.71194
201500032255,25,5,15,16,1,67,482,2,1,1,6,"0, RHIN TORTU (RUE DU)",48.5503,7.758
201500032256,26,5,15,13,1,67,482,1,1,1,6,"3, RENARDS (RUE DES)",48.5931,7.71869
201500032257,27,5,15,17,1,67,365,2,1,1,6,"0, BOHRIE (ALLEE DU)",48.55146,7.70774
201500032258,28,5,15,2,5,67,482,2,1,1,6,"225, WANTZENAU (RTE DE L",48.61772,7.7887
201500032259,28,5,15,5,2,67,482,2,1,1,1,"5, OBERHAUSBERGEN (ROUTE",48.5989,7.70181
201500032260,28,5,15,10,1,67,482,2,1,1,3,"44, FORET NOIRE (AVENUE",48.58442,7.7697
201500032261,28,5,15,12,1,67,482,2,2,1,1,GENERAL ZIMMER (RUE DU),48.5814,7.76278
201500032262,30,5,15,13,1,67,482,2,3,1,1,"0, HIRONDELLES (RUE DES)",48.54019,7.7662
201500032263,31,5,15,18,1,67,482,2,1,1,6,"0, JEAN GOEFFROY CONRATH",48.58679,7.69451
201500032264,1,6,15,17,1,67,482,2,2,1,6,"0, ALPES (QUAI DES)",48.57422,7.77119
201500032265,3,6,15,11,1,67,482,2,1,1,3,"21, PIERRE PFLIMLIN (BOU",48.5906,7.75597
201500032266,2,6,15,13,1,67,447,2,1,1,2,"95, GENERAL DE GAULLE (R",48.6064,7.73608
201500032267,3,6,15,18,1,67,482,2,1,1,3,"75, SCHIRMECK (ROUTE DE)",48.57281,7.71638
201500032268,3,6,15,18,1,67,482,2,1,1,1,"0, KEMPF (RUE)",48.604,7.7875
201500032269,4,6,15,23,5,67,482,2,5,1,6,"0, GOLBERY (PLACE)",48.5871,7.76647
201500032270,5,6,15,16,1,67,482,2,1,1,3,"06/03/2016, BRUMATH (ROU",48.59696,7.74166
201500032271,5,6,15,18,1,67,482,2,1,1,3,"0, BADEN POWELL (RUE)",48.5951,7.69397
201500032272,6,6,15,11,1,67,482,2,1,1,6,"0, DRESDE (BOULEVARD DE)",48.59918,7.76297
201500032273,9,6,15,22,5,67,482,2,2,1,1,"0, FRANÇOIS MITTERRAND (",48.5842,7.69319
201500032274,10,6,15,13,1,67,482,2,1,1,3,"0, LAMPROIE (RUE DE LA)",48.59896,7.7909
201500032275,11,6,15,18,1,67,218,2,2,1,3,"0, ALBERT SCHWEITZER (RU",48.52108,7.72579
201500032276,12,6,15,10,1,67,482,2,1,1,6,"0, FRANÇOIS MITTERRAND (",48.5872,7.69714
201500032277,12,6,15,12,1,67,482,2,3,1,3,"55, FAUBOURG DE PIERRE (",48.58941,7.7452
201500032278,12,6,15,17,1,67,482,2,1,1,1,"0, RACINE (AVENUE)",48.5914,7.70728
201500032279,13,6,15,10,1,67,482,2,1,1,2,MARECHAL JUIN (RUE DU),48.5785,7.75998