Num_Acc,jour,mois,an,hr,condition_eclairage,departement,commune,condition_agglomeration,intersection,condition_atmosphere,type_collision,adresse,lattitude,longitude
201500032280,13,6,15,21,5,67,43,2,1,1,3,"98, BISCHWILLER (ROUTE D",48.618,7.75461
201500032281,14,6,15,0,5,67,482,2,1,1,6,"0, RHIN (AVENUE DU)",48.57114,7.77432
201500032282,16,6,15,22,5,67,204,2,1,1,6,FONTAINE (RUE DE LA),48.6243,7.74211
201500032283,18,6,15,12,1,67,218,2,1,3,4,"0, STRASBOURG (AVENUE DE",48.54373,7.73673
201500032284,18,6,15,20,1,67,482,2,2,1,3,"0, BOECKLIN (RUE)",48.6003,7.7801
201500032285,19,6,15,14,1,67,482,2,1,1,3,"0, VOSGES (AVENUE DES)",48.58831,7.7559
201500032286,19,6,15,17,1,67,482,2,1,1,6,"6, MATHIAS GRUNEWALD (RU",48.56758,7.7254
201500032287,19,6,15,21,1,67,482,2,1,1,3,"15, ALSACE (AVENUE D )",48.58703,7.76019
201500032288,20,6,15,11,1,67,43,2,1,1,6,PERIGUEUX (AVENUE DE),48.61407,7.75145
201500032289,20,6,15,3,5,67,482,2,1,1,6,"103, GRAND RUE",48.58131,7.74476
201500032290,25,6,15,9,1,67,482,2,1,1,6,"0, ROYAL (PONT)",48.58426,7.75873
201500032291,25,6,15,17,1,67,482,2,1,1,3,"55, MARCHE GARE (RUE DU)",48.59737,7.73633
201500032292,25,6,15,18,1,67,482,2,1,1,3,"14, OBERHAUSBERGEN (ROUT",48.59215,7.71861
201500032293,25,6,15,20,1,67,218,2,3,1,3,"196, LYON (RTE DE)",48.52133,7.70523
201500032294,26,6,15,16,1,67,447,2,1,1,6,"93, GENERAL DE GAULLE (R",48.60616,7.73605
201500032295,28,6,15,18,1,67,482,2,3,1,3,ARMANDE BEJART (RUE),48.5926,7.71134
201500032296,29,6,15,7,1,67,43,2,1,1,3,"20, PERIGUEUX (AVENUE DE",48.6142,7.74902
201500032297,29,6,15,19,1,67,482,2,1,1,6,"36, PREMIERE ARMEE (RUE",48.57577,7.75292
201500032298,30,6,15,8,1,67,482,2,1,1,6,"0, RHIN TORTU (RUE DU)",48.54833,7.7581
201500032299,1,7,15,8,1,67,482,2,1,1,5,"37, PLAINE DES BOUCHERS",48.56932,7.7363
201500032300,1,7,15,15,1,67,482,2,2,1,3,AUSTERLITZ (PLACE D ),48.57756,7.753
201500032301,1,7,15,16,1,67,482,2,3,1,3,"0, BORDEAUX (PLACE DE)",48.59367,7.75805
201500032302,2,7,15,20,1,67,482,2,1,1,1,"0, PAUL DOPF",48.55504,7.76812
201500032303,3,7,15,9,1,67,482,2,3,1,3,"0, LORIENT (RUE DE)",0.0,0.0
201500032304,3,7,15,23,5,67,482,2,2,1,3,"0, CORBEAU (PONT)",48.5794,7.75083
201500032305,4,7,15,23,5,67,204,2,1,1,6,"0, TROIS MAIRES (RUE DES",48.6259,7.7778
201500032306,6,7,15,7,1,67,482,2,2,1,3,HOPITAL (ROUTE DE L ),48.57463,7.7498
201500032307,6,7,15,9,1,67,482,2,1,1,1,"0, MONTAGNE VERTE (RUE D",48.5697,7.72862
201500032308,6,7,15,17,1,67,482,2,1,1,3,"0, COLMAR (AVENUE DE)",48.54858,7.74094
201500032309,7,7,15,10,1,67,482,2,1,1,2,"0, HEYRITZ (TUNNEL DU)",48.57173,7.74935
201500032310,7,7,15,18,1,67,482,2,2,1,3,"0, BUCAREST (RUE DE)",48.56886,7.77707
201500032311,7,7,15,20,1,67,482,2,1,1,6,"182, ROMAINS (ROUTE DES)",48.57879,7.70019
201500032312,8,7,15,8,1,67,447,2,2,1,3,"20, TRIBUNAL (RUE DU)",48.60327,7.75593
201500032313,8,7,15,15,1,67,482,2,1,1,6,"0, KLEBER (QUAI)",48.5857,0.0
201500032314,10,7,15,10,1,67,482,2,1,1,1,"0, RACINE (AVENUE)",48.59158,7.70588
201500032315,10,7,15,17,1,67,218,2,2,1,3,"0, BURKEL (ROUTE)",48.52742,7.71831
201500032316,11,7,15,3,5,67,482,2,1,1,6,"0, MITTELHAUSBERGEN (ROU",48.59121,7.72772
201500032317,14,7,15,20,1,67,482,2,1,1,6,"0, NORMANDIE (AVENUE DE)",48.5491,7.75389
201500032318,15,7,15,10,1,67,482,2,1,1,2,"35, VOSGES (AVENUE DES)",48.58925,7.75238
201500032319,15,7,15,18,1,67,482,2,2,1,3,"0, KEMPF (RUE)",48.60386,7.78757
201500032320,16,7,15,13,1,67,43,2,3,1,3,BISCHWILLER (ROUTE DE),48.61188,7.75113
201500032321,17,7,15,20,1,67,482,2,3,1,3,"0, GALILEE (RUE)",48.60085,7.71583
201500032322,20,7,15,9,1,67,482,2,1,1,6,"83, SCHIRMECK (ROUTE DE)",48.57267,7.71615
201500032323,20,7,15,20,1,67,482,2,1,1,3,"0, GEORGES WODLI (RUE)",48.58801,7.7588
201500032324,24,7,15,17,1,67,267,2,3,1,5,"0, PIERRE PFIMLIN (ALLEE",48.55329,7.69327
201500032325,25,7,15,10,1,67,482,2,3,1,3,"16/18, WASSELONNE (RUE D",48.5794,7.73287
201500032326,27,7,15,15,1,67,204,2,1,1,3,"20, BRUMATH (ROUTE DE)",48.62089,7.7309
201500032327,28,7,15,15,1,67,482,2,1,1,3,"0, HAVRE (RUE DU)",48.5696,7.78092
201500032328,31,7,15,13,1,67,482,2,2,1,3,"0, COLMAR (AVENUE DE)",48.54903,7.74101
201500032329,1,8,15,0,5,67,447,2,1,1,4,"0, PIERRE MENDES FRANCE",48.60667,7.76164
201500032330,1,8,15,17,1,67,482,2,2,1,3,MOLSHEIM (RUE DE),48.57908,7.73489
201500032331,2,8,15,16,1,67,447,2,2,1,3,"0, ZORN (RUE DE LA)",48.60963,7.7651
201500032332,3,8,15,15,1,67,482,2,1,1,4,D1004,48.5723,7.79807
201500032333,5,8,15,8,1,67,482,2,2,1,3,"0, PAIX (AVENUE DE LA)",48.5886,7.75495
201500032334,5,8,15,17,1,67,482,2,1,1,6,"0, VIENNE (ROUTE DE)",48.57284,7.75557
201500032335,10,8,15,16,1,67,482,2,2,1,6,"0, COLMAR (AVENUE DE)",48.56135,7.75151
201500032336,11,8,15,14,1,67,482,2,1,1,6,"0, OBERHAUSBERGEN (ROUTE",48.59088,7.72512
201500032337,18,8,15,9,1,67,482,2,1,1,3,COLMAR (AVENUE DE),0.0,0.0
201500032338,20,8,15,0,5,67,482,2,2,1,3,"67, JACQUES KABLE (RUE)",48.59326,7.7526
201500032339,23,8,15,21,5,67,218,2,1,2,3,"42, LYON (RTE DE)",48.53444,7.72354
201500032340,25,8,15,13,1,67,482,2,1,1,1,"0, LOUIS PASTEUR (PONT)",48.57477,7.73657
201500032341,25,8,15,20,2,67,482,2,1,1,3,"89, NEUHOF (ROUTE)",0.0,0.0
201500032342,27,8,15,5,5,67,482,2,2,1,3,"0, UNTERELSAU (RUE DE L",48.5665,7.72785
201500032343,28,8,15,10,1,67,482,2,1,2,6,"0, COLMAR (AVENUE DE)",48.56375,7.75294
201500032344,28,8,15,22,5,67,482,2,1,1,6,"0, PRESIDENT WILSON (BOU",48.58615,7.73708
201500032345,29,8,15,15,1,67,43,2,1,1,5,"8, BRUMATH (ROUTE DE)",48.61536,7.73205
201500032346,30,8,15,1,5,67,482,2,1,1,6,"14, OBSERVATOIRE (RUE DE",48.58229,7.76943
201500032347,2,9,15,13,1,67,365,2,2,1,3,"0, ALFRED KASTLER (RUE)",48.53471,7.69441
201500032348,3,9,15,15,1,67,482,2,1,1,1,"0, RENAISSANCE (RUE DE L",48.61368,1.79141
201500032349,3,9,15,15,1,67,218,2,1,1,6,"93, STRASBOURG (AVENUE D",48.5312,7.73266
201500032350,3,9,15,16,1,67,218,1,1,1,6,"0, FORT UHRICH (ROUTE DU",48.50915,7.73215
201500032351,3,9,15,20,5,67,482,2,1,1,3,"0, BADEN POWELL (RUE)",48.59544,7.69185
201500032352,3,9,15,20,5,67,482,2,1,1,1,"4, ALEXANDRE DUMAS (RUE)",48.5897,7.6984
201500032353,3,9,15,21,5,67,365,2,1,1,6,"119, GENERAL LECLERC (RU",48.55145,7.71134
201500032354,6,9,15,3,5,67,218,2,1,1,6,"15, ROSEAUX (RUE DES)",48.51881,7.71926
201500032355,7,9,15,9,1,67,482,2,1,1,6,"2bis, MASSENET (RUE)",48.5885,7.77116
201500032356,7,9,15,12,1,67,447,2,1,1,6,"0, BISCHWILLER (ROUTE DE",48.59729,7.74172
201500032357,8,9,15,16,1,67,482,2,1,1,6,"0, ROBERTSAU (ALLEE DE L",48.58781,7.76485
201500032358,8,9,15,17,1,67,482,2,1,1,2,"0, KOENIGSHOFFEN (RUE DE",0.0,0.0
201500032359,8,9,15,21,5,67,267,2,1,1,1,"0, SCHUMANN (AVENUE)",0.0,0.0
201500032360,10,9,15,7,1,67,482,1,1,1,6,"0, HAGUENAU (PLACE DE)",48.59271,7.74367
201500032361,10,9,15,12,1,67,447,2,2,1,6,"0, MARAIS (RUE DU)",48.60962,7.76515
201500032362,12,9,15,14,1,67,482,2,1,1,6,"0, HELBLING (QUAI JEANNE",48.57336,7.76426
201500032363,14,9,15,17,1,67,482,2,3,2,5,"0, FAUBOURG DE PIERRE (P",48.59422,7.7533
201500032364,14,9,15,17,1,67,204,2,2,1,3,"0, FONTAINE (RUE DE LA)",48.62311,7.73064
201500032365,14,9,15,17,1,67,218,2,2,1,3,"0, BURKEL (ROUTE)",48.52744,7.71825
201500032366,15,9,15,14,1,67,482,2,1,1,6,"1, GEORGES WODLI (RUE)",48.73823,7.73823
201500032367,15,9,15,15,1,67,482,2,1,2,3,"6, JACQUES PREISS (BOULE",48.59189,7.76216
201500032368,16,9,15,15,1,67,482,2,1,1,3,"223, COLMAR (AVENUE DE)",0.0,0.0
201500032369,17,9,15,8,1,67,204,2,2,2,3,"0, GENERAL DE GAULLE (AV",48.61948,7.76463
201500032370,17,9,15,18,2,67,482,2,2,1,3,"15, WASSELONNE (RUE DE)",48.57925,7.73338
201500032371,18,9,15,9,1,67,482,2,1,1,3,"0, RHIN (ROUTE DU)",48.5735,7.79796
201500032372,18,9,15,12,1,67,482,2,1,1,6,"3, HALDENBOURG (PLACE DE",0.0,0.0
201500032373,18,9,15,13,1,67,482,2,3,1,3,", GANZAU (RUE DE LA)",0.0,0.0
201500032374,19,9,15,17,1,67,482,2,2,1,3,"0, DORDOGNE (BOULEVARD D",48.58979,7.76716
201500032375,19,9,15,20,5,67,482,2,2,1,3,"0, GARE AUX MARCHANDISES",48.59204,7.73335
201500032376,20,9,15,0,5,67,482,2,2,1,3,"0, PAPETERIE (RUE DE LA)",48.61136,7.7812
201500032377,21,9,15,14,1,67,482,2,2,1,3,"0, PRESIDENT POINCARE (B",48.58989,7.74241
201500032378,21,9,15,15,1,67,482,2,1,1,2,"0, PRESIDENT WILSON (BOU",48.58707,7.73823
201500032379,21,9,15,16,1,67,482,2,2,1,6,"0, LEBLOIS (BOULEVARD)",48.58122,7.77015
201500032380,22,9,15,8,1,67,482,2,1,1,2,"0, DOUBS (RUE DU)",48.55473,7.73355
201500032381,23,9,15,10,1,67,482,2,1,2,1,"6, ZELLENBERG (RUE DE)",48.56418,7.76693
201500032382,23,9,15,18,1,67,482,2,1,1,1,"3, DANUBE (PONT DU)",48.60351,7.71224
201500032383,23,9,15,22,5,67,482,2,1,1,6,"0, SCHIRMECK (ROUTE DE)",48.56267,7.69971
201500032384,24,9,15,13,1,67,482,2,3,1,6,"161, ROMAINS (ROUTE DES)",48.57809,7.7008
201500032385,24,9,15,20,5,67,43,2,1,1,6,"4, VERLAINE (RUE)",48.61279,7.73645
201500032386,24,9,15,20,5,67,482,2,2,1,3,"0, WASSELONNE (RUE DE)",48.57951,7.73091
201500032387,25,9,15,6,5,67,482,2,3,1,6,"1, DOUBS (RUE DU)",48.5693,7.73539
201500032388,25,9,15,17,1,67,482,2,1,1,3,"9A, CERF BERR (RUE)",0.0,0.0
201500032389,1,10,15,8,1,67,482,2,1,1,3,"6, ROMAINS (ROUTE DES)",48.58026,7.72041
201500032390,1,10,15,12,1,67,218,2,3,1,1,"0, STRASBOURG (AVENUE DE",48.54342,7.73634
201500032391,1,10,15,18,1,67,482,2,1,1,6,ROMAINS (ROUTE DES),48.57838,7.70821
201500032392,1,10,15,21,5,67,365,2,1,1,6,"127, GENERAL LECLERC (RU",48.5524,7.71183
201500032393,2,10,15,8,1,67,482,2,3,1,3,"0, ERNEST MUNCH (RUE)",48.5823,7.75727
201500032394,3,10,15,2,5,67,447,2,1,1,6,"143, GENERAL DE GAULLE (",48.61045,7.73389
201500032395,4,10,15,11,1,67,43,2,2,1,3,"0, BISCHWILLER (ROUTE DE",48.6141,7.75219
201500032396,5,10,15,20,5,67,482,2,1,2,6,"4, GENERAL OFFENSTEIN (R",48.55765,7.7491
201500032397,7,10,15,11,1,67,482,2,1,1,6,"3, FAUBOURG DE PIERRE (R",48.58725,7.74631
201500032398,7,10,15,11,1,67,204,2,3,1,3,"0, WANTZENAU (ROUTE DE L",48.63757,7.7778
201500032399,7,10,15,17,1,67,482,1,2,1,1,"0, DUCS (RUE DES)",48.59078,7.71593
201500032400,8,10,15,6,5,67,482,2,5,1,1,"0, PRESIDENT POINCARE (B",48.58953,7.74089
201500032401,8,10,15,17,1,67,482,2,3,1,3,"0, HOCHFELDEN (RUE DE)",48.59538,7.7279
201500032402,10,10,15,13,1,67,482,2,1,1,4,"0, HERRENSCHMIDT (AVENUE",48.59833,7.75381
201500032403,12,10,15,12,1,67,482,2,2,1,3,"0, ANVERS (BOULEVARD D )",48.58542,7.77238
201500032404,16,10,15,8,2,67,482,2,1,1,6,"0, LANDSBERG (RUE DU)",48.56968,7.76329
201500032405,19,10,15,11,1,67,482,2,1,1,6,"0, LANDSBERG (RUE DU)",48.57075,7.76418
201500032406,19,10,15,14,1,67,482,2,1,1,6,"26, HERRADE (RUE)",48.58345,7.71519
201500032407,19,10,15,18,1,67,482,2,6,1,3,"0, RENAISSANCE (RUE DE L",48.61247,7.78781
201500032408,24,10,15,23,5,67,482,2,1,1,3,"0, SEBASTIEN BRANT (PLAC",48.58652,7.76222
201500032409,26,10,15,19,5,67,267,2,2,5,3,"0, SCHUMANN (AVENUE)",0.0,0.0
201500032410,30,10,15,20,5,67,447,2,3,1,3,"0, GENERAL DE GAULLE (RO",48.60506,7.73758
201500032411,30,10,15,15,1,67,267,2,1,1,6,"21, KOENIGSHOFFEN (RUE D",48.55997,7.68161
201500032412,2,11,15,15,1,67,482,2,2,1,3,"0, rue Edmond Michelet",48.57451,7.76695
201500032413,2,11,15,19,3,67,482,1,1,5,5,"0, LA ROCHELLE (RUE DE)",48.5041,7.76802
201500032414,4,11,15,15,1,67,482,2,1,1,4,"0, VAUBAN (PONT)",48.58069,7.77258
201500032415,4,11,15,17,5,67,218,2,3,1,3,"0, LYON (RTE DE)",48.53337,7.72187
201500032416,7,11,15,3,5,67,482,2,2,8,6,"0, LA ROCHELLE (RUE DE)",48.52498,7.77883
201500032417,7,11,15,11,1,67,482,2,2,1,2,FORET NOIRE (AVENUE DE L,48.58307,7.77223
201500032418,9,11,15,7,1,67,482,2,1,1,5,"0, AUVERGNE (PONT D )",48.5855,7.76006
201500032419,10,11,15,8,1,67,482,2,1,1,1,"56, GRAND RUE",48.58222,7.74143
201500032420,10,11,15,17,2,67,482,2,2,1,3,"0, CARPE HAUTE (RUE DE L",48.59574,7.7866
201500032421,11,11,15,3,5,67,447,2,1,1,1,"136, BISCHWILLER (ROUTE",48.60761,7.74977
201500032422,11,11,15,17,5,67,482,2,1,1,2,"35, BALDNER (RUE)",48.5686,7.7608
201500032423,16,11,15,14,1,67,482,2,1,1,3,"0, ANVERS (BOULEVARD D )",48.58435,7.7734
201500032424,18,11,15,19,5,67,482,2,2,1,3,"1, JEU DES ENFANTS (RUE",48.5835,7.7418
201500032425,19,11,15,19,5,67,482,2,1,2,6,"0, LANDSBERG (RUE DU)",0.0,0.0
201500032426,20,11,15,10,1,67,482,2,3,3,3,"0, MITTELHAUSBERGEN (ROU",48.59787,7.7145
201500032427,21,11,15,11,1,67,218,2,1,2,3,"79, LYON (RTE DE)",0.0,0.0
201500032428,22,11,15,1,5,67,482,2,1,1,6,BOEUFS (RUE DES),0.0,0.0
201500032429,24,11,15,17,5,67,482,2,2,1,3,"0, PROVENCE (RUE DE)",48.54589,7.75822
201500032430,25,11,15,17,5,67,482,2,1,2,6,"0, GANZAU (RUE DE LA)",48.54047,7.76157
201500032431,25,11,15,19,5,67,482,2,1,2,6,"7, KOCH (QUAI)",48.5851,7.75873
201500032432,27,11,15,23,5,67,482,2,3,1,6,"0, STOSSWIHR (RUE DE)",48.56808,7.7736
201500032433,30,11,15,10,1,67,482,2,2,1,3,"0, WISSEMBOURG (RUE DE)",48.98927,7.74096
201500032434,1,12,15,9,1,67,482,2,1,1,3,"0, DANUBE (PONT DU)",48.57848,7.78283
201500032435,1,12,15,15,1,67,482,2,1,1,2,"0, ALPES (QUAI DES)",48.57496,7.7636
201500032436,2,12,15,18,5,67,218,2,1,1,6,"0, CEINTURE (RUE DE LA)",48.5234,7.72514
201500032437,2,12,15,20,5,67,482,2,2,1,3,"0, MOLIERE (AVENUE)",48.59495,7.70737
201500032438,3,12,15,7,2,67,482,2,1,1,1,"0, RHIN (AVENUE DU)",48.57344,7.79835
201500032439,3,12,15,13,1,67,204,2,2,1,6,"0, GENERAL DE GAULLE (AV",48.61938,7.76456
201500032440,5,12,15,23,5,67,482,2,2,1,1,"0, WASSELONNE (RUE DE)",48.57953,7.73073
201500032441,6,12,15,7,2,67,482,2,2,1,3,"0, ROMAINS (ROUTE DES)",48.58008,7.71899
201500032442,11,12,15,9,1,67,482,2,1,1,6,"106, ZIEGELAU (RUE DE LA",48.56691,7.77226
201500032443,13,12,15,13,1,67,482,2,1,1,6,"0, HOLTZHEIM (RUE DE)",48.56558,7.7027
201500032444,14,12,15,13,1,67,447,1,1,1,3,"45, GENERAL DE GAULLE (R",48.60132,7.73905
201500032445,15,12,15,22,5,67,482,2,2,1,3,"34, HOPITAL (ROUTE DE L",48.57312,7.75018
201500032446,16,12,15,18,5,67,482,2,1,1,2,ALPES (QUAI DES),0.0,0.0
201500032447,17,12,15,17,2,67,482,2,1,1,3,"9A, CERF BERR (RUE)",48.58718,7.69043
201500032448,17,12,15,17,5,67,218,2,6,1,6,"1, PEAGE (PONT DU)",48.51906,7.70316
201500032449,17,12,15,17,5,67,482,2,3,1,6,"0, NEUHOF (ROUTE)",48.54623,7.76551
201500032450,18,12,15,21,5,67,482,2,1,1,2,"77, FORET NOIRE (AVENUE",48.5807,7.77686
201500032451,19,12,15,14,1,67,482,2,1,1,3,"0, PROVENCE (RUE DE)",48.54585,7.75803
201500032452,20,12,15,16,5,67,482,2,3,1,3,"0, RHIN (ROUTE DU)",48.57045,7.78505
201500032453,20,12,15,17,5,67,482,2,2,1,3,JULES VEDRINES (RUE),48.55451,7.76898
201500032454,21,12,15,13,1,67,482,2,1,1,3,"0, BRUMATH (ROUTE DE)",48.59628,7.74211
201500032455,21,12,15,15,1,67,447,2,3,1,3,"0, GENERAL DE GAULLE (RO",48.61375,7.73296
201500032456,23,12,15,11,1,67,204,2,3,1,6,"0, CHENE (RUE DU)",48.62741,7.75955
201500032457,23,12,15,15,1,67,447,2,1,1,3,"0, LOUIS PASTEUR (RUE)",48.60097,7.75103
201500032458,27,12,15,15,1,67,482,2,1,1,6,"0, RACINE (AVENUE)",48.596,7.69852
201500032459,31,12,15,19,5,26,301,1,9,1,3,LEOBERT,0.0,0.0
201500032460,9,8,15,2,3,91,648,1,1,1,7,RD 26,48.574,2.378
201500032461,29,8,15,11,1,91,235,2,1,1,3,rue andré(c) malraux,0.0,0.0
201500032462,12,10,15,8,1,91,86,1,1,1,2,Rond point déchetterie,0.0,0.0
201500032463,14,10,15,1,5,91,235,2,1,1,1,rue Clément Ader,0.0,0.0
201500032464,9,12,15,8,2,91,340,2,1,1,6,avenue du 08 mai 1945,0.0,0.0
201500032465,6,9,15,23,3,62,265,1,1,1,6,,50.64747,2.20067
201500032466,9,9,15,8,1,62,837,1,1,1,6,,50.64446,2.01475
201500032467,4,12,15,8,1,68,66,2,1,1,3,"1, SELESTAT (ROUTE DE)",48.08169,7.36382
201500032468,19,3,15,21,5,68,66,2,3,1,3,"68, NORD (RUE DU)",48.08108,7.35878
201500032469,20,12,15,9,1,68,66,1,2,1,2,"115, LADHOF DEVIEE (RUE",48.10737,7.38496
201500032470,25,3,15,4,5,68,66,2,2,1,3,"52, NEUF BRISACH (ROUTE",48.08002,7.36866
201500032471,7,4,15,10,1,68,66,2,1,1,6,LIBERTE (AVENUE) 39,48.07714,7.33696
201500032472,12,5,15,18,1,68,66,2,1,1,6,"1, SCHEURER KESTNER (PLA",48.08165,7.35637
201500032473,19,5,15,16,1,68,66,2,1,1,6,"12, 1ERE ARMEE FRANCAISE",48.08439,7.35682
201500032474,12,11,15,18,2,68,66,2,1,1,6,"13, STANISLAS (RUE)",0.0,0.0
201500032475,9,5,15,11,1,68,66,2,1,1,6,"11, KIENER (RUE ANDRE)",48.1005,7.36917
201500032476,24,6,15,14,1,68,66,2,1,1,6,"16, GRUNEWALD (RUE MATHI",48.08148,7.36153
201500032477,27,6,15,6,2,68,66,2,1,1,6,"20, LIBERTE (AVENUE DE L",48.0761,7.33983
201500032478,12,7,15,19,1,68,66,1,1,1,1,"12, RD45",0.0,0.0
201500032479,23,7,15,7,1,68,66,2,3,1,6,"18, POINCARE (AVENUE RAY",48.0708,7.35138
201500032480,26,8,15,7,1,68,66,1,1,1,2,16 RD45,0.0,0.0
201500032481,2,9,15,20,2,68,66,1,3,1,1,LADHOF DEVIEE (RUE DU),48.10636,7.38924
201500032482,15,9,15,16,1,68,66,2,3,1,3,"42, CLEMENCEAU (AVENUE G",48.0694,7.35872
201500032483,7,10,15,12,1,68,66,1,1,1,6,"42, HAUSENHARTH-WEG",48.1171,7.35
201500032484,3,11,15,12,1,68,66,2,2,1,3,"7/10, SCHLUMBERGER (RUE",48.07143,7.34988
201500032485,9,11,15,10,1,68,66,2,1,1,2,PREMIERE ARMEE FRANCAISE,48.08636,7.35819
201500032486,28,11,15,12,1,68,66,1,1,1,6,"16, RD45",48.13494,7.45464
201500032487,30,11,15,13,1,68,66,2,1,1,2,"16, GRENOUILLERE (RUE DE",48.07715,7.36288
201500032488,14,1,15,11,1,68,66,2,2,1,3,"2, INGERSHEIM (ROUTE D')",48.08155,7.35328
201500032489,23,1,15,16,2,68,66,2,1,1,6,"face au 18, POINCARE (AV",48.07087,7.35137
201500032490,23,2,15,14,1,68,66,1,1,1,6,"14, RD45",48.13917,7.45946
201500032491,25,3,15,17,1,68,66,2,1,2,6,STRASBOURG ROUTE 18,48.09066,7.36022
201500032492,1,9,15,16,1,68,66,2,1,1,6,Nord RUE DU 32,48.08029,7.36074
201500032493,1,1,15,0,5,68,224,2,3,1,6,"86, COLMAR (AVENUE DE)",47.75535,7.3366
201500032494,5,3,15,18,2,68,224,2,1,1,6,"151, KINGERSHEIM (RUE DE",47.77672,7.32872
201500032495,7,1,15,23,5,68,224,2,1,1,6,SIPHON (RUE DU),47.74925,7.32891
201500032496,16,3,15,15,1,68,224,2,1,1,6,"54, MARTIN (RUE JEAN)",47.7545,7.31004
201500032497,11,1,15,16,2,68,224,2,1,1,6,"3, FOCH (PONT)",47.74346,7.34314
201500032498,17,3,15,8,1,68,224,2,6,1,6,GAY-LUSSAC (RUE),47.7423,7.33082
201500032499,14,1,15,19,5,68,224,2,2,1,3,"230, BELFORT (RUE DE)",47.73865,7.29523
201500032500,23,3,15,16,1,68,224,2,1,1,6,"33, MANEGE (RUE DU)",47.74089,7.33363
201500032501,21,1,15,14,1,68,224,2,3,1,1,"15, MONTAGNE (RUE DE LA)",47.73619,7.34072
201500032502,25,3,15,8,1,68,224,2,2,1,3,FRANKLIN (RUE),47.75042,7.32995
201500032503,26,1,15,14,1,68,224,2,1,2,6,"24, NATIONS (BOULEVARD D",47.7369,7.30192
201500032504,1,4,15,16,1,68,224,2,1,1,6,"3, TROIS-ROIS (RUE DES)",47.74413,7.33374
201500032505,30,1,15,19,5,68,56,2,6,2,6,chemin des Cordiers,47.72982,7.32146
201500032506,6,4,15,19,1,68,224,2,2,1,3,STRASBOURG (RUE DE),47.19416,7.45082
201500032507,15,2,15,5,5,68,224,2,1,9,6,"1, EUROPE (BOULEVARD DE",47.74946,7.34122
201500032508,8,4,15,15,1,68,224,1,1,1,4,VOIE RAPIDE NORD SUD,0.0,0.0
201500032509,9,4,15,17,1,68,224,2,1,1,6,BOURGEOIS (RUE LEON),0.0,0.0
201500032510,14,4,15,18,1,68,224,2,2,1,3,LOTI PIERRE RUE 9,47.73539,7.29784
201500032511,18,4,15,15,1,68,224,2,1,1,6,"22, THENARD (RUE)",47.75023,7.32578
201500032512,19,4,15,19,1,68,224,2,1,1,6,"10, PORTE DU MIROIR",47.74249,7.33667
201500032513,21,4,15,19,1,68,224,2,2,1,6,DIX-SEPT NOVEMBRE (RUE D,47.74333,7.37169
201500032514,22,4,15,19,1,68,224,2,1,1,6,"5, AIGLE (RUE DE L')",0.0,0.0
201500032515,24,4,15,16,1,68,224,2,3,1,6,"1, ZIMMERMANN",47.77524,7.32019
201500032516,29,4,15,9,1,68,224,1,1,1,4,AUTOROUTE A 36,47.7512,7.2864
201500032517,29,4,15,10,1,68,224,2,1,1,6,"3, LUCELLE (RUE DE)",47.74592,7.33489
201500032518,29,4,15,13,1,68,224,2,3,1,3,"8, GASCOGNE (RUE DE)",47.72979,7.33946
201500032519,9,5,15,19,1,68,224,2,2,1,6,"13, CERF (RUE DU)",47.74856,7.32735
201500032520,10,5,15,13,1,68,271,2,1,1,6,"53, MODENHEIM (RUE DE)",47.75839,7.36638
201500032521,15,5,15,5,5,68,224,2,2,2,2,"53, MARTIN (RUE JEAN)",47.75527,7.31183
201500032522,16,5,15,12,1,68,224,1,1,1,6,"110, KINGERSHEIM (RUE DE",0.0,0.0
201500032523,17,5,15,18,1,68,224,2,3,1,1,"53, BRIAND (AVENUE ARIST",47.74854,7.32461
201500032524,18,5,15,18,1,68,224,2,1,1,6,"60, BRIAND (AVENUE ARIST",47.74885,7.32518
201500032525,19,5,15,18,1,68,224,2,1,1,1,"11, BLUM (RUE LEON)",0.0,0.0
201500032526,26,5,15,22,5,68,224,2,2,1,3,"32b, ROMAINS (RUE DES)",47.77463,7.31371
201500032527,29,5,15,13,1,68,224,2,1,1,1,"45, STOESSEL (BOULEVARD",47.73845,7.31961
201500032528,30,5,15,19,1,68,224,1,1,1,3,AUTOROUTE A 36,0.0,0.0
201500032529,30,5,15,9,1,68,224,2,3,1,3,"20, SINNE (RUE DE LA)",0.0,0.0
201500032530,2,6,15,13,1,68,224,2,1,1,6,"02, DESCARTES (RUE)",47.749,7.32976
201500032531,3,6,15,17,1,68,224,2,1,1,6,"45, GRUNEWALD (RUE MATHI",47.73614,7.29626