Num_Acc,jour,mois,an,hr,condition_eclairage,departement,commune,condition_agglomeration,intersection,condition_atmosphere,type_collision,adresse,lattitude,longitude
201500032532,4,6,15,15,1,68,224,2,3,1,3,FORST (QUAI DU),47.75311,7.32754
201500032533,5,6,15,18,1,68,224,2,1,1,6,"91, LEFEBVRE (RUE)",47.76231,7.33854
201500032534,6,6,15,11,1,68,224,1,1,1,6,"159, BALE (RUE DE)",0.0,0.0
201500032535,4,6,15,12,1,68,224,2,3,1,1,MARTYRS (RUE DES),0.0,0.0
201500032536,19,6,15,13,1,68,256,2,1,1,6,"3, KINGERSHEIM (RUE DE)",47.77189,7.30645
201500032537,19,6,15,23,3,68,224,1,1,1,6,AUTOROUTE A 36,47.75644,7.29954
201500032538,24,6,15,12,1,68,224,1,2,1,3,"61, MEYER (RUE ROBERT)",47.7714,7.31361
201500032539,24,6,15,17,1,68,224,2,1,1,3,"17, ISLY (QUAI D')",47.73855,7.33361
201500032540,26,6,15,9,1,68,224,2,2,1,3,"126, BRIAND (AVENUE ARIS",47.74717,7.32037
201500032541,27,6,15,13,1,68,224,2,1,1,6,"08, EST (RUE DE L')",47.74571,7.34617
201500032542,6,7,15,22,5,68,224,2,1,1,2,MITTERRAND (AVENUE FRANC,47.7428,7.30942
201500032543,7,7,15,9,1,68,224,1,1,1,6,"1, MITTERRAND (AVENUE FR",47.7398,7.30311
201500032544,17,7,15,9,1,68,56,2,1,1,3,"6, ASHE (rue Arthur)",47.72873,7.32002
201500032545,21,7,15,7,1,68,224,2,1,1,6,"29, BRIAND (AVENUE ARIST",47.7491,7.32602
201500032546,23,7,15,19,1,68,224,2,2,1,1,BALE (RUE DE),47.7516,7.35747
201500032547,24,7,15,22,5,68,224,2,1,1,3,"26, THANN (RUE DE)",47.7505,7.30511
201500032548,26,7,15,15,1,68,224,2,1,1,3,"34, SCHOEN (RUE ANNA)",47.7564,7.32614
201500032549,1,8,15,3,5,68,224,1,2,1,1,THANN (RUE DE),47.75007,7.30567
201500032550,3,8,15,9,1,68,224,2,6,1,3,"1, SOLEIL (RUE DU)",47.75393,7.31833
201500032551,3,8,15,20,1,68,224,2,2,1,3,"59, SCHOEN (RUE ANNA)",47.75729,7.32527
201500032552,13,8,15,15,1,68,224,2,3,1,3,GAZ (RUE DU),47.75306,7.3352
201500032553,16,8,15,13,1,68,224,1,1,2,5,AUTOROUTE A 36,47.76941,7.34029
201500032554,28,8,15,8,1,68,224,1,1,1,4,AUTOROUTE A 36,47.77126,7.34296
201500032555,29,8,15,14,1,68,224,2,2,1,1,HOFER (RUE JOSUE),0.0,0.0
201500032556,23,9,15,0,5,68,224,2,1,2,6,"31, GUEBWILLER (RUE DE)",47.74438,7.32219
201500032557,27,10,15,10,1,68,224,2,6,1,7,"02, SINNE (RUE DE LA)",47.74342,7.33431
201500032558,12,11,15,15,1,68,224,2,4,7,5,ROMAINS (RUE DES),47.77122,7.33143
201500032559,25,11,15,19,5,68,224,2,1,3,3,"5, SOULTZ (RUE DE)",47.76474,7.32232
201500032560,2,12,15,10,1,68,224,2,6,1,6,VOIE RAPIDE OUEST,0.0,0.0
201500032561,14,12,15,10,1,68,224,2,1,1,6,ARSENAL (RUE DE L'),47.74679,7.33319
201500032562,18,12,15,11,1,68,271,2,1,1,6,MULHOUSE (RUE DE),47.74727,7.36268
201500032563,26,12,15,11,1,68,224,2,2,1,3,QUATELBACH (ALLEE),47.76252,7.35178
201500032564,12,2,15,9,1,68,297,2,3,1,6,"1, CHARITE ( RUE DE LA )",47.57715,7.54981
201500032565,5,3,15,18,1,68,297,2,3,1,1,DE GAULLE ( AVE DU GLE ),47.5785,7.54742
201500032566,3,8,15,18,1,68,297,2,3,7,3,AEROPORT ( RUE DE ),47.6069,7.52575
201500032567,25,6,15,22,2,68,297,2,3,1,3,"17, BACHMANN ( RUE THEO",47.58658,7.56086
201500032568,14,9,15,12,1,68,149,2,1,1,3,"26, ST-LOUIS ( RUE DE )",47.5919,7.57575
201500032569,14,11,15,16,2,68,149,2,3,1,3,FRANCE (RUE DE) 1,47.592,7.5861
201500032570,3,12,15,20,5,68,297,2,1,1,6,"78, MULHOUSE ( RUE DE)JU",47.5916,7.55733
201500032571,3,12,15,21,5,68,297,2,3,1,6,"19, PLATT ( RUE GUILLAUM",47.58607,7.56035
201500032572,18,2,15,18,5,68,166,2,1,1,4,"0, MULHOUSE (FAUBOURG DE",47.78327,7.33104
201500032573,31,12,15,19,5,68,376,2,3,2,6,"68, KINGERSHEIM (RUE DE)",47.80042,7.33691
201500032574,11,6,15,13,1,68,166,2,6,1,3,KALIGONE,47.78995,7.31528
201500032575,19,6,15,8,1,68,376,1,3,1,3,CROIX (RUE DE LA),47.81932,7.33412
201500032576,5,10,15,16,1,68,376,2,2,1,5,"16, SAINT CLOUD (RUE DU)",47.81388,7.33783
201500032577,8,11,15,3,5,68,166,1,1,1,2,RD 430,47.78156,7.32926
201500032578,9,12,15,18,5,68,376,2,1,1,6,"18, KINGERSHEIM (RUE DE)",47.80816,7.33778
201500032579,10,12,15,16,1,68,166,2,6,1,3,GUEBWILLER (RUE DE),47.78916,7.31555
201500032580,1,1,15,21,5,69,271,2,3,2,3,"0, BOULEVARD DU RAQUIN",45.7441,4.973
201500032581,8,1,15,18,4,69,29,2,1,2,6,"372, ROUTE DE GENAS",0.0,0.0
201500032582,10,1,15,20,5,69,29,2,1,1,1,"296, ROUTE DE GENAS",45.7497,4.91221
201500032583,19,1,15,12,1,69,29,2,3,3,6,"0, RUE LIONEL TERRAY",45.7258,4.91316
201500032584,31,1,15,16,1,69,29,2,1,2,2,"., BOULEVARD DE L UNIVER",45.7239,4.91725
201500032585,14,3,15,18,1,69,29,2,1,1,6,"0, BOULEVARD DES DROITS",0.0,0.0
201500032586,13,2,15,19,5,69,34,2,1,1,6,"16, RUE PASTEUR",0.0,0.0
201500032587,18,1,15,13,1,69,34,2,1,1,4,"74, MONTEE DES SOLDATS",45.7977,4.85215
201500032588,19,1,15,18,5,69,34,2,1,2,6,"51 TER, RUE FRANCOIS PEI",45.7981,4.84549
201500032589,27,1,15,11,1,69,34,2,1,1,2,"10B, MONTEE DES SOLDATS",45.7932,4.85987
201500032590,2,2,15,19,5,69,34,2,3,2,3,RUE COSTE,0.0,0.0
201500032591,4,2,15,14,1,69,34,2,1,1,3,"43, RUE COSTE",0.0,0.0
201500032592,4,2,15,21,5,69,34,2,1,1,7,QUAI CLEMENCEAU,0.0,0.0
201500032593,21,2,15,10,1,69,34,2,1,2,6,AVENUE JEAN MONNET,0.0,0.0
201500032594,23,2,15,16,1,69,34,2,1,1,6,"56, RUE JEAN MOULIN",0.0,0.0
201500032595,4,3,15,16,1,69,34,2,1,2,2,"100, ROUTE DE STRASBOURG",0.0,0.0
201500032596,13,3,15,23,5,69,34,2,1,2,6,"56, RUE COSTE",0.0,0.0
201500032597,5,1,15,8,1,69,91,2,3,1,3,"2 BIS, MARCEL CACHIN ( R",0.0,0.0
201500032598,19,3,15,18,1,69,91,2,1,1,6,"ALLEE 16, PAIX (DE LA) (",45.5849,4.75222
201500032599,13,1,15,11,1,69,91,1,1,1,1,PAIX (DE LA) ( R ),45.5865,4.75532
201500032600,24,3,15,18,1,69,91,2,9,1,1,CANAL (DU) (CH),45.5888,4.76128
201500032601,14,1,15,19,5,69,91,2,1,1,3,"X, PAIX (DE LA) ( R )",45.5868,4.75615
201500032602,11,4,15,17,1,69,91,2,7,1,3,"11, HONORE PETETIN ( R )",45.5911,4.77261
201500032603,17,1,15,18,5,69,91,2,6,8,7,MONTROND (DE) ( R ),45.5869,4.76126
201500032604,13,4,15,14,1,69,96,2,1,1,2,"24, BERTHELOT (MARCELIN)",45.599,4.78456
201500032605,22,1,15,4,5,69,91,2,1,2,6,"29, HONORE PETETIN ( R )",45.5931,4.77303
201500032606,20,4,15,9,1,69,91,2,2,1,3,", JEAN LIGONNET ( R )",45.593,4.77022
201500032607,24,1,15,18,3,69,96,2,1,9,6,"88, JEAN LIGONNET ( R )",45.5923,4.77032
201500032608,23,4,15,11,1,69,91,2,6,1,2,PAIX (DE LA) ( R ),45.5874,4.75843
201500032609,24,2,15,11,1,69,91,2,1,1,2,"x, VIEILLE DU BOURG  ( R",0.0,0.0
201500032610,25,4,15,11,1,69,91,2,1,1,4,"x, PAIX (DE LA) ( R )",45.5841,4.74772
201500032611,24,2,15,17,1,69,91,2,2,2,3,JEAN LIGONNET ( R ),0.0,0.0
201500032612,30,4,15,15,1,69,91,2,3,1,6,"9, GAGARINE (AV)",45.6001,4.76961
201500032613,27,2,15,9,1,69,91,2,2,2,3,JEAN LIGONNET ( R ),0.0,0.0
201500032614,6,3,15,11,1,69,91,2,1,1,2,"6, YVES FARGES ( R )",0.0,0.0
201500032615,12,3,15,1,5,69,91,1,1,1,6,"24, ANATOLE FRANCE (AV)",0.0,0.0
201500032616,12,3,15,7,1,69,91,2,3,1,3,"37, COTE A CAILLOUX (DE",0.0,0.0
201500032617,13,3,15,12,1,69,91,2,1,1,7,PAIX (DE LA) ( R ),0.0,0.0
201500032618,13,3,15,16,1,69,91,2,1,1,6,"x, BONNEBOUCHE (DE) (CH)",0.0,0.0
201500032619,5,6,15,20,1,69,91,2,1,1,2,"18, CACHIN ( RUE)",45.5951,4.76558
201500032620,7,6,15,17,1,69,96,2,2,1,1,"60, PASTEUR ( R )",45.6051,4.78025
201500032621,7,6,15,17,1,69,91,2,3,1,6,FRATERNITE (DE LA) ( R ),45.5932,4.77161
201500032622,11,6,15,12,1,69,91,2,1,1,1,PAIX (DE LA) ( R ),45.586,4.75414
201500032623,20,6,15,21,1,69,96,2,1,1,1,"66, BOUTEILLER ( R )",45.6067,4.78986
201500032624,30,6,15,15,1,69,91,2,1,1,6,"48, JEAN LIGONNET ( R )",45.5942,4.76992
201500032625,4,7,15,20,1,69,91,2,9,1,3,HONORE PETETIN ( R ),45.591,4.773
201500032626,8,7,15,18,1,69,91,2,1,1,3,"2, GEORGES LEVY (Q)",45.5857,4.77411
201500032627,9,7,15,21,2,69,91,2,3,1,3,"X, ROBICHON MALGONTIER (",45.581,4.77833
201500032628,10,7,15,15,1,69,96,2,1,1,3,SEMARD (PIERRE) ( R ),45.6206,4.80161
201500032629,17,7,15,20,1,69,91,2,1,1,1,"13, DOCTEUR ROUX (DU) (",45.6013,4.76111
201500032630,28,7,15,17,1,69,96,2,3,1,6,"89, SEMARD (PIERRE) ( R",45.6091,4.79226
201500032631,31,7,15,11,1,69,91,1,1,1,7,ECHALAS (D'),45.5766,4.74982
201500032632,7,8,15,21,2,69,96,2,1,1,6,"19, CARACA ( R )",45.6084,4.79378
201500032633,8,8,15,9,1,69,91,1,1,1,6,"X, LA CLUZELLE (LIEU D)",0.0,0.0
201500032634,11,8,15,8,1,69,91,2,1,1,6,"4 TER, MARCEL CACHIN ( R",45.35467,4.45592
201500032635,19,8,15,21,5,69,91,2,3,1,3,"22, YVES FARGES ( R )",45.59332,4.76424
201500032636,27,8,15,0,5,69,96,2,1,1,6,"1, AMPERE ( R )",45.60982,4.78373
201500032637,7,9,15,9,1,69,96,2,1,1,6,"68, BERTHELOT (MARCELIN)",0.0,0.0
201500032638,11,9,15,13,1,69,91,2,3,1,6,"1, SEMARD (PIERRE) ( R )",0.0,0.0
201500032639,16,9,15,8,1,69,91,1,1,1,3,", GEORGES LEVY (Q)",45.5861,4.77307
201500032640,17,9,15,14,1,69,91,1,1,8,6,"x, RIVE DE GIER (DE) (RT",45.5757,4.71818
201500032641,22,9,15,13,1,69,96,2,3,1,3,MARS 1962 (AVENUE DU 19),0.0,0.0
201500032642,21,9,15,14,1,69,96,2,1,1,6,"1, RD 386 LE BOUTRAS",45.6057,4.77189
201500032643,28,9,15,8,1,69,91,2,1,1,3,"6, ROSENBERG (Q)",45.5796,4.78128
201500032644,14,10,15,18,2,69,91,2,2,1,5,"3, EDOUART IDOUX ( R )",45.5917,4.76183
201500032645,7,11,15,3,3,69,91,1,1,1,6,"x, RIVE DE GIER (DE) (RT",45.5795,4.72467
201500032646,18,11,15,7,1,69,91,2,1,1,2,"45BIS, EDOUART IDOUX ( R",0.0,0.0
201500032647,2,12,15,15,1,69,91,2,1,1,6,"02, ANATOLE FRANCE (AV)",45.5734,4.79308
201500032648,4,12,15,14,1,69,96,2,1,1,4,MOULIN (JEAN) (AV),0.0,0.0
201500032649,8,12,15,15,1,69,96,2,1,1,6,"05, MAYER  (ANDRE) ( R )",45.6088,4.79201
201500032650,20,12,15,11,1,69,91,2,1,1,1,"X, SEMARD (PIERRE) ( R )",45.585,4.76449
201500032651,25,12,15,14,1,69,91,2,1,1,3,MARECHAL LECLERC  (AV),45.58843,4.77133
201500032652,26,12,15,19,5,69,91,2,1,1,6,PAIX (DE LA) ( R ),45.58544,4.75197
201500032653,16,1,15,12,1,69,381,2,1,3,6,"57, REPUBLIQUE (DE LA)",45.7736,4.83023
201500032654,19,1,15,19,5,69,202,2,1,2,6,"38, VALIOUD",45.785,4.80502
201500032655,8,2,15,11,1,69,202,2,1,1,6,"50, GRANDE RUE",0.0,0.0
201500032656,25,1,15,17,1,69,202,2,1,2,3,CHATELAIN,45.7309,4.79756
201500032657,26,1,15,13,1,69,202,2,1,1,1,"111-113, COMMANDANT CHAR",45.7487,4.79027
201500032658,29,1,15,19,2,69,202,2,1,3,2,AQUEDUC DE BEAUNANT (DE,0.0,0.0
201500032659,2,2,15,20,5,69,149,2,3,1,3,CAMILLE (DE LA),0.0,0.0
201500032660,12,2,15,16,1,69,152,1,1,1,6,AUTOROUTE A7,0.0,0.0
201500032661,18,2,15,11,1,69,149,2,1,1,6,"44, GRANDE RUE",0.0,0.0
201500032662,19,2,15,13,1,69,149,2,1,1,6,"74, CHARTON",0.0,0.0
201500032663,27,2,15,15,1,69,202,2,1,8,6,ST LUC,0.0,0.0
201500032664,7,3,15,18,2,69,202,2,1,1,6,"37, COMMANDANT CHARCOT (",0.0,0.0
201500032665,12,1,15,17,5,69,256,2,1,1,6,"., BALLAND",45.7733,4.9081
201500032666,30,1,15,20,5,69,256,2,3,2,6,"., ROGER SALENGRO",45.7561,4.92971
201500032667,24,2,15,15,1,69,256,2,1,8,6,"142, 8 MAI 1945 (DU)",0.0,0.0
201500032668,5,3,15,18,5,69,256,2,1,1,3,"2, HO CHI MINH",0.0,0.0
201500032669,9,3,15,11,1,69,256,2,8,1,3,"41, POUDRETTE (DE LA)",0.0,0.0
201500032670,11,3,15,18,2,69,256,2,2,1,6,"0, CANUTS (DES)",0.0,0.0
201500032671,5,1,15,18,3,69,123,2,1,1,2,RUE DE FOS SUR MER,45.713,4.83673
201500032672,6,1,15,7,2,69,259,2,1,5,6,"0, BOULEVARD MARCEL SEMB",0.0,0.0
201500032673,7,1,15,10,1,69,259,2,1,1,6,"0, AVENUE MARCEL PAUL",0.0,0.0
201500032674,9,1,15,19,5,69,199,2,1,1,6,JEAN JAURES,45.7142,4.85491
201500032675,18,1,15,5,4,69,199,2,1,5,6,"1, QUAI LOUIS AULAGNE",45.6875,4.83925
201500032676,18,1,15,2,5,69,259,2,3,1,6,"0, ROUTE DE VIENNE",45.6957,4.86076
201500032677,20,1,15,11,1,69,259,2,1,2,3,AVENUE PIERRE SEMARD,45.7073,4.88194
201500032678,20,1,15,7,5,69,259,2,1,2,6,RUE DES COMBATS DU 24 AO,45.7151,4.88495
201500032679,24,1,15,16,1,69,276,2,1,2,1,"0, ROUTE DE VIENNE",45.6801,4.86128
201500032680,23,1,15,17,1,69,123,2,1,1,6,"136, IRENE JOLIOT CURIE",45.7175,4.87688
201500032681,19,1,15,11,1,69,259,2,1,1,2,"0, AVENUE PIERRE SEMARD",45.7072,4.87869
201500032682,21,1,15,9,1,69,290,2,6,2,1,"0, AVENUE JACQUES DUCLOS",45.6967,4.89389
201500032683,24,1,15,19,5,69,259,2,1,2,6,"0, BOULEVARD DE JODINO",45.6915,4.88701
201500032684,29,1,15,7,2,69,259,2,1,1,6,"0, BOULEVARD MARCEL SEMB",45.7139,4.8871
201500032685,29,1,15,19,5,69,199,2,3,3,5,RUE MARCEL SEMBAT,45.7108,4.84918
201500032686,12,2,15,17,2,69,259,2,2,1,3,"364, ROUTE DE VIENNE",0.0,0.0
201500032687,18,2,15,7,5,69,199,2,1,2,6,"2, AVENUE JEAN JAURES",0.0,0.0
201500032688,24,2,15,19,5,69,199,2,3,2,3,"0, AVENUE JEAN JAURES",0.0,0.0
201500032689,28,2,15,18,1,69,199,2,1,1,1,BOULEVARD YVES FARGE,0.0,0.0
201500032690,7,4,15,20,5,69,259,2,2,1,6,"0, AVENUE DE LA REPUBLIQ",0.0,0.0
201500032691,5,3,15,7,1,69,276,2,1,1,1,"26, RUE JEAN BOUIN",0.0,0.0
201500032692,11,3,15,18,1,69,259,2,1,1,4,PONT BERLIET,0.0,0.0
201500032693,12,3,15,9,1,69,259,2,3,1,6,"0, AVENUE DE LA REPUBLIQ",0.0,0.0
201500032694,6,3,15,9,1,69,259,2,1,1,6,"20, BOULEVARD MARCEL SEM",0.0,0.0
201500032695,6,3,15,9,1,69,199,2,1,1,3,RUE MATHIEU DUSSURGEY,0.0,0.0
201500032696,7,3,15,10,1,69,259,2,1,1,6,"19, RUE GEORGES LYVET",0.0,0.0
201500032697,9,3,15,13,1,69,259,2,2,1,3,"1, AVENUE MARCEL CACHIN",0.0,0.0
201500032698,15,3,15,16,1,69,259,2,1,1,3,"82, CHEMIN DU CHARBONNIE",0.0,0.0
201500032699,10,3,15,22,5,69,259,2,1,1,6,RUE LEO LAGRANGE,0.0,0.0
201500032700,1,6,15,19,1,69,259,2,1,1,6,"., JODINO (DE)",0.0,0.0
201500032701,3,6,15,20,1,69,259,2,1,1,6,"14, LEO LAGRANGE",0.0,0.0
201500032702,4,6,15,13,1,69,259,2,1,1,3,"4, COMBATS DU 24 AOUT 19",0.0,0.0
201500032703,4,6,15,14,1,69,259,2,1,1,4,"136, IRENE JOLIOT CURIE",0.0,0.0
201500032704,4,6,15,21,2,69,259,2,1,1,6,"136, IRENE JOLIOT CURIE",0.0,0.0
201500032705,17,6,15,14,1,69,259,2,1,1,2,"., JODINO (DE)",45.6874,4.88569
201500032706,15,6,15,19,1,69,259,2,1,1,2,"41, FRANCIS DE PRESSENSE",0.0,0.0
201500032707,18,6,15,11,1,69,259,2,2,1,3,"., NORBERT KUGLER",0.0,0.0
201500032708,19,6,15,20,1,69,259,2,2,1,3,"., MARCEL PAUL",0.0,0.0
201500032709,22,6,15,6,1,69,259,2,4,1,6,"., JONQUILLES (DES)",0.0,0.0
201500032710,22,6,15,8,1,69,259,2,1,1,2,"., JULES GUESDE",0.0,0.0
201500032711,22,6,15,18,1,69,259,2,1,1,2,"248, VIENNE (DE)",0.0,0.0
201500032712,29,6,15,17,1,69,259,2,1,7,6,"66, ERNEST RENAN",45.724,4.85828
201500032713,30,6,15,16,1,69,259,2,1,1,3,"341, VIENNE (DE)",0.0,0.0
201500032714,29,1,15,19,5,69,115,2,1,3,6,"353, HERRIOT EDOUARD  AV",45.9787,4.72072
201500032715,3,4,15,8,1,69,115,2,1,8,1,"560, ANSE (route d')",45.9759,4.71653
201500032716,23,1,15,14,1,69,115,2,1,1,6,PONOT (RUE PIERRE),45.9702,4.70648
201500032717,8,4,15,8,1,69,264,2,1,1,6,"116, BERTHIER  PIERRE",0.0,0.0
201500032718,12,2,15,9,1,69,264,2,2,1,6,TARARE  RUE DE,0.0,0.0
201500032719,23,4,15,15,1,69,264,1,1,1,6,"1, BEAUREGARD DE ROUTE",45.9989,4.73997
201500032720,23,2,15,7,1,69,264,2,2,1,6,RONCEVAUX R,0.0,0.0
201500032721,17,4,15,10,1,69,264,2,1,1,6,"61, ANSE D'  (rue)",45.9851,4.71806
201500032722,9,6,15,14,1,69,264,2,1,1,3,"499, LIBERATION  AV DE L",0.0,0.0
201500032723,18,7,15,13,1,69,264,2,1,1,2,"599, BERTHIER  PIERRE",45.9855,4.72789
201500032724,9,6,15,12,1,69,264,2,1,7,6,BURDEAU   BD ( HORS GEAN,0.0,0.0
201500032725,20,9,15,19,2,69,264,2,2,1,3,"239, BERTHIER  PIERRE",0.0,0.0
201500032726,1,10,15,6,3,69,264,2,1,1,6,"925, EUROPE L'  AV DE",45.99228,4.74224
201500032727,18,11,15,23,5,69,13,1,1,1,7,LONGSARD (route de),46.0276,4.69799
201500032728,17,11,15,7,5,69,92,2,1,1,2,TARARE (route de),45.98164,4.69504
201500032729,3,12,15,18,1,69,264,2,1,1,6,"1520, FRANS ROUTE DE",45.98399,4.74045
201500032730,24,12,15,19,3,69,92,1,4,1,1,"150, SOTIZON (chemin du)",45.9798,4.69447
201500032731,4,1,15,20,5,69,256,2,1,1,6,"185, AVENUE ROGER SALENG",45.7854,4.88097
201500032732,31,12,15,17,2,69,275,2,2,1,3,FRATERNITE (DE LA),0.0,0.0
201500032733,16,3,15,22,5,69,266,2,2,1,1,LEON BLUM      (Rue),45.7603,4.90081
201500032734,6,1,15,16,1,69,266,2,2,1,2,"0, RUE PIERRE VOYANT",0.0,0.0
201500032735,17,3,15,14,1,69,266,2,2,1,1,"61, RACINE          (Rue",0.0,0.0
201500032736,11,1,15,10,1,69,266,2,6,1,7,"0, PLACE ALBERT THOMAS",45.7688,4.87756
201500032737,18,3,15,16,1,69,275,2,1,1,6,"10, SULLY",45.7717,4.97431
201500032738,18,3,15,18,2,69,282,1,1,1,6,"303, VERDUN (DE)",45.7897,5.02867
201500032739,17,1,15,18,5,69,266,2,2,1,6,"., AVENUE ROGER SALENGRO",45.781,4.88689
201500032740,19,3,15,17,1,69,282,2,1,1,3,"65, POMMIER (DE)",45.7768,5.00286
201500032741,24,3,15,8,1,69,266,2,1,8,6,"157, TOLSTOI    (Cours)",0.0,0.0
201500032742,24,3,15,8,1,69,275,2,4,2,1,VERDUN (DE),45.7644,4.96722
201500032743,31,1,15,19,5,69,266,2,4,2,6,"0, AVENUE ALBERT EINSTEI",45.7828,4.88461
201500032744,25,3,15,16,1,69,266,2,1,2,3,"1, LOUIS GALVANI       (",0.0,0.0
201500032745,3,2,15,11,1,69,266,2,1,1,6,"182, RUE DU 8 MAI 1945",0.0,0.0
201500032746,27,3,15,6,2,69,256,2,2,8,3,"68, BOLHEN   (DE)",45.7662,4.9285
201500032747,27,3,15,13,1,69,266,2,1,1,2,LAURENT BONNEVAY    (Bou,0.0,0.0
201500032748,27,3,15,17,1,69,266,2,9,1,6,"166, FRANCIS DE PRESSENS",45.7661,4.8992
201500032749,19,2,15,14,1,69,266,2,3,1,2,"19, RUE JEAN JAURES",0.0,0.0
201500032750,28,3,15,16,1,69,266,2,1,1,6,"170, ROGER SALENGRO",45.78135,4.88562
201500032751,24,2,15,5,5,69,266,2,3,1,6,"0, RUE ALFRED DE MUSSET",0.0,0.0
201500032752,18,3,15,7,1,69,271,2,1,1,2,DAUPHINE (DU),45.735,4.96443
201500032753,4,3,15,17,1,69,266,2,2,1,1,"0, COURS EMILE ZOLA",0.0,0.0
201500032754,28,3,15,23,5,69,29,2,3,1,3,"0, GENAS (DE)",0.0,0.0
201500032755,31,3,15,14,1,69,282,2,2,1,6,"., VERDUN (DE)",45.7783,4.99475
201500032756,4,3,15,19,5,69,266,2,3,1,3,"10, RUE LEON BLUM",0.0,0.0
201500032757,5,3,15,18,1,69,266,2,3,1,6,"117, RUE ANATOLE FRANCE",0.0,0.0
201500032758,3,4,15,18,1,69,256,2,2,1,3,"0, CUZIN",45.7692,4.92437
201500032759,7,3,15,21,5,69,266,2,1,1,2,"169, RUE LEON BLUM",0.0,0.0
201500032760,5,4,15,12,1,69,275,2,1,1,6,"14, FRATERNITE (DE LA)",45.7714,4.95817
201500032761,9,3,15,20,5,69,266,2,1,1,3,"22, COURS EMILE ZOLA",0.0,0.0
201500032762,6,4,15,14,1,69,290,2,1,1,4,"152, GRENOBLE (DE)  -  R",0.0,0.0
201500032763,10,3,15,14,1,69,266,2,3,1,6,"0, RUE VICTOR SUBIT",0.0,0.0
201500032764,6,4,15,13,1,69,290,2,2,1,3,CITE BERLIET (DE LA),0.0,0.0
201500032765,8,4,15,8,1,69,290,2,3,1,3,JEAN JAURES,45.6977,4.92867
201500032766,8,4,15,21,5,69,271,2,2,1,3,"., PROGRES (DU)",45.7244,4.97386
201500032767,9,4,15,3,5,69,266,2,6,1,6,".0, CANAL    (Rue du)",45.7713,4.90408
201500032768,8,4,15,11,1,69,266,2,3,1,3,"0, EMILE ZOLA     (Cours",45.7678,4.88872
201500032769,9,4,15,14,1,69,290,2,1,1,3,ALFRED DE VIGNY,45.6993,4.93636
201500032770,10,4,15,12,1,69,256,2,9,1,6,"29, GENAS (DE)",0.0,0.0
201500032771,11,4,15,18,1,69,29,2,1,1,3,"., PINEL",45.7261,4.88711
201500032772,6,4,15,19,1,69,256,2,4,1,6,"61-63, GENAS (DE)",45.7469,4.92442
201500032773,13,4,15,18,1,69,282,2,1,1,3,PETIT MONTOUT (DU),45.7634,4.99206
201500032774,13,4,15,17,1,69,271,2,3,1,3,"20, ARSONVAL (D')",0.0,0.0
201500032775,15,4,15,7,1,69,282,2,2,1,3,"., POMMIER (DE)",45.7815,5.0233
201500032776,15,4,15,14,1,69,275,2,9,1,6,", JEAN JAURES",0.0,0.0
201500032777,16,4,15,21,5,69,256,2,1,1,3,GUY MOQUET,0.0,0.0
201500032778,16,4,15,20,2,69,29,2,4,1,3,GENAS (DE),45.7444,4.93147
201500032779,28,3,15,20,5,69,266,2,1,1,3,"216, LEON BLUM      (Rue",0.0,0.0
201500032780,21,4,15,20,2,69,256,2,2,1,3,"., MARIUS GROSSO",0.0,0.0
201500032781,22,4,15,6,2,69,266,2,1,1,3,"21, CHARMETTES    (Rue d",45.77097,4.86705
201500032782,22,4,15,7,2,69,271,2,6,1,3,"0, RENE CASSIN",0.0,0.0
201500032783,23,4,15,9,1,69,256,2,9,1,4,"88, POUDRETTE (DE LA)",0.0,0.0
201500032784,25,4,15,12,1,69,290,2,2,1,3,"0, EDMOND ROSTAND",0.0,0.0
201500032785,5,5,15,13,1,69,256,2,3,1,6,"., GUY MOQUET",45.7853,4.91064
201500032786,6,5,15,8,1,69,29,2,4,1,3,"0, FRANKLIN ROOSEVELT",45.7355,4.90342
201500032787,6,5,15,20,2,69,29,1,1,1,6,LAURENT BONNEVAY,45.7459,4.90625
201500032788,10,5,15,17,1,69,29,2,1,1,3,"20, PIERRE BROSSOLETTE",45.746,4.91825
201500032789,10,5,15,18,1,69,266,2,1,1,6,"43, EUGENE REGUILLON",45.7618,4.89769
201500032790,12,5,15,20,1,69,29,2,9,1,6,"05, MANEGE (DU)",45.7201,4.91517
201500032791,12,5,15,19,1,69,266,2,1,1,3,"14, ARTS      (Avenue de",0.0,0.0
201500032792,15,5,15,16,1,69,282,2,1,2,6,"42, GAMBETTA",45.7629,4.99536
201500032793,16,5,15,20,1,69,266,1,1,1,6,LAFONTAINE     (rue),45.7596,4.88192
201500032794,17,5,15,21,4,69,266,2,6,1,3,ANTOINE DE SAINT EXUPERY,45.758,4.88153
201500032795,19,5,15,16,1,69,266,2,1,1,3,"19, ANTONIN PERRIN     (",0.0,0.0
201500032796,22,5,15,21,5,69,266,2,1,1,3,"135, ROGER SALENGRO",45.7818,4.88647
201500032797,23,5,15,10,1,69,266,2,1,1,4,"11, ALBERT EINSTEIN    (",45.7842,4.88602
201500032798,26,5,15,19,1,69,266,2,1,1,6,"97, EMILE ZOLA     (Cour",45.77091,4.87178
201500032799,27,5,15,20,2,69,266,2,7,1,6,"1, VALMY   (Place de)",0.0,0.0