Num_Acc,jour,mois,an,hr,condition_eclairage,departement,commune,condition_agglomeration,intersection,condition_atmosphere,type_collision,adresse,lattitude,longitude
201500032800,27,5,15,21,5,69,266,2,2,1,3,"121, TOLSTOI    (Cours)",45.7613,4.88344
201500032801,27,5,15,17,1,69,266,2,1,1,3,4 AOUT 1789    (Rue du),45.77046,4.90652
201500032802,27,5,15,6,1,69,290,2,6,1,2,"22, PROGRES (DU)",45.7182,4.95381
201500032803,25,5,15,22,5,69,275,2,2,1,3,"., VAULX (DE)",45.7759,4.95308
201500032804,31,5,15,15,1,69,256,2,1,1,6,"51, GABRIEL PERI",45.7761,4.91503
201500032805,30,5,15,19,1,69,256,1,2,1,3,PAUL TESTE,45.7743,4.91458
201500032806,1,6,15,6,2,69,275,2,1,1,6,"283, JEAN JAURES",45.7712,4.96568
201500032807,2,6,15,16,1,69,275,2,1,1,6,"0, FRANCISCO FERRER",45.7748,4.97561
201500032808,2,6,15,20,1,69,266,2,1,1,1,"11, CITE SAINT JEAN    (",45.77657,4.9012
201500032809,6,6,15,19,1,69,266,2,2,1,3,"22, ALLIES    (Rue des)",0.0,0.0
201500032810,5,6,15,17,1,69,282,2,1,1,6,GARE (DE LA),45.7666,5.02217
201500032811,29,5,15,10,1,69,256,2,1,1,2,"25, 8 MAI 1945 (DU)",45.7883,4.90436
201500032812,9,6,15,11,1,69,282,2,7,1,6,LOUIS SAULNIER,45.7742,5.01113
201500032813,10,6,15,21,2,69,271,1,1,1,7,EPINE (DE L'),45.7434,4.98553
201500032814,28,4,15,17,1,69,266,2,1,1,2,"., GUSTAVE CHAMBOEUF",45.7702,4.89925
201500032815,12,6,15,20,1,69,256,2,2,2,3,GARIBALDI,45.7665,4.93033
201500032816,13,6,15,18,1,69,256,2,2,1,3,ROGER SALENGRO,45.75352,4.92801
201500032817,13,6,15,20,1,69,290,2,2,1,3,PORTE DES ALPES (DE LA),45.7167,4.92808
201500032818,14,6,15,4,5,69,271,2,3,2,3,"0, JEAN MERMOZ",45.7432,4.93728
201500032819,17,6,15,20,1,69,266,2,3,1,6,"30, LEON BLUM      (Rue)",0.0,0.0
201500032820,18,6,15,13,1,69,256,2,2,1,6,"2, EMILE ZOLA",45.7782,4.91736
201500032821,20,6,15,15,1,69,256,2,1,1,1,"27, EMILE ZOLA",45.7775,4.91906
201500032822,22,6,15,18,1,69,275,2,6,1,3,"386, JEAN JAURES",0.0,0.0
201500032823,23,6,15,19,1,69,256,2,3,1,3,MAURICE THOREZ,45.7878,4.9112
201500032824,24,6,15,9,1,69,290,2,2,1,3,PORTE DES ALPES (DE LA),0.0,0.0
201500032825,25,6,15,21,1,69,266,2,3,1,3,TOLSTOI    (Cours),45.7599,4.88886
201500032826,26,6,15,11,1,69,290,2,3,1,3,", AVIATION (DE L')",45.7176,4.93477
201500032827,24,6,15,8,1,69,290,1,1,1,6,ROSES (DES),45.68751,4.94505
201500032828,7,6,15,19,1,69,275,2,2,1,3,", EMILE ZOLA",45.764,4.95639
201500032829,23,6,15,10,1,69,266,2,1,1,6,"173, EMILE ZOLA     (Cou",45.7695,4.87992
201500032830,18,6,15,21,1,69,271,2,1,1,3,USINGEN (D'),45.7344,4.96603
201500032831,24,6,15,7,1,69,266,2,1,1,6,"10, ANTONIN PERRIN     (",45.7601,4.88478
201500032832,1,7,15,10,1,69,275,2,1,1,6,"1, FRATERNITE (DE LA)",0.0,0.0
201500032833,3,7,15,14,1,69,290,2,1,1,4,EGALITE (DE L'),45.6867,4.95693
201500032834,29,6,15,10,1,69,256,2,1,1,6,"25, RABELAIS",45.7857,4.91641
201500032835,4,7,15,15,1,69,266,2,1,1,3,"96, JARDINS    (Rue des)",45.7739,4.90233
201500032836,4,7,15,21,2,69,266,2,2,1,3,DEDIEU     (Rue),45.7697,4.87558
201500032837,16,6,15,6,1,69,290,1,2,1,1,"0, DIDEROT",0.0,0.0
201500032838,2,7,15,12,1,69,266,2,3,1,3,"57, FONTANIERES     (Rue",0.0,0.0
201500032839,7,7,15,14,1,69,266,2,1,1,6,"69, 4 AOUT 1789    (Rue",45.76479,4.88122
201500032840,8,7,15,21,1,69,275,2,3,1,3,"41, JEAN JAURES",45.7684,4.94028
201500032841,9,7,15,8,1,69,266,2,7,1,6,"., JEAN CHOREL    (Place",45.7744,4.86511
201500032842,9,7,15,7,1,69,290,2,1,1,6,"191, GRENOBLE (DE)  -  R",45.7142,4.9662
201500032843,10,7,15,19,1,69,290,2,2,1,2,CROIX ROUSSE (DE LA),45.7045,4.95003
201500032844,12,7,15,20,1,69,266,2,1,1,6,"19, SOIE     (Rue de la)",45.7622,4.91669
201500032845,11,7,15,22,4,69,29,2,1,1,3,GENAS (DE),45.75102,4.90719
201500032846,14,7,15,3,5,69,275,2,1,1,3,JEAN JAURES,45.7684,4.93942
201500032847,14,7,15,2,5,69,266,2,2,1,6,"47, ANTONIN PERRIN     (",0.0,0.0
201500032848,14,7,15,18,1,69,275,2,3,1,3,"139, JEAN JAURES",45.7697,4.95036
201500032849,9,7,15,8,1,69,266,2,3,1,3,"126, FRANCIS DE PRESSENS",45.771,4.89588
201500032850,7,7,15,15,1,69,266,2,1,1,1,"193, ROGER SALENGRO",45.7816,4.88675
201500032851,16,7,15,12,1,69,266,2,6,1,3,CHARPENNES    (Rond-P,45.777,4.87961
201500032852,15,7,15,19,1,69,256,1,1,1,1,LOUIS DUCLOS PROLONGEE,45.7971,4.92567
201500032853,18,7,15,11,1,69,266,2,1,1,6,NIELS BOHR     (Boulevar,45.7873,4.88222
201500032854,21,7,15,16,1,69,256,2,6,7,2,PAUL MARCELLIN,45.7759,4.93169
201500032855,21,7,15,20,1,69,266,2,2,1,2,"64, 11 NOVEMBRE 1918",0.0,0.0
201500032856,22,7,15,20,1,69,29,2,1,2,6,"0, DROITS DE L'HOMME (DE",45.7327,4.93108
201500032857,23,7,15,0,5,69,266,2,1,1,4,"126, TOLSTOI    (Cours)",0.0,0.0
201500032858,20,7,15,7,1,69,290,1,1,1,6,"75, HEYRIEUX (D')",45.6855,4.94736
201500032859,23,7,15,12,1,69,256,2,1,1,3,8 MAI 1945 (DU),45.787,4.91822
201500032860,25,7,15,19,1,69,290,2,1,1,3,"0, NORMANDIE NIEMEN",45.7254,4.93581
201500032861,25,7,15,19,1,69,275,2,1,1,1,MACHET (DU),45.7847,4.95953
201500032862,26,7,15,19,1,69,29,2,2,1,3,"0, FRANKLIN ROOSEVELT",0.0,0.0
201500032863,6,7,15,16,1,69,29,2,1,1,2,"95, PINEL",45.7406,4.89314
201500032864,28,7,15,12,1,69,266,2,1,1,3,"37, LOUIS GUERIN     (Ru",45.77565,4.86005
201500032865,28,7,15,19,1,69,282,2,3,1,3,VERDUN (DE),45.7818,5.00414
201500032866,29,7,15,10,1,69,275,2,9,2,2,"160, JEAN JAURES",45.7699,4.95195
201500032867,7,8,15,4,5,69,266,2,1,1,6,"4, LOUIS BRAILLE     (Ru",0.0,0.0
201500032868,8,8,15,13,1,69,290,2,3,1,3,"26, CLAUDE FARRERE",0.0,0.0
201500032869,9,8,15,8,1,69,282,2,3,1,6,"09, GRAVIER BLANC (DU)",45.7871,5.00265
201500032870,7,8,15,8,1,69,290,2,3,1,6,JEAN JAURES,45.6969,4.94075
201500032871,10,8,15,15,1,69,290,2,1,8,6,"21, 8 MAI 1945 (DU)",45.6911,4.9485
201500032872,11,8,15,20,1,69,256,2,2,1,2,"21, REPUBLIQUE (DE LA)",45.78663,4.92101
201500032873,12,8,15,3,3,69,290,2,1,1,6,ANDRE BOULLOCHE,45.7206,4.92894
201500032874,19,8,15,12,1,69,266,2,3,1,3,"287, LEON BLUM  (Rue",45.7635,4.91467
201500032875,20,8,15,2,5,69,256,2,1,1,6,"24, ALFRED DE MUSSET",0.0,0.0
201500032876,20,8,15,9,1,69,282,2,1,1,2,REPUBLIQUE (DE),45.7692,4.98861
201500032877,20,8,15,23,5,69,266,2,3,1,3,"287, 4 AOUT 1789    (Rue",45.7626,4.90161
201500032878,22,8,15,15,1,69,266,2,9,1,6,STALINGRAD    (Boulevard,45.77945,4.85951
201500032879,24,8,15,16,1,69,256,1,1,1,6,"11, GARIBALDI",45.7669,4.93119
201500032880,29,8,15,13,1,69,266,2,6,1,3,"34, FRANCIS DE PRESSENSE",45.77181,4.86974
201500032881,28,8,15,15,1,69,266,2,2,1,3,"., 8 MAI 1945   (Rue du)",45.7822,4.89089
201500032882,31,8,15,17,1,69,266,2,1,1,2,"15, MARC SANGNIER    (Av",45.759,4.87847
201500032883,26,7,15,17,1,69,266,1,1,1,3,"1, CANAL    (Rue du)",45.78563,4.89383
201500032884,1,9,15,15,1,69,290,2,1,8,3,"12, MIONS (DE)",0.0,0.0
201500032885,3,9,15,10,1,69,266,2,3,1,1,"12, FLACHET    (Rue)",0.0,0.0
201500032886,26,7,15,15,1,69,266,2,9,1,6,"26-28, TOLSTOI    (Cours",0.0,0.0
201500032887,12,9,15,0,5,69,256,1,6,1,6,8 MAI 1945 (DU),0.0,0.0
201500032888,12,9,15,14,1,69,266,2,1,2,6,"16, PAUL VERLAINE",45.76797,4.88014
201500032889,12,9,15,20,5,69,275,2,1,2,6,"274, JEAN JAURES",45.77102,4.96369
201500032890,12,9,15,21,5,69,266,2,8,3,6,"112, LIGNE DE L'EST",45.758,4.90786
201500032891,14,9,15,19,1,69,29,2,1,1,7,"62, LIONEL TERRAY",45.7253,4.9085
201500032892,12,9,15,12,1,69,282,2,2,1,3,REPUBLIQUE (DE),45.7694,4.98769
201500032893,12,9,15,5,5,69,275,2,1,1,6,REPUBLIQUE (DE LA),0.0,0.0
201500032894,11,9,15,7,2,69,256,2,3,1,3,"60, 8 MAI 1945 (DU)",45.7897,4.91418
201500032895,24,9,15,8,1,69,266,2,1,1,2,"108, FRANCIS DE PRESSENS",45.77171,4.87721
201500032896,24,9,15,20,2,69,266,2,2,1,1,"135, TOLSTOI    (Cours)",45.76094,4.88492
201500032897,23,9,15,17,1,69,290,2,3,1,3,"0, ST BONNET DE MURE (DE",45.69192,4.96713
201500032898,26,9,15,14,1,69,290,2,2,1,5,GRENOBLE (DE)  -  RN 6,45.741,4.89686
201500032899,26,9,15,21,5,69,29,2,9,1,4,"169, PINEL",0.0,0.0
201500032900,30,9,15,18,1,69,290,1,1,1,6,"83, JULES VERNE",45.7079,4.97763
201500032901,30,9,15,17,1,69,266,2,1,1,6,"158, ROGER SALENGRO",45.7817,4.88664
201500032902,2,10,15,10,1,69,266,2,1,1,6,"37, PAUL VERLAINE",45.7635,4.88843
201500032903,6,10,15,16,1,69,275,2,1,1,6,JEAN JAURES,45.7719,4.97756
201500032904,25,9,15,1,5,69,29,2,1,1,6,PIERRE MENDES FRANCE,45.7232,4.91503
201500032905,9,10,15,17,1,69,256,2,1,1,3,"24, GEORGES DIMITROV",45.77755,4.9247
201500032906,8,10,15,9,1,69,275,2,1,7,3,FRATERNITE (DE LA),45.77438,4.95452
201500032907,13,10,15,23,5,69,266,2,1,1,1,"8, ROGER SALENGRO     (A",45.7744,4.88711
201500032908,15,10,15,12,1,69,266,2,1,2,1,JEAN CAPELLE   (avenue),45.7816,4.87389
201500032909,17,10,15,16,1,69,256,2,1,1,1,"35, 8 MAI 1945 (DU)",45.7887,4.90833
201500032910,22,10,15,12,1,69,282,2,1,8,3,"6, DOCTEUR SCHWEITZER (D",45.7635,5.02717
201500032911,27,10,15,14,1,69,256,2,1,1,6,"11, EUGENE HENAFF",45.7749,4.92703
201500032912,27,10,15,15,1,69,275,2,2,1,1,"0, FRANKLIN ROOSEVELT",45.7636,4.93706
201500032913,28,10,15,3,5,69,266,2,1,2,6,11 NOVEMBRE 1918    (Bou,0.0,0.0
201500032914,28,10,15,21,5,69,256,2,3,1,3,EMILE ZOLA,45.77733,4.91975
201500032915,30,10,15,14,1,69,266,2,1,1,6,"90, LEON BLUM      (Rue)",45.7608,4.90421
201500032916,1,11,15,11,1,69,266,2,9,1,1,"326, FRANCIS DE PRESSENS",45.76695,4.89707
201500032917,31,10,15,21,5,69,290,2,6,1,7,EDOUARD HERRIOT,45.6941,4.93511
201500032918,8,11,15,22,5,69,266,2,1,1,5,4 AOUT 1789    (Rue du),0.0,0.0
201500032919,9,11,15,9,1,69,266,2,2,1,3,JEAN JAURES      (Rue),45.75572,4.87616
201500032920,9,11,15,11,1,69,266,2,3,1,6,EMILE ZOLA     (Cours),0.0,0.0
201500032921,9,11,15,18,5,69,266,2,1,1,6,"82, TOLSTOI    (Cours)",45.7627,4.8781
201500032922,10,11,15,6,5,69,266,2,3,1,7,NIELS BOHR     (Boulevar,45.7844,4.86739
201500032923,10,11,15,14,1,69,266,1,2,1,3,"0, 11 NOVEMBRE 1918    (",45.77897,4.86516
201500032924,10,11,15,22,5,69,290,2,1,1,3,AVIATION (DE L'),45.7226,4.493
201500032925,10,11,15,6,5,69,275,2,1,1,6,", JEAN JAURES",0.0,0.0
201500032926,14,10,15,7,1,69,29,2,2,1,6,"9, JEAN JAURES",45.7323,4.90153
201500032927,12,11,15,7,2,69,266,2,1,1,6,"21, GABRIEL PERI",0.0,0.0
201500032928,13,11,15,9,1,69,271,2,2,1,3,GENAS (DE),45.7366,4.97301
201500032929,13,11,15,13,1,69,256,2,2,1,1,CANUTS (DES),45.76108,4.92313
201500032930,13,11,15,15,1,69,275,2,3,1,3,FRATERNITE (DE LA),45.7732,4.95422
201500032931,14,11,15,15,1,69,266,2,1,1,6,"74, JULES GRANDCLEMENT",45.7864,4.88199
201500032932,14,11,15,18,5,69,275,2,1,1,6,"364, JEAN JAURES",45.77233,4.97444
201500032933,16,11,15,10,1,69,266,2,3,1,6,"., MARGUERITE   (Rue)",45.778,4.86994
201500032934,17,11,15,11,1,69,266,2,1,1,2,"2, CYPRIAN   (Rue de)",45.76005,4.90104
201500032935,17,11,15,13,1,69,266,2,1,1,3,"427, EMILE ZOLA     (Cou",0.0,0.0
201500032936,18,11,15,16,1,69,256,2,6,1,3,PAUL MARCELLIN,45.77272,4.93425
201500032937,19,11,15,11,1,69,290,2,1,1,7,AUTOROUTE A43 (BRETELLE,45.7223,4.93175
201500032938,19,11,15,14,1,69,275,2,1,1,1,"43, SULLY",45.769,4.97588
201500032939,19,11,15,17,2,69,29,2,1,1,2,"6, FRANCOIS MITTERRAND",45.73898,4.92626
201500032940,21,11,15,12,1,69,266,1,1,8,3,8 MAI 1945   (Rue du),45.78195,4.98207
201500032941,21,11,15,15,1,69,266,2,1,1,2,LAURENT BONNEVAY    (Bou,45.7786,4.89562
201500032942,17,11,15,17,1,69,290,2,3,1,3,LYONNAIS (DU),0.0,0.0
201500032943,22,11,15,4,5,69,282,2,1,8,6,"37, GAMBETTA",45.7693,4.99296
201500032944,23,11,15,7,2,69,266,2,3,8,6,", JEAN JAURES      (Rue)",45.75691,4.88035
201500032945,22,11,15,6,5,69,275,2,1,1,7,SALVADOR ALLENDE,0.0,0.0
201500032946,19,11,15,12,1,69,275,2,2,1,3,"25, JEAN MACE",45.76672,4.9563
201500032947,24,11,15,12,1,69,290,2,1,1,5,LYON (DE) (D 518),0.0,0.0
201500032948,26,11,15,5,5,69,266,2,1,1,6,"3, ALBERT EINSTEIN    (A",45.78094,4.87591
201500032949,26,11,15,23,5,69,29,2,1,1,6,"62, LIONEL TERRAY",45.72626,4.907
201500032950,30,11,15,7,1,69,29,2,1,1,6,"26, COLONNES (DES)",0.0,0.0
201500032951,30,11,15,7,2,69,266,2,3,1,6,ANATOLE FRANCE     (Rue),45.76879,4.88291
201500032952,10,11,15,9,1,69,266,2,1,1,6,"5, JEAN CLAUDE VIVANT",45.7737,4.86463
201500032953,1,12,15,18,5,69,256,2,1,1,6,"1, CERISIERS (DES)",45.78288,4.93036
201500032954,1,12,15,18,5,69,275,2,3,1,6,EGALITE (DE L'),45.76991,4.96747
201500032955,3,12,15,21,5,69,29,2,8,1,1,FRANKLIN ROOSEVELT,45.7329,4.91036
201500032956,4,12,15,17,2,69,256,2,8,1,3,"0, ROGER SALENGRO",45.76283,4.92941
201500032957,4,12,15,17,1,69,256,1,1,1,1,"130, GABRIEL PERI",0.0,0.0
201500032958,5,12,15,17,1,69,271,2,2,1,5,"0, GENAS (DE)",45.7368,4.97206
201500032959,3,12,15,9,1,69,266,2,2,1,6,FRANCIS DE PRESSENSE,0.0,0.0
201500032960,7,12,15,21,5,69,266,2,2,1,1,"0, 1ER MARS 1943    (Rue",0.0,0.0
201500032961,8,12,15,20,5,69,266,2,1,2,3,"78, REPUBLIQUE   (Cours",0.0,0.0
201500032962,11,12,15,6,5,69,266,2,1,1,1,"25, ANTONIN PERRIN     (",45.75,4.88497
201500032963,11,12,15,17,5,69,256,2,2,1,3,EMILE ZOLA,45.77916,4.91741
201500032964,14,12,15,7,1,69,275,2,1,1,3,"7, JONAGE (DE)",45.77261,4.97719
201500032965,14,12,15,20,5,69,266,2,2,1,3,"149, STALINGRAD  - ESPAC",0.0,0.0
201500032966,14,12,15,19,5,69,275,2,2,1,3,AV JEAN JAURES,45.7704,4.95603
201500032967,16,12,15,14,1,69,29,2,1,1,6,"34, 8 MAI 1945 (DU)",45.72777,4.91572
201500032968,18,12,15,23,5,69,271,2,3,1,3,"45BIS, REPUBLIQUE (DE LA",45.74194,4.97134
201500032969,19,12,15,18,5,69,275,2,6,1,6,JEAN JAURES,45.7716,4.96859
201500032970,21,12,15,18,5,69,256,2,1,1,2,"27, REPUBLIQUE (DE LA)",45.78666,4.92191
201500032971,14,12,15,16,1,69,282,2,6,1,3,REPUBLIQUE (DE),45.76866,4.99138
201500032972,17,12,15,8,1,69,275,2,1,1,2,JONAGE (DE),0.0,0.0
201500032973,22,12,15,15,1,69,29,2,2,1,3,"0, MICHEL LACROIX",0.0,0.0
201500032974,22,12,15,17,2,69,29,2,1,1,1,"., UNIVERSITE  (DE L')",0.0,0.0
201500032975,18,12,15,17,2,69,256,2,2,1,2,8 MAI 1945 (DU),45.78711,4.91744
201500032976,18,12,15,20,5,69,256,2,3,1,6,"., CUZIN",45.7712,4.92517
201500032977,26,12,15,1,5,69,29,2,1,1,6,"03, PIERRE BROSSOLETTE",45.73852,4.92225
201500032978,26,12,15,17,5,69,266,2,2,1,6,"179, EMILE ZOLA     (Cou",45.76942,4.88053
201500032979,27,12,15,19,5,69,266,2,1,1,2,"0, CROIX LUIZET  (Pont d",45.78323,4.89394
201500032980,16,2,15,17,1,69,275,2,1,1,6,"209, AVENUE JEAN JAURES",0.0,0.0
201500032981,18,2,15,1,5,69,275,2,2,1,6,"., AVENUE FRANKLIN ROOSE",0.0,0.0
201500032982,25,2,15,17,1,69,275,2,2,1,4,"129, AVENUE JEAN JAURES",0.0,0.0
201500032983,3,3,15,21,5,69,282,2,2,1,6,"., RUE ALFRED DE MUSSET",0.0,0.0
201500032984,8,1,15,13,1,69,286,2,1,1,6,AVENUE DE L EUROPE,0.0,0.0
201500032985,16,1,15,8,2,69,256,2,1,2,2,"92/94, ROUTE DE GENEVE",45.8084,4.90246
201500032986,21,1,15,13,1,69,286,2,1,4,1,RUE DES MERCIERES,45.8185,4.87399
201500032987,30,1,15,10,1,69,286,2,1,1,6,"25, RUE MICHELET",0.0,0.0
201500032988,3,2,15,8,1,69,286,2,9,1,6,AVENUE DES COMBATTANTS E,0.0,0.0
201500032989,5,2,15,10,1,69,286,2,3,1,2,AVENUE DE L AIN,0.0,0.0
201500032990,19,2,15,16,1,69,286,2,1,1,2,AVENUE DE L AIN,0.0,0.0
201500032991,3,2,15,13,1,69,286,2,1,8,6,"62, AVENUE DE L EUROPE",0.0,0.0
201500032992,4,3,15,20,5,69,286,2,1,4,2,"12, AVENUE DES NATIONS",0.0,0.0
201500032993,5,3,15,18,2,69,286,2,1,1,6,"63, AVENUE DE L EUROPE",0.0,0.0
201500032994,5,1,15,13,1,69,290,2,1,1,6,"43, RUE ARISTIDE BRIAND",0.0,0.0
201500032995,7,1,15,13,1,69,290,2,2,1,1,"98, AVENUE JEAN JAURES",0.0,0.0
201500032996,10,1,15,0,5,69,290,2,1,1,6,"243, ROUTE DE GRENOBLE",45.7114,4.97434
201500032997,13,1,15,19,5,69,290,2,6,6,6,ROND-POINT DES DROITS,0.0,0.0
201500032998,20,1,15,10,1,69,290,2,2,2,3,"0, BOULEVARD DE LA PORTE",45.7201,4.92649
201500032999,18,1,15,9,1,69,290,2,1,5,6,"., RUE DU LYONNAIS",45.7035,4.89889
201500033000,20,1,15,17,5,69,290,2,6,1,6,"12, EGALITE (DE L')",45.7023,4.9345
201500033001,28,1,15,12,1,69,290,2,4,8,6,"., ST SYMPHORIEN D'OZON",45.7067,4.94981
201500033002,5,2,15,5,5,69,290,1,1,6,6,"18, ROUTE DE MIONS",0.0,0.0
201500033003,6,2,15,9,1,69,290,2,3,1,2,"., LYON (DE) (D 518)",0.0,0.0
201500033004,10,2,15,11,1,69,290,2,1,1,6,"31, RUE DU BEAUJOLAIS",0.0,0.0
201500033005,18,2,15,10,1,69,290,2,3,1,6,"., CHARLES OTTINA",0.0,0.0
201500033006,18,2,15,16,1,69,290,2,1,8,3,"0, BOULEVARD ANDRE BOULL",0.0,0.0
201500033007,13,3,15,5,5,69,290,2,3,1,3,"0, AVENUE HENRI GERMAIN",0.0,0.0
201500033008,23,9,15,17,1,70,285,2,3,8,6,"1, NELSON MANDELA (RUE)",47.5812,6.76717
201500033009,22,10,15,15,1,70,285,2,1,1,3,"17, SOUS SAROCHE (RUE)",47.56105,6.77938
201500033010,19,1,15,18,5,70,550,2,1,2,6,"36, GAULLE (BOULEVARD CH",0.0,0.0
201500033011,30,12,15,18,5,70,550,2,1,1,6,"16, GARE (AVENUE DE LA)",47.61805,6.15136
201500033012,20,4,15,1,3,70,388,1,1,1,6,CHEMIN DE LA VOIE DU VEA,47.6086,6.11417
201500033013,19,3,15,8,1,70,550,2,2,1,3,ALLIES (BOULEVARD DES),47.6217,6.16967
201500033014,27,4,15,0,5,70,550,2,2,1,3,TANNEURS (RUE DES),47.6206,6.155
201500033015,2,5,15,14,1,70,388,2,3,1,3,ORY Noel (RUE),47.61613,6.13883
201500033016,21,5,15,17,1,70,550,2,1,1,6,"97, SAINT MARTIN (RUE)",47.6247,6.14431
201500033017,1,7,15,17,1,70,550,2,6,1,3,GROSJEAN (RUE),47.6195,6.16097
201500033018,13,7,15,18,1,70,550,2,1,1,7,GROSJEAN (RUE),47.6197,6.16097
201500033019,27,7,15,18,1,70,513,2,3,1,3,CORDELIERS (RUE DES),47.6306,6.12117
201500033020,20,9,15,17,1,70,207,1,1,1,1,RD 457,47.57704,6.13238
201500033021,16,10,15,10,1,70,550,1,1,1,6,"2, HEYMES (AVENUE RENE)",47.63563,6.14172
201500033022,28,10,15,20,5,70,550,2,6,3,3,LIBERATION (ROND POINT D,47.61323,6.15079
201500033023,30,10,15,12,1,70,550,2,9,1,6,GIRARDOT (RUE DU COMMAND,47.61758,6.15389
201500033024,3,11,15,4,5,70,388,2,1,1,3,ORY Noel (RUE),47.6155,6.1425
201500033025,18,11,15,16,1,70,550,1,1,1,3,R.N. 19,47.63505,6.1563
201500033026,30,11,15,17,2,70,261,1,1,2,1,RN19,47.62771,6.17766
201500033027,10,12,15,13,1,70,378,2,6,1,3,VILLERSEXEL (RUE DE),47.61387,6.1624
201500033028,8,3,15,20,3,71,118,1,1,1,1,D68,0.0,0.0
201500033029,18,12,15,18,5,71,76,2,1,1,6,1 avenue de verdun,46.77677,4.85488
201500033030,30,3,15,17,1,71,475,2,1,1,3,40 route de  LYON,46.76668,4.84286
201500033031,28,12,15,19,5,71,76,2,1,1,1,163 avenue BOUCICAUT,46.79022,4.83219
201500033032,31,3,15,13,1,71,76,2,1,2,2,114 rue  BOIS DE MENUSE,46.80832,4.85172
201500033033,20,12,15,18,5,71,76,2,1,1,3,avenue de PARIS,46.79665,4.84795
201500033034,1,4,15,8,1,71,76,2,1,2,6,rue ARNAL,46.79271,4.85692
201500033035,31,3,15,14,1,71,76,2,3,1,6,33 avenue BOUCICAUT,46.78454,4.84457
201500033036,6,4,15,14,1,71,76,2,2,1,1,rue ARNAL,46.79252,4.85697
201500033037,15,4,15,12,1,71,76,2,1,1,3,102 RUE  BOIS  MENUSE,46.80719,4.85233
201500033038,21,4,15,17,1,71,76,2,3,1,3,rue des POILUS D'ORIENT,46.79386,4.83347
201500033039,9,4,15,18,1,71,76,2,1,1,2,174 avenue BOUCICAUT,46.79161,4.82989
201500033040,12,4,15,16,1,71,445,1,1,1,7,ROND POINT DE BRESSE,46.76141,4.87133
201500033041,17,4,15,16,1,71,475,2,1,1,6,face 66 route de LYON,46.76369,4.84239
201500033042,12,5,15,8,1,71,76,2,1,1,6,22 place THEVENIN,46.77964,4.86238
201500033043,18,4,15,19,1,71,445,2,1,1,1,route d OSLON,0.0,0.0
201500033044,23,4,15,13,1,71,76,2,1,1,2,avenue KENNEDY,46.80216,4.86114
201500033045,18,4,15,12,1,71,76,2,9,1,6,11 rue COUBERTIN,46.80877,4.85181
201500033046,4,6,15,16,1,71,76,2,1,1,1,AVENUE GENERAL DE GAULLE,0.0,0.0
201500033047,24,6,15,13,1,71,475,1,1,1,2,ROUTE NATIONALE 80,0.0,0.0
201500033048,17,8,15,14,1,71,76,2,2,1,3,avenue KENNEDY,46.7997,4.86165
201500033049,19,9,15,8,1,71,475,2,1,1,1,1ROUTE DE LYON,0.0,0.0
201500033050,15,9,15,6,5,71,76,2,1,1,6,avenue HUIT MAI 1945,46.78391,4.84621
201500033051,7,9,15,7,1,71,445,2,9,1,6,27 route d'OSLON,46.78306,4.91389
201500033052,15,10,15,7,5,71,76,2,1,2,6,avenue BLUM,46.78652,4.86364
201500033053,25,9,15,16,1,71,76,2,1,1,6,25 place de  BEAUNE,46.78497,4.85464
201500033054,7,10,15,11,1,71,76,1,7,1,6,place de la GARE,46.77877,4.84514
201500033055,20,10,15,20,5,71,76,2,9,1,1,rue de BELFORT,46.78658,4.85762
201500033056,19,11,15,11,1,71,445,1,1,1,5,RD673,0.0,0.0
201500033057,25,10,15,15,1,71,445,2,1,1,6,30 rue de la  VARENNE,46.78563,4.90039
201500033058,14,1,15,14,1,71,76,2,6,8,3,avenue pierre NUGUE,46.78837,4.86586
201500033059,31,1,15,11,1,71,475,2,1,1,3,22 route de  LYON,46.76847,4.8435
201500033060,11,2,15,19,3,71,445,1,1,1,1,RD673,0.0,0.0
201500033061,26,2,15,20,5,71,76,2,3,2,3,general DUHESME,46.79271,4.84629
201500033062,28,2,15,22,5,71,76,2,1,1,6,avenue BLUM,46.78467,4.86362
201500033063,10,1,15,20,5,71,153,2,1,3,6,avenue MITTERRAND,0.0,0.0
201500033064,24,1,15,3,5,71,540,2,1,1,6,LA BARRE,46.76549,4.45877
201500033065,26,2,15,17,1,71,59,2,1,2,1,route de MARMAGNE,0.0,0.0