Num_Acc,jour,mois,an,hr,condition_eclairage,departement,commune,condition_agglomeration,intersection,condition_atmosphere,type_collision,adresse,lattitude,longitude
201500033066,8,3,15,18,1,71,153,2,1,1,1,hauteur rue CHAPTAL,46.81154,4.42484
201500033067,16,4,15,14,1,71,153,2,1,1,2,"58, MARTYRS DE LA LIBERA",46.80622,4.4385
201500033068,15,5,15,11,1,71,153,2,9,1,6,184 RUE MARECHAL FOCH,46.80313,4.45103
201500033069,27,5,15,8,1,71,153,2,1,1,2,,46.82667,4.46965
201500033070,29,5,15,10,1,71,59,1,1,1,6,bois labert,46.78066,4.47694
201500033071,3,7,15,22,1,71,153,2,1,1,6,rue de CORTON,46.79072,4.42193
201500033072,19,10,15,14,1,71,153,2,2,1,6,rue de la COURONNE,46.80315,4.41309
201500033073,14,11,15,4,3,71,540,2,1,5,6,le THIELLAY,46.75845,4.46966
201500033074,20,11,15,18,5,71,59,2,9,3,6,route de COUCHES,46.81008,4.47957
201500033075,13,3,15,23,3,71,497,1,1,1,5,BD GENERAL DE GAULLE,0.0,0.0
201500033076,24,3,15,10,1,71,270,2,1,2,6,9 rue jean MOULIN,46.32167,4.83833
201500033077,17,4,15,23,3,71,497,1,1,1,3,1 rue  BEAUSOLEIL,46.33716,4.83707
201500033078,17,5,15,0,3,71,105,1,1,1,1,route des ALLEMANDS,0.0,0.0
201500033079,21,5,15,21,1,71,497,1,1,1,6,1 rue MONT RICHARD,46.33781,4.81852
201500033080,24,6,15,20,1,71,270,2,2,1,3,Rue Jules revillon,46.32002,4.81875
201500033081,3,7,15,18,1,71,497,1,1,1,6,1 rue  BEAUSOLEIL,46.34742,4.82966
201500033082,19,7,15,18,1,71,270,2,1,1,3,1 quai des  MARANS,46.30135,4.83237
201500033083,26,7,15,0,5,71,270,1,1,1,6,855 rue  VREMONTOISE,0.0,0.0
201500033084,14,8,15,18,1,71,105,1,1,1,1,1 chemin  BOIS MARECHAL,46.30304,4.77336
201500033085,6,9,15,12,1,71,270,2,1,1,6,DE LATTRE DE TASSIGNY,46.3156,4.8395
201500033086,24,8,15,18,1,71,105,1,1,1,6,1 rue du PERTHUIS,0.0,0.0
201500033087,6,9,15,22,5,71,105,2,1,1,6,route de CLUNY,0.0,0.0
201500033088,16,9,15,8,2,71,270,2,1,3,6,Avenue de la GARE,46.30319,4.82577
201500033089,30,9,15,20,5,71,270,2,1,1,1,1 bd ETATS-UNIS,46.32367,4.82815
201500033090,6,10,15,15,1,71,270,2,1,2,6,ROUTE DEPARTEMENTALE 906,0.0,0.0
201500033091,24,11,15,7,2,71,497,2,1,1,6,"1, Rue de la Madone",46.33606,4.84464
201500033092,28,11,15,19,5,71,270,1,1,1,2,1 rue maréchal JUIN,46.32478,4.8393
201500033093,13,1,15,23,5,71,270,2,1,1,6,1 rue  RAMBUTEAU,46.30636,4.82892
201500033094,1,2,15,0,5,71,270,2,6,2,3,Rond-Point des Lycees,46.31545,4.82391
201500033095,4,3,15,13,1,71,486,1,1,8,1,RD 974,0.0,0.0
201500033096,18,4,15,18,1,71,306,2,1,1,7,route de MACON,46.6744,4.38597
201500033097,14,6,15,5,3,71,306,2,1,1,7,quai GENERAL DE GAULLE,46.67308,4.36108
201500033098,29,6,15,20,2,71,306,2,2,1,3,DE LATTRE DE TASSIGNY,46.67689,4.37024
201500033099,3,10,15,15,1,71,306,2,1,2,3,avenue des  ALOUETTES,46.68781,4.3581
201500033100,7,11,15,7,2,71,306,2,1,1,6,rue de SAINT VALLIER,46.66841,4.37069
201500033101,8,11,15,10,1,71,306,2,2,1,3,2 rue CLAUDE FOREST,46.66752,4.3641
201500033102,26,11,15,19,5,71,306,2,9,1,6,2 quai JULES CHAGOT,46.67893,4.36552
201500033103,11,12,15,18,3,71,40,1,4,1,5,Bretelle accès RN 70,0.0,0.0
201500033104,21,12,15,14,1,71,306,2,2,7,3,avenue ROGER SALENGRO,46.66126,4.35323
201500033105,20,2,15,7,2,72,181,2,1,2,6,CUGNOT NICOLAS (BD),47.98138,0.21783
201500033106,25,2,15,12,1,72,181,1,1,2,3,PREMIERE DIVISION FRANCA,48.01337,0.13282
201500033107,26,2,15,21,5,72,181,2,2,1,3,CUGNOT NICOLAS (BD),47.98605,0.22514
201500033108,3,3,15,9,1,72,181,2,2,1,3,BOURG BELE (PONT DU),0.0,0.0
201500033109,7,3,15,15,1,72,181,1,3,1,3,CHAMPION HENRI (RUE) N,47.98469,0.24017
201500033110,13,3,15,17,1,72,3,1,3,2,5,SUZE (RTE DE LA),0.0,0.0
201500033111,19,3,15,14,1,72,181,2,3,1,1,BARTHOLDI FRED AUGUSTE (,0.0,0.0
201500033112,2,5,15,19,1,72,181,2,1,2,1,CLEMENCEAU GEORGES ( BD),47.9785,0.21378
201500033113,13,5,15,4,5,72,95,2,1,1,6,"27, PAIX (RUE DE LA)",48.02416,0.20344
201500033114,8,6,15,8,1,72,181,2,6,1,6,EDISON THOMAS (RUE),48.0242,0.17667
201500033115,15,6,15,12,1,72,181,1,1,1,1,ITALIENS (BD DES),47.94985,0.20688
201500033116,30,6,15,8,1,72,181,2,1,1,6,"303, GENESLAY FELIX (AV)",47.97254,0.20564
201500033117,4,7,15,11,1,72,181,2,4,1,3,JAURES JEAN (AV) N° IMP,47.9948,0.20292
201500033118,10,7,15,23,5,72,181,2,1,1,1,BOEUFS PETIT FOUILLET (C,47.94249,0.21386
201500033119,1,8,15,9,1,72,3,1,9,1,6,SUZE (RTE DE LA),47.9752,0.15598
201500033120,6,8,15,10,1,72,181,1,1,1,3,PATTON GENERAL RTE ST-AU,48.02748,0.17151
201500033121,19,8,15,14,1,72,181,2,3,1,1,MOULIN JEAN (BD) N° PAIR,47.97791,0.21161
201500033122,19,8,15,17,1,72,181,2,7,1,6,GRENTE CARDINAL (PL DU),48.01012,0.19827
201500033123,22,9,15,8,1,72,181,2,1,2,6,"31, MUTUEL (BD)",48.0078,0.2175
201500033124,13,10,15,7,1,72,181,2,1,1,3,PIFFAULT PIERRE (AV) ROC,47.9833,0.18341
201500033125,9,10,15,17,1,72,181,1,3,1,3,GENESLAY FELIX (AV) N° I,47.97821,0.20836
201500033126,2,11,15,19,5,72,181,2,2,1,3,MARIETTE (RUE DE LA) N°,47.99874,0.21
201500033127,22,11,15,16,1,72,3,1,1,1,3,SUZE (RTE DE LA),47.95878,0.12914
201500033128,12,11,15,8,1,72,181,2,3,5,6,"145, JAURES JEAN (AV) N°",47.98824,0.20801
201500033129,3,12,15,17,1,72,181,1,3,1,3,LEFAUCHEUX PIERRE (BD),47.95459,0.17974
201500033130,4,12,15,17,3,72,181,2,3,1,3,"49, JAURES JEAN (AV) Nø",47.9915,0.20561
201500033131,21,12,15,8,5,72,181,2,2,2,5,ARNAGE (RUE D') Nø IMP 1,47.99043,0.19396
201500033132,6,2,15,17,1,72,181,2,1,1,6,"130, RHIN ET DANUBE (AV)",0.0,0.0
201500033133,9,2,15,21,3,72,95,1,1,1,2,PREM DIV FRANCAISE LIBRE,0.0,0.0
201500033134,11,2,15,23,5,72,181,2,1,1,7,ESTIENNE D'ORVES (BD D'),0.0,0.0
201500033135,20,4,15,8,1,73,8,2,2,1,2,"34, LATTRE DE TASSIGNY A",45.69473,5.90318
201500033136,22,4,15,9,1,73,8,2,1,1,6,"327, WILSON BOULEVARD",45.68891,5.90953
201500033137,12,5,15,13,1,73,8,2,6,1,3,"35, ROOSEVELT FRANKLIN A",45.70158,5.90916
201500033138,18,5,15,22,5,73,8,2,3,1,3,GAULLE GENERAL DE AVENUE,45.6879,5.91257
201500033139,12,8,15,7,1,73,8,2,1,1,6,"7, MOULIN JEAN SQUARE",45.68752,5.91407
201500033140,23,10,15,7,1,73,8,2,2,1,3,FERRIE GENERAL RUE,45.67637,5.90772
201500033141,20,10,15,16,1,73,8,2,3,1,3,GAULLE GENERAL DE AVENUE,45.68792,5.91256
201500033142,30,11,15,8,1,73,8,2,6,1,3,GRAND PORT (RONDEAU) AVE,45.7043,5.89472
201500033143,13,11,15,17,5,73,8,2,4,1,3,Av eneral de Gaulle,45.6879,5.91256
201500033144,12,2,15,15,1,73,8,2,1,7,6,"3, CLEMENCEAU GEORGES PL",45.69401,5.9101
201500033145,23,1,15,17,2,73,11,1,1,1,1,BEAUFORT (ROUTE DE),45.67976,6.39695
201500033146,15,2,15,12,1,73,11,2,1,1,6,"3, UGINE (ROUTE D')",45.68025,6.39442
201500033147,17,4,15,4,5,73,11,1,1,3,6,"2613, TOURS (ROUTE DE)",45.66511,6.42598
201500033148,1,6,15,8,1,73,11,2,3,1,7,"123, DUBOIS (RUE DU CDT)",45.67057,6.38529
201500033149,22,2,15,15,1,73,11,2,6,8,3,ALBERT (PLACE CHARLES),45.67592,6.39537
201500033150,7,7,15,15,1,73,11,2,1,1,2,"59, CASSINE (CH. DE LA)",45.66185,6.3812
201500033151,25,8,15,18,1,73,11,2,6,1,1,"1, PIERRE DU ROY (CHEMIN",45.68221,6.39544
201500033152,21,5,15,17,1,73,65,2,3,1,3,LYON (AVENUE DE),0.0,0.0
201500033153,22,7,15,21,3,73,65,2,1,3,3,BOISSE (AVENUE DE LA),45.57424,5.91697
201500033154,13,6,15,23,5,73,65,2,1,2,1,REPOS (AVENUE DU),45.56957,5.90236
201500033155,4,10,15,15,1,73,65,2,1,1,1,GRAND CHAMP (RUE DU),45.59754,5.92051
201500033156,29,1,15,17,5,73,65,2,1,2,6,LANDIERS (AVENUE DES),45.59227,5.90251
201500033157,2,2,15,18,2,73,65,2,1,1,6,SAINTE ROSE (RUE),45.56631,5.93584
201500033158,12,4,15,12,1,74,93,2,3,1,3,RUE DE LA PEROLLIERE,0.0,0.0
201500033159,28,5,15,18,1,74,93,2,3,1,6,AV REPUBLIQUE/2 RUE PARC,0.0,0.0
201500033160,17,5,15,9,1,74,10,2,6,1,3,BD DE LA ROCADE,0.0,0.0
201500033161,25,5,15,15,1,74,10,2,3,1,3,AV DE GENEVE / BELLEVUE,0.0,0.0
201500033162,3,6,15,10,1,74,10,2,1,1,2,97 bis AVENUE DE GENEVE,0.0,0.0
201500033163,3,6,15,9,1,74,10,2,1,1,6,"80, AVENUE DE LA PLAINE",0.0,0.0
201500033164,28,6,15,18,1,74,10,1,1,1,3,BD DE LA CORNICHE,0.0,0.0
201500033165,15,7,15,17,1,74,10,2,3,1,6,12 AVENUE DE GENEVE,0.0,0.0
201500033166,11,6,15,16,1,74,10,2,1,1,6,AVENUE DE LA  PLAINE,0.0,0.0
201500033167,9,6,15,10,1,74,10,2,3,1,6,RUE MARC LEROUX,0.0,0.0
201500033168,27,8,15,12,1,74,10,2,2,1,3,"80, AVENUE DE FRANCE",0.0,0.0
201500033169,30,10,15,8,1,74,10,2,1,1,3,"36,AVENUE ALBIGNY",45.90584,6.1449
201500033170,27,10,15,3,5,74,10,2,6,1,6,AVENUE DE THONES,0.0,0.0
201500033171,26,10,15,7,2,74,10,2,6,1,3,AVENUE DE GENEVE,0.0,0.0
201500033172,10,11,15,11,1,74,10,2,6,1,3,PLACE HENRI DUNANT,45.90784,6.1363
201500033173,12,11,15,13,1,74,10,2,1,1,3,RUE DES MARQUISATS,0.0,0.0
201500033174,5,11,15,15,1,74,10,2,1,1,6,CHEMIN DU MAQUIS,0.0,0.0
201500033175,25,11,15,18,5,74,10,2,2,1,6,RUE JACQUELINE AURIOL,0.0,0.0
201500033176,15,12,15,18,1,74,10,2,1,1,6,"66, AVENUE DE LA PLAINE",45.91591,6.12891
201500033177,9,11,15,19,5,74,10,2,1,1,6,BOULEVARD DU LYCEE,45.9058,6.12692
201500033178,24,12,15,18,5,74,10,2,1,1,6,QUAI EUSTACHE CHAPPUIS,45.89977,6.12827
201500033179,7,1,15,16,1,74,10,2,1,1,6,CHEMIN DU MAQUIS,0.0,0.0
201500033180,20,1,15,18,5,74,10,2,1,4,6,"25,FAUBOURG  BALMETTES",0.0,0.0
201500033181,19,2,15,19,5,74,10,2,2,1,6,"55, BOULEVARD DU  FIER",0.0,0.0
201500033182,27,3,15,4,5,74,10,2,1,2,6,"84, AVENUE DE FRANCE",0.0,0.0
201500033183,9,11,15,16,1,74,298,2,6,1,3,AVENUE DE L'EUROPE,46.10372,6.24389
201500033184,8,12,15,19,5,74,133,1,9,1,1,RUE DE L'INDUSTRIE,46.11021,6.21612
201500033185,25,12,15,17,5,74,12,2,1,1,6,AVENUE DE VERDUN,0.0,0.0
201500033186,3,6,15,20,1,74,133,2,2,1,3,RUE D'ARVE / DES VIGNES,46.1886,6.21567
201500033187,30,5,15,11,1,74,305,2,4,1,6,RUE DE MONTREAL,46.20683,6.28262
201500033188,17,6,15,7,1,74,8,2,1,1,1,RUE D'ARVE,46.1881,6.21639
201500033189,12,7,15,19,1,74,12,2,1,1,6,"11, RUE ADOLPHE MAGNIN",0.0,0.0
201500033190,9,7,15,17,1,74,12,2,1,1,6,"32, RUE DU BEULET",0.0,0.0
201500033191,10,7,15,9,1,74,12,2,7,1,6,PLACE DE LA LIBERATION,46.1932,6.23622
201500033192,30,6,15,16,1,74,298,1,1,1,5,ROUTE DE BONNEVILLE,46.168,6.27136
201500033193,3,7,15,14,1,74,12,2,3,1,6,"58, RUE DE SOUS-CASSAN",46.19336,6.25534
201500033194,14,9,15,7,2,74,298,2,6,1,6,ROUTE DE LA COLLINE,46.11249,6.25101
201500033195,8,9,15,20,5,74,12,2,3,1,6,AVENUE CHARLES DE GAULLE,0.0,0.0
201500033196,23,8,15,13,1,74,133,2,1,1,3,"09,RUE DES PEUPLIERS",46.19,6.21
201500033197,2,9,15,13,1,74,133,2,3,1,3,RUE DE L'INDUSTRIE,46.1853,6.21917
201500033198,5,10,15,19,2,74,12,2,1,2,3,"51, RUE DE GENEVE",46.1933,6.22694
201500033199,9,10,15,19,2,74,12,2,1,1,6,"68, ROUTE DES VALLEES",46.1928,6.25
201500033200,10,10,15,17,1,74,8,2,3,1,3,"33, RUE DE GENEVE",46.1917,6.21944
201500033201,13,10,15,12,1,74,12,2,1,1,3,"04,AVENUE  BUCHILLONS",46.1989,6.26628
201500033202,6,10,15,21,5,74,12,2,1,1,3,"01,RUE DU DOCTEUR FAVRE",46.1975,6.23833
201500033203,21,10,15,14,1,74,8,2,1,1,3,"49, AVENUE DE GENEVE",0.0,0.0
201500033204,13,11,15,16,1,74,12,2,3,1,3,RUE DE LA RESISTANCE,0.0,0.0
201500033205,24,11,15,23,5,74,12,2,6,1,3,ROUTE DE THONON,0.0,0.0
201500033206,6,1,15,15,1,74,298,2,3,1,1,ROUTE DE BONNEVILLE,0.0,0.0
201500033207,2,2,15,6,5,74,12,2,1,8,7,EUROPE (AVENUE DE L'),0.0,0.0
201500033208,29,1,15,8,1,74,8,2,1,1,6,RUE DU JURA,0.0,0.0
201500033209,12,2,15,7,5,74,12,2,6,1,3,RUE GENEVE / BARON LOE,0.0,0.0
201500033210,9,3,15,20,5,74,133,2,3,1,3,RUE DE GENEVE,0.0,0.0
201500033211,14,3,15,22,5,74,305,2,6,1,3,RUE DE MONTREAL,0.0,0.0
201500033212,18,3,15,17,1,74,118,2,1,1,6,ROUTE DES DEPORTES,0.0,0.0
201500033213,2,4,15,6,3,74,305,2,1,1,6,ROUTE DE JUVIGNY,0.0,0.0
201500033214,30,4,15,1,5,74,133,2,2,1,1,GENEVE /LIBERATION,0.0,0.0
201500033215,27,12,15,7,3,74,281,2,1,8,7,CONTOURNEMENT,0.0,0.0
201500033216,17,3,15,21,5,74,218,2,1,1,3,"1230, AVENUE DE LA RIVE",0.0,0.0
201500033217,31,3,15,22,5,74,119,1,2,2,1,"60, AVENUE DE GAVOT",0.0,0.0
201500033218,10,4,15,9,1,74,281,2,1,1,6,44 AVENUE D' EVIAN,0.0,0.0
201500033219,16,4,15,16,1,74,218,1,1,1,1,PONT DE LA BOTTE,0.0,0.0
201500033220,1,5,15,17,1,74,281,2,1,3,6,CHEMIN DE RONDE,0.0,0.0
201500033221,30,4,15,14,1,74,281,2,1,1,3,GENEVE (AVE DE),0.0,0.0
201500033222,16,5,15,5,5,74,119,2,1,1,6,"33, AV ANNA DENOAILLES",46.3986,6.57567
201500033223,18,5,15,12,1,74,281,2,1,1,5,"12, AVENUE DE SENEVULAZ",0.0,0.0
201500033224,27,5,15,17,1,74,119,2,1,1,1,AVENUE ANNA DE NOAILLES,46.3974,6.56764
201500033225,28,5,15,19,1,74,119,2,1,1,3,"4, ANNA DE NOAILLES",0.0,0.0
201500033226,28,5,15,21,5,74,281,1,1,1,1,"43, ROUTE DE TULLY",0.0,0.0
201500033227,19,6,15,12,1,74,281,2,2,1,3,AVENUE DE LA DRANSE,0.0,0.0
201500033228,15,6,15,12,1,74,218,2,3,1,3,"350, VIEUX MOTTAY/PLAINE",0.0,0.0
201500033229,25,6,15,6,1,74,119,2,1,7,6,1 BIS AV DE NOAILLES,0.0,0.0
201500033230,25,6,15,21,2,74,281,2,3,1,1,AVENUE DE RIPAILLE,46.23134,6.29071
201500033231,26,6,15,2,3,74,281,2,4,1,1,AVENUE DE RIPAILLE,46.23109,6.29009
201500033232,6,7,15,21,2,74,281,2,1,9,6,13 AV  FONTAINE COUVERTE,46.367,6.49678
201500033233,11,7,15,13,1,74,281,2,6,1,3,PLACE DES  ARTS,0.0,0.0
201500033234,12,7,15,9,1,74,281,2,6,1,3,BOULEVARD DE LA CORNICHE,46.35878,6.43123
201500033235,25,7,15,15,1,74,281,2,1,1,1,"11,BD DES VALLEES",0.0,0.0
201500033236,7,8,15,21,5,74,119,2,1,1,2,AVENUE DU GENERAL DUPAS,46.4003,6.58306
201500033237,6,8,15,19,1,74,218,1,1,1,5,AVENUE DE THONON,46.386,6.517
201500033238,1,10,15,17,1,74,281,2,1,1,6,"50, AVENUE JULES FERRY",46.37701,6.48962
201500033239,2,10,15,19,5,74,281,2,3,1,5,"13, AVENUE DES ALLINGES",0.0,0.0
201500033240,5,10,15,19,5,74,281,2,1,3,6,"23, QUAI DE RIPAILLE",0.0,0.0
201500033241,12,10,15,15,1,74,281,2,1,1,1,"30, AVENUE DES ROMAINS",0.0,0.0
201500033242,13,10,15,12,1,74,281,1,1,1,5,RD 1005,46.3628,6.49389
201500033243,26,10,15,20,5,74,281,2,3,1,3,RUE DES PEUPLIERS,46.36168,4.82159
201500033244,21,10,15,15,1,74,218,1,3,1,7,"564, RIVES DU LEMAN",46.39429,6.56437
201500033245,2,11,15,16,1,74,281,2,1,1,3,"26, AVENUE DES ALLINGES",46.36383,6.47842
201500033246,9,11,15,9,1,74,281,2,1,1,3,"6, AVENUE DE  GENEVRIERS",0.0,0.0
201500033247,2,12,15,15,1,74,281,2,2,1,6,"28, AVENUE DES ALLINGES",46.36341,6.47842
201500033248,22,10,15,19,5,74,281,2,8,1,3,AVENUE DU CLOS BANDERET,0.0,0.0
201500033249,23,11,15,10,1,74,119,1,1,1,7,BD DE LA CORNICHE,0.0,0.0
201500033250,8,1,15,13,1,74,281,2,1,1,6,"10, AVENUE DU PARC",0.0,0.0
201500033251,1,3,15,21,5,74,119,2,1,2,6,"46, AVENUE DE GAVOT",0.0,0.0
201500033252,26,2,15,8,1,74,281,2,1,1,3,RUE VALLON,0.0,0.0
201500033253,5,3,15,19,5,74,218,1,1,1,3,AVENUE DE LA RIVE,0.0,0.0
201500033254,14,3,15,13,1,74,281,2,3,1,2,"20, BD JULES FERRY",0.0,0.0
201500033255,2,3,15,19,5,76,329,2,1,1,3,R DE L'ABBAYE,49.54871,0.49321
201500033256,13,3,15,19,3,76,384,1,1,1,5,,49.52732,0.52645
201500033257,27,3,15,17,1,76,476,1,1,1,3,AV DU BOIS,49.5024,0.56879
201500033258,7,8,15,18,1,76,382,1,3,1,3,D6015,49.58441,0.52907
201500033259,9,8,15,21,1,76,329,1,1,1,6,RTE DE LILLEBONNE,49.53803,0.50916
201500033260,27,9,15,18,1,76,476,1,1,1,1,RD 110,49.49891,0.57196
201500033261,23,10,15,18,1,76,382,1,1,1,5,"1123, HAMEAU DE LA MAISO",49.57907,0.51469
201500033262,19,11,15,19,5,76,114,2,2,2,3,R CHARLES SOREUIL,49.57602,0.47528
201500033263,14,12,15,14,1,76,476,2,2,1,3,R CLAUDE BERNARD,49.48115,0.58182
201500033264,6,1,15,12,1,76,545,1,6,1,2,RD 154E,49.90705,1.10576
201500033265,11,3,15,3,5,76,545,1,1,1,6,RD 154E,49.90567,1.10905
201500033266,23,1,15,15,1,76,565,1,3,1,4,,49.87136,1.08048
201500033267,17,3,15,15,1,76,217,2,2,1,2,ROC DE JANVAL,49.90896,1.07257
201500033268,29,1,15,7,3,76,217,2,4,2,6,BD DE GAULLE,49.92354,1.08133
201500033269,19,3,15,12,1,76,26,2,1,2,1,RD 23,49.87927,1.12213
201500033270,8,2,15,20,5,76,217,2,1,8,2,ROC DE JANVAL,49.90812,1.07143
201500033271,21,3,15,14,1,76,565,2,1,1,4,"217, RTE DE ROUEN",49.86738,1.07089
201500033272,14,2,15,9,1,76,26,2,4,1,6,R DE LA CHAUSSEE,49.88059,1.13001
201500033273,24,3,15,17,1,76,217,2,2,2,6,ROC DE JANVAL,49.90886,1.07243
201500033274,28,3,15,22,5,76,217,2,6,1,6,QU DUQUESNE,49.92647,1.08004
201500033275,10,4,15,18,1,76,217,2,2,1,3,CRS DE DAKAR,49.92193,1.08519
201500033276,13,4,15,17,1,76,217,2,3,1,6,COLBERT (PONT),49.92729,1.08592
201500033277,2,5,15,18,1,76,217,2,1,1,6,"30, QU DUQUESNE",49.92553,1.08043
201500033278,3,5,15,3,3,76,26,1,1,1,7,HAMEAU DE GRUCHET,49.87393,1.11072
201500033279,4,5,15,15,1,76,217,2,2,1,2,BD GEORGES CLEMENCEAU,49.92206,1.08181
201500033280,12,5,15,12,1,76,26,2,1,1,3,RTE DE SAINT NICOLAS,49.88264,1.14506
201500033281,12,5,15,16,1,76,217,2,1,1,2,R DU COMMANDANT CASEAU,49.91811,1.08638
201500033282,10,6,15,10,1,76,217,2,1,1,6,R JACQUES PREVERT,49.91889,1.06135
201500033283,12,6,15,18,1,76,217,1,6,1,2,RD 485,49.92274,1.11127
201500033284,16,6,15,11,1,76,217,2,6,1,3,,49.9271,1.12147
201500033285,22,6,15,10,1,76,217,2,4,2,2,AV DES CANADIENS,49.90199,1.07738
201500033286,26,6,15,12,1,76,217,2,1,1,6,BD MARECHAL FOCH,49.93002,1.07875
201500033287,26,6,15,14,1,76,217,1,1,1,6,D 485,49.92425,1.11295
201500033288,8,7,15,23,5,76,217,2,2,1,6,"165, AV DE LA REPUBLIQUE",49.92444,1.1039
201500033289,9,7,15,23,4,76,217,2,1,1,6,"24, CRS DE DAKAR",49.91714,1.09169
201500033290,11,7,15,3,5,76,545,1,1,1,7,RD 154E,49.9116,1.09732
201500033291,29,6,15,18,1,76,414,2,3,1,1,D1,49.90104,1.13986
201500033292,31,7,15,17,1,76,565,1,3,1,2,RD54E,49.8708,1.0769
201500033293,20,8,15,10,1,76,414,1,6,8,7,RD 154E,49.90719,1.10759
201500033294,20,8,15,13,1,76,565,1,3,1,2,RD 915,49.88898,1.08397
201500033295,22,8,15,20,1,76,217,2,1,1,2,RD 925,49.92544,1.08035
201500033296,23,8,15,11,1,76,26,2,1,2,7,"34, RTE DE MARTIN EGLISE",49.88654,1.13828
201500033297,26,8,15,18,1,76,545,1,6,1,2,RD 154E,49.90664,1.10725
201500033298,1,9,15,12,1,76,217,2,1,1,2,AV DE BREAUTE,49.91215,1.08882
201500033299,15,9,15,9,1,76,217,2,1,1,3,"38, BD DE VERDUN",49.92893,1.07923
201500033300,2,9,15,11,1,76,26,1,1,1,7,,49.8803,1.14756
201500033301,7,9,15,8,1,76,349,2,2,1,6,R DU PARADIS,49.90192,1.05157
201500033302,15,9,15,16,1,76,545,2,1,1,6,AV DE BREAUTE,49.91475,1.09433
201500033303,24,9,15,1,5,76,217,2,1,1,7,AV JEAN RIBLET,49.92013,1.09601
201500033304,23,9,15,14,1,76,26,1,1,1,6,RD 56,49.88252,1.14851
201500033305,28,9,15,4,2,76,349,1,1,1,6,RD 925,49.89215,1.03845
201500033306,28,9,15,20,3,76,217,2,1,1,6,R ROGER EVRARD,49.90783,1.06804
201500033307,5,10,15,9,1,76,217,2,1,1,6,PONT JEHAN ANGO,49.92644,1.08128
201500033308,12,10,15,18,1,76,707,1,1,1,7,RD 23,49.85164,1.1008
201500033309,27,10,15,14,1,76,217,2,2,1,6,"13, R THIERS",49.9211,1.07693
201500033310,3,11,15,14,1,76,217,1,6,1,2,,49.92305,1.11111
201500033311,13,11,15,3,4,76,217,2,1,1,6,"26, PL HENRI DUNANT",49.92915,1.10249
201500033312,18,11,15,21,4,76,217,2,1,2,6,R DES CORMORANS,49.93088,1.09832
201500033313,18,11,15,14,1,76,217,2,1,1,6,"9,R SAINT-JEAN",49.92634,1.07941
201500033314,23,11,15,18,2,76,324,1,1,1,1,RD 925,49.93375,1.15443
201500033315,10,12,15,17,2,76,217,2,3,1,3,CH DU GOLF,49.91812,1.05919
201500033316,30,11,15,12,1,76,217,2,1,1,1,"12, R DU GENERAL DE GAUL",49.9218,1.10244
201500033317,8,12,15,18,5,76,545,2,7,1,2,R DU CHAMP DE COURSES,49.90438,1.09308
201500033318,9,12,15,7,2,76,217,2,1,1,6,"1-3, ARC DE LA BOURSE",49.9268,1.07952
201500033319,11,12,15,16,2,76,565,1,1,2,3,R VAL GOSSET,49.87234,1.09352
201500033320,19,12,15,4,5,76,217,2,1,1,6,R LOUIS DE BURES,49.9175,1.08695
201500033321,19,12,15,5,5,76,217,2,1,1,6,"24, AV NORMANDIE SUSSEX",49.91662,1.08933
201500033322,19,12,15,14,1,76,565,1,3,1,2,,49.88271,1.09027
201500033323,21,12,15,17,3,76,565,1,3,2,2,,49.8889,1.08398
201500033324,23,12,15,16,1,76,217,2,1,1,6,BD MARECHAL FOCH,49.92984,1.0783
201500033325,28,12,15,19,5,76,217,2,6,1,3,ARC DE LA POISSONNERIE,49.92652,1.07982
201500033326,29,1,15,7,3,76,231,1,1,1,2,R BOURGTHEROULDE,49.28714,0.98491
201500033327,21,3,15,9,1,76,259,2,7,1,6,"17, PL CHARLES DE GAULLE",49.75713,0.37608
201500033328,31,3,15,11,1,76,259,2,1,1,6,"5, R DE BARRY",49.75691,0.37176
201500033329,27,3,15,14,1,76,259,2,3,1,6,CHS GAYANT,49.76093,0.37385
201500033330,2,5,15,1,5,76,259,2,1,1,6,"266, CH DES MOULINS DE B",49.75422,0.405
201500033331,15,5,15,9,1,76,259,2,1,1,6,"750, RTE DU PHARE",49.76484,0.37217
201500033332,21,5,15,17,1,76,259,2,2,1,6,"91, RTE DE VALMONT",49.75782,0.3924
201500033333,26,5,15,16,1,76,259,2,1,1,6,"145, R GUSTAVE COUTURIER",49.75239,0.39396
201500033334,2,7,15,11,1,76,259,2,6,2,3,MANDELA ( BOULEVARD NELS,49.744,0.3889
201500033335,23,8,15,17,1,76,259,2,1,1,6,"243, R QUEUE DE RENARD",49.76161,0.39932
201500033336,17,9,15,12,1,76,259,1,1,1,1,BD NELSON MANDELA,49.74638,0.39611
201500033337,18,12,15,16,1,76,600,1,1,1,1,RTE DU HAVRE,49.73881,0.36965
201500033338,26,1,15,11,1,76,259,1,1,2,1,,49.76482,0.40665