Num_Acc,jour,mois,an,hr,condition_eclairage,departement,commune,condition_agglomeration,intersection,condition_atmosphere,type_collision,adresse,lattitude,longitude
201500033339,16,2,15,16,1,76,351,2,3,2,6,"2,R COMMANDANT CHEF D HO",49.49696,0.12586
201500033340,18,2,15,0,5,76,351,1,1,1,1,,49.52454,0.18122
201500033341,31,12,15,17,5,76,351,2,1,1,5,CRS DE LA REPUBLIQUE,49.50031,0.13003
201500033342,16,2,15,13,1,76,351,2,3,1,7,"170,AV DU HUIT MAI 1945",49.5125,0.1745
201500033343,2,1,15,15,1,76,351,2,2,1,6,"75, AV ROUGET DE LISLE",49.50552,0.14283
201500033344,18,2,15,15,1,76,351,1,1,1,4,AV DU SEIZIEME PORT,49.48556,0.17583
201500033345,20,2,15,11,1,76,447,2,2,3,2,"25, R DE LA COMMUNE 1871",49.545,0.18864
201500033346,20,2,15,8,1,76,351,1,1,2,5,R LOUIS BLERIOT,49.53275,0.0962
201500033347,19,2,15,19,5,76,351,2,1,1,1,"53, AV DU VAL AUX CORNEI",49.5091,0.14573
201500033348,3,1,15,13,1,76,351,2,2,2,3,"61,R LOUIS BRINDEAU",49.4912,0.10352
201500033349,21,2,15,10,1,76,351,2,3,1,3,BD CLEMENCEAU,49.48965,0.09772
201500033350,22,2,15,20,3,76,481,1,1,3,1,,49.5572,0.11239
201500033351,4,3,15,14,1,76,351,2,3,1,7,"76, AV RENE COTY",49.49766,0.1141
201500033352,21,2,15,14,1,76,351,2,2,1,3,AV DU BOIS AU COQ,49.51858,0.11675
201500033353,7,3,15,6,5,76,351,2,7,1,4,PL JENNER,49.50874,0.13592
201500033354,10,3,15,17,1,76,351,2,1,1,1,"214, R LOUIS LUMIERE",49.52316,0.12165
201500033355,10,3,15,17,1,76,351,2,1,1,6,"80, R EUGENE MOPIN",49.51986,0.15877
201500033356,10,3,15,13,1,76,351,2,1,1,7,CRS DE LA REPUBLIQUE,49.50111,0.13083
201500033357,11,3,15,19,5,76,351,2,1,1,6,"138, R DE VERDUN",49.50198,0.15654
201500033358,14,3,15,0,5,76,351,2,6,1,6,R MAGASINS GENERAUX,49.49153,0.13326
201500033359,22,3,15,1,5,76,351,2,2,1,3,QU COLBERT,49.48984,0.11945
201500033360,21,3,15,21,5,76,351,2,1,2,6,"195, AV JEAN JAURES",49.50014,0.16165
201500033361,20,3,15,17,1,76,305,1,2,1,3,RTE DE LA BREQUE,49.48775,0.19613
201500033362,23,3,15,11,1,76,351,2,1,1,6,"104, AV DU BOIS DE BLEVI",49.52414,0.12898
201500033363,27,3,15,7,1,76,351,2,1,1,2,"326, R PIERRE MENDES FRA",49.5132,0.15178
201500033364,31,3,15,18,1,76,305,2,1,1,6,"40, AV DES COTES BLANCHE",49.49996,0.22583
201500033365,6,1,15,9,1,76,351,2,1,2,7,"71, R DES SPORTS",49.51719,0.12959
201500033366,30,3,15,21,5,76,351,2,2,1,3,R JEAN JACQUES ROUSSEAU,49.49734,0.13133
201500033367,6,1,15,12,1,76,351,2,3,1,2,"2, QU LAMBLARDIE",49.48979,0.11129
201500033368,28,3,15,12,1,76,351,2,3,1,7,"141, CRS DE LA REPUBLIQ",49.49884,0.12884
201500033369,3,4,15,22,5,76,351,2,1,2,6,PONT AUGUSTE BLANQUI,49.49969,0.16246
201500033370,7,4,15,18,1,76,351,2,2,1,6,"161, R DEMIDOFF",49.4978,0.13896
201500033371,8,4,15,21,5,76,351,2,1,1,6,"29, AV REAUMUR",49.50968,0.17014
201500033372,8,1,15,1,5,76,351,2,1,2,6,"35, R CLEMENT MARICAL",49.50174,0.09712
201500033373,12,4,15,18,1,76,351,2,1,1,1,CHS LAMANDE,49.48731,0.11623
201500033374,18,4,15,12,1,76,447,2,1,1,2,"110, AV MARECHAL FOCH",49.53415,0.18846
201500033375,16,4,15,15,1,76,351,2,3,1,2,BD FRANCOIS 1ER,49.49104,0.09994
201500033376,18,4,15,18,1,76,351,2,1,1,7,"12, R DU FOYER HAVRAIS",49.50592,0.13948
201500033377,15,4,15,20,2,76,351,2,3,1,3,"104, R ANATOLE FRANCE",49.49575,0.11837
201500033378,19,4,15,17,1,76,447,1,6,1,7,RD 489 A4,49.5336,0.18546
201500033379,21,4,15,7,1,76,351,2,1,1,6,"68, AV FOCH",49.49307,0.10432
201500033380,21,4,15,15,1,76,351,2,1,1,3,"2, R DE PRESSENSE",49.49584,0.14818
201500033381,14,4,15,8,1,76,351,2,1,1,6,"32, R DE LA VALLEE",49.49317,0.15137
201500033382,23,4,15,6,5,76,351,2,2,1,6,R DE BAYONVILLIERS,49.50453,0.11675
201500033383,24,4,15,8,1,76,351,2,2,1,3,R SCRIBE,49.50818,0.16965
201500033384,24,4,15,16,1,76,351,2,5,1,6,R PIERRE FARCIS,49.51781,0.09603
201500033385,24,4,15,12,1,76,351,2,1,1,7,"298, R ARISTIDE BRIAND",49.50042,0.13791
201500033386,24,4,15,17,1,76,351,2,1,1,6,"93, R GEORGES LAFAURIE",49.50025,0.11077
201500033387,28,4,15,12,1,76,351,2,2,1,6,"41, R ANATOLE FRANCE",49.49525,0.11309
201500033388,9,1,15,23,5,76,447,2,1,1,4,"25, AV DU MARECHAL FOCH",49.54123,0.18804
201500033389,27,4,15,14,1,76,351,2,2,1,3,"85, R DE CRONSTADT",49.50543,0.11488
201500033390,10,1,15,5,3,76,481,1,1,1,6,"05, CH D EMFRAYETTE",49.56131,0.14833
201500033391,27,4,15,12,1,76,351,2,3,1,6,"420, AV DU BOIS AU COQ",49.51795,0.11768
201500033392,29,4,15,17,1,76,305,2,1,2,3,"17, AV MARCEL LE MIGNOT",49.50246,0.21249
201500033393,3,5,15,4,5,76,351,2,2,1,6,"144, AV RENE COTY",49.49854,0.11792
201500033394,10,1,15,18,3,76,305,1,1,1,6,CH DE LA FORGE,49.51428,0.24295
201500033395,8,5,15,12,1,76,351,2,1,1,6,"194, R ARISTIDE BRIAND",49.50009,0.1319
201500033396,6,5,15,21,1,76,351,2,3,1,6,"275, R ARISTIDE BRIAND",49.5003,0.13595
201500033397,11,5,15,18,1,76,351,2,2,1,6,PARVIS SAINT MICHEL,49.49666,0.10991
201500033398,14,5,15,20,1,76,351,2,2,1,3,"113, R MASSILLON",49.49898,0.14324
201500033399,16,5,15,22,5,76,351,2,2,1,3,PL DES MARTYRS,49.51312,0.16327
201500033400,14,5,15,10,1,76,305,1,6,2,6,,49.51519,0.23491
201500033401,16,5,15,0,3,76,341,1,1,1,2,RD 489,49.52164,0.18836
201500033402,13,1,15,8,1,76,351,2,1,3,6,"63, R GUSTAVE BRINDEAU",49.49135,0.1406
201500033403,8,5,15,5,2,76,351,2,2,1,3,"39, R FRANCOIS MAZELINE",49.4968,0.13754
201500033404,20,5,15,18,1,76,351,2,2,1,3,"20,R D INGOUVILLE",49.49749,0.10941
201500033405,27,5,15,7,1,76,351,2,2,1,3,"1, BD JULES DURAND",49.48844,0.15024
201500033406,28,5,15,7,1,76,481,1,1,2,7,RTE DE SAINT BARTHELEMY,49.5593,0.14217
201500033407,30,5,15,11,1,76,351,2,1,1,3,"5, R FRANCOISE SAGAN",49.51645,0.11867
201500033408,23,5,15,14,1,76,351,2,3,1,6,"75, R BERTHELOT",49.50024,0.13582
201500033409,31,5,15,22,5,76,351,2,1,1,6,R DE LA BIGNE A FOSSE,49.52405,0.11211
201500033410,3,6,15,22,3,76,351,2,1,1,7,"50, R ELSA TRIOLET",49.50326,0.17839
201500033411,14,1,15,12,1,76,351,2,2,1,7,R LOUIS SIEFRIDT,49.511,0.09922
201500033412,3,6,15,15,1,76,351,2,2,1,3,R LIEUTENANT CLERIVET,49.50706,0.17501
201500033413,5,6,15,15,1,76,447,2,1,1,7,"46, JEAN JAURES",49.5443,0.20054
201500033414,8,6,15,12,1,76,481,2,2,1,7,,49.53496,0.10457
201500033415,14,1,15,16,1,76,351,2,2,1,3,"236, R LOUIS LUMIERE",49.52414,0.12286
201500033416,8,6,15,9,1,76,351,2,1,1,3,"9, CHS JOHN KENNEDY",49.48454,0.10452
201500033417,9,6,15,11,1,76,447,1,3,1,2,AV DE LA BELLE ETOILE,49.54501,0.16919
201500033418,10,6,15,15,1,76,341,2,1,1,7,,49.51327,0.1991
201500033419,11,6,15,15,1,76,351,2,1,1,7,"117, AV JEAN JAURES",49.49933,0.15588
201500033420,11,6,15,23,5,76,351,2,2,2,3,"néant, LOUIS SIEFRIDT",49.51064,0.10242
201500033421,14,6,15,14,1,76,351,2,1,1,7,R GENERAL ROUELLE,49.50307,0.1308
201500033422,12,6,15,18,1,76,351,2,3,2,3,R JEROME BELLARMATO,49.48965,0.11488
201500033423,13,6,15,17,1,76,351,2,3,1,3,"133, R DE VERDUN",49.50208,0.15767
201500033424,11,6,15,16,1,76,351,2,2,1,3,"236, R LOUIS LUMIERE",49.52416,0.12285
201500033425,12,6,15,11,1,76,305,1,1,1,2,PONT VII (BIS),49.49814,0.19666
201500033426,24,6,15,14,1,76,351,2,1,1,5,"24, PARVIS SAINT MICHEL",49.49656,0.10952
201500033427,23,6,15,20,1,76,351,1,1,1,2,AV DU MONT GAILLARD,49.52292,0.11061
201500033428,25,6,15,8,1,76,447,1,1,1,3,"25, R PABLO PICASSO",49.55108,0.17035
201500033429,16,1,15,7,5,76,270,2,3,1,6,"22, AV JEAN JAURES",49.53433,0.14636
201500033430,25,6,15,19,1,76,351,2,2,1,3,R DOCTEUR LAMAZE,49.50127,0.17247
201500033431,25,6,15,19,1,76,351,2,1,1,6,"63, R GUSTAVE BRINDEAU",49.4913,0.14057
201500033432,27,6,15,19,1,76,351,2,2,1,3,"137,R D ESTIENNE D ORVES",49.51423,0.09632
201500033433,27,6,15,5,2,76,351,2,1,1,6,"13, R OTHON FRIESZ",49.49501,0.10097
201500033434,16,1,15,22,5,76,351,2,1,3,6,TUNNEL JENNER,49.50255,0.13171
201500033435,29,6,15,17,1,76,481,1,2,1,3,CH DE LA MER ET DU  CROQ,49.55514,0.11144
201500033436,26,6,15,18,1,76,351,2,1,1,7,"35, R DEMIDOFF",49.49722,0.13019
201500033437,27,6,15,23,3,76,305,1,1,1,3,RTE INDUSTRIELLE,49.48696,0.20933
201500033438,5,7,15,0,5,76,351,2,1,1,7,QU COLBERT,49.49235,0.12989
201500033439,9,7,15,13,1,76,341,2,3,1,2,"108, R ROBERT ANCEL",49.52056,0.21122
201500033440,9,7,15,13,1,76,341,1,1,1,7,RD 6382,49.52102,0.18941
201500033441,17,1,15,10,1,76,351,2,1,1,6,R THEOPHILE GAUTIER,49.51634,0.09234
201500033442,12,7,15,21,1,76,351,2,2,1,3,R  GENERAL MANGIN,49.51842,0.09672
201500033443,11,7,15,21,1,76,351,2,4,1,1,R DE PRESSENSE,49.49561,0.14728
201500033444,18,7,15,22,5,76,351,2,1,3,6,"45, QU DE SOUTHAMPTON",49.4858,0.10907
201500033445,17,7,15,15,1,76,351,2,1,1,2,"145, R DE VERDUN",49.50218,0.15877
201500033446,17,1,15,19,5,76,351,2,3,1,1,"13, R DE VERDUN",49.50106,0.14627
201500033447,21,7,15,9,1,76,351,1,1,2,6,RD 6015,49.50267,0.19276
201500033448,25,7,15,5,5,76,351,2,7,1,6,PL JENNER,49.50841,0.13672
201500033449,25,7,15,2,3,76,305,1,1,2,6,RTE INDUSTRIELLE,49.48677,0.21115
201500033450,27,7,15,9,1,76,351,2,1,2,7,"3, R CASIMIR PERIER",49.49355,0.11194
201500033451,27,7,15,17,1,76,351,2,2,1,6,CRS LAFAYETTE,49.49195,0.12408
201500033452,28,7,15,13,1,76,351,2,1,1,7,"105, AV JEAN JAURES",49.49931,0.15452
201500033453,28,7,15,10,1,76,351,2,4,1,6,"33, R JOSEPH MADEC",49.50602,0.14244
201500033454,29,7,15,14,1,76,270,1,1,1,7,,49.53046,0.12642
201500033455,26,7,15,21,1,76,351,1,1,2,7,RD 6015,49.50245,0.19184
201500033456,3,8,15,16,1,76,447,2,1,1,7,"49, AV PRESIDENT WILSON",49.54229,0.18107
201500033457,31,7,15,17,1,76,351,2,1,1,3,"300, BD JULES DURAND",49.49434,0.17486
201500033458,5,8,15,8,1,76,351,2,1,1,3,"370, R DE VERDUN",49.50234,0.17458
201500033459,7,8,15,1,5,76,351,2,1,1,6,AV JEAN JAURES,49.50059,0.16945
201500033460,9,8,15,17,1,76,351,2,2,1,3,R IRENE JOLIOT CURIE,49.51058,0.10256
201500033461,8,8,15,20,2,76,351,2,3,1,3,"115, R JULES LECESNE",49.493,0.12147
201500033462,7,8,15,20,1,76,351,2,3,1,3,BD AMIRAL MOUCHEZ,49.48442,0.13215
201500033463,11,8,15,11,1,76,341,1,1,2,6,,49.50279,0.19421
201500033464,11,8,15,15,1,76,351,2,2,1,3,"79, R GUSTAVE BRINDEAU",49.4925,0.13967
201500033465,15,8,15,22,3,76,351,2,1,1,7,R EDOUARD VAILLANT,49.51322,0.17926
201500033466,16,8,15,0,5,76,351,2,1,1,3,"9, R FERRER",49.48827,0.13867
201500033467,18,8,15,12,1,76,351,2,1,1,3,"44, AV PAUL VERLAINE",49.50929,0.15695
201500033468,20,8,15,19,1,76,351,1,1,1,6,,49.50186,0.18857
201500033469,22,8,15,14,1,76,351,2,2,1,3,"174, R D ETRETAT",49.49898,0.09461
201500033470,22,8,15,16,1,76,351,2,2,1,6,"23, R LOUIS BRINDEAU",49.49125,0.10166
201500033471,13,8,15,15,1,76,351,2,1,1,6,"134, BD DE GRAVILLE",49.48384,0.15227
201500033472,27,8,15,15,1,76,351,2,1,2,3,AV DU GRAND HAMEAU,49.5211,0.11246
201500033473,29,8,15,18,1,76,351,2,1,1,6,"64, R DE LA SOUS BRETONN",49.51136,0.09331
201500033474,27,8,15,12,1,76,351,2,1,2,6,"237, R IRENE JOLIOT CURI",49.51617,0.1058
201500033475,1,9,15,18,1,76,351,2,3,1,1,R DE LA BOUTEILLERIE,49.52075,0.17869
201500033476,6,9,15,11,1,76,351,2,1,1,3,AV D APLEMONT,49.50407,0.17852
201500033477,8,9,15,12,1,76,341,1,1,1,6,,49.52166,0.18833
201500033478,8,9,15,19,1,76,351,2,1,1,3,"34, R CLEMENT MARICAL",49.50067,0.09559
201500033479,9,9,15,0,5,76,447,2,1,1,6,"8, AV DE DIEPPE",49.54568,0.19689
201500033480,14,9,15,19,1,76,351,2,3,1,1,"255, AV JEAN JAURES",49.5003,0.16661
201500033481,14,9,15,20,5,76,351,2,3,1,3,"409, AV JEAN JAURES",49.50084,0.17822
201500033482,15,9,15,16,1,76,351,2,1,1,6,"505, R IRENE JOLIOT CURI",49.52929,0.10327
201500033483,24,1,15,19,5,76,447,2,1,1,1,"13, R DU FAUBOURG ASSIQU",49.54735,0.19617
201500033484,15,9,15,10,1,76,351,2,2,1,3,"63, AV PAUL VERLAINE",49.50931,0.15884
201500033485,18,9,15,11,1,76,447,1,1,2,6,,49.5346,0.19089
201500033486,20,9,15,10,1,76,305,2,1,1,6,"25, AV MARCEL LE MIGNOT",49.50155,0.21702
201500033487,20,9,15,1,5,76,341,1,1,1,6,,49.51141,0.19872
201500033488,19,9,15,11,1,76,351,2,1,1,1,"116, R MARECHAL JOFFRE",49.49993,0.12471
201500033489,25,1,15,6,5,76,351,2,1,1,6,TUNNEL JENNER,49.50279,0.13223
201500033490,18,9,15,18,1,76,351,2,1,3,7,TUNNEL JENNER,49.50533,0.13424
201500033491,25,1,15,19,3,76,351,1,1,1,7,,49.52437,0.16269
201500033492,21,9,15,16,1,76,351,2,1,2,1,"114, R DESRAME",49.52121,0.10331
201500033493,25,1,15,19,3,76,341,1,1,1,6,,49.51654,0.2083
201500033494,23,9,15,9,1,76,351,2,2,1,3,R EUGENE MOPIN,49.51656,0.15593
201500033495,25,9,15,18,1,76,351,2,2,1,7,CHE RURAL 47,49.52391,0.07974
201500033496,27,9,15,12,1,76,351,2,1,1,6,"46, R SERGENT POMMIER",49.51897,0.17281
201500033497,24,9,15,12,1,76,351,2,1,1,7,"21, R DES GLAIEULS",49.50592,0.15967
201500033498,29,9,15,20,5,76,351,2,1,1,1,"12, R MICHEL DELAROCHE",49.50065,0.10415
201500033499,29,9,15,18,1,76,351,2,3,1,6,"42 bis, R DE LA VALLEE",49.49339,0.15204
201500033500,30,9,15,13,1,76,351,2,3,1,6,"294, R FELIX FAURE",49.50124,0.11158
201500033501,1,10,15,16,1,76,351,2,3,1,2,"77, QU DE SOUTHAMPTON",49.48623,0.11038
201500033502,4,10,15,0,5,76,351,2,2,1,3,R BERNARDIN DE SAINT PIE,49.48995,0.10511
201500033503,5,10,15,14,1,76,351,1,1,2,7,PONT V,49.48469,0.1519
201500033504,9,10,15,4,5,76,351,2,1,1,7,TUNNEL JENNER,49.50314,0.13231
201500033505,11,10,15,16,1,76,351,2,1,1,6,"21, R DEMIDOFF",49.49724,0.12946
201500033506,28,1,15,15,1,76,351,2,2,2,7,"123, QU GEORGE V",49.49077,0.11662
201500033507,2,10,15,16,1,76,351,2,5,1,3,"1, R DE LA CROIX BLANCHE",49.52012,0.10162
201500033508,28,1,15,16,1,76,305,1,4,2,6,RD 6382,49.49851,0.19815
201500033509,3,10,15,15,1,76,341,1,1,1,2,,49.50882,0.19747
201500033510,8,10,15,16,1,76,351,2,1,1,6,"221, R ARISTIDE BRIAND",49.50008,0.13193
201500033511,9,10,15,7,1,76,351,2,3,1,6,R CAMELINAT,49.51713,0.17356
201500033512,2,10,15,8,1,76,351,2,3,1,3,"184, R COMMANDANT ABADIE",49.50138,0.17543
201500033513,12,10,15,16,1,76,351,2,3,1,2,"53, CRS DE LA REPUBLIQUE",49.49476,0.12563
201500033514,29,1,15,14,1,76,351,2,1,2,7,AV D APLEMONT,49.50202,0.18539
201500033515,17,10,15,20,5,76,351,2,1,2,2,BD DE LENINGRAD,49.50042,0.17823
201500033516,29,1,15,15,1,76,351,2,2,2,6,"19, R JULES LECESNE",49.49392,0.11173
201500033517,15,10,15,16,1,76,447,2,1,1,7,"1, AV JEAN PREVOST",49.54705,0.181
201500033518,19,10,15,8,1,76,305,1,1,2,3,RTE DU PONT VIII,49.49442,0.21631
201500033519,17,10,15,1,5,76,351,2,1,2,7,TUNNEL JENNER,49.50533,0.1342
201500033520,29,1,15,19,5,76,305,1,1,2,6,RD 6382,49.49856,0.19771
201500033521,20,10,15,14,1,76,351,2,1,2,1,"83, BD JULES DURAND",49.48988,0.15654
201500033522,21,10,15,12,1,76,351,2,2,1,3,AV DU GRAND HAMEAU,49.52428,0.09687
201500033523,24,10,15,1,5,76,305,1,3,1,3,RTE INDUSTRIELLE,49.48504,0.22497
201500033524,23,10,15,8,1,76,552,2,1,1,2,"45, R GENERAL DE GAULLE",49.50593,0.08663
201500033525,24,10,15,23,5,76,351,2,1,1,6,"248, R ARISTIDE BRIAND",49.50024,0.1348
201500033526,27,10,15,17,1,76,351,2,1,1,7,"328, IRENE JOLIOT CURIE",49.5216,0.10503
201500033527,28,10,15,12,1,76,351,1,1,1,3,AV DU SEIZIEME PORT,49.48369,0.17499
201500033528,29,10,15,16,1,76,447,2,1,1,6,"4, R DES MEUNIERS",49.54322,0.18637
201500033529,31,10,15,23,5,76,351,2,1,1,7,R IRENE JOLIOT CURIE,49.52714,0.10382
201500033530,30,10,15,23,5,76,341,1,1,1,5,,49.50808,0.19625
201500033531,3,10,15,14,1,76,305,1,1,1,3,,49.51472,0.21032
201500033532,23,9,15,18,1,76,351,2,3,1,1,"194, R IRENE JOLIOT CURI",49.51485,0.10508
201500033533,3,11,15,17,1,76,351,2,1,1,6,"46, R HENRI CAYEUX",49.51648,0.1181
201500033534,7,11,15,12,1,76,351,2,3,1,3,"156, R TROIS CENT VINGT",49.50422,0.13111
201500033535,6,11,15,16,1,76,351,2,1,2,3,"15, R GENERAL FAIDHERBE",49.48768,0.11204
201500033536,31,1,15,22,5,76,351,2,2,1,3,"112, R IRENE JOLIOT CURI",49.51089,0.10284
201500033537,8,11,15,10,1,76,351,2,1,1,6,"143, AV JEAN JAURES",49.4997,0.15774
201500033538,9,11,15,22,5,76,341,2,1,1,7,"6, RTE D OUDALLE",49.50417,0.20149
201500033539,4,11,15,16,1,76,351,2,2,2,6,"19, R JULES LECESNE",49.4939,0.11164
201500033540,5,11,15,10,1,76,351,2,6,2,3,"118, R MARCEAU",49.49172,0.13275
201500033541,18,11,15,9,1,76,351,2,3,1,3,"44, AV PABLO PICASSO",49.50276,0.15288
201500033542,20,11,15,13,1,76,351,2,3,3,6,"43 bis, R MARECHAL JOFFR",49.49919,0.12091
201500033543,10,11,15,14,1,76,351,2,2,1,6,"80, R DES BRIQUETIERS",49.49362,0.1388
201500033544,22,11,15,18,5,76,351,2,3,2,6,R CAMELINAT,49.5156,0.17259
201500033545,22,11,15,0,5,76,351,2,1,1,1,"43, R SALVADOR ALLENDE",49.50458,0.13938
201500033546,23,11,15,9,1,76,351,2,6,1,7,R MARCEAU,49.49169,0.13285
201500033547,24,11,15,18,5,76,351,2,3,3,6,"74, R ANDREI SAKHAROV",49.50483,0.17171
201500033548,4,2,15,7,3,76,481,1,1,1,3,RTE DE LA CHENAIE,49.54178,0.1083
201500033549,28,11,15,13,1,76,351,2,2,1,3,R MARC BLOCH,49.51982,0.11929
201500033550,30,11,15,16,1,76,351,2,1,2,6,CRS LAFAYETTE,49.49172,0.12567
201500033551,25,11,15,7,1,76,351,2,2,2,2,"52, AV DU VAL AUX CORNEI",49.50915,0.14536
201500033552,4,2,15,19,5,76,351,2,2,1,3,AV REAUMUR,49.51044,0.16953
201500033553,3,12,15,18,5,76,351,2,3,1,3,"101, R DE VERDUN",49.50175,0.15427
201500033554,4,12,15,15,1,76,351,2,1,1,6,"53, R DES CHANTIERS",49.47892,0.15855
201500033555,5,2,15,4,5,76,305,2,1,1,6,"3, CH DU VALLON",49.50185,0.23347
201500033556,5,12,15,17,5,76,296,2,1,1,4,"112, R DE LA LIBERATION",49.51815,0.26027
201500033557,8,12,15,13,1,76,351,2,2,2,6,"47, R DEMIDOFF",49.49737,0.13122
201500033558,10,12,15,1,5,76,552,2,1,1,7,"12, BD PRESIDENT FELIX F",49.50541,0.0788
201500033559,8,12,15,12,1,76,351,2,1,2,6,CRS LAFAYETTE,49.4919,0.12497
201500033560,8,12,15,16,1,76,351,2,1,1,6,"403, R DE VERDUN",49.50234,0.17697
201500033561,9,12,15,15,1,76,351,2,6,1,6,"4, R MARCONI",49.52192,0.11898
201500033562,8,12,15,18,5,76,447,2,1,1,6,AV PIERRE MENDES FRANCE,49.5318,0.18031
201500033563,6,2,15,20,5,76,351,2,1,1,1,"58, R ROGER SALENGRO",49.50746,0.11196
201500033564,12,12,15,17,5,76,351,2,3,1,3,AV DU HUIT MAI 1945,49.51553,0.17256
201500033565,14,12,15,12,1,76,351,2,3,1,3,"502, R DE VERDUN",49.50223,0.18477
201500033566,14,12,15,8,1,76,351,2,1,1,6,"48, R MARECHAL JOFFRE",49.49915,0.12071
201500033567,13,12,15,22,5,76,351,2,1,1,6,AV D APLEMONT,49.50393,0.17878
201500033568,12,12,15,2,3,76,270,1,1,3,6,,49.55279,0.14097
201500033569,11,12,15,19,5,76,305,1,1,1,1,RTE DES  MARAIS,49.48616,0.20639
201500033570,15,12,15,19,5,76,351,2,2,3,6,CRS LAFAYETTE,49.49203,0.12403
201500033571,15,12,15,7,5,76,305,1,1,2,3,,49.49887,0.21306
201500033572,11,12,15,22,5,76,481,1,6,2,3,,49.5312,0.108
201500033573,13,12,15,4,5,76,351,2,2,1,3,"110, R IRENE JOLIOT CURI",49.51059,0.10255
201500033574,8,2,15,14,1,76,447,1,1,1,1,"110, AV PIERRE MENDES FR",49.53271,0.17991
201500033575,17,12,15,18,5,76,351,1,1,2,1,"177, R FLORIMOND LAURENT",49.52021,0.11995
201500033576,19,12,15,14,1,76,351,2,6,1,6,"1, R JULES VERNE",49.50723,0.12849
201500033577,8,2,15,20,5,76,351,2,2,1,3,"2, R RODIN",49.5143,0.10861
201500033578,19,12,15,13,1,76,351,1,1,1,1,,49.49888,0.21154
201500033579,19,12,15,15,1,76,305,1,8,1,6,RTE INDUSTRIELLE,49.48772,0.20115
201500033580,19,12,15,13,1,76,305,1,4,1,3,PONT VII (BIS),49.49805,0.19666
201500033581,15,12,15,7,5,76,351,2,2,2,6,R ARMAND BARBES,49.5013,0.15001
201500033582,27,11,15,6,2,76,351,2,1,1,3,"13, R SALVADOR ALLENDE",49.50441,0.13662
201500033583,18,12,15,18,5,76,341,2,2,1,3,R PAUL DOUMER,49.51471,0.19636
201500033584,26,12,15,0,5,76,351,2,2,1,3,"316, R ARISTIDE BRIAND",49.50054,0.13921
201500033585,27,12,15,15,1,76,351,2,1,1,6,"177, AV JEAN JAURES",49.50063,0.161
201500033586,10,2,15,9,1,76,351,2,3,1,3,"71, R DE L ARTOIS",49.5126,0.12464
201500033587,29,12,15,18,5,76,351,2,2,1,5,"16, R LOUIS BLANC",49.50727,0.12622
201500033588,24,12,15,18,5,76,351,2,2,1,3,"109, R ROGER SALENGRO",49.50614,0.11422
201500033589,12,2,15,14,1,76,305,1,1,1,1,,49.49954,0.19796
201500033590,12,2,15,23,5,76,351,2,2,1,3,"3, R FRANKLIN",49.49376,0.11772
201500033591,13,2,15,18,5,76,552,2,1,2,1,"50, R DU GENERAL DE GAUL",49.50524,0.0874
201500033592,13,2,15,18,5,76,351,2,3,1,3,"87, AV RENE COTY",49.49794,0.11539
201500033593,14,2,15,11,1,76,351,2,1,1,6,"17, R DES CHANTIERS",49.47891,0.15591
201500033594,16,2,15,15,1,76,322,2,2,1,7,AV LEON BLUM,49.40575,1.05354
201500033595,26,12,15,9,1,76,575,2,6,1,3,R DU DOCTEUR GALLOUEN,49.39743,1.08096
201500033596,22,2,15,15,1,76,498,1,2,1,3,BD DU 11 NOVEMBRE,49.42286,1.06724
201500033597,25,12,15,1,5,76,681,2,1,1,1,"28, R DE TRIANON",49.41737,1.08102
201500033598,6,3,15,10,1,76,681,2,2,1,3,"23, R DE L INDUSTRIE",49.42295,1.08733
201500033599,27,12,15,6,5,76,540,2,6,1,6,RTE DE DARNETAL,49.43972,1.1319
201500033600,21,2,15,16,1,76,540,2,2,1,3,"17, R JEANNE D'ARC",49.44095,1.0899
201500033601,28,10,15,16,1,76,366,1,1,1,3,RTE DE SAINT JEAN,49.51172,1.0275