Num_Acc,jour,mois,an,hr,condition_eclairage,departement,commune,condition_agglomeration,intersection,condition_atmosphere,type_collision,adresse,lattitude,longitude
201500033602,26,2,15,19,1,76,540,1,2,2,6,BD DE LA MARNE,49.44699,1.09237
201500033603,30,11,15,8,1,76,540,2,1,1,3,"01, HAVRE. ROUTE DU",49.45237,1.0567
201500033604,28,2,15,20,5,76,322,2,2,1,3,AV RENE COTY,49.40547,1.05338
201500033605,7,3,15,15,1,76,575,2,1,1,6,"6, R SIMONE SIGNORET",49.39788,1.07018
201500033606,16,2,15,16,1,76,540,2,4,1,6,"58, RTE DE BONSECOURS",49.43292,1.10797
201500033607,18,12,15,14,1,76,231,2,1,1,3,"43, CRS CARNOT",49.28703,1.01309
201500033608,16,12,15,8,5,76,157,1,1,2,1,COTE DE CANTELEU,49.44418,1.04028
201500033609,16,3,15,19,1,76,540,2,2,1,3,"42, RTE DE NEUFCHATEL",49.45105,1.09857
201500033610,14,3,15,5,5,76,540,2,5,1,6,"87, AV DE CAEN",49.42828,1.07054
201500033611,18,3,15,15,1,76,451,1,1,1,6,AV DU BOIS DES DAMES,49.47514,1.07803
201500033612,20,3,15,7,1,76,540,2,1,1,6,"92, R SAINT JULIEN",49.42769,1.07939
201500033613,22,3,15,10,1,76,575,2,3,1,6,PERI SAINT JUST,49.39365,1.0701
201500033614,18,12,15,20,1,76,231,1,1,1,6,PL DU CHAMP DE FOIRE,49.29023,1.01284
201500033615,27,2,15,16,1,76,457,2,4,1,1,"342, R DU LIEUTENANT JAC",49.34236,0.96853
201500033616,3,12,15,19,5,76,540,2,2,1,3,AV DE LA PORTE DES CHAMP,49.44307,1.1045
201500033617,22,3,15,19,1,76,216,2,3,1,1,"12, R ROBERT SCHUMAN",49.47053,1.04552
201500033618,18,3,15,17,1,76,540,2,1,1,6,"26, R D ANVERS",49.45028,1.08689
201500033619,17,3,15,12,1,76,451,2,3,1,6,R EDENBRIDGE,49.45733,1.08104
201500033620,21,2,15,4,1,76,540,1,1,1,6,,49.44889,1.06166
201500033621,23,3,15,7,1,76,575,1,1,1,3,,49.36759,1.10172
201500033622,28,3,15,14,1,76,540,2,2,1,3,"40, R LOUIS RICARD",49.44615,1.10015
201500033623,2,3,15,23,5,76,681,2,1,8,6,"457, R DE PARIS",49.41261,1.09885
201500033624,8,4,15,7,1,76,540,2,2,1,3,QU CAVELIER DE LA SALLE.,49.43894,1.08022
201500033625,8,4,15,17,1,76,540,2,2,1,3,"117, RTE DU HAVRE",49.45278,1.05661
201500033626,3,4,15,12,1,76,540,1,1,1,4,PONT MATHILDE,49.43169,1.10325
201500033627,10,4,15,18,1,76,497,2,2,1,6,"1201, R ARISTIDE BRIAND",49.38799,1.02278
201500033628,13,4,15,14,1,76,681,1,1,1,1,BD INDUSTRIEL,49.41673,1.10775
201500033629,2,4,15,15,1,76,540,2,3,2,2,AV DE BRETAGNE,49.43405,1.08584
201500033630,12,4,15,11,1,76,681,2,1,1,2,"53, AV JEAN JAURES",49.41255,1.088
201500033631,15,3,15,21,3,76,157,1,4,9,6,RTE DE QUEVILLON,49.4333,0.98838
201500033632,25,3,15,18,1,76,474,1,1,1,3,"145, RTE DE DIEPPE",49.49047,1.04917
201500033633,19,4,15,3,5,76,540,2,6,1,2,"61, BD DE L EUROPE",49.42594,1.08711
201500033634,17,4,15,10,1,76,319,1,1,1,3,"3, R HELENE BOUCHER",49.34772,1.02157
201500033635,18,4,15,15,1,76,681,2,2,1,2,BD INDUSTRIEL,49.4168,1.10783
201500033636,24,4,15,16,1,76,540,2,1,1,3,QU JEAN MOULIN,49.43633,1.08886
201500033637,18,4,15,0,5,76,540,2,2,1,1,R DE BAMMEVILLE,49.43011,1.09066
201500033638,29,3,15,12,1,76,540,2,2,2,3,BD DE L EUROPE,49.42794,1.09333
201500033639,19,4,15,7,1,76,681,2,2,1,3,AV JEAN JAURES,49.40949,1.08372
201500033640,18,4,15,5,1,76,391,1,1,1,7,,49.34301,0.93636
201500033641,24,4,15,14,1,76,540,2,3,1,3,"97, CRS CLEMENCEAU",49.43475,1.08811
201500033642,7,5,15,21,5,76,212,2,4,1,6,"26, R THIERS",49.43805,1.14347
201500033643,18,4,15,9,1,76,474,1,1,1,3,R DES LONGS VALLONS.,49.49146,1.0635
201500033644,29,4,15,7,1,76,319,1,1,1,3,"166, AV JEAN LAGARRIGUE",49.34178,1.01666
201500033645,9,5,15,22,1,76,540,2,1,1,7,RAMPE GUILLAUME LE CONQU,49.44116,1.08147
201500033646,1,4,15,2,3,76,451,2,1,8,6,AV DU BOIS DES DAMES,49.47391,1.07606
201500033647,4,4,15,9,1,76,540,2,2,1,2,AV DU MONT RIBOUDET,49.44833,1.06666
201500033648,31,3,15,8,1,76,540,2,1,1,1,"70, RTE DE NEUFCHATEL",49.45294,1.09882
201500033649,11,5,15,15,1,76,540,2,1,1,4,QU DE PARIS,49.43647,1.09897
201500033650,19,5,15,10,1,76,322,2,3,1,3,"1, R EDWIN ALDRIN",49.41438,1.0509
201500033651,3,5,15,14,1,76,575,1,1,1,2,"33, AV DES CANADIENS",49.39936,1.06336
201500033652,15,5,15,17,1,76,540,2,2,1,1,"117, RTE DU HAVRE",49.45277,1.05663
201500033653,21,5,15,11,1,76,484,1,6,1,3,RTE DES ESSARTS,49.34569,1.07721
201500033654,9,4,15,8,1,76,681,2,3,1,6,"114, R PIERRE CORNEILLE",49.42035,1.09372
201500033655,22,4,15,19,1,76,540,2,6,1,3,RPT DES HARKIS,49.43047,1.07905
201500033656,23,5,15,10,1,76,540,2,1,1,6,"7, R GUILLAUME LE CONQUE",49.44311,1.09025
201500033657,26,5,15,17,1,76,319,2,1,1,6,R VICTOR HUGO,49.35541,1.00797
201500033658,13,4,15,18,1,76,540,2,3,1,2,BD FERDINAND DE LESSEPS,49.44486,1.06786
201500033659,29,5,15,11,1,76,575,1,3,1,2,BD LENINE,49.39386,1.11166
201500033660,19,5,15,17,1,76,575,2,6,1,1,"21, AV AMBROISE CROIZAT",49.37544,1.10266
201500033661,22,5,15,17,1,76,157,1,1,1,2,A150,49.46285,1.04048
201500033662,17,5,15,11,1,76,540,2,1,1,6,AV DU GRAND COURS,49.42815,1.10246
201500033663,21,5,15,17,1,76,108,2,3,1,6,"3980, RTE  DE NEUFCHATEL",49.47496,1.12544
201500033664,29,5,15,23,5,76,498,2,2,2,3,AV JACQUES PREVERT,49.42858,1.06259
201500033665,2,6,15,15,1,76,410,2,1,1,6,"114, R DES MARTYRS",49.48208,1.04526
201500033666,8,6,15,17,1,76,540,2,2,1,6,"80, QU DU HAVRE",49.44093,1.08268
201500033667,9,6,15,22,3,76,540,2,2,1,3,AV JEAN RONDEAUX.,49.43469,1.07604
201500033668,13,6,15,18,1,76,498,2,3,1,3,"57, BD STANISLAS GIRARDI",49.414,1.06465
201500033669,16,6,15,14,1,76,498,2,2,1,3,R MARTIAL SPINNEWEBER,49.41941,1.06012
201500033670,17,6,15,20,1,76,575,2,1,1,3,"6, BD LENINE",49.39639,1.11172
201500033671,20,6,15,20,1,76,575,2,1,1,6,"101, R DE L INDUSTRIE",49.37572,1.11014
201500033672,11,6,15,0,5,76,322,1,1,1,7,,49.41452,1.04414
201500033673,17,6,15,23,5,76,681,2,1,1,2,"477, R DE PARIS",49.4107,1.09993
201500033674,26,6,15,14,1,76,429,1,3,1,3,RTE DE DARNETAL,49.41669,1.14616
201500033675,30,6,15,12,1,76,540,2,2,1,6,"47 bis, R JEAN LECANUET",49.4446,1.09239
201500033676,29,6,15,18,1,76,575,2,1,1,1,,49.38058,1.06177
201500033677,27,6,15,1,3,76,131,1,3,1,5,COTE DE LA MAISON BRULEE,49.34847,0.93449
201500033678,4,7,15,17,1,76,540,2,6,1,3,RPT DE MADAGASCAR,49.43769,1.06675
201500033679,30,6,15,23,5,76,540,2,1,1,2,"110, R DU MONT GARGAN",49.43603,1.11333
201500033680,24,6,15,18,1,76,540,2,1,1,3,AV PASTEUR,49.44302,1.07722
201500033681,10,7,15,18,1,76,540,2,1,1,3,PONT MATHILDE,49.42996,1.10093
201500033682,2,7,15,16,1,76,319,1,1,1,6,CH DE L ETOILE,49.33477,1.00411
201500033683,13,7,15,22,1,76,575,2,3,1,1,"1, CANADIENS. AVENUE DES",49.40517,1.06765
201500033684,15,7,15,15,1,76,681,2,2,1,3,"317, R HYACINTHE MENAGE",49.4084,1.09534
201500033685,17,7,15,17,1,76,410,1,1,1,6,,49.47417,1.02547
201500033686,17,7,15,6,1,76,540,2,2,1,3,"46, R BOUVREUIL",49.44562,1.0947
201500033687,20,7,15,20,1,76,484,2,1,1,6,"7, RTE DES ESSARTS",49.34362,1.08896
201500033688,20,7,15,19,1,76,402,2,1,1,2,"328, RTE DE DIEPPE",49.52548,1.0422
201500033689,20,7,15,12,1,76,157,2,1,1,3,COTE DE CANTELEU,49.44158,1.03238
201500033690,3,5,15,1,5,76,231,2,2,2,6,"17, R POUSSIN",49.28401,1.00701
201500033691,17,5,15,10,1,76,231,2,1,1,6,RTE DU NEUBOURG,49.27711,0.99973
201500033692,13,5,15,17,1,76,165,2,1,1,6,"770, R DE LA COMMUNE 187",49.27631,1.01904
201500033693,28,7,15,16,1,76,575,1,1,1,4,"33, BD LENINE",49.37134,1.11551
201500033694,10,7,15,1,5,76,540,2,1,1,7,"3, R JACQUES VILLON",49.44458,1.09528
201500033695,18,7,15,8,1,76,540,2,2,1,3,R D AMIENS,49.43941,1.10539
201500033696,20,7,15,15,1,76,497,2,1,1,6,CH DU PASSAGE D'EAU,49.38482,1.01277
201500033697,29,7,15,19,1,76,95,1,6,1,6,AV DES HAUTS GRIGNEUX.,49.46697,1.13466
201500033698,22,7,15,10,1,76,575,2,3,1,3,R DE PARIS,49.39728,1.10309
201500033699,23,7,15,19,1,76,410,2,1,1,6,"36, R DE LA REPUBLIQUE",49.47862,1.04281
201500033700,13,8,15,8,1,76,212,2,1,1,6,"82, RTE DE GOURNAY",49.44236,1.16147
201500033701,3,8,15,10,1,76,561,2,1,1,6,"55, R DENFERT ROCHEREAU",49.30044,1.01476
201500033702,14,7,15,0,3,76,319,1,1,1,1,R DES ESSARTS,49.34638,1.01427
201500033703,4,8,15,20,1,76,681,2,2,1,3,R PIERRE RENAUDEL,49.41069,1.08758
201500033704,14,8,15,12,1,76,599,2,6,1,2,R SAINTE MARGUERITE,49.43499,1.14719
201500033705,16,7,15,19,1,76,681,1,1,1,3,"1, R GASTON CONTREMOULIN",49.41924,1.098
201500033706,5,8,15,17,1,76,575,2,1,1,6,"51, AV AMBROISE CROIZAT",49.37125,1.10425
201500033707,17,8,15,19,1,76,540,2,1,1,5,"8, BD FERDINAND DE LESSE",49.44481,1.06779
201500033708,7,8,15,10,1,76,474,2,1,1,3,"109, RTE DE DIEPPE",49.48906,1.04913
201500033709,8,8,15,3,5,76,410,2,1,1,6,"48, R DE LA REPUBLIQUE",49.47667,1.04289
201500033710,14,8,15,10,1,76,540,2,1,1,6,"34, R DU FARDEAU",49.4401,1.09128
201500033711,7,8,15,21,1,76,484,2,1,1,3,"355, AV D ANDERTEN",49.35136,1.09191
201500033712,9,8,15,13,1,76,212,2,1,1,2,"98, RTE DE GOURNAY",49.44293,1.16339
201500033713,6,9,15,13,1,76,216,2,2,1,3,"393, RTE DE DIEPPE",49.47304,1.0491
201500033714,9,8,15,15,1,76,540,2,1,1,6,"64, RTE DE NEUFCHATEL",49.45317,1.09832
201500033715,12,8,15,17,1,76,5,2,1,1,3,R FRANCOIS MITTERRAND,49.41275,1.1215
201500033716,11,8,15,16,1,76,216,2,1,1,6,"540, RTE DE DIEPPE",49.47621,1.04799
201500033717,5,8,15,8,1,76,322,1,1,1,3,,49.43197,1.0591
201500033718,9,8,15,14,1,76,103,2,3,1,3,RTE DE PARIS,49.42825,1.11597
201500033719,24,8,15,17,1,76,497,2,6,3,3,,49.38925,1.05602
201500033720,15,9,15,16,1,76,95,2,1,1,6,R DE VERDUN,49.45698,1.1181
201500033721,1,9,15,10,1,76,540,2,2,1,6,QU DU HAVRE,49.43909,1.08854
201500033722,29,7,15,13,1,76,108,2,1,1,2,"464, R DES CANADIENS",49.47014,1.10674
201500033723,10,7,15,12,1,76,402,1,1,1,6,,49.51411,1.00889
201500033724,15,8,15,2,5,76,540,1,1,3,6,,49.43732,1.1109
201500033725,1,9,15,8,1,76,540,2,2,2,5,"117, RTE DU HAVRE",49.45276,1.05662
201500033726,5,9,15,6,5,76,212,2,1,1,1,"36, BD DE LA PAIX",49.4447,1.15495
201500033727,5,9,15,20,1,76,322,2,1,1,7,"28, R JEAN RACINE",49.41007,1.05025
201500033728,6,9,15,18,1,76,540,2,3,1,3,QU DE BOISGUILBERT,49.44247,1.07722
201500033729,7,9,15,8,1,76,410,1,1,1,3,,49.47112,1.03126
201500033730,7,9,15,13,1,76,484,1,1,1,3,,49.34401,1.07627
201500033731,9,9,15,16,1,76,540,2,2,1,6,QU GASTON BOULET,49.44325,1.07724
201500033732,10,9,15,15,1,76,157,1,1,1,2,A150,49.45806,1.04719
201500033733,10,9,15,10,1,76,599,2,3,1,4,"4, R SAINTE MARGUERITE",49.43426,1.14909
201500033734,14,9,15,22,5,76,540,2,1,3,4,QU GASTON BOULET,49.44111,1.08139
201500033735,10,8,15,15,1,76,705,1,1,1,6,AV GUSTAVE PICARD,49.32903,1.09855
201500033736,17,9,15,9,1,76,540,2,1,1,6,"98 bis, R DE LA REPUBLIQ",49.44202,1.0983
201500033737,17,9,15,16,1,76,540,2,1,1,6,"39, R JEANNE D'ARC",49.44265,1.09107
201500033738,21,9,15,9,1,76,108,2,1,1,3,AV DU MARECHAL JUIN,49.46345,1.11722
201500033739,23,8,15,6,5,76,216,2,3,1,6,"98, R DE LA REPUBLIQUE",49.47377,1.04204
201500033740,27,9,15,7,5,76,319,1,1,1,6,AV DE CAEN,49.34432,0.9827
201500033741,26,9,15,0,5,76,540,1,1,1,6,R DE LA MOTTE,49.43449,1.07244
201500033742,20,9,15,6,5,76,540,2,1,1,2,AV ARISTIDE BRIAND,49.43525,1.10463
201500033743,5,10,15,19,5,76,540,2,2,1,6,"17, BD DE LA MARNE",49.44693,1.09237
201500033744,26,9,15,2,5,76,540,2,1,1,6,"3, QU JEAN MOULIN",49.43499,1.09347
201500033745,29,9,15,18,1,76,540,2,1,1,4,AV ARISTIDE BRIAND,49.43523,1.10461
201500033746,5,10,15,22,5,76,212,1,1,2,5,,49.45798,1.14384
201500033747,2,10,15,19,1,76,322,1,3,1,6,AV DES CANADIENS,49.39857,1.06263
201500033748,5,10,15,7,2,76,319,2,2,1,3,,49.36712,1.01078
201500033749,3,8,15,11,1,76,178,2,1,1,6,R DE TOURVILLE,49.30847,1.03673
201500033750,6,10,15,23,5,76,540,2,6,3,6,R SAINT CLEMENT,49.42709,1.07756
201500033751,1,10,15,18,1,76,640,2,2,1,1,"89, R DE LOUVIERS",49.27035,1.04304
201500033752,16,10,15,7,5,76,231,2,2,1,6,R ANATOLE FRANCE,49.29085,0.99999
201500033753,10,10,15,17,1,76,231,1,1,1,1,VOI DE LA DECLARATION UN,49.29232,1.01798
201500033754,14,9,15,12,1,76,561,2,3,1,3,R DE VERDUN,49.30417,1.01043
201500033755,28,9,15,17,1,76,231,2,2,1,3,"55, R DE LA REPUBLIQUE",49.29085,0.99999
201500033756,15,10,15,21,5,76,540,2,1,1,1,"80, R GUILLAUME D ESTOUT",49.45458,1.05989
201500033757,9,10,15,17,1,76,157,2,1,1,6,"4, AV DU PRESIDENT ALLEN",49.45044,1.03482
201500033758,11,10,15,15,1,76,497,2,6,1,4,,49.38815,1.05589
201500033759,15,10,15,11,1,76,540,2,2,1,6,"74, BD DES BELGES",49.44428,1.08552
201500033760,13,10,15,7,2,76,497,1,1,1,2,,49.36598,1.0395
201500033761,9,10,15,18,1,76,451,2,1,1,3,"77, CH DE CLERES",49.46261,1.09615
201500033762,26,10,15,17,1,76,540,2,1,1,6,"65, R D ELBEUF",49.42614,1.08284
201500033763,25,10,15,18,1,76,322,1,1,1,2,,49.40725,1.037
201500033764,29,10,15,18,5,76,474,2,1,1,2,"328, RTE DE DIEPPE",49.49618,1.04859
201500033765,29,10,15,21,3,76,681,2,1,1,6,"556, R DE PARIS",49.40785,1.10161
201500033766,25,9,15,7,1,76,540,2,3,1,6,"134, R SAINT JULIEN",49.42634,1.07544
201500033767,4,11,15,9,1,76,108,2,2,2,6,"1669, RTE DE NEUFCHATEL",49.458,1.10828
201500033768,6,11,15,15,1,76,540,2,1,1,6,"155, BD DE L YSER",49.44743,1.09742
201500033769,1,11,15,16,1,76,540,2,3,1,3,"23, BD DE L EUROPE",49.42728,1.09241
201500033770,9,11,15,9,1,76,410,2,2,1,3,"2, R PAUL PAINLEVE",49.48239,1.04278
201500033771,7,11,15,3,5,76,231,1,2,1,3,R POUSSIN,49.28485,1.00547
201500033772,17,9,15,15,1,76,498,2,2,1,7,"107, R JACQUARD",49.42995,1.06172
201500033773,2,11,15,13,1,76,540,2,1,1,3,"74, RTE DE BONSECOURS",49.43364,1.10716
201500033774,10,11,15,7,1,76,212,2,4,1,6,"76, R SADI CARNOT",49.44068,1.14567
201500033775,10,11,15,9,1,76,540,2,1,1,3,"43, RTE DE NEUFCHATEL",49.45225,1.09791
201500033776,10,11,15,14,1,76,681,2,2,1,6,"2, R LEDRU ROLLIN",49.42596,1.09337
201500033777,10,11,15,13,1,76,681,1,2,1,2,BD INDUSTRIEL,49.42162,1.10647
201500033778,8,11,15,11,1,76,540,2,4,1,3,"18, BD GAMBETTA",49.43786,1.10526
201500033779,10,11,15,11,1,76,681,2,6,1,6,AV DU 14 JUILLET,49.41196,1.07342
201500033780,16,11,15,14,1,76,108,2,1,1,6,"4243, RTE DE NEUFCHATEL",49.47706,1.12742
201500033781,8,11,15,15,1,76,540,2,6,1,3,,49.43459,1.07171
201500033782,18,11,15,18,5,76,216,2,1,1,3,"558, RTE DE DIEPPE",49.47712,1.04769
201500033783,26,10,15,11,1,76,540,2,1,1,3,R DE LA MOTTE,49.43492,1.074
201500033784,19,11,15,9,1,76,497,2,3,1,3,R DES MARTYRS,49.38384,1.02361
201500033785,29,9,15,18,1,76,212,1,1,1,2,,49.4528,1.14513
201500033786,26,11,15,8,2,76,216,2,6,2,6,R DOCTEUR EMILE BATAILLE,49.46288,1.04887
201500033787,30,11,15,14,1,76,108,2,1,1,6,"138, CH DE CLERES",49.4577,1.09453
201500033788,28,11,15,14,1,76,575,2,1,1,3,"65, AV OLIVIER GOUBERT",49.38083,1.10327
201500033789,2,12,15,18,5,76,108,2,2,1,3,R DE LA REPUBLIQUE,49.47025,1.11786
201500033790,6,12,15,2,5,76,540,2,1,1,6,"78, R DE LA REPUBLIQUE",49.4408,1.09771
201500033791,5,12,15,2,4,76,540,1,1,1,6,,49.45931,1.14345
201500033792,25,10,15,11,1,76,540,2,1,1,6,QU DE PARIS,49.43639,1.09981
201500033793,6,12,15,5,5,76,108,1,6,1,6,RPT DES ROUGES TERRES,49.48255,1.13307
201500033794,9,12,15,19,5,76,322,2,2,1,2,BD MAURICE RAVEL,49.41184,1.04742
201500033795,12,12,15,14,1,76,157,2,1,1,6,"20, AV PIERRE CORNEILLE",49.44558,1.03034
201500033796,6,12,15,14,1,76,322,2,1,1,2,,49.38938,1.05615
201500033797,12,12,15,4,3,76,319,1,1,3,6,,49.35156,1.02582
201500033798,9,12,15,10,1,76,322,2,1,1,2,"11, R JEAN TITELOUZE",49.40666,1.04746
201500033799,15,12,15,15,1,76,319,1,4,1,3,,49.34508,1.01472
201500033800,15,12,15,15,1,76,575,2,1,3,6,AV DU BIC AUBERT,49.38965,1.09933
201500033801,14,12,15,22,5,76,410,2,2,1,3,"2, R PAUL PAINLEVE",49.48234,1.04276
201500033802,15,12,15,7,5,76,540,2,3,2,6,"3, BD DE L YSER",49.4457,1.1082
201500033803,18,12,15,10,1,76,212,1,1,1,2,,49.45175,1.14521
201500033804,16,12,15,17,5,76,322,2,3,1,6,"2, AV GEORGES BRAQUE",49.40341,1.04202
201500033805,18,12,15,16,1,76,575,1,3,1,6,"55, R DU DOCTEUR COTONI",49.36963,1.10733
201500033806,29,12,15,12,1,76,540,2,2,1,3,"102, RTE DU HAVRE",49.45283,1.05658
201500033807,18,12,15,3,5,76,216,2,5,1,1,"98, R DE LA REPUBLIQUE",49.47377,1.04194
201500033808,5,1,15,16,1,76,540,2,1,1,6,"113, R LAFAYETTE",49.43164,1.08776
201500033809,4,1,15,21,5,76,5,2,6,1,3,,49.40902,1.12109
201500033810,4,1,15,20,5,76,474,2,2,1,3,"217, RTE DE DIEPPE.",49.48469,1.04837
201500033811,8,1,15,17,5,76,540,2,1,1,3,"66, QU DE BOISGUILBERT",49.44438,1.07095
201500033812,7,1,15,7,3,76,319,1,4,5,4,,49.35502,1.03159
201500033813,13,1,15,20,5,76,540,2,2,1,3,"46, R ARMAND CARREL",49.43992,1.10193
201500033814,15,1,15,8,5,76,540,2,1,2,3,RTE DE BONSECOURS,49.4317,1.10957
201500033815,13,1,15,17,2,76,451,2,1,1,6,"41,AV DU MONT AUX MALADE",49.46267,1.07637
201500033816,16,1,15,2,5,76,540,2,1,1,7,BD GAMBETTA,49.43886,1.1085
201500033817,16,1,15,8,5,76,484,2,1,1,6,"47A, R JEAN JACQUES ROUS",49.34446,1.09509
201500033818,17,1,15,1,5,76,540,2,3,9,3,"34, AV JACQUES CARTIER",49.43601,1.0869
201500033819,16,1,15,16,1,76,575,2,3,1,2,AV DES CANADIENS,49.40499,1.06755
201500033820,14,1,15,14,1,76,451,2,1,1,2,"105, RTE DE MAROMME",49.47053,1.08269
201500033821,18,1,15,17,5,76,498,2,2,2,6,"2, R PAUL FOLIOT",49.42085,1.06326
201500033822,14,1,15,17,4,76,540,2,3,1,3,AV ARISTIDE BRIAND,49.43519,1.10501
201500033823,19,1,15,21,5,76,540,2,1,1,3,"49, QU CAVELIER DE LA SA",49.43787,1.08379
201500033824,14,1,15,13,1,76,322,2,3,1,3,AV DES PROVINCES,49.41147,1.05293
201500033825,20,1,15,19,5,76,575,2,6,1,6,"22, AV DU VAL L ABBE",49.38052,1.10064
201500033826,27,1,15,16,1,76,540,2,1,1,2,"55 bis, JOUVENET",49.4502,1.10354
201500033827,28,1,15,12,1,76,498,2,5,1,3,"1, R ETIENE DOLET",49.43134,1.04937
201500033828,3,2,15,8,1,76,319,1,1,1,5,,49.34303,1.00621
201500033829,9,2,15,8,2,76,540,2,2,1,6,BD D ORLEANS,49.43642,1.0816
201500033830,29,1,15,7,5,76,540,2,3,3,6,"81, R JEAN LECANUET",49.44542,1.08817
201500033831,14,2,15,13,1,76,540,2,1,1,5,QU DE LA BOURSE,49.43815,1.09162
201500033832,5,2,15,13,1,76,575,2,3,1,2,R JULIAN GRIMAU,49.38844,1.08887
201500033833,15,2,15,13,1,76,540,2,1,1,1,AV DE LA GRAND MARE,49.44532,1.13168
201500033834,14,2,15,14,1,76,540,2,1,9,6,"1, R DU BAC",49.438,1.09354
201500033835,8,2,15,13,1,76,498,2,3,1,3,R ABBE LEMIRE,49.41173,1.06006
201500033836,11,2,15,17,1,76,540,2,1,1,3,R AMEDEE DORMOY,49.44768,1.06669
201500033837,30,1,15,22,5,76,322,2,1,1,2,AV GENERAL LECLERC,49.41671,1.04703
201500033838,15,2,15,18,2,76,681,2,1,1,6,"515, R DE PARIS",49.40823,1.10136
201500033839,12,3,15,8,1,77,108,2,1,1,6,"12,rue A MEUNIER",48.87241,2.58951
201500033840,13,3,15,7,1,77,108,2,2,1,2,D934 X RUE DU PORT,48.86763,2.57222
201500033841,18,3,15,8,1,77,108,2,1,1,6,"8, CHILPERIC (BOULEVARD)",48.87406,2.58794
201500033842,9,4,15,18,1,77,363,2,1,1,2,"8, CLAYE (RUE DE)",48.914,2.62997
201500033843,3,4,15,15,1,77,108,2,6,2,6,CLAYE (AV DE),0.0,0.0
201500033844,21,4,15,19,1,77,108,2,1,1,3,AV. GENDARME CASTERMANT,48.87781,2.60338
201500033845,23,5,15,10,1,77,55,2,3,8,3,D34A X RUE CURIE,48.88302,2.62918
201500033846,21,4,15,12,1,77,108,2,3,1,6,D934 X RUE HOUSSA OUAID,48.86857,2.57328
201500033847,29,6,15,22,5,77,108,2,1,1,6,"11-13, NAST (RUE GUSTAVE",48.87957,2.58691
201500033848,22,6,15,17,1,77,108,2,3,3,6,"5, RESISTANCE (AVENUE DE",48.87846,2.58734
201500033849,29,7,15,13,1,77,139,2,1,1,3,"103, VAN WYNGENE (RUE CH",48.9094,2.60326
201500033850,28,7,15,7,2,77,108,2,9,8,3,MARECHAL FOCH (AVENUE DU,48.87004,2.57542
201500033851,18,8,15,13,1,77,108,2,1,1,6,"59, GENERAL DE GAULLE (A",48.87018,2.58392
201500033852,30,8,15,18,1,77,108,2,1,1,6,"53,RUE ALEXANDRE BICKART",48.8832,2.59066
201500033853,12,8,15,17,1,77,108,2,1,1,2,RUE HENRI POINCARE,48.87107,2.58228
201500033854,20,7,15,15,1,77,108,2,1,1,6,"28, RESISTANCE (AVENUE D",48.877,2.58551
201500033855,2,10,15,13,1,77,108,2,1,1,3,"80 bis, MARECHAL FOCH (A",48.86867,2.57337
201500033856,19,10,15,19,5,77,108,2,6,1,6,JAURES (AVENUE JEAN),48.86551,2.56412
201500033857,11,11,15,12,1,77,108,2,3,1,6,"26, RUE DE BROU",48.88483,2.61825
201500033858,21,11,15,1,5,77,108,2,6,3,6,"02, HAUTE BORNE (RUE DE",48.88437,2.61426
201500033859,18,12,15,18,2,77,517,1,1,2,1,CD34,0.0,0.0
201500033860,23,12,15,16,1,77,108,2,1,1,6,AV. GENERAL DE GAULLE,48.8701,2.58368
201500033861,8,1,15,18,5,77,108,1,1,1,6,CLAYE (AVENUE DE),48.88092,2.59876
201500033862,16,1,15,21,5,77,108,2,1,2,6,"67, GENERAL DE GAULLE (A",48.87018,2.58483
201500033863,21,1,15,14,1,77,108,1,1,1,2,CORPS DE GARDE (CHEMIN D,48.87195,2.59618
201500033864,9,2,15,16,1,77,108,2,2,1,1,D34 X AV F. TRINQUAND,48.8765,2.59642
201500033865,15,2,15,19,5,77,479,2,3,1,5,CH.PECHEURS X R. ECOLES,48.86907,2.63079
201500033866,4,2,15,16,1,77,108,2,6,7,6,D224 X D34A X R. BEL AIR,48.88675,2.58521