Num_Acc,jour,mois,an,hr,condition_eclairage,departement,commune,condition_agglomeration,intersection,condition_atmosphere,type_collision,adresse,lattitude,longitude
201500033867,24,2,15,13,1,77,139,2,2,1,3,"38, PASTEUR (AVENUE)",48.90856,2.59063
201500033868,28,2,15,20,5,77,108,2,2,1,3,D934 X D34,48.87568,2.59628
201500033869,15,4,15,18,1,77,132,1,1,1,1,D934,48.88094,2.78264
201500033870,5,8,15,15,1,77,449,1,1,1,6,MERIDIENNE ( BLD DE LA ),0.0,0.0
201500033871,24,12,15,13,1,77,111,2,1,1,6,"6, PETITS PRES ( RUE DES",48.88077,2.76243
201500033872,1,7,15,1,5,77,307,2,1,1,2,D934,48.8779,2.74287
201500033873,27,11,15,16,1,77,307,1,1,1,3,DEPARTEMENTALE 231 ( ROU,0.0,0.0
201500033874,11,12,15,17,1,77,132,2,1,1,6,LESCHES ( RUE ) D45 A,48.8987,2.78776
201500033875,11,1,15,17,5,77,320,1,1,1,4,"1542, PARIS (AVENUE DE)",48.8141,3.0722
201500033876,6,3,15,19,3,77,131,1,1,1,4,D222,48.81559,3.10974
201500033877,14,1,15,10,1,77,131,2,1,2,6,"27, GAMBETTA (COUR)",48.81565,3.08462
201500033878,7,3,15,10,1,77,131,2,1,7,6,"D934 11, AV. STRASBOURG",48.80775,3.08331
201500033879,14,2,15,15,1,77,371,1,1,2,7,D216 AV G. HUERNE,48.82123,3.01973
201500033880,24,3,15,17,1,77,13,1,2,2,3,RD 402 X RD 19 a1,48.8435,3.08832
201500033881,24,3,15,18,5,77,131,2,3,2,3,"1, TEMPLIERS (RUE DES)",48.82457,3.09473
201500033882,23,2,15,13,1,77,70,2,2,1,3,D37 X LIEU-DIT MARTROY,48.81137,3.13249
201500033883,24,2,15,14,1,77,131,2,9,1,6,"5, LOUIS BRAILLE (RUE)",48.82061,3.09453
201500033884,25,3,15,21,4,77,371,2,3,1,7,"94, PASTEUR (RUE)",48.81539,2.99465
201500033885,27,3,15,9,1,77,433,1,1,1,3,D 402,48.7925,3.06802
201500033886,4,5,15,15,1,77,131,2,1,1,6,"42, PIDOUX DE MONTANGLAU",48.8273,3.08236
201500033887,19,5,15,9,1,77,320,1,3,1,3,D934 X RUE DU CHAMP JOLI,48.81742,3.05591
201500033888,25,6,15,19,1,77,70,2,1,1,2,"20, CHATEAU (RUE DU)",48.79026,3.12163
201500033889,2,7,15,18,1,77,320,1,3,1,3,PARIS (AVENUE DE),48.81689,3.05856
201500033890,15,8,15,10,1,77,131,2,3,2,3,"13, RUE DES MARGATS",48.80877,3.10128
201500033891,6,9,15,6,5,77,70,2,2,1,3,MERISIERS (RUE DES ),48.78948,3.12408
201500033892,29,8,15,16,1,77,371,1,2,1,3,D 934  - AERODROME,48.836,2.98781
201500033893,21,9,15,13,1,77,433,1,1,1,1,D 402,48.79289,3.06859
201500033894,15,9,15,15,1,77,400,1,1,1,6,"30, SAINTE AUBIERGE (RUE",48.76489,3.03155
201500033895,8,10,15,10,1,77,131,2,1,8,6,"10, SAINT DENIS (PLACE)",48.813,3.08408
201500033896,29,10,15,18,5,77,131,2,1,1,6,"8, PALAIS DE JUSTICE",48.81288,3.08455
201500033897,22,11,15,18,3,77,131,1,3,1,1,PIDOUX DE MONTANGLAUST (,48.82595,3.08724
201500033898,11,12,15,23,5,77,131,2,1,1,2,"85, GENERAL LECLERC (RUE",48.81347,3.074
201500033899,21,12,15,18,5,77,131,2,3,2,6,PECHERIE (RUE DE LA),48.8125,3.08327
201500033900,17,1,15,10,1,77,186,1,1,1,6,"42, FRANCE (RUE DE)",48.40489,2.69763
201500033901,11,12,15,18,3,77,186,1,1,1,7,LA FOSSETTE (ROUTE),48.39538,2.77008
201500033902,17,1,15,17,3,77,186,2,1,2,7,"1, CHANCELLERIE (RUE DE",48.40387,2.70046
201500033903,16,12,15,21,3,77,186,1,1,1,1,D142,48.49323,2.64433
201500033904,20,1,15,18,5,77,14,2,2,1,6,"29BIS, FRANKLIN ROOSEVEL",48.4149,2.7184
201500033905,17,12,15,17,3,77,186,1,1,1,2,RD606. de la rochette à,48.48505,2.66556
201500033906,3,3,15,17,1,77,186,1,4,1,7,D409 X D11,48.41734,2.62083
201500033907,5,3,15,16,1,77,186,1,1,1,6,D142,48.44956,2.6704
201500033908,6,4,15,15,1,77,186,1,6,1,3,RD607 /RD 301/ RD142,48.43065,2.66132
201500033909,6,4,15,16,1,77,186,1,1,1,3,D148,48.35623,2.76146
201500033910,12,4,15,11,1,77,186,2,1,1,6,"39BIS, BD GAL LECLERC",48.41281,2.71107
201500033911,16,4,15,7,1,77,186,1,2,1,5,D142 X D115,48.48084,2.66693
201500033912,3,5,15,16,1,77,186,1,1,1,3,D301 PROXIMITE FRANCHARD,48.40735,2.63822
201500033913,14,5,15,20,1,77,186,1,1,1,1,D301 ROUTE RONDE,48.39431,2.76007
201500033914,22,5,15,17,1,77,186,1,2,1,5,D148 X D301 (GD MAITRE),48.37654,2.73972
201500033915,31,5,15,14,1,77,186,1,6,1,7,D607 X D142,48.43026,2.66153
201500033916,2,6,15,21,1,77,186,1,6,1,7,D606 X D138  CROIX VITRY,48.47448,2.67888
201500033917,5,6,15,2,3,77,186,1,1,1,7,D409,48.40962,2.67924
201500033918,10,6,15,15,1,77,186,1,2,1,3,D148 X D301 (GD MAITRE),48.37656,2.73962
201500033919,16,6,15,19,1,77,186,2,1,1,6,"14 TER, ROYALE (RUE)",48.40356,2.69294
201500033920,29,6,15,12,1,77,186,2,1,1,6,"13, GRANDE (RUE)",48.40435,2.70051
201500033921,4,7,15,15,1,77,186,1,1,8,6,D301 ROUTE RONDE,48.37533,2.6372
201500033922,17,7,15,8,1,77,186,2,3,1,3,"186, GRANDE (RUE)",48.40965,2.70447
201500033923,2,8,15,20,1,77,186,1,2,1,7,RD116 PanONF  rte Butte,0.0,0.0
201500033924,16,8,15,9,1,77,226,2,1,1,6,d39  de champ.  hericy,48.44235,2.75778
201500033925,5,10,15,8,1,77,186,1,1,1,6,d301 de chantoiseau /gra,48.38097,2.74526
201500033926,22,10,15,13,1,77,186,1,1,8,2,RD63E.  RD 607  a  RECLO,48.41879,2.6726
201500033927,25,10,15,0,3,77,186,1,1,1,7,D137. PanONF thom. carr.,48.40555,2.7416
201500033928,25,11,15,10,1,77,186,1,1,8,3,D301,48.37542,2.63695
201500033929,7,1,15,19,5,77,243,1,1,1,6,"03, SAINT DENIS  (RUE",48.87751,2.71796
201500033930,1,4,15,13,1,77,58,2,1,1,2,PLACE DU CLOS St GEORGES,48.84194,2.70544
201500033931,16,1,15,21,5,77,243,2,2,2,6,"18, SAINT DENIS  (RUE",48.87791,2.71652
201500033932,24,2,15,11,1,77,58,2,3,3,5,"8, AV. DE L'EUROPE",48.83198,2.7176
201500033933,15,5,15,7,1,77,243,2,1,7,6,GAMBETTA  (RUE   ),48.8784,2.70395
201500033934,26,5,15,17,1,77,243,2,9,1,6,GEORGES CLEMENCEAU  (AVE,48.8776,2.72901
201500033935,5,6,15,8,1,77,237,2,1,1,1,"59 BIS, LAGNY  (RUE DE",48.84296,2.75051
201500033936,26,6,15,10,1,77,243,2,3,1,6,D10 X BRETELLE D934,48.8684,2.70607
201500033937,1,7,15,10,1,77,438,2,1,1,6,COURTILLIERE (AVENUE DE,48.87013,2.67439
201500033938,24,9,15,12,1,77,181,2,9,1,5,"1, RUE DE ROTHSCHILD",48.82349,2.70119
201500033939,29,9,15,15,1,77,58,2,9,1,6,"43,Bd  ANTOINE GIROUST",48.84086,2.71054
201500033940,6,10,15,8,1,77,372,2,1,3,2,"10, RUE CHARTIER",48.88332,2.70206
201500033941,30,8,15,20,2,77,464,2,1,1,6,"59, RUE DE DAMPMART",48.88355,2.7242
201500033942,5,11,15,9,1,77,438,1,1,1,5,D934,0.0,0.0
201500033943,6,11,15,14,1,77,243,2,1,2,1,"128, MAL DE LATTRE DE TA",48.87742,2.6865
201500033944,12,11,15,17,5,77,181,2,1,1,6,CHATEAU  (RUE DU  ),48.82047,2.71508
201500033945,18,11,15,7,1,77,124,2,3,1,3,TOURNAN (ROUTE DE ),0.0,0.0
201500033946,18,11,15,17,2,77,464,1,1,1,3,CLAYE  (RUE DE  ),48.90041,2.71333
201500033947,9,12,15,13,1,77,464,2,1,1,1,"2, FONTAINES  (RUE DES",48.88616,2.71736
201500033948,10,12,15,9,1,77,58,2,1,8,6,"12, LAGNY (BOULEVARD DE)",48.84115,2.70537
201500033949,17,12,15,9,1,77,372,2,1,1,3,RN 34,0.0,0.0
201500033950,20,1,15,8,1,77,330,1,1,5,2,D360,48.94075,2.87948
201500033951,17,3,15,18,1,77,284,2,1,1,2,"00, VICTOIRE (AV.DE LA)",0.0,0.0
201500033952,23,3,15,14,1,77,199,2,3,1,3,D33 X RUE BRINCHES,48.93756,2.96329
201500033953,25,3,15,16,1,77,284,2,1,1,2,ALLENDE (AV.SALVADOR),48.95555,2.89039
201500033954,29,3,15,21,5,77,284,2,1,3,3,"157, VICTOIRE (AV.DE LA)",48.9569,2.92137
201500033955,31,3,15,8,1,77,284,2,1,8,2,"27, AVENUE GALLIENI",48.9569,2.87245
201500033956,16,2,15,19,3,77,475,1,1,1,7,MONTCEAUX (RUE DE),48.95705,2.94752
201500033957,6,4,15,15,1,77,284,2,1,1,6,"22, CHAMPS (IMP.DES)",48.96879,2.90215
201500033958,17,2,15,10,1,77,284,2,3,2,3,BD CHARCOT X R. A. CAMUS,48.94695,2.9035
201500033959,4,4,15,1,5,77,513,2,1,1,2,"7 BIS, CHAUSSEE DE PARIS",48.95522,2.86865
201500033960,13,4,15,12,1,77,475,2,1,1,6,"13, NANTEUIL (RUE DE)",48.95158,2.94112
201500033961,13,4,15,17,1,77,335,1,1,1,4,RD5,48.9495,2.86378
201500033962,14,4,15,11,1,77,284,1,1,1,2,"154, VICTOIRE (AV.DE LA)",48.95694,2.9203
201500033963,15,4,15,11,1,77,284,2,3,1,6,"1, CLEMENCEAU (AV.)",48.96265,2.87588
201500033964,15,4,15,10,1,77,513,1,1,1,6,A 140,0.0,0.0
201500033965,13,3,15,3,3,77,335,1,1,1,3,RN3 (ROUTE NATIONALE),48.9589,2.82652
201500033966,3,5,15,1,5,77,369,2,3,2,1,D17A X RUE DAMPLEGER,48.96794,2.93083
201500033967,10,7,15,22,3,77,335,1,1,1,3,RN3 (ROUTE NATIONALE),48.95718,2.85217
201500033968,23,10,15,12,1,77,284,2,1,1,6,RUE RENÉ BAZIN,48.95107,2.91666
201500033969,29,10,15,20,3,77,475,2,1,1,6,GARE SNCF,48.96,2.95145
201500033970,4,11,15,16,1,77,143,1,1,2,7,RN 330 (ROUTE NATIONALE),48.97596,2.85989
201500033971,5,1,15,9,1,77,410,1,1,5,3,D57,48.59211,2.72224
201500033972,7,4,15,17,1,77,288,2,1,1,6,MONTAIGU  (RUE DE),48.5509,2.653
201500033973,13,1,15,17,2,77,285,2,6,1,5,D436 X AV. DE CORBEIL,48.54897,2.64228
201500033974,14,4,15,20,2,77,152,1,2,1,1,D142 X D64,48.4971,2.63401
201500033975,16,4,15,15,1,77,487,2,3,1,3,"689,RUE DES CARREAUX",48.5195,2.69149
201500033976,13,4,15,7,1,77,288,2,2,1,6,D606 X R. DOCT. POUILLOT,48.53055,2.65516
201500033977,23,1,15,9,1,77,152,2,1,1,6,FOCH(AVENUE DU MAL)LE RE,48.51491,2.63531
201500033978,18,4,15,20,2,77,285,2,1,1,6,D39E3 RUE DU 8 MAI 1945,48.5322,2.63869
201500033979,20,4,15,11,1,77,288,1,9,1,2,D605 X BRET NORD D636,48.55287,2.66574
201500033980,18,5,15,14,1,77,288,1,1,1,5,D605 MELUN ALMONT,48.5457,2.67829
201500033981,26,5,15,8,1,77,288,1,1,1,5,"9, 31EME R.I  (RUE DU)",48.54412,2.65302
201500033982,3,6,15,15,1,77,152,2,1,1,6,"248, AV. CHARLES PRIEUR",48.51475,2.62038
201500033983,14,6,15,15,1,77,288,2,2,1,6,"58, ALMONT (BOULEVARD DE",48.54515,2.67728
201500033984,21,6,15,16,1,77,285,2,1,1,1,D39E3  QUAI E. LALLIA,48.53795,2.64983
201500033985,21,7,15,3,5,77,288,2,1,1,6,"1, GENERAL LECLERC (RUE)",48.5266,2.65414
201500033986,8,8,15,12,1,77,306,1,2,1,3,D471 X D57,48.59747,2.69216
201500033987,13,9,15,19,2,77,152,2,1,1,6,"560, JAURES(AVENUE JEAN)",48.52638,2.64629
201500033988,23,9,15,13,1,77,288,2,1,1,6,"51, SAINT LIESNE (RUE)",48.54052,2.66942
201500033989,14,10,15,18,2,77,288,2,1,2,6,"19, AV dela LIBERATION",48.52791,2.65675
201500033990,20,10,15,22,3,77,394,1,2,1,3,D.471,0.0,0.0
201500033991,21,10,15,15,1,77,288,2,1,1,1,"17, RUE DU  PARC",48.54634,2.64683
201500033992,21,11,15,18,5,77,288,2,2,8,6,"56, AVENUE THIERS",48.52834,2.65408
201500033993,21,11,15,18,3,77,447,1,1,2,1,C.D 50,48.54284,2.55112
201500033994,10,12,15,10,1,77,288,2,1,1,3,"20 bis, CHAMBLAIN   (BOU",48.53354,2.6548
201500033995,1,12,15,7,2,77,285,2,6,1,6,CORBEIL (GIRATOIRE DE),48.54899,2.64238
201500033996,7,12,15,7,2,77,96,2,1,1,6,GALLIENI (AVENUE),48.4854,2.69666
201500033997,15,12,15,8,1,77,288,2,1,2,6,ARMAND DE LA ROCHETTE (R,48.52563,2.6547
201500033998,2,3,15,18,3,77,495,1,1,1,6,D.306,0.0,0.0
201500033999,21,12,15,14,1,77,53,1,1,1,1,REPUBLIQUE (RUE DE LA),48.69049,2.60583
201500034000,17,3,15,16,1,77,445,2,1,1,1,AV. PALME OLOF,48.6127,2.57434
201500034001,23,3,15,13,1,77,384,1,2,1,3,D57 X D305,48.6137,2.62343
201500034002,29,3,15,21,5,77,53,2,6,2,6,VICTOR HUGO (AVENUE),48.6795,2.60944
201500034003,7,4,15,14,1,77,445,2,2,1,3,NANGIS (RUE DE),48.57961,2.58565
201500034004,12,4,15,6,3,77,296,1,6,5,6,D402 X D57,48.62146,2.60246
201500034005,13,5,15,15,1,77,384,1,2,8,2,D.306,0.0,0.0
201500034006,15,5,15,3,3,77,180,1,1,1,7,CLOS (CHEMIN DES),48.73031,2.63274
201500034007,12,6,15,17,1,77,251,2,2,1,3,ENTRE DEUX (COTE DE L'),48.61422,2.5333
201500034008,17,6,15,9,1,77,296,2,3,1,3,D57 X ACCES DECHARGE,48.63687,2.57697
201500034009,4,7,15,22,3,77,122,1,1,1,7,D48,48.65774,2.61001
201500034010,4,7,15,9,1,77,445,1,6,7,6,HAIE (AVENUE DE LA),48.57298,2.59023
201500034011,10,7,15,14,1,77,53,1,1,1,6,VILLEMENEUX (ROUTE DE),48.68126,2.59641
201500034012,11,7,15,15,1,77,296,2,1,1,6,"280, PHILIPPE BUR(AVENUE",48.62738,2.58921
201500034013,23,8,15,1,3,77,53,1,1,1,7,RD 319,48.6838,2.63426
201500034014,4,9,15,19,1,77,67,2,1,1,6,", CLOS DU LOUVRE (RUE DU",48.56701,2.6055
201500034015,14,9,15,8,1,77,122,2,1,8,6,"44, CHENE(RUE DU)",48.66231,2.57473
201500034016,18,9,15,17,1,77,67,1,3,2,3,D306,48.5831,2.60884
201500034017,14,10,15,8,1,77,251,1,1,1,3,PAUL DELOUVRIER (AVENUE),48.62415,2.56458
201500034018,14,10,15,18,2,77,114,1,1,2,3,RD 216,0.0,0.0
201500034019,9,11,15,12,1,77,445,2,3,1,3,MENDES-FRANCE (AVENUE PI,48.59625,2.57416
201500034020,19,11,15,18,5,77,122,2,1,2,1,ANDRE MALRAUX (AVENUE),48.6525,2.56305
201500034021,20,11,15,21,5,77,495,2,1,2,7,BOIS VERT (AVENUE DU),48.56274,2.62254
201500034022,25,11,15,7,2,77,122,2,6,3,6,ALBERT CAMUS (PLACE),48.65419,2.56594
201500034023,4,12,15,16,1,77,296,1,1,9,1,D 57,0.0,0.0
201500034024,3,12,15,11,1,77,53,1,6,1,3,BUTTE AUX BERGERS (RUE D,48.7037,2.60707
201500034025,19,12,15,14,1,77,296,1,2,1,1,D1402,48.6247,2.56643
201500034026,23,1,15,13,1,77,53,2,3,1,6,D216 X ACCES STAT,48.69199,2.60328
201500034027,25,1,15,9,1,77,114,1,1,1,2,N 4,0.0,0.0
201500034028,26,1,15,21,5,77,326,1,1,2,6,D346,48.58541,2.54403
201500034029,5,2,15,0,3,77,296,1,1,1,1,RUE EDOUARD BRANLY,48.6113,2.58443
201500034030,15,2,15,3,3,77,114,1,1,1,6,N 4,0.0,0.0
201500034031,6,3,15,18,1,77,305,2,1,1,3,"5, MONTAIGNE (COURS)",48.39589,2.95438
201500034032,14,3,15,18,1,77,305,2,3,1,6,"9, MOLIERE (AVENUE)",48.39775,2.95606
201500034033,26,5,15,11,1,77,305,2,6,1,6,D403 X AV. G. DE GAULLE,48.38251,2.95441
201500034034,5,6,15,7,1,77,439,1,2,1,6,D210 X D29,48.43587,3.00646
201500034035,20,7,15,21,1,77,305,2,1,1,6,"3, THOMAS (RUE ANDRE)",48.3958,2.95439
201500034036,23,8,15,8,1,77,210,1,1,1,7,Route Nationale 105,48.4251,2.90802
201500034037,26,9,15,12,1,77,210,2,1,1,6,"12, EGLISE (RUE DE L')",48.38114,2.90484
201500034038,25,10,15,1,5,77,172,2,1,1,3,"18, GRAND FOSSARD (LIEU",48.35987,2.97314
201500034039,31,10,15,15,1,77,210,1,2,1,1,RD 606,48.3612,2.88847
201500034040,22,12,15,11,1,77,194,1,2,1,3,D210 X D67,48.42431,2.94712
201500034041,20,1,15,17,5,77,305,2,4,1,3,D605 x Av de Surville,48.39026,2.95552
201500034042,2,2,15,21,3,77,172,1,1,1,2,D219,48.34093,2.95795
201500034043,15,2,15,11,1,77,305,2,4,1,1,RD 605 X Av de Surville,48.3903,2.9554
201500034044,14,4,15,8,1,77,494,1,6,1,3,D210 X D40,48.41897,2.84836
201500034045,3,8,15,20,1,77,494,1,1,1,7,CD 210,48.4188,2.87245
201500034046,4,9,15,8,1,77,516,2,3,1,6,CORMIER (RUE DES),48.3333,2.88333
201500034047,4,9,15,12,1,77,166,2,3,1,3,ORVANNE (RUE DE L'),48.36789,2.82795
201500034048,21,9,15,15,1,77,170,1,1,1,7,D 148,48.33563,2.77974
201500034049,19,1,15,17,2,77,494,1,1,1,1,D210,48.41923,2.83344
201500034050,12,2,15,19,5,77,463,2,2,1,3,D301 X RUE NEUVE,48.4089,2.78388
201500034051,4,4,15,17,1,77,333,2,1,8,6,"11, MOULIN (AVENUE JEAN)",48.26891,2.70994
201500034052,20,6,15,12,1,77,302,2,3,1,3,"23, ACACIAS (AVENUE DES)",48.29887,2.70018
201500034053,26,6,15,8,1,77,16,1,1,1,7,"29, GLANDELLES  (ROUTE D",48.20495,2.71965
201500034054,31,8,15,15,1,77,458,2,3,1,6,MARECHAL LECLERC (AVENUE,48.18357,2.7355
201500034055,24,9,15,13,1,77,302,2,6,8,7,MORET (ROUTE DE),48.30745,2.7086
201500034056,13,10,15,17,1,77,302,2,1,1,7,"34TER, MORET (ROUTE DE)",48.30464,2.70378
201500034057,1,11,15,15,1,77,458,1,1,1,5,DEPARTEMENTALE 207,48.18055,2.72113
201500034058,24,11,15,9,1,77,458,1,1,1,6,DEPARTEMENTALE 120,48.18915,2.76721
201500034059,11,12,15,22,5,77,458,2,1,1,6,"9, CARRIERES (RUE DES)",48.18603,2.73439
201500034060,17,1,15,23,3,77,156,1,1,8,6,ROUTE  DE FROMONVILLE,48.28274,2.71736
201500034061,8,1,15,17,3,77,458,1,1,8,3,DEPARTEMENTALE 207,48.18058,2.7205
201500034062,14,2,15,12,1,77,431,2,2,2,3,D403 X D98,48.26144,2.69026
201500034063,3,3,15,8,1,77,83,2,1,1,1,"4, BD DU BOIS DE GRACE",48.84794,2.58557
201500034064,7,3,15,11,1,77,83,2,3,1,6,"25, GALILEE (RUE)",48.83496,2.59175
201500034065,20,3,15,19,1,77,83,1,1,1,3,MALNOUE (ROUTE DE),48.8343,2.5985
201500034066,24,3,15,21,3,77,468,2,1,3,6,VPN (A 199),48.8457,2.6419
201500034067,27,3,15,17,1,77,146,2,6,1,3,D10P X D1406,48.82358,2.64059
201500034068,9,4,15,12,1,77,121,1,3,1,2,D471 X FERME LAMIRAULT,48.82727,2.67475
201500034069,22,4,15,12,1,77,337,2,2,1,2,"4, LUZARD (COURS DU)",48.84711,2.6135
201500034070,11,5,15,6,1,77,83,2,2,1,3,D370 X D199,48.84993,2.57696
201500034071,11,5,15,11,1,77,258,2,3,1,1,BD CHOPIN X RUE VERDI,48.83855,2.64722
201500034072,18,5,15,19,1,77,468,2,1,1,6,"86,RUE DE PARIS",48.85015,2.64713
201500034073,22,5,15,18,1,77,468,2,2,1,6,D128 X R. PABLO NERUDA,48.84428,2.64935
201500034074,23,5,15,0,5,77,83,2,1,1,2,"8, COPERNIC (BOULEVARD)",48.844,2.58583
201500034075,6,6,15,15,1,77,337,2,3,1,6,LUZARD (COURS DU),48.84714,2.61556
201500034076,18,6,15,18,1,77,169,1,2,1,1,D406 X BD CLOS AUMONE,48.8261,2.61117
201500034077,19,6,15,15,1,77,169,1,2,1,1,D406 X BD CLOS AUMONE,48.8261,2.61117
201500034078,3,7,15,16,1,77,146,2,6,1,2,D10P X AV JEAN MONNET,48.82852,2.64239
201500034079,4,7,15,20,1,77,169,2,7,1,6,"1, RUE D'EMERY",48.8141,2.6212
201500034080,15,7,15,12,1,77,146,2,1,1,6,"17, HIRONDELLES (RUE DES",48.82521,2.6532
201500034081,21,7,15,19,1,77,337,2,3,1,3,"2, ARCHE GUEDON (COURS D",48.8513,2.62272
201500034082,24,7,15,17,1,77,337,2,1,1,2,COURS DES ROCHES,48.8447,2.61539
201500034083,28,7,15,14,1,77,468,2,3,1,6,CHEVRE (RUE DE),48.85598,2.65581
201500034084,27,8,15,19,1,77,337,2,3,2,6,"01, SARTRE (JEAN-PAUL)",48.8437,2.61547
201500034085,23,9,15,11,1,77,146,2,1,1,6,"12, PELLOUTIER (RUE)",48.8262,2.63553
201500034086,25,9,15,20,5,77,337,2,1,1,6,"55, ROCHES (COURS DES)",48.8451,2.61531
201500034087,29,9,15,18,1,77,83,1,1,1,7,MARNE (BOULEVARD DE LA),48.8487,2.58664
201500034088,30,9,15,5,1,77,258,2,3,1,6,Bd DU MANDINET,48.83924,2.62473
201500034089,2,10,15,17,1,77,169,2,9,1,3,"25, BEAUBOURG (BOULEVARD",48.81691,2.61694
201500034090,10,10,15,19,1,77,83,2,6,1,6,IRENE ET FREDERIC JOLIOT,48.85331,2.58376
201500034091,16,10,15,8,2,77,337,2,3,2,2,BRIE VPO (ROUTE DE LA),48.8389,2.62603
201500034092,7,11,15,15,1,77,83,2,1,1,6,"2, PYRAMIDES (AVENUE DES",48.85478,2.58339
201500034093,9,11,15,13,1,77,121,2,2,1,5,"40, MELUN (RUE DE)",48.8356,2.67411
201500034094,27,11,15,18,5,77,83,2,3,2,1,BOULEVARD DE NESLE,48.8489,2.58244
201500034095,2,12,15,15,1,77,258,2,6,1,7,AVENUE DE LA SOUBRIARDE,48.83237,2.64266
201500034096,12,12,15,7,5,77,468,2,2,1,2,GEORGES BRASSENS (AVENUE,48.84428,2.64935
201500034097,30,12,15,19,3,77,468,1,1,1,5,MARNE (RUE DE LA),48.84555,2.63986
201500034098,14,1,15,17,5,77,59,2,6,1,6,D128 X RUE LEON BLUM,48.84062,2.65812
201500034099,28,1,15,15,1,77,83,2,1,1,6,"13, PARIS (RUE DE)",48.85232,2.60158
201500034100,11,2,15,14,1,77,337,2,3,1,6,"83, ROCHES (COURS DES)",48.84373,2.6154
201500034101,12,2,15,18,2,77,169,2,1,1,6,"2, BD OLOF PALME",48.80842,2.61855
201500034102,22,2,15,7,1,77,337,2,2,1,6,Allee Jean Paul SARTRE,48.84372,2.6154
201500034103,23,2,15,13,1,77,468,2,3,1,6,D128 X AV. S. ALLENDE,48.84366,2.65474
201500034104,31,12,15,20,3,77,373,2,1,2,4,PARIS (RUE DE- RN 4 ),0.0,0.0
201500034105,4,3,15,9,1,77,373,2,6,1,6,D361 X RUE DES TILLEULS,48.80454,2.62132
201500034106,1,3,15,6,5,77,373,2,1,2,6,"D604  24, ROUTE DE PARIS",48.7771,2.59508
201500034107,13,1,15,10,1,77,215,2,1,1,6,Route de Presles-ZI,48.73326,2.73849
201500034108,17,3,15,8,1,77,249,2,1,1,6,ARMAINVILLIERS (AVENUE D,48.7452,2.59735
201500034109,20,1,15,19,5,77,373,2,3,1,2,"111, LIBERATION (RUE DE",48.78032,2.61179
201500034110,7,4,15,21,5,77,373,2,9,1,6,PARIS (RUE DE D604 ),0.0,0.0
201500034111,23,4,15,13,1,77,350,1,1,1,7,RN4,48.7648,2.65698
201500034112,3,2,15,19,5,77,373,2,1,1,6,"88, PRES ST MARTIN (RUE",48.79036,2.61361
201500034113,24,4,15,17,1,77,374,1,6,1,2,D471 X D21,48.79596,2.71375
201500034114,9,5,15,19,1,77,390,2,1,1,1,D21 AV MARECHAL FOCH,48.79027,2.67512
201500034115,11,5,15,17,1,77,215,1,1,1,3,LIBERTE  (AVENUE DE LA),48.75472,2.71227
201500034116,15,5,15,9,1,77,350,1,9,1,2,BRETELLE ACCES D350,48.76526,2.65621
201500034117,28,3,15,20,5,77,350,2,3,2,3,D351 X R. VILLA TUILERIE,48.7626,2.6649
201500034118,2,6,15,16,1,77,390,2,1,1,1,JEAN MONNET (AVENUE),48.79902,2.64437
201500034119,10,6,15,5,2,77,373,2,6,1,6,D604 - PARIS (RUE DE ),48.77678,2.59546
201500034120,9,6,15,7,1,77,373,2,1,1,3,"96, PRES ST MARTIN (RUE",48.78314,2.61601
201500034121,4,7,15,10,1,77,350,2,1,1,6,FERME DU PRESBYTERE (RUE,48.7626,2.66365
201500034122,11,7,15,15,1,77,215,1,1,1,7,RN4 HORS AGGLOMERATION,48.7336,2.7245
201500034123,20,7,15,23,3,77,350,1,1,1,3,CD 471,48.7562,2.70504
201500034124,27,7,15,22,5,77,373,2,1,1,3,"31, GENERAL DE GAULLE (A",48.80398,2.61627
201500034125,27,7,15,23,3,77,350,1,1,1,2,RN4 HORS AGGLOMERATION,48.7666,2.65078
201500034126,29,8,15,6,2,77,215,2,1,1,6,AVENUE DE LA LIBERTE,48.74385,2.73202
201500034127,15,9,15,12,1,77,374,1,1,1,1,RD 471,48.80187,2.70726
201500034128,16,9,15,20,4,77,390,2,2,1,3,"11, JB MONET DE LAMARCK",48.79963,2.6426
201500034129,21,9,15,9,1,77,373,2,1,1,6,"1, LIBERATION (RUE DE LA",48.7805,2.59901