Num_Acc,jour,mois,an,hr,condition_eclairage,departement,commune,condition_agglomeration,intersection,condition_atmosphere,type_collision,adresse,lattitude,longitude
201500034130,10,9,15,17,1,77,390,2,1,1,2,BOULEVARD DE LA MALIBRAN,48.8,2.63621
201500034131,27,9,15,21,5,77,373,1,1,1,6,"55, Av de la REPUBLIQUE",48.80058,2.60769
201500034132,3,10,15,12,1,77,350,1,1,1,3,CD 354,0.0,0.0
201500034133,22,10,15,11,1,77,350,2,1,1,6,DESIDERIUS ERASME (AVENU,48.7581,2.69463
201500034134,23,10,15,12,1,77,373,2,3,1,6,"139, REPUBLIQUE (AV. DE",48.7995,2.60657
201500034135,29,10,15,11,1,77,373,2,1,1,7,"76, LUCIEN BRUNET (RUE)",48.7832,2.60122
201500034136,2,11,15,8,1,77,215,1,1,5,2,RN4 HORS AGGLOMERATION,48.735,2.74027
201500034137,2,11,15,15,1,77,350,2,1,1,5,"9, GENERAL LECLERC (AVEN",48.76394,2.67241
201500034138,3,11,15,9,1,77,373,1,1,1,4,RN4,0.0,0.0
201500034139,4,11,15,11,1,77,249,1,1,8,7,CD 51,48.76132,2.61497
201500034140,5,11,15,9,1,77,373,2,1,1,3,"39, AV. CHARLES ROUXEL",48.796,2.60449
201500034141,4,11,15,11,1,77,215,2,1,8,3,RN4 HORS AGGLOMERATION,48.7332,2.72275
201500034142,8,11,15,18,3,77,373,1,1,1,5,RN4,48.7744,2.60951
201500034143,10,11,15,5,3,77,215,1,1,1,2,RN4 HORS AGGLOMERATION,48.7333,2.72247
201500034144,9,11,15,18,3,77,350,1,1,1,2,CD 471,48.74365,2.70258
201500034145,9,11,15,20,5,77,373,2,3,1,3,MONTHETY (RUE),48.77776,2.60847
201500034146,7,11,15,11,1,77,390,1,1,1,2,ROUTE DE PONTAULT CD 21,0.0,0.0
201500034147,17,11,15,22,3,77,390,2,1,1,1,ZONE INDUSTRIELLE CINQUA,0.0,0.0
201500034148,20,11,15,22,5,77,350,2,2,1,3,GALLIENI (AVENUE),48.77413,2.67986
201500034149,20,11,15,10,1,77,350,2,1,2,6,"084, FRANCOIS DE TESSAN",48.7579,2.69959
201500034150,25,11,15,10,1,77,373,2,1,2,3,"5, FORT (RUE DU)",48.77902,2.60825
201500034151,24,11,15,17,5,77,373,2,1,2,6,"72, AVENUE CH. ROUXEL",48.79233,2.60418
201500034152,1,12,15,5,3,77,374,1,1,1,3,CD 471,48.80555,2.71083
201500034153,1,12,15,13,1,77,373,1,1,1,5,RN4 HORS AGGLOMERATION,0.0,0.0
201500034154,20,12,15,3,3,77,215,1,1,1,6,RN4 HORS AGGLOMERATION,0.0,0.0
201500034155,22,12,15,17,5,77,350,2,1,1,3,"37, PLUME VERT (RUE DU)",48.75984,2.67613
201500034156,8,6,15,8,1,77,459,1,3,1,2,"D619 - 110, RUE DE PARIS",48.53368,3.37176
201500034157,23,6,15,15,1,77,403,1,3,1,3,D403 X D1A,48.57371,3.31761
201500034158,1,7,15,10,1,77,379,2,1,1,6,"05, CHAMPBENOIST (ROUTE",48.55138,3.29587
201500034159,3,7,15,6,1,77,459,1,1,1,7,Departementale 74,48.55752,3.37371
201500034160,6,7,15,16,1,77,379,2,6,1,7,D1 X D1E,48.55549,3.30374
201500034161,10,7,15,4,3,77,459,1,1,1,6,Route Departementale 619,48.52837,3.40395
201500034162,22,9,15,16,1,77,260,2,2,1,3,"8, RUE MICHEL GENDRON",48.51409,3.24701
201500034163,30,9,15,11,1,77,379,2,1,7,6,"15, MARECHAL DE LATTRE D",48.55932,3.30922
201500034164,1,11,15,16,1,77,459,2,1,1,1,"18, Route Départementale",48.3,3.14
201500034165,4,11,15,15,1,77,532,1,1,1,6,Route Départementale 619,48.5607,3.23389
201500034166,10,11,15,16,1,77,379,1,1,1,6,"71, SAINT THIBAULT (RUE)",48.56231,3.29048
201500034167,15,12,15,18,5,77,379,2,2,3,6,"2, CHRISTOPHE OPOIX (RUE",48.5609,3.2959
201500034168,9,1,15,19,5,77,459,1,3,2,3,D 619 X D74A,48.5516,3.3195
201500034169,21,2,15,19,3,77,379,1,1,8,3,D204,48.58093,3.30679
201500034170,27,3,15,19,1,77,294,2,1,1,6,ESTIENNE D'ORVES (RUE D',48.98023,2.61256
201500034171,6,4,15,17,1,77,294,2,1,1,7,FERNAND FOREST (RUE),48.9778,2.6309
201500034172,8,4,15,22,3,77,241,1,1,1,6,CD 404,49.02474,2.70149
201500034173,6,5,15,19,1,77,118,2,1,1,6,MARECHAL JOFFRE (RUE DU),48.94918,2.68834
201500034174,20,5,15,20,1,77,514,2,2,8,3,"126, AV.ARISTIDE BRIAND",48.95037,2.60505
201500034175,21,5,15,17,1,77,118,1,1,1,3,ROUTE NATIONALE 3,48.94323,2.66119
201500034176,30,5,15,7,1,77,294,1,1,1,1,D9,48.9821,2.60475
201500034177,20,6,15,17,1,77,118,2,1,1,6,"22, CHENES (ALLEE DES)",48.93988,2.63803
201500034178,26,6,15,2,5,77,294,1,1,1,1,CD84,48.97436,2.61321
201500034179,9,7,15,14,1,77,294,1,1,1,4,RN 2,48.9889,2.61297
201500034180,19,7,15,5,2,77,118,2,6,1,6,"65, PASTEUR (AVENUE)",48.9397,2.67768
201500034181,18,7,15,13,1,77,462,1,1,1,6,ROUTE NATIONALE 2,49.0229,2.66581
201500034182,4,8,15,11,1,77,294,2,3,1,3,PARIS (RUE DE),48.96928,2.58195
201500034183,10,9,15,18,1,77,294,2,2,1,3,ROCHELLE (RUE DE LA),48.95959,2.59001
201500034184,17,8,15,20,1,77,514,2,2,1,1,ROGER SALENGRO (AVENUE),48.9528,2.60608
201500034185,7,10,15,18,1,77,118,1,1,8,6,ROUTE NATIONALE 3,48.94287,2.65519
201500034186,18,12,15,6,3,77,123,1,1,2,5,"1, CD 212",48.97664,2.66036
201500034187,28,12,15,15,1,77,123,1,1,1,7,FUTURE N104 (EX D212),0.0,0.0
201500034188,5,2,15,8,5,78,92,2,3,1,3,BOISSY D'ANGLAS (QUAI),0.0,0.0
201500034189,31,1,15,17,2,78,92,2,1,2,6,"14, TOURGUENIEF YVAN (RU",0.0,0.0
201500034190,19,11,15,11,1,78,642,2,3,2,6,PASSEREAUX SENTE DES,48.97759,1.96948
201500034191,5,12,15,18,2,78,498,2,3,1,6,"1, SCHWEITZER RUE DU DOC",48.92038,2.03872
201500034192,21,3,15,20,5,78,15,2,3,1,3,SCHWEISGUTH (RUE DU GENE,48.0,2.0
201500034193,1,3,15,17,1,78,498,2,2,1,2,SAINT SEBASTIEN RUE,0.0,0.0
201500034194,12,12,15,16,1,78,498,2,9,1,3,LOGES BD DES,0.0,0.0
201500034195,9,3,15,11,1,78,498,2,1,1,6,MALADRERIE AV DE LA,48.0,2.0
201500034196,8,10,15,8,1,78,643,2,1,1,6,GIRARDIN RUE,0.0,0.0
201500034197,2,4,15,21,5,78,498,2,2,1,6,"20, DEVAUX BD",0.0,0.0
201500034198,19,11,15,18,5,78,624,2,1,2,4,POISSY AVENUE DE,0.0,0.0
201500034199,13,3,15,19,3,78,642,1,1,1,6,"22, CHEMIN DE FER AVENUE",0.0,0.0
201500034200,20,12,15,22,5,78,624,2,1,2,1,"242, DOUMER RUE PAUL",48.0,2.0
201500034201,24,12,15,18,2,78,172,2,1,1,1,"88, CERGY",0.0,0.0
201500034202,12,4,15,10,1,78,642,2,1,1,2,"71, GRANDE RUE (CENTRE V",0.0,0.0
201500034203,13,4,15,8,1,78,643,1,6,1,6,RD154,0.0,0.0
201500034204,2,5,15,17,1,78,498,2,1,2,6,"20, CEP AVENUE DU",48.92928,2.0409
201500034205,12,4,15,22,3,78,123,1,6,1,6,GRANDES TERRES CHEMIN DE,0.0,0.0
201500034206,24,4,15,13,1,78,624,1,6,1,2,POISSY AVENUE DE,0.0,0.0
201500034207,4,5,15,15,1,78,498,2,9,1,6,BERTEAUX MAURICE AVENUE,48.93241,2.04134
201500034208,28,4,15,11,1,78,498,2,2,1,6,GAMBETTA BD,0.0,0.0
201500034209,17,4,15,9,1,78,498,1,2,1,3,PONT ANCIEN RUE DU,0.0,0.0
201500034210,24,4,15,14,1,78,643,2,1,1,4,GROSSE PIERRE RUE DE LA,0.0,0.0
201500034211,30,9,15,21,3,78,138,1,1,1,6,GRANDE RUE (CHEMIN DE LA,0.0,0.0
201500034212,11,5,15,11,1,78,498,2,3,1,6,"111, VILLIERS RUE DE",48.92127,2.02111
201500034213,22,12,15,17,3,78,172,2,1,1,3,CERGY (RUE DE),0.0,0.0
201500034214,15,5,15,7,1,78,643,1,1,1,3,LA VALLEE GOUJON (RUE DE,48.95982,1.98255
201500034215,26,5,15,8,1,78,498,2,2,1,3,"2, PRECHEURS RUE DES",0.0,0.0
201500034216,6,5,15,18,1,78,643,1,6,1,3,ORGEVAL ROUTE D',48.95981,1.98259
201500034217,12,5,15,17,1,78,498,2,3,1,2,"114, MALADRERIE AV DE LA",48.91816,2.02653
201500034218,7,5,15,17,1,78,498,2,1,1,6,"58, LYAUTEY AV DU MARECH",48.92958,2.04696
201500034219,7,5,15,8,1,78,624,2,1,1,3,POISSY AVENUE DE,48.95896,2.01748
201500034220,12,5,15,23,5,78,498,2,1,1,6,"10, PONT ANCIEN RUE DU",48.93371,2.03993
201500034221,15,6,15,18,1,78,498,2,6,1,3,PLACE VERTE,48.93292,2.04338
201500034222,24,5,15,18,1,78,642,1,1,1,1,RD59,48.99544,1.95252
201500034223,7,6,15,0,3,78,643,1,1,1,6,RD1,0.0,0.0
201500034224,16,6,15,18,1,78,624,1,6,1,2,POISSY AVENUE DE,48.96485,2.01329
201500034225,17,6,15,12,1,78,123,1,1,1,6,"18, SENETTE RUE DE LA",48.93756,2.036
201500034226,21,6,15,10,1,78,498,2,2,1,6,"27, GAMBETTA BD",48.93213,2.04463
201500034227,17,6,15,11,1,78,624,2,1,1,6,"398, DOUMER RUE PAUL",48.99246,1.98887
201500034228,21,6,15,17,1,78,498,2,1,1,6,"30, AIGREMONT RUE D'",48.91938,2.03419
201500034229,9,7,15,12,1,78,624,2,1,1,3,FRERES LEIRIS RUE DES,49.00717,2.00735
201500034230,26,8,15,0,3,78,643,2,1,1,6,"25, TRIEL AVENUE DE",0.0,0.0
201500034231,9,8,15,21,1,78,123,2,3,1,3,GRANDE RUE,0.0,0.0
201500034232,5,8,15,10,1,78,498,2,1,1,6,"13, HUGO BD VICTOR",0.0,0.0
201500034233,13,7,15,8,1,78,624,1,1,1,3,"00, DOUMER RUE PAUL",48.9745,2.00674
201500034234,25,8,15,13,1,78,123,2,6,1,7,PIERRE DE COUBERTIN (AVE,0.0,0.0
201500034235,29,8,15,5,5,78,624,2,1,1,6,RD1,0.0,0.0
201500034236,20,7,15,8,1,78,123,2,1,1,7,"22, CHAPELLE RUE E LA",48.937,2.019
201500034237,14,8,15,23,5,78,123,2,3,1,3,GRANDE RUE,48.95,2.041
201500034238,1,9,15,12,1,78,642,2,1,1,6,"69, MALRAUX BD ANDRE",48.98104,1.972
201500034239,4,9,15,20,5,78,123,2,3,1,7,"34, PARC RUE DU",48.94158,2.03364
201500034240,9,9,15,8,1,78,498,2,1,1,5,"80, LEFEBVRE AV FERNAND",48.9243,2.05273
201500034241,30,9,15,17,1,78,498,2,3,1,6,"81, FOCH AV",48.93023,2.05144
201500034242,17,10,15,12,1,78,498,2,2,1,6,BEZE AVENUE THEODORE DE,0.0,0.0
201500034243,7,10,15,19,2,78,123,2,1,1,6,"139, HAUTIL AV DE L'",48.94541,2.036
201500034244,20,10,15,16,1,78,498,2,1,1,3,", EISENHOWER AV DU GENER",48.0,2.0
201500034245,3,10,15,11,1,78,498,2,3,1,3,"1, MALADRERIE AV DE LA",0.0,0.0
201500034246,3,10,15,13,1,78,123,1,1,1,6,GRANDE RUE,0.0,0.0
201500034247,7,11,15,11,1,78,498,2,1,1,6,"16, SAINT LOUIS RUE",0.0,0.0
201500034248,6,11,15,20,5,78,123,2,3,1,2,EUROPE (RN 190) AVENUE D,48.9414,2.03222
201500034249,7,9,15,1,5,78,172,2,2,1,3,"22, DE GAULLE",0.0,0.0
201500034250,23,9,15,19,1,78,138,2,1,1,1,"25, POISSY (AVENUE DE)",0.0,0.0
201500034251,22,12,15,16,1,78,498,2,4,1,6,"70, ROBESPIERRE BD",48.9351,2.059
201500034252,27,12,15,20,5,78,498,2,6,1,6,GAMBETTA BD,48.93352,2.04307
201500034253,1,3,15,19,5,78,498,2,2,1,4,SAINT SEBASTIEN RUE,0.0,0.0
201500034254,11,3,15,17,1,78,498,2,3,1,2,MALADRERIE AV DE LA,0.0,0.0
201500034255,4,3,15,12,1,78,498,1,1,1,6,avenue du cep,0.0,0.0
201500034256,28,3,15,16,1,78,498,2,1,1,4,"44, GAMBETTA BD",0.0,0.0
201500034257,15,4,15,8,1,78,498,2,1,1,3,URSULINES AV DES,0.0,0.0
201500034258,19,12,15,18,3,78,397,1,1,1,1,DEPARTEMENTALE 13 (ROUTE,0.0,0.0
201500034259,2,3,15,11,1,78,383,1,1,1,2,SORTIE R.N 10 (BRETELLE),0.0,0.0
201500034260,17,11,15,17,3,78,297,2,1,3,1,EGLISE (PLACE DE L'),0.0,0.0
201500034261,8,3,15,1,5,78,383,2,6,1,3,VILLEDIEU (AVENUE DE LA),0.0,0.0
201500034262,19,11,15,13,1,78,688,2,1,2,5,"0, PORT ROYAL (RUE DE)",0.0,0.0
201500034263,12,3,15,13,1,78,208,2,1,1,3,"43 TER, TRAPPES (ROUTE D",0.0,0.0
201500034264,16,10,15,20,5,78,397,2,1,1,6,DEPARTEMENTALE 13 (ROUTE,0.0,0.0
201500034265,6,3,15,21,5,78,297,2,1,1,3,LE CORBUSIER (RUE),0.0,0.0
201500034266,27,11,15,8,1,78,297,2,1,1,6,"..., FERRE (RUE LEO)",0.0,0.0
201500034267,2,4,15,14,1,78,168,2,1,3,4,Route nationale 10,0.0,0.0
201500034268,10,3,15,20,5,78,621,2,2,1,2,"indet, MONMOUSSEAU (RUE",0.0,0.0
201500034269,8,3,15,16,1,78,297,1,1,1,6,CD 91,0.0,0.0
201500034270,23,3,15,9,1,78,621,2,1,1,3,DELACROIX (RUE EUGENE),0.0,0.0
201500034271,16,4,15,13,1,78,621,2,3,1,3,POLITZER (AVENUE GEORGES,0.0,0.0
201500034272,29,6,15,19,2,78,621,2,1,1,7,"INDET, LAGRANGE (RUE LEO",0.0,0.0
201500034273,26,4,15,4,5,78,168,2,1,1,2,Route nationale 10,0.0,0.0
201500034274,12,4,15,20,2,78,397,2,1,1,3,HABERT DE MONTMORT (AVEN,0.0,0.0
201500034275,7,4,15,8,1,78,168,2,1,1,6,GARE (AVENUE DE LA),0.0,0.0
201500034276,2,7,15,8,1,78,168,2,9,1,3,Route nationale 10,0.0,0.0
201500034277,19,6,15,8,1,78,208,2,1,1,3,MESNIL (ROUTE DU) 274,0.0,0.0
201500034278,1,6,15,16,1,78,621,2,2,1,3,HENNEQUIN (AVENUE ROGER),0.0,0.0
201500034279,16,8,15,20,2,78,621,2,1,1,3,ZAY (RUE JEAN),0.0,0.0
201500034280,7,8,15,9,1,78,621,2,6,1,3,CASTIGLIONE DEL LAGO (RU,0.0,0.0
201500034281,9,8,15,20,1,78,621,1,9,1,2,DREUX (ROUTE DE),0.0,0.0
201500034282,27,8,15,20,2,78,383,2,1,3,6,"IGNORE, LANGRES (AVENUE",0.0,0.0
201500034283,16,6,15,18,1,78,297,2,1,1,6,ARMSTRONG (RUE NEIL),0.0,0.0
201500034284,21,7,15,15,1,78,423,2,6,1,6,PROUST (RUE MARCEL),0.0,0.0
201500034285,30,9,15,15,1,78,423,2,2,1,3,"11, KESSEL (AVENUE JOSEP",0.0,0.0
201500034286,11,9,15,14,1,78,208,2,1,1,7,"IDET, HUIT MAI 1945 (AVE",0.0,0.0
201500034287,20,9,15,9,1,78,621,2,1,1,6,"INDT, PASTEUR MARTIN LUT",0.0,0.0
201500034288,7,11,15,23,5,78,621,2,1,1,6,"59, POLITZER (AVENUE GEO",0.0,0.0
201500034289,10,11,15,16,1,78,297,2,1,1,5,BLERIOT (RUE LOUIS),0.0,0.0
201500034290,8,9,15,12,1,78,297,2,1,1,6,CROIZAT (RUE AMBROISE),0.0,0.0
201500034291,14,3,15,0,5,78,621,2,1,1,2,NATIONALE 10 (ROUTE),0.0,0.0
201500034292,8,4,15,15,1,78,383,1,1,1,7,NATIONALE 10 (ROUTE),0.0,0.0
201500034293,20,6,15,19,1,78,208,2,1,1,3,DAMPIERRE (ROUTE DE),0.0,0.0
201500034294,23,1,15,18,5,78,297,2,1,1,6,BEREGOVOY (PLACE PIERRE),0.0,0.0
201500034295,17,2,15,17,1,78,297,2,1,1,7,AVENUE DES GARENN,0.0,0.0
201500034296,2,1,15,15,1,78,311,2,2,1,6,"45, BAPAUME (RUE DE)",0.0,0.0
201500034297,30,1,15,17,5,78,311,2,1,1,6,"110, HENRI BARBUSSE (BOU",0.0,0.0
201500034298,13,3,15,12,1,78,124,2,3,1,3,"318, SAINT GERMAIN (ROUT",0.0,0.0
201500034299,4,5,15,17,1,78,311,2,2,2,6,JEAN JAURES (BOULEVARD),0.0,0.0
201500034300,12,1,15,8,2,78,362,2,1,1,6,"01, RUE JEAN JAOUEN",0.0,0.0
201500034301,3,3,15,13,1,78,362,2,2,1,3,"00, RUE DES DEUX GARES",48.59448,1.42444
201500034302,12,1,15,15,1,78,362,2,1,1,6,AVENUE DU BREUIL,0.0,0.0
201500034303,4,3,15,19,5,78,335,2,1,1,6,"06, RUE LAFARGE",0.0,0.0
201500034304,21,2,15,14,1,78,361,2,6,8,2,PLACE DU MAL DE LATT,0.0,0.0
201500034305,5,3,15,15,1,78,354,2,1,1,6,"51, RUE DES GRAVIERS",48.97305,1.69267
201500034306,25,2,15,10,1,78,267,2,6,8,6,"00, RUE GABRIEL PERI",0.0,0.0
201500034307,6,3,15,8,1,78,267,2,2,1,3,"00, RUE DES PRES L ABBE",0.0,0.0
201500034308,21,3,15,11,1,78,267,2,1,1,6,"11, AVENUE DU COLONEL FA",0.0,0.0
201500034309,29,3,15,16,1,78,354,2,2,2,3,AVENUE DE L EUROPE,48.97522,1.69219
201500034310,5,4,15,14,1,78,335,2,1,1,7,R.D 146,48.97925,1.75264
201500034311,6,4,15,16,1,78,361,2,1,1,6,BOULEVARD SULLY 3,49.00744,1.69722
201500034312,15,4,15,19,1,78,361,2,2,1,3,"00, AVENUE DU GENERAL DE",48.99625,1.68358
201500034313,21,4,15,17,1,78,335,2,1,1,6,"12, RUE DES HAUTS CELEST",49.00438,1.73678
201500034314,28,4,15,6,1,78,217,2,1,1,5,R.D 130,48.97061,1.80956
201500034315,24,5,15,17,1,78,217,2,2,1,3,CD 113,48.9611,1.80792
201500034316,5,6,15,17,1,78,361,2,3,1,6,"00, AVENUE ALBERT CAMUS",49.0009,1.69133
201500034317,1,7,15,13,1,78,361,2,1,1,6,BD SULLY / rue Ch. Gouno,48.9984,1.67689
201500034318,28,7,15,15,1,78,362,2,1,1,6,"47, RUE DES MEUNIERS",48.986,1.69597
201500034319,10,7,15,20,1,78,335,2,1,1,6,"41, RUE ABEL PLISSON",48.9903,1.74031
201500034320,9,8,15,20,1,78,327,1,1,1,7,"00, RUE DE LA CHARTRE",49.00438,1.84183
201500034321,10,8,15,17,1,78,361,1,1,1,1,113   RD,48.99811,1.66127
201500034322,26,8,15,8,1,78,354,2,3,1,6,"00, AVENUE PIERRE BEREGO",48.9625,1.67911
201500034323,22,10,15,11,1,78,267,2,1,1,6,"57, AVENUE LUCIE DESNOS",48.98791,1.81025
201500034324,27,10,15,8,1,78,267,2,3,1,1,"56 BIS, AVENUE DU COLONE",0.0,0.0
201500034325,27,11,15,16,2,78,267,2,2,1,3,AVENUE DE PARIS,48.9881,1.81022
201500034326,7,1,15,17,2,78,350,2,9,2,2,"64, VERSAILLES (ROUTE DE",0.0,0.0
201500034327,22,1,15,18,5,78,502,2,1,1,6,"11, PARIS (RUE DE)",0.0,0.0
201500034328,9,3,15,8,1,78,238,1,1,1,2,CD 14,0.0,0.0
201500034329,26,3,15,14,1,78,401,2,7,2,6,BRIGITTE GROS (PLACE),0.0,0.0
201500034330,27,3,15,16,1,78,440,2,1,1,6,EUROPE (AVENUE DE L'),0.0,0.0
201500034331,8,4,15,16,1,78,609,1,1,1,7,CD 28,0.0,0.0
201500034332,8,4,15,19,1,78,440,2,1,1,7,PAUL RAOULT (AVENUE),0.0,0.0
201500034333,18,4,15,19,1,78,401,2,1,1,2,RHIN ET DANUBE (PONT),0.0,0.0
201500034334,20,4,15,15,1,78,401,2,1,1,6,RHIN ET DANUBE (PONT),0.0,0.0
201500034335,27,4,15,10,1,78,238,1,1,1,1,CD 14,0.0,0.0
201500034336,9,5,15,16,1,78,440,2,1,1,5,RHIN ET DANUBE (PONT),0.0,0.0
201500034337,22,5,15,8,1,78,401,2,1,1,1,"8, THIERS (BOULEVARD)",0.0,0.0
201500034338,26,5,15,13,1,78,440,2,1,1,6,JEAN MONNET (RUE),0.0,0.0
201500034339,27,5,15,17,1,78,440,2,2,1,6,JEAN-JACQUES ROUSSEAU (R,0.0,0.0
201500034340,1,6,15,13,1,78,440,2,1,1,4,MARECHAL FOCH (AVENUE DU,0.0,0.0
201500034341,16,5,15,23,5,78,401,2,3,1,3,EVECQUEMONT (CHEMIN D'),0.0,0.0
201500034342,4,6,15,17,1,78,440,2,3,1,3,VERNEUIL (ROUTE DE),0.0,0.0
201500034343,6,6,15,17,1,78,299,2,6,1,1,CHATEAU (RUEDU),0.0,0.0
201500034344,22,6,15,12,1,78,440,2,1,1,6,"20, JEAN DE LA FONTAINE",0.0,0.0
201500034345,27,6,15,10,1,78,440,2,1,1,5,PAUL RAOULT (AVENUE),0.0,0.0
201500034346,30,6,15,18,1,78,440,2,2,1,3,AMPERE (RUE),0.0,0.0
201500034347,5,7,15,19,1,78,440,2,1,1,3,"30, ARISTIDE BRIAND (RUE",0.0,0.0
201500034348,28,7,15,18,1,78,401,2,1,2,6,AULNES (AVENUE DES),0.0,0.0
201500034349,26,8,15,10,1,78,401,2,1,1,6,THIERS (BOULEVARD),0.0,0.0
201500034350,6,9,15,6,2,78,638,2,1,1,3,GENERAL DE GAULLE (RUE D,0.0,0.0
201500034351,10,9,15,20,2,78,440,2,3,1,3,MARECHAL FOCH (AVENUE DU,0.0,0.0
201500034352,12,9,15,15,1,78,261,1,1,3,3,MEULAN A CAUDEBEC (ROUTE,0.0,0.0
201500034353,7,10,15,20,5,78,440,2,1,2,4,RHIN ET DANUBE (PONT),0.0,0.0
201500034354,12,10,15,7,2,78,440,2,1,1,5,RHIN ET DANUBE (PONT),0.0,0.0
201500034355,13,10,15,13,1,78,29,2,1,1,7,"30, PLATEAU (RUE DU)",0.0,0.0
201500034356,3,10,15,0,3,78,638,1,1,1,6,D 922,0.0,0.0
201500034357,26,10,15,15,1,78,299,2,3,1,6,"21, MEZY (CHEMIN DE)",0.0,0.0
201500034358,30,10,15,18,1,78,440,1,1,1,6,"92, PAUL RAOULT (AVENUE)",0.0,0.0
201500034359,31,10,15,11,1,78,440,2,6,1,6,PAUL RAOULT (AVENUE),0.0,0.0
201500034360,7,11,15,17,2,78,227,1,9,1,7,CD 922,0.0,0.0
201500034361,13,11,15,16,1,78,29,2,1,1,6,"1, PEUPLIERS (ALLEE DES",0.0,0.0
201500034362,4,12,15,11,1,78,401,1,1,1,3,CD 28,0.0,0.0
201500034363,17,12,15,7,2,78,609,2,6,1,3,CD 28,0.0,0.0
201500034364,22,12,15,17,5,78,440,2,2,1,7,"24, PAUL RAOULT (AVENUE)",0.0,0.0
201500034365,30,12,15,15,1,78,440,2,5,1,6,RPUBLIQUE (RUE DE LA),0.0,0.0
201500034366,5,1,15,17,5,78,440,2,1,5,6,PAUL RAOULT (AVENUE),0.0,0.0
201500034367,14,1,15,11,1,78,609,1,1,4,2,CD 28,0.0,0.0
201500034368,28,1,15,18,5,78,401,2,1,2,7,"19, ANNONCIADES (RUE DES",0.0,0.0
201500034369,29,8,15,15,1,78,238,1,3,1,3,C.C. CARREFOUR FLINS,0.0,0.0
201500034370,14,1,15,13,1,78,401,2,2,1,6,,0.0,0.0
201500034371,21,1,15,8,1,78,638,2,9,1,3,PARIS (AVENUE DE),0.0,0.0
201500034372,21,2,15,5,5,78,440,2,1,1,7,"face 3, PAUL RAOULT (AVE",0.0,0.0
201500034373,27,2,15,11,1,78,440,2,6,1,3,BECHEVILLE (RUE DE),0.0,0.0
201500034374,22,2,15,10,1,78,401,2,1,1,2,ALBERT JOZON (RUE),0.0,0.0
201500034375,31,10,15,18,2,78,490,2,2,1,6,SAINT GERMAIN (AVENUE DE,0.0,0.0
201500034376,4,6,15,21,1,78,490,2,2,1,3,SAINT GERMAIN (AVENUE D,0.0,0.0
201500034377,29,12,15,11,1,78,545,2,1,1,6,"2, MANSART (RUE)",0.0,0.0
201500034378,4,7,15,0,5,78,545,2,1,1,6,"68, PERI (RUE GABRIEL)",0.0,0.0
201500034379,24,4,15,17,1,78,490,2,1,1,2,RD 109,48.8348,1.9594
201500034380,21,7,15,19,1,78,545,2,3,1,3,"86, CURIE (AVENUE PIERRE",48.7972,2.05769
201500034381,22,11,15,15,1,78,490,2,1,1,6,DEUX PLATEAUX (ROUTE DES,0.0,0.0
201500034382,19,6,15,17,1,78,545,2,1,1,2,BARBUSSE (BOULEVARD HENR,0.0,0.0
201500034383,28,4,15,16,1,78,545,2,1,1,6,"32, BARBUSSE (BOULEVARD",0.0,0.0
201500034384,5,12,15,17,2,78,490,1,1,1,1,DEUX PLATEAUX (ROUTE DES,0.0,0.0
201500034385,26,6,15,19,1,78,545,2,3,1,3,"115, CURIE (AVENUE PIERR",0.0,0.0
201500034386,8,12,15,12,1,78,674,1,1,1,6,CD 161,0.0,0.0
201500034387,29,5,15,16,1,78,674,2,1,1,6,"7, TOURAINE (AVENUE DE)",0.0,0.0
201500034388,25,8,15,12,1,78,73,2,1,1,6,"2 TER, ROBESPIERRE (RUE)",0.0,0.0
201500034389,27,8,15,16,1,78,490,2,1,1,2,SAINT GERMAIN (AVENUE DE,0.0,0.0
201500034390,17,9,15,18,1,78,545,2,1,1,6,"10, CURIE (AVENUE PIERRE",0.0,0.0
201500034391,28,9,15,15,1,78,73,2,2,1,3,BARBUSSE  (RUE HENRI),0.0,0.0
201500034392,12,9,15,15,1,78,490,1,1,1,6,"0, VICOMTES (RUE DES)",0.0,0.0
201500034393,17,9,15,7,5,78,242,2,1,1,6,REPUBLIQUE (AVENUE DE LA,48.80991,2.0424
201500034394,30,11,15,19,5,78,73,2,1,1,6,", JAURES (AVENUE JEAN)",0.0,0.0
201500034395,10,8,15,12,1,78,640,2,9,1,3,SADI LECOINTE (RUE),0.0,0.0
201500034396,4,12,15,16,1,78,490,2,1,1,3,HUIT MAI 45,0.0,0.0
201500034397,30,1,15,15,1,78,490,2,3,1,3,GEESTHACHT (AVENUE DE),0.0,0.0
201500034398,13,2,15,20,3,78,674,1,1,2,2,"1, CD 11",0.0,0.0
201500034399,3,1,15,23,5,78,498,2,2,1,6,"20, PONTOISE AV DE",0.0,0.0
201500034400,6,1,15,8,1,78,643,1,1,1,6,RD1,0.0,0.0
201500034401,9,1,15,10,1,78,643,2,2,6,1,TRIEL AVENUE DE,0.0,0.0
201500034402,9,1,15,17,5,78,498,2,1,1,6,"1, URSULINES AV DES",0.0,0.0
201500034403,11,1,15,18,5,78,498,2,2,1,3,ROBESPIERRE BD,0.0,0.0
201500034404,27,1,15,16,1,78,498,2,2,1,6,PONTOISE /Robespierre,0.0,0.0
201500034405,30,1,15,5,5,78,498,2,1,6,6,GAMBETTA BD,0.0,0.0
201500034406,4,2,15,18,5,78,642,2,2,1,3,MEULAN ROUTE DE CD154,0.0,0.0
201500034407,20,2,15,22,1,78,498,2,2,1,3,DEVAUX BD,0.0,0.0
201500034408,22,2,15,0,5,78,123,2,2,1,3,,0.0,0.0