Num_Acc,jour,mois,an,hr,condition_eclairage,departement,commune,condition_agglomeration,intersection,condition_atmosphere,type_collision,adresse,lattitude,longitude
201500034409,23,2,15,13,1,78,643,2,1,1,1,"1, AMANDIER RUE DE L'",0.0,0.0
201500034410,12,2,15,18,5,78,498,2,1,1,6,"80, CASTILLE AV BLANCHE",0.0,0.0
201500034411,13,2,15,19,5,78,498,2,2,2,6,"1, HUGO BD VICTOR",0.0,0.0
201500034412,4,4,15,21,3,78,269,1,1,1,1,D 906,0.0,0.0
201500034413,7,4,15,21,3,78,486,1,1,1,3,RN 10,0.0,0.0
201500034414,5,5,15,19,1,78,517,2,2,1,3,CLOS BATANT (RUE DU),48.64686,1.85558
201500034415,8,6,15,17,1,78,517,2,3,1,3,"0, LOUVIERE (RUE DE LA)",48.64362,1.83841
201500034416,25,6,15,13,1,78,486,2,1,1,6,"6, CHARTRES (RUE DE",0.0,0.0
201500034417,29,6,15,7,1,78,517,2,3,1,3,ETANG DE LA TOUR (RUE DE,48.64532,1.85558
201500034418,19,9,15,16,1,78,517,1,1,1,6,RN 10,48.64044,1.83976
201500034419,27,10,15,14,1,78,517,1,1,1,4,RN 10,0.0,0.0
201500034420,30,10,15,17,1,78,517,1,1,1,6,ETANG DE LA TOUR (RUE DE,0.0,0.0
201500034421,4,12,15,8,1,78,220,1,1,1,6,RN 10,0.0,0.0
201500034422,9,1,15,14,1,78,517,2,1,2,2,POTEAU DES 3 SEIGNEURS (,0.0,0.0
201500034423,18,1,15,3,3,78,517,1,1,1,7,D 936,0.0,0.0
201500034424,25,2,15,0,3,78,486,1,1,9,3,RN 10,0.0,0.0
201500034425,23,2,15,13,1,78,545,2,4,1,3,"121, PERI (RUE GABRIEL)",0.0,0.0
201500034426,26,2,15,10,1,78,545,2,1,2,2,MANSART (RUE),0.0,0.0
201500034427,13,2,15,8,1,78,481,2,3,1,3,"01, BELLAVOINE",0.0,0.0
201500034428,26,7,15,12,1,78,372,2,1,1,6,"11, SAINT GERMAIN (AVENU",0.0,0.0
201500034429,17,11,15,18,2,78,551,1,1,2,1,RN 184,48.91955,2.07893
201500034430,20,4,15,22,5,78,146,2,1,1,3,"134, MAISONS (ROUTE DE)",0.0,0.0
201500034431,3,11,15,17,1,78,146,2,1,1,3,"29, GAMBETTA (AVENUE)",0.0,0.0
201500034432,24,3,15,21,3,78,551,2,1,2,3,CENTRALE (ROUTE),0.0,0.0
201500034433,6,11,15,19,3,78,551,1,1,8,3,RN 184,0.0,0.0
201500034434,15,4,15,21,2,78,551,2,4,1,3,PONTOISE (DE),0.0,0.0
201500034435,13,3,15,21,4,78,650,2,1,1,6,MONTESSON (ROUTE DE),0.0,0.0
201500034436,21,4,15,11,1,78,650,2,2,1,1,MONTESSON (ROUTE DE),0.0,0.0
201500034437,27,5,15,17,1,78,551,1,1,1,4,RN 184,0.0,0.0
201500034438,23,5,15,15,1,78,551,2,1,1,6,"23, PONTOISE (DE)",0.0,0.0
201500034439,14,4,15,15,1,78,350,2,1,1,3,VIGEE LEBRUN (RUE),48.8614,2.12326
201500034440,16,6,15,12,1,78,251,1,1,1,6,"1, CD 98 (CH.DEPARTEMENT",0.0,0.0
201500034441,20,6,15,23,5,78,551,1,1,1,7,RN 190,0.0,0.0
201500034442,11,4,15,18,1,78,551,1,1,2,5,RN 184,0.0,0.0
201500034443,11,7,15,0,3,78,551,1,1,1,7,"00, V.O.10   (VOIE OUVER",0.0,0.0
201500034444,24,7,15,17,1,78,372,2,1,2,6,"1, AMIRAL LEMONNIER (AVE",48.8775,2.09766
201500034445,29,3,15,21,5,78,372,2,1,2,1,"00, JOHN FITZGERALD KENN",48.88715,2.09935
201500034446,22,6,15,19,1,78,551,1,1,1,1,RD 308,0.0,0.0
201500034447,12,8,15,6,2,78,372,2,3,1,3,VERSAILLES (RTE DE),48.87541,2.10297
201500034448,9,9,15,12,1,78,502,2,2,1,3,JEAN JAURES (RUE),0.0,0.0
201500034449,4,9,15,16,1,78,481,2,1,1,6,"76, SARTROUVILLE (ROUTE",0.0,0.0
201500034450,14,6,15,11,1,78,551,1,1,1,3,CROIX DE NOAILLES,0.0,0.0
201500034451,14,9,15,7,2,78,502,2,1,2,3,SIMON VOUET (AVENUE),0.0,0.0
201500034452,18,7,15,5,5,78,350,2,3,1,3,CONTI (QUAI),0.0,0.0
201500034453,26,9,15,11,1,78,551,1,1,1,5,RD 308,0.0,0.0
201500034454,24,8,15,13,1,78,133,2,2,2,3,VIEUX CHEMIN DE MANTES,0.0,0.0
201500034455,28,10,15,12,1,78,372,2,1,8,6,VERSAILLES (ROUTE DE),0.0,0.0
201500034456,10,8,15,14,1,78,481,2,9,1,3,"01, PRESIDENT J.F KENNED",0.0,0.0
201500034457,28,10,15,17,1,78,502,2,1,1,6,"9 BIS, SAINT GERMAIN (AV",48.88127,2.10633
201500034458,21,10,15,9,1,78,350,1,1,1,3,VERSAILLES (ROUTE DE),0.0,0.0
201500034459,22,9,15,15,1,78,481,2,9,1,6,"46, GENERAL LECLERC (AVE",0.0,0.0
201500034460,26,11,15,23,3,78,224,1,1,1,1,CD 98,0.0,0.0
201500034461,28,9,15,16,1,78,551,2,1,7,3,PRIOLET (ALBERT),0.0,0.0
201500034462,9,12,15,23,5,78,551,2,2,1,3,BONNENFANT  (ANDRE),0.0,0.0
201500034463,10,11,15,19,3,78,372,1,3,1,3,"1, SAINT CYR (ROUTE DE)",0.0,0.0
201500034464,19,10,15,15,1,78,551,1,2,1,3,RD 190,0.0,0.0
201500034465,27,10,15,8,1,78,551,2,7,1,3,VAUBAN (PLACE),0.0,0.0
201500034466,6,9,15,15,1,78,481,1,1,1,7,CHARLES DE GAULLE (AVENU,0.0,0.0
201500034467,13,1,15,7,5,78,367,2,1,1,6,PROFESSEUR ROUX (RUE DU),0.0,0.0
201500034468,6,2,15,19,5,78,586,2,1,1,5,"18, CORMEILLES",0.0,0.0
201500034469,18,9,15,13,1,78,586,2,3,1,3,"12, BRIAND (ARISTIDE)",0.0,0.0
201500034470,7,12,15,7,5,78,586,2,2,1,5,"25, BARIAN",0.0,0.0
201500034471,7,3,15,23,5,78,358,1,3,1,3,MONTESQUIEU (AVENUE),0.0,0.0
201500034472,2,3,15,13,1,78,586,2,3,2,6,"1, MOULINS",0.0,0.0
201500034473,28,12,15,19,5,78,586,2,1,1,3,"12, TOBROUK",48.93111,2.16425
201500034474,27,3,15,10,1,78,358,2,1,1,6,"11, GENERAL DE GAULLE (A",0.0,0.0
201500034475,21,12,15,11,1,78,586,2,6,1,6,"1, PAIX Nø IMPAIR",48.93183,2.16542
201500034476,19,3,15,16,1,78,586,2,3,1,6,"21, BEZONS",0.0,0.0
201500034477,25,11,15,17,5,78,586,2,8,2,6,MERMOZ (JEAN),48.94546,2.17344
201500034478,24,4,15,23,3,78,586,2,1,2,6,"182, ROBERT SCHUMAN (AVE",48.94832,2.10193
201500034479,23,12,15,21,5,78,586,2,3,1,3,"16, TOBROUK",0.0,0.0
201500034480,7,3,15,21,5,78,586,2,3,1,3,", JAURES (AVENUE JEAN) N",0.0,0.0
201500034481,2,3,15,17,1,78,358,2,3,1,3,MONTEBELLO/LAFAYETTE,0.0,0.0
201500034482,2,12,15,12,1,78,586,2,1,1,3,"06, JAURES (AVENUE JEAN)",0.0,0.0
201500034483,22,3,15,19,5,78,586,2,3,1,6,"80, BERTEAUX (MAURICE) N",0.0,0.0
201500034484,18,5,15,16,1,78,124,2,2,1,3,BEZONS (ROUTE DE),48.91234,2.19885
201500034485,26,12,15,15,1,78,586,2,2,1,1,JOUHAUX (LEON),48.94834,2.19418
201500034486,1,6,15,18,1,78,124,2,3,1,3,"324, SAINT GERMAIN (ROUT",48.91173,2.16703
201500034487,4,4,15,22,1,78,586,2,1,1,3,"207, BERTEAUX (MAURICE)",0.0,0.0
201500034488,5,6,15,9,1,78,124,2,1,1,3,JEAN JACQUES ROUSSEAU (A,48.91608,2.17806
201500034489,11,12,15,7,5,78,586,2,1,1,6,"96, VOLTAIRE",0.0,0.0
201500034490,20,6,15,10,1,78,586,2,6,7,3,"0, SAINT-EXUPERY N°1 A 5",0.0,0.0
201500034491,9,12,15,17,2,78,586,2,1,1,3,"1, PAS DE LA MULE",48.93415,2.17501
201500034492,26,4,15,12,1,78,586,2,4,1,6,DE GAULLE (GENERAL) N°41,0.0,0.0
201500034493,4,7,15,12,1,78,586,2,1,1,6,TIMBAUD (JEAN-PIERRE),0.0,0.0
201500034494,4,5,15,13,1,78,586,2,9,1,6,"4, MAUPASSANT (GUY DE) N",0.0,0.0
201500034495,9,6,15,9,1,78,586,2,2,1,3,REPUBLIQUE (AVENUE) N° P,48.93378,2.15114
201500034496,12,8,15,2,5,78,396,2,6,1,6,MAURICE BERTEAUX (RUE),0.0,0.0
201500034497,6,7,15,16,1,78,358,2,1,7,3,"39, PARIS (RUE DE)",0.0,0.0
201500034498,25,8,15,17,1,78,311,2,1,2,6,"14, GENERAL DE GAULLE (A",48.9214,2.18587
201500034499,8,8,15,12,1,78,586,2,3,1,1,"28, DE GAULLE (GENERAL)",0.0,0.0
201500034500,12,9,15,12,1,78,311,2,2,3,6,CROIX LION (RUE DE LA),48.93651,2.18341
201500034501,4,9,15,9,1,78,311,2,4,1,3,"118, HENRI BARBUSSE (BOU",48.93399,2.17873
201500034502,17,9,15,16,1,78,311,2,2,1,3,PRESIDENT KENNEDY (RUE D,48.92321,2.17924
201500034503,13,10,15,9,1,78,311,2,1,1,6,HENRI BARBUSSE (BOULEVAR,0.0,0.0
201500034504,9,10,15,14,1,78,311,2,1,1,6,"1, HENRI BARBUSSE (BOULE",48.92579,2.19433
201500034505,24,10,15,15,1,78,586,2,1,1,5,"09, TOBROUK",0.0,0.0
201500034506,9,7,15,18,1,78,586,2,1,1,3,"102, BEZONS N°88 A 164",48.94161,2.18429
201500034507,7,5,15,8,1,78,586,2,3,1,6,"62, CONSTITUANTE",0.0,0.0
201500034508,3,11,15,17,5,78,124,2,1,1,6,"54BIS, CHATOU (ROUTE DE)",0.0,0.0
201500034509,23,6,15,18,1,78,586,2,1,1,6,"6, MARCHE",0.0,0.0
201500034510,7,11,15,12,1,78,124,2,5,1,1,JEAN JACQUES ROUSSEAU (A,48.91597,2.17783
201500034511,23,1,15,2,5,78,586,2,6,1,7,BERTEAUX (MAURICE),0.0,0.0
201500034512,6,4,15,14,1,78,586,2,1,1,3,"134, BERTEAUX (MAURICE)",0.0,0.0
201500034513,31,7,15,18,1,78,311,2,3,1,6,"50, EGALITE (RUE DE L')",48.93056,2.19618
201500034514,19,1,15,12,1,78,640,2,1,1,6,ROBERT WAGNER (AVENUE),0.0,0.0
201500034515,11,2,15,16,1,78,686,2,3,1,3,"41, GENERAL LECLERC (AVE",0.0,0.0
201500034516,27,2,15,15,1,78,640,1,1,1,5,GISY (CHEMIN DE),0.0,0.0
201500034517,5,3,15,20,5,78,92,2,3,1,3,BOISSY D'ANGLAS (QUAI),0.0,0.0
201500034518,6,3,15,20,5,78,126,2,1,1,6,MOULIN JEAN (AVENUE),0.0,0.0
201500034519,14,12,15,15,1,78,158,2,2,1,2,ROUTE NAPOLEON III (RD18,49.08568,1.12746
201500034520,15,3,15,5,3,78,322,1,1,8,1,CHARLES DE GAULLE (RUE),48.776,2.15203
201500034521,19,3,15,17,1,78,322,2,3,1,3,JEAN JAURES (AVENUE),48.7649,2.16811
201500034522,13,12,15,17,5,78,646,2,1,1,3,"6, INDEPENDANCE AMERICAI",48.80225,2.12069
201500034523,16,12,15,13,1,78,646,2,1,1,6,"31, MARECHAL FOCH (RUE D",48.8075,2.13277
201500034524,21,3,15,17,1,78,686,2,2,1,3,"202, GENERAL LECLERC (AV",48.8014,2.16319
201500034525,23,12,15,15,1,78,646,2,1,1,6,"17, POURVOIERIE (RUE DE",48.80711,2.13277
201500034526,13,4,15,12,1,78,646,2,9,1,2,"42, CHANTIERS (RUE DES)",48.79443,2.14024
201500034527,30,12,15,19,4,78,158,2,1,1,6,"5, SAINT GERMAIN (ROUTE",0.0,0.0
201500034528,30,3,15,7,5,78,524,2,1,1,6,"93, L'HORLOGE (RUE DE)",48.83687,2.1121
201500034529,4,5,15,17,1,78,646,2,2,1,3,"16, CHANTIERS (RUE DES)",48.79629,2.13697
201500034530,6,3,15,18,5,78,686,2,3,1,6,"39, GENERAL LECLERC (AVE",48.804,2.17694
201500034531,19,5,15,12,1,78,646,2,2,1,3,", SAINTE VICTOIRE (RUE)",0.0,0.0
201500034532,8,4,15,15,1,78,646,2,1,1,4,"93, CHANTIERS (RUE DES)",48.85661,2.35222
201500034533,27,5,15,18,1,78,646,2,1,1,6,"15, PAROISSE (RUE DE LA)",48.80827,2.12721
201500034534,2,6,15,18,1,78,646,2,1,1,3,SAINT CYR (ROUTE DE),0.0,0.0
201500034535,12,1,15,18,5,78,646,2,1,9,6,LESSEPS (BOULEVARD DE),48.80677,2.14669
201500034536,15,1,15,17,5,78,646,2,2,2,6,"57, MARECHAL FOCH (RUE D",48.81097,2.1345
201500034537,18,5,15,11,1,78,524,1,1,1,4,"64, RN 186",0.0,0.0
201500034538,28,5,15,17,1,78,646,2,1,1,6,EUROPE (AVENUE DE L'),48.80333,2.13036
201500034539,7,6,15,9,1,78,640,2,1,1,2,LOUIS BREGUET (AVENUE),48.7817,2.18139
201500034540,8,5,15,19,1,78,92,2,1,1,2,"82, BOISSY D'ANGLAS (QUA",0.0,0.0
201500034541,30,5,15,17,1,78,686,2,1,1,3,"10, GENERAL LECLERC (AVE",48.80493,2.18091
201500034542,16,6,15,8,1,78,646,2,2,1,3,"104, PARIS (AVENUE DE)",48.79719,2.01504
201500034543,19,6,15,20,1,78,646,2,3,1,3,INDEPENDANCE AMERICAINE,48.80269,2.12148
201500034544,23,6,15,7,1,78,646,2,1,7,6,"47, BONNE AVENTURE (RUE",48.80693,2.15104
201500034545,22,4,15,11,1,78,646,2,2,1,6,MARECHAL FOCH (RUE DU),0.0,0.0
201500034546,10,4,15,15,1,78,126,2,2,1,3,AUGIER EMILE (AVENUE ),48.8444,2.14617
201500034547,30,6,15,18,1,78,646,2,1,1,3,"9, ORANGERIE (RUE DE L')",48.87129,2.31732
201500034548,7,7,15,6,1,78,158,2,1,1,5,"100, VERSAILLES (RUE DE)",48.8238,2.12816
201500034549,10,7,15,10,1,78,646,2,2,1,6,CHANTIERS (RUE DES),48.79683,2.14241
201500034550,19,7,15,19,1,78,158,2,1,1,2,CHARLES DE GAULLE (AVENU,48.828,2.1214
201500034551,12,6,15,18,1,78,126,2,3,1,3,DUCHESNE LUCIEN RENE (AV,0.0,0.0
201500034552,7,7,15,7,1,78,640,2,1,1,3,"4, LORRAINE (RUE DE)",48.78403,2.17365
201500034553,20,7,15,19,1,78,640,2,3,1,3,"29, VILLACOUBLAY (AVENUE",48.78252,2.19523
201500034554,3,8,15,18,1,78,524,2,4,1,3,L'HORLOGE (RUE DE),48.793,2.11076
201500034555,16,8,15,14,1,78,646,2,1,1,3,"64, CHANTIERS (RUE DES)",48.793,2.14371
201500034556,21,7,15,10,1,78,640,2,2,1,4,"06, ARISTIDE BRIAND (RUE",48.78573,2.18866
201500034557,2,9,15,18,1,78,646,2,1,1,3,"64, CHANTIERS (RUE DES)",48.85661,2.35222
201500034558,11,9,15,14,1,78,646,2,1,1,2,"64, CHANTIERS (RUE DES)",0.0,0.0
201500034559,18,9,15,18,2,78,646,2,1,2,6,RD 91,48.85661,2.35222
201500034560,18,9,15,18,1,78,158,2,6,2,6,LOUIS PELIN (RUE),48.83509,2.11995
201500034561,30,9,15,16,1,78,646,2,2,1,3,"16, CHANTIERS (RUE DES)",48.79629,2.13697
201500034562,30,9,15,19,1,78,640,2,1,1,6,"33 bis, EUROPE (AVENUE D",48.78268,2.21945
201500034563,2,10,15,21,5,78,646,2,1,1,3,"110, PAROISSE (RUE DE LA",48.80562,2.13513
201500034564,8,10,15,21,5,78,640,2,1,1,1,MARCEL SEMBAT (RUE),0.0,0.0
201500034565,15,10,15,15,1,78,640,2,1,1,7,MORANE-SAULNIER (AVENUE),48.77962,2.20429
201500034566,19,9,15,13,1,78,640,2,1,1,5,EUROPE (AVENUE DE L'),48.77918,2.20323
201500034567,25,10,15,18,5,78,646,2,2,1,3,"120, PARIS (AVENUE DE)",48.79772,2.15302
201500034568,2,10,15,18,1,78,117,2,1,1,3,MINIERE (RUE DE LA),48.85661,2.35222
201500034569,3,11,15,17,5,78,646,2,1,1,3,"11, RESERVOIRS (RUE DES)",48.85661,2.35222
201500034570,9,10,15,7,1,78,640,2,1,8,7,"8, MARCEL DASSAULT (RUE)",48.78548,2.21199
201500034571,27,10,15,12,1,78,646,2,1,1,3,"55, ETATS UNIS (AVENUE D",48.8014,2.13012
201500034572,11,11,15,11,1,78,646,2,1,1,6,"5/7, PORTE DE BUC (RUE D",48.85661,2.35222
201500034573,23,10,15,16,1,78,92,2,1,1,3,DRIONNE (AVENUE DE LA),48.51455,2.82135
201500034574,20,11,15,8,1,78,646,2,1,2,5,"41, VILLENEUVE L'ETANG (",48.85661,2.35222
201500034575,27,11,15,22,5,78,646,2,1,2,6,SAINT MARTIN (RAMPE),48.79487,2.13007
201500034576,28,11,15,15,1,78,158,2,1,1,3,CHARLES DE GAULLE (AVENU,48.82777,2.12039
201500034577,30,11,15,7,2,78,158,2,1,1,6,CHARLES DE GAULLE (AVENU,48.82777,2.12039
201500034578,28,11,15,2,5,78,646,2,2,2,3,PAROISSE (RUE DE LA),48.8014,2.13012
201500034579,11,9,15,14,1,78,640,2,3,1,1,LOUIS BREGUET (AV),0.0,0.0
201500034580,7,1,15,12,1,78,646,2,1,1,3,"5, ECOLE DES POSTES (RUE",0.0,0.0
201500034581,8,1,15,17,5,78,117,2,6,2,7,GUYNEMER (AVENUE),0.0,0.0
201500034582,12,1,15,21,5,78,646,2,1,1,1,"10, MARECHAL JUIN (AVENU",0.0,0.0
201500034583,27,1,15,7,5,78,646,2,2,1,6,GENERAL DE GAULLE (AVENU,0.0,0.0
201500034584,31,1,15,17,5,78,158,1,1,1,6,"1, DUTARTRE (AVENUE)",0.0,0.0
201500034585,13,2,15,18,5,78,646,2,2,3,2,"1, PARC DE CLAGNY (RUE D",0.0,0.0
201500034586,16,2,15,14,1,78,646,2,1,1,6,"2, HOCHE (PLACE)",48.8061,0.0
201500034587,19,2,15,19,5,78,646,2,4,9,6,"79 ter, MARECHAL FOCH (R",0.0,0.0
201500034588,24,2,15,10,1,78,158,2,6,1,3,"79, VERSAILLES (RUE DE)",0.0,0.0
201500034589,20,3,15,10,1,79,191,2,2,1,2,262 ROUTE D'AIFFRES,46.31125,-0.44645
201500034590,22,3,15,19,2,79,191,2,1,1,6,AVENUE DE LIMOGES,46.31813,-0.39405
201500034591,24,3,15,17,1,79,191,2,6,2,6,24 RUE DU GRAL LARGEAU,46.32235,-0.46684
201500034592,30,3,15,9,1,79,191,2,6,1,6,2 RUE GAMBETTA,46.32594,-0.46851
201500034593,31,3,15,8,2,79,81,2,1,2,2,ROUTE DE PARIS,46.34712,-0.35778
201500034594,12,4,15,22,5,79,191,2,1,1,6,45 RUE JEAN JAURES,46.31638,-0.46394
201500034595,1,4,15,17,1,79,191,2,1,1,7,13 ROUTE D' AIFFRES,46.31631,-0.45321
201500034596,21,4,15,17,1,79,81,2,3,1,3,132 RUE CHATEAU DRIGUET,46.36599,-0.37704
201500034597,23,4,15,18,1,79,191,2,1,1,6,51 RUE DU MCHAL LECLERC,46.33118,-0.45682
201500034598,10,5,15,18,1,79,191,2,1,1,1,37 RUE DE SOUCHE,46.32732,-0.44379
201500034599,7,6,15,4,5,79,191,2,1,1,7,21 RUE HENRI SELLIER,46.31442,-0.48638
201500034600,8,6,15,19,1,79,191,2,2,1,3,66 ROUTE CHERVEUX,46.34471,-0.43842
201500034601,27,6,15,16,1,79,191,2,1,1,6,193 RUE STRASBOURG,46.32789,-0.4487
201500034602,2,7,15,15,1,79,191,2,1,1,1,107 RUE DU MOULIN D'ANE,46.35568,-0.45633
201500034603,7,8,15,15,1,79,191,2,1,1,3,15 RUE DE LA MOUGANDERIE,46.3204,-0.4793
201500034604,11,8,15,12,1,79,191,2,1,1,2,310B AVENUE DE PARIS,46.33459,-0.42817
201500034605,11,8,15,7,1,79,191,1,1,1,7,ROUTE DE COULONGES,46.35376,-0.4798
201500034606,13,8,15,10,1,79,191,2,6,1,6,AVENUE WELLINGBOROUGH,46.31904,-0.4931
201500034607,16,8,15,10,1,79,191,2,1,1,3,256 ROUTE COULONGES,46.35249,-0.47904
201500034608,21,9,15,17,1,79,191,2,1,1,3,43 RUE DE MAISONS ROUGES,46.33749,-0.42335
201500034609,26,9,15,21,5,79,191,2,1,1,6,175 RUE DU MCHAL LECLERC,46.33488,-0.45369
201500034610,29,9,15,15,1,79,191,2,2,1,3,62 RUE DU HUIT MAI 1945,46.3273,-0.51509
201500034611,3,10,15,13,1,79,81,2,2,1,6,RUE DU NAURON,46.35019,-0.37336
201500034612,6,10,15,20,5,79,191,2,3,2,2,168 AV ST JEAN D'ANGELY,46.31483,-0.46573
201500034613,12,10,15,18,1,79,191,2,3,1,3,RUE DES ORS,46.33099,-0.42056
201500034614,7,10,15,23,5,79,191,2,2,1,3,216 AV. DE LA ROCHELLE,46.31212,-0.47878
201500034615,20,10,15,19,5,79,191,2,3,1,3,49 RUE ALSACE LORRAINE,46.32711,-0.4581
201500034616,2,12,15,22,5,79,191,2,2,1,2,BD DE L'ATLANTIQUE,46.32015,-0.48623
201500034617,4,1,15,11,1,79,191,2,1,1,7,222  AV. DE LA ROCHELLE,46.31168,-0.47935
201500034618,8,1,15,13,1,79,191,2,2,2,3,BD DE L'ATLANTIQUE,46.32651,-0.48578
201500034619,31,1,15,18,5,79,191,2,1,3,6,329 AVENUE DE LIMOGES,46.31681,-0.43683
201500034620,4,3,15,15,1,79,191,2,1,1,3,236 AVENUE DE LIMOGES,46.31697,-0.4442
201500034621,22,1,15,8,2,79,191,2,1,1,7,171 AVENUE DE PARIS,46.32731,-0.44894
201500034622,27,1,15,18,3,79,191,2,1,1,4,BD PIERRE MENDES FRANCE,46.31067,-0.42692
201500034623,11,12,15,13,1,79,81,1,1,1,2,ROUTE DE PARIS,46.34062,-0.39556
201500034624,10,12,15,7,5,79,191,2,3,1,3,136 RUE DE RIBRAY,46.32202,-0.47663
201500034625,13,1,15,13,1,79,259,2,2,1,3,ROUTE DE BRESSUIRE,46.96185,-0.21174
201500034626,27,3,15,12,1,79,329,2,3,1,3,6 RUE CHARLES PEGUY,46.98822,-0.20877
201500034627,25,4,15,16,1,79,329,2,2,1,3,15 BOULEVARD DU 8 MAI,46.99244,-0.217
201500034628,27,1,15,19,5,79,329,2,1,1,3,AV MARTYRS DE LA RESISTA,46.96918,-0.21721
201500034629,25,4,15,21,3,79,258,2,1,1,6,4 RUE BAILLERGEAU,46.96692,-0.22172
201500034630,28,1,15,17,5,79,329,2,1,2,2,12 RUE GASTON CHERAU,46.98678,-0.22949
201500034631,3,5,15,16,1,79,329,2,1,1,1,BOULEVARD PORT GENTIL,46.97764,-0.1981
201500034632,14,2,15,4,5,79,329,2,1,2,6,1 BD JACQUES MENARD,46.97659,-0.1956
201500034633,20,2,15,8,1,79,329,1,6,8,7,RUE DU GRAND ROSE,46.99918,-0.1943
201500034634,15,5,15,10,1,79,329,2,1,1,6,31 PLACE DU BOEL,46.97811,-0.21226
201500034635,5,3,15,16,1,79,300,2,1,1,6,145 AVENUE EMILE ZOLA,46.99746,-0.20793
201500034636,22,5,15,13,1,79,329,2,1,1,2,15 RUE BERNARD PALISSY,46.97462,-0.21301
201500034637,5,6,15,10,1,79,329,2,1,1,6,19 BD DE LA REPUBLIQUE,46.98011,-0.2136
201500034638,11,8,15,19,1,79,329,2,1,1,1,7 RUE PIERRE LOTI,0.0,0.0
201500034639,6,9,15,12,1,79,329,2,4,1,3,10 RUE RONSARD,46.97733,-0.20612
201500034640,12,10,15,8,1,79,329,2,4,1,6,06 BD ERNEST RENAN,46.97865,-0.21605
201500034641,29,10,15,18,2,79,329,1,1,1,2,RUE CAMILLE GUERIN,46.96957,-0.18141
201500034642,4,11,15,18,5,79,329,1,1,1,2,57 RUE MAISON SECHE,46.9743,0.17932
201500034643,8,12,15,20,5,79,329,2,1,1,6,5 BD PIERRE CURIE,46.97967,-0.21644
201500034644,15,12,15,9,1,79,259,1,2,1,5,ROUTE DE BRESSUIRE,46.96185,-0.21177
201500034645,12,12,15,18,3,79,258,1,1,5,1,ECAILLERES (RUE DES),46.96756,-0.22452
201500034646,25,12,15,18,5,79,329,2,6,1,3,BOULEVARD PORT GENTIL,46.97633,-0.19825
201500034647,28,3,15,2,5,80,1,2,1,8,6,100 RUE DE ST-GILLES,50.09915,1.84069
201500034648,8,4,15,16,1,80,1,2,5,1,3,140 R DU CHATEAU D'EAU,50.10978,1.86123
201500034649,1,5,15,5,5,80,1,2,6,1,6,"244, Bd de la REPUBLIQUE",50.11404,1.82695
201500034650,5,6,15,16,1,80,1,2,1,7,6,"35, AV du CHAMP DE FOIRE",50.10402,1.84004
201500034651,7,9,15,10,1,80,1,2,1,1,6,Park. Clinique St-Isabel,50.09852,1.86139
201500034652,8,10,15,14,1,80,1,2,1,1,6,"111,Bd de la REPUBLIQUE",50.11179,1.83484
201500034653,11,11,15,17,5,80,1,2,1,1,6,AV du GENERAL LECLERC,50.1075,1.84125
201500034654,21,11,15,11,1,80,1,1,1,1,6,"3, TROIS FILLETTES (des)",50.10332,1.83253
201500034655,4,2,15,14,1,80,1,2,1,1,4,"51, MENCHECOURT (de)",50.11595,1.8229
201500034656,5,2,15,14,1,80,1,2,2,1,3,RUE VENTOSE,50.10267,1.86462
201500034657,8,2,15,17,1,80,1,2,6,1,6,JEAN JAURES,50.10403,1.82783
201500034658,19,2,15,22,5,80,21,2,6,1,1,"00, PORT (BOULEVARD DU)",49.89894,2.29088
201500034659,26,12,15,17,2,80,261,2,1,1,2,"112, AMIENS (ROUTE D')",49.86598,2.27806
201500034660,19,2,15,13,1,80,21,2,1,1,7,"8, GEORGES GUYNEMER (RU",49.90888,2.30049
201500034661,26,12,15,9,1,80,21,2,2,1,7,RUE DE COTTENCHY,49.8811,2.31306
201500034662,20,2,15,14,1,80,21,2,1,2,2,"165, GENERAL FOY (AVENUE",49.88929,2.28146
201500034663,28,12,15,16,2,80,21,2,1,1,7,"284, BD de SAINT QUENTIN",49.87895,2.30278
201500034664,23,2,15,15,1,80,21,2,1,1,4,"30, ALEXANDRE DUMAS (RUE",49.87095,2.30405
201500034665,5,3,15,8,1,80,21,2,1,1,1,"117, GENERAL FOY (AVENUE",49.89017,2.28221
201500034666,7,3,15,20,5,80,21,2,1,1,1,"95, VALENTIN HAUY (RUE)",49.90348,2.31251
201500034667,8,3,15,20,4,80,21,1,1,1,7,"00, ALLONVILLE (ROUTE D'",49.92063,2.32704
201500034668,12,3,15,22,5,80,21,2,1,1,7,"00, FAIDHERBE (BOULEVARD",49.89476,2.28752
201500034669,13,3,15,10,1,80,21,2,1,1,5,"76, SAINT FUSCIEN (RUE)",49.88326,2.30426
201500034670,14,3,15,23,5,80,21,2,3,2,3,RUE  DE LA 2eme DB,49.89247,2.29238
201500034671,16,3,15,17,1,80,21,2,2,1,7,"03, CHAUSS SAINT-PIERRE",49.9021,2.30018
201500034672,16,3,15,18,1,80,21,2,1,1,1,"00, GEORGES GUYNEMER (RU",49.90926,2.30051
201500034673,23,3,15,18,1,80,21,2,1,1,4,"475, ROUEN (RUE DE)",49.88591,2.27338