Num_Acc,jour,mois,an,hr,condition_eclairage,departement,commune,condition_agglomeration,intersection,condition_atmosphere,type_collision,adresse,lattitude,longitude
201500034674,27,3,15,20,5,80,21,2,3,1,1,"00, ADEODAT LEFEVRE ( RU",49.89331,2.30437
201500034675,2,4,15,11,1,80,21,2,2,1,6,"00, HENRI BARBUSSE (RUE)",49.8938,2.29417
201500034676,10,4,15,8,1,80,21,2,1,1,3,"00, FAIDHERBE (BOULEVARD",49.89433,2.28662
201500034677,11,4,15,13,1,80,261,2,1,1,7,"00, AMIENS (ROUTE D')",49.86261,2.27961
201500034678,11,4,15,19,1,80,21,2,1,1,7,"00, BONNARDS (RUE DES)",49.90358,2.30715
201500034679,23,4,15,17,1,80,261,1,1,1,4,RD210,49.86146,2.26716
201500034680,5,5,15,9,1,80,21,2,1,2,2,"00, PAUL CLAUDEL (AVENUE",49.8747,2.26446
201500034681,5,5,15,16,1,80,21,2,1,1,7,"00, ALPHONSE FIQUET (PLA",49.8908,2.30666
201500034682,5,5,15,21,5,80,21,2,3,1,1,"00, PARMENTIER (PLACE)",49.89533,2.30615
201500034683,6,5,15,19,1,80,21,2,1,1,7,"6, RUE DE DOULLENS",49.90387,2.30714
201500034684,7,5,15,11,1,80,164,1,1,1,2,"RN 25, Rocade Nord",49.88472,2.37196
201500034685,9,5,15,16,1,80,21,2,3,1,3,"00, ROUEN (RUE DE)",49.88505,2.26516
201500034686,18,5,15,19,1,80,21,2,1,1,7,"3, ALBERIC DE CALONNE (R",49.88747,2.30269
201500034687,21,5,15,19,1,80,21,2,1,1,5,JEAN MARC LAURENT,49.87085,2.31111
201500034688,24,5,15,20,1,80,21,2,1,1,7,"3, MAURICE RAVEL (RUE)",49.91363,2.30439
201500034689,26,5,15,12,1,80,21,2,2,1,1,"00, PRES FORETS (RUE DES",49.89973,2.28352
201500034690,28,5,15,15,1,80,21,2,1,1,3,RUE ANDRE DUROUCHEZ,49.92705,2.28544
201500034691,30,5,15,15,1,80,21,2,2,1,1,"00, JEAN RACINE (RUE)",49.86446,2.33838
201500034692,7,6,15,15,1,80,21,2,2,1,1,"29, R DE LA REPUBLIQUE",49.89155,2.2968
201500034693,8,6,15,18,1,80,21,2,1,1,2,"93, Bd de SAINT QUENTIN",49.8793,2.29707
201500034694,11,6,15,16,1,80,21,1,1,1,2,"00, SAVEUSE (RUE DE)",49.90328,2.24624
201500034695,11,6,15,23,4,80,21,1,1,1,7,ROCADE NORD RN 1,49.92368,2.28477
201500034696,17,6,15,7,1,80,21,2,3,1,3,"00, ROBERT LE COQ (RUE)",49.90064,2.26944
201500034697,18,6,15,8,1,80,21,2,3,2,3,RUE DHAVERNAS,49.88473,2.30035
201500034698,11,7,15,12,1,80,21,2,1,1,4,"1, RUE MONTESQUIEU",49.9024,2.29624
201500034699,8,7,15,18,1,80,21,2,1,1,6,RUE LEO LAGRANGE,49.91062,2.31149
201500034700,25,6,15,7,1,80,21,2,6,1,3,"00, PIERRE MENDES FRANCE",49.89871,2.29026
201500034701,26,6,15,15,1,80,131,2,1,1,1,"4, Rue  ILE MYSTERIEUSE",49.86634,2.3647
201500034702,27,6,15,17,2,80,21,2,2,1,3,Av 14 JUILLET 1789,49.87535,2.28169
201500034703,29,6,15,17,1,80,21,2,1,1,2,"44, CARNOT (BOULEVARD)",49.89247,2.28687
201500034704,30,6,15,8,1,80,632,2,1,1,2,"109, ROUEN (ROUTE DE)",49.87993,2.25609
201500034705,1,7,15,9,1,80,21,2,3,1,7,"2, LUCIEN LECOINTE (RUE)",49.90452,2.30694
201500034706,1,7,15,13,1,80,21,2,2,1,3,CHAUSSEE SAINT PIERRE,49.90258,2.30271
201500034707,3,7,15,8,1,80,21,2,1,1,3,"15, PAUL CLAUDEL (AVENUE",49.87503,2.2765
201500034708,3,7,15,16,1,80,21,2,1,1,6,"11, RUE LEO LAGRANGE",49.91058,2.31021
201500034709,6,7,15,11,1,80,21,2,1,1,6,"4, RUE VOLTAIRE",49.90757,2.32072
201500034710,8,7,15,21,2,80,21,2,1,2,7,AVENUE DE L'EUROPE,49.91759,2.30409
201500034711,9,7,15,10,1,80,21,2,1,1,7,"66, SAINT PIERRE (CHAUSS",49.90281,2.30398
201500034712,9,7,15,19,1,80,21,2,1,1,7,AVENUE PAUL CLAUDEL,49.87462,2.27031
201500034713,10,7,15,16,1,80,21,2,1,1,7,"8,RUE MAURICE RAVEL",49.91361,2.30409
201500034714,11,7,15,10,1,80,21,2,6,1,3,AV DU 14 JUILLET 1789,49.87548,2.28208
201500034715,13,7,15,23,5,80,21,2,1,1,7,RUE DE LA VALLEE,49.8922,2.30794
201500034716,24,7,15,16,1,80,21,2,1,1,1,RUE LEO LAGRANGE,49.9106,2.31057
201500034717,25,7,15,1,5,80,21,2,1,1,1,RUE DOCTEUR LOUIS FAFET,49.91392,2.31383
201500034718,25,7,15,2,5,80,21,2,6,1,3,AV DU 14 JUILLET 1789,49.87539,2.28169
201500034719,27,7,15,19,1,80,21,2,1,1,7,"55, JULES BARNI (RUE)",49.88905,2.31085
201500034720,28,7,15,15,1,80,21,2,1,1,3,"39, VOLTAIRE (RUE)",49.90863,2.32008
201500034721,30,7,15,23,5,80,21,2,6,1,1,"00, MARECHAL FOCH (PLACE",49.89348,2.28489
201500034722,31,7,15,12,1,80,725,2,1,1,3,AVENUE DU GOLF,49.86204,2.25607
201500034723,1,8,15,18,1,80,21,2,6,1,1,"00, ROUBAIX (BOULEVARD D",49.91053,2.31615
201500034724,2,8,15,18,1,80,21,2,1,1,7,"00, SAINT HONORE (RUE)",49.88644,2.28698
201500034725,8,9,15,14,1,80,21,2,2,1,7,BD DES FEDERES,49.8955,2.28301
201500034726,26,8,15,16,1,80,21,2,1,1,7,"222, COTTENCHY (RUE DE)",49.88288,2.31211
201500034727,3,8,15,18,1,80,160,2,1,1,1,"66,RUE HENRI BARBUSSE",49.85734,2.34933
201500034728,9,8,15,2,5,80,21,2,1,1,3,"14, RUE FRANCS MURIERS",49.89705,2.29914
201500034729,15,8,15,11,1,80,489,2,2,1,3,RUE GENERAL DE GAULLE,49.8687,2.35227
201500034730,16,8,15,17,1,80,21,2,1,1,1,RUE CHARLES DE FOUCAULD,49.88968,2.30789
201500034731,18,8,15,14,1,80,21,2,1,2,3,11 BOULEVARD BARABAN,49.89907,2.30498
201500034732,19,8,15,15,1,80,21,2,1,1,1,RUE ALFRED CATEL,49.90313,2.28011
201500034733,20,8,15,22,5,80,21,2,1,1,1,AVENUE DE l'HIPPODROME,49.8962,2.27353
201500034734,22,8,15,9,1,80,21,2,1,1,1,76 rue ELOI MOREL,49.90194,2.30597
201500034735,28,8,15,16,1,80,379,2,1,1,4,RD 1029 (ROUTE DE ST-Q),49.86805,2.37695
201500034736,2,9,15,2,5,80,21,2,1,1,7,RUE DE ROUEN,49.88691,2.28231
201500034737,10,9,15,8,1,80,489,2,6,1,3,AV DE LA VILLE IDEALE,49.86577,2.37341
201500034738,10,9,15,13,1,80,379,2,1,1,7,"17, AVENUE PHILEAS FOGG",49.86461,2.37879
201500034739,11,9,15,17,1,80,21,2,1,1,2,"251, CHS JULES FERRY",49.88384,2.32387
201500034740,13,9,15,18,1,80,21,2,1,8,7,RUE VANMARCKE,49.89637,2.30221
201500034741,15,9,15,9,1,80,21,2,1,1,5,"00, VALENTIN HAUY (RUE)",49.90391,2.30894
201500034742,16,9,15,11,1,80,21,2,1,2,7,RUE CAMILLE DESMOULINS,49.88269,2.29401
201500034743,16,9,15,12,1,80,21,2,1,3,2,CHS JULES FERRY,49.88345,2.32486
201500034744,17,9,15,18,1,80,489,2,6,1,3,AV VILLE IDEAL/J.DUCLOS,49.86804,2.36903
201500034745,18,9,15,8,1,80,21,2,2,1,1,RUE TERRAL,49.90859,2.29157
201500034746,18,9,15,19,1,80,21,2,1,1,3,"16 BIS, PORT D'AMONT",49.89517,2.30707
201500034747,21,9,15,7,1,80,725,2,1,1,3,"37, ROUTE DE ROUEN",49.87265,2.24587
201500034748,23,9,15,20,5,80,21,2,1,1,1,RUE ROBERT LE COQ,49.90059,2.26939
201500034749,24,9,15,13,1,80,21,2,1,1,3,AV DU 14 JUILLET 1789,49.87537,2.28167
201500034750,25,9,15,19,2,80,21,2,1,1,7,RUE LEO LAGRANGE,49.91058,2.31148
201500034751,27,9,15,14,1,80,21,2,3,1,3,BOULEVARD DE DURY,49.88075,2.28745
201500034752,28,9,15,21,5,80,21,2,1,1,1,"00, FRANKLIN ROOSEVELT (",49.91042,2.29688
201500034753,29,9,15,8,1,80,261,1,1,1,5,D210,49.86154,2.26759
201500034754,1,10,15,7,2,80,21,2,1,1,7,"42, BD DES FEDERES",49.89558,2.28334
201500034755,1,10,15,20,5,80,21,2,2,1,3,BD DE DURY,49.88155,2.2851
201500034756,2,10,15,15,1,80,21,2,1,7,1,"00, MARECHAL FOCH (PLACE",49.89351,2.28505
201500034757,3,10,15,17,1,80,21,2,6,1,3,"00, LIBERATION (CARREFOU",49.8865,2.27856
201500034758,4,10,15,17,1,80,21,2,6,1,3,RUE D' ABBEVILLE,49.9078,2.26506
201500034759,5,10,15,8,1,80,21,2,1,1,3,MAIL ALBERT 1er,49.88872,2.29673
201500034760,6,10,15,22,5,80,21,2,2,1,3,Bd de BEAUVILLE,49.9032,2.31578
201500034761,8,10,15,7,1,80,21,1,1,1,5,ROCADE NORD RN 1,49.92841,2.26424
201500034762,8,10,15,12,1,80,21,2,2,1,3,RUE JEAN MOULIN,49.87459,2.26605
201500034763,9,10,15,14,1,80,21,2,1,1,7,"00, ALSACE LORRAINE (BOU",49.89215,2.30761
201500034764,10,8,15,11,1,80,21,2,1,1,6,PLACE LONGUEVILLE,49.88843,2.29467
201500034765,30,8,15,20,2,80,724,1,1,1,1,RD 210,49.85489,2.25205
201500034766,12,10,15,14,1,80,21,2,1,1,3,AVENUE PAUL CLAUDEL,49.87479,2.27458
201500034767,13,10,15,13,1,80,21,2,1,1,7,RUE DE LA VALLEE,49.89205,2.3085
201500034768,13,10,15,15,1,80,21,2,6,1,3,RUE DESCARTES,49.87428,2.31788
201500034769,13,10,15,17,1,80,21,2,1,1,7,R DU MARCHE AUX CHEVAUX,49.89748,2.28782
201500034770,20,10,15,13,1,80,674,1,1,2,3,RD929,49.9157,2.35028
201500034771,22,10,15,15,1,80,724,1,2,2,3,RD210 / CH DE SALEUX,49.85227,2.25041
201500034772,23,10,15,7,2,80,21,2,1,1,7,RUE MARCHE LANSELLES,49.89669,2.29783
201500034773,23,10,15,21,5,80,164,1,6,1,7,ROUTE CORBIE,49.90116,2.34104
201500034774,25,10,15,11,1,80,21,2,2,1,3,RUE DE PARIS,49.8902,2.2908
201500034775,27,10,15,19,5,80,21,2,2,1,7,AVENUE DE LONDRES,49.88651,2.32673
201500034776,29,10,15,18,3,80,379,1,1,1,4,RD 1029 ROUTE DE ST,49.86816,2.38257
201500034777,30,10,15,19,3,80,724,1,2,1,3,RD210 / CH DE DURY,49.85205,2.25019
201500034778,31,10,15,9,1,80,21,2,6,1,1,RUE D' ABBEVILLE,49.90577,2.27135
201500034779,2,11,15,9,1,80,21,2,3,5,7,RUE DES SERGENTS,49.89496,2.29907
201500034780,4,11,15,8,1,80,21,2,1,2,7,BOULEVARD DE ROUBAIX,49.90788,2.31773
201500034781,4,11,15,18,5,80,21,2,1,2,3,"599, RUE DE ROUEN",49.8855,2.26939
201500034782,5,11,15,15,1,80,21,2,3,1,3,AV COMMUNE DE PARIS,49.91438,2.25491
201500034783,30,10,15,8,1,80,21,2,1,1,3,"2, RUE DES DEPORTES",49.9013,2.29951
201500034784,8,11,15,3,5,80,21,2,3,1,7,"00, ABBE DE L'EPEE (RUE",49.89968,2.31572
201500034785,8,11,15,19,5,80,21,2,2,1,3,RUE ANDRE CHENIER,49.87762,2.28636
201500034786,10,11,15,16,1,80,21,2,2,1,3,RUE MARCHE LANSELLES,49.89604,2.29773
201500034787,10,11,15,8,2,80,21,2,1,1,2,"41, RUE CROIX DE PIERRE",49.94296,2.27297
201500034788,11,11,15,9,1,80,21,2,2,1,1,AV DU 14 JUILLET 1789,49.87542,2.2817
201500034789,30,9,15,17,1,80,632,2,1,1,7,RUE DU CHATEAU,49.87874,2.24278
201500034790,12,11,15,22,3,80,21,1,1,1,7,RTE DE SAVEUSE,49.90191,2.23912
201500034791,13,11,15,4,5,80,21,2,2,1,1,AVENUE ROGER DUMOULIN,49.93523,2.28413
201500034792,16,11,15,13,1,80,21,2,6,1,3,RUE ROBERT SCHUMAN,49.90774,2.30377
201500034793,20,11,15,17,5,80,21,2,2,2,3,RUE DE BOVES,49.88316,2.31519
201500034794,20,11,15,16,1,80,489,2,9,2,6,AVENUE VILLE IDEALE,49.86768,2.36938
201500034795,20,11,15,10,1,80,21,2,1,2,7,BD DE ROUBAIX,49.91177,2.31555
201500034796,22,11,15,15,1,80,489,2,1,1,7,RUE CLAUDE CHAPPE,49.87021,2.36964
201500034797,25,11,15,17,5,80,21,2,6,2,2,RUE DES FRANCS MURIERS,49.89674,2.30042
201500034798,27,11,15,11,1,80,21,2,1,1,7,BD DE ROUBAIX,49.91184,2.31552
201500034799,27,11,15,23,3,80,131,1,6,2,7,RD116,49.85582,2.35473
201500034800,1,12,15,17,5,80,21,2,1,1,2,"9, RUE DE PARIS",49.88861,2.28974
201500034801,4,12,15,19,5,80,21,2,2,1,3,RUE GENERAL LECLERC,49.89666,2.29449
201500034802,9,12,15,8,2,80,21,2,1,1,3,"9, Bd MAIGNAN LARIVIERE",49.88958,2.29341
201500034803,11,12,15,14,1,80,21,2,1,2,3,"00, BEAUVILLE CENTRE (BO",49.89436,2.309
201500034804,15,12,15,8,1,80,131,1,6,2,6,BD MICHEL STROGOFF,49.86294,2.37701
201500034805,15,12,15,17,5,80,21,2,1,2,3,AV DE L'EUROPE,49.91153,2.30264
201500034806,15,12,15,18,3,80,131,1,1,2,4,RD 934,49.8481,2.41357
201500034807,17,12,15,16,2,80,164,1,1,1,2,RUE RENE GAMBIER,49.88396,2.35151
201500034808,19,12,15,14,1,80,21,2,3,1,3,RUE DE L'ABBE DUMONT,49.90794,2.31169
201500034809,19,12,15,12,1,80,21,2,1,1,7,RUE DE LA HOTOIE,49.89655,2.29197
201500034810,18,12,15,17,5,80,21,2,3,1,3,"D8, RUE JEAN MOULIN",49.87877,2.27316
201500034811,18,12,15,17,2,80,21,2,2,1,3,RUE EDMOND ROSTAND,49.87219,2.32207
201500034812,21,12,15,11,1,80,21,2,1,1,2,"48, RUE DE VAUX",49.93231,2.26616
201500034813,21,12,15,17,5,80,21,2,1,2,7,"273, RUE DE ROUEN",49.88674,2.28071
201500034814,3,1,15,14,1,80,131,1,1,2,3,RD935,49.84013,2.40323
201500034815,4,1,15,19,5,80,21,2,2,1,3,VERDUN (RUE DE ),49.89454,2.30934
201500034816,6,1,15,16,2,80,21,2,1,1,7,BEL AIR (RUE DU),49.87358,2.33636
201500034817,6,1,15,14,1,80,21,2,2,1,1,ROGER DUMOULIN (AVENUE),49.93524,2.28413
201500034818,7,1,15,15,1,80,21,2,1,1,7,FENELON (RUE),49.91394,2.32249
201500034819,7,1,15,17,5,80,21,2,1,8,1,"218, LUCIEN LECOINTE (RU",49.90862,2.31276
201500034820,12,1,15,16,1,80,21,2,2,1,3,"190,LAURENDEAU (RUE)",49.88444,2.30129
201500034821,13,1,15,22,5,80,21,2,1,1,7,PARMENTIER (PLACE),49.89565,2.30481
201500034822,14,1,15,6,3,80,21,1,1,2,3,RAINNEVILLE  (ROUTE,49.93122,2.32286
201500034823,15,1,15,17,5,80,21,2,2,1,3,SOMME (QUAI DE LA),49.90347,2.28698
201500034824,16,1,15,12,1,80,21,2,1,1,7,"20, PASTEUR (BOULEVARD)",49.8891,2.29249
201500034825,17,1,15,16,1,80,261,1,1,1,3,"00, GRIMAUX (RUE)",49.84828,2.27579
201500034826,17,1,15,13,1,80,21,2,2,1,3,"00, FEDERES (BOULEVARD D",49.89414,2.28388
201500034827,18,1,15,20,5,80,21,2,6,3,7,"00, ALEXANDRE DUMAS (RUE",49.87177,2.29562
201500034828,18,1,15,19,5,80,21,2,2,2,3,"00, ALSACE LORRAINE (BOU",49.8923,2.30773
201500034829,19,1,15,16,1,80,21,2,1,1,3,"525, ABBEVILLE (RUE D')",49.91158,2.24974
201500034830,20,1,15,6,5,80,21,2,2,2,3,"00, GRESSET (RUE)",49.89407,2.29307
201500034831,22,1,15,13,1,80,489,2,3,1,3,"00, LOUIS PROT (RUE)",49.87052,2.35701
201500034832,25,1,15,9,1,80,131,1,3,1,3,"00, RD 934",49.84594,2.4194
201500034833,23,1,15,18,5,80,164,2,1,1,7,"00, EMILE DEBRIE",49.88793,2.34297
201500034834,27,1,15,12,1,80,21,2,1,1,7,"42, FEDERES (BOULEVARD D",49.89558,2.28335
201500034835,27,1,15,7,2,80,21,2,1,1,7,"17, DEUXIEME DB (RUE DE",49.89259,2.29253
201500034836,29,1,15,19,5,80,21,2,1,2,7,"4, ALBERIC DE CALONNE (R",49.88747,2.30269
201500034837,29,1,15,17,5,80,724,2,1,2,2,"00, CONTY (ROUTE DE)",49.86699,2.24888
201500034838,30,1,15,19,5,80,21,2,1,2,3,"224, ABBEVILLE (RUE D')",49.90803,2.26403
201500034839,2,2,15,8,1,80,21,2,1,1,6,"112, LESCOUVE (RUE)",49.88995,2.27237
201500034840,4,2,15,15,1,80,21,2,3,2,3,"21, BOVES (RUE DE)",49.88279,2.31572
201500034841,5,2,15,12,1,80,261,2,1,1,2,"00, AUCHAN (ZONE COMMERC",49.86173,2.27891
201500034842,5,2,15,17,1,80,21,2,1,1,3,"00, DEJEAN (RUE)",49.89138,2.3143
201500034843,7,2,15,16,1,80,21,2,1,1,7,"15,AV DE PICARDIE",49.91438,2.2489
201500034844,6,2,15,17,1,80,21,2,1,1,7,"4,RUE DE LA RESISTANCE",49.89823,2.29587
201500034845,7,2,15,16,1,80,21,2,1,1,7,"00, LE GRECO (RUE)",49.92311,2.30241
201500034846,10,2,15,9,1,80,21,2,1,1,3,"45, JEAN CATELAS (RUE)",49.89596,2.28977
201500034847,11,2,15,15,1,80,21,2,1,1,6,"1,  Av JULES VALLES",49.9156,2.24684
201500034848,11,2,15,15,1,80,21,2,1,1,7,"00, MONTESQUIEU (RUE)",49.90576,2.29284
201500034849,12,2,15,19,2,80,674,2,1,1,3,ROBERT PETIT (RUE),49.89922,2.3208
201500034850,15,2,15,21,5,80,21,2,1,1,7,"00, LEGRAND D' AUSSY (RU",49.89241,2.31251
201500034851,13,2,15,16,1,80,21,2,1,1,7,"32, RUE DU 31 AOUT 1944",49.88074,2.32479
201500034852,15,2,15,1,5,80,21,2,2,1,3,"00, BONNARDS (RUE DES)",49.90203,2.30678
201500034853,15,2,15,2,5,80,21,1,6,1,7,"00, SAINT FUSCIEN (RUE)",49.87096,2.30704
201500034854,13,2,15,17,5,80,21,2,1,2,7,"00, CARNOT (BOULEVARD)",49.89187,2.28799
201500034855,21,12,15,18,5,81,4,2,1,1,6,VERDIER (FRANCOIS),0.0,0.0
201500034856,28,5,15,13,1,81,4,2,1,1,1,RIVIERE (DE LA),43.93054,2.14565
201500034857,15,6,15,16,1,81,4,2,1,1,5,STRASBOURG (BD DE),43.93342,2.14642
201500034858,23,6,15,10,1,81,4,2,1,1,6,FOCH (AV ET PASS MARECHA,0.0,0.0
201500034859,13,7,15,11,1,81,18,2,1,1,1,BONAFE ( AVENUE M ),43.95432,2.20771
201500034860,31,7,15,20,2,81,4,2,1,1,6,"52, JAURES (PL JEAN)",0.0,0.0
201500034861,5,8,15,13,1,81,144,1,1,1,6,VALENCE ( ROUTE DE ) D 9,43.96658,2.19691
201500034862,23,10,15,12,1,81,4,1,1,1,3,TEILLET (RTE DE),43.9096,2.19747
201500034863,11,11,15,18,5,81,4,2,1,1,3,THOMAS (AV ALBERT),0.0,0.0
201500034864,8,12,15,17,5,81,144,1,1,2,6,"94, HERMET ( AVENUE DE L",43.9594,2.17594
201500034865,27,2,15,20,5,81,4,2,1,1,3,TEYSSIER (AV DU COLONEL),0.0,0.0
201500034866,20,3,15,16,1,81,4,2,3,1,3,TEILLET (RTE DE),0.0,0.0
201500034867,28,5,15,15,1,81,4,2,1,1,1,MILLAU (RTE DE) DU N° 32,0.0,0.0
201500034868,13,11,15,12,1,81,60,2,2,1,3,"0, JAURES ( PLACE JEAN )",0.0,0.0
201500034869,26,3,15,7,1,81,33,2,1,1,1,RD 90,0.0,0.0
201500034870,18,12,15,11,1,81,60,2,7,1,6,"1, SAINTE MARIE ( PLACE",44.05323,2.15453
201500034871,8,2,15,6,2,81,65,1,1,1,7,"81, ALQUIER  (AV. GEORGE",0.0,0.0
201500034872,17,3,15,9,1,81,65,2,1,1,7,"-, ALBINQUE (PLACE DE L'",0.0,0.0
201500034873,9,4,15,22,5,81,65,2,3,1,3,"133, ALBERT 1° (AV)",0.0,0.0
201500034874,13,4,15,18,1,81,65,1,1,1,5,622 (ROUTE DEPARTEMENTAL,0.0,0.0
201500034875,19,4,15,10,1,81,65,1,4,3,7,"., 622 (ROUTE DEPARTEMEN",0.0,0.0
201500034876,27,5,15,17,1,81,65,2,1,1,2,"41, SIDOBRE RD 622 (AV.",0.0,0.0
201500034877,2,6,15,18,1,81,65,2,3,1,3,DEPARTEMENTALE 89 (RD),0.0,0.0
201500034878,10,6,15,16,1,81,65,1,1,1,6,1012 (ROUTE DEPARTEMENTA,0.0,0.0
201500034879,27,6,15,20,1,81,65,1,2,1,3,VOIE URBAINE SUD,0.0,0.0
201500034880,9,7,15,7,1,81,65,2,1,1,7,"25, ARIBAT  (BD. DOCTEUR",43.60446,2.24483
201500034881,10,9,15,20,5,81,65,2,3,1,3,FABRE (PLACE PIERRE),43.60896,2.23759
201500034882,26,11,15,17,2,81,65,2,1,1,7,"., FOY (RUE SAINTE)",43.60587,2.24529
201500034883,16,3,15,13,1,81,163,2,1,1,6,JUIN (MARECHAL),43.30041,2.27577
201500034884,14,6,15,21,2,81,163,2,1,1,3,"XXX, JUIN (MARECHAL)",43.5071,2.37814
201500034885,24,7,15,15,1,81,21,2,1,1,6,"5 BIS, TOULOUSE",43.4987,2.36856
201500034886,4,9,15,23,5,81,163,2,1,1,3,"2, FOCH",43.4983,2.37606
201500034887,11,9,15,18,1,81,163,1,1,1,1,RD 118,43.0,2.21151
201500034888,30,10,15,17,1,81,163,2,1,1,3,"XXX, RICHARDE",43.49796,2.39221
201500034889,7,10,15,17,1,81,163,2,1,1,3,"24, VANNE",43.4855,2.37325
201500034890,13,11,15,17,5,81,163,2,1,1,3,"XXX, CHEVALIERE (AVENUE)",0.0,0.0
201500034891,13,2,15,21,5,81,163,2,1,1,3,"1, REILLE (COURS RENE)",0.0,0.0
201500034892,6,3,15,14,1,81,163,2,1,1,3,"03, REDONDAL",0.0,0.0
201500034893,5,2,15,18,2,82,33,1,1,1,3,"0, CAUSSADE BAS",0.0,0.0
201500034894,31,3,15,12,1,82,33,2,3,1,3,"0, DE LATTRE DE TASSIGNY",44.0422,1.11146
201500034895,9,12,15,9,1,82,33,1,1,1,2,"3663, MONTAUBAN D 958 (R",44.0343,1.18178
201500034896,9,4,15,11,1,82,33,2,9,1,2,"0, LECLERC (du Maréchal)",44.05246,1.10106
201500034897,18,5,15,23,5,82,33,2,1,1,6,"0, TOULOUSE (de)",44.03317,1.12178
201500034898,2,6,15,20,1,82,33,1,1,1,2,"2812, Route Belleperche",0.0,0.0
201500034899,20,7,15,22,3,82,33,1,1,1,3,TOULOUSE (de),44.02612,1.14372
201500034900,11,9,15,6,5,82,33,2,3,1,3,"4, JUIN (du Maréchal)",0.0,0.0
201500034901,4,10,15,6,3,82,33,1,1,1,6,CD 958 - 3348 route de M,44.034,1.17657
201500034902,18,8,15,11,1,82,33,1,1,1,6,"222, LAFRANCAISE (de)",0.0,0.0
201500034903,31,8,15,20,3,82,33,1,1,6,7,"0, LAFRANCAISE (de)",0.0,0.0
201500034904,17,11,15,18,1,82,121,2,1,1,2,"14, VILLENOUVELLE (GRAND",44.02161,1.35546
201500034905,1,4,15,10,1,82,121,1,1,1,6,"34, 10EME DRAGONS (AVENU",44.02304,1.3459
201500034906,16,12,15,16,1,82,121,2,1,1,6,"360, BEAUSOLEIL (AVENUE",44.00781,1.36512
201500034907,16,3,15,17,1,82,121,2,1,1,6,"50, 11EME REGIMENT D'INF",44.0247,1.35614
201500034908,27,12,15,13,1,82,121,1,2,1,3,"NC, MIRABEL D 69 (ROUTE",44.07075,1.36685
201500034909,20,3,15,14,1,82,121,2,3,1,5,"NC, DELPOUYS(rue maurice",44.02991,1.37436
201500034910,27,3,15,17,1,82,121,1,1,1,3,"NC, MARGUE (CHEMIN DE LA",44.0444,1.31092
201500034911,30,3,15,17,1,82,121,1,1,1,5,"3100, CORBARIEU D 21 (RO",43.9671,1.35811
201500034912,1,4,15,12,1,82,121,2,2,1,3,"NC, FALGUIERE (AVENUE DE",44.02589,1.35392
201500034913,20,4,15,7,1,82,121,1,1,1,7,"1231, FAU (ROUTE DU)",43.99256,1.37579
201500034914,2,5,15,11,1,82,121,2,1,1,6,"205, NEGREPELISSE (AVENU",44.03092,1.37375
201500034915,7,5,15,17,1,82,121,2,1,1,6,"NC, HERRIOT (BOULEVARD E",44.01211,1.37174
201500034916,11,5,15,18,1,82,121,2,2,1,3,"NC, LEOJAC (AVENUE DE)",44.01788,1.38599
201500034917,16,5,15,19,1,82,121,2,1,1,3,"219, MOURETS (AVENUE DES",44.01845,1.37153
201500034918,26,5,15,17,1,82,121,2,3,1,4,GASSERAS (AVENUE DE),44.01729,1.33785
201500034919,29,5,15,21,1,82,121,2,3,1,3,ALSACE LORRAINE ( BOULEV,44.01803,1.36556
201500034920,16,6,15,14,1,82,121,2,1,1,1,"NC, SABATIE (RUE LOUIS)",44.01469,1.33981
201500034921,11,6,15,18,1,82,121,2,1,1,2,"17, BRIAND (RUE ARISTIDE",44.01692,1.34058
201500034922,17,6,15,22,3,82,121,1,1,1,6,"2100, MOLIERES (ROUTE DE",44.05744,1.36023
201500034923,18,6,15,17,1,82,121,2,1,1,6,"197, DOUMERC (BOULEVARD",44.01391,1.36424
201500034924,19,6,15,10,1,82,121,2,2,1,3,"nc, VOLTAIRE (RUE)",44.03457,1.37259
201500034925,7,6,15,5,3,82,121,1,1,1,7,AUTOROUTE A 20,43.98452,1.33564
201500034926,28,6,15,13,1,82,121,2,3,1,6,"109, BRIAND (RUE ARISTID",44.0166,1.3447
201500034927,19,7,15,7,1,82,121,2,1,1,7,"NC, VIGNARNAUD (ROUTE DE",44.00215,1.35889
201500034928,26,7,15,1,5,82,121,1,2,1,3,"NC, AUCH (ROUTE D')",43.98918,1.30893
201500034929,29,7,15,21,5,82,121,2,2,2,3,"NC, VOLTAIRE (RUE)",44.03736,1.36472
201500034930,13,9,15,7,2,82,121,1,1,1,6,SAINT-MARTIAL D 8 (ROUTE,43.98579,1.43069
201500034931,24,7,15,10,1,82,121,1,1,1,1,"1970, DE SAINT PIERRE (C",0.0,0.0
201500034932,14,8,15,9,1,82,121,1,1,3,1,OULES (CHEMIN DES),0.0,0.0