Num_Acc,jour,mois,an,hr,condition_eclairage,departement,commune,condition_agglomeration,intersection,condition_atmosphere,type_collision,adresse,lattitude,longitude
201500034933,20,8,15,12,1,82,121,1,6,7,3,"NC, rond point des osage",43.99561,1.35061
201500034934,21,8,15,19,1,82,121,2,1,7,6,"70, ALSACE LORRAINE ( BO",44.0189,1.36044
201500034935,30,8,15,18,1,82,121,2,3,1,3,"NC, BLANCOUS (CHEMIN DES",44.0249,1.38232
201500034936,22,8,15,8,1,82,121,1,1,1,6,"NC, ALBEFEUILLE D 72 ( R",44.03935,1.29793
201500034937,20,8,15,19,1,82,121,2,1,1,6,"853, RAMIEROU (RUE DU)",44.01654,1.38319
201500034938,3,9,15,15,1,82,121,1,9,1,3,AUTOROUTE A 20,43.97962,1.33444
201500034939,3,11,15,21,3,82,121,1,1,1,6,SAINT-NAUPHARY D 999 (RO,43.97564,1.40794
201500034940,4,9,15,22,3,82,121,1,1,1,6,AUCH (ROUTE D'),43.98834,1.30715
201500034941,8,9,15,18,1,82,121,2,3,1,3,"NC, CAMP D'AVIATION (CHE",44.0249,1.38228
201500034942,22,11,15,14,1,82,121,1,1,1,1,"1470, SAINT-NAUPHARY D 9",0.0,0.0
201500034943,22,9,15,15,1,82,121,1,1,1,6,"1584, AUCH (ROUTE D')",43.99921,1.32304
201500034944,24,9,15,7,5,82,121,2,3,1,1,"38, VILLENOUVELLE (GRAND",44.0207,1.35528
201500034945,25,9,15,9,1,82,121,2,6,1,2,"NC, AIGLE caroline (gira",44.03898,1.38224
201500034946,25,9,15,7,5,82,121,2,3,1,3,"NC, VITARELLE (ROUTE DE",44.04085,1.37512
201500034947,30,9,15,17,1,82,121,1,1,1,1,"2650, SAINT-ETIENNE DE T",44.03377,1.41928
201500034948,5,1,15,17,2,82,121,1,1,1,3,"4553, NAUPHARY ( ROUTE D",0.0,0.0
201500034949,29,9,15,12,1,82,121,2,2,1,3,ALIBERT ( RUE DU DOCTEUR,44.02255,1.34827
201500034950,10,12,15,18,3,82,121,1,2,1,3,MONTRICOUX D 115 (ROUTE,44.03695,1.42241
201500034951,5,10,15,17,1,82,121,2,1,1,3,"NC, PARIS (route de)",44.03479,1.37704
201500034952,10,10,15,1,3,82,121,1,1,1,6,"1300, ROUTE DE BORDEAUX",44.02858,1.32096
201500034953,11,10,15,7,3,82,121,1,1,1,6,"1987, AUCH (ROUTE D')",43.99765,1.31858
201500034954,23,10,15,19,5,82,121,2,3,1,3,"NC, RAMONETS (CHEMIN DES",44.03698,1.35702
201500034955,31,10,15,18,3,82,121,1,3,1,3,"NC, ROUTE DE BORDEAUX",44.05349,1.29386
201500034956,6,11,15,7,2,82,121,2,2,1,3,"NC, LEOJAC (AVENUE DE)",44.01783,1.38603
201500034957,22,10,15,4,5,82,121,2,1,1,2,"60, BRIAND (RUE ARISTIDE",44.01676,1.3438
201500034958,22,1,15,16,1,82,121,2,1,1,3,"251, MOULIN N 20 (AVENUE",0.0,0.0
201500034959,23,1,15,16,1,82,121,1,1,1,1,"nc, EUROPE (AVENUE DE L'",0.0,0.0
201500034960,2,2,15,18,5,82,121,1,1,1,1,"NC, NEGREPELISSE AVENUE",0.0,0.0
201500034961,31,1,15,20,5,82,121,2,1,1,6,"6, MOUSTIER (FAUBOURG DE",0.0,0.0
201500034962,3,2,15,19,5,82,121,2,2,1,3,"NC, VOLTAIRE (RUE)",0.0,0.0
201500034963,23,2,15,7,5,82,121,2,1,1,6,HERRIOT (BOULEVARD EDOUA,0.0,0.0
201500034964,8,3,15,19,5,82,121,1,1,1,6,"NC, SAINT-MARTIAL D 8 (R",43.997,1.41528
201500034965,12,3,15,7,1,82,121,2,4,1,3,"NC, RAMIEROU (RUE DU)",44.01737,1.38574
201500034966,7,2,15,20,3,82,121,1,1,1,7,"nc, ROUTE DE CASTELSARRA",0.0,0.0
201500034967,2,1,15,8,2,83,141,1,1,7,6,"1, RD 1555 (DRAGUIGNAN/",0.0,0.0
201500034968,23,3,15,17,1,83,50,2,6,1,6,MICHEL(PLACE LOUISE),43.53229,6.4632
201500034969,4,1,15,10,1,83,50,2,6,1,3,VERDUN( AVENUE DE),43.53156,6.47393
201500034970,6,4,15,17,1,83,50,1,3,1,3,"1475, SAINT ESPRIT(CHEMI",43.51226,6.43232
201500034971,4,1,15,12,1,83,50,1,1,1,2,"90, VAUGINE(AVE DE LA)",43.5329,6.48683
201500034972,14,1,15,12,1,83,50,2,1,1,6,"20, QUATRE SEPTEMBRE( AV",43.53609,6.45936
201500034973,18,4,15,9,1,83,50,2,1,1,3,"10, CARNOT(AVENUE LAZARE",0.0,0.0
201500034974,15,1,15,15,1,83,50,2,1,1,6,PAGNOL(BOULEVARD  MARCEL,43.53295,6.4824
201500034975,10,6,15,9,1,83,50,2,1,1,5,"301, POMPIDOU(VOIE  GEOR",43.5294,6.44928
201500034976,16,1,15,22,5,83,141,1,1,2,6,RD 1555 (DRAGUIGNAN/ LE,0.0,0.0
201500034977,22,6,15,16,1,83,50,2,1,1,3,DE GAULLE(AVENUE CHARLES,0.0,0.0
201500034978,7,2,15,19,3,83,141,1,1,1,3,ARCS(ROUTE DES),0.0,0.0
201500034979,22,6,15,9,1,83,141,2,1,1,6,RD 1555 (DRAGUIGNAN/ LE,0.0,0.0
201500034980,17,2,15,20,5,83,141,2,1,1,6,"14, GARE(AVENUE DE LA)",43.50377,6.48418
201500034981,2,7,15,4,5,83,50,2,1,1,2,CLEMENCEAU (BD GEORGES),43.53671,6.46388
201500034982,19,2,15,14,1,83,50,2,1,1,6,CARNOT(AVENUE LAZARE),0.0,0.0
201500034983,21,7,15,23,3,83,50,1,9,1,1,"400, COL DE L'ANGE(RACCO",43.52826,6.44152
201500034984,11,3,15,10,1,83,50,2,1,1,6,CLEMENCEAU(BOULEVARD GEO,43.53732,6.46267
201500034985,26,7,15,1,3,83,50,2,1,1,5,"1149, MANHES(AVENUE FRED",43.5543,6.43339
201500034986,26,8,15,8,1,83,50,2,3,1,3,KENNEDY(BOULEVARD JOHN),0.0,0.0
201500034987,5,9,15,16,1,83,50,1,1,1,5,"908, SCAMARONI(AVENUE FR",0.0,0.0
201500034988,7,9,15,15,1,83,50,2,3,1,3,TUTTLINGEN(AVENUE DE),43.52828,6.44148
201500034989,14,9,15,9,1,83,50,2,5,1,1,GRANDE ARMEE(AVENUE DE L,0.0,0.0
201500034990,19,9,15,14,1,83,50,2,1,1,7,BEAUSSARET(CHEMIN DU),43.52792,6.44343
201500034991,21,9,15,7,1,83,50,1,1,1,3,"69, ALLENDE (avenue Salv",0.0,0.0
201500034992,25,9,15,7,1,83,50,1,1,1,2,ALLENDE (avenue Salvador,0.0,0.0
201500034993,28,9,15,13,1,83,50,2,1,1,6,BLUM(BOULEVARD LEON),43.52803,6.48158
201500034994,29,9,15,11,1,83,50,2,3,1,1,"97, REMPARTS(BOULEVARD",43.54054,6.46883
201500034995,2,10,15,7,2,83,50,2,1,3,6,VERDUN( AVENUE DE),0.0,0.0
201500034996,19,10,15,14,1,83,50,2,1,1,3,"109, CAZELLES(AVENUE JUL",43.53088,6.47287
201500034997,5,11,15,19,5,83,50,2,3,1,3,POMPIDOU(VOIE  GEORGES),43.52646,6.44858
201500034998,3,11,15,7,1,83,50,1,1,1,2,"434, ALLENDE (avenue Sal",0.0,0.0
201500034999,2,12,15,17,5,83,50,2,1,1,6,VERDUN( AVENUE DE),43.53386,6.47788
201500035000,14,12,15,20,5,83,50,2,9,1,6,"7, CLEMENCEAU(BOULEVARD",43.53759,6.46243
201500035001,17,12,15,7,2,83,50,2,9,1,3,"1, PREMIERE ARMEE(AVENUE",43.53153,6.47392
201500035002,14,12,15,12,1,83,50,2,1,1,6,DE TRANS (BD BERNARD),43.53595,6.46736
201500035003,16,12,15,7,2,83,50,2,6,1,3,CAZELLES(AVENUE JULIEN),43.53148,6.47381
201500035004,24,2,15,16,1,83,118,1,1,1,6,BD DU CERCERON,43.43696,6.78493
201500035005,25,3,15,10,1,83,61,2,1,1,6,"188, AVENUE DE VERDUN",43.43302,6.72989
201500035006,8,4,15,1,3,83,61,1,1,1,6,"0, RN7",43.43958,6.7078
201500035007,23,3,15,14,1,83,61,2,1,1,3,"0, BOULEVARD S?VERIN DEC",43.42866,6.73631
201500035008,13,4,15,17,1,83,61,1,1,1,2,RN98 ST AYGULF,0.0,0.0
201500035009,1,5,15,22,5,83,118,2,1,1,6,ROUTE DE LA CORNICHE,0.0,0.0
201500035010,3,5,15,18,1,83,118,2,1,1,3,"667, BD GEN DE GAULLE",0.0,0.0
201500035011,6,5,15,11,1,83,61,1,1,1,3,"0, RUE DE LA VERNÈDE",43.4536,6.71286
201500035012,13,5,15,11,1,83,61,2,1,1,1,"0, RUE DU CAPORAL EL HAD",43.4676,6.7235
201500035013,14,5,15,16,1,83,118,1,1,1,1,ROUTE DE SAINT-BARTHÉLEM,0.0,0.0
201500035014,8,5,15,19,1,83,61,2,2,1,3,"0, AV DE LA CORNICHE",0.0,0.0
201500035015,1,5,15,13,1,83,61,1,1,1,1,RN7,0.0,0.0
201500035016,10,5,15,10,1,83,61,2,1,1,5,AVENUE DU HUIT MAI 1945,0.0,0.0
201500035017,26,5,15,12,1,83,118,2,1,8,6,"57, AVENUE DE VALESCURE",43.42845,6.77237
201500035018,21,5,15,11,1,83,61,2,6,1,3,"0, AVENUE DE PROVENCE",0.0,0.0
201500035019,30,4,15,11,1,83,61,2,1,1,3,"0, AVENUE DE LATTRE DE T",43.43143,6.75287
201500035020,1,6,15,17,1,83,118,2,1,1,3,"0, BOULEVARD GENERAL DE",0.0,0.0
201500035021,18,6,15,9,1,83,118,2,1,1,6,"9, BD G. CLEMENCEAU",43.42429,6.77164
201500035022,13,6,15,5,2,83,61,2,1,1,6,"0, AVENUE DE PROVENCE",0.0,0.0
201500035023,10,7,15,20,1,83,61,1,1,1,3,CD8,43.42543,6.71448
201500035024,15,7,15,16,1,83,61,1,1,1,6,RDN7,43.51067,6.83096
201500035025,25,7,15,14,1,83,61,2,1,1,6,"., AVENUE VICTOR HUGO",43.42626,6.75861
201500035026,26,7,15,20,1,83,118,2,2,1,3,"., BOULEVARD MARÉCHAL JU",43.41434,6.79042
201500035027,21,6,15,10,1,83,61,1,1,1,1,"2700, RD4",0.0,0.0
201500035028,21,7,15,16,1,83,61,2,1,1,3,RD559  ST AYGULF,43.40326,6.72977
201500035029,11,8,15,20,2,83,61,1,1,1,1,RN98 ST AYGULF,43.39343,6.72817
201500035030,14,8,15,15,1,83,61,2,1,1,2,RDN7,43.43984,6.70735
201500035031,21,8,15,11,1,83,61,2,1,1,6,"., RUE GEORGES BESSE",43.4392,6.71837
201500035032,16,9,15,11,1,83,61,2,1,1,6,"., AVENUE DE L'ARGENS",43.42738,6.73553
201500035033,8,9,15,17,1,83,61,2,1,1,3,D37,43.44692,6.75798
201500035034,10,9,15,17,1,83,61,2,1,1,6,37 AVENUE A. SAHKAROV,43.43885,6.74201
201500035035,29,9,15,17,1,83,61,2,4,1,3,"1163, AVENUE DU GÉNÉRAL",0.0,0.0
201500035036,27,9,15,9,1,83,118,1,1,1,3,"., ROUTE DES GOLFS",43.45181,6.83367
201500035037,22,10,15,9,1,83,61,2,1,1,6,"77, AV ARISTIDE BRIAND",43.43211,6.73777
201500035038,16,11,15,17,2,83,61,1,1,1,5,"XXXX, CD8",43.42918,6.72028
201500035039,12,11,15,17,1,83,61,2,1,1,3,"243, RUE DU CAPITAINE BL",43.4315,6.73342
201500035040,1,12,15,13,1,83,61,2,1,1,6,RUE WILLIAM SHAKESPEARE,43.42611,6.74846
201500035041,9,12,15,15,1,83,118,2,3,1,3,RUE JULES BARBIER,43.42219,6.7686
201500035042,10,12,15,11,1,83,118,1,1,1,6,BOULEVARD DE L'ASP,43.42969,6.79469
201500035043,12,11,15,10,1,83,118,2,1,1,6,BOULEVARD DE LA LIBRATI,43.42389,6.75736
201500035044,1,12,15,12,1,83,61,2,6,1,6,RUE DE L'AVELAN,43.4308,6.74926
201500035045,8,2,15,8,1,83,61,2,1,1,6,"382, AVE ANDRE LEOTARD",0.0,0.0
201500035046,1,2,15,18,5,83,118,1,1,1,7,"1371, AVE  DU GD DEFENDS",43.42568,6.80783
201500035047,26,2,15,10,1,83,118,2,4,1,2,AVENUE DE VALESCURE,0.0,0.0
201500035048,4,3,15,15,1,83,118,2,1,1,5,"0, BD DU CERCERON",0.0,0.0
201500035049,6,1,15,6,5,83,61,1,9,1,3,RN98 ST AYGULF,0.0,0.0
201500035050,8,3,15,14,1,83,61,1,1,1,3,RN98,43.35286,6.71259
201500035051,31,12,15,10,1,83,69,2,1,1,6,"3, DE LATTRE DE TASSIGNY",43.12354,6.14586
201500035052,30,3,15,22,5,83,69,2,6,1,7,JUIN ( BOULEVARD DU MARE,43.11469,6.11108
201500035053,4,4,15,16,1,83,69,2,6,1,3,DECUGIS (AVENUE ALFRED),43.10569,6.17581
201500035054,6,4,15,18,1,83,69,2,9,1,6,"1, FERRARI (RUE SOLDAT)",43.12052,6.13269
201500035055,21,12,15,18,5,83,69,2,1,1,2,BEAUREGARD (AV ANDREE),43.11761,6.12527
201500035056,15,4,15,18,1,83,69,2,1,1,3,"1, DECUGIS (AVENUE ALFRE",43.11094,6.16761
201500035057,23,4,15,23,5,83,69,1,3,1,2,"1, MARINE (BOULEVARD DE",43.1,6.17036
201500035058,25,4,15,21,3,83,69,1,1,1,7,"786, MACRI (CHEMIN SOLDA",43.11452,6.17822
201500035059,3,5,15,2,5,83,69,2,1,1,3,TOULON RD 554 (AVENUE DE,0.0,0.0
201500035060,9,5,15,20,2,83,69,1,9,1,1,LOUBES (ROUTE DES),0.0,0.0
201500035061,15,5,15,8,1,83,69,1,3,7,1,chemin de Pomponiana,0.0,0.0
201500035062,25,5,15,16,1,83,69,2,3,1,3,CAWELL (AVENUE EDITH),43.11047,6.12583
201500035063,30,5,15,19,1,83,69,2,4,1,4,CH Petit Traversier du P,43.1147,6.15624
201500035064,7,6,15,4,5,83,69,2,3,1,7,BART (AVENUE JEAN),43.0747,6.15315
201500035065,5,7,15,0,5,83,69,2,1,1,1,AEROPORT (AVENUE DE L'),43.08636,6.14669
201500035066,2,7,15,11,1,83,69,1,1,1,6,THOMAS (AVENUE AMBROISE),43.11547,6.1333
201500035067,5,7,15,21,2,83,69,1,1,1,5,ALMANARRE (ROUTE DE L'),0.0,0.0
201500035068,5,7,15,18,1,83,69,2,1,1,2,MARINE (BOULEVARD DE LA),43.09811,6.16847
201500035069,16,7,15,12,1,83,34,2,1,1,6,"11, GENERAL TOUZET DU VI",43.09519,6.07722
201500035070,25,7,15,1,5,83,69,2,1,1,7,"21, CORPS (AVENUE DU XVE",43.12214,6.14142
201500035071,23,7,15,19,1,83,69,1,1,1,6,"1029, SALINS ( ROUTE DES",43.1188,6.1862
201500035072,10,8,15,23,5,83,69,2,1,1,6,"1, THOMAS (AVENUE AMBROI",43.1185,6.13227
201500035073,3,9,15,2,3,83,69,1,1,1,6,"1, BORDS DU GAPEAU (CHEM",43.12256,6.1756
201500035074,12,9,15,13,1,83,69,2,1,1,2,"11, MISTRAL (BOULEVARD F",43.12443,6.13653
201500035075,14,9,15,13,1,83,69,1,1,1,5,"1, PIERREFEU (ROUTE DE)",43.15502,6.12883
201500035076,15,9,15,22,5,83,69,2,1,1,6,"571, TOULON RD 554 (ROUT",43.12622,6.10038
201500035077,17,9,15,9,1,83,69,1,1,1,2,GIENS (ROUTE DE ),43.08025,6.14933
201500035078,29,9,15,17,1,83,69,2,1,1,6,JAURES (AVENUE JEAN),43.11945,6.13198
201500035079,11,10,15,15,1,83,69,2,9,1,2,"2031, FONT DES HORTS (CH",43.08536,6.12194
201500035080,15,10,15,8,1,83,69,2,1,1,6,CLOTIS (AVENUE JOSEPH),43.1201,6.13047
201500035081,30,10,15,9,1,83,69,1,1,1,3,"1588, MARINE (BOULEVARD",43.09314,6.1635
201500035082,2,11,15,15,1,83,69,1,2,1,3,NICE (ROUTE DE),43.13072,6.16641
201500035083,10,11,15,17,1,83,69,2,1,1,1,"565, ARBANAIS (AVENUE DE",0.0,0.0
201500035084,4,1,15,20,5,83,34,1,6,1,3,RUE DES 3 PINS,0.0,0.0
201500035085,28,11,15,21,3,83,69,2,1,1,1,PIERREFEU (ROUTE DE) RD,43.19394,6.12994
201500035086,10,12,15,0,3,83,69,1,1,1,1,"640, CRAU (ROUTE DE LA )",43.12873,6.92161
201500035087,10,12,15,18,5,83,34,1,1,1,1,CD559,43.09586,6.06925
201500035088,18,12,15,10,1,83,69,2,1,1,3,ARROMANCHES ( ROND POINT,43.08285,6.14968
201500035089,10,1,15,22,3,83,69,1,1,1,6,FRONT DE MER (BOULEVARD),0.0,0.0
201500035090,15,1,15,19,3,83,69,1,1,1,1,"10924, PIERREFEU (ROUTE",0.0,0.0
201500035091,13,1,15,10,1,83,34,1,1,1,6,RUE DES 3 PINS,0.0,0.0
201500035092,16,1,15,11,1,83,69,2,1,1,6,"35, CAWELL (AVENUE EDITH",43.10996,6.12527
201500035093,4,2,15,21,5,83,69,2,6,2,7,ARROMANCHES ( ROND POINT,0.0,0.0
201500035094,20,2,15,9,1,83,69,2,1,1,6,"1, THOMAS (AVENUE AMBROI",0.0,0.0
201500035095,14,3,15,2,3,83,69,1,1,1,6,"1574, BORDS DU GAPEAU (C",43.12109,6.17751
201500035096,1,1,15,18,5,83,129,2,1,1,6,"426, LAENNEC (AVENUE DE)",0.0,0.0
201500035097,21,3,15,20,5,83,9,2,1,2,7,"350, ONZE NOVEMBRE 1945",43.13864,5.75111
201500035098,30,1,15,13,1,83,129,2,1,1,6,LERY (BOULEVARD DE),43.11661,5.84869
201500035099,27,3,15,22,3,83,9,1,1,1,6,"1874, BEAUSSET (ROUTE DU",43.15352,5.76383
201500035100,2,2,15,11,1,83,129,2,1,1,6,"10, ROC FONT DE FILLOL",0.0,0.0
201500035101,1,4,15,19,1,83,129,2,1,6,3,"60, KENNEDY (AVENUE J.)N",43.10794,5.81472
201500035102,9,4,15,15,1,83,9,1,6,1,3,"0, DEPARTEMENTALE 559 (R",43.14927,5.75067
201500035103,19,2,15,16,1,83,123,2,1,1,3,BANDOL (ROUTE)N? IMPAIRS,0.0,0.0
201500035104,28,4,15,21,5,83,129,2,1,1,3,"500, LERY (BOULEVARD DE)",43.11325,5.84894
201500035105,17,2,15,16,1,83,129,1,1,1,6,"2195, KENNEDY (AVE JF.)",0.0,0.0
201500035106,5,5,15,17,1,83,123,2,1,1,3,"2256, BANDOL (ROUTE)N° P",43.13779,5.77501
201500035107,26,2,15,10,1,83,129,2,1,1,3,COUDOULIERE (LA),43.09753,5.81205
201500035108,15,5,15,10,1,83,123,2,1,1,7,"1700, TOULON (ANCIEN CHE",43.12892,5.80361
201500035109,3,3,15,12,1,83,123,2,1,1,7,"574, LANGE (CHEMIN)",43.12668,5.79716
201500035110,19,5,15,9,1,83,9,2,1,1,6,"11, TONNELIERS (RUE DES)",43.13629,5.75391
201500035111,23,5,15,15,1,83,129,2,1,1,3,MER (AVENUE DE LA) N° PA,43.09727,5.8297
201500035112,20,5,15,11,1,83,129,2,1,1,6,"550, MER (AVENUE DE LA)",43.09792,5.82867
201500035113,5,6,15,18,1,83,129,2,1,1,2,"768, DE GAULLE (PROMENAD",43.1111,5.81342
201500035114,3,6,15,12,1,83,9,2,6,1,2,ARMEE D'AFRIQUE (ROND PO,43.149,5.76374
201500035115,5,6,15,15,1,83,129,2,1,1,2,"267, SOLVIOU (CORNICHE D",43.1045,5.81307
201500035116,13,6,15,22,5,83,129,2,1,8,6,"1183, MER (AVENUE DE LA)",43.10201,5.82185
201500035117,14,6,15,21,2,83,129,2,1,1,3,"1735, MER (AVENUE DE LA)",43.10505,5.81695
201500035118,14,6,15,20,1,83,123,2,1,1,6,"18, MARIE ESMENARD (QUAI",43.117,5.80021
201500035119,27,6,15,11,1,83,129,2,1,1,3,"1963, KENNEDY (AVENUE J.",43.10812,5.83496
201500035120,29,6,15,10,1,83,129,2,9,1,3,MER (AVENUE DE LA) N° PA,43.1024,5.82137
201500035121,2,7,15,23,5,83,129,2,6,1,2,"255, JUIN MARECHAL (AV D",43.09485,5.84714
201500035122,6,7,15,18,1,83,123,2,1,1,6,"730, RESISTANCE (AVENUE)",43.12183,5.79615
201500035123,11,6,15,22,2,83,129,2,1,1,7,"1327, LAENNEC (AVENUE DE",43.08552,5.82386
201500035124,8,7,15,8,1,83,129,2,9,1,6,"125, LAENNEC (AVENUE DE)",43.09367,5.8328
201500035125,7,7,15,16,1,83,123,2,1,1,3,"134, TOULON (ANCIEN CHEM",43.12659,5.82129
201500035126,11,7,15,13,1,83,9,1,3,1,7,DEPARTEMENTALE 559 (ROUT,43.15381,5.7458
201500035127,9,7,15,19,1,83,129,2,3,1,3,COUDOULIERE (LA),43.0975,5.81718
201500035128,8,7,15,10,1,83,129,2,1,1,2,DE LATTRE DE TASSIGNY (A,43.09371,5.83915
201500035129,19,7,15,21,2,83,123,2,1,1,6,"2034, BANDOL (ROUTE)N° P",43.15206,5.76417
201500035130,15,7,15,18,1,83,129,1,1,1,1,"61, KENNEDY (AVENUE J.)N",43.10825,5.8145
201500035131,21,7,15,21,1,83,129,2,1,1,3,"596, DE LATTRE DE TASSIG",43.09423,5.8369
201500035132,26,7,15,4,5,83,9,2,1,1,6,PARE (RUE AMBROISE),43.1408,5.74968
201500035133,27,7,15,0,5,83,123,2,1,1,2,"347, GARE (ROUTE)",43.12055,5.81454
201500035134,29,7,15,19,1,83,123,2,1,1,1,TOULON (ANCIEN CHEMIN DE,43.12695,5.81988
201500035135,30,7,15,19,1,83,123,2,1,1,7,"35, RESISTANCE (AVENUE)",43.11771,5.79738
201500035136,29,7,15,8,1,83,9,1,1,1,6,"73, BEAUSSET (ROUTE DU)",43.14942,5.76453
201500035137,2,8,15,8,1,83,9,2,1,1,3,"10, PIERRE PUGET (BD)",43.13956,5.75584
201500035138,13,8,15,11,1,83,129,2,1,1,6,"2279, KENNEDY (AVENUE J.",43.1081,5.83835
201500035139,19,8,15,20,2,83,9,2,1,1,7,"50, ONZE NOVEMBRE 1918",43.13645,5.75309
201500035140,26,8,15,11,1,83,123,2,1,1,6,"186, SAINT ROCH (CHEMIN)",43.12294,5.80634
201500035141,28,8,15,9,1,83,129,2,1,1,6,"77, ROUVEAU (RUE DU)",43.11614,5.80877
201500035142,1,9,15,16,1,83,129,2,1,1,6,DE LATTRE DE TASSIGNY (A,43.0943,5.83776
201500035143,5,9,15,4,5,83,123,1,1,1,7,"1912, BANDOL (ROUTE)N° P",43.12843,5.78409
201500035144,10,9,15,21,4,83,123,2,3,1,3,"405, BANDOL (ROUTE)N° IM",43.12475,5.78911
201500035145,25,9,15,19,1,83,129,2,1,1,6,"330, KENNEDY (AVENUE J.)",43.10749,5.81794
201500035146,24,9,15,8,1,83,129,2,1,1,1,"12, COUDOULIERE (LA)",43.08817,5.80997
201500035147,4,10,15,3,5,83,123,2,9,2,6,"326, SOLEIL (CORNICHE) N",43.1224,5.80153
201500035148,6,10,15,11,1,83,129,2,1,1,6,"165, MER (AVENUE DE LA)",43.09601,5.83124
201500035149,10,10,15,0,5,83,129,2,1,1,6,"466, PALMIERS (AVENUE DE",43.07755,5.8098
201500035150,11,10,15,15,1,83,123,2,1,1,6,"40, EUROPE UNIE (AVENUE)",43.11633,5.80629
201500035151,11,10,15,10,1,83,123,2,1,1,3,BAD SACKINGEN (ROND POIN,43.1216,5.80524
201500035152,17,10,15,20,5,83,129,2,1,1,1,"55, FONT DE FILLOL",43.09781,5.826
201500035153,27,10,15,17,2,83,123,2,1,2,6,"546, GARE (ROUTE)",43.12083,0.58164
201500035154,26,10,15,19,2,83,123,2,6,1,3,"513, RESISTANCE (AVENUE)",43.12165,5.79711
201500035155,2,11,15,15,1,83,129,2,1,1,6,"100, RAYOLET (CORNICHE D",43.08672,5.80806
201500035156,10,11,15,10,1,83,9,2,1,1,6,ALBERT 1ER (AVENUE),43.13531,5.74472
201500035157,17,11,15,18,2,83,123,2,1,1,6,"2186, BANDOL (ROUTE)",43.13714,5.77618
201500035158,19,11,15,15,1,83,123,2,1,1,6,"513, RESISTANCE (AV) N°",43.13145,5.84449
201500035159,20,11,15,18,5,83,9,2,1,1,6,"235, PARE (RUE AMBROISE)",43.14103,5.75124
201500035160,20,11,15,14,1,83,129,2,1,1,6,"446, ECOLES (BD DES)",43.11204,5.81315
201500035161,24,11,15,8,1,83,129,2,1,7,6,"16, LYCEE DE LA COUDOULI",43.09826,5.82082
201500035162,7,12,15,16,1,83,129,2,3,8,3,FONT DE FILLOL (RC ET T),43.09461,5.82337
201500035163,12,12,15,3,5,83,123,2,1,1,6,"237, GARE (ROUTE)",43.11969,5.81295
201500035164,13,12,15,1,5,83,123,2,1,1,6,"559, BANDOL (ROUTE)",43.126,5.78809
201500035165,6,12,15,1,5,83,129,1,1,2,3,"120, CHARMETTES (AV ET T",43.07822,5.80818
201500035166,14,12,15,22,5,83,129,2,2,1,3,ECOLES (BD DES),43.10825,5.8143
201500035167,18,12,15,20,5,83,129,2,1,1,6,"183, MER (AVENUE DE LA)",0.0,0.0
201500035168,6,1,15,7,2,83,126,2,6,1,6,Pablo Neruda,0.0,0.0
201500035169,1,4,15,16,1,83,126,2,2,6,3,"1544, LA SEYNE A BASTIAN",43.08946,5.86881
201500035170,12,1,15,17,2,83,126,2,1,1,3,GAGARINE (AV YOURI),0.0,0.0
201500035171,6,4,15,11,1,83,126,2,6,1,5,"391, RENOIR (AV AUGUSTE)",0.0,0.0
201500035172,28,1,15,13,1,83,126,2,1,1,2,SANTIERI (CHEMIN DE),43.10678,5.86992
201500035173,10,4,15,16,1,83,126,2,3,1,3,"55, QUATRE SEPTEMBRE (BD",43.10386,5.8719
201500035174,14,2,15,16,1,83,126,2,1,3,1,DE BUSSY (RUE CLAUDE),43.08133,5.89175
201500035175,15,4,15,7,1,83,126,2,1,8,6,"1327, ANCIENS COMBATANTS",0.0,0.0
201500035176,26,2,15,11,1,83,126,2,2,1,3,ZOLA (AV EMILE),0.0,0.0
201500035177,12,5,15,21,5,83,126,2,1,1,7,Ytzhak Rabin - D18,0.0,0.0
201500035178,10,3,15,11,1,83,126,2,3,1,3,PACHA (CORNICHE MICHEL),43.08874,5.89894
201500035179,18,5,15,23,3,83,126,1,1,1,7,LA SEYNE A OLLIOULES (CH,43.09083,5.86842
201500035180,19,5,15,9,1,83,126,2,6,1,6,LACROIX (RUE PIERRE),43.10103,5.88391
201500035181,20,5,15,12,1,83,126,2,1,1,6,"1951, POMPIDOU (CORNICHE",43.08322,5.89542
201500035182,26,5,15,11,1,83,126,2,1,1,3,"154, LAMARQUE (AV JEAN A",43.10897,5.86158
201500035183,27,5,15,17,1,83,126,2,3,1,3,", GUILLAUME (AV HENRI)",43.08905,5.89505
201500035184,29,5,15,19,1,83,126,2,2,1,3,"50, ZOLA (AV EMILE)",43.10579,5.87789
201500035185,2,6,15,17,1,83,126,2,1,1,6,"50, BARTOLINI (AV JEAN)",43.1146,5.86149
201500035186,28,5,15,10,1,83,126,2,1,1,3,"30, EVESCAT AUX SABLETTE",43.08836,5.89057
201500035187,10,6,15,9,1,83,126,1,1,1,6,"50, BARTOLINI (AV JEAN)",43.1146,5.86166
201500035188,19,6,15,14,1,83,126,2,1,1,5,"510, JUIN (AV MARECHAL)",43.10708,5.87055