Num_Acc,jour,mois,an,hr,condition_eclairage,departement,commune,condition_agglomeration,intersection,condition_atmosphere,type_collision,adresse,lattitude,longitude
201500035189,19,6,15,20,1,83,126,2,1,1,6,", EUROPE (BD DE L')",43.11458,5.85591
201500035190,14,6,15,18,1,83,126,1,1,1,3,"271, PAUL (AV MARCEL)",0.0,0.0
201500035191,23,6,15,10,1,83,126,2,1,1,6,"105, GAMBETTA (AV)",43.10734,5.87751
201500035192,2,6,15,10,1,83,126,2,1,1,3,DE LATTRE DE TASSIGNY (R,0.0,0.0
201500035193,14,7,15,21,1,83,126,2,1,1,7,CURET (AV LOUIS),43.10397,5.88019
201500035194,14,7,15,9,1,83,126,2,1,1,6,"16, CARMILLE ( AV DU GEN",43.09682,5.88839
201500035195,7,7,15,16,1,83,126,2,3,1,3,POMPIDOU (CORNICHE GEORG,43.08879,5.89899
201500035196,16,7,15,16,1,83,126,1,1,1,6,"15, EUROPE (BD DE L')",43.11287,5.85843
201500035197,2,8,15,16,1,83,126,1,1,1,3,"0, ECHANGEUR D'OLLIOULES",43.12011,5.85309
201500035198,5,8,15,18,1,83,126,2,1,1,3,ALLENDE (AV. SALVADOR),43.08697,5.88098
201500035199,5,8,15,17,1,83,126,2,1,1,2,MATTEI (AV J.B.),43.08117,5.8946
201500035200,25,8,15,17,1,83,126,2,1,1,6,"780, ANCIENS COMBATANTS",43.10506,5.85568
201500035201,28,10,15,15,1,83,126,2,5,1,1,", HUIT MAI 1945 ( CARREF",43.10765,5.87709
201500035202,3,11,15,10,1,83,126,2,1,3,6,"9, FABRE (QUAI SATURNIN)",43.10211,5.88133
201500035203,6,11,15,17,3,83,126,1,1,1,3,"924, JUIN (AV MARECHAL)",43.10704,5.8748
201500035204,14,11,15,8,1,83,126,2,1,1,2,"81, STALINGRAD (BD)",43.10725,5.86466
201500035205,23,11,15,16,1,83,126,1,1,1,6,"25, MARTINI (RUE J BAPTI",43.10009,5.88073
201500035206,17,12,15,18,5,83,126,2,1,1,3,"50, MENDES FRANCE (AV PI",43.10909,5.87519
201500035207,17,12,15,8,1,83,126,1,1,1,3,"1, ECHANGEUR D'OLLIOULES",43.11939,5.85341
201500035208,23,12,15,18,3,83,126,2,1,1,1,"200, VAROISE (CORNICHE)",43.06158,5.86477
201500035209,3,1,15,17,1,83,137,2,1,1,7,LE BELLEGOU (AVE EDOUARD,43.11667,5.94134
201500035210,2,1,15,15,1,83,137,2,1,1,1,"0, RESISTANCE (AVE / IMP",0.0,0.0
201500035211,13,3,15,13,1,83,98,1,1,1,7,LE LEAP (AVENUE ALAIN),43.10697,6.02522
201500035212,6,1,15,7,1,83,98,2,1,1,1,"36, GIONO (RUE JEAN)",43.1094,6.01037
201500035213,18,3,15,1,5,83,137,2,6,8,3,"0, TOESCA (BD PIERRE)",43.12814,5.92913
201500035214,10,1,15,0,5,83,62,2,1,1,2,"91, LURCAT (AVENUE ANDRE",43.13935,6.02037
201500035215,17,3,15,11,1,83,137,2,1,1,1,JAUJARD (RUE AMIRAL),43.12472,5.93791
201500035216,13,1,15,17,5,83,137,2,9,1,2,BROSSET (BD GENERAL),0.0,0.0
201500035217,18,3,15,17,1,83,137,2,1,1,2,"49, PICOT (AVE DU COLON",43.12486,5.93582
201500035218,8,1,15,12,1,83,103,2,1,1,6,RIPELLE (VIEUX CHEMIN,0.0,0.0
201500035219,19,3,15,8,1,83,137,2,9,1,2,"2885, RESISTANCE (AVE /",43.11016,5.97744
201500035220,15,1,15,16,1,83,137,2,2,1,6,DUPRAT (RUE HIPPOLYTE),43.12469,5.93078
201500035221,20,3,15,9,1,83,90,2,1,1,6,REPUBLIQUE (RUE DE LA),43.12156,5.92959
201500035222,15,1,15,17,2,83,62,2,1,1,3,"10, DRAGUIGNAN (AVENUE D",0.0,0.0
201500035223,20,3,15,22,5,83,103,2,1,1,6,"206, COLOMBIER (ROUTE DU",43.17502,5.9263
201500035224,15,1,15,18,5,83,90,2,2,1,3,"0, MONNET (AVE JEAN)",0.0,0.0
201500035225,21,3,15,10,1,83,62,2,1,8,6,"22, ROBESPIERRE (BLD)",43.12575,5.94815
201500035226,16,1,15,17,3,83,137,2,1,8,6,"5, MONTEBELLO (RUE DE)",43.12847,5.93081
201500035227,21,3,15,15,1,83,137,2,1,1,7,"0, DARDANELLES (AVE DES)",43.1284,5.92434
201500035228,21,1,15,20,5,83,137,2,1,2,6,"140, LECLERC (AVE GEN)",0.0,0.0
201500035229,24,3,15,17,1,83,90,2,6,2,6,LA GOUBRAN (ROND POINT),0.0,0.0
201500035230,26,1,15,15,1,83,137,2,1,1,6,ARMARIS (BD DES),43.12715,5.98154
201500035231,24,3,15,19,5,83,137,2,1,2,2,"0, PICOT (AVE DU COLONEL",43.13114,5.97308
201500035232,23,1,15,12,1,83,144,2,1,1,6,LECLERC (BD MARECHAL),43.13608,5.98346
201500035233,27,3,15,19,2,83,90,1,1,1,7,"0, NATIONALE 8 (ROUTE)",0.0,0.0
201500035234,26,1,15,14,1,83,137,2,1,1,3,"0, LE BELLEGOU (AVE EDOU",43.11571,5.94209
201500035235,28,3,15,12,1,83,137,2,3,1,3,"0, PICOT (AV DU COLONEL)",0.0,0.0
201500035236,27,1,15,10,1,83,137,2,3,1,3,"0, NOMY (RUE AMIRAL)",43.12186,5.95555
201500035237,4,4,15,11,1,83,90,1,1,1,6,"0, GORGES (ROUTE DES)",0.0,0.0
201500035238,28,1,15,7,2,83,137,2,1,1,6,"16, FRANCE (RUE ANATOLE)",43.12322,5.92975
201500035239,7,4,15,23,5,83,137,2,1,1,6,"48, JANVIER (RUE)",43.13405,5.91261
201500035240,28,1,15,7,1,83,62,2,1,1,3,"322, DELAGE (RUE MARC)",43.12501,6.00511
201500035241,9,4,15,8,1,83,137,2,1,1,6,"99, CHENIER (RUE ANDRE)",43.12808,5.96155
201500035242,31,1,15,7,5,83,137,2,1,1,6,"4, PICOT (AVE DU COL)",43.1257,5.93139
201500035243,10,4,15,8,1,83,137,2,1,1,6,"0, CHARLEUX (AVE JULES)",43.11713,5.98142
201500035244,30,1,15,9,1,83,98,2,3,1,3,BROSSET (AVE DU GEN),0.0,0.0
201500035245,12,4,15,11,1,83,137,2,1,1,6,PICOT (AVE DU COLONEL),43.12562,5.93178
201500035246,12,1,15,18,4,83,137,2,2,1,3,"0, GASQUET (AVE JOSEPH D",0.0,0.0
201500035247,12,4,15,15,1,83,137,2,1,1,6,CHURCHILL (AVE WINSTON),43.12505,5.92636
201500035248,22,1,15,8,1,83,137,2,1,1,3,"0, MALON (AVE BENOIT)",43.12275,5.95535
201500035249,14,4,15,7,1,83,137,2,6,1,3,BRIAND (AVE ARISTIDE PRO,0.0,0.0
201500035250,3,2,15,11,1,83,137,2,1,1,3,MIRASOULEOU (AVE / ROND,43.13349,5.98125
201500035251,14,4,15,13,1,83,137,2,4,1,2,"1703, PICOT (AVE DU COLO",0.0,0.0
201500035252,7,2,15,1,5,83,137,2,1,2,7,CUZIN (AVE FRANCOIS),0.0,0.0
201500035253,11,4,15,19,1,83,137,2,3,1,7,"466, ABEL (BD J- BAPT)",43.1163,5.96104
201500035254,5,2,15,12,1,83,62,2,1,2,2,"0, LURCAT (AVENUE ANDRE)",43.13853,6.02175
201500035255,8,4,15,12,1,83,62,2,1,1,6,SANDRO (AVENUE CHARLES),43.12708,6.01097
201500035256,7,2,15,19,5,83,62,2,1,2,2,"0, PREMIER (BAT.INF.DU P",0.0,0.0
201500035257,14,4,15,19,1,83,137,2,3,1,6,15EME CORPS (AVE DU),43.12839,5.90935
201500035258,12,2,15,4,3,83,144,2,3,1,6,"0, BLANC (BD DR EUGENE)",43.22569,5.9566
201500035259,15,4,15,22,5,83,137,2,1,1,5,PICOT (AVE DU COLONEL),0.0,0.0
201500035260,20,1,15,5,5,83,137,2,1,3,6,"522, REPUBLIQUE (AVE DE",43.11899,5.9347
201500035261,15,4,15,20,5,83,137,2,1,1,3,"127, TESSE (BD DE)",43.12742,5.93099
201500035262,8,2,15,3,5,83,144,1,9,1,3,"0, BLANC (BD DR EUGENE)",0.0,0.0
201500035263,16,4,15,12,1,83,137,2,1,1,6,"638, BRIAND (AVE ARISTID",43.12627,5.89939
201500035264,12,2,15,19,5,83,62,2,1,1,6,"620, DRAGUIGNAN (AVENUE",0.0,0.0
201500035265,18,4,15,19,1,83,137,1,1,1,6,"404, CUZIN (AVE FRANCOIS",0.0,0.0
201500035266,16,1,15,19,5,83,137,2,1,2,1,"0, LEYGUES (ALLEE / IMP",43.12296,5.96399
201500035267,19,4,15,17,1,83,90,1,1,8,6,"1624, MONNET (AVE JEAN)",0.0,0.0
201500035268,20,2,15,12,1,83,137,1,1,1,2,"389, FAVIERES (CHEMIN DE",0.0,0.0
201500035269,21,4,15,8,1,83,137,2,1,1,3,"199, VICTOIRE DU 8 MAI 1",43.13088,5.92901
201500035270,19,2,15,22,5,83,137,2,1,1,6,"860, PICON (BD LOUIS)",43.13666,5.91194
201500035271,20,4,15,9,1,83,137,2,1,1,2,"0, DEMOCRATIE (BD DE LA)",43.12599,5.93894
201500035272,22,2,15,10,1,83,137,2,3,1,3,"0, TIRAILLEURS SENEGALAI",43.11061,5.93224
201500035273,24,4,15,18,1,83,137,2,1,1,6,"240, LECLERC (AVE GENERA",0.0,0.0
201500035274,24,2,15,15,1,83,90,1,1,1,3,"0, MERMOZ (AVE JEAN)",43.13749,5.85059
201500035275,3,5,15,20,2,83,137,2,3,1,1,"420, 15EME CORPS (AVE DU",43.1283,5.90916
201500035276,25,2,15,15,1,83,137,2,1,1,6,"506, lUBAC (CHEMIN DE)",43.15579,5.92194
201500035277,29,4,15,11,1,83,137,2,1,1,6,"0, PAUL (RUE DU CHEVALIE",43.12225,5.93094
201500035278,25,2,15,11,1,83,137,2,2,7,1,"954, RESISTANCE (AVE)",0.0,0.0
201500035279,10,5,15,10,1,83,137,2,2,1,3,"0, RESISTANCE (AVE / IMP",43.1183,5.94583
201500035280,28,2,15,9,1,83,137,2,1,1,3,ROUTES (AVE DES),0.0,0.0
201500035281,11,5,15,7,1,83,137,2,3,1,5,"0, PICOT (AVE DU COLONEL",0.0,0.0
201500035282,26,2,15,12,1,83,144,2,1,1,3,"0, JEAN (AVE DU DOCTEUR)",43.13398,5.98917
201500035283,12,5,15,11,1,83,62,1,1,1,3,"0, FABRI DE PEIRESC (AVE",43.13847,6.02719
201500035284,4,3,15,9,1,83,62,1,1,1,3,"1811, ASTOURET (CHED')",43.11476,6.04711
201500035285,13,5,15,14,1,83,137,1,1,1,6,"1, BONNETIERES (RUE DES)",43.12097,5.93267
201500035286,22,2,15,17,1,83,137,2,3,1,6,"0, 15EME CORPS (AVE DU)",0.0,0.0
201500035287,14,5,15,14,1,83,137,2,1,1,6,"0, DAUDET (RUE ALPHONSE)",43.12136,5.93883
201500035288,27,2,15,14,1,83,137,2,1,1,6,BOURGET (RUE DU),43.12362,5.95265
201500035289,14,5,15,14,1,83,137,2,1,1,6,"0, SAINT BERNARD (RUE /",43.1227,5.9367
201500035290,23,2,15,19,5,83,137,2,1,1,6,"0, BRIAND (AVE ARISTIDE",0.0,0.0
201500035291,16,5,15,18,1,83,137,2,1,1,6,"53, DROUET (RUE / CITE)",43.14142,5.90141
201500035292,4,3,15,9,1,83,62,2,1,1,3,BERTHELOT (RUE MARCELIN),43.14852,6.04115
201500035293,8,5,15,18,1,83,90,1,1,1,2,"1500, SANARY (ROUTE DE)",0.0,0.0
201500035294,12,3,15,11,1,83,144,2,1,1,3,"59, LAVOISIER (AV / IMP)",43.13852,5.99868
201500035295,16,5,15,11,1,83,144,2,1,1,4,"1, LIBERATION (AVE DE LA",43.14308,5.98755
201500035296,18,2,15,17,1,83,137,2,6,1,6,"0, ARTILLERIE DE MARINE",43.11233,5.9337
201500035297,17,5,15,14,1,83,98,1,1,1,6,"0, GAVARESSE (CHEMIN DE",43.08698,6.03957
201500035298,3,3,15,18,2,83,137,2,1,1,1,"0, POINCARE (RUE HENRI)",43.11965,5.94052
201500035299,18,5,15,8,1,83,137,2,1,1,6,"1, GUES (BD DE L'ENSEIGN",43.11601,5.98096
201500035300,20,5,15,20,1,83,90,1,1,1,1,"0, CAPELLANE (ROND POINT",43.12297,5.84765
201500035301,1,3,15,12,1,83,137,2,3,2,3,"0, MALON (AVE BENOIT)",43.12189,5.95562
201500035302,31,5,15,1,5,83,137,2,2,1,1,NICOLAS (BD COMMANDANT),43.12626,5.93678
201500035303,2,6,15,7,1,83,144,2,1,1,4,"0, LUMIERE (AVE DES FRER",43.13635,6.00017
201500035304,1,6,15,19,1,83,103,1,1,1,6,"170, DE GAULLE (ROUTE GE",0.0,0.0
201500035305,2,6,15,12,1,83,137,2,1,1,2,"32, 21EME R.I.C. (AVE DU",43.11345,5.94011
201500035306,2,6,15,16,1,83,90,1,1,1,3,"762, FAVEYROLLES (CHE)",43.13574,5.8727
201500035307,3,6,15,17,1,83,62,1,1,1,1,"151, LAVALLEE (AVENUE)",43.1499,6.03784
201500035308,3,6,15,12,1,83,137,2,1,1,7,"0, LEGION ETRANGERE (ALL",43.12155,5.93725
201500035309,6,6,15,0,3,83,144,1,1,1,7,"0, NATIONALE 97 (ROUTE)",43.14766,6.03011
201500035310,6,6,15,1,5,83,137,2,1,1,3,"0, BRIAND (AVE ARISTIDE",43.12531,5.89827
201500035311,6,6,15,21,2,83,137,2,3,1,3,"405, DEMON PARADIS (CHE)",43.1325,5.89485
201500035312,8,6,15,21,2,83,137,2,2,1,3,"0, RESISTANCE (AVE / IMP",0.0,0.0
201500035313,13,6,15,9,1,83,137,2,2,1,6,"0, 15EME CORPS (AVE DU)",43.1285,5.91479
201500035314,13,6,15,17,1,83,62,1,1,1,1,"0, THOUAR MONTEE",43.128,6.01305
201500035315,15,6,15,15,1,83,137,2,1,1,6,"0, LAVENNE (RUE PIERRE)",43.11718,5.93564
201500035316,17,6,15,20,1,83,137,2,1,1,6,"0, CURIE (RUE)",43.13038,5.91325
201500035317,18,6,15,9,1,83,98,2,1,1,3,"117, DE LATTRE (BD DE TA",43.10329,6.02369
201500035318,18,6,15,9,1,83,62,2,1,1,2,"0, EOLE (RUE)",43.13603,6.00152
201500035319,21,6,15,4,5,83,137,2,1,1,7,"549, DE GAULLE (CORNICHE",43.10884,5.95927
201500035320,24,6,15,12,1,83,62,2,2,1,1,Route d'Hyères D98,43.1375,6.02627
201500035321,25,6,15,11,1,83,144,2,1,1,3,"0, CURIE (AVE / IMP PIER",43.10275,5.87276
201500035322,26,6,15,12,1,83,144,2,3,1,3,"0, LAVOISIER (AVE / IMP)",43.13869,5.99933
201500035323,27,6,15,21,2,83,62,1,1,1,6,LURCAT (AVENUE ANDRE),43.13922,6.02067
201500035324,29,6,15,14,1,83,137,2,9,1,3,GASQUET (AVE JOSEPH DE 1,43.11891,5.97911
201500035325,29,6,15,23,5,83,137,2,3,1,3,SAINT BERNARD (RUE / PAS,43.12165,5.93672
201500035326,30,6,15,17,1,83,137,2,1,1,5,"72, FOCH (AVE DU MARECHA",43.07354,5.55278
201500035327,1,7,15,14,1,83,90,2,1,1,6,"0, LEMOYNE (PLACE PAUL)",43.08158,5.50518
201500035328,29,6,15,17,1,83,144,2,6,1,2,UNIVERSITE (AVE DE L'),0.0,0.0
201500035329,3,7,15,15,1,83,62,2,1,1,2,"104, GANCE (AVENUE ABEL)",43.12288,6.0037
201500035330,3,7,15,16,1,83,90,1,1,1,4,"2128, MONNET (AVE JEAN)",0.0,0.0
201500035331,5,7,15,21,1,83,137,2,1,1,3,"65, ROOSEVELT (AVE FRANK",43.12064,5.94009
201500035332,6,7,15,18,1,83,144,2,1,1,3,MIRASOULEOU (AVE),43.1338,5.98063
201500035333,10,7,15,16,1,83,137,2,1,1,3,"131, STE CLAIRE DEVILLE",43.12578,5.97559
201500035334,13,7,15,23,5,83,137,2,3,1,3,"0, MALON (AVE BENOIT)",43.12204,5.95567
201500035335,24,7,15,15,1,83,137,2,1,1,2,"0, BRIAND (AVE ARISTIDE",43.07139,5.53201
201500035336,24,7,15,14,1,83,144,2,1,1,4,"104, MIRASOULEOU (AVE)",43.1337,5.98097
201500035337,24,7,15,17,1,83,137,2,1,1,6,"face au 3, PASTOUREAU (R",43.1252,5.93089
201500035338,26,7,15,23,5,83,137,2,1,1,6,"0, PERI  (PLACE GABRIEL)",43.12626,5.92571
201500035339,28,7,15,8,1,83,137,2,3,1,3,"0, GASQUET (AV JOSEPH D",43.12203,5.97356
201500035340,31,7,15,17,1,83,62,2,1,1,6,"0, PREMIER (BAT.INF.DU P",43.1358,6.02277
201500035341,1,8,15,22,5,83,137,2,1,1,6,"314, ARMARIS (BD DES)",43.12119,5.98093
201500035342,2,8,15,9,1,83,137,2,1,1,3,"0, PRUNEAU (AVE GENERAL)",43.12182,5.9556
201500035343,3,8,15,8,1,83,137,2,3,1,6,BARNIER (BD DU DR CHARLE,43.13057,5.92839
201500035344,5,8,15,18,1,83,62,2,3,1,3,FABRI DE PEIRESC (AVENUE,43.14106,6.03006
201500035345,6,8,15,12,1,83,137,2,1,1,3,"59, HERRIOT (AV EDOUARD)",43.12929,5.89945
201500035346,13,8,15,15,1,83,137,2,1,1,6,"3, DUQUESNE (RUE)",43.1089,5.93745
201500035347,14,8,15,18,1,83,144,2,1,1,6,"420, COUPIANE (AVE DE LA",43.13114,5.98993
201500035348,17,8,15,7,1,83,137,1,1,1,3,"497, LOTI (AVE PIERRE)",43.11355,5.94774
201500035349,17,8,15,15,1,83,137,2,1,1,3,"0, 15EME CORPS (AVE DU)",43.12851,5.91502
201500035350,19,8,15,22,5,83,137,2,1,1,3,"0, HERRIOT (AVE EDOUARD)",43.12923,5.89853
201500035351,20,8,15,13,1,83,137,2,1,1,2,"0, DEVOUCOUX (AVE ROGER)",43.12133,5.94017
201500035352,21,8,15,1,5,83,137,2,1,1,7,"611, LE CHATELIER (AVE A",43.13706,5.89737
201500035353,24,8,15,15,1,83,137,2,3,1,1,"0, CUNEO (BD DOCTEUR)",43.10756,5.93307
201500035354,27,8,15,17,1,83,144,2,1,1,2,"0, 11 NOVEMBRE 1918 (AVE",43.14078,6.00032
201500035355,27,8,15,15,1,83,62,1,1,1,6,"849, PLANTADES (CHEMIN D",43.1426,6.02142
201500035356,29,8,15,17,1,83,137,2,1,1,1,"0, LULLI (RUE)",43.11929,5.94313
201500035357,1,9,15,17,1,83,90,1,1,1,3,"0, SANARY (ROUTE DE)",43.1257,5.8368
201500035358,1,9,15,22,5,83,137,2,1,1,3,"0, BROSSET (BD GENERAL)",43.12901,5.90224
201500035359,2,9,15,14,1,83,137,2,1,1,6,"0, CARMI (SQUARE / ALLEE",43.11622,5.93734
201500035360,2,9,15,15,1,83,137,2,1,1,6,COLBERT (AVE),43.1258,5.933
201500035361,4,9,15,17,1,83,90,2,1,1,5,"0, GORGES (ROUTE DES)",43.14391,5.84694
201500035362,9,9,15,8,1,83,137,2,1,1,6,"108, DEMOCRATIE (BD DE L",43.12643,5.9402
201500035363,9,9,15,15,1,83,98,2,1,1,2,"0, GANZIN (AVENUE DE)",0.0,0.0
201500035364,11,9,15,20,2,83,137,2,1,1,1,"0, DESCARTES (RUE / AVE)",43.12686,5.89481
201500035365,12,9,15,19,1,83,137,1,1,1,7,"1438, GASQUET (AVE JOSEP",43.12346,5.97023
201500035366,14,9,15,10,1,83,98,1,1,1,6,"0, GANZIN (AVENUE DE)",43.10793,6.03131
201500035367,15,9,15,8,1,83,62,1,3,1,3,"0, ST JUST (AVENUE LT AN",43.14272,6.01241
201500035368,22,9,15,6,1,83,137,2,1,1,1,"0, CUZIN (AVE FRANCOIS)",43.12257,5.94511
201500035369,22,9,15,16,1,83,137,2,1,1,2,FONTAN (AVE DU DOCTEUR),43.13122,5.918
201500035370,24,9,15,12,1,83,137,2,1,1,4,"484, JOFFRE (BLD)",43.12392,5.95367
201500035371,24,9,15,17,1,83,137,2,1,1,2,"771, FLORENT (CHEMIN BAR",43.15366,5.91683
201500035372,25,9,15,10,1,83,137,2,1,1,6,"467, MICHELETC (BD JULES",43.11294,5.94574
201500035373,23,9,15,11,1,83,137,2,3,1,3,"0, SAINTE ANNE (BD / RUE",43.13464,5.93208
201500035374,1,10,15,9,1,83,137,2,3,1,3,"0, VICTOIRE DU 8 MAI 194",43.13109,5.93257
201500035375,3,10,15,17,1,83,137,2,2,1,3,", NOMY (RUE AMIRAL)",43.12,5.94916
201500035376,3,10,15,22,3,83,98,1,1,2,1,"706, FOUX (CHEMIN DE LA)",43.11428,6.03108
201500035377,4,10,15,5,1,83,137,1,1,1,2,JOFFRE (BD MARECHAL),43.11666,5.95
201500035378,5,10,15,17,1,83,137,2,1,1,1,"98, BRIAND (AVE ARISTIDE",0.0,0.0
201500035379,6,10,15,18,1,83,144,2,1,1,4,RN98,0.0,0.0
201500035380,10,10,15,17,1,83,137,2,1,1,3,"385, PAGNOL (QUAI MARCEL",43.11421,5.9404
201500035381,9,10,15,20,4,83,137,2,1,1,6,"14, PASSY (AVE FREDERIC)",43.12169,5.94799
201500035382,12,10,15,16,1,83,137,2,1,1,6,"0, DUNANT (HENRI)",43.12306,5.94639
201500035383,16,10,15,21,5,83,137,2,9,1,3,BRIAND (AVE ARISTIDE DE,43.1255,5.8971
201500035384,18,10,15,7,2,83,137,2,1,1,3,"0, COURBET (ALLEE AMIRAL",43.1232,5.93594
201500035385,21,10,15,12,1,83,90,1,1,1,4,"0, DEPARTEMENTALE 11 (RO",43.12573,5.83131
201500035386,23,10,15,13,1,83,90,1,1,1,6,"0, NATIONALE 8 (ROUTE)",43.1306,5.8735
201500035387,26,10,15,8,1,83,137,2,4,1,7,ROUTES (AVE DES),43.13734,5.91441
201500035388,28,10,15,10,1,83,137,2,1,2,1,"242, RICHARD (TRAVERSE)",43.13787,5.89824
201500035389,30,10,15,17,1,83,90,1,3,1,3,"0, SANARY (ROUTE DE)",43.12573,5.83131
201500035390,3,11,15,1,5,83,137,2,1,1,6,HERRIOT (AVE EDOUARD),43.12899,5.89545
201500035391,4,11,15,12,1,83,137,2,3,1,3,"0, PICOT (AVE DU COLONEL",43.12912,5.96778
201500035392,8,11,15,6,5,83,62,2,1,1,7,JAURES (AVENUE JEAN),43.11976,6.01089
201500035393,8,11,15,19,1,83,137,2,2,1,3,"0, GUILLEMARD (RUE ROBER",43.12451,5.92613
201500035394,9,11,15,10,1,83,90,1,1,1,1,"0, SANARY (ROUTE DE)",43.1257,5.83335
201500035395,12,11,15,15,1,83,137,1,1,1,6,"2040, GASQUET (AVE JOSEP",43.12028,5.97627
201500035396,16,11,15,14,1,83,62,2,6,1,3,"90, DELAGE (RUE MARC)",43.12488,6.0081
201500035397,17,11,15,8,1,83,137,2,1,1,6,"192, PICOT (AVE DU COLON",0.0,0.0
201500035398,21,11,15,17,2,83,137,2,5,6,3,"0, MICHELETC (BD JULES)",0.0,0.0
201500035399,22,11,15,17,5,83,137,1,1,1,2,"0, CUNEO (BD DOCTEUR)",43.10692,5.9352
201500035400,28,11,15,14,1,83,98,2,1,1,2,"470, BROSSET (AVENUE DU",0.0,0.0
201500035401,29,11,15,12,1,83,137,1,1,1,6,"0, BEAUSSIER (RUE)",43.10827,5.93741
201500035402,25,11,15,13,1,83,62,2,1,1,3,"1600, DRAGUIGNAN (AVENUE",43.1459,6.03984
201500035403,30,11,15,17,2,83,144,2,1,1,4,"0, LIBERATION (AVE DE LA",43.14295,5.98886
201500035404,1,12,15,7,1,83,62,2,1,1,2,DE LATTRE DE TASSIGNY (A,43.11302,5.99669
201500035405,2,12,15,10,1,83,62,2,1,1,3,"194, SANDRO (AVENUE CHAR",43.12696,6.01072
201500035406,27,11,15,15,1,83,137,2,1,1,6,"100, BAZEILLES (BD / RON",43.11272,5.93909
201500035407,7,12,15,18,5,83,62,2,1,2,6,PREMIER (BAT.INF.DU PACI,43.08044,6.01092
201500035408,8,12,15,19,5,83,137,2,1,1,6,"0, JOFFRE (BD MARECHAL)",43.12411,5.96722
201500035409,13,12,15,0,5,83,62,2,1,2,1,HOUOT (AVENUE CDT),0.0,0.0
201500035410,15,12,15,12,1,83,62,2,2,1,6,"0, GAMBETTA (RUE LEON)",43.1245,6.00921
201500035411,18,12,15,7,2,83,137,2,1,1,5,"0, DE LA GRAVIERE (PLACE",43.12668,5.92084
201500035412,19,12,15,11,1,83,144,2,1,1,6,"2, BRIAND (AVE ARISTIDE)",43.13791,5.98536
201500035413,27,12,15,18,4,83,137,2,1,1,6,BLONDEL (RUE ANDRE),43.12517,5.9723
201500035414,30,12,15,17,1,83,62,1,1,1,3,"0, PLANQUETTE (CHEMIN DE",43.13363,6.02891
201500035415,30,12,15,18,4,83,137,2,1,1,1,"0, RIGOUMEL (CHEMIN DE)",43.14383,5.90692
201500035416,31,12,15,17,1,83,90,2,1,1,3,"0, SANARY (ROUTE DE)",43.12577,5.83032
201500035417,7,2,15,7,5,84,7,1,1,1,6,CHARLES DE GAULLE,43.92894,4.81226
201500035418,17,4,15,18,1,84,7,2,1,1,6,"29, MONCLAR (Avenue)",43.93963,4.80588
201500035419,31,12,15,20,5,84,7,2,1,2,6,RHONE (Boulevard du ),43.95202,4.80394
201500035420,26,3,15,16,1,84,7,2,1,1,6,"17, CHARLES DE GAULLE",43.9315,4.82784
201500035421,27,7,15,12,1,30,11,2,4,1,3,NORD BOULEVARD DU,43.96394,4.77541
201500035422,28,4,15,14,1,84,7,2,1,1,6,RENE CASSIN (rue),43.94633,4.84288
201500035423,16,4,15,13,1,84,7,2,4,1,3,PICASSO (rue Pablo),43.94354,4.84343
201500035424,5,5,15,12,1,84,7,2,1,1,1,MONTFAVET (Route),43.94095,4.8267
201500035425,31,3,15,20,5,84,7,1,1,1,3,MARSEILLE (Route de ),43.9106,4.88343
201500035426,16,12,15,9,1,84,7,2,2,1,6,SAINT MICHEL (Boulevard),43.94387,4.81503
201500035427,15,5,15,18,1,30,351,1,1,1,2,ARAMON ROUTE D',43.93346,4.74556
201500035428,16,12,15,20,5,84,7,1,1,1,6,MARSEILLE (Route de ),43.92244,4.85724
201500035429,30,4,15,21,2,30,11,2,1,1,6,"795, CARRIERES BOULEVARD",0.0,0.0
201500035430,17,6,15,19,1,84,7,2,3,1,3,PIERRE SEMARD (avenue),43.93936,4.82122
201500035431,4,5,15,12,1,84,7,2,1,1,6,188 av des VERTES RIVES,43.93616,4.87418
201500035432,10,6,15,17,1,84,7,1,1,1,5,MARSEILLE (ROUTE DE ),43.9222,4.85819
201500035433,28,3,15,22,5,84,7,2,1,1,6,"47-49, SIXTE ISNARD (Bou",43.93783,4.81505
201500035434,1,6,15,19,2,84,7,2,1,1,6,"220, MONCLAR (Avenue)",43.92809,4.79932
201500035435,6,7,15,19,1,84,7,2,7,1,2,CHARLES DE GAULLE,0.0,0.0
201500035436,30,6,15,0,3,84,7,1,1,1,6,MARSEILLE (ROUTE DE ),43.8905,4.91081
201500035437,25,8,15,19,1,84,7,2,1,1,6,MONCLAR (Avenue),43.93525,4.80416
201500035438,28,6,15,1,5,84,7,2,1,1,2,"4725, C.De GAULLE (Rocad",43.92869,4.81167
201500035439,13,11,15,11,1,30,351,2,1,1,6,"61, PASTEUR AVENUE",43.95936,4.77788