Num_Acc,jour,mois,an,hr,condition_eclairage,departement,commune,condition_agglomeration,intersection,condition_atmosphere,type_collision,adresse,lattitude,longitude
201500035440,7,5,15,19,1,84,7,2,1,1,6,OULLE (Allées de l'),0.0,0.0
201500035441,24,11,15,9,1,84,7,1,1,1,1,Islon (Chemin de l'),43.97577,4.82066
201500035442,4,4,15,16,1,84,7,1,1,1,3,SAINT RUF (AVENUE),43.9328,4.80982
201500035443,15,10,15,16,1,84,7,1,1,1,3,rue Ss Marin Casablanca,43.92278,4.85938
201500035444,10,6,15,10,1,84,7,2,3,1,3,PIERRE SEMARD (avenue),43.94138,4.81788
201500035445,2,12,15,15,1,84,7,2,6,1,4,", MARSEILLE (Route de )",0.0,0.0
201500035446,21,8,15,23,5,84,7,2,1,1,1,pont de l'europe,43.94379,4.79637
201500035447,10,12,15,12,1,84,7,2,9,1,6,Bd Limbert (ex RN570),0.0,0.0
201500035448,22,8,15,7,1,84,7,2,1,1,6,"58, SAINT RUF (Avenue)",43.9377,4.81022
201500035449,25,12,15,17,2,84,7,2,1,1,1,bd du quai Saint Lazare,0.0,0.0
201500035450,12,9,15,15,1,30,11,1,1,1,6,NATIONALE 100  (ROUTE),43.9492,4.78522
201500035451,3,9,15,7,1,84,7,2,1,1,2,EX RN 100,43.95325,4.81375
201500035452,13,7,15,11,1,84,7,2,1,1,7,SOUSPIROUS (Avenue des ),0.0,0.0
201500035453,21,9,15,8,1,30,11,1,1,1,7,ARAMON ROUTE D',0.0,0.0
201500035454,29,7,15,19,1,30,351,2,5,1,3,PONT DU ROYAUME,43.95446,4.78153
201500035455,21,9,15,13,1,84,7,2,1,1,6,Avenue de la trillade,0.0,0.0
201500035456,23,10,15,17,1,84,7,2,2,1,3,Route de MONTFAVET,43.94388,4.81922
201500035457,19,7,15,20,2,84,7,2,1,1,1,PIERRE SEMARD (avenue),43.93504,4.83017
201500035458,30,10,15,19,2,84,7,2,1,1,3,MORIERES (Route de ),0.0,0.0
201500035459,5,11,15,6,4,84,7,2,1,1,2,Pierre Semard (avenue),0.0,0.0
201500035460,30,10,15,4,3,30,11,1,1,1,5,R.N. 100,43.95649,4.7547
201500035461,8,5,15,20,2,84,7,2,5,1,3,C.De GAULLE (Rocade),43.93419,4.83191
201500035462,28,10,15,0,5,84,7,2,2,1,3,SAINT MICHEL (Boulevard),43.94326,4.8124
201500035463,7,11,15,17,2,84,7,2,1,1,6,", SAINT DOMINIQUE (Boule",43.94742,4.79985
201500035464,27,10,15,10,1,30,11,1,1,1,5,RD 6100,0.0,0.0
201500035465,2,6,15,17,1,84,7,2,9,1,3,PIERRE SEMARD (avenue),43.93936,4.82125
201500035466,17,7,15,10,1,84,7,2,1,1,6,"5, RUE DES GROTTES",43.95134,4.80513
201500035467,28,11,15,8,1,84,7,2,2,1,3,", Midi (boulevard du)",43.93588,4.82317
201500035468,3,10,15,12,1,84,7,2,1,1,2,PIERRE BEREGOVOY (AVENUE,43.92361,4.86505
201500035469,31,10,15,15,1,84,7,1,1,1,3,MARCOU DELANGLADE (AVENU,43.92133,4.86822
201500035470,2,8,15,6,2,84,7,2,1,1,6,"23, SIXTE ISNARD (Boule",43.9375,4.81244
201500035471,15,12,15,16,1,84,7,2,1,2,4,LYON (route de ),43.95041,4.82377
201500035472,14,12,15,18,5,84,7,2,1,1,6,"4, PAMARD (Rue Paul)",43.92863,4.81311
201500035473,13,1,15,11,1,84,7,2,1,1,6,LIMBERT (Boulevard),43.94451,4.81588
201500035474,30,1,15,13,1,84,7,2,7,1,6,"138, TARASCON ( Avenue d",43.9256,4.80938
201500035475,6,10,15,17,1,84,31,2,1,1,6,GARE BOULEVARD DE LA,44.04888,5.0448
201500035476,22,3,15,13,1,84,80,1,1,1,7,SARRIANS ROUTE DE,44.06388,4.97522
201500035477,23,8,15,10,1,84,31,2,8,1,6,Comtat Venaissin,44.05212,5.04871
201500035478,15,4,15,13,1,84,31,1,1,1,7,CHEMIN DE SAINT GENS,44.03176,5.05086
201500035479,20,4,15,12,1,84,31,2,9,1,1,"61, PASSET BOULEVARD JEA",44.05113,5.0504
201500035480,16,5,15,16,1,84,31,2,1,6,7,AV JEAN HENRI FABRE,44.04768,5.03157
201500035481,10,9,15,17,1,84,31,2,1,1,2,FABRE AVENUE JEAN HENRI,44.04666,5.03025
201500035482,10,6,15,5,3,84,80,1,1,8,2,CD 942 DE CARPENTRAS A R,44.0453,5.00583
201500035483,24,5,15,14,1,84,31,2,1,1,1,SAINT ROCH AVENUE,44.07077,5.05519
201500035484,17,8,15,20,1,84,31,1,1,1,5,CD 942,44.04657,5.02399
201500035485,19,10,15,4,3,84,35,2,1,1,6,AVIGNON (AVENUE D'),43.85366,5.02407
201500035486,15,4,15,9,1,84,35,2,6,1,3,SEBASTIANI (BOULEVARD),43.82796,5.03371
201500035487,25,11,15,19,3,84,35,1,1,1,6,2900 chemin des Mulets,43.87299,5.06938
201500035488,29,3,15,17,1,84,35,2,1,1,6,COTY (AVENUE RENE),43.83848,5.04662
201500035489,23,6,15,17,1,84,35,2,2,1,3,FOLLEREAU (AVENUE RAOUL),43.84057,5.04734
201500035490,8,10,15,15,1,84,35,2,1,1,6,BOURNISSAC (COURS),43.83483,5.03764
201500035491,13,5,15,19,1,84,87,2,1,1,3,"FACE  7, VERCORS (IMPASS",44.1415,4.81271
201500035492,22,5,15,14,1,84,87,2,1,1,6,SAINT-CLEMENT,44.1307,4.80346
201500035493,23,5,15,20,1,84,87,2,4,1,5,TASSIGNY (AVENUE DE LATT,44.1455,4.80342
201500035494,30,9,15,18,1,84,87,1,1,1,3,RAMAS (CHEMIN),44.1311,4.85006
201500035495,21,10,15,13,1,84,87,2,1,1,6,ROUTE DE LYON,44.15237,4.80281
201500035496,18,5,15,11,1,84,87,2,1,1,6,"07, MISTRAL (AVENUE FRED",44.1376,4.81226
201500035497,22,5,15,21,5,84,87,2,1,1,6,"E 3, DESCARTES (RUE RENE",44.14984,4.80613
201500035498,25,7,15,21,1,84,87,2,1,1,3,"1, MOULIN (RUE JEAN)",44.1489,4.80828
201500035499,3,7,15,20,1,84,87,2,1,1,3,"327, DALADIER (BD EDOUAR",44.13826,4.80983
201500035500,8,8,15,12,1,84,87,1,1,1,6,FAUBOURG (RUE DU),44.14224,4.80819
201500035501,10,8,15,8,1,84,87,2,3,1,2,SULLY (PARKING),44.14224,4.80819
201500035502,7,8,15,15,1,84,87,2,1,1,3,TASSIGNY (AVENUE DE LATT,44.15031,4.80292
201500035503,7,9,15,15,1,84,87,1,1,1,7,"235, CHENES VERTS (RUE D",44.12051,4.82701
201500035504,13,10,15,8,1,84,87,2,3,1,6,PAINLEVE (RUE PAUL),44.1319,4.816
201500035505,26,11,15,19,5,84,87,2,3,1,3,TASSIGNY (AVENUE DE LATT,44.15032,4.80296
201500035506,11,12,15,15,1,84,87,1,1,1,2,AVIGNON (ROUTE D'),44.11134,4.84767
201500035507,28,1,15,12,1,84,87,2,1,1,4,"227, VERDUN (AVENUE DE)",44.1274,4.82208
201500035508,29,1,15,23,3,84,87,1,1,8,6,"1358, CHATEAUNEUF DU PAP",44.1093,4.82049
201500035509,31,1,15,17,3,84,87,1,1,1,6,"1541, CHATEAUNEUF DU PAP",44.10845,4.82055
201500035510,30,1,15,18,2,84,87,1,1,1,1,ROUTE DE CHATEAUNEUF,0.0,0.0
201500035511,14,2,15,10,1,84,87,2,3,8,3,"1, FRERES MOUNET (PLACE",44.13624,4.80942
201500035512,27,2,15,21,5,84,87,2,3,1,3,"FACE 739, DALADIER (BD E",44.13536,4.81221
201500035513,3,12,15,12,1,85,191,1,1,1,1,42 route des Sables,46.39477,-1.2726
201500035514,16,2,15,19,5,85,191,2,1,2,6,31 BD DU MAL LECLERC,46.66983,-1.43674
201500035515,1,2,15,15,1,85,191,1,1,1,1,ROUTE DE NESMY,46.63313,-1.40588
201500035516,11,2,15,15,1,85,191,2,2,1,3,24 RUE DU P. DE GAULLE,46.67138,-1.42117
201500035517,3,4,15,8,1,85,191,2,1,1,2,AVENUE RABIN YITZHAK,46.69771,0.42966
201500035518,10,4,15,17,1,85,191,2,1,1,3,32RUE PIERRE BROSSOLETTE,46.68309,-1.43776
201500035519,16,4,15,0,5,85,191,2,6,1,3,PLACE OLIVIER DE SERRES,46.6814,-1.43554
201500035520,27,4,15,8,1,85,191,2,9,1,6,81 BOULEVARD DES BELGES,46.67429,-1.42218
201500035521,4,5,15,17,1,85,191,2,2,2,3,2 RUE DE LA LOGE,46.66579,-1.44987
201500035522,4,5,15,10,1,85,191,2,9,1,6,RUE RAYMOND POINCARE,46.66893,-1.4336
201500035523,20,5,15,17,1,85,191,2,2,1,3,FOCH RUE DU MARECHAL,46.67375,-1.4283
201500035524,28,5,15,16,1,85,191,2,1,1,1,"1, GABORY RUE EMILE",0.0,0.0
201500035525,18,6,15,13,1,85,191,2,3,1,3,"1, SAVARY DE L'EPINERAYE",46.65479,-1.44581
201500035526,24,6,15,18,1,85,191,1,1,1,6,1  BOULEVARD DU S DURAND,46.6637,-1.45462
201500035527,2,7,15,12,1,85,191,2,1,1,6,"91, LEBON RUE PHILIPPE",46.41358,-1.25579
201500035528,9,8,15,22,3,85,191,1,1,1,6,D160,46.39421,-1.28294
201500035529,23,9,15,8,1,85,191,2,1,1,6,"81, SERPENTINE RUE",46.39444,-1.26026
201500035530,24,9,15,7,5,85,191,1,2,2,6,MAZURELLE RUE GEORGES,0.0,0.0
201500035531,9,10,15,16,1,85,191,2,9,1,6,"56, rue d'Aubigny",46.39204,-1.25564
201500035532,12,10,15,16,1,85,191,2,3,1,3,149 bd d'ITALIE,46.40129,-1.24513
201500035533,13,10,15,8,1,85,191,1,2,1,1,Bd Gaston GUITTON,46.39345,-1.26253
201500035534,13,10,15,13,1,85,191,2,1,1,6,Tournefou,46.38463,-1.26052
201500035535,17,11,15,17,2,85,191,1,1,3,6,Bd Louis Blanc,0.0,0.0
201500035536,29,10,15,18,5,85,191,2,6,1,1,1 giratoire du Cotteau,0.0,0.0
201500035537,17,12,15,12,1,85,191,1,1,1,3,Route de Nesmy,0.0,0.0
201500035538,20,12,15,18,5,85,191,2,1,1,6,Bd Arago,0.0,0.0
201500035539,25,12,15,23,5,85,166,1,1,1,6,Bd Vendée Globe,46.50365,1.7591
201500035540,14,3,15,11,1,85,194,2,1,1,3,59 AVENUE D'AQUITAINE,46.49368,-1.76356
201500035541,29,12,15,13,1,85,166,2,2,1,3,Rue du Maréchal Joffre,46.52913,-1.75543
201500035542,25,3,15,8,1,85,166,1,1,1,1,RD 32,46.53419,-1.75095
201500035543,28,12,15,6,5,85,166,1,6,1,3,Giratoire de la Vannerie,46.51541,-1.75845
201500035544,21,3,15,15,1,85,166,2,6,1,1,ROND-POINT MITTERRAND,46.51341,-1.77667
201500035545,25,4,15,18,1,85,194,2,2,1,3,AVENUE DU Gnl GAULLE,46.49852,-1.7813
201500035546,28,4,15,19,1,85,194,2,1,1,6,04 PLACE DE STRASBOURG,46.49117,-1.7731
201500035547,12,8,15,13,1,85,60,1,1,1,6,HERRIOT (PROMENADE EDOUA,46.47037,1.74251
201500035548,7,6,15,11,1,85,194,2,1,1,6,PLACE DE SCHWABACH,46.48783,-1.76528
201500035549,7,5,15,10,1,85,60,2,1,1,6,RUE DES PLESSES,46.49385,-1.74943
201500035550,16,5,15,14,1,85,166,1,1,1,2,BOULEVARD VENDEE GLOBE,46.51475,-1.75818
201500035551,25,5,15,20,1,85,194,2,1,1,6,"13, SEMARD (RUE PIERRE)",46.49692,-1.78235
201500035552,14,5,15,22,5,85,166,2,6,2,3,ROND-POINT VANNERIE,46.51545,-1.75905
201500035553,10,6,15,11,1,85,194,2,6,1,3,R-P ESTIENNE D'ORVES,46.50283,-1.79852
201500035554,27,6,15,10,1,85,194,2,1,1,6,37 PROMENADE KENNEDY,46.48812,-1.76872
201500035555,9,7,15,16,1,85,194,2,2,1,6,DELVAUT (RUE ERNEST),46.49807,1.78047
201500035556,8,7,15,15,1,85,166,1,1,1,7,"09, MARAICHERS (ROUTE DE",46.52208,-1.79315
201500035557,14,7,15,11,1,85,194,2,1,1,1,"21, BRETAGNE (AVENUE DE)",0.0,0.0
201500035558,19,7,15,4,5,85,60,2,1,1,6,"165, CLEMENCEAU (RUE GEO",46.49106,-1.74782
201500035559,20,7,15,17,1,85,166,2,7,1,6,VENDEE GLOBE (BOULEVARD,46.51328,-1.77878
201500035560,20,8,15,17,1,85,60,1,1,1,5,LATTRE DE TASSIGNY (BOUL,46.47836,-1.75991
201500035561,22,8,15,5,5,85,194,2,3,1,7,LAFARGUE (PROMENADE DE L,46.47836,1.75991
201500035562,28,9,15,12,1,85,166,2,1,1,7,"66, MITTERAND (AVENUE FR",0.0,0.0
201500035563,22,8,15,17,1,85,194,2,3,1,6,NICOT (RUE JEAN),46.49875,-1.78332
201500035564,7,8,15,16,1,85,166,2,6,1,3,VENDEE GLOBE (BOULEVARD,46.51371,1.7821
201500035565,10,8,15,9,1,85,194,2,1,1,7,"19, GARNIER (QUAI EMMANU",46.49588,1.79072
201500035566,14,8,15,16,1,85,194,2,1,1,6,"4, COLLINEAU (PLACE DU G",46.4976,-1.78171
201500035567,24,8,15,20,1,85,194,2,1,1,2,"13, ROUSSEAU-MECHIN (QUA",46.49849,1.79676
201500035568,13,10,15,15,1,85,166,2,3,1,3,"22, MITTERAND (AVENUE FR",46.50799,-1.77719
201500035569,23,10,15,19,1,85,166,1,1,1,7,"26, CHARMELLERIE (RUE DE",46.52117,-1.7607
201500035570,5,11,15,16,1,85,166,2,3,2,6,ADER (RUE CLEMENT),46.51787,-1.78093
201500035571,3,11,15,19,5,85,166,2,1,2,6,LANSIER (RUE EMILE),46.53757,-1.77068
201500035572,29,9,15,16,1,85,166,2,1,1,6,"100, MITTERAND (AVENUE F",46.51254,1.77656
201500035573,24,10,15,12,1,85,194,2,1,1,6,"18, ROUSSEAU-MECHIN (QUA",46.49867,-1.79672
201500035574,13,12,15,12,1,85,166,2,1,1,6,120 rue G Clemenceau,46.51492,1.79048
201500035575,10,1,15,18,5,85,194,2,1,2,6,RUE DU DOCTEUR LAENNEC,46.49821,-1.76653
201500035576,17,1,15,7,5,85,166,2,1,1,6,302 AVENUE F. MITTERAND,46.5315,-1.77405
201500035577,23,1,15,12,1,85,166,2,2,1,3,253 AVENUE F. MITTERAND,46.52855,-1.77442
201500035578,27,1,15,10,1,85,60,2,1,1,3,13 RUE G. CLEMENCEAU,46.50309,-1.74452
201500035579,28,1,15,14,1,85,194,2,1,1,7,46 BD CASTELNEAU,46.493,-1.77429
201500035580,11,2,15,16,1,85,194,2,6,1,3,ROUTE DU TOUR DE FRANCE,46.48556,-1.75396
201500035581,5,1,15,12,1,86,66,2,1,1,7,CORBY (AVENUE DE),0.0,0.0
201500035582,25,3,15,17,1,86,66,2,3,2,2,"42, BORDES (rue des)",46.78279,0.52833
201500035583,8,1,15,13,1,86,66,2,1,1,6,ABELIN (AVENUE PIERRE),0.0,0.0
201500035584,29,3,15,10,1,86,66,2,3,2,3,CHATEAU (QUAI DU),46.81886,0.54163
201500035585,17,1,15,16,1,86,66,2,1,1,2,"6, HERSE (RUE DE L')",46.82512,0.55929
201500035586,13,4,15,18,1,86,66,2,1,2,2,"10, HERSE (RUE DE L')",46.82521,0.5592
201500035587,20,1,15,20,5,86,66,2,1,1,2,"36, LENCLOITRE (ROUTE DE",46.81958,0.51234
201500035588,15,4,15,11,1,86,66,1,1,7,6,"20, NAPOLEON 1ER (QUAI)",46.81673,0.54093
201500035589,26,1,15,13,1,86,66,2,1,1,3,"12, RIPAULT (AVENUE LOUI",46.82602,0.54507
201500035590,25,4,15,22,5,86,66,2,1,1,6,"5, GRAVELINES (RUE DE)",46.80532,0.53317
201500035591,5,5,15,10,1,86,66,2,1,1,6,"27, ABELIN (AVENUE PIERR",46.8082,0.54323
201500035592,6,5,15,12,1,86,66,2,1,1,3,"135, PAGE (AVENUE CAMILL",46.80546,0.52913
201500035593,16,5,15,14,1,86,66,1,1,1,7,"21, PLESSARD (RUE CHARLE",46.80137,0.53338
201500035594,29,5,15,10,1,86,66,2,1,1,3,"51, ANGELARDE (RUE DE L'",46.81419,0.53971
201500035595,8,6,15,11,1,86,66,1,9,1,6,DANGEARD (RUE),46.83635,0.54232
201500035596,22,6,15,15,1,86,66,2,3,1,3,FOCH (AVENUE DU MAREC,46.82571,0.56144
201500035597,30,6,15,18,1,86,66,2,1,1,2,Av Pierre MENDES FRANCEI,46.79235,0.57031
201500035598,3,7,15,20,1,86,66,1,1,1,2,"18, ABELIN (AVENUE PIERR",0.0,0.0
201500035599,7,7,15,15,1,86,66,2,1,1,6,"99, BLOSSAC (BOULEVARD D",46.81814,0.54484
201500035600,9,7,15,18,1,86,66,2,1,1,3,76 GRENADIER FRANCAIS,46.81973,0.5784
201500035601,15,7,15,11,1,86,66,2,1,1,6,"16, ABELIN (AVENUE PIERR",46.80717,0.54297
201500035602,23,7,15,10,1,86,66,2,1,1,6,"1, MILET (RUE JEANINE)",46.81759,0.52031
201500035603,4,8,15,23,5,86,66,2,1,1,7,LYAUTEY (PONT),46.79973,0.538
201500035604,15,8,15,8,1,86,66,2,1,2,7,"0, DUPLEIX (PLACE)",0.0,0.0
201500035605,12,9,15,11,1,86,66,2,1,2,6,"20, NAPOLEON 1ER (QUAI)",46.81673,0.54093
201500035606,16,9,15,13,1,86,66,2,1,3,7,FOMBEURE (RUE MAURICE),0.0,0.0
201500035607,18,9,15,7,5,86,66,2,3,1,3,"34, BLOSSAC (BOULEVARD D",46.81625,0.5457
201500035608,23,9,15,8,1,86,66,2,1,1,7,"31, ABELIN (AVENUE PIERR",46.80878,0.54335
201500035609,23,9,15,11,1,86,66,2,2,1,3,"1, ALSACE LORRAINE (QUAI",46.81693,0.53842
201500035610,23,9,15,17,1,86,66,2,1,1,2,"42, ABELIN (AVENUE PIERR",46.81045,0.54369
201500035611,25,9,15,16,1,86,66,1,2,1,3,GAILLARD (RUE ROBERT),46.80492,0.51783
201500035612,26,9,15,16,1,86,66,2,1,1,6,"42, ABELIN (AVENUE PIERR",46.81054,0.54371
201500035613,29,9,15,13,1,86,66,1,6,1,7,CHARLET(rond point de),46.81871,0.56661
201500035614,7,10,15,12,1,86,66,2,1,2,1,"30, NOBEL (RUE ALFRED)",46.83361,0.53665
201500035615,22,10,15,18,1,86,66,2,1,1,6,"*, HUGO (BOULEVARD VICTO",46.81657,0.54914
201500035616,27,10,15,17,1,86,66,1,1,2,7,PLEUMARTIN (ROUTE DE),46.81315,0.56973
201500035617,3,11,15,13,1,86,66,2,1,1,3,"34, CORBY (AVENUE DE)",46.8222,0.52987
201500035618,4,11,15,16,1,86,66,1,2,1,3,"***, STADES (AVENUE DES)",46.81129,0.52739
201500035619,5,11,15,10,1,86,66,2,1,1,6,"59, RIPAULT (AVENUE LOUI",46.82842,0.54542
201500035620,13,11,15,17,2,86,66,2,6,2,6,"***, WILTZER (ROND POINT",46.81472,0.54464
201500035621,15,11,15,20,3,86,66,2,1,1,1,"79, GAILLARD (RUE ROBERT",46.80604,0.51993
201500035622,18,11,15,12,1,86,66,2,1,1,6,"83, PAGE (AVENUE CAMILLE",46.80343,0.52864
201500035623,20,11,15,16,1,86,66,2,2,3,6,"***, TROIS PIGEONS (RUE",46.813,0.54512
201500035624,21,11,15,10,1,86,66,1,6,1,1,LE PAUTRON (RD 749),46.78604,0.54653
201500035625,27,11,15,17,2,86,66,2,1,1,1,GUERIN (AVENUE PROF,46.80262,0.5453
201500035626,2,12,15,11,1,86,66,2,1,1,6,AVENUE PIERRE ABELIN,46.80543,0.54264
201500035627,9,12,15,13,1,86,66,2,1,1,6,"16, ABELIN (AVENUE PIERR",46.80716,0.54306
201500035628,12,12,15,4,5,86,66,2,1,1,6,"111, BLOSSAC (BOULEVARD",46.81861,0.54526
201500035629,7,1,15,15,1,86,194,1,1,2,4,ROCADE EST (RD 162),0.0,0.0
201500035630,21,3,15,5,5,86,194,2,2,1,6,PAILLERIE (RUE DE LA),0.0,0.0
201500035631,10,1,15,6,5,86,194,2,6,2,2,JACQUES COEUR (AVENUE),46.55869,0.39003
201500035632,20,3,15,18,1,86,194,2,1,2,5,ANDRE MALRAUX (VOIE),46.5846,0.34567
201500035633,10,1,15,18,5,86,194,2,1,2,6,"., ANDRE MALRAUX (VOIE)",0.0,0.0
201500035634,23,3,15,9,1,86,157,2,1,1,2,"908, CHAUVIGNY (ROUTE DE",46.56383,0.40561
201500035635,11,1,15,18,5,86,194,2,1,1,1,"89, ANATOLE FRANCE (BOUL",46.57658,0.34542
201500035636,23,3,15,16,1,86,41,2,1,1,6,VINCENDERIE (RUE DE LA),46.59584,0.34026
201500035637,12,1,15,18,5,86,194,2,2,1,2,"., JEAN RICHARD BLOCH (R",46.56835,0.34376
201500035638,25,3,15,20,5,86,194,2,2,1,2,PONT JOUBERT (BOULEVARD),46.58106,0.35285
201500035639,14,1,15,7,3,86,158,2,1,3,3,RN.149,0.0,0.0
201500035640,26,3,15,12,1,86,194,2,6,2,5,NOUAILLE (ROUTE DE),46.56377,0.36525
201500035641,14,1,15,10,1,86,194,2,1,1,6,"7, PIERRE LEVEE (RUE DE",46.57565,0.35486
201500035642,26,3,15,16,1,86,214,1,1,1,6,GENCAY (ROUTE DE),0.0,0.0
201500035643,14,1,15,11,1,86,194,2,1,1,6,LAFAYETTE (AVENUE DE),46.57596,0.37546
201500035644,3,4,15,13,1,86,194,2,1,1,2,"7, MARAT (BOULEVARD)",46.58647,0.37872
201500035645,14,1,15,18,5,86,194,2,1,1,2,"7, REMPARTS (RUE DES)",46.57627,0.32934
201500035646,6,4,15,10,1,86,194,2,2,1,3,JACQUES COEUR (AVENUE),46.56361,0.38202
201500035647,14,1,15,22,3,86,157,2,3,1,3,RN 147,0.0,0.0
201500035648,7,4,15,17,1,86,194,2,2,1,3,11 NOVEMBRE (AVENUE DU),0.0,0.0
201500035649,17,1,15,11,1,86,194,2,1,1,3,"22, LIBERATION (AVENUE D",46.57277,0.3276
201500035650,8,4,15,19,1,86,214,2,1,1,4,ROCADE SUD EST (RD 162),46.55188,0.32058
201500035651,18,1,15,3,5,86,194,2,1,1,6,"71, GRAND CERF (BOULEVAR",0.0,0.0
201500035652,9,4,15,11,1,86,194,2,2,1,1,KLEBER (RUE),46.58752,0.37439
201500035653,23,1,15,18,5,86,194,2,2,1,3,ROCADE EST (RD 162),0.0,0.0
201500035654,12,4,15,22,5,86,194,2,3,1,2,"119, PLATEAU DES GLIERES",46.60529,0.32192
201500035655,23,1,15,19,5,86,194,2,1,1,4,"13, BOIS D'AMOUR (RUE DU",46.55551,0.30958
201500035656,15,4,15,13,1,86,214,1,1,1,6,ROCADE SUD EST (RD 162),46.33066,0.0
201500035657,24,1,15,15,1,86,194,2,1,1,2,"., ROCADE OUEST (RD 910)",0.0,0.0
201500035658,17,4,15,17,1,86,194,2,4,1,2,ROCADE EST (RD 162),0.0,0.0
201500035659,24,1,15,15,1,86,194,1,1,1,3,ROCADE OUEST (RD 910),0.0,0.0
201500035660,21,4,15,12,1,86,194,2,3,1,2,"., IASSY (AVENUE DE)",46.57219,0.3916
201500035661,25,1,15,2,5,86,194,2,1,9,6,11 NOVEMBRE (AVENUE DU),0.0,0.0
201500035662,22,4,15,8,1,86,194,2,3,1,3,PONT ACHARD (BOULEVARD),46.57781,0.33123
201500035663,26,1,15,6,4,86,194,1,1,1,6,ROCADE OUEST (RD 910),0.0,0.0
201500035664,26,4,15,18,1,86,194,2,1,1,2,"76, GEORGES GUYNEMER (RU",46.57737,0.32627
201500035665,29,1,15,8,1,86,194,1,1,2,3,RN 147,0.0,0.0
201500035666,23,4,15,17,1,86,157,2,2,1,3,RD 951,0.0,0.0
201500035667,29,1,15,13,1,86,194,2,3,3,3,"., GENETS (RUE DES)",46.5687,0.37008
201500035668,27,4,15,10,1,86,194,2,1,1,3,ROCADE EST (RD 162),46.56719,0.36592
201500035669,4,2,15,20,5,86,194,2,3,1,3,FAUBOURG PONT NEUF (RUE,0.0,0.0
201500035670,3,5,15,11,1,86,194,1,1,2,6,"., ANDRE MALRAUX (VOIE)",0.0,0.0
201500035671,5,2,15,8,1,86,194,1,1,1,7,ROCADE EST (RD 162),0.0,0.0
201500035672,5,5,15,19,1,86,194,1,1,1,6,"169, FAUBOURG PONT NEUF",46.57275,0.35867
201500035673,9,2,15,13,1,86,194,2,2,1,3,"., FAUBOURG PONT NEUF (R",0.0,0.0
201500035674,9,5,15,17,1,86,41,1,1,1,4,RN 147 BUXEROLLES,0.0,0.0
201500035675,10,2,15,15,1,86,194,2,1,1,3,"24, GARENNE (RUE DE LA)",0.0,0.0
201500035676,7,5,15,11,1,86,194,2,1,1,2,NANTES (AVENUE DE),0.0,0.0
201500035677,10,2,15,18,5,86,194,2,2,1,6,CONCORDE (BOULEVARD DE L,46.56623,0.35207
201500035678,9,5,15,16,1,86,194,1,1,1,2,JACQUES COEUR (AVENUE),0.0,0.0
201500035679,11,2,15,13,1,86,194,2,1,1,6,"2, FIEF DE GRIMOIRE (RUE",46.57217,0.33835
201500035680,11,5,15,8,1,86,194,2,1,1,3,"46, CHASSEIGNE (BOULEVAR",46.58948,0.3468
201500035681,14,2,15,23,5,86,194,2,3,8,3,ANATOLE FRANCE (BOULEVAR,46.57659,0.34512
201500035682,11,5,15,15,1,86,194,2,1,1,6,"04, SALVADOR ALLENDE (RU",46.5819,0.36976
201500035683,16,2,15,7,2,86,194,1,2,5,3,BONNEUIL MATOURS (ROUTE,0.0,0.0
201500035684,7,5,15,18,1,86,194,2,3,1,3,"., IASSY (AVENUE DE)",46.56919,0.38862
201500035685,19,2,15,15,1,86,158,2,1,1,3,"3, Rue de Chardonchamps",0.0,0.0
201500035686,17,5,15,1,3,86,157,1,1,8,6,RN 147,46.5264,0.44213
201500035687,20,2,15,13,1,86,194,1,3,2,6,"., NIMEGUE (RUE DE)",0.0,0.0
201500035688,30,4,15,19,1,86,194,1,1,1,6,"6, ANCIENNE COMEDIE (RUE",46.58085,0.34262
201500035689,20,2,15,16,1,86,194,1,1,2,4,RN 147,0.0,0.0
201500035690,20,5,15,13,1,86,214,2,1,6,6,OCADE SUD EST (RD 162),0.0,0.0
201500035691,22,2,15,1,3,86,41,1,1,9,6,RN 147 BUXEROLLES,0.0,0.0
201500035692,25,5,15,16,1,86,194,2,1,1,2,"40, LIBERATION (AVENUE D",46.57194,0.32633
201500035693,22,2,15,5,5,86,194,2,3,1,6,ROCADE EST (RD 162),0.0,0.0
201500035694,23,5,15,10,1,86,194,2,1,1,2,"152, FAUBOURG PONT NEUF",46.57295,0.35817
201500035695,24,2,15,8,1,86,194,2,2,1,6,VICTOR HUGO (RUE),0.0,0.0
201500035696,22,5,15,14,1,86,194,2,2,1,3,ROCADE EST (RD 162),46.5673,0.36588
201500035697,27,2,15,0,5,86,158,1,1,1,6,RN.147,0.0,0.0
201500035698,26,5,15,18,1,86,41,1,1,1,6,FRERES LUMIERE (RUE DES),46.60973,0.36703