Num_Acc,jour,mois,an,hr,condition_eclairage,departement,commune,condition_agglomeration,intersection,condition_atmosphere,type_collision,adresse,lattitude,longitude
201500035699,28,2,15,21,5,86,194,2,2,2,3,"., ROCADE OUEST (RD 910)",0.0,0.0
201500035700,29,5,15,21,5,86,194,2,3,1,6,"5, SAINTE CATHERINE (RUE",46.57851,0.34358
201500035701,2,3,15,9,1,86,194,2,1,1,2,ROCADE OUEST (RD 910),0.0,0.0
201500035702,1,6,15,8,1,86,157,1,1,1,1,RN.147,0.0,0.0
201500035703,2,3,15,12,1,86,88,1,1,1,6,,0.0,0.0
201500035704,1,6,15,18,1,86,157,2,2,1,2,CHAUVIGNY (ROUTE DE),46.56345,0.40873
201500035705,4,3,15,6,5,86,214,2,3,1,3,ROCADE SUD EST (RD 162),0.0,0.0
201500035706,2,6,15,23,3,86,194,2,1,1,6,"2, LAFAYETTE (AVENUE DE)",0.0,0.0
201500035707,5,3,15,16,1,86,194,2,1,1,2,JOHN KENNEDY (AVENUE),0.0,0.0
201500035708,1,6,15,17,1,86,133,1,1,1,5,D 611,46.5248,0.269
201500035709,5,3,15,22,5,86,41,2,1,1,6,"., FRANCOIS MITTERAND (A",46.59746,0.36934
201500035710,4,6,15,18,1,86,194,2,2,1,6,ROCADE EST (RD 162),0.0,0.0
201500035711,8,3,15,22,3,86,158,2,1,1,6,PARTHENAY (Rte de) RD 30,0.0,0.0
201500035712,12,6,15,18,1,86,194,1,1,1,3,BONNES (ROUTE DE),46.587,0.43152
201500035713,11,3,15,15,1,86,194,2,1,1,4,ANATOLE FRANCE (BOULEVAR,46.57787,0.35021
201500035714,12,6,15,19,1,86,194,2,1,1,6,"131, GRAND CERF (BOULEVA",46.58239,0.33423
201500035715,11,3,15,22,4,86,194,2,1,1,6,"., RENE CASSIN (BOULEVAR",46.57387,0.37734
201500035716,12,6,15,17,1,86,41,1,1,1,6,RN 147 BUXEROLLES,0.0,0.0
201500035717,12,3,15,21,5,86,194,2,1,1,3,"48, CHASSEIGNE (BOULEVAR",46.58843,0.34786
201500035718,12,6,15,18,1,86,194,1,1,1,6,"111, GEORGES GUYNEMER (R",46.578,0.32161
201500035719,13,3,15,1,5,86,194,2,1,1,6,ANDRE MALRAUX (VOIE),46.576,0.38914
201500035720,15,6,15,11,1,86,194,1,1,1,6,"67, CHASSEIGNE (BOULEVAR",46.35253,0.44417
201500035721,13,6,15,16,1,86,194,2,1,3,6,"2, SAINTE CROIX (PLACE)",46.57986,0.34978
201500035722,14,6,15,0,3,86,41,2,2,1,3,"., ROMAINE (VOIE)",46.59768,0.35631
201500035723,19,6,15,1,5,86,194,2,1,1,6,"27 BIS, SOUS BLOSSAC (BO",46.57202,0.32918
201500035724,17,6,15,18,1,86,194,2,1,1,3,RUE D' OSMOY,46.5645,0.35111
201500035725,18,6,15,12,1,86,194,2,3,1,6,JOHN KENNEDY (AVENUE),0.0,0.0
201500035726,19,6,15,15,1,86,194,2,3,1,3,"133, GEORGES GUYNEMER (R",46.57824,0.31982
201500035727,23,6,15,19,1,86,194,2,1,1,4,ROCADE OUEST (RD 910),0.0,0.0
201500035728,24,6,15,19,1,86,158,1,1,1,4,RN.147,0.0,0.0
201500035729,25,6,15,18,1,86,194,2,1,7,3,"29, GEORGES GUYNEMER (RU",46.57745,0.32691
201500035730,26,6,15,10,1,86,194,2,2,1,4,MILETRIE (RUE DE LA),46.56352,0.38187
201500035731,27,6,15,20,1,86,194,2,1,1,2,FAUBOURG PONT NEUF (RUE,46.57581,0.35394
201500035732,26,6,15,20,1,86,194,2,1,1,6,JOHN KENNEDY (AVENUE),0.0,0.0
201500035733,29,6,15,15,1,86,158,1,1,1,2,RN.147,0.0,0.0
201500035734,30,6,15,18,1,86,194,2,1,1,3,"28 BIS, CHAMPS BALAIS (R",46.56724,0.37147
201500035735,1,7,15,8,1,86,194,2,1,1,4,"16, MAILLOCHON (RUE DE)",46.58438,0.33243
201500035736,6,7,15,17,1,86,194,2,2,1,4,11 NOVEMBRE (AVENUE DU),46.5647,0.35575
201500035737,7,7,15,8,1,86,194,2,1,1,3,"40, PIERRE DE COUBERTIN",46.58852,0.36538
201500035738,6,7,15,20,1,86,214,1,1,1,6,GENCAY (ROUTE DE),46.544,0.35411
201500035739,2,7,15,18,1,86,194,2,1,1,4,"67, ANATOLE FRANCE (BOUL",46.57675,0.34635
201500035740,9,7,15,21,1,86,214,2,3,1,6,11 NOVEMBRE (AVENUE DU),0.0,0.0
201500035741,12,7,15,9,1,86,88,1,1,1,1,RN.10,0.0,0.0
201500035742,10,7,15,12,1,86,194,2,1,1,6,"., GASTON HULIN (RUE)",46.5826,0.3405
201500035743,16,7,15,9,1,86,194,2,2,1,6,11 NOVEMBRE (AVENUE DU),0.0,0.0
201500035744,18,7,15,13,1,86,194,2,2,1,3,11 NOVEMBRE (AVENUE DU),0.0,0.0
201500035745,19,7,15,8,1,86,194,2,2,1,1,"., RHIN ET DANUBE (AVENU",46.5683,0.34377
201500035746,20,7,15,8,1,86,194,2,1,1,2,RN 147,0.0,0.0
201500035747,16,7,15,13,1,86,194,2,1,1,4,"47, CHASSEIGNE (BOULEVAR",46.5889,0.34747
201500035748,21,7,15,18,1,86,194,2,1,1,6,COMMERCE (RUE DU),46.5661,0.34942
201500035749,22,7,15,13,1,86,194,2,1,1,2,"123, PLATEAU DES GLIERES",46.60547,0.32172
201500035750,21,7,15,14,1,86,194,2,2,1,2,Route de Parthenay,0.0,0.0
201500035751,22,7,15,7,1,86,194,1,1,1,3,RN 147,0.0,0.0
201500035752,23,7,15,14,1,86,41,2,1,1,1,"95, DEUX COMMUNES (RUE D",46.59357,0.36496
201500035753,27,7,15,17,1,86,157,1,1,1,4,RN 147,0.0,0.0
201500035754,27,7,15,18,1,86,158,2,1,1,6,"1, LOUIS PASTEUR (RUE)",46.62076,0.31127
201500035755,29,7,15,22,3,86,158,1,1,1,7,VOUILLE (RUE DE),0.0,0.0
201500035756,31,7,15,5,5,86,41,2,3,1,6,"16, CHARLETTERIE (RUE DE",46.59029,0.36891
201500035757,5,8,15,16,1,86,194,2,2,1,2,JACQUES COEUR (AVENUE),46.57085,0.37008
201500035758,6,8,15,13,1,86,194,2,1,1,3,"46, CHASSEIGNE (BOULEVAR",46.58912,0.34715
201500035759,6,8,15,14,1,86,194,2,1,1,3,"237, PARIS (AVENUE DE)",46.61764,0.35119
201500035760,8,8,15,5,3,86,194,1,1,1,6,GENCAY (ROUTE DE),46.55504,0.34983
201500035761,8,8,15,15,1,86,214,2,2,1,3,ROCADE SUD EST (RD 162),46.33116,0.18349
201500035762,12,8,15,20,1,86,194,2,1,1,6,"141, PARIS (AVENUE DE)",46.60517,0.34466
201500035763,13,8,15,7,2,86,194,2,3,1,6,IASSY (AVENUE DE),46.57137,0.39262
201500035764,15,8,15,15,1,86,194,2,1,1,3,NORTHAMPTON (AVENUE DE),46.58384,0.38186
201500035765,15,8,15,19,1,86,194,2,1,1,6,ROCADE OUEST (RD 910),46.5713,0.31172
201500035766,18,8,15,6,5,86,194,2,2,1,6,PLATEAU DES GLIERES,46.60151,0.32428
201500035767,18,8,15,22,4,86,194,2,1,1,3,"171, PARIS (AVENUE DE)",46.60787,0.3466
201500035768,19,8,15,15,1,86,194,1,1,1,2,BONNES (ROUTE DE),46.58433,0.3937
201500035769,26,8,15,22,5,86,194,2,1,1,6,"1, VAUDOUZIL (RUE DE)",46.5,0.36
201500035770,27,8,15,14,1,86,194,1,1,1,4,"89, GRAND CERF (BOULEVAR",46.58337,0.33518
201500035771,28,8,15,9,1,86,194,2,2,1,1,JOHN KENNEDY (AVENUE),46.5,0.36
201500035772,30,8,15,6,3,86,158,1,1,1,7,RN.149,0.0,0.0
201500035773,30,8,15,1,5,86,194,2,1,1,1,"30/40, COURONNERIES (RUE",46.59128,0.3545
201500035774,31,8,15,23,5,86,194,2,3,1,6,COURS (PROMENADE DES),46.57248,0.33833
201500035775,2,9,15,15,1,86,158,2,1,1,2,"., POITIERS (RUE DE)",46.61,0.31
201500035776,8,8,15,16,1,86,194,2,2,1,6,Rue de la Marne,46.58204,0.33818
201500035777,3,9,15,12,1,86,194,2,3,1,3,"., RECTEUR PINEAU (AVENU",46.5707,0.376
201500035778,25,6,15,4,3,86,133,1,1,1,1,RN.10,0.0,0.0
201500035779,6,9,15,17,1,86,194,2,1,1,3,"156, PARTHENAY (Rte de)",0.0,0.0
201500035780,5,9,15,6,5,86,194,1,1,1,6,RN 147,46.6196,0.34122
201500035781,8,9,15,18,1,86,194,2,3,1,3,CONCORDE BOULEVARD,46.56558,0.34831
201500035782,9,9,15,18,1,86,158,1,1,1,6,RN.149,46.37,0.14
201500035783,9,9,15,13,1,86,194,1,2,1,2,ROCADE OUEST (RD 910),46.5994,0.32122
201500035784,12,9,15,11,1,86,157,2,3,1,2,RN.147,0.0,0.0
201500035785,11,9,15,14,1,86,194,2,1,1,1,SAVARI (BOULEVARD),46.5741,0.38461
201500035786,7,9,15,14,1,86,194,2,3,1,5,THEODORE LEFEBVRE (RUE),46.5691,0.38864
201500035787,16,9,15,7,2,86,194,1,1,3,6,ROCADE OUEST (RD 910),46.5757,0.31394
201500035788,16,9,15,11,1,86,214,1,1,3,1,GENCAY (ROUTE DE),0.0,0.0
201500035789,15,9,15,8,1,86,158,2,1,2,6,RICHELIEU (RUE DE),46.6385,0.30236
201500035790,17,9,15,8,1,86,194,2,1,1,3,"79, LIBERATION (AVENUE D",46.5689,0.32194
201500035791,17,9,15,12,1,86,194,2,3,1,3,NANTES (AVENUE DE),0.0,0.0
201500035792,17,9,15,20,5,86,194,2,3,1,3,"., PONT ACHARD (BOULEVAR",46.34402,1.19522
201500035793,17,9,15,13,1,86,194,2,2,1,1,NANTES (AVENUE DE),46.58501,0.33036
201500035794,18,9,15,19,1,86,194,1,1,1,4,RN 147,0.0,0.0
201500035795,21,9,15,8,1,86,194,2,3,1,6,"73, LIBERATION (AVENUE D",0.0,0.0
201500035796,18,9,15,14,1,86,194,2,1,1,2,8 MAI 1945 (AVENUE DU),46.5542,0.3068
201500035797,22,9,15,13,1,86,194,2,1,1,2,CHARLES MARTEL (PLACE),46.5906,0.33938
201500035798,24,9,15,14,1,86,158,1,1,1,6,RN.149,0.0,0.0
201500035799,25,9,15,18,1,86,194,1,1,1,6,BONNEUIL MATOURS (ROUTE,0.0,0.0
201500035800,26,9,15,15,1,86,194,2,2,1,3,JOHN KENNEDY (AVENUE),46.58936,0.65977
201500035801,26,9,15,19,1,86,194,2,1,1,6,"., LAFAYETTE (AVENUE DE)",46.57,0.37331
201500035802,28,9,15,8,1,86,194,2,2,1,2,JOHN KENNEDY (AVENUE),46.582,0.3676
201500035803,29,9,15,16,1,86,194,2,7,1,2,JEAN DE BERRY (PLACE),46.59009,0.34077
201500035804,3,10,15,23,5,86,194,2,8,1,2,JOHN KENNEDY (AVENUE),0.0,0.0
201500035805,5,10,15,7,2,86,194,2,2,2,3,PARTHENAY (Rte de) (RD 3,46.5995,0.32155
201500035806,6,10,15,7,2,86,194,2,1,1,3,"2, PLATEAU DES GLIERES (",46.59792,0.32669
201500035807,6,10,15,17,1,86,194,2,3,1,1,MONTBERNAGE (RUE DE),46.58331,0.36204
201500035808,14,10,15,11,1,86,194,1,1,1,6,"250, SAINT ELOI (RUE DE)",46.58989,0.37768
201500035809,7,10,15,14,1,86,194,2,1,1,6,"250, 8 MAI 1945 (AVENUE",46.55123,0.30131
201500035810,11,10,15,14,1,86,194,2,7,1,2,"11, SALVADOR ALLENDE (RU",46.58162,0.37344
201500035811,10,10,15,17,1,86,194,2,1,1,6,"2, REVOLUTION (AVENUE DE",46.58647,0.3815
201500035812,9,10,15,21,5,86,194,2,3,1,4,"348, NANTES (AVENUE DE)",46.59293,0.32871
201500035813,12,10,15,18,1,86,194,2,1,1,2,"100, PLATEAU DES GLIERES",46.60431,0.32255
201500035814,14,10,15,21,5,86,194,2,2,1,3,11 NOVEMBRE (AVENUE DU),0.0,0.0
201500035815,14,10,15,18,1,86,194,2,1,1,6,"., JEAN DE BERRY (PLACE)",46.59036,0.34
201500035816,16,10,15,18,2,86,194,2,1,1,6,"235/237, NANTES (AVENUE",46.58806,0.33011
201500035817,17,10,15,19,5,86,214,1,1,1,6,ROCADE SUD EST (RD 162),0.0,0.0
201500035818,20,10,15,7,1,86,194,2,2,1,6,IASSY (AVENUE DE),46.57049,0.39058
201500035819,20,10,15,10,1,86,194,1,1,1,4,RN 147,0.0,0.0
201500035820,20,10,15,16,1,86,157,1,3,1,3,RN 147,0.0,0.0
201500035821,20,10,15,15,1,86,194,1,6,1,3,JACQUES COEUR (AVENUE),46.55343,0.39928
201500035822,20,10,15,16,1,86,194,2,2,1,3,Route de Parthenay,0.0,0.0
201500035823,21,10,15,20,2,86,214,1,1,1,2,NOUAILLE (ROUTE DE),46.5322,0.39841
201500035824,21,10,15,12,1,86,194,2,1,1,6,"33, RECTEUR PINEAU (AVEN",46.57169,0.37172
201500035825,23,10,15,13,1,86,194,2,1,1,6,"40, RECTEUR PINEAU (AVEN",46.5,0.386
201500035826,23,10,15,16,1,86,194,2,2,1,3,"., DOLMEN (RUE DU)",46.57433,0.36173
201500035827,27,10,15,10,1,86,194,2,2,1,3,"., CARMES (RUE DES)",46.58172,0.35014
201500035828,29,10,15,17,1,86,157,1,3,1,3,"., Rue des Entrepreneurs",46.53,0.402
201500035829,30,10,15,17,2,86,194,2,1,1,6,"33, PAUL VERLAINE (RUE)",46.56725,0.35951
201500035830,30,10,15,3,5,86,194,2,1,1,6,"169, PARIS (AVENUE DE)",46.60714,0.3461
201500035831,30,10,15,18,5,86,194,2,1,1,6,"48, JEAN JAURES (RUE)",46.58081,0.34579
201500035832,2,11,15,7,1,86,194,2,3,1,3,"14, MARAT (BOULEVARD)",46.58687,0.37823
201500035833,2,11,15,19,5,86,194,2,1,1,4,"77, LIBERATION (AVENUE D",46.5698,0.32344
201500035834,3,11,15,12,1,86,194,2,1,1,6,"9, TRAIT TABOULEAU (RUE",46.59647,0.33535
201500035835,30,10,15,15,1,86,194,2,2,1,3,JACQUES COEUR (AVENUE),46.56358,0.382
201500035836,3,11,15,18,5,86,194,2,3,2,3,11 NOVEMBRE (AVENUE DU),46.5667,0.36666
201500035837,1,11,15,16,1,86,194,1,1,1,2,PARTHENAY (Rte de) (RD 3,0.0,0.0
201500035838,5,11,15,15,1,86,194,2,1,1,3,"2, MILETRIE (RUE DE LA)",46.56028,0.37722
201500035839,6,11,15,17,1,86,194,2,1,1,6,ROBERT SCHUMAN (AVENUE),46.5895,0.35871
201500035840,6,11,15,23,5,86,194,2,1,2,6,"4 bis, HENRI OUDIN (RUE)",46.5819,0.34211
201500035841,7,11,15,19,5,86,194,2,1,1,3,11 NOVEMBRE (AVENUE DU),46.5673,0.36588
201500035842,11,11,15,7,2,86,194,2,1,1,6,"79, LIBERATION (AVENUE D",45.34108,0.19238
201500035843,15,11,15,22,5,86,194,2,1,1,6,"2, MILETRIE (RUE DE LA)",46.5562,0.38689
201500035844,13,11,15,18,1,86,194,1,1,1,6,JOHN KENNEDY (AVENUE),0.0,0.0
201500035845,13,11,15,16,1,86,194,2,1,1,6,JOHN KENNEDY (AVENUE),0.0,0.0
201500035846,16,11,15,13,1,86,194,2,1,1,2,"47, CONDORCET (RUE)",46.59192,0.33478
201500035847,17,11,15,17,1,86,194,2,1,2,3,BONNES (ROUTE DE),0.0,0.0
201500035848,18,11,15,9,1,86,157,1,3,1,4,NOUAILLE (ROUTE DE),46.54532,0.38724
201500035849,18,11,15,17,2,86,194,2,1,2,6,"., ANDRE MALRAUX (VOIE)",46.58692,0.35024
201500035850,18,11,15,19,5,86,194,2,2,2,6,11 NOVEMBRE (AVENUE DU),46.56488,0.35688
201500035851,19,11,15,8,1,86,41,1,1,1,3,RN 147 BUXEROLLES,46.6173,0.36075
201500035852,19,11,15,8,1,86,194,2,1,1,4,"87, PONT JOUBERT (BOULEV",46.57832,0.35108
201500035853,23,11,15,5,5,86,41,2,1,2,6,PIC VERT (RUE DU),46.59358,0.3741
201500035854,20,11,15,21,1,86,194,1,1,1,6,"8, SABLONNIERES (RUE DES",46.56727,0.33836
201500035855,23,11,15,13,1,86,194,2,1,1,1,"79, NANTES (AVENUE DE)",46.5869,0.33584
201500035856,24,11,15,20,5,86,194,2,3,2,6,"0, BEAULIEU (RUE DE)",46.57564,0.36804
201500035857,25,11,15,19,3,86,214,1,3,2,3,NOUAILLE (ROUTE DE),46.54549,0.38698
201500035858,26,11,15,8,5,86,194,2,1,1,6,"46, JACQUES COEUR (AVENU",46.5711,0.36916
201500035859,26,11,15,11,1,86,194,2,2,1,5,ROCADE EST (RD 162),0.0,0.0
201500035860,1,12,15,17,2,86,27,2,1,1,7,ERMITAGE (RUE DE L'),46.57561,0.30165
201500035861,1,12,15,20,3,86,157,1,1,1,2,"3229, LIMOGES (ROUTE DE)",46.53351,0.43089
201500035862,3,12,15,19,5,86,194,2,1,1,6,"16, RECTEUR PINEAU (AVEN",46.56824,0.38629
201500035863,3,12,15,13,1,86,194,2,1,1,3,"28,BOUL  JEANNE D'ARC",46.58791,0.33992
201500035864,6,12,15,17,1,86,157,1,1,1,2,"141, LIMOGES (ROUTE DE)",46.54337,0.41477
201500035865,7,12,15,8,1,86,194,2,1,1,1,"., CHASSEIGNE (BOULEVARD",46.58956,0.34653
201500035866,7,12,15,16,1,86,194,2,1,1,6,ROCADE EST (RD 162),46.56933,0.36965
201500035867,12,12,15,2,5,86,194,2,2,1,6,"1, HOPITAL DES CHAMPS (R",46.59249,0.3404
201500035868,12,12,15,14,1,86,194,2,3,1,1,"., RENE CASSIN (BOULEVAR",46.5754,0.3763
201500035869,15,12,15,17,5,86,194,2,2,2,3,ROBERT SCHUMAN (AVENUE),46.5899,0.35547
201500035870,15,12,15,18,5,86,194,2,2,1,3,11 NOVEMBRE (AVENUE DU),46.5672,0.36555
201500035871,15,12,15,17,1,86,194,2,1,2,2,SALVADOR ALLENDE (RUE,46.5821,0.36867
201500035872,16,12,15,15,1,86,194,2,3,1,3,8 MAI 1945 (AVENUE DU),46.55611,0.30861
201500035873,18,12,15,8,2,86,194,2,1,1,2,"7, JEANNE D'ARC (BOULEVA",46.58954,0.34032
201500035874,18,12,15,8,1,86,194,2,1,1,4,"194, PARIS (AVENUE DE)",46.61046,0.34827
201500035875,22,12,15,18,5,86,194,2,1,1,6,"32, GRAND CERF (BOULEVAR",46.58627,0.33827
201500035876,31,12,15,11,1,87,85,2,3,2,3,"97, BRIAND (RUE ARISTIDE",0.0,0.0
201500035877,17,3,15,17,1,87,50,2,2,1,3,"0, BUXEROLLES (ROUTE DE)",0.0,0.0
201500035878,19,3,15,8,1,87,85,2,1,1,6,"40, FRANCE (RUE ANATOLE)",0.0,0.0
201500035879,19,3,15,16,1,87,85,2,3,1,3,"48, THOMAS (AVENUE ALBER",0.0,0.0
201500035880,23,3,15,18,2,87,65,2,1,1,2,"0, LIBERATION (AVENUE DE",0.0,0.0
201500035881,20,3,15,13,1,87,85,2,1,2,1,"94, SAINT GENCE (RUE DE)",0.0,0.0
201500035882,19,3,15,12,1,87,85,2,1,1,6,VALOINE (BOULEVARD DE LA,0.0,0.0
201500035883,3,1,15,12,1,87,85,2,1,2,1,RD 947,45.8559,1.24767
201500035884,18,3,15,21,5,87,85,2,2,1,3,"21, HUGO (BOULEVARD VICT",0.0,0.0
201500035885,20,3,15,18,1,87,85,2,2,2,6,"51, GAMBETTA (BOULEVARD)",0.0,0.0
201500035886,3,1,15,21,4,87,85,1,1,3,6,AUTOROUTE,45.8278,1.28307
201500035887,24,3,15,22,5,87,50,2,1,2,6,"134, LIMOGES (AVENUE DE)",0.0,0.0
201500035888,26,3,15,10,1,87,85,2,3,1,3,"9, ISLY (RUE D')",0.0,0.0
201500035889,31,3,15,12,1,87,65,2,1,2,2,VALIN (AVENUE MARTIAL),45.818,1.30207
201500035890,1,4,15,12,1,87,85,2,3,1,3,"20, BEAUBLANC (BOULEVARD",0.0,0.0
201500035891,1,4,15,17,1,87,85,2,1,1,6,"9, ISLY (RUE D')",0.0,0.0
201500035892,6,4,15,20,1,87,114,2,1,1,6,"6, BETOULLE (AVENUE LEON",0.0,0.0
201500035893,5,4,15,14,1,87,75,1,1,1,1,RN 21,45.7852,1.18907
201500035894,6,4,15,23,5,87,85,2,2,1,3,"24, MONTEGUT (RUE EMILE)",0.0,0.0
201500035895,6,4,15,19,1,87,85,2,1,1,5,"107, BAUDIN ( AVENUE) (V",0.0,0.0
201500035896,3,4,15,5,5,87,85,1,1,1,6,AUTOROUTE A20,45.8399,1.28089
201500035897,8,4,15,15,1,87,85,2,1,1,1,"26BIS, NEXON (RUE DE)",45.8189,1.26462
201500035898,8,4,15,11,1,87,85,1,1,1,2,"28, ESSARTS (RUE DES)",45.8952,1.29723
201500035899,12,4,15,12,1,87,85,2,1,1,6,"53, DUMAS (AVENUE GEORGE",0.0,0.0
201500035900,13,4,15,14,1,87,85,2,1,1,3,"246, LECLERC (AVENUE DU",0.0,0.0
201500035901,9,4,15,17,1,87,85,2,1,1,2,RD941 (OUEST),45.8345,1.22576
201500035902,5,4,15,13,1,87,113,2,1,1,6,CARNOT (AVENUE SADI),45.8672,1.32438
201500035903,9,4,15,17,1,87,85,2,1,1,6,"23, BUISSON (RUE FERDINA",0.0,0.0
201500035904,11,4,15,8,1,87,85,2,2,1,3,BORIE (BOULEVARD DE LA),0.0,0.0
201500035905,12,4,15,17,1,87,85,2,1,1,6,"114, LECLERC (AVENUE DU",0.0,0.0
201500035906,13,4,15,17,1,87,85,2,1,1,2,"17, LABUSSIERE (AVENUE E",0.0,0.0
201500035907,13,4,15,11,1,87,65,1,1,1,1,RD 979 LES CHABANNES,45.8075,1.35569
201500035908,15,4,15,17,1,87,85,2,3,1,3,"150, NEXON (RUE DE)",45.8121,1.25776
201500035909,15,4,15,15,1,87,85,2,1,1,3,"18, JAURES (RUE JEAN)",0.0,0.0
201500035910,18,11,15,18,2,87,85,2,2,2,6,"29, GARIBALDI (AVENUE)",0.0,0.0
201500035911,18,4,15,3,5,87,85,2,1,1,6,"116, LECLERC (AVENUE DU",0.0,0.0
201500035912,6,1,15,18,5,87,85,2,1,2,2,"31, FOUCAUD (AVENUE)",0.0,0.0
201500035913,21,4,15,14,1,87,114,2,1,1,6,"03, BETOULLE (AVENUE LEO",0.0,0.0
201500035914,21,4,15,13,1,87,85,2,1,1,3,"23, MAUVENDIERE (RUE DE",0.0,0.0
201500035915,7,1,15,12,1,87,85,1,1,1,2,"0, GROSSEREIX (ROND POIN",0.0,0.0
201500035916,20,4,15,9,1,87,50,1,1,1,1,"0, BUXEROLLES (ROUTE DE)",0.0,0.0
201500035917,4,4,15,4,3,87,85,1,1,1,6,"347, BAUDIN ( AVENUE) (V",45.8075,1.23862
201500035918,8,1,15,9,1,87,85,1,1,1,3,AUTOROUTE A20,45.8504,1.27616
201500035919,24,4,15,17,1,87,85,1,1,1,4,AUTOROUTE A20,45.8768,1.2878
201500035920,26,4,15,21,5,87,85,2,2,2,3,"141, PERRIN (RUE FRANCOI",0.0,0.0
201500035921,27,4,15,9,1,87,85,2,1,2,6,"12, TROMPILLON (RUE LEON",0.0,0.0
201500035922,30,4,15,10,1,87,85,2,1,1,6,"48, JAURES (RUE JEAN)",0.0,0.0
201500035923,1,5,15,18,1,87,85,1,1,2,6,ANGUERNAUD (RUE D'),45.8833,1.31828
201500035924,3,5,15,11,1,87,85,2,1,2,6,ALLENDE (QUAI SALVADOR),45.8211,1.26283
201500035925,2,5,15,16,1,87,85,2,1,3,6,"33, COMTE (RUE AUGUSTE)",0.0,0.0
201500035926,2,5,15,19,2,87,85,2,2,3,3,"0, LEBON (RUE PHILIPPE)",0.0,0.0
201500035927,5,5,15,15,1,87,85,2,1,1,3,"11, TARRADE (AVENUE ADRI",0.0,0.0
201500035928,9,1,15,7,2,87,114,2,1,2,6,"75, BLUM (AVENUE LEON-)",45.8315,1.30173
201500035929,6,5,15,2,5,87,85,2,1,1,6,"18, LOCARNO (AVENUE)",0.0,0.0
201500035930,6,5,15,15,1,87,65,2,1,1,3,VALIN (AVENUE MARTIAL),45.8144,1.31873
201500035931,7,5,15,7,1,87,85,2,1,1,2,"0, EUROPE (CARREFOUR DE",0.0,0.0
201500035932,9,1,15,18,5,87,85,2,2,1,3,"32, HUGO (BOULEVARD VICT",0.0,0.0
201500035933,8,5,15,15,1,87,85,2,2,1,3,"8BIS, JAURES (RUE JEAN)",0.0,0.0
201500035934,9,5,15,12,1,87,85,2,1,1,6,"89, BAC (RUE THEODORE)",0.0,0.0
201500035935,18,5,15,7,1,87,50,1,1,1,2,D35,45.8895,1.18411
201500035936,19,5,15,21,2,87,85,2,2,1,3,MAS-BOUYOL  (CITE ET BOU,0.0,0.0
201500035937,22,5,15,7,1,87,48,1,3,1,3,NEXON (ROUTE DE),45.7983,1.25198
201500035938,21,5,15,19,1,87,85,2,1,1,6,"11, VALADON (RUE SUZANNE",0.0,0.0
201500035939,23,5,15,9,1,87,85,2,1,1,6,"04, PISSARO (RUE CAMILLE",0.0,0.0
201500035940,10,1,15,14,1,87,85,2,1,2,3,"30, GAY-LUSSAC (COURS)",0.0,0.0
201500035941,28,5,15,9,1,87,85,2,1,1,3,"57, BAUDIN ( AVENUE) (VC",0.0,0.0
201500035942,20,5,15,18,1,87,50,2,1,1,2,"81, LIMOGES (AVENUE DE)",45.8683,1.23818
201500035943,10,1,15,19,5,87,85,1,1,2,6,AUTOROUTE A20,45.8282,1.28273
201500035944,2,6,15,18,1,87,85,2,1,1,6,"141, SOLIGNAC (RUE DE)",0.0,0.0
201500035945,10,1,15,21,5,87,85,2,3,2,3,"117, THUILLAT (RUE VICTO",0.0,0.0
201500035946,3,6,15,17,1,87,85,2,1,1,2,"0, BEAUBREUIL (AVENUE DE",0.0,0.0
201500035947,5,6,15,2,3,87,48,1,1,1,6,"0, SOLIGNAC (RUE DE)",0.0,0.0
201500035948,6,6,15,0,3,87,85,1,1,1,6,"76, FRAUD (RUE DU)",0.0,0.0
201500035949,11,1,15,18,5,87,85,2,1,1,6,"53, DUMAS (AVENUE GEORGE",0.0,0.0
201500035950,8,6,15,16,1,87,85,2,1,1,6,"22, VAUBAN (BOULEVARD)",0.0,0.0
201500035951,11,6,15,1,5,87,85,2,1,1,6,"220, DUTREIX (RUE ARMAND",0.0,0.0
201500035952,10,6,15,8,1,87,85,2,1,1,6,"10, JOLIOT CURIE (RUE IR",0.0,0.0
201500035953,10,6,15,13,1,87,85,2,1,1,6,"94, SAINT GENCE (RUE DE)",0.0,0.0
201500035954,11,6,15,15,1,87,85,2,6,1,3,RD914,45.896,1.30203
201500035955,5,6,15,7,2,87,85,2,3,1,3,"137, LATTRE-DE-TASSIGNY",45.8256,1.27882
201500035956,9,6,15,4,5,87,85,1,1,1,2,AUTOROUTE A20,45.8389,1.2818
201500035957,8,6,15,9,1,87,85,2,1,1,6,"28, VIGENAL (BOULEVARD D",0.0,0.0
201500035958,10,6,15,12,1,87,85,2,2,1,3,"46, ISLE (RUE D')",0.0,0.0
201500035959,13,6,15,19,1,87,85,2,6,1,1,MONNET (RUE JEAN),45.86,1.28737
201500035960,13,6,15,14,1,87,85,2,3,1,3,"0, LATTRE-DE-TASSIGNY (A",45.827,1.28335
201500035961,12,1,15,19,5,87,85,2,2,1,3,PONT NEUF,45.826,1.26802
201500035962,14,6,15,18,1,87,85,2,1,1,3,"70, RUBEN (AVENUE ERNEST",0.0,0.0
201500035963,16,6,15,7,1,87,85,2,3,1,3,"49, MONTJOVIS (AVENUE)",0.0,0.0