Num_Acc,jour,mois,an,hr,condition_eclairage,departement,commune,condition_agglomeration,intersection,condition_atmosphere,type_collision,adresse,lattitude,longitude
201500035964,10,6,15,12,1,87,65,1,1,2,6,AUTOROUTE A20,45.8197,1.29163
201500035965,13,1,15,11,1,87,85,2,1,1,6,"0, BROGLIE (AVENUE LOUIS",0.0,0.0
201500035966,17,6,15,17,1,87,85,2,1,1,6,"7, GAGNANT (AVENUE JEAN)",0.0,0.0
201500035967,18,6,15,23,5,87,85,2,2,1,1,"32, BAUDIN ( AVENUE) (VC",0.0,0.0
201500035968,22,6,15,11,1,87,85,2,6,1,3,"116, SABLARD (AVENUE DE)",0.0,0.0
201500035969,19,6,15,15,1,87,65,2,1,1,6,RD979,45.8185,1.29969
201500035970,22,6,15,22,5,87,85,1,6,1,3,"0, GROSSEREIX (ROND POIN",45.8933,1.29139
201500035971,23,6,15,18,1,87,85,2,3,1,3,"2, KING (AVENUE MARTIN L",0.0,0.0
201500035972,24,6,15,18,1,87,114,2,1,1,2,"3, WALLON (AVENUE HENRI-",0.0,0.0
201500035973,24,6,15,20,1,87,85,2,1,1,2,"9, FEYTIAT (RUE DE)",45.8251,1.2793
201500035974,26,6,15,16,1,87,65,2,6,1,6,FEYTIAT (RUE DE),45.818,1.29487
201500035975,15,1,15,13,1,87,85,2,1,1,6,"06, JAURES (RUE JEAN)",0.0,0.0
201500035976,26,6,15,16,1,87,85,2,1,1,6,"4, SAINTE CLAIRE (RUE)",0.0,0.0
201500035977,28,6,15,10,1,87,48,1,1,1,6,NEXON (ROUTE DE),45.783,1.22619
201500035978,15,1,15,17,1,87,113,2,1,1,7,"05, FERRY (RUE JULES)",0.0,0.0
201500035979,30,6,15,14,1,87,85,1,1,1,1,"353, BAUDIN (AVENUE) ( R",45.7823,1.19693
201500035980,30,6,15,15,1,87,85,2,1,1,6,"21, LECLERC (AVENUE DU G",0.0,0.0
201500035981,1,7,15,17,1,87,85,2,1,1,6,"2, FABRE EGLANTINE (ALLE",0.0,0.0
201500035982,3,7,15,10,1,87,85,2,1,1,6,"53, GAMBETTA (BOULEVARD)",0.0,0.0
201500035983,3,7,15,18,1,87,85,2,3,1,3,"23, THOMAS (AVENUE ALBER",0.0,0.0
201500035984,4,7,15,9,1,87,85,2,1,1,1,"86, MONTJOVIS (AVENUE)",0.0,0.0
201500035985,8,7,15,16,1,87,85,2,1,1,6,"01, CORDERIE (BOULEVARD",0.0,0.0
201500035986,9,7,15,21,2,87,65,1,3,1,3,"65, THAVENOT (RUE GABRIE",0.0,0.0
201500035987,11,7,15,20,1,87,85,2,6,1,3,"25, VAUCANSON (RUE DE)",0.0,0.0
201500035988,10,7,15,18,1,87,85,2,1,1,6,"01, MAS-BOUYOL  (CITE ET",0.0,0.0
201500035989,16,1,15,11,1,87,113,2,1,2,6,"74, JAURES (RUE JEAN)",45.8618,1.32257
201500035990,15,7,15,17,1,87,85,2,1,1,3,"07, GODDET (RUE JACQUES)",0.0,0.0
201500035991,16,1,15,13,1,87,85,1,3,1,3,"22, RD39",45.9059,1.29117
201500035992,13,7,15,20,1,87,85,2,1,1,3,"71, SABLARD (AVENUE DE)",0.0,0.0
201500035993,17,7,15,15,1,87,114,2,3,1,3,"27, LAGRANGE (AVENUE LEO",0.0,0.0
201500035994,19,7,15,17,1,87,85,2,1,1,2,BOURNEVILLE (RUE DE),0.0,0.0
201500035995,20,7,15,11,1,87,85,1,1,1,6,"45, CONQUE (RUE DE LA)",0.0,0.0
201500035996,19,1,15,7,2,87,65,2,2,2,6,GUINGOUIN ( ROND POINT G,45.8139,1.3211
201500035997,21,7,15,11,1,87,85,2,1,1,3,"47BIS, MONTJOVIS (AVENUE",0.0,0.0
201500035998,18,7,15,15,1,87,85,1,1,1,4,AUTOROUTE A20,45.9239,1.30136
201500035999,11,7,15,21,2,87,85,2,1,1,6,"06, DUSSOUBS (PLACE DENI",0.0,0.0
201500036000,23,7,15,17,1,87,85,1,1,1,2,RD220,45.8959,1.2943
201500036001,24,7,15,14,1,87,65,1,1,1,6,"0, TAUBAYES (RUE DES)",0.0,0.0
201500036002,26,7,15,18,1,87,48,1,1,1,6,"0, FERRY (RUE JULES)",0.0,0.0
201500036003,24,7,15,1,5,87,85,2,3,1,3,"142, PERRIN (RUE FRANCOI",0.0,0.0
201500036004,29,7,15,10,1,87,50,2,1,2,6,"0, LIMOGES (AVENUE DE)",45.8566,1.24516
201500036005,30,7,15,17,1,87,85,2,3,1,6,"16, JAURES (RUE JEAN)",0.0,0.0
201500036006,2,8,15,19,1,87,85,2,1,1,6,"246B, LECLERC (AVENUE DU",45.8542,1.26611
201500036007,8,8,15,8,1,87,85,2,1,2,6,"1, CROIX BUCHILIEN (RUE)",45.8344,1.24861
201500036008,8,8,15,13,1,87,85,2,1,2,6,FRACHON ( AVE BENOIT),45.8508,1.29847
201500036009,13,8,15,8,1,87,85,2,1,2,1,"86, RUE ABBE PIERRE",45.8408,1.19336
201500036010,19,1,15,8,1,87,65,2,1,2,4,RD979,45.813,1.32496
201500036011,13,8,15,19,1,87,85,2,1,1,2,"0, LEBON (RUE PHILIPPE)",45.8783,1.27581
201500036012,19,1,15,21,5,87,85,2,3,2,6,"96, LABUSSIERE (AVENUE E",0.0,0.0
201500036013,15,8,15,5,5,87,85,2,2,1,3,ORADOUR SUR GLANE (CARRE,0.0,0.0
201500036014,20,8,15,7,1,87,85,2,1,1,3,"19, GARIBALDI (AVENUE)",45.8335,1.26147
201500036015,8,8,15,4,5,87,85,2,1,2,6,"55,  RUE BABYLONE",45.822,1.26997
201500036016,21,8,15,19,1,87,85,1,1,1,7,"0, FRAUD (RUE DU)",45.8518,1.20122
201500036017,21,8,15,18,1,87,85,2,2,1,1,REVOLUTION (AVENUE DE LA,45.8211,1.26286
201500036018,21,1,15,10,1,87,85,2,1,1,2,"69, LECLERC (AVENUE DU G",0.0,0.0
201500036019,25,8,15,2,3,87,85,1,1,1,2,AUTOROUTE A20,45.819,1.2925
201500036020,21,1,15,18,5,87,85,2,1,1,3,"25, LEOBARDY (AVE DU PRO",0.0,0.0
201500036021,26,8,15,18,1,87,85,1,1,1,2,"0, BROGLIE (AVENUE LOUIS",45.8828,1.28725
201500036022,26,8,15,15,1,87,85,1,1,1,1,RN520 - LANDOUGE,45.8801,1.17561
201500036023,27,8,15,8,1,87,114,2,1,1,5,AV. JOURDAN (MARECHAL),45.837,1.31467
201500036024,22,1,15,16,1,87,85,2,1,1,6,"39, DUMAS (AVENUE GEORGE",0.0,0.0
201500036025,28,8,15,19,1,87,85,2,1,1,5,"152, BELLAC (RUE DE)",45.8489,1.25564
201500036026,26,8,15,11,1,87,65,1,1,1,1,"0, BRUGES (ROUTE DES)",45.8042,1.33014
201500036027,30,8,15,21,5,87,85,1,1,1,6,"18, BELLEGARDE (CHEMIN D",45.8668,1.17853
201500036028,31,8,15,19,1,87,85,2,1,1,6,"0, SARTRE (RUE JEAN-PAUL",45.7989,1.26447
201500036029,2,9,15,16,1,87,85,2,1,1,6,"29, PROVINCIALES (RUE LE",45.8691,1.29164
201500036030,2,9,15,20,1,87,85,2,6,1,3,"1, GALLIENI (RUE)",45.8424,1.24292
201500036031,4,9,15,15,1,87,85,2,1,1,6,"363, PERRIN (RUE FRANCOI",45.8231,1.22006
201500036032,24,1,15,12,1,87,85,2,1,1,7,"32, AURIOL (AVENUE DU PR",0.0,0.0
201500036033,5,9,15,21,5,87,85,1,1,1,4,AUTOROUTE A20,45.8403,1.28053
201500036034,3,9,15,18,1,87,85,2,3,1,3,"05, TARRADE (AVENUE ADRI",0.0,0.0
201500036035,24,1,15,22,5,87,85,2,1,1,6,"245, BRIAND (RUE ARISTID",0.0,0.0
201500036036,6,9,15,16,1,87,85,2,2,1,3,MAS-BOUYOL  (CITE ET BOU,45.8345,1.22653
201500036037,15,8,15,22,5,87,85,2,1,1,6,"1, CLOUET (RUE)",45.8264,1.22686
201500036038,8,9,15,12,1,87,65,2,1,1,7,LIBERATION (AVENUE DE LA,45.8127,1.32631
201500036039,10,9,15,13,1,87,85,2,1,1,2,"179, LECLERC (AVENUE DU",45.8499,1.26289
201500036040,10,9,15,20,5,87,85,2,1,1,6,"170, BRIAND (RUE ARISTID",45.8469,1.27958
201500036041,12,9,15,8,1,87,85,2,3,3,3,"89, RUBEN (AVENUE ERNEST",45.8236,1.25114
201500036042,10,9,15,17,1,87,85,2,2,1,6,"53, SAINTE CLAIRE (RUE)",45.8241,1.24539
201500036043,13,9,15,10,1,87,85,2,3,1,6,"0, GAGNANT (AVENUE JEAN)",45.8342,1.27344
201500036044,26,1,15,7,2,87,85,2,1,1,6,BLANC LOUIS (BOULEVARD),0.0,0.0
201500036045,12,9,15,9,1,87,85,2,1,3,6,"273, DUTREIX (RUE ARMAND",45.8344,1.22706
201500036046,12,9,15,11,1,87,85,1,1,1,2,RN520,45.8932,1.29136
201500036047,26,1,15,17,1,87,85,1,1,2,2,AUTOROUTE A20,45.8504,1.27616
201500036048,19,9,15,19,2,87,85,2,1,1,6,"18, RUBEN (AVENUE ERNEST",45.8196,1.25206
201500036049,21,9,15,8,1,87,65,1,1,1,1,"0, BOISSEUIL (RUE DE)",45.795,1.30019
201500036050,22,9,15,18,1,87,85,2,1,3,1,"0, LANDOUGE (AVENUE DE)",45.8383,1.21411
201500036051,22,9,15,15,1,87,65,2,6,3,6,"35, ALSACE (RUE D')",45.8101,1.32644
201500036052,25,9,15,7,5,87,113,2,1,1,6,"0, CHATENET (RUE DU)",45.8721,1.30594
201500036053,23,9,15,15,1,87,48,1,1,1,1,"0, LOTISSEMENT LES JONCH",45.7873,1.26194
201500036054,26,9,15,19,1,87,114,2,1,1,4,CARNOT (AVENUE PRESIDENT,45.8269,1.29164
201500036055,27,1,15,17,2,87,85,1,1,1,2,AUTOROUTE A20,45.8925,1.29268
201500036056,25,9,15,13,1,87,85,2,1,1,3,"101, FEYTIAT (RUE DE)",45.8198,1.28547
201500036057,23,9,15,13,1,87,85,2,1,1,3,"08, BAUDIN ( AVENUE) (VC",0.0,0.0
201500036058,28,9,15,8,1,87,85,1,1,1,6,PETIT-BELLEGARDE (DU),45.8758,1.19269
201500036059,29,9,15,0,5,87,85,2,1,1,2,"76, CHENIEUX (RUE FRANCO",45.8386,1.257
201500036060,29,9,15,14,1,87,85,2,1,1,2,"01BIS, FOCH (RUE DU MARE",45.8377,1.25644
201500036061,30,9,15,11,1,87,85,2,3,1,6,"38, VIGENAL (BOULEVARD D",45.8524,1.25297
201500036062,27,9,15,17,1,87,85,1,1,1,5,AUTOROUTE A20,45.8641,1.28742
201500036063,1,10,15,7,1,87,85,2,1,1,2,"246B, LECLERC (AVENUE DU",45.8541,1.26614
201500036064,1,10,15,17,1,87,85,2,2,1,6,"119, SAINTE CLAIRE (RUE)",45.8235,1.24044
201500036065,2,10,15,17,1,87,85,2,1,1,6,RD 142 FOUGERAS (RUE DE),45.8603,1.28764
201500036066,30,1,15,9,1,87,114,1,1,8,6,"06, PEYRAZET - LIEU DIT",0.0,0.0
201500036067,3,10,15,14,1,87,85,2,2,1,3,"42, PERI (AVENUE GABRIEL",45.8285,1.26264
201500036068,30,1,15,11,1,87,85,2,1,2,3,ALLENDE (QUAI SALVADOR),45.8212,1.26299
201500036069,9,10,15,7,3,87,50,1,4,1,1,"0, CIDRERIE (RUE DE LA)",45.8936,1.21461
201500036070,30,1,15,20,5,87,85,2,1,1,3,"04, CARNOT (PLACE SADI)",0.0,0.0
201500036071,4,10,15,19,1,87,85,2,1,2,6,"8, MALRAUX (RUE ANDRE)",45.8012,1.26464
201500036072,4,10,15,17,1,87,48,2,1,1,6,"20TER, AIXE (RUE D')",45.7953,1.22833
201500036073,4,10,15,18,1,87,48,2,1,1,6,"20TER, AIXE (RUE D')",45.7953,1.22828
201500036074,5,10,15,11,1,87,85,2,2,1,3,"1, CHASTAING (RUE JEAN B",45.8439,1.25256
201500036075,6,10,15,7,1,87,85,2,1,1,2,"22BIS, BLANC LOUIS (BOUL",45.8284,1.26158
201500036076,1,2,15,7,2,87,85,1,1,2,6,SCHUMAN (BOULEVARD ROBER,0.0,0.0
201500036077,6,10,15,8,1,87,85,2,1,2,2,BEAUBLANC (BOULEVARD DE),45.8456,1.242
201500036078,9,10,15,8,1,87,85,2,1,1,6,"08, GAMBETTA (BOULEVARD)",45.828,1.25747
201500036079,7,10,15,8,1,87,85,2,1,1,2,"59, GAMBETTA (BOULEVARD)",45.8289,1.25572
201500036080,13,10,15,17,1,87,85,2,1,1,2,"25, DE GAULLE (AVENUE DU",45.8351,1.26636
201500036081,2,2,15,12,1,87,85,2,3,1,3,"81, BELLAC (RUE DE)",0.0,0.0
201500036082,10,10,15,14,1,87,65,1,1,1,6,PLAISANCE (RUE DE),45.7957,1.29453
201500036083,9,10,15,17,1,87,85,2,2,1,2,"13, JOURDAN (PLACE)",45.8321,1.26483
201500036084,13,10,15,18,2,87,65,1,1,1,2,"0, BOISSEUIL (RUE DE)",45.794,1.30231
201500036085,15,10,15,8,2,87,85,2,1,2,6,"22, GAGNANT (AVENUE JEAN",45.8335,1.26975
201500036086,16,10,15,13,1,87,85,2,3,1,3,"10, BELFORT (RUE DE)",45.8412,1.26186
201500036087,16,10,15,20,3,87,65,1,1,1,1,PLAISANCE (RUE DE),45.7947,1.29511
201500036088,18,10,15,21,5,87,85,2,1,1,6,"16, LOSTENDE (RUE DE)",45.8442,1.25892
201500036089,20,10,15,16,1,87,85,2,3,1,2,"02, CHARENTES (PLACE DES",45.8374,1.25208
201500036090,5,2,15,7,5,87,85,2,2,1,4,"120, VANTEAUX (BOULEVARD",0.0,0.0
201500036091,12,10,15,10,1,87,85,2,1,1,6,"13, AURIOL (AVENUE DU PR",45.8379,1.23031
201500036092,5,2,15,10,1,87,85,2,3,1,3,BEAUBLANC (BOULEVARD DE),0.0,0.0
201500036093,22,10,15,12,1,87,85,2,1,2,1,"0, POMPIDOU (AVENUE GEOR",45.8188,1.2655
201500036094,27,10,15,6,3,87,85,1,1,1,6,RN520,45.8904,1.27181
201500036095,5,2,15,12,1,87,85,2,3,1,6,"133, DUTREIX (RUE ARMAND",0.0,0.0
201500036096,22,10,15,14,1,87,50,1,1,2,1,LIMOGES (AVENUE DE),45.8574,1.24417
201500036097,29,10,15,18,1,87,85,1,1,1,2,NEXON (RUE DE),45.8102,1.25686
201500036098,31,10,15,19,5,87,85,2,1,1,2,"28, TOULOUSE (RUE DE)",45.8239,1.27747
201500036099,31,10,15,23,5,87,85,2,1,1,6,"45, PUY LAS RODAS (RUE D",45.8278,1.25506
201500036100,3,11,15,15,1,87,85,2,2,1,6,"15, LIBERATION (AVENUE D",0.0,0.0
201500036101,30,10,15,15,1,87,85,2,3,1,3,"120, RUBEN (AVENUE ERNES",45.8241,1.25111
201500036102,6,11,15,23,5,87,85,2,3,1,3,"0, SABLARD (AVENUE DE)",45.827,1.28335
201500036103,7,11,15,11,1,87,85,2,1,1,6,"31, TURGOT (RUE)",0.0,0.0
201500036104,7,11,15,11,1,87,85,2,2,1,3,"0, ALLENDE (QUAI SALVADO",45.8174,1.25244
201500036105,8,11,15,23,3,87,85,1,1,1,6,ESSARTS (RUE DES),45.8951,1.29675
201500036106,7,11,15,14,1,87,85,2,1,1,6,"26, AMPERE (RUE)",0.0,0.0
201500036107,9,11,15,15,1,87,85,2,1,1,6,"05, GAMBETTA (BOULEVARD)",0.0,0.0
201500036108,10,11,15,19,5,87,85,2,1,1,3,"252, LECLERC (AVENUE DU",0.0,0.0
201500036109,11,11,15,12,1,87,85,2,2,1,6,"39, MAS-LOUBIER (RUE DU)",0.0,0.0
201500036110,12,11,15,13,1,87,85,2,1,1,7,"4, BLANC LOUIS (BOULEVAR",0.0,0.0
201500036111,13,11,15,18,2,87,85,2,3,1,3,"03, CHARENTES (PLACE DES",0.0,0.0
201500036112,9,2,15,8,1,87,75,1,1,1,6,RN 21,45.7901,1.17172
201500036113,14,11,15,5,5,87,85,2,3,1,6,"25, CLAUDEL (RUE PAUL)",0.0,0.0
201500036114,13,11,15,17,1,87,85,2,1,1,4,"151, NEXON (RUE DE)",45.8113,1.25742
201500036115,15,11,15,16,1,87,85,2,2,1,3,"0, ARMAND (AVE Z.A.C",0.0,0.0
201500036116,23,10,15,3,5,87,114,1,1,2,6,CROIX-DE-LA-LIEUE (AVENU,45.8434,1.3365
201500036117,17,11,15,8,1,87,85,2,1,1,4,"23, POMPIDOU (AVENUE GEO",0.0,0.0
201500036118,17,11,15,18,3,87,50,1,1,2,2,RN520,45.8911,1.26064
201500036119,24,10,15,20,5,87,85,2,1,1,3,"49, CHENIEUX (RUE FRANCO",45.8388,1.25692
201500036120,10,2,15,10,1,87,85,2,1,1,6,"12, CONSULAT (RUE DU)",0.0,0.0
201500036121,31,10,15,15,1,87,85,2,3,1,3,"242, LATTRE-DE-TASSIGNY",45.8271,1.2835
201500036122,18,11,15,15,1,87,85,1,1,2,2,AUTOROUTE A20,45.8753,1.28777
201500036123,16,11,15,18,2,87,85,2,2,1,4,"0, SCHUMAN (BOULEVARD RO",0.0,0.0
201500036124,20,11,15,14,1,87,85,2,2,3,3,"27, THOMAS (AVENUE ALBER",0.0,0.0
201500036125,23,11,15,22,5,87,85,2,1,1,6,"01, COURAUD (RUE RAYMOND",0.0,0.0
201500036126,23,11,15,17,1,87,85,1,1,1,6,AUTOROUTE A20,45.8924,1.29256
201500036127,25,11,15,7,3,87,85,1,1,2,6,"15, PRE SAINT YRIEIX ( R",45.7978,1.25463
201500036128,11,2,15,8,1,87,85,2,1,1,6,"27, DOMNOLET LAFARGE (RU",0.0,0.0
201500036129,24,11,15,8,1,87,85,2,1,1,6,"6-10, GAMBETTA (BOULEVAR",0.0,0.0
201500036130,11,2,15,14,1,87,85,2,1,1,4,RD941 (OUEST),45.8346,1.22473
201500036131,25,11,15,10,1,87,85,2,1,2,6,"14, JAURES (RUE JEAN)",0.0,0.0
201500036132,26,11,15,8,5,87,85,2,1,1,6,"33, CHARPENTIER (RUE)",0.0,0.0
201500036133,24,11,15,21,5,87,85,2,1,2,6,"01, BERTHELOT (AVENUE)",0.0,0.0
201500036134,26,11,15,8,1,87,85,2,3,1,6,"70, LABUSSIERE (AVENUE E",0.0,0.0
201500036135,27,11,15,8,1,87,85,2,1,1,6,"50, MONTJOVIS (AVENUE)",0.0,0.0
201500036136,26,11,15,19,2,87,85,2,3,1,3,"119, ISLE (RUE D')",0.0,0.0
201500036137,29,11,15,15,1,87,75,1,1,2,6,RN 21,45.795,1.22337
201500036138,27,11,15,13,1,87,85,2,3,1,3,"24, SAINT ELOI (AVENUE)",0.0,0.0
201500036139,20,11,15,14,1,87,85,2,2,2,3,"01, GALLIENI (RUE)",0.0,0.0
201500036140,12,2,15,19,5,87,85,1,1,1,2,AUTOROUTE A20,45.8569,1.28169
201500036141,29,11,15,19,2,87,85,2,1,2,5,"74, BAUDIN ( AVENUE) (VC",0.0,0.0
201500036142,2,12,15,7,5,87,114,2,2,1,3,"3, GUILLOT (AVENUE PIERR",0.0,0.0
201500036143,3,12,15,14,1,87,85,2,1,1,2,"209, LECLERC (AVENUE DU",0.0,0.0
201500036144,2,12,15,8,2,87,85,2,1,1,6,"0, GENEVE (RUE DE)",0.0,0.0
201500036145,4,12,15,15,1,87,114,2,2,1,3,"3, GUILLOT (AVENUE PIERR",0.0,0.0
201500036146,6,12,15,6,5,87,48,2,1,1,5,"0, MONNET (ZA JEAN)",0.0,0.0
201500036147,5,12,15,10,1,87,85,2,1,1,3,"51, CHENIEUX (RUE FRANCO",0.0,0.0
201500036148,4,12,15,18,2,87,114,2,1,1,5,"03, CARNOT (AVENUE PRESI",45.83,1.29816
201500036149,9,12,15,16,1,87,85,2,3,1,3,"72, PALAIS (ROUTE DU)",45.8511,1.30035
201500036150,11,12,15,13,1,87,85,2,1,1,6,"110, LECLERC (AVENUE DU",0.0,0.0
201500036151,13,2,15,15,1,87,85,1,1,1,6,"0, LANDES (RUE DES)",0.0,0.0
201500036152,9,12,15,17,2,87,85,2,1,1,3,"73, RANSON (RUE LOUIS CA",0.0,0.0
201500036153,12,12,15,12,1,87,50,2,3,1,3,"126, LIMOGES (AVENUE DE)",45.8725,1.23818
201500036154,15,12,15,15,1,87,85,2,3,1,3,"11, BAC (RUE THEODORE)",0.0,0.0
201500036155,17,12,15,15,1,87,85,2,1,1,6,"0, BUGEAUD (COURS)",0.0,0.0
201500036156,11,12,15,10,1,87,85,2,3,1,3,"101, BRIAND (RUE ARISTID",0.0,0.0
201500036157,14,12,15,13,1,87,85,2,2,1,3,"24, SAINT ELOI (AVENUE)",0.0,0.0
201500036158,16,2,15,15,1,87,85,1,1,1,3,AUTOROUTE A20,45.8629,1.28711
201500036159,19,12,15,11,1,87,21,1,1,1,6,RD 32,45.7698,1.22413
201500036160,16,2,15,15,1,87,65,1,2,1,3,RD 704A,45.7924,1.28217
201500036161,20,12,15,19,5,87,85,2,2,1,3,ALLENDE (QUAI SALVADOR),45.8212,1.26297
201500036162,17,2,15,7,2,87,85,2,1,1,7,"43, PETIT TOUR (RUE DU)",0.0,0.0
201500036163,21,12,15,15,1,87,85,1,1,1,4,AUTOROUTE A20,45.9191,1.29742
201500036164,22,12,15,13,1,87,85,2,1,1,1,"0, BEAUBREUIL (AVENUE DE",0.0,0.0
201500036165,24,12,15,9,1,87,85,2,1,1,6,", BEAUBREUIL (AVENUE DE)",0.0,0.0
201500036166,24,12,15,13,1,87,85,2,1,1,6,"43, LECLERC (AVENUE DU G",0.0,0.0
201500036167,26,12,15,16,1,87,50,1,1,1,6,"39, BARRIERES LIEU DIT L",0.0,0.0
201500036168,26,12,15,13,1,87,85,2,3,1,3,"24, REFORME (RUE DE LA)",0.0,0.0
201500036169,28,12,15,10,1,87,85,1,1,1,7,"28, DELIADE (RUE DE LA )",0.0,0.0
201500036170,29,12,15,12,1,87,85,2,1,1,6,"79, GARIBALDI (AVENUE)",0.0,0.0
201500036171,18,2,15,8,1,87,65,2,3,1,3,VALIN (AVENUE MARTIAL),45.8158,1.31277
201500036172,30,12,15,9,1,87,85,2,3,1,1,"231, LANDOUGE (AVENUE DE",0.0,0.0
201500036173,31,12,15,10,1,87,85,2,3,2,6,"0, DONZELOT (RUE)",0.0,0.0
201500036174,18,2,15,16,1,87,85,2,1,1,6,"01, FOURNIER (PLACE)",0.0,0.0
201500036175,20,2,15,20,5,87,85,2,3,3,3,"28, GARIBALDI (AVENUE)",0.0,0.0
201500036176,21,2,15,13,1,87,48,1,2,2,6,RD 11,45.7983,1.25198
201500036177,24,2,15,21,5,87,85,2,1,2,6,"01, BOSSUET (RUE)",0.0,0.0
201500036178,26,2,15,12,1,87,85,1,1,2,6,AUTOROUTE A20,0.0,0.0
201500036179,28,2,15,9,1,87,85,2,1,1,6,"08, TROMPILLON (RUE LEON",0.0,0.0
201500036180,28,2,15,23,5,87,85,2,2,2,1,"33, BLANC LOUIS (BOULEVA",0.0,0.0
201500036181,5,3,15,21,5,87,85,1,2,9,6,"01, ENZO FERRARI (RUE)",0.0,0.0
201500036182,6,3,15,12,1,87,85,2,1,1,6,"0, LIAISON SUD ( VOIE DE",0.0,0.0
201500036183,6,3,15,18,1,87,85,2,1,1,3,"65, MIDI (AVENUE DU)",0.0,0.0
201500036184,8,3,15,17,1,87,85,2,1,1,6,"0, BEAUBREUIL (AVENUE DE",0.0,0.0
201500036185,9,3,15,20,5,87,85,2,2,1,3,"5, GAMBETTA (BOULEVARD)",0.0,0.0
201500036186,10,3,15,17,1,87,85,1,1,1,3,AUTOROUTE A20,45.8807,1.28911
201500036187,12,3,15,11,1,87,85,2,1,1,6,"83, VIGENAL (BOULEVARD D",0.0,0.0
201500036188,12,3,15,18,1,87,85,2,1,1,6,"3, MAUPAS (RUE DU)",0.0,0.0
201500036189,12,3,15,19,5,87,50,2,1,1,6,"176, STADE (ALLEE DU)",0.0,0.0
201500036190,14,3,15,8,1,87,85,2,1,2,6,"40, CHENIEUX (RUE FRANCO",0.0,0.0
201500036191,15,3,15,21,5,87,85,2,3,1,3,"115, DUTREIX (RUE ARMAND",0.0,0.0
201500036192,14,4,15,6,1,88,209,2,1,1,7,"0, JARDINIERS (RUE DES)",48.19339,6.44634
201500036193,22,4,15,20,5,88,209,1,1,1,3,"17, MOSELLE (RUE DE LA)",48.19351,6.44211
201500036194,30,4,15,22,3,88,160,1,1,9,2,"0, GERARDMER (route de)",48.17658,6.50306
201500036195,23,12,15,18,5,88,160,2,1,2,6,REMIREMONT (RUE DE),48.16111,6.45071
201500036196,18,12,15,17,4,88,160,2,1,1,3,"13, FONTENELLE (AV. DE L",48.18991,6.44205
201500036197,28,5,15,7,1,88,160,2,1,1,6,"17, VITU (RUE ANDRE-)",48.17717,6.46751
201500036198,7,6,15,20,1,88,160,2,1,1,6,"0, HAXO (RUE DU GAL-)",48.18834,6.43414
201500036199,9,6,15,16,1,88,160,1,1,1,1,"12, QUATRE VENTS (RUE DE",48.14012,6.44991
201500036200,8,7,15,8,1,88,160,2,3,1,6,"1, GILBERT (RUE)",48.17065,6.44842
201500036201,20,7,15,17,1,88,160,2,1,1,7,"56, REMIREMONT (RUE DE)",48.16434,6.44925
201500036202,20,7,15,11,1,88,209,2,1,1,6,JEAN MERMOZ (RUE+IMP.),48.19787,6.43559
201500036203,4,8,15,10,1,88,160,2,3,3,3,"0, CHAR-D'ARGENT (RUE DU",48.15023,6.45535
201500036204,1,9,15,11,1,88,160,2,2,1,6,"0, LYAUTEY (RUE MARECHAL",48.17674,6.44602
201500036205,11,9,15,15,1,88,160,2,2,1,3,"0, BLUM (AV. LEON)",48.19058,6.45988
201500036206,8,9,15,11,1,88,209,2,2,1,1,"0, JEAN-JACQUES ROUSSEAU",48.18813,6.41948
201500036207,17,9,15,8,1,88,209,2,2,2,1,"7, PAUL DOUMER (RUE)",48.20236,6.43741
201500036208,1,10,15,16,1,88,160,2,2,1,6,"1, BOULEAUX (ALL.DES)",48.18608,6.45359
201500036209,30,9,15,12,1,88,160,2,1,1,6,HUGO (AV. VICTOR-),48.17344,6.44513
201500036210,9,10,15,17,1,88,160,1,1,1,4,JEUXEY (RTE DE),48.19628,6.46781
201500036211,20,10,15,20,5,88,160,2,6,1,6,ZOLA (RUE EMILE-),48.18393,6.46733
201500036212,17,11,15,15,1,88,160,2,2,2,6,"2, LATTRE-DE-TASSIGNY (A",48.1763,6.44555
201500036213,14,11,15,16,1,88,160,1,1,1,2,GERARDMER (route de),48.16993,6.52325
201500036214,16,11,15,10,1,88,160,2,2,1,6,", GUILGOT (PL.)",48.17686,6.45019
201500036215,12,11,15,13,1,88,209,2,2,1,6,"0, GRANDRUPT (RUE DE LA)",48.18968,6.42918
201500036216,19,12,15,8,1,88,160,2,1,2,6,Route de Gérardmer,48.17196,6.51488
201500036217,23,12,15,12,1,88,160,2,1,2,6,"59, REMIREMONT (RUE DE)",48.16111,6.45077
201500036218,24,1,15,12,1,88,209,2,2,4,3,"0, FONTENELLE (AV. DE LA",48.1924,6.4389
201500036219,31,1,15,18,5,88,160,2,1,2,6,"8, ROUX (RUE DU PROFESSE",48.1782,6.43379
201500036220,5,2,15,16,1,88,160,2,1,1,6,"23, JEUXEY (RTE DE)",48.19396,6.45576
201500036221,23,5,15,16,1,88,383,2,1,1,3,"38, faubourg d'alsace",48.00896,6.60656
201500036222,15,7,15,10,1,88,383,2,3,1,6,"23, faubourd d'EPINAL",0.0,0.0
201500036223,13,9,15,10,1,88,429,2,4,2,3,faubourg de Remiremont,48.02752,6.5794
201500036224,1,11,15,13,1,88,462,1,1,1,1,RD 417,48.04093,6.68103
201500036225,18,3,15,19,5,88,413,2,1,1,1,"26, Rue d' Epinal",48.28069,6.92367
201500036226,29,3,15,14,1,88,424,2,2,2,3,Alsace ( Rue d ' ),48.26939,6.97616
201500036227,24,3,15,15,1,88,424,1,1,1,2,RD 415,48.27229,6.96167