Num_Acc,jour,mois,an,hr,condition_eclairage,departement,commune,condition_agglomeration,intersection,condition_atmosphere,type_collision,adresse,lattitude,longitude
201500036228,29,3,15,22,5,88,413,2,1,3,6,"7, Rue de LA GARE",48.28214,6.94957
201500036229,3,6,15,16,1,88,424,2,1,1,3,"225, Rue de La Gare",48.26593,6.98116
201500036230,2,6,15,18,1,88,413,2,1,1,3,"7, Rue des Jardins",48.28767,6.9538
201500036231,5,6,15,13,1,88,413,2,6,7,6,"35, AVENUE JEAN JAURES",48.28084,6.95901
201500036232,4,6,15,23,3,88,519,2,1,1,7,"124, Grand' Rue",48.33296,6.90053
201500036233,10,6,15,18,1,88,424,2,1,1,6,"330, AVENUE DU GENERAL D",48.27205,6.97076
201500036234,16,6,15,14,1,88,413,2,9,9,6,"1, Rue SAINT CHARLES",48.28852,6.9501
201500036235,26,6,15,21,1,88,413,2,1,1,7,"21, Rue Marie Curie",48.28394,6.97656
201500036236,29,6,15,21,2,88,463,1,1,1,7,RD 420,48.34457,6.88339
201500036237,30,6,15,11,1,88,424,2,1,1,1,"18, Rue de l'étang",48.27844,6.96973
201500036238,25,6,15,18,1,88,413,2,1,1,1,chemin du bois basselin,48.27472,6.86611
201500036239,30,6,15,17,1,88,519,1,1,1,3,RN 59,48.29257,6.88938
201500036240,8,7,15,11,1,88,413,2,1,1,3,"20, Rue d' Epinal",48.28904,6.92644
201500036241,28,7,15,8,1,88,413,2,1,1,6,"17, THIERS (RUE)",48.28642,6.94941
201500036242,24,8,15,22,5,88,413,2,1,1,1,"08, RUE ROVEL",48.29239,6.94772
201500036243,4,10,15,21,3,88,463,1,1,1,6,RD 420,48.27455,6.86385
201500036244,30,9,15,8,1,88,413,2,2,1,5,"11, Rue de la Ménantille",48.28671,6.94147
201500036245,7,10,15,19,2,88,413,2,6,1,3,"2, Rond point Georges SA",48.28403,6.94892
201500036246,28,10,15,6,5,88,413,2,1,1,6,"23, Rue SAINT CHARLES",48.28815,6.95244
201500036247,4,11,15,7,1,88,424,2,2,1,3,Rue de COLMAR,48.2683,6.96143
201500036248,27,11,15,14,1,88,463,1,1,1,6,Col du Haut Jacques,48.27374,6.87789
201500036249,14,1,15,17,5,88,413,2,1,1,6,"09, Rue STANISLAS",48.28725,6.94833
201500036250,18,1,15,4,3,88,413,1,1,5,6,RN 59,48.26667,6.94167
201500036251,25,3,15,11,1,89,24,2,1,1,6,"1, FRANCOIS GUILLIET (RU",47.80517,3.58261
201500036252,8,4,15,19,1,89,24,1,1,1,2,TOUCY (ROUTE DE),47.78843,3.53635
201500036253,16,5,15,22,5,89,24,2,2,1,1,REPUBLIQUE (QUAI DE LA),47.79539,3.57776
201500036254,15,6,15,10,1,89,24,2,2,1,6,"43, TOURNELLE (AVENUE DE",47.799,3.58272
201500036255,25,6,15,13,1,89,24,2,3,1,6,"8, POTERNE (RUE DE LA)",47.7963,3.57521
201500036256,25,6,15,8,1,89,24,1,1,1,1,"0, VENOY (RUE DE)",47.82028,3.61599
201500036257,20,7,15,9,1,89,24,2,1,1,6,GALLIENI (BOULEVARD) N°,47.79802,3.55238
201500036258,30,7,15,7,1,89,24,1,1,1,6,EGRISELLES (AVENUE D'),47.80492,3.60276
201500036259,1,1,15,18,3,89,24,1,3,5,3,VALLAN (ROUTE DE) N? PAI,47.77952,3.56014
201500036260,15,9,15,16,1,89,24,2,1,1,6,"34, CHARLES DE GAULLE (A",47.80767,3.56463
201500036261,21,9,15,17,1,89,24,1,1,1,5,R.N.6,47.81916,3.5916
201500036262,22,9,15,17,1,89,24,2,1,1,6,MONTOIS (BOULEVARD DE),47.80523,3.55509
201500036263,1,10,15,18,1,89,24,2,1,1,4,"15, CHARLES DE GAULLE (A",47.80393,3.56642
201500036264,14,10,15,13,1,89,24,1,1,1,2,R.N.6,47.78911,3.60104
201500036265,25,11,15,17,2,89,24,2,3,1,3,"00, CAILLOTTES (RUE DES)",47.82087,3.58289
201500036266,26,12,15,21,5,89,24,2,1,1,6,"3, BOBILLOT (RUE)",47.79442,3.56364
201500036267,13,1,15,7,2,89,24,2,6,1,6,"60, HAUSSMANN (AVENUE)",47.81183,3.57243
201500036268,3,2,15,7,5,89,24,2,1,1,3,34-36 av JEAN MERMOZ,47.81799,3.58496
201500036269,19,4,15,9,1,89,387,2,1,1,3,"59-61, MAIL (BOULEVARD D",48.19921,3.28989
201500036270,22,5,15,15,1,89,387,2,2,1,3,LORRACH (AVENUE DE),48.19294,3.30521
201500036271,27,5,15,16,1,89,387,2,1,1,2,"0, VERDUN (BOULEVARD DE)",48.20439,3.29082
201500036272,30,5,15,16,1,89,387,2,1,1,6,"12, ECRIVAIN (RUE DE L')",48.19651,3.28027
201500036273,4,6,15,16,1,89,387,2,1,1,2,LORRACH (AVENUE DE),48.19323,3.30393
201500036274,17,6,15,15,1,89,387,2,2,1,6,"0, THENARD (RUE)",48.1987,3.287
201500036275,16,6,15,18,1,89,287,2,1,1,6,"31, MONT SAINT BERNARD (",48.19128,3.26006
201500036276,15,6,15,10,1,89,387,2,2,1,3,JEAN MOULIN (QUAI),48.19838,3.27707
201500036277,10,7,15,18,1,89,387,2,1,1,2,"0, LORRACH (AVENUE DE)",48.19211,3.30757
201500036278,21,7,15,17,1,89,387,2,1,1,6,"0, GARIBALDI (BOULEVARD",48.19996,3.28248
201500036279,23,7,15,16,1,89,387,1,2,1,3,"0, BD DES NOYERS POMPONS",48.20522,3.32003
201500036280,1,8,15,20,1,89,387,2,1,1,6,"0, VICTOR GUICHARD (RUE)",48.20068,3.28416
201500036281,10,9,15,20,5,89,387,2,2,1,3,"0, VAUBAN (AVENUE)",48.19798,3.27101
201500036282,22,9,15,17,1,89,338,1,1,1,2,"0, D606",48.22552,3.28384
201500036283,19,9,15,20,5,89,287,1,1,2,6,RD660,48.174,3.22576
201500036284,28,9,15,13,1,89,387,2,2,1,3,"0, EMILE ZOLA (RUE)",48.19732,3.27132
201500036285,17,11,15,11,1,89,387,2,2,1,1,"0, PIERRE DE COUBERTIN (",48.19671,3.30311
201500036286,18,11,15,11,1,89,387,1,1,1,1,"0, D606",48.17237,3.29496
201500036287,22,12,15,12,1,89,236,2,1,1,6,"21, RUE DU CHATEAU",48.17709,3.31134
201500036288,22,12,15,17,5,89,287,2,1,1,3,"125, ARISTIDE BRIAND (RU",48.18953,3.25483
201500036289,27,1,15,12,1,89,387,1,1,1,2,"0, D606",48.18158,3.30236
201500036290,23,2,15,16,1,89,338,1,1,1,3,REPUBLIQUE (RUE DE LA),48.22574,3.29053
201500036291,3,1,15,21,5,90,10,2,3,2,3,"66, JAURES (AVENUE JEAN)",0.0,0.0
201500036292,5,1,15,8,1,90,39,2,1,7,2,"14, DE GAULLE (RUE DU GE",0.0,0.0
201500036293,5,1,15,11,1,90,99,2,1,7,6,"30, CARNOT (RUE)",0.0,0.0
201500036294,5,10,15,9,1,90,10,1,3,1,3,"4, LACAILLE (RUE LOUIS)",0.0,0.0
201500036295,20,3,15,18,1,90,10,2,1,1,3,"22, VOLTAIRE (RUE)",47.6463,6.85003
201500036296,8,1,15,11,1,90,10,2,1,1,6,"2, PREMIERE ARMEE FRANCA",0.0,0.0
201500036297,11,1,15,13,1,90,75,2,1,2,6,BRIAND (RUE ARISTIDE),0.0,0.0
201500036298,24,3,15,16,1,90,10,2,3,1,3,"2, BAVILLIERS (RUE DE)",0.0,0.0
201500036299,12,1,15,19,5,90,8,2,1,1,6,GRAND'RUE,0.0,0.0
201500036300,27,3,15,16,1,90,99,2,1,1,6,"4, DE GAULLE (RUE DU GEN",0.0,0.0
201500036301,16,1,15,14,1,90,10,2,2,3,3,"1, MENDES FRANCE (RUE)",0.0,0.0
201500036302,28,3,15,11,1,90,10,2,1,1,4,"5, REISET (RUE)",47.6396,6.86067
201500036303,16,1,15,20,5,90,10,2,1,1,3,"152, JAURES (AVENUE JEAN",0.0,0.0
201500036304,7,4,15,16,1,90,10,1,2,1,3,"2, CHOPIN (RUE)",47.6229,6.84861
201500036305,18,1,15,6,5,90,10,2,3,8,3,CLEMENCEAU (BOULEVARD),0.0,0.0
201500036306,8,4,15,14,1,90,10,2,9,1,6,"5, ZAPOROJIE (RUE DE)",0.0,0.0
201500036307,20,1,15,17,2,90,10,2,1,1,6,JAURES (AVENUE JEAN) A 1,0.0,0.0
201500036308,13,4,15,11,1,90,10,2,3,1,3,"10, BORDEAUX (RUE DE)",0.0,0.0
201500036309,24,1,15,18,3,90,8,2,1,2,2,"1, ENGEL (RUE ALFRED)",0.0,0.0
201500036310,13,4,15,17,1,90,10,2,1,1,6,"2, CASSIN (RUE)",47.6409,6.87825
201500036311,24,1,15,20,3,90,76,1,1,2,2,CD419,0.0,0.0
201500036312,13,4,15,17,1,90,39,1,1,1,2,"73, DE GAULLE (RUE DU GE",0.0,0.0
201500036313,27,1,15,7,5,90,10,2,1,4,6,"7, RIBEAUVILLE (RUE DE)",0.0,0.0
201500036314,19,4,15,17,1,90,99,2,1,1,3,CARNOT (RUE),47.6625,6.84306
201500036315,27,1,15,19,5,90,32,2,2,4,5,CHARMEUSE (RUE DE LA),0.0,0.0
201500036316,29,1,15,10,1,90,10,2,1,2,6,"53, LECLERC (AVENUE)",0.0,0.0
201500036317,30,4,15,16,1,90,39,2,1,1,6,DE GAULLE (RUE DU GENERA,47.6342,6.81744
201500036318,31,1,15,20,5,90,10,2,1,1,2,"2, CLEMENCEAU (BOULEVARD",0.0,0.0
201500036319,2,5,15,11,1,90,75,2,1,2,3,"5, CERISIERS (RUE DES)",0.0,0.0
201500036320,4,2,15,14,1,90,10,2,1,1,6,REPUBLIQUE (RUE DE LA),0.0,0.0
201500036321,5,5,15,16,1,90,10,2,3,2,3,"13, BOHN (AVENUE CHARLES",0.0,0.0
201500036322,6,2,15,9,1,90,76,1,1,1,7,MARONNIERS (RUE DES),0.0,0.0
201500036323,6,5,15,14,1,90,10,2,1,1,2,"10, RICHELIEU (PONT)",47.6306,6.86522
201500036324,9,2,15,17,1,90,10,2,1,1,7,"1, STROLZ (RUE)",0.0,0.0
201500036325,22,5,15,7,1,90,32,1,1,1,3,"15, Rue de BAVILLIERS",0.0,0.0
201500036326,9,2,15,20,5,90,10,2,1,1,2,"5, JUIN (AVENUE DU MAREC",0.0,0.0
201500036327,3,3,15,15,1,90,10,2,1,1,4,"8, AS DE CARREAU (RUE DE",0.0,0.0
201500036328,4,6,15,20,1,90,10,2,3,1,3,LONDRES (RUE DE),0.0,0.0
201500036329,9,3,15,22,5,90,10,2,1,1,6,ZAPOROJIE (RUE DE),0.0,0.0
201500036330,7,6,15,11,1,90,10,2,1,1,3,"33, BOHN (AVENUE CHARLES",47.6507,6.84585
201500036331,14,3,15,8,1,90,10,2,1,1,6,"120, JAURES (AVENUE JEAN",0.0,0.0
201500036332,8,6,15,10,1,90,10,2,3,1,3,WILSON (AVENUE),47.6329,6.85455
201500036333,18,6,15,17,1,90,10,2,3,2,3,rue des sciences et des,47.6522,6.83694
201500036334,19,6,15,20,1,90,32,2,1,1,3,ANCIEN COMBATTANT (RUE D,0.0,0.0
201500036335,20,6,15,14,1,90,32,2,1,1,6,ZONE INDUSTRIELLE,0.0,0.0
201500036336,8,4,15,8,1,90,10,2,1,1,6,"2, LYON (FAUBOURG DE)",0.0,0.0
201500036337,23,6,15,19,1,90,32,2,1,1,3,"24B, DE GAULLE (RUE DU G",47.61183,6.85945
201500036338,23,6,15,20,1,90,10,2,1,1,2,JAURES (AVENUE JEAN) A 1,47.6468,6.85489
201500036339,3,7,15,9,1,90,39,1,3,1,3,DE GAULLE (RUE DU GENERA,0.0,0.0
201500036340,3,7,15,19,1,90,99,2,1,1,2,"05, EHRET (RUE)",0.0,0.0
201500036341,11,7,15,3,5,90,10,2,2,1,6,CHATEAU D'EAU (AVENUE DU,0.0,0.0
201500036342,14,7,15,18,1,90,99,2,1,1,3,"48, TURENNE (RUE DE)",0.0,0.0
201500036343,13,7,15,19,1,90,10,2,1,1,4,MONTBELIARD (FAUBOURG DE,0.0,0.0
201500036344,18,7,15,22,5,90,1,2,1,1,7,"15, MONTBELIARD (ROUTE D",0.0,0.0
201500036345,24,7,15,9,1,90,10,2,1,1,6,", BRIAND (RUE ARISTIDE)",0.0,0.0
201500036346,24,7,15,18,1,90,10,2,3,1,3,"1, STROLZ (RUE)",0.0,0.0
201500036347,20,7,15,16,1,90,10,2,2,1,5,"6, PREMIERE ARMEE FRANCA",0.0,0.0
201500036348,3,6,15,16,1,90,10,2,6,1,2,"01, ROME (RUE DE)",0.0,0.0
201500036349,1,8,15,10,1,90,10,2,1,2,6,"138, JAURES (AVENUE JEAN",47.6514,6.85136
201500036350,13,8,15,17,1,90,10,2,1,1,1,"23, ALTKIRCH (AVENUE)",0.0,0.0
201500036351,17,8,15,13,1,90,10,2,1,1,6,"34, RUE DE VALDOIE",47.6576,6.84833
201500036352,23,8,15,20,2,90,10,2,1,2,3,JAURES (AVENUE JEAN) A 1,47.6534,6.84944
201500036353,30,8,15,21,2,90,10,2,1,1,2,"11, ANCETRES (FAUBOURG D",0.0,0.0
201500036354,2,9,15,16,1,90,1,2,1,1,4,"12BIS, MONTBELIARD (ROUT",0.0,0.0
201500036355,3,9,15,17,1,90,8,2,1,1,2,"76, GRAND'RUE",47.61778,6.8309
201500036356,10,9,15,18,1,90,39,2,1,1,1,"48, DE GAULLE (RUE DU GE",47.63418,6.81696
201500036357,10,9,15,19,2,90,10,2,1,1,1,"21, AS DE CARREAU (RUE D",47.38165,6.31158
201500036358,15,9,15,10,1,90,10,2,1,8,7,"01, DE GAULLE (AVENUE DU",0.0,0.0
201500036359,16,9,15,11,1,90,99,2,1,1,6,"22, TURENNE (RUE DE)",47.6685,6.84189
201500036360,24,9,15,10,1,90,10,2,3,1,3,FRANCE (FAUBOURG DE),47.6347,6.85364
201500036361,24,9,15,17,1,90,10,2,1,1,3,MARSEILLE (RUE DE),0.0,0.0
201500036362,11,9,15,17,1,90,10,2,1,1,2,KENNEDY (BOULEVARD),0.0,0.0
201500036363,19,9,15,12,1,90,39,2,6,1,3,DE GAULLE (RUE DU GENERA,0.0,0.0
201500036364,26,9,15,18,1,90,10,2,1,1,2,ALTKIRCH (AVENUE),0.0,0.0
201500036365,29,9,15,17,1,90,29,2,1,1,6,COMMANDOS D'AFRIQUE (RUE,0.0,0.0
201500036366,30,9,15,11,1,90,10,1,1,1,1,MENDES FRANCE (RUE),47.6372,6.87992
201500036367,2,10,15,9,1,90,75,2,3,1,3,"80, BRIAND (RUE ARISTIDE",0.0,0.0
201500036368,2,10,15,12,1,90,10,2,1,1,6,SARRAIL (AVENUE),0.0,0.0
201500036369,2,10,15,16,1,90,10,2,1,1,6,DE GAULLE (AVENUE DU GEN,0.0,0.0
201500036370,6,10,15,18,1,90,10,2,2,1,6,LECLERC (AVENUE),0.0,0.0
201500036371,8,10,15,11,1,90,10,2,5,1,3,"1, CLEMENCEAU CAR.",0.0,0.0
201500036372,9,10,15,11,1,90,10,2,1,1,2,"1, RENAUD DE BOURGOGNE (",0.0,0.0
201500036373,11,10,15,20,5,90,10,2,1,1,6,"1, SARRAIL (AVENUE)",0.0,0.0
201500036374,18,10,15,9,1,90,10,2,1,1,6,"49, MONTBELIARD (FAUBOUR",47.62947,6.85644
201500036375,10,10,15,17,1,90,32,1,1,1,3,"2, ALSACE ( RUE D')",47.6198,6.86386
201500036376,19,10,15,14,1,90,10,2,1,1,6,"1, RENAUD DE BOURGOGNE (",0.0,0.0
201500036377,21,10,15,14,1,90,10,2,2,1,3,"20, EST (RUE DE L')",47.64972,6.85416
201500036378,15,10,15,21,5,90,10,2,6,1,7,"1, ALTKIRCH (AVENUE)",0.0,0.0
201500036379,27,10,15,19,2,90,10,2,2,1,3,"1, KENNEDY (BOULEVARD)",47.62972,6.84288
201500036380,1,11,15,17,5,90,10,2,3,1,1,"1, JAURES (AVENUE JEAN)",0.0,0.0
201500036381,2,11,15,8,1,90,10,2,3,5,5,"1, LA FONTAINE (RUE JEAN",0.0,0.0
201500036382,5,11,15,17,1,90,10,2,1,1,3,"1, FRANCE BOULEVARD ANAT",0.0,0.0
201500036383,5,11,15,16,1,90,10,2,2,1,1,"1, LONG (RUE JAMES)",0.0,0.0
201500036384,5,11,15,17,1,90,10,2,1,1,2,"17  bis, RICHELIEU (BOUL",0.0,0.0
201500036385,6,11,15,10,1,90,10,2,1,1,1,"1, MONTBELIARD (FAUBOURG",0.0,0.0
201500036386,25,10,15,9,1,90,75,2,1,1,3,"1, BRIAND (RUE ARISTIDE)",0.0,0.0
201500036387,6,11,15,19,3,90,10,1,1,1,3,"1, MENDES FRANCE (RUE)",0.0,0.0
201500036388,6,11,15,19,5,90,10,2,1,1,6,"6 BIS, TOULOUSE (RUE DE)",0.0,0.0
201500036389,8,11,15,3,5,90,75,2,3,1,6,"53, BRIAND (RUE ARISTIDE",0.0,0.0
201500036390,9,11,15,11,1,90,32,2,1,1,2,"38, DE GAULLE (RUE DU GE",0.0,0.0
201500036391,10,11,15,18,5,90,10,2,9,1,3,"1, LECLERC (AVENUE)",0.0,0.0
201500036392,13,11,15,19,5,90,8,2,1,1,6,BELFORT (RUE DE),0.0,0.0
201500036393,29,6,15,18,1,90,10,2,1,1,4,"1, BESANCON (FAUBOURG DE",47.62755,6.85783
201500036394,11,11,15,11,1,90,10,2,1,1,2,FRANCE BOULEVARD ANATOLE,47.64025,6.84022
201500036395,26,8,15,14,1,90,1,2,1,1,3,"1, MONTBELIARD (ROUTE DE",0.0,0.0
201500036396,3,9,15,21,3,90,75,1,1,1,6,CERISIERS (RUE DES),0.0,0.0
201500036397,15,11,15,23,5,90,10,1,1,1,6,"10, PARANT (RUE)",0.0,0.0
201500036398,25,6,15,21,1,90,10,2,2,1,7,"1, KENNEDY (BOULEVARD)",0.0,0.0
201500036399,15,6,15,21,5,90,32,2,1,1,6,"1, REPUBLIQUE (RUE DE LA",0.0,0.0
201500036400,29,9,15,16,1,90,10,2,1,1,2,"1, REISET (RUE)",47.63977,6.86069
201500036401,20,11,15,17,5,90,8,2,1,3,6,CHARMEUSE (RUE DE LA),47.62211,6.84586
201500036402,16,11,15,11,1,90,10,2,1,1,6,"1, CHAMPION (RUE)",0.0,0.0
201500036403,28,11,15,15,1,90,10,2,7,1,3,"1, ANCETRES (FAUBOURG DE",0.0,0.0
201500036404,28,11,15,15,1,90,10,2,1,1,6,"1, GAMBETTA (RUE)",0.0,0.0
201500036405,28,11,15,17,5,90,10,1,1,1,7,"1, LONDRES (RUE DE)",0.0,0.0
201500036406,2,12,15,14,1,90,10,2,1,1,1,"1, FOUR A CHAUX (RUE DU)",0.0,0.0
201500036407,4,12,15,13,1,90,10,2,1,2,5,"1, KENNEDY (BOULEVARD)",0.0,0.0
201500036408,6,12,15,17,5,90,10,2,1,1,3,JOFFRE (BOULEVARD MARECH,0.0,0.0
201500036409,9,12,15,7,5,90,10,2,1,2,2,"17, ALTKIRCH (AVENUE)",0.0,0.0
201500036410,9,12,15,7,5,90,8,2,6,2,1,"3, ENGEL (RUE ALFRED)",0.0,0.0
201500036411,9,12,15,15,1,90,10,2,2,1,3,JOFFRE (BOULEVARD MARECH,47.64133,6.85375
201500036412,10,12,15,7,2,90,99,2,3,1,3,DE GAULLE (RUE DU GENERA,47.66433,6.84663
201500036413,16,12,15,16,2,90,10,2,1,3,4,"1, LAURENCIE (AVENUE CAP",0.0,0.0
201500036414,9,12,15,18,4,90,10,2,1,1,7,"02, USINES (AVENUE DES)",0.0,0.0
201500036415,17,12,15,17,3,90,10,2,2,1,3,"1, WILSON (AVENUE)",0.0,0.0
201500036416,18,12,15,8,2,90,8,2,1,8,6,"53, GRAND'RUE",0.0,0.0
201500036417,23,12,15,15,1,90,8,1,1,1,3,BUC (RUE DE),0.0,0.0
201500036418,4,1,15,5,5,91,103,2,1,1,6,BROSSOLETTE PIERRE (RUE),0.0,0.0
201500036419,6,3,15,16,1,91,103,2,1,1,3,"23, BABIN (RUE DU DOCTEU",0.0,0.0
201500036420,30,12,15,23,3,91,339,2,1,2,6,RN 20,48.62894,2.26289
201500036421,5,1,15,13,1,91,425,2,1,1,1,TEMPLIERS (ROUTE DES),0.0,0.0
201500036422,6,3,15,17,1,91,347,2,1,1,7,VERDUN (RUE DE),0.0,0.0
201500036423,10,1,15,2,3,91,457,2,1,2,6,CD 19,0.0,0.0
201500036424,11,3,15,2,5,91,425,2,1,1,2,RN 20,0.0,0.0
201500036425,19,1,15,8,1,91,21,2,1,2,5,"32BIS, CHARCOT (R DU DOC",0.0,0.0
201500036426,20,3,15,17,1,91,103,2,1,1,6,"51, ALLENDE SALVADOR (RU",0.0,0.0
201500036427,20,1,15,11,1,91,425,2,1,1,3,MARCOUSSIS (ROUTE DE),0.0,0.0
201500036428,21,3,15,18,1,91,425,2,1,1,5,NATIONALE 20 (ROUTE),0.0,0.0
201500036429,20,1,15,16,1,91,103,2,1,1,6,BROSSOLETTE PIERRE (RUE),0.0,0.0
201500036430,25,3,15,11,1,91,425,2,1,1,2,NATIONALE 20 (ROUTE),0.0,0.0
201500036431,21,1,15,12,1,91,103,2,1,1,3,ALLENDE SALVADOR (AV),0.0,0.0
201500036432,1,4,15,18,1,91,425,1,1,1,2,"99, NATIONALE 20 (ROUTE)",0.0,0.0
201500036433,21,1,15,21,3,91,339,2,1,1,6,"42, RN 20",0.0,0.0
201500036434,1,4,15,19,1,91,552,2,1,1,2,"64, VIEUX PAVE DE BRUYER",0.0,0.0
201500036435,26,1,15,12,1,91,552,2,6,2,3,RD PT DU 19 MARS 1962,0.0,0.0
201500036436,3,4,15,16,1,91,552,2,1,2,6,CORBEIL (ROUTE DE),0.0,0.0
201500036437,26,1,15,14,1,91,21,2,1,1,3,ABEL CORNATON (BOUL),0.0,0.0
201500036438,3,4,15,18,1,91,103,2,1,2,3,"25, COMMUNE DE PARIS (Av",0.0,0.0
201500036439,27,1,15,9,1,91,552,1,1,1,3,RN 20,0.0,0.0
201500036440,4,4,15,23,5,91,425,2,1,1,2,NATIONALE 20 (ROUTE),0.0,0.0
201500036441,28,1,15,18,2,91,103,2,1,1,2,"5, BLUM LEON (RUE)",0.0,0.0
201500036442,5,4,15,18,1,91,552,2,1,1,6,NATIONALE 20 (ROUTE),0.0,0.0
201500036443,30,1,15,3,5,91,103,2,1,2,6,CHAMPCUEILS (CHEMIN DES),0.0,0.0
201500036444,8,4,15,12,1,91,103,2,1,1,6,"2, CIGOGNES (AVENUE DES)",0.0,0.0
201500036445,30,1,15,8,1,91,103,2,1,2,7,LENORMAND LOUIS SEBASTIE,0.0,0.0
201500036446,11,4,15,16,1,91,339,2,1,1,1,"18, GUILLERVILLE (RUE DE",0.0,0.0
201500036447,30,1,15,12,1,91,339,2,1,4,6,"2, LEUVILLE (ROUTE DE)",0.0,0.0
201500036448,14,4,15,7,1,91,457,2,1,1,6,ACACIAS  (RUE DES),0.0,0.0
201500036449,1,2,15,12,1,91,21,2,6,2,3,VERDUN (AVENUE DE),0.0,0.0
201500036450,14,4,15,13,1,91,103,2,1,1,2,DAUMONES (RUE DES),0.0,0.0
201500036451,2,2,15,7,5,91,552,1,1,2,7,RN 20,0.0,0.0
201500036452,17,4,15,1,3,91,339,2,1,1,2,"10, RN 20",0.0,0.0
201500036453,4,2,15,19,5,91,103,2,1,1,6,MERMOZ JEAN (AV),0.0,0.0
201500036454,18,4,15,12,1,91,103,2,1,1,6,MAISON NEUVE (AVENUE DE,0.0,0.0
201500036455,5,2,15,15,1,91,425,2,1,1,2,NATIONALE 20 (ROUTE),0.0,0.0
201500036456,21,4,15,17,1,91,103,2,1,1,6,"06, PINS (RUE DES)",0.0,0.0
201500036457,7,2,15,23,5,91,425,2,1,1,2,"64/66, RN 20",0.0,0.0
201500036458,21,4,15,17,1,91,339,2,1,1,4,RN 20,0.0,0.0
201500036459,21,2,15,5,5,91,425,2,1,2,2,RN 20,0.0,0.0
201500036460,23,4,15,15,1,91,103,2,1,1,3,"35, COMMUNE DE PARIS (Av",0.0,0.0
201500036461,23,2,15,7,1,91,552,1,1,1,7,RN 20,0.0,0.0
201500036462,30,4,15,17,1,91,21,2,2,2,3,JAURES JEAN (BOULEVARD),0.0,0.0
201500036463,23,2,15,18,5,91,103,2,1,1,6,MORVAN (RUE DU),0.0,0.0
201500036464,3,5,15,23,5,91,103,2,1,1,6,"105, PRES D'AULNAY (RUE",0.0,0.0
201500036465,26,2,15,12,1,91,103,2,1,2,7,"75, BLUM LEON (RUE)",0.0,0.0
201500036466,4,5,15,23,5,91,552,2,1,2,6,"75, MESNIL (RUE DU)",0.0,0.0
201500036467,27,2,15,0,3,91,552,2,1,2,7,BOIS DES FOSSES (CHEMIN,0.0,0.0
201500036468,5,5,15,17,1,91,347,2,1,1,3,"60, RN 20",0.0,0.0
201500036469,27,2,15,14,1,91,552,2,1,1,3,DECLE RENE (RUE),0.0,0.0
201500036470,6,5,15,18,1,91,339,2,1,1,2,RN 20,0.0,0.0
201500036471,27,2,15,18,1,91,425,2,1,1,6,"29, PLAINE (RUE DE LA)",0.0,0.0
201500036472,9,5,15,14,1,91,339,2,3,1,3,DIVISION LECLERC (RUE DE,0.0,0.0
201500036473,28,2,15,11,1,91,425,2,1,1,6,TEMERAIRE (AV DU),0.0,0.0
201500036474,11,5,15,8,1,91,21,2,1,1,6,CASSIN RENE (RUE),0.0,0.0
201500036475,12,2,15,15,1,91,103,2,1,1,6,LEBLANC ALFRED (RUE),0.0,0.0
201500036476,11,5,15,11,1,91,103,1,2,1,3,SAUSSAIE (RUE DE LA),0.0,0.0
201500036477,12,5,15,8,1,91,425,1,1,1,1,"47, NATIONALE 20 (ROUTE)",0.0,0.0
201500036478,12,5,15,19,1,91,552,2,1,1,5,"3, DECLE RENE (RUE)",0.0,0.0
201500036479,19,5,15,15,1,91,457,2,1,1,4,FERTE ALAIS (ROUTE DE LA,0.0,0.0
201500036480,22,5,15,10,1,91,103,2,3,1,3,BLUM LEON (RUE),0.0,0.0
201500036481,22,5,15,14,1,91,552,2,1,1,7,LATERAL AU CHEMIN DE FER,0.0,0.0
201500036482,25,5,15,16,1,91,21,2,6,1,3,VERDUN (AVENUE DE),0.0,0.0
201500036483,30,5,15,15,1,91,425,2,1,1,1,TEMPLIERS (ROUTE DES),0.0,0.0
201500036484,31,5,15,0,5,91,339,2,1,1,6,"36, TABOR (CHEMIN DE)",0.0,0.0
201500036485,31,5,15,11,1,91,347,2,1,1,1,LONGPONT (RUE DE),0.0,0.0
201500036486,2,6,15,8,1,91,347,2,1,1,6,PONT AUX PINS (RUE DU),0.0,0.0
201500036487,2,6,15,18,1,91,103,2,1,1,3,BROSSOLETTE PIERRE (R,0.0,0.0
201500036488,4,6,15,7,1,91,425,2,1,1,4,NATIONALE 20 (ROUTE),0.0,0.0
201500036489,6,6,15,6,1,91,552,2,1,1,7,DECLE RENE (RUE),0.0,0.0
201500036490,6,6,15,10,1,91,552,2,1,1,7,"138, CORBEIL (ROUTE DE)",0.0,0.0
201500036491,6,6,15,15,1,91,339,2,1,1,6,DIVISION LECLERC (RUE DE,0.0,0.0
201500036492,8,6,15,12,1,91,103,2,1,1,2,MAISON NEUVE (AVENUE DE,0.0,0.0
201500036493,12,6,15,16,1,91,103,2,1,1,3,DE GAULLE (ROND POINT DU,0.0,0.0
201500036494,13,6,15,12,1,91,552,2,1,1,3,"42, DECLE RENE (RUE)",0.0,0.0
201500036495,18,6,15,14,1,91,457,2,1,1,5,FERTE ALAIS (ROUTE DE LA,0.0,0.0
201500036496,21,6,15,15,1,91,552,2,1,1,6,"134, CORBEIL (ROUTE DE)",0.0,0.0
201500036497,22,6,15,22,5,91,552,2,1,1,6,"120, CORBEIL (ROUTE DE)",0.0,0.0
201500036498,23,6,15,9,1,91,425,1,2,1,3,ARCHERS (RUE DES),0.0,0.0
201500036499,25,6,15,6,1,91,552,2,1,1,1,CORBEIL (ROUTE DE),0.0,0.0
201500036500,25,6,15,19,1,91,552,2,1,1,7,CINQUANTE ARPENTS (CHEMI,0.0,0.0
201500036501,26,6,15,11,1,91,425,2,1,1,3,NATIONALE 20 (ROUTE),0.0,0.0
201500036502,27,6,15,16,1,91,552,2,1,1,2,NATIONALE 20 (ROUTE),0.0,0.0