Num_Acc,jour,mois,an,hr,condition_eclairage,departement,commune,condition_agglomeration,intersection,condition_atmosphere,type_collision,adresse,lattitude,longitude
201500036503,29,6,15,12,1,91,425,2,1,1,2,ORLEANS (ROUTE D'),0.0,0.0
201500036504,1,7,15,0,5,91,552,2,1,1,2,"21 BIS, NATIONALE 20 (RO",0.0,0.0
201500036505,3,7,15,16,1,91,425,2,1,1,2,NATIONALE 20 (ROUTE),0.0,0.0
201500036506,6,7,15,13,1,91,425,2,1,1,2,NATIONALE 20 (ROUTE),0.0,0.0
201500036507,6,7,15,16,1,91,552,2,1,1,4,"67, NATIONALE 20 (ROUTE)",0.0,0.0
201500036508,15,7,15,9,1,91,339,2,1,1,6,GRACE DE DIEU (CHEMIN DE,0.0,0.0
201500036509,17,7,15,22,5,91,425,2,1,1,6,MARCOUSSIS (ROUTE DE),0.0,0.0
201500036510,20,7,15,12,1,91,21,2,3,1,3,JAURES JEAN (BOULEVARD),0.0,0.0
201500036511,22,7,15,16,1,91,552,2,1,1,2,"25, NATIONALE 20 (ROUTE)",0.0,0.0
201500036512,22,7,15,19,1,91,552,2,1,1,2,NATIONALE 20 (ROUTE),0.0,0.0
201500036513,24,7,15,18,1,91,425,2,1,1,1,ORLEANS (ROUTE D'),0.0,0.0
201500036514,25,7,15,23,5,91,457,2,1,1,3,FERTE ALAIS (ROUTE DE LA,0.0,0.0
201500036515,28,7,15,16,1,91,103,2,1,2,1,MARRONNIERS  (AVENUE DES,0.0,0.0
201500036516,1,8,15,6,1,91,21,2,1,1,6,"5, EGLY (ROUTE D')",0.0,0.0
201500036517,7,8,15,11,1,91,103,2,1,1,6,"12, POITOU (RUE DU)",0.0,0.0
201500036518,8,8,15,0,5,91,425,2,1,1,6,TEMPLIERS (ROUTE DES),0.0,0.0
201500036519,15,8,15,7,1,91,21,2,1,2,6,DIVISION LECLERC (AVENUE,0.0,0.0
201500036520,16,8,15,21,3,91,457,1,1,1,6,CD 19,0.0,0.0
201500036521,19,8,15,22,5,91,347,2,1,1,7,PERRAY (RUE DU),0.0,0.0
201500036522,28,8,15,15,1,91,347,1,1,1,2,RN 20,0.0,0.0
201500036523,29,8,15,12,1,91,425,2,1,1,3,MOUCHY (BOULEVARD),0.0,0.0
201500036524,30,8,15,18,1,91,552,1,1,1,2,RN 20,0.0,0.0
201500036525,2,9,15,15,1,91,21,2,1,1,6,"100, GRANDE (RUE)",0.0,0.0
201500036526,2,9,15,21,5,91,425,2,1,1,2,RN20,0.0,0.0
201500036527,6,9,15,16,1,91,425,2,4,1,6,CROIX DU MESNIL (CHEMIN,0.0,0.0
201500036528,10,9,15,18,1,91,425,2,1,1,2,PONT DES BELLES DAMES,0.0,0.0
201500036529,14,9,15,14,1,91,339,1,1,2,3,RN 20,0.0,0.0
201500036530,14,9,15,18,1,91,425,2,1,2,2,"66-68,RN20 (R. ORLEANS)",0.0,0.0
201500036531,16,9,15,10,1,91,103,2,1,3,3,SAUSAIE (RUE DE LA),0.0,0.0
201500036532,24,9,15,4,5,91,103,2,6,1,1,COMMUNE DE PARIS (AV DE,0.0,0.0
201500036533,24,9,15,7,1,91,457,1,1,1,6,LOGES (ROUTE DES),0.0,0.0
201500036534,24,9,15,9,1,91,333,2,2,1,3,ROYAL (CHEMIN),0.0,0.0
201500036535,24,9,15,22,3,91,457,1,1,2,6,RD 19,0.0,0.0
201500036536,25,9,15,18,1,91,425,2,1,1,3,BOURGUIGNONS (RUE DES,0.0,0.0
201500036537,26,9,15,14,1,91,457,1,1,1,6,CD 19,0.0,0.0
201500036538,2,10,15,11,1,91,103,2,3,1,6,LUCIEN CLAUSE(AVENUE),0.0,0.0
201500036539,4,10,15,16,1,91,347,2,1,1,1,PONT AUX PINS (RUE DU,0.0,0.0
201500036540,6,10,15,7,1,91,425,2,1,3,3,"18, TEMPLIERS (ROUTE DES",0.0,0.0
201500036541,6,10,15,10,1,91,21,2,1,1,2,SAINT DENIS (RUE),0.0,0.0
201500036542,7,10,15,20,5,91,347,2,1,1,2,"60, CROIX ROUGE FER (CHE",0.0,0.0
201500036543,11,10,15,21,5,91,425,2,1,1,7,ORLEANS (ROUTE D'),0.0,0.0
201500036544,12,10,15,15,1,91,425,2,1,1,2,"29, RN 20",0.0,0.0
201500036545,13,10,15,11,1,91,103,2,1,1,6,BRANLY EDOUARD (AVENUE),0.0,0.0
201500036546,16,10,15,8,1,91,339,1,1,2,3,ROBERT BENOIST (AVENUE),0.0,0.0
201500036547,18,10,15,0,5,91,347,2,1,1,2,"88, RN 20",0.0,0.0
201500036548,18,10,15,14,1,91,425,2,1,1,3,PONT DES BELLES DAMES,0.0,0.0
201500036549,21,10,15,19,5,91,425,2,1,3,3,RN 20,0.0,0.0
201500036550,22,10,15,19,5,91,103,2,2,2,3,DANAUX EDOUARD (RUE),0.0,0.0
201500036551,25,10,15,23,5,91,425,2,1,1,2,ORLEANS (ROUTE D'),0.0,0.0
201500036552,26,10,15,7,1,91,347,2,1,1,5,"76, DIVISION LECLERC (AV",0.0,0.0
201500036553,28,10,15,9,1,91,552,1,1,2,7,RN 20,0.0,0.0
201500036554,1,11,15,14,1,91,425,1,1,1,2,RN 20 (ROUTE),0.0,0.0
201500036555,3,11,15,8,1,91,425,2,1,2,3,"78, MARCOUSSIS (ROUTE DE",0.0,0.0
201500036556,5,11,15,8,1,91,425,2,7,1,6,MARCHE (PLACE DU),0.0,0.0
201500036557,7,11,15,15,1,91,425,2,1,1,2,"19, ORLEANS (ROUTE D')",0.0,0.0
201500036558,17,11,15,17,5,91,21,2,2,2,2,CORNATON ABEL (BLD),0.0,0.0
201500036559,19,11,15,12,1,91,333,2,6,2,6,BRETIGNY (ROUTE DE),0.0,0.0
201500036560,20,11,15,5,5,91,339,2,1,3,1,"2, JUBILE (ROUTE DU)",0.0,0.0
201500036561,23,11,15,14,1,91,103,2,1,1,3,BROSSOLETTE PIERRE (R,0.0,0.0
201500036562,25,11,15,7,2,91,103,2,1,1,7,CAMUS ALBERT (RUE),0.0,0.0
201500036563,26,11,15,10,1,91,347,2,1,1,3,ORMOY (RUE DE L'),0.0,0.0
201500036564,28,11,15,1,5,91,425,2,1,2,6,TEMPLIERS (ROUTE DES),0.0,0.0
201500036565,2,12,15,20,3,91,457,1,1,1,6,RD 19,48.57676,2.28181
201500036566,4,12,15,7,1,91,425,1,1,2,3,RN20,0.0,0.0
201500036567,4,12,15,13,1,91,425,2,1,1,7,TEMPLIERS (ROUTE DES),0.0,0.0
201500036568,10,12,15,8,1,91,339,2,1,1,6,"77, VIEUX PAVE DE BRUYER",0.0,0.0
201500036569,13,12,15,0,3,91,103,1,1,5,6,RD 19,0.0,0.0
201500036570,13,12,15,21,5,91,425,2,1,5,6,BOURGUIGNONS (RUE DES,0.0,0.0
201500036571,16,12,15,8,5,91,333,2,4,1,6,Chemin Royal,48.61886,2.26062
201500036572,16,12,15,18,5,91,347,2,1,3,4,MONTLHERY (ROUTE DE),48.63486,2.2882
201500036573,19,12,15,22,5,91,347,2,4,1,3,TEMPLIERS (ROUTE DES),48.64431,2.28204
201500036574,23,12,15,1,3,91,552,1,1,1,6,RN20,0.0,0.0
201500036575,10,1,15,19,5,91,27,2,1,2,3,VALLES (AVENUE JULES),0.0,0.0
201500036576,21,12,15,19,5,91,27,2,1,1,1,INDUSTRIE (QUAI DE L'),48.41,2.23
201500036577,22,4,15,7,1,91,27,2,2,1,5,DIX HUIT AVRIL (AVENUE),0.0,0.0
201500036578,13,2,15,16,1,91,27,2,3,1,3,"6, VALLES (AVENUE JULES)",0.0,0.0
201500036579,26,12,15,9,1,91,27,2,4,1,3,SEMBAT (AVENUE MARCEL),48.70777,2.37899
201500036580,20,5,15,18,1,91,27,2,1,1,3,BRIAND (AVENUE ARISTIDE),48.70595,2.38898
201500036581,17,2,15,12,1,91,27,2,2,8,3,MITTERAND (AVENUE FRA,0.0,0.0
201500036582,29,5,15,17,1,91,479,1,1,1,3,FONTAINEBLEAU (BOULEVARD,0.0,0.0
201500036583,3,3,15,17,1,91,479,1,1,1,5,FONTAINEBLEAU (BOULEVARD,0.0,0.0
201500036584,12,6,15,15,1,91,27,2,3,1,6,VALLES (AVENUE JULES),0.0,0.0
201500036585,6,3,15,17,1,91,479,2,2,1,3,JAURES (AVENUE JEAN),0.0,0.0
201500036586,18,6,15,6,1,91,27,2,1,1,2,MITTERAND (AVENUE FRANCO,0.0,0.0
201500036587,5,8,15,3,5,91,479,2,1,1,2,FONTAINEBLEAU (BOULEV,0.0,0.0
201500036588,8,7,15,11,1,91,27,2,1,1,3,MITTERAND (AVENUE FRANCO,0.0,0.0
201500036589,4,9,15,11,1,91,479,2,1,1,6,VERDUN (AVENUE DE),0.0,0.0
201500036590,10,9,15,19,1,91,479,2,2,1,5,VAILLANT-COUTURIER (AVEN,0.0,0.0
201500036591,6,1,15,18,5,91,114,2,6,1,2,WITTLICH (ROND POINT),0.0,0.0
201500036592,10,3,15,17,1,91,114,2,1,1,6,"9, MONTGERON (RUE DE)",0.0,0.0
201500036593,20,12,15,21,5,91,114,2,1,1,3,ROUTE NATIONALE 6,48.68136,2.49258
201500036594,8,1,15,18,3,91,114,2,1,1,2,"4, GENERAL DE GAULLE (BO",0.0,0.0
201500036595,17,3,15,17,1,91,514,2,3,1,3,VIEILLET (RESIDENCE),48.67947,2.53439
201500036596,22,1,15,13,1,91,114,2,6,1,3,WITTLICH (ROND POINT),0.0,0.0
201500036597,17,3,15,18,1,91,514,1,1,1,1,CD 33,48.67322,2.52478
201500036598,26,1,15,19,3,91,97,2,9,3,6,Centre commercial Val d',0.0,0.0
201500036599,18,3,15,14,1,91,114,2,2,1,3,LIEVRES (RUE DES),48.70988,2.51128
201500036600,30,1,15,20,3,91,514,1,1,1,3,RD 33,0.0,0.0
201500036601,19,3,15,15,1,91,514,2,6,1,2,BOUSSY ST ANTOINE (RO,48.68072,2.53808
201500036602,31,1,15,12,1,91,114,2,1,1,2,ROUTE NATIONALE 6,0.0,0.0
201500036603,10,4,15,18,1,91,114,2,1,1,6,"23, BELVEDERE (AVENUE DU",0.0,0.0
201500036604,11,2,15,17,1,91,114,2,1,1,2,ROUTE NATIONALE 6,0.0,0.0
201500036605,12,5,15,20,1,91,114,2,1,1,2,LILAS (AVENUE DU),48.68094,2.49322
201500036606,12,2,15,5,5,91,97,2,1,1,6,MOULIN NEUF (RUE DU),0.0,0.0
201500036607,17,5,15,12,1,91,97,2,1,1,6,JEAN MOULIN (AVENUE),48.6784,2.52703
201500036608,20,2,15,20,5,91,114,2,1,3,6,"3, TALMA (RUE)",0.0,0.0
201500036609,25,2,15,12,1,91,114,2,1,2,2,ROUTE NATIONALE 6,0.0,0.0
201500036610,21,5,15,18,1,91,114,1,1,1,3,ROUTE NATIONALE 6,48.6857,2.48714
201500036611,26,2,15,10,1,91,97,2,6,2,3,FRICHES (CARREFOUR DES),0.0,0.0
201500036612,28,5,15,17,1,91,97,2,1,1,3,"103, ROCHOPT (RUE)",48.6956,2.54861
201500036613,5,3,15,20,5,91,97,2,1,1,6,CORA ET SON PARKING,0.0,0.0
201500036614,30,5,15,19,1,91,114,2,3,1,6,VILLECRESNES (RUE),48.7071,2.50367
201500036615,7,12,15,8,1,91,514,2,1,1,5,RD 33,48.66771,2.53054
201500036616,7,3,15,10,1,91,114,2,1,1,2,PIERRE PROST (AVENUE),0.0,0.0
201500036617,8,6,15,9,1,91,114,2,1,1,2,TALMA (RUE),48.6934,2.50192
201500036618,11,6,15,18,1,91,514,1,1,1,2,ROUTE NATIONALE 6,0.0,0.0
201500036619,13,6,15,14,1,91,215,1,1,1,6,JACQUES TATI (ALLEE),48.7001,2.52858
201500036620,17,6,15,13,1,91,114,2,1,1,4,ROUTE NATIONALE 6,48.6816,2.49236
201500036621,26,6,15,17,1,91,514,2,1,1,3,BOISSY (RUE DE),48.6727,2.53708
201500036622,29,6,15,13,1,91,114,1,1,1,4,BRIE (ROUTE DE),48.7041,2.51258
201500036623,1,7,15,19,1,91,114,2,1,1,4,PIERRE PROST (AVENUE),48.6984,2.49514
201500036624,4,7,15,16,1,91,514,2,1,1,1,"5, COMBS LA VILLE (RUE D",48.6712,2.54042
201500036625,18,7,15,20,1,91,114,2,1,1,2,ROUTE NATIONALE 6,48.6781,2.49661
201500036626,20,8,15,22,5,91,114,2,1,1,1,"35 bis, VILLECRESNES (RU",48.7073,2.50614
201500036627,4,9,15,9,1,91,114,2,1,1,6,POSTE (RUE DE LA),48.6967,2.50447
201500036628,27,8,15,14,1,91,114,2,6,1,3,PYRAMIDE (PLACE DE LA),48.6832,2.49017
201500036629,21,9,15,9,1,91,215,2,1,1,2,HUIT MAI QUARANTE CINQ (,48.6968,2.52442
201500036630,22,9,15,14,1,91,97,2,1,8,3,JEAN MOULIN (AVENUE),48.6836,2.53328
201500036631,22,9,15,16,1,91,114,2,1,2,4,PIERRE PROST (AVENUE),0.0,0.0
201500036632,22,9,15,18,1,91,114,2,1,2,6,"23, REPUBLIQUE (RUE DE L",48.6994,2.50533
201500036633,28,9,15,8,1,91,114,2,2,1,3,FORET (AVENUE DE LA),48.6847,2.49283
201500036634,28,9,15,14,1,91,97,2,1,1,2,"13, C. DE GAULLE (AVENUE",48.6854,2.5295
201500036635,4,10,15,11,1,91,97,2,3,1,1,MOULIN NEUF (RUE DU),48.6887,2.53286
201500036636,11,10,15,14,1,91,514,1,1,1,1,RD 33,48.663,2.52245
201500036637,8,10,15,17,1,91,514,2,1,1,4,RD 33,48.66358,2.52361
201500036638,16,10,15,6,5,91,215,2,1,1,6,8 MAI 1945 (AVENUE,48.6969,2.52411
201500036639,5,11,15,17,2,91,514,1,1,1,4,ROUTE NATIONALE 6,48.6625,2.5156
201500036640,4,11,15,14,1,91,114,2,1,1,1,GENERAL LECLERC (AVENUE,48.41131,9.344
201500036641,9,11,15,18,2,91,97,2,6,1,3,ROCHOPT (RUE),48.6909,2.5257
201500036642,17,11,15,8,2,91,114,2,1,8,4,QUINCY (RUE DE),48.6881,2.50497
201500036643,25,11,15,18,3,91,514,1,1,2,3,RD 33,48.6641,2.52444
201500036644,26,11,15,17,5,91,514,1,1,1,6,"93, FRANKLIN ROOSEVELT (",48.10013,2.31524
201500036645,27,11,15,20,5,91,114,2,1,2,2,ROUTE NATIONALE 6,48.4018,2.29391
201500036646,29,11,15,18,5,91,114,2,1,1,3,CHATEAU (AVENUE DU),48.6887,2.49951
201500036647,15,12,15,17,5,91,97,2,6,2,2,CHARLES DE GAULLE(EPINAY,48.69088,2.52533
201500036648,15,12,15,19,5,91,114,2,1,2,1,VILLECRESNES (RUE),48.70769,2.51013
201500036649,7,11,15,18,1,91,174,2,1,1,6,"160, RUE GEORGES LEDU",48.59113,2.47438
201500036650,18,5,15,15,1,91,174,1,1,1,6,FERAY ( rue ),48.60817,2.47474
201500036651,8,2,15,19,5,91,174,2,1,1,6,PERE LEGRIS(RUE DU),0.0,0.0
201500036652,21,11,15,15,1,91,174,2,1,3,6,Emile ZOLA (rue),48.61538,2.46983
201500036653,9,5,15,22,5,91,174,2,2,1,3,"1, PARIS (RUE)",48.6026,2.46919
201500036654,19,5,15,12,1,91,174,2,1,1,6,"4, FERAY ( rue )",48.6119,2.48092
201500036655,2,7,15,10,1,91,174,2,3,1,3,"56, JEAN JAURES (BOULEVA",48.609,2.46372
201500036656,15,7,15,15,1,91,174,1,1,1,6,"24, PARIS (RUE)",48.6039,2.468
201500036657,17,7,15,7,2,91,174,2,3,1,3,"01, CHEVALIER SAINT JEAN",48.6065,2.47647
201500036658,17,7,15,18,1,91,174,2,1,1,6,"01, rue gustave courbet",0.0,0.0
201500036659,9,10,15,20,5,91,174,2,3,1,3,"31, BRIAND(ALLEE ARISTID",48.60984,2.47519
201500036660,11,1,15,14,1,91,174,2,1,1,6,"7, PARIS (RUE)",0.0,0.0
201500036661,20,8,15,10,1,91,174,2,1,1,6,JEAN COCTEAU (RUE),48.6091,2.44894
201500036662,20,1,15,9,1,91,174,2,1,5,6,Emile ZOLA (rue),0.0,0.0
201500036663,25,10,15,12,1,91,174,2,3,1,3,AVENIR (RUE DE L'),48.58075,2.47633
201500036664,19,1,15,9,1,91,174,2,1,4,6,REPUBLIQUE (RUE DE),0.0,0.0
201500036665,5,10,15,14,1,91,174,2,3,3,3,JACQUES BOURGOIN(QUAI),48.60577,2.48983
201500036666,9,1,15,17,5,91,174,2,1,1,3,"46, 08 MAI 1945 (AVENUE)",0.0,0.0
201500036667,10,9,15,11,1,91,174,2,1,1,6,"7, RUE HELOISE",0.0,0.0
201500036668,28,2,15,16,1,91,174,2,1,1,3,"37, ST LAZARE(RUE DE)",0.0,0.0
201500036669,28,2,15,19,5,91,174,2,1,1,2,"1, PATTON (PONT)",0.0,0.0
201500036670,4,3,15,8,1,91,657,2,1,1,6,FREDERIC JOLIOT CURIE (A,0.0,0.0
201500036671,8,3,15,16,1,91,201,2,1,1,6,"52, GENERAL DE GAULLE(BO",0.0,0.0
201500036672,16,3,15,20,5,91,657,2,2,1,6,CONCORDE (AVENUE),0.0,0.0
201500036673,24,3,15,8,1,91,201,2,2,1,2,HENRI BARBUSSE(AV),0.0,0.0
201500036674,25,3,15,5,1,91,201,2,2,1,3,PIERRE BROSSOLETTE (RUE),0.0,0.0
201500036675,27,3,15,11,1,91,201,2,4,1,6,HENRI BARBUSSE(BOULEVARD,48.66469,2.41958
201500036676,29,3,15,2,5,91,201,2,2,1,3,HENRI BARBUSSE(AV),0.0,0.0
201500036677,30,3,15,13,1,91,201,2,1,1,6,"99, FERDINAND BUISSON(RU",0.0,0.0
201500036678,30,3,15,19,1,91,657,2,1,1,6,CEDRES (RUE DES),0.0,0.0
201500036679,31,3,15,19,1,91,657,2,3,1,3,TOURELLE (AVENUE DE LA ),0.0,0.0
201500036680,1,4,15,14,1,91,201,2,1,1,6,Rue FERDINAND BUISSON,48.67891,2.40353
201500036681,2,4,15,16,1,91,657,2,2,1,6,"2, CONCORDE (AVENUE)",0.0,0.0
201500036682,10,4,15,17,1,91,201,1,1,1,6,PORT AUX CERISES (RUE DU,0.0,0.0
201500036683,14,4,15,12,1,91,657,2,1,1,3,"54, HENRI BARBUSSE (AVEN",48.42007,2.5113
201500036684,14,4,15,10,1,91,201,2,1,1,4,"196, HENRI BARBUSSE(Av",0.0,0.0
201500036685,18,4,15,18,1,91,657,2,6,1,3,TOURELLE (AVENUE DE LA,48.68911,2.43639
201500036686,22,4,15,7,1,91,201,2,1,1,1,WALDECK ROUSSEAU (RUE),0.0,0.0
201500036687,27,4,15,21,5,91,201,2,3,1,3,EUROPE(AVENUE DE L'),0.0,0.0
201500036688,28,4,15,17,1,91,201,2,1,1,2,Av Eugène Delacroix,0.0,0.0
201500036689,29,4,15,15,1,91,657,2,7,1,6,PETIT NOISY (CHEMIN),0.0,0.0
201500036690,29,4,15,18,1,91,657,2,3,1,3,HENRI BARBUSSE (AVENUE),0.0,0.0
201500036691,1,5,15,8,1,91,201,1,1,3,1,"15, HENRI BARBUSSE(BOULE",0.0,0.0
201500036692,4,5,15,18,1,91,657,2,1,2,1,MARCEL CACHIN (RUE),0.0,0.0
201500036693,5,5,15,14,1,91,201,2,1,1,6,"18, GENERAL DE GAULLE(BO",0.0,0.0
201500036694,8,5,15,14,1,91,657,2,2,1,2,JULES VERNE (RUE),0.0,0.0
201500036695,17,5,15,14,1,91,201,2,1,1,3,GENERAL DE GAULLE(BOULEV,48.68724,2.39882
201500036696,29,5,15,10,1,91,201,2,4,2,3,EUGENE DELACROIX(AVENUE),0.0,0.0
201500036697,3,6,15,17,1,91,201,2,2,1,5,"124, GENERAL DE GAULLE(B",0.0,0.0
201500036698,15,6,15,12,1,91,201,1,1,1,3,"50, HENRI BARBUSSE(BOULE",48.67379,2.41221
201500036699,18,6,15,19,1,91,657,2,1,1,2,"14, CONCORDE (AVENUE)",48.70733,2.41652
201500036700,19,6,15,13,1,91,201,2,3,1,3,MAINVILLE(RUE DE),0.0,0.0
201500036701,19,6,15,11,1,91,201,2,1,1,6,HENRI BARBUSSE(BOULEVARD,0.0,0.0
201500036702,23,6,15,17,1,91,657,2,1,1,3,HENRI BARBUSSE (AVENUE),48.70034,2.43156
201500036703,24,6,15,21,1,91,201,2,1,1,3,"6 bis, HENRI BARBUSSE(BO",0.0,0.0
201500036704,28,6,15,14,1,91,201,2,5,1,1,PIERRE BROSSOLETTE (RUE),48.68392,2.41513
201500036705,30,6,15,11,1,91,657,2,2,1,2,LONGUERAIE (RUE DE LA ),48.71685,2.43736
201500036706,29,6,15,20,1,91,657,1,1,1,1,"83, JULES VERNE (RUE)",48.698,2.43967
201500036707,1,7,15,19,1,91,657,2,1,1,3,"54, HENRI BARBUSSE (AVEN",48.70023,2.42025
201500036708,2,7,15,8,1,91,201,2,2,1,3,JEAN JAURES(AVENUE),48.6897,2.41331
201500036709,9,7,15,11,1,91,201,2,1,1,6,"28, REPUBLIQUE (PLACE DE",48.68584,2.41031
201500036710,15,7,15,21,1,91,657,2,1,1,6,"2 bis, HENRI CHARON (AVE",48.70655,2.42192
201500036711,16,7,15,10,1,91,201,2,2,1,6,"02, MAINVILLE(RUE DE)",48.6858,2.41139
201500036712,17,7,15,11,1,91,201,2,1,1,1,EUROPE(AVENUE DE L'),48.6836,2.43219
201500036713,20,7,15,16,1,91,657,2,2,1,1,ROGER SALENGRO (RUE),48.703,2.4362
201500036714,1,8,15,14,1,91,657,2,2,1,3,HENRI CHARON (AVENUE),48.70475,2.42709
201500036715,24,6,15,15,1,91,201,2,1,1,3,"02, ALPHONSE DAUDET(RUE)",0.0,0.0
201500036716,4,8,15,16,1,91,201,2,2,1,3,HENRI BARBUSSE(BOULEVARD,48.6741,2.41203
201500036717,8,8,15,15,1,91,657,2,1,1,6,"26, PIERRE MARIN (RUE)",48.70226,2.41439
201500036718,14,8,15,12,1,91,657,2,1,1,6,CHARLES DE GAULLE (PLACE,0.0,0.0
201500036719,31,8,15,19,1,91,201,2,1,1,3,"32, REPUBLIQUE (PLACE DE",0.0,0.0
201500036720,2,9,15,11,1,91,657,2,1,1,2,FREDERIC JOLIOT CURIE (R,48.70444,2.42098
201500036721,4,9,15,15,1,91,657,2,1,1,6,"15, PAUL LANGEVIN (RUE)",0.0,0.0
201500036722,16,9,15,22,5,91,657,2,5,1,3,TOURELLE (AVENUE DE LA ),0.0,0.0
201500036723,20,9,15,22,5,91,201,2,7,1,6,REPUBLIQUE (PLACE DE LA),0.0,0.0
201500036724,4,1,15,6,5,91,657,2,1,1,6,PIERRE MARIN (RUE),0.0,0.0
201500036725,22,9,15,21,5,91,201,2,1,2,4,"5, RIS (RUE DE)",43.8,2.5
201500036726,24,9,15,11,1,91,657,2,1,1,1,"2A, HENRI CHARON (AVENUE",0.0,0.0
201500036727,29,9,15,19,1,91,201,2,1,1,3,HENRI BARBUSSE(AV,48.6902,2.41111
201500036728,11,9,15,18,1,91,201,2,1,1,1,"14, AUGUSTE BLANQUI(AVEN",48.68864,2.41663
201500036729,14,10,15,17,1,91,201,2,2,8,3,EUGENE DELACROIX(AVENUE),48.6779,2.42314
201500036730,17,10,15,14,1,91,657,2,3,1,6,"127, PIERRE BROSSOLETTE",48.70123,2.4384
201500036731,17,10,15,11,1,91,657,2,1,1,2,"80, HENRI BARBUSSE (AVEN",48.7015,2.42414
201500036732,26,10,15,18,1,91,201,2,1,1,4,"149, HENRI BARBUSSE(BOUL",48.69451,2.41382
201500036733,28,10,15,7,2,91,657,2,3,2,3,TOURELLE (AVENUE DE LA ),48.69256,2.44501
201500036734,2,11,15,21,5,91,657,2,1,1,1,"114, HENRI BARBUSSE (AVE",0.0,0.0
201500036735,3,11,15,21,5,91,657,2,6,1,6,LONGUERAIE (RUE DE LA ),48.71383,2.43296
201500036736,6,11,15,15,1,91,657,2,2,3,3,"17, CHENES (RUE DES )",48.69419,2.43636
201500036737,6,11,15,22,5,91,201,2,1,2,7,"39, HENRI BARBUSSE(AV",0.0,0.0
201500036738,12,11,15,15,1,91,657,2,3,1,3,HENRI BARBUSSE (AVENUE),48.70059,2.42107
201500036739,14,11,15,17,5,91,201,2,1,1,3,"65, HENRI BARBUSSE(AV",48.6747,2.41177
201500036740,18,11,15,10,1,91,657,2,1,1,2,"96, HENRI BARBUSSE (AVEN",0.0,0.0
201500036741,22,11,15,14,1,91,657,2,1,1,3,"72, HENRI BARBUSSE (AVEN",48.7009,2.42219
201500036742,25,11,15,21,5,91,201,2,6,2,7,GENERAL DE GAULLE(BOULEV,48.68827,2.3907
201500036743,26,11,15,12,1,91,201,2,3,1,6,GRANGER (AVENUE),48.68382,2.40848
201500036744,27,11,15,7,5,91,201,2,1,5,7,GENERAL DE GAULLE(BOULEV,48.68822,2.39196
201500036745,26,11,15,19,5,91,201,2,1,1,4,EUROPE(AVENUE DE L'),48.68644,2.4335
201500036746,5,12,15,19,5,91,657,2,1,1,3,HENRI BARBUSSE (AVENUE),0.0,0.0
201500036747,5,12,15,20,5,91,657,2,1,1,3,"2 BIS, HENRI CHARON (AVE",48.70672,2.42116
201500036748,8,12,15,16,1,91,201,2,2,2,6,PIERRE BROSSOLETTE (RUE),48.68383,2.41527
201500036749,12,12,15,23,5,91,201,2,1,1,2,"80-82, HENRI BARBUSSE(AV",48.67777,2.4106
201500036750,17,12,15,10,1,91,201,2,1,1,6,"44, FERDINAND BUISSON(RU",48.67452,2.40806
201500036751,18,12,15,13,1,91,657,2,1,1,6,"2, CONCORDE (AVENUE)",48.70805,2.41605
201500036752,18,12,15,21,5,91,657,2,1,8,3,PIERRE MARIN (RUE),48.70334,2.41357
201500036753,20,12,15,18,2,91,201,2,3,1,3,EUGENE DELACROIX(AVENUE),48.67547,2.41603
201500036754,22,12,15,18,5,91,201,1,1,1,6,"230, HENRI BARBUSSE(BOUL",48.68694,2.40894
201500036755,28,12,15,14,1,91,201,2,1,1,4,"149 bis, HENRI BARBUSSE(",48.69461,2.41397
201500036756,30,12,15,18,5,91,201,2,1,1,6,PORT AUX DAMES(QUAI+RUE,48.68051,2.39774
201500036757,11,1,15,16,1,91,201,2,2,1,6,HENRI BARBUSSE(AV),0.0,0.0
201500036758,13,2,15,13,1,91,201,2,2,1,6,HENRI BARBUSSE(AV),0.0,0.0
201500036759,19,2,15,18,1,91,657,2,2,1,1,MARECHAL FOCH (RUE),0.0,0.0
201500036760,24,1,15,11,1,91,657,2,2,9,3,JULES VERNE (RUE),0.0,0.0
201500036761,25,1,15,15,1,91,201,2,9,9,4,GENERAL DE GAULLE(BOULEV,0.0,0.0
201500036762,28,1,15,20,4,91,201,2,2,9,3,MAINVILLE(RUE DE),0.0,0.0
201500036763,7,2,15,18,5,91,657,2,2,1,1,PAUL VAILLANT COUTURIER,0.0,0.0
201500036764,7,1,15,15,1,91,223,2,1,1,7,"32, MOULIN A TAN (RUE DU",0.0,0.0
201500036765,7,3,15,16,1,91,223,2,1,1,1,08 MAI 1945 (AVENUE),0.0,0.0
201500036766,18,1,15,2,4,91,223,2,1,1,6,"6, SAINT MARTIN (RUE)",0.0,0.0
201500036767,10,3,15,12,1,91,223,1,1,1,7,RN20,0.0,0.0
201500036768,20,1,15,9,1,91,223,1,1,1,7,RD63,0.0,0.0
201500036769,11,3,15,16,1,91,433,2,1,1,2,G. DE GAULLE (av),0.0,0.0
201500036770,22,1,15,20,5,91,223,2,1,1,6,"4, PONT SAINT JEAN (RUE",0.0,0.0
201500036771,23,3,15,17,1,91,223,2,1,1,6,"6, SAINT ANTOINE (RUE)",0.0,0.0
201500036772,28,1,15,15,1,91,433,1,1,2,7,RD 191,0.0,0.0
201500036773,28,3,15,23,5,91,223,2,3,1,1,SAINT MARTIN (RUE,0.0,0.0
201500036774,30,1,15,15,1,91,433,1,1,1,7,RUE GRANGE DES NOYERS,0.0,0.0
201500036775,3,4,15,18,1,91,223,1,1,1,4,RN20,0.0,0.0
201500036776,4,2,15,11,1,91,223,2,1,1,3,"11, HENRI IV (BOULEVARD)",0.0,0.0