Num_Acc,jour,mois,an,hr,condition_eclairage,departement,commune,condition_agglomeration,intersection,condition_atmosphere,type_collision,adresse,lattitude,longitude
201500036777,6,4,15,16,1,91,433,1,1,1,7,"3, AUVERS (RUE D')",0.0,0.0
201500036778,11,2,15,11,1,91,223,2,1,1,6,BERCHERE (BOULEVARD),0.0,0.0
201500036779,8,4,15,12,1,91,223,1,1,1,1,RN20,0.0,0.0
201500036780,14,2,15,18,2,91,223,1,1,1,7,RD PT  AV C. DE GAULLE,0.0,0.0
201500036781,9,4,15,0,3,91,223,2,3,1,6,SAINT MICHEL (Bld),0.0,0.0
201500036782,15,2,15,11,1,91,223,1,1,1,6,RN20,0.0,0.0
201500036783,10,4,15,15,1,91,223,2,1,1,7,"39, CORDELIERS (RUE DES)",0.0,0.0
201500036784,18,2,15,10,1,91,223,2,1,1,6,RD 191,0.0,0.0
201500036785,13,4,15,14,1,91,223,2,1,1,2,"01, SAINT MICHEL (BOULEV",0.0,0.0
201500036786,19,2,15,10,1,91,223,2,7,1,6,HOTEL DE VILLE (PLCE),0.0,0.0
201500036787,14,4,15,15,1,91,109,2,1,1,7,LARIS (CHEMIN DU),0.0,0.0
201500036788,17,4,15,22,3,91,469,2,1,1,6,GRANDES NEIGES (chemin),0.0,0.0
201500036789,21,2,15,3,5,91,433,1,9,1,7,RD63,0.0,0.0
201500036790,22,4,15,1,3,91,223,1,1,1,7,RN20,0.0,0.0
201500036791,24,2,15,7,2,91,433,1,1,1,7,CD 63,0.0,0.0
201500036792,25,2,15,14,1,91,223,2,3,2,3,MOREAU (RUE LOUIS,0.0,0.0
201500036793,28,4,15,12,1,91,223,1,1,1,6,"1, DE GAULLE (AVENUE CHA",0.0,0.0
201500036794,29,4,15,17,1,91,223,2,3,1,3,"1, BERCHERE (BOULEVARD)",0.0,0.0
201500036795,27,2,15,19,5,91,223,2,1,1,2,"1, MAI 1945 (AVENUE DU 8",0.0,0.0
201500036796,27,2,15,19,5,91,223,2,1,1,1,MONTFAUCON (BOULE,0.0,0.0
201500036797,11,5,15,13,1,91,223,2,1,1,6,"154, REPUBLIQUE (RUE DE",0.0,0.0
201500036798,18,5,15,12,1,91,223,2,1,1,2,"40, REPUBLIQUE (RUE DE L",48.43455,2.16462
201500036799,21,5,15,2,3,91,433,1,6,1,6,RN20,48.46684,2.18279
201500036800,28,5,15,18,1,91,223,2,1,1,6,"4, REVERSELEUX (RUE)",48.42308,2.1466
201500036801,2,6,15,13,1,91,223,2,1,1,6,Av. GEOFFROY ST HILAIRE,0.0,0.0
201500036802,6,6,15,11,1,91,223,2,1,1,6,MOREAU (RUE LOUIS),0.0,0.0
201500036803,6,6,15,20,1,91,433,1,1,1,1,RD 191,0.0,0.0
201500036804,12,6,15,11,1,91,433,1,1,1,6,"10, RUE DE LA LIBERATION",0.0,0.0
201500036805,14,6,15,16,1,91,223,2,1,1,2,COQUERIVE (AVENUE,0.0,0.0
201500036806,16,6,15,16,1,91,223,2,2,1,3,MOREAU (RUE LOUIS,0.0,0.0
201500036807,21,6,15,15,1,91,223,2,1,1,3,"8, RUE JEAN MERMOZ",0.0,0.0
201500036808,24,6,15,18,1,91,433,1,3,1,3,RD63,0.0,0.0
201500036809,6,7,15,0,5,91,223,1,1,1,7,R.N.20,0.0,0.0
201500036810,11,7,15,18,1,91,223,1,1,1,7,RN20,0.0,0.0
201500036811,13,7,15,16,1,91,223,2,6,1,3,BONNEVAUX (AVENUE,0.0,0.0
201500036812,13,7,15,19,1,91,223,1,1,1,7,RD63,0.0,0.0
201500036813,21,7,15,12,1,91,223,1,1,1,5,RN20,0.0,0.0
201500036814,23,7,15,0,3,91,223,2,1,1,6,SAINT ANTOINE (RUE),0.0,0.0
201500036815,26,7,15,14,1,91,223,1,1,2,6,RN20,0.0,0.0
201500036816,26,7,15,15,1,91,223,2,1,2,6,"164, SAINT JACQUES (RUE)",0.0,0.0
201500036817,3,8,15,15,1,91,433,2,1,1,2,PONTS (RUE DES),0.0,0.0
201500036818,12,8,15,12,1,91,223,2,7,1,2,PLCE GENERAL ROMANET,0.0,0.0
201500036819,17,8,15,15,1,91,433,2,1,1,7,"3, ROCHES (CHEMIN DES)",0.0,0.0
201500036820,19,8,15,19,1,91,223,1,1,1,3,RN20,0.0,0.0
201500036821,21,8,15,17,1,91,223,1,2,1,1,RD 721,0.0,0.0
201500036822,27,8,15,21,5,91,223,2,1,3,1,"1, COQUERIVE (AVENUE DE)",0.0,0.0
201500036823,28,8,15,18,1,91,223,2,1,1,6,"37, REVERSELEUX (RUE)",0.0,0.0
201500036824,31,8,15,17,1,91,223,2,1,1,7,"135, PARIS (AVENUE DE)",0.0,0.0
201500036825,12,9,15,8,1,91,223,1,1,1,7,RN20,0.0,0.0
201500036826,13,9,15,4,5,91,223,2,1,2,7,8 MAI 1945 (AVENUE,0.0,0.0
201500036827,16,9,15,20,5,91,433,2,1,1,6,TILLEULS (RUE DES,0.0,0.0
201500036828,18,9,15,14,1,91,223,2,3,1,2,PERRAY (RUE DU),0.0,0.0
201500036829,18,9,15,18,1,91,223,2,3,1,3,"162, SAINT JACQUES (RUE)",0.0,0.0
201500036830,20,9,15,20,1,91,223,2,3,1,3,NEUVE ST-GILLES (RUE),0.0,0.0
201500036831,25,9,15,17,1,91,433,1,6,1,5,RN20,0.0,0.0
201500036832,29,9,15,10,1,91,223,2,1,1,2,LYS (RUE DES),0.0,0.0
201500036833,30,9,15,14,1,91,433,1,1,1,7,RD 191,0.0,0.0
201500036834,1,10,15,18,1,91,223,2,1,1,6,"3, HENRI IV (BOULEVARD)",0.0,0.0
201500036835,6,10,15,7,2,91,223,2,1,2,6,"9, SAINT JACQUES (RUE)",0.0,0.0
201500036836,6,10,15,11,1,91,223,1,1,2,7,RD721,0.0,0.0
201500036837,6,10,15,20,5,91,223,2,1,1,6,8 MAI 1945 (AVENUE,0.0,0.0
201500036838,9,10,15,9,1,91,223,2,1,1,6,AVENUE DE LA LIBERATION,0.0,0.0
201500036839,12,10,15,14,1,91,469,1,1,1,6,CARNAUX (RUE DES),0.0,0.0
201500036840,13,10,15,17,1,91,223,2,3,1,3,Av. GEOFFROY ST HILAIRE,0.0,0.0
201500036841,16,10,15,14,1,91,223,1,2,1,1,RD721,0.0,0.0
201500036842,18,10,15,14,1,91,223,2,1,1,7,LYS (RUE DES),0.0,0.0
201500036843,20,10,15,17,1,91,223,2,3,1,2,FILOIR (RUE DU),0.0,0.0
201500036844,27,10,15,19,1,91,223,2,1,2,4,8 MAI 1945 (AVENUE,0.0,0.0
201500036845,31,10,15,3,5,91,223,2,1,1,6,LIBERATION (SQUARE,0.0,0.0
201500036846,1,11,15,11,1,91,223,2,1,1,6,ST JACQUES DE BEZEGOND,0.0,0.0
201500036847,5,11,15,17,2,91,223,2,1,2,6,"03, CHARPENTIER (AVENUE",0.0,0.0
201500036848,9,11,15,17,1,91,433,1,1,1,2,RN20,0.0,0.0
201500036849,14,11,15,17,2,91,223,2,1,1,6,PONT SAINT JEAN (RUE),0.0,0.0
201500036850,17,11,15,10,1,91,223,1,1,2,7,RN20,0.0,0.0
201500036851,17,11,15,18,5,91,223,2,1,2,6,BERCHERE (BOULEVARD,0.0,0.0
201500036852,17,11,15,22,3,91,469,1,3,1,3,D721,0.0,0.0
201500036853,22,11,15,12,1,91,469,1,1,1,1,D721,0.0,0.0
201500036854,27,11,15,7,2,91,433,1,1,1,6,RN20,0.0,0.0
201500036855,27,11,15,20,3,91,223,1,1,1,7,RN20,0.0,0.0
201500036856,3,12,15,6,3,91,469,1,1,1,5,D721,0.0,0.0
201500036857,4,12,15,6,3,91,223,1,1,1,4,RN20,0.0,0.0
201500036858,8,12,15,8,3,91,223,1,1,1,4,RN20,0.0,0.0
201500036859,13,12,15,19,3,91,223,1,3,1,5,RN20,0.0,0.0
201500036860,15,12,15,17,1,91,223,1,1,1,6,FARMAN (AVENUE HENRI),0.0,0.0
201500036861,16,12,15,12,1,91,223,2,1,1,6,BONNEVAUX (AVENUE,48.42988,2.15792
201500036862,19,12,15,5,3,91,223,1,1,1,7,RN20,48.43344,2.16744
201500036863,19,12,15,17,2,91,223,1,1,1,7,RN20,48.39855,2.1189
201500036864,20,12,15,15,1,91,223,2,1,1,6,"100, SAINT JACQUES (RUE)",48.43372,2.15602
201500036865,21,12,15,8,1,91,433,1,1,1,6,RD 191,48.44479,2.22265
201500036866,23,12,15,17,2,91,433,1,1,1,3,RN20,48.46839,2.18391
201500036867,23,12,15,19,5,91,223,2,1,1,4,8 MAI 1945 (AVENUE,48.44022,2.15548
201500036868,27,12,15,2,5,91,223,2,6,1,6,"72, SAINT MICHEL (BOULEV",48.445,2.1706
201500036869,29,12,15,16,1,91,223,2,3,1,1,"NEANT, SAINT JACQUES (RU",48.43326,2.15529
201500036870,30,12,15,17,2,91,223,1,1,1,7,RN20,48.42414,2.14157
201500036871,30,8,15,20,1,91,228,2,1,1,6,"1, MARECHAL DE LATTRE DE",0.0,0.0
201500036872,7,7,15,13,1,91,228,1,1,1,6,"1, BARRE DE NANTEUIL (R.",0.0,0.0
201500036873,17,7,15,0,5,91,228,2,2,1,6,MITTERAND (BD FRANCOIS),0.0,0.0
201500036874,22,7,15,19,1,91,228,2,2,1,6,EUROPE (BD) N) IMPAIR,0.0,0.0
201500036875,12,11,15,20,5,91,521,2,1,1,6,"1, BROSSOLETTE (RUE PIER",48.64559,2.40612
201500036876,21,11,15,11,1,91,182,2,3,1,1,BEREGOVOY (AVENUE PIERRE,48.61899,2.41039
201500036877,30,10,15,19,1,91,228,2,2,1,3,"1, DEBUSSY (RUE CLAUDE)",48.62816,2.44811
201500036878,22,9,15,13,1,91,228,2,1,1,6,"6, JARLAN (RUE PERE ANDR",0.0,0.0
201500036879,28,5,15,20,5,91,434,2,2,1,1,PINS (AVENUE DES),48.64698,2.35859
201500036880,31,3,15,10,1,91,687,2,1,1,6,MARMONT (AVENUE),48.66313,2.37497
201500036881,3,4,15,22,5,91,286,1,1,1,6,CORBEIL (ROUTE DE),48.65432,2.38952
201500036882,28,9,15,20,5,91,434,2,2,1,5,PINS (AVENUE DES),48.647,2.35861
201500036883,19,5,15,16,1,91,687,2,1,1,1,VICTOR SCHOELCHER (AVENU,48.65416,2.37097
201500036884,31,12,15,5,1,91,326,1,1,1,7,"7, COUR DE FRANCE (AVENU",48.68847,2.37122
201500036885,8,4,15,16,1,91,326,2,1,1,6,RASPAIL (Av),0.0,0.0
201500036886,28,12,15,8,1,91,286,2,1,1,1,"17, CORBEIL (ROUTE DE)",48.65658,2.38397
201500036887,4,4,15,16,1,91,687,2,3,1,3,PRESIDENT KENNEDY (AVENU,0.0,0.0
201500036888,17,3,15,15,1,91,326,2,1,1,7,HOCHE (RUE),48.68677,2.38041
201500036889,31,5,15,13,1,91,326,2,3,3,5,MONTTESSUY (RUE DE),48.68446,2.38282
201500036890,30,5,15,16,1,91,687,2,2,1,3,GENERAL DE GAULLE (AVENU,48.6759,2.38533
201500036891,29,12,15,11,1,91,687,2,1,1,1,VICTOR BASCH (RUE),48.68298,2.38115
201500036892,8,6,15,15,1,91,434,2,3,1,3,COMMANDANT BARRE (AVENUE,48.6625,2.36006
201500036893,12,1,15,14,1,91,434,2,7,1,3,AIMEE ET MARIE GEOFFREY,48.64601,2.35354
201500036894,16,6,15,15,1,91,286,2,1,1,1,RN7,48.66894,2.39338
201500036895,23,11,15,7,2,91,687,2,3,2,3,BOULEAUX (AVENUE DES),48.65452,2.36409
201500036896,11,7,15,18,1,91,326,2,2,1,3,ALEXANDRE PIVER (RUE),0.0,0.0
201500036897,8,6,15,18,1,91,687,2,1,1,2,"2, DE CHATILLON (QUAI)",48.682,2.285
201500036898,10,8,15,14,1,91,687,2,1,1,6,CHARLES PEGUY (ALLEE),48.65989,2.36553
201500036899,2,9,15,4,5,91,286,2,2,1,6,"1, CORBEIL (ROUTE DE)",48.6569,2.38958
201500036900,9,1,15,15,1,91,687,2,1,2,2,CHATILLON (RUE DE),0.0,0.0
201500036901,21,1,15,8,2,91,286,2,1,1,2,PREMIERE ARMEE (AVENUE),0.0,0.0
201500036902,27,1,15,8,1,91,326,2,1,1,6,GAMBETTA (QUAI),0.0,0.0
201500036903,14,2,15,7,1,91,687,2,1,1,6,PRESIDENT KENNEDY (AVENU,0.0,0.0
201500036904,27,2,15,17,1,91,326,2,1,1,6,MONTTESSUY (RUE DE),0.0,0.0
201500036905,9,1,15,18,5,91,345,2,3,8,6,CORBEIL (ROUTE DE),0.0,0.0
201500036906,14,1,15,7,2,91,345,2,1,8,6,"159, PRESIDENT FRANCOIS",0.0,0.0
201500036907,12,2,15,16,1,91,161,2,1,1,6,"38, Rue P. MENDES FRANCE",0.0,0.0
201500036908,2,3,15,19,4,91,161,2,1,1,3,MAZARIN (AVENUE),0.0,0.0
201500036909,13,2,15,13,1,91,161,1,6,1,5,JEAN MOULIN (ROND POINT,0.0,0.0
201500036910,8,3,15,12,1,91,345,2,2,1,3,rue de l'Yvette,0.0,0.0
201500036911,17,2,15,5,3,91,345,2,3,1,3,"84, PRESIDENT FRANCOIS M",0.0,0.0
201500036912,13,3,15,8,1,91,161,2,1,1,6,"3, PIERRE BROSSOLETTE (A",0.0,0.0
201500036913,25,2,15,11,1,91,161,2,1,2,6,"87, GRAVIGNY (RUE DE)",0.0,0.0
201500036914,2,4,15,12,1,91,161,2,1,2,3,GRAVIGNY (RUE DE),0.0,0.0
201500036915,3,4,15,14,1,91,345,2,3,3,1,HOTEL DES POSTES (RUE DE,0.0,0.0
201500036916,9,4,15,19,1,91,161,2,1,1,5,"36, PIERRE BROSSOLETTE (",0.0,0.0
201500036917,28,4,15,8,1,91,161,2,1,1,3,"9, LONGJUMEAU (route de)",0.0,0.0
201500036918,30,4,15,19,1,91,161,2,1,2,2,PIERRE BROSSOLETTE (AVEN,0.0,0.0
201500036919,13,5,15,16,1,91,345,2,3,1,1,"27, CORBEIL (ROUTE DE)",0.0,0.0
201500036920,20,5,15,8,1,91,161,2,1,1,3,CD 120,0.0,0.0
201500036921,16,5,15,21,2,91,345,2,1,1,6,CORBEIL (ROUTE DE),0.0,0.0
201500036922,27,5,15,19,1,91,161,2,2,1,1,PIERRE BROSSOLETTE (AVEN,0.0,0.0
201500036923,5,6,15,16,1,91,161,2,9,1,3,"32, PIERRE BROSSOLETTE (",0.0,0.0
201500036924,9,6,15,16,1,91,345,2,1,1,6,ROUX DR (RUE DU),0.0,0.0
201500036925,24,6,15,19,1,91,161,2,1,1,3,"3, LONGJUMEAU (route de)",0.0,0.0
201500036926,25,6,15,18,1,91,161,2,9,1,3,"18, PASSERELLE (RUE DE L",0.0,0.0
201500036927,26,6,15,14,1,91,345,2,3,1,2,GENERAL DE GAULLE (AVENU,0.0,0.0
201500036928,23,4,15,20,1,91,345,2,1,1,6,RUE RENE CASSIN,0.0,0.0
201500036929,29,6,15,17,1,91,345,2,1,1,3,CORBEIL (ROUTE DE),0.0,0.0
201500036930,30,5,15,6,2,91,161,2,1,1,6,MAZARIN (AVENUE),48.70575,2.31404
201500036931,3,7,15,17,1,91,345,2,2,1,6,"1, Yvette rue de l'",48.695,2.29417
201500036932,8,7,15,17,1,91,161,2,6,1,3,JEAN MOULIN (ROND POINT,0.0,0.0
201500036933,20,7,15,6,1,91,161,2,2,1,3,MAZARIN (AVENUE),0.0,0.0
201500036934,11,9,15,18,1,91,161,2,1,1,4,MAZARIN (AVENUE),0.0,0.0
201500036935,15,9,15,13,1,91,345,2,2,1,6,LIEVAIN (BOULEVARD),0.0,0.0
201500036936,18,9,15,7,1,91,161,2,2,1,6,MITTERRAND PDT FRANCOIS,0.0,0.0
201500036937,23,9,15,11,1,91,161,1,1,1,6,WISSOUS (ROUTE DE),0.0,0.0
201500036938,27,9,15,11,1,91,161,2,1,1,6,PIERRE BROSSOLETTE (AVEN,0.0,0.0
201500036939,29,9,15,9,1,91,161,2,3,1,3,"38, LONGJUMEAU (route de",0.0,0.0
201500036940,16,10,15,6,5,91,161,2,1,2,3,"28, LONGJUMEAU (route de",0.0,0.0
201500036941,20,10,15,19,5,91,345,2,2,2,3,GENERAL DE GAULLE (AVENU,48.69771,2.29907
201500036942,31,10,15,16,1,91,161,2,6,1,6,DIEMA (CARREFOUR DE),0.0,0.0
201500036943,5,11,15,8,1,91,345,1,1,1,4,rue Maurice,0.0,0.0
201500036944,26,11,15,21,5,91,345,2,1,1,6,"4, CATHELIN DR (BOULEVAR",48.68714,2.29006
201500036945,14,12,15,19,5,91,161,2,2,1,6,PASSERELLE (RUE DE LA),48.70028,2.318
201500036946,15,12,15,9,1,91,161,1,6,2,3,JEAN MOULIN (ROND POINT,48.71184,2.31019
201500036947,16,12,15,18,5,91,161,2,1,2,6,"11, PIERRE BROSSOLETTE (",48.70126,2.31927
201500036948,19,12,15,10,1,91,345,2,2,1,6,"6, PRESIDENT FRANCOIS MI",48.69974,2.29615
201500036949,18,12,15,15,1,91,345,1,3,2,3,"157, CORBEIL (ROUTE DE)",48.68095,2.31366
201500036950,29,12,15,17,3,91,161,1,3,1,1,"4, HELENE BOUCHER (RUE)",48.71517,2.3037
201500036951,12,2,15,15,1,91,377,2,1,1,6,AMPERE (RUE),0.0,0.0
201500036952,21,10,15,16,1,91,689,1,1,1,1,FRESNES (CHEMIN),48.74352,2.32979
201500036953,18,3,15,7,1,91,377,2,1,1,6,BASCH (RUE VICTOR),0.0,0.0
201500036954,20,3,15,20,1,91,377,2,6,1,4,DIX-NEUF MARS 1962 (ROND,0.0,0.0
201500036955,28,3,15,9,1,91,377,2,6,1,2,ALLENDE (ROND POINT SALV,0.0,0.0
201500036956,3,4,15,16,1,91,377,2,1,1,4,ORLEANS (IMPASSE D'),0.0,0.0
201500036957,6,4,15,0,5,91,377,2,1,1,2,SERGENT (RUE LUCIEN),0.0,0.0
201500036958,5,11,15,18,2,91,377,1,2,1,3,CHAMPARTS (RUE DES),48.71666,2.28333
201500036959,8,4,15,13,1,91,377,2,1,1,2,NATIONALE (AVENUE),0.0,0.0
201500036960,8,4,15,13,1,91,377,2,1,1,2,AULNAY DRACOURT (IMPASSE,0.0,0.0
201500036961,14,4,15,13,1,91,689,2,1,1,1,BERTHELOT (RUE MARCELIN),0.0,0.0
201500036962,15,4,15,12,1,91,377,2,1,1,1,KENNEDY (AVENUE DU PRESI,0.0,0.0
201500036963,6,8,15,13,1,91,689,2,1,1,1,"06, EUROPE (BOULEVARD DE",48.73636,2.33653
201500036964,17,4,15,16,1,91,377,2,1,1,6,"7, ROME (RUE DE)",0.0,0.0
201500036965,29,4,15,19,2,91,689,2,1,1,3,"5-6, ANTONY (ROUTE D')",0.0,0.0
201500036966,9,5,15,0,5,91,377,2,1,1,2,KENNEDY (AVENUE DU PRESI,0.0,0.0
201500036967,29,5,15,11,1,91,377,2,1,1,6,CARNOT (AVENUE),0.0,0.0
201500036968,23,5,15,16,1,91,377,2,2,1,3,MONTPELLIER (RUE DE),0.0,0.0
201500036969,3,6,15,18,1,91,377,2,1,1,2,EUROPE (AVENUE DE L'),48.7167,2.26667
201500036970,9,6,15,18,1,91,377,2,1,1,6,SAINT-MARC (AVENUE),48.7167,2.28333
201500036971,11,6,15,16,1,91,377,2,3,1,5,LONGJUMEAU (RUE DE),48.7167,2.26667
201500036972,12,6,15,17,1,91,689,2,1,1,3,"10, ARAGO (BOULEVARD)",48.43,2.19
201500036973,13,1,15,18,5,91,377,2,1,1,3,"84, PARIS (RUE DE)",0.0,0.0
201500036974,19,6,15,9,1,91,377,2,2,1,1,KENNEDY (AVENUE DU PRESI,48.73333,2.28333
201500036975,14,1,15,8,5,91,377,2,1,2,3,"1, EFFORT-MUTUEL (RUE DE",0.0,0.0
201500036976,17,1,15,20,5,91,377,2,1,1,3,LECLERC (AVENUE DU,0.0,0.0
201500036977,17,7,15,18,1,91,377,2,1,1,6,DE LATTRE DE TASSIGNY (A,0.0,0.0
201500036978,21,1,15,21,1,91,377,2,1,1,3,KENNEDY (AVENUE DU PRESI,0.0,0.0
201500036979,26,7,15,19,1,91,377,2,3,2,3,DE LATTRE DE TASSIGNY (A,48.4,2.16
201500036980,26,1,15,14,1,91,377,2,1,1,4,EUROPE (AVENUE DE L'),0.0,0.0
201500036981,28,1,15,12,1,91,377,2,1,1,6,"2, FRANCE (AVENUE DE)",0.0,0.0
201500036982,30,7,15,12,1,91,377,2,1,1,2,PALAISEAU (ROUTE DE),0.0,0.0
201500036983,7,3,15,10,1,91,689,2,1,1,3,EUROPE (BOULEVARD DE L'),0.0,0.0
201500036984,1,9,15,19,1,91,377,2,1,1,3,EUROPE (AVENUE DE L'),48.72675,2.27805
201500036985,9,3,15,17,1,91,377,2,1,1,3,CARNOT (AVENUE),0.0,0.0
201500036986,6,9,15,13,1,91,377,2,1,1,3,BEL-AIR (AVENUE DU),48.73033,2.30261
201500036987,13,3,15,20,2,91,377,2,1,1,6,EUROPE (AVENUE DE L'),0.0,0.0
201500036988,9,9,15,18,1,91,377,2,1,1,3,BAUDOT (RUE EMILE),48.43,2.15
201500036989,16,9,15,6,5,91,377,2,1,2,1,EUROPE (AVENUE DE L'),0.0,0.0
201500036990,14,8,15,17,1,91,377,2,1,3,6,BASCH (RUE VICTOR),0.0,0.0
201500036991,13,10,15,8,1,91,377,2,1,1,2,DE LATTRE DE TASSIGNY (A,48.7167,2.28333
201500036992,14,10,15,15,1,91,377,2,1,1,6,CANADIENS (RUE DES),0.0,0.0
201500036993,26,10,15,19,2,91,377,2,2,1,3,MIGNEAUX (RUE DES),0.0,0.0
201500036994,3,11,15,7,1,91,377,2,1,2,3,"35, PALAISEAU (ROUTE DE)",48.43,2.14
201500036995,16,11,15,16,1,91,377,2,1,2,6,ALLENDE (AVENUE DU PRESI,48.731,2.25642
201500036996,2,12,15,17,5,91,377,2,1,1,6,REPUBLIQUE (AVENUE DE LA,48.73471,2.29551
201500036997,9,12,15,16,1,91,689,1,1,7,1,"2, EUROPE (BOULEVARD DE",0.0,0.0
201500036998,15,12,15,18,5,91,377,2,1,3,6,EUROPE (AVENUE DE L'),48.72683,2.27802
201500036999,18,12,15,19,5,91,377,2,3,1,7,KENNEDY (AVENUE DU PRESI,48.73972,2.30081
201500037000,16,10,15,12,1,91,691,2,1,2,1,MARCEAU BAILLIOT (RUE),48.70863,2.49473
201500037001,7,6,15,23,5,91,421,2,1,1,4,NATIONALE 6 ( FORET),48.68384,2.48938
201500037002,31,12,15,17,1,91,421,2,1,1,2,CORBEIL (ROUTE DE),48.71813,2.44319
201500037003,6,6,15,18,1,91,691,2,2,1,3,GABRIEL PERI(RUE) DU N°4,48.70655,2.48808
201500037004,7,1,15,17,1,91,421,2,1,1,6,BOIS (RUE DES),0.0,0.0
201500037005,20,6,15,10,1,91,421,2,1,1,6,CHARLES DE GAULLE (AVENU,48.69632,2.4564
201500037006,30,6,15,0,3,91,421,1,1,1,2,RN 6 (GLACIERE),48.69458,2.44717
201500037007,13,1,15,8,1,91,421,2,1,1,4,REPUBLIQUE (AVENUE DE LA,0.0,0.0
201500037008,3,7,15,17,1,91,691,2,1,1,1,"14, ABBAYE(RUE)",48.71077,2.49816
201500037009,14,1,15,19,5,91,691,2,1,1,6,"181, GABRIEL PERI(RUE)",0.0,0.0
201500037010,26,11,15,14,1,91,691,2,1,1,6,RENE COTY(RUE),0.0,0.0
201500037011,10,7,15,17,1,91,421,1,1,1,2,NATIONALE 6 (CES POMPIDO,0.0,0.0
201500037012,16,1,15,19,5,91,691,2,3,1,3,RAYMOND POINCARE(RUE),0.0,0.0
201500037013,12,6,15,19,1,91,691,2,1,1,2,"4, GABRIEL PERI(RUE) DU",48.71199,2.488
201500037014,31,1,15,18,2,91,421,1,1,1,7,NATIONALE 6 (CES POMPIDO,0.0,0.0
201500037015,24,7,15,17,1,91,691,2,6,1,1,CONCY(RUE),48.70819,2.4825
201500037016,2,2,15,17,2,91,421,2,1,1,3,REPUBLIQUE (AVENUE DE LA,0.0,0.0
201500037017,7,8,15,17,1,91,421,1,1,3,4,NATIONALE 6 (PARTIE FORE,48.68218,2.49105
201500037018,12,2,15,8,1,91,421,2,1,1,6,"01, CHARLES DE GAULLE (A",0.0,0.0
201500037019,16,6,15,17,1,91,421,1,1,1,4,NATIONALE 6 ( FORET),48.68619,2.48665
201500037020,16,2,15,1,4,91,421,1,1,1,2,NATIONALE 6 (GLACIERE),0.0,0.0
201500037021,16,12,15,12,1,91,691,2,1,2,3,MARCEAU BALLIOT (RUE),48.70768,2.49551
201500037022,21,8,15,18,1,91,421,2,2,1,3,PIERRE CURIE (RUE),48.70731,2.4386
201500037023,28,2,15,21,5,91,691,2,1,1,2,GABRIEL PERI(RUE),0.0,0.0
201500037024,9,9,15,10,1,91,421,1,1,1,2,CHARLES DE GAULLE (AV,0.0,0.0
201500037025,7,3,15,15,1,91,421,1,1,1,2,RN 6 (REVEIL MATIN),0.0,0.0
201500037026,17,12,15,20,1,91,421,2,1,1,2,JEAN JAURES (AVENUE),48.7156,2.44706
201500037027,10,9,15,16,1,91,691,1,1,1,1,"33, CORNEILLE(RUE)",48.69648,2.48035
201500037028,7,3,15,17,1,91,421,2,1,1,4,CHARLES DE GAULLE (AVENU,0.0,0.0
201500037029,11,9,15,8,1,91,691,2,3,1,2,GRANGE(AVENUE),48.72259,2.49849
201500037030,23,2,15,9,1,91,691,1,1,2,3,RD 94,0.0,0.0
201500037031,17,9,15,15,1,91,691,2,4,1,1,"06, RENE COTY(RUE)",48.7185,2.48833
201500037032,8,3,15,22,4,91,421,1,1,1,4,RN 6 (CES POMPIDOU),0.0,0.0
201500037033,21,9,15,10,1,91,691,2,1,1,6,GARE (RUE DE LA),48.7069,2.48403
201500037034,25,3,15,17,1,91,421,2,1,2,2,"110, REPUBLIQUE (AVENUE",0.0,0.0
201500037035,22,9,15,17,1,91,421,1,1,1,1,SAULES (CHEMIN DES),48.6936,2.44747
201500037036,25,3,15,18,2,91,691,2,1,2,6,"1, MARECHAL FOCH",0.0,0.0
201500037037,30,9,15,8,1,91,421,1,1,1,2,RN 6 (REVEIL MATIN),48.71841,2.44304
201500037038,12,1,15,8,1,91,191,2,3,1,3,"., LEON JOUHAUX (AVENUE)",0.0,0.0
201500037039,1,10,15,19,1,91,421,2,1,1,2,RAYMOND PAUMIER (RUE),48.7042,2.44639
201500037040,30,3,15,17,1,91,691,2,3,1,1,RESISTANCE(AVENUE),0.0,0.0
201500037041,3,10,15,7,5,91,691,2,1,1,1,MARCEAU BAILLIOT (RUE),48.7092,2.49361
201500037042,14,3,15,13,1,91,691,2,1,1,2,GOURGAUD(AVENUE),0.0,0.0
201500037043,19,9,15,21,3,91,691,2,1,1,6,MARCEAU BAILLOT (RUE),48.708,2.49525
201500037044,2,4,15,16,1,91,691,2,3,1,3,,0.0,0.0
201500037045,13,10,15,20,5,91,421,2,1,1,6,"130, REPUBLIQUE (AVENUE",48.7032,2.46217
201500037046,5,4,15,19,1,91,691,2,2,1,3,GUILLAUME BUDE(RUE),0.0,0.0
201500037047,5,7,15,1,5,91,421,1,1,1,6,NATIONALE 6 (PARTIE FORE,48.69082,2.45419
201500037048,12,4,15,15,1,91,691,2,6,1,3,GARE(RUE),0.0,0.0
201500037049,14,10,15,20,4,91,421,2,1,1,1,SENART (AVENUE DE),48.7005,2.47603
201500037050,12,4,15,21,2,91,691,2,1,1,3,"06, PASTEUR (RUE)",0.0,0.0
201500037051,18,4,15,9,1,91,421,2,1,1,6,CHARLES DE GAULLE (AVENU,0.0,0.0
201500037052,30,10,15,15,1,91,421,1,1,1,4,RN 6 (PARTIE FORET),48.7213,2.443
201500037053,30,10,15,20,5,91,421,2,1,1,6,DOCTEUR BESSON (RUE DU),48.69915,2.45525
201500037054,21,4,15,18,1,91,691,2,1,1,4,RAYMOND POINCARE(RUE),0.0,0.0
201500037055,24,4,15,14,1,91,421,2,1,1,2,CORBEIL (ROUTE DE),0.0,0.0
201500037056,17,11,15,10,1,91,691,2,3,2,5,CHARLE DE GAULLE(RUE),48.71604,2.4907
201500037057,26,4,15,19,1,91,691,2,1,1,6,MARC SANGNIER(RUE),0.0,0.0
201500037058,17,11,15,13,1,91,421,1,1,2,2,NATIONALE 6 (PARTIE FORE,48.69154,2.45189