Num_Acc,jour,mois,an,hr,condition_eclairage,departement,commune,condition_agglomeration,intersection,condition_atmosphere,type_collision,adresse,lattitude,longitude
201500037059,19,2,15,7,5,91,421,2,2,1,3,"95, JEAN JAURES (AVENUE)",0.0,0.0
201500037060,6,11,15,18,5,91,421,2,1,1,4,JEAN JAURES (AVENUE),48.7144,2.44806
201500037061,3,5,15,5,3,91,421,2,1,1,2,REVEIL MATIN (RUE DU),0.0,0.0
201500037062,8,11,15,15,1,91,691,2,1,1,6,"10, JULIEN(RUE)",48.6976,2.47519
201500037063,8,11,15,15,1,91,421,2,3,1,3,CHARLES DE GAULLE (AVENU,48.6968,2.45786
201500037064,17,5,15,7,1,91,691,2,1,1,2,"200, RAYMOND POINCARE(RU",0.0,0.0
201500037065,1,5,15,18,1,91,421,1,1,1,3,NATIONALE 6 (PARTIE FORE,0.0,0.0
201500037066,10,11,15,8,2,91,421,2,1,1,2,BOIS (RUE DES),48.7063,2.45411
201500037067,1,12,15,15,1,91,691,2,1,1,6,"4, MARC SANGNIER(RUE)",48.71388,2.48918
201500037068,24,5,15,16,1,91,421,1,1,1,2,NATIONALE 6 ( FORET),0.0,0.0
201500037069,24,5,15,23,5,91,421,2,1,1,6,"151, REPUBLIQUE (AVENUE",0.0,0.0
201500037070,16,10,15,11,1,91,691,2,1,1,1,"5, RENE COTY(RUE)",48.71788,2.49655
201500037071,26,5,15,16,1,91,421,2,1,1,6,VIGNES (IMPASSE DES),0.0,0.0
201500037072,16,10,15,16,1,91,691,2,1,1,1,GRANGE(AVENUE),0.0,0.0
201500037073,21,12,15,18,1,91,421,1,1,1,5,NATIONALE 6 (PARTIE FORE,48.69049,2.45745
201500037074,23,12,15,16,1,91,421,2,1,1,3,CORBEIL (ROUTE DE),48.7057,2.4393
201500037075,27,12,15,18,2,91,421,1,1,1,6,NATIONALE 6 (PARTIE FORE,48.68263,2.49088
201500037076,1,1,15,3,3,91,692,2,1,8,6,TROPIQUES (AVENUE DES),0.0,0.0
201500037077,26,12,15,17,1,91,692,1,6,1,3,RD35,48.67533,2.19276
201500037078,1,4,15,13,1,91,477,2,2,1,2,STALINGRAD (AVENUE DE),0.0,0.0
201500037079,23,1,15,7,2,91,477,2,3,1,1,PALAISEAU (BOULEVARD,0.0,0.0
201500037080,3,4,15,6,3,91,692,1,1,2,3,CD35,0.0,0.0
201500037081,22,1,15,7,2,91,477,2,1,1,6,"31, GENERAL LECLERC (AVE",0.0,0.0
201500037082,3,4,15,10,1,91,692,1,1,1,3,OCEANIE (AVENUE DE L'),0.0,0.0
201500037083,26,1,15,19,5,91,645,2,1,2,6,CHATENAY (VOIE DE),0.0,0.0
201500037084,7,4,15,15,1,91,645,1,1,1,6,"12, allée des meuniers",0.0,0.0
201500037085,31,1,15,12,1,91,477,2,6,2,2,"2, GUTENBERG (RUE)",0.0,0.0
201500037086,10,4,15,8,1,91,645,2,1,1,1,"38, MARECHAL FOCH (BOULE",0.0,0.0
201500037087,30,12,15,16,1,91,477,2,1,1,3,"07, PREMIER MAI (AVENUE",48.71224,2.25696
201500037088,27,1,15,18,5,91,692,2,1,1,6,DORDOGNE (AVENUE DE),0.0,0.0
201500037089,28,4,15,8,1,91,122,2,1,1,6,CHARLES DE GAULLE(RUE,0.0,0.0
201500037090,8,2,15,13,1,91,312,2,1,1,3,DOCTEUR ROUX (RUE DU),0.0,0.0
201500037091,6,11,15,16,1,91,122,1,1,1,1,"16 BIS, GUYONNERIE (rue",48.70376,2.16158
201500037092,12,5,15,10,1,91,645,2,1,1,2,"103, ESTIENNES D ORVES (",0.0,0.0
201500037093,16,12,15,13,1,91,122,2,3,1,6,"4, FOCH (AVENUE DU MAREC",48.69347,2.15606
201500037094,25,2,15,8,1,91,122,2,1,2,4,"132, CHARTRES (ROUTE DE)",0.0,0.0
201500037095,27,5,15,22,5,91,692,2,2,1,5,"05, CEVENNES (RUE DES)",48.6785,2.17486
201500037096,15,2,15,20,5,91,645,2,1,1,2,GEORGES POMPIDOU (AVE,0.0,0.0
201500037097,30,5,15,20,1,91,692,1,1,1,3,OCEANIE (AVENUE DE L',48.67876,2.19961
201500037098,15,2,15,20,5,91,477,2,1,1,6,Bld GRANDE CEINTURE,0.0,0.0
201500037099,21,4,15,14,1,91,692,1,1,1,6,"Bat F, CHARENTES (RUE DE",0.0,0.0
201500037100,3,3,15,19,5,91,312,2,3,9,3,FERRY (RUE JULES),0.0,0.0
201500037101,5,6,15,13,1,91,477,2,1,1,2,"7 bis, STALINGRAD (AVENU",0.0,0.0
201500037102,19,2,15,19,5,91,645,2,1,1,2,FOCH (BOULEVARD DU MAREC,0.0,0.0
201500037103,7,6,15,12,1,91,477,2,1,1,6,"37, HOCHE (RUE LAZARE)",0.0,0.0
201500037104,1,7,15,21,1,91,471,2,4,1,3,"52, VERSAILLES (RUE DE)",0.0,0.0
201500037105,1,7,15,23,5,91,471,2,2,1,1,CHARTRES (ROUTE DE),48.4143,8.4143
201500037106,16,3,15,7,1,91,122,2,1,1,6,DUBREUIL (BOULEVARD),0.0,0.0
201500037107,3,7,15,14,1,91,471,2,1,1,1,"40, TERRASSE (BOULEVARD",0.0,0.0
201500037108,3,7,15,13,1,91,692,2,6,7,2,OCEANIE (AVENUE DE L',0.0,0.0
201500037109,29,5,15,19,1,91,692,2,1,1,2,TROPIQUES (AVENUE DES),0.0,0.0
201500037110,26,7,15,4,3,91,692,1,1,1,6,RD35,0.0,0.0
201500037111,28,5,15,16,1,91,692,2,3,1,3,CANADA (AVENUE DU),0.0,0.0
201500037112,18,3,15,19,5,91,692,2,1,1,6,"15, BOURGOGNE (AVENUE DE",0.0,0.0
201500037113,9,8,15,3,5,91,645,2,3,1,6,"20, JEAN JAURES (RUE)",48.74888,2.26324
201500037114,16,3,15,12,1,91,477,2,1,1,5,"8, HUIT MAI 1945 (AVENUE",0.0,0.0
201500037115,15,6,15,19,1,91,692,1,6,1,2,OCEANIE (AVENUE DE L',48.67632,2.1943
201500037116,20,3,15,16,1,91,312,2,4,1,1,"66, PERI (RUE GABRIEL)",0.0,0.0
201500037117,1,9,15,9,1,91,312,2,2,1,3,COQUILLIERE (RUE DE L,0.0,0.0
201500037118,27,3,15,10,1,91,312,2,1,1,2,"58, JEAN JAURES (AVENUE)",0.0,0.0
201500037119,2,9,15,8,1,91,471,2,2,1,6,BELLEVUE (RUE),0.0,0.0
201500037120,30,1,15,8,1,91,645,2,1,1,6,MARECHAL FOCH (BO,0.0,0.0
201500037121,5,9,15,18,1,91,471,2,1,1,1,LACS (AVENUE DES),0.0,0.0
201500037122,8,9,15,15,1,91,477,1,1,1,1,RD 128,0.0,0.0
201500037123,12,1,15,8,2,91,477,2,1,1,6,PEGUY (RUE CHARLES),0.0,0.0
201500037124,21,2,15,13,1,91,692,2,3,1,6,BELFORT (RUE DE),0.0,0.0
201500037125,5,6,15,22,1,91,471,2,7,1,6,GARE RER ORSAY VILLE,50.7,4.7
201500037126,31,3,15,9,1,91,471,2,1,1,6,"2, LOUIS SCOCARD (RUE)",0.0,0.0
201500037127,6,6,15,0,5,91,645,2,1,1,2,BLIN (RUE),0.0,0.0
201500037128,24,3,15,9,1,91,471,2,1,1,6,"2, GUICHET (RUE DU)",0.0,0.0
201500037129,2,9,15,14,1,91,692,2,2,1,3,RD 446,48.67,2.1956
201500037130,27,9,15,12,1,91,477,2,1,1,6,"29, NICOLAS SAMSON (BOUL",0.0,0.0
201500037131,10,9,15,8,1,91,477,2,1,1,3,"29, HUIT MAI 1945 (AVENU",0.0,0.0
201500037132,28,9,15,16,1,91,692,2,1,1,6,"1, CEVENNES (AV DES)",0.0,0.0
201500037133,27,9,15,10,1,91,692,1,9,1,3,POMPIERS (LE GRAND VIVIE,48.6763,2.19419
201500037134,5,10,15,16,1,91,477,2,1,3,2,"56, GENERAL LECLERC (AVE",0.0,0.0
201500037135,9,10,15,15,1,91,645,2,1,1,3,"70, GABRIEL PERI (Av)",0.0,0.0
201500037136,27,10,15,18,2,91,692,2,1,2,5,AUBRAC (AVENUE DE L'),48.67776,2.17104
201500037137,1,11,15,0,5,91,477,2,3,1,3,GEORGE SAND (RUE),48.70953,2.24615
201500037138,3,11,15,18,1,91,471,2,1,1,6,GUICHET (RUE DU),0.0,0.0
201500037139,4,11,15,9,1,91,477,2,1,2,3,"59, ALLIES (AVENUE DES)",0.0,0.0
201500037140,16,11,15,8,1,91,471,2,1,1,6,"13, FLORIAN (RUE)",0.0,0.0
201500037141,17,11,15,7,2,91,64,1,1,8,1,VERSAILLES (ROUTE DE),0.0,0.0
201500037142,20,11,15,9,1,91,312,2,5,2,3,PLAINE (RUE DE LA),0.0,0.0
201500037143,1,11,15,13,1,91,477,2,1,1,6,"22, LECLERC (AVENUE DU G",0.0,0.0
201500037144,24,11,15,21,3,91,64,1,1,2,2,JOUY (ROUTE DE),48.75224,2.20547
201500037145,26,11,15,13,1,91,312,2,1,1,3,"71, QUATRE SEPTEMBRE (RU",0.0,0.0
201500037146,27,11,15,23,5,91,471,2,2,2,3,"53, MONDETOUR (BOULEVARD",48.68246,2.18302
201500037147,2,12,15,16,1,91,64,1,1,1,6,VERSAILLES (ROUTE DE),48.76672,2.19449
201500037148,2,12,15,16,1,91,477,2,7,1,6,"1, CARDON (VOIE DE LA)",48.70725,2.25711
201500037149,9,12,15,17,2,91,122,2,1,1,6,FONTAINE SAINT MATHIE,0.0,0.0
201500037150,7,12,15,19,5,91,471,2,6,1,1,FERME (RUE DE LA),0.0,0.0
201500037151,14,12,15,17,2,91,64,1,1,1,1,VERSAILLES (ROUTE DE),0.0,0.0
201500037152,19,12,15,19,5,91,477,2,1,1,6,"9, ALLIES (AVENUE DES)",48.72127,2.24833
201500037153,23,12,15,2,3,91,692,1,1,1,6,RD35,48.67508,2.18594
201500037154,27,1,15,19,5,91,549,2,1,1,6,"13, GABRIEL PERI (AVENUE",0.0,0.0
201500037155,8,2,15,17,1,91,549,2,1,1,6,"61, PAUL VAILLANT-COUTUR",0.0,0.0
201500037156,10,4,15,7,1,91,570,1,1,1,3,ROSIERES (RUE),0.0,0.0
201500037157,12,4,15,7,2,91,549,2,6,1,1,"1, ABBE BOURSIER (PLACE",0.0,0.0
201500037158,7,3,15,16,1,91,549,2,2,1,3,JACQUES DUCLOS (AVENUE),0.0,0.0
201500037159,29,4,15,19,1,91,549,2,2,1,3,"1, CORBEIL (ROUTE DE)",0.0,0.0
201500037160,10,3,15,12,1,91,570,1,1,1,1,"1, ROSIERES (RUE)",0.0,0.0
201500037161,10,3,15,14,1,91,549,2,1,1,6,LIBERTE (AVENUE DE LA),0.0,0.0
201500037162,6,5,15,9,1,91,216,2,1,1,2,CHARAINTRU (RUE DE),48.67904,2.33385
201500037163,30,5,15,23,5,91,549,2,1,1,3,"41 bis, SAINT MICHEL (BO",48.65072,2.30973
201500037164,3,6,15,23,5,91,549,2,1,1,6,"173, GABRIEL PERI (AVENU",48.64727,2.32726
201500037165,10,6,15,12,1,91,549,2,2,1,6,"201, GABRIEL PERI (AVENU",48.64656,2.32973
201500037166,25,6,15,8,1,91,549,2,2,1,1,"1, EPERON (AVENUE DE L')",48.64035,2.33567
201500037167,28,6,15,20,1,91,549,2,2,1,3,"1, CORBEIL (ROUTE DE)",48.64311,2.33406
201500037168,4,7,15,18,1,91,570,2,1,1,6,"14, SAINT SAENS (RUE)",48.63653,2.31696
201500037169,10,7,15,20,1,91,570,2,1,1,6,"26, ENFER (RUE)",0.0,0.0
201500037170,26,7,15,17,1,91,549,1,1,8,1,ROND POINT RD 117,0.0,0.0
201500037171,7,8,15,17,1,91,570,2,1,1,2,LIERS (RUE),48.63489,2.31164
201500037172,27,8,15,19,1,91,570,2,1,2,3,BIZET (RUE),0.0,0.0
201500037173,3,9,15,13,1,91,549,2,1,1,6,"26, SEQUIGNY (RUE DE)",0.0,0.0
201500037174,5,9,15,2,5,91,549,2,6,1,3,HOTEL DE VILLE (PLACE,48.64705,2.32589
201500037175,16,9,15,19,2,91,549,2,3,1,3,"163, LONGPONT (ROUTE DE)",48.64724,2.30214
201500037176,21,9,15,19,2,91,570,2,1,1,3,"3, GAMBETTA (RUE + PTT)",0.0,0.0
201500037177,24,9,15,18,2,91,549,2,1,1,6,LONGPONT (ROUTE DE),0.0,0.0
201500037178,25,9,15,9,1,91,549,1,1,1,6,"139, CORBEIL (ROUTE DE)",48.63878,2.33283
201500037179,28,9,15,16,1,91,549,2,1,1,6,"5, JEAN COCTEAU (RUE)",48.64197,2.3428
201500037180,2,10,15,18,1,91,549,2,1,1,6,REPUBLIQUE (AVENUE DE LA,48.64488,2.33447
201500037181,12,10,15,11,1,91,549,2,1,1,6,"61, REGIMENT NORMANDIE-N",0.0,0.0
201500037182,25,11,15,17,5,91,570,2,1,2,2,"6, CONDORCET (AVENUE)",48.64288,2.32723
201500037183,8,12,15,9,1,91,216,2,1,1,2,RD 257,48.66792,2.33853
201500037184,3,4,15,18,1,91,589,2,1,3,1,CHATEAUBRIAND (RUE),0.0,0.0
201500037185,15,4,15,8,1,91,432,2,1,1,2,"10, GENERAL WARABIOT (AV",0.0,0.0
201500037186,19,1,15,7,2,91,589,2,7,1,6,DAVOUT (PLACE),0.0,0.0
201500037187,9,1,15,18,5,91,589,2,1,1,1,"155, BRIAND (BOULEVARD A",0.0,0.0
201500037188,25,3,15,8,1,91,432,1,1,2,3,D 118,0.0,0.0
201500037189,20,1,15,16,1,91,589,2,3,1,6,"56, BRIAND (BOULEVARD AR",0.0,0.0
201500037190,5,10,15,22,5,91,589,2,1,1,6,RD 25,48.67655,2.33695
201500037191,25,3,15,17,1,91,432,2,1,1,6,SAVIGNY (RUE DE),0.0,0.0
201500037192,28,1,15,8,1,91,589,1,2,1,3,BRIAND (BOULEVARD ARISTI,0.0,0.0
201500037193,11,10,15,18,2,91,589,2,1,1,6,"47, GAMBETTA (AVENUE)",48.67213,2.34384
201500037194,20,3,15,12,1,91,589,2,1,1,1,"120, BOILEAU (RUE)",48.68541,2.34528
201500037195,3,2,15,9,2,91,589,2,1,8,6,LEBON (RUE RAOUL),0.0,0.0
201500037196,30,10,15,15,1,91,589,2,1,1,6,"20, BRIAND (BOULEVARD AR",48.6829,2.34425
201500037197,2,4,15,18,1,91,589,2,1,1,6,"01, OUZILLEAU (AV HENRI",0.0,0.0
201500037198,4,11,15,17,2,91,589,2,2,1,3,PERI (AVENUE GABRIEL),48.68874,2.35581
201500037199,17,2,15,17,1,91,432,2,1,1,6,"09, LAVOISIER (ALLEE)",0.0,0.0
201500037200,3,4,15,20,2,91,432,2,1,1,3,"01, FRAMBOISIERS (AVENUE",0.0,0.0
201500037201,20,11,15,8,5,91,589,2,3,2,2,BRIAND (BOULEVARD ARISTI,48.68943,2.35987
201500037202,7,4,15,21,2,91,589,1,1,1,6,CD 25,48.67749,2.33891
201500037203,13,2,15,18,1,91,589,2,2,1,3,"47, BRIAND (BOULEVARD AR",0.0,0.0
201500037204,4,12,15,12,1,91,589,2,1,1,3,"23, DE GAULLE  (AVENUE C",48.67742,2.34881
201500037205,7,4,15,22,5,91,589,2,2,1,3,"34, DUNANT (RUE HENRI)",0.0,0.0
201500037206,8,12,15,10,1,91,589,2,1,1,6,VAN GOGH (RUE),48.67642,2.33777
201500037207,14,4,15,13,1,91,432,2,2,1,3,DE GAULLE  (AVENUE CHARL,0.0,0.0
201500037208,9,12,15,17,5,91,589,2,1,1,6,"18, ECOLES (AVENUE DES)",48.68771,2.35095
201500037209,21,4,15,11,1,91,432,2,3,1,1,GENERAL WARABIOT (AVENUE,0.0,0.0
201500037210,9,12,15,18,5,91,589,2,4,1,3,"86, BRIAND (BOULEVARD AR",48.68728,2.35453
201500037211,25,5,15,21,1,91,589,2,2,1,3,DUNANT (RUE HENRI),0.0,0.0
201500037212,28,4,15,21,2,91,589,2,1,1,7,CHAMPAGNE (RUE DE),0.0,0.0
201500037213,28,4,15,19,1,91,589,2,2,1,6,"126, BRIAND (BOULEVARD A",0.0,0.0
201500037214,28,4,15,23,5,91,589,2,6,1,6,ALLEMANE (AV JEAN),0.0,0.0
201500037215,19,4,15,10,1,91,589,2,2,1,5,BRIAND (BOULEVARD ARISTI,0.0,0.0
201500037216,5,5,15,10,1,91,589,2,3,1,3,"65, DE GAULLE (AVENUE CH",48.67991,2.34412
201500037217,11,5,15,19,1,91,589,2,1,1,6,Av Robert LEUTHREAU,48.69179,2.34443
201500037218,17,5,15,21,1,91,432,2,6,1,2,"100, DE GAULLE  (AVENUE",0.0,0.0
201500037219,25,5,15,18,1,91,432,2,7,1,3,DE GAULLE  (AVENUE CHARL,48.70528,2.33974
201500037220,3,6,15,11,1,91,432,2,2,1,3,LAVOISIER (RUE),48.0,2.0
201500037221,3,6,15,20,1,91,432,2,3,1,3,DE GAULLE  (AVENUE CH,48.0,2.0
201500037222,11,6,15,16,1,91,589,2,1,1,3,"55, BRIAND (BOULEVARD AR",48.68,2.35
201500037223,22,6,15,15,1,91,589,1,1,1,3,"06, ROSSIGNOL (RUE CHARL",48.67528,2.3543
201500037224,7,7,15,20,1,91,589,1,3,2,3,RD 25 / A6,48.4,2.2
201500037225,8,7,15,13,1,91,432,2,3,1,3,"85, DE GAULLE  (AVENUE C",48.7,2.33333
201500037226,4,7,15,5,2,91,432,1,1,1,7,D 118,48.7,2.35
201500037227,25,9,15,21,5,91,589,2,1,1,6,"15, BELLEVUE (RUE DE)",48.68413,2.35754
201500037228,30,9,15,12,1,91,589,2,6,1,2,"50, MARRONNIERS (AVENUE",0.0,0.0
201500037229,1,7,15,19,1,91,589,2,1,1,5,"31, BRIAND (BOULEVARD AR",48.68278,2.34397
201500037230,1,7,15,21,1,91,432,1,2,1,3,BOILEAU (PLACE LUCIEN),48.70526,2.33555
201500037231,2,10,15,19,1,91,589,2,2,1,3,"89, PERI (AVENUE GABRIEL",48.69112,2.35022
201500037232,11,7,15,5,5,91,432,2,1,1,6,DE GAULLE  (AVENUE CHARL,48.7,2.34
201500037233,7,7,15,0,5,91,589,2,1,1,6,"210, ARMEE LECLERC (AVEN",48.69,2.34
201500037234,4,7,15,19,1,91,589,2,1,1,3,CAILLES (RUE DES),48.69,2.36
201500037235,4,7,15,14,1,91,589,1,1,1,6,DUNANT (RUE HENRI),48.67,2.33
201500037236,20,8,15,8,1,91,589,2,1,3,6,ROSSIGNOL (RUE CHARLES),0.0,0.0
201500037237,7,8,15,18,1,91,432,1,1,1,7,RD 118,48.7,2.35
201500037238,31,8,15,18,1,91,589,2,1,1,3,MARECHAL FOCH (AVENUE DU,48.6833,2.35
201500037239,3,9,15,9,1,91,589,2,6,1,3,"1, GALLOIS (AVENUE EVARI",48.6833,2.33333
201500037240,19,9,15,20,4,91,589,2,3,1,3,DE GAULLE  (AVENUE CHARL,48.70538,2.3462
201500037241,12,10,15,20,5,91,589,2,6,1,2,Avenue evariste gallois,48.6904,2.33928
201500037242,21,7,15,16,1,91,432,2,1,1,6,"55 bis, DE GAULLE  (AVEN",0.0,0.0
201500037243,6,10,15,13,1,91,432,2,2,1,3,CHARAINTRU (Rue),48.69512,2.33452
201500037244,24,7,15,15,1,91,589,2,4,1,3,PENSEES (RUE DES),48.68001,2.33448
201500037245,7,10,15,12,1,91,589,2,3,1,3,"63, JUVISY COTTAGES (AV",48.69334,2.36026
201500037246,8,10,15,7,1,91,589,2,1,1,1,"163, BRIAND (BOULEVARD A",48.68712,2.35402
201500037247,27,10,15,9,1,91,589,2,1,1,6,"44, DE GAULLE (AVENUE CH",48.67893,2.34609
201500037248,8,11,15,15,1,91,589,2,1,1,2,DUNANT (RUE HENRI),48.67808,2.34004
201500037249,25,11,15,8,1,91,589,2,1,1,6,"305, BRIAND (BOULEVARD A",48.69282,2.36468
201500037250,21,11,15,9,1,91,432,2,6,1,3,DE LESSEPS (AVENUE FERDI,48.70019,2.33863
201500037251,26,11,15,17,5,91,589,2,1,8,1,"41, ROSSIGNOL (RUE CHARL",48.67631,2.35608
201500037252,4,12,15,14,1,91,589,2,1,1,6,GARE (PLACE DE LA),48.6761,2.3514
201500037253,8,12,15,9,1,91,589,2,1,1,6,ALLEMANE (RUE JEAN),48.69023,2.33942
201500037254,8,12,15,18,5,91,589,2,1,2,3,"2 bis, CHATEAUBRIAND (RU",48.67738,2.35627
201500037255,8,12,15,19,5,91,589,2,1,1,6,"02, DAVOUT (PLACE)",48.67599,2.35232
201500037256,11,12,15,19,5,91,589,2,6,1,3,"146, ARMEE LECLERC (AVEN",48.69047,2.33927
201500037257,14,12,15,18,5,91,589,2,2,1,5,DE GAULLE  (AVENUE CHARL,48.70531,2.33973
201500037258,4,9,15,12,1,91,589,1,2,1,3,BARBUSSE (RUE HENRI),48.4,2.2
201500037259,18,9,15,8,1,91,589,2,4,1,6,BELLES FONTAINES (AVENUE,48.4,2.21
201500037260,18,9,15,22,5,91,589,2,1,1,4,"6, DUNANT (RUE HENRI)",48.4,2.2
201500037261,19,9,15,20,2,91,589,2,1,1,1,"83, DE GAULLE  (AVENUE C",48.42,2.2
201500037262,20,9,15,3,5,91,589,2,1,1,6,"15, BRANLY (RUE EDOUARD)",48.6833,2.33333
201500037263,23,12,15,18,5,91,432,2,1,1,3,"35, SAVIGNY (RUE DE)",48.70298,2.33513
201500037264,24,12,15,13,1,91,589,2,1,2,3,"89, SALENGRO (AVENUE ROG",48.6811,2.3419
201500037265,13,1,15,19,5,92,2,2,1,2,3,"., ARMAND GUILLEBAUD (AV",0.0,0.0
201500037266,26,1,15,20,5,92,14,2,1,1,3,"69, BIEVRE (RUE DE LA)",0.0,0.0
201500037267,27,1,15,12,1,92,2,2,3,1,6,ADOLPHE PAJEAUD (RUE),0.0,0.0
201500037268,29,1,15,11,1,92,14,2,2,2,3,GENERAL LECLERC (AV.) (1,0.0,0.0
201500037269,31,1,15,12,1,92,14,2,2,1,3,"62, BIEVRE (RUE DE LA)",0.0,0.0
201500037270,4,2,15,7,1,92,14,2,2,1,6,"55, GENERAL LECLERC (AV.",0.0,0.0
201500037271,12,2,15,13,1,92,2,2,1,1,7,"3, JEAN MONNET (AVENUE)",0.0,0.0
201500037272,23,2,15,17,1,92,2,2,1,8,6,"12, ARISTIDE BRIAND (AVE",0.0,0.0
201500037273,6,3,15,17,1,92,2,2,6,1,3,"6, FRANCOIS SOMMER (AVEN",0.0,0.0
201500037274,7,3,15,21,5,92,2,2,3,1,3,LEON JOUHAUX (AVENUE),0.0,0.0
201500037275,17,3,15,15,1,92,2,2,1,1,6,"7, EINSTEIN (RUE)",0.0,0.0
201500037276,31,3,15,9,1,92,2,2,4,1,2,ADOLPHE PAJEAUD (RUE),0.0,0.0
201500037277,2,4,15,9,1,92,2,2,1,2,1,EGLISE (RUE DE L'),0.0,0.0
201500037278,9,4,15,18,1,92,14,2,1,1,6,"157, GENERAL LECLERC (AV",0.0,0.0
201500037279,14,4,15,18,1,92,2,2,1,1,6,"2, BLANCHE DE CASTILLE (",0.0,0.0
201500037280,14,4,15,18,1,92,2,2,3,1,6,VELPEAU (RUE),0.0,0.0
201500037281,30,4,15,9,1,92,14,2,2,2,6,HUIT MAI 1945 (RUE DU),0.0,0.0
201500037282,30,4,15,14,1,92,14,2,3,3,6,GENERAL LECLERC (AV.) (5,0.0,0.0
201500037283,22,5,15,8,1,92,2,2,1,1,5,"191, DIVISION LECLERC (5",0.0,0.0
201500037284,13,6,15,17,1,92,2,2,2,1,2,"83, ARISTIDE BRIAND (AVE",0.0,0.0
201500037285,21,6,15,9,1,92,14,2,2,1,3,GENERAL LECLERC (AV.) (1,0.0,0.0
201500037286,12,7,15,11,1,92,2,2,1,1,2,ARMAND GUILLEBAUD (AVENU,0.0,0.0
201500037287,28,8,15,15,1,92,14,2,3,1,6,GENERAL LECLERC (AV.) (1,0.0,0.0
201500037288,5,9,15,1,5,92,2,2,3,1,6,"5, CROIX BRISEE (CHEMIN",0.0,0.0
201500037289,5,9,15,13,1,92,2,2,3,1,3,"58, DIVISION LECLERC (31",0.0,0.0
201500037290,8,9,15,18,1,92,2,2,6,1,6,"55, LEON JOUHAUX (AVENUE",0.0,0.0
201500037291,22,9,15,6,3,92,14,2,3,1,6,HUIT MAI 1945 (RUE DU),0.0,0.0
201500037292,22,9,15,12,1,92,14,2,6,2,3,LIBERATION (PLACE DE LA),0.0,0.0
201500037293,28,9,15,8,1,92,14,2,1,1,6,"29, LEON BLOY (RUE)",0.0,0.0
201500037294,2,10,15,15,1,92,14,2,2,1,6,"33, ARISTIDE BRIAND (AVE",0.0,0.0
201500037295,10,10,15,20,5,92,2,2,6,1,3,BOIS DE VERRIERES (AVENU,0.0,0.0
201500037296,12,10,15,13,1,92,2,2,3,1,3,"., RABELAIS (AVENUE)",0.0,0.0
201500037297,18,10,15,18,5,92,2,2,1,1,1,JULES FERRY (AVENUE),0.0,0.0
201500037298,23,10,15,16,1,92,2,2,6,1,3,DIVISION LECLERC (53 A 2,0.0,0.0
201500037299,3,11,15,13,1,92,14,2,6,1,3,"134, GENERAL LECLERC (AV",0.0,0.0
201500037300,17,11,15,19,1,92,2,2,3,2,3,"112, ARISTIDE BRIAND (AV",0.0,0.0
201500037301,26,11,15,18,5,92,14,2,2,1,6,"70, MARECHAL JOFFRE (BD",0.0,0.0
201500037302,8,12,15,23,5,92,2,1,2,1,3,DIVISION LECLERC (53 A 2,0.0,0.0
201500037303,15,12,15,10,1,92,14,2,3,2,6,HUIT MAI 1945 (RUE DU),0.0,0.0
201500037304,16,12,15,12,1,92,14,2,2,1,6,HUIT MAI 1945 (RUE DU),0.0,0.0
201500037305,27,12,15,16,1,92,2,2,1,1,6,"46, ADOLPHE PAJEAUD (RUE",0.0,0.0
201500037306,2,1,15,11,1,92,4,2,1,8,7,"50, ARGENTEUIL AV D'",0.0,0.0
201500037307,7,1,15,20,5,92,4,2,2,1,3,"20, CHATEAU ( RUE DU )",0.0,0.0
201500037308,7,1,15,14,1,92,4,2,1,1,3,"25, AULAGNIER ( QUAI )",0.0,0.0
201500037309,12,1,15,18,5,92,4,2,3,1,3,"9, FAIDHERBE ( AVENUE )",0.0,0.0
201500037310,14,1,15,13,1,92,4,2,2,1,3,"ns, REDOUTE ( AVENUE DE",0.0,0.0
201500037311,22,1,15,19,5,92,4,2,2,1,6,"76, MARNE   ( AVENUE DE",0.0,0.0
201500037312,26,1,15,17,4,92,4,2,1,2,3,"71, AULAGNIER ( QUAI )",0.0,0.0
201500037313,30,1,15,9,1,92,4,2,1,2,2,"65, DOCTEUR DERVAUX  ( Q",0.0,0.0
201500037314,9,2,15,7,1,92,4,2,1,1,7,"NS, PONT DE GENNEVILLIER",0.0,0.0
201500037315,9,2,15,8,1,92,4,2,1,1,3,"04, GAMBETTA (RUE)",0.0,0.0
201500037316,9,2,15,20,5,92,4,2,1,1,6,"121, BAS ( RUE DES )",0.0,0.0
201500037317,9,2,15,13,1,92,4,2,2,1,3,"190, GRESILLONS ( AVENUE",0.0,0.0
201500037318,12,2,15,7,1,92,4,2,3,1,6,"NS, STATION ( RUE )",0.0,0.0
201500037319,17,2,15,14,1,92,4,2,1,8,3,"106, ARGENTEUIL AV D'",0.0,0.0
201500037320,18,2,15,16,1,92,4,2,7,1,6,"30, LOUIS VION",0.0,0.0
201500037321,19,2,15,15,1,92,4,2,1,1,6,"354, ARGENTEUIL N? 176 A",0.0,0.0
201500037322,19,2,15,23,5,92,4,2,6,1,3,"NS, EMILE ZOLA ( RUE )",0.0,0.0
201500037323,23,2,15,12,1,92,4,2,1,1,2,", DOCTEUR DERVAUX  ( QUA",0.0,0.0
201500037324,23,2,15,21,5,92,4,2,2,1,3,"NS, QUATRE ROUTES ( CARR",0.0,0.0
201500037325,25,2,15,19,5,92,4,2,1,2,6,"NS, CHANZY ( RUE DE )",0.0,0.0
201500037326,27,2,15,16,1,92,4,2,1,1,6,"177, ARGENTEUIL N? 176 A",0.0,0.0
201500037327,2,3,15,22,5,92,4,2,1,1,7,"ns, PONT DE CLICHY",0.0,0.0
201500037328,6,3,15,16,1,92,4,2,1,1,6,"119, COLOMBES ( RUE DE 3",0.0,0.0
201500037329,7,3,15,18,2,92,4,2,1,1,2,"NS, PONT DE CLICHY",0.0,0.0
201500037330,9,3,15,20,1,92,4,2,3,1,3,"44, FAIDHERBE ( AVENUE )",0.0,0.0