Num_Acc,jour,mois,an,hr,condition_eclairage,departement,commune,condition_agglomeration,intersection,condition_atmosphere,type_collision,adresse,lattitude,longitude
201500037331,12,3,15,11,1,92,4,2,1,1,6,"18, SAINTE ANNE (AVENUE)",0.0,0.0
201500037332,12,3,15,18,1,92,4,2,2,1,6,"NS, PIERRE BROSSOLETTE",0.0,0.0
201500037333,16,3,15,12,1,92,9,2,2,1,3,"NS, EUROPE (AVENUE)",0.0,0.0
201500037334,16,3,15,19,5,92,9,2,1,1,6,"315, ARGENTEUIL ( AVENUE",0.0,0.0
201500037335,23,3,15,8,1,92,4,2,1,1,6,"10, VOLTAIRE  ( BD 01 A",0.0,0.0
201500037336,23,3,15,17,1,92,4,2,1,1,6,"80, ARGENTEUIL AV D'",0.0,0.0
201500037337,27,3,15,19,2,92,4,2,1,1,6,"48, HENRI POINCARE",0.0,0.0
201500037338,27,3,15,20,5,92,4,2,1,1,6,"32, MARNE   ( AVENUE DE",0.0,0.0
201500037339,29,3,15,14,1,92,4,2,2,2,6,"174, VOLTAIRE ( BD )",0.0,0.0
201500037340,30,3,15,18,1,92,9,2,3,1,3,"41, GENERAL LECLERC ( RU",0.0,0.0
201500037341,2,4,15,18,1,92,9,2,1,2,6,"NS, BOIS COLOMBES ( RUE",0.0,0.0
201500037342,3,4,15,16,1,92,4,2,1,1,6,"56, EMILE ZOLA ( RUE )",0.0,0.0
201500037343,4,4,15,13,1,92,9,2,1,1,6,"02, EUROPE (AVENUE)",0.0,0.0
201500037344,4,4,15,15,1,92,4,2,1,1,6,"34, MAX DE NANSOUTY",0.0,0.0
201500037345,4,4,15,18,1,92,4,2,2,1,3,"91, ARGENTEUIL AV D'",0.0,0.0
201500037346,4,4,15,19,3,92,4,2,3,1,3,"90, GRESILLONS ( AVENUE",0.0,0.0
201500037347,8,4,15,10,1,92,4,2,1,1,6,"29, GRANDE RUE CHARLES D",0.0,0.0
201500037348,9,4,15,17,3,92,4,2,3,1,3,"31, PAUL DEROULEDE",0.0,0.0
201500037349,10,4,15,13,1,92,4,2,1,1,2,"150, MENIL",0.0,0.0
201500037350,11,4,15,8,1,92,4,2,9,1,2,"257 BIS, ARGENTEUIL N? 1",0.0,0.0
201500037351,11,4,15,11,1,92,4,2,1,1,6,"19, GRANDE RUE CHARLES D",0.0,0.0
201500037352,14,4,15,18,1,92,9,2,1,1,6,"1, HISPANO SUIZA",0.0,0.0
201500037353,15,4,15,8,1,92,4,2,1,1,3,"NS, PONT DE CLICHY",0.0,0.0
201500037354,16,4,15,11,1,92,4,2,1,1,6,"NS, PIERRE DURAND",0.0,0.0
201500037355,17,4,15,9,1,92,4,2,3,1,6,"364, ARGENTEUIL N° 176 A",0.0,0.0
201500037356,20,4,15,16,1,92,9,2,1,1,3,"2, MARCEL BINET ( RUE )",0.0,0.0
201500037357,21,4,15,20,1,92,4,2,1,1,3,"79, VOLTAIRE ( BD )",0.0,0.0
201500037358,22,4,15,8,1,92,4,2,1,1,2,"NS, DOCTEUR DERVAUX  ( Q",0.0,0.0
201500037359,26,4,15,14,1,92,4,2,2,2,3,"NS, PIERRE DE COUBERTIN",0.0,0.0
201500037360,27,4,15,22,5,92,4,2,1,1,6,"23, ROBERT DUPONT",0.0,0.0
201500037361,29,4,15,12,1,92,4,2,2,1,6,"NS, PIERRE BROSSOLETTE",0.0,0.0
201500037362,30,4,15,10,1,92,4,2,3,3,6,"NS, REDOUTE ( AVENUE DE",0.0,0.0
201500037363,30,4,15,19,1,92,4,2,1,2,6,"NS, GRANDE RUE CHARLES D",0.0,0.0
201500037364,1,5,15,12,1,92,4,2,2,3,6,"1, ARGENTEUIL AV D'",0.0,0.0
201500037365,3,5,15,17,1,92,24,2,2,1,3,"NS, RUE CASTERES",0.0,0.0
201500037366,7,5,15,13,1,92,4,2,2,1,3,"NS, ARGENTEUIL AV D'",0.0,0.0
201500037367,13,5,15,19,1,92,4,2,1,1,6,"36, ABBE LEMIRE DE L'",0.0,0.0
201500037368,14,5,15,15,1,92,4,2,3,2,3,"NS, JEAN JAURES",0.0,0.0
201500037369,20,5,15,15,1,92,4,2,1,1,6,"16, PIERRE BROSSOLETTE",0.0,0.0
201500037370,20,5,15,16,1,92,4,2,1,1,6,"02, HOTEL DE VILLE   ( P",0.0,0.0
201500037371,21,5,15,8,1,92,4,2,1,1,2,"NS, DOCTEUR DERVAUX  ( Q",0.0,0.0
201500037372,21,5,15,16,1,92,36,2,2,1,3,"NS, boulevard galliéni",0.0,0.0
201500037373,23,5,15,9,1,92,4,2,1,1,6,"04, MAURICE BOKANOWSKI",0.0,0.0
201500037374,25,5,15,20,1,92,4,2,3,1,3,"NS, VOLTAIRE ( BD )",0.0,0.0
201500037375,26,5,15,23,1,92,4,2,2,1,3,"364, ARGENTEUIL N° 176 A",0.0,0.0
201500037376,27,5,15,14,1,92,4,2,6,1,6,"26, VOLTAIRE ( BD )",0.0,0.0
201500037377,1,6,15,18,1,92,4,2,1,1,6,"NS, AULAGNIER ( QUAI )",0.0,0.0
201500037378,1,6,15,21,1,92,4,2,1,1,7,"84, ARGENTEUIL AV D'",0.0,0.0
201500037379,1,6,15,16,1,92,4,2,1,1,6,"107, DOCTEUR DERVAUX  (",0.0,0.0
201500037380,4,6,15,9,1,92,4,2,3,1,3,"NS, PONT DE CLICHY",0.0,0.0
201500037381,4,6,15,16,1,92,4,2,1,1,2,"186, ARGENTEUIL N° 176 A",0.0,0.0
201500037382,5,6,15,14,1,92,4,2,3,1,3,"103, ARGENTEUIL AV D'",0.0,0.0
201500037383,6,6,15,12,1,92,4,2,1,1,4,"163, AULAGNIER ( QUAI )",0.0,0.0
201500037384,12,6,15,14,1,92,4,2,1,1,3,"252, GRESILLONS ( AVENUE",0.0,0.0
201500037385,14,6,15,14,1,92,4,2,2,1,3,"NS, PONT D'ASNIERES",0.0,0.0
201500037386,15,6,15,16,1,92,9,2,2,1,2,"ns, HOCHE ( RUE )",0.0,0.0
201500037387,16,6,15,17,1,92,4,2,1,1,2,"15, GRANDE RUE CHARLES D",0.0,0.0
201500037388,17,6,15,9,1,92,4,2,3,1,2,"NS, GRANDE RUE CHARLES D",0.0,0.0
201500037389,19,6,15,13,1,92,4,2,2,1,3,"ns, EMILE ZOLA ( RUE )",0.0,0.0
201500037390,19,6,15,20,1,92,4,2,1,1,2,"125, AULAGNIER ( QUAI )",0.0,0.0
201500037391,22,6,15,8,1,92,4,2,3,1,3,"NS, ARGENTEUIL AV D'",0.0,0.0
201500037392,22,6,15,19,1,92,4,2,1,3,3,"24, GRANDE RUE CHARLES D",0.0,0.0
201500037393,23,6,15,14,1,92,9,2,3,1,3,"131, PIERRE JOIGNEAU ( R",0.0,0.0
201500037394,19,6,15,22,1,92,9,2,3,1,3,"NS, BOURGUIGNONS ( RUE 3",0.0,0.0
201500037395,1,7,15,14,1,92,4,2,2,1,3,"122, VOLTAIRE ( BD )",0.0,0.0
201500037396,3,7,15,14,1,92,4,2,1,1,3,PONT DE CLICHY,0.0,0.0
201500037397,6,7,15,0,5,92,4,2,1,1,2,"NS, AULAGNIER ( QUAI )",0.0,0.0
201500037398,10,7,15,9,1,92,4,2,2,1,3,"NS, LAURENT-CELY  ( AVEN",0.0,0.0
201500037399,11,7,15,9,1,92,4,2,1,1,2,"54, BOURGUIGNONS (RUE 2",0.0,0.0
201500037400,13,7,15,23,5,92,4,2,2,1,3,"NS, EMILE ZOLA ( RUE )",0.0,0.0
201500037401,15,7,15,19,1,92,4,2,2,1,3,"NS, DIX HUIT JUIN 40 ( R",0.0,0.0
201500037402,24,7,15,14,1,92,4,2,1,1,1,"20, BOURGUIGNONS (RUE 2",0.0,0.0
201500037403,24,7,15,10,1,92,9,2,1,1,6,"83, BOURGUIGNONS ( RUE 3",0.0,0.0
201500037404,25,7,15,8,1,92,4,2,1,3,6,"158, ARGENTEUIL AV D'",0.0,0.0
201500037405,26,7,15,13,1,92,4,2,1,1,6,"40, REDOUTE ( AVENUE DE",0.0,0.0
201500037406,27,7,15,7,1,92,4,2,4,2,7,"NS, AULAGNIER ( QUAI )",0.0,0.0
201500037407,27,7,15,9,1,92,4,2,1,1,3,"NS, PONT D'ASNIERES",0.0,0.0
201500037408,30,7,15,16,1,92,4,2,6,1,3,"NS, VOLTAIRE  ( PLACE )",0.0,0.0
201500037409,31,7,15,12,1,92,4,2,1,1,3,"46bis, ROBERT DUPONT",0.0,0.0
201500037410,31,7,15,14,1,92,4,2,2,1,3,"NS, MARNE   ( AVENUE DE",0.0,0.0
201500037411,14,8,15,19,1,92,4,2,1,1,6,"07, REDOUTE ( AVENUE DE",0.0,0.0
201500037412,21,8,15,2,5,92,4,2,1,1,6,"117-119, AULAGNIER ( QUA",0.0,0.0
201500037413,24,8,15,7,1,92,9,2,2,2,6,"NS, MINIMES ( RUE DES )",0.0,0.0
201500037414,24,8,15,10,1,92,4,2,1,2,7,"59, DOCTEUR DERVAUX  ( Q",0.0,0.0
201500037415,22,8,15,22,5,92,9,2,1,1,7,"02, VERDUN ( AVENUE DE )",0.0,0.0
201500037416,30,8,15,8,1,92,4,2,1,1,6,"27, STEFEN",0.0,0.0
201500037417,1,9,15,11,1,92,9,2,2,1,6,"NS, ADOLPHE GUYOT ( RUE",0.0,0.0
201500037418,1,9,15,13,1,92,9,2,3,1,6,"102, CHARLES CHEFSON ( R",0.0,0.0
201500037419,4,9,15,12,1,92,4,2,2,1,3,"NS, GRESILLONS ( AVENUE",0.0,0.0
201500037420,5,9,15,14,1,92,4,2,3,1,4,"NS, GABRIEL PERI (AVE )",0.0,0.0
201500037421,10,9,15,1,5,92,4,2,1,1,6,"NS, DOCTEUR DERVAUX  ( Q",0.0,0.0
201500037422,11,9,15,13,1,92,9,2,3,1,6,"NS, R. P.CORENTIN-CLOARE",0.0,0.0
201500037423,14,9,15,15,1,92,4,2,3,1,7,"NS, PIERRE DE COUBERTIN",0.0,0.0
201500037424,15,9,15,1,5,92,4,2,2,1,3,"NS, PONT D'ASNIERES",0.0,0.0
201500037425,17,9,15,15,1,92,4,2,1,1,6,"32, ARGENTEUIL AV D'",0.0,0.0
201500037426,23,9,15,9,1,92,4,2,1,1,3,"49, COMETE  ( RUE DE LA",0.0,0.0
201500037427,29,9,15,13,1,92,4,2,1,1,3,"NS, PONT DE CLICHY",0.0,0.0
201500037428,2,10,15,9,1,92,4,2,2,1,6,"41, ROBERT DUPONT",0.0,0.0
201500037429,6,10,15,14,1,92,4,2,2,1,3,"NS, DOCTEUR DERVAUX  ( Q",0.0,0.0
201500037430,9,10,15,17,1,92,4,2,1,1,6,"18, DIX HUIT JUIN 40 ( R",0.0,0.0
201500037431,10,10,15,7,1,92,4,2,1,1,6,"52, BOURGUIGNONS (RUE 2",0.0,0.0
201500037432,15,10,15,8,1,92,9,2,2,1,6,"NS, PASTEUR  ( RUE )",0.0,0.0
201500037433,16,10,15,9,1,92,4,2,1,2,6,"104, ARGENTEUIL AV D'",0.0,0.0
201500037434,16,10,15,15,1,92,4,2,1,1,3,"90, MENIL",0.0,0.0
201500037435,16,10,15,15,1,92,4,2,1,1,6,"45, PIERRE BROSSOLETTE",0.0,0.0
201500037436,17,10,15,21,5,92,4,2,3,1,3,"ns, FAIDHERBE ( AVENUE )",0.0,0.0
201500037437,20,10,15,12,1,92,4,2,4,1,6,"NS, AULAGNIER ( QUAI )",0.0,0.0
201500037438,20,10,15,17,1,92,4,2,2,2,6,"03, REDOUTE ( AVENUE DE",0.0,0.0
201500037439,23,10,15,16,1,92,4,2,2,1,7,"NS, LAURENT-CELY  ( AVEN",0.0,0.0
201500037440,22,10,15,22,5,92,4,2,1,1,1,"5, MARNE   ( AVENUE DE L",0.0,0.0
201500037441,27,10,15,9,1,92,4,2,1,1,6,"NS, ROBERT DUPONT",0.0,0.0
201500037442,30,10,15,10,1,92,4,2,4,1,6,"68, SABLIERE",0.0,0.0
201500037443,2,11,15,12,1,92,4,2,1,1,6,"24, VOLTAIRE ( BD )",0.0,0.0
201500037444,3,11,15,17,5,92,4,2,1,1,2,"91, GABRIEL PERI (AVE )",0.0,0.0
201500037445,5,11,15,8,1,92,36,1,1,1,2,A86 EXT,0.0,0.0
201500037446,11,11,15,17,2,92,9,2,1,1,2,"NS, BOURGUIGNONS ( RUE 0",0.0,0.0
201500037447,14,11,15,22,3,92,4,2,1,1,6,"219, AULAGNIER ( QUAI )",0.0,0.0
201500037448,16,11,15,14,1,92,4,2,2,1,3,"NS, PONT DE CLICHY",0.0,0.0
201500037449,19,11,15,8,1,92,4,2,2,1,6,"NS, COMETE  ( RUE DE LA",0.0,0.0
201500037450,19,11,15,12,1,92,4,2,1,1,6,"338, ARGENTEUIL N° 176 A",0.0,0.0
201500037451,19,11,15,17,2,92,4,2,1,1,6,"NS, GALLIENI ( RUE )",0.0,0.0
201500037452,24,11,15,19,5,92,4,2,2,2,6,"NS, PIERRE BROSSOLETTE",0.0,0.0
201500037453,27,11,15,8,1,92,4,2,2,1,3,"NS, GALLIENI ( RUE )",0.0,0.0
201500037454,3,12,15,14,1,92,4,2,4,1,6,"107, DOCTEUR DERVAUX  (",0.0,0.0
201500037455,4,12,15,23,5,92,4,2,2,1,3,"NS, ARGENTEUIL AV D'",0.0,0.0
201500037456,6,12,15,16,5,92,9,2,1,1,6,"40, PASTEUR  ( RUE )",0.0,0.0
201500037457,7,12,15,14,1,92,4,2,2,1,1,"24, HENRI POINCARE",0.0,0.0
201500037458,8,12,15,15,1,92,4,2,3,2,5,"178, VOLTAIRE ( BD )",0.0,0.0
201500037459,8,12,15,18,2,92,4,2,2,2,6,"NS, ARGENTEUIL AV D'",0.0,0.0
201500037460,9,12,15,9,1,92,4,2,1,1,3,"47, DOCTEUR DERVAUX  ( Q",0.0,0.0
201500037461,13,12,15,15,1,92,4,2,1,1,7,"77, PIERRE BOUDOU",0.0,0.0
201500037462,14,12,15,12,1,92,9,2,5,1,3,"NS, PEUPLIERS  ( RUE DES",0.0,0.0
201500037463,15,12,15,20,1,92,4,2,1,2,6,"189, ARGENTEUIL AV D'",0.0,0.0
201500037464,15,12,15,21,5,92,9,2,2,2,3,"NEANT, CHARLES-DE-GAULLE",0.0,0.0
201500037465,17,12,15,17,2,92,4,2,1,1,2,"02, REDOUTE ( AVENUE DE",0.0,0.0
201500037466,19,12,15,13,1,92,9,2,3,1,3,"54, CHEVREUL ( AVENUE )",0.0,0.0
201500037467,21,12,15,17,1,92,4,2,1,2,3,"24, MOURINOUX ( RUE DES",0.0,0.0
201500037468,27,12,15,12,1,92,4,2,1,1,2,"32, AULAGNIER ( QUAI )",0.0,0.0
201500037469,27,12,15,14,1,92,4,2,1,1,6,"01, REDOUTE ( AVENUE DE",0.0,0.0
201500037470,29,12,15,12,1,92,4,2,1,1,6,"18, VOLTAIRE ( BD )",0.0,0.0
201500037471,9,1,15,15,1,92,7,2,1,1,6,"32, BARBUSSE (AVENUE HEN",0.0,0.0
201500037472,10,1,15,20,3,92,7,2,1,1,6,"208, BRIAND (AVENUE ARIS",0.0,0.0
201500037473,13,1,15,19,5,92,7,2,3,2,3,BRIAND (AVENUE ARISTIDE),0.0,0.0
201500037474,9,2,15,11,1,92,7,2,1,1,2,"31, PASTEUR (AVENUE LOUI",0.0,0.0
201500037475,11,2,15,15,1,92,7,2,9,1,6,"4, FORTIN (AVENUE JEAN-B",0.0,0.0
201500037476,12,2,15,19,1,92,7,2,1,1,3,"28, BRIAND (AVENUE ARIST",0.0,0.0
201500037477,15,2,15,8,1,92,7,2,1,2,2,"54 ter, PETIT (AVENUE AL",0.0,0.0
201500037478,20,2,15,15,1,92,7,2,1,2,6,"122, RAVERA (AVENUE HENR",0.0,0.0
201500037479,16,2,15,15,1,92,7,2,1,2,6,"122, RAVERA (AVENUE HENR",0.0,0.0
201500037480,6,3,15,12,1,92,7,2,1,1,2,"18, BRIAND (AVENUE ARIST",0.0,0.0
201500037481,7,3,15,14,1,92,7,2,2,1,6,PASTEUR (AVENUE LOUIS) A,0.0,0.0
201500037482,17,3,15,17,1,92,7,2,2,1,7,BRIAND (AVENUE ARISTIDE),0.0,0.0
201500037483,31,3,15,22,5,92,7,2,1,3,2,"14, PASTEUR (AVENUE LOUI",0.0,0.0
201500037484,9,4,15,20,5,92,7,2,3,1,3,BRIAND (AVENUE ARISTIDE),0.0,0.0
201500037485,15,4,15,13,1,92,7,2,6,1,3,CHARTRES (RUE DE),0.0,0.0
201500037486,24,4,15,18,1,92,7,2,1,1,2,"2, RAVERA (AVENUE HENRI)",0.0,0.0
201500037487,29,5,15,8,1,92,7,2,1,1,2,"75, BOURG-LA-REINE (AVEN",0.0,0.0
201500037488,24,6,15,10,1,92,7,2,2,1,6,FORTIN (AVENUE JEAN-BAPT,0.0,0.0
201500037489,29,6,15,19,1,92,7,2,2,1,3,BRIAND (AVENUE ARISTIDE),0.0,0.0
201500037490,25,7,15,14,1,92,7,2,4,1,3,HUGO (AVENUE VICTOR),0.0,0.0
201500037491,1,8,15,16,1,92,7,2,3,1,3,"2, BARBUSSE (AVENUE HENR",0.0,0.0
201500037492,4,8,15,8,1,92,7,2,9,1,3,"10, MEUNIERS (RUE DES)",0.0,0.0
201500037493,4,8,15,18,1,92,7,1,9,1,3,BRIAND (AVENUE ARISTIDE),0.0,0.0
201500037494,24,8,15,13,1,92,7,2,9,1,3,DORMOY (AVENUE MARX),0.0,0.0
201500037495,24,8,15,19,1,92,7,2,9,2,5,"150, BRIAND (AVENUE ARIS",0.0,0.0
201500037496,7,9,15,16,1,92,7,2,1,1,6,"170, BRIAND (AVENUE ARIS",0.0,0.0
201500037497,11,9,15,16,1,92,7,2,1,1,2,"102, BRIAND (AVENUE ARIS",0.0,0.0
201500037498,14,9,15,16,1,92,7,2,1,1,6,"2, REPUBLIQUE (RUE DE LA",0.0,0.0
201500037499,15,9,15,19,5,92,7,2,6,1,3,"45, DORMOY (AVENUE MARX)",0.0,0.0
201500037500,29,9,15,17,1,92,7,2,1,1,7,96 bis AV BOURG LA REINE,0.0,0.0
201500037501,30,9,15,14,1,92,7,2,2,1,6,"1, ALLENDE (RUE SALVATOR",0.0,0.0
201500037502,30,9,15,19,5,92,7,2,1,1,6,"208, RAVERA (AVENUE HENR",0.0,0.0
201500037503,1,10,15,14,1,92,7,2,1,7,3,"61, PASTEUR (AVENUE LOUI",0.0,0.0
201500037504,3,10,15,12,1,92,7,2,2,7,6,"13, ALLENDE (RUE SALVATO",0.0,0.0
201500037505,9,10,15,11,1,92,7,2,1,1,3,"13, PORT GALAND (RUE DU)",0.0,0.0
201500037506,12,11,15,17,5,92,7,2,3,1,3,DE GAULLE (AVENUE CHARLE,0.0,0.0
201500037507,16,11,15,16,1,92,7,2,2,2,3,"142, BRIAND (AVENUE ARIS",0.0,0.0
201500037508,14,11,15,20,3,92,7,2,3,1,3,BRIAND (AVENUE ARISTIDE),0.0,0.0
201500037509,12,11,15,8,1,92,7,2,3,5,6,ALLENDE (RUE SALVATOR),0.0,0.0
201500037510,27,11,15,16,1,92,7,2,2,1,3,MARIN-NAUDIN (RUE JEAN),0.0,0.0
201500037511,28,11,15,16,1,92,7,2,9,1,6,PASTEUR (AVENUE LOUIS) N,0.0,0.0
201500037512,20,11,15,18,5,92,7,2,1,1,6,"26, AV LOUIS PASTEUR",0.0,0.0
201500037513,21,12,15,12,1,92,7,2,1,1,2,"1, DE GAULLE (AVENUE CHA",0.0,0.0
201500037514,21,12,15,17,4,92,7,2,1,1,6,"21, BRANLY (RUE EDOUARD)",0.0,0.0
201500037515,23,12,15,21,5,92,7,2,9,1,3,"254, BRIAND (AVENUE ARIS",0.0,0.0
201500037516,28,11,15,23,5,92,7,2,9,1,3,RAVERA (AVENUE HENRI) N°,0.0,0.0
201500037517,3,12,15,10,1,92,7,2,1,1,6,"5, MARTYRS DE CHATEAUBRI",0.0,0.0
201500037518,16,12,15,22,5,92,7,1,9,1,3,CROIZAT (ROND-POINT AMBR,0.0,0.0
201500037519,2,1,15,17,5,92,12,2,1,1,3,"46, ALPHONSE LE GALLO (Q",0.0,0.0
201500037520,4,1,15,17,5,92,12,2,1,8,6,PONT DE SEVRES (METRO),0.0,0.0
201500037521,6,1,15,20,5,92,12,2,1,1,6,"95, PIERRE GRENIER (AVEN",0.0,0.0
201500037522,6,1,15,21,5,92,12,2,1,1,6,"15, PIERRE GRENIER (AVEN",0.0,0.0
201500037523,7,1,15,8,1,92,12,2,2,1,3,CHARLES DE GAULLE (AVENU,0.0,0.0
201500037524,7,1,15,8,1,92,12,2,1,1,6,REINE (ROUTE DE LA) 82/F,0.0,0.0
201500037525,9,1,15,15,1,92,12,2,1,2,6,PONT DE SEVRES (ROND POI,0.0,0.0
201500037526,10,1,15,0,5,92,12,2,1,1,6,QUATRE SEPTEMBRE (QUAI D,0.0,0.0
201500037527,11,1,15,17,5,92,12,2,1,1,2,"/, MARECHAL DE LATTRE DE",0.0,0.0
201500037528,13,1,15,10,1,92,12,2,1,1,3,"8, REPUBLIQUE (BOULEVARD",0.0,0.0
201500037529,14,1,15,12,1,92,12,2,1,2,6,"176, JEAN JAURES (BOULEV",0.0,0.0
201500037530,16,1,15,8,1,92,12,2,1,2,7,"27, GENERAL LECLERC (AVE",0.0,0.0
201500037531,18,1,15,19,5,92,12,2,1,2,3,"100, VICTOR HUGO (AVENUE",0.0,0.0
201500037532,20,1,15,10,1,92,12,2,2,1,3,JEAN BAPTISTE CLEMENT (A,0.0,0.0
201500037533,21,1,15,19,5,92,12,2,3,1,3,VICTOR HUGO (AVENUE) 49/,0.0,0.0
201500037534,23,1,15,12,1,92,12,2,2,1,3,REINE (ROUTE DE LA) 82/F,0.0,0.0
201500037535,23,1,15,14,1,92,12,2,1,1,6,"44, ESCUDIER (RUE) 49/FI",0.0,0.0
201500037536,24,1,15,15,1,92,12,2,3,1,3,QUATRE SEPTEMBRE (QUAI D,0.0,0.0
201500037537,26,1,15,12,1,92,12,2,1,2,3,"69, BONTEMPS (rue Marcel",0.0,0.0
201500037538,30,1,15,22,5,92,12,2,1,1,2,"3, ANDRE MORIZET (AVENUE",0.0,0.0
201500037539,5,2,15,8,1,92,12,2,1,1,7,"5, ANATOLE FRANCE (BOULE",0.0,0.0
201500037540,6,2,15,9,1,92,12,2,1,1,6,"1818, YVES KERMEN (RUE)",0.0,0.0
201500037541,11,2,15,14,1,92,12,2,1,1,2,"21, GENERAL LECLERC (AVE",0.0,0.0
201500037542,11,2,15,13,1,92,12,2,1,1,6,"36, REINE (ROUTE DE LA)",0.0,0.0
201500037543,13,2,15,10,1,92,12,2,6,1,5,RHIN ET DANUBE (ROND POI,0.0,0.0
201500037544,16,2,15,18,2,92,12,2,1,1,2,"28, ANDRE MORIZET (AVENU",0.0,0.0
201500037545,19,2,15,21,5,92,12,2,1,1,6,"60, REPUBLIQUE (BOULEVAR",0.0,0.0
201500037546,20,2,15,11,1,92,12,2,2,3,7,BELLEVUE (RUE DE) 1/71BI,0.0,0.0
201500037547,21,2,15,13,1,92,12,2,3,1,2,"7, REINE (ROUTE DE LA) 1",0.0,0.0
201500037548,23,2,15,6,4,92,12,2,1,2,6,"130, VICTOR HUGO (AVENUE",0.0,0.0
201500037549,23,2,15,16,1,92,12,2,6,2,3,ANCIENS COMBATTANT (ROND,0.0,0.0
201500037550,26,2,15,23,1,92,12,2,3,1,3,ALPHONSE LE GALLO (QUAI),0.0,0.0
201500037551,2,3,15,18,2,92,12,2,3,1,3,"39, PIERRE GRENIER (AVEN",0.0,0.0
201500037552,7,3,15,8,1,92,12,2,2,1,3,"98, REINE (ROUTE DE LA)",0.0,0.0
201500037553,7,3,15,10,1,92,12,2,1,1,6,"88, JEAN BAPTISTE CLEMEN",0.0,0.0
201500037554,10,3,15,16,1,92,12,2,3,1,2,"27, QUATRE SEPTEMBRE (QU",0.0,0.0
201500037555,13,3,15,18,4,92,12,2,1,1,2,"55, POINT DU JOUR (QUAI",0.0,0.0
201500037556,14,3,15,20,5,92,12,2,2,1,2,"34, ANDRE MORIZET (AVENU",0.0,0.0
201500037557,15,3,15,10,1,92,12,2,1,1,6,"159, VIEUX PONT DE SEVRE",0.0,0.0
201500037558,15,3,15,19,5,92,12,2,1,1,1,"ANGLE, JEAN JAURES (BOUL",0.0,0.0
201500037559,16,3,15,17,1,92,12,2,1,1,6,"39, JEAN BAPTISTE CLEMEN",0.0,0.0
201500037560,17,3,15,13,1,92,12,2,6,1,7,PONT DE BILLANCOURT (PLA,0.0,0.0
201500037561,17,3,15,18,1,92,12,2,1,1,3,"66, REPUBLIQUE (BOULEVAR",0.0,0.0
201500037562,24,3,15,22,5,92,12,2,2,2,6,ESCUDIER (RUE) 1/47 - 2/,0.0,0.0
201500037563,27,3,15,19,5,92,12,2,1,1,7,"84, GENERAL LECLERC (AVE",0.0,0.0
201500037564,28,3,15,15,1,92,12,2,1,1,3,GEORGES GORSE (QUAI),0.0,0.0
201500037565,3,4,15,15,1,92,12,2,2,3,3,ESCUDIER (RUE) 1/47 - 2/,0.0,0.0
201500037566,15,4,15,8,1,92,12,2,1,1,2,"16, ALPHONSE LE GALLO (Q",0.0,0.0
201500037567,18,4,15,15,1,92,12,2,1,1,2,"33, EDOUARD VAILLANT (AV",0.0,0.0
201500037568,23,4,15,20,1,92,12,2,1,1,6,"54, MEUDON (RUE DE) - CO",0.0,0.0
201500037569,24,4,15,10,1,92,12,2,3,1,3,PIERRE GRENIER (AVENUE),0.0,0.0
201500037570,24,4,15,10,1,92,12,2,1,1,6,"86, REPUBLIQUE (BOULEVAR",0.0,0.0
201500037571,24,4,15,11,1,92,12,2,1,1,3,"49, GEORGES GORSE (QUAI)",0.0,0.0
201500037572,27,4,15,12,1,92,12,2,2,1,3,"791, GENERAL LECLERC (AV",0.0,0.0
201500037573,30,4,15,17,1,92,12,2,1,2,6,"98, GENERAL LECLERC (AVE",0.0,0.0
201500037574,1,5,15,7,1,92,12,2,1,2,6,PONT DE SEVRES (ROND POI,0.0,0.0
201500037575,1,5,15,17,1,92,12,2,1,1,3,"71, BELLEVUE (RUE DE) 1/",0.0,0.0
201500037576,3,5,15,13,1,92,12,2,1,2,5,"33, EDOUARD VAILLANT (AV",0.0,0.0
201500037577,4,5,15,8,1,92,12,2,1,1,3,"17, QUATRE SEPTEMBRE (QU",0.0,0.0
201500037578,4,5,15,17,1,92,12,2,2,3,3,"24, ANDRE MORIZET (AVENU",0.0,0.0
201500037579,5,5,15,11,1,92,12,2,1,2,6,"140, AGUESSEAU (RUE D')",0.0,0.0
201500037580,5,5,15,19,1,92,12,2,1,1,3,"38, REPUBLIQUE (BOULEVAR",0.0,0.0
201500037581,5,5,15,19,1,92,12,2,1,1,6,"2, TILLEULS (RUE DES) 1/",0.0,0.0
201500037582,6,5,15,16,1,92,12,2,1,8,6,"39, GENERAL LECLERC (AVE",0.0,0.0
201500037583,6,5,15,20,1,92,12,2,1,5,6,"55, GEORGES GORSE (QUAI)",0.0,0.0
201500037584,7,5,15,18,1,92,12,2,1,1,6,"65, JEAN BAPTISTE CLEMEN",0.0,0.0
201500037585,9,5,15,14,1,92,12,2,3,1,5,"85, EDOUARD VAILLANT (AV",0.0,0.0
201500037586,11,5,15,20,1,92,12,2,1,1,3,"100, YVES KERMEN (RUE) 5",0.0,0.0
201500037587,17,5,15,14,1,92,12,2,1,1,6,"114, ANDRE MORIZET (AVEN",0.0,0.0
201500037588,19,5,15,15,1,92,12,2,1,1,6,"231, JEAN JAURES (BOULEV",0.0,0.0
201500037589,22,5,15,8,1,92,12,2,1,1,6,"44, JEAN BAPTISTE CLEMEN",0.0,0.0
201500037590,24,5,15,9,1,92,12,2,2,1,7,VICTOR HUGO (AVENUE) 49/,0.0,0.0
201500037591,27,5,15,18,1,92,12,2,1,1,6,ANATOLE FRANCE (BOULEVAR,0.0,0.0
201500037592,27,5,15,21,1,92,12,2,2,1,3,"745, GENERAL LECLERC (AV",0.0,0.0
201500037593,29,5,15,19,1,92,12,2,2,1,4,ALPHONSE LE GALLO (QUAI),0.0,0.0
201500037594,30,5,15,20,1,92,12,2,1,1,3,"860, STALINGRAD (QUAI DE",0.0,0.0
201500037595,1,6,15,16,1,92,12,2,1,1,6,"34, PIERRE GRENIER (AVEN",0.0,0.0
201500037596,2,6,15,10,1,92,12,2,2,1,3,EDOUARD VAILLANT (AVENUE,0.0,0.0
201500037597,5,6,15,11,1,92,12,2,2,1,3,DENFERT ROCHEREAU (RUE),0.0,0.0
201500037598,7,6,15,20,1,92,12,2,1,1,7,"15, ANATOLE FRANCE (BOUL",0.0,0.0
201500037599,8,6,15,17,1,92,12,2,1,1,3,"122, GENERAL LECLERC (AV",0.0,0.0
201500037600,9,6,15,12,1,92,64,2,1,1,2,"1, RUE GOUNOT",0.0,0.0
201500037601,11,6,15,16,2,92,12,2,1,1,2,"25, SILLY (RUE DE) 1/87",0.0,0.0
201500037602,12,6,15,15,1,92,12,2,1,1,2,"85, EDOUARD VAILLANT (AV",0.0,0.0
201500037603,16,6,15,19,1,92,12,2,1,1,6,POINT DU JOUR (QUAI DU),0.0,0.0
201500037604,16,6,15,19,1,92,12,2,1,1,6,"14, SILLY (RUE DE) 1/87",0.0,0.0
201500037605,14,6,15,14,1,92,12,2,1,1,7,"48, POINT DU JOUR (QUAI",0.0,0.0
201500037606,19,6,15,18,1,92,12,2,1,1,3,"60, VICTOR HUGO (AVENUE)",0.0,0.0
201500037607,22,6,15,14,1,92,12,2,1,1,6,"18, PEUPLIERS (RUE DES)",0.0,0.0