Num_Acc,jour,mois,an,hr,condition_eclairage,departement,commune,condition_agglomeration,intersection,condition_atmosphere,type_collision,adresse,lattitude,longitude
201500037608,22,6,15,19,1,92,12,2,1,2,6,"145, JEAN JAURES (BOULEV",0.0,0.0
201500037609,24,6,15,13,1,92,12,2,1,1,3,"61, PIERRE GRENIER (AVEN",0.0,0.0
201500037610,26,6,15,0,5,92,12,2,1,1,3,"80, REINE (ROUTE DE LA)",0.0,0.0
201500037611,26,6,15,10,1,92,12,2,1,1,4,"14, PIERRE GRENIER (AVEN",0.0,0.0
201500037612,26,6,15,15,1,92,12,2,1,1,2,"59, REINE (ROUTE DE LA)",0.0,0.0
201500037613,27,6,15,20,1,92,12,2,2,1,3,GENERAL LECLERC (AVENUE,0.0,0.0
201500037614,28,6,15,20,1,92,12,2,1,1,2,"64, REPUBLIQUE (BOULEVAR",0.0,0.0
201500037615,30,6,15,2,5,92,12,2,1,1,6,"1562, VIEUX PONT DE SEVR",0.0,0.0
201500037616,1,7,15,18,1,92,12,2,1,1,6,"257, JEAN JAURES (BOULEV",0.0,0.0
201500037617,2,7,15,0,4,92,12,2,1,1,2,"127, GALLIENI (RUE) 55/1",0.0,0.0
201500037618,2,7,15,17,1,92,12,2,1,1,6,"62, PIERRE GRENIER (AVEN",0.0,0.0
201500037619,3,7,15,6,1,92,12,2,1,1,3,"56, GEORGES GORSE (QUAI)",0.0,0.0
201500037620,3,7,15,21,2,92,12,2,1,1,5,"54 bis, EDOUARD VAILLANT",0.0,0.0
201500037621,6,7,15,6,1,92,12,2,1,1,2,"4, POINT DU JOUR (QUAI D",0.0,0.0
201500037622,7,7,15,11,1,92,12,2,1,1,3,"2, REPUBLIQUE (BOULEVARD",0.0,0.0
201500037623,10,7,15,1,5,92,12,2,1,1,2,"24, REINE (ROUTE DE LA)",0.0,0.0
201500037624,10,7,15,14,1,92,12,2,1,1,3,"8, ANDRE MORIZET (AVENUE",0.0,0.0
201500037625,21,7,15,17,1,92,12,2,1,1,2,"26, ANDRE MORIZET (AVENU",0.0,0.0
201500037626,21,7,15,21,1,92,12,2,1,1,3,"27, QUATRE SEPTEMBRE (QU",0.0,0.0
201500037627,22,7,15,20,1,92,12,2,1,1,3,"36, PIERRE GRENIER (AVEN",0.0,0.0
201500037628,23,7,15,8,1,92,12,2,1,1,7,"109, VICTOR HUGO (AVENUE",0.0,0.0
201500037629,25,7,15,19,1,92,12,2,1,1,4,"49, ALPHONSE LE GALLO (Q",0.0,0.0
201500037630,27,7,15,9,1,92,12,2,1,1,6,"48, ALPHONSE LE GALLO (Q",0.0,0.0
201500037631,26,7,15,19,1,92,12,2,2,1,3,GALLIENI (RUE) 1/53 - 2/,0.0,0.0
201500037632,29,7,15,21,1,92,12,2,1,1,6,"37, GENERAL LECLERC (AVE",0.0,0.0
201500037633,31,7,15,20,1,92,12,2,1,1,6,"79, JEAN BAPTISTE CLEMEN",0.0,0.0
201500037634,11,8,15,17,1,92,12,2,1,1,7,"45, ALPHONSE LE GALLO (Q",0.0,0.0
201500037635,13,8,15,8,1,92,12,2,3,1,3,QUATRE SEPTEMBRE (QUAI D,0.0,0.0
201500037636,16,8,15,11,1,92,12,2,1,1,6,"11, QUATRE SEPTEMBRE (QU",0.0,0.0
201500037637,18,8,15,13,1,92,12,2,1,1,2,"27, GENERAL LECLERC (AVE",0.0,0.0
201500037638,18,8,15,18,1,92,12,2,1,1,4,"79, EDOUARD VAILLANT (AV",0.0,0.0
201500037639,19,8,15,14,1,92,12,2,1,1,2,"33ter, EDOUARD VAILLANT",0.0,0.0
201500037640,20,8,15,0,5,92,12,2,6,2,2,RHIN ET DANUBE (ROND POI,0.0,0.0
201500037641,21,8,15,0,5,92,12,2,1,1,6,GENERAL LECLERC (AVENUE,0.0,0.0
201500037642,21,8,15,16,1,92,12,2,1,1,6,"93, REPUBLIQUE (BOULEVAR",0.0,0.0
201500037643,23,8,15,7,1,92,12,2,1,1,6,"29, GEORGES GORSE (QUAI)",0.0,0.0
201500037644,24,8,15,9,1,92,12,2,1,2,7,PONT DE SEVRES (ROND POI,0.0,0.0
201500037645,24,8,15,11,1,92,12,2,3,1,3,QUATRE SEPTEMBRE (QUAI D,0.0,0.0
201500037646,28,8,15,16,1,92,12,2,1,1,3,"52, REINE (ROUTE DE LA)",0.0,0.0
201500037647,28,8,15,18,1,92,12,2,1,1,3,"114-116, JEAN BAPTISTE C",0.0,0.0
201500037648,1,9,15,11,1,92,12,2,2,1,3,AGUESSEAU (RUE D') 1/89,0.0,0.0
201500037649,1,9,15,20,2,92,12,2,1,1,6,"1, DIAZ (RUE)",0.0,0.0
201500037650,2,9,15,11,1,92,12,2,2,1,6,GEORGES SOREL (RUE),0.0,0.0
201500037651,4,9,15,16,1,92,12,2,1,1,2,"7, ALPHONSE LE GALLO (QU",0.0,0.0
201500037652,5,9,15,19,1,92,12,2,1,1,2,"5, MARECHAL DE LATTRE DE",0.0,0.0
201500037653,9,9,15,8,1,92,12,2,1,1,6,EMILE ZOLA (RUE),0.0,0.0
201500037654,12,9,15,18,1,92,12,2,1,2,7,"115, REINE (ROUTE DE LA)",0.0,0.0
201500037655,14,9,15,10,1,92,12,2,3,2,3,VAUTHIER (RUE),0.0,0.0
201500037656,15,9,15,0,3,92,12,2,1,1,4,"125, REINE (ROUTE DE LA)",0.0,0.0
201500037657,16,9,15,9,1,92,12,2,1,5,6,"96, GENERAL LECLERC (AVE",0.0,0.0
201500037658,17,9,15,10,1,92,12,2,1,1,7,"1, BILLANCOURT (RUE DE)",0.0,0.0
201500037659,19,9,15,11,1,92,12,2,1,1,6,"14, ANDRE MORIZET (AVENU",0.0,0.0
201500037660,22,9,15,17,1,92,12,2,1,2,3,REPUBLIQUE (BOULEVARD DE,0.0,0.0
201500037661,24,9,15,17,1,92,12,2,1,1,6,"240, JEAN JAURES (BOULEV",0.0,0.0
201500037662,25,9,15,17,1,92,12,2,1,1,3,"1, PONT DE BILLANCOURT (",0.0,0.0
201500037663,28,9,15,2,5,92,12,2,1,1,7,"12, STALINGRAD (QUAI DE)",0.0,0.0
201500037664,28,9,15,14,1,92,12,2,1,1,6,"85, SILLY (RUE DE) 1/87",0.0,0.0
201500037665,28,9,15,21,5,92,12,2,1,1,6,"8, CHARLES DE GAULLE (AV",0.0,0.0
201500037666,30,9,15,11,1,92,12,2,1,1,7,"56, EDOUARD VAILLANT (AV",0.0,0.0
201500037667,30,9,15,18,1,92,12,2,1,1,6,"68, THIERS (RUE) 67/FIN",0.0,0.0
201500037668,1,10,15,7,1,92,12,2,2,1,3,"1, ANDRE MALRAUX (ROND P",0.0,0.0
201500037669,2,10,15,13,1,92,12,2,1,1,6,"8, PARCHAMP (RUE DU) 9BI",0.0,0.0
201500037670,5,10,15,22,5,92,12,2,2,2,6,"36, SILLY (RUE DE) 1/87",0.0,0.0
201500037671,6,10,15,14,1,92,12,2,1,1,6,"24, SILLY (RUE DE) 1/87",0.0,0.0
201500037672,6,10,15,10,1,92,12,2,1,2,1,"23, QUATRE SEPTEMBRE (QU",0.0,0.0
201500037673,6,10,15,18,5,92,12,2,1,1,5,"32, EDOUARD VAILLANT (AV",0.0,0.0
201500037674,7,10,15,14,1,92,12,2,2,1,6,JAURES/REINE,0.0,0.0
201500037675,8,10,15,16,1,92,12,2,1,1,3,"33, EDOUARD VAILLANT (AV",0.0,0.0
201500037676,7,10,15,14,1,92,12,2,1,1,6,"76, REPUBLIQUE (BOULEVAR",0.0,0.0
201500037677,9,10,15,12,1,92,12,2,1,1,2,"40 bis, TILLEULS (RUE DE",0.0,0.0
201500037678,9,10,15,14,1,92,12,2,1,1,2,"12, GENERAL LECLERC (AVE",0.0,0.0
201500037679,11,10,15,10,1,92,12,2,1,1,1,"38, GEORGES GORSE (QUAI)",0.0,0.0
201500037680,11,10,15,11,1,92,12,2,1,1,2,"21, STALINGRAD (QUAI DE)",0.0,0.0
201500037681,14,10,15,22,5,92,12,2,1,1,7,"1, ALFRED LAURANT (RUE)",0.0,0.0
201500037682,16,10,15,12,1,92,12,2,1,2,2,"1, EDOUARD VAILLANT (AVE",0.0,0.0
201500037683,16,10,15,15,1,92,12,2,2,2,3,"ANGLE, LE CORBUSIER (RUE",0.0,0.0
201500037684,16,10,15,15,1,92,12,2,2,1,6,"69bis, VICTOR HUGO (AVEN",0.0,0.0
201500037685,16,10,15,16,1,92,12,2,2,1,3,LE JOUR SE LEVE (AVENUE),0.0,0.0
201500037686,16,10,15,19,5,92,12,2,1,1,3,"9-13, REPUBLIQUE (BOULEV",0.0,0.0
201500037687,17,10,15,22,5,92,12,2,1,2,6,"1, GENERAL LECLERC (AVEN",0.0,0.0
201500037688,19,10,15,12,1,92,12,2,1,1,6,"90, REINE (ROUTE DE LA)",0.0,0.0
201500037689,19,10,15,11,1,92,12,2,1,1,3,"160, PARIS (RUE DE) 97BI",0.0,0.0
201500037690,22,10,15,6,5,92,12,2,2,2,3,VICTOR HUGO (AVENUE) 49/,0.0,0.0
201500037691,22,10,15,13,1,92,12,2,1,2,3,"219, GALLIENI (RUE) 1/53",0.0,0.0
201500037692,25,10,15,2,5,92,12,2,1,1,6,"26, MARECHAL DE LATTRE D",0.0,0.0
201500037693,27,10,15,13,1,92,12,2,1,1,6,"67, GENERAL LECLERC (AVE",0.0,0.0
201500037694,28,10,15,6,2,92,12,2,2,2,3,CHATEAU (RUE DU) 1/125 -,0.0,0.0
201500037695,31,10,15,8,2,92,12,2,1,1,6,"45, ALPHONSE LE GALLO (Q",0.0,0.0
201500037696,30,10,15,19,5,92,12,2,1,1,3,"3, REINE (ROUTE DE LA) 1",0.0,0.0
201500037697,9,11,15,19,5,92,12,2,1,1,3,"17, SILLY (RUE DE) 1/87",0.0,0.0
201500037698,2,11,15,21,5,92,12,2,1,1,3,"247 BIS, JEAN JAURES (BO",0.0,0.0
201500037699,3,11,15,1,5,92,12,2,1,1,6,JEAN BAPTISTE CLEMENT (A,0.0,0.0
201500037700,5,11,15,19,5,92,12,2,1,2,6,"1, PONT DE SEVRES (ROND",0.0,0.0
201500037701,7,11,15,15,1,92,12,2,1,1,3,"109, REINE (ROUTE DE LA)",0.0,0.0
201500037702,8,11,15,1,5,92,12,2,3,1,2,ALPHONSE LE GALLO (QUAI),0.0,0.0
201500037703,9,11,15,10,1,92,12,2,1,1,3,"3, YVES KERMEN (RUE) 3/4",0.0,0.0
201500037704,12,11,15,3,5,92,12,2,1,1,6,"35, ALPHONSE LE GALLO (Q",0.0,0.0
201500037705,14,11,15,14,1,92,12,2,1,1,6,"118, POINT DU JOUR (RUE",0.0,0.0
201500037706,16,11,15,20,5,92,12,2,1,2,6,"178, JEAN JAURES (BOULEV",0.0,0.0
201500037707,17,11,15,9,1,92,12,1,1,2,3,"72, JEAN BAPTISTE CLEMEN",0.0,0.0
201500037708,17,11,15,18,5,92,12,2,1,2,1,"9, JEAN BAPTISTE CLEMENT",0.0,0.0
201500037709,18,11,15,18,5,92,12,2,1,1,3,"65, PIERRE GRENIER (AVEN",0.0,0.0
201500037710,20,11,15,9,1,92,12,2,1,2,3,"87, PIERRE GRENIER (AVEN",0.0,0.0
201500037711,24,11,15,10,1,92,12,2,1,2,3,"37, YVES KERMEN (RUE) 3/",0.0,0.0
201500037712,24,11,15,10,1,92,12,2,1,2,6,"52, JEAN BAPTISTE CLEMEN",0.0,0.0
201500037713,25,11,15,12,1,92,12,2,1,8,7,"1, GEORGES GORSE (QUAI)",0.0,0.0
201500037714,25,11,15,12,1,92,12,2,1,8,6,"1, PARIS (RUE DE) 1/97 -",0.0,0.0
201500037715,25,11,15,21,5,92,12,2,1,2,6,"52, POINT DU JOUR (QUAI",0.0,0.0
201500037716,27,11,15,10,1,92,12,2,1,1,2,"27, GENERAL LECLERC (AVE",0.0,0.0
201500037717,27,11,15,9,1,92,12,2,1,1,6,"142, CHATEAU (RUE DU) 12",0.0,0.0
201500037718,28,11,15,21,5,92,12,2,2,1,3,CHARLES DE GAULLE (AVENU,0.0,0.0
201500037719,30,11,15,17,2,92,12,2,1,1,6,"18, DANJOU (RUE) 1/15 -",0.0,0.0
201500037720,1,12,15,11,1,92,12,2,1,1,6,"1, SILLY (RUE DE) 1/87 -",0.0,0.0
201500037721,1,12,15,14,1,92,12,2,1,1,4,"27, QUATRE SEPTEMBRE (QU",0.0,0.0
201500037722,2,12,15,15,1,92,12,2,1,1,3,"127, AGUESSEAU (RUE D')",0.0,0.0
201500037723,7,12,15,11,1,92,12,2,2,1,3,CARNOT (RUE),0.0,0.0
201500037724,16,12,15,23,5,92,12,2,1,1,6,"132, GALLIENI (RUE) 55/1",0.0,0.0
201500037725,17,12,15,18,5,92,12,2,1,1,5,"1, QUATRE SEPTEMBRE (QUA",0.0,0.0
201500037726,18,12,15,10,1,92,12,2,1,1,2,"38, GEORGES GORSE (QUAI)",0.0,0.0
201500037727,29,12,15,8,1,92,12,2,1,1,7,"11, JEAN JAURES (BOULEVA",0.0,0.0
201500037728,4,1,15,16,1,92,32,2,1,1,6,DORMOY MAX (AVENUE),0.0,0.0
201500037729,25,1,15,14,1,92,19,2,1,1,2,"72, SALENGRO ROGER (RUE)",0.0,0.0
201500037730,30,1,15,12,1,92,71,2,1,1,3,"13 bis, GENERAL DE GAULL",0.0,0.0
201500037731,12,2,15,16,1,92,19,2,1,1,6,"17, LONGUET CHARLES (RUE",0.0,0.0
201500037732,14,2,15,9,1,92,19,2,1,2,6,BOIS (AVENUE DU),0.0,0.0
201500037733,9,3,15,17,1,92,19,2,1,1,6,"48, DEPREUX EDOUARD (RUE",0.0,0.0
201500037734,9,3,15,20,5,92,19,2,1,8,3,"112, LECLERC DIVISION (A",0.0,0.0
201500037735,8,4,15,19,1,92,32,2,2,1,6,DOLIVET J ET M (AVENUE),0.0,0.0
201500037736,9,4,15,10,1,92,19,2,1,1,4,"340, DIVISION LECLERC (A",0.0,0.0
201500037737,12,4,15,16,1,92,19,2,1,1,6,"1, SELLIER HENRI (PLACE)",0.0,0.0
201500037738,14,4,15,11,1,92,19,2,1,1,3,"129, JAURES JEAN (RUE)",0.0,0.0
201500037739,15,4,15,15,1,92,71,2,1,1,6,"138, GENERAL LECLERC (AV",0.0,0.0
201500037740,21,4,15,8,1,92,19,2,6,1,6,VIGNES (GRANDE VOIE DES),0.0,0.0
201500037741,16,5,15,15,1,92,19,2,3,1,2,LECLERC DIVISION (AVENUE,0.0,0.0
201500037742,20,5,15,14,1,92,71,2,1,1,3,"138, HOUDAN (RUE)",0.0,0.0
201500037743,24,5,15,18,1,92,19,2,1,1,3,"418, LECLERC DIVISION (A",0.0,0.0
201500037744,29,5,15,16,1,92,19,2,1,1,6,"1, DE VINCI LEONARD (AVE",0.0,0.0
201500037745,2,6,15,9,1,92,32,2,1,1,3,"19 bis, LANGEVIN PAUL (A",0.0,0.0
201500037746,5,6,15,6,1,92,19,2,1,1,2,"143, SALENGRO ROGER (RUE",0.0,0.0
201500037747,9,6,15,18,1,92,71,2,3,1,3,QUATRES CHEMINS (AVENUE,0.0,0.0
201500037748,22,6,15,17,1,92,32,2,3,3,6,DORMOY MAX (AVENUE),0.0,0.0
201500037749,26,6,15,8,1,92,32,1,3,1,3,LOMBARD (AVENUE),0.0,0.0
201500037750,11,7,15,19,1,92,71,2,1,1,6,"47, ROUX DOCTEUR (RUE DU",0.0,0.0
201500037751,1,8,15,19,1,92,19,2,1,1,6,"153, DIVISION LECLERC (A",0.0,0.0
201500037752,10,8,15,15,1,92,32,2,1,1,7,"135, BOUCICAUT (RUE)",0.0,0.0
201500037753,27,8,15,21,5,92,71,2,3,3,3,VOLTAIRE (RUE),0.0,0.0
201500037754,6,9,15,11,1,92,71,2,1,1,2,"1, GENERAL LECLERC (AVEN",0.0,0.0
201500037755,10,9,15,12,1,92,19,2,1,1,6,SALENGRO ROGER (RUE),0.0,0.0
201500037756,27,9,15,19,1,92,19,1,1,1,7,"171, LECLERC DIVISION (A",0.0,0.0
201500037757,1,10,15,18,1,92,19,2,6,1,3,ALLENDE SALVATOR (CARREF,0.0,0.0
201500037758,2,10,15,8,1,92,32,2,1,1,6,"66, PLATEAU (RUE DU)",0.0,0.0
201500037759,2,10,15,17,1,92,19,2,1,1,4,"140, LECLERC DIVISION (A",0.0,0.0
201500037760,5,11,15,19,5,92,19,2,3,2,6,DIVISION LECLERC (AVENUE,0.0,0.0
201500037761,19,11,15,17,1,92,32,2,1,1,6,"23, LANGEVIN PAUL (AVENU",0.0,0.0
201500037762,2,12,15,23,5,92,19,2,1,1,6,"317, LECLERC DIVISION (A",0.0,0.0
201500037763,4,12,15,17,4,92,19,2,1,1,6,VIGNES (GRANDE VOIE DES),0.0,0.0
201500037764,9,12,15,13,1,92,19,2,6,1,2,LOUP PENDU CHEMIN),0.0,0.0
201500037765,20,12,15,0,5,92,71,2,6,1,3,"170, GENERAL LECLERC (AV",0.0,0.0
201500037766,8,1,15,19,5,92,23,2,3,2,3,"., NOUVELLE POSTE (ALLEE",0.0,0.0
201500037767,9,1,15,20,5,92,23,2,2,1,3,"., JEAN BAPTISTE CLEMENT",0.0,0.0
201500037768,16,1,15,18,5,92,23,2,2,3,3,"233, GENERAL DE GAULLE (",0.0,0.0
201500037769,24,1,15,12,1,92,23,2,1,1,3,"157, PORTE DE TRIVAUX (R",0.0,0.0
201500037770,28,1,15,17,5,92,23,2,3,3,6,"., PORTE DE TRIVAUX (RUE",0.0,0.0
201500037771,22,1,15,8,1,92,23,2,3,1,6,"., HENRI BARBUSSE (AVENU",0.0,0.0
201500037772,30,1,15,9,1,92,60,2,2,1,7,PAUL LANGEVIN (AVENUE) (,0.0,0.0
201500037773,2,2,15,8,1,92,23,2,1,4,7,"15, JEAN BAPTISTE CLEMEN",0.0,0.0
201500037774,5,2,15,19,5,92,23,2,1,1,6,"., ROUTE DE VERSAILLES",0.0,0.0
201500037775,9,2,15,12,1,92,23,2,1,1,4,"329, GENERAL DE GAULLE (",0.0,0.0
201500037776,10,2,15,7,1,92,60,2,2,1,6,"., PAUL LANGEVIN (AVENUE",0.0,0.0
201500037777,12,2,15,10,1,92,23,2,2,1,6,"1, VICTOR HUGO (AVENUE)",0.0,0.0
201500037778,13,2,15,8,1,92,23,2,1,1,3,"1 ter, CHATILLON (RUE DE",0.0,0.0
201500037779,13,2,15,14,1,92,23,2,1,1,6,"17, PIERRE LOUVRIER (RUE",0.0,0.0
201500037780,17,2,15,16,1,92,23,2,1,1,6,"138, GENERAL DE GAULLE (",0.0,0.0
201500037781,19,2,15,15,1,92,23,2,1,1,2,"., CLAUDE TREBIGNAUD (AV",0.0,0.0
201500037782,27,2,15,10,1,92,23,2,1,1,3,"461, GENERAL DE GAULLE (",0.0,0.0
201500037783,3,3,15,15,1,92,23,2,1,1,2,GENERAL DE GAULLE (AV DU,0.0,0.0
201500037784,9,3,15,18,1,92,60,2,1,1,2,"17, PAUL LANGEVIN (AVENU",0.0,0.0
201500037785,11,3,15,19,1,92,23,2,1,1,6,"92, JEAN JAURES (AVENUE)",0.0,0.0
201500037786,12,3,15,17,1,92,23,2,1,1,2,"38, MEUDON (RUE DE)",0.0,0.0
201500037787,13,3,15,10,1,92,23,2,1,1,2,"92, JEAN BAPTISTE CLEMEN",0.0,0.0
201500037788,17,3,15,16,1,92,23,1,1,1,6,MARQUIS (PLACE) SANS N?,0.0,0.0
201500037789,27,3,15,10,1,92,23,2,1,2,2,"157, PORTE DE TRIVAUX (R",0.0,0.0
201500037790,27,3,15,7,1,92,23,2,1,1,2,"80, PORTE DE TRIVAUX (RU",0.0,0.0
201500037791,26,3,15,18,1,92,23,2,1,2,5,PAVE BLANC (ROUTE DU) N?,0.0,0.0
201500037792,30,3,15,19,1,92,60,2,1,1,2,PAUL LANGEVIN (AVENUE) (,0.0,0.0
201500037793,31,3,15,20,5,92,60,2,1,1,2,"03, VICTOR VERNADAT (RUE",0.0,0.0
201500037794,1,4,15,10,1,92,23,2,1,1,7,"123, HENRI BARBUSSE (AVE",0.0,0.0
201500037795,4,4,15,17,1,92,23,2,1,1,6,VICTOR HUGO (AVENUE),0.0,0.0
201500037796,7,4,15,13,1,92,60,2,1,1,3,NEWTON (AVENUE),0.0,0.0
201500037797,8,4,15,15,1,92,23,2,1,1,2,HENRI BARBUSSE (AVENUE),0.0,0.0
201500037798,9,4,15,16,1,92,23,2,1,1,6,"27, PAUL VAILLANT COUTUR",0.0,0.0
201500037799,10,4,15,18,1,92,23,2,1,1,3,"1, FOSSE BAZIN (CHEMIN D",0.0,0.0
201500037800,15,4,15,19,1,92,23,2,1,1,3,", HENRI BARBUSSE (AVENUE",0.0,0.0
201500037801,17,4,15,12,1,92,60,2,1,1,2,"11, PAUL LANGEVIN (AVENU",0.0,0.0
201500037802,20,4,15,8,1,92,23,1,1,1,2,"01, CHAMPAGNE (RUE)",0.0,0.0
201500037803,21,4,15,19,1,92,23,2,1,1,6,"229, GENERAL DE GAULLE (",0.0,0.0
201500037804,22,4,15,9,1,92,60,2,1,1,2,"01, CHARLES DE GAULLE (P",0.0,0.0
201500037805,22,4,15,10,1,92,60,2,1,1,6,"1, PAUL LANGEVIN (AVENUE",0.0,0.0
201500037806,23,4,15,10,1,92,23,2,1,1,6,"01, GARE (PLACE DE LA)",0.0,0.0
201500037807,2,5,15,9,1,92,23,2,1,1,7,PLAINE (RUE DE LA),0.0,0.0
201500037808,6,5,15,19,1,92,23,2,1,1,7,", GARDE (PLACE DU) S101",0.0,0.0
201500037809,13,5,15,19,1,92,23,2,1,1,7,"01, CLAUDE TREBIGNAUD (A",0.0,0.0
201500037810,29,5,15,13,1,92,23,2,1,1,3,"05, PAUL VAILLANT COUTUR",0.0,0.0
201500037811,1,6,15,20,1,92,60,2,1,1,6,VICTOR VERNADAT (RUE) CO,0.0,0.0
201500037812,10,6,15,17,1,92,23,2,1,1,6,"01, ILE DE FRANCE (RUE D",0.0,0.0
201500037813,11,6,15,9,1,92,23,2,1,1,3,"115, GENERAL DE GAULLE (",0.0,0.0
201500037814,17,6,15,15,1,92,23,2,1,1,6,"07, PAUL VAILLANT COUTUR",0.0,0.0
201500037815,17,6,15,18,1,92,23,2,1,1,3,"367, GENERAL DE GAULLE (",0.0,0.0
201500037816,19,6,15,15,1,92,23,2,1,1,6,PORTE DE TRIVAUX (RUE DE,0.0,0.0
201500037817,19,6,15,18,1,92,23,2,1,1,3,"173, HENRI BARBUSSE (AVE",0.0,0.0
201500037818,23,6,15,15,1,92,60,2,1,1,6,"06, GRANDE RUE",0.0,0.0
201500037819,23,6,15,18,1,92,23,2,1,1,3,"05, BRETAGNE (RUE DE)",0.0,0.0
201500037820,24,6,15,11,1,92,23,2,1,1,3,"01, SYGRIE (AVENUE DE LA",0.0,0.0
201500037821,26,6,15,13,1,92,23,2,1,1,2,"81, HENRI BARBUSSE (AVEN",0.0,0.0
201500037822,30,6,15,9,1,92,23,2,1,1,7,"01, GENERAL EISENHOWER (",0.0,0.0
201500037823,26,6,15,16,1,92,23,2,1,1,6,"191, VICTOR HUGO (AVENUE",0.0,0.0
201500037824,2,7,15,16,1,92,23,2,1,1,6,"65, VIGNES (RUE DES)",0.0,0.0
201500037825,7,7,15,20,1,92,60,2,1,1,7,"22, LIBERATION (AVENUE D",0.0,0.0
201500037826,12,7,15,22,5,92,23,2,1,1,3,"01, PAVE BLANC (ROUTE DU",0.0,0.0
201500037827,15,7,15,15,1,92,60,2,1,1,6,"08TER, LEON BLUM (AVENUE",0.0,0.0
201500037828,18,7,15,13,1,92,23,2,1,1,6,"197, PORTE DE TRIVAUX (R",0.0,0.0
201500037829,20,7,15,7,2,92,60,2,1,8,6,"0, GRANDE RUE",0.0,0.0
201500037830,21,7,15,18,1,92,23,2,2,1,3,"0, SYGRIE (AVENUE DE LA)",0.0,0.0
201500037831,27,7,15,21,2,92,23,2,1,1,6,"1, HENRI BARBUSSE (AVENU",0.0,0.0
201500037832,29,7,15,8,1,92,23,2,1,1,6,"33, JEAN BAPTISTE CLEMEN",0.0,0.0
201500037833,25,7,15,12,1,92,23,2,1,1,6,PAUL VAILLANT COUTURIER,0.0,0.0
201500037834,20,8,15,8,1,92,23,2,1,2,7,"104, HENRI BARBUSSE (AVE",0.0,0.0
201500037835,9,8,15,22,5,92,23,2,1,1,6,"57, JEAN JAURES (AVENUE)",0.0,0.0
201500037836,24,8,15,18,1,92,23,2,1,2,3,"157, PORTE DE TRIVAUX (R",0.0,0.0
201500037837,24,8,15,17,1,92,23,2,1,2,3,"78, GENERAL EISENHOWER (",0.0,0.0
201500037838,29,8,15,12,1,92,23,2,1,1,3,"341, GENERAL DE GAULLE (",0.0,0.0
201500037839,31,8,15,18,1,92,23,2,2,1,3,"0, HENRI BARBUSSE (AVENU",0.0,0.0
201500037840,5,9,15,16,1,92,23,2,1,1,1,"01, REPUBLIQUE (AVENUE D",0.0,0.0
201500037841,10,9,15,13,1,92,23,2,2,1,3,HENRI BARBUSSE (AVENUE),0.0,0.0
201500037842,10,9,15,18,1,92,23,2,1,1,3,"233, GENERAL DE GAULLE (",0.0,0.0
201500037843,11,9,15,16,1,92,60,2,1,1,3,HUIT MAI 1945 (PLACE DU),0.0,0.0
201500037844,15,9,15,6,3,92,23,2,2,2,3,"0, GENERAL DE GAULLE (AV",0.0,0.0
201500037845,16,9,15,23,4,92,23,2,1,1,6,"141, RODIN (BOULEVARD)",0.0,0.0
201500037846,17,9,15,9,1,92,23,2,4,1,3,"154, AV V HUGO/ALL HUGO",0.0,0.0
201500037847,18,9,15,15,1,92,23,2,1,3,7,"93, PORTE DE TRIVAUX (RU",0.0,0.0
201500037848,26,9,15,14,1,92,60,2,1,1,2,"01, GALILEE (AVENUE)",0.0,0.0
201500037849,26,9,15,19,1,92,23,2,1,1,3,"340, GENERAL DE GAULLE (",0.0,0.0
201500037850,25,9,15,14,1,92,23,2,1,1,6,"215, GENERAL DE GAULLE (",0.0,0.0
201500037851,26,9,15,19,1,92,23,2,1,1,6,"11, ALBERT NEVEU (RUE)",0.0,0.0
201500037852,27,9,15,15,1,92,23,2,1,1,6,"01, RENE SAMUEL (AVENUE)",0.0,0.0
201500037853,27,9,15,22,5,92,60,2,1,1,2,"115, EDOUARD HERRIOT (AV",0.0,0.0
201500037854,29,9,15,9,1,92,23,2,1,1,1,"381, GENERAL DE GAULLE (",0.0,0.0
201500037855,30,9,15,16,1,92,60,2,2,1,3,HERRIOT/LANGEVIN,0.0,0.0
201500037856,30,9,15,9,1,92,23,2,1,1,7,", MOULIN DE LA TOUR (BOU",0.0,0.0
201500037857,1,10,15,13,1,92,23,2,1,1,6,"162, GENERAL DE GAULLE (",0.0,0.0
201500037858,4,10,15,14,1,92,23,2,1,1,6,"329, GENERAL DE GAULLE (",0.0,0.0
201500037859,6,10,15,11,1,92,23,2,2,2,6,"1, PAUL VAILLANT COUTURI",0.0,0.0
201500037860,18,11,15,17,5,92,23,2,2,1,3,"1, GENERAL DE GAULLE (AV",0.0,0.0
201500037861,27,10,15,20,5,92,23,2,2,2,6,"75, HENRI BARBUSSE (AVEN",0.0,0.0
201500037862,29,10,15,20,5,92,23,2,7,1,6,"138, PORTE DE TRIVAUX (R",0.0,0.0
201500037863,3,11,15,11,1,92,23,2,1,1,6,"0, ILE DE FRANCE (RUE DE",0.0,0.0
201500037864,5,11,15,15,1,92,60,2,1,1,3,"0, PAUL LANGEVIN (AVENUE",0.0,0.0
201500037865,6,11,15,15,1,92,23,2,1,1,6,"0, PICARDIE (RUE DE)",0.0,0.0
201500037866,7,11,15,13,1,92,23,2,1,1,2,"01, ANDREAS BECK (RUE)",0.0,0.0
201500037867,10,11,15,17,2,92,23,2,1,1,3,"01, MOULIN DE LA TOUR (B",0.0,0.0
201500037868,11,11,15,20,5,92,60,2,1,1,2,"01, PAUL LANGEVIN (AVENU",0.0,0.0
201500037869,11,11,15,15,1,92,23,2,1,1,6,"233, GENERAL DE GAULLE (",0.0,0.0
201500037870,10,11,15,7,2,92,60,2,1,1,6,"01, PAUL LANGEVIN (AVENU",0.0,0.0
201500037871,12,11,15,16,1,92,23,1,1,1,3,"87, HENRI BARBUSSE (AVEN",0.0,0.0
201500037872,13,11,15,8,1,92,23,2,1,1,7,"220, JEAN JAURES (AVENUE",0.0,0.0
201500037873,17,11,15,9,1,92,60,2,6,1,2,"0, PAUL LANGEVIN (AVENUE",0.0,0.0
201500037874,24,11,15,7,5,92,23,2,1,1,6,"462, GENERAL DE GAULLE (",0.0,0.0
201500037875,4,12,15,18,5,92,60,2,1,1,6,"01, EDOUARD HERRIOT (AVE",0.0,0.0
201500037876,7,12,15,18,5,92,23,2,3,1,6,GENERAL DE GAULLE (AV DU,0.0,0.0
201500037877,8,12,15,19,5,92,60,2,6,1,3,"01, CHARLES DE GAULLE (P",0.0,0.0
201500037878,4,12,15,17,5,92,23,2,1,1,7,"01, CLAUDE TREBIGNAUD (A",0.0,0.0
201500037879,26,11,15,6,5,92,23,2,1,2,7,"1, HEBERT (RUE)",0.0,0.0
201500037880,26,11,15,18,5,92,23,2,1,1,6,FLEURY (CARREFOUR DE) BO,0.0,0.0