Num_Acc,jour,mois,an,hr,condition_eclairage,departement,commune,condition_agglomeration,intersection,condition_atmosphere,type_collision,adresse,lattitude,longitude
201500037881,11,12,15,11,1,92,23,2,1,1,1,"15, HENRI BARBUSSE (AVEN",0.0,0.0
201500037882,17,12,15,10,1,92,60,2,1,1,6,"75, CHARLES DE GAULLE (A",0.0,0.0
201500037883,17,12,15,10,1,92,23,2,1,1,6,"5/9, CARNETS (RUE DES)",0.0,0.0
201500037884,17,12,15,12,1,92,23,2,1,1,6,HENRI BARBUSSE (AVENUE),0.0,0.0
201500037885,23,12,15,17,5,92,23,2,1,1,6,"0, VILLACOUBLAY (AVENUE",0.0,0.0
201500037886,23,12,15,19,5,92,23,2,1,1,5,"12, PAUL VAILLANT COUTUR",0.0,0.0
201500037887,25,7,15,14,1,92,24,2,2,1,6,"24, JEAN JAURES (BD) DE",0.0,0.0
201500037888,8,1,15,7,5,92,24,2,1,1,3,"72, JEAN JAURES (BD) DE",0.0,0.0
201500037889,16,1,15,9,1,92,24,2,3,1,2,"30, MOREL (RUE)",0.0,0.0
201500037890,21,1,15,18,1,92,24,2,1,1,6,"99, JEAN JAURES (BD) DE",0.0,0.0
201500037891,23,1,15,18,5,92,24,2,6,1,6,"1, REPUBLIQUE (PLACE DE",0.0,0.0
201500037892,30,1,15,14,1,92,24,2,1,1,6,"80, JEAN JAURES (BD) DE",0.0,0.0
201500037893,2,2,15,9,1,92,24,2,2,1,6,"8, GEORGES BOISSEAU (RUE",0.0,0.0
201500037894,2,2,15,12,1,92,24,2,2,1,3,"47, GENERAL LECLERC (BD",0.0,0.0
201500037895,4,2,15,15,1,92,24,2,1,1,6,"90, GENERAL ROGUET (RUE",0.0,0.0
201500037896,8,2,15,8,1,92,24,2,2,1,1,"50, GENERAL LECLERC (BD",0.0,0.0
201500037897,13,2,15,20,5,92,24,2,3,1,3,"128, VICTOR HUGO (BD)",0.0,0.0
201500037898,24,2,15,9,1,92,24,2,2,2,3,"24, MARTRE DE (4 A 54)",0.0,0.0
201500037899,7,3,15,3,5,92,24,2,6,1,6,"114, CLICHY (QUAI DE) DE",0.0,0.0
201500037900,9,3,15,21,5,92,24,2,1,1,3,"99, MARTRE DE (4 A 54)",0.0,0.0
201500037901,9,3,15,23,5,92,24,2,1,1,2,"64, MARTRE DE (4 A 54)",0.0,0.0
201500037902,11,3,15,20,5,92,24,2,3,1,3,"54-56, VICTOR HUGO (BD)",0.0,0.0
201500037903,12,3,15,16,1,92,24,2,2,1,3,"1, RUE DU 08 MAI 1945",0.0,0.0
201500037904,14,3,15,22,5,92,24,2,3,1,7,"1, DOCTEUR EMILE ROUX (R",0.0,0.0
201500037905,15,3,15,19,5,92,24,2,2,1,6,"42, GENERAL LECLERC (BD",0.0,0.0
201500037906,17,3,15,1,5,92,24,2,3,1,6,"83, HENRI BARBUSSE (RUE)",0.0,0.0
201500037907,18,3,15,13,1,92,24,2,2,1,3,"86, MARTRE (RUE) DE (59",0.0,0.0
201500037908,30,3,15,18,1,92,24,2,2,1,6,"5, CLAUDE DEBUSSY (AVENU",0.0,0.0
201500037909,31,3,15,18,1,92,24,2,1,1,6,"94, GENERAL LECLERC (RUE",0.0,0.0
201500037910,1,4,15,17,1,92,24,2,2,1,2,"85, JEAN JAURES (BD) DE",0.0,0.0
201500037911,2,4,15,18,1,92,24,2,2,1,3,"87, HENRI BARBUSSE (RUE)",0.0,0.0
201500037912,3,4,15,10,1,92,24,2,2,1,6,"46, GENERAL LECLERC (BD",0.0,0.0
201500037913,7,4,15,19,5,92,24,2,2,1,2,"46, GENERAL ROGUET (RUE",0.0,0.0
201500037914,10,4,15,10,1,92,24,2,6,1,3,"119, GENERAL LECLERC (RU",0.0,0.0
201500037915,20,4,15,20,5,92,24,2,2,1,2,"36, GENERAL LECLERC (BD",0.0,0.0
201500037916,29,4,15,17,1,92,24,2,1,1,2,"110, CLICHY (QUAI DE) DE",0.0,0.0
201500037917,30,4,15,14,1,92,24,2,1,1,6,"59, JEAN JAURES (BD) DE",0.0,0.0
201500037918,4,5,15,19,1,92,24,2,1,3,6,"63, MADAME DE SANZILLON",0.0,0.0
201500037919,6,5,15,17,1,92,24,2,1,1,6,"12, CHANCE MILLY (RUE)",0.0,0.0
201500037920,7,5,15,11,1,92,24,2,1,1,3,"1, ASNIERES (PONT D')",0.0,0.0
201500037921,15,5,15,9,1,92,24,2,1,1,6,"59, VILLENEUVE (RUE) DE",0.0,0.0
201500037922,17,5,15,11,1,92,24,2,2,1,6,"106, MARTRE (RUE) DE (59",0.0,0.0
201500037923,13,5,15,10,1,92,24,2,1,1,6,"21, JEAN JAURES (BD) DE",0.0,0.0
201500037924,19,5,15,12,1,92,24,2,6,1,2,"97, GENERAL ROGUET (RUE",0.0,0.0
201500037925,26,5,15,18,1,92,24,2,2,1,3,"64, MARTRE (RUE) DE (59",0.0,0.0
201500037926,26,5,15,20,1,92,24,2,1,1,6,"119, HENRI BARBUSSE (RUE",0.0,0.0
201500037927,29,5,15,1,5,92,24,2,4,1,6,"1, ASNIERES (ROUTE D')",0.0,0.0
201500037928,31,5,15,13,1,92,24,2,3,1,6,"1, JEAN JAURES (BD) DE (",0.0,0.0
201500037929,2,6,15,8,1,92,24,2,1,1,1,"28, FERNAND PELLOUTIER (",0.0,0.0
201500037930,2,6,15,17,1,92,24,2,1,1,3,"119, MARTRE (RUE) DE (11",0.0,0.0
201500037931,4,5,15,19,1,92,24,2,3,2,3,"1, ASNIERES (ROUTE D')",0.0,0.0
201500037932,6,6,15,10,1,92,24,2,1,1,3,"54, CLICHY (QUAI DE) DE",0.0,0.0
201500037933,8,6,15,18,1,92,24,2,1,1,3,"04, MADAME DE SANZILLON",0.0,0.0
201500037934,9,7,15,20,5,92,24,2,1,1,2,"140, MARTRE (RUE) DE (11",0.0,0.0
201500037935,15,5,15,9,1,92,24,2,1,1,3,"47, GEORGES BOISSEAU (RU",0.0,0.0
201500037936,16,6,15,18,5,92,24,2,1,1,7,"04, CLICHY (QUAI DE) DE",0.0,0.0
201500037937,9,6,15,10,1,92,24,2,3,1,3,"124, VICTOR HUGO (BD)",0.0,0.0
201500037938,11,6,15,11,1,92,24,2,3,1,7,"73, GENERAL LECLERC (RUE",0.0,0.0
201500037939,28,6,15,8,1,92,24,2,2,1,6,"24, LEON GAMBETTA (ALLEE",0.0,0.0
201500037940,28,6,15,0,5,92,24,2,1,1,3,"61, HENRI BARBUSSE (RUE)",0.0,0.0
201500037941,30,6,15,16,1,92,24,2,2,1,5,"1, PIERRE DREYFUS (RUE)",0.0,0.0
201500037942,1,7,15,9,1,92,24,2,2,1,5,"54, MARTRE DE (4 A 54)",0.0,0.0
201500037943,6,7,15,16,1,92,24,2,2,1,3,"9, PAUL SIGNAC (ALLEE)",0.0,0.0
201500037944,17,7,15,1,5,92,24,2,2,1,3,"22, LANDY (RUE DU) DE (2",0.0,0.0
201500037945,6,7,15,14,1,92,24,2,3,1,7,"142, MARTRE (RUE) DE (11",0.0,0.0
201500037946,19,7,15,19,1,92,24,2,2,1,7,"8, GEORGES BOISSEAU (RUE",0.0,0.0
201500037947,6,8,15,20,2,92,24,2,2,1,3,"7, ALSACE (RUE D') DE (1",0.0,0.0
201500037948,10,8,15,19,1,92,24,2,2,1,1,"110, MARTRE (RUE) DE (59",0.0,0.0
201500037949,17,8,15,7,1,92,24,2,2,1,3,"62, VILLEVEUVE (RUE) DE",0.0,0.0
201500037950,20,8,15,13,1,92,24,2,1,2,7,"2, GENERAL ROGUET (RUE D",0.0,0.0
201500037951,25,8,15,20,5,92,24,2,2,2,3,"23, GENERAL LECLERC (BD",0.0,0.0
201500037952,28,8,15,10,1,92,24,2,1,1,6,"1, LEON BLUM (RUE)",0.0,0.0
201500037953,3,8,15,21,2,92,24,2,3,1,4,"1, CLICHY (PONT DE)",0.0,0.0
201500037954,24,8,15,8,1,92,24,2,1,3,3,"69, GENERAL LECLERC (RUE",0.0,0.0
201500037955,9,9,15,9,1,92,24,2,2,1,6,"86, MARTRE (RUE) DE (59",0.0,0.0
201500037956,3,9,15,21,5,92,24,2,3,1,2,"60, MARTRE (RUE) DE (59",0.0,0.0
201500037957,11,9,15,8,1,92,24,2,1,1,6,"11, CASTERES (RUE)",0.0,0.0
201500037958,17,9,15,16,1,92,24,2,2,1,3,"34, HENRI BARBUSSE (RUE)",0.0,0.0
201500037959,18,9,15,8,1,92,24,2,1,1,3,"52, PIERRE BEREGOVOY (RU",0.0,0.0
201500037960,18,9,15,10,1,92,24,2,3,1,3,"200, CLICHY (QUAI DE) DE",0.0,0.0
201500037961,21,9,15,10,1,92,24,2,3,1,1,"1, ASNIERES (ROUTE D')",0.0,0.0
201500037962,23,9,15,22,5,92,24,2,6,1,3,"114, CLICHY (QUAI DE) DE",0.0,0.0
201500037963,24,9,15,14,1,92,24,2,1,1,6,"97, MARTRE (RUE) DE (59",0.0,0.0
201500037964,30,9,15,8,1,92,24,2,1,1,4,"13, LANDY (RUE DU) DE (1",0.0,0.0
201500037965,8,9,15,18,1,92,24,2,1,1,7,"57, VICTOR HUGO (BD)",0.0,0.0
201500037966,10,10,15,15,1,92,24,2,3,1,7,"141-143, VICTOR HUGO (BD",0.0,0.0
201500037967,16,10,15,16,1,92,24,2,2,1,3,"78, VICTOR HUGO (BD)",0.0,0.0
201500037968,21,10,15,21,5,92,24,2,2,2,3,"8, MARTISSOT (RUE)",0.0,0.0
201500037969,24,10,15,17,1,92,24,2,1,1,4,"124, JEAN JAURES (BD) DE",0.0,0.0
201500037970,31,10,15,14,1,92,24,2,1,1,2,"1, CLICHY (PONT DE)",0.0,0.0
201500037971,14,10,15,10,1,92,24,2,2,1,2,"102, JEAN JAURES (BD) DE",0.0,0.0
201500037972,3,11,15,16,1,92,24,2,2,1,6,"68, HENRI BARBUSSE (RUE)",0.0,0.0
201500037973,6,11,15,19,5,92,24,2,1,2,6,"83, JEAN JAURES (BD) DE",0.0,0.0
201500037974,8,11,15,6,5,92,24,2,2,1,3,"69, MARTRE (RUE) DE (59",0.0,0.0
201500037975,17,11,15,8,2,92,24,2,1,2,4,"1, CLICHY (PONT DE)",0.0,0.0
201500037976,17,11,15,16,1,92,24,2,1,1,6,"30, GEORGES BOISSEAU (RU",0.0,0.0
201500037977,17,11,15,18,5,92,24,2,1,2,5,"108, MARTRE (RUE) DE (59",0.0,0.0
201500037978,18,11,15,17,2,92,24,2,1,1,6,"14, SIMONNEAU (RUE)",0.0,0.0
201500037979,4,12,15,9,1,92,24,1,3,1,6,"72, VICTOR HUGO (BD)",0.0,0.0
201500037980,16,11,15,13,1,92,24,2,3,1,6,"65, VICTOR HUGO (BD)",0.0,0.0
201500037981,8,12,15,14,1,92,24,2,1,3,3,"101, MARTRE (RUE) DE (59",0.0,0.0
201500037982,16,12,15,17,1,92,24,2,2,1,6,"45, JEAN JAURES (BD) DE",0.0,0.0
201500037983,5,12,15,12,1,92,24,2,1,1,6,"20, CHARLES ET RENE AUFF",0.0,0.0
201500037984,21,12,15,17,5,92,24,2,1,3,6,"10, REPUBLIQUE (PLACE DE",0.0,0.0
201500037985,24,12,15,11,1,92,24,2,3,1,3,"112, VICTOR HUGO (BD)",0.0,0.0
201500037986,20,12,15,12,1,92,24,2,1,1,7,"159, JEAN JAURES (BD) DE",0.0,0.0
201500037987,9,1,15,13,1,92,25,2,1,1,6,"0, PAUL BERT (RUE)",0.0,0.0
201500037988,11,1,15,0,5,92,25,2,2,1,3,"0, G.GRES<> 150 A 190 &",0.0,0.0
201500037989,12,1,15,13,1,92,25,2,2,1,6,DE GAULLE/GRES,0.0,0.0
201500037990,13,1,15,9,1,92,25,2,1,1,6,"0, PRESIDENT SALVADOR AL",0.0,0.0
201500037991,12,1,15,14,1,92,25,2,9,1,3,"20, EUROPE (AV DE L')",0.0,0.0
201500037992,20,1,15,9,1,92,25,2,2,1,6,BOURNARD (RUE DU),0.0,0.0
201500037993,23,1,15,22,5,92,25,2,2,1,7,"65, PAUL BERT (RUE)",0.0,0.0
201500037994,27,1,15,9,1,92,25,2,1,1,2,"21, GABRIEL PERI (RUE)",0.0,0.0
201500037995,29,1,15,18,2,92,25,2,1,2,6,"0, BOURNARD (RUE DU)",0.0,0.0
201500037996,3,2,15,9,1,92,25,2,1,1,6,"117, CHAMPARONS & (PETIT",0.0,0.0
201500037997,3,2,15,19,5,92,25,2,2,1,6,"77, BOURNARD (RUE DU)",0.0,0.0
201500037998,5,2,15,10,1,92,25,2,2,1,6,"2, GAMBETTA (BD)",0.0,0.0
201500037999,5,2,15,11,1,92,25,2,1,1,7,"555, GABRIEL PERI (RUE)",0.0,0.0
201500038000,5,2,15,20,1,92,25,2,2,1,2,"0, CHARLES DE GAULLE (BD",0.0,0.0
201500038001,6,2,15,12,1,92,25,2,2,1,6,"155, HENRI BARBUSSE (AV)",0.0,0.0
201500038002,28,1,15,15,1,92,25,2,1,2,3,"96, HENRI BARBUSSE (AV)",0.0,0.0
201500038003,6,2,15,21,5,92,25,2,3,1,6,FERRY/LEGE,0.0,0.0
201500038004,9,2,15,6,5,92,25,2,2,1,3,"0, PAUL BERT (RUE)",0.0,0.0
201500038005,11,2,15,10,1,92,25,2,1,1,6,"454, GABRIEL PERI (RUE)",0.0,0.0
201500038006,11,2,15,14,1,92,25,2,1,1,7,"35, EUROPE (AV DE L')",0.0,0.0
201500038007,14,2,15,19,1,92,25,2,1,1,6,"55, GABRIEL PERI (RUE)",0.0,0.0
201500038008,7,2,15,19,5,92,25,2,1,1,6,"0, CHARLES DE GAULLE (BD",0.0,0.0
201500038009,19,2,15,14,1,92,25,2,1,1,2,"0, EUROPE (AV DE L')",0.0,0.0
201500038010,21,2,15,19,5,92,25,2,2,1,3,"0, KLEBER (AV)",0.0,0.0
201500038011,20,2,15,14,1,92,25,2,1,2,6,"12, VALMY (BD DE)",0.0,0.0
201500038012,25,2,15,12,1,92,25,2,1,2,7,"220, ESTIENNE D'ORVES (R",0.0,0.0
201500038013,26,2,15,8,1,92,25,2,1,2,7,"17, HENRI LITTOLFF N? PA",0.0,0.0
201500038014,4,3,15,19,5,92,25,2,1,1,6,"22, GABRIEL PERI (RUE)",0.0,0.0
201500038015,4,3,15,11,1,92,25,2,1,1,6,"28, EGALITE (RUE DE L')",0.0,0.0
201500038016,13,3,15,12,1,92,25,2,1,1,3,"308, PRESIDENT SALVADOR",0.0,0.0
201500038017,9,3,15,15,1,92,25,2,3,1,3,"0, METZ (RUE DE)",0.0,0.0
201500038018,14,3,15,20,5,92,25,2,1,1,2,"0, CHARLES DE GAULLE (BD",0.0,0.0
201500038019,16,3,15,8,1,92,25,2,1,1,3,"76, BOURNARD (RUE DU)",0.0,0.0
201500038020,17,3,15,8,1,92,25,2,2,1,3,"20, VALMY (BD DE)",0.0,0.0
201500038021,23,3,15,8,1,92,25,2,2,1,6,"0, PAUL BERT (RUE)",0.0,0.0
201500038022,23,3,15,9,1,92,25,2,1,1,3,"0, BOURNARD (RUE DU)",0.0,0.0
201500038023,24,3,15,22,5,92,25,2,3,2,6,"0, G.GRES<>2 A 148 & 1 A",0.0,0.0
201500038024,28,3,15,13,1,92,25,2,5,1,6,"94, MARCEAU (BD)",0.0,0.0
201500038025,31,3,15,19,1,92,25,2,2,1,3,"0, BOURNARD (RUE DU)",0.0,0.0
201500038026,5,4,15,16,1,92,25,2,1,1,3,"27, STALINGRAD (AV DE)",0.0,0.0
201500038027,6,4,15,19,1,92,25,2,1,1,1,"146, VOIES DU BOIS (RUE",0.0,0.0
201500038028,6,4,15,20,1,92,25,2,1,1,6,"51, VICTOR HUGO (AV.VILL",0.0,0.0
201500038029,7,4,15,17,1,92,25,2,1,1,6,"18, HENRI BARBUSSE (AV)",0.0,0.0
201500038030,8,4,15,6,5,92,25,2,2,1,3,"0, VALMY (BD DE)",0.0,0.0
201500038031,10,4,15,9,1,92,25,2,3,1,1,"76, HENRI BARBUSSE (AV)",0.0,0.0
201500038032,10,4,15,12,1,92,25,2,1,1,7,"0, ROUTE DU PORT DE PARI",0.0,0.0
201500038033,11,4,15,11,1,92,25,2,1,1,3,"73, PAUL BERT (RUE)",0.0,0.0
201500038034,11,4,15,17,1,92,25,2,2,2,2,"49, EUROPE (AV DE L')",0.0,0.0
201500038035,14,4,15,20,1,92,25,2,2,1,3,"0, VALMY (BD DE)",0.0,0.0
201500038036,21,2,15,20,5,92,25,2,1,1,7,"0, EGALITE (RUE DE L')",0.0,0.0
201500038037,28,4,15,17,1,92,25,2,2,1,7,"0, LABOURET (RUE)",0.0,0.0
201500038038,2,4,15,12,1,92,25,2,3,2,7,"49, PROGRES (RUE DU)",0.0,0.0
201500038039,5,5,15,10,1,92,25,2,2,2,3,"77, PAUL BERT (RUE)",0.0,0.0
201500038040,12,5,15,15,1,92,25,2,2,1,3,"0, LABOURET (RUE)",0.0,0.0
201500038041,19,5,15,12,1,92,25,2,2,1,3,"0, GAMBETTA (BD)",0.0,0.0
201500038042,29,5,15,9,1,92,25,2,1,1,6,"151, PRESIDENT SALVADOR",0.0,0.0
201500038043,29,5,15,17,1,92,25,2,1,1,6,"357/359, ESTIENNE D'ORVE",0.0,0.0
201500038044,1,6,15,10,1,92,25,2,1,1,6,"0, BUFFON (RUE)",0.0,0.0
201500038045,1,6,15,19,1,92,25,2,1,1,3,"34, JEAN JACQUES ROUSSEA",0.0,0.0
201500038046,4,6,15,7,1,92,25,2,1,1,3,"555, GABRIEL PERI (RUE)",0.0,0.0
201500038047,8,6,15,17,1,92,25,2,1,1,6,"137, STALINGRAD (AV DE)",0.0,0.0
201500038048,8,6,15,20,1,92,25,2,3,1,6,"105, VALMY (BD DE)",0.0,0.0
201500038049,10,6,15,19,1,92,25,2,1,1,1,"50, STALINGRAD (AV DE)",0.0,0.0
201500038050,12,6,15,15,1,92,25,2,1,1,6,"1, EUROPE (AV DE L')",0.0,0.0
201500038051,19,6,15,0,5,92,25,2,2,1,3,"0, MOSLARD (RUE)",0.0,0.0
201500038052,22,6,15,11,1,92,25,2,1,1,6,"0, BOURNARD (RUE DU)",0.0,0.0
201500038053,26,6,15,16,1,92,25,2,1,1,1,"175, STALINGRAD (AV DE)",0.0,0.0
201500038054,27,6,15,16,1,92,25,2,1,1,3,"115, STALINGRAD (AV DE)",0.0,0.0
201500038055,28,6,15,17,1,92,25,2,2,1,3,", GABRIEL PERI (RUE)",0.0,0.0
201500038056,7,7,15,12,1,92,25,2,1,1,3,"312, GABRIEL PERI (RUE)",0.0,0.0
201500038057,6,7,15,18,1,92,25,1,1,1,3,PAUL BERT (RUE),0.0,0.0
201500038058,9,7,15,10,1,92,25,2,1,1,2,"0, VERDUN (RUE DE)",0.0,0.0
201500038059,13,7,15,21,2,92,25,2,1,1,7,"125, MARECHAL JOFFRE (RU",0.0,0.0
201500038060,17,7,15,11,1,92,25,1,1,1,6,GABRIEL PERI (RUE),0.0,0.0
201500038061,18,7,15,11,1,92,25,2,1,1,6,"VIS A VIS, CHARLES DE GA",0.0,0.0
201500038062,27,7,15,16,1,92,25,2,1,1,3,PAUL BERT (RUE),0.0,0.0
201500038063,28,7,15,7,2,92,25,2,3,1,3,"0, GABRIEL PERI (RUE)",0.0,0.0
201500038064,8,8,15,13,1,92,25,2,1,1,6,"0, CHARLES DE GAULLE (BD",0.0,0.0
201500038065,14,8,15,0,5,92,25,2,3,2,3,"0, CHARLES DE GAULLE (BD",0.0,0.0
201500038066,30,7,15,13,1,92,25,2,1,1,2,"0, GABRIEL PERI (RUE)",0.0,0.0
201500038067,20,8,15,10,1,92,25,1,2,2,6,"0, CHARLES DE GAULLE (BD",0.0,0.0
201500038068,3,9,15,17,1,92,25,2,1,1,3,"0, FRATERNITE (RUE DE LA",0.0,0.0
201500038069,4,9,15,0,5,92,25,2,1,1,1,"0, GABRIEL PERI (RUE)",0.0,0.0
201500038070,4,9,15,15,1,92,25,2,2,1,3,"0, PAUL BERT (RUE)",0.0,0.0
201500038071,7,9,15,9,1,92,25,2,1,1,5,"0, HENRI BARBUSSE (AV)",0.0,0.0
201500038072,11,9,15,21,5,92,25,2,2,1,3,"0, PAUL BERT (RUE)",0.0,0.0
201500038073,5,7,15,20,1,92,25,2,1,1,6,PBERT  ST YVES DU MANOIR,0.0,0.0
201500038074,19,9,15,15,1,92,25,1,1,1,3,"36, EDGARD QUINET (BD)",0.0,0.0
201500038075,19,9,15,19,1,92,25,2,1,1,3,"1, CHARLES DE GAULLE (BD",0.0,0.0
201500038076,23,9,15,16,1,92,25,2,1,1,6,"87, VARSOVIE (RUE DE)",0.0,0.0
201500038077,24,9,15,16,1,92,25,2,1,1,6,", CHARLES DE GAULLE (BD)",0.0,0.0
201500038078,25,9,15,16,1,92,25,2,1,1,6,"0, COMMERCE (RUE DU)",0.0,0.0
201500038079,27,9,15,21,5,92,25,2,1,1,3,"24, VALMY (BD DE)",0.0,0.0
201500038080,29,9,15,10,1,92,25,2,2,1,3,"0, GABRIEL PERI (RUE)",0.0,0.0
201500038081,29,9,15,8,1,92,25,2,1,1,2,"178, RENOUILLERS  (RUE D",0.0,0.0
201500038082,30,9,15,8,1,92,25,2,2,1,3,"0, PAUL BERT (RUE)",0.0,0.0
201500038083,30,9,15,14,1,92,25,2,1,1,2,"0, PONT DE BEZONS",0.0,0.0
201500038084,5,10,15,17,1,92,25,2,1,2,6,"130, CHARLES DE GAULLE (",0.0,0.0
201500038085,8,10,15,0,3,92,25,2,1,1,3,"0, CHARLES DE GAULLE (BD",0.0,0.0
201500038086,8,10,15,16,1,92,25,2,1,1,3,"5, GABRIEL PERI (RUE)",0.0,0.0
201500038087,9,10,15,11,1,92,25,2,2,1,3,"0, GENERAL LECLERC (PLAC",0.0,0.0
201500038088,10,10,15,23,5,92,25,2,1,1,1,"57, COLBERT <> 55 A 113",0.0,0.0
201500038089,10,10,15,14,1,92,25,2,1,1,7,"86, VARSOVIE (RUE DE)",0.0,0.0
201500038090,10,10,15,15,1,92,25,1,2,1,3,"0, A86",0.0,0.0
201500038091,12,10,15,16,1,92,25,1,1,1,3,"0, CHARLES DE GAULLE (BD",0.0,0.0
201500038092,12,10,15,19,2,92,25,2,1,1,2,"0, PIERRE BADUEL (RUE)",0.0,0.0
201500038093,13,10,15,8,1,92,25,2,1,1,6,"86, SOLFERINO (RUE & AV)",0.0,0.0
201500038094,18,10,15,18,1,92,25,2,1,8,6,"88, HOCHE (RUE)",0.0,0.0
201500038095,13,10,15,19,1,92,25,2,1,1,3,"153, HENRI BARBUSSE (AV)",0.0,0.0
201500038096,9,10,15,18,5,92,25,2,2,1,3,"0, MARCELIN BERTHELOT (R",0.0,0.0
201500038097,14,10,15,15,1,92,25,2,9,1,6,"0, BOURNARD (RUE DU)",0.0,0.0
201500038098,28,10,15,18,1,92,25,2,1,1,2,"81, AGENT SARRE (AV DE L",0.0,0.0
201500038099,16,10,15,7,2,92,25,2,1,3,6,"155, HENRI BARBUSSE (AV)",0.0,0.0
201500038100,22,10,15,22,5,92,25,2,1,1,2,"130, C.DE G.> 130 & 1103",0.0,0.0
201500038101,14,10,15,22,5,92,25,2,2,1,5,"0, CHARLES DE GAULLE (BD",0.0,0.0
201500038102,24,10,15,18,1,92,25,2,2,1,6,"0, CHARLES DE GAULLE (BD",0.0,0.0
201500038103,2,11,15,22,5,92,25,2,3,1,3,"0, STALINGRAD (AV DE)",0.0,0.0
201500038104,5,11,15,10,1,92,25,2,1,1,6,"74, BOURNARD (RUE DU)",0.0,0.0
201500038105,6,11,15,15,1,92,25,2,1,1,6,"05, GABRIEL PERI (RUE)",0.0,0.0
201500038106,6,11,15,18,5,92,25,2,2,1,6,"0, AUDRA (AV)",0.0,0.0
201500038107,6,11,15,22,5,92,25,2,1,1,7,"41, DENIS PAPIN (RUE)",0.0,0.0
201500038108,8,11,15,21,4,92,25,2,1,1,6,"109, ESTIENNE D'ORVES (R",0.0,0.0
201500038109,10,11,15,21,5,92,25,2,2,1,1,"0, HENRI LITTOLFF N° PAI",0.0,0.0
201500038110,12,11,15,9,1,92,25,2,1,1,6,"59, E.D'ORVES <>2A198 &",0.0,0.0
201500038111,19,11,15,15,1,92,25,2,1,1,6,"20, EUROPE (AV DE L')",0.0,0.0
201500038112,20,11,15,7,5,92,25,2,1,2,1,"123, VALMY (BD DE)",0.0,0.0
201500038113,20,11,15,18,4,92,25,2,1,2,7,"33, E.D'ORVES <>2A198 &",0.0,0.0
201500038114,20,11,15,14,1,92,25,2,1,1,6,"0, COTES D'AUTY (RUE DES",0.0,0.0
201500038115,23,11,15,17,5,92,25,1,1,1,6,"238, E.D'ORVES <>200A328",0.0,0.0
201500038116,9,10,15,23,5,92,25,2,3,1,1,"0, CUGNET (RUE)",0.0,0.0
201500038117,18,11,15,8,1,92,25,2,1,1,6,"28, STALINGRAD (AV DE)",0.0,0.0
201500038118,2,12,15,13,1,92,25,2,1,1,6,"137, STALINGRAD (AV DE)",0.0,0.0
201500038119,2,12,15,18,5,92,25,2,1,1,3,"254, RENOUILLERS  (RUE D",0.0,0.0
201500038120,3,12,15,8,2,92,25,2,2,1,3,", GABRIEL PERI (RUE)",0.0,0.0
201500038121,3,12,15,21,5,92,25,1,2,1,6,"0, STALINGRAD (AV DE)",0.0,0.0
201500038122,6,12,15,17,1,92,25,2,1,1,6,"0, PARC DEPARTEMENTAL",0.0,0.0
201500038123,8,12,15,3,5,92,25,2,1,1,7,"185, PDT S.ALLENDE> 278",0.0,0.0
201500038124,8,12,15,14,1,92,25,2,2,3,3,"0, AGRICULTURE (RUE DE L",0.0,0.0
201500038125,8,12,15,14,1,92,25,2,1,2,3,"1, CHARLES DE GAULLE (BD",0.0,0.0
201500038126,8,12,15,18,2,92,25,2,1,1,6,"0, STALINGRAD (AV DE)",0.0,0.0
201500038127,9,12,15,19,5,92,25,2,3,1,3,"0, STALINGRAD (AV DE)",0.0,0.0
201500038128,15,12,15,18,5,92,25,2,3,2,6,"0, TAILLADE (RUE)",0.0,0.0
201500038129,16,12,15,11,1,92,25,2,1,1,6,"38, FELIX FAURE (RUE)",0.0,0.0
201500038130,17,12,15,22,5,92,25,2,3,1,3,"0, HOCHE (RUE)",0.0,0.0
201500038131,18,12,15,13,1,92,25,2,1,1,6,"9, VALMY (BD DE)",0.0,0.0
201500038132,24,12,15,14,1,92,2,2,1,1,3,,0.0,0.0
201500038133,22,12,15,13,1,92,25,2,1,1,7,"15, CHARLES DE GAULLE (B",0.0,0.0
201500038134,23,12,15,13,1,92,25,2,2,1,6,"0, CHARLES DE GAULLE (BD",0.0,0.0
201500038135,24,12,15,21,5,92,25,2,1,1,6,STALINGRAD (AV DE),0.0,0.0
201500038136,26,12,15,15,1,92,25,2,1,1,3,"0, KLEBER (AV)",0.0,0.0
201500038137,2,1,15,17,5,92,26,2,1,1,3,"34 BIS, MARCEAU",0.0,0.0
201500038138,7,1,15,20,5,92,26,2,3,1,3,"63, GAMBETTA",0.0,0.0
201500038139,11,1,15,12,1,92,26,2,6,1,7,VICTOR HUGO (PLACE,0.0,0.0
201500038140,11,1,15,14,1,92,26,2,1,9,6,"83, JOFFRE ( DE 52 A FIN",0.0,0.0
201500038141,15,1,15,18,2,92,26,2,3,1,6,PR?SIDENT PAUL DOUMER (Q,0.0,0.0
201500038142,16,1,15,17,2,92,26,2,5,1,6,VERDUN (DE 01 A 61),0.0,0.0
201500038143,21,1,15,7,2,92,26,2,2,1,3,MARCEAU,0.0,0.0
201500038144,22,1,15,15,1,92,26,2,6,1,7,BELGIQUE ( PLACE DE ),0.0,0.0
201500038145,24,1,15,21,5,92,26,2,1,1,2,"26, PAIX",0.0,0.0
201500038146,27,1,15,12,1,92,26,2,1,1,1,"20, PRESIDENT KRUGER",0.0,0.0
201500038147,4,2,15,8,5,92,26,2,3,1,3,MARCEAU,0.0,0.0
201500038148,6,2,15,20,5,92,26,2,1,1,4,"103, MARECHAL JOFFRE (QU",0.0,0.0
201500038149,6,2,15,12,1,92,26,2,1,1,6,"14, LOUVAIN",0.0,0.0
201500038150,13,2,15,17,1,92,26,2,1,2,6,"72, VERDUN (DE 62 A FIN)",0.0,0.0
201500038151,14,2,15,16,1,92,26,2,1,1,6,"08, BAUDIN",0.0,0.0
201500038152,16,2,15,10,1,92,26,2,1,1,3,"114, VERDUN (DE 62 A FIN",0.0,0.0
201500038153,19,2,15,9,1,92,26,2,1,1,6,"10, LOUIS BLANC ( RUE )",0.0,0.0
201500038154,20,2,15,17,5,92,26,2,1,2,6,"02, H?TEL DE VILLE (RUE)",0.0,0.0
201500038155,20,2,15,14,1,92,2,2,1,1,6,14 BD DE LA MISSION MARC,0.0,0.0
201500038156,23,2,15,12,1,92,26,2,1,9,2,"76, GAMBETTA",0.0,0.0
201500038157,25,2,15,8,1,92,26,2,1,1,6,"58, COLOMBES",0.0,0.0
201500038158,3,3,15,20,5,92,26,2,1,1,2,"82-84, MARECHAL JOFFRE (",0.0,0.0
201500038159,9,3,15,18,1,92,26,2,1,1,3,"02, GAMBETTA",0.0,0.0