Num_Acc,jour,mois,an,hr,condition_eclairage,departement,commune,condition_agglomeration,intersection,condition_atmosphere,type_collision,adresse,lattitude,longitude
201500038160,9,3,15,7,1,92,26,2,1,1,7,"01, COLOMBES",0.0,0.0
201500038161,10,3,15,8,1,92,26,2,2,1,3,SABLI?RE,0.0,0.0
201500038162,13,3,15,2,5,92,26,2,1,1,7,"89, VICTOR HUGO (DE 47 A",0.0,0.0
201500038163,13,3,15,21,5,92,26,2,6,1,3,BELGIQUE ( PLACE DE ),0.0,0.0
201500038164,17,3,15,8,1,92,26,2,1,1,6,"19, MARCEAU",0.0,0.0
201500038165,22,3,15,17,1,92,26,2,2,1,2,VERDUN (DE 01 A 61),0.0,0.0
201500038166,27,3,15,20,5,92,26,2,1,1,7,"47, MISSION MARCHAND (CO",0.0,0.0
201500038167,25,3,15,10,1,92,26,2,1,1,6,"51, VICTOR HUGO (DE 47 A",0.0,0.0
201500038168,2,4,15,10,1,92,26,2,1,2,7,"27, GEORGES CLEMENCEAU",0.0,0.0
201500038169,7,4,15,9,1,92,26,2,1,1,7,"6-8, GEORGES CLEMENCEAU",0.0,0.0
201500038170,8,4,15,11,1,92,26,2,3,1,6,"----------, VICTOR HUGO",0.0,0.0
201500038171,12,4,15,12,1,92,26,2,1,1,7,"25, BAUDIN",0.0,0.0
201500038172,13,4,15,4,5,92,26,2,3,1,7,"21, COLOMBES",0.0,0.0
201500038173,13,4,15,9,1,92,26,2,1,1,3,"17, VERDUN (DE 01 A 61)",0.0,0.0
201500038174,25,4,15,21,2,92,26,2,1,1,7,"4, 11 NOVEMBRE ( AVENUE",0.0,0.0
201500038175,15,4,15,7,1,92,26,2,1,1,3,"199, SAINT DENIS BD (120",0.0,0.0
201500038176,23,4,15,8,1,92,26,2,3,1,3,VERDUN (DE 62 A FIN),0.0,0.0
201500038177,11,5,15,17,1,92,26,2,1,1,6,MARECHAL JOFFRE (QUAI DU,0.0,0.0
201500038178,12,5,15,12,1,92,26,2,1,1,6,"61, VERDUN (DE 01 A 61)",0.0,0.0
201500038179,14,5,15,17,1,92,26,2,2,1,7,BEZONS (DE 23 A FIN),0.0,0.0
201500038180,17,5,15,6,2,92,26,2,1,1,6,"88, GAMBETTA",0.0,0.0
201500038181,20,5,15,11,1,92,26,2,1,1,2,"266, SAINT DENIS BD (120",0.0,0.0
201500038182,22,5,15,17,1,92,26,2,1,1,6,"182, SAINT DENIS BD (120",0.0,0.0
201500038183,27,5,15,14,1,92,26,2,3,1,6,"1, INDUSTRIE (RUE DE L')",0.0,0.0
201500038184,1,6,15,16,1,92,26,2,2,1,4,"112, VERDUN (DE 62 A FIN",0.0,0.0
201500038185,3,6,15,8,1,92,26,2,2,1,6,ALMA,0.0,0.0
201500038186,2,6,15,9,1,92,26,2,2,1,3,BAUDIN,0.0,0.0
201500038187,2,6,15,17,1,92,26,2,1,1,4,"11, BEZONS  (DE 01 A 22)",0.0,0.0
201500038188,3,6,15,16,1,92,26,2,2,1,3,MARCEAU,0.0,0.0
201500038189,3,6,15,17,1,92,26,2,4,1,3,"97, MARCEAU",0.0,0.0
201500038190,4,6,15,13,1,92,26,2,2,1,3,BAUDIN,0.0,0.0
201500038191,8,6,15,9,1,92,26,2,1,1,6,"36, VERDUN (DE 01 A 61)",0.0,0.0
201500038192,8,6,15,16,1,92,26,2,1,1,6,"5, ARISTIDE BRIAND",0.0,0.0
201500038193,10,6,15,21,1,92,26,2,1,1,2,"42, MISSION MARCHAND (CO",0.0,0.0
201500038194,11,6,15,8,1,92,26,2,1,1,6,"233, SAINT DENIS BD (120",0.0,0.0
201500038195,13,6,15,14,1,92,26,2,2,1,3,MARCEAU,0.0,0.0
201500038196,14,6,15,17,1,92,26,2,1,1,1,"53, MARCEAU",0.0,0.0
201500038197,14,6,15,5,1,92,26,2,1,1,6,MISSION MARCHAND (COTE I,0.0,0.0
201500038198,16,6,15,12,1,92,26,2,1,1,6,"39, PRÉSIDENT PAUL DOUME",0.0,0.0
201500038199,19,6,15,13,1,92,26,2,1,1,7,"272, SAINT DENIS BD (120",0.0,0.0
201500038200,19,6,15,12,1,92,26,2,2,1,3,VERDUN (DE 62 A FIN),0.0,0.0
201500038201,19,6,15,13,1,92,26,2,1,1,2,"19, PRÉSIDENT PAUL DOUME",0.0,0.0
201500038202,19,6,15,17,1,92,26,2,1,1,7,VICTOR HUGO (DE 47 A FIN,0.0,0.0
201500038203,25,6,15,3,5,92,26,2,1,1,7,"242, SAINT DENIS BD (120",0.0,0.0
201500038204,29,6,15,21,5,92,26,2,1,1,6,"37, VERDUN (DE 01 A 61)",0.0,0.0
201500038205,30,6,15,18,1,92,26,2,1,1,3,"----------, PRÉSIDENT PA",0.0,0.0
201500038206,7,7,15,12,1,92,26,2,1,1,4,"107, VERDUN (DE 62 A FIN",0.0,0.0
201500038207,15,7,15,17,1,92,26,2,1,1,4,PAUL DOUMER,0.0,0.0
201500038208,18,7,15,15,1,92,26,2,9,1,3,VERDUN (DE 62 A FIN),0.0,0.0
201500038209,25,7,15,16,1,92,26,2,1,1,6,MARCEAU,0.0,0.0
201500038210,27,7,15,21,5,92,26,2,1,1,2,"133, VERDUN (DE 62 A FIN",0.0,0.0
201500038211,28,7,15,13,1,92,26,2,1,8,5,"121, VERDUN (DE 62 A FIN",0.0,0.0
201500038212,13,8,15,14,1,92,26,2,3,1,7,PUVIS DE CHAVANNES,0.0,0.0
201500038213,20,8,15,7,1,92,26,2,1,2,6,"04, PAIX",0.0,0.0
201500038214,31,8,15,11,1,92,26,2,1,1,6,"77 BIS, BEZONS (DE 23 A",0.0,0.0
201500038215,3,9,15,10,1,92,26,2,1,1,6,"25, PRÉSIDENT PAUL DOUME",0.0,0.0
201500038216,7,9,15,19,5,92,26,2,2,1,3,HÔTEL DE VILLE (RUE),0.0,0.0
201500038217,21,9,15,17,1,92,26,2,1,1,3,VERDUN (DE 62 A FIN),0.0,0.0
201500038218,22,9,15,8,1,92,26,2,1,1,6,"56, PAIX",0.0,0.0
201500038219,29,9,15,9,1,92,26,2,3,1,6,22 SEPTEMBRE ( RUE DU ),0.0,0.0
201500038220,21,10,15,18,2,92,26,2,3,1,3,"68, MISSION MARCHAND (CO",0.0,0.0
201500038221,23,10,15,22,5,92,26,2,1,1,3,"20, DUBONNET",0.0,0.0
201500038222,16,10,15,13,1,92,26,2,1,1,2,"82-84, MARECHAL JOFFRE (",0.0,0.0
201500038223,16,10,15,11,1,92,26,2,1,1,6,"28, BEZONS (DE 23 A FIN)",0.0,0.0
201500038224,27,10,15,14,1,92,26,2,1,1,6,"54, GAULTIER",0.0,0.0
201500038225,29,10,15,17,1,92,26,2,3,1,2,PRÉSIDENT PAUL DOUMER (Q,0.0,0.0
201500038226,30,10,15,15,1,92,26,2,3,1,7,VERDUN (DE 01 A 61),0.0,0.0
201500038227,1,11,15,17,2,92,26,2,3,1,6,VICTOR HUGO (DE 01 A 45),0.0,0.0
201500038228,6,11,15,15,1,92,26,2,1,2,7,"25, BEZONS (DE 23 A FIN)",0.0,0.0
201500038229,6,11,15,17,1,92,26,2,1,2,3,"31, ALMA",0.0,0.0
201500038230,13,11,15,16,1,92,26,2,2,1,3,VERDUN (DE 62 A FIN),0.0,0.0
201500038231,14,11,15,21,5,92,26,2,1,2,3,"143, SAINT DENIS BD (120",0.0,0.0
201500038232,19,11,15,19,5,92,26,2,2,2,3,VERDUN (DE 62 A FIN),0.0,0.0
201500038233,24,11,15,18,1,92,26,2,1,2,6,"65, GAMBETTA",0.0,0.0
201500038234,26,11,15,8,2,92,26,2,1,1,6,"42, REPUBLIQUE (DE 29 A",0.0,0.0
201500038235,25,11,15,15,1,92,26,2,3,2,3,GEORGES CLEMENCEAU,0.0,0.0
201500038236,27,11,15,21,5,92,26,2,1,1,2,"89, VERDUN (DE 62 A FIN)",0.0,0.0
201500038237,28,11,15,19,5,92,26,2,2,1,3,"----------, VERDUN (DE 6",0.0,0.0
201500038238,1,12,15,18,5,92,26,2,1,1,3,PRÉSIDENT PAUL DOUMER (Q,0.0,0.0
201500038239,1,12,15,12,1,92,26,2,2,8,3,"----------, VERDUN (DE 6",0.0,0.0
201500038240,30,11,15,18,5,92,26,2,1,1,6,"238, SAINT DENIS BD (120",0.0,0.0
201500038241,1,12,15,19,5,92,26,2,1,1,3,"89, VERDUN (DE 62 A FIN)",0.0,0.0
201500038242,4,12,15,17,5,92,26,2,1,1,6,"28, PRÉSIDENT PAUL DOUME",0.0,0.0
201500038243,8,12,15,7,5,92,26,2,1,1,6,"67, GAMBETTA",0.0,0.0
201500038244,17,12,15,22,5,92,26,2,2,1,3,VERDUN (DE 62 A FIN),0.0,0.0
201500038245,4,1,15,0,5,92,35,2,4,1,2,"102, G?n?ral de Gaulle",0.0,0.0
201500038246,9,1,15,17,1,92,35,2,1,1,6,"9, National ( boulevard",0.0,0.0
201500038247,10,1,15,18,5,92,35,2,3,2,6,"., Foch ( avenue )",0.0,0.0
201500038248,13,1,15,18,5,92,35,2,1,1,6,"74, R?publique ( bouleva",0.0,0.0
201500038249,14,1,15,7,2,92,35,2,3,1,7,"14, G?n?ral de Gaulle  (",0.0,0.0
201500038250,15,1,15,11,1,92,35,2,1,6,6,"102, R?publique ( boulev",0.0,0.0
201500038251,17,1,15,23,5,92,35,2,1,1,6,"11, Verdun 1916 ( avenue",0.0,0.0
201500038252,21,1,15,15,1,92,35,2,1,1,6,"35, Aigle ( rue de l' )",0.0,0.0
201500038253,24,1,15,13,1,92,35,2,4,2,2,"102, G?n?ral de Gaulle",0.0,0.0
201500038254,31,1,15,12,1,92,35,2,3,2,3,"44, National ( boulevard",0.0,0.0
201500038255,31,1,15,14,1,92,35,2,1,1,7,"27, R?publique ( bouleva",0.0,0.0
201500038256,12,3,15,19,1,92,35,2,3,1,6,"4, 11 Novembre 1918 ( ru",0.0,0.0
201500038257,7,3,15,11,1,92,35,2,2,1,3,"13, Verdun 1916 ( avenue",0.0,0.0
201500038258,3,3,15,20,5,92,35,2,1,1,7,"90 bis, R?publique ( bou",0.0,0.0
201500038259,4,3,15,10,1,92,35,2,1,1,2,"47, G?n?ral de Gaulle  (",0.0,0.0
201500038260,14,3,15,20,5,92,35,2,1,1,3,"18, G?n?ral de Gaulle  (",0.0,0.0
201500038261,3,4,15,16,1,92,35,2,2,2,6,"2, A et M.L Roure (rue)",0.0,0.0
201500038262,7,4,15,15,1,92,35,2,2,1,1,"47, Foch ( avenue )",0.0,0.0
201500038263,19,4,15,17,1,92,35,2,5,1,1,"39, G?n?ral de Gaulle  (",0.0,0.0
201500038264,24,5,15,20,1,92,35,2,1,1,4,"87, National ( boulevard",0.0,0.0
201500038265,21,5,15,17,1,92,35,2,6,1,6,République ( boulevard d,0.0,0.0
201500038266,3,5,15,12,1,92,35,2,1,2,4,"78, Général de Gaulle  (",0.0,0.0
201500038267,15,6,15,17,1,92,35,2,2,1,3,Jean Bonal ( rue ),0.0,0.0
201500038268,18,6,15,18,1,92,35,2,1,1,7,"22, Verdun 1916 ( avenue",0.0,0.0
201500038269,22,6,15,18,1,92,35,2,3,2,3,Europe ( avenue de l' ),0.0,0.0
201500038270,22,6,15,18,1,92,35,2,1,2,2,"18BIS, République ( boul",0.0,0.0
201500038271,28,6,15,20,1,92,35,2,3,1,2,Alsace Lorraine (rue d',0.0,0.0
201500038272,7,7,15,10,1,92,35,2,1,1,7,"26, Général de Gaulle  (",0.0,0.0
201500038273,16,7,15,14,1,92,35,2,1,1,6,"80, Général de Gaulle  (",0.0,0.0
201500038274,20,7,15,7,1,92,35,2,2,1,3,Verdun 1916 ( avenue de,0.0,0.0
201500038275,23,7,15,9,1,92,35,2,1,1,3,"12, République ( bouleva",0.0,0.0
201500038276,6,8,15,6,1,92,50,2,1,1,3,"156, avenue de la républ",0.0,0.0
201500038277,8,8,15,0,5,92,35,2,7,1,3,National ( boulevard ),0.0,0.0
201500038278,1,9,15,19,1,92,35,2,9,1,6,"98, Aigle ( rue de l' )",0.0,0.0
201500038279,12,9,15,18,1,92,35,2,1,2,3,"49, République ( bouleva",0.0,0.0
201500038280,14,9,15,17,1,92,35,2,1,8,3,"77, République ( bouleva",0.0,0.0
201500038281,21,9,15,12,1,92,35,2,2,1,2,National ( boulevard ),0.0,0.0
201500038282,7,10,15,14,1,92,35,2,2,1,3,National ( boulevard ),0.0,0.0
201500038283,16,10,15,13,1,92,35,2,1,2,3,"75, République ( bouleva",0.0,0.0
201500038284,20,10,15,22,5,92,35,2,2,1,3,National ( boulevard ),0.0,0.0
201500038285,1,11,15,21,5,92,35,2,5,1,3,République ( boulevard d,0.0,0.0
201500038286,4,11,15,10,1,92,35,2,3,2,6,"103, Général de Gaulle",0.0,0.0
201500038287,4,11,15,12,1,92,35,2,2,2,6,"89, National ( boulevard",0.0,0.0
201500038288,13,11,15,22,5,92,35,2,6,1,3,Belgique ( Place de ),0.0,0.0
201500038289,16,11,15,20,5,92,35,2,2,2,3,National ( boulevard ),0.0,0.0
201500038290,22,11,15,13,1,92,35,2,3,1,3,National ( boulevard ),0.0,0.0
201500038291,11,12,15,15,1,92,35,2,1,1,2,"50, République ( bouleva",0.0,0.0
201500038292,29,12,15,14,1,92,35,2,1,1,3,"14, République ( bouleva",0.0,0.0
201500038293,7,1,15,10,1,92,36,2,2,1,6,"0, GABRIEL PERI (AVENUE)",0.0,0.0
201500038294,7,1,15,21,5,92,36,2,3,1,6,"52, GABRIEL PERI (AVENUE",0.0,0.0
201500038295,7,1,15,19,5,92,36,2,3,1,6,"0, PRINCIPALE DU PORT (R",0.0,0.0
201500038296,22,1,15,13,1,92,36,2,2,1,3,"0, LAURENT CELY (AVENUE)",0.0,0.0
201500038297,22,1,15,19,5,92,36,2,6,1,6,"0, CHAMPS FOURGONS (RUE",0.0,0.0
201500038298,28,1,15,14,1,92,36,2,6,2,7,"0, PRINCIPALE DU PORT (R",0.0,0.0
201500038299,2,2,15,17,1,92,36,2,3,1,3,"0, GRESILLONS (AVENUE DE",0.0,0.0
201500038300,13,2,15,14,1,92,36,1,2,1,6,"0, sortie A86",0.0,0.0
201500038301,18,2,15,20,5,92,36,2,1,1,7,"0, VIEUX CHEMIN DE SAINT",0.0,0.0
201500038302,19,2,15,14,1,92,36,2,1,1,6,"12, GENERAL DE GAULLE (A",0.0,0.0
201500038303,20,2,15,13,1,92,36,2,3,2,7,"0, PIERRE DE COUBERTIN (",0.0,0.0
201500038304,24,2,15,17,1,92,36,2,1,1,6,"161, GRESILLONS (AVENUE",0.0,0.0
201500038305,27,2,15,21,5,92,36,2,3,1,3,"0, LUTH (AVENUE DU) (1)",0.0,0.0
201500038306,4,3,15,9,1,92,36,2,2,1,2,"0, LUCIEN LANTERNIER (AV",0.0,0.0
201500038307,5,3,15,16,1,92,36,1,1,1,6,"113, LAURENT CELY (AVENU",0.0,0.0
201500038308,7,3,15,13,1,92,36,2,3,1,6,"0, bretelle de sortie A8",0.0,0.0
201500038309,10,3,15,11,1,92,36,2,2,1,1,"0, LOUIS ROCHE (AVENUE)",0.0,0.0
201500038310,12,3,15,18,1,92,36,2,1,1,6,"23, GRESILLONS (AVENUE D",0.0,0.0
201500038311,13,3,15,5,5,92,36,2,3,1,6,"0, LAURENT CELY (AVENUE)",0.0,0.0
201500038312,13,3,15,12,1,92,36,2,2,1,6,"0, CHANDON (AVENUE) (1/6",0.0,0.0
201500038313,16,3,15,14,1,92,36,2,2,1,6,"0, LOUIS ROCHE (AVENUE)",0.0,0.0
201500038314,16,3,15,17,1,92,36,2,1,1,6,MARCEL PAUL (AVENUE) (52,0.0,0.0
201500038315,23,3,15,16,1,92,36,2,3,1,6,"0, GABRIEL PERI (AVENUE)",0.0,0.0
201500038316,31,3,15,9,1,92,36,2,3,2,7,"0, LOUIS ROCHE (AVENUE)",0.0,0.0
201500038317,1,4,15,20,5,92,36,2,2,1,3,"0, MOULIN DE CAGE (RUE D",0.0,0.0
201500038318,3,4,15,9,1,92,36,2,3,1,4,"0, LOUIS ROCHE (AVENUE)",0.0,0.0
201500038319,8,4,15,20,1,92,36,2,1,1,6,"177, GABRIEL PERI (AVENU",0.0,0.0
201500038320,9,4,15,2,5,92,36,2,2,1,3,"0, GRESILLONS (AVENUE DE",0.0,0.0
201500038321,12,4,15,6,1,92,36,2,1,1,6,"0, DEQUEVAUVILLIERS (BOU",0.0,0.0
201500038322,12,4,15,12,1,92,36,2,6,1,6,"0, PIERRE TIMBAUD (ROND",0.0,0.0
201500038323,15,4,15,13,1,92,36,2,1,1,2,"0, BONGARDE (RUE DE LA)",0.0,0.0
201500038324,15,4,15,23,5,92,36,2,3,1,1,"0, JEAN JAURES (RUE) (2)",0.0,0.0
201500038325,24,4,15,22,5,92,36,2,3,1,6,"0, CLAUDE DEBUSSY (AVENU",0.0,0.0
201500038326,26,4,15,14,1,92,36,2,1,1,6,"0, GENEAL DE GAULLE (AVE",0.0,0.0
201500038327,4,5,15,13,1,92,36,2,3,1,6,BD INTERCOMMUNAL/A86,0.0,0.0
201500038328,5,5,15,14,1,92,36,2,3,1,3,"0, LOUISE MICHEL (PAIRS)",0.0,0.0
201500038329,15,5,15,15,1,92,36,2,1,1,5,"0, MARCEL PAUL (AVENUE)",0.0,0.0
201500038330,17,5,15,17,1,92,36,2,1,1,6,"128-130, GABRIEL PERI (A",0.0,0.0
201500038331,17,5,15,18,1,92,36,2,3,1,2,"0, LOUIS CALMEL (RUE) (1",0.0,0.0
201500038332,20,5,15,12,1,92,36,2,3,1,2,"0, Ormeteau",0.0,0.0
201500038333,30,5,15,20,1,92,36,2,1,1,4,"0, LOUIS ROCHE (AVENUE)",0.0,0.0
201500038334,30,5,15,15,1,92,36,2,1,1,7,"14, PIERRE TIMBAUD (RUE)",0.0,0.0
201500038335,8,6,15,11,1,92,36,2,1,1,7,"46, GENERAL DE GAULLE (A",0.0,0.0
201500038336,10,6,15,12,1,92,36,2,1,1,1,"84, GABRIEL PERI (AVENUE",0.0,0.0
201500038337,17,6,15,20,1,92,36,2,6,1,4,"0, GENEAL DE GAULLE (AVE",0.0,0.0
201500038338,25,6,15,22,5,92,36,2,1,1,6,", MARCEL PAUL (AVENUE) (",0.0,0.0
201500038339,27,6,15,0,3,92,36,2,1,1,6,CAMELINAT (BOULEVARD) (2,0.0,0.0
201500038340,13,6,15,23,5,92,36,2,3,1,7,sortie A86,0.0,0.0
201500038341,1,7,15,3,5,92,36,2,3,1,6,"0, MARCEL PAUL (AVENUE)",0.0,0.0
201500038342,2,7,15,18,1,92,36,2,2,1,3,"0, BASSIN N°6 (ROUTE DU)",0.0,0.0
201500038343,4,7,15,21,1,92,36,2,9,1,7,"157, GABRIEL PERI (AVENU",0.0,0.0
201500038344,5,7,15,14,1,92,36,2,6,2,6,"0, LOUIS CALMEL (RUE) (1",0.0,0.0
201500038345,8,7,15,9,1,92,36,2,2,1,2,"0, MARCEL PAUL (AVENUE)",0.0,0.0
201500038346,13,7,15,20,1,92,36,2,1,1,2,"0, GRESILLONS (AVENUE DE",0.0,0.0
201500038347,25,7,15,13,1,92,36,2,3,1,6,"0, JAFFEUX (RUE)",0.0,0.0
201500038348,25,7,15,15,1,92,36,2,1,1,1,"80, HENRI BARBUSSE (RUE)",0.0,0.0
201500038349,27,7,15,19,1,92,36,2,6,1,3,"0, BAS (RUE DES) (64 AU",0.0,0.0
201500038350,2,8,15,20,1,92,36,2,1,1,7,"0, CAMELINAT (BOULEVARD)",0.0,0.0
201500038351,7,8,15,13,1,92,36,1,1,1,7,"0, DEQUEVAUVILLIERS (BOU",0.0,0.0
201500038352,9,8,15,11,1,92,36,2,9,1,6,"10, GENERAL DE GAULLE (A",0.0,0.0
201500038353,18,8,15,17,1,92,36,2,2,1,3,"0, PRINCIPALE DU PORT (R",0.0,0.0
201500038354,21,8,15,20,5,92,36,2,1,1,6,"136, HENRI BARBUSSE (RUE",0.0,0.0
201500038355,25,8,15,17,1,92,36,2,3,1,6,"0, LIBERATION (AVENUE DE",0.0,0.0
201500038356,25,8,15,21,1,92,36,2,2,1,3,"0, BOULEVARD INTERCOMMUN",0.0,0.0
201500038357,28,8,15,16,1,92,36,2,3,1,6,"0, PIERRE DE COUBERTIN (",0.0,0.0
201500038358,2,9,15,6,1,92,36,2,6,1,6,"0, LAURENT CELY (AVENUE)",0.0,0.0
201500038359,19,8,15,22,5,92,36,2,3,1,3,"0, PIERRE TIMBAUD (RUE)",0.0,0.0
201500038360,10,9,15,16,1,92,36,2,1,1,6,"10, GENERAL DE GAULLE (A",0.0,0.0
201500038361,22,9,15,16,1,92,36,2,1,1,6,"5, BEAUMARCHAIS (BOULEVA",0.0,0.0
201500038362,23,9,15,18,1,92,36,2,1,1,6,"7, PRINCIPALE DU PORT (R",0.0,0.0
201500038363,25,9,15,10,1,92,36,2,1,1,7,"0, PIERRE TIMBAUD (RUE)",0.0,0.0
201500038364,1,10,15,21,5,92,36,2,3,1,6,"0, LAURENT CELY (AVENUE)",0.0,0.0
201500038365,8,10,15,21,5,92,36,2,3,1,6,"0, LAURENT CELY (AVENUE)",0.0,0.0
201500038366,14,10,15,15,1,92,36,2,3,1,5,"27, LOUISE MICHEL (IMPAI",0.0,0.0
201500038367,28,10,15,15,1,92,36,2,1,1,7,"21, GRESILLONS (QUAI DES",0.0,0.0
201500038368,30,10,15,13,1,92,36,2,1,1,6,"10, GENERAL DE GAULLE (A",0.0,0.0
201500038369,3,11,15,16,1,92,36,2,9,1,6,"112, GENERAL DE GAULLE (",0.0,0.0
201500038370,4,11,15,19,5,92,36,2,3,1,6,"0, JEAN JAURES (RUE) (2)",0.0,0.0
201500038371,5,11,15,23,4,92,36,2,1,1,2,"0, ARGENTEUIL (AVENUE D'",0.0,0.0
201500038372,6,11,15,20,1,92,36,2,3,1,3,"0, LOUIS CALMEL (RUE) (1",0.0,0.0
201500038373,11,11,15,15,1,92,36,2,1,1,6,"08, BRENU (RUE)",0.0,0.0
201500038374,13,11,15,15,1,92,36,2,2,1,3,"0, COUTURE D'AUXERRE (RU",0.0,0.0
201500038375,17,11,15,18,5,92,36,2,9,3,6,"0, MARCEL PAUL (AVENUE)",0.0,0.0
201500038376,19,11,15,15,1,92,36,2,3,2,7,"0, JULES LAROSE (RUE)",0.0,0.0
201500038377,20,11,15,17,2,92,36,2,2,2,3,"0, PIERRE DE COUBERTIN (",0.0,0.0
201500038378,21,11,15,22,5,92,36,2,3,1,3,"0, GABRIEL PERI (AVENUE)",0.0,0.0
201500038379,23,11,15,17,5,92,36,2,6,1,6,"0, PIERRE TIMBAUD (ROND",0.0,0.0
201500038380,26,11,15,12,1,92,36,2,1,1,6,"118, MOULIN DE CAGE (RUE",0.0,0.0
201500038381,26,11,15,22,5,92,36,2,2,1,7,"0, BOULEVARD INTERCOMMUN",0.0,0.0
201500038382,1,12,15,7,2,92,36,2,1,1,6,"0, sortie A86",0.0,0.0
201500038383,5,12,15,13,1,92,36,2,2,1,6,"0, LUCIEN LANTERNIER (AV",0.0,0.0
201500038384,6,12,15,1,5,92,36,2,6,1,7,"0, PIERRE TIMBAUD (ROND",0.0,0.0
201500038385,8,12,15,18,5,92,36,2,6,1,6,"0, PIERRE DE COUBERTIN (",0.0,0.0
201500038386,9,12,15,19,5,92,36,2,1,1,6,"112, GENERAL DE GAULLE (",0.0,0.0
201500038387,10,12,15,20,5,92,36,2,6,1,6,"0, PIERRE TIMBAUD (ROND",0.0,0.0
201500038388,13,12,15,10,1,92,36,2,3,1,2,"114, GRESILLONS (AVENUE",0.0,0.0
201500038389,16,12,15,15,1,92,36,2,1,1,6,"21, DESLANES (RUE) (1)",0.0,0.0
201500038390,18,12,15,17,1,92,36,2,1,1,6,"0, Pont des sévines (A11",0.0,0.0
201500038391,20,12,15,11,1,92,36,2,6,1,6,"0, HENRI BARBUSSE (RUE)",0.0,0.0
201500038392,20,12,15,20,5,92,36,2,3,1,6,"0, ARTHUR RIMBAUD (RUE)",0.0,0.0
201500038393,21,12,15,11,1,92,36,2,1,1,7,"0, PIERRE TIMBAUD (RUE)",0.0,0.0
201500038394,29,12,15,15,1,92,36,2,1,1,6,"10, LOTS COMMUNAUX (AVEN",0.0,0.0
201500038395,26,10,15,19,5,92,40,2,2,1,3,"xx, PAIX (AVENUE DE LA)",0.0,0.0
201500038396,30,10,15,3,5,92,40,2,1,1,6,"70, RODIN (BOULEVARD)",0.0,0.0
201500038397,2,11,15,1,5,92,40,2,1,1,3,"47-103, PDT ROOSEVELT (Q",0.0,0.0
201500038398,17,11,15,23,5,92,40,2,3,2,3,"13, GENERAL LECLERC",0.0,0.0
201500038399,20,11,15,18,5,92,40,2,1,2,7,"251, STALINGRAD (QUAI DE",0.0,0.0
201500038400,24,11,15,17,5,92,40,2,2,2,7,"XX, EGALITE ( DE L')",0.0,0.0
201500038401,6,11,15,12,1,92,40,2,2,1,2,"57BIS, GALLIENI (BOULEVA",0.0,0.0
201500038402,25,11,15,19,5,92,40,2,2,2,3,"XX, ERNEST RENAN",0.0,0.0
201500038403,19,11,15,6,2,92,40,2,3,1,3,VERDUN (AVENUE DE) DU 11,0.0,0.0
201500038404,24,11,15,15,1,92,40,2,1,2,7,"132, VERDUN (AVENUE DE)",0.0,0.0
201500038405,27,11,15,12,1,92,40,2,1,1,7,"6, RODIN (BOULEVARD)",0.0,0.0
201500038406,2,11,15,16,1,92,40,2,1,1,3,ABBE DERRY (DE L'),0.0,0.0
201500038407,16,12,15,12,1,92,40,2,1,8,2,"XX, STALINGRAD (QUAI DE)",0.0,0.0
201500038408,9,12,15,19,3,92,40,2,1,1,3,"245, STALINGRAD (QUAI DE",0.0,0.0
201500038409,19,12,15,14,1,92,40,2,1,1,6,"4, ARISTIDE BRIAND",0.0,0.0
201500038410,21,12,15,16,1,92,40,2,1,1,7,"XX, GALLIENI (BOULEVARD)",0.0,0.0
201500038411,22,12,15,11,1,92,40,2,1,1,6,"76-80, RODIN (BOULEVARD)",0.0,0.0
201500038412,10,12,15,17,2,92,40,2,1,1,3,"155, JEAN JACQUES ROUSSE",0.0,0.0
201500038413,26,2,15,8,1,92,40,2,3,2,6,"43, GOUVERNEUR GAL EBOUE",0.0,0.0
201500038414,3,3,15,8,1,92,40,2,1,1,5,PONT D ISSY,0.0,0.0
201500038415,18,3,15,18,1,92,40,2,1,1,7,"251, STALINGRAD (QUAI DE",0.0,0.0
201500038416,3,1,15,20,5,92,40,2,2,2,3,"-, ERNEST RENAN",0.0,0.0
201500038417,8,1,15,20,5,92,40,2,1,2,3,"178, STALINGRAD (QUAI DE",0.0,0.0
201500038418,20,3,15,23,5,92,40,2,2,1,3,PAIX (AVENUE DE LA),0.0,0.0
201500038419,8,1,15,9,1,92,40,2,1,1,3,"105, VERDUN (AVENUE DE)",0.0,0.0
201500038420,9,1,15,16,1,92,40,2,3,1,2,FRERES VOISIN (BOULEVARD,0.0,0.0
201500038421,11,1,15,17,1,92,40,2,1,8,3,"92, RODIN (BOULEVARD)",0.0,0.0
201500038422,12,1,15,15,1,92,40,2,3,1,6,HORACE VERNET,0.0,0.0
201500038423,12,1,15,17,1,92,40,2,3,1,6,"103, GENERAL DE GAULLE (",0.0,0.0
201500038424,15,1,15,10,1,92,40,2,6,1,3,VICTOR HUGO (ROND-POINT),0.0,0.0
201500038425,22,1,15,13,1,92,40,2,3,1,3,"33, GENERAL LECLERC",0.0,0.0
201500038426,24,1,15,15,1,92,40,2,3,8,3,MEUDON (DE),0.0,0.0
201500038427,29,1,15,7,5,92,40,2,2,1,2,"72, GALLIENI (BOULEVARD)",0.0,0.0
201500038428,3,4,15,2,5,92,40,2,2,1,7,STALINGRAD (QUAI DE),0.0,0.0
201500038429,12,4,15,23,5,92,40,2,3,1,3,BAS MEUDON (AVENUE DU),0.0,0.0
201500038430,8,2,15,13,1,92,40,2,1,1,7,"24/26, BOURGAIN (AVENE)",0.0,0.0
201500038431,10,2,15,11,1,92,40,2,1,1,3,"35, GAMBETTA (BOULEVARD)",0.0,0.0
201500038432,13,2,15,19,5,92,40,2,2,2,6,"60, GENERAL DE GAULLE (A",0.0,0.0
201500038433,22,4,15,2,5,92,40,2,1,1,7,STALINGRAD (QUAI DE),0.0,0.0
201500038434,2,3,15,9,1,92,40,2,1,1,2,"6, DOCTEUR LOMBARD (DU)",0.0,0.0
201500038435,10,3,15,9,1,92,40,2,2,1,3,HORACE VERNET,0.0,0.0
201500038436,11,3,15,9,1,92,40,2,2,1,3,ROUGET DE L'ISLE,0.0,0.0
201500038437,11,3,15,10,1,92,40,2,1,1,3,"76, GALLIENI (BOULEVARD)",0.0,0.0
201500038438,17,3,15,8,1,92,40,2,2,1,6,"1, LASSERRE",0.0,0.0