Num_Acc,jour,mois,an,hr,condition_eclairage,departement,commune,condition_agglomeration,intersection,condition_atmosphere,type_collision,adresse,lattitude,longitude
201500038439,19,3,15,12,1,92,40,2,2,1,6,JEAN-PIERRE TIMBAUD,0.0,0.0
201500038440,20,3,15,13,1,92,40,2,1,1,6,GUSTAVE EIFFEL (ALLEE),0.0,0.0
201500038441,23,3,15,21,5,92,40,2,2,1,3,GENERAL DE GAULLE (AVE D,0.0,0.0
201500038442,26,3,15,10,1,92,40,2,3,1,3,"6, BOURGAIN (AVENE)",0.0,0.0
201500038443,14,4,15,19,1,92,40,2,1,1,3,JEAN JACQUES ROUSSEAU,0.0,0.0
201500038444,21,5,15,14,1,92,40,2,2,1,3,"1, CAMILLE DESMOULINS",0.0,0.0
201500038445,20,5,15,17,1,92,40,2,1,9,2,"16, AUGUSTE GERVAIS",0.0,0.0
201500038446,28,5,15,21,5,92,40,2,5,1,6,"xx, RESISTANCE (PLACE DE",0.0,0.0
201500038447,30,5,15,0,5,92,40,2,1,1,6,"XX, STALINGRAD (QUAI DE)",0.0,0.0
201500038448,8,6,15,10,1,92,40,2,3,1,2,"XX, GALLIENI (BOULEVARD)",0.0,0.0
201500038449,28,5,15,18,1,92,40,2,1,1,6,"4, VICTOR CRESSON (AVENU",0.0,0.0
201500038450,9,6,15,9,1,92,40,2,3,1,3,"20, ROUGET DE L'ISLE",0.0,0.0
201500038451,14,4,15,18,1,92,40,2,2,1,3,"xx, LEON BLUM (PLACE)",0.0,0.0
201500038452,17,5,15,19,1,92,40,2,1,1,2,"10, PASTEUR (AVENUE)",0.0,0.0
201500038453,29,4,15,19,1,92,40,2,2,1,6,GALLIENI (BOULEVARD),0.0,0.0
201500038454,29,4,15,18,1,92,40,2,3,1,6,ARISTIDE BRIAND,0.0,0.0
201500038455,21,6,15,7,1,92,40,2,1,1,6,"15, AUGUSTE GERVAIS",0.0,0.0
201500038456,23,6,15,16,1,92,40,2,1,1,6,"34, GAMBETTA (BOULEVARD)",0.0,0.0
201500038457,29,6,15,13,1,92,40,2,1,1,6,"115, RODIN (BOULEVARD)",0.0,0.0
201500038458,2,7,15,12,1,92,40,2,1,1,7,"XX, ACCES A LA GARE (CHE",0.0,0.0
201500038459,20,5,15,11,1,92,40,2,1,1,7,"15, AUGUSTE GERVAIS",0.0,0.0
201500038460,22,5,15,15,1,92,40,2,1,1,7,GALLIENI (BOULEVARD),0.0,0.0
201500038461,17,6,15,9,1,92,40,2,1,1,6,"04, VAUGIRARD (DE)",0.0,0.0
201500038462,9,7,15,18,1,92,40,2,1,1,6,"52, GALLIENI (BOULEVARD)",0.0,0.0
201500038463,20,6,15,16,1,92,40,2,1,1,7,MAXIMILIEN ROBESPIERRE,0.0,0.0
201500038464,4,7,15,20,2,92,40,2,1,1,3,"59, VICTOR CRESSON (AVEN",0.0,0.0
201500038465,17,7,15,14,1,92,40,2,2,1,6,PEUPLIERS/ACACIAS,0.0,0.0
201500038466,28,6,15,23,5,92,40,2,2,1,2,"22, ERNEST RENAN",0.0,0.0
201500038467,26,7,15,18,1,92,40,2,1,1,3,"139BIS, RODIN (BOULEVARD",0.0,0.0
201500038468,30,7,15,2,3,92,40,2,3,1,3,GENERAL DE GAULLE (AVE D,0.0,0.0
201500038469,29,7,15,17,1,92,40,2,2,1,3,"xx, GALLIENI (BOULEVARD)",0.0,0.0
201500038470,25,6,15,11,1,92,40,2,2,1,3,MARCEAU,0.0,0.0
201500038471,30,7,15,5,5,92,40,2,1,1,6,KLEBER,0.0,0.0
201500038472,2,8,15,12,1,92,40,2,1,1,3,"150, VERDUN (AVENUE DE)",0.0,0.0
201500038473,1,8,15,15,1,92,40,2,1,1,6,"62, GENERAL LECLERC (DU)",0.0,0.0
201500038474,14,8,15,21,5,92,40,2,1,2,7,"38, GARIBALDI (BOULEVARD",0.0,0.0
201500038475,15,8,15,23,5,92,40,2,1,1,6,"13, ROUGET DE L'ISLE",0.0,0.0
201500038476,20,8,15,18,1,92,40,2,1,1,2,16 R GUYNEMER,0.0,0.0
201500038477,4,7,15,19,1,92,40,2,1,1,3,"67, GALLIENI (BOULEVARD)",0.0,0.0
201500038478,30,8,15,5,5,92,40,2,1,1,6,PDT ROOSEVELT (QUAI DU),0.0,0.0
201500038479,28,8,15,0,5,92,40,2,1,8,6,"27, GAMBETTA (BOULEVARD)",0.0,0.0
201500038480,4,9,15,12,1,92,40,2,5,1,2,"xx, GALLIENI (BOULEVARD)",0.0,0.0
201500038481,4,9,15,15,1,92,40,2,3,1,2,"XX, GENERAL DE GAULLE (A",0.0,0.0
201500038482,10,9,15,11,1,92,40,2,1,1,3,68 AV DE LA PAIX,0.0,0.0
201500038483,21,9,15,20,5,92,40,2,1,1,6,"34, GUYNEMER",0.0,0.0
201500038484,24,9,15,13,1,92,40,2,2,1,3,VAUDETARD,0.0,0.0
201500038485,31,8,15,9,1,92,40,2,1,1,3,"70, GALLIENI (BOULEVARD)",0.0,0.0
201500038486,25,9,15,14,1,92,40,2,3,1,3,"143, VERDUN (AVENUE DE)",0.0,0.0
201500038487,22,9,15,6,5,92,40,2,5,1,7,"XX, AUGUSTE GERVAIS",0.0,0.0
201500038488,15,9,15,9,1,92,40,2,1,1,7,"127, RODIN (BOULEVARD)",0.0,0.0
201500038489,14,10,15,13,1,92,40,2,1,1,6,"47, STALINGRAD (QUAI DE)",0.0,0.0
201500038490,26,10,15,10,1,92,40,2,2,1,3,GALLIENI (BOULEVARD),0.0,0.0
201500038491,11,9,15,8,1,92,40,2,1,1,2,"22/24, RUE DU PASSEUR DE",0.0,0.0
201500038492,29,9,15,19,1,92,40,2,3,1,6,"100, GALLIENI (BOULEVARD",0.0,0.0
201500038493,9,11,15,13,1,92,40,2,1,1,6,"xx, GENERAL LECLERC",0.0,0.0
201500038494,9,11,15,16,1,92,40,2,1,1,6,"1, ABBE GREGOIRE (DE L')",0.0,0.0
201500038495,14,10,15,11,1,92,40,2,2,1,6,GOUVERNEUR GAL EBOUE DU,0.0,0.0
201500038496,24,11,15,15,1,92,40,2,1,2,5,"14, PASTEUR (AVENUE)",0.0,0.0
201500038497,28,11,15,12,1,92,40,2,1,1,6,"XX, ABBE GREGOIRE (DE L'",0.0,0.0
201500038498,29,11,15,14,1,92,40,2,3,1,3,FRERES VOISIN (BOULEVARD,0.0,0.0
201500038499,27,10,15,7,1,92,40,2,2,1,3,"73, GENERAL DE GAULLE (A",0.0,0.0
201500038500,15,12,15,15,1,92,40,2,1,1,3,"32, GENERAL LECLERC (DU)",0.0,0.0
201500038501,15,12,15,19,5,92,40,2,1,2,6,"11, GALLIENI (BOULEVARD)",0.0,0.0
201500038502,16,12,15,20,5,92,40,2,2,8,3,PAIX (AVENUE DE LA),0.0,0.0
201500038503,29,12,15,10,1,92,40,2,1,1,7,"15, AUGUSTE GERVAIS",0.0,0.0
201500038504,30,12,15,13,1,92,40,2,1,1,7,"16, AUGUSTE GERVAIS",0.0,0.0
201500038505,19,11,15,13,1,92,44,2,2,3,2,"53, MICHELET (QUAI) 32 A",0.0,0.0
201500038506,13,1,15,18,2,92,44,2,2,1,3,"103, ARISTIDE BRIAND(RUE",0.0,0.0
201500038507,17,1,15,3,5,92,44,2,1,1,6,"32, MICHELET (QUAI) 32 A",0.0,0.0
201500038508,22,1,15,17,1,92,44,2,2,1,6,"63, LOUIS ROUQUIER(RUE)4",0.0,0.0
201500038509,23,1,15,11,1,92,44,2,2,1,6,"36, GABRIEL PERI(RUE) 1A",0.0,0.0
201500038510,27,1,15,19,5,92,44,2,1,1,3,"19, GEO.POMPIDOU(AVE) 1A",0.0,0.0
201500038511,20,1,15,16,1,92,44,2,2,1,6,"38, GABRIEL PERI(RUE) 25",0.0,0.0
201500038512,30,1,15,12,1,92,44,2,2,1,6,"58, P.V.COUTURIER(RUE)65",0.0,0.0
201500038513,6,2,15,15,1,92,44,2,2,1,6,"17, J. GUESDES(RUE)103A1",0.0,0.0
201500038514,7,2,15,10,1,92,44,2,2,1,3,"80, BAUDIN (RUE) 27A83 E",0.0,0.0
201500038515,9,2,15,12,1,92,44,2,1,1,3,"54, RASPAIL(RUE) 41A65 E",0.0,0.0
201500038516,12,2,15,10,1,92,44,2,1,1,6,"78, J. GUESDE(RUE)59A69",0.0,0.0
201500038517,28,2,15,2,5,92,44,2,2,1,7,"23, PDT WILSON(RUE)23A49",0.0,0.0
201500038518,23,2,15,18,5,92,44,2,1,1,7,"51, PDT WILSON(RUE)51A75",0.0,0.0
201500038519,16,3,15,17,1,92,44,2,1,1,3,"166, VIC. HUGO(RUE)115A1",0.0,0.0
201500038520,18,3,15,16,1,92,44,2,2,1,6,"46, BAUDIN (RUE) 27A83 E",0.0,0.0
201500038521,21,3,15,14,1,92,44,2,2,1,6,"24, DEGUINGAND(RUE)",0.0,0.0
201500038522,23,3,15,16,1,92,44,2,2,1,3,"48, LOUIS ROUQUIER(RUE)",0.0,0.0
201500038523,26,3,15,21,1,92,44,2,1,1,3,"32, MICHELET (QUAI) 32 A",0.0,0.0
201500038524,27,3,15,10,1,92,44,2,1,1,6,"141, ANA.FRANCE(RUE) 141",0.0,0.0
201500038525,31,3,15,17,1,92,44,2,2,1,6,"2, PDT WILSON(RUE) 2A24",0.0,0.0
201500038526,1,4,15,10,1,92,44,2,3,1,7,"41, RIVAY(RUE)41A71 ET38",0.0,0.0
201500038527,1,4,15,21,2,92,44,2,2,1,3,"62, PDT WILSON(RUE)51A75",0.0,0.0
201500038528,11,4,15,8,1,92,44,2,2,1,3,"30, BAUDIN (RUE) 27A83 E",0.0,0.0
201500038529,14,4,15,18,1,92,44,2,3,1,5,"42, JACQUES IBERT(RUE)26",0.0,0.0
201500038530,17,4,15,15,1,92,44,2,1,1,2,"47, MICHELET (QUAI) 32 A",0.0,0.0
201500038531,18,4,15,10,1,92,44,2,1,1,3,"77, ANA.FRANCE(RUE)77A13",0.0,0.0
201500038532,15,4,15,7,1,92,44,2,2,1,3,"49, ARISTIDE BRIAND(RUE)",0.0,0.0
201500038533,22,4,15,19,2,92,44,2,2,1,6,"62, BAUDIN (RUE) 27A83 E",0.0,0.0
201500038534,28,4,15,23,5,92,44,2,2,1,3,"51, GABRIEL PERI(RUE) 51",0.0,0.0
201500038535,13,5,15,9,1,92,44,2,2,1,2,"23, PDT WILSON(RUE) 2A24",0.0,0.0
201500038536,6,4,15,20,1,92,44,2,2,1,7,"146, VIC. HUGO(RUE)115A1",0.0,0.0
201500038537,19,5,15,9,1,92,44,2,1,1,7,"1, RIVAY(RUE)1A23 ET 2A2",0.0,0.0
201500038538,20,5,15,9,1,92,44,2,2,1,6,"19, ANTONIN RAYNAUD(RUE)",0.0,0.0
201500038539,21,5,15,14,1,92,44,2,2,1,6,"141, J. GUESDERUE)141A15",0.0,0.0
201500038540,2,6,15,14,1,92,44,2,2,1,6,"71, J. GUESDE(RUE)59A69",0.0,0.0
201500038541,2,6,15,16,1,92,44,2,2,1,3,"57, JEAN JAURES(RUE) 57A",0.0,0.0
201500038542,3,6,15,12,1,92,44,2,2,1,6,"22, RIVAY(RUE)1A23 ET 2A",0.0,0.0
201500038543,3,6,15,14,1,92,44,2,2,1,2,"51, VILLIERS(RUE DE)  2A",0.0,0.0
201500038544,4,6,15,17,1,92,44,2,1,1,6,"49, MICHELET (QUAI) 32 A",0.0,0.0
201500038545,8,6,15,12,1,92,44,1,2,1,3,"48, RIVAY(RUE)41A71 ET38",0.0,0.0
201500038546,9,6,15,15,1,92,44,2,3,1,3,"47, LOUIS ROUQUIER(RUE)4",0.0,0.0
201500038547,12,6,15,11,1,92,44,2,2,1,6,"38, BAUDIN (RUE) 27A83 E",0.0,0.0
201500038548,13,6,15,23,5,92,44,2,1,1,7,"31, ALSACE (RUE) N°19 +",0.0,0.0
201500038549,16,6,15,19,1,92,44,2,1,1,3,"58, MICHELET (QUAI) 58 A",0.0,0.0
201500038550,17,6,15,9,1,92,44,2,1,1,2,"114, VIC. HUGO(RUE)091A1",0.0,0.0
201500038551,17,6,15,21,1,92,44,2,2,1,3,"143, VIC. HUGO(RUE)091A1",0.0,0.0
201500038552,5,5,15,12,1,92,44,2,1,1,2,VIC. HUGO(RUE)115A149 ET,0.0,0.0
201500038553,25,6,15,15,1,92,44,2,2,1,6,"62, LOUISE MICHEL(RUE) 4",0.0,0.0
201500038554,27,6,15,19,1,92,44,2,6,1,2,"31, MICHELET (QUAI) 32 A",0.0,0.0
201500038555,29,6,15,13,1,92,44,2,2,1,6,"113, P.V.COUTURIER(RUE)8",0.0,0.0
201500038556,7,7,15,13,1,92,44,2,1,1,6,"54, VOLTAIRE(RUE)53A81 E",0.0,0.0
201500038557,14,7,15,0,5,92,44,2,2,1,6,"21, MICHELET(QUAI) 2 A 3",0.0,0.0
201500038558,17,7,15,11,1,92,44,2,2,1,6,"164, VIC. HUGO(RUE)115A1",0.0,0.0
201500038559,29,7,15,9,1,92,44,2,2,1,3,"66, CHAPTAL(RUE) 81+ ET",0.0,0.0
201500038560,20,7,15,13,1,92,44,2,1,1,6,"113, VIC. HUGO(RUE)091A1",0.0,0.0
201500038561,30,7,15,23,5,92,44,2,1,1,7,"60, BAUDIN (RUE) 27A83 E",0.0,0.0
201500038562,10,8,15,9,1,92,44,2,1,1,6,"45, VIC. HUGO(RUE)001A06",0.0,0.0
201500038563,5,9,15,22,1,92,44,2,2,1,3,"35, GABRIEL PERI(RUE) 1A",0.0,0.0
201500038564,11,9,15,18,1,92,44,2,2,2,3,"40, VOLTAIRE(RUE)1A51 ET",0.0,0.0
201500038565,10,8,15,8,1,92,44,2,1,1,6,"90, MICHELET (QUAI) 58 A",0.0,0.0
201500038566,14,9,15,22,5,92,44,2,1,1,7,"7, LORRAINE (RUE DE)",0.0,0.0
201500038567,21,9,15,9,1,92,44,2,2,1,3,"75, DANTON(RUE)75A123 ET",0.0,0.0
201500038568,26,9,15,19,2,92,44,2,1,1,6,"105, VIC. HUGO(RUE)091A1",0.0,0.0
201500038569,26,9,15,20,5,92,44,2,2,1,3,"48, P.V.COUTURIER(RUE)41",0.0,0.0
201500038570,29,9,15,11,1,92,44,2,2,1,6,"108, PDT WILSON(RUE)107A",0.0,0.0
201500038571,30,9,15,22,5,92,44,2,1,1,6,"38, PDT WILSON(RUE)23A49",0.0,0.0
201500038572,12,10,15,14,1,92,44,2,1,1,6,"52, LOUIS ROUQUIER(RUE)4",0.0,0.0
201500038573,14,10,15,0,5,92,44,2,1,1,7,"134, LOUIS ROUQUIER (RUE",0.0,0.0
201500038574,15,10,15,15,1,92,44,2,2,1,3,"60, P.V.COUTURIER(RUE)81",0.0,0.0
201500038575,20,10,15,19,5,92,44,2,1,1,6,"77, MICHELET (QUAI) 58 A",0.0,0.0
201500038576,27,10,15,23,5,92,44,2,1,1,6,"46, GABRIEL PERI(RUE) 25",0.0,0.0
201500038577,30,10,15,16,1,92,44,2,2,2,3,"52, ARISTIDE BRIAND(RUE)",0.0,0.0
201500038578,8,9,15,8,1,92,44,2,4,1,1,"58, P.V.COUTURIER(RUE)65",0.0,0.0
201500038579,3,11,15,8,2,92,44,2,2,1,6,"42, DANTON(RUE) 1A73 ET",0.0,0.0
201500038580,3,11,15,9,1,92,44,2,1,1,6,HUIT MAI 1945 (PLACE DU),0.0,0.0
201500038581,17,9,15,16,1,92,44,2,2,1,3,ALBERT DE VATIMESNIL (RU,0.0,0.0
201500038582,5,11,15,18,2,92,44,2,1,1,6,"15, GABRIEL PERI(RUE) 1A",0.0,0.0
201500038583,6,11,15,12,1,92,44,2,2,1,6,"21, PDT WILSON(RUE) 2A24",0.0,0.0
201500038584,7,11,15,11,1,92,44,2,1,1,6,"42, PDT WILSON(RUE)23A49",0.0,0.0
201500038585,22,11,15,2,5,92,44,2,2,1,6,"02, ANA. FRANCE(RUE)1A75",0.0,0.0
201500038586,23,11,15,20,5,92,44,2,2,1,3,"148, VIC. HUGO(RUE)115A1",0.0,0.0
201500038587,24,11,15,14,1,92,44,2,1,1,2,"120, VILLIERS(RUE DE)  8",0.0,0.0
201500038588,25,11,15,19,2,92,44,2,2,2,3,"111, RIVAY(RUE)97A107 ET",0.0,0.0
201500038589,27,11,15,15,1,92,44,2,1,1,3,"106, VIC. HUGO(RUE)077A0",0.0,0.0
201500038590,27,11,15,20,5,92,44,2,1,2,1,"5, THIERRY LE LURON(RUE)",0.0,0.0
201500038591,4,12,15,1,5,92,44,2,2,1,6,"50, LOUIS ROUQUIER(RUE)4",0.0,0.0
201500038592,23,12,15,8,1,92,44,2,1,2,7,"58, MICHELET (QUAI) 58 A",0.0,0.0
201500038593,16,12,15,10,1,92,44,2,2,1,6,"23, GEO.POMPIDOU(AVE) 21",0.0,0.0
201500038594,18,12,15,21,5,92,44,2,1,1,6,"51, MICHELET (QUAI) 32 A",0.0,0.0
201500038595,19,12,15,6,5,92,44,2,2,1,1,"58, MARJOLIN (RUE)47A59",0.0,0.0
201500038596,22,12,15,10,1,92,44,2,1,1,6,"4, KLEBER (RUE)",0.0,0.0
201500038597,10,12,15,19,5,92,44,2,2,1,6,"40, VOLTAIRE(RUE)1A51 ET",0.0,0.0
201500038598,5,4,15,9,1,92,48,2,7,1,6,"02, PARIS (RUE DE) N? 2",0.0,0.0
201500038599,21,9,15,8,1,92,48,2,3,1,6,"., MAL DE LATTRE DE TASS",0.0,0.0
201500038600,24,9,15,0,5,92,48,2,1,1,6,"08, TRIVAUX (AVENUE DE)",0.0,0.0
201500038601,10,11,15,19,5,92,48,2,3,1,3,"., GENERAL DE GAULLE (AV",0.0,0.0
201500038602,25,1,15,22,5,92,48,2,2,1,3,PEPINIERE/PEPINIERE,0.0,0.0
201500038603,17,11,15,12,1,92,48,2,3,1,7,"3, VILLACOUBLAY (AVENUE",0.0,0.0
201500038604,30,3,15,18,5,92,48,2,1,2,3,"24, NATIONS UNIES (BOULE",0.0,0.0
201500038605,11,3,15,23,5,92,48,2,2,1,6,"04, LOUVOIS (AVENUE)",0.0,0.0
201500038606,10,3,15,14,1,92,48,2,6,1,3,"., GENERAL DE GAULLE (AV",0.0,0.0
201500038607,17,3,15,8,1,92,48,2,1,1,6,,0.0,0.0
201500038608,31,3,15,20,5,92,48,1,6,1,3,TRIVAUX (AVENUE DE) N? 9,0.0,0.0
201500038609,4,4,15,23,5,92,48,2,1,2,6,"., TRIVAUX (AVENUE DE) N",0.0,0.0
201500038610,15,4,15,17,1,92,48,2,1,1,3,"01, VERTUGADINS (RUE DES",0.0,0.0
201500038611,3,4,15,14,1,92,48,2,2,2,3,"., MARECHAL JUIN (AVENUE",0.0,0.0
201500038612,4,5,15,11,1,92,48,2,2,1,6,"., RABELAIS (RUE)",0.0,0.0
201500038613,10,5,15,1,5,92,48,2,2,1,7,"., JEAN JAURES (PLACE)",0.0,0.0
201500038614,10,6,15,9,1,92,48,2,2,1,1,"., GENERAL GALLIENI (AVE",0.0,0.0
201500038615,16,6,15,16,1,92,48,2,2,1,3,"., COLONEL MORAINE (ROUT",0.0,0.0
201500038616,18,6,15,16,1,92,48,2,1,1,6,"55, GARDES (ROUTE DES) N",0.0,0.0
201500038617,18,6,15,16,1,92,48,2,1,1,6,"02, ROBERT SCHUMAN (AVEN",0.0,0.0
201500038618,22,6,15,16,1,92,48,2,1,1,3,"13, MAL DE LATTRE DE TAS",0.0,0.0
201500038619,30,6,15,7,1,92,48,2,3,1,1,"03, GENERAL DE GAULLE (A",0.0,0.0
201500038620,12,7,15,15,1,92,48,2,1,1,1,"32, MAL DE LATTRE DE TAS",0.0,0.0
201500038621,16,7,15,7,2,92,48,2,7,1,6,"., CHATEAU (AVENUE DU) N",0.0,0.0
201500038622,17,7,15,15,1,92,48,2,3,1,6,"51, GENERAL DE GAULLE (A",0.0,0.0
201500038623,21,8,15,14,1,92,48,2,3,1,6,"., GENERAL DE GAULLE (AV",0.0,0.0
201500038624,17,7,15,19,1,92,48,2,3,1,2,"., TRONCHET (CARREFOUR D",0.0,0.0
201500038625,15,9,15,18,1,92,48,2,3,1,3,"151, VERDUN (AVENUE DE)",0.0,0.0
201500038626,22,9,15,12,1,92,48,2,3,2,6,"., GALONS (RUE DES)",0.0,0.0
201500038627,30,9,15,16,1,92,48,2,7,1,2,"., NATIONS UNIES (BOULEV",0.0,0.0
201500038628,30,9,15,15,1,92,48,2,1,1,6,"., CAPUCINS (RUE DES) N°",0.0,0.0
201500038629,6,10,15,11,1,92,48,2,1,1,6,"20, ABEL VACHER (RUE)",0.0,0.0
201500038630,6,10,15,10,1,92,48,2,2,1,6,"., GARDES (ROUTE DES) N°",0.0,0.0
201500038631,9,10,15,10,1,92,48,2,2,1,6,"., TERRE NEUVE (RUE)",0.0,0.0
201500038632,15,10,15,16,1,92,48,2,1,1,6,"29, ALEMBERT (RUE D')",0.0,0.0
201500038633,17,10,15,15,1,92,48,2,1,1,6,"51, GARDES (ROUTE DES) N",0.0,0.0
201500038634,21,10,15,21,5,92,48,2,1,1,6,"15, HENRI SAVIGNAC (RUE)",0.0,0.0
201500038635,25,9,15,15,1,92,48,2,2,1,7,"01 bis, REPUBLIQUE (RUE",0.0,0.0
201500038636,22,10,15,20,5,92,48,2,3,2,6,"15, PAUL DEMANGE (RUE)",0.0,0.0
201500038637,20,10,15,8,1,92,48,2,3,1,7,"71, ANDRE SCHOCK",0.0,0.0
201500038638,27,10,15,11,1,92,48,2,1,1,2,"45bis, GARDES (ROUTE DES",0.0,0.0
201500038639,4,11,15,12,1,92,48,2,3,1,6,"02, ALBERT DE MUN (RUE)",0.0,0.0
201500038640,5,11,15,18,5,92,48,2,3,1,6,"37, GENERAL GALLIENI (AV",0.0,0.0
201500038641,10,11,15,11,1,92,48,2,3,2,3,"., GENERAL DE GAULLE (AV",0.0,0.0
201500038642,23,11,15,16,1,92,48,2,2,1,3,"., PORTO RICHE (RUE)",0.0,0.0
201500038643,25,11,15,20,5,92,48,2,2,1,7,"., REPUBLIQUE (RUE DE LA",0.0,0.0
201500038644,27,11,15,18,1,92,48,2,1,1,6,"24, BANES (RUE) N° 2 A 1",0.0,0.0
201500038645,2,12,15,17,5,92,48,2,3,1,6,"18, MAIL (ALLEE DU)",0.0,0.0
201500038646,22,12,15,21,5,92,48,2,2,1,3,"., BANES (RUE) N° 2 A 10",0.0,0.0
201500038647,28,12,15,18,5,92,48,2,1,1,7,"., TRIVAUX (AVENUE DE) N",0.0,0.0
201500038648,2,1,15,16,1,92,49,2,1,1,2,"128, ARNOUX AVENUE MAURI",0.0,0.0
201500038649,12,1,15,7,2,92,20,2,1,1,1,"121, VERDUN AVENUE DE AU",0.0,0.0
201500038650,16,1,15,20,5,92,20,2,2,3,6,PERRIERE AVENUE CLEMENT,0.0,0.0
201500038651,23,1,15,14,1,92,20,2,2,1,3,"144, PARIS AVENUE DE N?8",0.0,0.0
201500038652,29,1,15,10,1,92,20,2,1,2,7,"200, PARIS AVENUE DE N?8",0.0,0.0
201500038653,2,2,15,18,5,92,49,2,1,8,3,"106, DORMOY AVENUE MARX",0.0,0.0
201500038654,12,2,15,8,1,92,20,2,1,1,2,"67, REPUBLIQUE AV. N?27",0.0,0.0
201500038655,12,2,15,10,1,92,20,2,1,1,7,", BROSSOLETTE RUE PIERRE",0.0,0.0
201500038656,14,2,15,18,2,92,20,2,1,1,6,"98, PARIS AVENUE DE N?84",0.0,0.0
201500038657,15,2,15,15,1,92,49,2,5,1,3,,0.0,0.0
201500038658,16,2,15,15,1,92,49,2,1,1,7,"54, BRIAND AVENUE ARISTI",0.0,0.0
201500038659,20,2,15,14,1,92,20,2,1,1,2,8 MAI 45 CARREFOUR DU,0.0,0.0
201500038660,24,2,15,1,5,92,20,2,3,1,3,PARIS AVENUE DE N? IMPAI,0.0,0.0
201500038661,25,2,15,12,1,92,20,2,3,2,6,FAURE BLD FELIX N?1 A 35,0.0,0.0
201500038662,28,2,15,12,1,92,49,2,3,1,7,PERIER RUE N?1 A 33 ET 2,0.0,0.0
201500038663,2,3,15,10,1,92,49,2,1,1,6,"172, DORMOY AVENUE MARX",0.0,0.0
201500038664,6,3,15,22,5,92,20,2,2,1,6,PARIS AVENUE DE N? IMPAI,0.0,0.0
201500038665,15,2,15,1,5,92,49,2,1,9,7,"70, BRIAND AVENUE ARISTI",0.0,0.0
201500038666,10,3,15,17,1,92,20,2,1,1,6,"77, VERDUN AVENUE DE AUT",0.0,0.0
201500038667,12,3,15,9,1,92,20,2,1,1,7,"71, VERDUN AVENUE DE AUT",0.0,0.0
201500038668,15,3,15,2,5,92,49,2,2,2,3,BARBES/FRANCOIS ORY,0.0,0.0
201500038669,19,3,15,13,1,92,49,2,3,1,3,"42, VERDIER AVENUE AUTRE",0.0,0.0
201500038670,31,3,15,17,1,92,49,2,2,6,3,"13, MARNE AVENUE DE LA",0.0,0.0
201500038671,1,4,15,9,1,92,49,2,1,1,6,"43, REPUBLIQUE AVENUE DE",0.0,0.0
201500038672,1,4,15,19,1,92,20,2,3,1,2,VERDUN AVENUE DE AUTRES,0.0,0.0
201500038673,3,4,15,8,1,92,49,2,1,2,6,PERI RUE GABRIEL AUTRES,0.0,0.0
201500038674,3,4,15,9,1,92,20,2,2,2,3,PARIS AVENUE DE N? IMPAI,0.0,0.0
201500038675,3,4,15,17,1,92,20,2,1,9,2,"9, EXUPERY AVENUE SAINT",0.0,0.0
201500038676,9,4,15,14,1,92,20,2,1,1,6,"1, PARIS AVENUE DE N? IM",0.0,0.0
201500038677,10,4,15,9,1,92,20,2,1,1,6,"43, BROSSOLETTE RUE PIER",0.0,0.0
201500038678,11,4,15,6,2,92,49,2,1,1,6,"153, BROSSOLETTE AVENUE",0.0,0.0
201500038679,11,4,15,20,1,92,49,2,1,1,6,"11, BARBES RUE",0.0,0.0
201500038680,13,4,15,14,1,92,20,2,3,1,5,"15, PARIS AVENUE DE N? I",0.0,0.0
201500038681,14,4,15,8,1,92,49,2,1,1,6,"183, BROSSOLETTE AVENUE",0.0,0.0
201500038682,15,4,15,8,1,92,20,2,1,1,6,"37, REPUBLIQUE AV. N?27",0.0,0.0
201500038683,17,4,15,2,5,92,20,2,3,1,6,BROSSOLETTE RUE PIERRE A,0.0,0.0
201500038684,19,4,15,13,1,92,20,2,2,1,3,VERDUN AVENUE DE AUTRES,0.0,0.0
201500038685,20,4,15,18,1,92,49,2,4,1,6,BROSSOLETTE AVENUE PIERR,0.0,0.0
201500038686,23,4,15,18,1,92,20,2,1,1,6,"188, PARIS AVENUE DE N°8",0.0,0.0
201500038687,30,4,15,21,2,92,20,2,4,2,3,PARIS AVENUE DE N° IMPAI,0.0,0.0
201500038688,10,5,15,19,1,92,20,2,2,1,3,LASSEGUE RUE N° IMPAIRS,0.0,0.0
201500038689,7,5,15,12,1,92,49,2,2,1,3,DORMOY AVENUE MARX N°2 A,0.0,0.0
201500038690,20,5,15,19,1,92,49,2,1,1,6,"56, PERI RUE GABRIEL N°3",0.0,0.0
201500038691,26,5,15,18,1,92,49,2,1,1,7,"23, REPUBLIQUE AVENUE DE",0.0,0.0
201500038692,30,5,15,19,1,92,49,2,2,1,6,"11 bis, VERDIER AVENUE N",0.0,0.0
201500038693,2,6,15,8,1,92,49,2,3,1,3,BROSSOLETTE AVENUE PIERR,0.0,0.0
201500038694,4,6,15,22,5,92,49,2,2,1,3,PERI RUE GABRIEL N°38 A,0.0,0.0
201500038695,6,6,15,0,5,92,49,2,2,1,3,BARBES RUE,0.0,0.0
201500038696,10,6,15,13,1,92,20,2,3,1,1,"13, PARIS AVENUE DE N° I",0.0,0.0
201500038697,10,6,15,18,1,92,20,2,1,1,7,PERROTIN RUE,0.0,0.0
201500038698,14,6,15,2,5,92,49,2,1,1,3,"32, ARNOUX AVENUE MAURIC",0.0,0.0
201500038699,19,6,15,18,1,92,20,2,1,1,2,"95, REPUBLIQUE AV. AUTRE",0.0,0.0
201500038700,19,6,15,22,2,92,20,2,1,1,3,"99, PARIS AVENUE DE N°84",0.0,0.0
201500038701,28,6,15,12,1,92,20,2,2,1,5,LIBERTE BOULEVARD DE LA,0.0,0.0
201500038702,30,6,15,8,1,92,49,2,3,1,6,PERI RUE GABRIEL AUTRES,0.0,0.0
201500038703,3,7,15,0,5,92,49,2,3,1,3,"43, REPUBLIQUE AVENUE DE",0.0,0.0
201500038704,7,7,15,18,1,92,20,2,1,1,6,"69, PARIS AVENUE DE N°2",0.0,0.0
201500038705,9,7,15,9,1,92,49,2,1,1,3,"112, REPUBLIQUE AVENUE D",0.0,0.0
201500038706,9,7,15,8,1,92,49,2,3,1,3,BROSSOLETTE AVENUE PIERR,0.0,0.0
201500038707,9,7,15,19,1,92,49,2,2,1,2,BARBES RUE,0.0,0.0
201500038708,9,7,15,19,1,92,49,2,3,1,7,BROSSOLETTE AVENUE PIERR,0.0,0.0
201500038709,10,7,15,10,1,92,20,2,3,1,2,VERDUN AVENUE DE AUTRES,0.0,0.0
201500038710,13,7,15,18,1,92,49,2,1,1,6,"200, DORMOY AVENUE MARX",0.0,0.0
201500038711,16,7,15,23,5,92,49,2,3,1,3,BARBES RUE,0.0,0.0
201500038712,22,7,15,9,1,92,20,2,1,1,7,"29, DIVISION LECLERC AVE",0.0,0.0
201500038713,28,7,15,19,1,92,20,2,1,1,6,"74, PARIS AVENUE DE N°2",0.0,0.0