Num_Acc,jour,mois,an,hr,condition_eclairage,departement,commune,condition_agglomeration,intersection,condition_atmosphere,type_collision,adresse,lattitude,longitude
201500038714,3,8,15,13,1,92,49,2,2,1,3,PERI RUE GABRIEL AUTRES,0.0,0.0
201500038715,4,8,15,10,1,92,49,2,2,1,6,REPUBLIQUE AVENUE DE LA,0.0,0.0
201500038716,7,8,15,17,1,92,20,2,1,1,6,"44, PARIS AVENUE DE N°2",0.0,0.0
201500038717,13,8,15,22,5,92,20,2,1,2,3,"21, REPUBLIQUE AV. N°1 A",0.0,0.0
201500038718,14,8,15,15,1,92,49,2,3,1,3,BROSSOLETTE AVENUE PIERR,0.0,0.0
201500038719,16,8,15,17,1,92,49,2,1,1,6,"132, BRIAND AVENUE ARIST",0.0,0.0
201500038720,17,8,15,15,1,92,20,2,3,8,2,PARIS AVENUE DE N° IMPAI,0.0,0.0
201500038721,20,8,15,12,1,92,49,2,3,2,3,BRIAND AVENUE ARISTIDE A,0.0,0.0
201500038722,21,8,15,11,1,92,49,2,1,1,3,"17, HUGO RUE VICTOR N°1",0.0,0.0
201500038723,24,8,15,13,1,92,20,2,1,3,6,"03, ESTIENNE D'ORVES RUE",0.0,0.0
201500038724,26,8,15,11,1,92,20,2,3,1,2,"89, BROSSOLETTE RUE PIER",0.0,0.0
201500038725,3,9,15,13,1,92,20,2,1,1,2,"76, BERTHELOT AVENUE MAR",0.0,0.0
201500038726,10,9,15,17,1,92,49,2,3,1,3,DORMOY AVENUE MARX N°2 A,0.0,0.0
201500038727,10,9,15,17,1,92,49,2,1,1,3,"80, GINOUX AV. HENRI N°1",0.0,0.0
201500038728,11,9,15,8,1,92,49,2,3,1,3,DORMOY AVENUE MARX N°2 A,0.0,0.0
201500038729,11,9,15,23,5,92,20,2,1,1,1,VERDUN AVENUE DE AUTRES,0.0,0.0
201500038730,12,9,15,16,1,92,20,2,1,2,7,"20, PERI RUE GABRIEL",0.0,0.0
201500038731,13,9,15,14,1,92,20,2,2,2,3,SAMPAIX RUE LUCIEN,0.0,0.0
201500038732,15,9,15,15,1,92,49,2,1,1,7,"14, PERIER RUE N°1 A 33",0.0,0.0
201500038733,16,9,15,14,1,92,49,2,2,2,3,PERI RUE GABRIEL AUTRES,0.0,0.0
201500038734,17,9,15,20,5,92,49,2,1,1,6,"205, BROSSOLETTE AVENUE",0.0,0.0
201500038735,26,9,15,12,1,92,20,2,1,1,6,"11, PARIS AVENUE DE N° I",0.0,0.0
201500038736,30,9,15,14,1,92,20,2,1,1,6,"11, PARIS AVENUE DE N° I",0.0,0.0
201500038737,5,10,15,13,1,92,49,2,3,3,6,"85, BROSSOLETTE AVENUE P",0.0,0.0
201500038738,5,10,15,14,1,92,49,2,1,3,6,"10, BARTHELEMY RUE RENE",0.0,0.0
201500038739,8,10,15,8,1,92,20,2,1,1,7,VERDUN AVENUE DE AUTRES,0.0,0.0
201500038740,9,10,15,1,5,92,49,2,2,1,3,ARNOUX AVENUE MAURICE AU,0.0,0.0
201500038741,10,10,15,0,5,92,20,2,3,1,3,VERDUN AVENUE DE AUTRES,0.0,0.0
201500038742,11,10,15,18,1,92,49,2,1,1,6,"3, PERI RUE GABRIEL N°1",0.0,0.0
201500038743,12,10,15,9,1,92,49,2,2,1,6,"68, BRIAND AVENUE ARISTI",0.0,0.0
201500038744,19,10,15,12,1,92,20,2,3,1,6,FAURE BLD FELIX N°1 A 35,0.0,0.0
201500038745,14,10,15,9,1,92,49,2,1,1,6,"22, PERI RUE GABRIEL N°2",0.0,0.0
201500038746,25,10,15,11,1,92,49,2,3,1,6,"48, REPUBLIQUE AVENUE DE",0.0,0.0
201500038747,27,10,15,8,1,92,49,2,2,1,6,"51, BRIAND AVENUE ARISTI",0.0,0.0
201500038748,30,10,15,23,5,92,49,2,3,1,2,"38, BRIAND AVENUE ARISTI",0.0,0.0
201500038749,2,11,15,12,1,92,20,2,3,1,3,PARIS AVENUE DE N° IMPAI,0.0,0.0
201500038750,3,11,15,18,5,92,49,2,6,1,3,"02, JAURES PLACE JEAN",0.0,0.0
201500038751,5,11,15,15,1,92,20,2,1,1,6,"40, FAURE BLD FELIX N°40",0.0,0.0
201500038752,11,11,15,16,1,92,20,2,1,1,6,"122, VERDUN AVENUE DE AU",0.0,0.0
201500038753,18,11,15,13,1,92,49,2,2,1,3,"94, PERI RUE GABRIEL AUT",0.0,0.0
201500038754,19,11,15,11,1,92,49,2,2,2,3,BROSSOLETTE AVENUE PIERR,0.0,0.0
201500038755,19,11,15,12,1,92,49,2,2,2,6,VERDIER AVENUE AUTRES N°,0.0,0.0
201500038756,19,11,15,16,2,92,20,2,3,2,7,"6, MERMOZ RUE JEAN",0.0,0.0
201500038757,20,11,15,18,2,92,49,2,1,2,6,"47, VERDIER AVENUE N°25",0.0,0.0
201500038758,21,11,15,2,5,92,20,2,1,1,7,VERDUN AVENUE DE AUTRES,0.0,0.0
201500038759,29,11,15,6,2,92,49,2,1,1,6,"74, ARNOUX AVENUE MAURIC",0.0,0.0
201500038760,1,12,15,8,1,92,20,2,1,1,7,"13, KLEBER TUE",0.0,0.0
201500038761,2,12,15,8,1,92,20,2,1,1,7,"03, STALINGRAD BOULEVARD",0.0,0.0
201500038762,2,12,15,12,1,92,49,2,1,1,6,"40, PERI RUE GABRIEL N°3",0.0,0.0
201500038763,3,12,15,18,5,92,20,2,2,1,3,ESTIENNE D'ORVES RUE D',0.0,0.0
201500038764,5,12,15,3,5,92,20,2,1,1,6,"35, BERTHELOT AVENUE MAR",0.0,0.0
201500038765,9,12,15,9,1,92,49,2,1,1,3,"93, REPUBLIQUE AVENUE DE",0.0,0.0
201500038766,10,12,15,12,1,92,49,2,2,8,2,FORT AVENUE DU,0.0,0.0
201500038767,17,12,15,21,5,92,49,2,1,1,6,"57, BROSSOLETTE AVENUE P",0.0,0.0
201500038768,18,12,15,20,5,92,20,2,3,1,5,VERDUN AVENUE DE AUTRES,0.0,0.0
201500038769,21,12,15,18,5,92,49,2,1,1,3,"95, PERI RUE GABRIEL N°3",0.0,0.0
201500038770,26,12,15,19,5,92,49,2,2,1,2,PERI RUE GABRIEL AUTRES,0.0,0.0
201500038771,28,12,15,18,5,92,49,2,1,1,6,JAURES AVENUE JEAN N°53,0.0,0.0
201500038772,29,12,15,19,5,92,20,2,1,1,3,"35, BROSSOLETTE RUE PIER",0.0,0.0
201500038773,30,12,15,17,2,92,49,2,7,1,6,"32, JAURES AV. JEAN N°1",0.0,0.0
201500038774,31,12,15,9,1,92,49,2,1,1,7,"133, ARNOUX AVENUE MAURI",0.0,0.0
201500038775,31,12,15,23,5,92,20,2,2,1,3,PERI RUE GABRIEL,0.0,0.0
201500038776,6,1,15,15,1,92,50,1,1,1,3,BOULE PLACE DE LA,0.0,0.0
201500038777,7,1,15,7,5,92,50,2,1,5,7,VAILLANT COUTURIER PAUL,0.0,0.0
201500038778,8,1,15,7,5,92,50,2,1,2,6,PREMIER MAI RUE DU,0.0,0.0
201500038779,8,1,15,12,1,92,50,2,1,9,3,PEUPLIERS RUE DES,0.0,0.0
201500038780,10,1,15,10,1,92,50,2,1,9,6,LENINE VLADIMIR ILITCH A,0.0,0.0
201500038781,11,1,15,12,1,92,50,2,1,1,3,VAILLANT COUTURIER PAUL,0.0,0.0
201500038782,14,1,15,12,1,92,50,2,1,8,6,"17, NEUILLY RUE DE",0.0,0.0
201500038783,19,1,15,10,1,92,50,2,1,2,6,"167, JOILIOT CURIE F. ET",0.0,0.0
201500038784,23,1,15,9,1,92,50,2,1,1,3,PICASSO PABLO AVENUE,0.0,0.0
201500038785,7,1,15,8,1,92,50,2,1,5,6,"NEANT, DEQUEANT ALFRED R",0.0,0.0
201500038786,28,1,15,20,5,92,50,2,1,2,6,LENS RUE DE,0.0,0.0
201500038787,29,1,15,20,5,92,50,2,1,9,3,GUILLERAIES AVENUE DES,0.0,0.0
201500038788,8,1,15,12,1,92,50,2,1,2,3,"403, REPUBLIQUE AVENUE D",0.0,0.0
201500038789,5,2,15,12,1,92,50,2,2,1,6,PREMIER MAI RUE DU,0.0,0.0
201500038790,6,2,15,14,1,92,50,2,3,8,3,DEFENSE BOULEVARD DE LA,0.0,0.0
201500038791,20,2,15,14,1,92,50,2,1,2,6,MARGUERITES AVENUE DES,0.0,0.0
201500038792,19,2,15,16,1,92,50,2,1,9,2,"132, FONTANOT RUE DES TR",0.0,0.0
201500038793,24,2,15,17,1,92,50,2,2,1,1,VAILLANT COUTURIER PAUL,0.0,0.0
201500038794,4,3,15,19,5,92,50,2,1,9,3,"86, SURESNES RUE DE",0.0,0.0
201500038795,4,3,15,21,5,92,50,2,1,1,6,VAILLANT COUTURIER PAUL,0.0,0.0
201500038796,9,3,15,17,1,92,50,2,1,1,3,GUILLERAIES AVENUE DES,0.0,0.0
201500038797,13,3,15,5,5,92,50,2,1,9,3,CLEMENCEAU GEORGES AVENU,0.0,0.0
201500038798,15,3,15,14,1,92,50,2,1,8,7,"0000000000, FRACHON BENO",0.0,0.0
201500038799,25,3,15,8,1,92,50,2,1,2,3,"108, CLEMENCEAU GEORGES",0.0,0.0
201500038800,30,3,15,20,2,92,50,2,1,1,6,"NEANT, THOREZ MAURICE RU",0.0,0.0
201500038801,2,4,15,16,1,92,50,2,1,2,7,"5, GAMBETTA RUE",0.0,0.0
201500038802,29,3,15,19,5,92,50,2,1,2,4,HAVRE BOULEVARD DU,0.0,0.0
201500038803,5,4,15,19,1,92,50,1,2,1,3,DIDEROT RUE,0.0,0.0
201500038804,8,4,15,8,1,92,50,2,2,1,6,ARAGO FRANCOIS AVENUE,0.0,0.0
201500038805,3,4,15,21,5,92,50,2,2,2,1,HAVRE BOULEVARD DU,0.0,0.0
201500038806,14,4,15,21,2,92,50,2,3,1,6,DEFENSE BOULEVARD DE LA,0.0,0.0
201500038807,13,4,15,14,1,92,50,2,1,1,1,LECLERC GENERAL AVENUE D,0.0,0.0
201500038808,14,4,15,9,1,92,50,2,1,1,2,"100, LENINE VLADIMIR ILI",0.0,0.0
201500038809,15,4,15,19,1,92,50,2,1,1,3,"136, GARCHES RUE DE",0.0,0.0
201500038810,13,4,15,18,1,92,50,2,1,9,6,"115, PICASSO PABLO AVENU",0.0,0.0
201500038811,21,4,15,16,1,92,50,2,2,7,3,CHAILLIERS RUE DES,0.0,0.0
201500038812,16,4,15,8,1,92,50,2,1,1,3,JOLIOT CURIE F. ET IRENE,0.0,0.0
201500038813,20,4,15,17,1,92,50,2,9,1,6,"FACE AU 10, LIBERTE AVEN",0.0,0.0
201500038814,21,4,15,9,1,92,50,2,1,1,6,RD 914,0.0,0.0
201500038815,23,4,15,12,1,92,50,2,1,7,3,CLEMENCEAU GEORGES AVENU,0.0,0.0
201500038816,22,4,15,11,1,92,50,2,1,9,2,"175, VAILLANT COUTURIER",0.0,0.0
201500038817,24,4,15,16,1,92,50,2,1,9,6,"27, MARTIN HENRI AVENUE",0.0,0.0
201500038818,29,4,15,7,1,92,50,2,1,7,3,HAVRE BOULEVARD DU,0.0,0.0
201500038819,29,4,15,15,1,92,50,2,1,9,6,"403, REPUBLIQUE AVENUE D",0.0,0.0
201500038820,30,4,15,11,1,92,50,2,1,2,2,"72, CLEMENCEAU GEORGES A",0.0,0.0
201500038821,30,4,15,21,3,92,50,1,1,2,1,"3, BARBUSSE HENRI RUE",0.0,0.0
201500038822,13,5,15,14,1,92,50,2,2,1,2,REPUBLIQUE AVENUE DE LA,0.0,0.0
201500038823,18,5,15,17,1,92,50,2,3,9,3,"neant, PONS NOEL RUE",0.0,0.0
201500038824,21,5,15,12,1,92,50,2,1,9,6,"37, LIBERTE AVENUE DE LA",0.0,0.0
201500038825,26,5,15,7,1,92,50,2,1,9,6,PLACE NELSON MANDELA,0.0,0.0
201500038826,22,5,15,12,1,92,50,2,1,7,2,"néant, ARAGO FRANCOIS AV",0.0,0.0
201500038827,25,5,15,16,1,92,50,1,1,1,6,"NEANT, REPUBLIQUE AVENUE",0.0,0.0
201500038828,29,5,15,11,1,92,50,2,1,9,7,"neant, RD 914",0.0,0.0
201500038829,29,5,15,19,1,92,50,2,1,8,6,"NEANT, CHATOU ROUTE DE",0.0,0.0
201500038830,2,6,15,12,1,92,50,1,1,1,6,"néant,  Route Nationale",0.0,0.0
201500038831,2,6,15,10,1,92,50,2,1,1,6,"178, CLEMENCEAU GEORGES",0.0,0.0
201500038832,3,6,15,12,1,92,50,2,6,8,6,SOUFFLOT J-GERMAIN BOULE,0.0,0.0
201500038833,4,6,15,18,1,92,50,2,1,9,2,"NEANT, ARAGO FRANCOIS AV",0.0,0.0
201500038834,8,6,15,15,1,92,50,2,1,9,2,PEUPLIERS RUE DES,0.0,0.0
201500038835,9,6,15,17,1,92,50,2,1,1,6,JOFFRE MARECHAL AVENUE D,0.0,0.0
201500038836,5,6,15,18,1,92,50,2,1,1,2,"43, JOLIOT CURIE F. ET I",0.0,0.0
201500038837,10,6,15,15,1,92,50,2,1,1,2,"neant, VAILLANT COUTURIE",0.0,0.0
201500038838,16,6,15,21,1,92,50,2,1,1,7,"354, CLEMENCEAU GEORGES",0.0,0.0
201500038839,20,6,15,21,1,92,50,2,1,1,7,"58, CLEMENCEAU GEORGES A",0.0,0.0
201500038840,19,6,15,18,1,92,50,2,1,9,3,"neant, MANDELA NELSON MA",0.0,0.0
201500038841,21,6,15,1,5,92,50,2,1,9,2,JOILIOT CURIE F. ET IREN,0.0,0.0
201500038842,22,6,15,14,1,92,50,2,1,9,7,DEFENSE BOULEVARD DE LA,0.0,0.0
201500038843,22,6,15,18,1,92,50,2,1,2,2,JOILIOT CURIE F. ET IREN,0.0,0.0
201500038844,23,6,15,13,1,92,50,2,1,1,6,"neant, POLITZER GEORGES",0.0,0.0
201500038845,26,6,15,19,1,92,50,2,1,1,2,VAILLANT COUTURIER PAUL,0.0,0.0
201500038846,29,6,15,9,1,92,50,2,1,7,7,CLEMENCEAU GEORGES AVENU,0.0,0.0
201500038847,24,6,15,19,1,92,50,2,2,9,3,VAILLANT COUTURIER PAUL,0.0,0.0
201500038848,30,6,15,8,1,92,50,2,1,1,7,VAILLANT COUTURIER PAUL,0.0,0.0
201500038849,1,7,15,19,1,92,50,2,3,9,3,VAILLANT COUTURIER PAUL,0.0,0.0
201500038850,2,7,15,9,1,92,50,2,1,7,6,NERUDA PABLO RUE,0.0,0.0
201500038851,3,7,15,7,1,92,50,2,1,1,6,"15, ZOLA EMILE BOULEVARD",0.0,0.0
201500038852,6,7,15,15,1,92,50,2,1,1,3,"64, CLEMENCEAU GEORGES A",0.0,0.0
201500038853,10,7,15,20,1,92,50,2,2,1,2,REPUBLIQUE AVENUE DE LA,0.0,0.0
201500038854,15,7,15,15,1,92,50,2,3,7,1,ONZE NOVEMBRE RUE DU,0.0,0.0
201500038855,22,7,15,14,1,92,50,2,1,1,6,"1, JOFFRE MARECHAL AVENU",0.0,0.0
201500038856,18,7,15,22,5,92,50,2,1,3,7,"177, JOILIOT CURIE F. ET",0.0,0.0
201500038857,16,7,15,23,5,92,50,2,1,1,1,"124, PICASSO PABLO AVENU",0.0,0.0
201500038858,24,7,15,11,1,92,50,2,1,1,2,"01, VAILLANT COUTURIER P",0.0,0.0
201500038859,23,7,15,18,1,92,50,2,1,9,2,"neant, FUSILLES DE LA RE",0.0,0.0
201500038860,25,7,15,10,1,92,50,2,1,1,6,LIBERTE AVENUE DE LA,0.0,0.0
201500038861,2,8,15,13,1,92,50,2,1,1,6,"néant, DEQUEANT ALFRED R",0.0,0.0
201500038862,3,8,15,9,1,92,50,2,1,1,3,"néant, PONS NOEL RUE",0.0,0.0
201500038863,4,8,15,17,1,92,50,2,1,9,1,CHAMPS PIERREUX AVENUE D,0.0,0.0
201500038864,6,8,15,19,1,92,50,2,2,1,3,GALLIENI GENERAL AVENUE,0.0,0.0
201500038865,14,8,15,18,1,92,50,2,1,2,4,RD 914,0.0,0.0
201500038866,27,8,15,7,2,92,50,2,1,1,7,"67, SADI CARNOT RUE",0.0,0.0
201500038867,29,8,15,15,1,92,50,2,1,1,6,"NEANT, MARTIN HENRI AVEN",0.0,0.0
201500038868,16,8,15,13,1,92,50,2,1,1,3,"29, JOFFRE MARECHAL AVEN",0.0,0.0
201500038869,4,9,15,15,1,92,50,2,1,1,6,MARTIN HENRI AVENUE,0.0,0.0
201500038870,8,9,15,16,1,92,50,1,1,1,2,"NEANT, RD 914",0.0,0.0
201500038871,8,9,15,16,1,92,50,2,1,1,6,"135, PICASSO PABLO AVENU",0.0,0.0
201500038872,10,9,15,10,1,92,50,1,1,1,2,TUNNEL DE LA DÉFENSE,0.0,0.0
201500038873,11,9,15,8,1,92,50,2,1,1,2,JOLIOT CURIE F. ET IRENE,0.0,0.0
201500038874,15,9,15,8,1,92,50,2,1,1,1,PONS NOEL RUE,0.0,0.0
201500038875,16,9,15,3,5,92,50,2,3,3,6,RD 914,0.0,0.0
201500038876,14,9,15,15,1,92,2,2,1,2,6,46 AV DE LA LIBERTE,0.0,0.0
201500038877,3,9,15,8,1,92,50,1,1,1,2,"72, CLEMENCEAU GEORGES A",0.0,0.0
201500038878,14,9,15,14,1,92,50,2,2,1,3,QUENTIN JULES AVENUE,0.0,0.0
201500038879,15,9,15,13,1,92,50,2,1,1,1,BOULEVARD AIMÉ CÉSAIRE,0.0,0.0
201500038880,17,9,15,8,1,92,50,2,1,2,2,"NEANT, CLEMENCEAU GEORGE",0.0,0.0
201500038881,18,9,15,9,1,92,50,2,1,1,6,UNION RUE DE L',0.0,0.0
201500038882,18,9,15,9,1,92,50,2,1,1,2,PONS NOEL RUE,0.0,0.0
201500038883,23,9,15,2,5,92,50,2,1,2,3,"257, CLEMENCEAU GEORGES",0.0,0.0
201500038884,27,9,15,9,1,92,50,2,1,1,3,86 R P V COUTURIER,0.0,0.0
201500038885,27,9,15,6,5,92,50,2,3,1,6,REPUBLIQUE AVENUE DE LA,0.0,0.0
201500038886,29,9,15,20,5,92,50,2,1,9,3,HAVRE BOULEVARD DU,0.0,0.0
201500038887,30,9,15,0,5,92,50,2,1,9,3,CLEMENCEAU GEORGES AVENU,0.0,0.0
201500038888,2,10,15,12,1,92,50,2,1,1,2,VAILLANT COUTURIER PAUL,0.0,0.0
201500038889,3,10,15,15,1,92,50,2,1,1,2,VAILLANT COUTURIER PAUL,0.0,0.0
201500038890,2,10,15,18,1,92,50,2,1,1,7,"71, TILLON Germaine",0.0,0.0
201500038891,2,10,15,18,5,92,50,2,1,1,3,CLEMENCEAU GEORGES AVENU,0.0,0.0
201500038892,3,10,15,16,1,92,50,2,1,1,2,"34, VAILLANT COUTURIER P",0.0,0.0
201500038893,7,10,15,9,1,92,50,2,3,1,3,"1, PONS NOEL RUE",0.0,0.0
201500038894,9,10,15,12,1,92,50,2,1,8,7,"NEANT, DEFENSE BOULEVARD",0.0,0.0
201500038895,9,10,15,19,1,92,50,2,1,1,7,"NEANT, REPUBLIQUE AVENUE",0.0,0.0
201500038896,10,10,15,9,1,92,50,2,1,1,7,"186, CLEMENCEAU GEORGES",0.0,0.0
201500038897,9,10,15,16,1,92,50,2,1,7,7,"136, JOLIOT CURIE F. ET",0.0,0.0
201500038898,15,10,15,18,1,92,50,2,1,2,3,RD 914,0.0,0.0
201500038899,15,10,15,14,1,92,50,2,1,9,1,SADI CARNOT RUE,0.0,0.0
201500038900,16,10,15,23,5,92,50,2,1,2,3,"60, CLEMENCEAU GEORGES A",0.0,0.0
201500038901,18,10,15,15,1,92,50,2,3,8,1,CHATOU ROUTE DE,0.0,0.0
201500038902,28,10,15,9,1,92,50,2,1,1,6,FRACHON BENOIT AVENUE,0.0,0.0
201500038903,29,10,15,19,5,92,50,2,1,9,6,"69, CLEMENCEAU GEORGES A",0.0,0.0
201500038904,30,10,15,15,1,92,50,2,3,7,3,VAILLANT COUTURIER PAUL,0.0,0.0
201500038905,31,10,15,13,1,92,50,2,1,1,3,"neant, DROITS DE L'HOMME",0.0,0.0
201500038906,6,11,15,7,1,92,50,2,1,1,7,"NEANT, PESARO BOULEVARD",0.0,0.0
201500038907,31,10,15,3,5,92,50,2,1,8,6,"10, PESARO BOULEVARD DE",0.0,0.0
201500038908,9,11,15,14,1,92,50,2,3,7,6,VAILLANT COUTURIER PAUL,0.0,0.0
201500038909,19,11,15,21,5,92,50,2,1,2,2,"neant, DOUCET ANDRE RUE",0.0,0.0
201500038910,18,11,15,19,5,92,50,2,1,1,6,"14, ARAGO FRANCOIS AVENU",0.0,0.0
201500038911,19,11,15,14,1,92,50,2,2,8,7,FONTENELLES RUE DES,0.0,0.0
201500038912,21,11,15,21,5,92,50,2,1,9,2,DEFENSE BOULEVARD DE LA,0.0,0.0
201500038913,23,11,15,11,1,92,50,2,1,9,7,SOUFFLOT J-GERMAIN BOULE,0.0,0.0
201500038914,26,11,15,9,1,92,50,2,2,1,4,SAULES/SARTROUVILLE,0.0,0.0
201500038915,24,11,15,19,5,92,50,2,1,3,7,"125, CLEMENCEAU GEORGES",0.0,0.0
201500038916,25,11,15,20,5,92,50,2,2,9,2,"645, CLEMENCEAU GEORGES",0.0,0.0
201500038917,24,11,15,9,1,92,50,2,1,1,7,VERNET HORACE RUE,0.0,0.0
201500038918,6,12,15,3,5,92,50,2,1,9,6,"125, SAINT CLOUD RUE DE",0.0,0.0
201500038919,6,12,15,10,1,92,50,2,1,9,7,JOLIOT CURIE F. ET IRENE,0.0,0.0
201500038920,5,12,15,18,5,92,50,2,1,9,1,"neant, ONZE NOVEMBRE RUE",0.0,0.0
201500038921,7,12,15,14,1,92,50,2,2,7,3,DEFENSE BOULEVARD DE LA,0.0,0.0
201500038922,9,12,15,16,1,92,50,2,1,7,7,"91, JOILIOT CURIE F. ET",0.0,0.0
201500038923,14,12,15,8,1,92,50,2,1,1,2,"115, ONZE NOVEMBRE RUE D",0.0,0.0
201500038924,11,12,15,18,5,92,50,2,1,9,6,CHAMPS PIERREUX AVENUE D,0.0,0.0
201500038925,14,12,15,16,5,92,50,2,1,8,6,CLEMENCEAU GEORGES AVENU,0.0,0.0
201500038926,17,12,15,17,5,92,50,2,1,1,7,"neant, HEBERT CELESTIN R",0.0,0.0
201500038927,18,12,15,12,1,92,50,2,1,1,7,"256, CLEMENCEAU GEORGES",0.0,0.0
201500038928,18,12,15,22,5,92,50,2,1,1,2,"NEANT, HAVRE BOULEVARD D",0.0,0.0
201500038929,27,12,15,15,1,92,50,2,1,9,7,"133, COMMUNE DE PARIS AV",0.0,0.0
201500038930,24,12,15,18,5,92,50,2,2,8,6,"NEANT, JOLIOT CURIE F. E",0.0,0.0
201500038931,23,12,15,10,1,92,50,2,2,9,7,VAILLANT COUTURIER PAUL,0.0,0.0
201500038932,17,12,15,19,5,92,51,2,1,1,6,"83, CHARLES DE GAULLE (A",0.0,0.0
201500038933,18,11,15,9,1,92,51,2,1,1,3,"03, RICHARD WALLACE (BOU",0.0,0.0
201500038934,13,1,15,16,1,92,51,2,3,1,6,"128, CHARLES DE GAULLE (",0.0,0.0
201500038935,15,1,15,15,1,92,51,2,1,2,6,"116, CHARLES DE GAULLE (",0.0,0.0
201500038936,10,1,15,19,5,92,51,2,1,2,2,"82, BOURDON (BOULEVARD)",0.0,0.0
201500038937,16,1,15,19,2,92,51,2,3,3,6,"101, ROULE (AVENUE DU, N",0.0,0.0
201500038938,19,1,15,13,1,92,51,2,1,1,6,"109, CHARLES DE GAULLE (",0.0,0.0
201500038939,16,1,15,10,1,92,51,2,1,1,3,"31, CHATEAU (BOULEVARD D",0.0,0.0
201500038940,16,1,15,15,1,92,51,2,1,1,2,"32, GENERAL LECLERC (BOU",0.0,0.0
201500038941,28,1,15,9,1,92,51,2,1,1,3,"106, CHARLES DE GAULLE (",0.0,0.0
201500038942,30,1,15,12,1,92,51,2,1,1,6,"73, COMMANDANT CHARCOT (",0.0,0.0
201500038943,5,2,15,18,5,92,51,2,3,1,6,"1, THEOPHILE-GAUTHIER (R",0.0,0.0
201500038944,6,2,15,8,1,92,51,2,1,1,6,"168, CHARLES DE GAULLE (",0.0,0.0
201500038945,12,2,15,15,1,92,51,2,3,1,6,"1, BAILLY (RUE)",0.0,0.0
201500038946,14,2,15,0,5,92,51,2,1,2,3,"71, CHARLES DE GAULLE (A",0.0,0.0
201500038947,17,2,15,17,1,92,51,2,1,8,6,"1 bis, ERNEST DELOISON (",0.0,0.0
201500038948,22,2,15,11,1,92,51,2,1,1,6,"61, ROULE (AVENUE DU, N?",0.0,0.0
201500038949,1,3,15,6,5,92,51,2,1,1,6,"22 ter, CHATEAU (BOULEVA",0.0,0.0
201500038950,1,3,15,10,1,92,51,2,3,1,3,"140, ACHILLE PERETTI (AV",0.0,0.0
201500038951,22,2,15,17,1,92,51,2,2,1,6,"31, CHATEAU (BOULEVARD D",0.0,0.0
201500038952,6,3,15,17,1,92,51,2,1,1,6,"221, CHARLES DE GAULLE (",0.0,0.0
201500038953,5,3,15,15,1,92,51,2,2,1,3,"131, BINEAU (BOULEVARD,",0.0,0.0
201500038954,10,3,15,20,5,92,51,2,1,1,6,"51, GENERAL KOENIG (BOUL",0.0,0.0
201500038955,13,3,15,12,1,92,51,2,1,1,6,"44, CHATEAU (BOULEVARD D",0.0,0.0
201500038956,19,3,15,19,5,92,51,2,1,1,6,"141, GENERAL KOENIG (BOU",0.0,0.0
201500038957,2,3,15,8,1,92,51,2,1,1,6,"25, INKERMANN (BOULEVARD",0.0,0.0
201500038958,31,3,15,17,1,92,51,2,1,1,6,"29, VICTOR HUGO (BOULEVA",0.0,0.0
201500038959,19,3,15,9,1,92,51,2,1,1,3,"114, PERRONET (RUE, N? 9",0.0,0.0
201500038960,10,4,15,18,1,92,51,2,1,1,3,"66/68, BINEAU (BOULEVARD",0.0,0.0
201500038961,15,4,15,8,1,92,51,2,2,1,3,"182, BINEAU (BOULEVARD,",0.0,0.0
201500038962,7,4,15,18,1,92,51,2,1,1,3,"150, CHARLES DE GAULLE (",0.0,0.0
201500038963,23,4,15,18,1,92,51,2,1,1,5,"133, BINEAU (BOULEVARD,",0.0,0.0
201500038964,21,4,15,12,1,92,51,2,1,1,6,"37, CHEZY (RUE DE, N° 21",0.0,0.0
201500038965,17,4,15,9,1,92,51,2,2,1,3,"200, BINEAU (BOULEVARD,",0.0,0.0
201500038966,14,4,15,16,1,92,51,2,1,1,6,"5, GENERAL LECLERC (BOUL",0.0,0.0
201500038967,16,4,15,10,1,92,51,2,2,1,3,"65, CHATEAU (BOULEVARD D",0.0,0.0
201500038968,7,5,15,7,1,92,51,2,1,1,2,"116, CHARLES DE GAULLE (",0.0,0.0
201500038969,10,5,15,0,5,92,51,2,3,1,6,"116, CHARLES DE GAULLE (",0.0,0.0
201500038970,22,3,15,18,1,92,51,2,2,1,3,SAUSSAYE/D'ARGENSON,0.0,0.0
201500038971,11,5,15,19,1,92,51,2,3,1,2,"117, GENERAL KOENIG (BOU",0.0,0.0
201500038972,12,5,15,20,1,92,51,2,2,1,3,"191, ROULE (AVENUE DU, N",0.0,0.0
201500038973,30,5,15,0,5,92,51,2,1,2,3,"65, BINEAU (BOULEVARD, N",0.0,0.0
201500038974,14,4,15,13,1,92,51,2,1,1,6,"65, CHARLES DE GAULLE (A",0.0,0.0
201500038975,26,5,15,10,1,92,51,2,1,1,6,"03, MIDI (RUE DU)",0.0,0.0
201500038976,12,5,15,18,1,92,51,2,2,1,6,"14, MADRID (AVENUE DE)",0.0,0.0
201500038977,26,5,15,20,2,92,51,2,1,1,2,"115, CHARLES DE GAULLE (",0.0,0.0
201500038978,27,5,15,23,5,92,51,2,6,1,3,"168, CHARLES DE GAULLE (",0.0,0.0
201500038979,29,5,15,13,1,92,51,2,1,1,6,"19, SAINTE FOY (AVENUE)",0.0,0.0
201500038980,30,5,15,12,1,92,51,2,1,1,4,"46, CHARLES DE GAULLE (A",0.0,0.0
201500038981,4,6,15,15,1,92,51,2,1,1,6,"43, CHARTRES (RUE DE )",0.0,0.0
201500038982,14,6,15,6,2,92,51,2,1,1,6,"18, CHARLES DE GAULLE (A",0.0,0.0
201500038983,18,6,15,9,1,92,51,2,1,1,2,"135, BINEAU (BOULEVARD,",0.0,0.0
201500038984,19,6,15,11,1,92,51,2,1,1,6,"105, CHARLES DE GAULLE (",0.0,0.0
201500038985,17,6,15,21,2,92,51,2,1,1,6,"141, GENERAL KOENIG (BOU",0.0,0.0
201500038986,11,7,15,16,1,92,51,2,1,1,2,"24, ARGENSON (BOULEVARD,",0.0,0.0
201500038987,2,6,15,9,1,92,51,2,1,1,3,"50, CHEZY (RUE DE , N°14",0.0,0.0
201500038988,19,6,15,20,1,92,51,2,1,1,2,"113, CHARLES DE GAULLE (",0.0,0.0
201500038989,29,7,15,10,1,92,51,2,1,1,4,"197, CHARLES DE GAULLE (",0.0,0.0
201500038990,17,7,15,20,1,92,51,2,1,7,5,"102, CHARLES DE GAULLE (",0.0,0.0
201500038991,2,7,15,20,1,92,51,2,1,1,3,"163, CHARLES DE GAULLE (",0.0,0.0