Num_Acc,jour,mois,an,hr,condition_eclairage,departement,commune,condition_agglomeration,intersection,condition_atmosphere,type_collision,adresse,lattitude,longitude
201500038992,22,7,15,11,1,92,51,2,1,1,6,"107, BINEAU (BOULEVARD,",0.0,0.0
201500038993,31,7,15,10,1,92,51,2,2,1,2,MARECHAL JUIN (PONT DU),0.0,0.0
201500038994,3,8,15,10,1,92,51,2,1,1,6,"107, CHARLES DE GAULLE (",0.0,0.0
201500038995,15,8,15,20,1,92,51,2,1,1,2,"104, CHARLES DE GAULLE (",0.0,0.0
201500038996,2,9,15,18,1,92,51,2,1,1,6,"54, BINEAU (BOULEVARD, N",0.0,0.0
201500038997,3,9,15,10,1,92,51,2,3,1,6,PAULINE BORGHESE (RUE),0.0,0.0
201500038998,4,9,15,10,1,92,51,2,3,1,3,"21, RICHARD WALLACE (BOU",0.0,0.0
201500038999,10,9,15,14,1,92,51,2,1,1,6,"82, PERRONET (RUE, N°1 A",0.0,0.0
201500039000,15,9,15,14,1,92,51,2,3,1,6,"200, BINEAU (BOULEVARD,",0.0,0.0
201500039001,6,10,15,11,1,92,51,2,1,1,6,"110, PERRONET (RUE, N° 9",0.0,0.0
201500039002,9,10,15,20,5,92,51,2,1,1,6,"55, BINEAU (BOULEVARD, N",0.0,0.0
201500039003,8,9,15,16,1,92,51,2,1,1,4,"131, CHARLES DE GAULLE (",0.0,0.0
201500039004,13,9,15,0,5,92,51,2,3,1,6,"103, ACHILLE PERETTI (AV",0.0,0.0
201500039005,15,10,15,23,5,92,51,2,1,1,3,"64, MAURICE BARRES (BOUL",0.0,0.0
201500039006,18,10,15,2,5,92,51,2,2,1,3,"93, CHARLES DE GAULLE (A",0.0,0.0
201500039007,1,10,15,7,1,92,51,2,1,1,6,"100, MAURICE BARRES (BOU",0.0,0.0
201500039008,12,10,15,12,1,92,51,2,1,1,6,"42, MADELEINE MICHELIS (",0.0,0.0
201500039009,1,10,15,12,1,92,51,2,3,1,3,"62, VICTOR HUGO (BOULEVA",0.0,0.0
201500039010,9,10,15,20,5,92,51,2,1,1,6,"42-44, CHARLES DE GAULLE",0.0,0.0
201500039011,10,10,15,20,5,92,51,2,3,1,3,"77, ROULE (AVENUE DU, N°",0.0,0.0
201500039012,2,10,15,18,2,92,51,2,1,1,3,"27, VICTOR HUGO (BOULEVA",0.0,0.0
201500039013,6,10,15,7,2,92,51,2,1,3,6,CHARLES DE GAULLE (AVENU,0.0,0.0
201500039014,4,11,15,20,5,92,51,2,1,1,6,"47, PERRONET (RUE, N°1 A",0.0,0.0
201500039015,5,11,15,18,5,92,51,2,3,2,3,"73, COMMANDANT CHARCOT (",0.0,0.0
201500039016,6,11,15,17,5,92,51,2,1,2,6,"16bis, MADRID (AVENUE DE",0.0,0.0
201500039017,15,11,15,3,5,92,51,2,2,1,3,"15, CHEZY (RUE DE,  N° 1",0.0,0.0
201500039018,11,11,15,19,5,92,51,2,2,1,3,"199, CHARLES DE GAULLE (",0.0,0.0
201500039019,10,11,15,7,2,92,51,2,1,1,5,133 BD BINEAU,0.0,0.0
201500039020,8,10,15,8,1,92,51,2,1,8,6,"25, RICHARD WALLACE (BOU",0.0,0.0
201500039021,22,11,15,19,5,92,51,2,2,1,3,"92, BINEAU (BOULEVARD, N",0.0,0.0
201500039022,24,11,15,9,1,92,51,2,3,2,2,"21, WALLACE/BAGATELLE",0.0,0.0
201500039023,4,11,15,9,1,92,51,2,3,2,6,"06, GENERAL LECLERC (BOU",0.0,0.0
201500039024,24,11,15,19,5,92,51,2,3,2,6,"12, BERTEAUX-DUMAS (RUE)",0.0,0.0
201500039025,28,11,15,0,5,92,51,2,2,2,3,"130, BINEAU (BOULEVARD,",0.0,0.0
201500039026,30,11,15,9,1,92,51,2,1,1,6,"79, CHARLES LAFFITTE (RU",0.0,0.0
201500039027,6,12,15,0,4,92,51,2,2,1,6,HUGO/PARMENTIER,0.0,0.0
201500039028,6,12,15,8,5,92,51,2,4,1,6,DE GAULLE/DULUD,0.0,0.0
201500039029,2,12,15,12,1,92,51,2,1,1,6,"10, R YBRY",0.0,0.0
201500039030,4,12,15,10,1,92,51,2,2,1,3,MADRID/PIERRET,0.0,0.0
201500039031,19,11,15,14,1,92,51,2,1,1,2,"131, CHARLES DE GAULLE (",0.0,0.0
201500039032,27,11,15,12,1,92,51,2,1,1,3,"110, BINEAU (BOULEVARD,",0.0,0.0
201500039033,26,11,15,18,5,92,51,2,3,1,3,"107, GENERAL KOENIG (BOU",0.0,0.0
201500039034,22,11,15,15,1,92,51,2,1,1,6,"02, BOIS DE BOULOGNE (RU",0.0,0.0
201500039035,27,12,15,3,5,92,51,2,1,1,6,"143, CHARLES DE GAULLE (",0.0,0.0
201500039036,2,1,15,10,1,92,62,2,3,8,6,"2, BERTHELOT (RUE MARCEL",0.0,0.0
201500039037,5,1,15,13,1,92,62,2,3,8,6,"11, FRANCE (RUE ANATOLE)",0.0,0.0
201500039038,9,1,15,13,1,92,62,2,3,8,3,DE DION BOUTON (QUAI) DU,0.0,0.0
201500039039,20,1,15,17,5,92,62,2,1,1,6,"1, LECLERC (RUE GENERAL)",0.0,0.0
201500039040,23,1,15,19,5,92,62,2,1,8,6,"16, BERTHELOT (RUE MARCE",0.0,0.0
201500039041,26,1,15,9,1,92,62,2,3,2,3,"14, WALLACE (BD RICHARD)",0.0,0.0
201500039042,4,2,15,18,5,92,62,2,3,1,3,"6, DE DION BOUTON (QUAI)",0.0,0.0
201500039043,20,2,15,7,5,92,62,2,1,8,6,"8, DE DION BOUTON (QUAI)",0.0,0.0
201500039044,22,2,15,15,1,92,62,2,1,8,3,"8, PALISSY (RUE BERNARD)",0.0,0.0
201500039045,4,3,15,14,1,92,62,2,3,1,6,"1, CHANTE COQ (RUE)",0.0,0.0
201500039046,7,3,15,14,1,92,62,2,1,1,5,"6/8, DE DION BOUTON (QUA",0.0,0.0
201500039047,11,3,15,14,1,92,62,2,2,1,6,REPUBLIQUE/FRANCE,0.0,0.0
201500039048,10,3,15,19,5,92,62,2,3,1,6,CARTAULT (RUE),0.0,0.0
201500039049,23,3,15,13,1,92,62,2,1,1,3,GENERAL DE GAULLE (AV) D,0.0,0.0
201500039050,16,3,15,18,2,92,62,2,3,1,2,"3, DE DION BOUTON (QUAI)",0.0,0.0
201500039051,1,4,15,8,2,92,62,2,3,1,6,"69, GENERAL DE GAULLE (A",0.0,0.0
201500039052,8,4,15,20,5,92,62,2,3,1,3,"123, REPUBLIQUE (RUE DE",0.0,0.0
201500039053,17,4,15,15,1,92,62,2,2,1,6,FRANCE (RUE  ANATOLE) N°,0.0,0.0
201500039054,18,4,15,1,5,92,62,2,3,1,3,"108, BERGERES RD-PT DES)",0.0,0.0
201500039055,30,4,15,17,1,92,62,2,3,3,3,GENERAL DE GAULLE (AV) D,0.0,0.0
201500039056,12,5,15,19,1,92,62,2,1,1,3,"1, PUTEAUX (PONT DE)",0.0,0.0
201500039057,27,5,15,17,1,92,62,2,3,1,3,HASSOUX (VOIE GEORGES) I,0.0,0.0
201500039058,28,5,15,17,1,92,62,2,1,1,6,"34/36, DE DION BOUTON (Q",0.0,0.0
201500039059,4,6,15,14,1,92,62,2,1,1,6,"58, DE DION BOUTON (QUAI",0.0,0.0
201500039060,16,6,15,18,1,92,62,2,1,1,1,"172, REPUBLIQUE (RUE DE",0.0,0.0
201500039061,19,6,15,11,1,92,62,2,1,1,3,"140, VERDUN (RUE DE) N°",0.0,0.0
201500039062,20,6,15,13,1,92,62,2,1,1,2,"17, DE DION BOUTON (QUAI",0.0,0.0
201500039063,22,6,15,11,1,92,62,2,1,8,6,"174, REPUBLIQUE (RUE DE",0.0,0.0
201500039064,2,7,15,8,1,92,62,2,1,1,6,"74, REPUBLIQUE (RUE DE L",0.0,0.0
201500039065,3,7,15,8,1,92,62,2,3,1,6,"62/64, JAURES (RUE JEAN)",0.0,0.0
201500039066,3,7,15,9,1,92,62,2,6,1,3,ROND POINT DE LA LIBERTE,0.0,0.0
201500039067,10,7,15,14,1,92,62,2,1,1,2,"1, PUTEAUX (PONT DE)",0.0,0.0
201500039068,11,7,15,9,1,92,62,2,1,1,2,"10bis, FUSILLES DE LA RE",0.0,0.0
201500039069,29,7,15,13,1,92,62,2,3,1,3,"106, GENERAL DE GAULLE (",0.0,0.0
201500039070,11,8,15,18,2,92,62,2,1,1,3,"63, GENERAL DE GAULLE (A",0.0,0.0
201500039071,20,8,15,16,1,92,62,2,1,1,2,"19, WALLACE (BD RICHARD)",0.0,0.0
201500039072,18,8,15,19,1,92,62,2,1,1,3,BELLINI (RUE),0.0,0.0
201500039073,26,8,15,8,1,92,62,2,1,1,2,GENERAL DE GAULLE (AV) D,0.0,0.0
201500039074,22,9,15,16,1,92,62,2,1,1,2,DE DION BOUTON (QUAI) DU,0.0,0.0
201500039075,8,9,15,18,1,92,62,2,1,1,5,"1, FRANCE (RUE  ANATOLE)",0.0,0.0
201500039076,28,9,15,18,1,92,62,2,1,1,7,"81, GENERAL DE GAULLE (A",0.0,0.0
201500039077,2,10,15,0,5,92,62,2,3,1,1,"165, JAURES (RUE JEAN) D",0.0,0.0
201500039078,11,9,15,13,1,92,62,2,1,1,6,"53/55, WALLACE (BD RICHA",0.0,0.0
201500039079,22,9,15,13,1,92,62,2,1,1,2,DE DION BOUTON (QUAI) DU,0.0,0.0
201500039080,2,10,15,9,1,92,62,2,1,1,6,"16, BERTHELOT (RUE MARCE",0.0,0.0
201500039081,23,10,15,12,1,92,62,2,1,1,3,"52, DE DION BOUTON (QUAI",0.0,0.0
201500039082,1,11,15,4,5,92,62,2,3,1,3,REPUBLIQUE (RUE DE LA ),0.0,0.0
201500039083,3,11,15,7,5,92,62,2,3,2,6,WALLACE (BD RICHARD) DU,0.0,0.0
201500039084,1,11,15,21,5,92,62,2,3,1,5,DE DION BOUTON (QUAI) DU,0.0,0.0
201500039085,5,11,15,11,1,92,62,2,3,1,6,", DE DION BOUTON (QUAI)",0.0,0.0
201500039086,9,11,15,9,1,92,62,2,1,1,1,"106, REPUBLIQUE (RUE DE",0.0,0.0
201500039087,23,11,15,18,5,92,62,2,1,1,3,"6, DE DION BOUTON (QUAI)",0.0,0.0
201500039088,24,11,15,18,5,92,62,2,1,1,2,"45, WALLACE (BD RICHARD)",0.0,0.0
201500039089,27,11,15,10,1,92,62,2,3,1,6,VOILIN (RUE LUCIEN),0.0,0.0
201500039090,1,12,15,14,1,92,62,2,3,1,6,"23, FRANCE (RUE  ANATOLE",0.0,0.0
201500039091,1,12,15,21,5,92,62,2,3,1,3,REPUBLIQUE (RUE DE LA ),0.0,0.0
201500039092,21,12,15,7,1,92,62,2,1,1,2,"30, CARTAULT (RUE)",0.0,0.0
201500039093,5,1,15,8,5,92,63,2,1,1,6,"183, DIX-HUIT JUIN 1940",0.0,0.0
201500039094,7,1,15,9,1,92,63,2,1,5,3,"64, DIDEROT (RUE)",0.0,0.0
201500039095,6,1,15,11,1,92,63,2,3,1,3,DANTON (RUE),0.0,0.0
201500039096,12,1,15,16,2,92,63,2,1,1,2,"178, DOUMER (AVENUE PAUL",0.0,0.0
201500039097,20,1,15,16,1,92,63,2,1,1,6,"144, DOUMER (AVENUE PAUL",0.0,0.0
201500039098,21,1,15,10,1,92,63,2,1,1,2,"N?ant, CHATOU (PONT DE)",0.0,0.0
201500039099,21,1,15,13,1,92,63,2,1,1,6,COLMAR (AVENUE DE),0.0,0.0
201500039100,24,1,15,18,5,92,63,2,3,1,6,"48, HUGO (AVENUE VICTOR)",0.0,0.0
201500039101,29,1,15,14,1,92,63,2,1,1,6,"05, DE GAULLE (BOULEVARD",0.0,0.0
201500039102,6,2,15,7,2,92,63,2,1,1,2,"N?ant, CHATOU (PONT DE)",0.0,0.0
201500039103,5,2,15,15,1,92,63,2,1,1,3,"28, BELLE RIVE (BOULEVAR",0.0,0.0
201500039104,13,2,15,18,2,92,63,2,1,3,6,"177, DIX-HUIT JUIN 1940",0.0,0.0
201500039105,16,2,15,9,1,92,63,2,6,1,3,CORIOLIS (RUE DU MARQUIS,0.0,0.0
201500039106,19,2,15,15,1,92,63,2,3,1,3,"****, BONAPARTE (AVENUE",0.0,0.0
201500039107,21,2,15,17,1,92,63,2,1,1,3,"N?ant, CHATOU (PONT DE)",0.0,0.0
201500039108,21,2,15,23,5,92,63,2,1,1,3,"344, BONAPARTE (AVENUE N",0.0,0.0
201500039109,3,3,15,10,1,92,63,2,1,1,6,"9, CHATAIGNERAIE (AVENUE",0.0,0.0
201500039110,11,3,15,19,2,92,63,2,1,1,7,"30, VAUSSOURDS (RUE DES)",0.0,0.0
201500039111,16,3,15,22,5,92,63,2,1,1,6,"1/3, BUZENVAL (AVENUE DE",0.0,0.0
201500039112,21,3,15,19,5,92,63,2,1,1,6,"****, FOUILLEUSE (AVENUE",0.0,0.0
201500039113,31,3,15,9,1,92,63,2,3,2,3,NATIONAL (BOULEVARD),0.0,0.0
201500039114,31,3,15,8,1,92,63,2,4,1,3,"17, COLMAR (AVENUE DE)",0.0,0.0
201500039115,31,3,15,16,1,92,63,2,1,1,6,"89, DOUMER (AVENUE PAUL)",0.0,0.0
201500039116,9,4,15,8,1,92,63,2,1,1,3,"41, DUNANT (RUE HENRI)",0.0,0.0
201500039117,14,4,15,8,1,92,63,2,1,1,6,"13, SUE (RUE EUGENE)",0.0,0.0
201500039118,16,4,15,17,1,92,63,2,1,1,3,"64, DIX-HUIT JUIN 1940 (",0.0,0.0
201500039119,19,4,15,1,5,92,63,2,6,1,3,"****, LECLERC DE HAUTECL",0.0,0.0
201500039120,18,4,15,19,1,92,63,2,1,1,2,"107, DOUMER (AVENUE PAUL",0.0,0.0
201500039121,22,4,15,12,1,92,63,2,3,1,3,"78, HABY SOMMER (RUE)",0.0,0.0
201500039122,30,4,15,18,1,92,63,2,1,2,3,"21, RICHELIEU (BOULEVARD",0.0,0.0
201500039123,15,5,15,6,1,92,63,2,3,1,3,COLMAR (AVENUE DE),0.0,0.0
201500039124,20,5,15,19,1,92,63,2,2,1,3,DIX-HUIT JUIN 1940 (AVEN,0.0,0.0
201500039125,27,5,15,18,1,92,63,2,1,1,6,"51, HOUTRAITS (RUE DES)",0.0,0.0
201500039126,29,5,15,16,1,92,63,2,6,1,7,"****, RENAULT (PLACE)",0.0,0.0
201500039127,5,6,15,16,1,92,63,2,6,1,6,"81, CARREY DE BELLEMARE",0.0,0.0
201500039128,5,6,15,21,1,92,63,2,1,2,7,"****, ESTIENNE D'ORVES (",0.0,0.0
201500039129,6,6,15,17,1,92,63,2,1,1,2,"Néant, POMPIDOU (AVENUE",0.0,0.0
201500039130,8,6,15,8,1,92,63,2,3,1,3,"100, MIRIBEL (RUE DU GEN",0.0,0.0
201500039131,9,6,15,21,2,92,63,2,1,1,2,"29, GALLIENI (RUE)",0.0,0.0
201500039132,12,6,15,12,1,92,63,2,3,1,4,"****, DIX-HUIT JUIN 1940",0.0,0.0
201500039133,12,6,15,13,1,92,63,2,1,1,3,"2, REUNION (RUE DE LA)",0.0,0.0
201500039134,12,6,15,19,1,92,63,2,1,1,4,"153, DIX-HUIT JUIN 1940",0.0,0.0
201500039135,19,6,15,22,5,92,63,2,1,1,3,"215, BONAPARTE (AVENUE N",0.0,0.0
201500039136,22,6,15,21,2,92,63,2,1,2,7,"23, DUNANT (RUE HENRI)",0.0,0.0
201500039137,23,6,15,13,1,92,63,2,1,1,1,"37, MONTBRISON (RUE DU L",0.0,0.0
201500039138,29,6,15,8,1,92,63,2,2,1,3,"25, ACACIAS (AVENUE DES)",0.0,0.0
201500039139,29,6,15,19,1,92,63,2,1,1,2,COLMAR (AVENUE DE),0.0,0.0
201500039140,30,6,15,21,1,92,63,2,1,1,6,"Néant, SOLFERINO (BOULEV",0.0,0.0
201500039141,1,7,15,12,1,92,63,2,1,1,1,"****, TUCK STELL (AVENUE",0.0,0.0
201500039142,10,7,15,20,1,92,63,2,3,1,3,"****, HOUTRAITS (RUE DES",0.0,0.0
201500039143,17,7,15,16,1,92,63,2,3,1,3,"****, HOPITAL STELL (BOU",0.0,0.0
201500039144,26,7,15,14,1,92,63,1,3,2,7,"312, BONAPARTE (AVENUE N",0.0,0.0
201500039145,28,7,15,14,1,92,63,2,1,1,3,"70, POMPIDOU (AVENUE DU",0.0,0.0
201500039146,28,7,15,21,5,92,63,2,2,1,6,"****, BONAPARTE (AVENUE",0.0,0.0
201500039147,30,7,15,10,1,92,63,2,1,1,3,"66, MONT VALERIEN (AVENU",0.0,0.0
201500039148,10,8,15,7,1,92,63,2,1,1,6,"21, GALLIENI (RUE)",0.0,0.0
201500039149,18,8,15,16,1,92,63,2,1,1,2,"192, DOUMER (AVENUE PAUL",0.0,0.0
201500039150,25,8,15,18,1,92,63,2,1,2,7,"****, TUCK STELL (AVENUE",0.0,0.0
201500039151,5,9,15,20,2,92,63,2,3,2,3,GODARDES (RUE DES),0.0,0.0
201500039152,6,9,15,14,1,92,63,1,3,1,3,"****, COLMAR (AVENUE DE)",0.0,0.0
201500039153,8,9,15,16,1,92,63,2,1,1,6,"86, VOLTAIRE (RUE)",0.0,0.0
201500039154,9,9,15,17,1,92,63,2,1,1,6,"38, GALLIENI (RUE)",0.0,0.0
201500039155,9,9,15,23,5,92,63,2,1,1,6,"85, DIX-HUIT JUIN 1940 (",0.0,0.0
201500039156,21,9,15,10,1,92,63,2,1,1,6,"91, NATIONAL (BOULEVARD)",0.0,0.0
201500039157,22,9,15,6,5,92,63,2,2,2,3,COLMAR (AVENUE DE),0.0,0.0
201500039158,22,9,15,20,5,92,63,2,3,1,3,"****, DIX-HUIT ARPENTS (",0.0,0.0
201500039159,23,9,15,8,1,92,63,2,1,1,3,"91, DIX-HUIT JUIN 1940 (",0.0,0.0
201500039160,25,9,15,13,1,92,63,2,3,1,2,"****, HOPITAL STELL (BOU",0.0,0.0
201500039161,25,9,15,17,1,92,63,2,1,1,6,"03, RICHELIEU (PLACE)",0.0,0.0
201500039162,29,9,15,17,1,92,63,2,1,1,6,"04, RACINE (RUE)",0.0,0.0
201500039163,2,10,15,15,1,92,63,2,1,1,6,"28, MYGATT (AVENUE OTIS)",0.0,0.0
201500039164,5,10,15,19,5,92,63,2,3,3,6,"****, DIX-HUIT JUIN 1940",0.0,0.0
201500039165,14,10,15,17,1,92,63,2,3,1,3,"****, FOUILLEUSE (AVENUE",0.0,0.0
201500039166,16,10,15,12,1,92,63,2,3,2,7,"****, FOUILLEUSE (AVENUE",0.0,0.0
201500039167,4,11,15,8,2,92,63,2,1,2,1,"****, RICHELIEU (PLACE)",0.0,0.0
201500039168,5,11,15,16,2,92,63,2,2,1,6,"196, MONTBRISON (RUE DU",0.0,0.0
201500039169,5,11,15,18,5,92,63,2,1,1,6,"44, SOLFERINO (BOULEVARD",0.0,0.0
201500039170,6,11,15,9,1,92,63,2,1,1,3,"43, ALBERT 1ER (AVENUE)",0.0,0.0
201500039171,12,11,15,9,1,92,63,2,1,1,6,"48, DOUMER (AVENUE PAUL)",0.0,0.0
201500039172,16,11,15,13,1,92,63,2,3,1,7,"****, FLOQUET (RUE CHARL",0.0,0.0
201500039173,19,11,15,18,5,92,63,2,2,1,6,"****, COLMAR (AVENUE DE)",0.0,0.0
201500039174,22,11,15,13,1,92,63,2,1,1,4,"382, BONAPARTE (AVENUE N",0.0,0.0
201500039175,22,11,15,15,1,92,63,2,6,1,3,"02, RENAULT (PLACE)",0.0,0.0
201500039176,24,11,15,19,5,92,63,2,2,3,3,"****, COLMAR (AVENUE DE)",0.0,0.0
201500039177,24,11,15,21,5,92,63,2,1,2,6,"144, DOUMER (AVENUE PAUL",0.0,0.0
201500039178,28,11,15,7,5,92,63,2,1,1,5,"230, DOUMER (AVENUE PAUL",0.0,0.0
201500039179,1,12,15,19,5,92,63,2,3,1,3,"****, DOUMER (AVENUE PAU",0.0,0.0
201500039180,7,12,15,12,1,92,63,2,3,1,3,"28, POMPIDOU (AVENUE DU",0.0,0.0
201500039181,8,12,15,11,1,92,63,2,2,1,3,"****, COLMAR (AVENUE DE)",0.0,0.0
201500039182,8,12,15,19,5,92,63,2,1,2,3,"42 bis, DIX-HUIT JUIN 19",0.0,0.0
201500039183,9,12,15,8,5,92,63,2,1,1,6,"27, BONS RAISINS (RUE DE",0.0,0.0
201500039184,12,12,15,13,1,92,63,2,1,1,4,"10, DIX-HUIT JUIN 1940 (",0.0,0.0
201500039185,15,12,15,17,2,92,63,2,1,2,6,"58, DIX-NEUF JANVIER (RU",0.0,0.0
201500039186,17,12,15,10,1,92,63,2,2,1,6,"****, DAGUERRE (RUE JACQ",0.0,0.0
201500039187,5,1,15,8,2,92,33,2,3,8,6,PORTE JAUNE,0.0,0.0
201500039188,5,1,15,9,1,92,64,2,1,1,6,"09, REPUBLIQUE",0.0,0.0
201500039189,8,1,15,9,1,92,64,2,1,1,5,"1756, MARCEL DASSAULT",0.0,0.0
201500039190,12,1,15,14,1,92,47,2,1,1,2,JARDY,0.0,0.0
201500039191,12,1,15,19,5,92,64,2,1,1,6,"25 BIS, MONT VALERIEN",0.0,0.0
201500039192,19,1,15,17,1,92,33,2,1,1,6,"06, REPUBLIQUE",0.0,0.0
201500039193,23,1,15,9,1,92,33,2,1,1,6,"6, ATHIME RUE",0.0,0.0
201500039194,26,1,15,9,1,92,64,2,1,2,3,"67, MARCEL DASSAULT",0.0,0.0
201500039195,28,1,15,19,5,92,64,2,1,1,6,"1, pont de saint-cloud",0.0,0.0
201500039196,30,1,15,20,5,92,33,2,1,2,7,GRANDE RUE,0.0,0.0
201500039197,1,2,15,12,1,92,33,2,1,1,6,"64-66, COLONEL DE ROCHEB",0.0,0.0
201500039198,4,2,15,15,1,92,33,2,1,1,6,"11, CIVIALE",0.0,0.0
201500039199,14,2,15,13,1,92,33,2,1,1,6,151 R DE BUZENVAL,0.0,0.0
201500039200,15,2,15,7,2,92,64,2,1,1,6,103 AV DU MARECHAL FOCH,0.0,0.0
201500039201,17,2,15,14,1,92,64,2,1,1,3,DAILLY,0.0,0.0
201500039202,17,2,15,21,5,92,76,2,2,1,3,PUITS,0.0,0.0
201500039203,19,2,15,9,1,92,64,2,9,1,3,DAILLY,0.0,0.0
201500039204,2,3,15,9,1,92,64,2,3,1,3,"06 BIS, GOUNOD",0.0,0.0
201500039205,3,3,15,7,1,92,64,2,9,1,3,"1, MAGENTA PLACE",0.0,0.0
201500039206,4,3,15,7,1,92,64,2,3,1,3,MARCEL DASSAULT,0.0,0.0
201500039207,10,3,15,16,1,92,64,2,1,2,3,"16, PASTEUR",0.0,0.0
201500039208,11,3,15,9,1,92,64,2,1,1,3,"106, REPUBLIQUE",0.0,0.0
201500039209,13,3,15,9,1,92,33,2,3,1,3,LYAUTEY,0.0,0.0
201500039210,16,3,15,21,5,92,33,2,1,1,6,"66, RAYMOND POINCARE",0.0,0.0
201500039211,20,3,15,18,1,92,64,2,1,1,2,"35, DAILLY",0.0,0.0
201500039212,26,3,15,8,1,92,64,2,1,1,3,"26, DAILLY",0.0,0.0
201500039213,26,3,15,9,1,92,64,2,1,1,3,", ROUTE DE PARIS A VERSA",0.0,0.0
201500039214,1,4,15,12,1,92,64,2,1,1,3,FRANCIS CHAVETON,0.0,0.0
201500039215,3,4,15,19,1,92,64,2,1,3,2,LOUIS LOUCHEUR,0.0,0.0
201500039216,11,4,15,13,1,92,33,2,9,1,3,"177, BUZENVAL",0.0,0.0
201500039217,12,4,15,15,1,92,76,2,2,1,3,JARDY,0.0,0.0
201500039218,13,4,15,6,2,92,76,2,9,1,2,CAZES,0.0,0.0
201500039219,13,4,15,19,1,92,64,2,3,1,6,HENRI REGNAULT,0.0,0.0
201500039220,15,4,15,12,1,92,64,2,3,1,7,MARECHAL FOCH,0.0,0.0
201500039221,20,4,15,17,1,92,64,2,3,1,6,"75, REPUBLIQUE",0.0,0.0
201500039222,4,5,15,19,1,92,64,2,1,2,7,"14, SILLY",0.0,0.0
201500039223,5,5,15,12,1,92,64,2,2,1,3,"148, REPUBLIQUE",0.0,0.0
201500039224,7,5,15,10,1,92,64,2,1,1,6,"96, MARECHAL FOCH",0.0,0.0
201500039225,8,5,15,15,1,92,64,2,1,1,3,GENERAL LECLERC,0.0,0.0
201500039226,10,5,15,15,1,92,64,2,1,1,6,"89, MARECHAL FOCH",0.0,0.0
201500039227,11,5,15,15,1,92,33,2,9,1,3,"13bis, PORTE JAUNE",0.0,0.0
201500039228,11,5,15,19,1,92,64,2,9,1,7,PARC SAINT CLOUD,0.0,0.0
201500039229,16,5,15,13,1,92,64,2,1,8,6,"56, GOUNOD",0.0,0.0
201500039230,20,5,15,12,1,92,33,2,2,2,3,DIX NEUF JANVIER,0.0,0.0
201500039231,26,5,15,9,1,92,33,2,1,1,2,"78, RAYMOND POINCARE",0.0,0.0
201500039232,30,5,15,1,3,92,64,2,1,2,7,MARECHAL JUIN,0.0,0.0
201500039233,31,5,15,18,1,92,64,2,1,2,6,"64, REPUBLIQUE",0.0,0.0
201500039234,5,6,15,16,1,92,64,1,1,1,1,PARC SAINT CLOUD,0.0,0.0
201500039235,11,6,15,9,1,92,64,2,1,1,3,"03, D'ORLEANS",0.0,0.0
201500039236,11,6,15,13,1,92,64,2,1,1,6,"11, DAILLY",0.0,0.0
201500039237,15,6,15,22,5,92,64,2,1,1,1,", MARECHAL JUIN",0.0,0.0
201500039238,17,6,15,16,1,92,76,2,1,1,5,"6, GARCHES",0.0,0.0
201500039239,19,6,15,5,2,92,64,2,1,1,6,LOUIS LOUCHEUR,0.0,0.0
201500039240,23,6,15,21,1,92,33,2,1,1,3,"104, RAYMOND POINCARE",0.0,0.0
201500039241,23,6,15,16,1,92,64,2,1,1,6,"140, REPUBLIQUE",0.0,0.0
201500039242,25,6,15,11,1,92,64,2,1,1,6,"10, ALEXANDRE COUTUREAU",0.0,0.0
201500039243,27,6,15,12,1,92,64,2,1,1,6,"17, DAILLY",0.0,0.0
201500039244,2,7,15,1,5,92,64,2,1,1,6,"26, FRANCIS CHAVETON",0.0,0.0
201500039245,2,7,15,21,5,92,64,1,1,1,2,", ROUTE DE PARIS A VERSA",0.0,0.0
201500039246,6,7,15,10,1,92,33,2,1,1,7,"4TER, GENERAL DE GAULLE",0.0,0.0
201500039247,8,7,15,17,1,92,64,2,1,1,3,"70, SENARD",0.0,0.0
201500039248,9,7,15,10,1,92,47,1,1,1,3,JARDY,0.0,0.0
201500039249,29,7,15,11,1,92,64,2,1,1,6,"140, REPUBLIQUE",0.0,0.0
201500039250,1,8,15,19,1,92,33,2,1,1,3,"117, BUZENVAL",0.0,0.0
201500039251,5,8,15,18,1,92,64,2,1,1,4,"31, CARNOT",0.0,0.0
201500039252,10,8,15,13,1,92,33,2,1,1,3,"153, BUZENVAL",0.0,0.0
201500039253,13,8,15,23,5,92,33,2,1,2,7,"23, PORTE JAUNE",0.0,0.0
201500039254,15,8,15,7,1,92,64,2,1,1,6,"84, SENARD",0.0,0.0
201500039255,21,8,15,12,1,92,64,2,9,1,3,"30, PASTEUR",0.0,0.0
201500039256,22,8,15,17,1,92,64,2,1,1,7,"28, ANDRE CHEVRILLON",0.0,0.0
201500039257,31,8,15,15,1,92,64,2,1,1,6,"31, CALVAIRE",0.0,0.0
201500039258,31,8,15,21,5,92,33,2,1,1,7,"80, RAYMOND POINCARE",0.0,0.0
201500039259,1,9,15,18,1,92,47,1,1,1,3,"35, JARDY",0.0,0.0
201500039260,3,9,15,14,1,92,64,2,1,1,2,"7210, MARECHAL JUIN",0.0,0.0
201500039261,8,9,15,16,1,92,64,2,1,1,3,"66, MARCEL DASSAULT",0.0,0.0
201500039262,10,9,15,10,1,92,64,2,1,1,6,"54, REPUBLIQUE",0.0,0.0
201500039263,12,9,15,14,1,92,64,2,1,2,2,"41, PASTEUR",0.0,0.0
201500039264,12,9,15,15,1,92,64,2,1,8,6,"2, VILLES JUMELLEES",0.0,0.0
201500039265,30,9,15,9,1,92,64,2,1,1,6,"61, MARCEL DASSAULT",0.0,0.0
201500039266,30,9,15,20,5,92,64,2,1,1,2,"69, MARCEL DASSAULT",0.0,0.0
201500039267,2,10,15,15,1,92,76,2,2,1,2,"59, PUITS",0.0,0.0
201500039268,2,10,15,16,1,92,64,2,1,1,6,"84, REPUBLIQUE",0.0,0.0
201500039269,2,10,15,18,1,92,76,2,1,1,6,"59, REPUBLIQUE",0.0,0.0
201500039270,5,10,15,20,5,92,64,2,1,2,2,"2355, MARCEL DASSAULT",0.0,0.0
201500039271,6,10,15,18,1,92,64,2,9,1,6,"3, LOUIS LOUCHEUR",0.0,0.0
201500039272,7,10,15,16,1,92,64,2,1,1,6,"33, CARNOT",0.0,0.0
201500039273,9,10,15,15,1,92,64,2,1,1,7,"1, MARECHAL JUIN",0.0,0.0
201500039274,11,10,15,17,2,92,64,2,2,1,3,"1bis, GENERAL LECLERC",0.0,0.0
201500039275,16,10,15,8,1,92,64,2,3,2,3,"1, MONTRETOUT",0.0,0.0