Num_Acc,jour,mois,an,hr,condition_eclairage,departement,commune,condition_agglomeration,intersection,condition_atmosphere,type_collision,adresse,lattitude,longitude
201500039276,21,10,15,20,5,92,33,2,1,2,7,"168, GENERAL DE GAULLE",0.0,0.0
201500039277,22,10,15,22,5,92,76,2,1,2,3,JARDY,0.0,0.0
201500039278,27,10,15,18,2,92,64,2,1,1,6,"101, BUZENVAL",0.0,0.0
201500039279,28,10,15,19,5,92,64,2,6,1,3,MAGENTA PLACE,0.0,0.0
201500039280,29,10,15,19,5,92,76,2,1,1,4,JARDY,0.0,0.0
201500039281,30,10,15,9,1,92,64,2,1,1,6,"38, DAILLY",0.0,0.0
201500039282,4,11,15,18,5,92,64,2,1,1,6,"16, MONT VALERIEN",0.0,0.0
201500039283,8,11,15,17,5,92,64,2,1,1,5,"1521, MARCEL DASSAULT",0.0,0.0
201500039284,10,11,15,9,1,92,64,2,1,1,1,"29, MONT VALERIEN",0.0,0.0
201500039285,10,11,15,14,1,92,64,2,1,1,6,"1655, MARCEL DASSAULT",0.0,0.0
201500039286,10,11,15,18,5,92,76,2,1,1,2,"1, NAPOLEON III",0.0,0.0
201500039287,15,11,15,10,1,92,64,2,1,1,6,"15, GATE - CEPS",0.0,0.0
201500039288,16,11,15,13,1,92,64,1,1,1,3,GENERAL LECLERC,0.0,0.0
201500039289,18,11,15,8,1,92,33,2,1,1,3,", DIX NEUF JANVIER",0.0,0.0
201500039290,19,11,15,15,1,92,33,2,1,1,3,"78, COLONEL DE ROCHEBRUN",0.0,0.0
201500039291,22,11,15,11,1,92,33,2,1,1,6,"02, SUISSES",0.0,0.0
201500039292,23,11,15,7,5,92,64,2,1,1,6,"06, DAILLY",0.0,0.0
201500039293,23,11,15,18,5,92,33,2,3,1,6,"04, DOCTEUR DEBAT",0.0,0.0
201500039294,26,11,15,7,1,92,33,2,1,1,6,"129, BUZENVAL",0.0,0.0
201500039295,28,11,15,9,1,92,76,2,3,1,5,PUITS,0.0,0.0
201500039296,4,12,15,7,1,92,47,2,3,1,3,JARDY,0.0,0.0
201500039297,4,12,15,15,1,92,33,2,1,1,6,"20, GAUDONNES",0.0,0.0
201500039298,8,12,15,18,5,92,64,2,2,3,5,VAL D' OR,0.0,0.0
201500039299,8,12,15,20,5,92,64,2,2,2,3,REPUBLIQUE,0.0,0.0
201500039300,14,12,15,8,1,92,64,2,3,1,2,"0, CARNOT",0.0,0.0
201500039301,14,12,15,10,1,92,64,2,1,1,2,"02, DAILLY",0.0,0.0
201500039302,15,12,15,16,1,92,64,2,1,1,7,"83, GARCHES",0.0,0.0
201500039303,16,12,15,13,1,92,76,2,1,1,3,"55, PUITS",0.0,0.0
201500039304,20,12,15,15,1,92,64,2,1,1,3,"178, PORTE JAUNE",0.0,0.0
201500039305,20,12,15,22,5,92,76,2,1,2,7,"03, BOIS DES DAMES",0.0,0.0
201500039306,23,12,15,6,2,92,76,2,1,2,7,REPUBLIQUE,0.0,0.0
201500039307,25,12,15,17,5,92,64,2,1,1,5,"78, MARCEL DASSAULT",0.0,0.0
201500039308,27,12,15,5,5,92,76,2,1,1,6,JARDY,0.0,0.0
201500039309,30,12,15,16,1,92,22,2,1,1,2,"144, SALENGRO (AVENUE RO",0.0,0.0
201500039310,31,12,15,0,5,92,72,2,1,2,2,"56, MONESSE (RUE DE LA)",0.0,0.0
201500039311,3,1,15,13,1,92,72,2,1,2,6,"., SEVRES (PONT DE)",0.0,0.0
201500039312,10,1,15,16,1,92,22,2,1,2,3,"826, SALENGRO (AVENUE RO",0.0,0.0
201500039313,15,1,15,7,2,92,22,2,2,1,6,"., RESISTANCE (AVENUE DE",0.0,0.0
201500039314,19,1,15,9,1,92,72,2,1,1,7,"80, VILLE D'AVRAY (RUE D",0.0,0.0
201500039315,22,1,15,12,1,92,72,2,1,1,6,"82, GRANDE RUE",0.0,0.0
201500039316,26,1,15,19,5,92,77,2,1,2,6,"22, VERSAILLES (RUE DE)",0.0,0.0
201500039317,2,2,15,18,5,92,77,2,1,1,2,"179, VERSAILLES (RUE DE)",0.0,0.0
201500039318,4,2,15,11,1,92,72,2,1,1,3,"34, TROYON (RUE)",0.0,0.0
201500039319,9,2,15,8,1,92,22,2,2,1,6,"., PERE-KOMITAS (RUE)",0.0,0.0
201500039320,14,2,15,18,2,92,72,2,1,2,6,SEVRES (PONT DE),0.0,0.0
201500039321,2,3,15,8,2,92,77,2,1,1,7,DESVALLIERES (CHEMIN),0.0,0.0
201500039322,2,3,15,13,1,92,72,2,1,1,2,"28, PAVE DES GARDES (ROU",0.0,0.0
201500039323,11,3,15,12,1,92,72,2,1,1,6,"., CHEVIRON (RUE DU PARC",0.0,0.0
201500039324,14,3,15,0,5,92,77,2,1,1,6,ST CLOUD (RUE DE),0.0,0.0
201500039325,22,3,15,4,5,92,22,2,1,8,7,"., PAVE DES GARDES (ROUT",0.0,0.0
201500039326,24,3,15,20,5,92,77,2,2,2,6,"., VERSAILLES (RUE DE)",0.0,0.0
201500039327,14,4,15,17,1,92,22,2,2,1,3,"., SALENGRO (AVENUE ROGE",0.0,0.0
201500039328,16,4,15,12,1,92,72,2,3,1,3,"., EUROPE (AVENUE DE L')",0.0,0.0
201500039329,18,4,15,21,1,92,72,2,1,1,6,"01, GRANDE RUE",0.0,0.0
201500039330,21,4,15,16,2,92,72,2,1,1,6,"., BRUYERES (CARREFOUR D",0.0,0.0
201500039331,23,4,15,11,1,92,22,2,1,1,6,"04, PAVE DES GARDES (ROU",0.0,0.0
201500039332,4,5,15,18,1,92,72,2,1,2,6,"01, GRANDE RUE",0.0,0.0
201500039333,10,5,15,10,1,92,22,2,3,1,3,"., PAVE DES GARDES (ROUT",0.0,0.0
201500039334,5,5,15,12,1,92,72,2,1,1,2,"47, GRANDE RUE",0.0,0.0
201500039335,7,5,15,8,1,92,72,2,1,1,6,"17, FREVILLE LE VINGT (R",0.0,0.0
201500039336,13,5,15,8,1,92,72,2,1,1,7,WOLFENBUTTEL (RUE DE),0.0,0.0
201500039337,13,5,15,13,1,92,77,2,1,1,6,"123-125, VERSAILLES (RUE",0.0,0.0
201500039338,12,5,15,16,1,92,77,2,1,1,6,"., ST CLOUD (RUE DE)",0.0,0.0
201500039339,15,5,15,13,1,92,72,2,1,1,6,"05 TER, LEDERMANN (RUE D",0.0,0.0
201500039340,28,5,15,9,1,92,72,2,1,1,6,"01, GRANDE RUE",0.0,0.0
201500039341,7,6,15,12,1,92,77,2,1,1,6,"61, SEVRES (RUE DE)",0.0,0.0
201500039342,20,6,15,22,5,92,72,2,1,1,7,"., SAINT CLOUD (RUE DE)",0.0,0.0
201500039343,25,6,15,16,1,92,72,2,1,1,6,"131, GRANDE RUE",0.0,0.0
201500039344,14,7,15,6,5,92,72,2,1,1,7,"., MANUFACTURE NATIONALE",0.0,0.0
201500039345,28,7,15,21,1,92,72,2,1,2,7,"19, GARENNE (RUE DE LA)",0.0,0.0
201500039346,26,8,15,9,1,92,22,2,1,1,3,"484, SALENGRO (AVENUE RO",0.0,0.0
201500039347,28,8,15,18,1,92,72,2,1,1,6,"82, GRANDE RUE",0.0,0.0
201500039348,31,8,15,20,5,92,22,2,1,1,6,"., AUDONNET (PLACE GASTO",0.0,0.0
201500039349,4,9,15,16,1,92,72,2,1,1,6,"20, LEDERMANN (RUE DU DO",0.0,0.0
201500039350,21,9,15,11,1,92,72,2,1,1,6,"39, GRANDE RUE",0.0,0.0
201500039351,21,9,15,21,5,92,72,2,1,2,1,"168, GRANDE RUE",0.0,0.0
201500039352,24,9,15,19,5,92,77,2,1,1,3,"., LAROCHE (PLACE CHARLE",0.0,0.0
201500039353,1,10,15,16,1,92,22,2,1,1,6,"06 Bis, FRANCE (RUE ANAT",0.0,0.0
201500039354,7,10,15,6,5,92,72,2,1,2,6,"., SEVRES (PONT DE)",0.0,0.0
201500039355,21,10,15,16,1,92,72,2,3,1,3,"., LECLERC (AVENUE DE LA",0.0,0.0
201500039356,1,11,15,18,5,92,77,2,2,1,6,LAROCHE (PLACE CHARLES),0.0,0.0
201500039357,4,11,15,11,1,92,72,2,1,2,6,"., SEVRES (PONT DE)",0.0,0.0
201500039358,9,11,15,20,5,92,77,2,2,1,3,"09, HALPHEN (AVENUE)",0.0,0.0
201500039359,13,11,15,17,1,92,72,2,1,1,6,"52, PAVE DES GARDES (ROU",0.0,0.0
201500039360,24,11,15,17,5,92,77,2,1,2,6,"02, MARNES (RUE DE)",0.0,0.0
201500039361,24,11,15,19,5,92,22,2,1,2,3,"31, COTEAU (RUE DU)",0.0,0.0
201500039362,8,12,15,17,5,92,72,2,1,2,6,"176, GRANDE RUE",0.0,0.0
201500039363,12,12,15,20,5,92,72,2,2,1,3,"., GRANDE RUE",0.0,0.0
201500039364,17,12,15,0,5,92,72,2,2,1,3,"., GRANDE RUE",0.0,0.0
201500039365,23,12,15,7,5,92,72,2,1,2,3,"., SAINT CLOUD (RUE DE)",0.0,0.0
201500039366,18,1,15,20,5,92,73,2,6,1,3,"24, CROIX-DU-ROY (CARREF",0.0,0.0
201500039367,19,1,15,12,1,92,73,2,4,1,6,"14, TUILERIE (RUE DE LA)",0.0,0.0
201500039368,24,1,15,18,5,92,73,2,1,1,3,"183, JAURES (AVENUE JEAN",0.0,0.0
201500039369,26,1,15,18,5,92,73,2,2,2,7,"70, JAURES (AVENUE JEAN)",0.0,0.0
201500039370,27,1,15,8,2,92,73,2,1,1,3,"93, FUSILLES DE LA RESIS",0.0,0.0
201500039371,27,1,15,8,1,92,73,2,3,1,7,"01, NIEUPORT (RUE EDOUAR",0.0,0.0
201500039372,27,1,15,15,1,92,73,2,6,1,3,"1, HENRI IV (PLACE)",0.0,0.0
201500039373,6,2,15,16,1,92,73,2,1,1,7,"8, FIZEAU (RUE)",0.0,0.0
201500039374,9,2,15,9,1,92,73,2,3,1,6,", SELLIER (BOULEVARD HEN",0.0,0.0
201500039375,13,2,15,18,5,92,73,2,1,2,7,"15, BAC (RUE DU)",0.0,0.0
201500039376,20,2,15,5,5,92,73,2,3,2,3,"174, SELLIER (BOULEVARD",0.0,0.0
201500039377,3,3,15,17,1,92,73,2,3,2,3,"45, JAURES (AVENUE JEAN)",0.0,0.0
201500039378,12,3,15,18,2,92,73,2,1,1,6,"20, JAURES (AVENUE JEAN)",0.0,0.0
201500039379,12,3,15,19,5,92,73,2,2,1,3,"12, MONGE (RUE MARCEL)",0.0,0.0
201500039380,18,3,15,18,1,92,73,2,3,1,3,"20, SELLIER (BOULEVARD H",0.0,0.0
201500039381,27,3,15,19,2,92,73,2,3,1,3,"119, WASHINGTON (BOULEVA",0.0,0.0
201500039382,29,3,15,15,1,92,73,2,1,2,7,"131, SELLIER (BOULEVARD",0.0,0.0
201500039383,8,4,15,15,1,92,73,2,1,1,6,"7, COURTIEUX (ESPLANADE",0.0,0.0
201500039384,8,4,15,19,1,92,73,2,3,1,6,"96, FOUILLEUSE (AVENUE D",0.0,0.0
201500039385,10,4,15,15,1,92,73,2,1,1,7,"41, JAURES (AVENUE JEAN)",0.0,0.0
201500039386,17,4,15,15,1,92,73,2,3,1,3,"31, GALLIENI (QUAI)",0.0,0.0
201500039387,18,4,15,8,1,92,73,2,3,1,2,"24, GALLIENI (QUAI)",0.0,0.0
201500039388,20,4,15,19,1,92,73,2,1,1,3,"2, SAINT CLOUD (RUE DE)",0.0,0.0
201500039389,23,4,15,16,1,92,73,2,1,1,6,"2 bis, ESTIENNE D'ORVES",0.0,0.0
201500039390,24,4,15,9,1,92,73,2,1,1,6,"5/7, CHEVREUL (RUE)",0.0,0.0
201500039391,7,5,15,14,1,92,73,2,3,1,3,"27, DE GAULLE (AVENUE GE",0.0,0.0
201500039392,11,5,15,14,1,92,73,2,1,1,3,"1, PONT DE SURESNES",0.0,0.0
201500039393,18,5,15,14,1,92,73,2,3,1,1,"61, BAS ROGERS (RUE DES)",0.0,0.0
201500039394,19,5,15,14,1,92,73,2,1,1,3,"1, BERNARD (AVENUE DU PR",0.0,0.0
201500039395,1,6,15,19,1,92,73,2,3,1,3,"14, BLUM (QUAI LEON)",0.0,0.0
201500039396,4,6,15,20,1,92,73,2,3,1,3,"47, DE LATTRE DE TASSIGN",0.0,0.0
201500039397,4,6,15,20,1,92,73,2,3,1,6,"39, BAS ROGERS (RUE DES)",0.0,0.0
201500039398,5,6,15,15,1,92,73,2,3,1,6,"12, CARNOT (RUE)",0.0,0.0
201500039399,7,6,15,2,5,92,73,2,1,1,6,"161, SELLIER (BOULEVARD",0.0,0.0
201500039400,8,6,15,18,1,92,73,2,1,1,4,"21, GALLIENI (QUAI)",0.0,0.0
201500039401,9,6,15,8,1,92,73,2,3,1,1,"82, DE LATTRE DE TASSIGN",0.0,0.0
201500039402,10,6,15,12,1,92,73,2,1,1,2,"152, SELLIER (BOULEVARD",0.0,0.0
201500039403,11,6,15,19,1,92,73,2,3,1,3,"16, DESBASSAYNS DE RICHE",0.0,0.0
201500039404,17,6,15,18,1,92,73,2,3,1,3,"21, RIVIERE (RUE DU COMM",0.0,0.0
201500039405,23,6,15,9,1,92,73,2,3,1,3,"15, GALLIENI (QUAI)",0.0,0.0
201500039406,23,6,15,17,1,92,73,2,1,1,5,"166, SELLIER (BOULEVARD",0.0,0.0
201500039407,29,6,15,17,1,92,73,2,1,1,3,"194, WASHINGTON (BOULEVA",0.0,0.0
201500039408,30,6,15,19,1,92,73,2,6,1,2,"24, CROIX-DU-ROY (CARREF",0.0,0.0
201500039409,2,7,15,19,1,92,73,2,3,1,3,"1, GALLIENI (QUAI)",0.0,0.0
201500039410,3,7,15,20,1,92,73,2,1,1,3,"7, DASSAULT (QUAI MARCEL",0.0,0.0
201500039411,5,7,15,21,2,92,73,2,3,1,7,", DE GAULLE (AVENUE GENE",0.0,0.0
201500039412,6,7,15,10,1,92,73,2,1,1,4,"140, SELLIER (BOULEVARD",0.0,0.0
201500039413,7,7,15,8,1,92,73,2,1,1,3,"46, CARNOT (RUE)",0.0,0.0
201500039414,15,7,15,16,1,92,73,2,1,1,6,"120, SELLIER (BOULEVARD",0.0,0.0
201500039415,13,8,15,19,1,92,73,2,3,2,6,", BERNARD (AVENUE DU PRO",0.0,0.0
201500039416,16,8,15,20,1,92,73,2,1,1,7,"2, POTERIE (RUE DE LA)",0.0,0.0
201500039417,24,8,15,15,1,92,73,2,1,1,3,"90, BAS ROGERS (RUE DES)",0.0,0.0
201500039418,5,9,15,1,5,92,73,2,3,1,4,"1, DASSAULT (QUAI MARCEL",0.0,0.0
201500039419,5,9,15,16,1,92,73,2,3,1,6,"1, BERNARD (AVENUE DU PR",0.0,0.0
201500039420,16,9,15,18,1,92,73,2,3,2,6,"5, PAYRET DORTAIL (RUE M",0.0,0.0
201500039421,19,9,15,15,1,92,73,2,3,1,3,"55, SELLIER (BOULEVARD H",0.0,0.0
201500039422,2,10,15,18,1,92,73,2,3,1,6,"4, POMPIDOU (AVENUE GEOR",0.0,0.0
201500039423,6,10,15,13,1,92,73,2,1,2,2,"148, LATTRE DE TASSIGNY",0.0,0.0
201500039424,8,10,15,10,1,92,73,2,1,1,6,"57, SELLIER (BOULEVARD H",0.0,0.0
201500039425,16,10,15,9,1,92,73,2,1,3,7,"29, SELLIER (BOULEVARD H",0.0,0.0
201500039426,18,10,15,19,2,92,73,2,1,1,2,"1, GALLIENI (QUAI)",0.0,0.0
201500039427,20,10,15,16,1,92,73,2,1,1,3,"159, SELLIER (BOULEVARD",0.0,0.0
201500039428,21,10,15,8,1,92,73,2,3,1,6,"02, TOURNEROCHES (RUE DE",0.0,0.0
201500039429,22,10,15,11,1,92,73,2,3,2,2,"57, ROOSVELT (AVENUE FRA",0.0,0.0
201500039430,26,10,15,17,2,92,73,2,3,1,6,"2, JUIN (RUE DU MARECHAL",0.0,0.0
201500039431,29,10,15,12,1,92,73,2,3,1,3,"27, DE GAULLE (AVENUE GE",0.0,0.0
201500039432,30,10,15,18,3,92,73,2,3,1,6,"1, LONGCHAMP (ALLEE DE)",0.0,0.0
201500039433,11,11,15,10,1,92,73,2,3,1,6,"10, BRIAND (BOULEVARD AR",0.0,0.0
201500039434,21,11,15,10,1,92,73,2,2,1,3,SELLIER (BOULEVARD HENRI,0.0,0.0
201500039435,25,11,15,15,1,92,73,2,3,3,5,"7, DASSAULT (QUAI MARCEL",0.0,0.0
201500039436,27,11,15,19,5,92,73,2,2,2,3,"26, NOUVELLES (RUE DES)",0.0,0.0
201500039437,1,12,15,12,1,92,73,2,1,1,5,"1, BLUM (QUAI LEON)",0.0,0.0
201500039438,3,12,15,17,2,92,73,2,2,1,3,"1, CROIX-DU-ROY (CARREFO",0.0,0.0
201500039439,9,12,15,13,1,92,73,2,1,1,3,"116, SELLIER (BOULEVARD",0.0,0.0
201500039440,10,12,15,10,1,92,73,2,2,8,7,"66, JAURES (AVENUE JEAN)",0.0,0.0
201500039441,10,12,15,19,5,92,73,2,1,1,3,"5, DASSAULT (QUAI MARCEL",0.0,0.0
201500039442,15,12,15,14,1,92,73,2,2,2,3,"2, SELLIER (BOULEVARD HE",0.0,0.0
201500039443,28,12,15,13,1,92,73,2,3,1,3,"167, JAURES (AVENUE JEAN",0.0,0.0
201500039444,8,1,15,19,5,92,75,2,1,2,7,"13 bis, LARMEROUX (RUE)",0.0,0.0
201500039445,17,1,15,11,1,92,46,2,7,1,3,"., CLOS MONTHOLON (PLACE",0.0,0.0
201500039446,26,1,15,15,1,92,75,2,2,1,7,"., MARCEL MARTINIE (AVEN",0.0,0.0
201500039447,29,1,15,17,5,92,46,2,3,2,6,"., RAYMOND DAVID",0.0,0.0
201500039448,3,2,15,8,1,92,75,2,1,1,2,"., ALBERT LEGRIS (CARREF",0.0,0.0
201500039449,27,1,15,7,2,92,46,2,2,1,7,"134, PIERRE BROSSOLETTE",0.0,0.0
201500039450,8,2,15,11,1,92,46,2,1,1,6,"52, GABRIEL PERI",0.0,0.0
201500039451,11,2,15,18,5,92,46,1,3,1,3,"., Charles de gaulle",0.0,0.0
201500039452,13,2,15,20,5,92,46,2,1,2,3,"FACE 126, CAMELINAT",0.0,0.0
201500039453,25,2,15,11,1,92,75,2,1,1,3,"51-53, JEAN BLEUZEN",0.0,0.0
201500039454,28,2,15,13,1,92,75,2,4,1,2,"., JULLIEN (RUE)",0.0,0.0
201500039455,4,3,15,8,1,92,46,2,1,1,3,"210, PIERRE BROSSOLETTE",0.0,0.0
201500039456,4,3,15,13,1,92,46,2,1,1,7,"10, Jules Ferry",0.0,0.0
201500039457,6,3,15,22,5,92,75,2,1,1,6,"1, JACQUES JEZEQUEL (AVE",0.0,0.0
201500039458,11,3,15,17,1,92,75,2,3,1,6,"33, RAYMOND MARCHERON (R",0.0,0.0
201500039459,16,3,15,21,5,92,75,2,1,1,3,"44, RAYMOND MARCHERON (R",0.0,0.0
201500039460,30,3,15,14,1,92,46,2,1,1,7,"4, HENRI BARBUSSE (BOULE",0.0,0.0
201500039461,31,3,15,17,1,92,75,2,1,1,6,"1, place du g?n?ral LECL",0.0,0.0
201500039462,1,4,15,15,1,92,75,2,1,1,7,"24, JEAN BLEUZEN",0.0,0.0
201500039463,1,4,15,16,1,92,75,2,6,1,3,"., CARREFOUR DE L'INSURR",0.0,0.0
201500039464,31,3,15,19,1,92,46,2,3,1,3,"., GABRIEL PERI",0.0,0.0
201500039465,3,4,15,15,1,92,75,2,5,3,6,"., REPUBLIQUE (RUE DE LA",0.0,0.0
201500039466,2,4,15,23,5,92,46,2,1,2,6,"2/4, PIERRE BROSSOLETTE",0.0,0.0
201500039467,13,4,15,8,1,92,75,2,1,1,2,"., ERNEST LAVAL (RUE)",0.0,0.0
201500039468,15,4,15,18,1,92,75,2,1,1,2,"47, LYCEE (BOULEVARD DU)",0.0,0.0
201500039469,23,4,15,10,1,92,46,2,4,1,7,"1, CAMELINAT",0.0,0.0
201500039470,23,4,15,18,2,92,46,2,3,1,2,"1, RAYMOND DAVID",0.0,0.0
201500039471,30,4,15,12,1,92,75,2,1,3,6,"108, VICTOR HUGO (AVENUE",0.0,0.0
201500039472,5,5,15,7,2,92,75,2,6,2,7,"., DE L'INSURRECTION CAR",0.0,0.0
201500039473,21,5,15,8,1,92,46,2,1,1,7,"35, DE STALINGRAD",0.0,0.0
201500039474,26,5,15,8,1,92,75,2,7,1,3,"1, CARREFOUR DE L'INSURR",0.0,0.0
201500039475,1,6,15,10,1,92,46,2,3,1,7,"122, Paul vaillant coutu",0.0,0.0
201500039476,1,6,15,8,1,92,75,2,3,1,7,"12, PAIX (AVENUE DE LA)",0.0,0.0
201500039477,7,6,15,16,1,92,46,2,2,1,7,"1, CAMELINAT",0.0,0.0
201500039478,8,6,15,6,1,92,75,2,4,1,2,"20, VICTOR HUGO (AVENUE)",0.0,0.0
201500039479,9,6,15,19,1,92,75,1,3,1,3,"5, JULLIEN (RUE)",0.0,0.0
201500039480,14,6,15,21,2,92,46,2,1,1,7,"55, Charles de gaulle",0.0,0.0
201500039481,16,6,15,19,1,92,46,2,6,1,7,"., DE STALINGRAD",0.0,0.0
201500039482,23,6,15,18,1,92,75,2,1,2,6,"5, FRERES CHAPELLE (RUE",0.0,0.0
201500039483,29,6,15,1,5,92,75,2,1,1,6,"35, PAIX (AVENUE DE LA)",0.0,0.0
201500039484,30,6,15,16,1,92,46,2,2,1,2,"63, GABRIEL PERI",0.0,0.0
201500039485,6,7,15,18,1,92,46,2,3,1,7,"75, PIERRE LAROUSSE (AVE",0.0,0.0
201500039486,7,7,15,8,1,92,46,2,3,1,2,"13, FRERES VIGOUROUX (RU",0.0,0.0
201500039487,8,7,15,3,5,92,46,2,2,1,3,"1, GABRIEL PERI",0.0,0.0
201500039488,11,7,15,19,1,92,46,2,3,1,7,"1, VOLTAIRE (RUE)",0.0,0.0
201500039489,17,7,15,20,1,92,75,2,3,1,7,"., VICTOR HUGO (AVENUE)",0.0,0.0
201500039490,18,7,15,12,1,92,46,2,2,1,7,RAYMOND FASSIN (RUE),0.0,0.0
201500039491,10,8,15,16,1,92,46,2,3,1,7,"2, ETIENNE DOLET (RUE)",0.0,0.0
201500039492,26,8,15,14,1,92,75,2,1,1,7,"., ANTOINE FRATACCI (RUE",0.0,0.0
201500039493,13,9,15,14,1,92,46,2,1,1,3,"177, PIERRE BROSSOLETTE",0.0,0.0
201500039494,16,9,15,8,1,92,46,2,1,1,7,"124, GABRIEL PERI",0.0,0.0
201500039495,20,9,15,19,1,92,46,2,3,1,3,"1, DE STALINGRAD",0.0,0.0
201500039496,21,9,15,15,1,92,46,2,3,1,3,"1, PIERRE BROSSOLETTE",0.0,0.0
201500039497,22,9,15,20,5,92,75,2,6,2,7,"1, ERNEST LAVAL (RUE)",0.0,0.0
201500039498,25,9,15,12,1,92,75,2,6,1,7,"71, JEAN JAURES (AVENUE)",0.0,0.0
201500039499,29,9,15,17,1,92,75,2,3,1,3,"., JEAN BLEUZEN",0.0,0.0
201500039500,2,10,15,10,1,92,46,2,2,1,3,"., NICOMEDES PASCUAL (RU",0.0,0.0
201500039501,2,10,15,21,5,92,75,2,1,1,7,"40, LYCEE (BOULEVARD DU)",0.0,0.0
201500039502,9,10,15,21,5,92,46,2,1,1,7,"33, DE STALINGRAD",0.0,0.0
201500039503,10,10,15,11,1,92,46,2,3,1,3,"1, GABRIEL PERI",0.0,0.0
201500039504,14,10,15,18,1,92,75,2,4,1,3,"3, LYCEE (BOULEVARD DU)",0.0,0.0
201500039505,16,10,15,13,1,92,46,2,1,1,7,"32, DE STALINGRAD",0.0,0.0
201500039506,16,10,15,11,1,92,75,2,1,1,7,"13, LARMEROUX (RUE)",0.0,0.0
201500039507,21,10,15,18,2,92,75,2,3,1,3,"13, LYCEE (BOULEVARD DU)",0.0,0.0
201500039508,25,10,15,20,5,92,46,2,2,1,3,GABRIEL PERI,0.0,0.0
201500039509,28,10,15,14,1,92,75,1,1,1,7,"20, MARCEL YOL (RUE)",0.0,0.0
201500039510,28,10,15,19,5,92,46,2,3,1,3,"1, Avenue Pierre Larouss",0.0,0.0
201500039511,31,10,15,21,5,92,75,2,1,1,3,"12, LARMEROUX (RUE)",0.0,0.0
201500039512,2,11,15,14,1,92,46,2,3,1,3,"1, Charles de gaulle",0.0,0.0
201500039513,5,11,15,9,1,92,46,2,3,1,7,"2, ANDRE COIN (RUE)",0.0,0.0
201500039514,6,11,15,3,5,92,46,2,2,1,7,"1, FRERES VIGOUROUX (RUE",0.0,0.0
201500039515,18,11,15,8,1,92,75,2,1,1,2,"18, DE GAULLE (AVENUE DU",0.0,0.0
201500039516,24,11,15,14,1,92,75,2,6,1,2,CARREFOUR DE L'INSURRECT,0.0,0.0
201500039517,25,11,15,18,5,92,46,2,4,2,7,"153, GABRIEL PERI",0.0,0.0
201500039518,26,11,15,11,1,92,46,2,2,1,1,"1, AVAULEE (RUE)",0.0,0.0
201500039519,1,12,15,13,1,92,75,2,1,1,7,"24, LARMEROUX (RUE)",0.0,0.0
201500039520,2,12,15,15,1,92,75,2,1,1,6,"92, SADI CARNOT (RUE)",0.0,0.0
201500039521,10,12,15,19,5,92,46,2,1,1,2,"., CAMELINAT",0.0,0.0
201500039522,11,12,15,17,5,92,75,2,1,1,2,"14, VICTOR HUGO (AVENUE)",0.0,0.0
201500039523,18,12,15,15,1,92,46,2,1,1,7,"1, DE STALINGRAD",0.0,0.0
201500039524,2,1,15,16,1,92,78,2,1,1,2,"0, LONGUE BERTRANE (RUE)",0.0,0.0
201500039525,4,1,15,13,1,92,78,2,1,1,7,"20, HAUT DE LA NOUE (RUE",0.0,0.0
201500039526,9,1,15,9,1,92,78,2,1,8,3,"36, MARC SANGNIER (AVENU",0.0,0.0
201500039527,15,1,15,7,2,92,78,2,2,1,3,VERDUN (AVENUE) (IMPAIRS,0.0,0.0
201500039528,22,1,15,20,5,92,78,2,1,1,6,"0, ASNIERES (QUAI)",0.0,0.0
201500039529,2,2,15,11,2,92,78,2,2,1,3,"1, VERDUN (AVENUE) (IMPA",0.0,0.0
201500039530,28,3,15,23,5,92,78,2,1,1,6,"4, GALLIENI (BD) (1 A 79",0.0,0.0
201500039531,14,4,15,11,1,92,78,2,1,1,6,"35, JEAN MOULIN (AVENUE)",0.0,0.0
201500039532,14,4,15,16,1,92,78,2,1,1,6,"28, VERDUN (AVENUE) (IMP",0.0,0.0
201500039533,26,4,15,20,2,92,78,2,1,9,3,"0, VERDUN (AVENUE) (IMPA",0.0,0.0
201500039534,6,5,15,14,1,92,78,2,2,1,3,"0, VERDUN (AVENUE) (N° P",0.0,0.0
201500039535,14,5,15,11,1,92,78,2,1,1,4,"60, CHARLES DE GAULLE (B",0.0,0.0
201500039536,13,5,15,12,1,92,78,2,1,1,6,"4, GALLIENI (BD) (1 A 79",0.0,0.0
201500039537,1,6,15,15,1,92,78,2,2,1,3,"1, VIEUX CHEMIN DE ST DE",0.0,0.0
201500039538,10,6,15,17,1,92,78,2,1,1,6,"10, HAUT DE LA NOUE (RUE",0.0,0.0
201500039539,8,7,15,13,1,92,78,2,1,2,4,"1, MOULIN CAGE (QUAI)",0.0,0.0
201500039540,9,7,15,11,1,92,78,2,1,1,7,VERDUN (AVENUE) (PAIRS 2,0.0,0.0
201500039541,9,7,15,15,1,92,78,2,1,1,7,"287, CHARLES DE GAULLE (",0.0,0.0
201500039542,13,7,15,17,1,92,78,2,1,1,4,"0, MOULIN CAGE (QUAI)",0.0,0.0
201500039543,18,7,15,2,5,92,78,2,1,1,3,"2, GEORGES POMPIDOU (AVE",0.0,0.0
201500039544,18,7,15,18,1,92,78,2,3,1,3,VIEUX CHEMIN DE ST DENIS,0.0,0.0
201500039545,23,7,15,10,1,92,78,2,1,1,3,"28, VERDUN (AVENUE) (PAI",0.0,0.0
201500039546,15,8,15,12,1,92,78,2,1,1,3,"2, VIEUX CHEMIN DE ST DE",0.0,0.0
201500039547,21,9,15,18,1,92,78,2,1,1,3,"42, VERDUN (AVENUE) (N°",0.0,0.0
201500039548,2,10,15,10,1,92,78,2,1,1,3,"28, VERDUN (AVENUE) (PAI",0.0,0.0
201500039549,19,10,15,14,1,92,78,2,6,1,3,"0, RENIERS (AVENUE CHEMI",0.0,0.0
201500039550,31,10,15,10,1,92,78,2,1,1,3,"27, LONGUE BERTRANE (RUE",0.0,0.0
201500039551,3,11,15,15,1,92,78,2,1,1,6,"4, GALLIENI (BD) (1 A 79",0.0,0.0
201500039552,8,12,15,13,1,92,78,2,3,2,1,"0, VERDUN (AVENUE) (PAIR",0.0,0.0
201500039553,7,11,15,19,3,92,78,2,1,1,2,"5, MOULIN CAGE (QUAI)",0.0,0.0
201500039554,16,12,15,12,1,92,78,2,1,1,7,"38, VERDUN (AVENUE) (N°",0.0,0.0
201500039555,21,12,15,23,5,92,78,2,3,2,1,"0, FOND DE LA NOUE (RUE)",0.0,0.0
201500039556,27,12,15,17,5,92,78,2,1,1,7,"1, GALLIENI (BD) (154 ET",0.0,0.0
201500039557,29,12,15,14,1,92,78,2,1,1,6,"60, CHARLES DE GAULLE (B",0.0,0.0