Num_Acc,jour,mois,an,hr,condition_eclairage,departement,commune,condition_agglomeration,intersection,condition_atmosphere,type_collision,adresse,lattitude,longitude
201500039558,21,1,15,20,5,92,62,2,1,1,6,"*****, DEFENSE (ROND POI",0.0,0.0
201500039559,28,1,15,18,5,92,26,2,1,2,6,"01, HENRI REGNAULT (PLAC",0.0,0.0
201500039560,19,2,15,12,1,92,26,2,2,1,7,BOULEVARD CIRCULAIRE,0.0,0.0
201500039561,12,3,15,18,1,92,26,2,1,1,3,"20, ANDRE PROTHIN (AVENU",0.0,0.0
201500039562,7,4,15,16,1,92,62,2,3,1,2,RCE CHERBOURG/CIRCULAIRE,0.0,0.0
201500039563,22,4,15,15,1,92,62,2,1,1,7,"01, MICHELET (RUE)",0.0,0.0
201500039564,24,4,15,1,5,92,26,2,2,1,3,BOULEVARD CIRCULAIRE,0.0,0.0
201500039565,20,5,15,12,1,92,26,2,1,1,3,BOULEVARD CIRCULAIRE,0.0,0.0
201500039566,27,5,15,3,5,92,26,2,1,1,7,BOULEVARD CIRCULAIRE,0.0,0.0
201500039567,1,6,15,13,1,92,26,2,1,1,7,BOULEVARD CIRCULAIRE,0.0,0.0
201500039568,2,7,15,8,1,92,62,2,1,1,4,"****, RN314",0.0,0.0
201500039569,15,7,15,21,1,92,62,1,1,1,2,BOULEVARD CIRCULAIRE,0.0,0.0
201500039570,17,7,15,19,1,92,26,2,1,1,3,BOULEVARD CIRCULAIRE,0.0,0.0
201500039571,5,8,15,20,2,92,62,2,1,1,7,Paul LAFARGUE,0.0,0.0
201500039572,29,8,15,1,5,92,26,2,3,1,3,"9, ANDRE PROTHIN (AVENUE",0.0,0.0
201500039573,18,9,15,18,1,92,26,2,1,1,7,MEDIANE,0.0,0.0
201500039574,24,9,15,20,2,92,62,2,1,1,6,GENERAL DE GAULLE (AVENU,0.0,0.0
201500039575,13,10,15,12,1,92,26,2,3,1,3,BOULEVARD CIRCULAIRE,0.0,0.0
201500039576,13,10,15,18,1,92,62,2,1,1,7,BLD KUPKA,0.0,0.0
201500039577,10,11,15,9,1,92,26,2,1,1,2,ALBERT GLEIZES (AVENUE),0.0,0.0
201500039578,10,11,15,15,1,92,62,2,1,1,7,"1, GENERAL DE GAULLE (AV",0.0,0.0
201500039579,18,11,15,7,2,92,26,2,2,1,5,"1, BOULEVARD CIRCULAIRE",0.0,0.0
201500039580,29,12,15,19,5,92,62,2,1,1,3,VOIE PERONNET NORD,0.0,0.0
201500039581,30,11,15,19,2,92,62,2,1,1,3,PERRONET NORD ET SUD,0.0,0.0
201500039582,5,12,15,11,1,92,26,2,1,1,4,"06, DIVISION LECLERC (AV",0.0,0.0
201500039583,15,12,15,19,2,92,26,2,1,3,3,BOULEVARD CIRCULAIRE,0.0,0.0
201500039584,29,12,15,6,2,92,26,2,1,2,6,DIVISION LECLERC (AVENUE,0.0,0.0
201500039585,14,1,15,15,1,93,1,2,1,1,2,"10, ADRIEN AGNES (QUAI)",0.0,0.0
201500039586,16,1,15,8,2,93,1,2,1,1,2,"110, DANIELLE CASANOVA (",0.0,0.0
201500039587,19,1,15,20,5,93,1,2,2,1,6,JEAN JAURES (AVE)  => 53,0.0,0.0
201500039588,14,1,15,2,5,93,1,2,3,2,6,JEAN JAURES  (AVE)  157,0.0,0.0
201500039589,22,1,15,12,1,93,1,2,1,1,6,"118, HELENE COCHENNEC (R",0.0,0.0
201500039590,24,1,15,19,5,93,1,2,3,1,6,LOPEZ ET JULES MARTIN (R,0.0,0.0
201500039591,25,1,15,16,1,93,1,2,1,1,6,"8, MOUTIER (RUE DU)  =>",0.0,0.0
201500039592,26,1,15,14,1,93,1,2,1,2,2,"121, VICTOR HUGO (AVE)",0.0,0.0
201500039593,30,1,15,13,1,93,1,2,2,2,2,ACHILLE DOMART (RUE),0.0,0.0
201500039594,4,2,15,14,1,93,1,2,1,1,6,"2, EDOUARD POISSON  (RUE",0.0,0.0
201500039595,7,2,15,16,1,93,1,2,1,1,6,"120, VICTOR HUGO (AVE)",0.0,0.0
201500039596,9,2,15,16,1,93,1,2,1,1,2,"52, PRESIDENT ROOSEVELT",0.0,0.0
201500039597,10,2,15,14,1,93,1,2,1,1,6,"21-23, ANATOLE FRANCE  (",0.0,0.0
201500039598,11,2,15,10,1,93,1,2,1,1,3,"21/23, LUCIEN LEFRANC (Q",0.0,0.0
201500039599,12,2,15,18,5,93,1,2,1,1,6,"58, CITES (RUE DES)  =>9",0.0,0.0
201500039600,14,2,15,1,5,93,1,2,3,2,3,FELIX FAURE (BLD) => 121,0.0,0.0
201500039601,18,2,15,11,1,93,1,2,1,1,6,"14, FILLETTES (RUE DES)",0.0,0.0
201500039602,19,2,15,20,5,93,1,2,1,1,3,51 JEAN JAURES (AVE)  =,0.0,0.0
201500039603,20,2,15,10,1,93,1,2,1,2,6,"10 BIS, COURNEUVE (RUE D",0.0,0.0
201500039604,20,2,15,18,5,93,1,2,1,2,6,"6, EMILE RAYNAUD (RUE)",0.0,0.0
201500039605,25,2,15,11,1,93,1,2,1,1,2,"75, FELIX FAURE (BLD) =>",0.0,0.0
201500039606,1,3,15,15,1,93,1,2,1,1,6,"145, DANIELLE CASANOVA (",0.0,0.0
201500039607,2,3,15,15,1,93,1,2,3,7,2,FELIX FAURE (BLD)  => 11,0.0,0.0
201500039608,25,2,15,12,1,93,1,2,1,1,2,"44, ANATOLE FRANCE (BLD)",0.0,0.0
201500039609,4,3,15,12,1,93,1,2,1,1,6,"127, JEAN JAURES (AVE) 5",0.0,0.0
201500039610,10,3,15,9,1,93,1,2,1,1,2,"221, FELIX FAURE (BLD) =",0.0,0.0
201500039611,13,3,15,16,1,93,1,2,3,1,3,JEAN JAURES  (AVE)  157,0.0,0.0
201500039612,15,3,15,0,5,93,1,2,3,2,3,DANIELLE CASANOVA (RUE),0.0,0.0
201500039613,16,3,15,11,1,93,1,2,1,1,6,"148, VICTOR HUGO (AVE)",0.0,0.0
201500039614,18,3,15,11,1,93,1,2,1,1,6,"50, PONT BLANC.CHARLES T",0.0,0.0
201500039615,22,3,15,16,1,93,1,2,1,1,2,"217, JEAN JAURES (AVE) 5",0.0,0.0
201500039616,23,3,15,8,1,93,1,2,1,1,3,"172, JEAN JAURES (AVE)",0.0,0.0
201500039617,30,3,15,10,1,93,1,2,1,1,6,"23, FIRMIN GEMIER (RUE)",0.0,0.0
201500039618,3,4,15,14,1,93,1,2,1,2,2,"23, JEAN JAURES (AVE)  =",0.0,0.0
201500039619,3,4,15,19,2,93,1,2,1,2,5,"52, SAINT-DENIS (RUE DE)",0.0,0.0
201500039620,7,4,15,18,1,93,1,2,1,1,6,"130, HENRI BARBUSSE (RUE",0.0,0.0
201500039621,8,4,15,17,1,93,1,2,1,1,6,"39, ALFRED JARRY (RUE)",0.0,0.0
201500039622,17,4,15,18,1,93,1,1,9,1,6,"07, PAUL ELUARD (ALLEE)",0.0,0.0
201500039623,20,4,15,14,1,93,1,2,1,1,6,"16/22, LEOPOLD RECHOSSIE",0.0,0.0
201500039624,21,4,15,15,1,93,1,2,1,1,6,"100, REPUBLIQUE (AVE DE",0.0,0.0
201500039625,22,4,15,17,1,93,1,2,1,1,6,HAIE COQ (RUE DE LA ) 93,0.0,0.0
201500039626,26,4,15,19,1,93,1,2,3,2,3,"10, REPUBLIQUE (AVE DE L",0.0,0.0
201500039627,28,4,15,11,1,93,1,2,2,1,6,"45 bis, PRESIDENT ROOSEV",0.0,0.0
201500039628,29,4,15,11,1,93,1,2,1,1,2,"213, JEAN JAURES  (AVE)",0.0,0.0
201500039629,30,4,15,13,1,93,1,2,1,3,3,"36, LANDY (RUE DU) 34/29",0.0,0.0
201500039630,2,5,15,11,1,93,1,2,3,2,3,"10, REPUBLIQUE (AVE DE L",0.0,0.0
201500039631,9,5,15,9,1,93,1,2,1,1,6,"165, JEAN JAURES (AVE) 5",0.0,0.0
201500039632,18,5,15,10,1,93,1,2,1,1,6,"27, FIRMIN GEMIER (RUE)",0.0,0.0
201500039633,21,5,15,17,1,93,1,2,1,1,6,"30 BIS, POSTES (RUE DES)",0.0,0.0
201500039634,5,6,15,17,1,93,1,2,9,1,6,"243, JEAN JAURES (AVE)",0.0,0.0
201500039635,8,6,15,18,1,93,1,2,1,1,5,"63, JEAN JAURES  (AVE)",0.0,0.0
201500039636,10,6,15,18,1,93,1,2,1,1,6,"6, WALDECK ROCHET (RUE)",0.0,0.0
201500039637,12,6,15,16,1,93,1,2,1,1,6,"156, DANIELLE CASANOVA (",0.0,0.0
201500039638,12,6,15,19,1,93,1,2,1,1,6,", REGINE GOSSET (RUE)",0.0,0.0
201500039639,12,6,15,19,1,93,1,2,1,1,3,", LEOPOLD RECHOSSIERE (R",0.0,0.0
201500039640,13,6,15,20,1,93,1,2,3,1,6,JEAN JAURES  (AVE)  157,0.0,0.0
201500039641,16,6,15,18,1,93,1,2,1,1,6,SAINT-DENIS (RUE DE),0.0,0.0
201500039642,17,6,15,8,1,93,1,2,1,1,3,"51, PRESLES (RUE DE)",0.0,0.0
201500039643,17,6,15,18,1,93,1,2,1,1,3,"139, VICTOR HUGO (AVE)",0.0,0.0
201500039644,20,6,15,21,2,93,1,2,3,1,6,"213, JEAN JAURES  (AVE)",0.0,0.0
201500039645,21,6,15,9,1,93,1,2,2,1,3,DANIELLE CASANOVA (RUE),0.0,0.0
201500039646,23,6,15,11,1,93,1,2,1,1,6,"9, DOCTEUR PESQUE (RUE D",0.0,0.0
201500039647,23,6,15,19,1,93,1,2,3,1,3,"64, ANATOLE FRANCE (BLD)",0.0,0.0
201500039648,24,6,15,9,1,93,1,2,1,1,4,"211, JEAN JAURES  (AVE)",0.0,0.0
201500039649,29,6,15,15,1,93,1,2,1,1,3,"54, PRESIDENT ROOSEVELT",0.0,0.0
201500039650,29,6,15,20,1,93,1,2,1,1,3,"158, VICTOR HUGO (AVE)",0.0,0.0
201500039651,1,7,15,12,1,93,1,2,1,1,6,"156, DANIELLE CASANOVA (",0.0,0.0
201500039652,8,7,15,0,5,93,1,2,1,1,6,JEAN JAURES (AVE)  215 =,0.0,0.0
201500039653,9,7,15,10,1,93,1,2,1,1,4,"187, JEAN JAURES  (AVE)",0.0,0.0
201500039654,9,7,15,15,1,93,1,2,1,1,2,"25, PONT BLANC.CHARLES T",0.0,0.0
201500039655,9,7,15,19,1,93,1,2,1,1,2,"21, PONT BLANC.CHARLES T",0.0,0.0
201500039656,11,7,15,9,1,93,1,2,1,1,6,"101, JEAN JAURES (AVE) 5",0.0,0.0
201500039657,11,7,15,16,1,93,1,2,1,1,2,"185, JEAN JAURES  (AVE)",0.0,0.0
201500039658,12,7,15,3,5,93,1,2,2,1,2,"131, JEAN JAURES (AVE) 5",0.0,0.0
201500039659,23,7,15,17,1,93,1,2,3,1,3,"114, PONT BLANC.CHARLES",0.0,0.0
201500039660,29,7,15,1,5,93,1,2,1,1,6,"185, JEAN JAURES  (AVE)",0.0,0.0
201500039661,29,7,15,23,5,93,1,2,1,1,2,"21, PONT BLANC.CHARLES T",0.0,0.0
201500039662,4,8,15,1,5,93,1,2,1,1,3,PRESLES (RUE DE),0.0,0.0
201500039663,7,8,15,10,1,93,1,2,1,1,6,"84 BIS, REPUBLIQUE (AVE",0.0,0.0
201500039664,10,8,15,18,1,93,1,2,1,1,3,"55, VICTOR HUGO (AVE)  =",0.0,0.0
201500039665,12,8,15,13,1,93,1,2,1,1,2,"66, SCHAEFFER (RUE)",0.0,0.0
201500039666,13,8,15,19,1,93,1,2,9,2,6,"140, REPUBLIQUE (AVE DE",0.0,0.0
201500039667,15,8,15,13,1,93,1,2,1,1,3,"127, JEAN JAURES (AVE) 5",0.0,0.0
201500039668,19,8,15,2,5,93,1,2,2,1,3,"93, HEURTAULT (RUE)",0.0,0.0
201500039669,20,8,15,16,1,93,1,2,2,8,3,"18, CREVECOEUR  (RUE) =>",0.0,0.0
201500039670,21,8,15,14,1,93,1,2,2,1,3,"178, JEAN JAURES (AVE)",0.0,0.0
201500039671,22,8,15,20,2,93,1,2,1,1,5,"39, REPUBLIQUE (AVE DE L",0.0,0.0
201500039672,24,8,15,14,1,93,1,2,1,2,1,"27, VICTOR HUGO (AVE)  N",0.0,0.0
201500039673,25,8,15,10,1,93,1,2,6,1,6,", LUCIEN LEFRANC (QUAI)",0.0,0.0
201500039674,26,8,15,9,1,93,1,2,2,1,6,WALDECK ROCHET (RUE),0.0,0.0
201500039675,26,8,15,21,5,93,1,2,3,2,3,ECOLES (RUE DES)  => 23/,0.0,0.0
201500039676,28,8,15,19,1,93,1,2,1,1,3,"10, LATERAL-NORD (CHEMIN",0.0,0.0
201500039677,10,9,15,9,1,93,1,2,1,1,2,JEAN JAURES (AVE)  => 53,0.0,0.0
201500039678,12,9,15,18,1,93,1,2,1,2,6,"95, JEAN JAURES (AVE) 55",0.0,0.0
201500039679,13,9,15,16,1,93,1,2,2,1,6,"213, JEAN JAURES  (AVE)",0.0,0.0
201500039680,13,9,15,18,1,93,1,2,1,1,6,"20, ANATOLE FRANCE (BLD)",0.0,0.0
201500039681,14,9,15,12,1,93,1,2,1,1,6,"157, ANDRE KARMAN (RUE)",0.0,0.0
201500039682,17,9,15,10,1,93,1,2,1,1,6,"39, REPUBLIQUE (AVE DE L",0.0,0.0
201500039683,21,9,15,0,5,93,1,2,1,1,5,"23, REPUBLIQUE (AVE DE L",0.0,0.0
201500039684,30,9,15,18,1,93,1,2,1,1,6,"117, VICTOR HUGO (AVE)",0.0,0.0
201500039685,1,10,15,20,5,93,1,2,1,1,6,"66, HENRI BARBUSSE (RUE)",0.0,0.0
201500039686,2,10,15,17,1,93,1,2,1,1,6,"156, DANIELLE CASANOVA (",0.0,0.0
201500039687,7,10,15,9,1,93,1,2,1,1,3,"84, SAINT-DENIS (RUE DE)",0.0,0.0
201500039688,8,10,15,11,1,93,1,2,1,1,3,"142, FELIX FAURE (BLD)",0.0,0.0
201500039689,9,10,15,15,1,93,1,2,1,1,6,"21-23, LUCIEN LEFRANC (Q",0.0,0.0
201500039690,11,10,15,11,1,93,1,2,1,1,3,"113/115, FELIX FAURE (BL",0.0,0.0
201500039691,13,10,15,19,2,93,1,2,1,1,3,"218, FELIX FAURE (BLD) =",0.0,0.0
201500039692,19,10,15,18,2,93,1,2,5,1,6,"90, VICTOR HUGO (AVE)  =",0.0,0.0
201500039693,20,10,15,17,1,93,1,2,1,1,6,"65, CITES (RUE DES)  =>",0.0,0.0
201500039694,22,10,15,10,1,93,1,2,1,8,2,"70, FELIX FAURE (BLD) =>",0.0,0.0
201500039695,23,10,15,13,1,93,1,1,1,1,2,", WALDECK ROCHET (RUE)",0.0,0.0
201500039696,24,10,15,13,1,93,1,2,9,1,6,"1, REPUBLIQUE (AVE DE LA",0.0,0.0
201500039697,24,10,15,13,1,93,1,2,1,1,6,"55, JEAN JAURES (AVE) 55",0.0,0.0
201500039698,27,10,15,11,1,93,1,2,1,1,6,"80, REPUBLIQUE (AVE DE L",0.0,0.0
201500039699,30,10,15,16,1,93,1,2,2,1,6,"19, VICTOR HUGO (AVE)  N",0.0,0.0
201500039700,31,10,15,13,1,93,1,2,1,1,6,"193, VICTOR HUGO (AVE)",0.0,0.0
201500039701,7,11,15,12,1,93,1,2,1,1,6,"02, REPUBLIQUE (AVE DE L",0.0,0.0
201500039702,8,11,15,14,1,93,1,2,2,1,6,"x, COTTIN (PLACE)",0.0,0.0
201500039703,8,11,15,18,3,93,1,2,1,1,6,"5, JEAN JAURES (AVE)  =>",0.0,0.0
201500039704,11,11,15,18,5,93,1,2,1,1,6,"106, REPUBLIQUE (AVE DE",0.0,0.0
201500039705,20,11,15,8,1,93,1,2,1,3,6,"136, REPUBLIQUE (AVE DE",0.0,0.0
201500039706,22,11,15,13,1,93,1,2,2,1,3,"22, ANATOLE FRANCE (BLD)",0.0,0.0
201500039707,22,11,15,23,5,93,1,2,1,1,3,"183, JEAN JAURES  (AVE)",0.0,0.0
201500039708,26,11,15,15,1,93,1,2,1,1,6,"80, REPUBLIQUE (AVE DE L",0.0,0.0
201500039709,26,11,15,18,5,93,1,2,2,1,6,"149, LEOPOLD RECHOSSIERE",0.0,0.0
201500039710,29,11,15,5,5,93,1,2,9,2,2,"213BIS, JEAN JAURES  (AV",0.0,0.0
201500039711,3,12,15,14,1,93,1,2,1,1,3,"27, FILLETTES (RUE DES)",0.0,0.0
201500039712,5,12,15,22,5,93,1,2,1,1,6,HELENE COCHENNEC (RUE),0.0,0.0
201500039713,9,12,15,13,1,93,1,2,2,1,6,VICTOR HUGO (AVE)  => 12,0.0,0.0
201500039714,10,12,15,5,5,93,1,2,2,1,3,"48, HENRI BARBUSSE (RUE)",0.0,0.0
201500039715,13,12,15,12,1,93,1,2,1,1,6,"171, CITES (RUE DES)  =>",0.0,0.0
201500039716,13,12,15,20,5,93,1,2,1,1,6,"39, REPUBLIQUE (AVE DE L",0.0,0.0
201500039717,17,12,15,11,1,93,1,2,3,1,3,67 VICTOR HUGO (AVE)  =,0.0,0.0
201500039718,18,12,15,11,1,93,1,2,1,1,2,"23, MADELEINE VIONNET(RU",0.0,0.0
201500039719,28,12,15,12,1,93,1,2,6,1,3,HENRI-ROL TANGUY (PLACE),0.0,0.0
201500039720,9,1,15,18,3,93,5,1,1,8,4,RAOUL DUFY (AVENUE),0.0,0.0
201500039721,13,1,15,14,1,93,5,2,1,2,1,"6, AUGUSTE BLANQUI (RUE)",0.0,0.0
201500039722,20,1,15,12,1,93,5,2,1,1,6,MITRY [CD115] (ROUTE DE),0.0,0.0
201500039723,20,1,15,19,5,93,5,2,8,1,6,PREFET CHALEIL (CD44) (R,0.0,0.0
201500039724,4,2,15,8,1,93,5,1,1,4,7,ROBERT BREMOND (RUE),0.0,0.0
201500039725,5,2,15,14,1,93,5,2,1,1,6,FERNAND HERBAUD (RUE),0.0,0.0
201500039726,6,2,15,15,1,93,5,2,1,1,3,COttAGE (AVENUE du,0.0,0.0
201500039727,6,2,15,17,1,93,5,2,1,1,2,ANDRE CITROEN (BOULEVARD,0.0,0.0
201500039728,9,2,15,13,1,93,5,2,1,1,1,LEFEVRE (BOULEVARD),0.0,0.0
201500039729,11,2,15,22,5,93,5,2,3,1,1,"108, MITRY [CD115] (RUE",0.0,0.0
201500039730,13,2,15,9,1,93,5,2,1,1,3,GEORGES BRAQUE (BOULEVAR,0.0,0.0
201500039731,20,2,15,8,1,93,5,2,1,2,6,JACQUES DUCLOS [CD44] (R,0.0,0.0
201500039732,21,2,15,21,5,93,5,2,1,1,3,JACQUES DUCLOS [CD44] (R,0.0,0.0
201500039733,24,2,15,7,1,93,5,2,1,1,6,PREFET CHALEIL (CD44) (R,0.0,0.0
201500039734,24,2,15,20,5,93,5,2,2,1,2,MOULIN A VENT (RUE DU),0.0,0.0
201500039735,24,2,15,20,5,93,5,2,1,1,6,MITRY [CD115] (ROUTE DE),0.0,0.0
201500039736,27,2,15,1,3,93,5,2,9,2,6,RAOUL DUFY (AVENUE),0.0,0.0
201500039737,4,3,15,15,1,93,5,2,1,1,1,"29, LEFEVRE (BOULEVARD)",0.0,0.0
201500039738,12,3,15,11,1,93,5,2,3,1,6,RAOUL DUFY (AVENUE),0.0,0.0
201500039739,16,3,15,16,1,93,5,2,2,1,6,SALVADOR ALLENDE (COURS),0.0,0.0
201500039740,22,3,15,12,1,93,5,2,1,1,4,GEORGES BRAQUE (BOULEVAR,0.0,0.0
201500039741,23,3,15,0,5,93,5,2,1,1,3,JEAN CHARCOT [CD115] (RU,0.0,0.0
201500039742,23,3,15,14,1,93,5,2,1,1,3,"15, JACQUES DUCLOS [CD44",0.0,0.0
201500039743,23,3,15,19,2,93,5,2,9,1,6,EDGAR DEGAS (RUE),0.0,0.0
201500039744,24,3,15,22,2,93,5,2,1,2,1,JACQUES DUCLOS [CD44] (R,0.0,0.0
201500039745,26,3,15,11,1,93,5,2,1,2,6,"25, ARTHUR CHEVALIER (RU",0.0,0.0
201500039746,27,3,15,6,1,93,5,2,1,1,6,PAUL CEZANNE (RUE),0.0,0.0
201500039747,27,3,15,16,1,93,5,2,1,1,2,RAOUL DUFY (AVENUE),0.0,0.0
201500039748,28,3,15,14,1,93,5,2,1,1,6,"19, MOULIN DE LA VILLE (",0.0,0.0
201500039749,29,3,15,19,2,93,5,1,1,2,2,", EUROPE (CARREFOUR DE L",0.0,0.0
201500039750,30,3,15,16,1,93,5,2,1,1,6,"46, MOULIN DE LA VILLE (",0.0,0.0
201500039751,2,4,15,12,1,93,5,2,9,2,3,ANDRE CITROEN (BOULEVARD,0.0,0.0
201500039752,11,4,15,9,1,93,5,2,1,1,6,JACQUES DUCLOS [CD44] (R,0.0,0.0
201500039753,13,4,15,15,1,93,5,2,1,1,5,MARC CHAGALL (BOULEVARD),0.0,0.0
201500039754,14,4,15,20,2,93,5,2,1,1,6,GEORGES BRAQUE (BOULEVAR,0.0,0.0
201500039755,15,4,15,9,1,93,5,2,3,1,3,PREFET CHALEIL (CD44) (R,0.0,0.0
201500039756,27,4,15,15,1,93,5,2,1,1,6,EDGAR DEGAS (RUE),0.0,0.0
201500039757,28,4,15,19,1,93,5,2,1,1,2,PAUL CEZANNE (RUE),0.0,0.0
201500039758,28,4,15,22,5,93,5,2,4,1,6,MARC CHAGALL (BOULEVARD),0.0,0.0
201500039759,28,7,15,17,1,93,71,2,1,1,6,0 DUMONT D'URVILLE (AVE,0.0,0.0
201500039760,30,4,15,10,1,93,5,2,2,2,3,"43, PIERRE JOUHET (AVENU",0.0,0.0
201500039761,2,5,15,17,1,93,5,2,1,2,3,SALVADOR ALLENDE (COURS),0.0,0.0
201500039762,4,5,15,8,1,93,5,2,1,1,6,LEON (RUE),0.0,0.0
201500039763,4,5,15,14,1,93,5,2,1,1,3,JEAN MONET (CARREFOUR),0.0,0.0
201500039764,5,5,15,8,1,93,5,2,2,2,6,"33, DIVISION LECLERC (RU",0.0,0.0
201500039765,8,5,15,10,1,93,5,2,9,1,5,EUROPE (CARREFOUR DE L'),0.0,0.0
201500039766,9,5,15,12,1,93,5,2,9,1,1,JULES PRINCET [CD115] (R,0.0,0.0
201500039767,13,5,15,0,5,93,5,2,2,1,6,"105, JACQUES DUCLOS [CD4",0.0,0.0
201500039768,13,5,15,23,5,93,5,2,1,2,6,CLOS D'ARCON (RUE DU),0.0,0.0
201500039769,14,5,15,23,5,93,5,2,1,2,6,PREFET CHALEIL (CD44) (R,0.0,0.0
201500039770,16,5,15,9,1,93,5,2,1,1,2,JACQUES DUCLOS [CD44] (R,0.0,0.0
201500039771,17,5,15,1,5,93,5,2,1,1,5,SUZANNE LENGLEN (AVENUE),0.0,0.0
201500039772,17,5,15,21,5,93,5,2,1,1,3,"59, PAUL CEZANNE (RUE)",0.0,0.0
201500039773,24,5,15,15,1,93,5,2,3,1,6,"101, MITRY [CD115] (ROUT",0.0,0.0
201500039774,25,5,15,21,5,93,5,2,3,1,3,EDGAR DEGAS (RUE),0.0,0.0
201500039775,26,5,15,11,1,93,5,2,1,1,2,ROBERT SCHUMAN (CARREFOU,0.0,0.0
201500039776,30,5,15,17,1,93,5,2,1,1,6,"neant, REMBRANDT (RUE)",0.0,0.0
201500039777,31,5,15,16,1,93,5,2,3,2,6,"89, MAXIMILIEN ROBESPIER",0.0,0.0
201500039778,4,12,15,17,2,93,71,2,2,1,3,0 EDISON (RUE),0.0,0.0
201500039779,1,6,15,11,1,93,5,2,1,1,6,"20, SEVERINE (RUE)",0.0,0.0
201500039780,2,6,15,13,1,93,5,2,1,1,3,JACQUES DUCLOS [CD44] (R,0.0,0.0
201500039781,9,6,15,17,1,93,5,1,1,1,6,JEAN MONET (CARREFOUR),0.0,0.0
201500039782,9,6,15,19,1,93,5,2,1,1,6,PARINOR,0.0,0.0
201500039783,13,6,15,20,1,93,5,2,1,1,6,GENERAL DE GAULLE (PLACE,0.0,0.0
201500039784,15,12,15,9,1,93,71,2,1,1,2,0 GABRIEL PERI (RUE),0.0,0.0
201500039785,15,6,15,11,1,93,5,2,1,1,3,MARC CHAGALL (BOULEVARD),0.0,0.0
201500039786,15,6,15,17,1,93,5,2,1,1,6,DIVISION LECLERC (RUE DE,0.0,0.0
201500039787,17,6,15,14,1,93,5,1,1,1,6,PAUL CEZANNE (RUE),0.0,0.0
201500039788,18,6,15,15,1,93,5,2,1,1,3,JEAN CHARCOT [CD115] (RU,0.0,0.0
201500039789,19,6,15,17,1,93,5,2,1,1,6,EDGAR DEGAS (RUE),0.0,0.0
201500039790,26,6,15,20,1,93,5,2,1,1,6,MAXIMILIEN ROBESPIERRE (,0.0,0.0
201500039791,28,6,15,15,1,93,5,2,1,1,6,MITRY [CD115] (RUE DE),0.0,0.0
201500039792,30,6,15,2,3,93,5,1,1,1,7,MARC CHAGALL (BOULEVARD),0.0,0.0
201500039793,30,6,15,16,1,93,5,2,1,1,2,MITRY [CD115] (ROUTE DE),0.0,0.0
201500039794,1,7,15,8,1,93,5,2,1,1,6,JULES PRINCET [CD115] (R,0.0,0.0
201500039795,1,7,15,16,1,93,5,2,2,1,3,CHARLES FLOQUET (BOULEVA,0.0,0.0
201500039796,7,7,15,19,1,93,5,2,1,1,3,EDGAR DEGAS (RUE),0.0,0.0
201500039797,9,7,15,11,1,93,5,2,2,1,3,NONNEVILLE (AVENUE DE),0.0,0.0
201500039798,12,7,15,19,1,93,5,2,1,1,6,JACQUES DUCLOS [CD44] (R,0.0,0.0
201500039799,13,7,15,14,1,93,5,2,2,1,3,GAMBETTA (AVENUE),0.0,0.0
201500039800,15,7,15,17,1,93,5,2,4,1,6,HENRI BARBUSSE (RUE),0.0,0.0
201500039801,17,7,15,20,1,93,5,2,1,1,5,ROSIERS (AVENUE DES),0.0,0.0
201500039802,23,7,15,22,5,93,5,2,2,1,3,", STRASBOURG (BOULEVARD",0.0,0.0
201500039803,25,7,15,21,2,93,5,2,2,1,3,HENRI BARBUSSE (RUE),0.0,0.0
201500039804,26,7,15,2,5,93,5,2,9,1,3,CHARLES DE GAULLE [CD115,0.0,0.0
201500039805,27,7,15,19,1,93,5,2,1,1,2,LOUISE MICHEL (RUE),0.0,0.0
201500039806,29,7,15,17,1,93,5,2,2,1,3,HONORE SOHIER (RUE),0.0,0.0
201500039807,29,7,15,13,1,93,5,2,1,1,6,MARC CHAGALL (BOULEVARD),0.0,0.0
201500039808,30,7,15,20,1,93,5,2,1,1,3,MITRY [CD115] (ROUTE DE),0.0,0.0
201500039809,9,8,15,15,1,93,5,2,1,1,6,"3, SAGITTAIRE (ALLEE DU)",0.0,0.0
201500039810,18,8,15,17,1,93,5,2,1,1,2,JACQUES DUCLOS [CD44] (R,0.0,0.0
201500039811,20,8,15,11,1,93,5,2,6,2,3,", WALDECK ROUSSEAU (RUE)",0.0,0.0
201500039812,22,8,15,7,1,93,5,2,1,1,6,GEORGES BRAQUE (BOULEVAR,0.0,0.0
201500039813,24,8,15,8,1,93,5,2,1,2,6,ANATOLE FRANCE (AVENUE),0.0,0.0
201500039814,27,8,15,12,1,93,5,2,1,2,3,SUZANNE LENGLEN (AVENUE),0.0,0.0
201500039815,28,8,15,15,1,93,5,2,1,1,6,"40, QUATORZE JUILLET (AV",0.0,0.0
201500039816,28,8,15,16,1,93,5,2,1,1,2,MITRY [CD115] (ROUTE DE),0.0,0.0
201500039817,8,9,15,8,1,93,5,2,1,1,6,STRASBOURG (BOULEVARD DE,0.0,0.0
201500039818,8,9,15,19,1,93,5,2,1,1,6,"74, ALIX (RUE)",0.0,0.0
201500039819,9,9,15,22,5,93,5,2,3,1,3,"60, AUGUSTE RENOIR (RUE)",0.0,0.0
201500039820,10,9,15,15,1,93,5,1,6,1,3,ANDRE CITROEN (BOULEVARD,0.0,0.0
201500039821,12,9,15,19,5,93,5,2,1,2,3,CHARLES DE GAULLE [CD115,0.0,0.0
201500039822,13,9,15,13,1,93,5,2,1,3,4,RAOUL DUFY (AVENUE),0.0,0.0
201500039823,18,9,15,20,5,93,5,2,1,2,2,RAOUL DUFY (AVENUE),0.0,0.0
201500039824,18,9,15,19,5,93,5,2,1,2,1,JULES VALLES (RUE),0.0,0.0
201500039825,23,9,15,5,5,93,5,2,6,2,7,ANDRE CITROEN (BOULEVARD,0.0,0.0
201500039826,23,9,15,10,1,93,5,2,1,1,3,SEVRAN (CD44) (RUE DE),0.0,0.0
201500039827,25,9,15,8,1,93,5,2,1,1,3,ANATOLE FRANCE (AVENUE),0.0,0.0
201500039828,27,9,15,18,1,93,5,1,1,1,4,JEAN MONET (CARREFOUR),0.0,0.0
201500039829,29,9,15,16,1,93,5,2,3,1,3,JULES VALLES (RUE),0.0,0.0
201500039830,30,9,15,12,1,93,5,2,1,1,2,SEVRAN (CD44) (RUE DE),0.0,0.0
201500039831,1,10,15,18,1,93,5,2,3,1,7,INDUSTRIE (RUE DE L'),0.0,0.0
201500039832,2,10,15,14,1,93,5,2,1,1,6,PARINOR,0.0,0.0
201500039833,4,10,15,8,1,93,5,2,3,1,3,MAXIMILIEN ROBESPIERRE (,0.0,0.0
201500039834,2,10,15,9,1,93,5,1,1,1,2,JEAN MONET (CARREFOUR),0.0,0.0
201500039835,5,10,15,18,2,93,5,2,1,3,6,MITRY [CD115] (ROUTE DE),0.0,0.0
201500039836,6,10,15,7,2,93,5,2,1,3,2,KENNEDY [RN370] (BOULEVA,0.0,0.0
201500039837,7,10,15,18,1,93,5,2,1,1,2,MITRY [CD115] (ROUTE DE),0.0,0.0
201500039838,7,10,15,19,5,93,5,2,2,2,3,MARC CHAGALL (BOULEVARD),0.0,0.0