Num_Acc,jour,mois,an,hr,condition_eclairage,departement,commune,condition_agglomeration,intersection,condition_atmosphere,type_collision,adresse,lattitude,longitude
201500039839,10,10,15,9,1,93,5,2,2,1,3,NONNEVILLE (AVENUE DE),0.0,0.0
201500039840,12,10,15,16,1,93,5,2,1,1,6,MARECHAL JUIN (AVENUE DU,0.0,0.0
201500039841,13,10,15,18,1,93,5,2,1,1,6,"54, SAVIGNY (AVENUE DE)",0.0,0.0
201500039842,14,10,15,9,1,93,5,2,1,1,6,LEON (RUE),0.0,0.0
201500039843,14,10,15,13,1,93,5,2,1,1,1,JULES PRINCET [CD115] (R,0.0,0.0
201500039844,15,10,15,15,1,93,5,2,1,1,3,JEAN CHARCOT [CD115] (RU,0.0,0.0
201500039845,20,10,15,11,1,93,5,2,1,1,6,CHARLES FLOQUET (BOULEVA,0.0,0.0
201500039846,22,10,15,10,1,93,5,2,1,2,1,"30, ALSACE (RUE D')",0.0,0.0
201500039847,25,10,15,17,1,93,5,2,1,1,6,"22, AUGUSTE RENOIR (RUE)",0.0,0.0
201500039848,26,10,15,20,5,93,5,2,2,1,3,JACQUES DUCLOS [CD44] (R,0.0,0.0
201500039849,27,10,15,12,1,93,5,2,1,1,3,"55, JULES PRINCET [CD115",0.0,0.0
201500039850,28,10,15,17,2,93,5,2,1,1,6,AMBOURGET (RUE),0.0,0.0
201500039851,28,10,15,22,5,93,5,2,1,1,6,ONZE NOVEMBRE (RUE DU),0.0,0.0
201500039852,31,10,15,11,1,93,5,2,2,1,3,LELIEVRE (AVENUE),0.0,0.0
201500039853,2,11,15,18,5,93,5,2,1,1,1,"89, CAMILLE PELLETAN (RU",0.0,0.0
201500039854,5,11,15,21,5,93,5,2,1,2,2,"80, ANATOLE FRANCE (AVEN",0.0,0.0
201500039855,11,11,15,18,5,93,5,1,1,1,6,PARINOR,0.0,0.0
201500039856,12,11,15,18,5,93,5,2,1,1,6,", MAXIMILIEN ROBESPIERRE",0.0,0.0
201500039857,15,11,15,15,1,93,5,2,1,1,7,"18, PLANT D'ARGENT (RUE",0.0,0.0
201500039858,16,11,15,15,1,93,5,2,1,1,6,MARECHAL JUIN (AVENUE DU,0.0,0.0
201500039859,25,11,15,9,1,93,5,2,1,2,3,", JULES PRINCET [CD115]",0.0,0.0
201500039860,25,11,15,11,1,93,5,2,1,2,2,JACQUES DUCLOS [CD44] (R,0.0,0.0
201500039861,4,12,15,11,1,93,5,2,1,1,1,LOUISE MICHEL (RUE),0.0,0.0
201500039862,4,12,15,14,1,93,5,2,1,1,7,"39bis, ANATOLE FRANCE (A",0.0,0.0
201500039863,4,12,15,19,5,93,5,2,1,1,3,"63, JACQUES DUCLOS [CD44",0.0,0.0
201500039864,5,12,15,20,5,93,5,2,1,1,3,BONDY (ROUTE DE),0.0,0.0
201500039865,6,12,15,11,1,93,5,2,1,1,6,GEORGES BRAQUE (BOULEVAR,0.0,0.0
201500039866,6,12,15,19,5,93,5,2,1,1,2,ANDRE CITROEN (BOULEVARD,0.0,0.0
201500039867,7,12,15,18,5,93,5,2,2,1,3,"NEANT, STRASBOURG (BOULE",0.0,0.0
201500039868,8,12,15,8,2,93,5,2,1,1,6,MARECHAL JUIN (AVENUE DU,0.0,0.0
201500039869,8,12,15,15,1,93,5,2,1,2,6,MARECHAL JUIN (AVENUE DU,0.0,0.0
201500039870,17,12,15,17,2,93,5,2,1,1,3,ANDRE CITROEN-(BOULEVARD,0.0,0.0
201500039871,31,12,15,20,5,93,5,2,1,1,6,"12, JACQUES DUCLOS [CD44",0.0,0.0
201500039872,10,1,15,17,5,93,7,2,1,2,6,PROFESSEUR FLEMING (AVEN,0.0,0.0
201500039873,16,1,15,16,1,93,7,2,1,1,3,CHARLES FLOQUET (AVENUE),0.0,0.0
201500039874,30,1,15,19,5,93,7,2,1,1,3,CHARLES FLOQUET (AVENUE),0.0,0.0
201500039875,31,1,15,7,5,93,7,2,1,1,7,"""DESCARTES (AVENUE """"DU",0.0,0.0
201500039876,23,1,15,20,5,93,7,2,1,3,6,PABLO NERUDA (AVENUE),0.0,0.0
201500039877,5,2,15,8,1,93,7,2,1,1,6,"""PAUL VAILLANT COUTURIER",0.0,0.0
201500039878,6,2,15,15,1,93,7,2,1,1,6,"20, CHARLES FLOQUET (AVE",0.0,0.0
201500039879,6,2,15,16,1,93,7,2,3,1,3,CHARLES GOUNOD (RUE),0.0,0.0
201500039880,9,2,15,14,1,93,7,2,6,1,7,"145, CHARLES FLOQUET (AV",0.0,0.0
201500039881,9,2,15,21,5,93,7,2,1,1,6,"""HENRI BARBUSSE (AVENUE",0.0,0.0
201500039882,11,2,15,12,1,93,7,2,2,1,6,DOCTEUR CALMETTE (RUE DU,0.0,0.0
201500039883,11,2,15,14,1,93,7,2,1,1,7,"35, COSMONAUTES (AVENUE",0.0,0.0
201500039884,15,2,15,17,1,93,7,2,1,1,3,"""HENRI BARBUSSE (AVENUE",0.0,0.0
201500039885,27,2,15,14,1,93,7,2,1,1,2,PABLO NERUDA (AVENUE),0.0,0.0
201500039886,3,3,15,13,1,93,7,2,3,1,3,"""DESCARTES (AVENUE """"DU",0.0,0.0
201500039887,3,3,15,17,2,93,7,2,1,2,6,"72, ""HENRI BARBUSSE (AVE",0.0,0.0
201500039888,2,3,15,17,1,93,7,2,1,1,3,"88, ""DESCARTES (AVENUE """,0.0,0.0
201500039889,10,3,15,8,1,93,7,2,1,1,6,39 PIERRE MONTAUFIER (A,0.0,0.0
201500039890,10,3,15,7,1,93,7,2,1,1,6,"""REPUBLIQUE (AVENUE DE L",0.0,0.0
201500039891,18,3,15,10,1,93,7,2,3,1,3,"""JEAN BART (AVENUE """"COT",0.0,0.0
201500039892,23,3,15,21,3,93,7,2,1,1,3,8 MAI 45 (AVENUE DU 184,0.0,0.0
201500039893,29,3,15,18,1,93,7,2,3,2,3,ARISTIDE BRIAND (AVENUE,0.0,0.0
201500039894,10,4,15,8,1,93,7,2,1,1,6,"""pIERRE SEMARD (RUE """"CO",0.0,0.0
201500039895,10,4,15,19,1,93,7,2,1,1,3,8 MAI 45 (AVENUE DU 184,0.0,0.0
201500039896,12,4,15,1,5,93,7,2,1,1,6,43 CHARLES FLOQUET (AVE,0.0,0.0
201500039897,13,4,15,14,1,93,7,2,6,1,3,PABLO NERUDA (ROND-POINT,0.0,0.0
201500039898,15,4,15,13,1,93,7,2,2,1,3,RICHARD WAGNER (RUE),0.0,0.0
201500039899,22,4,15,15,1,93,7,2,3,1,6,ARISTIDE BRIAND (AVENUE,0.0,0.0
201500039900,22,4,15,18,1,93,7,2,6,1,1,ABBE NIORT (RUE DE L'),0.0,0.0
201500039901,27,4,15,10,1,93,7,2,1,1,6,ARISTIDE BRIAND (AVENUE,0.0,0.0
201500039902,2,5,15,19,1,93,7,2,1,2,6,"118, 8 MAI 45 (AVENUE DU",0.0,0.0
201500039903,6,5,15,16,1,93,7,2,1,1,6,"1, GEORGES SAND (ALLEE)",0.0,0.0
201500039904,15,5,15,10,1,93,7,2,1,1,7,"216, 8 MAI 45 (AVENUE DU",0.0,0.0
201500039905,21,5,15,16,1,93,7,2,1,1,6,"66, CASANOVA (AVENUE)",0.0,0.0
201500039906,22,5,15,16,1,93,7,2,1,1,6,"4, MARCEL CACHIN (AVENUE",0.0,0.0
201500039907,26,5,15,8,1,93,7,2,3,1,3,"""DESCARTES (AVENUE """"DU",0.0,0.0
201500039908,27,5,15,0,5,93,7,2,1,1,3,8 MAI 45 (AVENUE DU 1 AU,0.0,0.0
201500039909,2,6,15,15,1,93,7,2,1,1,2,ABBE NIORT (RUE DE L'),0.0,0.0
201500039910,3,6,15,17,1,93,7,2,1,1,7,"""DIDEROT (RUE """"DU 02 AU",0.0,0.0
201500039911,6,6,15,16,1,93,7,2,1,1,2,"92, 8 MAI 45 (AVENUE DU",0.0,0.0
201500039912,8,6,15,7,1,93,7,2,3,1,6,"""DESCARTES (AVENUE """"DU",0.0,0.0
201500039913,8,6,15,9,1,93,7,2,6,1,3,PABLO NERUDA (ROND-POINT,0.0,0.0
201500039914,9,6,15,22,5,93,7,2,1,1,3,"21, ALBERT EINSTEIN (AVE",0.0,0.0
201500039915,10,6,15,19,1,93,7,2,1,1,2,"35, COLONEL FABIEN (RUE",0.0,0.0
201500039916,14,6,15,9,1,93,7,2,3,1,3,PEGOUD (RUE),0.0,0.0
201500039917,16,6,15,11,1,93,7,2,1,1,2,"145, ARISTIDE BRIAND (AV",0.0,0.0
201500039918,20,6,15,23,5,93,7,2,3,1,3,"""PAUL VAILLANT COUTURIER",0.0,0.0
201500039919,21,6,15,22,5,93,7,2,1,1,3,DE LA REPUBLIQUE (AVENUE,0.0,0.0
201500039920,21,6,15,23,5,93,7,2,1,1,6,"""DESCARTES (AVENUE """"DU",0.0,0.0
201500039921,24,6,15,18,1,93,7,2,3,1,6,DOCTEUR CALMETTE (RUE DU,0.0,0.0
201500039922,25,6,15,2,5,93,7,2,1,1,1,BLES D'OR (RUE DES),0.0,0.0
201500039923,28,6,15,18,1,93,7,2,1,1,6,"10, PETRODVORETZ (RUE)",0.0,0.0
201500039924,3,7,15,16,1,93,7,2,1,1,7,"""JEAN JAURES (AVENUE """"D",0.0,0.0
201500039925,9,7,15,23,5,93,7,2,6,1,1,DANIEL CASANOVA (CITE),0.0,0.0
201500039926,10,7,15,11,1,93,7,2,1,1,6,9 ALTRINCHAM (RUE),0.0,0.0
201500039927,25,7,15,0,5,93,7,2,2,1,3,", 8 MAI 45 (AVENUE DU 18",0.0,0.0
201500039928,24,7,15,20,1,93,7,2,1,1,2,DIVISION LECLERC (AVENUE,0.0,0.0
201500039929,2,8,15,17,1,93,7,2,1,1,4,"""DESCARTES (AVENUE """"DU",0.0,0.0
201500039930,2,8,15,20,1,93,7,2,4,1,7,"""PIERRE SEMARD (RUE """"CO",0.0,0.0
201500039931,5,8,15,10,1,93,7,2,1,1,6,"45, HENRI BARBUSSE (AVEN",0.0,0.0
201500039932,6,8,15,19,1,93,7,2,2,1,3,MATHILDE EMILIE (AVENUE),0.0,0.0
201500039933,24,8,15,17,1,93,7,2,1,8,6,"00, ""PIERRE SEMARD (RUE",0.0,0.0
201500039934,28,8,15,13,1,93,7,2,9,1,6,CHARLES FLOQUET (AVENUE),0.0,0.0
201500039935,7,9,15,14,1,93,7,2,1,1,6,"""PAUL VAILLANT COUTURIER",0.0,0.0
201500039936,8,9,15,5,5,93,7,2,1,1,6,"62, 8 MAI 45 (AVENUE DU",0.0,0.0
201500039937,10,9,15,22,5,93,7,2,1,1,6,"76, ARISTIDE BRIAND (AVE",0.0,0.0
201500039938,18,9,15,17,1,93,7,2,1,1,7,", MARCEL CACHIN (AVENUE)",0.0,0.0
201500039939,18,9,15,21,5,93,7,2,1,2,6,ALTRINCHAM (RUE),0.0,0.0
201500039940,21,9,15,10,1,93,7,2,1,1,4,"8, 8 MAI 45 (AVENUE DU 1",0.0,0.0
201500039941,21,9,15,14,1,93,7,2,3,1,1,149 PASTEUR (AVENUE),0.0,0.0
201500039942,22,9,15,6,5,93,7,2,6,2,3,"""PAUL VAILLANT-COUTURIER",0.0,0.0
201500039943,23,9,15,8,1,93,7,2,1,1,6,PASTEUR (AVENUE),0.0,0.0
201500039944,24,9,15,9,1,93,7,2,2,1,1,JULIEN GRIMAU (RUE),0.0,0.0
201500039945,5,10,15,15,1,93,7,2,1,3,3,"05, FRERES LUMIERE (RUE)",0.0,0.0
201500039946,14,10,15,20,5,93,7,2,2,2,6,"1, CHARLES FLOQUET (AVEN",0.0,0.0
201500039947,15,10,15,21,5,93,7,2,2,2,3,DIDEROT,0.0,0.0
201500039948,18,10,15,21,4,93,7,1,1,1,4,PABLO NERUDA (AVENUE),0.0,0.0
201500039949,20,10,15,21,5,93,7,2,1,1,6,"32-34, PIERRE ET MARIE C",0.0,0.0
201500039950,25,10,15,19,5,93,7,2,1,1,6,"""PIERRE SEMARD (PLACE """"",0.0,0.0
201500039951,26,10,15,17,1,93,7,2,1,1,2,"""PAUL VAILLANT COUTURIER",0.0,0.0
201500039952,6,11,15,8,1,93,7,2,1,1,6,PABLO NERUDA (ROND-POINT,0.0,0.0
201500039953,6,11,15,17,2,93,7,2,6,2,3,"""PIERRE SEMARD (ROND-POI",0.0,0.0
201500039954,22,11,15,15,1,93,7,2,2,1,3,GENERAL GIRAUD (RUE),0.0,0.0
201500039955,12,12,15,18,5,93,7,2,2,2,6,DANIEL CASANOVA (CITE),0.0,0.0
201500039956,19,12,15,10,1,93,7,2,1,1,6,"2, 8 MAI 45 (AVENUE DU 1",0.0,0.0
201500039957,19,12,15,23,5,93,7,2,1,1,3,SURCOUF (AVENUE),0.0,0.0
201500039958,22,12,15,12,1,93,7,2,3,1,2,"""DESCARTES (AVENUE """"DU",0.0,0.0
201500039959,27,12,15,18,4,93,7,2,1,1,6,"37, ""PIERRE SEMARD (PLAC",0.0,0.0
201500039960,28,12,15,23,5,93,7,2,3,1,3,8 MAI 45 (AVENUE DU 184,0.0,0.0
201500039961,3,1,15,5,5,93,8,2,1,5,6,MENDES DES CARMES (RUE),0.0,0.0
201500039962,7,1,15,8,1,93,8,2,1,1,6,CACHIN (RUE MARCEL),0.0,0.0
201500039963,7,1,15,9,1,93,8,2,1,5,6,JAURES (AVENUE JEAN),0.0,0.0
201500039964,10,1,15,18,3,93,8,1,2,2,2,VAILLANT COUTURIER (AVEN,0.0,0.0
201500039965,12,1,15,8,1,93,8,2,9,1,6,PICASSO (RUE PABLO),0.0,0.0
201500039966,17,1,15,21,5,93,8,2,1,1,4,VAILLANT COUTURIER (AVEN,0.0,0.0
201500039967,26,1,15,6,5,93,8,2,6,2,6,VAILLANT COUTURIER (AVEN,0.0,0.0
201500039968,30,1,15,7,5,93,8,2,1,1,6,CHABLIS (RUE DE),0.0,0.0
201500039969,4,2,15,13,1,93,8,2,1,1,2,VAILLANT COUTURIER (AVEN,0.0,0.0
201500039970,8,2,15,2,5,93,8,2,1,2,4,"2-24, BARBUSSE (AVENUE H",0.0,0.0
201500039971,8,2,15,20,4,93,8,1,1,1,6,VAILLANT COUTURIER (AVEN,0.0,0.0
201500039972,9,2,15,6,5,93,8,2,1,1,6,", DIVISION LECLERC (AVEN",0.0,0.0
201500039973,9,2,15,8,1,93,8,2,1,1,6,SEMARD (RUE PIERRE),0.0,0.0
201500039974,12,2,15,10,1,93,8,2,1,1,2,"0, SEMARD (AVENUE PIERRE",0.0,0.0
201500039975,15,2,15,23,5,93,8,2,3,1,2,"66, BARBUSSE (AVENUE HEN",0.0,0.0
201500039976,16,2,15,7,2,93,8,2,3,1,3,SEMARD (RUE PIERRE),0.0,0.0
201500039977,20,2,15,15,1,93,8,2,3,2,3,SAINT-ANDRE (RUE),0.0,0.0
201500039978,21,2,15,23,5,93,8,2,1,1,6,VAILLANT (AVENUE EDOUARD,0.0,0.0
201500039979,22,2,15,10,1,93,8,2,9,1,3,SEMARD (RUE PIERRE),0.0,0.0
201500039980,2,3,15,17,1,93,8,2,2,1,1,DEVIATION (RUE DE LA),0.0,0.0
201500039981,6,3,15,19,5,93,8,2,2,1,3,JAURES (AVENUE JEAN),0.0,0.0
201500039982,14,3,15,22,5,93,8,2,2,1,3,CALLAS (RUE MARIA),0.0,0.0
201500039983,19,3,15,19,1,93,8,2,3,1,1,GROSLAY (CHEMIN DE) D20,0.0,0.0
201500039984,20,3,15,13,1,93,8,2,3,1,3,SEMARD (RUE PIERRE),0.0,0.0
201500039985,27,3,15,4,5,93,8,2,1,1,1,"48, GROSLAY (CHEMIN DE)",0.0,0.0
201500039986,29,3,15,7,1,93,8,2,1,2,6,VAILLANT COUTURIER (AVEN,0.0,0.0
201500039987,1,4,15,19,1,93,8,2,1,8,6,"0, CONVENTION (AVENUE DE",0.0,0.0
201500039988,4,4,15,15,1,93,8,2,1,1,6,"00, VALLES (RUE JULES)",0.0,0.0
201500039989,15,4,15,13,1,93,8,2,9,1,6,"0000, VAILLANT COUTURIER",0.0,0.0
201500039990,1,5,15,22,5,93,8,2,2,2,3,"0000, GRANDE DENISE (RUE",0.0,0.0
201500039991,10,5,15,20,1,93,8,2,2,1,3,"4, CALLAS (RUE MARIA)",0.0,0.0
201500039992,10,5,15,23,5,93,8,2,1,1,6,VAILLANT COUTURIER (AVEN,0.0,0.0
201500039993,11,5,15,13,1,93,8,2,1,1,1,"86, SEMARD (AVENUE PIERR",0.0,0.0
201500039994,18,5,15,14,1,93,8,2,3,1,6,"205, JAURES (AVENUE JEAN",0.0,0.0
201500039995,22,5,15,14,1,93,8,2,1,1,6,BARBUSSE (AVENUE HENRI),0.0,0.0
201500039996,31,5,15,14,1,93,8,2,2,2,3,"125, VAILLANT (AVENUE ED",0.0,0.0
201500039997,2,6,15,10,1,93,8,2,1,1,5,"0, VAILLANT COUTURIER (A",0.0,0.0
201500039998,10,6,15,13,1,93,8,2,1,1,6,"25, LENINE (BOULEVARD)",0.0,0.0
201500039999,14,6,15,10,1,93,8,2,1,1,5,"362, VAILLANT COUTURIER",0.0,0.0
201500040000,14,6,15,14,1,93,8,2,1,1,6,STALINGRAD (RUE DE) A10,0.0,0.0
201500040001,19,6,15,7,1,93,8,2,2,1,3,"00, REPUBLIQUE (RUE DE L",0.0,0.0
201500040002,22,6,15,5,1,93,8,2,1,1,6,"000, BARBUSSE (AVENUE HE",0.0,0.0
201500040003,30,6,15,19,1,93,8,2,1,1,3,"000, HUATS (CHEMIN DES)",0.0,0.0
201500040004,1,7,15,18,1,93,8,2,1,1,6,"19, LENINE (BOULEVARD)",0.0,0.0
201500040005,3,7,15,6,1,93,8,2,1,1,6,"324, VAILLANT COUTURIER",0.0,0.0
201500040006,9,7,15,16,1,93,8,2,1,1,6,"3, BERNARD (RUE)",0.0,0.0
201500040007,9,7,15,23,5,93,8,2,1,1,6,"01, LILLE (RUE DE)",0.0,0.0
201500040008,10,7,15,8,1,93,8,2,1,1,6,PARIS (RUE DE),0.0,0.0
201500040009,15,7,15,13,1,93,8,2,1,1,3,"00, PICASSO (RUE PABLO)",0.0,0.0
201500040010,16,7,15,0,5,93,8,2,1,9,4,"00, PLACE SAINT JUSTE",0.0,0.0
201500040011,3,8,15,14,1,93,8,2,1,1,6,"23, LENINE (BOULEVARD)",0.0,0.0
201500040012,3,8,15,20,1,93,8,2,1,1,6,16 VAILLANT (AVENUE EDO,0.0,0.0
201500040013,3,8,15,21,2,93,8,2,3,1,3,BUREAU (RUE MAURICE),0.0,0.0
201500040014,4,12,15,17,5,93,8,2,1,1,2,00 DEVIATION (RUE DE LA,0.0,0.0
201500040015,6,12,15,2,2,93,8,2,2,1,6,"68, BARBUSSE (AVENUE HEN",0.0,0.0
201500040016,12,12,15,13,1,93,8,2,1,2,6,ESTIENNE D'ORVES (RUE D',0.0,0.0
201500040017,14,12,15,14,1,93,8,2,1,1,6,"125, STALINGRAD (RUE DE)",0.0,0.0
201500040018,14,12,15,18,3,93,8,2,1,1,2,"163, BARBUSSE (AVENUE HE",0.0,0.0
201500040019,18,12,15,17,5,93,8,2,1,1,6,0 GAGARINE (AVENUE YOUR,0.0,0.0
201500040020,19,7,15,17,1,93,8,2,1,1,3,"45, ARAGON (AVENUE LOUIS",0.0,0.0
201500040021,19,12,15,12,1,93,8,1,1,1,2,"00, PARIS (RUE DE)",0.0,0.0
201500040022,21,12,15,18,5,93,8,2,8,2,6,0 VAILLANT COUTURIER (A,0.0,0.0
201500040023,28,12,15,20,5,93,8,2,9,1,6,0 RENARD (RUE EDOUARD),0.0,0.0
201500040024,6,8,15,21,1,93,8,2,1,1,6,VAILLANT COUTURIER (AVEN,0.0,0.0
201500040025,29,12,15,10,1,93,8,2,2,2,3,0 REPUBLIQUE (RUE DE LA,0.0,0.0
201500040026,9,8,15,23,5,93,8,2,9,1,6,"187, BARBUSSE (AVENUE HE",0.0,0.0
201500040027,29,12,15,14,1,93,8,2,1,1,3,4 UNION (RUE DE L'),0.0,0.0
201500040028,10,8,15,18,1,93,8,2,1,1,3,00 BARBUSSE (AVENUE HEN,0.0,0.0
201500040029,13,8,15,2,5,93,8,2,1,1,6,0 VAILLANT COUTURIER (A,0.0,0.0
201500040030,16,8,15,1,5,93,8,1,1,1,2,A86 en tunnel avt sortie,0.0,0.0
201500040031,16,8,15,0,3,93,8,2,1,1,6,ILLUSTRATION (AVENUE DE,0.0,0.0
201500040032,24,8,15,12,1,93,8,2,1,3,5,"442, VAILLANT COUTURIER",0.0,0.0
201500040033,24,8,15,12,1,93,8,2,1,3,4,"450, VAILLANT COUTURIER",0.0,0.0
201500040034,26,8,15,11,1,93,8,2,1,1,3,"247, VAILLANT COUTURIER",0.0,0.0
201500040035,27,8,15,17,1,93,8,2,1,2,2,DIVISION LECLERC (AVENUE,0.0,0.0
201500040036,2,9,15,9,1,93,8,2,1,1,3,VAILLANT (AVENUE EDOUARD,0.0,0.0
201500040037,2,9,15,17,1,93,8,2,9,1,6,"000, SATIE (RUE ERIK)",0.0,0.0
201500040038,8,9,15,7,1,93,8,2,3,1,6,"000, STADE AUGUSTE DELAU",0.0,0.0
201500040039,12,9,15,15,1,93,8,2,6,3,2,"000, GAGARINE (AVENUE YO",0.0,0.0
201500040040,14,9,15,14,1,93,8,2,1,1,2,"147, VAILLANT COUTURIER",0.0,0.0
201500040041,17,9,15,16,1,93,8,2,1,1,6,"147, SEMARD (RUE PIERRE)",0.0,0.0
201500040042,20,9,15,5,3,93,8,2,1,1,6,"302, VAILLANT COUTURIER",0.0,0.0
201500040043,21,9,15,18,1,93,8,2,1,1,7,"195, JAURES (AVENUE JEAN",0.0,0.0
201500040044,3,10,15,13,1,93,8,2,1,1,6,"00, VAILLANT COUTURIER (",0.0,0.0
201500040045,6,10,15,21,5,93,8,2,1,1,3,"0, VAILLANT COUTURIER (A",0.0,0.0
201500040046,7,10,15,17,1,93,8,2,1,1,1,"63, PARIS (RUE DE)",0.0,0.0
201500040047,14,10,15,20,5,93,8,2,3,2,2,"149, VAILLANT COUTURIER",0.0,0.0
201500040048,22,10,15,4,5,93,8,2,1,2,7,"000, VAILLANT COUTURIER",0.0,0.0
201500040049,22,10,15,4,5,93,8,2,6,2,3,"00, PLACE SAINT JUSTE",0.0,0.0
201500040050,24,10,15,23,5,93,8,2,1,1,6,"73, UNION (RUE DE L')",0.0,0.0
201500040051,27,10,15,23,5,93,8,2,1,2,6,"00, VAILLANT COUTURIER (",0.0,0.0
201500040052,3,11,15,11,1,93,8,2,1,2,6,"0, VAILLANT COUTURIER (A",0.0,0.0
201500040053,3,11,15,16,1,93,8,2,1,1,6,"0, VAILLANT COUTURIER (A",0.0,0.0
201500040054,3,11,15,18,3,93,8,2,1,1,6,"00, VAILLANT COUTURIER (",0.0,0.0
201500040055,6,11,15,8,1,93,8,2,1,1,6,"0, MADELEINE (CHEMIN DE",0.0,0.0
201500040056,7,11,15,12,1,93,8,1,1,1,3,"0, VAILLANT COUTURIER (A",0.0,0.0
201500040057,30,11,15,14,1,93,8,2,1,1,3,42 BELWO (RUE PAUL),0.0,0.0
201500040058,26,10,15,18,5,93,8,2,1,1,3,STALINGRAD (RUE DE) A10,0.0,0.0
201500040059,12,11,15,23,4,93,8,2,1,1,6,"10, RENARD (RUE EDOUARD)",0.0,0.0
201500040060,13,11,15,12,1,93,8,2,9,1,3,"0, GRANDE DENISE (RUE DE",0.0,0.0
201500040061,21,11,15,8,1,93,8,2,1,3,6,"0, VAILLANT COUTURIER (A",0.0,0.0
201500040062,21,11,15,10,1,93,8,2,1,2,3,"0, GRAND AIR (RUE DU)",0.0,0.0
201500040063,12,3,15,8,1,93,57,2,2,1,6,"10, LOUIS XIV (AL.)",0.0,0.0
201500040064,4,1,15,2,5,93,10,2,1,9,4,"113, GALLIENI (AV.) DE 1",0.0,0.0
201500040065,10,1,15,13,1,93,10,2,1,1,3,AULNAY (ROUTE) DE 47 A 1,0.0,0.0
201500040066,15,1,15,11,1,93,10,2,1,2,3,GATINE (RUE),0.0,0.0
201500040067,22,1,15,9,1,93,10,2,1,1,6,BARBUSSE (AV. HENRI) DE,0.0,0.0
201500040068,22,1,15,17,5,93,57,2,1,1,6,"47, BRIAND ( AV. ARISTID",0.0,0.0
201500040069,2,2,15,17,5,93,10,2,1,1,6,"ignor?, STAINS (RTE DE)",0.0,0.0
201500040070,2,2,15,20,5,93,57,2,1,1,4,"12, MESANGES (AL. DES)",0.0,0.0
201500040071,4,2,15,17,1,93,57,2,1,1,2,"76, BRIAND (AV. ARISTIDE",0.0,0.0
201500040072,8,2,15,9,1,93,57,2,1,8,2,"0000000000, BRIAND (AV.",0.0,0.0
201500040073,11,2,15,16,1,93,10,2,3,1,6,"inc, PASTEUR (AV.)",0.0,0.0
201500040074,12,2,15,8,1,93,57,2,1,1,2,"46, MONTYON (AL.) 1 A 74",0.0,0.0
201500040075,18,2,15,12,1,93,10,2,1,8,6,GUESDES (RUE JULES),0.0,0.0
201500040076,22,2,15,21,5,93,10,2,2,4,6,"0000000000, GUESDES (rUE",0.0,0.0
201500040077,25,2,15,22,5,93,10,2,2,8,2,VARAGNAT (AVENUE HENRI),0.0,0.0
201500040078,26,2,15,12,1,93,57,2,1,2,4,JAURES (AV. JEAN) 125 A,0.0,0.0
201500040079,26,2,15,19,5,93,10,2,1,3,6,"0000000000, POTAGER (RUE",0.0,0.0
201500040080,11,3,15,10,1,93,10,2,1,1,6,GALLIENI (AV.) DE 111 A,0.0,0.0
201500040081,13,3,15,16,1,93,57,2,1,1,6,"105, WILSON (AV. DU PRES",0.0,0.0
201500040082,15,3,15,9,2,93,57,2,1,1,3,140 FRANKLIN (AV.) 104,0.0,0.0
201500040083,18,3,15,17,1,93,10,2,3,1,6,BLUM (AV. LEON),0.0,0.0
201500040084,25,3,15,20,5,93,10,2,6,1,6,BLUM (AV. LEON),0.0,0.0
201500040085,26,3,15,22,5,93,57,2,2,1,6,"64, BRIAND (AV. ARISTIDE",0.0,0.0
201500040086,29,3,15,9,1,93,10,2,1,2,3,"28, DOLET (RUE ETIENNE)",0.0,0.0
201500040087,3,4,15,15,1,93,57,2,4,2,6,AUFFRET (AL.JULES) 1 A 6,0.0,0.0
201500040088,3,4,15,20,5,93,57,2,1,3,2,59 BRIAND ( AV. ARISTID,0.0,0.0
201500040089,13,4,15,17,1,93,10,2,1,1,6,FRANCE (AV. ANATOLE) D,0.0,0.0
201500040090,9,4,15,18,1,93,57,2,1,1,3,"0000000000, BRIAND ( AV.",0.0,0.0
201500040091,11,3,15,13,1,93,10,2,6,1,3,"000000000, BLUM (AV. LEO",0.0,0.0
201500040092,14,4,15,17,1,93,10,2,1,1,3,0000000000 FRANCE (AV.,0.0,0.0
201500040093,21,4,15,10,1,93,10,2,1,1,3,VERDUN (AV. DE) 1 A 33,0.0,0.0
201500040094,2,5,15,9,1,93,10,2,1,1,2,", BARBUSSE (AV. HENRI) D",0.0,0.0
201500040095,5,5,15,7,1,93,57,2,1,1,2,BRIAND ( AV. ARISTIDE) 3,0.0,0.0
201500040096,7,5,15,17,1,93,10,2,1,1,6,"07, LEBAS (AV. JEAN)",0.0,0.0
201500040097,14,5,15,14,1,93,10,2,9,8,3,"13, GATINE (RUE)",0.0,0.0
201500040098,7,5,15,7,1,93,10,2,1,1,3,BONDY (PONT),0.0,0.0
201500040099,19,5,15,15,1,93,57,2,1,1,3,140 BRIAND ( AV. ARISTI,0.0,0.0
201500040100,13,5,15,16,1,93,10,2,1,1,6,BUISSON (AV. SUZANNE),0.0,0.0
201500040101,19,5,15,18,1,93,57,2,3,1,3,BRIAND ( AV. ARISTIDE) 1,0.0,0.0
201500040102,21,5,15,17,1,93,10,2,1,1,6,LYSSANDRE (PL. GEORGES),0.0,0.0
201500040103,22,5,15,19,1,93,10,2,1,1,2,QUATORZE-JUILLET (AV. DU,0.0,0.0
201500040104,31,5,15,14,1,93,10,2,1,2,2,"15, GALLIENI (AV.) DE 1",0.0,0.0
201500040105,4,6,15,11,1,93,10,2,1,1,6,BARBUSSE (AV. HENRI) DE,0.0,0.0
201500040106,3,6,15,17,1,93,10,2,1,1,6,"181, GALLIENI (AV.) DE 2",0.0,0.0
201500040107,5,6,15,7,1,93,57,2,5,7,7,BRIAND ( AV. ARISTIDE) 2,0.0,0.0
201500040108,7,6,15,21,2,93,57,2,2,1,3,JAURES (AV. JEAN) 125 A,0.0,0.0
201500040109,9,6,15,18,1,93,57,2,1,1,2,"126, BRIAND (AV. ARISTID",0.0,0.0
201500040110,10,6,15,12,1,93,57,2,1,1,4,"137, JAURES (AV. JEAN) 1",0.0,0.0
201500040111,11,6,15,14,1,93,10,2,9,1,1,VERDUN (AV. DE) 12 A FIN,0.0,0.0
201500040112,12,6,15,23,5,93,10,2,2,1,3,9 VAILLANT (RUE EDOUARD,0.0,0.0
201500040113,15,6,15,12,1,93,10,2,9,8,3,BARBUSSE (AV. HENRI) DE,0.0,0.0
201500040114,15,6,15,10,1,93,57,2,3,1,6,FABIEN (AL. DU COLONEL),0.0,0.0
201500040115,18,6,15,18,1,93,10,2,3,1,3,"98, FRANCE (AV. ANATOLE)",0.0,0.0
201500040116,20,6,15,19,1,93,10,2,1,1,1,"22, GUEUGNON (AV.)",0.0,0.0
201500040117,22,6,15,13,1,93,57,2,3,1,3,"68, JAURES (AV. JEAN) 1",0.0,0.0
201500040118,27,6,15,17,1,93,57,2,1,7,6,MARAIS (AL. FRANCOIS),0.0,0.0