Num_Acc,jour,mois,an,hr,condition_eclairage,departement,commune,condition_agglomeration,intersection,condition_atmosphere,type_collision,adresse,lattitude,longitude
201500040119,29,6,15,11,1,93,10,2,6,1,3,GROSLAY (CHEM. DE),0.0,0.0
201500040120,29,6,15,14,1,93,57,2,1,1,3,"262, BRIAND ( AV. ARISTI",0.0,0.0
201500040121,4,7,15,12,1,93,10,2,1,1,2,"IGNORE, NEUBURGER (PL. N",0.0,0.0
201500040122,5,7,15,23,5,93,10,2,2,1,3,"152, VAILLANT (RUE EDOUA",0.0,0.0
201500040123,8,7,15,9,1,93,57,2,1,1,3,JAURES (AV. JEAN) 118 A,0.0,0.0
201500040124,10,7,15,23,5,93,10,2,1,1,7,GALLIENI (AV.) CONFORAMA,0.0,0.0
201500040125,13,7,15,15,1,93,10,2,1,1,3,"108, GALLIENI (AV.) DE 1",0.0,0.0
201500040126,22,7,15,9,1,93,10,2,2,1,3,GALLIENI (AV.) DE 177 A,0.0,0.0
201500040127,24,7,15,1,5,93,10,2,1,1,7,FORET (PONT DE LA),0.0,0.0
201500040128,26,7,15,5,5,93,57,2,1,1,3,"230, BRIAND (AV. ARISTID",0.0,0.0
201500040129,26,7,15,12,1,93,57,2,2,2,3,MONTYON (AL.) 1 A 74,0.0,0.0
201500040130,27,7,15,20,1,93,10,2,1,1,6,"53, GALLIENI (AV.) CONFO",0.0,0.0
201500040131,31,7,15,8,1,93,10,2,1,1,3,"47, BLANQUI (R. LOUIS-AU",0.0,0.0
201500040132,31,7,15,15,1,93,10,2,1,1,2,GALLIENI (AV.) DE 1 A 10,0.0,0.0
201500040133,31,7,15,15,1,93,10,2,1,1,3,"0000000000, GALLIENI (AV",0.0,0.0
201500040134,7,8,15,17,1,93,57,2,1,2,6,"278, BRIAND ( AV. ARISTI",0.0,0.0
201500040135,11,8,15,13,1,93,57,2,3,1,2,"278, BRIAND ( AV.  ARIST",0.0,0.0
201500040136,22,8,15,15,1,93,10,2,1,1,1,"20, VARAGNAT (AVENUE HEN",0.0,0.0
201500040137,18,6,15,18,1,93,10,2,1,1,6,"36, GUESDES (RUE JULES)",0.0,0.0
201500040138,25,8,15,21,5,93,10,2,1,2,3,"0, GALLIENI (AV.) DE 177",0.0,0.0
201500040139,30,8,15,22,5,93,57,2,1,1,2,"262, BRIAND (AV. ARISTID",0.0,0.0
201500040140,9,9,15,14,1,93,10,2,2,1,1,ROSNY (AV. DE),0.0,0.0
201500040141,10,9,15,9,1,93,57,2,1,1,6,"2, CALMANOVIC (AL. LOUIS",0.0,0.0
201500040142,18,9,15,18,1,93,10,2,1,2,2,"130, GALLIENI (AV.) DE 9",0.0,0.0
201500040143,25,9,15,9,1,93,10,2,4,1,3,GALLIENI (AV.) DE 1 A 10,0.0,0.0
201500040144,28,9,15,8,1,93,57,2,1,1,6,BRIAND ( AV. ARISTIDE) 2,0.0,0.0
201500040145,2,10,15,11,1,93,10,1,1,1,2,GALLIENI (AV.) CONFORAMA,0.0,0.0
201500040146,8,10,15,14,1,93,10,2,9,1,3,"27, QUATORZE-JUILLET (AV",0.0,0.0
201500040147,9,10,15,13,1,93,57,2,1,1,3,"119, JAURES (AV. JEAN) 1",0.0,0.0
201500040148,11,10,15,16,1,93,57,2,1,1,2,"108, BRIAND (AV. ARISTID",0.0,0.0
201500040149,13,10,15,17,1,93,10,2,1,1,3,"52, GALLIENI (AV.) DE 2",0.0,0.0
201500040150,16,10,15,21,5,93,57,2,2,8,3,ESTIENNE (AL. ROBERT),0.0,0.0
201500040151,21,10,15,9,1,93,10,2,2,1,3,VERDUN (AV. DE) 1 A 33,0.0,0.0
201500040152,27,10,15,9,1,93,57,2,3,1,2,JAURES (AV. JEAN) 1 A 12,0.0,0.0
201500040153,2,11,15,9,1,93,57,2,1,1,3,BRIAND ( AV.  ARISTIDE),0.0,0.0
201500040154,4,11,15,19,5,93,10,2,1,1,2,"196, GALLIENI (AV.) DE 1",0.0,0.0
201500040155,9,11,15,23,5,93,10,2,1,1,2,"60, GALLIENI (AV.) DE 17",0.0,0.0
201500040156,12,11,15,10,1,93,57,2,1,8,3,BRIAND (AV. ARISTIDE) 2,0.0,0.0
201500040157,19,11,15,8,1,93,10,2,1,1,6,GALLIENI (AV.) DE 1 A 10,0.0,0.0
201500040158,19,11,15,18,5,93,57,2,1,2,2,"68, JAURES (AV. JEAN) 11",0.0,0.0
201500040159,22,11,15,18,2,93,10,2,1,1,6,GATINE (RUE),0.0,0.0
201500040160,25,11,15,16,2,93,57,2,3,2,3,", BOUVINES ( AL. DE)",0.0,0.0
201500040161,27,11,15,13,1,93,10,2,2,8,3,ROSNY (AV. DE),0.0,0.0
201500040162,30,11,15,16,1,93,10,2,1,1,6,PASTEUR (AV.),0.0,0.0
201500040163,30,11,15,19,5,93,10,2,1,1,3,AULNAY (ROUTE) COTE PAIR,0.0,0.0
201500040164,1,12,15,13,1,93,57,2,2,1,6,JAURES (AV. JEAN) 1 A 12,0.0,0.0
201500040165,4,12,15,7,2,93,10,2,2,2,3,GALLIENI (AV.) DE 2 A 96,0.0,0.0
201500040166,8,12,15,9,1,93,10,2,1,1,2,"01, GUESDES (RUE JULES)",0.0,0.0
201500040167,12,12,15,13,1,93,10,2,1,2,6,"5, BLUM (AV. LEON)",0.0,0.0
201500040168,3,12,15,17,5,93,10,2,1,1,6,"10, BENHAMOU (R. MAURICE",0.0,0.0
201500040169,15,12,15,19,3,93,10,2,8,2,6,"03, LIBERTE (RUE DE LA)",0.0,0.0
201500040170,17,12,15,11,1,93,10,2,3,1,6,"1, VAILLANT (RUE EDOUARD",0.0,0.0
201500040171,17,12,15,18,5,93,10,2,1,1,6,GALLIENI (AV.) DE 1 A 10,0.0,0.0
201500040172,20,12,15,0,5,93,57,2,9,1,3,"272, BRIAND ( AV. ARISTI",0.0,0.0
201500040173,21,12,15,13,1,93,57,2,1,1,2,JAURES (AV. JEAN) 125 A,0.0,0.0
201500040174,22,12,15,12,1,93,10,2,1,1,4,GALLIENI (AV.) DE 1 A 10,0.0,0.0
201500040175,24,12,15,7,5,93,57,2,2,1,3,JAURES (AV. JEAN) 118 A,0.0,0.0
201500040176,24,12,15,13,1,93,10,2,1,1,6,"8, VARAGNAT (AVENUE HENR",0.0,0.0
201500040177,25,12,15,19,5,93,10,2,1,8,3,MOULIN (AV. JEAN) COTE P,0.0,0.0
201500040178,27,12,15,5,5,93,57,2,1,1,6,BRIAND ( AV. ARISTIDE) 1,0.0,0.0
201500040179,28,12,15,14,1,93,10,2,1,1,6,GALLIENI (AV.) DE 177 A,0.0,0.0
201500040180,15,5,15,9,1,93,57,2,1,1,2,"183, PASTEUR (BD) 141 A",0.0,0.0
201500040181,31,3,15,8,1,93,14,2,1,1,6,"112, POSTES (CHEMIN DES)",0.0,0.0
201500040182,22,12,15,14,1,93,47,2,1,1,3,JEAN MOULIN  (RUE),0.0,0.0
201500040183,11,1,15,14,1,93,14,2,5,1,3,MONTFERMEIL (ALLEE DE),0.0,0.0
201500040184,14,1,15,22,5,93,14,2,1,1,7,"3, CHAPELLE (ALLEE DE LA",0.0,0.0
201500040185,30,1,15,21,3,93,14,2,1,2,1,STRATEGIQUE (ROUTE),0.0,0.0
201500040186,1,2,15,19,5,93,47,2,1,2,6,"27, MESANGES  (AVENUE DE",0.0,0.0
201500040187,6,2,15,19,3,93,14,2,1,1,7,MAURICE AUDIN (ALLEE),0.0,0.0
201500040188,6,2,15,20,5,93,14,2,1,1,7,SEVIGNE (AVENUE DE),0.0,0.0
201500040189,9,2,15,16,1,93,47,2,1,1,6,"61, HARDY  (BOULEVARD)",0.0,0.0
201500040190,17,2,15,15,1,93,14,2,1,2,6,FREDERIC LADRETTE (ALLEE,0.0,0.0
201500040191,22,2,15,17,1,93,47,2,3,1,2,JEAN JAURES (AVENUE),0.0,0.0
201500040192,15,3,15,13,1,93,47,2,2,1,3,GABRIEL PERI  (AVENUE),0.0,0.0
201500040193,17,3,15,13,1,93,14,2,3,1,3,PIERRE SIMON (ALLEE),0.0,0.0
201500040194,18,3,15,16,1,93,14,2,3,1,3,COCHIN (ALLEE),0.0,0.0
201500040195,21,3,15,18,1,93,47,2,1,1,2,EUROPE (BOULEVARD DE L'),0.0,0.0
201500040196,27,3,15,20,5,93,47,2,2,1,3,"97, ARTS  (AVENUE DES)",0.0,0.0
201500040197,1,4,15,19,1,93,47,2,3,1,3,GENERAL LECLERC  (RUE DU,0.0,0.0
201500040198,3,4,15,9,1,93,14,2,1,1,2,", GAGARINE (BOULEVARD)",0.0,0.0
201500040199,6,4,15,21,5,93,14,2,1,1,6,JEAN MOULIN (AVENUE),0.0,0.0
201500040200,9,4,15,13,1,93,47,2,2,1,3,JEAN JAURES (AVENUE),0.0,0.0
201500040201,12,4,15,16,1,93,14,2,1,1,6,GAGNY (ALLEE DE),0.0,0.0
201500040202,15,4,15,13,1,93,47,2,1,1,6,"135, COUBRON (RUE DE )",0.0,0.0
201500040203,15,4,15,20,1,93,47,2,1,1,4,"153, JEAN JAURES (AVENUE",0.0,0.0
201500040204,19,4,15,11,1,93,47,2,1,1,2,JEAN JAURES (AVENUE),0.0,0.0
201500040205,20,4,15,6,1,93,47,2,1,1,7,HARDY  (BOULEVARD),0.0,0.0
201500040206,20,4,15,18,1,93,14,2,1,1,7,"16, SEVIGNE (RESIDENCE )",0.0,0.0
201500040207,20,4,15,20,2,93,14,2,2,1,1,TOURELLE (CHEMIN DE LA),0.0,0.0
201500040208,23,4,15,16,1,93,47,2,1,1,6,GENERAL LECLERC  (RUE DU,0.0,0.0
201500040209,27,4,15,14,1,93,47,2,2,1,3,CHARMILLES (AVENUE DES),0.0,0.0
201500040210,19,5,15,8,1,93,47,2,1,1,6,"101, HARDY  (BOULEVARD)",0.0,0.0
201500040211,1,6,15,18,1,93,47,2,1,1,7,BARGUE  (BOULEVARD),0.0,0.0
201500040212,5,6,15,21,2,93,14,2,1,1,7,SEVIGNE (AVENUE DE),0.0,0.0
201500040213,7,6,15,13,1,93,47,2,1,1,2,JEAN JAURES (AVENUE),0.0,0.0
201500040214,8,6,15,17,1,93,14,2,1,1,6,GAGNY (ALLEE DE),0.0,0.0
201500040215,22,6,15,9,1,93,14,2,2,1,3,DUNAND (ALLEE),0.0,0.0
201500040216,29,6,15,0,5,93,47,2,3,1,6,JEAN JAURES-(AVENUE),0.0,0.0
201500040217,29,6,15,18,1,93,47,2,1,1,3,GABRIEL PERI (AVENUE),0.0,0.0
201500040218,29,6,15,23,5,93,14,2,1,1,6,EMILE ZOLA (BOULEVARD),0.0,0.0
201500040219,4,7,15,18,1,93,14,2,1,9,6,SEVIGNE (AVENUE DE),0.0,0.0
201500040220,18,7,15,22,5,93,14,2,3,1,6,"67, BELLEVUE (ALLEE DE)",0.0,0.0
201500040221,20,7,15,18,1,93,47,2,1,1,6,JEAN JAURES (AVENUE),0.0,0.0
201500040222,22,7,15,22,5,93,14,2,1,1,2,MONTFERMEIL (ALLEE DE),0.0,0.0
201500040223,26,7,15,18,1,93,47,2,2,8,3,PAUL BERT  (RUE),0.0,0.0
201500040224,31,7,15,17,1,93,14,2,1,1,6,"10, WILLIAM GUTSCHMIDT (",0.0,0.0
201500040225,1,8,15,13,1,93,47,2,3,1,2,EUROPE (BOULEVARD DE L'),0.0,0.0
201500040226,27,8,15,13,1,93,47,2,5,2,3,CHEVREFEUILLES  (AVENUE,0.0,0.0
201500040227,28,8,15,21,3,93,14,2,1,1,3,136 MONTFERMEIL (ALLEE,0.0,0.0
201500040228,4,9,15,13,1,93,14,2,1,1,2,"18, GAGNY (ALLEE DE)",0.0,0.0
201500040229,9,9,15,17,1,93,14,2,1,1,6,"0, ALBERT CAMUS (ALLEE)",0.0,0.0
201500040230,11,9,15,7,1,93,47,2,3,1,1,"0, CALMETTE (RUE DU DR)",0.0,0.0
201500040231,24,9,15,15,1,93,14,2,1,1,3,"221, MONTFERMEIL (ALLEE",0.0,0.0
201500040232,27,9,15,13,1,93,47,2,1,1,6,"18, BARGUE  (BOULEVARD)",0.0,0.0
201500040233,6,12,15,20,5,93,47,2,1,1,3,SCIENCES   (AVENUE DES),0.0,0.0
201500040234,11,8,15,13,1,93,14,2,1,1,3,"171, MONTFERMEIL (ALLEE",0.0,0.0
201500040235,22,9,15,11,1,93,14,2,1,2,6,TOURELLE (CHEMIN DE LA),0.0,0.0
201500040236,28,9,15,19,2,93,14,2,1,1,2,"0, GAGARINE (BOULEVARD)",0.0,0.0
201500040237,6,10,15,9,1,93,14,2,1,3,3,"00, AUGUSTE GENEVIEVE (A",0.0,0.0
201500040238,9,10,15,18,1,93,14,2,1,7,6,"4, EMILE ZOLA (BOULEVARD",0.0,0.0
201500040239,10,10,15,13,1,93,14,2,9,1,3,MONTFERMEIL (ALLEE DE),0.0,0.0
201500040240,11,10,15,15,1,93,14,2,2,1,6,SEVIGNE (AVENUE DE),0.0,0.0
201500040241,20,10,15,14,1,93,14,2,1,1,2,COUBRON (ALLEE DE),0.0,0.0
201500040242,25,10,15,18,5,93,14,2,2,1,1,EMILE ZOLA (BOULEVARD),0.0,0.0
201500040243,28,10,15,10,1,93,47,2,2,2,3,GABRIEL PERI  (AVENUE),0.0,0.0
201500040244,30,10,15,19,5,93,14,2,1,1,6,ANATOLE FRANCE-(ALLEE),0.0,0.0
201500040245,3,11,15,18,5,93,47,2,4,1,5,"191, JEAN JAURES (AVENUE",0.0,0.0
201500040246,5,11,15,17,5,93,14,2,5,1,6,GAGARINE (BOULEVARD),0.0,0.0
201500040247,6,11,15,8,1,93,47,2,3,1,2,COUBRON  (VIEUX CHEMIN D,0.0,0.0
201500040248,6,11,15,17,1,93,14,2,2,2,3,GAGNY (ALLEE DE),0.0,0.0
201500040249,12,11,15,18,5,93,14,2,1,1,6,CHENE POINTU (ALLEE DU),0.0,0.0
201500040250,13,11,15,16,1,93,14,2,9,1,6,JEAN JAURES (ALLEE),0.0,0.0
201500040251,26,11,15,16,1,93,14,2,1,1,3,MONTFERMEIL (ALLEE DE),0.0,0.0
201500040252,5,12,15,6,5,93,47,2,7,1,6,AMPERE  (PLACE),0.0,0.0
201500040253,5,12,15,12,1,93,47,2,1,1,2,"66, COUBRON (RUE DE )",0.0,0.0
201500040254,8,12,15,15,1,93,14,2,1,3,6,AUGUSTE GENEVIEVE (ALLEE,0.0,0.0
201500040255,9,12,15,13,1,93,47,2,1,1,3,GENERAL DE GAULLE (RUE D,0.0,0.0
201500040256,10,12,15,21,5,93,47,2,1,1,6,"46, ROSSIGNOLS  (AVENUE",0.0,0.0
201500040257,1,1,15,4,5,93,27,2,2,1,2,RASPAIL (RUE),0.0,0.0
201500040258,3,1,15,0,5,93,13,2,1,8,6,"139, LECLERC (AVENU DE L",0.0,0.0
201500040259,11,1,15,15,1,93,27,2,1,1,2,"29, QUINET (RUE EDGAR)",0.0,0.0
201500040260,13,1,15,9,1,93,27,2,1,1,6,"66, VAILLANT-COUTURIER (",0.0,0.0
201500040261,22,1,15,12,1,93,13,2,3,1,3,CAVILLON (RUE ANIZAN),0.0,0.0
201500040262,22,1,15,14,1,93,13,2,1,1,3,JAURES (AVENUE JEAN) DE,0.0,0.0
201500040263,27,1,15,17,1,93,13,2,1,1,6,"32, JAURES (AVENUE JEAN)",0.0,0.0
201500040264,28,1,15,9,1,93,27,2,6,1,3,"0, SALENGRO (AVENUE ROGE",0.0,0.0
201500040265,28,1,15,13,1,93,27,2,1,1,6,"101, MERMOZ (AVENUE JEAN",0.0,0.0
201500040266,16,2,15,15,1,93,27,2,1,1,6,GENEVE (RUE DE),0.0,0.0
201500040267,2,3,15,8,1,93,30,2,6,1,2,SEIZE-AOUT-1943 (PLACE D,0.0,0.0
201500040268,5,3,15,13,1,93,27,2,1,1,3,SAINT-DENIS (RUE DE),0.0,0.0
201500040269,6,3,15,18,2,93,27,2,1,1,4,"100, VAILLANT-COUTURIER",0.0,0.0
201500040270,13,3,15,16,1,93,27,2,3,1,6,", LECLERC (AVENUE DU GEN",0.0,0.0
201500040271,14,3,15,7,1,93,27,2,2,1,6,PALMERS (PONT),0.0,0.0
201500040272,16,3,15,9,1,93,13,2,2,1,6,JAURES (AVENUE JEAN) DE,0.0,0.0
201500040273,16,3,15,17,1,93,27,2,6,1,3,LECLERC (AVENUE DU GENER,0.0,0.0
201500040274,25,3,15,14,1,93,13,2,2,1,3,KENNEDY (AVENUE JOHN FIT,0.0,0.0
201500040275,26,3,15,16,1,93,27,2,2,2,3,ROCHET (RUE WALDECK),0.0,0.0
201500040276,30,3,15,9,1,93,13,2,1,1,3,JAURES (AVENUE JEAN) DE,0.0,0.0
201500040277,31,3,15,19,1,93,27,2,3,1,3,JAURES (AVENUE JEAN),0.0,0.0
201500040278,1,4,15,8,1,93,13,2,1,6,3,"47, ROLLAND (RUE DU CDT)",0.0,0.0
201500040279,1,4,15,6,2,93,27,2,1,6,6,SALENGRO (AVENUE ROGER),0.0,0.0
201500040280,7,4,15,21,5,93,13,2,3,1,6,"10, VAILLANT (RUE EDOUAR",0.0,0.0
201500040281,13,4,15,8,1,93,27,2,2,1,4,PASTEUR (BOULEVARD) DE 4,0.0,0.0
201500040282,14,4,15,14,1,93,27,2,1,1,6,"59, CONVENTION (RUE DE L",0.0,0.0
201500040283,16,4,15,18,1,93,13,2,1,8,6,LINDBERGH (CARREFOUR),0.0,0.0
201500040284,16,4,15,18,1,93,27,2,1,1,3,"114, RATEAU (RUE)",0.0,0.0
201500040285,18,4,15,7,2,93,27,2,1,1,7,"2, CACHIN (AVENUE MARCEL",0.0,0.0
201500040286,7,5,15,19,1,93,27,2,1,1,7,"5, TREFILERIE (RUE DE LA",0.0,0.0
201500040287,7,5,15,22,5,93,30,2,2,1,5,LECLERC DE HAUTECLOQUE (,0.0,0.0
201500040288,12,5,15,6,1,93,27,2,1,1,2,"62/64, CAVILLON (RUE ANI",0.0,0.0
201500040289,15,5,15,1,5,93,13,2,1,2,4,LINDBERGH (CARREFOUR),0.0,0.0
201500040290,19,5,15,7,1,93,13,2,1,1,5,ROLLAND (RUE DU CDT),0.0,0.0
201500040291,19,5,15,18,1,93,13,2,1,1,6,"29, LECLERC (AVENU DE LA",0.0,0.0
201500040292,26,5,15,16,1,93,13,2,1,1,3,LINDBERGH (CARREFOUR),0.0,0.0
201500040293,30,5,15,1,5,93,27,2,2,2,5,"133, VAILLANT-COUTURIER",0.0,0.0
201500040294,31,5,15,21,2,93,13,2,1,2,2,"63, LECLERC (AVENU DE LA",0.0,0.0
201500040295,22,5,15,17,1,93,27,2,2,1,3,FERRY (RUE JULES),0.0,0.0
201500040296,2,6,15,23,5,93,27,2,6,1,3,HUIT-MAI-1945 (PLACE DU),0.0,0.0
201500040297,4,6,15,10,1,93,27,2,1,1,1,JAURES (AVENUE JEAN),0.0,0.0
201500040298,10,6,15,14,1,93,27,2,2,1,1,VAILLANT-COUTURIER (AVEN,0.0,0.0
201500040299,18,6,15,8,1,93,27,2,3,1,2,"18, LENINE (AVENUE)",0.0,0.0
201500040300,18,6,15,17,1,93,13,2,1,1,6,JAURES (AVENUE JEAN) DE,0.0,0.0
201500040301,19,6,15,12,1,93,13,2,2,1,2,JAURES (AVENUE JEAN) DE,0.0,0.0
201500040302,24,6,15,16,1,93,27,2,1,1,6,CACHIN (AVENUE MARCEL),0.0,0.0
201500040303,25,6,15,17,1,93,30,2,1,1,3,"26, GUYNEMERS (RUE GEORG",0.0,0.0
201500040304,1,7,15,20,1,93,27,2,1,1,6,"32, ROCHET (RUE WALDECK)",0.0,0.0
201500040305,6,7,15,22,3,93,27,2,1,1,7,"07, BALZAC (RUE HONORE D",0.0,0.0
201500040306,6,7,15,17,1,93,13,2,3,1,3,"18, JAURES (AVENUE JEAN)",0.0,0.0
201500040307,7,7,15,22,5,93,13,2,1,1,6,"58, JAURES (AVENUE JEAN)",0.0,0.0
201500040308,8,7,15,20,1,93,27,2,1,1,3,LECLERC (PLACE DU GENERA,0.0,0.0
201500040309,9,7,15,7,1,93,27,2,1,1,1,SAINT-DENIS (RUE DE),0.0,0.0
201500040310,13,7,15,20,1,93,27,2,1,1,6,"76, CONVENTION (RUE DE L",0.0,0.0
201500040311,16,7,15,21,2,93,13,1,6,1,6,LINDBERGH (CARREFOUR),0.0,0.0
201500040312,20,7,15,22,5,93,27,2,1,1,6,BARBUSSE (AVENUE HENRI),0.0,0.0
201500040313,27,7,15,17,1,93,27,2,1,1,4,"46, QUINET (RUE EDGAR)",0.0,0.0
201500040314,2,8,15,12,1,93,13,2,1,1,7,JAURES (AVENUE JEAN) DE,0.0,0.0
201500040315,6,8,15,7,1,93,27,2,6,1,3,PASTEUR (BOULEVARD) DE 1,0.0,0.0
201500040316,6,8,15,10,1,93,27,2,1,1,6,VAILLANT-COUTURIER (AVEN,0.0,0.0
201500040317,8,8,15,19,1,93,27,2,1,1,7,CONVENTION (RUE DE LA),0.0,0.0
201500040318,11,8,15,20,1,93,27,2,3,1,2,Av Jean JAURES-SortieA86,0.0,0.0
201500040319,19,8,15,20,5,93,27,2,1,1,6,LENINE (AVENUE),0.0,0.0
201500040320,30,8,15,7,1,93,27,2,1,1,2,"167, VAILLANT-COUTURIER",0.0,0.0
201500040321,4,9,15,14,1,93,27,2,3,1,3,"néant, PRESOV (AVENUE DE",0.0,0.0
201500040322,6,9,15,9,1,93,27,2,2,1,3,"X, PASTEUR (BOULEVARD) D",0.0,0.0
201500040323,7,9,15,18,1,93,13,2,1,1,6,"25, JAURES (AVENUE JEAN)",0.0,0.0
201500040324,12,9,15,17,1,93,27,2,7,3,4,LECLERC (PLACE DU GENERA,0.0,0.0
201500040325,14,9,15,19,2,93,27,2,1,8,2,SALENGRO (AVENUE ROGER),0.0,0.0
201500040326,23,9,15,18,1,93,13,2,1,1,2,"22, LECLERC (AVENU DE LA",0.0,0.0
201500040327,23,9,15,21,5,93,27,2,1,1,5,"127, VAILLANT-COUTURIER",0.0,0.0
201500040328,28,9,15,13,1,93,27,2,1,1,5,"57, MERMOZ (AVENUE JEAN)",0.0,0.0
201500040329,2,10,15,9,1,93,13,1,6,1,6,LINDBERGH (CARREFOUR),0.0,0.0
201500040330,9,10,15,15,1,93,30,2,1,1,2,", SEIZE-AOUT-1943 (PLACE",0.0,0.0
201500040331,11,10,15,16,1,93,27,2,1,1,3,"68, LECLERC (AVENUE DU G",0.0,0.0
201500040332,13,10,15,19,5,93,27,2,1,1,3,"44, QUINET (RUE EDGAR)",0.0,0.0
201500040333,16,10,15,7,3,93,13,1,2,2,6,Av Div LECLERC-entrée A1,0.0,0.0
201500040334,20,10,15,13,1,93,27,2,1,8,7,CONVENTION (RUE DE LA),0.0,0.0
201500040335,21,10,15,14,1,93,27,2,1,1,3,PRESOV (AVENUE DE),0.0,0.0
201500040336,23,10,15,11,1,93,27,2,1,1,3,VAILLANT-COUTURIER (AVEN,0.0,0.0
201500040337,24,10,15,16,1,93,27,2,1,1,3,LECLERC (PLACE DU GENERA,0.0,0.0
201500040338,28,10,15,16,1,93,27,2,3,1,3,RATEAU (RUE),0.0,0.0
201500040339,5,11,15,13,1,93,27,2,1,1,3,"89, PASTEUR (BOULEVARD)",0.0,0.0
201500040340,8,11,15,11,1,93,27,2,1,1,6,"100, VAILLANT-COUTURIER",0.0,0.0
201500040341,9,11,15,21,5,93,27,2,1,1,3,LECLERC (AVENUE DU GENER,0.0,0.0
201500040342,12,11,15,3,5,93,13,2,1,1,7,"89, LECLERC (AVENU DE LA",0.0,0.0
201500040343,13,11,15,0,5,93,27,2,3,1,1,"85, PASTEUR (BOULEVARD)",0.0,0.0
201500040344,20,11,15,19,5,93,30,2,1,2,2,", HUIT-MAI-1945 (AVENUE",0.0,0.0
201500040345,21,11,15,20,5,93,30,2,1,2,2,CROIZAT (AVENUE AMBROISE,0.0,0.0
201500040346,1,12,15,8,1,93,13,2,1,1,3,"43 bis, ROLLAND (RUE DU",0.0,0.0
201500040347,21,11,15,9,1,93,27,2,1,2,6,"80 A 98, REPUBLIQUE (AVE",0.0,0.0
201500040348,27,11,15,20,5,93,13,2,1,2,6,LECLERC (AVENU DE LA DIV,0.0,0.0
201500040349,2,12,15,8,1,93,30,2,1,1,2,HUIT-MAI-1945 (AVENUE DU,0.0,0.0
201500040350,2,12,15,16,1,93,13,2,1,1,6,"10, ELISE DEROCHE (Avenu",0.0,0.0
201500040351,2,12,15,18,2,93,13,2,4,1,6,"60, JAURES (AVENUE JEAN)",0.0,0.0
201500040352,5,12,15,15,1,93,27,2,6,8,4,LECLERC (AVENUE DU GENER,0.0,0.0
201500040353,8,12,15,14,1,93,27,2,1,2,2,CONVENTION (RUE DE LA),0.0,0.0
201500040354,11,12,15,14,1,93,27,2,1,8,7,PREVOTE (RUE DE LA),0.0,0.0
201500040355,24,12,15,19,5,93,30,2,2,1,3,FALLIERES (RUE FELIX),0.0,0.0
201500040356,18,12,15,15,1,93,27,2,1,1,6,"85, REPUBLIQUE (AVENUE D",0.0,0.0
201500040357,9,12,15,5,5,93,13,2,1,1,7,LINDBERGH (CARREFOUR),0.0,0.0
201500040358,10,12,15,12,1,93,27,2,9,1,2,VAILLANT-COUTURIER (AVEN,0.0,0.0
201500040359,6,1,15,19,5,93,29,2,1,1,7,STATION (DE LA),0.0,0.0
201500040360,14,1,15,19,3,93,29,2,1,1,1,"84, REPUBLIQUE (DE LA) N",0.0,0.0
201500040361,22,1,15,20,5,93,29,2,1,1,2,"89, MARCEAU (AVENUE) N?",0.0,0.0
201500040362,26,1,15,14,1,93,29,2,6,2,2,STALINGRAD (DE),0.0,0.0
201500040363,28,1,15,21,3,93,29,2,3,1,3,HENRI BARBUSSE (AVE) N?2,0.0,0.0
201500040364,4,2,15,17,1,93,29,2,3,1,3,"124, FAIDHERBE",0.0,0.0
201500040365,4,2,15,20,5,93,29,2,1,1,3,", CHARLES GIDE",0.0,0.0
201500040366,5,2,15,14,1,93,29,2,1,1,6,"02, MARCELIN BERTHELOT",0.0,0.0
201500040367,18,2,15,13,1,93,29,2,3,8,3,"4, REPUBLIQUE (DE LA) N?",0.0,0.0
201500040368,3,3,15,11,1,93,29,2,8,1,6,"197, ANATOLE FRANCE",0.0,0.0
201500040369,5,3,15,12,1,93,29,2,1,1,1,"30, HENRI BARBUSSE (AVE)",0.0,0.0
201500040370,7,3,15,15,1,93,29,2,3,1,3,PAUL VAILLANT COUTURIER,0.0,0.0
201500040371,7,3,15,1,5,93,29,2,2,1,3,"28, EDMOND GILLETTE",0.0,0.0
201500040372,8,3,15,13,1,93,29,2,2,1,6,JEAN JAURES (AVENUE),0.0,0.0
201500040373,9,3,15,18,5,93,29,2,1,1,6,"24, PAUL VAILLANT COUTUR",0.0,0.0
201500040374,9,3,15,19,5,93,29,2,3,1,6,MARCEAU (AVENUE) N° 1-27,0.0,0.0
201500040375,20,3,15,13,1,93,29,2,1,1,6,"81, MARCEAU (AVENUE) N°",0.0,0.0
201500040376,21,3,15,18,1,93,29,2,1,1,6,"115, CHARLES GIDE",0.0,0.0
201500040377,21,3,15,21,5,93,29,2,1,1,2,"244, HENRI BARBUSSE (AVE",0.0,0.0
201500040378,29,3,15,21,5,93,29,2,3,2,3,"120, HENRI BARBUSSE (AVE",0.0,0.0
201500040379,14,4,15,18,1,93,29,2,1,1,7,"86, SAINT-STENAY",0.0,0.0
201500040380,17,4,15,4,5,93,29,2,1,1,6,"60, ALSACE LORRAINE",0.0,0.0
201500040381,21,4,15,18,1,93,29,2,1,1,1,"55, ANATOLE FRANCE",0.0,0.0
201500040382,22,4,15,10,1,93,29,2,1,7,6,"118, HENRI BARBUSSE (AVE",0.0,0.0
201500040383,10,5,15,21,5,93,29,2,4,1,1,"195, MAURICE BERNARD",0.0,0.0
201500040384,11,5,15,8,1,93,29,2,9,1,2,"133, SADI CARNOT",0.0,0.0
201500040385,11,5,15,17,1,93,29,2,3,1,6,"48, ROGER SALENGRO N° 02",0.0,0.0
201500040386,13,5,15,9,1,93,29,2,1,1,6,"169, ANATOLE FRANCE",0.0,0.0
201500040387,16,5,15,2,5,93,29,2,1,1,6,"21, LIBERTE (DE LA)",0.0,0.0
201500040388,16,5,15,22,5,93,29,2,2,1,3,"167, HENRI BARBUSSE (AVE",0.0,0.0
201500040389,18,5,15,13,1,93,29,2,3,1,3,"34, LIBERTE (DE LA)",0.0,0.0
201500040390,31,5,15,3,4,93,29,2,1,8,6,STALINGRAD (DE),0.0,0.0
201500040391,1,6,15,8,1,93,29,2,1,1,2,"12, STALINGRAD (DE)",0.0,0.0
201500040392,15,6,15,7,1,93,29,2,2,1,3,"2, SADI CARNOT",0.0,0.0
201500040393,17,6,15,16,1,93,29,2,2,1,6,"118, HENRI BARBUSSE (AVE",0.0,0.0
201500040394,21,6,15,11,1,93,29,2,9,1,6,"38, HENRI BARBUSSE (AVE)",0.0,0.0
201500040395,26,6,15,16,1,93,29,2,1,1,6,"4, DIVISION LECLERC (AV.",0.0,0.0
201500040396,30,6,15,9,1,93,29,2,1,7,6,ROGER SALENGRO N° 02-92,0.0,0.0
201500040397,3,7,15,22,5,93,29,2,7,1,3,"179, HENRI BARBUSSE (AVE",0.0,0.0
201500040398,5,7,15,0,5,93,29,2,1,1,6,44 CONCORDE (AVENUE DE,0.0,0.0