Num_Acc,jour,mois,an,hr,condition_eclairage,departement,commune,condition_agglomeration,intersection,condition_atmosphere,type_collision,adresse,lattitude,longitude
201500040399,9,7,15,10,1,93,29,2,2,1,1,"10, EMILE DESPREZ",0.0,0.0
201500040400,28,7,15,15,1,93,29,2,9,1,6,"115, HENRI BARBUSSE (AVE",0.0,0.0
201500040401,31,7,15,19,1,93,29,2,1,1,6,"76, JEAN JAURES (AVENUE)",0.0,0.0
201500040402,21,8,15,17,1,93,29,2,9,1,6,"15, BOIS DE GROSLAY (DES",0.0,0.0
201500040403,31,8,15,8,1,93,29,2,1,1,6,"7, GRAND AIR (DU)",0.0,0.0
201500040404,31,8,15,18,1,93,29,2,1,1,6,"160, JEAN JAURES (AVENUE",0.0,0.0
201500040405,6,9,15,14,1,93,29,2,3,1,3,"66, DIVISION LECLERC (AV",0.0,0.0
201500040406,9,9,15,19,1,93,29,2,1,1,6,103 HENRI BARBUSSE (AVE,0.0,0.0
201500040407,14,9,15,18,1,93,29,2,1,2,6,"234, ANATOLE FRANCE",0.0,0.0
201500040408,18,9,15,13,1,93,29,2,6,2,6,"170, STALINGRAD (DE)",0.0,0.0
201500040409,27,9,15,16,1,93,29,2,6,1,6,"80, SAINT-STENAY",0.0,0.0
201500040410,1,10,15,18,2,93,29,2,1,1,2,"1, GATEAU LAMBLIN",0.0,0.0
201500040411,3,10,15,16,1,93,29,2,1,1,6,"37, AMBROISE CROIZAT",0.0,0.0
201500040412,12,10,15,13,1,93,29,2,2,1,6,"71, HENRI LANGLOIS",0.0,0.0
201500040413,12,10,15,13,1,93,29,2,1,1,6,"142, ROGER SALENGRO N° 9",0.0,0.0
201500040414,13,10,15,17,1,93,29,2,3,1,3,"87, SADI CARNOT",0.0,0.0
201500040415,16,10,15,6,5,93,29,2,2,2,3,"78, JEAN JAURES (AVENUE)",0.0,0.0
201500040416,19,10,15,19,5,93,29,2,1,1,6,ROGER PETIEU,0.0,0.0
201500040417,19,10,15,19,5,93,29,2,2,1,3,"1, MARCEAU (AVENUE) N° 1",0.0,0.0
201500040418,22,10,15,13,1,93,29,2,1,2,6,"79, SADI CARNOT",0.0,0.0
201500040419,22,10,15,19,5,93,29,2,3,2,6,"85, HENRI BARBUSSE (AVE)",0.0,0.0
201500040420,24,10,15,2,3,93,29,2,1,1,6,"42, ALSACE LORRAINE",0.0,0.0
201500040421,29,10,15,22,5,93,29,2,2,1,3,"139, HENRI BARBUSSE (AVE",0.0,0.0
201500040422,1,11,15,1,5,93,29,2,1,1,6,"10, PARMENTIER",0.0,0.0
201500040423,5,11,15,21,5,93,29,2,1,2,4,"150, STALINGRAD (DE)",0.0,0.0
201500040424,10,11,15,13,1,93,29,2,3,1,3,REPUBLIQUE (DE LA) N° 1-,0.0,0.0
201500040425,22,11,15,17,5,93,29,2,9,1,3,"294, JEAN JAURES (AVENUE",0.0,0.0
201500040426,6,12,15,21,5,93,29,2,0,1,2,"80, STALINGRAD (DE)",0.0,0.0
201500040427,19,12,15,9,1,93,29,2,3,1,3,BOIS D'AMOUR (AVENUE DU),0.0,0.0
201500040428,20,12,15,4,5,93,29,2,9,1,6,ALSACE LORRAINE,0.0,0.0
201500040429,27,12,15,0,5,93,29,2,2,1,3,LOUIS GREUZARD,0.0,0.0
201500040430,5,1,15,6,5,93,31,2,2,1,6,"0, JEAN JAURES (AVENUE)",0.0,0.0
201500040431,13,1,15,15,1,93,79,2,3,3,3,"62, SAINT LEU (ROUTE)",0.0,0.0
201500040432,15,1,15,17,5,93,31,2,1,2,2,"209, SAINT LEU (ROUTE DE",0.0,0.0
201500040433,26,1,15,17,2,93,31,2,2,2,6,"00, DIX HUIT JUIN 1940 (",0.0,0.0
201500040434,30,1,15,19,5,93,31,2,1,1,6,"134, JOFFRE (AVENUE)",0.0,0.0
201500040435,30,1,15,20,5,93,31,2,1,1,6,"27, MARSEILLE (RUE DE)",0.0,0.0
201500040436,5,2,15,8,1,93,31,2,1,1,6,"85, JEAN JAURES (AVENUE)",0.0,0.0
201500040437,16,2,15,12,1,93,79,2,1,1,6,"00, SAINT LEU (ROUTE)",0.0,0.0
201500040438,16,2,15,16,1,93,31,2,1,8,6,"16, REPUBLIQUE (AVENUE)",0.0,0.0
201500040439,16,2,15,23,4,93,31,2,1,1,6,"118, PARIS (RUE DE)",0.0,0.0
201500040440,20,2,15,11,1,93,31,2,1,2,3,"00, REPUBLIQUE (AVENUE)",0.0,0.0
201500040441,21,2,15,11,1,93,31,2,2,3,3,"160, REPUBLIQUE (AVENUE)",0.0,0.0
201500040442,22,2,15,1,5,93,31,2,2,1,1,"00, REPUBLIQUE (AVENUE)",0.0,0.0
201500040443,23,2,15,15,1,93,31,2,1,1,6,"00, ARGENTEUIL (ROUTE D'",0.0,0.0
201500040444,2,3,15,18,1,93,31,2,1,1,3,"88, DE LATTRE DE TASSIGN",0.0,0.0
201500040445,5,3,15,9,1,93,31,2,1,1,6,"14, FOCH (BOULEVARD)",0.0,0.0
201500040446,5,3,15,12,1,93,31,2,3,1,6,"00, GOUNOD (RUE)",0.0,0.0
201500040447,7,3,15,23,5,93,31,2,1,1,2,"00, REPUBLIQUE (AVENUE)",0.0,0.0
201500040448,13,3,15,20,5,93,31,2,2,1,2,"00, PARIS (RUE DE)",0.0,0.0
201500040449,23,3,15,15,1,93,31,2,2,1,3,"00, REPUBLIQUE (AVENUE)",0.0,0.0
201500040450,26,3,15,17,1,93,31,2,3,1,6,"22, ORMESSON (RUE D')",0.0,0.0
201500040451,27,3,15,18,1,93,31,2,3,1,6,"22, PARIS (RUE DE)",0.0,0.0
201500040452,30,3,15,17,1,93,31,2,1,1,6,"00, DE LATTRE DE TASSIGN",0.0,0.0
201500040453,6,4,15,17,1,93,31,2,1,1,6,"67, ENGHIEN (AV D')",0.0,0.0
201500040454,10,4,15,23,5,93,31,2,3,1,3,"187, SAINT LEU (ROUTE DE",0.0,0.0
201500040455,15,4,15,8,1,93,31,2,3,1,6,", PRESLES (RUE DES)",0.0,0.0
201500040456,15,4,15,16,1,93,31,2,2,1,1,"0, ALLENDE (AVENUE SALVA",0.0,0.0
201500040457,25,4,15,11,1,93,79,2,1,1,3,"00, JEAN ALLEMANE",0.0,0.0
201500040458,24,4,15,21,5,93,79,2,1,1,6,"00, NOUVELLE",0.0,0.0
201500040459,25,4,15,15,1,93,31,2,2,1,3,"1, REPUBLIQUE (AVENUE)",0.0,0.0
201500040460,2,5,15,13,1,93,31,2,3,1,3,"00, REPUBLIQUE (AVENUE)",0.0,0.0
201500040461,4,5,15,14,1,93,79,2,9,1,1,"00, SAINT LEU (ROUTE)",0.0,0.0
201500040462,5,5,15,14,1,93,31,2,1,1,6,"81, MARNE (AVENUE DE LA)",0.0,0.0
201500040463,8,5,15,16,1,93,79,2,2,1,1,"98, SAINT LEU (ROUTE)",0.0,0.0
201500040464,13,5,15,7,1,93,31,2,1,1,1,"112, REPUBLIQUE (AVENUE)",0.0,0.0
201500040465,13,5,15,18,1,93,31,2,2,1,2,"00, ESPACE LUMIERE-DELAT",0.0,0.0
201500040466,15,5,15,8,1,93,31,2,1,1,6,"32, MARNE (AVENUE DE LA)",0.0,0.0
201500040467,1,6,15,13,1,93,79,2,1,1,6,"47, ROGER SALENGRO",0.0,0.0
201500040468,2,6,15,8,1,93,31,2,3,8,4,"00, NANCY (RUE DE)",0.0,0.0
201500040469,8,6,15,21,2,93,79,2,1,1,5,"187, SAINT LEU (ROUTE)",0.0,0.0
201500040470,16,6,15,9,1,93,31,2,2,1,3,"1, PARIS (RUE DE)",0.0,0.0
201500040471,17,6,15,9,1,93,31,2,1,1,3,"197, ESPACE LUMIERE-DELA",0.0,0.0
201500040472,19,6,15,16,1,93,79,2,1,1,3,"133, DIVISION LECLERC (A",0.0,0.0
201500040473,26,6,15,15,1,93,79,2,2,1,1,"00, SAINT LEU (ROUTE)",0.0,0.0
201500040474,29,6,15,21,1,93,31,2,1,1,6,"00, SAINT LEU (ROUTE DE)",0.0,0.0
201500040475,6,7,15,17,1,93,31,2,1,1,6,"102, REPUBLIQUE (AVENUE)",0.0,0.0
201500040476,6,7,15,19,1,93,31,2,1,1,3,"00, REPUBLIQUE (AVENUE)",0.0,0.0
201500040477,6,7,15,14,1,93,31,2,1,1,6,"24, REPUBLIQUE (AVENUE)",0.0,0.0
201500040478,9,7,15,19,1,93,31,2,1,1,3,"53, FOCH (BOULEVARD)",0.0,0.0
201500040479,11,7,15,19,1,93,31,2,1,1,6,"24, MARSEILLE (RUE DE)",0.0,0.0
201500040480,11,7,15,14,1,93,31,2,1,1,3,"00, FELIX MERLIN",0.0,0.0
201500040481,11,7,15,18,1,93,31,2,3,1,6,"160, REPUBLIQUE (AVENUE)",0.0,0.0
201500040482,16,7,15,11,1,93,31,2,9,1,6,"0, DE LATTRE DE TASSIGNY",0.0,0.0
201500040483,21,7,15,5,2,93,31,2,1,1,2,"160, REPUBLIQUE (AVENUE)",0.0,0.0
201500040484,22,7,15,21,2,93,79,2,1,1,1,"00, MARCEL SEMBAT",0.0,0.0
201500040485,27,7,15,0,5,93,31,2,2,2,1,"00, JEAN JAURES (AVENUE)",0.0,0.0
201500040486,27,7,15,12,1,93,31,2,1,8,6,"00, FELIX MERLIN",0.0,0.0
201500040487,30,7,15,22,5,93,31,2,1,1,3,"160, REPUBLIQUE (AVENUE)",0.0,0.0
201500040488,8,8,15,14,1,93,31,2,1,1,6,"20, FELIX MERLIN",0.0,0.0
201500040489,8,8,15,17,1,93,31,2,1,1,6,"81, GALLIENI (AVENUE)",0.0,0.0
201500040490,11,8,15,13,1,93,31,2,1,1,5,"61, GALLIENI (AVENUE)",0.0,0.0
201500040491,15,8,15,17,1,93,31,2,2,1,3,REPUBLIQUE (AVENUE),0.0,0.0
201500040492,16,8,15,13,1,93,31,2,7,1,1,"65, ORGEMONT (RUE D')",0.0,0.0
201500040493,21,8,15,22,5,93,31,2,9,1,1,EGLISE (RUE DE L'),0.0,0.0
201500040494,27,8,15,20,5,93,79,2,1,3,6,"112, MAURICE GRANDCOING",0.0,0.0
201500040495,2,9,15,10,1,93,31,2,3,1,2,"19, DE LATTRE DE TASSIGN",0.0,0.0
201500040496,2,9,15,11,1,93,31,2,3,1,3,"129, JEAN JAURES (AVENUE",0.0,0.0
201500040497,3,9,15,13,1,93,31,2,4,1,3,"160, REPUBLIQUE (AVENUE)",0.0,0.0
201500040498,6,9,15,12,1,93,31,2,1,1,6,FELIX MERLIN,0.0,0.0
201500040499,7,9,15,8,1,93,31,2,1,1,6,DE LATTRE DE TASSIGNY (1,0.0,0.0
201500040500,8,9,15,13,1,93,31,2,1,1,3,REPUBLIQUE (AVENUE),0.0,0.0
201500040501,10,9,15,20,1,93,31,2,1,1,3,"84, REPUBLIQUE (AVENUE)",0.0,0.0
201500040502,12,9,15,13,1,93,31,2,3,3,3,DIX HUIT JUIN 1940 (AVEN,0.0,0.0
201500040503,12,9,15,17,1,93,31,2,9,3,7,", JOFFRE (AVENUE)",0.0,0.0
201500040504,14,9,15,19,1,93,79,2,1,2,6,JEAN ALLEMANE,0.0,0.0
201500040505,16,9,15,22,5,93,31,2,2,1,3,REPUBLIQUE (AVENUE),0.0,0.0
201500040506,19,9,15,11,1,93,31,2,1,1,6,"23, GALLIENI (AVENUE)",0.0,0.0
201500040507,20,9,15,6,5,93,31,2,4,1,6,FOCH (BOULEVARD),0.0,0.0
201500040508,21,9,15,10,1,93,79,2,1,1,6,JEAN BAPTISTE CLEMENT,0.0,0.0
201500040509,22,9,15,11,1,93,79,1,1,2,3,JEAN BAPTISTE CLEMENT,0.0,0.0
201500040510,26,9,15,1,5,93,31,2,4,1,1,JOFFRE (AVENUE),0.0,0.0
201500040511,28,9,15,18,1,93,79,2,1,1,6,"162, DIVISION LECLERC (A",0.0,0.0
201500040512,2,10,15,12,1,93,31,2,1,1,6,"34, DE LATTRE DE TASSIGN",0.0,0.0
201500040513,3,10,15,13,1,93,31,2,2,1,3,"160, REPUBLIQUE (AVENUE)",0.0,0.0
201500040514,5,10,15,18,1,93,79,2,1,3,3,"99, JEAN BAPTISTE CLEMEN",0.0,0.0
201500040515,6,10,15,20,5,93,31,2,1,1,3,"1/3, SAINT LEU (ROUTE DE",0.0,0.0
201500040516,9,10,15,22,5,93,31,2,1,1,2,"22, CDT LOUIS BOUCHET (A",0.0,0.0
201500040517,12,10,15,17,1,93,79,2,1,1,6,"8, ROGER SALENGRO",0.0,0.0
201500040518,31,10,15,13,1,93,31,2,2,1,3,PARIS (RUE DE),0.0,0.0
201500040519,3,11,15,7,2,93,31,2,5,8,6,"0, REPUBLIQUE (AVENUE)",0.0,0.0
201500040520,5,11,15,16,2,93,79,2,1,1,6,"1, JEAN BAPTISTE CLEMENT",0.0,0.0
201500040521,7,11,15,23,5,93,31,2,1,1,6,"29, MARSEILLE (RUE DE)",0.0,0.0
201500040522,9,11,15,18,5,93,31,2,4,1,1,REPUBLIQUE (AVENUE),0.0,0.0
201500040523,20,11,15,17,5,93,31,2,1,2,6,"209, SAINT LEU (ROUTE DE",0.0,0.0
201500040524,21,11,15,7,2,93,31,2,9,2,3,"153, REPUBLIQUE (AVENUE)",0.0,0.0
201500040525,26,11,15,12,1,93,31,2,1,1,6,"161, REPUBLIQUE (AVENUE)",0.0,0.0
201500040526,4,12,15,12,1,93,31,2,1,1,3,"0, SAINT LEU (ROUTE DE)",0.0,0.0
201500040527,10,12,15,19,5,93,31,2,2,1,3,MARNE (AVENUE DE LA),0.0,0.0
201500040528,15,12,15,18,3,93,79,2,1,2,6,"114, SAINT LEU (ROUTE)",0.0,0.0
201500040529,20,12,15,22,5,93,79,2,1,2,3,"52, SAINT LEU (ROUTE)",0.0,0.0
201500040530,29,12,15,11,1,93,31,2,3,1,6,FELIX MERLIN,0.0,0.0
201500040531,30,12,15,14,1,93,79,2,1,1,1,SAINT LEU (ROUTE),0.0,0.0
201500040532,5,1,15,16,1,93,32,2,3,1,3,HIPPOLYTE  PINA  (RUE),0.0,0.0
201500040533,28,1,15,7,1,93,32,2,2,1,3,CENTRALE   (AVENUE),0.0,0.0
201500040534,2,2,15,16,1,93,32,2,1,1,6,"38, JEAN JAURES (AVENUE)",0.0,0.0
201500040535,11,2,15,17,1,93,32,2,1,1,3,"86, ARISTIDE BRIAND (RUE",0.0,0.0
201500040536,2,3,15,16,1,93,32,2,1,1,4,"115, PAUL VAILLANT COUTU",0.0,0.0
201500040537,14,3,15,4,5,93,32,2,3,1,3,"96, CHEMIN DE FER   (RUE",0.0,0.0
201500040538,19,3,15,0,5,93,32,2,1,1,6,"55, MAISON ROUGE  (RUE D",0.0,0.0
201500040539,30,3,15,8,1,93,32,2,3,2,6,TOULOUSE  (AVENUE DE),0.0,0.0
201500040540,4,4,15,16,1,93,32,2,1,8,1,"55, JEAN JAURES (AVENUE)",0.0,0.0
201500040541,9,4,15,17,1,93,32,2,3,1,3,"81, ARISTIDE BRIAND (RUE",0.0,0.0
201500040542,13,4,15,20,1,93,32,2,1,1,6,"38 b, JEAN JAURES (AVENU",0.0,0.0
201500040543,15,4,15,14,1,93,32,2,7,1,6,"38, JEAN JAURES (AVENUE)",0.0,0.0
201500040544,15,5,15,18,1,93,32,2,1,1,6,"86, DIX NEUF MARS   (RUE",0.0,0.0
201500040545,24,5,15,19,1,93,32,2,1,1,6,DHUYS   (ALLEE DE LA),0.0,0.0
201500040546,2,6,15,20,1,93,32,2,2,7,2,PAUL VAILLANT COUTURIER,0.0,0.0
201500040547,5,6,15,19,1,93,32,2,1,1,2,"50, HENRI BARBUSSE   (AV",0.0,0.0
201500040548,9,6,15,21,2,93,32,2,3,1,3,CHENES (ALLEE DES),0.0,0.0
201500040549,14,6,15,1,5,93,32,2,1,1,3,JEAN JAURES (AVENUE),0.0,0.0
201500040550,17,6,15,15,1,93,32,2,2,1,3,"05, PARMENTIER   (RUE)",0.0,0.0
201500040551,24,6,15,7,1,93,32,2,1,1,3,PAUL VAILLANT COUTURIER,0.0,0.0
201500040552,7,7,15,8,1,93,32,2,2,1,3,HAUTE CARRIERE   (RUE DE,0.0,0.0
201500040553,15,7,15,11,1,93,32,2,1,7,6,"149, VERSAILLES (AVENUE",0.0,0.0
201500040554,17,7,15,0,5,93,32,2,1,1,6,"26bis, JEAN JAURES (AVEN",0.0,0.0
201500040555,22,7,15,19,1,93,32,2,1,1,6,"08, ALBERT CAMUS   (RUE)",0.0,0.0
201500040556,5,8,15,11,1,93,32,2,1,1,3,ABBESSES  (CHEMIN D'ACCE,0.0,0.0
201500040557,9,8,15,20,1,93,32,2,1,1,3,ARISTIDE BRIAND (RUE),0.0,0.0
201500040558,8,8,15,19,1,93,32,2,3,1,3,"11, LOUIS BOUCHET   (RUE",0.0,0.0
201500040559,26,8,15,11,1,93,32,2,2,1,3,GAITE   (AVENUE DE LA),0.0,0.0
201500040560,30,8,15,1,5,93,32,2,1,1,6,"43, CHENES (ALLEE DES)",0.0,0.0
201500040561,5,9,15,1,5,93,32,2,1,1,3,"53, JEAN JAURES (AVENUE)",0.0,0.0
201500040562,10,9,15,21,5,93,32,2,1,1,6,HENRI BARBUSSE   (AVENUE,0.0,0.0
201500040563,17,9,15,14,1,93,32,2,3,8,1,DIX NEUF MARS   (RUE DU),0.0,0.0
201500040564,17,9,15,18,1,93,32,2,6,1,6,"47, CONTANT   (RUE)",0.0,0.0
201500040565,19,9,15,12,1,93,32,2,1,1,3,"20, PARIS  (RUE DE)",0.0,0.0
201500040566,20,9,15,2,5,93,32,2,1,1,2,JEAN JAURES (AVENUE),0.0,0.0
201500040567,29,9,15,12,1,93,32,2,1,1,6,"26, RENE BASCHET   (RUE)",0.0,0.0
201500040568,4,10,15,0,5,93,32,2,2,1,3,PAUL VAILLANT COUTURIER,0.0,0.0
201500040569,6,10,15,8,1,93,32,2,1,3,6,MAISON ROUGE  (RUE DE LA,0.0,0.0
201500040570,31,10,15,20,5,93,32,2,3,1,3,JEAN PIERRE GARDEBLED (R,0.0,0.0
201500040571,2,11,15,17,3,93,32,2,1,1,2,"136, JULES GUESDES  (RUE",0.0,0.0
201500040572,20,11,15,18,5,93,32,2,9,2,6,"30, SAINT DIZIER   (BOUL",0.0,0.0
201500040573,20,11,15,22,5,93,32,2,1,8,3,"182, MONTFERMEIL   (ALLE",0.0,0.0
201500040574,22,11,15,11,1,93,32,2,2,1,6,"162, MONTFERMEIL   (ALLE",0.0,0.0
201500040575,28,11,15,15,1,93,32,2,2,1,3,"30, MADELEINE    (ALLEE)",0.0,0.0
201500040576,4,12,15,14,1,93,32,2,1,1,6,DIX NEUF MARS   (RUE DU),0.0,0.0
201500040577,15,12,15,10,1,93,32,2,3,2,3,VICTOR AUBRY  (RUE),0.0,0.0
201500040578,16,12,15,19,5,93,32,2,3,2,6,JEAN JAURES (AVENUE),0.0,0.0
201500040579,20,12,15,21,5,93,32,2,3,2,3,CHATEAU   (AVENUE DU),0.0,0.0
201500040580,25,12,15,20,5,93,32,2,3,1,3,HENRI BARBUSSE   (AVENUE,0.0,0.0
201500040581,29,12,15,17,5,93,32,2,1,1,6,"06, DRAGON   (AVENUE DU)",0.0,0.0
201500040582,1,1,15,19,5,93,45,2,1,1,1,"34, LIBERTE BD DE LA",0.0,0.0
201500040583,6,1,15,9,1,93,63,2,1,1,3,"16, BENFLEET RUE DE",0.0,0.0
201500040584,6,1,15,18,5,93,63,2,1,1,3,"57, KERAUTRET AVENUE PIE",0.0,0.0
201500040585,7,1,15,1,5,93,63,2,1,5,6,BERLIOZ AVENUE,0.0,0.0
201500040586,14,1,15,13,1,93,6,2,1,1,2,FERRY JULES RUE,0.0,0.0
201500040587,16,1,15,21,5,93,45,2,1,2,3,LECLERC BOULEVARD DU GEN,0.0,0.0
201500040588,19,1,15,17,5,93,6,2,2,1,6,"19/21, DELESCLUSE CHARLE",0.0,0.0
201500040589,22,1,15,12,1,93,63,2,1,1,6,", METZ AVENUE DE",0.0,0.0
201500040590,28,1,15,3,5,93,45,2,1,8,6,"12, JAURES BD JEAN",0.0,0.0
201500040591,29,1,15,16,1,93,6,2,1,2,6,GAL DE GAULLE AV. DU,0.0,0.0
201500040592,30,1,15,16,2,93,63,1,2,8,3,BRANLY BD EDOUARD,0.0,0.0
201500040593,4,2,15,12,1,93,61,2,1,1,5,"11, PERI GABRIEL RUE",0.0,0.0
201500040594,16,2,15,14,1,93,63,1,1,1,6,"138, FABIEN AVENUE DU CO",0.0,0.0
201500040595,25,2,15,14,1,93,6,2,3,2,3,"50, GAL LECLERC AV. DU",0.0,0.0
201500040596,27,2,15,16,1,93,63,2,3,7,6,ROMAINVILLE RUE DE,0.0,0.0
201500040597,3,3,15,13,1,93,63,2,3,1,3,KERAUTRET AVENUE PIERRE,0.0,0.0
201500040598,5,3,15,7,1,93,63,2,1,1,5,"60, BARBUSSE HENRI BOULE",0.0,0.0
201500040599,7,3,15,21,5,93,45,1,1,1,6,"1, CALMETTE ALLEE DU DOC",0.0,0.0
201500040600,14,3,15,23,5,93,63,2,3,1,3,LENINE AVENUE,0.0,0.0
201500040601,20,3,15,10,1,93,45,2,1,1,6,RENAULT LEON RUE,0.0,0.0
201500040602,24,3,15,15,1,93,6,2,1,2,6,"26, GAL DE GAULLE AV. DU",0.0,0.0
201500040603,29,3,15,17,1,93,45,2,1,2,6,LIBERTE BD DE LA,0.0,0.0
201500040604,29,3,15,14,1,93,63,2,2,8,3,REPUBLIQUE RUE DE LA,0.0,0.0
201500040605,7,4,15,10,1,93,45,2,1,1,6,BRUYERES RUE DES,0.0,0.0
201500040606,12,4,15,12,1,93,45,2,1,1,6,BRUYERES RUE DES,0.0,0.0
201500040607,15,4,15,9,1,93,45,2,1,1,3,"10, BRUYERES RUE DES",0.0,0.0
201500040608,23,4,15,23,5,93,61,2,1,1,7,"34, ESTIENNE D'ORVES RUE",0.0,0.0
201500040609,15,5,15,13,1,93,45,2,2,1,3,LECLERC BOULEVARD DU GEN,0.0,0.0
201500040610,11,6,15,8,1,93,63,2,1,1,6,"12, BARBUSSE HENRI BOULE",0.0,0.0
201500040611,12,6,15,14,1,93,63,2,1,1,6,"5, VAILLANT-COUTURIER RU",0.0,0.0
201500040612,14,6,15,19,1,93,6,2,2,1,5,ROBESPIERRE RUE,0.0,0.0
201500040613,22,6,15,20,1,93,6,2,1,1,6,GAL DE GAULLE AV. DU,0.0,0.0
201500040614,2,7,15,9,1,93,6,2,1,1,6,"01, REPUBLIQUE AVENUE DE",0.0,0.0
201500040615,3,7,15,10,1,93,6,2,2,7,2,"0, CAPSULERIE RUE DE LA",0.0,0.0
201500040616,6,7,15,6,1,93,6,2,2,1,6,MICHEL LOUISE RUE,0.0,0.0
201500040617,5,8,15,6,2,93,45,2,1,1,6,"131, PARIS RUE DE",0.0,0.0
201500040618,7,8,15,11,1,93,6,2,2,1,3,"103, STALINGRAD AV.",0.0,0.0
201500040619,10,8,15,17,1,93,6,2,1,1,6,"40, GAL DE GAULLE AV. DU",0.0,0.0
201500040620,18,8,15,22,5,93,6,2,2,1,3,GAMBETTA AV.,0.0,0.0
201500040621,19,8,15,13,1,93,63,2,1,1,2,BARBUSSE HENRI-BOULEVARD,0.0,0.0
201500040622,20,8,15,8,2,93,6,1,9,2,6,"1, FIORENTINO RUE DE SES",0.0,0.0
201500040623,20,8,15,11,1,93,63,2,2,2,3,BENFLEET RUE DE,0.0,0.0
201500040624,22,8,15,13,1,93,6,2,2,1,3,STALINGRAD AV.,0.0,0.0
201500040625,29,8,15,2,5,93,63,2,2,1,6,NOISY ROUTE DE,0.0,0.0
201500040626,30,8,15,14,1,93,63,2,1,1,6,"8, KERAUTRET AVENUE PIER",0.0,0.0
201500040627,11,9,15,13,1,93,63,2,1,1,6,BARBUSSE HENRI BOULEVARD,0.0,0.0
201500040628,24,9,15,12,1,93,6,2,2,1,3,RASPAIL AVENUE,0.0,0.0
201500040629,26,9,15,16,1,93,45,2,2,1,1,PARIS RUE DE,0.0,0.0
201500040630,28,9,15,17,1,93,61,2,1,1,6,PERI GABRIEL RUE,0.0,0.0
201500040631,30,9,15,15,1,93,6,2,2,1,3,GAMBETTA AV.,0.0,0.0
201500040632,30,9,15,21,5,93,6,2,9,1,3,"7, GAMBETTA AV.",0.0,0.0
201500040633,1,10,15,9,1,93,45,2,2,1,3,BARBUSSE HENRI RUE,0.0,0.0
201500040634,2,10,15,10,1,93,6,2,1,1,2,"1, REPUBLIQUE AVENUE DE",0.0,0.0
201500040635,8,10,15,12,1,93,45,2,1,1,6,PASTEUR AV.,0.0,0.0
201500040636,9,10,15,16,1,93,6,2,1,1,3,"36, GAL DE GAULLE AV. DU",0.0,0.0
201500040637,10,10,15,18,1,93,63,2,1,1,6,"1, KERAUTRET AVENUE PIER",0.0,0.0
201500040638,14,10,15,14,1,93,45,2,1,1,6,PARIS RUE DE,0.0,0.0
201500040639,19,10,15,16,1,93,63,2,1,1,6,"11, VAILLANT-COUTURIER A",0.0,0.0
201500040640,26,10,15,9,1,93,45,2,1,1,3,"10, SCHUMAN RUE DU PDT R",0.0,0.0
201500040641,30,10,15,16,1,93,63,2,1,1,3,METZ AVENUE DE,0.0,0.0
201500040642,1,11,15,22,5,93,6,2,1,1,2,148 GALLIENI  AV,0.0,0.0
201500040643,6,11,15,14,1,93,45,2,1,2,6,"1, LIBERTE BD DE LA",0.0,0.0
201500040644,11,11,15,13,1,93,63,2,3,1,3,"122, REPUBLIQUE RUE DE L",0.0,0.0
201500040645,13,11,15,19,5,93,63,2,2,1,1,"80, BARBUSSE HENRI BOULE",0.0,0.0
201500040646,13,11,15,20,5,93,6,2,1,1,6,"50, ROBESPIERRE RUE",0.0,0.0
201500040647,16,11,15,21,5,93,6,2,3,2,3,"0, REPUBLIQUE AVENUE DE",0.0,0.0
201500040648,19,11,15,16,2,93,63,2,1,2,6,"85, BARBUSSE HENRI BOULE",0.0,0.0
201500040649,19,11,15,17,5,93,63,2,1,2,6,"00, METZ AVENUE DE",0.0,0.0
201500040650,16,6,15,18,1,93,61,1,1,1,6,"25, JAURES AVENUE JEAN",0.0,0.0
201500040651,29,11,15,23,5,93,63,2,2,1,1,BRANLY BD EDOUARD,0.0,0.0
201500040652,4,12,15,18,5,93,6,2,1,1,3,REPUBLIQUE AVENUE DE LA,0.0,0.0
201500040653,8,12,15,17,5,93,6,2,2,2,6,"49, PANTIN RUE DE",0.0,0.0
201500040654,9,12,15,8,1,93,63,2,1,8,3,"42, VAILLANT AVENUE DU D",0.0,0.0
201500040655,9,12,15,8,1,93,45,2,1,1,6,"63, PARIS RUE DE",0.0,0.0
201500040656,11,12,15,11,1,93,63,2,1,8,3,"79, NOISY ROUTE DE",0.0,0.0
201500040657,12,12,15,16,2,93,63,2,1,1,6,"01, FABIEN AVENUE DU COL",0.0,0.0
201500040658,17,12,15,21,5,93,63,2,1,1,6,"1, MONTREUIL ROUTE DE",0.0,0.0
201500040659,21,12,15,19,5,93,63,2,1,2,2,"1, METZ AVENUE DE",0.0,0.0
201500040660,28,12,15,12,1,93,63,2,1,1,1,"01, METZ AVENUE DE",0.0,0.0
201500040661,10,8,15,22,5,93,63,2,3,1,2,"76, BRETAGNES AVENUE DES",0.0,0.0
201500040662,10,5,15,11,1,93,6,2,2,1,3,FERRY JULES RUE,0.0,0.0
201500040663,16,5,15,11,1,93,45,2,1,1,7,"88, PARIS RUE DE",0.0,0.0
201500040664,26,5,15,9,1,93,45,2,1,1,3,"21, BRUYERES RUE DES",0.0,0.0
201500040665,1,6,15,18,1,93,6,2,1,1,4,REPUBLIQUE AVENUE DE LA,0.0,0.0
201500040666,5,6,15,14,1,93,6,2,2,1,3,"77, GAMBETTA AV.",0.0,0.0
201500040667,6,6,15,14,1,93,45,2,1,1,6,COMBATTANTS EN AF. DU NO,0.0,0.0
201500040668,9,6,15,12,1,93,45,2,2,7,1,"1, DECROS EUGENE BOULEVA",0.0,0.0
201500040669,12,6,15,10,1,93,6,2,1,1,6,"120, PASTEUR AV.",0.0,0.0
201500040670,2,1,15,9,1,93,46,2,2,8,3,JEAN JAURES BOULEVARD,0.0,0.0
201500040671,6,1,15,22,5,93,46,2,1,1,6,"26, QUESNAY AVENUE",0.0,0.0
201500040672,7,1,15,8,1,93,46,2,1,8,6,", EUROPE BOULEVARD DE L'",0.0,0.0
201500040673,13,1,15,8,1,93,46,2,1,1,6,"1, FERRER AVENUE",0.0,0.0
201500040674,23,1,15,13,1,93,74,2,2,1,3,"140, MEAUX RUE DE",0.0,0.0
201500040675,23,1,15,20,5,93,46,2,2,9,3,LUCIE AUBRAC ALLEE,0.0,0.0
201500040676,24,1,15,21,5,93,46,2,2,1,3,ORLEANS AVENUE,0.0,0.0
201500040677,30,1,15,22,5,93,46,2,9,1,3,REPUBLIQUE AVENUE DE LA,0.0,0.0
201500040678,1,2,15,20,5,93,46,2,1,2,6,"51, ARISTIDE BRIAND AVEN",0.0,0.0
201500040679,5,2,15,16,1,93,46,2,1,1,2,"34, JULES GUESDES AVENUE",0.0,0.0
201500040680,6,2,15,10,1,93,46,2,1,1,6,"21, MARX DORMOY BOULEVAR",0.0,0.0
201500040681,7,2,15,20,5,93,46,2,2,1,1,LUCIE AUBRAC ALLEE,0.0,0.0
201500040682,8,2,15,20,5,93,46,2,2,1,1,CONSUL GENERAL NORDLING,0.0,0.0