Num_Acc,jour,mois,an,hr,condition_eclairage,departement,commune,condition_agglomeration,intersection,condition_atmosphere,type_collision,adresse,lattitude,longitude
201500040683,21,2,15,17,1,93,46,2,1,1,6,"74, REPUBLIQUE AVENUE DE",0.0,0.0
201500040684,27,2,15,17,1,93,46,2,1,1,7,EUROPE BOULEVARD DE L',0.0,0.0
201500040685,6,3,15,19,5,93,46,2,2,1,3,"130, GAMBETTA AVENUE",0.0,0.0
201500040686,11,3,15,19,5,93,74,2,1,1,3,"81, MEAUX RUE DE",0.0,0.0
201500040687,13,3,15,10,1,93,46,2,1,1,3,"83, MARX DORMOY BOULEVAR",0.0,0.0
201500040688,16,3,15,13,1,93,74,2,1,1,6,"30, BOUCHER RUE ALEXANDR",0.0,0.0
201500040689,17,3,15,8,1,93,74,2,2,1,1,"144, MEAUX RUE DE",0.0,0.0
201500040690,17,3,15,16,1,93,46,2,1,1,6,COLONEL FABIEN AVENUE DU,0.0,0.0
201500040691,17,3,15,17,1,93,46,2,1,1,3,"20, VOLTAIRE AVENUE",0.0,0.0
201500040692,20,3,15,13,1,93,46,2,5,1,1,BENOIT MALON AVENUE,0.0,0.0
201500040693,22,3,15,22,5,93,46,2,1,1,2,"23, CHARLES DE GAULLE AV",0.0,0.0
201500040694,30,3,15,8,1,93,46,2,3,1,7,CAMILLE DESMOULINS AVENU,0.0,0.0
201500040695,2,4,15,11,1,93,46,2,1,2,4,"167, ARISTIDE BRIAND AVE",0.0,0.0
201500040696,3,4,15,19,1,93,46,2,1,2,6,"32, JEAN JACQUES ROUSSEA",0.0,0.0
201500040697,5,4,15,6,2,93,46,2,2,1,2,"17, ARISTIDE BRIAND AVEN",0.0,0.0
201500040698,26,3,15,15,1,93,46,2,1,2,6,"52, ARISTIDE BRIAND AVEN",0.0,0.0
201500040699,11,4,15,19,1,93,46,2,3,1,6,"52, CONSUL GENERAL NORDL",0.0,0.0
201500040700,18,4,15,16,1,93,46,2,1,1,6,"13, CHEVALIER DE LA BARR",0.0,0.0
201500040701,18,4,15,21,5,93,46,2,2,1,3,WINSTON CHURCHILL AVENUE,0.0,0.0
201500040702,24,4,15,8,1,93,74,2,1,1,3,"40, MEAUX RUE DE",0.0,0.0
201500040703,25,4,15,4,5,93,46,2,2,2,2,"82, CONSUL GENERAL NORDL",0.0,0.0
201500040704,1,5,15,1,5,93,46,2,2,2,3,ARISTIDE BRIAND AVENUE,0.0,0.0
201500040705,2,5,15,21,5,93,46,2,3,2,6,"88/90, ARISTIDE BRIAND A",0.0,0.0
201500040706,4,5,15,7,1,93,15,2,1,1,3,PASTEUR AVENUE,0.0,0.0
201500040707,13,5,15,17,1,93,46,2,1,1,3,ROBERT SCHUMANN BOULEVAR,0.0,0.0
201500040708,19,5,15,7,1,93,15,2,2,7,1,JAURES RUE JEAN,0.0,0.0
201500040709,20,5,15,8,1,93,46,2,2,1,3,", GAMBETTA AVENUE",0.0,0.0
201500040710,20,5,15,16,1,93,46,2,1,8,6,FRANCOIS VILLON RUE,0.0,0.0
201500040711,27,5,15,19,1,93,46,2,2,1,6,CONSUL GENERAL NORDLING,0.0,0.0
201500040712,30,5,15,17,1,93,46,2,1,1,2,"77, ROSNY ALLEE DE",0.0,0.0
201500040713,31,5,15,11,1,93,74,1,1,3,2,Route Nationale 3,0.0,0.0
201500040714,7,6,15,20,1,93,46,2,2,1,3,FAIDHERBE ALLEE,0.0,0.0
201500040715,11,6,15,19,1,93,74,2,1,1,2,"59, AMYOT BOULEVARD JACQ",0.0,0.0
201500040716,15,6,15,14,1,93,46,2,3,1,6,"22, JEAN JACQUES ROUSSEA",0.0,0.0
201500040717,17,6,15,10,1,93,46,2,1,1,2,"45, ARISTIDE BRIAND AVEN",0.0,0.0
201500040718,17,6,15,19,1,93,46,2,2,7,1,MARECHAL LECLERC AVENUE,0.0,0.0
201500040719,18,6,15,14,1,93,46,2,2,8,3,CONSUL GENERAL NORDLING,0.0,0.0
201500040720,19,6,15,13,1,93,46,2,2,1,3,MONTESQUIEU AVENUE,0.0,0.0
201500040721,25,6,15,19,1,93,46,2,5,1,1,"00, JEAN JAURES BOULEVAR",0.0,0.0
201500040722,26,6,15,20,1,93,46,2,2,1,3,ROCHER ALLEE DU,0.0,0.0
201500040723,2,7,15,18,1,93,46,2,1,1,6,"17, ARISTIDE BRIAND AVEN",0.0,0.0
201500040724,2,7,15,19,1,93,46,2,2,1,3,SCHACHER ALLEE,0.0,0.0
201500040725,5,7,15,20,2,93,46,1,1,1,6,EUROPE BOULEVARD DE L',0.0,0.0
201500040726,5,7,15,23,5,93,46,2,1,1,4,"59 Bis, ARISTIDE BRIAND",0.0,0.0
201500040727,6,7,15,9,1,93,46,2,1,1,2,"115, ARISTIDE BRIAND AVE",0.0,0.0
201500040728,7,7,15,11,1,93,46,2,2,1,6,MONTGOLFIER AVENUE,0.0,0.0
201500040729,8,7,15,14,1,93,46,2,1,8,4,"19, LEON LUM AVENUE",0.0,0.0
201500040730,10,7,15,8,1,93,74,2,2,1,3,"140, MEAUX RUE DE",0.0,0.0
201500040731,15,7,15,14,1,93,74,1,1,1,7,Route Nationale 3,0.0,0.0
201500040732,16,7,15,22,5,93,46,2,1,1,3,"20, BERTHE ALLEE",0.0,0.0
201500040733,18,7,15,3,3,93,74,1,1,1,7,Route Nationale 3,0.0,0.0
201500040734,19,7,15,22,5,93,46,2,1,1,3,"175, ARISTIDE BRIAND AVE",0.0,0.0
201500040735,21,7,15,15,1,93,46,2,3,1,2,"00, ARISTIDE BRIAND AVEN",0.0,0.0
201500040736,5,8,15,19,1,93,46,2,2,1,5,MARX DORMOY BOULEVARD,0.0,0.0
201500040737,10,8,15,17,1,93,74,2,1,1,6,"245, MEAUX RUE DE",0.0,0.0
201500040738,13,8,15,15,1,93,74,2,1,1,6,DE GAULLE AVENUE DU GENE,0.0,0.0
201500040739,27,7,15,10,1,93,46,2,2,8,3,JEANNE D'ARC ALLEE,0.0,0.0
201500040740,13,8,15,17,1,93,46,2,2,1,1,REPUBLIQUE AVENUE DE LA,0.0,0.0
201500040741,18,8,15,16,1,93,46,2,2,1,3,KENNEDY AVENUE DU PRESID,0.0,0.0
201500040742,22,8,15,18,1,93,46,2,1,1,6,"49, ROSNY ALLEE DE",0.0,0.0
201500040743,3,9,15,14,1,93,46,2,2,1,3,JEAN MOULIN BOULEVARD,0.0,0.0
201500040744,6,9,15,9,1,93,46,2,1,1,3,"15, CAMILLE DESMOULINS A",0.0,0.0
201500040745,9,9,15,21,5,93,46,2,2,1,1,MARX DORMOY BOULEVARD,0.0,0.0
201500040746,12,9,15,20,5,93,46,2,2,2,3,CAMILLE DESMOULINS AVENU,0.0,0.0
201500040747,15,9,15,23,5,93,46,2,1,2,5,"2, ARISTIDE BRIAND AVENU",0.0,0.0
201500040748,19,9,15,6,1,93,46,2,1,1,6,"83, ARISTIDE BRIAND AVEN",0.0,0.0
201500040749,26,9,15,1,5,93,46,2,2,1,4,"1, CAMILLE DESMOULINS AV",0.0,0.0
201500040750,27,9,15,18,1,93,46,2,2,1,3,LUCIE AUBRAC ALLEE,0.0,0.0
201500040751,27,9,15,17,1,93,46,2,3,1,3,"7, JEAN JACQUES ROUSSEAU",0.0,0.0
201500040752,27,9,15,21,5,93,74,2,1,1,1,MEAUX RUE DE,0.0,0.0
201500040753,29,9,15,17,1,93,46,1,1,1,2,STRATEGIQUE ROUTE,0.0,0.0
201500040754,30,9,15,9,1,93,46,2,3,1,6,LA FONTAINE ALLEE,0.0,0.0
201500040755,2,10,15,10,1,93,46,2,1,1,6,"21, MARC SANGNIER RUE",0.0,0.0
201500040756,7,10,15,11,1,93,15,2,2,1,3,"60, JAURES RUE JEAN",0.0,0.0
201500040757,13,10,15,6,5,93,46,2,1,1,2,"9, CHARLES DE GAULLE AVE",0.0,0.0
201500040758,15,10,15,8,1,93,46,2,1,1,6,"28, CONSUL GENERAL NORDL",0.0,0.0
201500040759,22,10,15,21,3,93,74,1,1,2,2,Route Nationale 3,0.0,0.0
201500040760,23,10,15,16,1,93,46,2,1,1,2,"02, FURSTENFELDBRUCK RUE",0.0,0.0
201500040761,28,10,15,18,5,93,46,2,2,1,6,FRANCOIS VILLON RUE,0.0,0.0
201500040762,18,10,15,18,1,93,46,2,1,1,3,WINSTON CHURCHILL AVENUE,0.0,0.0
201500040763,7,11,15,11,1,93,46,2,1,1,3,CONSUL GENERAL NORDLING,0.0,0.0
201500040764,11,11,15,6,5,93,15,2,2,5,6,LARCHE RUE RAOUL,0.0,0.0
201500040765,23,11,15,8,1,93,46,2,1,1,1,SULLY AVENUE,0.0,0.0
201500040766,20,11,15,16,2,93,74,2,1,2,1,MEAUX RUE DE,0.0,0.0
201500040767,28,11,15,9,1,93,46,2,3,9,3,JEAN BAPTISTE CLEMENT RU,0.0,0.0
201500040768,30,11,15,20,5,93,46,2,5,1,3,"112, JEAN JAURES BOULEVA",0.0,0.0
201500040769,7,12,15,19,5,93,46,2,1,1,3,WINSTON CHURCHILL AVENUE,0.0,0.0
201500040770,11,12,15,17,5,93,46,2,1,2,6,"176, EDOUARD VAILLANT BO",0.0,0.0
201500040771,12,12,15,8,1,93,46,2,9,1,2,MARECHAL LECLERC AVENUE,0.0,0.0
201500040772,17,12,15,8,1,93,74,2,6,1,3,LATTRE DE TASSIGNY AVENU,0.0,0.0
201500040773,21,12,15,18,5,93,46,2,1,2,6,EUROPE BOULEVARD DE L',0.0,0.0
201500040774,23,12,15,23,5,93,46,2,2,1,3,JEAN JAURES BOULEVARD,0.0,0.0
201500040775,25,12,15,18,5,93,46,2,1,2,6,"79, ROGER SALENGRO BOULE",0.0,0.0
201500040776,30,12,15,21,5,93,46,2,2,1,4,LIBERATION PLACE DE LA,0.0,0.0
201500040777,5,9,15,21,5,93,46,2,2,1,6,ARISTIDE BRIAND AVENUE,0.0,0.0
201500040778,8,9,15,18,1,93,46,2,1,1,3,MARX DORMOY BOULEVARD,0.0,0.0
201500040779,4,1,15,22,5,93,48,2,2,1,3,"., SAINT DENIS (RUE)",0.0,0.0
201500040780,5,1,15,18,5,93,48,2,1,1,6,"., RESISTANCE (AVENUE DE",0.0,0.0
201500040781,12,1,15,14,1,93,48,2,3,1,3,PIERRE DE MONTREUIL (RUE,0.0,0.0
201500040782,14,1,15,17,1,93,48,2,1,1,3,"., RESISTANCE (AVENUE DE",0.0,0.0
201500040783,16,1,15,12,1,93,48,2,2,1,3,ROBESPIERRE (RUE),0.0,0.0
201500040784,21,1,15,19,3,93,48,2,2,1,6,"., MAURICE BOUCHOR (RUE)",0.0,0.0
201500040785,26,1,15,16,1,93,48,2,4,2,6,"., CONDORCET (RUE)",0.0,0.0
201500040786,28,1,15,16,1,93,48,2,3,2,6,"., MEUNIERS (RUE DES)",0.0,0.0
201500040787,28,1,15,20,3,93,48,2,1,2,3,"14, MARE A L'ANE (RUE DE",0.0,0.0
201500040788,29,1,15,11,1,93,48,2,1,1,3,BOISSIERE (BOULEVARD DE,0.0,0.0
201500040789,30,1,15,15,1,93,48,2,1,9,3,"208, THEOPHILE SUEUR (BO",0.0,0.0
201500040790,4,2,15,18,5,93,48,2,1,1,6,"10, PARMENTIER (RUE)",0.0,0.0
201500040791,11,2,15,13,1,93,48,2,1,1,2,"12, PAUL VAILLANT COUTUR",0.0,0.0
201500040792,11,2,15,20,5,93,48,2,2,1,3,"48, MARCEAU (RUE)",0.0,0.0
201500040793,12,2,15,8,1,93,48,2,1,1,6,"3, ETIENNE DOLET (RUE)",0.0,0.0
201500040794,16,2,15,17,1,93,48,2,1,1,6,"0, EDOUARD BRANLY (RUE)",0.0,0.0
201500040795,25,2,15,14,1,93,48,1,1,2,1,0 NOUVELLE FRANCE (RUE,0.0,0.0
201500040796,11,3,15,8,1,93,48,2,1,1,6,"28, ARISTIDE BRIAND (BOU",0.0,0.0
201500040797,12,3,15,17,1,93,48,2,1,1,6,"76, PARIS (RUE DE)",0.0,0.0
201500040798,22,3,15,23,5,93,48,2,1,1,6,"158, PARIS (RUE DE)",0.0,0.0
201500040799,27,3,15,12,1,93,48,2,1,1,6,CHANZY (BOULEVARD),0.0,0.0
201500040800,30,3,15,23,5,93,48,2,1,1,6,130 CHANZY (BOULEVARD),0.0,0.0
201500040801,2,4,15,15,1,93,48,2,3,3,3,CARNOT (RUE),0.0,0.0
201500040802,2,4,15,17,1,93,48,2,1,2,2,"262, ARISTIDE BRIAND S2",0.0,0.0
201500040803,13,4,15,11,1,93,48,2,1,1,6,"21, EMILE ZOLA (RUE)",0.0,0.0
201500040804,14,4,15,18,1,93,48,2,1,1,6,PAUL VAILLANT COUTURIER,0.0,0.0
201500040805,15,4,15,7,1,93,48,2,1,1,6,"., PIERRE BROSSOLETTE (A",0.0,0.0
201500040806,15,4,15,17,1,93,48,2,1,1,6,"60, MESSIERS (RUE DES)",0.0,0.0
201500040807,20,4,15,8,1,93,48,2,3,1,2,"97, PIERRE DE MONTREUIL",0.0,0.0
201500040808,21,4,15,9,1,93,48,2,1,1,2,ARISTIDE BRIAND (BOULEVA,0.0,0.0
201500040809,25,4,15,0,3,93,48,2,1,2,3,"28, RESISTANCE (AVENUE D",0.0,0.0
201500040810,7,5,15,7,1,93,48,2,1,7,1,"32, PIERRE DE MONTREUIL",0.0,0.0
201500040811,18,5,15,20,1,93,48,1,2,8,6,ARISTIDE BRIAND (BOULEVA,0.0,0.0
201500040812,19,5,15,8,1,93,48,2,1,1,6,ROUGET DE L'ISLE (BOULEV,0.0,0.0
201500040813,22,5,15,12,1,93,48,2,3,1,3,"., VICTOR HUGO (AVENUE)",0.0,0.0
201500040814,22,5,15,14,1,93,48,2,1,1,6,10 EMILE ZOLA (RUE),0.0,0.0
201500040815,22,5,15,20,1,93,48,2,2,1,6,"57, PARIS (RUE DE)",0.0,0.0
201500040816,27,5,15,7,1,93,48,2,1,1,1,"32, STALINGRAD (RUE DE)",0.0,0.0
201500040817,2,6,15,17,1,93,48,2,1,1,2,"50 bis, ROBESPIERRE (RUE",0.0,0.0
201500040818,4,6,15,19,1,93,48,2,1,1,2,"., MOLIERE (RUE)",0.0,0.0
201500040819,7,6,15,11,1,93,48,2,2,1,3,"33, SAINT DENIS (RUE)",0.0,0.0
201500040820,8,6,15,15,1,93,48,2,3,1,7,"., AUGUSTE BLANQUI (RUE)",0.0,0.0
201500040821,15,6,15,18,1,93,48,2,9,1,6,"., ARISTIDE BRIAND (BOUL",0.0,0.0
201500040822,18,6,15,13,1,93,48,2,1,1,6,"16, PAUL VAILLANT COUTUR",0.0,0.0
201500040823,19,6,15,8,1,93,48,2,2,1,3,"., LE NAIN DE TILLEMONT",0.0,0.0
201500040824,25,6,15,23,5,93,48,2,1,1,3,"64, JEAN LOLIVE (RUE)",0.0,0.0
201500040825,3,7,15,9,1,93,48,2,9,1,6,"15-19, FRANKLIN (RUE)",0.0,0.0
201500040826,10,7,15,17,1,93,48,2,2,1,6,"52, PAUL VAILLANT COUTUR",0.0,0.0
201500040827,13,7,15,15,1,93,48,2,1,1,6,"., PARIS (RUE DE)",0.0,0.0
201500040828,21,7,15,18,1,93,48,2,2,1,6,"., ARMAND CARREL (RUE)",0.0,0.0
201500040829,3,8,15,23,5,93,48,2,2,1,3,HENRI BARBUSSE (BOULEVAR,0.0,0.0
201500040830,5,8,15,19,1,93,48,2,1,1,3,GABRIEL PERI (AVENUE),0.0,0.0
201500040831,8,8,15,1,5,93,48,2,2,1,3,"77, PARIS (RUE DE)",0.0,0.0
201500040832,15,8,15,10,1,93,64,1,4,2,6,0 GENERAL DE GAULE (PLA,0.0,0.0
201500040833,21,8,15,13,1,93,48,2,3,1,7,"52, VINCENNES (RUE DE)",0.0,0.0
201500040834,1,9,15,7,2,93,48,2,1,2,3,"290, ETIENNE MARCEL (RUE",0.0,0.0
201500040835,6,9,15,21,5,93,48,2,4,1,3,"., COLONEL FABIEN (AVENU",0.0,0.0
201500040836,8,9,15,12,1,93,48,2,1,1,3,"14, JEAN-JACQUES ROUSSEA",0.0,0.0
201500040837,10,9,15,22,5,93,48,2,3,1,3,SERGENT BOBILLOT-(RUE DU,0.0,0.0
201500040838,11,9,15,10,1,93,48,2,1,1,6,20 RESISTANCE (AVENUE D,0.0,0.0
201500040839,11,9,15,21,5,93,48,2,1,1,6,"0, THEOPHILE SUEUR (BOUL",0.0,0.0
201500040840,13,9,15,12,1,93,48,2,2,3,3,VALMY (RUE DE),0.0,0.0
201500040841,20,9,15,20,5,93,48,2,1,1,3,"75, COLONEL FABIEN (AVEN",0.0,0.0
201500040842,27,9,15,12,1,93,48,2,1,1,3,0 PIERRE DE MONTREUIL (,0.0,0.0
201500040843,28,9,15,9,1,93,48,2,1,1,6,"0, CHANZY (BOULEVARD)",0.0,0.0
201500040844,26,9,15,10,1,93,48,2,2,1,6,"0, COLONEL RAYNAL (RUE D",0.0,0.0
201500040845,29,9,15,15,1,93,48,2,1,1,3,"16, ARISTIDE BRIAND (BOU",0.0,0.0
201500040846,30,9,15,19,5,93,48,2,3,1,6,"0, PROGRES (RUE DU)",0.0,0.0
201500040847,2,10,15,16,1,93,48,2,1,1,3,"68, PARIS (RUE DE)",0.0,0.0
201500040848,5,10,15,18,5,93,48,2,1,3,6,"55, ROSNY (RUE DE)",0.0,0.0
201500040849,10,10,15,13,1,93,48,2,1,1,6,"15, STALINGRAD (RUE DE)",0.0,0.0
201500040850,12,10,15,8,1,93,48,2,9,8,6,06 EDOUARD VAILLANT (RU,0.0,0.0
201500040851,12,10,15,9,1,93,48,2,2,8,3,GABRIEL PERI (AVENUE),0.0,0.0
201500040852,15,10,15,7,2,93,48,2,1,2,1,"0, FERDINAND (AVENUE)",0.0,0.0
201500040853,15,10,15,12,1,93,48,2,2,1,3,"0, PAUL VAILLANT COUTURI",0.0,0.0
201500040854,15,10,15,13,1,93,48,2,1,1,6,RUFFINS (RUE DES),0.0,0.0
201500040855,15,10,15,19,3,93,48,2,1,2,6,"0, PASTEUR S3 (AVENUE)",0.0,0.0
201500040856,27,10,15,19,5,93,48,2,1,2,3,"157, CHANZY (BOULEVARD)",0.0,0.0
201500040857,30,10,15,13,1,93,48,2,1,1,3,CHANZY (BOULEVARD),0.0,0.0
201500040858,31,10,15,11,1,93,48,2,1,8,6,"89, CHANZY (BOULEVARD)",0.0,0.0
201500040859,1,11,15,16,1,93,48,2,1,1,3,"3, RAMENAS (RUE DES)",0.0,0.0
201500040860,1,11,15,23,5,93,48,2,1,1,1,PAUL VAILLANT COUTURIER,0.0,0.0
201500040861,3,11,15,22,5,93,48,2,2,2,3,CHANZY S3 (BOULEVARD),0.0,0.0
201500040862,5,11,15,8,1,93,48,2,2,1,6,"49, JEAN MOULIN (AVENUE)",0.0,0.0
201500040863,6,11,15,2,5,93,48,2,1,2,6,"21, JEAN MOULIN (AVENUE)",0.0,0.0
201500040864,9,11,15,9,1,93,48,2,3,1,3,PARIS (RUE DE),0.0,0.0
201500040865,11,11,15,17,5,93,48,2,1,1,3,"117, PRESIDENT WILSON (A",0.0,0.0
201500040866,12,11,15,14,1,93,48,2,1,1,3,"69, ROCHES (RUE DES)",0.0,0.0
201500040867,17,11,15,19,5,93,48,2,3,2,6,THEOPHILE SUEUR (BOULEVA,0.0,0.0
201500040868,18,11,15,17,5,93,48,2,2,1,3,"230, BOISSIERE (BOULEVAR",0.0,0.0
201500040869,23,11,15,9,1,93,48,2,1,1,3,"01, SAIGNE (RUE)",0.0,0.0
201500040870,23,11,15,12,1,93,48,2,2,1,3,"0, JEAN LOLIVE (RUE)",0.0,0.0
201500040871,23,11,15,19,5,93,48,2,1,1,6,"0, GENERAL DE GAULE (PLA",0.0,0.0
201500040872,26,11,15,17,5,93,48,2,3,1,3,"34, GAMBETTA (RUE)",0.0,0.0
201500040873,28,11,15,16,1,93,48,2,1,1,3,"31, ERNEST RENAN (AVENUE",0.0,0.0
201500040874,29,11,15,19,3,93,48,2,2,1,3,EDOUARD VAILLANT (RUE),0.0,0.0
201500040875,1,12,15,8,2,93,48,2,2,1,6,MARCEAU (RUE),0.0,0.0
201500040876,1,12,15,14,1,93,48,2,1,1,3,"40, RESISTANCE (AVENUE D",0.0,0.0
201500040877,4,12,15,7,1,93,48,2,3,8,6,BELAIR (RUE DU),0.0,0.0
201500040878,4,12,15,17,2,93,48,2,1,1,6,"28, RAPATEL (RUE)",0.0,0.0
201500040879,8,12,15,10,1,93,48,2,3,1,3,EMILE ZOLA (RUE),0.0,0.0
201500040880,9,12,15,18,5,93,48,2,1,3,6,ERNEST SAVART (AVENUE),0.0,0.0
201500040881,9,12,15,15,1,93,48,2,1,1,6,"14, RAPATEL (RUE)",0.0,0.0
201500040882,16,12,15,7,1,93,48,2,1,2,2,"41, HENRI BARBUSSE (BOUL",0.0,0.0
201500040883,16,12,15,14,1,93,48,2,3,1,3,JEAN BATISTE LAMARCK (RU,0.0,0.0
201500040884,17,12,15,9,1,93,48,2,1,1,6,"117, PARIS (RUE DE)",0.0,0.0
201500040885,5,1,15,7,5,93,49,2,3,1,3,"0, HUIT MAI 1945 (RUE)",0.0,0.0
201500040886,9,1,15,14,1,93,49,2,1,9,3,MEAUX (CHEMIN),0.0,0.0
201500040887,14,1,15,16,1,93,50,2,4,8,6,ROBERT SCHUMANN (AVENUE),0.0,0.0
201500040888,15,1,15,14,1,93,49,2,1,2,6,"6, VINCENT VAN GOGH (RUE",0.0,0.0
201500040889,24,1,15,0,5,93,50,2,1,1,2,JEAN JAURES (AVENUE) COT,0.0,0.0
201500040890,23,1,15,16,1,93,50,2,1,8,6,"72, GASTON NAVAILLE (RUE",0.0,0.0
201500040891,22,1,15,13,1,93,50,2,1,1,6,LOUIS ARMAND (RUE),0.0,0.0
201500040892,28,1,15,21,4,93,49,2,2,1,3,OUEST (AVENUE),0.0,0.0
201500040893,12,2,15,9,1,93,50,2,1,1,2,"4, GASTON NAVAILLE (RUE)",0.0,0.0
201500040894,12,2,15,13,1,93,50,2,3,1,3,"51, GASTON NAVAILLE (RUE",0.0,0.0
201500040895,16,2,15,19,5,93,49,2,1,1,6,GALLIENI (BOULEVARD),0.0,0.0
201500040896,28,2,15,21,5,93,50,2,1,1,6,LOUIS VANNINI (RUE),0.0,0.0
201500040897,2,3,15,9,1,93,50,2,3,1,2,PAUL VAILLANT COUTURIER,0.0,0.0
201500040898,9,3,15,5,5,93,50,2,1,1,2,126 MARECHAL LECLERCQ (,0.0,0.0
201500040899,13,3,15,8,1,93,50,2,3,1,3,VILLE BOIS MAREUIL (RUE),0.0,0.0
201500040900,30,3,15,21,5,93,50,2,1,1,6,MARECHAL LECLERCQ (AVENU,0.0,0.0
201500040901,8,4,15,17,1,93,49,2,3,1,6,EDGAR QUINET (RUE) FAIDH,0.0,0.0
201500040902,8,4,15,17,1,93,50,2,1,1,3,"118, MARECHAL LECLERCQ (",0.0,0.0
201500040903,10,4,15,19,2,93,50,2,3,1,3,LOUIS ARMAND (RUE),0.0,0.0
201500040904,23,4,15,6,1,93,49,2,2,1,3,GALLIENI (BOULEVARD),0.0,0.0
201500040905,24,4,15,7,1,93,49,2,2,1,3,PELOUSE (RUE),0.0,0.0
201500040906,4,5,15,16,1,93,50,2,1,3,6,MARX DORMOY (RUE),0.0,0.0
201500040907,6,5,15,17,1,93,50,2,2,1,6,LEON BLUM (AVENUE),0.0,0.0
201500040908,7,5,15,15,1,93,50,2,3,1,3,"05, LEON BLUM (AVENUE)",0.0,0.0
201500040909,10,5,15,10,1,93,50,2,1,1,2,"3, JEAN JAURES (AVENUE)",0.0,0.0
201500040910,16,5,15,10,1,93,49,2,2,1,6,CARNOT (AVENUE) DU 1-2 A,0.0,0.0
201500040911,17,5,15,20,1,93,50,2,1,1,6,"157, MARECHAL LECLERCQ (",0.0,0.0
201500040912,20,5,15,12,1,93,49,2,1,3,6,"0, EDGAR QUINET (RUE) FA",0.0,0.0
201500040913,24,5,15,17,1,93,49,2,1,1,6,RENOUILLIERES (RUE),0.0,0.0
201500040914,26,5,15,7,1,93,50,2,1,7,4,PAUL ET CAMILLE THOMOUX,0.0,0.0
201500040915,27,5,15,15,1,93,50,2,1,1,3,"1-9, MARECHAL FOCH (AVEN",0.0,0.0
201500040916,29,5,15,14,1,93,49,2,3,1,1,BAC (RUE),0.0,0.0
201500040917,2,6,15,1,5,93,50,2,2,1,3,"163, MARECHAL LECLERCQ (",0.0,0.0
201500040918,12,6,15,20,5,93,49,2,1,1,6,"9, GALLIENI (BOULEVARD)",0.0,0.0
201500040919,14,6,15,23,5,93,50,2,1,1,6,"48, GENERAL DE GAULLE (A",0.0,0.0
201500040920,18,6,15,17,1,93,50,2,1,1,6,"480, HUIT MAI 1945",0.0,0.0
201500040921,22,6,15,11,1,93,50,2,1,1,2,PAUL ET CAMILLE THOMOUX,0.0,0.0
201500040922,26,6,15,10,1,93,50,2,1,1,6,"17, FRANCOIS MAURIAC (AV",0.0,0.0
201500040923,30,6,15,21,1,93,50,2,1,1,6,"111, GENERAL DE GAULLE (",0.0,0.0
201500040924,1,7,15,8,1,93,50,2,2,1,3,PAUL ET CAMILLE THOMOUX,0.0,0.0
201500040925,9,7,15,11,1,93,50,1,3,1,3,"16, PAUL ET CAMILLE THOM",0.0,0.0
201500040926,8,7,15,16,1,93,50,2,1,1,4,"175, MARECHAL LECLERCQ (",0.0,0.0
201500040927,10,7,15,7,1,93,50,2,1,1,4,"118, MARECHAL LECLERCQ (",0.0,0.0
201500040928,11,8,15,16,1,93,50,2,1,1,7,ALFERD KASTLER (RUE),0.0,0.0
201500040929,22,8,15,11,1,93,49,2,1,1,2,"21 BIS, MARECHAL FOCH (A",0.0,0.0
201500040930,22,8,15,21,5,93,50,2,3,1,3,HUIT MAI 1945,0.0,0.0
201500040931,5,8,15,11,1,93,49,2,3,1,3,MARECHAL FOCH (AVENUE) P,0.0,0.0
201500040932,23,8,15,17,1,93,50,2,1,1,6,ECLUSE (CHEMIN),0.0,0.0
201500040933,25,8,15,21,5,93,50,2,2,2,3,PAUL ET CAMILLE THOMOUX,0.0,0.0
201500040934,30,8,15,13,1,93,50,2,1,1,6,"109 BIS, PAUL ET CAMILLE",0.0,0.0
201500040935,9,9,15,15,1,93,50,2,1,1,6,"23, ROBERT SCHUMANN (AVE",0.0,0.0
201500040936,10,9,15,12,1,93,49,2,1,1,6,"24, PAUL VAILLANT COUTUR",0.0,0.0
201500040937,10,9,15,17,1,93,50,2,1,1,3,"05, LEON BLUM (AVENUE)",0.0,0.0
201500040938,13,9,15,15,1,93,50,2,1,1,2,"34, MARECHAL FOCH (AVENU",0.0,0.0
201500040939,14,9,15,8,1,93,50,2,2,3,6,"115, LAVOISIER (AVENUE)",0.0,0.0
201500040940,16,9,15,11,1,93,50,2,1,3,3,"1-9, MARECHAL FOCH (AVEN",0.0,0.0
201500040941,17,9,15,15,1,93,50,2,3,1,3,DUGUAY TROUIN (RUE),0.0,0.0
201500040942,19,9,15,14,1,93,50,2,4,1,3,"43, PAUL ET CAMILLE THOM",0.0,0.0
201500040943,28,9,15,15,1,93,50,2,1,1,4,"108, PAUL ET CAMILLE THO",0.0,0.0
201500040944,28,9,15,11,1,93,49,2,2,1,3,"15BIS, COMMANDANT RAYNAL",0.0,0.0
201500040945,3,10,15,17,1,93,50,2,1,1,6,"462, HUIT MAI 1945",0.0,0.0
201500040946,8,10,15,14,1,93,50,2,1,1,6,JEAN JAURES (AVENUE) COT,0.0,0.0
201500040947,9,10,15,11,1,93,50,2,1,1,1,DAUPHINE (PLACE),0.0,0.0
201500040948,4,10,15,18,1,93,49,2,1,1,6,"4ter, GALLIENI (BOULEVAR",0.0,0.0
201500040949,12,10,15,8,1,93,50,2,1,1,2,"125, MARECHAL FOCH (AVEN",0.0,0.0
201500040950,29,10,15,18,5,93,50,2,1,1,6,"35, MARECHAL FOCH (AVENU",0.0,0.0
201500040951,6,11,15,21,5,93,50,2,1,2,6,"47, PAUL ET CAMILLE THOM",0.0,0.0
201500040952,29,10,15,18,2,93,49,2,1,1,3,JEAN MERMOZ (PLACE),0.0,0.0
201500040953,4,11,15,13,1,93,49,2,2,1,3,"51, MARECHAL JOFFRE (AVE",0.0,0.0
201500040954,12,11,15,6,5,93,50,2,1,1,6,ARISTIDE BRIAND (BOULEBA,0.0,0.0
201500040955,19,11,15,9,1,93,50,2,1,8,3,"33, MARECHAL FOCH (AVENU",0.0,0.0
201500040956,25,11,15,10,1,93,50,2,1,2,5,RESISTANCE (PLACE),0.0,0.0
201500040957,10,12,15,11,1,93,49,2,3,1,3,MEAUX (CHEMIN),0.0,0.0
201500040958,4,12,15,9,1,93,49,2,2,1,3,MARECHAL JOFFRE (AVENUE),0.0,0.0
201500040959,9,12,15,17,5,93,50,2,1,1,1,"10, WINSTON CHURCHILL (A",0.0,0.0
201500040960,12,1,15,13,1,93,51,2,2,1,3,"49, CHAPELLE",0.0,0.0
201500040961,13,1,15,23,3,93,51,2,9,2,3,MEDERIC (AVENUE),0.0,0.0
201500040962,17,1,15,18,5,93,51,2,3,1,3,"5, VILLIERS (ROUTE)",0.0,0.0
201500040963,28,1,15,18,5,93,51,2,1,2,3,MONT D'EST (BD),0.0,0.0