Num_Acc,jour,mois,an,hr,condition_eclairage,departement,commune,condition_agglomeration,intersection,condition_atmosphere,type_collision,adresse,lattitude,longitude
201500040964,1,2,15,0,5,93,51,2,1,2,6,"21, MEDERIC (AVENUE)",0.0,0.0
201500040965,3,2,15,17,5,93,51,2,1,1,6,MONT D'EST (BD),0.0,0.0
201500040966,4,2,15,16,1,93,51,2,1,1,2,PAVE NEUF (AVENUE),0.0,0.0
201500040967,9,2,15,8,1,93,51,2,1,1,6,FORT (AVE),0.0,0.0
201500040968,13,2,15,8,1,93,51,2,1,1,6,"144, PIERRE BROSSOLETTE",0.0,0.0
201500040969,14,2,15,19,5,93,51,2,1,2,6,HAUTS CHATEAUX,0.0,0.0
201500040970,22,2,15,13,1,93,51,2,1,1,3,NEUILLY (ROUTE),0.0,0.0
201500040971,26,2,15,16,1,93,33,2,3,2,3,BRAS SAINT ARNOULT,0.0,0.0
201500040972,2,3,15,11,1,93,51,2,2,1,6,"64, EMILE COSSONNEAU (AV",0.0,0.0
201500040973,4,3,15,4,3,93,51,2,1,1,1,NEUILLY (ROUTE),0.0,0.0
201500040974,9,3,15,16,1,93,51,2,2,1,3,GRAHAM BELL,0.0,0.0
201500040975,20,3,15,23,5,93,51,2,1,1,7,"17, VAUBAN",0.0,0.0
201500040976,24,3,15,8,1,93,51,2,2,2,3,BAS HEURTS,0.0,0.0
201500040977,30,3,15,7,2,93,51,2,3,8,3,UNIVERSITE,0.0,0.0
201500040978,1,4,15,8,1,93,51,2,3,1,3,ARTISANS,0.0,0.0
201500040979,2,4,15,11,1,93,51,2,2,1,3,MEDERIC (AVENUE),0.0,0.0
201500040980,9,4,15,14,1,93,51,2,1,1,6,ROGER SALENGRO,0.0,0.0
201500040981,29,4,15,21,5,93,51,2,1,1,6,"49, MEDERIC (AVENUE)",0.0,0.0
201500040982,30,4,15,19,1,93,51,2,1,2,6,VILLIERS (ROUTE),0.0,0.0
201500040983,7,5,15,12,1,93,51,2,2,1,6,MEDERIC (AVENUE),0.0,0.0
201500040984,29,5,15,16,1,93,51,2,1,1,6,BATAILLON HILDEVERT (ALL,0.0,0.0
201500040985,2,6,15,22,3,93,51,2,9,1,3,PIERRE BROSSOLETTE,0.0,0.0
201500040986,3,6,15,11,1,93,51,2,1,1,6,LUCIEN SALLES (AVENUE),0.0,0.0
201500040987,6,6,15,16,1,93,51,2,3,1,3,REPUBLIQUE,0.0,0.0
201500040988,7,6,15,12,1,93,51,2,1,1,6,AUGUSTE RODIN (ALLEE),0.0,0.0
201500040989,17,6,15,16,1,93,51,2,3,1,3,CHAMPY RICHARDETS (BOULE,0.0,0.0
201500040990,22,6,15,12,1,93,51,2,1,1,3,VICTOR BALTARD,0.0,0.0
201500040991,1,7,15,12,1,93,51,2,1,1,6,"50, PAVE NEUF (AVENUE)",0.0,0.0
201500040992,3,7,15,11,1,93,51,2,1,7,6,MEDERIC (AVENUE),0.0,0.0
201500040993,4,7,15,20,1,93,51,2,1,1,2,MONT D'EST (BD),0.0,0.0
201500040994,7,7,15,12,1,93,51,2,2,1,5,"1, MALNOUE (NR 1 A 93)",0.0,0.0
201500040995,16,7,15,16,1,93,51,2,9,1,4,AUGUSTE RODIN (ALLEE),0.0,0.0
201500040996,3,8,15,14,1,93,51,2,3,1,3,MALNOUE (NR 1 A 93),0.0,0.0
201500040997,10,8,15,23,5,93,51,2,1,1,6,"01, LEVANT (BD)",0.0,0.0
201500040998,15,8,15,21,2,93,51,2,3,1,6,LIBERATION (PLACE),0.0,0.0
201500040999,18,8,15,15,1,93,51,2,1,1,2,CHAMPY RICHARDETS (BOULE,0.0,0.0
201500041000,2,9,15,18,1,93,51,2,1,1,6,"10, CENTRE",0.0,0.0
201500041001,3,9,15,18,1,93,51,2,3,1,3,MEDERIC (AVENUE),0.0,0.0
201500041002,3,9,15,19,1,93,33,2,1,1,2,JEAN JAURES,0.0,0.0
201500041003,6,9,15,10,1,93,33,2,1,1,3,JOFFRE (AVENUE),0.0,0.0
201500041004,6,9,15,13,1,93,51,2,1,1,7,"11, MARNOIS (NR 21 A FIN",0.0,0.0
201500041005,10,9,15,1,5,93,51,2,1,1,6,NEUILLY (ROUTE),0.0,0.0
201500041006,12,9,15,14,1,93,51,2,3,3,3,VICTOR BASCH (AVENUE),0.0,0.0
201500041007,15,9,15,9,1,93,51,2,6,1,3,PAVE NEUF (AVENUE),0.0,0.0
201500041008,18,9,15,16,1,93,51,2,1,3,6,PAVE NEUF (AVENUE),0.0,0.0
201500041009,22,9,15,20,5,93,51,2,3,2,1,", PAUL PAMBRUN (BOULEVAR",0.0,0.0
201500041010,28,9,15,8,1,93,51,2,1,1,6,"6, FRERES NOGER",0.0,0.0
201500041011,29,9,15,14,1,93,33,2,1,1,2,CHAMPS (AVENUE),0.0,0.0
201500041012,4,10,15,1,5,93,33,2,1,1,3,ARISTIDE BRIAND,0.0,0.0
201500041013,7,10,15,15,1,93,51,2,1,2,6,JULES FERRY (NR PAIRS ),0.0,0.0
201500041014,11,10,15,16,1,93,51,2,1,1,6,"132, MARECHAL FOCH (BOUL",0.0,0.0
201500041015,13,10,15,20,5,93,33,2,1,1,2,"8, PAUL DOUMER (AVENUE)",0.0,0.0
201500041016,13,10,15,20,5,93,51,2,2,1,3,MALNOUE (NR 1 A 93),0.0,0.0
201500041017,14,10,15,13,1,93,51,2,1,1,6,GRAVIERS,0.0,0.0
201500041018,14,10,15,16,1,93,51,2,1,1,3,"2, MARECHAL JUIN (AVENUE",0.0,0.0
201500041019,15,10,15,22,5,93,51,2,1,2,6,"12 bis, LEO LAGRANGE",0.0,0.0
201500041020,15,10,15,20,5,93,51,2,1,2,6,"20, GLACIS (ALLEE)",0.0,0.0
201500041021,19,10,15,19,5,93,51,2,1,1,6,"11, PAVE NEUF (AVENUE)",0.0,0.0
201500041022,21,10,15,16,1,93,33,2,1,2,1,MARECHAL JOFFRE (AVENUE),0.0,0.0
201500041023,25,10,15,18,1,93,51,2,1,1,3,"28, BALLON",0.0,0.0
201500041024,17,11,15,13,1,93,51,2,4,2,3,NEUILLY (ROUTE),0.0,0.0
201500041025,17,11,15,12,1,93,51,2,1,2,3,MONT D'EST (BD),0.0,0.0
201500041026,17,11,15,14,1,93,51,2,3,8,3,NEUILLY-(ROUTE),0.0,0.0
201500041027,19,11,15,22,5,93,51,2,2,2,2,NEUILLY (ROUTE),0.0,0.0
201500041028,25,11,15,11,1,93,51,2,9,2,6,RU DE NESLE (BOULEVARD),0.0,0.0
201500041029,27,11,15,9,1,93,51,2,6,5,6,VICTOR BASCH (AVENUE),0.0,0.0
201500041030,27,11,15,14,1,93,51,2,1,1,6,"36, REPUBLIQUE",0.0,0.0
201500041031,8,12,15,18,5,93,51,2,1,2,6,"12, PAVE NEUF (AVENUE)",0.0,0.0
201500041032,12,12,15,16,2,93,51,2,3,8,3,MICHEL GOUTIER (NR PAIRS,0.0,0.0
201500041033,18,12,15,18,5,93,51,2,1,2,6,ARMAND GUNDHARDT,0.0,0.0
201500041034,20,12,15,19,5,93,51,2,1,2,7,"0, BLAISE PASCAL (BD)",0.0,0.0
201500041035,26,12,15,20,5,93,51,2,2,1,5,NEUILLY (ROUTE),0.0,0.0
201500041036,18,1,15,14,1,93,53,2,3,1,3,BREMENT (RUE DE) 1 A 83,0.0,0.0
201500041037,24,1,15,17,5,93,53,2,1,1,5,"141, PARIS (RUE DE)",0.0,0.0
201500041038,25,1,15,16,1,93,53,2,2,1,3,PARIS (RUE DE),0.0,0.0
201500041039,11,2,15,10,1,93,53,2,1,1,7,"87, JEAN JAURES (RUE)",0.0,0.0
201500041040,21,2,15,22,5,93,53,2,1,1,4,"170, PARC (RUE DU)",0.0,0.0
201500041041,23,2,15,11,1,93,53,2,1,2,6,BREMENT (RUE DE) 109 A 2,0.0,0.0
201500041042,3,3,15,11,1,93,53,2,2,1,3,PARIS (RUE DE),0.0,0.0
201500041043,5,3,15,15,1,93,53,2,1,1,3,"102, ROSNY (AVENUE DE) N",0.0,0.0
201500041044,6,3,15,19,5,93,53,2,2,1,3,PARC (RUE DU),0.0,0.0
201500041045,10,3,15,9,1,93,53,2,1,2,6,"2, PARIS (RUE DE)",0.0,0.0
201500041046,12,3,15,15,1,93,53,2,3,1,3,PARIS (RUE DE),0.0,0.0
201500041047,24,3,15,12,1,93,53,2,1,1,1,"01, JULES FERRY (RUE)",0.0,0.0
201500041048,2,4,15,16,1,93,53,2,2,2,6,JEAN JAURES (RUE),0.0,0.0
201500041049,27,4,15,13,1,93,53,2,1,1,2,PARC (RUE DU),0.0,0.0
201500041050,20,5,15,17,1,93,53,2,1,1,2,BREMENT (RUE DE) 109 A 2,0.0,0.0
201500041051,13,5,15,13,1,93,53,2,1,1,6,"32, ROSNY (AVENUE DE) N°",0.0,0.0
201500041052,13,4,15,16,1,93,53,2,1,1,3,"164/168, PARIS (RUE DE)",0.0,0.0
201500041053,21,4,15,13,1,93,53,2,3,1,3,VAILLANT COUTURIER (RUE),0.0,0.0
201500041054,9,5,15,14,1,93,53,2,4,1,3,PARIS (RUE DE),0.0,0.0
201500041055,11,5,15,16,1,93,53,2,1,1,6,"16, PIERRE BROSSELETTE (",0.0,0.0
201500041056,22,5,15,9,1,93,53,2,1,1,3,ANATOLE FRANCE (RUE),0.0,0.0
201500041057,22,5,15,15,1,93,53,2,1,1,3,"1, BREMENT (RUE DE) 1 A",0.0,0.0
201500041058,30,5,15,16,1,93,53,2,1,1,6,"219, BREMENT (RUE DE) 10",0.0,0.0
201500041059,5,6,15,14,1,93,53,2,1,1,3,"51, VAILLANT COUTURIER (",0.0,0.0
201500041060,9,6,15,17,1,93,53,2,1,1,6,"15, NEUILLY (RUE DE) N°",0.0,0.0
201500041061,13,6,15,14,1,93,53,2,3,1,3,PROGRES (RUE DU) N° 33 A,0.0,0.0
201500041062,20,6,15,18,1,93,53,2,1,1,2,"121, PARC (RUE DU)",0.0,0.0
201500041063,22,6,15,10,1,93,53,2,1,8,6,189 Bis BREMENT (RUE DE,0.0,0.0
201500041064,30,6,15,9,1,93,53,2,6,1,3,JEAN COQUELIN (PLACE),0.0,0.0
201500041065,4,7,15,19,1,93,53,2,1,1,6,DECOUVERTES (PLACE DES),0.0,0.0
201500041066,19,7,15,22,5,93,53,2,1,1,3,"63, JEAN JAURES (RUE)",0.0,0.0
201500041067,22,7,15,13,1,93,53,2,1,1,6,"20, JEAN JAURES (RUE)",0.0,0.0
201500041068,23,7,15,8,1,93,53,2,1,1,2,ANATOLE FRANCE (RUE),0.0,0.0
201500041069,26,7,15,0,5,93,53,2,2,1,3,ROSNY (AVENUE DE) N° 56,0.0,0.0
201500041070,26,7,15,7,1,93,53,2,1,1,2,"3, GAGNY (AVENUE DE)",0.0,0.0
201500041071,29,7,15,9,1,93,53,2,1,1,3,ROSNY (AVENUE DE) N° 53,0.0,0.0
201500041072,8,8,15,8,1,93,53,2,1,1,3,10 ROGER SALENGRO (BLD),0.0,0.0
201500041073,3,9,15,16,1,93,53,2,1,1,2,"18, PARC (RUE DU)",0.0,0.0
201500041074,10,9,15,19,1,93,53,2,1,1,4,"58, PARIS (RUE DE)",0.0,0.0
201500041075,14,9,15,6,5,93,53,2,2,1,3,"., BREMENT (RUE DE) 109",0.0,0.0
201500041076,18,9,15,17,1,93,53,2,2,8,3,PROGRES (RUE DU) N° 33 A,0.0,0.0
201500041077,20,9,15,2,5,93,53,2,1,1,7,"104, VAILLANT COUTURIER",0.0,0.0
201500041078,23,9,15,11,1,93,53,2,2,1,3,"1, VAILLANT COUTURIER (R",0.0,0.0
201500041079,26,9,15,16,1,93,53,2,1,1,6,"15, FREPILLON (RUE)",0.0,0.0
201500041080,30,9,15,9,1,93,53,2,1,1,2,"., JEAN COQUELIN (PLACE)",0.0,0.0
201500041081,7,10,15,16,1,93,53,2,1,1,6,"45, VAILLANT COUTURIER (",0.0,0.0
201500041082,11,10,15,17,1,93,53,2,1,1,3,"127, ANATOLE FRANCE (RUE",0.0,0.0
201500041083,14,10,15,9,1,93,53,2,1,1,5,"04, VERDUN (AVENUE DE)",0.0,0.0
201500041084,21,10,15,17,1,93,53,2,1,1,6,"11, NEUILLY (RUE DE) N°",0.0,0.0
201500041085,23,10,15,18,1,93,53,2,3,1,2,"., ROSNY (AVENUE DE) N°",0.0,0.0
201500041086,29,10,15,21,5,93,53,2,3,1,3,"., FONTAINE (RUE DE LA)",0.0,0.0
201500041087,31,10,15,0,5,93,53,2,3,1,2,ROSNY (AVENUE DE) N° 53,0.0,0.0
201500041088,3,11,15,19,5,93,53,2,9,1,3,"106BIS, BREMENT (RUE DE)",0.0,0.0
201500041089,21,11,15,14,1,93,53,2,1,2,2,"17, REPUBLIQUE (BLD DE L",0.0,0.0
201500041090,4,12,15,7,2,93,53,2,2,2,3,PARIS (RUE DE),0.0,0.0
201500041091,4,12,15,8,2,93,53,2,1,8,3,"40, BOBIGNY (AVENUE DE)",0.0,0.0
201500041092,4,12,15,21,5,93,53,2,1,9,1,"01, ROGER SALENGRO (BLD)",0.0,0.0
201500041093,7,12,15,19,5,93,53,2,1,1,2,"184, PARIS (RUE DE)",0.0,0.0
201500041094,9,12,15,18,1,93,53,2,1,1,6,68 JEAN JAURES (RUE),0.0,0.0
201500041095,16,12,15,12,1,93,53,2,1,1,7,"8, DIX HUIT AVRIL 1944 (",0.0,0.0
201500041096,18,12,15,10,1,93,53,2,1,2,2,"9, BREMENT (RUE DE) 1 A",0.0,0.0
201500041097,20,12,15,18,5,93,53,2,1,1,4,108 MICHELET (bld) N  8,0.0,0.0
201500041098,23,1,15,18,5,93,55,2,1,1,6,"25, EDOUARD VAILLANT DU",0.0,0.0
201500041099,30,1,15,17,2,93,55,2,1,1,6,"91, EDOUARD VAILLANT DU",0.0,0.0
201500041100,31,1,15,23,5,93,55,2,1,1,3,"109, JEAN JAURES (AVENUE",0.0,0.0
201500041101,9,2,15,10,1,93,55,2,1,1,1,"71, CARTIER BRESSON DU 4",0.0,0.0
201500041102,10,2,15,18,5,93,55,2,1,8,6,"1, FORMAGNE",0.0,0.0
201500041103,16,2,15,20,5,93,55,2,4,1,6,"39, EDOUARD VAILLANT DU",0.0,0.0
201500041104,24,2,15,20,5,93,55,2,1,1,6,"134, JEAN LOLIVE (AVENUE",0.0,0.0
201500041105,27,2,15,11,1,93,55,2,2,1,3,"31, PIERRE BROSSOLETTE",0.0,0.0
201500041106,2,3,15,16,1,93,55,2,1,1,6,JULES AUFFRET (1/49 ET 2,0.0,0.0
201500041107,9,3,15,1,5,93,55,2,1,1,7,"200, JEAN LOLIVE (AVENUE",0.0,0.0
201500041108,9,3,15,18,1,93,55,2,1,1,6,"170, JEAN JAURES (AVENUE",0.0,0.0
201500041109,11,3,15,18,1,93,55,2,1,1,3,"14, SCANDICCI",0.0,0.0
201500041110,13,3,15,18,1,93,55,2,1,1,6,"6, VICTOR HUGO (1/63 . 2",0.0,0.0
201500041111,13,4,15,12,1,93,55,2,9,1,6,"42, DIVISION LECLERC (AV",0.0,0.0
201500041112,18,4,15,8,1,93,55,2,1,1,2,"100, GENERAL LECLERC(AVE",0.0,0.0
201500041113,1,5,15,13,1,93,55,2,1,2,2,"124, GENERAL LECLERC(AVE",0.0,0.0
201500041114,14,5,15,11,1,93,55,2,2,1,2,"111, JEAN LOLIVE (AVENUE",0.0,0.0
201500041115,29,5,15,17,1,93,55,2,1,1,2,"16, VIGNES (CHEMIN DES)",0.0,0.0
201500041116,1,6,15,8,1,93,55,2,1,1,4,"231, JEAN LOLIVE (AVENUE",0.0,0.0
201500041117,2,6,15,20,2,93,55,2,1,1,3,"73, JULES AUFFRET (51/FI",0.0,0.0
201500041118,19,6,15,9,1,93,55,2,1,1,3,"171, JEAN LOLIVE (AVENUE",0.0,0.0
201500041119,22,6,15,18,1,93,55,2,1,3,3,"192, JEAN LOLIVE (AVENUE",0.0,0.0
201500041120,25,6,15,16,1,93,55,2,1,1,1,"77, FAIDHERBE (AVENUE)",0.0,0.0
201500041121,28,6,15,21,5,93,55,2,1,1,3,"132, JEAN LOLIVE (AVENUE",0.0,0.0
201500041122,6,7,15,0,5,93,55,2,1,1,6,"162, GENERAL LECLERC(AVE",0.0,0.0
201500041123,7,7,15,0,5,93,55,2,1,1,2,"171, JEAN LOLIVE (AVENUE",0.0,0.0
201500041124,15,7,15,19,1,93,55,2,2,1,3,"67, VICTOR HUGO (65/FIN",0.0,0.0
201500041125,16,7,15,17,1,93,55,2,1,1,7,"72, VICTOR HUGO (65/FIN",0.0,0.0
201500041126,2,8,15,12,1,93,55,2,1,1,6,"51, GENERAL LECLERC(AVE",0.0,0.0
201500041127,8,8,15,8,1,93,55,2,1,1,6,"105, JEAN LOLIVE (AVENUE",0.0,0.0
201500041128,11,8,15,10,1,93,55,2,1,1,3,"67, GENERAL LECLERC(AVE",0.0,0.0
201500041129,17,8,15,16,1,93,55,2,1,1,3,"4, DIVISION LECLERC (AVE",0.0,0.0
201500041130,19,8,15,8,1,93,55,2,9,1,6,GENERAL LECLERC(AVE DU)(,0.0,0.0
201500041131,24,8,15,18,1,93,55,2,1,2,2,"103, GENERAL LECLERC(AVE",0.0,0.0
201500041132,2,9,15,21,5,93,55,2,1,1,6,"86, JEAN LOLIVE (AVENUE)",0.0,0.0
201500041133,12,9,15,11,1,93,55,2,1,3,3,"48, DIVISION LECLERC (AV",0.0,0.0
201500041134,14,9,15,15,1,93,55,2,1,3,7,MEHUL (1/37. 2/24),0.0,0.0
201500041135,14,9,15,15,1,93,55,2,1,1,6,"34, JEAN JAURES (AVENUE)",0.0,0.0
201500041136,15,9,15,19,1,93,55,2,3,2,3,CHARLES AURAY DU 55/FIN.,0.0,0.0
201500041137,23,9,15,7,1,93,55,2,1,1,3,"18bis, DELIZY (DU 15 AU",0.0,0.0
201500041138,28,9,15,11,1,93,55,2,1,1,3,"1, ANATOLE FRANCE (AVENU",0.0,0.0
201500041139,12,10,15,7,5,93,55,2,2,1,6,"95, EDOUARD VAILLANT DU",0.0,0.0
201500041140,14,10,15,13,1,93,55,2,1,1,3,"158, JEAN LOLIVE (AVENUE",0.0,0.0
201500041141,16,10,15,11,1,93,55,2,1,2,6,"32, JEAN JAURES (AVENUE)",0.0,0.0
201500041142,19,10,15,20,5,93,55,2,1,1,2,COURTILLIERES(AVENUE DES,0.0,0.0
201500041143,27,10,15,8,1,93,55,2,2,1,6,JEAN JAURES (AVENUE) (2/,0.0,0.0
201500041144,8,11,15,5,5,93,55,2,3,1,3,"0, GENERAL LECLERC(AVE D",0.0,0.0
201500041145,8,11,15,19,5,93,55,2,1,1,2,JEAN LOLIVE (AVENUE)(55/,0.0,0.0
201500041146,30,11,15,8,1,93,55,2,3,1,3,"0, DIVISION LECLERC (AVE",0.0,0.0
201500041147,2,12,15,18,5,93,55,2,2,1,3,GENERAL LECLERC (AVENUE),0.0,0.0
201500041148,9,12,15,8,1,93,55,2,2,1,1,"76, JEAN JAURES (AVENUE)",0.0,0.0
201500041149,3,1,15,14,1,93,77,2,1,3,3,"41, ROSNY (AVENUE DE)",0.0,0.0
201500041150,6,1,15,17,2,93,62,2,1,1,6,"125, RESISTANCE (AVENUE",0.0,0.0
201500041151,13,1,15,17,5,93,62,2,2,1,2,"., GAMBETTA (ALLEE)",0.0,0.0
201500041152,15,1,15,12,1,93,77,2,1,2,2,"01, GALLIENI (AVENUE DU",0.0,0.0
201500041153,20,1,15,7,2,93,77,2,1,1,6,"21, AULNAY (BOULEVARD D'",0.0,0.0
201500041154,26,1,15,13,1,93,77,2,2,2,3,"55, FRANKLIN (AVENUE) 1-",0.0,0.0
201500041155,7,2,15,14,1,93,77,2,5,1,3,"55, GALLIENI (AVENUE DU",0.0,0.0
201500041156,20,2,15,22,5,93,77,2,1,3,7,"98, GRANDE RUE",0.0,0.0
201500041157,27,2,15,20,5,93,62,2,3,1,4,"43, LIVRY (AVENUE DE)",0.0,0.0
201500041158,8,3,15,1,5,93,77,2,1,1,3,"1BIS, OUTREBON (AVENUE)",0.0,0.0
201500041159,14,3,15,11,1,93,77,2,1,1,6,"156, GRANDE RUE",0.0,0.0
201500041160,18,3,15,17,1,93,77,2,2,1,3,"60, LIMITES (AVENUE DES)",0.0,0.0
201500041161,2,4,15,12,1,93,62,2,1,2,2,"55, THIERS (AVENUE)",0.0,0.0
201500041162,10,4,15,8,1,93,77,2,1,1,6,"63, ROSNY (AVENUE DE)",0.0,0.0
201500041163,11,4,15,16,1,93,77,2,2,1,3,"xxxx, GRANDE RUE",0.0,0.0
201500041164,11,4,15,17,1,93,77,2,1,2,2,"124 T, GRANDE RUE",0.0,0.0
201500041165,17,4,15,18,1,93,77,2,1,1,6,"1, GUITLEVITCH (RUE SIMO",0.0,0.0
201500041166,28,4,15,12,1,93,62,2,1,1,3,"85, OUEST (BOULEVARD DE",0.0,0.0
201500041167,29,4,15,9,1,93,77,2,1,1,3,"45, PLATEAU (RUE DU)",0.0,0.0
201500041168,8,5,15,20,1,93,77,2,2,1,3,"xx, GIRARDOT (AVENUE DE)",0.0,0.0
201500041169,11,5,15,15,1,93,77,2,1,1,3,"xx, LIMITES (AVENUE DES)",0.0,0.0
201500041170,12,5,15,8,1,93,77,2,1,1,5,"20 bis, GALLIENI (AVENUE",0.0,0.0
201500041171,19,5,15,21,2,93,77,2,2,2,7,"39, ROSES (AVENUE DES)",0.0,0.0
201500041172,23,5,15,8,1,93,62,2,7,1,3,"xx, GENERAL DE GAULLE (P",0.0,0.0
201500041173,23,5,15,16,1,93,62,2,1,1,3,"11, GAGNY (ALLEE DE)",0.0,0.0
201500041174,25,5,15,17,1,93,77,2,1,1,7,"34, STATION (AVENUE DE L",0.0,0.0
201500041175,29,5,15,22,5,93,77,2,1,1,6,"2, LAENNEC (RUE) COTE PA",0.0,0.0
201500041176,30,5,15,10,1,93,62,2,2,1,3,"--, MONTFERMEIL (ALLEE D",0.0,0.0
201500041177,4,6,15,12,1,93,62,2,1,1,6,THIERS (AVENUE),0.0,0.0
201500041178,7,6,15,1,5,93,62,2,6,1,6,"xx, MONTFERMEIL (ROND PO",0.0,0.0
201500041179,8,6,15,21,2,93,62,2,2,1,3,"47, MIDI (BOULEVARD DU)",0.0,0.0
201500041180,10,6,15,12,1,93,62,2,1,1,3,"22 BIS, THIERS (AVENUE)",0.0,0.0
201500041181,19,6,15,18,1,93,77,2,1,1,6,BENONI (RUE EUSTACHE),0.0,0.0
201500041182,30,6,15,10,1,93,77,2,2,1,3,"14, MONTAGNE SAVART (RUE",0.0,0.0
201500041183,30,6,15,17,1,93,77,2,1,1,6,"90, GRANDE RUE",0.0,0.0
201500041184,30,6,15,18,1,93,62,2,1,1,6,"45 bis, JARDIN ANGLAIS E",0.0,0.0
201500041185,3,7,15,16,1,93,77,2,1,1,6,"24, GRANDE RUE",0.0,0.0
201500041186,9,7,15,7,1,93,77,2,2,1,5,"29, GRANDE RUE",48.88384,3.45699
201500041187,10,7,15,21,2,93,77,2,2,1,3,"90, ROSNY (AVENUE DE)",48.88398,3.45699
201500041188,11,7,15,6,1,93,62,2,1,1,7,"108, THIERS (AVENUE)",0.0,0.0
201500041189,15,7,15,18,1,93,62,2,1,1,7,"50, PLATEAU (ALLEE DU)",0.0,0.0
201500041190,16,7,15,19,1,93,62,2,6,1,3,"74, RESISTANCE (AVENUE D",0.0,0.0
201500041191,23,7,15,6,1,93,77,2,1,8,7,"7, RAINCY (AVENUE DU)",0.0,0.0
201500041192,23,7,15,17,1,93,77,2,2,1,3,"47, AULNAY (BOULEVARD D'",0.0,0.0
201500041193,24,7,15,19,1,93,77,2,2,1,3,TOUR (ALLEE DE LA),0.0,0.0
201500041194,29,7,15,5,1,93,77,2,2,1,3,"26, RAINCY (AVENUE DU)",0.0,0.0
201500041195,29,7,15,14,1,93,62,2,1,1,6,"06, MONTFERMEIL (ROND PO",0.0,0.0
201500041196,4,8,15,20,1,93,62,2,2,1,3,"96, MONTFERMEIL (ALLEE D",0.0,0.0
201500041197,7,8,15,19,1,93,77,2,2,1,3,"xx, NOISY (ROUTE DE) JUS",0.0,0.0
201500041198,24,8,15,13,1,93,62,2,1,2,6,"130 BIS, RESISTANCE (AVE",0.0,0.0
201500041199,24,8,15,14,1,93,77,2,4,2,3,"xx, GUITLEVITCH (RUE SIM",0.0,0.0
201500041200,31,8,15,9,1,93,62,2,1,1,6,"62, THIERS (AVENUE)",0.0,0.0
201500041201,2,9,15,18,1,93,77,2,1,1,6,"24, GRANDE RUE",0.0,0.0
201500041202,4,9,15,18,1,93,62,2,1,1,6,"90, RESISTANCE (AVENUE D",0.0,0.0
201500041203,7,9,15,12,1,93,62,2,1,1,3,"18, LIVRY (AVENUE DE)",0.0,0.0
201500041204,15,9,15,7,1,93,77,2,1,2,6,"1, PARC (RUE DU)",0.0,0.0
201500041205,16,9,15,15,1,93,62,2,1,2,2,"119, RESISTANCE (AVENUE",0.0,0.0
201500041206,22,9,15,12,1,93,77,1,1,3,6,", AVRON (RUE D')",0.0,0.0
201500041207,22,9,15,19,1,93,77,2,2,2,3,"21, ADELE (RUE)",0.0,0.0
201500041208,28,9,15,6,5,93,77,2,2,1,3,"25, REGLEY (RUE)",0.0,0.0
201500041209,28,9,15,11,1,93,77,2,2,1,6,"124ter, GRANDE RUE",0.0,0.0
201500041210,1,10,15,12,1,93,77,2,2,1,3,"20, FALLAY (RUE JEAN)",0.0,0.0
201500041211,8,10,15,9,1,93,77,2,2,1,3,"123, BONDY (AVENUE DE) J",0.0,0.0
201500041212,9,10,15,17,1,93,62,2,1,1,6,"78, RESISTANCE (AVENUE D",0.0,0.0
201500041213,11,10,15,13,1,93,77,1,3,1,3,GRANDE RUE,0.0,0.0
201500041214,15,10,15,13,1,93,77,2,2,1,3,CHARTON (RUE RENE ET PIE,0.0,0.0
201500041215,16,10,15,12,1,93,77,2,1,1,3,"11, GALLIENI (AVENUE DU",0.0,0.0
201500041216,16,11,15,14,1,93,77,2,3,1,2,"77, ROSNY (AVENUE DE)",0.0,0.0
201500041217,16,11,15,18,5,93,62,2,1,1,3,"10, EST (BOULEVARD DE L'",0.0,0.0
201500041218,17,11,15,17,5,93,77,2,4,2,6,"00, GALLIENI (AVENUE DU",0.0,0.0
201500041219,18,11,15,18,5,93,77,2,2,1,3,"15, LONGPERRIER (AVENUE",0.0,0.0
201500041220,20,11,15,22,5,93,62,2,2,2,3,"98, RESISTANCE (AVENUE D",0.0,0.0
201500041221,24,11,15,19,5,93,77,2,3,2,3,"45, GALLIENI (AVENUE DU",0.0,0.0
201500041222,27,11,15,2,5,93,77,2,2,1,3,"34, NOISY (ROUTE DE) JUS",0.0,0.0
201500041223,30,11,15,10,1,93,62,2,2,1,3,"16 bis, EGLISE (ALLEE DE",0.0,0.0
201500041224,7,1,15,12,1,93,64,2,1,1,6,DE GAULLE (AV DU GENERAL,0.0,0.0
201500041225,23,1,15,18,5,93,64,2,1,1,6,"46, BERTHAUDS (RUE DES)",0.0,0.0
201500041226,24,1,15,15,1,93,64,2,1,1,6,"2, REPUBLIQUE (AVENUE DE",0.0,0.0
201500041227,29,1,15,9,1,93,64,2,1,1,6,"96, DE GAULLE (AV DU GEN",0.0,0.0
201500041228,12,2,15,15,1,93,64,2,1,1,6,"43, QUATRIEME ZOUAVES (R",0.0,0.0
201500041229,12,2,15,17,1,93,64,2,1,1,6,"00, FERRY (RUE JULES)",0.0,0.0
201500041230,13,2,15,10,1,93,64,2,1,1,6,"56, TIMBAUD (RUE JEAN PI",0.0,0.0
201500041231,14,2,15,20,5,93,64,2,2,3,6,"1, ROCHEBRUNE (RUE)",0.0,0.0
201500041232,27,2,15,11,1,93,64,2,1,1,2,DE GAULLE (AV DU GENERAL,0.0,0.0
201500041233,2,5,15,16,1,93,64,2,2,2,6,"0, BLUM (RUE LEON)",0.0,0.0
201500041234,6,5,15,10,1,93,64,2,1,1,6,"15, GALLIENI (RUE DU GEN",0.0,0.0
201500041235,12,5,15,14,1,93,64,2,1,1,6,"00, ALSACE-LORRAINE (BOU",0.0,0.0
201500041236,28,5,15,19,1,93,64,2,1,1,3,ALSACE-LORRAINE (BOULEVA,0.0,0.0
201500041237,30,5,15,21,1,93,64,2,1,1,3,"00, DE GAULLE (AV DU GEN",0.0,0.0
201500041238,6,7,15,10,1,93,64,2,1,1,6,"00, PERI (BOULEVARD GABR",0.0,0.0
201500041239,26,7,15,22,5,93,64,2,1,8,6,55 REPUBLIQUE (AVENUE D,0.0,0.0
201500041240,28,7,15,12,1,93,64,2,1,1,6,"20, WALESA (AVENUE LECH)",0.0,0.0
201500041241,31,7,15,19,1,93,64,2,3,1,6,"00, DHUYS (RUE DE LA)",0.0,0.0
201500041242,3,8,15,16,1,93,64,2,9,1,6,"00, PERI (BOULEVARD GABR",0.0,0.0
201500041243,11,8,15,15,1,93,64,2,2,1,3,"1, ROUX (RUE DU DOCTEUR)",0.0,0.0
201500041244,24,8,15,17,1,93,64,2,1,3,6,"00, MONTGOLFIER (RUE J E",0.0,0.0
201500041245,21,9,15,14,1,93,64,2,3,1,3,"6, WALESA (AVENUE LECH)",0.0,0.0
201500041246,22,9,15,14,1,93,64,2,3,1,6,"00, MICHEL (RUE LOUISE)",0.0,0.0