Num_Acc,jour,mois,an,hr,condition_eclairage,departement,commune,condition_agglomeration,intersection,condition_atmosphere,type_collision,adresse,lattitude,longitude
201500041247,29,9,15,9,1,93,64,2,1,1,2,"5, FERRY (RUE JULES)",0.0,0.0
201500041248,30,9,15,18,1,93,64,2,1,1,6,"101, KENNEDY (AVENUE DU",0.0,0.0
201500041249,3,10,15,16,1,93,64,2,1,1,6,"2, HOFFMANN (RUE PHILIBE",0.0,0.0
201500041250,13,11,15,10,1,93,64,2,1,2,6,"08, BOISSIERE (RUELLE DE",0.0,0.0
201500041251,26,11,15,18,5,93,64,2,2,1,6,"00, ALSACE-LORRAINE (BOU",0.0,0.0
201500041252,26,11,15,19,5,93,64,2,1,1,6,"2, REPUBLIQUE (AVENUE DE",0.0,0.0
201500041253,21,12,15,12,1,93,64,2,3,1,6,FERRY (RUE JULES),0.0,0.0
201500041254,31,12,15,15,1,93,64,2,4,1,3,"1, PERI (BOULEVARD GABRI",0.0,0.0
201500041255,18,12,15,2,5,93,64,2,2,2,3,"00, ALSACE-LORRAINE (BOU",0.0,0.0
201500041256,21,12,15,21,5,93,64,2,1,2,6,BLUM (RUE LEON),0.0,0.0
201500041257,3,1,15,23,5,93,66,2,1,2,6,QUARTIER FORT DE LA BRIC,0.0,0.0
201500041258,5,1,15,7,5,93,66,2,1,1,2,"67, FRANCE ANATOLE (BOUL",0.0,0.0
201500041259,9,1,15,18,5,93,66,2,1,1,6,BERNE,0.0,0.0
201500041260,11,1,15,20,5,93,66,2,1,1,6,WILSON (AVENUE DU PRESID,0.0,0.0
201500041261,12,1,15,18,5,93,66,2,1,1,6,"1, REPUBLIQUE",0.0,0.0
201500041262,13,1,15,19,5,93,39,2,3,2,3,PAUL MARCEL (BOULEVARD),0.0,0.0
201500041263,13,1,15,20,5,93,66,2,2,8,3,LENINE (AVENUE) NR 28 A,0.0,0.0
201500041264,15,1,15,7,2,93,66,2,2,1,6,PRESSENCE FRANCIS (AVENU,0.0,0.0
201500041265,12,1,15,15,1,93,66,2,1,1,6,SAUSSAIE,0.0,0.0
201500041266,23,1,15,16,1,93,66,2,1,1,6,LENINE (AVENUE) NR 2 A 2,0.0,0.0
201500041267,27,1,15,7,5,93,66,2,1,1,3,"56 BIS, CROISAT AMBROISE",0.0,0.0
201500041268,27,1,15,11,1,93,66,2,1,1,3,DELAUNAY JULES,0.0,0.0
201500041269,28,1,15,6,5,93,66,2,3,2,6,"31, COLONEL FABIEN (AVEN",0.0,0.0
201500041270,28,1,15,13,1,93,66,2,2,8,3,MITERRAND FRANCOIS (AVEN,0.0,0.0
201500041271,29,1,15,17,2,93,66,2,1,2,6,GORKI MAXIME,0.0,0.0
201500041272,4,2,15,7,1,93,66,2,3,1,6,CASANOVA DANIELLE NR 2 A,0.0,0.0
201500041273,5,2,15,19,5,93,66,2,1,1,4,CROIZAT AMBROISE RD 29 B,0.0,0.0
201500041274,8,2,15,21,5,93,66,2,1,1,6,COMMUNE DE PARIS,0.0,0.0
201500041275,9,2,15,8,1,93,66,2,2,1,4,"17, CASANOVA DANIELLE NR",0.0,0.0
201500041276,10,2,15,6,5,93,66,2,3,1,6,"2, SAINT JUST (ALLEE)",0.0,0.0
201500041277,10,2,15,17,1,93,66,2,1,1,6,DELAUNAY JULES,0.0,0.0
201500041278,11,2,15,13,1,93,66,2,1,1,6,"110, CROISAT AMBROISE RD",0.0,0.0
201500041279,11,2,15,13,1,93,66,2,1,1,6,"4, DOURDIN GASTON (PLACE",0.0,0.0
201500041280,12,2,15,7,2,93,66,2,1,1,6,GUYNEMER,0.0,0.0
201500041281,12,2,15,13,1,93,66,2,4,1,6,"2, ""GUESDE JULES (BD), N",0.0,0.0
201500041282,14,2,15,19,5,93,66,2,3,2,6,GORKI MAXIME,0.0,0.0
201500041283,17,2,15,19,4,93,66,2,3,1,3,"39, LENINE (AVENUE) NR 2",0.0,0.0
201500041284,19,2,15,13,1,93,66,2,3,1,3,"76, ""LANDY RD 20, NR PAI",0.0,0.0
201500041285,24,2,15,13,1,93,66,2,1,2,6,BOULOGNE,0.0,0.0
201500041286,25,2,15,21,5,93,66,1,1,1,6,GORKI MAXIME,0.0,0.0
201500041287,4,3,15,12,1,93,66,2,3,3,3,"275, WILSON (AVENUE DU P",0.0,0.0
201500041288,5,3,15,12,1,93,66,2,6,1,6,"2, MOULIN JEAN (AVENUE)",0.0,0.0
201500041289,6,3,15,15,1,93,66,2,1,1,4,COURNEUVE (ROUTE),0.0,0.0
201500041290,13,3,15,16,1,93,66,2,1,1,6,COMMUNE DE PARIS,0.0,0.0
201500041291,16,3,15,22,5,93,66,2,1,1,6,"227, WILSON (AVENUE DU P",0.0,0.0
201500041292,17,3,15,11,1,93,39,2,1,1,3,"60, MARINE (QUAI DE LA )",0.0,0.0
201500041293,17,3,15,16,1,93,66,2,1,1,6,"1, VANHOLLEBEKE FERNAND",0.0,0.0
201500041294,18,3,15,13,1,93,66,2,2,1,3,"""LANDY RD 20, NR IMPAIRS",0.0,0.0
201500041295,20,3,15,8,1,93,66,2,1,1,6,"37, ""BARBUSSE HENRI, NR",0.0,0.0
201500041296,19,3,15,12,1,93,66,2,3,1,3,FRANCE ANATOLE ENTREE A8,0.0,0.0
201500041297,20,3,15,16,1,93,66,2,4,1,4,LENINE (AVENUE) NR 2 A 2,0.0,0.0
201500041298,22,3,15,19,5,93,66,2,1,1,6,SAULNIER JULES,0.0,0.0
201500041299,25,3,15,14,1,93,66,2,1,1,6,"2, MOULIN BASSET (CHEMIN",0.0,0.0
201500041300,26,3,15,13,1,93,66,2,1,2,6,"81, WILSON (AVENUE DU PR",0.0,0.0
201500041301,26,3,15,20,5,93,66,2,1,1,6,GENERAL DE GAULLE,0.0,0.0
201500041302,28,3,15,17,1,93,66,2,1,1,2,"03, BRICHE NR 2 A 38",0.0,0.0
201500041303,31,3,15,8,1,93,66,2,1,2,6,COLONEL FABIEN (AVENUE),0.0,0.0
201500041304,4,4,15,3,5,93,66,2,1,1,3,WILSON (AVENUE DU PRESID,0.0,0.0
201500041305,7,4,15,17,1,93,66,2,1,1,6,"149, ""PERI GABRIEL, NR 1",0.0,0.0
201500041306,8,4,15,15,1,93,66,2,1,1,6,"43, GARCIA CHRISTINO",0.0,0.0
201500041307,9,4,15,21,5,93,66,2,1,1,3,CROIZAT AMBROISE RD 29 B,0.0,0.0
201500041308,10,4,15,19,1,93,66,2,1,1,6,"""STALINGRAND (AV), NR 2-",0.0,0.0
201500041309,12,4,15,16,1,93,66,2,1,1,6,CITE ROMAIN ROLLAND,0.0,0.0
201500041310,12,4,15,23,5,93,66,2,1,1,6,"136, ""LANDY RD 20, NR IM",0.0,0.0
201500041311,13,4,15,16,1,93,66,2,1,1,3,"41, FRANCE ANATOLE (BOUL",0.0,0.0
201500041312,14,4,15,13,1,93,66,2,1,1,6,"15, VAILLANT EDOUARD",0.0,0.0
201500041313,20,4,15,15,1,93,66,2,1,1,6,ECOUEN,0.0,0.0
201500041314,2,5,15,15,1,93,66,2,1,2,1,MONDIAL 98,0.0,0.0
201500041315,3,5,15,13,1,93,66,2,1,2,2,COURNEUVE (ROUTE),0.0,0.0
201500041316,5,5,15,19,1,93,66,2,1,1,6,"220, WILSON (AVENUE DU P",0.0,0.0
201500041317,6,5,15,16,1,93,66,2,2,1,3,CROISAT AMBROISE RD 29 B,0.0,0.0
201500041318,7,5,15,13,1,93,39,2,1,1,6,SEINE (QUAI DE ),0.0,0.0
201500041319,8,5,15,22,5,93,66,2,1,1,6,STADE DE FRANCE (AVENUE,0.0,0.0
201500041320,9,5,15,18,1,93,66,2,1,1,6,"132, ""PERI GABRIEL, NR 2",0.0,0.0
201500041321,11,5,15,18,1,93,66,2,1,1,3,"146, ""LANDY RD 20, NR IM",0.0,0.0
201500041322,11,5,15,13,1,93,66,2,1,1,2,"138, CROISAT AMBROISE RD",0.0,0.0
201500041323,12,5,15,18,1,93,66,2,1,1,6,JAURES JEAN,0.0,0.0
201500041324,14,5,15,18,1,93,66,2,1,1,3,GENERAL DE GAULLE,0.0,0.0
201500041325,14,5,15,20,1,93,66,2,2,1,3,METALLURGIE (AVENUE),0.0,0.0
201500041326,18,5,15,15,1,93,66,2,1,1,7,"380, WILSON (AVENUE DU P",0.0,0.0
201500041327,18,5,15,23,5,93,66,2,1,2,6,STADE DE FRANCE (AVENUE,0.0,0.0
201500041328,19,5,15,20,1,93,66,2,1,2,3,"41, FRANCE ANATOLE (BOUL",0.0,0.0
201500041329,21,5,15,20,1,93,66,2,1,1,6,COMMUNE DE PARIS (BOULEV,0.0,0.0
201500041330,29,5,15,10,1,93,66,2,2,1,3,"1, LAMAZE DOCTEUR",0.0,0.0
201500041331,29,5,15,15,1,93,66,2,1,1,6,LIBERATION RD14 (BOULEVA,0.0,0.0
201500041332,30,5,15,7,1,93,66,2,1,1,6,BAILLY,0.0,0.0
201500041333,30,5,15,21,5,93,66,2,1,1,3,FRANCE ANATOLE (BOULEVAR,0.0,0.0
201500041334,31,5,15,22,5,93,66,2,2,3,3,PARIS (PORTE),0.0,0.0
201500041335,11,6,15,12,1,93,66,2,3,1,3,OWENS JESSE,0.0,0.0
201500041336,15,6,15,18,1,93,66,2,1,1,6,STADE DE FRANCE-(AVENUE,0.0,0.0
201500041337,16,6,15,11,1,93,66,2,1,1,6,"1, MONTJOIE",0.0,0.0
201500041338,17,6,15,11,1,93,66,2,4,1,6,MOULIN BASSET (CHEMIN),0.0,0.0
201500041339,17,6,15,18,1,93,66,2,6,1,6,PRESSENCE FRANCIS (AVENU,0.0,0.0
201500041340,18,6,15,16,1,93,66,2,1,1,2,CROISAT AMBROISE RD 29 B,0.0,0.0
201500041341,19,6,15,0,5,93,66,2,1,1,3,"120, WILSON (AVENUE DU P",0.0,0.0
201500041342,19,6,15,13,1,93,66,2,1,1,6,FRANC MOISIN (AVENUE),0.0,0.0
201500041343,21,6,15,14,1,93,66,2,1,1,3,"14, ORNANO (BOULEVARD)",0.0,0.0
201500041344,22,6,15,1,5,93,66,2,1,1,3,CARNOT (BOULEVARD),0.0,0.0
201500041345,22,6,15,14,1,93,66,2,1,2,6,"68, ""PERI GABRIEL, NR 2",0.0,0.0
201500041346,22,6,15,14,1,93,66,2,1,8,6,BRICHE NR 2 A 38,0.0,0.0
201500041347,22,6,15,17,1,93,66,2,1,2,2,POULBOT FRANCISQUE,0.0,0.0
201500041348,22,6,15,21,2,93,66,2,1,2,5,FRANCE ANATOLE (BOULEVAR,0.0,0.0
201500041349,23,6,15,11,1,93,66,2,6,1,3,CACHIN MARCEL (AVENUE),0.0,0.0
201500041350,23,6,15,15,1,93,66,2,1,1,3,FRANCE ANATOLE ENTREE A1,0.0,0.0
201500041351,23,6,15,12,1,93,66,2,1,1,3,GENERAL DE GAULLE,0.0,0.0
201500041352,24,6,15,22,5,93,66,2,1,1,6,BEC A LOUE,0.0,0.0
201500041353,29,6,15,15,1,93,66,2,1,1,3,MITERRAND FRANCOIS (AVEN,0.0,0.0
201500041354,1,7,15,13,1,93,66,2,2,1,6,"200, WILSON (AVENUE DU P",0.0,0.0
201500041355,1,7,15,20,1,93,66,2,3,1,5,ELUARD PAUL - AUTRES,0.0,0.0
201500041356,2,7,15,19,1,93,66,1,1,1,3,CROISAT AMBROISE RD 29 B,0.0,0.0
201500041357,3,7,15,10,1,93,66,2,3,1,3,MOULIN JEAN (AVE)-NR 10,0.0,0.0
201500041358,3,7,15,17,1,93,66,2,1,1,3,72 CROIZAT AMBROISE RD,0.0,0.0
201500041359,3,7,15,20,1,93,66,2,1,1,2,"""BARBUSSE HENRI, NR 2 A",0.0,0.0
201500041360,4,7,15,20,2,93,66,2,1,1,6,CROIZAT AMBROISE RD 29 B,0.0,0.0
201500041361,4,7,15,23,5,93,66,2,1,1,3,FRANCE ANATOLE ENTREE A1,0.0,0.0
201500041362,11,7,15,19,1,93,66,2,1,1,3,COURNEUVE (ROUTE),0.0,0.0
201500041363,11,7,15,20,1,93,66,2,3,1,3,REVOLTE,0.0,0.0
201500041364,14,7,15,15,1,93,66,2,1,1,6,JACOB MAX,0.0,0.0
201500041365,16,7,15,15,1,93,66,2,1,1,6,JAURES JEAN,0.0,0.0
201500041366,17,7,15,14,1,93,66,2,3,1,6,BEC A LOUE,0.0,0.0
201500041367,22,7,15,18,1,93,66,2,2,1,3,LENINE (AVENUE) NR 2 A 2,0.0,0.0
201500041368,25,7,15,19,1,93,66,2,1,1,3,SAINT OUEN (QUAI DE ),0.0,0.0
201500041369,29,7,15,19,1,93,66,2,2,1,3,"130, CASANOVA DANIELLE N",0.0,0.0
201500041370,30,7,15,21,2,93,66,2,1,1,1,"4, PRESSENCE FRANCIS (AV",0.0,0.0
201500041371,1,8,15,0,5,93,66,2,2,1,3,"""STALINGRAND (AV), NR 2-",0.0,0.0
201500041372,1,8,15,15,1,93,66,2,4,1,2,LIBERATION RD14 (BOULEVA,0.0,0.0
201500041373,5,8,15,1,5,93,66,1,1,1,2,"""LANDY RD 20, NR IMPAIRS",0.0,0.0
201500041374,6,8,15,19,1,93,66,2,1,1,3,OWENS JESSE,0.0,0.0
201500041375,7,8,15,14,1,93,66,2,1,1,6,LAMAZE DOCTEUR,0.0,0.0
201500041376,7,8,15,17,1,93,66,2,2,1,3,"""PERI GABRIEL, NR 2  A 1",0.0,0.0
201500041377,7,8,15,21,5,93,66,2,1,1,1,CASANOVA DANIELLE NR 52-,0.0,0.0
201500041378,8,8,15,15,1,93,66,2,1,1,4,LIBERATION RD14 (BOULEVA,0.0,0.0
201500041379,14,8,15,2,5,93,66,2,1,1,4,"211, GORKI MAXIME",0.0,0.0
201500041380,20,8,15,17,1,93,66,2,1,1,3,MITERRAND FRANCOIS (AVEN,0.0,0.0
201500041381,22,8,15,14,1,93,66,2,1,1,6,"""STRASBOURG, NR 1 A 71 E",0.0,0.0
201500041382,22,8,15,21,3,93,66,2,1,1,3,COURNEUVE (ROUTE),0.0,0.0
201500041383,24,8,15,4,5,93,66,2,9,1,6,COURNEUVE (ROUTE),0.0,0.0
201500041384,25,8,15,10,1,93,66,2,1,1,2,MOULIN JEAN (AVE) NR 10,0.0,0.0
201500041385,27,8,15,0,5,93,66,2,2,2,3,WILSON (AVENUE DU PRESID,0.0,0.0
201500041386,30,8,15,15,1,93,66,2,1,1,6,"01, COMMUNE DE PARIS (BO",0.0,0.0
201500041387,7,9,15,6,2,93,66,2,1,1,1,CROISAT AMBROISE RD 29 B,0.0,0.0
201500041388,7,9,15,12,1,93,66,2,2,1,3,MITERRAND FRANCOIS (AVEN,0.0,0.0
201500041389,11,9,15,17,1,93,66,2,1,1,3,"17, LIBERATION RD14 (BOU",0.0,0.0
201500041390,12,9,15,7,1,93,66,2,1,1,2,FRANCE ANATOLE ENTREE A8,0.0,0.0
201500041391,11,9,15,14,1,93,66,2,1,1,1,"111, PRESSENCE FRANCIS (",0.0,0.0
201500041392,18,9,15,1,5,93,66,2,2,1,2,GORKI MAXIME,0.0,0.0
201500041393,18,9,15,17,1,93,66,2,3,2,3,VAILLANT COUTURIER PAUL,0.0,0.0
201500041394,18,9,15,21,5,93,66,2,3,1,3,MOULIN JEAN (AVENUE) NR,0.0,0.0
201500041395,24,9,15,21,5,93,66,2,1,2,3,RU DE MONTFORT (CHEMIN),0.0,0.0
201500041396,28,9,15,18,1,93,66,2,1,1,6,CASANOVA DANIELLE NR 2 A,0.0,0.0
201500041397,29,9,15,15,1,93,66,2,1,1,6,CROIZAT AMBROISE RD 29 B,0.0,0.0
201500041398,30,9,15,8,1,93,66,2,1,1,3,"2, SAINT OUEN (QUAI DE )",0.0,0.0
201500041399,2,10,15,17,1,93,66,2,1,1,3,"64, WILSON (AVENUE DU PR",0.0,0.0
201500041400,3,10,15,21,5,93,66,2,1,1,6,"163, FRANCE ANATOLE (BOU",0.0,0.0
201500041401,5,10,15,9,1,93,66,2,2,1,3,"117, ""LANDY RD 20, NR IM",0.0,0.0
201500041402,10,10,15,23,5,93,66,2,1,1,6,"379, WILSON (AVENUE DU P",0.0,0.0
201500041403,12,10,15,18,1,93,66,2,1,1,6,"3, HENAFF EUGENE",0.0,0.0
201500041404,13,10,15,18,1,93,66,2,1,1,3,STADE DE FRANCE (AVENUE,0.0,0.0
201500041405,13,10,15,18,1,93,66,2,1,1,6,56bis CROISAT AMBROISE,0.0,0.0
201500041406,13,10,15,21,5,93,66,2,1,1,3,"36, COLONEL FABIEN (AVEN",0.0,0.0
201500041407,14,10,15,2,5,93,66,2,3,1,6,"12, SEMAT ROGER",0.0,0.0
201500041408,16,10,15,16,1,93,66,2,1,2,6,"34, COLONEL FABIEN (AVEN",0.0,0.0
201500041409,17,10,15,18,1,93,66,2,1,1,6,"19, ""PERI GABRIEL, NR 2",0.0,0.0
201500041410,18,10,15,0,5,93,66,2,1,1,6,"6, CACHIN MARCEL (AVENUE",0.0,0.0
201500041411,17,10,15,5,5,93,66,2,1,1,6,LAMAZE DOCTEUR,0.0,0.0
201500041412,20,10,15,21,4,93,66,2,2,2,1,CASANOVA DANIELLE NR 52-,0.0,0.0
201500041413,22,10,15,19,3,93,66,2,1,2,3,FRANCE ANATOLE (BOULEVAR,0.0,0.0
201500041414,24,10,15,21,5,93,66,2,4,1,2,"""STALINGRAD (AVENUE), NR",0.0,0.0
201500041415,26,10,15,17,1,93,66,2,1,1,6,"55, ""GUESDE JULES (BOULE",0.0,0.0
201500041416,27,10,15,11,1,93,66,2,1,1,3,"14, SAULNIER JULES",0.0,0.0
201500041417,28,10,15,23,5,93,66,2,1,1,2,COURNEUVE (ROUTE),0.0,0.0
201500041418,29,10,15,17,1,93,39,2,1,1,3,CHATELIER (QUAI DU ),0.0,0.0
201500041419,1,11,15,4,5,93,66,2,1,1,6,FRANCE ANATOLE (BOULEVAR,0.0,0.0
201500041420,3,11,15,11,1,93,66,2,3,1,2,CASANOVA DANIELLE NR 2 A,0.0,0.0
201500041421,1,11,15,11,1,93,66,2,1,1,5,ELUARD PAUL - AUTRES,0.0,0.0
201500041422,3,11,15,19,5,93,66,2,1,1,6,COMMUNE DE PARIS (BOULEV,0.0,0.0
201500041423,5,11,15,12,1,93,66,2,1,1,7,"142, CASANOVA DANIELLE N",0.0,0.0
201500041424,2,11,15,20,5,93,66,2,1,1,3,FORT DE LA BRICHE,0.0,0.0
201500041425,5,11,15,19,5,93,66,2,9,2,3,"11, MITERRAND FRANCOIS (",0.0,0.0
201500041426,7,11,15,12,1,93,66,2,6,1,3,LIBERATION RD14 (BOULEVA,0.0,0.0
201500041427,8,11,15,2,5,93,66,2,1,1,3,"""STALINGRAND (AV), NR 2-",0.0,0.0
201500041428,9,11,15,13,1,93,66,2,1,1,6,"""STALINGRAND (AV), NR 2-",0.0,0.0
201500041429,10,11,15,9,1,93,66,2,1,1,1,RIMET JULES,0.0,0.0
201500041430,10,11,15,12,1,93,39,2,1,1,3,PONT DE SAINT OUEN,0.0,0.0
201500041431,11,11,15,9,1,93,66,2,8,1,6,"10, GORKI MAXIME",0.0,0.0
201500041432,13,11,15,1,5,93,66,2,2,1,3,"""LANDY RD 20, NR IMPAIRS",0.0,0.0
201500041433,13,11,15,14,1,93,39,2,1,1,6,"7, SAULE FLEURI (QUAI DU",0.0,0.0
201500041434,13,11,15,17,5,93,66,2,1,1,2,"58, LENINE (AVENUE) NR 2",0.0,0.0
201500041435,16,11,15,8,1,93,66,2,1,1,3,FRANCE ANATOLE ENTREE A1,0.0,0.0
201500041436,17,11,15,11,1,93,66,2,3,1,3,PRESSENCE FRANCIS (AVENU,0.0,0.0
201500041437,18,11,15,17,5,93,39,2,2,1,6,THOREZ MAURICE,0.0,0.0
201500041438,19,11,15,8,1,93,66,2,1,2,3,"67, FRANCE ANATOLE (BOUL",0.0,0.0
201500041439,20,11,15,7,2,93,66,2,3,3,6,CHEMINOTS,0.0,0.0
201500041440,26,11,15,10,1,93,66,2,1,1,3,"15, RIMET JULES",0.0,0.0
201500041441,27,11,15,20,5,93,66,2,1,2,2,"72, ""BARBUSSE HENRI, NR",0.0,0.0
201500041442,28,11,15,1,3,93,66,2,6,2,6,COKERIE,0.0,0.0
201500041443,1,12,15,21,5,93,66,2,1,1,7,STADE DE FRANCE (AVENUE,0.0,0.0
201500041444,5,12,15,15,1,93,39,2,1,1,4,MECHIN,0.0,0.0
201500041445,7,12,15,9,1,93,66,2,2,1,2,"378, WILSON (AVENUE DU P",0.0,0.0
201500041446,7,12,15,13,1,93,66,2,1,1,6,"16, COMMUNE DE PARIS (BO",0.0,0.0
201500041447,7,12,15,18,5,93,66,2,1,1,3,"5 bis, PRESSENCE FRANCIS",0.0,0.0
201500041448,7,12,15,20,3,93,66,2,1,1,1,PORT (QUAI DU),0.0,0.0
201500041449,8,12,15,12,1,93,66,2,1,2,1,"05, LIBERTE",0.0,0.0
201500041450,13,12,15,13,1,93,66,2,3,1,3,CARNOT (BOULEVARD),0.0,0.0
201500041451,15,12,15,21,3,93,66,2,3,3,3,PLOUICH,0.0,0.0
201500041452,17,12,15,16,2,93,66,2,1,1,2,"38, BRICHE NR 2 A 38",0.0,0.0
201500041453,17,12,15,22,5,93,66,2,3,1,3,LIBERATION RD14 (BOULEVA,0.0,0.0
201500041454,23,12,15,18,5,93,66,2,1,1,6,COMMUNE DE PARIS (BOULEV,0.0,0.0
201500041455,23,12,15,22,5,93,66,2,3,1,7,VAILLANT COUTURIER PAUL,0.0,0.0
201500041456,25,12,15,19,5,93,66,2,1,1,3,GUYNEMER,0.0,0.0
201500041457,26,12,15,10,1,93,66,2,1,1,2,"39, ""GUESDE JULES (BD),",0.0,0.0
201500041458,27,12,15,8,1,93,66,2,1,1,1,CROIZAT AMBROISE RD 29 B,0.0,0.0
201500041459,29,12,15,5,5,93,39,2,1,2,7,MARINE (QUAI DE LA ),0.0,0.0
201500041460,29,12,15,18,5,93,66,2,1,1,3,"""STALINGRAND (AV), NR 2-",0.0,0.0
201500041461,30,12,15,10,1,93,66,2,2,1,6,"3, METALLURGIE (AVENUE)",0.0,0.0
201500041462,11,6,15,1,5,93,66,2,3,1,3,PDT WILSON / METALLURGIE,0.0,0.0
201500041463,4,1,15,5,5,93,70,2,2,2,6,"33-35, PAUL-BERT(RUE)",0.0,0.0
201500041464,7,1,15,1,5,93,70,2,1,1,6,"156 bis, ROSIERS(DES) :",0.0,0.0
201500041465,10,1,15,18,5,93,70,2,1,2,3,"122, VICTOR-HUGO (BD)",0.0,0.0
201500041466,14,1,15,15,1,93,70,2,3,1,3,DOCTEUR BAUER(RUE DU) :N,0.0,0.0
201500041467,27,1,15,18,5,93,70,2,1,2,6,"142, GABRIEL-PERI (AV)",0.0,0.0
201500041468,2,2,15,9,1,93,70,2,1,2,3,"50, ARDOIN(RUE)",0.0,0.0
201500041469,3,2,15,15,1,93,70,2,1,1,6,"49, GABRIEL-PERI (AV)",0.0,0.0
201500041470,3,2,15,21,5,93,70,2,1,8,3,"56, MICHELET(AV):N?1AU 1",0.0,0.0
201500041471,6,2,15,11,1,93,70,2,1,1,3,"56, GABRIEL-PERI (AV)",0.0,0.0
201500041472,6,2,15,18,2,93,70,2,1,1,3,ARDOIN(RUE),0.0,0.0
201500041473,9,2,15,19,3,93,70,2,3,1,3,GABRIEL-PERI (AV),0.0,0.0
201500041474,11,2,15,10,1,93,70,2,1,1,3,MICHELET(AV):N?1AU 103,0.0,0.0
201500041475,13,2,15,21,5,93,70,2,1,2,6,"52, MICHELET (AVE) : DU",0.0,0.0
201500041476,15,2,15,16,1,93,70,2,1,1,3,"05, GABRIEL-PERI (AV)",0.0,0.0
201500041477,19,2,15,9,1,93,70,2,2,1,6,"132, GABRIEL-PERI (AV)",0.0,0.0
201500041478,20,2,15,18,5,93,70,2,1,2,3,"30, REPUBLIQUE (PL DE LA",0.0,0.0
201500041479,8,3,15,18,2,93,70,2,1,1,6,"106, MICHELET (AVE) : DU",0.0,0.0
201500041480,13,3,15,14,1,93,70,2,1,1,6,"01, ALBERT-DHALENNE (RUE",0.0,0.0
201500041481,13,3,15,14,1,93,70,2,1,1,6,"15, GABRIEL-PERI (AV)",0.0,0.0
201500041482,20,3,15,5,2,93,70,2,6,1,3,SEINE (QUAI DE),0.0,0.0
201500041483,30,3,15,9,1,93,70,2,1,1,6,MICHELET (AVE) : DU 1 AU,0.0,0.0
201500041484,31,3,15,12,1,93,70,2,1,1,6,"50, GABRIEL-PERI (AV)",0.0,0.0
201500041485,4,4,15,12,1,93,70,2,1,1,6,PIERRE-CURIE(RUE),0.0,0.0
201500041486,6,4,15,14,1,93,70,2,1,1,2,SEINE (QUAI DE),0.0,0.0
201500041487,13,4,15,15,1,93,70,2,3,1,6,MICHELET (AVE) : DU 1 AU,0.0,0.0
201500041488,17,4,15,11,1,93,70,2,1,1,6,MICHELET (AVE) : DU 1 AU,0.0,0.0
201500041489,17,4,15,12,1,93,70,2,1,1,3,GABRIEL-PERI (AV),0.0,0.0
201500041490,29,4,15,7,1,93,70,2,1,1,3,"122, MICHELET(AV):N?1AU",0.0,0.0
201500041491,2,5,15,10,1,93,70,2,1,8,1,"100, DOCTEUR BAUER(RUE D",0.0,0.0
201500041492,13,5,15,19,1,93,70,2,1,1,2,VICTOR-HUGO (BD),0.0,0.0
201500041493,16,5,15,10,1,93,70,2,1,1,6,"110, ROSIERS(DES) : APRE",0.0,0.0
201500041494,20,5,15,7,1,93,70,2,1,2,1,VICTOR-HUGO (BD),0.0,0.0
201500041495,20,5,15,17,1,93,70,2,3,1,3,"132, VICTOR-HUGO (BD)",0.0,0.0
201500041496,21,5,15,9,1,93,70,2,1,1,3,"19, MICHELET (AVE) : DU",0.0,0.0
201500041497,22,5,15,17,1,93,70,2,2,1,6,MICHELET (AVE) : DU 1 AU,0.0,0.0
201500041498,22,5,15,21,3,93,70,2,7,1,6,GABRIEL-PERI (AV),0.0,0.0
201500041499,5,6,15,7,1,93,70,2,2,1,3,CAPITAINE-GLARNER (AV),0.0,0.0
201500041500,10,6,15,8,1,93,70,2,2,1,3,SEINE (QUAI DE),0.0,0.0
201500041501,10,6,15,8,1,93,70,2,9,1,6,MICHELET (AVE) : DU 1 AU,0.0,0.0
201500041502,11,6,15,11,1,93,70,2,5,1,6,ADRIEN-LESESNE (RUE),0.0,0.0
201500041503,15,6,15,12,1,93,70,2,1,1,3,"59, MICHELET(AV):N°1AU 1",0.0,0.0
201500041504,15,6,15,21,1,93,70,2,1,1,3,CACHIN (RUE MARCEL),0.0,0.0
201500041505,17,6,15,19,1,93,70,2,1,1,3,"7, CLICHY (RUE DE)",0.0,0.0
201500041506,23,6,15,12,1,93,70,2,1,1,2,"139, MICHELET (AVE) : DU",0.0,0.0
201500041507,29,6,15,10,1,93,70,2,1,1,6,DOCTEUR BAUER(RUE DU):AP,0.0,0.0
201500041508,30,6,15,9,1,93,70,2,1,1,6,"19, MICHELET(AV):N°1AU 1",0.0,0.0
201500041509,16,1,15,9,1,93,70,2,1,1,2,", SEINE (QUAI DE)",0.0,0.0
201500041510,2,7,15,15,1,93,70,2,1,1,1,"73/78, SAINT-DENIS(RUE)",0.0,0.0
201500041511,10,7,15,19,1,93,70,2,1,1,2,"9, DULCIE SEPTEMBER (RUE",0.0,0.0
201500041512,14,7,15,12,1,93,70,2,2,1,3,MICHELET (AVE) : DU 1 AU,0.0,0.0
201500041513,21,7,15,18,1,93,70,2,3,1,2,"35, CHARLES SCHMIDT(RUE)",0.0,0.0
201500041514,21,7,15,9,1,93,70,2,1,1,3,"61, MICHELET (AVE) : DU",0.0,0.0
201500041515,27,7,15,19,1,93,70,2,1,1,7,DORA MAAR (RUE),0.0,0.0
201500041516,12,8,15,18,1,93,70,2,2,1,3,GABRIEL-PERI (AV),0.0,0.0
201500041517,27,8,15,17,1,93,70,2,1,3,2,NICOLAU(RUE),0.0,0.0
201500041518,13,9,15,6,1,93,70,2,1,1,4,GABRIEL-PERI (AV),0.0,0.0
201500041519,20,9,15,15,1,93,70,2,1,1,6,"34, CHARLES SCHMIDT(RUE)",0.0,0.0
201500041520,23,9,15,16,1,93,70,2,1,1,7,"36, GABRIEL-PERI (AV)",0.0,0.0
201500041521,12,10,15,7,2,93,70,2,1,1,3,VICTOR-HUGO (BD),0.0,0.0
201500041522,19,10,15,10,1,93,70,2,1,1,6,"28, ALBERT-DHALENNE (RUE",0.0,0.0
201500041523,22,10,15,21,5,93,70,1,1,1,6,DOCKS (RUE DES),0.0,0.0
201500041524,29,10,15,7,2,93,70,2,1,1,6,VICTOR-HUGO (BD),0.0,0.0
201500041525,5,11,15,22,5,93,70,2,1,2,6,"39, CHARLES SCHMIDT(RUE)",0.0,0.0
201500041526,5,11,15,9,1,93,70,2,1,1,3,MICHELET(AV):N°1AU 103,0.0,0.0
201500041527,6,11,15,16,1,93,70,2,1,2,2,"45, MICHELET (AVE) : DU",0.0,0.0
201500041528,6,11,15,18,5,93,70,2,1,2,7,ETIENNE-DOLET (BD),0.0,0.0
201500041529,9,11,15,10,1,93,70,2,3,1,6,CHARLES SCHMIDT(RUE) : D,0.0,0.0
201500041530,9,11,15,11,1,93,70,2,9,1,6,"108, DOCTEUR BAUER(RUE D",0.0,0.0
201500041531,10,11,15,15,1,93,70,2,1,1,6,"54, CHARLES SCHMIDT(RUE)",0.0,0.0