Num_Acc,jour,mois,an,hr,condition_eclairage,departement,commune,condition_agglomeration,intersection,condition_atmosphere,type_collision,adresse,lattitude,longitude
201500041532,13,11,15,18,5,93,70,2,1,2,6,NEUVE-PIERRE-CURIE(RUE),0.0,0.0
201500041533,17,11,15,8,1,93,70,2,9,2,3,"19, MICHELET (AVE) : DU",0.0,0.0
201500041534,18,11,15,16,1,93,70,2,1,1,2,"1, ALBERT-DHALENNE (RUE)",0.0,0.0
201500041535,20,11,15,14,1,93,70,2,1,2,6,JEAN-JAURES (BD),0.0,0.0
201500041536,26,11,15,8,1,93,70,2,1,2,6,SEINE (QUAI DE),0.0,0.0
201500041537,30,11,15,20,5,93,70,2,3,1,1,ARDOIN(RUE),0.0,0.0
201500041538,4,12,15,17,5,93,70,2,2,1,3,VICTOR-HUGO (BD),0.0,0.0
201500041539,15,12,15,15,1,93,70,2,1,1,3,"41, ALBERT-DHALENNE (RUE",0.0,0.0
201500041540,17,12,15,10,1,93,70,2,3,1,3,ROSIERS(DES) :N° 1 AU 59,0.0,0.0
201500041541,18,12,15,12,1,93,70,2,1,1,3,"72, MICHELET (AVE) : DU",0.0,0.0
201500041542,19,12,15,15,1,93,70,2,1,1,3,MICHELET (AVE) : DU 1 AU,0.0,0.0
201500041543,29,12,15,14,1,93,70,2,1,1,3,"117, MICHELET (AVE) : DU",0.0,0.0
201500041544,4,1,15,22,5,93,71,2,2,1,3,"0, JOHN F. KENNEDY (AVEN",0.0,0.0
201500041545,23,1,15,8,1,93,71,2,1,1,6,"0, LEON JOUHAUX (AVENUE)",0.0,0.0
201500041546,1,3,15,18,1,93,71,2,3,1,3,"0, RONSARD (IMPASSE)",0.0,0.0
201500041547,2,3,15,10,1,93,71,2,3,1,6,"0, MARCHE (AVENUE DU)",0.0,0.0
201500041548,6,2,15,16,1,93,5,2,1,1,2,EUROPE-(CARREFOUR DE L'),0.0,0.0
201500041549,6,3,15,14,1,93,71,2,1,1,6,"0, VICTOR HUGO (AVENUE)",0.0,0.0
201500041550,11,3,15,10,1,93,71,2,1,1,6,"0, VICTOR HUGO (AVENUE)",0.0,0.0
201500041551,19,3,15,20,5,93,71,2,1,1,6,"0, HOCHE (AVENUE)",0.0,0.0
201500041552,20,3,15,22,5,93,71,2,2,1,6,"0, WESTINGHOUSE (BOULEVA",0.0,0.0
201500041553,27,3,15,17,1,93,71,2,3,1,6,"0, COMMANDANT CHARCOT (A",0.0,0.0
201500041554,28,3,15,19,1,93,71,2,3,1,3,"0, JOHN F. KENNEDY (AVEN",0.0,0.0
201500041555,7,4,15,22,5,93,71,2,1,1,6,"0, AULNAY (RUE D')",0.0,0.0
201500041556,12,4,15,22,5,93,71,2,3,1,3,"0, PIERRE BROSSOLETTE (R",0.0,0.0
201500041557,14,4,15,14,1,93,71,2,2,1,1,"0, JEAN MOULIN (AVENUE)",0.0,0.0
201500041558,14,4,15,16,1,93,71,2,3,1,6,"0, JOHN F. KENNEDY (AVEN",0.0,0.0
201500041559,20,4,15,17,1,93,71,2,1,1,2,"0, BALLANGER ROBERT (AVE",0.0,0.0
201500041560,30,4,15,17,1,93,71,2,3,2,1,"0, COMMANDANT CHARCOT (A",0.0,0.0
201500041561,1,5,15,21,5,93,71,2,2,8,3,"0, AULNAY (RUE D')",0.0,0.0
201500041562,6,5,15,17,1,93,71,2,3,1,2,"0, BALLANGER ROBERT (AVE",0.0,0.0
201500041563,10,5,15,17,1,93,71,2,1,1,1,"0, MARAIS DU SOUCI (CHEM",0.0,0.0
201500041564,12,5,15,17,1,93,71,2,1,1,6,"0, GENERAL LECLERC (AVEN",0.0,0.0
201500041565,16,5,15,12,1,93,71,2,1,1,3,"0, LIVRY (AVENUE DE)",0.0,0.0
201500041566,22,5,15,17,1,93,71,2,3,1,4,"37, HENRI DUNANT (AVENUE",0.0,0.0
201500041567,3,6,15,11,1,93,71,2,1,1,7,"0, BERLIOZ HECTOR (AVENU",0.0,0.0
201500041568,11,6,15,8,1,93,71,2,1,1,6,"0, SALVADOR ALLENDE (AVE",0.0,0.0
201500041569,18,6,15,16,1,93,71,2,1,1,6,"10, AMPERE (AVENUE)",0.0,0.0
201500041570,19,6,15,22,5,93,71,2,3,1,3,"0, AULNAY (RUE D')",0.0,0.0
201500041571,23,6,15,18,1,93,71,2,1,1,2,"0, GENERAL LECLERC (AVEN",0.0,0.0
201500041572,3,7,15,12,1,93,71,2,1,1,6,"0, RAOUL DAUTRY (AVENUE)",0.0,0.0
201500041573,8,7,15,16,1,93,71,2,2,1,3,"0, JEAN MOULIN (AVENUE)",0.0,0.0
201500041574,10,7,15,17,1,93,71,2,1,1,2,"0, DE LATTRE DE TASSIGNY",0.0,0.0
201500041575,13,7,15,10,1,93,71,2,1,1,6,"70, AULNAY (RUE D')",0.0,0.0
201500041576,14,7,15,19,1,93,71,2,3,1,3,"0, DANTON (RUE)",0.0,0.0
201500041577,17,7,15,9,1,93,71,2,1,1,2,"0, HENRI BARBUSSE (AVENU",0.0,0.0
201500041578,18,7,15,19,1,93,71,2,3,1,3,"0, LUCIEN GELOT (BOULEVA",0.0,0.0
201500041579,22,7,15,15,1,93,71,2,1,1,2,"57, LIVRY (AVENUE DE)",0.0,0.0
201500041580,29,7,15,17,1,93,71,2,3,1,1,"0, LIVRY (AVENUE DE)",0.0,0.0
201500041581,31,7,15,0,5,93,71,2,2,1,2,"0, WESTINGHOUSE (BOULEVA",0.0,0.0
201500041582,5,8,15,20,2,93,71,2,2,1,3,"0, HENRI BARBUSSE (AVENU",0.0,0.0
201500041583,10,8,15,23,5,93,71,2,1,1,6,"0, STALINGRAD (BOULEVARD",0.0,0.0
201500041584,20,8,15,20,1,93,71,2,1,2,2,"0, JOHN F. KENNEDY (AVEN",0.0,0.0
201500041585,22,8,15,11,1,93,71,2,3,1,3,"0, WESTINGHOUSE (BOULEVA",0.0,0.0
201500041586,24,8,15,15,1,93,71,2,3,2,3,"0, PETITS PONTS (ROUTE D",0.0,0.0
201500041587,27,8,15,21,5,93,71,2,2,3,2,"0, AULNAY (RUE D')",0.0,0.0
201500041588,5,9,15,2,5,93,71,2,1,1,1,"0, PEUPLIERS (ALLEE DES)",0.0,0.0
201500041589,7,9,15,19,1,93,71,2,2,1,3,"0, ANDRE BRETON (ALLEE)",0.0,0.0
201500041590,9,9,15,9,1,93,71,2,3,1,5,"0, JULES VERNE (AVENUE)",0.0,0.0
201500041591,13,9,15,13,1,93,71,2,3,3,6,"0, SAVIGNY (CHEMIN DE)",0.0,0.0
201500041592,16,9,15,12,1,93,71,2,2,3,5,"0, AULNAY (RUE D')",0.0,0.0
201500041593,3,10,15,16,1,93,71,2,1,1,1,"0, JOHN F. KENNEDY (AVEN",0.0,0.0
201500041594,15,10,15,19,5,93,71,2,3,2,3,"0, SAVIGNY (CHEMIN DE)",0.0,0.0
201500041595,22,10,15,9,1,93,71,2,2,2,5,"0, VILLENAUT (ALLEE DE)",0.0,0.0
201500041596,1,11,15,19,5,93,71,2,3,1,6,"0, CHARLES CONRAD (RUE)",0.0,0.0
201500041597,21,11,15,19,5,93,71,2,2,2,6,"0, BALLANGER ROBERT (AVE",0.0,0.0
201500041598,26,11,15,7,2,93,71,2,1,1,6,"0, LIEGEARD (AVENUE)",0.0,0.0
201500041599,26,11,15,23,5,93,71,2,1,1,3,"0, AULNAY (RUE D')",0.0,0.0
201500041600,4,12,15,21,5,93,71,2,1,1,6,"54, GALLIENI (RUE)",0.0,0.0
201500041601,5,12,15,13,1,93,71,2,1,1,7,"0, MARCHE (AVENUE DU)",0.0,0.0
201500041602,9,12,15,8,1,93,71,2,1,1,2,"0, JOHN F. KENNEDY (AVEN",0.0,0.0
201500041603,10,12,15,12,1,93,71,2,3,1,6,"0, GASTON BUSSIERE (PLAC",0.0,0.0
201500041604,15,12,15,19,5,93,71,2,2,2,6,"0, JEAN MOULIN (AVENUE)",0.0,0.0
201500041605,16,1,15,15,1,93,72,2,1,1,6,"0, NELSON MANDELA (AVENU",0.0,0.0
201500041606,10,2,15,12,1,93,72,2,1,1,6,"00, JEAN DURAND (RUE) CO",0.0,0.0
201500041607,24,2,15,9,1,93,72,2,2,1,3,AMIENS (RUE D') COTE DES,0.0,0.0
201500041608,16,3,15,16,1,93,59,2,1,1,1,"0, MARECHAL FOCH (AVENUE",0.0,0.0
201500041609,25,3,15,5,5,93,72,2,3,2,3,STALINGRAD (AVENUE DE) D,0.0,0.0
201500041610,27,3,15,12,1,93,72,2,1,1,6,"24, CARNOT (RUE) COTE N?",0.0,0.0
201500041611,31,3,15,14,1,93,59,2,1,1,1,"7, GABRIEL PERI (AVENUE)",0.0,0.0
201500041612,2,4,15,19,1,93,59,2,2,1,6,"7, JULES CHATENAY (RUE)",0.0,0.0
201500041613,9,4,15,19,1,93,72,2,1,1,6,"33, LOUIS BORDES (RUE)",0.0,0.0
201500041614,9,4,15,19,1,93,72,2,1,1,6,"80, MAXIME GORKI (BOULEV",0.0,0.0
201500041615,22,4,15,13,1,93,59,2,1,1,6,"15, GENERAL GALLIENI (AV",0.0,0.0
201500041616,27,4,15,17,1,93,59,2,1,1,4,"59, GABRIEL PERI (AVENUE",0.0,0.0
201500041617,9,5,15,23,5,93,59,2,2,1,6,CHARLES DE GAULLE (BOULE,0.0,0.0
201500041618,22,5,15,18,1,93,72,2,1,1,6,"0, STALINGRAD (AVENUE) D",0.0,0.0
201500041619,26,5,15,4,5,93,59,2,3,1,3,"0, CHARLES DE GAULLE (BO",0.0,0.0
201500041620,10,6,15,19,1,93,72,2,2,1,6,"0, AMIENS (RUE D') N° IM",0.0,0.0
201500041621,14,6,15,1,5,93,72,2,2,1,7,"0, PIERRE DE GEYTER (RUE",0.0,0.0
201500041622,15,6,15,16,1,93,72,2,3,1,2,"0, MAXIME GORKI (BOULEVA",0.0,0.0
201500041623,29,6,15,12,1,93,72,2,1,1,2,"148, STALINGRAD (AVENUE",0.0,0.0
201500041624,21,7,15,9,1,93,59,2,3,1,6,"00, CHARLES DE GAULLE (B",0.0,0.0
201500041625,21,7,15,16,1,93,72,2,2,1,2,"86, MAXIME GORKI (BOULEV",0.0,0.0
201500041626,27,7,15,17,1,93,72,2,1,1,6,"21, STALINGRAD (AVENUE D",0.0,0.0
201500041627,31,7,15,23,5,93,72,2,1,1,3,"6 bis, MAXIME GORKI (BOU",0.0,0.0
201500041628,12,8,15,11,1,93,59,2,2,1,3,"54, CHARLES DE GAULLE (B",0.0,0.0
201500041629,20,8,15,10,2,93,72,2,1,3,7,"0, FLEURS (RUE DES) JEAN",0.0,0.0
201500041630,4,9,15,17,1,93,72,2,1,1,1,"0, GASTON MONMOUSSEAU (A",0.0,0.0
201500041631,9,9,15,12,1,93,59,2,1,1,3,"32, JEAN MERMOZ (BOULEVA",0.0,0.0
201500041632,10,9,15,6,5,93,59,2,3,1,6,"00, EMILE ZOLA (AVENUE)",0.0,0.0
201500041633,11,9,15,7,1,93,72,2,1,1,3,"0, MAXIME GORKI (BOULEVA",0.0,0.0
201500041634,11,9,15,15,1,93,59,2,2,1,3,"00, PARIS (RUE DE)",0.0,0.0
201500041635,14,9,15,17,1,93,72,2,1,2,6,"20, BEL AIR (RUE DU)",0.0,0.0
201500041636,15,9,15,16,1,93,59,2,1,1,2,"0, LAENNEC (AVENUE)",0.0,0.0
201500041637,15,9,15,18,1,93,72,2,1,1,6,"86, JULES GUESDE (AVENUE",0.0,0.0
201500041638,17,9,15,9,1,93,72,2,2,1,6,"0, MAXIME GORKI (BOULEVA",0.0,0.0
201500041639,28,9,15,17,1,93,72,2,7,1,6,"25, MAXIME GORKI (BOULEV",0.0,0.0
201500041640,1,10,15,8,1,93,59,2,1,1,6,"1, GABRIEL PERI (AVENUE)",0.0,0.0
201500041641,30,9,15,12,1,93,72,2,3,1,3,"0, MAXIME GORKI (BOULEVA",0.0,0.0
201500041642,8,10,15,9,1,93,72,2,3,1,6,"0, NELSON MANDELA (AVENU",0.0,0.0
201500041643,16,10,15,7,5,93,72,2,1,2,6,"0, STALINGRAD (AVENUE DE",0.0,0.0
201500041644,18,10,15,19,5,93,59,2,1,1,2,GENERAL GALLIENI (AVENUE,0.0,0.0
201500041645,2,11,15,12,1,93,72,2,1,1,1,"35/39, ARISTIDE BRIAND (",0.0,0.0
201500041646,2,11,15,23,5,93,72,2,3,1,3,"0, MAXIME GORKI (BOULEVA",0.0,0.0
201500041647,10,11,15,18,5,93,59,2,1,1,5,"0, LENINE (AVENUE) N°36",0.0,0.0
201500041648,11,11,15,15,1,93,59,2,1,1,6,"149, ELYSEE RECLUS (AVEN",0.0,0.0
201500041649,12,11,15,21,5,93,72,2,3,1,1,"0, MARCEL CACHIN (AVENUE",0.0,0.0
201500041650,15,11,15,17,3,93,72,2,1,1,1,"0, AMIENS (RUE D') COTE",0.0,0.0
201500041651,28,11,15,11,1,93,59,2,1,1,6,"0, JEAN MERMOZ (BOULEVAR",0.0,0.0
201500041652,5,12,15,17,1,93,72,2,3,1,3,"0, PAROUZETS (RUE DES)",0.0,0.0
201500041653,20,12,15,20,3,93,72,2,3,2,3,"0, STALINGRAD (AVENUE DE",0.0,0.0
201500041654,27,5,15,17,1,93,59,2,3,1,3,"88, JULES CHATENAY (RUE)",0.0,0.0
201500041655,23,5,15,12,1,93,59,2,2,1,3,"0, AMIENS (RUE D') N° 02",0.0,0.0
201500041656,17,7,15,22,5,93,59,2,3,1,3,", AMIENS (RUE D') N° 130",0.0,0.0
201500041657,7,1,15,23,5,93,78,2,1,9,6,DELATTRE DE TASSIGNY (AV,0.0,0.0
201500041658,9,1,15,16,1,93,78,2,1,1,2,PLAINE DE FRANCE (AVENUE,0.0,0.0
201500041659,23,1,15,16,1,93,78,2,1,1,2,"23, VAILLANT (AVENUE CHA",0.0,0.0
201500041660,29,1,15,18,3,93,78,1,1,2,6,VAUBAN (AVENUE),0.0,0.0
201500041661,31,1,15,8,1,93,78,2,1,1,6,SAUSSET (AVENUE DU),0.0,0.0
201500041662,31,1,15,15,1,93,73,2,1,2,3,PASTEUR (AVENUE),0.0,0.0
201500041663,1,2,15,3,5,93,78,2,1,3,6,"1/3, CLEMENCEAU (AVENUE",0.0,0.0
201500041664,12,2,15,22,5,93,78,2,1,1,1,BALLANGER (BD ROBERT),0.0,0.0
201500041665,17,2,15,20,5,93,73,2,1,1,3,BROSSOLETTE (RUE PIERRE),0.0,0.0
201500041666,20,2,15,15,1,93,78,2,3,3,3,LEDOUX (RUE CLAUDE NICOL,0.0,0.0
201500041667,1,3,15,1,5,93,73,2,1,2,7,", RESISTANCE (RUE DE LA)",0.0,0.0
201500041668,8,3,15,20,5,93,78,2,1,1,6,CLEMENCEAU (AVENUE GEORG,0.0,0.0
201500041669,10,3,15,15,1,93,78,2,2,1,1,LAFARGUE (RUE PAUL),0.0,0.0
201500041670,11,3,15,11,1,93,73,2,1,1,3,DEQUET (RUE LOUIS),0.0,0.0
201500041671,12,3,15,16,1,93,78,2,1,1,3,"176, BALLANGER (BD ROBER",0.0,0.0
201500041672,12,3,15,17,1,93,78,2,1,1,6,DAMBEL (AVENUE EMILE),0.0,0.0
201500041673,18,3,15,13,1,93,78,2,3,1,6,DELACROIX (RUE EUGENE),0.0,0.0
201500041674,25,3,15,6,1,93,73,2,1,2,3,PETITS PONTS (ROUTE DES),0.0,0.0
201500041675,29,3,15,19,1,93,73,2,2,2,3,"125, COLONGO (RUE PIERRE",0.0,0.0
201500041676,12,4,15,18,1,93,78,2,1,1,2,BALLANGER (BD ROBERT),0.0,0.0
201500041677,27,4,15,13,1,93,73,2,2,1,3,SARRAULT (AVENUE ALBERT),0.0,0.0
201500041678,29,4,15,16,1,93,78,2,1,1,6,BEREGOVOY (AVENUE),0.0,0.0
201500041679,30,4,15,10,1,93,78,2,6,2,6,CLEMENCEAU (AVENUE GEORG,0.0,0.0
201500041680,7,5,15,10,1,93,78,2,1,1,3,"100, COUTURIER (AVENUE P",0.0,0.0
201500041681,7,5,15,11,1,93,78,2,9,1,3,CLEMENCEAU (AVENUE GEORG,0.0,0.0
201500041682,7,5,15,12,1,93,78,2,1,1,4,"178, BALLANGER (BD ROBER",0.0,0.0
201500041683,18,5,15,16,1,93,73,2,1,1,6,VACHES (CHEMIN DES),0.0,0.0
201500041684,18,5,15,19,1,93,78,2,2,1,3,BARBES (AVENUE),0.0,0.0
201500041685,20,5,15,17,1,93,73,2,1,1,6,NATIONS (AVENUE DES),0.0,0.0
201500041686,22,5,15,8,1,93,73,2,1,1,3,VAILLANT (BOULEVARD CHAR,0.0,0.0
201500041687,26,5,15,6,1,93,78,2,1,1,3,BALLANGER (BD ROBERT),0.0,0.0
201500041688,3,6,15,17,1,93,73,2,1,1,3,RAPERIE (RUE DE LA),0.0,0.0
201500041689,5,6,15,14,1,93,73,2,9,1,4,RESISTANCE (RUE DE LA),0.0,0.0
201500041690,6,6,15,16,1,93,73,2,1,1,6,"53, VERDUN (RUE DE)",0.0,0.0
201500041691,10,6,15,9,1,93,73,2,1,1,2,"00, PETITS PONTS (ROUTE",0.0,0.0
201500041692,12,6,15,16,1,93,78,2,2,1,3,BALLANGER (BD ROBERT),0.0,0.0
201500041693,13,6,15,16,1,93,73,2,1,1,3,DE GAULLE (RUE CHARLES),0.0,0.0
201500041694,14,6,15,20,1,93,78,2,1,1,6,BALLANGER (BD ROBERT),0.0,0.0
201500041695,15,6,15,16,1,93,78,2,1,1,2,CLEMENCEAU (AVENUE GEORG,0.0,0.0
201500041696,23,6,15,23,1,93,78,2,1,1,6,"10, GARE (AVENUE DE LA)",0.0,0.0
201500041697,23,6,15,13,1,93,78,2,1,1,2,BALLANGER (BD ROBERT),0.0,0.0
201500041698,2,7,15,17,1,93,78,2,9,1,2,32 BALLANGER (BD ROBERT,0.0,0.0
201500041699,10,7,15,12,1,93,78,2,1,1,2,CHEMIN DEPARTEMENTAL,0.0,0.0
201500041700,11,7,15,8,1,93,78,2,1,1,6,SAUSSET (AVENUE DU),0.0,0.0
201500041701,17,7,15,22,5,93,78,2,1,1,3,BALLANGER (BD ROBERT),0.0,0.0
201500041702,21,7,15,17,1,93,78,2,1,1,4,"54, BALLANGER (BD ROBERT",0.0,0.0
201500041703,21,7,15,20,1,93,78,2,2,1,3,CLEMENCEAU (AVENUE GEORG,0.0,0.0
201500041704,22,7,15,14,1,93,78,2,1,1,3,CLEMENCEAU (AVENUE GEORG,0.0,0.0
201500041705,24,7,15,3,5,93,78,2,3,1,3,KENNEDY (BOULEVARD DU PR,0.0,0.0
201500041706,26,7,15,15,1,93,78,1,1,2,2,SAUSSET (AVENUE DU),0.0,0.0
201500041707,27,7,15,10,1,93,78,2,2,2,3,REPUBLIQUE (AVENUE DE LA,0.0,0.0
201500041708,30,7,15,14,1,93,73,2,1,1,3,BARBUSSE (RUE HENRI),0.0,0.0
201500041709,10,8,15,8,1,93,78,2,1,1,6,SAUSSET (AVENUE DU),0.0,0.0
201500041710,10,8,15,9,1,93,73,2,2,1,3,BERRY (RUE DE),0.0,0.0
201500041711,11,8,15,20,1,93,78,2,2,1,3,CLEMENCEAU (AVENUE GEORG,0.0,0.0
201500041712,23,8,15,9,1,93,78,2,4,1,6,LEDOUX (RUE CLAUDE NICOL,0.0,0.0
201500041713,29,8,15,22,5,93,78,2,1,1,3,BALLANGER (BD ROBERT),0.0,0.0
201500041714,30,8,15,10,1,93,78,2,3,1,6,DAMBEL (AVENUE EMILE),0.0,0.0
201500041715,3,9,15,13,1,93,78,2,2,1,6,"20, ROUX (RUE DU DOCTEUR",0.0,0.0
201500041716,5,9,15,11,1,93,78,2,1,1,3,BALLANGER (BD ROBERT),0.0,0.0
201500041717,23,9,15,10,1,93,78,2,2,1,5,PLAINE (AVENUE DE LA),0.0,0.0
201500041718,24,9,15,18,1,93,73,2,1,8,7,"133, BERGER (RUE GILBERT",0.0,0.0
201500041719,2,10,15,16,1,93,73,2,1,1,5,PETITS PONTS (ROUTE DES),0.0,0.0
201500041720,2,10,15,20,5,93,73,2,3,1,3,RESISTANCE (RUE DE LA),0.0,0.0
201500041721,3,10,15,13,1,93,73,2,1,1,6,ROISSY (ROUTE DE),0.0,0.0
201500041722,6,10,15,8,1,93,78,2,5,2,3,BALLANGER (BD ROBERT),0.0,0.0
201500041723,7,10,15,16,1,93,78,2,1,1,3,"111, BALLANGER (BD ROBER",0.0,0.0
201500041724,7,10,15,20,5,93,73,2,1,1,2,PETITS PONTS (ROUTE DES),0.0,0.0
201500041725,9,10,15,13,1,93,73,2,2,1,3,DIX NEUF MARS 62 (AVENUE,0.0,0.0
201500041726,19,10,15,17,1,93,78,2,1,1,4,CLEMENCEAU (AVENUE GEORG,0.0,0.0
201500041727,23,10,15,12,1,93,78,2,6,1,3,GARE (AVENUE DE LA),0.0,0.0
201500041728,25,10,15,12,1,93,73,2,2,1,6,PARC (AVENUE DU),0.0,0.0
201500041729,6,11,15,7,1,93,73,2,1,1,3,DE GAULLE (RUE CHARLES),0.0,0.0
201500041730,11,11,15,20,5,93,73,2,1,2,6,DEBUSSY (RUE CLAUDE),0.0,0.0
201500041731,16,11,15,20,5,93,78,2,1,2,6,"77, BALLANGER (BD ROBERT",0.0,0.0
201500041732,30,11,15,18,5,93,78,2,1,1,3,"156, BALLANGER (BD ROBER",0.0,0.0
201500041733,3,12,15,22,5,93,78,2,1,1,2,BALLANGER (BD ROBERT),0.0,0.0
201500041734,4,12,15,8,1,93,78,2,2,1,6,BALLANGER (BD ROBERT),0.0,0.0
201500041735,4,12,15,16,1,93,73,2,1,1,2,BOIS DE LA PIE (AVENUE D,0.0,0.0
201500041736,9,12,15,11,1,93,73,2,1,1,3,", BERGER (RUE GILBERT)",0.0,0.0
201500041737,19,12,15,1,5,93,73,2,1,8,6,PETITS PONTS (ROUTE DES),0.0,0.0
201500041738,23,12,15,14,1,93,78,2,1,1,5,"77, BALLANGER (BD ROBERT",0.0,0.0
201500041739,31,12,15,11,1,93,78,2,2,1,3,CLEMENCEAU (AVENUE GEORG,0.0,0.0
201500041740,11,1,15,12,1,94,2,2,1,1,6,REVOLUTION (QU DE LA),0.0,0.0
201500041741,9,1,15,16,2,94,2,2,1,1,6,"17, R DES LILAS",0.0,0.0
201500041742,2,2,15,17,5,94,2,2,3,1,6,"163 B, VAILLANT COUTURIE",0.0,0.0
201500041743,14,2,15,20,5,94,2,2,2,2,3,CAMELIAS (R DES),0.0,0.0
201500041744,13,3,15,18,1,94,2,2,1,1,6,"03, DIJON (R DE)",0.0,0.0
201500041745,21,3,15,11,1,94,2,2,3,8,3,VERDUN (R DE),0.0,0.0
201500041746,24,3,15,21,5,94,2,2,3,2,3,"146, VAILLANT COUTURIER",0.0,0.0
201500041747,25,3,15,11,1,94,2,2,3,1,2,REVOLUTION (QU DE LA),0.0,0.0
201500041748,13,4,15,15,1,94,2,2,1,7,6,"40, BLANQUI (QU)",0.0,0.0
201500041749,14,4,15,18,1,94,2,2,1,1,6,"28, GRENOBLE (R DE)",0.0,0.0
201500041750,17,4,15,18,1,94,2,2,9,1,6,GENERAL CHARLES DE GAULL,0.0,0.0
201500041751,18,4,15,18,1,94,2,2,1,1,6,"46, LOUIS BLANC (R)",0.0,0.0
201500041752,18,4,15,20,1,94,2,2,2,1,3,LOUIS BLANC (R),0.0,0.0
201500041753,24,4,15,12,1,94,2,2,4,1,6,ROME (R DE),0.0,0.0
201500041754,6,5,15,9,1,94,2,2,2,1,1,EMILE ZOLA (R),0.0,0.0
201500041755,19,5,15,22,5,94,2,2,2,8,7,VAILLANT COUTURIER (R),0.0,0.0
201500041756,24,5,15,11,1,94,2,2,1,1,6,JULES CUILLERIER (R),0.0,0.0
201500041757,25,5,15,5,5,94,2,2,3,2,3,"101,QU BLANQUI/LILAS",0.0,0.0
201500041758,28,5,15,19,1,94,2,2,1,1,6,"1, GENEVE (R DE)",0.0,0.0
201500041759,1,6,15,18,1,94,2,2,1,1,6,ETIENNE DOLET (R),0.0,0.0
201500041760,18,6,15,8,1,94,2,2,1,1,6,"94, ETIENNE DOLET (R)",0.0,0.0
201500041761,22,6,15,13,1,94,2,2,1,1,6,"3, GENEVE (R DE)",0.0,0.0
201500041762,25,6,15,20,1,94,2,2,3,1,6,REVOLUTION (QU DE LA),0.0,0.0
201500041763,1,7,15,10,1,94,2,2,1,1,2,"11, PASTEUR (R)",0.0,0.0
201500041764,6,7,15,18,1,94,2,2,2,1,2,EMILE ZOLA (R),0.0,0.0
201500041765,6,7,15,18,1,94,2,2,2,1,3,"5, VAILLANT COUTURIER (R",0.0,0.0
201500041766,8,7,15,1,5,94,2,2,1,1,7,VICTOR HUGO (R),0.0,0.0
201500041767,13,7,15,16,1,94,2,2,3,1,3,BLANQUI (QU),0.0,0.0
201500041768,17,7,15,14,1,94,2,2,2,7,3,"37, CAMELIAS (R DES)",0.0,0.0
201500041769,24,7,15,15,1,94,2,2,1,1,6,SEINE (R DE),0.0,0.0
201500041770,30,7,15,22,5,94,2,2,1,1,2,"70, BLANQUI (QU)",0.0,0.0
201500041771,2,8,15,7,1,94,2,2,1,1,6,"9, VAILLANT COUTURIER (R",0.0,0.0
201500041772,7,8,15,8,1,94,2,2,2,7,3,VAILLANT COUTURIER (R),0.0,0.0
201500041773,11,8,15,22,5,94,2,2,2,1,3,CAMELIAS (R DES),0.0,0.0
201500041774,24,8,15,22,5,94,2,2,1,2,6,"40, BLANQUI (QU)",0.0,0.0
201500041775,28,8,15,12,1,94,2,2,1,1,6,"Face au 28, VERON (R)",0.0,0.0
201500041776,30,8,15,15,1,94,2,2,2,1,3,VAILLANT COUTURIER (R),0.0,0.0
201500041777,30,8,15,21,5,94,2,2,2,1,3,CARNOT (BD),0.0,0.0
201500041778,3,9,15,13,1,94,2,2,2,1,3,BLANQUI (QU),0.0,0.0
201500041779,17,9,15,9,1,94,2,2,2,1,6,"89, VAILLANT COUTURIER (",0.0,0.0
201500041780,21,9,15,18,1,94,2,2,1,1,6,"43, EMILE ZOLA (R)",0.0,0.0
201500041781,29,9,15,9,1,94,2,2,3,1,6,"27, VICTOR HUGO (R)",0.0,0.0
201500041782,30,9,15,16,1,94,2,2,1,1,3,"07, REVOLUTION (QU DE LA",0.0,0.0
201500041783,2,10,15,13,1,94,2,2,1,1,3,"7, REVOLUTION (QU DE LA)",0.0,0.0
201500041784,3,10,15,12,1,94,2,2,2,1,6,", GENERAL CHARLES DE GAU",0.0,0.0
201500041785,8,10,15,16,1,94,2,2,1,1,6,VAILLANT COUTURIER (R),0.0,0.0
201500041786,8,10,15,17,1,94,2,2,7,1,6,ETIENNE DOLET (R),0.0,0.0
201500041787,15,10,15,7,5,94,2,2,1,2,2,GENERAL CHARLES DE GAULL,0.0,0.0
201500041788,22,10,15,10,1,94,2,2,3,2,3,JEAN BAPTISTE CLEMENT (Q,0.0,0.0
201500041789,24,10,15,10,1,94,2,2,2,1,5,EMILE ZOLA (R),0.0,0.0
201500041790,3,11,15,7,1,94,2,2,2,1,3,EMILE ZOLA (R),0.0,0.0
201500041791,12,11,15,6,2,94,2,2,1,8,2,BLANQUI (QU),0.0,0.0
201500041792,18,11,15,0,5,94,2,2,1,1,6,", REVOLUTION (QU DE LA)",0.0,0.0
201500041793,19,11,15,15,1,94,2,2,1,2,2,"177, VAILLANT COUTURIER",0.0,0.0
201500041794,25,11,15,4,5,94,2,2,2,3,3,EMILE ZOLA (R),0.0,0.0
201500041795,26,11,15,8,1,94,2,2,1,1,6,"10, CARNOT (BD)",0.0,0.0
201500041796,11,12,15,23,5,94,2,2,3,1,3,VAILLANT COUTURIER (R),0.0,0.0
201500041797,17,12,15,19,5,94,2,2,1,1,3,GENERAL CHARLES DE GAULL,0.0,0.0
201500041798,30,12,15,6,5,94,2,2,1,1,1,REVOLUTION (QU DE LA),0.0,0.0
201500041799,2,10,15,10,1,94,47,2,1,1,6,PAUL DOUMER (R),0.0,0.0
201500041800,2,10,15,16,1,94,47,2,2,1,6,"1, FRANCOIS COPPEE (R)",0.0,0.0
201500041801,4,10,15,10,1,94,4,2,1,1,6,"., EGLISE (R DE L)",0.0,0.0
201500041802,6,10,15,7,5,94,44,2,2,3,1,VERDUN (AV DE),0.0,0.0
201500041803,6,10,15,15,1,94,71,2,3,1,6,"03, PONT DE CHENNEVIERES",0.0,0.0
201500041804,9,10,15,9,1,94,44,2,1,1,2,"38, GABRIEL PERI (AV)",0.0,0.0
201500041805,9,10,15,15,1,94,71,2,1,1,6,"7 TER, GEORGES POMPIDOU",0.0,0.0
201500041806,12,10,15,16,1,94,4,2,2,1,3,PARKING CCR BOISSY 2,48.753,2.50229
201500041807,19,10,15,6,4,94,75,2,3,1,2,TASSIGNY/DAGORNO,48.7275,2.53101
201500041808,23,10,15,21,5,94,4,2,4,1,3,LECLERC/CHIROL,48.7516,2.50682
201500041809,29,10,15,21,5,94,75,2,3,1,1,TASSIGNY/FOREAU,48.7274,2.53584
201500041810,11,1,15,12,1,94,71,2,2,1,6,QUEUE EN BRIE (RTE DE LA,0.0,0.0
201500041811,1,11,15,2,5,94,48,2,1,1,6,"33, BRUYERES (AV DES)",0.0,0.0
201500041812,2,11,15,11,1,94,4,2,1,1,6,PL DE LA GARE,48.7528,2.50538
201500041813,11,3,15,8,1,94,71,2,3,1,3,"00, TILLEUL (R DU)",0.0,0.0