Num_Acc,jour,mois,an,hr,condition_eclairage,departement,commune,condition_agglomeration,intersection,condition_atmosphere,type_collision,adresse,lattitude,longitude
201500041814,4,11,15,7,1,94,71,2,9,1,2,"10, VILLENEUVE (R DE)",0.0,0.0
201500041815,5,1,15,12,1,94,44,2,6,8,6,VERDUN (AV DE),0.0,0.0
201500041816,7,1,15,8,1,94,71,2,6,5,7,WINSTON CHURCHILL (R),0.0,0.0
201500041817,6,11,15,22,5,94,71,2,3,1,3,"., GARE (PL DE LA)",0.0,0.0
201500041818,9,11,15,9,1,94,71,2,1,1,3,"98, GENERAL LECLERC (R D",0.0,0.0
201500041819,9,11,15,8,1,94,71,2,1,1,3,"62, GRAND VAL (R DU)",0.0,0.0
201500041820,13,1,15,15,1,94,75,2,3,2,2,TASSIGNY/GRANGE,48.7344,2.52044
201500041821,16,1,15,19,5,94,71,2,2,2,3,"3 ter, BREVANNES (R DE)",0.0,0.0
201500041822,20,11,15,12,1,94,75,2,1,3,6,"91, LATTRE DE TASSIGNY",48.7331,2.52151
201500041823,20,1,15,20,3,94,4,1,1,4,6,AV DU GENERAL LECLERC,48.7555,2.50504
201500041824,21,11,15,21,5,94,71,2,3,1,6,"00, VILLENEUVE (R DE)",0.0,0.0
201500041825,23,11,15,13,1,94,75,2,2,1,3,"13, HENRI DUNANT (R)",0.0,0.0
201500041826,23,11,15,18,5,94,44,2,3,1,3,EUGENE VARLIN (R),0.0,0.0
201500041827,24,11,15,18,5,94,71,2,1,3,6,"22, VILLENEUVE (R DE)",0.0,0.0
201500041828,26,11,15,6,3,94,4,1,2,1,3,LECLERC/REVILLON,48.7448,2.51175
201500041829,27,11,15,6,5,94,71,2,4,1,3,GENERAL LECLERC (R DU),0.0,0.0
201500041830,29,1,15,7,2,94,4,2,6,8,6,BREVANNES/DE GAULLE,0.0,0.0
201500041831,29,1,15,8,1,94,71,2,1,2,3,"3, PONT DE CHENNEVIERES",0.0,0.0
201500041832,29,1,15,19,3,94,48,1,2,2,6,RN19/GROSBOIS,48.7275,2.53934
201500041833,30,11,15,7,1,94,75,2,3,1,2,TASSIGNY/FOREAU,48.7274,2.53584
201500041834,2,12,15,10,1,94,71,2,1,1,6,PIERRE SEMARD (R),0.0,0.0
201500041835,3,12,15,20,5,94,4,2,1,1,2,AV DU GENERAL LECLERC,48.7608,2.49724
201500041836,4,12,15,19,5,94,4,2,1,1,6,"7, CHARLES DE GAULLE (AV",0.0,0.0
201500041837,5,12,15,11,1,94,44,2,1,1,2,"FACE 16, GABRIEL PERI (A",0.0,0.0
201500041838,22,5,15,18,1,94,71,2,1,1,7,"19, VLAMINCK (ALL)",0.0,0.0
201500041839,22,6,15,18,1,94,4,1,1,3,6,AV DU GENERAL LECLERC,48.7561,2.50472
201500041840,8,12,15,20,5,94,75,2,1,1,3,"16, MANDRES (R DE)",0.0,0.0
201500041841,9,12,15,12,1,94,44,2,3,1,1,AUVERGNE (R D),0.0,0.0
201500041842,21,1,15,17,5,94,44,2,1,1,6,"22, VERDUN (AV DE)",0.0,0.0
201500041843,12,2,15,9,1,94,4,2,6,1,6,"00, TILLEULS (PL DES)",0.0,0.0
201500041844,12,2,15,18,2,94,4,2,1,1,6,PL DE LA GARE,48.7529,2.50542
201500041845,14,2,15,15,1,94,44,2,1,2,3,"38, ALBERT GARRY (R)",0.0,0.0
201500041846,14,12,15,9,5,94,4,2,1,1,3,"03, PARIS (R DE)",0.0,0.0
201500041847,15,2,15,20,5,94,75,2,1,1,2,"1, TOURNELLE (R DE LA)",0.0,0.0
201500041848,15,12,15,21,5,94,4,2,2,2,3,"2, STANISLAS REVILLON (R",0.0,0.0
201500041849,16,12,15,12,1,94,71,2,1,8,6,"20, MAURICE BERTEAUX (R)",0.0,0.0
201500041850,19,12,15,22,5,94,44,2,3,1,6,DESCARTES (AV),0.0,0.0
201500041851,16,12,15,17,5,94,71,2,1,1,7,"39, PARIS (R DE)",0.0,0.0
201500041852,19,2,15,8,1,94,4,2,3,9,7,LECLERC/FFI,48.7544,2.506
201500041853,27,2,15,9,1,94,70,2,3,1,6,RTE DE PARIS,48.7204,2.56534
201500041854,3,1,15,18,2,94,4,2,3,2,3,LECLERC/FFI,48.7544,2.506
201500041855,3,3,15,13,1,94,71,2,3,1,3,BOISSY (R DE),0.0,0.0
201500041856,3,3,15,18,5,94,4,2,2,8,2,LECLERC/POMPIDOU,48.7448,2.51175
201500041857,6,3,15,8,1,94,4,2,1,1,2,"0, FFI (ALL DES)",0.0,0.0
201500041858,7,3,15,14,1,94,44,2,1,1,2,VALENTON (AV DE),0.0,0.0
201500041859,13,8,15,13,1,94,4,2,1,8,6,AV DU GENERAL LECLERC,48.7532,2.50657
201500041860,3,10,15,20,5,94,75,2,1,1,2,"79,DE LATTRE DE TASSIGNY",48.7301,2.52596
201500041861,3,11,15,15,1,94,44,2,1,1,3,"00, VALENTON (AV DE)",0.0,0.0
201500041862,14,3,15,10,1,94,44,2,2,1,6,JEAN MONNET (R),0.0,0.0
201500041863,16,3,15,8,1,94,4,2,9,1,6,"6, LEON REVILLON (BD)",0.0,0.0
201500041864,16,3,15,16,1,94,44,2,1,1,6,GABRIEL PERI (AV),0.0,0.0
201500041865,21,3,15,6,5,94,71,2,3,1,3,"00, BONNEUIL (AV DE)",0.0,0.0
201500041866,23,3,15,14,1,94,4,2,3,1,1,LECLERC/FFI,48.7544,2.506
201500041867,24,3,15,19,5,94,44,2,1,2,6,"1, GABRIEL PERI (AV)",0.0,0.0
201500041868,25,3,15,20,5,94,44,2,1,8,3,"36, GABRIEL PERI (AV)",0.0,0.0
201500041869,27,3,15,10,1,94,71,2,4,1,3,"0, GABRIEL PERI (AV)",0.0,0.0
201500041870,29,3,15,4,5,94,71,2,1,1,6,"31, NOISEAU (R DE)",0.0,0.0
201500041871,1,4,15,14,1,94,4,2,1,1,3,"03, CHARLES DE GAULLE (A",0.0,0.0
201500041872,24,2,15,14,1,94,47,2,1,1,6,"10, PAUL DOUMER (R)",0.0,0.0
201500041873,3,4,15,0,3,94,48,1,1,1,6,BRUYERES (AV DES),0.0,0.0
201500041874,3,4,15,18,1,94,75,2,3,2,3,"35, STATION (R DE LA)",0.0,0.0
201500041875,8,4,15,21,5,94,71,2,1,1,7,"39, PARIS (R DE)",0.0,0.0
201500041876,10,4,15,18,1,94,44,2,1,1,3,"0, DESCARTES (AV)",0.0,0.0
201500041877,4,11,15,18,5,94,71,2,1,1,6,"15, CHARLES DE GAULLE (R",0.0,0.0
201500041878,12,4,15,8,1,94,4,2,1,5,6,"39, LOUIS WALLE (AV)",0.0,0.0
201500041879,13,4,15,12,1,94,4,2,3,1,3,GEORGES BRASSENS (AV),0.0,0.0
201500041880,14,4,15,4,5,94,75,2,3,1,1,TASSIGNY/DAGORNO,48.7275,2.53101
201500041881,18,4,15,16,1,94,71,2,6,1,6,CHARLES DE GAULLE (R),0.0,0.0
201500041882,20,4,15,10,1,94,71,2,1,1,3,"39, PARIS (R DE)",0.0,0.0
201500041883,26,4,15,17,1,94,71,1,1,8,3,ALBERT SARRAULT (AV),0.0,0.0
201500041884,26,4,15,21,1,94,4,1,1,2,6,FFI (ALL DES),0.0,0.0
201500041885,26,4,15,4,5,94,71,2,1,1,6,"84, BOISSY (R DE)",0.0,0.0
201500041886,30,4,15,15,1,94,47,2,9,3,7,PAUL DOUMER (R),0.0,0.0
201500041887,3,5,15,14,1,94,75,2,4,2,2,GRANGE (RTE DE LA),0.0,0.0
201500041888,5,5,15,17,1,94,75,2,8,1,6,"27, CERCAY (R DE)",0.0,0.0
201500041889,10,5,15,2,5,94,75,2,4,1,7,"67bis, ETOILE (R DE L)",0.0,0.0
201500041890,25,11,15,8,1,94,4,1,1,8,2,AV DU GENERAL LECLERC,48.7525,2.50659
201500041891,12,5,15,8,1,94,71,2,3,1,2,MAROLLES (R DE),0.0,0.0
201500041892,12,5,15,19,1,94,71,2,1,1,6,"15, LUDOVIC HALEVY (R)",0.0,0.0
201500041893,17,5,15,16,1,94,75,2,3,1,7,TASSIGNY/,48.7275,2.53101
201500041894,19,5,15,8,1,94,47,2,1,1,6,FRANCOIS COPPEE (R),0.0,0.0
201500041895,19,5,15,21,2,94,71,2,3,2,1,"19, GENERAL LECLERC (R D",0.0,0.0
201500041896,24,5,15,21,5,94,56,2,1,1,3,R DE BRIE,0.0,0.0
201500041897,27,5,15,9,1,94,4,1,2,1,3,LECLERC/REVILLON,48.7448,2.51175
201500041898,28,5,15,13,1,94,4,2,1,1,1,"4bis, PARIS (R DE)",0.0,0.0
201500041899,29,5,15,17,1,94,75,2,3,1,6,"64, LIEUTENANT DAGORNO (",0.0,0.0
201500041900,31,5,15,17,1,94,4,2,1,2,7,"27, HENRI LEGROS (R)",0.0,0.0
201500041901,1,6,15,14,1,94,75,2,1,1,2,"9, DE LATTRE DE TASSIGNY",48.7274,2.53524
201500041902,6,2,15,18,5,94,75,2,1,1,6,"2, JUBENNES (R DES)",0.0,0.0
201500041903,4,6,15,9,1,94,4,2,1,1,6,FFI (ALL DES),0.0,0.0
201500041904,4,6,15,18,1,94,75,2,1,1,1,"5, JEAN MOULIN (R)",0.0,0.0
201500041905,5,6,15,8,1,94,44,2,1,1,3,"13, GABRIEL PERI (AV)",0.0,0.0
201500041906,8,6,15,13,1,94,44,2,1,1,3,DIVISION LECLERC (AV DE,0.0,0.0
201500041907,26,9,15,15,1,94,75,2,3,1,3,TASSIGNY/TASSIGNY,48.7275,2.53101
201500041908,16,10,15,8,1,94,75,2,3,2,3,"., YERRES (R D)",0.0,0.0
201500041909,10,6,15,16,1,94,4,2,3,1,3,LECLERC/CHIROL,48.7516,2.50682
201500041910,25,11,15,12,1,94,44,2,1,8,6,"18, LOUISE CHENU (R)",0.0,0.0
201500041911,21,6,15,13,1,94,4,2,1,1,6,"14, CHARLES DE GAULLE (A",0.0,0.0
201500041912,16,6,15,19,1,94,44,2,1,9,3,DESCARTES (AV),0.0,0.0
201500041913,17,6,15,11,1,94,56,2,1,1,6,BRIE COMTE ROBERT (RTE D,0.0,0.0
201500041914,23,6,15,19,1,94,44,2,1,1,6,JEAN MONNET (R),0.0,0.0
201500041915,25,6,15,19,1,94,44,2,1,7,6,"16, ROGER SALENGRO (R)",0.0,0.0
201500041916,28,6,15,2,4,94,48,2,1,1,6,UZELLES (AV DES),0.0,0.0
201500041917,7,3,15,10,1,94,71,2,1,1,6,PARIS (R DE),0.0,0.0
201500041918,27,5,15,16,1,94,44,2,1,1,6,VALENTON (AV DE),0.0,0.0
201500041919,7,7,15,13,1,94,44,2,1,8,5,AV DU GENERAL LECLERC,48.7459,2.51086
201500041920,10,3,15,17,1,94,44,2,6,1,7,VALENTON (AV DE),0.0,0.0
201500041921,10,7,15,7,1,94,4,2,3,8,2,VALENTON/PROCESSION,0.0,0.0
201500041922,14,7,15,20,1,94,71,2,1,1,2,PIPLE (AV DU),0.0,0.0
201500041923,16,7,15,12,1,94,71,2,3,7,3,"103, BOISSY (R DE)",0.0,0.0
201500041924,19,7,15,15,1,94,71,2,3,1,4,"75, GENERAL LECLERC (R D",0.0,0.0
201500041925,20,7,15,8,1,94,75,2,3,8,4,"., GRANGE (RTE DE LA)",0.0,0.0
201500041926,21,7,15,20,1,94,71,2,6,1,1,"00, LESIGNY (RTE DE)",0.0,0.0
201500041927,24,7,15,21,2,94,47,2,1,1,2,"117, VERDUN (R DE)",0.0,0.0
201500041928,2,8,15,15,1,94,71,2,3,1,3,BOISSY (R DE),0.0,0.0
201500041929,3,8,15,15,1,94,71,2,1,7,3,"78bis, GENERAL LECLERC (",0.0,0.0
201500041930,7,8,15,12,1,94,4,2,6,1,1,SUCY (R DE),0.0,0.0
201500041931,7,8,15,18,1,94,4,2,1,8,5,AV DU GENERAL LECLERC,48.7503,2.5077
201500041932,28,8,15,11,1,94,71,2,1,1,6,"02, BONNEUIL (AV DE)",0.0,0.0
201500041933,11,8,15,16,1,94,71,2,1,1,6,"5, GARE (PL DE LA)",0.0,0.0
201500041934,12,8,15,6,1,94,44,2,1,1,4,EUGENE VARLIN (R),0.0,0.0
201500041935,13,8,15,19,1,94,4,1,1,2,6,FFI (ALL DES),0.0,0.0
201500041936,26,8,15,18,1,94,71,2,3,8,2,MARAIS (CHE DES),0.0,0.0
201500041937,26,8,15,19,1,94,71,2,3,8,3,MAURICE BERTEAUX (R),0.0,0.0
201500041938,21,11,15,4,5,94,4,2,1,2,7,CHARLES DE GAULLE (AV),0.0,0.0
201500041939,17,12,15,11,1,94,4,2,1,1,6,"24, AV DU GENERAL LECLER",48.7505,2.50761
201500041940,19,1,15,15,1,94,4,2,1,1,6,PL DES TILLEULS,0.0,0.0
201500041941,1,9,15,16,1,94,44,2,1,1,6,"2, DEUX CLOCHERS (AV DES",0.0,0.0
201500041942,2,9,15,8,1,94,71,2,1,1,5,VERT (CHE),0.0,0.0
201500041943,10,9,15,15,1,94,4,2,1,1,2,AV DU GENERAL LECLERC,48.758,2.50366
201500041944,12,9,15,20,5,94,75,2,1,2,6,"12, MANDRES (R DE)",0.0,0.0
201500041945,9,12,15,15,1,94,75,2,1,1,5,GENERAL LECLERC (R DU),0.0,0.0
201500041946,16,9,15,12,1,94,75,2,3,3,2,TASSIGNY/GRANGE,48.7344,2.52044
201500041947,17,9,15,14,1,94,4,2,3,1,3,LECLERC/DE GAULLE,48.7551,2.50528
201500041948,18,9,15,16,1,94,71,2,1,3,6,"., GRAND VAL (R DU)",0.0,0.0
201500041949,19,9,15,16,1,94,71,2,2,1,3,ROOSEVELT/LIBERTE,0.0,0.0
201500041950,22,9,15,9,1,94,75,2,2,2,3,"., GARENNE (R DE LA)",0.0,0.0
201500041951,22,9,15,18,1,94,4,2,1,8,6,AV DU GENERAL LECLERC,48.7531,2.50657
201500041952,26,9,15,10,1,94,44,2,1,1,6,"63, VALENTON (AV DE)",0.0,0.0
201500041953,27,9,15,14,1,94,4,2,3,1,3,"00, 8 MAI 1945 (AV DU)",0.0,0.0
201500041954,28,9,15,16,1,94,44,2,1,1,3,"8 bis, VERDUN (AV DE)",0.0,0.0
201500041955,30,9,15,0,5,94,47,2,1,1,6,"109, VERDUN (R DE)",0.0,0.0
201500041956,30,9,15,12,1,94,75,2,3,1,2,TASSIGNY/GRANGE,48.7344,2.52044
201500041957,2,1,15,19,4,94,17,2,2,1,3,PLESSIS TREVISE (R DU),0.0,0.0
201500041958,9,1,15,8,1,94,17,2,3,2,1,BUISSON (CHE DU),0.0,0.0
201500041959,9,1,15,17,1,94,17,2,1,1,1,ALEXANDRE FOURNY (R),0.0,0.0
201500041960,11,1,15,15,1,94,17,2,1,1,1,PAUL LAFARGUE (AV),0.0,0.0
201500041961,11,1,15,19,4,94,17,2,1,1,3,"79, GENERAL DE GAULLE (A",0.0,0.0
201500041962,14,1,15,13,1,94,17,2,1,2,1,"52-54, MUSSELBURGH (R DE",0.0,0.0
201500041963,17,1,15,11,1,94,17,2,2,1,7,GENERAL DE GAULLE (AV DU,0.0,0.0
201500041964,20,1,15,14,1,94,17,2,1,1,2,"104, REPUBLIQUE (AV DE L",0.0,0.0
201500041965,21,1,15,22,5,94,17,2,1,1,3,"11, GENERAL DE GAULLE (A",0.0,0.0
201500041966,22,1,15,7,2,94,17,2,2,1,3,MAURICE THOREZ (AV),0.0,0.0
201500041967,26,1,15,14,1,94,17,2,3,1,1,"236, MAURICE THOREZ (AV)",0.0,0.0
201500041968,27,1,15,9,1,94,17,2,1,1,6,LOUIS TALAMONI (R),0.0,0.0
201500041969,29,1,15,9,1,94,17,2,1,1,6,"12, ALBERT THOMAS - PONT",0.0,0.0
201500041970,31,1,15,9,1,94,17,2,1,1,6,STALINGRAD (BD DE),0.0,0.0
201500041971,1,2,15,15,1,94,17,2,2,1,3,"1, ROGER SALENGRO (AV)",0.0,0.0
201500041972,2,2,15,7,5,94,17,2,2,4,6,ALEXANDRE FOURNY (R),0.0,0.0
201500041973,2,2,15,8,2,94,17,2,1,1,6,BOILEAU (AV),0.0,0.0
201500041974,2,2,15,12,1,94,17,2,1,1,3,"010, JULIETTE DE WILLS (",0.0,0.0
201500041975,3,2,15,8,1,94,17,2,3,1,6,MARX DORMOY (AV),0.0,0.0
201500041976,4,2,15,7,1,94,17,2,6,1,2,HENRI-MARIE LE BOURSICAU,0.0,0.0
201500041977,11,2,15,19,5,94,17,2,3,1,1,ROGER SALENGRO (AV),0.0,0.0
201500041978,15,2,15,1,5,94,17,2,1,1,1,HENRI-MARIE LE BOURSICAU,0.0,0.0
201500041979,17,2,15,1,5,94,17,2,1,1,6,BOILEAU (AV),0.0,0.0
201500041980,24,2,15,7,1,94,17,2,1,1,3,"139, GENERAL LECLERC (AV",0.0,0.0
201500041981,27,2,15,20,5,94,17,2,1,1,6,"20, REPUBLIQUE (AV DE LA",0.0,0.0
201500041982,5,3,15,8,1,94,17,2,1,1,6,SALVADOR ALLENDE (AV),0.0,0.0
201500041983,5,3,15,9,1,94,17,2,3,1,3,GENERAL DE GAULLE (AV DU,0.0,0.0
201500041984,5,3,15,12,1,94,17,2,1,1,3,ARISTIDE BRIAND (R),0.0,0.0
201500041985,6,3,15,17,1,94,17,2,1,1,2,"297, GENERAL DE GAULLE (",0.0,0.0
201500041986,7,3,15,11,1,94,17,2,3,1,1,MARX DORMOY (AV),0.0,0.0
201500041987,8,3,15,8,1,94,17,2,1,1,6,"161, STALINGRAD (BD DE)",0.0,0.0
201500041988,8,3,15,11,1,94,17,2,1,1,2,BERNAU (R DE),0.0,0.0
201500041989,11,3,15,15,1,94,17,2,1,1,2,"157, GENERAL DE GAULLE (",0.0,0.0
201500041990,12,3,15,18,1,94,17,2,1,1,6,BERNAU (R DE),0.0,0.0
201500041991,18,3,15,11,1,94,17,2,2,1,3,EDMOND (AV),0.0,0.0
201500041992,23,3,15,8,1,94,17,2,1,1,2,"32, ALEXANDRE FOURNY (R)",0.0,0.0
201500041993,24,3,15,20,5,94,17,2,1,2,6,"10, STALINGRAD (BD DE)",0.0,0.0
201500041994,26,3,15,11,1,94,17,2,5,2,3,GENERAL DE GAULLE (AV DU,0.0,0.0
201500041995,3,4,15,10,1,94,17,2,2,1,1,"12, ILE D AMOUR (AV DE L",0.0,0.0
201500041996,4,4,15,12,1,94,17,2,1,1,6,"45, JEAN JAURES (R)",0.0,0.0
201500041997,11,4,15,15,1,94,17,2,2,1,1,", AVENIR (R DE L)",0.0,0.0
201500041998,13,4,15,14,1,94,17,2,1,1,6,ROGER SALENGRO (AV),0.0,0.0
201500041999,16,4,15,10,1,94,17,2,1,1,6,"20, ALBERT THOMAS (R)",0.0,0.0
201500042000,22,4,15,10,1,94,17,2,2,1,6,MAURICE THOREZ (AV),0.0,0.0
201500042001,27,4,15,16,1,94,17,2,2,1,3,MARX DORMOY (AV),0.0,0.0
201500042002,27,4,15,18,1,94,17,2,1,1,6,"3, SAVOIE (R DE)",0.0,0.0
201500042003,27,4,15,22,5,94,17,2,2,1,3,ALBERT THOMAS (R),0.0,0.0
201500042004,30,4,15,11,1,94,17,2,6,3,3,"1, BOIS L ABBE (R DU)",0.0,0.0
201500042005,1,5,15,13,1,94,17,2,3,1,6,MAURICE THOREZ (AV),0.0,0.0
201500042006,1,5,15,16,1,94,17,2,1,2,2,ALFRED GREVIN (R),0.0,0.0
201500042007,1,5,15,19,1,94,17,2,1,2,6,"235/237, CHARLES DE GAUL",0.0,0.0
201500042008,2,5,15,22,5,94,17,2,1,1,2,"51, GENERAL DE GAULLE (A",0.0,0.0
201500042009,2,5,15,22,5,94,17,2,1,2,6,"104, REPUBLIQUE (AV DE L",0.0,0.0
201500042010,4,5,15,12,1,94,17,2,1,1,2,"2, ALEXANDRE FOURNY (R)",0.0,0.0
201500042011,6,5,15,15,1,94,17,2,1,1,6,CHARLES DE GAULLE (VLA),0.0,0.0
201500042012,8,5,15,22,4,94,17,2,2,1,3,DANIELLE CASANOVA (R),0.0,0.0
201500042013,9,5,15,18,1,94,17,2,1,1,6,"12, JACQUES COPEAU (AV)",0.0,0.0
201500042014,11,5,15,8,1,94,17,2,2,1,6,"1, PARC (AV DU)",0.0,0.0
201500042015,18,5,15,6,2,94,17,2,1,1,6,"102, GENERAL DE GAULLE (",0.0,0.0
201500042016,22,5,15,15,1,94,17,2,1,1,4,"156, ALEXANDRE FOURNY (R",0.0,0.0
201500042017,26,5,15,22,5,94,17,2,1,1,3,"71, ROGER SALENGRO (AV)",0.0,0.0
201500042018,27,5,15,13,1,94,17,2,2,1,3,FELIX FAURE (R),0.0,0.0
201500042019,29,5,15,12,1,94,17,2,1,1,6,"35, LOUIS TALAMONI (R)",0.0,0.0
201500042020,3,6,15,17,1,94,17,2,2,1,4,PLESSIS TREVISE (R DU),0.0,0.0
201500042021,5,6,15,10,1,94,17,2,1,1,6,"1, STALINGRAD (BD DE)",0.0,0.0
201500042022,5,6,15,13,1,94,17,2,2,1,3,PONT NOGENT/STALINGRAD,48.8298,2.49321
201500042023,11,6,15,9,1,94,17,2,2,1,2,MOQUET/FOURNY,0.0,0.0
201500042024,13,6,15,14,1,94,17,2,1,1,6,"18, AV DE COEUILLY",0.0,0.0
201500042025,13,6,15,19,5,94,17,2,1,1,5,"1, François Mittérrand (",0.0,0.0
201500042026,13,6,15,23,5,94,17,2,1,1,6,"382, HENRI BARBUSSE (R)",0.0,0.0
201500042027,16,6,15,19,1,94,17,2,1,1,6,"12, JACQUES COPEAU (AV)",0.0,0.0
201500042028,18,6,15,7,1,94,17,2,1,1,1,"145, GALLIENI (QU)",0.0,0.0
201500042029,15,6,15,8,1,94,17,2,1,1,2,"150, STALINGRAD (BD DE)",0.0,0.0
201500042030,27,6,15,18,1,94,17,2,1,1,3,"97, GENERAL DE GAULLE (A",0.0,0.0
201500042031,28,6,15,18,1,94,17,2,1,1,6,ONZE NOVEMBRE 1918 (AV D,0.0,0.0
201500042032,4,7,15,19,1,94,17,2,1,1,5,"247, CHARLES DE GAULLE (",0.0,0.0
201500042033,6,7,15,6,1,94,17,2,2,1,3,"01, GENERAL DE GAULLE (A",0.0,0.0
201500042034,9,7,15,12,1,94,17,2,2,1,3,LIEUTENANT ANDRE OHRESSE,0.0,0.0
201500042035,10,7,15,12,1,94,17,2,2,1,6,DUPERTUIS (R),0.0,0.0
201500042036,15,7,15,17,1,94,17,2,2,1,3,MARCHE (R DU),0.0,0.0
201500042037,16,7,15,18,1,94,17,2,9,1,2,"100, JACK GOUREVITCH (AV",0.0,0.0
201500042038,21,7,15,18,1,94,17,2,1,1,3,PIERRE BROSSOLETTE (AV),0.0,0.0
201500042039,23,7,15,20,1,94,17,2,1,1,5,"247, GENERAL DE GAULLE (",0.0,0.0
201500042040,24,7,15,9,1,94,17,2,1,1,6,"80, ROGER SALENGRO (AV)",0.0,0.0
201500042041,25,7,15,14,1,94,17,2,1,1,2,"52, JEAN JAURES (R)",0.0,0.0
201500042042,25,7,15,19,2,94,17,2,2,1,3,ALEXANDRE FOURNY (R),0.0,0.0
201500042043,30,7,15,7,1,94,17,2,2,1,3,"01, ROGER SALENGRO (AV)",0.0,0.0
201500042044,1,8,15,20,1,94,17,2,2,1,3,PIERRE MARIE DERRIEN (R),0.0,0.0
201500042045,3,8,15,8,1,94,17,2,6,1,6,"231, ROGER SALENGRO (AV)",0.0,0.0
201500042046,5,8,15,15,1,94,17,2,1,1,3,ROGER SALENGRO (AV),0.0,0.0
201500042047,14,8,15,13,1,94,17,2,1,1,3,"50, ROGER SALENGRO (AV)",0.0,0.0
201500042048,22,8,15,14,1,94,17,2,1,1,1,"176, GENERAL DE GAULLE (",0.0,0.0
201500042049,22,8,15,18,1,94,17,2,2,1,3,"01, GENERAL DE GAULLE (A",0.0,0.0
201500042050,7,9,15,16,1,94,17,2,1,1,6,"90, ROGER SALENGRO (AV)",0.0,0.0
201500042051,16,9,15,8,1,94,17,2,1,1,1,", EUGENE VARLIN (R)",0.0,0.0
201500042052,17,9,15,12,1,94,17,2,1,1,6,"120, STALINGRAD (BD DE)",0.0,0.0
201500042053,18,9,15,20,1,94,17,2,1,2,3,"1, STALINGRAD (BD DE)",0.0,0.0
201500042054,22,9,15,13,1,94,17,2,1,3,6,DIDEROT (R),0.0,0.0
201500042055,25,9,15,12,1,94,17,2,1,1,3,COEUILLY (AV DE),0.0,0.0
201500042056,29,9,15,17,1,94,17,2,1,1,6,"32, LOUIS TALAMONI (R)",0.0,0.0
201500042057,29,9,15,20,5,94,17,2,1,1,4,STALINGRAD (BD DE),0.0,0.0
201500042058,1,10,15,18,2,94,17,2,1,1,3,PIPEE (R DE LA),0.0,0.0
201500042059,2,10,15,18,5,94,17,2,1,1,6,"139, ALEXANDRE FOURNY (R",0.0,0.0
201500042060,6,10,15,8,1,94,17,2,1,2,3,"45, LOUIS TALAMONI (R)",0.0,0.0
201500042061,7,10,15,13,1,94,17,2,1,1,3,"39, STALINGRAD (BD DE)",0.0,0.0
201500042062,12,10,15,20,5,94,17,2,6,1,2,"01, MAURICE THOREZ (AV)",0.0,0.0
201500042063,14,10,15,18,2,94,17,2,1,1,2,François Mittérrand (ave,0.0,0.0
201500042064,28,10,15,14,1,94,17,2,2,1,6,"89, JEAN JAURES (R)",0.0,0.0
201500042065,31,10,15,0,5,94,17,2,1,1,3,"148, MAURICE THOREZ (AV)",0.0,0.0
201500042066,1,11,15,19,5,94,17,2,2,1,1,"43, REPUBLIQUE (AV DE LA",0.0,0.0
201500042067,2,11,15,0,5,94,17,2,3,1,2,"01, STALINGRAD (BD DE)",0.0,0.0
201500042068,8,11,15,17,1,94,17,2,1,1,6,"40, VICTOR HUGO (QU)",0.0,0.0
201500042069,10,11,15,18,5,94,17,2,1,1,6,"42, REPUBLIQUE (AV DE LA",0.0,0.0
201500042070,12,11,15,18,5,94,17,2,6,2,3,"01, MAURICE THOREZ (AV)",0.0,0.0
201500042071,17,11,15,7,2,94,17,2,2,1,3,"91, STALINGRAD (BD DE)",0.0,0.0
201500042072,17,11,15,13,1,94,17,2,1,1,2,"100, MONUMENT (R DU)",0.0,0.0
201500042073,17,11,15,17,5,94,17,2,1,2,6,"26, PERROQUETS (R DES)",0.0,0.0
201500042074,18,11,15,22,5,94,17,2,1,1,3,"180, GENERAL DE GAULLE (",0.0,0.0
201500042075,18,11,15,11,1,94,17,2,1,1,6,"124, STALINGRAD (BD DE)",0.0,0.0
201500042076,27,11,15,22,5,94,17,2,1,8,1,"01, EUGENE VARLIN (R)",0.0,0.0
201500042077,28,11,15,10,1,94,17,2,1,1,3,CHARLES DE GAULLE (VLA),0.0,0.0
201500042078,29,11,15,12,1,94,17,2,1,1,6,"80, ALBERT THOMAS (R)",0.0,0.0
201500042079,29,11,15,12,1,94,17,2,6,1,6,"01, SONIA DE LAUNAY (VOI",0.0,0.0
201500042080,30,11,15,16,1,94,17,2,1,1,3,DOCTEUR ROUX (R DU),0.0,0.0
201500042081,7,12,15,16,1,94,17,2,1,1,6,"2, PAUL BERT (R)",0.0,0.0
201500042082,8,12,15,12,1,94,17,2,2,1,3,"01, CHARLES BAUDIN (AV)",0.0,0.0
201500042083,9,12,15,9,1,94,17,2,1,1,3,"4, STALINGRAD (BD DE)",0.0,0.0
201500042084,12,12,15,19,5,94,17,2,1,1,3,ARTHUR ADAMOV (R),0.0,0.0
201500042085,18,12,15,9,1,94,17,2,1,1,3,"01, ALLIES (BD DES)",0.0,0.0
201500042086,27,12,15,20,5,94,17,2,1,1,2,HENRI-MARIE LE BOURSICAU,0.0,0.0
201500042087,22,9,15,10,1,94,18,2,1,2,3,"15, SAINT PIERRE (R)",0.0,0.0
201500042088,8,1,15,21,5,94,69,2,1,1,3,SAINT MAURICE DU VALAIS,0.0,0.0
201500042089,11,1,15,22,5,94,18,2,1,1,3,GRAVELLE (AV DE),0.0,0.0
201500042090,23,1,15,23,5,94,18,2,1,1,6,"45, GRAVELLE (AV DE)",0.0,0.0
201500042091,29,1,15,19,5,94,18,2,3,1,3,"96, PARIS (R DE)",0.0,0.0
201500042092,30,1,15,7,2,94,69,2,2,2,3,GRAVELLE (AV DE),0.0,0.0
201500042093,6,2,15,14,1,94,18,2,1,1,6,"1, REPUBLIQUE (R DE LA)",0.0,0.0
201500042094,23,2,15,15,1,94,18,2,1,8,6,"37, MARECHAL DE LATTRE D",0.0,0.0
201500042095,25,2,15,20,5,94,18,2,1,2,1,BERCY (QU DE),0.0,0.0
201500042096,2,3,15,9,1,94,18,2,1,1,6,"., CARRIERES (QU DES)",0.0,0.0
201500042097,10,3,15,12,1,94,18,2,1,1,6,"2/4, PONT (R DU)",0.0,0.0
201500042098,12,3,15,16,1,94,69,2,1,1,3,"16, CANADIENS (AV DES)",0.0,0.0
201500042099,13,3,15,16,1,94,18,2,2,1,6,"36, VICTOR HUGO (R)",0.0,0.0