Num_Acc,jour,mois,an,hr,condition_eclairage,departement,commune,condition_agglomeration,intersection,condition_atmosphere,type_collision,adresse,lattitude,longitude
201500042100,20,3,15,19,5,94,69,2,3,1,3,"107, GRAVELLE (AV DE)",0.0,0.0
201500042101,21,3,15,19,5,94,18,2,1,1,6,"6, BORDEAUX (R DES)",0.0,0.0
201500042102,2,4,15,18,1,94,18,2,1,1,7,"10, VALMY (R DE)",0.0,0.0
201500042103,20,4,15,12,1,94,18,2,1,1,6,PRESIDENT KENNEDY (R DU),0.0,0.0
201500042104,2,5,15,20,5,94,69,1,1,2,2,AV DES CANADIENS,0.0,0.0
201500042105,4,5,15,19,1,94,18,2,1,2,2,"40, GRAVELLE (AV DE)",0.0,0.0
201500042106,4,5,15,20,5,94,18,2,2,2,3,"40, PONT (R DU)",0.0,0.0
201500042107,25,4,15,10,1,94,18,2,1,1,6,"12, ARTHUR CROQUETTE (R)",0.0,0.0
201500042108,21,5,15,19,1,94,18,2,1,1,1,CARRIERES (QU DES),0.0,0.0
201500042109,11,6,15,13,1,94,18,2,1,1,3,"89, PARIS (R DE)",0.0,0.0
201500042110,11,6,15,20,1,94,18,2,3,1,3,BERCY (QU DE),0.0,0.0
201500042111,12,6,15,18,1,94,18,2,9,1,6,"7, REPUBLIQUE (R DE LA)",0.0,0.0
201500042112,15,6,15,18,1,94,69,1,1,1,6,BIR HAKEIM (QU DE),0.0,0.0
201500042113,16,6,15,13,1,94,18,2,2,1,6,PAUL ELUARD/BORDEAUX,0.0,0.0
201500042114,18,6,15,8,1,94,69,2,1,2,6,"113, GRAVELLE (AV DE)",0.0,0.0
201500042115,28,6,15,2,3,94,18,2,1,1,7,ARTHUR CROQUETTE (R),0.0,0.0
201500042116,19,8,15,9,1,94,18,2,1,1,6,"3, ARCADE (R DE L)",0.0,0.0
201500042117,22,8,15,22,5,94,18,2,8,1,7,"26, CARRIERES (QU DES)",0.0,0.0
201500042118,23,8,15,23,5,94,18,2,1,1,6,"21, GRAVELLE (AV DE)",0.0,0.0
201500042119,12,9,15,13,1,94,18,2,1,3,6,ARTHUR CROQUETTE (R),0.0,0.0
201500042120,18,9,15,13,1,94,18,2,1,1,2,"40, CARRIERES (QU DES)",0.0,0.0
201500042121,23,9,15,9,1,94,69,2,1,1,2,"34 bis, MARECHAL LECLERC",0.0,0.0
201500042122,27,9,15,16,1,94,18,2,1,1,6,"72/76, CARRIERES (QU DES",0.0,0.0
201500042123,8,10,15,20,5,94,69,2,1,1,3,"162bis, MARECHAL LECLERC",0.0,0.0
201500042124,13,10,15,14,1,94,18,2,3,1,5,LIBERTE (AV DE LA),0.0,0.0
201500042125,15,10,15,8,1,94,69,2,1,2,3,REPUBLIQUE (QU DE LA),0.0,0.0
201500042126,19,10,15,9,1,94,18,2,1,1,2,"7, BERCY (QU DE)",0.0,0.0
201500042127,25,10,15,17,5,94,18,2,1,1,3,"116, PARIS (R DE)",0.0,0.0
201500042128,26,10,15,16,1,94,18,2,1,1,6,ALFRED SAVOURE (R),0.0,0.0
201500042129,27,10,15,10,1,94,18,2,9,1,3,"7, BERCY (QU DE)",0.0,0.0
201500042130,28,10,15,19,5,94,69,2,1,9,6,"57, MARECHAL LECLERC (R",0.0,0.0
201500042131,5,11,15,8,1,94,18,2,3,1,3,BERCY - PTE DE BERCY (QU,0.0,0.0
201500042132,9,11,15,11,1,94,18,2,3,1,3,VICTOR HUGO (R),0.0,0.0
201500042133,12,11,15,18,5,94,18,2,1,1,6,"2-4, GENERAL DE GAULLE (",0.0,0.0
201500042134,15,11,15,12,1,94,18,2,1,1,6,"18, RESERVOIRS (R DES)",0.0,0.0
201500042135,20,11,15,18,5,94,18,2,1,8,7,ARTHUR CROQUETTE (R),0.0,0.0
201500042136,20,11,15,20,5,94,18,2,3,8,3,CARRIERES (QU DES),0.0,0.0
201500042137,26,11,15,14,1,94,69,2,1,1,6,"1, PAUL VERLAINE (R)",0.0,0.0
201500042138,3,12,15,18,5,94,69,2,1,1,3,"09, SAINT MAURICE DU VAL",0.0,0.0
201500042139,8,12,15,17,2,94,18,2,3,2,6,WINSTON CHURCHILL (AV),0.0,0.0
201500042140,10,1,15,18,5,94,19,2,2,2,6,PLESSIS (RTE DU),0.0,0.0
201500042141,24,1,15,13,1,94,79,2,1,1,6,"07, MULHOUSE (BD DE)",0.0,0.0
201500042142,27,1,15,8,2,94,55,2,4,1,6,"61, PINCE VENT/",48.7909,2.55247
201500042143,27,1,15,20,3,94,59,2,1,1,6,MAURICE BERTEAUX (AV),0.0,0.0
201500042144,30,1,15,17,2,94,59,2,3,2,2,MAURICE BERTEAUX (AV),0.0,0.0
201500042145,6,2,15,23,5,94,19,2,1,1,6,"45, PONT (R DU)",0.0,0.0
201500042146,9,2,15,20,5,94,59,2,1,8,1,"100, Andre Rouy (AV)",0.0,0.0
201500042147,11,2,15,8,1,94,59,2,2,1,6,GENERAL DE GAULLE (AV DU,0.0,0.0
201500042148,19,2,15,9,1,94,59,2,1,1,2,GONZALVE (AV),0.0,0.0
201500042149,22,2,15,13,1,94,19,2,3,1,1,ARISTIDE BRIAND (R),0.0,0.0
201500042150,25,2,15,19,4,94,59,2,6,1,6,Andre Rouy (AV),0.0,0.0
201500042151,16,3,15,13,1,94,79,2,6,1,6,JEAN MONNET (BD),0.0,0.0
201500042152,22,3,15,6,2,94,19,2,2,1,2,LIBERATION (RTE DE LA),0.0,0.0
201500042153,24,3,15,9,1,94,19,2,2,1,3,LIBERATION (RTE DE LA),0.0,0.0
201500042154,24,3,15,15,1,94,19,2,3,3,3,D'AMBOILE (R),0.0,0.0
201500042155,28,3,15,11,1,94,79,2,3,2,6,GENERAL DE GAULLE (R DU),0.0,0.0
201500042156,31,3,15,17,1,94,79,2,1,1,7,JEAN MONNET (BD),0.0,0.0
201500042157,8,4,15,22,5,94,79,2,3,1,3,Rue du General Gallieni,0.0,0.0
201500042158,12,4,15,1,5,94,19,2,1,8,3,PINCE VENT (AV DE),0.0,0.0
201500042159,15,4,15,12,1,94,79,2,1,1,6,"10, CHENNEVIERES (R DE)",0.0,0.0
201500042160,19,4,15,6,1,94,60,2,1,1,6,GENERAL DE GAULLE (R DU),0.0,0.0
201500042161,20,4,15,19,2,94,19,2,1,7,6,"79, FUSILLES DE CHATEAUB",0.0,0.0
201500042162,22,4,15,7,1,94,55,2,1,1,3,"39, PROVINS (RTE DE)",0.0,0.0
201500042163,16,5,15,14,1,94,79,2,1,1,1,BISHOP S STORDFORD (BD D,0.0,0.0
201500042164,14,5,15,21,5,94,79,2,2,3,2,FRIEDBERG (BD DE),0.0,0.0
201500042165,17,5,15,19,1,94,19,2,1,1,3,"14 bis, PONT (R DU)",0.0,0.0
201500042166,17,5,15,2,2,94,79,2,1,1,6,"10, COEUILLY (R DE)",0.0,0.0
201500042167,15,5,15,16,1,94,55,2,1,1,1,PINCE VENT - CAR DE PINC,0.0,0.0
201500042168,17,5,15,12,1,94,19,2,1,1,6,RABELAIS (R),0.0,0.0
201500042169,20,5,15,15,1,94,60,2,1,1,2,"face 32, GENERAL DE GAUL",0.0,0.0
201500042170,21,5,15,12,1,94,79,2,6,1,6,STRASBOURG (BD DE),0.0,0.0
201500042171,22,5,15,2,5,94,19,2,1,1,6,PONT (R DU),0.0,0.0
201500042172,24,5,15,20,1,94,79,2,2,1,6,BISHOP'S STORDFORD (BD D,0.0,0.0
201500042173,24,5,15,11,1,94,60,2,1,7,6,GENERAL DE GAULLE (R DU),0.0,0.0
201500042174,29,5,15,17,1,94,60,2,1,1,6,MARRONNIERS (ALL DES),0.0,0.0
201500042175,30,5,15,14,1,94,59,2,1,1,2,MAURICE BERTEAUX (AV),0.0,0.0
201500042176,1,6,15,14,1,94,79,2,4,1,6,FOSSES (R DES),0.0,0.0
201500042177,5,6,15,13,1,94,79,2,2,7,3,CHAMPIGNY (RTE DE),0.0,0.0
201500042178,8,6,15,18,1,94,79,2,1,7,6,MAXIMILIEN (R),0.0,0.0
201500042179,10,6,15,7,1,94,59,2,6,1,3,JEAN KIFFER (AV),0.0,0.0
201500042180,11,6,15,19,1,94,60,2,2,1,6,BORDES (AV DES),0.0,0.0
201500042181,12,6,15,13,1,94,19,2,2,1,1,LIBERATION (RTE DE LA),0.0,0.0
201500042182,12,6,15,19,1,94,79,2,6,7,6,"02, STRASBOURG (BD DE)",0.0,0.0
201500042183,15,6,15,10,1,94,19,2,1,1,6,CHENNEVIERES (RTE DE),0.0,0.0
201500042184,23,6,15,15,1,94,19,2,1,1,1,"14 ter, PONT (R DU)",0.0,0.0
201500042185,1,7,15,14,1,94,79,2,1,1,6,TROIS MUSICIENS (ALL DES,0.0,0.0
201500042186,3,7,15,8,1,94,55,2,2,1,3,CENTRE (R DU),0.0,0.0
201500042187,4,7,15,19,1,94,79,2,3,1,1,TROIS MUSICIENS (ALL DES,0.0,0.0
201500042188,5,7,15,13,1,94,55,2,2,1,3,OLIVIER D ORMESSON (AV),0.0,0.0
201500042189,5,7,15,18,1,94,79,2,1,1,2,GENERAL LECLERC (R DU),0.0,0.0
201500042190,9,7,15,19,1,94,59,2,3,1,3,DAME BLANCHE (AV DE LA),0.0,0.0
201500042191,12,7,15,22,5,94,59,2,2,1,3,DAME BLANCHE (AV DE LA),0.0,0.0
201500042192,19,7,15,2,5,94,59,2,2,1,2,GENERAL LECLERC (AV DU),0.0,0.0
201500042193,21,7,15,19,1,94,79,2,6,1,6,JEAN MONNET (BD),0.0,0.0
201500042194,22,7,15,16,1,94,55,2,1,1,2,"220, OLIVIER D ORMESSON",0.0,0.0
201500042195,23,7,15,17,1,94,79,2,3,1,6,ANDREA PALLADIO (ALL),0.0,0.0
201500042196,29,7,15,16,1,94,55,2,1,1,3,"17, WLADIMIR D ORMESSON",0.0,0.0
201500042197,4,8,15,6,2,94,55,2,1,2,2,OLIVIER D ORMESSON (AV),0.0,0.0
201500042198,21,8,15,17,1,94,79,2,3,1,3,COMBAULT (RTE DE),0.0,0.0
201500042199,21,8,15,19,1,94,79,2,1,1,6,NAIADES (ALL DES),0.0,0.0
201500042200,21,8,15,23,5,94,53,2,3,1,3,CONDORCET (R),0.0,0.0
201500042201,25,8,15,9,1,94,55,2,3,1,2,DANIELLE CASANOVA (R),0.0,0.0
201500042202,27,8,15,19,5,94,59,2,1,2,2,MARECHALE (AV DE LA),0.0,0.0
201500042203,3,9,15,9,1,94,79,2,1,7,6,"71, GENERAL DE GAULLE (R",0.0,0.0
201500042204,6,9,15,19,2,94,59,2,1,1,3,"15, THERESE (AV)",0.0,0.0
201500042205,7,9,15,21,5,94,79,2,3,1,3,FRIEDBERG (BD DE),0.0,0.0
201500042206,9,9,15,18,1,94,19,2,1,1,6,"19, SUCY (R DE)",0.0,0.0
201500042207,9,9,15,18,1,94,53,2,1,1,3,"84 BIS, GRANDE RUE PIERR",0.0,0.0
201500042208,19,9,15,12,1,94,55,2,2,1,2,"51, OLIVIER D ORMESSON (",0.0,0.0
201500042209,20,9,15,0,5,94,55,2,3,1,3,OLIVIER D ORMESSON (AV),0.0,0.0
201500042210,24,9,15,19,1,94,55,2,2,1,6,"105, AMBOILE (R D)",0.0,0.0
201500042211,26,9,15,14,1,94,79,2,2,1,2,COMBAULT (RTE DE),0.0,0.0
201500042212,29,9,15,19,2,94,55,2,9,1,1,MOQUE BOUTEILLE (CHE DU),0.0,0.0
201500042213,29,9,15,20,5,94,79,2,1,1,6,"3, GENERAL LECLERC (R DU",0.0,0.0
201500042214,1,10,15,18,2,94,19,2,1,1,3,"52, ARISTIDE BRIAND (R)",0.0,0.0
201500042215,6,10,15,9,1,94,60,2,1,2,6,COMBAULT (RTE DE),0.0,0.0
201500042216,6,10,15,12,1,94,19,2,1,1,2,L'HIPPODROME (AV DE),0.0,0.0
201500042217,6,10,15,17,1,94,79,2,6,2,3,JEAN MONNET (BD),0.0,0.0
201500042218,12,10,15,0,5,94,19,2,1,1,6,"14 BIS, R DU PONT",48.7928,2.52656
201500042219,13,10,15,15,1,94,79,1,1,1,6,"29, NOISY (R DE)",0.0,0.0
201500042220,13,10,15,17,1,94,79,2,1,1,6,STRASBOURG (BD DE),0.0,0.0
201500042221,22,10,15,0,5,94,59,2,2,2,3,DAME BLANCHE (AV DE LA),0.0,0.0
201500042222,22,10,15,12,1,94,79,2,2,2,3,JEAN MONNET (BD),0.0,0.0
201500042223,27,10,15,12,1,94,55,2,1,1,3,"51, PROVINS (RTE DE)",0.0,0.0
201500042224,30,10,15,17,5,94,55,2,1,1,6,GENERAL DE GAULLE (AV DU,0.0,0.0
201500042225,31,10,15,17,1,94,55,2,4,1,3,WLADIMIR D ORMESSON (AV),0.0,0.0
201500042226,2,11,15,19,5,94,79,2,2,1,3,CHAPELLES (R DES),0.0,0.0
201500042227,5,11,15,18,5,94,79,2,3,2,6,"57 à 63, ANDRE ROUY (R)",0.0,0.0
201500042228,9,11,15,14,1,94,55,2,6,1,3,PINCE VENT - CAR DE PINC,0.0,0.0
201500042229,10,11,15,18,5,94,79,2,1,1,6,"1/3, AUGUSTE RODIN (AV)",0.0,0.0
201500042230,25,11,15,10,1,94,19,2,1,2,2,"102, LIBERATION (RTE DE",0.0,0.0
201500042231,17,11,15,7,1,94,79,2,1,9,2,JEAN MONNET (BD),0.0,0.0
201500042232,29,11,15,6,5,94,19,2,7,1,6,LIBERATION (RTE DE LA),0.0,0.0
201500042233,30,11,15,17,5,94,79,2,3,2,3,CHAMPIGNY (RTE DE),0.0,0.0
201500042234,30,11,15,19,5,94,59,2,6,1,2,EUROPE (AV DE L),0.0,0.0
201500042235,11,12,15,10,1,94,60,2,1,1,6,"47, MARECHAL HORTIER (AV",0.0,0.0
201500042236,15,12,15,19,5,94,59,2,7,3,6,GAMBETTA (PL),0.0,0.0
201500042237,17,12,15,18,5,94,55,2,2,1,1,OLIVIER D ORMESSON (AV),0.0,0.0
201500042238,18,12,15,7,5,94,19,2,1,8,2,LIBERATION (RTE DE LA),0.0,0.0
201500042239,21,12,15,7,5,94,53,2,2,1,6,PIERRE BROSSOLETTE - PL,0.0,0.0
201500042240,28,12,15,11,1,94,59,2,1,9,3,"192, MARECHALE (AV DE LA",0.0,0.0
201500042241,30,12,15,15,1,94,79,2,1,1,5,JEAN MONNET (BD),0.0,0.0
201500042242,30,12,15,21,5,94,79,2,1,1,3,GENERAL DE GAULLE (R DU),0.0,0.0
201500042243,4,9,15,8,1,94,22,2,1,1,6,HUIT MAI 1945 (AV DU),0.0,0.0
201500042244,2,1,15,9,1,94,54,2,3,2,3,REPUBLIQUE (AV DE LA),0.0,0.0
201500042245,5,9,15,13,1,94,22,2,1,1,3,HUIT MAI 1945 (AV DU),0.0,0.0
201500042246,1,5,15,1,5,94,22,2,3,2,2,STALINGRAD/STALINGRAD,0.0,0.0
201500042247,31,12,15,15,1,94,22,2,2,1,6,PABLO PICASSO (AV),0.0,0.0
201500042248,3,5,15,6,2,94,54,2,3,8,3,VICTOIRE (AV DE LA),0.0,0.0
201500042249,3,6,15,19,1,94,22,1,1,1,6,A86,48.7737,2.40566
201500042250,7,2,15,22,5,94,54,2,1,9,1,BAS MARIN (R DU),0.0,0.0
201500042251,13,1,15,9,1,94,54,2,1,1,1,CHARLES TILLON (route),0.0,0.0
201500042252,4,5,15,15,1,94,22,2,1,1,3,ANATOLE FRANCE (AV),0.0,0.0
201500042253,6,1,15,9,1,94,22,2,1,1,6,"2, GAMBETTA (AV)",0.0,0.0
201500042254,6,1,15,20,3,94,81,1,1,2,2,BRETELLE A86,48.7734,2.40225
201500042255,19,2,15,13,1,94,22,2,1,1,7,"58, VICTOR HUGO (AV)",0.0,0.0
201500042256,8,1,15,8,2,94,22,2,1,9,2,"9, LEON GOURDAULT (AV)",0.0,0.0
201500042257,12,9,15,19,2,94,54,2,4,3,6,BAS MARIN (R DU),0.0,0.0
201500042258,22,3,15,16,1,94,54,2,3,1,3,MARTYRS DE CHATEAUBRIANT,0.0,0.0
201500042259,13,9,15,20,5,94,22,2,2,8,3,"78, ANATOLE FRANCE (AV)",0.0,0.0
201500042260,13,5,15,8,1,94,54,2,3,1,3,BAS MARIN (R DU),0.0,0.0
201500042261,18,9,15,19,4,94,22,2,1,2,6,LUCIE (R),0.0,0.0
201500042262,19,9,15,17,1,94,22,2,2,1,3,GAMBETTA (AV),0.0,0.0
201500042263,2,6,15,16,1,94,22,2,1,1,6,GAMBETTA (AV),0.0,0.0
201500042264,7,6,15,13,1,94,22,2,1,1,2,APPEL DU DIX HUIT JUIN 1,0.0,0.0
201500042265,9,6,15,11,1,94,54,2,1,1,6,"18, KEFIR (R DU)",0.0,0.0
201500042266,14,6,15,1,5,94,22,2,3,1,2,"01, MARECHAL DE LATTRE D",0.0,0.0
201500042267,15,6,15,18,1,94,22,2,3,1,3,"03, JEAN JAURES (R)",0.0,0.0
201500042268,16,6,15,8,1,94,22,2,1,1,2,"16, JEAN JAURES (R)",0.0,0.0
201500042269,17,6,15,16,1,94,22,2,1,1,2,"26, REPUBLIQUE (AV DE LA",0.0,0.0
201500042270,22,6,15,19,1,94,22,2,1,2,4,JEAN JAURES (R),0.0,0.0
201500042271,23,6,15,15,1,94,22,2,1,1,6,HUIT MAI 1945 (AV DU),0.0,0.0
201500042272,30,6,15,9,1,94,22,2,2,7,3,ALLIES (BD DES),0.0,0.0
201500042273,23,5,15,8,1,94,54,2,1,1,6,"73, ADRIEN RAYNAL (AV)",0.0,0.0
201500042274,27,9,15,17,1,94,22,1,2,1,2,A86 BRETELLE/LUGO,48.7734,2.40927
201500042275,23,5,15,16,1,94,22,2,1,1,6,"99, VILLENEUVE ST GEORGE",0.0,0.0
201500042276,26,8,15,4,5,94,22,2,1,8,2,"58, STALINGRAD (BD DE)",0.0,0.0
201500042277,25,1,15,7,5,94,22,2,1,1,5,"4, JEAN JAURES (R)",0.0,0.0
201500042278,26,5,15,20,1,94,22,2,1,1,6,"11-13, POMPADOUR (R)",0.0,0.0
201500042279,1,10,15,9,1,94,54,2,3,1,3,DOCTEUR LECENE (R DU),0.0,0.0
201500042280,28,5,15,16,1,94,22,2,1,1,2,"111, ALFORTVILLE (AV D)",0.0,0.0
201500042281,2,10,15,8,1,94,22,2,1,1,3,ALFORTVILLE (AV D),0.0,0.0
201500042282,3,10,15,15,1,94,22,2,1,1,6,"112, VICTOR HUGO (AV)",0.0,0.0
201500042283,5,11,15,18,5,94,22,2,1,9,6,"34-36, ALLIES (BD DES)",0.0,0.0
201500042284,6,10,15,17,1,94,22,2,1,1,6,"33, VICTOR HUGO (AV)",0.0,0.0
201500042285,21,11,15,18,5,94,22,2,1,2,7,GAMBETTA (AV),0.0,0.0
201500042286,6,10,15,20,5,94,22,2,3,1,3,VICTOR HUGO (AV),0.0,0.0
201500042287,3,2,15,11,1,94,54,2,3,1,6,BAS MARIN (R DU),0.0,0.0
201500042288,4,2,15,19,5,94,22,2,1,1,3,VICTOR HUGO (AV),0.0,0.0
201500042289,6,2,15,7,2,94,22,2,2,1,6,NEWBURN/FOUR,48.7549,2.41155
201500042290,10,4,15,17,1,94,54,2,1,1,6,"9, SAULES (VOI DES)",0.0,0.0
201500042291,17,10,15,13,1,94,54,2,3,8,3,VICTOIRE (AV DE LA),0.0,0.0
201500042292,18,10,15,7,5,94,22,2,2,1,3,"31, ALLIES (GAL DES)",0.0,0.0
201500042293,14,2,15,20,5,94,22,2,1,2,3,"124, STALINGRAD (BD DE)",0.0,0.0
201500042294,20,10,15,1,5,94,22,2,2,1,3,STALINGRAD (BD DE),0.0,0.0
201500042295,16,2,15,21,5,94,22,2,1,1,3,"79, VICTOR HUGO (AV)",0.0,0.0
201500042296,19,2,15,12,1,94,22,2,1,1,6,ALLIES (BD DES),0.0,0.0
201500042297,24,10,15,21,5,94,54,2,2,1,3,VICTOIRE (AV DE LA),0.0,0.0
201500042298,14,7,15,20,1,94,54,2,1,1,3,CHARLES TILLON (route),0.0,0.0
201500042299,28,10,15,9,1,94,54,2,9,2,6,"8, FER A CHEVAL (R DU)",0.0,0.0
201500042300,30,10,15,3,5,94,54,2,1,1,1,CHARLES TILLON (route),0.0,0.0
201500042301,25,2,15,23,5,94,22,2,2,1,3,LEON GOURDAULT (AV),0.0,0.0
201500042302,1,3,15,15,1,94,22,2,7,1,6,EGLISE (R DE L),0.0,0.0
201500042303,2,3,15,19,5,94,54,2,1,1,2,CHARLES TILLON (route),0.0,0.0
201500042304,5,11,15,12,1,94,22,2,1,8,2,"24, ALFORTVILLE (AV D)",0.0,0.0
201500042305,8,3,15,13,1,94,22,2,1,1,6,JEAN JAURES (R),0.0,0.0
201500042306,8,3,15,21,5,94,54,2,3,1,6,ERNEST DE LA TOUR (R),0.0,0.0
201500042307,7,7,15,17,1,94,22,2,2,1,6,AUGUSTE BLANQUI (R),0.0,0.0
201500042308,8,7,15,20,1,94,54,2,1,1,6,"58, ADRIEN RAYNAL (AV)",0.0,0.0
201500042309,11,3,15,10,1,94,54,2,3,1,3,ADRIEN RAYNAL (AV),0.0,0.0
201500042310,13,3,15,17,1,94,22,2,1,1,6,"28, VICTOR HUGO (AV)",0.0,0.0
201500042311,14,11,15,17,2,94,22,1,1,1,2,NON DENOMMEE (VOI),0.0,0.0
201500042312,14,3,15,11,1,94,22,2,1,1,6,"58, VICTOR HUGO (AV)",0.0,0.0
201500042313,16,3,15,16,1,94,22,2,1,1,3,JEAN JAURES (R),0.0,0.0
201500042314,18,7,15,18,1,94,22,2,3,1,3,LEON GOURDAULT (AV),0.0,0.0
201500042315,20,3,15,17,1,94,22,2,1,1,6,"19, VICTOR HUGO (AV)",0.0,0.0
201500042316,22,11,15,14,1,94,22,2,3,7,6,GAMBETTA (AV),0.0,0.0
201500042317,4,5,15,18,1,94,22,2,1,1,6,VICTOR HUGO (AV),0.0,0.0
201500042318,25,3,15,10,1,94,22,2,2,1,6,HUIT MAI 1945 (AV DU),0.0,0.0
201500042319,24,11,15,23,5,94,22,2,4,2,7,"3, JEAN JAURES (R)",0.0,0.0
201500042320,29,7,15,16,1,94,54,2,1,1,1,R DU FER A CHEVAL,0.0,0.0
201500042321,29,9,15,6,2,94,54,1,3,1,7,DIX-NEUF MARS 1962 (R DU,0.0,0.0
201500042322,4,12,15,18,5,94,22,2,1,1,6,"05, VILLENEUVE ST GEORGE",0.0,0.0
201500042323,6,4,15,20,5,94,22,2,2,1,3,GENERAL LECLERC (AV),0.0,0.0
201500042324,7,4,15,7,1,94,22,2,1,1,6,HUIT MAI 1945 (AV DU),0.0,0.0
201500042325,7,8,15,15,1,94,22,2,1,1,3,"126, STALINGRAD (BD DE)",0.0,0.0
201500042326,7,8,15,22,5,94,22,2,2,1,1,"48, DOCTEUR ROUX (R DU)",0.0,0.0
201500042327,8,12,15,17,5,94,22,2,1,3,3,"8, LEON GOURDAULT (AV)",0.0,0.0
201500042328,11,4,15,11,1,94,54,1,1,1,3,CHAUDRONNIERS (CHE DES),0.0,0.0
201500042329,11,4,15,19,1,94,54,2,1,1,6,"9, PIERRE SEMARD (R)",0.0,0.0
201500042330,11,12,15,18,5,94,54,2,1,1,7,", AMUNDSEN (R)",0.0,0.0
201500042331,14,4,15,14,1,94,22,2,3,1,3,ANATOLE FRANCE (AV),0.0,0.0
201500042332,14,12,15,7,2,94,22,2,2,8,3,"36, STALINGRAD (BD DE)",0.0,0.0
201500042333,16,4,15,14,1,94,54,2,6,1,2,MARCEL CACHIN (AV),0.0,0.0
201500042334,15,12,15,16,1,94,22,2,1,2,3,FERNAND PELLOUTIER (ALL),0.0,0.0
201500042335,17,4,15,16,1,94,22,2,1,1,3,ALFORTVILLE (AV D),0.0,0.0
201500042336,15,12,15,19,5,94,22,2,1,3,6,LUGO (AV DE),0.0,0.0
201500042337,21,8,15,7,1,94,54,2,1,1,4,CHARLES TILLON (route),0.0,0.0
201500042338,16,12,15,10,1,94,54,1,1,1,6,"2, ANTOINE DE SAINT EXUP",0.0,0.0
201500042339,22,8,15,15,1,94,22,2,2,1,3,STALINGRAD (BD DE),0.0,0.0
201500042340,17,12,15,7,1,94,54,2,9,8,3,MARCEL CACHIN (AV),0.0,0.0
201500042341,17,12,15,8,1,94,22,2,1,1,6,"76, VICTOR HUGO (AV)",0.0,0.0
201500042342,17,12,15,13,1,94,54,2,1,1,6,20? R PIERRE CORNEILLE,48.7486,2.40238
201500042343,19,12,15,2,5,94,22,2,1,1,3,"59, STALINGRAD (BD DE)",0.0,0.0
201500042344,31,8,15,18,1,94,54,2,1,1,3,MARCEL CACHIN (AV),0.0,0.0
201500042345,1,1,15,21,5,94,28,2,6,1,2,FOCH/MECHES,48.7845,2.43667
201500042346,8,1,15,8,1,94,11,2,1,1,1,"0, CHOISY.(AVENUE DE)",0.0,0.0
201500042347,14,1,15,12,1,94,28,2,1,1,3,"0, COMPAGNONS DE LA LIBE",0.0,0.0
201500042348,16,1,15,17,1,94,28,2,1,1,3,"0, VERDUN.(AVENUE DE)",0.0,0.0
201500042349,14,1,15,14,1,94,28,2,1,1,6,"NC, MESLY.(RUE DE)",0.0,0.0
201500042350,21,1,15,14,1,94,28,1,6,1,4,A86/CARREFOUR POMPADOUR,48.7743,2.43879
201500042351,26,1,15,19,5,94,11,2,1,2,6,"NC, BOISSY.(AVENUE DE)",0.0,0.0
201500042352,27,1,15,23,3,94,11,2,1,1,7,"0, BOISSY.(AVENUE DE)",0.0,0.0
201500042353,29,1,15,15,1,94,28,2,1,1,6,"nc, POMPADOUR(ROUTE DE L",0.0,0.0
201500042354,29,1,15,20,5,94,28,2,1,2,1,"51, TASSIGNY(AVE DU MARE",0.0,0.0
201500042355,29,1,15,13,1,94,11,2,1,2,1,"nc, ROSTAND.(RUE JEAN)",0.0,0.0
201500042356,31,1,15,18,5,94,11,2,1,1,3,"0, CATALAS.(RUE JEAN)",0.0,0.0
201500042357,3,2,15,19,5,94,28,2,1,1,2,"0, ARCOS.(RUE RENE)",0.0,0.0
201500042358,10,2,15,8,1,94,11,2,1,1,2,"23, ROSTAND.(RUE JEAN)",0.0,0.0
201500042359,9,2,15,19,5,94,28,2,1,1,6,"0, GAULLE(AVENUE DU GENE",0.0,0.0
201500042360,11,2,15,13,1,94,28,2,1,1,2,"0, GOUNOD.(RUE CHARLES)",0.0,0.0
201500042361,13,2,15,1,5,94,11,2,1,1,6,"0, ROSTAND.(RUE JEAN)",0.0,0.0
201500042362,16,2,15,21,5,94,28,2,1,1,3,"0, BROSSOLETTE(AVENUE PI",0.0,0.0
201500042363,14,2,15,23,5,94,28,2,1,1,3,"0, SAVAR.(RUE JULIETTE)",0.0,0.0
201500042364,18,2,15,7,2,94,28,2,3,1,6,MITTERRAND/COTEAUX,0.0,0.0
201500042365,17,2,15,13,1,94,28,2,1,1,5,"NC, PASTEUR VALERY RADOT",0.0,0.0
201500042366,18,2,15,12,1,94,28,2,1,1,1,"0, DUHAMEL(RUE GEORGES)",0.0,0.0
201500042367,21,2,15,0,3,94,28,2,6,3,3,CHOISY/FOCH,48.7746,2.43934
201500042368,22,2,15,10,1,94,11,2,1,1,3,"0, ROSTAND.(RUE JEAN)",0.0,0.0
201500042369,24,2,15,7,2,94,28,2,1,1,6,"0, Duvauchelle (rue Domi",0.0,0.0
201500042370,27,2,15,14,1,94,28,2,1,1,2,"0, LECLERC.(RUE DU GENER",0.0,0.0
201500042371,3,3,15,9,1,94,11,2,1,1,3,"0, SEMARD(RUE PIERRE)",0.0,0.0
201500042372,3,3,15,15,1,94,28,2,1,1,3,"0, BOBILLOT.(RUE DU SERG",0.0,0.0
201500042373,4,3,15,9,1,94,11,2,1,1,2,"0, SEMARD(RUE PIERRE)",0.0,0.0
201500042374,6,3,15,13,1,94,11,2,1,1,1,"NC, VERDUN.(AVENUE DE)",0.0,0.0
201500042375,11,3,15,13,1,94,11,2,1,1,6,"0, RHIN ET DANUBE(RUE DU",0.0,0.0
201500042376,18,3,15,16,1,94,11,2,1,1,2,"00, SEMARD(RUE PIERRE)",0.0,0.0
201500042377,21,3,15,13,1,94,28,2,1,1,6,"0, CHOISY(ROUTE DE)",0.0,0.0
201500042378,23,3,15,15,1,94,28,2,1,1,6,MITTERAND (Rue Fran?ois),0.0,0.0
201500042379,24,3,15,16,1,94,28,2,1,1,3,"NC, HALPERN.(AVENUE BERN",0.0,0.0
201500042380,25,3,15,15,1,94,11,2,1,1,6,"18, DELAUNE(RUE AUGUSTE)",0.0,0.0
201500042381,25,3,15,11,1,94,28,2,1,1,2,"217, LECLERC.(RUE DU GEN",0.0,0.0
201500042382,27,3,15,20,3,94,11,2,1,1,2,"0, BOISSY.(AVENUE DE)",0.0,0.0
201500042383,28,3,15,21,5,94,28,2,1,1,6,"0, BRECHE(AVENUE DE LA)",0.0,0.0
201500042384,30,3,15,18,1,94,28,2,1,3,2,"0, CHOISY(ROUTE DE)",0.0,0.0
201500042385,1,4,15,12,1,94,28,2,1,1,3,", FALKIRK(RUE)",0.0,0.0
201500042386,2,4,15,23,5,94,28,2,6,2,3,CHOISY/FOCH,48.7746,2.43934