Num_Acc,jour,mois,an,hr,condition_eclairage,departement,commune,condition_agglomeration,intersection,condition_atmosphere,type_collision,adresse,lattitude,longitude
201500042387,29,3,15,8,1,94,28,2,6,1,6,FOCH/CHOISY,48.7746,2.43934
201500042388,9,4,15,4,5,94,28,1,1,1,1,"0, POMPADOUR(ROUTE DE LA",0.0,0.0
201500042389,13,4,15,17,1,94,11,2,1,1,4,"NC, RHIN ET DANUBE(RUE D",0.0,0.0
201500042390,18,4,15,11,1,94,28,2,1,1,3,"NC, COMPAGNONS DE LA LIB",0.0,0.0
201500042391,16,4,15,14,1,94,11,2,6,1,6,"0, SEMARD(RUE PIERRE)",0.0,0.0
201500042392,23,4,15,16,1,94,28,2,1,1,3,"0, PRAIRIE(RUE DE LA)",0.0,0.0
201500042393,23,4,15,16,1,94,28,2,2,1,2,79 FOCH/FO ST CHRISTOPHE,48.7802,2.43777
201500042394,26,4,15,19,2,94,4,2,1,2,6,AV DU GENERAL LECLERC,48.7567,2.50399
201500042395,27,4,15,16,1,94,28,2,1,1,6,"0, FRANCE LIBRE(AVENUE D",0.0,0.0
201500042396,30,4,15,12,1,94,28,2,1,2,4,"0, CHOISY(ROUTE DE)",0.0,0.0
201500042397,5,5,15,14,1,94,11,2,1,1,3,"00, STAINS(ROUTE DE)",0.0,0.0
201500042398,10,5,15,18,1,94,28,2,1,1,6,"0, PICABIA(RUE FRANCIS)",0.0,0.0
201500042399,8,5,15,20,1,94,28,2,1,1,3,"0, BRIE(RUE DE)",0.0,0.0
201500042400,9,5,15,10,1,94,11,2,1,1,6,"0, ROSTAND.(RUE JEAN)",0.0,0.0
201500042401,7,5,15,14,1,94,28,2,2,1,3,"0, EGLISE.(PLACE DE L')",0.0,0.0
201500042402,11,5,15,18,1,94,28,2,1,1,6,"NC, SALENGRO.(RUE ROGER)",0.0,0.0
201500042403,11,5,15,16,1,94,28,2,1,1,6,"0, FRANCE LIBRE(AVENUE D",0.0,0.0
201500042404,14,5,15,15,1,94,11,2,1,2,7,LYS.(AVENUE DES),0.0,0.0
201500042405,17,5,15,11,1,94,28,2,1,1,3,"NC, LECLERC.(RUE DU GENE",0.0,0.0
201500042406,15,5,15,15,1,94,28,2,1,1,6,"49, CASALIS.(AVE DU DR P",0.0,0.0
201500042407,20,5,15,8,1,94,28,2,1,1,6,"00, MECHES.(RUE DES)",0.0,0.0
201500042408,18,5,15,15,1,94,28,2,1,1,6,"65, SAINT SIMON (rue)",0.0,0.0
201500042409,18,5,15,15,1,94,28,2,3,1,6,"0, GAULLE(AVENUE DU GENE",0.0,0.0
201500042410,24,5,15,20,1,94,28,2,1,1,2,"57, LEDOUX(RUE CLAUDE NI",0.0,0.0
201500042411,20,5,15,21,2,94,28,2,1,1,4,"102, MECHES.(RUE DES)",0.0,0.0
201500042412,29,5,15,2,5,94,28,1,1,1,6,"0, ECHAT(RUE DE L')",0.0,0.0
201500042413,1,6,15,11,1,94,28,2,1,1,2,"0, CHOISY(ROUTE DE)",0.0,0.0
201500042414,2,6,15,16,1,94,28,2,3,1,3,"NC, POMME(RUE DE LA)",0.0,0.0
201500042415,3,6,15,17,1,94,28,2,2,1,4,FOCH/MALFOURCHES,48.7802,2.4377
201500042416,4,6,15,11,1,94,28,2,3,1,2,POMPADOUR/BOEUFS,0.0,0.0
201500042417,4,6,15,12,1,94,11,2,1,1,6,GILLET(RUE ALFRED),0.0,0.0
201500042418,4,6,15,21,2,94,28,2,1,1,7,"0, BRIE(RUE DE)",0.0,0.0
201500042419,6,6,15,20,1,94,11,2,2,1,3,SEMARD/SEMARD,0.0,0.0
201500042420,8,6,15,9,1,94,28,2,1,1,2,"0, MATISSE(RUE HENRI)",0.0,0.0
201500042421,8,6,15,14,1,94,28,2,3,1,3,"00, VERDUN.(AVENUE DE)",0.0,0.0
201500042422,9,6,15,7,1,94,28,2,2,1,3,"0, GAULLE(AVENUE DU GENE",0.0,0.0
201500042423,15,6,15,10,1,94,11,2,1,1,3,"0, MONNET(RUE JEAN)",0.0,0.0
201500042424,17,6,15,21,1,94,28,1,1,1,2,"0, HALPERN.(AVENUE BERNA",0.0,0.0
201500042425,17,6,15,13,1,94,28,2,1,1,6,"00, MECHES.(RUE DES)",0.0,0.0
201500042426,18,6,15,13,1,94,28,2,1,1,6,"00, MECHES.(RUE DES)",0.0,0.0
201500042427,19,6,15,10,1,94,28,2,1,1,3,"0, SAVAR.(RUE JULIETTE)",0.0,0.0
201500042428,22,6,15,1,5,94,28,2,9,1,7,"nc, CHOISY(ROUTE DE)",0.0,0.0
201500042429,23,6,15,8,1,94,11,2,1,1,3,"0, GAULLE(CARREFOUR CHAR",0.0,0.0
201500042430,24,6,15,13,1,94,28,2,1,1,2,"0, CHOISY(ROUTE DE)",0.0,0.0
201500042431,28,6,15,7,1,94,28,1,1,1,6,"0, ECHAT(RUE DE L')",0.0,0.0
201500042432,27,6,15,10,1,94,11,2,1,1,2,"0, BOISSY.(AVENUE DE)",0.0,0.0
201500042433,1,7,15,17,1,94,28,2,3,1,6,"0, KENNEDY.(BOULEVARD JO",0.0,0.0
201500042434,3,7,15,21,1,94,28,2,1,1,6,"0, CHOISY(ROUTE DE)",0.0,0.0
201500042435,4,7,15,23,5,94,28,2,1,1,3,"nc, COURTOIS(AVENUE)",0.0,0.0
201500042436,3,7,15,20,1,94,28,1,1,1,7,"54, LECLERC.(RUE DU GENE",0.0,0.0
201500042437,6,7,15,13,1,94,28,2,1,1,6,"00, CHOISY(ROUTE DE)",0.0,0.0
201500042438,9,7,15,16,1,94,28,2,1,1,3,"0, CHOISY(ROUTE DE)",0.0,0.0
201500042439,13,7,15,2,5,94,11,2,1,1,6,"00, ROSTAND.(RUE JEAN)",0.0,0.0
201500042440,11,7,15,18,1,94,28,2,1,1,3,"0, MOULIN BERSON.(IMPASS",0.0,0.0
201500042441,12,7,15,21,1,94,28,2,1,1,3,"0, CANAL.(RUE DU)",0.0,0.0
201500042442,13,7,15,20,1,94,28,1,1,1,3,"0, CHOISY(ROUTE DE)",0.0,0.0
201500042443,13,7,15,15,1,94,28,2,1,1,6,"0, MESLY(AVENUE DU CHEMI",0.0,0.0
201500042444,18,7,15,20,1,94,28,2,1,1,6,"0, GABIN.(RUE JEAN)",0.0,0.0
201500042445,17,7,15,20,1,94,28,2,1,1,6,"0, CASCADES.(IMPASSE DES",0.0,0.0
201500042446,19,7,15,0,5,94,28,2,1,1,6,"23, CASALIS.(AVE DU DR P",0.0,0.0
201500042447,21,7,15,15,1,94,11,2,1,1,6,"00, PARIS(AVENUE DE)",0.0,0.0
201500042448,22,7,15,18,1,94,28,2,3,1,3,"00, VERDUN.(AVENUE DE)",0.0,0.0
201500042449,23,7,15,17,1,94,28,2,1,1,2,"90, TASSIGNY(AVE DU MARE",0.0,0.0
201500042450,29,7,15,12,1,94,28,2,1,1,3,"00, BILLOTTE.(AVE DU GAL",0.0,0.0
201500042451,30,7,15,18,1,94,28,2,1,1,6,"face B BIS, KOCK.(RUE HE",0.0,0.0
201500042452,5,8,15,13,1,94,28,2,1,1,6,"0, FRANCE LIBRE(AVENUE D",0.0,0.0
201500042453,8,8,15,15,1,94,11,2,1,1,2,"0, ROSTAND.(RUE JEAN)",0.0,0.0
201500042454,13,8,15,10,1,94,11,2,1,1,5,"39, BOISSY.(AVENUE DE)",0.0,0.0
201500042455,18,8,15,8,1,94,11,2,1,1,5,"0, PARIS(AVENUE DE)",0.0,0.0
201500042456,17,8,15,18,1,94,28,2,1,1,6,"0, FALKIRK(RUE)",0.0,0.0
201500042457,19,8,15,19,1,94,28,2,1,1,6,"8, COTONOU.(RUE DE)",0.0,0.0
201500042458,22,8,15,8,1,94,28,2,1,1,6,"0, TASSIGNY(AVE DU MAREC",0.0,0.0
201500042459,26,8,15,9,1,94,28,2,1,1,3,"0, MECHES.(RUE DES)",0.0,0.0
201500042460,26,8,15,1,5,94,11,2,1,1,6,"0, PARIS(AVENUE DE)",0.0,0.0
201500042461,29,8,15,18,1,94,28,2,1,1,6,"0, BORDIERES(RUE DES)",0.0,0.0
201500042462,3,9,15,15,1,94,28,2,1,1,2,"00, MECHES.(RUE DES)",0.0,0.0
201500042463,4,9,15,13,1,94,28,1,3,1,2,FOCH/BRETELLE A886,48.7778,2.43837
201500042464,5,9,15,17,1,94,11,2,1,1,1,"NC, BOUGLIONE(RUE)",0.0,0.0
201500042465,4,9,15,19,2,94,28,2,1,1,1,"NC, RAMON.(RUE DU DOCTEU",0.0,0.0
201500042466,8,9,15,16,1,94,28,2,1,1,6,"0, BRAQUE.(ALLEE GEORGES",0.0,0.0
201500042467,13,9,15,6,1,94,28,1,1,1,6,"0, CHOISY(ROUTE DE)",0.0,0.0
201500042468,13,9,15,22,5,94,28,2,1,1,1,R DE L'ECHAT,48.7993,2.45139
201500042469,12,9,15,7,1,94,28,2,1,1,1,"40, VERDUN.(AVENUE DE)",0.0,0.0
201500042470,10,9,15,8,1,94,11,2,1,1,4,"0, PARIS(AVENUE DE)",0.0,0.0
201500042471,14,9,15,22,5,94,28,2,3,1,6,"61, GAULLE(AVENUE DU GEN",0.0,0.0
201500042472,20,9,15,15,1,94,11,2,1,1,3,"5, OUEST(ROUTE DE L')",0.0,0.0
201500042473,19,9,15,19,1,94,28,2,2,1,3,"01, GAULLE(AVENUE DU GEN",0.0,0.0
201500042474,21,9,15,13,1,94,28,2,1,1,2,"0, KENNEDY.(BOULEVARD JO",0.0,0.0
201500042475,22,9,15,13,1,94,28,2,1,1,6,"35, PARIS.(RUE DE)",0.0,0.0
201500042476,21,9,15,10,1,94,28,2,1,1,6,"0, BOULLE.(RUE ANDRE)",0.0,0.0
201500042477,22,9,15,19,1,94,28,2,1,1,6,"0, FRANCE LIBRE(AVENUE D",0.0,0.0
201500042478,23,9,15,1,3,94,28,1,1,2,7,"0, HALPERN.(AVENUE BERNA",0.0,0.0
201500042479,23,9,15,22,5,94,11,2,9,1,6,"nc, GAULLE(CARREFOUR CHA",0.0,0.0
201500042480,24,9,15,10,1,94,28,2,1,1,2,"0, TASSIGNY(AVE DU MAREC",0.0,0.0
201500042481,26,9,15,9,1,94,28,2,1,1,6,"0, HALPERN.(AVENUE BERNA",0.0,0.0
201500042482,29,9,15,12,1,94,28,2,1,1,1,"NC, FRANCE LIBRE(AVENUE",0.0,0.0
201500042483,29,9,15,15,1,94,28,2,6,1,3,CHOISY/FOCH,48.7746,2.43934
201500042484,1,10,15,18,1,94,28,2,1,1,6,"00, KENNEDY.(BOULEVARD J",0.0,0.0
201500042485,5,10,15,8,1,94,11,2,1,2,7,"0, 28 ARPENTS (rue des)",0.0,0.0
201500042486,1,10,15,10,1,94,28,2,1,1,5,"nc, HALPERN.(AVENUE BERN",0.0,0.0
201500042487,10,10,15,17,1,94,28,2,1,1,2,"33-35, BROSSOLETTE(AVENU",0.0,0.0
201500042488,12,10,15,15,1,94,28,2,1,1,2,"0, ECHAT(RUE DE L')",0.0,0.0
201500042489,14,10,15,17,1,94,28,2,1,1,6,"NC, Duvauchelle (rue Dom",0.0,0.0
201500042490,15,10,15,8,1,94,28,2,1,1,6,"00, MECHES.(RUE DES)",0.0,0.0
201500042491,15,10,15,10,1,94,28,2,6,1,3,CHOISY/FOCH,48.7746,2.43934
201500042492,18,10,15,18,1,94,28,2,1,1,6,"0, CHARPY.(RUE)",0.0,0.0
201500042493,19,10,15,17,1,94,28,1,1,1,6,"0, BOEUFS(CHEMIN DES)",0.0,0.0
201500042494,23,10,15,10,1,94,11,2,1,1,2,"nc, LECLERC.(AVENUE DU M",0.0,0.0
201500042495,2,11,15,12,1,94,28,2,6,1,3,CAR POMPADOUR/FOCH,48.774,2.43915
201500042496,2,11,15,11,1,94,28,2,1,1,6,"0, VALENTON(RUE DE)",0.0,0.0
201500042497,4,11,15,23,5,94,11,2,6,1,3,"00, BOISSY.(AVENUE DE)",0.0,0.0
201500042498,4,11,15,11,1,94,28,2,1,2,3,"0, SAVAR.(RUE JULIETTE)",0.0,0.0
201500042499,6,11,15,9,1,94,28,2,1,1,6,"40, VERDUN.(AVENUE DE)",0.0,0.0
201500042500,10,11,15,10,1,94,28,2,1,1,3,"33, BROSSOLETTE(AVENUE P",0.0,0.0
201500042501,10,11,15,20,5,94,28,2,1,1,6,"119, SAVAR.(RUE JULIETTE",0.0,0.0
201500042502,9,11,15,10,1,94,11,2,3,1,3,"0, REPUBLIQUE(AVENUE DE",0.0,0.0
201500042503,12,11,15,15,1,94,28,2,1,1,6,"nc, OUDRY.(BOULVARD JEAN",0.0,0.0
201500042504,13,11,15,18,5,94,28,2,1,1,6,"0, GAULLE(AVENUE DU GENE",0.0,0.0
201500042505,17,11,15,13,1,94,11,2,1,1,6,GAULLE(CARREFOUR CHARLES,0.0,0.0
201500042506,20,11,15,7,2,94,11,2,3,1,3,"00, REPUBLIQUE(AVENUE DE",0.0,0.0
201500042507,22,11,15,17,1,94,11,2,1,1,7,"0, MARGUERITRES(AVENUE D",0.0,0.0
201500042508,22,11,15,8,1,94,11,2,1,1,1,"nc, BOISSY.(AVENUE DE)",0.0,0.0
201500042509,22,11,15,3,3,94,28,2,2,1,2,"23, TASSIGNY/THOMEREAU",0.0,0.0
201500042510,24,11,15,11,1,94,28,2,6,2,3,CAR POMPADOUR/POMPADOUR,48.7742,2.43882
201500042511,1,12,15,17,5,94,28,2,2,1,3,"0, GAULLE(AVENUE DU GENE",0.0,0.0
201500042512,2,12,15,13,1,94,11,2,1,1,3,"00, BOUGLIONE(RUE)",0.0,0.0
201500042513,3,12,15,12,1,94,28,2,1,1,3,"17, DUHAMEL(RUE GEORGES)",0.0,0.0
201500042514,4,12,15,6,2,94,11,2,1,1,2,BOISSY.(AVENUE DE),0.0,0.0
201500042515,4,12,15,14,1,94,28,2,1,1,2,"0, CHOISY(ROUTE DE)",0.0,0.0
201500042516,8,12,15,17,5,94,28,2,1,2,6,"5, REPUBLIQUE(AVENUE DE",0.0,0.0
201500042517,9,12,15,8,1,94,11,2,1,1,3,"nc, BOISSY.(AVENUE DE)",0.0,0.0
201500042518,9,12,15,7,1,94,28,1,1,1,6,"5, POMPADOUR(ROUTE DE LA",0.0,0.0
201500042519,10,12,15,22,5,94,11,2,1,1,3,"10, STAINS(ROUTE DE)",0.0,0.0
201500042520,11,12,15,18,5,94,28,2,1,1,4,"nc, HALPERN.(AVENUE BERN",0.0,0.0
201500042521,14,12,15,21,5,94,28,2,1,1,3,"0, ARCOS.(RUE RENE)",0.0,0.0
201500042522,15,12,15,9,1,94,28,2,3,2,3,"0, BRIE(RUE DE)",0.0,0.0
201500042523,15,12,15,19,3,94,28,2,1,3,6,"0, MECHES.(RUE DES)",0.0,0.0
201500042524,15,12,15,19,5,94,28,2,1,3,2,"0, HALPERN.(AVENUE BERNA",0.0,0.0
201500042525,16,12,15,18,3,94,28,2,1,1,6,"0, CHOISY(ROUTE DE)",0.0,0.0
201500042526,14,12,15,11,1,94,28,2,1,1,6,"21, GAULLE(AVENUE DU GEN",0.0,0.0
201500042527,16,12,15,19,5,94,28,2,1,1,6,"nc, CHOISY(ROUTE DE)",0.0,0.0
201500042528,17,12,15,17,2,94,11,2,1,1,6,"00, HOTTINGER (Rue Rodol",0.0,0.0
201500042529,21,12,15,16,1,94,28,2,1,2,6,"00, GAULLE(AVENUE DU GEN",0.0,0.0
201500042530,2,1,15,12,1,94,33,2,9,2,3,STALINGRAD (AV DE),0.0,0.0
201500042531,12,1,15,7,1,94,33,2,1,1,5,"29, PARMENTIER (AV)",0.0,0.0
201500042532,1,1,15,5,5,94,33,2,1,1,3,"05, RENARDIERE (R DE LA)",0.0,0.0
201500042533,6,1,15,9,1,94,33,2,3,1,6,DALAYRAC (R),0.0,0.0
201500042534,15,1,15,16,2,94,33,2,1,2,6,"12, MOREAU DAVID (PL)",0.0,0.0
201500042535,17,1,15,1,5,94,33,2,6,2,6,25 AOUT 1944 (BD DU),0.0,0.0
201500042536,23,1,15,9,1,94,33,2,1,1,6,"09, CHARMES (AV DES)",0.0,0.0
201500042537,28,1,15,8,1,94,33,2,1,2,2,"85, REPUBLIQUE (AV DE LA",0.0,0.0
201500042538,28,1,15,18,5,94,33,2,3,8,6,ROGER SALENGRO (R),0.0,0.0
201500042539,30,1,15,13,1,94,33,2,1,5,6,PAUL LANGEVIN (R),0.0,0.0
201500042540,2,2,15,10,1,94,33,2,1,1,6,GABRIEL LACASSAGNE (R),0.0,0.0
201500042541,8,2,15,6,5,94,33,2,1,1,6,"09, CHARMES (AV DES)",0.0,0.0
201500042542,11,2,15,14,1,94,33,2,1,1,6,"13, 25 AOUT 1944 (BD DU)",0.0,0.0
201500042543,4,3,15,17,1,94,33,2,9,1,6,"2, REPUBLIQUE (AV DE LA)",0.0,0.0
201500042544,14,3,15,20,5,94,33,2,1,1,2,"133, REPUBLIQUE (AV DE L",0.0,0.0
201500042545,17,3,15,19,5,94,33,2,1,1,3,FOCH (AV),0.0,0.0
201500042546,28,3,15,13,1,94,33,2,6,1,2,GENERAL DE GAULLE (PL DU,0.0,0.0
201500042547,2,4,15,13,1,94,33,2,1,2,6,LESAGE (R),0.0,0.0
201500042548,8,4,15,13,1,94,33,2,1,1,2,"143, GALLIENI (BD)",0.0,0.0
201500042549,14,4,15,9,1,94,33,2,3,1,3,LA FONTAINE (R),0.0,0.0
201500042550,18,4,15,20,1,94,33,2,9,1,6,"15, JEAN PIERRE TIMBAUD",0.0,0.0
201500042551,19,4,15,19,1,94,33,1,1,1,6,MARECHAL DE LATTRE DE TA,0.0,0.0
201500042552,20,4,15,8,1,94,33,2,8,1,6,"186, VICTOR HUGO (AV)",0.0,0.0
201500042553,23,4,15,8,1,94,33,2,2,7,6,DALAYRAC (R),0.0,0.0
201500042554,28,4,15,5,5,94,33,2,2,1,3,"71, STALINGRAD (AV DE)",0.0,0.0
201500042555,6,5,15,15,1,94,33,2,1,1,2,"02, JULES FERRY (R)",0.0,0.0
201500042556,19,6,15,19,1,94,33,2,1,1,1,CHARLES GARCIA (AV),0.0,0.0
201500042557,26,6,15,19,1,94,33,2,1,1,3,"13, PRESIDENT ROOSEVELT",0.0,0.0
201500042558,27,6,15,21,2,94,33,2,1,1,6,OLYMPIADES (AV DES),0.0,0.0
201500042559,10,7,15,20,1,94,33,2,1,1,6,"105, PARMENTIER (AV)",0.0,0.0
201500042560,26,7,15,15,1,94,33,2,1,3,1,PARMENTIER (AV),0.0,0.0
201500042561,28,7,15,22,2,94,33,2,6,2,3,STALINGRAD (AV DE),0.0,0.0
201500042562,8,8,15,15,1,94,33,2,1,1,6,"27, ROSNY (R DE)",0.0,0.0
201500042563,19,8,15,18,1,94,33,2,6,1,2,GENERAL DE GAULLE (PL DU,0.0,0.0
201500042564,1,9,15,9,1,94,33,2,1,2,3,"13, PRESIDENT ROOSEVELT",0.0,0.0
201500042565,3,9,15,18,1,94,33,2,1,1,2,"186, GALLIENI (BD)",0.0,0.0
201500042566,9,9,15,21,3,94,33,2,1,1,3,MARECHAL JOFFRE (AV DU),0.0,0.0
201500042567,20,9,15,16,1,94,33,2,1,1,7,"98, PARMENTIER (AV)",0.0,0.0
201500042568,28,9,15,10,1,94,33,2,1,1,6,LOUISON BOBET (AV),0.0,0.0
201500042569,1,10,15,7,1,94,33,2,3,1,3,"46, LA FONTAINE (R)",0.0,0.0
201500042570,7,10,15,18,1,94,33,2,1,1,3,CLOS D ORLEANS (R DU),0.0,0.0
201500042571,13,10,15,18,1,94,33,2,2,1,3,PARMENTIER (AV),0.0,0.0
201500042572,20,10,15,22,5,94,33,2,4,1,3,PARMENTIER (AV),0.0,0.0
201500042573,23,10,15,18,1,94,33,2,1,1,6,LOUISON BOBET (AV),0.0,0.0
201500042574,30,10,15,13,1,94,33,2,1,1,6,GENERAL DE GAULLE (PL DU,0.0,0.0
201500042575,2,11,15,13,1,94,33,2,2,1,3,GALLIENI (BD),0.0,0.0
201500042576,1,11,15,7,5,94,33,2,1,1,6,MARAIS (R DES),0.0,0.0
201500042577,5,11,15,12,1,94,33,2,1,1,6,"1, PASTEUR MARTIN LUTHER",0.0,0.0
201500042578,6,11,15,13,1,94,33,2,1,1,2,"205, LA FONTAINE (R)",0.0,0.0
201500042579,6,11,15,17,5,94,33,2,3,2,3,REPUBLIQUE (AV DE LA),0.0,0.0
201500042580,11,11,15,19,5,94,33,2,1,1,7,"50, LOUIS AUROUX (R)",0.0,0.0
201500042581,20,11,15,14,1,94,33,2,2,2,3,DALAYRAC (R),0.0,0.0
201500042582,2,12,15,8,1,94,33,2,3,1,3,PARMENTIER (AV),0.0,0.0
201500042583,2,12,15,19,5,94,33,2,1,1,2,"34, VERDUN (BD DE)",0.0,0.0
201500042584,4,12,15,13,1,94,33,2,3,1,6,CLOS D ORLEANS (R DU),0.0,0.0
201500042585,7,12,15,11,1,94,33,2,5,1,6,REPUBLIQUE (AV DE LA),0.0,0.0
201500042586,8,12,15,7,5,94,33,2,3,1,3,PRESIDENT ROOSEVELT (AV,0.0,0.0
201500042587,3,1,15,15,1,94,16,2,4,2,6,DUMOTEL (AV),0.0,0.0
201500042588,4,1,15,5,5,94,76,2,1,1,6,"25, R MARCEL GROSMENIL",48.7985,2.35503
201500042589,9,1,15,7,5,94,43,2,1,3,7,"24-26, CHASTENET DE GERY",0.0,0.0
201500042590,9,1,15,17,2,94,43,2,1,1,6,"94, FONTAINEBLEAU (AV DE",0.0,0.0
201500042591,11,1,15,15,1,94,76,2,2,1,6,"127, REPUBLIQUE (AV DE L",0.0,0.0
201500042592,14,1,15,0,5,94,76,2,1,2,3,"105, MAXIME GORKI (BD)",0.0,0.0
201500042593,15,1,15,10,1,94,43,2,6,8,3,"91, FONTAINEBLEAU (AV DE",0.0,0.0
201500042594,15,1,15,16,1,94,76,2,1,1,2,"142, MAXIME GORKI (BD)",0.0,0.0
201500042595,16,1,15,5,5,94,76,2,3,1,3,"56, REPUBLIQUE (AV DE LA",0.0,0.0
201500042596,16,1,15,10,1,94,76,2,1,1,7,"32, MAXIME GORKI (R)",0.0,0.0
201500042597,16,1,15,22,5,94,43,1,1,2,3,"18, GENERAL LECLERC (R D",0.0,0.0
201500042598,19,1,15,8,4,94,76,2,3,2,7,"1, MAXIME GORKI (BD)",0.0,0.0
201500042599,20,1,15,20,5,94,3,2,1,1,7,"63, ARISTIDE BRIAND (AV)",0.0,0.0
201500042600,21,1,15,18,2,94,43,2,1,1,3,"42, GABRIEL PERI (R)",0.0,0.0
201500042601,23,1,15,19,5,94,76,2,1,1,2,"8, LOUIS ARAGON (AV)",0.0,0.0
201500042602,24,1,15,9,1,94,3,2,1,2,6,PRESIDENT SALVADOR ALLEN,0.0,0.0
201500042603,28,1,15,19,5,94,43,2,2,8,6,"1, CHARLES GIDE (AV)",0.0,0.0
201500042604,29,1,15,20,5,94,76,2,1,2,7,"14, STALINGRAD (AV DE)",0.0,0.0
201500042605,29,1,15,22,5,94,43,2,6,2,1,"4, PORTE D ITALIE - PTE",0.0,0.0
201500042606,7,2,15,7,2,94,3,2,1,1,6,"127, ARISTIDE BRIAND (AV",0.0,0.0
201500042607,8,2,15,2,5,94,76,2,5,1,3,"163, MAXIME GORKI (R)",0.0,0.0
201500042608,9,2,15,8,1,94,3,2,1,1,7,"1, PAUL VAILLANT COUTURI",0.0,0.0
201500042609,11,2,15,2,5,94,37,2,1,1,7,GALLIENI (AV),0.0,0.0
201500042610,11,2,15,7,2,94,16,2,3,1,3,"23, CARNOT (AV)",0.0,0.0
201500042611,12,2,15,13,1,94,76,2,5,7,7,"9, PAUL VAILLANT COUTURI",0.0,0.0
201500042612,13,2,15,19,4,94,43,2,2,2,6,"106, EDMONT MICHELET (R)",0.0,0.0
201500042613,14,2,15,12,1,94,43,2,1,2,7,"129, FONTAINEBLEAU (AV D",0.0,0.0
201500042614,14,2,15,15,1,94,76,2,2,1,1,"92, MARCEL GROSMESNIL (R",0.0,0.0
201500042615,17,2,15,7,5,94,76,2,2,1,3,"163, MAXIME GORKI (BD)",0.0,0.0
201500042616,23,2,15,7,5,94,76,2,2,3,7,"64, LOUIS ARAGON (AV)",0.0,0.0
201500042617,24,2,15,11,1,94,43,2,1,1,3,"32, FONTAINEBLEAU (AV DE",0.0,0.0
201500042618,24,2,15,16,1,94,3,1,1,1,6,"69, DOCTEUR DURAND (AV D",0.0,0.0
201500042619,28,2,15,5,5,94,43,2,6,1,7,"89, FONTAINEBLEAU (AV DE",0.0,0.0
201500042620,1,3,15,21,5,94,3,2,1,2,7,"17, PAUL VAILLANT COUTUR",0.0,0.0
201500042621,2,3,15,20,4,94,76,2,1,1,6,"4, MOULIN DE SAQUET (R D",0.0,0.0
201500042622,3,3,15,13,1,94,3,2,1,1,6,"11, VACHE NOIRE (LA)",0.0,0.0
201500042623,4,3,15,16,1,94,37,2,2,1,1,"18/20, JEAN JAURES (AV)",0.0,0.0
201500042624,10,3,15,13,1,94,3,2,1,1,3,"59, BERTHOLLET (R)",0.0,0.0
201500042625,14,3,15,6,2,94,16,2,2,1,3,"11, MARX DORMOY (R)",0.0,0.0
201500042626,16,3,15,19,5,94,16,2,1,1,3,"22, SAUSSAIES (R DES)",0.0,0.0
201500042627,17,3,15,11,1,94,76,2,1,1,3,"1, CHASTENET DE GERY (BD",0.0,0.0
201500042628,18,3,15,15,1,94,43,2,1,1,6,"1, EDMONT MICHELET (R)",0.0,0.0
201500042629,19,3,15,1,3,94,37,2,1,1,6,"80, RASPAIL (AV)",0.0,0.0
201500042630,19,3,15,14,1,94,3,1,1,1,3,"23, PAUL DOUMER (AV)",0.0,0.0
201500042631,20,3,15,13,1,94,43,2,1,1,3,"15, EDMONT MICHELET (R)",0.0,0.0
201500042632,21,3,15,3,5,94,43,2,1,1,6,"85, FONTAINEBLEAU (AV DE",0.0,0.0
201500042633,25,3,15,16,1,94,76,2,2,1,6,"147, CHEVILLY (R DE)",0.0,0.0
201500042634,31,3,15,7,5,94,3,2,1,2,6,"22, MARX DORMOY (AV)",0.0,0.0
201500042635,1,4,15,15,1,94,37,2,1,1,2,"17, ARCUEIL (R D)",0.0,0.0
201500042636,2,4,15,12,1,94,16,2,1,2,7,"44, MARECHAL DE LATTRE D",0.0,0.0
201500042637,3,4,15,20,5,94,37,2,1,3,3,"1, PAUL VAILLANT COUTURI",0.0,0.0
201500042638,7,4,15,13,1,94,43,2,1,1,3,"24, FONTAINEBLEAU (AV DE",0.0,0.0
201500042639,9,4,15,9,1,94,76,1,2,1,6,GRIFFUELHES/COUTURIER,0.0,0.0
201500042640,9,4,15,14,1,94,43,2,1,1,3,"22, VOLTAIRE (R)",0.0,0.0
201500042641,9,4,15,19,1,94,43,2,1,1,3,FONTAINEBLEAU (AV DE),0.0,0.0
201500042642,12,4,15,15,1,94,43,2,1,1,1,"44, FONTAINEBLEAU (AV DE",0.0,0.0
201500042643,17,4,15,4,5,94,76,2,3,1,3,"1, CHASTENET DE GERY (BD",0.0,0.0
201500042644,18,4,15,22,5,94,3,2,2,1,2,GABRIEL PERI (AV),0.0,0.0
201500042645,19,4,15,12,1,94,3,1,1,1,6,"37, GENERAL MALLERET JOI",0.0,0.0
201500042646,21,4,15,14,1,94,3,2,1,1,6,"53, JEAN JAURES (AV)",0.0,0.0
201500042647,23,4,15,8,1,94,3,2,1,1,2,"57, ARISTIDE BRIAND (AV)",0.0,0.0
201500042648,1,5,15,20,1,94,43,2,1,2,2,"63, GABRIEL PERI (R)",0.0,0.0
201500042649,11,5,15,18,1,94,76,2,3,1,3,"23, HENRI BARBUSSE (R)",0.0,0.0
201500042650,11,5,15,18,1,94,3,2,1,1,1,"27, PRESIDENT SALVADOR A",0.0,0.0
201500042651,12,5,15,19,1,94,76,2,1,1,6,"50, STALINGRAD (AV DE)",0.0,0.0
201500042652,13,5,15,0,5,94,43,2,1,1,3,"41, FONTAINEBLEAU (AV DE",0.0,0.0
201500042653,13,5,15,13,1,94,76,2,1,1,3,"163, MAXIME GORKI (BD)",0.0,0.0
201500042654,16,5,15,11,1,94,76,2,1,1,7,"2, LOUIS ARAGON (AV)",0.0,0.0
201500042655,18,5,15,9,1,94,43,2,1,1,6,"83, FONTAINEBLEAU (AV DE",0.0,0.0
201500042656,18,5,15,10,1,94,37,2,3,1,6,"35, PAUL VAILLANT COUTUR",0.0,0.0
201500042657,21,5,15,18,1,94,43,2,3,1,3,"1, CHARLES GIDE (AV)",0.0,0.0
201500042658,21,5,15,22,5,94,76,2,1,1,5,"43, REPUBLIQUE (AV DE LA",0.0,0.0
201500042659,22,5,15,8,1,94,16,2,3,1,2,"1, EMILE ZOLA (R)",0.0,0.0
201500042660,24,5,15,18,1,94,16,2,1,1,2,"1, LEON BLUM (AV)",0.0,0.0
201500042661,25,5,15,14,1,94,76,2,2,1,1,"1, FRANCOIS BILLOUX (R)",0.0,0.0
201500042662,27,5,15,22,5,94,16,2,2,1,3,DUMOTEL/,0.0,0.0
201500042663,27,5,15,18,1,94,76,1,3,1,1,"1, MAXIME GORKI (R)",0.0,0.0
201500042664,27,5,15,22,5,94,43,2,2,1,3,"50, FONTAINEBLEAU (AV DE",0.0,0.0
201500042665,28,5,15,8,1,94,43,2,1,1,4,"2, VOLTAIRE (R)",0.0,0.0
201500042666,30,5,15,23,5,94,43,2,1,1,2,"94, CHARLES GIDE (AV)",0.0,0.0
201500042667,31,5,15,9,1,94,16,2,1,1,7,"33, ARISTIDE BRIAND (AV)",0.0,0.0