Num_Acc,jour,mois,an,hr,condition_eclairage,departement,commune,condition_agglomeration,intersection,condition_atmosphere,type_collision,adresse,lattitude,longitude
201500042668,2,6,15,18,1,94,76,2,2,1,1,"6/8, LOUIS ARAGON (AV)",0.0,0.0
201500042669,5,6,15,17,1,94,76,2,1,1,3,"49, MAXIME GORKI (BD)",0.0,0.0
201500042670,6,6,15,15,1,94,43,2,1,1,3,"79, FONTAINEBLEAU (AV DE",0.0,0.0
201500042671,8,6,15,8,1,94,37,2,1,1,3,"3, GALLIENI (AV)",0.0,0.0
201500042672,9,6,15,9,1,94,16,1,1,1,3,"13, ARISTIDE BRIAND (AV)",0.0,0.0
201500042673,10,6,15,12,1,94,76,2,1,1,3,"92, MARCEL GROSMESNIL (R",0.0,0.0
201500042674,10,6,15,17,1,94,76,2,1,1,6,"11-17, EPI D OR (AV DE L",0.0,0.0
201500042675,11,6,15,10,1,94,76,2,1,1,2,"21, JEAN JAURES (R)",0.0,0.0
201500042676,12,6,15,14,1,94,76,2,1,1,2,"40, MAXIME GORKI (BD)",0.0,0.0
201500042677,15,6,15,22,5,94,76,2,1,1,3,"148, MAXIME GORKI (BD)",0.0,0.0
201500042678,16,6,15,20,1,94,16,2,3,1,3,"1, COUSIN DE MERICOURT (",0.0,0.0
201500042679,17,6,15,11,1,94,76,2,1,1,6,"16, REPUBLIQUE (AV DE LA",0.0,0.0
201500042680,18,6,15,11,1,94,3,2,1,2,2,ARISTIDE BRIAND (AV),0.0,0.0
201500042681,18,6,15,16,1,94,76,2,2,1,6,PARIS (AV DE),0.0,0.0
201500042682,18,6,15,17,1,94,3,2,1,1,3,"127, ARISTIDE BRIAND (AV",0.0,0.0
201500042683,19,6,15,9,1,94,76,2,1,1,6,"12, PAUL VAILLANT COUTUR",0.0,0.0
201500042684,21,6,15,15,1,94,43,2,1,1,3,"27, FONTAINEBLEAU (AV DE",0.0,0.0
201500042685,21,6,15,17,1,94,76,2,1,1,6,"26, REPUBLIQUE (AV DE LA",0.0,0.0
201500042686,21,6,15,19,1,94,76,2,1,1,3,"22, KARL LIEBNECHT (SEN)",0.0,0.0
201500042687,22,6,15,15,1,94,37,2,1,1,1,AVENUE (PREMIERE),0.0,0.0
201500042688,23,6,15,18,1,94,37,2,1,1,6,"17, PAUL VAILLANT COUTUR",0.0,0.0
201500042689,2,7,15,15,1,94,43,2,1,1,2,"44, GABRIEL PERI (R)",0.0,0.0
201500042690,3,7,15,10,1,94,3,2,1,1,5,"6, PRESIDENT SALVADOR AL",0.0,0.0
201500042691,3,7,15,22,5,94,43,2,1,1,7,"74, FONTAINEBLEAU (AV DE",0.0,0.0
201500042692,4,7,15,16,1,94,76,2,2,1,3,"163, MAXIME GORKI (BD)",0.0,0.0
201500042693,7,7,15,11,1,94,76,2,1,1,5,"118, MAXIME GORKI (R)",0.0,0.0
201500042694,17,7,15,15,1,94,3,2,2,1,3,"10-12, CONVENTION (AV DE",0.0,0.0
201500042695,18,7,15,18,1,94,76,2,1,1,2,"55, LOUIS ARAGON (AV)",0.0,0.0
201500042696,18,7,15,20,1,94,37,2,1,1,7,"18, RAYMOND LEFEBVRE (R)",0.0,0.0
201500042697,22,7,15,13,1,94,43,1,2,1,5,EUGENE THOMAS (AV),0.0,0.0
201500042698,10,7,15,20,1,94,76,2,3,1,3,"24, REPUBLIQUE (AV DE LA",0.0,0.0
201500042699,25,7,15,14,1,94,16,2,2,1,3,"79, LEON BLUM (AV)",0.0,0.0
201500042700,28,7,15,17,1,94,76,2,1,8,1,"11/13, CHASTENET DE GERY",0.0,0.0
201500042701,29,7,15,17,1,94,16,2,1,1,6,"43, CARNOT (AV)",0.0,0.0
201500042702,1,8,15,8,1,94,76,2,3,1,3,"50, REPUBLIQUE (AV DE LA",0.0,0.0
201500042703,1,8,15,20,1,94,16,2,1,1,6,"02, VIGNES (R DES)",0.0,0.0
201500042704,5,8,15,13,1,94,76,2,3,1,3,"70, CHEVILLY (R DE)",0.0,0.0
201500042705,7,8,15,22,5,94,76,2,1,1,3,"2, JEAN BAPTISTE BAUDIN",0.0,0.0
201500042706,11,8,15,17,1,94,43,2,1,1,2,"40, CHARLES GIDE (AV)",0.0,0.0
201500042707,12,8,15,3,5,94,16,2,1,1,7,"2, CARNOT (AV)",0.0,0.0
201500042708,12,8,15,16,1,94,76,2,1,1,4,"70, PARIS (AV DE)",0.0,0.0
201500042709,18,8,15,18,1,94,3,2,1,1,7,"104, JEAN JAURES (AV)",0.0,0.0
201500042710,20,8,15,12,1,94,43,2,2,2,6,"56, CONVENTION (R DE LA)",0.0,0.0
201500042711,24,8,15,6,5,94,43,2,1,4,3,"167, GABRIEL PERI (R)",0.0,0.0
201500042712,24,8,15,14,1,94,76,2,1,1,7,"23, PAUL VAILLANT COUTUR",0.0,0.0
201500042713,26,8,15,10,1,94,76,2,2,2,2,"1, DANIEL FERY (R)",0.0,0.0
201500042714,30,8,15,14,1,94,76,2,1,1,6,"76, CONDORCET (R)",0.0,0.0
201500042715,31,8,15,1,5,94,3,2,2,1,3,"1, ASPASIE JULES CARON (",0.0,0.0
201500042716,31,8,15,19,1,94,43,2,1,1,7,"40, CHARLES GIDE (AV)",0.0,0.0
201500042717,5,9,15,17,1,94,43,2,1,1,7,"36, CONVENTION (R DE LA)",0.0,0.0
201500042718,8,9,15,12,1,94,76,1,2,1,3,"42, JEAN LURCAT (R)",0.0,0.0
201500042719,8,9,15,15,1,94,76,2,1,1,3,PARIS (AV DE),0.0,0.0
201500042720,9,9,15,11,1,94,76,2,3,1,7,"2, CHARDONS (AV DES)",0.0,0.0
201500042721,10,9,15,9,1,94,16,2,1,1,2,"78, PRESIDENT WILSON (AV",0.0,0.0
201500042722,10,9,15,15,1,94,76,2,1,1,4,"111, CHEVILLY (R DE)",0.0,0.0
201500042723,10,9,15,19,1,94,76,2,3,1,7,"4, AUGUSTE RENOIR (R)",0.0,0.0
201500042724,11,9,15,11,1,94,76,2,1,1,7,"61, VEROLLOT (R)",0.0,0.0
201500042725,12,9,15,12,1,94,3,2,3,3,3,"67, VLADIMIR ILLITCH LEN",0.0,0.0
201500042726,12,9,15,17,1,94,43,2,1,3,2,"63, FONTAINEBLEAU (AV DE",0.0,0.0
201500042727,14,9,15,0,5,94,76,2,1,1,2,"185, MAXIME GORKI (BD)",0.0,0.0
201500042728,17,9,15,8,1,94,16,2,1,1,1,"6, MARECHAL DE LATTRE DE",0.0,0.0
201500042729,20,9,15,16,1,94,76,2,1,1,3,"19BIS, PARIS (AV DE)",0.0,0.0
201500042730,24,9,15,11,1,94,76,1,3,1,3,"126, STALINGRAD (AV DE)",0.0,0.0
201500042731,25,9,15,19,1,94,37,2,3,1,7,"141, PAUL VAILLANT COUTU",0.0,0.0
201500042732,26,9,15,16,1,94,43,2,1,1,6,"19, FONTAINEBLEAU (AV DE",0.0,0.0
201500042733,27,9,15,19,2,94,76,2,3,1,7,"18, DIVISION DU GENERAL",0.0,0.0
201500042734,28,9,15,7,2,94,43,2,1,1,2,"13, FONTAINEBLEAU (AV DE",0.0,0.0
201500042735,29,9,15,16,1,94,76,1,2,7,3,"13, LOUIS ARAGON (AV)",0.0,0.0
201500042736,29,9,15,15,1,94,76,2,9,1,7,"141, PARIS (AV DE)",0.0,0.0
201500042737,5,10,15,21,5,94,16,2,3,2,3,"149, ARISTIDE BRIAND (AV",0.0,0.0
201500042738,6,10,15,8,2,94,43,2,1,3,3,"16, CHASTENET DE GERY (B",0.0,0.0
201500042739,7,10,15,10,1,94,76,2,9,1,7,"17, PAUL VAILLANT COUTUR",0.0,0.0
201500042740,7,10,15,13,1,94,3,2,1,1,7,"108, JEAN JAURES (AV)",0.0,0.0
201500042741,7,10,15,12,1,94,3,2,1,1,7,"10, PAUL DOUMER (ALL)",0.0,0.0
201500042742,8,10,15,19,5,94,16,1,3,1,1,"49, PAUL VAILLANT COUTUR",0.0,0.0
201500042743,8,10,15,20,4,94,43,2,3,1,6,"1, VERDUN (R DE)",0.0,0.0
201500042744,9,10,15,12,1,94,43,2,1,1,7,"29, FONTAINEBLEAU (AV DE",0.0,0.0
201500042745,12,10,15,16,1,94,16,2,1,1,6,"31, PRESIDENT WILSON (AV",0.0,0.0
201500042746,13,10,15,17,1,94,16,1,1,1,6,"4, EUROPE (AV DE L)",0.0,0.0
201500042747,15,10,15,8,1,94,76,1,1,2,3,"15, PARIS (AV DE)",0.0,0.0
201500042748,18,10,15,2,5,94,76,2,2,2,3,"163, MAXIME GORKI (BD)",0.0,0.0
201500042749,18,10,15,13,1,94,76,2,1,1,3,"65, LOUIS ARAGON (AV)",0.0,0.0
201500042750,22,10,15,14,1,94,76,2,1,2,6,"50, PRESIDENT ALLENDE (A",0.0,0.0
201500042751,23,10,15,18,2,94,3,2,3,1,5,"8, PAUL VAILLANT COUTURI",0.0,0.0
201500042752,24,10,15,2,5,94,37,2,1,1,6,"2, CHARLES FREROT (R)",0.0,0.0
201500042753,24,10,15,23,5,94,76,1,2,8,1,"79, LOUIS ARAGON (AV)",0.0,0.0
201500042754,26,10,15,13,1,94,3,2,1,8,3,"53, GABRIEL PERI (AV)",0.0,0.0
201500042755,27,10,15,18,5,94,16,2,3,1,1,"29, ARISTIDE BRIAND (AV)",0.0,0.0
201500042756,2,11,15,19,5,94,76,2,1,1,7,"25, SAINTE COLOMBE (R)",0.0,0.0
201500042757,3,11,15,16,1,94,76,2,1,1,3,"116, MAXIME GORKI (R)",0.0,0.0
201500042758,5,11,15,11,1,94,43,2,2,1,3,"19, CONVENTION (R DE LA)",0.0,0.0
201500042759,5,11,15,20,5,94,76,2,1,1,3,"159, PARIS (AV DE)",0.0,0.0
201500042760,8,11,15,6,2,94,76,2,2,1,3,"49, REPUBLIQUE (AV DE LA",0.0,0.0
201500042761,10,11,15,21,5,94,3,2,1,1,1,"1, GENERAL MALLERET JOIN",0.0,0.0
201500042762,16,11,15,14,1,94,3,2,2,1,2,COUTURIER/DELAUNE,0.0,0.0
201500042763,19,11,15,10,1,94,43,2,1,1,3,"167, GABRIEL PERI (R)",0.0,0.0
201500042764,20,11,15,19,5,94,76,2,1,2,3,"60, STALINGRAD (AV DE)",0.0,0.0
201500042765,23,11,15,18,5,94,76,2,1,1,3,"48, LOUIS ARAGON (AV)",0.0,0.0
201500042766,24,11,15,0,5,94,3,2,1,1,6,"36, LAPLACE (AV)",0.0,0.0
201500042767,25,11,15,13,1,94,37,2,3,8,3,"161, PAUL VAILLANT COUTU",0.0,0.0
201500042768,27,11,15,16,1,94,37,2,3,8,1,"12, LAFOUGE (R)",0.0,0.0
201500042769,27,11,15,21,3,94,76,2,1,2,3,"1, REPUBLIQUE (AV DE LA)",0.0,0.0
201500042770,28,11,15,9,1,94,76,2,1,1,6,"175, KARL MARX (AV)",0.0,0.0
201500042771,29,11,15,0,5,94,37,2,1,2,7,"95, PAUL VAILLANT COUTUR",0.0,0.0
201500042772,30,11,15,11,1,94,76,2,1,2,6,"1, JULES JOFFRIN (R)",0.0,0.0
201500042773,1,12,15,8,1,94,76,2,3,1,7,"24, VERDUN (R DE)",0.0,0.0
201500042774,3,12,15,18,5,94,16,2,3,1,7,"1, CAMILLE DESMOULINS (R",0.0,0.0
201500042775,4,12,15,12,1,94,76,2,1,1,6,"101, PAUL VAILLANT COUTU",0.0,0.0
201500042776,4,12,15,15,1,94,3,2,1,1,4,"9, LAPLACE (AV)",0.0,0.0
201500042777,7,12,15,5,5,94,76,1,1,1,2,"172, MAXIME GORKI (BD)",0.0,0.0
201500042778,7,12,15,16,1,94,37,2,2,1,3,"61, BENOIT MALON (R)",0.0,0.0
201500042779,7,12,15,16,5,94,16,2,1,1,3,"33, LEON BLUM (AV)",0.0,0.0
201500042780,8,12,15,21,5,94,3,2,1,2,3,"136, VACHE NOIRE (LA)",0.0,0.0
201500042781,9,12,15,13,1,94,76,2,1,7,7,"88, JEAN JAURES (R)",0.0,0.0
201500042782,10,12,15,17,4,94,37,2,2,1,3,PAUL VAILLANT COUTURIER,0.0,0.0
201500042783,10,12,15,17,2,94,43,2,1,1,7,"5, VERDUN (R DE)",0.0,0.0
201500042784,13,12,15,14,1,94,76,2,1,1,3,"20, VERDUN (R DE)",0.0,0.0
201500042785,15,12,15,7,5,94,3,2,1,1,6,"85, PAUL VAILLANT COUTUR",0.0,0.0
201500042786,17,12,15,18,5,94,37,2,3,1,3,"9, CHARLES FREROT (R)",0.0,0.0
201500042787,19,12,15,12,1,94,43,1,1,1,3,"123, FONTAINEBLEAU (AV D",0.0,0.0
201500042788,23,12,15,10,1,94,3,2,1,1,7,"03, MARX DORMOY (AV)",0.0,0.0
201500042789,24,12,15,2,5,94,76,2,1,1,6,"41, PARIS (AV DE)",0.0,0.0
201500042790,2,2,15,16,1,94,76,2,3,1,6,"3, FONTAINE (PAS DE LA)",0.0,0.0
201500042791,29,4,15,16,1,94,3,2,3,1,3,"1, GENERAL MALLERET JOIN",0.0,0.0
201500042792,30,4,15,10,1,94,43,2,1,2,2,"25 BIS, EUGENE THOMAS (A",0.0,0.0
201500042793,23,12,15,18,5,94,76,1,1,1,7,"1, DIVISION DU GENERAL L",0.0,0.0
201500042794,2,1,15,13,1,94,73,2,1,1,2,AV DE VERSAILLES,48.7562,2.38709
201500042795,2,1,15,16,1,94,38,2,1,8,6,"., ALBERT WATEL (R)",0.0,0.0
201500042796,5,1,15,10,1,94,65,2,5,1,3,TROIS MARCHES (Av des),0.0,0.0
201500042797,5,1,15,16,1,94,38,2,3,8,6,"31, SAUSSAIES (VOI DES)",0.0,0.0
201500042798,6,1,15,7,2,94,21,2,1,2,3,"., MONTPELLIERS (RUE DE)",0.0,0.0
201500042799,8,1,15,11,1,94,38,2,2,8,1,LARROUMES (AV),0.0,0.0
201500042800,8,1,15,13,1,94,38,2,1,2,6,"48, DIVISION LECLERC (AV",0.0,0.0
201500042801,8,1,15,19,5,94,73,2,1,1,3,LUXEMBOURG (AV DU),0.0,0.0
201500042802,9,1,15,9,1,94,21,2,1,2,6,"., STALINGRAD (AV DE)",0.0,0.0
201500042803,13,1,15,13,1,94,73,2,1,2,6,"38, HELENE MULLER (R)",0.0,0.0
201500042804,13,1,15,14,1,94,38,2,3,2,7,LARROUMES (AV),0.0,0.0
201500042805,14,1,15,6,5,94,73,2,2,2,3,"., BAS MARIN (R DU)",0.0,0.0
201500042806,14,1,15,12,1,94,38,1,1,3,6,"., PAUL VAILLANT COUTURI",0.0,0.0
201500042807,15,1,15,7,2,94,34,2,2,1,2,PASTEUR (BD),0.0,0.0
201500042808,16,1,15,12,1,94,38,2,1,1,3,"124, PAUL VAILLANT COUTU",0.0,0.0
201500042809,16,1,15,19,3,94,73,2,1,1,2,BAS MARIN (R DU),0.0,0.0
201500042810,21,1,15,11,1,94,38,2,2,1,3,BICETRE (R DE),0.0,0.0
201500042811,24,1,15,16,1,94,73,2,2,1,1,rond point d'Espagne,0.0,0.0
201500042812,27,1,15,20,5,94,34,2,1,1,1,PAIX (AV DE LA),0.0,0.0
201500042813,29,1,15,18,4,94,34,2,4,2,6,ROGER SALENGRO (R),0.0,0.0
201500042814,30,1,15,18,3,94,65,2,1,8,2,RN 186,48.7539,2.36543
201500042815,31,1,15,21,5,94,73,1,1,2,6,RN 186,48.7537,2.37607
201500042816,6,2,15,6,5,94,65,1,1,1,3,"., CHARLES LINDBERGH (AV",0.0,0.0
201500042817,6,2,15,13,1,94,73,2,1,1,3,"38, GENERAL DE GAULLE (A",0.0,0.0
201500042818,6,2,15,18,5,94,38,2,1,1,6,"35, CHEVILLY (R DE)",0.0,0.0
201500042819,10,2,15,11,1,94,73,2,2,1,2,"12, BAS MARIN (R DU)",0.0,0.0
201500042820,10,2,15,19,3,94,65,1,1,1,4,RN 186,48.7538,2.35842
201500042821,12,2,15,8,1,94,21,2,1,1,7,"., STALINGRAD (AV DE)",0.0,0.0
201500042822,12,2,15,16,1,94,21,2,3,1,3,"., RUE PAUL HOCHART",0.0,0.0
201500042823,13,2,15,7,1,94,65,1,1,1,6,RN 186,48.7533,2.36747
201500042824,13,2,15,10,1,94,65,1,1,1,2,"., RUE DE NORMANDIE",0.0,0.0
201500042825,14,2,15,11,1,94,38,2,1,2,1,"122, HENRI BARBUSSE (AV)",0.0,0.0
201500042826,20,2,15,8,1,94,73,1,2,2,3,"., LEON MARCHAND (AV)",0.0,0.0
201500042827,25,2,15,4,5,94,65,2,2,1,1,"., TROIS MARCHES (AV) /",0.0,0.0
201500042828,26,2,15,18,5,94,65,2,3,2,3,"., CHARLES LINDBERGH (AV",0.0,0.0
201500042829,28,2,15,5,5,94,65,1,1,1,6,"., PONT DES HALLES (R DU",0.0,0.0
201500042830,3,3,15,8,1,94,38,2,1,1,7,"., CHEVILLY (R DE)",0.0,0.0
201500042831,4,3,15,11,1,94,38,2,1,1,6,DISPAN (R),0.0,0.0
201500042832,4,3,15,17,1,94,65,2,1,1,7,"., BOULEVARD CIRCULAIRE",0.0,0.0
201500042833,5,3,15,5,5,94,73,2,1,1,3,RN 186,48.754,2.37937
201500042834,7,3,15,13,1,94,38,2,1,1,4,"., FLOUQUET (AV)",0.0,0.0
201500042835,13,3,15,19,5,94,65,2,1,1,6,"., RUE DU VIADUC",0.0,0.0
201500042836,14,3,15,15,1,94,38,2,2,1,3,"., PAUL VAILLANT COUTURI",0.0,0.0
201500042837,18,3,15,13,1,94,38,2,1,1,3,"18, HUIT MAI 1945 (R DU)",0.0,0.0
201500042838,19,3,15,9,1,94,38,2,1,1,7,"., HENRI BARBUSSE (AV)",0.0,0.0
201500042839,21,3,15,18,2,94,65,2,1,1,6,"., CHARLES LINDBERGH (AV",0.0,0.0
201500042840,23,3,15,0,5,94,38,2,1,1,6,"., LARROUMES (AV)",0.0,0.0
201500042841,24,3,15,21,5,94,73,1,1,3,6,RN 186,48.7537,2.37595
201500042842,26,3,15,8,1,94,73,2,9,1,3,"17, ALOUETTES (R DES)",0.0,0.0
201500042843,26,3,15,15,1,94,34,2,6,2,2,"., STALINGRAD (AV DE)",0.0,0.0
201500042844,27,3,15,8,1,94,38,2,1,1,6,"3, SAINTE COLOMBE (R)",0.0,0.0
201500042845,27,3,15,14,1,94,73,2,1,1,2,FONTAINEBLEAU (AV DE),0.0,0.0
201500042846,28,3,15,8,1,94,38,2,6,2,3,"1, BELVEDERE (R DU)",0.0,0.0
201500042847,29,3,15,21,5,94,38,2,1,2,4,CHEVILLY (R DE),0.0,0.0
201500042848,30,3,15,11,1,94,38,2,9,1,3,"40, BICETRE (R DE)",0.0,0.0
201500042849,30,3,15,11,1,94,21,2,1,1,6,", EDITH PIAF (R)",0.0,0.0
201500042850,5,4,15,11,1,94,73,2,1,1,1,"02, HELENE MULLER (R)",0.0,0.0
201500042851,6,4,15,13,1,94,73,2,1,1,7,"., ALOUETTES (R DES)",0.0,0.0
201500042852,10,4,15,11,1,94,65,2,1,1,6,CHATEAU (R DU),0.0,0.0
201500042853,11,4,15,16,1,94,73,1,1,1,6,boulevard de l'europe,0.0,0.0
201500042854,13,4,15,18,1,94,73,2,1,1,6,"7, JEAN JAURES (R)",0.0,0.0
201500042855,20,4,15,7,1,94,21,2,2,1,3,"., DES MARAICHERS (AVENU",0.0,0.0
201500042856,20,4,15,16,1,94,73,2,1,1,3,"., ALOUETTES (R DES)",0.0,0.0
201500042857,20,4,15,18,1,94,73,2,3,1,7,"., VICTOR BASCH (R)",0.0,0.0
201500042858,25,4,15,20,2,94,21,2,1,2,6,"09, PICARDIE (R DE)",0.0,0.0
201500042859,26,4,15,7,1,94,73,2,6,9,6,"., GENERAL DE GAULLE (AV",0.0,0.0
201500042860,28,4,15,8,1,94,34,2,9,7,3,"., PAIX (AV DE LA)",0.0,0.0
201500042861,3,5,15,14,1,94,73,2,1,2,6,VERSAILLES (AV DE),0.0,0.0
201500042862,5,5,15,17,1,94,34,2,1,1,6,"37, REPUBLIQUE (AV DE LA",0.0,0.0
201500042863,12,5,15,23,5,94,73,2,1,1,2,GABRIEL PERI (R),0.0,0.0
201500042864,13,5,15,17,1,94,65,2,1,1,3,CHARLES LINDBERGH (AV),0.0,0.0
201500042865,15,5,15,20,2,94,73,2,2,1,3,LEON MARCHAND (AV),0.0,0.0
201500042866,19,5,15,4,5,94,65,2,3,1,7,"., CHARENTES (AVENUE DES",0.0,0.0
201500042867,22,5,15,7,1,94,73,2,3,9,6,"., GENERAL DE GAULLE (AV",0.0,0.0
201500042868,22,5,15,18,1,94,38,1,8,1,6,"., PAUL HOCHART (R)",0.0,0.0
201500042869,25,5,15,17,1,94,73,2,1,1,7,"., FONTAINEBLEAU (AV DE)",0.0,0.0
201500042870,27,5,15,17,1,94,73,2,1,1,6,"., GENERAL DE GAULLE (AV",0.0,0.0
201500042871,29,5,15,17,1,94,73,2,3,1,3,"., HENRI DUNANT (R)",0.0,0.0
201500042872,29,5,15,20,1,94,73,2,1,1,2,"., VERSAILLES (AV DE)",0.0,0.0
201500042873,30,5,15,18,1,94,38,2,2,1,2,"2, HENRI BARBUSSE (AV)",0.0,0.0
201500042874,1,6,15,22,3,94,38,2,3,1,6,FLOUQUET (AV),0.0,0.0
201500042875,1,6,15,23,5,94,65,2,2,1,2,"angle, CHARLES LINDBERGH",0.0,0.0
201500042876,3,6,15,16,1,94,21,2,6,1,5,"., GENERAL DE GAULLE (AV",0.0,0.0
201500042877,5,6,15,16,1,94,34,2,1,1,2,STALINGRAD (AV DE),0.0,0.0
201500042878,5,6,15,16,1,94,73,2,1,1,3,LUXEMBOURG (AV DU),0.0,0.0
201500042879,11,6,15,15,1,94,21,2,9,1,3,"45, FRANKLIN ROOSEVELT (",0.0,0.0
201500042880,11,6,15,21,2,94,73,2,9,1,3,LUXEMBOURG (AV DU),0.0,0.0
201500042881,12,6,15,8,1,94,21,2,1,1,3,PETIT LEROY (R DU),0.0,0.0
201500042882,12,6,15,16,1,94,21,2,4,1,2,PERE MAZURIE (R DU),0.0,0.0
201500042883,12,6,15,18,1,94,21,2,1,1,3,"125, JEAN MERMOZ (BD)",0.0,0.0
201500042884,15,6,15,22,5,94,38,2,2,1,3,PAUL VAILLANT COUTURIER,0.0,0.0
201500042885,15,6,15,22,5,94,21,2,9,1,2,CITE (AV DE LA),0.0,0.0
201500042886,16,6,15,8,1,94,65,2,6,1,3,HALLIERS/LINDBERGH,48.7531,2.34984
201500042887,18,6,15,11,1,94,65,2,1,8,3,"., CHARLES LINDBERGH (AV",0.0,0.0
201500042888,1,6,15,11,1,94,73,2,1,1,6,"193, STALINGRAD (BD DE)",0.0,0.0
201500042889,22,6,15,17,1,94,38,2,1,2,6,"124, PAUL VAILLANT COUTU",0.0,0.0
201500042890,25,6,15,8,1,94,21,2,1,1,4,FRANKLIN ROOSEVELT (AV),0.0,0.0
201500042891,25,6,15,17,1,94,73,2,1,1,4,"7, ALOUETTES (R DES)",0.0,0.0
201500042892,26,6,15,8,1,94,34,2,1,1,4,"02, PIERRE CURIE (PL)",0.0,0.0
201500042893,26,6,15,9,1,94,21,2,1,1,3,"., 11 novembre 1918 (Rue",0.0,0.0
201500042894,26,6,15,18,1,94,65,1,1,1,5,RN 186,48.7538,2.36165
201500042895,27,6,15,22,5,94,21,2,2,1,7,BEARN (R DU),0.0,0.0
201500042896,28,6,15,5,2,94,73,2,9,1,6,FONTAINEBLEAU (AV DE),0.0,0.0
201500042897,28,6,15,12,1,94,73,2,1,1,4,FONTAINEBLEAU (AV DE),0.0,0.0
201500042898,5,7,15,11,1,94,65,2,1,1,4,"., CIRCULAIRE (boulevard",0.0,0.0
201500042899,10,7,15,18,1,94,73,2,1,1,6,"22, FREDERIC MISTRAL PRO",0.0,0.0
201500042900,15,7,15,8,1,94,38,2,4,1,6,"4, SAINTE COLOMBE (R)",0.0,0.0
201500042901,19,7,15,19,1,94,73,1,1,1,2,"., FONTAINEBLEAU (AV DE)",0.0,0.0
201500042902,19,7,15,20,1,94,21,2,1,1,6,"., BEARN (R DU)",0.0,0.0
201500042903,20,7,15,11,1,94,73,2,2,1,3,PARKING CCR BELLE EPINE,0.0,0.0
201500042904,23,7,15,14,1,94,21,2,9,1,3,"5 ter, GENERAL DE GAULLE",0.0,0.0
201500042905,23,7,15,21,2,94,38,2,1,1,6,"112, HENRI BARBUSSE (AV)",0.0,0.0
201500042906,24,7,15,9,1,94,65,2,1,1,4,AV CHARLES LINDBERGH,0.0,0.0
201500042907,26,7,15,17,1,94,38,2,1,2,7,"., PAUL VAILLANT COUTURI",0.0,0.0
201500042908,31,7,15,12,1,94,38,2,1,1,3,"107, PAUL VAILLANT COUTU",0.0,0.0
201500042909,31,7,15,17,1,94,38,2,2,1,3,HENRI THIRARD (R),0.0,0.0
201500042910,2,8,15,0,5,94,73,1,1,1,2,"., FONTAINEBLEAU - CAR B",0.0,0.0
201500042911,13,8,15,18,1,94,73,2,3,3,3,"., VERSAILLES (AV DE)",0.0,0.0
201500042912,17,8,15,11,1,94,21,2,3,1,3,"., GEORGES GUYNEMER (AV)",0.0,0.0
201500042913,19,8,15,21,2,94,38,2,2,1,3,PAUL VAILLANT COUTURIER,0.0,0.0
201500042914,21,8,15,10,1,94,38,2,9,1,2,"., LARROUMES (AV)",0.0,0.0
201500042915,21,8,15,21,5,94,65,1,1,1,6,"5, LONGJUMEAU (R DE)",0.0,0.0
201500042916,23,8,15,17,1,94,73,1,4,1,3,"., Boulevard du Nord",0.0,0.0
201500042917,23,8,15,18,1,94,34,1,1,1,6,"., ABREUVOIR (R DE L)",0.0,0.0
201500042918,26,8,15,7,1,94,73,2,2,1,3,"., FONTAINEBLEAU (AV DE)",0.0,0.0
201500042919,26,8,15,8,1,94,65,2,1,1,7,"., TRAVERSIERE (R)",0.0,0.0
201500042920,26,8,15,21,5,94,21,1,1,2,3,"., STALINGRAD (AV DE)",0.0,0.0
201500042921,27,8,15,9,1,94,65,2,3,2,6,PIROUETTE (R DE LA),0.0,0.0
201500042922,28,8,15,12,1,94,65,2,1,1,7,ALPES (R DES),0.0,0.0
201500042923,28,8,15,13,1,94,73,1,1,1,1,"12, BAS MARIN (R DU)",0.0,0.0
201500042924,2,9,15,9,1,94,73,2,1,1,4,RN 186,48.7539,2.37262
201500042925,3,9,15,18,1,94,38,2,1,1,6,"150, CHEVILLY (R DE)",0.0,0.0
201500042926,4,9,15,15,1,94,38,2,3,1,2,"., CHEVILLY (R DE)",0.0,0.0
201500042927,7,9,15,13,1,94,73,2,1,1,6,"126, MARECHAL DE LATTRE",0.0,0.0
201500042928,9,9,15,1,5,94,73,1,1,1,2,"., FONTAINEBLEAU (AV DE)",0.0,0.0
201500042929,9,9,15,17,1,94,21,2,1,1,6,"64, RUE PAUL HOCHART",0.0,0.0
201500042930,9,9,15,18,1,94,21,2,1,1,6,"2, BRETAGNE (R DE)",0.0,0.0
201500042931,10,9,15,12,1,94,38,2,6,1,3,"., GABRIEL PERI (R)",0.0,0.0
201500042932,10,9,15,14,1,94,73,2,1,1,3,"., ALOUETTES (R DES)",0.0,0.0
201500042933,10,9,15,18,1,94,73,2,1,1,6,"88, GENERAL DE GAULLE (A",0.0,0.0
201500042934,14,9,15,13,1,94,65,1,3,1,3,"., ARCUEIL (R D)",0.0,0.0
201500042935,14,9,15,13,1,94,21,2,1,1,3,GENERAL DE GAULLE (AV DU,0.0,0.0
201500042936,16,9,15,14,1,94,65,1,1,2,3,RN 186,48.7537,2.35975
201500042937,16,9,15,16,1,94,38,2,2,1,2,PAUL VAILLANT COUTURIER,0.0,0.0
201500042938,19,9,15,13,1,94,21,2,1,1,2,"., PERE MAZURIE (R DU)",0.0,0.0
201500042939,19,9,15,15,1,94,34,2,1,1,6,"., LIBERTE (AV DE LA)",0.0,0.0
201500042940,24,9,15,8,1,94,38,2,1,1,6,"., BICETRE (R DE)",0.0,0.0
201500042941,26,9,15,7,1,94,73,2,2,1,3,"., VERSAILLES (AV DE)",0.0,0.0
201500042942,30,9,15,5,5,94,73,2,1,1,7,"38, PRESIDENT ROOSEVELT",0.0,0.0
201500042943,3,10,15,21,5,94,73,2,1,1,6,"., Boulevard du Nord",0.0,0.0
201500042944,5,10,15,17,2,94,38,2,1,3,6,"., FRESNES (R DE)",0.0,0.0
201500042945,6,10,15,16,1,94,21,2,1,2,3,", FRANKLIN ROOSEVELT (AV",0.0,0.0
201500042946,13,10,15,16,1,94,73,2,1,1,2,"2-18, HELENE MULLER (R)",0.0,0.0
201500042947,15,10,15,20,5,94,73,2,3,2,5,"., REPUBLIQUE (AV DE LA)",0.0,0.0
201500042948,16,10,15,16,1,94,34,2,1,8,6,"14, HENRI BARBUSSE (R)",0.0,0.0
201500042949,20,10,15,18,2,94,65,2,1,8,1,"., GLACIERES (R DES)",0.0,0.0
201500042950,26,10,15,15,1,94,73,2,1,1,7,"., ONZE NOVEMBRE (R DU)",0.0,0.0