Num_Acc,jour,mois,an,hr,condition_eclairage,departement,commune,condition_agglomeration,intersection,condition_atmosphere,type_collision,adresse,lattitude,longitude
201500042951,26,10,15,18,5,94,34,2,1,1,6,"54, DIVISION LECLERC - C",0.0,0.0
201500042952,31,10,15,17,5,94,73,2,2,1,3,MARCEL BIERRY (R),0.0,0.0
201500042953,1,11,15,5,5,94,73,2,1,1,6,"., GEORGES HALGOULT (R)",0.0,0.0
201500042954,2,11,15,14,1,94,65,2,1,1,3,"., CHARLES LINDBERGH (AV",0.0,0.0
201500042955,2,11,15,21,4,94,65,1,1,1,2,RN186 BRET ORLY/CRETEIL,48.7533,2.36745
201500042956,3,11,15,8,1,94,73,2,1,2,2,"., VERSAILLES (AV DE)",0.0,0.0
201500042957,5,11,15,12,1,94,38,2,1,1,7,"157, FLOUQUET (AV)",0.0,0.0
201500042958,7,11,15,15,1,94,73,2,1,1,2,"7, ALOUETTES (R DES)",0.0,0.0
201500042959,7,11,15,18,5,94,38,2,2,1,6,"., HENRI THIRARD (R)",0.0,0.0
201500042960,9,11,15,20,5,94,73,2,1,1,7,"., LUXEMBOURG (AV DU)",0.0,0.0
201500042961,13,11,15,13,1,94,73,2,1,2,2,"9, R GUSTAVE LEVEILLE",0.0,0.0
201500042962,18,11,15,4,5,94,34,2,1,1,6,"38, BD PASTEUR",0.0,0.0
201500042963,19,11,15,17,5,94,65,1,1,2,6,RN 186 B,48.7538,2.35679
201500042964,19,11,15,19,5,94,73,2,1,2,6,R GUY MOQUET,0.0,0.0
201500042965,20,11,15,22,5,94,73,2,3,8,1,JAURES/CEZANNE,0.0,0.0
201500042966,27,11,15,19,5,94,34,2,6,2,6,DIV LECLERC/STALINGRAD,0.0,0.0
201500042967,29,11,15,0,5,94,73,2,2,2,6,"., VERSAILLES (AV DE)",0.0,0.0
201500042968,29,11,15,0,5,94,73,2,2,1,3,PARKING CCR BELLE EPINE,0.0,0.0
201500042969,30,11,15,16,1,94,34,2,1,1,6,ALL DE L'OSERAIE,0.0,0.0
201500042970,2,12,15,15,1,94,73,2,1,1,3,"., BAS MARIN (R DU)",0.0,0.0
201500042971,3,12,15,12,1,94,21,2,1,1,3,"368, AV DE STALINGRAD",0.0,0.0
201500042972,4,12,15,12,1,94,73,2,4,1,3,MARCHAND/BEL AIR,0.0,0.0
201500042973,5,12,15,10,1,94,21,2,1,1,6,"., PROVENCE (R DE)",0.0,0.0
201500042974,5,12,15,16,2,94,73,2,1,1,4,"., LUXEMBOURG (AV DU)",0.0,0.0
201500042975,7,12,15,12,1,94,73,2,1,1,3,"., REPUBLIQUE (AV DE LA)",0.0,0.0
201500042976,12,12,15,18,5,94,73,2,1,1,6,"., LUXEMBOURG (AV DU)",0.0,0.0
201500042977,15,12,15,18,5,94,21,2,3,3,3,"., RUE PAUL HOCHART",0.0,0.0
201500042978,19,12,15,2,5,94,73,2,1,1,3,"59, STALINGRAD (BD DE)",0.0,0.0
201500042979,23,12,15,8,1,94,65,2,1,1,6,"37, NOTRE DAME (R)",0.0,0.0
201500042980,25,12,15,5,5,94,73,2,1,2,7,RN 186,48.7537,2.37604
201500042981,25,12,15,20,5,94,34,2,1,1,7,"08, WISSOUS (R DE)",0.0,0.0
201500042982,1,1,15,20,5,94,41,2,1,1,6,"23, BARBES (R)",0.0,0.0
201500042983,30,7,15,22,5,94,41,2,1,1,7,"70, GEORGES GOSNAT (AV)",0.0,0.0
201500042984,5,1,15,9,2,94,41,2,3,5,3,"0, VERDUN (AV DE)",0.0,0.0
201500042985,10,7,15,1,5,94,41,2,1,1,1,"42, REPUBLIQUE (AV DE LA",0.0,0.0
201500042986,11,1,15,16,1,94,41,2,1,1,7,STALINGRAD (BD DE),0.0,0.0
201500042987,20,4,15,17,1,94,41,2,1,1,6,"69, MOLIERE (R)",0.0,0.0
201500042988,10,8,15,3,5,94,41,2,1,1,6,"20, R LOUIS BERTRAND",0.0,0.0
201500042989,30,4,15,23,5,94,41,2,1,2,2,"03, AMEDEE HUON (R)",0.0,0.0
201500042990,1,5,15,16,1,94,41,2,1,2,6,"36, VERDUN (AV DE)",0.0,0.0
201500042991,11,8,15,10,1,94,41,2,1,1,6,"74, VERDUN (AV DE)",0.0,0.0
201500042992,20,1,15,9,1,94,41,2,1,1,6,VICTOR HUGO (R),0.0,0.0
201500042993,20,1,15,16,1,94,41,2,1,8,6,"23, SAINT JUST (R)",0.0,0.0
201500042994,25,8,15,18,1,94,41,2,1,1,6,"34, HENRI BARBUSSE (AV)",0.0,0.0
201500042995,25,8,15,21,3,94,41,2,2,2,3,COMPAGNON/MANDELA,0.0,0.0
201500042996,27,8,15,22,5,94,41,2,9,1,6,", COLONEL FABIEN - PONT",0.0,0.0
201500042997,16,9,15,21,5,94,41,2,9,1,5,"2, HENRI BARBUSSE (AV)",0.0,0.0
201500042998,28,8,15,18,1,94,41,2,9,1,6,GEORGES GOSNAT (AV),0.0,0.0
201500042999,31,8,15,14,1,94,41,2,1,1,3,"42, PIERRE ET MARIE CURI",0.0,0.0
201500043000,1,9,15,11,1,94,41,2,1,1,6,"44, VERDUN (AV DE)",0.0,0.0
201500043001,29,11,15,19,5,94,41,2,3,1,5,"49, MAURICE GUNSBOURG (R",0.0,0.0
201500043002,2,9,15,20,5,94,41,2,9,1,6,"72, VERDUN (AV DE)",0.0,0.0
201500043003,15,12,15,19,5,94,41,2,1,3,6,"2, MARAT",0.0,0.0
201500043004,5,2,15,12,1,94,41,2,1,1,6,"86, MOLIERE (R)",0.0,0.0
201500043005,5,2,15,21,4,94,41,2,3,1,3,"132, DANIELLE CASANOVA (",0.0,0.0
201500043006,8,9,15,22,5,94,41,2,1,1,6,"32, MARCEL BOYER (QU)",0.0,0.0
201500043007,9,2,15,13,1,94,41,2,1,1,3,"25, BAUDIN (R)",0.0,0.0
201500043008,9,2,15,14,1,94,41,2,1,8,6,"35, WESTERMEYER (R)",0.0,0.0
201500043009,10,2,15,13,1,94,41,2,2,8,3,", GEORGES GOSNAT (AV)",0.0,0.0
201500043010,11,2,15,18,5,94,41,2,1,1,6,"83, GEORGES GOSNAT (AV)",0.0,0.0
201500043011,13,2,15,17,1,94,41,2,1,2,6,"3, REPUBLIQUE (AV DE LA)",0.0,0.0
201500043012,14,2,15,12,1,94,41,2,2,2,3,"74, PIERRE SEMARD (AV)",0.0,0.0
201500043013,19,9,15,1,5,94,41,2,9,9,7,JEAN-BAPTISTE RENOULT (R,0.0,0.0
201500043014,18,2,15,1,5,94,41,2,1,1,3,"02, MARCEL BOYER (QU)",0.0,0.0
201500043015,21,9,15,13,1,94,41,2,3,1,3,JEAN JAURES (AV),0.0,0.0
201500043016,21,9,15,16,1,94,41,2,1,1,6,"39, MARAT (R)",0.0,0.0
201500043017,24,9,15,8,1,94,41,2,1,1,6,"20, MAURICE THOREZ (AV)",0.0,0.0
201500043018,24,9,15,19,1,94,41,2,1,1,6,"61, LOUIS BERTRAND (R)",0.0,0.0
201500043019,27,9,15,14,1,94,41,2,1,1,6,"45, MAURICE COUTANT (R)",0.0,0.0
201500043020,1,10,15,10,1,94,41,2,1,1,6,"07, BARBES (R)",0.0,0.0
201500043021,21,5,15,7,1,94,41,2,1,1,3,"113, AV DE VERDUN",48.811,2.37186
201500043022,3,3,15,18,2,94,41,2,1,2,2,"11, GAGNEE (R)",0.0,0.0
201500043023,4,3,15,9,1,94,41,2,1,1,6,"70, GEORGES GOSNAT (AV)",0.0,0.0
201500043024,12,10,15,20,5,94,41,2,2,1,1,"1, VICTOR HUGO (R)",0.0,0.0
201500043025,10,6,15,11,1,94,41,2,1,1,6,AV DE VERDUN,48.8088,2.37371
201500043026,15,10,15,20,5,94,41,2,1,2,6,"03, MARCEL CACHIN (PL)",0.0,0.0
201500043027,26,9,15,22,5,94,41,2,1,1,2,COLONEL FABIEN - PONT D',0.0,0.0
201500043028,17,3,15,8,1,94,41,2,2,1,6,", GENERAL LECLERC (AV DU",0.0,0.0
201500043029,17,3,15,18,1,94,41,2,1,1,6,"06-08, REPUBLIQUE (AV DE",0.0,0.0
201500043030,25,10,15,18,5,94,41,2,1,1,6,"107, VICTOR HUGO (R)",0.0,0.0
201500043031,22,3,15,1,5,94,41,2,2,1,3,"19, AMEDEE HUON (R)",0.0,0.0
201500043032,24,3,15,19,5,94,41,2,1,2,1,", GASTON MONMOUSSEAU (R)",0.0,0.0
201500043033,30,10,15,8,1,94,41,2,1,1,3,"70, GEORGES GOSNAT (AV)",0.0,0.0
201500043034,1,11,15,0,5,94,41,2,2,1,3,CASANOVA/LEDRU ROLLIN,0.0,0.0
201500043035,1,11,15,13,1,94,41,2,9,1,6,"3, GARE (R DE LA)",0.0,0.0
201500043036,27,3,15,22,5,94,41,2,3,1,1,"42, REPUBLIQUE (AV DE LA",0.0,0.0
201500043037,29,3,15,7,2,94,41,2,9,2,2,", MARCEL BOYER (QU)",0.0,0.0
201500043038,4,11,15,13,1,94,41,2,3,1,6,"7, LOUIS BERTRAND (R)",0.0,0.0
201500043039,9,11,15,16,1,94,41,2,2,1,3,GEORGES GOSNAT (AV),0.0,0.0
201500043040,13,11,15,23,5,94,41,2,1,1,1,"02, GASTON CORNAVIN (R)",0.0,0.0
201500043041,9,4,15,9,1,94,41,2,1,1,6,", VERDUN (AV DE)",0.0,0.0
201500043042,15,8,15,21,1,94,41,2,1,1,3,", GEORGES GOSNAT (AV)",0.0,0.0
201500043043,6,8,15,20,1,94,41,2,1,1,1,GEORGES GOSNAT (AV),0.0,0.0
201500043044,11,4,15,22,3,94,41,2,1,1,3,VICTOR HUGO (R),0.0,0.0
201500043045,21,11,15,11,1,94,41,2,1,1,6,"96, GEORGES GOSNAT (AV)",0.0,0.0
201500043046,14,4,15,12,1,94,41,2,1,1,6,"94, VERDUN (AV DE)",0.0,0.0
201500043047,14,4,15,17,1,94,41,2,1,1,6,"31/33, JULES VANZUPPE (R",0.0,0.0
201500043048,15,4,15,6,2,94,41,2,1,1,7,"142, JEAN JAURES (AV)",0.0,0.0
201500043049,17,4,15,15,1,94,41,2,1,1,6,"19, GAGNEE (R)",0.0,0.0
201500043050,19,4,15,20,2,94,41,2,1,1,3,"face au 77, VERDUN (AV D",0.0,0.0
201500043051,28,11,15,11,1,94,41,2,3,1,1,"2, GASTON MONMOUSSEAU (R",0.0,0.0
201500043052,30,11,15,16,2,94,41,2,1,1,6,"55, LENINE (R)",0.0,0.0
201500043053,23,4,15,21,5,94,41,2,3,1,1,"70, GEORGES GOSNAT (AV)",0.0,0.0
201500043054,10,12,15,12,1,94,41,2,2,8,7,ALBERT EINSTEIN (R),0.0,0.0
201500043055,10,12,15,19,5,94,41,2,1,1,6,"38, MAURICE THOREZ (AV)",0.0,0.0
201500043056,3,5,15,16,1,94,41,2,1,1,6,"166, MARCEL HARTMANN (R)",0.0,0.0
201500043057,3,5,15,17,1,94,41,2,1,1,2,"134, DANIELLE CASANOVA (",0.0,0.0
201500043058,12,12,15,20,5,94,41,2,1,1,6,"32, MARCEL BOYER (QU)",0.0,0.0
201500043059,4,5,15,19,1,94,41,2,1,2,6,"138, DANIELLE CASANOVA (",0.0,0.0
201500043060,16,10,15,23,5,94,41,2,9,1,5,"83-85, GEORGES GOSNAT (A",0.0,0.0
201500043061,7,5,15,12,1,94,41,2,2,1,3,"40, PAUL VAILLANT COUTUR",0.0,0.0
201500043062,18,12,15,15,1,94,41,2,1,2,6,"108, DANIELLE CASANOVA (",0.0,0.0
201500043063,19,12,15,0,5,94,41,2,3,1,3,"01, LENINE (R)",0.0,0.0
201500043064,19,12,15,9,1,94,41,2,1,1,6,"177, STALINGRAD (BD DE)",0.0,0.0
201500043065,14,5,15,14,1,94,41,2,2,1,2,"N16, PENICHES (R DES)",0.0,0.0
201500043066,28,12,15,18,5,94,41,2,1,1,2,"21, COLONEL FABIEN (BD D",0.0,0.0
201500043067,18,5,15,21,2,94,41,2,1,2,2,"81, GEORGES GOSNAT (AV)",0.0,0.0
201500043068,1,6,15,20,1,94,41,2,1,1,1,FRANCOIS MITTERAND,0.0,0.0
201500043069,6,6,15,15,1,94,41,2,1,1,6,"61, LENINE (R)",0.0,0.0
201500043070,18,6,15,17,1,94,41,2,6,1,3,"128, PAUL VAILLANT COUTU",0.0,0.0
201500043071,19,6,15,13,1,94,41,2,1,1,3,"15, WESTERMEYER (R)",0.0,0.0
201500043072,23,6,15,8,1,94,41,2,2,1,6,"34, VERDUN (AV DE)",0.0,0.0
201500043073,26,6,15,23,3,94,41,2,3,1,1,REPUBLIQUE (AV DE LA),0.0,0.0
201500043074,1,7,15,15,1,94,41,2,3,1,6,"2, GENERAL LECLERC (AV D",0.0,0.0
201500043075,2,7,15,12,1,94,41,2,1,1,6,"12, MAURICE THOREZ (AV)",0.0,0.0
201500043076,8,7,15,13,1,94,41,2,1,1,6,"46, RASPAIL (R)",0.0,0.0
201500043077,10,7,15,14,1,94,41,2,1,1,6,"11, TRUILLOT (R)",0.0,0.0
201500043078,10,7,15,20,1,94,41,2,1,1,6,"102, VICTOR HUGO (R)",0.0,0.0
201500043079,16,7,15,20,1,94,41,2,1,1,6,"83, GEORGES GOSNAT (AV)",0.0,0.0
201500043080,17,7,15,15,1,94,41,2,1,1,6,"62, MAURICE GUNSBOURG (R",0.0,0.0
201500043081,21,7,15,17,1,94,41,2,1,1,6,"70, GEORGES GOSNAT (AV)",0.0,0.0
201500043082,24,7,15,11,1,94,41,2,1,1,6,"31, LENINE (R)",0.0,0.0
201500043083,9,4,15,16,1,94,46,2,1,1,3,"7 quater, GENERAL DE GAU",0.0,0.0
201500043084,22,1,15,5,5,94,46,2,1,1,3,"158, JEAN JAURES (R)",0.0,0.0
201500043085,18,7,15,18,1,94,46,2,1,1,2,"31, PROFESSEUR CADIOT (A",0.0,0.0
201500043086,11,2,15,13,1,94,46,2,1,1,6,"70, REPUBLIQUE (AV DE LA",0.0,0.0
201500043087,15,9,15,16,1,94,46,2,1,1,6,"05, REPUBLIQUE (AV DE LA",0.0,0.0
201500043088,22,7,15,22,5,94,46,2,2,1,3,"., GAMBETTA (AV)",0.0,0.0
201500043089,13,2,15,19,5,94,46,2,1,3,6,"36, GENERAL LECLERC (AV",0.0,0.0
201500043090,13,2,15,16,1,94,46,2,1,2,3,"172, JEAN JAURES (R)",0.0,0.0
201500043091,21,2,15,4,5,94,46,2,1,1,6,"28, EUGENE SUE (R)",0.0,0.0
201500043092,24,2,15,13,1,94,46,2,1,2,2,"., GENERAL LECLERC (AV D",0.0,0.0
201500043093,16,9,15,12,1,94,46,2,1,2,3,"300, JEAN JAURES (R)",0.0,0.0
201500043094,7,3,15,12,1,94,46,2,1,1,6,"23, VICTOR HUGO (R)",0.0,0.0
201500043095,30,1,15,17,5,94,46,2,1,9,6,"., GENERAL DE GAULLE (AV",0.0,0.0
201500043096,12,3,15,9,1,94,46,2,3,1,3,"286, JEAN JAURES (R)",0.0,0.0
201500043097,15,4,15,8,1,94,46,2,1,1,3,"01, GENERAL DE GAULLE (A",0.0,0.0
201500043098,17,9,15,10,1,94,46,2,1,1,6,"211, GENERAL LECLERC (AV",0.0,0.0
201500043099,19,9,15,3,5,94,46,2,1,1,2,"08, EUGENE RENAULT (R)",0.0,0.0
201500043100,8,4,15,19,1,94,46,2,1,1,3,"95, GEORGES CLEMENCEAU (",0.0,0.0
201500043101,12,11,15,11,1,94,46,2,3,1,3,LECLERC/RENAN,0.0,0.0
201500043102,22,4,15,19,1,94,46,2,3,1,6,JEAN JAURES (R),0.0,0.0
201500043103,11,5,15,14,1,94,46,2,1,1,4,"233, GENERAL LECLERC (AV",0.0,0.0
201500043104,16,5,15,7,2,94,46,2,1,1,6,"1, GENERAL DE GAULLE (AV",0.0,0.0
201500043105,29,5,15,16,1,94,46,2,1,8,3,"158, JEAN JAURES (R)",0.0,0.0
201500043106,15,1,15,16,1,94,46,2,1,8,6,"56, GENERAL DE GAULLE (A",0.0,0.0
201500043107,5,3,15,8,1,94,46,2,2,1,6,"., JEAN JAURES (R)",0.0,0.0
201500043108,24,9,15,17,1,94,46,2,1,1,3,"149, REPUBLIQUE (AV DE L",0.0,0.0
201500043109,22,4,15,14,1,94,46,2,1,1,3,"., GENERAL DE GAULLE (AV",0.0,0.0
201500043110,27,6,15,15,1,94,46,2,1,1,3,FERNET (CITE),0.0,0.0
201500043111,16,1,15,16,1,94,46,2,1,1,6,EUGENE RENAULT (R),0.0,0.0
201500043112,17,1,15,11,1,94,46,2,1,1,6,"245, REPUBLIQUE (AV DE L",0.0,0.0
201500043113,19,1,15,19,5,94,46,2,1,1,6,"., REPUBLIQUE (AV DE LA)",0.0,0.0
201500043114,25,4,15,23,5,94,46,2,1,1,6,"174, REPUBLIQUE (AV DE L",0.0,0.0
201500043115,4,8,15,6,5,94,46,2,2,9,5,REPUBLIQUE/LYON,0.0,0.0
201500043116,15,8,15,14,1,94,46,2,1,1,3,"50, GENERAL LECLERC (AV",0.0,0.0
201500043117,20,11,15,14,1,94,46,2,1,2,6,"16, MESLY (R DE)",0.0,0.0
201500043118,6,3,15,14,1,94,46,2,1,1,3,"96/98, VICTOR HUGO (R)",0.0,0.0
201500043119,17,9,15,10,1,94,46,2,1,1,3,"7, GENERAL DE GAULLE (AV",0.0,0.0
201500043120,22,1,15,0,5,94,46,2,3,1,3,"., GENERAL LECLERC (AV D",0.0,0.0
201500043121,8,1,15,16,1,94,46,2,1,8,2,"117, JEAN JAURES (R)",0.0,0.0
201500043122,3,10,15,6,3,94,46,2,1,1,6,"162, JEAN JAURES (R)",0.0,0.0
201500043123,5,10,15,15,1,94,46,2,1,2,6,"111, ROGER FRANCOIS (R)",0.0,0.0
201500043124,25,11,15,18,5,94,46,2,1,2,2,"., BUSTEAU (AV)",0.0,0.0
201500043125,24,11,15,19,5,94,46,2,1,1,2,"180, JEAN JAURES (R)",0.0,0.0
201500043126,3,5,15,3,5,94,46,2,1,1,2,", EUGENE RENAULT (R)",0.0,0.0
201500043127,2,11,15,13,1,94,46,2,1,1,3,"07, GENERAL DE GAULLE (A",0.0,0.0
201500043128,1,11,15,3,5,94,46,2,2,1,3,"., FERNET (R)",0.0,0.0
201500043129,4,12,15,7,1,94,46,2,1,1,6,"., MARC SANGNIER (R)",0.0,0.0
201500043130,17,12,15,15,1,94,46,2,1,1,2,"5, GENERAL LECLERC (AV D",0.0,0.0
201500043131,9,10,15,8,1,94,46,2,1,1,7,"18, GENERAL LECLERC (AV",0.0,0.0
201500043132,9,10,15,7,2,94,46,2,3,1,6,"137, JEAN JAURES (R)",0.0,0.0
201500043133,9,5,15,14,1,94,46,2,2,1,5,"., GAMBETTA (AV)",0.0,0.0
201500043134,6,3,15,16,1,94,46,2,3,1,3,GENERAL LECLERC (AV DU),0.0,0.0
201500043135,2,7,15,9,1,94,46,2,1,1,7,"1, JOFFRE (AV)",0.0,0.0
201500043136,28,8,15,0,5,94,46,2,2,2,3,VINCENNES (R DE),0.0,0.0
201500043137,14,12,15,20,5,94,46,2,1,1,3,"14, LEON BLUM (AV)",0.0,0.0
201500043138,3,9,15,22,5,94,46,2,1,1,3,"., GENERAL LECLERC (AV D",0.0,0.0
201500043139,10,7,15,11,1,94,46,2,1,1,2,"71, GEORGES CLEMENCEAU (",0.0,0.0
201500043140,12,7,15,8,1,94,46,2,1,1,2,"18, GENERAL LECLERC (AV",0.0,0.0
201500043141,11,7,15,21,2,94,46,2,2,1,3,"., GAMBETTA (AV)",0.0,0.0
201500043142,1,4,15,12,1,94,46,2,1,1,3,"33, PROFESSEUR CADIOT (A",0.0,0.0
201500043143,4,4,15,13,1,94,46,2,1,2,6,"34, GENERAL DE GAULLE (A",0.0,0.0
201500043144,31,5,15,23,5,94,46,2,1,2,3,"., GENERAL LECLERC - CAR",0.0,0.0
201500043145,1,6,15,22,5,94,46,2,1,1,3,"141, REPUBLIQUE (AV DE L",0.0,0.0
201500043146,3,6,15,17,1,94,46,2,1,1,6,"243, GENERAL LECLERC (AV",0.0,0.0
201500043147,6,6,15,20,1,94,46,2,3,1,2,"., MARC SANGNIER (R)",0.0,0.0
201500043148,5,6,15,11,1,94,46,2,1,1,6,"137, JEAN JAURES (R)",0.0,0.0
201500043149,6,6,15,12,1,94,46,2,1,1,3,"21, EUGENE RENAULT (R)",0.0,0.0
201500043150,14,6,15,1,3,94,46,2,1,1,7,"10, VALENTON (R DE)",0.0,0.0
201500043151,13,6,15,5,2,94,46,2,3,1,3,"., GENERAL LECLERC (AV D",0.0,0.0
201500043152,25,6,15,9,1,94,46,2,1,1,6,"50, GENERAL DE GAULLE (A",0.0,0.0
201500043153,30,6,15,13,1,94,46,2,9,1,7,"87, GAMBETTA (AV)",0.0,0.0
201500043154,2,1,15,15,1,94,42,2,1,1,6,MARNE (QU DE),0.0,0.0
201500043155,3,1,15,13,1,94,52,1,1,2,2,HOCHE (R),0.0,0.0
201500043156,14,1,15,12,1,94,58,2,2,2,6,120 BROSSOLETTE/LECOCQ,0.0,0.0
201500043157,10,1,15,10,1,94,52,2,3,1,3,"54, CHARLES DE GAULLE (G",0.0,0.0
201500043158,2,7,15,17,1,94,58,2,1,1,3,"89, PIERRE BROSSOLETTE (",0.0,0.0
201500043159,2,7,15,19,1,94,58,2,1,1,3,ONZE NOVEMBRE (AV DU),0.0,0.0
201500043160,6,7,15,6,1,94,42,2,1,1,4,JEAN JAURES (AV),0.0,0.0
201500043161,16,1,15,17,5,94,42,2,1,1,3,PIERRE MENDES FRANCE (AV,0.0,0.0
201500043162,17,1,15,22,5,94,58,2,1,1,3,"210, PIERRE BROSSOLETTE",0.0,0.0
201500043163,24,6,15,9,1,94,52,2,1,1,3,"31 bis, STRASBOURG (BD D",0.0,0.0
201500043164,8,7,15,15,1,94,58,2,4,1,3,"242, GENERAL DE GAULLE (",0.0,0.0
201500043165,19,1,15,14,1,94,15,2,9,1,3,PERES CAMILLIENS (R DES),0.0,0.0
201500043166,20,1,15,15,1,94,58,2,1,8,6,LEDRU ROLLIN (AV),0.0,0.0
201500043167,20,1,15,15,1,94,58,2,1,1,6,"71, GAITE (R DE LA)",0.0,0.0
201500043168,20,7,15,8,1,94,15,2,1,2,3,CLOTAIS (R DES),0.0,0.0
201500043169,22,1,15,7,2,94,52,2,1,1,6,"147terA, STRASBOURG (BD",0.0,0.0
201500043170,13,7,15,16,1,94,58,2,3,1,3,PIERRE BROSSOLETTE (AV),0.0,0.0
201500043171,23,1,15,16,1,94,15,2,2,8,6,PIERRE CURIE (R),0.0,0.0
201500043172,16,7,15,18,1,94,58,2,1,1,2,"177, ALSACE LORRAINE (BD",0.0,0.0
201500043173,1,10,15,16,1,94,58,2,1,1,6,"115, LEDRU ROLLIN (AV)",0.0,0.0
201500043174,27,1,15,13,1,94,58,2,1,1,6,"21, LEDRU ROLLIN (AV)",0.0,0.0
201500043175,29,1,15,20,5,94,52,2,1,2,6,"1, HOCHE (R)",0.0,0.0
201500043176,30,1,15,16,1,94,52,2,1,8,6,"15, JOINVILLE (AV DE)",0.0,0.0
201500043177,30,1,15,17,5,94,42,2,2,1,6,JEAN MERMOZ (R),0.0,0.0
201500043178,22,7,15,13,1,94,42,2,1,1,7,"43, GENERAL GALLIENI (AV",0.0,0.0
201500043179,3,2,15,10,1,94,15,2,5,1,2,PASTEUR (BD),0.0,0.0
201500043180,3,2,15,12,1,94,42,2,7,1,3,VERDUN (PL DE),0.0,0.0
201500043181,25,7,15,20,1,94,42,2,1,1,3,FOCH (AV),0.0,0.0
201500043182,4,2,15,14,1,94,58,2,1,1,6,"113, LEDRU ROLLIN (AV)",0.0,0.0
201500043183,4,2,15,11,1,94,52,2,1,1,3,"2, GAMBETTA (BD)",0.0,0.0
201500043184,8,2,15,5,5,94,42,2,3,8,6,MARNE (QU DE),0.0,0.0
201500043185,4,8,15,19,1,94,15,2,1,1,1,"06 bis, RIGNY (AV DE)",0.0,0.0
201500043186,5,8,15,14,1,94,58,2,1,1,3,MONTAIGNE (AV),0.0,0.0
201500043187,12,8,15,16,1,94,42,2,1,1,6,"14, GENERAL GALLIENI (AV",0.0,0.0
201500043188,14,5,15,13,1,94,52,2,1,1,6,"136, STRASBOURG (BD DE)",0.0,0.0
201500043189,3,3,15,7,1,94,15,2,1,1,2,"2, PASTEUR (BD)",0.0,0.0
201500043190,6,3,15,14,1,94,58,2,1,1,6,"40bis, MARECHAL JOFFRE (",0.0,0.0
201500043191,6,3,15,14,1,94,15,2,1,1,6,"74, GENERAL LECLERC (AV)",0.0,0.0
201500043192,27,8,15,11,1,94,42,2,1,3,3,VERDUN (PL DE),0.0,0.0
201500043193,7,3,15,18,5,94,58,2,1,1,2,"185, ALSACE LORRAINE (BD",0.0,0.0
201500043194,8,3,15,22,5,94,52,2,2,1,1,ALBERT 1ER/KABLE,48.8356,2.49382
201500043195,11,3,15,15,1,94,58,2,1,1,6,"159, PIERRE BROSSOLETTE",0.0,0.0
201500043196,11,3,15,16,1,94,42,2,1,1,2,EUROPE (BD DE L),0.0,0.0
201500043197,2,9,15,8,1,94,58,2,1,1,6,"67, ONZE NOVEMBRE (AV DU",0.0,0.0
201500043198,12,3,15,8,1,94,52,2,3,1,6,THIERS (R),0.0,0.0
201500043199,13,3,15,14,1,94,52,2,9,1,3,JOINVILLE (AV DE),0.0,0.0
201500043200,14,3,15,17,1,94,42,2,2,1,3,EUROPE (BD DE L),0.0,0.0
201500043201,6,9,15,14,1,94,42,1,1,1,6,"3, POLANGIS (QU DE)",0.0,0.0
201500043202,16,3,15,8,1,94,52,2,1,1,6,STRASBOURG (BD DE),0.0,0.0
201500043203,17,3,15,15,1,94,42,2,1,1,2,VERDUN (PL DE),0.0,0.0
201500043204,9,9,15,11,1,94,58,2,1,1,7,"111, ALSACE LORRAINE (BD",0.0,0.0
201500043205,9,9,15,16,1,94,58,2,2,1,3,PIERRE BROSSOLETTE (AV),0.0,0.0
201500043206,20,3,15,15,1,94,15,2,1,1,7,"62, RIGNY (AV DE)",0.0,0.0
201500043207,13,9,15,20,5,94,52,2,4,1,2,DE GAULLE/GALBRUN,0.0,0.0
201500043208,16,9,15,8,1,94,52,2,9,2,3,AMIRAL COURBET (R DE L),0.0,0.0
201500043209,24,3,15,15,1,94,15,1,1,2,2,PASTEUR (BD),0.0,0.0
201500043210,24,3,15,15,1,94,52,2,1,2,6,"163, CHARLES DE GAULLE (",0.0,0.0
201500043211,24,3,15,18,5,94,52,2,1,2,2,"80, STRASBOURG (BD DE)",0.0,0.0
201500043212,25,3,15,17,1,94,15,2,1,3,6,RIGNY (AV DE),0.0,0.0
201500043213,25,3,15,19,5,94,58,2,2,8,1,GENERAL DE GAULLE (AV DU,0.0,0.0
201500043214,28,3,15,12,1,94,42,2,1,2,2,"27, PARIS (R DE)",0.0,0.0
201500043215,23,9,15,8,1,94,15,2,3,2,3,LOUIS FERBER (QU),0.0,0.0
201500043216,26,9,15,13,1,94,58,2,1,1,3,"143, GENERAL DE GAULLE (",0.0,0.0
201500043217,4,4,15,9,1,94,52,2,2,2,2,JACQUES KABLE/ALBERT 1ER,48.8356,2.49382
201500043218,4,4,15,18,1,94,42,2,2,1,3,GENERAL GALLIENI (AV DU),0.0,0.0
201500043219,5,4,15,11,1,94,58,2,1,1,2,"16, LIBERTE (BD DE LA)",0.0,0.0
201500043220,7,4,15,10,1,94,42,2,1,1,3,PARIS (R DE),0.0,0.0
201500043221,8,4,15,9,1,94,42,2,1,1,2,"38, GENERAL GALLIENI (AV",0.0,0.0
201500043222,8,4,15,14,1,94,15,2,3,1,3,ARISTIDE BRIAND (R),0.0,0.0
201500043223,8,4,15,21,5,94,58,2,3,1,3,ALSACE LORRAINE (BD D),0.0,0.0
201500043224,2,10,15,18,1,94,15,2,1,1,3,"-, DENIS LAVOGADE (R)",0.0,0.0
201500043225,8,10,15,9,1,94,52,2,1,1,1,"12, MARECHAL FAYOLLE (R",0.0,0.0
201500043226,9,10,15,18,1,94,52,2,3,1,3,JOINVILLE (AV DE),0.0,0.0
201500043227,16,4,15,12,1,94,58,2,1,1,3,"33, BRY (AV DE)",0.0,0.0
201500043228,16,4,15,13,1,94,58,2,1,1,6,"161, PIERRE BROSSOLETTE",0.0,0.0
201500043229,12,10,15,12,1,94,42,2,1,1,1,"17, EUROPE (BD DE L)",0.0,0.0
201500043230,2,10,15,11,1,94,42,2,2,1,6,GALLIENI/PLATANES,48.8201,2.47936
201500043231,10,10,15,0,5,94,15,2,1,1,6,"218, PASTEUR (BD)",0.0,0.0
201500043232,16,10,15,7,2,94,15,2,1,2,3,"20, JEAN GRANDEL (R)",0.0,0.0
201500043233,23,4,15,23,5,94,52,2,1,1,3,"74-76, STRASBOURG (BD DE",0.0,0.0
201500043234,19,10,15,12,1,94,52,2,1,1,6,STRASBOURG - PL DU GENER,0.0,0.0
201500043235,19,10,15,20,5,94,58,2,3,1,3,ONZE NOVEMBRE (AV DU),0.0,0.0