Num_Acc,jour,mois,an,hr,condition_eclairage,departement,commune,condition_agglomeration,intersection,condition_atmosphere,type_collision,adresse,lattitude,longitude
201500043236,20,10,15,18,1,94,52,2,9,1,3,"42, CHARLES DE GAULLE (G",0.0,0.0
201500043237,22,10,15,19,5,94,58,2,1,2,2,"3, ALSACE LORRAINE (BD D",0.0,0.0
201500043238,29,4,15,9,1,94,42,2,2,1,3,JEAN JAURES (AV),0.0,0.0
201500043239,23,10,15,16,2,94,58,2,1,1,6,"105, GENERAL DE GAULLE (",0.0,0.0
201500043240,25,10,15,12,1,94,58,2,1,1,6,"128, GENERAL DE GAULLE (",0.0,0.0
201500043241,26,10,15,13,1,94,42,2,1,1,3,"63, GENERAL GALLIENI (AV",0.0,0.0
201500043242,4,5,15,18,1,94,15,2,1,2,3,"29, GENERAL LECLERC (AV)",0.0,0.0
201500043243,9,11,15,12,1,94,42,2,2,1,3,EUROPE/KENNEDY,0.0,0.0
201500043244,30,10,15,16,1,94,42,2,1,1,3,CANADIENS (AV DES),0.0,0.0
201500043245,5,11,15,18,5,94,42,2,1,2,3,"1, GENERAL GALLIENI (AV",0.0,0.0
201500043246,7,11,15,14,1,94,42,2,1,1,3,GENERAL GALLIENI - PONT,0.0,0.0
201500043247,9,11,15,12,1,94,42,2,2,1,3,EUROPE (BD DE L),0.0,0.0
201500043248,18,5,15,7,1,94,15,2,1,1,6,PIERRE BROSSOLETTE (R),0.0,0.0
201500043249,10,11,15,21,5,94,42,2,1,1,6,"24, HENRI BARBUSSE (R)",0.0,0.0
201500043250,12,11,15,7,1,94,58,2,4,1,6,LEDRU ROLLIN (AV),0.0,0.0
201500043251,12,11,15,19,5,94,52,2,1,1,3,BD ALBERT 1ER,48.8325,2.49293
201500043252,13,11,15,19,5,94,42,2,2,1,3,BROSSOLETTE/MERMOZ,0.0,0.0
201500043253,23,5,15,13,1,94,42,2,1,1,6,BETHUNE (QU DE),0.0,0.0
201500043254,17,11,15,18,5,94,15,2,2,2,6,GEORGES MELIES (BD),0.0,0.0
201500043255,25,5,15,17,1,94,58,2,3,1,3,"75, GABRIEL PERI (AV)",0.0,0.0
201500043256,26,5,15,18,1,94,52,2,1,1,6,"39, CHARLES DE GAULLE (G",0.0,0.0
201500043257,20,11,15,11,1,94,58,2,3,2,3,ALSACE LORRAINE/FERRY,0.0,0.0
201500043258,28,5,15,17,1,94,58,2,1,1,6,"105, GENERAL DE GAULLE (",0.0,0.0
201500043259,22,11,15,12,1,94,58,2,2,1,1,"face au 13, BORDS DE MAR",0.0,0.0
201500043260,2,6,15,17,1,94,52,2,1,1,6,MADELEINE SMITH CHAMPION,0.0,0.0
201500043261,5,6,15,9,1,94,42,2,1,1,3,"50, GENERAL GALLIENI (AV",0.0,0.0
201500043262,5,6,15,9,1,94,58,2,1,7,3,"25, ALSACE LORRAINE (BD",0.0,0.0
201500043263,29,11,15,12,1,94,58,2,2,1,3,LEDRU ROLLIN (AV),0.0,0.0
201500043264,5,6,15,10,1,94,15,2,1,1,6,"181, PASTEUR (BD)",0.0,0.0
201500043265,1,12,15,19,5,94,58,2,1,1,2,"6, RAYMOND POINCARE (BD)",0.0,0.0
201500043266,1,12,15,21,5,94,42,2,1,1,1,"6 bis, JEAN MERMOZ (R)",0.0,0.0
201500043267,8,6,15,8,1,94,52,2,1,1,3,NAZARE (R DE),0.0,0.0
201500043268,8,6,15,19,1,94,52,2,3,1,3,GALLIENI (BD),0.0,0.0
201500043269,3,12,15,11,1,94,52,2,1,1,1,STRASBOURG - RPT DU MARE,0.0,0.0
201500043270,9,6,15,10,1,94,58,2,9,1,3,ALSACE LORRAINE (BD D),0.0,0.0
201500043271,9,6,15,21,1,94,15,2,1,1,6,ETIENNE DE SILHOUETTE (A,0.0,0.0
201500043272,4,12,15,16,1,94,52,2,1,1,6,GALLIENI (BD),0.0,0.0
201500043273,11,6,15,7,1,94,58,2,1,1,3,"134, PIERRE BROSSOLETTE",0.0,0.0
201500043274,5,12,15,17,2,94,52,2,3,1,6,"21, HEROS NOGENTAIS (R D",0.0,0.0
201500043275,11,6,15,16,1,94,52,2,3,1,3,GENERAL FAIDHERBE (R DU),0.0,0.0
201500043276,7,12,15,7,2,94,42,2,1,1,2,CANADIENS (AV DES),0.0,0.0
201500043277,7,12,15,19,5,94,15,2,6,1,3,GEORGES MELIES (BD),0.0,0.0
201500043278,9,12,15,19,5,94,42,2,1,1,5,"12, GENERAL GALLIENI (AV",0.0,0.0
201500043279,15,6,15,22,5,94,58,2,1,1,2,"162, PIERRE BROSSOLETTE",0.0,0.0
201500043280,10,12,15,15,1,94,52,2,1,1,3,GEORGES CLEMENCEAU - PL,0.0,0.0
201500043281,10,12,15,20,5,94,58,2,1,1,1,"194, MARECHAL JOFFRE (AV",0.0,0.0
201500043282,19,6,15,18,1,94,52,2,9,1,6,"85, HEROS NOGENTAIS (R D",0.0,0.0
201500043283,23,6,15,16,1,94,58,2,1,1,6,"124, GENERAL DE GAULLE (",0.0,0.0
201500043284,26,6,15,16,1,94,42,2,3,1,1,GENERAL GALLIENI (AV DU),0.0,0.0
201500043285,29,6,15,11,1,94,42,2,1,1,6,"43, GENERAL GALLIENI (AV",0.0,0.0
201500043286,30,6,15,19,1,94,52,2,1,1,2,BD ALBERT 1ER,48.8324,2.49311
201500043287,6,1,15,9,1,94,68,2,1,1,3,"33, PORT DE CRETEIL (QU",0.0,0.0
201500043288,8,1,15,10,1,94,68,2,2,2,3,ROCHER (AV DU),0.0,0.0
201500043289,9,1,15,8,2,94,68,2,1,2,6,NOEL (AV),0.0,0.0
201500043290,9,1,15,20,5,94,68,2,2,2,3,MARNE (BD DE LA),0.0,0.0
201500043291,14,1,15,8,1,94,68,2,2,1,6,RABELAIS (BD),0.0,0.0
201500043292,14,1,15,16,1,94,68,2,1,1,3,MAURICE BERTEAUX (BD),0.0,0.0
201500043293,19,1,15,21,5,94,68,2,2,1,3,CHEVALIER (R),0.0,0.0
201500043294,20,1,15,12,1,94,68,2,2,1,3,LIBERATION (AV DE LA),0.0,0.0
201500043295,21,1,15,13,1,94,68,2,1,1,6,"6, MAURICE BERTEAUX (BD)",0.0,0.0
201500043296,25,1,15,13,1,94,68,2,1,1,6,"2, CORNEILLES (BD DES)",0.0,0.0
201500043297,26,1,15,19,5,94,68,2,1,2,6,GALLIENI (AV),0.0,0.0
201500043298,27,1,15,20,5,94,68,2,1,1,3,"66, CHAMPIGNY (BD DE)",0.0,0.0
201500043299,29,1,15,18,5,94,68,2,1,2,6,"63, REPUBLIQUE (AV DE LA",0.0,0.0
201500043300,1,2,15,23,5,94,68,2,2,1,3,PARC (QU DU),0.0,0.0
201500043301,7,2,15,13,1,94,68,2,2,1,3,CAFFIN (AV),0.0,0.0
201500043302,9,2,15,21,5,94,68,2,1,1,3,"34, BAC (AV DU)",0.0,0.0
201500043303,17,2,15,15,1,94,68,2,1,1,2,"121, CHAMPIGNY (BD DE)",0.0,0.0
201500043304,23,2,15,11,1,94,68,2,1,1,3,LOUIS BLANC (AV),0.0,0.0
201500043305,23,2,15,21,5,94,68,2,3,1,3,MAURICE BERTEAUX (BD),0.0,0.0
201500043306,24,2,15,17,1,94,68,2,1,1,7,"12, CLOS (AV DU)",0.0,0.0
201500043307,28,2,15,15,1,94,68,2,2,1,2,PONT DE CRETEIL (R DU),0.0,0.0
201500043308,6,3,15,8,1,94,68,2,2,1,3,MIDI (AV DU),0.0,0.0
201500043309,10,3,15,16,1,94,68,2,1,1,6,MAURICE BERTEAUX (BD),0.0,0.0
201500043310,13,3,15,0,5,94,68,2,2,1,3,CRETEIL (BD DE),0.0,0.0
201500043311,13,3,15,18,1,94,68,2,1,1,6,PONT DE CRETEIL (R DU),0.0,0.0
201500043312,16,3,15,13,1,94,68,2,2,1,3,FOCH (AV),0.0,0.0
201500043313,20,3,15,13,1,94,68,2,1,1,6,"04, BOURDIGNON (R)",0.0,0.0
201500043314,23,3,15,12,1,94,68,2,1,1,3,CHAMPIGNY (BD DE),0.0,0.0
201500043315,27,3,15,10,1,94,68,2,2,1,3,CRETEIL (BD DE),0.0,0.0
201500043316,29,3,15,9,1,94,68,2,2,3,3,PILIERS (AV DES),0.0,0.0
201500043317,4,4,15,11,1,94,68,2,1,1,3,"12, MARRONNIERS (PL DES)",0.0,0.0
201500043318,5,4,15,2,5,94,68,2,2,1,3,CRETEIL (BD DE),0.0,0.0
201500043319,8,4,15,16,1,94,68,2,2,1,3,BELLECHASSE (BD DE),0.0,0.0
201500043320,9,4,15,9,1,94,68,2,1,1,6,"22bis, FOCH (AV)",0.0,0.0
201500043321,15,4,15,9,1,94,68,2,1,1,6,ALMA (AV DE L),0.0,0.0
201500043322,28,4,15,10,1,94,68,2,1,1,6,BEAUBOURG (QU),0.0,0.0
201500043323,30,4,15,8,1,94,68,2,1,3,6,FOCH (AV),0.0,0.0
201500043324,2,5,15,14,1,94,68,2,1,2,6,INKERMANN (R D),0.0,0.0
201500043325,6,5,15,5,2,94,68,2,1,1,6,CRETEIL (BD DE),0.0,0.0
201500043326,6,5,15,8,1,94,68,2,1,1,3,"50, PARC (QU DU)",0.0,0.0
201500043327,14,5,15,20,1,94,68,2,2,2,3,GENERAL GIRAUD (BD DU),0.0,0.0
201500043328,18,5,15,14,1,94,68,2,1,1,6,"148 bis, GARIBALDI (R)",0.0,0.0
201500043329,26,5,15,17,1,94,68,2,1,1,6,"33, GENERAL GIRAUD (BD D",0.0,0.0
201500043330,27,5,15,10,1,94,68,2,2,1,3,FOCH (AV),0.0,0.0
201500043331,29,5,15,10,1,94,68,2,1,1,6,"82, CRETEIL (BD DE)",0.0,0.0
201500043332,30,5,15,21,2,94,68,2,1,1,1,CHAMPIGNY (BD DE),0.0,0.0
201500043333,2,6,15,18,1,94,68,2,2,1,6,CONDE (AV DE),0.0,0.0
201500043334,12,6,15,13,1,94,68,2,2,1,3,LOUIS BLANC (AV),0.0,0.0
201500043335,13,6,15,21,1,94,68,2,1,1,3,"10, PARC (QU DU)",0.0,0.0
201500043336,15,6,15,14,1,94,68,2,1,1,4,"35, FOCH (AV)",0.0,0.0
201500043337,13,6,15,14,1,94,68,2,2,1,3,CRETEIL (BD DE),0.0,0.0
201500043338,19,6,15,8,1,94,68,2,1,1,2,CHAMPIGNY (BD DE),0.0,0.0
201500043339,22,6,15,16,1,94,68,2,2,2,3,PIERRE BROSSOLETTE (AV),0.0,0.0
201500043340,28,6,15,16,1,94,68,2,1,1,3,"30, SAINT HILAIRE (R)",0.0,0.0
201500043341,29,6,15,19,1,94,68,2,2,1,3,"36, BELLECHASSE (BD DE)",0.0,0.0
201500043342,2,7,15,10,1,94,68,2,2,1,6,BARATTE CHOLET (R),0.0,0.0
201500043343,2,7,15,19,1,94,68,2,1,1,6,"84, GABRIEL PERI (AV)",0.0,0.0
201500043344,6,7,15,14,1,94,68,2,1,1,6,"96, BAC (AV DU)",0.0,0.0
201500043345,14,7,15,21,2,94,68,2,1,1,3,BAC (AV DU),0.0,0.0
201500043346,18,7,15,8,1,94,68,2,2,1,3,FOCH (AV),0.0,0.0
201500043347,21,7,15,17,1,94,68,2,1,1,2,BAC (AV DU),0.0,0.0
201500043348,22,7,15,14,1,94,68,2,1,1,2,GAMBETTA (AV),0.0,0.0
201500043349,22,7,15,18,1,94,68,2,2,1,3,VALLON (R DU),0.0,0.0
201500043350,23,7,15,11,1,94,68,2,1,1,3,BAC (AV DU),0.0,0.0
201500043351,24,7,15,18,1,94,68,2,1,1,6,SAINT LOUIS (AV),0.0,0.0
201500043352,29,7,15,15,1,94,68,2,1,1,3,"70, PETIT PARC (QU DU)",0.0,0.0
201500043353,29,7,15,18,1,94,68,2,1,1,7,"56, SEVIGNE (R DE)",0.0,0.0
201500043354,19,8,15,21,5,94,68,2,1,1,2,WINSTON CHURCHILL (QU),0.0,0.0
201500043355,28,8,15,9,1,94,68,2,2,1,3,VICTORINE (R),0.0,0.0
201500043356,4,9,15,12,1,94,68,2,1,1,6,"22, FOUR (R DU)",0.0,0.0
201500043357,7,9,15,18,1,94,68,2,2,1,3,LOUIS BLANC (AV),0.0,0.0
201500043358,8,9,15,10,1,94,68,2,1,1,3,GALLIENI (AV),0.0,0.0
201500043359,8,9,15,11,1,94,68,2,1,1,3,CHAMPIGNY (BD DE),0.0,0.0
201500043360,8,9,15,13,1,94,68,2,1,1,3,"8, ALMA (AV DE L)",0.0,0.0
201500043361,10,9,15,18,1,94,68,2,1,1,4,BAC (AV DU),0.0,0.0
201500043362,12,9,15,20,2,94,68,2,2,2,3,BELLECHASSE (BD DE),0.0,0.0
201500043363,14,9,15,16,1,94,68,2,2,1,6,SULLY (R DE),0.0,0.0
201500043364,16,9,15,20,5,94,68,2,1,8,6,"7, MAURICE BERTEAUX (BD)",0.0,0.0
201500043365,21,9,15,22,3,94,68,2,2,8,2,GENERAL GIRAUD (BD DU),0.0,0.0
201500043366,23,9,15,15,1,94,68,2,9,1,6,"61, PONT DE CRETEIL (R D",0.0,0.0
201500043367,24,9,15,9,1,94,68,2,6,1,3,8 MAI 1945 (CARR DU),0.0,0.0
201500043368,4,10,15,17,1,94,68,2,1,1,6,"20, BALZAC (AV)",0.0,0.0
201500043369,6,10,15,7,2,94,68,2,1,2,2,"88, CHAMPIGNY (BD DE)",0.0,0.0
201500043370,7,10,15,12,1,94,68,2,3,1,3,CONDE (AV DE),0.0,0.0
201500043371,9,10,15,6,2,94,68,2,1,1,2,"52, GENERAL GIRAUD (BD D",0.0,0.0
201500043372,9,10,15,10,1,94,68,2,2,1,3,RAYMOND POINCARE (AV),0.0,0.0
201500043373,13,10,15,12,1,94,68,2,2,1,3,CRETEIL (BD DE),0.0,0.0
201500043374,13,10,15,18,5,94,68,2,1,1,6,"13, ALMA (AV DE L)",0.0,0.0
201500043375,16,10,15,16,1,94,68,2,1,1,6,"03, VARENNE (R DE LA)",0.0,0.0
201500043376,19,10,15,15,1,94,68,2,9,1,2,"6, MAURICE BERTEAUX (BD)",0.0,0.0
201500043377,25,10,15,12,1,94,68,2,1,1,6,"5, MARRONNIERS (AV DES)",0.0,0.0
201500043378,30,10,15,16,1,94,68,2,3,1,3,RABELAIS (BD),0.0,0.0
201500043379,5,11,15,10,1,94,68,2,2,1,3,RASPAIL (AV),0.0,0.0
201500043380,9,11,15,12,1,94,68,2,1,1,6,PONT DE CRETEIL (R DU),0.0,0.0
201500043381,15,11,15,14,1,94,68,2,1,7,3,"38 BIS, SAINT HILAIRE (R",0.0,0.0
201500043382,19,11,15,8,1,94,68,2,1,8,2,"49, GAMBETTA (AV)",0.0,0.0
201500043383,20,11,15,15,1,94,68,2,2,2,3,CHATEAU (AV DU),0.0,0.0
201500043384,22,11,15,20,5,94,68,2,1,1,6,"03, INKERMANN (R D)",0.0,0.0
201500043385,28,11,15,21,5,94,68,2,2,1,3,"21, GODEFROY CAVAIGNAC (",0.0,0.0
201500043386,28,11,15,3,5,94,68,2,2,1,3,DIDEROT (AV),0.0,0.0
201500043387,7,12,15,15,1,94,68,2,1,1,6,"face 15, D'ADAMVILLE KEN",0.0,0.0
201500043388,8,12,15,9,1,94,68,2,2,1,3,ALFRED DE MUSSET (R),0.0,0.0
201500043389,11,12,15,15,1,94,68,2,1,1,6,"46, PONT DE CRETEIL (R D",0.0,0.0
201500043390,14,12,15,17,5,94,68,2,1,1,6,"15, MARINVILLE (AV DE)",0.0,0.0
201500043391,14,12,15,17,5,94,68,2,1,1,6,"40, BAC (AV DU)",0.0,0.0
201500043392,15,12,15,9,1,94,68,2,1,2,2,PONT DE CRETEIL (R DU),0.0,0.0
201500043393,15,12,15,18,5,94,68,2,1,3,6,MAURICE BERTEAUX (BD),0.0,0.0
201500043394,15,12,15,19,5,94,68,2,1,3,6,ANDRE BOLLIER (R),0.0,0.0
201500043395,16,12,15,7,1,94,68,2,1,2,5,"111, CHAMPIGNY (BD DE)",0.0,0.0
201500043396,19,12,15,16,1,94,68,2,1,1,7,"55BIS, WINSTON CHURCHILL",0.0,0.0
201500043397,21,12,15,12,1,94,68,2,1,1,2,GARE DE CHAMPIGNY (PL DE,0.0,0.0
201500043398,23,12,15,12,1,94,68,2,1,1,6,"02, PIERRE BROSSOLETTE (",0.0,0.0
201500043399,16,12,15,12,1,94,68,2,1,1,6,"6BIS, MAURICE BERTEAUX (",0.0,0.0
201500043400,30,12,15,15,1,94,68,2,2,1,3,FALONNIERES (AV DES),0.0,0.0
201500043401,13,1,15,8,1,94,68,2,3,1,6,ANDRE BOLLIER (R),0.0,0.0
201500043402,16,1,15,20,5,94,68,2,1,2,5,BONNEUIL (PONT DE),0.0,0.0
201500043403,22,1,15,22,5,94,68,2,1,1,6,BD MAURICE BERTEAUX,48.8113,2.46915
201500043404,12,2,15,22,5,94,68,2,2,1,6,CHANZY (AV),0.0,0.0
201500043405,3,3,15,10,1,94,68,2,1,1,6,"3, MARNE (BD DE LA)",0.0,0.0
201500043406,6,4,15,3,5,94,68,2,1,1,6,"43, LOUIS BLANC (AV)",0.0,0.0
201500043407,22,4,15,15,1,94,68,2,1,1,6,"46, BONNEUIL (AV DE)",0.0,0.0
201500043408,24,4,15,0,5,94,68,2,1,1,3,"140, FOCH (AV)",0.0,0.0
201500043409,4,6,15,19,1,94,68,2,1,1,6,"41, RABELAIS (BD)",0.0,0.0
201500043410,28,6,15,11,1,94,68,2,2,1,3,8 MAI 1945 (CARR DU),0.0,0.0
201500043411,5,7,15,6,1,94,68,2,1,1,7,"26, PETIT PARC (QU DU)",0.0,0.0
201500043412,14,7,15,1,5,94,68,2,1,1,3,PONT DE CRETEIL (R DU),0.0,0.0
201500043413,28,7,15,18,1,94,68,2,1,2,6,"61, LATTRE DE TASSIGNY (",0.0,0.0
201500043414,2,8,15,3,5,94,68,2,3,1,6,"90, AV BARBES/ADAM",48.793,2.48938
201500043415,7,8,15,22,2,94,68,2,2,1,3,MAURICE BERTEAUX (BD),0.0,0.0
201500043416,12,8,15,12,1,94,68,2,1,1,2,"59, MARINVILLE (AV DE)",0.0,0.0
201500043417,16,9,15,14,1,94,68,2,1,1,4,CHEMIN VERT (R DU),0.0,0.0
201500043418,4,11,15,18,5,94,68,2,1,8,6,"86, BONNEUIL (AV DE)",0.0,0.0
201500043419,10,11,15,1,5,94,68,2,1,1,7,ARMES (PL D),0.0,0.0
201500043420,12,11,15,15,1,94,68,2,1,8,1,JOFFRE (AV),0.0,0.0
201500043421,17,11,15,21,5,94,68,2,2,8,3,BANQUE (AV DE LA),0.0,0.0
201500043422,24,11,15,11,1,94,68,2,1,2,6,FOCH (AV),0.0,0.0
201500043423,30,11,15,12,1,94,68,2,2,1,3,MAURICE BERTEAUX (BD),0.0,0.0
201500043424,1,12,15,1,5,94,68,2,1,1,6,PONT DE CRETEIL (R DU),0.0,0.0
201500043425,4,12,15,4,5,94,68,2,1,2,6,"81, MARINVILLE (AV DE)",0.0,0.0
201500043426,13,12,15,8,2,94,68,2,1,1,6,BONNEUIL (QU DE),0.0,0.0
201500043427,28,12,15,23,5,94,68,2,1,1,3,GARIBALDI (R),0.0,0.0
201500043428,16,7,15,9,1,94,74,2,3,7,3,JOURDAIN/VASCO GAMA,48.7669,2.45176
201500043429,1,1,15,4,5,94,78,2,2,8,2,8 MAI 1945/IMP ST GEORGE,48.7247,2.44499
201500043430,1,1,15,7,5,94,78,2,3,5,3,8 MAI 1945/PT VILLENEUVE,48.7276,2.44561
201500043431,2,1,15,10,1,94,78,2,1,2,3,ANATOLE FRANCE (AV),0.0,0.0
201500043432,5,1,15,10,1,94,78,2,1,2,1,PRESIDENT WILSON (R DU),0.0,0.0
201500043433,26,2,15,9,1,94,78,2,3,2,5,APPEL 18JUIN1940/ARMAND,48.7594,2.44324
201500043434,7,1,15,17,5,94,77,2,2,5,6,PARMENTIER (AV),0.0,0.0
201500043435,7,1,15,18,5,94,78,2,1,2,6,REPUBLIQUE (AV DE LA),0.0,0.0
201500043436,25,12,15,14,1,94,74,2,6,1,3,VASCO DE GAMA ( avenue d,0.0,0.0
201500043437,8,1,15,9,1,94,78,2,3,1,6,"14, PARIS (R DE)",0.0,0.0
201500043438,26,12,15,9,1,94,77,2,1,1,6,ALBERT LARME (R),0.0,0.0
201500043439,27,12,15,19,5,94,78,2,1,3,6,"116, GAMBETTA (ALL)",0.0,0.0
201500043440,15,3,15,7,1,94,77,2,1,1,6,"65, MARECHAL GALLIENI (R",0.0,0.0
201500043441,10,1,15,14,1,94,78,2,1,1,6,"4, FUSILLES (AV DES)",0.0,0.0
201500043442,10,1,15,14,1,94,78,2,1,8,3,"31, REPUBLIQUE (AV DE LA",0.0,0.0
201500043443,28,3,15,12,1,94,78,2,3,8,3,"154, PARIS/ZOLA",48.7356,2.4468
201500043444,19,1,15,14,1,94,78,2,3,1,1,8 MAI 1945/PT VILLENEUVE,48.7276,2.44561
201500043445,23,1,15,12,1,94,77,2,1,8,6,PAUL DOUMER (AV),0.0,0.0
201500043446,24,1,15,2,5,94,78,2,1,1,6,"18, AV DE CHOISY",48.7389,2.4443
201500043447,22,11,15,11,1,94,74,2,3,1,2,"38, BARBUSSE/MICHELET",48.7636,2.44198
201500043448,12,11,15,1,4,94,74,1,1,1,7,"., VASCO DE GAMA ( avenu",0.0,0.0
201500043449,5,2,15,16,2,94,78,2,1,4,7,REPUBLIQUE (AV DE LA),0.0,0.0
201500043450,11,2,15,9,1,94,74,2,6,9,3,", COLONEL FABIEN (R)",0.0,0.0
201500043451,16,10,15,19,5,94,74,2,1,1,5,AV HENRI BARBUSSE,48.7674,2.44102
201500043452,12,2,15,18,1,94,78,2,1,1,6,PL PIERRE SEMARD,48.73,2.44689
201500043453,10,9,15,15,1,94,78,2,1,1,3,"57, PRESIDENT JOHN FITZG",0.0,0.0
201500043454,13,2,15,13,1,94,78,2,1,1,6,PL PIERRE SEMARD,48.73,2.44689
201500043455,15,2,15,12,1,94,74,2,3,1,4,BARBUSSE/RASPAIL,48.7647,2.44182
201500043456,15,2,15,6,5,94,74,2,1,8,1,JULIEN DURANTON (avenue),0.0,0.0
201500043457,17,10,15,21,5,94,78,2,1,2,6,"19, CHOISY (AV DE)",0.0,0.0
201500043458,23,12,15,1,5,94,78,2,1,1,6,"02, CHOISY (AV DE)",0.0,0.0
201500043459,9,7,15,20,1,94,78,2,4,1,2,APPEL 18 JUIN/CHURCHILL,48.7551,2.44413
201500043460,23,2,15,20,5,94,78,2,3,2,1,APPEL 18JUIN1940/ARMAND,48.7605,2.44291
201500043461,3,3,15,19,5,94,77,2,1,2,2,VERDUN (COUR DE),0.0,0.0
201500043462,4,3,15,23,5,94,78,2,1,1,3,PRESIDENT JOHN FITZGERAL,0.0,0.0
201500043463,7,3,15,7,1,94,77,1,1,1,1,DIDIER DAURAT (rue),0.0,0.0
201500043464,7,3,15,11,1,94,78,2,1,1,6,"36 bis, RAYMOND DE LA GR",0.0,0.0
201500043465,20,3,15,5,5,94,77,2,1,1,6,VERDUN (COUR DE),0.0,0.0
201500043466,22,3,15,21,5,94,78,2,3,1,5,PT VILLENEUVE/8 MAI 1945,48.7276,2.44546
201500043467,24,3,15,20,5,94,78,2,1,3,3,"85, PRESIDENT JOHN FITZG",0.0,0.0
201500043468,28,3,15,16,1,94,78,2,1,1,6,"51, ANATOLE FRANCE (AV)",0.0,0.0
201500043469,27,3,15,6,1,94,74,2,2,1,6,CHAMP SAINT-JULIEN (AV D,0.0,0.0
201500043470,1,4,15,18,1,94,74,2,1,1,6,DIVISION GENERAL LECLERC,0.0,0.0
201500043471,2,4,15,9,1,94,78,2,1,2,6,"78, R DE PARIS",48.7258,2.446
201500043472,2,4,15,15,1,94,77,2,1,3,7,"19, MARECHAL LYAUTEY (R",0.0,0.0
201500043473,5,4,15,2,5,94,74,2,1,1,6,"84, HENRI BARBUSSE (AV)",0.0,0.0
201500043474,6,4,15,1,5,94,74,2,3,1,6,"34, H BARBUSSE/MICHELET",48.7636,2.44198
201500043475,10,4,15,20,1,94,78,2,1,1,6,"13,R VICTOR HUGO",0.0,0.0
201500043476,2,8,15,7,1,94,78,2,1,1,2,EUROPE (AV DE L),0.0,0.0
201500043477,10,4,15,22,5,94,78,2,1,1,6,PL PIERRE SEMARD,48.7304,2.44686
201500043478,7,8,15,17,1,94,78,2,4,3,6,SEMARD/SEMARD,48.7297,2.44687
201500043479,13,4,15,13,1,94,74,2,1,7,1,JULIEN DURANTON (avenue),0.0,0.0
201500043480,14,4,15,19,1,94,78,2,1,1,3,"40, SOURCE (ALL DE LA)",0.0,0.0
201500043481,15,4,15,16,1,94,78,2,3,7,6,"34, FRANCIS MARTIN (R)",0.0,0.0
201500043482,17,4,15,15,1,94,74,2,1,1,6,"1, GUY MOQUET (AV)",0.0,0.0
201500043483,20,4,15,1,5,94,74,2,1,1,6,BARBUSSE/FERME DE LATOUR,48.7708,2.44031
201500043484,20,4,15,9,1,94,78,2,3,1,6,PIERRE SEMARD (PL),0.0,0.0
201500043485,21,4,15,18,1,94,77,2,2,1,3,"150, REPUBLIQUE/LAIRE",0.0,0.0
201500043486,22,4,15,11,1,94,74,2,1,1,3,RU DE GIRONDE (AV DU),0.0,0.0
201500043487,24,4,15,18,1,94,77,2,1,1,5,"47, REPUBLIQUE (AV DE LA",0.0,0.0
201500043488,2,5,15,18,1,94,74,2,1,8,2,RU DE GIRONDE (AV DU),0.0,0.0
201500043489,3,5,15,9,1,94,78,2,1,3,3,"1, CHOISY (AV DE)",0.0,0.0
201500043490,3,5,15,17,1,94,74,2,1,1,5,JOURDAIN THEODULE (rue),0.0,0.0
201500043491,6,5,15,18,1,94,77,2,1,1,6,", GARE (R DE LA)",0.0,0.0
201500043492,8,5,15,19,1,94,74,2,3,1,3,"12, GABRIEL PERI (R)",0.0,0.0
201500043493,11,5,15,20,1,94,77,2,2,1,3,HUIT MAI 1945 (R DU),0.0,0.0
201500043494,16,5,15,10,1,94,77,2,1,1,3,"5, LATERAL (CHE)",0.0,0.0
201500043495,19,5,15,15,1,94,74,2,6,1,5,SALVADOR ALLENDE (AV),0.0,0.0
201500043496,20,5,15,18,1,94,77,2,1,1,2,"148 TER, REPUBLIQUE (AV",0.0,0.0
201500043497,29,5,15,18,1,94,78,2,3,1,3,SEMARD/SEMARD,48.7297,2.44687
201500043498,29,5,15,18,1,94,78,2,3,1,5,APPEL 18JUIN1940/ARMAND,48.7594,2.44324
201500043499,31,5,15,13,1,94,74,2,3,2,2,BARBUSSE/MICHELET,48.7637,2.44213
201500043500,1,6,15,8,1,94,78,2,1,1,3,"6, SAINT EXUPERY (R)",0.0,0.0
201500043501,28,10,15,15,1,94,78,2,1,1,3,"57 B, EUROPE (AV DE L)",0.0,0.0
201500043502,9,6,15,3,5,94,78,2,1,1,7,"., JULES FERRY (R)",0.0,0.0
201500043503,9,6,15,18,1,94,1,2,1,1,6,"., VILLENEUVE (route de",0.0,0.0
201500043504,10,6,15,14,1,94,78,2,1,1,2,AV DE MELUN,48.7228,2.4438
201500043505,13,6,15,18,1,94,78,2,3,1,6,"., THIMONNIER (R)",0.0,0.0
201500043506,14,6,15,6,1,94,78,2,3,1,5,8 MAI 1945/PT VILLENEUVE,48.7276,2.44546
201500043507,17,6,15,17,1,94,77,2,1,1,3,"., SEINE (VOI DE)",0.0,0.0
201500043508,26,6,15,18,1,94,77,2,1,1,1,"., JEAN PIERRE TIMBAUD (",0.0,0.0
201500043509,30,6,15,19,1,94,74,2,1,1,6,"., GABRIEL PERI (R)",0.0,0.0
201500043510,30,6,15,19,1,94,78,2,1,7,6,"., TILLEULS (R DES)",0.0,0.0
201500043511,1,7,15,17,1,94,74,2,1,1,6,RU DE GIRONDE (AV DU),0.0,0.0
201500043512,2,7,15,22,1,94,77,2,3,1,7,"., LE FOLL (AV)",0.0,0.0
201500043513,3,7,15,9,1,94,74,2,1,1,3,"173, DIVISION GENERAL LE",0.0,0.0
201500043514,16,1,15,21,5,94,78,2,3,2,3,8 MAI 1945/SEMARD,48.7297,2.44687
201500043515,7,7,15,20,1,94,78,2,4,3,4,APPEL 18 JUIN/CHURCHILL,48.7551,2.44413
201500043516,8,7,15,19,1,94,78,2,1,8,6,"1, GUSTAVE FLAUBERT (R)",0.0,0.0
201500043517,16,7,15,13,1,94,74,2,1,1,6,"6, HENRI JANIN (R)",0.0,0.0
201500043518,20,7,15,15,1,94,78,2,3,1,3,PARIS/,48.733,2.44681
201500043519,18,9,15,21,3,94,78,2,1,2,1,"1, CHOISY (AV DE)",0.0,0.0
201500043520,30,7,15,17,1,94,74,2,2,1,3,62 AV DURANTON/MICHELET,0.0,0.0
201500043521,31,7,15,7,1,94,77,2,1,1,1,"1, HAUTE SEINE (R DE LA)",0.0,0.0
201500043522,31,7,15,16,1,94,78,2,3,1,3,"15, CARNOT (AV)",0.0,0.0
201500043523,3,8,15,18,1,94,78,2,1,1,7,FONTAINE SAINT-MARTIN (R,0.0,0.0