Num_Acc,jour,mois,an,hr,condition_eclairage,departement,commune,condition_agglomeration,intersection,condition_atmosphere,type_collision,adresse,lattitude,longitude
201500043524,22,8,15,12,1,94,78,2,3,1,3,VALENTON (AV DE),0.0,0.0
201500043525,5,8,15,20,1,94,78,2,1,1,6,VALENTON (AV DE),0.0,0.0
201500043526,6,8,15,8,1,94,78,2,3,1,1,"13, CARNOT (AV)",0.0,0.0
201500043527,9,8,15,0,4,94,78,2,4,1,2,PARIS/CHURCHILL,48.7551,2.44413
201500043528,15,8,15,4,5,94,78,2,3,3,3,8 MAI 1945/SAINT-GEORGES,48.7247,2.44499
201500043529,20,8,15,21,2,94,78,2,4,1,3,SEMARD/SEMARD,48.7297,2.44687
201500043530,20,8,15,12,1,94,78,2,3,2,2,MELUN/BELLE PLACE,48.7241,2.44478
201500043531,16,8,15,18,1,94,78,2,1,1,6,AV DU 8 MAI 1945,48.726,2.44454
201500043532,27,8,15,9,1,94,78,2,1,2,1,CHOISY (AV DE),0.0,0.0
201500043533,28,8,15,15,1,94,77,2,1,1,6,", AMEDEE SOUPPAULT (Plac",0.0,0.0
201500043534,6,9,15,5,5,94,74,2,3,1,6,BARBUSSE/PASTEUR,48.7669,2.44128
201500043535,7,9,15,11,1,94,78,2,2,1,7,"154, PARIS/CHOISY",48.7356,2.44665
201500043536,9,9,15,12,1,94,78,2,6,1,3,"., WINSTON CHURCHILL (AV",0.0,0.0
201500043537,11,9,15,0,5,94,78,2,1,1,5,AV DE MELUN,48.7219,2.44308
201500043538,12,9,15,0,5,94,78,2,1,1,7,"184, R DE PARIS",48.7385,2.44683
201500043539,14,9,15,17,1,94,77,2,2,7,6,"30, PASTEUR (AV)",0.0,0.0
201500043540,14,9,15,20,5,94,74,2,1,1,6,"., FONTAINE SAINT-MARTIN",0.0,0.0
201500043541,15,9,15,22,5,94,74,2,8,2,6,"., RU DE GIRONDE (AV DU)",0.0,0.0
201500043542,17,9,15,17,1,94,78,2,2,1,3,"158, R PARIS/ZOLA",48.7356,2.4468
201500043543,18,9,15,21,5,94,78,2,1,2,7,"246, R DE PARIS",48.7436,2.44657
201500043544,21,9,15,10,1,94,78,2,1,1,2,"82, CHOISY (AV DE)",0.0,0.0
201500043545,22,9,15,15,1,94,74,2,1,1,6,"., JULIEN DURANTON (aven",0.0,0.0
201500043546,18,7,15,7,1,94,74,2,1,1,6,JULIEN DURANTON (avenue),0.0,0.0
201500043547,18,7,15,13,1,94,78,2,1,1,2,AV WINSTON CHURCHILL,0.0,0.0
201500043548,25,9,15,20,5,94,74,2,1,1,6,"., SALVADOR ALLENDE (AV)",0.0,0.0
201500043549,20,7,15,10,1,94,78,2,3,1,3,PARIS/CARNOT,48.733,2.44681
201500043550,5,10,15,14,1,94,74,2,1,3,6,"173, DIVISION GENERAL LE",0.0,0.0
201500043551,30,9,15,8,1,94,78,2,1,1,6,"., YERRES (R DE L)",0.0,0.0
201500043552,9,10,15,13,1,94,74,2,1,1,2,"5, RU DE GIRONDE (AV DU)",0.0,0.0
201500043553,20,10,15,19,5,94,78,2,1,1,6,"4, PL PIERRE SEMARD",48.73,2.44688
201500043554,20,10,15,20,5,94,77,2,1,2,6,"103, LE FOLL (AV)",0.0,0.0
201500043555,21,10,15,2,5,94,74,2,2,1,3,"., ONZE NOVEMBRE 1918 (R",0.0,0.0
201500043556,24,10,15,13,1,94,78,2,3,1,3,8 MAI 1945/PT VILLENEUVE,48.7276,2.44561
201500043557,26,10,15,8,1,94,74,2,4,1,1,"., CHAMP SAINT-JULIEN (A",0.0,0.0
201500043558,31,10,15,23,5,94,78,2,1,1,5,AV DE MELUN,48.7233,2.44399
201500043559,3,11,15,18,1,94,78,2,1,1,4,"5, EGLISE (R DE L)",0.0,0.0
201500043560,4,11,15,23,5,94,78,2,6,1,6,"., PRESIDENT JOHN FITZGE",0.0,0.0
201500043561,5,11,15,21,5,94,1,2,1,1,6,11 bis R MARECHAL FOCH,0.0,0.0
201500043562,6,11,15,15,1,94,74,2,1,2,6,"08, COLONEL FABIEN (R)",0.0,0.0
201500043563,6,11,15,6,2,94,78,2,4,1,6,SEMARD/SEMARD,48.7297,2.44687
201500043564,8,11,15,16,1,94,77,2,1,1,3,"22, HONORE OURSEL (R)",0.0,0.0
201500043565,17,10,15,12,1,94,77,2,1,1,3,"., PONT (R DU)",0.0,0.0
201500043566,15,11,15,19,5,94,78,2,4,1,1,PARIS/'APPEL DU 18 JUIN,48.7552,2.44426
201500043567,17,11,15,7,1,94,1,2,1,2,3,"., VILLENEUVE (route de",0.0,0.0
201500043568,17,11,15,8,1,94,77,2,3,2,2,"., SEINE (VOI DE)",0.0,0.0
201500043569,1,6,15,17,1,94,78,2,1,1,6,"., PRESIDENT JOHN FITZGE",0.0,0.0
201500043570,29,11,15,1,5,94,74,2,1,1,6,AV HENRI BARBUSSE,48.7635,2.44202
201500043571,1,12,15,13,1,94,78,2,4,1,3,PL P SEMARD/PL P SEMARD,48.7297,2.44687
201500043572,6,12,15,16,2,94,74,2,1,1,2,"84, AV HENRI BARBUSSE",48.7674,2.44102
201500043573,7,12,15,18,2,94,74,2,1,1,4,"4, AV HENRI BARBUSSE",48.762,2.44239
201500043574,14,12,15,18,5,94,74,2,1,1,6,"., RU DE GIRONDE (AV DU)",0.0,0.0
201500043575,15,12,15,18,5,94,78,2,1,3,6,"2, HENRI JANIN (R)",0.0,0.0
201500043576,21,12,15,15,1,94,77,2,1,1,6,"04, MARECHAL LYAUTEY (R",0.0,0.0
201500043577,8,1,15,8,1,94,80,2,3,1,2,"., FAYS LIM COM (R)",0.0,0.0
201500043578,15,1,15,19,5,94,80,2,1,1,7,"16, PARIS (AV DE)",0.0,0.0
201500043579,21,1,15,15,1,94,80,2,2,1,3,"., REPUBLIQUE (AV DE LA)",0.0,0.0
201500043580,21,1,15,16,1,94,80,2,1,1,3,"155, FONTENAY (R DE)",0.0,0.0
201500043581,1,2,15,8,1,94,67,2,3,1,6,"57, DAUMESNIL (AV)",0.0,0.0
201500043582,11,2,15,12,1,94,80,2,1,1,7,MIDI (R DU),0.0,0.0
201500043583,11,2,15,14,1,94,80,2,1,1,3,STRASBOURG (R DE),0.0,0.0
201500043584,14,2,15,19,5,94,80,2,2,1,2,"98, PARIS (AV DE)",0.0,0.0
201500043585,18,3,15,19,3,94,67,2,1,1,2,"0, PARIS (av. de)",0.0,0.0
201500043586,19,3,15,17,1,94,67,2,1,1,6,"67BIS, PARIS (av. de)",0.0,0.0
201500043587,7,4,15,9,1,94,80,2,1,1,3,"., LAGNY (R DE)",0.0,0.0
201500043588,13,4,15,15,1,94,80,2,1,1,3,"106, FONTENAY (R DE)",0.0,0.0
201500043589,9,4,15,10,1,94,80,2,2,1,3,DIDEROT (R),0.0,0.0
201500043590,6,5,15,13,1,94,80,2,1,1,6,"29, PREVOYANCE (R DE LA)",0.0,0.0
201500043591,11,5,15,19,1,94,80,2,1,1,2,"., NOGENT (AV DE)",0.0,0.0
201500043592,13,5,15,16,1,94,67,2,2,1,6,DE GAULLE/LIEGE,48.8436,2.41761
201500043593,15,5,15,1,5,94,80,2,2,1,3,PARIS (AV DE),0.0,0.0
201500043594,30,5,15,10,1,94,80,2,1,1,3,MINIMES (AV DES),0.0,0.0
201500043595,31,5,15,11,1,94,80,2,2,1,3,LIBERATION (BD DE LA),0.0,0.0
201500043596,9,6,15,18,1,94,80,2,1,1,2,"81, FRANCE (R DE)",0.0,0.0
201500043597,10,6,15,19,1,94,80,2,3,1,3,"., BELFORT (R DE)",0.0,0.0
201500043598,17,6,15,15,1,94,67,2,1,1,1,"13, ALOUETTE (R DE L)",0.0,0.0
201500043599,19,6,15,17,1,94,80,2,1,1,2,"21, VICTOR BASCH (R)",0.0,0.0
201500043600,25,6,15,17,1,94,80,2,3,1,6,"56, FONTENAY (R DE)",0.0,0.0
201500043601,5,7,15,22,5,94,80,2,3,1,1,"., PARIS (AV DE)",0.0,0.0
201500043602,6,7,15,8,1,94,80,2,1,1,6,"33, LIBERATION (BD DE LA",0.0,0.0
201500043603,9,7,15,19,1,94,80,2,1,1,2,"., MARIGNY (COUR)",0.0,0.0
201500043604,28,6,15,12,1,94,80,2,3,1,3,"., MEUNIERS (R DES)",0.0,0.0
201500043605,28,7,15,17,1,94,80,2,3,2,2,"., PASTEUR (R)",0.0,0.0
201500043606,31,7,15,19,1,94,80,2,2,1,1,"204, FONTENAY (R DE)",0.0,0.0
201500043607,27,8,15,22,5,94,67,2,2,3,3,"100, GENERAL DE GAULLE (",0.0,0.0
201500043608,28,8,15,12,1,94,80,2,1,1,6,"30, CHATEAU (AV DU)",0.0,0.0
201500043609,1,9,15,16,1,94,80,2,1,1,6,"8, RAYMOND DU TEMPLE (R)",0.0,0.0
201500043610,1,9,15,18,1,94,80,2,1,1,6,MIDI (R DU),0.0,0.0
201500043611,11,9,15,18,1,94,80,2,1,1,3,"31BIS, FELIX FAURE (R)",0.0,0.0
201500043612,14,9,15,17,1,94,80,2,2,1,1,BERAULT (PL),0.0,0.0
201500043613,16,9,15,10,1,94,80,2,1,3,2,"24, PARIS (AV DE)",0.0,0.0
201500043614,21,9,15,0,5,94,80,2,1,1,1,", PARIS (AV DE)",0.0,0.0
201500043615,21,9,15,19,2,94,80,2,5,2,6,PAIX (R DE LA),0.0,0.0
201500043616,27,9,15,16,1,94,80,2,2,1,6,MINIMES (AV DES),0.0,0.0
201500043617,1,10,15,18,1,94,80,2,1,1,6,"60, MONTREUIL (R DE)",0.0,0.0
201500043618,2,10,15,13,1,94,67,2,2,1,3,GENERAL DE GAULLE (AV DU,0.0,0.0
201500043619,6,10,15,11,1,94,80,2,1,8,7,"30, PARIS (AV DE)",0.0,0.0
201500043620,9,10,15,7,3,94,80,2,7,1,3,"., MINIMES (AV DES)",0.0,0.0
201500043621,10,10,15,16,1,94,67,2,1,1,2,"5, DAUMESNIL (AV)",0.0,0.0
201500043622,14,10,15,22,5,94,80,2,1,2,7,"25, PARIS (AV DE)",0.0,0.0
201500043623,15,10,15,8,1,94,67,2,3,2,6,"10, JOFFRE (AV)",0.0,0.0
201500043624,15,10,15,22,5,94,67,2,2,2,2,DAUMESNIL (AV),0.0,0.0
201500043625,22,10,15,8,1,94,80,2,2,2,3,"135, FRANCE (R DE)",0.0,0.0
201500043626,27,10,15,22,5,94,67,2,2,1,3,CHARLES DIGEON (PL),0.0,0.0
201500043627,5,11,15,17,1,94,67,2,1,8,7,"35, JOFFRE (AV)",0.0,0.0
201500043628,6,11,15,10,1,94,67,2,1,1,3,"94, GENERAL DE GAULLE (A",0.0,0.0
201500043629,19,11,15,18,5,94,80,2,3,2,6,"59, MASSUE (R)",0.0,0.0
201500043630,25,11,15,11,1,94,80,2,2,2,3,"26, PARIS (AV DE)",0.0,0.0
201500043631,29,11,15,14,1,94,67,2,1,1,1,"39, DAUMESNIL (AV)",0.0,0.0
201500043632,1,12,15,17,5,94,67,2,4,1,2,GENERAL DE GAULLE (AV DU,0.0,0.0
201500043633,2,12,15,10,1,94,67,2,1,1,6,"09, GENERAL DE GAULLE (A",0.0,0.0
201500043634,9,12,15,11,1,94,67,2,1,1,2,"4, VICTOR HUGO (AV)",0.0,0.0
201500043635,10,12,15,8,1,94,67,2,1,1,3,"108, GENERAL DE GAULLE (",0.0,0.0
201500043636,10,12,15,19,5,94,80,2,1,1,6,"39 BIS, MONTREUIL (R DE)",0.0,0.0
201500043637,12,12,15,20,5,94,67,2,3,1,1,LAGNY (R DE),0.0,0.0
201500043638,15,12,15,13,1,94,67,2,2,2,2,GENERAL DE GAULLE (AV DU,0.0,0.0
201500043639,15,12,15,20,5,94,80,2,2,2,3,"., PAUL DEROULEDE (AV)",0.0,0.0
201500043640,18,12,15,9,1,94,80,2,1,1,3,"199, FONTENAY (R DE)",0.0,0.0
201500043641,18,12,15,11,1,94,80,2,2,1,7,"., JULES MASSENET (R)",0.0,0.0
201500043642,29,12,15,10,1,94,80,2,3,1,3,DE GAULLE/MINIMES,0.0,0.0
201500043643,31,12,15,23,5,94,67,2,9,1,6,"168, PARIS (av. de)",0.0,0.0
201500043644,3,1,15,22,5,94,81,2,1,2,6,"139, PAUL VAILLANT COUTU",0.0,0.0
201500043645,4,1,15,22,5,94,81,2,3,1,6,"angle, FONTAINEBLEAU (RT",0.0,0.0
201500043646,7,1,15,19,3,94,81,2,3,8,6,"angle, PETITE SAUSSAIE (",0.0,0.0
201500043647,10,1,15,16,1,94,81,2,3,1,3,"angle, MOULIN DE SAQUET",0.0,0.0
201500043648,16,1,15,6,4,94,81,2,1,1,6,"162, ROUGET DE L ISLE (A",0.0,0.0
201500043649,23,1,15,21,5,94,81,2,1,1,6,QU JULES GUESDE,48.7811,2.41618
201500043650,26,1,15,12,1,94,81,2,3,1,3,"angle, ODESSA (R D)",0.0,0.0
201500043651,26,1,15,20,4,94,81,2,1,2,6,"Quai, JULES GUESDE (QU)",0.0,0.0
201500043652,28,1,15,8,3,94,81,2,3,1,3,"A, PRES (R DES)",0.0,0.0
201500043653,28,1,15,13,1,94,81,2,1,1,7,"a, ABBE ROGER DERRY (AV",0.0,0.0
201500043654,29,1,15,21,5,94,81,2,1,2,2,"18, MOULIN DE SAQUET (AV",0.0,0.0
201500043655,30,1,15,19,5,94,81,2,2,1,2,"1, ABBE ROGER DERRY (AV",0.0,0.0
201500043656,31,1,15,14,1,94,81,2,3,1,3,"60, PAUL VAILLANT COUTUR",0.0,0.0
201500043657,2,2,15,5,3,94,81,1,1,2,2,"A86, BRETELLE A86",48.7745,2.40455
201500043658,5,2,15,12,1,94,81,2,1,1,6,"85 BIS, LOUISE AGLAE CRE",0.0,0.0
201500043659,6,2,15,17,5,94,81,2,1,1,6,JULIAN GRIMAU (R),0.0,0.0
201500043660,9,2,15,10,1,94,81,2,6,8,3,"17, ERNEST HAVET (AV)",0.0,0.0
201500043661,15,2,15,21,5,94,81,2,3,1,3,"52, FORT (R DU)",0.0,0.0
201500043662,17,2,15,17,5,94,81,2,1,8,6,"1, JULES FERRY (R)",0.0,0.0
201500043663,23,2,15,14,1,94,81,2,3,1,3,"39, MOULIN DE SAQUET (AV",0.0,0.0
201500043664,26,2,15,19,5,94,81,2,2,2,6,"angle, MAXIMILIEN ROBESP",0.0,0.0
201500043665,27,2,15,12,1,94,81,2,2,1,6,"., LUCIEN FRANCAIS (AV)",0.0,0.0
201500043666,3,3,15,13,1,94,81,2,2,1,3,"., LEON GEFFROY (R)",0.0,0.0
201500043667,4,3,15,7,1,94,81,2,1,1,7,"., GENERAL MALLERET JOIN",0.0,0.0
201500043668,4,3,15,17,1,94,81,2,2,1,6,"., YOURI GAGARINE (AV)",0.0,0.0
201500043669,7,3,15,19,5,94,81,2,1,1,3,"60, LESUEUR (R)",0.0,0.0
201500043670,11,3,15,20,5,94,81,2,1,1,6,"113, CAMILLE GROULT (R)",0.0,0.0
201500043671,15,3,15,14,1,94,81,2,3,1,6,GENERAL MALLERET JOINVIL,0.0,0.0
201500043672,23,3,15,13,1,94,81,1,1,1,6,"146, LEON GEFFROY (R)",0.0,0.0
201500043673,24,3,15,18,1,94,81,2,1,2,2,"30, EDITH CAVELL (R)",0.0,0.0
201500043674,24,3,15,11,1,94,81,2,1,2,2,"13, ABBE ROGER DERRY (AV",0.0,0.0
201500043675,26,3,15,11,1,94,81,2,1,2,6,"13, ABBE ROGER DERRY (AV",0.0,0.0
201500043676,28,3,15,10,1,94,81,2,1,2,6,"117, ANSELME RONDENAY (R",0.0,0.0
201500043677,28,3,15,14,1,94,81,2,2,1,3,"., PAUL VAILLANT COUTURI",0.0,0.0
201500043678,10,4,15,12,1,94,81,2,1,1,6,GENERAL MALLERET JOINVIL,0.0,0.0
201500043679,10,4,15,21,5,94,81,2,1,1,6,"14, ABBE ROGER DERRY (AV",0.0,0.0
201500043680,11,4,15,0,4,94,81,2,1,1,6,"15, LEBRUN (R)",0.0,0.0
201500043681,11,4,15,10,1,94,81,2,3,1,6,"Angle, PRESIDENT SALVADO",0.0,0.0
201500043682,13,4,15,9,1,94,81,2,3,1,6,"Angle, GABRIEL PERI (R)",0.0,0.0
201500043683,13,4,15,17,1,94,81,2,1,1,6,"60, PAUL VAILLANT COUTUR",0.0,0.0
201500043684,14,4,15,7,1,94,81,2,3,1,6,"Angle, WATTEAU (VOI)",0.0,0.0
201500043685,18,4,15,18,1,94,81,2,1,1,6,"35, AMPERE (R)",0.0,0.0
201500043686,20,4,15,14,1,94,81,2,3,1,6,"Angle, MARGUERITES (R DE",0.0,0.0
201500043687,24,4,15,16,1,94,81,2,1,1,6,"27, MAXIMILIEN ROBESPIER",0.0,0.0
201500043688,2,5,15,15,1,94,81,2,1,1,6,"29BIS, AV ROUGET DE LISL",0.0,0.0
201500043689,2,5,15,16,1,94,22,1,1,1,2,BRETELLE A86,48.7734,2.40911
201500043690,4,5,15,7,1,94,81,2,3,1,6,"20, ABBE ROGER DERRY (AV",0.0,0.0
201500043691,9,5,15,9,1,94,81,2,1,1,6,"., STALINGRAD (BD DE)",0.0,0.0
201500043692,9,5,15,22,5,94,81,2,1,1,6,"58, JEAN JAURES (AV)",0.0,0.0
201500043693,12,5,15,18,1,94,81,2,3,1,6,"Angle, AUBER (R)",0.0,0.0
201500043694,13,5,15,19,1,94,81,2,1,1,6,"26, BOIELDIEU (R)",0.0,0.0
201500043695,13,5,15,22,5,94,81,2,1,1,6,"20, ABBE ROGER DERRY (AV",0.0,0.0
201500043696,21,5,15,18,1,94,81,2,1,1,6,"niveau 27, LUCIEN FRANCA",0.0,0.0
201500043697,19,5,15,12,1,94,81,2,1,1,6,"face 99, ROUGET DE L ISL",0.0,0.0
201500043698,21,5,15,8,1,94,81,2,1,1,6,"., PROFESSEUR CALMETTE (",0.0,0.0
201500043699,21,5,15,18,1,94,81,1,1,1,6,BRETELLE A86,48.7741,2.40232
201500043700,21,5,15,23,5,94,81,2,1,1,6,"1, JULES GUESDE (QU)",0.0,0.0
201500043701,23,5,15,16,1,94,81,2,1,1,6,"36, LOUISE AGLAE CRETTE",0.0,0.0
201500043702,24,5,15,23,5,94,81,1,6,1,6,"Angle, JULES GUESDE (QU)",0.0,0.0
201500043703,25,5,15,12,1,94,81,2,1,1,6,"., CAMILLE RISCH (R)",0.0,0.0
201500043704,27,5,15,15,1,94,81,2,1,1,6,"131, ROUGET DE L ISLE (A",0.0,0.0
201500043705,31,5,15,19,1,94,81,2,1,1,6,"26, ARDOINES (R DES)",0.0,0.0
201500043706,4,6,15,0,5,94,81,2,3,1,3,"., MOULIN DE SAQUET (AV",0.0,0.0
201500043707,4,6,15,7,1,94,81,2,1,1,6,"1, LEMERLE VETTER (AV)",0.0,0.0
201500043708,6,6,15,18,1,94,81,2,2,1,6,"79, STALINGRAD (BD DE)",0.0,0.0
201500043709,7,6,15,17,1,94,81,2,1,1,6,"17, ABBE ROGER DERRY (AV",0.0,0.0
201500043710,8,6,15,17,1,94,81,2,1,1,6,"Angle, ABBE ROGER DERRY",0.0,0.0
201500043711,8,6,15,19,1,94,81,2,1,1,6,"17, EUGENE HENAFF (R)",0.0,0.0
201500043712,9,6,15,15,1,94,81,2,1,1,2,"2, PAUL VAILLANT COUTURI",0.0,0.0
201500043713,10,6,15,17,1,94,81,2,1,1,6,"14, MAXIMILIEN ROBESPIER",0.0,0.0
201500043714,13,6,15,1,3,94,81,1,1,1,6,A86,48.7743,2.40291
201500043715,15,6,15,18,1,94,81,2,1,1,1,"., KLADNO (R DE)",0.0,0.0
201500043716,17,6,15,18,1,94,81,2,1,1,6,"., ABBE ROGER DERRY (AV",0.0,0.0
201500043717,19,6,15,11,1,94,81,2,3,1,6,110 AV A FRANCE/BAIGNADE,0.0,0.0
201500043718,19,6,15,18,1,94,81,2,2,1,6,"Angle, HUIT MAI 1945 (AV",0.0,0.0
201500043719,22,6,15,0,5,94,81,2,1,1,3,"33, COLONEL FABIEN (AV D",0.0,0.0
201500043720,3,7,15,22,5,94,81,2,6,1,7,JULES GUESDE (QU),0.0,0.0
201500043721,6,7,15,7,1,94,81,2,1,1,3,"24, PRESIDENT SALVADOR A",0.0,0.0
201500043722,7,7,15,8,1,94,81,2,2,1,6,"53, JEAN JAURES (AV)",0.0,0.0
201500043723,9,7,15,7,1,94,81,2,9,1,7,"40, CHARLES HELLER (R)",0.0,0.0
201500043724,9,7,15,18,1,94,81,2,1,1,6,"1, PAUL VAILLANT COUTURI",0.0,0.0
201500043725,11,7,15,14,1,94,81,2,1,1,6,"2, PRESIDENT SALVADOR AL",0.0,0.0
201500043726,11,7,15,21,3,94,81,1,1,1,2,BRETELLE A86,48.7734,2.40285
201500043727,12,7,15,21,2,94,81,2,1,1,6,"68, MOULIN DE SAQUET (AV",0.0,0.0
201500043728,14,7,15,12,1,94,81,2,3,1,6,"Angle, PRESIDENT SALVADO",0.0,0.0
201500043729,14,7,15,20,2,94,81,2,1,1,6,"71, JULES GUESDE (QU)",0.0,0.0
201500043730,15,7,15,12,1,94,81,2,1,1,2,"141, ROUGET DE L ISLE (A",0.0,0.0
201500043731,15,7,15,19,1,94,81,1,1,1,6,"1, MOULIN DE SAQUET (AV",0.0,0.0
201500043732,20,7,15,1,5,94,81,2,2,1,3,"1, STALINGRAD (BD DE)",0.0,0.0
201500043733,31,7,15,20,2,94,81,2,1,1,6,"5, ANDRE MAGINOT (AV)",0.0,0.0
201500043734,1,8,15,4,3,94,81,1,1,1,2,BRETELLE A86,48.7736,2.4041
201500043735,1,8,15,11,1,94,81,2,1,1,6,"2, DIX HUIT JUIN 1940 (R",0.0,0.0
201500043736,4,8,15,10,1,94,81,1,1,1,2,"A86, BRETELLE A86",48.7734,2.40312
201500043737,7,8,15,22,5,94,81,2,1,1,2,"98, COLONEL FABIEN (PAS",0.0,0.0
201500043738,11,8,15,13,1,94,81,2,2,1,3,"Angle, EDITH CAVELL (R)",0.0,0.0
201500043739,21,8,15,13,1,94,81,2,3,1,1,"Angle, JULES GUESDE (QU)",0.0,0.0
201500043740,27,8,15,12,1,94,81,1,1,3,2,"A86, BRETELLE A86",48.7736,2.40417
201500043741,29,8,15,9,1,94,81,2,3,1,3,"Angle, JULES GUESDE (QU)",0.0,0.0
201500043742,1,9,15,15,1,94,81,2,4,1,6,"Angle, ABBE ROGER DERRY",0.0,0.0
201500043743,9,9,15,11,1,94,81,2,2,1,7,"Angle, JEAN JAURES (AV)",0.0,0.0
201500043744,12,9,15,3,5,94,81,2,1,1,6,"105, JULES GUESDE (QU)",0.0,0.0
201500043745,15,9,15,10,1,94,81,2,1,1,6,"35, AMPERE (R)",0.0,0.0
201500043746,18,9,15,8,1,94,81,2,2,1,3,"Angle, COLONEL FABIEN (A",0.0,0.0
201500043747,30,9,15,10,1,94,81,2,1,1,6,"120, STALINGRAD (BD DE)",0.0,0.0
201500043748,2,10,15,8,1,94,81,2,2,1,6,"1, EDOUARD TREMBLAY (R)",0.0,0.0
201500043749,3,10,15,10,1,94,81,2,1,1,6,"12, GROUPE MANOUCHIAN (A",0.0,0.0
201500043750,6,10,15,15,1,94,81,1,1,1,2,"A86, BRETELLE A86",48.7736,2.40428
201500043751,8,10,15,14,1,94,81,2,1,1,2,"82-84, GENERAL MALLERET",0.0,0.0
201500043752,15,10,15,19,5,94,81,2,1,2,3,"Angle, CHANZY (AV)",0.0,0.0
201500043753,18,10,15,6,5,94,81,2,1,1,3,"27, MAXIMILIEN ROBESPIER",0.0,0.0
201500043754,23,10,15,19,3,94,81,2,1,1,3,"131, PAUL VAILLANT COUTU",0.0,0.0
201500043755,26,10,15,14,1,94,81,2,2,1,1,"2, YOURI GAGARINE (AV)",0.0,0.0
201500043756,28,10,15,9,1,94,81,2,3,2,2,"40, JULES GUESDE (QU)",0.0,0.0
201500043757,30,10,15,8,1,94,81,1,1,1,3,"A86, BRETELLE A86",48.7735,2.40371
201500043758,30,10,15,17,1,94,81,2,1,1,6,"28, PAUL VAILLANT COUTUR",0.0,0.0
201500043759,31,10,15,16,1,94,81,2,3,1,3,"Angle, NORIETS (R DES)",0.0,0.0
201500043760,2,11,15,7,1,94,81,2,1,1,6,PAUL ARMANGOT (R),0.0,0.0
201500043761,2,11,15,16,1,94,81,2,1,1,6,"13, VOLTAIRE (R)",0.0,0.0
201500043762,3,11,15,7,2,94,81,2,1,2,6,"25-27, MAXIMILIEN ROBESP",0.0,0.0
201500043763,10,11,15,9,1,94,81,2,5,1,6,"Angle, GABRIEL PERI (R)",0.0,0.0
201500043764,16,11,15,13,1,94,81,2,4,1,6,"261, GABRIEL PERI (R)",0.0,0.0
201500043765,16,11,15,16,1,94,81,2,1,1,7,FRATERNITE (R DE LA),0.0,0.0
201500043766,17,11,15,5,5,94,81,2,1,2,7,"139, PAUL VAILLANT COUTU",0.0,0.0
201500043767,23,11,15,17,5,94,81,2,1,1,3,"128, MOULIN DE SAQUET (A",0.0,0.0
201500043768,25,11,15,17,5,94,81,2,1,2,7,"24, PRESIDENT SALVADOR A",0.0,0.0
201500043769,30,11,15,9,1,94,81,2,1,1,6,"27, MAXIMILIEN ROBESPIER",0.0,0.0
201500043770,1,12,15,18,5,94,81,2,1,1,6,ANATOLE FRANCE (AV),0.0,0.0
201500043771,2,12,15,17,5,94,81,2,1,1,3,"32, PIERRE SEMARD (R)",0.0,0.0
201500043772,6,12,15,18,5,94,81,2,1,1,3,"Angle, ANDRE MALRAUX (R)",0.0,0.0
201500043773,7,12,15,18,5,94,81,2,3,1,3,GUESDE/PORT A L'ANGLAIS,0.0,0.0
201500043774,17,12,15,13,1,94,81,2,1,1,6,"135, STALINGRAD (BD DE)",0.0,0.0
201500043775,19,12,15,10,1,94,81,2,1,1,6,"02, EUGENE HENAFF (R)",0.0,0.0
201500043776,22,12,15,16,1,94,81,2,1,1,2,"77-79, MOULIN DE SAQUET",0.0,0.0
201500043777,22,12,15,17,5,94,81,2,2,1,3,"Angle, PETITE SAUSSAIE (",0.0,0.0
201500043778,23,12,15,17,5,94,81,2,5,1,3,"Angle, TALMA (R)",0.0,0.0
201500043779,23,12,15,17,5,94,81,2,1,1,6,"., EDOUARD TIL (R)",0.0,0.0
201500043780,26,12,15,14,1,94,81,2,2,1,6,"27, MARIO CAPRA (R)",0.0,0.0
201500043781,29,12,15,19,5,94,81,1,1,8,2,BRETELLE A86,48.7744,2.40522
201500043782,2,1,15,12,1,95,18,2,2,1,3,BD DU GENERAL LECLERC,48.9468,2.2381
201500043783,1,3,15,12,1,95,18,2,1,1,6,AV MAURICE UTRILLO,48.9407,2.2345
201500043784,14,1,15,14,1,95,18,2,1,1,6,R DES ALLOBROGES,48.9553,2.2211
201500043785,5,3,15,18,2,95,18,2,2,1,6,AV GABRIEL PERI,48.9442,2.2509
201500043786,15,1,15,15,1,95,18,2,5,1,6,R VOLTAIRE,48.9474,2.2328
201500043787,13,3,15,8,1,95,18,2,3,1,6,BD  HELOISE,48.9379,2.2461
201500043788,15,1,15,9,1,95,18,1,1,1,4,QUAI DE BEZONS,48.9301,2.2335
201500043789,16,3,15,11,1,95,18,2,3,1,3,R HENRI BARBUSSE,48.9325,2.2316
201500043790,20,1,15,18,5,95,18,1,3,1,3,BD MARCEAU GUILLOT,48.9559,2.2506
201500043791,10,3,15,8,2,95,18,2,2,1,3,BD HELOISE,48.9398,2.2487
201500043792,23,12,15,7,3,95,18,2,3,1,6,R LOUIS LHERAULT,48.9493,2.2287
201500043793,22,1,15,15,1,95,176,2,1,1,6,R SAINT-GERMAIN,48.9616,2.1903
201500043794,16,3,15,20,5,95,18,2,2,1,3,AV DU MARECHAL JOFFRE,48.9579,2.2396
201500043795,24,1,15,1,5,95,18,2,3,1,6,AV DE STALINGRAD,48.9505,2.2632
201500043796,19,3,15,8,1,95,18,2,2,1,2,R MICHEL CARRE,48.9354,2.2387
201500043797,27,1,15,9,1,95,176,2,1,1,6,BD JOFFRE,48.9629,2.2013
201500043798,26,3,15,0,5,95,18,2,3,1,3,BD MARCEAU GUILLOT,48.9562,2.2487
201500043799,28,1,15,15,1,95,18,2,1,1,2,R DU DOCTEUR LERAY,48.9486,2.2557
201500043800,12,3,15,15,1,95,18,2,3,1,6,R DE RETHONDES,48.9464,2.2299
201500043801,29,1,15,20,3,95,18,1,1,3,2,QU DE BEZONS,48.9318,2.2374
201500043802,4,4,15,0,4,95,18,2,1,2,4,PONT DE COLOMBES,48.9337,2.2404
201500043803,31,1,15,8,1,95,18,2,1,9,6,R JEAN LURCAT,48.9513,2.2294
201500043804,8,4,15,21,5,95,18,2,2,1,3,R ALFRED LABRIERE,48.9463,2.2542