Num_Acc,jour,mois,an,hr,condition_eclairage,departement,commune,condition_agglomeration,intersection,condition_atmosphere,type_collision,adresse,lattitude,longitude
201500043805,2,2,15,16,1,95,18,2,3,1,6,R PIERRE JOLY,48.9463,2.2502
201500043806,9,4,15,13,1,95,18,2,3,1,2,R HENRI DUNANT,48.9463,2.2501
201500043807,13,2,15,19,5,95,18,2,1,2,6,R DES AULNETTES,48.9367,2.2231
201500043808,10,6,15,18,1,95,18,2,2,1,6,BD LEON FEIX,48.9482,2.2519
201500043809,10,2,15,11,1,95,18,2,2,1,6,AV MAURICE UTRILLO,48.9449,2.2338
201500043810,27,4,15,16,1,95,176,2,1,1,6,R SAINT MARTIN,48.9785,2.2045
201500043811,7,2,15,14,1,95,18,2,4,1,3,BD GENERAL LECLERC,48.9359,2.2264
201500043812,26,4,15,18,1,95,18,2,3,1,3,R BARATIER,48.9371,2.2322
201500043813,13,2,15,18,5,95,18,2,1,2,3,RTE DE PONTOISE,48.9535,2.2056
201500043814,13,4,15,13,1,95,176,2,2,1,3,R JEAN BART,48.9587,2.1972
201500043815,18,2,15,16,1,95,18,2,5,1,6,AV JEAN JAURES,48.9414,2.2074
201500043816,18,4,15,18,1,95,18,2,3,1,6,R GASTON DAGUENET,48.9519,2.2669
201500043817,19,2,15,11,1,95,18,2,1,1,6,RTE D'ENGHIEN,48.9569,2.2853
201500043818,6,5,15,14,1,95,176,2,2,1,6,R DE SAINT-GERMAIN,48.9669,2.1937
201500043819,25,2,15,13,1,95,18,2,2,1,3,R DU LCL PRUDHON,48.9431,2.2425
201500043820,14,5,15,22,5,95,18,2,6,1,6,BD GENERAL DELAMBRE,48.9339,2.2256
201500043821,8,5,15,13,1,95,18,2,1,1,6,AV MAURICE UTRILLO,48.9462,2.2332
201500043822,14,5,15,20,1,95,18,2,1,1,1,R HENRI BARBUSSE,48.9326,2.2318
201500043823,9,5,15,17,1,95,582,2,1,1,3,BD GABRIEL PERI,48.9624,2.2609
201500043824,5,5,15,20,2,95,18,2,3,1,6,BD JEANNE D'ARC,48.9452,2.2466
201500043825,12,5,15,6,1,95,18,2,2,1,3,AV DE VERDUN,48.9525,2.2435
201500043826,13,5,15,8,1,95,18,2,2,1,3,AV GENERAL DE GAULLE,48.9427,2.2431
201500043827,18,5,15,14,1,95,18,2,6,1,3,R DIX NEUF MARS 1962,48.9468,2.2382
201500043828,21,5,15,17,1,95,18,2,1,1,3,AV JEAN JAURES,48.9413,2.2119
201500043829,1,7,15,17,1,95,176,2,1,1,6,R DU MONT DE VILLIERS,48.9655,2.2068
201500043830,27,5,15,16,1,95,18,2,1,1,3,R DES  DESERTS,48.9516,2.2794
201500043831,29,5,15,13,1,95,18,1,1,1,6,QU DE BEZONS,48.9422,2.2563
201500043832,28,5,15,18,1,95,18,2,2,1,5,R HENRI BARBUSSE,48.9324,2.2316
201500043833,3,6,15,15,1,95,18,2,3,1,3,BD MARCEAU GUILLOT,48.9559,2.2506
201500043834,4,6,15,21,1,95,18,2,1,1,6,AV JEAN JAURES,48.9413,2.2131
201500043835,17,5,15,19,1,95,18,2,3,1,3,AV MARECHAL JOFFRE,48.9579,2.2396
201500043836,1,6,15,8,1,95,18,2,1,1,3,QUAI DE BEZONS,48.9429,2.2573
201500043837,2,6,15,8,1,95,18,2,1,1,3,R HENRI BARBUSSE,48.9379,2.2417
201500043838,29,5,15,11,1,95,18,2,2,1,3,R DE GODE,48.9624,2.2699
201500043839,8,6,15,8,1,95,176,2,3,1,3,BD CLEMENCEAU,48.9739,2.1886
201500043840,5,6,15,9,1,95,18,2,1,1,6,R DE LA NONNAISE,48.9538,2.2392
201500043841,20,6,15,23,4,95,18,2,1,1,3,RTE DE CORMEILLES,48.9583,2.2284
201500043842,13,6,15,14,1,95,18,2,3,1,6,R DEFRESNE BAST,48.9466,2.2537
201500043843,17,6,15,12,1,95,18,2,1,1,5,BD MARTYRS CHATEAUBRIANT,48.9516,2.2115
201500043844,18,6,15,9,1,95,18,2,1,1,3,R HENRI BARBUSSE,48.9333,2.2331
201500043845,29,6,15,21,1,95,18,2,1,1,7,ALL PAUL ELUARD,48.9541,2.2266
201500043846,1,7,15,15,1,95,18,2,1,1,6,AV DU MARECHAL JOFFRE,48.9588,2.2391
201500043847,2,7,15,0,5,95,18,2,2,1,1,BD DU GENERAL DELAMBRE,48.9304,2.2278
201500043848,2,7,15,20,1,95,18,1,3,1,2,RTE D'ENGHIEN,48.9559,2.2787
201500043849,26,6,15,16,1,95,176,2,3,1,3,BD JOFFRE,48.9605,2.2029
201500043850,29,6,15,8,1,95,18,2,3,1,2,R JEAN POULMARCH,48.9551,2.2118
201500043851,5,7,15,21,1,95,18,2,2,1,3,R JEAN LURCAT,48.9519,2.2287
201500043852,7,7,15,3,5,95,18,2,3,1,6,BD PIERRE CURIE,48.9528,2.2451
201500043853,9,7,15,21,1,95,18,2,1,1,7,BD HELOISE,48.9405,2.2498
201500043854,10,7,15,13,1,95,18,2,2,1,3,R DES BLEUETS,48.9437,2.2183
201500043855,18,7,15,14,1,95,18,2,1,1,3,R MICHEL CARRE,48.9336,2.2355
201500043856,11,7,15,19,1,95,18,2,1,1,6,R POIRIER FOURRIER,48.9479,2.2283
201500043857,30,7,15,2,5,95,18,2,1,1,7,AV JEAN  JAURES,48.9414,2.2108
201500043858,22,7,15,18,1,95,18,2,1,1,3,RTE D'ENGHIEN,48.9558,2.2782
201500043859,10,7,15,18,1,95,18,2,3,1,3,R DE JOLIVAL,48.9619,2.2715
201500043860,29,7,15,18,1,95,18,2,3,1,3,R ARY SCHEFFER,48.9354,2.2418
201500043861,29,7,15,1,5,95,18,2,3,1,2,AV DE STALINGRAD,48.9529,2.2693
201500043862,31,7,15,14,1,95,176,2,2,1,2,RTE D'ARGENTEUIL,48.9697,2.2011
201500043863,7,8,15,23,5,95,18,2,2,1,3,R MICHEL CARRE,48.9365,2.2401
201500043864,16,8,15,1,5,95,18,2,1,1,3,RTE D' ENGHIEN,48.9569,2.2852
201500043865,9,8,15,14,1,95,18,2,4,1,3,R ANTONIN GEORGES BELIN,48.9472,2.2466
201500043866,23,8,15,14,1,95,18,2,1,1,6,BD JEAN  ALLEMANE,48.9619,2.2594
201500043867,21,8,15,11,1,95,18,2,1,1,6,AV STALINGRAD,48.9543,2.2725
201500043868,2,9,15,8,1,95,18,2,3,1,2,R DE LA NONAISE,48.9538,2.2391
201500043869,27,8,15,4,4,95,18,2,2,2,3,R DE LA NONAISE,48.9533,2.2371
201500043870,14,9,15,12,1,95,18,2,1,1,3,R DANIELE CASANOVA,48.9303,2.2276
201500043871,9,9,15,18,1,95,18,2,1,1,2,AV MAURICE UTRILLO,48.9466,2.2329
201500043872,10,10,15,16,1,95,18,2,1,1,3,R DU MOULIN SARRAZIN,48.9406,2.2326
201500043873,4,9,15,18,1,95,63,2,1,1,3,R EDOUARD VAILLANT,48.9252,2.2105
201500043874,20,9,15,18,1,95,63,2,1,1,6,AV GABRIEL PERI,48.9297,2.2134
201500043875,18,9,15,21,4,95,582,2,1,1,6,R DE LA REPUBLIQUE,48.9729,2.2623
201500043876,21,9,15,18,1,95,63,2,1,1,1,R EDOUARD VAILLANT,48.9246,2.2092
201500043877,11,9,15,17,1,95,18,1,1,1,5,RD 311,48.9551,2.2765
201500043878,21,9,15,8,1,95,18,2,3,1,3,AV DE VERDUN,48.9539,2.2428
201500043879,22,9,15,16,1,95,18,2,1,1,6,BD JEAN ALLEMANE,48.9539,2.2544
201500043880,28,9,15,8,1,95,63,2,1,1,6,RUE EMILE ZOLA,48.9228,2.2149
201500043881,22,9,15,19,2,95,63,2,1,3,7,R SALVADOR ALLENDE,48.9146,2.2041
201500043882,30,9,15,18,1,95,18,2,2,1,6,R JEAN BORDEREL,48.9431,2.2527
201500043883,1,10,15,10,1,95,18,2,1,1,4,AV DE VERDUN,48.9531,2.2433
201500043884,1,10,15,13,1,95,18,2,4,1,6,AV DU MARECHAL JOFFRE,48.9594,2.2387
201500043885,1,10,15,19,2,95,18,2,2,1,3,BD GENERAL DELAMBRE,48.9305,2.2278
201500043886,5,10,15,14,1,95,18,2,4,1,6,BD JEAN ALLEMANE,48.9567,2.2562
201500043887,11,9,15,9,1,95,18,2,1,1,3,AV DU CHATEAU,48.9338,2.2321
201500043888,4,10,15,11,1,95,63,2,7,1,3,PL LENINE,48.9226,2.2178
201500043889,27,9,15,17,1,95,18,2,1,1,6,AV JEAN JAURES,48.9408,2.2173
201500043890,12,10,15,12,1,95,582,2,2,1,3,R LTNT GEORGES KEISER,48.9771,2.2561
201500043891,29,9,15,13,1,95,18,2,1,1,6,R CHARLES LECOQ,48.9396,2.2266
201500043892,28,9,15,11,1,95,18,2,1,1,5,QU DE BEZONS,48.9425,2.2566
201500043893,13,10,15,22,5,95,18,2,1,1,2,RTE DE PONTOISE,48.9428,2.2067
201500043894,21,10,15,0,5,95,18,2,4,2,6,AV DU MARECHAL JOFFRE,48.9666,2.2321
201500043895,16,10,15,9,1,95,176,2,1,2,7,BD CLEMENCEAU,48.9712,2.1924
201500043896,16,10,15,7,2,95,18,2,1,2,2,RTE DE PONTOISE,48.9447,2.2064
201500043897,22,10,15,0,5,95,18,2,1,2,6,R HENRI  BARBUSSE,48.9321,2.2309
201500043898,20,10,15,15,1,95,18,2,4,1,3,RD 15E,48.9342,2.2399
201500043899,25,10,15,9,1,95,18,2,1,1,6,PLACE PIERRE SEMARD,48.9478,2.2561
201500043900,25,10,15,15,1,95,18,2,2,1,6,R DU NORD,48.9609,2.2554
201500043901,27,10,15,14,1,95,18,2,1,1,6,BD GALLIENI,48.9425,2.2427
201500043902,30,10,15,17,1,95,18,2,1,1,7,R DU LT COL PRUDHON,48.9451,2.2396
201500043903,2,11,15,8,2,95,18,2,1,1,3,AV GABRIEL  PERI,48.9427,2.2525
201500043904,3,11,15,10,1,95,582,2,1,2,7,R PIERRE EMILE LESACQ,48.9708,2.2686
201500043905,21,10,15,5,5,95,18,2,1,1,3,RD 311,48.9302,2.2339
201500043906,9,11,15,8,1,95,18,2,2,1,3,R HENRI BARBUSSE,48.9401,2.2451
201500043907,17,11,15,3,5,95,18,1,3,2,7,RD 311,48.9308,2.2354
201500043908,13,11,15,19,2,95,18,1,1,1,6,RTE DE CORMEILLES,48.9587,2.2279
201500043909,20,11,15,17,5,95,18,2,1,1,6,RTE DE CORMEILLES,48.9508,2.2365
201500043910,24,11,15,19,4,95,63,2,2,2,2,PL LENINE,48.9225,2.2178
201500043911,27,11,15,9,1,95,18,2,2,1,6,R  RECHSTEINER,48.9498,2.2425
201500043912,3,12,15,7,5,95,63,2,3,1,3,R DANIEL BARON,48.9228,2.2069
201500043913,3,11,15,18,5,95,18,2,1,1,6,R D'EPINAY,48.9547,2.2848
201500043914,13,12,15,21,3,95,18,1,1,1,2,RTE DE CORMEILLES,48.9635,2.2142
201500043915,17,12,15,9,1,95,176,2,3,1,3,BD CLEMENCEAU,48.9746,2.1875
201500043916,24,12,15,0,3,95,18,2,2,1,1,AV MAURICE  UTRILLO,48.9417,2.2345
201500043917,10,12,15,18,5,95,176,2,1,1,6,R DE SAINT-GERMAIN,48.96736,2.19466
201500043918,11,12,15,20,5,95,18,2,3,1,3,RTE DE PONTOISE,48.9481,2.2061
201500043919,13,12,15,0,5,95,18,2,1,1,6,R PAULVAILLANT COUTURIER,48.9451,2.2524
201500043920,27,12,15,15,1,95,18,2,1,1,2,AV MAURICE UTRILLO,48.9477,2.2321
201500043921,19,12,15,16,1,95,176,2,2,1,3,R DE LA REPUBLIQUE,48.9716,2.2034
201500043922,7,4,15,12,1,95,63,2,1,1,6,R DE SARTROUVILLE,48.9344,2.2036
201500043923,12,5,15,21,2,95,63,2,2,1,3,R DE SARTROUVILLE,48.9336,2.2044
201500043924,20,5,15,5,5,95,63,2,1,1,6,R EMILE ZOLA,48.9238,2.2063
201500043925,17,3,15,17,1,95,63,2,3,1,3,R EDOUARD VAILLANT,48.9251,2.2101
201500043926,21,5,15,8,1,95,63,2,2,1,3,AV GABRIEL PERI,48.9315,2.2117
201500043927,10,6,15,21,2,95,63,2,1,1,6,R ADRIEN DECOBECQ,48.9375,2.2039
201500043928,3,8,15,18,1,95,63,2,1,1,6,R FRANCIS DE PRESSENSE,48.9294,2.2206
201500043929,1,7,15,15,1,95,63,2,2,1,3,R LUCIEN SAMPAIX,48.9374,2.2071
201500043930,4,2,15,19,5,95,63,2,1,1,6,R SALVADOR ALLENDE,48.9151,2.2052
201500043931,6,2,15,15,1,95,63,2,1,1,6,R EMILE ZOLA,48.9226,2.2171
201500043932,4,2,15,7,2,95,63,2,1,1,3,R SALVADOR ALLENDE,48.9184,2.2131
201500043933,16,1,15,20,5,95,500,2,1,1,3,QUAI EUGENE TURPIN,49.0538,2.1112
201500043934,5,3,15,8,1,95,127,2,3,8,6,BD DE L'HAUTIL,49.0304,2.0706
201500043935,17,1,15,23,3,95,500,1,1,1,2,BD DE LA VIOSNE,49.0477,2.0809
201500043936,5,3,15,17,1,95,637,2,1,1,2,BD DE L'OISE,49.0336,2.0198
201500043937,8,1,15,7,3,95,500,2,1,1,6,AV GAL GABRIEL DELARUE,49.0449,2.0884
201500043938,20,3,15,9,1,95,572,2,1,8,6,R DU GENERAL LECLERC,49.0456,2.1067
201500043939,23,1,15,16,1,95,500,2,1,1,6,R DE GISORS,49.0518,2.0966
201500043940,27,3,15,5,3,95,572,2,1,1,2,AV DU FOND DE VAUX,49.0494,2.1471
201500043941,28,1,15,20,5,95,127,2,2,2,6,AV DU NORD,49.0363,2.0687
201500043942,4,4,15,10,1,95,127,1,1,1,2,RN 14,49.0499,2.06849
201500043943,5,2,15,16,1,95,572,1,1,1,6,R DU COMPAS,49.0416,2.1364
201500043944,7,4,15,9,1,95,218,1,1,1,1,BD JACQUES DUCLOS,49.0197,2.0984
201500043945,19,2,15,19,5,95,127,2,3,9,3,AV DU BONTEMPS,49.0529,2.01779
201500043946,10,4,15,18,1,95,127,2,1,1,6,BD DE L'EVASION,49.0495,2.01319
201500043947,30,1,15,9,1,95,127,2,2,4,3,BD MOULIN A VENT,49.0495,2.0234
201500043948,15,4,15,11,1,95,500,2,1,1,3,QU DU POTHUIS,49.0491,2.1024
201500043949,24,4,15,15,1,95,218,2,1,1,6,AV ROGER GUICHARD,49.0237,2.0964
201500043950,26,2,15,16,1,95,183,2,6,3,3,RD POINT DU MIROIR,49.0444,2.0061
201500043951,25,4,15,14,1,95,500,2,3,1,3,CH JULES CESAR,49.0467,2.0825
201500043952,27,2,15,16,1,95,74,1,1,1,1,RD 922,49.021,1.9923
201500043953,29,4,15,22,5,95,572,2,6,2,3,AV DE PARIS,49.0352,2.1228
201500043954,2,5,15,17,1,95,572,2,3,2,3,R D'EPLUCHES,49.0536,2.1185
201500043955,13,5,15,17,1,95,218,2,1,1,3,BD JACQUES DUCLOS,49.0203,2.0994
201500043956,6,6,15,7,1,95,476,2,1,1,7,R HENRI DUNANT,49.0607,2.0581
201500043957,5,6,15,21,1,95,500,2,1,1,2,BD DE L'OISE,49.0309,2.0899
201500043958,12,6,15,19,1,95,637,2,2,1,2,MAIL GEORGES BRASSENS,49.0231,2.0274
201500043959,16,6,15,8,1,95,323,2,1,1,6,BD D'ECANCOURT,49.0107,2.04429
201500043960,17,6,15,0,5,95,488,2,1,1,6,AV DE LA LIBERATION,49.0033,2.1877
201500043961,13,6,15,12,1,95,450,1,1,1,3,R DE CONFLANS,49.0121,2.0746
201500043962,27,6,15,23,3,95,488,2,3,1,3,AV GENERAL LECLERC,49.0196,2.1483
201500043963,20,7,15,21,1,95,127,2,1,1,2,BD DU MOULIN A VENT,49.0519,2.02409
201500043964,25,7,15,14,1,95,388,1,1,1,3,R DES EPINETTES,49.0245,1.9745
201500043965,1,8,15,16,1,95,500,2,1,1,2,RUE EMILE ZOLA,49.0561,2.0833
201500043966,7,8,15,21,5,95,218,1,1,1,7,BD JACQUES DUCLOS,49.0308,2.1047
201500043967,17,8,15,10,1,95,476,1,1,1,2,RTE D'ENNERY,49.0729,2.08579
201500043968,31,8,15,5,5,95,572,2,1,1,6,AV DES BETHUNES,49.0415,2.1407
201500043969,31,8,15,21,3,95,488,1,1,1,6,BD DU HAVRE,49.0075,2.1694
201500043970,2,9,15,12,1,95,637,2,1,1,3,AV BORIS VIAN,49.0324,2.01569
201500043971,11,9,15,0,5,95,127,2,1,1,6,BD DU PORT,49.0317,2.0626
201500043972,19,9,15,16,1,95,127,1,1,1,5,RN 14,49.0554,2.0507
201500043973,19,9,15,18,1,95,572,2,4,1,6,AV GENERAL DE GAULLE,49.0433,2.1079
201500043974,3,10,15,13,1,95,127,2,1,1,3,AV DES GENOTTES,49.0497,2.0371
201500043975,17,10,15,15,1,95,127,2,6,1,3,RD POINT DU CHENE,49.0471,2.0222
201500043976,13,10,15,18,1,95,127,2,1,1,2,BD DE L'OISE,49.0391,2.0768
201500043977,27,10,15,18,5,95,323,2,1,2,1,AV DES SAULES BRULES,49.0117,2.0566
201500043978,9,11,15,19,5,95,127,2,6,1,3,BD DE L'HAUTIL,49.0347,2.0828
201500043979,25,11,15,7,1,95,127,2,1,2,3,BD DE LA PAIX,49.0537,2.0284
201500043980,26,11,15,8,1,95,127,2,1,8,6,AV DU BONTEMPS,49.0528,2.01929
201500043981,27,11,15,18,5,95,127,2,1,2,6,BD DE L' EVASION,49.0483,2.0146
201500043982,30,11,15,20,4,95,218,2,1,1,2,BD JACQUES DUCLOS,49.0241,2.1037
201500043983,18,12,15,1,3,95,500,1,1,1,6,BD DE LA VIOSNE,49.0448,2.07649
201500043984,14,12,15,17,5,95,127,2,2,1,3,BD DE L'HAUTIL,49.0329,2.0789
201500043985,20,12,15,1,5,95,127,2,2,1,2,BD DU PORT,49.0322,2.06389
201500043986,25,12,15,14,1,95,488,1,1,2,6,RTE D'ERAGNY BESSANCOURT,49.0227,2.1353
201500043987,27,12,15,5,5,95,271,1,1,1,3,R DE LA CROIX,49.0911,2.07209
201500043988,7,3,15,7,3,95,288,2,2,1,3,RTE DE CALAIS,48.9849,2.3617
201500043989,20,3,15,13,1,95,427,2,1,1,6,R DU 11 NOVEMBRE 1918,48.9748,2.3449
201500043990,19,3,15,9,1,95,427,2,1,1,3,R GUYNEMER,48.9749,2.3369
201500043991,23,3,15,17,1,95,197,2,3,1,6,AV DIVISION LECLERC,48.9694,2.3139
201500043992,29,3,15,21,5,95,197,2,2,3,3,R NAPOLEON FAUVEAU,48.9733,2.3247
201500043993,3,4,15,8,1,95,427,2,1,1,1,AV DE LA  GARE,48.9751,2.3373
201500043994,4,4,15,17,1,95,288,2,1,1,3,RTE DE CALAIS,48.9827,2.3625
201500043995,8,4,15,16,1,95,427,2,3,1,3,AV MAURICE BERTEAUX,48.9782,2.3498
201500043996,1,4,15,6,3,95,427,2,1,1,6,RTE DE SAINT LEU,48.9594,2.3285
201500043997,14,4,15,11,1,95,197,2,3,1,3,AV DIVISION LECLERC,48.9714,2.3111
201500043998,14,4,15,19,1,95,197,2,1,1,6,R DU CHATEAU,48.9686,2.3198
201500043999,12,3,15,8,1,95,197,2,1,1,6,R DE LA CONCORDE,48.9661,2.3172
201500044000,13,3,15,18,2,95,288,2,3,1,3,R DE LA CHASSE EPEE,48.9849,2.3384
201500044001,28,4,15,18,1,95,427,2,1,1,6,R DES LEVRIERS,48.9742,2.3385
201500044002,11,5,15,13,1,95,427,2,1,1,6,ALL DES ERABLES,48.9779,2.3513
201500044003,3,4,15,18,2,95,197,2,1,1,6,R DU CHATEAU,48.9676,2.3185
201500044004,2,6,15,12,1,95,197,2,2,1,3,RUE HAUTE,48.9772,2.3274
201500044005,15,6,15,8,1,95,427,2,3,1,6,R D' EPINAY,48.9618,2.3326
201500044006,21,6,15,23,5,95,427,2,1,1,6,R JEAN MISSOUT,48.9685,2.3434
201500044007,24,6,15,7,1,95,288,2,1,1,5,RTE DE CALAIS,48.9852,2.3614
201500044008,21,6,15,18,1,95,427,2,3,1,3,R JULES FERRY,48.9614,2.3378
201500044009,1,7,15,10,1,95,288,2,1,1,3,RTE DE CALAIS,48.9778,2.3646
201500044010,15,7,15,8,1,95,197,2,1,1,6,R CHARLES DE GAULLE,48.9753,2.3251
201500044011,7,8,15,0,3,95,427,2,1,1,6,RTE DE CALAIS,48.9767,2.3648
201500044012,19,8,15,19,1,95,427,2,1,1,3,AV DE LA GARE,48.9749,2.3429
201500044013,27,8,15,7,1,95,197,2,2,2,6,R D'EPINAY,48.9596,2.3284
201500044014,7,9,15,22,5,95,427,2,3,1,3,AV MAURICE UTRILLO,48.9759,2.3518
201500044015,24,9,15,17,1,95,197,2,3,1,3,R DE BALZAC,48.9622,2.3222
201500044016,5,10,15,20,5,95,427,2,1,1,2,R DE VILLETANEUSE,48.9708,2.3472
201500044017,23,10,15,20,5,95,288,2,3,1,6,R CHARLES BONNETTE,48.9861,2.3536
201500044018,27,10,15,17,1,95,288,2,1,1,2,BD  MAURICE UTRILLO,48.9781,2.3615
201500044019,4,12,15,10,1,95,288,2,4,1,3,R DU DOCTEUR GOLDSTEIN,48.9894,2.3569
201500044020,7,1,15,18,1,95,427,2,1,1,6,R D'EPINAY,48.9687,2.3401
201500044021,22,1,15,15,1,95,427,2,1,1,3,R CARNOT,48.9695,2.3408
201500044022,23,1,15,8,1,95,197,2,1,1,6,R JEAN BOUIN,48.9692,2.3203
201500044023,18,2,15,17,1,95,427,2,1,1,6,RTE DE SAINT LEU,48.9574,2.3307
201500044024,10,2,15,9,2,95,427,2,1,1,3,R D'EPINAY,48.9667,2.3383
201500044025,19,5,15,10,1,95,427,2,1,1,6,R DU 11 NOVEMBRE 1918,48.9748,2.3453
201500044026,14,11,15,14,1,95,197,2,1,1,6,RTE DE  SAINT DENIS,48.9656,2.3192
201500044027,4,3,15,17,1,95,210,2,1,1,6,AV  LA DIVISIONLECLERC,48.9733,2.3097
201500044028,13,3,15,20,5,95,598,2,1,1,4,AV  KELLERMANN,48.9847,2.2951
201500044029,1,4,15,9,1,95,598,2,1,1,2,AV KELLERMANN,48.9841,2.2946
201500044030,7,4,15,16,1,95,14,1,2,1,3,RTE DE LA CROIX BLANCHE,49.0117,2.3049
201500044031,26,4,15,17,1,95,598,2,1,2,1,R DE MONTMORENCY,48.9883,2.3038
201500044032,1,5,15,17,1,95,555,2,1,1,6,R D'ORGEMONT,48.9647,2.2815
201500044033,9,5,15,12,1,95,598,2,1,1,3,AV DE  PARIS,48.9898,2.2915
201500044034,21,5,15,17,1,95,428,2,1,1,2,AV CHARLES DE GAULLE,48.9838,2.3273
201500044035,22,5,15,8,1,95,369,2,1,1,6,R D'EAUBONNE,48.9989,2.2861
201500044036,24,5,15,15,1,95,598,2,1,1,6,AV KELLERMANN,48.9849,2.2953
201500044037,2,6,15,13,1,95,598,2,1,1,2,AV DE PARIS,48.9896,2.2918
201500044038,3,6,15,7,1,95,598,2,2,1,3,AV DE PARIS,48.9891,2.2924
201500044039,10,6,15,9,1,95,428,2,3,1,6,AV REPOS DE DIANE,48.9964,2.3289
201500044040,11,6,15,17,1,95,598,2,1,1,2,R DE MONTMORENCY,48.9892,2.3055
201500044041,12,6,15,7,1,95,555,2,1,1,3,RTE DE SAINT GRATIEN,48.9601,2.2799
201500044042,12,6,15,8,1,95,555,2,1,1,2,R BERTHIE ALBRECHT,48.9685,2.2852
201500044043,15,6,15,8,1,95,555,2,1,1,6,R BERTHIE ALBRECHT,48.9674,2.2845
201500044044,16,6,15,18,1,95,428,2,1,1,1,R DE VERDUN,48.9954,2.3261
201500044045,17,6,15,23,5,95,598,2,1,1,3,AV DE PARIS,48.9898,2.2913
201500044046,19,6,15,8,1,95,598,2,1,1,3,AV DU GENERAL LECLERC,48.9796,2.2039
201500044047,30,6,15,8,1,95,428,2,1,1,3,R DES CARRIERES,48.9864,2.3097
201500044048,10,7,15,12,1,95,428,2,3,1,3,AV GEORGES CLEMENCEAU,48.9934,2.3217
201500044049,15,7,15,18,1,95,428,2,1,1,2,R DE MARGENCY,48.9928,2.3162
201500044050,24,7,15,11,1,95,210,2,1,1,3,R DU GENERAL DE GAULLE,48.9721,2.3089
201500044051,5,8,15,8,1,95,598,2,1,7,6,R DU DOCTEUR SCHWEITZER,48.9955,2.3019
201500044052,7,8,15,7,1,95,14,2,1,1,3,R ARISTIDE  BRIAND,49.0059,2.3021
201500044053,8,9,15,14,1,95,428,2,1,1,3,R DU CLOS NOTRE DAME,48.9863,2.3246
201500044054,23,9,15,16,1,95,210,1,1,1,6,R DU GENERAL DE GAULLE,48.9699,2.3061
201500044055,24,9,15,8,1,95,598,2,3,1,3,R DES FANAUDES,48.9837,2.3031
201500044056,29,9,15,8,1,95,598,2,3,1,3,AV GENERAL LECLERC,48.9794,2.3041
201500044057,2,10,15,18,1,95,598,2,1,1,2,BLD D'ANDILLY,49.0019,2.3124
201500044058,13,10,15,8,1,95,598,2,1,1,2,R DU DOCTEUR SCHWEITZER,48.9952,2.3027
201500044059,16,10,15,20,5,95,555,2,2,2,3,BD MARECHAL FOCH,48.9641,2.2886
201500044060,17,10,15,15,1,95,210,2,2,8,3,R DU GENERAL DE GAULLE,48.9719,2.3087
201500044061,21,10,15,9,1,95,14,2,1,1,2,AV DE DOMONT,49.0093,2.3127
201500044062,25,10,15,18,5,95,555,2,1,1,6,R DU GENERAL LECLERC,48.9666,2.2914
201500044063,5,11,15,16,1,95,598,2,1,1,6,AV KELLERMANN,48.9816,2.2927
201500044064,5,11,15,16,1,95,428,2,1,1,3,AV  CHARLES DE GAULLE,48.9816,2.3213
201500044065,8,11,15,16,1,95,598,2,1,1,3,AV  KELLERMANN,48.9823,2.2932
201500044066,9,11,15,18,1,95,598,2,2,1,1,AV GENERAL LECLERC,48.9786,2.3052
201500044067,12,11,15,8,5,95,428,2,1,1,3,R PERQUEL,48.9756,2.3142
201500044068,3,12,15,9,1,95,428,2,2,1,3,RUELLE DES MARTINETS,48.9829,2.3283
201500044069,3,12,15,13,1,95,598,2,1,1,2,AV DE PARIS,48.9894,2.2921
201500044070,6,9,15,6,5,95,555,2,1,1,6,R JEAN JACQUES ROUSSEAU,48.9624,2.2811
201500044071,11,12,15,21,5,95,210,2,1,1,1,R DU DEPART,48.9739,2.3058
201500044072,27,12,15,15,1,95,555,2,3,1,3,AV DANIELLE CASANOVA,48.9705,2.2875
201500044073,2,1,15,20,5,95,219,2,3,1,6,R DU GENERAL DE GAULLE,48.9816,2.2709
201500044074,3,3,15,16,1,95,574,2,1,2,4,RTE DE MONTMORENCY,49.0097,2.2643
201500044075,14,1,15,17,3,95,426,2,1,1,6,BD ARMAND HAYEM,49.0064,2.2816
201500044076,8,3,15,20,5,95,252,2,3,1,3,R MAURICE DALESME,48.9923,2.2374
201500044077,15,1,15,11,1,95,203,2,1,1,3,AV EDOUARD VAILLANT,48.9858,2.2785
201500044078,14,3,15,19,5,95,491,2,1,1,3,R GABRIEL PERI,48.9984,2.2459
201500044079,19,1,15,21,5,95,252,2,2,1,2,BD RHIN ET DANUBE,48.9885,2.2303
201500044080,18,3,15,10,1,95,252,2,1,1,2,BD DU BEL-AIR,48.9871,2.2339
201500044081,18,1,15,7,5,95,219,2,3,1,6,R DE LA DEMI-LUNE,48.9831,2.2586
201500044082,24,3,15,12,1,95,252,2,2,1,3,CHE DE LA MARE EPINEUSE,48.9913,2.2064
201500044083,31,1,15,16,1,95,219,2,1,3,6,AV GEORGES POMPIDOU,48.9822,2.2463