Num_Acc,jour,mois,an,hr,condition_eclairage,departement,commune,condition_agglomeration,intersection,condition_atmosphere,type_collision,adresse,lattitude,longitude
201500044084,24,3,15,13,1,95,219,2,1,1,6,R D'AQUILON,48.9803,2.2614
201500044085,25,3,15,7,1,95,203,2,6,2,3,CARR CHARLES DE GAULLE,48.9949,2.2757
201500044086,2,2,15,18,5,95,219,2,6,1,3,R JEAN JAURES,48.9802,2.2621
201500044087,27,3,15,14,1,95,252,2,2,1,3,AV DES MARAIS,48.9991,2.2191
201500044088,3,2,15,9,1,95,219,2,3,1,3,R NOEL SEYSEN,48.9801,2.2574
201500044089,12,4,15,2,5,95,219,2,1,1,7,R DU GENERAL LECLERC,48.9812,2.2705
201500044090,5,2,15,19,5,95,252,2,1,1,3,AV DES MARAIS,48.9953,2.2208
201500044091,21,4,15,10,1,95,252,2,1,1,6,R GENERAL LECLERC,48.9841,2.2269
201500044092,6,5,15,8,1,95,219,2,1,1,3,R DE LA REPUBLIQUE,48.9886,2.2605
201500044093,14,5,15,14,1,95,582,2,1,3,6,AV DE  SABERNAUDE,48.9983,2.2045
201500044094,24,2,15,15,1,95,203,2,4,2,4,R DU GENERAL LECLERC,48.9888,2.2742
201500044095,19,5,15,8,1,95,426,2,1,1,3,R DE LA  TOUR,49.0069,2.2796
201500044096,19,5,15,7,1,95,203,2,1,1,6,RTE DE MONTLIGNON,49.0033,2.2811
201500044097,26,2,15,20,5,95,219,2,1,3,6,R JEAN RICHEPIN,48.9893,2.2492
201500044098,22,5,15,6,1,95,252,2,1,1,7,CHAUSSEE JULES CESAR,49.0016,2.2206
201500044099,26,5,15,22,5,95,491,2,1,1,6,R CHARLES DE GAULLE,49.0036,2.2393
201500044100,27,5,15,11,1,95,219,2,1,1,2,R DU 18 JUIN,48.9893,2.2582
201500044101,6,6,15,16,1,95,252,2,1,1,2,BD DU BEL-AIR,48.9883,2.2309
201500044102,7,6,15,18,1,95,203,2,1,1,6,RTE DE SAINT LEU,48.9959,2.2731
201500044103,9,6,15,12,1,95,219,2,6,1,3,PL ROBERT BICHET,48.9891,2.2586
201500044104,12,6,15,20,1,95,219,2,1,1,6,R DU STAND,48.9948,2.2559
201500044105,20,6,15,14,1,95,219,2,1,1,3,R DU STAND,48.9971,2.2509
201500044106,22,6,15,16,1,95,203,2,1,2,6,R JEAN THOMAS,48.9922,2.2859
201500044107,22,6,15,19,1,95,252,2,1,3,6,BD DU BEL-AIR,48.9875,2.2329
201500044108,26,6,15,17,1,95,582,2,1,1,6,R LOUIS GILLET,48.9806,2.2451
201500044109,29,6,15,16,1,95,426,2,1,1,6,R DES ECOLES,49.0092,2.2834
201500044110,2,7,15,9,1,95,252,1,1,1,7,CHE DES COTILLONS,48.9797,2.2235
201500044111,2,7,15,13,1,95,491,2,2,1,3,AV  VIVIANI,49.0009,2.2421
201500044112,5,6,15,14,1,95,574,2,1,1,6,AV GENERAL LECLERC,49.00179,2.26321
201500044113,13,7,15,21,1,95,203,2,1,1,6,AV PREMIERE ARMEE,48.9934,2.2656
201500044114,18,7,15,20,1,95,203,2,1,1,2,CH JULES CESAR,48.9822,2.2794
201500044115,19,7,15,1,5,95,219,2,1,2,6,RTE DE SAINT LEU,48.9986,2.2531
201500044116,31,7,15,15,1,95,252,2,1,1,6,R DU GENERAL LECLERC,48.9854,2.2243
201500044117,1,8,15,9,1,95,491,2,1,1,3,R GABRIEL PERI,49.0003,2.2417
201500044118,5,8,15,9,1,95,219,2,1,1,6,R DE LA REPUBLIQUE,48.9887,2.2601
201500044119,5,8,15,17,1,95,252,2,1,1,6,R DE PARIS,48.9815,2.2327
201500044120,24,8,15,18,1,95,252,2,1,2,3,R DU GENERAL LECLERC,48.9872,2.2145
201500044121,24,8,15,19,1,95,252,2,4,3,1,BD DU BEL-AIR,48.9874,2.2333
201500044122,30,8,15,17,1,95,426,2,1,1,4,RTE DE PARIS,49.0049,2.2823
201500044123,3,9,15,9,1,95,203,2,1,7,6,BD DE LA  REPUBLIQUE,48.9912,2.2752
201500044124,3,9,15,22,5,95,252,2,1,1,7,R DU GENERAL LECLERC,48.9867,2.2187
201500044125,6,9,15,20,1,95,219,2,1,1,1,RTE DE SAINT LEU,48.9966,2.2547
201500044126,7,9,15,11,1,95,203,2,1,1,3,RTE DE SAINT LEU,48.9957,2.2735
201500044127,15,9,15,12,1,95,252,2,1,1,2,BD DU BEL-AIR,48.9857,2.2375
201500044128,15,9,15,17,1,95,491,2,1,1,6,CHE MAISON NEUVE,49.0049,2.2336
201500044129,16,9,15,13,1,95,252,2,1,2,3,BD DU BEL-AIR,48.9857,2.2377
201500044130,22,9,15,17,1,95,252,2,1,2,3,BD MAURICE BERTEAUX,48.9849,2.2275
201500044131,1,10,15,15,1,95,203,2,1,1,3,AV KELLERMANN,48.9769,2.2916
201500044132,4,10,15,12,1,95,219,2,1,1,6,R DU STAND,48.9961,2.2531
201500044133,11,10,15,13,1,95,219,2,2,1,4,AV 1ERE ARMEE FRANCAISE,48.9933,2.2651
201500044134,15,10,15,14,1,95,252,2,1,8,3,R DE LA STATION,48.9941,2.2369
201500044135,16,10,15,14,1,95,203,2,3,2,3,RTE DE MONTMORENCY,49.0042,2.2794
201500044136,16,10,15,16,1,95,491,2,1,8,3,R GABRIEL PERI,48.9987,2.2451
201500044137,18,10,15,18,1,95,203,2,6,1,3,RTE DE SAINT LEU,48.9949,2.2754
201500044138,21,9,15,16,1,95,426,2,1,1,2,R DE PARIS,49.0131,2.2862
201500044139,29,10,15,11,1,95,219,2,1,1,2,R JEAN JAURES,48.9824,2.2611
201500044140,5,11,15,10,1,95,203,2,1,1,3,RTE DE  MONTLIGNON,48.9956,2.2761
201500044141,6,11,15,10,1,95,219,2,1,1,6,R SAINT-FLAIVE PROLONGE,48.9893,2.2601
201500044142,6,11,15,16,1,95,203,2,3,2,3,R TARBE DES SABLONS,48.9939,2.2736
201500044143,8,11,15,18,5,95,203,2,1,1,2,AV DE PARIS,48.9927,2.2837
201500044144,9,11,15,15,1,95,582,2,1,1,6,AV DE SABERNAUDE,48.9801,2.2451
201500044145,12,11,15,20,5,95,219,2,1,1,2,R DU STAND,48.9959,2.2535
201500044146,14,11,15,0,5,95,491,2,3,1,1,CH JULES CESAR,48.9981,2.2311
201500044147,14,11,15,19,5,95,491,2,2,2,3,CH JULES CESAR,48.9959,2.2384
201500044148,17,11,15,7,5,95,203,2,6,2,3,RTE DE SAINT LEU,48.9949,2.2754
201500044149,20,11,15,12,1,95,252,2,1,1,2,BD RHIN ET DANUBE,48.9915,2.2247
201500044150,23,11,15,8,1,95,252,2,1,1,6,AV DES MARAIS,48.9988,2.2188
201500044151,26,11,15,7,2,95,219,2,1,1,6,AV DE LA MAIRIE,48.99019,2.25648
201500044152,28,11,15,10,1,95,219,2,3,1,3,R JEAN RICHEPIN,48.9895,2.2486
201500044153,28,11,15,21,5,95,252,2,1,1,3,BD DU BEL-AIR,48.9844,2.2408
201500044154,1,12,15,7,2,95,219,2,1,1,6,RTE DE  SAINT LEU,48.9961,2.2552
201500044155,1,12,15,14,1,95,219,2,1,1,6,R DES POINTES BRIDAULT,48.9783,2.2591
201500044156,9,12,15,10,1,95,219,2,1,1,6,R LOUIS SAVOIE,48.9898,2.2594
201500044157,10,12,15,9,1,95,574,2,2,1,6,AV GENERAL LECLERC,49.0061,2.2586
201500044158,10,12,15,17,5,95,582,2,1,1,1,BD GAMBETTA,48.9777,2.2417
201500044159,11,12,15,11,1,95,203,2,1,2,2,AV VOLTAIRE,48.9947,2.2773
201500044160,15,12,15,18,5,95,219,2,1,3,6,AV PRESIDENT G.POMPIDOU,48.9832,2.2466
201500044161,15,12,15,18,5,95,582,2,1,3,6,BD CHARLES DE GAULLE,48.9736,2.2532
201500044162,16,12,15,15,1,95,426,2,1,1,6,RTE DE PARIS,49.0074,2.2845
201500044163,19,12,15,20,5,95,582,2,6,1,5,BD MAURICE BERTEAUX,48.9672,2.2731
201500044164,28,12,15,10,1,95,219,2,6,7,6,R DU GRAND GRIL,48.9798,2.2703
201500044165,30,12,15,20,5,95,203,2,6,1,6,RTE DE SAINT LEU,48.9949,2.2756
201500044166,13,1,15,15,1,95,252,2,3,2,3,CHSEE JULES CESAR,49.0032,2.2159
201500044167,13,2,15,7,2,95,252,2,1,1,6,R CHARLES BURGER,48.9948,2.2317
201500044168,12,2,15,18,5,95,252,2,1,1,3,R DU GENERAL LECLERC,48.9852,2.2246
201500044169,25,2,15,17,1,95,252,2,1,2,3,BD DU BEL AIR,48.9844,2.2406
201500044170,7,3,15,2,3,95,252,2,1,1,6,SENTIER DES MONTFRAIS,48.9744,2.2356
201500044171,25,10,15,21,5,95,491,2,2,1,1,CH JULES CESAR,48.9999,2.2261
201500044172,16,9,15,20,5,95,252,1,1,1,6,Sente bois des montfrais,48.9754,2.2351
201500044173,3,1,15,12,1,95,268,2,1,1,6,AV DU GENERAL DE GAULLE,48.9716,2.4016
201500044174,2,2,15,16,1,95,268,2,1,1,6,R H . TOULOUSE LAUTREC,48.9785,2.3942
201500044175,17,2,15,17,1,95,268,2,1,1,6,R H.TOULOUSE LAUTREC,48.9791,2.3948
201500044176,4,3,15,15,1,95,268,2,1,1,1,R CHARLES GARNIER,48.9708,2.3964
201500044177,5,3,15,15,1,95,268,2,1,1,6,R J-FRANCOIS CHALGRIN,48.9709,2.4015
201500044178,6,5,15,13,1,95,277,2,1,2,6,R DU THILLAY,48.9896,2.4519
201500044179,9,5,15,17,1,95,280,2,3,1,3,AV DES DEMOISELLES,49.0261,2.4551
201500044180,19,5,15,8,1,95,280,2,1,7,6,AV ALBERT SARRAUT,49.0323,2.4588
201500044181,19,5,15,15,1,95,19,2,1,1,6,R JEAN LAUGERE,48.9946,2.4162
201500044182,30,5,15,19,1,95,280,2,3,1,6,AV DES MARRONIERS,49.0351,2.4498
201500044183,1,6,15,16,1,95,280,2,1,1,3,BD ROGER SALENGRO,49.0322,2.4739
201500044184,1,6,15,9,1,95,280,2,4,1,3,BD GENERAL DE GAULLE,49.0198,2.4701
201500044185,3,6,15,17,1,95,277,2,1,1,7,AV LEON BLUM,49.0039,2.4246
201500044186,7,6,15,8,1,95,277,1,1,1,2,RTE DE L'EUROPE,48.9887,2.4834
201500044187,2,1,15,16,1,95,19,2,1,1,6,AV DE LA CONCORDE,48.9976,2.4181
201500044188,10,6,15,9,1,95,280,2,1,7,2,RTE DE ROISSY,49.0114,2.4788
201500044189,15,6,15,12,1,95,280,2,2,1,3,AV DES TILLEULS,49.0339,2.4648
201500044190,23,6,15,18,1,95,280,2,1,1,3,R COGNAC JAY,49.0359,2.4663
201500044191,28,6,15,20,1,95,280,2,1,1,2,AV DE LA GARE,49.0184,2.4668
201500044192,21,7,15,20,1,95,280,2,1,1,6,AV LECLERC,49.0386,2.4538
201500044193,6,8,15,22,5,95,277,2,1,1,6,AV ROBERT SCHUMAN,48.9877,2.4365
201500044194,17,8,15,22,5,95,280,2,3,1,3,R DE  BIR HAKEIM,49.0324,2.4719
201500044195,12,9,15,21,3,95,19,2,6,2,3,AV PIERRE CURIE,48.9856,2.4239
201500044196,16,9,15,12,1,95,280,2,1,2,6,R JOSEPH CUGNOT,49.0198,2.4662
201500044197,22,10,15,8,2,95,277,2,1,2,6,R BERTHELOT,48.9806,2.4541
201500044198,26,11,15,7,2,95,280,2,1,1,6,AV ALBERT SARRAUT,49.0259,2.4628
201500044199,10,12,15,1,3,95,277,1,1,1,6,RTE DE L'EUROPE,48.9681,2.4556
201500044200,10,12,15,17,5,95,277,2,1,1,6,AV ROBERT SCHUMAN,48.9856,2.4385
201500044201,3,2,15,21,3,95,277,2,1,1,2,RTE PARIS A SENLIS,48.9912,2.4764
201500044202,2,1,15,20,5,95,280,2,1,1,6,BD FRERES MONTGOLFIER,49.0388,2.4576
201500044203,6,1,15,10,1,95,280,2,1,1,6,BD ROGER SALENGRO,49.0322,2.4739
201500044204,20,1,15,19,3,95,277,2,1,1,6,AV GEORGES POMPIDOU,48.9905,2.4303
201500044205,5,3,15,10,1,95,277,2,1,1,6,AV GABRIEL PERI,48.9918,2.4298
201500044206,17,3,15,19,2,95,280,2,1,1,3,R JEAN GOUJON,49.0402,2.4749
201500044207,24,3,15,20,3,95,277,1,1,2,1,RTE DE L'EUROPE,48.9672,2.4549
201500044208,2,2,15,15,1,95,280,2,1,1,3,AV DES TILLEULS,49.0348,2.4675
201500044209,31,3,15,17,1,95,19,2,2,1,6,AV CHARLES VAILLANT,48.9861,2.4153
201500044210,8,4,15,16,1,95,280,2,2,1,3,R JACQUES POTEL,49.0313,2.4746
201500044211,13,2,15,16,1,95,277,1,1,8,2,RD 370,48.9775,2.4532
201500044212,26,2,15,20,5,95,280,2,1,2,1,BD ROGER SALENGRO,49.0339,2.4722
201500044213,17,3,15,9,1,95,277,1,6,1,3,R NUNGESSER ET COLI,48.9791,2.4521
201500044214,21,3,15,23,5,95,277,1,1,2,2,CARR DES TULIPES,48.9688,2.4645
201500044215,23,3,15,16,1,95,19,2,1,1,4,R HOCHE,48.9829,2.4225
201500044216,8,4,15,20,3,95,277,1,2,1,3,CARR DES TULIPES,48.9685,2.4651
201500044217,9,4,15,16,1,95,19,2,1,1,2,AV CHARLES VAILLANT,48.9855,2.4083
201500044218,13,4,15,17,1,95,280,2,1,1,4,R AMBROISE CROIZAT,49.0205,2.4544
201500044219,19,4,15,6,5,95,277,1,1,1,6,R NUNGESSER ET COLI,48.9761,2.4585
201500044220,16,1,15,8,1,95,306,2,1,1,6,PL DE LA LIBERATION,48.9909,2.1671
201500044221,4,3,15,8,1,95,257,2,1,1,4,QU DE SEINE,48.9691,2.1812
201500044222,29,1,15,7,1,95,424,2,2,2,6,BD DE PONTOISE,48.9807,2.1824
201500044223,28,3,15,17,1,95,424,2,1,1,2,AV DE LA LIBERATION,49.0055,2.1933
201500044224,1,2,15,12,1,95,424,2,1,1,6,BD VICTOR BORDIER,48.9933,2.1967
201500044225,17,4,15,15,1,95,424,2,1,1,6,AV DES FRANCES,48.9946,2.2005
201500044226,8,2,15,17,2,95,424,2,1,1,3,BD VICTOR BORDIER,48.9951,2.1926
201500044227,18,4,15,8,1,95,306,2,1,1,3,CHE DE  MONTIGNY,48.9913,2.1779
201500044228,12,2,15,18,2,95,257,2,1,1,3,AV DES LILAS,48.9618,2.1816
201500044229,22,4,15,17,1,95,306,2,1,1,6,R DE LA LOGE,48.9956,2.1694
201500044230,13,2,15,16,1,95,424,2,3,1,3,AV DES FRANCES,48.9984,2.2044
201500044231,27,4,15,17,1,95,306,2,1,1,6,MAIL DES COPISTES,48.9989,2.1885
201500044232,14,2,15,9,1,95,424,2,1,1,3,BD DE PONTOISE,48.9911,2.1819
201500044233,16,5,15,17,1,95,424,2,3,1,3,AV DES FRANCES,48.9983,2.2045
201500044234,22,2,15,10,1,95,257,2,1,1,3,BD DE PONTOISE,48.9841,2.1817
201500044235,23,5,15,2,5,95,306,2,1,1,6,BD DU HAVRE,49.0064,2.1714
201500044236,25,2,15,16,1,95,306,2,1,1,4,BD DU HAVRE,49.0069,2.1706
201500044237,25,5,15,1,5,95,424,2,4,1,3,AV DE LA LIBERATION,49.0067,2.1954
201500044238,29,5,15,8,1,95,424,2,1,1,3,AV DES FRANCES,48.9941,2.1999
201500044239,2,6,15,17,1,95,306,2,1,1,4,RTE DE CONFLANS,49.0042,2.1296
201500044240,16,6,15,17,1,95,257,2,1,1,3,BD DE  PONTOISE,48.9774,2.1846
201500044241,28,6,15,11,1,95,424,2,1,1,6,RUE ARISTIDE BRIAND,49.0044,2.2017
201500044242,29,6,15,19,1,95,306,2,1,1,3,AV DE LA LIBERATION,49.0021,2.1851
201500044243,30,7,15,12,1,95,306,2,1,1,6,R DE PONTOISE,48.9927,2.1676
201500044244,22,8,15,12,1,95,424,2,1,1,6,MAGASIN CARREFOUR,48.9942,2.1995
201500044245,14,9,15,9,1,95,424,2,1,1,3,BD DE PONTOISE,48.9892,2.1819
201500044246,29,9,15,18,1,95,424,2,1,1,6,CHE DE LA MARE EPINEUSE,48.9913,2.2063
201500044247,6,10,15,8,1,95,306,2,1,1,2,RTE DE CONFLANS,49.0005,2.1444
201500044248,13,10,15,16,1,95,424,2,1,1,6,AV ARISTIDE MAILLOL,48.9945,2.2019
201500044249,25,11,15,7,5,95,306,2,2,1,2,CHE DES BOEUFS,49.0122,2.1319
201500044250,27,11,15,8,1,95,257,2,2,1,3,R DU ONZE NOVEMBRE,48.9781,2.1782
201500044251,1,12,15,7,2,95,306,1,1,1,5,RTE DE PIERRELAYE,49.0037,2.1567
201500044252,17,12,15,5,5,95,306,2,1,1,6,R DES SABLONS,48.9903,2.1589
201500044253,18,12,15,17,1,95,424,2,1,1,6,R  PIERRE CURIE,48.9876,2.1824
201500044254,4,3,15,18,1,95,527,1,4,1,6,LINEAIRE 2B,49.0061,2.5465
201500044255,17,1,15,11,1,93,73,1,1,1,6,Sortie Viaduc entre T2A,0.0,0.0
201500044256,14,4,15,19,1,95,527,1,1,1,2,RTE DE L'ARPENTEUR,49.0117,2.5253
201500044257,4,5,15,14,1,95,527,1,1,1,4,Circuit 2.0,49.0095,2.5391
201500044258,7,2,15,6,5,95,527,1,1,1,6,RTE DES BADAUDS,49.0087,2.5382
201500044259,27,7,15,14,1,77,294,1,1,1,1,PERIPHERIQUE SUD/RD 84,0.0,0.0
201500044260,13,4,15,6,5,95,527,2,1,1,4,Circuit 1.0,49.0056,2.5359
201500044261,16,3,15,18,1,95,527,1,1,1,2,Voie  face T2,49.0104,2.5492
201500044262,3,7,15,17,1,95,527,1,1,1,2,PERIPHERIQUE,49.0287,2.5599
201500044263,6,2,15,15,1,95,527,1,1,1,2,R DES ANNIVERSAIRES,49.0159,2.5333
201500044264,9,7,15,20,2,95,527,1,1,1,6,Circuit 2.0,49.0095,2.5391
201500044265,1,1,15,13,1,77,282,1,9,1,1,NATIONALE 1104 (ANCIENNE,49.02817,2.58079
201500044266,25,5,15,11,1,93,73,1,1,9,6,CROIX AU PLATRE (ROUTE D,0.0,0.0
201500044267,28,8,15,5,5,95,527,1,1,2,6,Circuit 2.0,49.0095,2.5391
201500044268,31,12,15,16,1,95,527,1,1,1,6,R DE NEW-YORK,49.0102,2.5532
201500044269,10,6,15,14,1,95,212,1,1,1,3,Peripherique,49.0291,2.5631
201500044270,6,10,15,8,2,95,527,1,3,3,3,R DES BADAUDS,49.0081,2.5313
201500044271,24,8,15,22,5,95,527,1,1,1,6,Circuit 2.0,49.0094,2.5391
201500044272,12,7,15,18,2,95,527,1,1,1,7,R DU BERCEAU,49.0068,2.5341
201500044273,17,12,15,17,5,95,527,1,1,1,2,R DES DEUX CEDRES,48.9991,2.5258
201500044274,9,12,15,7,2,95,527,1,1,1,2,Circuit 1.0,49.0056,2.5359
201500044275,10,12,15,4,5,95,527,1,1,1,6,RTE DU NOYER DU CHAT,49.0046,2.5479
201500044276,21,10,15,7,5,95,527,2,1,1,2,Circuit 2.0,49.0094,2.5391
201500044277,23,10,15,20,5,77,294,1,1,1,1,PERIPHERIQUE SUD/RD 84 A,0.0,0.0
201500044278,15,12,15,20,5,95,527,1,1,3,6,Circuit 2.0,49.0095,2.5391
201500044279,16,4,15,7,1,95,527,1,1,1,4,Circuit 1.0,49.0056,2.5359
201500044280,28,5,15,7,1,95,527,1,1,1,7,RD 317,49.0172,2.4942
201500044281,11,2,15,5,5,95,527,1,1,1,6,RUE DES POSTES,49.0077,2.5431
201500044282,13,3,15,10,1,77,294,1,1,1,6,PERIPHERIQUE SUD/RD 84 A,0.0,0.0
201500044283,3,4,15,7,2,95,212,1,1,5,1,RTE DES ARPENTEURS,49.0277,2.5497
201500044284,4,4,15,0,5,95,527,1,1,2,6,VOIE RAPIDE T2-T3,49.0061,2.5465
201500044285,4,4,15,13,1,95,527,1,1,8,6,Circuit 1.0,49.0056,2.5359
201500044286,21,4,15,13,1,95,527,2,1,1,2,RTE DES PEUPLIERS,49.0094,2.5509
201500044287,3,5,15,6,2,95,527,1,1,2,6,VOIE RAPIDE T2-T3,49.0061,2.5465
201500044288,6,5,15,9,1,77,294,1,1,1,1,PERIPHERIQUE SUD/RD 84 A,0.0,0.0
201500044289,13,5,15,13,1,93,13,2,1,1,2,"6, ESPLANADE DE L'AIR ET",0.0,0.0
201500044290,15,5,15,19,2,93,73,1,1,7,2,CROIX AU PLATRE (ROUTE D,0.0,0.0
201500044291,9,6,15,15,1,95,527,2,1,1,2,VOIE RAPIDE T2-T3,49.0061,2.5465
201500044292,9,9,15,0,3,95,527,2,1,1,1,RN 104,49.0269,2.5117
201500044293,1,10,15,21,5,95,527,2,1,1,4,Circuit 2.0,49.0094,2.5391
201500044294,4,10,15,22,5,95,527,1,1,1,6,Circuit 2.0,49.0094,2.5391
201500044295,27,10,15,21,5,95,527,1,1,2,2,VOIE  T2-T3,49.0062,2.5479
201500044296,10,11,15,1,3,77,294,1,1,1,6,PERIPHERIQUE SUD/RD 84,0.0,0.0
201500044297,8,12,15,11,1,95,527,1,1,8,2,Circuit 1.0,49.0056,2.5359
201500044298,29,1,15,13,1,95,585,2,1,3,4,RTE DE GARGES,48.9881,2.3785
201500044299,1,3,15,2,3,95,539,2,1,2,2,RD 301,48.9931,2.3606
201500044300,31,3,15,12,1,95,585,2,1,1,6,AV PAUL VALERY,48.9802,2.3736
201500044301,31,3,15,12,1,95,585,2,1,1,6,AV AUGUSTE PERRET,48.9762,2.3803
201500044302,9,3,15,23,5,95,585,2,1,1,6,BD ALBERT CAMUS,48.9782,2.3713
201500044303,16,12,15,8,1,95,585,2,1,1,1,R DES BAUVES,48.9935,2.3826
201500044304,9,4,15,12,1,95,680,1,1,1,2,RD 316,49.0096,2.3839
201500044305,18,3,15,19,2,95,585,2,1,1,6,AV PAUL VALERY,48.9792,2.3799
201500044306,26,3,15,9,1,95,585,2,1,1,6,BD ALBERT CAMUS,48.9763,2.3706
201500044307,18,4,15,18,1,95,585,2,1,1,6,AV DIVISION LECLERC,48.9875,2.3724
201500044308,12,4,15,19,1,95,585,2,1,1,2,AV PAUL VALERY,48.9792,2.3812
201500044309,12,3,15,18,1,95,680,2,1,1,3,AV HENRI SELLIER,49.0088,2.3986
201500044310,18,5,15,7,1,95,539,2,1,1,6,AV DIVISION LECLERC,48.9936,2.3362
201500044311,27,2,15,19,5,95,539,2,3,1,6,R DE PARIS,48.9973,2.3566
201500044312,22,5,15,17,1,95,539,2,1,1,7,AV DIVISION LECLERC,48.9956,2.3441
201500044313,14,3,15,2,5,95,585,2,1,1,6,R DU FER A CHEVAL,48.9936,2.3915
201500044314,26,5,15,16,1,95,585,2,1,1,3,BD MAURICE RAVEL,48.9745,2.3824
201500044315,9,6,15,19,1,95,585,1,1,1,4,AV DIVISION LECLERC,48.9803,2.3691
201500044316,6,6,15,19,1,95,585,2,1,1,7,R TAILLEPIED,48.9938,2.3758
201500044317,19,6,15,20,1,95,585,2,1,1,6,ALL CHARLES BAUDELAIRE,48.9759,2.3865
201500044318,27,5,15,14,1,95,680,2,1,1,6,AV PIERRE SEMARD,49.0014,2.4069
201500044319,18,6,15,9,1,95,585,2,3,2,5,RTE DES REFUZNICKS,48.9842,2.3872
201500044320,23,6,15,19,1,95,585,2,1,1,1,BD MAURICE RAVEL,48.9745,2.3824
201500044321,1,7,15,16,1,95,539,1,2,1,3,RD 301,48.9916,2.3603
201500044322,2,7,15,18,1,95,585,2,1,1,6,AV PAUL VALERY,48.9791,2.3816
201500044323,10,7,15,20,1,95,585,2,1,1,6,AV PAUL VALERY,48.9787,2.3831
201500044324,31,7,15,16,1,95,585,2,6,1,1,PL DU SOUVENIR FRANCAIS,48.9989,2.3801
201500044325,16,8,15,23,5,95,585,2,1,1,6,BD JACQUES COPEAU,48.9758,2.3696
201500044326,25,8,15,22,5,95,680,2,1,2,6,AV PIERRE SEMARD,48.9995,2.4125
201500044327,10,9,15,7,1,95,680,2,1,1,6,AV DE LA CONCORDE,48.9985,2.4157
201500044328,4,9,15,18,1,95,585,2,3,1,3,AV ANNA DE NOAILLES,48.9758,2.3729
201500044329,14,9,15,19,1,95,539,2,1,2,2,R DE MARAINVAL,49.0061,2.3572
201500044330,1,9,15,20,1,95,585,2,7,1,6,R JEAN LURCAT,48.9826,2.3897
201500044331,17,7,15,12,1,95,585,2,1,1,6,ALL PAUL DUKAS,48.9744,2.3729
201500044332,20,9,15,14,1,95,268,2,2,1,6,AV DU GENERAL DE GAULLE,48.9766,2.3919
201500044333,22,9,15,11,1,95,268,2,1,2,6,AV DE STALINGRAD,48.9691,2.4122
201500044334,21,9,15,15,1,95,585,2,3,1,5,AV PAUL VALERY,48.9801,2.3747
201500044335,22,9,15,12,1,95,268,2,1,2,6,AV DE STALINGRAD,48.9709,2.4143
201500044336,27,9,15,15,1,95,680,1,1,1,6,CHE DU COUDRAY,49.0132,2.4003
201500044337,24,9,15,12,1,95,268,2,3,1,3,AV FREDERIC J CURIE,48.9748,2.4119
201500044338,8,10,15,13,1,95,680,2,1,1,2,AV PIERRE SEMARD,49.0008,2.4086
201500044339,26,9,15,20,5,95,585,2,1,1,6,BD SALVADOR ALLENDE,48.9787,2.3929
201500044340,9,10,15,10,1,95,268,2,2,1,6,AV ANATOLE FRANCE,48.9733,2.3896
201500044341,12,10,15,20,5,95,268,2,1,1,6,R LE NOTRE,48.9716,2.3987
201500044342,11,10,15,22,3,95,539,1,1,1,2,RD 301,49.0002,2.3597
201500044343,16,10,15,5,5,95,268,2,2,2,3,AV AMBROISE CROIZAT,48.9664,2.4093
201500044344,13,10,15,6,5,95,585,2,1,1,6,AV CHARLES PEGUY,48.9811,2.3757
201500044345,27,10,15,20,2,95,680,2,1,1,6,R DE LA REPUBLIQUE,49.0068,2.3879
201500044346,20,7,15,20,1,95,268,2,1,1,6,R EDGAR DEGAS,48.9775,2.3941
201500044347,28,6,15,14,1,95,268,2,1,1,2,AV DU GENERAL DE GAULLE,48.9721,2.4011
201500044348,2,11,15,16,1,95,539,2,1,2,7,AV DIVISION LECLERC,48.9957,2.3443
201500044349,4,11,15,12,1,95,539,1,1,1,2,RD 301,49.0002,2.3597
201500044350,12,11,15,18,5,95,680,2,1,1,2,AV PIERRE SEMARD,49.0019,2.4045
201500044351,19,11,15,17,5,95,585,2,3,1,6,AV AUGUSTE PERRET,48.9753,2.3857
201500044352,20,11,15,21,5,95,680,2,2,1,3,AV PIERRE SEMARD,49.0025,2.4026
201500044353,4,11,15,13,1,95,585,2,1,1,6,R DES BAUVES,48.9927,2.3838
201500044354,16,10,15,19,1,95,585,2,1,1,6,BD FRANCOIS MITTERAND,48.9895,2.3755
201500044355,29,9,15,9,1,95,268,2,1,1,6,R DU TIERS POT,48.9681,2.3991
201500044356,5,12,15,9,1,95,268,2,1,1,1,R DE LA PAIX,48.9727,2.3853
201500044357,20,11,15,8,2,95,268,2,1,3,6,AV DU GENERAL DE GAULLE,48.9767,2.3915
201500044358,7,12,15,19,5,95,585,2,1,1,4,BD ALBERT CAMUS,48.9768,2.3708
201500044359,19,12,15,18,5,95,268,2,1,1,4,AV DU GENERAL DE GAULLE,48.9731,2.4002
201500044360,17,12,15,8,1,95,539,2,1,1,6,R DE COPIN,48.9993,2.3608
201500044361,23,12,15,17,5,95,268,2,1,1,6,R PAUL LANGEVIN,48.9771,2.4091