Num_Acc,jour,mois,an,hr,condition_eclairage,departement,commune,condition_agglomeration,intersection,condition_atmosphere,type_collision,adresse,lattitude,longitude
201500044362,23,12,15,9,1,95,680,2,1,1,6,R DE PARIS,49.0099,2.3838
201500044363,16,10,15,15,1,95,585,2,1,2,3,R JEAN JACQUES ROUSSEAU,48.9952,2.3842
201500044364,17,1,15,16,1,95,585,2,3,1,6,AV ANNA DE NOAILLES,48.9757,2.3729
201500044365,21,1,15,20,5,95,585,2,1,2,2,AV DU HUIT MAI 1945,48.9774,2.3729
201500044366,21,2,15,4,3,95,539,1,1,2,2,RD 301,48.9919,2.3603
201500044367,23,3,15,10,1,95,607,2,1,1,2,AV DE DIVISION-LECLERC,49.0085,2.2122
201500044368,14,4,15,20,1,95,607,2,1,1,6,BD TEMPS DES CERISES,49.0171,2.2276
201500044369,5,6,15,13,1,95,563,2,2,1,3,R DE PARIS,49.0162,2.2484
201500044370,7,5,15,10,1,95,51,2,1,1,6,CHAUSSEE JULES CESAR,49.0085,2.1998
201500044371,30,6,15,10,1,95,60,2,4,1,3,AV DE LA REPUBLIQUE,49.0424,2.2074
201500044372,29,8,15,19,1,95,51,2,6,1,3,AV PIERRE LOTI,49.0182,2.2034
201500044373,17,9,15,7,1,95,60,2,2,2,3,AV DE LA REPUBLIQUE,49.0424,2.2074
201500044374,23,9,15,9,1,95,607,2,3,1,6,PLACE DE LA GARE,49.0254,2.2219
201500044375,25,10,15,21,5,95,51,2,3,1,3,CHAUSSEE JULES CESAR,49.0123,2.1879
201500044376,4,12,15,21,5,95,607,2,1,1,3,R D'HERBLAY,49.0157,2.2088
201500044377,3,12,15,18,5,95,607,2,1,1,6,R PASTEUR,49.0259,2.2211
201500044378,7,12,15,8,2,95,607,2,1,8,6,BD TEMPS DES CERISES,49.0213,2.2199
201500044379,29,1,15,22,5,95,607,2,2,4,3,BD TEMPS DES CERISES,49.0228,2.2175
201500044380,31,1,15,20,5,95,51,2,2,2,3,AV PIERRE CURIE,49.0109,2.1965
201500044381,8,2,15,16,1,95,51,2,1,1,2,CHAUSSEE JULES CESAR,49.0119,2.1894
201500044382,11,2,15,12,1,95,607,2,1,1,6,AV SALVADOR ALLENDE,49.0201,2.2231
201500044383,16,3,15,10,1,95,563,2,1,1,3,BD ANDRE BREMONT,49.0015,2.2516
201500044384,24,5,15,12,1,95,607,2,2,1,3,R DE BEAUCHAMP,49.0254,2.2137
201500044385,17,4,15,18,1,95,607,2,1,1,3,BD TEMPS DES CERISES,49.0191,2.2236
201500044386,2,1,15,14,1,201,4,2,1,1,2,MEZZAVIA ROUTE DE,0.0,0.0
201500044387,31,3,15,9,1,201,4,2,1,1,3,SEBASTIANU COSTA BD,41.93958,8.74309
201500044388,28,12,15,12,1,201,4,2,1,1,2,MARECHAL JUIN AVENUE,41.93676,8.75077
201500044389,4,1,15,3,5,201,4,2,3,1,3,NAPOLEON COURS APRES BEV,0.0,0.0
201500044390,1,4,15,21,5,201,4,1,3,1,3,GRANDVAL COURS IMPAIR,41.91754,8.73013
201500044391,8,1,15,22,5,201,4,2,3,1,3,NAPOLEON III AVENUE PAIR,41.92596,8.73447
201500044392,6,4,15,23,5,201,4,1,1,1,7,Rte CAMPO DELL ORO,41.92036,8.7924
201500044393,10,1,15,21,5,201,4,2,3,1,3,Av de  PARIS,41.91819,8.73447
201500044394,11,4,15,20,5,201,4,2,1,1,6,FRANCHINI NOEL AV DOCTEU,41.94329,8.75718
201500044395,11,1,15,16,1,201,4,1,1,1,6,ILES SANGUINAIRES ROUTE,41.90086,8.61654
201500044396,11,4,15,0,5,201,4,2,1,1,7,"40, BONAPARTE LUCIEN  CO",41.90992,8.72081
201500044397,3,4,15,18,1,201,4,1,1,1,3,CAMPI LOUIS BD,41.94241,8.75099
201500044398,6,2,15,7,1,201,4,2,1,1,3,"27, NAPOLEON COURS AVANT",41.92193,8.73733
201500044399,14,4,15,13,1,201,4,2,1,1,2,"19, NAPOLEON COURS AVANT",0.0,0.0
201500044400,10,2,15,12,1,201,4,2,3,1,3,cours lucien BONAPARTE,41.91071,8.7218
201500044401,14,2,15,21,5,201,4,2,3,1,3,NAPOLEON COURS APRES BEV,41.92638,8.73826
201500044402,23,5,15,5,5,201,4,2,1,1,6,"14, ROSSINI PASCAL BD",0.0,0.0
201500044403,8,4,15,11,1,201,4,2,1,1,6,"05, DAVIN IMPASSE",41.91277,8.728
201500044404,22,2,15,21,3,201,4,1,1,1,6,NATIONALE 196,41.9261,8.80905
201500044405,12,3,15,21,5,201,4,2,1,1,2,CAMPI LOUIS BD,41.94401,8.75511
201500044406,30,5,15,3,5,201,4,1,1,1,6,ILES SANGUINAIRES ROUTE,0.0,0.0
201500044407,11,6,15,18,1,201,4,1,1,1,3,SARTENE ANCIENNE ROUTE,41.92801,8.79562
201500044408,16,6,15,20,1,201,4,1,1,1,5,MARECHAL JUIN AVENUE,41.94072,8.75034
201500044409,25,6,15,22,5,201,4,2,7,1,6,"09, NAPOLEON COURS AVANT",41.92029,8.73709
201500044410,28,6,15,4,5,201,4,2,1,1,7,EUGENIE IMPERATRICE AVEN,41.91987,8.73396
201500044411,30,6,15,23,3,201,4,1,1,1,2,NATIONALE 193,41.93434,8.8027
201500044412,28,6,15,23,5,201,4,2,1,1,7,REPUBLIQUE QUAI DE LA,41.91953,8.73948
201500044413,7,7,15,18,1,201,4,2,2,1,3,GEORGES POMPIDOU AVENUE,0.0,0.0
201500044414,12,7,15,1,5,201,4,2,1,1,3,Bld LANTIVY,41.9171,8.73591
201500044415,12,7,15,9,1,201,4,1,1,1,5,NATIONALE 193,41.93925,8.80452
201500044416,16,7,15,15,1,201,4,2,6,1,3,NATIONALE 193,41.92986,8.75739
201500044417,18,7,15,13,1,201,4,1,1,1,2,RD11,41.93212,8.69178
201500044418,25,7,15,11,1,201,4,2,1,1,6,1ER CONSUL RCE RUE CANDI,41.93505,8.74554
201500044419,4,8,15,16,1,201,4,2,3,1,6,PRINCE IMPERIAL COURS,41.93418,8.74755
201500044420,10,8,15,14,1,201,4,2,3,1,6,NAPOLEON COURS APRES BEV,41.92816,8.73859
201500044421,1,8,15,15,1,201,4,2,1,1,3,"SANS, AEROPORT NAPOLEON",41.92059,8.79386
201500044422,21,8,15,22,5,201,4,2,3,1,1,CAMPI RUE GENERAL,41.91896,8.73569
201500044423,21,8,15,13,1,201,4,2,1,1,6,NAPOLEON COURS APRES BEV,41.93203,8.93203
201500044424,26,8,15,22,5,201,4,1,1,1,6,ILES SANGUINAIRES ROUTE,0.0,0.0
201500044425,8,9,15,22,5,201,4,2,9,1,3,NATIONALE 193,41.93407,8.75073
201500044426,10,9,15,10,1,201,4,2,1,1,6,ROSSINI PASCAL BD,0.0,0.0
201500044427,18,9,15,9,1,201,4,2,1,1,6,SEBASTIANU COSTA BD,41.9412,8.74637
201500044428,26,9,15,17,1,201,4,1,1,2,1,ALATA ROUTE,41.93896,8.73824
201500044429,29,9,15,10,1,201,4,2,1,1,6,ASPRETTO ROUTE,41.93208,8.75644
201500044430,6,10,15,16,1,201,4,2,1,1,5,Av NAPOLEON III,41.92585,8.73451
201500044431,21,10,15,13,1,201,4,2,1,1,6,"., REPUBLIQUE QUAI DE LA",41.92258,8.73946
201500044432,7,11,15,9,1,201,4,2,1,1,3,RECCO ABBE BOULEVARD,41.93741,8.73803
201500044433,9,11,15,17,2,201,4,2,1,1,6,"., SEBASTIANU COSTA BD",41.93968,8.74336
201500044434,11,11,15,9,1,201,4,2,1,1,6,"., BIANCAMARIA COLONEL E",41.93299,8.7374
201500044435,12,11,15,15,1,201,4,2,1,1,6,NAPOLEON COURS AVANT BEV,41.92474,8.73795
201500044436,18,11,15,22,5,201,4,2,3,1,3,Rte de MEZZAVIA,41.94949,8.76864
201500044437,15,12,15,9,1,201,4,2,1,1,6,PERALDI NICOLAS AVENUE,41.93542,8.73662
201500044438,18,12,15,16,1,201,4,1,1,1,3,NATIONALE 193,41.94045,8.80596
201500044439,19,12,15,23,5,201,4,1,1,1,6,SARTENE ANCIENNE ROUTE,41.93024,8.78758
201500044440,13,1,15,13,1,69,381,2,1,1,6,"1, COMEDIE (DE LA)",45.7736,4.83023
201500044441,17,1,15,17,5,69,381,2,1,1,6,"8, JOSEPH SERLIN",45.775,4.83717
201500044442,3,2,15,8,1,69,381,2,1,8,6,"9, RUE PIERRE BLANC",0.0,0.0
201500044443,6,2,15,8,1,69,381,2,1,1,6,FERNAND REY,0.0,0.0
201500044444,17,2,15,21,5,69,381,2,1,1,6,"12, JEAN MOULIN",0.0,0.0
201500044445,3,1,15,12,1,94,44,1,1,1,6,RN406.W,48.7588,2.47013
201500044446,4,1,15,2,4,94,73,1,1,3,6,A86 EXT,48.7673,2.37872
201500044447,4,1,15,3,5,75,112,1,1,8,2,A4,0.0,0.0
201500044448,4,1,15,16,1,94,74,1,1,1,6,RN406.W,48.7627,2.46659
201500044449,5,1,15,9,1,94,18,1,1,1,2,A4,48.8256,2.39234
201500044450,8,1,15,8,1,94,28,1,1,1,2,A86 EXT,48.7957,2.44294
201500044451,8,1,15,11,1,77,294,1,1,3,7,A104,48.97042,2.57048
201500044452,8,1,15,16,1,94,18,1,1,1,7,A4,48.8175,2.41528
201500044453,9,1,15,21,3,77,121,1,1,9,6,D471,48.82929,2.66688
201500044454,10,1,15,17,1,94,42,1,1,1,4,A4,48.8276,2.47042
201500044455,10,1,15,19,3,94,81,1,1,2,4,A86 EXT,48.7734,2.40267
201500044456,11,1,15,8,1,77,373,1,1,1,2,RN104,48.7754,2.61251
201500044457,11,1,15,12,1,94,52,1,1,1,2,A86 INT,48.8452,2.49202
201500044458,11,1,15,21,4,77,169,1,1,1,6,RN104,0.0,0.0
201500044459,13,1,15,1,5,94,46,1,1,1,6,A86 INT,48.8108,2.44889
201500044460,13,1,15,9,1,94,73,1,1,1,3,A86 EXT,48.7712,2.3909
201500044461,14,1,15,9,1,77,514,1,1,1,2,A104,0.0,0.0
201500044462,14,1,15,14,1,77,122,1,1,6,2,RN104,0.0,0.0
201500044463,14,1,15,17,1,94,22,1,1,1,5,A86 EXT,48.7732,2.40055
201500044464,15,1,15,6,3,94,15,1,1,8,5,A4,48.8318,2.53201
201500044465,15,1,15,6,3,94,79,1,1,1,2,A4,48.8349,2.53757
201500044466,16,1,15,6,3,94,69,1,1,8,6,A86 INT,48.8164,2.4456
201500044467,16,1,15,9,1,77,83,1,1,2,5,A4.W  (Province-Paris),0.0,0.0
201500044468,17,1,15,12,1,94,28,1,1,1,5,A86 EXT,48.776,2.4286
201500044469,17,1,15,13,1,94,44,1,1,1,6,RN406.Y,48.7572,2.47281
201500044470,19,1,15,9,1,77,438,1,1,2,4,A104,0.0,0.0
201500044471,19,1,15,8,1,77,438,1,1,4,1,A104,0.0,0.0
201500044472,19,1,15,19,4,94,18,1,1,1,4,A4,48.8175,2.41808
201500044473,20,1,15,7,3,77,294,1,1,1,7,A104,0.0,0.0
201500044474,20,1,15,8,4,94,79,1,1,1,6,A4,48.8358,2.53939
201500044475,21,1,15,8,2,94,28,1,1,2,6,A86 EXT,48.7844,2.44056
201500044476,23,1,15,9,1,75,112,1,1,1,5,A4,0.0,0.0
201500044477,23,1,15,22,3,77,175,1,1,1,3,A5b (A105),0.0,0.0
201500044478,24,1,15,12,1,77,438,1,1,1,2,A104,0.0,0.0
201500044479,24,1,15,13,1,94,52,1,1,1,4,A86 INT,48.8443,2.49236
201500044480,24,1,15,20,3,77,175,1,1,1,1,RN104,0.0,0.0
201500044481,24,1,15,21,4,94,28,1,1,1,5,A86 EXT,48.7844,2.44056
201500044482,24,1,15,23,4,94,17,1,1,1,4,A4,48.8303,2.49236
201500044483,26,1,15,5,5,94,52,1,1,1,6,A86 INT,48.8427,2.49262
201500044484,26,1,15,14,1,94,46,1,1,2,3,A86 INT,48.8054,2.44854
201500044485,26,1,15,15,1,94,42,1,1,1,3,A4,48.8278,2.47177
201500044486,27,1,15,9,1,77,294,1,1,8,4,A104,0.0,0.0
201500044487,28,1,15,8,1,94,42,1,1,2,2,A4,48.8286,2.47641
201500044488,29,1,15,17,2,94,18,1,1,2,6,A4,48.8175,2.41873
201500044489,30,1,15,16,1,77,373,1,1,1,5,RN104,0.0,0.0
201500044490,31,1,15,11,1,77,258,1,1,1,6,A4 (Paris-Province),0.0,0.0
201500044491,1,2,15,11,1,94,2,1,1,1,6,A86 EXT,48.7763,2.42293
201500044492,1,2,15,12,1,94,52,1,1,1,4,A86 INT,48.8445,2.49229
201500044493,1,2,15,17,2,94,44,1,1,8,7,RN406.Y,48.7579,2.47046
201500044494,1,2,15,23,3,77,53,1,1,1,2,N104,0.0,0.0
201500044495,3,2,15,9,1,77,294,1,1,1,3,A104,48.97416,2.57813
201500044496,4,2,15,4,5,75,112,1,1,1,5,A4,0.0,0.0
201500044497,4,2,15,18,1,94,18,1,1,1,5,A4,48.8249,2.39322
201500044498,4,2,15,21,3,77,372,1,1,1,5,A104,0.0,0.0
201500044499,5,2,15,8,1,94,46,1,1,1,3,A86 EXT,48.7994,2.44587
201500044500,5,2,15,22,3,77,450,1,1,8,1,RN104,0.0,0.0
201500044501,6,2,15,5,3,93,51,1,1,1,2,A4,0.0,0.0
201500044502,6,2,15,8,1,77,258,1,1,1,7,A4.(Paris-Province),0.0,0.0
201500044503,6,2,15,14,1,75,112,1,1,1,4,A4,0.0,0.0
201500044504,7,2,15,11,1,77,450,1,1,1,3,RN104,0.0,0.0
201500044505,7,2,15,16,1,77,373,1,1,1,2,RN104,0.0,0.0
201500044506,7,2,15,19,3,77,258,1,1,1,2,A4 (Province-Paris),0.0,0.0
201500044507,8,2,15,14,1,77,372,1,1,1,6,A104,0.0,0.0
201500044508,8,2,15,19,3,77,373,1,1,1,7,RN104,0.0,0.0
201500044509,8,2,15,20,4,94,44,1,1,1,6,RN406.W,48.758,2.4708
201500044510,9,2,15,9,1,94,17,1,1,1,2,A4,48.8271,2.50967
201500044511,9,2,15,9,1,94,17,1,1,1,2,A4,48.8294,2.48138
201500044512,9,2,15,17,2,77,373,1,1,1,3,RN104,0.0,0.0
201500044513,10,2,15,7,1,94,69,1,1,1,2,A4,48.8175,2.42225
201500044514,11,2,15,10,1,77,294,1,1,1,2,A104,0.0,0.0
201500044515,11,2,15,10,1,94,17,1,1,1,2,A4,48.8294,2.49922
201500044516,11,2,15,20,3,77,237,1,1,1,4,A4,0.0,0.0
201500044517,12,2,15,0,4,75,112,1,1,1,4,A4,0.0,0.0
201500044518,12,2,15,8,1,94,28,1,1,1,7,RN406.W,48.7815,2.44124
201500044519,12,2,15,8,1,77,175,1,1,1,6,RN104,0.0,0.0
201500044520,12,2,15,19,5,93,51,1,1,1,4,A4,0.0,0.0
201500044521,12,2,15,20,5,94,46,1,1,1,5,A86 INT,48.8072,2.44874
201500044522,13,2,15,5,3,94,22,1,1,1,2,A86 EXT,48.7764,2.42159
201500044523,14,2,15,9,1,77,373,1,1,2,5,RN104,0.0,0.0
201500044524,14,2,15,17,1,94,44,1,1,1,6,RN406.W,48.7572,2.47187
201500044525,14,2,15,17,1,93,51,1,1,2,6,A4,0.0,0.0
201500044526,15,2,15,8,1,77,337,1,1,8,7,RN104,0.0,0.0
201500044527,19,2,15,6,3,94,46,1,1,1,5,A86 INT,48.8125,2.4488
201500044528,18,2,15,16,1,93,51,1,1,1,3,A4,48.8354,2.56843
201500044529,20,2,15,13,1,75,112,1,1,2,7,A4,0.0,0.0
201500044530,20,2,15,17,2,94,17,1,1,2,7,A4,48.8265,2.51831
201500044531,20,2,15,21,3,77,438,1,1,1,6,A104,0.0,0.0
201500044532,21,2,15,15,1,75,112,1,1,8,6,A4,0.0,0.0
201500044533,21,2,15,17,1,77,258,1,1,2,7,A4. (Paris-Province),0.0,0.0
201500044534,21,2,15,19,3,93,51,1,1,1,2,A4,0.0,0.0
201500044535,22,2,15,17,1,77,373,1,1,1,4,RN104,0.0,0.0
201500044536,23,2,15,11,1,77,258,1,1,1,6,A4(Province-Paris),0.0,0.0
201500044537,25,2,15,10,1,94,44,1,1,1,6,RN406.W,48.758,2.47079
201500044538,25,2,15,16,1,94,52,1,1,2,4,A86 INT,48.8436,2.49257
201500044539,25,2,15,20,3,77,438,1,1,1,6,A104,0.0,0.0
201500044540,27,2,15,8,1,77,514,1,1,1,5,A104,0.0,0.0
201500044541,1,3,15,5,5,94,73,1,1,1,6,A86 EXT,48.7675,2.3787
201500044542,2,3,15,9,1,77,258,1,1,1,2,A4(Province-Paris),0.0,0.0
201500044543,3,3,15,7,2,94,28,1,1,1,2,RN406.W,48.7699,2.44912
201500044544,3,3,15,14,1,77,363,1,1,1,6,A104,0.0,0.0
201500044545,3,3,15,18,1,94,44,1,1,2,6,RN406.W,48.7588,2.47013
201500044546,6,3,15,20,3,94,17,1,1,1,5,A4,48.8279,2.50451
201500044547,7,3,15,17,1,94,65,1,1,1,3,A86 EXT,48.7545,2.3484
201500044548,8,3,15,12,1,94,52,1,1,1,6,A86.INT,48.8449,2.49216
201500044549,9,3,15,16,1,94,65,1,1,1,3,A86 INT,48.7537,2.35766
201500044550,10,3,15,17,1,77,169,1,1,2,6,RN104,0.0,0.0
201500044551,11,3,15,6,1,94,17,1,1,1,3,A4,48.8305,2.4925
201500044552,11,3,15,9,1,94,18,1,1,1,5,A4,48.8251,2.39295
201500044553,12,3,15,8,1,77,294,1,1,1,4,A104,0.0,0.0
201500044554,12,3,15,9,1,77,294,1,1,1,4,A104,0.0,0.0
201500044555,12,3,15,17,1,94,17,1,1,1,4,A4,48.8304,2.48962
201500044556,13,3,15,7,1,94,17,1,1,1,3,A4,48.8268,2.51414
201500044557,13,3,15,9,1,77,181,1,1,1,7,A4,0.0,0.0
201500044558,13,3,15,9,1,77,294,1,1,1,4,A104,0.0,0.0
201500044559,13,3,15,12,1,77,294,1,1,1,5,A104,0.0,0.0
201500044560,14,3,15,6,3,77,517,1,1,1,4,A104.EXT (A 104 G),0.0,0.0
201500044561,14,3,15,15,1,77,337,1,1,1,6,RN104,0.0,0.0
201500044562,14,3,15,19,3,77,258,1,1,1,5,A4 (Province-Paris),0.0,0.0
201500044563,17,3,15,9,1,77,514,1,1,1,1,A104,0.0,0.0
201500044564,17,3,15,14,1,94,17,1,1,1,3,A4,48.8264,2.5181
201500044565,18,3,15,8,1,94,73,1,1,1,3,A86 EXT,48.7704,2.38433
201500044566,18,3,15,8,1,93,51,1,1,1,6,A4,48.835,2.57773
201500044567,18,3,15,17,1,94,28,1,1,1,2,A86 EXT,48.7979,2.44457
201500044568,19,3,15,14,1,94,52,1,1,1,4,A86 INT,48.8356,2.4937
201500044569,19,3,15,17,1,94,73,1,1,1,2,A86 INT,48.7702,2.38227
201500044570,21,3,15,20,3,94,18,1,1,1,2,A4,48.8175,2.41528
201500044571,24,3,15,6,3,94,28,1,1,1,3,A86 EXT,48.7762,2.42958
201500044572,25,3,15,1,3,94,79,1,1,2,6,A4,48.8358,2.53972
201500044573,25,3,15,6,1,75,112,1,1,2,5,A4,0.0,0.0
201500044574,25,3,15,9,1,94,65,1,1,1,3,A86 EXT,48.7537,2.36575
201500044575,26,3,15,17,1,94,44,1,1,2,6,RN406.W,48.758,2.47079
201500044576,26,3,15,19,3,94,28,1,1,2,5,A86 EXT,48.7835,2.44074
201500044577,26,3,15,20,3,94,69,1,1,2,7,A86 INT,48.8167,2.45234
201500044578,27,3,15,6,3,94,69,1,1,1,3,A86 INT,48.817,2.45317
201500044579,28,3,15,16,1,94,65,1,1,1,6,A86 INT,48.7539,2.35366
201500044580,28,3,15,20,5,75,112,1,1,1,4,A4,0.0,0.0
201500044581,29,3,15,13,1,77,258,1,1,1,7,A4.(Paris-Province),0.0,0.0
201500044582,29,3,15,15,1,94,44,1,1,1,3,RN406.Y,48.7572,2.47186
201500044583,30,3,15,8,1,94,28,1,1,1,5,A86 EXT,48.7972,2.44411
201500044584,31,3,15,13,1,94,73,1,1,1,2,A86 EXT,48.754,2.38041
201500044585,31,3,15,16,1,94,18,1,1,1,3,A4,48.8249,2.39322
201500044586,2,4,15,13,1,94,17,1,1,2,2,A4,48.8298,2.49785
201500044587,3,4,15,20,2,77,294,1,1,3,1,A104,0.0,0.0
201500044588,3,4,15,21,4,94,69,1,1,3,2,A4,48.8176,2.41944
201500044589,4,4,15,6,3,77,181,1,1,8,6,A4,0.0,0.0
201500044590,4,4,15,8,1,77,373,1,1,2,1,RN104,0.0,0.0
201500044591,4,4,15,13,1,77,258,1,1,2,6,A4.Y (Paris-Province),0.0,0.0
201500044592,6,4,15,2,3,77,449,1,1,1,2,A4,0.0,0.0
201500044593,6,4,15,15,1,93,51,1,1,1,6,A4,48.8347,2.5831
201500044594,7,4,15,9,1,77,258,1,1,1,5,A4.W (Province-Paris),0.0,0.0
201500044595,7,4,15,21,5,77,449,1,1,1,2,A4,0.0,0.0
201500044596,8,4,15,16,1,94,46,1,1,1,3,A86 EXT,48.8081,2.44896
201500044597,8,4,15,17,1,94,69,1,1,1,4,A4,48.8174,2.43487
201500044598,9,4,15,4,5,94,17,1,1,1,6,A4,48.8298,2.4841
201500044599,9,4,15,5,3,77,122,1,1,1,4,RN104,0.0,0.0
201500044600,9,4,15,17,1,77,169,1,1,1,3,A4.Y (Paris-Province),0.0,0.0
201500044601,9,4,15,19,1,77,169,1,1,1,3,RN104,0.0,0.0
201500044602,10,4,15,6,3,94,28,1,1,1,3,A86 EXT,48.7844,2.44056
201500044603,10,4,15,9,1,77,438,1,1,1,4,A104,0.0,0.0
201500044604,10,4,15,8,1,94,73,1,1,1,4,A86 EXT,48.7538,2.36912
201500044605,11,4,15,19,1,77,514,1,1,1,4,A104,0.0,0.0
201500044606,11,4,15,19,1,94,17,1,1,1,3,A4,48.8279,2.50423
201500044607,12,4,15,20,1,93,51,1,1,1,2,A4,48.8361,2.55784
201500044608,12,4,15,23,5,94,28,1,1,1,2,RN406.W,48.7762,2.44339
201500044609,13,4,15,16,1,94,65,1,1,1,3,A86 EXT,48.7551,2.34583
201500044610,14,4,15,9,1,77,495,1,1,1,5,A5b,0.0,0.0
201500044611,14,4,15,13,1,94,28,1,1,1,4,A86 INT,48.7999,2.44595
201500044612,15,4,15,14,1,94,81,1,1,1,5,A86 INT,48.7738,2.40205
201500044613,17,4,15,9,1,94,18,1,1,1,5,A4,48.8249,2.39322
201500044614,18,4,15,3,5,94,28,1,1,1,6,A86 EXT,48.7779,2.44048
201500044615,18,4,15,13,1,94,65,1,1,1,3,A86 INT,48.7544,2.34971
201500044616,18,4,15,22,3,93,51,1,1,1,5,A4,48.8362,2.55652
201500044617,19,4,15,18,1,77,337,1,1,1,3,A4,0.0,0.0
201500044618,19,4,15,18,1,77,175,1,1,1,4,RN104,0.0,0.0
201500044619,22,4,15,9,1,94,28,1,1,1,3,A86 EXT,48.7957,2.44294
201500044620,22,4,15,10,1,77,517,1,1,1,2,A104.EXT,0.0,0.0
201500044621,24,4,15,8,1,94,17,1,1,1,3,A4,48.8298,2.4841
201500044622,24,4,15,19,1,94,79,1,1,1,2,A4,48.834,2.53557
201500044623,26,4,15,19,1,77,337,1,1,1,6,RN104,48.8258,2.61622
201500044624,26,4,15,20,1,94,17,1,1,2,5,A4,48.8268,2.51413
201500044625,29,4,15,6,1,75,112,1,1,1,6,A4,0.0,0.0
201500044626,30,4,15,7,1,94,11,1,1,2,6,RN406.W,48.7587,2.48241
201500044627,30,4,15,7,1,77,169,1,1,2,6,A4.Y (PARIS-PROVINCE),0.0,0.0
201500044628,1,5,15,4,3,94,11,1,1,2,6,RN406.W,48.7634,2.4956
201500044629,1,5,15,4,5,94,52,1,1,2,6,A4,48.8264,2.46625
201500044630,1,5,15,8,1,94,44,1,1,2,6,RN406.W,48.7576,2.47198
201500044631,1,5,15,18,1,94,44,1,1,2,6,RN406.W,48.7582,2.47054
201500044632,1,5,15,20,1,77,337,1,1,1,6,A4,48.83,2.61529
201500044633,1,5,15,23,5,94,73,1,1,2,3,A86 INT,48.7677,2.37857
201500044634,2,5,15,0,4,75,112,1,1,2,6,A4,0.0,0.0
201500044635,2,5,15,9,1,77,373,1,1,2,5,RN104,0.0,0.0
201500044636,2,5,15,11,1,77,169,1,1,1,2,RN104,48.8208,2.61557
201500044637,2,5,15,13,1,94,28,1,1,1,3,A86 EXT,48.8,2.44641
201500044638,2,5,15,15,1,94,17,1,1,1,4,A4,48.8268,2.51413
201500044639,2,5,15,17,1,75,112,1,1,1,2,A4,0.0,0.0
201500044640,2,5,15,20,2,94,28,1,1,2,5,A86 INT,48.787,2.44006
201500044641,3,5,15,6,1,94,73,1,1,1,6,A86 INT,48.7681,2.37869
201500044642,3,5,15,7,1,94,69,1,1,2,6,A4,48.8171,2.45502
201500044643,3,5,15,9,1,94,73,1,1,2,3,A86 EXT,48.7677,2.37874
201500044644,3,5,15,20,1,77,53,1,1,1,6,RN104,0.0,0.0
201500044645,4,5,15,10,1,77,121,1,1,1,7,A4,0.0,0.0
201500044646,4,5,15,21,3,77,294,1,1,8,6,A104 INT (A104D),48.97534,2.58355
201500044647,5,5,15,5,2,94,46,1,1,8,3,A86 EXT,48.7982,2.44483
201500044648,5,5,15,8,1,93,51,1,1,1,3,A4,48.8358,2.56315
201500044649,6,5,15,11,1,94,52,1,1,1,4,A86 INT,48.8382,2.49369
201500044650,9,5,15,0,3,77,384,1,1,1,2,A5b,0.0,0.0
201500044651,11,5,15,7,1,94,73,1,1,1,3,A86 INT,48.7574,2.38379
201500044652,11,5,15,9,1,94,33,1,1,1,2,A86.EXT,48.86,2.48564
201500044653,12,5,15,9,1,77,495,1,1,1,2,A5b,0.0,0.0
201500044654,13,5,15,5,2,77,181,1,1,1,4,A4,0.0,0.0
201500044655,13,5,15,7,2,77,373,1,1,1,3,RN104,0.0,0.0
201500044656,15,5,15,6,1,94,33,1,1,1,7,A86.EXT,48.8517,2.49044
201500044657,15,5,15,18,1,94,52,1,1,1,2,A86 INT,48.8409,2.49283
201500044658,16,5,15,4,3,77,373,1,1,1,6,RN104,0.0,0.0
201500044659,16,5,15,22,3,94,22,1,1,1,2,A86 INT,48.7766,2.41621
201500044660,17,5,15,17,1,94,65,1,1,1,6,A86 INT,48.7542,2.35111
201500044661,19,5,15,9,1,93,51,1,1,1,1,A4,48.8352,2.57376
201500044662,20,5,15,0,4,94,28,1,1,1,3,A86 INT,48.8011,2.44698
201500044663,20,5,15,8,1,94,28,1,1,1,2,A86 EXT,48.7914,2.44102
201500044664,21,5,15,8,1,94,2,1,1,1,2,A86 EXT,48.7762,2.42427
201500044665,22,5,15,11,1,94,17,1,1,1,3,A4,48.8265,2.51832
201500044666,23,5,15,3,3,77,58,1,1,1,2,A4,48.8298,2.74823
201500044667,23,5,15,3,3,77,237,1,1,1,6,A4,0.0,0.0
201500044668,23,5,15,8,1,77,121,1,1,2,2,A4,0.0,0.0
201500044669,23,5,15,16,1,94,17,1,1,1,4,A4,48.8279,2.50451
201500044670,23,5,15,16,1,94,15,1,1,1,5,A4,48.8306,2.52981
201500044671,24,5,15,7,1,94,69,1,1,1,2,A4,48.8174,2.43208
201500044672,24,5,15,12,1,94,17,1,1,1,3,A4,48.8276,2.50725
201500044673,25,5,15,11,1,77,122,1,1,1,6,RN104,0.0,0.0
201500044674,26,5,15,8,1,94,69,1,1,1,2,A4,48.8174,2.42226
201500044675,26,5,15,17,1,94,74,1,1,1,2,RN406.W,48.7692,2.45007
201500044676,26,5,15,18,1,77,514,1,1,1,5,A104,0.0,0.0
201500044677,26,5,15,19,1,94,69,1,1,1,4,A4,48.8173,2.44044
201500044678,28,5,15,23,5,94,69,1,1,1,2,A4,48.8171,2.44323
201500044679,29,5,15,9,1,94,73,1,1,1,3,A86 INT,48.7641,2.38031
201500044680,29,5,15,11,1,94,28,1,1,1,5,A86 INT,48.7998,2.44594