Num_Acc,jour,mois,an,hr,condition_eclairage,departement,commune,condition_agglomeration,intersection,condition_atmosphere,type_collision,adresse,lattitude,longitude
201500044681,30,5,15,6,2,94,69,1,1,1,3,A86 INT,48.8164,2.45173
201500044682,30,5,15,13,1,77,438,1,1,1,1,A104,0.0,0.0
201500044683,31,5,15,14,1,77,373,1,1,2,1,RN104,0.0,0.0
201500044684,31,5,15,17,1,77,251,1,1,2,2,RN104,0.0,0.0
201500044685,1,6,15,15,1,94,69,1,1,1,6,A4,48.8174,2.42227
201500044686,1,6,15,18,1,94,17,1,1,1,3,A4,48.8273,2.5247
201500044687,2,6,15,8,2,77,337,1,1,1,3,A4,0.0,0.0
201500044688,3,6,15,8,1,77,363,1,1,1,4,A104,0.0,0.0
201500044689,3,6,15,19,1,75,112,1,1,1,6,A4,0.0,0.0
201500044690,4,6,15,9,1,94,42,1,1,1,5,A4,48.8266,2.46633
201500044691,4,6,15,17,1,93,51,1,1,1,1,A4,48.8347,2.58042
201500044692,4,6,15,18,1,77,83,1,1,1,1,A4.W (PROVINCE-PARIS),0.0,0.0
201500044693,5,6,15,0,3,77,495,1,1,1,2,A5b,0.0,0.0
201500044694,5,6,15,7,1,94,46,1,1,1,3,A86 EXT,48.804,2.44863
201500044695,5,6,15,17,1,77,363,1,1,1,2,A104,0.0,0.0
201500044696,6,6,15,19,1,94,69,1,1,1,2,A86 EXT,48.8169,2.45441
201500044697,8,6,15,1,3,94,28,1,1,1,6,RN406.W,48.7783,2.44106
201500044698,5,6,15,11,1,94,73,1,1,1,3,A86 EXT,48.77,2.38169
201500044699,9,6,15,16,1,77,337,1,1,1,7,RN104,48.82931,2.61873
201500044700,9,6,15,19,1,94,28,1,1,1,5,A86 EXT,48.776,2.42829
201500044701,10,6,15,7,1,77,373,1,1,1,3,RN104,0.0,0.0
201500044702,10,6,15,7,1,77,83,1,1,1,1,A4.W (PROVINCE-PARIS),0.0,0.0
201500044703,10,6,15,20,2,94,22,1,1,1,2,A86 EXT,48.7765,2.41617
201500044704,11,6,15,8,1,93,51,1,1,1,1,A4,48.8355,2.56846
201500044705,11,6,15,16,1,94,69,1,1,1,4,A4,48.8174,2.43625
201500044706,11,6,15,17,1,77,121,1,1,1,2,A4,0.0,0.0
201500044707,11,6,15,21,1,77,258,1,1,1,7,RN104,0.0,0.0
201500044708,12,6,15,8,1,93,51,1,1,1,6,A4,48.8347,2.58182
201500044709,12,6,15,17,1,94,69,1,1,1,2,A4,48.8173,2.42929
201500044710,13,6,15,0,5,94,73,1,1,1,6,A86 EXT,48.7675,2.3787
201500044711,14,6,15,16,1,77,373,1,1,1,6,RN104,0.0,0.0
201500044712,14,6,15,19,1,77,181,1,1,1,2,A4,0.0,0.0
201500044713,16,6,15,17,1,94,18,1,1,1,4,A4,48.8175,2.41528
201500044714,18,6,15,21,2,94,52,1,1,1,6,A86 INT,48.8314,2.49087
201500044715,19,6,15,8,1,93,51,1,1,1,2,A4,48.8358,2.56042
201500044716,19,6,15,12,1,77,53,1,1,1,2,RN104,0.0,0.0
201500044717,21,6,15,7,1,94,11,1,1,1,6,RN406.W,48.7588,2.4821
201500044718,21,6,15,8,1,94,52,1,1,1,6,A86.EXT,48.8315,2.49164
201500044719,10,6,15,8,1,93,51,1,1,1,3,A4,0.0,0.0
201500044720,23,6,15,18,1,94,52,1,1,1,2,A86 INT,48.837,2.49398
201500044721,24,6,15,8,1,94,17,1,1,1,5,A4,48.8279,2.50451
201500044722,25,6,15,8,1,77,384,1,1,1,1,A5B,0.0,0.0
201500044723,27,6,15,11,1,94,79,1,1,1,3,A4,48.8283,2.52705
201500044724,28,6,15,8,1,93,51,1,1,1,6,A4,48.8354,2.56709
201500044725,28,6,15,20,1,77,514,1,1,1,4,A104,0.0,0.0
201500044726,29,6,15,8,1,77,53,1,1,1,2,RN104,0.0,0.0
201500044727,29,6,15,9,1,77,514,1,1,1,4,A104,0.0,0.0
201500044728,29,6,15,11,1,94,17,1,1,1,3,A4,48.8279,2.50451
201500044729,29,6,15,12,1,77,169,1,1,1,6,A4.Y PARIS-PROVINCE,0.0,0.0
201500044730,29,6,15,19,1,94,42,1,1,1,5,A4,48.8283,2.47448
201500044731,30,6,15,6,1,77,337,1,1,1,4,A4,0.0,0.0
201500044732,30,6,15,9,1,94,73,1,1,1,2,A86 EXT,48.77,2.38179
201500044733,30,6,15,14,1,94,28,1,1,1,3,A86 INT,48.7761,2.43095
201500044734,30,6,15,17,1,94,28,1,1,1,5,A86 EXT,48.776,2.42846
201500044735,30,6,15,17,1,77,181,1,1,1,6,A4,0.0,0.0
201500044736,1,7,15,7,1,77,373,1,1,1,3,RN104,0.0,0.0
201500044737,1,7,15,9,1,94,46,1,1,1,2,A86 EXT,48.8046,2.44874
201500044738,1,7,15,16,1,94,17,1,1,1,5,A4,48.8279,2.50451
201500044739,2,7,15,7,1,94,58,1,1,1,6,A86.EXT,48.8445,2.49301
201500044740,2,7,15,9,1,94,81,1,1,1,2,A86 EXT,48.774,2.40745
201500044741,2,7,15,16,1,94,28,1,1,1,5,A86 EXT,48.776,2.42828
201500044742,3,7,15,7,1,77,373,1,1,1,4,RN104,0.0,0.0
201500044743,3,7,15,13,1,77,438,1,1,1,4,A104,0.0,0.0
201500044744,3,7,15,19,1,77,294,1,1,1,3,A104,0.0,0.0
201500044745,6,7,15,8,1,77,249,1,1,1,6,RN104,0.0,0.0
201500044746,7,7,15,8,1,77,495,1,1,1,7,A5b,0.0,0.0
201500044747,9,7,15,3,3,94,28,1,1,1,7,A86 EXT,48.7871,2.44033
201500044748,9,7,15,6,1,77,337,1,1,1,6,A4,0.0,0.0
201500044749,9,7,15,16,1,94,33,1,1,1,3,A86.EXT,48.8498,2.49039
201500044750,10,7,15,8,1,77,146,1,1,1,3,RN104.EXT (N104G),0.0,0.0
201500044751,10,7,15,18,1,77,169,1,1,1,5,RN104,0.0,0.0
201500044752,11,7,15,12,1,93,51,1,1,1,1,A4,48.8345,2.58446
201500044753,13,7,15,19,1,94,52,1,1,1,2,A86 INT,48.8409,2.49283
201500044754,15,7,15,11,1,94,17,1,1,1,5,A4,48.8279,2.50451
201500044755,15,7,15,15,1,94,73,1,1,1,2,A86 EXT,48.7583,2.38397
201500044756,16,7,15,9,1,94,52,1,1,1,7,A86 INT,48.8417,2.4927
201500044757,17,7,15,5,2,77,372,1,1,1,6,A104,0.0,0.0
201500044758,17,7,15,7,1,94,17,1,1,1,7,A86.EXT,48.8309,2.49097
201500044759,17,7,15,12,1,94,17,1,1,1,4,A4,48.8265,2.52131
201500044760,18,7,15,20,2,94,17,1,1,1,7,A86.EXT,48.8313,2.4915
201500044761,19,7,15,4,5,94,17,1,1,2,7,A86.EXT,48.8314,2.49163
201500044762,19,7,15,8,1,77,450,1,1,1,7,RN104,0.0,0.0
201500044763,19,7,15,20,1,94,17,1,1,1,2,A4,48.8268,2.51242
201500044764,20,7,15,14,1,75,112,1,1,1,3,A4,0.0,0.0
201500044765,20,7,15,18,1,94,22,1,1,1,4,A86 EXT,48.7755,2.413
201500044766,22,7,15,9,1,94,69,1,1,1,3,A4,48.8173,2.42642
201500044767,23,7,15,12,1,94,33,1,1,1,3,A86.INT,48.8532,2.48919
201500044768,24,7,15,17,1,94,28,1,1,1,5,A86 EXT,48.7888,2.44048
201500044769,25,7,15,0,4,77,169,1,1,1,6,A4.Y,0.0,0.0
201500044770,25,7,15,1,3,77,169,1,1,1,2,A4.Y,0.0,0.0
201500044771,25,7,15,23,5,94,46,1,1,1,2,A86 INT,48.8134,2.44873
201500044772,27,7,15,6,1,94,44,1,1,1,6,RN406.W,48.7581,2.47066
201500044773,29,7,15,9,1,77,53,1,1,1,5,RN104,0.0,0.0
201500044774,30,7,15,8,1,94,69,1,1,1,2,A86 INT,48.8168,2.4525
201500044775,31,7,15,15,1,94,17,1,1,1,2,A4,48.8278,2.50589
201500044776,31,7,15,15,1,77,337,1,1,1,6,RN104,0.0,0.0
201500044777,1,8,15,2,5,94,42,1,1,1,6,A4,48.8276,2.47042
201500044778,1,8,15,13,1,94,73,1,1,1,3,A86 INT,48.7723,2.39636
201500044779,2,8,15,6,1,94,17,1,1,1,2,A86.EXT,48.8307,2.49073
201500044780,3,8,15,18,1,94,18,1,1,1,2,A4,48.8228,2.39595
201500044781,4,8,15,4,4,94,46,1,1,1,2,A86 INT,48.7981,2.44451
201500044782,5,8,15,8,1,77,514,1,1,1,3,A104,0.0,0.0
201500044783,5,8,15,23,3,77,438,1,1,1,2,A104,0.0,0.0
201500044784,7,8,15,5,3,77,438,1,1,1,5,A104,0.0,0.0
201500044785,7,8,15,9,1,94,17,1,1,1,7,A4,48.8298,2.48412
201500044786,9,8,15,10,1,77,18,1,1,8,6,A4,0.0,0.0
201500044787,10,8,15,5,2,94,73,1,1,1,2,A86 EXT,48.767,2.37874
201500044788,11,8,15,13,1,94,18,1,1,1,6,A4,48.8175,2.41528
201500044789,11,8,15,17,1,77,18,1,1,1,2,A4,0.0,0.0
201500044790,11,8,15,18,1,77,169,1,1,1,2,A4.Y,0.0,0.0
201500044791,11,8,15,23,4,77,169,1,1,1,6,A4.Y,0.0,0.0
201500044792,12,8,15,17,1,94,46,1,1,1,2,A86 INT,48.8132,2.44848
201500044793,15,8,15,4,5,94,17,1,1,3,2,A86.EXT,48.8302,2.4898
201500044794,15,8,15,7,2,77,514,1,1,5,6,A104,0.0,0.0
201500044795,16,8,15,22,3,77,122,1,1,1,2,RN104,0.0,0.0
201500044796,17,8,15,17,1,94,69,1,1,1,5,A4,48.8176,2.43489
201500044797,21,8,15,7,1,94,52,1,1,1,7,A86.EXT,48.8322,2.49217
201500044798,22,8,15,3,5,94,17,1,1,1,6,A4,48.827,2.51136
201500044799,22,8,15,23,3,77,438,1,1,1,7,A104,0.0,0.0
201500044800,24,8,15,9,1,94,73,1,1,1,3,A86 INT,48.7538,2.36969
201500044801,24,8,15,12,1,94,17,1,1,2,3,A4,48.8279,2.50451
201500044802,27,8,15,7,1,77,373,1,1,3,5,RN104,0.0,0.0
201500044803,27,8,15,16,1,94,52,1,1,3,2,A86 INT,48.8347,2.49327
201500044804,28,8,15,6,1,94,73,1,1,1,2,A86 INT,48.7536,2.37368
201500044805,28,8,15,14,1,94,33,1,1,1,2,A86.EXT,48.8538,2.48973
201500044806,28,8,15,16,1,77,294,1,1,1,4,A104,0.0,0.0
201500044807,28,8,15,18,1,94,69,1,1,1,2,A4,48.8171,2.44323
201500044808,29,8,15,11,1,94,33,1,1,1,2,A86.INT,48.8553,2.4884
201500044809,29,8,15,13,1,94,69,1,1,1,2,A86 EXT,48.816,2.45176
201500044810,30,8,15,14,1,94,52,1,1,1,4,A4,48.8264,2.46628
201500044811,31,8,15,8,1,94,18,1,1,1,2,A4,48.8175,2.4189
201500044812,31,8,15,17,1,77,514,1,1,1,3,A104,0.0,0.0
201500044813,2,9,15,9,1,77,294,1,1,1,1,A104,0.0,0.0
201500044814,2,9,15,11,1,94,81,1,1,1,2,A86 EXT,48.774,2.40505
201500044815,2,9,15,16,1,94,69,1,1,1,2,A4,48.8173,2.42929
201500044816,3,9,15,7,1,77,363,1,1,1,1,A104,0.0,0.0
201500044817,3,9,15,16,1,77,258,1,1,1,4,A4.W,0.0,0.0
201500044818,3,9,15,17,1,77,121,1,1,1,4,A4,0.0,0.0
201500044819,3,9,15,17,1,94,42,1,1,1,2,A4,48.8278,2.47176
201500044820,4,9,15,8,1,77,175,1,1,1,6,A5b,0.0,0.0
201500044821,6,9,15,2,5,94,69,1,1,1,2,A86 EXT,48.8161,2.45203
201500044822,7,9,15,12,1,94,17,1,1,1,3,A4,48.8303,2.48822
201500044823,7,9,15,13,1,94,46,1,1,1,2,A86 EXT,48.8099,2.44903
201500044824,7,9,15,13,1,94,22,1,1,1,2,A86 EXT,48.7758,2.4138
201500044825,7,9,15,15,1,77,373,1,1,1,1,RN104,0.0,0.0
201500044826,8,9,15,9,1,94,46,1,1,1,4,A86 EXT,48.8063,2.44887
201500044827,8,9,15,18,1,94,18,1,1,1,7,A4,48.8241,2.39394
201500044828,9,9,15,7,1,77,337,1,1,1,6,RN104,0.0,0.0
201500044829,10,9,15,10,1,94,79,1,1,1,2,A4,48.8358,2.53972
201500044830,10,9,15,17,1,77,169,1,1,1,3,RN104,0.0,0.0
201500044831,10,9,15,18,1,94,69,1,1,1,4,A4,48.8174,2.43487
201500044832,11,9,15,9,1,94,69,1,1,1,2,A4,48.8175,2.4321
201500044833,12,9,15,4,3,94,15,1,1,1,2,A4,48.8306,2.52982
201500044834,12,9,15,15,1,77,373,1,1,3,2,RN104,0.0,0.0
201500044835,12,9,15,18,1,94,22,1,1,3,2,A86 EXT,48.7766,2.4175
201500044836,12,9,15,19,1,77,468,1,1,1,6,A104,0.0,0.0
201500044837,12,9,15,20,2,94,28,1,1,2,6,A86 EXT,48.7769,2.44055
201500044838,13,9,15,3,3,77,83,1,1,2,6,A4.W,0.0,0.0
201500044839,13,9,15,8,2,77,169,1,1,2,2,RN104,48.8223,2.61489
201500044840,13,9,15,9,1,77,337,1,9,2,6,RN104,0.0,0.0
201500044841,13,9,15,9,1,77,258,1,1,2,2,A4.Y,0.0,0.0
201500044842,13,9,15,12,1,77,337,1,3,2,3,VPO.INT,0.0,0.0
201500044843,13,9,15,14,1,77,258,1,1,3,3,A4.Y,0.0,0.0
201500044844,13,9,15,15,1,77,121,1,9,1,6,A4,0.0,0.0
201500044845,14,9,15,19,1,93,51,1,1,1,4,A4,0.0,0.0
201500044846,14,9,15,21,5,94,69,1,1,1,2,A4,48.8176,2.42466
201500044847,15,9,15,7,1,94,22,1,1,1,3,A86 INT,48.7765,2.42023
201500044848,15,9,15,9,1,77,181,1,1,1,1,A4,0.0,0.0
201500044849,15,9,15,9,1,77,181,1,1,3,4,A4,0.0,0.0
201500044850,15,9,15,19,1,94,58,1,1,1,2,A86.EXT,48.8432,2.493
201500044851,16,9,15,8,1,94,18,1,1,3,7,A4,48.8229,2.39617
201500044852,16,9,15,9,1,94,18,1,1,3,3,A4,48.8213,2.39954
201500044853,16,9,15,13,1,77,514,1,1,1,5,A104,0.0,0.0
201500044854,16,9,15,18,1,94,73,1,1,2,2,A86 EXT,48.7714,2.3922
201500044855,17,9,15,7,1,94,28,1,1,1,3,A86 INT,48.7844,2.44056
201500044856,17,9,15,12,1,77,237,1,1,1,3,A4,0.0,0.0
201500044857,18,9,15,15,1,94,33,1,1,1,7,A86.EXT,48.8489,2.49072
201500044858,18,9,15,21,5,75,112,1,1,1,6,A4,0.0,0.0
201500044859,19,9,15,19,2,77,514,1,1,1,2,A104,0.0,0.0
201500044860,20,9,15,5,5,94,17,1,1,1,5,A86.EXT,48.8308,2.49091
201500044861,20,9,15,9,1,77,237,1,1,1,4,A4,0.0,0.0
201500044862,20,9,15,22,4,94,69,1,1,1,2,A4,48.8175,2.42469
201500044863,6,10,15,11,1,77,363,1,1,1,2,A104,0.0,0.0
201500044864,21,9,15,15,1,77,517,1,1,1,2,A104,0.0,0.0
201500044865,24,9,15,8,1,94,52,1,1,1,3,A86.EXT,48.8423,2.493
201500044866,24,9,15,20,3,77,294,1,9,3,4,A104,0.0,0.0
201500044867,25,9,15,7,1,77,468,1,1,5,4,A104,0.0,0.0
201500044868,25,9,15,20,5,94,17,1,1,1,3,A4,48.8273,2.50823
201500044869,26,9,15,15,1,77,237,1,1,1,6,A4,0.0,0.0
201500044870,26,9,15,15,1,77,372,1,1,1,6,A104,0.0,0.0
201500044871,27,9,15,18,1,94,33,1,1,1,2,A86.INT,48.8499,2.49111
201500044872,28,9,15,8,1,77,169,1,1,1,6,A4.Y,0.0,0.0
201500044873,28,9,15,8,1,77,181,1,1,1,5,A4,0.0,0.0
201500044874,28,9,15,13,1,94,17,1,1,1,3,A4,48.827,2.51036
201500044875,28,9,15,14,1,75,112,1,1,1,4,A4,0.0,0.0
201500044876,29,9,15,8,1,77,258,1,1,1,5,A4.W,0.0,0.0
201500044877,29,9,15,16,1,94,52,1,1,1,7,A86.EXT,48.8322,2.49216
201500044878,30,9,15,6,5,94,17,1,1,1,3,A4,48.8279,2.50451
201500044879,30,9,15,7,1,93,51,1,1,1,2,A4,48.8362,2.55652
201500044880,30,9,15,8,1,93,51,1,1,1,2,A4,0.0,0.0
201500044881,30,9,15,12,1,77,249,1,1,1,7,RN104,0.0,0.0
201500044882,1,10,15,8,1,94,28,1,1,1,3,RN406.W,48.7797,2.44157
201500044883,1,10,15,20,5,94,69,1,1,1,5,A4,48.8174,2.42929
201500044884,2,10,15,16,1,77,169,1,1,1,3,RN104,0.0,0.0
201500044885,3,10,15,13,1,94,52,1,1,1,4,A86 INT,48.8417,2.49305
201500044886,5,10,15,20,3,77,373,1,1,2,5,RN104,0.0,0.0
201500044887,6,10,15,9,1,94,79,1,1,2,2,A4,48.8358,2.53971
201500044888,6,10,15,17,1,94,28,1,1,1,3,A86 INT,48.7775,2.43961
201500044889,6,10,15,19,1,94,17,1,1,1,3,A4,48.8298,2.48411
201500044890,7,10,15,8,2,93,51,1,1,2,1,A4,0.0,0.0
201500044891,7,10,15,20,3,77,83,1,1,1,1,A4.W,0.0,0.0
201500044892,8,10,15,11,1,77,294,1,1,1,2,A104,0.0,0.0
201500044893,9,10,15,7,2,94,22,1,1,1,2,A86 INT,48.7762,2.42689
201500044894,9,10,15,15,1,77,514,1,1,1,4,A104,0.0,0.0
201500044895,10,10,15,18,1,94,18,1,1,1,6,A4,48.8173,2.41694
201500044896,10,10,15,20,3,94,81,1,1,1,2,A86 EXT,48.774,2.40738
201500044897,10,10,15,21,4,94,28,1,1,1,5,A86 EXT,48.8012,2.44739
201500044898,11,10,15,17,1,75,112,1,1,1,5,A4,0.0,0.0
201500044899,12,10,15,8,1,94,18,1,1,1,2,A4,48.8189,2.40856
201500044900,12,10,15,22,5,94,69,1,1,1,4,A4,48.8173,2.42643
201500044901,12,10,15,23,5,94,17,1,1,1,4,A4,48.8306,2.49363
201500044902,14,10,15,7,5,93,51,1,1,1,3,A4,0.0,0.0
201500044903,15,10,15,7,2,77,53,1,1,1,2,RN104,0.0,0.0
201500044904,15,10,15,10,1,77,373,1,1,1,6,RN104,0.0,0.0
201500044905,15,10,15,11,1,77,337,1,1,2,6,A4,0.0,0.0
201500044906,16,10,15,9,1,94,33,1,1,1,3,A86.INT,48.8488,2.4915
201500044907,16,10,15,18,1,93,51,1,1,1,3,A4,0.0,0.0
201500044908,17,10,15,1,4,77,18,1,1,1,6,A4,0.0,0.0
201500044909,17,10,15,20,3,77,181,1,1,1,6,A4,0.0,0.0
201500044910,17,10,15,21,3,77,146,1,1,1,6,A4.Y,0.0,0.0
201500044911,19,10,15,9,1,94,18,1,1,1,3,A4,48.8249,2.39322
201500044912,20,10,15,8,1,94,28,1,1,1,3,A86 EXT,48.7817,2.44103
201500044913,22,10,15,8,1,77,175,1,1,1,4,RN104,0.0,0.0
201500044914,22,10,15,8,1,94,65,1,1,2,2,A86 EXT,48.7536,2.35505
201500044915,22,10,15,9,1,77,169,1,1,1,6,RN104,48.8215,2.6151
201500044916,22,10,15,9,1,94,69,1,1,1,2,A4,48.8175,2.4321
201500044917,22,10,15,17,1,77,373,1,1,1,2,RN104,0.0,0.0
201500044918,23,10,15,15,1,77,514,1,1,1,4,A104,0.0,0.0
201500044919,23,10,15,16,1,94,18,1,1,1,2,A4,48.8235,2.39513
201500044920,24,10,15,9,1,94,46,1,1,1,3,A86 EXT,48.7982,2.44483
201500044921,25,10,15,15,1,94,28,1,1,1,5,A86 EXT,48.7978,2.4445
201500044922,25,10,15,19,2,94,69,1,1,1,5,A4,48.8173,2.44043
201500044923,26,10,15,9,1,94,65,1,1,1,3,A86 INT,48.7537,2.35632
201500044924,26,10,15,10,1,77,258,1,1,1,7,A4.Y,0.0,0.0
201500044925,26,10,15,19,3,77,373,1,1,1,2,RN104,0.0,0.0
201500044926,26,10,15,19,5,94,52,1,1,1,7,A86.EXT,48.8316,2.49174
201500044927,27,10,15,9,1,94,65,1,1,1,2,A86 INT,48.7547,2.34842
201500044928,28,10,15,7,2,94,69,1,1,2,7,A4,48.8176,2.43769
201500044929,28,10,15,11,1,94,17,1,1,2,2,A4,48.8297,2.49791
201500044930,29,10,15,6,3,94,15,1,1,1,2,A4,48.8319,2.5318
201500044931,30,10,15,11,1,94,28,1,1,1,2,A86 EXT,48.7957,2.44293
201500044932,30,10,15,20,1,77,122,1,1,1,1,RN104,0.0,0.0
201500044933,31,10,15,4,3,77,122,1,1,1,6,RN104,0.0,0.0
201500044934,31,10,15,9,1,94,81,1,1,1,2,A86 EXT,48.7734,2.40303
201500044935,31,10,15,15,1,94,15,1,1,1,4,A4,48.8325,2.53273
201500044936,1,11,15,6,2,77,363,1,1,5,6,A104,0.0,0.0
201500044937,1,11,15,14,1,94,28,1,1,1,2,A86 EXT,48.7764,2.43696
201500044938,1,11,15,19,3,77,517,1,1,1,3,A104.INT,0.0,0.0
201500044939,1,11,15,21,3,94,17,1,1,1,4,A4,48.8286,2.50177
201500044940,2,11,15,0,5,94,17,1,1,1,7,A86.EXT,48.8309,2.49096
201500044941,2,11,15,18,2,93,51,1,1,1,5,A4,0.0,0.0
201500044942,2,11,15,18,3,77,438,1,1,1,2,A104,0.0,0.0
201500044943,3,11,15,8,2,77,438,1,1,2,2,A104,0.0,0.0
201500044944,3,11,15,8,1,94,69,1,1,2,3,A4,48.8171,2.44473
201500044945,3,11,15,18,3,94,79,1,1,1,3,A4,48.8358,2.53994
201500044946,4,11,15,12,1,94,22,1,1,1,3,A86 INT,48.7764,2.42287
201500044947,5,11,15,1,3,77,514,1,1,8,2,A104,0.0,0.0
201500044948,5,11,15,8,1,75,112,1,1,1,6,A86 EXT,0.0,0.0
201500044949,5,11,15,8,1,77,438,1,1,1,6,A104,0.0,0.0
201500044950,5,11,15,13,1,94,17,1,1,1,3,A4,48.8269,2.51275
201500044951,5,11,15,15,1,75,112,1,1,1,1,A4,0.0,0.0
201500044952,6,11,15,17,1,94,69,1,1,2,7,A4,48.8173,2.42784
201500044953,7,11,15,18,3,94,33,1,1,1,3,A86.INT,48.8494,2.49053
201500044954,7,11,15,18,3,77,337,1,1,1,3,A4,0.0,0.0
201500044955,8,11,15,19,1,94,28,1,1,1,4,A86 EXT,48.7835,2.44074
201500044956,10,11,15,8,1,94,17,1,1,1,7,A86.EXT,48.8309,2.49101
201500044957,10,11,15,19,3,94,46,1,1,1,2,A86 EXT,48.8051,2.44881
201500044958,10,11,15,20,3,77,146,1,1,1,4,A4.Y,0.0,0.0
201500044959,11,11,15,16,1,94,73,1,1,1,7,A86 INT,48.7681,2.3787
201500044960,13,11,15,6,3,77,83,1,1,1,2,A4.W,0.0,0.0
201500044961,13,11,15,6,5,94,17,1,1,1,2,A86.EXT,48.8314,2.4916
201500044962,13,11,15,17,3,77,438,1,1,1,3,A104,0.0,0.0
201500044963,13,11,15,19,5,77,169,1,1,1,3,A4.Y,0.0,0.0
201500044964,14,11,15,6,1,77,169,1,1,1,6,A4.Y,0.0,0.0
201500044965,15,11,15,2,5,94,42,1,1,1,6,A4,48.8284,2.47585
201500044966,16,11,15,17,3,77,294,1,1,1,3,A104,0.0,0.0
201500044967,17,11,15,11,1,94,11,1,1,1,6,RN406.W,48.7632,2.49563
201500044968,18,11,15,8,1,94,46,1,1,1,5,A86 EXT,48.7987,2.44528
201500044969,18,11,15,17,2,94,33,1,1,1,3,A86.INT,48.8571,2.4877
201500044970,19,11,15,7,1,77,438,1,1,1,3,A104,0.0,0.0
201500044971,19,11,15,13,1,77,258,1,1,2,1,A4.Y,0.0,0.0
201500044972,19,11,15,16,1,94,69,1,1,2,4,A4,48.8173,2.42929
201500044973,19,11,15,19,3,77,373,1,1,2,2,RN104,0.0,0.0
201500044974,20,11,15,8,1,94,28,1,1,2,5,RN406.W,48.7729,2.44579
201500044975,20,11,15,10,1,94,73,1,1,1,3,A86 INT,48.7723,2.39612
201500044976,20,11,15,17,1,77,373,1,1,1,6,RN104,0.0,0.0
201500044977,20,11,15,18,2,94,73,1,1,2,5,A86 EXT,48.7717,2.39356
201500044978,21,11,15,20,3,77,495,1,1,1,4,A5b,0.0,0.0
201500044979,22,11,15,13,1,94,69,1,1,1,7,A4,48.8176,2.43908
201500044980,22,11,15,18,3,77,258,1,1,1,3,A4.W,0.0,0.0
201500044981,23,11,15,15,1,94,28,1,1,1,4,A86 EXT,48.7888,2.44048
201500044982,23,11,15,21,5,94,33,1,1,1,3,A86.INT,48.8596,2.48583
201500044983,24,11,15,15,1,94,22,1,1,2,6,A86 EXT,48.7741,2.40801
201500044984,24,11,15,16,1,94,73,1,1,3,7,A86 EXT,48.7538,2.36993
201500044985,25,11,15,9,1,77,337,1,1,1,6,A4,0.0,0.0
201500044986,25,11,15,9,1,94,18,1,1,1,5,A4,48.8192,2.40725
201500044987,25,11,15,17,3,93,51,1,1,2,5,A4,0.0,0.0
201500044988,25,11,15,18,3,94,15,1,1,2,2,A4,48.8306,2.52982
201500044989,27,11,15,6,3,77,337,1,1,5,3,A4,0.0,0.0
201500044990,27,11,15,6,5,94,17,1,1,1,3,A4,48.8265,2.51832
201500044991,27,11,15,16,1,94,28,1,1,1,3,A86 EXT,48.7923,2.44128
201500044992,27,11,15,19,5,94,69,1,1,2,3,A4,48.8172,2.44183
201500044993,28,11,15,14,1,94,28,1,1,1,2,A86 EXT,48.7849,2.44049
201500044994,29,11,15,23,4,93,51,1,1,1,1,A4,0.0,0.0
201500044995,1,12,15,8,1,77,372,1,1,1,2,A104,0.0,0.0
201500044996,1,12,15,11,1,94,52,1,1,1,2,A86 INT,48.8347,2.49312
201500044997,1,12,15,16,1,94,69,1,1,1,4,A4,48.8173,2.42929
201500044998,1,12,15,16,2,94,17,1,1,1,5,A4,48.8283,2.50306
201500044999,1,12,15,18,3,94,69,1,1,1,4,A4,48.8174,2.42226
201500045000,2,12,15,8,1,77,449,1,1,1,5,A4,0.0,0.0
201500045001,3,12,15,9,1,94,18,1,1,1,3,A4,48.8223,2.39722
201500045002,4,12,15,3,3,94,46,1,1,2,6,A86 EXT,48.8107,2.44907
201500045003,4,12,15,11,1,77,363,1,1,1,5,A104,0.0,0.0
201500045004,4,12,15,20,4,77,58,1,1,1,2,A4,0.0,0.0
201500045005,5,12,15,1,3,77,373,1,1,1,6,RN104,0.0,0.0
201500045006,6,12,15,22,5,94,73,1,1,1,5,A86 EXT,48.7533,2.37658
201500045007,7,12,15,17,1,77,59,1,1,1,6,A104,0.0,0.0
201500045008,8,12,15,10,1,77,363,1,1,1,1,A104,0.0,0.0
201500045009,8,12,15,18,4,94,42,1,1,2,3,A4,48.8281,2.47313
201500045010,9,12,15,9,1,75,112,1,1,1,2,A4,0.0,0.0
201500045011,9,12,15,18,4,77,169,1,1,5,6,A4.Y,0.0,0.0
201500045012,10,12,15,2,3,77,372,1,1,5,7,A104,0.0,0.0
201500045013,10,12,15,18,5,94,73,1,1,1,2,A86 INT,48.7557,2.38301
201500045014,11,12,15,2,5,94,73,1,1,1,2,A86 EXT,48.7704,2.38432
201500045015,11,12,15,14,1,77,337,1,1,1,1,A4,0.0,0.0
201500045016,11,12,15,16,2,94,28,1,1,1,6,RN406.Y,48.7798,2.44064
201500045017,11,12,15,18,3,94,69,1,1,1,4,A4,48.8172,2.44183
201500045018,13,12,15,6,3,77,121,1,1,1,2,A4,0.0,0.0
201500045019,13,12,15,6,3,94,22,1,1,1,2,A86 EXT,48.7758,2.41375
201500045020,14,12,15,15,1,94,22,1,1,1,5,A86 EXT,48.7765,2.41892
201500045021,15,12,15,8,2,94,22,1,1,2,5,A86 EXT,48.7754,2.41257
201500045022,15,12,15,18,3,77,449,1,1,3,2,A4,0.0,0.0
201500045023,15,12,15,18,2,94,17,1,1,3,2,A4,48.8285,2.50164
201500045024,16,12,15,6,1,77,337,1,1,1,1,RN104,0.0,0.0
201500045025,16,12,15,8,1,94,28,1,1,1,3,A86 EXT,48.7761,2.43095