Num_Acc,jour,mois,an,hr,condition_eclairage,departement,commune,condition_agglomeration,intersection,condition_atmosphere,type_collision,adresse,lattitude,longitude
201500045026,17,12,15,5,3,77,514,1,1,1,2,A104,0.0,0.0
201500045027,17,12,15,16,1,94,28,1,1,1,3,A86 EXT,48.7932,2.44162
201500045028,17,12,15,18,1,94,28,1,1,1,4,A86 EXT,48.7844,2.44024
201500045029,17,12,15,18,3,77,450,1,9,1,5,RN104,0.0,0.0
201500045030,17,12,15,21,5,94,28,1,1,1,7,A86 EXT,48.7767,2.43837
201500045031,18,12,15,8,1,94,69,1,1,1,3,A4,48.8175,2.44048
201500045032,18,12,15,10,1,94,81,1,1,1,3,A86 INT,48.7739,2.40282
201500045033,18,12,15,11,1,77,294,1,1,1,3,A104,0.0,0.0
201500045034,19,12,15,16,2,94,73,1,1,1,4,A86 EXT,48.7714,2.39221
201500045035,20,12,15,9,1,77,18,1,1,1,2,A4,0.0,0.0
201500045036,21,12,15,7,5,77,121,1,1,1,6,A104,0.0,0.0
201500045037,21,12,15,19,2,94,69,1,1,2,4,A4,48.8173,2.42929
201500045038,22,12,15,13,1,77,294,1,1,1,3,A104,0.0,0.0
201500045039,22,12,15,18,3,94,18,1,1,1,3,A4,48.8204,2.40181
201500045040,23,12,15,9,1,93,51,1,1,1,7,A4,0.0,0.0
201500045041,23,12,15,18,1,77,59,1,1,1,1,A104,0.0,0.0
201500045042,27,12,15,16,1,93,51,1,1,1,5,A4,0.0,0.0
201500045043,28,12,15,11,1,94,33,1,1,1,3,A86.EXT,48.8594,2.48641
201500045044,28,12,15,11,1,94,33,1,1,1,2,A86.EXT,48.8593,2.48656
201500045045,28,12,15,19,5,94,17,1,1,1,4,A86.INT,48.8309,2.48997
201500045046,29,12,15,10,1,77,337,1,1,1,6,RN104,0.0,0.0
201500045047,29,12,15,12,1,94,52,1,1,1,2,A86 INT,48.8386,2.49352
201500045048,30,12,15,15,1,94,17,1,1,1,4,A4,48.8265,2.51832
201500045049,2,1,15,23,3,92,36,1,1,1,2,AUTOROUTE A86,0.0,0.0
201500045050,3,1,15,4,3,95,306,1,1,1,5,AUTOROUTE A15,0.0,0.0
201500045051,3,1,15,7,3,93,53,1,1,2,4,AUTOROUTE A3,48.8835,2.45873
201500045052,3,1,15,9,1,95,582,1,1,2,7,AUTOROUTE A15,0.0,0.0
201500045053,3,1,15,15,1,93,64,1,1,2,7,AUTOROUTE A3,48.8839,2.46681
201500045054,3,1,15,17,1,93,63,1,1,2,3,AUTOROUTE A3,48.8779,2.44592
201500045055,3,1,15,19,1,93,8,1,1,2,7,AUTOROUTE A86,48.8986,2.46958
201500045056,3,1,15,20,3,95,582,1,1,2,2,AUTOROUTE A15,0.0,0.0
201500045057,23,12,15,12,1,95,154,1,1,1,2,AUTOROUTE A1,0.0,0.0
201500045058,3,1,15,21,3,92,36,1,1,2,7,AUTOROUTE A15,0.0,0.0
201500045059,4,1,15,2,3,93,64,1,1,2,7,AUTOROUTE A86,48.8836,2.47155
201500045060,4,1,15,5,3,93,78,1,1,2,6,AUTOROUTE A104,48.9613,2.54373
201500045061,5,1,15,8,1,95,582,1,1,2,2,AUTOROUTE A15,0.0,0.0
201500045062,5,1,15,8,1,95,582,1,1,1,2,AUTOROUTE A15,0.0,0.0
201500045063,5,1,15,9,1,95,582,1,1,1,2,AUTOROUTE A15,0.0,0.0
201500045064,6,1,15,0,3,95,277,1,1,2,6,AUTOROUTE A1,0.0,0.0
201500045065,6,1,15,16,1,95,277,1,1,1,7,AUTOROUTE A1,0.0,0.0
201500045066,7,1,15,0,3,95,527,1,1,2,2,AUTOROUTE A1,0.0,0.0
201500045067,7,1,15,16,1,93,78,1,1,1,7,AUTOROUTE A104,48.9611,2.54339
201500045068,7,1,15,21,3,95,682,1,1,2,5,RN 104,0.0,0.0
201500045069,8,1,15,4,3,60,494,1,1,2,2,AUTOROUTE A1,49.13196,2.56071
201500045070,8,1,15,6,3,92,78,1,1,2,6,AUTOROUTE A86,0.0,0.0
201500045071,8,1,15,13,1,93,27,1,1,2,7,AUTOROUTE A86,48.9236,2.38346
201500045072,8,1,15,17,1,95,678,1,1,2,3,ROUTE NATIONALE 184,0.0,0.0
201500045073,9,1,15,8,1,95,572,1,1,2,6,ROUTE NATIONALE 184,0.0,0.0
201500045074,9,1,15,11,1,60,631,1,1,2,2,AUTOROUTE A1,49.15252,2.58593
201500045075,9,1,15,14,1,95,527,1,1,2,6,AUTOROUTE A1,0.0,0.0
201500045076,9,1,15,22,3,95,241,1,1,2,2,RN 104,0.0,0.0
201500045077,10,1,15,19,3,93,6,1,1,2,2,AUTOROUTE A3,48.8645,2.41293
201500045078,10,1,15,19,2,95,277,1,1,2,6,AUTOROUTE A104,48.9733,2.4901
201500045079,10,1,15,20,3,93,78,1,1,2,4,AUTOROUTE A104,48.9666,2.51337
201500045080,10,1,15,21,3,95,365,1,1,2,6,RN 104,0.0,0.0
201500045081,10,1,15,23,3,93,5,1,1,2,7,AUTOROUTE A3,48.9516,2.47401
201500045082,11,1,15,14,1,95,582,1,1,1,7,AUTOROUTE A15,0.0,0.0
201500045083,12,1,15,6,3,93,78,1,1,1,5,AUTOROUTE A104,48.967,2.51215
201500045084,12,1,15,18,1,93,5,1,1,1,7,AUTOROUTE A3,48.9239,2.48068
201500045085,12,1,15,19,2,93,8,1,1,1,5,AUTOROUTE A86,48.8989,2.46927
201500045086,14,1,15,8,1,95,582,1,1,2,2,AUTOROUTE A15,0.0,0.0
201500045087,14,1,15,13,1,95,277,1,1,2,6,AUTOROUTE A104,48.9728,2.4872
201500045088,14,1,15,14,1,93,66,1,1,2,3,AUTOROUTE A86,48.9217,2.36558
201500045089,14,1,15,19,2,93,6,1,1,1,2,AUTOROUTE A3,48.8701,2.4303
201500045090,15,1,15,7,1,95,42,1,1,1,2,RN 104,0.0,0.0
201500045091,15,1,15,16,1,92,36,1,1,2,4,AUTOROUTE A86,0.0,0.0
201500045092,15,1,15,17,3,93,78,1,1,2,3,AUTOROUTE A104,48.9712,2.49814
201500045093,15,1,15,20,3,95,18,1,1,2,2,AUTOROUTE A15,0.0,0.0
201500045094,16,1,15,12,1,95,28,1,1,1,6,RN 104,0.0,0.0
201500045095,16,1,15,13,1,93,48,1,1,1,2,AUTOROUTE A3,48.87,2.43048
201500045096,25,12,15,11,1,95,277,1,1,2,6,AUTOROUTE A1,0.0,0.0
201500045097,16,1,15,17,5,93,66,1,1,1,1,AUTOROUTE A1,48.9148,2.35775
201500045098,17,1,15,17,1,95,572,1,1,1,6,ROUTE NATIONALE 184,0.0,0.0
201500045099,18,1,15,3,3,95,580,1,1,1,2,AUTOROUTE A1,0.0,0.0
201500045100,18,1,15,8,1,95,395,1,1,1,6,RN 104,0.0,0.0
201500045101,17,1,15,20,3,95,678,1,1,1,6,RN 104,0.0,0.0
201500045102,17,1,15,21,3,93,8,1,1,1,6,AUTOROUTE A86,48.8989,2.46927
201500045103,19,1,15,21,3,93,27,1,1,1,2,AUTOROUTE A1,48.9378,2.41322
201500045104,21,1,15,7,1,95,42,1,1,1,2,RN 104,0.0,0.0
201500045105,19,1,15,19,2,93,66,1,9,1,2,AUTOROUTE A1,48.9065,2.35851
201500045106,22,1,15,9,1,95,527,1,1,1,6,AUTOROUTE A1,0.0,0.0
201500045107,20,1,15,18,2,95,18,1,1,1,4,AUTOROUTE A15,0.0,0.0
201500045108,19,1,15,9,1,95,678,1,1,1,6,RN 104,0.0,0.0
201500045109,23,1,15,15,1,93,8,1,1,1,7,AUTOROUTE A86,48.8947,2.47114
201500045110,24,1,15,1,3,93,8,1,1,1,3,AUTOROUTE A86,0.0,0.0
201500045111,24,1,15,2,3,95,582,1,1,1,6,AUTOROUTE A115,0.0,0.0
201500045112,24,1,15,4,3,95,500,1,1,1,3,AUTOROUTE A15,0.0,0.0
201500045113,24,1,15,9,1,95,572,1,1,2,6,AUTOROUTE A15,0.0,0.0
201500045114,24,1,15,13,1,93,5,1,1,1,6,AUTOROUTE A3,48.9516,2.47401
201500045115,24,1,15,19,1,93,53,1,1,1,1,AUTOROUTE A86,48.8893,2.47362
201500045116,23,1,15,20,3,95,582,1,1,1,2,AUTOROUTE A15,0.0,0.0
201500045117,25,1,15,14,1,95,28,1,1,1,3,RN 104,0.0,0.0
201500045118,26,1,15,0,3,95,572,1,1,1,6,ROUTE NATIONALE 184,0.0,0.0
201500045119,25,1,15,22,3,95,60,1,1,1,6,AUTOROUTE A115,0.0,0.0
201500045120,25,1,15,10,1,95,488,1,1,1,6,AUTOROUTE A15,0.0,0.0
201500045121,26,1,15,9,1,93,5,1,1,2,6,AUTOROUTE A3,48.9591,2.47329
201500045122,26,1,15,17,1,95,394,1,1,2,6,AUTOROUTE A115,0.0,0.0
201500045123,27,1,15,19,3,93,10,1,1,1,5,AUTOROUTE A3,48.8939,2.47216
201500045124,27,1,15,19,3,93,64,1,1,1,2,AUTOROUTE A86,48.8709,2.4822
201500045125,25,1,15,3,3,92,36,1,1,1,7,ROUTE NATIONALE 315,0.0,0.0
201500045126,27,1,15,22,3,95,203,1,1,1,6,RD 170,0.0,0.0
201500045127,28,1,15,6,3,60,494,1,1,1,6,AUTOROUTE A1,49.12127,2.55646
201500045128,26,1,15,20,3,93,64,1,1,1,7,AUTOROUTE A103,48.887,2.47664
201500045129,28,1,15,16,1,93,8,1,1,2,3,AUTOROUTE A86,48.8947,2.47114
201500045130,28,1,15,17,1,93,64,1,1,2,7,AUTOROUTE A86,48.8724,2.48069
201500045131,28,1,15,19,4,95,604,1,1,1,2,AUTOROUTE A1,0.0,0.0
201500045132,28,1,15,20,3,95,18,1,1,2,2,AUTOROUTE A15,0.0,0.0
201500045133,29,1,15,14,1,95,252,1,1,2,2,AUTOROUTE A15,0.0,0.0
201500045134,29,1,15,17,1,92,36,1,1,1,7,AUTOROUTE A86,0.0,0.0
201500045135,30,1,15,8,2,93,66,1,1,1,3,AUTOROUTE A1,48.9174,2.35752
201500045136,30,1,15,8,1,93,78,1,1,1,6,AUTOROUTE A104,48.9641,2.52043
201500045137,30,1,15,10,1,95,18,1,1,2,6,AUTOROUTE A15,0.0,0.0
201500045138,30,1,15,16,1,95,394,1,1,1,6,AUTOROUTE A115,0.0,0.0
201500045139,30,1,15,15,1,93,7,1,1,2,2,AUTOROUTE A3,48.9322,2.48099
201500045140,30,1,15,15,1,93,7,1,1,2,6,AUTOROUTE A3,0.0,0.0
201500045141,30,1,15,14,1,93,78,1,1,1,7,AUTOROUTE A104,48.9611,2.52518
201500045142,30,1,15,15,1,93,5,1,1,1,2,AUTOROUTE A3,48.9475,2.47586
201500045143,30,1,15,15,1,93,5,1,1,1,4,AUTOROUTE A3,48.956,2.47308
201500045144,30,1,15,14,1,95,527,1,1,2,7,AUTOROUTE A1,0.0,0.0
201500045145,31,1,15,9,1,92,78,1,1,1,7,AUTOROUTE A86,0.0,0.0
201500045146,1,2,15,3,5,93,66,1,1,1,6,AUTOROUTE A1,48.9119,2.35792
201500045147,1,2,15,5,3,93,78,1,1,2,5,AUTOROUTE A104,48.9671,2.51243
201500045148,1,2,15,10,1,93,66,1,1,1,7,AUTOROUTE A1,48.93,2.3641
201500045149,1,2,15,9,1,95,572,1,1,1,6,AUTOROUTE A15,0.0,0.0
201500045150,1,2,15,17,3,92,36,1,1,2,7,AUTOROUTE A86,0.0,0.0
201500045151,1,2,15,15,1,92,36,1,1,2,6,AUTOROUTE A15,0.0,0.0
201500045152,1,2,15,16,1,95,527,1,1,2,6,AUTOROUTE A1,0.0,0.0
201500045153,1,2,15,22,4,95,394,1,1,2,6,AUTOROUTE A115,0.0,0.0
201500045154,2,2,15,6,3,93,78,1,1,2,4,AUTOROUTE A104,48.9582,2.53141
201500045155,2,2,15,8,1,95,18,1,1,2,3,AUTOROUTE A15,0.0,0.0
201500045156,2,2,15,12,1,92,36,1,1,1,4,AUTOROUTE A15,0.0,0.0
201500045157,2,2,15,13,1,95,42,1,1,1,2,RN 104,0.0,0.0
201500045158,3,2,15,9,1,93,7,1,1,1,1,AUTOROUTE A1,48.9484,2.44515
201500045159,3,2,15,18,3,93,27,1,1,1,3,AUTOROUTE A1,48.9339,2.38666
201500045160,5,2,15,15,1,93,5,1,1,1,2,AUTOROUTE A1,48.9606,2.46797
201500045161,6,2,15,5,3,93,7,1,1,1,6,AUTOROUTE A3,48.9293,2.48119
201500045162,6,2,15,9,1,93,5,1,1,1,3,AUTOROUTE A3,48.9232,2.4806
201500045163,7,2,15,2,3,93,27,1,1,1,1,AUTOROUTE A1,48.9384,2.41496
201500045164,7,2,15,6,3,93,64,1,1,1,2,AUTOROUTE A86,48.8866,2.47381
201500045165,7,2,15,8,1,93,66,1,1,1,7,AUTOROUTE A86,48.922,2.36417
201500045166,7,2,15,17,1,95,252,1,1,1,5,AUTOROUTE A15,0.0,0.0
201500045167,8,2,15,2,3,93,6,1,1,1,7,AUTOROUTE A3,48.8646,2.41233
201500045168,8,2,15,13,1,93,5,1,1,1,2,AUTOROUTE A1,48.9682,2.47951
201500045169,9,2,15,0,3,95,203,1,1,1,6,RD 170,48.9781,2.2905
201500045170,9,2,15,1,4,95,277,1,1,1,6,AUTOROUTE A104,48.9742,2.4891
201500045171,9,2,15,20,4,95,491,1,1,1,6,AUTOROUTE A115,0.0,0.0
201500045172,9,2,15,21,3,95,154,1,1,1,2,AUTOROUTE A1,0.0,0.0
201500045173,9,2,15,21,3,95,154,1,1,1,3,AUTOROUTE A1,0.0,0.0
201500045174,10,2,15,10,1,95,252,1,1,1,7,AUTOROUTE A115,0.0,0.0
201500045175,11,2,15,5,3,92,36,1,1,1,5,AUTOROUTE A15,0.0,0.0
201500045176,10,2,15,18,5,93,8,1,1,1,6,AUTOROUTE A86,48.8989,2.46927
201500045177,11,2,15,18,3,93,10,1,1,1,7,AUTOROUTE A3,48.8664,2.424
201500045178,25,1,15,5,3,95,28,1,1,1,6,RN 104,0.0,0.0
201500045179,12,2,15,23,3,93,78,1,1,1,5,AUTOROUTE A104,48.9582,2.5322
201500045180,12,2,15,10,1,95,256,1,1,1,7,AUTOROUTE A115,0.0,0.0
201500045181,12,2,15,11,1,95,394,1,1,5,2,ROUTE NATIONALE 184,0.0,0.0
201500045182,12,2,15,6,3,93,27,1,1,9,6,AUTOROUTE A86,48.9256,2.39692
201500045183,14,2,15,2,5,93,8,1,1,2,7,AUTOROUTE A86,0.0,0.0
201500045184,14,2,15,14,1,95,488,1,1,8,7,AUTOROUTE A15,0.0,0.0
201500045185,14,2,15,14,1,93,5,1,1,2,2,AUTOROUTE A3,48.9546,2.47344
201500045186,14,2,15,13,1,95,18,1,1,2,6,A 9015 2,0.0,0.0
201500045187,14,2,15,14,1,92,78,1,1,1,4,AUTOROUTE A86,0.0,0.0
201500045188,14,2,15,15,1,93,53,1,1,2,5,AUTOROUTE A86,48.8875,2.47427
201500045189,14,2,15,20,3,93,66,1,1,1,2,AUTOROUTE A1,48.9332,2.37646
201500045190,15,2,15,1,3,93,27,1,1,2,5,AUTOROUTE A86,0.0,0.0
201500045191,15,2,15,17,2,95,252,1,1,1,4,AUTOROUTE A15,0.0,0.0
201500045192,16,2,15,16,1,93,27,1,1,1,7,AUTOROUTE A86,48.9266,2.40337
201500045193,17,2,15,14,1,93,66,1,1,1,1,AUTOROUTE A86,48.9217,2.36558
201500045194,17,2,15,14,1,95,582,1,1,1,3,BD INTERCOMMUNAL PARISIS,0.0,0.0
201500045195,15,2,15,3,3,93,27,1,1,1,6,AUTOROUTE A86,48.9223,2.37911
201500045196,27,12,15,11,1,95,28,1,1,2,7,RN 104,0.0,0.0
201500045197,18,2,15,14,1,95,527,1,1,1,2,AUTOROUTE A1,0.0,0.0
201500045198,15,2,15,3,4,93,27,1,1,1,6,AUTOROUTE A86,48.9278,2.41018
201500045199,19,2,15,21,3,95,527,1,1,1,3,AUTOROUTE A1,0.0,0.0
201500045200,20,2,15,6,3,93,27,1,1,2,7,AUTOROUTE A86,48.9279,2.40993
201500045201,20,2,15,11,1,93,48,1,1,2,4,AUTOROUTE A3,48.872,2.43323
201500045202,20,2,15,12,1,93,64,1,1,2,6,AUTOROUTE A86,48.8709,2.4822
201500045203,20,2,15,16,1,95,365,1,1,1,4,RN 104,0.0,0.0
201500045204,20,2,15,17,1,95,527,1,1,3,6,AUTOROUTE A1,0.0,0.0
201500045205,20,2,15,16,1,93,64,1,1,2,6,AUTOROUTE A86,48.8756,2.47833
201500045206,20,2,15,20,3,93,63,1,1,1,2,AUTOROUTE A3,48.8804,2.45136
201500045207,20,2,15,19,3,95,154,1,1,2,4,AUTOROUTE A1,0.0,0.0
201500045208,21,2,15,6,3,93,48,1,1,1,6,AUTOROUTE A86,0.0,0.0
201500045209,21,2,15,6,4,60,631,1,1,1,7,AUTOROUTE A1,49.15252,2.58593
201500045210,21,2,15,13,1,93,78,1,1,1,2,AUTOROUTE A104,48.9646,2.51938
201500045211,21,2,15,17,1,95,607,1,1,2,6,AUTOROUTE A115,0.0,0.0
201500045212,21,2,15,18,2,95,394,1,1,1,6,AUTOROUTE A115,0.0,0.0
201500045213,21,2,15,4,3,93,64,1,1,9,2,AUTOROUTE A86,0.0,0.0
201500045214,21,2,15,3,3,93,66,1,1,1,7,AUTOROUTE A1,48.9019,2.3589
201500045215,20,2,15,21,1,93,5,1,1,1,6,AUTOROUTE A3,48.9472,2.47579
201500045216,20,2,15,23,3,95,365,1,1,1,6,RN 104,0.0,0.0
201500045217,21,2,15,16,1,93,27,1,1,2,1,AUTOROUTE A86,0.0,0.0
201500045218,22,2,15,7,3,95,256,1,1,1,6,ROUTE NATIONALE 184,0.0,0.0
201500045219,21,2,15,17,1,95,678,1,1,1,6,ROUTE NATIONALE 184,0.0,0.0
201500045220,22,2,15,7,3,93,78,1,1,1,5,AUTOROUTE A104,48.9717,2.49737
201500045221,23,2,15,6,1,93,8,1,1,1,3,AUTOROUTE A86,48.9058,2.46302
201500045222,23,2,15,7,2,93,29,1,1,2,3,AUTOROUTE A86,48.9265,2.4212
201500045223,23,2,15,7,5,93,8,1,1,1,6,AUTOROUTE A86,48.9158,2.42996
201500045224,23,2,15,10,1,95,18,1,1,1,2,AUTOROUTE A15,0.0,0.0
201500045225,23,2,15,11,1,95,675,1,1,1,4,AUTOROUTE A1,0.0,0.0
201500045226,23,2,15,20,3,95,18,1,1,1,2,AUTOROUTE A15,0.0,0.0
201500045227,24,2,15,17,1,92,36,1,1,2,2,AUTOROUTE A15,0.0,0.0
201500045228,24,2,15,20,3,93,78,1,1,1,2,AUTOROUTE A104,48.959,2.53602
201500045229,24,2,15,11,1,95,527,1,1,1,4,AUTOROUTE A1,0.0,0.0
201500045230,25,2,15,4,3,93,5,1,1,1,5,AUTOROUTE A3,48.9639,2.47479
201500045231,24,2,15,9,1,93,5,1,1,1,6,AUTOROUTE A3,48.956,2.47308
201500045232,18,2,15,7,2,93,66,1,1,1,6,AUTOROUTE A1,48.9336,2.37965
201500045233,24,2,15,12,1,95,277,1,1,8,6,AUTOROUTE A1,0.0,0.0
201500045234,18,2,15,9,1,93,78,1,1,1,5,AUTOROUTE A104,48.9683,2.50791
201500045235,25,2,15,20,3,93,13,1,1,2,5,AUTOROUTE A1,48.9388,2.41706
201500045236,26,2,15,11,1,95,154,1,1,2,6,AUTOROUTE A1,0.0,0.0
201500045237,26,2,15,22,3,95,527,1,1,2,6,AUTOROUTE A1,0.0,0.0
201500045238,27,2,15,0,3,92,36,1,1,2,7,AUTOROUTE A86,0.0,0.0
201500045239,27,2,15,5,3,93,6,1,1,1,2,AUTOROUTE A3,48.8678,2.42772
201500045240,27,2,15,8,1,93,78,1,1,1,2,AUTOROUTE A104,48.9717,2.49737
201500045241,27,2,15,18,2,95,306,1,1,1,7,AUTOROUTE A15,0.0,0.0
201500045242,27,2,15,17,1,93,78,1,1,1,4,AUTOROUTE A104,48.9613,2.54373
201500045243,27,2,15,19,1,95,277,1,1,1,2,AUTOROUTE A104,48.9732,2.4897
201500045244,27,2,15,22,3,93,66,1,1,1,5,AUTOROUTE A1,48.9326,2.3744
201500045245,28,2,15,0,4,95,218,1,1,1,6,AUTOROUTE A15,0.0,0.0
201500045246,28,2,15,0,5,93,8,1,1,1,2,AUTOROUTE A86,48.9075,2.45389
201500045247,25,2,15,9,1,95,582,1,1,2,2,AUTOROUTE A15,0.0,0.0
201500045248,28,2,15,14,1,93,66,1,1,1,2,AUTOROUTE A1,48.9025,2.35886
201500045249,1,3,15,0,3,95,394,1,1,2,6,AUTOROUTE A115,0.0,0.0
201500045250,28,2,15,19,3,93,10,1,1,1,4,AUTOROUTE A3,48.8895,2.47391
201500045251,31,1,15,5,3,93,64,1,1,2,2,AUTOROUTE A86,48.8892,2.47413
201500045252,2,3,15,18,5,93,66,1,1,1,5,AUTOROUTE A1,48.9157,2.35765
201500045253,2,3,15,6,3,95,582,1,1,1,3,AUTOROUTE A115,0.0,0.0
201500045254,3,3,15,6,3,95,277,1,1,1,4,AUTOROUTE A1,0.0,0.0
201500045255,3,3,15,17,1,92,36,1,1,2,2,AUTOROUTE A15,0.0,0.0
201500045256,5,3,15,19,3,93,5,1,1,1,7,AUTOROUTE A3,48.9463,2.47621
201500045257,6,3,15,8,1,93,66,1,1,1,4,AUTOROUTE A86,48.8885,2.47433
201500045258,6,3,15,9,1,95,572,1,1,1,4,AUTOROUTE A15,0.0,0.0
201500045259,6,3,15,11,1,95,527,1,1,1,2,AUTOROUTE A1,0.0,0.0
201500045260,6,3,15,17,1,95,18,1,1,1,3,AUTOROUTE A15,0.0,0.0
201500045261,6,3,15,15,1,93,27,1,1,1,4,AUTOROUTE A86,48.9256,2.39692
201500045262,6,3,15,16,1,93,53,1,1,1,6,AUTOROUTE A3,48.893,2.47265
201500045263,5,3,15,9,1,95,252,1,1,1,3,AUTOROUTE A115,0.0,0.0
201500045264,13,2,15,19,2,95,42,1,1,2,2,RN 104,0.0,0.0
201500045265,5,3,15,9,1,93,29,1,1,1,4,AUTOROUTE A86,0.0,0.0
201500045266,4,3,15,12,1,93,53,1,1,4,2,AUTOROUTE A3,48.8835,2.45873
201500045267,8,3,15,16,1,95,582,1,1,1,2,AUTOROUTE A15,0.0,0.0
201500045268,5,3,15,11,1,92,36,1,1,1,2,AUTOROUTE A15,0.0,0.0
201500045269,8,3,15,5,3,93,13,1,1,1,2,AUTOROUTE A1,48.9388,2.41706
201500045270,9,3,15,17,1,95,678,1,1,1,4,ROUTE NATIONALE 184,0.0,0.0
201500045271,9,3,15,15,1,93,6,1,1,1,5,AUTOROUTE A3,48.8669,2.42545
201500045272,10,3,15,8,1,95,42,1,1,2,6,RN 104,0.0,0.0
201500045273,10,3,15,18,2,92,36,1,1,1,1,AUTOROUTE A86,0.0,0.0
201500045274,10,3,15,17,1,93,66,1,1,1,2,AUTOROUTE A1,48.9334,2.37778
201500045275,10,3,15,19,4,93,63,1,1,1,3,AUTOROUTE A3,48.8785,2.44717
201500045276,11,3,15,9,1,93,66,1,1,1,5,AUTOROUTE A1,48.9256,2.35703
201500045277,11,3,15,16,1,93,8,1,1,1,7,AUTOROUTE A86,48.8939,2.47179
201500045278,12,3,15,16,1,92,36,1,1,1,7,AUTOROUTE A86,0.0,0.0
201500045279,12,3,15,22,3,93,63,1,1,1,3,AUTOROUTE A3,48.8742,2.43816
201500045280,13,3,15,7,1,93,5,1,1,1,1,AUTOROUTE A3,48.9257,2.48122
201500045281,13,3,15,8,1,95,582,1,1,1,5,AUTOROUTE A15,0.0,0.0
201500045282,13,3,15,16,1,93,64,1,1,1,3,AUTOROUTE A86,0.0,0.0
201500045283,13,3,15,18,1,93,10,1,1,1,2,AUTOROUTE A3,48.9069,2.47255
201500045284,15,3,15,6,2,93,8,1,1,1,2,AUTOROUTE A86,0.0,0.0
201500045285,15,3,15,5,3,93,5,1,1,1,4,AUTOROUTE A3,48.9239,2.48068
201500045286,16,3,15,8,1,95,582,1,1,1,3,AUTOROUTE A15,0.0,0.0
201500045287,16,3,15,9,1,93,53,1,1,1,4,AUTOROUTE A103,48.9079,2.35844
201500045288,16,3,15,14,1,92,36,1,1,1,7,AUTOROUTE A86,0.0,0.0
201500045289,16,3,15,23,3,93,27,1,1,1,7,AUTOROUTE A86,0.0,0.0
201500045290,17,3,15,6,4,93,78,1,1,1,3,AUTOROUTE A104,48.971,2.49979
201500045291,18,3,15,9,1,93,6,1,1,1,2,AUTOROUTE A3,48.8658,2.41719
201500045292,18,3,15,13,1,93,27,1,1,1,6,AUTOROUTE A1,48.9345,2.39758
201500045293,18,3,15,15,1,93,39,1,1,1,3,AUTOROUTE A86,48.9269,2.33609
201500045294,19,3,15,22,3,93,64,1,1,1,2,AUTOROUTE A86,0.0,0.0
201500045295,3,3,15,12,1,95,218,1,1,1,6,AUTOROUTE A15,0.0,0.0
201500045296,18,3,15,15,1,93,48,1,1,1,2,AUTOROUTE A86,0.0,0.0
201500045297,18,3,15,14,1,93,7,1,1,1,3,AUTOROUTE A3,48.9292,2.4812
201500045298,20,3,15,14,1,93,5,1,1,1,4,AUTOROUTE A3,48.9537,2.47364
201500045299,20,3,15,11,1,93,66,1,1,1,3,AUTOROUTE A1,48.9332,2.37699
201500045300,21,3,15,10,1,93,13,1,1,1,5,AUTOROUTE A1,48.9387,2.41625
201500045301,20,3,15,17,1,95,18,1,1,1,4,AUTOROUTE A15,0.0,0.0
201500045302,20,3,15,14,1,95,256,1,1,1,3,ROUTE NATIONALE 184,0.0,0.0
201500045303,21,3,15,20,4,93,48,1,1,1,6,AUTOROUTE A3,48.8731,2.43592
201500045304,22,3,15,6,1,95,28,1,1,1,2,RN 104,0.0,0.0
201500045305,23,3,15,19,1,93,6,1,1,1,2,AUTOROUTE A3,48.8668,2.42545
201500045306,24,3,15,22,3,93,66,1,1,2,6,AUTOROUTE A86,48.8972,2.46951
201500045307,25,3,15,9,1,95,394,1,1,1,6,AUTOROUTE A115,0.0,0.0
201500045308,24,3,15,14,1,93,5,1,1,1,6,AUTOROUTE A3,48.9179,2.4785
201500045309,24,3,15,18,1,93,8,1,1,1,4,AUTOROUTE A86,0.0,0.0
201500045310,26,3,15,16,1,95,18,1,1,2,2,AUTOROUTE A15,0.0,0.0
201500045311,27,3,15,13,1,93,29,1,1,1,1,AUTOROUTE A86,0.0,0.0
201500045312,26,3,15,20,3,95,60,1,1,1,7,AUTOROUTE A115,0.0,0.0
201500045313,27,3,15,20,5,95,607,1,1,1,2,AUTOROUTE A115,0.0,0.0
201500045314,27,3,15,13,1,93,66,1,1,1,4,AUTOROUTE A1,48.9183,2.35745
201500045315,27,3,15,15,1,93,66,1,1,1,2,AUTOROUTE A1,48.9096,2.3581
201500045316,28,3,15,10,1,95,277,1,1,2,6,AUTOROUTE A104,48.9735,2.4859
201500045317,28,3,15,11,1,92,78,1,1,2,6,AUTOROUTE A86,0.0,0.0
201500045318,28,3,15,11,1,93,27,1,1,2,6,AUTOROUTE A86,0.0,0.0
201500045319,28,3,15,23,5,93,66,1,1,1,3,AUTOROUTE A1,48.9139,2.35799
201500045320,29,3,15,13,1,92,78,1,1,1,3,AUTOROUTE A86,0.0,0.0
201500045321,29,3,15,14,1,95,682,1,1,1,6,RN 104,0.0,0.0
201500045322,29,3,15,17,1,95,394,1,1,2,6,AUTOROUTE A115,0.0,0.0
201500045323,29,3,15,13,1,95,582,1,1,2,3,AUTOROUTE A15,0.0,0.0
201500045324,29,3,15,21,3,95,572,1,1,3,6,ROUTE NATIONALE 184,0.0,0.0
201500045325,29,3,15,20,5,92,78,1,1,2,6,AUTOROUTE A86,0.0,0.0
201500045326,29,3,15,23,3,93,27,1,1,2,7,AUTOROUTE A86,0.0,0.0
201500045327,30,3,15,5,3,92,36,1,1,2,6,AUTOROUTE A86,0.0,0.0
201500045328,30,3,15,10,1,95,176,1,1,1,3,AUTOROUTE A15,0.0,0.0
201500045329,30,3,15,15,1,93,53,1,1,1,6,AUTOROUTE A103,48.9025,2.35886
201500045330,30,3,15,20,3,95,18,1,1,1,6,AUTOROUTE A15,0.0,0.0
201500045331,31,3,15,18,1,93,8,1,1,1,2,AUTOROUTE A86,48.9268,2.33663
201500045332,25,2,15,13,1,95,28,1,1,1,6,RN 104,0.0,0.0
201500045333,1,4,15,19,2,93,66,1,1,1,5,AUTOROUTE A1,48.9148,2.35775
201500045334,1,4,15,17,1,93,10,1,1,1,3,AUTOROUTE A3,48.9057,2.47211
201500045335,2,4,15,13,1,93,27,1,1,1,6,AUTOROUTE A1,48.9381,2.41367
201500045336,2,4,15,14,1,95,582,1,1,2,3,AUTOROUTE A15,0.0,0.0