Num_Acc,jour,mois,an,hr,condition_eclairage,departement,commune,condition_agglomeration,intersection,condition_atmosphere,type_collision,adresse,lattitude,longitude
201500045337,2,4,15,16,1,93,27,1,1,2,6,AUTOROUTE A86,48.9257,2.39669
201500045338,3,4,15,7,2,95,151,1,1,2,6,RN 104,0.0,0.0
201500045339,3,4,15,12,1,95,151,1,1,1,6,RN 104,0.0,0.0
201500045340,3,4,15,15,1,93,64,1,1,2,3,AUTOROUTE A86,0.0,0.0
201500045341,3,4,15,18,1,95,28,1,1,3,2,RN 104,0.0,0.0
201500045342,3,4,15,18,1,93,53,1,1,2,4,AUTOROUTE A3,0.0,0.0
201500045343,3,4,15,17,1,93,8,1,1,2,4,AUTOROUTE A86,48.9005,2.46998
201500045344,3,4,15,18,1,93,53,1,1,3,2,AUTOROUTE A3,48.8922,2.47299
201500045345,3,4,15,17,1,93,66,1,1,2,6,AUTOROUTE A1,48.9338,2.38236
201500045346,3,4,15,23,3,95,277,1,1,2,6,AUTOROUTE A104,0.0,0.0
201500045347,4,4,15,5,3,95,212,1,1,2,7,RN 104,0.0,0.0
201500045348,5,4,15,14,1,93,66,1,1,1,4,AUTOROUTE A1,48.9193,2.35757
201500045349,6,4,15,0,3,93,53,1,1,1,2,AUTOROUTE A3,48.8815,2.45406
201500045350,6,4,15,0,5,93,66,1,1,1,5,AUTOROUTE A1,48.9103,2.35806
201500045351,7,4,15,9,1,93,78,1,1,1,2,AUTOROUTE A104,48.9582,2.53141
201500045352,7,4,15,9,1,93,63,1,1,1,3,AUTOROUTE A3,48.8785,2.44671
201500045353,7,4,15,17,1,93,64,1,1,1,2,AUTOROUTE A86,0.0,0.0
201500045354,7,4,15,18,1,93,5,1,1,1,3,AUTOROUTE A3,48.9613,2.47372
201500045355,8,4,15,15,1,95,582,1,1,1,6,BD INTERCOMMUNAL PARISIS,48.9623,2.2636
201500045356,8,4,15,13,1,95,256,1,1,1,3,ROUTE NATIONALE 184,0.0,0.0
201500045357,8,4,15,15,1,95,678,1,1,1,4,ROUTE NATIONALE 184,0.0,0.0
201500045358,9,4,15,6,2,95,641,1,1,1,2,AUTOROUTE A1,0.0,0.0
201500045359,9,4,15,6,3,92,36,1,1,1,2,AUTOROUTE A86,0.0,0.0
201500045360,9,4,15,15,1,92,36,1,1,1,4,AUTOROUTE A15,0.0,0.0
201500045361,10,4,15,15,1,93,1,1,1,1,2,AUTOROUTE A86,48.9217,2.37721
201500045362,10,4,15,16,1,93,5,1,1,1,6,AUTOROUTE A3,48.9613,2.47372
201500045363,10,4,15,17,1,93,64,1,1,1,3,AUTOROUTE A3,48.8845,2.4709
201500045364,11,4,15,6,3,95,277,1,1,2,6,AUTOROUTE A1,0.0,0.0
201500045365,13,4,15,1,3,95,365,1,1,1,6,RN 104,0.0,0.0
201500045366,12,4,15,17,1,95,18,1,1,1,6,AUTOROUTE A15,0.0,0.0
201500045367,12,4,15,19,1,93,10,1,1,1,5,AUTOROUTE A3,48.9069,2.47255
201500045368,14,4,15,18,1,93,66,1,1,1,2,AUTOROUTE A1,48.9148,2.35792
201500045369,15,4,15,18,1,93,27,1,1,1,4,AUTOROUTE A86,48.8788,2.47652
201500045370,15,4,15,18,1,93,78,1,1,1,4,AUTOROUTE A104,48.9626,2.54821
201500045371,14,4,15,18,1,95,572,1,1,1,2,AUTOROUTE A15,0.0,0.0
201500045372,16,4,15,17,1,93,8,1,1,1,3,AUTOROUTE A86,48.9126,2.43728
201500045373,16,4,15,8,1,93,10,1,1,1,4,AUTOROUTE A3,48.8978,2.46962
201500045374,14,4,15,11,1,93,1,1,1,1,5,AUTOROUTE A86,48.921,2.37188
201500045375,14,4,15,12,1,93,66,1,1,1,2,AUTOROUTE A1,48.9193,2.35757
201500045376,17,4,15,14,1,95,678,1,1,1,6,ROUTE NATIONALE 184,0.0,0.0
201500045377,18,4,15,2,3,93,13,1,1,1,2,AUTOROUTE A1,48.9388,2.41706
201500045378,18,4,15,12,1,92,36,1,1,1,2,AUTOROUTE A15,0.0,0.0
201500045379,18,4,15,14,1,93,48,1,1,1,2,AUTOROUTE A3,48.8713,2.43223
201500045380,14,4,15,10,1,93,66,1,1,1,2,AUTOROUTE A1,48.9103,2.35824
201500045381,18,4,15,22,3,95,394,1,1,1,7,AUTOROUTE A115,0.0,0.0
201500045382,19,4,15,3,3,95,252,1,1,1,7,AUTOROUTE A15,0.0,0.0
201500045383,18,4,15,15,1,95,563,1,1,1,6,AUTOROUTE A115,0.0,0.0
201500045384,19,4,15,12,1,93,66,1,1,1,4,AUTOROUTE A1,48.9193,2.35757
201500045385,19,4,15,19,1,95,241,1,1,1,7,RN 104,0.0,0.0
201500045386,19,4,15,16,1,95,491,1,1,1,3,AUTOROUTE A115,0.0,0.0
201500045387,18,4,15,12,1,93,5,1,1,1,4,AUTOROUTE A3,48.9432,2.47795
201500045388,18,4,15,8,1,95,675,1,1,1,4,AUTOROUTE A1,0.0,0.0
201500045389,21,4,15,11,1,93,53,1,1,1,3,AUTOROUTE A3,48.8913,2.47329
201500045390,22,4,15,17,1,93,13,1,1,1,6,AUTOROUTE A1,48.9387,2.41625
201500045391,22,4,15,23,3,93,63,1,1,1,2,AUTOROUTE A3,48.8785,2.44717
201500045392,20,4,15,13,1,60,631,1,1,1,6,AUTOROUTE A1,49.15252,2.58593
201500045393,24,4,15,11,1,93,29,1,1,1,6,AUTOROUTE A86,0.0,0.0
201500045394,24,4,15,18,1,93,64,1,1,1,3,AUTOROUTE A86,48.8707,2.48247
201500045395,24,4,15,18,1,95,154,1,1,1,2,AUTOROUTE A1,0.0,0.0
201500045396,24,4,15,20,1,93,7,1,1,1,2,AUTOROUTE A1,0.0,0.0
201500045397,25,4,15,18,1,95,256,1,1,1,6,ROUTE NATIONALE 184,0.0,0.0
201500045398,25,4,15,15,1,95,572,1,1,1,6,ROUTE NATIONALE 184,0.0,0.0
201500045399,26,4,15,19,1,95,277,1,1,2,6,AUTOROUTE A104,48.9735,2.4859
201500045400,27,4,15,0,3,95,306,1,1,1,4,AUTOROUTE A15,0.0,0.0
201500045401,26,4,15,19,1,95,256,1,1,2,6,ROUTE NATIONALE 184,0.0,0.0
201500045402,26,4,15,21,5,95,277,1,1,2,6,RD 170B6,48.9738,2.4852
201500045403,26,4,15,19,1,95,527,1,1,2,6,AUTOROUTE A1,0.0,0.0
201500045404,27,4,15,15,1,60,138,1,1,1,3,AUTOROUTE A1,49.21927,2.634
201500045405,27,4,15,15,1,93,5,1,1,1,3,AUTOROUTE A104,48.9717,2.49629
201500045406,28,4,15,9,1,93,66,1,1,1,2,AUTOROUTE A1,48.9317,2.37003
201500045407,28,4,15,8,1,93,66,1,1,1,3,AUTOROUTE A1,48.9061,2.35836
201500045408,28,4,15,17,1,93,29,1,1,1,2,AUTOROUTE A86,48.918,2.42893
201500045409,28,4,15,17,1,95,572,1,1,1,4,AUTOROUTE A15,0.0,0.0
201500045410,28,4,15,19,1,95,351,1,1,1,3,RN 104,0.0,0.0
201500045411,29,4,15,8,1,93,8,1,1,1,2,AUTOROUTE A86,48.8937,2.47243
201500045412,29,4,15,10,1,93,66,1,1,1,3,AUTOROUTE A86,48.8955,2.47053
201500045413,30,4,15,9,1,92,36,1,1,2,7,AUTOROUTE A86,0.0,0.0
201500045414,30,4,15,17,1,95,277,1,1,3,6,AUTOROUTE A104,0.0,0.0
201500045415,30,3,15,18,1,93,10,1,1,3,7,AUTOROUTE A3,48.8978,2.46962
201500045416,1,5,15,0,3,95,28,1,1,2,7,RN 104,0.0,0.0
201500045417,30,4,15,20,1,93,1,1,1,3,2,AUTOROUTE A86,48.8839,2.46943
201500045418,30,4,15,20,1,95,527,1,1,3,6,AUTOROUTE A1,0.0,0.0
201500045419,1,5,15,6,1,95,527,1,1,2,6,AUTOROUTE A3,0.0,0.0
201500045420,1,5,15,10,1,95,277,1,1,3,6,AUTOROUTE A104,0.0,0.0
201500045421,1,5,15,16,1,93,53,1,1,2,6,AUTOROUTE A103,48.9043,2.3587
201500045422,1,5,15,12,1,93,27,1,1,2,6,AUTOROUTE A86,48.8707,2.48247
201500045423,1,5,15,13,1,93,64,1,1,2,7,AUTOROUTE A103,0.0,0.0
201500045424,1,5,15,12,1,93,27,1,1,2,6,AUTOROUTE A86,48.8707,2.48247
201500045425,1,5,15,10,1,95,365,1,1,2,6,RN 104,0.0,0.0
201500045426,1,5,15,13,1,93,5,1,1,2,6,AUTOROUTE A1,48.9607,2.46789
201500045427,1,5,15,20,1,92,36,1,1,1,2,AUTOROUTE A15,0.0,0.0
201500045428,2,5,15,23,3,95,252,1,1,2,2,AUTOROUTE A15,0.0,0.0
201500045429,3,5,15,0,4,93,64,1,1,2,7,AUTOROUTE A86,0.0,0.0
201500045430,3,5,15,3,3,93,8,1,1,2,7,AUTOROUTE A86,0.0,0.0
201500045431,2,5,15,20,1,95,277,1,1,3,6,AUTOROUTE A1,0.0,0.0
201500045432,3,5,15,6,2,95,527,1,1,3,6,AUTOROUTE A1,0.0,0.0
201500045433,2,5,15,19,1,95,256,1,1,1,6,ROUTE NATIONALE 184,0.0,0.0
201500045434,3,5,15,7,1,93,66,1,1,2,6,AUTOROUTE A1,48.9238,2.35723
201500045435,3,5,15,6,3,92,36,1,1,2,7,AUTOROUTE A15,0.0,0.0
201500045436,2,5,15,20,1,95,18,1,1,2,6,AUTOROUTE A15,0.0,0.0
201500045437,1,5,15,14,1,95,394,1,1,2,2,AUTOROUTE A115,0.0,0.0
201500045438,3,5,15,14,1,93,27,1,1,2,6,AUTOROUTE A86,48.8788,2.47652
201500045439,3,5,15,15,1,95,394,1,1,2,6,AUTOROUTE A115,0.0,0.0
201500045440,20,9,15,7,2,93,5,1,1,1,7,AUTOROUTE A3,0.0,0.0
201500045441,3,5,15,14,1,93,78,1,1,2,2,AUTOROUTE A104,48.9651,2.51829
201500045442,3,5,15,15,1,93,53,1,1,2,7,AUTOROUTE A3,48.883,2.45754
201500045443,3,5,15,17,1,93,64,1,1,1,2,AUTOROUTE A86,0.0,0.0
201500045444,3,5,15,18,1,93,1,1,1,1,6,AUTOROUTE A86,48.8832,2.47013
201500045445,4,5,15,4,3,95,241,1,1,1,2,RN 104,0.0,0.0
201500045446,2,5,15,18,1,95,582,1,1,2,5,AUTOROUTE A15,0.0,0.0
201500045447,2,5,15,20,2,93,53,1,1,2,6,AUTOROUTE A103,48.9061,2.35855
201500045448,3,5,15,12,1,93,8,1,1,2,6,AUTOROUTE A86,48.8939,2.47179
201500045449,3,5,15,11,1,93,78,1,1,2,6,AUTOROUTE A104,48.9628,2.52229
201500045450,4,5,15,10,1,93,5,1,1,1,2,AUTOROUTE A3,48.9385,2.4799
201500045451,4,5,15,20,1,93,27,1,1,2,7,AUTOROUTE A86,0.0,0.0
201500045452,5,5,15,2,3,93,64,1,1,1,6,AUTOROUTE A86,0.0,0.0
201500045453,5,5,15,7,2,93,53,1,1,1,7,AUTOROUTE A103,48.9088,2.35836
201500045454,5,5,15,6,3,95,42,1,1,2,7,RN 104,0.0,0.0
201500045455,5,5,15,12,1,92,36,1,1,1,4,AUTOROUTE A86,0.0,0.0
201500045456,3,5,15,3,3,93,27,1,1,1,6,AUTOROUTE A86,48.8789,2.47622
201500045457,5,5,15,16,1,93,66,1,1,1,4,AUTOROUTE A1,48.9281,2.35794
201500045458,6,5,15,22,3,93,10,1,1,1,2,AUTOROUTE A3,48.8895,2.47391
201500045459,6,5,15,19,1,93,66,1,1,1,6,AUTOROUTE A86,48.9223,2.35873
201500045460,7,5,15,10,1,93,66,1,1,1,2,AUTOROUTE A86,48.886,2.47273
201500045461,7,5,15,14,1,93,53,1,1,1,4,AUTOROUTE A86,48.8893,2.47362
201500045462,8,5,15,1,3,95,18,1,1,1,6,AUTOROUTE A15,0.0,0.0
201500045463,10,5,15,6,1,60,612,1,1,1,6,AUTOROUTE A1,49.19349,2.60348
201500045464,10,5,15,6,5,93,66,1,1,1,6,AUTOROUTE A1,48.9157,2.35783
201500045465,10,5,15,13,1,95,394,1,1,1,3,ROUTE NATIONALE 184,0.0,0.0
201500045466,10,5,15,17,1,95,527,1,1,1,2,AUTOROUTE A1,0.0,0.0
201500045467,10,5,15,20,1,60,631,1,1,1,7,AUTOROUTE A1,49.15252,2.58593
201500045468,11,5,15,6,1,93,78,1,1,1,3,AUTOROUTE A104,48.9699,2.50339
201500045469,9,5,15,18,1,93,8,1,1,1,6,AUTOROUTE A86,0.0,0.0
201500045470,11,5,15,11,1,95,277,1,1,1,6,AUTOROUTE A104,48.9731,2.4853
201500045471,5,5,15,15,1,95,306,1,1,1,2,AUTOROUTE A15,0.0,0.0
201500045472,12,5,15,8,1,93,27,1,1,1,3,AUTOROUTE A1,48.9345,2.39693
201500045473,12,5,15,15,1,93,64,1,1,1,6,AUTOROUTE A86,48.8839,2.46943
201500045474,13,5,15,17,1,93,6,1,1,1,3,AUTOROUTE A3,48.866,2.41584
201500045475,13,5,15,15,1,92,36,1,1,1,7,AUTOROUTE A86,0.0,0.0
201500045476,14,5,15,20,1,93,6,1,1,1,7,AUTOROUTE A3,48.8643,2.41359
201500045477,15,5,15,17,1,60,631,1,1,1,6,AUTOROUTE A1,49.15252,2.58593
201500045478,15,5,15,21,3,93,10,1,1,1,5,AUTOROUTE A3,48.8895,2.47391
201500045479,16,5,15,15,1,95,365,1,1,1,6,RN 104,0.0,0.0
201500045480,16,5,15,15,1,95,306,1,1,1,7,AUTOROUTE A15,0.0,0.0
201500045481,16,5,15,16,1,92,36,1,1,1,5,AUTOROUTE A15,0.0,0.0
201500045482,16,5,15,17,1,95,212,1,1,1,2,AUTOROUTE A1,0.0,0.0
201500045483,16,5,15,18,1,95,212,1,1,1,2,AUTOROUTE A1,0.0,0.0
201500045484,15,5,15,0,3,93,78,1,1,2,3,AUTOROUTE A104,48.9622,2.52323
201500045485,17,5,15,17,1,93,66,1,1,1,2,AUTOROUTE A1,48.9339,2.3834
201500045486,18,5,15,10,1,93,10,1,1,1,3,AUTOROUTE A3,48.8969,2.46977
201500045487,18,5,15,13,1,93,10,1,1,1,5,AUTOROUTE A3,48.8897,2.47384
201500045488,19,5,15,8,1,93,53,1,1,1,4,AUTOROUTE A3,48.8913,2.47329
201500045489,20,5,15,9,1,93,66,1,1,1,1,AUTOROUTE A86,48.9219,2.36552
201500045490,20,5,15,13,1,93,53,1,1,2,5,AUTOROUTE A3,48.8835,2.45873
201500045491,21,5,15,19,1,93,53,1,1,1,3,AUTOROUTE A3,48.8839,2.4664
201500045492,22,5,15,13,1,92,78,1,1,1,3,AUTOROUTE A86,0.0,0.0
201500045493,22,5,15,18,1,93,66,1,1,1,4,AUTOROUTE A86,48.8867,2.47349
201500045494,21,5,15,23,3,93,7,1,1,1,3,AUTOROUTE A1,48.9538,2.45521
201500045495,23,5,15,10,1,93,5,1,1,1,2,AUTOROUTE A3,48.9475,2.47586
201500045496,23,5,15,20,1,92,36,1,1,1,2,AUTOROUTE A15,0.0,0.0
201500045497,26,5,15,8,1,93,7,1,1,1,2,AUTOROUTE A1,48.9509,2.45012
201500045498,26,5,15,8,1,93,66,1,1,1,3,AUTOROUTE A1,48.919,2.35742
201500045499,26,5,15,15,1,93,66,1,1,1,4,AUTOROUTE A1,48.9193,2.35757
201500045500,28,5,15,7,1,93,66,1,1,1,4,AUTOROUTE A1,48.9338,2.38044
201500045501,28,5,15,15,1,93,5,1,1,1,2,AUTOROUTE A3,48.9286,2.48147
201500045502,28,5,15,17,1,93,48,1,1,1,5,AUTOROUTE A1086,0.0,0.0
201500045503,28,5,15,20,1,92,78,1,1,1,6,AUTOROUTE A86,0.0,0.0
201500045504,29,5,15,1,3,93,5,1,1,1,7,AUTOROUTE A3,48.9519,2.47409
201500045505,29,5,15,22,5,93,66,1,1,1,2,AUTOROUTE A1,48.9103,2.35824
201500045506,30,5,15,7,1,93,5,1,1,1,7,AUTOROUTE A3,48.9475,2.47586
201500045507,29,5,15,16,1,95,252,1,1,1,4,AUTOROUTE A15,0.0,0.0
201500045508,29,5,15,19,1,60,631,1,1,1,2,AUTOROUTE A1,49.14397,2.57556
201500045509,30,5,15,18,1,93,8,1,1,1,2,AUTOROUTE A86,0.0,0.0
201500045510,30,5,15,19,1,92,78,1,1,1,4,AUTOROUTE A86,0.0,0.0
201500045511,31,5,15,14,1,95,394,1,1,2,6,AUTOROUTE A115,0.0,0.0
201500045512,31,5,15,19,1,95,394,1,1,2,6,ROUTE NATIONALE 184,0.0,0.0
201500045513,1,6,15,0,3,95,277,1,1,2,6,AUTOROUTE A104,48.9735,2.4859
201500045514,25,4,15,9,1,92,36,1,1,2,7,AUTOROUTE A15,0.0,0.0
201500045515,31,5,15,18,1,95,572,1,1,8,2,AUTOROUTE A15,0.0,0.0
201500045516,1,6,15,8,1,93,27,1,1,1,4,AUTOROUTe A1,48.936,2.40476
201500045517,1,6,15,8,1,93,10,1,1,1,4,AUTOROUTE A3,48.8893,2.47381
201500045518,1,6,15,14,1,93,6,1,1,1,2,AUTOROUTE A3,48.8662,2.42256
201500045519,1,6,15,15,1,93,7,1,1,1,2,AUTOROUTE A1,48.9436,2.436
201500045520,2,6,15,7,1,95,256,1,1,1,4,ROUTE NATIONALE 184,0.0,0.0
201500045521,3,6,15,0,3,95,641,1,1,1,6,AUTOROUTE A1,0.0,0.0
201500045522,3,6,15,6,1,95,277,1,1,1,2,AUTOROUTE A3,0.0,0.0
201500045523,3,6,15,9,1,92,36,1,1,1,6,AUTOROUTE A15,0.0,0.0
201500045524,3,6,15,15,1,95,18,1,1,1,2,AUTOROUTE A15,0.0,0.0
201500045525,4,6,15,9,1,95,252,1,1,1,2,AUTOROUTE A15,0.0,0.0
201500045526,4,6,15,10,1,95,18,1,1,1,3,AUTOROUTE A15,0.0,0.0
201500045527,4,6,15,8,1,95,572,1,1,1,2,ROUTE NATIONALE 184,0.0,0.0
201500045528,4,6,15,9,1,93,5,1,1,1,2,AUTOROUTE A3,48.9429,2.47791
201500045529,5,6,15,5,1,93,10,1,1,1,2,AUTOROUTE A86,48.8989,2.46927
201500045530,5,6,15,9,1,60,612,1,1,1,6,AUTOROUTE A1,49.20929,2.6153
201500045531,4,6,15,18,1,93,13,1,1,1,3,AUTOROUTE A1,48.9387,2.41625
201500045532,5,6,15,13,1,93,10,1,1,1,5,AUTOROUTE A3,48.8893,2.47381
201500045533,6,6,15,2,3,95,572,1,1,1,6,AUTOROUTE A15,0.0,0.0
201500045534,5,6,15,16,1,95,18,1,1,1,6,AUTOROUTE A15,0.0,0.0
201500045535,5,6,15,18,1,93,5,1,1,1,4,AUTOROUTE A3,48.9472,2.47579
201500045536,5,6,15,18,1,93,27,1,1,1,3,AUTOROUTE A86,48.8788,2.47652
201500045537,6,6,15,18,1,92,36,1,1,1,2,AUTOROUTE A86,0.0,0.0
201500045538,6,6,15,19,1,93,6,1,1,1,6,AUTOROUTE A3,48.8657,2.41854
201500045539,7,6,15,7,1,95,277,1,1,1,6,RD 170,48.9762,2.4804
201500045540,7,6,15,5,2,93,66,1,1,1,7,AUTOROUTE A1,48.9193,2.35757
201500045541,8,6,15,0,5,93,29,1,1,1,2,AUTOROUTE A86,48.9188,2.42869
201500045542,7,6,15,1,3,93,48,1,1,1,3,AUTOROUTE A3,48.8731,2.43592
201500045543,8,6,15,7,1,93,29,1,1,1,2,AUTOROUTE A86,0.0,0.0
201500045544,8,6,15,15,1,93,64,1,1,1,2,AUTOROUTE A86,0.0,0.0
201500045545,8,6,15,18,1,60,494,1,1,1,5,AUTOROUTE A1,49.12475,2.55721
201500045546,8,6,15,17,1,95,18,1,1,1,6,AUTOROUTE A15,0.0,0.0
201500045547,9,6,15,1,5,93,8,1,1,1,6,AUTOROUTE A86,0.0,0.0
201500045548,9,6,15,0,1,93,63,1,1,1,6,AUTOROUTE A3,48.8804,2.45136
201500045549,9,6,15,10,1,93,66,1,1,1,2,AUTOROUTE A1,48.9334,2.37778
201500045550,23,2,15,1,4,93,53,1,1,1,6,AUTOROUTE A3,0.0,0.0
201500045551,9,6,15,10,1,93,30,1,1,1,4,AUTOROUTE A1,48.9393,2.41882
201500045552,9,6,15,12,1,92,36,1,1,1,2,AUTOROUTE A15,0.0,0.0
201500045553,9,6,15,14,1,93,29,1,1,1,7,AUTOROUTE A86,0.0,0.0
201500045554,9,6,15,14,1,93,29,1,1,1,2,AUTOROUTE A86,48.9244,2.4261
201500045555,9,6,15,15,1,93,78,1,1,1,5,AUTOROUTE A104,48.9585,2.53348
201500045556,9,6,15,18,1,95,491,1,1,1,2,AUTOROUTE A115,0.0,0.0
201500045557,8,6,15,17,1,93,5,1,1,1,6,AUTOROUTE A3,48.9284,2.48129
201500045558,10,6,15,7,1,95,424,1,1,1,3,AUTOROUTE A15,0.0,0.0
201500045559,7,6,15,6,1,95,678,1,1,1,6,RN 104,0.0,0.0
201500045560,11,6,15,9,1,95,678,1,1,1,2,ROUTE NATIONALE 184,0.0,0.0
201500045561,5,6,15,15,1,93,64,1,1,1,4,AUTOROUTE A86,0.0,0.0
201500045562,11,6,15,18,1,93,10,1,1,1,3,AUTOROUTE A3,48.9142,2.47718
201500045563,12,6,15,23,3,93,64,1,1,1,3,AUTOROUTE A86,0.0,0.0
201500045564,12,6,15,22,2,93,78,1,1,1,7,AUTOROUTE A104,48.9582,2.53141
201500045565,12,6,15,12,1,60,138,1,1,1,3,AUTOROUTE A1,49.22048,2.63708
201500045566,14,6,15,16,1,93,13,1,1,1,4,AUTOROUTE A1,48.9387,2.41625
201500045567,14,6,15,18,1,93,48,1,1,1,2,AUTOROUTE A3,48.872,2.43323
201500045568,14,6,15,17,1,95,241,1,1,1,6,RN 104,0.0,0.0
201500045569,14,6,15,19,1,93,5,1,1,1,3,AUTOROUTE A1,48.9577,2.46287
201500045570,13,6,15,14,1,95,582,1,1,1,4,AUTOROUTE A15,0.0,0.0
201500045571,13,6,15,18,1,93,48,1,1,1,2,AUTOROUTE A3,48.8705,2.43128
201500045572,15,6,15,5,1,93,64,1,1,1,2,AUTOROUTE A86,0.0,0.0
201500045573,15,6,15,6,2,93,66,1,1,1,1,AUTOROUTE A1,48.9148,2.35792
201500045574,15,6,15,14,1,93,66,1,1,1,2,AUTOROUTE A1,48.9308,2.36663
201500045575,15,6,15,17,1,93,53,1,1,8,2,AUTOROUTE A3,48.8901,2.47351
201500045576,15,6,15,17,1,95,277,1,1,1,5,AUTOROUTE A104,48.9739,2.4877
201500045577,16,6,15,23,3,92,78,1,1,1,2,AUTOROUTE A86,0.0,0.0
201500045578,17,6,15,7,1,93,27,1,1,1,3,AUTOROUTE A86,48.9258,2.39827
201500045579,17,6,15,10,1,95,60,1,1,1,7,AUTOROUTE A115,0.0,0.0
201500045580,16,6,15,14,1,93,27,1,1,1,2,AUTOROUTE A1,48.9345,2.39758
201500045581,17,6,15,21,2,93,64,1,1,1,5,AUTOROUTE A103,48.8867,2.47983
201500045582,17,6,15,17,1,93,66,1,1,1,6,AUTOROUTE A86,48.8849,2.47056
201500045583,18,6,15,9,1,92,36,1,1,1,2,AUTOROUTE A86,0.0,0.0
201500045584,18,6,15,7,1,93,27,1,1,1,4,AUTOROUTE A1,48.9372,2.41063
201500045585,18,6,15,20,1,95,582,1,1,1,4,AUTOROUTE A15,0.0,0.0
201500045586,19,6,15,8,1,93,5,1,1,1,2,AUTOROUTE A3,48.9432,2.47795
201500045587,15,6,15,9,1,95,18,1,1,1,2,AUTOROUTE A15,0.0,0.0
201500045588,18,6,15,20,1,93,29,1,1,1,4,AUTOROUTE A86,0.0,0.0
201500045589,15,6,15,10,1,95,28,1,1,1,2,RN 104,0.0,0.0
201500045590,19,6,15,18,1,93,64,1,1,1,2,AUTOROUTE A86,0.0,0.0
201500045591,20,6,15,15,1,93,66,1,1,1,1,AUTOROUTE A1,48.9247,2.35712
201500045592,20,6,15,20,1,95,18,1,1,1,3,AUTOROUTE A15,0.0,0.0
201500045593,21,6,15,3,3,95,527,1,1,1,2,AUTOROUTE A1,0.0,0.0
201500045594,21,6,15,16,1,60,612,1,1,1,7,AUTOROUTE A1,49.20615,2.61209
201500045595,21,6,15,20,1,93,66,1,1,1,6,AUTOROUTE A1,48.9046,2.35847
201500045596,21,6,15,4,3,95,580,1,1,1,2,AUTOROUTE A1,0.0,0.0
201500045597,21,6,15,21,3,60,631,1,1,1,2,AUTOROUTE A1,49.15261,2.58633
201500045598,21,6,15,17,1,93,48,1,1,1,1,AUTOROUTE A3,48.8723,2.43434
201500045599,22,6,15,9,1,93,66,1,1,1,3,AUTOROUTE A1,48.9199,2.35735
201500045600,22,6,15,9,1,95,60,1,1,1,3,AUTOROUTE A115,0.0,0.0
201500045601,19,6,15,7,1,93,27,1,1,1,2,AUTOROUTE A86,48.8724,2.48069
201500045602,22,6,15,14,1,93,5,1,1,2,5,AUTOROUTE A3,0.0,0.0
201500045603,22,6,15,22,3,95,582,1,1,3,6,BD INTERCOMMUNAL PARISIS,48.9633,2.2656
201500045604,23,6,15,7,1,93,27,1,1,1,2,AUTOROUTE A86,48.8646,2.48229
201500045605,23,6,15,8,1,93,78,1,1,1,2,AUTOROUTE A104,48.9675,2.51124
201500045606,23,6,15,7,1,95,252,1,1,1,3,AUTOROUTE A15,0.0,0.0
201500045607,22,6,15,20,1,60,494,1,1,1,2,AUTOROUTE A1,49.12475,2.55721
201500045608,22,6,15,16,1,95,42,1,1,3,6,RN 104,0.0,0.0
201500045609,23,6,15,22,1,93,66,1,1,1,2,AUTOROUTE A1,48.9052,2.35845
201500045610,23,6,15,16,1,93,66,1,1,1,4,AUTOROUTE A1,48.9193,2.35757
201500045611,24,6,15,18,1,93,78,1,1,1,2,AUTOROUTE A104,48.9634,2.5506
201500045612,25,6,15,8,1,92,36,1,1,1,5,AUTOROUTE A86,0.0,0.0
201500045613,25,6,15,17,1,95,277,1,1,1,2,BD INTERCOMMUNAL PARISIS,48.9758,2.4822
201500045614,25,6,15,19,1,93,78,1,1,1,2,AUTOROUTE A104,48.9634,2.5213
201500045615,26,6,15,10,1,95,241,1,1,1,2,RN 104,0.0,0.0
201500045616,26,6,15,14,1,93,5,1,1,1,3,AUTOROUTE A3,48.9475,2.47586
201500045617,26,6,15,17,1,93,5,1,1,1,6,AUTOROUTE A1,48.9583,2.46392
201500045618,26,6,15,17,1,93,66,1,1,1,2,AUTOROUTE A1,48.9034,2.35875
201500045619,26,6,15,19,1,95,572,1,1,1,2,ROUTE NATIONALE 184,0.0,0.0
201500045620,27,6,15,9,1,93,64,1,1,1,6,AUTOROUTE A86,0.0,0.0
201500045621,27,6,15,13,1,95,212,1,1,1,5,AUTOROUTE A1,0.0,0.0
201500045622,28,6,15,7,1,95,306,1,1,1,2,AUTOROUTE A15,0.0,0.0
201500045623,29,6,15,8,1,93,64,1,1,1,3,AUTOROUTE A103,48.8852,2.48909
201500045624,29,6,15,9,1,93,66,1,1,1,6,AUTOROUTE A86,48.8895,2.47356
201500045625,29,6,15,17,1,95,365,1,1,1,7,RN 104,0.0,0.0
201500045626,29,6,15,22,1,95,582,1,1,1,6,AUTOROUTE A15,0.0,0.0
201500045627,29,6,15,16,1,93,6,1,1,1,3,AUTOROUTE A3,48.868,2.42761
201500045628,30,6,15,12,1,93,5,1,1,1,6,AUTOROUTE A3,48.9555,2.47335
201500045629,30,6,15,10,1,95,394,1,1,1,2,ROUTE NATIONALE 184,0.0,0.0
201500045630,1,7,15,19,1,93,27,1,1,1,3,AUTOROUTE A86,48.8789,2.47622
201500045631,2,7,15,17,1,95,277,1,1,1,2,AUTOROUTE A104,48.9728,2.4872
201500045632,2,7,15,17,1,93,64,1,1,1,6,AUTOROUTE A3,48.8839,2.46681
201500045633,2,7,15,19,1,93,6,1,1,1,2,AUTOROUTE A3,48.8684,2.42864
201500045634,1,7,15,20,1,92,78,1,1,1,2,AUTOROUTE A86,0.0,0.0
201500045635,2,7,15,12,1,92,78,1,1,1,5,AUTOROUTE A86,0.0,0.0
201500045636,3,7,15,7,1,95,500,1,1,1,6,AUTOROUTE A15,0.0,0.0
201500045637,3,7,15,20,1,95,527,1,1,1,2,AUTOROUTE A1,0.0,0.0
201500045638,1,7,15,10,1,95,18,1,1,1,2,AUTOROUTE A15,0.0,0.0
201500045639,5,7,15,6,1,95,582,1,1,1,6,AUTOROUTE A15,0.0,0.0
201500045640,4,7,15,12,1,95,580,1,1,1,2,AUTOROUTE A1,0.0,0.0
201500045641,5,7,15,5,1,95,256,1,1,1,2,ROUTE NATIONALE 184,0.0,0.0
201500045642,4,7,15,18,1,93,66,1,1,1,5,AUTOROUTE A1,48.9339,2.3839
201500045643,4,7,15,20,1,93,5,1,1,1,4,AUTOROUTE A3,48.9458,2.47665