Num_Acc,jour,mois,an,hr,condition_eclairage,departement,commune,condition_agglomeration,intersection,condition_atmosphere,type_collision,adresse,lattitude,longitude
201500045644,30,6,15,9,1,95,500,1,1,1,4,AUTOROUTE A15,0.0,0.0
201500045645,6,7,15,8,1,93,66,1,1,1,2,AUTOROUTE A1,48.9061,2.35855
201500045646,5,7,15,18,1,95,582,1,1,1,3,AUTOROUTE A15,0.0,0.0
201500045647,6,7,15,12,1,60,631,1,1,1,7,AUTOROUTE A1,49.15599,2.59058
201500045648,7,7,15,9,1,93,27,1,1,1,7,AUTOROUTE A1,48.9345,2.39758
201500045649,7,7,15,15,1,95,527,1,1,1,2,AUTOROUTE A1,0.0,0.0
201500045650,7,7,15,21,1,93,27,1,1,1,7,AUTOROUTE A86,0.0,0.0
201500045651,8,7,15,12,1,93,53,1,1,1,5,AUTOROUTE A3,48.8825,2.45596
201500045652,9,7,15,5,3,95,500,1,1,1,2,AUTOROUTE A15,0.0,0.0
201500045653,10,7,15,8,1,95,582,1,1,1,6,AUTOROUTE A15,0.0,0.0
201500045654,11,7,15,7,1,92,78,1,1,1,4,AUTOROUTE A86,0.0,0.0
201500045655,12,7,15,0,3,95,572,1,1,1,4,AUTOROUTE A15,0.0,0.0
201500045656,12,7,15,19,1,93,27,1,1,1,6,AUTOROUTE A86,48.8639,2.48248
201500045657,13,7,15,1,3,93,5,1,1,1,2,AUTOROUTE A3,48.9542,2.4733
201500045658,14,7,15,12,1,93,27,1,1,1,6,AUTOROUTE A86,48.8811,2.47457
201500045659,15,7,15,6,1,95,572,1,1,1,6,ROUTE NATIONALE 184,0.0,0.0
201500045660,15,7,15,16,1,95,18,1,1,1,2,A 9015 3,0.0,0.0
201500045661,15,7,15,18,1,95,256,1,1,1,2,ROUTE NATIONALE 184,0.0,0.0
201500045662,16,7,15,17,1,93,10,1,1,1,4,AUTOROUTE A86,0.0,0.0
201500045663,17,7,15,2,3,93,64,1,1,1,2,AUTOROUTE A86,0.0,0.0
201500045664,15,7,15,18,1,95,678,1,1,1,2,ROUTE NATIONALE 184,0.0,0.0
201500045665,17,7,15,10,1,93,66,1,1,1,4,AUTOROUTE A1,48.9184,2.35763
201500045666,17,7,15,12,1,93,5,1,1,1,3,AUTOROUTE A3,48.9284,2.48129
201500045667,11,7,15,14,1,95,527,1,1,1,7,AUTOROUTE A3,0.0,0.0
201500045668,10,7,15,17,1,93,66,1,1,1,6,AUTOROUTE A86,48.8911,2.47344
201500045669,16,7,15,17,1,95,527,1,1,1,3,AUTOROUTE A3,0.0,0.0
201500045670,17,7,15,23,3,95,572,1,1,1,5,AUTOROUTE A15,0.0,0.0
201500045671,17,7,15,21,2,93,53,1,1,1,2,AUTOROUTE A3,48.8904,2.47358
201500045672,18,7,15,2,3,93,10,1,1,1,6,AUTOROUTE A3,48.8895,2.47391
201500045673,13,7,15,4,5,93,29,1,1,1,7,AUTOROUTE A86,0.0,0.0
201500045674,13,7,15,21,3,92,78,1,1,1,4,AUTOROUTE A86,0.0,0.0
201500045675,19,7,15,0,3,95,582,1,1,3,6,AUTOROUTE A15,0.0,0.0
201500045676,19,7,15,4,5,93,66,1,1,2,2,AUTOROUTE A1,48.9061,2.35855
201500045677,18,7,15,12,1,95,306,1,1,1,4,AUTOROUTE A15,0.0,0.0
201500045678,18,7,15,14,1,93,5,1,1,1,7,AUTOROUTE A3,48.9449,2.47708
201500045679,20,7,15,6,2,93,27,1,1,2,7,AUTOROUTE A86,0.0,0.0
201500045680,22,7,15,9,1,93,10,1,1,1,7,AUTOROUTE A3,48.8895,2.47391
201500045681,22,7,15,14,1,93,64,1,1,1,3,AUTOROUTE A86,0.0,0.0
201500045682,23,7,15,5,2,60,631,1,1,1,2,AUTOROUTE A1,49.157,2.5917
201500045683,23,7,15,8,1,60,612,1,1,1,3,AUTOROUTE A1,49.19532,2.60414
201500045684,23,7,15,9,1,93,13,1,1,1,4,AUTOROUTE A1,48.9387,2.41625
201500045685,22,7,15,17,1,95,572,1,1,1,6,ROUTE NATIONALE 184,0.0,0.0
201500045686,25,7,15,9,1,93,8,1,1,2,6,AUTOROUTE A86,0.0,0.0
201500045687,25,7,15,2,3,95,241,1,1,2,6,RN 104,0.0,0.0
201500045688,24,7,15,19,1,93,64,1,1,1,4,AUTOROUTE A86,0.0,0.0
201500045689,25,7,15,17,1,93,8,1,1,1,6,AUTOROUTE A86,0.0,0.0
201500045690,25,7,15,18,1,93,10,1,1,1,6,AUTOROUTE A3,48.8839,2.46681
201500045691,26,7,15,15,1,95,572,1,1,3,6,A 9015 7,0.0,0.0
201500045692,26,7,15,19,1,95,218,1,1,1,6,AUTOROUTE A15,0.0,0.0
201500045693,24,7,15,16,1,93,13,1,1,1,5,AUTOROUTE A1,48.9409,2.42611
201500045694,27,7,15,7,1,93,66,1,1,2,5,AUTOROUTE A1,48.9332,2.37699
201500045695,27,7,15,7,1,95,394,1,1,2,3,ROUTE NATIONALE 184,0.0,0.0
201500045696,28,7,15,8,1,95,241,1,1,1,4,RN 104,0.0,0.0
201500045697,28,7,15,20,2,93,64,1,1,1,3,AUTOROUTE A86,0.0,0.0
201500045698,28,7,15,16,1,93,5,1,1,1,5,AUTOROUTE A3,48.9432,2.47795
201500045699,29,7,15,14,1,93,66,1,1,1,6,AUTOROUTE A1,48.9329,2.37569
201500045700,29,7,15,14,1,93,66,1,1,1,7,AUTOROUTE A86,48.8919,2.47316
201500045701,29,7,15,16,3,93,7,1,1,1,2,AUTOROUTE A1,48.9515,2.45119
201500045702,24,7,15,7,1,93,64,1,1,1,6,AUTOROUTE A103,48.8867,2.47932
201500045703,30,7,15,9,1,95,527,1,1,1,7,AUTOROUTE A3,0.0,0.0
201500045704,30,7,15,7,1,95,18,1,1,1,5,AUTOROUTE A15,0.0,0.0
201500045705,30,7,15,17,1,95,582,1,1,1,7,AUTOROUTE A15,0.0,0.0
201500045706,6,7,15,8,1,92,36,1,1,1,3,AUTOROUTE A86,0.0,0.0
201500045707,31,7,15,9,1,95,18,1,1,1,2,AUTOROUTE A15,0.0,0.0
201500045708,31,7,15,13,1,95,572,1,1,1,2,AUTOROUTE A15,0.0,0.0
201500045709,1,8,15,4,4,93,66,1,1,1,6,AUTOROUTE A1,48.9234,2.35708
201500045710,1,8,15,19,1,93,64,1,1,1,6,AUTOROUTE A103,48.8867,2.47802
201500045711,2,8,15,23,3,93,66,1,1,1,7,AUTOROUTE A86,48.8913,2.47295
201500045712,3,8,15,6,1,93,8,1,1,1,6,AUTOROUTE A86,0.0,0.0
201500045713,4,8,15,6,3,95,394,1,1,2,6,AUTOROUTE A115,0.0,0.0
201500045714,4,8,15,8,1,95,28,1,1,1,6,RN 104,0.0,0.0
201500045715,5,8,15,8,1,93,64,1,1,1,5,AUTOROUTE A86,0.0,0.0
201500045716,5,8,15,10,1,93,66,1,1,1,5,AUTOROUTE A1,48.9103,2.35824
201500045717,5,8,15,13,1,95,527,1,1,1,4,AUTOROUTE A3,0.0,0.0
201500045718,5,8,15,15,1,95,277,1,1,1,6,AUTOROUTE A104,48.9728,2.4872
201500045719,31,7,15,8,1,95,572,1,1,1,4,ROUTE NATIONALE 184,0.0,0.0
201500045720,5,8,15,13,1,93,5,1,1,1,2,AUTOROUTE A3,48.9177,2.47824
201500045721,6,8,15,18,1,95,604,1,1,1,2,AUTOROUTE A1,0.0,0.0
201500045722,26,7,15,7,1,95,252,1,1,1,6,AUTOROUTE A15,0.0,0.0
201500045723,5,8,15,18,1,93,66,1,1,1,3,AUTOROUTE A1,0.0,0.0
201500045724,7,8,15,18,1,93,48,1,1,1,7,AUTOROUTE A3,48.8723,2.43434
201500045725,8,8,15,6,2,93,27,1,1,1,2,AUTOROUTE A1,48.9352,2.4009
201500045726,8,8,15,14,1,93,5,1,1,1,3,AUTOROUTE A3,48.9475,2.47586
201500045727,7,8,15,20,1,93,5,1,1,1,7,AUTOROUTE A3,48.9472,2.47579
201500045728,9,8,15,9,1,92,78,1,1,1,6,AUTOROUTE A86,0.0,0.0
201500045729,6,8,15,13,1,93,5,1,1,1,2,AUTOROUTE A3,0.0,0.0
201500045730,12,8,15,17,1,92,36,1,1,1,6,AUTOROUTE A15,0.0,0.0
201500045731,13,8,15,20,1,93,27,1,1,1,6,AUTOROUTE A86,0.0,0.0
201500045732,13,8,15,20,1,93,6,1,1,2,6,AUTOROUTE A3,0.0,0.0
201500045733,13,8,15,20,1,95,277,1,1,1,6,AUTOROUTE A104,48.9735,2.4859
201500045734,14,8,15,18,1,92,36,1,1,3,6,AUTOROUTE A15,0.0,0.0
201500045735,14,8,15,17,1,93,6,1,1,1,3,AUTOROUTE A3,48.8665,2.42387
201500045736,14,8,15,1,3,93,27,1,1,3,7,AUTOROUTE A86,0.0,0.0
201500045737,15,8,15,9,1,95,351,1,1,2,6,RN 104,0.0,0.0
201500045738,15,8,15,9,1,93,27,1,1,1,3,AUTOROUTE A86,48.8811,2.47457
201500045739,15,8,15,9,1,92,36,1,1,2,1,AUTOROUTE A86,0.0,0.0
201500045740,15,8,15,9,1,93,64,1,1,3,6,AUTOROUTE A86,0.0,0.0
201500045741,15,8,15,8,1,95,277,1,1,2,2,AUTOROUTE A104,48.9735,2.4859
201500045742,15,8,15,10,1,93,27,1,1,1,6,AUTOROUTE A86,0.0,0.0
201500045743,31,7,15,8,1,95,500,1,1,1,4,AUTOROUTE A15,0.0,0.0
201500045744,17,8,15,13,1,93,8,1,1,1,1,AUTOROUTE A86,0.0,0.0
201500045745,18,8,15,17,1,93,53,1,1,1,3,AUTOROUTE A3,48.8919,2.47291
201500045746,19,8,15,20,2,95,277,1,1,1,6,RD 170,48.9752,2.4846
201500045747,20,8,15,6,1,95,18,1,1,3,6,AUTOROUTE A15,0.0,0.0
201500045748,20,8,15,9,1,93,27,1,1,3,6,AUTOROUTE A86,0.0,0.0
201500045749,20,8,15,8,1,95,256,1,1,2,6,ROUTE NATIONALE 184,0.0,0.0
201500045750,20,8,15,14,1,93,66,1,1,1,2,AUTOROUTE A1,0.0,0.0
201500045751,22,8,15,4,3,95,582,1,1,1,7,RD 170,48.9621,2.2632
201500045752,22,8,15,21,3,95,241,1,1,1,6,RN 104,0.0,0.0
201500045753,21,8,15,18,1,93,63,1,1,1,2,AUTOROUTE A3,48.8747,2.43926
201500045754,20,8,15,13,1,95,256,1,1,2,6,ROUTE NATIONALE 184,0.0,0.0
201500045755,20,8,15,10,1,95,252,1,1,3,2,AUTOROUTE A15,0.0,0.0
201500045756,24,8,15,10,1,93,8,1,1,2,6,AUTOROUTE A86,0.0,0.0
201500045757,24,8,15,14,1,93,27,1,1,2,6,AUTOROUTE A86,48.8801,2.47568
201500045758,24,8,15,15,1,93,66,1,1,2,6,AUTOROUTE A86,48.8945,2.47181
201500045759,24,8,15,22,3,93,5,1,1,2,2,AUTOROUTE A1,48.9606,2.46797
201500045760,25,8,15,12,1,95,527,1,1,1,2,AUTOROUTE A1,0.0,0.0
201500045761,25,8,15,13,1,95,527,1,1,1,2,AUTOROUTE A1,0.0,0.0
201500045762,25,8,15,19,1,95,678,1,1,1,2,RN 104,0.0,0.0
201500045763,26,8,15,7,1,93,48,1,1,1,3,AUTOROUTE A3,48.8736,2.43658
201500045764,26,8,15,9,1,60,241,1,1,1,6,AUTOROUTE A1,49.16011,2.59549
201500045765,26,8,15,3,5,95,572,1,1,1,6,ROUTE NATIONALE 184,0.0,0.0
201500045766,24,8,15,9,1,95,582,1,1,3,7,AUTOROUTE A15,0.0,0.0
201500045767,24,8,15,8,1,95,582,1,1,2,2,BD INTERCOMUNAL PARISIS,48.9633,2.2662
201500045768,24,8,15,9,1,95,500,1,1,1,6,AUTOROUTE A15,0.0,0.0
201500045769,17,8,15,12,1,93,66,1,1,1,7,AUTOROUTE A86,0.0,0.0
201500045770,28,8,15,5,3,95,277,1,1,2,6,AUTOROUTE A104,48.9735,2.4859
201500045771,27,8,15,12,1,95,277,1,1,2,2,AUTOROUTE A1,0.0,0.0
201500045772,27,8,15,11,1,93,10,1,1,2,2,AUTOROUTE A3,48.8893,2.47381
201500045773,27,8,15,20,1,95,500,1,1,2,4,AUTOROUTE A15,0.0,0.0
201500045774,28,8,15,14,1,92,36,1,1,1,1,AUTOROUTE A86,0.0,0.0
201500045775,27,8,15,15,1,95,527,1,1,3,6,AUTOROUTE A3,0.0,0.0
201500045776,29,8,15,16,1,95,365,1,1,1,2,RN 104,0.0,0.0
201500045777,28,8,15,18,1,60,631,1,1,1,4,AUTOROUTE A1,49.15252,2.58593
201500045778,30,8,15,19,1,92,78,1,1,1,2,AUTOROUTE A86,0.0,0.0
201500045779,31,8,15,14,1,92,36,1,1,1,7,AUTOROUTE A86,0.0,0.0
201500045780,31,8,15,22,4,93,27,1,1,1,2,AUTOROUTE A86,48.87,2.48252
201500045781,31,8,15,22,4,93,27,1,1,1,2,AUTOROUTE A86,0.0,0.0
201500045782,1,9,15,8,1,93,5,1,1,2,5,AUTOROUTE A3,48.9241,2.48094
201500045783,1,9,15,7,1,93,64,1,1,2,2,AUTOROUTE A3,48.8839,2.46818
201500045784,1,9,15,12,1,95,582,1,1,1,2,AUTOROUTE A15,0.0,0.0
201500045785,1,9,15,15,1,92,78,1,1,1,6,AUTOROUTE A86,0.0,0.0
201500045786,1,9,15,18,1,95,18,1,1,1,5,AUTOROUTE A15,0.0,0.0
201500045787,1,9,15,17,1,92,78,1,1,1,6,AUTOROUTE A86,0.0,0.0
201500045788,2,9,15,8,1,95,277,1,1,1,4,RD 170,48.9752,2.4846
201500045789,2,9,15,8,1,93,64,1,1,1,2,AUTOROUTE A86,0.0,0.0
201500045790,2,9,15,8,1,95,18,1,1,1,2,AUTOROUTE A15,0.0,0.0
201500045791,2,9,15,17,1,93,7,1,1,1,2,AUTOROUTE A1,48.9456,2.43988
201500045792,6,9,15,17,1,92,36,1,1,1,2,AUTOROUTE A86,0.0,0.0
201500045793,6,9,15,18,1,92,36,1,1,1,5,AUTOROUTE A86,0.0,0.0
201500045794,6,9,15,22,5,93,66,1,1,1,2,AUTOROUTE A1,48.9121,2.35791
201500045795,6,9,15,18,1,95,212,1,1,1,5,AUTOROUTE A1,0.0,0.0
201500045796,7,9,15,13,1,95,306,1,1,1,6,AUTOROUTE A15,0.0,0.0
201500045797,7,9,15,22,3,93,10,1,1,1,2,AUTOROUTE A86,0.0,0.0
201500045798,8,9,15,20,4,93,27,1,1,1,6,AUTOROUTE A86,48.8788,2.47652
201500045799,8,9,15,1,3,95,18,1,1,1,4,AUTOROUTE A15,0.0,0.0
201500045800,8,9,15,5,3,93,6,1,1,1,2,AUTOROUTE A3,48.8701,2.4303
201500045801,8,9,15,10,1,93,6,1,1,1,3,AUTOROUTE A3,48.8665,2.42387
201500045802,2,9,15,17,1,95,572,1,1,1,5,ROUTE NATIONALE 184,0.0,0.0
201500045803,7,7,15,11,1,93,66,1,1,1,3,AUTOROUTE A1,48.9088,2.35818
201500045804,8,9,15,21,4,93,78,1,1,1,4,AUTOROUTE A104,48.963,2.54943
201500045805,9,9,15,7,2,93,27,1,1,1,3,AUTOROUTE A86,48.8731,2.48031
201500045806,9,9,15,8,1,93,7,1,1,1,6,AUTOROUTE A1,48.9515,2.451
201500045807,9,9,15,9,1,93,10,1,1,1,6,AUTOROUTE A3,48.8969,2.46977
201500045808,8,9,15,18,1,95,277,1,1,1,6,AUTOROUTE A104,48.9732,2.4888
201500045809,8,9,15,17,1,95,252,1,1,1,7,AUTOROUTE A15,0.0,0.0
201500045810,9,9,15,17,1,93,78,1,1,1,4,AUTOROUTE A104,48.963,2.54943
201500045811,10,9,15,8,1,93,63,1,1,1,3,AUTOROUTE A3,48.8758,2.44149
201500045812,10,9,15,18,1,93,66,1,1,1,6,AUTOROUTE A1,48.93,2.3641
201500045813,11,9,15,10,1,93,66,1,1,1,4,AUTOROUTE A86,48.8886,2.47384
201500045814,11,9,15,18,1,93,66,1,1,1,2,AUTOROUTE A1,48.9103,2.35824
201500045815,12,9,15,14,1,95,394,1,1,2,6,AUTOROUTE A115,0.0,0.0
201500045816,12,9,15,15,1,95,572,1,1,2,2,ROUTE NATIONALE 184,0.0,0.0
201500045817,12,9,15,20,3,92,36,1,1,1,7,AUTOROUTE A15,0.0,0.0
201500045818,12,9,15,23,3,95,277,1,1,1,6,AUTOROUTE A104,48.9739,2.4874
201500045819,11,9,15,18,1,92,36,1,1,1,5,ROUTE NATIONALE 315,0.0,0.0
201500045820,11,9,15,20,3,93,66,1,1,1,3,AUTOROUTE A86,48.8952,2.47116
201500045821,13,9,15,10,1,95,28,1,1,2,6,RN 104,0.0,0.0
201500045822,13,9,15,10,1,95,572,1,1,3,6,AUTOROUTE A15,0.0,0.0
201500045823,13,9,15,15,1,92,78,1,1,2,4,AUTOROUTE A86,0.0,0.0
201500045824,13,9,15,19,1,95,572,1,1,1,3,ROUTE NATIONALE 184,0.0,0.0
201500045825,13,9,15,15,1,95,277,1,1,2,6,AUTOROUTE A104,48.9739,2.4877
201500045826,13,9,15,13,1,93,27,1,1,2,6,AUTOROUTE A86,0.0,0.0
201500045827,13,9,15,16,1,95,18,1,1,2,6,AUTOROUTE A15,0.0,0.0
201500045828,13,9,15,17,1,93,66,1,1,1,1,AUTOROUTE A1,48.919,2.35742
201500045829,13,9,15,2,3,95,365,1,1,1,6,RN 104,0.0,0.0
201500045830,13,9,15,23,3,95,675,1,1,1,2,AUTOROUTE A1,0.0,0.0
201500045831,13,9,15,3,3,93,10,1,1,1,4,AUTOROUTE A3,48.9019,2.4703
201500045832,14,9,15,2,5,95,277,1,1,1,6,RD 170,48.9759,2.4821
201500045833,14,9,15,9,1,93,66,1,1,1,3,AUTOROUTE A1,48.9217,2.35719
201500045834,11,9,15,12,1,93,6,1,1,1,5,AUTOROUTE A3,48.8664,2.41321
201500045835,14,9,15,16,1,93,53,1,1,2,6,AUTOROUTE A103,48.9088,2.35836
201500045836,15,9,15,11,1,95,678,1,1,1,3,ROUTE NATIONALE 184,0.0,0.0
201500045837,15,9,15,9,1,93,5,1,1,1,3,AUTOROUTE A3,48.9542,2.4733
201500045838,15,9,15,11,1,95,28,1,1,6,6,RN 104,0.0,0.0
201500045839,14,9,15,17,1,93,53,1,1,1,7,AUTOROUTE A3,48.8937,2.47213
201500045840,14,9,15,18,1,93,53,1,1,2,6,AUTOROUTE A103,48.9088,2.35836
201500045841,16,9,15,5,2,93,78,1,1,2,1,AUTOROUTE A104,48.9595,2.5377
201500045842,16,9,15,6,1,93,64,1,1,2,6,AUTOROUTE A86,0.0,0.0
201500045843,16,9,15,7,4,95,582,1,1,1,6,AUTOROUTE A15,0.0,0.0
201500045844,16,9,15,6,3,95,394,1,1,2,6,AUTOROUTE A115,0.0,0.0
201500045845,13,9,15,12,1,95,527,1,1,3,6,AUTOROUTE A3,0.0,0.0
201500045846,16,9,15,14,1,93,7,1,1,3,4,AUTOROUTE A1,48.9467,2.44198
201500045847,16,9,15,13,1,95,527,1,1,2,6,AUTOROUTE A3,0.0,0.0
201500045848,13,9,15,4,3,95,394,1,1,1,6,ROUTE NATIONALE 184,0.0,0.0
201500045849,16,9,15,21,3,93,10,1,1,1,2,AUTOROUTE A3,48.8893,2.47381
201500045850,17,9,15,8,1,93,64,1,1,1,3,AUTOROUTE A86,0.0,0.0
201500045851,17,9,15,9,1,95,18,1,1,8,6,AUTOROUTE A15,0.0,0.0
201500045852,17,9,15,7,1,92,78,1,1,8,6,AUTOROUTE A86,0.0,0.0
201500045853,17,9,15,14,1,93,66,1,1,1,7,AUTOROUTE A1,48.93,2.3641
201500045854,17,9,15,19,1,95,572,1,1,1,3,AUTOROUTE A15,0.0,0.0
201500045855,18,9,15,7,1,95,306,1,1,1,2,AUTOROUTE A15,0.0,0.0
201500045856,18,9,15,5,2,93,7,1,1,1,2,AUTOROUTE A1,48.9474,2.44358
201500045857,18,9,15,10,1,93,66,1,1,1,2,AUTOROUTE A1,48.9317,2.37055
201500045858,18,9,15,18,1,95,572,1,1,2,2,AUTOROUTE A15,0.0,0.0
201500045859,19,9,15,0,3,95,572,1,1,2,7,ROUTE NATIONALE 184,0.0,0.0
201500045860,19,9,15,9,1,95,394,1,1,1,6,A115,0.0,0.0
201500045861,18,9,15,17,1,93,64,1,1,1,4,AUTOROUTE A86,0.0,0.0
201500045862,20,9,15,0,3,93,53,1,1,1,5,AUTOROUTE A3,48.8947,2.4715
201500045863,21,9,15,8,1,92,36,1,1,1,7,AUTOROUTE A15,0.0,0.0
201500045864,21,9,15,15,1,93,66,1,1,1,5,AUTOROUTE A1,48.9193,2.35757
201500045865,21,9,15,18,1,92,36,1,1,1,4,AUTOROUTE A86,0.0,0.0
201500045866,22,9,15,5,3,93,78,1,1,1,6,AUTOROUTE A104,48.9634,2.5506
201500045867,19,9,15,0,3,95,582,1,1,2,7,BD INTERCOMMUNAL PARISIS,48.9664,2.2726
201500045868,18,9,15,23,3,95,241,1,1,1,6,RN 104,0.0,0.0
201500045869,19,9,15,1,3,93,64,1,1,1,7,AUTOROUTE A103,48.887,2.47664
201500045870,22,9,15,10,1,93,5,1,1,2,7,AUTOROUTE A3,0.0,0.0
201500045871,23,9,15,8,1,95,582,1,1,1,3,AUTOROUTE A115,0.0,0.0
201500045872,23,9,15,9,1,95,582,1,1,1,3,AUTOROUTE A115,0.0,0.0
201500045873,23,9,15,4,3,95,424,1,1,2,2,AUTOROUTE A15,0.0,0.0
201500045874,24,9,15,9,1,95,28,1,1,1,2,RN 104,0.0,0.0
201500045875,24,9,15,19,3,95,572,1,1,2,3,AUTOROUTE A15,0.0,0.0
201500045876,24,9,15,22,3,95,572,1,1,2,7,ROUTE NATIONALE 184,0.0,0.0
201500045877,23,9,15,15,1,60,505,1,1,1,1,AUTOROUTE A1,49.1668,2.59931
201500045878,25,9,15,7,2,93,53,1,1,9,3,AUTOROUTE A3,48.8963,2.47029
201500045879,25,9,15,9,1,93,5,1,1,1,7,AUTOROUTE A3,48.9382,2.47979
201500045880,25,9,15,8,1,93,53,1,1,1,6,AUTOROUTE A3,48.8839,2.46408
201500045881,25,9,15,14,1,93,7,1,1,1,2,AUTOROUTE A1,48.9441,2.43716
201500045882,26,9,15,0,3,93,13,1,1,1,2,AUTOROUTE A1,48.9417,2.42923
201500045883,26,9,15,11,1,93,6,1,1,1,2,AUTOROUTE A3,48.868,2.42761
201500045884,26,9,15,23,3,92,78,1,1,1,1,AUTOROUTE A86,0.0,0.0
201500045885,27,9,15,11,1,93,6,1,1,1,4,AUTOROUTE A3,48.8661,2.42272
201500045886,28,9,15,0,3,93,66,1,1,1,4,AUTOROUTE A1,48.9193,2.35757
201500045887,22,9,15,22,4,95,582,1,1,2,6,AUTOROUTE A115,0.0,0.0
201500045888,27,9,15,17,1,92,36,1,1,1,4,AUTOROUTE A15,0.0,0.0
201500045889,27,9,15,14,1,95,277,1,1,1,2,BD INTERCOMMUNAL PARISIS,48.9759,2.4821
201500045890,26,9,15,18,1,95,394,1,1,1,7,ROUTE NATIONALE 184,0.0,0.0
201500045891,28,9,15,9,1,95,28,1,1,1,4,RN 104,0.0,0.0
201500045892,28,9,15,9,1,93,66,1,1,1,3,AUTOROUTE A86,0.0,0.0
201500045893,29,9,15,17,1,93,53,1,1,1,3,AUTOROUTE A86,0.0,0.0
201500045894,30,9,15,9,1,93,7,1,1,1,4,AUTOROUTE A1,48.9473,2.44304
201500045895,29,9,15,18,1,93,13,1,1,1,5,AUTOROUTE A1,48.9405,2.4241
201500045896,30,9,15,16,1,93,13,1,1,1,5,AUTOROUTE A1,48.9388,2.41706
201500045897,30,9,15,17,1,93,63,1,1,1,5,AUTOROUTE A3,48.8742,2.43816
201500045898,1,10,15,13,1,93,6,1,1,1,5,AUTOROUTE A3,0.0,0.0
201500045899,3,10,15,8,1,60,612,1,1,1,7,AUTOROUTE A1,49.19349,2.60348
201500045900,2,10,15,6,3,93,10,1,1,1,6,AUTOROUTE A3,0.0,0.0
201500045901,2,10,15,10,1,93,13,1,1,1,3,AUTOROUTE A1,0.0,0.0
201500045902,3,10,15,11,1,60,138,1,1,1,7,AUTOROUTE A1,49.21409,2.62312
201500045903,3,10,15,4,3,95,582,1,1,1,2,AUTOROUTE A15,0.0,0.0
201500045904,2,10,15,3,3,93,66,1,1,1,6,AUTOROUTE A1,0.0,0.0
201500045905,2,10,15,20,5,93,29,1,1,1,2,AUTOROUTE A86,0.0,0.0
201500045906,3,10,15,19,5,93,13,1,1,1,4,AUTOROUTE A1,0.0,0.0
201500045907,4,10,15,7,1,93,6,1,1,1,2,AUTOROUTE A3,0.0,0.0
201500045908,4,10,15,14,1,93,48,1,1,1,7,AUTOROUTE A3,0.0,0.0
201500045909,1,10,15,22,3,95,18,1,1,1,5,AUTOROUTE A15,0.0,0.0
201500045910,30,9,15,22,3,93,53,1,1,1,4,AUTOROUTE A86,0.0,0.0
201500045911,4,10,15,23,3,93,63,1,1,1,4,AUTOROUTE A3,0.0,0.0
201500045912,5,10,15,22,3,95,582,1,1,1,7,AUTOROUTE A15,0.0,0.0
201500045913,5,10,15,23,5,95,582,1,1,1,6,BD INTERCOMMUNAL PARISIS,48.9625,2.2631
201500045914,5,10,15,22,3,95,277,1,1,2,6,AUTOROUTE A104,48.9728,2.4872
201500045915,5,10,15,21,3,93,5,1,1,2,7,AUTOROUTE A3,0.0,0.0
201500045916,5,10,15,16,1,92,36,1,1,1,3,AUTOROUTE A15,0.0,0.0
201500045917,5,10,15,14,1,93,53,1,1,2,3,AUTOROUTE A103,0.0,0.0
201500045918,6,10,15,11,1,95,675,1,1,3,4,AUTOROUTE A1,0.0,0.0
201500045919,4,10,15,12,1,95,18,1,1,1,2,AUTOROUTE A15,0.0,0.0
201500045920,6,10,15,14,1,92,36,1,1,1,2,AUTOROUTE A15,0.0,0.0
201500045921,6,10,15,23,3,93,64,1,1,1,2,AUTOROUTE A103,0.0,0.0
201500045922,7,10,15,1,4,60,138,1,1,1,2,AUTOROUTE A1,49.21927,2.634
201500045923,7,10,15,21,3,95,582,1,1,1,2,AUTOROUTE A15,0.0,0.0
201500045924,23,9,15,10,1,95,582,1,1,1,5,AUTOROUTE A15,0.0,0.0
201500045925,2,10,15,14,1,93,48,1,1,1,5,AUTOROUTE A3,0.0,0.0
201500045926,5,10,15,6,3,92,36,1,1,1,5,AUTOROUTE A15,0.0,0.0
201500045927,5,10,15,8,2,60,631,1,1,1,2,AUTOROUTE A1,49.14813,2.58054
201500045928,29,9,15,8,1,95,582,1,1,1,7,AUTOROUTE A15,0.0,0.0
201500045929,29,9,15,8,1,95,582,1,1,1,7,AUTOROUTE A15,0.0,0.0
201500045930,22,9,15,0,3,95,394,1,1,2,6,AUTOROUTE A115,0.0,0.0
201500045931,9,10,15,9,1,93,7,1,1,1,2,AUTOROUTE A1,0.0,0.0
201500045932,5,10,15,7,1,95,582,1,1,1,5,AUTOROUTE A115,0.0,0.0
201500045933,5,10,15,9,1,93,39,1,1,1,5,AUTOROUTE A86,0.0,0.0
201500045934,2,10,15,17,1,93,48,1,1,1,6,AUTOROUTE A3,0.0,0.0
201500045935,2,10,15,19,3,95,18,1,1,1,3,AUTOROUTE A15,0.0,0.0
201500045936,3,10,15,19,1,93,48,1,1,1,3,AUTOROUTE A3,0.0,0.0
201500045937,9,10,15,18,1,95,256,1,1,1,2,AUTOROUTE A115,0.0,0.0
201500045938,8,10,15,14,1,95,394,1,1,1,6,AUTOROUTE A115,0.0,0.0
201500045939,10,10,15,20,3,93,66,1,1,1,6,AUTOROUTE A1,0.0,0.0
201500045940,12,10,15,7,2,93,5,1,1,1,5,AUTOROUTE A3,0.0,0.0
201500045941,21,8,15,10,1,95,572,1,1,1,3,ROUTE NATIONALE 184,0.0,0.0
201500045942,12,10,15,13,1,93,10,1,1,1,2,AUTOROUTE A3,0.0,0.0
201500045943,12,10,15,16,1,93,66,1,1,1,5,AUTOROUTE A1,0.0,0.0
201500045944,21,9,15,11,1,93,53,1,1,1,3,AUTOROUTE A3,48.893,2.47265
201500045945,12,10,15,10,1,93,66,1,1,1,3,AUTOROUTE A86,0.0,0.0
201500045946,13,10,15,10,1,93,66,1,1,1,3,AUTOROUTE A1,0.0,0.0
201500045947,13,10,15,12,1,93,10,1,1,1,2,AUTOROUTE A3,0.0,0.0
201500045948,13,10,15,15,1,95,176,1,1,1,4,AUTOROUTE A15,0.0,0.0
201500045949,13,10,15,23,4,95,18,1,1,1,6,AUTOROUTE A15,0.0,0.0
201500045950,29,9,15,14,1,92,36,1,1,1,2,AUTOROUTE A15,0.0,0.0
201500045951,14,10,15,8,1,95,18,1,1,1,3,AUTOROUTE A15,0.0,0.0
201500045952,14,10,15,5,3,95,18,1,1,1,2,AUTOROUTE A15,0.0,0.0
201500045953,14,10,15,7,3,95,252,1,1,1,2,AUTOROUTE A15,0.0,0.0
201500045954,14,10,15,9,1,93,78,1,1,1,2,AUTOROUTE A104,0.0,0.0
201500045955,14,10,15,21,3,95,154,1,1,2,6,AUTOROUTE A1,0.0,0.0