Num_Acc,jour,mois,an,hr,condition_eclairage,departement,commune,condition_agglomeration,intersection,condition_atmosphere,type_collision,adresse,lattitude,longitude
201500045956,14,10,15,23,3,95,18,1,1,1,6,AUTOROUTE A15,0.0,0.0
201500045957,15,10,15,7,5,95,212,1,1,2,5,AUTOROUTE A1,0.0,0.0
201500045958,16,10,15,10,1,95,582,1,1,2,3,BD INTERCOMMUNAL PARISIS,48.9653,2.2714
201500045959,16,10,15,14,1,95,365,1,1,2,7,RN 104,0.0,0.0
201500045960,16,10,15,14,1,93,66,1,1,2,4,AUTOROUTE A86,0.0,0.0
201500045961,16,10,15,11,1,93,27,1,1,2,1,AUTOROUTE A86,0.0,0.0
201500045962,17,10,15,14,1,93,64,1,1,1,6,AUTOROUTE A86,0.0,0.0
201500045963,17,10,15,17,1,93,64,1,1,2,6,AUTOROUTE A103,0.0,0.0
201500045964,18,10,15,22,3,93,66,1,1,1,1,AUTOROUTE A1,0.0,0.0
201500045965,19,10,15,20,3,93,53,1,1,1,7,AUTOROUTE A3,0.0,0.0
201500045966,20,10,15,7,3,95,277,1,1,1,2,BD INTERCOMMUNAL PARISIS,48.9761,2.4815
201500045967,20,10,15,21,3,95,365,1,1,1,5,RN 104,0.0,0.0
201500045968,21,10,15,7,3,93,5,1,1,1,6,AUTOROUTE A3,0.0,0.0
201500045969,20,10,15,18,1,93,6,1,1,1,2,AUTOROUTE A3,0.0,0.0
201500045970,13,9,15,2,3,93,5,1,1,2,6,AUTOROUTE A3,48.8646,2.41233
201500045971,20,10,15,18,1,93,66,1,1,1,3,AUTOROUTE A86,0.0,0.0
201500045972,22,10,15,6,2,93,27,1,1,2,3,AUTOROUTE A86,0.0,0.0
201500045973,22,10,15,6,3,93,10,1,1,2,4,AUTOROUTE A3,0.0,0.0
201500045974,22,10,15,7,3,95,682,1,1,2,6,RN 104,0.0,0.0
201500045975,22,10,15,21,3,95,18,1,1,1,6,AUTOROUTE A15,0.0,0.0
201500045976,23,10,15,15,1,95,582,1,1,1,6,AUTOROUTE A115,0.0,0.0
201500045977,25,10,15,8,1,95,641,1,1,1,3,AUTOROUTE A1,0.0,0.0
201500045978,25,10,15,19,3,95,580,1,1,1,4,AUTOROUTE A1,0.0,0.0
201500045979,26,10,15,7,3,93,27,1,1,1,2,AUTOROUTE A1,0.0,0.0
201500045980,27,10,15,7,1,93,10,1,1,1,4,AUTOROUTE A3,0.0,0.0
201500045981,27,10,15,7,1,93,13,1,1,1,3,AUTOROUTE A1,0.0,0.0
201500045982,26,10,15,19,2,95,641,1,1,1,6,AUTOROUTE A1,0.0,0.0
201500045983,27,10,15,20,4,95,527,1,1,2,2,AUTOROUTE A1,0.0,0.0
201500045984,27,10,15,16,1,95,277,1,1,1,2,AUTOROUTE A1,0.0,0.0
201500045985,28,9,15,11,1,92,36,1,1,1,4,AUTOROUTE A15,0.0,0.0
201500045986,28,10,15,17,1,95,572,1,1,1,6,ROUTE NATIONALE 184,0.0,0.0
201500045987,28,10,15,18,3,93,63,1,1,1,2,AUTOROUTE A3,0.0,0.0
201500045988,28,10,15,9,1,93,64,1,1,1,4,AUTOROUTE A86,0.0,0.0
201500045989,28,10,15,7,2,95,212,1,1,1,2,AUTOROUTE A1,0.0,0.0
201500045990,28,10,15,10,1,95,212,1,1,1,5,AUTOROUTE A1,0.0,0.0
201500045991,28,10,15,11,1,93,53,1,1,1,7,AUTOROUTE A103,0.0,0.0
201500045992,29,10,15,8,1,93,5,1,1,1,1,AUTOROUTE A1,0.0,0.0
201500045993,29,10,15,15,1,93,27,1,1,1,6,AUTOROUTE A1,0.0,0.0
201500045994,30,10,15,1,3,93,66,1,1,1,3,AUTOROUTE A1,0.0,0.0
201500045995,30,10,15,18,5,93,29,1,1,1,2,AUTOROUTE A86,0.0,0.0
201500045996,30,10,15,7,3,93,5,1,1,1,5,AUTOROUTE A3,0.0,0.0
201500045997,31,10,15,10,1,95,277,1,1,1,3,AUTOROUTE A1,0.0,0.0
201500045998,31,10,15,4,3,93,13,1,1,1,6,AUTOROUTE A1,0.0,0.0
201500045999,2,11,15,6,2,95,572,1,1,5,7,ROUTE NATIONALE 184,0.0,0.0
201500046000,2,11,15,14,1,95,527,1,1,1,4,AUTOROUTE A3,0.0,0.0
201500046001,2,11,15,14,1,95,351,1,1,1,6,RN 104,0.0,0.0
201500046002,1,11,15,13,1,95,18,1,1,1,6,AUTOROUTE A15,0.0,0.0
201500046003,3,11,15,17,1,93,27,1,1,1,2,AUTOROUTE A1,0.0,0.0
201500046004,4,11,15,10,1,93,8,1,1,2,7,AUTOROUTE A86,0.0,0.0
201500046005,22,10,15,19,1,95,218,1,1,1,2,AUTOROUTE A15,0.0,0.0
201500046006,4,11,15,13,1,95,527,1,1,1,6,AUTOROUTE A1,0.0,0.0
201500046007,4,11,15,21,3,93,27,1,1,2,3,AUTOROUTE A86,0.0,0.0
201500046008,4,11,15,22,3,95,607,1,1,1,2,AUTOROUTE A115,0.0,0.0
201500046009,4,11,15,19,5,93,48,1,1,1,2,AUTOROUTE A1086,0.0,0.0
201500046010,5,11,15,18,1,95,488,1,1,1,5,AUTOROUTE A15,0.0,0.0
201500046011,6,11,15,16,1,95,394,1,1,2,2,ROUTE NATIONALE 184,0.0,0.0
201500046012,6,11,15,17,3,93,78,1,1,2,2,AUTOROUTE A104,0.0,0.0
201500046013,6,11,15,21,3,95,678,1,1,2,6,ROUTE NATIONALE 184,0.0,0.0
201500046014,6,11,15,22,3,93,5,1,1,1,6,AUTOROUTE A104,0.0,0.0
201500046015,7,11,15,2,3,93,27,1,1,1,2,AUTOROUTE A1,0.0,0.0
201500046016,7,11,15,4,3,95,219,1,1,1,6,AUTOROUTE A115,0.0,0.0
201500046017,3,11,15,9,1,93,6,1,1,1,3,AUTOROUTE A3,0.0,0.0
201500046018,8,11,15,3,3,93,78,1,1,1,2,AUTOROUTE A104,0.0,0.0
201500046019,8,11,15,9,1,95,527,1,1,1,6,AUTOROUTE A1,0.0,0.0
201500046020,7,11,15,18,3,95,500,1,1,1,4,AUTOROUTE A15,0.0,0.0
201500046021,28,10,15,9,1,95,394,1,1,1,6,AUTOROUTE A115,0.0,0.0
201500046022,9,11,15,14,1,93,66,1,1,1,4,AUTOROUTE A1,0.0,0.0
201500046023,10,11,15,9,1,93,64,1,1,1,7,AUTOROUTE A86,0.0,0.0
201500046024,10,11,15,18,3,93,10,1,1,1,5,AUTOROUTE A3,0.0,0.0
201500046025,10,11,15,15,1,93,7,1,1,1,4,AUTOROUTE A1,0.0,0.0
201500046026,11,11,15,14,1,95,488,1,1,1,6,AUTOROUTE A15,0.0,0.0
201500046027,7,11,15,1,3,95,256,1,1,9,6,ROUTE NATIONALE 184,0.0,0.0
201500046028,11,11,15,23,3,92,36,1,1,1,7,AUTOROUTE A15,0.0,0.0
201500046029,12,11,15,9,1,95,678,1,1,1,4,ROUTE NATIONALE 184,0.0,0.0
201500046030,12,11,15,15,1,93,5,1,1,1,4,AUTOROUTE A3,0.0,0.0
201500046031,12,11,15,18,3,95,277,1,1,1,2,AUTOROUTE A1,0.0,0.0
201500046032,8,10,15,18,1,95,582,1,1,1,4,AUTOROUTE A15,0.0,0.0
201500046033,10,11,15,10,1,95,527,1,1,1,4,AUTOROUTE A1,0.0,0.0
201500046034,13,11,15,2,4,93,78,1,1,1,6,AUTOROUTE A104,0.0,0.0
201500046035,14,11,15,17,3,95,572,1,1,2,4,ROUTE NATIONALE 184,0.0,0.0
201500046036,14,11,15,22,4,95,219,1,1,1,6,AUTOROUTE A115,0.0,0.0
201500046037,28,10,15,11,1,95,394,1,1,2,6,AUTOROUTE A115,0.0,0.0
201500046038,10,11,15,12,1,95,18,1,1,1,2,AUTOROUTE A15,0.0,0.0
201500046039,15,11,15,4,3,93,63,1,1,1,5,AUTOROUTE A3,0.0,0.0
201500046040,13,11,15,18,3,95,572,1,1,1,3,AUTOROUTE A15,0.0,0.0
201500046041,15,11,15,18,3,95,491,1,1,1,6,AUTOROUTE A115,0.0,0.0
201500046042,15,11,15,13,1,95,277,1,1,1,6,AUTOROUTE A1,0.0,0.0
201500046043,15,11,15,22,3,93,13,1,1,1,4,AUTOROUTE A1,0.0,0.0
201500046044,14,11,15,16,1,93,5,1,1,1,2,AUTOROUTE A3,0.0,0.0
201500046045,15,11,15,12,1,93,66,1,1,1,6,AUTOROUTE A1,0.0,0.0
201500046046,16,11,15,8,1,93,1,1,1,1,2,AUTOROUTE A86,0.0,0.0
201500046047,16,11,15,19,3,93,8,1,1,1,2,AUTOROUTE A86,0.0,0.0
201500046048,17,11,15,4,3,93,5,1,1,1,7,AUTOROUTE A3,0.0,0.0
201500046049,17,11,15,8,1,93,64,1,1,1,6,AUTOROUTE A86,0.0,0.0
201500046050,17,11,15,6,3,95,582,1,1,2,3,AUTOROUTE A15,0.0,0.0
201500046051,17,11,15,7,2,93,78,1,1,2,5,AUTOROUTE A104,0.0,0.0
201500046052,17,11,15,8,1,93,7,1,1,2,3,AUTOROUTE A1,0.0,0.0
201500046053,17,11,15,7,3,93,5,1,1,2,5,AUTOROUTE A3,0.0,0.0
201500046054,17,11,15,10,1,93,13,1,1,1,2,AUTOROUTE A1,0.0,0.0
201500046055,17,11,15,10,1,95,394,1,1,1,6,AUTOROUTE A115,0.0,0.0
201500046056,17,11,15,17,3,93,53,1,1,2,6,AUTOROUTE A103,0.0,0.0
201500046057,17,11,15,16,1,95,582,1,1,2,3,AUTOROUTE A15,0.0,0.0
201500046058,17,11,15,23,3,95,151,1,1,1,7,RN 104,0.0,0.0
201500046059,18,11,15,14,1,95,277,1,1,1,3,AUTOROUTE A1,0.0,0.0
201500046060,18,11,15,23,4,95,28,1,1,1,6,RN 104,0.0,0.0
201500046061,19,11,15,13,1,95,582,1,1,2,6,AUTOROUTE A15,0.0,0.0
201500046062,19,11,15,21,5,93,8,1,1,2,7,AUTOROUTE A86,0.0,0.0
201500046063,20,11,15,0,4,92,36,1,1,1,7,AUTOROUTE A15,0.0,0.0
201500046064,20,11,15,9,1,95,555,1,1,2,6,BD INTERCOMMUNAL DU PARI,48.9695,2.2752
201500046065,20,11,15,10,1,95,151,1,1,2,2,RN 104,0.0,0.0
201500046066,20,11,15,12,1,95,527,1,1,3,6,AUTOROUTE A1,0.0,0.0
201500046067,16,11,15,11,1,93,13,1,1,1,3,AUTOROUTE A1,0.0,0.0
201500046068,10,11,15,9,1,93,10,1,1,1,4,AUTOROUTE A86,0.0,0.0
201500046069,21,11,15,1,4,95,572,1,1,2,7,AUTOROUTE A15,0.0,0.0
201500046070,21,11,15,18,3,93,27,1,1,2,6,AUTOROUTE A86,0.0,0.0
201500046071,21,11,15,19,4,95,256,1,1,1,4,ROUTE NATIONALE 184,0.0,0.0
201500046072,21,11,15,22,3,95,582,1,1,1,6,AUTOROUTE A15,0.0,0.0
201500046073,21,11,15,21,3,93,53,1,1,8,6,AUTOROUTE A103,0.0,0.0
201500046074,21,10,15,19,3,95,256,1,1,1,4,ROUTE NATIONALE 184,0.0,0.0
201500046075,21,11,15,13,1,95,572,1,1,1,3,AUTOROUTE A15,0.0,0.0
201500046076,24,11,15,15,1,95,176,1,1,2,5,AUTOROUTE A15,0.0,0.0
201500046077,25,11,15,8,1,93,27,1,1,1,2,AUTOROUTE A86,0.0,0.0
201500046078,25,11,15,9,1,95,277,1,1,1,3,AUTOROUTE A1,0.0,0.0
201500046079,25,11,15,8,1,93,27,1,1,1,5,AUTOROUTE A86,0.0,0.0
201500046080,25,11,15,8,1,95,491,1,1,1,6,AUTOROUTE A115,0.0,0.0
201500046081,25,11,15,9,1,93,6,1,1,2,6,AUTOROUTE A3,0.0,0.0
201500046082,25,11,15,10,1,93,6,1,1,1,6,AUTOROUTE A3,0.0,0.0
201500046083,26,11,15,0,3,95,555,1,1,1,7,BD INTERCOMMUNAL PARISIS,48.9708,2.2756
201500046084,25,11,15,22,3,93,64,1,1,2,2,AUTOROUTE A86,0.0,0.0
201500046085,26,11,15,9,1,93,66,1,1,1,6,AUTOROUTE A1,0.0,0.0
201500046086,26,11,15,8,1,95,678,1,1,1,2,ROUTE NATIONALE 184,0.0,0.0
201500046087,13,11,15,19,3,93,66,1,1,1,4,AUTOROUTE A1,0.0,0.0
201500046088,28,11,15,1,3,93,53,1,1,2,7,AUTOROUTE A103,0.0,0.0
201500046089,28,11,15,6,3,95,277,1,1,1,6,AUTOROUTE A104,48.9739,2.4877
201500046090,28,11,15,9,1,93,5,1,1,1,6,AUTOROUTE A3,0.0,0.0
201500046091,27,11,15,18,3,93,10,1,1,1,2,AUTOROUTE A3,0.0,0.0
201500046092,29,11,15,5,3,93,5,1,1,2,6,AUTOROUTE A3,0.0,0.0
201500046093,28,11,15,19,2,92,36,1,1,8,2,AUTOROUTE A15,0.0,0.0
201500046094,29,11,15,14,1,93,64,1,1,1,6,AUTOROUTE A86,0.0,0.0
201500046095,30,11,15,12,1,93,8,1,1,1,5,AUTOROUTE A86,0.0,0.0
201500046096,30,11,15,18,5,93,8,1,1,1,3,AUTOROUTE A86,0.0,0.0
201500046097,1,12,15,5,3,93,66,1,1,1,2,AUTOROUTE A86,0.0,0.0
201500046098,1,12,15,8,1,93,29,1,1,1,3,AUTOROUTE A86,0.0,0.0
201500046099,1,12,15,18,1,93,5,1,1,1,2,AUTOROUTE A3,0.0,0.0
201500046100,16,11,15,8,1,95,582,1,1,1,2,BD INTERCOMMUNAL PARISIS,48.9682,2.2743
201500046101,1,12,15,16,1,92,36,1,1,1,2,AUTOROUTE A15,0.0,0.0
201500046102,3,12,15,9,1,95,582,1,1,1,3,AUTOROUTE A115,0.0,0.0
201500046103,3,12,15,14,1,93,10,1,1,1,5,AUTOROUTE A3,0.0,0.0
201500046104,3,12,15,18,3,95,277,1,1,1,2,AUTOROUTE A3,0.0,0.0
201500046105,2,12,15,18,3,93,5,1,1,1,6,AUTOROUTE A3,0.0,0.0
201500046106,2,12,15,20,3,93,39,1,1,1,2,AUTOROUTE A86,0.0,0.0
201500046107,4,12,15,13,1,93,53,1,1,1,4,AUTOROUTE A86,0.0,0.0
201500046108,4,12,15,14,1,93,5,1,1,1,4,AUTOROUTE A3,0.0,0.0
201500046109,4,12,15,17,1,93,5,1,1,1,2,AUTOROUTE A3,0.0,0.0
201500046110,4,12,15,19,3,95,641,1,1,1,5,AUTOROUTE A1,0.0,0.0
201500046111,5,12,15,4,4,93,73,1,1,1,2,AUTOROUTE A104,0.0,0.0
201500046112,4,12,15,18,1,93,1,1,1,1,3,AUTOROUTE A86,0.0,0.0
201500046113,5,12,15,16,1,93,53,1,1,1,3,AUTOROUTE A103,0.0,0.0
201500046114,6,12,15,6,3,92,36,1,1,1,2,AUTOROUTE A15,0.0,0.0
201500046115,6,12,15,6,3,92,36,1,1,1,2,AUTOROUTE A15,0.0,0.0
201500046116,6,12,15,9,1,93,63,1,1,9,7,AUTOROUTE A3,0.0,0.0
201500046117,6,12,15,16,1,95,351,1,1,1,6,RN 104,0.0,0.0
201500046118,6,12,15,18,3,95,582,1,1,1,2,AUTOROUTE A15,0.0,0.0
201500046119,6,12,15,19,3,95,500,1,1,1,2,AUTOROUTE A15,0.0,0.0
201500046120,5,12,15,19,3,95,582,1,1,1,4,AUTOROUTE A15,0.0,0.0
201500046121,4,12,15,11,1,93,5,1,1,1,2,AUTOROUTE A3,0.0,0.0
201500046122,7,12,15,16,1,93,64,1,1,1,3,AUTOROUTE A86,0.0,0.0
201500046123,8,12,15,18,3,93,63,1,1,1,3,AUTOROUTE A3,0.0,0.0
201500046124,8,12,15,22,3,93,7,1,1,1,6,AUTOROUTE A3,0.0,0.0
201500046125,7,12,15,19,3,93,53,1,1,1,4,AUTOROUTE A3,0.0,0.0
201500046126,9,12,15,20,3,95,491,1,1,1,6,AUTOROUTE A115,0.0,0.0
201500046127,10,12,15,17,2,93,8,1,1,1,5,AUTOROUTE A86,0.0,0.0
201500046128,25,10,15,7,1,95,252,1,1,1,6,AUTOROUTE A15,0.0,0.0
201500046129,11,12,15,14,1,95,18,1,1,1,2,AUTOROUTE A15,0.0,0.0
201500046130,11,12,15,17,3,93,66,1,1,2,4,AUTOROUTE A1,0.0,0.0
201500046131,12,12,15,18,3,92,36,1,1,1,2,AUTOROUTE A15,0.0,0.0
201500046132,12,12,15,20,3,95,394,1,1,1,6,ROUTE NATIONALE 184,0.0,0.0
201500046133,14,12,15,8,2,95,256,1,1,1,2,ROUTE NATIONALE 184,0.0,0.0
201500046134,14,12,15,8,2,95,252,1,1,1,2,AUTOROUTE A15,0.0,0.0
201500046135,14,12,15,10,1,95,28,1,1,1,6,RN 104,0.0,0.0
201500046136,14,12,15,11,1,92,36,1,1,1,3,AUTOROUTE A86,0.0,0.0
201500046137,9,12,15,18,3,95,582,1,1,1,4,AUTOROUTE A15,0.0,0.0
201500046138,11,12,15,9,1,93,5,1,1,1,3,AUTOROUTE A3,0.0,0.0
201500046139,15,12,15,12,1,95,277,1,1,1,3,AUTOROUTE A104,48.9741,2.4904
201500046140,5,12,15,22,3,93,53,1,1,1,7,AUTOROUTE A3,0.0,0.0
201500046141,13,12,15,0,3,95,154,1,1,1,6,AUTOROUTE A1,0.0,0.0
201500046142,13,12,15,2,3,93,53,1,1,1,2,AUTOROUTE A103,0.0,0.0
201500046143,15,12,15,19,3,95,60,1,1,3,6,AUTOROUTE A115,0.0,0.0
201500046144,16,12,15,14,1,95,527,1,1,1,3,AUTOROUTE A3,0.0,0.0
201500046145,15,12,15,18,3,93,39,1,1,3,4,AUTOROUTE A86,0.0,0.0
201500046146,17,12,15,7,3,95,582,1,1,1,3,AUTOROUTE A15,0.0,0.0
201500046147,17,12,15,9,1,93,6,1,1,1,2,AUTOROUTE A3,0.0,0.0
201500046148,17,12,15,9,1,95,28,1,1,1,3,RN 104,0.0,0.0
201500046149,17,12,15,18,5,93,27,1,1,1,6,AUTOROUTE A86,0.0,0.0
201500046150,18,12,15,17,5,95,582,1,1,1,2,BD INTERCOMMUNAL PARISIS,48.9641,2.2684
201500046151,18,12,15,18,3,95,18,1,1,1,4,AUTOROUTE A15,0.0,0.0
201500046152,19,12,15,3,5,93,27,1,1,1,2,AUTOROUTE A1,0.0,0.0
201500046153,20,12,15,3,3,93,66,1,1,1,6,AUTOROUTE A1,0.0,0.0
201500046154,20,12,15,8,2,93,13,1,1,1,6,AUTOROUTE A1,0.0,0.0
201500046155,20,12,15,8,1,93,66,1,1,1,2,AUTOROUTE A1,0.0,0.0
201500046156,19,12,15,19,4,93,66,1,1,1,2,AUTOROUTE A1,0.0,0.0
201500046157,20,12,15,14,1,95,277,1,1,1,6,RD 170,48.9759,2.4815
201500046158,20,12,15,18,5,60,612,1,1,1,7,AUTOROUTE A1,49.19891,2.60612
201500046159,21,12,15,13,1,95,252,1,1,1,2,AUTOROUTE A15,0.0,0.0
201500046160,22,12,15,18,3,93,73,1,1,1,2,AUTOROUTE A104,0.0,0.0
201500046161,23,12,15,5,3,93,5,1,1,2,1,AUTOROUTE A3,0.0,0.0
201500046162,22,12,15,20,3,93,5,1,1,1,5,AUTOROUTE A3,0.0,0.0
201500046163,23,12,15,16,1,93,63,1,1,1,6,AUTOROUTE A3,0.0,0.0
201500046164,23,12,15,19,3,95,18,1,1,1,4,AUTOROUTE A15,0.0,0.0
201500046165,24,12,15,16,1,93,5,1,1,1,2,AUTOROUTE A3,0.0,0.0
201500046166,24,12,15,19,3,95,488,1,1,2,2,AUTOROUTE A15,0.0,0.0
201500046167,25,12,15,11,1,93,27,1,1,1,6,AUTOROUTE A86,0.0,0.0
201500046168,7,11,15,19,3,95,527,1,1,1,4,AUTOROUTE A1,0.0,0.0
201500046169,25,12,15,15,1,93,78,1,1,2,6,AUTOROUTE A104,0.0,0.0
201500046170,26,12,15,9,1,95,18,1,1,1,6,AUTOROUTE A15,0.0,0.0
201500046171,27,12,15,3,4,95,604,1,1,1,2,AUTOROUTE A1,0.0,0.0
201500046172,27,12,15,11,1,93,5,1,1,1,2,AUTOROUTE A3,0.0,0.0
201500046173,27,12,15,16,1,95,219,1,1,1,6,AUTOROUTE A115,0.0,0.0
201500046174,27,12,15,17,3,95,607,1,1,1,4,AUTOROUTE A115,0.0,0.0
201500046175,28,12,15,1,3,60,631,1,1,1,6,AUTOROUTE A1,49.1434,2.57517
201500046176,25,12,15,4,3,95,582,1,1,2,4,AUTOROUTE A115,0.0,0.0
201500046177,29,12,15,8,1,95,277,1,1,2,3,AUTOROUTE A104,0.0,0.0
201500046178,29,12,15,15,1,93,5,1,1,1,5,AUTOROUTE A1,0.0,0.0
201500046179,29,12,15,10,1,95,394,1,1,2,6,AUTOROUTE A115,0.0,0.0
201500046180,31,12,15,2,3,95,527,1,1,2,6,AUTOROUTE A1,0.0,0.0
201500046181,30,12,15,20,3,95,641,1,1,1,6,AUTOROUTE A1,0.0,0.0
201500046182,31,12,15,8,2,93,27,1,1,1,6,AUTOROUTE A86,0.0,0.0
201500046183,30,12,15,4,2,93,27,1,1,1,4,AUTOROUTE A1,0.0,0.0
201500046184,22,12,15,12,1,93,66,1,1,1,4,AUTOROUTE A1,0.0,0.0
201500046185,1,1,15,0,3,92,64,1,1,9,6,A13,0.0,0.0
201500046186,1,1,15,7,3,78,455,1,1,1,7,A13,0.0,0.0
201500046187,1,1,15,19,3,78,640,1,1,1,3,A86 INT,0.0,0.0
201500046188,2,1,15,12,1,78,571,1,1,2,6,A13,0.0,0.0
201500046189,4,1,15,8,1,92,63,1,1,8,6,A86,0.0,0.0
201500046190,4,1,15,13,1,75,116,1,1,1,2,A13Y,0.0,0.0
201500046191,5,1,15,18,3,78,242,1,1,5,6,A12 W,0.0,0.0
201500046192,7,1,15,20,3,92,36,1,1,1,6,A86,0.0,0.0
201500046193,8,1,15,8,1,92,62,1,1,8,2,RN1013,0.0,0.0
201500046194,8,1,15,10,1,78,208,1,1,5,7,RN12 EXT,0.0,0.0
201500046195,8,1,15,17,2,92,50,1,1,1,3,A14,0.0,0.0
201500046196,8,1,15,19,3,78,73,1,1,2,7,A12 W,0.0,0.0
201500046197,10,1,15,20,5,92,64,1,1,2,7,N118,0.0,0.0
201500046198,13,1,15,8,2,78,418,1,1,1,2,A14,0.0,0.0
201500046199,13,1,15,14,1,92,50,1,1,1,2,A86,0.0,0.0
201500046200,13,1,15,16,1,78,646,1,1,3,3,RN12,0.0,0.0
201500046201,13,1,15,18,5,78,640,1,1,1,4,N118,0.0,0.0
201500046202,14,1,15,7,3,92,47,1,1,8,6,A13,0.0,0.0
201500046203,14,1,15,10,1,92,47,1,1,2,3,A13,0.0,0.0
201500046204,14,1,15,12,1,92,76,1,1,1,7,A13,0.0,0.0
201500046205,14,1,15,13,1,78,402,1,1,1,6,A13,0.0,0.0
201500046206,16,1,15,16,3,78,217,1,1,2,6,A13,0.0,0.0
201500046207,17,1,15,6,3,78,43,1,1,1,6,A12 W,0.0,0.0
201500046208,18,1,15,6,1,92,64,1,1,1,6,A13,0.0,0.0
201500046209,18,1,15,18,3,78,29,1,1,2,2,A13W,0.0,0.0
201500046210,20,1,15,18,3,92,64,1,1,8,3,A13,0.0,0.0
201500046211,21,1,15,8,1,92,48,1,1,1,6,N118,0.0,0.0
201500046212,22,1,15,7,1,78,640,1,1,1,7,A86 EXT,0.0,0.0
201500046213,24,1,15,4,3,78,455,1,1,8,5,A13,0.0,0.0
201500046214,24,1,15,12,1,92,64,1,1,1,6,N118,0.0,0.0
201500046215,24,1,15,14,1,78,640,1,1,1,2,N118,0.0,0.0
201500046216,25,1,15,1,3,78,206,1,1,1,3,A13,0.0,0.0
201500046217,25,1,15,8,3,92,72,1,1,1,6,N118,0.0,0.0
201500046218,25,1,15,9,1,92,64,1,1,1,6,N118,0.0,0.0
201500046219,25,1,15,19,5,78,322,1,1,1,6,RN12 EXT,0.0,0.0
201500046220,26,1,15,8,5,92,62,1,1,9,7,RN1013,0.0,0.0
201500046221,28,1,15,13,1,92,64,1,1,2,2,A13,0.0,0.0
201500046222,28,1,15,18,3,78,73,1,1,2,2,N12Y,0.0,0.0
201500046223,29,1,15,16,1,92,72,1,1,3,6,N118,0.0,0.0
201500046224,30,1,15,10,1,92,62,1,1,1,5,RN1014 W,0.0,0.0
201500046225,30,1,15,12,1,92,25,1,1,4,3,A86,0.0,0.0
201500046226,30,1,15,15,1,78,640,1,9,9,7,A86 INT,0.0,0.0
201500046227,30,1,15,20,5,78,206,1,1,1,5,A13,0.0,0.0
201500046228,1,2,15,18,1,92,25,1,1,1,2,A86,0.0,0.0
201500046229,1,2,15,19,3,78,402,1,1,1,6,A13,0.0,0.0
201500046230,1,2,15,23,4,92,36,1,1,9,6,A86,0.0,0.0
201500046231,2,2,15,10,1,92,50,1,1,2,2,A86,0.0,0.0
201500046232,3,2,15,8,1,78,7,1,1,1,4,A13W,0.0,0.0
201500046233,3,2,15,8,1,92,62,1,1,1,3,RN1014 W,0.0,0.0
201500046234,3,2,15,20,3,78,646,1,1,1,2,RN12 INT,0.0,0.0
201500046235,4,2,15,2,3,92,25,1,1,1,6,A86,0.0,0.0
201500046236,4,2,15,4,5,78,362,1,1,1,6,A13,0.0,0.0
201500046237,4,2,15,11,1,78,490,1,1,1,1,RN12 INT,0.0,0.0
201500046238,4,2,15,18,1,75,116,1,1,1,2,A13Y,0.0,0.0
201500046239,4,2,15,22,3,92,36,1,1,1,2,A86,0.0,0.0
201500046240,5,2,15,8,1,92,36,1,1,1,2,A86,0.0,0.0
201500046241,6,2,15,8,1,92,48,1,1,1,3,N118,0.0,0.0
201500046242,6,2,15,16,1,78,640,1,1,1,3,N118,0.0,0.0
201500046243,6,2,15,18,3,78,126,1,1,1,4,A13,0.0,0.0
201500046244,7,2,15,2,5,92,26,1,1,1,4,RN1014 Y,0.0,0.0
201500046245,7,2,15,4,4,92,50,1,1,1,2,A86,0.0,0.0
201500046246,7,2,15,13,1,92,36,1,1,1,5,RN315 W,0.0,0.0
201500046247,8,2,15,7,1,92,50,1,1,1,6,A86,0.0,0.0
201500046248,8,2,15,8,1,78,7,1,1,1,6,A13 Y,0.0,0.0
201500046249,9,2,15,7,5,92,50,1,1,1,2,A14,0.0,0.0
201500046250,9,2,15,7,2,78,362,1,1,1,6,A13,0.0,0.0
201500046251,9,2,15,12,1,78,466,1,1,1,2,A13,0.0,0.0
201500046252,9,2,15,17,2,78,423,1,1,1,3,RN12,0.0,0.0
201500046253,10,2,15,15,1,92,50,1,1,1,6,A14,0.0,0.0
201500046254,10,2,15,19,3,75,116,1,1,1,5,A13Y,0.0,0.0
201500046255,11,2,15,6,3,78,498,1,1,1,2,A13,0.0,0.0
201500046256,11,2,15,11,1,92,64,1,1,1,2,A13,0.0,0.0
201500046257,12,2,15,6,3,92,25,1,1,1,2,A86,0.0,0.0
201500046258,15,2,15,13,1,78,402,1,1,1,2,A13,0.0,0.0
201500046259,15,2,15,21,5,78,672,1,1,1,1,A13,0.0,0.0
201500046260,16,2,15,0,3,92,50,1,1,1,7,A86,0.0,0.0
201500046261,16,2,15,8,1,78,322,1,1,1,7,RN12,0.0,0.0
201500046262,17,2,15,19,3,78,646,1,1,1,2,RN12,0.0,0.0
201500046263,19,2,15,0,3,78,29,1,1,5,6,A13Y,0.0,0.0
201500046264,20,2,15,8,1,92,48,1,1,2,2,N118,0.0,0.0
201500046265,20,2,15,9,1,92,51,1,1,1,6,RN13,0.0,0.0
201500046266,20,2,15,12,1,92,64,1,1,2,4,A13,0.0,0.0
201500046267,20,2,15,15,1,92,64,1,1,2,7,A13,0.0,0.0
201500046268,20,2,15,17,2,78,423,1,1,2,7,N12W,0.0,0.0
201500046269,21,2,15,1,5,92,64,1,1,1,7,A13,0.0,0.0
201500046270,21,2,15,7,1,92,47,1,1,1,6,A13,0.0,0.0
201500046271,21,2,15,19,3,78,524,1,9,8,7,A13,0.0,0.0
201500046272,22,2,15,1,4,78,640,1,1,1,6,N118,0.0,0.0
201500046273,22,2,15,11,1,92,48,1,1,1,7,N118,0.0,0.0
201500046274,23,2,15,7,2,92,50,1,1,2,7,A86,0.0,0.0
201500046275,23,2,15,17,1,78,423,1,1,1,2,A12 Y,0.0,0.0
201500046276,24,2,15,9,1,92,48,1,1,1,6,N118,0.0,0.0
201500046277,24,2,15,9,1,78,455,1,1,1,2,A13,0.0,0.0
201500046278,24,2,15,10,1,78,545,1,1,1,1,A12 W,0.0,0.0
201500046279,24,2,15,18,1,92,62,1,1,1,2,RN1014 W,0.0,0.0
201500046280,26,2,15,8,1,92,36,1,1,8,4,A86,0.0,0.0
201500046281,27,2,15,9,1,78,7,1,1,1,4,A13W,0.0,0.0
201500046282,27,2,15,11,1,78,571,1,1,1,2,A13,0.0,0.0
201500046283,27,2,15,11,1,78,43,1,1,1,6,A12 Y,0.0,0.0
201500046284,27,2,15,17,1,92,50,1,1,1,2,A86,0.0,0.0
201500046285,27,2,15,17,1,78,73,1,1,1,2,A12 W,0.0,0.0
201500046286,1,3,15,7,1,92,25,1,1,8,6,A86,0.0,0.0
201500046287,2,3,15,9,1,78,43,1,1,1,2,A13W,0.0,0.0
201500046288,4,3,15,8,1,78,73,1,1,1,5,A12 Y,0.0,0.0
201500046289,4,3,15,13,1,92,4,1,1,1,4,RN315 W,0.0,0.0
201500046290,6,3,15,9,1,78,322,1,1,1,1,A86 EXT,0.0,0.0