Num_Acc,jour,mois,an,hr,condition_eclairage,departement,commune,condition_agglomeration,intersection,condition_atmosphere,type_collision,adresse,lattitude,longitude
201500046291,6,3,15,9,1,78,43,1,1,1,2,A12 W,0.0,0.0
201500046292,6,3,15,12,1,78,466,1,1,1,6,A13,0.0,0.0
201500046293,6,3,15,13,1,78,43,1,1,1,3,A12 Y,0.0,0.0
201500046294,7,3,15,20,3,92,12,1,1,1,4,A13,0.0,0.0
201500046295,8,3,15,18,1,92,25,1,1,1,2,A86,0.0,0.0
201500046296,9,3,15,7,1,92,47,1,1,8,3,A13,0.0,0.0
201500046297,9,3,15,18,1,92,26,1,1,1,6,RN192,0.0,0.0
201500046298,9,3,15,21,3,78,43,1,1,1,6,A12 Y,0.0,0.0
201500046299,10,3,15,18,1,92,47,1,1,1,1,A13,0.0,0.0
201500046300,11,3,15,7,1,78,498,1,1,1,4,A13,0.0,0.0
201500046301,12,3,15,15,1,78,90,1,1,1,3,A13,0.0,0.0
201500046302,13,3,15,6,1,78,466,1,1,1,3,A13,0.0,0.0
201500046303,13,3,15,6,3,78,466,1,1,1,6,A13,0.0,0.0
201500046304,13,3,15,7,1,92,47,1,1,1,2,A13,0.0,0.0
201500046305,16,3,15,9,1,78,423,1,1,1,6,RN12,0.0,0.0
201500046306,17,3,15,3,3,78,90,1,1,1,3,A13,0.0,0.0
201500046307,17,3,15,8,1,92,12,1,1,1,2,A13,0.0,0.0
201500046308,18,3,15,8,1,78,43,1,1,1,3,A12 Y,0.0,0.0
201500046309,19,3,15,8,1,92,72,1,1,1,2,N118,0.0,0.0
201500046310,19,3,15,10,1,92,64,1,1,1,7,A13,0.0,0.0
201500046311,20,3,15,7,1,92,36,1,1,8,3,RN315 Y,0.0,0.0
201500046312,23,3,15,13,1,92,72,1,1,1,2,N118,0.0,0.0
201500046313,24,3,15,18,1,92,47,1,1,1,5,A13,0.0,0.0
201500046314,25,3,15,8,1,78,423,1,1,2,2,N12W,0.0,0.0
201500046315,26,3,15,7,1,92,63,1,1,1,3,A86,0.0,0.0
201500046316,27,3,15,10,1,78,43,1,1,1,6,A12 Y,0.0,0.0
201500046317,27,3,15,16,1,78,640,1,1,1,7,A86 EXT,0.0,0.0
201500046318,28,3,15,10,1,92,47,1,1,2,5,A13,0.0,0.0
201500046319,28,3,15,16,1,92,50,1,1,1,1,A86,0.0,0.0
201500046320,29,3,15,13,1,92,72,1,1,2,7,N118,0.0,0.0
201500046321,30,3,15,9,1,78,524,1,1,8,3,A13,0.0,0.0
201500046322,31,3,15,12,1,92,64,1,1,1,5,A13,0.0,0.0
201500046323,31,3,15,12,1,78,571,1,1,1,6,A13,0.0,0.0
201500046324,31,3,15,18,1,92,36,1,1,1,3,A86,0.0,0.0
201500046325,31,3,15,19,1,78,646,1,1,1,3,RN12,0.0,0.0
201500046326,1,4,15,8,1,92,47,1,1,1,3,A13,0.0,0.0
201500046327,1,4,15,9,1,92,47,1,1,1,3,A13,0.0,0.0
201500046328,1,4,15,17,1,92,25,1,1,1,3,A86,0.0,0.0
201500046329,2,4,15,9,1,92,51,1,1,1,3,RN13,0.0,0.0
201500046330,24,3,15,7,1,78,646,1,1,1,2,RN12,0.0,0.0
201500046331,2,4,15,18,1,92,48,1,1,2,7,N118,0.0,0.0
201500046332,3,4,15,16,1,78,640,1,1,2,2,N118,0.0,0.0
201500046333,8,4,15,13,1,78,73,1,1,1,4,RN12 INT,0.0,0.0
201500046334,8,4,15,15,1,92,50,1,1,1,5,A14,0.0,0.0
201500046335,8,4,15,20,1,78,238,1,1,1,2,A13,0.0,0.0
201500046336,9,4,15,13,1,78,43,1,1,1,4,A12 W,0.0,0.0
201500046337,9,4,15,18,1,78,640,1,1,1,5,N118,0.0,0.0
201500046338,10,4,15,8,1,92,25,1,1,1,7,A86,0.0,0.0
201500046339,10,4,15,9,1,92,64,1,1,1,4,A13,0.0,0.0
201500046340,10,4,15,16,1,78,133,1,1,1,4,A13,0.0,0.0
201500046341,11,4,15,5,3,92,47,1,1,2,2,A13,0.0,0.0
201500046342,11,4,15,17,1,78,291,1,1,1,6,A13,0.0,0.0
201500046343,15,4,15,13,1,78,43,1,1,1,3,A12 Y,0.0,0.0
201500046344,16,4,15,17,1,92,12,1,1,1,3,A13,0.0,0.0
201500046345,17,4,15,9,1,92,50,1,1,1,3,A14,0.0,0.0
201500046346,17,4,15,10,1,92,36,1,1,1,2,A86,0.0,0.0
201500046347,17,4,15,17,1,78,238,1,1,1,1,A13,0.0,0.0
201500046348,17,4,15,19,1,78,29,1,1,1,1,A13W,0.0,0.0
201500046349,18,4,15,5,3,78,43,1,1,1,7,A12 Y,0.0,0.0
201500046350,19,4,15,13,1,92,47,1,1,1,2,A13,0.0,0.0
201500046351,20,4,15,21,4,78,423,1,1,1,2,N12W,0.0,0.0
201500046352,21,4,15,9,1,92,36,1,1,1,1,A86,0.0,0.0
201500046353,21,4,15,9,1,92,64,1,1,1,1,A13,0.0,0.0
201500046354,21,4,15,15,1,92,72,1,1,1,6,N118,0.0,0.0
201500046355,21,4,15,18,1,92,47,1,1,1,4,A13,0.0,0.0
201500046356,21,4,15,22,3,78,206,1,1,1,6,A13,0.0,0.0
201500046357,22,4,15,1,3,92,48,1,1,1,6,N118,0.0,0.0
201500046358,22,4,15,7,1,78,43,1,1,1,3,A12 W,0.0,0.0
201500046359,22,4,15,9,1,92,51,1,1,1,5,N13,0.0,0.0
201500046360,22,4,15,18,1,92,47,1,1,1,6,A13,0.0,0.0
201500046361,22,4,15,19,1,78,545,1,1,1,3,A12 W,0.0,0.0
201500046362,24,4,15,17,1,78,545,1,1,1,2,A12 W,0.0,0.0
201500046363,25,4,15,2,5,78,238,1,1,3,6,A13,0.0,0.0
201500046364,25,4,15,10,1,78,402,1,1,1,2,A13,0.0,0.0
201500046365,25,4,15,12,1,78,431,1,1,1,5,A13,0.0,0.0
201500046366,28,4,15,14,1,78,90,1,1,1,2,A13,0.0,0.0
201500046367,28,4,15,21,3,78,646,1,1,1,6,RN12,0.0,0.0
201500046368,29,4,15,18,1,92,64,1,1,1,4,A13,0.0,0.0
201500046369,30,4,15,17,1,78,423,1,1,2,6,RN12,0.0,0.0
201500046370,30,4,15,17,1,78,423,1,1,1,6,RN12,0.0,0.0
201500046371,30,4,15,18,1,92,50,1,1,3,3,A86,0.0,0.0
201500046372,1,5,15,1,5,92,72,1,1,3,6,N118,0.0,0.0
201500046373,1,5,15,6,3,92,48,1,1,2,6,N118,0.0,0.0
201500046374,1,5,15,13,1,78,423,1,1,2,6,RN12,0.0,0.0
201500046375,2,5,15,17,1,78,640,1,1,2,6,A86 EXT,0.0,0.0
201500046376,3,5,15,6,3,78,322,1,1,2,6,RN12,0.0,0.0
201500046377,3,5,15,11,1,92,64,1,1,2,6,N118,0.0,0.0
201500046378,3,5,15,12,1,92,36,1,1,2,1,A86,0.0,0.0
201500046379,3,5,15,15,1,92,36,1,1,1,4,A86,0.0,0.0
201500046380,3,5,15,22,3,78,362,1,1,1,7,A13,0.0,0.0
201500046381,4,5,15,7,1,78,640,1,1,1,5,A86 EXT,0.0,0.0
201500046382,4,5,15,9,1,78,466,1,1,1,4,A13,0.0,0.0
201500046383,4,5,15,9,1,92,50,1,1,1,6,A86,0.0,0.0
201500046384,5,5,15,8,1,78,490,1,1,1,7,RN12 EXT,0.0,0.0
201500046385,6,5,15,8,1,92,25,1,1,1,7,A86,0.0,0.0
201500046386,7,5,15,17,1,78,118,1,1,1,6,A13,0.0,0.0
201500046387,9,5,15,1,5,92,50,1,1,1,2,A14,0.0,0.0
201500046388,9,5,15,5,3,92,47,1,1,1,1,A13,0.0,0.0
201500046389,10,5,15,16,1,92,62,1,1,1,2,RN1014 W,0.0,0.0
201500046390,10,5,15,17,1,78,640,1,1,1,6,RN12 INT,0.0,0.0
201500046391,10,2,15,19,1,78,640,1,1,1,5,A86 EXT,0.0,0.0
201500046392,11,5,15,9,1,78,466,1,1,1,7,A13,0.0,0.0
201500046393,11,5,15,18,1,78,73,1,1,1,5,A12 Y,0.0,0.0
201500046394,11,5,15,21,3,78,217,1,1,1,6,A13,0.0,0.0
201500046395,12,5,15,17,1,78,640,1,1,1,3,N118,0.0,0.0
201500046396,12,5,15,19,1,78,423,1,1,1,2,RN12,0.0,0.0
201500046397,13,5,15,14,1,78,640,1,1,1,4,N118,0.0,0.0
201500046398,13,5,15,17,1,78,43,1,1,1,4,A12 W,0.0,0.0
201500046399,13,5,15,17,1,92,48,1,1,1,3,N118,0.0,0.0
201500046400,13,5,15,20,1,78,640,1,1,1,3,N118,0.0,0.0
201500046401,14,5,15,0,4,78,297,1,1,1,4,RN12,0.0,0.0
201500046402,14,5,15,15,1,92,50,1,1,1,1,A86,0.0,0.0
201500046403,15,5,15,11,1,78,126,1,1,1,2,A13,0.0,0.0
201500046404,16,5,15,11,1,78,140,1,1,1,7,A13,0.0,0.0
201500046405,17,5,15,5,2,78,140,1,1,1,6,A13,0.0,0.0
201500046406,17,5,15,6,2,92,47,1,1,1,1,A13,0.0,0.0
201500046407,18,5,15,2,4,78,646,1,1,1,6,RN12,0.0,0.0
201500046408,18,5,15,9,1,78,322,1,1,1,3,RN12 EXT,0.0,0.0
201500046409,19,5,15,16,1,78,90,1,1,3,6,A13,0.0,0.0
201500046410,20,5,15,9,1,92,64,1,1,1,2,A13,0.0,0.0
201500046411,20,5,15,10,1,92,23,1,1,1,4,RN385,0.0,0.0
201500046412,21,5,15,12,1,78,73,1,1,1,4,RN12 INT,0.0,0.0
201500046413,21,5,15,14,1,78,165,1,1,1,2,RN12 INT,0.0,0.0
201500046414,21,5,15,14,1,92,51,1,1,1,1,N13,0.0,0.0
201500046415,21,5,15,17,1,78,133,1,1,1,5,A13,0.0,0.0
201500046416,22,5,15,21,1,92,25,1,1,1,4,A86,0.0,0.0
201500046417,22,5,15,22,3,78,321,1,1,1,2,RN12 INT,0.0,0.0
201500046418,23,5,15,0,3,78,165,1,1,1,6,RN12 EXT,0.0,0.0
201500046419,23,5,15,1,3,78,43,1,1,1,6,A12 W,0.0,0.0
201500046420,23,5,15,5,3,92,25,1,1,1,7,A86,0.0,0.0
201500046421,23,5,15,6,1,92,36,1,1,1,6,A86,0.0,0.0
201500046422,23,5,15,13,1,78,466,1,1,1,6,A13,0.0,0.0
201500046423,26,5,15,9,1,78,466,1,1,1,2,A13,0.0,0.0
201500046424,28,5,15,7,1,78,7,1,1,1,1,A13W,0.0,0.0
201500046425,29,5,15,11,1,78,423,1,1,1,6,A12 Y,0.0,0.0
201500046426,30,5,15,12,1,92,64,1,1,1,2,A13,0.0,0.0
201500046427,31,5,15,6,1,78,43,1,1,1,6,A12 Y,0.0,0.0
201500046428,31,5,15,14,1,78,402,1,1,2,6,A13,0.0,0.0
201500046429,1,6,15,9,1,78,322,1,1,1,1,RN12 EXT,0.0,0.0
201500046430,1,6,15,16,1,92,50,1,1,1,6,A86,0.0,0.0
201500046431,1,6,15,17,1,78,362,1,1,1,2,A13,0.0,0.0
201500046432,2,6,15,8,1,92,48,1,1,1,4,N118,0.0,0.0
201500046433,3,6,15,8,1,78,640,1,1,1,7,A86 EXT,0.0,0.0
201500046434,4,6,15,4,3,78,117,1,1,1,6,RN12,0.0,0.0
201500046435,4,6,15,8,1,78,640,1,1,1,5,A86 EXT,0.0,0.0
201500046436,4,6,15,9,1,92,12,1,1,1,6,A13,0.0,0.0
201500046437,4,6,15,9,1,78,423,1,1,1,5,A12 W,0.0,0.0
201500046438,5,6,15,10,1,92,62,1,1,1,6,RN1013,0.0,0.0
201500046439,5,6,15,13,1,78,490,1,1,1,7,RN12 EXT,0.0,0.0
201500046440,5,6,15,16,1,92,64,1,1,1,2,A13,0.0,0.0
201500046441,6,6,15,10,1,78,431,1,1,1,6,A13,0.0,0.0
201500046442,6,6,15,13,1,78,140,1,1,1,4,A13,0.0,0.0
201500046443,6,6,15,18,1,92,72,1,1,1,7,N118,0.0,0.0
201500046444,7,6,15,13,1,78,402,1,1,1,6,A13,0.0,0.0
201500046445,8,6,15,6,1,78,43,1,1,1,6,A12 Y,0.0,0.0
201500046446,8,6,15,10,1,78,524,1,1,1,4,A13,0.0,0.0
201500046447,9,6,15,7,1,78,672,1,1,1,4,A13,0.0,0.0
201500046448,9,6,15,8,1,92,50,1,1,1,2,A86,0.0,0.0
201500046449,9,6,15,9,1,92,25,1,1,1,1,A86,0.0,0.0
201500046450,10,6,15,9,1,78,640,1,1,1,2,A86 EXT,0.0,0.0
201500046451,11,6,15,1,3,78,322,1,1,1,3,RN12 EXT,0.0,0.0
201500046452,11,6,15,9,1,92,48,1,1,1,7,N118,0.0,0.0
201500046453,11,6,15,18,1,92,50,1,1,1,6,A86,0.0,0.0
201500046454,12,6,15,8,1,78,402,1,1,1,2,A13,0.0,0.0
201500046455,12,6,15,9,1,78,217,1,1,1,2,A13,0.0,0.0
201500046456,12,6,15,9,1,78,431,1,1,1,4,A13,0.0,0.0
201500046457,12,6,15,10,1,78,126,1,1,1,2,A13,0.0,0.0
201500046458,12,6,15,16,1,78,242,1,1,1,5,A12 Y,0.0,0.0
201500046459,13,6,15,8,1,92,26,1,1,1,6,RN192,0.0,0.0
201500046460,13,6,15,10,1,92,50,1,1,1,2,A86,0.0,0.0
201500046461,14,6,15,13,1,92,63,1,1,1,6,A86,0.0,0.0
201500046462,15,6,15,0,3,78,291,1,1,1,2,A13,0.0,0.0
201500046463,15,6,15,17,1,92,50,1,1,1,4,A14,0.0,0.0
201500046464,16,6,15,17,1,78,640,1,1,1,3,A86 EXT,0.0,0.0
201500046465,16,6,15,18,1,92,62,1,1,1,7,RN1014 W,0.0,0.0
201500046466,16,6,15,18,1,78,402,1,1,1,6,A13,0.0,0.0
201500046467,17,6,15,16,1,92,36,1,1,1,6,A86,0.0,0.0
201500046468,17,6,15,18,1,92,36,1,1,1,1,A86,0.0,0.0
201500046469,18,6,15,18,1,78,73,1,1,1,7,A12 W,0.0,0.0
201500046470,19,6,15,15,1,78,43,1,1,1,2,A12 W,0.0,0.0
201500046471,19,6,15,15,1,75,116,1,1,1,7,A13Y,0.0,0.0
201500046472,19,6,15,17,1,78,73,1,1,1,5,A12 W,0.0,0.0
201500046473,19,6,15,20,1,92,64,1,1,1,4,A13,0.0,0.0
201500046474,19,6,15,20,1,78,646,1,1,1,2,A86 INT,0.0,0.0
201500046475,20,6,15,3,5,92,50,1,1,1,2,A14,0.0,0.0
201500046476,20,6,15,5,1,78,140,1,1,1,1,A13,0.0,0.0
201500046477,21,6,15,7,1,78,43,1,1,1,1,A12 Y,0.0,0.0
201500046478,21,6,15,11,1,92,36,1,1,1,2,A86,0.0,0.0
201500046479,21,6,15,15,1,92,72,1,1,1,6,N118,0.0,0.0
201500046480,21,6,15,17,1,78,43,1,1,1,2,A12 Y,0.0,0.0
201500046481,21,6,15,18,1,78,238,1,1,1,3,A13,0.0,0.0
201500046482,21,6,15,20,1,92,62,1,1,9,2,A14,0.0,0.0
201500046483,22,6,15,8,1,78,490,1,1,1,7,RN12 EXT,0.0,0.0
201500046484,22,6,15,17,1,78,545,1,1,3,5,A12 W,0.0,0.0
201500046485,23,6,15,17,1,78,43,1,1,1,5,A12 Y,0.0,0.0
201500046486,24,6,15,8,1,78,242,1,1,1,2,A12 Y,0.0,0.0
201500046487,24,6,15,17,1,92,25,1,1,1,5,A86,0.0,0.0
201500046488,25,6,15,6,1,92,50,1,1,1,3,A86,0.0,0.0
201500046489,25,6,15,8,1,78,466,1,1,1,3,A13,0.0,0.0
201500046490,25,6,15,17,1,78,640,1,1,1,5,A86 EXT,0.0,0.0
201500046491,26,6,15,7,1,92,64,1,1,1,3,A13,0.0,0.0
201500046492,26,6,15,13,1,92,63,1,1,1,6,A86,0.0,0.0
201500046493,26,6,15,16,1,92,63,1,1,1,6,A86 DUPLEX,0.0,0.0
201500046494,27,6,15,10,1,92,64,1,1,1,4,A13,0.0,0.0
201500046495,27,6,15,19,1,92,62,1,1,1,6,RN1013,0.0,0.0
201500046496,28,6,15,5,5,78,126,1,1,1,2,A13,0.0,0.0
201500046497,29,6,15,7,1,78,73,1,1,1,6,N12Y,0.0,0.0
201500046498,29,6,15,20,1,92,51,1,1,1,1,RN13,0.0,0.0
201500046499,29,6,15,21,1,78,140,1,1,1,7,A13,0.0,0.0
201500046500,30,6,15,14,1,78,402,1,1,1,1,A13,0.0,0.0
201500046501,30,6,15,17,1,78,43,1,1,1,5,A13Y,0.0,0.0
201500046502,30,6,15,19,1,78,646,1,1,1,2,RN12 INT,0.0,0.0
201500046503,1,7,15,8,1,92,23,1,1,1,2,RN385,0.0,0.0
201500046504,1,7,15,17,1,78,646,1,1,1,1,RN12,0.0,0.0
201500046505,2,7,15,9,1,92,48,1,1,1,1,N118,0.0,0.0
201500046506,2,7,15,14,1,78,490,1,1,1,2,RN12 INT,0.0,0.0
201500046507,3,7,15,8,1,92,62,1,1,1,5,RN1014 W,0.0,0.0
201500046508,3,7,15,8,1,92,50,1,1,1,1,A86,0.0,0.0
201500046509,3,7,15,8,1,92,64,1,1,1,4,A13,0.0,0.0
201500046510,3,7,15,9,1,92,25,1,1,1,5,A86,0.0,0.0
201500046511,3,7,15,12,1,92,50,1,1,1,3,A86,0.0,0.0
201500046512,3,7,15,12,1,78,571,1,1,1,6,A13,0.0,0.0
201500046513,3,7,15,17,1,78,431,1,1,1,1,A13,0.0,0.0
201500046514,3,7,15,18,1,92,51,1,1,1,4,RN13,0.0,0.0
201500046515,4,7,15,0,3,78,291,1,1,1,2,A13,0.0,0.0
201500046516,5,7,15,4,5,92,50,1,1,1,6,A86,0.0,0.0
201500046517,5,7,15,5,2,92,76,1,1,1,6,A13,0.0,0.0
201500046518,6,7,15,8,1,78,640,1,1,1,5,A86 EXT,0.0,0.0
201500046519,6,7,15,9,1,78,524,1,1,1,5,A13,0.0,0.0
201500046520,6,7,15,12,1,92,62,1,1,1,4,RN1014 W,0.0,0.0
201500046521,6,7,15,18,1,92,64,1,1,1,2,A13,0.0,0.0
201500046522,6,7,15,20,1,92,25,1,1,1,5,A86,0.0,0.0
201500046523,7,7,15,14,1,92,64,1,1,1,2,A13,0.0,0.0
201500046524,7,7,15,17,1,92,50,1,1,1,2,A86,0.0,0.0
201500046525,7,7,15,20,1,92,47,1,1,1,1,A13,0.0,0.0
201500046526,8,7,15,17,1,78,217,1,1,1,6,A13,0.0,0.0
201500046527,8,7,15,17,1,78,133,1,1,1,4,A13,0.0,0.0
201500046528,8,7,15,18,1,92,36,1,1,1,2,A86,0.0,0.0
201500046529,8,7,15,18,1,78,126,1,1,1,1,A13,0.0,0.0
201500046530,9,7,15,7,1,78,242,1,1,1,1,A12 W,0.0,0.0
201500046531,9,7,15,8,1,78,423,1,1,1,5,RN12,0.0,0.0
201500046532,9,7,15,9,1,92,64,1,1,1,5,A13,0.0,0.0
201500046533,9,7,15,9,1,92,51,1,1,1,1,RN13,0.0,0.0
201500046534,9,7,15,10,1,92,72,1,1,1,2,N118,0.0,0.0
201500046535,9,7,15,11,1,92,72,1,1,1,5,N118,0.0,0.0
201500046536,9,7,15,23,3,92,51,1,1,1,2,RN13,0.0,0.0
201500046537,26,6,15,18,1,78,140,1,1,1,3,A13,0.0,0.0
201500046538,10,7,15,17,1,78,321,1,1,1,5,RN12 INT,0.0,0.0
201500046539,10,7,15,18,1,78,640,1,1,1,4,A86 EXT,0.0,0.0
201500046540,11,7,15,4,3,92,25,1,1,1,6,A86,0.0,0.0
201500046541,11,7,15,9,1,92,23,1,1,1,6,RN385,0.0,0.0
201500046542,12,7,15,2,3,78,322,1,1,1,6,RN12 EXT,0.0,0.0
201500046543,12,7,15,11,1,78,571,1,1,1,7,A13,0.0,0.0
201500046544,12,7,15,23,3,92,47,1,1,1,6,A13,0.0,0.0
201500046545,12,7,15,23,4,92,51,1,1,1,5,RN13,0.0,0.0
201500046546,13,7,15,11,1,78,297,1,1,1,6,RN12,0.0,0.0
201500046547,14,7,15,5,3,78,571,1,1,1,6,A13,0.0,0.0
201500046548,14,7,15,17,1,78,646,1,1,1,1,RN12,0.0,0.0
201500046549,14,7,15,19,1,92,63,1,1,1,3,A86,0.0,0.0
201500046550,15,7,15,0,3,78,140,1,1,1,6,A13,0.0,0.0
201500046551,15,7,15,8,1,92,25,1,1,1,4,A86,0.0,0.0
201500046552,15,7,15,18,1,92,36,1,1,1,4,A86,0.0,0.0
201500046553,16,7,15,2,3,78,90,1,1,1,6,A13,0.0,0.0
201500046554,16,7,15,11,1,78,133,1,1,1,7,A14,0.0,0.0
201500046555,16,7,15,20,1,78,7,1,1,1,6,A13W,0.0,0.0
201500046556,17,7,15,11,1,78,551,1,1,1,2,SE A14,0.0,0.0
201500046557,17,7,15,16,1,78,242,1,1,1,5,A12 Y,0.0,0.0
201500046558,18,7,15,12,1,78,362,1,1,1,6,A13,0.0,0.0
201500046559,18,7,15,12,1,78,640,1,1,1,6,A86 INT,0.0,0.0
201500046560,18,7,15,15,1,92,4,1,1,1,1,RN315 Y,0.0,0.0
201500046561,21,7,15,19,1,78,640,1,1,1,4,A86 EXT,0.0,0.0
201500046562,22,7,15,8,1,78,158,1,1,1,2,A13,0.0,0.0
201500046563,22,7,15,17,1,92,23,1,1,1,5,RN385,0.0,0.0
201500046564,23,7,15,21,2,78,238,1,1,1,7,A13,0.0,0.0
201500046565,24,7,15,1,4,92,36,1,1,1,6,A86,0.0,0.0
201500046566,25,7,15,2,4,92,47,1,1,1,1,A13,0.0,0.0
201500046567,25,7,15,18,1,78,90,1,1,1,2,A13,0.0,0.0
201500046568,26,7,15,5,3,78,7,1,1,1,6,A13 Y,0.0,0.0
201500046569,28,7,15,18,1,78,640,1,1,2,6,A86 EXT,0.0,0.0
201500046570,29,7,15,5,2,92,72,1,1,1,7,N118,0.0,0.0
201500046571,29,7,15,17,1,78,455,1,1,1,5,A13,0.0,0.0
201500046572,29,7,15,19,1,78,423,1,1,1,3,A12 W,0.0,0.0
201500046573,30,7,15,19,1,78,43,1,1,1,5,A13Y,0.0,0.0
201500046574,30,7,15,23,5,78,640,1,1,1,4,RN12 INT,0.0,0.0
201500046575,1,8,15,12,1,78,646,1,1,1,2,RN12,0.0,0.0
201500046576,1,8,15,19,1,92,50,1,1,1,7,A14,0.0,0.0
201500046577,31,7,15,9,1,78,73,1,1,1,2,A12 Y,0.0,0.0
201500046578,5,8,15,11,1,78,455,1,1,1,2,A13,0.0,0.0
201500046579,6,8,15,8,1,92,62,1,1,1,2,RN1013,0.0,0.0
201500046580,6,8,15,18,1,78,43,1,1,1,1,A12 Y,0.0,0.0
201500046581,7,8,15,9,1,92,50,1,1,1,6,A86,0.0,0.0
201500046582,8,8,15,14,1,78,43,1,1,1,7,A12 W,0.0,0.0
201500046583,8,8,15,18,1,78,321,1,1,1,6,RN12 INT,0.0,0.0
201500046584,13,8,15,20,2,92,63,1,1,2,6,A86,0.0,0.0
201500046585,19,8,15,3,3,78,490,1,1,1,6,RN12 EXT,0.0,0.0
201500046586,19,8,15,8,1,92,25,1,1,1,3,A86,0.0,0.0
201500046587,19,8,15,15,1,92,50,1,1,1,6,A14,0.0,0.0
201500046588,20,8,15,14,1,78,646,1,1,1,5,RN12,0.0,0.0
201500046589,20,8,15,21,3,78,43,1,1,1,2,A12 W,0.0,0.0
201500046590,22,8,15,6,3,78,291,1,1,1,6,A13,0.0,0.0
201500046591,22,8,15,10,1,78,43,1,1,1,5,A13Y,0.0,0.0
201500046592,22,8,15,14,1,92,50,1,1,1,5,A14,0.0,0.0
201500046593,22,8,15,22,4,78,158,1,1,1,3,A13,0.0,0.0
201500046594,24,8,15,8,1,78,423,1,1,3,7,RN12,0.0,0.0
201500046595,24,8,15,10,1,75,116,1,1,2,6,A13Y,0.0,0.0
201500046596,24,8,15,16,1,92,50,1,1,3,6,A14,0.0,0.0
201500046597,24,8,15,17,1,92,25,1,1,3,7,A86,0.0,0.0
201500046598,26,8,15,20,1,78,640,1,1,1,1,A86 EXT,0.0,0.0
201500046599,27,8,15,8,1,92,25,1,1,2,3,A86,0.0,0.0
201500046600,27,8,15,17,1,92,63,1,1,3,6,A86,0.0,0.0
201500046601,28,8,15,13,1,78,640,1,1,1,6,RN12 INT,0.0,0.0
201500046602,28,8,15,13,1,92,60,1,1,1,6,RN385,0.0,0.0
201500046603,31,8,15,12,1,78,291,1,1,1,6,A13,0.0,0.0
201500046604,31,8,15,18,1,92,23,1,1,1,4,RN385,0.0,0.0
201500046605,1,9,15,11,1,92,64,1,1,1,6,A13,0.0,0.0
201500046606,2,9,15,14,1,78,524,1,1,1,5,A13,0.0,0.0
201500046607,3,9,15,9,1,92,47,1,1,1,4,A13,0.0,0.0
201500046608,3,9,15,12,1,78,423,1,1,1,2,A12 W,0.0,0.0
201500046609,3,9,15,17,1,78,238,1,1,1,6,A13,0.0,0.0
201500046610,4,9,15,5,3,78,43,1,1,1,6,A12 Y,0.0,0.0
201500046611,4,9,15,11,1,92,62,1,1,1,4,RN1014 W,0.0,0.0
201500046612,5,9,15,14,1,92,36,1,1,1,1,A86,0.0,0.0
201500046613,5,9,15,20,1,92,36,1,1,2,2,RN315 W,0.0,0.0
201500046614,7,9,15,8,1,78,640,1,1,1,2,A86 EXT,0.0,0.0
201500046615,7,9,15,19,1,92,50,1,1,1,2,A86,0.0,0.0
201500046616,8,9,15,9,1,92,62,1,1,1,2,RN1014 W,0.0,0.0
201500046617,8,9,15,20,5,92,12,1,1,1,5,A13,0.0,0.0
201500046618,9,9,15,17,1,78,43,1,1,1,2,A12 W,0.0,0.0
201500046619,10,9,15,8,1,78,490,1,1,1,3,RN12 EXT,0.0,0.0
201500046620,11,9,15,10,1,78,242,1,1,1,3,A12 W,0.0,0.0
201500046621,11,9,15,15,1,92,25,1,1,1,5,A86,0.0,0.0
201500046622,11,9,15,19,1,92,51,1,1,1,2,N13,0.0,0.0
201500046623,11,9,15,20,3,78,217,1,1,2,5,A13,0.0,0.0
201500046624,12,9,15,13,1,78,321,1,1,3,6,RN12 INT,0.0,0.0
201500046625,12,9,15,15,1,78,423,1,1,1,1,RN12,0.0,0.0
201500046626,12,9,15,19,1,92,64,1,1,1,5,A13,0.0,0.0
201500046627,12,9,15,19,1,78,640,1,1,1,1,N118,0.0,0.0
201500046628,12,9,15,20,1,78,73,1,1,2,6,RN12 INT,0.0,0.0
201500046629,13,9,15,5,3,78,402,1,1,1,1,A13,0.0,0.0
201500046630,13,9,15,14,1,78,90,1,1,2,6,A13,0.0,0.0
201500046631,13,9,15,20,5,78,321,1,1,1,6,RN12 INT,0.0,0.0
201500046632,14,9,15,6,2,78,640,1,1,2,7,N118,0.0,0.0
201500046633,14,9,15,16,1,92,72,1,1,1,2,N118,0.0,0.0
201500046634,14,9,15,19,1,92,64,1,1,8,7,A13,0.0,0.0
201500046635,15,9,15,9,1,78,551,1,1,1,4,A14,0.0,0.0
201500046636,15,9,15,16,1,78,133,1,1,1,4,A13,0.0,0.0
201500046637,16,9,15,12,1,78,7,1,1,3,7,A13W,0.0,0.0
201500046638,16,9,15,18,1,75,116,1,1,1,2,A13Y,0.0,0.0
201500046639,17,9,15,9,1,78,498,1,1,8,2,A14,0.0,0.0
201500046640,19,9,15,3,3,92,63,1,1,1,6,A86,0.0,0.0
201500046641,20,9,15,18,1,78,640,1,1,1,2,A86 INT,0.0,0.0
201500046642,21,9,15,0,3,78,498,1,1,1,7,A13,0.0,0.0
201500046643,21,9,15,8,1,92,76,1,1,1,6,A13,0.0,0.0
201500046644,21,9,15,7,1,78,640,1,1,1,4,A86 EXT,0.0,0.0
201500046645,21,9,15,8,1,78,524,1,1,1,3,A13,0.0,0.0
201500046646,21,9,15,18,1,78,423,1,1,1,3,N12W,0.0,0.0
201500046647,22,9,15,5,3,78,73,1,1,1,3,RN12 INT,0.0,0.0
201500046648,22,9,15,17,1,78,362,1,1,2,5,A13,0.0,0.0
201500046649,23,9,15,14,1,78,43,1,1,1,4,A12 W,0.0,0.0
201500046650,23,9,15,17,1,92,25,1,1,1,3,A86,0.0,0.0
201500046651,23,9,15,19,1,92,50,1,1,1,4,A86,0.0,0.0
201500046652,23,9,15,23,5,92,72,1,1,1,2,N118,0.0,0.0
201500046653,24,9,15,9,1,78,73,1,1,1,4,A12 Y,0.0,0.0
201500046654,25,9,15,0,3,92,36,1,1,1,6,A86,0.0,0.0
201500046655,25,9,15,6,3,92,64,1,1,1,5,A13,0.0,0.0
201500046656,25,9,15,10,1,92,25,1,1,1,2,A86,0.0,0.0
201500046657,26,9,15,10,1,78,455,1,1,1,6,A13,0.0,0.0
201500046658,26,9,15,19,1,92,47,1,1,1,5,A13,0.0,0.0
201500046659,27,9,15,2,5,78,362,1,1,1,1,A13,0.0,0.0
201500046660,28,9,15,8,1,78,490,1,1,1,5,RN12 INT,0.0,0.0
201500046661,28,9,15,9,1,78,418,1,1,7,2,A14,0.0,0.0
201500046662,29,9,15,6,3,78,7,1,1,1,2,A13W,0.0,0.0
201500046663,29,9,15,8,1,92,23,1,1,1,2,RN186,0.0,0.0
201500046664,29,9,15,8,2,78,7,1,1,1,1,A13W,0.0,0.0
201500046665,29,9,15,9,1,78,640,1,1,1,2,A86 INT,0.0,0.0
201500046666,29,9,15,9,1,92,50,1,1,1,5,A14,0.0,0.0
201500046667,29,9,15,10,1,92,50,1,1,1,1,A86,0.0,0.0
201500046668,29,9,15,10,1,92,50,1,1,1,1,A86,0.0,0.0
201500046669,29,9,15,19,1,92,36,1,1,1,2,A86,0.0,0.0