Num_Acc,jour,mois,an,hr,condition_eclairage,departement,commune,condition_agglomeration,intersection,condition_atmosphere,type_collision,adresse,lattitude,longitude
201500046670,29,9,15,21,4,92,25,1,1,1,4,A86,0.0,0.0
201500046671,30,9,15,10,1,92,36,1,1,1,4,A86,0.0,0.0
201500046672,30,9,15,16,1,78,133,1,1,1,6,A13,0.0,0.0
201500046673,1,10,15,8,1,78,640,1,1,1,3,RN12 INT,0.0,0.0
201500046674,1,10,15,10,1,92,50,1,1,1,3,A86,0.0,0.0
201500046675,1,10,15,18,1,75,116,1,1,1,1,A13Y,0.0,0.0
201500046676,2,10,15,7,1,78,73,1,1,1,5,N12Y,0.0,0.0
201500046677,2,10,15,8,1,78,418,1,1,1,3,A14,0.0,0.0
201500046678,2,10,15,9,1,78,545,1,1,1,4,A12 Y,0.0,0.0
201500046679,2,10,15,20,5,92,25,1,1,1,2,A86,0.0,0.0
201500046680,3,10,15,15,1,92,25,1,1,1,3,A86,0.0,0.0
201500046681,3,10,15,17,1,78,140,1,1,1,5,A13,0.0,0.0
201500046682,3,10,15,18,1,78,545,1,1,1,7,A12 W,0.0,0.0
201500046683,3,10,15,21,4,92,50,1,1,1,2,A86,0.0,0.0
201500046684,5,10,15,3,4,78,646,1,1,1,7,RN12,0.0,0.0
201500046685,6,10,15,8,1,92,64,1,1,3,2,A13,0.0,0.0
201500046686,6,10,15,10,1,92,36,1,1,1,7,A86,0.0,0.0
201500046687,6,10,15,10,1,78,545,1,1,2,2,A12 W,0.0,0.0
201500046688,6,10,15,11,1,92,62,1,1,1,6,RN1014 W,0.0,0.0
201500046689,7,10,15,7,1,78,90,1,1,1,3,A13,0.0,0.0
201500046690,7,10,15,7,1,78,423,1,1,1,2,A12 Y,0.0,0.0
201500046691,7,10,15,18,1,78,431,1,1,1,2,A13,0.0,0.0
201500046692,8,10,15,6,3,78,402,1,1,1,6,A13,0.0,0.0
201500046693,9,10,15,14,1,92,25,1,1,1,5,A86,0.0,0.0
201500046694,9,10,15,15,1,78,206,1,1,1,2,A13,0.0,0.0
201500046695,9,10,15,19,2,78,43,1,1,1,3,A12 W,0.0,0.0
201500046696,10,10,15,17,1,78,455,1,1,1,6,A13,0.0,0.0
201500046697,10,10,15,20,5,92,64,1,1,1,7,A13,0.0,0.0
201500046698,12,10,15,7,1,78,43,1,1,1,2,A12 W,0.0,0.0
201500046699,12,10,15,8,1,78,466,1,1,1,1,A13,0.0,0.0
201500046700,12,10,15,18,1,78,133,1,1,1,6,A14,0.0,0.0
201500046701,13,10,15,8,1,92,36,1,1,1,2,A86,0.0,0.0
201500046702,13,10,15,9,1,92,51,1,1,1,5,RN13,0.0,0.0
201500046703,13,10,15,10,1,78,640,1,1,1,7,A86 EXT,0.0,0.0
201500046704,13,10,15,18,1,78,640,1,1,1,1,N118,0.0,0.0
201500046705,14,10,15,8,1,78,431,1,1,1,3,A13,0.0,0.0
201500046706,14,10,15,9,1,78,498,1,1,1,6,A13,0.0,0.0
201500046707,15,10,15,6,4,92,50,1,1,1,1,A86,0.0,0.0
201500046708,15,10,15,8,1,92,26,1,1,1,4,RN192,0.0,0.0
201500046709,15,10,15,16,1,78,455,1,1,1,3,A13,0.0,0.0
201500046710,16,10,15,8,2,78,90,1,1,2,2,A13,0.0,0.0
201500046711,16,10,15,9,1,92,47,1,1,2,2,A13,0.0,0.0
201500046712,16,10,15,18,1,78,640,1,1,5,6,A86 EXT,0.0,0.0
201500046713,17,10,15,3,3,78,571,1,1,8,6,A13,0.0,0.0
201500046714,18,10,15,6,3,78,217,1,1,1,6,A13,0.0,0.0
201500046715,19,10,15,19,3,92,48,1,1,1,5,N118,0.0,0.0
201500046716,19,10,15,22,3,92,50,1,1,1,7,A86,0.0,0.0
201500046717,20,10,15,8,1,78,43,1,1,1,6,A12 Y,0.0,0.0
201500046718,20,10,15,16,1,92,64,1,1,1,5,A13,0.0,0.0
201500046719,20,10,15,18,3,92,47,1,1,1,6,A13,0.0,0.0
201500046720,21,10,15,9,1,78,646,1,1,1,7,RN12 INT,0.0,0.0
201500046721,21,10,15,13,1,78,640,1,1,1,2,A86 EXT,0.0,0.0
201500046722,22,10,15,6,4,92,25,1,1,8,2,A86,0.0,0.0
201500046723,22,10,15,8,1,78,640,1,9,2,7,N118,0.0,0.0
201500046724,22,10,15,8,1,92,36,1,1,1,5,A86,0.0,0.0
201500046725,22,10,15,11,1,78,490,1,1,2,7,RN12 INT,0.0,0.0
201500046726,22,10,15,13,1,78,498,1,1,2,3,A13,0.0,0.0
201500046727,23,10,15,7,5,78,640,1,1,1,1,A86 EXT,0.0,0.0
201500046728,23,10,15,15,1,92,25,1,1,1,2,A86,0.0,0.0
201500046729,23,10,15,16,1,78,362,1,1,1,6,A13,0.0,0.0
201500046730,24,10,15,0,3,92,36,1,1,1,7,A86,0.0,0.0
201500046731,24,10,15,7,2,78,291,1,1,1,6,A13,0.0,0.0
201500046732,25,10,15,21,3,78,321,1,1,1,2,RN12 INT,0.0,0.0
201500046733,26,10,15,17,1,78,640,1,1,1,2,N118,0.0,0.0
201500046734,27,10,15,9,1,78,640,1,1,1,1,A86 EXT,0.0,0.0
201500046735,27,10,15,21,5,92,50,1,1,2,2,A14,0.0,0.0
201500046736,28,10,15,5,3,92,36,1,1,2,6,A86,0.0,0.0
201500046737,28,10,15,15,1,92,50,1,1,1,5,A14,0.0,0.0
201500046738,28,10,15,17,1,78,43,1,1,1,1,A12 W,0.0,0.0
201500046739,30,10,15,16,1,78,291,1,1,1,4,A13,0.0,0.0
201500046740,30,10,15,18,4,78,217,1,1,1,5,A13,0.0,0.0
201500046741,31,10,15,3,3,92,36,1,1,1,7,A86,0.0,0.0
201500046742,1,11,15,7,1,78,362,1,1,5,2,A13,0.0,0.0
201500046743,2,11,15,7,1,78,7,1,1,5,2,A13W,0.0,0.0
201500046744,2,11,15,8,1,78,524,1,1,5,3,A13,0.0,0.0
201500046745,2,11,15,19,1,78,646,1,1,1,2,RN12,0.0,0.0
201500046746,3,11,15,7,2,78,423,1,1,2,2,RN12,0.0,0.0
201500046747,3,11,15,7,1,92,50,1,1,8,5,A86,0.0,0.0
201500046748,3,11,15,18,5,78,362,1,1,1,2,A13,0.0,0.0
201500046749,4,11,15,2,3,78,322,1,1,8,6,RN12,0.0,0.0
201500046750,4,11,15,16,1,78,117,1,1,8,5,RN12,0.0,0.0
201500046751,6,11,15,15,1,92,36,1,1,2,4,A86,0.0,0.0
201500046752,7,11,15,9,1,78,238,1,1,1,2,A13,0.0,0.0
201500046753,7,11,15,19,3,78,640,1,1,1,6,N118,0.0,0.0
201500046754,8,11,15,1,3,78,545,1,1,5,2,A12 Y,0.0,0.0
201500046755,8,11,15,7,2,78,646,1,1,1,6,RN12 INT,0.0,0.0
201500046756,8,11,15,18,3,78,133,1,1,1,1,A13,0.0,0.0
201500046757,9,11,15,10,1,92,60,1,1,1,2,RN385,0.0,0.0
201500046758,10,11,15,10,1,92,64,1,1,1,6,N118,0.0,0.0
201500046759,10,11,15,18,5,78,466,1,1,1,6,A13,0.0,0.0
201500046760,10,11,15,19,3,92,50,1,1,1,4,A86,0.0,0.0
201500046761,11,11,15,1,5,92,50,1,1,1,6,A86,0.0,0.0
201500046762,12,11,15,8,1,92,63,1,1,1,7,A86,0.0,0.0
201500046763,12,11,15,9,1,92,26,1,1,1,1,RN1014 Y,0.0,0.0
201500046764,13,11,15,12,1,92,62,1,1,1,2,RN1014 W,0.0,0.0
201500046765,13,11,15,13,1,78,551,1,1,1,1,SE A14,0.0,0.0
201500046766,13,11,15,16,2,78,640,1,1,1,4,A86 EXT,0.0,0.0
201500046767,15,11,15,17,2,78,640,1,1,1,4,A86 EXT,0.0,0.0
201500046768,16,11,15,17,2,78,362,1,1,1,1,A13,0.0,0.0
201500046769,16,11,15,18,2,92,50,1,1,1,4,A86,0.0,0.0
201500046770,17,11,15,7,1,92,50,1,1,1,1,A86,0.0,0.0
201500046771,17,11,15,8,1,92,47,1,1,1,6,A13,0.0,0.0
201500046772,17,11,15,9,1,78,208,1,1,1,1,RN12 EXT,0.0,0.0
201500046773,19,11,15,7,2,92,50,1,1,1,4,A86,0.0,0.0
201500046774,19,11,15,17,3,78,133,1,1,2,2,A13,0.0,0.0
201500046775,19,11,15,18,1,78,423,1,1,1,1,RN12,0.0,0.0
201500046776,19,11,15,19,5,78,466,1,1,3,4,A13,0.0,0.0
201500046777,20,11,15,8,1,92,62,1,1,3,4,RN1014 W,0.0,0.0
201500046778,20,11,15,9,1,92,36,1,1,2,1,A86,0.0,0.0
201500046779,20,11,15,16,1,92,47,1,1,1,2,A13,0.0,0.0
201500046780,20,11,15,18,2,78,402,1,1,1,4,A13,0.0,0.0
201500046781,20,11,15,21,5,92,12,1,1,2,7,A13,0.0,0.0
201500046782,23,11,15,9,1,78,431,1,1,1,5,A13,0.0,0.0
201500046783,23,11,15,12,1,78,524,1,1,1,6,A13,0.0,0.0
201500046784,24,11,15,7,1,78,43,1,1,1,1,A12 W,0.0,0.0
201500046785,24,11,15,15,1,92,50,1,1,1,1,A86,0.0,0.0
201500046786,24,11,15,23,3,78,640,1,1,2,6,RN12 INT,0.0,0.0
201500046787,25,11,15,9,1,78,73,1,1,2,1,A12 W,0.0,0.0
201500046788,25,11,15,9,1,78,126,1,1,2,3,A13,0.0,0.0
201500046789,26,11,15,18,5,78,646,1,1,1,3,RN12,0.0,0.0
201500046790,27,11,15,10,1,92,76,1,1,1,1,A13,0.0,0.0
201500046791,27,11,15,18,3,78,423,1,1,1,4,RN12,0.0,0.0
201500046792,28,11,15,9,1,78,466,1,1,1,6,A13,0.0,0.0
201500046793,28,11,15,17,5,78,646,1,1,1,3,RN12,0.0,0.0
201500046794,30,11,15,9,1,92,47,1,1,1,6,A13,0.0,0.0
201500046795,30,11,15,14,1,78,423,1,1,1,6,A12 W,0.0,0.0
201500046796,1,12,15,18,5,78,640,1,1,1,3,N118,0.0,0.0
201500046797,2,12,15,20,5,92,50,1,1,1,7,A86,0.0,0.0
201500046798,3,12,15,8,2,78,640,1,1,1,1,A86 EXT,0.0,0.0
201500046799,4,12,15,18,5,78,466,1,1,1,1,A13,0.0,0.0
201500046800,4,12,15,18,5,78,73,1,1,1,6,A12 W,0.0,0.0
201500046801,5,12,15,3,4,78,551,1,1,1,6,A14,0.0,0.0
201500046802,5,12,15,18,5,78,73,1,1,1,6,A12 W,0.0,0.0
201500046803,6,12,15,17,2,78,117,1,1,1,6,RN12,0.0,0.0
201500046804,6,12,15,18,2,92,50,1,1,1,1,A86,0.0,0.0
201500046805,7,12,15,6,1,78,524,1,1,1,2,A13,0.0,0.0
201500046806,7,12,15,10,1,92,23,1,1,1,7,RN385,0.0,0.0
201500046807,7,12,15,12,1,78,646,1,1,1,1,RN12,0.0,0.0
201500046808,7,12,15,15,1,78,206,1,1,1,4,A13,0.0,0.0
201500046809,7,12,15,18,1,78,29,1,1,1,2,A13Y,0.0,0.0
201500046810,8,12,15,10,1,92,51,1,1,1,2,RN13,0.0,0.0
201500046811,8,12,15,14,1,78,362,1,1,2,2,A13,0.0,0.0
201500046812,8,12,15,16,1,92,48,1,1,1,1,N118,0.0,0.0
201500046813,8,12,15,16,2,92,50,1,1,3,1,A86,0.0,0.0
201500046814,8,12,15,17,5,92,50,1,1,1,4,A14,0.0,0.0
201500046815,8,12,15,19,5,92,48,1,1,8,3,N118,0.0,0.0
201500046816,9,12,15,0,3,78,571,1,1,8,6,A13,0.0,0.0
201500046817,8,12,15,16,1,92,51,1,1,2,3,N13,0.0,0.0
201500046818,9,12,15,9,1,92,50,1,1,1,3,A86,0.0,0.0
201500046819,10,12,15,8,1,92,36,1,1,1,3,A86,0.0,0.0
201500046820,10,12,15,18,3,78,73,1,1,1,2,RN12 INT,0.0,0.0
201500046821,11,12,15,0,5,92,72,1,1,1,2,N118,0.0,0.0
201500046822,11,12,15,12,1,92,50,1,1,1,6,A86,0.0,0.0
201500046823,11,12,15,15,1,78,118,1,1,1,4,A13,0.0,0.0
201500046824,11,12,15,17,2,78,90,1,1,1,2,A13,0.0,0.0
201500046825,13,12,15,7,3,78,140,1,1,1,2,A13,0.0,0.0
201500046826,14,12,15,6,5,78,206,1,1,1,5,A13,0.0,0.0
201500046827,14,12,15,8,1,78,362,1,1,1,2,A13,0.0,0.0
201500046828,15,12,15,2,3,92,72,1,1,1,6,N118,0.0,0.0
201500046829,15,12,15,13,1,92,47,1,1,8,6,A13,0.0,0.0
201500046830,15,12,15,17,5,78,322,1,1,2,5,RN12 EXT,0.0,0.0
201500046831,15,12,15,19,4,78,640,1,1,3,6,N118,0.0,0.0
201500046832,16,12,15,0,3,78,206,1,1,2,6,A13,0.0,0.0
201500046833,16,12,15,7,5,78,640,1,1,2,4,A86 EXT,0.0,0.0
201500046834,16,12,15,8,1,92,48,1,1,1,3,N118,0.0,0.0
201500046835,17,12,15,8,2,92,36,1,1,1,4,A86,0.0,0.0
201500046836,17,12,15,8,1,92,50,1,1,1,1,A86,0.0,0.0
201500046837,17,12,15,17,3,92,48,1,1,1,3,N118,0.0,0.0
201500046838,17,12,15,22,5,92,36,1,1,2,6,RN315 Y,0.0,0.0
201500046839,19,12,15,4,5,92,48,1,1,1,6,N118,0.0,0.0
201500046840,19,12,15,17,2,78,217,1,1,1,6,A13,0.0,0.0
201500046841,19,12,15,17,1,78,217,1,1,1,6,A13,0.0,0.0
201500046842,20,12,15,7,3,78,126,1,1,1,6,A13,0.0,0.0
201500046843,21,12,15,21,3,92,36,1,1,8,3,A86,0.0,0.0
201500046844,22,12,15,16,1,92,25,1,1,1,1,A86,0.0,0.0
201500046845,22,12,15,18,1,78,73,1,1,1,5,A12 Y,0.0,0.0
201500046846,23,12,15,11,1,92,64,1,1,1,2,A13,0.0,0.0
201500046847,23,12,15,17,2,92,36,1,1,1,1,A86,0.0,0.0
201500046848,23,12,15,18,3,92,72,1,1,1,3,N118,0.0,0.0
201500046849,24,12,15,15,1,92,50,1,1,1,3,A14,0.0,0.0
201500046850,24,12,15,17,3,78,455,1,1,1,2,A13,0.0,0.0
201500046851,25,12,15,10,1,78,640,1,1,1,6,A86 INT,0.0,0.0
201500046852,26,12,15,16,1,78,242,1,1,1,6,A12 W,0.0,0.0
201500046853,27,12,15,5,5,92,50,1,1,1,6,A14,0.0,0.0
201500046854,28,12,15,13,1,92,25,1,1,1,4,A86,0.0,0.0
201500046855,28,12,15,15,1,78,43,1,1,1,3,A12 W,0.0,0.0
201500046856,28,12,15,19,3,78,640,1,1,1,1,N118,0.0,0.0
201500046857,30,11,15,8,1,78,490,1,1,1,2,RN12 EXT,0.0,0.0
201500046858,30,12,15,18,3,78,43,1,1,1,2,A12 Y,0.0,0.0
201500046859,2,1,15,20,3,91,64,1,1,2,2,RN 118,0.0,0.0
201500046860,3,1,15,17,2,94,76,1,1,1,2,AUTOROUTE A6B,48.7915,2.3446
201500046861,3,1,15,22,5,91,174,1,1,2,2,RN 104,0.0,0.0
201500046862,5,1,15,6,3,91,216,1,1,1,3,AUTOROUTE A6,0.0,0.0
201500046863,5,1,15,9,1,91,471,1,1,5,4,RN 118,0.0,0.0
201500046864,5,1,15,15,1,91,377,1,1,1,6,RD 188,0.0,0.0
201500046865,6,1,15,19,3,91,161,1,1,1,2,AUTOROUTE A6,0.0,0.0
201500046866,7,1,15,14,1,91,174,1,1,1,2,RN 104,0.0,0.0
201500046867,7,1,15,18,3,91,549,1,1,1,5,RN 104,0.0,0.0
201500046868,8,1,15,6,3,91,589,1,1,1,5,AUTOROUTE A6,0.0,0.0
201500046869,8,1,15,14,1,91,477,1,1,2,1,AUTOROUTE A126,0.0,0.0
201500046870,8,1,15,16,1,91,377,1,1,8,5,AUTOROUTE A10,0.0,0.0
201500046871,9,1,15,12,1,91,521,1,1,2,3,RN 449,0.0,0.0
201500046872,9,1,15,13,1,91,434,1,1,2,4,AUTOROUTE A6,0.0,0.0
201500046873,9,1,15,14,1,91,521,1,1,1,7,RN 104,0.0,0.0
201500046874,9,1,15,20,3,91,589,1,1,1,7,AUTOROUTE A6,0.0,0.0
201500046875,9,1,15,23,3,94,38,1,1,1,5,AUTOROUTE A6B,48.7888,2.34413
201500046876,10,1,15,0,3,92,19,1,1,1,2,RN 385,0.0,0.0
201500046877,11,1,15,9,1,91,617,1,1,1,6,RN 104,0.0,0.0
201500046878,12,1,15,8,1,94,3,1,1,1,2,AUTOROUTE A6A,48.8081,2.34045
201500046879,16,1,15,4,3,91,286,1,1,8,6,AUTOROUTE A6,0.0,0.0
201500046880,13,1,15,20,3,91,64,1,1,1,2,RN 118,0.0,0.0
201500046881,14,1,15,8,2,91,617,1,1,1,6,RN 104,0.0,0.0
201500046882,15,1,15,9,1,91,286,1,1,1,6,AUTOROUTE A6,0.0,0.0
201500046883,15,1,15,9,1,94,21,1,1,1,6,AUTOROUTE A106,48.7596,2.34666
201500046884,18,1,15,11,1,91,617,1,1,1,6,RN 104,0.0,0.0
201500046885,19,1,15,18,5,94,34,1,1,8,4,AUTOROUTE A86,48.7606,2.31928
201500046886,19,1,15,19,5,91,174,1,1,1,5,RN 104,0.0,0.0
201500046887,19,1,15,21,4,91,161,1,1,8,2,AUTOROUTE A6,0.0,0.0
201500046888,19,1,15,9,1,91,471,1,1,2,4,RN 118,0.0,0.0
201500046889,19,1,15,13,1,91,86,1,1,2,6,RN 104,0.0,0.0
201500046890,21,1,15,19,3,91,86,1,1,1,4,RN 104,0.0,0.0
201500046891,22,1,15,19,3,91,432,1,1,1,2,AUTOROUTE A6,0.0,0.0
201500046892,23,1,15,22,3,91,179,1,1,1,6,AUTOROUTE A6,0.0,0.0
201500046893,24,1,15,23,3,91,377,1,1,1,6,AUTOROUTE A10,0.0,0.0
201500046894,25,1,15,17,1,94,76,1,1,1,2,AUTOROUTE A6B,48.7862,2.3463
201500046895,23,1,15,14,1,91,689,1,1,1,5,AUTOROUTE A6B,0.0,0.0
201500046896,26,1,15,7,5,91,347,1,1,2,3,RN 104,0.0,0.0
201500046897,24,1,15,14,1,91,689,1,1,1,5,AUTOROUTE A6B,0.0,0.0
201500046898,24,1,15,15,1,91,174,1,1,1,4,RN 104,0.0,0.0
201500046899,27,1,15,14,1,91,182,1,1,1,6,RN 104,0.0,0.0
201500046900,25,1,15,6,3,91,689,1,1,1,6,AUTOROUTE A6A,0.0,0.0
201500046901,29,1,15,8,1,91,692,1,1,2,2,RN 118,0.0,0.0
201500046902,26,1,15,17,2,91,521,1,1,2,6,RN 104,0.0,0.0
201500046903,27,1,15,8,1,91,692,1,1,1,2,RN 118,0.0,0.0
201500046904,27,1,15,9,1,94,21,1,1,1,7,AUTOROUTE A6B,48.7707,2.34567
201500046905,28,1,15,6,3,91,161,1,1,1,2,AUTOROUTE A6,0.0,0.0
201500046906,29,1,15,17,5,94,34,1,1,2,3,AUTOROUTE A86,48.7568,2.33148
201500046907,28,1,15,10,1,94,65,1,1,1,2,AUTOROUTE A86,48.7553,2.34453
201500046908,30,1,15,8,2,91,434,1,1,1,3,AUTOROUTE A6,0.0,0.0
201500046909,31,1,15,16,1,94,38,1,1,2,2,AUTOROUTE A6A,48.773,2.34581
201500046910,31,1,15,17,2,91,377,1,1,2,6,RD 188,0.0,0.0
201500046911,31,1,15,10,1,91,689,1,1,1,7,AUTOROUTE A6A,0.0,0.0
201500046912,1,2,15,17,1,94,43,1,1,2,7,AUTOROUTE A6B,48.8155,2.35611
201500046913,1,2,15,20,5,94,34,1,1,2,3,AUTOROUTE A86,48.7562,2.34072
201500046914,30,1,15,14,1,91,434,1,1,2,6,AUTOROUTE A6,0.0,0.0
201500046915,30,1,15,14,1,91,692,1,1,1,4,RN 118,48.67182,2.19381
201500046916,30,1,15,14,1,91,692,1,1,8,2,RN 118,0.0,0.0
201500046917,30,1,15,15,1,91,161,1,1,2,2,AUTOROUTE A126,0.0,0.0
201500046918,2,2,15,11,1,94,65,1,1,2,2,AUTOROUTE A86,48.755,2.34448
201500046919,31,1,15,11,1,91,432,1,1,2,6,AUTOROUTE A6,0.0,0.0
201500046920,31,1,15,21,3,91,617,1,1,2,6,RN 104,0.0,0.0
201500046921,1,2,15,6,5,91,345,1,1,1,6,A6,0.0,0.0
201500046922,1,2,15,9,1,94,34,1,1,1,6,AUTOROUTE A86,48.7561,2.34111
201500046923,1,2,15,23,3,91,477,1,1,1,3,A10,0.0,0.0
201500046924,2,2,15,5,3,91,182,1,1,1,6,RN 104,0.0,0.0
201500046925,3,2,15,8,1,91,692,1,1,1,2,RN 118,0.0,0.0
201500046926,4,2,15,9,1,94,21,1,1,1,3,AUTOROUTE A6A,48.7643,2.34239
201500046927,4,2,15,13,1,94,21,1,1,1,7,AUTOROUTE A6B,48.7709,2.34476
201500046928,4,2,15,18,3,91,377,1,1,1,2,A10,0.0,0.0
201500046929,5,2,15,12,1,91,228,1,1,1,5,A6,0.0,0.0
201500046930,5,2,15,16,1,91,645,1,1,1,6,RN 385 Extérieure,0.0,0.0
201500046931,7,2,15,11,1,91,174,1,1,1,5,RN 104,0.0,0.0
201500046932,9,2,15,9,1,91,521,1,1,1,2,A6,0.0,0.0
201500046933,9,2,15,9,1,91,161,1,1,1,2,A6,0.0,0.0
201500046934,8,2,15,22,3,91,471,1,1,1,7,RN 118,0.0,0.0
201500046935,9,2,15,12,1,94,76,1,1,1,2,AUTOROUTE A6B,48.7934,2.34505
201500046936,9,2,15,15,1,94,34,1,1,1,2,AUTOROUTE A6B,48.7583,2.3387
201500046937,12,2,15,4,3,91,340,1,1,1,6,A6,0.0,0.0
201500046938,11,2,15,18,3,91,312,1,1,1,1,RD 444,0.0,0.0
201500046939,11,2,15,10,1,91,174,1,1,1,5,RN 104,0.0,0.0
201500046940,12,2,15,16,1,91,573,1,1,1,5,RN 104,0.0,0.0
201500046941,12,2,15,18,3,91,182,1,1,1,2,A6,0.0,0.0
201500046942,12,2,15,6,2,94,21,1,1,1,2,AUTOROUTE A6B,48.7634,2.34227
201500046943,12,2,15,8,1,91,645,1,1,1,5,RN 385 Extérieure,0.0,0.0
201500046944,12,2,15,9,1,91,689,1,1,1,2,A6B,0.0,0.0
201500046945,13,2,15,4,3,91,617,1,1,1,2,RN 104,0.0,0.0
201500046946,14,2,15,0,5,94,43,1,1,2,6,AUTOROUTE A6B,48.8133,2.35417
201500046947,14,2,15,1,3,91,689,1,1,2,5,A6B,0.0,0.0
201500046948,14,2,15,7,3,91,689,1,1,2,3,A6B,0.0,0.0
201500046949,14,2,15,11,1,91,471,1,1,2,6,RN 118,0.0,0.0
201500046950,15,2,15,1,3,91,377,1,1,1,2,A10,0.0,0.0
201500046951,15,2,15,1,5,94,34,1,1,1,2,AUTOROUTE A6A,48.7568,2.33475
201500046952,14,2,15,17,1,91,161,1,1,2,3,A126,0.0,0.0
201500046953,14,2,15,17,1,91,340,1,1,2,6,RN 104,0.0,0.0
201500046954,15,2,15,22,3,91,521,1,1,1,4,A6,0.0,0.0
201500046955,15,2,15,13,1,91,617,1,1,1,6,RN 104,0.0,0.0
201500046956,16,2,15,8,1,91,161,1,1,5,4,A126,0.0,0.0
201500046957,16,2,15,21,3,94,76,1,1,1,5,AUTOROUTE A6B,48.7929,2.34429
201500046958,17,2,15,21,4,91,521,1,1,1,6,RN 104,0.0,0.0
201500046959,17,2,15,19,3,77,251,1,1,1,6,AUTOROUTE A5A,0.0,0.0
201500046960,19,2,15,7,2,91,521,1,1,1,6,RN 104,0.0,0.0
201500046961,20,2,15,12,1,91,235,1,1,2,5,RN 104,0.0,0.0
201500046962,20,2,15,13,1,94,34,1,1,2,2,AUTOROUTE A6B,48.7504,2.32847
201500046963,21,2,15,12,1,91,161,1,1,1,6,AUTOROUTE A6,0.0,0.0
201500046964,22,2,15,4,3,91,161,1,1,1,2,A6,0.0,0.0
201500046965,20,2,15,21,3,94,38,1,1,3,7,AUTOROUTE A6B,48.7771,2.34597
201500046966,21,2,15,16,1,91,434,1,1,9,6,A6,0.0,0.0
201500046967,22,2,15,23,3,94,34,1,1,1,6,AUTOROUTE A6B,48.7571,2.33487
201500046968,25,2,15,17,1,91,521,1,1,2,6,RN 104,0.0,0.0
201500046969,26,2,15,10,1,91,521,1,1,2,6,RN 104,0.0,0.0
201500046970,27,2,15,14,1,91,661,1,1,1,6,A10,0.0,0.0
201500046971,2,3,15,11,1,94,38,1,1,1,2,AUTOROUTE A6B,48.7879,2.34454
201500046972,28,2,15,18,3,92,2,1,1,2,6,AUTOROUTE A10,0.0,0.0
201500046973,1,3,15,9,1,91,521,1,1,1,6,RN 104,0.0,0.0
201500046974,2,3,15,9,1,91,136,1,1,1,1,AUTOROUTE A126,0.0,0.0
201500046975,1,3,15,10,1,91,521,1,1,1,6,RN 104,0.0,0.0
201500046976,1,3,15,21,3,91,521,1,1,1,7,RN 104,0.0,0.0
201500046977,2,3,15,16,1,91,161,1,1,1,4,AUTOROUTE A6,0.0,0.0
201500046978,2,3,15,15,1,91,521,1,1,1,2,RN 449,0.0,0.0
201500046979,3,3,15,19,3,91,666,1,1,2,6,AUTOROUTE A10,0.0,0.0
201500046980,5,3,15,10,1,94,34,1,1,1,4,AUTOROUTE A86,48.7602,2.32048
201500046981,5,3,15,12,1,94,34,1,1,1,7,AUTOROUTE A86,48.7563,2.3394
201500046982,5,3,15,17,1,91,434,1,1,1,4,AUTOROUTE A6,0.0,0.0
201500046983,9,3,15,8,1,91,179,1,1,1,3,AUTOROUTE A6,0.0,0.0
201500046984,8,3,15,20,4,91,521,1,1,1,2,AUTOROUTE A6,0.0,0.0
201500046985,6,3,15,15,1,91,174,1,1,1,2,RN 104,0.0,0.0
201500046986,6,3,15,16,1,91,689,1,1,1,5,AUTOROUTE A6A,0.0,0.0
201500046987,6,3,15,17,1,94,38,1,1,1,3,AUTOROUTE A6A,48.7748,2.34591
201500046988,7,3,15,10,1,91,161,1,1,1,5,AUTOROUTE A6,0.0,0.0
201500046989,9,3,15,18,2,77,251,1,1,1,2,AUTOROUTE A5A,0.0,0.0
201500046990,10,3,15,9,1,94,43,1,1,1,2,AUTOROUTE A6B,48.8103,2.34982
201500046991,11,3,15,8,1,94,43,1,1,1,2,AUTOROUTE A6B,48.8151,2.35583
201500046992,10,3,15,17,1,91,471,1,1,1,4,RN 118,0.0,0.0
201500046993,11,3,15,22,3,94,21,1,1,1,3,AUTOROUTE A6B,48.7627,2.34075
201500046994,11,3,15,18,1,91,161,1,1,1,2,AUTOROUTE A6,0.0,0.0
201500046995,11,3,15,7,2,94,34,1,1,1,5,AUTOROUTE A6B,48.7537,2.33227
201500046996,11,3,15,7,2,91,312,1,1,1,2,RD 444,0.0,0.0
201500046997,12,3,15,3,3,91,286,1,1,1,6,AUTOROUTE A6,0.0,0.0
201500046998,12,3,15,14,1,91,477,1,1,1,7,AUTOROUTE A10,0.0,0.0
201500046999,14,3,15,15,1,91,345,1,1,1,3,AUTOROUTE A6,0.0,0.0
201500047000,14,3,15,22,3,91,312,1,1,1,1,RD 444,0.0,0.0
201500047001,17,3,15,22,3,91,312,1,1,1,2,RD 444,0.0,0.0
201500047002,17,3,15,22,3,91,174,1,1,1,2,RN 104,0.0,0.0
201500047003,17,3,15,7,1,91,37,1,1,1,2,AUTOROUTE A6,0.0,0.0
201500047004,15,3,15,12,1,77,251,1,1,1,2,AUTOROUTE A5A,0.0,0.0
201500047005,18,3,15,15,1,94,76,1,1,1,3,AUTOROUTE A6B,48.7952,2.3452
201500047006,19,3,15,17,1,91,477,1,1,1,5,RD 444,0.0,0.0
201500047007,19,3,15,21,5,94,38,1,1,1,3,AUTOROUTE A6B,48.7883,2.34432
201500047008,19,3,15,6,2,91,549,1,1,1,5,RN 104,0.0,0.0
201500047009,19,3,15,9,1,91,103,1,1,1,4,RN 104,0.0,0.0
201500047010,19,3,15,15,1,94,43,1,1,1,2,AUTOROUTE A6B,48.8123,2.35244
201500047011,19,3,15,17,1,91,161,1,1,1,5,AUTOROUTE A6,0.0,0.0
201500047012,24,3,15,2,3,91,521,1,1,1,2,AUTOROUTE A6,0.0,0.0
201500047013,23,3,15,7,2,91,103,1,1,1,6,RN 104,0.0,0.0
201500047014,23,3,15,19,3,91,174,1,1,1,2,RN 104,0.0,0.0
201500047015,24,3,15,8,1,94,38,1,1,1,2,AUTOROUTE A6A,48.773,2.34581
201500047016,25,3,15,9,1,91,179,1,1,1,2,AUTOROUTE A6,0.0,0.0
201500047017,26,3,15,16,1,92,2,1,1,1,7,AUTOROUTE A86,0.0,0.0
201500047018,8,4,15,8,1,91,286,1,1,1,4,AUTOROUTE A6,0.0,0.0
201500047019,27,3,15,1,3,91,432,1,1,1,5,AUTOROUTE A6,0.0,0.0
201500047020,26,3,15,10,1,91,471,1,1,1,4,RN 118,0.0,0.0
201500047021,27,3,15,17,1,91,377,1,1,1,3,RN20,0.0,0.0
201500047022,8,4,15,10,1,91,434,1,1,1,4,AUTOROUTE A6,0.0,0.0