Num_Acc,jour,mois,an,hr,condition_eclairage,departement,commune,condition_agglomeration,intersection,condition_atmosphere,type_collision,adresse,lattitude,longitude
201500047023,28,3,15,23,3,91,347,1,1,8,7,RN 104,0.0,0.0
201500047024,29,3,15,12,1,94,34,1,1,2,6,AUTOROUTE A6B,48.7588,2.33629
201500047025,29,3,15,19,1,91,521,1,1,2,6,RN 449,0.0,0.0
201500047026,29,3,15,20,3,91,589,1,1,2,2,AUTOROUTE A6,0.0,0.0
201500047027,29,3,15,22,3,91,161,1,1,2,6,AUTOROUTE A6,0.0,0.0
201500047028,26,3,15,8,1,91,136,1,1,1,2,AUTOROUTE A10,0.0,0.0
201500047029,30,3,15,19,1,91,340,1,1,1,5,AUTOROUTE A6,0.0,0.0
201500047030,31,3,15,16,1,94,3,1,1,1,2,AUTOROUTE A6A,48.8073,2.34107
201500047031,1,4,15,19,1,91,661,1,1,1,5,RD 188 CHEVREUSE,0.0,0.0
201500047032,1,4,15,9,1,91,363,1,1,2,2,RN 104,0.0,0.0
201500047033,2,4,15,9,1,91,661,1,1,2,4,RD 188 CHEVREUSE,0.0,0.0
201500047034,4,4,15,11,1,91,617,1,1,2,6,RN 104,0.0,0.0
201500047035,5,4,15,15,1,91,521,1,1,1,7,RD 449,0.0,0.0
201500047036,3,4,15,18,1,91,161,1,1,2,3,AUTOROUTE A6,0.0,0.0
201500047037,3,4,15,18,1,91,521,1,1,2,5,AUTOROUTE A6,0.0,0.0
201500047038,3,4,15,18,1,91,179,1,1,3,3,AUTOROUTE A6,0.0,0.0
201500047039,3,4,15,21,5,94,21,1,1,2,7,AUTOROUTE A6B,48.7631,2.34108
201500047040,3,4,15,22,3,91,179,1,1,3,2,AUTOROUTE A6,0.0,0.0
201500047041,5,4,15,18,1,94,34,1,1,1,4,AUTOROUTE A86,48.7585,2.32527
201500047042,5,4,15,20,3,91,86,1,1,1,7,RN 104,0.0,0.0
201500047043,6,4,15,15,1,94,3,1,1,1,7,AUTOROUTE A6A,48.8129,2.33613
201500047044,7,4,15,16,1,91,312,1,1,1,2,RD 444,0.0,0.0
201500047045,7,4,15,18,1,91,86,1,1,1,4,RN 104,0.0,0.0
201500047046,7,4,15,10,1,92,2,1,1,1,4,AUTOROUTE A10,0.0,0.0
201500047047,7,4,15,12,1,91,689,1,1,1,3,AUTOROUTE A6A,0.0,0.0
201500047048,31,3,15,17,1,91,216,1,1,1,2,AUTOROUTE A6,0.0,0.0
201500047049,9,4,15,8,1,91,86,1,1,1,2,RN 104,0.0,0.0
201500047050,9,4,15,20,1,91,161,1,1,1,6,AUTOROUTE A6,0.0,0.0
201500047051,10,4,15,8,1,94,38,1,1,1,3,AUTOROUTE A6A,48.773,2.34581
201500047052,10,4,15,10,1,91,477,1,1,1,2,AUTOROUTE A10,0.0,0.0
201500047053,12,4,15,16,1,91,589,1,1,1,2,AUTOROUTE A6,0.0,0.0
201500047054,10,4,15,20,1,91,377,1,1,1,3,AUTOROUTE A10,0.0,0.0
201500047055,11,4,15,17,1,91,617,1,1,2,2,RN 104,0.0,0.0
201500047056,12,4,15,1,3,91,471,1,1,1,2,RN 118,0.0,0.0
201500047057,13,4,15,18,1,91,312,1,1,1,2,RD 444,0.0,0.0
201500047058,13,4,15,6,2,91,286,1,1,1,5,AUTOROUTE A6,0.0,0.0
201500047059,13,4,15,8,1,91,377,1,1,1,4,AUTOROUTE A10,0.0,0.0
201500047060,14,4,15,19,2,94,34,1,1,1,2,AUTOROUTE A86,48.7594,2.32291
201500047061,14,4,15,19,1,91,64,1,1,1,2,RN 118,0.0,0.0
201500047062,15,4,15,11,1,94,76,1,1,1,5,AUTOROUTE A6A,48.7934,2.3449
201500047063,19,4,15,19,1,94,34,1,1,1,4,AUTOROUTE A86,48.7606,2.31928
201500047064,17,4,15,16,1,94,34,1,1,1,4,AUTOROUTE A86,48.761,2.31808
201500047065,18,4,15,12,1,91,363,1,1,1,3,RN 104,0.0,0.0
201500047066,19,4,15,11,1,92,2,1,1,1,5,AUTOROUTE A10,0.0,0.0
201500047067,20,4,15,8,1,94,34,1,1,1,5,AUTOROUTE A86,48.7565,2.33303
201500047068,20,4,15,18,1,91,182,1,1,1,4,AUTOROUTE A6,0.0,0.0
201500047069,21,4,15,10,1,91,363,1,1,1,6,RN 104,0.0,0.0
201500047070,22,4,15,18,1,91,182,1,1,1,3,RN 104,0.0,0.0
201500047071,23,4,15,15,1,91,363,1,1,1,3,RN 104,0.0,0.0
201500047072,23,4,15,17,1,91,340,1,1,1,2,RN 104,0.0,0.0
201500047073,23,4,15,18,1,91,161,1,1,1,3,AUTOROUTE A6,0.0,0.0
201500047074,23,4,15,18,1,91,182,1,1,1,3,RN 104,0.0,0.0
201500047075,25,4,15,14,1,91,468,1,1,1,6,AUTOROUTE A6,0.0,0.0
201500047076,25,4,15,3,3,91,689,1,1,1,3,AUTOROUTE A6B,0.0,0.0
201500047077,26,4,15,16,1,91,216,1,1,3,3,AUTOROUTE A6,0.0,0.0
201500047078,26,4,15,17,1,94,34,1,1,3,6,AUTOROUTE A86,48.7577,2.33954
201500047079,26,4,15,19,1,91,521,1,9,2,6,RN 104,0.0,0.0
201500047080,26,4,15,22,3,91,521,1,1,2,6,RN 104,0.0,0.0
201500047081,26,4,15,22,5,91,521,1,1,2,5,RN 104,0.0,0.0
201500047082,24,4,15,9,1,94,34,1,1,1,4,AUTOROUTE A86,48.7563,2.3394
201500047083,25,4,15,10,1,91,179,1,1,1,4,AUTOROUTE A6,0.0,0.0
201500047084,25,4,15,9,1,91,617,1,1,8,6,RN 104,0.0,0.0
201500047085,27,4,15,17,1,91,645,1,1,1,2,RN 385 INT,0.0,0.0
201500047086,29,4,15,12,1,91,689,1,1,1,4,AUTOROUTE A6A,0.0,0.0
201500047087,29,4,15,18,1,91,434,1,1,1,2,AUTOROUTE A6,0.0,0.0
201500047088,29,4,15,19,1,91,161,1,1,1,2,AUTOROUTE A6,0.0,0.0
201500047089,1,5,15,14,1,91,136,1,1,2,6,AUTOROUTE A10,0.0,0.0
201500047090,1,5,15,17,1,91,136,1,1,1,6,AUTOROUTE A10,0.0,0.0
201500047091,1,5,15,14,1,91,617,1,1,2,6,RN 104,0.0,0.0
201500047092,1,5,15,15,1,91,340,1,1,2,7,RN 104,0.0,0.0
201500047093,1,5,15,16,1,91,182,1,1,3,7,RN 104,0.0,0.0
201500047094,1,5,15,16,1,94,34,1,1,2,6,AUTOROUTE A86,48.7558,2.33918
201500047095,1,5,15,18,1,94,34,1,1,2,6,AUTOROUTE A86,48.7563,2.3394
201500047096,1,5,15,17,1,91,521,1,1,3,6,RN 449,0.0,0.0
201500047097,2,5,15,18,1,91,235,1,1,3,3,RN 104,0.0,0.0
201500047098,2,5,15,19,1,92,2,1,1,2,4,AUTOROUTE A10,0.0,0.0
201500047099,4,5,15,9,1,91,161,1,1,1,4,AUTOROUTE A6,0.0,0.0
201500047100,30,4,15,8,1,94,34,1,1,2,7,AUTOROUTE A86,48.7571,2.33022
201500047101,30,4,15,18,1,91,136,1,1,3,2,A10 PARIS / RD188 PARIS,0.0,0.0
201500047102,30,4,15,19,1,91,434,1,1,2,7,AUTOROUTE A6,0.0,0.0
201500047103,1,5,15,8,1,91,235,1,1,3,7,RN 104,0.0,0.0
201500047104,1,5,15,7,1,91,645,1,1,3,6,RN 385 Extèrieure,0.0,0.0
201500047105,2,5,15,11,1,91,477,1,1,3,7,AUTOROUTE A10,0.0,0.0
201500047106,3,5,15,2,3,94,43,1,1,3,6,AUTOROUTE A6B,48.8131,2.35421
201500047107,3,5,15,17,1,91,521,1,1,2,4,RN 104,0.0,0.0
201500047108,5,5,15,0,3,91,179,1,1,8,6,AUTOROUTE A6,0.0,0.0
201500047109,5,5,15,0,3,94,34,1,1,8,4,AUTOROUTE A86,48.7587,2.3253
201500047110,5,5,15,11,1,94,76,1,1,1,4,AUTOROUTE A6A,48.7925,2.34467
201500047111,6,5,15,18,1,91,161,1,1,1,5,AUTOROUTE A6,0.0,0.0
201500047112,7,5,15,18,1,91,521,1,1,1,6,RN 104,0.0,0.0
201500047113,7,5,15,18,1,94,76,1,1,1,5,AUTOROUTE A6B,48.7961,2.34496
201500047114,7,5,15,8,1,91,86,1,1,1,2,RN 104,0.0,0.0
201500047115,7,5,15,8,1,77,251,1,1,1,3,RN 104,0.0,0.0
201500047116,8,5,15,12,1,91,468,1,1,1,2,AUTOROUTE A6,0.0,0.0
201500047117,10,5,15,19,1,91,687,1,1,1,3,AUTOROUTE A6,0.0,0.0
201500047118,11,5,15,7,1,91,553,1,1,1,7,RN 104,0.0,0.0
201500047119,11,5,15,18,1,91,687,1,1,1,2,AUTOROUTE A6,0.0,0.0
201500047120,11,5,15,17,1,91,471,1,1,1,3,RN 118,0.0,0.0
201500047121,12,5,15,9,1,91,549,1,1,1,2,RN 104,0.0,0.0
201500047122,12,5,15,14,1,91,179,1,1,1,5,AUTOROUTE A6,0.0,0.0
201500047123,12,5,15,19,1,91,161,1,1,1,4,AUTOROUTE A126,0.0,0.0
201500047124,12,5,15,18,1,91,363,1,1,1,3,RN 104,0.0,0.0
201500047125,13,5,15,16,1,94,38,1,1,1,2,AUTOROUTE A6A,48.7733,2.34571
201500047126,14,5,15,18,1,94,3,1,1,8,6,AUTOROUTE A6A,48.8081,2.34045
201500047127,13,5,15,10,1,94,3,1,1,1,2,AUTOROUTE A6B,48.801,2.34354
201500047128,15,5,15,19,1,91,174,1,1,1,5,RN 104,0.0,0.0
201500047129,16,5,15,17,1,91,216,1,1,1,4,AUTOROUTE A6,0.0,0.0
201500047130,17,5,15,22,3,91,182,1,1,1,3,RN 104,0.0,0.0
201500047131,19,5,15,1,3,91,161,1,1,1,2,AUTOROUTE A6,0.0,0.0
201500047132,19,5,15,15,1,94,21,1,1,1,2,AUTOROUTE A6A,48.7627,2.34099
201500047133,19,5,15,18,1,94,3,1,1,1,3,AUTOROUTE A6A,48.8038,2.342
201500047134,19,5,15,20,1,94,43,1,1,3,2,AUTOROUTE A6B,48.8135,2.35468
201500047135,20,5,15,8,1,91,471,1,1,1,5,RN 118,0.0,0.0
201500047136,20,5,15,13,1,91,432,1,1,1,3,AUTOROUTE A6,0.0,0.0
201500047137,25,5,15,18,1,91,661,1,1,1,1,AUTOROUTE A10,0.0,0.0
201500047138,23,5,15,8,1,91,340,1,1,1,2,AUTOROUTE A6,0.0,0.0
201500047139,23,5,15,23,3,91,434,1,1,1,2,AUTOROUTE A6,0.0,0.0
201500047140,24,5,15,20,1,91,179,1,1,1,6,AUTOROUTE A6,0.0,0.0
201500047141,26,5,15,11,1,94,16,1,1,1,3,AUTOROUTE A6A,48.7925,2.34467
201500047142,26,5,15,12,1,91,645,1,1,1,7,RN 385 Extèrieure,0.0,0.0
201500047143,26,5,15,14,1,91,377,1,1,1,2,AUTOROUTE A10,0.0,0.0
201500047144,27,5,15,8,1,92,19,1,1,1,3,RN 385,0.0,0.0
201500047145,27,5,15,12,1,91,377,1,1,1,1,RN20,0.0,0.0
201500047146,27,5,15,18,1,94,34,1,1,1,4,AUTOROUTE A86,48.7604,2.31988
201500047147,28,5,15,9,1,91,553,1,1,1,4,RN 104,0.0,0.0
201500047148,28,5,15,19,1,77,251,1,1,1,7,RN 104,48.6322,2.52861
201500047149,30,5,15,3,3,91,521,1,1,2,5,AUTOROUTE A6,0.0,0.0
201500047150,30,5,15,14,1,91,521,1,1,2,6,RN 104,0.0,0.0
201500047151,31,5,15,15,1,91,521,1,1,2,6,RN 104,0.0,0.0
201500047152,29,5,15,8,1,91,216,1,1,1,3,AUTOROUTE A6,0.0,0.0
201500047153,30,5,15,16,1,91,340,1,1,1,2,RN 104,0.0,0.0
201500047154,1,6,15,15,1,91,377,1,1,1,2,RN20,0.0,0.0
201500047155,1,6,15,8,1,91,570,1,1,1,2,RN 104,0.0,0.0
201500047156,1,6,15,8,1,91,570,1,1,1,2,RN 104,0.0,0.0
201500047157,2,6,15,8,1,91,312,1,1,1,5,RD 444,0.0,0.0
201500047158,2,6,15,12,1,91,689,1,1,1,3,AUTOROUTE A6A,0.0,0.0
201500047159,2,6,15,10,1,91,64,1,1,1,5,RN 118,0.0,0.0
201500047160,2,6,15,17,1,91,174,1,1,1,5,RN 104,0.0,0.0
201500047161,2,6,15,18,1,91,182,1,1,1,4,AUTOROUTE A6,0.0,0.0
201500047162,2,6,15,17,1,94,21,1,1,1,2,AUTOROUTE A6B,48.7598,2.33844
201500047163,3,6,15,9,1,91,687,1,1,2,5,AUTOROUTE A6,0.0,0.0
201500047164,3,6,15,17,1,91,363,1,1,1,2,RN 104,0.0,0.0
201500047165,5,6,15,21,1,94,21,1,1,1,3,AUTOROUTE A6B,48.7629,2.34093
201500047166,8,6,15,7,1,91,345,1,1,1,7,AUTOROUTE A6,0.0,0.0
201500047167,5,6,15,16,1,91,434,1,1,1,2,AUTOROUTE A6,0.0,0.0
201500047168,5,6,15,17,1,91,340,1,1,1,7,RN 104,0.0,0.0
201500047169,7,6,15,22,3,91,179,1,1,1,2,AUTOROUTE A6,0.0,0.0
201500047170,8,6,15,9,1,91,86,1,1,1,5,RN 104,0.0,0.0
201500047171,8,6,15,13,1,91,286,1,1,1,3,AUTOROUTE A6,0.0,0.0
201500047172,8,6,15,19,1,91,477,1,1,1,4,AUTOROUTE A126,0.0,0.0
201500047173,8,6,15,18,1,94,21,1,1,1,4,AUTOROUTE A6A,48.7643,2.3422
201500047174,9,6,15,9,1,94,3,1,1,1,3,AUTOROUTE A6B,48.8008,2.34372
201500047175,10,6,15,13,1,91,161,1,1,1,3,AUTOROUTE A6,0.0,0.0
201500047176,10,6,15,17,1,91,286,1,1,1,7,RD 310,0.0,0.0
201500047177,12,6,15,2,3,91,521,1,1,2,7,AUTOROUTE A6,0.0,0.0
201500047178,11,6,15,15,1,94,3,1,1,1,3,AUTOROUTE A6A,48.8011,2.34196
201500047179,12,6,15,20,1,91,136,1,1,1,2,AUTOROUTE A126,0.0,0.0
201500047180,12,6,15,20,1,91,64,1,1,1,4,RN 118,0.0,0.0
201500047181,13,6,15,18,1,91,689,1,1,1,5,AUTOROUTE A6B,0.0,0.0
201500047182,15,6,15,9,1,91,534,1,1,1,3,RN 118,0.0,0.0
201500047183,15,6,15,9,1,91,432,1,1,1,2,AUTOROUTE A6,0.0,0.0
201500047184,15,6,15,9,1,91,179,1,1,1,4,AUTOROUTE A6,0.0,0.0
201500047185,14,6,15,18,1,91,377,1,1,1,2,RN20,0.0,0.0
201500047186,14,6,15,0,5,91,161,1,1,1,2,AUTOROUTE A6,0.0,0.0
201500047187,13,6,15,12,1,91,161,1,1,1,4,AUTOROUTE A126,0.0,0.0
201500047188,15,6,15,17,1,94,38,1,1,1,3,AUTOROUTE A6A,48.7797,2.34643
201500047189,13,6,15,0,5,94,3,1,1,1,6,AUTOROUTE A6A,48.8129,2.33613
201500047190,16,6,15,14,1,91,235,1,1,1,3,RN 104,0.0,0.0
201500047191,17,6,15,12,1,91,235,1,1,1,3,RN 104,0.0,0.0
201500047192,17,6,15,14,1,94,38,1,1,1,4,AUTOROUTE A6A,48.7775,2.34637
201500047193,17,6,15,14,1,91,689,1,1,1,3,AUTOROUTE A6B,0.0,0.0
201500047194,17,6,15,16,1,91,570,1,1,1,3,RN 104,0.0,0.0
201500047195,17,6,15,21,2,94,34,1,1,1,7,AUTOROUTE A86,48.7574,2.34025
201500047196,18,6,15,7,2,94,76,1,1,1,3,AUTOROUTE A6B,48.7961,2.34497
201500047197,19,6,15,17,1,91,477,1,1,1,7,AUTOROUTE A126,0.0,0.0
201500047198,19,6,15,15,1,94,34,1,1,1,2,AUTOROUTE A6B,48.7514,2.33021
201500047199,20,6,15,0,3,91,377,1,1,1,3,AUTOROUTE A10,0.0,0.0
201500047200,21,6,15,13,1,91,161,1,1,1,7,AUTOROUTE A6,0.0,0.0
201500047201,22,6,15,3,3,91,689,1,1,1,7,AUTOROUTE A10,0.0,0.0
201500047202,22,6,15,18,1,91,589,1,1,2,7,AUTOROUTE A6,0.0,0.0
201500047203,22,6,15,20,1,91,340,1,1,2,5,RN 104,0.0,0.0
201500047204,23,6,15,1,3,91,64,1,1,2,6,RN 118,0.0,0.0
201500047205,23,6,15,7,1,91,521,1,1,1,5,AUTOROUTE A6,0.0,0.0
201500047206,24,6,15,14,1,92,2,1,1,1,5,AUTOROUTE A86,0.0,0.0
201500047207,24,6,15,7,1,91,689,1,1,1,2,AUTOROUTE A6,0.0,0.0
201500047208,26,6,15,2,5,94,21,1,1,1,2,AUTOROUTE A6A,48.7604,2.33878
201500047209,26,6,15,9,1,91,549,1,1,1,4,RN 104,0.0,0.0
201500047210,26,6,15,10,1,91,345,1,1,1,2,AUTOROUTE A6,0.0,0.0
201500047211,26,6,15,10,1,91,339,1,1,1,7,RN 104,0.0,0.0
201500047212,27,6,15,16,1,91,570,1,1,1,3,RN 104,0.0,0.0
201500047213,26,6,15,17,1,91,161,1,1,1,3,AUTOROUTE A6,0.0,0.0
201500047214,28,6,15,17,1,91,64,1,1,1,2,RN 118,0.0,0.0
201500047215,28,6,15,19,1,91,521,1,1,1,4,RN 441,0.0,0.0
201500047216,29,6,15,9,1,94,38,1,1,1,2,AUTOROUTE A6B,48.7901,2.34459
201500047217,29,6,15,8,1,91,570,1,1,1,2,RN 104,0.0,0.0
201500047218,29,6,15,13,1,91,570,1,1,1,2,RN 104,0.0,0.0
201500047219,29,6,15,17,1,91,339,1,1,1,2,RN 104,0.0,0.0
201500047220,29,5,15,12,1,94,37,1,1,1,7,AUTOROUTE A6A,48.8164,2.33676
201500047221,1,7,15,17,1,91,432,1,1,1,6,AUTOROUTE A6,0.0,0.0
201500047222,2,7,15,9,1,91,692,1,1,1,5,AUTOROUTE A10,0.0,0.0
201500047223,3,7,15,1,5,91,174,1,1,1,2,RN 104,0.0,0.0
201500047224,2,7,15,20,1,94,34,1,1,1,3,AUTOROUTE A86,48.7555,2.3412
201500047225,3,7,15,11,1,91,363,1,1,1,2,RN 104,0.0,0.0
201500047226,3,7,15,23,3,91,182,1,1,1,5,RN 104,0.0,0.0
201500047227,5,7,15,20,1,91,286,1,1,1,2,AUTOROUTE A6,0.0,0.0
201500047228,3,7,15,16,1,91,689,1,1,1,7,AUTOROUTE A6,0.0,0.0
201500047229,5,7,15,10,1,77,495,1,1,1,7,AUTOROUTE A5A,0.0,0.0
201500047230,5,7,15,15,1,91,345,1,1,1,4,AUTOROUTE A6,0.0,0.0
201500047231,7,7,15,18,1,91,161,1,1,1,2,AUTOROUTE A6,0.0,0.0
201500047232,7,7,15,19,1,94,34,1,1,1,7,AUTOROUTE A86,48.7602,2.32049
201500047233,8,7,15,14,1,91,86,1,1,1,3,RN 104,0.0,0.0
201500047234,8,7,15,19,1,91,521,1,1,1,2,RN 440,0.0,0.0
201500047235,12,7,15,11,1,91,161,1,1,1,6,AUTOROUTE A6,0.0,0.0
201500047236,10,7,15,7,1,91,687,1,1,1,5,AUTOROUTE A6,0.0,0.0
201500047237,10,7,15,7,1,91,377,1,1,1,4,AUTOROUTE A10,0.0,0.0
201500047238,11,7,15,0,3,91,174,1,1,1,2,RN 104,0.0,0.0
201500047239,12,7,15,9,1,91,182,1,1,1,6,RN 104,0.0,0.0
201500047240,13,7,15,14,1,94,76,1,1,1,2,AUTOROUTE A6B,48.796,2.34414
201500047241,15,7,15,1,5,91,161,1,1,1,2,AUTOROUTE A6,0.0,0.0
201500047242,15,7,15,8,1,92,2,1,1,1,7,AUTOROUTE A10,0.0,0.0
201500047243,14,7,15,15,1,91,161,1,1,1,6,AUTOROUTE A6,0.0,0.0
201500047244,14,7,15,17,1,91,377,1,1,1,7,RD 188,0.0,0.0
201500047245,15,7,15,19,1,91,286,1,1,1,2,AUTOROUTE A6,0.0,0.0
201500047246,16,7,15,9,1,91,136,1,1,1,3,AUTOROUTE A10,0.0,0.0
201500047247,16,7,15,19,1,92,19,1,1,1,5,RN 385,0.0,0.0
201500047248,18,7,15,18,1,91,86,1,1,1,5,RN 104,0.0,0.0
201500047249,18,7,15,22,1,91,477,1,1,1,6,AUTOROUTE A10,0.0,0.0
201500047250,20,7,15,0,5,94,34,1,1,1,6,AUTOROUTE A86,48.7603,2.32009
201500047251,17,7,15,7,1,91,692,1,1,1,7,AUTOROUTE A10,0.0,0.0
201500047252,17,7,15,19,1,91,136,1,1,1,2,AUTOROUTE A126,0.0,0.0
201500047253,17,7,15,21,2,91,136,1,1,1,4,AUTOROUTE A10,0.0,0.0
201500047254,18,7,15,19,1,77,251,1,1,1,2,AUTOROUTE A5A,0.0,0.0
201500047255,18,7,15,23,3,91,174,1,1,1,2,RN 104,0.0,0.0
201500047256,22,7,15,18,1,94,38,1,1,1,3,AUTOROUTE A6B,48.7888,2.34508
201500047257,23,7,15,0,3,91,161,1,1,1,6,AUTOROUTE A6,0.0,0.0
201500047258,23,7,15,9,1,91,534,1,1,1,5,RN 118,0.0,0.0
201500047259,23,7,15,10,1,92,2,1,1,1,5,AUTOROUTE A86,0.0,0.0
201500047260,23,7,15,13,1,91,689,1,1,1,2,AUTOROUTE A6B,0.0,0.0
201500047261,23,7,15,14,1,94,38,1,1,1,2,AUTOROUTE A6A,48.781,2.3467
201500047262,23,7,15,16,1,94,38,1,1,1,3,AUTOROUTE A6B,48.7906,2.34389
201500047263,24,7,15,2,3,91,161,1,1,1,5,AUTOROUTE A6,0.0,0.0
201500047264,24,7,15,17,1,91,661,1,1,1,7,AUTOROUTE A10,0.0,0.0
201500047265,25,7,15,17,1,94,43,1,1,1,3,AUTOROUTE A6B,48.8136,2.35451
201500047266,25,7,15,5,3,91,553,1,1,1,2,RN 104,0.0,0.0
201500047267,26,7,15,4,3,91,339,1,1,1,7,RN 104,0.0,0.0
201500047268,26,7,15,17,1,91,174,1,1,2,6,RN 104,0.0,0.0
201500047269,27,7,15,13,1,91,689,1,1,1,4,AUTOROUTE A10,0.0,0.0
201500047270,28,7,15,8,1,91,553,1,1,1,6,RN 104,0.0,0.0
201500047271,31,7,15,6,1,92,2,1,1,1,2,AUTOROUTE A86,0.0,0.0
201500047272,30,7,15,18,1,91,182,1,1,1,4,AUTOROUTE A6,0.0,0.0
201500047273,29,7,15,18,1,91,477,1,1,1,4,AUTOROUTE A126,0.0,0.0
201500047274,31,7,15,13,1,94,34,1,1,1,2,AUTOROUTE A6B,48.7571,2.33487
201500047275,31,7,15,16,1,91,521,1,1,1,2,RN 449,0.0,0.0
201500047276,31,7,15,22,3,94,34,1,1,1,7,AUTOROUTE A6A,48.7532,2.33169
201500047277,1,8,15,0,3,91,136,1,1,1,4,AUTOROUTE A10,0.0,0.0
201500047278,1,8,15,20,2,77,251,1,1,1,2,AUTOROUTE A5A,0.0,0.0
201500047279,2,8,15,18,1,91,689,1,1,1,2,AUTOROUTE A6,0.0,0.0
201500047280,3,8,15,11,1,91,377,1,1,1,4,AUTOROUTE A10,0.0,0.0
201500047281,3,8,15,12,1,94,65,1,1,1,5,AUTOROUTE A106,48.7521,2.35412
201500047282,3,8,15,17,1,94,3,1,1,1,3,AUTOROUTE A6B,48.8008,2.34372
201500047283,5,8,15,0,3,94,34,1,1,1,5,AUTOROUTE A86,48.7587,2.3253
201500047284,8,8,15,21,3,91,64,1,1,1,6,RN 118,0.0,0.0
201500047285,7,8,15,17,1,92,2,1,1,2,2,AUTOROUTE A10,0.0,0.0
201500047286,7,8,15,19,1,91,377,1,1,1,7,RD 188,0.0,0.0
201500047287,7,8,15,23,5,91,161,1,1,1,7,AUTOROUTE A6,0.0,0.0
201500047288,9,8,15,3,5,94,38,1,1,1,6,AUTOROUTE A6A,48.7712,2.34553
201500047289,10,8,15,5,3,94,34,1,1,1,7,AUTOROUTE A86,48.7598,2.3217
201500047290,10,8,15,5,5,94,34,1,1,1,7,AUTOROUTE A86,48.7598,2.32169
201500047291,10,8,15,12,1,94,43,1,1,1,5,AUTOROUTE A6B,48.8126,2.353
201500047292,10,8,15,14,1,91,235,1,1,1,4,RN 104,0.0,0.0
201500047293,11,8,15,7,1,94,38,1,1,1,2,AUTOROUTE A6A,48.7801,2.34664
201500047294,12,8,15,17,1,92,19,1,1,8,6,RN 385,0.0,0.0
201500047295,13,8,15,12,1,91,589,1,1,1,5,AUTOROUTE A6,0.0,0.0
201500047296,14,8,15,1,3,91,477,1,1,8,7,AUTOROUTE A10,0.0,0.0
201500047297,14,8,15,13,1,91,179,1,1,8,2,AUTOROUTE A6,0.0,0.0
201500047298,14,8,15,21,5,94,21,1,1,2,3,AUTOROUTE A6B,48.7602,2.33884
201500047299,15,8,15,3,3,91,136,1,1,3,6,AUTOROUTE A126,0.0,0.0
201500047300,15,8,15,8,1,91,521,1,1,8,6,RN 104,0.0,0.0
201500047301,15,8,15,9,1,91,174,1,1,8,6,RN 104,0.0,0.0
201500047302,16,8,15,8,1,91,37,1,1,1,7,AUTOROUTE A6,0.0,0.0
201500047303,16,8,15,17,1,91,689,1,1,1,2,AUTOROUTE A6B,0.0,0.0
201500047304,17,8,15,18,1,91,86,1,1,1,2,RN 104,0.0,0.0
201500047305,19,8,15,12,1,91,434,1,1,1,5,AUTOROUTE A6,0.0,0.0
201500047306,21,8,15,11,1,94,3,1,1,1,4,AUTOROUTE A6B,48.8006,2.34375
201500047307,20,8,15,8,1,91,521,1,1,2,6,RN 449,0.0,0.0
201500047308,20,8,15,8,1,92,2,1,1,2,2,AUTOROUTE A6,0.0,0.0
201500047309,20,8,15,8,1,91,286,1,1,2,2,AUTOROUTE A6,0.0,0.0
201500047310,23,8,15,16,1,94,38,1,1,1,5,AUTOROUTE A6B,48.7888,2.34508
201500047311,21,8,15,16,1,91,179,1,1,1,2,AUTOROUTE A6,0.0,0.0
201500047312,22,8,15,12,1,91,689,1,1,1,4,AUTOROUTE A6B,0.0,0.0
201500047313,22,8,15,21,3,91,689,1,1,1,6,AUTOROUTE A6,0.0,0.0
201500047314,22,8,15,22,3,92,19,1,1,1,5,RN 385,0.0,0.0
201500047315,23,8,15,4,3,91,687,1,1,1,3,AUTOROUTE A6,0.0,0.0
201500047316,25,8,15,7,1,91,216,1,1,1,2,AUTOROUTE A6,0.0,0.0
201500047317,25,8,15,21,3,91,340,1,1,2,7,RN 104,0.0,0.0
201500047318,26,8,15,10,1,94,76,1,1,1,3,AUTOROUTE A6B,48.7934,2.34505
201500047319,26,8,15,12,1,94,38,1,1,1,5,AUTOROUTE A6A,48.7784,2.34647
201500047320,26,8,15,13,1,91,689,1,1,1,2,AUTOROUTE A6A,0.0,0.0
201500047321,27,8,15,5,5,91,377,1,1,3,2,RN20,0.0,0.0
201500047322,27,8,15,8,1,91,689,1,1,3,7,AUTOROUTE A6A,0.0,0.0
201500047323,27,8,15,18,1,91,182,1,1,3,3,RN 104,0.0,0.0
201500047324,29,8,15,17,1,91,64,1,1,1,4,RN 118,0.0,0.0
201500047325,29,8,15,18,1,92,2,1,1,1,4,AUTOROUTE A10,0.0,0.0
201500047326,29,8,15,23,3,91,434,1,1,1,7,AUTOROUTE A6,0.0,0.0
201500047327,30,8,15,7,1,91,434,1,1,1,3,AUTOROUTE A6,0.0,0.0
201500047328,31,8,15,5,2,94,37,1,1,1,6,AUTOROUTE A6A,48.8138,2.33623
201500047329,28,8,15,7,2,91,521,1,1,1,6,RN 104,0.0,0.0
201500047330,28,8,15,18,1,91,377,1,1,1,2,AUTOROUTE A10,0.0,0.0
201500047331,28,8,15,18,1,91,174,1,1,1,4,RN 104,0.0,0.0
201500047332,28,8,15,9,1,94,38,1,1,1,7,AUTOROUTE A6B,48.7844,2.3461
201500047333,28,8,15,8,1,91,363,1,1,1,4,RN 104,0.0,0.0
201500047334,29,8,15,10,1,94,34,1,1,1,2,AUTOROUTE A86,48.7597,2.32167
201500047335,29,8,15,12,1,91,161,1,1,1,4,AUTOROUTE A6,0.0,0.0
201500047336,29,8,15,5,3,91,689,1,1,1,2,AUTOROUTE A6,0.0,0.0
201500047337,31,8,15,16,1,91,161,1,1,1,6,AUTOROUTE A6,0.0,0.0
201500047338,1,9,15,7,1,91,521,1,1,2,6,RN 104,0.0,0.0
201500047339,1,9,15,7,3,91,377,1,1,2,7,AUTOROUTE A10,0.0,0.0
201500047340,2,9,15,12,1,91,553,1,1,1,2,RN 104,0.0,0.0
201500047341,2,9,15,12,1,91,521,1,1,1,4,RN 104,0.0,0.0
201500047342,2,9,15,22,1,91,363,1,1,1,2,RN 104,0.0,0.0
201500047343,3,9,15,10,1,91,534,1,1,1,1,RN 118,0.0,0.0
201500047344,3,9,15,18,1,94,3,1,1,1,2,AUTOROUTE A6A,48.8104,2.33839
201500047345,3,9,15,18,1,91,179,1,1,1,2,AUTOROUTE A6,0.0,0.0
201500047346,3,9,15,19,1,94,38,1,1,1,3,AUTOROUTE A6B,48.778,2.34607
201500047347,6,9,15,18,1,91,179,1,1,1,4,AUTOROUTE A6,0.0,0.0
201500047348,4,9,15,12,1,94,21,1,1,1,5,AUTOROUTE A6A,48.7617,2.34001
201500047349,6,9,15,15,1,91,689,1,1,1,4,AUTOROUTE A6B,0.0,0.0
201500047350,6,9,15,19,1,91,182,1,1,1,2,AUTOROUTE A6,0.0,0.0