Num_Acc,jour,mois,an,hr,condition_eclairage,departement,commune,condition_agglomeration,intersection,condition_atmosphere,type_collision,adresse,lattitude,longitude
201500047351,6,9,15,22,1,92,2,1,1,1,6,AUTOROUTE A86,0.0,0.0
201500047352,7,9,15,18,1,91,64,1,1,1,2,RN 118,0.0,0.0
201500047353,8,9,15,6,3,91,589,1,1,1,7,AUTOROUTE A6,0.0,0.0
201500047354,9,9,15,5,3,91,570,1,1,1,7,RN 104,0.0,0.0
201500047355,9,9,15,7,1,91,521,1,1,1,6,RN 449,0.0,0.0
201500047356,8,9,15,19,1,92,2,1,1,1,2,AUTOROUTE A86,0.0,0.0
201500047357,9,9,15,5,3,77,296,1,1,1,1,AUTOROUTE A5A,0.0,0.0
201500047358,9,9,15,10,1,91,521,1,1,1,6,RN 104,0.0,0.0
201500047359,10,9,15,23,5,91,340,1,1,1,6,RN 104,0.0,0.0
201500047360,10,9,15,7,1,91,534,1,1,1,2,RN 118,0.0,0.0
201500047361,12,9,15,19,1,94,34,1,1,2,6,AUTOROUTE A6B,48.7583,2.33722
201500047362,12,9,15,20,3,91,521,1,1,2,6,RN 104,0.0,0.0
201500047363,13,9,15,10,1,91,64,1,1,3,1,RN 118,0.0,0.0
201500047364,13,9,15,15,1,91,363,1,1,2,6,RN 104,0.0,0.0
201500047365,13,9,15,14,1,91,228,1,1,2,3,RN 449,0.0,0.0
201500047366,13,9,15,15,1,91,161,1,1,1,6,AUTOROUTE A126,0.0,0.0
201500047367,13,9,15,14,1,94,65,1,1,3,6,AUTOROUTE A86,48.7551,2.34576
201500047368,12,9,15,22,3,91,377,1,1,1,6,AUTOROUTE A10,0.0,0.0
201500047369,13,9,15,4,5,91,377,1,1,1,6,RN20,0.0,0.0
201500047370,28,8,15,8,1,91,477,1,1,1,7,AUTOROUTE A10,0.0,0.0
201500047371,12,9,15,21,1,91,617,1,1,2,6,RN 104,0.0,0.0
201500047372,14,9,15,18,1,91,286,1,1,2,3,AUTOROUTE A6,0.0,0.0
201500047373,14,9,15,16,1,91,692,1,1,2,6,RN 118,0.0,0.0
201500047374,15,9,15,8,1,91,521,1,1,2,5,AUTOROUTE A6,0.0,0.0
201500047375,15,9,15,7,2,94,34,1,1,3,5,AUTOROUTE A6A,48.7522,2.33068
201500047376,16,9,15,5,3,91,161,1,1,2,5,AUTOROUTE A6,0.0,0.0
201500047377,16,9,15,17,1,91,521,1,1,2,2,AUTOROUTE A6,0.0,0.0
201500047378,16,9,15,12,1,94,34,1,1,2,2,AUTOROUTE A86,48.7619,2.31505
201500047379,17,9,15,17,1,91,689,1,1,1,5,AUTOROUTE A6,0.0,0.0
201500047380,11,9,15,6,3,94,21,1,1,1,5,AUTOROUTE A6A,48.7623,2.34063
201500047381,18,9,15,20,3,91,689,1,1,3,7,AUTOROUTE A6B,0.0,0.0
201500047382,19,9,15,15,1,91,617,1,1,1,4,A5A/N6,0.0,0.0
201500047383,20,9,15,17,1,91,340,1,1,1,2,RN 104,0.0,0.0
201500047384,20,9,15,23,3,91,589,1,1,1,6,AUTOROUTE A6,0.0,0.0
201500047385,21,9,15,13,1,94,3,1,1,1,2,AUTOROUTE A6A,48.8073,2.34107
201500047386,21,9,15,18,1,94,38,1,1,1,5,AUTOROUTE A6B,48.7753,2.34632
201500047387,21,9,15,9,1,91,161,1,1,1,2,AUTOROUTE A6,0.0,0.0
201500047388,27,9,15,17,1,91,64,1,1,1,4,RN 118,0.0,0.0
201500047389,22,9,15,14,1,91,161,1,1,1,4,AUTOROUTE A6,0.0,0.0
201500047390,23,9,15,15,1,94,76,1,1,1,6,AUTOROUTE A6B,48.792,2.34469
201500047391,23,9,15,21,3,91,161,1,1,1,5,AUTOROUTE A126,0.0,0.0
201500047392,24,9,15,9,1,91,136,1,1,1,2,AUTOROUTE A126,0.0,0.0
201500047393,24,9,15,18,1,91,534,1,1,1,3,RN 118,0.0,0.0
201500047394,24,9,15,22,5,94,43,1,1,2,7,AUTOROUTE A6B,48.8129,2.35352
201500047395,25,9,15,4,3,91,377,1,1,8,6,AUTOROUTE A10,0.0,0.0
201500047396,25,9,15,8,1,91,161,1,1,1,7,AUTOROUTE A6,0.0,0.0
201500047397,25,9,15,7,2,91,471,1,1,1,4,RN 118,0.0,0.0
201500047398,25,9,15,9,1,91,64,1,1,1,7,RN 118,0.0,0.0
201500047399,26,9,15,11,1,94,43,1,1,1,4,AUTOROUTE A6B,48.8151,2.35582
201500047400,27,9,15,3,3,91,617,1,1,1,2,AUTOROUTE A5A,0.0,0.0
201500047401,27,9,15,21,5,91,553,1,1,1,6,RN 104,0.0,0.0
201500047402,27,9,15,18,1,94,76,1,1,1,3,AUTOROUTE A6B,48.7869,2.34604
201500047403,27,9,15,19,1,91,589,1,1,1,6,AUTOROUTE A6,0.0,0.0
201500047404,28,9,15,18,1,91,64,1,1,1,7,RN 118,0.0,0.0
201500047405,29,9,15,8,1,91,687,1,1,1,3,AUTOROUTE A6,0.0,0.0
201500047406,29,9,15,9,1,94,34,1,1,1,2,AUTOROUTE A86,48.7561,2.33364
201500047407,29,9,15,18,1,92,2,1,1,1,2,AUTOROUTE A10,0.0,0.0
201500047408,29,9,15,18,2,91,521,1,1,1,2,RN 104,0.0,0.0
201500047409,30,9,15,7,1,91,347,1,1,1,6,RN 104,0.0,0.0
201500047410,30,9,15,22,5,94,21,1,1,1,3,AUTOROUTE A6A,48.7644,2.34249
201500047411,1,10,15,8,1,91,689,1,1,1,3,AUTOROUTE A6B,0.0,0.0
201500047412,1,10,15,9,1,91,589,1,1,1,5,AUTOROUTE A6,0.0,0.0
201500047413,1,10,15,10,1,91,179,1,1,1,2,AUTOROUTE A6,0.0,0.0
201500047414,2,10,15,17,1,91,235,1,1,1,4,RN 104,0.0,0.0
201500047415,2,10,15,17,1,91,161,1,1,1,2,AUTOROUTE A6,0.0,0.0
201500047416,2,10,15,17,1,91,377,1,1,1,7,AUTOROUTE A10,0.0,0.0
201500047417,2,10,15,19,3,94,34,1,1,1,4,AUTOROUTE A6B,48.7569,2.33512
201500047418,2,10,15,19,2,92,2,1,1,1,3,AUTOROUTE A86,0.0,0.0
201500047419,3,10,15,2,3,91,161,1,1,1,6,AUTOROUTE A6,0.0,0.0
201500047420,3,10,15,8,1,91,161,1,1,1,3,AUTOROUTE A6,0.0,0.0
201500047421,4,10,15,15,1,94,34,1,1,8,4,AUTOROUTE A86,48.7581,2.32647
201500047422,4,10,15,17,1,92,2,1,1,8,2,AUTOROUTE A10,0.0,0.0
201500047423,4,10,15,17,1,91,468,1,1,1,2,AUTOROUTE A6,0.0,0.0
201500047424,4,10,15,21,3,91,689,1,1,1,2,AUTOROUTE A6,0.0,0.0
201500047425,5,10,15,13,1,77,251,1,1,3,6,RN 104,0.0,0.0
201500047426,5,10,15,17,1,94,43,1,1,3,6,AUTOROUTE A6B,48.8129,2.35352
201500047427,5,10,15,18,1,92,19,1,1,2,2,RN 385 INT,0.0,0.0
201500047428,6,10,15,5,3,91,521,1,1,2,6,RN 104,0.0,0.0
201500047429,5,10,15,21,3,91,521,1,1,2,6,RN 104,0.0,0.0
201500047430,6,10,15,7,2,94,21,1,1,3,7,AUTOROUTE A6A,48.7643,2.34239
201500047431,6,10,15,9,1,94,21,1,1,2,3,AUTOROUTE A6B,48.7643,2.34312
201500047432,6,10,15,11,1,94,37,1,1,1,2,AUTOROUTE A6A,48.8147,2.33635
201500047433,6,10,15,14,1,91,432,1,1,2,2,AUTOROUTE A6,0.0,0.0
201500047434,6,10,15,15,1,91,377,1,1,2,6,RN20,0.0,0.0
201500047435,6,10,15,17,1,94,43,1,1,2,4,AUTOROUTE A6B,48.8151,2.35582
201500047436,7,10,15,2,3,91,339,1,1,2,3,RN 104,0.0,0.0
201500047437,7,10,15,8,2,91,363,1,1,1,5,RN 104,0.0,0.0
201500047438,7,10,15,23,3,91,534,1,1,1,6,RN 118,0.0,0.0
201500047439,8,10,15,8,1,91,363,1,1,1,3,RN 104,0.0,0.0
201500047440,9,10,15,1,3,91,179,1,1,1,2,AUTOROUTE A6,0.0,0.0
201500047441,9,10,15,8,1,91,434,1,1,1,3,AUTOROUTE A6,0.0,0.0
201500047442,9,10,15,9,1,91,687,1,1,1,4,AUTOROUTE A6,0.0,0.0
201500047443,9,10,15,10,1,91,521,1,1,1,2,AUTOROUTE A6,0.0,0.0
201500047444,9,10,15,19,2,91,136,1,1,1,2,AUTOROUTE A126,0.0,0.0
201500047445,10,10,15,10,1,91,161,1,1,1,4,AUTOROUTE A6,0.0,0.0
201500047446,11,10,15,20,3,91,286,1,1,1,5,AUTOROUTE A6,0.0,0.0
201500047447,12,10,15,4,3,91,174,1,1,1,2,RN 104,0.0,0.0
201500047448,10,10,15,11,1,91,345,1,1,1,2,AUTOROUTE A6,0.0,0.0
201500047449,12,10,15,9,1,94,21,1,1,1,7,AUTOROUTE A6B,48.7648,2.34207
201500047450,12,10,15,9,1,94,43,1,1,1,4,AUTOROUTE A6B,48.8157,2.35628
201500047451,12,10,15,19,3,91,86,1,1,1,3,RN 104,0.0,0.0
201500047452,13,10,15,20,3,94,65,1,1,1,2,AUTOROUTE A86,48.7552,2.34316
201500047453,14,10,15,7,2,94,21,1,1,1,3,AUTOROUTE A6A,48.7635,2.34181
201500047454,14,10,15,12,1,91,179,1,1,1,6,AUTOROUTE A6,0.0,0.0
201500047455,15,10,15,7,2,91,589,1,1,2,2,AUTOROUTE A6,0.0,0.0
201500047456,15,10,15,17,1,91,689,1,1,1,2,AUTOROUTE A6B,0.0,0.0
201500047457,16,10,15,9,1,91,136,1,1,2,7,AUTOROUTE A10,0.0,0.0
201500047458,16,10,15,9,1,94,3,1,1,2,2,AUTOROUTE A6A,48.8009,2.34198
201500047459,17,10,15,20,3,91,432,1,1,2,5,AUTOROUTE A6,0.0,0.0
201500047460,19,10,15,17,1,91,340,1,1,1,6,RN 104,0.0,0.0
201500047461,20,10,15,8,2,91,689,1,1,1,5,AUTOROUTE A6,0.0,0.0
201500047462,20,10,15,7,2,94,38,1,1,1,2,AUTOROUTE A6A,48.7889,2.34449
201500047463,20,10,15,16,1,91,136,1,1,1,4,AUTOROUTE A10,0.0,0.0
201500047464,20,10,15,18,2,91,377,1,1,2,3,AUTOROUTE A10,0.0,0.0
201500047465,21,10,15,16,1,94,21,1,1,1,6,AUTOROUTE A6B,48.7691,2.34379
201500047466,22,10,15,9,1,94,21,1,1,2,2,AUTOROUTE A6A,48.7699,2.34515
201500047467,23,10,15,11,1,91,179,1,1,1,3,AUTOROUTE A6,0.0,0.0
201500047468,24,10,15,10,1,91,377,1,1,1,2,RN20,0.0,0.0
201500047469,24,10,15,11,1,91,347,1,1,1,4,RN 104,0.0,0.0
201500047470,26,10,15,8,1,91,286,1,1,8,3,AUTOROUTE A6,0.0,0.0
201500047471,26,10,15,10,1,91,645,1,1,1,2,RN 385 INT,0.0,0.0
201500047472,26,10,15,12,1,94,34,1,1,1,2,AUTOROUTE A86,48.7563,2.3394
201500047473,25,10,15,3,3,91,521,1,1,1,7,RN 449,0.0,0.0
201500047474,26,10,15,18,2,91,136,1,1,1,2,RN20,0.0,0.0
201500047475,26,10,15,15,1,91,521,1,1,1,2,RN 104,0.0,0.0
201500047476,27,10,15,11,1,91,521,1,1,1,6,AUTOROUTE A6,0.0,0.0
201500047477,28,10,15,3,3,94,3,1,1,3,6,AUTOROUTE A6A,48.8013,2.34177
201500047478,28,10,15,9,1,91,377,1,1,2,6,AUTOROUTE A10,0.0,0.0
201500047479,28,10,15,19,5,94,38,1,1,1,2,AUTOROUTE A6B,48.788,2.34554
201500047480,29,10,15,8,1,91,161,1,1,1,3,AUTOROUTE A6,0.0,0.0
201500047481,29,10,15,18,3,91,174,1,1,1,4,RN 104,0.0,0.0
201500047482,30,10,15,8,2,91,161,1,1,1,3,AUTOROUTE A126,0.0,0.0
201500047483,30,10,15,11,1,91,377,1,1,1,2,AUTOROUTE A10,0.0,0.0
201500047484,30,10,15,16,1,94,34,1,1,1,2,AUTOROUTE A86,48.7619,2.31474
201500047485,30,10,15,20,3,91,340,1,1,1,2,RN 104,0.0,0.0
201500047486,30,10,15,21,3,91,689,1,1,1,4,AUTOROUTE A6,0.0,0.0
201500047487,31,10,15,10,1,91,86,1,1,1,6,RN 104,0.0,0.0
201500047488,31,10,15,13,1,91,689,1,1,1,3,AUTOROUTE A6,0.0,0.0
201500047489,31,10,15,14,1,91,689,1,1,1,4,AUTOROUTE A6,0.0,0.0
201500047490,31,10,15,13,1,94,38,1,1,1,4,AUTOROUTE A6B,48.7789,2.34678
201500047491,31,10,15,15,1,77,251,1,1,1,6,AUTOROUTE A5A,48.6307,2.53576
201500047492,31,10,15,16,1,91,161,1,1,1,6,AUTOROUTE A6,0.0,0.0
201500047493,31,10,15,16,1,94,21,1,1,1,3,AUTOROUTE A6A,48.7618,2.34028
201500047494,31,10,15,16,1,94,38,1,1,1,2,AUTOROUTE A6B,48.7719,2.34518
201500047495,31,10,15,19,4,91,377,1,1,1,1,BRETELLE A10 / RN20,0.0,0.0
201500047496,1,11,15,19,2,91,182,1,1,1,2,AUTOROUTE A6,0.0,0.0
201500047497,2,11,15,8,1,91,661,1,1,5,2,RD 188 CHEVREUSE,0.0,0.0
201500047498,2,11,15,8,1,91,182,1,1,5,2,AUTOROUTE A6,0.0,0.0
201500047499,2,11,15,10,1,91,64,1,1,5,4,RN 118,0.0,0.0
201500047500,3,11,15,6,3,77,251,1,1,2,2,A5A PARIS / RN104 INT,48.632,2.53143
201500047501,2,11,15,17,1,91,216,1,1,1,2,AUTOROUTE A6,0.0,0.0
201500047502,3,11,15,16,1,91,689,1,1,1,3,AUTOROUTE A6,0.0,0.0
201500047503,4,11,15,6,2,91,136,1,1,2,2,RN20,0.0,0.0
201500047504,4,11,15,13,1,94,65,1,1,2,5,AUTOROUTE A86,48.7553,2.34454
201500047505,4,11,15,18,2,91,182,1,1,1,2,AUTOROUTE A6,0.0,0.0
201500047506,5,11,15,5,4,91,689,1,1,1,3,AUTOROUTE A6B,0.0,0.0
201500047507,6,11,15,9,1,91,216,1,1,1,4,AUTOROUTE A6,0.0,0.0
201500047508,5,11,15,20,5,94,43,1,1,1,3,AUTOROUTE A6B,48.8151,2.35595
201500047509,7,11,15,16,1,94,3,1,1,1,2,AUTOROUTE A6A,48.8081,2.34045
201500047510,7,11,15,16,1,94,16,1,1,1,2,AUTOROUTE A6A,48.7925,2.34467
201500047511,7,11,15,18,4,91,692,1,1,1,1,RD 188 CHEVREUSE,0.0,0.0
201500047512,10,11,15,13,1,94,16,1,1,1,4,AUTOROUTE A6B,48.7924,2.34422
201500047513,10,11,15,14,1,94,43,1,1,1,7,AUTOROUTE A6B,48.81,2.34927
201500047514,11,11,15,17,1,94,43,1,1,1,7,AUTOROUTE A6B,48.8149,2.35584
201500047515,12,11,15,7,5,91,689,1,1,1,4,AUTOROUTE A6A,0.0,0.0
201500047516,12,11,15,9,1,94,38,1,1,1,3,AUTOROUTE A6A,48.7739,2.34595
201500047517,12,11,15,9,1,91,617,1,1,5,2,RN 104,0.0,0.0
201500047518,13,11,15,5,3,77,251,1,1,1,5,AUTOROUTE A5A,0.0,0.0
201500047519,13,11,15,19,3,91,661,1,1,1,7,AUTOROUTE A10,0.0,0.0
201500047520,16,11,15,9,1,91,345,1,1,1,4,AUTOROUTE A6,0.0,0.0
201500047521,16,11,15,19,3,91,174,1,1,1,3,RN 104,0.0,0.0
201500047522,17,11,15,3,3,94,34,1,1,2,6,AUTOROUTE A86,48.756,2.33464
201500047523,17,11,15,6,3,91,477,1,1,2,7,AUTOROUTE A10,0.0,0.0
201500047524,17,11,15,6,3,91,661,1,1,2,6,AUTOROUTE A10,0.0,0.0
201500047525,17,11,15,10,1,91,228,1,1,2,6,RN 449,0.0,0.0
201500047526,17,11,15,19,3,91,377,1,1,2,2,AUTOROUTE A10,0.0,0.0
201500047527,17,11,15,19,5,94,38,1,1,2,4,AUTOROUTE A6B,48.7865,2.34528
201500047528,18,11,15,6,3,91,549,1,1,1,6,RN 104,0.0,0.0
201500047529,18,11,15,7,2,91,687,1,1,1,2,AUTOROUTE A6,0.0,0.0
201500047530,19,11,15,6,5,94,34,1,1,1,5,AUTOROUTE A6B,48.7537,2.33227
201500047531,19,11,15,7,2,91,471,1,1,1,2,RN 118,0.0,0.0
201500047532,20,11,15,7,2,91,689,1,1,3,3,AUTOROUTE A6A,0.0,0.0
201500047533,20,11,15,10,1,91,347,1,1,3,2,RN 104,0.0,0.0
201500047534,20,11,15,19,5,94,43,1,1,8,7,AUTOROUTE A6B,48.806,2.3455
201500047535,21,11,15,5,3,94,34,1,1,3,2,AUTOROUTE A6B,48.7539,2.33243
201500047536,22,11,15,2,3,91,64,1,1,1,6,RN 118,0.0,0.0
201500047537,23,11,15,9,1,91,182,1,1,7,2,AUTOROUTE A6,0.0,0.0
201500047538,23,11,15,13,1,91,235,1,1,1,4,RN 104,0.0,0.0
201500047539,24,11,15,6,3,91,434,1,1,1,2,AUTOROUTE A6,0.0,0.0
201500047540,24,11,15,13,1,91,377,1,1,3,3,AUTOROUTE A10,0.0,0.0
201500047541,24,11,15,18,3,94,3,1,1,2,7,AUTOROUTE A6A,48.808,2.34026
201500047542,25,11,15,9,1,91,521,1,1,2,2,AUTOROUTE A6,0.0,0.0
201500047543,26,11,15,2,3,91,182,1,1,8,6,RN 104,0.0,0.0
201500047544,25,11,15,8,1,91,161,1,1,8,7,AUTOROUTE A6,0.0,0.0
201500047545,26,11,15,23,3,91,347,1,1,5,5,RN 104,0.0,0.0
201500047546,27,11,15,8,2,94,34,1,1,5,2,AUTOROUTE A6A,48.7576,2.33572
201500047547,27,11,15,9,1,94,38,1,1,1,7,AUTOROUTE A6A,48.7739,2.34595
201500047548,27,11,15,14,1,91,471,1,1,1,3,RN 118,0.0,0.0
201500047549,27,11,15,16,1,91,179,1,1,1,6,RN 337,0.0,0.0
201500047550,27,11,15,19,3,91,689,1,1,2,3,AUTOROUTE A6B,0.0,0.0
201500047551,28,11,15,8,2,92,2,1,1,1,3,AUTOROUTE A6,0.0,0.0
201500047552,28,11,15,9,1,91,340,1,1,1,2,AUTOROUTE A6,0.0,0.0
201500047553,28,11,15,10,1,91,161,1,1,1,2,AUTOROUTE A6,0.0,0.0
201500047554,28,11,15,12,1,94,38,1,1,1,2,AUTOROUTE A6B,48.7743,2.3462
201500047555,28,11,15,12,1,94,38,1,1,1,2,AUTOROUTE A6B,48.7742,2.34619
201500047556,29,11,15,2,5,94,37,1,1,2,6,AUTOROUTE A6A,48.8165,2.33682
201500047557,29,11,15,10,1,91,534,1,1,1,6,RN 118,0.0,0.0
201500047558,29,11,15,14,1,91,521,1,1,8,6,RN 449,0.0,0.0
201500047559,30,11,15,8,2,91,340,1,1,1,4,AUTOROUTE A6,0.0,0.0
201500047560,1,12,15,11,1,94,38,1,1,1,7,AUTOROUTE A6B,48.7751,2.34572
201500047561,2,12,15,7,3,91,377,1,1,1,2,AUTOROUTE A10,48.72145,2.29514
201500047562,2,12,15,9,1,91,432,1,1,1,2,AUTOROUTE A6,48.68683,2.32624
201500047563,2,12,15,9,1,94,38,1,1,1,7,AUTOROUTE A6A,48.7735,2.34589
201500047564,2,12,15,10,1,91,182,1,1,1,2,AUTOROUTE A6,48.62287,2.42161
201500047565,2,12,15,15,1,91,521,1,1,1,2,AUTOROUTE A6,0.0,0.0
201500047566,3,12,15,7,5,94,76,1,1,8,5,AUTOROUTE A6B,48.7934,2.34505
201500047567,3,12,15,9,1,91,37,1,1,1,2,AUTOROUTE A6,0.0,0.0
201500047568,3,12,15,10,1,94,21,1,1,1,3,AUTOROUTE A6B,48.769,2.34539
201500047569,4,12,15,11,1,91,589,1,1,1,5,AUTOROUTE A6,0.0,0.0
201500047570,4,12,15,14,1,94,3,1,1,1,3,AUTOROUTE A6A,48.8113,2.33733
201500047571,6,12,15,12,1,91,689,1,1,1,4,AUTOROUTE A6A,0.0,0.0
201500047572,7,12,15,6,3,91,182,1,1,1,5,RN 104,0.0,0.0
201500047573,7,12,15,17,3,91,377,1,1,1,3,AUTOROUTE A10,0.0,0.0
201500047574,7,12,15,20,5,94,43,1,1,1,6,AUTOROUTE A6B,48.8103,2.34966
201500047575,8,12,15,11,1,91,377,1,1,1,2,RN20,0.0,0.0
201500047576,9,12,15,12,1,91,553,1,1,1,2,RN 104,0.0,0.0
201500047577,9,12,15,13,1,94,34,1,1,1,6,AUTOROUTE A6A,48.7537,2.33212
201500047578,10,12,15,5,3,91,161,1,1,5,3,AUTOROUTE A126,0.0,0.0
201500047579,10,12,15,7,5,94,65,1,1,5,2,AUTOROUTE A86,48.7549,2.34694
201500047580,10,12,15,14,1,91,340,1,1,8,6,RN 104,0.0,0.0
201500047581,10,12,15,22,3,91,161,1,1,1,6,AUTOROUTE A6,0.0,0.0
201500047582,11,12,15,7,2,94,38,1,1,1,3,AUTOROUTE A6A,48.7819,2.34674
201500047583,13,12,15,4,3,91,468,1,1,1,3,AUTOROUTE A6,0.0,0.0
201500047584,14,12,15,7,5,94,37,1,1,1,5,AUTOROUTE A6A,48.8163,2.33687
201500047585,14,12,15,20,3,91,286,1,1,1,3,AUTOROUTE A6,0.0,0.0
201500047586,15,12,15,9,1,94,38,1,1,2,2,AUTOROUTE A6A,48.773,2.34581
201500047587,15,12,15,9,1,91,136,1,1,2,5,RN20,0.0,0.0
201500047588,16,12,15,6,3,91,434,1,1,2,3,AUTOROUTE A6,0.0,0.0
201500047589,16,12,15,10,1,94,34,1,1,1,4,AUTOROUTE A6B,48.7599,2.33845
201500047590,16,12,15,15,1,91,589,1,1,1,2,AUTOROUTE A6,48.67923,2.33412
201500047591,17,12,15,8,2,92,19,1,1,1,4,RN 385 Extèrieure,0.0,0.0
201500047592,17,12,15,9,1,91,521,1,1,1,2,AUTOROUTE A6,48.63548,2.4011
201500047593,17,12,15,10,1,91,161,1,1,1,3,AUTOROUTE A126,48.71009,2.30549
201500047594,17,12,15,10,1,91,182,1,1,1,4,AUTOROUTE A6,48.62259,2.4219
201500047595,17,12,15,16,2,91,477,1,1,1,7,AUTOROUTE A10,48.71671,2.25458
201500047596,17,12,15,15,1,91,689,1,1,1,2,AUTOROUTE A6B,48.74467,2.32445
201500047597,17,12,15,19,3,91,434,1,1,1,2,AUTOROUTE A6,48.66821,2.35392
201500047598,17,12,15,18,5,94,3,1,1,1,4,AUTOROUTE A6A,48.8121,2.3367
201500047599,17,12,15,20,3,94,34,1,1,1,6,AUTOROUTE A6A,48.7583,2.33648
201500047600,18,12,15,8,2,94,43,1,1,1,3,AUTOROUTE A6B,48.8076,2.34708
201500047601,18,12,15,7,2,94,34,1,1,1,5,AUTOROUTE A6A,48.7533,2.33176
201500047602,18,12,15,11,1,94,38,1,1,1,2,AUTOROUTE A6B,48.772,2.3452
201500047603,18,12,15,18,3,91,661,1,1,2,2,AUTOROUTE A10,48.70401,2.24924
201500047604,18,12,15,17,3,91,174,1,1,1,4,RN 104,48.62435,2.46966
201500047605,19,12,15,12,1,91,689,1,1,1,5,AUTOROUTE A6,48.72982,2.31443
201500047606,21,12,15,16,1,91,534,1,1,1,6,RN 118,48.7389,2.1797
201500047607,21,12,15,17,2,91,182,1,1,2,5,RN 104,48.61244,2.43117
201500047608,21,12,15,18,3,91,235,1,1,2,2,RN 104,48.62551,2.36095
201500047609,22,12,15,14,1,94,43,1,1,1,2,AUTOROUTE A6B,48.8094,2.3487
201500047610,22,12,15,15,1,91,521,1,1,1,2,RN 104,48.63468,2.40388
201500047611,23,12,15,1,3,91,345,1,1,1,2,AUTOROUTE A6,48.68723,2.32564
201500047612,23,12,15,4,5,94,43,1,1,1,7,AUTOROUTE A6B,48.8092,2.34852
201500047613,24,12,15,4,5,91,286,1,1,8,6,AUTOROUTE A6,48.65245,2.38196
201500047614,24,12,15,16,1,91,471,1,1,1,4,RN 118,48.70989,2.18791
201500047615,25,12,15,0,3,91,553,1,1,2,5,RN 104,48.62917,2.48231
201500047616,25,12,15,23,3,91,589,1,1,1,6,AUTOROUTE A6,48.67436,2.34225
201500047617,26,12,15,15,1,91,182,1,1,1,2,AUTOROUTE A6,48.62426,2.41943
201500047618,26,12,15,17,2,91,216,1,1,1,4,AUTOROUTE A6,48.68271,2.32959
201500047619,27,12,15,8,1,91,521,1,1,1,6,RN 104,48.63261,2.40615
201500047620,27,12,15,14,1,91,86,1,1,1,7,RN 104,48.62369,2.38501
201500047621,27,12,15,19,3,91,286,1,1,1,2,RD 310,48.64894,2.37852
201500047622,27,12,15,19,3,91,363,1,1,1,2,RN 104,48.65053,2.18444
201500047623,27,12,15,19,3,91,534,1,1,1,6,RN 118,48.73356,2.16901
201500047624,28,12,15,12,1,91,689,1,1,1,5,AUTOROUTE A6A,48.74398,2.32319
201500047625,29,12,15,11,1,91,521,1,1,1,3,RN 104,48.63066,2.4002
201500047626,29,12,15,23,5,94,76,1,1,1,5,AUTOROUTE A6B,48.7924,2.34422
201500047627,30,12,15,3,3,94,43,1,1,1,2,AUTOROUTE A6B,48.8117,2.35137
201500047628,30,12,15,18,3,91,136,1,1,1,4,AUTOROUTE A10,48.71391,2.27595
201500047629,30,12,15,22,3,91,286,1,1,1,3,AUTOROUTE A6,48.64521,2.38917
201500047630,31,12,15,9,1,91,286,1,1,1,6,AUTOROUTE A6,48.64889,2.38554
201500047631,9,1,15,11,1,202,120,2,1,1,2,"sans, TOUTES RUES",0.0,0.0
201500047632,16,3,15,13,1,202,37,1,1,3,6,"SANS, TOUTES RUES",42.3555,9.243
201500047633,10,1,15,5,5,202,33,2,1,1,1,"SANS, TUNNEL",0.0,0.0
201500047634,19,3,15,17,1,202,33,2,1,1,6,FALCONAJA,0.0,0.0
201500047635,10,1,15,14,1,202,120,2,1,1,6,"SANS, TOUTES RUES",0.0,0.0
201500047636,20,3,15,13,1,202,33,2,1,1,1,"sans, COLLE - RUE DU",0.0,0.0
201500047637,10,1,15,23,5,202,33,2,1,1,6,"SANS, ROUTE ROYALE",0.0,0.0
201500047638,20,3,15,16,1,202,33,2,2,1,3,ROUTE ROYALE,0.0,0.0
201500047639,13,1,15,18,5,202,33,2,1,2,6,"45, PAOLI DU NR 21 AU 45",0.0,0.0
201500047640,18,3,15,11,1,202,120,2,1,1,2,"SANS, TOUTES RUES",42.38589,9.26259
201500047641,14,1,15,15,1,202,37,2,1,1,2,"SANS, TOUTES RUES",0.0,0.0
201500047642,26,3,15,16,1,202,33,2,1,1,6,"SANS, TOUTES RUES",0.0,0.0
201500047643,20,1,15,14,1,202,353,2,1,1,6,"SANS, TOUTES RUES",0.0,0.0
201500047644,29,3,15,7,1,202,33,2,1,1,6,"SANS, 193 - RN",0.0,0.0
201500047645,22,1,15,15,1,202,120,2,1,3,3,"SANS, TOUTES RUES",0.0,0.0
201500047646,17,3,15,10,1,202,37,1,1,3,7,"SANS, TOUTES RUES",42.36583,9.2636
201500047647,28,1,15,8,1,202,33,2,1,1,6,"SANS, FAVALELLI - RUE",0.0,0.0
201500047648,5,4,15,20,3,202,33,1,1,1,2,"SANS, 193 - RN",0.0,0.0
201500047649,28,1,15,10,1,202,33,2,1,1,6,"sans, CHANOINE LESCHI -",0.0,0.0
201500047650,7,4,15,9,1,202,33,2,1,1,5,"SANS, ROUTE ROYALE",0.0,0.0
201500047651,30,1,15,20,5,202,33,2,1,2,3,"2, PAOLI DU NR 1 A 20 -",0.0,0.0
201500047652,7,4,15,18,1,202,37,2,1,1,2,".sans, TOUTES RUES",42.61944,9.43694
201500047653,5,2,15,14,1,202,353,2,1,1,3,"9, TOUTES RUES",0.0,0.0
201500047654,8,4,15,14,1,202,33,2,1,1,2,"1, GIACCOBBI - AV PAUL",0.0,0.0
201500047655,6,2,15,7,5,202,33,2,1,3,6,"9, SEBASTIANI  - AVENUE",0.0,0.0
201500047656,9,4,15,15,1,202,33,2,9,1,2,"SANS, TUNNEL",0.0,0.0
201500047657,15,2,15,12,1,202,37,1,4,1,3,"SANS, TOUTES RUES",0.0,0.0
201500047658,10,4,15,22,5,202,33,2,1,1,3,"263, AV DE LA LIBERATION",0.0,0.0
201500047659,16,2,15,13,1,202,37,1,1,3,6,TOUTES RUES,0.0,0.0
201500047660,20,4,15,0,5,202,33,1,1,1,7,ST FLORENT-ANCIENNE RT D,0.0,0.0
201500047661,1,2,15,16,1,202,33,1,1,6,6,"sans, CARDO - RT INFERIE",0.0,0.0