Num_Acc,jour,mois,an,hr,condition_eclairage,departement,commune,condition_agglomeration,intersection,condition_atmosphere,type_collision,adresse,lattitude,longitude
201500047662,21,4,15,15,1,202,120,2,1,1,2,"SANS, RN 193",42.3928,9.2629
201500047663,19,2,15,18,5,202,33,2,1,1,2,"sans, AGLIANI - CHEMIN D",0.0,0.0
201500047664,26,4,15,4,5,202,33,2,1,2,6,", CHANOINE LESCHI - RUE",0.0,0.0
201500047665,18,2,15,9,1,202,33,1,1,1,2,"sans, 193 - RN",0.0,0.0
201500047666,26,4,15,17,1,202,33,2,2,8,3,"03, SEBASTIANI  - AVENUE",0.0,0.0
201500047667,21,2,15,22,5,202,37,1,1,1,1,"sans, TOUTES RUES",0.0,0.0
201500047668,27,4,15,15,1,202,33,2,1,1,6,"sans, AGLIANI - CHEMIN D",0.0,0.0
201500047669,22,2,15,17,1,202,120,2,1,1,1,"sans, TOUTES RUES",0.0,0.0
201500047670,28,4,15,18,1,202,37,1,1,1,7,"SANS, TOUTES RUES",42.36362,9.29001
201500047671,22,2,15,17,2,202,353,2,1,1,1,"sans, TOUTES RUES",0.0,0.0
201500047672,28,4,15,20,2,202,37,2,1,1,6,TOUTES RUES,42.37427,9.25465
201500047673,24,2,15,9,1,202,120,2,1,2,6,"sans, TOUTES RUES",0.0,0.0
201500047674,4,5,15,11,1,202,33,2,1,1,6,"10, GAUDIN - BLD AUGUSTE",0.0,0.0
201500047675,24,2,15,13,1,202,33,1,1,2,1,"sans, ROUTE ROYALE",0.0,0.0
201500047676,4,5,15,10,1,202,33,2,1,1,5,"SANS, TUNNEL",0.0,0.0
201500047677,25,2,15,13,1,202,33,2,1,1,6,TUNNEL,0.0,0.0
201500047678,5,5,15,16,1,202,120,1,3,1,3,"sans, RN 193",42.6461,9.43981
201500047679,6,3,15,11,1,202,33,1,1,1,5,"SANS, 193 - RN",0.0,0.0
201500047680,8,5,15,15,1,202,33,1,1,1,3,"SANS, COL DE TEGHIME",0.0,0.0
201500047681,7,3,15,10,1,202,120,2,3,1,3,"sans, TOUTES RUES",0.0,0.0
201500047682,11,5,15,18,1,202,37,1,3,1,3,"1, TOUTES RUES",42.35452,9.26315
201500047683,8,3,15,0,5,202,37,1,1,1,6,"sans, TOUTES RUES",0.0,0.0
201500047684,12,5,15,19,1,202,33,2,6,1,3,"SANS, AV DE LA LIBERATIO",0.0,0.0
201500047685,10,3,15,16,1,202,37,2,3,1,3,"sans, TOUTES RUES",0.0,0.0
201500047686,12,5,15,21,5,202,120,2,1,1,2,"sans, IMPERIALE (Route)",0.0,0.0
201500047687,13,3,15,11,1,202,120,2,1,1,1,"SANS, TOUTES RUES",0.0,0.0
201500047688,15,5,15,16,1,202,120,1,1,1,2,"SANS, RN 193",42.402,9.2634
201500047689,13,3,15,13,1,202,33,2,1,1,2,"SANS, 193 - RN",0.0,0.0
201500047690,19,5,15,22,3,202,37,2,1,1,3,"1, TOUTES RUES",42.37131,9.2612
201500047691,14,3,15,0,5,202,33,2,4,1,1,"sans, GAUDIN - BLD AUGUS",0.0,0.0
201500047692,20,5,15,15,1,202,33,2,1,1,6,"SANS, ANDREI - ECOLE CHA",0.0,0.0
201500047693,15,3,15,19,3,202,33,1,1,1,6,"sans, COL DE TEGHIME",0.0,0.0
201500047694,20,5,15,16,1,202,120,2,3,1,3,VILLAGE (Route du) D364,42.65499,9.43761
201500047695,23,5,15,16,1,202,33,2,2,2,3,ROUTE ROYALE,0.0,0.0
201500047696,24,5,15,14,1,202,33,2,1,1,1,"1, AGLIANI - CHEMIN D'",0.0,0.0
201500047697,28,5,15,18,1,202,37,1,1,1,2,"1, TOUTES RUES",42.37559,9.26167
201500047698,31,5,15,6,2,202,120,1,1,1,6,"1, RN 193",42.39124,9.26279
201500047699,3,6,15,17,1,202,120,1,1,1,4,RN 193,42.6469,9.44017
201500047700,4,6,15,0,5,202,120,2,6,1,3,"1, RN 193",42.3915,9.2629
201500047701,5,6,15,16,1,202,37,1,1,1,3,TOUTES RUES,42.3744,9.28016
201500047702,6,6,15,17,1,202,37,2,1,1,2,"1, TOUTES RUES",42.3716,9.2613
201500047703,7,6,15,21,2,202,33,2,1,1,7,GAUDIN - BLD AUGUSTE,0.0,0.0
201500047704,8,6,15,17,1,202,33,2,6,1,2,IMPERIALE - ROUTE,0.0,0.0
201500047705,10,6,15,19,1,202,37,2,1,1,3,TOUTES RUES,0.0,0.0
201500047706,12,6,15,19,1,202,37,2,3,1,3,TOUTES RUES,42.3755,9.2608
201500047707,15,6,15,18,1,202,33,2,9,1,2,CHANOINE LESCHI - RUE,0.0,0.0
201500047708,16,6,15,1,5,202,33,2,1,1,6,"SANS, TOGA",0.0,0.0
201500047709,19,6,15,14,1,202,33,2,1,1,2,VEZZANI - RUE CESAR,0.0,0.0
201500047710,20,6,15,14,1,202,120,1,1,1,3,"000, IMPERIALE (Route) D",0.0,0.0
201500047711,21,6,15,13,1,202,33,1,1,1,3,"1, FALCONAJA",0.0,0.0
201500047712,22,6,15,21,5,202,120,2,1,1,6,RN 193,42.0,9.26
201500047713,30,6,15,19,1,202,33,2,6,1,6,FANGO - AVENUE DU,0.0,0.0
201500047714,2,7,15,21,5,202,33,2,1,1,3,"12, DANESI - BLD BENOITE",0.0,0.0
201500047715,3,7,15,12,1,202,120,2,1,1,1,RN 193,42.37256,9.26121
201500047716,3,7,15,14,1,202,33,2,9,1,6,SAINT VICTOR -SQUARE,0.0,0.0
201500047717,3,7,15,15,1,202,33,2,1,1,3,"1, CHANOINE LESCHI - RUE",0.0,0.0
201500047718,7,7,15,15,1,202,33,2,1,1,6,"3, LUPINO",0.0,0.0
201500047719,8,7,15,13,1,202,33,2,1,1,1,FRANCOIS VITTORI,0.0,0.0
201500047720,10,7,15,15,1,202,120,2,6,1,3,"1, RN 193",42.39156,9.02628
201500047721,12,7,15,23,5,202,33,2,1,1,3,ROUTE ROYALE,0.0,0.0
201500047722,13,7,15,0,5,202,120,2,6,1,6,IMPERIALE (Route) D464,42.385,9.2555
201500047723,14,7,15,13,1,202,33,2,1,1,6,"SANS, FRONT DE MER - ROU",0.0,0.0
201500047724,14,7,15,13,1,202,33,2,1,1,6,"SANS, FRONT DE MER - ROU",0.0,0.0
201500047725,17,7,15,16,1,202,33,2,1,1,5,SARI - AV EMILE,0.0,0.0
201500047726,20,7,15,17,1,202,33,2,6,1,6,"SANS, NOVELTY - CARREFOU",0.0,0.0
201500047727,24,7,15,11,1,202,33,1,1,1,4,FRONT DE MER - ROUTE DU,0.0,0.0
201500047728,25,7,15,20,2,202,33,2,1,1,6,ROUTE ROYALE,0.0,0.0
201500047729,29,7,15,13,1,202,120,1,1,1,5,TOUTES RUES,0.0,0.0
201500047730,2,8,15,22,5,202,120,2,1,1,6,RN 193,42.39087,9.26273
201500047731,5,8,15,10,1,202,33,1,1,1,6,"06, SEBASTIANI  - AVENUE",0.0,0.0
201500047732,7,8,15,0,5,202,33,1,1,1,7,FRONT DE MER - ROUTE DU,0.0,0.0
201500047733,7,8,15,15,1,202,37,2,1,1,7,TOUTES RUES,42.35523,9.23419
201500047734,9,8,15,3,5,202,120,1,1,1,2,RN 193,42.39,9.26
201500047735,9,8,15,14,1,202,33,2,1,1,2,TUNNEL,0.0,0.0
201500047736,10,8,15,23,5,202,120,1,6,1,3,RN 193,42.39148,9.26286
201500047737,14,8,15,17,1,202,37,1,1,1,3,"1, TOUTES RUES",42.37462,9.26151
201500047738,22,8,15,22,5,202,33,2,1,1,6,"17, PAOLI DU NR 1 A 20 -",0.0,0.0
201500047739,23,8,15,10,1,202,33,1,1,1,2,AGLIANI - CHEMIN D',0.0,0.0
201500047740,30,8,15,1,5,202,33,2,1,1,6,FRONT DE MER - ROUTE DU,0.0,0.0
201500047741,31,8,15,16,1,202,37,1,1,1,6,"SANS, TOUTES RUES",42.3827,9.2621
201500047742,6,9,15,1,5,202,33,2,1,1,6,GIACCOBBI - AV PAUL,0.0,0.0
201500047743,6,9,15,21,5,202,120,1,1,1,2,LAGUNE (Route de la) D10,42.38471,9.27153
201500047744,7,9,15,11,1,202,33,2,1,1,4,193 - RN,0.0,0.0
201500047745,7,9,15,12,1,202,33,2,1,1,6,CHANOINE LESCHI - RUE,0.0,0.0
201500047746,9,9,15,20,5,202,33,2,1,1,1,"204, AV DE LA LIBERATION",0.0,0.0
201500047747,15,9,15,6,2,202,120,1,6,1,3,"1, RN 193",42.39149,9.26286
201500047748,19,9,15,8,1,202,33,2,1,1,7,ROUTE ROYALE,0.0,0.0
201500047749,24,9,15,14,1,202,33,2,1,1,6,GIACCOBBI - AV PAUL,0.0,0.0
201500047750,26,9,15,14,1,202,37,1,1,1,3,"1270, TOUTES RUES",42.35293,9.25393
201500047751,26,9,15,18,2,202,33,2,2,1,1,ROUTE ROYALE,0.0,0.0
201500047752,28,9,15,9,1,202,120,2,6,1,3,RN 193,42.39147,9.26279
201500047753,29,9,15,13,1,202,33,2,1,1,6,193 - RN,0.0,0.0
201500047754,1,10,15,16,1,202,33,1,1,3,3,ROUTE ROYALE,0.0,0.0
201500047755,5,10,15,22,5,202,33,2,1,8,6,"1, GAUDIN - BLD AUGUSTE",42.41401,9.2659
201500047756,5,10,15,7,1,202,37,2,6,1,6,TOUTES RUES,42.62895,9.43754
201500047757,7,10,15,17,1,202,37,1,6,1,2,"1, TOUTES RUES",42.35405,9.26191
201500047758,8,10,15,14,1,202,33,2,1,1,1,DANESI - BLD BENOITE,0.0,0.0
201500047759,9,10,15,13,1,202,33,2,1,1,3,ROUTE ROYALE,42.67736,9.43397
201500047760,9,10,15,14,1,202,120,2,6,1,3,RN 193,0.0,0.0
201500047761,10,10,15,22,3,202,37,1,1,9,6,TOUTES RUES,0.0,0.0
201500047762,13,10,15,12,1,202,33,2,1,1,6,"SANS, CAPITAINE THEN",0.0,0.0
201500047763,14,10,15,21,5,202,120,1,9,9,6,RN 193,0.0,0.0
201500047764,15,10,15,13,1,202,33,2,1,1,3,"14, CAP - ROUTE DU CAP",0.0,0.0
201500047765,15,10,15,16,1,202,120,1,1,1,3,RN 193,0.0,0.0
201500047766,18,10,15,18,2,202,37,2,2,1,3,"0, TOUTES RUES",42.35384,9.26139
201500047767,19,10,15,17,1,202,37,2,2,1,6,PAOLI DU NR 21 AU 45 -BL,0.0,0.0
201500047768,22,10,15,10,1,202,37,1,1,1,6,SAMPIERO CORSO - AV,0.0,0.0
201500047769,29,10,15,18,3,202,37,2,1,1,6,PIETRI - AV F. PIETRI,0.0,0.0
201500047770,3,11,15,19,5,202,33,2,1,5,5,CAP - ROUTE DU CAP,0.0,0.0
201500047771,6,11,15,14,1,202,33,2,1,3,6,",  PAOLI DU NR 1 A 20 -",0.0,0.0
201500047772,14,11,15,17,3,202,37,1,1,1,6,TOUTES RUES,42.60077,9.43839
201500047773,19,11,15,8,1,202,33,2,1,1,2,FRONT DE MER - ROUTE DU,0.0,0.0
201500047774,22,11,15,0,5,202,120,1,1,6,6,RN 193,42.39067,9.26266
201500047775,25,11,15,17,5,202,33,2,1,1,6,IN - BLD AUGUSTE,0.0,0.0
201500047776,26,11,15,13,1,202,33,2,1,1,6,MONTESORO - L.E.P DE,0.0,0.0
201500047777,28,11,15,15,1,202,33,2,1,1,2,"SANS, SAMPIERO CORSO - A",0.0,0.0
201500047778,28,11,15,17,5,202,33,2,1,1,3,"SANS, AV DE LA LIBERATIO",0.0,0.0
201500047779,30,11,15,14,1,202,120,2,1,1,3,RN 193,42.39268,9.26214
201500047780,6,12,15,2,5,202,33,2,1,1,1,193 - RN,0.0,0.0
201500047781,8,12,15,15,1,202,33,2,6,1,3,AV DE LA LIBERATION,0.0,0.0
201500047782,13,12,15,17,5,202,120,2,1,1,2,RN 193,42.39215,9.2658
201500047783,13,12,15,18,5,202,37,2,4,1,3,"12, TOUTES RUES",42.37387,9.25425
201500047784,14,12,15,7,2,202,33,2,3,1,3,"1, AV DE LA LIBERATION",0.0,0.0
201500047785,14,12,15,17,5,202,33,2,1,1,2,SAMPIERO CORSO - AV,0.0,0.0
201500047786,14,12,15,11,1,202,33,2,1,1,3,DANESI - BLD BENOITE,0.0,0.0
201500047787,15,12,15,15,1,202,37,2,3,1,5,TOUTES RUES,42.5958,9.4421
201500047788,8,12,15,14,1,202,33,2,1,1,6,"35, PAOLI DU NR 21 AU 45",0.0,0.0
201500047789,17,12,15,9,1,202,120,1,1,1,2,LAGUNE (Route de la) D10,42.61609,9.47803
201500047790,20,12,15,3,5,202,33,1,6,1,7,RN 193,42.39147,9.26278
201500047791,21,12,15,17,5,202,33,2,1,1,1,ST FLORENT-ANCIENNE RT D,0.0,0.0
201500047792,22,12,15,10,1,202,33,2,1,1,2,TUNNEL,0.0,0.0
201500047793,27,12,15,16,1,202,120,2,3,1,3,VILLAGE (Route du) D364,42.65495,9.43741
201500047794,31,12,15,15,1,202,120,1,1,1,4,RN 193,42.39215,9.26289
201500047795,16,3,15,13,1,69,81,2,1,1,5,"19, EDOUARD AYNARD",45.7778,4.77883
201500047796,29,1,15,20,5,69,382,2,2,2,3,CHARLEMAGNE,45.7444,4.81984
201500047797,17,3,15,13,1,69,34,2,1,1,6,"27, LOUIS DUFOUR",45.8022,4.85131
201500047798,31,1,15,20,5,69,382,2,2,2,3,PONT ALPHONSE JUIN,0.0,0.0
201500047799,17,3,15,17,1,69,389,2,1,1,2,"63, SIDOINE APPOLINAIRE",45.7785,4.79798
201500047800,18,3,15,13,1,69,384,2,2,1,6,HENON,45.7787,4.82406
201500047801,4,3,15,6,5,69,382,2,1,2,2,"20, QUAI DOCTEUR GAILLET",45.752,4.83589
201500047802,4,2,15,4,5,69,382,2,1,1,6,PONT LAFAYETTE,0.0,0.0
201500047803,19,3,15,1,5,69,81,2,1,1,7,"18, CHALIN (DE)",45.7775,4.78975
201500047804,20,3,15,2,5,69,34,2,2,1,3,"1, BOUCLE (DE LA)",45.7812,4.84243
201500047805,7,2,15,17,2,69,382,2,1,1,6,"3, GERBE (DE LA)",0.0,0.0
201500047806,22,2,15,7,2,69,382,2,1,1,7,"100, QUAI PERRACHE",0.0,0.0
201500047807,19,3,15,17,1,69,381,1,1,1,6,"9, CONSTANTINE (DE)",45.7736,4.83023
201500047808,25,2,15,10,1,69,382,1,1,1,3,"22, PERRACHE",0.0,0.0
201500047809,20,3,15,15,1,69,382,2,1,1,3,"12, MARECHAL JOFFRE (DU)",45.7543,4.83051
201500047810,10,3,15,11,1,69,382,2,1,1,3,"50, COURS CHARLEMAGNE",0.0,0.0
201500047811,20,3,15,18,1,69,384,2,1,1,6,"48, HENON",45.777,4.82763
201500047812,20,3,15,22,5,69,385,2,1,1,2,"162, COMMANDANT CHARCOT",45.7492,4.79094
201500047813,21,3,15,4,5,69,389,2,1,1,6,"42, PIERRE SCIZE",0.0,0.0
201500047814,21,3,15,17,1,69,389,2,1,3,6,"13, CHAMPAGNE (DE)",0.0,0.0
201500047815,21,3,15,2,5,69,202,2,3,1,6,"41 BIS, COMMANDANT CHARC",45.7494,4.79839
201500047816,22,3,15,14,1,69,142,2,1,1,3,LIBERATION (DE LA),45.7276,4.81617
201500047817,23,3,15,12,1,69,385,2,1,1,2,"8, DEBROUSSE",0.0,0.0
201500047818,24,3,15,13,1,69,385,1,1,1,6,"99, BARTHELEMY BUYER",0.0,0.0
201500047819,24,3,15,18,2,69,382,2,1,1,6,"20, BREST (DE)",0.0,0.0
201500047820,25,3,15,16,1,69,34,2,1,2,6,"17, GUTENBERG",45.7941,4.84997
201500047821,26,3,15,3,5,69,385,2,1,1,6,"13, COMMANDANT CHARCOT (",45.7523,4.7988
201500047822,26,3,15,9,1,69,382,2,1,1,7,GALLIENI,0.0,0.0
201500047823,27,3,15,7,1,69,34,2,1,1,1,"24, VERNAY (DU)",0.0,0.0
201500047824,28,3,15,4,5,69,381,2,1,1,6,"1, PUITS GAILLOT",45.76795,4.83605
201500047825,22,3,15,18,1,69,384,2,1,1,2,"43, CANUTS (DES)",0.0,0.0
201500047826,29,3,15,15,1,69,389,2,1,1,6,"16, PIERRE SCIZE",0.0,0.0
201500047827,30,3,15,6,3,69,286,2,1,2,6,COMBATTANTS EN AFN 1952-,0.0,0.0
201500047828,30,3,15,7,2,69,389,1,1,2,3,"36, SERGENT MICHEL BERTH",0.0,0.0
201500047829,30,3,15,14,1,69,385,1,1,1,6,CHOULANS (DE),0.0,0.0
201500047830,30,3,15,17,1,69,382,2,2,8,3,BAYARD,0.0,0.0
201500047831,31,3,15,7,1,69,389,2,1,8,6,PROFESSEUR GUERIN (DU),0.0,0.0
201500047832,31,3,15,14,1,69,389,2,1,1,1,"1, JAYR",0.0,0.0
201500047833,31,3,15,14,1,69,389,2,1,1,2,MARIETTON,0.0,0.0
201500047834,31,3,15,11,1,69,389,2,1,1,6,"70, PIERRE TERMIER",0.0,0.0
201500047835,1,4,15,17,1,69,385,2,1,1,3,ABBE LARUE (DE L'),0.0,0.0
201500047836,19,3,15,18,2,69,286,2,3,1,6,LANCHET (DU),45.8108,4.8874
201500047837,2,4,15,14,1,69,389,1,1,8,2,RAOUL CARRIE,45.7999,4.83654
201500047838,4,4,15,16,1,69,385,2,1,8,6,"38, ROGER RADISSON",0.0,0.0
201500047839,5,4,15,9,1,69,385,2,1,1,6,"18, DOYENNE (DU)",0.0,0.0
201500047840,4,4,15,18,1,69,381,2,5,8,1,BELLEVUE,0.0,0.0
201500047841,6,4,15,18,1,69,81,2,1,1,6,"08, CLEMENT",45.773,4.77947
201500047842,7,4,15,11,1,69,385,2,1,1,6,"44, FAVORITE (DE LA )",0.0,0.0
201500047843,8,4,15,5,1,69,382,2,2,1,3,JULES COURMONT,0.0,0.0
201500047844,8,4,15,21,5,69,382,2,1,1,3,GALLIENI,0.0,0.0
201500047845,8,4,15,12,1,69,382,2,3,1,3,"3, CELESTINS (DES)",0.0,0.0
201500047846,10,4,15,12,1,69,149,2,2,1,6,"20, REPUBLIQUE (DE LA)",45.7169,4.81108
201500047847,10,4,15,22,5,69,382,2,2,1,3,CHARLEMAGNE,0.0,0.0
201500047848,8,4,15,19,2,69,382,2,1,1,2,LAFAYETTE,45.7633,4.84774
201500047849,11,4,15,18,1,69,384,2,3,1,6,"21, MAIL (DU)",0.0,0.0
201500047850,11,4,15,18,1,69,286,2,3,1,6,MONT BLANC (DU),45.8122,4.89208
201500047851,13,4,15,8,1,69,34,2,1,1,6,"78, MARGNOLLES (DE)",45.7892,4.84597
201500047852,16,4,15,17,1,69,389,2,1,1,6,"3, SERGENT MICHEL BERTHE",0.0,0.0
201500047853,17,4,15,20,2,69,382,2,1,2,3,"85, CHARLEMAGNE",0.0,0.0
201500047854,19,4,15,9,1,69,142,2,1,1,2,"6, JEAN JACQUES ROUSSEAU",45.7481,4.81547
201500047855,18,4,15,20,1,69,385,2,1,1,3,"55, CHOULANS (DE)",0.0,0.0
201500047856,17,4,15,11,1,69,384,2,1,1,6,"17, JOSEPH GILLET",0.0,0.0
201500047857,21,4,15,8,1,69,382,2,2,1,3,RAVAT,0.0,0.0
201500047858,21,4,15,9,1,69,389,2,3,1,6,RAOUL CARRIE,45.8012,4.83805
201500047859,21,4,15,16,1,69,389,1,1,1,4,AUTOROUTE A6,45.7707,4.79137
201500047860,22,4,15,15,1,69,202,2,2,1,3,"105, LIBERATION (DE LA)",45.7244,4.77919
201500047861,23,4,15,8,1,69,34,2,2,1,3,JEAN PETIT,45.8014,4.86292
201500047862,22,4,15,14,1,69,389,2,3,1,3,SERGENT MICHEL BERTHET (,0.0,0.0
201500047863,23,4,15,15,1,69,381,2,1,1,3,JEAN MOULIN,45.66063,4.50161
201500047864,23,4,15,21,5,69,385,2,1,1,2,"06, JOLIOT CURIE",0.0,0.0
201500047865,24,4,15,17,1,69,34,2,1,1,6,"12, GENERAL LECLERC",45.7992,4.85281
201500047866,24,4,15,19,1,69,389,2,1,1,3,"44, PIERRE AUDRY",0.0,0.0
201500047867,24,4,15,20,1,69,34,1,1,1,2,"1-3, BOUCLE (DE LA)",0.0,0.0
201500047868,27,4,15,21,5,69,385,2,2,3,3,"167, CHOULANS (DE)",45.7545,4.82577
201500047869,28,4,15,9,1,69,385,2,1,1,6,"2, POINT DU JOUR (DU)",0.0,0.0
201500047870,28,4,15,12,1,69,389,2,1,1,6,"69, ST CYR (DE)",0.0,0.0
201500047871,29,4,15,8,1,69,81,2,3,1,3,BENOIT TABARD,45.7746,4.77539
201500047872,30,4,15,15,1,69,149,2,9,1,6,"41, YZERON (DE L')",45.7203,4.80092
201500047873,30,4,15,19,1,69,34,2,1,1,6,"22, LOUIS DUFOUR",45.8015,4.85133
201500047874,30,4,15,18,1,69,149,2,9,6,6,RHONE (DU),45.716,4.81603
201500047875,1,5,15,17,1,69,385,2,1,2,7,"28, FULCHIRON",0.0,0.0
201500047876,1,5,15,19,1,69,385,1,1,2,2,"101 A, CHOULANS (DE)",45.7516,4.82585
201500047877,2,5,15,14,1,69,149,2,2,1,2,GRANDE RUE,45.7168,4.80961
201500047878,2,5,15,22,3,69,382,1,1,2,2,AUTOROUTE A7,0.0,0.0
201500047879,4,5,15,13,1,69,382,2,1,1,4,"18, DOCTEUR GAILLETON (D",0.0,0.0
201500047880,17,4,15,17,1,69,286,2,1,1,4,"75, ROUTE DE GENEVE",0.0,0.0
201500047881,6,5,15,8,1,69,142,1,1,1,6,"22, CLOS DES CHASSAGNES",45.7243,4.80833
201500047882,6,5,15,10,1,69,34,2,3,7,6,BERTHELOT,45.798,4.84492
201500047883,7,5,15,15,1,69,34,2,4,1,6,"123, PIERRE BRUNIER",45.7919,4.836
201500047884,7,5,15,19,1,69,202,1,1,1,6,"180, MARECHAL FOCH (DU)",45.7409,4.80358
201500047885,9,5,15,16,1,69,286,2,3,1,3,"2, EUROPE (DE L')",45.8122,4.88978
201500047886,11,5,15,12,1,69,389,2,1,1,1,"173, ST CYR (DE)",45.7989,4.81928
201500047887,11,5,15,16,1,69,382,1,1,1,6,"8, BELLECOUR",0.0,0.0
201500047888,11,5,15,17,1,69,381,2,1,1,7,"8, JOSEPH SERLIN",0.0,0.0
201500047889,13,5,15,5,1,69,382,2,1,1,3,JULES COURMONT,0.0,0.0
201500047890,13,5,15,11,1,69,389,2,2,1,3,COMMERCE (DU),0.0,0.0
201500047891,13,5,15,17,1,69,384,2,2,1,3,"141, CROIX-ROUSSE (DE LA",45.7783,4.82913
201500047892,12,5,15,20,2,69,385,2,1,1,3,"15, JEUNET",0.0,0.0
201500047893,15,5,15,17,1,69,385,2,1,3,6,"86, CHOULANS (DE)",0.0,0.0
201500047894,15,5,15,22,4,69,385,2,1,8,6,"80, GARENNE (DE LA)",0.0,0.0
201500047895,16,5,15,7,1,69,385,1,1,1,6,"60, JOLIOT CURIE",0.0,0.0
201500047896,16,5,15,15,1,69,389,2,1,1,2,"84, BARTHELEMY BUYER",0.0,0.0
201500047897,17,5,15,0,5,69,382,2,1,1,3,"100, CHARLEMAGNE",0.0,0.0
201500047898,16,5,15,19,1,69,382,2,2,1,6,PAUL MONTROCHET,0.0,0.0
201500047899,17,5,15,13,1,69,149,2,1,1,3,"97, EMILE ZOLA",45.7196,4.80142
201500047900,19,5,15,16,1,69,382,2,1,1,6,GALLIENI,0.0,0.0
201500047901,19,5,15,18,1,69,382,2,2,1,3,RAVAT,0.0,0.0
201500047902,20,5,15,13,1,69,202,1,1,1,7,FONDS (DES),45.7412,4.78842
201500047903,20,5,15,19,1,69,385,2,1,2,6,FULCHIRON,0.0,0.0
201500047904,20,5,15,12,1,69,381,2,1,1,1,"1, LUCIEN SPORTISSE",45.77034,4.82995
201500047905,21,5,15,10,1,69,202,1,1,1,6,"395, STE BARBE",45.7285,4.78533
201500047906,21,5,15,16,1,69,286,2,1,1,2,CHAMP DE LIERE (DU),0.0,0.0
201500047907,22,5,15,11,1,69,385,2,1,1,3,"2, DEBROUSSE",0.0,0.0
201500047908,19,5,15,9,1,69,142,2,1,1,6,"2, STEPHANE DECHANT",45.7287,4.81517
201500047909,22,5,15,14,1,69,382,2,1,1,6,"7, BELLECOUR",0.0,0.0
201500047910,22,5,15,23,5,69,382,1,3,1,3,GENTIL,0.0,0.0
201500047911,22,5,15,19,1,69,389,2,2,1,3,"124, SIDOINE APPOLINAIRE",0.0,0.0
201500047912,24,5,15,17,1,69,149,2,1,1,1,"101, EMILE ZOLA",45.7197,4.80081
201500047913,24,5,15,23,5,69,382,2,1,1,6,"01, ANTONIN GOURJU",0.0,0.0
201500047914,25,5,15,19,1,69,385,2,1,1,1,"50, FAVORITE (DE LA )",0.0,0.0
201500047915,26,5,15,13,1,69,149,2,1,1,3,"27, DIDEROT",45.7132,4.80908
201500047916,26,5,15,10,1,69,382,2,1,1,2,"10, AUGUSTE COMTE",45.7554,4.82978
201500047917,26,5,15,9,1,69,152,2,1,1,2,LONE (DE LA),45.7052,4.83161
201500047918,27,5,15,12,1,69,384,2,1,1,6,"68, CROIX-ROUSSE (DE LA)",0.0,0.0
201500047919,28,5,15,8,1,69,385,2,1,1,6,"36, GENERAL EISENHOWER (",45.7554,4.78448
201500047920,27,5,15,17,1,69,389,2,1,1,6,"37, SIDOINE APPOLINAIRE",0.0,0.0
201500047921,28,5,15,12,1,69,34,2,1,1,6,"36, PASTEUR",45.7884,4.83983
201500047922,28,5,15,18,1,69,382,2,1,1,5,"1, JULES COURMONT",0.0,0.0
201500047923,29,5,15,21,5,69,384,2,1,1,6,"65, JOSEPH GILLET",45.7837,4.81629
201500047924,30,5,15,13,1,69,389,2,1,1,3,"117, SIDOINE APPOLINAIRE",0.0,0.0
201500047925,30,5,15,15,1,69,389,2,1,1,6,SERGENT MICHEL BERTHET (,0.0,0.0
201500047926,1,6,15,1,5,69,34,2,1,1,6,"78, MARGNOLLES (DE)",45.0,0.0
201500047927,2,6,15,9,1,69,389,2,1,1,2,"17, TUILERIES (DES)",0.0,0.0
201500047928,2,6,15,14,1,69,389,2,1,1,3,"62, PIERRE AUDRY",0.0,0.0
201500047929,2,6,15,15,1,69,149,2,2,1,6,"1, LOUIS AULAGNE",45.7104,4.81719
201500047930,2,6,15,17,1,69,385,2,3,1,2,"20, JOLIOT CURIE",0.0,0.0
201500047931,2,6,15,13,1,69,152,2,2,1,3,EMILE ZOLA,45.7034,4.81924
201500047932,3,6,15,8,1,69,385,2,1,1,6,"84, POINT DU JOUR (DU)",0.0,0.0
201500047933,26,5,15,15,1,69,382,2,1,1,6,CHARLEMAGNE,0.0,0.0
201500047934,4,6,15,12,1,69,34,2,1,1,6,"17, LOUIS DUFOUR",45.8009,4.85131
201500047935,4,6,15,19,1,69,389,2,1,7,6,LAURE DIEBOLD,0.0,0.0
201500047936,5,6,15,14,1,69,34,2,5,1,6,SOLDATS (Des),45.7957,4.85793
201500047937,5,6,15,18,1,69,382,2,1,1,5,"53, CHARLEMAGNE",0.0,0.0
201500047938,5,6,15,20,1,69,286,2,1,1,6,"83, EUROPE (DE L')",0.0,0.0
201500047939,6,6,15,17,1,69,34,2,1,1,3,"65, GENERAL LECLERC",45.8032,4.85985
201500047940,8,6,15,17,1,69,389,2,1,1,7,SERGENT MICHEL BERTHET (,45.7788,4.8035
201500047941,6,6,15,11,1,69,384,2,1,1,6,"01, VILLENEUVE",0.0,0.0
201500047942,28,5,15,7,1,69,149,2,1,1,6,"02, EMILE ZOLA",45.7196,4.80246
201500047943,9,6,15,11,1,69,34,2,1,1,4,"12, GENERAL DE GAULLE",45.8037,4.85186
201500047944,10,6,15,9,1,69,385,2,7,1,3,"1BIS, FOSSES DE TRION (D",0.0,0.0
201500047945,10,6,15,18,1,69,384,2,1,1,4,"10, TUNNEL DE LA CROIX R",0.0,0.0
201500047946,16,2,15,15,1,69,384,2,1,1,2,"67, CANUTS (DES)",0.0,0.0
201500047947,11,6,15,7,1,69,389,2,3,1,3,"550, ECULLY (D')",0.0,0.0