Num_Acc,jour,mois,an,hr,condition_eclairage,departement,commune,condition_agglomeration,intersection,condition_atmosphere,type_collision,adresse,lattitude,longitude
201500047948,11,6,15,18,1,69,286,2,3,1,3,ROUTE DE STRASBOURG D 48,45.8203,4.89547
201500047949,12,6,15,15,1,69,385,2,1,1,3,"5, OCTAVIO MEY",0.0,0.0
201500047950,12,6,15,22,5,69,81,2,5,3,3,FRANKLIN ROOSEVELT,45.7667,4.77374
201500047951,13,6,15,0,3,69,385,2,1,1,3,"153 TER, JOLIOT CURIE",0.0,0.0
201500047952,13,6,15,10,1,69,149,2,1,1,3,"23, GENERAL DE GAULLE",45.7167,4.79017
201500047953,10,6,15,7,1,69,34,2,1,1,3,"3, ST CLAIR (DE)",45.7862,4.84894
201500047954,10,6,15,8,1,69,381,2,1,1,3,"22, ST VINCENT",45.7729,4.8308
201500047955,15,6,15,11,1,69,81,2,3,1,3,CHARRIERE BLANCHE (DE),45.7783,4.776
201500047956,15,6,15,17,1,69,389,2,2,1,3,ST PIERRE DE VAISE,0.0,0.0
201500047957,16,6,15,19,1,69,34,2,2,1,3,"272, CANUTS (DES)",45.786,4.82641
201500047958,13,6,15,22,5,69,381,2,7,3,6,LOUIS PRADEL,0.0,0.0
201500047959,18,6,15,13,1,69,34,2,1,1,3,"10, JEAN PETIT",45.8045,4.85925
201500047960,19,6,15,8,1,69,142,2,1,1,2,"66, STEPHANE DECHANT",45.7247,4.81321
201500047961,19,6,15,16,1,69,384,2,1,1,6,"9, BELFORT (DE)",45.7774,4.83651
201500047962,20,6,15,9,1,69,381,2,2,1,6,CROIX ROUSSE (DE LA),45.7732,4.83535
201500047963,20,6,15,19,1,69,381,2,1,1,1,MORAND,0.0,0.0
201500047964,21,6,15,12,1,69,389,2,2,1,3,GORGE DE LOUP,45.7696,4.79941
201500047965,22,6,15,8,1,69,389,2,1,1,6,BOURGOGNE (DE),0.0,0.0
201500047966,22,6,15,10,1,69,385,2,1,1,6,"55, PIERRE SCIZE",0.0,0.0
201500047967,22,6,15,14,1,69,149,2,2,1,3,"52, FLEURY",45.7148,4.80864
201500047968,24,6,15,11,1,69,389,2,3,1,1,RHIN ET DANUBE,0.0,0.0
201500047969,24,6,15,12,1,69,286,2,1,1,4,AIN (DE L'),45.8224,4.88925
201500047970,23,6,15,19,2,69,384,2,1,1,1,CLOS SAVARON,45.7834,4.82016
201500047971,24,6,15,17,1,69,34,2,2,1,6,"2, DOCTEUR ZAMENHOF (DU)",45.797,4.85044
201500047972,24,6,15,18,1,69,34,2,3,1,6,"12, FRANCOIS PEISSEL",45.7929,4.83889
201500047973,25,6,15,10,1,69,81,2,3,1,6,VALVERT,45.45558,4.6049
201500047974,25,6,15,18,1,69,382,2,1,1,3,KITCHENER MARCHAND,0.0,0.0
201500047975,25,6,15,20,1,69,34,2,3,1,3,"37, HENRI CHEVALIER",0.0,0.0
201500047976,26,6,15,15,1,69,385,2,1,1,6,"108, CHOULANS (DE)",45.7584,4.81691
201500047977,25,6,15,18,1,69,202,2,1,1,6,"41, MONTRAY (DE)",45.7321,4.79525
201500047978,28,6,15,2,5,69,381,2,1,1,6,"20, TERREAUX (DES)",45.7735,4.82722
201500047979,27,6,15,19,1,69,389,2,1,1,7,"46, LAURE DIEBOLD",0.0,0.0
201500047980,29,6,15,18,1,69,385,2,1,1,6,"5, MENIVAL (DE)",0.0,0.0
201500047981,30,6,15,21,5,69,34,2,1,1,7,Pont Raymond Poincaré,0.0,0.0
201500047982,1,7,15,17,1,69,286,2,1,1,4,CAPITAINE JULIEN (DU),0.0,0.0
201500047983,2,7,15,8,1,69,286,1,1,1,7,SATHONAY A ROSAGE (DE),0.0,0.0
201500047984,2,7,15,13,1,69,384,2,1,1,2,BIRMINGHAM (DE),0.0,0.0
201500047985,2,7,15,17,1,69,384,2,1,1,3,"77, CUIRE (DE)",0.0,0.0
201500047986,3,7,15,19,1,69,384,2,3,1,3,"117, CROIX-ROUSSE (DE LA",0.0,0.0
201500047987,5,7,15,5,2,69,382,2,1,1,6,TREMIE N°6,0.0,0.0
201500047988,5,7,15,15,1,69,385,2,1,1,6,"35, FULCHIRON",45.7546,4.82477
201500047989,6,7,15,19,1,69,81,2,4,7,3,PONTET ET CRASES (DE),45.7826,4.77542
201500047990,6,7,15,17,1,69,149,2,1,1,6,"32, CHARTON",45.7148,4.81142
201500047991,8,7,15,1,5,69,34,2,1,1,7,"2, BELVEDERE (DU)",45.7835,4.84254
201500047992,8,7,15,10,1,69,286,2,1,1,6,"2534, ROUTE DE STRASBOUR",45.8191,4.89379
201500047993,8,7,15,19,1,69,152,2,1,1,3,"499, EUROPE (DE L')",45.7008,4.82265
201500047994,10,7,15,1,5,69,34,2,2,1,6,"272, CANUTS (DES)",45.7846,4.83223
201500047995,10,7,15,7,1,69,389,2,2,1,3,BEN GOURION   (AV),45.7881,4.78969
201500047996,10,7,15,16,1,69,149,2,2,1,3,"12, BUISSET (DU)",45.0,0.0
201500047997,11,7,15,21,2,69,382,2,1,1,6,DOCTEUR GAILLETON (DU),0.0,0.0
201500047998,12,7,15,8,1,69,149,2,1,1,2,"84, EMILE ZOLA",45.7199,4.79844
201500047999,13,7,15,19,1,69,389,2,1,1,4,"77, MARIETTON",0.0,0.0
201500048000,15,7,15,18,1,69,149,2,1,1,2,"21, EMILE ZOLA",0.0,0.0
201500048001,17,7,15,0,5,69,34,2,5,1,3,ARISTIDE BRIAND,45.7838,4.8453
201500048002,15,7,15,14,1,69,389,2,3,1,3,HECTOR BERLIOZ,0.0,0.0
201500048003,18,7,15,1,5,69,34,2,1,1,6,"1, MARECHAL FOCH (DU)",45.7949,4.85071
201500048004,18,7,15,20,1,69,385,2,9,1,6,"19, BOMBARDE (DE LA)",0.0,0.0
201500048005,18,7,15,18,1,69,385,2,1,2,3,"20, ROGER RADISSON",45.7597,4.82638
201500048006,19,7,15,20,1,69,384,2,1,1,6,"2, TERRASSE (DE LA)",45.7554,4.83671
201500048007,19,7,15,21,2,69,389,2,3,1,4,ST CYR (DE),0.0,0.0
201500048008,20,7,15,9,1,69,389,2,1,1,6,"16, 24 MARS 1852",0.0,0.0
201500048009,17,7,15,17,1,69,382,2,1,1,6,"33, SUCHET",0.0,0.0
201500048010,19,7,15,19,1,69,34,2,1,1,3,"109, GEORGES CLEMENCEAU",45.8107,4.84528
201500048011,21,7,15,8,1,69,152,2,1,1,3,"12, EUROPE (DE L')",45.7059,4.821
201500048012,21,7,15,20,1,69,81,2,1,1,6,JEAN MARIE VIANNEY,45.7897,4.77935
201500048013,22,7,15,0,5,69,382,2,3,1,3,"1, MARECHAL JOFFRE (DU)",45.7539,4.82938
201500048014,22,7,15,6,1,69,382,2,1,1,2,"70, SUCHET",0.0,0.0
201500048015,22,7,15,19,1,69,385,2,1,1,3,"43, DOCTEUR ALBERIC PONT",0.0,0.0
201500048016,21,7,15,19,1,69,382,2,1,1,4,"30, DOCTEUR GAILLETON (D",0.0,0.0
201500048017,23,7,15,8,1,69,149,2,1,1,3,"72, PIERRE SEMARD",45.7181,4.81683
201500048018,24,7,15,19,1,69,286,2,1,1,2,"394, ROUTE DE STRASBOURG",0.0,0.0
201500048019,27,7,15,3,5,69,142,2,1,1,6,JEAN JACQUES ROUSSEAU,45.7433,4.81272
201500048020,27,7,15,4,5,69,34,2,1,1,6,"72, MARGNOLLES (DE)",45.7888,4.8449
201500048021,27,7,15,7,1,69,286,2,4,7,3,ROUTE DE GENEVE,0.0,0.0
201500048022,27,7,15,11,1,69,385,2,1,1,7,CHOULANS (DE),45.7585,4.81839
201500048023,27,7,15,17,1,69,149,2,1,1,6,"01, EMILE ZOLA",45.7256,4.80956
201500048024,28,7,15,12,1,69,286,1,1,1,3,PIERRE DREVET,45.8136,4.86908
201500048025,30,7,15,4,5,69,385,2,1,1,7,"101 B, CHOULANS (DE)",0.0,0.0
201500048026,30,7,15,13,1,69,149,2,1,1,1,"107, FRANCISQUE JOMARD",45.7191,4.78642
201500048027,30,7,15,19,1,69,384,2,1,1,3,"48 bis, HENON",0.0,0.0
201500048028,31,7,15,8,1,69,81,2,6,1,3,PONTET ET CRASES (DE),45.7864,4.77253
201500048029,28,7,15,12,1,69,385,2,2,1,3,CHOULANS (DE),0.0,0.0
201500048030,31,7,15,18,1,69,389,2,1,1,7,DUCHERE (DE LA),0.0,0.0
201500048031,30,7,15,19,1,69,286,2,3,1,2,"2, EUROPE (DE L')",45.8121,4.88972
201500048032,4,8,15,7,1,69,389,2,1,1,3,"60, DOCKS (DES)",0.0,0.0
201500048033,3,8,15,19,1,69,286,2,1,1,6,"13, FLEURY SALIGNAT",45.8222,4.89592
201500048034,6,8,15,2,5,69,385,2,1,1,6,CHOULANS (DE),45.7792,4.79573
201500048035,7,8,15,9,1,69,149,2,2,1,3,EMILE ZOLA,45.7195,4.80419
201500048036,8,8,15,15,1,69,382,2,2,3,6,GRENETTE,0.0,0.0
201500048037,10,8,15,12,1,69,385,2,2,1,3,"2, SOEUR BOUVIER",0.0,0.0
201500048038,10,8,15,20,1,69,384,2,2,1,6,CANUTS (DES),0.0,0.0
201500048039,10,8,15,20,1,69,389,2,1,1,6,"273, VICTOR SCHOELCHER",0.0,0.0
201500048040,11,8,15,16,1,69,382,2,1,1,6,"29, ST ANTOINE",0.0,0.0
201500048041,8,8,15,22,5,69,389,2,1,8,6,"107, ST CYR (DE)",45.7955,4.81644
201500048042,7,8,15,9,1,69,382,2,1,1,3,PLAT (DU),0.0,0.0
201500048043,13,8,15,4,5,69,389,2,1,1,2,GEORGES CLEMENCEAU,0.0,0.0
201500048044,14,8,15,8,1,69,389,2,1,1,6,"54, ALBERT FALSAN",0.0,0.0
201500048045,15,8,15,12,1,69,389,2,3,1,6,"52, PAUL SEDAILLIAN",45.78739,4.81438
201500048046,16,8,15,18,1,69,382,2,4,1,3,JULES COURMONT,45.7574,4.86962
201500048047,17,8,15,2,5,69,382,2,1,1,6,"6, DOCTEUR GAILLETON (DU",0.0,0.0
201500048048,17,8,15,13,1,69,382,2,3,1,3,PAUL MONTROCHET,45.7402,4.81711
201500048049,17,8,15,17,1,69,149,2,3,8,3,"216, GRANDE RUE",0.0,0.0
201500048050,17,8,15,23,5,69,286,2,2,8,3,"91, EUROPE (DE L')",0.0,0.0
201500048051,20,8,15,17,1,69,81,2,1,1,6,CALABERT,45.78,4.77564
201500048052,23,8,15,4,5,69,382,2,1,1,6,HRANT DINK,0.0,0.0
201500048053,25,8,15,7,1,69,385,2,1,1,7,"61, PIERRE SCIZE",45.76706,4.82144
201500048054,25,8,15,14,1,69,149,2,1,1,3,"22, GRANDE RUE",45.7197,4.81049
201500048055,24,8,15,12,1,69,384,2,1,9,2,BONAFOUS,0.0,0.0
201500048056,26,8,15,16,1,69,34,2,1,1,6,GEORGES CLEMENCEAU,45.79145,4.82303
201500048057,27,8,15,16,1,69,385,2,1,1,6,"4, ETROITS (DES)",0.0,0.0
201500048058,28,8,15,3,5,69,385,2,2,1,3,"14, BARTHELEMY BUYER",45.7652,4.79155
201500048059,22,8,15,17,1,69,382,1,1,1,6,"14, VERDUN PERRACHE",45.74937,4.82757
201500048060,29,8,15,17,1,69,389,2,1,1,3,"125, SIDOINE APPOLINAIRE",45.7813,4.80092
201500048061,30,8,15,21,5,69,384,2,1,1,3,"13, JOSEPH GILLET",0.0,0.0
201500048062,30,8,15,11,1,69,202,2,6,1,3,PRES (DES),0.0,0.0
201500048063,1,9,15,13,1,69,381,2,3,2,6,"00, PRESIDENT EDOUARD HE",0.0,0.0
201500048064,3,9,15,14,1,69,34,2,3,1,3,"38, GEORGES CLEMENCEAU",0.0,0.0
201500048065,4,9,15,2,5,69,382,2,3,1,5,PERRACHE,0.0,0.0
201500048066,5,9,15,12,1,69,385,2,3,1,3,"64, POINT DU JOUR (DU)",45.75639,4.79769
201500048067,6,9,15,10,1,69,389,2,2,1,6,ST CYR (DE),0.0,0.0
201500048068,7,9,15,17,1,69,286,2,1,1,6,"34, ROUTE DE GENEVE",45.8057,4.88564
201500048069,7,9,15,18,1,69,286,2,1,1,6,EUROPE (DE L'),0.0,0.0
201500048070,8,9,15,15,1,69,384,2,2,1,6,HENON,0.0,0.0
201500048071,10,9,15,13,1,69,286,2,9,1,3,CHENE (DU),45.818,4.87842
201500048072,10,9,15,22,5,69,142,2,1,1,1,"80, STEPHANE DECHANT",0.0,0.0
201500048073,8,9,15,10,1,69,384,2,1,1,6,"3, AIME BOUSSANGE",45.77538,4.83425
201500048074,8,9,15,8,1,69,149,2,1,1,6,"21, AUGUSTE BLANQUI",45.7117,4.81117
201500048075,11,9,15,21,5,69,382,2,2,1,3,CHARITE (DE LA),0.0,0.0
201500048076,13,9,15,2,5,69,202,2,1,3,1,"21, PLAN LOUP (DU)",45.735,4.7945
201500048077,14,9,15,22,5,69,286,2,6,1,3,ROUTE DE STRASBOURG,45.8133,4.88779
201500048078,15,9,15,16,1,69,385,2,1,1,6,"31, CHEMIN NEUF (DU)",0.0,0.0
201500048079,18,9,15,10,1,69,389,1,1,1,2,25EME REGIMENT DE TIRAIL,0.0,0.0
201500048080,18,9,15,18,2,69,286,2,3,1,1,"12, ROUTE DE STRASBOURG",0.0,0.0
201500048081,17,9,15,14,1,69,149,2,1,2,2,"14, BOTTIERES (DES)",45.7231,4.79297
201500048082,19,9,15,21,5,69,34,2,3,1,3,SOLDATS (DES),0.0,0.0
201500048083,21,9,15,10,1,69,389,2,3,1,6,MASARYK,0.0,0.0
201500048084,20,9,15,18,1,69,149,2,1,1,1,"85, CHARTON",0.0,0.0
201500048085,22,9,15,17,1,69,149,2,1,1,6,RHONE (DU),45.71631,4.81538
201500048086,23,9,15,12,1,69,384,2,1,1,6,"82, HENON",0.0,0.0
201500048087,23,9,15,10,1,69,385,2,1,1,6,"8, FAVORITE (DE LA )",45.75803,4.81229
201500048088,24,9,15,14,1,69,382,2,1,1,6,SUCHET,0.0,0.0
201500048089,24,9,15,13,1,69,34,2,1,1,3,"35, ARISTIDE BRIAND",45.7841,4.84542
201500048090,24,9,15,20,5,69,149,2,1,1,3,"92, GRANDE RUE",45.7156,4.80878
201500048091,26,9,15,1,5,69,385,2,3,1,3,"44, BARTHELEMY BUYER",45.7637,4.78842
201500048092,26,9,15,21,5,69,382,2,7,1,6,"30, STELLA",0.0,0.0
201500048093,26,9,15,23,5,69,384,2,1,1,6,"31, PERNON",0.0,0.0
201500048094,15,9,15,17,1,69,149,2,5,1,6,PIERRE SEMARD,45.7173,4.80978
201500048095,28,9,15,8,1,69,286,2,3,7,6,"196, HIPPODROME (DE L')",0.0,0.0
201500048096,28,9,15,16,1,69,385,2,1,1,6,"13, FRANCOIS GENIN",45.75486,4.79635
201500048097,28,9,15,17,1,69,389,1,1,1,3,ST CYR (DE),45.7968,4.81748
201500048098,29,9,15,13,1,69,286,2,1,1,6,EUROPE (DE L'),45.8174,4.90108
201500048099,30,9,15,1,5,69,381,1,1,1,7,"4, GENERAL GIRAUD (DU)",0.0,0.0
201500048100,29,9,15,12,1,69,389,2,1,1,6,"44, SERGENT MICHEL BERTH",0.0,0.0
201500048101,29,9,15,11,1,69,286,2,9,1,5,"645, MERCIERES (DES)",45.8157,4.87819
201500048102,30,9,15,8,1,69,385,2,3,1,3,"128, COMMANDANT CHARCOT",0.0,0.0
201500048103,30,9,15,10,1,69,286,2,3,1,3,"916, VICTOR HUGO",45.8204,4.88228
201500048104,29,9,15,16,1,69,34,1,1,1,6,MARC SANGNIER,45.7986,4.84914
201500048105,30,9,15,23,5,69,142,2,1,1,5,PIERRE VICTOR GALTIER,0.0,0.0
201500048106,1,10,15,6,2,69,389,2,3,1,3,"89, MARIETTON",45.7796,4.79894
201500048107,1,10,15,7,2,69,81,2,3,1,3,EDOUARD AYNARD,45.7761,4.7782
201500048108,29,9,15,20,5,69,382,2,1,1,6,GALLIENI,0.0,0.0
201500048109,1,10,15,12,1,69,385,2,1,1,6,"2, CHEMIN NEUF (DU)",45.7757,4.80412
201500048110,28,9,15,11,1,69,385,2,1,1,6,GENERAL EISENHOWER (DU),45.7574,4.7856
201500048111,1,10,15,18,1,69,389,2,1,1,6,"16, MARIETTON",0.0,0.0
201500048112,2,10,15,16,1,69,34,2,1,1,3,"06, ARISTIDE BRIAND",45.7801,4.84167
201500048113,1,10,15,19,1,69,382,2,2,1,3,CHARLEMAGNE,0.0,0.0
201500048114,3,10,15,21,5,69,382,2,1,2,6,ST ANTOINE,0.0,0.0
201500048115,4,10,15,23,5,69,384,2,1,2,7,"56, JOSEPH GILLET",0.0,0.0
201500048116,5,10,15,8,1,69,389,2,1,1,3,"41, PAUL SEDAILLIAN",0.0,0.0
201500048117,30,9,15,13,1,69,384,2,1,1,2,"12, HERBOUVILLE (D')",0.0,0.0
201500048118,3,10,15,8,1,69,382,2,1,1,6,"106, CHARLEMAGNE",0.0,0.0
201500048119,25,9,15,10,1,69,382,2,1,1,6,"40, VICTOR HUGO",0.0,0.0
201500048120,2,10,15,17,1,69,34,2,1,1,3,"9, GENERAL DE GAULLE",45.8056,4.85393
201500048121,9,10,15,12,1,69,389,2,1,1,3,"53, ST CYR (DE)",0.0,0.0
201500048122,10,10,15,12,1,69,149,2,3,1,3,LOUIS AULAGNE,45.713,4.8152
201500048123,11,10,15,5,2,69,389,2,2,1,6,BALMONT (DE),45.7886,4.80227
201500048124,12,10,15,12,1,69,202,2,3,1,3,"1, HAUTS DU BOIS (DES)",45.7401,4.78944
201500048125,13,10,15,12,1,69,385,2,1,1,1,"14, NOYERS (DES)",45.75242,4.78647
201500048126,10,10,15,9,1,69,384,2,3,1,3,"15, DUMONT D'URVILLE",45.781,4.82753
201500048127,14,10,15,12,1,69,382,2,2,8,6,CHARLEMAGNE,0.0,0.0
201500048128,15,10,15,23,5,69,381,2,1,1,6,"29, ROMARIN",0.0,0.0
201500048129,17,10,15,22,5,69,382,2,3,1,6,ANTONIN PONCET,0.0,0.0
201500048130,18,10,15,2,5,69,381,2,1,1,6,"6, ROGER VIOLI",0.0,0.0
201500048131,18,10,15,16,1,69,202,1,1,1,3,"27, GENERAL DE GAULLE (D",45.7414,4.79356
201500048132,20,10,15,19,2,69,381,2,3,1,6,LOUIS CHAZETTE,0.0,0.0
201500048133,23,10,15,6,5,69,34,2,6,1,6,SOLDATS (DES),45.7944,4.85916
201500048134,23,10,15,7,1,69,286,2,1,1,3,"157, ROUTE DE STRASBOURG",0.0,0.0
201500048135,24,10,15,18,2,69,389,2,1,1,3,"470, SAUVEGARDE (DE LA)",0.0,0.0
201500048136,25,10,15,3,5,69,142,2,3,1,3,PIERRE SEMARD,45.7254,4.81681
201500048137,27,10,15,19,5,69,81,2,3,3,1,GUY DE COLLONGUE    AV,45.7812,4.76672
201500048138,27,10,15,20,5,69,34,2,1,2,6,SOLDATS (DES),0.0,0.0
201500048139,27,10,15,11,1,69,149,2,1,1,6,"16, EMILE ZOLA",45.7196,4.80439
201500048140,28,10,15,8,1,69,389,2,1,3,4,25EME REGIMENT DE TIRAIL,0.0,0.0
201500048141,29,10,15,9,1,69,382,2,3,1,6,BELLECOUR,0.0,0.0
201500048142,29,10,15,13,1,69,389,2,1,1,3,"45, MARIETTON",45.7803,4.79951
201500048143,29,10,15,13,1,69,81,2,1,1,3,CHAMPAGNE (DE),45.7836,4.78098
201500048144,29,10,15,11,1,69,382,2,1,1,6,"24, ST ANTOINE",45.76274,4.83213
201500048145,29,10,15,11,1,69,382,2,1,1,3,GALLIENI,0.0,0.0
201500048146,30,10,15,7,1,69,389,2,1,1,2,"4, MOUILLARD",45.78515,4.80738
201500048147,30,10,15,15,1,69,384,2,1,1,1,CROIX ROUSSE (TUNNEL DE,0.0,0.0
201500048148,30,10,15,16,2,69,389,2,2,1,1,BOURGOGNE (DE),0.0,0.0
201500048149,30,10,15,23,5,69,381,2,1,1,6,ST POLYCARPE,0.0,0.0
201500048150,3,11,15,9,1,69,384,2,2,1,6,"94, HENON",0.0,0.0
201500048151,1,11,15,17,5,69,34,2,1,8,3,"64, MARGNOLLES",45.7881,4.8524
201500048152,3,11,15,8,1,69,142,2,1,1,3,"35, JEAN JACQUES ROUSSEA",0.0,0.0
201500048153,3,11,15,15,1,69,34,2,1,1,4,PERIPHERIQUE NORD,45.7891,4.85021
201500048154,4,11,15,8,2,69,202,2,3,1,6,"145, COMMANDANT CHARCOT",45.7476,4.79176
201500048155,4,11,15,12,1,69,34,2,1,2,1,"89, PIED CHARDON (DE)",45.80916,4.86408
201500048156,5,11,15,8,1,69,286,2,1,1,3,"2133, ROUTE DE STRASBOUR",45.827,4.90535
201500048157,5,11,15,10,1,69,202,2,1,1,6,"10, LIMBURG (DE)",45.734,4.77966
201500048158,5,11,15,18,5,69,389,2,2,1,6,PAUL SEDAILLIAN,0.0,0.0
201500048159,6,11,15,15,1,69,389,2,1,1,6,"15, GARE D'EAU (DE LA)",0.0,0.0
201500048160,5,11,15,21,5,69,385,2,2,1,3,FOSSES DE TRION (DES),45.45253,0.0
201500048161,7,11,15,0,5,69,384,2,1,1,6,"56, CROIX-ROUSSE (DE LA)",0.0,0.0
201500048162,6,11,15,20,5,69,389,2,3,1,1,"109, MARIETTON",0.0,0.0
201500048163,8,11,15,13,1,69,34,2,1,1,6,MONTESSUY (DE),45.79122,4.8408
201500048164,8,11,15,14,1,69,34,2,1,1,3,"2bis, GENERAL LECLERC",45.7997,4.85323
201500048165,8,11,15,17,5,69,389,1,1,1,3,GEORGES CLEMENCEAU,45.7794,4.79944
201500048166,8,11,15,7,1,69,286,2,1,1,6,"4615, ROUTE DE STRASBOUR",0.0,0.0
201500048167,9,11,15,6,2,69,286,2,1,1,6,"1, MONT BLANC (DU)",45.81308,4.89314
201500048168,9,11,15,11,1,69,34,2,1,1,6,DOCTEUR ZAMENHOF (DU),45.7943,4.85633
201500048169,10,11,15,13,1,69,381,1,1,1,3,ALGERIE (D'),0.0,0.0
201500048170,10,11,15,13,1,69,34,2,1,1,6,"6, FORTS (DES)",45.79397,4.829
201500048171,10,11,15,18,5,69,149,2,1,1,6,RHONE (DU),45.71705,4.81349
201500048172,10,11,15,18,5,69,389,2,1,1,6,"36, MARIETTON",0.0,0.0
201500048173,12,11,15,14,1,69,382,2,1,1,2,"2, MARECHAL JOFFRE (DU)",0.0,0.0
201500048174,13,11,15,11,1,69,202,2,1,1,6,"75, AQUEDUC DE BEAUNANT",45.728,4.79647
201500048175,12,11,15,15,1,69,34,2,4,1,7,BELLEVUE,45.78583,4.84916
201500048176,15,11,15,10,1,69,34,2,7,7,6,"14, PAUL PAINLEVE",45.79102,4.84324
201500048177,3,10,15,21,5,69,385,2,1,1,7,"199, JOLIOT CURIE",45.7521,4.77674
201500048178,10,11,15,12,1,69,381,2,3,1,6,PAUL CHENAVARD,0.0,0.0
201500048179,17,11,15,13,1,69,81,2,2,1,3,PROFESSEUR PAUL SANTY (D,45.76627,4.76927
201500048180,16,11,15,12,1,69,384,2,1,1,6,DENFERT ROCHEREAU,0.0,0.0
201500048181,18,11,15,6,5,69,389,2,2,1,3,JAYR,0.0,0.0
201500048182,16,11,15,17,1,69,34,2,1,1,3,GENERAL LECLERC,45.8038,4.86191
201500048183,19,11,15,0,5,69,382,2,1,8,6,"60, CHARLEMAGNE",0.0,0.0
201500048184,19,11,15,12,1,69,385,2,1,1,6,"21, POINT DU JOUR (DU)",45.7574,4.80095
201500048185,19,11,15,15,1,69,202,2,1,1,5,"28, MONTRAY (DE)",0.0,0.0
201500048186,19,11,15,20,5,69,381,2,1,1,3,"7, JARDIN DES PLANTES (D",0.0,0.0
201500048187,22,11,15,10,1,69,385,2,1,1,7,"2, CHEMIN NEUF (DU)",0.0,0.0
201500048188,22,11,15,18,5,69,389,2,2,2,3,"5, GORGE DE LOUP",0.0,0.0
201500048189,22,11,15,16,1,69,202,2,3,2,1,"192, MARECHAL FOCH (DU)",45.73936,4.8063
201500048190,22,11,15,20,5,69,385,2,1,2,7,PAUL DUQUAIRE,45.76177,4.82865
201500048191,22,11,15,10,1,69,34,1,1,2,6,PERIPHERIQUE NORD,45.78333,4.84999
201500048192,23,11,15,6,5,69,389,2,3,1,6,"33, PROFESSEUR PATEL (DU",45.765,4.7935
201500048193,23,11,15,11,1,69,389,1,1,1,1,"192, ST CYR (DE)",45.7983,4.819
201500048194,23,11,15,16,2,69,385,2,1,1,6,"22, POINT DU JOUR (DU)",45.7574,4.80095
201500048195,23,11,15,23,5,69,389,2,2,1,3,VICTOR SCHOELCHER,0.0,0.0
201500048196,24,11,15,15,1,69,389,2,1,1,2,"53, SERGENT MICHEL BERTH",0.0,0.0
201500048197,25,11,15,6,5,69,34,1,1,2,6,PERIPHERIQUE NORD,45.78863,4.86533
201500048198,23,11,15,19,5,69,34,2,1,1,3,"250, JEAN MONNET",45.79022,4.84002
201500048199,26,11,15,8,1,69,286,2,3,1,1,ROUTE DE GENEVE,45.8,4.88
201500048200,26,11,15,7,1,69,81,2,3,1,3,FRANKLIN ROOSEVELT,0.0,0.0
201500048201,26,11,15,8,1,69,382,2,1,1,3,"00, PAUL MONTROCHET",0.0,0.0
201500048202,25,11,15,13,1,69,34,2,1,2,7,"45, FORTS (DES)",45.79288,4.83433
201500048203,27,11,15,12,1,69,142,1,1,1,4,MULATIERE (DE LA),45.73061,4.81561
201500048204,27,11,15,16,1,69,382,2,2,1,3,JULES COURMONT,0.0,0.0
201500048205,27,11,15,16,1,69,382,2,1,1,3,JULES COURMONT,0.0,0.0
201500048206,27,11,15,18,5,69,81,2,5,1,1,"2, RAYMOND DE VEYSSIERES",45.77347,4.78286
201500048207,29,11,15,18,5,69,34,2,3,1,6,GEORGES CLEMENCEAU,45.81383,4.84927
201500048208,30,11,15,8,1,69,149,2,1,1,6,"35, PIERRE SEMARD",45.71752,4.81274
201500048209,30,11,15,15,1,69,389,2,3,1,3,GARE D'EAU (DE LA),0.0,0.0
201500048210,1,12,15,16,1,69,149,2,1,1,6,"11, VOLTAIRE",45.71391,4.80491
201500048211,2,12,15,8,1,69,81,1,3,1,3,VALVERT,45.7707,4.78571
201500048212,3,12,15,8,1,69,382,2,1,1,6,VERDUN RECAMIER,0.0,0.0
201500048213,4,12,15,12,1,69,389,2,1,1,6,ANDREI SAKHAROV,45.78751,4.79975
201500048214,4,12,15,17,2,69,385,2,1,1,6,"14 Ter, MONTAUBAN (DE)",0.0,0.0
201500048215,4,12,15,19,5,69,385,2,1,1,2,"25, FARGES (DES)",0.0,0.0
201500048216,4,12,15,19,5,69,149,2,1,1,3,"144, EMILE ZOLA",45.72138,4.79461
201500048217,1,12,15,16,1,69,382,2,1,1,6,CORDELIERS (DES),0.0,0.0
201500048218,8,12,15,12,1,69,389,1,1,1,6,"109, MARIETTON",45.7893,4.81217
201500048219,8,12,15,16,2,69,389,2,3,1,6,ECULLY (D'),0.0,0.0
201500048220,9,12,15,0,5,69,385,2,1,2,6,"25, POINT DU JOUR (DU)",45.75616,4.80536
201500048221,10,12,15,23,5,69,389,2,1,1,6,"49, MARIETTON",0.0,0.0
201500048222,11,12,15,9,1,69,389,2,3,1,3,TISSOT,45.774,4.79675
201500048223,11,12,15,15,1,69,389,2,1,1,2,"6, RAOUL CARRIE",45.8008,4.838
201500048224,11,12,15,18,5,69,149,2,1,1,3,"7, CAMILLE (DE LA)",45.71244,4.80219
201500048225,12,12,15,12,1,69,385,2,1,1,3,"38-44, CASTORS (DES)",0.0,0.0
201500048226,13,12,15,14,1,69,381,2,3,1,1,"2, JEAN MOULIN",0.0,0.0
201500048227,14,12,15,16,1,69,286,2,1,1,6,"3, ROUTE DE GENEVE",45.8074,4.89438