Num_Acc,jour,mois,an,hr,condition_eclairage,departement,commune,condition_agglomeration,intersection,condition_atmosphere,type_collision,adresse,lattitude,longitude
201500048228,14,12,15,11,1,69,149,2,1,1,6,"45, JEAN JAURES",0.0,0.0
201500048229,15,12,15,11,1,69,81,2,1,1,2,"30 BIS, JEAN MARIE VIANN",45.79265,4.77373
201500048230,15,12,15,12,1,69,152,2,1,1,2,"84, EUROPE (DE L')",45.70108,4.82232
201500048231,15,12,15,16,1,69,149,2,1,1,6,"9, CAMILLE (DE LA)",45.71251,4.80219
201500048232,16,12,15,13,1,69,389,2,1,1,5,"21, PAUL SEDAILLIAN",0.0,0.0
201500048233,6,12,15,11,1,69,382,2,1,1,6,DOCTEUR GAILLETON (DU),0.0,0.0
201500048234,17,12,15,13,1,69,389,2,1,1,2,"65, ST CYR (DE)",0.0,0.0
201500048235,15,12,15,11,1,69,382,1,1,1,2,"58, JULES COURMONT",0.0,0.0
201500048236,18,12,15,18,5,69,149,2,1,1,6,"5, COMMUNE DE PARIS (DE",45.71836,4.80621
201500048237,18,12,15,18,5,69,286,2,1,1,6,"60, EUROPE (DE L')",0.0,0.0
201500048238,19,12,15,15,1,69,382,2,3,1,6,"69, PRESIDENT EDOUARD HE",0.0,0.0
201500048239,19,12,15,17,2,69,34,2,1,1,6,GENERAL LECLERC,45.80322,4.85991
201500048240,20,12,15,12,1,69,389,2,2,1,3,"53, ST CYR (DE)",0.0,0.0
201500048241,20,12,15,9,1,69,152,2,1,1,1,"76, REPUBLIQUE (DE LA)",45.70318,4.82892
201500048242,21,12,15,17,5,69,286,2,1,1,6,"3, EUROPE (DE L')",45.81308,4.89316
201500048243,22,12,15,12,1,69,389,2,3,1,1,"28, ROGER SALENGRO",0.0,0.0
201500048244,23,12,15,16,1,69,81,2,1,1,1,"18, VERDUN (DE)",45.7728,4.78475
201500048245,17,12,15,19,5,69,381,2,1,1,6,JEAN MOULIN,0.0,0.0
201500048246,26,12,15,0,5,69,385,2,1,1,6,"88, PIERRE SCIZE",45.7653,4.83035
201500048247,27,12,15,17,5,69,286,2,1,1,6,MONT BLANC (DU),45.8,4.88333
201500048248,28,12,15,13,1,69,202,2,1,1,6,"08, CUZIEU (DE)",45.733,4.78089
201500048249,29,12,15,15,1,69,385,2,1,1,2,FAVORITE (DE LA ),0.0,0.0
201500048250,31,12,15,10,1,69,34,2,1,2,6,"10, JEAN PETIT",45.80372,4.85916
201500048251,2,1,15,14,1,59,378,1,1,1,7,AUTOROUTE A22,0.0,0.0
201500048252,2,11,15,9,1,59,449,1,1,5,5,AUTOROUTE A23,50.4677,3.23561
201500048253,3,1,15,10,1,59,435,1,1,1,1,AUTOROUTE A23,0.0,0.0
201500048254,2,11,15,11,1,62,637,1,1,1,2,AUTOROUTE A1,50.47,2.97747
201500048255,4,1,15,10,1,59,350,1,1,1,7,AUTOROUTE A1,0.0,0.0
201500048256,4,11,15,20,3,59,262,1,1,1,2,AUTOROUTE A25,50.78677,2.62208
201500048257,12,1,15,7,3,62,634,1,1,1,6,AUTOROUTE A16,50.93196,2.01499
201500048258,6,11,15,21,3,62,748,1,1,1,6,AUTOROUTE A16,50.9515,2.11978
201500048259,23,1,15,1,3,62,548,1,1,1,2,AUTOROUTE A16,0.0,0.0
201500048260,12,11,15,18,3,59,646,1,1,1,6,ROUTE DEPARTEMENTALE 652,50.6791,3.12392
201500048261,24,1,15,4,5,59,328,1,1,3,7,ROUTE DEPARTEMENTALE 652,0.0,0.0
201500048262,13,11,15,18,3,59,234,1,1,1,5,AUTOROUTE A21,50.4024,3.06253
201500048263,24,1,15,19,3,59,9,1,1,1,3,ROUTE NATIONALE 227,0.0,0.0
201500048264,15,11,15,3,3,62,193,1,1,6,6,AUTOROUTE A16,50.56115,1.51272
201500048265,25,1,15,5,3,59,580,1,1,1,4,AUTOROUTE A25,50.82822,2.58235
201500048266,17,11,15,7,3,59,9,1,1,2,7,ROUTE NATIONALE 227,50.6474,3.14656
201500048267,25,1,15,7,5,59,386,1,1,1,7,ROUTE DEPARTEMENTALE 652,0.0,0.0
201500048268,21,11,15,16,1,59,9,1,1,2,7,ROUTE NATIONALE 227,50.6474,3.14656
201500048269,26,1,15,14,1,59,350,1,1,2,4,AUTOROUTE A25,0.0,0.0
201500048270,22,11,15,11,1,59,343,1,1,8,7,AUTOROUTE A27,50.6013,3.127
201500048271,29,1,15,16,1,62,193,1,1,1,7,AUTOROUTE A16,0.0,0.0
201500048272,23,11,15,1,5,59,646,1,1,8,7,ROUTE DEPARTEMENTALE 652,50.6809,3.11959
201500048273,1,2,15,14,1,62,274,1,1,3,5,AUTOROUTE A1,0.0,0.0
201500048274,23,11,15,3,3,59,378,1,1,1,7,AUTOROUTE A22,50.40284,3.06508
201500048275,1,2,15,15,1,59,662,1,1,6,5,AUTOROUTE A25,0.0,0.0
201500048276,23,11,15,14,1,59,343,1,1,1,6,AUTOROUTE A1,50.5898,3.09739
201500048277,3,2,15,20,3,59,234,1,1,1,7,AUTOROUTE A21,0.0,0.0
201500048278,6,11,15,6,3,59,581,1,1,8,5,AUTOROUTE A25,50.7068,2.78403
201500048279,4,2,15,10,1,62,634,1,1,4,6,AUTOROUTE A16,0.0,0.0
201500048280,26,11,15,12,1,62,771,1,1,2,6,AUTOROUTE A21,50.4302,2.85156
201500048281,4,2,15,9,1,59,378,1,1,1,6,AUTOROUTE A22,0.0,0.0
201500048282,27,11,15,18,2,59,9,1,1,6,4,ROUTE NATIONALE 227,50.606,3.13
201500048283,4,2,15,14,1,59,350,1,1,1,4,ROUTE NATIONALE 356,0.0,0.0
201500048284,28,11,15,6,3,59,586,1,1,1,6,AUTOROUTE A23,50.5396,3.19711
201500048285,6,2,15,20,5,59,609,1,1,1,4,AUTOROUTE A1,0.0,0.0
201500048286,23,11,15,7,5,62,624,1,1,2,2,AUTOROUTE A1,50.4192,2.98547
201500048287,8,2,15,7,2,62,351,1,1,1,7,Autoroute A21,0.0,0.0
201500048288,23,11,15,10,1,59,449,1,1,2,5,AUTOROUTE A23,50.4721,3.22561
201500048289,7,2,15,11,1,59,196,1,1,1,2,AUTOROUTE A25,50.64067,2.93618
201500048290,25,12,15,13,1,59,378,1,1,1,3,ROUTE DEPARTEMENTALE 652,50.6843,3.10958
201500048291,9,2,15,11,1,59,646,1,9,1,6,ROUTE NATIONALE 356,0.0,0.0
201500048292,12,12,15,3,3,59,378,1,1,2,2,AUTOROUTE A22,0.0,0.0
201500048293,26,12,15,13,1,59,262,1,1,1,6,AUTOROUTE A25,50.41042,3.06233
201500048294,10,2,15,2,3,59,359,1,1,1,6,AUTOROUTE A16,0.0,0.0
201500048295,16,2,15,8,2,59,523,1,1,5,3,AUTOROUTE A27,0.0,0.0
201500048296,12,12,15,23,5,59,646,1,1,2,7,ROUTE DEPARTEMENTALE 652,0.0,0.0
201500048297,21,2,15,12,1,59,189,1,1,4,4,AUTOROUTE A25,0.0,0.0
201500048298,21,12,15,6,3,59,475,1,1,2,7,AUTOROUTE A2,50.18197,3.22178
201500048299,15,2,15,1,3,59,350,1,1,1,6,ROUTE NATIONALE 356,0.0,0.0
201500048300,23,12,15,22,3,59,456,1,1,1,7,AUTOROUTE A 21,50.3827,3.21033
201500048301,22,2,15,12,1,59,350,1,1,1,6,Rocade nord Lille,0.0,0.0
201500048302,24,12,15,16,1,62,427,1,1,1,7,AUTOROUTE A1,0.0,0.0
201500048303,27,12,15,22,3,62,239,1,1,1,6,AUTOROUTE A16,0.0,0.0
201500048304,1,3,15,0,3,59,178,1,1,2,7,AUTOROUTE A21,0.0,0.0
201500048305,14,3,15,15,1,62,274,1,1,1,7,AUTOROUTE A1,0.0,0.0
201500048306,2,3,15,4,3,59,378,1,1,4,6,AUTOROUTE A22,50.69418,3.11275
201500048307,12,3,15,11,1,59,350,1,1,7,6,AUTOROUTE A25,0.0,0.0
201500048308,15,3,15,22,3,59,560,1,1,1,5,AUTOROUTE A1,0.0,0.0
201500048309,1,12,15,22,3,59,588,1,1,2,4,AUTOROUTE A16,0.0,0.0
201500048310,2,12,15,20,4,59,43,1,1,1,2,AUTOROUTE A25,50.7218,2.74378
201500048311,21,3,15,20,3,62,907,1,1,1,6,AUTOROUTE A1,0.0,0.0
201500048312,2,12,15,20,5,62,193,1,1,1,7,AUTOROUTE A16,0.0,0.0
201500048313,22,3,15,12,1,59,183,1,1,1,3,AUTOROUTE A16,0.0,0.0
201500048314,25,3,15,8,1,59,431,1,1,3,4,AUTOROUTE A25,0.0,0.0
201500048315,3,12,15,17,3,62,193,1,1,1,7,AUTOROUTE A16,0.0,0.0
201500048316,24,3,15,12,1,59,343,1,1,1,4,AUTOROUTE A1,0.0,0.0
201500048317,4,12,15,20,3,59,350,1,1,1,2,ROUTE NATIONALE 356,0.0,0.0
201500048318,8,12,15,8,1,62,624,1,1,1,4,AUTOROUTE A21,0.0,0.0
201500048319,26,3,15,9,1,59,195,1,1,1,3,ROUTE DEPARTEMENTALE 652,0.0,0.0
201500048320,26,3,15,16,1,59,646,1,1,1,6,AUTOROUTE A22,0.0,0.0
201500048321,8,4,15,14,1,62,624,1,1,1,3,AUTOROUTE A21,0.0,0.0
201500048322,24,12,15,18,3,59,532,1,1,3,6,AUTOROUTE A16,0.0,0.0
201500048323,7,4,15,15,1,59,554,1,1,1,3,AUTOROUTE A23,0.0,0.0
201500048324,12,4,15,19,1,59,606,1,1,1,7,AUTOROUTE A23,0.0,0.0
201500048325,15,4,15,7,1,59,560,1,1,1,2,AUTOROUTE A1,0.0,0.0
201500048326,17,4,15,17,1,59,350,1,1,1,6,AUTOROUTE A25,0.0,0.0
201500048327,10,4,15,6,2,59,155,1,1,1,1,AUTOROUTE A16,0.0,0.0
201500048328,18,4,15,18,1,59,378,1,1,1,2,ROUTE DEPARTEMENTALE 652,0.0,0.0
201500048329,21,4,15,8,1,59,90,1,1,1,6,AUTOROUTE A22,0.0,0.0
201500048330,22,4,15,4,3,59,260,1,1,1,7,AUTOROUTE A16,0.0,0.0
201500048331,24,4,15,17,1,59,606,1,1,1,2,AUTOROUTE A2,0.0,0.0
201500048332,28,4,15,9,1,59,386,1,1,1,6,ROUTE DEPARTEMENTALE 652,0.0,0.0
201500048333,1,5,15,4,3,59,410,1,1,1,7,ROUTE NATIONALE 356,50.64222,3.09272
201500048334,3,5,15,22,3,62,624,1,1,1,6,AUTOROUTE A1,0.0,0.0
201500048335,4,5,15,11,1,59,9,1,1,1,6,ROUTE NATIONALE 227,50.36142,3.07453
201500048336,5,5,15,4,3,62,427,1,1,2,7,AUTOROUTE A1,0.0,0.0
201500048337,10,5,15,9,1,59,131,1,1,1,2,ROUTE NATIONALE 225,50.98636,2.36894
201500048338,11,5,15,14,1,59,429,1,1,1,2,AUTOROUTE A2,50.28608,3.35258
201500048339,13,5,15,4,3,62,548,1,1,1,7,AUTOROUTE A16,0.0,0.0
201500048340,16,5,15,13,1,59,646,1,1,1,7,ROUTE DEPARTEMENTALE 652,50.67988,3.12483
201500048341,18,5,15,9,1,59,143,1,1,1,4,AUTOROUTE A25,50.65908,2.89841
201500048342,18,5,15,12,1,59,566,1,1,1,2,AUTOROUTE A25,50.62295,2.96793
201500048343,22,5,15,9,1,59,401,1,1,1,2,AUTOROUTE A25,50.741,2.68194
201500048344,22,5,15,19,1,59,646,1,1,1,2,ROUTE DEPARTEMENTALE 656,50.67775,3.12269
201500048345,24,5,15,19,1,59,350,1,1,1,6,AUTOROUTE A25,50.62208,3.02608
201500048346,27,5,15,20,1,59,560,1,1,1,7,AUTOROUTE A1,50.52427,3.04138
201500048347,30,5,15,18,1,59,143,1,1,1,7,AUTOROUTE A25,50.67497,2.86344
201500048348,31,5,15,17,1,59,350,1,1,1,7,AUTOROUTE A25,50.61838,3.02997
201500048349,1,6,15,3,3,62,193,1,1,1,7,AUTOROUTE A16,0.0,0.0
201500048350,1,6,15,13,1,59,234,1,1,1,2,AUTOROUTE A21,50.40694,3.04002
201500048351,2,6,15,14,1,59,262,1,1,1,1,AUTOROUTE A25,50.7873,2.62173
201500048352,2,6,15,22,3,59,202,1,1,2,2,AUTOROUTE A25,50.67894,2.85419
201500048353,4,6,15,7,1,59,155,1,1,1,6,AUTOROUTE A16,51.00458,2.21052
201500048354,11,6,15,8,1,59,378,1,1,1,4,ROUTE DEPARTEMENTALE 652,50.68463,3.09569
201500048355,12,6,15,15,1,59,131,1,1,1,7,ROUTE NATIONALE 225,50.98822,2.36019
201500048356,14,6,15,5,2,59,360,1,1,1,2,AUTOROUTE A25,50.37167,0.0
201500048357,14,6,15,13,1,59,566,1,1,8,6,AUTOROUTE A25,50.61872,2.97698
201500048358,17,6,15,20,2,62,634,1,1,1,6,AUTOROUTE A16,50.56064,1.58491
201500048359,18,6,15,4,3,59,286,1,1,2,7,AUTOROUTE A25,50.61694,2.99505
201500048360,18,6,15,17,1,62,498,1,1,1,6,AUTOROUTE A21,0.0,0.0
201500048361,21,6,15,16,1,59,286,1,1,1,2,AUTOROUTE A25,50.61786,2.99866
201500048362,6,6,15,13,1,59,426,1,1,1,7,AUTOROUTE A22,50.76147,3.15
201500048363,22,6,15,12,1,59,348,1,1,2,3,AUTOROUTE A2,50.26936,3.33369
201500048364,24,6,15,14,1,59,449,1,1,1,2,AUTOROUTE A23,50.467,3.23758
201500048365,25,6,15,17,1,59,346,1,1,1,2,ROUTE NATIONALE 227,50.35566,3.08286
201500048366,30,6,15,1,3,62,193,1,1,1,7,AUTOROUTE A16,0.0,0.0
201500048367,30,6,15,18,1,59,636,1,1,1,7,ROUTE DEPARTEMENTALE 652,50.68088,3.05744
201500048368,1,7,15,15,1,59,262,1,1,1,7,AUTOROUTE A25,0.0,0.0
201500048369,14,7,15,14,1,59,646,1,1,1,6,ROUTE DEPARTEMENTALE 656,0.0,0.0
201500048370,16,7,15,9,1,59,462,1,1,1,6,AUTOROUTE A1,0.0,0.0
201500048371,16,7,15,16,1,59,143,1,1,1,7,AUTOROUTE A25,0.0,0.0
201500048372,16,7,15,20,1,59,346,1,1,1,7,ROUTE NATIONALE 227,0.0,0.0
201500048373,5,7,15,4,3,59,189,1,1,1,7,AUTOROUTE A25,50.80246,2.6046
201500048374,5,7,15,20,1,59,143,1,1,1,7,AUTOROUTE A25,50.65779,2.90051
201500048375,8,7,15,12,1,59,9,1,1,2,2,AUTOROUTE A22,50.65499,3.12901
201500048376,9,7,15,1,5,59,646,1,1,1,3,ROUTE DEPARTEMENTALE 656,0.0,0.0
201500048377,19,7,15,21,1,59,195,1,1,1,7,ROUTE DEPARTEMENTALE 652,0.0,0.0
201500048378,20,7,15,12,1,59,606,1,1,2,7,AUTOROUTE A23,0.0,0.0
201500048379,21,7,15,23,5,59,278,1,1,1,2,ROUTE NATIONALE 41,0.0,0.0
201500048380,23,7,15,15,1,59,566,1,1,1,6,AUTOROUTE A25,50.62191,2.96988
201500048381,11,7,15,8,1,59,343,1,1,1,2,ROUTE NATIONALE 227,50.60065,3.12094
201500048382,24,7,15,5,5,62,193,1,1,1,7,AUTOROUTE A16,50.94168,1.82024
201500048383,27,7,15,0,3,59,456,1,1,1,2,AUTOROUTE A 21,0.0,0.0
201500048384,12,7,15,6,1,59,343,1,1,1,3,AUTOROUTE A1,0.0,0.0
201500048385,14,7,15,8,1,59,459,1,1,1,2,AUTOROUTE A23,50.37807,3.47044
201500048386,8,7,15,21,1,59,179,1,1,1,4,AUTOROUTE A2,50.31103,3.39294
201500048387,11,7,15,20,1,59,515,1,1,1,2,AUTOROUTE A2,50.32791,3.4368
201500048388,26,7,15,6,1,59,560,1,1,1,6,AUTOROUTE A1,0.0,0.0
201500048389,4,8,15,16,1,59,613,1,1,1,7,AUTOROUTE A2,0.0,0.0
201500048390,7,8,15,10,1,62,907,1,1,1,4,Autoroute A1,0.0,0.0
201500048391,15,8,15,19,1,62,628,1,1,1,7,AUTOROUTE A21,0.0,0.0
201500048392,22,8,15,6,3,59,603,1,1,1,7,AUTOROUTE A2,50.3404,3.47022
201500048393,27,8,15,14,1,59,195,1,1,3,7,ROUTE DEPARTEMENTALE 652,0.0,0.0
201500048394,30,8,15,6,2,59,606,1,1,1,6,AUTOROUTE A2,50.33903,3.49996
201500048395,22,8,15,10,1,59,566,1,1,1,4,AUTOROUTE A25,50.61872,2.97698
201500048396,24,8,15,14,1,59,560,1,1,2,4,AUTOROUTE A1,0.0,0.0
201500048397,22,8,15,10,1,59,183,1,1,1,2,ROUTE NATIONALE 225,0.0,0.0
201500048398,25,8,15,17,1,59,509,1,1,1,6,AUTOROUTE A21,0.0,0.0
201500048399,28,5,15,19,1,59,507,1,1,1,6,AUTOROUTE A1,50.61458,3.08516
201500048400,31,8,15,18,1,62,274,1,1,1,3,AUTOROUTE A1,0.0,0.0
201500048401,2,9,15,17,1,59,271,1,1,1,4,AUTOROUTE A16,50.9995,2.29108
201500048402,11,9,15,3,3,59,609,1,1,1,2,AUTOROUTE A1,50.58005,3.08766
201500048403,11,9,15,11,1,62,907,1,1,1,7,AUTOROUTE A1,50.49255,2.99439
201500048404,14,9,15,16,1,59,646,1,1,8,7,ROUTE DEPARTEMENTALE 652,50.67986,3.12819
201500048405,21,9,15,8,1,59,328,1,1,1,2,ROUTE DEPARTEMENTALE 652,50.65669,3.01525
201500048406,21,9,15,8,1,59,350,1,1,1,6,ROUTE NATIONALE 356,50.63605,3.08836
201500048407,25,9,15,18,1,59,447,1,1,1,4,AUTOROUTE A2,50.2051,3.34282
201500048408,3,10,15,1,3,59,447,1,1,1,6,AUTOROUTE A2,50.38708,3.6118
201500048409,3,10,15,6,3,59,566,1,1,1,7,AUTOROUTE A25,50.61991,2.97372
201500048410,9,10,15,19,2,59,256,1,1,1,2,AUTOROUTE A23,50.56813,3.15886
201500048411,9,10,15,20,3,59,508,1,1,1,4,AUTOROUTE A22,50.45355,3.09174
201500048412,10,10,15,17,1,59,346,1,1,1,2,ROUTE NATIONALE 227,50.60427,3.12958
201500048413,13,10,15,23,3,62,771,1,1,2,6,AUTOROUTE A21,0.0,0.0
201500048414,14,10,15,21,3,62,193,1,1,8,7,AUTOROUTE A16,50.94159,1.82166
201500048415,19,10,15,8,2,59,431,1,1,1,6,AUTOROUTE A25,50.68944,2.82336
201500048416,7,10,15,11,1,59,585,1,1,1,5,AUTOROUTE A1,50.55561,3.06347
201500048417,6,1,15,13,1,69,383,2,1,1,6,"0, PLACE D ARSONVAL",0.0,0.0
201500048418,30,12,15,18,5,69,386,2,1,1,6,MARECHAL LYAUTEY (DU),0.0,0.0
201500048419,12,3,15,13,1,69,386,2,1,1,6,"76, VITTON",45.7753,4.84898
201500048420,6,1,15,9,1,69,383,2,1,2,6,"48, RUE PAUL BERT",45.7544,4.85275
201500048421,6,1,15,18,5,69,386,2,2,5,3,"0, RUE DUQUESNE",0.0,0.0
201500048422,7,1,15,17,5,69,386,2,2,1,3,"0, RUE PETREQUIN",0.0,0.0
201500048423,31,12,15,19,5,69,276,1,3,1,3,"., JEAN JAURES",45.672,4.8514
201500048424,9,1,15,7,2,69,383,2,2,1,3,"1, RUE MOLIERE",45.7561,4.86669
201500048425,10,1,15,14,1,69,383,2,3,1,6,AVENUE MARECHAL DE SAXE,0.0,0.0
201500048426,31,12,15,11,1,69,388,2,1,1,3,"42, FRERES LUMIERE (DES)",0.0,0.0
201500048427,9,1,15,12,1,69,383,2,2,1,3,"0, AVENUE LACASSAGNE",45.7458,4.88029
201500048428,12,1,15,14,1,69,386,2,2,1,3,RUE DE CREQUI,45.7721,4.84463
201500048429,12,1,15,17,5,69,386,2,1,1,6,"82, COURS VITTON",45.7724,4.85675
201500048430,12,1,15,20,5,69,386,2,2,1,3,"0, COURS VITTON",45.7724,4.85675
201500048431,7,1,15,17,5,69,383,2,1,1,2,PONT DE LA GUILLOTIERE,0.0,0.0
201500048432,13,1,15,16,1,69,383,2,2,1,3,"1, RUE SAINT ISIDORE",45.7531,4.87395
201500048433,15,1,15,8,1,69,383,2,1,1,6,PONT LAFAYETTE,45.7527,4.84262
201500048434,18,1,15,5,5,69,383,2,1,1,5,"20, QUAI VICTOR AUGAGNEU",45.7527,4.84262
201500048435,18,1,15,7,4,69,383,2,2,1,3,AVENUE MARECHAL DE SAXE,45.7527,4.84262
201500048436,19,1,15,7,2,69,383,2,2,2,6,"0, RUE DE CREQUI",45.7544,4.85275
201500048437,16,1,15,9,1,69,383,2,1,3,6,"7, COURS GAMBETTA",45.7544,4.85275
201500048438,16,1,15,18,5,69,388,2,1,2,6,AVENUE ROCKEFELLER,0.0,0.0
201500048439,20,1,15,12,1,69,383,2,2,1,3,"0, RUE DUGUESCLIN",45.7527,4.84262
201500048440,20,1,15,17,2,69,386,2,2,2,6,COURS VITTON,45.7721,4.84463
201500048441,22,1,15,7,5,69,386,2,2,2,3,COURS VITTON,45.7776,4.849
201500048442,23,1,15,16,1,69,383,2,1,1,6,"9, RUE DU DAUPHINE",45.7544,4.85275
201500048443,21,1,15,12,1,69,383,2,1,1,2,"0, BOULEVARD MARIUS VIVI",45.7544,4.85275
201500048444,26,1,15,7,1,69,386,2,1,2,6,COURS LAFAYETTE,45.7721,4.84463
201500048445,26,1,15,17,4,69,386,2,1,2,6,RUE GARIBALDI,45.7721,4.84463
201500048446,27,1,15,15,1,69,383,2,2,1,6,"0, BOULEVARD EUGENE DERU",0.0,0.0
201500048447,1,4,15,12,1,69,386,2,1,2,7,"192, THIERS",45.7619,4.81755
201500048448,26,1,15,18,5,69,386,2,1,3,6,"0, BOULEVARD DES BELGES",45.7724,4.85675
201500048449,2,4,15,10,1,69,387,2,1,8,6,"17, CLAUDE BERNARD",45.7523,4.83626
201500048450,26,1,15,20,5,69,383,2,1,1,3,QUAI VICTOR AUGAGNEUR,0.0,0.0
201500048451,2,4,15,13,1,69,199,2,3,1,6,"1, CHARLES PLASSE",0.0,0.0
201500048452,16,1,15,18,2,69,383,2,2,3,3,"1, RUE DE LA VILLETTE",45.7544,4.85275
201500048453,2,4,15,13,1,69,386,2,1,1,6,"30, MARECHAL DE SAXE",0.0,0.0
201500048454,22,1,15,21,5,69,383,2,2,1,3,"1, RUE FEUILLAT",45.7522,4.87465
201500048455,2,4,15,22,5,69,386,2,1,8,6,"158, THIERS",45.7712,4.85167
201500048456,27,1,15,14,1,69,383,2,1,1,6,AVENUE FELIX FAURE,45.7544,4.85275
201500048457,3,4,15,5,5,69,388,2,2,1,3,"31, ST MAURICE",0.0,0.0
201500048458,1,2,15,22,5,69,383,2,1,2,2,"198, AVENUE FELIX FAURE",0.0,0.0
201500048459,3,4,15,19,2,69,276,2,1,1,3,"1, LOUISE MICHEL",0.0,0.0
201500048460,2,2,15,20,5,69,386,2,2,1,6,"1, RUE VAUBAN",0.0,0.0
201500048461,4,4,15,2,5,69,259,2,3,2,6,CHARBONNIER (DU),45.6983,4.89672
201500048462,3,2,15,20,5,69,386,2,1,1,6,"296, RUE VENDOME",0.0,0.0
201500048463,3,4,15,18,1,69,387,2,2,1,3,"1, TONY GARNIER",0.0,0.0
201500048464,4,2,15,20,5,69,386,2,1,1,6,"1, COURS LAFAYETTE",0.0,0.0
201500048465,4,4,15,14,1,69,276,2,1,1,1,"5, ALSACE (D')",0.0,0.0
201500048466,7,2,15,18,5,69,383,2,2,1,3,RUE PAUL BERT,0.0,0.0
201500048467,4,4,15,12,1,69,387,2,2,1,6,PASTEUR,0.0,0.0
201500048468,5,2,15,8,1,69,383,2,1,1,6,"150, RUE PAUL BERT",0.0,0.0
201500048469,7,4,15,11,1,69,259,2,1,1,3,"1, REPUBLIQUE (DE LA)",0.0,0.0
201500048470,7,4,15,19,1,69,388,2,1,1,6,"73, VIVIANI",0.0,0.0
201500048471,11,2,15,19,5,69,386,2,2,1,3,COURS VITTON,0.0,0.0
201500048472,7,4,15,19,1,69,388,2,6,1,3,EDMOND MICHELET,0.0,0.0
201500048473,12,2,15,11,1,69,383,2,2,1,3,"0, AVENUE GEORGES POMPID",0.0,0.0
201500048474,8,4,15,8,1,69,386,2,2,1,6,"7, KLEBER",0.0,0.0
201500048475,16,2,15,0,5,69,383,2,2,2,3,AVENUE GEORGES POMPIDOU,0.0,0.0
201500048476,8,4,15,8,1,69,386,2,1,1,6,"13, JULIETTE RECAMIER",0.0,0.0
201500048477,16,2,15,15,1,69,383,2,1,1,1,"42, AVENUE GEORGES POMPI",0.0,0.0
201500048478,8,4,15,20,2,69,383,2,2,1,3,"70, TRARIEUX",0.0,0.0
201500048479,10,2,15,22,5,69,386,2,2,1,3,"0, RUE GARIBALDI",0.0,0.0
201500048480,7,4,15,7,1,69,388,1,1,1,2,"22, ROCKEFELLER",0.0,0.0
201500048481,19,2,15,9,1,69,386,2,1,1,6,"6, BOULEVARD DES BROTTEA",0.0,0.0
201500048482,10,4,15,12,2,69,383,2,2,1,3,PAUL BERT,0.0,0.0
201500048483,21,2,15,20,5,69,386,2,3,1,3,AVENUE THIERS,0.0,0.0
201500048484,11,4,15,21,4,69,388,2,1,1,3,"26, ROCHAMBEAU",0.0,0.0
201500048485,22,2,15,6,2,69,386,2,2,1,6,"0, RUE DE LA VIABERT",0.0,0.0
201500048486,12,4,15,16,1,69,388,2,3,1,6,MARIUS BERLIET,0.0,0.0
201500048487,24,2,15,8,1,69,383,2,1,1,6,"31, RUE DE LA BALME",0.0,0.0
201500048488,11,4,15,20,2,69,387,2,1,1,6,"1, MATHIEU VARILLE",0.0,0.0
201500048489,24,2,15,8,1,69,386,2,2,1,6,"50, AVENUE MARECHAL DE S",0.0,0.0
201500048490,14,4,15,7,1,69,259,2,1,1,6,"40, PARMENTIER",45.6979,4.88154
201500048491,24,2,15,19,5,69,383,2,1,1,2,"256, RUE GARIBALDI",0.0,0.0
201500048492,14,4,15,18,1,69,383,2,1,1,3,"149, MARECHAL DE SAXE",45.7527,4.84262
201500048493,25,2,15,16,1,69,386,2,2,1,6,"0, COURS LAFAYETTE",0.0,0.0
201500048494,14,4,15,21,2,69,383,2,1,1,2,DUGUESCLIN,0.0,0.0
201500048495,25,2,15,14,1,69,383,2,2,1,6,"0, RUE MAURICE FLANDIN",0.0,0.0
201500048496,14,4,15,12,1,69,383,2,5,1,6,"46, GAMBETTA",0.0,0.0
201500048497,26,2,15,18,5,69,386,2,2,2,6,"0, COURS LAFAYETTE",0.0,0.0
201500048498,15,4,15,16,1,69,383,2,1,1,2,"257, CREQUI (DE)",0.0,0.0
201500048499,27,2,15,10,1,69,386,2,2,2,6,RUE DE CREQUI,0.0,0.0
201500048500,16,4,15,10,1,69,383,2,1,1,3,"171, FELIX FAURE",0.0,0.0
201500048501,28,2,15,10,1,69,386,2,1,1,3,"0, COURS VITTON",0.0,0.0
201500048502,14,4,15,15,1,69,386,2,1,7,2,"1, JULES FERRY",0.0,0.0
201500048503,3,3,15,19,5,69,383,2,1,1,3,RUE SERVIENT,0.0,0.0
201500048504,16,4,15,17,1,69,259,2,1,1,3,"141, FRANCIS DE PRESSENS",0.0,0.0
201500048505,5,3,15,10,1,69,386,2,2,1,3,"0, RUE CUVIER",0.0,0.0
201500048506,16,4,15,22,5,69,387,2,1,2,3,"42, BERTHELOT",0.0,0.0
201500048507,7,3,15,8,1,69,383,2,2,1,3,RUE SERVIENT,0.0,0.0
201500048508,16,4,15,4,5,69,383,2,1,1,6,"228, FELIX FAURE",0.0,0.0
201500048509,7,3,15,11,1,69,386,2,2,1,6,"0, RUE VENDOME",0.0,0.0
201500048510,17,4,15,17,1,69,259,2,2,8,5,"1, REPUBLIQUE (DE LA)",0.0,0.0
201500048511,7,3,15,17,1,69,386,2,1,1,3,"F 107, BOULEVARD STALING",0.0,0.0
201500048512,16,4,15,18,1,69,387,2,1,1,6,"12, TONY GARNIER",0.0,0.0
201500048513,7,3,15,18,1,69,386,2,1,1,6,BOULEVARD JULES FAVRE,0.0,0.0
201500048514,18,4,15,21,4,69,259,2,1,1,6,IRENE JOLIOT CURIE,0.0,0.0
201500048515,8,3,15,15,1,69,386,2,1,1,3,"11, AVENUE DE GRANDE BRE",0.0,0.0