Num_Acc,jour,mois,an,hr,condition_eclairage,departement,commune,condition_agglomeration,intersection,condition_atmosphere,type_collision,adresse,lattitude,longitude
201500048516,18,4,15,12,1,69,383,2,2,1,6,"41, PENSIONNAT (DU)",0.0,0.0
201500048517,8,3,15,20,5,69,383,2,1,1,6,BOULEVARD MARIUS VIVIER,0.0,0.0
201500048518,19,4,15,22,5,69,387,2,2,8,3,"1, MARCEL MERIEUX",0.0,0.0
201500048519,9,3,15,15,1,69,386,2,1,1,6,"59, RUE GARIBALDI",0.0,0.0
201500048520,20,4,15,8,1,69,383,2,2,1,5,"1, CHARLES RICHARD",0.0,0.0
201500048521,10,3,15,5,5,69,386,2,3,1,6,"0, RUE NEY",0.0,0.0
201500048522,21,4,15,17,1,69,387,2,1,1,6,"face 49, LECLERC",0.0,0.0
201500048523,12,3,15,20,3,69,383,2,1,1,6,"1, BOULEVARD MARIUS VIVI",0.0,0.0
201500048524,22,4,15,15,1,69,388,2,3,1,1,"1, ST NESTOR",45.7378,4.87195
201500048525,22,4,15,22,5,69,386,2,3,1,5,"1, GERMAIN",45.7542,4.87188
201500048526,24,3,15,12,1,69,383,2,1,1,6,"144, COURS GAMBETTA",0.0,0.0
201500048527,22,4,15,12,1,69,387,2,2,1,6,"1, JEAN JAURES",0.0,0.0
201500048528,22,4,15,11,1,69,388,2,2,1,3,"1, PAUL SANTY",0.0,0.0
201500048529,23,4,15,7,1,69,383,2,1,1,2,"87, LACASSAGNE",0.0,0.0
201500048530,23,4,15,15,1,69,383,2,3,1,3,"93, DAUPHINE (DU)",0.0,0.0
201500048531,23,4,15,18,1,69,383,2,3,7,3,DAUPHINE (DU),0.0,0.0
201500048532,18,3,15,17,1,69,259,2,1,1,3,"1, PIERRE COT",0.0,0.0
201500048533,24,4,15,18,1,69,386,2,1,1,4,"1, STALINGRAD (DE)",0.0,0.0
201500048534,23,4,15,18,1,69,383,2,1,1,6,"110, SERVIENT",0.0,0.0
201500048535,25,4,15,20,5,69,259,2,2,2,3,EUGENE PELOUX,0.0,0.0
201500048536,24,4,15,18,1,69,276,2,2,1,5,"1, LYON (DE)",45.6814,4.86145
201500048537,25,4,15,20,1,69,386,2,2,2,3,"1, VITTON",0.0,0.0
201500048538,27,4,15,15,1,69,383,2,1,8,6,"1, MARIUS VIVIER MERLE",0.0,0.0
201500048539,27,4,15,20,2,69,383,2,2,1,3,"1, GARIBALDI",0.0,0.0
201500048540,28,4,15,10,1,69,387,2,1,1,2,TCHECOSLOVAQUES (DES),0.0,0.0
201500048541,28,4,15,15,1,69,387,2,2,1,3,"156, YVES FARGES",45.7285,4.82183
201500048542,18,3,15,17,1,69,259,1,1,1,6,"1, JODINO (DE)",0.0,0.0
201500048543,29,4,15,11,1,69,388,2,1,1,6,"180, VIENNE (DE)",0.0,0.0
201500048544,30,4,15,9,1,69,387,2,2,1,6,"119, JEAN JAURES",45.731,4.82652
201500048545,30,4,15,7,1,69,388,2,1,1,4,"95, ETATS UNIS (DES)",0.0,0.0
201500048546,17,12,15,20,5,69,387,2,1,1,5,UNIVERSITE (DE L'),0.0,0.0
201500048547,30,4,15,12,1,69,388,2,1,1,6,", FRERES LUMIERE (DES)",0.0,0.0
201500048548,30,4,15,13,1,69,259,2,1,1,6,LEO LAGRANGE,45.6989,4.87028
201500048549,30,4,15,16,1,69,259,1,3,1,3,"D383, LAURENT BONNEVAY",45.7167,4.85528
201500048550,1,5,15,1,3,69,388,2,1,1,6,"102, ALBERT THOMAS",45.74528,4.87203
201500048551,1,5,15,7,1,69,276,2,1,2,6,"., LYON (DE)",45.6842,4.86131
201500048552,1,5,15,14,1,69,387,2,2,2,3,"., TROIS PIERRES (DES)",0.0,0.0
201500048553,2,5,15,21,5,69,259,2,1,2,3,"53, JULES GUESDE",0.0,0.0
201500048554,4,5,15,9,1,69,387,2,1,8,6,"20, LECLERC",0.0,0.0
201500048555,4,5,15,14,1,69,259,2,1,1,6,"260, VIENNE (DE)",0.0,0.0
201500048556,4,5,15,23,4,69,259,2,1,1,6,"., PRESIDENT EDOUARD HER",0.0,0.0
201500048557,5,5,15,20,1,69,386,2,2,1,3,"., LAFAYETTE",0.0,0.0
201500048558,6,5,15,8,1,69,199,2,2,1,5,"., CHARLES PLASSE",0.0,0.0
201500048559,6,5,15,13,1,69,387,2,1,1,6,GAMBETTA,0.0,0.0
201500048560,6,5,15,11,1,69,383,2,1,1,6,"49bis/51, PROFESSEUR ROC",0.0,0.0
201500048561,7,5,15,16,1,69,388,1,1,1,6,"2, PIERRE DELORE",0.0,0.0
201500048562,7,5,15,22,5,69,387,2,2,1,3,"23, DOMER",0.0,0.0
201500048563,6,5,15,12,1,69,387,2,1,1,1,"7, BEGUIN (DU)",0.0,0.0
201500048564,8,5,15,13,1,69,388,2,1,2,2,"57, PAUL SANTY",0.0,0.0
201500048565,8,5,15,18,1,69,388,2,1,3,6,"103, ETATS UNIS (DES)",0.0,0.0
201500048566,6,5,15,20,2,69,259,2,1,1,2,"8, IRENE JOLIOT CURIE",45.7226,4.87234
201500048567,9,5,15,15,1,69,259,2,1,1,6,"1, IRENE JOLIOT CURIE",0.0,0.0
201500048568,9,5,15,12,1,69,383,2,9,1,3,GAMBETTA,0.0,0.0
201500048569,11,5,15,9,1,69,387,2,2,1,3,PASTEUR,0.0,0.0
201500048570,11,5,15,13,1,69,386,2,2,1,6,"87, CUVIER",0.0,0.0
201500048571,12,5,15,7,1,69,387,2,1,1,3,"120, YVES FARGES",0.0,0.0
201500048572,12,5,15,17,1,69,383,2,1,1,6,"., RABELAIS",0.0,0.0
201500048573,12,5,15,3,5,69,387,2,1,1,6,"5, TONY GARNIER",0.0,0.0
201500048574,13,5,15,17,1,69,383,2,1,1,6,"31, GAMBETTA",0.0,0.0
201500048575,13,5,15,19,1,69,259,2,3,1,6,"1, RAIMU",45.7078,4.88706
201500048576,14,5,15,16,1,69,387,2,2,1,3,"., TONY GARNIER",0.0,0.0
201500048577,15,5,15,1,5,69,387,2,2,2,3,"16, UNIVERSITE (DE L')",45.7471,4.83768
201500048578,15,5,15,7,1,69,388,2,1,1,3,MARYSE BASTIE,0.0,0.0
201500048579,15,5,15,14,1,69,386,2,2,2,3,"96, GARIBALDI",0.0,0.0
201500048580,15,5,15,17,1,69,259,2,3,3,3,"., NOVY JICIN",45.6901,4.89979
201500048581,16,5,15,14,1,69,259,2,2,1,3,"., MARCEL CACHIN",0.0,0.0
201500048582,16,5,15,15,1,69,388,2,1,1,6,"22, ROCKEFELLER",0.0,0.0
201500048583,16,5,15,3,5,69,387,2,2,1,3,"., RAOUL SERVANT",0.0,0.0
201500048584,17,5,15,10,1,69,386,2,1,1,6,VENDOME,0.0,0.0
201500048585,17,5,15,13,1,69,388,2,1,1,1,"8, ANTOINE LUMIERE",0.0,0.0
201500048586,18,5,15,17,1,69,388,2,1,1,3,"58, FRERES LUMIERE (DES)",0.0,0.0
201500048587,19,5,15,11,1,69,387,2,2,1,3,"., UNIVERSITE (DE L')",45.7534,4.83678
201500048588,19,5,15,5,5,69,387,2,2,1,3,"0, LECLERC",0.0,0.0
201500048589,19,5,15,9,1,69,383,2,3,1,3,FEUILLAT,0.0,0.0
201500048590,19,5,15,14,1,69,259,2,1,1,2,"., JULES GUESDE",45.7189,4.88725
201500048591,20,5,15,13,1,69,386,2,2,1,3,"., CREQUI (DE)",0.0,0.0
201500048592,20,5,15,16,1,69,259,2,2,1,3,JODINO (DE),45.7151,4.8788
201500048593,20,5,15,17,1,69,387,2,3,1,3,"., ST JEAN DE DIEU",0.0,0.0
201500048594,21,5,15,9,1,69,383,2,1,1,2,"08, GAMBETTA",0.0,0.0
201500048595,21,5,15,17,1,69,387,2,2,1,3,"., CREQUI (DE)",0.0,0.0
201500048596,21,5,15,20,1,69,386,2,1,1,3,"., GRANDE BRETAGNE (DE)",45.7732,4.8501
201500048597,22,5,15,9,1,69,383,2,2,1,3,"., GEORGES POMPIDOU",0.0,0.0
201500048598,22,5,15,12,1,69,386,2,1,1,6,"12, MARECHAL DE SAXE",45.7571,4.84018
201500048599,22,5,15,14,1,69,386,2,1,1,1,"42BIS, SEZE (DE)",0.0,0.0
201500048600,22,5,15,16,1,69,386,2,9,1,2,"71, BARABAN",0.0,0.0
201500048601,22,5,15,17,1,69,259,2,1,1,5,"402, CHARLES DE GAULLE",0.0,0.0
201500048602,23,5,15,17,1,69,383,2,1,1,6,VILLEROY,0.0,0.0
201500048603,25,5,15,19,1,69,386,2,1,1,2,"109, GARIBALDI",0.0,0.0
201500048604,26,5,15,15,1,69,383,1,1,1,6,"33, LAFAYETTE",0.0,0.0
201500048605,26,5,15,17,1,69,259,1,1,1,6,"43, INDUSTRIE (DE L')",0.0,0.0
201500048606,28,5,15,16,1,69,259,2,1,1,2,"102, IRENE JOLIOT CURIE",0.0,0.0
201500048607,29,5,15,17,1,69,383,2,1,1,2,"31, MARECHAL DE SAXE",0.0,0.0
201500048608,30,5,15,3,5,69,388,2,1,1,6,"., PROFESSEUR TAVERNIER",0.0,0.0
201500048609,30,5,15,16,1,69,383,2,1,1,3,"110, GENAS (DE)",0.0,0.0
201500048610,31,5,15,1,5,69,388,2,2,1,3,"136, FRERES LUMIERE (DES",0.0,0.0
201500048611,31,5,15,3,5,69,276,2,1,1,1,"., 312",0.0,0.0
201500048612,30,5,15,0,5,69,383,2,1,1,2,"19, VICTOR AUGAGNEUR",0.0,0.0
201500048613,1,6,15,8,1,69,383,2,1,1,6,"11, DAUPHINE (DU)",0.0,0.0
201500048614,1,6,15,15,1,69,388,2,7,1,3,"., JEAN MERMOZ",45.7339,4.87703
201500048615,3,6,15,14,1,69,386,2,2,1,6,VENDOME,0.0,0.0
201500048616,3,6,15,17,1,69,388,2,2,1,6,"80, FRERES LUMIERE (DES)",0.0,0.0
201500048617,3,6,15,19,1,69,383,2,2,1,1,LAC (DU),0.0,0.0
201500048618,4,6,15,10,1,69,387,2,1,1,6,"45, JEAN JAURES",0.0,0.0
201500048619,4,6,15,11,1,69,386,2,3,1,3,"22, BROTTEAUX (DES)",45.7733,4.85237
201500048620,4,6,15,17,1,69,383,2,2,1,6,"14, MAURICE FLANDIN",0.0,0.0
201500048621,5,6,15,16,1,69,387,2,2,1,3,"., ANVERS (D')",0.0,0.0
201500048622,7,6,15,15,1,69,388,2,1,1,3,"143, JEAN MERMOZ",0.0,0.0
201500048623,7,6,15,16,1,69,276,1,1,1,1,"., 312",0.0,0.0
201500048624,7,6,15,21,2,69,387,2,2,1,1,"87, GERLAND (DE)",0.0,0.0
201500048625,8,6,15,9,1,69,386,2,2,1,3,"., WALDECK ROUSSEAU",0.0,0.0
201500048626,8,6,15,15,1,69,388,2,2,1,3,"., ETATS UNIS (DES)",0.0,0.0
201500048627,8,6,15,19,1,69,388,2,1,1,3,"40, HENRI BARBUSSE",0.0,0.0
201500048628,9,6,15,16,1,69,388,2,1,1,6,"., VILLON (DE)",45.7265,4.87779
201500048629,9,6,15,17,1,69,383,2,1,1,3,"45, MARIUS VIVIER MERLE",0.0,0.0
201500048630,9,6,15,18,1,69,383,2,1,1,3,"160, LAFAYETTE",45.7532,4.8421
201500048631,10,6,15,8,1,69,386,2,2,1,6,"., KLEBER",0.0,0.0
201500048632,10,6,15,15,1,69,387,2,2,1,3,"32, RAULIN",0.0,0.0
201500048633,11,6,15,8,1,69,387,2,1,1,4,"., TONY GARNIER",0.0,0.0
201500048634,11,6,15,14,1,69,383,2,3,1,3,"., MARECHAL DE SAXE",0.0,0.0
201500048635,11,6,15,16,1,69,383,2,1,1,3,"188, LAFAYETTE",0.0,0.0
201500048636,12,6,15,18,1,69,386,2,2,2,3,"., DUGUESCLIN",0.0,0.0
201500048637,12,6,15,22,5,69,386,2,2,2,3,"., LAFAYETTE",0.0,0.0
201500048638,10,6,15,11,1,69,383,2,1,1,2,"299, LAFAYETTE",0.0,0.0
201500048639,15,6,15,15,1,69,386,2,2,1,3,"84, BELGES (DES)",0.0,0.0
201500048640,16,6,15,9,1,69,387,2,2,1,3,"24, ANDRE BOLLIER",45.7355,4.82963
201500048641,12,6,15,8,1,69,388,2,2,1,3,"., PAUL CAZENEUVE",0.0,0.0
201500048642,15,6,15,16,1,69,387,2,2,1,6,"., GERLAND (DE)",0.0,0.0
201500048643,17,6,15,16,1,69,199,2,1,1,6,"87, JEAN JAURES",45.7092,4.85525
201500048644,18,6,15,21,5,69,388,2,1,1,2,"101, VIENNE (DE)",0.0,0.0
201500048645,19,6,15,1,5,69,387,2,1,2,3,"22, MARSEILLE (DE)",0.0,0.0
201500048646,19,6,15,12,1,69,386,2,1,1,3,"157, STALINGRAD (DE)",45.7793,4.85717
201500048647,20,6,15,9,1,69,383,2,1,1,3,"., GEORGES POMPIDOU",0.0,0.0
201500048648,21,6,15,18,1,69,199,2,1,1,6,"37, CHARLES PLASSE",0.0,0.0
201500048649,22,6,15,14,1,69,383,2,3,1,3,"17, ST ANTOINE",0.0,0.0
201500048650,23,6,15,11,1,69,383,2,1,1,3,"79, MARIUS VIVIER MERLE",45.7594,4.85119
201500048651,23,6,15,17,1,69,387,1,4,1,3,"., JEAN JAURES",45.7381,4.83021
201500048652,23,6,15,18,1,69,387,2,1,1,1,"10, GAMBETTA",0.0,0.0
201500048653,24,6,15,10,1,69,387,2,1,1,3,GAMBETTA,45.7482,4.84711
201500048654,24,6,15,15,1,69,387,2,1,1,3,"14, GAMBETTA",0.0,0.0
201500048655,24,6,15,16,1,69,199,2,1,1,6,"2, JEAN JAURES",45.7139,4.85491
201500048656,24,6,15,20,2,69,388,2,1,1,1,"24, HENRI BARBUSSE",0.0,0.0
201500048657,26,6,15,7,1,69,387,2,1,1,3,"15, YVES FARGES",0.0,0.0
201500048658,26,6,15,14,1,69,388,2,2,1,1,JEAN MERMOZ,0.0,0.0
201500048659,26,6,15,19,1,69,386,2,2,1,6,CREQUI (DE),0.0,0.0
201500048660,26,6,15,21,5,69,199,1,2,1,3,"8, PASTEUR",45.7076,4.85631
201500048661,27,6,15,21,5,69,199,2,3,1,3,CARNOT,0.0,0.0
201500048662,27,6,15,6,5,69,386,2,3,1,1,"., LAFAYETTE",0.0,0.0
201500048663,28,6,15,10,1,69,386,2,1,1,3,TETE D'OR (DE LA),0.0,0.0
201500048664,28,6,15,20,2,69,388,2,1,1,2,"136, FRERES LUMIERE (DES",0.0,0.0
201500048665,28,6,15,19,1,69,383,2,2,1,6,"156, GAMBETTA",0.0,0.0
201500048666,29,6,15,12,1,69,388,2,3,1,3,SANTOS DUMONT,45.7395,4.86221
201500048667,30,6,15,9,1,69,387,2,2,1,3,"23, RAOUL SERVANT",0.0,0.0
201500048668,30,6,15,14,1,69,388,2,1,1,3,"61, PIERRE DELORE",0.0,0.0
201500048669,1,7,15,10,1,69,259,2,1,1,6,MARCEL PAUL,45.6997,4.88186
201500048670,1,7,15,21,2,69,387,2,2,1,3,"76, RACHAIS",0.0,0.0
201500048671,2,7,15,8,1,69,383,2,1,1,3,GEORGES POMPIDOU,0.0,0.0
201500048672,2,7,15,10,1,69,259,2,1,1,3,"300, VIENNE (DE)",0.0,0.0
201500048673,1,7,15,15,1,69,388,2,1,1,6,"93, VILLON (DE)",0.0,0.0
201500048674,2,7,15,11,1,69,383,2,1,1,2,"25, ALBERT THOMAS",0.0,0.0
201500048675,2,7,15,16,1,69,383,2,2,1,6,"., DOCTEUR BOUCHUT (DU)",0.0,0.0
201500048676,30,6,15,11,1,69,386,2,3,1,3,LAFAYETTE,0.0,0.0
201500048677,3,7,15,12,1,69,386,2,1,1,6,"60, VAUBAN",0.0,0.0
201500048678,3,7,15,18,1,69,387,2,3,7,3,"1, CLAUDE BERNARD",0.0,0.0
201500048679,4,7,15,20,1,69,276,2,3,1,3,JEAN JAURES,45.6731,4.83809
201500048680,4,7,15,21,1,69,383,2,1,1,4,FELIX FAURE,0.0,0.0
201500048681,4,7,15,19,1,69,259,2,2,1,6,DOCTEUR GEORGES LEVY (DU,0.0,0.0
201500048682,5,7,15,10,1,69,387,2,2,1,3,"., TONY GARNIER",0.0,0.0
201500048683,6,7,15,10,1,69,383,2,1,1,3,"66, BONNEL (DE)",0.0,0.0
201500048684,6,7,15,16,1,69,383,2,1,1,2,"95, PINEL",0.0,0.0
201500048685,6,7,15,19,1,69,388,2,2,1,3,", JEAN SARRAZIN",0.0,0.0
201500048686,26,6,15,14,1,69,383,2,2,1,3,"., MARIUS VIVIER MERLE",0.0,0.0
201500048687,7,7,15,20,2,69,388,2,1,1,7,"82, ETATS UNIS (DES)",0.0,0.0
201500048688,8,7,15,9,1,69,386,2,1,1,1,"16, GENERAL SARRAIL (DU)",0.0,0.0
201500048689,8,7,15,11,1,69,259,2,1,1,6,IRENE JOLIOT CURIE,45.709,4.88581
201500048690,8,7,15,12,1,69,383,2,1,1,2,"137, MARECHAL DE SAXE",0.0,0.0
201500048691,8,7,15,18,1,69,383,1,1,1,1,"301, LAFAYETTE",0.0,0.0
201500048692,8,7,15,18,1,69,388,2,1,1,3,"., VIVIANI",0.0,0.0
201500048693,9,7,15,8,1,69,388,2,2,1,6,"2, PAUL SANTY",45.7266,4.8789
201500048694,9,7,15,11,1,69,259,2,2,1,3,IRENE JOLIOT CURIE,0.0,0.0
201500048695,9,7,15,17,1,69,259,2,1,1,6,"116, PROFESSEUR ROUX (DU",0.0,0.0
201500048696,9,7,15,17,1,69,259,2,1,1,6,LENINE,0.0,0.0
201500048697,9,7,15,20,1,69,199,1,1,1,6,"47, ARSENAL (DE L')",0.0,0.0
201500048698,9,7,15,21,2,69,388,2,1,1,1,"., EPARGNE (DE L')",0.0,0.0
201500048699,9,7,15,16,1,69,388,2,1,1,6,ALBERT THOMAS,45.7416,4.84916
201500048700,10,7,15,17,1,69,383,2,2,1,3,"80, EUGENIE",0.0,0.0
201500048701,11,7,15,7,1,69,383,2,2,1,3,VENDOME,0.0,0.0
201500048702,12,7,15,15,1,69,199,2,1,1,6,JEAN JAURES,45.712,4.85482
201500048703,15,7,15,9,1,69,383,2,2,1,3,"230, ANDRE PHILIP",0.0,0.0
201500048704,15,7,15,23,5,69,388,2,2,1,3,"15, JACQUELINE AURIOL",0.0,0.0
201500048705,16,7,15,16,1,69,383,2,2,1,3,GAMBETTA,0.0,0.0
201500048706,17,7,15,1,5,69,259,2,2,1,2,"., JEAN CAGNE",45.6993,4.86108
201500048707,17,7,15,12,1,69,259,2,1,1,6,"., BALMES (DES)",0.0,0.0
201500048708,18,7,15,11,1,69,386,2,1,1,1,"13, BROTTEAUX (DES)",0.0,0.0
201500048709,19,7,15,3,5,69,387,2,2,1,1,"87, GUILLOTIERE (DE LA)",0.0,0.0
201500048710,18,7,15,19,1,69,387,2,1,1,6,"., CHAMBAUD DE LA BRUYER",0.0,0.0
201500048711,20,7,15,7,1,69,383,2,3,1,3,VICTOR AUGAGNEUR,0.0,0.0
201500048712,4,7,15,22,5,69,386,2,2,1,3,"1, BROTTEAUX (DES)",0.0,0.0
201500048713,20,7,15,18,1,69,199,2,1,1,6,"30, CARNOT",0.0,0.0
201500048714,21,7,15,8,1,69,383,2,2,1,3,"., BELLECOMBE (DE)",0.0,0.0
201500048715,21,7,15,22,5,69,387,2,1,1,3,"4, GAMBETTA",0.0,0.0
201500048716,21,7,15,16,1,69,388,2,1,1,3,"., EDMOND MICHELET",45.7342,4.87251
201500048717,23,7,15,23,5,69,387,2,2,1,1,"38, GAMBETTA",0.0,0.0
201500048718,23,7,15,11,1,69,387,2,2,1,3,"., CHALLEMEL LACOUR",0.0,0.0
201500048719,24,7,15,10,1,69,383,2,2,1,3,"., LAFAYETTE",0.0,0.0
201500048720,23,7,15,18,1,69,383,2,1,1,6,"25, ROCKEFELLER",0.0,0.0
201500048721,25,7,15,18,1,69,387,2,2,1,3,"7, CLAUDE BERNARD",0.0,0.0
201500048722,25,7,15,22,3,69,259,2,1,1,3,AMBROISE CROIZAT,0.0,0.0
201500048723,25,7,15,11,1,69,388,2,2,1,5,CROIX BARRET (DE LA),0.0,0.0
201500048724,20,7,15,22,5,69,386,2,1,1,2,"69, VITTON",0.0,0.0
201500048725,28,7,15,11,1,69,387,2,1,1,6,"60, JEAN JAURES",0.0,0.0
201500048726,29,7,15,5,1,69,383,2,1,1,6,"265, CREQUI (DE)",0.0,0.0
201500048727,31,7,15,17,1,69,383,2,2,1,3,"., PAUL BERT",0.0,0.0
201500048728,2,8,15,12,1,69,383,2,2,1,3,BELLECOMBE (DE),0.0,0.0
201500048729,3,8,15,18,1,69,387,2,2,1,3,TOURVILLE (DE),0.0,0.0
201500048730,4,8,15,16,1,69,276,2,1,1,6,CLAUDIUS BERRY,45.6659,4.84914
201500048731,5,8,15,9,1,69,259,2,1,1,1,"., LYONNAIS (DU)",0.0,0.0
201500048732,5,8,15,12,1,69,383,2,1,1,6,VICTOR AUGAGNEUR,0.0,0.0
201500048733,5,8,15,22,5,69,387,2,1,1,6,"16 BIS, JEAN FRANCOIS RA",0.0,0.0
201500048734,5,8,15,18,1,69,387,2,1,1,3,"361, GARIBALDI",0.0,0.0
201500048735,6,8,15,16,1,69,259,2,1,1,6,"., ANDRE SENTUC",0.0,0.0
201500048736,7,8,15,13,1,69,387,2,2,1,3,RAOUL SERVANT,0.0,0.0
201500048737,9,8,15,10,1,69,388,2,2,1,6,ALOUETTES,0.0,0.0
201500048738,11,8,15,16,1,69,383,2,2,1,3,LOUIS,0.0,0.0
201500048739,2,8,15,20,2,69,383,2,1,1,7,"236, LAFAYETTE",45.7539,4.84623
201500048740,12,8,15,13,1,69,259,2,1,1,1,AMBROISE CROIZAT,0.0,0.0
201500048741,13,8,15,16,1,69,259,2,1,2,3,FRERES LOUIS ET EMILE BE,0.0,0.0
201500048742,13,8,15,17,1,69,386,1,1,1,3,CHARLES DE GAULLE,0.0,0.0
201500048743,13,8,15,18,1,69,388,2,2,1,3,JEAN MERMOZ,0.0,0.0
201500048744,14,8,15,7,1,69,388,2,2,1,3,PAUL SANTY,45.724,4.88297
201500048745,14,8,15,18,1,69,387,2,1,1,3,"6, GAMBETTA",0.0,0.0
201500048746,15,8,15,22,5,69,386,2,1,1,5,BROTTEAUX (DES),45.7558,4.8677
201500048747,16,8,15,4,5,69,388,2,2,1,3,HENRI BARBUSSE,0.0,0.0
201500048748,16,8,15,10,1,69,276,2,3,1,3,"14, VENISSIEUX (DE)",0.0,0.0
201500048749,17,8,15,8,1,69,388,2,1,1,7,"24, ROCKEFELLER",45.7365,4.88324
201500048750,17,8,15,17,1,69,388,2,2,1,3,"., EPARGNE (DE L')",0.0,0.0
201500048751,18,8,15,11,1,69,199,2,1,1,6,PAUL BERT,45.7098,4.85732
201500048752,20,8,15,12,1,69,386,2,3,1,6,"289, LAFAYETTE",0.0,0.0
201500048753,20,8,15,18,1,69,386,2,1,1,6,VAUBAN,0.0,0.0
201500048754,21,8,15,16,1,69,383,2,1,1,1,"89, PENSIONNAT (DU)",0.0,0.0
201500048755,22,8,15,16,1,69,388,2,3,1,3,HENRI BARBUSSE,45.7326,4.85649
201500048756,23,8,15,15,1,69,388,2,2,1,3,JEAN XXIII,0.0,0.0
201500048757,24,8,15,9,1,69,386,2,1,1,6,"93, VITTON",0.0,0.0
201500048758,25,8,15,10,1,69,388,2,2,1,1,VIENNE (DE),0.0,0.0
201500048759,25,8,15,10,1,69,387,2,2,1,7,JEAN JAURES,45.74889,4.84409
201500048760,25,8,15,17,1,69,383,2,1,1,2,"94, SERVIENT",0.0,0.0
201500048761,25,8,15,17,1,69,387,2,2,1,3,REPOS (DU),45.7379,4.86352
201500048762,26,8,15,15,1,69,383,2,2,1,3,ST ANTOINE,0.0,0.0
201500048763,27,8,15,17,1,69,387,2,2,1,6,"., TONY GARNIER",0.0,0.0
201500048764,28,8,15,8,1,69,388,1,1,1,3,PROFESSEUR CALMETTE (DU),0.0,0.0
201500048765,29,8,15,11,1,69,387,2,1,1,4,"78, TCHECOSLOVAQUES (DES",45.7466,4.8709
201500048766,31,8,15,8,1,69,388,2,1,1,6,"138, CHALLEMEL LACOUR",0.0,0.0
201500048767,31,8,15,10,1,69,383,2,1,1,6,"28, VICTOR AUGAGNEUR",0.0,0.0
201500048768,31,8,15,12,1,69,386,2,2,1,3,"., DUGUESCLIN  (R)",0.0,0.0
201500048769,31,8,15,17,1,69,388,2,1,1,4,"117, ALBERT THOMAS",0.0,0.0
201500048770,1,9,15,10,1,69,386,2,1,1,6,"47, MARECHAL DE SAXE",0.0,0.0
201500048771,1,9,15,13,1,69,387,2,3,2,3,ST MICHEL,45.7509,4.83759
201500048772,2,9,15,7,1,69,388,2,1,1,3,"1, EDMOND MICHELET",0.0,0.0
201500048773,3,9,15,17,1,69,199,2,1,1,6,"10, GABRIEL PERI",0.0,0.0
201500048774,4,9,15,18,1,69,387,2,2,1,6,"., UNIVERSITE (DE L')",0.0,0.0
201500048775,6,9,15,19,1,69,388,2,1,1,3,"75, PIERRE DELORE",0.0,0.0
201500048776,7,9,15,1,5,69,383,2,1,1,2,"67, MARIUS VIVIER MERLE",45.7559,4.84285
201500048777,7,9,15,12,1,69,259,2,1,1,6,"., AMBROISE CROIZAT",45.7065,4.88722
201500048778,8,9,15,14,1,69,259,2,2,1,3,"., MARCEL HOUEL",0.0,0.0
201500048779,8,9,15,17,1,69,383,2,1,1,2,SERVIENT,0.0,0.0
201500048780,9,9,15,0,5,69,387,2,2,1,5,"., TONY GARNIER",45.731,4.82224
201500048781,9,9,15,7,2,69,388,2,1,1,6,ETATS UNIS (DES),45.7308,4.86961
201500048782,9,9,15,13,1,69,383,2,3,1,6,"., PAUL BERT",45.7458,4.84768
201500048783,9,9,15,16,1,69,387,2,2,1,6,ANDRE BOLLIER,0.0,0.0
201500048784,11,9,15,19,5,69,388,2,1,1,1,"178, VIENNE (DE)",0.0,0.0
201500048785,12,9,15,16,1,69,259,2,1,2,4,"75, AMBROISE CROIZAT",0.0,0.0
201500048786,14,9,15,15,1,69,388,2,2,1,2,"., MARIUS BERLIET",45.7344,4.86629
201500048787,15,9,15,14,1,69,388,2,3,8,3,ANTOINE LUMIERE,0.0,0.0
201500048788,15,9,15,15,1,69,383,2,3,1,6,"., ANDRE PHILIP",0.0,0.0
201500048789,17,9,15,8,1,69,388,2,1,3,3,"10, ETATS UNIS (DES)",0.0,0.0
201500048790,16,9,15,12,1,69,386,2,2,6,3,"99, BELGES (DES)",0.0,0.0
201500048791,3,9,15,21,5,69,387,2,1,1,6,"., GAMBETTA",0.0,0.0
201500048792,18,9,15,18,1,69,388,2,2,1,2,EDMOND MICHELET,0.0,0.0
201500048793,19,9,15,22,5,69,259,2,1,1,6,"16, JEAN CAGNE",45.691,4.87775
201500048794,20,9,15,3,5,69,386,2,2,1,7,"., SERBIE (DE)",0.0,0.0
201500048795,20,9,15,10,1,69,383,2,1,1,3,"179, RICHARD VITTON",0.0,0.0
201500048796,20,9,15,20,5,69,259,2,1,1,3,"108, JULES GUESDE",0.0,0.0
201500048797,21,9,15,17,1,69,388,2,1,1,6,"139, PINEL",0.0,0.0
201500048798,21,9,15,19,2,69,259,2,3,1,1,"., ALBERT EINSTEIN",45.69678,4.87684
201500048799,23,9,15,15,1,69,199,2,1,1,3,JEAN JAURES,0.0,0.0
201500048800,23,9,15,18,1,69,259,2,2,1,6,"., MAURICE RAVEL",0.0,0.0
201500048801,23,9,15,23,5,69,259,2,2,1,3,"., AMBROISE CROIZAT",0.0,0.0
201500048802,24,9,15,9,1,69,383,2,3,1,1,FELIX FAURE,0.0,0.0
201500048803,23,9,15,19,1,69,388,2,1,8,6,BERTY ALBRECHT,0.0,0.0
201500048804,24,9,15,18,1,69,199,2,1,1,6,"94, JEAN JAURES",0.0,0.0
201500048805,26,9,15,21,5,69,383,2,1,1,6,"43, MARIUS VIVIER MERLE",0.0,0.0
201500048806,27,9,15,22,5,69,383,2,1,1,3,"1, LAC (DU)",0.0,0.0
201500048807,28,9,15,14,1,69,383,2,2,1,3,"., CHATEAU (DU)",0.0,0.0
201500048808,28,9,15,18,1,69,199,2,1,7,6,NOEL DESCORMES,45.7056,4.85818
201500048809,28,9,15,19,3,69,383,2,1,1,3,"116, DAUPHINE (DU)",0.0,0.0
201500048810,29,9,15,16,1,69,383,2,1,1,6,"155, LACASSAGNE",0.0,0.0