Num_Acc,jour,mois,an,hr,condition_eclairage,departement,commune,condition_agglomeration,intersection,condition_atmosphere,type_collision,adresse,lattitude,longitude
201500048811,29,9,15,20,4,69,259,2,1,1,3,"103, IRENE JOLIOT CURIE",0.0,0.0
201500048812,30,9,15,13,1,69,259,2,1,1,6,"., LEON SUBLET",0.0,0.0
201500048813,30,9,15,19,5,69,386,2,1,1,3,"., GARIBALDI",0.0,0.0
201500048814,1,10,15,11,1,69,383,2,1,1,3,DOCTEUR BOUCHUT (DU),0.0,0.0
201500048815,1,10,15,13,1,69,387,2,1,1,6,"6, DEPERET",45.7523,4.83968
201500048816,2,10,15,13,1,69,259,2,2,1,3,"., JACQUES DUCLOS",0.0,0.0
201500048817,2,10,15,22,5,69,387,2,2,1,3,JEAN JAURES,0.0,0.0
201500048818,3,10,15,0,5,69,387,2,2,1,3,PERE CHEVRIER (DU),0.0,0.0
201500048819,3,10,15,12,1,69,386,2,1,2,6,"28, JULES FAVRE",0.0,0.0
201500048820,3,10,15,18,1,69,387,2,3,3,6,PRE GAUDRY,0.0,0.0
201500048821,5,10,15,14,1,69,387,2,2,1,4,MARSEILLE (DE),0.0,0.0
201500048822,6,10,15,9,1,69,199,2,3,2,3,"43, CARNOT",0.0,0.0
201500048823,6,10,15,20,5,69,259,2,1,2,2,"20, LENINE",0.0,0.0
201500048824,7,10,15,8,1,69,383,2,2,1,6,"77, PROFESSEUR ROCHAIX (",0.0,0.0
201500048825,7,10,15,7,2,69,383,2,2,1,6,"., CLAUDIUS PIONCHON",0.0,0.0
201500048826,7,10,15,8,1,69,388,2,2,1,3,"., VIVIANI",0.0,0.0
201500048827,7,10,15,18,1,69,387,2,2,1,3,"., SEBASTIEN GRYPHE",0.0,0.0
201500048828,7,10,15,16,1,69,387,2,3,1,3,"., TONY GARNIER",45.72784,4.82399
201500048829,8,10,15,9,1,69,388,2,4,1,3,"., GENERAL FRERE (DU)",0.0,0.0
201500048830,7,10,15,20,5,69,388,2,1,1,3,"109, VIENNE (DE)",45.7304,4.85066
201500048831,8,10,15,16,1,69,388,2,2,1,6,ST MAURICE,45.7323,4.8712
201500048832,6,10,15,12,1,69,386,2,6,8,1,VAUBAN,0.0,0.0
201500048833,9,10,15,12,1,69,387,2,1,1,2,"24, YVES FARGES",0.0,0.0
201500048834,9,10,15,14,1,69,386,2,2,1,6,"., VERGUIN",0.0,0.0
201500048835,6,10,15,11,1,69,387,2,2,3,6,JEAN JAURES,0.0,0.0
201500048836,9,10,15,14,1,69,388,2,2,1,3,"., AMBROISE PARE",0.0,0.0
201500048837,10,10,15,9,1,69,199,2,1,1,1,"85, YVES FARGE",0.0,0.0
201500048838,11,10,15,0,5,69,199,2,2,1,6,PARMENTIER,45.7059,4.86156
201500048839,11,10,15,1,5,69,383,2,2,1,2,"308, LAFAYETTE",0.0,0.0
201500048840,11,10,15,13,1,69,388,2,1,1,3,"1, CATHERINE FAVRE",0.0,0.0
201500048841,11,10,15,13,1,69,387,2,2,1,3,"., MARC BLOCH",45.7355,4.84193
201500048842,11,10,15,0,5,69,386,2,1,1,2,"5, GRANDE BRETAGNE (DE)",45.7756,4.8491
201500048843,11,10,15,22,5,69,388,2,3,1,3,"., SEIGNEMARTIN",0.0,0.0
201500048844,12,10,15,9,1,69,383,2,2,1,3,"256, PAUL BERT",0.0,0.0
201500048845,12,10,15,16,1,69,386,2,1,1,3,"., JULES FERRY",0.0,0.0
201500048846,12,10,15,16,1,69,388,2,2,1,3,"112, ALBERT THOMAS",0.0,0.0
201500048847,13,10,15,16,1,69,259,2,1,8,5,"., ALBERT EINSTEIN",0.0,0.0
201500048848,13,10,15,18,1,69,383,2,2,8,6,"60, GAMBETTA",0.0,0.0
201500048849,13,10,15,19,5,69,387,2,2,1,3,"., LOUIS DANSARD",45.75381,4.84409
201500048850,14,10,15,18,2,69,383,2,2,1,3,"., CREQUI (DE)",0.0,0.0
201500048851,15,10,15,12,1,69,383,2,1,1,6,"., PAUL BERT",45.7479,4.84893
201500048852,16,10,15,15,1,69,259,2,2,1,3,"., AMBROISE CROIZAT",0.0,0.0
201500048853,16,10,15,16,1,69,383,2,1,1,6,"45, LIBERTE (DE LA)",0.0,0.0
201500048854,16,10,15,16,1,69,388,2,1,1,1,"3, BATAILLE",0.0,0.0
201500048855,17,10,15,15,1,69,388,2,1,1,1,"358, VIENNE (DE)",0.0,0.0
201500048856,18,10,15,6,5,69,387,2,2,1,6,"., GALLIENI",45.7479,4.83835
201500048857,18,10,15,15,1,69,386,2,1,1,6,"., GARIBALDI",0.0,0.0
201500048858,18,10,15,16,1,69,386,2,2,1,3,"., VIABERT (DE LA)",0.0,0.0
201500048859,19,10,15,12,1,69,259,2,2,1,3,"., MARCEL CACHIN",0.0,0.0
201500048860,19,10,15,14,1,69,386,2,2,1,3,"., VENDOME",0.0,0.0
201500048861,20,10,15,19,2,69,259,2,1,1,6,"89, FRANCIS DE PRESSENSE",0.0,0.0
201500048862,19,10,15,19,2,69,388,2,1,1,2,"9, FRERES LUMIERE (DES)",45.7397,4.86819
201500048863,21,10,15,8,1,69,199,2,3,1,3,"., CARNOT",0.0,0.0
201500048864,22,10,15,16,1,69,387,2,2,1,2,"371, GARIBALDI",0.0,0.0
201500048865,23,10,15,8,1,69,259,2,2,1,3,"., VAILLANT COUTURIER",0.0,0.0
201500048866,24,10,15,10,1,69,388,2,2,1,3,"., ROCHAMBEAU",0.0,0.0
201500048867,23,10,15,19,5,69,387,2,1,1,4,"56, CHEVREUL",0.0,0.0
201500048868,24,10,15,18,2,69,199,2,1,1,3,"., CARNOT",0.0,0.0
201500048869,25,10,15,4,5,69,387,2,1,1,2,"., TONY GARNIER",0.0,0.0
201500048870,28,10,15,14,1,69,387,2,1,3,3,"198, JEAN JAURES",0.0,0.0
201500048871,28,10,15,19,2,69,383,2,1,2,3,"., VICTOR AUGAGNEUR",0.0,0.0
201500048872,29,10,15,18,2,69,383,2,1,1,3,"., MARIUS VIVIER MERLE",0.0,0.0
201500048873,30,10,15,13,1,69,259,2,1,1,4,"44, PARMENTIER",45.7012,4.88996
201500048874,31,10,15,13,1,69,383,2,2,1,3,"300, PAUL BERT",0.0,0.0
201500048875,1,11,15,7,1,69,259,2,1,5,6,"6, 19 MARS 1962 (DU)",0.0,0.0
201500048876,2,11,15,8,1,69,259,2,1,5,4,"20, IRENE JOLIOT CURIE",0.0,0.0
201500048877,2,11,15,12,1,69,259,1,1,1,6,"2, ANDRE SENTUC",0.0,0.0
201500048878,2,11,15,13,1,69,383,2,1,1,1,"., MARTYRS DE LA RESISTA",0.0,0.0
201500048879,2,11,15,14,1,69,387,2,2,1,3,"33, YVES FARGES",0.0,0.0
201500048880,2,11,15,16,1,69,383,2,2,1,3,"., LACASSAGNE",0.0,0.0
201500048881,3,11,15,7,2,69,383,2,1,1,1,GEORGES POMPIDOU,0.0,0.0
201500048882,3,11,15,10,1,69,388,2,3,1,1,"., AMBROISE COURTOIS",0.0,0.0
201500048883,3,11,15,13,1,69,259,2,3,1,3,"., JULES GUESDE",45.71945,4.88645
201500048884,3,11,15,15,1,69,387,2,2,1,6,"52, CHEVREUL",0.0,0.0
201500048885,3,11,15,22,5,69,387,2,1,1,6,"., LECLERC",0.0,0.0
201500048886,4,11,15,9,1,69,383,2,1,1,3,GAMBETTA,0.0,0.0
201500048887,4,11,15,16,1,69,259,2,1,8,4,"37, PAUL BERT",45.70097,4.88869
201500048888,5,11,15,10,1,69,383,2,1,1,6,"49, LACASSAGNE",0.0,0.0
201500048889,5,11,15,10,1,69,387,2,1,1,6,"65, YVES FARGES",0.0,0.0
201500048890,5,11,15,14,1,69,259,2,3,1,6,"18, GABRIEL FAURE",0.0,0.0
201500048891,5,11,15,18,5,69,383,2,9,1,6,CREQUI (DE),0.0,0.0
201500048892,6,11,15,17,2,69,388,2,1,1,6,"44, TUILIERS (DES)",0.0,0.0
201500048893,7,11,15,5,5,69,388,2,2,1,3,JEAN XXIII,0.0,0.0
201500048894,6,11,15,16,1,69,388,2,1,1,4,"108, PROFESSEUR BEAUVISA",45.7337,4.87852
201500048895,7,11,15,6,5,69,387,2,1,1,6,"34, VIVIER (DU)",0.0,0.0
201500048896,7,11,15,17,2,69,388,2,2,1,6,BATAILLE,45.7476,4.88152
201500048897,8,11,15,2,5,69,387,2,1,1,2,LECLERC,45.7352,4.82876
201500048898,9,11,15,16,1,69,388,2,1,1,6,"22, PROFESSEUR TAVERNIER",0.0,0.0
201500048899,4,11,15,11,1,69,259,2,1,2,6,"44, AMBROISE CROIZAT",45.7,4.88333
201500048900,10,11,15,13,1,69,386,2,2,1,3,SEZE (DE),0.0,0.0
201500048901,11,11,15,1,5,69,386,2,2,1,3,JULES FAVRE,0.0,0.0
201500048902,11,11,15,21,5,69,386,2,1,1,6,"23, ANATOLE FRANCE",0.0,0.0
201500048903,12,11,15,13,1,69,388,2,1,1,6,"13, VIVIANI",0.0,0.0
201500048904,13,11,15,8,1,69,383,2,1,1,6,"294, LAFAYETTE",0.0,0.0
201500048905,13,11,15,9,1,69,388,1,1,1,6,"12, ROCKEFELLER",0.0,0.0
201500048906,13,11,15,20,5,69,388,2,1,1,3,ALOUETTES,0.0,0.0
201500048907,14,11,15,11,1,69,388,2,1,1,6,"89, FRERES LUMIERE (DES)",45.739,4.86687
201500048908,15,11,15,7,2,69,383,2,2,1,5,ABONDANCE (DE L'),0.0,0.0
201500048909,15,11,15,22,5,69,386,2,2,1,3,"11, NEY",0.0,0.0
201500048910,16,11,15,9,1,69,383,2,1,1,3,"30, VICTOR AUGAGNEUR",45.7574,4.8407
201500048911,16,11,15,14,1,69,388,2,2,1,2,"112, ETATS UNIS (DES)",0.0,0.0
201500048912,16,11,15,15,1,69,259,2,1,1,3,SAVOIES (DES),0.0,0.0
201500048913,16,11,15,22,5,69,387,2,1,1,2,DEBOURG,0.0,0.0
201500048914,6,10,15,11,1,69,386,2,2,3,6,"5, SEZE (DE)",45.7715,4.8545
201500048915,17,11,15,8,1,69,388,2,2,1,3,FRANCIS DE PRESSENSE,0.0,0.0
201500048916,17,11,15,8,1,69,383,2,1,1,6,VILLETTE (DE LA),0.0,0.0
201500048917,18,11,15,6,5,69,383,2,1,1,6,"161, ALBERT THOMAS",0.0,0.0
201500048918,18,11,15,8,1,69,259,2,1,1,6,"2, IRENE JOLIOT CURIE",45.7222,4.87253
201500048919,18,11,15,9,1,69,259,2,1,1,4,"57, REPUBLIQUE (DE LA)",0.0,0.0
201500048920,20,11,15,18,5,69,383,2,1,1,1,"68, GAMBETTA",0.0,0.0
201500048921,21,11,15,17,5,69,388,2,1,1,6,"24, PROFESSEUR TAVERNIER",0.0,0.0
201500048922,21,11,15,20,5,69,259,1,1,9,6,", IRENE JOLIOT CURIE",45.722,4.8742
201500048923,23,11,15,19,5,69,383,2,1,1,6,"58, SERVIENT",0.0,0.0
201500048924,24,11,15,19,5,69,259,2,1,1,6,JULES GRANDCLEMENT,0.0,0.0
201500048925,25,11,15,8,1,69,383,2,1,2,3,GAMBETTA,0.0,0.0
201500048926,25,11,15,9,1,69,383,2,2,2,6,", DOCTEUR LONG (DU)",0.0,0.0
201500048927,26,11,15,11,1,69,259,2,1,1,3,"70, ROGER SALENGRO",0.0,0.0
201500048928,26,11,15,14,1,69,383,2,2,8,3,SERVIENT,0.0,0.0
201500048929,26,11,15,17,5,69,383,2,1,2,5,MARIUS VIVIER MERLE,0.0,0.0
201500048930,27,11,15,8,1,69,199,2,2,1,6,CHARLES PLASSE,0.0,0.0
201500048931,28,11,15,0,5,69,387,2,1,1,7,"55, TONY GARNIER",0.0,0.0
201500048932,27,11,15,18,5,69,386,2,1,1,6,"90, BELGES (DES)",0.0,0.0
201500048933,28,11,15,9,1,69,386,2,2,2,3,"70, BELLECOMBE (DE)",0.0,0.0
201500048934,29,11,15,13,1,69,383,1,1,8,6,GABRIEL PERI,0.0,0.0
201500048935,30,11,15,7,5,69,383,2,1,1,6,"2, LACASSAGNE",0.0,0.0
201500048936,27,11,15,15,1,69,388,2,3,1,3,ANDRE LATARJET,0.0,0.0
201500048937,30,11,15,13,1,69,386,2,1,1,6,BROTTEAUX (DES),0.0,0.0
201500048938,1,12,15,23,5,69,387,2,2,1,3,PARMENTIER,45.7373,4.84434
201500048939,2,12,15,7,5,69,386,2,1,1,6,LAFAYETTE,0.0,0.0
201500048940,2,12,15,12,1,69,387,2,3,1,3,"6, CROIX BARRET (DE LA)",0.0,0.0
201500048941,20,11,15,10,1,69,259,2,2,1,3,"0, EUGENE PELOUX",0.0,0.0
201500048942,3,12,15,8,1,69,259,2,1,1,4,"12, IRENE JOLIOT CURIE",0.0,0.0
201500048943,6,12,15,2,3,69,276,2,1,1,6,VIENNE (DE),0.0,0.0
201500048944,6,12,15,18,5,69,387,2,1,1,6,"94, DEBOURG",45.7285,4.83225
201500048945,7,12,15,13,1,69,388,2,1,1,4,"123, CHALLEMEL LACOUR",0.0,0.0
201500048946,8,12,15,7,5,69,383,2,2,1,6,"161, LACASSAGNE",0.0,0.0
201500048947,8,12,15,11,1,69,259,2,9,1,6,IRENE JOLIOT CURIE,0.0,0.0
201500048948,8,12,15,18,5,69,383,2,1,1,3,DOCTEUR BOUCHUT (DU),0.0,0.0
201500048949,9,12,15,15,1,69,388,2,2,1,6,"63, FRERES LUMIERE (DES)",0.0,0.0
201500048950,11,12,15,21,5,69,387,2,1,1,3,GERLAND (DE),0.0,0.0
201500048951,12,12,15,7,1,69,259,2,1,1,6,MARCEL CACHIN,0.0,0.0
201500048952,12,12,15,9,1,69,259,2,2,1,1,FRANCIS DE PRESSENSE,0.0,0.0
201500048953,12,12,15,19,5,69,388,2,1,1,3,ETATS UNIS (DES),0.0,0.0
201500048954,12,12,15,11,1,69,259,2,1,1,2,"233, PINEL",45.7241,4.88859
201500048955,13,12,15,15,1,69,259,2,3,1,6,FRANCIS DE PRESSENSE,0.0,0.0
201500048956,13,12,15,23,5,69,383,2,1,1,3,VILLETTE (DE LA),45.76364,4.86217
201500048957,9,12,15,11,1,69,387,2,2,1,3,"102, JEAN JAURES",45.7437,4.84094
201500048958,14,12,15,9,1,69,276,2,2,1,3,MAIRIE (DE LA),0.0,0.0
201500048959,14,12,15,13,1,69,383,2,1,1,6,"125, LACASSAGNE",0.0,0.0
201500048960,16,12,15,10,1,69,383,2,1,1,3,"05, CHATEAU (DU)",0.0,0.0
201500048961,11,12,15,9,1,69,259,2,1,1,6,"96, FRANCIS DE PRESSENSE",0.0,0.0
201500048962,16,12,15,15,1,69,386,2,3,1,3,"66, MONTGOLFIER",0.0,0.0
201500048963,17,12,15,16,2,69,383,2,2,1,2,"47, GAMBETTA",0.0,0.0
201500048964,17,12,15,20,5,69,383,2,1,1,3,LACASSAGNE,45.74837,4.87954
201500048965,18,12,15,1,5,69,387,2,2,1,1,"174, GERLAND (DE)",0.0,0.0
201500048966,11,12,15,18,2,69,383,2,1,1,2,"162, GENAS (DE)",0.0,0.0
201500048967,20,12,15,15,1,69,388,1,2,1,6,"82, JEAN SARRAZIN",0.0,0.0
201500048968,13,12,15,3,5,69,386,2,5,1,3,"., LOUIS BLANC",0.0,0.0
201500048969,22,12,15,12,1,69,387,2,2,1,3,"., UNIVERSITE (DE L')",0.0,0.0
201500048970,22,12,15,13,1,69,383,2,1,1,6,"31, VICTOR AUGAGNEUR",0.0,0.0
201500048971,22,12,15,15,1,69,388,2,2,1,4,PIERRE DELORE,0.0,0.0
201500048972,22,12,15,15,1,69,388,2,1,1,4,"48, ROCKEFELLER",0.0,0.0
201500048973,22,12,15,17,5,69,387,2,1,1,1,"28, GIRONDINS (DES)",0.0,0.0
201500048974,23,12,15,11,1,69,383,2,1,1,6,DAUPHINE (DU),0.0,0.0
201500048975,22,12,15,19,5,69,259,2,1,1,6,"136, IRENE JOLIOT CURIE",45.71569,4.87811
201500048976,23,12,15,16,1,69,388,2,1,1,6,"26, HENRI BARBUSSE",0.0,0.0
201500048977,25,12,15,18,5,69,388,2,1,1,3,"52, EPARGNE (DE L')",0.0,0.0
201500048978,22,12,15,11,1,69,388,2,2,1,3,"47, JEAN SARRAZIN",0.0,0.0
201500048979,27,12,15,1,5,69,387,2,1,1,6,"18, GAMBETTA",45.7387,4.84113
201500048980,26,12,15,12,1,69,259,2,1,1,3,IRENE JOLIOT CURIE,0.0,0.0
201500048981,30,12,15,15,1,69,387,2,2,1,3,", MARIE MADELEINE FOURCA",0.0,0.0
201500048982,31,12,15,14,1,69,383,2,1,1,3,", PAUL BERT",0.0,0.0
201500048983,31,12,15,14,1,69,259,2,1,1,6,IRENE JOLIOT CURIE,45.7096,4.88502
201500048984,9,2,15,19,5,69,383,2,2,1,3,"139, AVENUE MARECHAL DE",0.0,0.0
201500048985,9,2,15,10,1,69,384,2,1,1,6,RUE CHAZIERE,0.0,0.0
201500048986,10,2,15,15,1,69,384,2,1,1,6,"14, RUE HERMANN SABRAN",0.0,0.0
201500048987,19,2,15,15,1,69,384,2,1,1,3,PONT GEORGES CLEMENCEAU,0.0,0.0
201500048988,24,2,15,22,5,69,384,2,1,9,6,"18, COURS D HERBOUVILLE",0.0,0.0
201500048989,4,1,15,17,1,33,249,1,1,1,6,ROCADE A 630,44.88481,-0.51529
201500048990,5,1,15,4,3,33,90,1,1,1,6,AUTOROUTE A 63,44.77159,-0.65897
201500048991,6,1,15,8,2,33,318,1,1,1,4,ROCADE A 630,44.78831,-0.6296
201500048992,6,1,15,8,3,33,318,1,1,1,4,ROCADE A 630,44.78885,-0.62299
201500048993,6,1,15,12,1,33,167,1,1,2,6,ROUTE NATIONALE 230,44.82423,-0.51092
201500048994,22,12,15,18,5,33,550,1,1,1,1,ROCADE A 630,44.77999,-0.57595
201500048995,10,1,15,6,3,33,65,1,1,2,6,ROUTE NATIONALE 230,44.81679,-0.52074
201500048996,22,12,15,15,1,33,122,1,1,1,6,AUTOROUTE A 63,44.74179,-0.709
201500048997,11,1,15,13,1,33,318,1,1,1,6,ROCADE A 630,44.78967,-0.64578
201500048998,26,12,15,18,3,33,397,1,1,1,2,AUTOROUTE A 10,44.91669,-0.47751
201500048999,30,12,15,15,1,33,249,1,1,1,2,AUTOROUTE A 10,44.88706,-0.50616
201500049000,30,12,15,18,5,33,249,1,1,1,7,ROUTE NATIONALE 230,44.87127,-0.50605
201500049001,15,1,15,19,3,33,192,1,1,2,6,ROCADE A 630,44.78935,-0.61687
201500049002,17,1,15,15,1,33,63,1,1,2,5,ROCADE A 630,44.88244,-0.55014
201500049003,19,1,15,7,4,33,39,1,1,2,6,ROCADE A 631,44.81429,-0.53534
201500049004,19,1,15,16,1,33,249,1,1,2,6,ROCADE A 630,44.88481,-0.51525
201500049005,19,1,15,16,1,33,249,1,1,2,6,ROCADE A 630,44.88481,-0.51525
201500049006,19,1,15,20,3,33,249,1,1,2,5,ROCADE A 630,44.88481,-0.51525
201500049007,20,1,15,20,5,33,39,1,1,1,6,ROCADE A 630,44.7959,-0.53896
201500049008,21,1,15,8,1,33,162,1,1,2,6,ROCADE A 630,44.87448,-0.63678
201500049009,22,1,15,16,1,33,550,1,1,1,6,AUTOROUTE A 62,44.7593,-0.54647
201500049010,24,1,15,16,1,33,39,1,1,2,5,ROCADE A 630,44.79416,-0.53969
201500049011,25,1,15,0,1,33,448,1,1,1,6,AUTOROUTE A 62,44.69944,-0.50078
201500049012,26,1,15,8,2,33,281,1,1,1,6,ROCADE A 630,44.85672,-0.66298
201500049013,26,1,15,10,1,33,366,1,1,8,6,AUTOROUTE A 10,45.00068,-0.4268
201500049014,28,1,15,8,2,33,162,1,1,2,3,ROCADE A 630,44.87189,-0.64132
201500049015,29,1,15,9,1,33,90,1,1,3,4,AUTOROUTE A 63,44.75986,-0.68027
201500049016,30,1,15,18,2,33,550,1,1,1,6,AUTOROUTE A 62,44.76189,-0.54748
201500049017,31,1,15,11,1,33,63,1,1,1,5,ROCADE A 630,44.88169,-0.54615
201500049018,6,2,15,18,2,33,550,1,1,1,6,AUTOROUTE A 62,44.76189,-0.54748
201500049019,7,2,15,5,5,33,119,1,1,1,6,ROUTE NATIONALE 230,44.85165,-0.5047
201500049020,10,2,15,6,1,33,143,1,1,1,7,AUTOROUTE A 10,44.95773,-0.44842
201500049021,11,2,15,8,2,33,550,1,1,1,5,AUTOROUTE A 62,44.76189,-0.54748
201500049022,12,2,15,7,2,33,63,1,1,1,1,ROCADE A630,44.88267,-0.55132
201500049023,12,2,15,8,1,33,63,1,1,1,6,ROCADE A 630,44.8813,-0.5438
201500049024,17,2,15,8,1,33,366,1,1,1,1,AUTOROUTE A 10,44.98586,-0.42746
201500049025,19,2,15,7,1,33,192,1,1,1,6,ROCADE A 630,44.78936,-0.61675
201500049026,18,2,15,15,1,33,192,1,1,1,1,AUTOROUTE A 63,44.77923,-0.64083
201500049027,23,2,15,17,1,33,39,1,1,1,2,ROCADE A 630,44.79005,-0.54081
201500049028,25,2,15,16,1,33,249,1,1,1,5,ROCADE A 630,44.88319,-0.5209
201500049029,26,2,15,7,3,33,39,1,1,1,2,ROCADE A 631,44.81159,-0.53328
201500049030,26,2,15,9,1,33,23,1,1,1,6,AUTOROUTE A 62,44.69393,-0.49637
201500049031,27,2,15,8,1,33,39,1,1,1,6,ROCADE A 630,44.7959,-0.53896
201500049032,27,2,15,15,1,33,249,1,1,1,6,ROCADE A 630,44.88011,-0.53788
201500049033,28,2,15,15,1,33,192,1,1,1,6,ROCADE A 630,44.7897,-0.61258
201500049034,1,3,15,10,1,33,63,1,1,2,6,ROCADE A 630,44.88601,-0.56544
201500049035,6,3,15,8,1,33,192,1,1,1,6,ROCADE A 630,44.78946,-0.61561
201500049036,6,3,15,10,1,33,80,1,1,1,6,AUTOROUTE A 62,44.72378,-0.52496
201500049037,6,3,15,17,1,33,281,1,1,1,6,ROCADE A 630,44.81586,-0.67297
201500049038,6,3,15,17,1,33,249,1,1,1,6,ROUTE NATIONALE 230,44.87918,-0.5097
201500049039,7,3,15,13,1,33,75,1,1,1,6,ROCADE A 630,44.8901,-0.61481
201500049040,11,3,15,16,1,33,63,1,1,1,6,ROCADE A 630,44.88156,-0.5454
201500049041,12,3,15,19,5,33,65,1,1,1,6,ROUTE NATIONALE 230,44.80686,-0.52799
201500049042,13,3,15,15,1,33,192,1,1,1,5,ROCADE A 630,44.78865,-0.60147
201500049043,15,3,15,12,1,33,281,1,1,1,6,ROCADE A 630,44.83037,-0.67606
201500049044,16,3,15,8,1,33,75,1,1,8,6,ROCADE A 630,44.87322,-0.62849
201500049045,17,3,15,17,1,33,65,1,1,1,1,ROUTE NATIONALE 230,44.81641,-0.52075
201500049046,17,3,15,14,1,33,281,1,1,1,6,ROCADE A 630,44.85591,-0.66355
201500049047,24,3,15,19,4,33,75,1,1,2,3,ROCADE A 630,44.8898,-0.61643
201500049048,25,3,15,8,1,33,162,1,1,1,6,ROCADE A 630,44.86839,-0.6473
201500049049,25,3,15,8,1,33,65,1,1,1,6,ROUTE NATIONALE 230,44.80865,-0.52525
201500049050,28,3,15,10,1,33,63,1,1,2,6,ROCADE A 630,44.88207,-0.54813
201500049051,28,3,15,10,1,33,63,1,1,2,6,ROCADE A 630,44.88656,-0.56776
201500049052,30,3,15,20,1,33,192,1,1,2,6,ROCADE A 630,44.78963,-0.60516
201500049053,7,4,15,8,1,33,281,1,1,1,6,ROCADE A 630,44.81738,-0.67308
201500049054,11,4,15,7,1,33,63,1,1,2,6,ROCADE A 630,44.885,-0.56108
201500049055,11,4,15,21,4,33,162,1,1,1,6,ROCADE A 630,44.86303,-0.65614
201500049056,13,4,15,14,1,33,65,1,1,1,6,ROUTE NATIONALE 230,44.81417,-0.52061
201500049057,13,4,15,18,1,33,13,1,1,1,3,ROUTE NATIONALE 230,44.86871,-0.50483
201500049058,14,4,15,18,1,33,75,1,1,1,6,ROCADE A630,44.8896,-0.60338
201500049059,15,4,15,14,1,33,3,1,1,1,6,AUTOROUTE A 10,44.92848,-0.47038
201500049060,17,4,15,14,1,33,90,1,1,1,6,AUTOROUTE A 63,44.75987,-0.68056
201500049061,18,4,15,14,1,33,143,1,1,1,6,AUTOROUTE A 10,0.0,0.0
201500049062,21,4,15,18,1,33,122,1,1,1,6,AUTOROUTE A 63,44.74672,-0.70063
201500049063,23,4,15,10,1,33,23,1,1,8,6,AUTOROUTE A 62,44.69707,-0.49869
201500049064,24,4,15,18,1,33,143,1,1,1,2,AUTOROUTE A 10,44.9767,-0.43224
201500049065,28,4,15,12,1,33,192,1,1,1,2,ROCADE A 630,0.0,0.0
201500049066,2,5,15,6,2,33,550,1,1,8,6,ROCADE A 630,44.47768,-0.55883
201500049067,3,5,15,10,1,33,281,1,1,1,1,ROCADE A 630,44.8543,-0.66467
201500049068,5,5,15,14,1,33,550,1,1,1,6,ROCADE A 630,44.78236,-0.58542
201500049069,6,5,15,16,1,33,281,1,1,1,6,ROCADE A 630,44.83035,-0.67605
201500049070,11,5,15,7,1,33,122,1,1,8,3,AUTOROUTE A 63,0.0,0.0
201500049071,11,5,15,11,1,33,122,1,1,1,2,AUTOROUTE A 63,0.0,0.0
201500049072,12,5,15,12,1,33,550,1,1,1,3,ROCADE A 630,0.0,0.0
201500049073,12,5,15,17,1,33,192,1,1,1,5,AUTOROUTE A 63,44.7889,-0.62032
201500049074,13,5,15,8,1,33,13,1,1,1,4,ROUTE NATIONALE 230,44.85558,-0.50509
201500049075,15,5,15,1,5,33,13,1,1,3,6,RN 230,44.86843,-0.50273
201500049076,17,5,15,6,1,33,192,1,1,1,6,ROCADE A 630,44.78729,-0.59839
201500049077,17,5,15,19,1,33,249,1,1,1,6,ROCADE A 630,44.88183,-0.52285
201500049078,19,5,15,7,1,33,39,1,1,1,6,ROCADE A 630,44.80119,-0.53469
201500049079,26,5,15,19,1,33,75,1,1,1,6,ROCADE A 630,44.88949,-0.61758
201500049080,28,5,15,7,1,33,550,1,1,1,4,ROCADE A 630,44.77822,-0.55527
201500049081,28,5,15,9,1,33,75,1,1,1,6,ROCADE A 630,44.88944,-0.6025
201500049082,28,5,15,12,1,33,281,1,1,1,6,ROCADE A 630,44.8348,-0.67667
201500049083,29,5,15,16,1,33,162,1,1,1,6,ROCADE A 630,44.876,-0.63413
201500049084,2,6,15,15,1,33,80,1,1,1,6,AUTOROUTE A 62,44.75537,-0.5444
201500049085,4,6,15,6,1,33,65,1,1,1,6,ROUTE NATIONALE 230,44.81152,-0.52176
201500049086,8,6,15,16,1,33,281,1,1,1,2,ROCADE A 630,44.83336,-0.67657
201500049087,10,6,15,13,1,33,75,1,1,2,5,ROCADE A 630,44.89018,-0.61403
201500049088,11,6,15,13,1,33,65,1,1,1,6,ROUTE NATIONALE 230,44.8079,-0.5264
201500049089,12,6,15,18,1,33,249,1,1,1,3,ROCADE A 630,44.88062,-0.52461
201500049090,16,6,15,8,1,33,550,1,1,1,3,ROCADE A 630,44.7808,-0.5796
201500049091,13,6,15,10,1,33,122,1,1,1,6,AUTOROUTE A 63,44.74425,-0.70463
201500049092,16,6,15,20,1,33,249,1,1,1,1,ROUTE NATIONALE 230,44.87087,-0.50585
201500049093,17,6,15,16,1,33,192,1,1,1,4,ROCADE A 630,44.78468,-0.59211
201500049094,18,6,15,19,1,33,281,1,1,1,6,ROCADE A 630,44.8348,-0.67667
201500049095,18,6,15,23,5,33,397,1,1,1,5,AUTOROUTE A 10,44.91669,-0.47751
201500049096,20,6,15,9,1,33,65,1,1,1,2,ROUTE NATIONALE 230,44.80974,-0.52447
201500049097,23,6,15,8,1,33,39,1,1,1,6,RN 230,44.80382,-0.53255