Num_Acc,jour,mois,an,hr,condition_eclairage,departement,commune,condition_agglomeration,intersection,condition_atmosphere,type_collision,adresse,lattitude,longitude
201500049098,23,6,15,13,1,33,23,1,1,1,6,AUTOROUTE A 62,44.69411,-0.49624
201500049099,24,6,15,15,1,33,162,1,1,1,6,ROCADE A 630,44.87791,-0.6305
201500049100,24,6,15,17,1,33,550,1,1,1,5,ROCADE A 630,44.77808,-0.55614
201500049101,25,6,15,8,1,33,96,1,1,1,2,AUTOROUTE A 10,44.89892,-0.49478
201500049102,25,6,15,8,1,33,63,1,1,1,6,ROCADE A 630,44.88043,-0.53938
201500049103,27,6,15,8,1,33,39,1,1,1,6,ROCADE A 630,44.79409,-0.53968
201500049104,30,6,15,18,1,33,318,1,1,1,6,ROCADE A 630,44.7888,-0.62631
201500049105,2,7,15,20,1,33,122,1,1,1,6,AUTOROUTE A 63,44.73332,-0.72206
201500049106,4,7,15,6,1,33,281,1,1,1,6,ROCADE A 630,44.83213,-0.6765
201500049107,4,7,15,11,1,33,75,1,1,1,6,ROCADE A 630,44.88924,-0.60013
201500049108,4,7,15,14,1,33,192,1,1,1,6,ROCADE A 630,44.78906,-0.60276
201500049109,6,7,15,8,1,33,550,1,1,1,5,ROCADE A 630,44.77816,-0.55673
201500049110,6,7,15,18,1,33,39,1,1,1,6,ROCADE A 630,44.80319,-0.53297
201500049111,7,7,15,10,1,33,550,1,1,1,6,ROCADE A 630,44.78672,-0.5415
201500049112,10,7,15,17,1,33,281,1,1,1,6,ROCADE A 630,44.85332,-0.66514
201500049113,11,7,15,9,1,33,397,1,1,1,7,AUTOROUTE A 10,44.91121,-0.48605
201500049114,15,7,15,9,1,33,397,1,1,1,6,AUTOROUTE A 10,44.90998,-0.48921
201500049115,15,7,15,15,1,33,39,1,1,1,6,ROCADE A 630,44.80319,-0.53297
201500049116,18,7,15,11,1,33,122,1,1,1,6,AUTOROUTE A 63,44.75431,-0.68875
201500049117,23,7,15,14,1,33,80,1,1,1,4,AUTOROUTE A 62,44.74819,-0.54011
201500049118,23,7,15,15,1,33,39,1,1,1,5,ROCADE A 630,44.7915,-0.54046
201500049119,25,7,15,10,1,33,122,1,1,1,4,AUTOROUTE A 63,44.7502,-0.69498
201500049120,27,7,15,12,1,33,249,1,1,1,5,ROCADE A 630,44.8824,-0.52207
201500049121,30,7,15,19,1,33,63,1,1,1,6,ROCADE A 630,44.88156,-0.5454
201500049122,31,7,15,13,1,33,13,1,1,2,6,ROUTE NATIONALE 230,44.86789,-0.50449
201500049123,31,7,15,13,1,33,13,1,1,1,3,ROUTE NATIONALE 230,44.84308,-0.50156
201500049124,1,8,15,11,1,33,318,1,1,1,4,ROCADE A 630,44.78781,-0.63586
201500049125,4,8,15,9,1,33,318,1,1,2,6,AUTOROUTE A 63,44.78718,-0.62494
201500049126,4,8,15,17,1,33,96,1,1,1,4,AUTOROUTE A 10,44.88706,-0.50616
201500049127,5,8,15,17,1,33,63,1,1,1,5,ROCADE A 630,44.88034,-0.54154
201500049128,6,8,15,15,1,33,397,1,1,1,4,AUTOROUTE A 10,44.91132,-0.48584
201500049129,7,8,15,13,1,33,65,1,1,1,5,ROUTE NATIONALE 230,44.80883,-0.52497
201500049130,7,8,15,14,1,33,162,1,1,1,3,ROCADE A 630,44.86279,-0.65655
201500049131,9,8,15,14,1,33,366,1,1,2,5,AUTOROUTE A 10,44.98542,-0.42758
201500049132,10,8,15,1,3,33,75,1,1,1,6,ROCADE A 630,44.88963,0.60515
201500049133,11,8,15,16,1,33,397,1,1,7,1,AUTOROUTE A 10,44.91917,-0.47609
201500049134,14,8,15,9,1,33,167,1,1,2,5,ROUTE NATIONALE 230,44.82946,-0.50212
201500049135,20,8,15,12,1,33,122,1,1,1,7,AUTOROUTE A 63,44.72779,-0.72971
201500049136,23,8,15,0,5,33,550,1,1,1,6,ROCADE A 630,44.78262,-0.58616
201500049137,23,8,15,10,1,33,550,1,1,1,3,ROCADE A 630,44.77921,-0.55037
201500049138,25,8,15,14,1,33,63,1,1,1,2,ROCADE A 630,44.88607,-0.56568
201500049139,26,8,15,17,1,33,397,1,1,1,3,AUTOROUTE A 10,44.92002,-0.47567
201500049140,27,8,15,13,1,33,39,1,1,1,3,ROCADE A 631,44.80153,-0.53445
201500049141,27,8,15,18,1,33,63,1,1,1,7,ROCADE A 630,44.88192,-0.54733
201500049142,9,9,15,11,1,33,550,1,1,1,2,ROCADE A 630,44.78365,-0.58928
201500049143,11,9,15,10,1,33,13,1,1,1,7,ROUTE NATIONALE 230,44.84418,-0.50165
201500049144,11,9,15,12,1,33,119,1,1,1,6,ROUTE NATIONALE 230,44.85174,-0.50473
201500049145,12,9,15,4,5,33,119,1,1,3,6,ROUTE NATIONALE 230,44.8658,-0.50404
201500049146,12,9,15,23,3,33,63,1,1,1,7,ROCADE A 630,44.88293,-0.55267
201500049147,14,9,15,7,1,33,550,1,1,2,3,AUTOROUTE A 62,44.77127,-0.55527
201500049148,14,9,15,9,1,33,318,1,1,2,6,AUTOROUTE A 63,44.78718,-0.62494
201500049149,14,9,15,9,1,33,192,1,1,8,6,AUTOROUTE A 63,44.77966,-0.63982
201500049150,14,9,15,16,1,33,249,1,1,2,6,ROCADE A 630,44.88481,-0.51526
201500049151,15,9,15,11,1,33,90,1,1,3,2,AUTOROUTE A 63,44.7683,-0.66643
201500049152,16,9,15,14,1,33,281,1,1,8,1,ROCADE A 630,44.81511,-0.67283
201500049153,17,9,15,2,5,33,487,1,1,1,2,AUTOROUTE A 10,44.93858,-0.46668
201500049154,17,9,15,8,1,33,63,1,1,2,4,ROCADE A 630,44.88601,-0.56544
201500049155,17,9,15,8,1,33,162,1,1,2,1,ROCADE A 630,44.87121,-0.64249
201500049156,17,9,15,22,3,33,318,1,1,1,4,ROCADE A 630,44.80204,-0.65869
201500049157,19,9,15,5,3,33,550,1,1,2,6,ROCADE A 630,44.77805,-0.55634
201500049158,19,9,15,6,5,33,192,1,1,2,6,ROCADE A 630,44.78969,-0.6056
201500049159,22,9,15,7,2,33,192,1,1,2,3,AUTOROUTE A 63,44.78155,-0.63529
201500049160,23,9,15,20,5,33,65,1,1,1,5,ROUTE NATIONALE 230,44.8145,-0.52076
201500049161,25,9,15,16,1,33,13,1,1,1,3,ROUTE NATIONALE 230,44.84785,-0.503
201500049162,27,9,15,16,1,33,192,1,1,1,6,ROCADE A 630,44.78963,-0.60516
201500049163,29,9,15,9,1,33,162,1,1,1,2,ROCADE A 630,44.87791,-0.6305
201500049164,29,9,15,11,1,33,318,1,1,1,5,ROCADE A 630,44.7881,-0.6326
201500049165,29,9,15,17,1,33,119,1,1,1,2,ROUTE NATIONALE 230,44.86547,-0.50383
201500049166,30,9,15,7,2,33,39,1,1,1,4,ROUTE NATIONALE 230,44.80323,-0.5332
201500049167,30,9,15,9,1,33,65,1,1,1,2,ROUTE NATIONALE 230,44.81464,-0.52075
201500049168,1,10,15,8,1,33,550,1,1,1,6,ROCADE A 630,44.78098,-0.58028
201500049169,1,10,15,10,1,33,90,1,1,1,2,AUTOROUTE A 63,44.77213,-0.6577
201500049170,2,10,15,9,1,33,318,1,1,1,2,ROCADE A 630,44.80655,-0.66599
201500049171,3,10,15,6,5,33,487,1,1,3,6,AUTOROUTE A 10,44.9527,-0.4587
201500049172,5,10,15,7,5,33,90,1,1,2,6,AUTOROUTE A 63,44.77247,-0.65671
201500049173,6,10,15,4,5,33,366,1,1,1,6,AUTOROUTE A 10,44.98612,-0.42741
201500049174,6,10,15,16,1,33,192,1,1,1,5,ROCADE A 630,44.78945,-0.61681
201500049175,7,10,15,9,1,33,63,1,1,2,4,ROCADE A 630,44.88225,-0.54895
201500049176,9,10,15,13,1,33,249,1,1,1,7,ROUTE NATIONALE 230,44.88043,-0.51027
201500049177,8,10,15,19,2,33,192,1,1,1,3,ROCADE A 630,44.78935,-0.61687
201500049178,9,10,15,21,3,33,119,1,1,1,6,ROUTE NATIONALE 230,44.85056,-0.50422
201500049179,12,10,15,9,1,33,318,1,1,1,4,ROCADE A 630,44.80562,-0.66447
201500049180,13,10,15,9,1,33,65,1,1,1,7,ROUTE NATIONALE 230,44.80974,-0.52447
201500049181,14,10,15,7,2,33,65,1,1,1,5,ROUTE NATIONALE 230,44.80775,-0.52662
201500049182,15,10,15,8,1,33,75,1,1,1,6,ROCADE A 630,44.88999,-0.61549
201500049183,16,10,15,17,1,33,167,1,1,1,4,ROUTE NATIONALE 230,44.83396,-0.50019
201500049184,16,10,15,19,1,33,281,1,1,1,3,ROCADE A 630,44.8275,-0.6752
201500049185,19,10,15,3,3,33,366,1,1,1,2,AUTOROUTE A 10,44.9906,-0.42721
201500049186,20,10,15,8,1,33,75,1,1,1,3,ROCADE A 630,44.88905,-0.61862
201500049187,20,10,15,17,1,33,63,1,1,1,1,ROCADE A 630,44.88192,-0.54733
201500049188,22,10,15,9,1,33,65,1,1,2,6,ROUTE NATIONALE 230,44.80752,-0.52698
201500049189,22,10,15,17,1,33,80,1,1,1,2,AUTOROUTE A 62,44.74624,-0.53915
201500049190,23,10,15,15,1,33,281,1,1,1,4,ROCADE A 630,44.84083,-0.67417
201500049191,26,10,15,14,1,33,39,1,1,1,3,ROCADE A 630,44.79632,-0.53869
201500049192,26,10,15,16,1,33,318,1,1,1,4,ROCADE A 630,44.78822,-0.63073
201500049193,26,10,15,17,2,33,75,1,1,1,4,ROCADE A 630,44.88881,-0.59335
201500049194,27,10,15,8,1,33,318,1,1,1,6,ROCADE A 630,44.80167,-0.65809
201500049195,27,10,15,8,1,33,90,1,1,1,2,AUTOROUTE A 63,44.76311,-0.67519
201500049196,27,10,15,11,1,33,550,1,1,2,4,ROCADE A 630,44.77749,-0.56199
201500049197,28,10,15,18,5,33,318,1,1,1,7,AUTOROUTE A 63,44.78718,-0.62494
201500049198,28,10,15,23,5,33,63,1,1,1,6,ROCADE A 630,44.88203,-0.54792
201500049199,31,10,15,23,3,33,75,1,1,1,2,ROCADE A 630,44.88823,-0.58515
201500049200,31,10,15,23,5,33,318,1,1,1,6,ROCADE A 630,44.79557,-0.65138
201500049201,1,11,15,19,5,33,63,1,1,1,6,ROCADE A 630,44.8817,-0.54615
201500049202,2,11,15,4,3,33,122,1,1,1,6,AUTOROUTE A 63,44.74588,-0.70181
201500049203,2,11,15,7,1,33,487,1,1,1,4,AUTOROUTE A 10,44.95117,-0.46124
201500049204,2,11,15,7,1,33,162,1,1,1,5,ROCADE A 630,44.86784,-0.64825
201500049205,4,11,15,20,3,33,90,1,1,1,6,AUTOROUTE A 63,44.76159,-0.67761
201500049206,6,11,15,20,3,33,249,1,1,1,2,ROUTE NATIONALE 230,44.891,-0.51014
201500049207,8,11,15,18,2,33,39,1,1,1,4,ROCADE A 631,44.80733,-0.53201
201500049208,9,11,15,2,5,33,119,1,1,1,6,ROUTE NATIONALE 230,44.86692,-0.50421
201500049209,8,11,15,20,5,33,487,1,1,1,3,AUTOROUTE A 10,44.94828,-0.46422
201500049210,11,11,15,18,3,33,162,1,1,1,2,ROCADE A 630,44.87115,-0.64258
201500049211,12,11,15,14,1,33,550,1,1,1,5,ROCADE A 630,44.77974,-0.57471
201500049212,13,11,15,16,1,33,162,1,1,2,6,ROCADE A 630,44.87458,-0.63662
201500049213,13,11,15,16,1,33,281,1,1,2,6,ROCADE A 630,44.85213,-0.66619
201500049214,13,11,15,18,5,33,550,1,1,2,3,ROCADE A 630,44.78191,-0.58381
201500049215,13,11,15,21,5,33,122,1,1,2,2,AUTOROUTE A 63,44.74676,-0.70034
201500049216,14,11,15,16,1,33,39,1,1,1,7,ROCADE A 631,44.80613,-0.53192
201500049217,16,11,15,5,3,33,90,1,1,1,6,AUTOROUTE A 63,44.76395,-0.674
201500049218,16,11,15,7,3,33,448,1,1,1,7,AUTOROUTE A 62,44.71327,-0.51649
201500049219,18,11,15,17,2,33,75,1,1,2,3,ROCADE A 630,44.88094,-0.62554
201500049220,19,11,15,8,2,33,535,1,1,2,3,ROUTE NATIONALE 230,44.83177,-0.50076
201500049221,19,11,15,8,1,33,550,1,1,2,7,ROCADE A 630,44.77853,-0.55374
201500049222,20,11,15,15,1,33,167,1,1,8,3,ROUTE NATIONALE 230,44.83537,-0.49985
201500049223,21,11,15,10,1,33,63,1,1,2,6,ROCADE A 630,44.8834,-0.55506
201500049224,25,11,15,21,5,33,39,1,1,2,6,ROCADE A 630,44.79673,-0.53841
201500049225,26,11,15,5,5,33,249,1,1,2,6,ROUTE NATIONALE 230,44.8696,-0.5052
201500049226,26,11,15,10,1,33,167,1,1,8,1,ROUTE NATIONALE 230,44.82152,-0.51605
201500049227,26,11,15,17,4,33,167,1,1,1,5,ROUTE NATIONALE 230,44.84399,-0.50161
201500049228,29,11,15,8,2,33,119,1,1,1,6,ROUTE NATIONALE 230,44.86438,-0.50394
201500049229,29,11,15,19,5,33,3,1,1,2,6,AUTOROUTE A 10,44.92741,-0.47108
201500049230,30,11,15,12,1,33,318,1,1,1,3,AUTOROUTE A 63,44.48718,-0.62494
201500049231,30,11,15,12,1,33,39,1,1,1,3,ROCADE A 630,44.47573,-0.53841
201500049232,1,12,15,7,3,33,75,1,1,5,2,ROCADE A 630,44.89004,-0.61124
201500049233,1,12,15,9,1,33,487,1,1,5,5,AUTOROUTE A 10,44.94744,-0.46467
201500049234,3,12,15,8,1,33,75,1,1,5,1,ROCADE A 630,44.88623,-0.62141
201500049235,5,12,15,15,1,33,397,1,1,1,5,AUTOROUTE A 10,44.91669,-0.47751
201500049236,7,12,15,7,5,33,487,1,1,1,5,AUTOROUTE A 10,44.95053,-0.46212
201500049237,7,12,15,8,2,33,249,1,1,1,3,ROCADE A 630,44.87988,-0.53672
201500049238,7,12,15,13,1,33,162,1,1,1,6,ROCADE A 630,44.87326,-0.63892
201500049239,8,12,15,18,3,33,162,1,1,1,6,ROCADE A 630,44.87231,-0.64059
201500049240,10,12,15,8,1,33,281,1,1,1,3,ROCADE A 630,44.85752,-0.66241
201500049241,10,12,15,9,1,33,63,1,1,1,4,ROCADE A 630,44.88245,-0.55014
201500049242,10,12,15,18,3,33,318,1,1,1,1,ROCADE A 630,44.79096,-0.64747
201500049243,10,12,15,18,5,33,397,1,1,1,3,AUTOROUTE A 10,44.90412,-0.4928
201500049244,10,12,15,21,3,33,143,1,1,1,7,AUTOROUTE A 10,44.96422,-0.44406
201500049245,11,12,15,20,5,33,65,1,1,1,3,ROUTE NATIONALE 230,44.81106,-0.52215
201500049246,12,12,15,13,1,33,63,1,1,1,4,ROCADE A 630,44.88214,-0.54848
201500049247,12,12,15,17,2,33,397,1,1,1,6,AUTOROUTE A 10,44.90939,-0.4892
201500049248,13,12,15,11,1,33,63,1,1,1,6,ROCADE A 630,44.88318,-0.55393
201500049249,14,12,15,8,1,33,550,1,1,1,2,ROCADE A 630,44.77759,-0.55969
201500049250,16,12,15,8,1,33,162,1,1,1,2,ROCADE A 630,44.88004,-0.62704
201500049251,17,12,15,6,5,33,3,1,1,1,4,AUTOROUTE A 10,44.92332,-0.47369
201500049252,17,12,15,10,1,33,63,1,1,1,2,ROCADE A 630,44.88081,-0.54142
201500049253,17,12,15,16,1,33,65,1,1,1,4,ROUTE NATIONALE 230,44.80917,-0.52445
201500049254,17,12,15,19,4,33,39,1,1,1,2,ROCADE A 630,44.79409,-0.53968
201500049255,10,12,15,19,3,33,39,1,1,1,4,ROCADE A 630,44.80382,-0.53255
201500049256,18,12,15,16,1,33,192,1,1,1,3,AUTOROUTE A 63,44.78553,-0.62814
201500049257,18,12,15,19,5,33,39,1,1,1,2,ROCADE A 630,44.79834,-0.53726
201500049258,19,12,15,11,1,33,65,1,1,1,6,ROUTE NATIONALE 230,44.81003,-0.5232
201500049259,20,12,15,20,3,33,75,1,1,2,6,ROCADE A 630,44.88954,-0.60395
201500049260,1,1,15,7,2,69,123,2,1,1,6,"65, RUE FRANCOIS GENIN",45.7564,4.79242
201500049261,11,1,15,18,5,69,385,2,1,1,1,"48, RUE DE TRION",0.0,0.0
201500049262,13,1,15,13,1,69,385,2,1,1,3,"6, RUE DE L ANTIQUAILLE",45.7653,4.83035
201500049263,16,1,15,18,5,69,385,2,1,3,6,"84, RUE COMMANDANT CHARC",45.753,4.79692
201500049264,19,1,15,22,5,69,385,2,1,2,3,"40, RUE COMMANDANT CHARC",45.7713,4.80198
201500049265,22,1,15,16,1,69,385,2,1,1,6,"59, RUE DES AQUEDUCS",45.7635,4.78872
201500049266,27,1,15,6,5,69,385,2,1,2,2,CHEMIN DE CHOULANS,45.7526,4.81136
201500049267,28,1,15,18,5,69,385,1,1,2,7,"31, RUE FRANCOIS GENIN",45.753,4.79692
201500049268,2,2,15,19,5,69,385,2,9,1,7,"14, AVENUE DU POINT DU J",0.0,0.0
201500049269,4,2,15,8,1,69,385,2,1,1,3,RUE COMMANDANT CHARCOT,0.0,0.0
201500049270,5,2,15,13,1,69,385,2,1,4,3,"12 Bis, QUAI DES ETROITS",0.0,0.0
201500049271,13,2,15,16,1,69,385,2,1,1,1,CHEMIN DE CHOULANS,0.0,0.0
201500049272,2,3,15,7,1,69,385,2,1,2,6,"185, CHEMIN DE CHOULANS",0.0,0.0
201500049273,6,3,15,15,1,69,385,2,1,1,6,"55, MONTEE DU CHEMIN NEU",0.0,0.0
201500049274,8,3,15,8,1,69,385,2,2,1,3,AVENUE GENERAL EISENHOWE,0.0,0.0
201500049275,12,3,15,13,1,69,385,2,2,1,3,RUE DOCTEUR EDMOND LOCAR,0.0,0.0
201500049276,1,1,15,4,3,67,124,1,1,1,3,Autoroute A.35,0.0,0.0
201500049277,31,12,15,12,1,67,152,1,1,8,3,Route Nationale 83,0.0,0.0
201500049278,7,1,15,13,1,67,482,1,1,1,2,Autoroute A.35,0.0,0.0
201500049279,31,12,15,18,3,67,482,1,1,1,4,Autoroute A.35,0.0,0.0
201500049280,12,1,15,13,1,67,389,1,1,1,5,Autoroute A.4,0.0,0.0
201500049281,16,12,15,18,3,67,309,1,1,2,4,Autoroute A.4,48.64396,7.73199
201500049282,15,1,15,9,1,67,482,1,1,1,3,Autoroute A.35,0.0,0.0
201500049283,10,3,15,19,3,67,482,1,1,2,4,N.4 Contournement Sud,0.0,0.0
201500049284,15,3,15,10,1,67,43,1,1,1,4,Autoroute A.4,0.0,0.0
201500049285,26,3,15,20,4,67,482,1,1,8,2,Autoroute A.35,0.0,0.0
201500049286,8,4,15,1,3,67,218,1,1,1,6,Autoroute A.35,0.0,0.0
201500049287,21,5,15,9,1,67,152,1,1,1,4,Autoroute A.35,0.0,0.0
201500049288,28,5,15,8,1,67,152,1,1,1,4,Autoroute A.35,0.0,0.0
201500049289,4,6,15,17,1,67,482,1,1,1,2,Autoroute A.351,0.0,0.0
201500049290,12,5,15,17,1,67,482,1,1,1,3,Autoroute A.35,48.5758,7.72794
201500049291,1,6,15,7,1,67,389,1,1,1,5,Autoroute A.4,48.6488,7.73408
201500049292,11,6,15,15,1,67,482,1,1,1,2,Autoroute A.35,48.5926,7.73833
201500049293,18,6,15,13,1,67,482,1,1,2,6,N.4 Contournement Sud,48.5706,7.73
201500049294,22,6,15,14,1,67,482,1,1,1,3,Autoroute A.35,48.5797,7.72453
201500049295,1,7,15,8,1,67,218,1,1,1,4,Autoroute A.35,48.5484,7.72992
201500049296,8,7,15,16,1,67,218,1,1,1,4,R.N. 353,0.0,0.0
201500049297,8,7,15,19,1,67,447,1,1,1,3,Autoroute A.4,0.0,0.0
201500049298,19,7,15,8,1,67,365,1,1,1,6,Autoroute A.35,0.0,0.0
201500049299,13,8,15,11,1,67,482,1,1,1,2,Autoroute A.35,48.5654,7.73292
201500049300,16,8,15,16,1,67,482,1,1,1,4,Autoroute A.35,0.0,0.0
201500049301,18,8,15,15,1,67,482,1,1,1,4,Autoroute A.35,48.5805,7.72427
201500049302,1,9,15,15,1,67,482,1,1,2,3,Autoroute A.35,0.0,0.0
201500049303,3,9,15,18,1,67,482,1,1,1,2,Autoroute A.35,0.0,0.0
201500049304,8,9,15,13,1,67,482,1,1,1,5,Autoroute A.35,0.0,0.0
201500049305,27,8,15,18,1,67,152,1,1,1,2,Autoroute A.35,0.0,0.0
201500049306,17,9,15,12,1,67,482,1,1,3,7,Route Nationale 2350,0.0,0.0
201500049307,1,10,15,14,1,67,482,1,1,1,3,Autoroute A.35,0.0,0.0
201500049308,2,10,15,10,1,67,482,1,1,1,2,Autoroute A.35,0.0,0.0
201500049309,7,10,15,17,1,67,482,1,1,1,4,Autoroute A.35,0.0,0.0
201500049310,6,10,15,18,2,67,482,1,1,1,2,N.4 Contournement Sud,0.0,0.0
201500049311,9,10,15,16,1,67,137,1,1,1,6,R.N. 353,0.0,0.0
201500049312,24,9,15,21,3,67,482,1,1,1,3,Autoroute A.35,0.0,0.0
201500049313,13,10,15,17,1,67,152,1,1,1,2,Autoroute A.35,0.0,0.0
201500049314,19,10,15,18,2,67,482,1,1,1,4,Autoroute A.35,0.0,0.0
201500049315,22,10,15,6,3,67,482,1,1,1,3,Autoroute A.35,0.0,0.0
201500049316,26,10,15,12,1,67,152,1,1,1,4,Autoroute A.35,0.0,0.0
201500049317,29,10,15,9,1,67,482,1,1,8,6,N.4 CONTOURNEMENT-SUD,48.5706,7.72972
201500049318,4,11,15,15,1,67,482,1,1,1,2,Autoroute A.35,0.0,0.0
201500049319,3,11,15,12,1,67,365,1,1,1,3,Autoroute A.35,0.0,0.0
201500049320,19,11,15,8,1,67,118,1,1,1,2,Autoroute A.351,0.0,0.0
201500049321,24,11,15,18,3,67,482,1,1,8,4,Autoroute A.351,0.0,0.0
201500049322,3,12,15,14,1,67,447,1,1,1,3,Autoroute A.4,0.0,0.0
201500049323,8,12,15,10,1,67,482,1,1,1,3,Autoroute A.35,0.0,0.0
201500049324,14,12,15,17,2,67,482,1,1,1,2,Route Nationale 2350,0.0,0.0
201500049325,12,12,15,8,1,67,482,1,1,1,6,Autoroute A.351,48.5853,7.72364
201500049326,5,12,15,17,3,67,482,1,1,1,4,Autoroute A.35,0.0,0.0
201500049327,16,12,15,19,4,67,152,1,1,1,4,Route Nationale 83,0.0,0.0
201500049328,7,11,15,16,1,67,389,1,1,1,2,Autoroute A.4,0.0,0.0
201500049329,8,1,15,18,5,54,547,1,1,1,6,Autoroute A 330,48.65902,6.18636
201500049330,16,1,15,17,2,54,578,1,1,1,4,Autoroute A 33,48.65945,6.12571
201500049331,24,2,15,8,1,54,304,1,1,1,4,Autoroute A 33,48.67503,6.12087
201500049332,7,3,15,16,1,54,123,1,1,1,2,Autoroute A 33,48.64677,6.14225
201500049333,16,4,15,6,2,54,123,1,1,1,6,Autoroute A 33,48.64633,6.14246
201500049334,10,4,15,21,3,54,232,1,1,1,2,Autoroute A 31,48.68779,5.96426
201500049335,20,4,15,18,1,54,232,1,1,1,3,Autoroute A 31,48.68922,5.98157
201500049336,14,4,15,22,3,54,320,1,1,1,6,Autoroute A 31,48.85754,6.09012
201500049337,7,5,15,18,1,54,547,1,1,1,2,Autoroute A 330,48.65672,6.18483
201500049338,14,5,15,12,1,54,304,1,1,2,2,Autoroute A 31,48.69434,6.11718
201500049339,10,5,15,22,3,54,115,1,1,1,5,Autoroute A 31,48.72988,6.16149
201500049340,4,6,15,23,3,54,547,1,1,1,7,Autoroute A33,48.64671,6.13978
201500049341,15,5,15,18,1,54,157,1,1,1,5,Autoroute A 31,48.85529,6.08529
201500049342,26,6,15,22,3,54,483,1,1,1,7,Autoroute A 33,48.61697,6.28524
201500049343,1,7,15,12,1,54,528,1,1,1,3,Autoroute A 31,48.65564,5.89043
201500049344,5,7,15,5,2,54,232,1,1,1,2,Autoroute A 31,48.68861,6.01125
201500049345,15,7,15,12,1,54,232,1,1,1,2,Autoroute A 31,48.68089,5.94075
201500049346,30,7,15,15,1,54,345,1,1,1,7,Autoroute A33,48.61735,6.27895
201500049347,31,7,15,1,3,54,60,1,1,1,7,Autoroute A 31,48.82233,6.10366
201500049348,30,8,15,6,2,54,27,1,1,1,2,Autoroute A 31,48.92101,6.10972
201500049349,26,8,15,14,1,54,167,1,9,1,6,Autoroute A 31,48.66175,5.91114
201500049350,16,9,15,22,3,54,459,1,1,3,6,Autoroute A 330,0.0,0.0
201500049351,7,9,15,9,1,54,122,1,1,1,3,Autoroute A 31,48.6592,5.90814
201500049352,24,9,15,9,1,54,547,1,1,1,2,Autoroute A 33,48.6483,6.13528
201500049353,21,9,15,8,1,54,328,1,1,1,6,Autoroute A 330,48.61722,6.17978
201500049354,14,9,15,8,1,54,115,1,1,7,2,Autoroute A 31,48.69415,6.09809
201500049355,29,9,15,8,1,54,265,1,1,1,4,Autoroute A 33,48.6356,6.17256
201500049356,20,10,15,5,4,54,357,1,1,1,6,Autoroute A 31,0.0,0.0
201500049357,22,10,15,17,1,54,357,1,1,2,2,Autoroute A 31,0.0,0.0
201500049358,23,11,15,9,1,54,150,1,1,3,4,Autoroute A 31,48.7822,6.14419
201500049359,23,11,15,17,5,54,90,1,1,1,2,Autoroute A 31,48.74824,6.15592
201500049360,4,12,15,18,1,54,115,1,1,1,4,Autoroute  A33,0.0,0.0
201500049361,13,11,15,18,3,54,304,1,1,1,4,Autoroute A 33,48.64863,6.13536
201500049362,4,12,15,19,3,54,462,1,1,1,4,Autoroute A 33,0.0,0.0
201500049363,2,1,15,20,4,57,463,1,1,2,7,Autoroute A31,0.0,0.0
201500049364,22,12,15,10,1,57,672,1,1,1,2,Autoroute A31,0.0,0.0
201500049365,13,1,15,7,3,57,356,1,1,1,3,Autoroute A31,0.0,0.0
201500049366,20,1,15,17,2,57,343,1,1,1,4,Autoroute A31,0.0,0.0
201500049367,5,2,15,3,3,57,146,1,1,1,7,Autoroute A31,0.0,0.0
201500049368,15,2,15,5,3,57,137,1,1,1,1,Autoroute A31,0.0,0.0
201500049369,21,2,15,11,1,57,356,1,1,1,1,Autoroute A31,0.0,0.0
201500049370,12,3,15,7,2,57,463,1,1,1,4,Autoroute A31 10 6.2,0.0,0.0
201500049371,27,3,15,21,3,57,751,1,1,1,2,Autoroute A31,0.0,0.0
201500049372,1,4,15,8,1,57,303,1,1,1,4,Autoroute A31,0.0,0.0
201500049373,19,3,15,10,1,57,463,1,1,1,3,Autoroute A31,0.0,0.0
201500049374,25,4,15,2,3,57,452,1,1,1,2,Autoroute A31,0.0,0.0
201500049375,3,5,15,7,1,57,672,1,1,2,2,Autoroute A31,0.0,0.0
201500049376,5,5,15,15,1,57,663,1,1,1,5,Autoroute A31,49.23797,6.1808
201500049377,8,5,15,14,1,57,206,1,1,1,7,Autoroute A30,0.0,0.0
201500049378,7,5,15,17,1,57,663,1,1,1,2,Autoroute A31,49.23355,6.17933
201500049379,13,5,15,15,1,57,452,1,1,1,3,Autoroute A31,0.0,0.0