Num_Acc,jour,mois,an,hr,condition_eclairage,departement,commune,condition_agglomeration,intersection,condition_atmosphere,type_collision,adresse,lattitude,longitude
201500049380,19,5,15,17,1,57,672,1,1,1,4,Autoroute A31,49.35008,6.14863
201500049381,17,6,15,17,1,57,96,1,1,1,2,Autoroute A30,49.40039,5.93991
201500049382,19,6,15,18,1,57,303,1,1,1,3,Autoroute A31,49.20444,6.1748
201500049383,24,6,15,7,1,57,757,1,1,1,4,Autoroute A31,0.0,0.0
201500049384,28,6,15,23,3,57,452,1,1,1,2,Autoroute A31,49.2908,6.3015
201500049385,2,7,15,4,3,57,663,1,1,1,2,Autoroute A31,49.22765,7.1787
201500049386,5,7,15,1,3,57,487,1,1,1,2,Autoroute A31,49.08284,6.10607
201500049387,13,7,15,13,1,57,487,1,1,1,2,Autoroute A31,49.0993,6.12669
201500049388,11,7,15,16,1,57,672,1,1,1,7,Autoroute A31,49.39214,6.10986
201500049389,28,7,15,11,1,57,764,1,1,1,6,Autoroute A31,49.47198,6.1214
201500049390,31,7,15,16,1,57,487,1,1,1,2,Autoroute A31,49.09561,6.11741
201500049391,15,9,15,3,3,57,416,1,1,1,7,Autoroute A31,48.9854,6.10541
201500049392,22,9,15,11,1,57,445,1,1,2,7,Autoroute A31,48.99663,6.10492
201500049393,4,10,15,4,3,57,663,1,1,1,5,A31 CRS 49.15 6.1,0.0,0.0
201500049394,5,10,15,0,3,57,582,1,1,1,7,Autoroute A31,49.28764,6.17208
201500049395,26,10,15,17,1,57,672,1,1,1,3,Autoroute A31,49.36575,6.10669
201500049396,28,10,15,19,2,57,303,1,1,3,2,Autoroute A31,49.20013,6.17025
201500049397,2,11,15,21,3,57,480,1,1,1,1,"A31 CRS 49.102,6.1343",0.0,0.0
201500049398,4,11,15,3,3,57,303,1,1,5,3,Autoroute A31,0.0,0.0
201500049399,12,11,15,9,1,57,764,1,1,1,2,Autoroute A31,49.47208,6.12163
201500049400,17,11,15,7,3,57,67,1,1,3,2,Autoroute A31,49.31435,6.18265
201500049401,28,11,15,15,1,57,480,1,1,1,4,Autoroute A31,49.10942,6.1534
201500049402,8,12,15,12,1,57,672,1,1,1,4,Autoroute A31,49.38563,6.10785
201500049403,8,12,15,9,1,57,672,1,1,5,5,Autoroute A31,49.39131,6.10963
201500049404,12,12,15,6,3,57,343,1,1,2,3,Autoroute A31,0.0,0.0
201500049405,13,12,15,15,1,57,206,1,1,1,6,Autoroute A30,0.0,0.0
201500049406,29,12,15,22,3,57,447,1,1,1,6,RN 431,49.05171,6.15126
201500049407,9,1,15,10,1,69,387,2,1,1,6,"0, BOULEVARD JULES CARTE",45.7259,4.84868
201500049408,14,1,15,18,5,69,387,2,2,1,3,RUE PASTEUR,45.7387,4.84113
201500049409,21,1,15,14,1,69,387,2,1,2,7,"20, RUE DE LA MADELEINE",45.7387,4.84113
201500049410,24,1,15,20,5,69,387,2,1,8,3,"36, RUE FELIX BRUN",45.7344,4.82732
201500049411,24,1,15,12,1,69,387,2,1,4,2,"0, BOULEVARD CHAMBAUD DE",45.7259,4.84868
201500049412,27,1,15,21,5,69,387,2,2,1,3,"0, RUE PROFESSEUR GRIGNA",45.7387,4.84113
201500049413,27,1,15,19,5,69,387,2,2,1,3,RUE SAINT MICHEL,45.7387,4.84113
201500049414,31,1,15,0,5,69,387,2,2,1,3,"0, AVENUE DEBOURG",0.0,0.0
201500049415,5,2,15,7,1,69,387,2,1,1,3,"35, AVENUE DEBOURG",0.0,0.0
201500049416,2,2,15,14,1,69,387,2,1,1,6,PLACE JEAN MACE,0.0,0.0
201500049417,4,2,15,10,1,69,387,2,2,8,3,"0, RUE BANCEL",0.0,0.0
201500049418,6,2,15,12,1,69,387,2,1,1,3,"20, RUE PRE GAUDRY",0.0,0.0
201500049419,11,2,15,17,1,69,387,2,1,1,6,"131 BIS, RUE SEBASTIEN G",0.0,0.0
201500049420,18,2,15,4,5,69,387,2,1,1,6,"0, AVENUE TONY GARNIER",0.0,0.0
201500049421,17,2,15,15,1,69,387,2,1,1,2,"66, BOULEVARD DES TCHECO",0.0,0.0
201500049422,17,2,15,19,5,69,387,2,2,1,6,"9, RUE DU BRIGADIER VOIT",0.0,0.0
201500049423,17,2,15,11,1,69,387,2,2,1,3,"0, RUE PASTEUR",0.0,0.0
201500049424,21,2,15,21,5,69,387,2,2,1,3,"1, RUE JABOULAY",0.0,0.0
201500049425,20,2,15,14,1,69,387,2,1,1,3,BOULEVARD CHAMBAUD DE LA,0.0,0.0
201500049426,25,2,15,11,1,69,387,2,4,1,3,"0, AVENUE JEAN FRANCOIS",0.0,0.0
201500049427,1,3,15,18,5,69,387,2,1,2,4,"0, BOULEVARD CHAMBAUD DE",0.0,0.0
201500049428,2,3,15,13,1,69,387,2,1,1,3,"16, QUAI CLAUDE BERNARD",0.0,0.0
201500049429,4,3,15,18,2,69,387,2,1,1,7,"0, RUE DE SURVILLE",0.0,0.0
201500049430,6,3,15,11,1,69,387,2,2,1,3,"1, AVENUE BERTHELOT",0.0,0.0
201500049431,12,3,15,8,1,69,387,2,1,1,6,RUE DE MARSEILLE,0.0,0.0
201500049432,2,3,15,9,1,69,387,2,1,1,2,"4, RUE CROIX BARRET",0.0,0.0
201500049433,6,3,15,18,5,69,387,2,2,1,6,"0, QUAI CLAUDE BERNARD",0.0,0.0
201500049434,13,3,15,12,1,69,387,2,3,1,3,RUE ELIE ROCHETTE,0.0,0.0
201500049435,14,3,15,12,1,69,387,2,3,1,3,"0, AVENUE BERTHELOT",0.0,0.0
201500049436,6,1,15,10,1,69,388,2,1,1,2,"103, BOULEVARD DES ETATS",45.7286,4.86769
201500049437,7,1,15,19,5,69,387,2,1,1,6,"170, RUE CHALLEMEL LACOU",45.7284,4.8509
201500049438,10,1,15,14,1,69,388,2,1,1,6,"0, AVENUE JEAN MERMOZ",0.0,0.0
201500049439,16,1,15,21,5,69,388,2,2,2,3,"0, RUE HENRI BARBUSSE",45.7284,4.8509
201500049440,18,1,15,0,5,69,388,2,1,2,2,RUE PIERRE DELORE,45.7284,4.8509
201500049441,16,1,15,20,5,69,388,2,1,3,6,"87, RUE JEAN SARRAZIN",45.7286,4.86769
201500049442,19,1,15,7,1,69,388,2,3,2,6,"0, IMPASSE DE LA BAUDETT",45.7345,4.86005
201500049443,22,1,15,21,5,69,388,2,2,2,3,COURS ALBERT THOMAS,45.7402,4.87747
201500049444,21,1,15,22,5,69,388,2,1,2,3,"23, AVENUE DE PRESSENSE",45.7286,4.86769
201500049445,23,1,15,14,1,69,388,2,1,1,6,"14, RUE DU BOCAGE",45.7315,4.86992
201500049446,30,1,15,18,5,69,388,2,1,1,3,"128, AVENUE PAUL SANTY",45.7286,4.86769
201500049447,1,2,15,1,5,69,388,2,1,2,4,"109, RUE MARIUS BERLIET",0.0,0.0
201500049448,5,2,15,7,1,69,388,2,1,1,6,"0, RUE MARIUS BERLIET",0.0,0.0
201500049449,28,1,15,17,5,69,388,2,2,2,3,"0, RUE DE L EPARGNE",0.0,0.0
201500049450,3,2,15,17,1,69,388,2,1,1,6,AVENUE DE L EUROPE,0.0,0.0
201500049451,5,2,15,13,1,69,388,2,1,1,2,"18, AVENUE ROCKEFELLER",0.0,0.0
201500049452,10,2,15,7,2,69,388,2,1,1,2,BOULEVARD DES ETATS UNIS,0.0,0.0
201500049453,11,2,15,6,5,69,388,2,1,1,6,"87, BOULEVARD DES ETATS",0.0,0.0
201500049454,15,2,15,4,5,69,388,2,1,1,6,"105, COURS ALBERT THOMAS",0.0,0.0
201500049455,20,2,15,15,1,69,388,2,2,1,3,RUE SANTOS DUMONT,0.0,0.0
201500049456,20,2,15,16,1,69,388,2,1,1,6,"95, AVENUE DE L EUROPE",0.0,0.0
201500049457,23,2,15,15,1,69,388,2,2,1,3,"0, RUE PIERRE DELORE",0.0,0.0
201500049458,21,2,15,7,2,69,388,2,1,2,4,"0, RUE MARIUS BERLIET",0.0,0.0
201500049459,24,2,15,12,1,69,388,2,1,1,2,"116, RUE PROFESSEUR BEAU",0.0,0.0
201500049460,26,2,15,11,1,69,388,2,1,1,3,"19, RUE SAINT MAURICE",0.0,0.0
201500049461,28,2,15,19,5,69,388,2,1,1,2,"10, AVENUE PAUL SANTY",0.0,0.0
201500049462,4,3,15,19,5,69,388,2,2,1,3,"120, RUE HENRI BARBUSSE",0.0,0.0
201500049463,5,3,15,11,1,69,388,2,1,1,6,"5, RUE GENERAL ANDRE",0.0,0.0
201500049464,13,3,15,9,1,69,388,2,1,1,6,"0, RUE PROFESSEUR JOSEPH",0.0,0.0
201500049465,13,3,15,13,1,69,388,2,2,1,6,BOULEVARD DES ETATS UNIS,0.0,0.0
201500049466,26,12,15,17,2,42,218,1,1,1,4,A72,45.45098,4.41896
201500049467,19,1,15,11,1,42,186,1,1,3,4,A47,45.5307,4.61526
201500049468,19,1,15,15,1,42,218,1,1,2,1,A72,45.45803,4.4077
201500049469,31,1,15,15,1,42,218,1,1,8,2,RN88,45.4222,4.41274
201500049470,12,2,15,15,1,42,110,1,1,1,6,A47,45.49401,4.55332
201500049471,15,2,15,17,1,42,44,1,9,4,6,RN88,45.39289,4.32296
201500049472,20,2,15,20,3,42,218,1,1,1,2,A72,45.45341,4.41507
201500049473,5,3,15,20,3,42,207,1,1,1,2,RN88 CROISSANT,45.46464,4.4952
201500049474,6,3,15,21,3,42,330,1,1,1,3,A72,45.47499,4.35998
201500049475,6,4,15,18,1,42,218,1,1,1,2,A72,45.45114,4.41871
201500049476,10,4,15,17,1,42,218,1,1,1,4,RN88,45.41616,4.40544
201500049477,18,4,15,3,3,42,218,1,1,1,2,RN88,45.41101,4.39815
201500049478,27,4,15,17,1,42,95,1,1,2,2,RN88,45.39112,4.28582
201500049479,2,5,15,16,1,42,307,1,1,1,4,A47,45.54916,4.67623
201500049480,9,5,15,7,1,69,91,1,1,1,3,A47,0.0,0.0
201500049481,12,5,15,8,1,42,218,1,1,1,2,RN88,0.0,0.0
201500049482,14,5,15,8,1,42,44,1,1,1,6,RN88,45.39517,4.33619
201500049483,14,5,15,20,2,42,44,1,1,3,4,RN88,45.39363,4.32588
201500049484,28,5,15,9,1,42,44,1,1,1,2,RN88,45.39339,4.32476
201500049485,8,6,15,4,3,42,95,1,1,1,6,RN88,45.39224,4.29537
201500049486,5,6,15,17,1,42,183,1,1,1,4,RN88,45.40229,4.37128
201500049487,10,6,15,21,2,69,252,1,1,1,5,A47,45.54365,4.66331
201500049488,13,6,15,6,2,42,218,1,1,1,6,A72,45.46392,4.38238
201500049489,18,7,15,6,2,42,207,1,1,2,6,RN88 DECROISSANT,45.46358,4.49405
201500049490,25,7,15,7,1,42,183,1,1,1,2,RN88,45.39787,4.35713
201500049491,4,8,15,9,1,42,97,1,1,1,6,A72,45.50706,4.30292
201500049492,22,8,15,9,1,42,44,1,1,1,6,RN88,45.39664,4.34994
201500049493,2,9,15,15,1,42,97,1,1,1,2,A72,45.48318,4.33712
201500049494,1,9,15,16,1,42,218,1,1,1,2,RN88,45.43687,4.43786
201500049495,6,9,15,2,3,42,5,1,1,1,6,A72,45.52742,4.28582
201500049496,9,9,15,21,3,69,91,1,1,1,3,A47,45.58937,4.76353
201500049497,21,10,15,18,1,42,218,1,1,1,2,A72,45.46522,4.37963
201500049498,30,10,15,21,3,69,91,1,1,1,2,A47,45.58385,4.74792
201500049499,3,11,15,22,5,42,218,1,1,1,2,RN88,45.43341,4.42344
201500049500,4,11,15,8,1,42,218,1,1,1,2,RN88,45.42007,4.41002
201500049501,7,11,15,14,1,42,218,1,1,1,4,RN88,45.41552,4.40461
201500049502,19,11,15,13,1,42,330,1,1,1,2,A72,45.47578,4.35862
201500049503,25,11,15,0,3,42,237,1,1,2,6,RN88,45.442,4.46204
201500049504,14,12,15,15,1,42,207,1,1,1,3,RN88 CROISSANT,45.46352,4.49386
201500049505,25,11,15,22,3,42,237,1,1,2,5,RN88,45.44713,4.46853
201500049506,18,12,15,16,1,42,218,1,1,1,6,RN88,45.43659,4.44083
201500049507,27,12,15,1,3,69,91,1,1,1,1,A47,45.58982,4.77556
201500049508,16,12,15,13,1,42,207,1,1,1,2,RN88 DECROISSANT,45.45972,4.48662
201500049509,27,12,15,19,3,42,207,1,1,1,3,A47,45.47956,4.50075
201500049510,29,12,15,13,1,42,110,1,1,1,6,A47,45.49432,4.54566
201500049511,21,12,15,14,1,69,29,1,1,2,6,RD383   7.640 A 11.044,0.0,0.0
201500049512,22,11,15,18,5,69,266,1,1,3,5,RD383 2.321 A 3.750,0.0,0.0
201500049513,4,1,15,2,3,38,544,1,1,2,7,A7   25.770 A 27.460,45.54083,4.85522
201500049514,4,1,15,18,5,10,248,1,1,1,6,A46N   14.305 A 17.210,0.0,0.0
201500049515,5,1,15,5,3,69,297,1,1,1,2,A7   15.770 A 20.110,45.6259,4.81579
201500049516,7,1,15,22,3,69,275,1,1,1,6,RN346   29.300 A 34.350,45.7638,4.98503
201500049517,7,1,15,16,1,69,72,1,1,1,2,A6   445.323 A 447.390,45.8076,4.76917
201500049518,8,1,15,9,1,69,290,1,1,1,2,A43   3.865 A 9.894,45.6976,4.97734
201500049519,11,1,15,8,1,69,235,1,1,8,3,A7   27.460 A 28.860,45.5398,4.85575
201500049520,13,1,15,12,1,69,29,1,1,1,5,A43   0.550 A 3.353,45.7278,4.90718
201500049521,14,1,15,15,1,69,290,1,1,1,6,A43   3.865 A 9.894,45.7227,4.93055
201500049522,16,1,15,14,1,69,297,1,1,3,3,A7   15.770 A 20.110,45.6055,4.80014
201500049523,14,1,15,13,1,69,152,1,1,1,6,A7   4.270 A 7.000,45.7116,4.82451
201500049524,14,1,15,15,1,69,296,1,1,1,6,A7   10.992 A 13.970,45.6539,4.83847
201500049525,19,1,15,14,1,69,29,1,1,2,7,RD383   7.640 A 11.044,45.7346,4.90151
201500049526,19,1,15,20,3,69,266,1,1,3,7,RD383   3.750 A 7.640,45.7587,4.90901
201500049527,19,1,15,18,5,69,276,1,1,2,4,BUS (RD301)   0.000 A 2.,45.6839,4.85463
201500049528,16,1,15,17,1,69,81,1,1,2,2,BPNL   34.000 A 34.614,45.6468,4.40285
201500049529,22,1,15,7,5,69,276,1,1,2,7,A7   8.630 A 10.992,45.6823,4.84722
201500049530,22,1,15,13,1,69,259,1,1,1,3,RD383   11.0044 A 11.460,45.7229,4.88913
201500049531,22,1,15,14,1,10,275,1,1,1,6,A42  4.020 A 4.353   GEN,0.0,0.0
201500049532,21,1,15,11,1,69,40,1,1,2,7,A6   447.520 A 448.490,45.8019,4.7724
201500049533,24,1,15,17,2,69,29,1,1,1,4,A43   0.550 A 3.353,45.7278,4.90718
201500049534,25,1,15,8,1,69,282,1,1,1,6,RD302   0.400 A 4.620,45.7528,5.01507
201500049535,20,1,15,18,4,69,290,1,1,1,5,A43   3.865 A 9.894,45.7056,4.96013
201500049536,27,1,15,9,1,69,282,1,1,2,7,RD302   0.400 A 4.620,45.7609,5.03151
201500049537,27,1,15,10,1,69,256,1,1,1,7,A42     0.560 A 4.020,45.8057,4.9249
201500049538,29,1,15,14,1,69,256,1,1,2,7,A42     0.560 A 4.020,45.8057,4.9249
201500049539,29,1,15,13,1,69,244,1,1,3,7,A6   451.640 A 451.790,45.7715,4.79016
201500049540,31,1,15,16,1,69,256,1,1,2,7,A42     0.560 A 4.020,45.8057,4.9249
201500049541,2,2,15,5,3,38,184,1,1,2,6,A43   15.971 A 18.875,45.65748,5.08178
201500049542,30,1,15,8,1,69,276,1,1,1,4,BUS (RD301)   0.000 A 2.,45.6843,4.85554
201500049543,3,2,15,9,1,69,382,1,1,1,2,A7   0.000 A 2.278,0.0,0.0
201500049544,6,2,15,18,3,69,272,1,1,1,4,A46S   57.400 A 61.010,0.0,0.0
201500049545,8,2,15,18,5,69,142,1,1,1,6,A7   2.278 A 3.690,0.0,0.0
201500049546,9,2,15,17,1,69,152,1,1,1,7,A7   4.270 A 7.000,0.0,0.0
201500049547,7,2,15,6,3,69,204,1,1,1,2,A450   1.740 A 5.100,0.0,0.0
201500049548,10,2,15,21,3,69,296,1,1,1,7,A7   10.992 A 13.970,0.0,0.0
201500049549,11,2,15,0,4,69,152,1,1,1,2,A7   4.270 A 7.000,0.0,0.0
201500049550,7,2,15,15,1,69,29,1,1,1,2,RD383   7.640 A 11.044,0.0,0.0
201500049551,8,2,15,5,5,69,286,1,1,1,2,A46N   19.955 A 25.180,0.0,0.0
201500049552,5,2,15,7,1,69,100,1,1,1,4,A450   1.090 A 1.740,0.0,0.0
201500049553,17,2,15,7,1,69,199,1,1,1,4,RD383   14.250 A 18.000,0.0,0.0
201500049554,18,2,15,21,3,69,294,1,1,1,2,A7   13.970 A 15.270,0.0,0.0
201500049555,22,2,15,20,3,38,184,1,1,1,5,A43   15.971 A 18.875,45.65617,5.08633
201500049556,20,2,15,22,3,10,275,1,1,1,2,A42 4.329 A 5.760   LYON,0.0,0.0
201500049557,23,2,15,14,1,69,385,1,1,1,2,A6   453.400 A 455.000,0.0,0.0
201500049558,21,2,15,9,1,69,235,1,1,3,6,A7   27.460 A 28.860,0.0,0.0
201500049559,24,2,15,18,2,69,297,1,1,1,2,A46S   61.220 A 62.000,0.0,0.0
201500049560,23,2,15,13,1,69,256,1,1,1,6,A42     0.560 A 4.020,0.0,0.0
201500049561,27,2,15,10,1,69,29,1,1,2,7,RD383   7.640 A 11.044,0.0,0.0
201500049562,20,2,15,18,2,38,449,1,1,1,4,A43   18.875 A 21.100,45.65244,5.10494
201500049563,1,3,15,14,1,69,256,1,1,1,7,A42     0.560 A 4.020,0.0,0.0
201500049564,1,3,15,10,1,69,256,1,1,2,6,A42     0.560 A 4.020,0.0,0.0
201500049565,27,2,15,12,1,69,29,1,1,2,3,RD383   7.640 A 11.044,0.0,0.0
201500049566,2,3,15,15,1,69,297,1,1,1,3,A47   0.000  A 1.657,0.0,0.0
201500049567,2,3,15,20,3,69,273,1,1,1,2,BUS (RD301)   4.470 A 7.,0.0,0.0
201500049568,2,3,15,17,1,69,34,1,1,1,2,BPNL   37.781 A 41.124,0.0,0.0
201500049569,3,3,15,17,1,69,388,1,1,1,4,RD383   11.460 A 11.750,0.0,0.0
201500049570,6,3,15,8,1,69,385,1,1,1,5,Tunnel sous fourvière,0.0,0.0
201500049571,6,3,15,14,1,69,297,1,1,1,2,A47   0.000  A 1.657,0.0,0.0
201500049572,7,3,15,14,1,69,259,1,1,1,3,BUS (RD301)  2.800 A 4.4,0.0,0.0
201500049573,7,3,15,19,3,69,72,1,1,1,5,A6   445.323 A 447.390,0.0,0.0
201500049574,7,3,15,23,3,10,376,1,1,1,6,A42   8.310 A 9.500,0.0,0.0
201500049575,8,3,15,20,5,69,271,1,1,1,7,RN346   38.000 A 38.960,0.0,0.0
201500049576,11,3,15,8,1,69,290,1,1,8,2,A46S   40.883 A 43.680,0.0,0.0
201500049577,12,3,15,16,1,69,199,1,1,1,7,RD383   14.250 A 18.000,0.0,0.0
201500049578,14,3,15,15,1,69,72,1,1,1,5,A6   445.323 A 447.390,0.0,0.0
201500049579,14,3,15,15,1,69,297,1,1,1,7,A7   15.770 A 20.110,0.0,0.0
201500049580,13,3,15,19,5,69,382,1,1,1,2,A7   0.000 A 2.278,0.0,0.0
201500049581,18,3,15,12,1,69,259,1,1,1,6,BUS (RD301)  2.800 A 4.4,0.0,0.0
201500049582,18,3,15,8,1,69,204,1,1,1,6,A450   1.740 A 5.100,0.0,0.0
201500049583,10,3,15,23,3,69,276,1,1,1,2,A7   8.630 A 10.992,0.0,0.0
201500049584,15,3,15,5,3,69,297,1,1,1,6,A7   15.770 A 20.110,0.0,0.0
201500049585,20,3,15,14,1,69,297,1,1,1,3,A47   0.000  A 1.657,0.0,0.0
201500049586,21,3,15,18,5,69,29,1,1,2,7,RD383   7.640 A 11.044,0.0,0.0
201500049587,21,3,15,22,3,69,199,1,1,1,5,A7   7.000 A 8.630,0.0,0.0
201500049588,22,3,15,9,1,10,424,1,1,2,7,A432N 0.485 A 6.500,0.0,0.0
201500049589,23,3,15,20,5,69,266,1,1,1,4,RD383   3.750 A 7.640,0.0,0.0
201500049590,29,3,15,22,3,69,81,1,1,2,4,A6   448.490 A 449.450,0.0,0.0
201500049591,20,3,15,18,2,69,256,1,1,1,2,A42     0.560 A 4.020,0.0,0.0
201500049592,27,3,15,7,2,69,34,1,1,8,7,BPNL   37.781 A 41.124,0.0,0.0
201500049593,30,3,15,16,1,69,29,1,1,1,5,RD383   7.640 A 11.044,0.0,0.0
201500049594,30,3,15,12,1,69,29,1,1,1,6,RD383   7.640 A 11.044,0.0,0.0
201500049595,30,3,15,11,1,69,5,1,1,2,6,A46N   0.000 A 2.930,0.0,0.0
201500049596,29,3,15,19,1,69,288,1,4,2,5,A43   13.029 A 15.971,0.0,0.0
201500049597,18,3,15,7,1,69,199,1,1,1,6,RD383   14.250 A 18.000,0.0,0.0
201500049598,3,4,15,16,1,69,296,1,1,1,2,A7   10.992 A 13.970,0.0,0.0
201500049599,4,4,15,5,3,69,5,1,1,2,7,A46N   0.000 A 2.930,0.0,0.0
201500049600,6,4,15,12,1,69,385,1,1,1,4,A6   453.400 A 455.000,0.0,0.0
201500049601,7,4,15,16,1,69,256,1,1,1,2,A42     0.560 A 4.020,0.0,0.0
201500049602,7,4,15,16,1,69,72,1,1,1,2,A6   445.323 A 447.390,0.0,0.0
201500049603,7,4,15,18,1,69,199,1,1,1,4,A7   7.000 A 8.630,0.0,0.0
201500049604,8,4,15,16,1,69,72,1,1,1,2,A6   445.323 A 447.390,0.0,0.0
201500049605,10,4,15,8,1,69,266,1,1,1,2,RD383 2.321 A 3.750,0.0,0.0
201500049606,10,4,15,18,1,69,81,1,1,1,2,BPNL   34.000 A 34.614,0.0,0.0
201500049607,15,4,15,7,1,69,199,1,1,1,2,RD383   14.250 A 18.000,0.0,0.0
201500049608,17,4,15,20,5,38,449,1,1,2,6,A43   18.875 A 21.100,45.65445,5.09567
201500049609,18,4,15,6,2,69,9,1,1,8,4,A6   428.880 A 431.800,0.0,0.0
201500049610,19,4,15,10,1,69,199,1,1,1,5,RD383   14.250 A 18.000,0.0,0.0
201500049611,19,4,15,0,3,69,125,1,1,1,6,A6   437.840 A 439.400,0.0,0.0
201500049612,20,4,15,6,2,10,275,1,1,1,6,A42   4.353 A 5.760   GE,0.0,0.0
201500049613,20,4,15,22,3,69,287,1,1,1,3,A43   9.894 A 13.029,0.0,0.0
201500049614,21,4,15,7,1,69,152,1,1,1,4,A7   4.270 A 7.000,0.0,0.0
201500049615,21,4,15,10,1,69,382,1,1,1,4,A7   0.000 A 2.278,0.0,0.0
201500049616,21,4,15,10,1,69,297,1,1,1,3,A47   0.000  A 1.657,0.0,0.0
201500049617,23,4,15,16,1,69,266,1,1,1,5,RD383   3.750 A 7.640,0.0,0.0
201500049618,20,4,15,17,1,69,296,1,1,1,6,A7   10.992 A 13.970,0.0,0.0
201500049619,20,4,15,19,1,69,29,1,1,1,2,A43   0.550 A 3.353,0.0,0.0
201500049620,25,4,15,8,1,10,275,1,1,1,6,A42   4.353 A 5.760   GE,0.0,0.0
201500049621,22,4,15,18,1,69,7,1,1,1,1,A7   31.960 A 32.870,0.0,0.0
201500049622,25,4,15,23,3,69,256,1,1,2,6,A42     0.560 A 4.020,0.0,0.0
201500049623,25,4,15,18,1,69,29,1,1,2,2,A43   0.550 A 3.353,0.0,0.0
201500049624,25,4,15,18,1,69,266,1,1,2,7,A42   0.000 A 0.560,0.0,0.0
201500049625,16,4,15,20,3,69,297,1,1,1,3,A47   0.000  A 1.657,0.0,0.0
201500049626,27,4,15,20,2,69,29,1,1,8,3,RD383   7.640 A 11.044,0.0,0.0
201500049627,17,4,15,13,1,38,449,1,1,1,4,A43   18.875 A 21.100,0.0,0.0
201500049628,27,4,15,9,1,69,116,1,1,1,2,A6   442.500 A 445.030,0.0,0.0
201500049629,27,4,15,17,1,10,49,1,1,1,6,A432N 9.125 A 9.900,0.0,0.0
201500049630,9,4,15,18,1,69,142,1,1,1,6,A7   2.278 A 3.690,0.0,0.0
201500049631,2,5,15,10,1,69,256,1,1,1,3,RN346  S/N   25.686 A 29,0.0,0.0
201500049632,1,5,15,17,1,10,424,1,1,3,6,A432N 0.485 A 6.500,0.0,0.0
201500049633,2,5,15,19,1,69,266,1,1,2,7,A42   0.000 A 0.560,0.0,0.0
201500049634,3,5,15,5,4,69,81,1,1,2,2,A6   449.510 A 451.640,0.0,0.0
201500049635,29,4,15,17,1,10,238,1,1,1,3,A46N   7.065 A 9.020,0.0,0.0
201500049636,30,4,15,9,1,69,259,1,1,1,3,RD383   11.750 A 14.250,0.0,0.0
201500049637,4,5,15,11,1,69,382,1,1,1,2,A6   455.000 A 455.875,0.0,0.0
201500049638,8,5,15,3,1,38,87,1,1,1,1,A7   20.110 A 22.950,0.0,0.0
201500049639,8,5,15,19,1,69,256,1,1,2,6,A42     0.560 A 4.020,0.0,0.0
201500049640,12,5,15,8,1,69,276,1,1,1,7,BUS (RD301)   0.000 A 2.,0.0,0.0
201500049641,12,5,15,21,5,69,382,1,1,1,2,A7   0.000 A 2.278,0.0,0.0
201500049642,4,5,15,18,1,69,81,1,1,1,3,A6   449.510 A 451.640,0.0,0.0
201500049643,13,5,15,19,1,69,256,1,1,1,4,A42     0.560 A 4.020,0.0,0.0
201500049644,14,5,15,20,2,10,249,1,1,3,6,A42   6.290 A 8.310,0.0,0.0
201500049645,14,5,15,11,1,69,72,1,1,1,4,A6   445.323 A 447.390,0.0,0.0
201500049646,12,5,15,17,1,69,286,1,1,1,3,A46N   19.955 A 25.180,0.0,0.0
201500049647,15,5,15,19,1,69,256,1,1,2,6,A42     0.560 A 4.020,0.0,0.0
201500049648,30,4,15,14,1,69,204,1,1,1,7,A450   1.740 A 5.100,0.0,0.0
201500049649,18,5,15,0,3,10,275,1,1,1,7,A42  4.020 A 4.353   GEN,0.0,0.0
201500049650,18,5,15,16,1,38,87,1,1,1,4,A7   20.110 A 22.950,0.0,0.0
201500049651,20,5,15,15,1,69,297,1,1,1,3,A47   0.000  A 1.657,0.0,0.0
201500049652,21,5,15,23,5,69,256,1,1,1,6,RD383   1.893 A 2.321,0.0,0.0
201500049653,16,5,15,18,1,69,29,1,1,1,7,A43   0.550 A 3.353,0.0,0.0
201500049654,23,5,15,22,5,69,142,1,1,1,7,A7   2.278 A 3.690,0.0,0.0
201500049655,20,5,15,19,1,69,389,1,1,2,2,A6   451.790 A 453.400,0.0,0.0
201500049656,27,5,15,9,1,69,382,1,1,1,2,A7   0.000 A 2.278,0.0,0.0
201500049657,29,5,15,18,1,69,259,1,1,1,7,BUS (RD301)  2.800 A 4.4,0.0,0.0
201500049658,29,5,15,17,1,69,297,1,1,1,2,A47   0.000  A 1.657,0.0,0.0
201500049659,31,5,15,20,1,10,249,1,1,1,5,A42   6.290 A 8.310,0.0,0.0
201500049660,2,6,15,8,1,69,275,1,1,1,2,RN346   29.300 A 34.350,0.0,0.0
201500049661,31,5,15,12,1,69,272,1,1,1,3,A46S   57.400 A 61.010,0.0,0.0
201500049662,1,6,15,14,1,69,115,1,1,1,6,A6   427.300 A 428.640,0.0,0.0
201500049663,5,6,15,0,5,69,5,1,1,1,6,A46N   0.000 A 2.930,0.0,0.0