Num_Acc,jour,mois,an,hr,condition_eclairage,departement,commune,condition_agglomeration,intersection,condition_atmosphere,type_collision,adresse,lattitude,longitude
201500049664,4,6,15,10,1,69,81,1,1,1,2,A6   449.510 A 451.640,0.0,0.0
201500049665,4,6,15,17,1,69,152,1,1,1,3,A7   4.270 A 7.000,0.0,0.0
201500049666,4,6,15,17,1,69,152,1,9,1,3,A7   4.270 A 7.000,0.0,0.0
201500049667,3,6,15,9,1,69,276,1,1,1,4,BUS (RD301)   0.000 A 2.,0.0,0.0
201500049668,6,6,15,19,1,69,5,1,1,1,6,A46N   0.000 A 2.930,0.0,0.0
201500049669,7,6,15,21,1,69,256,1,1,1,2,A42     0.560 A 4.020,0.0,0.0
201500049670,7,6,15,2,3,69,287,1,1,2,6,A43   9.894 A 13.029,0.0,0.0
201500049671,26,6,15,12,1,69,81,1,1,1,7,A6   449.510 A 451.640,0.0,0.0
201500049672,7,6,15,6,1,69,266,1,1,1,7,RD383   1.165 A 1.893,0.0,0.0
201500049673,5,6,15,16,1,69,272,1,1,1,4,A46S   57.400 A 61.010,0.0,0.0
201500049674,4,6,15,18,1,69,256,1,1,1,3,A42     0.560 A 4.020,0.0,0.0
201500049675,8,6,15,8,1,69,142,1,1,1,3,A7   2.278 A 3.690,0.0,0.0
201500049676,11,6,15,9,1,69,194,1,1,1,2,BPNL   36.285 A 36.318,0.0,0.0
201500049677,25,4,15,9,1,69,290,1,9,1,6,RN346   38.960 A 40.883,0.0,0.0
201500049678,13,6,15,1,5,69,266,1,1,2,2,RD383   3.750 A 7.640,0.0,0.0
201500049679,7,4,15,19,1,69,266,1,1,1,2,RD383   3.750 A 7.640,0.0,0.0
201500049680,13,6,15,15,1,69,271,1,1,1,5,RN346   34.850 A 36.215,0.0,0.0
201500049681,14,6,15,5,2,69,286,1,1,2,7,A46N   S/N   25.680 A 25,0.0,0.0
201500049682,3,6,15,19,1,69,256,1,1,1,3,A42     0.560 A 4.020,0.0,0.0
201500049683,15,6,15,7,1,69,297,1,1,8,3,A47   0.000  A 1.657,0.0,0.0
201500049684,11,6,15,17,1,69,199,1,1,1,4,A7   7.000 A 8.630,0.0,0.0
201500049685,13,6,15,12,1,69,281,1,1,1,7,A46S   49.160 A 53.980,0.0,0.0
201500049686,16,6,15,20,1,69,256,1,1,2,6,A42     0.560 A 4.020,0.0,0.0
201500049687,15,6,15,17,1,69,199,1,1,1,4,A7   7.000 A 8.630,0.0,0.0
201500049688,19,6,15,17,1,69,29,1,1,1,7,A43   0.550 A 3.353,0.0,0.0
201500049689,20,6,15,14,1,69,72,1,1,1,4,A6   445.323 A 447.390,0.0,0.0
201500049690,21,6,15,22,5,69,29,1,1,1,3,RD383   7.640 A 11.044,0.0,0.0
201500049691,22,6,15,16,1,69,34,1,1,1,6,BPNL   37.781 A 41.124,0.0,0.0
201500049692,19,6,15,13,1,69,382,1,1,1,2,A7   0.000 A 2.278,0.0,0.0
201500049693,22,7,15,21,1,69,34,1,1,2,3,RD383   0.000 A 1.165,0.0,0.0
201500049694,25,6,15,18,1,69,290,1,1,1,6,A43   3.865 A 9.894,0.0,0.0
201500049695,24,6,15,9,1,69,275,1,1,1,2,RN346   29.300 A 34.350,0.0,0.0
201500049696,25,6,15,10,1,69,275,1,1,1,2,RN346   29.300 A 34.350,0.0,0.0
201500049697,26,6,15,8,1,69,271,1,1,1,5,RD302   0.000 A 0.400,0.0,0.0
201500049698,26,6,15,8,1,10,275,1,1,1,4,A42   4.353 A 5.760   GE,0.0,0.0
201500049699,30,6,15,3,3,69,7,1,1,1,7,A7   31.960 A 32.870,0.0,0.0
201500049700,26,6,15,18,1,10,249,1,1,1,6,A42   6.290 A 8.310,0.0,0.0
201500049701,3,7,15,21,3,69,199,1,1,1,7,RD383   14.250 A 18.000,0.0,0.0
201500049702,1,7,15,13,1,69,29,1,1,1,3,A43   0.550 A 3.353,0.0,0.0
201500049703,6,7,15,17,1,69,29,1,1,1,4,RD383   7.640 A 11.044,0.0,0.0
201500049704,6,7,15,17,1,69,297,1,1,1,2,A7   15.770 A 20.110,0.0,0.0
201500049705,3,7,15,19,1,69,297,1,1,1,4,A47   0.000  A 1.657,0.0,0.0
201500049706,6,7,15,17,1,38,87,1,1,1,6,A7   20.110 A 22.950,0.0,0.0
201500049707,4,7,15,9,1,69,290,1,1,1,6,A46S   40.883 A 43.680,0.0,0.0
201500049708,30,6,15,19,1,69,282,1,4,1,5,RN346   34.350 A 34.850,0.0,0.0
201500049709,7,7,15,18,1,69,290,1,1,1,4,A46S   40.883 A 43.680,0.0,0.0
201500049710,19,6,15,15,1,69,275,1,1,1,2,RN346   29.300 A 34.350,0.0,0.0
201500049711,15,7,15,12,1,69,72,1,1,1,2,A6   445.323 A 447.390,0.0,0.0
201500049712,12,7,15,18,1,69,5,1,1,1,7,A46N   0.000 A 2.930,0.0,0.0
201500049713,18,7,15,18,1,69,297,1,1,3,6,A47   0.000  A 1.657,0.0,0.0
201500049714,19,7,15,17,1,69,272,1,1,1,6,A46S   57.400 A 61.010,0.0,0.0
201500049715,22,7,15,8,1,69,199,1,9,1,2,RD383   14.250 A 18.000,0.0,0.0
201500049716,23,7,15,12,1,69,385,1,1,1,3,A6   453.400 A 455.000,0.0,0.0
201500049717,21,7,15,18,1,10,376,1,1,1,5,A42   8.310 A 9.500,0.0,0.0
201500049718,21,7,15,7,1,69,277,1,1,1,2,RN346   36.215 A 38.000,0.0,0.0
201500049719,23,7,15,15,1,69,29,1,1,1,3,RD383   7.640 A 11.044,0.0,0.0
201500049720,30,7,15,15,1,69,290,1,1,1,4,A43   3.865 A 9.894,0.0,0.0
201500049721,24,7,15,19,1,10,249,1,1,3,2,A42     5.760 A 6.180,0.0,0.0
201500049722,31,7,15,13,1,69,199,1,1,1,6,A7   7.000 A 8.630,0.0,0.0
201500049723,22,7,15,22,4,69,256,1,1,1,3,RN346  S/N   25.686 A 29,0.0,0.0
201500049724,8,8,15,10,1,69,297,1,1,1,3,A7   15.770 A 20.110,0.0,0.0
201500049725,12,8,15,20,1,69,244,1,1,1,3,A6   451.640 A 451.790,0.0,0.0
201500049726,13,8,15,11,1,38,487,1,1,1,6,A7   22.950 A 25.770,0.0,0.0
201500049727,13,8,15,16,1,69,382,1,1,2,4,A7   0.000 A 2.278,0.0,0.0
201500049728,9,8,15,1,3,10,275,1,1,2,6,A42   4.353 A 5.760   GE,0.0,0.0
201500049729,18,7,15,19,1,69,290,1,1,2,7,A43   3.865 A 9.894,0.0,0.0
201500049730,17,8,15,11,1,69,9,1,1,1,5,A6   428.880 A 431.800,0.0,0.0
201500049731,10,7,15,22,5,38,544,1,1,1,2,N407   0.000 A 2.331,0.0,0.0
201500049732,6,8,15,14,1,69,29,1,1,1,2,RD383   7.640 A 11.044,0.0,0.0
201500049733,19,8,15,9,1,69,29,1,1,1,7,RD383   7.640 A 11.044,0.0,0.0
201500049734,20,8,15,3,3,69,278,1,1,1,4,A46N   9.020 A 11.650,0.0,0.0
201500049735,22,8,15,14,1,69,266,1,1,1,3,RD383   3.750 A 7.640,0.0,0.0
201500049736,23,8,15,16,1,69,266,1,1,2,7,RD383   3.750 A 7.640,0.0,0.0
201500049737,24,8,15,13,1,69,266,1,1,1,7,RD383   3.750 A 7.640,0.0,0.0
201500049738,23,8,15,16,1,69,142,1,1,1,6,A7   2.278 A 3.690,0.0,0.0
201500049739,24,8,15,23,3,69,294,1,1,1,7,A7   13.970 A 15.270,0.0,0.0
201500049740,25,8,15,11,1,69,27,1,1,1,3,A450   5.100 A 7.285,0.0,0.0
201500049741,22,7,15,18,1,69,29,1,1,1,1,RD383   7.640 A 11.044,0.0,0.0
201500049742,28,8,15,6,1,69,271,1,1,1,5,RD302   0.000 A 0.400,0.0,0.0
201500049743,29,8,15,1,5,69,29,1,1,1,1,RD383   7.640 A 11.044,0.0,0.0
201500049744,27,8,15,23,5,69,29,1,1,1,2,RD383   7.640 A 11.044,0.0,0.0
201500049745,30,8,15,4,5,69,256,1,1,1,7,A42     0.560 A 4.020,0.0,0.0
201500049746,28,8,15,10,1,69,199,1,1,1,3,RD383   14.250 A 18.000,0.0,0.0
201500049747,14,8,15,6,1,69,266,1,1,2,2,RD383   3.750 A 7.640,0.0,0.0
201500049748,27,8,15,17,1,69,272,1,1,1,2,A46S   57.400 A 61.010,0.0,0.0
201500049749,28,8,15,16,1,69,281,1,1,1,2,A46S   49.160 A 53.980,0.0,0.0
201500049750,31,8,15,5,3,69,34,1,1,1,6,BPNL   37.781 A 41.124,0.0,0.0
201500049751,1,9,15,4,4,10,275,1,1,1,6,A42 4.329 A 5.760   LYON,0.0,0.0
201500049752,5,9,15,3,4,69,275,1,1,1,2,RN346   29.300 A 34.350,0.0,0.0
201500049753,6,9,15,20,4,69,199,1,1,1,2,A7   7.000 A 8.630,0.0,0.0
201500049754,23,7,15,19,1,69,290,1,1,1,2,A46S   40.883 A 43.680,0.0,0.0
201500049755,4,9,15,15,1,69,72,1,1,1,1,A6   445.323 A 447.390,0.0,0.0
201500049756,11,9,15,16,1,69,259,1,1,1,7,RD383   11.750 A 14.250,0.0,0.0
201500049757,12,9,15,21,3,69,277,1,9,3,3,RN346   36.215 A 38.000,0.0,0.0
201500049758,12,9,15,21,4,69,266,1,1,3,7,RD383   3.750 A 7.640,0.0,0.0
201500049759,14,9,15,0,3,69,297,1,1,3,3,A7   15.770 A 20.110,0.0,0.0
201500049760,14,9,15,0,3,69,389,1,1,3,2,A6   451.790 A 453.400,0.0,0.0
201500049761,14,9,15,6,5,69,199,1,1,2,6,RD383   14.250 A 18.000,0.0,0.0
201500049762,5,10,15,13,1,69,29,1,1,2,7,RD383   7.640 A 11.044,0.0,0.0
201500049763,16,9,15,20,3,69,163,1,1,6,5,A46N   2.930 A 7.065,0.0,0.0
201500049764,18,9,15,4,3,10,238,1,1,2,2,A46N   7.065 A 9.020,0.0,0.0
201500049765,18,9,15,9,1,69,34,1,1,9,2,RD383   0.000 A 1.165,0.0,0.0
201500049766,15,9,15,18,1,69,266,1,1,1,3,RD383   3.750 A 7.640,0.0,0.0
201500049767,19,9,15,2,5,69,34,1,1,1,1,RD383   0.000 A 1.165,0.0,0.0
201500049768,17,9,15,14,1,69,199,1,1,2,6,RD383   14.250 A 18.000,0.0,0.0
201500049769,20,9,15,17,1,38,487,1,1,1,3,A7   22.950 A 25.770,0.0,0.0
201500049770,4,9,15,16,1,69,259,1,1,1,5,RD383   11.750 A 14.250,0.0,0.0
201500049771,18,9,15,15,1,69,297,1,1,1,2,A7   15.770 A 20.110,0.0,0.0
201500049772,7,7,15,13,1,69,266,1,1,1,2,RD383 2.321 A 3.750,0.0,0.0
201500049773,17,9,15,16,1,69,266,1,1,1,2,RD383   3.750 A 7.640,0.0,0.0
201500049774,4,10,15,1,4,69,297,1,1,8,6,A7   15.770 A 20.110,0.0,0.0
201500049775,25,9,15,8,1,38,184,1,1,1,7,A43   15.971 A 18.875,45.65656,5.08485
201500049776,26,9,15,12,1,69,388,1,1,1,3,RD383   0.000 A 1.165,0.0,0.0
201500049777,27,9,15,6,5,69,259,1,1,1,7,RD383   11.0044 A 11.460,0.0,0.0
201500049778,18,9,15,17,1,69,259,1,1,1,2,RD383   11.750 A 14.250,0.0,0.0
201500049779,28,9,15,20,2,69,152,1,1,1,7,A7   4.270 A 7.000,0.0,0.0
201500049780,1,10,15,8,1,69,266,1,1,1,4,RD383   3.750 A 7.640,0.0,0.0
201500049781,29,9,15,17,1,69,149,1,1,1,5,A7   3.690 A 4.270,0.0,0.0
201500049782,23,9,15,18,1,69,34,1,1,1,4,RD383   0.000 A 1.165,0.0,0.0
201500049783,3,10,15,19,5,69,276,1,1,3,4,A7   8.630 A 10.992,0.0,0.0
201500049784,8,10,15,8,1,69,275,1,1,1,4,RN346   29.300 A 34.350,0.0,0.0
201500049785,9,10,15,20,4,69,297,1,1,1,4,A47   0.000  A 1.657,0.0,0.0
201500049786,11,10,15,5,5,69,266,1,1,1,6,RD383   3.750 A 7.640,0.0,0.0
201500049787,12,10,15,16,1,69,266,1,1,1,5,RD383   1.165 A 1.893,0.0,0.0
201500049788,29,9,15,8,1,69,283,1,1,1,4,A46S   43.680 A 47.880,0.0,0.0
201500049789,10,10,15,10,1,69,276,1,1,1,7,BUS (RD301)   0.000 A 2.,0.0,0.0
201500049790,16,10,15,19,2,69,266,1,1,1,4,RD383   3.750 A 7.640,0.0,0.0
201500049791,24,10,15,14,1,69,27,1,1,1,1,A450   5.100 A 7.285,0.0,0.0
201500049792,8,10,15,5,3,69,275,1,1,1,4,RN346   29.300 A 34.350,0.0,0.0
201500049793,23,10,15,12,1,69,266,1,1,1,5,RD383   3.750 A 7.640,0.0,0.0
201500049794,26,10,15,18,5,69,290,1,1,1,4,A46S   40.883 A 43.680,0.0,0.0
201500049795,26,10,15,19,3,10,249,1,1,1,3,A42   6.290 A 8.310,0.0,0.0
201500049796,23,10,15,16,1,69,266,1,1,1,5,RD383   3.750 A 7.640,0.0,0.0
201500049797,23,10,15,14,1,69,275,1,1,1,5,RN346   29.300 A 34.350,0.0,0.0
201500049798,29,10,15,1,5,69,266,1,1,1,6,RD383   3.750 A 7.640,0.0,0.0
201500049799,28,10,15,17,1,69,256,1,1,1,7,A42     0.560 A 4.020,0.0,0.0
201500049800,12,10,15,18,1,69,273,1,1,1,3,BUS (RD301)   4.470 A 7.,0.0,0.0
201500049801,31,10,15,15,1,69,29,1,1,1,2,RD383   7.640 A 11.044,0.0,0.0
201500049802,2,11,15,17,5,69,259,1,1,1,4,RD383   11.750 A 14.250,0.0,0.0
201500049803,4,11,15,20,3,69,204,1,1,1,2,A450   1.740 A 5.100,0.0,0.0
201500049804,6,11,15,19,3,69,296,1,1,1,4,A7   10.992 A 13.970,0.0,0.0
201500049805,13,11,15,16,1,69,152,1,1,1,3,A7   4.270 A 7.000,0.0,0.0
201500049806,5,11,15,7,5,69,286,1,1,5,4,A46N   19.955 A 25.180,0.0,0.0
201500049807,13,11,15,18,3,69,29,1,1,1,4,A43   0.550 A 3.353,0.0,0.0
201500049808,15,11,15,5,5,69,382,1,1,1,2,A6   455.000 A 455.875,0.0,0.0
201500049809,7,10,15,15,1,69,256,1,1,1,6,A42     0.560 A 4.020,0.0,0.0
201500049810,21,11,15,2,3,69,256,1,1,3,2,RN346  S/N   25.686 A 29,0.0,0.0
201500049811,21,11,15,12,1,69,29,1,1,2,7,RD383   7.640 A 11.044,0.0,0.0
201500049812,22,11,15,9,1,10,376,1,9,8,1,A42   8.310 A 9.500,0.0,0.0
201500049813,23,11,15,7,2,38,336,1,1,1,6,A7   32.870 A 35.680,45.48562,4.83458
201500049814,16,11,15,7,3,69,204,1,1,1,7,A450   1.740 A 5.100,0.0,0.0
201500049815,22,11,15,18,3,69,266,1,1,2,4,RD383 2.321 A 3.750,0.0,0.0
201500049816,25,11,15,9,1,10,275,1,1,1,7,A46N 25.180 A 25.680,0.0,0.0
201500049817,25,11,15,14,1,10,275,1,1,2,6,A42  4.020 A 4.353   GEN,0.0,0.0
201500049818,26,11,15,1,3,69,152,1,1,1,3,A7   4.270 A 7.000,0.0,0.0
201500049819,5,12,15,15,1,69,290,1,1,1,4,A43   3.865 A 9.894,0.0,0.0
201500049820,6,12,15,6,5,69,382,1,1,1,2,,0.0,0.0
201500049821,8,12,15,9,1,69,294,1,1,1,3,A7   13.970 A 15.270,0.0,0.0
201500049822,11,12,15,2,4,69,276,1,9,1,7,,0.0,0.0
201500049823,13,12,15,18,3,69,72,1,1,1,4,A6   445.323 A 447.390,0.0,0.0
201500049824,13,12,15,19,4,69,286,1,1,1,3,A46N   19.955 A 25.180,0.0,0.0
201500049825,7,12,15,16,1,69,152,1,1,1,7,A7   4.270 A 7.000,0.0,0.0
201500049826,15,12,15,13,1,69,385,1,1,1,7,A6   453.400 A 455.000,0.0,0.0
201500049827,16,12,15,5,3,10,275,1,1,1,6,A42   4.353 A 5.760   GE,0.0,0.0
201500049828,12,12,15,19,3,69,9,1,1,1,7,A6   428.880 A 431.800,0.0,0.0
201500049829,17,12,15,17,5,69,29,1,1,1,4,RD383   7.640 A 11.044,0.0,0.0
201500049830,18,12,15,14,1,69,297,1,1,1,2,A47   0.000  A 1.657,0.0,0.0
201500049831,16,12,15,8,1,69,270,1,1,1,1,A46S   47.880 A 49.160,0.0,0.0
201500049832,23,12,15,23,5,69,152,1,1,1,2,A7   4.270 A 7.000,0.0,0.0
201500049833,27,12,15,10,1,69,286,1,1,1,4,A46N   19.955 A 25.180,0.0,0.0
201500049834,5,1,15,18,5,69,389,2,1,1,6,AVENUE SIDOINE APOLLINAI,45.7807,4.7938
201500049835,6,1,15,12,1,69,81,2,1,1,3,CHEMIN DES MOUILLES,0.0,0.0
201500049836,9,1,15,12,1,69,389,2,2,1,3,RUE GORGE DE LOUP,0.0,0.0
201500049837,13,1,15,16,1,69,389,2,1,1,6,"54, BOULEVARD DE LA DUCH",45.7861,4.79436
201500049838,28,1,15,17,1,69,81,2,1,1,3,RUE MARIETTON,0.0,0.0
201500049839,29,1,15,8,1,69,389,2,1,3,6,"39, AVENUE SIDOINE APOLL",0.0,0.0
201500049840,4,2,15,10,1,69,389,2,1,1,6,"131, RUE DE SAINT CYR",0.0,0.0
201500049841,10,2,15,18,5,69,389,2,1,1,6,"112, RUE DE SAINT CYR",0.0,0.0
201500049842,19,2,15,10,1,69,389,2,1,1,3,QUAI ARLOING,0.0,0.0
201500049843,26,2,15,15,1,69,389,2,1,1,6,"36, QUAI JAYR",0.0,0.0
201500049844,28,2,15,11,1,69,389,2,1,1,2,"519, AVENUE DE LA SAUVEG",0.0,0.0
201500049845,10,3,15,9,1,69,389,2,1,1,3,"77, RUE MARIETTON",0.0,0.0
201500049846,11,3,15,12,1,69,81,2,2,1,3,CHEMIN DU RANDIN,0.0,0.0
201500049847,11,3,15,15,1,69,389,2,1,1,3,BOULEVARD DE BALMONT,0.0,0.0
201500049848,14,3,15,15,1,69,389,2,1,8,6,"68, MONTEE DE L OBSERVAN",0.0,0.0
201500049849,2,1,15,13,1,83,137,1,1,1,5,A57,43.12447,5.96683
201500049850,7,1,15,15,1,83,137,1,1,1,4,A57,43.1325,5.98194
201500049851,13,1,15,3,3,83,47,1,1,1,7,A570,43.13319,6.05458
201500049852,17,1,15,23,3,83,137,1,1,1,2,A57,43.12419,5.96228
201500049853,20,1,15,8,1,83,137,1,1,2,7,A50,43.12527,5.90789
201500049854,20,1,15,17,1,83,144,1,1,2,4,A57,43.13366,5.98525
201500049855,22,1,15,9,1,83,129,1,1,1,4,A50,43.12019,5.84617
201500049856,24,1,15,12,1,83,144,1,1,1,3,A57,43.13416,5.98739
201500049857,31,1,15,20,3,83,35,1,1,1,6,A50,43.18472,5.76911
201500049858,8,2,15,5,5,83,144,1,1,1,3,A57,43.13525,5.99086
201500049859,9,2,15,14,1,83,112,1,1,1,6,A50,43.19611,5.70253
201500049860,13,2,15,16,1,83,123,1,1,1,2,A50,43.14508,5.78497
201500049861,15,2,15,1,3,83,47,1,1,1,2,A570,43.13169,6.06428
201500049862,16,2,15,7,1,83,144,1,1,2,7,A57,43.14316,6.01081
201500049863,17,2,15,18,2,83,27,1,1,1,2,A50,0.0,0.0
201500049864,19,2,15,9,1,83,144,1,1,1,4,A57,43.14263,6.00847
201500049865,26,2,15,8,1,83,137,1,1,1,2,A57,43.12219,5.95572
201500049866,27,2,15,10,1,83,47,1,1,2,6,A570,43.13169,6.06428
201500049867,1,3,15,20,5,83,137,1,2,1,3,A57,43.1323,5.98125
201500049868,7,3,15,5,3,83,62,1,1,1,2,A57,43.14586,6.03131
201500049869,2,4,15,16,1,83,137,1,1,1,2,A50 Voies de sortie du t,0.0,0.0
201500049870,4,4,15,17,1,83,69,1,1,1,7,A570,43.11563,6.11183
201500049871,8,4,15,15,1,13,28,1,1,1,6,A50**,0.0,0.0
201500049872,10,4,15,8,1,83,90,1,1,1,3,A50,43.12235,5.83002
201500049873,15,4,15,12,1,83,35,1,1,1,6,A50,43.19632,5.76196
201500049874,18,4,15,16,1,83,137,1,1,1,2,A57,43.12261,5.95772
201500049875,25,4,15,11,1,83,144,1,1,2,2,A57,43.13355,5.98531
201500049876,25,4,15,12,1,83,27,1,1,1,2,A50,43.193,5.68278
201500049877,25,4,15,22,3,83,69,1,1,1,6,A570,0.0,0.0
201500049878,7,5,15,13,1,83,137,1,1,1,2,A50,0.0,0.0
201500049879,9,5,15,2,3,83,144,1,1,1,6,A57,43.1405,6.00033
201500049880,10,5,15,5,3,13,28,1,1,1,7,A50 ***,0.0,0.0
201500049881,10,5,15,5,3,13,28,1,1,1,2,A50**,0.0,0.0
201500049882,15,5,15,7,1,83,137,1,1,1,6,A50,43.0736,5.53392
201500049883,21,5,15,9,1,83,129,1,1,1,5,A50,43.12039,5.84336
201500049884,4,6,15,7,1,83,144,1,1,1,2,A57,43.14113,6.00261
201500049885,5,6,15,19,1,83,144,1,1,1,4,A57,43.14032,5.99935
201500049886,9,6,15,18,1,83,144,1,1,1,3,A57,0.0,0.0
201500049887,15,6,15,13,1,83,137,1,1,1,2,avenue Mirasouléou,43.13383,5.98059
201500049888,17,6,15,12,1,83,137,1,9,1,2,ROUTE DE NICE/A57,0.0,0.0
201500049889,18,6,15,8,1,83,137,1,1,1,7,A57,43.12477,5.96727
201500049890,25,6,15,8,1,83,144,1,1,1,7,A57,43.14194,6.00576
201500049891,27,6,15,13,1,83,123,1,1,1,2,A50,43.14645,5.77196
201500049892,6,7,15,16,1,83,137,1,1,1,2,A50 Trémie Léon BOURGEOI,0.0,0.0
201500049893,18,7,15,4,5,83,137,1,1,1,2,A57,43.13027,5.979
201500049894,20,7,15,11,1,83,69,1,1,1,2,A570,0.0,0.0
201500049895,1,8,15,19,1,83,69,1,1,1,2,RN98,43.11427,6.11683
201500049896,4,8,15,17,1,83,27,1,1,1,2,A50,0.0,0.0
201500049897,16,8,15,6,5,83,137,1,1,1,2,A50 Voies d'accès au tun,0.0,0.0
201500049898,26,8,15,13,1,83,137,1,1,1,4,A57,0.0,0.0
201500049899,28,8,15,16,1,83,137,1,1,1,7,A50,43.12582,5.8979
201500049900,4,9,15,16,1,83,137,1,1,1,5,A57,43.12725,5.97474
201500049901,17,9,15,8,1,83,137,1,1,1,4,A57,43.12219,5.95573
201500049902,29,9,15,17,1,83,90,1,1,1,6,A50,43.12354,5.82815
201500049903,30,9,15,8,1,83,62,1,1,1,7,A57,43.14426,6.02727
201500049904,3,10,15,11,1,83,137,1,1,2,7,RN1050,43.12007,5.94906
201500049905,7,10,15,18,2,83,62,1,1,1,4,A57,43.14376,6.02058
201500049906,7,10,15,19,5,83,137,1,1,1,3,A50 VILLEVIEILLE/MARSEIL,0.0,0.0
201500049907,10,10,15,3,3,13,28,1,1,1,6,A50**,0.0,0.0
201500049908,10,10,15,7,2,83,90,1,1,1,3,A50,0.0,0.0
201500049909,19,10,15,15,1,83,137,1,1,1,4,A57,43.13294,5.98381
201500049910,19,10,15,21,3,83,144,1,1,1,2,A57,43.13739,5.99447
201500049911,23,10,15,16,1,13,28,1,1,1,6,A50**,0.0,0.0
201500049912,24,10,15,19,4,83,144,1,1,1,5,A57,43.14264,6.00846
201500049913,26,10,15,14,1,83,137,1,1,1,3,A57,43.12217,5.95574
201500049914,1,11,15,2,3,83,137,1,1,1,6,A50,43.12667,5.8921
201500049915,6,11,15,22,3,83,144,1,1,1,5,A57,43.14252,6.00855
201500049916,9,11,15,18,1,83,144,1,1,1,2,A57,43.14261,6.0085
201500049917,17,11,15,7,2,83,144,1,1,1,3,A57,43.13853,5.99657
201500049918,24,11,15,7,2,83,123,1,1,1,7,A50,43.12222,5.95571
201500049919,27,11,15,8,1,83,123,1,1,1,4,A50,0.0,0.0
201500049920,1,12,15,8,1,83,123,1,1,1,2,A50,0.0,0.0
201500049921,2,12,15,8,1,83,123,1,1,1,5,A50,0.0,0.0
201500049922,2,12,15,8,1,83,123,1,1,1,2,A50,0.0,0.0
201500049923,2,12,15,15,1,83,144,1,1,1,2,A57,43.1369,5.98073
201500049924,7,12,15,7,2,83,137,1,1,1,3,RN1050,0.0,0.0
201500049925,7,12,15,18,3,83,62,1,1,2,2,A57,0.0,0.0
201500049926,8,12,15,17,2,83,144,1,1,1,4,A57,0.0,0.0
201500049927,10,12,15,15,1,83,137,1,1,1,2,A50 Trémie Léon BOURGEOI,0.0,0.0
201500049928,11,12,15,12,1,13,55,1,1,1,5,A50 VILLEVIEILLE/MARSEIL,0.0,0.0
201500049929,16,12,15,7,1,83,62,1,1,1,3,A57,0.0,0.0
201500049930,7,3,15,13,1,83,137,1,1,1,6,Tunnel Tube Sud,0.0,0.0
201500049931,19,12,15,2,5,13,55,1,1,1,3,A7-Sens Lyon vers*Marsei,0.0,0.0
201500049932,2,1,15,14,1,13,71,1,1,1,3,A7-Sens Lyon vers*Marsei,0.0,0.0
201500049933,3,1,15,5,3,13,55,1,1,1,6,A7-Sens Marseille vers*L,0.0,0.0
201500049934,3,1,15,22,3,13,56,1,1,1,6,A55-Sens Martigues*vers,0.0,0.0
201500049935,4,1,15,1,3,13,106,1,1,1,6,A7-Sens Marseille*vers L,0.0,0.0
201500049936,7,1,15,12,1,13,71,1,1,1,6,A55-Sens Martigues*vers,0.0,0.0
201500049937,6,1,15,9,1,13,55,1,1,1,6,A50-Sens Aubagne vers*Ma,0.0,0.0
201500049938,7,1,15,13,1,13,70,1,1,1,2,A50-Sens Aubagne vers*Ma,0.0,0.0
201500049939,12,1,15,7,2,13,55,1,1,1,2,A7-Sens Lyon vers Marsei,0.0,0.0
201500049940,13,1,15,7,5,13,55,1,1,1,3,A50-Sens Aubagne vers*Ma,0.0,0.0
201500049941,13,1,15,8,1,13,55,1,1,1,3,Sens Aubagne vers*Marsei,0.0,0.0
201500049942,12,1,15,16,1,13,55,1,1,1,2,A7-Sens Marseille vers L,0.0,0.0
201500049943,15,1,15,19,3,13,55,1,1,1,4,A7-Sens Lyon vers*Marsei,0.0,0.0
201500049944,16,1,15,20,3,13,55,1,1,2,1,A7-Sens Marseille vers*L,0.0,0.0
201500049945,11,1,15,9,1,13,28,1,1,1,6,A50-Sens Aubagne vers*To,0.0,0.0
201500049946,17,1,15,14,1,13,15,1,1,1,2,A51-Sens Aix en*Provence,0.0,0.0
201500049947,17,1,15,7,2,13,26,1,1,1,6,A55-Sens Marseilleùvers,0.0,0.0
201500049948,18,1,15,0,5,13,55,1,1,1,2,A7-Sens Lyon vers*Marsei,0.0,0.0
201500049949,17,1,15,0,3,13,22,1,1,8,3,A50-Sens Aubagne vers*To,0.0,0.0
201500049950,15,1,15,16,1,13,55,1,1,1,2,A7-Sens Marseille vers*L,0.0,0.0
201500049951,19,1,15,17,3,13,55,1,1,1,6,A55-Sens Martigues*vers,0.0,0.0
201500049952,18,1,15,19,3,13,55,1,1,1,2,A7-Sens Lyon vers*Marsei,0.0,0.0
201500049953,19,1,15,20,3,13,55,1,1,2,3,A55-Sens Marseille*vers,0.0,0.0
201500049954,15,1,15,19,1,13,106,1,1,1,3,A51-Sens Marseille*vers,0.0,0.0
201500049955,20,1,15,11,1,13,33,1,1,2,2,A55-Sens Martigues*vers,0.0,0.0
201500049956,20,1,15,7,2,13,55,1,1,2,4,A55-Sens Marseille*vers,0.0,0.0
201500049957,21,1,15,0,3,13,85,1,1,1,6,A50-Sens Toulon vers*Aub,0.0,0.0
201500049958,21,1,15,12,1,13,55,1,1,3,6,A557-Liaison A7*Marseill,0.0,0.0
201500049959,19,1,15,13,1,13,19,1,1,2,7,A51-Sens Marseille*vers,0.0,0.0