Num_Acc,jour,mois,an,hr,condition_eclairage,departement,commune,condition_agglomeration,intersection,condition_atmosphere,type_collision,adresse,lattitude,longitude
201500049960,25,1,15,16,1,13,19,1,1,1,6,A51-Sens Aix en*Provence,0.0,0.0
201500049961,7,1,15,18,2,13,55,1,1,1,3,A55-Sens Martigues *vers,0.0,0.0
201500049962,24,1,15,20,3,13,55,1,1,1,4,A7-Sens Lyon vers*Marsei,0.0,0.0
201500049963,25,1,15,12,1,13,56,1,1,1,7,A55-Sens Marseille*vers,0.0,0.0
201500049964,26,1,15,8,1,13,117,1,1,1,4,A7-Sens Lyon vers*Marsei,0.0,0.0
201500049965,28,1,15,2,3,13,1,1,1,1,7,A51-Sens Marseille*vers,0.0,0.0
201500049966,28,1,15,7,3,13,1,1,1,1,3,A51-Sens Marseille*vers,0.0,0.0
201500049967,10,1,15,17,4,13,55,1,1,1,4,A7-Sens Lyon vers*Marsei,0.0,0.0
201500049968,25,1,15,18,3,13,71,1,1,1,4,A51-Sens Aix en*Provence,0.0,0.0
201500049969,28,1,15,6,3,13,1,1,1,1,5,A51-Sens Marseille*vers,0.0,0.0
201500049970,30,1,15,14,1,13,71,1,1,1,4,A51-Sens Marseille*vers,0.0,0.0
201500049971,16,1,15,22,3,13,106,1,1,2,3,A51-Sens Marseille*vers,0.0,0.0
201500049972,18,12,15,4,3,13,55,1,1,1,6,A7-Sens Lyon vers*Marsei,0.0,0.0
201500049973,30,1,15,12,1,13,71,1,1,1,5,A7-Sens Marseille vers*L,0.0,0.0
201500049974,23,12,15,9,1,13,33,1,1,2,6,A55-Sens Martigues *ers,0.0,0.0
201500049975,18,1,15,0,3,13,19,1,1,1,5,A51-Sens Aix en*Provence,0.0,0.0
201500049976,2,2,15,7,1,13,55,1,1,1,4,A7-Sens Marseille vers*L,0.0,0.0
201500049977,30,1,15,13,1,13,55,1,1,1,2,A50-Sens Marseille*vers,0.0,0.0
201500049978,26,12,15,16,1,13,106,1,1,1,2,A7-Sens Marseille vers*L,0.0,0.0
201500049979,4,2,15,21,3,13,55,1,1,2,6,A55-Sens Marseille*vers,0.0,0.0
201500049980,6,2,15,11,1,13,71,1,1,1,6,A7-Sens Lyon vers*Marsei,0.0,0.0
201500049981,6,2,15,6,3,13,56,1,1,1,6,A55-Sens Martigues*vers,0.0,0.0
201500049982,8,2,15,5,3,13,55,1,1,1,6,A50-Sens Marseille*vers,0.0,0.0
201500049983,8,2,15,4,3,13,19,1,1,1,6,A51-Sens Aix en*Provence,0.0,0.0
201500049984,8,2,15,22,3,13,55,1,1,1,6,A55-Sens Marseille*vers,0.0,0.0
201500049985,10,2,15,6,3,13,106,1,1,1,3,A7-Sens Marseille vers*L,0.0,0.0
201500049986,5,2,15,9,1,13,55,1,1,2,7,A50-Sens Aubagne vers*Ma,0.0,0.0
201500049987,11,2,15,11,1,13,15,1,1,1,2,A51-Sens Aix en*Provence,0.0,0.0
201500049988,11,2,15,12,1,13,5,1,1,1,2,A50-Sens Marseille.vers,0.0,0.0
201500049989,19,12,15,5,4,13,15,1,1,1,2,A51-Sens Aix en*Provence,0.0,0.0
201500049990,12,2,15,20,3,13,55,1,1,1,3,A7-Sens Lyon vers*Marsei,0.0,0.0
201500049991,13,2,15,20,3,13,55,1,1,2,6,A55-Sens Marseille*vers,0.0,0.0
201500049992,9,2,15,9,1,13,71,1,1,1,2,A55 - Sens Marseille*ver,0.0,0.0
201500049993,14,2,15,10,1,13,26,1,1,4,4,A55-Sens Martigues*vers,0.0,0.0
201500049994,14,2,15,15,1,13,55,1,1,2,7,A557-Liaison A7*Marseill,0.0,0.0
201500049995,13,2,15,13,1,13,5,1,1,1,2,A50-Sens Aubagne vers*Ma,0.0,0.0
201500049996,15,2,15,15,1,13,55,1,1,2,3,A557-Liaison A7*Marseill,0.0,0.0
201500049997,16,2,15,19,5,13,28,1,1,1,4,A50-Sens Aubagne versùTo,0.0,0.0
201500049998,17,2,15,9,1,13,55,1,1,2,2,A50-Sens Aubagne vers*Ma,0.0,0.0
201500049999,17,2,15,9,1,13,55,1,1,1,4,A50-Sens Aubagne vers Ma,0.0,0.0
201500050000,17,2,15,7,2,13,55,1,1,2,4,A50-Sens Marseille*vers,0.0,0.0
201500050001,18,2,15,14,1,13,55,1,1,1,4,A7-Sens Lyon vers*Marsei,0.0,0.0
201500050002,18,2,15,14,1,13,15,1,1,1,7,A51-Sens Aix en*Provence,0.0,0.0
201500050003,19,2,15,7,2,13,1,1,1,1,6,A51-Sens Aix en*Provence,0.0,0.0
201500050004,20,2,15,8,1,13,55,1,1,1,2,Sens Aubagne vers*Marsei,0.0,0.0
201500050005,20,2,15,9,1,13,15,1,1,1,7,A515CD-Gardanne*vers A51,0.0,0.0
201500050006,20,2,15,17,1,13,55,1,1,1,1,A7-Sens Lyon vers*Marsei,0.0,0.0
201500050007,20,2,15,22,3,13,71,1,1,1,6,A55-Sens Martigues vers,0.0,0.0
201500050008,21,2,15,17,1,13,55,1,1,1,5,A55-Sens Marseille vers,0.0,0.0
201500050009,21,2,15,10,1,13,85,1,1,8,7,A50-Sens Aubagne vers To,0.0,0.0
201500050010,21,2,15,16,1,13,55,1,1,2,4,A7-Sens Lyon vers Marsei,0.0,0.0
201500050011,20,2,15,19,3,13,56,1,1,1,2,A55-Sens Marseille*vers,0.0,0.0
201500050012,17,2,15,16,1,13,55,1,1,1,4,A7-Sens Lyon vers*Marsei,0.0,0.0
201500050013,23,2,15,13,1,13,106,1,1,1,2,A51-Sens Aix en Provence,0.0,0.0
201500050014,25,2,15,6,5,13,22,1,1,1,2,A50-Sens Aubagne vers To,0.0,0.0
201500050015,25,2,15,6,3,13,1,1,1,1,5,A51-Sens Marseille vers,0.0,0.0
201500050016,27,2,15,8,1,13,71,1,1,3,4,A7-Sens Marseille vers*L,0.0,0.0
201500050017,1,3,15,1,3,13,5,1,1,1,5,A50-Sens Aubagne vers Ma,0.0,0.0
201500050018,1,3,15,17,1,13,71,1,1,1,2,A7-Sens Lyon vers Marsei,0.0,0.0
201500050019,14,2,15,10,1,13,33,1,1,4,2,A55-Sens Marseille*vers,0.0,0.0
201500050020,2,3,15,9,1,13,55,1,1,1,6,A55-Sens Marseille vers,0.0,0.0
201500050021,6,3,15,11,1,13,117,1,1,1,2,A7-Sens Lyon vers*Marsei,0.0,0.0
201500050022,5,3,15,15,1,13,71,1,1,1,3,A7-Sens Marseille vers L,0.0,0.0
201500050023,4,3,15,19,3,13,71,1,1,1,4,A5502G-sens Martigues ve,0.0,0.0
201500050024,7,3,15,5,3,13,15,1,1,1,7,A515CD-Gardanne vers A51,0.0,0.0
201500050025,6,3,15,20,3,13,55,1,1,1,2,A7-Sens Lyon vers Marsei,0.0,0.0
201500050026,8,3,15,2,3,13,1,1,1,1,6,A51-Sens Marseille vers,0.0,0.0
201500050027,7,3,15,17,1,13,70,1,1,1,5,A50-Sens Aubagne vers Ma,0.0,0.0
201500050028,7,3,15,18,1,13,55,1,1,1,2,A50-Sens Aubagne vers Ma,0.0,0.0
201500050029,9,3,15,8,1,13,5,1,1,1,3,A50-Sens Aubagne vers*Ma,0.0,0.0
201500050030,9,3,15,10,1,13,55,1,1,1,7,TVPCD-Sens Les Ports ver,0.0,0.0
201500050031,5,3,15,0,3,13,117,1,1,2,6,A7-Sens Lyon vers Marsei,0.0,0.0
201500050032,10,3,15,7,2,13,55,1,1,1,2,A7-Sens Lyon vers*Marsei,0.0,0.0
201500050033,10,3,15,16,1,13,55,1,1,1,6,A55-Sens Martigues*vers,0.0,0.0
201500050034,2,3,15,18,3,13,5,1,1,1,5,A50-Sens Marseille vers,0.0,0.0
201500050035,12,3,15,10,1,13,71,1,1,1,4,A5502G-sens Martigues ve,0.0,0.0
201500050036,12,3,15,8,1,13,43,1,1,1,2,A55-Sens Martigues*vers,0.0,0.0
201500050037,12,3,15,7,1,13,55,1,1,1,4,A7-Sens Lyon vers*Marsei,0.0,0.0
201500050038,12,3,15,9,1,13,55,1,1,1,2,A7-Sens Lyon vers*Marsei,0.0,0.0
201500050039,13,3,15,7,1,13,85,1,1,8,2,A50-Sens Aubagne vers To,0.0,0.0
201500050040,13,3,15,15,1,13,55,1,1,1,4,A55-Sens Marseille*vers,0.0,0.0
201500050041,13,3,15,15,1,13,106,1,1,1,3,A51-Sens Marseille *vers,0.0,0.0
201500050042,26,2,15,19,1,13,55,1,1,1,6,Tunnel Joliette vers A.5,0.0,0.0
201500050043,15,3,15,19,3,13,55,1,1,1,4,A7-Sens Lyon vers*Marsei,0.0,0.0
201500050044,16,3,15,15,1,13,55,1,1,2,4,A50-Sens Marseille*vers,0.0,0.0
201500050045,15,3,15,21,3,13,71,1,1,2,2,A7-Sens Lyon vers*Marsei,0.0,0.0
201500050046,16,3,15,9,1,13,85,1,1,2,7,A50-Sens Toulon vers*Aub,0.0,0.0
201500050047,17,3,15,9,1,13,55,1,9,2,2,A7-Sens Marseille vers*L,0.0,0.0
201500050048,17,3,15,13,1,13,55,1,1,1,2,A7-Sens Lyon vers*Marsei,0.0,0.0
201500050049,17,3,15,22,3,13,56,1,1,1,6,A55-Sens Marseille*vers,0.0,0.0
201500050050,15,3,15,19,3,13,26,1,1,1,6,A55-Sens Marseille*vers,0.0,0.0
201500050051,19,3,15,9,1,13,55,1,1,1,6,Tunnel Prado Car?nage,0.0,0.0
201500050052,19,3,15,17,1,13,55,1,1,1,5,Sens Aubagne vers*Marsei,0.0,0.0
201500050053,22,3,15,18,1,13,117,1,1,2,7,A7-Sens Marseille vers*L,0.0,0.0
201500050054,22,3,15,12,1,13,19,1,1,1,6,A51-Sens Aix en*Provence,0.0,0.0
201500050055,22,3,15,10,1,13,26,1,1,2,7,A55-Sens Martigues*vers,0.0,0.0
201500050056,21,3,15,23,3,13,19,1,1,2,6,A51-Sens Aix en*Provence,0.0,0.0
201500050057,23,3,15,18,1,13,81,1,1,1,6,A7-Sens Marseille vers*L,0.0,0.0
201500050058,23,3,15,18,2,13,22,1,1,1,3,A50-Sens Aubagne vers*To,0.0,0.0
201500050059,24,3,15,17,1,13,5,1,1,8,3,A50-Sens Marseille*vers,0.0,0.0
201500050060,25,3,15,9,1,13,55,1,1,2,2,A7-Sens Lyon vers*Marsei,0.0,0.0
201500050061,26,3,15,8,1,13,55,1,1,1,4,A50-Sens Aubagne vers*Ma,0.0,0.0
201500050062,21,3,15,10,1,13,55,1,1,1,6,TVPCD-Sens Les Ports*ver,0.0,0.0
201500050063,22,3,15,17,1,13,55,1,1,2,6,A557-Liaison A7*Marseill,0.0,0.0
201500050064,22,3,15,15,1,13,71,1,1,2,6,A55-Sens Martigues*vers,0.0,0.0
201500050065,27,3,15,20,3,13,15,1,1,1,2,A51-Sens Aix en*Provence,0.0,0.0
201500050066,29,3,15,17,1,13,55,1,1,1,2,A7-Sens Lyon vers*Marsei,0.0,0.0
201500050067,30,3,15,8,1,13,81,1,1,1,2,A7-Sens Lyon vers*Marsei,0.0,0.0
201500050068,30,3,15,9,1,13,71,1,1,1,6,A55 - Sens Marseille*ver,0.0,0.0
201500050069,31,3,15,9,1,13,55,1,1,1,4,A55-Sens Martigues*vers,0.0,0.0
201500050070,31,3,15,18,1,13,5,1,1,1,4,A50-Sens Aubagne vers*Ma,0.0,0.0
201500050071,1,4,15,16,1,13,55,1,1,1,2,Sens Aubagne vers*Marsei,0.0,0.0
201500050072,5,4,15,4,3,13,55,1,1,1,6,A50-Sens Marseille*vers,0.0,0.0
201500050073,5,4,15,19,1,13,55,1,1,1,2,A50-Sens Aubagne vers*Ma,0.0,0.0
201500050074,1,4,15,7,1,13,71,1,1,1,4,A7-Sens Marseille vers*L,0.0,0.0
201500050075,6,4,15,12,1,13,106,1,1,1,2,A51-Sens Marseille*vers,0.0,0.0
201500050076,31,3,15,8,1,13,33,1,1,1,2,A55-Sens Martigues*vers,0.0,0.0
201500050077,6,4,15,17,1,13,5,1,1,1,1,A50-Sens Aubagne vers Ma,0.0,0.0
201500050078,9,4,15,1,5,13,55,1,1,1,6,A50-Sens Marseille*vers,0.0,0.0
201500050079,8,4,15,13,1,13,5,1,1,1,3,A50 - Sens Aubagne*vers,0.0,0.0
201500050080,9,4,15,10,1,13,55,1,1,1,2,A7-Sens Lyon vers*Marsei,0.0,0.0
201500050081,10,4,15,9,1,13,55,1,1,1,2,A50-Sens Aubagne*vers Ma,0.0,0.0
201500050082,11,4,15,20,1,13,55,1,1,1,4,A7-Sens Lyon*vers Marsei,0.0,0.0
201500050083,12,4,15,2,3,13,106,1,1,1,5,A7-Sens Lyon vers*Marsei,0.0,0.0
201500050084,16,3,15,14,1,13,5,1,1,1,2,A50-Sens Marseille*vers,0.0,0.0
201500050085,12,4,15,18,1,13,56,1,1,1,7,A55-Sens*Marseille vers,0.0,0.0
201500050086,10,4,15,12,1,13,55,1,1,1,6,A55-Sens Martigues*vers,0.0,0.0
201500050087,17,4,15,0,3,13,55,1,1,2,2,A50-Sens Aubagne vers*Ma,0.0,0.0
201500050088,16,4,15,11,1,13,55,1,1,1,3,A7-Sens Lyon vers^Marsei,0.0,0.0
201500050089,17,4,15,10,1,13,56,1,1,1,5,A55-Sens Marseille*vers,0.0,0.0
201500050090,17,4,15,14,1,13,5,1,1,1,6,A52-Sens Toulon vers*Pon,0.0,0.0
201500050091,18,4,15,18,1,13,5,1,1,1,2,A50-Sens Aubagne vers Ma,0.0,0.0
201500050092,19,4,15,18,1,13,55,1,1,1,7,A55-Sens Marseille*vers,0.0,0.0
201500050093,20,4,15,7,1,13,56,1,1,2,4,A55-Sens Marseille vers,0.0,0.0
201500050094,17,4,15,19,1,13,55,1,1,1,4,A7-Sens Lyon vers*Marsei,0.0,0.0
201500050095,20,4,15,8,1,13,81,1,1,1,4,A7-Sens Lyon vers*Marsei,0.0,0.0
201500050096,16,4,15,12,1,13,55,1,1,2,4,A7-Sens Marseille versùL,0.0,0.0
201500050097,21,4,15,8,1,13,55,1,1,1,7,A50-Sens Marseille*vers,0.0,0.0
201500050098,21,2,15,20,1,13,88,1,1,1,6,A55-Sens Martigues*vers,0.0,0.0
201500050099,17,4,15,5,3,13,55,1,1,1,6,A50-Sens Aubagne vers*Ma,0.0,0.0
201500050100,22,4,15,9,1,13,55,1,1,1,2,TVPCD-Sens Les Ports ver,0.0,0.0
201500050101,22,4,15,18,1,13,117,1,1,1,7,A7-Sens Marseille vers L,0.0,0.0
201500050102,23,4,15,13,1,13,71,1,1,1,3,A7-Sens Lyon vers*Marsei,0.0,0.0
201500050103,23,4,15,13,1,13,55,1,1,1,2,A7-Sens Lyon vers Marsei,0.0,0.0
201500050104,24,4,15,15,1,13,55,1,1,1,6,A7-Sens Lyon vers*Marsei,0.0,0.0
201500050105,25,4,15,12,1,13,106,1,1,1,3,A7-Sens Marseille vers*L,0.0,0.0
201500050106,25,4,15,21,3,13,117,1,1,1,3,A7-Sens Lyon vers*Marsei,0.0,0.0
201500050107,23,4,15,18,1,13,55,1,1,1,2,A7-Sens Lyon vers*Marsei,0.0,0.0
201500050108,25,4,15,8,1,13,55,1,1,1,2,A55-Sens Marseille*vers,0.0,0.0
201500050109,27,4,15,11,1,13,55,1,1,2,7,TVPCM-Sens Saint Victor,0.0,0.0
201500050110,28,4,15,11,1,13,55,1,1,1,2,Sens Aubagne vers*Marsei,0.0,0.0
201500050111,30,4,15,15,1,13,56,1,1,1,6,A55-Sens Marseille*vers,0.0,0.0
201500050112,30,4,15,19,1,13,55,1,1,1,4,Sens Aubagne vers*Marsei,0.0,0.0
201500050113,27,4,15,17,1,13,55,1,1,2,2,A55-Sens Marseille*vers,0.0,0.0
201500050114,25,4,15,7,1,13,55,1,1,2,2,A50-Sens Marseille*vers,0.0,0.0
201500050115,1,5,15,15,1,13,33,1,1,1,6,A55-SENS MARTIGUES/MARSE,0.0,0.0
201500050116,1,5,15,17,1,13,55,1,1,1,4,A55-Sens Martigues*vers,0.0,0.0
201500050117,21,4,15,9,1,13,5,1,1,1,2,A501-Sens Pont de l*Etoi,0.0,0.0
201500050118,4,5,15,12,1,13,55,1,1,1,6,A7-Sens Marseille vers*L,0.0,0.0
201500050119,5,5,15,14,1,13,55,1,1,1,2,A55-Sens Marseille*vers,0.0,0.0
201500050120,5,5,15,13,1,13,117,1,1,1,6,A7-Sens Lyon vers*Marsei,0.0,0.0
201500050121,6,5,15,18,1,13,1,1,1,1,7,A51-Sens Aix en*Provence,0.0,0.0
201500050122,7,5,15,18,1,13,71,1,1,1,4,A5502 -sens Martigues*ve,0.0,0.0
201500050123,7,5,15,19,1,13,71,1,1,1,4,A55 - Sens Marseille*ver,0.0,0.0
201500050124,8,5,15,12,1,13,55,1,1,1,2,A7-Sens Lyon vers Marsei,0.0,0.0
201500050125,8,5,15,14,1,13,71,1,1,1,6,A5502G-sens Martigues ve,0.0,0.0
201500050126,8,5,15,12,1,13,85,1,1,1,7,A50-Sens Aubagne vers*To,0.0,0.0
201500050127,10,5,15,5,3,13,85,1,1,1,2,A50-Sens Toulon vers*Aub,0.0,0.0
201500050128,10,5,15,17,1,13,1,1,1,1,3,A51-Sens Marseille*vers,0.0,0.0
201500050129,11,5,15,7,1,13,55,1,1,1,4,A50-Sens Aubagne vers*Ma,0.0,0.0
201500050130,11,5,15,11,1,13,106,1,1,1,2,A7-Sens Marseille vers L,0.0,0.0
201500050131,11,5,15,11,1,13,55,1,1,1,7,A7-Sens Marseille vers*L,0.0,0.0
201500050132,13,5,15,18,1,13,1,1,1,1,2,A51-Sens Marseille*vers,0.0,0.0
201500050133,13,5,15,19,1,13,1,1,1,1,7,A51-Sens Marseille*vers,0.0,0.0
201500050134,14,5,15,6,1,13,26,1,1,1,7,A55-Sens Marseille*vers,0.0,0.0
201500050135,16,5,15,17,1,13,106,1,1,1,7,A7-Sens Lyon vers*Marsei,0.0,0.0
201500050136,17,5,15,5,3,13,71,1,1,1,6,A5501G-Sens Mlle Vieux P,0.0,0.0
201500050137,18,5,15,18,1,13,71,1,1,1,4,A7-Sens Lyon vers*Marsei,0.0,0.0
201500050138,20,5,15,7,1,13,71,1,1,6,2,A7-Sens Marseille vers*L,0.0,0.0
201500050139,20,5,15,14,1,13,70,1,1,1,7,A50-Sens Marseille*vers,0.0,0.0
201500050140,21,5,15,11,1,13,71,1,1,1,7,A7-Sens Lyon vers*Marsei,0.0,0.0
201500050141,26,5,15,8,1,13,117,1,1,1,4,A7-Sens Lyon vers*Marsei,0.0,0.0
201500050142,28,5,15,8,1,13,15,1,1,1,4,A51-Sens Aix en*Provence,0.0,0.0
201500050143,30,5,15,6,2,13,71,1,1,1,6,A55 - Sens Marseille*ver,0.0,0.0
201500050144,2,6,15,11,1,13,106,1,1,1,2,A51-Sens Marseille*vers,0.0,0.0
201500050145,2,6,15,9,1,13,5,1,1,1,2,A501-Sens Pont de*l'Etoi,0.0,0.0
201500050146,3,6,15,16,1,13,71,1,1,1,2,A7-Sens Marseille vers*L,0.0,0.0
201500050147,4,6,15,17,1,13,33,1,1,1,2,A55-Sens Marseille vers,0.0,0.0
201500050148,4,6,15,12,1,13,81,1,1,1,2,A7-Sens Lyon vers*Marsei,0.0,0.0
201500050149,5,6,15,7,1,13,55,1,1,1,6,A50-Sens Aubagne vers*Ma,0.0,0.0
201500050150,6,6,15,11,1,13,71,1,1,1,7,A55-sens Martigues*ve,0.0,0.0
201500050151,5,6,15,18,1,13,55,1,1,1,4,A7-Sens Lyon vers*Marsei,0.0,0.0
201500050152,4,6,15,18,1,13,5,1,1,1,4,A50-Sens Aubagne vers*Ma,0.0,0.0
201500050153,7,6,15,19,1,13,106,1,1,1,5,A7-Sens Lyon vers*Marsei,0.0,0.0
201500050154,8,6,15,11,1,13,26,1,1,1,7,A55-Sens Marseille vers,43.37975,5.16231
201500050155,8,6,15,9,1,13,106,1,1,1,2,A7-Sens Lyon vers Marsei,43.38492,5.35065
201500050156,8,6,15,11,1,13,5,1,1,1,6,A50 - Sens Aubagne*vers,0.0,0.0
201500050157,11,6,15,7,1,13,71,1,1,1,4,A7-Sens Marseille vers*L,0.0,0.0
201500050158,12,6,15,7,1,13,55,1,1,2,7,A55-Sens Martigues*vers,0.0,0.0
201500050159,12,6,15,12,1,13,106,1,1,1,2,A7-Sens Marseille vers*L,0.0,0.0
201500050160,11,6,15,16,1,13,15,1,1,1,6,A51-Sens Aix en*Provence,0.0,0.0
201500050161,12,6,15,14,1,13,5,1,1,1,6,A501-Sens Aubagne vers*P,0.0,0.0
201500050162,13,6,15,19,1,13,55,1,1,1,7,Axe Littoral Sens*Nord -,0.0,0.0
201500050163,15,6,15,16,1,13,55,1,1,1,3,A55-Sens Marseille*vers,0.0,0.0
201500050164,16,6,15,18,1,13,117,1,1,2,2,A7-Sens Marseille vers*L,0.0,0.0
201500050165,7,5,15,17,1,13,1,1,1,1,3,A51-Sens Marseille*vers,0.0,0.0
201500050166,17,6,15,19,1,13,55,1,1,1,2,A50-Sens Aubagne vers*Ma,0.0,0.0
201500050167,18,6,15,11,1,13,55,1,1,1,2,A55-Sens Martigues*vers,0.0,0.0
201500050168,18,6,15,21,1,13,1,1,1,1,3,A51 vers AIX,0.0,0.0
201500050169,19,6,15,15,1,13,1,1,1,1,7,A51-Sens Marseille*vers,0.0,0.0
201500050170,19,6,15,17,1,13,55,1,1,1,2,A50-Sens Aubagne vers*Ma,0.0,0.0
201500050171,21,6,15,17,1,13,19,1,1,1,3,A51-Sens Aix en*Provence,0.0,0.0
201500050172,18,6,15,18,1,13,71,1,1,1,4,A7-Sens Lyon vers*Marsei,0.0,0.0
201500050173,21,6,15,20,1,13,55,1,1,1,2,A7-Sens Lyon vers*Marsei,0.0,0.0
201500050174,22,6,15,14,1,13,71,1,1,1,2,A7-Sens Marseille vers*L,0.0,0.0
201500050175,22,6,15,12,1,13,55,1,1,1,2,Tunnel Joliette*vers A.5,0.0,0.0
201500050176,5,6,15,13,1,13,55,1,1,1,4,TVPCM-Sens Saint*Victor,0.0,0.0
201500050177,10,6,15,9,1,13,106,1,1,1,4,A51-Sens Aix en*Provence,0.0,0.0
201500050178,25,6,15,7,1,13,1,1,1,1,6,A51-Sens Aix en*Provence,43.51177,5.4222
201500050179,26,6,15,20,1,13,15,1,1,1,3,A51-Sens Marseille*vers,0.0,0.0
201500050180,27,6,15,14,1,13,55,1,1,1,2,Sens Aubagne vers*Marsei,0.0,0.0
201500050181,27,6,15,17,1,13,5,1,1,1,7,Sens Aubagne vers*Marsei,0.0,0.0
201500050182,28,6,15,4,3,13,1,1,1,1,3,A51-Sens Aix en*Provence,0.0,0.0
201500050183,28,6,15,14,1,13,55,1,1,1,1,A7-Sens Lyon vers*Marsei,0.0,0.0
201500050184,30,6,15,8,1,13,71,1,1,1,6,A7-Sens Marseille vers*L,0.0,0.0
201500050185,30,6,15,9,1,13,15,1,1,1,4,A51-Sens Aix en*Provence,0.0,0.0
201500050186,24,6,15,17,1,13,55,1,1,1,2,A55-Sens Martigues*vers,0.0,0.0
201500050187,29,6,15,18,1,13,1,1,1,1,2,A51-Sens Marseille*vers,0.0,0.0
201500050188,30,6,15,12,1,13,55,1,1,1,2,A7-Sens Lyon vers Marsei,0.0,0.0
201500050189,1,7,15,18,1,13,117,1,1,1,4,A7-Sens Marseille vers L,0.0,0.0
201500050190,27,6,15,11,1,13,1,1,1,1,7,A51-Sens Marseille*vers,0.0,0.0
201500050191,1,7,15,7,1,13,5,1,1,1,6,A50-Sens Marseille*vers,0.0,0.0
201500050192,4,7,15,2,3,13,26,1,1,1,7,A55-Sens Martigues ****,0.0,0.0
201500050193,4,7,15,9,1,13,19,1,1,1,2,A51-Sens Marseille*vers,0.0,0.0
201500050194,3,7,15,18,1,13,55,1,1,1,4,A7-Sens Lyon vers*Marsei,0.0,0.0
201500050195,4,7,15,14,1,13,55,1,1,1,2,A7-Sens Lyon vers*Marsei,0.0,0.0
201500050196,5,7,15,9,1,13,85,1,1,1,7,A50-Sens Toulon vers*Aub,0.0,0.0
201500050197,30,6,15,17,1,13,81,1,1,1,3,A7-Sens Marseille vers*L,0.0,0.0
201500050198,2,7,15,16,1,13,55,1,1,1,5,A7-Sens Marseille vers L,0.0,0.0
201500050199,6,7,15,20,1,13,55,1,1,1,2,A50-Sens Marseille*vers,0.0,0.0
201500050200,7,7,15,17,1,13,33,1,1,1,4,A55-Sens Marseille*vers,0.0,0.0
201500050201,3,7,15,9,1,13,55,1,1,1,2,TVPCM-Sens Saint*Victor,0.0,0.0
201500050202,3,7,15,12,1,13,1,1,1,1,6,A51-Sens Marseille vers*,0.0,0.0
201500050203,8,7,15,11,1,13,85,1,1,1,7,A50-Sens Toulon vers*Aub,0.0,0.0
201500050204,8,7,15,9,1,13,55,1,1,1,3,S10CD-Sens Aubagne%vers,0.0,0.0
201500050205,10,7,15,15,1,13,55,1,1,1,2,A7-Sens Marseille vers*L,0.0,0.0
201500050206,10,7,15,16,1,13,55,1,1,1,4,A55-Sens Marseille*vers,0.0,0.0
201500050207,6,7,15,17,1,13,55,1,1,1,4,A50-Sens Marseille*vers,0.0,0.0
201500050208,6,7,15,16,1,13,70,1,1,1,2,A50-Sens Marseille*vers,0.0,0.0
201500050209,10,7,15,20,1,13,26,1,1,1,6,A55-Sens Marseille*vers,0.0,0.0
201500050210,12,7,15,19,1,13,55,1,1,1,4,A7-Sens Lyon vers*Marsei,0.0,0.0
201500050211,12,7,15,12,1,13,71,1,1,1,7,A7-Sens Lyon vers*Marsei,0.0,0.0
201500050212,13,7,15,16,1,13,5,1,1,1,7,A52-Sens Pont de*l'Etoil,0.0,0.0
201500050213,7,7,15,18,1,13,33,1,1,1,2,A55-Sens Martigues*vers,0.0,0.0
201500050214,16,7,15,18,1,13,55,1,1,1,3,A7-Sens Lyon vers*Marsei,0.0,0.0
201500050215,7,7,15,9,1,13,117,1,1,1,6,A7-Sens Lyon vers*Marsei,0.0,0.0
201500050216,7,7,15,8,1,13,15,1,1,1,6,A51-Sens Marseille*vers,0.0,0.0
201500050217,16,7,15,13,1,13,15,1,1,1,7,A515CM-sortie Gardanne/B,0.0,0.0
201500050218,30,5,15,10,1,13,71,1,1,1,5,A55 - Sens Marseille*ver,0.0,0.0
201500050219,12,7,15,7,1,13,5,1,1,1,6,A501-Aubagne Pont de%l'E,0.0,0.0
201500050220,18,7,15,16,1,13,55,1,1,1,5,A50-Sens Marseille*vers,0.0,0.0
201500050221,19,7,15,6,1,13,71,1,1,1,6,A55 - Sens Marseille*ver,0.0,0.0
201500050222,19,7,15,5,3,13,26,1,1,1,3,A55-Sens Marseille*vers,0.0,0.0
201500050223,16,6,15,8,1,13,70,1,1,1,2,A50-Sens Aubagne vers*Ma,0.0,0.0
201500050224,22,7,15,17,1,13,1,1,1,1,2,A51-Sens Marseille *vers,0.0,0.0
201500050225,23,7,15,8,1,13,55,1,1,1,4,A7-Sens Lyon vers*Marsei,0.0,0.0
201500050226,23,7,15,17,1,13,15,1,1,1,2,A515-sortie Gardanne/B,0.0,0.0
201500050227,23,7,15,23,3,13,71,1,1,1,5,A55 - Sens Marseille ver,0.0,0.0
201500050228,26,7,15,1,3,13,5,1,1,1,6,A502-Sens Toulon par*R.N,0.0,0.0
201500050229,25,7,15,19,1,13,5,1,1,1,2,A50-Sens Marseille*vers,0.0,0.0
201500050230,29,7,15,9,1,13,71,1,1,1,5,A7-Sens Marseille vers*L,0.0,0.0
201500050231,28,7,15,20,1,13,55,1,1,1,7,A55-Sens Marseille*vers,0.0,0.0
201500050232,29,7,15,15,1,13,22,1,1,1,2,A50-Sens Toulon vers*Aub,0.0,0.0
201500050233,20,7,15,17,1,13,71,1,1,1,4,A7-Sens Marseille vers*L,0.0,0.0
201500050234,20,7,15,18,1,13,55,1,1,1,4,A7-Sens Lyon vers*Marsei,0.0,0.0
201500050235,31,7,15,21,2,13,15,1,1,1,2,A51-Sens Aix en*Provence,0.0,0.0
201500050236,1,8,15,1,3,13,26,1,1,2,6,A55-Sens Marseille*vers,0.0,0.0
201500050237,31,7,15,19,1,13,71,1,1,1,2,A51-Sens Marseille*vers,0.0,0.0