Num_Acc,jour,mois,an,hr,condition_eclairage,departement,commune,condition_agglomeration,intersection,condition_atmosphere,type_collision,adresse,lattitude,longitude
201500050238,2,8,15,19,1,13,55,1,1,1,2,A7-Sens Lyon vers*Marsei,0.0,0.0
201500050239,2,8,15,20,1,13,88,1,1,1,6,A55-Sens Marseille*vers,0.0,0.0
201500050240,3,8,15,8,1,13,71,1,1,1,2,A7-Sens Marseille vers*L,0.0,0.0
201500050241,5,8,15,9,1,13,55,1,1,1,2,A55-Sens Marseille vers,0.0,0.0
201500050242,7,8,15,2,3,13,55,1,1,1,7,A55-Sens Martigues*vers,0.0,0.0
201500050243,12,8,15,23,5,13,55,1,1,1,7,A55-Sens Martigues*vers,0.0,0.0
201500050244,12,8,15,18,1,13,88,1,1,1,4,A55-Sens Marseille*vers,0.0,0.0
201500050245,14,8,15,2,3,13,55,1,1,3,6,A55-Sens Martigues *,0.0,0.0
201500050246,14,8,15,10,1,13,55,1,1,1,7,A7-Sens Lyon vers*Marsei,0.0,0.0
201500050247,10,8,15,5,5,13,55,1,1,1,6,A50-Sens Marseille*vers,0.0,0.0
201500050248,11,8,15,17,1,13,56,1,1,1,2,A55-Sens Marseille*vers,0.0,0.0
201500050249,4,8,15,18,1,13,33,1,1,1,2,A55-Sens Marseille*vers,0.0,0.0
201500050250,20,8,15,12,1,13,55,1,1,1,2,A7-Sens Lyon vers*Marsei,0.0,0.0
201500050251,19,8,15,22,3,13,71,1,1,1,7,A7-Sens Lyon vers*Marsei,0.0,0.0
201500050252,23,8,15,23,3,13,55,1,1,1,2,A7-Sens Marseille vers*L,0.0,0.0
201500050253,24,8,15,10,1,13,71,1,1,1,4,A55 - Sens Marseille*ver,0.0,0.0
201500050254,25,8,15,11,1,13,55,1,1,1,3,A55-Sens Marseille vers,43.33317,5.35432
201500050255,24,8,15,12,1,13,56,1,1,2,3,A55-Sens Marseille*vers,0.0,0.0
201500050256,27,8,15,8,1,13,55,1,1,1,2,A7-Sens Lyon vers*Marsei,0.0,0.0
201500050257,23,8,15,18,1,13,55,1,1,2,7,A55-Sens Martigues*vers,0.0,0.0
201500050258,20,8,15,23,3,13,1,1,1,1,7,A51-Sens Marseille*vers,0.0,0.0
201500050259,25,8,15,18,1,13,55,1,1,1,5,A7-Sens Lyon vers*Marsei,0.0,0.0
201500050260,27,8,15,10,1,13,106,1,1,1,6,A7-Sens Marseille vers*L,0.0,0.0
201500050261,1,9,15,1,3,13,15,1,1,1,3,A51-Sens Aix en*Provence,43.42793,5.38585
201500050262,31,8,15,8,1,13,70,1,1,1,4,Sens Aubagne vers*Marsei,0.0,0.0
201500050263,1,9,15,17,1,13,55,1,1,1,4,A7-Sens Marseille vers*L,0.0,0.0
201500050264,4,9,15,8,1,13,55,1,1,1,4,A7-Sens Lyon vers*Marsei,0.0,0.0
201500050265,3,9,15,18,1,13,15,1,1,1,2,A51-Sens Marseille vers*,0.0,0.0
201500050266,5,9,15,13,1,13,55,1,1,1,7,Tunnel Joliette Marseill,43.30239,5.36462
201500050267,5,9,15,11,1,13,117,1,1,1,3,A7-Sens Marseille vers*L,0.0,0.0
201500050268,6,9,15,6,2,13,55,1,1,1,6,A7-Sens Lyon vers*Marsei,0.0,0.0
201500050269,2,9,15,17,1,13,117,1,1,1,4,A7-Sens Marseille vers*L,0.0,0.0
201500050270,7,9,15,6,2,13,15,1,1,1,2,A51-Sens Marseille*vers,0.0,0.0
201500050271,7,9,15,8,1,13,55,1,1,1,3,Tunnel Prado Carénage,43.28682,5.37328
201500050272,7,9,15,21,3,13,55,1,1,1,6,A50-Sens Marseille*vers,0.0,0.0
201500050273,8,9,15,9,1,13,106,1,1,1,2,A7-Sens Lyon vers*Marsei,0.0,0.0
201500050274,7,9,15,17,1,13,5,1,1,1,2,A50-Sens Marseille*vers,0.0,0.0
201500050275,7,9,15,18,1,13,55,1,1,1,2,A50-Sens Marseille*vers,0.0,0.0
201500050276,9,9,15,8,1,13,55,1,1,1,3,A50-Sens Aubagne vers*Ma,0.0,0.0
201500050277,10,9,15,5,3,13,71,1,1,1,6,A7-Sens Lyon vers*Marsei,0.0,0.0
201500050278,9,9,15,18,1,13,55,1,1,1,4,A7-Sens Lyon vers*Marsei,0.0,0.0
201500050279,10,9,15,8,1,13,55,1,1,1,2,A50-Sens Aubagne vers*Ma,0.0,0.0
201500050280,11,9,15,6,1,13,71,1,1,1,3,A7-Sens Lyon vers*Marsei,0.0,0.0
201500050281,12,9,15,7,2,13,85,1,1,1,6,A50-Sens Toulon vers*Aub,0.0,0.0
201500050282,12,9,15,3,3,13,55,1,1,8,7,A55-Sens Marseille v*ers,0.0,0.0
201500050283,13,9,15,3,3,13,85,1,1,3,6,A50-Sens Toulon vers*Aub,0.0,0.0
201500050284,7,9,15,7,2,13,28,1,9,1,3,A50-Sens Aubagne vers*To,0.0,0.0
201500050285,14,9,15,9,1,13,5,1,1,1,2,A50-Sens Marseille*vers,0.0,0.0
201500050286,13,9,15,11,1,13,55,1,1,1,2,A7-Sens Lyon vers*Marsei,0.0,0.0
201500050287,14,9,15,21,3,13,55,1,1,1,2,A7-Sens Lyon vers*Marsei,0.0,0.0
201500050288,2,9,15,22,3,13,117,1,1,1,2,A7-Sens Marseille vers*L,0.0,0.0
201500050289,11,9,15,17,1,13,55,1,1,1,4,A7-Sens Lyon vers*Marsei,0.0,0.0
201500050290,8,9,15,19,3,13,19,1,1,1,6,A51-Sens Aix en *Provenc,0.0,0.0
201500050291,16,9,15,20,3,13,55,1,1,1,2,A7-Sens Lyon vers*Marsei,0.0,0.0
201500050292,17,9,15,11,1,13,55,1,1,2,2,A7-Sens Marseille*vers*L,43.33751,5.37703
201500050293,17,9,15,16,1,13,55,1,1,1,2,Tunnel Joliette Marseill,0.0,0.0
201500050294,14,9,15,13,1,13,43,1,1,1,3,A55-Sens Martigues vers,0.0,0.0
201500050295,16,9,15,8,1,13,106,1,1,1,2,A51-Sens Aix en*Provence,0.0,0.0
201500050296,19,9,15,22,3,13,55,1,1,1,2,A7-Sens Marseille vers L,0.0,0.0
201500050297,22,9,15,8,1,13,55,1,1,1,3,A50-Sens Aubagne vers*Ma,0.0,0.0
201500050298,22,9,15,7,1,13,55,1,1,1,2,A50-Sens Aubagne vers*Ma,0.0,0.0
201500050299,23,9,15,7,2,13,81,1,1,1,4,A7-Sens Lyon vers*Marsei,0.0,0.0
201500050300,23,9,15,8,1,13,15,1,1,1,4,A51-Sens Aix en*Provence,0.0,0.0
201500050301,23,9,15,7,1,13,55,1,1,1,4,A7-Sens Lyon vers*Marsei,0.0,0.0
201500050302,23,9,15,12,1,13,1,1,1,1,2,A51-Sens Marseille*vers,0.0,0.0
201500050303,24,9,15,19,2,13,55,1,1,1,1,A55-Sens Marseille vers,0.0,0.0
201500050304,25,9,15,15,1,13,55,1,1,1,2,A7-Sens Lyon vers Marsei,0.0,0.0
201500050305,8,9,15,21,5,13,56,1,1,1,3,A55-Sens Marseille*vers,0.0,0.0
201500050306,22,9,15,17,1,13,55,1,1,1,4,Tunnel Joliette Marseill,0.0,0.0
201500050307,25,9,15,17,1,13,71,1,1,1,4,A7-Sens Marseille vers*L,0.0,0.0
201500050308,25,9,15,17,1,13,55,1,1,1,5,S10CM-Sens Marseille ver,0.0,0.0
201500050309,24,9,15,17,1,13,55,1,1,1,5,S10CM-Sens Marseille*ver,0.0,0.0
201500050310,25,9,15,22,3,13,55,1,1,1,2,A55-Sens Martigues vers,0.0,0.0
201500050311,28,9,15,14,1,13,55,1,1,1,6,A50-Sens Aubagne vers*Ma,0.0,0.0
201500050312,30,9,15,17,1,13,55,1,1,1,2,A55-Sens Martigues*vers,0.0,0.0
201500050313,30,9,15,23,3,13,71,1,1,1,5,A55 - Sens Marseille*ver,0.0,0.0
201500050314,1,10,15,8,1,13,71,1,1,1,2,A7-Sens Lyon vers*Marsei,0.0,0.0
201500050315,2,10,15,6,3,13,55,1,1,1,2,A7-Sens Marseille vers*L,0.0,0.0
201500050316,3,10,15,4,3,13,55,1,1,1,5,A50-Sens Marseille vers,43.29466,5.4646
201500050317,3,10,15,15,1,13,55,1,1,2,3,A55-Sens Marseille*vers,0.0,0.0
201500050318,28,9,15,19,3,13,85,1,1,8,6,A50-Sens Toulon vers*Aub,0.0,0.0
201500050319,3,10,15,21,3,13,55,1,1,2,2,A55-Sens Martigues*vers,0.0,0.0
201500050320,3,10,15,23,3,13,55,1,1,2,7,A55-Sens Marseille*vers,0.0,0.0
201500050321,4,10,15,9,1,13,71,1,1,1,2,A51-Sens Aix en*Provence,0.0,0.0
201500050322,4,10,15,11,1,13,55,1,1,1,6,Tunnel Joliette*Marseill,0.0,0.0
201500050323,5,10,15,7,1,13,55,1,1,1,4,Tunnel Prado Carénage,0.0,0.0
201500050324,3,10,15,20,3,13,55,1,1,2,6,A55-Sens Martigues vers,0.0,0.0
201500050325,5,10,15,9,1,13,71,1,1,1,2,A7-Sens Lyon vers*Marsei,0.0,0.0
201500050326,6,10,15,11,1,13,85,1,1,1,5,A50-Sens Toulon vers*Aub,0.0,0.0
201500050327,5,10,15,18,1,13,106,1,1,1,6,A51-Sens Aix en*Provence,0.0,0.0
201500050328,7,10,15,8,1,13,55,1,1,1,3,A50-Sens Aubagne vers Ma,0.0,0.0
201500050329,7,10,15,15,1,13,55,1,1,1,6,A55-Sens Martigues*vers,0.0,0.0
201500050330,8,10,15,13,1,13,33,1,1,1,7,A55-Accés Carry vers Mar,0.0,0.0
201500050331,7,10,15,18,1,13,19,1,1,1,2,A51-Sens Marseille vers,0.0,0.0
201500050332,8,10,15,17,1,13,55,1,1,1,2,A7-Sens Lyon vers*Marsei,0.0,0.0
201500050333,29,7,15,0,3,13,117,1,1,1,7,A7-Sens Lyon vers Marsei,0.0,0.0
201500050334,10,10,15,16,1,13,71,1,1,1,7,A55-Sens Martigues*vers,0.0,0.0
201500050335,11,10,15,7,2,13,88,1,1,1,7,A55-Sens Marseille vers,0.0,0.0
201500050336,28,9,15,10,1,13,55,1,1,1,4,A7-Sens Lyon vers*Marsei,0.0,0.0
201500050337,11,10,15,14,1,13,55,1,1,1,7,A557-Liaison A7*Marseill,0.0,0.0
201500050338,26,5,15,15,1,13,55,1,1,1,6,A55-Sens Marseille*vers,0.0,0.0
201500050339,13,10,15,8,1,13,55,1,1,8,4,A50-Sens Aubagne vers*Ma,0.0,0.0
201500050340,12,10,15,20,3,13,5,1,1,2,7,A50 - Sens Aubagne*vers,0.0,0.0
201500050341,13,10,15,9,1,13,55,1,1,2,4,A55-Sens Martigues*vers,0.0,0.0
201500050342,14,10,15,7,2,13,19,1,1,1,1,A51-Sens*Aix*en *,43.42385,5.37417
201500050343,14,10,15,14,1,13,117,1,1,1,3,A7-Sens Lyon vers*Marsei,0.0,0.0
201500050344,9,9,15,15,1,13,71,1,1,1,7,A7-Sens Marseille vers*L,0.0,0.0
201500050345,9,10,15,9,1,13,71,1,1,1,2,A7-Sens Marseille*vers L,0.0,0.0
201500050346,16,10,15,21,3,13,15,1,1,1,2,A515CD-Gardanne vers*A51,0.0,0.0
201500050347,17,10,15,0,3,13,55,1,1,1,2,A7-Sens Lyon vers*Marsei,0.0,0.0
201500050348,17,10,15,11,1,13,22,1,1,1,2,A50-Sens Toulon*vers*Aub,0.0,0.0
201500050349,16,10,15,3,3,13,19,1,1,1,6,A51-Sens Marseille*vers,0.0,0.0
201500050350,18,10,15,3,3,13,106,1,1,1,3,A51-Sens Aix en Provence,0.0,0.0
201500050351,17,10,15,11,1,13,22,1,1,1,2,A50-Sens Aubagne*vers To,0.0,0.0
201500050352,17,10,15,0,5,13,55,1,1,1,4,A7-Sens Lyon vers Marsei,0.0,0.0
201500050353,19,10,15,9,1,13,117,1,1,8,7,A7-Sens Marseille vers L,0.0,0.0
201500050354,19,10,15,8,1,13,55,1,1,2,2,A55-Sens Martigues*vers,0.0,0.0
201500050355,14,10,15,11,1,13,56,1,1,1,4,A55-Sens Martigues*vers,0.0,0.0
201500050356,17,5,15,20,1,13,55,1,1,1,2,A7-Sens Lyon vers*Marsei,0.0,0.0
201500050357,6,8,15,9,1,13,55,1,1,1,6,Tunnel Prado Carénage,0.0,0.0
201500050358,23,10,15,19,3,13,55,1,1,1,4,A7-Sens Lyon vers*Marsei,0.0,0.0
201500050359,23,10,15,20,5,13,55,1,1,1,4,A7-Sens Lyon vers Marsei,0.0,0.0
201500050360,23,10,15,9,1,13,71,1,1,1,2,A7-Sens Marseille vers L,0.0,0.0
201500050361,24,10,15,6,3,13,85,1,1,1,2,A50-Sens Aubagne*vers To,0.0,0.0
201500050362,24,10,15,4,3,13,55,1,1,1,1,A7-Sens Lyon vers Marsei,0.0,0.0
201500050363,24,10,15,19,2,13,55,1,1,1,2,A55-Sens Martigues*vers,0.0,0.0
201500050364,21,8,15,7,1,13,71,1,1,1,6,A7-Sens Lyon vers*Marsei,0.0,0.0
201500050365,24,10,15,12,1,13,85,1,2,1,3,A50-Sens Toulon vers*Aub,0.0,0.0
201500050366,22,10,15,19,2,13,1,1,1,1,4,A51-Sens Marseille*vers,0.0,0.0
201500050367,13,10,15,10,1,13,55,1,1,2,7,A55-Sens Marseille$*vers,0.0,0.0
201500050368,28,10,15,12,1,13,56,1,1,3,3,A55-Sens Martigues vers,0.0,0.0
201500050369,30,10,15,21,3,13,55,1,1,1,6,Sens Aubagne vers*Marsei,0.0,0.0
201500050370,31,10,15,1,3,13,71,1,1,1,6,A7-Sens Lyon vers*Marsei,0.0,0.0
201500050371,31,10,15,16,1,13,28,1,1,1,3,A50-Sens Toulon vers Aub,0.0,0.0
201500050372,31,10,15,17,1,13,55,1,1,1,6,S***Aubagne vers Marsei,43.29427,5.46813
201500050373,30,10,15,7,1,13,117,1,1,1,2,A7-Sens Marseille vers L,0.0,0.0
201500050374,1,11,15,8,1,13,71,1,1,1,7,A7-Sens Lyon vers*Marsei,0.0,0.0
201500050375,2,11,15,10,1,13,55,1,1,1,2,A7-Sens Lyon vers*Marsei,0.0,0.0
201500050376,30,10,15,18,3,13,5,1,1,1,2,A502-Sens Toulon par*R.N,0.0,0.0
201500050377,26,6,15,18,1,13,19,1,1,1,2,A51-Sens Aix en*Provence,0.0,0.0
201500050378,23,8,15,20,3,13,1,1,1,3,2,A51-Sens Marseille*vers,0.0,0.0
201500050379,4,11,15,7,1,13,55,1,1,2,2,A7-Sens Marseille vers*L,0.0,0.0
201500050380,4,11,15,9,1,13,106,1,1,2,4,A51-Sens Aix en*Provence,0.0,0.0
201500050381,4,11,15,3,3,13,5,1,1,1,2,A50-Sens Aubagne vers*Ma,0.0,0.0
201500050382,4,11,15,12,1,13,56,1,1,3,7,A55-Sens Marseille*ùvers,0.0,0.0
201500050383,4,11,15,13,1,13,71,1,1,1,1,A55-Sens Martigues vers,0.0,0.0
201500050384,16,8,15,11,1,13,55,1,1,1,6,A55-Sens Marseille*vers,0.0,0.0
201500050385,5,11,15,17,2,13,55,1,1,1,4,A7-Sens Lyon vers Marsei,0.0,0.0
201500050386,6,11,15,17,3,13,15,1,1,1,4,A515CD-Gardanne vers A51,0.0,0.0
201500050387,6,11,15,22,4,13,55,1,1,1,2,A7-Sens Lyon vers Marsei,0.0,0.0
201500050388,7,11,15,14,1,13,71,1,1,1,2,A7-Sens Lyon*vers Marsei,0.0,0.0
201500050389,7,11,15,15,1,13,55,1,1,1,6,A7-Sens Marseille vers L,0.0,0.0
201500050390,7,11,15,17,3,13,55,1,1,1,4,A7-Sens Lyon vers Marsei,0.0,0.0
201500050391,9,11,15,5,3,13,5,1,1,1,2,A50-Sens Marseille*vers,0.0,0.0
201500050392,10,11,15,17,1,13,5,1,1,1,6,A52-Sens Toulon vers*Pon,0.0,0.0
201500050393,11,11,15,10,1,13,55,1,1,1,2,A50-Sens Marseille*vers,0.0,0.0
201500050394,13,9,15,9,1,13,1,1,1,1,7,A51-Sens Marseille vers,0.0,0.0
201500050395,12,11,15,19,3,13,81,1,1,1,4,A7-Sens Marseille vers*L,0.0,0.0
201500050396,3,11,15,17,2,13,56,1,1,1,5,A55-Sens Martigues*vers,0.0,0.0
201500050397,7,11,15,0,3,13,55,1,1,1,7,A7-Sens Lyon vers*Marsei,0.0,0.0
201500050398,14,11,15,1,3,13,71,1,1,1,2,A5501DSens Lyon vers A55,0.0,0.0
201500050399,13,11,15,12,1,13,43,1,1,1,2,A55-Sens Martigues*vers,0.0,0.0
201500050400,14,11,15,20,3,13,55,1,1,1,2,A7-Sens Lyon vers*Marsei,0.0,0.0
201500050401,15,11,15,4,3,13,55,1,1,1,2,A50-Sens Aubagne vers*Ma,0.0,0.0
201500050402,14,11,15,18,2,13,55,1,1,1,6,A7-Sens Marseille vers*L,0.0,0.0
201500050403,16,11,15,11,1,13,5,1,1,1,2,A50-Sens Marseille*vers,0.0,0.0
201500050404,17,11,15,10,1,13,55,1,1,1,2,A7-Sens Marseille vers L,0.0,0.0
201500050405,17,11,15,9,1,13,71,1,1,1,2,A7-Sens Lyon vers Marsei,0.0,0.0
201500050406,18,11,15,15,1,13,1,1,1,1,7,A51-Sens Marseille*vers,0.0,0.0
201500050407,18,11,15,16,1,13,55,1,1,1,6,S10CM-Sens Marseille ver,43.28262,5.39571
201500050408,19,11,15,8,1,13,56,1,1,1,2,A55-Sens Martigues vers,0.0,0.0
201500050409,21,11,15,19,3,13,55,1,1,1,4,A7-Sens Lyon vers*Marsei,0.0,0.0
201500050410,18,11,15,13,1,13,1,1,1,1,3,A51-Sens Aix en*Provence,0.0,0.0
201500050411,23,11,15,7,1,13,55,1,1,1,7,A55-Sens Marseille*vers,0.0,0.0
201500050412,23,11,15,14,1,13,71,1,1,1,4,A7-Sens Marseille vers*L,0.0,0.0
201500050413,23,11,15,20,3,13,88,1,1,1,6,A55-Sens Martigues vers,0.0,0.0
201500050414,23,11,15,8,1,13,55,1,1,1,3,Sens Aubagne vers*Marsei,0.0,0.0
201500050415,25,11,15,17,3,13,55,1,1,1,4,A7-Sens Lyon vers*Marsei,0.0,0.0
201500050416,24,11,15,21,5,13,55,1,1,1,7,A557-Liaison A7 Marseill,0.0,0.0
201500050417,26,11,15,7,1,13,15,1,1,1,6,A51-Sens Marseille*vers,0.0,0.0
201500050418,26,10,15,21,3,13,55,1,1,1,2,A7-Sens Lyon vers*Marsei,0.0,0.0
201500050419,27,11,15,14,1,13,55,1,1,1,4,A50-Sens Marseille*vers,0.0,0.0
201500050420,26,11,15,19,5,13,5,1,1,1,6,A50-Sens Aubagne vers*Ma,0.0,0.0
201500050421,27,11,15,19,5,13,55,1,1,1,4,A50-Sens Marseille*vers,0.0,0.0
201500050422,23,11,15,15,1,13,55,1,1,1,7,Tunnel Prado Carénage,0.0,0.0
201500050423,28,11,15,16,1,13,106,1,1,1,4,A51-Sens Marseille vers,0.0,0.0
201500050424,1,12,15,13,1,13,55,1,1,1,2,A55-Sens Marseille vers,0.0,0.0
201500050425,30,11,15,20,3,13,55,1,1,1,2,A55-Sens Marseille*vers,0.0,0.0
201500050426,20,11,15,5,3,13,22,1,1,1,6,A50-Sens Aubagne*vers To,0.0,0.0
201500050427,4,9,15,12,1,13,1,1,1,1,7,A51-Sens Aix en Provence,0.0,0.0
201500050428,15,11,15,18,2,13,55,1,1,1,2,A7-Sens Lyon vers*Marsei,0.0,0.0
201500050429,3,10,15,19,2,13,55,1,1,2,6,A55-Sens Marseille*vers,0.0,0.0
201500050430,3,12,15,16,1,13,55,1,1,1,2,Tunnel Joliette Marseill,0.0,0.0
201500050431,1,12,15,18,2,13,5,1,1,1,4,Sens Aubagne vers*Marsei,0.0,0.0
201500050432,4,12,15,19,3,13,71,1,1,1,4,A7-Sens Marseille vers L,0.0,0.0
201500050433,4,12,15,18,3,13,71,1,1,1,2,A7-Sens Marseille vers L,0.0,0.0
201500050434,6,12,15,5,3,13,55,1,1,2,5,A55-Sens Martigues vers,0.0,0.0
201500050435,6,12,15,15,1,13,55,1,1,2,4,A7-Sens Marseille vers L,0.0,0.0
201500050436,6,12,15,16,2,13,55,1,1,2,7,A557-Liaison A7 Marseill,0.0,0.0
201500050437,6,12,15,16,2,13,71,1,1,2,6,A51-Sens Marseille vers,0.0,0.0
201500050438,6,12,15,18,2,13,55,1,1,2,4,A55-Sens Marseille vers,0.0,0.0
201500050439,7,12,15,11,1,13,55,1,1,1,6,A7-Sens Marseille vers L,0.0,0.0
201500050440,22,9,15,17,1,13,106,1,1,1,6,A7-Sens Lyon vers Marsei,0.0,0.0
201500050441,30,10,15,18,3,13,106,1,1,1,4,A51-Sens Aix en *rovence,0.0,0.0
201500050442,9,12,15,6,4,13,55,1,1,1,6,Sens Marseille vers Auba,0.0,0.0
201500050443,8,12,15,14,1,13,71,1,1,2,3,A7-Sens Lyon vers Marsei,0.0,0.0
201500050444,10,12,15,9,1,13,55,1,1,1,2,Tunnel Prado Carénage,0.0,0.0
201500050445,10,12,15,9,1,13,55,1,9,1,4,A7-Sens Lyon vers Marsei,0.0,0.0
201500050446,9,12,15,19,3,13,1,1,1,1,5,A51-Sens Marseille vers,0.0,0.0
201500050447,8,12,15,13,1,13,1,1,1,1,3,A51-Sens Aix en Provence,0.0,0.0
201500050448,13,12,15,22,3,13,71,1,1,1,2,A7-Sens Lyon vers*Marsei,0.0,0.0
201500050449,14,12,15,21,3,13,106,1,1,1,2,A7-Sens Marseille vers L,0.0,0.0
201500050450,14,12,15,14,1,13,71,1,1,1,4,A7-Sens Marseille vers*L,0.0,0.0
201500050451,16,12,15,8,1,13,55,1,1,1,4,TVPCD-Sens Les Ports ver,0.0,0.0
201500050452,17,12,15,7,1,13,56,1,1,1,2,A55-Sens Martigues vers,0.0,0.0
201500050453,16,12,15,21,3,13,55,1,1,1,1,A50-Sens Marseille vers,0.0,0.0
201500050454,19,12,15,4,3,13,15,1,1,1,6,A51-Sens Marseille vers,0.0,0.0
201500050455,18,12,15,17,3,13,71,1,1,1,2,A7-Sens Marseille vers L,0.0,0.0
201500050456,18,12,15,18,3,13,55,1,1,1,4,A7-Sens Marseille vers L,0.0,0.0
201500050457,19,12,15,4,3,13,22,1,1,1,7,A50-Sens Aubagne vers*To,0.0,0.0
201500050458,11,12,15,18,5,13,28,1,1,1,4,A50-Sens Aubagne vers To,0.0,0.0
201500050459,17,12,15,15,1,13,71,1,1,1,2,A51-Sens Aix en Provence,0.0,0.0
201500050460,18,12,15,11,1,13,70,1,1,1,2,A50-Sens Aubagne vers*Ma,0.0,0.0
201500050461,22,12,15,5,3,13,15,1,1,1,6,A51-Sens Aix en Provence,0.0,0.0
201500050462,22,12,15,15,1,13,55,1,1,1,2,A50-Sens Marseille*vers,0.0,0.0
201500050463,23,12,15,8,1,13,55,1,1,8,6,A55-Sens Martigues vers,0.0,0.0
201500050464,23,12,15,7,2,13,71,1,1,2,7,A5502D-Sens Marseille ve,0.0,0.0
201500050465,23,12,15,13,1,13,55,1,1,1,6,A55-Sens Marseille vers,0.0,0.0
201500050466,23,12,15,17,2,13,22,1,1,2,7,A50-Sens Aubagne vers*To,0.0,0.0
201500050467,23,12,15,2,3,13,1,1,1,1,6,A51-Sens Aix en Provence,0.0,0.0
201500050468,23,12,15,12,1,13,85,1,1,2,6,A50-Sens Toulon vers*Aub,0.0,0.0
201500050469,23,12,15,12,1,13,55,1,1,2,2,A557-Liaison A7 Marseill,0.0,0.0
201500050470,25,12,15,12,1,13,55,1,1,1,4,A7-Sens Lyon vers Marsei,0.0,0.0
201500050471,27,12,15,21,3,13,71,1,1,1,2,A7-Sens Lyon vers*Marsei,0.0,0.0
201500050472,27,12,15,21,3,13,71,1,1,1,6,A55 - Sens Marseille*ver,0.0,0.0
201500050473,27,12,15,3,3,13,85,1,1,5,7,A50-Sens Aubagne*vers To,0.0,0.0
201500050474,29,12,15,3,5,13,55,1,1,1,7,A55-Sens Marseille vers,0.0,0.0
201500050475,29,12,15,19,3,13,55,1,1,1,2,A557-Liaison A7 Marseill,0.0,0.0
201500050476,30,12,15,8,1,13,70,1,1,1,2,A50-Sens Marseille*vers,0.0,0.0
201500050477,30,12,15,11,1,13,55,1,1,1,4,S10CM-Sens Marseille ver,0.0,0.0
201500050478,3,1,15,14,1,75,101,2,7,2,7,"13, PLACE DU PONT NEUF",0.0,0.0
201500050479,5,1,15,18,5,75,101,2,3,8,3,"182, RUE DE RIVOLI",0.0,0.0
201500050480,26,1,15,9,1,75,101,2,3,2,3,BOULEVARD DE SEBASTOPOL,0.0,0.0
201500050481,26,1,15,9,1,75,101,2,1,8,2,"214, RUE DE RIVOLI",0.0,0.0
201500050482,27,1,15,19,5,75,101,2,1,1,3,"3, RUE DE CASTIGLIONE",0.0,0.0
201500050483,23,1,15,17,1,75,101,2,1,1,2,"7, BOULEVARD DE SEBASTOP",0.0,0.0
201500050484,24,1,15,21,5,75,101,2,3,1,3,"128, RUE DE RIVOLI",0.0,0.0
201500050485,2,2,15,9,1,75,101,2,5,2,6,"7, BOULEVARD DE SEBASTOP",0.0,0.0
201500050486,2,2,15,18,3,75,101,2,1,1,3,RUE DE RIVOLI,0.0,0.0
201500050487,5,2,15,9,1,75,101,2,2,1,3,"41, RUE CAMBON",0.0,0.0
201500050488,6,2,15,14,1,75,101,2,2,1,3,"44, RUE DU LOUVRE",0.0,0.0
201500050489,13,2,15,15,1,75,101,2,1,1,7,48 QUAI DES TUILERIES,0.0,0.0
201500050490,14,2,15,0,5,75,101,2,3,3,2,"172, RUE DE RIVOLI",0.0,0.0
201500050491,15,2,15,5,5,75,101,2,5,1,2,"19, AVENUE GENERAL LEMON",0.0,0.0
201500050492,20,2,15,22,5,75,101,2,1,2,4,"I-5406, VOIE GEORGES POM",0.0,0.0
201500050493,23,2,15,13,1,75,101,2,3,1,3,"55bis, BOULEVARD DE SEBA",0.0,0.0
201500050494,23,2,15,20,5,75,101,2,3,8,6,"244, RUE DE RIVOLI",0.0,0.0
201500050495,26,2,15,23,5,75,101,2,7,2,6,"3, PLACE DES PYRAMIDES",0.0,0.0
201500050496,24,2,15,13,1,75,101,2,1,1,6,"4, RUE JEAN JACQUES ROUS",0.0,0.0
201500050497,5,3,15,11,1,75,101,2,2,1,3,"130, RUE DE RIVOLI",0.0,0.0
201500050498,5,3,15,15,1,75,101,2,5,1,3,"21, AVENUE DE L OPERA",0.0,0.0
201500050499,6,3,15,9,1,75,101,2,1,1,2,"33, QUAI DE L HORLOGE",0.0,0.0
201500050500,7,3,15,7,1,75,102,2,2,1,2,RUE REAUMUR,0.0,0.0
201500050501,12,3,15,1,5,75,101,2,3,1,6,"162, RUE DE RIVOLI",0.0,0.0
201500050502,24,3,15,10,1,75,101,2,3,1,7,"2, RUE CROIX DES PETITS",0.0,0.0
201500050503,26,3,15,9,1,75,101,2,1,1,7,"1, QUAI DES TUILERIES",0.0,0.0
201500050504,28,3,15,3,5,75,101,2,1,2,6,"15, RUE DU LOUVRE",0.0,0.0
201500050505,30,3,15,10,1,75,101,2,4,1,3,"8, AVENUE DE L OPERA",0.0,0.0
201500050506,30,3,15,10,1,75,101,2,7,1,6,"13, PLACE DU MARCHE SAIN",0.0,0.0
201500050507,3,4,15,12,1,75,101,2,3,8,6,"118, RUE DE RIVOLI",0.0,0.0
201500050508,3,4,15,19,2,75,101,2,1,3,7,"12, QUAI FRANCOIS MITTER",0.0,0.0
201500050509,5,4,15,15,1,75,101,2,1,1,3,"370, RUE SAINT HONORE",0.0,0.0
201500050510,9,4,15,14,1,75,101,2,5,1,3,"43, RUE DE RIVOLI",0.0,0.0
201500050511,11,4,15,15,1,75,101,2,7,1,3,"6, RUE DE L AMIRAL DE CO",0.0,0.0
201500050512,12,4,15,10,1,75,101,2,2,1,1,RUE DU LOUVRE,0.0,0.0
201500050513,14,4,15,6,2,75,101,2,3,1,2,QUAI DES TUILERIES,0.0,0.0