Num_Acc,jour,mois,an,hr,condition_eclairage,departement,commune,condition_agglomeration,intersection,condition_atmosphere,type_collision,adresse,lattitude,longitude
201500050514,14,4,15,9,1,75,101,2,1,1,4,"198, RUE DE RIVOLI",0.0,0.0
201500050515,16,4,15,13,1,75,108,2,2,1,3,PONT ALEXANDRE III,0.0,0.0
201500050516,20,4,15,17,1,75,109,2,1,7,6,"15, RUE SAINT LAZARE",0.0,0.0
201500050517,21,4,15,21,5,75,101,2,4,1,7,QUAI DES TUILERIES,0.0,0.0
201500050518,25,4,15,14,1,75,101,2,1,1,3,"29, RUE ETIENNE MARCEL",0.0,0.0
201500050519,25,4,15,16,1,75,101,2,2,2,3,"156, RUE DE RIVOLI",0.0,0.0
201500050520,27,4,15,12,1,75,101,2,2,1,6,"53, RUE DE RIVOLI",0.0,0.0
201500050521,27,4,15,21,5,75,101,2,2,1,6,"102, RUE DE RIVOLI",0.0,0.0
201500050522,30,4,15,17,1,75,101,2,1,2,6,RUE DE L AMIRAL DE COLIG,0.0,0.0
201500050523,30,4,15,17,1,75,101,2,7,2,7,"35, RUE DANIELLE CASANOV",0.0,0.0
201500050524,1,5,15,6,5,75,101,2,2,2,2,"44, RUE DU LOUVRE",0.0,0.0
201500050525,2,5,15,17,1,75,101,2,2,2,2,"5, AVENUE DE L OPERA",0.0,0.0
201500050526,4,5,15,18,1,75,101,2,1,2,2,"7, BOULEVARD DE SEBASTOP",0.0,0.0
201500050527,5,5,15,9,1,75,101,2,1,2,7,QUAI DES TUILERIES,0.0,0.0
201500050528,6,5,15,17,1,75,101,2,2,3,6,"10, RUE DU LOUVRE",0.0,0.0
201500050529,8,5,15,5,2,75,101,2,2,1,3,"1, QUAI FRANCOIS MITTERR",0.0,0.0
201500050530,18,5,15,11,1,75,101,2,3,1,6,"4, AVENUE GENERAL LEMONN",0.0,0.0
201500050531,18,5,15,14,1,75,101,2,1,1,6,"4, BOULEVARD DU PALAIS",0.0,0.0
201500050532,19,5,15,12,1,75,101,2,2,1,7,"98, RUE DE RIVOLI",0.0,0.0
201500050533,19,5,15,21,5,75,101,2,1,1,7,QUAI DES TUILERIES,0.0,0.0
201500050534,23,5,15,20,1,75,101,2,2,1,2,QUAI FRANCOIS MITTERRAND,0.0,0.0
201500050535,31,5,15,12,1,75,101,2,2,2,7,"1, AVENUE GENERAL LEMONN",0.0,0.0
201500050536,30,1,15,13,1,75,101,2,3,1,7,"0, QUAI FRANCOIS MITTERR",0.0,0.0
201500050537,11,2,15,9,1,75,101,2,3,1,7,QUAI DES TUILERIES,0.0,0.0
201500050538,4,6,15,18,1,75,101,2,7,1,3,"02, AVENUE DE L OPERA",0.0,0.0
201500050539,5,6,15,12,1,75,101,2,2,1,6,"2, PONT DU CARROUSEL",0.0,0.0
201500050540,12,6,15,14,1,75,101,2,3,1,3,"74, QUAI DES ORFEVRES",0.0,0.0
201500050541,16,6,15,9,1,75,101,2,5,1,1,"157, RUE SAINT HONORE",0.0,0.0
201500050542,18,6,15,10,1,75,101,2,2,1,6,"122, RUE DE RIVOLI",0.0,0.0
201500050543,22,6,15,12,1,75,101,2,3,1,7,"29, BOULEVARD DE SEBASTO",0.0,0.0
201500050544,27,6,15,18,1,75,101,2,1,1,6,"104, RUE DE RIVOLI",0.0,0.0
201500050545,29,6,15,17,1,75,101,2,2,1,6,"31, RUE ETIENNE MARCEL",0.0,0.0
201500050546,29,6,15,18,1,75,101,2,1,1,2,RUE SAINT HONORE,0.0,0.0
201500050547,30,6,15,19,1,75,101,2,2,1,3,RUE THERESE,0.0,0.0
201500050548,1,7,15,10,1,75,102,2,5,1,6,"162, RUE MONTMARTRE",0.0,0.0
201500050549,1,7,15,20,1,75,101,2,3,1,3,RUE DE RIVOLI,0.0,0.0
201500050550,3,7,15,8,1,75,101,2,1,1,7,VOIE GEORGES POMPIDOU,0.0,0.0
201500050551,3,7,15,8,1,75,101,2,1,1,7,VOIE GEORGES POMPIDOU,0.0,0.0
201500050552,13,7,15,15,1,75,101,2,1,1,6,PLACE DU CARROUSEL,0.0,0.0
201500050553,14,7,15,0,5,75,101,2,5,1,3,"41, RUE DE RIVOLI",0.0,0.0
201500050554,15,7,15,10,1,75,101,2,3,1,3,"232, RUE DE RIVOLI",0.0,0.0
201500050555,15,7,15,10,1,75,101,2,7,1,2,"2 ter, QUAI DE LA MEGISS",0.0,0.0
201500050556,15,7,15,22,2,75,101,2,3,1,3,"2, RUE SAINT ROCH",0.0,0.0
201500050557,21,7,15,8,1,75,101,2,3,1,2,"196, RUE DE RIVOLI",0.0,0.0
201500050558,21,7,15,12,1,75,101,2,2,1,3,RUE DU PONT NEUF,0.0,0.0
201500050559,28,7,15,21,2,75,101,2,2,8,2,"04, BOULEVARD DE SEBASTO",0.0,0.0
201500050560,30,7,15,12,1,75,101,2,1,1,6,"44, RUE DU LOUVRE",0.0,0.0
201500050561,2,8,15,15,1,75,101,2,1,1,6,QUAI FRANCOIS MITTERRAND,0.0,0.0
201500050562,3,8,15,14,1,75,101,2,2,1,3,"12, QUAI FRANCOIS MITTER",0.0,0.0
201500050563,7,8,15,17,1,75,101,2,7,2,7,"2, QUAI DE LA MEGISSERIE",0.0,0.0
201500050564,10,8,15,1,5,75,101,2,2,1,6,"49, BOULEVARD DE SEBASTO",0.0,0.0
201500050565,17,8,15,16,1,75,101,2,7,1,6,", RUE DE RIVOLI",0.0,0.0
201500050566,22,8,15,2,5,75,101,2,2,1,2,"5, QUAI FRANCOIS MITTERR",0.0,0.0
201500050567,28,8,15,9,1,75,101,2,2,1,4,"25, BOULEVARD DE SEBASTO",0.0,0.0
201500050568,29,8,15,11,1,75,104,2,7,1,3,"2, PLACE DU CHATELET",0.0,0.0
201500050569,3,9,15,14,1,75,101,2,7,1,6,PLACE DU CARROUSEL,0.0,0.0
201500050570,4,9,15,20,5,75,101,2,3,1,7,VOIE GEORGES POMPIDOU,0.0,0.0
201500050571,8,9,15,20,2,75,104,2,1,1,6,"42, RUE VIEILLE DU TEMPL",0.0,0.0
201500050572,9,9,15,6,1,75,101,2,4,1,6,"6, QUAI DES TUILERIES",0.0,0.0
201500050573,9,9,15,17,1,75,101,2,1,1,3,"15, AVENUE DE L OPERA",0.0,0.0
201500050574,10,9,15,13,1,75,101,2,2,1,3,"63, BOULEVARD DE SEBASTO",0.0,0.0
201500050575,14,9,15,11,1,75,103,2,3,1,7,"88, RUE DES ARCHIVES",0.0,0.0
201500050576,17,9,15,15,1,75,101,2,4,1,3,QUAI DES TUILERIES,0.0,0.0
201500050577,22,9,15,22,5,75,101,2,3,2,6,"29, BOULEVARD DE SEBASTO",0.0,0.0
201500050578,24,9,15,23,5,75,104,2,1,2,2,PONT DE SULLY,0.0,0.0
201500050579,27,9,15,0,5,75,101,2,2,1,6,"49, BOULEVARD DE SEBASTO",0.0,0.0
201500050580,9,10,15,13,1,75,101,2,7,1,3,"01, QUAI DES TUILERIES",0.0,0.0
201500050581,24,10,15,0,5,75,101,2,1,1,4,"134, RUE DE RIVOLI",0.0,0.0
201500050582,28,10,15,10,1,75,101,2,3,8,7,"244, RUE DE RIVOLI",0.0,0.0
201500050583,29,10,15,19,5,75,101,2,1,1,6,PONT AU CHANGE,0.0,0.0
201500050584,29,10,15,23,5,75,104,2,1,1,6,"14, RUE DE RIVOLI",0.0,0.0
201500050585,1,11,15,11,1,75,101,2,2,1,3,"25, RUE DU LOUVRE",0.0,0.0
201500050586,3,11,15,18,5,75,101,2,1,1,6,"19, RUE DU LOUVRE",0.0,0.0
201500050587,5,11,15,19,5,75,101,2,3,2,6,"202, RUE SAINT HONORE",0.0,0.0
201500050588,11,11,15,13,1,75,101,2,2,1,3,RUE CAMBON,0.0,0.0
201500050589,15,11,15,15,1,75,101,2,2,1,2,"99, RUE DE RIVOLI",0.0,0.0
201500050590,16,11,15,16,1,75,101,2,4,1,6,QUAI DES TUILERIES,0.0,0.0
201500050591,18,11,15,17,2,75,101,2,3,1,3,"1, PLACE DU LOUVRE",0.0,0.0
201500050592,19,11,15,17,5,75,101,2,2,1,3,"40, RUE DU LOUVRE",0.0,0.0
201500050593,20,11,15,17,5,75,101,2,1,2,3,"252, RUE DE RIVOLI",0.0,0.0
201500050594,21,11,15,23,5,75,104,2,2,1,3,"/, BOULEVARD HENRI IV",0.0,0.0
201500050595,25,11,15,9,1,75,101,2,1,2,7,"08, PLACE VENDOME",0.0,0.0
201500050596,25,11,15,10,1,75,101,2,3,2,7,"59, RUE DE RIVOLI",0.0,0.0
201500050597,29,11,15,9,1,75,102,2,3,2,7,"09, BOULEVARD POISSONNIE",0.0,0.0
201500050598,5,12,15,17,5,75,101,2,1,1,3,"09, BOULEVARD DE LA MADE",0.0,0.0
201500050599,7,12,15,0,5,75,101,2,1,1,6,"32, VOIE GEORGES POMPIDO",0.0,0.0
201500050600,15,12,15,17,2,75,101,2,1,2,6,"354, RUE SAINT HONORE",0.0,0.0
201500050601,15,12,15,18,5,75,101,2,2,3,3,RUE DE CASTIGLIONE,0.0,0.0
201500050602,17,12,15,9,1,75,101,2,3,1,3,"248, RUE DE RIVOLI",0.0,0.0
201500050603,17,12,15,17,2,75,101,2,3,1,6,"9, RUE DU LOUVRE",0.0,0.0
201500050604,19,12,15,16,5,75,101,2,2,1,6,"9, BOULEVARD DE SEBASTOP",0.0,0.0
201500050605,19,12,15,17,1,75,101,2,2,1,6,"194, RUE DE RIVOLI",0.0,0.0
201500050606,21,12,15,16,1,75,101,2,2,1,3,"40, RUE DU LOUVRE",0.0,0.0
201500050607,28,12,15,18,5,75,101,2,1,1,2,"0, SOUTERRAIN LEMONNIER",0.0,0.0
201500050608,1,1,15,6,5,75,102,2,3,1,6,"07, BOULEVARD POISSONNIE",0.0,0.0
201500050609,2,1,15,9,1,75,102,2,5,8,3,"1, BOULEVARD DE BONNE NO",0.0,0.0
201500050610,6,1,15,5,5,75,102,2,2,1,6,AVENUE DE L OPERA,0.0,0.0
201500050611,9,1,15,15,1,75,102,2,3,1,4,"84, RUE DE RICHELIEU",0.0,0.0
201500050612,17,1,15,21,5,75,102,2,1,1,2,"102, RUE REAUMUR",0.0,0.0
201500050613,19,1,15,11,1,75,102,2,2,1,3,BOULEVARD DE BONNE NOUVE,0.0,0.0
201500050614,3,2,15,18,2,75,109,2,2,1,2,"14, BOULEVARD HAUSSMANN",0.0,0.0
201500050615,4,2,15,10,1,75,102,2,2,1,3,"18, RUE DE LA PAIX",0.0,0.0
201500050616,5,2,15,11,1,75,102,2,1,1,6,"04, PLACE DE L OPERA",0.0,0.0
201500050617,6,2,15,9,1,75,109,2,2,1,6,"24, BOULEVARD DES ITALIE",0.0,0.0
201500050618,9,2,15,9,1,75,102,2,1,1,6,"34, RUE ETIENNE MARCEL",0.0,0.0
201500050619,17,2,15,6,5,75,102,2,5,1,3,"23, RUE D ABOUKIR",0.0,0.0
201500050620,20,2,15,9,1,75,102,2,1,2,2,"25, BOULEVARD DE BONNE N",0.0,0.0
201500050621,20,2,15,22,4,75,102,2,1,2,7,"101, BOULEVARD DE SEBAST",0.0,0.0
201500050622,22,2,15,2,4,75,101,2,5,1,6,"1, QUAI DU LOUVRE",0.0,0.0
201500050623,23,2,15,19,5,75,109,2,1,1,6,"2, RUE SCRIBE",0.0,0.0
201500050624,26,2,15,18,5,75,102,2,1,3,7,"01, BOULEVARD DES CAPUCI",0.0,0.0
201500050625,28,2,15,23,5,75,102,2,2,2,6,"141, BOULEVARD DE SEBAST",0.0,0.0
201500050626,2,3,15,23,5,75,102,2,2,1,7,"111, RUE REAUMUR",0.0,0.0
201500050627,4,3,15,18,1,75,102,2,1,1,3,"14, RUE DU MAIL",0.0,0.0
201500050628,12,3,15,2,5,75,102,2,2,1,3,RUE DE RICHELIEU,0.0,0.0
201500050629,18,3,15,14,1,75,102,2,2,1,3,RUE DU LOUVRE,0.0,0.0
201500050630,18,3,15,12,1,75,102,2,2,1,6,RUE REAUMUR,0.0,0.0
201500050631,20,3,15,13,1,75,102,2,2,1,6,"14, RUE DU QUATRE SEPTEM",0.0,0.0
201500050632,25,3,15,19,5,75,102,2,2,2,3,BOULEVARD DES CAPUCINES,0.0,0.0
201500050633,27,3,15,8,1,75,102,2,2,1,3,"94, RUE DE RICHELIEU",0.0,0.0
201500050634,10,4,15,19,5,75,102,2,1,1,6,"13, BOULEVARD SAINT DENI",0.0,0.0
201500050635,10,4,15,22,5,75,110,2,5,1,6,BOULEVARD DE BONNE NOUVE,0.0,0.0
201500050636,17,4,15,23,5,75,102,2,2,1,3,RUE DE LA MICHODIERE,0.0,0.0
201500050637,23,4,15,15,1,75,102,2,2,7,6,"54, RUE DU LOUVRE",0.0,0.0
201500050638,24,4,15,19,1,75,104,2,1,1,6,"12, RUE FRANCOIS MIRON",0.0,0.0
201500050639,1,5,15,18,1,75,102,2,3,2,2,RUE D AMBOISE,0.0,0.0
201500050640,8,5,15,1,5,75,102,2,2,1,6,"56, RUE DU LOUVRE",0.0,0.0
201500050641,8,5,15,14,1,75,102,2,5,1,6,"3, RUE DANIELLE CASANOVA",0.0,0.0
201500050642,9,5,15,15,1,75,102,2,2,1,3,"62, RUE DU LOUVRE",0.0,0.0
201500050643,10,5,15,21,2,75,102,2,5,1,3,"21, RUE DU QUATRE SEPTEM",0.0,0.0
201500050644,15,5,15,19,1,75,102,2,2,1,6,"35, BOULEVARD DES CAPUCI",0.0,0.0
201500050645,18,5,15,21,5,75,102,2,7,2,3,AVENUE DE L OPERA,0.0,0.0
201500050646,27,5,15,12,1,75,102,2,1,1,6,"5, RUE SAINT FIACRE",0.0,0.0
201500050647,28,5,15,12,1,75,102,2,7,1,4,"2, PLACE DE L OPERA",0.0,0.0
201500050648,31,5,15,10,1,75,102,2,1,8,6,"11, RUE DANIELLE CASANOV",0.0,0.0
201500050649,4,6,15,13,1,75,102,2,5,1,3,"62, RUE DU LOUVRE",0.0,0.0
201500050650,7,6,15,12,1,75,102,2,2,1,6,"103, RUE DE RICHELIEU",0.0,0.0
201500050651,8,6,15,8,1,75,102,2,2,1,3,RUE DU QUATRE SEPTEMBRE,0.0,0.0
201500050652,8,6,15,18,1,75,110,2,2,1,1,"0, BOULEVARD SAINT DENIS",0.0,0.0
201500050653,9,6,15,19,1,75,101,2,1,1,6,"01, QUAI FRANCOIS MITTER",0.0,0.0
201500050654,9,7,15,9,1,75,102,2,1,1,3,"15, BOULEVARD POISSONNIE",0.0,0.0
201500050655,18,9,15,16,1,75,102,2,2,3,3,"17, RUE DU QUATRE SEPTEM",0.0,0.0
201500050656,5,6,15,17,1,75,102,2,1,1,3,RUE DE LA PAIX,0.0,0.0
201500050657,15,6,15,17,1,75,102,2,3,1,6,"248, RUE SAINT DENIS",0.0,0.0
201500050658,16,6,15,12,1,75,103,2,1,1,6,"34, RUE DE TURBIGO",0.0,0.0
201500050659,22,6,15,9,1,75,103,2,2,1,7,BOULEVARD DE SEBASTOPOL,0.0,0.0
201500050660,25,6,15,17,1,75,102,2,1,1,6,"31, RUE VIVIENNE",0.0,0.0
201500050661,26,6,15,19,1,75,102,2,2,1,3,"11, BOULEVARD SAINT DENI",0.0,0.0
201500050662,29,6,15,9,1,75,102,2,2,1,7,"27, RUE SAINT AUGUSTIN",0.0,0.0
201500050663,29,6,15,21,2,75,102,2,2,1,7,"54, RUE DU LOUVRE",0.0,0.0
201500050664,1,7,15,9,1,75,102,2,3,1,6,"23, BOULEVARD DE BONNE N",0.0,0.0
201500050665,4,7,15,20,1,75,102,2,1,1,6,"94, RUE MONTMARTRE",0.0,0.0
201500050666,8,7,15,9,1,75,102,2,7,1,3,AVENUE DE L OPERA,0.0,0.0
201500050667,8,7,15,16,1,75,109,2,2,1,6,"10, BOULEVARD MONTMARTRE",0.0,0.0
201500050668,10,7,15,9,1,75,102,2,2,1,3,"28, RUE SAINT AUGUSTIN",0.0,0.0
201500050669,29,7,15,9,1,75,102,2,5,1,6,"29, BOULEVARD DES ITALIE",0.0,0.0
201500050670,29,7,15,16,1,75,102,2,2,1,3,"27, RUE DU QUATRE SEPTEM",0.0,0.0
201500050671,4,8,15,19,1,75,102,2,7,1,2,"23, RUE DE LA PAIX",0.0,0.0
201500050672,6,8,15,12,1,75,102,2,1,1,3,"75, BOULEVARD DE SEBASTO",0.0,0.0
201500050673,10,8,15,12,1,75,102,2,2,1,7,"58, RUE DE RICHELIEU",0.0,0.0
201500050674,12,8,15,15,1,75,102,2,5,1,6,"23, RUE LOUIS LE GRAND",0.0,0.0
201500050675,14,8,15,17,1,75,102,2,1,7,7,"7, BOULEVARD DES CAPUCIN",0.0,0.0
201500050676,11,8,15,13,1,75,103,2,2,1,3,"21, RUE REAUMUR",0.0,0.0
201500050677,19,8,15,0,5,75,102,2,3,1,7,RUE MONTMARTRE,0.0,0.0
201500050678,3,9,15,2,5,75,103,2,2,1,6,"87, RUE BEAUBOURG",0.0,0.0
201500050679,8,9,15,9,1,75,102,2,5,1,3,"62, RUE DU LOUVRE",0.0,0.0
201500050680,12,9,15,11,1,75,102,2,3,8,2,"41, AVENUE DE L OPERA",0.0,0.0
201500050681,13,9,15,23,5,75,104,2,1,1,3,"39, RUE DE RIVOLI",0.0,0.0
201500050682,14,9,15,16,1,75,102,2,1,1,6,"15, BOULEVARD SAINT DENI",0.0,0.0
201500050683,15,9,15,11,1,75,102,2,2,1,3,RUE DU LOUVRE,0.0,0.0
201500050684,15,9,15,17,1,75,109,2,1,1,6,"02, RUE DE LONDRES",0.0,0.0
201500050685,16,9,15,17,1,75,102,2,1,2,2,"33, PLACE DE LA BOURSE",0.0,0.0
201500050686,17,9,15,8,1,75,102,2,2,8,7,"29, BOULEVARD POISSONNIE",0.0,0.0
201500050687,22,9,15,20,5,75,102,2,2,2,7,"76, RUE REAUMUR",0.0,0.0
201500050688,23,9,15,12,1,75,102,2,1,1,6,"25, RUE LOUIS LE GRAND",0.0,0.0
201500050689,23,9,15,20,5,75,102,2,1,1,2,"40, RUE ETIENNE MARCEL",0.0,0.0
201500050690,24,9,15,15,1,75,102,2,2,1,2,"18, RUE DU QUATRE SEPTEM",0.0,0.0
201500050691,25,9,15,16,1,75,102,2,2,1,3,"1, BOULEVARD POISSONNIER",0.0,0.0
201500050692,28,9,15,19,5,75,102,2,1,1,7,AVENUE DE L OPERA,0.0,0.0
201500050693,29,9,15,9,1,75,102,2,2,1,3,"1, BOULEVARD POISSONNIER",0.0,0.0
201500050694,29,9,15,11,1,75,102,2,4,1,3,"250, RUE SAINT DENIS",0.0,0.0
201500050695,30,9,15,20,5,75,104,2,1,1,6,"29, RUE DE RIVOLI",0.0,0.0
201500050696,2,10,15,0,5,75,102,2,5,1,6,"28, RUE DU QUATRE SEPTEM",0.0,0.0
201500050697,5,10,15,10,1,75,102,2,7,1,6,RUE DE LA PAIX,0.0,0.0
201500050698,7,10,15,19,5,75,102,2,1,1,6,"30, RUE BLONDEL",0.0,0.0
201500050699,8,10,15,9,1,75,102,2,1,1,3,"163, RUE MONTMARTRE",0.0,0.0
201500050700,8,10,15,12,1,75,102,2,1,1,6,"13, BOULEVARD SAINT DENI",0.0,0.0
201500050701,15,10,15,23,5,75,102,2,2,1,6,RUE DE LA MICHODIERE,0.0,0.0
201500050702,16,10,15,7,5,75,109,2,3,2,6,"26, RUE LAFFITTE",0.0,0.0
201500050703,16,10,15,13,1,75,102,2,7,2,6,"49, AVENUE DE L OPERA",0.0,0.0
201500050704,17,10,15,19,5,75,109,2,2,1,2,"1, RUE BERGERE",0.0,0.0
201500050705,18,10,15,7,2,75,102,2,2,1,3,"15, RUE DU QUATRE SEPTEM",0.0,0.0
201500050706,21,10,15,21,5,75,102,2,1,2,7,"5, BOULEVARD MONTMARTRE",0.0,0.0
201500050707,21,10,15,22,4,75,102,2,2,2,6,"27, RUE DU QUATRE SEPTEM",0.0,0.0
201500050708,23,10,15,5,5,75,110,2,2,1,3,"19, BOULEVARD SAINT DENI",0.0,0.0
201500050709,26,10,15,18,2,75,102,2,2,1,7,"87, RUE REAUMUR",0.0,0.0
201500050710,31,10,15,0,5,75,102,2,2,1,5,RUE DU QUATRE SEPTEMBRE,0.0,0.0
201500050711,1,11,15,5,5,75,102,2,2,1,6,"46, RUE ETIENNE MARCEL",0.0,0.0
201500050712,31,10,15,20,5,75,102,2,4,1,3,"07, BOULEVARD DE BONNE N",0.0,0.0
201500050713,1,11,15,17,5,75,101,2,1,1,6,L107536QUAI DES TUILERIE,0.0,0.0
201500050714,3,11,15,9,1,75,102,2,3,2,7,"152, RUE MONTMARTRE",0.0,0.0
201500050715,4,11,15,18,5,75,102,2,1,1,3,"27, BOULEVARD POISSONNIE",0.0,0.0
201500050716,5,11,15,17,2,75,109,2,1,1,3,"22, BOULEVARD POISSONNIE",0.0,0.0
201500050717,5,11,15,20,5,75,101,2,7,1,2,PLACE DU CARROUSEL,0.0,0.0
201500050718,6,11,15,9,1,75,102,2,2,1,6,"44, RUE ETIENNE MARCEL",0.0,0.0
201500050719,6,11,15,16,1,75,102,2,7,2,6,"9, PLACE DE LA BOURSE",0.0,0.0
201500050720,10,11,15,14,1,75,101,2,1,1,4,QUAI DES TUILERIES,0.0,0.0
201500050721,12,11,15,10,1,75,109,2,2,1,3,"33, RUE DE CHATEAUDUN",0.0,0.0
201500050722,16,11,15,14,1,75,102,2,2,2,3,BOULEVARD SAINT DENIS,0.0,0.0
201500050723,19,11,15,9,1,75,102,2,7,1,3,"4, PLACE DE L OPERA",0.0,0.0
201500050724,24,11,15,17,2,75,102,2,2,2,3,"81, BOULEVARD DE SEBASTO",0.0,0.0
201500050725,24,11,15,23,5,75,102,2,2,2,3,RUE VIVIENNE,0.0,0.0
201500050726,28,11,15,21,5,75,102,2,2,1,6,"29, BOULEVARD DES ITALIE",0.0,0.0
201500050727,3,12,15,13,1,75,102,2,1,1,2,"125, BOULEVARD DE SEBAST",0.0,0.0
201500050728,4,12,15,8,1,75,101,2,1,1,6,RUE SAINT HONORE,0.0,0.0
201500050729,7,12,15,7,5,75,109,2,1,1,3,RUE DU HAVRE,0.0,0.0
201500050730,9,12,15,21,5,75,102,2,7,1,3,"4, PLACE DE L OPERA",0.0,0.0
201500050731,13,12,15,0,5,75,102,2,2,1,3,RUE DE GRAMONT,0.0,0.0
201500050732,13,12,15,19,2,75,101,2,2,1,7,"1, BOULEVARD DE SEBASTOP",0.0,0.0
201500050733,1,1,15,15,1,75,103,2,2,1,6,"77, BOULEVARD BEAUMARCHA",0.0,0.0
201500050734,13,1,15,0,5,75,109,2,5,1,6,"33, RUE DE MAUBEUGE",0.0,0.0
201500050735,15,1,15,1,5,75,103,2,3,2,6,"33, RUE DES GRAVILLIERS",0.0,0.0
201500050736,18,1,15,6,5,75,103,2,2,1,6,"82, BOULEVARD DE SEBASTO",0.0,0.0
201500050737,20,1,15,11,1,75,103,2,1,1,2,"78, RUE DE TURBIGO",0.0,0.0
201500050738,21,1,15,13,1,75,103,2,2,1,7,"2, RUE AUX OURS",0.0,0.0
201500050739,21,1,15,14,1,75,103,2,1,1,6,"21, PLACE DE LA REPUBLIQ",0.0,0.0
201500050740,23,1,15,15,1,75,103,2,1,1,7,"37, RUE REAUMUR",0.0,0.0
201500050741,24,1,15,2,5,75,103,2,3,1,6,"33, BOULEVARD DU TEMPLE",0.0,0.0
201500050742,24,1,15,13,1,75,103,2,2,1,6,"103, RUE BEAUBOURG",0.0,0.0
201500050743,24,1,15,18,5,75,103,2,3,1,6,"74, RUE DE TURENNE",0.0,0.0
201500050744,29,1,15,0,5,75,102,2,3,1,3,BOULEVARD DES CAPUCINES,0.0,0.0
201500050745,29,1,15,10,1,75,103,2,4,1,3,"201, RUE DU TEMPLE",0.0,0.0
201500050746,29,1,15,18,5,75,104,2,5,1,6,"01, RUE DU FIGUIER",0.0,0.0
201500050747,3,2,15,0,5,75,103,2,7,1,6,"13, PLACE DE LA REPUBLIQ",0.0,0.0
201500050748,7,2,15,21,5,75,103,2,4,1,3,"113, BOULEVARD BEAUMARCH",0.0,0.0
201500050749,15,2,15,0,5,75,103,2,2,1,6,"207, RUE DU TEMPLE",0.0,0.0
201500050750,17,2,15,19,5,75,103,2,1,1,6,"11, BOULEVARD SAINT MART",0.0,0.0
201500050751,18,2,15,13,1,75,103,2,5,1,3,"36, RUE DE TURBIGO",0.0,0.0
201500050752,19,2,15,7,1,75,103,2,2,1,6,"77, RUE DE TURBIGO",0.0,0.0
201500050753,22,2,15,14,1,75,103,2,2,1,6,"205, RUE DU TEMPLE",0.0,0.0
201500050754,23,2,15,9,1,75,103,2,3,1,3,"91, BOULEVARD BEAUMARCHA",0.0,0.0
201500050755,25,2,15,18,5,75,103,2,2,2,6,"43, RUE REAUMUR",0.0,0.0
201500050756,28,2,15,13,1,75,103,2,2,1,6,"43, RUE REAUMUR",0.0,0.0
201500050757,2,3,15,14,1,75,103,2,3,1,6,"4, RUE CAFFARELLI",0.0,0.0
201500050758,3,3,15,15,1,75,103,2,1,1,6,"33, RUE DEBELLEYME",0.0,0.0
201500050759,4,3,15,10,1,75,103,2,2,1,6,"12, RUE AUX OURS",0.0,0.0
201500050760,6,3,15,14,1,75,104,2,3,1,6,"20, RUE RAMBUTEAU",0.0,0.0
201500050761,9,3,15,10,1,75,103,2,2,1,3,"21, RUE BEAUBOURG",0.0,0.0
201500050762,12,3,15,12,1,75,103,2,2,1,3,"27, RUE BEAUBOURG",0.0,0.0
201500050763,23,3,15,10,1,75,103,2,1,1,6,"55, RUE CHARLO",0.0,0.0
201500050764,26,3,15,23,5,75,103,2,3,1,2,"251, RUE SAINT MARTIN",0.0,0.0
201500050765,28,3,15,19,5,75,103,2,5,1,7,"53, RUE DE TURBIGO",0.0,0.0
201500050766,30,3,15,8,1,75,103,2,2,1,3,"69, RUE DU TEMPLE",0.0,0.0
201500050767,30,3,15,14,1,75,103,2,2,1,6,"13, RUE DES QUATRE FILS",0.0,0.0
201500050768,7,4,15,12,1,75,103,2,2,1,6,"62, RUE REAUMUR",0.0,0.0
201500050769,8,4,15,8,1,75,103,2,2,1,2,"15, RUE DE BRETAGNE",0.0,0.0
201500050770,8,4,15,17,1,75,102,2,1,1,6,"44, RUE MONTMARTRE",0.0,0.0
201500050771,13,4,15,12,1,75,103,2,1,1,2,"13, PLACE DE LA REPUBLIQ",0.0,0.0
201500050772,16,4,15,1,5,75,103,2,1,1,7,"31, BOULEVARD SAINT MART",0.0,0.0
201500050773,17,4,15,9,1,75,103,2,1,1,6,"59, RUE DE TURBIGO",0.0,0.0
201500050774,21,4,15,12,1,75,103,2,2,1,4,"252, RUE SAINT MARTIN",0.0,0.0
201500050775,22,4,15,9,1,75,103,2,1,1,6,"23, RUE BEAUBOURG",0.0,0.0
201500050776,30,4,15,6,2,75,103,2,2,2,6,"339, RUE SAINT MARTIN",0.0,0.0
201500050777,1,5,15,0,5,75,103,2,2,2,2,"359, RUE SAINT MARTIN",0.0,0.0
201500050778,6,5,15,11,1,75,103,2,7,1,1,"207, RUE DU TEMPLE",0.0,0.0
201500050779,7,5,15,9,1,75,103,2,7,1,3,"13, PLACE DE LA REPUBLIQ",0.0,0.0
201500050780,14,5,15,15,1,75,102,2,1,3,7,"93, BOULEVARD DE SEBASTO",0.0,0.0
201500050781,24,5,15,22,5,75,103,2,2,1,3,"245, RUE SAINT MARTIN",0.0,0.0
201500050782,21,5,15,21,4,75,103,2,1,1,6,"61, BOULEVARD BEAUMARCHA",0.0,0.0
201500050783,25,5,15,16,1,75,103,2,1,1,3,"28, RUE REAUMUR",0.0,0.0
201500050784,26,5,15,11,1,75,103,2,1,1,3,"95, RUE BEAUBOURG",0.0,0.0
201500050785,27,5,15,10,1,75,103,2,1,1,2,"23, RUE BEAUBOURG",0.0,0.0
201500050786,28,5,15,16,1,75,103,2,4,1,6,"70, RUE DE TURBIGO",0.0,0.0
201500050787,31,5,15,12,1,75,103,2,3,2,7,"22, RUE BEAUBOURG",48.51407,2.2113
201500050788,3,6,15,19,1,75,101,2,2,1,6,"104, RUE DE RIVOLI",0.0,0.0
201500050789,5,6,15,19,1,75,103,2,5,1,3,"50, RUE DE TURBIGO",48.51561,2.21246
201500050790,8,6,15,15,1,75,103,2,1,1,7,"33, RUE REAUMUR",0.0,0.0
201500050791,10,6,15,17,1,75,103,2,1,1,2,"31, RUE REAUMUR",48.51556,2.21201
201500050792,11,6,15,15,1,75,103,2,3,1,6,"31, RUE BEAUBOURG",0.0,0.0
201500050793,13,6,15,17,1,75,103,2,1,1,6,"15, RUE DU GRENIER SAINT",0.0,0.0
201500050794,16,6,15,16,1,75,109,2,5,1,6,"147, RUE DU FAUBOURG POI",0.0,0.0
201500050795,18,6,15,21,2,75,103,2,2,1,6,"72, RUE REAUMUR",0.0,0.0