Num_Acc,jour,mois,an,hr,condition_eclairage,departement,commune,condition_agglomeration,intersection,condition_atmosphere,type_collision,adresse,lattitude,longitude
201500050796,22,6,15,14,1,75,103,2,2,8,6,"4, RUE SAINT GILLES",48.51277,2.22037
201500050797,23,6,15,18,1,75,103,2,1,1,6,"13, PLACE DE LA REPUBLIQ",48.52011,2.21485
201500050798,28,6,15,4,5,75,103,2,2,1,3,"1, BOULEVARD SAINT DENIS",0.0,0.0
201500050799,30,6,15,18,1,75,103,2,2,1,3,"34, RUE MICHEL LE COMTE",48.5146,2.21155
201500050800,10,7,15,11,1,75,109,2,4,1,3,"67, RUE LA FAYETTE",0.0,0.0
201500050801,16,7,15,8,1,75,103,2,2,1,3,"58, BOULEVARD DE SEBASTO",0.0,0.0
201500050802,18,7,15,1,5,75,103,2,3,1,3,"28, RUE BEAUBOURG",0.0,0.0
201500050803,19,7,15,11,1,75,103,2,1,1,6,"11, PLACE DE LA REPUBLIQ",0.0,0.0
201500050804,21,7,15,17,1,75,103,2,1,1,7,"75, RUE DE TURENNE",0.0,0.0
201500050805,23,7,15,10,1,75,103,2,2,1,2,"78, RUE DES ARCHIVES",0.0,0.0
201500050806,24,7,15,14,1,75,103,2,4,1,7,"172, RUE DU TEMPLE",0.0,0.0
201500050807,29,7,15,10,1,75,103,2,1,1,2,"237, RUE SAINT MARTIN",0.0,0.0
201500050808,31,7,15,11,1,75,103,2,5,1,6,"2, RUE DES FILLES DU CAL",0.0,0.0
201500050809,31,7,15,14,1,75,109,2,1,1,6,"46, RUE PIERRE FONTAINE",0.0,0.0
201500050810,3,8,15,14,1,75,103,2,2,1,6,"33, BOULEVARD BEAUMARCHA",0.0,0.0
201500050811,12,8,15,9,1,75,103,2,2,1,6,"86, RUE VIEILLE DU TEMPL",0.0,0.0
201500050812,15,8,15,11,1,75,103,2,2,8,6,"60, RUE DES FRANCS BOURG",0.0,0.0
201500050813,24,8,15,13,1,75,103,2,5,2,7,"160, RUE DU TEMPLE",0.0,0.0
201500050814,29,8,15,15,1,75,103,2,3,1,2,"93, BOULEVARD BEAUMARCHA",0.0,0.0
201500050815,31,8,15,12,1,75,103,2,2,1,3,"99, BOULEVARD BEAUMARCHA",0.0,0.0
201500050816,31,8,15,17,1,75,103,2,2,1,6,"45, BOULEVARD BEAUMARCHA",0.0,0.0
201500050817,3,9,15,1,5,75,103,2,1,1,6,"84, RUE DES ARCHIVES",0.0,0.0
201500050818,4,9,15,17,1,75,103,2,1,1,3,"259, RUE SAINT MARTIN",0.0,0.0
201500050819,8,9,15,15,1,75,103,2,3,1,3,"5, BOULEVARD DES FILLES",0.0,0.0
201500050820,10,9,15,16,1,75,103,2,2,1,6,"86 BIS, RUE VIEILLE DU T",0.0,0.0
201500050821,10,9,15,18,1,75,103,2,5,1,2,"53, RUE DE TURBIGO",0.0,0.0
201500050822,17,9,15,17,1,75,103,2,3,1,6,"115, RUE DU TEMPLE",0.0,0.0
201500050823,18,9,15,22,5,75,103,2,3,2,6,"91, BOULEVARD BEAUMARCHA",0.0,0.0
201500050824,22,9,15,16,1,75,103,2,3,2,7,"180, RUE DU TEMPLE",0.0,0.0
201500050825,23,9,15,17,1,75,110,2,3,1,2,"2, BOULEVARD SAINT MARTI",0.0,0.0
201500050826,29,9,15,9,1,75,103,2,2,1,2,"14, RUE FROISSART",0.0,0.0
201500050827,1,10,15,23,5,75,103,2,4,1,3,"113, BOULEVARD BEAUMARCH",0.0,0.0
201500050828,2,10,15,9,1,75,103,2,7,1,3,"21, PLACE DE LA REPUBLIQ",0.0,0.0
201500050829,3,10,15,2,5,75,103,2,3,1,2,"64, BOULEVARD DE SEBASTO",0.0,0.0
201500050830,1,10,15,19,2,75,103,2,2,1,3,"15, RUE DE BRETAGNE",0.0,0.0
201500050831,5,10,15,15,1,75,103,2,7,3,6,"09, PLACE DE LA REPUBLIQ",0.0,0.0
201500050832,5,10,15,18,2,75,103,2,1,3,3,"5BIS, RUE FROISSART",0.0,0.0
201500050833,6,10,15,8,1,75,103,2,2,3,6,"7, RUE DE BEARN",0.0,0.0
201500050834,9,10,15,9,1,75,103,2,5,7,2,"94, RUE DE TURENNE",0.0,0.0
201500050835,9,10,15,11,1,75,103,2,1,1,3,"89, RUE DE TURENNE",0.0,0.0
201500050836,10,10,15,13,1,75,103,2,3,1,6,"16, RUE DE BEARN",0.0,0.0
201500050837,14,10,15,14,1,75,103,2,2,1,3,"43, RUE DES ARCHIVES",0.0,0.0
201500050838,23,10,15,11,1,75,103,2,2,1,2,"110, BOULEVARD DE SEBAST",0.0,0.0
201500050839,26,10,15,8,1,75,103,2,1,1,6,"16, RUE DE LA PERLE",0.0,0.0
201500050840,28,10,15,9,1,75,103,2,1,1,7,"53, BOULEVARD SAINT MART",0.0,0.0
201500050841,31,10,15,18,3,75,103,2,3,1,6,"54, RUE DE TURBIGO",0.0,0.0
201500050842,8,11,15,23,5,75,103,2,1,1,6,"49, RUE MESLAY",0.0,0.0
201500050843,12,11,15,10,1,75,103,2,1,1,6,"5, RUE CHARLOT",0.0,0.0
201500050844,13,11,15,12,1,75,103,2,4,1,3,"99, BOULEVARD BEAUMARCHA",0.0,0.0
201500050845,16,11,15,14,1,75,103,2,2,8,6,"47, RUE DES FRANCS BOURG",0.0,0.0
201500050846,17,11,15,23,5,75,103,2,5,1,2,"53, BOULEVARD SAINT MART",0.0,0.0
201500050847,19,11,15,9,1,75,103,2,4,2,3,"201, RUE DU TEMPLE",0.0,0.0
201500050848,23,11,15,20,5,75,103,2,7,1,6,"24, PLACE DES VOSGES",0.0,0.0
201500050849,27,11,15,20,5,75,101,2,5,2,6,"36, RUE ETIENNE MARCEL",0.0,0.0
201500050850,7,12,15,8,1,75,103,2,1,1,6,"292, RUE SAINT MARTIN",0.0,0.0
201500050851,8,12,15,15,1,75,103,2,1,2,3,"83, RUE DE TURBIGO",0.0,0.0
201500050852,10,12,15,9,1,75,103,2,2,1,6,"114, BOULEVARD DE SEBAST",0.0,0.0
201500050853,10,12,15,12,1,75,103,2,2,1,3,"11, BOULEVARD DES FILLES",0.0,0.0
201500050854,15,12,15,15,1,75,103,2,2,8,2,"12, RUE DES HAUDRIETTES",0.0,0.0
201500050855,15,12,15,14,1,75,103,2,2,1,6,"28, RUE SAINT GILLES",0.0,0.0
201500050856,18,12,15,16,1,75,103,2,2,1,6,"43, RUE REAUMUR",0.0,0.0
201500050857,19,12,15,12,1,75,103,2,7,1,4,"15, PLACE DE LA REPUBLIQ",0.0,0.0
201500050858,27,12,15,10,1,75,102,2,7,1,6,"35, RUE DU QUATRE SEPTEM",0.0,0.0
201500050859,28,12,15,17,5,75,103,2,3,1,3,"323, RUE SAINT MARTIN",0.0,0.0
201500050860,30,12,15,11,1,75,104,2,2,1,6,"48, RUE VIEILLE DU TEMPL",0.0,0.0
201500050861,4,1,15,19,5,75,104,2,7,1,2,PLACE DE LA BASTILLE,0.0,0.0
201500050862,13,1,15,11,1,75,104,2,2,2,6,"1, RUE DE BIRAGUE",0.0,0.0
201500050863,14,1,15,11,1,75,104,2,2,2,2,"12, QUAI DE GESVRES",0.0,0.0
201500050864,16,1,15,3,5,75,109,2,2,1,3,"43, RUE DE TREVISE",0.0,0.0
201500050865,16,1,15,17,2,75,104,2,2,1,3,"96, RUE DE RIVOLI",0.0,0.0
201500050866,16,1,15,22,5,75,104,2,2,1,6,"12, QUAI DE GESVRES",0.0,0.0
201500050867,30,1,15,11,1,75,109,2,1,2,6,"09, RUE NOTRE DAME DE LO",0.0,0.0
201500050868,30,1,15,12,1,75,104,2,3,4,7,"19, RUE BEAUBOURG",0.0,0.0
201500050869,31,1,15,15,1,75,104,2,3,1,3,RUE SAINT ANTOINE,0.0,0.0
201500050870,2,2,15,9,1,75,102,2,2,2,6,"113, BOULEVARD DE SEBAST",0.0,0.0
201500050871,9,2,15,18,5,75,104,2,1,1,6,"23, RUE DE RIVOLI",0.0,0.0
201500050872,21,2,15,12,1,75,111,2,7,2,3,"14, PLACE DE LA BASTILLE",0.0,0.0
201500050873,27,2,15,8,1,75,104,2,2,1,3,"7, RUE SAINT MARTIN",0.0,0.0
201500050874,27,2,15,21,5,75,104,2,1,1,4,"0, PONT MARIE",0.0,0.0
201500050875,2,3,15,15,1,75,104,2,2,1,6,"52, RUE DE RIVOLI",0.0,0.0
201500050876,3,3,15,16,1,75,104,2,2,2,6,"15, RUE DE RIVOLI",0.0,0.0
201500050877,4,3,15,16,1,75,104,2,2,1,6,"12, BOULEVARD HENRI IV",0.0,0.0
201500050878,4,3,15,19,5,75,104,2,4,1,6,"33, RUE DE RIVOLI",0.0,0.0
201500050879,5,3,15,8,1,75,103,2,1,1,3,"11, PLACE DE LA REPUBLIQ",0.0,0.0
201500050880,6,3,15,9,1,75,103,2,2,1,3,"57, RUE DE TURBIGO",0.0,0.0
201500050881,6,3,15,16,1,75,104,2,3,1,2,"11, RUE SAINT ANTOINE",0.0,0.0
201500050882,6,3,15,23,4,75,104,2,1,1,3,"13, BOULEVARD HENRI IV",0.0,0.0
201500050883,16,3,15,16,1,75,104,2,1,1,6,"51, RUE DES FRANCS BOURG",0.0,0.0
201500050884,17,3,15,20,3,75,104,2,3,1,6,"5, BOULEVARD HENRI IV",0.0,0.0
201500050885,24,3,15,15,1,75,104,2,3,2,6,"46, RUE VIEILLE DU TEMPL",0.0,0.0
201500050886,26,3,15,10,1,75,102,2,1,1,6,"69, RUE REAUMUR",0.0,0.0
201500050887,26,3,15,11,1,75,104,2,1,2,7,"11 bis, BOULEVARD MORLAN",0.0,0.0
201500050888,27,3,15,9,1,75,104,2,3,1,3,"1, RUE DE BROSSE",0.0,0.0
201500050889,27,3,15,18,1,75,104,2,7,1,3,"02, PLACE DU CHATELET",0.0,0.0
201500050890,31,3,15,15,1,75,104,2,2,1,6,"2, QUAI DE GESVRES",0.0,0.0
201500050891,1,4,15,18,1,75,104,2,3,1,6,"18, BOULEVARD HENRI IV",0.0,0.0
201500050892,2,4,15,12,1,75,104,2,4,1,3,"60, QUAI DE L HOTEL DE V",0.0,0.0
201500050893,3,4,15,13,1,75,102,2,1,2,6,"9, RUE SAINT AUGUSTIN",0.0,0.0
201500050894,8,4,15,12,1,75,104,2,1,1,2,"84, QUAI DE L HOTEL DE V",0.0,0.0
201500050895,8,4,15,19,1,75,104,2,1,1,3,QUAI DE L HOTEL DE VILLE,0.0,0.0
201500050896,9,4,15,0,5,75,104,2,1,1,6,"19, RUE DE TURENNE",0.0,0.0
201500050897,11,4,15,3,5,75,104,2,1,1,6,"107, RUE DE L HOTEL DE V",0.0,0.0
201500050898,12,4,15,20,5,75,111,2,7,1,3,BOULEVARD BEAUMARCHAIS,0.0,0.0
201500050899,12,4,15,4,5,75,104,2,1,1,6,"28, RUE DE RIVOLI",0.0,0.0
201500050900,13,4,15,15,1,75,104,2,4,1,3,"2, RUE CRILLON",0.0,0.0
201500050901,20,4,15,14,1,75,104,2,1,1,6,"1, RUE SAINT ANTOINE",0.0,0.0
201500050902,22,4,15,18,1,75,104,2,7,1,3,"03, PLACE DE LA BASTILLE",0.0,0.0
201500050903,25,4,15,2,5,75,104,2,2,2,3,QUAI DE LA CORSE,0.0,0.0
201500050904,29,4,15,11,1,75,104,2,2,1,2,"8, QUAI DE GESVRES",0.0,0.0
201500050905,30,4,15,10,1,75,104,2,2,2,3,"50, RUE DE RIVOLI",0.0,0.0
201500050906,1,5,15,5,5,75,104,2,3,2,6,RUE BEAUBOURG,0.0,0.0
201500050907,5,5,15,7,1,75,104,2,2,1,6,"01, PONT D ARCOLE",0.0,0.0
201500050908,5,5,15,9,1,75,104,2,3,2,3,QUAI DE L HOTEL DE VILLE,0.0,0.0
201500050909,8,5,15,12,1,75,104,2,2,2,6,"6, RUE DU RENARD",0.0,0.0
201500050910,10,5,15,12,1,75,103,2,2,1,6,"88, RUE DES TOURNELLES",0.0,0.0
201500050911,12,5,15,7,1,75,104,2,1,1,6,"14, RUE DE L ARSENAL",0.0,0.0
201500050912,12,5,15,19,1,75,104,2,3,1,6,QUAI DE L HOTEL DE VILLE,0.0,0.0
201500050913,14,5,15,3,5,75,104,2,1,1,6,"3, RUE DU RENARD",0.0,0.0
201500050914,16,5,15,1,5,75,104,2,1,1,6,"21 bis, BOULEVARD BOURDO",0.0,0.0
201500050915,16,5,15,12,1,75,102,2,1,1,6,"33, RUE D ABOUKIR",0.0,0.0
201500050916,20,5,15,17,1,75,109,2,1,1,3,"83 bis, RUE LA FAYETTE",0.0,0.0
201500050917,20,5,15,19,1,75,104,2,2,1,3,"1, PONT NOTRE DAME",0.0,0.0
201500050918,24,5,15,21,5,75,104,2,2,1,3,"01, PONT AU CHANGE",0.0,0.0
201500050919,26,5,15,11,1,75,104,2,2,1,3,"23, RUE SAINT ANTOINE",0.0,0.0
201500050920,26,5,15,21,5,75,104,2,2,1,6,"42, RUE SAINT ANTOINE",0.0,0.0
201500050921,30,5,15,20,1,75,104,2,2,1,6,QUAI DES CELESTINS,0.0,0.0
201500050922,2,6,15,10,1,75,104,2,2,1,3,"46, QUAI HENRI IV",0.0,0.0
201500050923,2,6,15,16,1,75,104,2,1,1,7,"36, BOULEVARD DE SEBASTO",0.0,0.0
201500050924,3,6,15,14,1,75,104,2,1,1,7,"4, RUE DES ARCHIVES",0.0,0.0
201500050925,5,6,15,11,1,75,104,2,3,1,6,"32, RUE DU TEMPLE",0.0,0.0
201500050926,31,10,15,11,1,75,104,2,2,1,6,QUAI D ORLEANS,0.0,0.0
201500050927,1,6,15,17,1,75,104,2,2,1,3,"24, BOULEVARD DE SEBASTO",0.0,0.0
201500050928,3,6,15,15,1,75,104,2,1,1,6,"6, BOULEVARD MORLAND",0.0,0.0
201500050929,5,6,15,8,1,75,104,2,7,7,3,"01, PLACE DE LA BASTILLE",0.0,0.0
201500050930,13,6,15,0,5,75,104,2,2,1,3,RUE DU ROI DE SICILE,0.0,0.0
201500050931,16,6,15,11,1,75,102,2,2,1,3,"27, RUE DU QUATRE SEPTEM",0.0,0.0
201500050932,19,6,15,20,1,75,104,2,1,1,6,"18, RUE DE L HOTEL DE VI",0.0,0.0
201500050933,19,6,15,12,1,75,104,2,1,1,2,QUAI DE L HOTEL DE VILLE,0.0,0.0
201500050934,21,6,15,0,5,75,104,2,2,1,6,RUE DE RIVOLI,0.0,0.0
201500050935,22,6,15,19,1,75,101,2,1,2,7,VOIE GEORGES POMPIDOU,0.0,0.0
201500050936,24,6,15,1,5,75,102,2,2,1,3,"70, METRO REAUMUR SEBAST",0.0,0.0
201500050937,26,6,15,22,5,75,104,2,7,1,2,BOULEVARD BEAUMARCHAIS,0.0,0.0
201500050938,30,6,15,10,1,75,104,2,2,1,7,"76, RUE DE RIVOLI",0.0,0.0
201500050939,2,7,15,18,1,75,104,2,3,1,3,"17, RUE SAINT ANTOINE",0.0,0.0
201500050940,6,7,15,17,1,75,104,2,2,1,6,"8, QUAI DU MARCHE NEUF",0.0,0.0
201500050941,7,7,15,8,1,75,109,2,3,1,6,"104, RUE SAINT LAZARE",0.0,0.0
201500050942,10,7,15,9,1,75,104,2,2,1,6,"29, BOULEVARD BEAUMARCHA",0.0,0.0
201500050943,13,7,15,13,1,75,104,2,5,1,3,QUAI DE L HOTEL DE VILLE,0.0,0.0
201500050944,15,7,15,17,1,75,101,2,1,1,3,PONT AU CHANGE,0.0,0.0
201500050945,16,7,15,22,5,75,104,2,2,1,2,"46, QUAI DES CELESTINS",0.0,0.0
201500050946,17,7,15,12,1,75,104,2,2,1,6,"36, RUE SAINT ANTOINE",0.0,0.0
201500050947,18,7,15,18,1,75,109,2,3,1,6,RUE DE CHATEAUDUN,0.0,0.0
201500050948,21,7,15,8,1,75,104,2,1,1,6,"08, RUE SAINTE CROIX DE",0.0,0.0
201500050949,22,7,15,10,1,75,104,2,1,1,6,RUE DE LA CITE,0.0,0.0
201500050950,3,8,15,19,1,75,104,2,2,1,3,"/, PONT MORLAND",0.0,0.0
201500050951,6,8,15,11,1,75,104,2,3,1,6,"6, RUE DU MARCHE DES BLA",0.0,0.0
201500050952,7,8,15,1,5,75,104,2,2,1,6,"12, QUAI DE GESVRES",0.0,0.0
201500050953,13,8,15,6,2,75,104,2,1,8,6,"24, RUE DU RENARD",0.0,0.0
201500050954,14,8,15,16,1,75,101,2,2,1,6,"132, RUE DE RIVOLI",0.0,0.0
201500050955,20,8,15,2,5,75,104,2,1,1,6,"20, RUE DU TEMPLE",0.0,0.0
201500050956,24,8,15,13,1,75,104,2,5,2,6,RUE DE RIVOLI,0.0,0.0
201500050957,26,8,15,9,1,75,104,2,2,1,3,"1, QUAI DE LA CORSE",0.0,0.0
201500050958,27,8,15,13,1,75,104,2,2,2,3,RUE DU RENARD,0.0,0.0
201500050959,28,8,15,19,1,75,104,2,2,1,3,BOULEVARD MORLAND,0.0,0.0
201500050960,31,8,15,2,5,75,104,2,3,1,7,"1, QUAI DE L HOTEL DE VI",0.0,0.0
201500050961,3,9,15,19,1,75,104,2,1,1,6,"8, RUE DE RIVOLI",0.0,0.0
201500050962,4,9,15,11,1,75,104,2,5,1,6,"1, RUE DE LA COUTELLERIE",0.0,0.0
201500050963,4,9,15,4,5,75,104,2,5,1,6,RUE DE RIVOLI,0.0,0.0
201500050964,10,9,15,18,1,75,104,2,1,1,3,PONT DE SULLY,0.0,0.0
201500050965,10,9,15,18,1,75,104,2,2,1,6,PONT AU CHANGE,0.0,0.0
201500050966,17,9,15,16,1,75,104,2,1,1,6,"3, RUE DES FRANCS BOURGE",0.0,0.0
201500050967,18,9,15,14,1,75,104,2,1,1,2,"22, RUE SAINT ANTOINE",0.0,0.0
201500050968,17,9,15,20,2,75,104,2,7,1,6,"43, BOULEVARD BOURDON",0.0,0.0
201500050969,19,9,15,11,1,75,104,2,2,8,6,"8, RUE DU RENARD",0.0,0.0
201500050970,20,9,15,0,5,75,104,2,3,1,2,"10, RUE DE RIVOLI",0.0,0.0
201500050971,21,9,15,9,1,75,104,2,3,1,6,"20, QUAI DES CELESTINS",0.0,0.0
201500050972,21,9,15,17,1,75,104,2,5,1,3,QUAI DE L HOTEL DE VILLE,0.0,0.0
201500050973,22,9,15,9,1,75,104,2,1,2,2,"14bis, RUE DE RIVOLI",0.0,0.0
201500050974,22,9,15,9,1,75,104,2,2,8,3,"10, QUAI DE GESVRES",0.0,0.0
201500050975,22,9,15,18,1,75,104,2,1,1,3,QUAI DE L HOTEL DE VILLE,0.0,0.0
201500050976,30,9,15,10,1,75,104,2,1,1,3,VOIE GEORGES POMPIDOU,0.0,0.0
201500050977,2,10,15,17,1,75,104,2,5,1,6,"86, RUE DE RIVOLI",0.0,0.0
201500050978,4,10,15,0,5,75,104,2,5,1,4,"86, RUE DE RIVOLI",0.0,0.0
201500050979,1,10,15,9,1,75,104,2,3,1,3,PONT D ARCOLE,0.0,0.0
201500050980,9,10,15,8,1,75,104,2,3,1,6,"20, BOULEVARD MORLAND",0.0,0.0
201500050981,10,10,15,10,1,75,104,2,1,1,6,"2, QUAI HENRI IV",0.0,0.0
201500050982,14,10,15,16,1,75,104,2,1,1,6,"41, BOULEVARD BOURDON",0.0,0.0
201500050983,17,10,15,20,5,75,109,2,7,8,3,"57, RUE DE CHATEAUDUN",0.0,0.0
201500050984,19,10,15,17,1,75,104,2,3,1,2,"5, BOULEVARD HENRI IV",0.0,0.0
201500050985,22,10,15,11,1,75,104,2,3,1,6,"88, RUE SAINT ANTOINE",0.0,0.0
201500050986,25,10,15,16,1,75,104,2,7,1,6,PLACE SAINT GERVAIS,0.0,0.0
201500050987,26,10,15,16,1,75,104,2,2,1,3,PONT DE SULLY,0.0,0.0
201500050988,28,10,15,10,1,75,104,2,1,1,3,"28, BOULEVARD DE SEBASTO",0.0,0.0
201500050989,30,10,15,11,1,75,104,2,2,1,2,RUE SAINT MARTIN,0.0,0.0
201500050990,4,11,15,12,1,75,104,2,1,2,3,"33, BOULEVARD BOURDON",0.0,0.0
201500050991,5,11,15,18,5,75,104,2,1,2,6,"20, RUE BEAUBOURG",0.0,0.0
201500050992,6,11,15,19,5,75,104,2,2,8,6,RUE CRILLON,0.0,0.0
201500050993,8,11,15,2,5,75,104,2,1,1,6,"3, QUAI DE BOURBON",0.0,0.0
201500050994,8,11,15,21,5,75,101,2,5,1,3,"41, RUE DE RIVOLI",0.0,0.0
201500050995,14,11,15,15,1,75,104,2,2,1,2,"96, RUE DE RIVOLI",0.0,0.0
201500050996,17,11,15,18,5,75,102,2,2,2,6,"126, RUE REAUMUR",0.0,0.0
201500050997,18,11,15,9,1,75,109,2,4,1,6,"03, RUE MEYERBEER",0.0,0.0
201500050998,18,11,15,21,5,75,104,2,1,1,4,"01, BOULEVARD BOURDON",0.0,0.0
201500050999,19,11,15,23,5,75,104,2,5,2,3,"/, RUE DES NONNAINS D HY",0.0,0.0
201500051000,27,11,15,12,1,75,104,2,1,1,3,"1, BOULEVARD DU PALAIS",0.0,0.0
201500051001,26,11,15,20,5,75,101,2,1,1,6,"229, RUE SAINT HONORE",0.0,0.0
201500051002,4,12,15,15,1,75,104,2,2,1,3,QUAI DES CELESTINS,0.0,0.0
201500051003,5,12,15,13,1,75,104,2,5,1,3,AVENUE VICTORIA,0.0,0.0
201500051004,5,12,15,13,1,75,104,2,3,1,6,"52, RUE DE RIVOLI",0.0,0.0
201500051005,6,12,15,21,5,75,104,2,2,1,2,"--, RUE DES ARCHIVES",0.0,0.0
201500051006,8,12,15,20,5,75,104,2,5,8,6,"49, BOULEVARD HENRI IV",0.0,0.0
201500051007,12,12,15,1,5,75,104,2,4,1,6,"10, RUE DU RENARD",0.0,0.0
201500051008,12,12,15,17,5,75,104,2,2,1,3,"46, QUAI DES CELESTINS",0.0,0.0
201500051009,17,12,15,20,5,75,104,2,5,1,6,"1, RUE DE LA COUTELLERIE",0.0,0.0
201500051010,22,12,15,1,5,75,104,2,7,2,6,"3, PLACE DE LA BASTILLE",0.0,0.0
201500051011,21,12,15,21,5,75,109,2,2,1,6,RUE DE CHATEAUDUN,0.0,0.0
201500051012,23,12,15,16,2,75,104,2,1,1,2,"45, RUE DES FRANCS BOURG",0.0,0.0
201500051013,29,12,15,11,1,75,104,2,1,8,7,"18, QUAI DES CELESTINS",0.0,0.0
201500051014,30,12,15,13,1,75,103,2,1,1,6,"87, RUE VIEILLE DU TEMPL",0.0,0.0
201500051015,31,12,15,14,1,75,104,2,2,1,3,"23, RUE SAINT ANTOINE",0.0,0.0
201500051016,3,1,15,19,5,75,105,2,2,2,3,"72, RUE CLAUDE BERNARD",0.0,0.0
201500051017,4,1,15,17,5,75,105,2,3,1,3,"110, RUE MONGE",0.0,0.0
201500051018,5,1,15,11,1,75,105,2,3,8,3,"16 bis, RUE CENSIER",0.0,0.0
201500051019,15,1,15,18,5,75,105,2,1,8,7,"3, QUAI SAINT BERNARD",0.0,0.0
201500051020,16,1,15,13,1,75,105,2,2,1,3,"27, QUAI SAINT BERNARD",0.0,0.0
201500051021,16,1,15,20,5,75,105,2,5,2,3,AVENUE DES GOBELINS,0.0,0.0
201500051022,20,1,15,11,1,75,105,2,4,1,6,"11, RUE MONGE",0.0,0.0
201500051023,22,1,15,12,1,75,105,2,2,1,1,"60, BOULEVARD SAINT MARC",0.0,0.0
201500051024,22,1,15,22,5,75,105,2,2,1,6,"12, BOULEVARD SAINT GERM",0.0,0.0
201500051025,23,1,15,20,5,75,105,2,1,1,6,"137, BOULEVARD SAINT MIC",0.0,0.0
201500051026,22,1,15,20,5,75,105,2,2,1,3,"61, QUAI DE LA TOURNELLE",0.0,0.0
201500051027,26,1,15,11,1,75,105,2,3,8,2,"18, AVENUE DE L OBSERVAT",0.0,0.0
201500051028,26,1,15,19,5,75,105,2,1,2,6,"74, BOULEVARD DE PORT RO",0.0,0.0
201500051029,28,1,15,16,1,75,105,2,3,2,6,"1-3, RUE POLIVEAU",0.0,0.0
201500051030,29,1,15,10,1,75,105,2,5,2,3,"29 bis, RUE MONGE",0.0,0.0
201500051031,30,1,15,14,1,75,105,2,2,2,6,"2, RUE ERASME",0.0,0.0
201500051032,5,2,15,11,1,75,105,2,7,1,6,"58, BOULEVARD SAINT MICH",0.0,0.0
201500051033,7,2,15,13,1,75,105,2,3,1,3,"51, RUE DES ECOLES",0.0,0.0
201500051034,11,2,15,23,5,75,105,2,3,1,6,"6, AVENUE DES GOBELINS",0.0,0.0
201500051035,17,2,15,13,1,75,105,2,3,8,6,"70, BOULEVARD SAINT MARC",0.0,0.0
201500051036,21,2,15,11,1,75,105,2,1,2,6,"02, RUE DES ECOLES",0.0,0.0
201500051037,24,2,15,13,1,75,105,2,7,2,2,"24, RUE LINNE",0.0,0.0
201500051038,27,2,15,18,5,75,105,2,4,1,3,"116, RUE MONGE",0.0,0.0
201500051039,28,2,15,1,5,75,105,2,2,1,3,"57, QUAI DE LA TOURNELLE",0.0,0.0
201500051040,28,2,15,23,5,75,105,2,3,3,6,"8, AVENUE DES GOBELINS",0.0,0.0
201500051041,2,3,15,18,2,75,105,2,1,1,3,"38, RUE DES FOSSES SAINT",0.0,0.0
201500051042,4,3,15,20,5,75,105,2,2,1,6,"14, RUE MONGE",0.0,0.0
201500051043,15,3,15,23,5,75,105,2,5,1,2,"04, BOULEVARD DE PORT RO",0.0,0.0
201500051044,18,3,15,6,2,75,105,2,1,1,6,BOULEVARD SAINT GERMAIN,0.0,0.0
201500051045,18,3,15,8,1,75,105,2,1,1,6,"82, BOULEVARD SAINT MARC",0.0,0.0
201500051046,18,3,15,15,1,75,105,2,2,1,2,"162, RUE SAINT JACQUES",0.0,0.0
201500051047,22,3,15,11,1,75,105,2,3,1,3,"78, BOULEVARD SAINT GERM",0.0,0.0
201500051048,25,3,15,18,1,75,105,2,2,1,6,"7, QUAI SAINT BERNARD",0.0,0.0
201500051049,31,3,15,16,1,75,105,2,2,1,7,"24 bis, BOULEVARD SAINT",0.0,0.0
201500051050,1,4,15,17,1,75,105,2,3,1,7,"55, BOULEVARD SAINT GERM",0.0,0.0
201500051051,3,4,15,16,1,75,105,2,2,2,3,"72, RUE CLAUDE BERNARD",0.0,0.0
201500051052,3,4,15,18,1,75,105,2,1,2,3,"29, RUE BUFFON",0.0,0.0
201500051053,4,4,15,23,5,75,105,2,2,1,3,RUE SAINT JACQUES,0.0,0.0
201500051054,4,4,15,19,4,75,105,2,5,8,6,"27, BOULEVARD SAINT MICH",0.0,0.0
201500051055,10,4,15,11,1,75,105,2,1,1,6,"83, BOULEVARD SAINT MICH",0.0,0.0
201500051056,10,4,15,17,1,75,105,2,2,1,3,"36, RUE GAY LUSSAC",0.0,0.0
201500051057,11,4,15,14,1,75,105,2,5,1,6,"99, RUE MONGE",0.0,0.0
201500051058,14,4,15,22,5,75,105,2,2,1,3,"12, RUE DES ECOLES",0.0,0.0
201500051059,14,4,15,16,1,75,105,2,3,1,6,"70, BOULEVARD SAINT MARC",0.0,0.0
201500051060,14,4,15,22,5,75,105,2,5,1,2,"32, RUE MONGE",0.0,0.0
201500051061,15,4,15,11,1,75,105,2,3,7,6,"19, RUE MONGE",0.0,0.0
201500051062,17,4,15,8,1,75,105,2,1,1,3,"9, QUAI SAINT BERNARD",0.0,0.0
201500051063,17,4,15,10,1,75,105,2,1,1,6,"9, RUE SOUFFLOT",0.0,0.0
201500051064,17,4,15,17,1,75,105,2,2,1,6,"07, RUE SOUFFLOT",0.0,0.0
201500051065,18,4,15,2,5,75,105,2,1,1,6,"117, RUE MONGE",0.0,0.0
201500051066,20,4,15,20,5,75,105,2,5,1,7,"23, RUE DES BERNARDINS",0.0,0.0
201500051067,21,4,15,12,1,75,105,2,3,1,2,"40, BOULEVARD DE L HOPIT",0.0,0.0
201500051068,23,4,15,18,1,75,105,2,3,1,6,"13, QUAI SAINT MICHEL",0.0,0.0
201500051069,23,4,15,20,2,75,105,2,3,1,6,"98, BOULEVARD SAINT GERM",0.0,0.0
201500051070,23,4,15,22,5,75,105,2,1,1,6,PLACE VALHUBERT,0.0,0.0
201500051071,30,4,15,14,1,75,105,2,2,2,6,"12, RUE DES ECOLES",0.0,0.0
201500051072,30,4,15,16,1,75,105,2,1,2,3,"49, RUE MONGE",0.0,0.0
201500051073,6,5,15,15,1,75,105,2,7,1,4,"01, QUAI SAINT BERNARD",0.0,0.0
201500051074,6,5,15,19,1,75,105,2,2,1,7,"137, BOULEVARD SAINT MIC",0.0,0.0
201500051075,18,5,15,15,1,75,105,2,7,1,2,"75, RUE CLAUDE BERNARD",0.0,0.0