Num_Acc,jour,mois,an,hr,condition_eclairage,departement,commune,condition_agglomeration,intersection,condition_atmosphere,type_collision,adresse,lattitude,longitude
201500051639,5,5,15,14,1,75,108,2,4,1,3,"19, AVENUE DE FRIEDLAND",0.0,0.0
201500051640,5,5,15,16,1,75,108,2,2,1,2,"103, AVENUE DES CHAMPS E",0.0,0.0
201500051641,7,5,15,18,1,75,108,2,2,1,6,"54, RUE FRANCOIS 1ER",0.0,0.0
201500051642,9,5,15,4,5,75,108,2,1,1,3,PONT ALEXANDRE III,0.0,0.0
201500051643,7,5,15,12,1,75,108,2,1,1,5,"45, RUE D AMSTERDAM",0.0,0.0
201500051644,11,5,15,9,1,75,108,2,4,1,3,"14, RUE QUENTIN BAUCHART",0.0,0.0
201500051645,12,5,15,18,1,75,117,2,3,1,2,"104, BOULEVARD DE COURCE",0.0,0.0
201500051646,19,5,15,8,1,75,108,2,3,1,7,"22, RUE DE LA BIENFAISAN",0.0,0.0
201500051647,19,5,15,15,1,75,108,2,4,2,4,"161, BOULEVARD HAUSSMANN",0.0,0.0
201500051648,20,5,15,13,1,75,108,2,7,1,3,PLACE DE LA CONCORDE,0.0,0.0
201500051649,21,5,15,9,1,75,108,2,2,1,6,AVENUE HOCHE,0.0,0.0
201500051650,23,5,15,23,5,75,108,2,3,1,6,"12, AVENUE PERCIER",0.0,0.0
201500051651,24,5,15,2,5,75,108,2,7,1,6,PLACE CHARLES DE GAULLE,0.0,0.0
201500051652,24,5,15,3,5,75,108,2,1,1,6,"6, AVENUE DELCASSE",0.0,0.0
201500051653,24,5,15,19,1,75,108,2,1,1,7,AVENUE DES CHAMPS ELYSEE,0.0,0.0
201500051654,26,5,15,12,1,75,108,2,7,1,3,AVENUE CESAR CAIRE,0.0,0.0
201500051655,27,5,15,8,1,75,108,2,1,1,2,AVENUE DES CHAMPS ELYSEE,0.0,0.0
201500051656,27,5,15,14,1,75,108,2,7,1,6,PLACE DE LA MADELEINE,0.0,0.0
201500051657,28,5,15,9,1,75,108,2,7,1,2,RUE DE ROME,0.0,0.0
201500051658,28,5,15,19,1,75,108,2,4,1,7,COURS LA REINE,0.0,0.0
201500051659,29,5,15,3,5,75,108,2,7,1,2,PLACE DU CANADA,0.0,0.0
201500051660,29,5,15,12,1,75,108,2,2,1,3,"32, BOULEVARD MALESHERBE",0.0,0.0
201500051661,30,5,15,0,5,75,108,2,2,2,6,COURS LA REINE,0.0,0.0
201500051662,31,5,15,0,5,75,108,2,2,1,2,RUE LA BOETIE,0.0,0.0
201500051663,31,5,15,13,1,75,108,2,2,2,1,"39, AVENUE GEORGE V",0.0,0.0
201500051664,31,5,15,23,5,75,108,2,7,2,3,PLACE DE LA CONCORDE,0.0,0.0
201500051665,2,6,15,7,1,75,117,2,7,1,6,"1, PLACE GENERAL CATROUX",0.0,0.0
201500051666,5,6,15,17,1,75,108,2,2,1,6,"7, AVENUE MATIGNON",0.0,0.0
201500051667,26,6,15,13,1,75,108,2,3,1,3,"19, RUE TRONCHET",0.0,0.0
201500051668,31,5,15,15,1,75,108,2,7,1,6,"21, PLACE DE LA MADELEIN",0.0,0.0
201500051669,1,6,15,19,1,75,108,2,1,1,2,"26, AVENUE DES CHAMPS EL",0.0,0.0
201500051670,2,6,15,15,1,75,108,2,2,1,3,RUE DU FAUBOURG SAINT HO,0.0,0.0
201500051671,2,6,15,19,1,75,108,2,7,1,3,PLACE DE L EUROPE,0.0,0.0
201500051672,3,6,15,2,5,75,108,2,2,1,5,"116, AVENUE DES CHAMPS E",0.0,0.0
201500051673,5,6,15,8,1,75,108,2,1,1,6,"31, AVENUE FRANKLIN D RO",0.0,0.0
201500051674,5,6,15,9,1,75,108,2,2,1,3,BOULEVARD DE COURCELLES,0.0,0.0
201500051675,5,6,15,13,1,75,116,2,7,1,6,"/, AVENUE KLEBER",0.0,0.0
201500051676,9,7,15,17,1,75,108,2,7,1,6,"10, AVENUE DE FRIEDLAND",0.0,0.0
201500051677,5,6,15,16,1,75,108,2,4,1,6,"109, BOULEVARD HAUSSMANN",0.0,0.0
201500051678,8,6,15,19,1,75,108,2,2,1,3,"100, AVENUE DES CHAMPS E",0.0,0.0
201500051679,8,6,15,19,1,75,108,2,3,1,4,"1, BOULEVARD DES BATIGNO",0.0,0.0
201500051680,9,6,15,9,1,75,108,2,3,1,7,"103, AVENUE DES CHAMPS E",0.0,0.0
201500051681,10,6,15,19,1,75,108,2,2,1,6,"53, BOULEVARD DE COURCEL",0.0,0.0
201500051682,11,6,15,0,5,75,108,2,1,1,3,"11, RUE ROYALE",0.0,0.0
201500051683,12,6,15,9,1,75,108,2,3,1,6,"57, RUE D AMSTERDAM",0.0,0.0
201500051684,12,6,15,9,1,75,108,2,1,1,3,"65, BOULEVARD MALESHERBE",0.0,0.0
201500051685,13,6,15,20,1,75,108,2,4,1,6,"109, BOULEVARD HAUSSMANN",0.0,0.0
201500051686,15,6,15,17,1,75,108,2,3,1,2,"11, AVENUE GEORGE V",0.0,0.0
201500051687,16,6,15,21,1,75,108,2,2,1,7,COURS ALBERT 1ER,0.0,0.0
201500051688,17,6,15,14,1,75,108,2,2,7,6,PONT DES INVALIDES,0.0,0.0
201500051689,17,6,15,21,1,75,108,2,7,1,3,"1, AVENUE MATIGNON",0.0,0.0
201500051690,19,6,15,11,1,75,108,2,7,1,2,"6, PLACE DE LA CONCORDE",0.0,0.0
201500051691,23,6,15,8,1,75,108,2,2,1,3,"156, AVENUE DES CHAMPS E",0.0,0.0
201500051692,24,6,15,17,1,75,108,2,1,1,3,VOIE GEORGES POMPIDOU,0.0,0.0
201500051693,25,6,15,0,5,75,108,2,1,1,2,PONT ALEXANDRE III,0.0,0.0
201500051694,25,6,15,9,1,75,108,2,1,1,6,"99, RUE D AMSTERDAM",48.52594,2.19375
201500051695,26,6,15,6,1,75,108,2,1,1,2,VOIE GEORGES POMPIDOU,0.0,0.0
201500051696,26,6,15,18,1,75,108,2,1,1,6,"55, AVENUE MONTAIGNE",0.0,0.0
201500051697,26,5,15,20,1,75,108,2,7,1,2,"4, PLACE DE LA CONCORDE",0.0,0.0
201500051698,27,6,15,16,1,75,108,2,7,1,3,"04, PLACE DE LA CONCORDE",0.0,0.0
201500051699,27,6,15,17,1,75,108,2,7,1,7,PLACE CHARLES DE GAULLE,0.0,0.0
201500051700,29,6,15,13,1,75,116,2,7,1,2,PLACE CHARLES DE GAULLE,0.0,0.0
201500051701,29,6,15,17,1,75,108,2,1,1,6,"41, RUE DE SAINT PETERSB",0.0,0.0
201500051702,30,6,15,9,1,75,108,2,2,1,3,RUE DE BASSANO,0.0,0.0
201500051703,30,6,15,10,1,75,108,2,1,1,6,"60, RUE DE ROME",0.0,0.0
201500051704,30,6,15,16,1,75,108,2,1,1,3,"01, AVENUE WINSTON CHURC",0.0,0.0
201500051705,2,7,15,12,1,75,108,2,1,1,3,AVENUE DES CHAMPS ELYSEE,0.0,0.0
201500051706,2,7,15,15,1,75,108,2,3,1,6,"3, RUE LA BOETIE",0.0,0.0
201500051707,2,7,15,19,1,75,108,2,1,1,3,"26, AVENUE DES CHAMPS EL",0.0,0.0
201500051708,3,7,15,9,1,75,108,2,2,1,3,"45, RUE LA BOETIE",0.0,0.0
201500051709,4,7,15,12,1,75,108,2,3,1,6,"139, BOULEVARD HAUSSMANN",0.0,0.0
201500051710,6,7,15,12,1,75,108,2,3,1,3,"68, RUE DE ROME",0.0,0.0
201500051711,7,7,15,9,1,75,108,2,7,1,6,ROND POINT CHAMPS ELYSEE,0.0,0.0
201500051712,10,7,15,9,1,75,108,2,3,1,3,"23, AVENUE DE MESSINE",0.0,0.0
201500051713,10,7,15,9,1,75,108,2,7,1,2,"156, AVENUE DES CHAMPS E",0.0,0.0
201500051714,11,7,15,1,5,75,101,2,3,1,3,BOULEVARD DE LA MADELEIN,0.0,0.0
201500051715,12,7,15,2,5,75,108,2,7,1,6,"3, AVENUE MATIGNON",0.0,0.0
201500051716,13,7,15,9,1,75,108,2,2,1,6,"30, AVENUE MONTAIGNE",0.0,0.0
201500051717,13,7,15,15,1,75,108,2,5,1,3,"23, AVENUE FRANKLIN D RO",0.0,0.0
201500051718,13,7,15,19,1,75,108,2,7,1,3,PLACE CHARLES DE GAULLE,0.0,0.0
201500051719,15,7,15,3,5,75,116,2,5,1,3,ALLEE DE LONGCHAMP,0.0,0.0
201500051720,15,7,15,13,1,75,108,2,7,1,6,"1, AVENUE MATIGNON",0.0,0.0
201500051721,15,7,15,15,1,75,108,2,2,1,3,"3, AVENUE PERCIER",0.0,0.0
201500051722,16,7,15,11,1,75,108,2,7,1,3,"02, PLACE DE L ALMA",0.0,0.0
201500051723,17,7,15,8,1,75,108,2,2,1,7,"1, AVENUE DE MARIGNY",0.0,0.0
201500051724,17,7,15,16,1,75,108,2,1,1,6,"127, RUE DU FAUBOURG SAI",0.0,0.0
201500051725,17,7,15,18,1,75,116,2,2,1,3,"77, RUE D AUTEUIL",0.0,0.0
201500051726,19,7,15,15,1,75,108,2,1,1,2,AVENUE DES CHAMPS ELYSEE,0.0,0.0
201500051727,20,7,15,11,1,75,108,2,7,1,3,PLACE DE LA CONCORDE,0.0,0.0
201500051728,20,7,15,15,1,75,108,2,1,1,2,"144, AVENUE DES CHAMPS E",0.0,0.0
201500051729,21,7,15,15,1,75,108,2,1,1,3,"23, BOULEVARD DE COURCEL",0.0,0.0
201500051730,21,7,15,18,1,75,108,2,1,1,2,"235, RUE DU FAUBOURG SAI",0.0,0.0
201500051731,22,7,15,14,1,75,108,2,7,1,3,"4, PLACE DE LA CONCORDE",0.0,0.0
201500051732,24,7,15,10,1,75,108,2,1,1,2,"/, AVENUE DES CHAMPS ELY",0.0,0.0
201500051733,25,7,15,11,1,75,108,2,3,1,2,AVENUE DES CHAMPS ELYSEE,0.0,0.0
201500051734,27,7,15,19,1,75,108,2,7,1,6,AVENUE DES CHAMPS ELYSEE,0.0,0.0
201500051735,28,7,15,8,1,75,108,2,7,8,3,"1, PLACE DE L ALMA",0.0,0.0
201500051736,28,7,15,9,1,75,108,2,1,1,3,AVENUE WINSTON CHURCHILL,0.0,0.0
201500051737,29,7,15,9,1,75,108,2,2,1,3,PONT ALEXANDRE III,0.0,0.0
201500051738,29,7,15,18,1,75,108,2,2,1,3,"/, AVENUE DE FRIEDLAND",0.0,0.0
201500051739,1,8,15,13,1,75,108,2,5,1,3,RUE DE CONSTANTINOPLE,0.0,0.0
201500051740,2,8,15,14,1,75,108,2,2,7,2,"21, RUE ROYALE",0.0,0.0
201500051741,3,8,15,12,1,75,108,2,1,1,3,BOULEVARD HAUSSMANN,0.0,0.0
201500051742,4,8,15,16,1,75,108,2,2,1,6,"42, AVENUE DE FRIEDLAND",0.0,0.0
201500051743,5,8,15,7,1,75,108,2,7,1,3,"4, PLACE DE LA CONCORDE",0.0,0.0
201500051744,5,8,15,9,1,75,108,2,7,1,7,PLACE DE LA CONCORDE,0.0,0.0
201500051745,11,8,15,23,5,75,108,2,2,1,3,"51, AVENUE GEORGE V",0.0,0.0
201500051746,13,8,15,19,1,75,108,2,2,1,3,"88, BOULEVARD HAUSSMANN",0.0,0.0
201500051747,16,8,15,2,5,75,108,2,7,1,3,PLACE DE L ALMA,0.0,0.0
201500051748,17,8,15,10,1,75,108,2,5,1,3,COURS LA REINE,0.0,0.0
201500051749,17,8,15,9,1,75,108,2,1,1,6,"15, AVENUE DE FRIEDLAND",0.0,0.0
201500051750,20,8,15,9,1,75,108,2,1,3,2,"77, AVENUE DES CHAMPS EL",0.0,0.0
201500051751,23,8,15,16,1,75,116,2,7,1,3,AVENUE DE LA GRANDE ARME,0.0,0.0
201500051752,24,8,15,22,5,75,108,2,2,2,6,"1, AVENUE MYRON HERRICK",0.0,0.0
201500051753,27,8,15,19,2,75,116,2,3,2,6,"14Bis, AVENUE DU PRESIDE",0.0,0.0
201500051754,28,8,15,9,1,75,108,2,1,1,3,"23, AVENUE DES CHAMPS EL",0.0,0.0
201500051755,29,8,15,8,1,75,109,2,7,1,3,RUE D AMSTERDAM,0.0,0.0
201500051756,29,8,15,11,1,75,108,2,1,1,7,"156, AVENUE DES CHAMPS E",0.0,0.0
201500051757,30,8,15,12,1,75,108,2,5,1,6,"8, AVENUE DE MESSINE",0.0,0.0
201500051758,1,9,15,11,1,75,108,2,7,1,3,"73, AVENUE FRANKLIN D RO",0.0,0.0
201500051759,1,9,15,15,1,75,108,2,2,1,6,"1, AVENUE CESAR CAIRE",0.0,0.0
201500051760,4,9,15,3,5,75,108,2,1,1,6,COURS LA REINE,0.0,0.0
201500051761,5,9,15,19,1,75,108,2,7,1,3,PLACE DE L ALMA,0.0,0.0
201500051762,6,9,15,13,1,75,108,2,2,1,3,RUE PASQUIER,0.0,0.0
201500051763,7,9,15,9,1,75,108,2,7,1,6,"14, RUE DE SAINT PETERSB",0.0,0.0
201500051764,8,9,15,20,5,75,108,2,2,1,3,"117, AVENUE DES CHAMPS E",0.0,0.0
201500051765,9,9,15,15,1,75,108,2,2,1,3,"35, RUE DE BERRI",0.0,0.0
201500051766,9,9,15,16,1,75,108,2,3,1,3,"88, BOULEVARD MALESHERBE",0.0,0.0
201500051767,10,9,15,22,5,75,108,2,7,1,3,"1, AVENUE MATIGNON",0.0,0.0
201500051768,11,9,15,14,1,75,108,2,2,1,3,AVENUE DES CHAMPS ELYSEE,0.0,0.0
201500051769,13,9,15,2,5,75,108,2,2,1,5,"37, AVENUE DES CHAMPS EL",0.0,0.0
201500051770,13,9,15,11,1,75,108,2,1,3,7,AVENUE DES CHAMPS ELYSEE,0.0,0.0
201500051771,14,9,15,9,1,75,116,2,3,2,7,"34, RUE DE PASSY",0.0,0.0
201500051772,14,9,15,12,1,75,108,2,1,1,3,"30, AVENUE DE FRIEDLAND",0.0,0.0
201500051773,15,9,15,14,1,75,108,2,2,1,2,AVENUE DE MESSINE,0.0,0.0
201500051774,14,9,15,13,1,75,108,2,1,1,3,"74, BOULEVARD MALESHERBE",0.0,0.0
201500051775,16,9,15,16,1,75,108,2,1,2,2,AVENUE DES CHAMPS ELYSEE,0.0,0.0
201500051776,17,9,15,18,1,75,108,2,1,1,3,"29, RUE TRONCHET",0.0,0.0
201500051777,19,9,15,2,5,75,108,2,5,1,3,"33, RUE TRONCHET",0.0,0.0
201500051778,19,9,15,17,1,75,108,2,7,1,3,ROND POINT CHAMPS ELYSEE,0.0,0.0
201500051779,22,9,15,16,1,75,108,2,3,1,6,"17, BOULEVARD DES BATIGN",0.0,0.0
201500051780,24,9,15,10,1,75,108,2,1,1,3,"60, AVENUE HOCHE",0.0,0.0
201500051781,24,9,15,16,1,75,117,2,3,1,2,"115, RUE DE ROME",0.0,0.0
201500051782,26,9,15,0,5,75,108,2,3,1,6,AVENUE WINSTON CHURCHILL,0.0,0.0
201500051783,26,9,15,10,1,75,108,2,3,1,2,"33, RUE DU FAUBOURG SAIN",0.0,0.0
201500051784,28,9,15,18,1,75,108,2,1,1,2,"11, RUE ROYALE",0.0,0.0
201500051785,29,9,15,10,1,75,108,2,5,1,1,"39, AVENUE GEORGE V",0.0,0.0
201500051786,29,9,15,13,1,75,108,2,2,1,6,"37, RUE DE MIROMESNIL",0.0,0.0
201500051787,30,9,15,13,1,75,108,2,1,1,3,"29, BOULEVARD MALESHERBE",0.0,0.0
201500051788,1,10,15,8,1,75,108,2,2,1,3,"62, AVENUE DES CHAMPS EL",0.0,0.0
201500051789,1,10,15,10,1,75,108,2,1,1,6,BOULEVARD MALESHERBES,0.0,0.0
201500051790,1,10,15,14,1,75,108,2,7,1,2,"2, AVENUE DE WAGRAM",0.0,0.0
201500051791,1,10,15,17,1,75,108,2,5,1,3,"66, AVENUE MARCEAU",0.0,0.0
201500051792,1,10,15,17,1,75,108,2,1,1,6,"7, RUE ROYALE",0.0,0.0
201500051793,1,10,15,10,1,75,108,2,7,1,4,AVENUE HOCHE,0.0,0.0
201500051794,2,10,15,9,1,75,108,2,7,1,6,"45, AVENUE FRANKLIN D RO",0.0,0.0
201500051795,2,10,15,14,1,75,108,2,5,1,6,"72, BOULEVARD HAUSSMANN",0.0,0.0
201500051796,2,10,15,19,1,75,108,2,5,1,6,"47 bis, RUE DU ROCHER",0.0,0.0
201500051797,3,10,15,1,5,75,108,2,2,1,2,", AVENUE DES CHAMPS ELYS",0.0,0.0
201500051798,5,10,15,9,1,75,117,2,2,1,3,AVENUE DE LA PORTE DE CL,0.0,0.0
201500051799,6,10,15,8,1,75,116,2,1,1,7,ALLEE DU BORD DE L EAU,0.0,0.0
201500051800,7,10,15,10,1,75,108,2,1,1,6,"165, RUE DU FAUBOURG SAI",0.0,0.0
201500051801,5,10,15,19,2,75,108,2,7,1,6,AVENUE WINSTON CHURCHILL,0.0,0.0
201500051802,7,10,15,12,1,75,108,2,1,1,2,VOIE GEORGES POMPIDOU,0.0,0.0
201500051803,8,10,15,13,1,75,108,2,7,1,3,PLACE DE L ALMA,0.0,0.0
201500051804,9,10,15,16,1,75,108,2,4,1,3,"10, BOULEVARD MALESHERBE",0.0,0.0
201500051805,10,10,15,10,1,75,108,2,2,1,3,AVENUE FRANKLIN D ROOSEV,0.0,0.0
201500051806,10,10,15,10,1,75,116,2,3,1,2,"10, AVENUE DE NEW YORK",0.0,0.0
201500051807,11,10,15,12,1,75,108,2,7,1,3,PLACE DE BEYROUTH,0.0,0.0
201500051808,11,10,15,14,1,75,108,2,4,1,6,"42, COURS ALBERT 1ER",0.0,0.0
201500051809,11,10,15,17,1,75,108,2,1,1,6,AVENUE DES CHAMPS ELYSEE,0.0,0.0
201500051810,12,10,15,10,1,75,108,2,4,1,3,"11, AVENUE GEORGE V",0.0,0.0
201500051811,12,10,15,11,1,75,108,2,4,1,3,"22, COURS ALBERT 1ER",0.0,0.0
201500051812,13,10,15,11,1,75,108,2,3,1,6,AVENUE WINSTON CHURCHILL,0.0,0.0
201500051813,15,10,15,11,1,75,116,2,2,1,6,"39, AVENUE MARCEAU",0.0,0.0
201500051814,16,10,15,0,5,75,108,2,1,1,6,"48, AVENUE GEORGE V",0.0,0.0
201500051815,16,10,15,8,1,75,108,2,2,2,3,RUE DE BASSANO,0.0,0.0
201500051816,16,10,15,9,1,75,108,2,2,3,3,"9, AVENUE GEORGE V",0.0,0.0
201500051817,16,10,15,14,1,75,108,2,2,2,2,"35, RUE DE COURCELLES",0.0,0.0
201500051818,16,10,15,17,1,75,108,2,7,2,6,ROND POINT CHAMPS ELYSEE,0.0,0.0
201500051819,17,10,15,1,4,75,108,2,7,1,7,PLACE DE LA CONCORDE,0.0,0.0
201500051820,20,10,15,21,5,75,108,2,7,1,2,AVENUE DES CHAMPS ELYSEE,0.0,0.0
201500051821,21,10,15,9,1,75,108,2,1,1,3,"15, AVENUE HOCHE",0.0,0.0
201500051822,21,10,15,14,1,75,108,2,2,1,3,COURS LA REINE,0.0,0.0
201500051823,21,10,15,21,5,75,117,2,2,2,2,"77, AVENUE DE WAGRAM",0.0,0.0
201500051824,23,10,15,9,1,75,108,2,3,1,6,"45, RUE PIERRE CHARRON",0.0,0.0
201500051825,23,10,15,9,1,75,116,2,3,1,7,"3, AVENUE DU PRESIDENT W",0.0,0.0
201500051826,24,10,15,18,1,75,108,2,2,1,3,AVENUE DE FRIEDLAND,0.0,0.0
201500051827,25,10,15,14,1,75,108,2,7,1,2,"135, AVENUE DES CHAMPS E",0.0,0.0
201500051828,25,10,15,21,5,75,108,2,7,1,3,PLACE DE LA CONCORDE,0.0,0.0
201500051829,26,10,15,21,5,75,108,2,2,1,2,"122, AVENUE DES CHAMPS E",0.0,0.0
201500051830,27,10,15,17,2,75,108,2,7,1,6,"03, BOULEVARD DE COURCEL",0.0,0.0
201500051831,28,10,15,9,1,75,108,2,3,1,7,"73, AVENUE DES CHAMPS EL",0.0,0.0
201500051832,28,10,15,10,1,75,108,2,1,8,7,"20, RUE ROYALE",0.0,0.0
201500051833,28,10,15,15,1,75,117,2,3,1,6,"177, AVENUE DE CLICHY",0.0,0.0
201500051834,29,10,15,8,1,75,108,2,1,1,6,BOULEVARD MALESHERBES,0.0,0.0
201500051835,30,10,15,13,1,75,108,2,7,1,3,"11, PLACE SAINT AUGUSTIN",0.0,0.0
201500051836,30,10,15,15,1,75,108,2,1,1,6,"31, AVENUE FRANKLIN D RO",0.0,0.0
201500051837,30,10,15,15,1,75,108,2,1,1,7,"7, BOULEVARD MALESHERBES",0.0,0.0
201500051838,31,10,15,3,5,75,108,2,7,1,6,AVENUE MARCEAU,0.0,0.0
201500051839,1,11,15,1,5,75,116,2,2,1,6,"44, AVENUE DE VERSAILLES",0.0,0.0
201500051840,1,11,15,0,5,75,108,2,7,1,2,"6, PLACE DE L ALMA",0.0,0.0
201500051841,1,11,15,11,1,75,108,2,2,1,3,"77, RUE DE MIROMESNIL",0.0,0.0
201500051842,2,11,15,21,5,75,108,2,7,1,7,PLACE BEAUVAU,0.0,0.0
201500051843,5,11,15,12,1,75,108,2,7,1,2,BOULEVARD HAUSSMANN,0.0,0.0
201500051844,5,11,15,14,1,75,108,2,7,1,3,"7, PLACE DE L ALMA",0.0,0.0
201500051845,6,11,15,14,1,75,108,2,2,2,7,"91, AVENUE DES CHAMPS EL",0.0,0.0
201500051846,6,11,15,19,5,75,108,2,1,1,3,"35-37, AVENUE HOCHE",0.0,0.0
201500051847,6,11,15,19,5,75,108,2,3,2,3,"20, RUE DE CONSTANTINOPL",0.0,0.0
201500051848,8,11,15,11,1,75,108,2,1,1,3,"9, PLACE SAINT AUGUSTIN",0.0,0.0
201500051849,8,11,15,15,1,75,108,2,2,1,3,RUE D ARTOIS,0.0,0.0
201500051850,8,11,15,17,2,75,108,2,2,1,3,COURS LA REINE,0.0,0.0
201500051851,10,11,15,20,5,75,108,2,3,1,6,"32, RUE DE COURCELLES",0.0,0.0
201500051852,10,11,15,20,5,75,108,2,7,1,4,"12, RUE DE ROME",0.0,0.0
201500051853,11,11,15,10,1,75,108,2,2,1,6,"39, RUE FRANCOIS 1ER",0.0,0.0
201500051854,12,11,15,8,1,75,108,2,1,1,3,"02, RUE ROYALE",0.0,0.0
201500051855,13,11,15,15,1,75,108,2,4,1,6,"15, BOULEVARD MALESHERBE",0.0,0.0
201500051856,16,11,15,8,1,75,108,2,2,1,4,"27, RUE DE MIROMESNIL",0.0,0.0
201500051857,16,11,15,21,5,75,108,2,2,2,3,"45, BOULEVARD DE COURCEL",0.0,0.0
201500051858,17,11,15,18,5,75,108,2,1,2,6,"44, AVENUE DES CHAMPS EL",0.0,0.0
201500051859,18,11,15,13,1,75,108,2,2,1,4,"6, AVENUE FRANKLIN D ROO",0.0,0.0
201500051860,18,11,15,18,5,75,108,2,2,1,5,"66, AVENUE DES CHAMPS EL",0.0,0.0
201500051861,19,11,15,13,1,75,108,2,4,2,6,"2, RUE DE BERNE",0.0,0.0
201500051862,19,11,15,17,5,75,108,2,7,1,6,"11, RUE DE ROME",0.0,0.0
201500051863,20,11,15,10,1,75,108,2,2,2,7,"11, BOULEVARD MALESHERBE",0.0,0.0
201500051864,20,11,15,11,1,75,108,2,1,3,2,"33, RUE MARBEUF",0.0,0.0
201500051865,20,11,15,20,5,75,108,2,7,8,3,PLACE DE LA CONCORDE,0.0,0.0
201500051866,21,11,15,0,5,75,108,2,7,1,7,PLACE DE LA CONCORDE,0.0,0.0
201500051867,20,11,15,21,5,75,108,2,1,2,2,AVENUE DES CHAMPS ELYSEE,0.0,0.0
201500051868,22,11,15,8,1,75,108,2,2,1,6,"30, AVENUE PIERRE 1ER DE",0.0,0.0
201500051869,23,11,15,10,1,75,108,2,2,1,6,"27, RUE LA BOETIE",0.0,0.0
201500051870,25,11,15,16,1,75,108,2,5,2,3,"16, RUE DE LA BIENFAISAN",0.0,0.0
201500051871,26,11,15,8,1,75,108,2,3,1,6,"109, BOULEVARD MALESHERB",0.0,0.0
201500051872,27,11,15,9,1,75,108,2,1,1,3,"20, RUE DE ROME",0.0,0.0
201500051873,2,12,15,20,5,75,116,2,4,1,3,"12, AVENUE MARCEAU",0.0,0.0
201500051874,3,12,15,18,5,75,108,2,5,1,3,"16, RUE DE LA BIENFAISAN",0.0,0.0
201500051875,3,12,15,19,5,75,108,2,1,1,3,"08, RUE ROYALE",0.0,0.0
201500051876,3,12,15,22,5,75,108,2,1,1,6,PLACE DE LA CONCORDE,0.0,0.0
201500051877,5,12,15,15,1,75,108,2,5,1,6,"94, RUE DE COURCELLES",0.0,0.0
201500051878,5,12,15,17,5,75,108,2,5,1,3,"54, RUE DE ROME",0.0,0.0
201500051879,7,12,15,6,5,75,108,2,1,1,6,"114, RUE LA BOETIE",0.0,0.0
201500051880,7,12,15,10,1,75,108,2,2,1,6,"30, AVENUE FRANKLIN D RO",0.0,0.0
201500051881,10,12,15,10,1,75,108,2,7,1,3,ROND POINT CHAMPS ELYSEE,0.0,0.0
201500051882,11,12,15,6,5,75,108,2,5,1,3,PLACE GABRIEL PERI,0.0,0.0
201500051883,12,12,15,1,5,75,117,2,1,1,6,"14, RUE DENIS POISSON",0.0,0.0
201500051884,12,12,15,10,1,75,108,2,2,2,7,"34, BOULEVARD MALESHERBE",0.0,0.0
201500051885,12,12,15,14,1,75,108,2,1,1,3,"18, RUE DE BERRI",0.0,0.0
201500051886,14,12,15,18,5,75,108,2,7,1,3,PLACE DE L ALMA,0.0,0.0
201500051887,15,12,15,20,5,75,108,2,1,2,7,"2, PLACE DE LA CONCORDE",0.0,0.0
201500051888,17,12,15,12,1,75,108,2,1,1,6,PLACE DE LA CONCORDE,0.0,0.0
201500051889,18,12,15,20,5,75,117,2,7,1,3,"149, BOULEVARD MALESHERB",0.0,0.0
201500051890,19,12,15,6,5,75,108,2,7,1,6,"7, AVENUE MONTAIGNE",0.0,0.0
201500051891,20,12,15,2,5,75,108,2,1,1,6,"36, AVENUE DE WAGRAM",0.0,0.0
201500051892,21,12,15,7,3,75,108,2,2,1,2,"124, AVENUE DES CHAMPS E",0.0,0.0
201500051893,21,12,15,9,1,75,108,2,2,1,2,"30, AVENUE GEORGE V",0.0,0.0
201500051894,21,12,15,5,5,75,108,2,3,1,6,AVENUE GABRIEL,0.0,0.0
201500051895,22,12,15,19,5,75,108,2,1,1,1,"41, RUE DE LISBONNE",0.0,0.0
201500051896,23,12,15,19,5,75,108,2,6,1,2,PLACE CHARLES DE GAULLE,0.0,0.0
201500051897,25,12,15,4,5,75,108,2,7,3,6,AVENUE DES CHAMPS ELYSEE,0.0,0.0
201500051898,25,12,15,4,5,75,108,2,7,3,3,AVENUE DES CHAMPS ELYSEE,0.0,0.0
201500051899,27,12,15,15,1,75,108,2,5,1,6,"23, AVENUE FRANKLIN D RO",0.0,0.0
201500051900,29,12,15,15,1,75,108,2,2,1,3,"01, RUE DE LA VILLE L EV",0.0,0.0
201500051901,31,12,15,4,5,75,108,2,5,2,6,"152, AVENUE DES CHAMPS E",0.0,0.0
201500051902,31,12,15,11,1,75,108,2,7,1,6,"94, RUE DU FAUBOURG SAIN",0.0,0.0
201500051903,31,12,15,13,1,75,108,2,1,1,2,"68, BOULEVARD DE COURCEL",0.0,0.0
201500051904,2,1,15,14,1,75,109,2,2,1,6,"32, BOULEVARD POISSONNIE",0.0,0.0
201500051905,6,1,15,18,5,75,109,2,5,1,3,"36, BOULEVARD HAUSSMANN",0.0,0.0
201500051906,7,1,15,11,1,75,110,2,7,1,6,PLACE DU COLONEL FABIEN,0.0,0.0
201500051907,7,1,15,17,5,75,109,2,2,1,3,RUE DU FAUBOURG POISSONN,0.0,0.0
201500051908,8,1,15,14,1,75,109,2,1,2,6,"3, RUE THIMONNIER",0.0,0.0
201500051909,27,1,15,15,1,75,109,2,1,1,6,"06, RUE BLANCHE",0.0,0.0
201500051910,27,1,15,19,5,75,102,2,2,1,2,"32, RUE ETIENNE MARCEL",0.0,0.0
201500051911,28,1,15,9,1,75,109,2,5,1,3,"36, BOULEVARD HAUSSMANN",0.0,0.0
201500051912,29,1,15,15,1,75,109,2,1,2,6,"26, BOULEVARD POISSONNIE",0.0,0.0
201500051913,4,2,15,9,1,75,109,2,2,1,3,"56, RUE TAITBOUT",0.0,0.0
201500051914,4,2,15,11,1,75,109,2,3,1,3,BOULEVARD HAUSSMANN,0.0,0.0
201500051915,4,2,15,18,5,75,109,2,5,1,6,"17, BOULEVARD DE ROCHECH",0.0,0.0
201500051916,4,2,15,13,1,75,109,2,2,1,6,"39, RUE DE CHATEAUDUN",0.0,0.0
201500051917,15,2,15,16,1,75,102,2,7,8,3,"4, PLACE DE L OPERA",0.0,0.0