Num_Acc,jour,mois,an,hr,condition_eclairage,departement,commune,condition_agglomeration,intersection,condition_atmosphere,type_collision,adresse,lattitude,longitude
201500051918,16,2,15,7,2,75,109,2,4,1,3,"46, RUE DU FAUBOURG MONT",0.0,0.0
201500051919,21,2,15,21,5,75,109,2,1,1,6,"55, BOULEVARD DE CLICHY",0.0,0.0
201500051920,23,2,15,10,1,75,109,2,1,8,6,"32, RUE PIERRE SEMARD",0.0,0.0
201500051921,24,2,15,10,1,75,109,2,5,2,3,"11, RUE PAPILLON",0.0,0.0
201500051922,24,2,15,16,1,75,109,2,1,1,3,"36, RUE DE LONDRES",0.0,0.0
201500051923,25,2,15,16,1,75,109,2,1,1,6,"173, RUE DU FAUBOURG POI",0.0,0.0
201500051924,1,3,15,0,5,75,109,2,5,3,3,"17 bis, BOULEVARD DE ROC",0.0,0.0
201500051925,5,3,15,18,5,75,109,2,2,1,2,"8, BOULEVARD HAUSSMANN",0.0,0.0
201500051926,6,3,15,19,1,75,109,2,1,1,3,"33, RUE DE CHATEAUDUN",0.0,0.0
201500051927,9,3,15,17,1,75,109,2,3,1,3,"70, RUE LA FAYETTE",0.0,0.0
201500051928,11,3,15,23,5,75,109,2,7,1,6,"1, RUE DE CLICHY",0.0,0.0
201500051929,13,3,15,16,1,75,109,2,7,1,3,"2, PLACE DE CLICHY",0.0,0.0
201500051930,14,3,15,15,1,75,109,2,3,1,3,"55, RUE D AMSTERDAM",0.0,0.0
201500051931,22,3,15,10,1,75,109,2,1,1,3,"39, BOULEVARD DE ROCHECH",0.0,0.0
201500051932,24,3,15,16,1,75,109,2,1,2,6,"9, RUE DE LA CHAUSSEE D",0.0,0.0
201500051933,24,3,15,19,5,75,109,2,1,2,6,"15/17, RUE AUBER",0.0,0.0
201500051934,25,3,15,8,1,75,109,2,2,2,6,"45, RUE RODIER",0.0,0.0
201500051935,29,3,15,10,1,75,109,2,1,2,7,"28, RUE BLANCHE",0.0,0.0
201500051936,30,3,15,12,1,75,109,2,1,1,2,"32, RUE NOTRE DAME DE LO",0.0,0.0
201500051937,31,3,15,9,1,75,109,2,1,8,2,"57, RUE DE LA CHAUSSEE D",0.0,0.0
201500051938,31,3,15,18,1,75,109,2,1,1,2,"14 bis, BOULEVARD DE ROC",0.0,0.0
201500051939,2,4,15,23,5,75,109,2,1,1,6,"4, BOULEVARD MONTMARTRE",0.0,0.0
201500051940,3,4,15,14,1,75,109,2,1,3,6,"57, RUE DU FAUBOURG POIS",0.0,0.0
201500051941,5,4,15,15,1,75,109,2,2,1,3,"3, BOULEVARD HAUSSMANN",0.0,0.0
201500051942,6,4,15,21,5,75,109,2,3,1,3,"6, BOULEVARD DES CAPUCIN",0.0,0.0
201500051943,7,4,15,15,1,75,109,2,7,1,6,"2, RUE DU HAVRE",0.0,0.0
201500051944,8,4,15,16,1,75,109,2,1,1,4,"29, BOULEVARD HAUSSMANN",0.0,0.0
201500051945,12,4,15,3,5,75,109,2,3,1,3,"72, RUE LA FAYETTE",0.0,0.0
201500051946,13,4,15,14,1,75,109,2,2,1,6,"10, BOULEVARD HAUSSMANN",0.0,0.0
201500051947,14,4,15,17,1,75,109,2,1,1,6,"21, RUE CADET",0.0,0.0
201500051948,16,4,15,19,1,75,109,2,1,1,6,"49, BOULEVARD DE CLICHY",0.0,0.0
201500051949,21,4,15,8,1,75,109,2,1,1,6,"14 BIS, BOULEVARD HAUSSM",0.0,0.0
201500051950,21,4,15,10,1,75,109,2,7,1,6,PLACE DE L OPERA,0.0,0.0
201500051951,21,4,15,12,1,75,109,2,5,1,2,RUE VICTOR MASSE,0.0,0.0
201500051952,21,4,15,18,1,75,109,2,1,1,2,"18, RUE VICTOR MASSE",0.0,0.0
201500051953,24,4,15,17,1,75,109,2,5,1,6,"42, RUE VIGNON",0.0,0.0
201500051954,25,4,15,13,1,75,109,2,3,1,6,"155, RUE DU FAUBOURG POI",0.0,0.0
201500051955,6,5,15,9,1,75,109,2,5,1,6,"4, BOULEVARD DE LA MADEL",0.0,0.0
201500051956,7,5,15,22,5,75,109,2,5,1,6,"25, RUE PIERRE FONTAINE",0.0,0.0
201500051957,8,5,15,14,1,75,109,2,1,1,6,"28, RUE GODOT DE MAUROY",0.0,0.0
201500051958,10,5,15,12,1,75,104,2,3,1,2,"2, RUE SAINT MARTIN",0.0,0.0
201500051959,12,5,15,17,1,75,109,2,2,1,6,"34, RUE LE PELETIER",0.0,0.0
201500051960,15,5,15,21,2,75,109,2,2,1,6,"26, RUE LE PELETIER",0.0,0.0
201500051961,16,5,15,8,1,75,109,2,7,1,3,"4, PLACE DE CLICHY",0.0,0.0
201500051962,18,5,15,9,1,75,109,2,3,7,3,"55, RUE D AMSTERDAM",0.0,0.0
201500051963,18,5,15,22,5,75,109,2,5,2,6,"17, BOULEVARD DE ROCHECH",0.0,0.0
201500051964,20,5,15,7,1,75,109,2,2,1,6,"29, RUE DE CHATEAUDUN",0.0,0.0
201500051965,20,5,15,11,1,75,109,2,5,2,6,"40, BOULEVARD HAUSSMANN",0.0,0.0
201500051966,21,5,15,10,1,75,109,2,2,1,3,"2, RUE D AMSTERDAM",0.0,0.0
201500051967,21,5,15,12,1,75,109,2,1,1,6,"28, BOULEVARD POISSONNIE",0.0,0.0
201500051968,22,5,15,9,1,75,109,2,7,1,3,"4, PLACE DE L OPERA",48.87063,2.33244
201500051969,26,5,15,3,5,75,109,2,5,1,3,RUE DU FAUBOURG MONTMART,0.0,0.0
201500051970,27,5,15,12,1,75,109,2,1,1,7,"66, RUE DE LA VICTOIRE",0.0,0.0
201500051971,27,5,15,19,1,75,109,2,1,1,3,"08, PLACE DE CLICHY",0.0,0.0
201500051972,28,5,15,23,5,75,109,2,2,1,3,"53, RUE DE DUNKERQUE",0.0,0.0
201500051973,29,5,15,17,1,75,109,2,5,1,6,"30, RUE DE MONTHOLON",0.0,0.0
201500051974,31,5,15,1,5,75,109,2,7,1,3,"9, PLACE DE L OPERA",0.0,0.0
201500051975,1,6,15,9,1,75,109,2,2,1,6,"41, RUE TAITBOUT",0.0,0.0
201500051976,1,6,15,17,1,75,109,2,3,1,3,"21, RUE DE CHATEAUDUN",0.0,0.0
201500051977,13,6,15,14,1,75,109,2,1,1,6,"46, RUE DE LA CHAUSSEE",0.0,0.0
201500051978,25,6,15,9,1,75,109,2,2,1,4,"51, BOULEVARD HAUSSMANN",0.0,0.0
201500051979,4,6,15,10,1,75,109,2,2,1,3,"48, BOULEVARD HAUSSMANN",0.0,0.0
201500051980,5,6,15,21,1,75,109,2,5,1,6,"1, BOULEVARD DE LA MADEL",48.52117,2.19405
201500051981,6,6,15,13,1,75,109,2,3,1,3,"06, RUE DU FAUBOURG MONT",0.0,0.0
201500051982,8,6,15,14,1,75,102,2,3,1,6,"15, BOULEVARD MONTMARTRE",0.0,0.0
201500051983,12,6,15,9,1,75,109,2,1,1,2,"22, RUE DE MAUBEUGE",0.0,0.0
201500051984,12,6,15,14,1,75,109,2,1,1,6,"44, RUE DE LA CHAUSSEE D",0.0,0.0
201500051985,17,6,15,0,5,75,109,2,1,1,6,"24, RUE BERGERE",0.0,0.0
201500051986,17,6,15,14,1,75,103,2,2,1,3,"70, BOULEVARD DE SEBASTO",0.0,0.0
201500051987,17,6,15,15,1,75,109,2,3,1,6,"92, RUE SAINT LAZARE",0.0,0.0
201500051988,20,6,15,20,1,75,109,2,1,1,7,"38, RUE CONDORCET",0.0,0.0
201500051989,21,6,15,20,1,75,109,2,1,1,3,"42, RUE LE PELETIER",0.0,0.0
201500051990,24,6,15,12,1,75,109,2,1,1,3,"75 BIS, BOULEVARD DE CLI",0.0,0.0
201500051991,26,6,15,8,1,75,109,2,5,1,3,"70, BOULEVARD HAUSSMANN",0.0,0.0
201500051992,29,6,15,9,1,75,109,2,2,1,6,"60, RUE DE LA CHAUSSEE D",0.0,0.0
201500051993,29,6,15,20,1,75,109,2,2,1,3,"14, BOULEVARD MONTMARTRE",0.0,0.0
201500051994,30,6,15,6,1,75,101,2,2,1,3,"5, RUE DE CASTIGLIONE",0.0,0.0
201500051995,1,7,15,20,1,75,109,2,5,1,3,"30, BOULEVARD DES CAPUCI",0.0,0.0
201500051996,4,7,15,11,1,75,109,2,3,8,6,"101, RUE SAINT LAZARE",0.0,0.0
201500051997,6,7,15,18,1,75,109,2,3,1,3,"75 BIS, BOULEVARD DE CLI",0.0,0.0
201500051998,8,7,15,14,1,75,109,2,5,1,3,"20, BOULEVARD MONTMARTRE",0.0,0.0
201500051999,10,7,15,19,2,75,109,2,4,1,7,"3, RUE DE CHATEAUDUN",0.0,0.0
201500052000,14,7,15,12,1,75,109,2,3,1,3,"04, BOULEVARD HAUSSMANN",0.0,0.0
201500052001,17,7,15,17,1,75,109,2,1,1,3,"32 bis, BOULEVARD HAUSSM",0.0,0.0
201500052002,21,7,15,17,1,75,109,2,2,1,3,"16, RUE LA FAYETTE",0.0,0.0
201500052003,23,7,15,19,1,75,109,2,1,1,3,"20, BOULEVARD DES CAPUCI",0.0,0.0
201500052004,27,7,15,0,5,75,109,2,1,8,7,"8, PLACE DE L OPERA",0.0,0.0
201500052005,28,7,15,17,1,75,109,2,1,1,6,"47, BOULEVARD HAUSSMANN",0.0,0.0
201500052006,8,8,15,3,5,75,101,2,5,1,2,"2, QUAI DU LOUVRE",0.0,0.0
201500052007,18,8,15,17,1,75,109,2,3,1,6,"67, RUE LA FAYETTE",0.0,0.0
201500052008,24,8,15,6,5,75,102,2,1,2,6,"12, RUE DE LA PAIX",0.0,0.0
201500052009,28,8,15,17,1,75,109,2,3,1,3,"20, BOULEVARD DES ITALIE",0.0,0.0
201500052010,29,8,15,14,1,75,109,2,5,1,6,"19, RUE AUBER",0.0,0.0
201500052011,1,9,15,18,1,75,109,2,2,1,6,"1, RUE DU FAUBOURG POISS",0.0,0.0
201500052012,3,9,15,7,2,75,109,2,2,1,6,"31, RUE DE LA CHAUSSEE D",0.0,0.0
201500052013,3,9,15,18,1,75,109,2,7,1,2,"/, PLACE DE L OPERA",0.0,0.0
201500052014,8,9,15,12,1,75,109,2,1,1,6,"30, RUE DE MONTHOLON",0.0,0.0
201500052015,8,9,15,16,1,75,109,2,1,8,3,RUE TAITBOUT,0.0,0.0
201500052016,9,9,15,8,1,75,109,2,2,1,6,"56, RUE TAITBOUT",0.0,0.0
201500052017,9,9,15,22,5,75,109,2,2,1,3,"18, RUE LA FAYETTE",0.0,0.0
201500052018,10,9,15,17,1,75,109,2,5,1,3,", RUE AUBER",0.0,0.0
201500052019,12,9,15,11,1,75,109,2,7,2,7,"1, RUE AUBER",0.0,0.0
201500052020,14,9,15,11,1,75,109,2,3,1,7,"35, RUE LAMARTINE",0.0,0.0
201500052021,15,9,15,23,5,75,109,2,3,1,6,RUE DE ROCHECHOUART,0.0,0.0
201500052022,16,9,15,14,1,75,109,2,1,3,6,"14, RUE VICTOR MASSE",0.0,0.0
201500052023,16,9,15,17,1,75,109,2,3,8,6,"80, RUE TAITBOUT",0.0,0.0
201500052024,23,9,15,5,5,75,109,2,3,1,2,RUE LA FAYETTE,0.0,0.0
201500052025,23,9,15,16,1,75,109,2,2,1,3,"14, BOULEVARD HAUSSMANN",0.0,0.0
201500052026,25,9,15,1,5,75,109,2,3,1,6,"54, BOULEVARD HAUSSMANN",0.0,0.0
201500052027,25,9,15,19,5,75,104,2,1,1,6,"01, RUE SAINT ANTOINE",0.0,0.0
201500052028,29,9,15,12,1,75,109,2,2,1,6,"7, BOULEVARD HAUSSMANN",0.0,0.0
201500052029,29,9,15,15,1,75,109,2,2,1,6,"53, AVENUE TRUDAINE",0.0,0.0
201500052030,2,10,15,22,5,75,109,2,2,1,6,"66, RUE LA FAYETTE",0.0,0.0
201500052031,3,10,15,18,2,75,109,2,2,1,3,"36, RUE BALLU",0.0,0.0
201500052032,4,10,15,0,5,75,104,2,2,1,3,BOULEVARD HENRI IV,0.0,0.0
201500052033,2,10,15,10,1,75,109,2,2,1,6,"23, RUE CADET",0.0,0.0
201500052034,8,10,15,13,1,75,109,2,1,1,6,"8, PLACE DE CLICHY",0.0,0.0
201500052035,9,10,15,12,1,75,109,2,5,1,6,"42, RUE DE LA CHAUSSEE D",0.0,0.0
201500052036,30,9,15,14,1,75,109,2,7,1,3,PLACE DE L OPERA,0.0,0.0
201500052037,12,10,15,7,1,75,109,2,1,1,2,"43, BOULEVARD HAUSSMANN",0.0,0.0
201500052038,13,10,15,18,2,75,109,2,5,1,6,"64, RUE LAMARTINE",0.0,0.0
201500052039,14,10,15,19,2,75,109,2,7,3,7,"1, RUE AUBER",0.0,0.0
201500052040,16,10,15,18,2,75,109,2,7,1,3,"2, RUE GLUCK",0.0,0.0
201500052041,16,10,15,21,5,75,109,2,1,2,2,"84, RUE DE CLICHY",0.0,0.0
201500052042,17,10,15,7,5,75,109,2,5,2,3,"21, RUE DE DOUAI",0.0,0.0
201500052043,17,10,15,17,1,75,109,2,2,2,6,"08, RUE DE TREVISE",0.0,0.0
201500052044,20,10,15,7,5,75,109,2,3,8,3,"65, RUE LA FAYETTE",0.0,0.0
201500052045,26,10,15,20,5,75,109,2,4,1,6,"31, RUE NOTRE DAME DE LO",0.0,0.0
201500052046,30,10,15,17,1,75,109,2,2,1,2,RUE DU FAUBOURG MONTMART,0.0,0.0
201500052047,3,11,15,16,1,75,109,2,4,1,6,"35, RUE NOTRE DAME DE LO",0.0,0.0
201500052048,3,11,15,22,5,75,109,2,3,2,7,"30, RUE NOTRE DAME DE LO",0.0,0.0
201500052049,6,11,15,20,5,75,109,2,1,2,2,RUE DU HAVRE,0.0,0.0
201500052050,9,11,15,9,1,75,109,2,1,1,6,"7, RUE DU FAUBOURG POISS",0.0,0.0
201500052051,9,11,15,17,2,75,109,2,3,1,6,"90, RUE SAINT LAZARE",0.0,0.0
201500052052,9,11,15,19,5,75,109,2,7,1,2,"57, BOULEVARD DE CLICHY",0.0,0.0
201500052053,12,11,15,9,1,75,109,2,2,1,3,"14, BOULEVARD HAUSSMANN",0.0,0.0
201500052054,17,11,15,14,1,75,109,2,3,1,6,RUE D AMSTERDAM,0.0,0.0
201500052055,17,11,15,17,2,75,102,2,1,2,3,"17, BOULEVARD POISSONNIE",0.0,0.0
201500052056,18,11,15,9,1,75,109,2,3,1,3,"21, RUE DE NAVARIN",0.0,0.0
201500052057,20,11,15,14,1,75,109,2,4,3,6,RUE NOTRE DAME DE LORETT,0.0,0.0
201500052058,22,11,15,18,5,75,109,2,3,1,2,"45, BOULEVARD HAUSSMANN",0.0,0.0
201500052059,24,11,15,18,5,75,109,2,7,2,6,"59, RUE DE CHATEAUDUN",0.0,0.0
201500052060,26,11,15,8,1,75,103,2,2,1,3,"1, BOULEVARD SAINT DENIS",0.0,0.0
201500052061,27,11,15,0,5,75,109,2,1,1,6,"58, RUE DE ROCHECHOUART",0.0,0.0
201500052062,27,11,15,9,1,75,109,2,3,1,6,"20, BOULEVARD POISSONNIE",0.0,0.0
201500052063,27,11,15,15,1,75,109,2,5,1,3,"48, RUE DU FAUBOURG MONT",0.0,0.0
201500052064,30,11,15,8,1,75,109,2,2,1,6,"44, RUE BLANCHE",0.0,0.0
201500052065,1,12,15,14,1,75,109,2,3,1,6,"41, BOULEVARD DE CLICHY",0.0,0.0
201500052066,1,12,15,16,1,75,109,2,3,1,3,"2, RUE D AMSTERDAM",0.0,0.0
201500052067,1,12,15,18,5,75,109,2,2,1,3,"10, BOULEVARD HAUSSMANN",0.0,0.0
201500052068,1,12,15,22,5,75,109,2,1,1,6,"53, RUE DE CHATEAUDUN",0.0,0.0
201500052069,3,12,15,12,1,75,109,2,2,1,3,RUE DE CHATEAUDUN,0.0,0.0
201500052070,3,12,15,22,5,75,109,2,2,1,3,"52, RUE LA FAYETTE",0.0,0.0
201500052071,8,12,15,23,5,75,109,2,7,8,3,RUE HALEVY,0.0,0.0
201500052072,9,12,15,9,1,75,109,2,5,1,2,"2, BOULEVARD HAUSSMANN",0.0,0.0
201500052073,11,12,15,1,5,75,109,2,1,8,6,"101, RUE SAINT LAZARE",0.0,0.0
201500052074,14,12,15,15,1,75,109,2,2,1,3,"11, RUE DE CHATEAUDUN",0.0,0.0
201500052075,15,12,15,11,1,75,109,2,2,2,2,"56, RUE DE CLICHY",0.0,0.0
201500052076,16,12,15,9,1,75,108,2,1,1,7,"15, RUE D AMSTERDAM",0.0,0.0
201500052077,19,12,15,11,1,75,109,2,3,1,6,"17, AVENUE TRUDAINE",0.0,0.0
201500052078,23,12,15,11,1,75,109,2,2,1,3,RUE BALLU,0.0,0.0
201500052079,26,12,15,18,5,75,102,2,1,1,3,"12, BOULEVARD POISSONNIE",0.0,0.0
201500052080,30,12,15,18,5,75,102,2,3,1,6,"13, RUE POISSONNIERE",0.0,0.0
201500052081,3,1,15,14,1,75,110,2,2,2,3,"92, BOULEVARD DE MAGENTA",0.0,0.0
201500052082,4,1,15,5,5,75,110,2,7,1,6,"16, PLACE DE LA REPUBLIQ",0.0,0.0
201500052083,7,1,15,15,1,75,110,2,1,1,7,"48, RUE D HAUTEVILLE",0.0,0.0
201500052084,8,1,15,15,1,75,110,2,1,1,7,"0, BOULEVARD DE MAGENTA",0.0,0.0
201500052085,12,1,15,16,1,75,110,2,1,8,6,"9, RUE DES PETITS HOTELS",0.0,0.0
201500052086,15,1,15,16,1,75,110,2,1,1,6,"54, RUE DU FAUBOURG SAIN",0.0,0.0
201500052087,16,1,15,19,5,75,110,2,1,2,7,"70, QUAI DE JEMMAPES",0.0,0.0
201500052088,18,1,15,21,5,75,110,2,1,1,3,"1, BOULEVARD DE STRASBOU",0.0,0.0
201500052089,17,1,15,13,1,75,110,2,2,8,7,"60, RUE DU CHATEAU LANDO",0.0,0.0
201500052090,19,1,15,18,5,75,110,2,1,1,7,"148, RUE DU FAUBOURG SAI",0.0,0.0
201500052091,20,1,15,16,2,75,110,2,1,8,6,"135, BOULEVARD DE LA VIL",0.0,0.0
201500052092,23,1,15,16,1,75,110,2,5,1,1,"125, BOULEVARD DE MAGENT",0.0,0.0
201500052093,24,1,15,14,1,75,110,2,3,1,6,"43, QUAI DE VALMY",0.0,0.0
201500052094,26,1,15,0,5,75,110,2,1,1,3,"50, BOULEVARD DE MAGENTA",0.0,0.0
201500052095,27,1,15,10,1,75,110,2,1,1,6,"09, BOULEVARD DE LA VILL",0.0,0.0
201500052096,27,1,15,12,1,75,110,2,1,1,6,"08, RUE YVES TOUDIC",0.0,0.0
201500052097,30,1,15,7,1,75,110,2,2,2,1,"153, RUE LA FAYETTE",0.0,0.0
201500052098,3,2,15,21,5,75,110,2,5,1,6,"20, RUE DE DUNKERQUE",0.0,0.0
201500052099,4,2,15,16,1,75,110,2,1,1,4,QUAI DE VALMY,0.0,0.0
201500052100,5,2,15,9,1,75,110,2,1,1,6,"234, RUE DU FAUBOURG SAI",0.0,0.0
201500052101,6,2,15,18,5,75,110,2,1,1,3,"119, RUE DU FAUBOURG SAI",0.0,0.0
201500052102,7,2,15,2,5,75,110,2,2,1,3,"01, RUE YVES TOUDIC",0.0,0.0
201500052103,9,2,15,22,5,75,110,2,2,1,3,"35, RUE LOUIS BLANC",0.0,0.0
201500052104,11,2,15,0,5,75,110,2,1,1,3,"04, BOULEVARD SAINT MART",0.0,0.0
201500052105,11,2,15,16,1,75,110,2,2,1,6,"57, BOULEVARD DE MAGENTA",0.0,0.0
201500052106,13,2,15,14,1,75,110,2,3,1,2,"205, QUAI DE VALMY",0.0,0.0
201500052107,13,2,15,21,5,75,110,2,5,2,6,"85, RUE DE MAUBEUGE",0.0,0.0
201500052108,17,2,15,15,1,75,110,2,2,1,6,"6, RUE BEAUREPAIRE",0.0,0.0
201500052109,18,2,15,14,1,75,110,2,1,1,6,"7, RUE D HAUTEVILLE",0.0,0.0
201500052110,19,2,15,17,5,75,110,2,2,1,3,"120, BOULEVARD DE MAGENT",0.0,0.0
201500052111,23,2,15,8,1,75,110,2,5,2,6,"96, RUE RENE BOULANGER",0.0,0.0
201500052112,23,2,15,16,1,75,110,2,1,8,7,"99, RUE DU FAUBOURG SAIN",0.0,0.0
201500052113,23,2,15,23,5,75,110,2,1,1,6,"93, BOULEVARD DE LA VILL",0.0,0.0
201500052114,25,2,15,13,1,75,110,2,2,8,3,"217, RUE LA FAYETTE",0.0,0.0
201500052115,26,2,15,9,1,75,110,2,1,2,6,"145, RUE DU FAUBOURG SAI",0.0,0.0
201500052116,26,2,15,22,5,75,110,2,1,2,6,"53, BOULEVARD DE MAGENTA",0.0,0.0
201500052117,27,2,15,8,1,75,110,2,1,1,6,"66, AVENUE CLAUDE VELLEF",0.0,0.0
201500052118,4,3,15,11,1,75,110,2,1,1,6,"10, BOULEVARD DE MAGENTA",0.0,0.0
201500052119,6,3,15,1,5,75,110,2,2,1,6,"85, BOULEVARD DE MAGENTA",0.0,0.0
201500052120,4,3,15,21,5,75,110,2,3,1,6,"274, RUE DU FAUBOURG SAI",0.0,0.0
201500052121,6,3,15,19,5,75,110,2,1,2,6,"124, BOULEVARD DE MAGENT",0.0,0.0
201500052122,7,3,15,20,5,75,110,2,1,1,3,"10, BOULEVARD DE MAGENTA",0.0,0.0
201500052123,8,3,15,3,5,75,110,2,2,1,6,"53, BOULEVARD DE MAGENTA",0.0,0.0
201500052124,8,3,15,17,1,75,110,2,1,1,6,"5, PLACE DE LA BATAILLE",0.0,0.0
201500052125,11,3,15,18,1,75,110,2,7,1,2,"3, PLACE DU COLONEL FABI",0.0,0.0
201500052126,12,3,15,18,2,75,110,2,1,1,6,"208, RUE LA FAYETTE",0.0,0.0
201500052127,13,3,15,2,5,75,110,2,1,1,3,"78, QUAI DE JEMMAPES",0.0,0.0
201500052128,14,3,15,12,1,75,110,2,2,1,2,"229, RUE DU FAUBOURG SAI",0.0,0.0
201500052129,20,3,15,13,1,75,110,2,1,1,5,"50, BOULEVARD DE MAGENTA",0.0,0.0
201500052130,25,3,15,2,5,75,110,2,2,2,6,"149, AVENUE PARMENTIER",0.0,0.0
201500052131,26,3,15,22,5,75,110,2,1,1,2,"16, BOULEVARD SAINT DENI",0.0,0.0
201500052132,27,3,15,21,5,75,110,2,1,1,6,"6, BOULEVARD DE MAGENTA",0.0,0.0
201500052133,1,4,15,17,1,75,110,2,4,1,6,"1440, BOULEVARD DE MAGEN",0.0,0.0
201500052134,3,4,15,0,5,75,110,2,1,2,6,"55, RUE DE LA GRANGE AUX",0.0,0.0
201500052135,3,4,15,20,5,75,110,2,1,2,6,"151, BOULEVARD DE MAGENT",0.0,0.0
201500052136,5,4,15,5,5,75,110,2,1,1,6,"56, BOULEVARD DE MAGENTA",0.0,0.0
201500052137,9,4,15,0,5,75,110,2,2,1,3,"33, RUE JULIETTE DODU",0.0,0.0
201500052138,9,4,15,13,1,75,110,2,5,1,3,"210, RUE DU FAUBOURG SAI",0.0,0.0
201500052139,10,4,15,18,1,75,110,2,2,1,6,"244, RUE DU FAUBOURG SAI",0.0,0.0
201500052140,10,4,15,19,1,75,110,2,5,1,3,BOULEVARD DE LA VILLETTE,0.0,0.0
201500052141,11,4,15,22,5,75,110,2,7,1,6,"97, RUE LA FAYETTE",0.0,0.0
201500052142,12,4,15,1,5,75,110,2,1,1,2,"189, RUE DU FAUBOURG SAI",0.0,0.0
201500052143,13,4,15,23,5,75,110,2,2,1,3,"158, RUE LA FAYETTE",0.0,0.0
201500052144,14,4,15,14,1,75,110,2,7,1,3,"14, PLACE DE LA REPUBLIQ",0.0,0.0
201500052145,15,4,15,13,1,75,110,2,3,1,2,"192, RUE DU FAUBOURG SAI",0.0,0.0
201500052146,17,4,15,6,2,75,110,2,7,1,6,"18, RUE DE DUNKERQUE",0.0,0.0
201500052147,21,4,15,14,1,75,110,2,2,1,3,"72, BOULEVARD DE STRASBO",0.0,0.0
201500052148,22,4,15,16,1,75,110,2,1,1,6,"131, RUE LA FAYETTE",0.0,0.0
201500052149,23,4,15,0,5,75,110,2,2,1,3,"230 bis, RUE DU FAUBOURG",0.0,0.0
201500052150,23,4,15,8,1,75,110,2,5,1,6,"34, RUE DE L AQUEDUC",0.0,0.0
201500052151,23,4,15,10,1,75,110,2,1,1,3,"119, RUE LA FAYETTE",0.0,0.0
201500052152,24,4,15,8,1,75,110,2,2,1,2,BOULEVARD SAINT DENIS,0.0,0.0
201500052153,25,4,15,12,1,75,110,2,2,1,6,"102, QUAI DE JEMMAPES",0.0,0.0
201500052154,27,4,15,19,1,75,110,2,1,1,6,"23, RUE JULIETTE DODU",0.0,0.0
201500052155,28,4,15,22,5,75,110,2,7,1,3,"1, PLACE DE LA BATAILLE",0.0,0.0
201500052156,2,5,15,13,1,75,110,2,1,1,6,"116, RUE DE MAUBEUGE",0.0,0.0
201500052157,6,5,15,14,1,75,110,2,1,1,4,"99, BOULEVARD DE MAGENTA",0.0,0.0
201500052158,6,5,15,18,1,75,110,2,1,1,6,"39, BOULEVARD DE LA CHAP",0.0,0.0
201500052159,6,5,15,17,1,75,110,2,1,1,3,"26, AVENUE CLAUDE VELLEF",0.0,0.0
201500052160,18,5,15,18,1,75,118,2,5,1,7,"30, BOULEVARD DE LA CHAP",0.0,0.0
201500052161,18,5,15,23,5,75,110,2,4,2,3,"160, RUE LA FAYETTE",0.0,0.0
201500052162,20,5,15,8,1,75,110,2,3,1,3,"22, RUE BICHAT",0.0,0.0
201500052163,20,5,15,10,1,75,110,2,3,1,3,"168, RUE LA FAYETTE",0.0,0.0
201500052164,21,5,15,9,1,75,110,2,1,1,3,"145, QUAI DE VALMY",0.0,0.0
201500052165,22,5,15,17,1,75,110,2,5,1,6,"35, BOULEVARD DE LA CHAP",0.0,0.0
201500052166,22,5,15,18,1,75,110,2,1,1,6,BOULEVARD DE MAGENTA,0.0,0.0
201500052167,26,5,15,17,1,75,110,2,1,1,4,"113, RUE LA FAYETTE",0.0,0.0
201500052168,30,5,15,10,1,75,110,2,5,1,3,"18, BOULEVARD SAINT MART",0.0,0.0
201500052169,30,5,15,15,1,75,110,2,2,1,6,"61, BOULEVARD DE STRASBO",0.0,0.0
201500052170,30,5,15,19,1,75,110,2,1,1,2,"53, BOULEVARD DE MAGENTA",0.0,0.0
201500052171,3,6,15,9,1,75,110,2,3,1,3,"71, QUAI DE VALMY",0.0,0.0
201500052172,6,6,15,19,1,75,110,2,1,1,6,"206, RUE DU FAUBOURG SAI",0.0,0.0
201500052173,6,6,15,20,1,75,110,2,1,1,6,"1, RUE DE METZ",0.0,0.0
201500052174,7,6,15,17,1,75,110,2,2,1,6,"53, RUE LOUIS BLANC",0.0,0.0
201500052175,8,6,15,8,1,75,110,2,1,1,6,"191, QUAI DE VALMY",0.0,0.0
201500052176,8,6,15,14,1,75,110,2,7,1,3,"7, PLACE FRANZ LISZT",0.0,0.0
201500052177,9,6,15,9,1,75,110,2,3,1,4,QUAI DE VALMY,0.0,0.0
201500052178,10,6,15,9,1,75,110,2,2,1,6,RUE DU FAUBOURG DU TEMPL,0.0,0.0
201500052179,11,6,15,14,1,75,110,2,3,1,3,"53, RUE DE CHABROL",0.0,0.0
201500052180,16,6,15,20,1,75,110,2,2,1,1,"87, BOULEVARD DE MAGENTA",0.0,0.0
201500052181,3,7,15,10,1,75,110,2,2,1,6,"70, RUE DU FAUBOURG SAIN",0.0,0.0
201500052182,7,7,15,23,5,75,110,2,2,1,3,"180, RUE LA FAYETTE",0.0,0.0
201500052183,2,10,15,12,1,75,110,2,1,1,6,"27, BOULEVARD DE MAGENTA",0.0,0.0
201500052184,9,6,15,22,5,75,110,2,1,1,6,"717, QUAI DE VALMY",0.0,0.0
201500052185,10,6,15,16,1,75,110,2,2,1,6,"27, BOULEVARD DE STRASBO",0.0,0.0
201500052186,11,6,15,4,5,75,110,2,2,1,7,"194, QUAI DE JEMMAPES",0.0,0.0
201500052187,12,6,15,17,1,75,110,2,1,1,2,"205, QUAI DE VALMY",0.0,0.0
201500052188,20,6,15,7,1,75,110,2,1,1,6,"4, METRO CHATEAU LANDON",0.0,0.0
201500052189,20,6,15,20,1,75,110,2,2,1,3,"195, RUE LA FAYETTE",0.0,0.0
201500052190,22,6,15,3,5,75,110,2,5,1,3,RUE DU FAUBOURG SAINT DE,0.0,0.0
201500052191,23,6,15,9,1,75,110,2,3,1,2,"165, QUAI DE VALMY",0.0,0.0
201500052192,24,6,15,6,1,75,110,2,2,1,6,"149, AVENUE PARMENTIER",0.0,0.0
201500052193,26,6,15,14,1,75,110,2,1,1,6,"3, RUE DE PARADIS",0.0,0.0
201500052194,29,6,15,18,1,75,110,2,1,1,6,"63, RUE DU FAUBOURG SAIN",0.0,0.0