Num_Acc,jour,mois,an,hr,condition_eclairage,departement,commune,condition_agglomeration,intersection,condition_atmosphere,type_collision,adresse,lattitude,longitude
201500052195,1,7,15,8,1,75,110,2,1,1,3,"6, RUE DU FAUBOURG POISS",0.0,0.0
201500052196,2,7,15,11,1,75,110,2,1,1,6,"267, RUE DU FAUBOURG SAI",0.0,0.0
201500052197,7,7,15,7,1,75,110,2,2,1,3,RUE LOUIS BLANC,0.0,0.0
201500052198,7,7,15,13,1,75,110,2,1,1,3,"255, RUE DU FAUBOURG SAI",0.0,0.0
201500052199,8,7,15,8,1,75,110,2,2,1,3,"17, RUE JACQUES LOUVEL T",0.0,0.0
201500052200,8,7,15,12,1,75,110,2,1,1,2,"16, RUE BICHAT",0.0,0.0
201500052201,10,7,15,10,1,75,110,2,7,1,6,"09, PLACE DE LA BATAILLE",0.0,0.0
201500052202,11,7,15,13,1,75,110,2,1,1,6,"115, RUE DU FAUBOURG DU",0.0,0.0
201500052203,16,7,15,10,1,75,109,2,5,1,6,"54, BOULEVARD DE MAGENTA",0.0,0.0
201500052204,22,7,15,12,1,75,110,2,2,1,4,"35, RUE DE SAINT QUENTIN",0.0,0.0
201500052205,22,7,15,23,5,75,110,2,1,1,6,"217, RUE DU FAUBOURG SAI",0.0,0.0
201500052206,23,7,15,17,1,75,110,2,1,1,7,"188, RUE LA FAYETTE",0.0,0.0
201500052207,24,7,15,7,1,75,109,2,7,1,6,"01, BOULEVARD DE MAGENTA",0.0,0.0
201500052208,25,7,15,6,2,75,110,2,2,8,3,"204, RUE LA FAYETTE",48.52534,2.21559
201500052209,27,7,15,12,1,75,110,2,5,2,6,"60, RUE DE PARADIS",0.0,0.0
201500052210,28,7,15,15,1,75,110,2,2,8,3,"1, BOULEVARD DE STRASBOU",0.0,0.0
201500052211,2,8,15,6,5,75,110,2,1,1,5,"16, BOULEVARD DE MAGENTA",0.0,0.0
201500052212,2,8,15,22,5,75,110,2,3,1,6,"33, BOULEVARD DE MAGENTA",0.0,0.0
201500052213,3,8,15,20,1,75,110,2,1,1,6,"36, QUAI DE JEMMAPES",0.0,0.0
201500052214,7,8,15,22,5,75,110,2,1,1,6,"203, RUE LA FAYETTE",0.0,0.0
201500052215,13,8,15,20,1,75,110,2,5,1,3,"/, RUE LA FAYETTE",48.52501,2.21432
201500052216,14,8,15,23,5,75,110,2,3,2,6,"91, BOULEVARD DE STRASBO",0.0,0.0
201500052217,15,8,15,1,5,75,110,2,3,2,3,"272, RUE DU FAUBOURG SAI",0.0,0.0
201500052218,17,8,15,22,3,75,110,2,2,1,3,"164, AVENUE PARMENTIER",0.0,0.0
201500052219,20,8,15,0,5,75,110,2,5,2,6,"103, BOULEVARD DE MAGENT",0.0,0.0
201500052220,22,8,15,23,5,75,110,2,2,1,3,"92, BOULEVARD DE MAGENTA",0.0,0.0
201500052221,24,8,15,17,1,75,110,2,2,2,2,"5, PLACE DU COLONEL FABI",0.0,0.0
201500052222,27,8,15,23,5,75,110,2,2,2,3,"35, RUE DE PARADIS",0.0,0.0
201500052223,31,8,15,15,1,75,110,2,1,1,3,"4, RUE DU FAUBOURG SAINT",0.0,0.0
201500052224,2,9,15,17,1,75,110,2,2,1,4,"8, BOULEVARD SAINT DENIS",0.0,0.0
201500052225,4,9,15,19,1,75,110,2,2,1,6,"36, BOULEVARD DE STRASBO",0.0,0.0
201500052226,6,9,15,10,1,75,110,2,2,1,3,BOULEVARD DE STRASBOURG,0.0,0.0
201500052227,10,9,15,19,2,75,110,2,4,1,6,"166, RUE LA FAYETTE",0.0,0.0
201500052228,15,9,15,14,1,75,110,2,4,1,3,"168, RUE LA FAYETTE",48.52469,2.21313
201500052229,18,9,15,22,5,75,110,2,2,2,6,"149, AVENUE PARMENTIER",0.0,0.0
201500052230,21,9,15,15,1,75,110,2,1,1,3,"25, RUE DE LA GRANGE AUX",0.0,0.0
201500052231,24,9,15,1,5,75,110,2,5,1,3,"31, BOULEVARD DE MAGENTA",0.0,0.0
201500052232,24,9,15,22,5,75,110,2,2,2,6,"94, BOULEVARD DE MAGENTA",0.0,0.0
201500052233,25,9,15,21,5,75,110,2,1,1,3,"55, BOULEVARD DE STRASBO",0.0,0.0
201500052234,26,9,15,20,5,75,110,2,1,1,2,"147, RUE DU FAUBOURG SAI",0.0,0.0
201500052235,28,9,15,1,5,75,110,2,1,1,6,BOULEVARD DE MAGENTA,0.0,0.0
201500052236,28,9,15,9,1,75,110,2,1,1,6,"57, RUE DE LANCRY",0.0,0.0
201500052237,29,9,15,17,1,75,119,2,2,1,3,"44, BOULEVARD DE LA VILL",48.52257,2.22302
201500052238,29,9,15,22,5,75,110,2,5,1,3,"72, BOULEVARD DE STRASBO",0.0,0.0
201500052239,3,10,15,5,5,75,110,2,4,1,6,"96, BOULEVARD DE MAGENTA",0.0,0.0
201500052240,3,10,15,16,1,75,110,2,4,1,6,"15, RUE EUGENE VARLIN",0.0,0.0
201500052241,6,10,15,11,1,75,110,2,1,2,2,"85, BOULEVARD DE MAGENTA",0.0,0.0
201500052242,6,10,15,16,1,75,110,2,1,2,6,BOULEVARD DE MAGENTA,0.0,0.0
201500052243,9,10,15,15,1,75,110,2,7,1,3,"19, BOULEVARD DE MAGENTA",0.0,0.0
201500052244,9,10,15,18,2,75,110,2,4,1,3,"187, RUE DU FAUBOURG SAI",0.0,0.0
201500052245,11,10,15,19,1,75,110,2,2,1,3,"2, RUE DES RECOLLETS",0.0,0.0
201500052246,20,10,15,21,5,75,110,2,5,1,3,"02, BOULEVARD DE DENAIN",0.0,0.0
201500052247,21,10,15,15,1,75,110,2,1,1,6,"48, RUE DU CHATEAU LANDO",0.0,0.0
201500052248,21,10,15,14,1,75,110,2,2,1,3,BOULEVARD SAINT DENIS,0.0,0.0
201500052249,23,10,15,18,2,75,110,2,1,1,6,"75, BOULEVARD DE MAGENTA",0.0,0.0
201500052250,25,10,15,15,1,75,110,2,5,1,2,"34, RUE PHILIPPE DE GIRA",0.0,0.0
201500052251,27,10,15,20,5,75,110,2,2,1,6,"153, QUAI DE VALMY",0.0,0.0
201500052252,28,10,15,2,5,75,110,2,1,3,6,"78, BOULEVARD DE STRASBO",0.0,0.0
201500052253,31,10,15,6,5,75,110,2,2,1,6,"230 BIS, RUE DU FAUBOURG",0.0,0.0
201500052254,31,10,15,13,1,75,110,2,1,1,3,"16, BOULEVARD DE MAGENTA",0.0,0.0
201500052255,31,10,15,19,5,75,110,2,1,1,6,"7, RUE DES ECLUSES SAINT",0.0,0.0
201500052256,2,11,15,19,5,75,110,2,3,1,6,RUE DU TERRAGE,0.0,0.0
201500052257,3,11,15,7,2,75,110,2,1,2,7,"8, BOULEVARD DE MAGENTA",0.0,0.0
201500052258,6,11,15,11,1,75,110,2,1,1,3,"175, RUE LA FAYETTE",0.0,0.0
201500052259,7,11,15,17,5,75,110,2,2,1,6,"151, AVENUE PARMENTIER",0.0,0.0
201500052260,12,11,15,1,5,75,110,2,1,1,6,"173, QUAI DE VALMY",0.0,0.0
201500052261,13,11,15,15,1,75,110,2,2,1,7,"49, BOULEVARD DE STRASBO",0.0,0.0
201500052262,16,11,15,22,5,75,110,2,1,2,6,"29, RUE DES RECOLLETS",0.0,0.0
201500052263,19,11,15,5,5,75,110,2,4,1,6,"35, BOULEVARD DE MAGENTA",0.0,0.0
201500052264,21,11,15,6,5,75,110,2,3,2,6,"22, BOULEVARD DE BONNE N",0.0,0.0
201500052265,23,11,15,7,1,75,110,2,1,1,6,"158, RUE LA FAYETTE",0.0,0.0
201500052266,24,11,15,17,1,75,110,2,1,2,1,"205, RUE LA FAYETTE",0.0,0.0
201500052267,24,11,15,18,2,75,110,2,1,1,2,QUAI DE VALMY,0.0,0.0
201500052268,27,11,15,5,1,75,110,2,2,1,6,"150, RUE LA FAYETTE",0.0,0.0
201500052269,27,11,15,8,1,75,110,2,2,1,3,"01, BOULEVARD DE STRASBO",0.0,0.0
201500052270,27,11,15,21,5,75,110,2,5,1,3,BOULEVARD DE MAGENTA,0.0,0.0
201500052271,29,11,15,4,5,75,110,2,2,2,3,"156, RUE LA FAYETTE",0.0,0.0
201500052272,1,12,15,9,1,75,110,2,1,1,3,"131, QUAI DE VALMY",0.0,0.0
201500052273,1,12,15,20,5,75,110,2,1,1,3,"123, BOULEVARD DE MAGENT",0.0,0.0
201500052274,3,12,15,13,1,75,110,2,4,1,3,"117, BOULEVARD DE LA VIL",0.0,0.0
201500052275,4,12,15,2,5,75,110,2,2,2,6,"94, BOULEVARD DE MAGENTA",0.0,0.0
201500052276,4,12,15,13,1,75,110,2,1,1,3,"133, BOULEVARD DE MAGENT",0.0,0.0
201500052277,10,12,15,2,5,75,110,2,2,1,3,"193, RUE LA FAYETTE",0.0,0.0
201500052278,12,12,15,8,1,75,110,2,1,8,6,"85, RUE DE MAUBEUGE",0.0,0.0
201500052279,12,12,15,16,5,75,110,2,2,1,3,"150, RUE LA FAYETTE",0.0,0.0
201500052280,13,12,15,20,5,75,110,2,1,1,2,"147, RUE DU FAUBOURG SAI",0.0,0.0
201500052281,16,12,15,17,4,75,110,2,1,1,6,"127, RUE DU FAUBOURG DU",0.0,0.0
201500052282,17,12,15,18,5,75,110,2,2,1,6,"4, RUE LEON JOUHAUX",0.0,0.0
201500052283,17,12,15,18,5,75,110,2,2,1,3,"154, RUE DU FAUBOURG SAI",0.0,0.0
201500052284,18,12,15,20,5,75,110,2,1,1,2,"121, BOULEVARD DE LA VIL",0.0,0.0
201500052285,19,12,15,17,5,75,110,2,1,1,6,"1, RUE DU FAUBOURG DU TE",0.0,0.0
201500052286,21,12,15,16,1,75,110,2,1,1,2,RUE DE L AQUEDUC,0.0,0.0
201500052287,28,12,15,20,5,75,110,2,5,1,1,"24, AVENUE CLAUDE VELLEF",0.0,0.0
201500052288,1,1,15,1,5,75,111,2,2,1,3,"/, BOULEVARD DE BELLEVIL",0.0,0.0
201500052289,3,1,15,17,5,75,111,2,2,2,6,"131, AVENUE LEDRU ROLLIN",0.0,0.0
201500052290,5,1,15,18,3,75,111,2,2,1,3,"95, AVENUE PHILIPPE AUGU",0.0,0.0
201500052291,5,1,15,5,5,75,111,2,2,1,6,"17, AVENUE PARMENTIER",0.0,0.0
201500052292,9,1,15,9,1,75,111,2,1,1,6,"39, RUE JEAN PIERRE TIMB",0.0,0.0
201500052293,14,1,15,8,1,75,111,2,2,1,7,"95, AVENUE PHILIPPE AUGU",0.0,0.0
201500052294,15,1,15,11,1,75,111,2,3,2,3,"29, RUE RICHARD LENOIR",0.0,0.0
201500052295,15,1,15,18,5,75,111,2,7,2,6,"296, BOULEVARD VOLTAIRE",0.0,0.0
201500052296,16,1,15,2,5,75,111,2,5,1,6,"/, RUE DU FAUBOURG SAINT",0.0,0.0
201500052297,20,1,15,12,1,75,111,2,1,1,3,"190, BOULEVARD VOLTAIRE",0.0,0.0
201500052298,21,1,15,9,1,75,111,2,2,1,3,"101, BOULEVARD RICHARD L",0.0,0.0
201500052299,23,1,15,23,5,75,111,2,3,1,3,"80, BOULEVARD VOLTAIRE",0.0,0.0
201500052300,26,1,15,4,5,75,111,2,1,2,6,BOULEVARD RICHARD LENOIR,0.0,0.0
201500052301,31,1,15,2,5,75,111,2,2,3,6,"113, AVENUE LEDRU ROLLIN",0.0,0.0
201500052302,2,2,15,21,5,75,111,2,7,1,6,"130, BOULEVARD VOLTAIRE",0.0,0.0
201500052303,4,2,15,21,5,75,111,2,1,1,6,"2, RUE DU COMMANDANT LAM",0.0,0.0
201500052304,6,2,15,3,5,75,111,2,2,1,6,"108, AVENUE LEDRU ROLLIN",0.0,0.0
201500052305,6,2,15,20,5,75,111,2,2,1,6,"26, BOULEVARD VOLTAIRE",0.0,0.0
201500052306,7,2,15,11,1,75,111,2,2,1,6,"170, BOULEVARD VOLTAIRE",0.0,0.0
201500052307,9,2,15,16,1,75,111,2,3,1,6,"76, AVENUE PARMENTIER",0.0,0.0
201500052308,10,2,15,20,5,75,111,2,7,1,7,"3, PLACE DE LA NATION",0.0,0.0
201500052309,13,2,15,19,5,75,111,2,2,2,3,"23, BOULEVARD VOLTAIRE",0.0,0.0
201500052310,15,2,15,15,1,75,111,2,3,1,3,"45, BOULEVARD DE MENILMO",0.0,0.0
201500052311,15,2,15,20,5,75,111,2,2,1,3,"22, AVENUE DE LA REPUBLI",0.0,0.0
201500052312,18,2,15,23,5,75,111,2,2,1,6,"36, RUE DE L ORILLON",0.0,0.0
201500052313,19,2,15,9,1,75,111,2,2,1,3,"0, RUE DE LA ROQUETTE",0.0,0.0
201500052314,19,2,15,16,1,75,111,2,2,1,3,"28, BOULEVARD VOLTAIRE",0.0,0.0
201500052315,20,2,15,7,1,75,111,2,7,2,2,"4, AVENUE DE LA REPUBLIQ",0.0,0.0
201500052316,20,2,15,17,1,75,111,2,2,2,6,"163, BOULEVARD VOLTAIRE",0.0,0.0
201500052317,21,2,15,0,5,75,111,2,1,3,6,"8, BOULEVARD DES FILLES",0.0,0.0
201500052318,22,2,15,18,5,75,111,2,3,1,6,"16, BOULEVARD DES FILLES",0.0,0.0
201500052319,23,2,15,16,1,75,111,2,7,8,3,"5, PLACE DE LA NATION",0.0,0.0
201500052320,25,2,15,22,5,75,111,2,5,2,7,"49, BOULEVARD VOLTAIRE",0.0,0.0
201500052321,26,2,15,10,1,75,111,2,2,2,7,"1, BOULEVARD DE BELLEVIL",0.0,0.0
201500052322,27,2,15,1,5,75,111,2,1,2,6,"2, BOULEVARD BEAUMARCHAI",0.0,0.0
201500052323,27,2,15,20,5,75,111,2,1,1,6,"34, BOULEVARD VOLTAIRE",0.0,0.0
201500052324,28,2,15,2,5,75,111,2,2,1,6,"81, AVENUE PARMENTIER",0.0,0.0
201500052325,28,2,15,3,5,75,111,2,2,1,3,"/, BOULEVARD DE MENILMON",0.0,0.0
201500052326,2,3,15,16,1,75,111,2,3,1,3,"60, AVENUE PARMENTIER",0.0,0.0
201500052327,4,3,15,13,1,75,111,2,2,8,6,"14, RUE LOUIS BONNET",0.0,0.0
201500052328,5,3,15,20,5,75,111,2,1,1,3,"4, BOULEVARD VOLTAIRE",0.0,0.0
201500052329,11,3,15,8,1,75,111,2,1,1,6,"41, RUE DE LA FONTAINE A",0.0,0.0
201500052330,12,3,15,0,5,75,111,2,2,1,3,"111, AVENUE PARMENTIER",0.0,0.0
201500052331,12,3,15,15,1,75,111,2,1,1,1,"33, RUE DU FAUBOURG SAIN",0.0,0.0
201500052332,13,3,15,7,1,75,111,2,3,1,6,"95, RUE DU FAUBOURG SAIN",0.0,0.0
201500052333,13,3,15,22,5,75,111,2,5,1,3,"/, BOULEVARD RICHARD LEN",0.0,0.0
201500052334,17,3,15,16,1,75,111,2,2,1,6,"19, AVENUE PHILIPPE AUGU",0.0,0.0
201500052335,28,3,15,3,5,75,111,2,1,2,6,"56, AVENUE PARMENTIER",0.0,0.0
201500052336,29,3,15,4,5,75,111,2,2,1,6,"38, AVENUE DE LA REPUBLI",0.0,0.0
201500052337,29,3,15,22,5,75,111,2,2,2,2,"154, BOULEVARD VOLTAIRE",0.0,0.0
201500052338,30,3,15,11,1,75,111,2,3,1,7,"35, METRO CHEMIN VERT",0.0,0.0
201500052339,1,4,15,8,1,75,111,2,3,1,7,"134, AVENUE PARMENTIER",0.0,0.0
201500052340,1,4,15,12,1,75,112,2,1,1,2,"11, AVENUE DU TREMBLAY",0.0,0.0
201500052341,3,4,15,19,2,75,111,2,1,2,3,"25, AVENUE PHILIPPE AUGU",0.0,0.0
201500052342,4,4,15,7,1,75,111,2,2,9,6,"31, BOULEVARD RICHARD LE",0.0,0.0
201500052343,6,4,15,18,1,75,111,2,2,1,3,"37, RUE OBERKAMPF",0.0,0.0
201500052344,7,4,15,18,1,75,111,2,2,1,6,"60, BOULEVARD BEAUMARCHA",0.0,0.0
201500052345,9,4,15,9,1,75,111,2,3,1,2,"215, BOULEVARD VOLTAIRE",0.0,0.0
201500052346,9,4,15,18,1,75,111,2,1,1,3,"27, AVENUE PHILIPPE AUGU",0.0,0.0
201500052347,9,4,15,20,2,75,111,2,1,1,3,"88, RUE SAINT MAUR",0.0,0.0
201500052348,10,4,15,19,1,75,111,2,3,1,3,"43, BOULEVARD DE MENILMO",0.0,0.0
201500052349,11,4,15,7,1,75,111,2,3,2,6,"103, RUE DE CHARONNE",0.0,0.0
201500052350,11,4,15,19,1,75,111,2,2,1,3,"104, AVENUE PARMENTIER",0.0,0.0
201500052351,13,4,15,18,1,75,111,2,3,1,6,"133, RUE DE LA ROQUETTE",0.0,0.0
201500052352,14,4,15,16,1,75,111,2,7,1,3,"01, AVENUE DE LA REPUBLI",0.0,0.0
201500052353,14,4,15,17,1,75,111,2,7,1,3,"152, RUE DU CHEMIN VERT",0.0,0.0
201500052354,16,4,15,16,1,75,111,2,1,1,6,"79, BOULEVARD DE BELLEVI",0.0,0.0
201500052355,17,4,15,13,1,75,111,2,1,1,6,"44, RUE DE MONTREUIL",0.0,0.0
201500052356,18,4,15,4,5,75,111,2,3,1,3,"45, AVENUE PARMENTIER",0.0,0.0
201500052357,18,4,15,13,1,75,111,2,2,1,3,"101, BOULEVARD RICHARD L",0.0,0.0
201500052358,20,4,15,9,1,75,111,2,2,1,6,"135, BOULEVARD VOLTAIRE",0.0,0.0
201500052359,21,4,15,9,1,75,111,2,2,1,1,"31, RUE SAINT MAUR",0.0,0.0
201500052360,21,4,15,15,1,75,111,2,2,1,1,"52, AVENUE DE LA REPUBLI",0.0,0.0
201500052361,21,4,15,15,1,75,111,2,1,1,7,"19, BOULEVARD RICHARD LE",0.0,0.0
201500052362,22,4,15,15,1,75,111,2,2,1,3,"40, RUE DE L ORILLON",0.0,0.0
201500052363,23,4,15,10,1,75,111,2,2,1,2,"60, BOULEVARD BEAUMARCHA",0.0,0.0
201500052364,23,4,15,23,5,75,110,2,2,1,3,"122, BOULEVARD DE MAGENT",0.0,0.0
201500052365,24,4,15,11,1,75,111,2,3,1,6,"11, BOULEVARD VOLTAIRE",0.0,0.0
201500052366,24,4,15,18,1,75,111,2,1,2,6,"200, BOULEVARD VOLTAIRE",0.0,0.0
201500052367,24,4,15,23,5,75,120,2,2,1,7,"85, RUE DE MENILMONTANT",0.0,0.0
201500052368,25,4,15,13,1,75,111,2,2,1,2,"85, AVENUE PARMENTIER",0.0,0.0
201500052369,27,4,15,18,1,75,111,2,1,1,3,"138, BOULEVARD VOLTAIRE",0.0,0.0
201500052370,30,4,15,17,1,75,111,2,1,2,3,"72, RUE SAINT MAUR",0.0,0.0
201500052371,3,5,15,15,1,75,111,2,7,8,3,"2, BOULEVARD RICHARD LEN",0.0,0.0
201500052372,7,5,15,18,1,75,111,2,7,1,3,"12, PLACE LEON BLUM",0.0,0.0
201500052373,7,5,15,18,1,75,111,2,1,1,6,"100, AVENUE PHILIPPE AUG",0.0,0.0
201500052374,8,5,15,21,5,75,111,2,3,1,6,"114, RUE OBERKAMPF",0.0,0.0
201500052375,11,5,15,13,1,75,111,2,2,1,6,"58, RUE DU CHEMIN VERT",0.0,0.0
201500052376,13,5,15,9,1,75,111,2,1,1,6,"124, AVENUE PHILIPPE AUG",0.0,0.0
201500052377,14,5,15,18,1,75,111,2,7,1,3,"12, PLACE DE LA BASTILLE",0.0,0.0
201500052378,15,5,15,18,1,75,111,2,1,1,6,"135, RUE DU CHEMIN VERT",0.0,0.0
201500052379,16,5,15,11,1,75,111,2,7,1,3,"12, PLACE LEON BLUM",0.0,0.0
201500052380,17,5,15,11,1,75,111,2,7,1,2,"4, PLACE LEON BLUM",0.0,0.0
201500052381,16,5,15,20,2,75,111,2,3,1,2,"87, RUE DE CHARONNE",0.0,0.0
201500052382,18,5,15,16,1,75,111,2,2,1,6,"39, RUE LEON FROT",0.0,0.0
201500052383,18,5,15,17,1,75,111,2,1,1,6,"131, BOULEVARD DE CHARON",0.0,0.0
201500052384,20,5,15,13,1,75,111,2,5,1,6,"21, CITE BEAUHARNAIS",0.0,0.0
201500052385,20,5,15,13,1,75,111,2,2,1,6,"111, AVENUE PARMENTIER",0.0,0.0
201500052386,20,5,15,19,1,75,111,2,7,1,3,"03, PLACE DE LA NATION",0.0,0.0
201500052387,21,5,15,10,1,75,111,2,1,1,2,"41, RUE DE CHARONNE",0.0,0.0
201500052388,23,5,15,1,5,75,111,2,2,1,2,BOULEVARD RICHARD LENOIR,0.0,0.0
201500052389,23,5,15,3,5,75,111,2,2,1,1,"190, AVENUE PHILIPPE AUG",0.0,0.0
201500052390,23,5,15,5,2,75,111,2,2,1,6,"138, BOULEVARD RICHARD L",0.0,0.0
201500052391,24,5,15,14,1,75,111,2,7,1,2,PLACE DE LA NATION,0.0,0.0
201500052392,25,5,15,17,1,75,111,2,2,1,6,"69, RUE DE CHARONNE",0.0,0.0
201500052393,25,5,15,19,1,75,111,2,1,1,2,"32, RUE BASFROI",0.0,0.0
201500052394,26,5,15,15,1,75,111,2,7,1,3,"12, PLACE DE LA BASTILLE",0.0,0.0
201500052395,29,5,15,14,1,75,111,2,4,1,6,AVENUE DE LA REPUBLIQUE,0.0,0.0
201500052396,29,5,15,20,2,75,111,2,2,1,3,"13, RUE DU GRAND PRIEURE",0.0,0.0
201500052397,31,5,15,0,5,75,111,2,3,1,7,"119, AVENUE PARMENTIER",0.0,0.0
201500052398,31,5,15,16,1,75,111,2,2,1,1,"38, BOULEVARD VOLTAIRE",0.0,0.0
201500052399,2,6,15,8,1,75,111,2,1,1,6,"138, BOULEVARD VOLTAIRE",0.0,0.0
201500052400,3,6,15,9,1,75,111,2,5,1,7,"154, RUE DU CHEMIN VERT",0.0,0.0
201500052401,5,6,15,0,5,75,111,2,2,1,6,"24, AVENUE DE LA REPUBLI",0.0,0.0
201500052402,5,6,15,9,1,75,111,2,3,1,6,"77, RUE DE CHARONNE",0.0,0.0
201500052403,12,6,15,11,1,75,111,2,2,1,3,"16, RUE BREGUET",0.0,0.0
201500052404,12,6,15,17,1,75,111,2,3,1,6,"73, BOULEVARD VOLTAIRE",0.0,0.0
201500052405,13,6,15,1,5,75,111,2,2,1,6,BOULEVARD DES FILLES DU,0.0,0.0
201500052406,13,6,15,15,1,75,111,2,3,1,3,"77, AVENUE DE LA REPUBLI",0.0,0.0
201500052407,14,6,15,1,5,75,111,2,1,1,6,"6, BOULEVARD BEAUMARCHAI",0.0,0.0
201500052408,15,6,15,17,1,75,111,2,2,1,1,"131 bis, RUE DE LA ROQUE",0.0,0.0
201500052409,19,6,15,11,1,75,111,2,4,1,3,"95 bis, BOULEVARD VOLTAI",0.0,0.0
201500052410,20,6,15,0,5,75,111,2,3,1,6,"24, RUE DE CHARONNE",0.0,0.0
201500052411,20,6,15,1,5,75,111,2,2,1,3,RUE DE CHARONNE,0.0,0.0
201500052412,21,6,15,1,5,75,111,2,3,1,2,"150, BOULEVARD VOLTAIRE",0.0,0.0
201500052413,24,6,15,17,1,75,103,2,3,1,2,"56, BOULEVARD BEAUMARCHA",0.0,0.0
201500052414,24,6,15,21,2,75,111,2,1,1,6,"12, RUE OBERKAMPF",0.0,0.0
201500052415,26,6,15,16,1,75,111,2,1,1,6,"64, RUE JEAN PIERRE TIMB",0.0,0.0
201500052416,27,6,15,2,5,75,111,2,2,1,2,"24, AVENUE DE LA REPUBLI",0.0,0.0
201500052417,2,7,15,23,5,75,111,2,2,1,4,"28, BOULEVARD JULES FERR",0.0,0.0
201500052418,6,7,15,19,1,75,111,2,2,1,3,"31, AVENUE PARMENTIER",0.0,0.0
201500052419,7,7,15,16,1,75,111,2,7,1,3,"10, AVENUE DE LA REPUBLI",0.0,0.0
201500052420,7,7,15,18,1,75,111,2,5,1,6,"35, BOULEVARD DE CHARONN",0.0,0.0
201500052421,14,7,15,13,1,75,111,2,5,1,3,"113, RUE DU FAUBOURG SAI",0.0,0.0
201500052422,24,7,15,13,1,75,111,2,1,8,6,"14, RUE PAUL BERT",0.0,0.0
201500052423,31,7,15,14,1,75,111,2,2,1,6,"5, RUE DURANTI",0.0,0.0
201500052424,3,6,15,15,1,75,111,2,1,1,3,"60, BOULEVARD BEAUMARCHA",0.0,0.0
201500052425,8,6,15,16,1,75,111,2,2,7,6,"99, AVENUE PARMENTIER",0.0,0.0
201500052426,8,6,15,20,2,75,119,2,1,7,7,BOULEVARD PERIPHERIQUE,0.0,0.0
201500052427,9,6,15,9,1,75,111,2,3,1,3,"167, RUE DU FAUBOURG SAI",0.0,0.0
201500052428,9,6,15,20,2,75,111,2,2,1,3,"7, RUE GERBIER",0.0,0.0
201500052429,12,6,15,10,1,75,111,2,1,1,6,"116, BOULEVARD RICHARD L",0.0,0.0
201500052430,14,6,15,7,2,75,111,2,1,1,6,"88 bis, AVENUE PARMENTIE",0.0,0.0
201500052431,18,6,15,20,1,75,111,2,1,1,6,"18, AVENUE JEAN AICARD",0.0,0.0
201500052432,19,6,15,17,1,75,111,2,1,1,4,"96, BOULEVARD VOLTAIRE",0.0,0.0
201500052433,29,6,15,0,5,75,111,2,2,1,3,"33, BOULEVARD DE CHARONN",0.0,0.0
201500052434,1,7,15,0,5,75,111,2,2,1,6,"94, RUE DU CHEMIN VERT",0.0,0.0
201500052435,2,7,15,19,1,75,111,2,5,1,3,"26, AVENUE DE LA REPUBLI",0.0,0.0
201500052436,3,7,15,9,1,75,111,2,3,1,3,"4, BOULEVARD DU TEMPLE",0.0,0.0
201500052437,3,7,15,20,1,75,111,2,1,1,3,"71, BOULEVARD VOLTAIRE",0.0,0.0
201500052438,7,7,15,9,1,75,111,2,1,1,4,"97, BOULEVARD VOLTAIRE",0.0,0.0
201500052439,7,7,15,23,5,75,111,2,2,1,3,"48, AVENUE PARMENTIER",0.0,0.0
201500052440,9,7,15,15,1,75,111,2,1,1,3,"119, BOULEVARD VOLTAIRE",0.0,0.0
201500052441,9,7,15,19,1,75,111,2,3,1,7,"89, RUE DU FAUBOURG SAIN",0.0,0.0
201500052442,11,7,15,11,1,75,111,2,2,1,6,"71, RUE DE CHARONNE",0.0,0.0
201500052443,12,7,15,5,2,75,111,2,2,1,3,"33, RUE SAINT MAUR",0.0,0.0
201500052444,13,7,15,1,5,75,111,2,2,1,6,"1, RUE OBERKAMPF",0.0,0.0
201500052445,13,7,15,16,1,75,111,2,1,8,3,"21, RUE SEDAINE",0.0,0.0
201500052446,13,7,15,18,1,75,111,2,7,1,2,"12, PLACE DE LA BASTILLE",0.0,0.0
201500052447,14,7,15,3,5,75,111,2,2,1,3,"115, AVENUE LEDRU ROLLIN",0.0,0.0
201500052448,15,7,15,17,1,75,111,2,4,1,6,"79, BOULEVARD DE BELLEVI",0.0,0.0
201500052449,17,7,15,12,1,75,111,2,1,1,2,"1, AVENUE PHILIPPE AUGUS",0.0,0.0
201500052450,20,7,15,1,5,75,111,2,2,9,3,"126, AVENUE PARMENTIER",0.0,0.0
201500052451,20,7,15,11,1,75,111,2,1,1,2,"107, BOULEVARD VOLTAIRE",0.0,0.0
201500052452,22,7,15,16,1,75,111,2,7,1,3,"4, BOULEVARD RICHARD LEN",0.0,0.0
201500052453,24,7,15,15,1,75,111,2,3,1,3,RUE DE MONTREUIL,0.0,0.0
201500052454,27,7,15,10,1,75,111,2,2,1,2,"9, BOULEVARD DE MENILMON",0.0,0.0
201500052455,29,7,15,16,1,75,110,2,7,1,6,"1, AVENUE PARMENTIER",0.0,0.0
201500052456,30,7,15,8,1,75,111,2,1,1,3,"52, AVENUE DE LA REPUBLI",0.0,0.0
201500052457,4,8,15,7,1,75,111,2,2,1,3,"22, RUE LACHARRIERE",0.0,0.0
201500052458,9,8,15,10,1,75,112,2,2,2,3,"40, BOULEVARD DIDEROT",0.0,0.0
201500052459,10,8,15,13,1,75,111,2,2,1,7,"24, BOULEVARD BEAUMARCHA",0.0,0.0
201500052460,12,8,15,10,1,75,111,2,1,1,3,"187, RUE DU FAUBOURG SAI",0.0,0.0
201500052461,13,8,15,15,1,75,111,2,3,1,3,"128, AVENUE PARMENTIER",0.0,0.0
201500052462,13,8,15,16,1,75,111,2,7,1,3,"15, PLACE DE LA NATION",0.0,0.0
201500052463,13,8,15,18,1,75,111,2,2,7,7,"31, RUE DU FAUBOURG SAI",0.0,0.0
201500052464,16,8,15,4,5,75,110,2,3,1,6,RUE DU FAUBOURG DU TEMPL,0.0,0.0
201500052465,19,8,15,8,1,75,111,2,1,1,3,"84, AVENUE PHILIPPE AUGU",0.0,0.0
201500052466,21,8,15,14,1,75,111,2,5,1,6,"24, BOULEVARD RICHARD LE",0.0,0.0
201500052467,24,8,15,11,1,75,111,2,7,2,6,"3, PLACE LEON BLUM",0.0,0.0