Num_Acc,jour,mois,an,hr,condition_eclairage,departement,commune,condition_agglomeration,intersection,condition_atmosphere,type_collision,adresse,lattitude,longitude
201500052468,24,8,15,19,2,75,111,2,3,2,3,"93, AVENUE DE LA REPUBLI",0.0,0.0
201500052469,25,8,15,10,1,75,111,2,3,1,3,"70, AVENUE PARMENTIER",0.0,0.0
201500052470,25,8,15,21,5,75,111,2,1,9,3,"70, BOULEVARD RICHARD LE",0.0,0.0
201500052471,26,8,15,10,1,75,111,2,2,1,6,"122, BOULEVARD VOLTAIRE",0.0,0.0
201500052472,26,8,15,18,1,75,111,2,1,1,3,"62, RUE DU CHEMIN VERT",0.0,0.0
201500052473,27,8,15,5,5,75,111,2,1,2,6,"117, BOULEVARD VOLTAIRE",0.0,0.0
201500052474,28,8,15,16,1,75,111,2,3,1,3,"01, RUE SAINT AMBROISE",0.0,0.0
201500052475,28,8,15,18,1,75,111,2,7,1,6,"6, PLACE LEON BLUM",0.0,0.0
201500052476,1,9,15,9,1,75,111,2,7,1,3,"166, AVENUE LEDRU ROLLIN",0.0,0.0
201500052477,3,9,15,1,5,75,111,2,2,1,6,"207, BOULEVARD VOLTAIRE",0.0,0.0
201500052478,3,9,15,19,1,75,111,2,3,1,3,"159, RUE DE CHARONNE",0.0,0.0
201500052479,4,9,15,11,1,75,111,2,7,1,2,"6-8, PLACE LEON BLUM",0.0,0.0
201500052480,5,9,15,6,2,75,111,2,2,1,6,"20, BOULEVARD RICHARD LE",0.0,0.0
201500052481,5,9,15,19,2,75,111,2,3,2,3,"76, AVENUE PARMENTIER",0.0,0.0
201500052482,5,9,15,19,5,75,111,2,5,2,2,"24, BOULEVARD RICHARD LE",0.0,0.0
201500052483,6,9,15,21,5,75,111,2,2,1,6,"69, RUE LEON FROT",0.0,0.0
201500052484,8,9,15,2,5,75,111,2,7,1,3,"4, AVENUE PHILIPPE AUGUS",0.0,0.0
201500052485,9,9,15,9,1,75,111,2,1,1,6,"132, RUE SAINT MAUR",0.0,0.0
201500052486,9,9,15,17,1,75,111,2,2,1,3,AVENUE DE LA REPUBLIQUE,0.0,0.0
201500052487,10,9,15,10,1,75,111,2,2,1,6,"47, RUE DE LA ROQUETTE",0.0,0.0
201500052488,11,9,15,17,1,75,111,2,3,1,3,"82, BOULEVARD VOLTAIRE",0.0,0.0
201500052489,11,9,15,18,1,75,120,2,3,1,6,"21, BOULEVARD DE MENILMO",0.0,0.0
201500052490,12,9,15,18,1,75,111,2,1,8,3,"116, BOULEVARD RICHARD L",0.0,0.0
201500052491,15,9,15,18,1,75,111,2,7,1,3,"113, RUE DE LA ROQUETTE",0.0,0.0
201500052492,17,9,15,15,1,75,111,2,1,8,3,"63, BOULEVARD VOLTAIRE",0.0,0.0
201500052493,18,9,15,12,1,75,111,2,5,1,6,"19, RUE DU CHEMIN VERT",0.0,0.0
201500052494,18,9,15,15,1,75,111,2,3,3,2,"160, BOULEVARD VOLTAIRE",0.0,0.0
201500052495,19,9,15,12,1,75,111,2,7,1,3,"8, PLACE DE LA REPUBLIQU",0.0,0.0
201500052496,19,9,15,17,1,75,111,2,1,1,3,"95, AVENUE LEDRU ROLLIN",0.0,0.0
201500052497,19,9,15,15,1,75,111,2,3,1,7,"57, RUE SAINT MAUR",0.0,0.0
201500052498,20,9,15,15,1,75,111,2,2,1,6,"64-66-68, RUE LEON FROT",0.0,0.0
201500052499,19,9,15,4,5,75,111,2,7,1,6,PLACE DE LA NATION,0.0,0.0
201500052500,21,9,15,9,1,75,111,2,3,1,6,"103, AVENUE DE LA REPUBL",0.0,0.0
201500052501,22,9,15,0,5,75,111,2,1,2,2,"56, AVENUE DE LA REPUBLI",0.0,0.0
201500052502,23,9,15,19,5,75,111,2,1,1,3,"154, AVENUE LEDRU ROLLIN",0.0,0.0
201500052503,23,9,15,22,5,75,111,2,2,1,3,"55, AVENUE PARMENTIER",0.0,0.0
201500052504,25,9,15,15,1,75,111,2,2,1,6,"10, PLACE LEON BLUM",0.0,0.0
201500052505,25,9,15,22,5,75,111,2,2,1,3,"26, BOULEVARD DES FILLES",0.0,0.0
201500052506,28,9,15,7,1,75,111,2,2,1,3,"138, BOULEVARD RICHARD L",0.0,0.0
201500052507,29,9,15,11,1,75,111,2,2,1,6,"101, RUE DU CHEMIN VERT",0.0,0.0
201500052508,29,9,15,18,1,75,111,2,3,1,2,"16, BOULEVARD DES FILLES",0.0,0.0
201500052509,29,9,15,12,1,75,111,2,1,1,2,"247, RUE DU FAUBOURG SAI",0.0,0.0
201500052510,30,9,15,16,1,75,111,2,5,1,2,"251, BOULEVARD VOLTAIRE",0.0,0.0
201500052511,1,10,15,8,2,75,111,2,1,1,6,"46, RUE JEAN PIERRE TIMB",0.0,0.0
201500052512,2,10,15,8,1,75,111,2,4,7,6,"124, AVENUE DE LA REPUBL",0.0,0.0
201500052513,2,10,15,17,1,75,111,2,3,1,6,"183, RUE DE CHARONNE",0.0,0.0
201500052514,3,10,15,19,2,75,111,2,3,1,3,"5, RUE DU FAUBOURG SAINT",0.0,0.0
201500052515,7,10,15,11,1,75,111,2,3,1,2,"21, AVENUE PARMENTIER",0.0,0.0
201500052516,7,10,15,19,4,75,111,2,1,1,3,"51 BIS, AVENUE DE LA REP",0.0,0.0
201500052517,9,10,15,10,1,75,111,2,5,1,6,"104, AVENUE PARMENTIER",0.0,0.0
201500052518,6,10,15,9,1,75,111,2,3,2,7,"51 BIS, RUE DE LA ROQUET",0.0,0.0
201500052519,10,10,15,16,1,75,111,2,1,1,6,"51, RUE DE LAPPE",0.0,0.0
201500052520,10,10,15,22,5,75,111,2,1,1,3,"84, AVENUE PHILIPPE AUGU",0.0,0.0
201500052521,11,10,15,11,1,75,111,2,2,1,3,"7, AVENUE DU TRONE",0.0,0.0
201500052522,12,10,15,16,1,75,111,2,7,1,2,"17, BOULEVARD DES FILLES",0.0,0.0
201500052523,13,10,15,16,1,75,111,2,2,1,6,"7 bis, RUE DES TROIS BOR",0.0,0.0
201500052524,13,10,15,17,1,75,111,2,4,1,6,"63, BOULEVARD RICHARD LE",0.0,0.0
201500052525,14,10,15,17,1,75,111,2,1,1,3,"104, BOULEVARD RICHARD L",0.0,0.0
201500052526,15,10,15,15,1,75,111,2,2,1,3,"81, BOULEVARD DE CHARONN",0.0,0.0
201500052527,15,10,15,19,5,75,111,2,2,1,6,"42 bis, BOULEVARD RICHAR",0.0,0.0
201500052528,20,10,15,15,1,75,111,2,1,1,3,"23, BOULEVARD VOLTAIRE",0.0,0.0
201500052529,22,10,15,12,1,75,111,2,2,2,6,"3, CITE DES TROIS BORNES",0.0,0.0
201500052530,22,10,15,16,1,75,111,2,1,1,4,"12, RUE ALEXANDRE DUMAS",0.0,0.0
201500052531,22,10,15,20,5,75,111,2,7,2,7,"2, PLACE LEON BLUM",0.0,0.0
201500052532,23,10,15,12,1,75,111,2,2,1,2,"81, BOULEVARD DE MENILMO",0.0,0.0
201500052533,23,10,15,16,1,75,111,2,2,1,2,"93, AVENUE LEDRU ROLLIN",0.0,0.0
201500052534,24,10,15,21,5,75,112,2,7,1,3,"21, PLACE DE LA NATION",0.0,0.0
201500052535,27,10,15,19,4,75,111,2,7,2,3,"1, AVENUE PHILIPPE AUGUS",0.0,0.0
201500052536,29,10,15,7,4,75,111,2,1,1,6,"15, RUE EMILE LEPEU",0.0,0.0
201500052537,30,10,15,7,1,75,111,2,2,1,2,BOULEVARD VOLTAIRE,0.0,0.0
201500052538,2,11,15,8,1,75,111,2,3,1,3,"91, AVENUE DE LA REPUBLI",0.0,0.0
201500052539,2,11,15,8,1,75,111,2,1,1,3,"155, RUE DU FAUBOURG SAI",0.0,0.0
201500052540,2,11,15,9,1,75,111,2,5,1,3,"303, RUE DU FAUBOURG SAI",0.0,0.0
201500052541,2,11,15,17,5,75,111,2,2,1,3,"76, RUE DE CHARONNE",0.0,0.0
201500052542,5,11,15,1,5,75,111,2,7,1,2,"7, PLACE DE LA NATION",0.0,0.0
201500052543,7,11,15,8,1,75,111,2,3,1,3,"111, BOULEVARD DE MENILM",0.0,0.0
201500052544,7,11,15,18,5,75,111,2,1,1,3,"4, AVENUE PARMENTIER",0.0,0.0
201500052545,8,11,15,16,1,75,111,2,2,1,3,"42, RUE DE MALTE",0.0,0.0
201500052546,11,11,15,20,5,75,111,2,2,1,3,"82, RUE DE LA FOLIE MERI",0.0,0.0
201500052547,11,11,15,21,5,75,111,2,3,2,3,BOULEVARD BEAUMARCHAIS,0.0,0.0
201500052548,12,11,15,14,1,75,111,2,5,8,3,"237, RUE DU FAUBOURG SAI",0.0,0.0
201500052549,12,11,15,15,1,75,111,2,5,1,3,"303, RUE DU FAUBOURG SAI",0.0,0.0
201500052550,13,11,15,19,5,75,111,2,5,1,7,"163, AVENUE LEDRU ROLLIN",0.0,0.0
201500052551,16,11,15,2,5,75,111,2,3,1,6,"53 BIS, RUE DE LA ROQUET",0.0,0.0
201500052552,13,11,15,21,5,75,111,2,2,1,3,"19, RUE AMELOT",0.0,0.0
201500052553,16,11,15,19,5,75,111,2,1,1,6,"2, BOULEVARD BEAUMARCHAI",0.0,0.0
201500052554,18,11,15,15,1,75,111,2,3,1,6,"166 BIS, RUE DE LA ROQUE",0.0,0.0
201500052555,18,11,15,19,4,75,111,2,3,1,6,"62, BOULEVARD RICHARD LE",0.0,0.0
201500052556,18,11,15,12,1,75,111,2,3,1,2,"103, AVENUE DE LA REPUBL",0.0,0.0
201500052557,20,11,15,9,1,75,111,2,2,3,7,RUE DE CHARONNE,0.0,0.0
201500052558,20,11,15,15,1,75,111,2,3,2,6,"168, RUE DE CHARONNE",0.0,0.0
201500052559,21,11,15,6,5,75,111,2,1,1,6,"62, AVENUE PARMENTIER",0.0,0.0
201500052560,21,11,15,12,1,75,111,2,2,8,3,"41, AVENUE DE LA REPUBLI",0.0,0.0
201500052561,21,11,15,20,5,75,111,2,2,1,3,"174, BOULEVARD VOLTAIRE",0.0,0.0
201500052562,22,11,15,16,1,75,111,2,2,1,3,"05, PLACE DE LA NATION",0.0,0.0
201500052563,23,11,15,17,5,75,111,2,7,1,3,"9, PLACE DE LA NATION",0.0,0.0
201500052564,23,11,15,22,5,75,111,2,1,1,6,"2, BOULEVARD DU TEMPLE",0.0,0.0
201500052565,24,11,15,9,1,75,111,2,2,1,3,"44, RUE JEAN PIERRE TIMB",0.0,0.0
201500052566,24,11,15,16,5,75,111,2,3,2,6,"124, AVENUE DE LA REPUBL",0.0,0.0
201500052567,24,11,15,19,5,75,111,2,3,2,3,"111, BOULEVARD DE MENILM",0.0,0.0
201500052568,25,11,15,11,1,75,111,2,2,2,2,"97, AVENUE PHILIPPE AUGU",0.0,0.0
201500052569,26,11,15,9,1,75,111,2,2,1,6,"49, BOULEVARD VOLTAIRE",0.0,0.0
201500052570,26,11,15,23,5,75,111,2,2,1,3,RUE SAINT MAUR,0.0,0.0
201500052571,27,11,15,8,1,75,111,2,3,1,6,"213, BOULEVARD VOLTAIRE",0.0,0.0
201500052572,27,11,15,19,5,75,111,2,2,2,6,"20, BOULEVARD VOLTAIRE",0.0,0.0
201500052573,28,11,15,9,1,75,111,2,2,1,3,"10, RUE CAMILLE DESMOULI",0.0,0.0
201500052574,28,11,15,12,1,75,111,2,1,1,2,"22, BOULEVARD BEAUMARCHA",0.0,0.0
201500052575,28,11,15,14,1,75,111,2,1,1,2,"139, RUE DE CHARONNE",0.0,0.0
201500052576,29,11,15,15,1,75,111,2,2,1,6,"42, BOULEVARD RICHARD LE",0.0,0.0
201500052577,1,12,15,13,1,75,111,2,2,8,6,"2, RUE DU FAUBOURG DU TE",0.0,0.0
201500052578,3,12,15,19,5,75,111,2,5,1,3,"23, BOULEVARD DE MENILMO",0.0,0.0
201500052579,4,12,15,18,5,75,112,2,2,1,6,"133, RUE DU FAUBOURG SAI",0.0,0.0
201500052580,5,12,15,5,5,75,111,2,4,1,6,"90, BOULEVARD VOLTAIRE",0.0,0.0
201500052581,6,12,15,20,5,75,111,2,1,1,6,"148, RUE DU CHEMIN VERT",0.0,0.0
201500052582,7,12,15,9,1,75,111,2,1,1,3,"108, AVENUE DE LA REPUBL",0.0,0.0
201500052583,8,12,15,8,1,75,111,2,2,1,2,"25, BOULEVARD VOLTAIRE",0.0,0.0
201500052584,8,12,15,14,1,75,111,2,1,3,6,"21, BOULEVARD RICHARD LE",0.0,0.0
201500052585,8,12,15,16,2,75,111,2,4,2,6,"114, AVENUE DE LA REPUBL",0.0,0.0
201500052586,9,12,15,11,1,75,111,2,1,1,2,"51, RUE DE MONTREUIL",0.0,0.0
201500052587,10,12,15,22,5,75,111,2,7,1,6,"VISAVIS 1, BOULEVARD BEA",0.0,0.0
201500052588,11,12,15,17,5,75,111,2,3,2,3,"183, RUE DU FAUBOURG SAI",0.0,0.0
201500052589,14,12,15,17,5,75,111,2,2,1,6,"109, RUE SAINT MAUR",0.0,0.0
201500052590,15,12,15,11,1,75,111,2,1,2,7,"82, AVENUE PARMENTIER",0.0,0.0
201500052591,16,12,15,10,1,75,111,2,1,9,1,"174, RUE DE CHARONNE",0.0,0.0
201500052592,17,12,15,3,5,75,111,2,3,1,3,"45, AVENUE PARMENTIER",0.0,0.0
201500052593,18,12,15,10,1,75,111,2,2,1,7,"29, BOULEVARD JULES FERR",0.0,0.0
201500052594,19,12,15,12,1,75,111,2,3,1,6,"164, RUE DE LA ROQUETTE",0.0,0.0
201500052595,23,12,15,6,2,75,111,2,2,2,3,"165, BOULEVARD VOLTAIRE",0.0,0.0
201500052596,23,12,15,10,1,75,111,2,3,1,7,"125, AVENUE PARMENTIER",0.0,0.0
201500052597,23,12,15,14,1,75,111,2,1,1,6,"56, RUE DU CHEMIN VERT",0.0,0.0
201500052598,23,12,15,15,1,75,111,2,2,1,3,"15, AVENUE DE LA REPUBLI",0.0,0.0
201500052599,26,12,15,15,1,75,111,2,3,1,6,"17, RUE DE CHARONNE",0.0,0.0
201500052600,27,12,15,6,5,75,111,2,3,1,2,"51 bis, RUE DE LA ROQUET",0.0,0.0
201500052601,27,12,15,12,1,75,111,2,2,1,3,"40, BOULEVARD VOLTAIRE",0.0,0.0
201500052602,29,12,15,15,1,75,111,2,1,1,6,"135, AVENUE PARMENTIER",0.0,0.0
201500052603,1,1,15,15,1,75,112,2,2,1,3,"74, AVENUE DE SAINT MAUR",0.0,0.0
201500052604,2,1,15,12,1,75,112,2,2,2,3,"14, AVENUE DAUMESNIL",0.0,0.0
201500052605,3,1,15,10,1,75,112,2,5,2,3,"20, AVENUE DAUMESNIL",0.0,0.0
201500052606,4,1,15,16,2,75,112,2,1,1,6,ROUTE DE LA PYRAMIDE,0.0,0.0
201500052607,5,1,15,17,1,75,112,2,1,1,6,"15, BOULEVARD DE PICPUS",0.0,0.0
201500052608,8,1,15,13,1,75,112,2,3,2,6,"50, BOULEVARD DE LA BAST",0.0,0.0
201500052609,9,1,15,11,1,75,112,2,1,2,3,"., BOULEVARD DE LA GUYAN",0.0,0.0
201500052610,11,1,15,1,5,75,112,2,2,8,1,"48, AVENUE DU GENERAL MI",0.0,0.0
201500052611,10,1,15,19,5,75,112,2,1,1,6,AVENUE DE NOGENT,0.0,0.0
201500052612,11,1,15,19,5,75,112,2,1,1,6,"38, RUE DE REUILLY",0.0,0.0
201500052613,12,1,15,10,1,75,112,2,2,1,3,"116, COURS DE VINCENNES",0.0,0.0
201500052614,13,1,15,13,1,75,112,2,3,8,3,"86, BOULEVARD PONIATOWSK",0.0,0.0
201500052615,13,1,15,9,1,75,111,2,3,1,6,"35, RUE SAINT MAUR",0.0,0.0
201500052616,14,1,15,13,1,75,112,2,1,1,3,"296, RUE DE CHARENTON",0.0,0.0
201500052617,17,1,15,16,1,75,112,2,2,1,6,"100, RUE DU FAUBOURG SAI",0.0,0.0
201500052618,22,1,15,8,1,75,112,2,5,1,3,AVENUE DE NOGENT,0.0,0.0
201500052619,23,1,15,15,1,75,112,2,7,1,6,RUE DU FAUBOURG SAINT AN,0.0,0.0
201500052620,21,1,15,13,1,75,112,2,7,2,2,"12, PLACE DE LA NATION",0.0,0.0
201500052621,26,1,15,16,1,75,112,2,2,2,2,"42, AVENUE DAUMESNIL",0.0,0.0
201500052622,28,1,15,20,5,75,111,2,2,1,6,"42, BOULEVARD RICHARD LE",0.0,0.0
201500052623,29,1,15,12,1,75,112,2,1,2,3,"38, RUE TAINE",0.0,0.0
201500052624,29,1,15,17,5,75,112,2,1,2,6,"104, AVENUE DU GENERAL M",0.0,0.0
201500052625,30,1,15,7,5,75,112,2,1,2,4,"46, QUAI DE LA RAPEE",0.0,0.0
201500052626,31,1,15,0,5,75,112,2,2,2,5,AVENUE DE NOGENT,0.0,0.0
201500052627,1,2,15,1,5,75,112,2,3,2,3,"71, RUE DE LYON",0.0,0.0
201500052628,2,2,15,7,2,75,112,2,2,4,6,"56, RUE DE WATTIGNIES",0.0,0.0
201500052629,4,2,15,18,5,75,112,2,1,1,3,"26, BOULEVARD DE LA GUYA",0.0,0.0
201500052630,4,2,15,23,5,75,112,2,2,1,3,BOULEVARD DIDEROT,0.0,0.0
201500052631,6,2,15,14,1,75,112,2,3,1,3,"219, AVENUE DAUMESNIL",0.0,0.0
201500052632,6,2,15,19,3,75,112,2,1,1,6,"47, BOULEVARD DE REUILLY",0.0,0.0
201500052633,7,2,15,9,1,75,112,2,4,1,6,RUE ESCOFFIER,0.0,0.0
201500052634,8,2,15,0,5,75,112,2,2,1,3,AVENUE DAUMESNIL,0.0,0.0
201500052635,12,2,15,17,1,75,112,2,3,1,6,AVENUE DAUMESNIL,0.0,0.0
201500052636,13,2,15,15,1,75,112,2,3,1,2,"35, AVENUE COURTELINE",0.0,0.0
201500052637,14,2,15,13,1,75,112,2,3,2,2,"311, RUE DE CHARENTON",0.0,0.0
201500052638,15,2,15,13,1,75,112,2,7,1,2,AVENUE DE JOINVILLE,0.0,0.0
201500052639,17,2,15,7,1,75,112,2,7,2,6,ROUTE DE LA FERME,0.0,0.0
201500052640,17,2,15,18,5,75,112,2,1,1,3,"18, QUAI DE LA RAPEE",0.0,0.0
201500052641,17,2,15,20,5,75,112,2,2,1,6,"43, BOULEVARD DIDEROT",0.0,0.0
201500052642,18,2,15,9,1,75,112,2,2,1,6,"237, RUE DE CHARENTON",0.0,0.0
201500052643,20,2,15,12,1,75,112,2,1,2,3,"12, RUE VAN GOGH",0.0,0.0
201500052644,24,2,15,14,1,75,112,2,1,7,2,"40, RUE TAINE",0.0,0.0
201500052645,25,2,15,9,1,75,112,2,1,2,6,"13, RUE VILLIOT",0.0,0.0
201500052646,25,2,15,18,5,75,112,2,3,2,3,"101, RUE DE REUILLY",0.0,0.0
201500052647,26,2,15,17,1,75,112,2,2,2,3,"271, AVENUE DAUMESNIL",0.0,0.0
201500052648,26,2,15,22,5,75,112,2,2,1,6,"74, BOULEVARD DIDEROT",0.0,0.0
201500052649,27,2,15,15,1,75,112,2,2,1,3,"50, BOULEVARD DIDEROT",0.0,0.0
201500052650,1,3,15,18,1,75,112,2,1,1,4,"22, AVENUE DAUMESNIL",0.0,0.0
201500052651,2,3,15,6,5,75,112,2,1,9,2,QUAI DE BERCY,0.0,0.0
201500052652,3,3,15,0,5,75,112,2,7,1,7,ESPLANADE SAINT LOUIS,0.0,0.0
201500052653,4,3,15,16,1,75,112,2,2,1,4,"84, QUAI DE LA RAPEE",0.0,0.0
201500052654,5,3,15,1,5,75,112,2,3,1,3,"188, AVENUE DAUMESNIL",0.0,0.0
201500052655,5,3,15,10,1,75,112,2,1,1,6,"50, RUE DE PICPUS",0.0,0.0
201500052656,5,3,15,12,1,75,112,2,1,1,2,ROUTE DE CEINTURE DU LAC,0.0,0.0
201500052657,6,3,15,14,1,75,112,2,1,1,6,BOULEVARD DE BERCY,0.0,0.0
201500052658,6,3,15,17,1,75,112,2,3,1,6,"237, AVENUE DAUMESNIL",0.0,0.0
201500052659,7,3,15,4,5,75,112,2,1,1,6,ROUTE DE CEINTURE DU LAC,0.0,0.0
201500052660,8,3,15,19,5,75,112,2,2,1,3,"25, AVENUE DU GENERAL MI",0.0,0.0
201500052661,9,3,15,18,1,75,112,2,2,1,3,BOULEVARD DIDEROT,0.0,0.0
201500052662,9,3,15,13,1,75,111,2,3,1,3,"155, RUE DU FAUBOURG SAI",0.0,0.0
201500052663,10,3,15,9,1,75,112,2,1,1,6,AVENUE DE LA PORTE DE CH,0.0,0.0
201500052664,10,3,15,10,1,75,112,2,1,1,4,AVENUE DE GRAVELLE,0.0,0.0
201500052665,10,3,15,17,1,75,112,2,4,1,4,QUAI DE BERCY,0.0,0.0
201500052666,10,3,15,19,5,75,112,2,4,1,3,"0, ROUTE DE LA GERBE",0.0,0.0
201500052667,11,3,15,7,1,75,112,2,4,1,3,BOULEVARD PONIATOWSKI,0.0,0.0
201500052668,11,3,15,12,1,75,112,2,2,1,6,"69, RUE DE CHARENTON",0.0,0.0
201500052669,12,3,15,9,1,75,112,2,1,1,3,"65, AVENUE DE SAINT MAND",0.0,0.0
201500052670,12,3,15,18,5,75,112,2,2,1,4,"14, AVENUE DAUMESNIL",0.0,0.0
201500052671,12,3,15,20,5,75,112,2,1,1,5,"124, BOULEVARD DIDEROT",0.0,0.0
201500052672,12,3,15,20,5,75,112,2,1,1,6,"08, RUE DE PRAGUE",0.0,0.0
201500052673,13,3,15,20,5,75,112,2,3,1,3,"220, RUE DU FAUBOURG SAI",0.0,0.0
201500052674,14,3,15,16,1,75,118,2,1,1,6,"118, BOULEVARD DE ROCHEC",0.0,0.0
201500052675,14,3,15,22,5,75,112,2,4,1,3,RUE DU FAUBOURG SAINT AN,0.0,0.0
201500052676,17,3,15,9,1,75,112,2,2,1,3,AVENUE LEDRU ROLLIN,0.0,0.0
201500052677,17,3,15,12,1,75,112,2,1,1,6,"16, RUE DU FAUBOURG SAIN",0.0,0.0
201500052678,17,3,15,13,1,75,112,2,1,1,3,"45, AVENUE DU DOCTEUR AR",0.0,0.0
201500052679,18,3,15,0,5,75,112,2,1,1,6,QUAI DE BERCY,0.0,0.0
201500052680,18,3,15,12,1,75,112,2,2,1,6,"55, RUE DE PICPUS",0.0,0.0
201500052681,20,3,15,15,1,75,112,2,1,1,6,"112, COURS DE VINCENNES",0.0,0.0
201500052682,20,3,15,16,1,75,112,2,2,1,3,"62, BOULEVARD DE BERCY",0.0,0.0
201500052683,22,3,15,15,1,75,112,2,1,1,3,"75, AVENUE LEDRU ROLLIN",0.0,0.0
201500052684,24,3,15,11,1,75,112,2,3,1,6,"6, RUE D ALIGRE",0.0,0.0
201500052685,24,3,15,20,5,75,112,2,2,2,6,"93, RUE DE REUILLY",0.0,0.0
201500052686,26,3,15,11,1,75,112,2,3,2,6,"35 Bis, RUE DE REUILLY",0.0,0.0
201500052687,27,3,15,9,1,75,112,2,1,1,7,"71, RUE DE PICPUS",0.0,0.0
201500052688,27,3,15,11,1,75,112,2,1,1,6,"27, BOULEVARD DE REUILLY",0.0,0.0
201500052689,27,3,15,21,5,75,112,2,7,1,6,"3, PLACE LACHAMBEAUDIE",0.0,0.0
201500052690,28,3,15,10,1,75,112,2,3,2,2,"271, AVENUE DAUMESNIL",0.0,0.0
201500052691,29,3,15,11,1,75,112,2,5,2,6,"109, BOULEVARD SOULT",0.0,0.0
201500052692,30,3,15,22,5,75,112,2,2,1,3,BOULEVARD PONIATOWSKI,0.0,0.0
201500052693,1,4,15,16,1,75,112,2,4,1,2,"14, BOULEVARD DE LA BAST",0.0,0.0
201500052694,3,4,15,1,5,75,112,2,2,1,3,RUE DE CHARENTON,0.0,0.0
201500052695,3,4,15,20,5,75,112,2,5,2,6,"279, AVENUE DAUMESNIL",0.0,0.0
201500052696,4,4,15,1,5,75,112,2,5,2,3,AVENUE DAUMESNIL,0.0,0.0
201500052697,4,4,15,23,5,75,112,2,7,1,3,ROUTE DE LA PYRAMIDE,0.0,0.0
201500052698,6,4,15,13,1,75,112,2,5,1,6,QUAI DE LA RAPEE,0.0,0.0
201500052699,6,4,15,17,1,75,112,2,2,1,3,"61, RUE DE PICPUS",0.0,0.0
201500052700,8,4,15,9,1,75,112,2,2,1,3,"43, BOULEVARD DE PICPUS",0.0,0.0
201500052701,8,4,15,17,1,75,112,2,1,1,3,"20, RUE BISCORNET",0.0,0.0
201500052702,10,4,15,18,1,75,112,2,2,1,3,"24, RUE CHALIGNY",0.0,0.0
201500052703,11,4,15,17,1,75,112,2,5,2,7,"238, QUAI DE BERCY",0.0,0.0
201500052704,13,4,15,8,1,75,112,2,5,1,2,"20, BOULEVARD PONIATOWSK",0.0,0.0
201500052705,13,4,15,9,1,75,112,2,1,1,3,ROUTE DE CEINTURE DU LAC,0.0,0.0
201500052706,13,4,15,17,1,75,112,2,2,1,6,"137, BOULEVARD SOULT",0.0,0.0
201500052707,13,4,15,18,2,75,112,2,1,1,3,"28, BOULEVARD CARNOT",0.0,0.0
201500052708,14,4,15,9,1,75,112,2,1,1,3,"15, RUE HECTOR MALOT",0.0,0.0
201500052709,15,4,15,16,1,75,112,2,1,1,7,RUE DES PIROGUES DE BERC,0.0,0.0
201500052710,15,4,15,13,1,75,112,2,2,1,3,"24, RUE CROZATIER",0.0,0.0
201500052711,16,4,15,17,1,75,112,2,1,1,6,"8, RUE FERNAND FOUREAU",0.0,0.0
201500052712,17,4,15,11,1,75,112,2,2,1,3,QUAI DE BERCY,0.0,0.0
201500052713,17,4,15,17,1,75,112,2,5,1,3,BOULEVARD SOULT,0.0,0.0
201500052714,18,4,15,16,1,75,112,2,3,1,7,BOULEVARD PONIATOWSKI,0.0,0.0
201500052715,19,4,15,14,1,75,112,2,2,1,7,BOULEVARD DE BERCY,0.0,0.0
201500052716,20,4,15,18,1,75,112,2,7,1,2,ESPLANADE SAINT LOUIS,0.0,0.0
201500052717,22,4,15,21,5,75,112,2,1,1,6,"137, BOULEVARD DIDEROT",0.0,0.0
201500052718,26,4,15,11,1,75,112,2,2,2,3,"1, BOULEVARD DE REUILLY",0.0,0.0
201500052719,27,4,15,8,1,75,112,2,1,1,6,"86, COURS DE VINCENNES",0.0,0.0
201500052720,27,4,15,9,1,75,112,2,1,1,2,"1, AVENUE DE GRAVELLE",0.0,0.0
201500052721,28,4,15,12,1,75,111,2,1,1,7,"81 BIS, RUE JEAN PIERRE",0.0,0.0
201500052722,29,4,15,17,1,75,112,2,2,1,3,"98, QUAI DE LA RAPEE",0.0,0.0
201500052723,29,4,15,19,1,75,112,2,1,8,4,PONT D AUSTERLITZ,0.0,0.0
201500052724,30,4,15,8,1,75,112,2,1,3,2,"30, BOULEVARD CARNOT",0.0,0.0
201500052725,30,4,15,9,1,75,112,2,7,2,6,"25, RUE BECCARIA",0.0,0.0
201500052726,30,4,15,12,1,75,112,2,3,2,6,BOULEVARD DE PICPUS,0.0,0.0
201500052727,30,4,15,14,1,75,112,2,1,2,2,AVENUE DAUMESNIL,0.0,0.0
201500052728,30,4,15,17,1,75,112,2,1,2,3,ROUTE DE CEINTURE DU LAC,0.0,0.0
201500052729,30,4,15,20,4,75,112,2,2,3,6,"62, BOULEVARD DE BERCY",0.0,0.0
201500052730,30,4,15,22,5,75,112,2,2,3,3,"43, RUE CROZATIER",0.0,0.0
201500052731,1,5,15,4,5,75,112,2,1,3,6,RUE DU FAUBOURG SAINT AN,0.0,0.0
201500052732,1,5,15,15,1,75,112,2,1,3,7,"22, RUE DE COTTE",0.0,0.0
201500052733,1,5,15,21,5,75,112,2,2,2,6,"55, AVENUE LEDRU ROLLIN",0.0,0.0
201500052734,2,5,15,17,1,75,112,2,7,2,3,RUE BARON LE ROY,0.0,0.0
201500052735,3,5,15,13,1,75,112,2,1,2,6,"71, BOULEVARD DE REUILLY",0.0,0.0
201500052736,6,5,15,7,1,75,112,2,1,1,2,"37, AVENUE LEDRU ROLLIN",0.0,0.0
201500052737,1,5,15,15,1,75,112,2,3,1,2,"48, RUE BARON LE ROY",0.0,0.0
201500052738,7,5,15,11,1,75,112,2,1,1,3,"197, AVENUE DAUMESNIL",0.0,0.0
201500052739,9,5,15,16,1,75,112,2,7,1,3,PLACE DE LA BASTILLE,0.0,0.0
201500052740,9,5,15,22,5,75,112,2,1,1,1,"248, RUE DE CHARENTON",0.0,0.0
201500052741,12,5,15,15,1,75,112,2,1,1,3,AVENUE DE SAINT MAURICE,0.0,0.0
201500052742,13,5,15,11,1,75,112,2,7,1,6,"20, PLACE DE LA NATION",0.0,0.0
201500052743,13,5,15,13,1,75,112,2,1,1,6,BOULEVARD PONIATOWSKI,0.0,0.0