Num_Acc,jour,mois,an,hr,condition_eclairage,departement,commune,condition_agglomeration,intersection,condition_atmosphere,type_collision,adresse,lattitude,longitude
201500052744,13,5,15,17,1,75,112,2,1,1,3,"26, RUE D ALIGRE",0.0,0.0
201500052745,13,5,15,18,1,75,112,2,5,1,6,RUE DE LYON,0.0,0.0
201500052746,14,5,15,0,5,75,112,2,3,1,6,"5, RUE ERARD",0.0,0.0
201500052747,15,5,15,9,1,75,112,2,2,1,6,"100, RUE DE PICPUS",0.0,0.0
201500052748,15,5,15,13,1,75,112,2,1,1,6,"206, RUE DU FAUBOURG SAI",0.0,0.0
201500052749,16,5,15,0,5,75,112,2,3,1,1,"78, RUE DE REUILLY",0.0,0.0
201500052750,16,5,15,7,1,75,112,2,3,1,6,"18, RUE DE PICPUS",0.0,0.0
201500052751,18,5,15,9,1,75,112,2,3,1,3,"61, BOULEVARD DIDEROT",0.0,0.0
201500052752,20,5,15,7,1,75,112,2,2,1,2,"128, AVENUE DAUMESNIL",0.0,0.0
201500052753,20,5,15,17,1,75,112,2,3,1,6,"212, RUE DE CHARENTON",0.0,0.0
201500052754,22,5,15,16,1,75,112,2,3,1,2,QUAI DE BERCY,0.0,0.0
201500052755,26,5,15,10,1,75,112,2,1,1,4,QUAI DE BERCY,0.0,0.0
201500052756,28,5,15,13,1,75,112,2,1,1,6,"195, RUE DE CHARENTON",0.0,0.0
201500052757,28,5,15,16,1,75,112,2,1,1,6,"205, AVENUE DAUMESNIL",0.0,0.0
201500052758,29,5,15,10,1,75,112,2,1,1,6,ROUTE DE CEINTURE DU LAC,0.0,0.0
201500052759,30,5,15,23,5,75,112,2,2,1,2,BOULEVARD DIDEROT,0.0,0.0
201500052760,1,6,15,21,5,75,112,2,1,1,6,"102, AVENUE DE SAINT MAN",0.0,0.0
201500052761,2,6,15,16,1,75,112,2,1,1,4,"00, QUAI DE BERCY",0.0,0.0
201500052762,3,6,15,8,1,75,112,2,2,1,6,"10, RUE DE REUILLY",0.0,0.0
201500052763,3,6,15,12,1,75,112,2,3,1,2,"94, QUAI DE LA RAPEE",0.0,0.0
201500052764,4,6,15,8,1,75,112,2,5,1,3,AVENUE DE GRAVELLE,0.0,0.0
201500052765,6,6,15,1,5,75,112,2,1,1,2,ROUTE DE LA PYRAMIDE,0.0,0.0
201500052766,6,6,15,13,1,75,112,2,1,1,1,ROUTE DE LA PYRAMIDE,0.0,0.0
201500052767,8,6,15,17,1,75,112,2,3,1,6,BOULEVARD PONIATOWSKI,0.0,0.0
201500052768,8,6,15,17,1,75,112,2,1,1,6,"205 BIS, AVENUE DAUMESNI",0.0,0.0
201500052769,8,6,15,22,5,75,112,2,5,1,1,AVENUE DU DOCTEUR ARNOLD,0.0,0.0
201500052770,9,6,15,10,1,75,112,2,2,1,6,BOULEVARD PONIATOWSKI,0.0,0.0
201500052771,11,6,15,13,1,75,112,2,4,1,6,"19, RUE DE PRAGUE",0.0,0.0
201500052772,12,6,15,8,1,75,112,2,1,1,6,QUAI DE BERCY,0.0,0.0
201500052773,12,6,15,9,1,75,112,2,2,1,6,"14, RUE DE RAMBOUILLET",0.0,0.0
201500052774,13,6,15,2,5,75,112,2,4,1,3,ROUTE DE LA FERME,0.0,0.0
201500052775,13,6,15,14,1,75,112,2,1,1,6,"49, RUE DU SAHEL",0.0,0.0
201500052776,14,6,15,3,5,75,112,2,1,1,6,"102, BOULEVARD DIDEROT",0.0,0.0
201500052777,14,6,15,10,1,75,112,2,2,1,7,BOULEVARD DE LA GUYANE,0.0,0.0
201500052778,15,6,15,19,1,75,112,2,2,1,3,", RUE PARROT",0.0,0.0
201500052779,16,6,15,14,1,75,112,2,2,1,6,QUAI DE BERCY,0.0,0.0
201500052780,17,6,15,15,1,75,112,2,3,1,3,"180, AVENUE DAUMESNIL",0.0,0.0
201500052781,18,6,15,7,1,75,112,2,1,8,6,ROUTE DE LA PYRAMIDE,0.0,0.0
201500052782,23,6,15,20,1,75,112,2,2,1,6,"40, AVENUE DAUMESNIL",0.0,0.0
201500052783,24,6,15,21,1,75,112,2,1,1,2,"58, BOULEVARD DE REUILLY",0.0,0.0
201500052784,26,6,15,13,1,75,112,2,1,1,6,"75, RUE DE LYON",0.0,0.0
201500052785,26,6,15,17,1,75,112,2,2,1,3,"82, COURS DE VINCENNES",0.0,0.0
201500052786,27,6,15,17,1,75,112,2,4,1,4,"178, AVENUE DAUMESNIL",0.0,0.0
201500052787,28,6,15,21,5,75,112,2,1,1,1,AVENUE DE NOGENT,0.0,0.0
201500052788,30,6,15,9,1,75,112,2,1,1,6,"38, RUE BARON LE ROY",0.0,0.0
201500052789,30,6,15,17,1,75,112,2,3,1,6,"115, BOULEVARD SOULT",0.0,0.0
201500052790,30,6,15,21,1,75,112,2,1,1,6,AVENUE DES TERROIRS DE F,0.0,0.0
201500052791,30,6,15,22,5,75,112,2,1,1,6,SOUTERRAIN CHALON,0.0,0.0
201500052792,1,7,15,3,5,75,112,2,5,1,3,RUE DU FAUBOURG SAINT AN,0.0,0.0
201500052793,1,7,15,15,1,75,112,2,4,1,6,RUE DU GENERAL DE LANGLE,0.0,0.0
201500052794,1,7,15,19,1,75,112,2,1,1,3,"30, AVENUE DE SAINT MAND",0.0,0.0
201500052795,2,7,15,22,5,75,112,2,2,1,3,BOULEVARD DIDEROT,0.0,0.0
201500052796,3,7,15,13,1,75,112,2,7,1,2,AVENUE DAUMESNIL,0.0,0.0
201500052797,3,7,15,18,1,75,112,2,1,1,3,"166, BOULEVARD DIDEROT",0.0,0.0
201500052798,4,7,15,16,1,75,112,2,3,1,3,"73, RUE DE LYON",0.0,0.0
201500052799,5,7,15,0,5,75,112,2,1,1,6,"55, RUE DE LYON",0.0,0.0
201500052800,6,7,15,15,1,75,112,2,3,1,6,"100, AVENUE DAUMESNIL",0.0,0.0
201500052801,6,7,15,18,1,75,112,2,5,1,3,AVENUE DE NOGENT,0.0,0.0
201500052802,6,7,15,20,1,75,112,2,5,1,3,BOULEVARD PONIATOWSKI,0.0,0.0
201500052803,7,7,15,11,1,75,111,2,1,1,3,"83, RUE SEDAINE",0.0,0.0
201500052804,7,7,15,16,1,75,112,2,1,1,6,AVENUE COURTELINE,0.0,0.0
201500052805,9,7,15,18,1,75,112,2,4,1,3,AVENUE DE SAINT MAURICE,0.0,0.0
201500052806,12,7,15,17,1,75,112,2,5,1,3,"43, AVENUE DU GENERAL MI",0.0,0.0
201500052807,14,7,15,14,1,75,112,2,1,1,6,BOULEVARD PONIATOWSKI,0.0,0.0
201500052808,14,7,15,23,5,75,112,2,3,1,3,RUE DE CHARENTON,0.0,0.0
201500052809,15,7,15,17,1,75,112,2,7,1,3,SQUARE COURTELINE,0.0,0.0
201500052810,16,7,15,15,1,75,112,2,1,1,3,"212, AVENUE DAUMESNIL",0.0,0.0
201500052811,16,7,15,13,1,75,112,2,2,1,6,"11, AVENUE DU TREMBLAY",0.0,0.0
201500052812,17,7,15,18,1,75,112,2,2,1,2,"131, BOULEVARD DIDEROT",0.0,0.0
201500052813,19,7,15,17,1,75,112,2,2,1,3,AVENUE DES CANADIENS,0.0,0.0
201500052814,20,7,15,16,1,75,112,2,2,1,3,"71, AVENUE LEDRU ROLLIN",0.0,0.0
201500052815,21,7,15,9,1,75,112,2,2,1,3,"276, AVENUE DAUMESNIL",0.0,0.0
201500052816,23,7,15,2,5,75,112,2,5,1,2,"117, BOULEVARD SOULT",0.0,0.0
201500052817,23,7,15,4,5,75,112,2,5,1,6,"/, QUAI DE LA RAPEE",0.0,0.0
201500052818,25,7,15,6,1,75,112,2,1,1,6,ROUTE DE LA PYRAMIDE,0.0,0.0
201500052819,25,7,15,18,1,75,112,2,1,1,6,"191, RUE DE BERCY",0.0,0.0
201500052820,26,7,15,14,1,75,111,2,1,2,6,"180, RUE DU FAUBOURG SAI",0.0,0.0
201500052821,28,7,15,7,1,75,112,2,2,8,3,"76, AVENUE LEDRU ROLLIN",0.0,0.0
201500052822,28,7,15,9,1,75,112,2,5,8,3,"/, BOULEVARD SOULT",0.0,0.0
201500052823,28,7,15,21,2,75,112,2,7,2,6,"2, PLACE FELIX EBOUE",0.0,0.0
201500052824,29,7,15,9,1,75,112,2,7,1,7,ROUTE DE LA PYRAMIDE,0.0,0.0
201500052825,31,7,15,9,1,75,112,2,3,1,3,"120, RUE DE LYON",0.0,0.0
201500052826,4,8,15,5,5,75,112,2,1,3,7,QUAI DE BERCY,0.0,0.0
201500052827,4,8,15,9,1,75,112,2,2,1,3,"/, RUE DE CHARENTON",0.0,0.0
201500052828,4,8,15,11,1,75,112,2,5,1,3,"341, RUE DE CHARENTON",0.0,0.0
201500052829,4,8,15,17,1,75,112,2,7,1,6,"4, RUE ERARD",0.0,0.0
201500052830,5,8,15,8,1,75,112,2,5,1,6,BOULEVARD PONIATOWSKI,0.0,0.0
201500052831,6,8,15,8,1,75,112,2,3,1,3,AVENUE DES MINIMES,0.0,0.0
201500052832,8,8,15,14,1,75,112,2,1,1,3,"15, AVENUE DAUMESNIL",0.0,0.0
201500052833,11,8,15,14,1,75,112,2,3,1,6,BOULEVARD PONIATOWSKI,0.0,0.0
201500052834,13,8,15,13,1,75,112,2,1,1,6,"80, AVENUE DE SAINT MAND",0.0,0.0
201500052835,17,8,15,20,2,75,112,2,4,1,3,BOULEVARD PERIPHERIQUE,0.0,0.0
201500052836,18,8,15,9,1,75,112,2,2,8,3,AVENUE DE NOGENT,0.0,0.0
201500052837,21,8,15,14,1,75,112,2,3,1,6,RUE DU GENERAL DE LANGLE,0.0,0.0
201500052838,22,8,15,18,1,75,112,2,1,1,3,"139, AVENUE DAUMESNIL",0.0,0.0
201500052839,22,8,15,15,1,75,112,2,2,1,3,AVENUE DAUMESNIL,0.0,0.0
201500052840,25,8,15,18,1,75,112,2,1,8,6,"106, BOULEVARD DIDEROT",0.0,0.0
201500052841,28,8,15,4,1,75,112,2,2,1,3,PLACE DU BATAILLON DU PA,0.0,0.0
201500052842,28,8,15,15,1,75,112,2,1,1,3,QUAI DE BERCY,0.0,0.0
201500052843,28,8,15,19,1,75,112,2,1,1,2,QUAI DE BERCY,0.0,0.0
201500052844,29,8,15,4,5,75,112,2,1,1,6,BOULEVARD PONIATOWSKI,0.0,0.0
201500052845,30,8,15,3,5,75,112,2,1,1,6,AVENUE DE NOGENT,0.0,0.0
201500052846,30,8,15,10,1,75,112,2,3,1,6,"290, RUE DE CHARENTON",0.0,0.0
201500052847,30,8,15,12,1,75,112,2,1,1,3,BOULEVARD PERIPHERIQUE I,0.0,0.0
201500052848,31,8,15,16,1,75,112,2,3,1,3,"262, AVENUE DAUMESNIL",0.0,0.0
201500052849,31,8,15,16,1,75,112,2,4,1,6,"120, BOULEVARD DIDEROT",0.0,0.0
201500052850,31,8,15,17,1,75,112,2,7,1,3,PLACE FELIX EBOUE,0.0,0.0
201500052851,1,9,15,20,2,75,112,2,1,1,7,"8, RUE PAUL HENRI GRAUWI",0.0,0.0
201500052852,2,9,15,13,1,75,112,2,6,1,6,BOULEVARD SOULT,0.0,0.0
201500052853,2,9,15,19,2,75,112,2,7,1,6,PLACE D ALIGRE,0.0,0.0
201500052854,3,9,15,11,1,75,112,2,5,1,2,"129, AVENUE DAUMESNIL",0.0,0.0
201500052855,3,9,15,13,1,75,112,2,1,1,6,AVENUE DU TREMBLAY,0.0,0.0
201500052856,3,9,15,17,1,75,112,2,2,1,6,"66, RUE DE REUILLY",0.0,0.0
201500052857,4,9,15,1,5,75,112,2,2,1,5,AVENUE DU TREMBLAY,0.0,0.0
201500052858,4,9,15,11,1,75,112,2,1,1,3,"224, RUE DE CHARENTON",0.0,0.0
201500052859,5,9,15,13,1,75,112,2,5,1,3,ROUTE DAUPHINE,0.0,0.0
201500052860,6,9,15,3,5,75,112,2,2,1,3,"73, AVENUE DAUMESNIL",0.0,0.0
201500052861,6,9,15,18,1,75,112,2,2,1,3,"24, RUE DE REUILLY",0.0,0.0
201500052862,7,9,15,22,5,75,112,2,7,1,6,"1, PLACE FELIX EBOUE",0.0,0.0
201500052863,8,9,15,9,1,75,112,2,2,1,6,"22, AVENUE LEDRU ROLLIN",0.0,0.0
201500052864,9,9,15,18,1,75,112,2,7,1,2,PLACE DE LA NATION,0.0,0.0
201500052865,12,9,15,11,1,75,112,2,7,2,7,"7, PLACE FELIX EBOUE",0.0,0.0
201500052866,12,9,15,21,5,75,112,2,1,1,7,"50, RUE CORIOLIS",0.0,0.0
201500052867,14,9,15,11,1,75,112,2,3,1,6,AVENUE DE SAINT MANDE,0.0,0.0
201500052868,14,9,15,15,1,75,112,2,7,1,6,AVENUE DU BEL AIR,0.0,0.0
201500052869,15,9,15,16,1,75,112,2,1,1,2,"25, RUE DAGORNO",0.0,0.0
201500052870,16,9,15,3,5,75,112,2,5,3,3,"115, BOULEVARD SOULT",0.0,0.0
201500052871,16,9,15,6,5,75,112,2,4,1,6,"32, RUE DE LYON",0.0,0.0
201500052872,16,9,15,19,1,75,112,2,1,8,6,"54, QUAI DE LA RAPEE",0.0,0.0
201500052873,17,9,15,5,5,75,112,2,5,2,6,PONT D AUSTERLITZ,0.0,0.0
201500052874,18,9,15,8,1,75,112,2,7,1,3,ESPLANADE SAINT LOUIS,0.0,0.0
201500052875,18,9,15,16,1,75,112,2,1,2,7,QUAI DE BERCY,0.0,0.0
201500052876,18,9,15,18,1,75,112,2,7,2,3,BOULEVARD DE BERCY,0.0,0.0
201500052877,19,9,15,1,5,75,112,2,2,1,1,"10, RUE DE PICPUS",0.0,0.0
201500052878,19,9,15,18,1,75,112,2,2,1,6,"47, AVENUE LEDRU ROLLIN",0.0,0.0
201500052879,22,9,15,12,1,75,112,2,1,2,3,QUAI DE LA RAPEE,0.0,0.0
201500052880,24,9,15,11,1,75,112,2,3,1,2,"182, AVENUE DAUMESNIL",0.0,0.0
201500052881,25,9,15,2,5,75,112,2,3,1,6,"48, BOULEVARD DE BERCY",0.0,0.0
201500052882,25,9,15,5,5,75,112,2,1,1,3,AVENUE DU GENERAL MICHEL,0.0,0.0
201500052883,26,9,15,13,1,75,112,2,3,1,6,"101, AVENUE DE SAINT MAN",0.0,0.0
201500052884,26,9,15,15,1,75,112,2,2,1,3,BOULEVARD DIDEROT,0.0,0.0
201500052885,26,9,15,14,1,75,112,2,1,1,6,AVENUE DE NOGENT   VINCE,0.0,0.0
201500052886,27,9,15,8,1,75,112,2,3,1,6,BOULEVARD DE BERCY,0.0,0.0
201500052887,24,9,15,10,1,75,112,2,3,1,6,"98, RUE DE CHARENTON",0.0,0.0
201500052888,28,9,15,8,1,75,112,2,3,1,2,"11, RUE BARON LE ROY",0.0,0.0
201500052889,28,9,15,19,2,75,112,2,3,1,2,"106, RUE DU FAUBOURG SAI",0.0,0.0
201500052890,29,9,15,0,5,75,112,2,4,1,6,BOULEVARD DE PICPUS,0.0,0.0
201500052891,29,9,15,8,1,75,112,2,7,1,3,"4, PLACE DE LA BASTILLE",0.0,0.0
201500052892,29,9,15,9,1,75,112,2,2,1,3,PONT DE BERCY,0.0,0.0
201500052893,29,9,15,18,1,75,112,2,7,1,6,"17, PLACE LOUIS ARMAND",0.0,0.0
201500052894,29,9,15,20,5,75,112,2,1,1,3,"323, RUE DE CHARENTON",0.0,0.0
201500052895,30,9,15,17,1,75,112,2,4,1,6,"96, AVENUE DU GENERAL MI",0.0,0.0
201500052896,30,9,15,18,2,75,111,2,1,1,3,"93, RUE DE LA ROQUETTE",0.0,0.0
201500052897,1,10,15,15,1,75,112,2,1,1,2,"276, RUE DE CHARENTON",0.0,0.0
201500052898,2,10,15,9,1,75,112,2,1,1,6,"100, RUE DU FAUBOURG SAI",0.0,0.0
201500052899,2,10,15,9,1,75,112,2,2,1,3,AVENUE DE SAINT MAURICE,0.0,0.0
201500052900,2,10,15,17,1,75,112,2,1,1,3,BOULEVARD PERIPHERIQUE E,0.0,0.0
201500052901,3,10,15,8,1,75,112,2,2,1,3,"73, AVENUE DAUMESNIL",0.0,0.0
201500052902,3,10,15,14,1,75,112,2,2,1,3,COURS DE VINCENNES,0.0,0.0
201500052903,5,10,15,9,1,75,112,2,1,1,3,"51, RUE DE REUILLY",0.0,0.0
201500052904,6,10,15,8,5,75,112,2,4,3,6,"146, AVENUE DAUMESNIL",0.0,0.0
201500052905,6,10,15,8,1,75,112,2,1,3,3,QUAI DE LA RAPEE,0.0,0.0
201500052906,6,10,15,8,1,75,112,2,4,3,5,BOULEVARD PONIATOWSKI,0.0,0.0
201500052907,9,10,15,9,1,75,112,2,1,1,3,ROUTE DE CEINTURE DU LAC,0.0,0.0
201500052908,9,10,15,14,1,75,112,2,1,1,6,"28, COURS DE VINCENNES",0.0,0.0
201500052909,10,10,15,17,1,75,112,2,5,1,6,"80, AVENUE DAUMESNIL",0.0,0.0
201500052910,10,10,15,21,5,75,112,2,3,1,3,"150, RUE DU FAUBOURG SAI",0.0,0.0
201500052911,10,10,15,23,5,75,112,2,1,1,6,"104, COURS DE VINCENNES",0.0,0.0
201500052912,11,10,15,16,1,75,112,2,1,1,2,"36, BOULEVARD DE PICPUS",0.0,0.0
201500052913,12,10,15,14,1,75,112,2,2,1,3,"204, RUE DE CHARENTON",0.0,0.0
201500052914,14,10,15,13,1,75,112,2,1,1,3,"45BIS, RUE DU SERGENT BA",0.0,0.0
201500052915,16,10,15,9,1,75,112,2,2,2,6,"129, BOULEVARD DIDEROT",0.0,0.0
201500052916,16,10,15,18,2,75,112,2,1,1,3,QUAI DE BERCY,0.0,0.0
201500052917,16,10,15,19,5,75,112,2,7,1,6,PLACE DE LA NATION,0.0,0.0
201500052918,17,10,15,14,1,75,112,2,5,8,2,QUAI DE LA RAPEE,0.0,0.0
201500052919,17,10,15,22,5,75,112,2,2,1,3,AVENUE DAUMESNIL,0.0,0.0
201500052920,19,10,15,6,5,75,112,2,1,1,3,"24, BOULEVARD DE LA BAST",0.0,0.0
201500052921,19,10,15,10,1,75,112,2,2,1,2,"131, BOULEVARD DIDEROT",0.0,0.0
201500052922,19,10,15,11,1,75,112,2,2,1,2,"38, AVENUE LEDRU ROLLIN",0.0,0.0
201500052923,20,10,15,17,2,75,112,2,4,2,3,PORTE DE VINCENNES,0.0,0.0
201500052924,20,10,15,20,5,75,112,2,5,1,3,"129 BIS, AVENUE DAUMESNI",0.0,0.0
201500052925,22,10,15,17,1,75,112,2,1,1,6,"115, RUE DE REUILLY",0.0,0.0
201500052926,22,10,15,19,5,75,112,2,2,2,4,QUAI DE LA RAPEE,0.0,0.0
201500052927,24,10,15,11,1,75,112,2,2,1,2,"5, BOULEVARD DE BERCY",0.0,0.0
201500052928,25,10,15,13,1,75,112,2,2,1,3,RUE TRAVERSIERE,0.0,0.0
201500052929,26,10,15,12,1,75,112,2,1,1,3,"65, RUE BARON LE ROY",0.0,0.0
201500052930,26,10,15,13,1,75,112,2,7,1,3,"4, PLACE FELIX EBOUE",0.0,0.0
201500052931,26,10,15,17,2,75,112,2,1,1,6,"106, COURS DE VINCENNES",0.0,0.0
201500052932,26,10,15,19,5,75,112,2,5,1,6,RUE DE RAMBOUILLET,0.0,0.0
201500052933,27,10,15,4,5,75,112,2,3,1,6,"48, BOULEVARD DE BERCY",0.0,0.0
201500052934,27,10,15,11,1,75,112,2,1,1,3,"51, RUE DE BERCY",0.0,0.0
201500052935,27,10,15,13,1,75,112,2,2,1,6,PONT DE BERCY,0.0,0.0
201500052936,28,10,15,8,1,75,112,2,2,2,6,"42, AVENUE DAUMESNIL",0.0,0.0
201500052937,29,10,15,3,5,75,112,2,3,1,2,AVENUE DE NOGENT,0.0,0.0
201500052938,29,10,15,9,1,75,112,2,1,1,6,"2, PLACE LOUIS ARMAND",0.0,0.0
201500052939,30,10,15,10,1,75,112,2,1,1,3,"68, AVENUE LEDRU ROLLIN",0.0,0.0
201500052940,30,10,15,12,1,75,112,2,1,1,2,"39, RUE CROZATIER",0.0,0.0
201500052941,30,10,15,18,5,75,112,2,3,1,6,RUE TAINE,0.0,0.0
201500052942,31,10,15,16,1,75,112,2,2,1,6,"47, AVENUE LEDRU ROLLIN",0.0,0.0
201500052943,2,11,15,9,1,75,112,2,7,8,2,AVENUE DU TREMBLAY,0.0,0.0
201500052944,2,11,15,22,5,75,112,2,2,1,3,BOULEVARD DIDEROT,0.0,0.0
201500052945,4,11,15,9,1,75,112,2,1,2,6,QUAI DE BERCY,0.0,0.0
201500052946,4,11,15,13,1,75,112,2,4,1,3,"11, BOULEVARD DE LA BAST",0.0,0.0
201500052947,4,11,15,14,1,75,112,2,4,1,6,"13, RUE DUBRUNFAUT",0.0,0.0
201500052948,4,11,15,23,5,75,112,2,7,1,6,"20, PLACE DE LA NATION",0.0,0.0
201500052949,4,11,15,13,1,75,112,2,1,1,6,"16, AVENUE DAUMESNIL",0.0,0.0
201500052950,5,11,15,15,1,75,112,2,4,1,6,ROUTE DE LA TOURELLE,0.0,0.0
201500052951,5,11,15,18,5,75,112,2,1,2,6,RUE DE LYON,0.0,0.0
201500052952,7,11,15,10,1,75,112,2,2,1,3,"49, AVENUE LEDRU ROLLIN",0.0,0.0
201500052953,8,11,15,11,1,75,112,2,1,1,2,ROUTE DE LA FERME,0.0,0.0
201500052954,9,11,15,0,5,75,112,2,1,1,6,PLACE FELIX EBOUE,0.0,0.0
201500052955,10,11,15,13,1,75,112,2,2,1,3,"86, BOULEVARD SOULT",0.0,0.0
201500052956,10,11,15,19,5,75,112,2,5,1,6,"72, RUE DE CHARENTON",0.0,0.0
201500052957,11,11,15,20,5,75,112,2,1,1,6,AVENUE DE NOGENT   VINCE,0.0,0.0
201500052958,12,11,15,0,5,75,112,2,1,1,4,"81, BOULEVARD PONIATOWSK",0.0,0.0
201500052959,16,11,15,11,1,75,112,2,2,1,6,"25, BOULEVARD SOULT",0.0,0.0
201500052960,16,11,15,22,5,75,112,2,1,2,3,"88-94, RUE DE REUILLY",0.0,0.0
201500052961,17,11,15,17,5,75,112,2,1,2,3,"144, RUE DU FAUBOURG SAI",0.0,0.0
201500052962,18,11,15,16,2,75,112,2,1,1,6,"182, AVENUE DAUMESNIL",0.0,0.0
201500052963,19,11,15,8,1,75,112,2,2,1,2,BOULEVARD DIDEROT,0.0,0.0
201500052964,19,11,15,20,5,75,112,2,1,2,3,"107, RUE DE REUILLY",0.0,0.0
201500052965,20,11,15,5,3,75,112,2,3,3,6,ROUTE SAINT HUBERT,0.0,0.0
201500052966,20,11,15,23,5,75,112,2,2,1,7,AVENUE COURTELINE,0.0,0.0
201500052967,22,11,15,1,5,75,112,2,2,1,3,BOULEVARD DE BERCY,0.0,0.0
201500052968,25,11,15,2,5,75,112,2,1,2,7,"88, RUE DU FAUBOURG SAIN",0.0,0.0
201500052969,25,11,15,18,5,75,111,2,7,2,3,PLACE DE LA NATION,0.0,0.0
201500052970,26,11,15,7,1,75,112,2,1,1,2,ROUTE DE LA PYRAMIDE,0.0,0.0
201500052971,26,11,15,15,1,75,112,2,2,1,3,"95, BOULEVARD DIDEROT",0.0,0.0
201500052972,27,11,15,13,1,75,112,2,1,1,3,PONT D AUSTERLITZ,0.0,0.0
201500052973,27,11,15,16,1,75,112,2,3,1,1,RUE CORIOLIS,0.0,0.0
201500052974,27,11,15,17,5,75,112,2,2,1,6,"271, AVENUE DAUMESNIL",0.0,0.0
201500052975,23,11,15,13,1,75,112,2,4,1,6,"40, RUE TAINE",0.0,0.0
201500052976,29,11,15,4,5,75,112,2,3,2,4,"148, BOULEVARD DIDEROT",0.0,0.0
201500052977,29,11,15,18,5,75,112,2,3,1,3,"3, PLACE LACHAMBEAUDIE",0.0,0.0
201500052978,30,11,15,7,5,75,112,2,1,1,3,"166, AVENUE DAUMESNIL",0.0,0.0
201500052979,30,11,15,9,1,75,112,2,1,8,3,"4, RUE CROZATIER",0.0,0.0
201500052980,6,12,15,18,5,75,112,2,1,1,2,QUAI DE BERCY,0.0,0.0
201500052981,7,12,15,7,5,75,112,2,1,1,3,"139, RUE DE BERCY",0.0,0.0
201500052982,7,12,15,11,1,75,112,2,3,1,6,"288, RUE DE CHARENTON",0.0,0.0
201500052983,7,12,15,14,1,75,112,2,1,1,7,"90, BOULEVARD DE PICPUS",0.0,0.0
201500052984,9,12,15,7,5,75,112,2,3,1,3,"21, RUE DE LYON",0.0,0.0
201500052985,10,12,15,7,1,75,112,2,2,1,3,QUAI DE BERCY,0.0,0.0
201500052986,10,12,15,18,5,75,112,2,1,1,4,VOIE GEORGES POMPIDOU,0.0,0.0
201500052987,10,12,15,17,5,75,112,2,1,1,6,"115, RUE DE REUILLY",0.0,0.0
201500052988,12,12,15,11,1,75,112,2,7,1,6,AVENUE DU TRONE,0.0,0.0
201500052989,13,12,15,8,2,75,112,2,1,1,6,AVENUE DE SAINT MAURICE,0.0,0.0
201500052990,14,12,15,7,2,75,112,2,1,1,6,"283, RUE DE CHARENTON",0.0,0.0
201500052991,15,12,15,0,5,75,112,2,1,1,6,"20, COURS DE VINCENNES",0.0,0.0
201500052992,15,12,15,12,1,75,112,2,1,8,6,"33, RUE DE REUILLY",0.0,0.0
201500052993,17,12,15,12,1,75,112,2,5,1,6,AVENUE DAUMESNIL,0.0,0.0
201500052994,17,12,15,16,1,75,112,2,7,1,3,BOULEVARD PONIATOWSKI,0.0,0.0
201500052995,18,12,15,17,1,75,112,2,5,1,3,"106, RUE DE REUILLY",0.0,0.0
201500052996,20,12,15,3,5,75,112,2,4,1,3,VOIE GEORGES POMPIDOU,0.0,0.0
201500052997,21,12,15,15,1,75,112,2,2,1,6,"78, RUE CLAUDE DECAEN",0.0,0.0
201500052998,21,12,15,18,5,75,112,2,2,2,2,"48, COURS DE VINCENNES",0.0,0.0
201500052999,23,12,15,17,5,75,112,2,2,1,3,BOULEVARD DIDEROT,0.0,0.0
201500053000,23,12,15,19,5,75,112,2,1,1,3,"25, RUE ERARD",0.0,0.0
201500053001,24,12,15,9,1,75,112,2,1,1,3,"35, AVENUE COURTELINE",0.0,0.0
201500053002,28,12,15,16,2,75,112,2,1,1,6,"26, RUE DE CHALON",0.0,0.0
201500053003,31,12,15,1,5,75,112,2,4,2,6,"20 BIS, BOULEVARD DE LA",0.0,0.0
201500053004,1,1,15,12,1,75,113,2,1,1,6,AVENUE DE LA PORTE D ITA,0.0,0.0
201500053005,3,1,15,15,1,75,113,2,3,2,3,"51, AVENUE DES GOBELINS",0.0,0.0
201500053006,6,1,15,23,5,75,113,2,5,1,6,"25, QUAI D IVRY",0.0,0.0
201500053007,8,1,15,7,5,75,113,2,7,2,6,"49, RUE ESQUIROL",0.0,0.0
201500053008,8,1,15,8,1,75,113,2,5,8,6,BOULEVARD MASSENA,0.0,0.0
201500053009,8,1,15,19,5,75,113,2,3,1,3,"59, RUE JEANNE D ARC",0.0,0.0
201500053010,9,1,15,8,1,75,113,2,1,1,2,RUE VERGNIAUD,0.0,0.0
201500053011,9,1,15,17,5,75,113,2,5,1,6,"106, RUE DE PATAY",0.0,0.0
201500053012,10,1,15,7,2,75,113,2,3,8,6,AVENUE PIERRE MENDES FRA,0.0,0.0
201500053013,11,1,15,6,5,75,113,2,2,1,6,"33, BOULEVARD KELLERMANN",0.0,0.0
201500053014,11,1,15,14,1,75,113,2,3,1,3,"83, BOULEVARD DE L HOPIT",0.0,0.0
201500053015,12,1,15,12,1,75,113,2,2,1,2,QUAI D AUSTERLITZ,0.0,0.0
201500053016,12,1,15,12,1,75,113,2,1,1,6,BOULEVARD PERIPHERIQUE E,0.0,0.0
201500053017,12,1,15,14,1,75,113,2,1,1,2,"19, RUE DE DOMREMY",0.0,0.0
201500053018,13,1,15,13,1,75,113,2,2,1,6,"60, BOULEVARD VINCENT AU",0.0,0.0
201500053019,14,1,15,17,5,75,113,2,5,1,6,"45, RUE DE TOLBIAC",0.0,0.0
201500053020,15,1,15,11,1,75,113,2,2,2,6,RUE DE LA GLACIERE,0.0,0.0
201500053021,16,1,15,17,2,75,113,2,2,1,2,"87, QUAI FRANCOIS MAURIA",0.0,0.0
201500053022,17,1,15,20,5,75,113,2,1,1,3,"25, AVENUE D ITALIE",0.0,0.0
201500053023,19,1,15,9,1,75,113,2,3,2,6,"22, BOULEVARD VINCENT AU",0.0,0.0
201500053024,19,1,15,10,1,75,113,2,5,1,6,"120, BOULEVARD VINCENT A",0.0,0.0
201500053025,19,1,15,11,1,75,113,2,2,1,3,"46, BOULEVARD MASSENA",0.0,0.0
201500053026,19,1,15,17,5,75,113,2,2,1,6,"156, AVENUE D ITALIE",0.0,0.0
201500053027,21,1,15,6,5,75,113,2,3,1,3,"142, AVENUE D ITALIE",0.0,0.0