Num_Acc,jour,mois,an,hr,condition_eclairage,departement,commune,condition_agglomeration,intersection,condition_atmosphere,type_collision,adresse,lattitude,longitude
201500053028,21,1,15,17,5,75,113,2,2,1,6,"173, RUE DE TOLBIAC",0.0,0.0
201500053029,22,1,15,11,1,75,113,2,1,1,3,"10, RUE DES CORDELIERES",0.0,0.0
201500053030,25,1,15,11,1,75,113,2,1,1,2,"36 bis, RUE EUGENE OUDIN",0.0,0.0
201500053031,26,1,15,9,1,75,113,2,1,2,3,"58, BOULEVARD ARAGO",0.0,0.0
201500053032,28,1,15,19,5,75,113,2,2,1,3,"46, BOULEVARD MASSENA",0.0,0.0
201500053033,30,1,15,21,5,75,113,2,2,1,3,"76, AVENUE D ITALIE",0.0,0.0
201500053034,2,2,15,18,5,75,113,2,3,1,6,"45, AVENUE DE CHOISY",0.0,0.0
201500053035,3,2,15,10,1,75,113,2,2,1,5,"75, RUE DE TOLBIAC",0.0,0.0
201500053036,9,2,15,20,5,75,113,2,1,1,6,"17, AVENUE DE CHOISY",0.0,0.0
201500053037,10,2,15,19,5,75,113,2,3,1,6,"125, BOULEVARD VINCENT A",0.0,0.0
201500053038,11,2,15,16,1,75,113,2,2,1,6,"116, RUE DE PATAY",0.0,0.0
201500053039,15,2,15,3,5,75,113,2,5,8,3,BOULEVARD MASSENA,0.0,0.0
201500053040,14,2,15,20,5,75,113,2,1,2,3,"51, RUE VERGNIAUD",0.0,0.0
201500053041,17,2,15,11,1,75,113,2,3,2,6,"9, RUE PHILIPPE DE CHAMP",0.0,0.0
201500053042,17,2,15,18,1,75,113,2,2,1,6,"111, AVENUE D ITALIE",0.0,0.0
201500053043,20,2,15,9,1,75,113,2,3,2,2,"108, AVENUE D ITALIE",0.0,0.0
201500053044,20,2,15,19,5,75,113,2,2,3,6,"128, BOULEVARD MASSENA",0.0,0.0
201500053045,21,2,15,6,5,75,113,2,1,1,6,"07, BOULEVARD DE L HOPIT",0.0,0.0
201500053046,22,2,15,2,5,75,113,2,3,1,3,"125, RUE DE TOLBIAC",0.0,0.0
201500053047,23,2,15,12,1,75,113,2,3,1,3,"70, QUAI PANHARD ET LEVA",0.0,0.0
201500053048,24,2,15,17,1,75,113,2,1,1,3,"25, AVENUE PIERRE DE COU",0.0,0.0
201500053049,25,2,15,7,5,75,113,2,2,1,3,"30, BOULEVARD DU GENERAL",0.0,0.0
201500053050,27,2,15,1,5,75,113,2,1,2,3,AVENUE DE LA PORTE DE CH,0.0,0.0
201500053051,28,2,15,18,5,75,113,2,1,2,7,"140, BOULEVARD VINCENT A",0.0,0.0
201500053052,1,3,15,8,1,75,113,2,1,1,6,"11, RUE JEANNE D ARC",0.0,0.0
201500053053,3,3,15,8,1,75,113,2,2,1,6,"46, BOULEVARD ARAGO",0.0,0.0
201500053054,5,3,15,18,1,75,113,2,2,1,6,"76, AVENUE D ITALIE",0.0,0.0
201500053055,7,3,15,16,1,75,113,2,2,1,3,"2, RUE PEAN",0.0,0.0
201500053056,10,3,15,23,5,75,113,2,1,1,3,"137, BOULEVARD DE L HOPI",0.0,0.0
201500053057,11,3,15,8,1,75,113,2,3,1,3,"51, AVENUE DES GOBELINS",0.0,0.0
201500053058,11,3,15,11,1,75,113,2,4,1,6,"27, RUE DE LA BUTTE AUX",0.0,0.0
201500053059,11,3,15,18,2,75,113,2,1,1,6,"92, AVENUE D ITALIE",0.0,0.0
201500053060,11,3,15,18,2,75,113,2,2,1,6,"63, BOULEVARD KELLERMANN",0.0,0.0
201500053061,11,3,15,19,5,75,113,2,4,1,3,BOULEVARD PERIPHERIQUE,0.0,0.0
201500053062,12,3,15,16,1,75,113,2,5,1,3,"1, QUAI D AUSTERLITZ",0.0,0.0
201500053063,12,3,15,21,3,75,113,2,1,1,2,QUAI PANHARD ET LEVASSOR,0.0,0.0
201500053064,13,3,15,9,1,75,113,2,1,1,6,"1, QUAI D IVRY",0.0,0.0
201500053065,13,3,15,10,1,75,113,2,1,1,6,"5, AVENUE D ITALIE",0.0,0.0
201500053066,13,3,15,13,1,75,113,2,2,1,6,"32, RUE DE TOLBIAC",0.0,0.0
201500053067,14,3,15,20,5,75,113,2,4,1,3,AVENUE DE LA PORTE D ITA,0.0,0.0
201500053068,16,3,15,13,1,75,113,2,2,1,6,"73, BOULEVARD MASSENA",0.0,0.0
201500053069,19,3,15,20,5,75,113,2,4,1,3,"86, QUAI D AUSTERLITZ",0.0,0.0
201500053070,21,3,15,22,5,75,113,2,2,2,2,"95, AVENUE DE LA PORTE D",0.0,0.0
201500053071,22,3,15,17,1,75,113,2,2,1,1,"46, RUE DE TOLBIAC",0.0,0.0
201500053072,24,3,15,8,1,75,113,2,2,2,2,"149, RUE NATIONALE",0.0,0.0
201500053073,24,3,15,19,5,75,113,2,1,2,6,"12, RUE DARMESTETER",0.0,0.0
201500053074,25,3,15,1,5,75,113,2,1,2,6,"64, BOULEVARD AUGUSTE BL",0.0,0.0
201500053075,25,3,15,10,1,75,113,2,5,8,3,"0, RUE DE TOLBIAC",0.0,0.0
201500053076,30,3,15,11,1,75,113,2,1,1,6,"22, AVENUE D ITALIE",0.0,0.0
201500053077,30,3,15,15,1,75,113,2,1,1,7,"134, AVENUE D ITALIE",0.0,0.0
201500053078,31,3,15,2,5,75,113,2,2,1,1,RUE DE TOLBIAC,0.0,0.0
201500053079,1,4,15,7,1,75,113,2,5,1,6,"4, BOULEVARD ARAGO",0.0,0.0
201500053080,1,4,15,9,1,75,113,2,7,1,3,"30, PLACE D ITALIE",0.0,0.0
201500053081,31,3,15,16,1,75,113,2,2,1,6,"123, AVENUE DE CHOISY",0.0,0.0
201500053082,1,4,15,19,2,75,105,2,1,1,4,"84, BOULEVARD SAINT GERM",0.0,0.0
201500053083,31,3,15,20,2,75,113,2,1,1,2,"83, BOULEVARD VINCENT AU",0.0,0.0
201500053084,3,4,15,11,1,75,113,2,1,8,6,"29, BOULEVARD DE PORT RO",0.0,0.0
201500053085,3,4,15,20,5,75,106,2,5,2,3,"16, RUE DE VAUGIRARD",0.0,0.0
201500053086,10,4,15,11,1,75,113,2,3,1,3,BOULEVARD VINCENT AURIOL,0.0,0.0
201500053087,11,4,15,13,1,75,113,2,3,1,3,"137, BOULEVARD DE L HOPI",0.0,0.0
201500053088,11,4,15,18,1,75,113,2,2,2,6,"47, RUE DU CHATEAU DES R",0.0,0.0
201500053089,11,4,15,21,5,75,113,2,3,1,7,"101, RUE DE TOLBIAC",0.0,0.0
201500053090,12,4,15,14,1,75,113,2,2,1,6,"29, RUE BOUSSINGAULT",0.0,0.0
201500053091,14,4,15,15,1,75,113,2,2,1,6,"80, BOULEVARD AUGUSTE BL",0.0,0.0
201500053092,14,4,15,17,1,75,113,2,2,1,3,"172, BOULEVARD VINCENT A",0.0,0.0
201500053093,14,4,15,18,1,75,113,2,2,1,3,"39, BOULEVARD DE PORT RO",0.0,0.0
201500053094,16,4,15,8,1,75,113,2,5,1,6,"122, RUE DE TOLBIAC",0.0,0.0
201500053095,18,4,15,6,2,75,113,2,3,1,2,"25, AVENUE D ITALIE",0.0,0.0
201500053096,18,4,15,14,1,75,113,2,5,1,6,"7, BOULEVARD DU GENERAL",0.0,0.0
201500053097,20,4,15,17,1,75,113,2,1,1,6,"27, RUE DE L ESPERANCE",0.0,0.0
201500053098,21,4,15,21,5,75,105,2,2,1,1,"52, RUE DES ECOLES",0.0,0.0
201500053099,22,4,15,18,1,75,113,2,2,1,7,"81, BOULEVARD VINCENT AU",0.0,0.0
201500053100,22,4,15,22,5,75,113,2,1,1,1,"50, AVENUE D ITALIE",0.0,0.0
201500053101,24,4,15,0,5,75,113,2,2,1,6,"76, BOULEVARD AUGUSTE BL",0.0,0.0
201500053102,24,4,15,10,1,75,113,2,2,1,6,AVENUE D ITALIE,0.0,0.0
201500053103,24,4,15,11,1,75,113,2,4,1,3,"83, BOULEVARD DE L HOPIT",0.0,0.0
201500053104,26,4,15,2,5,75,113,2,2,1,6,"9, RUE NEUVE TOLBIAC",0.0,0.0
201500053105,27,4,15,5,5,75,113,2,3,2,6,BOULEVARD KELLERMANN,0.0,0.0
201500053106,27,4,15,8,1,75,113,2,1,1,6,AVENUE CLAUDE REGAUD,0.0,0.0
201500053107,28,4,15,16,1,75,113,2,2,1,2,AVENUE D ITALIE,0.0,0.0
201500053108,2,5,15,22,5,75,113,2,1,2,7,"141, BOULEVARD VINCENT A",0.0,0.0
201500053109,3,5,15,21,5,75,113,2,1,1,2,"3, AVENUE D ITALIE",0.0,0.0
201500053110,4,5,15,16,1,75,113,2,7,2,3,PLACE D ITALIE,0.0,0.0
201500053111,4,5,15,16,1,75,113,2,5,3,3,"1, QUAI D IVRY",0.0,0.0
201500053112,6,5,15,20,1,75,113,2,3,2,3,"55, RUE DU DESSOUS DES B",0.0,0.0
201500053113,7,5,15,21,5,75,113,2,3,1,3,"134, AVENUE D ITALIE",0.0,0.0
201500053114,9,5,15,4,5,75,113,2,1,1,5,"34, QUAI D AUSTERLITZ",0.0,0.0
201500053115,10,5,15,1,5,75,113,2,5,1,3,"85, QUAI DE LA GARE",0.0,0.0
201500053116,10,5,15,17,1,75,113,2,4,1,3,"27, AVENUE DE LA PORTE D",0.0,0.0
201500053117,11,5,15,9,2,75,113,2,3,1,6,"47, BOULEVARD DE PORT RO",0.0,0.0
201500053118,11,5,15,10,1,75,113,2,1,1,6,"3, RUE LACHELIER",0.0,0.0
201500053119,11,5,15,10,1,75,113,2,3,1,6,AVENUE D IVRY,0.0,0.0
201500053120,11,5,15,18,1,75,113,2,1,1,2,"160, RUE JEANNE D ARC",0.0,0.0
201500053121,12,5,15,9,1,75,113,2,1,1,6,"48, AVENUE DE LA PORTE D",0.0,0.0
201500053122,12,5,15,8,1,75,113,2,1,1,3,"26, BOULEVARD AUGUSTE BL",0.0,0.0
201500053123,12,5,15,23,5,75,113,2,1,1,7,"50, BOULEVARD AUGUSTE BL",0.0,0.0
201500053124,13,5,15,8,1,75,113,2,1,1,6,"153, BOULEVARD DE L HOPI",0.0,0.0
201500053125,15,5,15,11,1,75,113,2,3,1,6,"123, AVENUE DE CHOISY",0.0,0.0
201500053126,16,5,15,17,1,75,113,2,3,1,6,BOULEVARD KELLERMANN,0.0,0.0
201500053127,17,5,15,15,1,75,113,2,5,1,3,QUAI D AUSTERLITZ,0.0,0.0
201500053128,18,5,15,0,5,75,113,2,4,1,6,QUAI D IVRY,0.0,0.0
201500053129,20,5,15,18,1,75,113,2,2,1,3,"53 BIS, BOULEVARD ARAGO",0.0,0.0
201500053130,20,5,15,17,1,75,113,2,1,8,6,"158, BOULEVARD MASSENA",0.0,0.0
201500053131,24,5,15,14,1,75,113,2,3,1,3,"17, RUE DE TOLBIAC",0.0,0.0
201500053132,25,5,15,10,1,75,113,2,1,1,2,"87, QUAI DE LA GARE",0.0,0.0
201500053133,25,5,15,13,1,75,113,2,3,2,6,"110, BOULEVARD MASSENA",0.0,0.0
201500053134,25,5,15,5,2,75,113,2,1,2,6,"13, RUE DU MOULIN DE LA",0.0,0.0
201500053135,27,5,15,9,1,75,113,2,1,1,3,"38, BOULEVARD VINCENT AU",0.0,0.0
201500053136,27,5,15,10,1,75,113,2,3,1,3,"8, QUAI D IVRY",0.0,0.0
201500053137,27,5,15,19,1,75,113,2,1,1,5,"20, AVENUE D ITALIE",0.0,0.0
201500053138,28,5,15,11,1,75,113,2,7,1,6,"11, PLACE D ITALIE",0.0,0.0
201500053139,29,5,15,20,1,75,113,2,1,1,2,"164, BOULEVARD MASSENA",0.0,0.0
201500053140,30,5,15,23,5,75,113,2,1,1,3,"50, AVENUE PIERRE MENDES",0.0,0.0
201500053141,31,5,15,12,1,75,113,2,2,3,6,"154, AVENUE D ITALIE",0.0,0.0
201500053142,2,6,15,8,1,75,105,2,1,1,6,"32, BOULEVARD SAINT MARC",0.0,0.0
201500053143,2,6,15,13,1,75,113,2,1,1,6,"27, RUE MARIE ANDREE LAG",0.0,0.0
201500053144,2,6,15,15,1,75,113,2,3,1,6,"17, RUE DE TOLBIAC",0.0,0.0
201500053145,5,6,15,11,1,75,113,2,3,1,3,"153, AVENUE D ITALIE",0.0,0.0
201500053146,6,6,15,0,5,75,113,2,5,1,3,RUE DE L INTERNE LOEB,0.0,0.0
201500053147,6,6,15,14,1,75,113,2,1,1,6,"13, AVENUE D ITALIE",0.0,0.0
201500053148,6,6,15,15,1,75,113,2,1,1,3,"142, BOULEVARD VINCENT A",0.0,0.0
201500053149,8,6,15,8,1,75,113,2,7,1,3,AVENUE DE LA PORTE D ITA,0.0,0.0
201500053150,8,6,15,20,2,75,113,2,2,1,6,BOULEVARD AUGUSTE BLANQU,0.0,0.0
201500053151,9,6,15,8,1,75,113,2,1,1,3,AVENUE D ITALIE,0.0,0.0
201500053152,11,6,15,20,1,75,113,2,3,1,3,"83, BOULEVARD DE L HOPIT",0.0,0.0
201500053153,12,6,15,13,1,75,113,2,2,1,6,"53, RUE DUNOIS",0.0,0.0
201500053154,12,6,15,20,1,75,113,2,3,1,3,"77, QUAI PANHARD ET LEVA",0.0,0.0
201500053155,13,6,15,0,5,75,113,2,3,1,6,"33, BOULEVARD KELLERMANN",0.0,0.0
201500053156,14,6,15,1,5,75,113,2,1,1,6,"33, BOULEVARD KELLERMANN",0.0,0.0
201500053157,16,6,15,17,1,75,113,2,2,1,6,"33, RUE DE TOLBIAC",0.0,0.0
201500053158,17,6,15,6,1,75,113,2,3,1,3,"46, BOULEVARD MASSENA",0.0,0.0
201500053159,18,6,15,16,1,75,113,2,3,1,6,"27, RUE DE LA VISTULE",0.0,0.0
201500053160,18,6,15,16,1,75,113,2,3,1,3,AVENUE DE LA PORTE D IVR,0.0,0.0
201500053161,19,6,15,19,1,75,107,2,1,1,2,"284, BOULEVARD SAINT GER",0.0,0.0
201500053162,20,6,15,11,1,75,113,2,3,1,2,"60, RUE DE TOLBIAC",0.0,0.0
201500053163,23,6,15,2,5,75,113,2,2,1,2,"32, RUE NEUVE TOLBIAC",0.0,0.0
201500053164,25,6,15,3,5,75,113,2,2,1,7,"42, RUE DE TOLBIAC",0.0,0.0
201500053165,26,6,15,0,5,75,113,2,1,1,3,"69, RUE DE LA GLACIERE",0.0,0.0
201500053166,26,6,15,18,1,75,113,2,1,1,6,"152, AVENUE D ITALIE",0.0,0.0
201500053167,27,6,15,2,4,75,105,2,1,1,3,"22, AVENUE DES GOBELINS",0.0,0.0
201500053168,27,6,15,19,1,75,113,2,2,1,3,"113, BOULEVARD MASSENA",0.0,0.0
201500053169,29,6,15,9,1,75,113,2,1,1,6,"2, AVENUE GENERAL DE GAU",0.0,0.0
201500053170,1,7,15,8,1,75,113,2,1,1,6,"118, RUE DE TOLBIAC",0.0,0.0
201500053171,1,7,15,11,1,75,113,2,7,1,6,"1, RUE CHARLES FOURIER",0.0,0.0
201500053172,1,7,15,15,1,75,113,2,1,1,3,"83, BOULEVARD DE L HOPIT",0.0,0.0
201500053173,3,7,15,15,1,75,113,2,7,1,3,"1, PLACE VALHUBERT",0.0,0.0
201500053174,4,7,15,23,5,75,113,2,2,1,6,"122, BOULEVARD MASSENA",0.0,0.0
201500053175,5,7,15,22,5,75,113,2,2,1,3,"55, BOULEVARD MASSENA",0.0,0.0
201500053176,6,7,15,19,1,75,113,2,1,1,2,"35, BOULEVARD DU GENERAL",0.0,0.0
201500053177,8,7,15,12,1,75,113,2,5,1,3,"47, RUE DE TOLBIAC",0.0,0.0
201500053178,10,7,15,7,1,75,113,2,4,1,2,"2, RUE BERBIER DU METS",0.0,0.0
201500053179,11,7,15,15,1,75,113,2,1,1,2,QUAI PANHARD ET LEVASSOR,0.0,0.0
201500053180,12,7,15,2,5,75,113,2,7,1,2,"2, AVENUE D ITALIE",0.0,0.0
201500053181,12,7,15,20,1,75,113,2,2,1,6,"73, AVENUE DES GOBELINS",0.0,0.0
201500053182,15,7,15,12,1,75,113,2,1,1,2,"114, AVENUE D ITALIE",0.0,0.0
201500053183,15,7,15,21,1,75,113,2,4,1,6,AVENUE DE LA PORTE D IVR,0.0,0.0
201500053184,17,7,15,9,1,75,113,2,2,1,3,BOULEVARD ARAGO,0.0,0.0
201500053185,20,7,15,8,1,75,113,2,5,1,3,"163, AVENUE D ITALIE",0.0,0.0
201500053186,20,7,15,18,1,75,113,2,3,1,3,BOULEVARD DU GENERAL JEA,0.0,0.0
201500053187,21,7,15,18,1,75,113,2,3,1,6,"05, BOULEVARD ARAGO",0.0,0.0
201500053188,23,7,15,3,5,75,113,2,3,1,6,"56, BOULEVARD AUGUSTE BL",0.0,0.0
201500053189,23,7,15,19,1,75,113,2,3,1,3,"142, AVENUE DE LA PORTE",0.0,0.0
201500053190,24,7,15,16,1,75,113,2,3,2,6,RUE JACQUES DESTREE,0.0,0.0
201500053191,26,7,15,16,1,75,113,2,3,2,3,"7 BIS, BOULEVARD DE L HO",0.0,0.0
201500053192,26,7,15,18,1,75,113,2,3,8,6,"/, RUE CHARLES LEROY",0.0,0.0
201500053193,28,7,15,15,1,75,113,2,1,1,6,"77, RUE DU CHATEAU DES R",0.0,0.0
201500053194,28,7,15,17,1,75,113,2,4,1,6,PORTE D ITALIE,0.0,0.0
201500053195,29,7,15,8,1,75,113,2,2,1,3,"2, QUAI D AUSTERLITZ",0.0,0.0
201500053196,30,7,15,16,1,75,113,2,3,1,3,"127, RUE DE TOLBIAC",0.0,0.0
201500053197,31,7,15,14,1,75,113,2,4,1,2,"68, RUE NATIONALE",0.0,0.0
201500053198,1,8,15,2,5,75,113,2,1,1,6,"105 BIS, RUE DE TOLBIAC",0.0,0.0
201500053199,2,8,15,0,5,75,113,2,2,1,6,"/, RUE NEUVE TOLBIAC",0.0,0.0
201500053200,2,8,15,14,1,75,113,2,1,1,6,"25, QUAI PANHARD ET LEVA",0.0,0.0
201500053201,2,8,15,16,1,75,113,2,1,1,4,"1, AVENUE DE LA PORTE D",0.0,0.0
201500053202,3,8,15,17,1,75,113,2,2,1,3,AVENUE DE LA PORTE DE CH,0.0,0.0
201500053203,3,8,15,19,1,75,113,2,1,1,2,BOULEVARD PERIPHERIQUE E,0.0,0.0
201500053204,5,8,15,15,1,75,113,2,3,1,6,"35, BOULEVARD SAINT MARC",0.0,0.0
201500053205,6,8,15,9,1,75,113,2,4,1,3,"104, BOULEVARD DE L HOPI",0.0,0.0
201500053206,6,8,15,21,2,75,113,2,1,1,6,"43 ter, RUE DE LA GLACIE",0.0,0.0
201500053207,7,8,15,19,1,75,113,2,3,1,6,"51, RUE DE CROULEBARBE",0.0,0.0
201500053208,7,8,15,23,5,75,113,2,5,1,6,RUE DE LA GLACIERE,0.0,0.0
201500053209,8,8,15,19,1,75,113,2,3,1,3,"44, AVENUE D ITALIE",0.0,0.0
201500053210,8,8,15,22,5,75,113,2,1,1,4,PONT DE TOLBIAC,0.0,0.0
201500053211,11,8,15,16,1,75,113,2,1,1,6,"8, RUE DE JULIENNE",0.0,0.0
201500053212,11,8,15,18,1,75,113,2,1,1,2,"45, BOULEVARD KELLERMANN",0.0,0.0
201500053213,12,8,15,7,1,75,113,2,2,1,3,"20, RUE MAX JACOB",0.0,0.0
201500053214,12,8,15,15,1,75,113,2,2,1,3,"49, BOULEVARD MASSENA",0.0,0.0
201500053215,13,8,15,8,1,75,113,2,4,1,3,"83, BOULEVARD DE L HOPIT",0.0,0.0
201500053216,14,8,15,15,1,75,113,2,4,1,2,"85, BOULEVARD DE L HOPIT",0.0,0.0
201500053217,15,8,15,2,5,75,113,2,3,2,3,"07, QUAI D AUSTERLITZ",0.0,0.0
201500053218,15,8,15,16,1,75,113,2,3,1,6,"108, RUE NATIONALE",0.0,0.0
201500053219,17,8,15,17,1,75,113,2,2,1,3,QUAI D AUSTERLITZ,0.0,0.0
201500053220,18,8,15,1,5,75,113,2,4,1,6,AVENUE PIERRE DE COUBERT,0.0,0.0
201500053221,20,8,15,10,1,75,114,2,2,3,2,"20, RUE DE LA CITE UNIVE",0.0,0.0
201500053222,22,8,15,12,1,75,113,2,3,1,3,BOULEVARD KELLERMANN,0.0,0.0
201500053223,22,8,15,20,2,75,113,2,2,1,2,"173, RUE DE TOLBIAC",0.0,0.0
201500053224,23,8,15,18,1,75,113,2,3,1,3,"46, RUE DES GOBELINS",0.0,0.0
201500053225,25,8,15,16,1,75,113,2,3,2,3,"106, RUE NATIONALE",0.0,0.0
201500053226,26,8,15,9,1,75,113,2,5,1,3,"99, BOULEVARD AUGUSTE BL",0.0,0.0
201500053227,26,8,15,16,1,75,113,2,7,1,6,"13, PLACE DE RUNGIS",0.0,0.0
201500053228,27,8,15,15,1,75,113,2,1,3,3,"203, BOULEVARD VINCENT A",0.0,0.0
201500053229,27,8,15,20,5,75,113,2,7,3,5,BOULEVARD KELLERMANN,0.0,0.0
201500053230,28,8,15,12,1,75,113,2,5,1,6,"74, BOULEVARD MASSENA",0.0,0.0
201500053231,28,8,15,19,1,75,113,2,1,1,6,"19, RUE TAGORE",0.0,0.0
201500053232,29,8,15,12,1,75,113,2,2,1,6,"7, BOULEVARD DE L HOPITA",0.0,0.0
201500053233,30,8,15,16,1,75,113,2,1,1,2,QUAI FRANCOIS MAURIAC,0.0,0.0
201500053234,31,8,15,18,1,75,113,2,1,1,3,"31, BOULEVARD AUGUSTE BL",0.0,0.0
201500053235,1,9,15,5,2,75,113,2,3,2,2,"25, AVENUE D ITALIE",0.0,0.0
201500053236,2,9,15,0,5,75,113,2,1,1,6,"87, BOULEVARD AUGUSTE BL",0.0,0.0
201500053237,6,9,15,16,1,75,113,2,4,1,3,"55, BOULEVARD SAINT MARC",0.0,0.0
201500053238,7,9,15,11,1,75,113,2,5,1,7,"15, BOULEVARD MASSENA",0.0,0.0
201500053239,8,9,15,9,1,75,113,2,7,8,6,"1, BOULEVARD DE L HOPITA",0.0,0.0
201500053240,9,9,15,7,1,75,113,2,5,1,3,PONT CHARLES DE GAULLE,0.0,0.0
201500053241,9,9,15,13,1,75,113,2,2,1,6,"31, RUE DE TOLBIAC",0.0,0.0
201500053242,9,9,15,16,1,75,113,2,2,1,7,"104, BOULEVARD AUGUSTE B",0.0,0.0
201500053243,9,9,15,16,1,75,113,2,2,1,3,RUE NEUVE TOLBIAC,0.0,0.0
201500053244,9,9,15,19,1,75,113,2,1,1,6,RUE JEANNE D ARC,0.0,0.0
201500053245,9,9,15,18,1,75,113,2,5,7,6,"58, RUE DE TOLBIAC",0.0,0.0
201500053246,10,9,15,8,1,75,113,2,5,7,6,"29, AVENUE DE LA PORTE D",0.0,0.0
201500053247,10,9,15,11,1,75,113,2,5,1,4,"62, BOULEVARD VINCENT AU",0.0,0.0
201500053248,11,9,15,17,1,75,113,2,7,1,3,"1, BOULEVARD DE L HOPITA",0.0,0.0
201500053249,12,9,15,1,5,75,113,2,7,1,3,"84, QUAI D AUSTERLITZ",0.0,0.0
201500053250,15,9,15,13,1,75,113,2,2,1,6,"146, BOULEVARD DE L HOPI",0.0,0.0
201500053251,15,9,15,19,1,75,113,2,2,1,6,"203, BOULEVARD VINCENT A",0.0,0.0
201500053252,16,9,15,1,5,75,113,2,1,3,6,"150, AVENUE D ITALIE",0.0,0.0
201500053253,16,9,15,8,1,75,113,2,1,3,7,BOULEVARD PERIPHERIQUE E,0.0,0.0
201500053254,16,9,15,18,1,75,113,2,3,1,7,"83, QUAI DE LA GARE",0.0,0.0
201500053255,17,9,15,18,1,75,113,2,2,1,3,"2, BOULEVARD VINCENT AUR",0.0,0.0
201500053256,18,9,15,11,1,75,113,2,1,1,6,"47, BOULEVARD SAINT MARC",0.0,0.0
201500053257,20,9,15,4,5,75,113,2,3,1,6,"65, BOULEVARD KELLERMANN",0.0,0.0
201500053258,21,9,15,8,1,75,113,2,2,1,6,"63, BOULEVARD KELLERMANN",0.0,0.0
201500053259,27,9,15,6,2,75,113,2,7,1,2,PLACE D ITALIE,0.0,0.0
201500053260,27,9,15,9,1,75,113,2,4,1,2,"47, BOULEVARD DE L HOPIT",0.0,0.0
201500053261,27,9,15,16,1,75,113,2,3,1,6,RUE DE LA POTERNE DES PE,0.0,0.0
201500053262,28,9,15,19,5,75,113,2,3,1,3,"199, AVENUE DE CHOISY",0.0,0.0
201500053263,28,9,15,20,5,75,113,2,3,1,3,AVENUE DE FRANCE,0.0,0.0
201500053264,30,9,15,11,1,75,113,2,1,1,6,"125, BOULEVARD VINCENT A",0.0,0.0
201500053265,2,10,15,18,1,75,113,2,3,1,6,"105, AVENUE DE CHOISY",0.0,0.0
201500053266,3,10,15,4,3,75,113,2,1,1,6,QUAI D AUSTERLITZ,0.0,0.0
201500053267,30,9,15,19,5,75,113,2,1,1,6,"28, RUE DE TOLBIAC",0.0,0.0
201500053268,4,10,15,6,5,75,113,2,1,1,4,"76, BOULEVARD VINCENT AU",0.0,0.0
201500053269,4,10,15,18,1,75,113,2,1,1,6,"40, RUE DE TOLBIAC",0.0,0.0
201500053270,4,10,15,22,5,75,113,2,2,1,3,BOULEVARD MASSENA,0.0,0.0
201500053271,5,10,15,15,1,75,105,2,1,3,6,"72, BOULEVARD DE PORT RO",0.0,0.0
201500053272,5,10,15,20,5,75,113,2,4,8,3,BOULEVARD PERIPHERIQUE,0.0,0.0
201500053273,7,10,15,18,1,75,113,2,2,1,6,"62, BOULEVARD VINCENT AU",0.0,0.0
201500053274,9,10,15,13,1,75,113,2,5,1,7,RUE DE TOLBIAC,0.0,0.0
201500053275,9,10,15,18,1,75,113,2,1,1,1,"94, AVENUE DE FRANCE",0.0,0.0
201500053276,9,10,15,19,5,75,113,2,1,1,6,"22, RUE LOUISE WEISS",0.0,0.0
201500053277,10,10,15,1,5,75,113,2,1,1,2,"23, AVENUE DE CHOISY",0.0,0.0
201500053278,10,10,15,1,5,75,113,2,5,1,6,RUE DE TOLBIAC,0.0,0.0
201500053279,11,10,15,3,5,75,113,2,2,1,6,"84, QUAI D AUSTERLITZ",0.0,0.0
201500053280,11,10,15,21,5,75,113,2,1,1,7,"26, RUE NEUVE TOLBIAC",0.0,0.0
201500053281,14,10,15,0,5,75,113,2,2,1,6,RUE DE TOLBIAC,0.0,0.0
201500053282,14,10,15,12,1,75,113,2,7,1,1,RUE JEANNE D ARC,0.0,0.0
201500053283,14,10,15,20,5,75,113,2,1,2,6,BOULEVARD ARAGO,0.0,0.0
201500053284,15,10,15,6,5,75,113,2,2,1,6,"46, BOULEVARD MASSENA",0.0,0.0
201500053285,16,10,15,15,1,75,113,2,1,8,3,"175 bis, RUE DE TOLBIAC",0.0,0.0
201500053286,17,10,15,5,5,75,113,2,2,2,3,AVENUE DE LA PORTE D ITA,0.0,0.0
201500053287,17,10,15,17,1,75,113,2,3,2,3,"1, QUAI D IVRY",0.0,0.0
201500053288,18,10,15,16,1,75,113,2,3,1,6,QUAI PANHARD ET LEVASSOR,0.0,0.0
201500053289,19,10,15,10,1,75,113,2,1,1,6,"12, RUE DE LA GLACIERE",0.0,0.0
201500053290,20,10,15,19,5,75,113,2,2,1,6,"171, RUE DE TOLBIAC",0.0,0.0
201500053291,21,10,15,20,5,75,113,2,3,1,6,"40, AVENUE D IVRY",0.0,0.0
201500053292,22,10,15,1,5,75,113,2,2,2,7,"10, RUE DE TOLBIAC",0.0,0.0
201500053293,22,10,15,11,1,75,113,2,2,2,7,"129, BOULEVARD MASSENA",0.0,0.0
201500053294,22,10,15,12,1,75,113,2,1,1,6,"83, BOULEVARD DE L HOPIT",0.0,0.0
201500053295,22,10,15,16,1,75,113,2,5,1,3,PONT CHARLES DE GAULLE,0.0,0.0
201500053296,22,10,15,19,5,75,113,2,3,2,6,"93, BOULEVARD DE PORT RO",0.0,0.0
201500053297,23,10,15,13,1,75,113,2,2,1,6,RUE DE LA GLACIERE,0.0,0.0
201500053298,24,10,15,7,5,75,113,2,3,1,6,QUAI PANHARD ET LEVASSOR,0.0,0.0
201500053299,27,10,15,16,1,75,113,2,3,1,7,"/, QUAI PANHARD ET LEVAS",0.0,0.0
201500053300,28,10,15,7,1,75,113,2,3,2,2,"50, AVENUE PIERRE MENDES",0.0,0.0
201500053301,28,10,15,15,1,75,113,2,4,1,3,"80, BOULEVARD DE L HOPIT",0.0,0.0
201500053302,29,10,15,7,2,75,113,2,1,1,6,"100, BOULEVARD MASSENA",0.0,0.0
201500053303,30,10,15,10,1,75,113,2,1,1,6,"21, BOULEVARD SAINT MARC",0.0,0.0
201500053304,30,10,15,14,1,75,113,2,3,1,2,"50, QUAI D AUSTERLITZ",0.0,0.0
201500053305,30,10,15,16,1,75,105,2,1,1,6,"24, BOULEVARD DE L HOPIT",0.0,0.0
201500053306,30,10,15,18,5,75,113,2,2,1,6,"1, AVENUE PIERRE DE COUB",0.0,0.0