Num_Acc,jour,mois,an,hr,condition_eclairage,departement,commune,condition_agglomeration,intersection,condition_atmosphere,type_collision,adresse,lattitude,longitude
201500053307,2,11,15,15,1,75,113,2,5,1,6,"96, RUE DE TOLBIAC",0.0,0.0
201500053308,2,11,15,17,1,75,113,2,1,1,6,BOULEVARD MASSENA,0.0,0.0
201500053309,2,11,15,19,5,75,113,2,5,1,3,"0, QUAI D AUSTERLITZ",0.0,0.0
201500053310,3,11,15,9,1,75,113,2,1,2,4,"0, BOULEVARD PERIPHERIQU",0.0,0.0
201500053311,3,11,15,14,1,75,113,2,2,1,6,"80, RUE DE TOLBIAC",0.0,0.0
201500053312,4,11,15,1,5,75,113,2,4,2,6,"11, RUE DU DOCTEUR LERAY",0.0,0.0
201500053313,4,11,15,9,1,75,113,2,7,2,7,"36, RUE BOBILLOT",0.0,0.0
201500053314,4,11,15,19,5,75,113,2,2,1,3,"27, RUE THOMAS MANN",0.0,0.0
201500053315,5,11,15,12,1,75,113,2,2,1,6,"29, AVENUE DE LA PORTE D",0.0,0.0
201500053316,6,11,15,11,1,75,113,2,5,1,2,"21, RUE WATT",0.0,0.0
201500053317,6,11,15,15,1,75,113,2,5,2,6,"247, RUE DE TOLBIAC",0.0,0.0
201500053318,9,11,15,9,1,75,113,2,1,1,6,"70, AVENUE DES GOBELINS",0.0,0.0
201500053319,12,11,15,13,1,75,113,2,4,1,3,"50, BOULEVARD DE L HOPIT",0.0,0.0
201500053320,13,11,15,14,1,75,113,2,2,1,6,AVENUE D ITALIE,0.0,0.0
201500053321,14,11,15,11,1,75,113,2,2,1,3,"37, AVENUE DES GOBELINS",0.0,0.0
201500053322,16,11,15,20,5,75,113,2,1,2,7,"57, AVENUE DES GOBELINS",0.0,0.0
201500053323,17,11,15,19,5,75,113,2,1,2,7,"100, BOULEVARD MASSENA",0.0,0.0
201500053324,18,11,15,9,1,75,113,2,2,1,6,BOULEVARD AUGUSTE BLANQU,0.0,0.0
201500053325,18,11,15,18,5,75,113,2,3,1,6,"18, RUE RAYMOND ARON",0.0,0.0
201500053326,19,11,15,19,5,75,113,2,2,2,6,BOULEVARD ARAGO,0.0,0.0
201500053327,20,11,15,5,5,75,113,2,2,3,3,PORTE D ITALIE,0.0,0.0
201500053328,21,11,15,3,5,75,113,2,1,2,6,"56, BOULEVARD AUGUSTE BL",0.0,0.0
201500053329,21,11,15,15,1,75,113,2,5,3,6,"207, RUE DE TOLBIAC",0.0,0.0
201500053330,22,11,15,1,5,75,113,2,1,1,6,"52, AVENUE D IVRY",0.0,0.0
201500053331,23,11,15,6,5,75,113,2,1,1,5,"47, QUAI FRANCOIS MAURIA",0.0,0.0
201500053332,23,11,15,8,1,75,113,2,3,1,7,"20, RUE NATIONALE",0.0,0.0
201500053333,23,11,15,21,3,75,113,2,3,1,6,"157, AVENUE D ITALIE",0.0,0.0
201500053334,24,11,15,8,1,75,113,2,3,1,6,"16, BOULEVARD ARAGO",0.0,0.0
201500053335,27,11,15,14,1,75,113,2,3,1,6,"4, BOULEVARD KELLERMANN",0.0,0.0
201500053336,27,11,15,18,5,75,113,2,3,1,6,"71, BOULEVARD AUGUSTE BL",0.0,0.0
201500053337,27,11,15,18,5,75,113,2,7,1,3,"1, RUE BOBILLOT",0.0,0.0
201500053338,27,11,15,20,5,75,113,2,1,2,3,"47, BOULEVARD DE L HOPIT",0.0,0.0
201500053339,28,11,15,21,5,75,113,2,4,1,2,QUAI D IVRY,0.0,0.0
201500053340,30,11,15,14,1,75,113,2,2,1,3,BOULEVARD DE L HOPITAL,0.0,0.0
201500053341,1,12,15,12,1,75,113,2,3,1,3,AVENUE DES GOBELINS,0.0,0.0
201500053342,3,12,15,10,1,75,113,2,2,1,6,"99, RUE DU DESSOUS DES B",0.0,0.0
201500053343,5,12,15,15,1,75,113,2,3,1,2,"96, BOULEVARD MASSENA",0.0,0.0
201500053344,7,12,15,0,5,75,113,2,7,1,3,"04, PLACE D ITALIE",0.0,0.0
201500053345,8,12,15,6,5,75,113,2,4,1,7,RUE BRUNESEAU,0.0,0.0
201500053346,11,12,15,18,5,75,113,2,3,1,6,"83, BOULEVARD AUGUSTE BL",0.0,0.0
201500053347,15,12,15,18,5,75,113,2,1,2,6,"19, RUE DE LA GLACIERE",0.0,0.0
201500053348,15,12,15,20,5,75,113,2,5,3,6,"160, RUE JEANNE D ARC",0.0,0.0
201500053349,15,12,15,19,5,75,113,2,2,2,3,RUE DU VAL DE MARNE,0.0,0.0
201500053350,16,12,15,13,1,75,113,2,1,1,6,"39, BOULEVARD SAINT MARC",0.0,0.0
201500053351,16,12,15,19,1,75,113,2,1,1,7,RUE PINEL,0.0,0.0
201500053352,17,12,15,10,1,75,113,2,3,1,3,"77, AVENUE DES GOBELINS",0.0,0.0
201500053353,17,12,15,19,5,75,113,2,2,1,6,"16, RUE DU DOCTEUR TUFFI",0.0,0.0
201500053354,18,12,15,16,2,75,113,2,5,2,6,"43, BOULEVARD SAINT MARC",0.0,0.0
201500053355,18,12,15,18,5,75,113,2,2,1,6,BOULEVARD VINCENT AURIOL,0.0,0.0
201500053356,19,12,15,0,5,75,113,2,3,1,6,"11, QUAI FRANCOIS MAURIA",0.0,0.0
201500053357,19,12,15,6,5,75,113,2,2,1,6,"117, AVENUE D ITALIE",0.0,0.0
201500053358,20,12,15,18,5,75,113,2,4,1,6,AVENUE DE LA PORTE D ITA,0.0,0.0
201500053359,21,12,15,20,5,75,113,2,1,1,3,"137, RUE DE LA SANTE",0.0,0.0
201500053360,22,12,15,0,5,75,113,2,4,2,3,AVENUE PIERRE DE COUBERT,0.0,0.0
201500053361,22,12,15,16,1,75,113,2,3,1,6,"72, AVENUE D ITALIE",0.0,0.0
201500053362,23,12,15,12,1,75,113,2,3,1,2,"55, AVENUE DES GOBELINS",0.0,0.0
201500053363,26,12,15,22,5,75,113,2,1,1,3,"11, RUE DE LA VISTULE",0.0,0.0
201500053364,2,1,15,20,5,75,114,2,1,1,6,"67, RUE FROIDEVAUX",0.0,0.0
201500053365,6,1,15,22,5,75,114,2,1,1,2,"07, AVENUE DU GENERAL LE",0.0,0.0
201500053366,8,1,15,8,1,75,114,2,2,1,6,"1, BOULEVARD EDGAR QUINE",0.0,0.0
201500053367,13,1,15,18,5,75,114,2,1,2,6,"68, BOULEVARD DU MONTPAR",0.0,0.0
201500053368,16,1,15,19,5,75,114,2,1,2,6,"276, BOULEVARD RASPAIL",0.0,0.0
201500053369,16,1,15,19,5,75,114,2,5,3,3,"37, BOULEVARD JOURDAN",0.0,0.0
201500053370,17,1,15,14,1,75,114,2,7,1,6,"5, PLACE DU VINGT CINQ A",0.0,0.0
201500053371,18,1,15,17,1,75,114,2,2,1,2,"1, PLACE DU VINGT CINQ A",0.0,0.0
201500053372,20,1,15,23,5,75,114,2,1,1,3,"87, BOULEVARD ARAGO",0.0,0.0
201500053373,21,1,15,8,1,75,114,2,1,1,7,"05, RUE D ODESSA",0.0,0.0
201500053374,24,1,15,19,5,75,114,2,1,1,6,"150, RUE D ALESIA",0.0,0.0
201500053375,25,1,15,10,1,75,114,2,5,1,6,"134, RUE D ALESIA",0.0,0.0
201500053376,27,1,15,14,1,75,114,2,2,1,6,"170, RUE D ALESIA",0.0,0.0
201500053377,27,1,15,14,1,75,114,2,1,1,1,"32, AVENUE DE L OBSERVAT",0.0,0.0
201500053378,28,1,15,15,1,75,114,2,1,2,7,"137, AVENUE DU MAINE",0.0,0.0
201500053379,28,1,15,16,1,75,114,2,1,2,2,"87, BOULEVARD ARAGO",0.0,0.0
201500053380,29,1,15,9,1,75,114,2,4,1,3,BOULEVARD ARAGO,0.0,0.0
201500053381,29,1,15,21,5,75,114,2,2,2,3,"117, BOULEVARD DE PORT R",0.0,0.0
201500053382,29,1,15,8,1,75,114,2,1,1,3,"35, RUE DU COMMANDANT RE",0.0,0.0
201500053383,30,1,15,14,1,75,114,2,2,2,6,"1, PLACE DU VINGT CINQ A",0.0,0.0
201500053384,31,1,15,2,5,75,114,2,1,2,6,"11, BOULEVARD JOURDAN",0.0,0.0
201500053385,31,1,15,17,5,75,114,2,2,8,3,"29, RUE DE L OUEST",0.0,0.0
201500053386,1,2,15,6,5,75,114,2,1,9,6,"33, RUE DU DEPART",0.0,0.0
201500053387,2,2,15,10,1,75,114,2,2,1,3,"117, BOULEVARD DE PORT R",0.0,0.0
201500053388,5,2,15,20,5,75,113,2,1,1,6,AVENUE DE LA PORTE DE VI,0.0,0.0
201500053389,6,2,15,18,5,75,114,2,1,1,3,"36, BOULEVARD EDGAR QUIN",0.0,0.0
201500053390,7,2,15,9,1,75,114,2,2,1,2,"06, RUE FROIDEVAUX",0.0,0.0
201500053391,7,2,15,21,5,75,114,2,2,1,2,"72, RUE DE L AMIRAL MOUC",0.0,0.0
201500053392,11,2,15,7,2,75,114,2,4,1,3,"202, AVENUE DU MAINE",0.0,0.0
201500053393,11,2,15,15,1,75,114,2,3,1,6,"2, RUE EMILE DEUTSCH DE",0.0,0.0
201500053394,11,2,15,12,1,75,114,2,5,1,3,"110, BOULEVARD JOURDAN",0.0,0.0
201500053395,12,2,15,16,1,75,114,2,2,1,3,RUE EMILE DEUTSCH DE LA,0.0,0.0
201500053396,13,2,15,0,5,75,114,2,2,1,3,"93, BOULEVARD JOURDAN",0.0,0.0
201500053397,13,2,15,20,5,75,114,2,5,2,2,"26, RUE MONTBRUN",0.0,0.0
201500053398,16,2,15,19,5,75,114,2,1,1,4,"82, AVENUE DU GENERAL LE",0.0,0.0
201500053399,19,2,15,12,1,75,114,2,1,1,4,"27, RUE DU FAUBOURG SAIN",0.0,0.0
201500053400,19,2,15,11,2,75,114,2,1,1,2,"124, AVENUE DU MAINE",0.0,0.0
201500053401,19,2,15,12,1,75,114,2,2,1,2,"41, AVENUE DU GENERAL LE",0.0,0.0
201500053402,20,2,15,8,1,75,114,2,1,2,6,"24, BOULEVARD JOURDAN",0.0,0.0
201500053403,20,2,15,23,5,75,114,2,2,2,6,"43, AVENUE DU GENERAL LE",0.0,0.0
201500053404,24,2,15,1,5,75,114,2,3,1,6,"187, RUE VERCINGETORIX",0.0,0.0
201500053405,26,2,15,3,5,75,114,2,3,2,6,"154, RUE D ALESIA",0.0,0.0
201500053406,27,2,15,11,1,75,114,2,1,1,3,"168, RUE DU CHATEAU",0.0,0.0
201500053407,27,2,15,14,1,75,114,2,3,1,6,"5, AVENUE DU GENERAL LEC",0.0,0.0
201500053408,28,2,15,14,1,75,114,2,3,1,3,"01, RUE LOUIS MORARD",0.0,0.0
201500053409,3,3,15,18,1,75,113,2,7,2,7,PLACE D ITALIE,0.0,0.0
201500053410,9,3,15,9,1,75,114,2,4,1,4,"232, BOULEVARD RASPAIL",0.0,0.0
201500053411,10,3,15,8,1,75,114,2,2,1,7,"43, AVENUE DU GENERAL LE",0.0,0.0
201500053412,10,3,15,19,5,75,115,2,2,1,3,"2, RUE D ORADOUR SUR GLA",0.0,0.0
201500053413,14,3,15,4,5,75,114,2,1,1,3,"88, AVENUE DENFERT ROCHE",0.0,0.0
201500053414,14,3,15,8,1,75,114,2,5,1,6,"02, BOULEVARD JOURDAN",0.0,0.0
201500053415,19,3,15,2,5,75,114,2,1,1,2,AVENUE DE LA PORTE DE CH,0.0,0.0
201500053416,19,3,15,11,1,75,114,2,2,1,7,"40, RUE DES PLANTES",0.0,0.0
201500053417,23,3,15,19,5,75,114,2,1,1,6,BOULEVARD RASPAIL,0.0,0.0
201500053418,24,3,15,15,1,75,114,2,4,2,7,"141, AVENUE DU MAINE",0.0,0.0
201500053419,26,3,15,21,5,75,114,2,3,1,7,"235, RUE VERCINGETORIX",0.0,0.0
201500053420,31,3,15,9,1,75,114,2,2,2,3,"51, AVENUE DU MAINE",0.0,0.0
201500053421,1,4,15,8,2,75,114,2,2,1,3,"63, BOULEVARD ROMAIN ROL",0.0,0.0
201500053422,2,4,15,13,1,75,114,2,7,2,6,"89, RUE D ALESIA",0.0,0.0
201500053423,2,4,15,18,1,75,114,2,7,2,3,PLACE DENFERT ROCHEREAU,0.0,0.0
201500053424,3,4,15,14,1,75,114,2,4,3,2,"208, AVENUE DU MAINE",0.0,0.0
201500053425,3,4,15,20,5,75,114,2,3,2,6,RUE DIDOT,0.0,0.0
201500053426,4,4,15,6,5,75,114,2,2,2,3,"84, BOULEVARD ARAGO",0.0,0.0
201500053427,7,4,15,14,1,75,114,2,1,1,3,"18, AVENUE MARC SANGNIER",0.0,0.0
201500053428,7,4,15,17,1,75,114,2,2,1,6,"38, RUE DE L OUEST",0.0,0.0
201500053429,8,4,15,11,1,75,114,2,3,1,6,"25, BOULEVARD EDGAR QUIN",0.0,0.0
201500053430,8,4,15,22,5,75,114,2,7,1,3,PLACE DU VINGT CINQ AOUT,0.0,0.0
201500053431,9,4,15,16,1,75,114,2,5,1,6,"2, AVENUE REILLE",0.0,0.0
201500053432,9,4,15,21,5,75,114,2,1,1,6,"216, BOULEVARD RASPAIL",0.0,0.0
201500053433,11,4,15,4,5,75,114,2,3,2,6,"7, RUE FERMAT",0.0,0.0
201500053434,12,4,15,15,1,75,114,2,1,1,3,BOULEVARD PERIPHERIQUE,0.0,0.0
201500053435,14,4,15,17,1,75,113,2,3,1,3,"173, AVENUE DE CHOISY",0.0,0.0
201500053436,15,4,15,10,1,75,114,2,1,1,2,"2, AVENUE DU GENERAL LEC",0.0,0.0
201500053437,16,4,15,12,1,75,114,2,2,1,3,"194, RUE D ALESIA",0.0,0.0
201500053438,16,4,15,19,1,75,114,2,3,1,7,"v-a-v N2, BOULEVARD EDGA",0.0,0.0
201500053439,19,4,15,17,1,75,114,2,1,1,6,"4, AVENUE JEAN MOULIN",0.0,0.0
201500053440,23,4,15,23,5,75,113,2,2,1,3,QUAI FRANCOIS MAURIAC,0.0,0.0
201500053441,24,4,15,9,1,75,114,2,5,1,6,"169, RUE D ALESIA",0.0,0.0
201500053442,24,4,15,14,1,75,114,2,3,1,6,"10, BOULEVARD JOURDAN",0.0,0.0
201500053443,27,4,15,7,1,75,114,2,3,1,2,"53, AVENUE DU GENERAL LE",0.0,0.0
201500053444,28,4,15,21,3,75,114,2,2,1,1,"2, PLACE DE LA PORTE DE",0.0,0.0
201500053445,30,4,15,13,1,75,114,2,1,3,6,"185, AVENUE DU MAINE",0.0,0.0
201500053446,30,4,15,16,1,75,114,2,3,2,3,"164, RUE D ALESIA",0.0,0.0
201500053447,30,4,15,20,1,75,114,2,1,3,7,"7, AVENUE DU GENERAL LEC",0.0,0.0
201500053448,2,5,15,23,5,75,114,2,1,3,6,PORTE DE CHATILLON,0.0,0.0
201500053449,4,5,15,19,1,75,114,2,1,2,3,BOULEVARD PERIPHERIQUE,0.0,0.0
201500053450,6,5,15,12,1,75,114,2,1,1,2,BOULEVARD PERIPHERIQUE,0.0,0.0
201500053451,6,5,15,22,5,75,114,2,2,1,6,"4, RUE HENRY DE BOURNAZE",0.0,0.0
201500053452,9,5,15,10,1,75,114,2,5,1,4,"175, RUE D ALESIA",0.0,0.0
201500053453,9,5,15,17,1,75,114,2,2,1,6,"157, RUE RAYMOND LOSSERA",0.0,0.0
201500053454,11,5,15,8,1,75,114,2,4,1,3,AVENUE RENE COTY,0.0,0.0
201500053455,11,5,15,19,1,75,114,2,3,1,2,"1, RUE DE LA LEGION ETRA",0.0,0.0
201500053456,16,5,15,18,1,75,114,2,3,1,7,"136, AVENUE DU MAINE",0.0,0.0
201500053457,17,5,15,19,1,75,114,2,2,1,3,"108, RUE D ALESIA",0.0,0.0
201500053458,17,5,15,23,5,75,114,2,5,1,3,"142, AVENUE DU GENERAL L",0.0,0.0
201500053459,19,5,15,20,1,75,114,2,3,2,4,"89, AVENUE DU GENERAL LE",0.0,0.0
201500053460,20,5,15,10,1,75,114,2,3,1,2,AVENUE DAVID WEILL,0.0,0.0
201500053461,20,5,15,16,1,75,114,2,1,3,3,"47, BOULEVARD ROMAIN ROL",0.0,0.0
201500053462,21,5,15,17,1,75,114,2,7,1,7,PLACE DENFERT ROCHEREAU,0.0,0.0
201500053463,22,5,15,1,5,75,114,2,7,1,6,"71, AVENUE DU GENERAL LE",0.0,0.0
201500053464,22,5,15,0,5,75,114,2,1,1,6,"194, AVENUE DU MAINE",0.0,0.0
201500053465,23,5,15,1,5,75,114,2,7,1,7,"1, RUE DE LA LEGION ETRA",0.0,0.0
201500053466,27,5,15,10,1,75,114,2,2,1,3,RUE D ALESIA,0.0,0.0
201500053467,29,5,15,17,1,75,114,2,5,1,6,"233, RUE D ALESIA",0.0,0.0
201500053468,29,5,15,19,1,75,114,2,2,1,7,"72, BOULEVARD DU MONTPAR",0.0,0.0
201500053469,30,5,15,3,5,75,114,2,1,2,4,"87, AVENUE DU MAINE",0.0,0.0
201500053470,1,6,15,9,1,75,114,2,3,1,6,RUE WILFRID LAURIER,0.0,0.0
201500053471,1,6,15,16,1,75,114,2,7,1,3,"1, PLACE VICTOR ET HELEN",0.0,0.0
201500053472,2,6,15,19,1,75,114,2,3,1,7,"5, AVENUE DU GENERAL LEC",0.0,0.0
201500053473,3,6,15,20,1,75,114,2,2,1,3,RUE D ALESIA,0.0,0.0
201500053474,5,6,15,8,1,75,114,2,7,1,3,"1, PLACE DENFERT ROCHERE",0.0,0.0
201500053475,5,6,15,13,1,75,114,2,5,1,6,"32, RUE D ALESIA",0.0,0.0
201500053476,6,6,15,18,1,75,114,2,3,1,3,"110, BOULEVARD JOURDAN",0.0,0.0
201500053477,6,6,15,18,1,75,114,2,5,1,1,"143, BOULEVARD ROMAIN RO",0.0,0.0
201500053478,7,6,15,23,3,75,114,2,1,1,6,"154, RUE D ALESIA",0.0,0.0
201500053479,8,6,15,23,5,75,114,2,3,1,6,"51, RUE FROIDEVAUX",0.0,0.0
201500053480,11,6,15,9,1,75,114,2,1,1,3,"226, BOULEVARD RASPAIL",0.0,0.0
201500053481,11,6,15,14,1,75,114,2,1,1,2,"52, AVENUE DU GENERAL LE",0.0,0.0
201500053482,11,6,15,19,1,75,114,2,2,1,6,"79, RUE DU FAUBOURG SAIN",0.0,0.0
201500053483,13,6,15,10,1,75,114,2,5,1,6,"72, RUE DE L AMIRAL MOUC",0.0,0.0
201500053484,13,6,15,11,1,75,114,2,1,1,6,"3, RUE WILFRID LAURIER",0.0,0.0
201500053485,15,6,15,22,5,75,114,2,2,1,3,"74, RUE DIDOT",0.0,0.0
201500053486,20,6,15,4,2,75,105,2,1,1,6,"28, BOULEVARD DE L HOPIT",0.0,0.0
201500053487,28,8,15,13,1,75,106,2,2,1,3,BOULEVARD DU MONTPARNASS,0.0,0.0
201500053488,2,9,15,12,1,75,114,2,3,1,6,"13, RUE DES PLANTES",0.0,0.0
201500053489,3,12,15,0,5,75,114,2,3,1,4,"129, AVENUE PAUL VAILLAN",0.0,0.0
201500053490,7,6,15,7,1,75,114,2,2,1,7,"24, RUE VERCINGETORIX",0.0,0.0
201500053491,16,6,15,8,1,75,114,2,7,1,6,"134, BOULEVARD BRUNE",0.0,0.0
201500053492,16,6,15,10,1,75,114,2,3,1,4,"147, AVENUE DU MAINE",0.0,0.0
201500053493,17,6,15,10,1,75,114,2,1,1,6,"57, RUE RAYMOND LOSSERAN",0.0,0.0
201500053494,17,6,15,20,1,75,114,2,3,1,1,"151, RUE D ALESIA",0.0,0.0
201500053495,17,6,15,19,1,75,105,2,2,1,6,"3, QUAI SAINT MICHEL",0.0,0.0
201500053496,18,6,15,13,1,75,113,2,2,2,6,"64, RUE DU MOULIN DES PR",0.0,0.0
201500053497,18,6,15,16,1,75,114,2,2,1,6,"128, AVENUE DU GENERAL L",0.0,0.0
201500053498,19,6,15,16,1,75,114,2,1,1,4,BOULEVARD PERIPHERIQUE I,0.0,0.0
201500053499,19,6,15,19,1,75,114,2,3,1,2,"164, RUE D ALESIA",0.0,0.0
201500053500,20,6,15,15,1,75,114,2,1,1,7,"7, BOULEVARD JOURDAN",0.0,0.0
201500053501,21,6,15,20,2,75,114,2,1,1,6,"12, RUE DELAMBRE",0.0,0.0
201500053502,24,6,15,14,1,75,114,2,1,1,3,"185, AVENUE DU MAINE",0.0,0.0
201500053503,25,6,15,14,1,75,114,2,1,1,3,"24, BOULEVARD JOURDAN",0.0,0.0
201500053504,26,6,15,16,1,75,114,2,7,1,6,"20, PLACE DENFERT ROCHER",0.0,0.0
201500053505,27,6,15,18,1,75,114,2,1,1,1,"90, BOULEVARD ARAGO",0.0,0.0
201500053506,27,6,15,20,1,75,114,2,2,1,6,"40, AVENUE RENE COTY",0.0,0.0
201500053507,1,7,15,10,1,75,114,2,2,1,6,"108, RUE D ALESIA",0.0,0.0
201500053508,1,7,15,17,1,75,114,2,5,1,3,"108, BOULEVARD DU MONTPA",0.0,0.0
201500053509,2,7,15,11,1,75,114,2,5,1,2,RUE DE LA LEGION ETRANGE,0.0,0.0
201500053510,3,7,15,16,1,75,114,2,1,1,6,"26, AVENUE DE L OBSERVAT",0.0,0.0
201500053511,4,7,15,10,1,75,114,2,5,1,3,"44, RUE D ALESIA",0.0,0.0
201500053512,4,7,15,19,2,75,107,2,3,1,3,"196, RUE DE GRENELLE",0.0,0.0
201500053513,7,7,15,8,1,75,114,2,4,1,6,"261, BOULEVARD RASPAIL",0.0,0.0
201500053514,9,7,15,9,1,75,107,2,2,1,1,PONT ALEXANDRE III,0.0,0.0
201500053515,9,7,15,8,1,75,107,2,2,1,6,"113, RUE DE GRENELLE",0.0,0.0
201500053516,9,7,15,19,1,75,114,2,4,1,3,"261, BOULEVARD RASPAIL",0.0,0.0
201500053517,9,7,15,19,1,75,114,2,5,1,3,"1, RUE DELAMBRE",0.0,0.0
201500053518,13,7,15,3,5,75,114,2,3,1,2,"18, AVENUE DU GENERAL LE",0.0,0.0
201500053519,14,7,15,18,1,75,114,2,1,1,6,"2, RUE EMILE FAGUET",0.0,0.0
201500053520,16,7,15,11,1,75,114,2,1,1,2,BOULEVARD PERIPHERIQUE I,0.0,0.0
201500053521,16,7,15,17,1,75,114,2,3,1,6,AVENUE JEAN MOULIN,0.0,0.0
201500053522,27,7,15,23,5,75,114,2,3,1,6,"13, RUE ALAIN",0.0,0.0
201500053523,28,7,15,12,1,75,114,2,7,1,3,AVENUE DU MAINE,0.0,0.0
201500053524,28,7,15,16,1,75,114,2,7,2,3,"IGNORE, PLACE VICTOR ET",0.0,0.0
201500053525,28,7,15,15,1,75,114,2,1,1,7,"59, AVENUE DU MAINE",0.0,0.0
201500053526,31,7,15,18,1,75,114,2,2,1,2,"07, RUE PAUL FORT",0.0,0.0
201500053527,3,8,15,18,1,75,114,2,7,1,3,"6, PLACE DENFERT ROCHERE",0.0,0.0
201500053528,7,8,15,6,1,75,114,2,2,1,6,"17, RUE GASSENDI",0.0,0.0
201500053529,10,8,15,14,1,75,114,2,2,1,3,"180, AVENUE DU MAINE",0.0,0.0
201500053530,13,8,15,15,1,75,114,2,2,1,7,"2, RUE RAYMOND LOSSERAND",0.0,0.0
201500053531,13,8,15,19,1,75,114,2,7,8,3,"2, AVENUE DU COLONEL HEN",0.0,0.0
201500053532,14,8,15,17,1,75,114,2,5,3,3,AVENUE DE LA PORTE D ORL,0.0,0.0
201500053533,15,8,15,3,5,75,114,2,2,3,6,"108, AVENUE DU MAINE",0.0,0.0
201500053534,21,8,15,7,1,75,114,2,7,1,6,"75, AVENUE DU GENERAL LE",0.0,0.0
201500053535,23,8,15,6,1,75,114,2,5,1,3,BOULEVARD BRUNE,0.0,0.0
201500053536,23,8,15,13,1,75,114,2,5,1,3,AVENUE DE LA PORTE D ORL,0.0,0.0
201500053537,23,8,15,17,1,75,114,2,1,1,3,"68, AVENUE DENFERT ROCHE",0.0,0.0
201500053538,24,8,15,21,5,75,114,2,2,2,6,AVENUE DE LA PORTE DE MO,0.0,0.0
201500053539,25,8,15,6,2,75,114,2,2,1,3,"84, BOULEVARD ARAGO",0.0,0.0
201500053540,27,8,15,18,1,75,114,2,4,2,7,"149, AVENUE DU MAINE",0.0,0.0
201500053541,29,8,15,19,1,75,114,2,7,1,3,"6, BOULEVARD BRUNE",0.0,0.0
201500053542,1,9,15,12,1,75,114,2,3,1,7,"44, AVENUE DU GENERAL LE",0.0,0.0
201500053543,2,9,15,14,1,75,114,2,7,1,3,"03, AVENUE DU COLONEL HE",0.0,0.0
201500053544,3,9,15,16,1,75,114,2,4,1,3,"130, AVENUE DU MAINE",0.0,0.0
201500053545,5,9,15,14,1,75,114,2,1,1,6,"24, BOULEVARD JOURDAN",0.0,0.0
201500053546,5,9,15,17,1,75,114,2,1,1,6,"44, RUE D ALESIA",0.0,0.0
201500053547,7,9,15,8,1,75,114,2,1,1,6,"2, VILLA MODERNE",0.0,0.0
201500053548,7,9,15,17,1,75,114,2,4,1,3,"206, BOULEVARD RASPAIL",0.0,0.0
201500053549,7,9,15,18,2,75,114,2,1,1,4,BOULEVARD PERIPHERIQUE E,0.0,0.0
201500053550,8,9,15,14,1,75,114,2,2,1,3,"168, RUE D ALESIA",0.0,0.0
201500053551,9,9,15,7,1,75,114,2,4,1,2,"132, AVENUE DU MAINE",0.0,0.0
201500053552,9,9,15,12,1,75,114,2,5,1,6,"79, RUE DU FAUBOURG SAIN",0.0,0.0
201500053553,9,9,15,19,1,75,114,2,1,1,3,"10, VILLA D ALESIA",0.0,0.0
201500053554,12,9,15,5,5,75,114,2,2,1,3,"99, AVENUE DU MAINE",0.0,0.0
201500053555,13,9,15,12,1,75,114,2,2,3,2,"132, AVENUE DU GENERAL L",0.0,0.0
201500053556,16,9,15,9,1,75,114,2,3,2,6,"141, RUE D ALESIA",0.0,0.0
201500053557,16,9,15,18,1,75,114,2,1,2,3,"23, AVENUE DU DOCTEUR LA",0.0,0.0
201500053558,18,9,15,5,5,75,114,2,7,1,6,"135, BOULEVARD BRUNE",0.0,0.0
201500053559,19,9,15,2,5,75,114,2,2,1,3,"43, RUE RAYMOND LOSSERAN",0.0,0.0
201500053560,21,9,15,22,5,75,115,2,1,1,2,"104, RUE DE LA CONVENTIO",0.0,0.0
201500053561,22,9,15,16,1,75,114,2,1,1,3,"92, BOULEVARD BRUNE",0.0,0.0
201500053562,23,9,15,8,1,75,114,2,1,1,3,"138, AVENUE DU GENERAL L",0.0,0.0
201500053563,24,9,15,14,1,75,114,2,2,1,3,"11 BIS, RUE D ALESIA",0.0,0.0
201500053564,26,9,15,22,5,75,114,2,1,1,2,BOULEVARD ROMAIN ROLLAND,0.0,0.0
201500053565,27,9,15,10,1,75,114,2,7,1,3,PLACE DENFERT ROCHEREAU,0.0,0.0
201500053566,28,9,15,12,1,75,114,2,2,1,6,AVENUE DE LA PORTE DE CH,0.0,0.0
201500053567,28,9,15,15,1,75,114,2,2,1,3,BOULEVARD ROMAIN ROLLAND,0.0,0.0
201500053568,28,9,15,16,1,75,114,2,1,1,7,"42, AVENUE REILLE",0.0,0.0
201500053569,1,10,15,18,1,75,114,2,2,2,3,"310, RUE DIDOT",0.0,0.0
201500053570,5,10,15,17,1,75,114,2,4,2,6,"254, BOULEVARD RASPAIL",0.0,0.0
201500053571,6,10,15,9,1,75,114,2,1,2,6,"05, RUE MAURICE BOUCHOR",0.0,0.0
201500053572,5,10,15,18,5,75,114,2,1,2,6,"35, RUE DU FAUBOURG SAIN",0.0,0.0
201500053573,6,10,15,14,1,75,114,2,2,1,6,"35, BOULEVARD ROMAIN ROL",0.0,0.0
201500053574,5,10,15,20,5,75,114,2,2,2,6,AVENUE DE LA PORTE DE MO,0.0,0.0
201500053575,6,10,15,15,1,75,106,2,2,2,6,"71, BOULEVARD DU MONTPAR",0.0,0.0
201500053576,7,10,15,13,1,75,114,2,1,1,3,"21, AVENUE DU GENERAL LE",0.0,0.0
201500053577,8,10,15,10,1,75,114,2,4,1,7,"73, AVENUE DU MAINE",0.0,0.0
201500053578,8,10,15,15,1,75,114,2,1,1,6,"62, RUE D ALESIA",0.0,0.0
201500053579,11,10,15,13,1,75,114,2,2,1,3,"59, BOULEVARD SAINT JACQ",0.0,0.0
201500053580,11,10,15,13,1,75,114,2,2,1,2,"10, RUE JULIA BARTET",0.0,0.0
201500053581,12,10,15,11,1,75,107,2,3,1,6,"57, BOULEVARD DES INVALI",0.0,0.0
201500053582,15,10,15,8,1,75,114,2,7,1,6,"97, AVENUE DENFERT ROCHE",0.0,0.0
201500053583,16,10,15,13,1,75,115,2,1,2,6,"175, RUE DE LA CONVENTIO",0.0,0.0
201500053584,16,10,15,12,1,75,114,2,2,2,6,"128, BOULEVARD BRUNE",0.0,0.0