Num_Acc,jour,mois,an,hr,condition_eclairage,departement,commune,condition_agglomeration,intersection,condition_atmosphere,type_collision,adresse,lattitude,longitude
201500053585,16,10,15,16,1,75,114,2,3,8,6,"01, RUE CABANIS",0.0,0.0
201500053586,19,10,15,18,1,75,114,2,7,1,2,"01, RUE FROIDEVAUX",0.0,0.0
201500053587,20,10,15,12,1,75,114,2,2,1,6,"117, BOULEVARD JOURDAN",0.0,0.0
201500053588,21,10,15,8,1,75,114,2,2,1,6,"207, RUE D ALESIA",0.0,0.0
201500053589,22,10,15,1,5,75,114,2,1,2,6,"235, RUE VERCINGETORIX",0.0,0.0
201500053590,28,10,15,13,1,75,114,2,1,1,6,"100, BOULEVARD DU MONTPA",0.0,0.0
201500053591,3,11,15,15,1,75,114,2,4,8,6,"136, AVENUE DU MAINE",0.0,0.0
201500053592,3,11,15,18,5,75,114,2,4,1,3,"147, AVENUE DU MAINE",0.0,0.0
201500053593,4,11,15,10,1,75,114,2,5,2,7,"2, RUE NANSOUTY",0.0,0.0
201500053594,5,11,15,19,5,75,114,2,3,2,3,"40, AVENUE REILLE",0.0,0.0
201500053595,5,11,15,19,5,75,114,2,1,2,6,"57, RUE RAYMOND LOSSERAN",0.0,0.0
201500053596,6,11,15,9,1,75,114,2,2,1,3,"117, BOULEVARD DE PORT R",0.0,0.0
201500053597,10,11,15,11,1,75,114,2,3,1,6,"56, RUE DES PLANTES",0.0,0.0
201500053598,10,11,15,12,1,75,114,2,2,1,3,"23, AVENUE DU GENERAL LE",0.0,0.0
201500053599,14,11,15,10,1,75,114,2,2,1,7,"1, AVENUE PIERRE MASSE",0.0,0.0
201500053600,15,11,15,9,1,75,114,2,1,1,6,"95, BOULEVARD ARAGO",0.0,0.0
201500053601,16,11,15,18,5,75,114,2,4,1,3,"172, AVENUE DU MAINE",0.0,0.0
201500053602,17,11,15,18,2,75,114,2,1,2,2,"141, RUE RAYMOND LOSSERA",0.0,0.0
201500053603,18,11,15,19,5,75,114,2,3,1,2,"71TER, RUE FROIDEVAUX",0.0,0.0
201500053604,20,11,15,16,2,75,114,2,7,3,7,"116, PLACE DENFERT ROCHE",0.0,0.0
201500053605,20,11,15,19,5,75,114,2,2,8,3,BOULEVARD BRUNE,0.0,0.0
201500053606,21,11,15,13,1,75,114,2,3,2,3,"153, RUE D ALESIA",0.0,0.0
201500053607,22,11,15,13,1,75,114,2,6,7,3,PLACE DE CATALOGNE,0.0,0.0
201500053608,23,11,15,17,5,75,114,2,1,1,6,"47, AVENUE RENE COTY",0.0,0.0
201500053609,25,11,15,18,5,75,114,2,7,2,7,PLACE DENFERT ROCHEREAU,0.0,0.0
201500053610,26,11,15,8,1,75,114,2,1,1,6,BOULEVARD ADOLPHE PINARD,0.0,0.0
201500053611,26,11,15,15,1,75,114,2,2,1,3,BOULEVARD BRUNE,0.0,0.0
201500053612,26,11,15,18,5,75,114,2,2,1,2,"44, AVENUE RENE COTY",0.0,0.0
201500053613,29,11,15,18,5,75,114,2,2,1,6,"64, BOULEVARD BRUNE",0.0,0.0
201500053614,1,12,15,19,5,75,114,2,2,1,6,RUE HIPPOLYTE MAINDRON,0.0,0.0
201500053615,2,12,15,14,1,75,114,2,7,1,7,"01, PLACE DU VINGT CINQ",0.0,0.0
201500053616,2,12,15,17,5,75,114,2,1,1,2,BOULEVARD PERIPHERIQUE,0.0,0.0
201500053617,4,12,15,8,1,75,114,2,2,8,3,"1, AVENUE DE LA PORTE DE",0.0,0.0
201500053618,6,12,15,6,5,75,114,2,2,1,6,AVENUE DU GENERAL LECLER,0.0,0.0
201500053619,8,12,15,6,5,75,114,2,1,1,6,"71, RUE DES PLANTES",0.0,0.0
201500053620,8,12,15,17,5,75,114,2,3,6,6,"20, RUE DE LA TOMBE ISSO",0.0,0.0
201500053621,8,12,15,18,2,75,114,2,1,2,2,"33, RUE DE LA TOMBE ISSO",0.0,0.0
201500053622,8,12,15,19,5,75,114,2,7,2,3,"1, AVENUE DU GENERAL LEC",0.0,0.0
201500053623,8,12,15,12,1,75,114,2,2,1,3,RUE D ALESIA,0.0,0.0
201500053624,9,12,15,20,5,75,114,2,1,1,7,"30, AVENUE DU GENERAL LE",0.0,0.0
201500053625,10,12,15,19,2,75,114,2,4,1,3,"21, BOULEVARD ROMAIN ROL",0.0,0.0
201500053626,11,12,15,13,1,75,114,2,2,1,6,"93, RUE RAYMOND LOSSERAN",0.0,0.0
201500053627,11,12,15,16,1,75,114,2,4,1,6,"6, RUE MONTICELLI",0.0,0.0
201500053628,15,12,15,11,1,75,114,2,1,1,7,"1, AVENUE DU DOCTEUR LAN",0.0,0.0
201500053629,16,12,15,17,5,75,115,2,5,1,3,", RUE DE LA CONVENTION",0.0,0.0
201500053630,16,12,15,21,5,75,114,2,2,1,6,PASSAGE TENAILLE,0.0,0.0
201500053631,17,12,15,18,5,75,114,2,7,1,3,PLACE DE CATALOGNE,0.0,0.0
201500053632,18,12,15,15,1,75,115,2,3,1,3,"32, RUE CHAUVELOT",0.0,0.0
201500053633,20,12,15,12,1,75,114,2,4,1,6,"36, BOULEVARD BRUNE",0.0,0.0
201500053634,21,12,15,18,5,75,114,2,7,2,7,AVENUE DE LA PORTE D ORL,0.0,0.0
201500053635,22,12,15,7,2,75,114,2,2,1,6,AVENUE DENFERT ROCHEREAU,0.0,0.0
201500053636,31,12,15,23,5,75,107,2,5,1,6,", QUAI D ORSAY",0.0,0.0
201500053637,8,1,15,7,2,75,115,2,7,1,7,"2, PLACE CAMBRONNE",0.0,0.0
201500053638,8,1,15,12,1,75,115,2,3,2,6,"52, AVENUE FELIX FAURE",0.0,0.0
201500053639,9,1,15,8,5,75,107,2,3,2,7,"3, AVENUE DE SUFFREN",0.0,0.0
201500053640,9,1,15,12,1,75,115,2,3,2,7,RUE DE L ARRIVEE,0.0,0.0
201500053641,10,1,15,18,5,75,115,2,3,2,6,"66, RUE LECOURBE",0.0,0.0
201500053642,14,1,15,15,1,75,115,2,1,1,6,RUE AUGUSTE BARTHOLDI,0.0,0.0
201500053643,16,1,15,18,5,75,115,2,1,2,6,"47, RUE DE DANTZIG",0.0,0.0
201500053644,16,1,15,19,5,75,115,2,4,3,6,"46 bis, BOULEVARD DU MON",0.0,0.0
201500053645,17,1,15,11,1,75,115,2,1,1,6,"86, RUE LECOURBE",0.0,0.0
201500053646,17,1,15,12,1,75,115,2,1,1,3,"43, RUE DU COLONEL PIERR",0.0,0.0
201500053647,20,1,15,10,1,75,115,2,3,1,3,"43, RUE DES ENTREPRENEUR",0.0,0.0
201500053648,21,1,15,7,2,75,115,2,5,1,3,PLACE CHARLES VALLIN,0.0,0.0
201500053649,24,1,15,13,1,75,115,2,2,1,6,"83, BOULEVARD DE GRENELL",0.0,0.0
201500053650,26,1,15,23,5,75,115,2,2,1,2,"27, RUE DE LA CONVENTION",0.0,0.0
201500053651,27,1,15,7,2,75,115,2,3,1,6,PLACE BALARD,0.0,0.0
201500053652,27,1,15,17,1,75,115,2,2,1,6,"54, RUE DE VOUILLE",0.0,0.0
201500053653,29,1,15,11,1,75,115,2,4,2,2,"56, AVENUE DE SUFFREN",0.0,0.0
201500053654,29,1,15,15,1,75,115,2,2,2,3,"55, RUE DU COMMERCE",0.0,0.0
201500053655,30,1,15,19,5,75,115,2,2,1,6,"214, RUE DE LA CONVENTIO",0.0,0.0
201500053656,31,1,15,9,1,75,115,2,1,1,6,"117, AVENUE FELIX FAURE",0.0,0.0
201500053657,1,2,15,18,5,75,115,2,5,1,2,"2, AVENUE DU MAINE",0.0,0.0
201500053658,2,2,15,16,1,75,115,2,2,1,3,RUE LEON LHERMITTE,0.0,0.0
201500053659,3,2,15,6,5,75,115,2,3,1,3,"64, AVENUE DE LA MOTTE P",0.0,0.0
201500053660,4,2,15,0,5,75,115,2,1,1,7,"64, RUE DE LA PROCESSION",0.0,0.0
201500053661,4,2,15,15,1,75,115,2,7,1,6,PLACE BALARD,0.0,0.0
201500053662,6,2,15,17,1,75,115,2,7,1,2,"1, AVENUE DE LA PORTE DE",0.0,0.0
201500053663,6,2,15,22,5,75,115,2,2,1,3,"75, RUE DES MORILLONS",0.0,0.0
201500053664,7,2,15,23,5,75,115,2,1,1,6,"17, RUE PAUL BARRUEL",0.0,0.0
201500053665,10,2,15,18,5,75,115,2,2,1,3,"1, RUE D OUESSANT",0.0,0.0
201500053666,12,2,15,11,1,75,115,2,2,1,3,"1, BOULEVARD GENERAL MAR",0.0,0.0
201500053667,12,2,15,18,5,75,115,2,7,1,6,PLACE D ALLERAY,0.0,0.0
201500053668,13,2,15,7,5,75,115,2,1,1,6,AVENUE FELIX FAURE,0.0,0.0
201500053669,13,2,15,19,5,75,115,2,2,2,6,"175, RUE DE LA CONVENTIO",0.0,0.0
201500053670,16,2,15,8,1,75,115,2,3,1,6,"13, RUE CAMBRONNE",0.0,0.0
201500053671,16,2,15,16,1,75,115,2,2,1,6,"196, RUE DE LA CONVENTIO",0.0,0.0
201500053672,19,2,15,12,1,75,115,2,5,1,3,"58, BOULEVARD LEFEBVRE",0.0,0.0
201500053673,23,2,15,10,1,75,115,2,2,1,6,"45 bis, RUE DE VOUILLE",0.0,0.0
201500053674,23,2,15,17,1,75,115,2,1,1,2,"1, QUAI DE GRENELLE",0.0,0.0
201500053675,25,2,15,10,1,75,115,2,2,2,6,RUE LABROUSTE,0.0,0.0
201500053676,26,2,15,11,1,75,115,2,1,2,6,"103, QUAI BRANLY",0.0,0.0
201500053677,27,2,15,17,1,75,115,2,2,1,2,"44, BOULEVARD GENERAL MA",0.0,0.0
201500053678,1,3,15,2,5,75,115,2,2,2,3,RUE DES VOLONTAIRES,0.0,0.0
201500053679,2,3,15,11,1,75,115,2,1,8,7,"45, RUE CAMBRONNE",0.0,0.0
201500053680,4,3,15,11,1,75,115,2,1,1,6,"12, RUE PECLET",0.0,0.0
201500053681,4,3,15,12,1,75,115,2,3,1,3,"68, AVENUE FELIX FAURE",0.0,0.0
201500053682,5,3,15,1,5,75,115,2,7,1,6,"379, RUE DE VAUGIRARD",0.0,0.0
201500053683,6,3,15,14,1,75,115,2,1,1,6,"170, RUE DE LOURMEL",0.0,0.0
201500053684,6,3,15,15,1,75,115,2,1,1,6,"3, RUE CORBON",0.0,0.0
201500053685,7,3,15,19,5,75,115,2,2,1,6,"21, RUE DE VOUILLE",0.0,0.0
201500053686,8,3,15,18,1,75,115,2,2,1,6,"200, RUE DE LA CONVENTIO",0.0,0.0
201500053687,11,3,15,9,1,75,115,2,4,1,3,"10, RUE DE L ARMORIQUE",0.0,0.0
201500053688,11,3,15,13,1,75,115,2,1,1,2,"99, RUE OLIVIER DE SERRE",0.0,0.0
201500053689,11,3,15,15,1,75,115,2,1,1,3,"13, AVENUE DU MAINE",0.0,0.0
201500053690,12,3,15,16,1,75,115,2,3,1,2,"28, RUE DU LAOS",0.0,0.0
201500053691,13,3,15,13,1,75,115,2,2,1,6,"47, RUE DE LA CONVENTION",0.0,0.0
201500053692,13,3,15,23,5,75,115,2,1,1,6,BOULEVARD GENERAL MARTIA,0.0,0.0
201500053693,14,3,15,13,1,75,115,2,1,1,3,"194, RUE SAINT CHARLES",0.0,0.0
201500053694,15,3,15,1,5,75,115,2,1,2,3,"22, RUE DU DEPART",0.0,0.0
201500053695,16,3,15,14,1,75,115,2,2,1,3,"88, RUE CAMBRONNE",0.0,0.0
201500053696,17,3,15,21,5,75,115,2,5,1,7,"84, RUE CAMBRONNE",0.0,0.0
201500053697,17,3,15,23,5,75,115,2,2,1,7,"347, RUE DE VAUGIRARD",0.0,0.0
201500053698,18,3,15,20,5,75,115,2,1,1,6,"134, BOULEVARD DE GRENEL",0.0,0.0
201500053699,21,3,15,19,5,75,115,2,1,1,6,"16, AVENUE DU MAINE",0.0,0.0
201500053700,22,3,15,13,1,75,115,2,2,1,2,"6, AVENUE ALBERT BARTHOL",0.0,0.0
201500053701,22,3,15,14,1,75,115,2,3,1,2,"167, RUE DE LA CONVENTIO",0.0,0.0
201500053702,25,3,15,12,1,75,115,2,1,1,3,"268, RUE LECOURBE",0.0,0.0
201500053703,25,3,15,21,5,75,115,2,2,1,6,"22, RUE DE VOUILLE",0.0,0.0
201500053704,25,3,15,16,1,75,115,2,2,1,3,RUE DU GENERAL GUILLAUMA,0.0,0.0
201500053705,26,3,15,15,1,75,115,2,3,2,2,"14, AVENUE EMILE ZOLA",0.0,0.0
201500053706,29,3,15,21,5,75,115,2,7,2,6,PLACE CHARLES VALLIN,0.0,0.0
201500053707,29,3,15,23,5,75,115,2,1,2,7,"24, RUE ALAIN CHARTIER",0.0,0.0
201500053708,30,3,15,10,1,75,115,2,3,1,6,"121, RUE DE VAUGIRARD",0.0,0.0
201500053709,2,4,15,4,5,75,115,2,1,2,7,BOULEVARD PASTEUR,0.0,0.0
201500053710,2,4,15,15,1,75,115,2,2,2,6,"96, RUE DE LA PROCESSION",0.0,0.0
201500053711,3,4,15,10,1,75,115,2,2,1,1,"11, RUE DU PROFESSEUR FL",0.0,0.0
201500053712,3,4,15,20,5,75,115,2,7,2,6,"51, RUE DES MORILLONS",0.0,0.0
201500053713,3,4,15,22,5,75,115,2,1,1,6,"17, RUE DE VOUILLE",0.0,0.0
201500053714,6,4,15,21,5,75,115,2,1,1,6,"45, RUE DU THEATRE",0.0,0.0
201500053715,7,4,15,11,1,75,115,2,1,1,3,"49, BOULEVARD DE VAUGIRA",0.0,0.0
201500053716,9,4,15,20,5,75,115,2,3,1,3,"151, RUE SAINT CHARLES",0.0,0.0
201500053717,10,4,15,16,1,75,115,2,2,1,6,AVENUE FELIX FAURE,0.0,0.0
201500053718,13,4,15,12,1,75,115,2,1,1,6,"196, RUE DE LA CONVENTIO",0.0,0.0
201500053719,15,4,15,17,1,75,115,2,2,1,6,"23, RUE LECOURBE",0.0,0.0
201500053720,15,4,15,21,5,75,115,2,1,1,6,"196, RUE DE LA CONVENTIO",0.0,0.0
201500053721,16,4,15,16,1,75,115,2,1,1,7,"2, BOULEVARD GARIBALDI",0.0,0.0
201500053722,18,4,15,11,1,75,115,2,1,1,6,"4, PLACE DE LA PORTE DE",0.0,0.0
201500053723,19,4,15,11,1,75,115,2,2,1,1,"132, RUE BLOMET",0.0,0.0
201500053724,20,4,15,8,1,75,115,2,3,1,3,BOULEVARD LEFEBVRE,0.0,0.0
201500053725,20,4,15,17,1,75,115,2,3,7,6,"13, QUAI ANDRE CITROEN",0.0,0.0
201500053726,22,4,15,14,1,75,115,2,1,7,6,"65, QUAI DE GRENELLE",0.0,0.0
201500053727,27,4,15,8,1,75,115,2,1,1,2,"34, BOULEVARD DE GRENELL",0.0,0.0
201500053728,30,4,15,10,1,75,115,2,2,3,6,"167, BOULEVARD LEFEBVRE",0.0,0.0
201500053729,30,4,15,10,1,75,115,2,2,2,6,"167, BOULEVARD LEFEBVRE",0.0,0.0
201500053730,1,5,15,2,3,75,115,2,7,3,6,PLACE CHARLES VALLIN,0.0,0.0
201500053731,1,5,15,11,1,75,115,2,3,1,6,"12, RUE DU HAMEAU",0.0,0.0
201500053732,5,5,15,12,1,75,115,2,2,1,6,"112, RUE SAINT CHARLES",0.0,0.0
201500053733,7,5,15,17,1,75,115,2,3,1,6,"29, RUE DESAIX",0.0,0.0
201500053734,7,5,15,19,2,75,115,2,4,1,6,"103, RUE DES ENTREPRENEU",0.0,0.0
201500053735,8,5,15,11,1,75,115,2,2,1,6,"17, RUE DUPLEIX",0.0,0.0
201500053736,10,5,15,16,1,75,115,2,3,1,4,"52, RUE CASTAGNARY",0.0,0.0
201500053737,10,5,15,20,2,75,115,2,1,1,3,"49, BOULEVARD VICTOR",0.0,0.0
201500053738,11,5,15,15,1,75,115,2,7,1,6,"10, PLACE DE BRETEUIL",0.0,0.0
201500053739,11,5,15,16,1,75,115,2,7,1,6,BOULEVARD PASTEUR,0.0,0.0
201500053740,11,5,15,17,1,75,115,2,3,1,6,"139, RUE DU THEATRE",0.0,0.0
201500053741,13,5,15,0,5,75,115,2,1,1,2,"1, BOULEVARD GENERAL MAR",0.0,0.0
201500053742,14,5,15,16,1,75,115,2,2,1,4,"1, QUAI ANDRE CITROEN",0.0,0.0
201500053743,16,5,15,17,1,75,115,2,1,1,6,"3, RUE DU COMMERCE",0.0,0.0
201500053744,18,5,15,9,1,75,115,2,1,1,6,"08, RUE CLODION",0.0,0.0
201500053745,19,5,15,15,1,75,115,2,4,2,7,"114, RUE CASTAGNARY",0.0,0.0
201500053746,19,5,15,21,2,75,115,2,3,8,3,"30, BOULEVARD DE VAUGIRA",0.0,0.0
201500053747,20,5,15,8,1,75,115,2,2,1,6,"58, RUE DE LA CONVENTION",0.0,0.0
201500053748,20,5,15,15,1,75,115,2,3,1,3,"27, QUAI DE GRENELLE",0.0,0.0
201500053749,22,5,15,12,1,75,115,2,2,1,6,"316, RUE DE VAUGIRARD",0.0,0.0
201500053750,22,5,15,14,1,75,115,2,1,1,6,"61, RUE SAINT CHARLES",0.0,0.0
201500053751,23,5,15,15,1,75,115,2,1,1,6,"7, RUE DE VOUILLE",0.0,0.0
201500053752,26,5,15,11,1,75,115,2,4,1,6,"55, AVENUE DE SUFFREN",0.0,0.0
201500053753,27,5,15,10,1,75,115,2,1,1,6,"86, RUE DE LA FEDERATION",0.0,0.0
201500053754,27,5,15,14,1,75,115,2,1,1,6,"34, BOULEVARD GARIBALDI",0.0,0.0
201500053755,29,5,15,8,1,75,107,2,1,1,3,"1, AVENUE DUQUESNE",0.0,0.0
201500053756,29,5,15,18,1,75,115,2,3,1,4,"129, RUE DE VAUGIRARD",0.0,0.0
201500053757,29,5,15,18,1,75,115,2,1,1,7,QUAI ANDRE CITROEN,0.0,0.0
201500053758,2,6,15,8,1,75,115,2,1,1,6,"3 bis, RUE FALLEMPIN",0.0,0.0
201500053759,3,6,15,15,1,75,115,2,7,1,6,"90, RUE CAMBRONNE",0.0,0.0
201500053760,3,6,15,19,1,75,107,2,1,1,2,"5, RUE DE BABYLONE",0.0,0.0
201500053761,4,6,15,11,1,75,115,2,1,7,6,"24, RUE LABROUSTE",0.0,0.0
201500053762,11,6,15,10,1,75,115,2,3,1,6,RUE DE VAUGIRARD,0.0,0.0
201500053763,15,6,15,13,1,75,115,2,2,1,2,QUAI D ISSY LES MOULINEA,0.0,0.0
201500053764,19,6,15,15,1,75,115,2,1,1,6,"55, RUE DE LA CONVENTION",0.0,0.0
201500053765,20,6,15,14,1,75,115,2,5,1,3,PORTE BRANCION,0.0,0.0
201500053766,22,6,15,20,1,75,115,2,1,8,7,"64, BOULEVARD GARIBALDI",0.0,0.0
201500053767,4,6,15,21,1,75,115,2,3,1,6,"71, BOULEVARD DE VAUGIRA",0.0,0.0
201500053768,6,6,15,8,1,75,115,2,3,1,2,"176, RUE DE VAUGIRARD",0.0,0.0
201500053769,6,6,15,14,1,75,115,2,2,1,3,"97, RUE DE LOURMEL",0.0,0.0
201500053770,7,6,15,15,1,75,115,2,2,1,6,"68, RUE DE VOUILLE",0.0,0.0
201500053771,9,6,15,12,1,75,115,2,1,1,6,"81, AVENUE DE BRETEUIL",0.0,0.0
201500053772,11,6,15,9,1,75,115,2,5,1,6,"35, RUE VICTOR DURUY",0.0,0.0
201500053773,11,6,15,16,1,75,115,2,4,7,3,QUAI ANDRE CITROEN,0.0,0.0
201500053774,12,6,15,15,1,75,115,2,2,1,6,"2, RUE PETEL",0.0,0.0
201500053775,13,6,15,19,1,75,115,2,2,1,3,"94, BOULEVARD LEFEBVRE",0.0,0.0
201500053776,15,6,15,15,1,75,115,2,2,1,3,"114, RUE SAINT CHARLES",0.0,0.0
201500053777,18,6,15,10,1,75,106,2,2,1,3,"61, BOULEVARD DU MONTPAR",0.0,0.0
201500053778,25,6,15,13,1,75,115,2,2,1,3,BOULEVARD LEFEBVRE,0.0,0.0
201500053779,27,6,15,6,2,75,115,2,1,8,6,"6, PLACE BIENVENUE",0.0,0.0
201500053780,29,6,15,8,1,75,115,2,1,1,6,"29, BOULEVARD VICTOR",0.0,0.0
201500053781,29,6,15,13,1,75,115,2,3,7,3,PONT MIRABEAU,0.0,0.0
201500053782,29,6,15,15,1,75,115,2,2,1,6,"70, AVENUE EMILE ZOLA",0.0,0.0
201500053783,29,6,15,19,1,75,115,2,1,1,6,"68, RUE DUTOT",0.0,0.0
201500053784,29,6,15,19,1,75,115,2,1,1,6,"234, RUE DE LA CONVENTIO",0.0,0.0
201500053785,30,6,15,18,1,75,115,2,5,1,1,"35, AVENUE DE LA PORTE B",0.0,0.0
201500053786,3,7,15,12,1,75,115,2,1,1,6,"164, AVENUE DE SUFFREN",0.0,0.0
201500053787,5,7,15,14,1,75,115,2,1,1,6,"39, QUAI DE GRENELLE",0.0,0.0
201500053788,6,7,15,11,1,75,115,2,1,1,6,"46, RUE D ORADOUR SUR GL",0.0,0.0
201500053789,9,7,15,7,1,75,115,2,5,1,7,"219, RUE DE LA CROIX NIV",0.0,0.0
201500053790,10,7,15,0,5,75,115,2,1,1,6,"47, RUE DE DANTZIG",0.0,0.0
201500053791,11,7,15,14,1,75,115,2,7,1,3,PLACE BALARD,0.0,0.0
201500053792,14,7,15,16,1,75,114,2,5,1,3,BOULEVARD DU MONTPARNASS,0.0,0.0
201500053793,17,7,15,19,1,75,115,2,4,1,2,"40, QUAI ANDRE CITROEN",0.0,0.0
201500053794,19,7,15,1,5,75,115,2,1,3,2,QUAI D ISSY LES MOULINEA,0.0,0.0
201500053795,20,7,15,12,1,75,107,2,3,1,2,"65, BOULEVARD DES INVALI",0.0,0.0
201500053796,26,7,15,15,1,75,115,2,3,2,2,"44, BOULEVARD VICTOR",0.0,0.0
201500053797,29,7,15,20,1,75,115,2,2,1,6,"/, QUAI ANDRE CITROEN",0.0,0.0
201500053798,30,7,15,9,1,75,115,2,2,1,2,"30, BOULEVARD VICTOR",0.0,0.0
201500053799,3,8,15,14,1,75,115,2,3,1,3,QUAI D ISSY LES MOULINEA,0.0,0.0
201500053800,5,8,15,12,1,75,115,2,2,1,3,"10, RUE D ORADOUR SUR GL",0.0,0.0
201500053801,7,8,15,9,1,75,115,2,7,1,3,"1, PLACE FERNAND FOREST",0.0,0.0
201500053802,7,8,15,23,5,75,115,2,2,1,6,"16, RUE PAUL BARRUEL",0.0,0.0
201500053803,11,8,15,11,1,75,115,2,7,1,3,"/, RUE DES ENTREPRENEURS",0.0,0.0
201500053804,13,8,15,20,1,75,115,2,1,1,7,PORT DE JAVEL BAS,0.0,0.0
201500053805,13,8,15,22,5,75,115,2,2,2,3,RUE DE LA CONVENTION,0.0,0.0
201500053806,20,8,15,9,1,75,114,2,1,3,4,RUE DU COMMANDANT RENE M,0.0,0.0
201500053807,20,8,15,22,5,75,115,2,1,1,6,"33, QUAI ANDRE CITROEN",0.0,0.0
201500053808,28,8,15,5,5,75,115,2,2,2,6,"55, RUE DE LA CONVENTION",0.0,0.0
201500053809,28,8,15,10,1,75,115,2,2,1,6,"61, RUE DE DANTZIG",0.0,0.0
201500053810,29,8,15,12,1,75,115,2,2,1,3,"54, RUE DE VOUILLE",0.0,0.0
201500053811,29,8,15,18,1,75,115,2,2,1,3,BOULEVARD DE GRENELLE,0.0,0.0
201500053812,1,9,15,18,1,75,115,2,2,1,3,RUE DE LA CONVENTION,0.0,0.0
201500053813,2,9,15,11,1,75,115,2,2,1,6,"2-4, RUE BRANCION",0.0,0.0
201500053814,3,9,15,2,5,75,115,2,2,1,3,BOULEVARD VICTOR,0.0,0.0
201500053815,3,9,15,10,1,75,115,2,1,1,6,"10-16, RUE BRANCION",0.0,0.0
201500053816,5,9,15,9,1,75,115,2,3,1,6,"397, RUE DE VAUGIRARD",0.0,0.0
201500053817,7,9,15,12,1,75,115,2,1,1,6,"3, BOULEVARD GENERAL MAR",0.0,0.0
201500053818,8,9,15,18,1,75,115,2,7,1,6,"103, RUE CAMBRONNE",0.0,0.0
201500053819,9,9,15,8,1,75,115,2,1,1,3,"177, RUE DE LA CROIX NIV",0.0,0.0
201500053820,9,9,15,15,1,75,115,2,2,1,6,"302, RUE DE VAUGIRARD",0.0,0.0
201500053821,9,9,15,17,1,75,115,2,2,1,6,"161, ROND POINT SAINT CH",0.0,0.0
201500053822,11,9,15,1,5,75,115,2,2,1,6,"7, PONT DU GARIGLIANO",0.0,0.0
201500053823,12,9,15,1,5,75,115,2,2,1,3,", AVENUE ALBERT BARTHOLO",0.0,0.0
201500053824,13,9,15,6,5,75,115,2,1,1,6,"178, RUE LECOURBE",0.0,0.0
201500053825,13,9,15,19,1,75,115,2,7,1,2,RUE LOUIS ARMAND,0.0,0.0
201500053826,14,9,15,14,1,75,115,2,7,1,2,", AVENUE DE LA PORTE DE",0.0,0.0
201500053827,15,9,15,19,5,75,115,2,7,1,2,QUAI ANDRE CITROEN,0.0,0.0
201500053828,18,9,15,17,1,75,115,2,1,8,6,"39, RUE BALARD",0.0,0.0
201500053829,19,9,15,10,1,75,115,2,5,1,7,AVENUE DU MAINE,0.0,0.0
201500053830,19,9,15,12,1,75,115,2,2,1,6,PONT DE GRENELLE,0.0,0.0
201500053831,20,9,15,6,5,75,115,2,1,1,3,"11, AVENUE DU MAINE",0.0,0.0
201500053832,20,9,15,6,5,75,115,2,2,1,6,RUE DE VAUGIRARD,0.0,0.0
201500053833,22,9,15,16,1,75,115,2,3,8,6,RUE FOURCADE,0.0,0.0
201500053834,23,9,15,17,1,75,115,2,3,1,3,"165, RUE DE LA CONVENTIO",0.0,0.0
201500053835,24,9,15,14,1,75,115,2,5,1,2,", RUE MADEMOISELLE",0.0,0.0
201500053836,26,9,15,12,1,75,115,2,1,1,3,"31, RUE DU COTENTIN",0.0,0.0
201500053837,27,9,15,11,1,75,115,2,3,1,6,RUE THEODORE DECK,0.0,0.0
201500053838,27,9,15,16,1,75,115,2,2,1,3,ROND POINT SAINT CHARLES,0.0,0.0
201500053839,28,9,15,12,1,75,115,2,2,1,3,PLACE FERNAND FOREST,0.0,0.0
201500053840,29,9,15,9,1,75,115,2,1,1,6,"43, BOULEVARD VICTOR",0.0,0.0
201500053841,30,9,15,14,1,75,115,2,7,1,6,"1, RUE ERNEST RENAN",0.0,0.0
201500053842,30,9,15,19,1,75,115,2,1,1,3,"18, AVENUE DE LA PORTE B",0.0,0.0
201500053843,1,10,15,14,1,75,115,2,1,1,7,"13, QUAI DE GRENELLE",0.0,0.0
201500053844,1,10,15,23,5,75,115,2,5,1,3,AVENUE EMILE ZOLA,0.0,0.0
201500053845,2,10,15,9,1,75,115,2,3,1,3,RUE DE DANTZIG,0.0,0.0
201500053846,2,10,15,19,5,75,115,2,1,1,3,"98, RUE DE LA CONVENTION",0.0,0.0
201500053847,2,10,15,23,5,75,115,2,2,1,3,RUE DE VAUGIRARD,0.0,0.0
201500053848,3,10,15,17,1,75,115,2,2,1,7,"188, RUE DE LA CONVENTIO",0.0,0.0
201500053849,3,10,15,9,1,75,115,2,4,1,7,"56, RUE BALARD",0.0,0.0
201500053850,4,10,15,10,1,75,115,2,2,1,6,"341, RUE LECOURBE",0.0,0.0
201500053851,5,10,15,6,5,75,115,2,7,1,6,"7, PLACE CAMBRONNE",0.0,0.0
201500053852,6,10,15,18,1,75,115,2,1,1,2,"11, RUE DE CRONSTADT",0.0,0.0
201500053853,6,10,15,19,5,75,115,2,1,1,6,"37, RUE LINOIS",0.0,0.0
201500053854,7,10,15,8,1,75,115,2,7,1,6,"90, RUE CAMBRONNE",0.0,0.0
201500053855,10,10,15,16,1,75,115,2,1,1,6,"62, RUE DE LA CROIX NIVE",0.0,0.0
201500053856,12,10,15,18,1,75,115,2,2,1,6,"182, RUE DE LA CONVENTIO",0.0,0.0
201500053857,13,10,15,12,1,75,115,2,2,1,6,"10, BOULEVARD VICTOR",0.0,0.0
201500053858,13,10,15,17,1,75,115,2,1,1,4,PONT DE GRENELLE,0.0,0.0
201500053859,14,10,15,8,1,75,115,2,2,1,6,"22, BOULEVARD PASTEUR",0.0,0.0
201500053860,16,10,15,12,1,75,115,2,1,2,6,"133, BOULEVARD DE GRENEL",0.0,0.0
201500053861,16,10,15,17,2,75,115,2,1,2,3,"44, RUE DE VOUILLE",0.0,0.0
201500053862,16,10,15,22,5,75,115,2,1,2,3,", RUE DE VOUILLE",0.0,0.0
201500053863,17,10,15,21,3,75,115,2,2,1,6,"87, RUE DE LOURMEL",0.0,0.0
201500053864,20,10,15,19,2,75,115,2,3,1,2,"32-36, RUE DE LA CROIX N",0.0,0.0