Num_Acc,jour,mois,an,hr,condition_eclairage,departement,commune,condition_agglomeration,intersection,condition_atmosphere,type_collision,adresse,lattitude,longitude
201500053865,20,10,15,19,5,75,115,2,3,1,3,RUE DE VOUILLE,0.0,0.0
201500053866,20,10,15,20,5,75,115,2,7,1,6,"1, RUE LOUIS ARMAND",0.0,0.0
201500053867,21,10,15,17,5,75,115,2,4,1,3,"35, BOULEVARD DE VAUGIRA",0.0,0.0
201500053868,22,10,15,16,1,75,115,2,3,2,3,"66, RUE DES MORILLONS",0.0,0.0
201500053869,26,10,15,10,1,75,115,2,1,1,6,"35, QUAI DE GRENELLE",0.0,0.0
201500053870,27,10,15,7,2,75,115,2,1,1,3,"62, RUE HENRY FARMAN",0.0,0.0
201500053871,28,10,15,21,5,75,115,2,1,1,2,"86, RUE DE LA CROIX NIVE",0.0,0.0
201500053872,30,10,15,14,1,75,115,2,1,1,2,PONT DE BIR HAKEIM,0.0,0.0
201500053873,31,10,15,9,1,75,115,2,3,1,6,"326, RUE LECOURBE",0.0,0.0
201500053874,31,10,15,23,5,75,115,2,2,1,3,RUE LINOIS,0.0,0.0
201500053875,1,11,15,12,1,75,115,2,2,1,3,"94, BOULEVARD LEFEBVRE",0.0,0.0
201500053876,2,11,15,8,1,75,115,2,1,1,6,"218, RUE DE LA CROIX NIV",0.0,0.0
201500053877,2,11,15,12,1,75,115,2,3,1,4,"140, BOULEVARD DE GRENEL",0.0,0.0
201500053878,3,11,15,6,5,75,115,2,2,1,3,"27, BOULEVARD VICTOR",0.0,0.0
201500053879,3,11,15,10,1,75,115,2,1,2,6,"84, BOULEVARD GARIBALDI",0.0,0.0
201500053880,4,11,15,21,5,75,115,2,2,1,3,RUE DU COMMERCE,0.0,0.0
201500053881,5,11,15,8,1,75,115,2,2,1,6,"37, BOULEVARD GARIBALDI",0.0,0.0
201500053882,5,11,15,7,2,75,115,2,3,1,3,"13, BOULEVARD GENERAL MA",0.0,0.0
201500053883,6,11,15,17,5,75,115,2,5,2,3,RUE EMERIAU,0.0,0.0
201500053884,8,11,15,16,5,75,115,2,2,1,2,PLACE DU MOULIN DE JAVEL,0.0,0.0
201500053885,9,11,15,17,5,75,115,2,1,1,2,"320, RUE LECOURBE",0.0,0.0
201500053886,10,11,15,1,5,75,115,2,1,1,6,"66, RUE DESNOUETTES",0.0,0.0
201500053887,14,11,15,15,1,75,115,2,2,1,3,RUE DE SEVRES,0.0,0.0
201500053888,14,11,15,22,4,75,115,2,1,1,6,"7, RUE DE CHAMBERY",0.0,0.0
201500053889,17,11,15,10,1,75,115,2,5,8,3,"71, BOULEVARD PASTEUR",0.0,0.0
201500053890,19,11,15,7,1,75,115,2,1,1,6,"137, RUE DE SEVRES",0.0,0.0
201500053891,19,11,15,21,5,75,115,2,5,2,3,"1, AVENUE DE SUFFREN",0.0,0.0
201500053892,20,11,15,11,1,75,115,2,1,2,6,"196, RUE DE LOURMEL",0.0,0.0
201500053893,20,11,15,16,2,75,115,2,1,2,6,RUE DE LA CONVENTION,0.0,0.0
201500053894,22,11,15,14,1,75,115,2,2,7,6,"65, RUE DUTOT",0.0,0.0
201500053895,23,11,15,18,5,75,115,2,3,8,3,RUE LINOIS,0.0,0.0
201500053896,23,11,15,23,5,75,115,2,1,1,2,"49, AVENUE DE LA MOTTE P",0.0,0.0
201500053897,24,11,15,19,5,75,115,2,2,2,6,"01, RUE DE JAVEL",0.0,0.0
201500053898,26,11,15,22,5,75,115,2,4,1,3,QUAI BRANLY,0.0,0.0
201500053899,27,11,15,0,3,75,115,2,1,1,6,PORT DE SUFFREN,0.0,0.0
201500053900,27,11,15,9,1,75,115,2,2,1,2,"11, RUE DE LA CONVENTION",0.0,0.0
201500053901,27,11,15,23,5,75,115,2,1,2,6,"234, RUE DE LA CONVENTIO",0.0,0.0
201500053902,30,11,15,19,5,75,115,2,1,1,6,"226, RUE LECOURBE",0.0,0.0
201500053903,2,12,15,13,1,75,115,2,2,1,6,"32, RUE DE DANTZIG",0.0,0.0
201500053904,2,12,15,16,2,75,115,2,1,1,2,"14, RUE MAUBLANC",0.0,0.0
201500053905,4,12,15,15,1,75,115,2,1,1,6,PONT DE GRENELLE,0.0,0.0
201500053906,7,12,15,21,5,75,115,2,2,1,3,"30, BOULEVARD DU MONTPAR",0.0,0.0
201500053907,12,12,15,2,5,75,115,2,7,1,3,PLACE FERNAND FOREST,0.0,0.0
201500053908,12,12,15,22,5,75,115,2,2,1,3,"189, RUE DE LA CONVENTIO",0.0,0.0
201500053909,15,12,15,9,1,75,115,2,1,2,6,"177bis, RUE DE LA CROIX",0.0,0.0
201500053910,15,12,15,10,1,75,115,2,1,2,2,"78, RUE DE LA CONVENTION",0.0,0.0
201500053911,16,12,15,15,1,75,115,2,1,1,3,"30, RUE DE LOURMEL",0.0,0.0
201500053912,19,12,15,20,5,75,115,2,5,1,6,PLACE DES MARTYRS JUIFS,0.0,0.0
201500053913,20,12,15,5,5,75,115,2,1,1,2,"18, RUE DE LA CROIX NIVE",0.0,0.0
201500053914,21,12,15,11,1,75,115,2,7,1,3,"10, PLACE D ALLERAY",0.0,0.0
201500053915,23,12,15,10,1,75,115,2,3,1,3,"29, RUE CAMBRONNE",0.0,0.0
201500053916,23,12,15,13,1,75,115,2,1,1,2,RUE HENRY FARMAN,0.0,0.0
201500053917,23,12,15,14,1,75,115,2,1,1,6,"149, RUE DE SEVRES",0.0,0.0
201500053918,27,12,15,19,5,75,115,2,5,1,2,QUAI ANDRE CITROEN,0.0,0.0
201500053919,28,12,15,16,1,75,115,2,1,1,3,"02, AVENUE DU MAINE",0.0,0.0
201500053920,29,12,15,13,1,75,115,2,7,1,6,QUAI ANDRE CITROEN,0.0,0.0
201500053921,31,12,15,18,3,75,115,2,1,1,7,"106, RUE CASTAGNARY",0.0,0.0
201500053922,31,12,15,22,5,75,116,2,2,1,6,AVENUE DU PRESIDENT KENN,0.0,0.0
201500053923,1,1,15,8,1,75,116,2,1,1,6,"33, AVENUE PAUL DOUMER",0.0,0.0
201500053924,2,1,15,15,1,75,116,2,1,1,2,"120, AVENUE DE VERSAILLE",0.0,0.0
201500053925,3,1,15,18,5,75,116,2,7,2,6,AVENUE FOCH,0.0,0.0
201500053926,4,1,15,14,1,75,116,2,1,1,6,"7 bis, RUE DE BOULAINVIL",0.0,0.0
201500053927,7,1,15,6,5,75,116,2,7,1,6,AVENUE PAUL DOUMER,0.0,0.0
201500053928,6,1,15,21,5,75,116,2,1,8,3,PLACE DE LA PORTE MAILLO,0.0,0.0
201500053929,7,1,15,20,5,75,116,2,4,1,6,AVENUE DE LA PORTE D AUT,0.0,0.0
201500053930,8,1,15,9,1,75,116,2,1,1,3,AVENUE FOCH,0.0,0.0
201500053931,8,1,15,10,1,75,116,2,5,1,6,"85, AVENUE MOZART",0.0,0.0
201500053932,8,1,15,12,1,75,116,2,7,2,3,PLACE DU MARECHAL DE LAT,0.0,0.0
201500053933,9,1,15,14,1,75,116,2,1,1,7,AVENUE DU PRESIDENT KENN,0.0,0.0
201500053934,11,1,15,0,5,75,116,2,2,1,3,"08, RUE GUY DE MAUPASSAN",0.0,0.0
201500053935,11,1,15,3,5,75,116,2,1,2,6,"8, AVENUE D IENA",0.0,0.0
201500053936,14,1,15,13,1,75,116,2,1,2,6,AVENUE DE VERSAILLES,0.0,0.0
201500053937,14,1,15,16,5,75,116,2,1,1,6,"70, QUAI LOUIS BLERIOT",0.0,0.0
201500053938,15,1,15,9,1,75,116,2,1,6,2,VOIE GEORGES POMPIDOU,0.0,0.0
201500053939,15,1,15,15,1,75,116,2,2,2,7,AVENUE KLEBER,0.0,0.0
201500053940,15,1,15,19,5,75,116,2,2,2,6,RUE DE LA POMPE,0.0,0.0
201500053941,16,1,15,16,1,75,116,2,2,2,6,"37, RUE MOLITOR",0.0,0.0
201500053942,15,1,15,12,1,75,116,2,3,1,3,"84, AVENUE D IENA",0.0,0.0
201500053943,20,1,15,9,1,75,116,2,7,1,3,PLACE CLEMENT ADER,0.0,0.0
201500053944,22,1,15,17,5,75,116,2,4,1,3,AVENUE DE LA PORTE DE SA,0.0,0.0
201500053945,22,1,15,20,5,75,116,2,5,1,3,AVENUE PAUL DOUMER,0.0,0.0
201500053946,22,1,15,23,5,75,116,2,1,1,7,VOIE GEORGES POMPIDOU,0.0,0.0
201500053947,23,1,15,8,1,75,116,2,1,1,6,AVENUE DU PRESIDENT KENN,0.0,0.0
201500053948,23,1,15,11,1,75,116,2,7,1,6,"2, PLACE PIERRE BRISSON",0.0,0.0
201500053949,23,1,15,15,1,75,116,2,4,1,6,"50, RUE CLAUDE TERRASSE",0.0,0.0
201500053950,24,1,15,14,1,75,116,2,1,1,6,ROUTE DE LA MUETTE A NEU,0.0,0.0
201500053951,24,1,15,18,5,75,116,2,7,1,6,"87, AVENUE RAYMOND POINC",0.0,0.0
201500053952,28,1,15,9,1,75,116,2,2,1,6,"65, RUE DE BOULAINVILLIE",0.0,0.0
201500053953,28,1,15,10,1,75,116,2,5,1,6,"70, AVENUE PAUL DOUMER",0.0,0.0
201500053954,28,1,15,16,1,75,116,2,2,2,7,"24, RUE DU RANELAGH",0.0,0.0
201500053955,28,1,15,15,1,75,116,2,1,2,2,ALLEE DE LONGCHAMP,0.0,0.0
201500053956,28,1,15,19,5,75,116,2,2,2,1,ALLEE DE LA REINE MARGUE,0.0,0.0
201500053957,29,1,15,8,2,75,116,2,1,2,6,"57, AVENUE BUGEAUD",0.0,0.0
201500053958,29,1,15,9,1,75,116,2,7,1,3,PLACE DE LA PORTE D AUTE,0.0,0.0
201500053959,29,1,15,13,1,75,116,2,1,2,3,"46, RUE CHARDON LAGACHE",0.0,0.0
201500053960,29,1,15,17,5,75,116,2,7,2,3,PLACE DE COLOMBIE,0.0,0.0
201500053961,30,1,15,13,1,75,116,2,4,1,1,"67-69, AVENUE PAUL DOUME",0.0,0.0
201500053962,31,1,15,19,5,75,116,2,5,1,6,"84, BOULEVARD EXELMANS",0.0,0.0
201500053963,1,2,15,1,5,75,116,2,7,2,6,AVENUE FOCH,0.0,0.0
201500053964,1,2,15,17,1,75,116,2,3,1,3,"21, AVENUE DE VERSAILLES",0.0,0.0
201500053965,2,2,15,9,1,75,116,2,7,2,7,PLACE DU MARECHAL DE LAT,0.0,0.0
201500053966,3,2,15,16,1,75,116,2,1,1,4,"9 bis, AVENUE D IENA",0.0,0.0
201500053967,5,2,15,8,1,75,116,2,3,1,2,"55, BOULEVARD LANNES",0.0,0.0
201500053968,4,2,15,21,5,75,116,2,2,1,6,"20, AVENUE DE NEW YORK",0.0,0.0
201500053969,5,2,15,15,1,75,116,2,5,1,6,"61, AVENUE GEORGES MANDE",0.0,0.0
201500053970,5,2,15,12,1,75,116,2,1,1,3,AVENUE DU MAHATMA GANDHI,0.0,0.0
201500053971,8,2,15,1,5,75,116,2,2,1,3,ALLEE DE LONGCHAMP,0.0,0.0
201500053972,8,2,15,4,5,75,116,2,4,2,6,"232, AVENUE DE VERSAILLE",0.0,0.0
201500053973,10,2,15,0,5,75,116,2,1,1,7,AVENUE KLEBER,0.0,0.0
201500053974,10,2,15,15,1,75,116,2,3,8,4,"86, AVENUE D IENA",0.0,0.0
201500053975,10,2,15,23,5,75,116,2,2,1,2,ALLEE DE LA REINE MARGUE,0.0,0.0
201500053976,10,2,15,15,1,75,116,2,1,1,6,ALLEE DE LA REINE MARGUE,0.0,0.0
201500053977,11,2,15,20,5,75,116,2,1,1,3,"46, BOULEVARD MURAT",0.0,0.0
201500053978,13,2,15,12,1,75,116,2,7,1,7,"1, PLACE DE COLOMBIE",0.0,0.0
201500053979,14,2,15,19,5,75,116,2,7,1,2,PLACE DE LA PORTE MAILLO,0.0,0.0
201500053980,16,2,15,9,1,75,116,2,2,1,3,"9, RUE JEAN BOLOGNE",0.0,0.0
201500053981,10,2,15,13,1,75,116,2,1,1,3,"17, CHAUSSEE LA MUETTE",0.0,0.0
201500053982,18,2,15,0,5,75,116,2,7,1,3,PLACE D IENA,0.0,0.0
201500053983,18,2,15,9,1,75,116,2,7,1,6,PLACE DU TROCADERO ET DU,0.0,0.0
201500053984,18,2,15,11,1,75,116,2,1,1,6,"121BIS, RUE DE LA POMPE",0.0,0.0
201500053985,18,2,15,23,5,75,116,2,5,1,3,PLACE DE LA PORTE MAILLO,0.0,0.0
201500053986,19,2,15,12,1,75,117,1,1,1,3,AVENUE DE NEUILLY,0.0,0.0
201500053987,19,2,15,22,5,75,116,2,7,1,3,PLACE CHARLES DE GAULLE,0.0,0.0
201500053988,19,2,15,23,5,75,108,2,1,1,6,"10, RUE DE LISBONNE",0.0,0.0
201500053989,21,2,15,0,5,75,116,2,1,2,3,ALLEE DE LONGCHAMP,0.0,0.0
201500053990,21,2,15,7,1,75,116,2,4,8,6,"1, CARREFOUR DE CROIX CA",0.0,0.0
201500053991,21,2,15,15,1,75,116,2,7,1,3,"1, PLACE DU PARAGUAY",0.0,0.0
201500053992,22,2,15,12,1,75,116,2,1,1,2,AVENUE DU MAHATMA GANDHI,0.0,0.0
201500053993,25,2,15,18,5,75,116,2,7,2,3,PLACE DE LA PORTE MAILLO,0.0,0.0
201500053994,27,2,15,8,1,75,116,2,2,1,6,AVENUE MOZART,0.0,0.0
201500053995,28,2,15,4,5,75,116,2,1,1,3,AVENUE DE L HIPPODROME,0.0,0.0
201500053996,22,2,15,12,1,75,116,2,2,1,6,ROUTE DE LA MUETTE A NEU,0.0,0.0
201500053997,28,2,15,16,1,75,116,2,4,1,6,"94, AVENUE RAYMOND POINC",0.0,0.0
201500053998,2,3,15,9,1,75,116,2,1,1,6,"10, RUE DE MONTEVIDEO",0.0,0.0
201500053999,1,3,15,5,5,75,116,2,3,1,6,"54, AVENUE DE NEW YORK",0.0,0.0
201500054000,3,3,15,2,5,75,116,2,7,1,6,PLACE DE COSTA RICA,0.0,0.0
201500054001,4,3,15,16,1,75,116,2,4,1,6,AVENUE EDOUARD VAILLANT,0.0,0.0
201500054002,4,3,15,18,2,75,116,2,2,1,3,AVENUE DE L HIPPODROME,0.0,0.0
201500054003,5,3,15,18,1,75,116,2,4,1,6,BOULEVARD PERIPHERIQUE,0.0,0.0
201500054004,6,3,15,18,5,75,116,2,1,1,2,ALLEE DE LA REINE MARGUE,0.0,0.0
201500054005,4,3,15,13,1,75,116,2,4,1,6,"122, BOULEVARD MURAT",0.0,0.0
201500054006,7,3,15,17,1,75,116,2,4,1,3,ECHANGEUR AUTEUIL,0.0,0.0
201500054007,11,3,15,9,1,75,116,2,1,1,3,ALLEE DE LA REINE MARGUE,0.0,0.0
201500054008,11,3,15,10,1,75,116,2,3,1,2,ALLEE DU BORD DE L EAU,0.0,0.0
201500054009,12,3,15,12,1,75,116,2,1,1,3,"65, AVENUE MARCEAU",0.0,0.0
201500054010,12,3,15,13,1,75,116,2,1,1,3,AVENUE DE L HIPPODROME,0.0,0.0
201500054011,13,3,15,14,1,75,116,2,3,1,6,"79, AVENUE MOZART",0.0,0.0
201500054012,14,3,15,1,5,75,116,2,2,1,3,AVENUE GEORGES LAFONT,0.0,0.0
201500054013,14,3,15,14,1,75,116,2,2,1,3,RUE RIBERA,0.0,0.0
201500054014,13,3,15,17,1,75,116,2,1,1,6,"65, AVENUE KLEBER",0.0,0.0
201500054015,17,3,15,17,1,75,116,2,1,1,6,ROUTE DE LA PTE DES SABL,0.0,0.0
201500054016,18,3,15,14,1,75,117,2,2,1,2,"156, RUE CARDINET",0.0,0.0
201500054017,18,3,15,23,5,75,116,2,1,1,3,ROUTE DE SURESNES,0.0,0.0
201500054018,19,3,15,6,2,75,116,2,5,1,6,"154, AVENUE DE VERSAILLE",0.0,0.0
201500054019,19,3,15,10,1,75,116,2,5,1,2,ALLEE DES FORTIFICATIONS,0.0,0.0
201500054020,19,3,15,18,5,75,116,2,1,1,3,ALLEE DE LA REINE MARGUE,0.0,0.0
201500054021,19,3,15,19,5,75,116,2,7,1,6,PORTE DE SAINT CLOUD,0.0,0.0
201500054022,19,3,15,12,1,75,116,2,1,1,2,"87, BOULEVARD MURAT",0.0,0.0
201500054023,20,3,15,22,5,75,116,2,7,1,6,AVENUE DU GENERAL SARRAI,0.0,0.0
201500054024,21,3,15,11,1,75,116,2,1,1,2,"7, AVENUE D EYLAU",0.0,0.0
201500054025,23,3,15,14,1,75,116,2,1,1,6,"35, BOULEVARD SUCHET",0.0,0.0
201500054026,23,3,15,17,1,75,116,2,1,1,6,"6, RUE DE LUBECK",0.0,0.0
201500054027,24,3,15,11,1,75,116,2,2,2,2,"26, AVENUE DE NEW YORK",0.0,0.0
201500054028,24,3,15,17,2,75,116,2,5,3,3,"2, BOULEVARD SUCHET",0.0,0.0
201500054029,25,3,15,10,1,75,116,2,2,1,6,"12, RUE CHARLES TELLIER",0.0,0.0
201500054030,25,3,15,14,1,75,116,2,7,1,2,"170, AVENUE DE VERSAILLE",0.0,0.0
201500054031,28,3,15,3,5,75,117,2,2,2,3,"5, AVENUE DE LA GRANDE A",0.0,0.0
201500054032,27,3,15,13,1,75,116,2,1,1,6,AVENUE DE NEW YORK,0.0,0.0
201500054033,28,3,15,13,1,75,116,2,2,1,6,"13, RUE AUGUSTE VACQUERI",0.0,0.0
201500054034,29,3,15,1,3,75,116,2,1,1,7,AVENUE DE SAINT CLOUD,0.0,0.0
201500054035,29,3,15,22,5,75,116,2,7,2,6,PLACE POSSOZ,0.0,0.0
201500054036,30,3,15,20,3,75,116,2,1,1,7,BOULEVARD PERIPHERIQUE,0.0,0.0
201500054037,1,4,15,9,1,75,116,2,3,1,6,"65, AVENUE PAUL DOUMER",0.0,0.0
201500054038,2,4,15,7,2,75,116,2,1,1,6,ALLEE DES FORTIFICATIONS,0.0,0.0
201500054039,5,4,15,1,5,75,116,2,1,1,6,AVENUE DU PRESIDENT KENN,0.0,0.0
201500054040,7,4,15,17,1,75,116,2,3,1,3,"61, AVENUE D IENA",0.0,0.0
201500054041,8,4,15,8,1,75,116,2,1,1,6,AVENUE FOCH,0.0,0.0
201500054042,8,4,15,8,1,75,116,2,1,1,2,ALLEE DU BORD DE L EAU,0.0,0.0
201500054043,8,4,15,14,1,75,116,2,5,1,3,"43, AVENUE DE LA GRANDE",0.0,0.0
201500054044,9,4,15,8,1,75,116,2,2,1,6,PONT DU GARIGLIANO,0.0,0.0
201500054045,9,4,15,18,1,75,116,2,1,1,6,"66, AVENUE VICTOR HUGO",0.0,0.0
201500054046,11,4,15,19,1,75,116,2,1,1,6,AVENUE INGRES,0.0,0.0
201500054047,12,4,15,13,1,75,116,2,7,1,1,"77, BOULEVARD LANNES",0.0,0.0
201500054048,13,4,15,8,1,75,116,2,5,1,3,"29, AVENUE DE LAMBALLE",0.0,0.0
201500054049,13,4,15,19,1,75,116,2,2,1,3,RUE RAYNOUARD,0.0,0.0
201500054050,15,4,15,11,1,75,116,2,1,1,6,"15, RUE MESNIL",0.0,0.0
201500054051,15,4,15,20,5,75,116,2,3,1,6,"13, AVENUE DE LA PORTE M",0.0,0.0
201500054052,16,4,15,1,5,75,116,2,3,1,6,"2, RUE DAUMIER",0.0,0.0
201500054053,16,4,15,8,1,75,116,2,7,1,3,PLACE DE LA PORTE MAILLO,0.0,0.0
201500054054,16,4,15,13,1,75,116,2,1,1,6,"13, RUE DU GENERAL DELES",0.0,0.0
201500054055,17,4,15,9,1,75,116,2,1,1,3,"12, QUAI SAINT EXUPERY",0.0,0.0
201500054056,17,4,15,9,1,75,116,2,5,1,3,CHAUSSEE LA MUETTE,0.0,0.0
201500054057,17,4,15,20,2,75,116,2,1,1,6,"162, AVENUE DE MALAKOFF",0.0,0.0
201500054058,19,4,15,15,1,75,116,2,7,1,3,PLACE CHARLES DE GAULLE,0.0,0.0
201500054059,19,4,15,18,1,75,116,2,5,1,6,AVENUE DE VERSAILLES,0.0,0.0
201500054060,20,4,15,15,1,75,117,2,1,1,3,"75, AVENUE DE LA GRANDE",0.0,0.0
201500054061,20,4,15,15,1,75,108,2,1,1,2,COURS ALBERT 1ER,0.0,0.0
201500054062,20,4,15,16,1,75,116,2,7,1,6,RUE DE PRESBOURG,0.0,0.0
201500054063,22,4,15,11,1,75,116,2,1,1,6,"1-3, AVENUE DU GENERAL S",0.0,0.0
201500054064,22,4,15,9,1,75,116,2,1,1,2,"27, AVENUE FOCH",0.0,0.0
201500054065,22,4,15,22,5,75,116,2,7,1,2,PLACE CHARLES DE GAULLE,0.0,0.0
201500054066,23,4,15,15,1,75,116,2,2,1,3,ALLEE DE LONGCHAMP,0.0,0.0
201500054067,23,4,15,19,1,75,116,2,1,1,6,"24, AVENUE D EYLAU",0.0,0.0
201500054068,23,4,15,20,5,75,116,2,1,1,6,"116, AVENUE DU PRESIDENT",0.0,0.0
201500054069,23,4,15,19,1,75,116,2,1,1,2,"16, AVENUE DU PRESIDENT",0.0,0.0
201500054070,24,4,15,14,1,75,116,2,5,1,3,RUE DE LA POMPE,0.0,0.0
201500054071,24,4,15,15,1,75,116,2,4,1,3,PLACE DE LA PORTE MAILLO,0.0,0.0
201500054072,24,4,15,18,1,75,116,2,4,1,2,"20, CHAUSSEE LA MUETTE",0.0,0.0
201500054073,28,4,15,20,5,75,116,2,1,1,2,"75, AVENUE DE LA GRANDE",0.0,0.0
201500054074,29,4,15,9,1,75,116,2,1,1,6,"50, QUAI LOUIS BLERIOT",0.0,0.0
201500054075,29,4,15,11,1,75,116,2,3,1,6,"30, AVENUE DE VERSAILLES",0.0,0.0
201500054076,29,4,15,10,1,75,116,2,5,1,6,AVENUE MOZART,0.0,0.0
201500054077,30,4,15,15,1,75,116,2,2,2,6,"11, RUE CHARDON LAGACHE",0.0,0.0
201500054078,4,5,15,22,5,75,116,2,3,1,6,"72, AVENUE DE VERSAILLES",0.0,0.0
201500054079,6,5,15,9,1,75,116,2,7,1,6,"1, RUE BOISSIERE",0.0,0.0
201500054080,6,5,15,21,5,75,116,2,4,1,6,BOULEVARD PERIPHERIQUE I,0.0,0.0
201500054081,8,5,15,9,1,75,116,2,2,8,2,ALLEE DE LONGCHAMP,0.0,0.0
201500054082,9,5,15,20,1,75,116,2,4,1,3,VOIE GEORGES POMPIDOU,0.0,0.0
201500054083,10,5,15,23,5,75,116,2,3,1,6,"34, AVENUE DE VERSAILLES",0.0,0.0
201500054084,10,5,15,10,1,75,116,2,1,1,6,"27, BOULEVARD EXELMANS",0.0,0.0
201500054085,11,5,15,10,1,75,116,2,3,1,6,"19bis, AVENUE KLEBER",0.0,0.0
201500054086,11,5,15,17,1,75,116,2,1,1,3,AVENUE DE LA PORTE D AUT,0.0,0.0
201500054087,11,5,15,17,1,75,116,2,7,1,3,ROUTE DE SEVRES A NEUILL,0.0,0.0
201500054088,13,5,15,9,1,75,116,2,7,1,6,"130, RUE DE LA POMPE",0.0,0.0
201500054089,14,5,15,0,5,75,116,2,2,1,1,BOULEVARD RICHARD WALLAC,0.0,0.0
201500054090,15,5,15,0,5,75,116,2,1,1,2,"x, BOULEVARD PERIPHERIQU",0.0,0.0
201500054091,15,5,15,10,1,75,116,2,5,1,4,ALLEE DE LONGCHAMP,0.0,0.0
201500054092,17,5,15,11,1,75,116,2,2,1,2,"33, RUE BOISSIERE",0.0,0.0
201500054093,17,5,15,18,1,75,116,2,1,1,6,"01, BUTTE MORTEMART",0.0,0.0
201500054094,17,5,15,19,1,75,116,2,1,1,3,"49, RUE LAURISTON",0.0,0.0
201500054095,18,5,15,14,1,75,116,2,3,1,3,"88, AVENUE KLEBER",0.0,0.0
201500054096,18,5,15,15,1,75,116,2,2,8,6,"16, RUE BENJAMIN FRANKLI",0.0,0.0
201500054097,18,5,15,18,1,75,116,2,3,1,6,"188 BIS, RUE DE LONGCHAM",0.0,0.0
201500054098,18,5,15,19,2,75,116,2,5,1,6,ROUTE DE LA PTE DAUPHINE,0.0,0.0
201500054099,18,5,15,18,1,75,116,2,1,1,7,AVENUE EDOUARD VAILLANT,0.0,0.0
201500054100,19,5,15,9,1,75,116,2,7,8,2,"89, AVENUE DE LA GRANDE",0.0,0.0
201500054101,18,5,15,20,2,75,116,2,7,3,3,PLACE CHARLES DE GAULLE,0.0,0.0
201500054102,19,5,15,16,1,75,116,2,2,1,1,ALLEE DE LONGCHAMP,0.0,0.0
201500054103,19,5,15,15,1,75,116,2,1,2,3,BOULEVARD PERIPHERIQUE I,0.0,0.0
201500054104,20,5,15,19,1,75,116,2,7,1,6,"1, PLACE DU TROCADERO ET",0.0,0.0
201500054105,22,5,15,8,1,75,116,2,1,1,6,AVENUE DU MAHATMA GANDHI,0.0,0.0
201500054106,22,5,15,16,1,75,116,2,1,1,6,"21, RUE GUDIN",0.0,0.0
201500054107,22,5,15,3,5,75,116,2,1,1,6,"98, RUE JEAN DE LA FONTA",0.0,0.0
201500054108,24,5,15,6,2,75,116,2,1,1,6,"15, AVENUE DU PRESIDENT",0.0,0.0
201500054109,24,5,15,13,1,75,116,2,1,1,6,ALLEE DES ERABLES,0.0,0.0
201500054110,25,5,15,12,1,75,116,2,2,1,6,BOULEVARD MURAT,0.0,0.0
201500054111,26,5,15,15,1,75,116,2,1,1,2,"22, AVENUE DU PRESIDENT",0.0,0.0
201500054112,27,5,15,18,1,75,116,2,1,1,6,"97, AVENUE VICTOR HUGO",0.0,0.0
201500054113,27,5,15,20,1,75,116,2,7,1,3,PLACE DE LA PORTE D AUTE,0.0,0.0
201500054114,28,5,15,19,1,75,116,2,1,1,3,ALLEE DE LA REINE MARGUE,0.0,0.0
201500054115,29,5,15,20,1,75,116,2,1,1,3,"39, BOULEVARD EXELMANS",0.0,0.0
201500054116,29,5,15,21,1,75,116,2,1,1,3,"95, AVENUE KLEBER",0.0,0.0
201500054117,31,5,15,19,2,75,116,2,1,2,6,"26, AVENUE DE NEW YORK",0.0,0.0
201500054118,1,6,15,11,1,75,116,2,1,1,6,AVENUE DE NEW YORK,0.0,0.0
201500054119,2,6,15,9,1,75,116,2,4,1,6,AVENUE RAPHAEL,0.0,0.0
201500054120,2,6,15,9,1,75,116,2,1,1,6,"7, RUE ALFRED BRUNEAU",0.0,0.0
201500054121,2,6,15,16,1,75,116,2,1,1,4,BOULEVARD PERIPHERIQUE E,0.0,0.0
201500054122,3,6,15,13,1,75,116,2,1,1,6,"1, RUE GAVARNI",0.0,0.0
201500054123,3,6,15,18,1,75,116,2,1,1,2,ALLEE DE LONGCHAMP,0.0,0.0
201500054124,5,6,15,10,1,75,116,2,2,1,3,"69, AVENUE MARCEAU",0.0,0.0
201500054125,5,6,15,15,1,75,116,2,1,7,4,ALLEE DU BORD DE L EAU,0.0,0.0
201500054126,6,6,15,19,1,75,116,2,5,1,6,RUE CHARDON LAGACHE,0.0,0.0
201500054127,6,6,15,13,1,75,116,2,1,1,2,"30, AVENUE DE VERSAILLES",0.0,0.0
201500054128,7,6,15,15,1,75,116,2,1,1,3,PLACE DE LA PORTE MAILLO,0.0,0.0
201500054129,8,6,15,13,1,75,116,2,2,1,6,"16, AVENUE BUGEAUD",0.0,0.0
201500054130,8,6,15,14,1,75,116,2,2,1,6,"27, AVENUE PAUL DOUMER",0.0,0.0
201500054131,9,6,15,8,1,75,116,2,2,1,3,ALLEE DE LA REINE MARGUE,0.0,0.0
201500054132,9,6,15,9,1,75,116,2,4,1,4,AUTOROUTE A13,0.0,0.0
201500054133,9,6,15,17,1,75,116,2,2,1,6,"98, AVENUE D IENA",0.0,0.0
201500054134,10,6,15,17,1,75,116,2,1,1,3,"66, AVENUE VICTOR HUGO",0.0,0.0
201500054135,10,6,15,23,5,75,116,2,1,1,7,AVENUE DE NEW YORK,0.0,0.0
201500054136,11,6,15,13,1,75,116,2,1,1,2,"3, RUE ABEL FERRY",0.0,0.0
201500054137,2,6,15,17,1,75,116,2,1,1,2,ALLEE DU BORD DE L EAU,0.0,0.0
201500054138,16,6,15,9,1,75,116,2,1,1,6,"46, AVENUE DE NEW YORK",0.0,0.0
201500054139,16,6,15,8,1,75,116,2,5,1,4,PORTE MOLITOR,0.0,0.0
201500054140,16,6,15,23,5,75,116,2,3,1,3,BOULEVARD DE L AMIRAL BR,0.0,0.0
201500054141,17,6,15,13,1,75,116,2,1,1,6,"77, AVENUE RAYMOND POINC",0.0,0.0
201500054142,16,6,15,20,1,75,116,2,1,7,6,"57, AVENUE BUGEAUD",0.0,0.0
201500054143,18,6,15,14,1,75,116,2,1,1,7,"03, AVENUE DE LA PORTE D",0.0,0.0
201500054144,18,6,15,17,1,75,116,2,1,1,6,BOULEVARD PERIPHERIQUE I,0.0,0.0
201500054145,18,6,15,17,1,75,116,2,2,1,6,PONT D IENA,0.0,0.0
201500054146,19,6,15,4,5,75,116,2,1,1,7,"27, AVENUE DE LA GRANDE",0.0,0.0
201500054147,19,6,15,14,1,75,116,2,7,1,3,PLACE CHARLES DE GAULLE,0.0,0.0