Num_Acc,jour,mois,an,hr,condition_eclairage,departement,commune,condition_agglomeration,intersection,condition_atmosphere,type_collision,adresse,lattitude,longitude
201500054148,22,6,15,0,5,75,116,2,1,1,4,"44, AVENUE D IENA",0.0,0.0
201500054149,22,6,15,0,5,75,116,2,1,1,6,VOIE GEORGES POMPIDOU,0.0,0.0
201500054150,22,6,15,23,4,75,116,2,1,1,6,AVENUE DE NEW YORK,0.0,0.0
201500054151,23,6,15,10,1,75,116,2,2,1,6,RUE DE LA FAISANDERIE,0.0,0.0
201500054152,23,6,15,14,1,75,116,2,3,1,6,AVENUE FOCH,0.0,0.0
201500054153,23,6,15,16,1,75,116,2,1,1,3,"39, AVENUE D IENA",0.0,0.0
201500054154,24,6,15,9,1,75,116,2,1,1,6,"62, AVENUE DE NEW YORK",0.0,0.0
201500054155,24,6,15,18,1,75,116,2,2,1,2,AVENUE DU MAHATMA GANDHI,0.0,0.0
201500054156,24,6,15,22,5,75,116,2,1,1,7,AVENUE DE NEW YORK,0.0,0.0
201500054157,26,5,15,8,1,75,116,2,1,1,6,"79, AVENUE DE LA GRANDE",0.0,0.0
201500054158,25,6,15,8,1,75,116,2,1,1,6,"79, AVENUE DE LA GRANDE",0.0,0.0
201500054159,25,6,15,9,1,75,116,2,2,1,3,AVENUE BUGEAUD,0.0,0.0
201500054160,25,6,15,9,1,75,116,2,3,1,3,"25, BOULEVARD DE L AMIRA",0.0,0.0
201500054161,25,6,15,9,1,75,116,2,1,1,4,"7, AVENUE FOCH",0.0,0.0
201500054162,25,6,15,16,1,75,116,2,3,1,3,"63, AVENUE KLEBER",0.0,0.0
201500054163,25,6,15,19,1,75,116,2,3,1,6,RUE DE BASSANO,0.0,0.0
201500054164,26,6,15,2,5,75,116,2,2,1,3,"154, AVENUE DE VERSAILLE",0.0,0.0
201500054165,26,6,15,11,1,75,116,2,1,1,2,"6, RUE D ANDIGNE",0.0,0.0
201500054166,27,6,15,19,1,75,116,2,1,1,6,ALLEE DE LONGCHAMP,0.0,0.0
201500054167,24,6,15,12,1,75,116,2,2,1,6,"24, AVENUE BUGEAUD",0.0,0.0
201500054168,29,6,15,17,1,75,116,2,3,1,3,"46, AVENUE DU PRESIDENT",0.0,0.0
201500054169,29,6,15,17,1,75,116,2,1,1,2,"46, RUE RAFFET",0.0,0.0
201500054170,30,6,15,9,1,75,116,2,1,1,4,ALLEE DE LONGCHAMP,0.0,0.0
201500054171,1,7,15,5,1,75,116,2,1,1,6,VOIE GEORGES POMPIDOU,0.0,0.0
201500054172,1,7,15,10,1,75,116,2,1,1,6,ROUTE DES TRIBUNES,0.0,0.0
201500054173,1,7,15,11,1,75,116,2,3,1,6,"67, AVENUE VICTOR HUGO",0.0,0.0
201500054174,1,7,15,17,1,75,116,2,5,1,6,"69, AVENUE HENRI MARTIN",0.0,0.0
201500054175,1,7,15,18,1,75,116,2,1,1,6,"1, BOULEVARD EMILE AUGIE",0.0,0.0
201500054176,1,7,15,13,1,75,116,2,2,1,6,"124, RUE DE LONGCHAMP",0.0,0.0
201500054177,3,7,15,19,1,75,116,2,2,1,2,AVENUE DE L HIPPODROME,0.0,0.0
201500054178,3,7,15,20,1,75,116,2,5,1,3,RUE JOSEPH ET MARIE HACK,0.0,0.0
201500054179,6,7,15,6,1,75,116,2,5,1,3,ROUTE DE SURESNES,0.0,0.0
201500054180,7,7,15,17,1,75,116,2,1,1,2,"46, AVENUE DE NEW YORK",0.0,0.0
201500054181,8,7,15,9,1,75,116,2,3,1,3,"22, RUE ERLANGER",0.0,0.0
201500054182,8,7,15,20,1,75,116,2,1,1,2,BOULEVARD PERIPHERIQUE,0.0,0.0
201500054183,9,7,15,2,5,75,116,2,4,1,3,"10, VOIE GEORGES POMPIDO",0.0,0.0
201500054184,6,7,15,12,1,75,116,2,1,1,3,"7, AVENUE ALBERT DE MUN",0.0,0.0
201500054185,10,7,15,10,1,75,116,2,7,1,3,", AVENUE HENRI MARTIN",0.0,0.0
201500054186,9,7,15,18,1,75,116,2,1,1,3,BOULEVARD PERIPHERIQUE E,0.0,0.0
201500054187,10,7,15,17,1,75,116,2,1,1,6,"110, AVENUE DE VERSAILLE",0.0,0.0
201500054188,10,7,15,19,1,75,116,2,1,1,6,"29, AVENUE KLEBER",0.0,0.0
201500054189,11,7,15,1,5,75,116,2,2,1,6,PONT DE BIR HAKEIM,0.0,0.0
201500054190,11,7,15,20,1,75,117,2,7,1,4,"2, PLACE DE LA PORTE MAI",0.0,0.0
201500054191,12,7,15,16,1,75,108,2,2,1,3,"25, RUE DE MIROMESNIL",0.0,0.0
201500054192,13,7,15,7,1,75,116,2,5,1,3,"0, AVENUE FOCH",0.0,0.0
201500054193,13,7,15,15,1,75,116,2,3,8,6,"141, AVENUE VICTOR HUGO",0.0,0.0
201500054194,14,7,15,17,1,75,116,2,1,1,3,ROUTE DE SEVRES A NEUILL,0.0,0.0
201500054195,15,7,15,2,5,75,116,2,7,1,2,"61, AVENUE DE LA GRANDE",0.0,0.0
201500054196,15,7,15,9,1,75,116,2,5,1,3,AVENUE DE VERSAILLES,0.0,0.0
201500054197,16,7,15,15,1,75,116,2,4,1,2,"37, BOULEVARD MURAT",0.0,0.0
201500054198,17,7,15,1,5,75,116,2,3,1,6,"135, AVENUE DE VERSAILLE",0.0,0.0
201500054199,17,7,15,16,1,75,116,2,1,1,6,"55, AVENUE D IENA",0.0,0.0
201500054200,22,7,15,12,1,75,116,2,7,1,3,PLACE DU MARECHAL DE LAT,0.0,0.0
201500054201,24,7,15,18,1,75,116,2,1,8,3,"117, AVENUE VICTOR HUGO",0.0,0.0
201500054202,24,7,15,23,5,75,117,2,2,1,3,"64, AVENUE DE WAGRAM",0.0,0.0
201500054203,25,7,15,19,1,75,116,2,1,1,2,ROUTE DE LA PTE DAUPHINE,0.0,0.0
201500054204,26,7,15,20,2,75,116,2,2,1,3,"13, RUE COPERNIC",0.0,0.0
201500054205,27,7,15,12,1,75,116,2,1,1,6,AVENUE DU MAHATMA GANDHI,0.0,0.0
201500054206,28,7,15,18,1,75,116,2,2,1,3,"11, RUE GEORGE SAND",0.0,0.0
201500054207,28,7,15,12,1,75,116,2,3,8,3,"159, AVENUE DE VERSAILLE",0.0,0.0
201500054208,29,7,15,14,1,75,116,2,7,1,3,PLACE CHARLES DE GAULLE,0.0,0.0
201500054209,30,7,15,9,1,75,116,2,7,1,2,AVENUE HENRI MARTIN,0.0,0.0
201500054210,31,7,15,13,1,75,116,2,7,1,3,"46, AVENUE DU PRESIDENT",0.0,0.0
201500054211,2,8,15,11,1,75,116,2,2,1,6,AVENUE DE L HIPPODROME,0.0,0.0
201500054212,2,8,15,18,1,75,116,2,5,1,3,BOULEVARD LANNES,0.0,0.0
201500054213,3,8,15,7,1,75,116,2,1,1,6,ROUTE DES TRIBUNES,0.0,0.0
201500054214,3,8,15,22,5,75,116,2,5,1,2,"11, BOULEVARD LANNES",0.0,0.0
201500054215,3,8,15,15,1,75,116,2,1,1,3,"11, AVENUE D EYLAU",0.0,0.0
201500054216,5,8,15,16,1,75,116,2,7,1,2,"6, PLACE D IENA",0.0,0.0
201500054217,6,8,15,15,1,75,116,2,3,1,6,"30, AVENUE DE NEW YORK",0.0,0.0
201500054218,5,8,15,19,1,75,116,2,5,1,6,ROUTE DES MOULINS,0.0,0.0
201500054219,9,8,15,12,1,75,116,2,1,1,4,ROUTE DE SEVRES A NEUILL,0.0,0.0
201500054220,11,8,15,20,2,75,116,2,2,1,6,"./, RUE DEGAS",0.0,0.0
201500054221,12,8,15,17,1,75,116,2,1,1,3,"15, RUE DE REMUSAT",0.0,0.0
201500054222,15,8,15,17,1,75,116,2,1,7,6,"14, AVENUE DU PRESIDENT",0.0,0.0
201500054223,17,8,15,10,1,75,116,2,3,1,6,"126, AVENUE MOZART",0.0,0.0
201500054224,18,8,15,16,1,75,116,2,1,1,1,ROUTE DE SEVRES A NEUILL,0.0,0.0
201500054225,21,8,15,14,1,75,116,2,1,1,2,AVENUE DE LA PORTE D AUT,0.0,0.0
201500054226,22,8,15,12,1,75,116,2,1,1,6,"2, ROUTE DES TRIBUNES",0.0,0.0
201500054227,23,8,15,15,1,75,117,2,5,1,2,"19, AVENUE DE LA GRANDE",0.0,0.0
201500054228,24,8,15,18,1,75,116,2,1,3,7,"102, AVENUE VICTOR HUGO",0.0,0.0
201500054229,25,8,15,19,1,75,108,2,7,1,3,PLACE DE LA CONCORDE,0.0,0.0
201500054230,26,8,15,9,1,75,116,2,1,1,6,"4, RUE DE LUBECK",0.0,0.0
201500054231,27,8,15,8,1,75,116,2,4,2,3,"90, AVENUE D IENA",0.0,0.0
201500054232,27,8,15,9,1,75,108,2,7,1,2,PLACE CHARLES DE GAULLE,0.0,0.0
201500054233,28,8,15,11,1,75,116,2,1,1,6,"51, AVENUE KLEBER",0.0,0.0
201500054234,29,8,15,14,1,75,116,2,2,1,2,"110, AVENUE RAYMOND POIN",0.0,0.0
201500054235,30,8,15,19,2,75,116,2,7,1,2,AVENUE DE NEW YORK,0.0,0.0
201500054236,31,8,15,3,5,75,116,2,1,1,3,ALLEE DE LONGCHAMP,0.0,0.0
201500054237,2,9,15,15,1,75,116,2,7,1,3,PLACE CHARLES DE GAULLE,0.0,0.0
201500054238,2,9,15,18,1,75,116,2,7,1,6,"2, PLACE DE BARCELONE",0.0,0.0
201500054239,5,9,15,16,1,75,116,2,1,1,6,"74, AVENUE VICTOR HUGO",0.0,0.0
201500054240,5,9,15,22,5,75,116,2,1,1,3,ALLEE DE LONGCHAMP,0.0,0.0
201500054241,7,9,15,13,1,75,116,2,1,1,3,"4, AVENUE D EYLAU",0.0,0.0
201500054242,8,9,15,13,1,75,116,2,7,1,5,PLACE DE LA PORTE MAILLO,0.0,0.0
201500054243,9,9,15,10,1,75,116,2,7,1,2,"23, AVENUE DE NEUILLY",0.0,0.0
201500054244,9,9,15,21,3,75,116,2,3,1,3,RUE RAYNOUARD,0.0,0.0
201500054245,9,9,15,23,4,75,116,2,1,1,3,ALLEE DE LONGCHAMP,0.0,0.0
201500054246,10,9,15,8,1,75,116,2,7,1,3,"105, BOULEVARD SUCHET",0.0,0.0
201500054247,10,9,15,15,1,75,116,2,2,1,3,"12, AVENUE DE LAMBALLE",0.0,0.0
201500054248,11,9,15,18,1,75,116,2,1,1,6,"21, AVENUE DU PRESIDENT",0.0,0.0
201500054249,10,9,15,19,2,75,116,2,7,1,3,PLACE DU DOCTEUR HAYEM,0.0,0.0
201500054250,14,9,15,14,1,75,116,2,2,1,4,"2, AVENUE FOCH",0.0,0.0
201500054251,15,9,15,21,5,75,116,2,1,1,2,"71, AVENUE MOZART",0.0,0.0
201500054252,15,9,15,21,5,75,116,2,2,2,3,ALLEE DE LONGCHAMP,0.0,0.0
201500054253,17,9,15,9,1,75,116,2,5,1,6,ALLEE DE LA REINE MARGUE,0.0,0.0
201500054254,11,9,15,13,1,75,116,2,1,1,6,"4, AVENUE INGRES",0.0,0.0
201500054255,18,9,15,4,5,75,117,2,5,1,3,AVENUE DE LA PORTE D ASN,0.0,0.0
201500054256,18,9,15,17,1,75,116,2,4,1,3,AVENUE DE LA PORTE D AUT,0.0,0.0
201500054257,18,9,15,19,5,75,117,2,2,2,5,"150, AVENUE DE CLICHY",0.0,0.0
201500054258,19,9,15,2,5,75,116,2,7,1,3,"12, PLACE VICTOR HUGO",0.0,0.0
201500054259,19,9,15,3,5,75,116,2,1,1,6,AVENUE INGRES,0.0,0.0
201500054260,14,9,15,9,1,75,116,2,2,1,7,"25, AVENUE PAUL DOUMER",0.0,0.0
201500054261,21,9,15,9,1,75,116,2,2,1,2,"26, RUE DU RANELAGH",0.0,0.0
201500054262,20,9,15,20,5,75,116,2,3,1,2,"2, RUE DE BELLOY",0.0,0.0
201500054263,21,9,15,16,1,75,116,2,5,1,3,AVENUE DE VERSAILLES,0.0,0.0
201500054264,22,9,15,10,1,75,116,2,4,8,3,QUAI SAINT EXUPERY,0.0,0.0
201500054265,23,9,15,18,1,75,116,2,1,1,6,"12, AVENUE DE LA PORTE D",0.0,0.0
201500054266,24,9,15,1,5,75,116,2,7,1,3,"17, PLACE DES ETATS UNIS",0.0,0.0
201500054267,25,9,15,17,1,75,116,2,6,1,3,PLACE DU MARECHAL DE LAT,0.0,0.0
201500054268,26,9,15,11,1,75,116,2,4,1,3,"182, AVENUE DE VERSAILLE",0.0,0.0
201500054269,27,9,15,20,5,75,116,2,1,1,7,ROUTE DE LA PTE DAUPHINE,0.0,0.0
201500054270,24,9,15,9,1,75,116,2,1,1,6,VOIE GEORGES POMPIDOU,0.0,0.0
201500054271,28,9,15,17,1,75,116,2,5,1,2,AVENUE KLEBER,0.0,0.0
201500054272,28,9,15,19,5,75,116,2,1,1,3,"94, AVENUE D IENA",0.0,0.0
201500054273,28,9,15,18,2,75,116,2,2,1,3,ALLEE DE LONGCHAMP,0.0,0.0
201500054274,29,9,15,17,1,75,116,2,2,1,6,"52BIS, AVENUE D IENA",0.0,0.0
201500054275,28,9,15,17,1,75,116,2,1,1,5,ALLEE DU BORD DE L EAU,0.0,0.0
201500054276,29,9,15,19,5,75,116,2,1,1,6,ALLEE DE LA REINE MARGUE,0.0,0.0
201500054277,30,9,15,9,1,75,116,2,2,1,2,AVENUE DODE DE LA BRUNER,0.0,0.0
201500054278,1,10,15,0,5,75,116,2,1,1,3,"64, AVENUE DE NEW YORK",0.0,0.0
201500054279,1,10,15,9,1,75,116,2,7,1,6,PLACE DE LA PORTE MAILLO,0.0,0.0
201500054280,1,10,15,12,1,75,116,2,2,1,6,"84, AVENUE KLEBER",0.0,0.0
201500054281,1,10,15,17,1,75,116,2,3,1,3,BOULEVARD DE L AMIRAL BR,0.0,0.0
201500054282,1,10,15,23,5,75,116,2,2,1,2,AVENUE DE NEW YORK,0.0,0.0
201500054283,2,10,15,1,5,75,116,2,5,1,3,"108, AVENUE DU PRESIDENT",0.0,0.0
201500054284,2,10,15,16,1,75,116,2,2,1,2,ALLEE DE LONGCHAMP,0.0,0.0
201500054285,2,10,15,21,5,75,116,2,7,1,3,BOULEVARD MURAT,0.0,0.0
201500054286,3,10,15,6,5,75,116,2,5,1,6,AVENUE DU PRESIDENT WILS,0.0,0.0
201500054287,5,10,15,18,1,75,116,2,5,3,5,AVENUE VICTOR HUGO,0.0,0.0
201500054288,6,10,15,17,1,75,116,2,1,1,3,"46, RUE MIRABEAU",0.0,0.0
201500054289,6,10,15,11,1,75,116,2,2,1,3,BOULEVARD SUCHET,0.0,0.0
201500054290,9,10,15,20,5,75,116,2,1,1,6,"33, AVENUE VICTOR HUGO",0.0,0.0
201500054291,11,10,15,13,1,75,116,2,1,1,6,"6, AVENUE ALBERT DE MUN",0.0,0.0
201500054292,11,10,15,14,1,75,116,2,2,1,3,BOULEVARD SUCHET,0.0,0.0
201500054293,10,10,15,13,1,75,116,2,1,1,2,BOULEVARD PERIPHERIQUE E,0.0,0.0
201500054294,13,10,15,14,1,75,116,2,3,1,3,"11, BOULEVARD LANNES",0.0,0.0
201500054295,14,10,15,3,5,75,116,2,2,1,6,AVENUE FOCH,0.0,0.0
201500054296,14,10,15,12,1,75,116,2,2,1,3,QUAI LOUIS BLERIOT,0.0,0.0
201500054297,12,10,15,17,1,75,116,2,3,1,3,"72, AVENUE DE VERSAILLES",0.0,0.0
201500054298,15,10,15,20,5,75,116,2,3,2,2,"40, AVENUE DE VERSAILLES",0.0,0.0
201500054299,16,10,15,9,1,75,116,2,1,2,6,ALLEE DE LA REINE MARGUE,0.0,0.0
201500054300,17,10,15,12,1,75,116,2,1,1,2,BOULEVARD DE L AMIRAL BR,0.0,0.0
201500054301,17,10,15,17,1,75,116,2,3,1,3,"19, AVENUE PAUL DOUMER",0.0,0.0
201500054302,17,10,15,19,5,75,116,2,1,1,2,"59, AVENUE KLEBER",0.0,0.0
201500054303,16,10,15,14,1,75,116,2,3,1,6,"22, RUE DURET",0.0,0.0
201500054304,20,10,15,20,5,75,116,2,1,1,3,ALLEE DE LA REINE MARGUE,0.0,0.0
201500054305,21,10,15,2,5,75,116,2,1,1,6,"82, BOULEVARD MURAT",0.0,0.0
201500054306,22,10,15,14,1,75,116,2,7,1,2,"1, PLACE DU TROCADERO ET",0.0,0.0
201500054307,22,10,15,19,1,75,116,2,1,2,4,"42, AVENUE DU PRESIDENT",0.0,0.0
201500054308,25,10,15,3,5,75,116,2,1,1,2,"9, BOULEVARD DELESSERT",0.0,0.0
201500054309,25,10,15,16,1,75,116,2,1,1,3,"8, AVENUE DE VERSAILLES",0.0,0.0
201500054310,26,10,15,23,5,75,116,2,1,1,2,ALLEE DE LONGCHAMP,0.0,0.0
201500054311,27,10,15,17,2,75,116,2,1,1,6,"40, AVENUE GEORGES MANDE",0.0,0.0
201500054312,28,10,15,11,1,75,116,2,4,1,6,BOULEVARD LANNES,0.0,0.0
201500054313,28,10,15,18,5,75,116,2,1,1,6,AVENUE FOCH,0.0,0.0
201500054314,29,10,15,15,1,75,116,2,1,1,2,AVENUE DE NEW YORK,0.0,0.0
201500054315,30,10,15,2,5,75,116,2,7,1,6,PLACE VICTOR HUGO,0.0,0.0
201500054316,31,10,15,19,5,75,116,2,2,1,6,"3, AVENUE THEOPHILE GAUT",0.0,0.0
201500054317,31,10,15,23,5,75,116,2,5,5,3,ROUTE DE SURESNES,0.0,0.0
201500054318,2,11,15,15,1,75,116,2,1,1,3,"20, AVENUE DU PRESIDENT",0.0,0.0
201500054319,4,11,15,6,2,75,116,2,1,2,6,AVENUE EDOUARD VAILLANT,0.0,0.0
201500054320,4,11,15,15,1,75,116,2,2,1,1,RUE MOLITOR,0.0,0.0
201500054321,4,11,15,17,2,75,116,2,1,1,2,"03, AVENUE PAUL DOUMER",0.0,0.0
201500054322,5,11,15,8,1,75,116,2,2,1,3,", AVENUE HENRI MARTIN",0.0,0.0
201500054323,5,11,15,14,1,75,116,2,2,1,3,BOULEVARD FLANDRIN,0.0,0.0
201500054324,5,11,15,20,5,75,116,2,2,2,3,ALLEE DE LONGCHAMP,0.0,0.0
201500054325,5,11,15,22,5,75,116,2,2,2,6,"13, RUE MOLITOR",0.0,0.0
201500054326,6,11,15,13,1,75,116,2,7,2,6,"67, AVENUE DE VERSAILLES",0.0,0.0
201500054327,7,11,15,0,5,75,116,2,1,1,3,ALLEE DE LONGCHAMP,0.0,0.0
201500054328,6,11,15,18,5,75,116,2,7,2,3,AVENUE DE L HIPPODROME,0.0,0.0
201500054329,8,11,15,4,5,75,116,2,2,1,6,"2, RUE DE L AMIRAL CLOUE",0.0,0.0
201500054330,8,11,15,12,1,75,116,2,7,1,6,ALLEE DE LONGCHAMP,0.0,0.0
201500054331,9,11,15,9,1,75,116,2,7,1,3,AVENUE DE LA GRANDE ARME,0.0,0.0
201500054332,8,11,15,12,1,75,116,2,1,1,2,ROUTE DE SEVRES A NEUILL,0.0,0.0
201500054333,8,11,15,13,1,75,116,2,7,1,6,"02, AVENUE DE NEW YORK",0.0,0.0
201500054334,10,11,15,17,2,75,116,2,1,1,3,"9, RUE MICHEL ANGE",0.0,0.0
201500054335,12,11,15,17,2,75,116,2,1,1,3,AVENUE DE VERSAILLES,0.0,0.0
201500054336,12,11,15,21,5,75,116,2,3,1,3,AVENUE DE LA PORTE D AUT,0.0,0.0
201500054337,14,11,15,10,1,75,116,2,3,1,6,RUE SAINT DIDIER,0.0,0.0
201500054338,14,11,15,19,5,75,116,2,2,1,3,AVENUE FOCH,0.0,0.0
201500054339,16,11,15,8,1,75,116,2,1,1,3,"61, AVENUE DE LA PORTE D",0.0,0.0
201500054340,18,11,15,14,1,75,116,2,2,1,3,RUE CORTAMBERT,0.0,0.0
201500054341,19,11,15,14,1,75,116,2,1,2,6,ALLEE DU BORD DE L EAU,0.0,0.0
201500054342,20,11,15,2,5,75,116,2,1,2,6,AVENUE DE L HIPPODROME,0.0,0.0
201500054343,20,11,15,14,1,75,116,2,4,2,6,BOULEVARD DE BEAUSEJOUR,0.0,0.0
201500054344,21,11,15,1,5,75,116,2,7,2,6,"84, RUE DE LONGCHAMP",0.0,0.0
201500054345,17,11,15,21,5,75,116,2,7,8,3,"/, CARREFOUR DES ANCIENS",0.0,0.0
201500054346,21,11,15,11,1,75,116,2,2,1,3,"38, AVENUE GEORGES MANDE",0.0,0.0
201500054347,21,11,15,19,5,75,116,2,5,1,3,RUE DE LA POMPE,0.0,0.0
201500054348,23,11,15,14,1,75,116,2,2,1,3,BOULEVARD EXELMANS,0.0,0.0
201500054349,24,11,15,20,3,75,116,2,2,2,2,AVENUE D IENA,0.0,0.0
201500054350,25,11,15,8,1,75,116,2,3,2,6,BOULEVARD LANNES,0.0,0.0
201500054351,25,11,15,10,1,75,116,2,2,2,3,"146, RUE DE LONGCHAMP",0.0,0.0
201500054352,25,11,15,12,1,75,116,2,7,2,6,"74, AVENUE VICTOR HUGO",0.0,0.0
201500054353,25,11,15,13,1,75,116,2,2,1,2,AVENUE DE VERSAILLES,0.0,0.0
201500054354,25,11,15,17,2,75,116,2,7,3,6,AVENUE FOCH,0.0,0.0
201500054355,26,11,15,10,1,75,116,2,3,1,2,"23, RUE RAYNOUARD",0.0,0.0
201500054356,28,11,15,9,1,75,116,2,4,1,3,"66, AVENUE DE NEW YORK",0.0,0.0
201500054357,28,11,15,19,5,75,116,2,2,1,3,RUE CLAUDE TERRASSE,0.0,0.0
201500054358,29,11,15,7,1,75,116,2,1,2,6,ALLEE DE LONGCHAMP,0.0,0.0
201500054359,29,11,15,10,1,75,116,2,3,1,6,AVENUE DE LA PORTE D AUT,0.0,0.0
201500054360,7,11,15,14,1,75,116,2,2,1,3,AVENUE HENRI MARTIN,0.0,0.0
201500054361,2,12,15,2,5,75,116,2,7,1,6,"6, PLACE D IENA",0.0,0.0
201500054362,2,12,15,14,1,75,116,2,3,1,6,"2, RUE RUDE",0.0,0.0
201500054363,2,12,15,16,1,75,116,2,1,1,3,"14, AVENUE DU GENERAL CL",0.0,0.0
201500054364,2,12,15,17,5,75,116,2,4,1,6,"35, RUE CHANEZ",0.0,0.0
201500054365,3,12,15,0,5,75,116,2,2,1,6,"53, RUE DE BOULAINVILLIE",0.0,0.0
201500054366,3,12,15,15,1,75,116,2,3,1,6,"48, RUE BOILEAU",0.0,0.0
201500054367,4,12,15,0,5,75,116,2,3,1,6,RUE CLAUDE LORRAIN,0.0,0.0
201500054368,3,12,15,12,1,75,116,2,1,1,2,"1, AVENUE ALBERT DE MUN",0.0,0.0
201500054369,5,12,15,18,2,75,116,2,1,1,3,"35, RUE MIRABEAU",0.0,0.0
201500054370,6,12,15,3,5,75,116,2,1,1,6,CHEMIN DE CEINTURE DU LA,0.0,0.0
201500054371,7,12,15,8,1,75,116,2,5,1,3,ALLEE DE LONGCHAMP,0.0,0.0
201500054372,7,12,15,11,1,75,116,2,1,1,3,"21, RUE BOISSIERE",0.0,0.0
201500054373,7,12,15,16,1,75,116,2,5,1,3,"170, AVENUE DE VERSAILLE",0.0,0.0
201500054374,7,12,15,18,5,75,108,2,2,1,3,"55, BOULEVARD MALESHERBE",0.0,0.0
201500054375,7,12,15,21,3,75,116,2,3,1,7,"59, RUE SPONTINI",0.0,0.0
201500054376,8,12,15,11,1,75,116,2,1,1,2,"23, AVENUE DE LA GRANDE",0.0,0.0
201500054377,8,12,15,13,1,75,116,2,1,2,7,AVENUE INGRES,0.0,0.0
201500054378,8,12,15,14,1,75,116,2,1,2,4,AVENUE DE NEW YORK,0.0,0.0
201500054379,9,12,15,8,1,75,116,2,2,1,3,"26, AVENUE DE NEW YORK",0.0,0.0
201500054380,10,12,15,8,2,75,116,2,5,1,6,AVENUE KLEBER,0.0,0.0
201500054381,9,12,15,21,5,75,116,2,7,1,6,AVENUE GEORGES LAFONT,0.0,0.0
201500054382,10,12,15,14,1,75,116,2,4,1,3,AVENUE DE LA PORTE DE SA,0.0,0.0
201500054383,10,12,15,19,4,75,116,2,2,1,3,ROUTE DE SEVRES A NEUILL,0.0,0.0
201500054384,11,12,15,19,5,75,116,2,1,1,4,ALLEE DE LONGCHAMP,0.0,0.0
201500054385,15,12,15,20,5,75,116,2,1,2,2,"47, RUE COPERNIC",0.0,0.0
201500054386,16,12,15,20,5,75,116,2,1,2,2,"118, BOULEVARD SUCHET",0.0,0.0
201500054387,17,12,15,0,5,75,116,2,1,1,2,ALLEE DES FORTIFICATIONS,0.0,0.0
201500054388,17,12,15,13,1,75,116,2,5,1,3,"10, RUE DE LA POMPE",0.0,0.0
201500054389,18,12,15,10,1,75,116,2,3,8,4,AVENUE DE VERSAILLES,0.0,0.0
201500054390,18,12,15,15,1,75,116,2,1,2,3,"35, AVENUE DE VERSAILLES",0.0,0.0
201500054391,19,12,15,13,1,75,116,2,6,1,3,PLACE DE MEXICO,0.0,0.0
201500054392,20,12,15,2,5,75,116,2,1,1,3,ALLEE DE LA REINE MARGUE,0.0,0.0
201500054393,22,12,15,8,2,75,116,2,7,1,7,PLACE VICTOR HUGO,0.0,0.0
201500054394,22,12,15,12,1,75,116,2,1,1,3,"02, AVENUE DE LA PORTE D",0.0,0.0
201500054395,22,12,15,15,1,75,116,2,7,1,3,PLACE CHARLES DE GAULLE,0.0,0.0
201500054396,22,12,15,19,5,75,116,2,1,1,2,ALLEE DU BORD DE L EAU,0.0,0.0
201500054397,22,12,15,5,5,75,116,2,5,1,6,"52, AVENUE KLEBER",0.0,0.0
201500054398,23,12,15,8,1,75,116,2,2,1,6,"34, RUE MOLITOR",0.0,0.0
201500054399,23,12,15,9,1,75,116,2,3,1,2,ALLEE DU BORD DE L EAU,0.0,0.0
201500054400,23,12,15,11,1,75,116,2,5,1,3,"09, RUE POUSSIN",0.0,0.0
201500054401,24,12,15,0,5,75,117,2,4,1,2,AVENUE DE LA PORTE DE CL,0.0,0.0
201500054402,24,12,15,6,5,75,116,2,7,1,7,"12, PLACE DES ETATS UNIS",0.0,0.0
201500054403,24,12,15,14,1,75,116,2,3,1,3,"155, AVENUE DE VERSAILLE",0.0,0.0
201500054404,25,12,15,1,5,75,117,2,4,2,6,BOULEVARD PERIPHERIQUE E,0.0,0.0
201500054405,28,12,15,10,1,75,116,2,2,1,6,ROUTE DE LA MUETTE A NEU,0.0,0.0
201500054406,28,12,15,13,1,75,116,2,1,1,3,BOULEVARD EMILE AUGIER,0.0,0.0
201500054407,28,12,15,17,5,75,116,2,1,1,2,ALLEE DU BORD DE L EAU,0.0,0.0
201500054408,28,12,15,22,5,75,116,2,7,1,7,PLACE DE LA PORTE MAILLO,0.0,0.0
201500054409,29,12,15,12,1,75,116,2,1,1,3,AVENUE DES NATIONS UNIES,0.0,0.0
201500054410,29,12,15,15,1,75,116,2,2,1,3,"57, AVENUE KLEBER",0.0,0.0
201500054411,5,1,15,11,1,75,117,2,5,1,3,"135, BOULEVARD MALESHERB",0.0,0.0
201500054412,6,1,15,9,1,75,117,2,5,1,3,"82, AVENUE DES TERNES",0.0,0.0
201500054413,6,1,15,22,5,75,117,2,1,1,6,"11, BOULEVARD BERTHIER",0.0,0.0
201500054414,8,1,15,16,1,75,117,2,2,1,6,"18, RUE TORRICELLI",0.0,0.0
201500054415,8,1,15,22,5,75,117,2,3,1,4,"172, AVENUE DE CLICHY",0.0,0.0
201500054416,9,1,15,13,1,75,117,2,7,1,2,"03, AVENUE DE VILLIERS",0.0,0.0
201500054417,10,1,15,18,5,75,117,2,1,2,4,"36, BOULEVARD DE COURCEL",0.0,0.0
201500054418,11,1,15,11,1,75,117,2,3,7,3,"14, BOULEVARD DES BATIGN",0.0,0.0
201500054419,12,1,15,13,1,75,117,2,2,1,3,AVENUE DE LA PORTE D ASN,0.0,0.0
201500054420,13,1,15,14,1,75,117,2,3,8,3,BOULEVARD DES BATIGNOLLE,0.0,0.0
201500054421,14,1,15,13,1,75,117,2,2,8,6,"45, RUE DULONG",0.0,0.0
201500054422,14,1,15,14,1,75,117,2,2,1,2,"57, AVENUE DE VILLIERS",0.0,0.0
201500054423,14,1,15,15,1,75,117,2,1,1,3,"112, AVENUE DE WAGRAM",0.0,0.0
201500054424,19,1,15,8,1,75,117,2,3,2,2,"13, BOULEVARD DU FORT DE",0.0,0.0
201500054425,19,1,15,9,1,75,117,2,1,2,6,"87 bis, AVENUE DE WAGRAM",0.0,0.0
201500054426,19,1,15,17,5,75,117,2,3,1,3,"118, BOULEVARD BERTHIER",0.0,0.0
201500054427,20,1,15,23,5,75,117,2,5,1,3,BOULEVARD DU FORT DE VAU,0.0,0.0
201500054428,21,1,15,19,5,75,117,2,3,1,6,"8, AVENUE DE LA PORTE DE",0.0,0.0