Num_Acc,jour,mois,an,hr,condition_eclairage,departement,commune,condition_agglomeration,intersection,condition_atmosphere,type_collision,adresse,lattitude,longitude
201500054429,22,1,15,20,5,75,117,2,1,1,3,"171, AVENUE DE WAGRAM",0.0,0.0
201500054430,23,1,15,17,1,75,117,2,2,1,6,"64, AVENUE DE WAGRAM",0.0,0.0
201500054431,26,1,15,8,1,75,117,2,7,2,3,PLACE CHARLES DE GAULLE,0.0,0.0
201500054432,27,1,15,18,5,75,117,2,2,1,6,"4, AVENUE DE WAGRAM",0.0,0.0
201500054433,27,1,15,19,5,75,117,2,1,1,3,"102, AVENUE DE VILLIERS",0.0,0.0
201500054434,30,1,15,2,5,75,117,2,4,4,3,AVENUE DE WAGRAM,0.0,0.0
201500054435,30,1,15,11,1,75,117,2,4,3,6,"214, BOULEVARD PEREIRE",0.0,0.0
201500054436,30,1,15,19,5,75,117,2,1,8,2,"131, AVENUE DE VILLIERS",0.0,0.0
201500054437,30,1,15,21,5,75,117,2,2,1,2,"195, RUE DE COURCELLES",0.0,0.0
201500054438,30,1,15,22,5,75,117,2,1,1,6,RUE TOULOUSE LAUTREC,0.0,0.0
201500054439,1,2,15,4,5,75,117,2,5,1,5,AVENUE DE LA PORTE D ASN,0.0,0.0
201500054440,2,2,15,16,1,75,117,2,1,8,3,"05, AVENUE DES TERNES",0.0,0.0
201500054441,4,2,15,14,1,75,117,2,4,1,2,"12, AVENUE DE LA PORTE D",0.0,0.0
201500054442,5,2,15,8,1,75,108,2,1,1,3,"69, RUE DE COURCELLES",0.0,0.0
201500054443,5,2,15,17,1,75,117,2,2,1,3,"18, AVENUE DE VILLIERS",0.0,0.0
201500054444,11,2,15,14,1,75,117,2,3,1,3,"133, AVENUE DE CLICHY",0.0,0.0
201500054445,11,2,15,19,5,75,117,2,2,1,6,"83, RUE DE SAUSSURE",0.0,0.0
201500054446,11,2,15,20,5,75,117,2,2,1,3,"62, AVENUE DE WAGRAM",0.0,0.0
201500054447,12,2,15,21,5,75,117,2,2,1,6,"86, BOULEVARD PEREIRE",0.0,0.0
201500054448,13,2,15,11,1,75,117,2,1,1,2,"66, BOULEVARD DE COURCEL",0.0,0.0
201500054449,14,2,15,13,1,75,108,2,7,8,6,"2, PLACE DES TERNES",0.0,0.0
201500054450,14,2,15,21,5,75,117,2,1,2,6,AVENUE DE LA PORTE DES T,0.0,0.0
201500054451,14,2,15,23,5,75,117,2,1,2,2,"127, AVENUE DE CLICHY",0.0,0.0
201500054452,15,2,15,15,1,75,117,2,1,1,3,"28, RUE ANDRE BRECHET",0.0,0.0
201500054453,16,2,15,17,2,75,117,2,4,1,6,"22, AVENUE DE LA GRANDE",0.0,0.0
201500054454,17,2,15,14,1,75,117,2,3,1,6,"3, AVENUE EMILE ET ARMAN",0.0,0.0
201500054455,18,2,15,11,1,75,117,2,2,1,2,"84, AVENUE DE VILLIERS",0.0,0.0
201500054456,18,2,15,17,1,75,117,2,1,1,3,"13, BOULEVARD BERTHIER",0.0,0.0
201500054457,19,2,15,11,1,75,108,2,1,1,3,"19, AVENUE GEORGE V",0.0,0.0
201500054458,20,2,15,12,1,75,117,2,5,2,6,"125, BOULEVARD BESSIERES",0.0,0.0
201500054459,23,2,15,9,1,75,117,2,1,1,3,"6, RUE LACROIX",0.0,0.0
201500054460,27,2,15,9,1,75,117,2,5,1,3,"1, BOULEVARD DE DOUAUMON",0.0,0.0
201500054461,27,2,15,9,1,75,117,2,4,1,3,"22, AVENUE DE LA GRANDE",0.0,0.0
201500054462,27,2,15,16,1,75,117,2,7,1,3,"50bis, AVENUE DE LA GRAN",0.0,0.0
201500054463,28,2,15,11,1,75,117,2,5,1,6,"139, AVENUE DE WAGRAM",0.0,0.0
201500054464,2,3,15,9,1,75,117,2,3,1,2,"28, BOULEVARD PEREIRE",0.0,0.0
201500054465,4,3,15,17,1,75,117,2,1,1,6,"06, AVENUE DE LA PORTE D",0.0,0.0
201500054466,5,3,15,10,1,75,117,2,5,1,6,"165, RUE DE ROME",0.0,0.0
201500054467,6,3,15,22,5,75,117,2,2,1,2,"228, RUE DE COURCELLES",0.0,0.0
201500054468,7,3,15,16,1,75,117,2,7,1,3,"18, AVENUE GOURGAUD",0.0,0.0
201500054469,7,3,15,18,5,75,117,2,2,1,3,"52, AVENUE DE LA GRANDE",0.0,0.0
201500054470,8,3,15,10,1,75,117,2,4,1,6,"99, RUE DE PRONY",0.0,0.0
201500054471,11,3,15,18,5,75,117,2,1,1,3,"119, AVENUE DE VILLIERS",0.0,0.0
201500054472,13,3,15,0,5,75,117,2,2,1,3,BOULEVARD DE LA SOMME,0.0,0.0
201500054473,13,3,15,19,5,75,117,2,2,1,3,"27, AVENUE DE CLICHY",0.0,0.0
201500054474,14,3,15,2,5,75,117,2,1,1,2,"20, BOULEVARD DU FORT DE",0.0,0.0
201500054475,14,3,15,6,2,75,117,2,2,1,2,"38, BOULEVARD DES BATIGN",0.0,0.0
201500054476,15,3,15,12,1,75,117,2,1,1,6,"8, PLACE DE LA PORTE DE",0.0,0.0
201500054477,16,3,15,11,1,75,117,2,1,1,2,"139, AVENUE DE VILLIERS",0.0,0.0
201500054478,17,3,15,10,1,75,117,2,1,1,3,"24, AVENUE DE LA GRANDE",0.0,0.0
201500054479,17,3,15,13,1,75,117,2,3,1,3,"163, AVENUE DE CLICHY",0.0,0.0
201500054480,18,3,15,9,1,75,117,2,1,1,3,"0, RUE FRUCTIDOR",0.0,0.0
201500054481,20,3,15,14,1,75,117,2,2,1,3,AVENUE DE LA PORTE D ASN,0.0,0.0
201500054482,22,3,15,18,1,75,117,2,1,1,6,"148, BOULEVARD MALESHERB",0.0,0.0
201500054483,23,3,15,7,1,75,108,2,1,1,2,AVENUE DES CHAMPS ELYSEE,0.0,0.0
201500054484,23,3,15,11,1,75,117,2,2,1,6,"/, RUE CARDINET",0.0,0.0
201500054485,24,3,15,8,1,75,117,2,2,1,6,"17, AVENUE DE LA PORTE D",0.0,0.0
201500054486,25,3,15,19,5,75,117,2,1,1,1,"95, AVENUE DE CLICHY",0.0,0.0
201500054487,26,3,15,10,1,75,117,2,7,2,3,AVENUE DE LA GRANDE ARME,0.0,0.0
201500054488,28,3,15,3,5,75,117,2,1,2,6,"174, AVENUE DE CLICHY",0.0,0.0
201500054489,28,3,15,17,1,75,117,2,1,1,6,"5, RUE NAVIER",0.0,0.0
201500054490,28,3,15,17,1,75,117,2,1,1,3,"07, AVENUE DES TERNES",0.0,0.0
201500054491,29,3,15,5,5,75,108,2,7,2,2,"1, PLACE DE LA CONCORDE",0.0,0.0
201500054492,30,3,15,23,5,75,117,2,1,1,3,"7, AVENUE DE CLICHY",0.0,0.0
201500054493,31,3,15,13,1,75,117,2,2,1,2,"18, BOULEVARD DES BATIGN",0.0,0.0
201500054494,2,4,15,1,5,75,117,2,7,1,6,"2, PLACE DE LA REPUBLIQU",0.0,0.0
201500054495,2,4,15,8,1,75,117,2,3,1,3,"115, RUE DE ROME",0.0,0.0
201500054496,2,4,15,11,1,75,117,2,3,2,7,"66, AVENUE DE LA GRANDE",0.0,0.0
201500054497,4,4,15,23,5,75,117,2,5,2,6,"145, RUE CARDINET",0.0,0.0
201500054498,4,4,15,5,5,75,117,2,7,1,6,AVENUE DE LA GRANDE ARME,0.0,0.0
201500054499,4,4,15,11,1,75,117,2,2,2,3,"5, PLACE GENERAL CATROUX",0.0,0.0
201500054500,4,4,15,23,5,75,117,2,2,1,3,"34, RUE JOUFFROY D ABBAN",0.0,0.0
201500054501,5,4,15,11,1,75,117,2,1,1,3,"11, BOULEVARD BERTHIER",0.0,0.0
201500054502,6,4,15,19,1,75,117,2,1,1,6,"186, RUE CARDINET",0.0,0.0
201500054503,7,4,15,6,1,75,117,2,3,1,2,"201, BOULEVARD MALESHERB",0.0,0.0
201500054504,8,4,15,9,1,75,117,2,1,1,6,"37, AVENUE DE CLICHY",0.0,0.0
201500054505,8,4,15,22,5,75,117,2,1,1,7,"18, AVENUE GOURGAUD",0.0,0.0
201500054506,9,4,15,19,1,75,117,2,2,1,6,"13, RUE GALVANI",0.0,0.0
201500054507,10,4,15,14,1,75,116,2,3,1,3,"17, AVENUE DE LA GRANDE",0.0,0.0
201500054508,13,4,15,18,1,75,117,2,7,1,6,"01, AVENUE DE WAGRAM",0.0,0.0
201500054509,14,4,15,12,1,75,117,2,2,1,2,"94, BOULEVARD MALESHERBE",0.0,0.0
201500054510,15,4,15,9,1,75,117,2,3,1,3,AVENUE DE CLICHY,0.0,0.0
201500054511,15,4,15,13,1,75,117,2,7,1,3,"2, PLACE DE LA PORTE MAI",0.0,0.0
201500054512,16,4,15,10,1,75,117,2,2,1,3,"51, AVENUE DE VILLIERS",0.0,0.0
201500054513,17,4,15,14,1,75,117,2,3,1,3,"25, BOULEVARD GOUVION SA",0.0,0.0
201500054514,18,4,15,9,1,75,117,2,4,1,6,"21, BOULEVARD DE L YSER",0.0,0.0
201500054515,19,4,15,6,1,75,117,2,2,1,2,"22, BOULEVARD DU FORT DE",0.0,0.0
201500054516,19,4,15,17,1,75,117,2,5,1,6,"19, BOULEVARD PEREIRE",0.0,0.0
201500054517,20,4,15,13,1,75,108,2,3,1,2,"27, RUE ROYALE",0.0,0.0
201500054518,21,4,15,17,1,75,117,2,1,1,6,"23, AVENUE DE CLICHY",0.0,0.0
201500054519,22,4,15,13,1,75,117,2,2,1,2,"124, AVENUE DE CLICHY",0.0,0.0
201500054520,22,4,15,13,1,75,117,2,1,1,6,"1, RUE LEMERCIER",0.0,0.0
201500054521,22,4,15,19,1,75,116,2,1,1,6,"109, BOULEVARD MURAT",0.0,0.0
201500054522,23,4,15,2,5,75,117,2,5,1,6,"2 - 4, PLACE DE LA PORTE",0.0,0.0
201500054523,23,4,15,18,1,75,117,2,4,1,3,"3, AVENUE DE VILLIERS",0.0,0.0
201500054524,24,4,15,9,1,75,117,2,1,1,2,"2, PLACE DE LA PORTE MAI",0.0,0.0
201500054525,26,4,15,17,1,75,117,2,3,2,6,"51, AVENUE DES TERNES",0.0,0.0
201500054526,26,4,15,21,5,75,117,2,1,2,6,"141, RUE DE ROME",0.0,0.0
201500054527,28,4,15,1,5,75,117,2,5,1,3,"143, AVENUE DE VILLIERS",0.0,0.0
201500054528,29,4,15,15,1,75,117,2,3,1,3,"91, BOULEVARD BESSIERES",0.0,0.0
201500054529,29,4,15,18,1,75,117,2,7,1,7,"1, PLACE DE LA PORTE MAI",0.0,0.0
201500054530,4,5,15,13,1,75,117,2,1,1,6,"11, RUE TARBE",0.0,0.0
201500054531,4,5,15,16,1,75,117,2,1,2,3,"14, PLACE GENERAL CATROU",0.0,0.0
201500054532,5,5,15,16,1,75,117,2,2,1,6,"83, RUE DE SAUSSURE",0.0,0.0
201500054533,6,5,15,12,1,75,117,2,3,1,3,"0, AVENUE DE LA PORTE DE",0.0,0.0
201500054534,6,5,15,18,1,75,117,2,7,1,3,"06, AVENUE DE LA GRANDE",0.0,0.0
201500054535,7,5,15,7,1,75,117,2,1,1,3,"232, RUE DE COURCELLES",0.0,0.0
201500054536,7,5,15,14,1,75,117,2,7,1,6,"2, PLACE DU GENERAL KOEN",0.0,0.0
201500054537,8,5,15,12,1,75,117,2,3,1,3,"44, RUE BRUNEL",0.0,0.0
201500054538,8,5,15,14,1,75,117,2,2,1,6,"131, AVENUE DE WAGRAM",0.0,0.0
201500054539,8,5,15,14,1,75,117,2,1,1,2,"26, RUE DES EPINETTES",0.0,0.0
201500054540,8,5,15,20,1,75,117,2,1,1,6,"08, RUE NOLLET",0.0,0.0
201500054541,9,5,15,13,1,75,117,2,4,1,3,"34, AVENUE DE LA PORTE D",0.0,0.0
201500054542,12,5,15,9,1,75,117,2,1,1,3,"20, BOULEVARD GOUVION SA",0.0,0.0
201500054543,12,5,15,13,1,75,117,2,5,1,3,AVENUE DE LA PORTE DE CH,0.0,0.0
201500054544,12,5,15,13,1,75,117,2,1,1,6,"24, RUE BROCHANT",0.0,0.0
201500054545,13,5,15,15,1,75,117,2,2,1,6,RUE TORRICELLI,0.0,0.0
201500054546,13,5,15,17,1,75,117,2,2,1,3,"25, RUE GUERSANT",0.0,0.0
201500054547,13,5,15,18,1,75,117,2,1,1,2,"7, BOULEVARD DU BOIS LE",0.0,0.0
201500054548,15,5,15,14,1,75,117,2,5,1,2,"01, BOULEVARD PEREIRE",0.0,0.0
201500054549,16,5,15,10,1,75,101,2,2,1,3,"1, BOULEVARD DE LA MADEL",0.0,0.0
201500054550,17,5,15,14,1,75,117,2,5,1,6,"29, AVENUE NIEL",0.0,0.0
201500054551,18,5,15,10,1,75,117,2,7,1,6,"72, AVENUE DE VILLIERS",0.0,0.0
201500054552,18,5,15,10,1,75,117,2,5,1,5,"10, AVENUE DE LA GRANDE",0.0,0.0
201500054553,18,5,15,19,1,75,117,2,5,1,6,"87, RUE DULONG",0.0,0.0
201500054554,21,5,15,19,1,75,117,2,7,1,2,"2, PLACE DE LA PORTE MAI",0.0,0.0
201500054555,23,5,15,17,1,75,117,2,4,1,3,"11, BOULEVARD BERTHIER",0.0,0.0
201500054556,23,5,15,22,5,75,117,2,2,1,6,"101, RUE DE COURCELLES",0.0,0.0
201500054557,26,5,15,16,1,75,117,2,1,1,6,"56, RUE GAUTHEY",0.0,0.0
201500054558,27,5,15,9,1,75,117,2,3,1,1,"91, AVENUE DE VILLIERS",0.0,0.0
201500054559,27,5,15,11,1,75,117,2,1,1,2,BOULEVARD PERIPHERIQUE,0.0,0.0
201500054560,28,5,15,8,1,75,117,2,1,1,6,"13 ter, BOULEVARD BERTHI",0.0,0.0
201500054561,28,5,15,22,5,75,117,2,2,1,3,AVENUE DE LA PORTE DES T,0.0,0.0
201500054562,29,5,15,8,1,75,117,2,7,1,6,"24, PLACE CHARLES FILLIO",0.0,0.0
201500054563,30,5,15,18,1,75,117,2,7,1,3,PLACE PAUL LEAUTAUD,0.0,0.0
201500054564,30,5,15,18,1,75,117,2,1,1,2,BOULEVARD PERIPHERIQUE,0.0,0.0
201500054565,31,5,15,12,1,75,117,2,2,3,6,"30, BOULEVARD DE COURCEL",0.0,0.0
201500054566,31,5,15,14,1,75,117,2,2,2,3,"132, AVENUE DE CLICHY",0.0,0.0
201500054567,1,6,15,8,1,75,117,2,4,1,3,"81, AVENUE DES TERNES",0.0,0.0
201500054568,4,6,15,15,1,75,117,2,1,1,4,"100, AVENUE DE VILLIERS",0.0,0.0
201500054569,5,6,15,8,1,75,117,2,3,1,2,RUE LAUGIER,0.0,0.0
201500054570,5,6,15,13,1,75,117,2,3,1,3,"108, RUE DE COURCELLES",0.0,0.0
201500054571,6,6,15,18,1,75,117,2,1,1,6,"21, RUE GUY MOQUET",0.0,0.0
201500054572,9,6,15,20,1,75,117,2,2,1,1,"81, AVENUE DE SAINT OUEN",0.0,0.0
201500054573,11,6,15,11,1,75,117,2,4,1,3,"11, BOULEVARD BERTHIER",0.0,0.0
201500054574,11,6,15,18,1,75,117,2,3,1,6,"01, AVENUE EMILE ET ARMA",0.0,0.0
201500054575,11,6,15,17,1,75,117,2,2,1,2,"35, AVENUE DES TERNES",0.0,0.0
201500054576,12,6,15,0,5,75,117,2,1,1,7,"56, BOULEVARD BERTHIER",0.0,0.0
201500054577,12,6,15,9,1,75,117,2,1,1,6,"79, RUE JOUFFROY D ABBAN",0.0,0.0
201500054578,13,6,15,7,1,75,117,2,1,1,2,"05, RUE CATULLE MENDES",0.0,0.0
201500054579,12,6,15,21,1,75,117,2,7,1,6,"80, AVENUE DE LA GRANDE",0.0,0.0
201500054580,13,6,15,13,1,75,117,2,2,1,3,"103, RUE CARDINET",0.0,0.0
201500054581,14,6,15,13,1,75,117,2,2,1,3,"/, RUE DU CAPITAINE LAGA",0.0,0.0
201500054582,15,6,15,17,1,75,117,2,1,1,6,"1, AVENUE DE LA PORTE D",0.0,0.0
201500054583,15,6,15,17,1,75,117,2,3,1,6,"176, AVENUE DE CLICHY",0.0,0.0
201500054584,16,6,15,9,1,75,116,2,1,1,2,"19, AVENUE D IENA",0.0,0.0
201500054585,16,6,15,18,1,75,117,2,1,1,6,"157, AVENUE DE CLICHY",0.0,0.0
201500054586,16,6,15,23,5,75,117,2,2,1,2,"66, AVENUE DE VILLIERS",0.0,0.0
201500054587,17,6,15,8,1,75,117,2,4,1,3,"16, PLACE DE VERDUN",0.0,0.0
201500054588,17,5,15,13,1,75,117,2,1,1,3,"190, AVENUE DE CLICHY",0.0,0.0
201500054589,17,6,15,13,1,75,117,2,1,1,3,"190, AVENUE DE CLICHY",0.0,0.0
201500054590,17,6,15,19,1,75,117,2,1,1,3,BOULEVARD PERIPHERIQUE I,0.0,0.0
201500054591,18,6,15,22,5,75,117,2,1,1,6,"30, BOULEVARD DE DOUAUMO",0.0,0.0
201500054592,19,6,15,12,1,75,117,2,7,1,3,PLACE CHARLES DE GAULLE,0.0,0.0
201500054593,21,6,15,18,1,75,117,2,5,1,3,"1, AVENUE STEPHANE MALLA",0.0,0.0
201500054594,24,6,15,1,5,75,117,2,2,1,6,RUE DE ROME,0.0,0.0
201500054595,24,6,15,8,1,75,117,2,2,1,3,"1, BOULEVARD DE LA SOMME",0.0,0.0
201500054596,24,6,15,13,1,75,116,2,2,1,2,"01, AVENUE FOCH",0.0,0.0
201500054597,24,6,15,20,1,75,117,2,2,1,3,"18, AVENUE DE VILLIERS",0.0,0.0
201500054598,25,6,15,10,1,75,116,2,1,1,6,"117, RUE DE LONGCHAMP",0.0,0.0
201500054599,25,6,15,15,1,75,116,2,5,1,3,AVENUE PAUL DOUMER,0.0,0.0
201500054600,27,6,15,15,1,75,117,2,1,1,3,"43, AVENUE DE WAGRAM",0.0,0.0
201500054601,29,6,15,16,1,75,117,2,2,1,2,PLACE DE LA PORTE DE CHA,0.0,0.0
201500054602,29,6,15,16,1,75,117,2,1,1,5,"38, BOULEVARD BERTHIER",0.0,0.0
201500054603,30,6,15,6,1,75,117,2,2,1,3,RUE CARDINET,0.0,0.0
201500054604,30,6,15,15,1,75,117,2,7,1,3,"01, PLACE GENERAL CATROU",0.0,0.0
201500054605,1,7,15,20,1,75,117,2,3,1,6,"23, AVENUE BRUNETIERE",0.0,0.0
201500054606,2,7,15,14,1,75,117,2,1,1,3,"127, AVENUE DE VILLIERS",0.0,0.0
201500054607,3,7,15,0,5,75,117,2,2,1,3,RUE LEGENDRE,0.0,0.0
201500054608,5,7,15,17,1,75,117,2,1,1,6,"18, BOULEVARD BESSIERES",0.0,0.0
201500054609,6,7,15,0,5,75,117,2,7,1,3,AVENUE DE WAGRAM,0.0,0.0
201500054610,6,7,15,15,1,75,117,2,5,1,3,"114, RUE DE TOCQUEVILLE",0.0,0.0
201500054611,7,7,15,16,1,75,117,2,1,1,6,"164, RUE DE SAUSSURE",0.0,0.0
201500054612,9,7,15,12,1,75,117,2,1,1,6,"2, RUE CURNONSKY",0.0,0.0
201500054613,10,7,15,9,1,75,117,2,7,1,3,"1, PLACE DE LA PORTE MAI",0.0,0.0
201500054614,11,7,15,17,1,75,117,2,1,1,2,"67, AVENUE NIEL",0.0,0.0
201500054615,11,7,15,19,1,75,117,2,1,1,2,"12, BOULEVARD DES BATIGN",0.0,0.0
201500054616,12,7,15,15,1,75,117,2,5,1,3,"04, BOULEVARD BERTHIER",0.0,0.0
201500054617,12,7,15,16,1,75,108,2,7,2,6,"1, PLACE DE LA REPUBLIQU",0.0,0.0
201500054618,13,7,15,20,1,75,117,2,2,1,3,"85, AVENUE DE WAGRAM",0.0,0.0
201500054619,15,7,15,18,1,75,117,2,2,1,6,"24, AVENUE DE LA PORTE D",0.0,0.0
201500054620,15,7,15,21,1,75,117,2,7,7,2,"02, AVENUE DE LA GRANDE",0.0,0.0
201500054621,18,7,15,6,2,75,117,2,1,1,1,"93, AVENUE NIEL",0.0,0.0
201500054622,19,7,15,1,5,75,116,2,5,3,7,"19, CHAUSSEE LA MUETTE",0.0,0.0
201500054623,19,7,15,20,1,75,117,2,1,1,6,"7, RUE DE L ETOILE",0.0,0.0
201500054624,20,7,15,19,1,75,117,2,5,1,3,"80, AVENUE DE WAGRAM",0.0,0.0
201500054625,21,7,15,19,1,75,117,2,1,1,6,"28, RUE LEGENDRE",0.0,0.0
201500054626,23,7,15,16,1,75,117,2,2,1,6,"61, RUE DE LEVIS",0.0,0.0
201500054627,25,7,15,7,1,75,117,2,2,1,3,"16, BOULEVARD DES BATIGN",48.52597,2.19315
201500054628,27,7,15,10,1,75,117,2,7,2,3,"50, PLACE DE LA REPUBLIQ",0.0,0.0
201500054629,28,7,15,9,1,75,117,2,7,1,3,"14, RUE GEORGES BERGER",0.0,0.0
201500054630,28,7,15,15,1,75,117,2,7,1,3,"2, PLACE DE LA PORTE MAI",0.0,0.0
201500054631,29,7,15,19,1,75,117,2,7,1,6,"4, AVENUE DE VILLIERS",0.0,0.0
201500054632,1,8,15,15,1,75,117,2,1,1,3,"5, PLACE DE LA PORTE DE",0.0,0.0
201500054633,30,7,15,12,1,75,117,2,5,1,6,"21, RUE GUY MOQUET",0.0,0.0
201500054634,2,8,15,21,2,75,117,2,1,1,6,"26, BOULEVARD BESSIERES",0.0,0.0
201500054635,4,8,15,13,1,75,117,2,2,1,6,"39, RUE JOUFFROY D ABBAN",0.0,0.0
201500054636,3,8,15,19,1,75,117,2,3,1,6,"13, AVENUE STEPHANE MALL",0.0,0.0
201500054637,5,8,15,20,1,75,116,2,7,1,6,"39, RUE BENJAMIN FRANKLI",0.0,0.0
201500054638,6,8,15,19,1,75,117,2,5,1,6,"22, BOULEVARD BESSIERES",0.0,0.0
201500054639,6,8,15,5,5,75,117,2,3,1,3,"106, AVENUE DE CLICHY",0.0,0.0
201500054640,6,8,15,23,5,75,117,2,7,1,2,"146, RUE CARDINET",0.0,0.0
201500054641,10,8,15,8,1,75,108,2,1,1,6,VOIE GEORGES POMPIDOU,0.0,0.0
201500054642,13,8,15,19,1,75,117,2,7,2,3,"4, PLACE DE LA PORTE DE",0.0,0.0
201500054643,14,8,15,0,5,75,117,2,7,2,7,"2, PLACE DE LA PORTE MAI",0.0,0.0
201500054644,15,8,15,2,5,75,117,2,2,2,6,"14, RUE DES BATIGNOLLES",0.0,0.0
201500054645,17,8,15,15,1,75,116,2,7,1,6,"1, PLACE DE LA PORTE MAI",0.0,0.0
201500054646,19,8,15,7,1,75,117,2,2,1,2,"3, AVENUE DE LA PORTE DE",0.0,0.0
201500054647,23,8,15,11,1,75,117,2,3,1,6,"82, AVENUE DE CLICHY",0.0,0.0
201500054648,29,8,15,1,5,75,117,2,2,1,6,"136, AVENUE DE CLICHY",0.0,0.0
201500054649,29,8,15,4,5,75,117,2,1,1,6,AVENUE PAUL ADAM,0.0,0.0
201500054650,31,8,15,14,1,75,117,2,5,1,3,AVENUE DE LA PORTE DE CH,0.0,0.0
201500054651,2,9,15,12,1,75,117,2,3,1,3,"1, RUE CAROLINE",0.0,0.0
201500054652,3,9,15,16,1,75,117,2,2,1,3,"31, RUE DES BATIGNOLLES",48.5306,2.19149
201500054653,3,9,15,18,1,75,117,2,2,1,6,"17, RUE PIERRE DEMOURS",0.0,0.0
201500054654,4,9,15,0,5,75,117,2,1,1,6,"26, BOULEVARD BERTHIER",0.0,0.0
201500054655,4,9,15,13,1,75,117,2,1,1,3,"52, BOULEVARD DU FORT DE",0.0,0.0
201500054656,6,9,15,18,1,75,116,2,7,1,2,AVENUE PAUL DOUMER,0.0,0.0
201500054657,6,9,15,20,5,75,117,2,5,1,4,RUE DU CAPORAL PEUGEOT,0.0,0.0
201500054658,7,9,15,9,1,75,117,2,4,1,3,BOULEVARD PERSHING,0.0,0.0
201500054659,7,9,15,12,1,75,117,2,7,1,3,"6, PLACE GENERAL CATROUX",0.0,0.0
201500054660,9,9,15,18,1,75,117,2,7,1,3,"16, PLACE GENERAL CATROU",0.0,0.0
201500054661,9,9,15,18,1,75,117,2,1,1,3,BOULEVARD PERIPHERIQUE E,0.0,0.0
201500054662,10,9,15,0,5,75,117,2,1,1,3,"13, BOULEVARD BERTHIER",0.0,0.0
201500054663,10,9,15,10,1,75,117,2,3,1,3,"76, AVENUE DES TERNES",0.0,0.0
201500054664,11,9,15,10,1,75,117,2,1,1,3,"32, BOULEVARD BERTHIER",0.0,0.0
201500054665,11,9,15,14,1,75,117,2,1,1,2,"168, BOULEVARD MALESHERB",0.0,0.0
201500054666,11,9,15,13,1,75,117,2,2,1,3,RUE DU CAPORAL PEUGEOT,0.0,0.0
201500054667,10,9,15,20,5,75,116,2,7,1,3,"03, AVENUE VICTOR HUGO",0.0,0.0
201500054668,13,9,15,15,1,75,117,2,2,2,2,"2, BOULEVARD DE COURCELL",0.0,0.0
201500054669,14,9,15,9,1,75,117,2,1,2,6,"51, AVENUE DES TERNES",0.0,0.0
201500054670,14,9,15,16,1,75,117,2,7,1,3,"02, PLACE DE LA PORTE MA",0.0,0.0
201500054671,15,9,15,16,1,75,117,2,1,1,3,BOULEVARD PERIPHERIQUE I,0.0,0.0
201500054672,16,9,15,13,1,75,117,2,7,3,3,"01, AVENUE MAC MAHON",0.0,0.0
201500054673,17,9,15,8,1,75,117,2,5,8,3,"26, BOULEVARD BERTHIER",0.0,0.0
201500054674,17,9,15,12,1,75,117,2,4,2,6,"57, AVENUE DE SAINT OUEN",0.0,0.0
201500054675,17,9,15,14,1,75,117,2,3,1,5,"153, RUE CARDINET",0.0,0.0
201500054676,18,9,15,8,1,75,117,2,7,1,3,"5, PLACE DE CLICHY",0.0,0.0
201500054677,20,9,15,5,5,75,117,2,7,1,6,PLACE DU GENERAL KOENIG,0.0,0.0
201500054678,20,9,15,17,1,75,117,2,1,1,3,"56, BOULEVARD BERTHIER",0.0,0.0
201500054679,21,9,15,23,5,75,117,2,4,1,3,"72, BOULEVARD GOUVION SA",0.0,0.0
201500054680,22,9,15,10,1,75,117,2,1,2,6,"27 BIS, AVENUE DE VILLIE",0.0,0.0
201500054681,23,9,15,10,1,75,117,2,1,1,2,"14, RUE FRUCTIDOR",48.53361,2.19053
201500054682,25,9,15,2,5,75,117,2,6,8,6,"1, PLACE PAUL LEAUTAUD",0.0,0.0
201500054683,25,9,15,11,1,75,117,2,1,1,2,"10, AVENUE CARNOT",0.0,0.0
201500054684,25,9,15,15,1,75,117,2,1,1,3,"22, AVENUE DE LA GRANDE",0.0,0.0
201500054685,26,9,15,7,1,75,117,2,4,1,2,RUE TOULOUSE LAUTREC,0.0,0.0
201500054686,26,9,15,13,1,75,117,2,1,1,6,"54, RUE DE PRONY",0.0,0.0
201500054687,29,9,15,10,1,75,117,2,7,1,3,"02, PLACE DE LA PORTE MA",0.0,0.0
201500054688,29,9,15,9,1,75,117,2,1,1,2,"22, BOULEVARD BESSIERES",0.0,0.0
201500054689,2,10,15,10,1,75,117,2,2,1,6,"615, BOULEVARD PEREIRE",0.0,0.0
201500054690,3,10,15,1,5,75,108,2,7,1,6,"02, PLACE DU CANADA",0.0,0.0
201500054691,3,10,15,2,5,75,117,2,2,1,3,BOULEVARD BESSIERES,0.0,0.0
201500054692,3,10,15,11,1,75,117,2,1,1,6,"32, BOULEVARD BERTHIER",0.0,0.0
201500054693,29,9,15,17,1,75,117,2,2,1,6,"40, AVENUE DE LA GRANDE",0.0,0.0
201500054694,6,10,15,18,1,75,117,2,1,1,3,"23, RUE ALBERT ROUSSEL",0.0,0.0
201500054695,7,10,15,9,1,75,117,2,7,1,3,"30, BOULEVARD DE COURCEL",0.0,0.0
201500054696,7,10,15,17,1,75,116,2,1,8,3,"34, BOULEVARD SUCHET",0.0,0.0
201500054697,3,10,15,15,1,75,117,2,1,1,6,"110, RUE JOUFFROY D ABBA",0.0,0.0
201500054698,9,10,15,4,5,75,108,2,1,1,6,AVENUE DES CHAMPS ELYSEE,0.0,0.0
201500054699,9,10,15,13,1,75,117,2,2,1,3,"38, RUE LA CONDAMINE",0.0,0.0
201500054700,9,10,15,19,2,75,117,2,4,1,3,"88, AVENUE DE VILLIERS",0.0,0.0
201500054701,9,10,15,19,5,75,117,2,1,1,6,"229, BOULEVARD PEREIRE",0.0,0.0
201500054702,10,10,15,16,1,75,117,2,3,1,2,"170, AVENUE DE CLICHY",0.0,0.0
201500054703,12,10,15,9,1,75,117,2,1,1,3,"61, AVENUE DE CLICHY",0.0,0.0
201500054704,12,10,15,15,1,75,117,2,1,1,6,"02, RUE DE PHALSBOURG",0.0,0.0
201500054705,12,10,15,18,1,75,117,2,1,1,3,"43, AVENUE DE WAGRAM",0.0,0.0