Num_Acc,jour,mois,an,hr,condition_eclairage,departement,commune,condition_agglomeration,intersection,condition_atmosphere,type_collision,adresse,lattitude,longitude
201500054706,13,10,15,8,1,75,117,2,5,1,3,"2, BOULEVARD DE REIMS",0.0,0.0
201500054707,13,10,15,15,1,75,117,2,1,1,3,"32, BOULEVARD BERTHIER",0.0,0.0
201500054708,13,10,15,22,5,75,117,2,1,1,6,BOULEVARD DE DOUAUMONT,0.0,0.0
201500054709,14,10,15,12,1,75,117,2,1,1,2,"26, AVENUE DE LA GRANDE",0.0,0.0
201500054710,15,10,15,14,1,75,117,2,2,1,6,"5, RUE FARADAY",0.0,0.0
201500054711,20,10,15,8,1,75,117,2,1,1,3,"80, BOULEVARD BESSIERES",0.0,0.0
201500054712,20,10,15,10,1,75,117,2,4,1,3,"01, RUE FERNAND PELLOUTI",0.0,0.0
201500054713,21,10,15,19,5,75,117,2,3,2,3,"80, BOULEVARD DES BATIGN",0.0,0.0
201500054714,22,10,15,20,5,75,117,2,7,2,6,"51 bis, BOULEVARD BERTHI",0.0,0.0
201500054715,23,10,15,15,1,75,117,2,1,1,4,"154, RUE CARDINET",0.0,0.0
201500054716,24,10,15,11,1,75,117,2,2,1,6,"30 bis, AVENUE NIEL",0.0,0.0
201500054717,24,10,15,15,1,75,117,2,2,1,6,AVENUE DE LA PORTE DE CL,0.0,0.0
201500054718,26,10,15,10,1,75,117,2,1,1,3,"3, RUE ANDRE BRECHET",0.0,0.0
201500054719,27,10,15,15,1,75,117,2,1,1,6,"74, AVENUE DE VILLIERS",0.0,0.0
201500054720,28,10,15,7,2,75,117,2,1,2,7,"/, PLACE DE LA PORTE MAI",0.0,0.0
201500054721,28,10,15,13,1,75,117,2,3,1,2,"104, BOULEVARD DE COURCE",0.0,0.0
201500054722,28,10,15,15,1,75,117,2,1,1,6,"23, AVENUE DE LA PORTE D",0.0,0.0
201500054723,30,10,15,18,2,75,117,2,2,1,3,"12, AVENUE STEPHANE MALL",0.0,0.0
201500054724,31,10,15,2,5,75,117,2,2,1,2,"96, AVENUE DE CLICHY",0.0,0.0
201500054725,3,11,15,5,5,75,117,2,5,2,6,"36, BOULEVARD BESSIERES",0.0,0.0
201500054726,3,11,15,22,5,75,117,2,2,2,3,"02, AVENUE NIEL",0.0,0.0
201500054727,4,11,15,2,5,75,117,2,7,2,6,"2, PLACE DU MARECHAL JUI",0.0,0.0
201500054728,7,11,15,21,5,75,117,2,3,1,6,"99, AVENUE DE SAINT OUEN",0.0,0.0
201500054729,8,11,15,4,5,75,117,2,1,1,2,"40, BOULEVARD GOUVION SA",0.0,0.0
201500054730,9,11,15,13,1,75,116,2,1,1,6,AVENUE DU MAHATMA GANDHI,0.0,0.0
201500054731,9,11,15,23,5,75,117,2,7,1,3,"169, RUE DE COURCELLES",0.0,0.0
201500054732,10,11,15,16,2,75,117,2,1,1,3,"190, AVENUE DE CLICHY",0.0,0.0
201500054733,13,11,15,8,1,75,117,2,7,1,3,"12/14, PLACE DU GENERAL",0.0,0.0
201500054734,13,11,15,15,1,75,117,2,1,1,2,BOULEVARD D AURELLE DE P,0.0,0.0
201500054735,13,11,15,16,1,75,117,2,1,1,3,"94, RUE LA CONDAMINE",0.0,0.0
201500054736,14,11,15,16,1,75,117,2,1,1,7,"162, RUE CARDINET",0.0,0.0
201500054737,15,11,15,14,1,75,117,2,2,1,2,"48, AVENUE DE VILLIERS",0.0,0.0
201500054738,15,11,15,21,5,75,117,2,1,1,2,"208, RUE DE COURCELLES",0.0,0.0
201500054739,16,11,15,10,1,75,117,2,4,1,2,"face au 7, AVENUE DE VIL",0.0,0.0
201500054740,16,11,15,14,1,75,117,2,3,1,3,"06, BOULEVARD PERSHING",0.0,0.0
201500054741,17,11,15,15,1,75,117,2,2,8,3,"147, AVENUE DE VILLIERS",0.0,0.0
201500054742,17,11,15,18,5,75,117,2,7,2,3,"/, PLACE CHARLES DE GAUL",0.0,0.0
201500054743,18,11,15,13,1,75,117,2,2,1,6,"12, AVENUE DE LA PORTE D",0.0,0.0
201500054744,19,11,15,8,1,75,117,2,1,1,6,"37, RUE DULONG",0.0,0.0
201500054745,19,11,15,13,1,75,117,2,5,2,3,RUE DU CAPORAL PEUGEOT,0.0,0.0
201500054746,19,11,15,17,2,75,117,2,1,2,7,"17, AVENUE DE LA PORTE D",0.0,0.0
201500054747,19,11,15,18,1,75,108,2,7,2,3,"49, AVENUE DE FRIEDLAND",0.0,0.0
201500054748,19,11,15,21,5,75,108,2,2,3,2,"91, AVENUE DES CHAMPS EL",0.0,0.0
201500054749,20,11,15,12,1,75,117,2,2,2,6,"134, BOULEVARD PEREIRE",0.0,0.0
201500054750,20,11,15,18,5,75,117,2,7,2,7,PLACE DU MARECHAL JUIN,0.0,0.0
201500054751,20,11,15,22,5,75,117,2,2,8,6,"97, AVENUE DE CLICHY",0.0,0.0
201500054752,21,11,15,9,1,75,117,2,7,1,4,"02, AVENUE DE LA GRANDE",0.0,0.0
201500054753,21,11,15,11,1,75,117,2,7,1,3,"/, PLACE DES TERNES",0.0,0.0
201500054754,23,11,15,10,1,75,117,2,1,1,2,"97, RUE DE TOCQUEVILLE",0.0,0.0
201500054755,24,11,15,16,1,75,117,2,2,2,6,"139, AVENUE DE WAGRAM",0.0,0.0
201500054756,24,11,15,22,5,75,117,2,3,2,1,"152, BOULEVARD MALESHERB",0.0,0.0
201500054757,25,11,15,9,1,75,117,2,3,2,3,"14, BOULEVARD DES BATIGN",0.0,0.0
201500054758,25,11,15,12,1,75,117,2,5,1,6,"30, BOULEVARD DES BATIGN",0.0,0.0
201500054759,26,11,15,0,5,75,117,2,7,1,6,"10, RUE DE PONT A MOUSSO",0.0,0.0
201500054760,26,11,15,21,5,75,117,2,7,1,6,"04, PLACE DE LA PORTE DE",0.0,0.0
201500054761,27,11,15,13,1,75,117,2,7,1,2,"04, AVENUE DE LA GRANDE",0.0,0.0
201500054762,29,11,15,15,1,75,117,2,7,1,3,PLACE GENERAL CATROUX,0.0,0.0
201500054763,1,12,15,8,1,75,117,2,3,1,3,"22, AVENUE DE LA GRANDE",0.0,0.0
201500054764,1,12,15,15,1,75,117,2,5,1,6,"9, BOULEVARD PEREIRE",0.0,0.0
201500054765,1,12,15,17,2,75,117,2,7,1,3,"01, PLACE PAUL LEAUTAUD",0.0,0.0
201500054766,2,12,15,16,1,75,117,2,4,1,3,"152, BOULEVARD MALESHERB",0.0,0.0
201500054767,3,12,15,9,1,75,117,2,7,1,7,"4, PLACE DE WAGRAM",0.0,0.0
201500054768,3,12,15,21,5,75,117,2,4,1,3,"79, AVENUE DES TERNES",0.0,0.0
201500054769,6,12,15,0,5,75,117,2,1,1,6,"190, AVENUE DE CLICHY",0.0,0.0
201500054770,6,12,15,17,3,75,117,2,3,1,3,AVENUE DE CLICHY,0.0,0.0
201500054771,7,12,15,9,1,75,117,2,2,1,3,"03, PLACE DE LA PORTE DE",0.0,0.0
201500054772,7,12,15,16,2,75,117,2,7,1,3,"33, BOULEVARD PERSHING",0.0,0.0
201500054773,8,12,15,10,1,75,117,2,1,1,3,"24, AVENUE DE LA PORTE D",0.0,0.0
201500054774,8,12,15,11,1,75,117,2,1,1,6,"13, AVENUE DE LA PORTE D",0.0,0.0
201500054775,8,12,15,13,1,75,117,2,7,2,2,"4, PLACE DE WAGRAM",0.0,0.0
201500054776,9,12,15,10,1,75,117,2,5,1,3,", BOULEVARD MALESHERBES",0.0,0.0
201500054777,9,12,15,22,5,75,108,2,5,1,6,"59, RUE DE ROME",0.0,0.0
201500054778,10,12,15,8,2,75,108,2,1,1,3,"2, PLACE DES TERNES",0.0,0.0
201500054779,11,12,15,14,1,75,117,2,3,1,3,"163, BOULEVARD MALESHERB",0.0,0.0
201500054780,11,12,15,18,5,75,117,2,7,1,3,"2, PLACE DE LA PORTE MAI",0.0,0.0
201500054781,13,12,15,6,5,75,117,2,1,1,6,"97, BOULEVARD GOUVION SA",0.0,0.0
201500054782,14,12,15,23,5,75,117,2,5,1,3,AVENUE DE LA PORTE D ASN,0.0,0.0
201500054783,15,12,15,17,5,75,117,2,5,3,3,"70, AVENUE DE VILLIERS",0.0,0.0
201500054784,15,12,15,17,5,75,117,2,1,3,3,"5, AVENUE DE LA PORTE DE",0.0,0.0
201500054785,15,12,15,20,5,75,116,2,7,3,6,PLACE DE LA PORTE DE SAI,0.0,0.0
201500054786,16,12,15,14,1,75,117,2,1,1,3,"100, AVENUE DE VILLIERS",0.0,0.0
201500054787,17,12,15,16,2,75,117,2,1,1,3,"36, BOULEVARD BERTHIER",0.0,0.0
201500054788,19,12,15,0,5,75,117,2,7,1,2,PLACE DU BRESIL,0.0,0.0
201500054789,19,12,15,15,2,75,117,2,3,1,3,"21, BOULEVARD DU BOIS LE",0.0,0.0
201500054790,20,12,15,19,5,75,117,2,1,2,6,"66, BOULEVARD GOUVION SA",0.0,0.0
201500054791,21,12,15,20,5,75,117,2,3,2,3,"51, AVENUE DES TERNES",0.0,0.0
201500054792,23,12,15,20,5,75,117,2,2,1,3,"13, BOULEVARD DE COURCEL",0.0,0.0
201500054793,24,12,15,0,5,75,117,2,2,1,6,"72, AVENUE DE VILLIERS",0.0,0.0
201500054794,24,12,15,19,5,75,117,2,1,1,2,"03, PLACE DU GENERAL KOE",0.0,0.0
201500054795,26,12,15,23,5,75,117,2,1,1,6,"26, AVENUE PAUL ADAM",0.0,0.0
201500054796,27,12,15,20,5,75,117,2,2,1,6,PORTE DES TERNES,0.0,0.0
201500054797,28,12,15,8,1,75,117,2,3,1,6,"151 BIS, RUE CARDINET",0.0,0.0
201500054798,28,12,15,16,1,75,117,2,1,1,1,"22, BOULEVARD BESSIERES",0.0,0.0
201500054799,29,12,15,15,1,75,117,2,2,1,6,"13, RUE DES BATIGNOLLES",0.0,0.0
201500054800,31,12,15,0,5,75,117,2,4,2,2,AVENUE DE LA PORTE DE CL,0.0,0.0
201500054801,4,1,15,14,1,75,118,2,5,1,3,"72, BOULEVARD NEY",0.0,0.0
201500054802,4,1,15,15,1,75,118,2,5,1,3,"18, RUE JOSEPH DE MAISTR",0.0,0.0
201500054803,10,1,15,0,5,75,118,2,3,1,6,"68, AVENUE DE SAINT OUEN",0.0,0.0
201500054804,11,1,15,13,1,75,118,2,2,1,1,"28, RUE EUGENE CARRIERE",0.0,0.0
201500054805,11,1,15,14,1,75,118,2,2,1,3,"74, BOULEVARD BARBES",0.0,0.0
201500054806,13,1,15,11,1,75,118,2,1,2,6,"18, AVENUE DE CLICHY",0.0,0.0
201500054807,13,1,15,15,1,75,118,2,2,2,6,"0, RUE JEAN FRANCOIS LEP",0.0,0.0
201500054808,14,1,15,7,2,75,118,2,3,1,7,"113, RUE DU MONT CENIS",0.0,0.0
201500054809,16,1,15,19,5,75,118,2,1,2,7,"14, PORTE DE CLIGNANCOUR",0.0,0.0
201500054810,17,1,15,19,5,75,117,2,1,1,6,"06, RUE LECLUSE",0.0,0.0
201500054811,18,1,15,20,5,75,118,2,1,1,1,"33, RUE DE L EVANGILE",0.0,0.0
201500054812,21,1,15,7,2,75,118,2,5,1,3,"29, BOULEVARD NEY",0.0,0.0
201500054813,21,1,15,17,5,75,118,2,1,1,3,"6, BOULEVARD DE ROCHECHO",0.0,0.0
201500054814,22,1,15,9,1,75,118,2,5,1,7,"16, BOULEVARD DE CLICHY",0.0,0.0
201500054815,23,1,15,15,1,75,118,2,4,1,7,"1, RUE CHRISTIANI",0.0,0.0
201500054816,23,1,15,5,5,75,118,2,5,8,3,"162, RUE ORDENER",0.0,0.0
201500054817,24,1,15,16,1,75,118,2,1,1,6,"3 BIS, RUE CARPEAUX",0.0,0.0
201500054818,25,1,15,0,5,75,118,2,5,1,6,"30, AVENUE DE LA PORTE D",0.0,0.0
201500054819,26,1,15,15,1,75,118,2,4,2,6,"16, RUE SEVESTE",0.0,0.0
201500054820,26,1,15,19,5,75,118,2,3,2,6,"39, RUE DE LA CHAPELLE",0.0,0.0
201500054821,27,1,15,15,1,75,118,2,1,1,2,"72, AVENUE DE SAINT OUEN",0.0,0.0
201500054822,28,1,15,0,5,75,118,2,2,1,2,BOULEVARD NEY,0.0,0.0
201500054823,28,1,15,17,5,75,118,2,1,2,6,"44, BOULEVARD BARBES",0.0,0.0
201500054824,28,1,15,18,5,75,118,2,1,2,6,"7, RUE CAULAINCOURT",0.0,0.0
201500054825,29,1,15,13,1,75,118,2,2,2,6,"32, AVENUE DE LA PORTE D",0.0,0.0
201500054826,29,1,15,20,5,75,118,2,5,2,3,BOULEVARD BARBES,0.0,0.0
201500054827,30,1,15,18,3,75,118,2,3,1,6,"9, RUE ORDENER",0.0,0.0
201500054828,30,1,15,18,5,75,118,2,1,1,3,"19, BOULEVARD NEY",0.0,0.0
201500054829,30,1,15,19,5,75,118,2,3,1,6,"185, RUE ORDENER",0.0,0.0
201500054830,1,2,15,15,1,75,118,2,2,2,6,"92, RUE DE LA CHAPELLE",0.0,0.0
201500054831,2,2,15,7,5,75,118,2,1,4,6,"9, BOULEVARD BARBES",0.0,0.0
201500054832,3,2,15,9,1,75,118,2,3,1,5,"22, BOULEVARD BARBES",0.0,0.0
201500054833,3,2,15,10,1,75,118,2,5,1,6,"162, RUE ORDENER",0.0,0.0
201500054834,4,2,15,20,5,75,118,2,5,1,3,"2, BOULEVARD DE ROCHECHO",0.0,0.0
201500054835,5,2,15,11,1,75,118,2,1,1,6,"7, RUE DOUDEAUVILLE",0.0,0.0
201500054836,6,2,15,16,1,75,118,2,3,1,7,"14, AVENUE DE CLICHY",0.0,0.0
201500054837,7,2,15,1,5,75,118,2,2,1,6,"02, RUE DES TROIS FRERES",0.0,0.0
201500054838,10,2,15,15,1,75,118,2,1,1,3,"48, AVENUE DE CLICHY",0.0,0.0
201500054839,11,2,15,16,1,75,118,2,2,1,3,"118, AVENUE DE SAINT OUE",0.0,0.0
201500054840,12,2,15,11,1,75,118,2,1,1,6,"24, RUE DU POTEAU",0.0,0.0
201500054841,12,2,15,22,5,75,118,2,2,1,3,"24, RUE DURANTIN",0.0,0.0
201500054842,16,2,15,9,1,75,118,2,1,1,6,"103, RUE DAMREMONT",0.0,0.0
201500054843,16,2,15,18,5,75,118,2,3,1,6,"171, RUE ORDENER",0.0,0.0
201500054844,18,2,15,0,5,75,110,2,3,1,3,"54, BOULEVARD DE MAGENTA",0.0,0.0
201500054845,18,2,15,9,1,75,118,2,2,1,6,"100, BOULEVARD NEY",0.0,0.0
201500054846,20,2,15,17,2,75,118,2,3,2,7,"124, AVENUE DE SAINT OUE",0.0,0.0
201500054847,25,2,15,10,1,75,118,2,3,8,6,"39, RUE DE LA CHAPELLE",0.0,0.0
201500054848,25,2,15,15,1,75,118,2,3,2,6,"27, BOULEVARD ORNANO",0.0,0.0
201500054849,26,2,15,12,1,75,118,2,1,2,7,"189, RUE D AUBERVILLIERS",0.0,0.0
201500054850,26,2,15,19,5,75,118,2,7,2,6,"51, PLACE ALBERT KAHN",0.0,0.0
201500054851,28,2,15,19,5,75,118,2,5,1,3,BOULEVARD BARBES,0.0,0.0
201500054852,28,2,15,20,5,75,118,2,2,1,6,"44, RUE DE TORCY",0.0,0.0
201500054853,2,3,15,14,1,75,118,2,5,2,2,"33, RUE FRANCOEUR",0.0,0.0
201500054854,2,3,15,18,5,75,118,2,1,8,3,"92, BOULEVARD NEY",0.0,0.0
201500054855,3,3,15,11,1,75,110,2,1,1,3,"228, RUE DU FAUBOURG SAI",0.0,0.0
201500054856,4,3,15,9,1,75,118,2,5,1,3,"58, BOULEVARD DE LA CHAP",0.0,0.0
201500054857,6,3,15,16,1,75,118,2,1,1,6,RUE ORDENER,0.0,0.0
201500054858,7,3,15,19,5,75,118,2,1,1,6,"132, RUE DES POISSONNIER",0.0,0.0
201500054859,7,3,15,13,1,75,118,2,1,1,6,"38, RUE ORDENER",0.0,0.0
201500054860,9,3,15,18,5,75,118,2,2,1,3,"120, AVENUE DE SAINT OUE",0.0,0.0
201500054861,10,3,15,21,5,75,118,2,5,1,6,RUE DES SAULES,0.0,0.0
201500054862,11,3,15,19,5,75,118,2,2,1,3,RUE FRANCIS DE CROISSET,0.0,0.0
201500054863,12,3,15,13,1,75,118,2,5,1,3,"56, RUE VAUVENARGUES",0.0,0.0
201500054864,12,3,15,15,1,75,118,2,5,1,6,RUE DE CLIGNANCOURT,0.0,0.0
201500054865,13,3,15,0,5,75,118,2,1,1,6,"193, RUE CHAMPIONNET",0.0,0.0
201500054866,13,3,15,18,3,75,118,2,5,1,6,"63, RUE RAMEY",0.0,0.0
201500054867,16,3,15,19,5,75,118,2,1,1,2,"84, BOULEVARD NEY",0.0,0.0
201500054868,17,3,15,12,1,75,118,2,5,1,6,"30, AVENUE DE LA PORTE D",0.0,0.0
201500054869,17,3,15,14,1,75,118,2,2,1,3,"2, RUE EUGENE CARRIERE",0.0,0.0
201500054870,19,3,15,20,5,75,118,2,1,1,6,"73, BOULEVARD NEY",0.0,0.0
201500054871,20,3,15,12,1,75,118,2,5,1,6,RUE RAMEY,0.0,0.0
201500054872,21,3,15,1,5,75,118,2,5,1,2,"60, RUE ORDENER",0.0,0.0
201500054873,24,3,15,8,2,75,118,2,1,1,6,"74, RUE JOSEPH DE MAISTR",0.0,0.0
201500054874,24,3,15,17,1,75,118,2,2,2,3,"54, RUE DOUDEAUVILLE",0.0,0.0
201500054875,26,3,15,7,1,75,118,2,5,1,6,"25, RUE CUSTINE",0.0,0.0
201500054876,25,3,15,22,5,75,118,2,4,2,6,"136, BOULEVARD NEY",0.0,0.0
201500054877,27,3,15,8,1,75,118,2,1,1,6,"73, BOULEVARD BARBES",0.0,0.0
201500054878,28,3,15,2,5,75,118,2,5,1,6,"50, RUE ORDENER",0.0,0.0
201500054879,28,3,15,15,1,75,118,2,2,1,6,"100, BOULEVARD NEY",0.0,0.0
201500054880,29,3,15,12,1,75,118,2,1,2,6,"49, RUE CUSTINE",0.0,0.0
201500054881,30,3,15,17,1,75,118,2,4,1,6,"122, RUE DES POISSONNIER",0.0,0.0
201500054882,31,3,15,19,2,75,118,2,1,1,2,"118, BOULEVARD NEY",0.0,0.0
201500054883,2,4,15,17,1,75,118,2,5,1,3,BOULEVARD NEY,0.0,0.0
201500054884,3,4,15,12,1,75,118,2,1,1,1,"50, RUE VAUVENARGUES",0.0,0.0
201500054885,7,4,15,1,5,75,118,2,1,1,6,"137bis, BOULEVARD NEY",0.0,0.0
201500054886,8,4,15,17,1,75,118,2,1,1,3,"70, BOULEVARD NEY",0.0,0.0
201500054887,8,4,15,17,1,75,118,2,1,1,3,"65, BOULEVARD NEY",0.0,0.0
201500054888,9,4,15,1,5,75,118,2,2,1,6,RUE FRANCIS DE CROISSET,0.0,0.0
201500054889,10,4,15,14,1,75,118,2,1,1,6,"13, RUE DE L EVANGILE",0.0,0.0
201500054890,12,4,15,23,5,75,118,2,2,1,6,"1, RUE MARX DORMOY",0.0,0.0
201500054891,13,4,15,11,1,75,118,2,1,1,3,"23, RUE D ORSEL",0.0,0.0
201500054892,13,4,15,13,1,75,118,2,1,1,6,"19, RUE DUC",0.0,0.0
201500054893,14,4,15,9,1,75,118,2,5,7,6,"25, RUE CUSTINE",0.0,0.0
201500054894,15,4,15,11,1,75,118,2,2,1,6,"38, RUE LETORT",0.0,0.0
201500054895,17,4,15,22,5,75,118,2,2,1,3,"43, BOULEVARD BARBES",0.0,0.0
201500054896,20,4,15,9,1,75,118,2,5,1,3,"177, RUE ORDENER",0.0,0.0
201500054897,21,4,15,13,1,75,118,2,2,1,2,"38, AVENUE DE LA PORTE D",0.0,0.0
201500054898,22,4,15,8,1,75,118,2,2,1,6,"21, RUE HERMEL",0.0,0.0
201500054899,22,4,15,19,1,75,118,2,1,1,6,"19, RUE DE JESSAINT",0.0,0.0
201500054900,22,4,15,18,1,75,118,2,3,1,2,"41, RUE DE CLIGNANCOURT",0.0,0.0
201500054901,28,4,15,15,1,75,118,2,2,1,6,"103, RUE LAMARCK",0.0,0.0
201500054902,29,4,15,23,5,75,118,2,5,2,1,RUE ORDENER,0.0,0.0
201500054903,30,4,15,8,1,75,118,2,2,2,6,"67, RUE DES POISSONNIERS",0.0,0.0
201500054904,30,4,15,9,1,75,118,2,1,3,7,"5, RUE DANCOURT",0.0,0.0
201500054905,30,4,15,22,5,75,118,2,1,2,6,"54, AVENUE DE SAINT OUEN",0.0,0.0
201500054906,6,5,15,12,1,75,118,2,4,1,6,AVENUE DE LA PORTE DE CL,0.0,0.0
201500054907,8,5,15,18,1,75,118,2,3,1,6,"112, RUE DAMREMONT",0.0,0.0
201500054908,9,5,15,4,5,75,118,2,2,1,3,RUE DUC,0.0,0.0
201500054909,9,5,15,19,1,75,118,2,3,1,6,"93, RUE ORDENER",0.0,0.0
201500054910,11,5,15,19,1,75,118,2,2,1,6,"52, RUE LEIBNIZ",0.0,0.0
201500054911,12,5,15,18,1,75,118,2,5,1,6,"91, RUE DE LA CHAPELLE",0.0,0.0
201500054912,13,5,15,14,1,75,118,2,3,1,6,"51, RUE CUSTINE",0.0,0.0
201500054913,15,5,15,12,1,75,118,2,3,1,3,"215, RUE D AUBERVILLIERS",0.0,0.0
201500054914,16,5,15,18,1,75,118,2,2,1,6,"110, RUE ORDENER",0.0,0.0
201500054915,19,5,15,15,1,75,118,2,2,2,3,"16, BOULEVARD DE CLICHY",0.0,0.0
201500054916,21,5,15,20,1,75,118,2,5,1,6,"46, RUE ORDENER",0.0,0.0
201500054917,25,5,15,14,1,75,118,2,2,1,6,"2, RUE ORDENER",0.0,0.0
201500054918,26,5,15,17,1,75,118,2,2,1,6,BOULEVARD NEY,0.0,0.0
201500054919,27,5,15,10,1,75,118,2,2,1,6,RUE CHAMPIONNET,0.0,0.0
201500054920,27,5,15,17,1,75,118,2,5,1,1,RUE CUSTINE,0.0,0.0
201500054921,27,5,15,20,1,75,118,2,5,1,4,RUE DU PROFESSEUR GOSSET,0.0,0.0
201500054922,27,5,15,21,2,75,118,2,2,1,4,"99, BOULEVARD NEY",0.0,0.0
201500054923,28,5,15,14,1,75,118,2,2,1,3,"1, RUE MARX DORMOY",0.0,0.0
201500054924,28,5,15,20,5,75,118,2,5,1,6,"244, RUE MARCADET",0.0,0.0
201500054925,29,5,15,13,1,75,118,2,7,1,6,"2, RUE MARX DORMOY",0.0,0.0
201500054926,30,5,15,10,1,75,118,2,1,1,6,"29, RUE CUSTINE",0.0,0.0
201500054927,30,5,15,16,1,75,118,2,2,1,6,RUE MARCADET,0.0,0.0
201500054928,1,6,15,7,1,75,118,2,1,1,3,"73, RUE RIQUET",0.0,0.0
201500054929,2,6,15,11,1,75,118,2,2,1,3,"/, PORTE DE LA CHAPELLE",0.0,0.0
201500054930,4,6,15,14,1,75,118,2,1,1,6,"90, BOULEVARD DE CLICHY",0.0,0.0
201500054931,5,6,15,7,1,75,118,2,4,7,3,AVENUE DE LA PORTE DE SA,0.0,0.0
201500054932,5,6,15,21,2,75,118,2,1,1,3,"2, RUE FRANCIS DE CROISS",0.0,0.0
201500054933,5,6,15,22,2,75,103,2,2,1,2,BOULEVARD DE SEBASTOPOL,0.0,0.0
201500054934,2,6,15,17,1,75,118,2,1,1,7,BOULEVARD PERIPHERIQUE I,0.0,0.0
201500054935,6,6,15,11,1,75,118,2,2,7,6,"9, RUE POLONCEAU",0.0,0.0
201500054936,7,6,15,18,1,75,118,2,1,1,3,"120, BOULEVARD DE CLICHY",0.0,0.0
201500054937,8,6,15,16,1,75,118,2,3,1,6,RUE STEPHENSON,0.0,0.0
201500054938,9,6,15,17,1,75,118,2,3,1,2,"29, RUE DES AMIRAUX",0.0,0.0
201500054939,10,6,15,0,5,75,118,2,1,1,3,"71, BOULEVARD ORNANO",0.0,0.0
201500054940,10,6,15,10,1,75,118,2,1,1,6,"76, BOULEVARD BARBES",0.0,0.0
201500054941,9,6,15,18,1,75,118,2,1,1,2,"72, BOULEVARD NEY",0.0,0.0
201500054942,10,6,15,14,1,75,118,2,5,1,6,"103, RUE DU POTEAU",0.0,0.0
201500054943,11,6,15,8,1,75,118,2,2,1,6,"52, AVENUE DE SAINT OUEN",0.0,0.0
201500054944,14,6,15,22,2,75,118,2,1,1,6,"253, RUE MARCADET",0.0,0.0
201500054945,15,6,15,8,1,75,118,2,1,8,6,"42, RUE CAULAINCOURT",0.0,0.0
201500054946,2,6,15,10,1,75,118,2,2,1,3,RUE JACQUES KABLE,0.0,0.0
201500054947,16,6,15,9,1,75,118,2,5,1,2,"82, BOULEVARD DE CLICHY",0.0,0.0
201500054948,17,6,15,9,1,75,118,2,2,1,2,"1, AVENUE DE LA PORTE DE",0.0,0.0
201500054949,18,6,15,11,1,75,118,2,5,1,7,RUE VAUVENARGUES,0.0,0.0
201500054950,18,6,15,17,1,75,118,2,4,1,6,"18, RUE DE CHARTRES",0.0,0.0
201500054951,19,6,15,0,5,75,118,2,1,1,6,"152, AVENUE DE SAINT OUE",0.0,0.0
201500054952,21,6,15,3,5,75,118,2,2,1,3,"angle, RUE DE TORCY",0.0,0.0
201500054953,22,6,15,9,1,75,118,2,5,1,6,"36, RUE CUSTINE",0.0,0.0
201500054954,21,6,15,21,2,75,118,2,1,1,6,"47, RUE PAJOL",0.0,0.0
201500054955,24,6,15,15,1,75,118,2,3,1,6,"18, RUE DU POTEAU",0.0,0.0
201500054956,24,6,15,20,1,75,118,2,4,1,6,"54, BOULEVARD NEY",0.0,0.0
201500054957,25,6,15,18,1,75,118,2,3,1,6,"7, RUE DE LA LOUISIANE",0.0,0.0
201500054958,1,7,15,8,1,75,118,2,1,1,6,"63, RUE DU POTEAU",0.0,0.0
201500054959,2,7,15,7,1,75,118,2,1,1,3,"29, RUE DE LA CHAPELLE",0.0,0.0
201500054960,2,7,15,12,1,75,118,2,1,1,2,BOULEVARD PERIPHERIQUE E,0.0,0.0
201500054961,2,7,15,23,5,75,118,2,5,1,6,"2, RUE CAULAINCOURT",0.0,0.0
201500054962,3,7,15,17,1,75,118,2,1,1,6,"50, RUE DE LA CHAPELLE",0.0,0.0
201500054963,6,7,15,16,1,75,118,2,1,1,4,"51, BOULEVARD BARBES",0.0,0.0
201500054964,6,7,15,16,1,75,118,2,3,1,7,"10, RUE ORDENER",0.0,0.0
201500054965,6,7,15,16,1,75,118,2,1,1,2,"05, RUE ORDENER",0.0,0.0
201500054966,6,7,15,16,1,75,118,2,3,1,6,"107, RUE ORDENER",0.0,0.0
201500054967,7,7,15,21,2,75,118,2,1,1,1,"2, RUE RONSARD",0.0,0.0
201500054968,8,7,15,13,1,75,118,2,2,8,6,"42, BOULEVARD ORNANO",0.0,0.0
201500054969,8,7,15,14,1,75,118,2,2,8,6,"62, RUE DU RUISSEAU",0.0,0.0
201500054970,9,7,15,11,1,75,118,2,5,1,6,"76, BOULEVARD BARBES",0.0,0.0
201500054971,10,7,15,9,1,75,118,2,2,1,6,BOULEVARD NEY,0.0,0.0
201500054972,13,7,15,17,1,75,118,2,2,1,3,BOULEVARD ORNANO,0.0,0.0
201500054973,15,7,15,16,1,75,118,2,5,7,6,RUE DE CLIGNANCOURT,0.0,0.0
201500054974,17,7,15,11,1,75,118,2,1,1,3,BOULEVARD PERIPHERIQUE E,0.0,0.0
201500054975,18,7,15,17,1,75,118,2,1,1,7,"10, RUE CAULAINCOURT",0.0,0.0
201500054976,21,7,15,11,1,75,118,2,5,1,6,"65, RUE DAMREMONT",0.0,0.0
201500054977,24,7,15,0,5,75,118,2,7,1,3,"46, BOULEVARD DE LA CHAP",0.0,0.0
201500054978,24,7,15,13,1,75,118,2,2,1,3,"58, RUE STEPHENSON",0.0,0.0
201500054979,26,7,15,2,5,75,118,2,3,1,3,"34, RUE MARX DORMOY",0.0,0.0
201500054980,28,7,15,19,1,75,118,2,1,2,6,"34, BOULEVARD DE CLICHY",0.0,0.0
201500054981,29,7,15,15,1,75,118,2,1,1,3,"18, RUE LEIBNIZ",0.0,0.0
201500054982,31,7,15,19,1,75,118,2,2,1,6,"/, BOULEVARD NEY",0.0,0.0
201500054983,2,8,15,22,5,75,118,2,2,1,6,"99, BOULEVARD NEY",0.0,0.0
201500054984,3,8,15,14,1,75,118,2,3,1,6,"53-55, RUE DE LA GOUTTE",0.0,0.0
201500054985,3,8,15,18,1,75,118,2,2,1,6,"02, RUE LAMARCK",0.0,0.0
201500054986,6,8,15,15,1,75,118,2,5,1,3,"/, RUE ORDENER",0.0,0.0