Num_Acc,jour,mois,an,hr,condition_eclairage,departement,commune,condition_agglomeration,intersection,condition_atmosphere,type_collision,adresse,lattitude,longitude
201500054987,7,8,15,2,5,75,110,2,5,1,3,"125, BOULEVARD DE MAGENT",0.0,0.0
201500054988,8,8,15,11,1,75,118,2,1,1,6,"28, RUE FEUTRIER",0.0,0.0
201500054989,8,8,15,14,1,75,118,2,1,1,4,"78, RUE DE LA CHAPELLE",0.0,0.0
201500054990,9,8,15,5,5,75,118,2,3,1,6,", RUE DU CHEVALIER DE LA",0.0,0.0
201500054991,11,8,15,20,2,75,119,2,3,1,6,"64, RUE BOTZARIS",0.0,0.0
201500054992,12,8,15,9,1,75,118,2,3,1,3,"166, RUE ORDENER",0.0,0.0
201500054993,15,8,15,15,1,75,118,2,5,1,6,"71, RUE ORDENER",0.0,0.0
201500054994,17,8,15,17,1,75,118,2,3,1,3,"117, RUE ORDENER",0.0,0.0
201500054995,17,8,15,17,1,75,118,2,1,1,6,"9, RUE JEAN ROBERT",0.0,0.0
201500054996,19,8,15,19,1,75,118,2,3,1,6,"94, RUE DOUDEAUVILLE",0.0,0.0
201500054997,20,8,15,19,1,75,118,2,2,1,6,"87, BOULEVARD NEY",0.0,0.0
201500054998,21,8,15,22,5,75,118,2,7,1,3,"63, RUE DE LA CHAPELLE",0.0,0.0
201500054999,21,8,15,12,1,75,118,2,3,1,3,"58, RUE CUSTINE",0.0,0.0
201500055000,24,8,15,10,1,75,118,2,1,2,2,"168, RUE DES POISSONNIER",0.0,0.0
201500055001,24,8,15,19,2,75,118,2,2,2,3,RUE EUGENE CARRIERE,0.0,0.0
201500055002,25,8,15,19,2,75,118,2,3,1,6,"68, RUE MARX DORMOY",0.0,0.0
201500055003,25,8,15,20,5,75,118,2,4,2,3,RUE DES POISSONNIERS,0.0,0.0
201500055004,26,8,15,9,1,75,118,2,1,1,6,BOULEVARD DE CLICHY,0.0,0.0
201500055005,27,8,15,19,1,75,118,2,1,3,1,"92, AVENUE DE SAINT OUEN",0.0,0.0
201500055006,2,9,15,16,1,75,118,2,3,1,3,RUE ORDENER,0.0,0.0
201500055007,3,9,15,15,1,75,118,2,1,1,6,"138, RUE ORDENER",0.0,0.0
201500055008,6,9,15,2,5,75,118,2,2,1,6,RUE HERMEL,0.0,0.0
201500055009,7,9,15,10,1,75,118,2,1,1,3,BOULEVARD DE LA CHAPELLE,0.0,0.0
201500055010,9,9,15,13,1,75,118,2,5,1,2,BOULEVARD NEY,0.0,0.0
201500055011,12,9,15,16,1,75,118,2,1,3,6,BOULEVARD PERIPHERIQUE I,0.0,0.0
201500055012,12,9,15,19,2,75,118,2,2,8,6,"3, RUE DE LA CHARBONNIER",0.0,0.0
201500055013,14,9,15,10,1,75,118,2,2,1,6,"1, RUE DE LA CHAPELLE",0.0,0.0
201500055014,15,9,15,10,1,75,118,2,3,1,2,"131, BOULEVARD NEY",0.0,0.0
201500055015,16,9,15,13,1,75,118,2,1,2,2,BOULEVARD PERIPHERIQUE E,0.0,0.0
201500055016,16,9,15,18,2,75,118,2,7,3,6,RUE CHAMPIONNET,0.0,0.0
201500055017,16,9,15,20,5,75,118,2,2,1,3,RUE DE TRETAIGNE,0.0,0.0
201500055018,18,9,15,8,1,75,118,2,3,1,6,RUE DU SIMPLON,0.0,0.0
201500055019,18,9,15,15,1,75,118,2,1,2,6,"41, BOULEVARD NEY",0.0,0.0
201500055020,23,9,15,11,1,75,118,2,1,1,3,"112, BOULEVARD NEY",0.0,0.0
201500055021,24,9,15,9,1,75,118,2,2,1,6,"37, RUE LAMARCK",0.0,0.0
201500055022,24,9,15,14,1,75,118,2,1,1,2,"5, BOULEVARD NEY",0.0,0.0
201500055023,28,9,15,1,5,75,118,2,1,1,6,"108, BOULEVARD DE ROCHEC",0.0,0.0
201500055024,28,9,15,12,1,75,118,2,1,1,6,"134 bis, AVENUE DE SAINT",0.0,0.0
201500055025,30,9,15,2,4,75,118,2,7,1,6,BOULEVARD DE CLICHY,0.0,0.0
201500055026,30,9,15,20,5,75,118,2,2,1,3,"62, BOULEVARD BARBES",0.0,0.0
201500055027,29,9,15,9,1,75,118,2,1,1,2,"90, RUE LEIBNIZ",0.0,0.0
201500055028,30,9,15,10,1,75,118,2,1,1,7,"6, RUE CAULAINCOURT",0.0,0.0
201500055029,1,10,15,9,1,75,118,2,5,1,6,"39, RUE JOSEPH DE MAISTR",0.0,0.0
201500055030,3,10,15,15,1,75,118,2,1,1,6,"82, RUE DE LA CHAPELLE",0.0,0.0
201500055031,5,10,15,19,2,75,118,2,2,3,7,"38, BOULEVARD BARBES",0.0,0.0
201500055032,5,10,15,18,2,75,118,2,2,3,3,"44, BOULEVARD ORNANO",0.0,0.0
201500055033,6,10,15,11,1,75,118,2,4,1,6,"77, BOULEVARD ORNANO",0.0,0.0
201500055034,6,10,15,7,2,75,118,2,2,2,3,"106, RUE MARCADET",0.0,0.0
201500055035,7,10,15,14,1,75,118,2,4,1,3,"117, BOULEVARD NEY",0.0,0.0
201500055036,7,10,15,20,5,75,118,2,3,1,3,RUE D AUBERVILLIERS,0.0,0.0
201500055037,7,10,15,20,5,75,118,2,1,1,3,"7, AVENUE DE LA PORTE DE",0.0,0.0
201500055038,6,10,15,8,1,75,118,2,1,2,2,"40, AVENUE DE SAINT OUEN",0.0,0.0
201500055039,10,10,15,12,1,75,118,2,5,1,7,"103, RUE DAMREMONT",0.0,0.0
201500055040,6,10,15,10,1,75,118,2,5,2,2,"01, RUE DE LA CHAPELLE",0.0,0.0
201500055041,10,10,15,21,5,75,118,2,4,1,6,BOULEVARD ORNANO,0.0,0.0
201500055042,11,10,15,21,5,75,118,2,3,1,2,"123, BOULEVARD NEY",0.0,0.0
201500055043,14,10,15,22,5,75,118,2,5,2,6,"42, RUE ORDENER",0.0,0.0
201500055044,16,10,15,15,1,75,118,2,1,2,6,"83, RUE PHILIPPE DE GIRA",0.0,0.0
201500055045,17,10,15,10,1,75,118,2,1,1,3,"49, RUE ORDENER",0.0,0.0
201500055046,18,10,15,17,1,75,118,2,1,8,6,"76, RUE LABAT",0.0,0.0
201500055047,19,10,15,0,5,75,118,2,1,1,2,"129, RUE DES POISSONNIER",0.0,0.0
201500055048,22,10,15,12,1,75,118,2,1,2,7,"132, RUE DES POISSONNIER",0.0,0.0
201500055049,22,10,15,17,2,75,118,2,5,2,3,"122, RUE CAULAINCOURT",0.0,0.0
201500055050,23,10,15,11,1,75,118,2,1,1,2,"231, RUE CHAMPIONNET",0.0,0.0
201500055051,23,10,15,20,5,75,118,2,1,1,6,"98, RUE DU POTEAU",0.0,0.0
201500055052,23,10,15,21,5,75,118,2,2,1,3,BOULEVARD BARBES,0.0,0.0
201500055053,26,10,15,14,1,75,118,2,1,1,6,RUE DU DOCTEUR BABINSKI,0.0,0.0
201500055054,26,10,15,15,1,75,118,2,4,1,6,"96, RUE DU POTEAU",0.0,0.0
201500055055,26,10,15,14,1,75,118,2,2,1,3,"52, RUE LEON",0.0,0.0
201500055056,28,10,15,10,1,75,118,2,2,8,3,BOULEVARD NEY,0.0,0.0
201500055057,29,10,15,17,1,75,118,2,3,1,6,"109, BOULEVARD NEY",0.0,0.0
201500055058,30,10,15,0,5,75,118,2,2,1,2,BOULEVARD DE CLICHY,0.0,0.0
201500055059,30,10,15,11,1,75,118,2,5,1,2,"38, RUE CUSTINE",0.0,0.0
201500055060,2,11,15,20,5,75,118,2,2,1,3,"87, BOULEVARD NEY",0.0,0.0
201500055061,5,11,15,19,5,75,118,2,3,2,6,"6, BOULEVARD NEY",0.0,0.0
201500055062,5,11,15,23,5,75,118,2,2,2,3,RUE MARCADET,0.0,0.0
201500055063,6,11,15,13,1,75,118,2,5,2,6,"36, AVENUE DE LA PORTE D",0.0,0.0
201500055064,9,11,15,7,2,75,118,2,5,1,7,"59, BOULEVARD BARBES",0.0,0.0
201500055065,9,11,15,11,1,75,118,2,3,1,6,"50, RUE DE LA GOUTTE D O",0.0,0.0
201500055066,9,11,15,19,5,75,117,2,1,1,6,"99, AVENUE DE SAINT OUEN",0.0,0.0
201500055067,10,11,15,15,1,75,118,2,4,1,6,"56 ter, BOULEVARD NEY",0.0,0.0
201500055068,11,11,15,3,5,75,118,2,2,1,6,AVENUE DE LA PORTE DE CL,0.0,0.0
201500055069,13,11,15,14,1,75,118,2,1,1,6,"52, RUE MARX DORMOY",0.0,0.0
201500055070,14,11,15,22,5,75,118,2,1,1,3,"21, BOULEVARD NEY",0.0,0.0
201500055071,16,11,15,18,5,75,118,2,2,1,6,"52, AVENUE DE SAINT OUEN",0.0,0.0
201500055072,16,11,15,20,5,75,118,2,3,1,2,RUE CHAMPIONNET,0.0,0.0
201500055073,17,11,15,2,5,75,118,2,1,2,6,AVENUE DE LA PORTE DE CL,0.0,0.0
201500055074,17,11,15,12,1,75,118,2,4,8,6,"12, RUE DE LA CHAPELLE",0.0,0.0
201500055075,18,11,15,15,1,75,118,2,1,1,6,"34, RUE DES ROSES",0.0,0.0
201500055076,20,11,15,11,1,75,118,2,4,2,6,"27, BOULEVARD ORNANO",0.0,0.0
201500055077,20,11,15,17,5,75,118,2,1,2,6,"71, RUE MARX DORMOY",0.0,0.0
201500055078,20,11,15,18,5,75,118,2,1,2,6,"05, RUE DE TORCY",0.0,0.0
201500055079,20,11,15,18,5,75,118,2,4,2,3,"129, BOULEVARD NEY",0.0,0.0
201500055080,21,11,15,10,1,75,118,2,4,1,3,"10, RUE CAULAINCOURT",0.0,0.0
201500055081,21,11,15,12,1,75,118,2,2,8,3,"62, BOULEVARD BARBES",0.0,0.0
201500055082,22,11,15,12,1,75,118,2,1,1,1,"69, RUE ORDENER",0.0,0.0
201500055083,23,11,15,11,1,75,118,2,5,1,6,"35, RUE VAUVENARGUES",0.0,0.0
201500055084,23,11,15,18,5,75,118,2,1,1,3,"150, BOULEVARD NEY",0.0,0.0
201500055085,23,11,15,20,5,75,118,2,1,1,3,"120, BOULEVARD DE CLICHY",0.0,0.0
201500055086,25,11,15,12,1,75,118,2,1,2,6,"64, RUE MARX DORMOY",0.0,0.0
201500055087,26,11,15,16,1,75,118,2,1,1,6,"22, AVENUE DE LA PORTE D",0.0,0.0
201500055088,28,11,15,13,1,75,118,2,3,1,2,"20, BOULEVARD BARBES",0.0,0.0
201500055089,24,11,15,15,1,75,118,2,7,1,6,PLACE ALBERT KAHN,0.0,0.0
201500055090,1,12,15,10,1,75,118,2,3,1,6,"9, RUE ORDENER",0.0,0.0
201500055091,1,12,15,11,1,75,118,2,3,8,6,"64, RUE MARX DORMOY",0.0,0.0
201500055092,1,12,15,19,5,75,109,2,3,1,6,"32, BOULEVARD DE CLICHY",0.0,0.0
201500055093,2,12,15,17,1,75,118,2,2,1,7,"107, RUE DAMREMONT",0.0,0.0
201500055094,3,12,15,10,1,75,118,2,4,1,6,"140, AVENUE DE SAINT OUE",0.0,0.0
201500055095,3,12,15,17,5,75,118,2,1,1,3,"92, BOULEVARD NEY",0.0,0.0
201500055096,3,12,15,19,5,75,118,2,1,1,3,"66, BOULEVARD BARBES",0.0,0.0
201500055097,4,12,15,12,1,75,118,2,1,1,6,"58, RUE JOSEPH DE MAISTR",0.0,0.0
201500055098,4,12,15,17,2,75,118,2,1,1,1,"55, RUE DE LA CHAPELLE",0.0,0.0
201500055099,4,12,15,18,5,75,118,2,5,1,6,RUE JOSEPH DE MAISTRE,0.0,0.0
201500055100,5,12,15,1,5,75,118,2,7,1,2,"32, BOULEVARD DE LA CHAP",0.0,0.0
201500055101,6,12,15,22,5,75,118,2,1,1,6,"28, AVENUE DE LA PORTE D",0.0,0.0
201500055102,7,12,15,9,1,75,118,2,4,1,3,"52, BOULEVARD NEY",0.0,0.0
201500055103,8,12,15,15,1,75,118,2,3,3,6,RUE DE CLIGNANCOURT,0.0,0.0
201500055104,8,12,15,20,1,75,118,2,3,1,3,"92, RUE DE LA CHAPELLE",0.0,0.0
201500055105,8,12,15,23,5,75,118,2,2,8,3,RUE LAMARCK,0.0,0.0
201500055106,9,12,15,17,5,75,118,2,2,1,6,"88, BOULEVARD BARBES",0.0,0.0
201500055107,10,12,15,12,1,75,118,2,5,1,3,AVENUE DE LA PORTE DE LA,0.0,0.0
201500055108,10,12,15,18,5,75,118,2,5,1,3,RUE DAMREMONT,0.0,0.0
201500055109,14,12,15,7,1,75,118,2,2,1,6,"23, RUE CAULAINCOURT",0.0,0.0
201500055110,14,12,15,12,1,75,118,2,2,8,7,"30, AVENUE DE LA PORTE D",0.0,0.0
201500055111,14,12,15,16,1,75,118,2,5,1,6,"177, RUE ORDENER",0.0,0.0
201500055112,17,12,15,17,2,75,118,2,4,1,3,"07, BOULEVARD ORNANO",0.0,0.0
201500055113,19,12,15,16,2,75,118,2,2,8,3,RUE DES POISSONNIERS,0.0,0.0
201500055114,21,12,15,10,1,75,118,2,3,1,6,RUE DE L EVANGILE,0.0,0.0
201500055115,21,12,15,11,1,75,118,2,1,1,3,"77, RUE PAJOL",0.0,0.0
201500055116,23,12,15,14,1,75,118,2,3,1,6,"6, AVENUE DE LA PORTE DE",0.0,0.0
201500055117,24,12,15,6,5,75,118,2,2,1,3,RUE DU MONT CENIS,0.0,0.0
201500055118,26,12,15,19,5,75,118,2,4,1,2,RUE CAULAINCOURT,0.0,0.0
201500055119,28,12,15,18,5,75,118,2,1,1,6,"25, RUE DES ABBESSES",0.0,0.0
201500055120,29,12,15,14,1,75,118,2,1,1,3,"09, RUE LOUIS PASTEUR VA",0.0,0.0
201500055121,31,12,15,22,5,75,119,2,1,1,1,"36, AVENUE DE LA PORTE D",0.0,0.0
201500055122,1,1,15,4,5,75,119,2,3,1,6,"43, BOULEVARD MACDONALD",0.0,0.0
201500055123,4,1,15,9,1,75,118,2,5,1,6,"1, RUE DE CLIGNANCOURT",0.0,0.0
201500055124,5,1,15,13,1,75,119,2,4,1,3,PLACE AUGUSTE BARON,0.0,0.0
201500055125,9,1,15,7,3,75,119,2,1,2,6,"109, AVENUE SIMON BOLIVA",0.0,0.0
201500055126,13,1,15,14,1,75,119,2,1,2,6,"185, RUE DE CRIMEE",0.0,0.0
201500055127,13,1,15,16,2,75,119,2,1,2,6,"311, RUE DE BELLEVILLE",0.0,0.0
201500055128,14,1,15,19,5,75,119,2,7,1,2,"7, BOULEVARD DE LA COMMA",0.0,0.0
201500055129,15,1,15,16,5,75,119,2,2,2,6,"220, BOULEVARD DE LA VIL",0.0,0.0
201500055130,16,1,15,6,5,75,119,2,1,1,3,"209, AVENUE JEAN JAURES",0.0,0.0
201500055131,16,1,15,13,1,75,119,2,1,1,6,"14, AVENUE DE FLANDRE",0.0,0.0
201500055132,16,1,15,14,1,75,119,2,2,1,3,"89, RUE DE L OURCQ",0.0,0.0
201500055133,16,1,15,16,1,75,119,2,1,1,3,"181, BOULEVARD SERURIER",0.0,0.0
201500055134,16,1,15,23,4,75,119,2,4,1,3,BOULEVARD PERIPHERIQUE E,0.0,0.0
201500055135,18,1,15,23,5,75,119,2,4,1,3,"3, RUE DE LORRAINE",0.0,0.0
201500055136,20,1,15,7,5,75,119,2,1,1,1,BOULEVARD MACDONALD,0.0,0.0
201500055137,20,1,15,9,1,75,119,2,4,1,3,PORTE DE PANTIN,0.0,0.0
201500055138,22,1,15,19,5,75,119,2,1,1,6,"5, PASSAGE DESGRAIS",0.0,0.0
201500055139,23,1,15,16,1,75,119,2,3,1,6,"177, AVENUE JEAN JAURES",0.0,0.0
201500055140,24,1,15,16,1,75,119,2,3,1,7,"179, RUE DE CRIMEE",0.0,0.0
201500055141,29,1,15,12,1,75,119,2,3,2,6,"43, AVENUE DE LAUMIERE",0.0,0.0
201500055142,29,1,15,14,1,75,119,2,1,2,2,PLACE DE LA PORTE DE PAN,0.0,0.0
201500055143,29,1,15,20,5,75,119,2,1,2,6,"11, RUE DE L OURCQ",0.0,0.0
201500055144,1,2,15,20,5,75,119,2,1,2,3,"85, RUE DE MEAUX",0.0,0.0
201500055145,4,2,15,14,1,75,119,2,4,1,3,"13, RUE GEORGES AURIC",0.0,0.0
201500055146,8,2,15,16,1,75,119,2,5,1,3,"107, RUE DE L OURCQ",0.0,0.0
201500055147,10,2,15,10,1,75,119,2,1,1,6,BOULEVARD PERIPHERIQUE,0.0,0.0
201500055148,13,2,15,10,1,75,119,2,5,1,3,"73, BOULEVARD SERURIER",0.0,0.0
201500055149,14,2,15,6,5,75,110,2,1,1,6,"162, RUE LA FAYETTE",0.0,0.0
201500055150,14,2,15,16,1,75,119,2,1,2,6,"105, AVENUE JEAN JAURES",0.0,0.0
201500055151,15,2,15,20,5,75,119,2,1,1,6,"27, RUE RIQUET",0.0,0.0
201500055152,17,2,15,18,5,75,119,2,3,1,4,"157, RUE DE CRIMEE",0.0,0.0
201500055153,18,2,15,7,2,75,119,2,3,1,2,"21, AVENUE JEAN JAURES",0.0,0.0
201500055154,18,2,15,15,1,75,119,2,2,1,6,"145, AVENUE JEAN JAURES",0.0,0.0
201500055155,22,2,15,7,1,75,119,2,4,1,6,PLACE DE LA PORTE DE PAN,0.0,0.0
201500055156,22,2,15,10,1,75,119,2,1,1,3,"48, AVENUE SECRETAN",0.0,0.0
201500055157,23,2,15,9,1,75,119,2,5,1,3,BOULEVARD DE LA VILLETTE,0.0,0.0
201500055158,23,2,15,9,1,75,119,2,2,2,6,RUE DE MOUZAIA,0.0,0.0
201500055159,23,2,15,15,1,75,119,2,1,2,3,"55, RUE EMILE REYNAUD",0.0,0.0
201500055160,23,2,15,17,1,75,119,2,1,8,2,"210, BOULEVARD MACDONALD",0.0,0.0
201500055161,23,2,15,13,1,75,119,2,5,1,3,"24, RUE DE L OURCQ",0.0,0.0
201500055162,24,2,15,9,1,75,119,2,5,1,3,BOULEVARD D INDOCHINE,0.0,0.0
201500055163,24,2,15,11,1,75,119,2,2,2,6,"27, AVENUE DE FLANDRE",0.0,0.0
201500055164,25,2,15,22,5,75,119,2,1,1,3,"46, AVENUE SIMON BOLIVAR",0.0,0.0
201500055165,26,2,15,8,1,75,119,2,4,2,6,"19, BOULEVARD D INDOCHIN",0.0,0.0
201500055166,28,2,15,19,5,75,119,2,4,1,3,PLACE AUGUSTE BARON,0.0,0.0
201500055167,2,3,15,18,5,75,119,2,3,1,7,RUE DE LA CLOTURE,0.0,0.0
201500055168,4,3,15,11,1,75,119,2,1,1,6,"5, PLACE DES FETES",0.0,0.0
201500055169,4,3,15,16,1,75,119,2,1,1,6,"3, RUE LOUISE THULIEZ",0.0,0.0
201500055170,6,3,15,14,1,75,119,2,2,1,6,"106, BOULEVARD SERURIER",0.0,0.0
201500055171,7,3,15,10,1,75,119,2,2,1,3,AVENUE SIMON BOLIVAR,0.0,0.0
201500055172,9,3,15,14,1,75,119,2,1,1,2,"125, AVENUE SIMON BOLIVA",0.0,0.0
201500055173,10,3,15,9,1,75,119,2,3,1,3,"151, RUE DE CRIMEE",0.0,0.0
201500055174,11,3,15,15,1,75,119,2,2,1,6,"48, BOULEVARD DE LA VILL",0.0,0.0
201500055175,13,3,15,16,1,75,119,2,1,1,6,"26, BOULEVARD SERURIER",0.0,0.0
201500055176,17,3,15,11,1,75,119,2,7,1,2,"1, PLACE AUGUSTE BARON",0.0,0.0
201500055177,20,3,15,16,1,75,119,2,2,1,6,RUE D AUBERVILLIERS,0.0,0.0
201500055178,21,3,15,16,1,75,119,2,7,1,3,"1, PLACE DE LA PORTE DE",0.0,0.0
201500055179,24,3,15,12,1,75,119,2,2,1,3,"62, RUE CURIAL",0.0,0.0
201500055180,25,3,15,3,5,75,110,2,5,2,2,"21, BOULEVARD DE LA CHAP",0.0,0.0
201500055181,25,3,15,9,1,75,119,2,2,8,3,"185, AVENUE JEAN JAURES",0.0,0.0
201500055182,26,3,15,12,1,75,119,2,3,2,6,"148, AVENUE JEAN JAURES",0.0,0.0
201500055183,26,3,15,22,5,75,119,2,2,1,6,"6, AVENUE SIMON BOLIVAR",0.0,0.0
201500055184,28,3,15,9,1,75,119,2,3,2,6,"107, AVENUE DE FLANDRE",0.0,0.0
201500055185,29,3,15,6,2,75,119,2,2,2,3,"24, AVENUE DE FLANDRE",0.0,0.0
201500055186,31,3,15,9,1,75,119,2,1,2,7,"70, AVENUE DE FLANDRE",0.0,0.0
201500055187,31,3,15,9,1,75,119,2,3,2,3,"208, AVENUE JEAN JAURES",0.0,0.0
201500055188,31,3,15,10,1,75,119,2,5,8,2,"107, RUE MANIN",0.0,0.0
201500055189,31,3,15,12,1,75,119,2,1,8,6,"2 bis, RUE DES SOLITAIRE",0.0,0.0
201500055190,31,3,15,15,1,75,119,2,2,1,6,RUE DE BELLEVILLE,0.0,0.0
201500055191,31,3,15,15,1,75,119,2,1,1,6,"30, RUE DE L OURCQ",0.0,0.0
201500055192,31,3,15,18,1,75,119,2,2,1,1,RUE MANIN,0.0,0.0
201500055193,2,4,15,15,1,75,119,2,3,3,2,"54, AVENUE DE FLANDRE",0.0,0.0
201500055194,7,4,15,5,5,75,119,2,4,1,3,PLACE SKANDERBEG,0.0,0.0
201500055195,10,4,15,6,5,75,119,2,1,1,4,"167, AVENUE JEAN JAURES",0.0,0.0
201500055196,13,4,15,0,5,75,119,2,7,1,6,"6, RUE EMILE REYNAUD",0.0,0.0
201500055197,14,4,15,16,1,75,119,2,7,1,3,"2, AVENUE DE FLANDRE",0.0,0.0
201500055198,15,4,15,7,1,75,119,2,1,1,6,"152, AVENUE DE FLANDRE",0.0,0.0
201500055199,15,4,15,17,1,75,119,2,1,1,6,"89, RUE CURIAL",0.0,0.0
201500055200,16,4,15,13,1,75,119,2,3,1,7,"166, BOULEVARD MACDONALD",0.0,0.0
201500055201,17,4,15,21,5,75,119,2,2,1,6,"49, RUE PETIT",0.0,0.0
201500055202,19,4,15,15,1,75,119,2,5,1,6,"232, RUE DE CRIMEE",0.0,0.0
201500055203,23,4,15,14,1,75,119,2,4,1,2,"12, RUE DE LA MARSEILLAI",0.0,0.0
201500055204,23,4,15,16,1,75,119,2,1,1,6,"57, RUE DE BELLEVILLE",0.0,0.0
201500055205,23,4,15,19,1,75,119,2,7,1,6,RUE COMPANS,0.0,0.0
201500055206,24,4,15,2,5,75,119,2,7,1,6,PLACE RHIN ET DANUBE,0.0,0.0
201500055207,26,4,15,13,1,75,119,2,3,2,6,RUE BOTZARIS,0.0,0.0
201500055208,28,4,15,12,1,75,119,2,1,1,2,"47, AVENUE JEAN JAURES",0.0,0.0
201500055209,29,4,15,16,1,75,119,2,1,1,2,BOULEVARD MACDONALD,0.0,0.0
201500055210,29,4,15,19,1,75,119,2,3,1,6,BOULEVARD MACDONALD,0.0,0.0
201500055211,30,4,15,7,1,75,119,2,2,3,6,AVENUE JEAN JAURES,0.0,0.0
201500055212,3,5,15,3,5,75,119,2,4,2,6,PLACE SKANDERBEG,0.0,0.0
201500055213,3,5,15,16,1,75,119,2,1,2,2,"114, AVENUE DE FLANDRE",0.0,0.0
201500055214,3,5,15,17,1,75,119,2,4,1,1,"03, AVENUE SECRETAN",0.0,0.0
201500055215,5,5,15,9,1,75,119,2,7,1,2,AVENUE JEAN JAURES,0.0,0.0
201500055216,5,5,15,18,1,75,119,2,2,1,6,"02, RUE D AUBERVILLIERS",0.0,0.0
201500055217,7,5,15,18,1,75,119,2,5,1,6,"236, BOULEVARD DE LA VIL",0.0,0.0
201500055218,9,5,15,17,1,75,119,2,1,1,2,"171, BOULEVARD MACDONALD",0.0,0.0
201500055219,9,5,15,23,5,75,119,2,1,1,2,RUE SIGMUND FREUD,0.0,0.0
201500055220,11,5,15,8,1,75,119,2,3,1,6,"76, AVENUE JEAN JAURES",0.0,0.0
201500055221,11,5,15,14,1,75,119,2,7,1,3,"132, BOULEVARD DE LA VIL",0.0,0.0
201500055222,12,5,15,13,1,75,119,2,5,1,6,"107, RUE MANIN",0.0,0.0
201500055223,14,5,15,18,1,75,119,2,3,1,3,AVENUE CORENTIN CARIOU,0.0,0.0
201500055224,16,5,15,17,1,75,119,2,1,1,2,"201, RUE DE BELLEVILLE",0.0,0.0
201500055225,19,5,15,16,1,75,119,2,3,1,2,"47, QUAI DE LA SEINE",0.0,0.0
201500055226,20,5,15,16,1,75,119,2,1,1,3,"9, RUE CURIAL",0.0,0.0
201500055227,20,5,15,18,1,75,119,2,3,1,6,"8, AVENUE CORENTIN CARIO",0.0,0.0
201500055228,20,5,15,22,5,75,119,2,3,1,3,"210, AVENUE JEAN JAURES",0.0,0.0
201500055229,22,5,15,10,1,75,119,2,1,1,7,"180, BOULEVARD SERURIER",0.0,0.0
201500055230,22,5,15,18,1,75,119,2,2,1,2,"., RUE D AUBERVILLIERS",0.0,0.0
201500055231,22,5,15,13,1,75,119,2,3,1,3,"104, AVENUE DE FLANDRE",0.0,0.0
201500055232,26,5,15,14,1,75,119,2,3,1,3,"69, AVENUE JEAN JAURES",0.0,0.0
201500055233,1,6,15,18,1,75,119,2,1,1,6,"84, RUE MANIN",0.0,0.0
201500055234,2,6,15,16,1,75,119,2,2,1,3,"22, AVENUE DE LA PORTE C",0.0,0.0
201500055235,3,6,15,14,1,75,119,2,1,1,2,"40, RUE MANIN",0.0,0.0
201500055236,3,6,15,15,1,75,119,2,1,1,6,"37, RUE DAVID D ANGERS",0.0,0.0
201500055237,4,6,15,10,1,75,119,2,2,1,6,"9, RUE DE L ORME",0.0,0.0
201500055238,5,6,15,18,1,75,119,2,2,1,6,AVENUE DE FLANDRE,0.0,0.0
201500055239,5,6,15,18,1,75,119,2,1,1,7,"31, AVENUE DE LA PORTE C",0.0,0.0
201500055240,8,6,15,9,1,75,119,2,2,1,3,"90, RUE DE CRIMEE",0.0,0.0
201500055241,8,6,15,11,1,75,119,2,4,1,6,"141, RUE MANIN",0.0,0.0
201500055242,9,6,15,17,1,75,119,2,3,8,3,"214, AVENUE JEAN JAURES",0.0,0.0
201500055243,10,6,15,15,1,75,119,2,1,1,4,"14, ROUTE DES PETITS PON",0.0,0.0
201500055244,11,6,15,17,1,75,119,2,1,1,6,"84, RUE DE CRIMEE",0.0,0.0
201500055245,12,6,15,20,1,75,119,2,7,1,3,"1, AVENUE DE LA PORTE DE",0.0,0.0
201500055246,13,6,15,9,1,75,119,2,2,1,2,"2, AVENUE JEAN JAURES",0.0,0.0
201500055247,13,6,15,20,1,75,119,2,2,1,3,PLACE AUGUSTE BARON,0.0,0.0
201500055248,23,6,15,19,1,75,119,2,1,2,6,"40, AVENUE JEAN JAURES",0.0,0.0
201500055249,24,6,15,17,1,75,119,2,1,1,6,"23, RUE LEON GIRAUD",0.0,0.0
201500055250,24,6,15,21,1,75,119,2,1,1,6,"14, RUE DU MAROC",0.0,0.0
201500055251,1,7,15,17,1,75,119,2,1,1,3,"196, BOULEVARD DE LA VIL",0.0,0.0
201500055252,1,7,15,21,2,75,119,2,7,1,3,"2, AVENUE DE FLANDRE",0.0,0.0
201500055253,4,7,15,20,1,75,119,2,3,1,6,"39, AVENUE SIMON BOLIVAR",0.0,0.0
201500055254,5,7,15,17,1,75,119,2,1,1,6,"6, RUE PRADIER",0.0,0.0
201500055255,24,7,15,12,1,75,119,2,4,1,3,"1, PLACE AUGUSTE BARON",0.0,0.0
201500055256,26,7,15,15,1,75,119,2,2,3,3,"86, RUE BOTZARIS",0.0,0.0
201500055257,27,7,15,20,1,75,119,2,4,1,2,"1, PLACE SKANDERBEG",0.0,0.0
201500055258,28,7,15,18,1,75,119,2,1,1,3,"35, AVENUE MATHURIN MORE",0.0,0.0
201500055259,29,7,15,11,1,75,119,2,1,1,3,"128, BOULEVARD MACDONALD",0.0,0.0
201500055260,24,8,15,14,1,75,119,2,3,2,2,"59, BOULEVARD MACDONALD",0.0,0.0
201500055261,24,8,15,19,1,75,119,2,1,2,3,"64, BOULEVARD DE LA VILL",0.0,0.0
201500055262,31,8,15,17,1,75,119,2,7,1,3,"1, PLACE ARMAND CARREL",0.0,0.0
201500055263,1,9,15,14,1,75,119,2,3,1,3,"111, RUE DE BELLEVILLE",0.0,0.0
201500055264,2,9,15,15,1,75,119,2,6,1,1,"241, RUE DE CRIMEE",0.0,0.0
201500055265,5,9,15,9,1,75,119,2,5,8,3,"0, AVENUE DE LA PORTE DE",0.0,0.0
201500055266,11,9,15,17,1,75,119,2,1,1,7,"133, AVENUE DE FLANDRE",0.0,0.0
201500055267,13,9,15,14,1,75,119,2,3,2,7,"36, AVENUE SIMON BOLIVAR",0.0,0.0