Num_Acc,jour,mois,an,hr,condition_eclairage,departement,commune,condition_agglomeration,intersection,condition_atmosphere,type_collision,adresse,lattitude,longitude
201500055268,18,9,15,13,1,75,119,2,1,1,3,"13, AVENUE SECRETAN",0.0,0.0
201500055269,19,9,15,16,1,75,119,2,5,1,3,"41, AVENUE SIMON BOLIVAR",0.0,0.0
201500055270,26,9,15,20,5,75,119,2,3,1,1,"70, QUAI DE LA LOIRE",0.0,0.0
201500055271,30,9,15,8,1,75,119,2,1,1,6,"145, AVENUE JEAN JAURES",0.0,0.0
201500055272,30,9,15,13,1,75,119,2,2,1,3,"60, RUE DE L OURCQ",0.0,0.0
201500055273,5,10,15,15,1,75,119,2,1,2,1,"17, AVENUE MATHURIN MORE",0.0,0.0
201500055274,5,10,15,16,1,75,119,2,1,2,6,"02, BOULEVARD DE LA VILL",0.0,0.0
201500055275,5,10,15,17,1,75,119,2,1,2,3,"91, AVENUE DE FLANDRE",0.0,0.0
201500055276,7,10,15,20,5,75,119,2,1,1,3,"23, AVENUE CORENTIN CARI",0.0,0.0
201500055277,7,10,15,19,5,75,119,2,3,1,2,"25, BOULEVARD MACDONALD",0.0,0.0
201500055278,8,10,15,13,1,75,119,2,1,1,3,"74, RUE D HAUTPOUL",0.0,0.0
201500055279,8,10,15,17,1,75,119,2,3,1,7,"135, RUE DE CRIMEE",0.0,0.0
201500055280,11,10,15,12,1,75,119,2,2,1,6,"216, BOULEVARD DE LA VIL",0.0,0.0
201500055281,12,10,15,11,1,75,119,2,1,1,6,"107, AVENUE DE FLANDRE",0.0,0.0
201500055282,18,10,15,13,1,75,119,2,5,1,1,AVENUE DE LA PORTE CHAUM,0.0,0.0
201500055283,20,10,15,20,5,75,119,2,1,8,6,"52, AVENUE JEAN JAURES",0.0,0.0
201500055284,4,11,15,8,1,75,119,2,1,2,3,"38, RUE MANIN",0.0,0.0
201500055285,5,11,15,9,1,75,119,2,3,1,6,"140, AVENUE JEAN JAURES",0.0,0.0
201500055286,10,11,15,10,1,75,119,2,4,1,3,"35, RUE DE LA GARE",0.0,0.0
201500055287,10,11,15,14,1,75,119,2,5,1,6,"1, AVENUE DE FLANDRE",0.0,0.0
201500055288,10,11,15,14,1,75,118,2,2,1,3,"62, BOULEVARD BARBES",0.0,0.0
201500055289,7,12,15,19,5,75,119,2,4,1,2,"1, PLACE AUGUSTE BARON",0.0,0.0
201500055290,11,12,15,11,1,75,119,2,1,1,3,"180, RUE D AUBERVILLIERS",0.0,0.0
201500055291,6,6,15,13,1,75,119,2,1,1,2,"28, AVENUE SECRETAN",0.0,0.0
201500055292,6,6,15,16,1,75,119,2,7,1,3,PLACE DE LA PORTE DE PAN,0.0,0.0
201500055293,18,6,15,23,5,75,119,2,3,1,2,RUE CURIAL,0.0,0.0
201500055294,25,6,15,19,1,75,119,2,1,1,3,"18, RUE DE LA MARSEILLAI",0.0,0.0
201500055295,26,6,15,22,5,75,119,2,2,1,6,"38, AVENUE MATHURIN MORE",0.0,0.0
201500055296,27,6,15,18,1,75,119,2,1,7,6,RUE DE BELLEVILLE,0.0,0.0
201500055297,29,6,15,16,1,75,119,2,1,1,1,"18, RUE DE CRIMEE",0.0,0.0
201500055298,3,6,15,22,5,75,119,2,1,1,6,"209, AVENUE JEAN JAURES",0.0,0.0
201500055299,3,7,15,13,1,75,119,2,2,1,6,"., RUE DELESSEUX",0.0,0.0
201500055300,4,7,15,7,1,75,110,2,1,1,6,"19, BOULEVARD DE MAGENTA",0.0,0.0
201500055301,5,7,15,13,1,75,119,2,4,8,2,"3, RUE DE LORRAINE",0.0,0.0
201500055302,6,7,15,0,5,75,119,2,2,1,3,AVENUE DE LA PORTE DE LA,0.0,0.0
201500055303,9,7,15,9,1,75,119,2,1,1,6,"20, BOULEVARD DE LA VILL",0.0,0.0
201500055304,10,7,15,2,5,75,119,2,5,1,3,BOULEVARD SERURIER,0.0,0.0
201500055305,10,7,15,18,1,75,119,2,1,7,6,"42, BOULEVARD SERURIER",0.0,0.0
201500055306,10,7,15,19,1,75,119,2,4,1,4,"224, BOULEVARD DE LA VIL",0.0,0.0
201500055307,11,7,15,0,5,75,119,2,2,1,6,"64, RUE DE BELLEVILLE",0.0,0.0
201500055308,10,7,15,23,5,75,119,2,3,1,3,"214, AVENUE JEAN JAURES",0.0,0.0
201500055309,11,7,15,14,1,75,119,2,2,1,6,"161, RUE MANIN",0.0,0.0
201500055310,13,7,15,11,1,75,119,2,1,1,1,"1, RUE BENJAMIN CONSTANT",0.0,0.0
201500055311,14,7,15,10,1,75,119,2,1,1,3,"150, BOULEVARD DE LA VIL",0.0,0.0
201500055312,16,7,15,17,1,75,119,2,7,7,3,"13, AVENUE DE LA PORTE D",0.0,0.0
201500055313,16,7,15,13,1,75,119,2,2,1,3,"56, RUE D AUBERVILLIERS",0.0,0.0
201500055314,18,7,15,11,1,75,119,2,3,1,2,AVENUE CORENTIN CARIOU,0.0,0.0
201500055315,19,7,15,4,5,75,119,2,1,8,6,"147, AVENUE JEAN JAURES",0.0,0.0
201500055316,22,7,15,14,1,75,119,2,4,1,2,"13, RUE DAVID D ANGERS",0.0,0.0
201500055317,23,7,15,16,1,75,111,2,1,1,6,"13, BOULEVARD VOLTAIRE",0.0,0.0
201500055318,25,7,15,8,1,75,119,2,1,2,4,"2, AVENUE DE LA PORTE DE",0.0,0.0
201500055319,25,7,15,12,1,75,119,2,5,1,3,"1, RUE DE BELLEVILLE",0.0,0.0
201500055320,28,7,15,12,1,75,119,2,1,1,6,"146, BOULEVARD DE LA VIL",0.0,0.0
201500055321,29,7,15,9,1,75,119,2,1,1,3,BOULEVARD PERIPHERIQUE E,0.0,0.0
201500055322,29,7,15,20,2,75,119,2,1,1,6,"31, RUE RIQUET",0.0,0.0
201500055323,2,8,15,18,1,75,119,2,1,1,6,"., BOULEVARD PERIPHERIQU",0.0,0.0
201500055324,3,8,15,17,1,75,119,2,1,1,4,"176, BOULEVARD DE LA VIL",0.0,0.0
201500055325,8,8,15,3,5,75,119,2,7,1,3,PLACE AUGUSTE BARON,0.0,0.0
201500055326,8,8,15,16,1,75,119,2,2,1,3,"220, BOULEVARD MACDONALD",0.0,0.0
201500055327,8,8,15,17,1,75,119,2,1,1,3,"248, RUE DE CRIMEE",0.0,0.0
201500055328,11,8,15,10,1,75,119,2,7,1,2,AVENUE DE LA PORTE DE LA,0.0,0.0
201500055329,11,8,15,15,1,75,119,2,1,1,6,"72, AVENUE DE FLANDRE",0.0,0.0
201500055330,28,8,15,20,1,75,119,2,3,1,6,RUE DES MARCHAIS,0.0,0.0
201500055331,31,8,15,0,5,75,119,2,7,1,3,"00, PLACE DE LA PORTE DE",0.0,0.0
201500055332,31,8,15,21,5,75,119,2,2,1,4,AVENUE DE FLANDRE,0.0,0.0
201500055333,4,9,15,9,1,75,119,2,3,1,3,"., BOULEVARD D INDOCHINE",0.0,0.0
201500055334,4,9,15,12,1,75,119,2,3,1,2,"63, RUE MANIN",0.0,0.0
201500055335,5,9,15,1,5,75,110,2,7,1,6,BOULEVARD DE LA VILLETTE,0.0,0.0
201500055336,10,9,15,12,1,75,119,2,2,1,3,"42, RUE PETIT",0.0,0.0
201500055337,10,9,15,19,2,75,119,2,3,1,3,"177, AVENUE JEAN JAURES",0.0,0.0
201500055338,11,9,15,9,1,75,119,2,3,1,3,"221, RUE DE BELLEVILLE",0.0,0.0
201500055339,13,9,15,11,1,75,119,2,1,2,6,"17/19, RUE ALPHONSE KARR",0.0,0.0
201500055340,16,9,15,0,5,75,119,2,4,3,6,"36, AVENUE SIMON BOLIVAR",0.0,0.0
201500055341,19,9,15,4,5,75,110,2,1,1,6,"149, BOULEVARD DE MAGENT",0.0,0.0
201500055342,19,9,15,10,1,75,119,2,2,1,6,"34, AVENUE DE LAUMIERE",0.0,0.0
201500055343,19,9,15,15,1,75,119,2,1,1,6,"29, AVENUE JEAN JAURES",0.0,0.0
201500055344,20,9,15,6,5,75,119,2,5,1,3,AVENUE DE FLANDRE,0.0,0.0
201500055345,20,9,15,20,5,75,119,2,1,1,3,"98, AVENUE JEAN JAURES",0.0,0.0
201500055346,23,9,15,11,1,75,119,2,3,1,6,", RUE D AUBERVILLIERS",0.0,0.0
201500055347,25,9,15,12,1,75,119,2,3,1,6,"210, AVENUE JEAN JAURES",0.0,0.0
201500055348,25,9,15,21,5,75,119,2,1,1,6,"74, RUE BOTZARIS",0.0,0.0
201500055349,27,9,15,15,1,75,119,2,2,1,6,"89bis, RUE DE L OURCQ",0.0,0.0
201500055350,30,9,15,16,1,75,119,2,1,1,6,QUAI DE LA MARNE,0.0,0.0
201500055351,1,10,15,14,1,75,119,2,1,1,6,AVENUE SIMON BOLIVAR,0.0,0.0
201500055352,2,10,15,19,5,75,119,2,1,1,7,BOULEVARD PERIPHERIQUE I,0.0,0.0
201500055353,9,10,15,3,5,75,119,2,5,1,4,"1, RUE DE BELLEVILLE",0.0,0.0
201500055354,10,10,15,4,5,75,119,2,5,1,6,RUE MANIN,0.0,0.0
201500055355,14,10,15,21,5,75,119,2,1,2,6,"136, AVENUE DE FLANDRE",0.0,0.0
201500055356,18,10,15,4,5,75,119,2,1,1,6,"148, AVENUE JEAN JAURES",0.0,0.0
201500055357,19,10,15,9,1,75,119,2,1,8,7,"242, RUE DE CRIMEE",0.0,0.0
201500055358,19,10,15,15,1,75,119,2,1,1,2,"79, AVENUE DE FLANDRE",0.0,0.0
201500055359,21,10,15,23,5,75,119,2,1,2,2,AVENUE DE LA PORTE D AUB,0.0,0.0
201500055360,22,10,15,6,5,75,119,2,3,2,6,AVENUE CORENTIN CARIOU,0.0,0.0
201500055361,22,10,15,15,1,75,119,2,1,8,3,"159, RUE MANIN",0.0,0.0
201500055362,22,10,15,19,5,75,119,2,3,2,7,"136, BOULEVARD MACDONALD",0.0,0.0
201500055363,26,10,15,18,5,75,119,2,2,1,6,"59, AVENUE DE FLANDRE",0.0,0.0
201500055364,27,10,15,3,5,75,119,2,1,1,6,"23, RUE DU HAINAUT",0.0,0.0
201500055365,27,10,15,14,1,75,119,2,1,1,3,AVENUE JEAN JAURES,0.0,0.0
201500055366,28,10,15,18,5,75,119,2,3,8,7,QUAI DE LA SEINE,0.0,0.0
201500055367,29,10,15,0,5,75,119,2,4,1,3,"337, RUE DE BELLEVILLE",0.0,0.0
201500055368,2,11,15,12,1,75,119,2,7,8,5,PLACE AUGUSTE BARON,0.0,0.0
201500055369,3,11,15,7,1,75,119,2,3,1,5,"214, AVENUE JEAN JAURES",0.0,0.0
201500055370,3,11,15,8,1,75,119,2,2,2,6,"36, RUE ALPHONSE KARR",0.0,0.0
201500055371,5,11,15,12,1,75,119,2,1,1,6,"118, BOULEVARD DE LA VIL",0.0,0.0
201500055372,5,11,15,22,5,75,119,2,2,2,3,"125, BOULEVARD SERURIER",0.0,0.0
201500055373,6,11,15,16,1,75,120,2,5,2,3,"92, RUE DE BELLEVILLE",0.0,0.0
201500055374,6,11,15,17,5,75,119,2,3,2,7,RUE DE CRIMEE,0.0,0.0
201500055375,6,11,15,21,5,75,119,2,7,1,2,PLACE SKANDERBEG,0.0,0.0
201500055376,7,11,15,3,5,75,119,2,3,1,5,"70, AVENUE JEAN JAURES",0.0,0.0
201500055377,7,11,15,18,5,75,119,2,3,1,6,BOULEVARD DE LA VILLETTE,0.0,0.0
201500055378,7,11,15,23,5,75,119,2,3,1,6,"10, AVENUE CORENTIN CARI",0.0,0.0
201500055379,8,11,15,14,1,75,119,2,3,1,3,"10, BOULEVARD DE LA VILL",0.0,0.0
201500055380,12,11,15,9,1,75,119,2,2,1,6,RUE DE COLMAR,0.0,0.0
201500055381,12,11,15,11,1,75,119,2,2,8,6,"120, AVENUE DE FLANDRE",0.0,0.0
201500055382,17,11,15,10,1,75,119,2,2,2,7,"29, BOULEVARD D ALGERIE",0.0,0.0
201500055383,17,11,15,16,2,75,119,2,2,2,2,"102, AVENUE SIMON BOLIVA",0.0,0.0
201500055384,23,11,15,8,1,75,119,2,1,1,2,"111-113, BOULEVARD MACDO",0.0,0.0
201500055385,23,11,15,11,1,75,119,2,2,1,3,BOULEVARD MACDONALD,0.0,0.0
201500055386,27,11,15,16,1,75,119,2,1,1,6,"173, RUE DE CRIMEE",0.0,0.0
201500055387,30,11,15,6,5,75,119,2,1,1,3,"191, BOULEVARD SERURIER",0.0,0.0
201500055388,30,11,15,13,1,75,119,2,5,1,6,"1, RUE D AUBERVILLIERS",0.0,0.0
201500055389,1,12,15,14,1,75,119,2,1,8,3,BOULEVARD SERURIER,0.0,0.0
201500055390,4,12,15,6,5,75,119,2,2,2,7,", AVENUE CORENTIN CARIOU",0.0,0.0
201500055391,7,12,15,17,5,75,119,2,1,1,6,"134 A 140, RUE D AUBERVI",0.0,0.0
201500055392,7,12,15,17,2,75,119,2,4,1,6,"61, RUE MANIN",0.0,0.0
201500055393,9,12,15,14,1,75,119,2,1,1,6,"163, AVENUE JEAN JAURES",0.0,0.0
201500055394,11,12,15,18,5,75,119,2,1,1,6,"91, RUE DE BELLEVILLE",0.0,0.0
201500055395,14,12,15,12,1,75,119,2,4,1,3,PLACE DE LA PORTE DE PAN,0.0,0.0
201500055396,14,12,15,15,1,75,119,2,1,1,3,BOULEVARD PERIPHERIQUE E,0.0,0.0
201500055397,15,12,15,7,5,75,119,2,1,1,6,"06, QUAI DE LA GARONNE",0.0,0.0
201500055398,16,12,15,6,5,75,118,2,4,6,6,AVENUE DE LA PORTE D AUB,0.0,0.0
201500055399,17,12,15,23,5,75,119,2,1,3,6,"135, RUE DE BELLEVILLE",0.0,0.0
201500055400,18,12,15,2,5,75,119,2,2,1,3,RUE DAVID D ANGERS,0.0,0.0
201500055401,19,12,15,19,5,75,119,2,1,1,7,"108, AVENUE SIMON BOLIVA",0.0,0.0
201500055402,24,12,15,9,1,75,119,2,1,1,6,"2, BOULEVARD DE LA VILLE",0.0,0.0
201500055403,24,12,15,14,1,75,119,2,1,1,6,"12, RUE DES CARRIERES D",0.0,0.0
201500055404,24,12,15,13,1,75,119,2,1,1,3,"134, AVENUE JEAN JAURES",0.0,0.0
201500055405,28,12,15,21,5,75,110,2,1,1,2,"53, BOULEVARD DE LA VILL",0.0,0.0
201500055406,30,12,15,6,2,75,119,2,3,1,3,"66, BOULEVARD DE LA VILL",0.0,0.0
201500055407,1,1,15,19,5,75,120,2,7,1,3,"0, PLACE DE LA PORTE DE",0.0,0.0
201500055408,8,1,15,18,5,75,111,2,2,2,3,"0, BOULEVARD VOLTAIRE",0.0,0.0
201500055409,11,1,15,16,1,75,120,2,1,1,3,", AVENUE BENOIT FRACHON",0.0,0.0
201500055410,10,1,15,21,2,75,120,2,1,1,2,"37, AVENUE GAMBETTA",0.0,0.0
201500055411,12,1,15,18,5,75,111,2,1,1,2,"37, BOULEVARD DE MENILMO",0.0,0.0
201500055412,12,1,15,19,5,75,120,2,2,1,3,AVENUE IBSEN,0.0,0.0
201500055413,13,1,15,9,1,75,120,2,3,1,4,"0, PORTE DE BAGNOLET",0.0,0.0
201500055414,15,1,15,11,1,75,120,2,2,2,2,"23, AVENUE DE LA PORTE D",0.0,0.0
201500055415,15,1,15,18,5,75,120,2,2,2,6,RUE DES PYRENEES,0.0,0.0
201500055416,15,1,15,20,5,75,120,2,3,9,7,"6, AVENUE DE LA PORTE DE",0.0,0.0
201500055417,16,1,15,18,5,75,120,2,1,2,6,"59, RUE D AVRON",0.0,0.0
201500055418,19,1,15,10,1,75,120,2,3,2,3,"0, RUE DE LAGNY",0.0,0.0
201500055419,19,1,15,17,1,75,120,2,3,1,3,"17, RUE D AVRON",0.0,0.0
201500055420,19,1,15,17,5,75,120,2,1,8,6,"152, BOULEVARD DE CHARON",0.0,0.0
201500055421,20,1,15,22,4,75,120,2,1,1,5,"126, RUE D AVRON",0.0,0.0
201500055422,20,1,15,7,5,75,120,2,1,1,6,"360, RUE DES PYRENEES",0.0,0.0
201500055423,20,1,15,8,1,75,120,2,1,1,6,"37, RUE BELGRAND",0.0,0.0
201500055424,20,1,15,9,1,75,120,2,1,1,6,"3, RUE DES PANOYAUX",0.0,0.0
201500055425,20,1,15,10,1,75,120,2,5,1,3,"1, COURS DE VINCENNES",0.0,0.0
201500055426,22,1,15,8,1,75,120,2,5,1,6,"0, RUE DES PYRENEES",0.0,0.0
201500055427,23,1,15,10,1,75,120,2,5,1,3,"23, COURS DE VINCENNES",0.0,0.0
201500055428,23,1,15,17,5,75,120,2,2,1,6,"138, RUE DE BELLEVILLE",0.0,0.0
201500055429,24,1,15,23,5,75,120,2,2,1,6,"4, AVENUE GAMBETTA",0.0,0.0
201500055430,26,1,15,11,1,75,120,2,1,2,6,"93, AVENUE GAMBETTA",0.0,0.0
201500055431,27,1,15,8,1,75,120,2,1,8,6,"44, RUE DES PYRENEES",0.0,0.0
201500055432,28,1,15,20,5,75,120,2,7,1,6,PLACE DE LA PORTE DE MON,0.0,0.0
201500055433,29,1,15,16,1,75,120,2,1,3,6,"108, RUE DE BAGNOLET",0.0,0.0
201500055434,24,1,15,5,5,75,120,2,2,2,2,"341, RUE DES PYRENEES",0.0,0.0
201500055435,30,1,15,8,1,75,120,2,2,2,6,"132, RUE PELLEPORT",0.0,0.0
201500055436,30,1,15,19,3,75,120,2,1,1,6,"15, RUE LEON FRAPIE",0.0,0.0
201500055437,31,1,15,17,2,75,120,2,4,2,6,"117, AVENUE GAMBETTA",0.0,0.0
201500055438,31,1,15,22,5,75,120,2,1,2,6,"63, RUE DE MENILMONTANT",0.0,0.0
201500055439,1,2,15,21,5,75,120,2,7,1,3,"6, PLACE GAMBETTA",0.0,0.0
201500055440,2,2,15,20,5,75,120,2,1,1,6,"241, RUE DES PYRENEES",0.0,0.0
201500055441,3,2,15,12,1,75,120,2,2,1,3,"0, RUE BELGRAND",0.0,0.0
201500055442,5,2,15,19,5,75,120,2,3,1,6,"290, RUE DES PYRENEES",0.0,0.0
201500055443,5,2,15,19,5,75,120,2,2,1,6,"24, RUE DES VIGNOLES",0.0,0.0
201500055444,6,2,15,23,5,75,120,2,3,1,6,"151/153, BOULEVARD DAVOU",0.0,0.0
201500055445,8,2,15,1,5,75,111,2,1,9,7,"0, RUE GODEFROY CAVAIGNA",0.0,0.0
201500055446,9,2,15,9,1,75,120,2,3,1,2,"0, RUE DE BELLEVILLE",0.0,0.0
201500055447,10,2,15,7,1,75,120,2,1,1,6,"10, AVENUE DU PROFESSEUR",0.0,0.0
201500055448,10,2,15,13,1,75,120,2,7,1,3,"0, PLACE DE LA PORTE DE",0.0,0.0
201500055449,12,2,15,8,1,75,120,2,2,1,6,"0, RUE BELGRAND",0.0,0.0
201500055450,13,2,15,10,1,75,120,2,1,1,6,"143, RUE DES PYRENEES",0.0,0.0
201500055451,13,2,15,17,2,75,120,2,1,2,6,"10, AVENUE DU PROFESSEUR",0.0,0.0
201500055452,14,2,15,12,1,75,120,2,2,8,6,", AVENUE DE LA PORTE DE",0.0,0.0
201500055453,14,2,15,20,5,75,120,2,1,2,3,"98, RUE DE BAGNOLET",0.0,0.0
201500055454,18,2,15,1,5,75,120,2,1,1,6,"18, BOULEVARD DE MENILMO",0.0,0.0
201500055455,20,2,15,2,5,75,120,2,2,1,2,"8, BOULEVARD DE MENILMON",0.0,0.0
201500055456,21,2,15,6,5,75,120,2,1,8,2,"184, METRO PYRENEES",0.0,0.0
201500055457,21,2,15,22,5,75,120,2,2,1,3,"12, BOULEVARD DE CHARONN",0.0,0.0
201500055458,22,2,15,14,1,75,120,2,2,1,6,"65, RUE DE BAGNOLET",0.0,0.0
201500055459,24,2,15,6,3,75,120,2,1,1,6,"0, BOULEVARD PERIPHERIQU",0.0,0.0
201500055460,26,2,15,18,5,75,120,2,2,3,3,"25, BOULEVARD DAVOUT",0.0,0.0
201500055461,26,2,15,22,5,75,120,2,5,2,7,AVENUE GAMBETTA,0.0,0.0
201500055462,27,2,15,23,5,75,120,2,2,8,6,RUE DES AMANDIERS,0.0,0.0
201500055463,3,3,15,11,1,75,120,2,2,2,3,"0, RUE BELGRAND",0.0,0.0
201500055464,3,3,15,14,1,75,120,2,1,1,7,"64, RUE BELGRAND",0.0,0.0
201500055465,4,3,15,8,1,75,120,2,1,1,6,"2, RUE SCHUBERT",0.0,0.0
201500055466,4,3,15,21,5,75,120,2,3,1,3,"137, RUE DE BAGNOLET",0.0,0.0
201500055467,5,3,15,8,1,75,120,2,1,1,3,"5, AVENUE DE LA PORTE DE",0.0,0.0
201500055468,6,3,15,12,1,75,120,2,3,1,6,"118, RUE D AVRON",0.0,0.0
201500055469,6,3,15,18,1,75,120,2,1,1,6,"S-8517, COURS DE VINCENN",0.0,0.0
201500055470,8,3,15,15,1,75,120,2,7,1,3,"7, PLACE GAMBETTA",0.0,0.0
201500055471,8,3,15,18,2,75,120,2,3,1,6,"343, RUE DES PYRENEES",0.0,0.0
201500055472,10,3,15,1,4,75,120,2,2,2,6,"109, COURS DE VINCENNES",0.0,0.0
201500055473,10,3,15,14,1,75,120,2,1,1,6,"161, RUE DE MENILMONTANT",0.0,0.0
201500055474,12,3,15,0,5,75,120,2,5,1,7,BOULEVARD DAVOUT,0.0,0.0
201500055475,13,3,15,2,5,75,120,2,2,1,3,"94, RUE D AVRON",0.0,0.0
201500055476,14,3,15,18,1,75,120,2,1,1,5,"179, RUE DE BAGNOLET",0.0,0.0
201500055477,16,3,15,20,5,75,120,2,3,1,2,"28, RUE DE BAGNOLET",0.0,0.0
201500055478,17,3,15,18,1,75,120,2,2,1,3,"0, RUE DES PYRENEES",0.0,0.0
201500055479,17,3,15,18,2,75,120,2,1,1,7,"29, AVENUE GAMBETTA",0.0,0.0
201500055480,17,3,15,20,5,75,120,2,2,1,6,"155, RUE DES PYRENEES",0.0,0.0
201500055481,20,3,15,16,1,75,120,2,2,1,7,"67, RUE DES PYRENEES",0.0,0.0
201500055482,23,3,15,8,1,75,120,2,5,1,6,"19, RUE ETIENNE MAREY",0.0,0.0
201500055483,23,3,15,13,1,75,120,2,2,1,6,"105, RUE DE MENILMONTANT",0.0,0.0
201500055484,24,3,15,9,1,75,120,2,1,1,6,"0, AVENUE GAMBETTA",0.0,0.0
201500055485,30,3,15,16,1,75,120,2,2,1,3,"48, BOULEVARD DE BELLEVI",0.0,0.0
201500055486,31,3,15,12,1,75,120,2,1,1,6,RUE DU TELEGRAPHE,0.0,0.0
201500055487,31,3,15,20,5,75,120,2,1,1,6,"67, BOULEVARD MORTIER",0.0,0.0
201500055488,1,4,15,21,5,75,120,2,3,1,3,"24, RUE DE BAGNOLET",0.0,0.0
201500055489,3,4,15,12,1,75,120,2,1,1,6,"64, BOULEVARD DE CHARONN",0.0,0.0
201500055490,4,4,15,15,1,75,120,2,3,1,3,"173, RUE DE BAGNOLET",0.0,0.0
201500055491,4,4,15,21,5,75,120,2,1,1,3,"391, RUE DES PYRENEES",0.0,0.0
201500055492,10,4,15,7,1,75,120,2,1,1,6,"75, COURS DE VINCENNES",0.0,0.0
201500055493,11,4,15,0,5,75,120,2,1,1,6,"43, COURS DE VINCENNES",0.0,0.0
201500055494,12,4,15,10,1,75,120,2,2,1,3,"63, RUE DES PYRENEES",0.0,0.0
201500055495,15,4,15,15,1,75,120,2,1,1,6,"84, RUE DES ORTEAUX",0.0,0.0
201500055496,15,4,15,16,1,75,120,2,1,1,6,"14, RUE ETIENNE DOLET",0.0,0.0
201500055497,18,4,15,23,5,75,120,2,7,1,3,"82, PLACE DE LA PORTE DE",0.0,0.0
201500055498,18,4,15,0,5,75,120,2,1,1,6,"51, RUE SAINT FARGEAU",0.0,0.0
201500055499,18,4,15,11,1,75,120,2,1,1,6,"42, RUE LOUIS LUMIERE",0.0,0.0
201500055500,19,4,15,13,1,75,120,2,1,1,6,"47, RUE DE LA CROIX SAIN",0.0,0.0
201500055501,20,4,15,8,1,75,120,2,1,1,6,"16, RUE DE LA COUR DES N",0.0,0.0
201500055502,20,4,15,10,1,75,120,2,1,1,6,"109, RUE DE BAGNOLET",0.0,0.0
201500055503,20,4,15,13,1,75,120,2,5,1,6,"113, RUE DES PYRENEES",0.0,0.0
201500055504,22,4,15,15,1,75,120,2,2,1,3,"0, RUE DU COMMANDANT L H",0.0,0.0
201500055505,22,4,15,13,1,75,120,2,1,3,6,"0, BOULEVARD PERIPHERIQU",0.0,0.0
201500055506,23,4,15,10,1,75,120,2,1,1,6,"109-121, BOULEVARD MORTI",0.0,0.0
201500055507,23,4,15,19,1,75,120,2,1,1,6,"49, RUE PIXERECOURT",0.0,0.0
201500055508,24,4,15,9,1,75,120,2,1,1,6,"115, RUE DES AMANDIERS",0.0,0.0
201500055509,24,4,15,19,1,75,120,2,1,1,4,"178, RUE DE BAGNOLET",0.0,0.0
201500055510,27,4,15,6,2,75,120,2,1,1,6,"78, BOULEVARD MORTIER",0.0,0.0
201500055511,30,4,15,12,1,75,120,2,4,3,7,AVENUE CARTELLIER,0.0,0.0
201500055512,4,5,15,11,1,75,120,2,1,1,3,"08, AVENUE LEON GAUMONT",0.0,0.0
201500055513,4,5,15,12,1,75,120,2,1,1,3,"10, AVENUE GAMBETTA",0.0,0.0
201500055514,6,5,15,20,1,75,120,2,1,1,6,"62, BOULEVARD DAVOUT",0.0,0.0
201500055515,7,5,15,20,2,75,120,2,1,1,6,"343, RUE DES PYRENEES",0.0,0.0
201500055516,9,5,15,2,5,75,120,2,1,1,2,"62, MARCHE BELGRAND",0.0,0.0
201500055517,9,5,15,17,1,75,120,2,5,1,6,"S-21086, RUE SORBIER",0.0,0.0
201500055518,11,5,15,16,1,75,120,2,2,1,3,"25, BOULEVARD DAVOUT",0.0,0.0
201500055519,12,5,15,16,1,75,120,2,3,3,3,"0, COURS DE VINCENNES",0.0,0.0
201500055520,14,5,15,20,2,75,120,2,1,1,1,"0, RUE DE BAGNOLET",0.0,0.0
201500055521,15,5,15,10,1,75,120,2,3,1,3,"XX-2619, RUE DES PYRENEE",0.0,0.0
201500055522,17,5,15,14,1,75,120,2,1,1,6,"66, BOULEVARD DE CHARONN",0.0,0.0
201500055523,18,5,15,11,1,75,120,2,5,1,2,AVENUE CARTELLIER,0.0,0.0
201500055524,19,5,15,13,1,75,120,2,1,1,6,"33, RUE DE MENILMONTANT",0.0,0.0
201500055525,23,5,15,12,1,75,120,2,2,1,2,"S51493, AVENUE IBSEN",0.0,0.0
201500055526,26,5,15,10,1,75,120,2,3,1,3,AVENUE DE LA PORTE DE MO,0.0,0.0
201500055527,28,5,15,19,1,75,120,2,2,1,6,"0, RUE DES DOCTEURS DEJE",0.0,0.0
201500055528,29,5,15,2,5,75,120,2,2,1,3,"0, AVENUE GAMBETTA",0.0,0.0
201500055529,29,5,15,8,1,75,120,2,4,2,3,"0, AVENUE IBSEN",0.0,0.0
201500055530,31,5,15,2,5,75,120,2,2,1,1,"134, RUE DE BELLEVILLE",0.0,0.0
201500055531,1,6,15,0,3,75,120,2,2,2,7,"angle, RUE DES PYRENEES",0.0,0.0
201500055532,31,5,15,2,5,75,120,2,1,1,6,"6, RUE DES PARTANTS",0.0,0.0
201500055533,2,6,15,15,1,75,120,2,3,1,6,"23, RUE HOUDART",0.0,0.0
201500055534,3,6,15,20,1,75,120,2,2,1,6,"02, RUE DES PYRENEES",0.0,0.0
201500055535,8,7,15,19,1,75,120,2,4,1,2,"S-51484, AVENUE IBSEN",0.0,0.0
201500055536,4,6,15,16,1,75,120,2,1,1,6,"16, RUE DE FONTARABIE",0.0,0.0
201500055537,5,6,15,8,1,75,120,2,1,1,6,"31bis, AVENUE GAMBETTA",0.0,0.0
201500055538,5,6,15,15,1,75,120,2,1,1,6,"74, RUE BELGRAND",0.0,0.0
201500055539,9,6,15,17,1,75,120,2,1,1,6,"75, RUE DE MENILMONTANT",0.0,0.0
201500055540,9,6,15,18,1,75,120,2,1,1,6,"57, RUE SAINT BLAISE",0.0,0.0
201500055541,10,6,15,21,1,75,120,2,1,1,5,BOULEVARD PERIPHERIQUE E,0.0,0.0
201500055542,11,6,15,7,1,75,120,2,1,1,2,"36, BOULEVARD DAVOUT",0.0,0.0
201500055543,11,6,15,23,5,75,120,2,2,1,6,"208, RUE DE BELLEVILLE",0.0,0.0
201500055544,11,6,15,12,1,75,120,2,1,1,2,"06, AVENUE DU PROFESSEUR",0.0,0.0
201500055545,12,6,15,10,1,75,120,2,3,1,3,"8, RUE BELGRAND",0.0,0.0