Num_Acc,jour,mois,an,hr,condition_eclairage,departement,commune,condition_agglomeration,intersection,condition_atmosphere,type_collision,adresse,lattitude,longitude
201500055546,15,6,15,21,1,75,120,2,1,1,3,"154, BOULEVARD DAVOUT",0.0,0.0
201500055547,16,6,15,10,1,75,120,2,1,1,3,"102, RUE DES ORTEAUX",0.0,0.0
201500055548,17,6,15,15,1,75,120,2,1,1,6,"145, AVENUE GAMBETTA",0.0,0.0
201500055549,17,6,15,15,1,75,120,2,1,1,4,"132, BOULEVARD DE CHARON",0.0,0.0
201500055550,18,6,15,17,1,75,120,2,3,1,3,"80, BOULEVARD DE CHARONN",0.0,0.0
201500055551,19,6,15,1,5,75,120,2,2,1,3,"137, RUE DE BAGNOLET",0.0,0.0
201500055552,20,6,15,16,1,75,120,2,1,1,6,"0, RUE BELGRAND",0.0,0.0
201500055553,23,6,15,9,1,75,120,2,1,1,3,BOULEVARD DE BELLEVILLE,0.0,0.0
201500055554,25,6,15,8,1,75,120,2,2,1,1,RUE DES PYRENEES,0.0,0.0
201500055555,25,6,15,22,5,75,119,2,1,1,6,"73, RUE DE BELLEVILLE",0.0,0.0
201500055556,29,6,15,15,1,75,120,2,1,1,2,"55, RUE DES PYRENEES",0.0,0.0
201500055557,29,6,15,17,1,75,120,2,1,1,3,ECHANGEUR MONTREUIL,0.0,0.0
201500055558,29,6,15,19,1,75,119,2,1,1,6,"71, RUE DE BELLEVILLE",0.0,0.0
201500055559,30,6,15,20,2,75,120,2,1,1,2,"25, RUE HENRI CHEVREAU",0.0,0.0
201500055560,1,7,15,8,1,75,120,2,2,1,3,"17, RUE BELGRAND",0.0,0.0
201500055561,4,7,15,0,5,75,119,2,2,1,6,"23, AVENUE DE FLANDRE",0.0,0.0
201500055562,4,7,15,14,1,75,120,2,2,1,3,AVENUE IBSEN,0.0,0.0
201500055563,4,7,15,21,2,75,120,2,1,1,2,"41, BOULEVARD DAVOUT",0.0,0.0
201500055564,5,7,15,21,2,75,120,2,7,3,3,AVENUE GAMBETTA,0.0,0.0
201500055565,7,7,15,21,2,75,120,2,2,8,3,"135, RUE DE MENILMONTANT",0.0,0.0
201500055566,8,7,15,8,1,75,120,2,3,1,3,"17, RUE MENDELSSOHN",0.0,0.0
201500055567,8,7,15,13,1,75,120,2,5,1,4,"1, RUE D AVRON",0.0,0.0
201500055568,9,7,15,0,5,75,120,2,2,1,6,"67, BOULEVARD DAVOUT",0.0,0.0
201500055569,9,7,15,16,1,75,120,2,2,1,3,"58, BOULEVARD MORTIER",0.0,0.0
201500055570,11,7,15,16,1,75,120,2,2,1,5,BOULEVARD DAVOUT,0.0,0.0
201500055571,14,7,15,1,5,75,120,2,2,1,3,"155, RUE DES PYRENEES",0.0,0.0
201500055572,15,7,15,11,1,75,120,2,5,1,3,BOULEVARD MORTIER,0.0,0.0
201500055573,17,7,15,15,1,75,120,2,2,1,6,"4, RUE PIXERECOURT",0.0,0.0
201500055574,22,7,15,19,1,75,120,2,2,1,6,"12, BOULEVARD DE CHARONN",0.0,0.0
201500055575,27,7,15,10,1,75,120,2,3,2,3,"24, RUE PELLEPORT",0.0,0.0
201500055576,27,7,15,21,2,75,120,2,1,1,1,"2, RUE DES PARTANTS",0.0,0.0
201500055577,29,7,15,18,1,75,120,2,1,1,6,"4, RUE PAUL JEAN TOULET",0.0,0.0
201500055578,31,7,15,13,1,75,120,2,1,1,3,"58, RUE D AVRON",0.0,0.0
201500055579,1,8,15,16,1,75,120,2,1,1,6,"145, BOULEVARD DAVOUT",0.0,0.0
201500055580,2,8,15,19,1,75,120,2,2,1,3,"/, AVENUE DE LA PORTE DE",0.0,0.0
201500055581,6,8,15,15,1,75,120,2,2,1,3,RUE DU CAPITAINE FERBER,0.0,0.0
201500055582,6,8,15,19,1,75,120,2,1,1,6,"178, BOULEVARD DE CHARON",0.0,0.0
201500055583,7,8,15,16,1,75,120,2,1,3,2,"75, RUE PIXERECOURT",0.0,0.0
201500055584,8,8,15,11,1,75,120,2,2,1,6,"67, BOULEVARD DAVOUT",0.0,0.0
201500055585,12,8,15,9,1,75,120,2,7,1,6,"2, RUE BELGRAND",0.0,0.0
201500055586,20,8,15,17,1,75,120,2,1,1,6,BOULEVARD DE MENILMONTAN,0.0,0.0
201500055587,21,8,15,1,5,75,120,2,2,1,2,"383, RUE DES PYRENEES",0.0,0.0
201500055588,23,8,15,6,1,75,112,2,3,1,2,"152, BOULEVARD DIDEROT",0.0,0.0
201500055589,23,8,15,12,1,75,120,2,2,2,6,"7, RUE DU JOURDAIN",0.0,0.0
201500055590,24,8,15,12,1,75,120,2,2,2,6,RUE D AVRON,0.0,0.0
201500055591,25,8,15,20,5,75,120,2,1,2,6,"126, RUE D AVRON",0.0,0.0
201500055592,27,8,15,10,1,75,120,2,2,3,6,RUE DE BUZENVAL,0.0,0.0
201500055593,27,8,15,13,1,75,120,2,5,2,6,"92, RUE DE BELLEVILLE",0.0,0.0
201500055594,29,8,15,22,5,75,120,2,3,1,2,"25, RUE DES PYRENEES",0.0,0.0
201500055595,1,9,15,5,5,75,120,2,1,2,2,BOULEVARD PERIPHERIQUE,0.0,0.0
201500055596,4,9,15,15,1,75,120,2,1,1,2,"2, RUE ORFILA",0.0,0.0
201500055597,5,9,15,19,1,75,120,2,1,1,6,"95, RUE DE MENILMONTANT",0.0,0.0
201500055598,7,9,15,10,1,75,120,2,1,1,7,"27, RUE DE LA CHINE",0.0,0.0
201500055599,4,9,15,12,1,75,120,2,1,1,6,"6, RUE ETIENNE DOLET",0.0,0.0
201500055600,9,9,15,7,1,75,120,2,4,1,6,"8 BIS, RUE BELGRAND",0.0,0.0
201500055601,9,9,15,9,1,75,120,2,2,1,2,AVENUE CARTELLIER,0.0,0.0
201500055602,9,9,15,21,5,75,120,2,1,1,2,"227, BOULEVARD DAVOUT",0.0,0.0
201500055603,10,9,15,12,1,75,120,2,3,1,6,"02, VILLA DES PYRENEES",0.0,0.0
201500055604,12,9,15,1,5,75,120,2,2,1,6,"145, RUE D AVRON",0.0,0.0
201500055605,14,9,15,16,1,75,120,2,1,1,2,"1, AVENUE DU DOCTEUR GLE",0.0,0.0
201500055606,16,9,15,17,1,75,120,2,1,2,3,"7, PLACE GAMBETTA",0.0,0.0
201500055607,17,9,15,3,5,75,119,2,1,1,1,"64, AVENUE JEAN JAURES",0.0,0.0
201500055608,17,9,15,8,1,75,120,2,1,1,6,"69, RUE DES PYRENEES",0.0,0.0
201500055609,12,9,15,23,5,75,120,2,1,1,6,"144, RUE D AVRON",0.0,0.0
201500055610,18,9,15,11,1,75,120,2,2,1,6,"38, AVENUE GAMBETTA",0.0,0.0
201500055611,18,9,15,14,1,75,120,2,2,1,3,"224, RUE DES PYRENEES",0.0,0.0
201500055612,18,9,15,20,5,75,120,2,1,2,6,"46, BOULEVARD DE MENILMO",0.0,0.0
201500055613,18,9,15,22,5,75,120,2,7,2,6,"90, RUE PELLEPORT",0.0,0.0
201500055614,21,9,15,11,1,75,120,2,3,1,3,"8, RUE BELGRAND",0.0,0.0
201500055615,21,9,15,16,1,75,120,2,2,1,6,"348, RUE DES PYRENEES",0.0,0.0
201500055616,22,9,15,14,1,75,120,2,1,2,4,"8, AVENUE DE LA PORTE DE",0.0,0.0
201500055617,23,9,15,7,2,75,120,2,7,1,6,PLACE DU MAQUIS DU VERCO,0.0,0.0
201500055618,23,9,15,14,1,75,120,2,1,1,3,"127, RUE D AVRON",0.0,0.0
201500055619,24,9,15,23,5,75,120,2,7,2,6,"241, RUE DES PYRENEES",0.0,0.0
201500055620,25,9,15,15,1,75,120,2,1,1,7,"128, RUE DE BAGNOLET",0.0,0.0
201500055621,26,9,15,8,1,75,120,2,2,1,3,BOULEVARD MORTIER,0.0,0.0
201500055622,27,9,15,2,5,75,120,2,2,1,3,"42, RUE VITRUVE",0.0,0.0
201500055623,28,9,15,17,1,75,120,2,4,1,2,"331, RUE DES PYRENEES",0.0,0.0
201500055624,29,9,15,21,5,75,120,2,4,1,2,BOULEVARD PERIPHERIQUE I,0.0,0.0
201500055625,30,9,15,15,1,75,120,2,7,1,4,"9, PLACE GAMBETTA",0.0,0.0
201500055626,2,10,15,17,1,75,120,2,1,1,4,BOULEVARD PERIPHERIQUE I,0.0,0.0
201500055627,6,10,15,13,1,75,120,2,6,2,6,"42, RUE BELGRAND",0.0,0.0
201500055628,6,10,15,17,1,75,120,2,2,2,6,"30, RUE BELGRAND",0.0,0.0
201500055629,6,10,15,14,1,75,120,2,7,2,7,"1, PLACE AUGUSTE METIVIE",0.0,0.0
201500055630,8,10,15,18,1,75,120,2,4,1,2,PLACE DE LA PORTE DE MON,0.0,0.0
201500055631,8,10,15,20,5,75,120,2,3,1,6,"80, RUE DE BAGNOLET",0.0,0.0
201500055632,9,10,15,7,1,75,120,2,2,1,6,"95, AVENUE GAMBETTA",0.0,0.0
201500055633,9,10,15,18,1,75,120,2,1,1,3,"180, RUE DES PYRENEES",0.0,0.0
201500055634,9,10,15,18,1,75,120,2,3,1,6,"48, RUE DE LAGNY",0.0,0.0
201500055635,10,10,15,7,2,75,120,2,1,1,6,"119, BOULEVARD MORTIER",0.0,0.0
201500055636,10,10,15,22,5,75,120,2,1,1,2,"163, RUE DES PYRENEES",0.0,0.0
201500055637,13,10,15,19,5,75,120,2,2,1,3,"126, RUE DE MENILMONTANT",0.0,0.0
201500055638,15,10,15,10,1,75,120,2,1,8,6,"117, RUE DES PYRENEES",0.0,0.0
201500055639,15,10,15,19,5,75,120,2,1,2,3,"182, RUE DES PYRENEES",0.0,0.0
201500055640,15,10,15,16,1,75,120,2,2,1,3,"43, RUE BELGRAND",0.0,0.0
201500055641,19,10,15,8,1,75,120,2,1,1,6,"365, RUE DES PYRENEES",0.0,0.0
201500055642,22,10,15,7,2,75,120,2,1,2,2,"337, RUE DES PYRENEES",0.0,0.0
201500055643,23,10,15,23,5,75,111,2,2,1,2,"40, BOULEVARD VOLTAIRE",0.0,0.0
201500055644,24,10,15,6,5,75,120,2,1,1,6,"369, RUE DES PYRENEES",0.0,0.0
201500055645,25,10,15,4,5,75,111,2,1,1,6,"1, BOULEVARD RICHARD LEN",0.0,0.0
201500055646,26,10,15,20,5,75,120,2,4,1,3,AVENUE CARTELLIER,0.0,0.0
201500055647,27,10,15,16,1,75,120,2,3,1,6,"118, RUE DE BAGNOLET",0.0,0.0
201500055648,29,10,15,1,5,75,120,2,5,1,6,RUE DE BELLEVILLE,0.0,0.0
201500055649,30,10,15,17,1,75,120,2,5,1,6,"108, RUE DES PYRENEES",0.0,0.0
201500055650,30,10,15,20,5,75,120,2,1,1,6,"14, BOULEVARD DE MENILMO",0.0,0.0
201500055651,31,10,15,0,5,75,120,2,3,1,3,"10, RUE LEON FRAPIE",0.0,0.0
201500055652,31,10,15,7,2,75,120,2,2,1,3,"43, RUE BELGRAND",0.0,0.0
201500055653,4,11,15,7,2,75,120,2,2,2,3,"1, RUE DE MENILMONTANT",0.0,0.0
201500055654,4,11,15,20,5,75,120,2,3,2,3,"102, BOULEVARD DE MENILM",0.0,0.0
201500055655,5,11,15,16,1,75,120,2,1,1,3,"20, AVENUE BENOIT FRACHO",0.0,0.0
201500055656,5,11,15,5,5,75,120,2,2,1,3,RUE HAXO,0.0,0.0
201500055657,7,11,15,23,5,75,120,2,1,1,6,"137, BOULEVARD DAVOUT",0.0,0.0
201500055658,9,11,15,11,1,75,120,2,1,1,3,"128, RUE D AVRON",0.0,0.0
201500055659,12,11,15,17,5,75,120,2,1,1,6,"37, COURS DE VINCENNES",0.0,0.0
201500055660,13,11,15,9,1,75,120,2,1,1,2,"381, RUE DES PYRENEES",0.0,0.0
201500055661,14,11,15,7,1,75,120,2,7,1,3,PLACE DU MAQUIS DU VERCO,0.0,0.0
201500055662,14,11,15,13,1,75,120,2,2,1,6,"260, RUE DE MENILMONTANT",0.0,0.0
201500055663,15,11,15,0,5,75,120,2,2,1,6,"11, RUE DE NOISY LE SEC",0.0,0.0
201500055664,17,11,15,20,5,75,120,2,1,2,7,PLACE DE LA PORTE DE MON,0.0,0.0
201500055665,18,11,15,8,1,75,120,2,1,1,2,"260, RUE DES PYRENEES",0.0,0.0
201500055666,19,11,15,12,1,75,120,2,1,2,7,"57, RUE SAINT FARGEAU",0.0,0.0
201500055667,20,11,15,20,5,75,120,2,3,2,3,"0, RUE DE BAGNOLET",0.0,0.0
201500055668,22,11,15,21,5,75,120,2,1,1,6,"51BIS, RUE DU SURMELIN",0.0,0.0
201500055669,23,11,15,10,1,75,120,2,1,1,6,"315, RUE DES PYRENEES",0.0,0.0
201500055670,28,11,15,11,1,75,120,2,3,1,2,AVENUE DE LA PORTE DE MO,0.0,0.0
201500055671,2,12,15,17,5,75,120,2,7,1,3,RUE DU SURMELIN,0.0,0.0
201500055672,2,12,15,20,5,75,120,2,4,1,3,"86, RUE SAINT BLAISE",0.0,0.0
201500055673,5,12,15,13,1,75,120,2,3,1,3,"131, RUE D AVRON",0.0,0.0
201500055674,7,12,15,9,1,75,120,2,3,1,1,"56, RUE DE BELLEVILLE",0.0,0.0
201500055675,7,12,15,23,5,75,120,2,2,1,3,PORTE DES LILAS,0.0,0.0
201500055676,8,12,15,20,5,75,120,2,1,2,6,"54, RUE BELGRAND",0.0,0.0
201500055677,9,12,15,16,2,75,120,2,1,1,6,"105, COURS DE VINCENNES",0.0,0.0
201500055678,10,12,15,16,1,75,120,2,1,2,6,"168, RUE PELLEPORT",0.0,0.0
201500055679,11,12,15,3,5,75,120,2,3,1,2,"6, AVENUE DE LA PORTE DE",0.0,0.0
201500055680,13,12,15,4,5,75,120,2,1,1,7,AVENUE DE LA PORTE DE BA,0.0,0.0
201500055681,18,12,15,21,5,75,120,2,3,1,7,"77, RUE DES PYRENEES",0.0,0.0
201500055682,18,12,15,23,5,75,120,2,1,1,6,"18, RUE DE BELLEVILLE",0.0,0.0
201500055683,20,12,15,14,1,75,120,2,1,1,6,"76, RUE PIERRE SOULIE",0.0,0.0
201500055684,21,12,15,12,1,75,120,2,3,1,2,"163, BOULEVARD MORTIER",0.0,0.0
201500055685,23,12,15,20,1,75,120,2,2,1,2,"20, RUE BELGRAND",0.0,0.0
201500055686,29,12,15,8,1,75,120,2,2,2,6,"118, RUE DE MENILMONTANT",0.0,0.0
201500055687,31,12,15,13,1,75,120,2,3,1,3,"80, BOULEVARD DE CHARONN",0.0,0.0
201500055688,31,12,15,16,1,75,120,2,1,1,6,"113, BOULEVARD DAVOUT",0.0,0.0
201500055689,31,12,15,22,5,75,119,2,1,1,6,"35, AVENUE MATHURIN MORE",0.0,0.0
201500055690,1,1,15,6,5,75,111,2,5,1,3,RUE OBERKAMPF,0.0,0.0
201500055691,2,1,15,11,1,75,113,2,5,2,6,"96, RUE DE TOLBIAC",0.0,0.0
201500055692,4,1,15,0,4,75,116,2,2,2,3,ALLEE DE LA REINE MARGUE,0.0,0.0
201500055693,4,1,15,3,5,75,114,2,2,1,3,RUE GASSENDI,0.0,0.0
201500055694,8,1,15,16,2,75,112,2,5,1,3,AVENUE DU TRONE,0.0,0.0
201500055695,8,1,15,22,5,75,111,2,2,2,3,BOULEVARD VOLTAIRE,0.0,0.0
201500055696,10,1,15,23,5,75,118,2,4,1,6,"17, BOULEVARD NEY",0.0,0.0
201500055697,11,1,15,6,2,75,113,2,1,1,6,BOULEVARD PERIPHERIQUE I,0.0,0.0
201500055698,12,1,15,4,4,75,113,2,1,1,6,"64, AVENUE DES GOBELINS",0.0,0.0
201500055699,12,1,15,8,2,75,114,2,3,1,6,"3, BOULEVARD EDGAR QUINE",0.0,0.0
201500055700,13,1,15,10,1,75,111,2,3,1,6,"71, BOULEVARD VOLTAIRE",0.0,0.0
201500055701,13,1,15,15,1,75,112,2,1,1,6,"48, BOULEVARD DE LA BAST",0.0,0.0
201500055702,14,1,15,13,1,75,115,2,2,1,6,"83, RUE DE LA CONVENTION",0.0,0.0
201500055703,14,1,15,18,2,75,111,2,1,1,6,"33, RUE FAIDHERBE",0.0,0.0
201500055704,14,1,15,19,5,75,118,2,1,1,6,BOULEVARD PERIPHERIQUE,0.0,0.0
201500055705,15,1,15,3,5,75,110,2,1,2,6,"13, BOULEVARD DE MAGENTA",0.0,0.0
201500055706,16,1,15,4,5,75,112,2,1,1,6,ESPLANADE SAINT LOUIS,0.0,0.0
201500055707,16,1,15,19,5,75,111,2,3,2,6,"29, BOULEVARD DE CHARONN",0.0,0.0
201500055708,17,1,15,5,5,75,118,2,7,1,6,"14, PLACE DE CLICHY",0.0,0.0
201500055709,17,1,15,16,1,75,116,2,1,1,6,AVENUE PRUDHON,0.0,0.0
201500055710,18,1,15,13,1,75,116,2,4,1,2,AVENUE DU PRESIDENT KENN,0.0,0.0
201500055711,19,1,15,13,1,75,118,2,3,1,3,"140, BOULEVARD NEY",0.0,0.0
201500055712,20,1,15,0,5,75,102,2,1,1,3,"94, BOULEVARD DE SEBASTO",0.0,0.0
201500055713,20,1,15,9,1,75,111,2,3,1,6,"90, AVENUE DE LA REPUBLI",0.0,0.0
201500055714,20,1,15,15,1,75,115,2,3,1,3,"215, RUE DE VAUGIRARD",0.0,0.0
201500055715,21,1,15,10,1,75,111,2,5,1,3,BOULEVARD RICHARD LENOIR,0.0,0.0
201500055716,21,1,15,13,1,75,116,2,3,1,6,"44, AVENUE FOCH",0.0,0.0
201500055717,22,1,15,8,1,75,104,2,5,1,6,"07, AVENUE VICTORIA",0.0,0.0
201500055718,22,1,15,15,1,75,113,2,5,1,3,"/, QUAI D AUSTERLITZ",0.0,0.0
201500055719,23,1,15,4,5,75,110,2,1,1,7,"167, BOULEVARD DE LA VIL",0.0,0.0
201500055720,23,1,15,22,5,75,102,2,2,1,3,"04, RUE DU QUATRE SEPTEM",0.0,0.0
201500055721,24,1,15,8,2,75,105,2,2,1,3,"28, RUE MONGE",0.0,0.0
201500055722,25,1,15,6,5,75,110,2,2,1,5,"1, BOULEVARD DE STRASBOU",0.0,0.0
201500055723,26,1,15,11,1,75,108,2,2,1,4,"01, AVENUE MYRON HERRICK",0.0,0.0
201500055724,28,1,15,19,5,75,111,2,7,1,1,"/, PLACE DE LA REPUBLIQU",0.0,0.0
201500055725,29,1,15,0,5,75,119,2,3,9,6,"29, AVENUE SIMON BOLIVAR",0.0,0.0
201500055726,31,1,15,0,5,75,116,2,1,1,1,"32, AVENUE D EYLAU",0.0,0.0
201500055727,1,2,15,0,5,75,107,2,5,3,6,"13, AVENUE DE SUFFREN",0.0,0.0
201500055728,3,2,15,7,5,75,119,2,4,1,2,"/, PLACE AUGUSTE BARON",0.0,0.0
201500055729,3,2,15,12,1,75,114,2,7,1,2,AVENUE REILLE,0.0,0.0
201500055730,3,2,15,15,1,75,115,2,3,1,6,"311, RUE DE VAUGIRARD",0.0,0.0
201500055731,3,2,15,18,3,75,112,2,1,1,1,"115, RUE DE REUILLY",0.0,0.0
201500055732,3,2,15,19,3,75,116,2,2,1,6,AVENUE DE L HIPPODROME,0.0,0.0
201500055733,4,2,15,7,5,75,114,2,1,1,3,BOULEVARD PERIPHERIQUE I,0.0,0.0
201500055734,4,2,15,19,4,75,112,2,1,1,7,"7, PORT DE LA RAPEE",0.0,0.0
201500055735,5,2,15,14,1,75,112,2,1,1,2,BOULEVARD PERIPHERIQUE I,0.0,0.0
201500055736,5,2,15,16,1,75,116,2,1,1,4,BOULEVARD PERIPHERIQUE,0.0,0.0
201500055737,6,2,15,9,1,75,108,2,5,1,6,"53, BOULEVARD DE COURCEL",0.0,0.0
201500055738,11,2,15,17,2,75,105,2,3,1,6,"18, RUE CENSIER",0.0,0.0
201500055739,12,2,15,19,5,75,104,2,2,1,3,BOULEVARD HENRI IV,0.0,0.0
201500055740,13,2,15,13,1,75,117,2,1,1,3,BOULEVARD PERIPHERIQUE I,0.0,0.0
201500055741,13,2,15,20,5,75,114,2,1,1,2,"91, AVENUE DENFERT ROCHE",0.0,0.0
201500055742,17,2,15,8,1,75,112,2,1,1,3,"11, RUE TAINE",0.0,0.0
201500055743,19,2,15,1,5,75,120,2,5,1,7,"/, COURS DE VINCENNES",0.0,0.0
201500055744,20,2,15,7,2,75,116,2,1,1,6,"41, AVENUE FOCH",0.0,0.0
201500055745,21,2,15,16,1,75,116,2,3,2,7,BOULEVARD MURAT,0.0,0.0
201500055746,22,2,15,18,2,75,112,2,5,2,6,ESPLANADE SAINT LOUIS,0.0,0.0
201500055747,24,2,15,17,1,75,115,2,7,1,6,"285, RUE DE VAUGIRARD",0.0,0.0
201500055748,25,2,15,17,5,75,114,2,1,2,4,"34, BOULEVARD SAINT JACQ",0.0,0.0
201500055749,26,2,15,5,5,75,119,2,7,1,6,"2, AVENUE JEAN JAURES",0.0,0.0
201500055750,26,2,15,18,2,75,117,2,7,3,3,"51 bis, BOULEVARD BERTHI",0.0,0.0
201500055751,27,2,15,10,1,75,114,2,1,1,6,"118, AVENUE DU GENERAL L",0.0,0.0
201500055752,28,2,15,4,5,75,118,1,1,1,7,BOULEVARD PERIPHERIQUE,0.0,0.0
201500055753,28,2,15,20,5,75,110,2,1,1,6,"19, RUE DU HUIT MAI 1945",0.0,0.0
201500055754,3,3,15,12,1,75,102,2,2,1,6,RUE REAUMUR,0.0,0.0
201500055755,4,3,15,12,1,75,117,2,1,1,6,"8, BOULEVARD GOUVION SAI",0.0,0.0
201500055756,4,3,15,15,1,75,114,2,7,1,2,AVENUE DE LA PORTE D ORL,0.0,0.0
201500055757,6,3,15,0,5,75,111,2,3,1,3,"86, BOULEVARD BEAUMARCHA",0.0,0.0
201500055758,11,3,15,12,1,75,118,2,4,1,6,"52, BOULEVARD NEY",0.0,0.0
201500055759,11,3,15,18,1,75,120,2,1,1,6,"62, RUE DES PYRENEES",0.0,0.0
201500055760,11,3,15,19,5,75,117,2,1,1,1,"80, BOULEVARD DE COURCEL",0.0,0.0
201500055761,12,3,15,0,5,75,106,2,5,1,3,"160, BOULEVARD SAINT GER",0.0,0.0
201500055762,12,3,15,16,1,75,107,2,2,1,3,"6, RUE DUROC",0.0,0.0
201500055763,13,3,15,2,5,75,118,2,5,1,5,"128, BOULEVARD DE CLICHY",0.0,0.0
201500055764,14,3,15,5,5,75,112,2,1,1,3,"61, RUE DE LYON",0.0,0.0
201500055765,14,3,15,23,5,75,116,2,1,2,7,"202, AVENUE DE VERSAILLE",0.0,0.0
201500055766,17,3,15,17,1,75,110,2,1,1,6,"31, RUE DE SAMBRE ET MEU",0.0,0.0
201500055767,17,3,15,23,5,75,111,2,2,1,1,"**, RUE DE CHARONNE",0.0,0.0
201500055768,24,8,15,21,5,75,117,2,1,2,6,"131, RUE DE SAUSSURE",0.0,0.0
201500055769,19,3,15,2,5,75,104,2,1,1,6,"6, QUAI DES CELESTINS",0.0,0.0
201500055770,19,3,15,12,1,75,116,2,5,1,6,"48, RUE D AUTEUIL",0.0,0.0
201500055771,20,3,15,0,5,75,112,2,1,1,6,QUAI DE BERCY,0.0,0.0
201500055772,22,3,15,14,1,75,116,2,2,1,6,AVENUE EDOUARD VAILLANT,0.0,0.0
201500055773,26,3,15,0,5,75,113,2,1,1,7,"8, RUE BRILLAT SAVARIN",0.0,0.0
201500055774,27,3,15,14,1,75,105,2,2,1,6,RUE CLAUDE BERNARD,0.0,0.0
201500055775,27,3,15,21,5,75,113,2,3,1,3,"73, AVENUE DES GOBELINS",0.0,0.0
201500055776,28,3,15,0,5,75,111,2,1,1,6,"11, BOULEVARD JULES FERR",0.0,0.0
201500055777,30,3,15,12,1,75,104,2,1,1,6,"8, RUE DE RIVOLI",0.0,0.0
201500055778,30,3,15,19,5,75,116,2,3,1,6,"13, AVENUE DU PRESIDENT",0.0,0.0
201500055779,31,3,15,5,5,75,107,2,1,1,1,"6, BOULEVARD DES INVALID",0.0,0.0
201500055780,1,4,15,23,5,75,108,2,3,1,3,RUE DE LA PEPINIERE,0.0,0.0
201500055781,3,4,15,0,5,75,101,2,3,1,7,"162, RUE DE RIVOLI",0.0,0.0
201500055782,4,4,15,13,1,75,117,2,1,1,2,"2, AVENUE DE LA GRANDE A",0.0,0.0
201500055783,5,4,15,14,1,75,114,2,7,1,3,PLACE VICTOR BASCH,0.0,0.0
201500055784,5,4,15,16,1,75,114,2,4,1,6,AVENUE DE LA PORTE DE CH,0.0,0.0
201500055785,7,4,15,15,1,75,117,2,7,1,6,"4, AVENUE MAC MAHON",0.0,0.0
201500055786,7,4,15,18,1,75,116,2,1,1,6,AVENUE DE L HIPPODROME,0.0,0.0
201500055787,8,4,15,13,1,75,115,2,7,1,3,PLACE SAINT CHARLES,0.0,0.0
201500055788,8,4,15,15,1,75,113,2,3,1,3,"/, AVENUE DES GOBELINS",0.0,0.0
201500055789,9,4,15,17,1,75,105,2,2,1,6,"32, BOULEVARD SAINT GERM",0.0,0.0
201500055790,10,4,15,9,1,75,116,2,1,1,6,"12, RUE DE CHAILLOT",0.0,0.0
201500055791,10,4,15,14,1,75,104,2,2,1,3,"12, QUAI DE GESVRES",0.0,0.0
201500055792,11,4,15,5,5,75,110,2,7,1,6,"1, PLACE DE LA BATAILLE",0.0,0.0
201500055793,11,4,15,18,1,75,111,2,2,1,3,RUE OBERKAMPF,0.0,0.0
201500055794,12,4,15,5,5,75,115,2,2,1,3,RUE DE VOUILLE,0.0,0.0
201500055795,12,4,15,10,1,75,116,2,1,1,6,"109, AVENUE HENRI MARTIN",0.0,0.0
201500055796,13,4,15,8,1,75,112,2,5,1,2,AVENUE DU TRONE,0.0,0.0
201500055797,13,4,15,13,1,75,104,2,3,1,2,"58, RUE SAINT ANTOINE",0.0,0.0
201500055798,14,4,15,16,1,75,112,2,1,1,4,QUAI DE BERCY,0.0,0.0
201500055799,14,4,15,17,1,75,107,2,7,1,6,"2, RUE DE BABYLONE",0.0,0.0
201500055800,14,4,15,23,5,75,114,2,1,1,6,"82, AVENUE DENFERT ROCHE",0.0,0.0
201500055801,17,4,15,7,1,75,115,2,2,1,3,"2, RUE LINOIS",0.0,0.0
201500055802,21,4,15,13,1,75,110,2,1,1,6,"75, BOULEVARD DE LA VILL",0.0,0.0
201500055803,21,4,15,18,1,75,105,2,1,1,6,"34, BOULEVARD SAINT MARC",0.0,0.0
201500055804,22,4,15,19,1,75,110,2,1,1,6,"121, BOULEVARD DE LA VIL",0.0,0.0
201500055805,23,4,15,15,1,75,118,2,5,1,3,RUE DE CLIGNANCOURT,0.0,0.0
201500055806,23,4,15,22,5,75,113,2,2,1,3,AVENUE DE LA PORTE D IVR,0.0,0.0
201500055807,24,4,15,12,1,75,120,2,1,1,3,BOULEVARD PERIPHERIQUE I,0.0,0.0
201500055808,26,4,15,6,1,75,114,2,3,1,6,"31, RUE DU FAUBOURG SAIN",0.0,0.0
201500055809,26,4,15,14,1,75,116,2,1,2,2,"66, AVENUE MOZART",0.0,0.0
201500055810,27,4,15,21,5,75,112,2,2,1,6,"1, BOULEVARD SOULT",0.0,0.0
201500055811,28,4,15,2,5,75,120,2,2,1,3,"10, BOULEVARD DAVOUT",0.0,0.0
201500055812,28,4,15,20,5,75,114,2,1,1,3,BOULEVARD PERIPHERIQUE,0.0,0.0
201500055813,29,4,15,19,5,75,112,2,1,1,6,BOULEVARD PERIPHERIQUE E,0.0,0.0
201500055814,2,5,15,16,1,75,117,2,7,2,2,"2, AVENUE DE LA GRANDE A",0.0,0.0
201500055815,2,5,15,17,1,75,111,2,1,2,6,"7-11, RUE DU FAUBOURG SA",0.0,0.0
201500055816,4,5,15,16,1,75,114,2,1,2,6,"205, RUE D ALESIA",0.0,0.0
201500055817,4,5,15,22,5,75,112,2,3,1,7,"68, AVENUE DAUMESNIL",0.0,0.0
201500055818,10,5,15,16,1,75,116,2,3,1,7,"/, BOULEVARD SUCHET",0.0,0.0
201500055819,8,5,15,11,1,75,111,2,1,1,6,"60, BOULEVARD VOLTAIRE",0.0,0.0
201500055820,8,5,15,18,1,75,114,2,1,1,6,"95, AVENUE DU GENERAL LE",0.0,0.0
201500055821,8,5,15,19,2,75,114,2,1,1,3,BOULEVARD PERIPHERIQUE,0.0,0.0
201500055822,9,5,15,6,1,75,115,2,1,1,6,"36, RUE DU COMMERCE",0.0,0.0
201500055823,12,5,15,1,5,75,112,2,1,1,6,QUAI DE BERCY,0.0,0.0
201500055824,14,5,15,20,5,75,120,2,1,2,2,RUE DE BELLEVILLE,0.0,0.0
201500055825,15,5,15,10,1,75,109,2,1,1,3,"4, BOULEVARD MONTMARTRE",0.0,0.0
201500055826,15,5,15,12,1,75,118,2,3,1,3,"12 ter, AVENUE DE CLICHY",0.0,0.0