Num_Acc,jour,mois,an,hr,condition_eclairage,departement,commune,condition_agglomeration,intersection,condition_atmosphere,type_collision,adresse,lattitude,longitude
201500055827,15,5,15,23,5,75,115,2,3,1,6,"13, BOULEVARD GENERAL MA",0.0,0.0
201500055828,18,5,15,22,5,75,105,2,2,2,3,QUAI SAINT MICHEL,0.0,0.0
201500055829,19,5,15,14,1,75,114,2,1,2,3,"72, AVENUE JEAN MOULIN",0.0,0.0
201500055830,19,5,15,21,5,75,115,2,1,9,6,"8, RUE MADEMOISELLE",0.0,0.0
201500055831,20,5,15,0,5,75,110,2,2,9,3,BOULEVARD DE STRASBOURG,0.0,0.0
201500055832,21,5,15,11,1,75,116,2,5,1,1,ROUTE DES MOULINS,0.0,0.0
201500055833,21,5,15,15,1,75,116,2,2,1,2,ALLEE DE LONGCHAMP,0.0,0.0
201500055834,26,5,15,19,1,75,112,2,1,1,6,"15, BOULEVARD DE PICPUS",0.0,0.0
201500055835,28,5,15,4,5,75,103,2,2,1,6,"/, BOULEVARD DE SEBASTOP",0.0,0.0
201500055836,28,5,15,13,1,75,116,2,4,1,3,BOULEVARD PERIPHERIQUE I,0.0,0.0
201500055837,28,5,15,17,1,75,101,2,1,1,3,"06, RUE DE L AMIRAL DE C",0.0,0.0
201500055838,29,5,15,0,5,75,102,2,2,1,3,RUE DU QUATRE SEPTEMBRE,0.0,0.0
201500055839,30,5,15,3,5,75,119,2,1,1,7,"24, AVENUE DE FLANDRE",0.0,0.0
201500055840,30,5,15,13,1,75,116,2,5,1,3,"24, AVENUE DU PRESIDENT",0.0,0.0
201500055841,30,5,15,15,1,75,118,2,1,1,6,"54, RUE DE CLIGNANCOURT",0.0,0.0
201500055842,31,5,15,1,5,75,116,2,1,1,6,"10, ALLEE DU BORD DE L E",0.0,0.0
201500055843,1,6,15,18,1,75,101,2,3,1,3,RUE DE RIVOLI,0.0,0.0
201500055844,2,6,15,7,1,75,111,2,7,1,3,BOULEVARD VOLTAIRE,0.0,0.0
201500055845,2,6,15,19,1,75,115,2,2,1,6,PONT DE GRENELLE,0.0,0.0
201500055846,3,6,15,13,1,75,107,2,3,1,3,"20, AVENUE DE LA MOTTE P",0.0,0.0
201500055847,5,6,15,6,1,75,120,2,1,1,7,PORTE DE BAGNOLET,0.0,0.0
201500055848,5,6,15,12,1,75,116,2,2,1,6,"76, RUE D AUTEUIL",0.0,0.0
201500055849,5,6,15,17,1,75,115,2,1,1,7,PORT DE GRENELLE,0.0,0.0
201500055850,5,6,15,18,1,75,115,2,1,1,6,"90, RUE DE LA FEDERATION",0.0,0.0
201500055851,9,6,15,21,5,75,108,2,1,1,6,"16, PLACE DE LA MADELEIN",0.0,0.0
201500055852,10,6,15,0,5,75,110,2,2,1,1,"**, BOULEVARD DE STRASBO",0.0,0.0
201500055853,10,6,15,5,2,75,116,2,3,1,1,ALLEE DU BORD DE L EAU,0.0,0.0
201500055854,10,6,15,14,1,75,101,2,2,1,6,BOULEVARD DE SEBASTOPOL,0.0,0.0
201500055855,18,11,15,6,2,75,117,2,2,1,3,"48, RUE GUY MOQUET",0.0,0.0
201500055856,31,5,15,21,5,75,116,2,2,2,1,BOULEVARD LANNES,0.0,0.0
201500055857,5,6,15,4,5,75,114,2,1,1,6,"23, RUE FROIDEVAUX",0.0,0.0
201500055858,6,6,15,20,1,75,120,2,2,1,6,RUE DES ORTEAUX,0.0,0.0
201500055859,7,6,15,20,1,75,112,2,1,1,1,"106, RUE DE REUILLY",0.0,0.0
201500055860,8,6,15,22,5,75,118,2,3,1,3,"6, BOULEVARD DE LA CHAPE",0.0,0.0
201500055861,12,6,15,2,5,75,114,2,1,2,6,"176, AVENUE DU MAINE",0.0,0.0
201500055862,12,6,15,7,1,75,116,2,2,1,3,BOULEVARD EXELMANS,0.0,0.0
201500055863,13,6,15,21,2,75,118,2,2,1,6,"1, RUE LEON",0.0,0.0
201500055864,14,6,15,1,5,75,116,2,1,1,6,BOULEVARD PERIPHERIQUE E,0.0,0.0
201500055865,15,6,15,7,1,75,117,2,1,1,3,BOULEVARD PERIPHERIQUE E,0.0,0.0
201500055866,16,6,15,9,1,75,105,2,2,1,3,QUAI SAINT MICHEL,0.0,0.0
201500055867,16,6,15,18,1,75,115,2,1,1,6,"31-37, QUAI DE GRENELLE",0.0,0.0
201500055868,17,6,15,15,1,75,117,2,1,1,2,"99, RUE DE ROME",48.53017,2.19073
201500055869,18,6,15,2,5,75,113,2,1,1,6,BOULEVARD PERIPHERIQUE E,0.0,0.0
201500055870,18,6,15,11,1,75,115,2,3,1,3,"146, RUE DE LA CROIX NIV",0.0,0.0
201500055871,18,6,15,14,1,75,101,2,1,1,2,SOUTERRAIN TUILERIES,48.51397,2.19474
201500055872,19,6,15,12,1,75,116,2,5,1,6,"3, RUE PAUL VALERY",0.0,0.0
201500055873,16,6,15,11,1,75,116,2,1,1,6,ROUTE DE SEVRES A NEUILL,0.0,0.0
201500055874,20,6,15,2,5,75,108,2,7,1,3,PLACE DE LA CONCORDE,0.0,0.0
201500055875,20,6,15,23,5,75,117,2,7,1,3,AVENUE DE VILLIERS,0.0,0.0
201500055876,21,6,15,23,5,75,108,2,1,1,3,"15, BOULEVARD MALESHERBE",0.0,0.0
201500055877,22,6,15,7,1,75,113,2,1,1,4,BOULEVARD PERIPHERIQUE E,48.49337,2.23148
201500055878,22,6,15,8,1,75,120,2,3,1,6,"76, RUE HAXO",0.0,0.0
201500055879,21,6,15,21,5,75,113,2,1,1,6,"24, BOULEVARD DU GENERAL",0.0,0.0
201500055880,23,6,15,9,1,75,117,2,1,1,4,"11BIS, BOULEVARD BERTHIE",48.53367,2.18412
201500055881,23,6,15,21,1,75,116,2,1,1,2,ALLEE DE LONGCHAMP,0.0,0.0
201500055882,24,6,15,9,1,75,117,2,1,1,2,BOULEVARD PERIPHERIQUE E,0.0,0.0
201500055883,25,6,15,6,1,75,108,2,2,1,3,"32, RUE TRONCHET",0.0,0.0
201500055884,29,6,15,11,1,75,108,2,1,1,6,"55, RUE DE ROME",0.0,0.0
201500055885,27,6,15,14,1,75,118,2,2,1,2,"72, RUE DOUDEAUVILLE",48.53181,2.2107
201500055886,29,6,15,16,1,75,112,2,1,1,3,BOULEVARD PERIPHERIQUE E,48.50092,2.24441
201500055887,25,6,15,21,1,75,114,2,1,1,6,"46, BOULEVARD BRUNE",0.0,0.0
201500055888,1,7,15,2,5,75,103,2,4,1,7,"01, RUE COMMINES",0.0,0.0
201500055889,1,7,15,14,1,75,107,2,4,1,6,"60, AVENUE DE LA BOURDON",0.0,0.0
201500055890,28,6,15,12,1,75,113,2,2,1,3,BOULEVARD SAINT MARCEL,0.0,0.0
201500055891,1,7,15,23,5,75,120,2,1,1,2,BOULEVARD PERIPHERIQUE E,0.0,0.0
201500055892,2,7,15,19,1,75,105,2,2,1,6,"63, BOULEVARD SAINT MICH",0.0,0.0
201500055893,3,7,15,10,1,75,119,2,1,1,6,BOULEVARD MACDONALD,0.0,0.0
201500055894,4,7,15,3,5,75,112,2,1,1,7,BOULEVARD PERIPHERIQUE I,0.0,0.0
201500055895,5,7,15,15,1,75,113,2,7,1,3,BOULEVARD VINCENT AURIOL,0.0,0.0
201500055896,6,7,15,17,1,75,118,2,1,1,6,AVENUE DE LA PORTE DE LA,0.0,0.0
201500055897,6,7,15,16,1,75,116,2,1,1,6,"114, AVENUE DE VERSAILLE",0.0,0.0
201500055898,7,7,15,19,1,75,117,2,2,1,3,"51, BOULEVARD BESSIERES",0.0,0.0
201500055899,9,7,15,3,5,75,119,2,1,1,6,"/, RUE ALEXANDER FLEMING",0.0,0.0
201500055900,10,7,15,16,1,75,112,2,1,1,2,BOULEVARD PONIATOWSKI,48.82975,2.39133
201500055901,10,7,15,23,5,75,115,2,1,1,6,"13, AVENUE FELIX FAURE",0.0,0.0
201500055902,12,7,15,15,1,75,113,2,2,1,3,"130, BOULEVARD MASSENA",0.0,0.0
201500055903,13,7,15,0,5,75,119,2,3,1,6,"32, RUE BOTZARIS",0.0,0.0
201500055904,13,7,15,6,1,75,116,2,2,1,6,RUE JEAN DE LA FONTAINE,0.0,0.0
201500055905,15,7,15,8,1,75,113,2,1,1,6,"127, RUE DE LA GLACIERE",0.0,0.0
201500055906,15,7,15,12,1,75,112,2,5,1,5,"85, AVENUE LEDRU ROLLIN",0.0,0.0
201500055907,16,7,15,5,2,75,112,2,1,1,7,PLACE MAZAS,0.0,0.0
201500055908,17,7,15,18,1,75,119,2,1,1,6,"326, RUE DE BELLEVILLE",0.0,0.0
201500055909,18,7,15,2,5,75,104,2,2,1,3,"/, RUE DE RIVOLI",0.0,0.0
201500055910,19,7,15,11,1,75,115,2,2,1,3,AVENUE FELIX FAURE,0.0,0.0
201500055911,19,7,15,16,1,75,117,2,2,1,3,"48, AVENUE DE SAINT OUEN",0.0,0.0
201500055912,21,7,15,13,1,75,120,2,1,1,6,"211-221, AVENUE GAMBETTA",48.51519,2.23363
201500055913,22,7,15,7,1,75,115,2,5,1,7,"221, RUE DE LA CROIX NIV",0.0,0.0
201500055914,26,7,15,4,5,75,117,2,1,1,6,BOULEVARD PERIPHERIQUE E,0.0,0.0
201500055915,26,7,15,15,1,75,101,2,5,2,7,"/, QUAI DU LOUVRE",0.0,0.0
201500055916,29,7,15,9,1,75,112,2,1,1,5,BOULEVARD PERIPHERIQUE I,0.0,0.0
201500055917,30,7,15,17,1,75,112,2,1,1,2,BOULEVARD PERIPHERIQUE I,0.0,0.0
201500055918,31,7,15,11,1,75,112,2,1,1,2,BOULEVARD PERIPHERIQUE I,0.0,0.0
201500055919,31,7,15,14,1,75,110,2,1,1,3,"144, BOULEVARD DE MAGENT",0.0,0.0
201500055920,31,7,15,20,1,75,119,2,3,1,1,RUE DE L ORME,0.0,0.0
201500055921,1,8,15,4,5,75,113,2,5,1,3,"/, BOULEVARD MASSENA",0.0,0.0
201500055922,1,8,15,10,1,75,112,2,5,1,3,AVENUE DE LA PORTE DE CH,0.0,0.0
201500055923,1,8,15,15,1,75,112,2,1,1,1,"/, PONT D AUSTERLITZ",0.0,0.0
201500055924,1,8,15,21,5,75,107,2,2,1,3,QUAI ANATOLE FRANCE,0.0,0.0
201500055925,4,8,15,14,1,75,111,2,1,1,6,"131, BOULEVARD DE MENILM",48.86639,2.38275
201500055926,9,8,15,15,1,75,111,2,1,1,1,BOULEVARD RICHARD LENOIR,0.0,0.0
201500055927,9,8,15,22,5,75,114,2,3,1,6,"06, AVENUE PAUL APPELL",0.0,0.0
201500055928,10,8,15,15,1,75,120,2,1,1,6,PORTE DE BAGNOLET,0.0,0.0
201500055929,11,8,15,18,1,75,120,2,4,1,6,AVENUE CARTELLIER,0.0,0.0
201500055930,11,8,15,19,1,75,103,2,2,1,6,"03, RUE BLONDEL",0.0,0.0
201500055931,12,8,15,8,1,75,101,2,1,1,6,PONT ROYAL,0.0,0.0
201500055932,12,8,15,22,5,75,101,2,5,1,3,"23, AVENUE DE L OPERA",0.0,0.0
201500055933,13,8,15,13,1,75,102,2,2,1,6,"105, BOULEVARD DE SEBAST",0.0,0.0
201500055934,14,8,15,5,5,75,119,2,1,2,6,"196, BOULEVARD DE LA VIL",0.0,0.0
201500055935,14,8,15,6,5,75,106,2,7,1,3,PLACE SAINT MICHEL,0.0,0.0
201500055936,17,8,15,8,1,75,109,2,2,1,3,RUE DE BRUXELLES,0.0,0.0
201500055937,17,8,15,10,1,75,113,2,1,1,6,PONT DE BERCY,0.0,0.0
201500055938,17,8,15,16,1,75,110,2,1,1,6,"29, RUE DU TERRAGE",48.87757,2.36186
201500055939,19,8,15,13,1,75,107,2,2,1,3,BOULEVARD DES INVALIDES,0.0,0.0
201500055940,21,8,15,4,5,75,115,2,2,1,3,"55/57, BOULEVARD PASTEUR",0.0,0.0
201500055941,21,8,15,10,1,75,116,2,1,1,6,"13, BOULEVARD MURAT",48.84667,2.25806
201500055942,22,8,15,18,1,75,117,2,3,1,6,"133, AVENUE DE SAINT OUE",0.0,0.0
201500055943,23,8,15,5,2,75,112,2,2,1,6,RUE DE CHARENTON,48.84233,2.38632
201500055944,23,8,15,18,1,75,112,2,1,1,3,QUAI DE LA RAPEE,0.0,0.0
201500055945,24,8,15,9,1,75,106,2,1,2,3,"17, QUAI MALAQUAIS",0.0,0.0
201500055946,29,8,15,3,5,75,104,2,3,1,6,"1, BOULEVARD MORLAND",0.0,0.0
201500055947,29,8,15,19,2,75,118,2,1,1,6,"11, RUE DE LA GOUTTE D O",0.0,0.0
201500055948,30,8,15,21,5,75,110,2,1,1,6,"153, RUE LA FAYETTE",0.0,0.0
201500055949,31,8,15,6,5,75,118,2,4,1,2,"62, AVENUE DE CLICHY",0.0,0.0
201500055950,31,8,15,19,1,75,105,2,7,1,7,PLACE VALHUBERT,0.0,0.0
201500055951,2,9,15,15,1,75,115,2,1,1,6,"196, RUE DE LA CONVENTIO",0.0,0.0
201500055952,3,9,15,0,5,75,105,2,2,1,3,"46, RUE SAINT JACQUES",0.0,0.0
201500055953,3,9,15,23,5,75,116,2,7,1,3,AVENUE DE LA PORTE DE SA,0.0,0.0
201500055954,4,9,15,15,1,75,109,2,2,1,3,BOULEVARD HAUSSMANN,0.0,0.0
201500055955,7,9,15,18,1,75,107,2,4,1,7,"22, RUE DE SEVRES",0.0,0.0
201500055956,8,9,15,9,1,75,120,2,1,1,6,BOULEVARD PERIPHERIQUE E,0.0,0.0
201500055957,9,9,15,5,5,75,116,2,5,1,6,"98, AVENUE HENRI MARTIN",0.0,0.0
201500055958,9,9,15,14,1,75,114,2,1,1,3,"115, BOULEVARD BRUNE",0.0,0.0
201500055959,10,9,15,16,1,75,116,2,1,1,4,BOULEVARD PERIPHERIQUE I,0.0,0.0
201500055960,10,9,15,16,1,75,106,2,3,1,3,"5, QUAI DE CONTI",0.0,0.0
201500055961,11,9,15,0,5,75,115,2,4,1,7,PLACE DU MOULIN DE JAVEL,0.0,0.0
201500055962,11,9,15,13,1,75,107,2,1,1,3,"35, QUAI D ORSAY",0.0,0.0
201500055963,11,9,15,14,1,75,114,2,1,1,4,"5 BIS, RUE D ALESIA",0.0,0.0
201500055964,11,9,15,22,5,75,104,2,4,1,6,VOIE GEORGES POMPIDOU,0.0,0.0
201500055965,12,9,15,10,1,75,117,2,1,3,6,"145, BOULEVARD MALESHERB",0.0,0.0
201500055966,15,9,15,5,5,75,116,2,2,1,3,"86, BOULEVARD EXELMANS",0.0,0.0
201500055967,15,9,15,17,1,75,116,2,1,1,6,BOULEVARD PERIPHERIQUE I,0.0,0.0
201500055968,16,9,15,6,5,75,108,2,5,2,6,PONT ALEXANDRE III,0.0,0.0
201500055969,17,9,15,2,5,75,119,2,5,1,3,RUE CURIAL,0.0,0.0
201500055970,18,9,15,3,5,75,112,2,1,1,7,VOIE GEORGES POMPIDOU,0.0,0.0
201500055971,19,9,15,3,5,75,114,2,7,1,3,PLACE DENFERT ROCHEREAU,0.0,0.0
201500055972,21,9,15,6,5,75,107,2,1,1,3,"29, BOULEVARD DES INVALI",0.0,0.0
201500055973,22,9,15,12,1,75,117,2,1,3,6,"06, AVENUE DE LA PORTE D",0.0,0.0
201500055974,22,9,15,16,1,75,114,2,2,1,3,BOULEVARD BRUNE,0.0,0.0
201500055975,23,9,15,0,5,75,108,2,1,2,2,"34, AVENUE DES CHAMPS EL",0.0,0.0
201500055976,23,9,15,1,5,75,106,2,2,1,2,"01, BOULEVARD DU MONTPAR",0.0,0.0
201500055977,24,9,15,0,5,75,107,2,3,1,2,RUE DES SAINTS PERES,0.0,0.0
201500055978,24,9,15,9,1,75,106,2,5,1,3,QUAI DES GRANDS AUGUSTIN,0.0,0.0
201500055979,24,9,15,16,1,75,113,2,1,1,6,"05, RUE DAMESME",0.0,0.0
201500055980,24,9,15,16,1,75,112,2,2,1,3,QUAI DE LA RAPEE,0.0,0.0
201500055981,26,9,15,3,5,75,117,2,4,1,6,"67, AVENUE DE CLICHY",0.0,0.0
201500055982,27,9,15,6,2,75,112,2,1,1,2,BOULEVARD PERIPHERIQUE I,0.0,0.0
201500055983,27,9,15,18,1,75,119,2,1,1,6,"55, RUE DE L OURCQ",0.0,0.0
201500055984,28,9,15,0,5,75,108,2,2,1,3,"116, AVENUE DES CHAMPS E",0.0,0.0
201500055985,29,9,15,9,1,75,116,2,7,1,3,PLACE DE VARSOVIE,0.0,0.0
201500055986,30,9,15,10,1,75,116,2,7,1,3,"111, BOULEVARD SUCHET",0.0,0.0
201500055987,30,9,15,16,1,75,117,2,1,1,1,RUE CARDINET,0.0,0.0
201500055988,30,9,15,19,5,75,117,2,1,1,3,"113, AVENUE DE SAINT OUE",0.0,0.0
201500055989,1,10,15,1,5,75,113,2,1,1,6,BOULEVARD PERIPHERIQUE I,0.0,0.0
201500055990,1,10,15,13,1,75,117,2,5,1,3,AVENUE STEPHANE MALLARME,48.88744,-2.2947
201500055991,6,10,15,11,1,75,103,2,5,2,6,"89, RUE DE TURBIGO",0.0,0.0
201500055992,7,10,15,9,1,75,113,2,1,1,6,"80, RUE DE TOLBIAC",48.827,2.36639
201500055993,7,10,15,18,1,75,117,2,2,1,6,"51, RUE DES EPINETTES",0.0,0.0
201500055994,8,10,15,8,1,75,117,2,7,1,1,"02, RUE DE THANN",48.88077,2.30911
201500055995,8,10,15,20,5,75,109,2,1,1,6,"36, RUE DE PROVENCE",0.0,0.0
201500055996,10,10,15,22,5,75,119,2,1,1,6,"111, RUE DE MEAUX",0.0,0.0
201500055997,12,10,15,23,5,75,116,2,3,1,6,AVENUE DU PRESIDENT KENN,0.0,0.0
201500055998,15,10,15,16,1,75,115,2,5,1,3,", AVENUE EMILE ZOLA",0.0,0.0
201500055999,15,10,15,20,5,75,116,2,5,1,3,"56, AVENUE MARCEAU",0.0,0.0
201500056000,16,10,15,23,5,75,112,2,2,1,6,"35, RUE DE LYON",0.0,0.0
201500056001,17,10,15,21,5,75,116,2,1,2,6,AVENUE DU GENERAL SARRAI,0.0,0.0
201500056002,18,10,15,20,5,75,118,2,7,1,3,BOULEVARD DE LA CHAPELLE,0.0,0.0
201500056003,19,10,15,15,1,75,103,2,1,1,6,RUE DE BRETAGNE,0.0,0.0
201500056004,21,10,15,20,5,75,117,2,1,2,6,"24, BOULEVARD BESSIERES",0.0,0.0
201500056005,22,10,15,10,1,75,119,2,7,1,3,"/, PLACE SKANDERBEG",0.0,0.0
201500056006,24,10,15,4,5,75,111,2,3,1,3,BOULEVARD VOLTAIRE,0.0,0.0
201500056007,25,10,15,20,5,75,112,2,3,1,3,"327, RUE DE CHARENTON",0.0,0.0
201500056008,26,10,15,17,1,75,101,2,1,1,3,VOIE GEORGES POMPIDOU,0.0,0.0
201500056009,26,10,15,19,5,75,116,2,3,1,2,"28, AVENUE VICTOR HUGO",48.87191,2.2905
201500056010,27,10,15,15,1,75,112,2,1,1,6,BOULEVARD PERIPHERIQUE I,0.0,0.0
201500056011,28,10,15,2,5,75,110,2,1,2,6,"53, BOULEVARD DE MAGENTA",0.0,0.0
201500056012,28,10,15,5,5,75,116,2,2,2,1,ALLEE DE LONGCHAMP,0.0,0.0
201500056013,29,10,15,19,2,75,115,2,1,1,2,"72, RUE HENRY FARMAN",0.0,0.0
201500056014,29,10,15,22,5,75,116,2,7,1,3,PLACE DE COLOMBIE,0.0,0.0
201500056015,30,10,15,21,5,75,108,2,2,1,3,"43, RUE DE ROME",0.0,0.0
201500056016,31,10,15,1,4,75,112,2,4,1,6,"48, BOULEVARD DE BERCY",0.0,0.0
201500056017,31,10,15,21,5,75,116,2,5,1,6,"84, AVENUE PAUL DOUMER",0.0,0.0
201500056018,1,11,15,5,5,75,111,2,1,1,6,"07, RUE DE CHARONNE",0.0,0.0
201500056019,3,11,15,8,1,75,107,2,5,1,3,AVENUE DE BRETEUIL,48.85144,2.31242
201500056020,5,11,15,23,5,75,101,2,2,1,3,RUE DE RIVOLI,0.0,0.0
201500056021,7,11,15,0,5,75,116,2,5,1,3,AVENUE FOCH,0.0,0.0
201500056022,7,11,15,11,1,75,113,2,1,1,6,"87, RUE DE LA SANTE",0.0,0.0
201500056023,7,11,15,17,2,75,120,2,1,1,6,"18, RUE DE MENILMONTANT",0.0,0.0
201500056024,8,11,15,18,5,75,115,2,3,1,6,"86, AVENUE FELIX FAURE",0.0,0.0
201500056025,9,11,15,20,5,75,115,2,1,1,3,BOULEVARD PERIPHERIQUE E,0.0,0.0
201500056026,10,11,15,1,5,75,101,2,5,1,6,"/, AVENUE DE L OPERA",0.0,0.0
201500056027,10,11,15,12,1,75,120,2,5,1,3,"106, RUE DES PYRENEES",0.0,0.0
201500056028,10,11,15,20,5,75,116,2,1,1,4,BOULEVARD PERIPHERIQUE I,0.0,0.0
201500056029,10,11,15,23,5,75,111,2,3,1,6,"39, AVENUE PHILIPPE AUGU",0.0,0.0
201500056030,11,11,15,16,1,75,116,2,2,2,3,RUE MOLITOR,0.0,0.0
201500056031,11,11,15,20,5,75,112,2,1,4,5,BOULEVARD PERIPHERIQUE I,0.0,0.0
201500056032,13,11,15,11,1,75,109,2,2,1,6,"73, RUE SAINT LAZARE",48.87624,2.3317
201500056033,13,11,15,19,5,75,103,2,2,1,3,BOULEVARD DU TEMPLE,0.0,0.0
201500056034,14,11,15,1,5,75,118,2,1,1,6,"45, RUE DU DOCTEUR BABIN",0.0,0.0
201500056035,14,11,15,20,5,75,115,2,2,1,5,"103, RUE CAMBRONNE",0.0,0.0
201500056036,16,11,15,20,5,75,116,2,3,2,3,AVENUE HENRI MARTIN,0.0,0.0
201500056037,18,11,15,14,1,75,115,2,3,1,6,"216, RUE DE VAUGIRARD",0.0,0.0
201500056038,18,11,15,18,5,75,118,2,3,1,6,"130, BOULEVARD NEY",0.0,0.0
201500056039,20,11,15,2,5,75,117,2,4,3,6,BOULEVARD PERIPHERIQUE E,0.0,0.0
201500056040,20,11,15,5,5,75,114,2,2,3,3,"143, BOULEVARD BRUNE",0.0,0.0
201500056041,20,11,15,17,5,75,106,2,2,2,6,"58, BOULEVARD RASPAIL",0.0,0.0
201500056042,22,11,15,14,1,75,110,2,2,7,6,"113, RUE DU FAUBOURG SAI",0.0,0.0
201500056043,23,11,15,1,5,75,105,2,2,1,6,"59, RUE GEOFFROY SAINT H",0.0,0.0
201500056044,23,11,15,19,5,75,119,2,7,1,3,PLACE DE LA PORTE DE PAN,0.0,0.0
201500056045,24,11,15,11,1,75,116,2,4,1,6,"53, AVENUE KLEBER",0.0,0.0
201500056046,24,11,15,12,1,75,116,2,1,1,6,"60, AVENUE PAUL DOUMER",0.0,0.0
201500056047,24,11,15,16,2,75,108,2,1,3,2,"116-118, AVENUE DES CHAM",0.0,0.0
201500056048,25,11,15,0,5,75,106,2,5,8,3,"84, BOULEVARD RASPAIL",0.0,0.0
201500056049,26,11,15,12,1,75,112,2,2,1,6,AVENUE DE NOGENT,0.0,0.0
201500056050,28,11,15,0,5,75,116,2,3,2,4,"30, AVENUE DU PRESIDENT",0.0,0.0
201500056051,30,11,15,3,5,75,112,2,4,1,6,VOIE GEORGES POMPIDOU,0.0,0.0
201500056052,30,11,15,9,1,75,105,2,1,2,2,PONT D AUSTERLITZ,0.0,0.0
201500056053,30,11,15,15,1,75,116,2,1,1,3,"143, AVENUE DE VERSAILLE",0.0,0.0
201500056054,1,12,15,6,1,75,104,2,7,1,2,RUE DE LA CITE,0.0,0.0
201500056055,2,12,15,21,1,75,120,2,2,1,1,"168, RUE DE BELLEVILLE",0.0,0.0
201500056056,3,12,15,9,1,75,114,2,2,1,3,"15, BOULEVARD ROMAIN ROL",0.0,0.0
201500056057,3,12,15,9,1,75,109,2,1,1,6,PLACE DE L OPERA,0.0,0.0
201500056058,4,12,15,0,5,75,111,2,2,2,3,"17/19, RUE DU PASTEUR WA",0.0,0.0
201500056059,5,12,15,17,5,75,120,2,3,1,6,"106, RUE DE BAGNOLET",0.0,0.0
201500056060,6,12,15,22,5,75,119,2,2,1,3,"111, RUE DE BELLEVILLE",0.0,0.0
201500056061,7,12,15,12,1,75,116,2,2,1,3,RUE GEORGE SAND,0.0,0.0
201500056062,7,12,15,18,5,75,108,2,7,1,3,PLACE DU HAVRE,0.0,0.0
201500056063,8,12,15,13,1,75,119,2,2,2,6,"103, AVENUE SIMON BOLIVA",0.0,0.0
201500056064,9,12,15,22,5,75,108,2,2,1,3,AVENUE DES CHAMPS ELYSEE,0.0,0.0
201500056065,10,12,15,20,5,75,107,2,2,1,6,QUAI D ORSAY,0.0,0.0
201500056066,11,12,15,13,1,75,105,2,3,1,3,"14, RUE DES FOSSES SAINT",0.0,0.0
201500056067,13,12,15,0,5,75,118,2,4,1,3,"43, RUE DU DEPARTEMENT",0.0,0.0
201500056068,13,12,15,8,2,75,110,2,2,1,3,"41, RUE DU FAUBOURG SAIN",0.0,0.0
201500056069,13,12,15,18,2,75,109,2,5,1,2,"03, RUE DROUOT",0.0,0.0
201500056070,15,12,15,8,2,75,118,2,1,8,6,"41, RUE VAUVENARGUES",0.0,0.0
201500056071,15,12,15,18,5,75,117,2,1,3,6,"196, BOULEVARD MALESHERB",48.88909,2.30425
201500056072,17,12,15,16,2,75,115,2,1,1,6,"90, BOULEVARD DE GRENELL",0.0,0.0
201500056073,17,12,15,17,5,75,113,2,2,1,3,RUE DE LA POTERNE DES PE,0.0,0.0
201500056074,17,12,15,20,5,75,108,2,4,1,6,COURS ALBERT 1ER,0.0,0.0
201500056075,18,12,15,2,5,75,116,2,2,1,3,ALLEE DE LONGCHAMP,0.0,0.0
201500056076,18,12,15,16,1,75,115,2,3,1,3,"33 bis, RUE MADEMOISELLE",0.0,0.0
201500056077,18,12,15,16,1,75,104,2,3,1,6,"20, RUE DE RIVOLI",0.0,0.0
201500056078,18,12,15,21,5,75,105,2,2,1,3,"26, BOULEVARD SAINT MICH",0.0,0.0
201500056079,20,12,15,19,5,75,109,2,7,1,3,PLACE PIGALLE,0.0,0.0
201500056080,21,12,15,10,1,75,119,2,1,1,3,BOULEVARD PERIPHERIQUE E,0.0,0.0
201500056081,21,12,15,14,1,75,120,2,1,1,4,BOULEVARD PERIPHERIQUE I,0.0,0.0
201500056082,21,12,15,20,5,75,116,2,3,1,6,BOULEVARD D AUTEUIL   BO,0.0,0.0
201500056083,22,12,15,14,1,75,106,2,2,1,6,"58, RUE DE VAUGIRARD",0.0,0.0
201500056084,23,12,15,15,1,75,115,2,1,1,6,"243, RUE DE VAUGIRARD",0.0,0.0
201500056085,24,12,15,15,1,75,113,2,2,1,6,"53, RUE DU MOULIN DES PR",0.0,0.0
201500056086,28,12,15,13,1,75,115,2,2,1,2,RUE DU THEATRE,0.0,0.0
201500056087,29,12,15,23,5,75,118,2,1,1,6,"73, BOULEVARD BARBES",0.0,0.0
201500056088,30,12,15,4,5,75,118,2,5,1,6,RUE DAMREMONT,0.0,0.0
201500056089,1,1,15,17,5,75,114,2,1,1,3,ECHANGEUR BRANCION,0.0,0.0
201500056090,3,1,15,11,1,75,114,2,1,2,4,PORTE DE CHATILLON,0.0,0.0
201500056091,3,1,15,18,5,75,120,2,4,2,6,ECHANGEUR BAGNOLET,0.0,0.0
201500056092,6,1,15,7,5,75,117,2,1,1,3,PORTE DE SAINT OUEN,0.0,0.0
201500056093,6,1,15,8,2,75,115,2,1,1,6,PORTE DE LA PLAINE,0.0,0.0
201500056094,6,1,15,18,5,75,117,2,1,1,2,PORTE DE SAINT OUEN,0.0,0.0
201500056095,8,1,15,17,1,75,117,2,1,1,4,PORTE DE CLICHY,0.0,0.0
201500056096,9,1,15,0,5,75,119,2,1,1,2,BOULEVARD PERIPHERIQUE E,0.0,0.0
201500056097,9,1,15,4,5,75,114,2,1,1,6,BOULEVARD PERIPHERIQUE E,0.0,0.0
201500056098,9,1,15,18,5,75,114,2,1,1,3,PORTE DE CHATILLON,0.0,0.0
201500056099,10,1,15,14,1,75,112,2,1,1,7,PORTE DE CHARENTON,0.0,0.0
201500056100,12,1,15,8,2,75,120,2,1,1,2,PORTE DE BAGNOLET,0.0,0.0
201500056101,12,1,15,18,5,75,115,2,1,1,6,ECHANGEUR PLAINE,0.0,0.0
201500056102,13,1,15,7,1,75,120,2,1,1,4,PORTE DE MONTREUIL,0.0,0.0
201500056103,13,1,15,13,1,75,115,2,1,2,4,QUAI D ISSY LES MOULINEA,0.0,0.0
201500056104,13,1,15,16,2,75,112,2,4,2,2,ECHANGEUR BERCY,0.0,0.0
201500056105,14,1,15,8,1,75,112,2,4,1,3,ECHANGEUR BERCY,0.0,0.0
201500056106,14,1,15,10,1,75,112,2,1,2,3,ECHANGEUR BERCY,0.0,0.0