Num_Acc,jour,mois,an,hr,condition_eclairage,departement,commune,condition_agglomeration,intersection,condition_atmosphere,type_collision,adresse,lattitude,longitude
201500056107,16,1,15,12,1,75,113,2,1,1,3,PORTE D ITALIE,0.0,0.0
201500056108,16,1,15,16,1,75,120,2,4,1,4,ECHANGEUR BAGNOLET,0.0,0.0
201500056109,18,1,15,12,1,75,120,2,1,1,4,PORTE DE BAGNOLET,0.0,0.0
201500056110,20,1,15,18,5,75,113,2,1,1,3,PORTE D ITALIE,0.0,0.0
201500056111,21,1,15,9,1,75,112,2,1,1,7,PORTE DE CHARENTON,0.0,0.0
201500056112,22,1,15,9,1,75,116,2,1,1,3,PORTE DE PASSY,0.0,0.0
201500056113,23,1,15,7,5,75,120,2,1,1,4,PORTE DE BAGNOLET,0.0,0.0
201500056114,23,1,15,18,2,75,116,2,4,1,6,PORTE DE SAINT CLOUD,0.0,0.0
201500056115,23,1,15,19,5,75,120,2,1,1,2,ECHANGEUR BAGNOLET,0.0,0.0
201500056116,26,1,15,8,1,75,119,2,1,1,7,PORTE DE PANTIN,0.0,0.0
201500056117,26,1,15,11,1,75,117,2,1,1,2,PORTE DE CLICHY,0.0,0.0
201500056118,27,1,15,9,1,75,116,2,1,1,2,PORTE D AUTEUIL,0.0,0.0
201500056119,28,1,15,9,1,75,116,2,1,1,2,PORTE DE SAINT CLOUD,0.0,0.0
201500056120,28,1,15,9,1,75,116,2,1,1,2,PORTE DAUPHINE,0.0,0.0
201500056121,29,1,15,8,2,75,119,2,1,1,4,PORTE D AUBERVILLIERS,0.0,0.0
201500056122,29,1,15,8,1,75,116,2,4,1,3,PORTE DAUPHINE,0.0,0.0
201500056123,30,1,15,9,1,75,113,2,1,2,2,PORTE D ITALIE,0.0,0.0
201500056124,30,1,15,17,2,75,120,2,1,1,4,PORTE DE BAGNOLET,0.0,0.0
201500056125,1,2,15,1,5,75,117,2,1,1,7,BOULEVARD PERIPHERIQUE E,0.0,0.0
201500056126,1,2,15,7,5,75,113,2,1,1,6,QUAI D IVRY,0.0,0.0
201500056127,5,2,15,17,2,75,115,2,1,1,6,QUAI D ISSY LES MOULINEA,0.0,0.0
201500056128,6,2,15,2,5,75,117,2,1,1,6,PORTE MAILLOT,0.0,0.0
201500056129,6,2,15,9,1,75,115,2,1,1,2,PORTE DE SEVRES,0.0,0.0
201500056130,6,2,15,15,1,75,117,2,1,1,2,PORTE DE SAINT OUEN,0.0,0.0
201500056131,6,2,15,15,1,75,119,2,1,1,3,PORTE D AUBERVILLIERS,0.0,0.0
201500056132,7,2,15,15,1,75,116,2,1,1,6,PORTE DE PASSY,0.0,0.0
201500056133,7,2,15,21,3,75,119,2,1,1,4,PORTE D AUBERVILLIERS,0.0,0.0
201500056134,8,2,15,15,1,75,118,2,1,1,2,PORTE DE CLIGNANCOURT,0.0,0.0
201500056135,10,2,15,8,1,75,116,2,1,1,3,PORT D AUTEUIL,0.0,0.0
201500056136,10,2,15,16,1,75,117,2,1,1,4,PORTE DE SAINT OUEN,0.0,0.0
201500056137,11,2,15,6,5,75,114,2,1,1,3,PORTE DE GENTILLY,0.0,0.0
201500056138,11,2,15,8,1,75,120,2,1,1,3,PORTE DE MONTREUIL,0.0,0.0
201500056139,12,2,15,8,1,75,114,2,1,1,2,PORTE DE CHATILLON,0.0,0.0
201500056140,12,2,15,14,1,75,120,2,1,1,2,PORTE DE VINCENNES,0.0,0.0
201500056141,14,2,15,6,5,75,116,2,4,2,6,ECHANGEUR AUTEUIL,0.0,0.0
201500056142,14,2,15,20,5,75,113,2,1,2,4,PORTE D ITALIE,0.0,0.0
201500056143,17,2,15,1,5,75,112,2,1,1,3,ECHANGEUR BERCY,0.0,0.0
201500056144,17,2,15,14,1,75,118,2,1,1,2,PORTE DE CLIGNANCOURT,0.0,0.0
201500056145,18,2,15,10,1,75,120,2,4,1,6,PORTE DE BAGNOLET,0.0,0.0
201500056146,18,2,15,18,5,75,114,2,1,1,4,PORTE D ORLEANS,0.0,0.0
201500056147,20,2,15,17,1,75,116,2,1,3,4,ECHANGEUR MUETTE,0.0,0.0
201500056148,21,2,15,16,1,75,113,2,1,1,2,QUAI D IVRY,0.0,0.0
201500056149,21,2,15,20,5,75,112,2,4,2,3,ECHANGEUR BERCY,0.0,0.0
201500056150,22,2,15,5,5,75,118,2,1,9,3,PORTE DE CLIGNANCOURT,0.0,0.0
201500056151,22,2,15,11,1,75,114,2,1,1,4,PORTE DE CHATILLON,0.0,0.0
201500056152,25,2,15,5,5,75,112,2,1,1,2,ECHANGEUR BERCY,0.0,0.0
201500056153,27,2,15,18,2,75,113,2,1,1,3,QUAI D IVRY,0.0,0.0
201500056154,1,3,15,2,5,75,114,2,1,2,6,PORTE D ORLEANS,0.0,0.0
201500056155,1,3,15,18,2,75,113,2,1,1,3,ECHANGEUR BERCY,0.0,0.0
201500056156,1,3,15,19,5,75,114,2,1,2,3,ECHANGEUR ORLEANS,0.0,0.0
201500056157,2,3,15,8,1,75,120,2,1,1,2,PORTE DES LILAS,0.0,0.0
201500056158,2,3,15,9,1,75,115,2,1,1,4,PORTE D ISSY,0.0,0.0
201500056159,2,3,15,17,1,75,118,2,1,1,6,ECHANGEUR CHAPELLE,0.0,0.0
201500056160,4,3,15,10,1,75,112,2,1,1,6,PORTE DOREE,0.0,0.0
201500056161,6,3,15,8,1,75,116,2,1,1,6,PORTE D AUTEUIL,0.0,0.0
201500056162,6,3,15,12,1,75,118,2,1,2,2,PORTE DE LA CHAPELLE,0.0,0.0
201500056163,6,3,15,15,1,75,120,2,1,1,4,PORTE DE MONTREUIL,0.0,0.0
201500056164,7,3,15,1,5,75,119,2,1,1,2,PORTE DE PANTIN,0.0,0.0
201500056165,7,3,15,15,1,75,114,2,1,1,4,PORTE DE GENTILLY,0.0,0.0
201500056166,8,3,15,5,2,75,116,2,1,1,3,BOULEVARD PERIPHERIQUE I,0.0,0.0
201500056167,8,3,15,14,1,75,120,2,1,1,4,PORTE DES LILAS,0.0,0.0
201500056168,8,3,15,16,1,75,116,2,1,1,4,PORTE DE PASSY,0.0,0.0
201500056169,9,3,15,12,1,75,116,2,1,1,6,PORTE DE PASSY,0.0,0.0
201500056170,10,3,15,6,5,75,113,2,4,1,4,PORTE D ITALIE,0.0,0.0
201500056171,10,3,15,14,1,75,115,2,4,1,4,ECHANGEUR BRANCION,0.0,0.0
201500056172,11,3,15,9,1,75,117,2,4,1,2,PORTE DE CLICHY,0.0,0.0
201500056173,11,3,15,19,5,75,113,2,1,1,3,PORTE DE GENTILLY,0.0,0.0
201500056174,12,3,15,10,1,75,115,2,1,1,2,PORTE BRANCION,0.0,0.0
201500056175,12,3,15,13,1,75,115,2,1,1,6,PORTE DE LA PLAINE,0.0,0.0
201500056176,13,3,15,11,1,75,115,2,1,1,2,PORTE BRANCION,0.0,0.0
201500056177,16,3,15,8,1,75,118,2,1,1,3,PORTE DE CLIGNANCOURT,0.0,0.0
201500056178,16,3,15,9,1,75,116,2,1,1,2,PORTE DAUPHINE,0.0,0.0
201500056179,17,3,15,17,1,75,116,2,1,1,2,PORTE DAUPHINE,0.0,0.0
201500056180,17,3,15,19,5,75,114,2,1,1,2,PORTE DE GENTILLY,0.0,0.0
201500056181,18,3,15,8,1,75,116,2,4,1,3,ECHANGEUR MUETTE,0.0,0.0
201500056182,18,3,15,14,1,75,118,2,4,1,2,PORTE DE LA CHAPELLE,0.0,0.0
201500056183,19,3,15,18,5,75,113,2,1,1,6,PORTE D ITALIE,0.0,0.0
201500056184,20,3,15,1,5,75,117,2,4,1,3,BOULEVARD PERIPHERIQUE E,0.0,0.0
201500056185,20,3,15,20,5,75,112,2,1,1,3,PORTE DE CHARENTON,0.0,0.0
201500056186,22,3,15,1,5,75,119,2,1,1,6,PORTE DES LILAS,0.0,0.0
201500056187,23,3,15,8,1,75,119,2,1,1,3,PORTE DE LA VILLETTE,0.0,0.0
201500056188,24,3,15,10,1,75,117,2,1,1,7,PORTE DE CLICHY,0.0,0.0
201500056189,24,3,15,16,1,75,116,2,4,2,6,PORTE DAUPHINE,0.0,0.0
201500056190,25,3,15,15,1,75,118,2,4,1,3,"1, AVENUE DE LA PORTE DE",0.0,0.0
201500056191,26,3,15,13,1,75,116,2,1,1,7,PORTE D AUTEUIL,0.0,0.0
201500056192,27,3,15,11,1,75,113,2,1,1,2,PORTE D IVRY,0.0,0.0
201500056193,28,3,15,12,1,75,118,2,4,1,6,BOULEVARD PERIPHERIQUE E,0.0,0.0
201500056194,28,3,15,15,1,75,118,2,1,1,5,PORTE D AUBERVILLIERS,0.0,0.0
201500056195,29,3,15,16,1,75,116,2,4,2,6,PORTE DE SAINT CLOUD,0.0,0.0
201500056196,31,3,15,9,1,75,119,2,1,2,7,PORTE DE LA VILLETTE,0.0,0.0
201500056197,31,3,15,11,1,75,114,2,1,1,2,PORTE DE CHATILLON,0.0,0.0
201500056198,1,4,15,7,1,75,114,2,4,1,3,PORTE D ORLEANS,0.0,0.0
201500056199,1,4,15,19,1,75,119,2,1,1,4,PORTE DE LA VILLETTE,0.0,0.0
201500056200,1,4,15,19,2,75,120,2,1,1,4,PORTE DES LILAS,0.0,0.0
201500056201,2,4,15,0,5,75,116,2,1,1,7,PORTE D AUTEUIL,0.0,0.0
201500056202,2,4,15,12,1,75,115,2,1,2,2,ECHANGEUR ISSY,0.0,0.0
201500056203,3,4,15,13,1,75,113,2,4,2,4,PORTE D ITALIE,0.0,0.0
201500056204,3,4,15,18,1,75,116,2,1,3,2,PORTE DE SAINT CLOUD,0.0,0.0
201500056205,7,4,15,11,1,75,114,2,1,1,4,PORTE DE GENTILLY,0.0,0.0
201500056206,7,4,15,10,1,75,120,2,1,1,2,PORTE DE MONTREUIL,0.0,0.0
201500056207,7,4,15,12,1,75,114,2,1,1,4,PORTE D ORLEANS,0.0,0.0
201500056208,7,4,15,14,1,75,119,2,4,1,4,PORTE DE PANTIN,0.0,0.0
201500056209,8,4,15,9,1,75,112,2,1,1,3,ECHANGEUR BERCY,0.0,0.0
201500056210,8,4,15,12,1,75,116,2,4,1,6,PORTE DE PASSY,0.0,0.0
201500056211,9,4,15,10,1,75,116,2,1,1,6,ECHANGEUR MAILLOT,0.0,0.0
201500056212,9,4,15,9,1,75,118,2,1,1,3,PORTE D AUBERVILLIERS,0.0,0.0
201500056213,10,4,15,8,1,75,115,2,1,1,3,PORTE DE SEVRES,0.0,0.0
201500056214,11,4,15,20,5,75,117,2,1,1,3,PORTE DE SAINT OUEN,0.0,0.0
201500056215,12,4,15,15,1,75,113,2,1,1,2,QUAI D IVRY,0.0,0.0
201500056216,12,4,15,16,1,75,114,2,1,1,3,PORTE DE CHATILLON,0.0,0.0
201500056217,12,4,15,20,2,75,113,2,4,1,2,ECHANGEUR IVRY,0.0,0.0
201500056218,13,4,15,22,5,75,118,2,1,1,6,PORTE DE CLIGNANCOURT,0.0,0.0
201500056219,15,4,15,8,1,75,113,2,1,1,4,PORTE DE GENTILLY,0.0,0.0
201500056220,15,4,15,13,1,75,117,2,1,1,3,PORTE D ASNIERES,0.0,0.0
201500056221,16,4,15,9,1,75,115,2,1,1,3,PORTE DE LA PLAINE,0.0,0.0
201500056222,16,4,15,16,1,75,116,2,1,1,3,ECHANGEUR MUETTE,0.0,0.0
201500056223,17,4,15,13,1,75,114,2,1,1,3,PORTE DE GENTILLY,0.0,0.0
201500056224,17,4,15,14,1,75,112,2,4,1,3,ECHANGEUR BERCY,0.0,0.0
201500056225,19,4,15,18,1,75,118,2,1,1,4,PORTE DE LA CHAPELLE,0.0,0.0
201500056226,20,4,15,1,5,75,113,2,1,1,6,QUAI D IVRY,0.0,0.0
201500056227,20,4,15,14,1,75,119,2,4,1,4,PORTE DE LA VILLETTE,0.0,0.0
201500056228,20,4,15,14,1,75,119,2,1,1,6,PORTE DE PANTIN,0.0,0.0
201500056229,22,4,15,8,1,75,116,2,1,1,6,PORTE DE PASSY,0.0,0.0
201500056230,23,4,15,8,1,75,120,2,1,1,4,PORTE DE MONTREUIL,0.0,0.0
201500056231,23,4,15,15,1,75,114,2,1,1,4,PORTE DE CHATILLON,0.0,0.0
201500056232,23,4,15,16,1,75,117,2,1,1,4,PORTE D ASNIERES,0.0,0.0
201500056233,24,4,15,11,1,75,117,2,1,1,6,PORTE DE CLICHY,0.0,0.0
201500056234,24,4,15,9,1,75,117,2,1,1,4,PORTE D ASNIERES,0.0,0.0
201500056235,24,4,15,18,1,75,113,2,4,1,3,PORTE D ITALIE,0.0,0.0
201500056236,26,4,15,4,5,75,113,2,1,1,6,BOULEVARD PERIPHERIQUE I,0.0,0.0
201500056237,26,4,15,11,1,75,113,2,1,1,4,PORTE D IVRY,0.0,0.0
201500056238,26,4,15,21,5,75,114,2,1,2,4,PORTE D ORLEANS,0.0,0.0
201500056239,28,4,15,9,1,75,117,2,1,1,4,PORTE DE SAINT OUEN,0.0,0.0
201500056240,28,4,15,11,1,75,116,2,4,1,4,PORTE D AUTEUIL,0.0,0.0
201500056241,29,4,15,14,1,75,120,2,1,1,3,PORTE DE VINCENNES,0.0,0.0
201500056242,29,4,15,19,1,75,112,2,1,1,4,ECHANGEUR BERCY,0.0,0.0
201500056243,30,4,15,13,1,75,113,2,1,2,3,PORTE D IVRY,0.0,0.0
201500056244,30,4,15,15,1,75,120,2,1,2,3,PORTE DE BAGNOLET,0.0,0.0
201500056245,30,4,15,18,1,75,112,2,1,2,3,PORTE DE CHARENTON,0.0,0.0
201500056246,1,5,15,9,1,75,118,2,1,2,3,PORTE DE LA CHAPELLE,0.0,0.0
201500056247,1,5,15,17,1,75,112,2,1,2,6,ECHANGEUR BERCY,0.0,0.0
201500056248,2,5,15,10,1,75,120,2,1,1,2,PORTE DE MONTREUIL,0.0,0.0
201500056249,2,5,15,19,2,75,118,2,1,2,6,ECHANGEUR CHAPELLE,0.0,0.0
201500056250,3,5,15,13,1,75,120,2,1,2,6,PORTE DE BAGNOLET,0.0,0.0
201500056251,4,5,15,15,1,75,114,2,4,1,2,ECHANGEUR CHATILLON,0.0,0.0
201500056252,4,5,15,0,5,75,120,1,4,2,6,ECHANGEUR BAGNOLET,0.0,0.0
201500056253,5,5,15,8,1,75,113,2,1,1,3,PORTE DE GENTILLY,0.0,0.0
201500056254,6,5,15,8,1,75,118,2,1,1,3,PORTE DE SAINT OUEN,0.0,0.0
201500056255,9,5,15,12,1,75,114,1,1,1,4,PORTE DE CHATILLON,0.0,0.0
201500056256,7,5,15,13,1,75,116,2,1,1,3,ECHANGEUR AUTEUIL,0.0,0.0
201500056257,7,5,15,14,1,75,116,2,1,1,4,ECHANGEUR AUTEUIL,0.0,0.0
201500056258,7,5,15,19,1,75,117,2,1,1,3,PORTE DE CLICHY,0.0,0.0
201500056259,9,5,15,13,1,75,119,2,1,1,4,PORTE DE PANTIN,0.0,0.0
201500056260,11,5,15,11,1,75,116,2,4,1,3,ECHANGEUR MAILLOT,0.0,0.0
201500056261,12,5,15,7,1,75,114,2,1,1,6,PORTE D ORLEANS,0.0,0.0
201500056262,12,5,15,20,2,75,119,2,4,1,3,PORTE DE LA VILLETTE,0.0,0.0
201500056263,13,5,15,15,1,75,118,2,1,1,4,PORTE DE LA CHAPELLE,0.0,0.0
201500056264,18,5,15,9,1,75,119,2,1,1,2,PORTE D AUBERVILLIERS,0.0,0.0
201500056265,21,5,15,7,1,75,120,2,4,1,3,PORTE DE BAGNOLET,0.0,0.0
201500056266,21,5,15,11,1,75,116,2,1,1,2,PORTE DE SAINT CLOUD,0.0,0.0
201500056267,21,5,15,17,1,75,120,2,1,1,4,PORTE DE VINCENNES,0.0,0.0
201500056268,21,5,15,20,1,75,114,2,1,1,3,PORTE DE GENTILLY,0.0,0.0
201500056269,23,5,15,19,1,75,119,2,1,1,2,PORTE DE PANTIN,0.0,0.0
201500056270,24,5,15,15,1,75,112,2,1,1,2,PORTE DOREE,0.0,0.0
201500056271,26,5,15,11,1,75,119,2,1,1,2,PORTE DE PANTIN,0.0,0.0
201500056272,26,5,15,17,1,75,114,2,1,1,6,PORTE DE VANVES,0.0,0.0
201500056273,26,5,15,22,5,75,114,2,1,1,4,PORTE DE GENTILLY,0.0,0.0
201500056274,27,5,15,11,1,75,116,2,1,1,3,PORTE DE SAINT CLOUD,0.0,0.0
201500056275,28,5,15,10,1,75,112,2,1,1,6,ECHANGEUR PORTE DOREE,0.0,0.0
201500056276,28,5,15,19,2,75,117,2,1,1,3,PORTE DE CHAMPERRET,0.0,0.0
201500056277,29,5,15,8,1,75,119,2,1,2,7,PORTE DE LA VILLETTE,0.0,0.0
201500056278,29,5,15,13,1,75,113,2,1,1,2,PORTE D ITALIE,0.0,0.0
201500056279,30,5,15,7,1,75,117,2,4,1,6,PORTE D ASNIERES,0.0,0.0
201500056280,30,5,15,8,1,75,117,2,1,1,2,PORTE DE CHAMPERRET,0.0,0.0
201500056281,30,5,15,16,1,75,114,2,1,1,2,ECHANGEUR BRANCION,0.0,0.0
201500056282,30,5,15,20,1,75,114,2,1,1,4,PORTE DE CHATILLON,0.0,0.0
201500056283,1,6,15,18,1,75,119,2,1,1,7,PORTE DE LA VILLETTE,0.0,0.0
201500056284,2,6,15,11,1,75,116,2,1,1,2,PORTE D AUTEUIL,0.0,0.0
201500056285,2,6,15,16,1,75,119,2,1,1,4,PORTE DE LA VILLETTE,0.0,0.0
201500056286,3,6,15,9,1,75,118,2,4,1,2,ECHANGEUR SAINT OUEN,0.0,0.0
201500056287,3,6,15,12,1,75,119,2,4,1,2,PORTE D AUBERVILLIERS,0.0,0.0
201500056288,3,6,15,13,1,75,117,2,1,1,6,PORTE DE CHAMPERRET,0.0,0.0
201500056289,4,6,15,8,1,75,116,2,1,1,3,PORTE DE SAINT CLOUD,0.0,0.0
201500056290,5,6,15,15,1,75,120,2,4,1,3,PORTE DE BAGNOLET,0.0,0.0
201500056291,6,6,15,23,5,75,116,2,1,1,2,BOULEVARD PERIPHERIQUE E,0.0,0.0
201500056292,7,6,15,19,1,75,118,2,1,1,3,ECHANGEUR AUBERVILLIERS,0.0,0.0
201500056293,8,6,15,9,1,75,120,2,1,1,3,PORTE DE MONTREUIL,0.0,0.0
201500056294,9,6,15,15,1,75,119,2,1,1,5,PORTE DES LILAS,0.0,0.0
201500056295,10,6,15,13,1,75,120,2,1,1,4,PORTE DE BAGNOLET,0.0,0.0
201500056296,10,6,15,17,1,75,116,2,1,1,4,PORTE MAILLOT,0.0,0.0
201500056297,10,6,15,22,5,75,113,2,1,1,7,PORTE DE GENTILLY,0.0,0.0
201500056298,11,6,15,9,1,75,117,2,4,1,3,ECHANGEUR MAILLOT,0.0,0.0
201500056299,11,6,15,19,1,75,120,2,1,1,3,PORTE DE VINCENNES,0.0,0.0
201500056300,12,6,15,8,1,75,113,2,1,1,2,ECHANGEUR IVRY,0.0,0.0
201500056301,12,6,15,17,1,75,113,2,1,1,4,PORTE D ITALIE,0.0,0.0
201500056302,12,6,15,19,1,75,113,2,1,1,2,PORTE D ITALIE,0.0,0.0
201500056303,13,6,15,14,1,75,115,2,1,1,6,PORTE DE LA PLAINE,0.0,0.0
201500056304,15,6,15,6,1,75,119,2,1,1,6,PORTE DE PANTIN,0.0,0.0
201500056305,15,6,15,23,5,75,120,2,1,1,3,ECHANGEUR BAGNOLET,0.0,0.0
201500056306,16,6,15,8,1,75,113,2,4,1,3,ECHANGEUR IVRY,0.0,0.0
201500056307,16,6,15,14,1,75,116,2,1,1,3,PORTE DAUPHINE,0.0,0.0
201500056308,17,6,15,8,1,75,120,2,1,1,3,PORTE DE BAGNOLET,0.0,0.0
201500056309,17,6,15,9,1,75,117,2,1,1,2,PORTE MAILLOT,0.0,0.0
201500056310,17,6,15,14,1,75,112,2,1,1,2,PORTE DE VINCENNES,0.0,0.0
201500056311,17,6,15,14,1,75,116,2,1,1,2,PORTE DE PASSY,0.0,0.0
201500056312,17,6,15,16,1,75,120,2,4,1,4,PORTE DE BAGNOLET,0.0,0.0
201500056313,18,6,15,8,1,75,117,2,1,1,2,PORTE DE CHAMPERRET,0.0,0.0
201500056314,18,6,15,8,1,75,112,2,1,1,2,PORTE DOREE,0.0,0.0
201500056315,18,6,15,10,1,75,118,2,1,1,4,PORTE DE CLIGNANCOURT,0.0,0.0
201500056316,18,6,15,16,1,75,116,2,1,1,3,PORTE MAILLOT,0.0,0.0
201500056317,18,6,15,17,1,75,116,2,1,1,2,PORTE DAUPHINE,0.0,0.0
201500056318,18,6,15,14,1,75,116,2,1,2,3,PORTE D AUTEUIL,0.0,0.0
201500056319,19,6,15,16,1,75,119,2,1,1,4,PORTE DE LA VILLETTE,0.0,0.0
201500056320,19,6,15,18,1,75,113,2,1,1,4,PORTE D ITALIE,0.0,0.0
201500056321,20,6,15,15,1,75,113,2,1,1,3,ECHANGEUR BERCY,0.0,0.0
201500056322,22,6,15,10,1,75,116,2,1,1,3,PORTE D AUTEUIL,0.0,0.0
201500056323,23,6,15,10,1,75,116,2,1,1,2,ECHANGEUR MUETTE,0.0,0.0
201500056324,23,6,15,9,1,75,116,2,1,1,3,PORTE DAUPHINE,0.0,0.0
201500056325,23,6,15,23,5,75,114,2,1,1,2,PORTE D ORLEANS,0.0,0.0
201500056326,24,6,15,8,1,75,114,2,1,1,6,PORTE D ORLEANS,0.0,0.0
201500056327,24,6,15,12,1,75,113,2,1,1,2,ECHANGEUR ITALIE,0.0,0.0
201500056328,25,6,15,14,1,75,115,2,4,1,6,PORTE DE LA PLAINE,0.0,0.0
201500056329,26,6,15,10,1,75,113,2,1,1,3,PORTE D IVRY,0.0,0.0
201500056330,26,6,15,14,1,75,116,2,1,1,3,PORTE DE SAINT CLOUD,0.0,0.0
201500056331,27,6,15,17,1,75,112,2,1,1,4,PORTE DE CHARENTON,0.0,0.0
201500056332,28,6,15,11,1,75,119,2,1,1,7,PORTE DE PANTIN,0.0,0.0
201500056333,28,6,15,17,1,75,117,2,1,1,5,ECHANGEUR MAILLOT,0.0,0.0
201500056334,29,6,15,16,1,75,119,2,1,1,2,PORTE DE LA VILLETTE,0.0,0.0
201500056335,29,6,15,17,1,75,116,2,1,1,4,ECHANGEUR MUETTE,0.0,0.0
201500056336,29,6,15,23,5,75,119,2,1,1,5,PORTE DE PANTIN,0.0,0.0
201500056337,30,6,15,9,1,75,118,2,1,1,2,PORTE DE LA CHAPELLE,0.0,0.0
201500056338,17,7,15,9,1,75,120,2,1,1,3,ECHANGEUR LILAS,0.0,0.0
201500056339,26,8,15,16,1,75,114,2,1,1,4,PORTE DE GENTILLY,0.0,0.0
201500056340,1,7,15,14,1,75,118,2,1,1,6,ECHANGEUR CHAPELLE,0.0,0.0
201500056341,2,7,15,12,1,75,120,2,1,1,2,PORTE DE BAGNOLET,0.0,0.0
201500056342,3,7,15,9,1,75,112,2,1,1,2,PORTE DOREE,0.0,0.0
201500056343,3,7,15,13,1,75,112,2,1,1,2,ECHANGEUR BERCY,0.0,0.0
201500056344,3,7,15,19,1,75,113,2,1,1,3,PORTE D ITALIE,0.0,0.0
201500056345,4,7,15,17,1,75,116,2,1,1,4,PORTE DE PASSY,0.0,0.0
201500056346,5,7,15,6,1,75,113,2,1,1,6,QUAI D IVRY,0.0,0.0
201500056347,5,7,15,19,1,75,119,2,1,1,7,PORTE DES LILAS,0.0,0.0
201500056348,6,7,15,8,1,75,120,2,1,1,3,PORTE DE MONTREUIL,0.0,0.0
201500056349,6,7,15,17,1,75,114,2,1,1,3,PORTE DE CHATILLON,0.0,0.0
201500056350,6,7,15,22,5,75,113,2,1,1,6,PORTE D IVRY,0.0,0.0
201500056351,7,7,15,13,1,75,116,2,1,1,3,PORTE DE SAINT CLOUD,0.0,0.0
201500056352,7,7,15,13,1,75,113,2,1,1,4,PORTE D IVRY,0.0,0.0
201500056353,7,7,15,15,1,75,115,2,1,1,6,PORTE DE LA PLAINE,0.0,0.0
201500056354,8,7,15,8,1,75,120,2,1,1,3,PORTE DE BAGNOLET,0.0,0.0
201500056355,8,7,15,17,1,75,116,2,1,1,3,ECHANGEUR MUETTE,0.0,0.0
201500056356,8,7,15,18,1,75,117,2,4,1,3,PORTE DE CHAMPERRET,0.0,0.0
201500056357,9,7,15,16,1,75,114,2,1,1,2,PORTE D ORLEANS,0.0,0.0
201500056358,9,7,15,16,1,75,117,2,1,1,3,PORTE DE CHAMPERRET,0.0,0.0
201500056359,9,7,15,12,1,75,120,2,1,1,4,PORTE DE VINCENNES,0.0,0.0
201500056360,10,7,15,9,1,75,113,2,1,1,3,PORTE DE GENTILLY,0.0,0.0
201500056361,10,7,15,18,1,75,119,2,1,1,2,PORTE DE PANTIN,0.0,0.0
201500056362,10,7,15,9,1,75,113,2,4,1,3,PORTE D IVRY,0.0,0.0
201500056363,11,7,15,15,1,75,113,2,1,1,2,PORTE D IVRY,0.0,0.0
201500056364,13,7,15,12,1,75,119,2,4,1,2,PORTE DE LA VILLETTE,0.0,0.0
201500056365,13,7,15,18,1,75,118,2,1,1,4,PORTE DE LA CHAPELLE,0.0,0.0
201500056366,14,7,15,12,1,75,114,2,1,1,2,PORTE DE VANVES,0.0,0.0
201500056367,15,7,15,10,1,75,113,2,1,1,2,PORTE D ITALIE,0.0,0.0
201500056368,15,7,15,15,1,75,117,2,1,1,2,PORTE DE CLICHY,0.0,0.0
201500056369,17,7,15,1,5,75,119,2,1,1,2,BOULEVARD PERIPHERIQUE E,0.0,0.0
201500056370,17,7,15,0,5,75,118,2,1,1,2,PORTE D AUBERVILLIERS,0.0,0.0
201500056371,17,7,15,18,1,75,114,2,1,1,7,PORTE DE CHATILLON,0.0,0.0
201500056372,18,7,15,7,1,75,112,2,1,1,6,PORTE DE CHARENTON,0.0,0.0
201500056373,19,7,15,9,1,75,116,2,1,1,3,PORTE DE PASSY,0.0,0.0
201500056374,20,7,15,7,1,75,113,2,1,8,6,PORTE D IVRY,0.0,0.0
201500056375,20,7,15,16,1,75,116,2,1,1,6,PORTE D AUTEUIL,0.0,0.0
201500056376,21,7,15,10,1,75,120,2,1,1,3,PORTE DES LILAS,0.0,0.0
201500056377,21,7,15,11,1,75,116,2,1,1,4,PORTE DE PASSY,0.0,0.0
201500056378,24,7,15,6,1,75,119,2,4,1,3,BOULEVARD PERIPHERIQUE I,0.0,0.0
201500056379,24,7,15,12,1,75,112,2,1,1,6,SOUTERRAIN BERCY,0.0,0.0
201500056380,25,7,15,15,1,75,115,2,1,1,4,PORTE BRANCION,0.0,0.0
201500056381,27,7,15,8,1,75,116,2,1,2,3,PORTE DE SAINT CLOUD,0.0,0.0
201500056382,28,7,15,8,1,75,112,2,1,1,4,PORTE DE CHARENTON,0.0,0.0
201500056383,29,7,15,9,1,75,118,2,1,1,2,PORTE DE CLIGNANCOURT,0.0,0.0
201500056384,30,7,15,8,1,75,117,2,1,1,3,PORTE D ASNIERES,0.0,0.0
201500056385,30,7,15,11,1,75,120,2,1,1,6,PORTE DE BAGNOLET,0.0,0.0
201500056386,31,7,15,13,1,75,116,2,1,1,3,ECHANGEUR MAILLOT,0.0,0.0
201500056387,31,7,15,15,1,75,118,2,1,1,4,PORTE DE SAINT OUEN,0.0,0.0
201500056388,31,7,15,20,2,75,116,2,1,1,2,PORTE MAILLOT,0.0,0.0
201500056389,1,8,15,6,1,75,116,2,1,1,6,PORTE D AUTEUIL,0.0,0.0
201500056390,2,8,15,7,1,75,115,2,1,1,7,PORTE DE LA PLAINE,0.0,0.0
201500056391,2,8,15,18,1,75,117,2,1,1,4,SOUTERRAIN CHAMPERRET,0.0,0.0
201500056392,3,8,15,16,1,75,112,2,1,1,2,PORTE DE CHARENTON,0.0,0.0
201500056393,4,8,15,11,1,75,112,2,1,1,6,PORTE DE CHARENTON,0.0,0.0
201500056394,4,8,15,13,1,75,118,2,1,1,7,PORTE DE CLIGNANCOURT,0.0,0.0
201500056395,4,8,15,18,1,75,112,2,1,1,7,ECHANGEUR BERCY,0.0,0.0
201500056396,5,8,15,16,1,75,116,2,1,1,3,PORTE DAUPHINE,0.0,0.0
201500056397,5,8,15,17,1,75,118,2,4,1,6,ECHANGEUR CHAPELLE,0.0,0.0
201500056398,8,8,15,7,1,75,112,2,1,1,6,ECHANGEUR BERCY,0.0,0.0
201500056399,8,8,15,16,1,75,118,2,1,1,2,PORTE D AUBERVILLIERS,0.0,0.0
201500056400,10,8,15,18,1,75,112,2,1,1,3,PORTE DE CHARENTON,0.0,0.0
201500056401,12,8,15,17,1,75,114,2,4,1,6,ECHANGEUR ORLEANS,0.0,0.0
201500056402,14,8,15,16,1,75,120,2,1,1,2,PORTE DE BAGNOLET,0.0,0.0
201500056403,14,8,15,18,2,75,118,2,1,2,6,PORTE D AUBERVILLIERS,0.0,0.0
201500056404,15,8,15,0,5,75,112,2,4,2,6,ECHANGEUR BERCY,0.0,0.0
201500056405,17,8,15,17,1,75,116,2,1,1,4,ECHANGEUR MUETTE,0.0,0.0
201500056406,18,8,15,10,1,75,112,2,1,1,4,PORTE DE VINCENNES,0.0,0.0
201500056407,20,8,15,7,1,75,112,2,1,2,4,PORTE DOREE,0.0,0.0
201500056408,20,8,15,11,1,75,118,2,4,2,3,ECHANGEUR CHAPELLE,0.0,0.0
201500056409,21,8,15,8,1,75,118,2,1,1,4,AVENUE DE LA PORTE DE SA,0.0,0.0