Num_Acc,jour,mois,an,hr,condition_eclairage,departement,commune,condition_agglomeration,intersection,condition_atmosphere,type_collision,adresse,lattitude,longitude
201500056410,21,8,15,8,1,75,114,2,1,1,2,PORTE D ORLEANS,0.0,0.0
201500056411,22,8,15,1,5,75,112,2,1,1,7,PORTE DE VINCENNES,0.0,0.0
201500056412,22,8,15,13,1,75,112,2,1,1,4,PORTE DE CHARENTON,0.0,0.0
201500056413,26,8,15,7,1,75,114,2,1,1,4,PORTE DE CHATILLON,0.0,0.0
201500056414,26,8,15,6,5,75,112,2,4,1,4,PORTE DE VINCENNES,0.0,0.0
201500056415,26,8,15,11,1,75,112,2,1,1,4,ECHANGEUR BERCY,0.0,0.0
201500056416,26,8,15,9,1,75,117,2,1,1,2,PORTE D ASNIERES,0.0,0.0
201500056417,26,8,15,15,1,75,112,2,4,1,6,ECHANGEUR BERCY,0.0,0.0
201500056418,26,8,15,18,1,75,113,2,1,1,3,PORTE D IVRY,0.0,0.0
201500056419,26,8,15,16,1,75,114,2,1,1,4,PORTE DE GENTILLY,0.0,0.0
201500056420,27,8,15,17,1,75,113,2,1,2,7,PORTE D IVRY,0.0,0.0
201500056421,28,8,15,9,1,75,113,2,1,1,3,PORTE D ITALIE,0.0,0.0
201500056422,28,8,15,15,1,75,112,2,1,1,6,PORTE DOREE,0.0,0.0
201500056423,28,8,15,16,1,75,112,2,1,1,2,PORTE DE SAINT MANDE,0.0,0.0
201500056424,28,8,15,22,5,75,119,2,1,1,7,PORTE DE PANTIN,0.0,0.0
201500056425,30,8,15,21,5,75,114,2,1,1,4,PORTE D ORLEANS,0.0,0.0
201500056426,1,9,15,18,1,75,114,2,1,1,4,PORTE BRANCION,0.0,0.0
201500056427,3,9,15,12,1,75,115,2,1,1,7,QUAI D ISSY LES MOULINEA,0.0,0.0
201500056428,3,9,15,19,1,75,116,2,1,1,7,ECHANGEUR MAILLOT,0.0,0.0
201500056429,4,9,15,6,1,75,120,2,1,1,6,PORTE DE MONTREUIL,0.0,0.0
201500056430,4,9,15,8,1,75,115,2,1,1,6,PORTE DE SEVRES,0.0,0.0
201500056431,5,9,15,1,5,75,120,2,1,1,2,PORTE DE BAGNOLET,0.0,0.0
201500056432,5,9,15,23,5,75,118,2,1,1,6,PORTE DE LA CHAPELLE,0.0,0.0
201500056433,6,9,15,9,1,75,115,2,1,1,6,PORTE DE LA PLAINE,0.0,0.0
201500056434,6,9,15,20,5,75,118,2,4,1,6,PORTE DE SAINT OUEN,0.0,0.0
201500056435,7,9,15,9,1,75,120,2,1,1,3,PORTE DE BAGNOLET,0.0,0.0
201500056436,7,9,15,11,1,75,112,2,1,1,4,PORTE DE VINCENNES,0.0,0.0
201500056437,8,9,15,17,1,75,120,2,1,1,4,PORTE DE MONTREUIL,0.0,0.0
201500056438,9,9,15,4,5,75,114,2,1,1,3,PORTE BRANCION,0.0,0.0
201500056439,9,9,15,8,1,75,116,2,1,1,3,ECHANGEUR MUETTE,0.0,0.0
201500056440,9,9,15,17,1,75,112,2,1,1,3,PORTE DE CHARENTON,0.0,0.0
201500056441,10,9,15,8,1,75,116,2,1,1,6,PORTE DE PASSY,0.0,0.0
201500056442,10,9,15,8,1,75,116,2,1,1,4,ECHANGEUR MUETTE,0.0,0.0
201500056443,10,9,15,18,1,75,112,2,1,1,4,PORTE DE SAINT MANDE,0.0,0.0
201500056444,11,9,15,0,5,75,119,2,4,1,7,PORTE DES LILAS,0.0,0.0
201500056445,11,9,15,9,1,75,117,2,1,1,3,PORTE DE SAINT OUEN,0.0,0.0
201500056446,11,9,15,19,5,75,117,2,1,1,3,PORTE DE CLICHY,0.0,0.0
201500056447,12,9,15,20,5,75,115,2,1,1,3,ECHANGEUR ISSY,0.0,0.0
201500056448,13,9,15,12,1,75,117,2,1,3,7,PORTE DE CLICHY,0.0,0.0
201500056449,14,9,15,1,5,75,116,2,1,1,1,PORTE DE PASSY,0.0,0.0
201500056450,14,9,15,8,1,75,120,2,1,2,2,ECHANGEUR BAGNOLET,0.0,0.0
201500056451,14,9,15,8,1,75,116,2,1,2,3,PORTE DE PASSY,0.0,0.0
201500056452,14,9,15,17,1,75,114,2,1,1,4,PORTE DE GENTILLY,0.0,0.0
201500056453,15,9,15,16,1,75,116,2,1,1,4,PORTE DAUPHINE,0.0,0.0
201500056454,15,9,15,14,1,75,120,2,1,1,3,PORTE DE VINCENNES,0.0,0.0
201500056455,16,9,15,9,1,75,113,2,1,2,7,PONT DE BERCY,0.0,0.0
201500056456,16,9,15,8,1,75,117,2,1,2,7,PORTE D ASNIERES,0.0,0.0
201500056457,16,9,15,8,1,75,117,2,1,2,3,PORTE DE SAINT OUEN,0.0,0.0
201500056458,17,9,15,8,1,75,120,2,1,1,3,PORTE DE BAGNOLET,0.0,0.0
201500056459,17,9,15,9,1,75,118,2,4,8,3,PORTE DE LA CHAPELLE,0.0,0.0
201500056460,17,9,15,18,1,75,116,2,1,1,6,PORTE MAILLOT,0.0,0.0
201500056461,18,9,15,14,1,75,117,2,1,1,2,PORTE DE CHAMPERRET,0.0,0.0
201500056462,18,9,15,17,1,75,116,2,1,8,2,PORTE DE PASSY,0.0,0.0
201500056463,18,9,15,21,5,75,119,2,1,1,6,PORTE DE LA VILLETTE,0.0,0.0
201500056464,19,9,15,17,1,75,113,2,1,1,2,PORTE DE GENTILLY,0.0,0.0
201500056465,19,9,15,20,5,75,112,2,1,1,6,PORTE DE CHARENTON,0.0,0.0
201500056466,19,9,15,20,5,75,112,2,4,1,6,ECHANGEUR VINCENNES,0.0,0.0
201500056467,20,9,15,6,2,75,114,2,4,1,3,PORTE DE CHATILLON,0.0,0.0
201500056468,20,9,15,19,1,75,120,2,1,1,7,PORTE DE BAGNOLET,0.0,0.0
201500056469,21,9,15,10,1,75,113,2,4,1,3,PORTE D IVRY,0.0,0.0
201500056470,22,9,15,9,1,75,116,2,1,8,2,ECHANGEUR AUTEUIL,0.0,0.0
201500056471,22,9,15,12,1,75,116,2,1,2,7,PORTE DE SAINT CLOUD,0.0,0.0
201500056472,22,9,15,17,1,75,113,2,1,1,3,PORTE D ITALIE,0.0,0.0
201500056473,24,9,15,15,1,75,120,2,1,1,6,PORTE DE BAGNOLET,0.0,0.0
201500056474,25,9,15,16,1,75,116,2,1,1,4,PORTE DE PASSY,0.0,0.0
201500056475,26,9,15,15,1,75,112,2,1,1,2,PORTE DE CHARENTON,0.0,0.0
201500056476,27,9,15,13,1,75,112,2,1,1,5,PORTE DOREE,0.0,0.0
201500056477,25,9,15,12,1,75,112,2,1,1,3,PORTE DE CHARENTON,0.0,0.0
201500056478,29,9,15,13,1,75,117,2,1,1,6,PORTE MAILLOT,0.0,0.0
201500056479,29,9,15,15,1,75,114,2,1,1,7,PORTE D ORLEANS,0.0,0.0
201500056480,29,9,15,15,1,75,115,2,1,1,2,PORTE DE LA PLAINE,0.0,0.0
201500056481,29,9,15,21,5,75,120,2,1,1,4,PORTE DE BAGNOLET,0.0,0.0
201500056482,1,10,15,7,2,75,113,2,1,1,7,QUAI D IVRY,0.0,0.0
201500056483,1,10,15,13,1,75,117,2,1,1,7,PORTE DES TERNES,0.0,0.0
201500056484,1,10,15,15,1,75,114,2,1,1,2,PORTE DE GENTILLY,0.0,0.0
201500056485,1,10,15,16,1,75,120,2,1,1,3,PORTE DE BAGNOLET,0.0,0.0
201500056486,1,10,15,18,1,75,115,2,1,1,7,PORTE D ISSY,0.0,0.0
201500056487,2,10,15,8,1,75,118,2,1,1,4,PORTE DE SAINT OUEN,0.0,0.0
201500056488,2,10,15,17,1,75,113,2,4,1,6,PORTE DE GENTILLY,0.0,0.0
201500056489,2,10,15,20,5,75,119,2,1,1,4,PORTE DES LILAS,0.0,0.0
201500056490,2,10,15,22,5,75,119,2,1,1,3,PORTE DE PANTIN,0.0,0.0
201500056491,3,10,15,16,1,75,113,2,1,1,2,ECHANGEUR BERCY,0.0,0.0
201500056492,3,10,15,23,5,75,117,2,1,1,5,PORTE DE SAINT OUEN,0.0,0.0
201500056493,5,10,15,7,2,75,118,2,4,1,4,PORTE DE CLIGNANCOURT,0.0,0.0
201500056494,5,10,15,19,2,75,120,2,1,2,4,PORTE DE VINCENNES,0.0,0.0
201500056495,6,10,15,9,1,75,117,2,1,2,7,PORTE MAILLOT,0.0,0.0
201500056496,6,10,15,14,1,75,117,2,1,2,7,ECHANGEUR MAILLOT,0.0,0.0
201500056497,6,10,15,18,1,75,119,2,1,1,4,PORTE DE PANTIN,0.0,0.0
201500056498,8,10,15,8,1,75,114,2,1,1,2,PORTE DE CHATILLON,0.0,0.0
201500056499,8,10,15,8,1,75,114,2,1,1,2,PORTE DE CHATILLON,0.0,0.0
201500056500,8,10,15,20,5,75,119,2,1,1,4,PORTE DE PANTIN,0.0,0.0
201500056501,9,10,15,17,1,75,116,2,1,1,3,ECHANGEUR MUETTE,0.0,0.0
201500056502,10,10,15,7,2,75,112,2,1,1,7,PORTE DE VINCENNES,0.0,0.0
201500056503,11,10,15,14,1,75,116,2,1,1,2,PORTE D AUTEUIL,0.0,0.0
201500056504,12,10,15,10,1,75,113,2,1,1,4,QUAI D IVRY,0.0,0.0
201500056505,12,10,15,9,1,75,116,2,1,1,3,ECHANGEUR AUTEUIL,0.0,0.0
201500056506,12,10,15,12,1,75,116,2,1,1,3,PORTE DAUPHINE,0.0,0.0
201500056507,12,10,15,17,1,75,115,2,1,1,2,QUAI D ISSY LES MOULINEA,0.0,0.0
201500056508,13,10,15,6,5,75,117,2,1,1,4,PORTE D ASNIERES,0.0,0.0
201500056509,13,10,15,16,1,75,120,2,1,1,3,PORTE DE MONTREUIL,0.0,0.0
201500056510,14,10,15,17,1,75,120,2,1,8,2,PORTE DE VINCENNES,0.0,0.0
201500056511,14,10,15,22,5,75,120,2,1,2,6,ECHANGEUR BAGNOLET,0.0,0.0
201500056512,15,10,15,16,1,75,120,2,1,1,7,PORTE DE BAGNOLET,0.0,0.0
201500056513,16,10,15,9,1,75,120,2,1,2,4,PORTE DES LILAS,0.0,0.0
201500056514,19,10,15,22,5,75,113,2,4,1,4,PORTE DE GENTILLY,0.0,0.0
201500056515,20,10,15,6,5,75,116,2,4,1,6,ECHANGEUR MAILLOT,0.0,0.0
201500056516,21,10,15,16,1,75,120,2,1,1,3,PORTE DE MONTREUIL,0.0,0.0
201500056517,21,10,15,22,5,75,116,2,1,1,4,PORTE DE PASSY,0.0,0.0
201500056518,22,10,15,6,5,75,119,2,1,2,6,PORTE DE PANTIN,0.0,0.0
201500056519,22,10,15,8,1,75,119,2,1,2,4,PORTE DE LA VILLETTE,0.0,0.0
201500056520,22,10,15,11,1,75,119,2,1,1,3,PORTE DE PANTIN,0.0,0.0
201500056521,22,10,15,18,2,75,116,2,1,2,2,PORTE MAILLOT,0.0,0.0
201500056522,25,10,15,20,5,75,118,2,1,1,3,PORTE DE LA CHAPELLE,0.0,0.0
201500056523,27,10,15,15,1,75,116,2,1,1,3,BOULEVARD PERIPHERIQUE I,0.0,0.0
201500056524,27,10,15,15,1,75,117,2,1,1,2,PORTE MAILLOT,0.0,0.0
201500056525,27,10,15,17,5,75,112,2,1,1,4,PORTE DE VINCENNES,0.0,0.0
201500056526,30,10,15,12,1,75,116,2,1,1,2,PORTE DAUPHINE,0.0,0.0
201500056527,30,10,15,10,1,75,117,2,4,1,3,PORTE DE CHAMPERRET,0.0,0.0
201500056528,30,10,15,15,1,75,116,2,1,1,2,ECHANGEUR MUETTE,0.0,0.0
201500056529,31,10,15,11,1,75,116,2,1,1,4,ECHANGEUR MUETTE,0.0,0.0
201500056530,31,10,15,19,1,75,117,2,1,1,6,PORTE DE CHAMPERRET,0.0,0.0
201500056531,1,11,15,4,5,75,112,2,1,6,2,PORTE DOREE,0.0,0.0
201500056532,2,11,15,8,1,75,119,2,1,1,6,PORTE DE PANTIN,0.0,0.0
201500056533,3,11,15,12,1,75,112,2,4,1,7,PORTE DE VINCENNES,0.0,0.0
201500056534,4,11,15,8,1,75,117,2,1,2,3,PORTE DE CHAMPERRET,0.0,0.0
201500056535,5,11,15,10,1,75,112,2,1,1,5,PORTE DE CHARENTON,0.0,0.0
201500056536,5,11,15,14,1,75,117,2,1,1,7,PORTE DE CHAMPERRET,0.0,0.0
201500056537,6,11,15,8,1,75,114,2,1,1,3,PORTE D ORLEANS,0.0,0.0
201500056538,6,11,15,13,1,75,114,2,1,1,3,PORTE D ORLEANS,0.0,0.0
201500056539,7,11,15,1,5,75,120,2,4,1,4,BOULEVARD PERIPHERIQUE I,0.0,0.0
201500056540,9,11,15,8,1,75,112,2,1,1,6,PORTE DE CHARENTON,0.0,0.0
201500056541,10,11,15,6,2,75,117,2,1,1,6,PORTE D ASNIERES,0.0,0.0
201500056542,13,11,15,11,1,75,117,2,1,2,2,ECHANGEUR MAILLOT,0.0,0.0
201500056543,14,11,15,13,1,75,120,2,1,1,4,PORTE DE VINCENNES,0.0,0.0
201500056544,15,11,15,16,1,75,116,2,1,1,4,ECHANGEUR MUETTE,0.0,0.0
201500056545,18,11,15,23,5,75,115,2,1,1,6,PORTE BRANCION,0.0,0.0
201500056546,19,11,15,6,5,75,112,2,1,1,4,ECHANGEUR BERCY,0.0,0.0
201500056547,19,11,15,11,1,75,116,2,4,2,4,BOULEVARD PERIPHERIQUE I,0.0,0.0
201500056548,20,11,15,9,1,75,112,2,1,3,3,PORTE DOREE,0.0,0.0
201500056549,20,11,15,12,1,75,120,2,1,1,2,PORTE DES LILAS,0.0,0.0
201500056550,21,11,15,14,1,75,114,2,1,2,3,PORTE DE CHATILLON,0.0,0.0
201500056551,21,11,15,17,1,75,120,2,1,2,7,PORTE DE BAGNOLET,0.0,0.0
201500056552,23,11,15,16,1,75,118,2,1,1,2,PORTE DE LA CHAPELLE,0.0,0.0
201500056553,23,11,15,17,2,75,112,2,1,1,2,PORTE DE CHARENTON,0.0,0.0
201500056554,23,11,15,20,5,75,120,2,7,1,6,PORTE DE VINCENNES,0.0,0.0
201500056555,24,11,15,12,1,75,117,2,1,2,2,PORTE DE CHAMPERRET,0.0,0.0
201500056556,24,11,15,18,1,75,113,2,1,1,3,PORTE D ITALIE,0.0,0.0
201500056557,24,11,15,18,5,75,119,2,1,2,3,PORTE DE PANTIN,0.0,0.0
201500056558,25,11,15,10,1,75,113,2,1,4,5,QUAI D IVRY,0.0,0.0
201500056559,25,11,15,11,1,75,112,2,1,4,4,PORTE DE CHARENTON,0.0,0.0
201500056560,26,11,15,13,1,75,112,2,1,1,5,PORTE DE VINCENNES,0.0,0.0
201500056561,26,11,15,17,2,75,118,2,1,1,2,PORTE DE SAINT OUEN,0.0,0.0
201500056562,26,11,15,19,5,75,114,2,1,1,4,PORTE DE CHATILLON,0.0,0.0
201500056563,26,11,15,20,5,75,117,2,1,1,2,PORTE DE SAINT OUEN,0.0,0.0
201500056564,27,11,15,13,1,75,117,2,4,1,4,ECHANGEUR CLICHY,0.0,0.0
201500056565,30,11,15,2,5,75,120,2,1,1,6,PORTE DES LILAS,0.0,0.0
201500056566,1,12,15,15,1,75,117,2,1,1,2,PORTE DE CLICHY,0.0,0.0
201500056567,2,12,15,15,1,75,118,2,1,1,3,PORTE DE CLIGNANCOURT,0.0,0.0
201500056568,3,12,15,7,2,75,117,2,1,1,3,PORTE DE CLICHY,0.0,0.0
201500056569,3,12,15,18,2,75,118,2,1,1,2,PORTE DE LA CHAPELLE,0.0,0.0
201500056570,4,12,15,9,1,75,118,2,1,1,3,PORTE D AUBERVILLIERS,0.0,0.0
201500056571,4,12,15,14,1,75,117,2,1,1,4,PORTE DE CHAMPERRET,0.0,0.0
201500056572,4,12,15,18,2,75,114,2,1,1,2,PORTE D ORLEANS,0.0,0.0
201500056573,4,12,15,20,5,75,117,2,1,1,4,PORTE DE CLICHY,0.0,0.0
201500056574,5,12,15,19,5,75,120,2,1,1,4,ECHANGEUR LILAS,0.0,0.0
201500056575,6,12,15,8,1,75,120,2,1,1,2,PORTE DES LILAS,0.0,0.0
201500056576,6,12,15,11,1,75,116,2,1,1,2,PORTE DE SAINT CLOUD,0.0,0.0
201500056577,6,12,15,17,5,75,116,2,1,1,2,PORTE DAUPHINE,0.0,0.0
201500056578,10,12,15,17,5,75,115,2,1,1,6,PORTE DE LA PLAINE,0.0,0.0
201500056579,11,12,15,6,5,75,114,2,1,1,3,PORTE D ORLEANS,0.0,0.0
201500056580,11,12,15,12,1,75,112,2,1,1,2,PORT DE BERCY,0.0,0.0
201500056581,11,12,15,13,1,75,112,2,1,1,2,PORTE DE SAINT MANDE,0.0,0.0
201500056582,11,12,15,16,2,75,116,2,1,1,4,PORT DE PASSY,0.0,0.0
201500056583,13,12,15,4,5,75,115,2,1,1,2,PORTE D ISSY,0.0,0.0
201500056584,14,12,15,5,5,75,119,2,1,1,6,PORTE DES LILAS,0.0,0.0
201500056585,14,12,15,7,5,75,120,2,1,1,3,PORTE DE BAGNOLET,0.0,0.0
201500056586,14,12,15,17,5,75,112,2,1,1,3,PORTE DE VINCENNES,0.0,0.0
201500056587,14,12,15,16,1,75,117,2,1,1,3,PORTE DE SAINT OUEN,0.0,0.0
201500056588,14,12,15,15,1,75,116,2,1,1,3,PORTE DE SAINT CLOUD,0.0,0.0
201500056589,17,12,15,17,1,75,116,2,1,1,6,ECHANGEUR AUTEUIL,0.0,0.0
201500056590,18,12,15,12,1,75,116,2,1,1,4,PORTE MAILLOT,0.0,0.0
201500056591,18,12,15,17,1,75,117,2,1,1,3,PORTE DE SAINT OUEN,0.0,0.0
201500056592,19,12,15,3,5,75,119,2,1,1,6,PORTE DE PANTIN,0.0,0.0
201500056593,19,12,15,10,1,75,113,2,1,1,2,PORTE D ITALIE,0.0,0.0
201500056594,19,12,15,20,5,75,118,2,1,1,6,PORTE DE LA CHAPELLE,0.0,0.0
201500056595,20,12,15,19,1,75,119,2,1,1,4,PORTE DE LA VILLETTE,0.0,0.0
201500056596,21,12,15,12,1,75,119,2,1,1,4,PORTE DE PANTIN,0.0,0.0
201500056597,25,12,15,9,1,75,116,2,1,1,6,PORTE D AUTEUIL,0.0,0.0
201500056598,26,12,15,20,5,75,117,2,1,1,6,PORTE DE SAINT OUEN,0.0,0.0
201500056599,28,12,15,16,2,75,119,2,4,1,2,PORTE D AUBERVILLIERS,0.0,0.0
201500056600,28,12,15,21,3,75,120,2,1,2,7,ECHANGEUR BAGNOLET,0.0,0.0
201500056601,30,12,15,17,1,75,115,2,1,1,3,PORTE DE SEVRES,0.0,0.0
201500056602,30,12,15,19,5,75,112,2,1,1,4,PORTE DE CHARENTON,0.0,0.0
201500056603,31,12,15,21,5,75,113,2,1,1,6,QUAI D IVRY,0.0,0.0
201500056604,30,7,15,5,2,972,229,1,1,2,6,,0.0,0.0
201500056605,11,8,15,17,1,972,229,2,1,1,6,08 allée du diamant,0.0,0.0
201500056606,11,10,15,13,1,972,229,2,1,1,1,RN2 fond lahayé,0.0,0.0
201500056607,30,10,15,0,3,972,229,1,1,2,6,,0.0,0.0
201500056608,9,11,15,1,3,972,205,1,1,2,7,,0.0,0.0
201500056609,14,3,15,11,1,972,224,1,1,1,6,,0.0,0.0
201500056610,27,3,15,23,5,972,224,1,1,1,6,,0.0,0.0
201500056611,7,4,15,17,1,972,224,1,1,1,1,,0.0,0.0
201500056612,31,8,15,18,4,972,224,1,2,9,3,,0.0,0.0
201500056613,16,2,15,17,1,972,219,2,1,1,6,Bourg,0.0,0.0
201500056614,23,3,15,9,1,972,225,1,1,1,6,,0.0,0.0
201500056615,12,4,15,14,1,972,219,2,3,1,1,,0.0,0.0
201500056616,19,6,15,22,3,972,225,2,1,1,3,Rue Gabriel PERI,0.0,0.0
201500056617,5,8,15,20,3,972,204,1,1,1,3,,0.0,0.0
201500056618,14,8,15,17,1,972,225,1,1,1,3,,0.0,0.0
201500056619,31,10,15,19,3,972,225,2,1,1,6,Savane du Fort,0.0,0.0
201500056620,1,2,15,10,1,972,210,1,1,1,2,,0.0,0.0
201500056621,25,5,15,20,3,972,210,1,1,1,1,,0.0,0.0
201500056622,25,5,15,18,1,972,232,1,1,1,7,,0.0,0.0
201500056623,3,6,15,23,3,972,232,1,1,1,1,,0.0,0.0
201500056624,25,7,15,5,2,972,232,1,1,2,1,,0.0,0.0
201500056625,2,8,15,9,1,972,232,2,1,1,6,ravine plate,0.0,0.0
201500056626,19,8,15,21,3,972,232,1,1,1,1,,0.0,0.0
201500056627,11,11,15,16,1,972,210,1,1,1,5,,0.0,0.0
201500056628,29,11,15,2,5,972,210,1,1,1,1,,0.0,0.0
201500056629,5,3,15,12,1,972,207,1,1,1,1,,0.0,0.0
201500056630,18,6,15,14,1,972,207,1,1,1,3,,0.0,0.0
201500056631,14,11,15,4,3,972,207,1,1,2,6,,0.0,0.0
201500056632,12,12,15,17,1,972,207,2,1,2,6,Quartier Bac,0.0,0.0
201500056633,11,1,15,1,3,972,217,1,1,1,1,,0.0,0.0
201500056634,8,3,15,18,3,972,227,1,1,1,1,,0.0,0.0
201500056635,11,5,15,0,3,972,217,1,1,1,1,,0.0,0.0
201500056636,1,6,15,11,1,972,226,1,1,1,7,,0.0,0.0
201500056637,30,7,15,8,1,972,227,1,1,3,5,,0.0,0.0
201500056638,30,9,15,23,3,972,217,1,1,1,7,,0.0,0.0
201500056639,18,10,15,23,3,972,227,2,1,1,6,Morne des Pères,0.0,0.0
201500056640,27,12,15,21,3,972,227,1,1,1,6,,0.0,0.0
201500056641,7,8,15,9,1,972,230,2,1,1,1,Tartane,0.0,0.0
201500056642,26,9,15,13,1,972,230,2,1,1,1,rue lagrosillière,0.0,0.0
201500056643,9,10,15,18,4,972,230,1,1,1,3,,0.0,0.0
201500056644,27,10,15,11,1,972,230,1,1,2,3,,0.0,0.0
201500056645,18,12,15,12,1,972,230,1,1,1,1,,0.0,0.0
201500056646,29,12,15,19,5,972,230,1,1,1,1,,0.0,0.0
201500056647,20,1,15,17,1,972,228,2,1,1,1,,0.0,0.0
201500056648,29,1,15,18,1,972,228,1,1,1,1,,0.0,0.0
201500056649,16,2,15,5,2,972,228,2,1,1,6,plaine de l'union,0.0,0.0
201500056650,22,4,15,14,1,972,228,1,1,1,7,,0.0,0.0
201500056651,24,4,15,18,1,972,228,1,1,1,1,,0.0,0.0
201500056652,1,6,15,23,5,972,228,2,1,1,6,Boulevard antonin mercan,0.0,0.0
201500056653,4,6,15,10,1,972,228,1,1,1,1,,0.0,0.0
201500056654,13,7,15,19,5,972,228,1,1,1,3,,0.0,0.0
201500056655,4,9,15,16,1,972,228,2,1,1,1,avenue des jeunes,0.0,0.0
201500056656,9,10,15,19,3,972,228,1,1,1,1,,0.0,0.0
201500056657,14,9,15,16,1,972,203,1,1,3,1,,0.0,0.0
201500056658,15,11,15,3,5,972,216,2,1,8,6,RN1 angle rue Marie,0.0,0.0
201500056659,24,3,15,15,1,971,124,2,1,1,3,Rue du camp jacob,0.0,0.0
201500056660,2,4,15,18,4,971,124,1,9,8,1,,0.0,0.0
201500056661,29,4,15,10,1,971,104,2,1,1,6,164 rue de l'église,0.0,0.0
201500056662,15,8,15,2,5,971,104,2,1,1,6,RN2 / RD30,0.0,0.0
201500056663,27,1,15,16,1,971,134,1,1,1,6,,0.0,0.0
201500056664,28,3,15,21,3,971,134,1,1,1,6,,0.0,0.0
201500056665,19,5,15,13,1,971,134,1,1,1,7,,0.0,0.0
201500056666,22,6,15,8,1,971,134,1,1,3,1,,0.0,0.0
201500056667,14,7,15,13,1,971,134,1,1,1,7,,0.0,0.0
201500056668,31,7,15,17,1,971,134,2,1,1,6,296 vallée de beaugendre,0.0,0.0
201500056669,22,5,15,20,5,971,106,2,1,1,1,PIGEON,0.0,0.0
201500056670,8,8,15,14,1,971,106,2,1,1,1,Loquet,0.0,0.0
201500056671,25,9,15,21,4,971,106,2,1,1,7,Gallet,0.0,0.0
201500056672,20,5,15,19,3,971,121,1,1,1,5,,0.0,0.0
201500056673,16,11,15,17,1,971,121,1,2,1,1,,0.0,0.0
201500056674,4,12,15,16,2,971,121,2,1,3,3,mahault tacafred,0.0,0.0
201500056675,22,12,15,17,1,971,121,2,1,1,1,carrefour RN2/CD23,0.0,0.0
201500056676,6,3,15,13,1,971,111,1,1,1,1,,0.0,0.0
201500056677,31,8,15,17,1,971,111,1,1,8,7,,0.0,0.0
201500056678,11,11,15,12,1,971,111,1,1,1,3,,0.0,0.0
201500056679,2,2,15,8,1,971,132,1,1,3,1,,0.0,0.0
201500056680,14,3,15,18,3,971,132,2,1,1,6,La Plaine,0.0,0.0
201500056681,27,4,15,12,1,971,109,1,1,1,6,,0.0,0.0
201500056682,24,6,15,23,3,971,132,2,1,1,7,route de l'embarcadére,0.0,0.0
201500056683,1,10,15,12,1,971,109,1,1,1,4,,0.0,0.0
201500056684,26,12,15,12,1,971,132,1,1,1,3,,0.0,0.0
201500056685,10,1,15,16,1,971,114,1,1,1,3,,0.0,0.0
201500056686,23,1,15,16,5,971,107,2,1,1,3,Route nationale 1,0.0,0.0
201500056687,17,2,15,14,1,971,107,1,1,1,6,,0.0,0.0
201500056688,16,3,15,16,1,971,107,1,9,1,2,,0.0,0.0
201500056689,28,3,15,13,1,971,107,1,1,1,4,,0.0,0.0
201500056690,9,4,15,12,1,971,107,1,9,2,2,,0.0,0.0
201500056691,15,4,15,5,2,971,107,1,9,1,6,,0.0,0.0
201500056692,1,5,15,4,3,971,107,2,1,1,6,ROUTE DE L HABITUEE,0.0,0.0
201500056693,10,5,15,22,4,971,114,1,1,1,1,,0.0,0.0
201500056694,4,6,15,14,1,971,114,1,1,1,1,,0.0,0.0
201500056695,13,7,15,19,3,971,107,1,1,1,3,,0.0,0.0
201500056696,13,7,15,22,3,971,107,1,1,1,1,,0.0,0.0
201500056697,26,7,15,9,1,971,107,1,1,1,6,,0.0,0.0
201500056698,12,9,15,1,5,971,114,1,1,1,3,,0.0,0.0
201500056699,12,9,15,16,1,971,107,1,1,1,5,,0.0,0.0
201500056700,22,9,15,21,3,971,114,1,1,1,7,,0.0,0.0
201500056701,12,10,15,10,1,971,107,1,1,1,3,,0.0,0.0
201500056702,16,10,15,20,3,971,107,1,1,3,3,,0.0,0.0
201500056703,12,12,15,7,3,971,114,1,1,2,5,,0.0,0.0
201500056704,10,12,15,14,1,971,114,1,1,1,5,,0.0,0.0
201500056705,20,12,15,5,3,971,107,1,1,1,1,,0.0,0.0
201500056706,18,2,15,4,3,971,131,1,1,1,7,,0.0,0.0
201500056707,12,7,15,18,1,971,131,2,1,1,7,Route du Fort Napoléon,0.0,0.0
201500056708,18,7,15,17,1,971,130,1,1,1,1,,0.0,0.0
201500056709,28,12,15,11,1,971,131,1,1,2,7,,0.0,0.0
201500056710,10,1,15,20,5,971,115,1,1,1,7,,0.0,0.0
201500056711,5,3,15,10,1,971,115,2,3,1,3,Lacroix,0.0,0.0
201500056712,27,4,15,20,5,971,115,2,1,1,3,section la rosière,0.0,0.0
201500056713,13,5,15,12,1,971,115,1,1,1,4,,0.0,0.0
201500056714,14,5,15,2,3,971,115,1,2,1,3,,0.0,0.0
201500056715,26,7,15,23,3,971,115,2,1,1,7,rd1 bagatelle,0.0,0.0
201500056716,21,8,15,15,1,971,115,1,1,1,1,,0.0,0.0
201500056717,15,9,15,6,1,971,115,1,9,1,3,,0.0,0.0
201500056718,3,1,15,16,1,971,118,1,1,1,1,,0.0,0.0
201500056719,18,5,15,9,1,971,118,1,1,2,3,,0.0,0.0
201500056720,26,9,15,21,5,971,118,1,1,1,3,,0.0,0.0
201500056721,12,1,15,19,3,971,129,1,1,1,2,,0.0,0.0
201500056722,22,1,15,17,1,971,129,2,1,1,6,,0.0,0.0
201500056723,27,2,15,17,1,971,129,2,1,1,1,la ram?e,0.0,0.0
201500056724,15,4,15,15,1,971,129,1,1,2,3,,1630001.0,6166701.0
201500056725,30,4,15,7,1,971,129,1,1,1,3,,0.0,0.0
201500056726,10,5,15,4,2,971,129,2,1,1,3,D19- RN2,0.0,0.0
201500056727,8,5,15,5,2,971,129,1,1,1,5,,0.0,0.0
201500056728,13,5,15,12,1,971,129,1,1,1,3,,1629200.0,6166901.0
201500056729,29,7,15,18,2,971,129,2,1,1,6,le boyer,0.0,0.0
201500056730,22,8,15,10,1,971,129,2,1,1,6,le boyer,0.0,0.0
201500056731,29,9,15,16,1,971,129,1,2,1,3,,0.0,0.0
201500056732,12,10,15,9,1,971,129,2,1,1,1,,0.0,0.0
201500056733,15,10,15,7,1,971,129,1,1,1,6,,0.0,0.0