Num_Acc,jour,mois,an,hr,condition_eclairage,departement,commune,condition_agglomeration,intersection,condition_atmosphere,type_collision,adresse,lattitude,longitude
201500056734,16,10,15,20,5,971,129,2,1,1,6,,0.0,0.0
201500056735,6,11,15,11,1,971,129,1,1,2,7,,0.0,0.0
201500056736,16,11,15,5,1,971,129,1,1,1,3,,0.0,0.0
201500056737,12,12,15,17,1,971,129,1,1,1,6,,0.0,0.0
201500056738,19,12,15,0,3,971,129,1,1,1,6,,0.0,0.0
201500056739,25,12,15,11,1,971,129,1,1,1,3,,0.0,0.0
201500056740,20,1,15,17,1,971,108,1,2,1,3,,0.0,0.0
201500056741,13,3,15,14,1,971,112,1,1,1,1,,0.0,0.0
201500056742,25,5,15,15,1,971,112,1,1,1,2,,0.0,0.0
201500056743,20,6,15,8,1,971,112,1,1,1,6,,0.0,0.0
201500056744,4,7,15,11,1,971,126,1,1,1,3,,0.0,0.0
201500056745,15,8,15,8,1,971,108,1,1,1,6,,0.0,0.0
201500056746,17,11,15,18,3,971,112,1,1,2,6,,0.0,0.0
201500056747,21,11,15,18,5,971,112,1,1,1,3,,0.0,0.0
201500056748,23,12,15,18,2,971,112,2,1,1,1,Allée Poirier,0.0,0.0
201500056749,25,3,15,15,1,971,117,1,1,1,3,,0.0,0.0
201500056750,11,4,15,19,4,971,117,1,1,1,6,,0.0,0.0
201500056751,30,4,15,17,1,971,117,1,1,1,1,,0.0,0.0
201500056752,12,7,15,4,5,971,117,1,1,1,1,,0.0,0.0
201500056753,11,8,15,11,1,971,117,1,1,1,1,,0.0,0.0
201500056754,10,9,15,17,1,971,117,2,1,1,3,route Saint françois,0.0,0.0
201500056755,21,9,15,12,1,971,117,2,1,1,6,rocade sergent,0.0,0.0
201500056756,7,10,15,10,1,971,117,1,1,1,6,,0.0,0.0
201500056757,23,10,15,17,1,971,117,1,1,1,6,,0.0,0.0
201500056758,3,11,15,14,1,971,117,1,1,1,6,,0.0,0.0
201500056759,5,12,15,18,3,971,117,1,1,1,7,,0.0,0.0
201500056760,4,1,15,17,1,971,122,2,1,1,3,rue Gambetta,0.0,0.0
201500056761,29,4,15,19,5,971,102,2,3,1,3,rue vital borifax,0.0,0.0
201500056762,3,8,15,12,1,971,122,2,1,1,1,rue rodrigue,0.0,0.0
201500056763,8,8,15,1,3,971,102,1,1,1,6,,0.0,0.0
201500056764,6,9,15,12,1,971,119,1,1,1,6,,0.0,0.0
201500056765,20,9,15,11,1,971,119,1,1,1,3,,0.0,0.0
201500056766,30,9,15,19,5,971,119,1,1,1,1,,0.0,0.0
201500056767,29,11,15,5,2,971,122,1,1,1,2,,0.0,0.0
201500056768,4,12,15,21,5,971,119,2,1,1,6,rue evremont gêne,0.0,0.0
201500056769,27,12,15,17,1,971,102,2,1,1,7,6 rue Joseph Toni,0.0,0.0
201500056770,19,1,15,17,1,971,125,2,1,1,1,D 118,0.0,0.0
201500056771,5,2,15,23,4,971,125,1,1,1,6,,0.0,0.0
201500056772,20,2,15,17,1,971,125,1,1,1,2,,0.0,0.0
201500056773,14,3,15,19,3,971,125,1,1,1,5,,0.0,0.0
201500056774,29,7,15,17,1,971,125,2,3,1,3,RN5,0.0,0.0
201500056775,18,9,15,5,2,971,125,1,1,1,6,,0.0,0.0
201500056776,3,12,15,16,1,971,125,2,1,1,6,rue de l'égalité,0.0,0.0
201500056777,5,1,15,15,1,971,126,1,1,1,1,,0.0,0.0
201500056778,31,3,15,0,5,971,128,2,1,1,3,"RN4, DURIVAGE",0.0,0.0
201500056779,27,4,15,12,1,971,126,2,1,1,3,Castaing,0.0,0.0
201500056780,4,5,15,5,2,971,126,1,1,1,6,,0.0,0.0
201500056781,3,5,15,16,1,971,128,1,1,1,3,,0.0,0.0
201500056782,17,5,15,8,1,971,126,1,1,1,6,,0.0,0.0
201500056783,17,6,15,10,1,971,128,1,1,1,7,,0.0,0.0
201500056784,20,6,15,20,5,971,126,2,1,1,6,RN4 SECTION POIRIER,0.0,0.0
201500056785,1,7,15,19,5,971,126,1,1,1,1,,0.0,0.0
201500056786,24,7,15,22,3,971,126,1,3,1,3,,0.0,0.0
201500056787,16,8,15,19,3,971,126,1,1,1,3,,0.0,0.0
201500056788,19,9,15,11,1,971,126,2,1,1,6,Section Galbas,0.0,0.0
201500056789,11,11,15,16,1,971,128,2,1,1,3,"RN4, GALBAS",0.0,0.0
201500056790,11,11,15,16,1,971,128,2,1,1,6,"RN4, section GALBAS",0.0,0.0
201500056791,5,12,15,3,3,971,128,1,1,1,1,,0.0,0.0
201500056792,6,12,15,23,3,971,128,1,1,1,1,,0.0,0.0
201500056793,28,12,15,18,3,971,128,1,1,1,6,,0.0,0.0
201500056794,9,2,15,18,5,971,116,2,1,1,6,bosredon,0.0,0.0
201500056795,27,2,15,17,1,971,116,2,1,1,6,dubelloy,0.0,0.0
201500056796,27,2,15,15,1,971,116,2,1,1,6,RN5  GENSOLIN/MARIEULLE,0.0,0.0
201500056797,16,3,15,19,5,971,116,2,1,1,3,route nationale 5,0.0,0.0
201500056798,30,4,15,14,1,971,116,1,1,1,3,,0.0,0.0
201500056799,25,5,15,22,3,971,116,1,1,1,6,,0.0,0.0
201500056800,10,6,15,16,1,971,116,1,1,1,1,,0.0,0.0
201500056801,30,8,15,22,5,971,116,1,1,1,1,,0.0,0.0
201500056802,19,9,15,15,1,971,116,2,1,1,3,rue du moule,0.0,0.0
201500056803,10,10,15,18,3,971,116,1,1,1,1,,0.0,0.0
201500056804,29,10,15,9,1,971,116,2,1,1,6,rue du débarcédère,0.0,0.0
201500056805,8,12,15,17,4,971,116,2,1,1,3,richeval,0.0,0.0
201500056806,30,12,15,16,1,971,116,1,1,8,3,,0.0,0.0
201500056807,18,1,15,5,5,973,305,1,1,2,6,,0.0,0.0
201500056808,7,2,15,9,1,973,305,1,1,1,5,,0.0,0.0
201500056809,26,2,15,15,1,973,305,1,1,1,6,,0.0,0.0
201500056810,31,3,15,23,3,973,305,1,1,1,2,,0.0,0.0
201500056811,16,4,15,22,3,973,305,1,1,1,2,,0.0,0.0
201500056812,23,5,15,18,2,973,305,1,1,2,2,,0.0,0.0
201500056813,31,7,15,13,1,973,305,1,1,1,1,,0.0,0.0
201500056814,27,9,15,23,3,973,305,1,1,1,7,,0.0,0.0
201500056815,3,10,15,15,1,973,305,1,1,1,6,,0.0,0.0
201500056816,5,10,15,0,3,973,305,1,1,1,3,,0.0,0.0
201500056817,26,10,15,8,1,973,305,1,1,1,6,,0.0,0.0
201500056818,12,11,15,19,5,973,305,2,2,1,3,ave Pripris de Soula,0.0,0.0
201500056819,15,12,15,15,1,973,305,1,1,1,1,,0.0,0.0
201500056820,3,1,15,10,1,973,304,1,1,1,3,,0.0,0.0
201500056821,8,2,15,15,1,973,304,2,1,1,3,15 AVENUE BOIS CHAUDAT,0.0,0.0
201500056822,28,2,15,23,3,973,304,1,9,2,7,,0.0,0.0
201500056823,3,5,15,14,1,973,304,1,1,1,6,,0.0,0.0
201500056824,20,5,15,11,1,973,304,1,1,2,1,,0.0,0.0
201500056825,25,5,15,16,2,973,304,1,1,2,6,,0.0,0.0
201500056826,2,6,15,22,5,973,304,2,1,1,1,,0.0,0.0
201500056827,2,7,15,7,1,973,304,1,1,3,7,,0.0,0.0
201500056828,27,7,15,14,1,973,304,1,1,1,3,,0.0,0.0
201500056829,12,8,15,6,1,973,304,1,1,1,3,,0.0,0.0
201500056830,5,9,15,14,1,973,304,2,3,1,3,rue du maroni,0.0,0.0
201500056831,22,3,15,1,5,973,312,2,3,1,3,Cit? du stade,0.0,0.0
201500056832,19,5,15,16,2,973,312,2,1,3,6,RN1,0.0,0.0
201500056833,13,9,15,18,2,973,312,2,1,1,2,Albert anthony,0.0,0.0
201500056834,14,5,15,13,1,973,303,1,1,1,7,,0.0,0.0
201500056835,8,6,15,7,1,973,303,1,1,1,7,,0.0,0.0
201500056836,15,7,15,17,1,973,303,1,1,1,7,,0.0,0.0
201500056837,4,12,15,6,1,973,303,1,1,1,7,,0.0,0.0
201500056838,2,10,15,16,5,973,308,1,1,1,1,,0.0,0.0
201500056839,9,8,15,15,1,973,310,1,1,3,7,,0.0,0.0
201500056840,19,11,15,20,3,973,310,2,1,1,6,Avenue Félix Eboué - RD6,0.0,0.0
201500056841,1,1,15,21,3,973,311,1,1,1,6,,0.0,0.0
201500056842,11,1,15,21,5,973,311,2,1,2,6,ROUTE DE ST MAURICE,0.0,0.0
201500056843,21,1,15,9,1,973,311,1,1,1,7,,0.0,0.0
201500056844,6,2,15,8,1,973,311,2,1,1,3,RN 1 PK 1 trou cochon,0.0,0.0
201500056845,8,3,15,9,1,973,311,1,1,1,3,,0.0,0.0
201500056846,21,3,15,17,1,973,311,1,1,1,7,,504000.0,5403801.0
201500056847,11,4,15,19,5,973,311,2,1,1,6,rue Lt Colonel Tourtet,0.0,0.0
201500056848,12,4,15,21,3,973,311,1,1,1,7,,0.0,0.0
201500056849,18,4,15,16,1,973,311,2,1,1,1,Avenue G. Monnerville,0.0,0.0
201500056850,26,4,15,6,1,973,311,1,1,1,6,,0.0,0.0
201500056851,24,5,15,18,1,973,311,2,1,1,2,avenue Joseph Symphorien,0.0,0.0
201500056852,10,6,15,12,1,973,311,1,1,1,3,,0.0,0.0
201500056853,16,6,15,19,5,973,311,2,1,9,1,avenue christophe colomb,0.0,0.0
201500056854,11,8,15,10,1,973,311,1,1,1,1,,0.0,0.0
201500056855,28,8,15,1,5,973,311,2,1,1,3,avenue Christophe Colomb,0.0,0.0
201500056856,13,10,15,22,3,973,311,1,1,1,1,,0.0,0.0
201500056857,17,10,15,5,2,973,311,2,1,1,7,rue Jean de la Fontaine,0.0,0.0
201500056858,14,11,15,11,1,973,311,2,1,1,3,bld du gl de gaulle,0.0,0.0
201500056859,20,11,15,21,5,973,311,2,1,1,3,rue Lt-Colonel Tourtet,0.0,0.0
201500056860,26,11,15,9,1,973,311,2,1,1,7,Rue Jean de la fontaine,0.0,0.0
201500056861,5,12,15,20,3,973,311,1,1,1,2,,0.0,0.0
201500056862,21,12,15,14,1,973,311,2,1,1,6,avenue de la marne,0.0,0.0
201500056863,25,12,15,20,5,973,311,1,1,1,6,,0.0,0.0
201500056864,22,2,15,16,1,973,306,1,1,1,2,,0.0,0.0
201500056865,18,5,15,16,1,973,306,1,1,1,6,,0.0,0.0
201500056866,25,6,15,20,3,973,306,1,1,1,7,,0.0,0.0
201500056867,5,7,15,12,1,973,361,1,1,1,7,,0.0,0.0
201500056868,25,1,15,2,5,974,408,2,1,1,6,rue LECONTE DELISLE,0.0,0.0
201500056869,29,1,15,7,1,974,408,2,1,7,6,Rue de La Palestine,2096279.0,5532711.0
201500056870,7,2,15,20,5,974,408,2,1,1,3,Rue Leconte de Lisle,0.0,0.0
201500056871,20,2,15,19,3,974,408,1,1,1,2,,0.0,0.0
201500056872,12,3,15,6,1,974,408,2,9,1,3,RD 41,0.0,0.0
201500056873,20,3,15,6,1,974,408,2,1,1,6,Rue Karl Marx,2095434.0,5533959.0
201500056874,17,4,15,13,1,974,408,2,1,1,1,rue rené maillot,2096343.0,5532742.0
201500056875,7,6,15,13,1,974,408,2,1,1,1,Rue Jean Albany,2096209.0,5533442.0
201500056876,14,6,15,4,3,974,408,1,1,2,1,,0.0,0.0
201500056877,8,7,15,19,3,974,408,1,9,1,6,,2092746.0,5533266.0
201500056878,26,7,15,18,3,974,408,1,1,1,6,,0.0,0.0
201500056879,24,8,15,7,1,974,408,2,1,1,5,avenue de la palestine,2096142.0,5532538.0
201500056880,16,10,15,16,1,974,408,1,1,1,3,,0.0,0.0
201500056881,31,10,15,16,1,974,408,2,1,1,6,3 RUE MARC CHAGALL,2095650.0,5533293.0
201500056882,8,12,15,22,5,974,408,2,1,1,1,15 rue Pablo Néruda,2094545.0,5533397.0
201500056883,17,1,15,16,1,974,418,1,1,2,3,,0.0,0.0
201500056884,26,1,15,17,1,974,418,2,3,1,1,Rue Mozart,2089714.0,5556664.0
201500056885,27,1,15,7,1,974,418,1,6,1,3,,2091110.0,5551791.0
201500056886,26,2,15,20,5,974,418,2,1,1,2,9 rue de la r?publique,2089742.0,5554883.0
201500056887,24,4,15,21,5,974,420,1,1,1,6,,2091309.0,5561349.0
201500056888,16,5,15,8,1,974,418,1,1,1,7,,2094461.0,5552128.0
201500056889,20,5,15,11,1,974,418,2,1,1,6,117 RUE LUC DONAT,2092638.0,5551972.0
201500056890,27,5,15,22,5,974,418,1,1,1,1,,2089915.0,5552231.0
201500056891,29,5,15,7,1,974,418,2,1,1,6,rue vidot,2092200.0,5551901.0
201500056892,22,5,15,14,1,974,418,1,1,1,1,,0.0,0.0
201500056893,29,5,15,7,1,974,418,2,1,1,6,rue vidot,2092200.0,5551901.0
201500056894,7,6,15,23,3,974,418,1,1,1,1,,2093794.0,5553380.0
201500056895,12,6,15,17,2,974,418,2,1,1,1,Rue Héléne Boucher,0.0,0.0
201500056896,15,6,15,18,1,974,418,1,1,1,6,,0.0,0.0
201500056897,22,6,15,9,1,974,418,1,1,1,3,,0.0,0.0
201500056898,30,10,15,8,1,974,418,1,1,1,1,,2092157.0,5551975.0
201500056899,23,2,15,8,1,974,410,1,1,2,5,,2103984.0,5571008.0
201500056900,25,4,15,20,5,974,410,1,1,1,3,,0.0,0.0
201500056901,2,6,15,18,5,974,410,1,1,1,6,,2104763.0,5571713.0
201500056902,27,6,15,10,1,974,410,2,1,1,3,quartuier Bras-Fusil,0.0,0.0
201500056903,27,6,15,19,5,974,410,2,1,1,3,quartier ste anne,0.0,0.0
201500056904,8,7,15,14,1,974,410,1,1,1,6,,0.0,0.0
201500056905,2,8,15,8,1,974,410,1,1,1,3,,2106543.0,5570121.0
201500056906,21,8,15,16,1,974,410,1,1,1,6,,2103858.0,5571786.0
201500056907,12,11,15,11,1,974,410,2,1,1,3,RN2 sainte anne,0.0,0.0
201500056908,25,12,15,16,1,974,410,1,1,1,6,,0.0,0.0
201500056909,19,1,15,1,3,974,402,1,1,2,6,,0.0,0.0
201500056910,21,2,15,11,1,974,402,2,1,1,6,,0.0,0.0
201500056911,23,3,15,14,1,974,402,2,1,1,6,Rue Corbeille d'Or,0.0,0.0
201500056912,8,5,15,14,1,974,402,1,1,2,6,,0.0,0.0
201500056913,15,5,15,7,1,974,402,2,1,1,1,RN 2002 et rue de la Gie,2099446.0,5567566.0
201500056914,16,6,15,17,1,974,402,2,1,7,6,,0.0,0.0
201500056915,8,8,15,18,5,974,402,2,1,2,6,RN2002 Centre Ville,2099591.0,5567861.0
201500056916,16,9,15,7,1,974,402,1,1,1,6,,2100413.0,5569369.0
201500056917,15,5,15,17,2,974,419,1,1,2,3,,2120000.0,5579999.0
201500056918,11,7,15,18,3,974,419,1,1,1,6,,0.0,0.0
201500056919,19,9,15,20,3,974,421,1,1,2,6,,0.0,0.0
201500056920,25,11,15,14,1,974,421,1,1,1,6,,2102500.0,5551799.0
201500056921,2,1,15,12,1,974,406,1,1,1,6,,0.0,0.0
201500056922,16,11,15,16,1,974,406,1,1,1,1,,0.0,0.0
201500056923,14,2,15,17,3,974,415,1,1,1,2,,0.0,0.0
201500056924,1,4,15,12,1,974,415,2,1,1,6,304 rue St LOUIS,2100171.0,5528071.0
201500056925,8,4,15,17,1,974,415,2,1,1,3,RD 4 route de la Plaine,2098803.0,5529226.0
201500056926,25,4,15,18,5,974,415,2,1,1,3,de gaulle et ch. royale,2100930.0,5527615.0
201500056927,17,6,15,11,1,974,415,2,1,1,6,rue chaussée royale,0.0,0.0
201500056928,4,7,15,8,3,974,415,1,9,1,1,,0.0,0.0
201500056929,9,7,15,20,3,974,415,1,1,1,6,,0.0,0.0
201500056930,24,8,15,18,2,974,415,1,1,1,3,,0.0,0.0
201500056931,1,9,15,6,1,974,415,1,1,1,3,,2097410.0,5530317.0
201500056932,13,9,15,6,2,974,415,2,1,3,4,RN 1,0.0,0.0
201500056933,7,10,15,14,1,974,415,2,1,1,5,chaussée royale,0.0,0.0
201500056934,27,10,15,16,1,974,415,2,1,1,6,rue rhin et danube,2100951.0,5527112.0
201500056935,16,12,15,23,3,974,415,1,1,1,6,,2101675.0,5525474.0
201500056936,3,1,15,1,3,974,415,1,1,1,3,,0.0,0.0
201500056937,22,3,15,0,4,974,415,1,1,1,1,,0.0,0.0
201500056938,23,3,15,2,3,974,415,2,6,2,7,chemin BRUNIQUEL,2108355.0,5523494.0
201500056939,8,4,15,11,1,974,415,2,1,1,1,,2105492.0,5522692.0
201500056940,10,4,15,18,2,974,423,2,1,1,1,Rue du Général De Gaulle,2106071.0,5522327.0
201500056941,6,5,15,10,1,974,415,1,9,1,3,,0.0,0.0
201500056942,23,5,15,1,3,974,415,1,1,1,3,,0.0,0.0
201500056943,31,5,15,4,3,974,415,2,1,1,6,RN1A,2105800.0,5522101.0
201500056944,4,7,15,16,3,974,415,1,1,1,1,,0.0,0.0
201500056945,28,7,15,16,1,974,415,1,1,1,1,,0.0,0.0
201500056946,26,10,15,18,2,974,415,1,1,1,1,,2102000.0,5522599.0
201500056947,20,11,15,9,1,974,415,1,1,1,3,,0.0,0.0
201500056948,26,11,15,22,3,974,415,1,1,1,6,,2110500.0,5537199.0
201500056949,20,12,15,20,4,974,415,2,1,1,6,26 rue des espadons,2108300.0,5521699.0
201500056950,27,1,15,8,1,974,415,1,1,1,1,,2133995.0,5562830.0
201500056951,27,2,15,7,1,974,415,2,1,1,7,rue du relai,0.0,0.0
201500056952,17,4,15,19,3,974,415,1,1,1,1,,0.0,0.0
201500056953,8,6,15,8,1,974,415,2,1,1,6,25 chemin l'eveque,0.0,0.0
201500056954,30,6,15,19,5,974,415,2,1,2,6,Rue Néhoua,2114000.0,5527899.0
201500056955,8,7,15,20,3,974,415,1,1,1,7,,0.0,0.0
201500056956,14,7,15,20,5,974,415,1,1,1,1,,0.0,0.0
201500056957,13,8,15,23,3,974,415,1,1,1,1,,2109000.0,5544701.0
201500056958,7,1,15,21,3,974,415,1,1,1,6,,0.0,0.0
201500056959,15,4,15,17,2,974,423,1,1,8,1,,2111897.0,5529756.0
201500056960,2,9,15,8,1,974,423,1,1,1,7,,2112307.0,5526402.0
201500056961,1,10,15,17,1,974,401,2,1,1,1,D 18 36 chemin de ligne,2124119.0,5534331.0
201500056962,5,3,15,8,1,974,414,2,1,1,1,36 rue leconte de lisle,2127796.0,5541396.0
201500056963,28,7,15,11,1,974,414,2,1,1,6,rue ravenal,0.0,0.0
201500056964,17,1,15,5,1,974,424,2,1,1,6,19 route du cap,2116519.0,5548150.0
201500056965,21,1,15,19,3,974,424,2,1,1,6,chemin terre fine,2115583.0,5543597.0
201500056966,14,6,15,16,1,974,424,2,1,1,1,mare sèche,0.0,0.0
201500056967,14,6,15,17,1,974,424,1,1,1,6,,0.0,0.0
201500056968,27,12,15,7,1,974,424,1,1,1,1,,0.0,0.0
201500056969,14,4,15,6,2,974,403,1,1,1,7,,2126994.0,5546370.0
201500056970,24,5,15,18,2,974,403,2,1,1,3,rue bras long,0.0,0.0
201500056971,18,1,15,18,1,974,416,1,1,2,7,,0.0,0.0
201500056972,29,3,15,13,1,974,416,2,1,1,1,Champs de foire,2119100.0,5557401.0
201500056973,6,5,15,15,1,974,416,2,1,1,3,,0.0,0.0
201500056974,27,5,15,12,1,974,422,2,1,1,6,47 rue Alfred Picard,2120486.0,5557939.0
201500056975,4,7,15,23,3,974,422,2,1,1,6,CD 36,0.0,0.0
201500056976,9,7,15,16,1,974,422,2,1,1,6,2 chemin mussard,2122801.0,5555151.0
201500056977,19,7,15,16,1,974,422,2,1,1,1,rue Alfred PICARD,2120484.0,5558308.0
201500056978,2,8,15,8,1,974,422,1,1,8,1,,2119759.0,5564502.0
201500056979,1,8,15,19,3,974,422,2,1,1,6,92a rue des acacias,2122552.0,5553091.0
201500056980,2,8,15,8,1,974,422,1,1,3,6,,0.0,0.0
201500056981,16,8,15,15,1,974,422,2,1,1,1,rue des améthystes,2121954.0,5555581.0
201500056982,1,9,15,14,1,974,422,1,1,1,3,,2123229.0,5554328.0
201500056983,14,12,15,16,1,974,405,1,1,1,1,,2133756.0,5554834.0
201500056984,23,1,15,10,1,974,412,1,1,1,6,,2138020.0,5560748.0
201500056985,31,1,15,14,1,974,412,1,1,1,1,,2133995.0,5562830.0
201500056986,6,3,15,18,5,974,412,2,1,1,1,96 RUE LECONTE DELISLE,2137100.0,5561901.0
201500056987,26,3,15,20,3,974,405,1,1,1,3,,2135900.0,5556101.0
201500056988,1,4,15,8,5,974,412,2,1,1,6,rue Marcel Pagnol,0.0,0.0
201500056989,4,6,15,6,2,974,412,2,1,1,6,rue Charles Baudelaire,0.0,0.0
201500056990,21,6,15,22,3,974,405,1,1,1,6,,0.0,0.0
201500056991,16,9,15,13,1,974,405,2,1,1,6,40 chemin désiré,2133624.0,5556324.0
201500056992,22,9,15,6,1,974,412,2,1,1,6,Rue Charles Beaudelaire,2138180.0,5564712.0
201500056993,25,10,15,13,1,974,405,1,1,1,6,,0.0,0.0
201500056994,23,11,15,15,5,974,412,2,1,1,6,rue raphael babet,2137927.0,5562495.0
201500056995,11,12,15,10,1,974,412,2,1,1,7,chemin fleur de cannes,2136935.0,5557528.0
201500056996,13,12,15,19,3,974,412,1,1,1,7,,2133600.0,5565799.0
201500056997,27,12,15,15,1,974,405,1,1,1,1,,0.0,0.0
201500056998,8,8,15,18,2,974,417,2,1,1,6,RN2 Le Souffleur,2136824.0,5573725.0
201500056999,14,1,15,12,1,974,422,1,1,2,1,,0.0,0.0
201500057000,18,1,15,6,1,974,422,1,1,2,3,,0.0,0.0
201500057001,12,4,15,5,3,974,422,1,1,1,6,,0.0,0.0
201500057002,9,8,15,15,1,974,422,1,1,1,1,,2127411.0,5549853.0
201500057003,10,8,15,17,1,974,422,2,1,1,3,RUE MONTAIGNE,2126165.0,5549877.0
201500057004,3,9,15,17,1,974,422,2,1,1,6,RN3,2127229.0,5552471.0
201500057005,27,9,15,17,1,974,422,2,1,1,2,309 rue Leblond 97430,0.0,0.0
201500057006,6,12,15,12,1,974,422,2,1,1,1,rue d'Allemagne,2127834.0,5550444.0
201500057007,29,12,15,21,5,974,422,2,1,1,3,,0.0,0.0
201500057008,5,2,15,19,3,976,611,1,1,1,7,,0.0,0.0
201500057009,12,2,15,6,2,976,611,2,1,1,3,Pont RN 3 - Entr?e nord,0.0,0.0
201500057010,25,2,15,18,3,976,611,1,1,8,6,,0.0,0.0
201500057011,10,3,15,11,1,976,611,2,1,1,6,Rue de l'?cole primaire,0.0,0.0
201500057012,9,4,15,10,1,976,611,1,1,1,2,,0.0,0.0
201500057013,28,4,15,15,1,976,611,2,1,1,3,Rue Résidence Canellia,0.0,0.0
201500057014,23,5,15,10,1,976,611,1,1,1,1,,0.0,0.0
201500057015,20,6,15,17,1,976,607,2,1,1,1,Carrefour RN 2 / RN 3,0.0,0.0
201500057016,5,7,15,14,1,976,611,1,1,1,2,,0.0,0.0
201500057017,8,7,15,13,1,976,611,2,1,1,6,hauteur du pont,0.0,0.0
201500057018,10,8,15,11,1,976,611,1,1,1,1,,0.0,0.0
201500057019,11,12,15,18,2,976,611,1,1,1,1,,0.0,0.0
201500057020,11,12,15,18,3,976,611,1,9,2,7,,0.0,0.0
201500057021,5,1,15,20,3,976,615,2,1,1,3,Boulevard des amoureux,0.0,0.0
201500057022,9,4,15,15,1,976,615,2,1,1,6,ROUTE DE MOYA,0.0,0.0
201500057023,16,4,15,6,1,976,615,1,1,1,1,,0.0,0.0
201500057024,19,9,15,17,1,976,615,2,1,1,6,boulevard des amoureux,0.0,0.0
201500057025,8,10,15,8,1,976,615,1,1,1,1,,0.0,0.0
201500057026,2,11,15,12,1,976,615,2,1,1,6,boulevard des amoureux,0.0,0.0
201500057027,26,12,15,6,2,976,615,2,1,2,6,boulevard des crabes,0.0,0.0
201500057028,19,1,15,16,1,976,616,1,1,8,6,,0.0,0.0
201500057029,5,2,15,18,1,976,616,1,1,1,6,,0.0,0.0
201500057030,20,6,15,11,1,976,616,2,1,1,6,route moussimou,0.0,0.0
201500057031,16,6,15,20,3,976,616,1,9,1,1,,0.0,0.0
201500057032,16,6,15,18,2,976,616,2,1,1,7,CCD1 MROALE,0.0,0.0
201500057033,1,12,15,18,1,976,616,2,1,1,6,QUARTIER MKAFENI,0.0,0.0
201500057034,11,12,15,16,1,976,616,2,1,1,6,QUARTIER DOMOELI,0.0,0.0
201500057035,13,1,15,17,1,971,103,1,1,1,3,,0.0,0.0
201500057036,10,5,15,13,1,971,103,1,1,1,3,,0.0,0.0
201500057037,10,5,15,22,5,971,103,2,1,1,3,bd de la Réconciliation,0.0,0.0
201500057038,11,6,15,15,1,971,103,2,9,1,1,boulevard de houelbourg,0.0,0.0
201500057039,13,6,15,0,5,971,103,2,1,1,1,rue Pierre et marie Curi,0.0,0.0
201500057040,26,6,15,13,1,971,103,2,9,1,1,RN 2,0.0,0.0
201500057041,9,7,15,14,1,971,103,1,1,1,3,,0.0,0.0
201500057042,26,7,15,12,1,971,103,1,1,1,2,,0.0,0.0
201500057043,15,8,15,15,5,971,103,2,1,1,3,Trioncelle,0.0,0.0
201500057044,5,8,15,5,2,971,103,1,1,1,6,,0.0,0.0
201500057045,20,8,15,7,1,971,103,2,1,1,3,Bd Nelson Mandela,0.0,0.0
201500057046,30,8,15,23,5,971,103,1,1,1,2,,0.0,0.0
201500057047,14,10,15,18,5,971,103,2,1,1,6,rue Nelson Mandela,0.0,0.0
201500057048,13,11,15,16,1,971,103,2,1,1,6,boulevard du lamentin,0.0,0.0
201500057049,10,12,15,9,1,971,103,2,6,1,3,,0.0,0.0
201500057050,18,2,15,15,1,976,612,2,1,1,6,RN 1 - M'tsangadoua,0.0,0.0
201500057051,23,5,15,8,1,976,612,1,1,1,4,,0.0,0.0
201500057052,9,7,15,8,1,976,612,2,1,1,6,7 rue Madi Combo - Chemb,0.0,0.0
201500057053,24,10,15,4,5,976,612,2,9,1,6,RN 1,0.0,0.0
201500057054,7,12,15,16,1,976,612,1,1,1,7,,0.0,0.0
201500057055,14,2,15,18,3,976,604,1,1,1,1,,0.0,0.0
201500057056,29,3,15,14,1,976,604,1,1,1,1,,0.0,0.0
201500057057,28,4,15,19,3,976,604,1,1,1,1,,0.0,0.0
201500057058,1,5,15,6,1,976,604,1,1,1,3,,0.0,0.0
201500057059,17,5,15,17,1,976,604,2,1,1,6,ccd4,0.0,0.0
201500057060,6,6,15,16,1,976,603,2,1,1,7,rn3 carrefour auto-école,0.0,0.0
201500057061,29,6,15,10,1,976,604,2,1,1,6,malamani,0.0,0.0
201500057062,28,8,15,6,1,976,606,2,1,1,6,Hamouro,0.0,0.0
201500057063,19,9,15,19,3,976,606,1,1,1,1,,0.0,0.0
201500057064,21,9,15,7,1,976,606,2,1,1,1,Ngyambadao,0.0,0.0
201500057065,17,10,15,18,3,976,606,1,1,1,6,,0.0,0.0
201500057066,28,10,15,15,1,976,606,2,1,1,6,CCD 5 POROANI,0.0,0.0
201500057067,12,11,15,16,1,976,606,2,1,1,6,CCD 5 MALAMANI,0.0,0.0