Num_Acc,jour,mois,an,hr,condition_eclairage,departement,commune,condition_agglomeration,intersection,condition_atmosphere,type_collision,adresse,lattitude,longitude
201500057068,21,11,15,13,1,976,606,1,1,1,6,,0.0,0.0
201500057069,12,12,15,11,1,976,606,1,1,1,1,,0.0,0.0
201500057070,26,12,15,3,3,976,606,2,1,1,1,Nyambadao RN3,0.0,0.0
201500057071,13,3,15,12,1,973,309,1,1,1,1,,0.0,0.0
201500057072,21,3,15,20,3,973,309,2,1,1,5,RN3,0.0,0.0
201500057073,1,4,15,16,3,973,309,1,1,1,3,,0.0,0.0
201500057074,19,4,15,1,5,973,309,2,1,1,3,ROUTE DE MONTJOLY,0.0,0.0
201500057075,26,4,15,13,1,973,309,2,1,1,6,parking carrefour market,0.0,0.0
201500057076,7,5,15,19,1,973,309,2,1,1,3,route de Montjoly,0.0,0.0
201500057077,9,9,15,17,1,973,309,2,1,1,3,route de remire,0.0,0.0
201500057078,4,10,15,22,3,973,309,1,1,1,1,,0.0,0.0
201500057079,3,10,15,17,1,973,309,2,1,1,1,Rue du vieux chemin,0.0,0.0
201500057080,10,11,15,20,5,973,309,2,1,1,1,,0.0,0.0
201500057081,20,1,15,15,1,974,415,1,1,1,1,,0.0,0.0
201500057082,15,3,15,19,3,974,417,2,1,1,6,chm lallemand,0.0,0.0
201500057083,4,10,15,16,1,974,413,1,1,2,7,,2113900.0,5531699.0
201500057084,9,10,15,22,3,974,413,1,1,1,6,,2119522.0,5528504.0
201500057085,26,10,15,14,1,974,413,2,1,1,6,rue du général lambert,2118239.0,5528764.0
201500057086,28,10,15,12,1,974,413,1,1,1,2,,0.0,0.0
201500057087,26,11,15,14,1,974,413,1,1,1,6,,0.0,0.0
201500057088,17,1,15,15,1,973,307,2,2,1,3,Rue R?s?da acajou,0.0,0.0
201500057089,7,2,15,17,1,973,307,2,1,1,1,,0.0,0.0
201500057090,10,2,15,20,5,973,307,1,1,2,1,,0.0,0.0
201500057091,3,4,15,17,1,973,307,2,9,3,3,Le bourg - RN 2,0.0,0.0
201500057092,29,4,15,1,4,973,307,2,1,1,6,rue de la Distillerie,0.0,0.0
201500057093,2,5,15,21,3,973,307,1,1,1,1,,0.0,0.0
201500057094,8,5,15,3,4,973,307,1,1,1,1,,0.0,0.0
201500057095,8,5,15,21,5,973,307,2,1,1,3,rue des guaranis,0.0,0.0
201500057096,15,6,15,7,1,973,307,2,3,2,3,rue Lérol,0.0,0.0
201500057097,26,6,15,17,1,973,307,2,1,1,3,RN2/Rue Parcouri,0.0,0.0
201500057098,9,10,15,14,1,973,307,2,1,1,1,RN2 - carrefour Balata,0.0,0.0
201500057099,23,10,15,5,3,973,307,1,1,1,1,,0.0,0.0
201500057100,16,11,15,16,1,973,307,2,1,1,1,rue de la canneraie,0.0,0.0
201500057101,3,12,15,13,1,973,307,2,1,1,3,rue Patawa,0.0,0.0
201500057102,17,12,15,10,1,973,307,2,1,1,1,RD 19,0.0,0.0
201500057103,18,12,15,21,5,973,307,2,1,1,6,rue de la distillerie,0.0,0.0
201500057104,30,12,15,20,5,973,307,1,1,1,3,,0.0,0.0
201500057105,2,2,15,10,3,973,307,2,1,1,3,rue du fromager,0.0,0.0
201500057106,27,2,15,21,3,974,415,2,1,1,1,CD8 Route Hubert Delisle,2103728.0,5530754.0
201500057107,8,3,15,12,1,974,415,2,1,1,6,AV PAUL JULIUS BENARD,2102381.0,5526597.0
201500057108,30,3,15,10,1,974,415,2,1,1,6,C.D 10 Route de l'Eperon,2104472.0,5526303.0
201500057109,8,8,15,20,3,974,415,2,1,2,3,Route du théatre,2104205.0,5525361.0
201500057110,7,9,15,19,1,974,415,2,1,1,1,AVE JULIUS BENARD,2102379.0,5526604.0
201500057111,10,9,15,12,1,974,415,2,1,1,2,BARQUISSAU,2102500.0,5526805.0
201500057112,22,12,15,7,1,974,420,2,1,1,6,,0.0,0.0
201500057113,3,3,15,18,1,974,413,2,1,1,1,rue alexandre begue,0.0,0.0
201500057114,19,4,15,13,1,974,404,1,1,1,2,,2126472.0,5533791.0
201500057115,6,6,15,19,5,974,404,2,1,1,6,avenue Raymond Barre,2126355.0,5536327.0
201500057116,6,9,15,20,5,974,404,2,1,1,2,126 avenue Raymond barre,2126353.0,5536324.0
201500057117,30,10,15,8,1,974,404,2,1,1,1,Av Raymond Barre,2126896.0,5537470.0
201500057118,2,1,15,4,3,974,413,1,1,1,7,,0.0,0.0
201500057119,31,1,15,20,3,974,413,2,1,1,1,rue alexandre b?gue CD3,2096279.0,5532711.0
201500057120,8,3,15,0,3,974,413,1,1,2,6,,2115600.0,5529101.0
201500057121,10,7,15,18,4,974,413,2,1,1,6,Rue du Musée CD 11,0.0,0.0
201500057122,5,8,15,19,3,974,413,1,1,2,1,,0.0,0.0
201500057123,6,8,15,19,3,974,413,1,1,1,6,,2116411.0,5532314.0
201500057124,21,2,15,12,1,974,418,1,1,7,1,,0.0,0.0
201500057125,4,3,15,22,3,974,418,1,1,1,5,,2091495.0,5551826.0
201500057126,28,3,15,6,2,974,418,1,6,1,6,,2089678.0,5551115.0
201500057127,8,4,15,15,1,974,418,2,1,1,6,Zone commerciale Duparc,2089905.0,5551803.0
201500057128,21,4,15,12,1,974,420,1,1,1,3,,2095535.0,5561483.0
201500057129,28,6,15,11,1,974,418,1,1,1,6,,2092259.0,5556972.0
201500057130,14,9,15,13,1,974,418,2,1,7,6,,0.0,0.0
201500057131,18,10,15,3,5,974,420,2,1,1,1,Av Pierre Mendes France,2090372.0,5560233.0
201500057132,15,1,15,20,5,971,132,2,1,1,1,FOUR A CHAUX,0.0,0.0
201500057133,31,1,15,11,1,971,132,2,1,1,3,chemin de l'?tang,0.0,0.0
201500057134,21,5,15,21,5,971,109,2,1,1,1,ST Charles,0.0,0.0
201500057135,15,8,15,11,1,971,132,1,1,1,1,,0.0,0.0
201500057136,11,9,15,14,1,971,109,1,1,1,5,,0.0,0.0
201500057137,25,10,15,13,1,971,132,1,1,1,6,,0.0,0.0
201500057138,9,2,15,5,2,974,414,2,1,1,6,,0.0,0.0
201500057139,3,3,15,11,1,974,414,2,6,1,2,rue Leconte delisle,2127622.0,5541493.0
201500057140,7,3,15,20,1,974,414,1,1,1,6,,0.0,0.0
201500057141,20,3,15,16,1,974,414,1,1,1,6,,2126583.0,5543916.0
201500057142,29,6,15,17,1,974,414,1,1,1,1,,2123484.0,5534154.0
201500057143,10,7,15,15,1,974,414,2,1,1,6,rue Léonus benard,2128721.0,5541499.0
201500057144,4,10,15,9,1,974,414,1,1,1,1,,0.0,0.0
201500057145,29,9,15,15,1,974,414,1,1,1,7,,0.0,0.0
201500057146,14,10,15,21,5,974,414,2,1,1,1,118 avenue principale,2128862.0,5541072.0
201500057147,21,11,15,23,3,974,414,1,1,1,6,,2129367.0,5541464.0
201500057148,16,12,15,6,1,974,414,1,1,1,1,,2125457.0,5542689.0
201500057149,22,12,15,23,3,974,414,1,1,1,1,,0.0,0.0
201500057150,14,11,15,22,3,974,410,2,1,1,3,140 rn2 ST BENOIT,2107959.0,5574398.0
201500057151,19,1,15,15,1,972,229,2,1,1,1,PK 2+600 RN2 sens S/N,0.0,0.0
201500057152,18,2,15,9,5,972,229,2,1,1,6,60lotissement casenavire,0.0,0.0
201500057153,1,11,15,14,1,972,229,2,1,1,3,avenue anse madame,0.0,0.0
201500057154,27,11,15,22,5,972,229,2,1,8,3,RN2 - quartier Fd Lahayé,0.0,0.0
201500057155,3,12,15,11,1,972,229,2,1,1,6,rue vincent placoly,0.0,0.0
201500057156,3,2,15,18,2,972,204,1,1,1,5,,0.0,0.0
201500057157,13,3,15,21,3,972,225,1,1,1,7,,0.0,0.0
201500057158,21,5,15,17,1,972,204,1,1,1,5,,0.0,0.0
201500057159,15,2,15,22,4,972,226,2,1,1,7,,0.0,0.0
201500057160,18,2,15,19,3,972,226,1,1,1,7,,0.0,0.0
201500057161,25,2,15,21,4,972,227,2,1,1,6,D7 rue de gros raisin,0.0,0.0
201500057162,30,3,15,14,1,972,220,2,2,1,1,Bas Mangos,0.0,0.0
201500057163,3,4,15,21,3,972,217,1,1,1,1,,0.0,0.0
201500057164,16,11,15,16,1,972,217,1,1,1,4,,0.0,0.0
201500057165,15,3,15,4,3,972,210,1,1,1,1,,0.0,0.0
201500057166,5,9,15,2,3,972,210,1,1,1,6,,0.0,0.0
201500057167,15,11,15,12,1,972,232,1,1,1,2,,0.0,0.0
201500057168,18,12,15,16,1,972,210,1,1,2,1,,0.0,0.0
201500057169,24,1,15,23,5,972,221,1,1,1,5,,0.0,0.0
201500057170,28,1,15,16,1,972,206,1,1,1,3,,0.0,0.0
201500057171,14,3,15,21,3,972,221,1,1,1,5,,0.0,0.0
201500057172,20,3,15,0,3,972,221,1,1,1,6,,0.0,0.0
201500057173,27,3,15,17,1,972,206,2,6,1,6,CD7 - RP negre marron,0.0,0.0
201500057174,12,4,15,19,3,972,231,2,1,1,1,RD 7,0.0,0.0
201500057175,16,4,15,17,1,972,221,2,1,1,1,Rue joinville saint prix,0.0,0.0
201500057176,18,4,15,20,3,972,202,1,1,1,6,,0.0,0.0
201500057177,26,7,15,16,1,972,221,1,1,1,3,,0.0,0.0
201500057178,2,11,15,10,1,972,231,1,1,2,2,,0.0,0.0
201500057179,5,12,15,3,3,972,231,1,1,8,6,,0.0,0.0
201500057180,9,12,15,16,1,972,221,1,1,1,1,,0.0,0.0
201500057181,20,12,15,23,3,972,202,1,1,1,7,,0.0,0.0
201500057182,31,12,15,15,1,972,231,1,1,1,1,,0.0,0.0
201500057183,21,2,15,9,1,972,207,1,1,1,5,,0.0,0.0
201500057184,15,3,15,20,5,972,207,1,1,1,6,,0.0,0.0
201500057185,30,5,15,19,2,972,207,2,1,1,1,79 rue des gommiers,0.0,0.0
201500057186,15,10,15,18,1,972,207,2,1,1,6,Cité la MARIE,0.0,0.0
201500057187,13,2,15,16,1,972,201,1,1,1,1,,0.0,0.0
201500057188,14,2,15,2,3,972,216,1,1,1,6,,0.0,0.0
201500057189,11,5,15,14,1,972,214,1,1,1,7,,0.0,0.0
201500057190,13,6,15,22,5,972,201,1,1,1,1,,0.0,0.0
201500057191,20,6,15,2,5,972,214,2,6,1,7,"RN 1, Quartier Séguineau",0.0,0.0
201500057192,21,8,15,15,1,972,214,1,1,1,1,,0.0,0.0
201500057193,15,1,15,19,4,972,222,1,1,1,1,,0.0,0.0
201500057194,6,1,15,6,1,972,212,2,1,1,6,Quartier CROIX BLANCHE,0.0,0.0
201500057195,7,2,15,17,1,972,212,2,1,1,6,rue paul  nazaire,0.0,0.0
201500057196,26,7,15,14,1,972,212,2,1,1,1,Quartier BOIS LEZARD,0.0,0.0
201500057197,27,7,15,8,1,972,222,1,1,1,1,rue four a chaux,0.0,0.0
201500057198,1,11,15,18,3,972,222,1,1,1,1,,0.0,0.0
201500057199,15,11,15,12,1,972,222,2,1,1,6,Cité Pointe LYNCH,0.0,0.0
201500057200,20,11,15,22,5,972,222,2,1,1,6,Front de mer,0.0,0.0
201500057201,28,6,15,15,1,974,401,2,1,1,6,6 route des poivriers,2123500.0,5534899.0
201500057202,15,4,15,9,1,974,422,2,1,1,1,rue d'allemagne,2127860.0,5550489.0
201500057203,10,5,15,18,3,974,422,2,1,1,1,186 CHEMIN ISAUTIER,2126023.0,5552189.0
201500057204,20,10,15,8,3,974,422,2,9,1,6,boulevard michel debre,2126710.0,5551752.0
201500057205,9,1,15,12,1,971,105,2,1,1,6,", PAUL LACAVE (AVENUE )",0.0,0.0
201500057206,18,12,15,15,1,971,105,2,1,1,6,PAUL LACAVE (AVENUE ),0.0,0.0
201500057207,3,7,15,10,1,971,105,2,1,1,6,CHARLES DE GAULLE (BOULE,0.0,0.0
201500057208,14,1,15,10,1,971,105,2,1,1,6,BEBIAN (RUE),0.0,0.0
201500057209,3,7,15,14,1,971,105,2,1,1,6,BOLOGNE (ROUTE DE),0.0,0.0
201500057210,22,1,15,17,5,971,105,2,4,2,2,"NR, BD GERTY ARCHIMEDE",0.0,0.0
201500057211,29,9,15,7,1,971,105,2,6,1,6,LARDENOY (RUE DE ),0.0,0.0
201500057212,10,2,15,9,1,971,105,2,9,1,6,SAINT-CLAUDE (AVENUE DE),0.0,0.0
201500057213,11,10,15,6,1,971,105,1,6,1,6,UVERNEUR DU LYON (AVE),0.0,0.0
201500057214,25,2,15,17,5,971,105,2,1,1,6,"729, PAUL LACAVE (AVENUE",0.0,0.0
201500057215,16,10,15,22,5,971,105,2,1,1,6,GOUVERNEUR DU LYON (AVE),0.0,0.0
201500057216,17,10,15,22,3,971,105,1,1,1,6,"344, GOUVERNEUR DU LYON",0.0,0.0
201500057217,8,1,15,14,1,971,107,2,1,1,7,DELGRES ( BOULEVARD ),0.0,0.0
201500057218,10,4,15,18,1,971,107,1,1,1,1,FRONT DE MER ( BOULEVARD,0.0,0.0
201500057219,22,1,15,6,1,971,107,2,4,1,3,DUMANOIR ( ALLEE ),0.0,0.0
201500057220,17,4,15,16,1,971,107,2,3,1,6,FLAMBOYANTS ( ALLEE DES,0.0,0.0
201500057221,11,2,15,8,1,971,107,2,3,1,3,FLAMBOYANTS ( ALLEE DES,0.0,0.0
201500057222,5,5,15,18,1,971,107,2,1,1,2,MARQUISAT ( ROUTE DE ),0.0,0.0
201500057223,29,4,15,1,5,971,107,2,1,1,6,GRANDE RIVIERE ( RUE DE,0.0,0.0
201500057224,16,2,15,16,1,971,107,2,4,1,6,DELGRES ( BOULEVARD ),0.0,0.0
201500057225,19,2,15,22,5,971,107,2,1,2,7,PROGRES ( RUE DU ),0.0,0.0
201500057226,7,6,15,20,5,971,107,2,3,1,3,MARQUISAT ( ROUTE DE ),0.0,0.0
201500057227,20,6,15,21,5,971,107,1,3,1,3,GERMAIN ST RUF (AVENUE ),0.0,0.0
201500057228,22,3,15,15,1,971,107,2,3,1,3,LEOPOLD DORVAL ( RUE ),0.0,0.0
201500057229,4,7,15,7,1,971,107,2,9,1,6,SAINT RUFF (AVENUE),0.0,0.0
201500057230,11,7,15,12,1,971,107,2,1,1,3,DUMANOIR ( ALLEE ),0.0,0.0
201500057231,16,7,15,13,1,971,107,2,1,1,6,FLAMBOYANTS ( ALLEE DES,0.0,0.0
201500057232,23,7,15,14,1,971,107,2,2,1,3,FOCH,0.0,0.0
201500057233,14,8,15,2,5,971,107,2,1,1,6,"face au 60, DELGRES ( BO",0.0,0.0
201500057234,7,9,15,12,1,971,107,2,1,1,6,GERMAIN ST RUF (AVENUE ),0.0,0.0
201500057235,11,9,15,12,1,971,105,2,1,2,3,PAUL LACAVE ( AVENUE ),0.0,0.0
201500057236,17,9,15,6,1,971,107,2,9,1,1,DELGRES ( BOULEVARD ),0.0,0.0
201500057237,13,10,15,6,1,971,107,2,3,1,6,DELGRES ( BOULEVARD ),0.0,0.0
201500057238,28,10,15,13,1,971,107,2,1,1,1,ABBE GREGOIRE ( RUE DE L,1604447.0,6156501.0
201500057239,31,10,15,5,5,971,107,2,2,2,3,FLAMBOYANTS ( ALLEE DES,0.0,0.0
201500057240,10,12,15,13,1,971,107,2,1,1,3,FLAMBOYANTS ( ALLEE DES,0.0,0.0
201500057241,1,1,15,15,1,971,113,2,1,1,3,"4, RN4 - SECTION RIVIERA",0.0,0.0
201500057242,12,4,15,20,5,971,101,2,1,1,6,"23, MAIRIE",0.0,0.0
201500057243,9,1,15,21,5,971,113,1,1,1,6,"RD  119, ROUTE DE PERINE",0.0,0.0
201500057244,6,4,15,0,5,971,101,1,1,2,7,"1, RN1 ROCADE DE CHAUVEL",0.0,0.0
201500057245,12,4,15,13,1,971,101,2,1,1,3,"101, CHAZEAU",0.0,0.0
201500057246,20,1,15,15,1,971,120,2,1,1,6,"00, ECOLE FERNAND BONCHA",0.0,0.0
201500057247,5,4,15,14,1,971,101,2,1,1,3,"0, SECTION BESSON",0.0,0.0
201500057248,21,1,15,18,4,971,101,2,1,1,6,"RD 129, PETIT PEROU",0.0,0.0
201500057249,11,4,15,17,1,971,101,1,1,1,2,"RN1, RN1 ROCADE DE CHAUV",0.0,0.0
201500057250,12,4,15,19,2,971,101,1,1,1,3,"101, ROUTE DE CHAZEAU",0.0,0.0
201500057251,18,1,15,23,5,971,120,1,1,1,5,"RN 1, Secteur Pont de la",0.0,0.0
201500057252,17,4,15,20,5,971,101,2,1,1,6,"00, Frédéric JALTON",0.0,0.0
201500057253,26,1,15,12,1,971,101,2,1,1,2,"RN 5, HIBISCUS",0.0,0.0
201500057254,20,4,15,13,1,971,101,1,1,1,7,"00, Bd René Serge NABAJO",0.0,0.0
201500057255,23,1,15,22,5,971,101,2,1,1,1,"00, BOISRIPEAUX",0.0,0.0
201500057256,20,4,15,20,5,971,101,2,1,1,3,"103, CHAUVEL",0.0,0.0
201500057257,28,1,15,17,1,971,101,2,1,1,6,"00, VIEUX BOURG (RESIDEN",0.0,0.0
201500057258,21,4,15,9,1,971,120,2,1,1,7,DUPLESSIS,0.0,0.0
201500057259,1,2,15,23,5,971,101,2,1,1,6,"05, RN05",0.0,0.0
201500057260,2,2,15,17,1,971,101,2,1,1,1,"00, DOTHEMARE",0.0,0.0
201500057261,23,4,15,11,1,971,101,2,1,1,3,"00, PETIT PEROU",0.0,0.0
201500057262,11,2,15,17,1,971,101,2,9,7,6,"103, RICOU (CENTRE HOSPI",0.0,0.0
201500057263,16,2,15,10,1,971,120,2,1,1,6,"00, BD LEGITIMUS",0.0,0.0
201500057264,27,4,15,17,1,971,101,2,1,1,6,"101, BOULEVARD DES HEROS",0.0,0.0
201500057265,17,2,15,1,3,971,113,1,1,1,2,"4, Morne Salines",0.0,0.0
201500057266,30,4,15,6,1,971,101,2,9,1,6,"00, GOYAVIERS (RESIDENCE",0.0,0.0
201500057267,16,2,15,12,1,971,120,2,1,1,6,"103, CHANZY (BOULEVARD)",0.0,0.0
201500057268,25,2,15,22,5,971,101,2,1,1,6,"5, RN05",0.0,0.0
201500057269,3,5,15,22,1,971,101,1,1,1,1,CHAUVEL,0.0,0.0
201500057270,27,2,15,13,1,971,113,1,1,1,4,"4, GRAND BAIE ( RN4)",0.0,0.0
201500057271,8,5,15,15,1,971,101,2,1,1,7,"101, CHAUVEL",0.0,0.0
201500057272,28,2,15,10,1,971,101,2,1,1,3,"103, CHAUVEL",0.0,0.0
201500057273,11,5,15,8,1,971,113,1,1,1,3,"4, SECTEUR DAMPIERRE",0.0,0.0
201500057274,6,3,15,22,5,971,101,2,1,1,5,"5, RN05",0.0,0.0
201500057275,22,5,15,17,1,971,101,2,3,1,5,"RD, CHAUVEL",0.0,0.0
201500057276,5,3,15,9,1,971,120,2,1,1,6,"113, NOZIERES",0.0,0.0
201500057277,22,5,15,23,3,971,120,2,1,1,3,"RD, CARENAGE",0.0,0.0
201500057278,10,3,15,17,2,971,113,2,2,1,1,"4, SECTION DUNOYER",0.0,0.0
201500057279,25,5,15,19,5,971,113,2,1,1,7,"4, SECTION MARE-GAILLARD",0.0,0.0
201500057280,10,3,15,12,1,971,113,1,1,1,6,"1369, SECTION LEROUX",0.0,0.0
201500057281,26,5,15,20,5,971,113,2,1,1,3,"00, SECTION MARE-GAILLAR",0.0,0.0
201500057282,13,3,15,9,1,971,101,1,9,1,6,"5, PERRIN",0.0,0.0
201500057283,26,5,15,19,5,971,101,2,1,1,2,"RUE, RUE JEAN  IGNACE",0.0,0.0
201500057284,17,3,15,17,2,971,113,1,3,1,3,"4, SECTEUR DAMPIERRE",0.0,0.0
201500057285,21,3,15,22,4,971,113,1,1,1,3,"4, Morne Salines",0.0,0.0
201500057286,20,3,15,2,5,971,101,2,1,1,7,"00, NEREE",0.0,0.0
201500057287,31,5,15,2,5,971,113,2,1,1,5,"4, SECTION MARE-GAILLARD",0.0,0.0
201500057288,24,3,15,7,1,971,113,1,1,1,6,"00, SECTEUR GRAND BOIS",0.0,0.0
201500057289,12,6,15,22,5,971,101,1,3,1,1,"00, ROUTE DE CHAZEAU",0.0,0.0
201500057290,28,3,15,2,5,971,120,2,1,1,6,"4, MARINA (ZONE COMMERCI",0.0,0.0
201500057291,13,6,15,3,3,971,113,1,1,1,6,"4, Morne Salines",0.0,0.0
201500057292,29,3,15,21,5,971,101,1,1,1,6,"00, DESRAVINIERES",0.0,0.0
201500057293,16,6,15,20,4,971,101,2,6,1,2,"5, RN5-BOISRIPEAUX",0.0,0.0
201500057294,30,3,15,11,1,971,101,2,6,1,3,"5, HIBISCUS",0.0,0.0
201500057295,16,6,15,11,1,971,120,2,1,1,6,"00, BD LEGITIMUS",0.0,0.0
201500057296,30,3,15,18,5,971,101,2,1,2,3,"102, PROVIDENCE",0.0,0.0
201500057297,17,6,15,13,1,971,101,1,1,1,7,BOZON,0.0,0.0
201500057298,20,6,15,3,5,971,101,1,1,1,1,"101, ROUTE DE BOISVINS",0.0,0.0
201500057299,26,6,15,22,5,971,101,2,1,1,2,"RN5, Frédéric JALTON",0.0,0.0
201500057300,4,7,15,0,5,971,101,1,1,1,4,"RD129, DUGAZON",0.0,0.0
201500057301,9,7,15,8,1,971,101,1,1,1,3,"4, BESSON",0.0,0.0
201500057302,15,7,15,1,3,971,101,1,1,2,7,"00, BOZON",0.0,0.0
201500057303,21,3,15,14,1,971,101,2,4,1,3,"5, RN05",0.0,0.0
201500057304,17,7,15,14,1,971,113,1,1,1,3,"RD, SECTION MOREAU",0.0,0.0
201500057305,21,7,15,20,5,971,113,1,1,1,2,"RN4, RN4 - SECTION RIVIE",0.0,0.0
201500057306,24,7,15,21,3,971,101,1,1,1,7,"RN5, RN05",0.0,0.0
201500057307,25,7,15,14,1,971,101,1,1,1,5,"00, BAZIN",0.0,0.0
201500057308,28,7,15,23,5,971,101,1,1,1,7,"RN1, GRAND CAMP(SECTION)",0.0,0.0
201500057309,27,7,15,16,1,971,113,1,1,1,3,"RN4, RN4 - SECTION RIVIE",0.0,0.0
201500057310,30,7,15,19,5,971,113,1,1,1,3,"RN4, SECTION PLIANE",0.0,0.0
201500057311,31,7,15,21,5,971,113,2,1,1,3,"RN4, RN4 - SECTION RIVIE",0.0,0.0
201500057312,1,8,15,19,5,971,113,2,1,1,6,"RD, SECTION COCOYER",0.0,0.0
201500057313,3,8,15,22,3,971,101,2,1,1,1,"RD129, ROUTE DE BOISVINS",0.0,0.0
201500057314,5,8,15,13,1,971,120,1,6,1,2,"BLD, GERTY ARCHIMEDE (RE",0.0,0.0
201500057315,8,8,15,13,1,971,101,2,6,1,6,"00, ROND POINT IGNACE",0.0,0.0
201500057316,16,8,15,21,3,971,113,2,3,3,3,"N4, PETIT HAVRE (SECTEU",0.0,0.0
201500057317,28,8,15,8,1,971,131,2,1,1,3,"N4, Morne Salines",0.0,0.0
201500057318,29,8,15,3,4,971,131,2,1,2,3,"N4, GRAND BAIE ( RN4)",0.0,0.0
201500057319,10,9,15,18,5,971,113,1,1,1,2,"RN4, GRAND BAIE ( RN4)",0.0,0.0
201500057320,11,9,15,7,1,971,120,2,3,2,3,"RN4, RN4 - SECTION RIVIE",0.0,0.0
201500057321,21,9,15,14,1,971,113,1,1,1,3,"RN4, Morne Salines",0.0,0.0
201500057322,20,9,15,17,1,971,113,1,1,1,5,"RN4, RN4 - SECTION RIVIE",0.0,0.0
201500057323,17,9,15,10,1,971,110,1,1,4,1,"3RD, PERRIN",0.0,0.0
201500057324,28,9,15,14,1,971,110,1,1,1,6,"6RD, BESSON",0.0,0.0
201500057325,29,9,15,7,1,971,120,1,9,1,1,"00, PALAIS ROYAL",0.0,0.0
201500057326,29,9,15,19,5,971,120,2,1,1,6,"6RD, BD LEGITIMUS",0.0,0.0
201500057327,2,10,15,13,1,971,101,1,3,1,3,"00, PAGES",0.0,0.0
201500057328,20,10,15,22,5,971,101,2,1,1,3,"00, JEAN  IGNACE (RUE)",0.0,0.0
201500057329,30,10,15,17,2,971,101,2,1,1,6,"00, Bd René Serge NABAJO",0.0,0.0
201500057330,4,11,15,11,1,971,113,1,1,1,1,"00, SECTION LABROUSSE",0.0,0.0
201500057331,11,11,15,14,1,971,101,1,1,1,3,"RN1, RN1 ROCADE DE CHAUV",0.0,0.0
201500057332,13,11,15,13,1,971,113,2,3,1,3,"78, GENERAL DE GAULLE (A",0.0,0.0
201500057333,13,11,15,13,1,971,101,1,1,1,6,ROUTE DE BOISVINS,0.0,0.0
201500057334,16,11,15,13,1,971,113,1,1,1,3,"761, Section Port Blanc",0.0,0.0
201500057335,30,10,15,10,1,971,113,1,1,1,3,"1656, RN4 - SECTION RIVI",0.0,0.0
201500057336,21,11,15,1,5,971,101,2,1,1,6,"RD, VIEUX BOURG",0.0,0.0
201500057337,21,11,15,2,3,971,101,1,1,1,7,"RN11, AEROPORT POLE CARA",0.0,0.0
201500057338,25,11,15,12,1,971,120,2,1,1,6,"00, HOPITAL (BOULEVARD D",0.0,0.0
201500057339,27,11,15,21,5,971,101,2,1,2,1,"00, JEAN  IGNACE (RUE)",0.0,0.0
201500057340,28,11,15,11,1,971,113,1,1,1,1,"177, GRAND BOIS (SECTEUR",0.0,0.0
201500057341,28,11,15,3,5,971,113,2,1,1,7,"RN4, RN4 - SECTION RIVIE",0.0,0.0
201500057342,6,12,15,18,5,971,113,2,1,1,3,"217, SECTION MARE-GAILLA",0.0,0.0
201500057343,10,12,15,8,1,971,120,2,1,1,6,"00, HINCELIN",0.0,0.0
201500057344,13,12,15,20,3,971,113,2,1,1,6,"RN4, SECTION MARE-GAILLA",0.0,0.0
201500057345,11,12,15,11,1,971,113,1,1,1,1,"RN4, RN4 - SECTION RIVIE",1613068.0,6130054.0
201500057346,18,12,15,7,1,971,101,1,1,1,7,ROUTE DE BOULIQUI,1615242.0,6127148.0
201500057347,18,12,15,15,1,971,113,1,1,1,3,"RN4, RN4 - SECTION RIVIE",0.0,0.0
201500057348,20,12,15,14,1,971,101,1,1,1,7,"RN5, RN05",0.0,0.0
201500057349,18,12,15,18,3,971,110,1,1,1,6,"6RN5, Frric JALTON",0.0,0.0
201500057350,12,12,15,15,1,971,111,2,2,3,1,"3RD, BEAUMANOIR (SECTEUR",0.0,0.0
201500057351,25,12,15,5,2,971,113,1,1,1,7,"RN4, RN4 - SECTION RIVIE",0.0,0.0
201500057352,25,12,15,15,1,971,113,1,1,2,7,Chemin de la BOUAYE,0.0,0.0
201500057353,26,12,15,19,5,971,113,1,3,1,3,"RN, SECTION GRANDE RAVIN",0.0,0.0
201500057354,18,12,15,12,1,971,101,2,1,1,2,"00, LYCEE DE BAIMBRIDGE",0.0,0.0
201500057355,25,12,15,19,1,971,101,1,1,1,1,"00, DUGAZON",0.0,0.0
201500057356,29,12,15,2,3,971,101,1,1,1,3,"RN5, RN05",0.0,0.0
201500057357,1,12,15,23,5,972,209,1,1,1,1,"3, RAVINE VILAINE (CHEMI",1463084.0,6105981.0
201500057358,2,1,15,13,1,972,209,2,1,1,3,"3, REDOUTE (ROUTE DE LA)",0.0,0.0
201500057359,4,4,15,19,5,972,209,1,1,1,7,"47, RAVINE VILAINE (CHEM",0.0,0.0
201500057360,5,4,15,21,3,972,209,2,1,1,3,"59, VICTOR LAMON (AVENUE",0.0,0.0
201500057361,4,12,15,10,1,972,209,2,1,1,6,"2, MARNE (BOULEVARD DE L",1460478.0,6108828.0
201500057362,5,4,15,4,5,972,209,2,1,1,2,"40, SOLEIL LEVANT (BOULE",0.0,0.0
201500057363,6,12,15,15,1,972,209,1,1,1,1,"2, BALATA (ROUTE DE)",1467236.0,6109016.0
201500057364,4,1,15,13,1,972,209,2,1,1,7,"Comm, BOLIVAR (RUE)",0.0,0.0