Num_Acc,jour,mois,an,hr,condition_eclairage,departement,commune,condition_agglomeration,intersection,condition_atmosphere,type_collision,adresse,lattitude,longitude
201500057365,11,4,15,5,2,972,209,1,1,1,7,"1, AUTOROUTE (A1)",0.0,0.0
201500057366,11,12,15,13,1,972,209,1,1,1,1,"2, BALATA (ROUTE DE)",1462478.0,6107241.0
201500057367,11,4,15,13,1,972,209,2,1,1,6,"Comm, LOUIS DOMERGUE (AV",0.0,0.0
201500057368,13,12,15,18,2,972,209,1,1,1,1,"3, MOUTTE (ROUTE DE)",1462291.0,6105187.0
201500057369,12,4,15,7,1,972,209,2,1,1,6,"13, CHATEAUBOEUF (ROUTE",0.0,0.0
201500057370,15,12,15,15,1,972,209,2,1,1,6,"3, PROFESSEUR RAYMOND GA",0.0,0.0
201500057371,17,4,15,8,1,972,209,2,1,1,6,"VC, ALLEGRE (BOULEVARD)",1460724.0,6107285.0
201500057372,15,12,15,8,1,972,209,1,1,1,6,"3, MOUTTE (ROUTE DE)",1462636.0,6104962.0
201500057373,8,1,15,11,1,972,209,2,2,1,3,"1, GENERAL DE GAULLE (BL",0.0,0.0
201500057374,18,4,15,20,5,972,209,2,1,8,6,"3, BALATA (ROUTE DE)",1462085.0,6107114.0
201500057375,29,12,15,16,1,972,209,1,1,1,1,"2, BALATA (ROUTE DE)",1468659.0,6108511.0
201500057376,12,1,15,1,5,972,209,2,1,1,7,"1, GENERAL DE GAULLE (BL",0.0,0.0
201500057377,23,4,15,15,1,972,209,2,3,1,6,"1, GENERAL DE GAULLE (BL",0.0,0.0
201500057378,12,1,15,18,5,972,209,2,1,1,6,"Comm, GARNIER PAGES (RUE",0.0,0.0
201500057379,24,4,15,6,1,972,209,2,1,8,6,"1, GENERAL DE GAULLE (BL",0.0,0.0
201500057380,25,4,15,9,1,972,209,2,1,1,6,"Comm, FRANCOIS ARAGO (RU",1460701.0,6107242.0
201500057381,25,4,15,14,1,972,209,1,1,1,6,"C, BALATA (ROUTE DE)",1465322.0,6108647.0
201500057382,25,4,15,13,1,972,209,2,1,1,7,BALATA (ROUTE DE),0.0,0.0
201500057383,16,1,15,7,1,972,209,2,1,1,7,"1, GENERAL DE GAULLE (BL",0.0,0.0
201500057384,27,4,15,13,1,972,209,2,1,1,6,"Comm, LAMARTINE (RUE)",0.0,0.0
201500057385,17,1,15,16,1,972,209,1,1,8,7,"Comm, BELVEDERE (CHEMIN",0.0,0.0
201500057386,5,5,15,7,1,972,209,2,1,1,6,"2, MAURICE BISHOP (AVENU",0.0,0.0
201500057387,18,1,15,16,1,972,209,2,1,1,6,"Comm, KERLYS (RUE DE )",0.0,0.0
201500057388,5,5,15,10,1,972,209,2,1,1,7,"3, RD 41 (ROCADE)",1461643.0,6105632.0
201500057389,8,5,15,4,5,972,209,2,1,8,1,"2, MAURICE BISHOP (AVENU",1461387.0,6105124.0
201500057390,10,5,15,0,5,972,209,2,1,1,1,"4, EDOUARD JEANNE (RUE)",1460066.0,6105611.0
201500057391,12,5,15,0,5,972,209,2,2,1,3,"2, SOLEIL LEVANT (BOULEV",1462725.0,6104012.0
201500057392,23,1,15,8,1,972,209,2,1,1,6,"42, CHEVALIER DE SAINTE-",0.0,0.0
201500057393,15,5,15,21,5,972,209,2,2,1,3,"4, ANTOINE VITEZ (AVENUE",1460811.0,6104979.0
201500057394,23,1,15,20,5,972,209,1,1,1,3,"1, AUTOROUTE (A1)",0.0,0.0
201500057395,26,5,15,17,1,972,209,1,1,1,2,"2, BALATA (ROUTE DE)",0.0,0.0
201500057396,24,1,15,6,1,972,209,2,1,1,6,"1, MAURICE BISHOP (AVENU",0.0,0.0
201500057397,27,5,15,10,1,972,209,1,1,1,6,"3, VIEUX CHEMIN (RUE DU)",1461007.0,6107182.0
201500057398,25,1,15,7,1,972,209,2,1,1,6,"1, JEAN JAURES (AVENUE)",0.0,0.0
201500057399,28,5,15,11,1,972,209,2,1,1,6,"1, FRANCOIS MITTERAND (B",1460340.0,6106184.0
201500057400,6,6,15,4,5,972,209,2,1,1,7,"2, GENERAL DE GAULLE (BL",1460636.0,6106653.0
201500057401,26,1,15,15,1,972,209,2,2,1,3,"Comm, ROCADE (RUE DE LA)",0.0,0.0
201500057402,6,6,15,21,5,972,209,2,1,1,6,"4, DESENCLAVEMENT (RUE D",1460426.0,6106401.0
201500057403,27,1,15,6,1,972,209,2,1,1,6,"1, GENERAL DE GAULLE (BL",0.0,0.0
201500057404,7,6,15,10,1,972,209,2,1,1,6,"2, MAURICE BISHOP (AVENU",1461030.0,6105481.0
201500057405,13,6,15,10,1,972,209,2,1,1,3,"2, GENERAL DE GAULLE (BL",1460613.0,6106575.0
201500057406,28,1,15,7,1,972,209,2,1,1,6,"13, CHATEAUBOEUF (ROUTE",0.0,0.0
201500057407,19,6,15,12,1,972,209,2,1,1,6,"3, CHATEAUBOEUF (ROUTE D",1461633.0,6104975.0
201500057408,20,6,15,0,3,972,209,2,1,1,7,"3, RD 41 (ROCADE)",1461177.0,6107895.0
201500057409,30,1,15,17,1,972,209,2,1,1,6,"4, REDOUTE (ROUTE DE LA)",0.0,0.0
201500057410,20,6,15,11,1,972,209,2,1,1,1,"3, BEAUSEJOUR JAMBETTE (",1463898.0,6104099.0
201500057411,21,6,15,8,1,972,209,2,3,1,3,"3, YVES GOUSSARD (RUE)",1460846.0,6106851.0
201500057412,22,6,15,12,1,972,209,2,1,1,6,"4, CORIDON (AVENUE DE)",1462290.0,6105884.0
201500057413,24,6,15,13,1,972,209,2,1,1,6,"3, RD 41 (ROCADE)",1461347.0,6107038.0
201500057414,1,2,15,21,5,972,209,2,1,1,1,"48, MOUTTE (ROUTE DE)",0.0,0.0
201500057415,27,6,15,19,3,972,209,1,1,1,1,"2, BALATA (ROUTE DE)",1465572.0,6108578.0
201500057416,5,7,15,6,1,972,209,2,1,1,5,"1, AUTOROUTE (A1)",1461454.0,6104981.0
201500057417,5,7,15,13,1,972,209,1,1,1,7,"1, AUTOROUTE (A1)",1461798.0,6103975.0
201500057418,5,7,15,21,5,972,209,2,1,1,2,"2, RN9",0.0,0.0
201500057419,6,2,15,7,1,972,209,2,3,1,3,"4, REDOUTE (ROUTE DE LA)",0.0,0.0
201500057420,10,7,15,12,1,972,209,2,1,1,6,"3, BOUILLE (RUE)",1460505.0,6106434.0
201500057421,14,7,15,23,3,972,209,2,1,1,1,"2, MAURICE BISHOP (AVENU",1461177.0,6105365.0
201500057422,21,7,15,19,5,972,209,1,1,1,6,"2, BALATA (ROUTE DE)",1462883.0,6107226.0
201500057423,25,7,15,5,1,972,209,2,1,1,7,"4, SARAH BERKMAN",1461033.0,6104491.0
201500057424,1,8,15,5,1,972,209,1,1,1,7,"1, AUTOROUTE (A1)",1461822.0,6103425.0
201500057425,7,8,15,22,5,972,209,1,1,1,6,"1, AUTOROUTE (A1)",0.0,0.0
201500057426,9,8,15,9,1,972,209,2,6,1,1,"2, RN9",0.0,0.0
201500057427,8,2,15,22,5,972,209,2,2,1,3,"Comm, ANATOLE FRANCE (RU",0.0,0.0
201500057428,11,8,15,12,1,972,209,1,1,1,6,"1, AUTOROUTE (A1)",0.0,0.0
201500057429,10,2,15,16,1,972,209,1,1,1,6,"3, BALATA (ROUTE DE)",0.0,0.0
201500057430,14,8,15,16,1,972,209,2,3,1,3,"2, MAURICE BISHOP (AVENU",0.0,0.0
201500057431,11,2,15,10,1,972,209,2,1,1,6,"1, GENERAL DE GAULLE (BL",0.0,0.0
201500057432,17,8,15,11,1,972,209,2,3,1,1,"2, MAURICE BISHOP (AVENU",0.0,0.0
201500057433,11,2,15,14,1,972,209,2,1,1,6,"48, RELIGIEUSES (ROUTE D",0.0,0.0
201500057434,21,8,15,19,5,972,209,2,1,1,6,"4, ESCALADE (RUE DE L')",0.0,0.0
201500057435,12,2,15,21,5,972,209,2,1,1,6,"1, MAURICE BISHOP (AVENU",0.0,0.0
201500057436,29,8,15,20,5,972,209,2,1,1,3,"3, ABBE LAVIGNE (AVENUE)",0.0,0.0
201500057437,8,9,15,7,1,972,209,1,1,1,6,"2, BALATA (ROUTE DE)",1462150.0,6107157.0
201500057438,13,9,15,17,1,972,209,1,1,1,6,"4, TIVOLI (ROUTE DE )",1463583.0,6107139.0
201500057439,15,2,15,21,5,972,209,1,1,1,6,"Comm, FERNAND GABOLY (RU",0.0,0.0
201500057440,13,9,15,22,3,972,209,2,1,8,7,"3, RD 41 (ROCADE)",0.0,0.0
201500057441,15,9,15,12,1,972,209,2,1,1,1,"2, ROBERT ATTULY (BOULEV",1460359.0,6107442.0
201500057442,16,9,15,19,5,972,209,2,1,1,6,"3, JAMBETTE (ROUTE DE)",1463091.0,6104224.0
201500057443,23,9,15,8,1,972,209,1,1,1,6,MOUTTE (ROUTE DE),1463096.0,6104807.0
201500057444,24,9,15,17,1,972,209,2,1,1,1,"2, GENERAL DE GAULLE (BL",0.0,0.0
201500057445,18,2,15,18,5,972,209,2,1,1,7,"41, RD 41",0.0,0.0
201500057446,28,9,15,15,1,972,209,2,1,1,6,"4, ISAMBERT (RUE)",0.0,0.0
201500057447,27,2,15,15,1,972,209,2,1,1,6,"1, MAURICE BISHOP (AVENU",0.0,0.0
201500057448,4,10,15,16,1,972,209,2,1,1,6,"4, GRAND CARAIBE (RUE DU",1460227.0,6107586.0
201500057449,7,10,15,12,1,972,209,2,3,1,6,"4, RAOUL FOLLEREAU (AVEN",1461183.0,6104526.0
201500057450,10,10,15,13,1,972,209,2,1,1,6,"4, ALICE OZIER-LAFONTAIN",0.0,0.0
201500057451,10,10,15,6,1,972,209,2,1,1,1,"2, MAURICE BISHOP (AVENU",0.0,0.0
201500057452,13,10,15,17,1,972,209,2,3,1,3,"3, PROFESSEUR RAYMOND GA",0.0,0.0
201500057453,8,3,15,20,5,972,209,1,1,8,1,"3, BALATA (ROUTE DE)",0.0,0.0
201500057454,17,10,15,16,1,972,209,2,1,1,6,"comm, LEOPOLD BISSOL (BO",1461515.0,6107242.0
201500057455,10,3,15,7,1,972,209,2,1,1,6,"Comm, POINTE SIMON (RUE",0.0,0.0
201500057456,29,10,15,7,1,972,209,2,1,1,6,"3, CHATEAUBOEUF (ROUTE D",1461644.0,6104952.0
201500057457,4,11,15,19,5,972,209,1,1,1,6,"44, CLUNY (ROUTE DE)",0.0,0.0
201500057458,11,3,15,11,1,972,209,2,3,1,3,"45, PROFESSEUR RAYMOND G",0.0,0.0
201500057459,6,11,15,8,1,972,209,1,1,1,1,"4, REDOUTE (ROUTE DE LA)",1461784.0,6106155.0
201500057460,11,3,15,11,1,972,209,2,1,1,6,"1, GENERAL DE GAULLE (BL",0.0,0.0
201500057461,11,11,15,20,5,972,209,2,2,1,3,"4, JULES MONNEROT (RUE)",1460893.0,6106975.0
201500057462,13,11,15,8,1,972,209,2,1,1,6,"3, RD 41 (ROCADE)",0.0,0.0
201500057463,16,11,15,9,1,972,209,2,1,1,6,"4, LIBERTE (RUE DE LA)",0.0,0.0
201500057464,17,11,15,21,5,972,209,2,1,1,1,"4, LOUIS DOMERGUE (AVENU",0.0,0.0
201500057465,27,11,15,12,1,972,209,1,1,1,6,"3, RD 41 (ROCADE)",1460677.0,6108724.0
201500057466,19,3,15,17,1,972,209,2,1,1,1,"2, ROBERT ATTULY (BOULEV",0.0,0.0
201500057467,19,3,15,18,4,972,209,2,1,1,6,"13, CHATEAUBOEUF (ROUTE",0.0,0.0
201500057468,20,3,15,14,1,972,209,2,1,1,6,"Comm, MARIE-THERESE GERT",0.0,0.0
201500057469,23,3,15,17,1,972,209,2,1,1,6,"1, GENERAL DE GAULLE (BL",0.0,0.0
201500057470,25,3,15,12,1,972,209,1,1,1,1,"3, BALATA (ROUTE DE)",0.0,0.0
201500057471,11,1,15,11,1,972,213,1,1,1,2,AUTOROUTE A1,0.0,0.0
201500057472,1,11,15,1,5,972,213,1,1,1,1,ROUTE NATIONALE 1,0.0,0.0
201500057473,3,4,15,22,3,972,213,1,1,1,2,ROUTE NATIONALE 5,0.0,0.0
201500057474,14,1,15,14,1,972,213,1,1,1,4,VIEUX CHEMIN CALIFORNIE,0.0,0.0
201500057475,7,11,15,22,3,972,213,1,1,1,1,ROUTE DEPARTEMENTALE 3,0.0,0.0
201500057476,7,4,15,20,3,972,213,1,1,1,6,AUTOROUTE A1,1461875.0,6102161.0
201500057477,18,1,15,18,5,972,213,1,1,1,1,PELLETIER (ROUTE DE),0.0,0.0
201500057478,7,11,15,15,1,972,213,1,1,3,6,AUTOROUTE A1,0.0,0.0
201500057479,15,4,15,23,3,972,213,1,1,1,4,AUTOROUTE A1,1461897.0,6102174.0
201500057480,20,1,15,7,1,972,213,1,1,1,1,PLAISANCE (CHEMIN),0.0,0.0
201500057481,18,11,15,16,1,972,213,1,1,1,6,Z I LA LEZARDE,0.0,0.0
201500057482,18,4,15,23,3,972,213,1,1,1,6,ROUTE NATIONALE 1,0.0,0.0
201500057483,30,1,15,14,1,972,213,1,1,1,5,ROUTE DEPARTEMENTALE 3,0.0,0.0
201500057484,19,11,15,9,1,972,213,1,2,1,3,VICTOR LAMON,0.0,0.0
201500057485,24,4,15,21,5,972,213,2,1,1,6,"15, ERNEST ANDRE (RUE)",0.0,0.0
201500057486,1,2,15,23,5,972,213,1,1,1,5,AUTOROUTE A1,0.0,0.0
201500057487,25,4,15,0,3,972,213,1,1,1,4,ROUTE NATIONALE 5,0.0,0.0
201500057488,24,11,15,17,1,972,213,1,1,1,3,ROUTE NATIONALE 1,0.0,0.0
201500057489,8,2,15,2,5,972,213,1,1,1,1,ROUTE DEPARTEMENTALE 14,0.0,0.0
201500057490,27,11,15,19,3,972,213,1,3,1,3,ROUTE DEPARTEMENTALE 15,0.0,0.0
201500057491,26,4,15,1,3,972,213,1,1,1,2,ROUTE NATIONALE 5,0.0,0.0
201500057492,14,2,15,3,5,972,213,1,1,1,2,AUTOROUTE A1,0.0,0.0
201500057493,28,11,15,12,1,972,213,1,1,1,2,AUTOROUTE A1,0.0,0.0
201500057494,26,4,15,17,2,972,213,2,1,1,1,ROUTE DEPARTEMENTALE 14,1462106.0,6102215.0
201500057495,1,12,15,13,1,972,213,2,3,1,3,"12, ERNEST ANDRE (RUE)",0.0,0.0
201500057496,14,2,15,8,1,972,213,1,3,1,3,ROUTE DEPARTEMENTALE 15,0.0,0.0
201500057497,27,4,15,3,3,972,213,1,1,1,6,"1, PAYS MELES",1462934.0,6100851.0
201500057498,7,12,15,8,1,972,213,1,1,1,4,ROUTE NATIONALE 1,0.0,0.0
201500057499,15,2,15,0,5,972,213,1,1,1,1,ROUTE DEPARTEMENTALE 3,0.0,0.0
201500057500,4,5,15,13,1,972,213,1,1,1,2,ROUTE DEPARTEMENTALE 14,0.0,0.0
201500057501,11,12,15,10,1,972,213,1,3,1,3,ROUTE DEPARTEMENTALE 3,0.0,0.0
201500057502,19,2,15,12,1,972,213,1,1,1,2,ROUTE NATIONALE 5,0.0,0.0
201500057503,7,5,15,10,1,972,213,1,1,1,6,AUTOROUTE A1,0.0,0.0
201500057504,16,12,15,15,1,972,213,1,1,1,1,MORNE PITAULT (ROUTE DE),0.0,0.0
201500057505,20,2,15,21,3,972,213,2,1,1,3,ROUTE NATIONALE 1,0.0,0.0
201500057506,9,5,15,13,1,972,213,1,1,1,2,ROUTE NATIONALE 1,0.0,0.0
201500057507,17,12,15,3,3,972,213,1,1,2,6,AUTOROUTE A1,0.0,0.0
201500057508,21,2,15,13,1,972,213,1,1,1,1,ROUTE DEPARTEMENTALE 15,0.0,0.0
201500057509,10,5,15,22,3,972,213,1,1,1,1,ROUTE DEPARTEMENTALE 3,0.0,0.0
201500057510,17,12,15,8,1,972,213,1,1,1,2,PLAISANCE (CHEMIN),0.0,0.0
201500057511,25,2,15,13,1,972,213,1,1,1,3,ROUTE NATIONALE 1,0.0,0.0
201500057512,13,5,15,8,1,972,213,2,3,1,3,"30, ERNEST MAUGEE (RUE)",0.0,0.0
201500057513,20,12,15,5,1,972,213,1,1,1,6,ROUTE DEPARTEMENTALE 3,0.0,0.0
201500057514,3,3,15,19,3,972,213,1,1,1,2,ROUTE NATIONALE 5,0.0,0.0
201500057515,16,5,15,11,1,972,213,1,1,1,1,PELLETIER (ROUTE DE),0.0,0.0
201500057516,22,12,15,8,1,972,213,2,1,1,6,"4, BARRIERES (RUE DES)",0.0,0.0
201500057517,10,3,15,13,1,972,213,1,1,1,2,Z I CALIFORNIE,0.0,0.0
201500057518,19,5,15,22,3,972,213,1,1,1,1,ROUTE DEPARTEMENTALE 3,0.0,0.0
201500057519,22,12,15,21,5,972,213,1,1,1,6,ROUTE NATIONALE 1,0.0,0.0
201500057520,10,3,15,17,2,972,213,1,1,1,2,AUTOROUTE A1,0.0,0.0
201500057521,22,5,15,20,3,972,213,1,1,1,6,ROUTE DEPARTEMENTALE 3,0.0,0.0
201500057522,25,12,15,12,1,972,213,1,1,1,2,AUTOROUTE A1,0.0,0.0
201500057523,24,5,15,3,3,972,213,1,1,1,6,AUTOROUTE A1,0.0,0.0
201500057524,30,12,15,20,3,972,213,1,1,1,6,LA MAUGEE (CHEMIN),0.0,0.0
201500057525,18,3,15,13,1,972,213,2,1,1,6,AMEDEE DESPOINTES (BOULE,0.0,0.0
201500057526,26,5,15,16,1,972,213,1,1,1,6,ROUTE DEPARTEMENTALE 15,0.0,0.0
201500057527,31,12,15,23,3,972,213,1,1,1,2,ROUTE NATIONALE 1,0.0,0.0
201500057528,20,3,15,13,1,972,213,1,1,1,6,MAHAULT,0.0,0.0
201500057529,30,5,15,9,1,972,213,1,3,1,3,ROUTE DEPARTEMENTALE 3,0.0,0.0
201500057530,30,3,15,23,4,972,213,1,1,1,2,AUTOROUTE A1,0.0,0.0
201500057531,2,6,15,23,3,972,213,1,1,1,5,AUTOROUTE A1,0.0,0.0
201500057532,30,3,15,22,4,972,213,1,1,1,2,AUTOROUTE A1,0.0,0.0
201500057533,5,6,15,21,3,972,213,1,1,1,6,ROUTE NATIONALE 5,0.0,0.0
201500057534,6,6,15,5,2,972,213,1,1,1,2,AUTOROUTE A1,0.0,0.0
201500057535,10,6,15,13,1,972,213,2,1,1,2,"60, LEOPOLD BISSOL (RUE)",0.0,0.0
201500057536,11,6,15,14,1,972,213,1,1,1,1,ROUTE DEPARTEMENTALE 3,0.0,0.0
201500057537,11,6,15,17,2,972,213,1,1,1,6,AUTOROUTE A1,0.0,0.0
201500057538,13,6,15,19,3,972,213,1,1,1,6,ROUTE DEPARTEMENTALE 3,0.0,0.0
201500057539,15,6,15,8,1,972,213,2,1,1,6,"12, SCHOELCHER (RUE)",0.0,0.0
201500057540,16,6,15,20,5,972,213,2,1,1,3,SCHOELCHER (RUE),0.0,0.0
201500057541,21,6,15,21,3,972,213,1,1,1,1,ROUTE NATIONALE 6,0.0,0.0
201500057542,26,6,15,19,3,972,213,1,1,1,2,AUTOROUTE A1,0.0,0.0
201500057543,28,6,15,2,3,972,213,1,1,9,6,AUTOROUTE A1,0.0,0.0
201500057544,3,7,15,8,1,972,213,1,1,1,2,Z I LES MANGLES,0.0,0.0
201500057545,3,7,15,16,1,972,213,2,1,1,2,TROU AU CHAT (RUE DU),0.0,0.0
201500057546,4,7,15,20,5,972,213,1,1,1,3,ROUTE DEPARTEMENTALE 14,0.0,0.0
201500057547,15,7,15,2,3,972,213,1,1,2,6,ROUTE NATIONALE 5,0.0,0.0
201500057548,15,7,15,15,1,972,213,2,1,1,6,"10, VIEUX PONT (CHEMIN D",0.0,0.0
201500057549,19,7,15,1,3,972,213,1,1,1,3,ROUTE DEPARTEMENTALE 15,0.0,0.0
201500057550,22,7,15,16,1,972,213,1,1,1,1,ROUTE DEPARTEMENTALE 15,0.0,0.0
201500057551,23,7,15,20,3,972,213,1,1,1,1,ROUTE DEPARTEMENTALE 13,0.0,0.0
201500057552,27,7,15,17,1,972,213,2,1,1,6,"26, ALBERT CAMUS (RUE)",0.0,0.0
201500057553,18,6,15,17,2,972,213,1,1,1,2,ROUTE NATIONALE 1,0.0,0.0
201500057554,8,7,15,0,5,972,213,1,1,1,6,Z I CALIFORNIE,0.0,0.0
201500057555,5,8,15,6,2,972,213,1,1,2,1,ROUTE DEPARTEMENTALE 14,0.0,0.0
201500057556,5,8,15,19,5,972,213,2,1,1,7,"1, 24 MARS 1961 (RUE DU)",0.0,0.0
201500057557,15,8,15,21,4,972,213,1,1,1,5,ROUTE DEPARTEMENTALE 3,0.0,0.0
201500057558,12,8,15,13,1,972,213,1,1,1,3,Z I LES MANGLES,0.0,0.0
201500057559,23,8,15,19,5,972,213,1,1,1,3,AUTOROUTE A1,0.0,0.0
201500057560,29,8,15,6,1,972,213,1,1,1,6,AUTOROUTE A1,0.0,0.0
201500057561,30,8,15,23,5,972,213,1,1,1,6,AUTOROUTE A1,0.0,0.0
201500057562,6,9,15,4,3,972,213,1,1,1,6,PLACE D'ARMES,0.0,0.0
201500057563,6,9,15,18,2,972,213,1,1,1,3,AUTOROUTE A1,0.0,0.0
201500057564,18,9,15,13,1,972,213,1,1,1,4,AUTOROUTE A1,0.0,0.0
201500057565,30,9,15,13,1,972,213,1,1,1,2,ROUTE DEPARTEMENTALE 14,0.0,0.0
201500057566,30,9,15,21,3,972,213,1,1,1,2,ROUTE NATIONALE 1,0.0,0.0
201500057567,2,10,15,21,1,972,213,1,1,1,1,ROUTE NATIONALE 6,0.0,0.0
201500057568,3,10,15,6,1,972,213,1,1,1,6,ZONE DE FRET,0.0,0.0
201500057569,3,10,15,9,1,972,213,1,3,1,3,LA MAUGEE (CHEMIN),0.0,0.0
201500057570,3,10,15,21,4,972,213,1,1,1,4,AUTOROUTE A1,0.0,0.0
201500057571,6,10,15,18,4,972,213,1,1,1,4,AUTOROUTE A1,0.0,0.0
201500057572,8,10,15,11,1,972,213,1,1,1,3,"7, Z I LA JAMBETTE",0.0,0.0
201500057573,9,10,15,13,1,972,213,1,1,1,6,MORNE PITAULT (ROUTE DE),0.0,0.0
201500057574,15,10,15,11,1,972,213,1,1,1,1,"70, BASSE GONDEAU (CHEMI",0.0,0.0
201500057575,19,10,15,1,3,972,213,1,1,1,6,AUTOROUTE A1,0.0,0.0
201500057576,20,10,15,18,2,972,213,1,1,1,3,ROUTE NATIONALE 1,0.0,0.0
201500057577,22,10,15,10,1,972,213,1,1,1,6,ROUTE DEPARTEMENTALE 3,0.0,0.0
201500057578,28,10,15,13,1,972,213,1,1,1,2,AUTOROUTE A1,0.0,0.0
201500057579,29,10,15,17,1,972,213,2,1,1,1,"4, NELSON MANDELA",0.0,0.0
201500057580,1,4,15,16,1,973,302,2,1,1,3,"1850, MADELEINE (ROUTE D",0.0,0.0
201500057581,1,4,15,18,5,973,302,2,1,1,6,"0.5, MADELEINE (ROUTE DE",0.0,0.0
201500057582,2,4,15,14,1,973,302,1,1,1,3,BADUEL (ROUTE DE),455435.0,5217553.0
201500057583,3,4,15,9,1,973,302,2,3,1,6,"212, MADELEINE (ROUTE DE",0.0,0.0
201500057584,2,4,15,19,5,973,302,2,1,1,3,"51, POLYCARPE (VERMONT)",463020.0,5219089.0
201500057585,4,4,15,19,5,973,302,1,1,1,6,FELIX EBOUE(ROCADE),0.0,0.0
201500057586,5,4,15,19,5,973,302,2,1,1,6,"47, FELIX EBOUE(ROCADE)",0.0,0.0
201500057587,6,4,15,21,5,973,302,2,1,1,1,"240, MADELEINE (ROUTE DE",0.0,0.0
201500057588,8,4,15,8,1,973,302,1,1,2,3,"3940, MONTABO (ROUTE DE)",0.0,0.0
201500057589,8,4,15,15,1,973,302,1,1,1,2,MADELEINE (ROUTE DE LA),400000.0,5199999.0
201500057590,7,4,15,6,1,973,302,1,1,1,6,"1214, MADELEINE (ROUTE D",455193.0,5219139.0
201500057591,10,4,15,17,1,973,302,1,1,1,2,"859, ZEPHIR (ROCADE)",0.0,0.0
201500057592,10,4,15,18,5,973,302,1,1,1,1,"1, CATAYEE (JUSTIN)",0.0,0.0
201500057593,11,4,15,18,2,973,302,2,1,1,6,"26, BRASSE (LIEUTENANT)",0.0,0.0
201500057594,15,4,15,11,1,973,302,1,1,1,3,"1, MADELEINE (ROUTE DE L",0.0,0.0
201500057595,16,4,15,9,1,973,302,2,1,2,3,"1436, BADUEL (ROUTE DE)",0.0,0.0
201500057596,19,4,15,10,1,973,302,1,1,1,3,"2570, BADUEL (ROUTE DE)",0.0,0.0
201500057597,21,4,15,10,1,973,302,2,1,2,6,ROUTE NATIONALE 1,0.0,0.0
201500057598,22,4,15,8,1,973,302,2,1,1,2,"26, GALMOT (AVENUE)",0.0,0.0
201500057599,22,4,15,16,1,973,302,1,1,2,2,"2911, MONTABO (ROUTE DE)",0.0,0.0
201500057600,22,4,15,12,1,973,302,2,1,1,3,"80, MONTABO (ROUTE DE) 1",0.0,0.0
201500057601,24,4,15,13,1,973,302,2,1,1,6,MANDELA  (BOULEVARD),0.0,0.0
201500057602,26,4,15,14,1,973,302,2,2,1,3,COLOMB (CHRISTOPHE),0.0,0.0
201500057603,27,4,15,7,1,973,302,1,1,1,1,CRIQUE FOUILLEE (ROND PO,0.0,0.0
201500057604,27,4,15,17,1,973,302,1,1,1,3,"2480, MADELEINE (ROUTE D",0.0,0.0
201500057605,29,4,15,20,1,973,302,2,1,1,2,"42, MANDELA  (BOULEVARD)",0.0,0.0
201500057606,30,4,15,15,1,973,302,2,1,1,3,BADUEL (ROUTE DE),0.0,0.0
201500057607,30,12,15,12,1,973,302,2,1,1,2,"801, BADUEL (ROUTE DE)",0.0,0.0
201500057608,30,4,15,17,1,973,302,1,1,1,3,"1453, BADUEL (ROUTE DE)",0.0,0.0
201500057609,30,4,15,9,1,973,302,2,1,1,6,"25, FELIX EBOUE (Rue)",0.0,0.0
201500057610,30,4,15,12,1,973,302,2,1,1,3,"1203, RABAN (ROUTE DE)",0.0,0.0
201500057611,3,5,15,8,1,973,302,1,1,1,3,"3176, BADUEL (ROUTE DE)",492835.0,5229338.0
201500057612,3,5,15,19,5,973,302,1,1,1,6,CRIQUE FOUILLEE (ROND PO,489687.0,5232872.0
201500057613,4,5,15,9,1,973,302,2,2,1,3,"13, PREVOT (ERNEST)",493381.0,5233311.0
201500057614,6,5,15,11,1,973,302,1,1,1,1,MARINGOUINS (ROND-POINT),490659.0,5231524.0
201500057615,6,5,15,16,1,973,302,1,6,1,6,MARINGOUINS (ROND-POINT),490739.0,5232242.0
201500057616,6,5,15,18,5,973,302,1,1,1,2,CABASSOU (ROUTE DE),491718.0,5231241.0
201500057617,7,5,15,10,1,973,302,1,1,1,2,"1332, MONTABO (ROUTE DE)",494260.0,5230569.0
201500057618,6,5,15,21,5,973,302,2,1,1,5,"2059, MADELEINE (ROUTE D",491504.0,5232112.0
201500057619,8,5,15,20,2,973,302,2,1,1,3,"182, MADELEINE (ROUTE DE",491503.0,5232113.0
201500057620,4,5,15,17,1,973,302,1,2,1,3,MANGO (ROUTE),492997.0,5231568.0
201500057621,3,5,15,0,5,973,302,1,3,1,3,PREVOT (ERNEST),493449.0,5233326.0
201500057622,12,5,15,10,1,973,302,2,1,2,6,ROUTE NATIONALE 1,493490.0,5233219.0
201500057623,13,5,15,18,1,973,302,2,1,1,3,"0.5, MORTIN (CITE)",491513.0,5232658.0
201500057624,16,5,15,11,1,973,302,2,1,2,3,"5, AMUSANT (PAUL)",0.0,0.0
201500057625,16,5,15,3,5,973,302,2,3,1,3,MOLE,493872.0,5233218.0
201500057626,17,5,15,20,2,973,302,1,1,1,3,"50, FLAMBOYANTS (RUE DES",492320.0,5232089.0
201500057627,18,5,15,19,5,973,302,2,1,1,2,MARINGOUINS (ROND-POINT),490659.0,5231524.0
201500057628,19,5,15,8,1,973,302,1,1,1,2,"978, TROUBIRAN (CHEMIN D",492208.0,5230401.0
201500057629,20,5,15,10,1,973,302,2,6,2,2,SUZINI (CARREFOUR),492709.0,5229001.0
201500057630,21,5,15,8,1,973,302,2,1,2,6,"34, DE GAULLE (AVENUE)",493938.0,5232949.0
201500057631,21,5,15,18,2,973,302,2,1,1,3,"06, GIPPET (DOCTEUR)",494118.0,5229663.0
201500057632,22,5,15,14,1,973,302,2,9,1,3,SUZINI (CARREFOUR),492707.0,5228995.0