Num_Acc,jour,mois,an,hr,condition_eclairage,departement,commune,condition_agglomeration,intersection,condition_atmosphere,type_collision,adresse,lattitude,longitude
201500057633,22,5,15,22,5,973,302,2,3,1,3,"2925, MONTABO (ROUTE DE)",493430.0,5229126.0
201500057634,22,5,15,23,5,973,302,2,1,1,3,"969, MONTABO (ROUTE DE)",494507.0,5231296.0
201500057635,23,5,15,6,2,973,302,2,1,1,1,"2066, TIGRE (ROUTE DU)",492041.0,5232078.0
201500057636,24,5,15,22,5,973,302,2,1,2,6,MENTEL,0.0,0.0
201500057637,25,5,15,9,1,973,302,1,1,1,6,TROUBIRAN (CHEMIN DE),492208.0,5230382.0
201500057638,25,5,15,21,5,973,302,2,1,2,3,CONSTANT CHLORE(RUE),493481.0,5232149.0
201500057639,25,5,15,12,1,973,302,1,1,1,6,"2660, BADUEL (ROUTE DE)",492680.0,5229599.0
201500057640,24,1,15,11,1,973,302,2,1,1,3,"21, MONNERVILLE (AVENUE",0.0,0.0
201500057641,1,4,15,8,1,973,302,2,1,1,6,"212, MADELEINE (ROUTE DE",0.0,0.0
201500057642,28,5,15,8,1,973,302,1,1,1,6,"2, COLLERY (ZONE INDUSTR",490783.0,5232385.0
201500057643,28,5,15,20,5,973,302,1,3,2,3,"1, MONTABO (ROUTE DE) 4",494508.0,5231303.0
201500057644,30,5,15,20,5,973,302,2,1,2,3,"2710, MONTABO (ROUTE DE)",494260.0,5230574.0
201500057645,27,5,15,20,5,973,302,1,1,1,3,"13, PREVOT (ERNEST)",493377.0,5233308.0
201500057646,31,5,15,8,1,973,302,1,1,2,1,BADUEL (ROND POINT DE),492724.0,5229019.0
201500057647,31,5,15,10,5,973,302,1,1,2,2,"2548, CABASSOU (ROUTE DE",491721.0,5231253.0
201500057648,31,5,15,14,1,973,302,2,1,1,3,"0.5, BOUDINOT (AUGUSTE)",493415.0,5231931.0
201500057649,2,6,15,8,1,973,302,1,1,1,3,CESAIRE (CITE),493217.0,5232276.0
201500057650,4,6,15,7,1,973,302,2,1,1,3,"34, 14 ET 22 JUIN 1962",493391.0,5232721.0
201500057651,5,6,15,11,1,973,302,2,2,1,1,VOLTAIRE(AVENUE),494209.0,5232392.0
201500057652,5,6,15,20,5,973,302,1,1,2,3,"2548, BADUEL (ROUTE DE)",492876.0,5229864.0
201500057653,6,6,15,13,1,973,302,2,1,1,1,FLAMBOYANTS (RUE DES),492384.0,5231948.0
201500057654,6,6,15,16,1,973,302,1,1,1,4,BADUEL (ROUTE DE),492894.0,5230004.0
201500057655,10,6,15,11,1,973,302,2,3,1,6,"1198, MONTABO (ROUTE DE)",494506.0,5231293.0
201500057656,12,6,15,14,1,973,302,1,1,1,3,"2059, MADELEINE (ROUTE D",491502.0,5232118.0
201500057657,12,6,15,19,5,973,302,1,1,1,3,FELIX EBOUE(ROCADE),494246.0,5232924.0
201500057658,13,6,15,17,1,973,302,1,1,1,3,SOURCE DE BADUEL (CHEMIN,492971.0,5230891.0
201500057659,14,6,15,12,1,973,302,1,1,1,4,"1492, NOVAPARC (RESIDENC",493649.0,5231504.0
201500057660,15,6,15,8,1,973,302,2,1,1,6,"3176, BADUEL (ROUTE DE)",492841.0,5229343.0
201500057661,15,6,15,13,1,973,302,1,1,1,3,"1, TIGRE (ROUTE DU)",492041.0,5232082.0
201500057662,16,6,15,7,1,973,302,2,1,3,3,"1214, MADELEINE (ROUTE D",492227.0,5232314.0
201500057663,16,6,15,19,5,973,302,2,1,1,5,"141, MONTABO (ROUTE DE)",494425.0,5231814.0
201500057664,18,6,15,13,1,973,302,2,1,1,3,"0.5, RABAN (ROUTE DE)",493065.0,5231349.0
201500057665,23,6,15,15,1,973,302,1,1,1,3,"10, NEGRES MARONS (RUE D",492297.0,5231954.0
201500057666,23,6,15,18,2,973,302,1,1,1,2,"BAT 12, NOVAPARC (RESIDE",492384.0,5231362.0
201500057667,5,1,15,13,1,973,302,1,1,1,6,"2407, FELIX EBOUE(ROCADE",0.0,0.0
201500057668,25,6,15,14,1,973,302,2,9,1,7,BADUEL (ROND POINT DE),492906.0,5230067.0
201500057669,26,6,15,10,1,973,302,1,1,1,3,"2545, MONTABO (ROUTE DE)",493763.0,5229837.0
201500057670,26,6,15,19,2,973,302,2,2,1,6,"25, BRASSE (LIEUTENANT)",493778.0,5229869.0
201500057671,27,6,15,10,1,973,302,2,1,1,7,MADELEINE (ROUTE DE LA),492289.0,5232374.0
201500057672,28,6,15,0,4,973,302,2,1,2,3,TIGRE (ROUTE DU),492047.0,5232086.0
201500057673,29,6,15,8,1,973,302,2,1,1,3,"41, CESAIRE (CITE)",493205.0,5232293.0
201500057674,29,6,15,10,1,973,302,2,1,1,3,"01, BADUEL (ROUTE DE)",492900.0,5230061.0
201500057675,29,6,15,11,1,973,302,2,1,1,3,"16, CESAIRE (CITE)",493092.0,5232375.0
201500057676,29,6,15,17,1,973,302,2,1,1,3,"1198, MONTABO (ROUTE DE)",456385.0,5218289.0
201500057677,30,6,15,16,1,973,302,1,1,1,3,TIGRE (ROUTE DU),491550.0,5231121.0
201500057678,30,6,15,16,1,973,302,1,1,1,3,"127, CABASSOU (ROUTE DE)",491749.0,5231283.0
201500057679,1,7,15,10,1,973,302,1,1,1,3,"3889, MONTABO (ROUTE DE)",493065.0,5229065.0
201500057680,1,7,15,21,5,973,302,1,1,1,6,"117, MANGO (ROUTE)",0.0,0.0
201500057681,4,7,15,1,5,973,302,2,2,1,3,DE GAULLE (AVENUE),493849.0,5233300.0
201500057682,5,7,15,23,4,973,302,2,1,1,3,"2066, TIGRE (ROUTE DU)",490224.0,5230544.0
201500057683,6,7,15,11,1,973,302,2,1,1,3,"1453, BADUEL (ROUTE DE)",493221.0,5230782.0
201500057684,7,7,15,7,1,973,302,1,1,1,3,EBOUE (ROCADE FELIX),492957.0,5231507.0
201500057685,7,7,15,20,5,973,302,1,1,1,3,CABASSOU (ROUTE DE),492031.0,5231612.0
201500057686,8,7,15,12,1,973,302,2,1,1,3,"1696, BADUEL (ROUTE DE)",455595.0,5218047.0
201500057687,10,7,15,5,5,973,302,2,1,1,6,MONTABO (ROUTE DE) 1,493421.0,5229144.0
201500057688,13,7,15,9,1,973,302,2,1,1,6,"10, MONNERVILLE (AVENUE",0.0,0.0
201500057689,17,7,15,11,1,973,302,2,1,1,3,"544, BADUEL (ROUTE DE)",493663.0,5231437.0
201500057690,17,7,15,21,5,973,302,2,1,1,3,ZEPHIR (ROCADE),493685.0,5230709.0
201500057691,6,1,15,12,1,973,302,1,1,2,3,"338, MADELEINE (ROUTE DE",0.0,0.0
201500057692,22,7,15,9,1,973,302,1,3,1,3,"12, COLLERY (ZONE INDUST",490258.0,5232681.0
201500057693,22,7,15,11,1,973,302,1,2,2,3,"07, MOLE",0.0,0.0
201500057694,23,7,15,11,1,973,302,2,1,1,1,"54, FLAMBOYANTS (RUE DES",0.0,0.0
201500057695,26,7,15,5,2,973,302,2,1,1,6,"46, LALLOUETTE(RUE)",494042.0,5232991.0
201500057696,29,7,15,12,1,973,302,2,1,1,3,"34, DIGUE RONJON",493398.0,5232957.0
201500057697,29,7,15,12,1,973,302,2,1,1,2,MADELEINE (ROUTE DE LA),492410.0,5232441.0
201500057698,30,7,15,14,1,973,302,1,1,1,6,ZEPHIR (ROCADE),493353.0,5230931.0
201500057699,31,7,15,12,1,973,302,1,1,1,6,"01, ESTREES (AVENUE D')",494014.0,5232609.0
201500057700,1,8,15,14,1,973,302,2,1,1,2,"82, MADELEINE (ROUTE DE",492425.0,5292425.0
201500057701,1,8,15,5,5,973,302,1,2,1,3,HORTH (CITE),494263.0,5231148.0
201500057702,2,8,15,1,5,973,302,2,3,1,3,"1, LIBERTE (AVENUE DE LA",493410.0,5232709.0
201500057703,30,7,15,13,1,973,302,2,1,1,3,"1, FELIX EBOUE(ROCADE)",0.0,0.0
201500057704,2,8,15,3,5,973,302,2,2,1,3,"1, MANDELA  (BOULEVARD)",0.0,0.0
201500057705,7,1,15,8,1,973,302,1,1,2,2,ROUTE NATIONALE 1,0.0,0.0
201500057706,3,8,15,15,1,973,302,1,1,1,1,"60, SUZINI (CARREFOUR)",492529.0,5229019.0
201500057707,3,8,15,20,5,973,302,2,1,1,6,REPUBLIQUE (BD DE LA),494017.0,5232643.0
201500057708,4,8,15,10,1,973,302,2,1,1,3,BADUEL (ROUTE DE),493607.0,5231367.0
201500057709,9,8,15,22,5,973,302,2,2,1,3,MANDELA  (BOULEVARD),494001.0,5232657.0
201500057710,3,8,15,21,2,973,302,2,1,1,1,"26, 14 ET 22 JUIN 1962",493449.0,5232733.0
201500057711,11,8,15,14,1,973,302,2,1,1,3,"3379, MONTABO (ROUTE DE)",493488.0,5229209.0
201500057712,11,8,15,13,1,973,302,2,1,1,3,MADELEINE (ROUTE DE LA),492210.0,5232229.0
201500057713,12,8,15,8,1,973,302,2,1,3,2,"64, FLAMBOYANTS (RUE DES",492823.0,5232229.0
201500057714,17,2,15,9,1,973,302,2,1,2,2,KET TAI (CARREFOUR),0.0,0.0
201500057715,13,8,15,23,5,973,302,1,1,1,1,"2493, BADUEL (ROUTE DE)",0.0,0.0
201500057716,14,8,15,22,4,973,302,2,3,1,1,"4, BOUDINOT (AUGUSTE) CI",493214.0,5231984.0
201500057717,15,8,15,1,5,973,302,1,3,1,6,"1816, BADUEL (ROUTE DE)",493175.0,5230729.0
201500057718,13,8,15,21,5,973,302,1,3,1,2,"64, FLAMBOYANTS (RUE DES",492687.0,5232402.0
201500057719,16,8,15,7,1,973,302,2,1,1,6,"3261, BADUEL (ROUTE DE)",493221.0,5230729.0
201500057720,18,8,15,16,1,973,302,2,2,1,3,"13, CATAYEE (JUSTIN)",493942.0,5233129.0
201500057721,21,8,15,10,1,973,302,1,1,1,6,"978, TROUBIRAN (CHEMIN D",0.0,0.0
201500057722,22,8,15,14,1,973,302,1,1,1,6,"01, ZONE COLLERY I OU II",490375.0,5233118.0
201500057723,23,8,15,10,1,973,302,2,1,1,1,"126, JASMIN(LOTISSEMENT)",491641.0,5233075.0
201500057724,20,2,15,13,1,973,302,2,1,2,4,"1, BRUTUS (CITE)",0.0,0.0
201500057725,25,8,15,10,1,973,302,2,1,1,6,ROUTE NATIONALE 1,0.0,0.0
201500057726,27,8,15,8,1,973,302,1,1,1,6,"2568, MADELEINE (ROUTE D",492563.0,5233249.0
201500057727,29,8,15,2,5,973,302,2,2,1,3,FELIX EBOUE(ROCADE),492958.0,5231512.0
201500057728,29,8,15,17,1,973,302,2,1,1,7,"74, DE GAULLE (AVENUE)",0.0,0.0
201500057729,30,8,15,16,1,973,302,2,1,1,2,"11, ESTREES (AVENUE D')",0.0,0.0
201500057730,31,8,15,9,1,973,302,1,1,1,6,"1605, MADELEINE (ROUTE D",0.0,0.0
201500057731,31,8,15,11,1,973,302,2,1,1,3,"PK 7.5, ROUTE NATIONALE",490379.0,5231664.0
201500057732,1,9,15,9,1,973,302,1,1,1,3,MARINGOUINS (ROND-POINT),490711.0,5232525.0
201500057733,1,9,15,17,1,973,302,2,1,1,7,"2066, TIGRE (ROUTE DU)",492366.0,5233184.0
201500057734,2,9,15,12,1,973,302,2,1,2,3,"431, MADELEINE (ROUTE DE",492659.0,5233044.0
201500057735,4,9,15,14,1,973,302,2,1,1,3,"2510, MONTABO (ROUTE DE)",493601.0,5229989.0
201500057736,6,9,15,15,1,973,302,2,3,1,3,"13, LUBIN (SAMUEL)",494170.0,5232396.0
201500057737,8,9,15,18,1,973,302,2,1,1,3,"05, CABASSOU (ROUTE DE)",491551.0,5231118.0
201500057738,11,9,15,15,1,973,302,1,1,1,6,"59, FELIX EBOUE (Rue)",0.0,0.0
201500057739,15,9,15,22,5,973,302,2,3,1,7,"29, HEDER (AVENUE LEOPOL",494086.0,5233414.0
201500057740,16,9,15,23,5,973,302,2,1,1,6,FELIX EBOUE(ROCADE),492906.0,5231592.0
201500057741,17,9,15,7,1,973,302,1,1,1,3,"471, BADUEL (ROUTE DE)",456127.0,5218532.0
201500057742,17,9,15,12,1,973,302,2,1,1,6,"2, BASSIERE (LEON) CITE",493758.0,5232928.0
201500057743,18,9,15,10,1,973,302,2,1,1,3,"1555, BADUEL (ROUTE DE)",493150.0,5230659.0
201500057744,20,9,15,9,1,973,302,2,1,1,6,"140, COULEE D'OR (CITE)",494491.0,5231274.0
201500057745,20,9,15,11,1,973,302,1,1,1,6,"55, RABAN (ROUTE DE)",493572.0,5281931.0
201500057746,20,9,15,22,5,973,302,2,2,1,3,BADUEL (ROUTE DE),493928.0,5231839.0
201500057747,21,9,15,19,5,973,302,2,1,1,2,"1, BRADIN (GONTRAN) CITE",493522.0,5231898.0
201500057748,21,9,15,19,5,973,302,2,1,1,2,CABASSOU (ROUTE DE),491922.0,5231759.0
201500057749,23,9,15,12,1,973,302,2,1,1,3,"544, BADUEL (ROUTE DE)",0.0,0.0
201500057750,24,9,15,6,1,973,302,2,1,1,6,CRIQUE FOUILLEE (ROND PO,0.0,0.0
201500057751,25,9,15,23,5,973,302,2,1,1,5,"3707, MONTABO (ROUTE DE)",493616.0,5229587.0
201500057752,26,9,15,12,1,973,302,1,1,1,3,"1, BADUEL (ROUTE DE)",493222.0,5231153.0
201500057753,26,9,15,16,1,973,302,2,1,1,3,"32, MANDELA  (BOULEVARD)",0.0,0.0
201500057754,28,9,15,9,1,973,302,2,1,1,4,"2697, BADUEL (ROUTE DE)",492908.0,5230129.0
201500057755,28,9,15,10,1,973,302,2,1,1,3,"130, BRADIN (GONTRAN) CI",493861.0,5231748.0
201500057756,28,9,15,14,1,973,302,1,1,1,3,"2426, MONTABO (ROUTE DE)",493916.0,5230717.0
201500057757,29,9,15,12,1,973,302,2,9,1,6,AMUSANT (PAUL),493400.0,5232935.0
201500057758,30,9,15,18,2,973,302,2,1,1,3,"959, BADUEL (ROUTE DE)",493248.0,5231229.0
201500057759,2,10,15,6,1,973,302,1,1,1,6,"1155, BADUEL (ROUTE DE)",0.0,0.0
201500057760,1,10,15,12,1,973,302,1,3,1,6,"2989, MONTABO (ROUTE DE)",0.0,0.0
201500057761,25,9,15,19,2,973,302,2,3,1,3,"2989, MONTABO (ROUTE DE)",493548.0,5229509.0
201500057762,3,10,15,14,1,973,302,2,1,1,2,"1696, BADUEL (ROUTE DE)",0.0,0.0
201500057763,30,9,15,12,1,973,302,2,1,1,3,"432, CATAYEE (JUSTIN)",492846.0,5232531.0
201500057764,5,10,15,18,1,973,302,1,1,1,2,MONTABO (ROUTE DE) 1,493445.0,5230343.0
201500057765,5,10,15,19,5,973,302,2,6,1,3,MARINGOUINS (ROND-POINT),490805.0,5232129.0
201500057766,5,10,15,11,1,973,302,2,1,1,3,"240, CATAYEE (JUSTIN)",0.0,0.0
201500057767,7,10,15,13,1,973,302,2,1,1,6,"36, MADELEINE (ROUTE DE",0.0,0.0
201500057768,8,10,15,16,1,973,302,2,1,1,2,"1605, MADELEINE (ROUTE D",491902.0,5232162.0
201500057769,7,10,15,20,5,973,302,2,1,1,3,"292, MONTABO (ROUTE DE)",494478.0,5231433.0
201500057770,12,10,15,8,1,973,302,2,1,1,3,MONTABO (ROUTE DE) 2,0.0,0.0
201500057771,12,10,15,9,1,973,302,2,1,1,2,"32, 14 ET 22 JUIN 1962",0.0,0.0
201500057772,13,10,15,7,1,973,302,2,1,1,6,"54, TROUBIRAN (CHEMIN DE",491831.0,5231688.0
201500057773,13,10,15,13,1,973,302,1,1,1,1,"2738, MONTABO (ROUTE DE)",0.0,0.0
201500057774,14,10,15,9,1,973,302,1,1,1,6,"64, FLAMBOYANTS (RUE DES",0.0,0.0
201500057775,15,10,15,16,1,973,302,2,1,1,6,"18/20, DE GAULLE (AVENUE",493833.0,5233386.0
201500057776,16,10,15,7,1,973,302,2,1,1,3,"06, TROUBIRAN (CHEMIN DE",492600.0,5230299.0
201500057777,16,10,15,10,1,973,302,2,1,1,6,"3013, MONTABO (ROUTE DE)",493537.0,5229472.0
201500057778,16,10,15,19,5,973,302,2,1,1,3,"32, DIGUE RONJON",493414.0,5232929.0
201500057779,18,10,15,0,5,973,302,2,1,1,3,MANDELA  (BOULEVARD),494406.0,5233229.0
201500057780,22,9,15,7,2,973,302,1,1,1,2,"1478, BADUEL (ROUTE DE)",493247.0,5231235.0
201500057781,9,9,15,10,1,973,302,1,3,1,6,MARINGOUINS (ROND-POINT),490652.0,5231635.0
201500057782,19,10,15,10,1,973,302,1,1,1,2,MADELEINE (ROUTE DE LA),492488.0,5233242.0
201500057783,19,10,15,18,1,973,302,2,1,1,2,"36, EUDOXIE VERIN(RUE)",0.0,0.0
201500057784,23,8,15,22,5,973,302,2,1,1,2,TIGRE (ROUTE DU),492581.0,5232952.0
201500057785,21,10,15,7,1,973,302,2,3,1,3,MONTABO (ROUTE DE) 1,456000.0,5216999.0
201500057786,25,8,15,9,1,973,302,1,1,1,3,MARINGOUINS (ROND-POINT),490505.0,5232344.0
201500057787,22,10,15,8,1,973,302,2,1,1,6,"1802, MONTABO (ROUTE DE)",494153.0,5230359.0
201500057788,22,10,15,12,1,973,302,2,1,1,3,"02, PASCALINE (CITE)",492000.0,5230999.0
201500057789,22,10,15,14,1,973,302,2,1,1,1,"41, CESAIRE (CITE)",0.0,0.0
201500057790,22,10,15,18,1,973,302,2,1,1,2,TIGRE (ROUTE DU),454560.0,5218403.0
201500057791,23,10,15,15,1,973,302,2,1,1,6,MADELEINE (ROUTE DE LA),0.0,0.0
201500057792,24,10,15,8,1,973,302,2,1,1,6,"50, MANDELA  (BOULEVARD)",494008.0,5232681.0
201500057793,24,10,15,18,2,973,302,2,3,1,3,MADELEINE (ROUTE DE LA),494455.0,5235353.0
201500057794,25,10,15,12,1,973,302,2,1,1,2,"482, CABASSOU (ROUTE DE)",492067.0,5231921.0
201500057795,26,10,15,7,1,973,302,2,1,1,3,MARINGOUINS (ROND-POINT),490728.0,5232009.0
201500057796,25,10,15,21,5,973,302,2,3,1,3,"87, COLOMB (CHRISTOPHE)",493869.0,5232917.0
201500057797,26,10,15,15,1,973,302,2,1,1,3,"38, BARTHELEMY (RENE)",493091.0,5233214.0
201500057798,27,10,15,14,1,973,302,2,1,1,1,"2098, CALIMBE(LOTISSEMEN",492370.0,5231649.0
201500057799,27,10,15,15,1,973,302,2,1,1,7,"2313, MADELEINE (ROUTE D",491249.0,5231990.0
201500057800,28,10,15,9,1,973,302,2,1,1,2,"0.5, MADELEINE (ROUTE DE",491989.0,5232176.0
201500057801,28,10,15,10,1,973,302,2,1,1,3,"0.5, REPUBLIQUE (BD DE L",493884.0,5232129.0
201500057802,29,10,15,9,1,973,302,2,1,1,6,MONTABO (ROUTE DE) 1,494354.0,5231870.0
201500057803,29,10,15,11,1,973,302,2,1,1,3,"27, LALLOUETTE(RUE)",494027.0,5233117.0
201500057804,26,10,15,12,1,973,302,1,1,1,3,"46, TIGRE (ROUTE DU)",492342.0,5232781.0
201500057805,30,10,15,18,5,973,302,2,1,1,1,COULEE D'OR (CITE),493632.0,5230643.0
201500057806,10,1,15,6,1,973,302,2,1,1,3,BADUEL (ROUTE DE),0.0,0.0
201500057807,30,9,15,22,3,973,302,1,1,1,7,MADELEINE (ROUTE DE LA),491886.0,5232167.0
201500057808,30,10,15,13,1,973,302,2,1,1,3,"778, MONTABO (ROUTE DE)",0.0,0.0
201500057809,2,11,15,18,5,973,302,2,3,1,3,"1203, RABAN (ROUTE DE)",492802.0,5231395.0
201500057810,5,11,15,6,1,973,302,2,1,1,3,"2059, MADELEINE (ROUTE D",0.0,0.0
201500057811,5,11,15,11,1,973,302,2,1,1,3,"2788, MADELEINE (ROUTE D",0.0,0.0
201500057812,5,11,15,18,1,973,302,1,1,1,3,BADUEL (ROND POINT DE),0.0,0.0
201500057813,10,1,15,14,1,973,302,1,1,1,6,"1, MONTABO (ROUTE DE) 1",0.0,0.0
201500057814,8,11,15,23,5,973,302,2,2,1,3,FELIX EBOUE(ROCADE),492958.0,5231509.0
201500057815,9,11,15,15,1,973,302,2,1,1,2,"74, MANDELA  (BOULEVARD)",493683.0,5232594.0
201500057816,9,11,15,17,1,973,302,2,1,1,3,"700, BADUEL (ROUTE DE)",493564.0,5231325.0
201500057817,9,11,15,17,1,973,302,2,1,1,3,"328, CABASSOU (ROUTE DE)",491891.0,5231672.0
201500057818,10,11,15,19,2,973,302,1,3,1,3,"1, SAINT MARTIN (RESIDEN",0.0,0.0
201500057819,12,11,15,17,1,973,302,2,1,1,3,"150, MONTABO (ROUTE DE)",492428.0,5230618.0
201500057820,12,11,15,8,1,973,302,2,1,1,6,MARINGOUINS (ROND-POINT),0.0,0.0
201500057821,14,11,15,13,1,973,302,2,1,1,3,BADUEL (ROUTE DE),493928.0,5231835.0
201500057822,16,11,15,14,1,973,302,2,1,1,6,"85, TROUBIRAN (CHEMIN DE",0.0,0.0
201500057823,16,11,15,16,1,973,302,1,1,1,3,"1, COLLERY (ZONE INDUSTR",0.0,0.0
201500057824,17,11,15,18,1,973,302,1,1,1,3,"959, BADUEL (ROUTE DE)",0.0,0.0
201500057825,18,11,15,11,1,973,302,1,1,1,3,"13, TIGRE (ROUTE DU)",0.0,0.0
201500057826,22,11,15,17,1,973,302,2,1,1,6,ZEPHIR (ROCADE),494263.0,5231296.0
201500057827,23,11,15,12,1,973,302,2,1,1,2,"3119, MONTABO (ROUTE DE)",0.0,0.0
201500057828,26,11,15,0,5,973,302,2,1,1,6,"1296, MADELEINE (ROUTE D",492524.0,5232538.0
201500057829,26,11,15,14,1,973,302,2,1,1,3,"16, CABASSOU (ROUTE DE)",491852.0,5231554.0
201500057830,26,11,15,20,5,973,302,1,1,1,2,"11, TROUBIRAN (CHEMIN DE",455475.0,5218147.0
201500057831,28,11,15,18,2,973,302,1,1,1,3,"317, RABAN (ROUTE DE)",493376.0,5232352.0
201500057832,2,12,15,15,1,973,302,2,1,1,2,MADELEINE (ROUTE DE LA),492395.0,5232377.0
201500057833,2,12,15,18,2,973,302,2,1,1,5,CABASSOU (ROUTE DE),491924.0,5231924.0
201500057834,4,12,15,7,1,973,302,2,1,1,2,MARINGOUINS (ROND-POINT),0.0,0.0
201500057835,5,12,15,8,1,973,302,2,1,1,6,"31 bis, ESTREES (AVENUE",494077.0,5232361.0
201500057836,5,12,15,13,1,973,302,2,1,1,1,"2371, BADUEL (ROUTE DE)",492892.0,5229989.0
201500057837,5,12,15,17,1,973,302,2,1,1,1,TIGRE (ROUTE DU),491766.0,5233199.0
201500057838,7,12,15,9,1,973,302,2,1,1,6,"45, ARAGO (FRANCOIS)",494136.0,5234296.0
201500057839,7,12,15,15,1,973,302,2,1,1,6,", N'ZILA (CITE)",493617.0,5232476.0
201500057840,7,12,15,16,1,973,302,2,1,1,3,BADUEL (ROUTE DE),493681.0,5232416.0
201500057841,5,12,15,10,1,973,302,2,1,1,7,GALMOT (ZONE ARTISANALE),493100.0,5232869.0
201500057842,5,12,15,11,1,973,302,2,1,1,3,MADELEINE (ROUTE DE LA),492842.0,5232524.0
201500057843,9,12,15,9,1,973,302,2,1,1,6,"32, MANDELA  (BOULEVARD)",494034.0,5232680.0
201500057844,9,12,15,14,1,973,302,2,1,1,1,"922, ZEPHIR (ROCADE)",0.0,0.0
201500057845,10,12,15,9,1,973,302,1,1,1,4,ROUTE NATIONALE 1,0.0,0.0
201500057846,10,12,15,12,1,973,302,2,3,1,3,FELIX EBOUE(ROCADE),0.0,0.0
201500057847,11,12,15,8,1,973,302,1,1,1,2,"240, MADELEINE (ROUTE DE",455222.0,5219249.0
201500057848,11,12,15,9,1,973,302,2,1,1,1,"829, BADUEL (ROUTE DE)",492745.0,5232222.0
201500057849,12,12,15,16,1,973,302,2,3,1,3,LALLOUETTE(RUE),493973.0,5233324.0
201500057850,14,12,15,7,1,973,302,2,1,1,6,KET TAI (CARREFOUR),493741.0,5232584.0
201500057851,13,12,15,20,5,973,302,2,1,1,6,MANGO (ROUTE),493501.0,5232338.0
201500057852,11,12,15,12,1,973,302,2,1,1,5,ROUTE NATIONALE 3,490377.0,5231658.0
201500057853,14,12,15,11,1,973,302,2,1,1,6,"1611, RABAN (ROUTE DE)",492485.0,5231246.0
201500057854,14,12,15,13,1,973,302,2,1,1,6,BADUEL (ROUTE DE),0.0,0.0
201500057855,15,12,15,14,1,973,302,2,1,1,2,"2435, MONTABO (ROUTE DE)",493836.0,5229899.0
201500057856,16,12,15,8,1,973,302,2,1,1,3,"525, RABAN (ROUTE DE)",493357.0,5231331.0
201500057857,16,12,15,12,1,973,302,2,1,1,6,"2, CHARLERY (GUSTAVE)",494269.0,5231771.0
201500057858,16,12,15,18,2,973,302,1,2,1,3,"1, ARON (ANDRE)",0.0,0.0
201500057859,18,12,15,9,1,973,302,1,1,1,1,"1, CATAYEE (JUSTIN)",0.0,0.0
201500057860,18,12,15,14,1,973,302,2,1,1,2,"1620, MONTABO (ROUTE DE)",494349.0,5230696.0
201500057861,18,12,15,11,1,973,302,1,1,1,6,"19, GALMOT (AVENUE)",0.0,0.0
201500057862,20,12,15,18,1,973,302,1,1,1,3,"24, 14 ET 22 JUIN 1962",493463.0,5232724.0
201500057863,20,12,15,20,5,973,302,2,1,1,3,"69, DE GAULLE (AVENUE)",493957.0,5232848.0
201500057864,12,1,15,17,1,973,302,1,1,1,4,"556, MONTABO (ROUTE DE)",0.0,0.0
201500057865,21,12,15,15,1,973,302,2,1,1,4,TIGRE (ROUTE DU),490472.0,5230466.0
201500057866,23,12,15,11,1,973,302,2,1,1,3,"351, MADELEINE (ROUTE DE",492285.0,5232361.0
201500057867,23,12,15,22,5,973,302,2,3,1,3,"1, CATAYEE (JUSTIN)",0.0,0.0
201500057868,24,12,15,18,1,973,302,2,1,1,3,MANGO (ROUTE),493408.0,5231661.0
201500057869,24,12,15,20,5,973,302,2,1,1,1,"17, JADFARD (RENE)",493448.0,5233124.0
201500057870,26,12,15,17,1,973,302,2,1,1,1,"83, RABAN (ROUTE DE)",492059.0,5231127.0
201500057871,29,12,15,10,1,973,302,2,1,1,7,LEBLOND (ROND POINT),0.0,0.0
201500057872,30,12,15,14,1,973,302,1,1,1,3,ROUTE NATIONALE 3,0.0,0.0
201500057873,30,12,15,16,1,973,302,2,1,1,3,"212, MADELEINE (ROUTE DE",455000.0,5218999.0
201500057874,30,12,15,18,5,973,302,2,1,1,3,CATAYEE (JUSTIN),493691.0,5233377.0
201500057875,13,1,15,7,1,973,302,1,1,1,2,MONTABO (ROUTE DE) 1,0.0,0.0
201500057876,13,1,15,14,1,973,302,2,1,2,7,"0.5, LEBLOND (ROND POINT",0.0,0.0
201500057877,13,1,15,18,1,973,302,2,1,1,3,"0.5, CABASSOU (ROUTE DE)",0.0,0.0