Num_Acc,jour,mois,an,hr,condition_eclairage,departement,commune,condition_agglomeration,intersection,condition_atmosphere,type_collision,adresse,lattitude,longitude
201500057878,14,1,15,15,1,973,302,1,1,1,3,"2914, BADUEL (ROUTE DE)",0.0,0.0
201500057879,12,1,15,17,1,973,302,1,3,1,3,TIGRE (ROUTE DU),0.0,0.0
201500057880,16,1,15,8,1,973,302,2,1,1,3,ROUTE NATIONALE 1,0.0,0.0
201500057881,16,1,15,19,5,973,302,2,1,2,6,"1, CABASSOU (ROUTE DE)",0.0,0.0
201500057882,17,1,15,10,1,973,302,1,1,8,3,"1296, MADELEINE (ROUTE D",0.0,0.0
201500057883,17,1,15,13,1,973,302,1,1,1,3,"505, COLLERY (ZONE INDUS",0.0,0.0
201500057884,17,1,15,19,5,973,302,1,1,1,1,"1443, FELIX EBOUE(ROCADE",0.0,0.0
201500057885,18,1,15,4,5,973,302,1,1,2,7,ROUTE NATIONALE 1,0.0,0.0
201500057886,23,1,15,7,1,973,302,2,1,2,3,"3395, MONTABO (ROUTE DE)",0.0,0.0
201500057887,26,1,15,9,1,973,302,1,9,1,6,"1605, MADELEINE (ROUTE D",0.0,0.0
201500057888,28,1,15,17,1,973,302,2,1,1,3,"6401, MADELEINE (ROUTE D",0.0,0.0
201500057889,29,1,15,8,1,973,302,2,1,2,3,MIRZA (CITE),0.0,0.0
201500057890,29,1,15,17,1,973,302,1,1,1,6,FELIX EBOUE(ROCADE),0.0,0.0
201500057891,30,1,15,17,1,973,302,2,1,1,5,"86, ZEPHIR (CITE)",0.0,0.0
201500057892,2,2,15,14,1,973,302,1,1,1,3,"1199B, HAMEAU DES ENCENS",0.0,0.0
201500057893,3,2,15,17,1,973,302,2,1,1,4,"6401, FELIX EBOUE(ROCADE",0.0,0.0
201500057894,5,2,15,6,1,973,302,1,1,1,3,"391, BADUEL (ROUTE DE)",0.0,0.0
201500057895,5,2,15,10,1,973,302,2,1,1,3,"02, REPUBLIQUE (BD DE LA",0.0,0.0
201500057896,5,2,15,16,1,973,302,2,1,1,3,"0.5, MADELEINE (ROUTE DE",0.0,0.0
201500057897,6,2,15,21,5,973,302,2,1,1,2,"1895, EBOUE (ROCADE FELI",0.0,0.0
201500057898,7,2,15,19,5,973,302,2,1,1,6,"603, MADELEINE (ROUTE DE",0.0,0.0
201500057899,7,2,15,23,5,973,302,2,1,1,6,MONTABO (ROUTE DE) 1,0.0,0.0
201500057900,8,2,15,11,1,973,302,2,2,1,3,"1, EBOUE (ROCADE FELIX)",0.0,0.0
201500057901,10,2,15,16,1,973,302,2,1,1,3,"35, ESTREES (AVENUE D')",0.0,0.0
201500057902,10,2,15,17,1,973,302,1,6,1,6,ROUTE NATIONALE 1,0.0,0.0
201500057903,11,2,15,14,1,973,302,2,1,1,3,"0.5, BADUEL (ROND POINT",0.0,0.0
201500057904,12,2,15,11,1,973,302,1,1,1,3,BADUEL (ROUTE DE),0.0,0.0
201500057905,12,2,15,21,5,973,302,2,2,1,3,"1, CATAYEE (JUSTIN)",0.0,0.0
201500057906,12,2,15,23,5,973,302,2,3,1,2,HEDER (AVENUE LEOPOLD),0.0,0.0
201500057907,12,2,15,22,5,973,302,2,1,1,7,ROUTE NATIONALE 1,0.0,0.0
201500057908,13,2,15,17,2,973,302,1,1,1,3,"5, ROUTE NATIONALE 3",0.0,0.0
201500057909,13,2,15,13,1,973,302,2,1,1,3,"59, MADELEINE (ROUTE DE",0.0,0.0
201500057910,13,2,15,13,1,973,302,1,1,1,4,"471, BADUEL (ROUTE DE)",0.0,0.0
201500057911,15,2,15,4,5,973,302,1,9,1,7,MARINGOUINS (ROND-POINT),0.0,0.0
201500057912,15,2,15,21,5,973,302,2,1,1,2,"946, MONTABO (ROUTE DE)",0.0,0.0
201500057913,16,2,15,17,1,973,302,2,2,2,3,BARTHELEMY (RENE),0.0,0.0
201500057914,18,2,15,1,5,973,302,2,1,1,7,BADUEL (ROUTE DE),0.0,0.0
201500057915,19,2,15,22,5,973,302,2,1,1,7,"6, JEAN-JAURES",0.0,0.0
201500057916,19,2,15,18,2,973,302,1,1,1,3,"2066, TIGRE (ROUTE DU)",0.0,0.0
201500057917,20,2,15,11,1,973,302,1,1,1,3,"351, MADELEINE (ROUTE DE",0.0,0.0
201500057918,20,2,15,18,1,973,302,1,1,1,6,"12, NOVAPARC (RESIDENCE)",0.0,0.0
201500057919,22,2,15,20,5,973,302,1,1,1,3,"1296, MADELEINE (ROUTE D",0.0,0.0
201500057920,21,2,15,19,5,973,302,1,1,1,6,"1, COLLERY (ZONE INDUSTR",0.0,0.0
201500057921,21,2,15,22,5,973,302,2,1,1,6,BOULEVARD DES CITES,0.0,0.0
201500057922,22,2,15,13,5,973,302,2,1,1,6,JACARANDAS (CITE),0.0,0.0
201500057923,23,2,15,3,5,973,302,1,1,1,6,ROUTE NATIONALE 1,0.0,0.0
201500057924,23,2,15,14,1,973,302,2,1,1,2,"0.5, EUGENE GOBERT(RUE)",0.0,0.0
201500057925,23,2,15,13,1,973,302,1,1,1,3,"21, MANDARINES(RUE DES)",0.0,0.0
201500057926,24,2,15,12,1,973,302,2,1,1,2,"34, 14 ET 22 JUIN 1962",0.0,0.0
201500057927,24,2,15,16,1,973,302,2,1,1,1,"0.5, GALMOT (ROND-POINT)",0.0,0.0
201500057928,24,2,15,18,1,973,302,2,1,1,6,"0.5, SACCHARIN(RUE)",0.0,0.0
201500057929,27,2,15,4,5,973,302,2,1,1,6,EAU-LISETTE (CITE),0.0,0.0
201500057930,27,2,15,8,1,973,302,1,1,1,4,ROUTE NATIONALE 1,0.0,0.0
201500057931,27,2,15,18,1,973,302,2,1,1,2,"15, HEDER (AVENUE LEOPOL",0.0,0.0
201500057932,2,3,15,7,1,973,302,1,1,2,6,"12, BOUDINOT (AUGUSTE) C",0.0,0.0
201500057933,2,3,15,13,1,973,302,1,1,2,2,"2671, MADELEINE (ROUTE D",0.0,0.0
201500057934,3,3,15,12,1,973,302,2,1,1,3,"2, CABASSOU (CITE)",0.0,0.0
201500057935,4,3,15,14,1,973,302,1,1,1,3,"2493, BADUEL (ROUTE DE)",0.0,0.0
201500057936,5,3,15,11,1,973,302,1,3,1,2,"2346, BADUEL (ROUTE DE)",0.0,0.0
201500057937,5,3,15,15,1,973,302,2,1,1,3,"2260, MADELEINE (ROUTE D",0.0,0.0
201500057938,5,3,15,17,1,973,302,2,1,1,3,"2496, MONTABO (ROUTE DE)",0.0,0.0
201500057939,7,3,15,12,1,973,302,1,1,1,3,GALMOT (ROND-POINT),0.0,0.0
201500057940,10,3,15,13,1,973,302,2,2,1,3,"90, HEDER (AVENUE LEOPOL",0.0,0.0
201500057941,12,3,15,12,1,973,302,1,3,1,3,"00, MADELEINE (ROUTE DE",0.0,0.0
201500057942,13,3,15,7,1,973,302,2,1,1,6,CONSTANT CHLORE(RUE),0.0,0.0
201500057943,13,3,15,7,1,973,302,2,1,1,3,"1106, MONTABO (ROUTE DE)",0.0,0.0
201500057944,13,3,15,6,1,973,302,1,1,1,3,ZEPHIR (ROCADE),0.0,0.0
201500057945,13,3,15,14,1,973,302,2,1,1,1,"0.5, TROUBIRAN (CHEMIN D",0.0,0.0
201500057946,13,3,15,17,1,973,302,2,1,1,3,"0.5, MONTABO (ROUTE DE)",0.0,0.0
201500057947,13,3,15,17,1,973,302,2,1,1,3,"1765, MONTABO (ROUTE DE)",0.0,0.0
201500057948,10,3,15,17,1,973,302,1,1,1,3,"873, BADUEL (ROUTE DE)",0.0,0.0
201500057949,10,3,15,16,1,973,302,1,1,1,6,"4, BOUDINOT (AUGUSTE) CI",0.0,0.0
201500057950,16,3,15,8,1,973,302,1,1,1,3,"1380, MONTABO (ROUTE DE)",0.0,0.0
201500057951,16,3,15,18,1,973,302,1,1,2,1,"6, SAINT MARTIN (RESIDEN",0.0,0.0
201500057952,16,3,15,21,5,973,302,2,5,2,3,MANGO (ROUTE),0.0,0.0
201500057953,17,3,15,14,1,973,302,2,1,1,6,"46, JADFARD (RENE)",0.0,0.0
201500057954,17,3,15,8,1,973,302,2,1,1,2,"844, MONTABO (ROUTE DE)",0.0,0.0
201500057955,17,3,15,8,1,973,302,2,1,1,2,"444, SAINT ANTOINE (CHEM",0.0,0.0
201500057956,19,3,15,14,1,973,302,2,1,1,3,"0.5, PASTEUR (AVENUE LOU",0.0,0.0
201500057957,20,3,15,1,5,973,302,2,2,1,3,JADFARD (RENE),0.0,0.0
201500057958,19,3,15,13,1,973,302,1,1,1,6,"1, PETIT LUCAS (CITE)",0.0,0.0
201500057959,20,3,15,6,2,973,302,1,1,1,6,"0.0, TIGRE (ROUTE DU)",0.0,0.0
201500057960,21,3,15,10,1,973,302,1,1,1,6,"57, MANGUES (RUE DES - C",0.0,0.0
201500057961,20,3,15,13,1,973,302,2,2,1,2,"38, POLYCARPE (VERMONT)",0.0,0.0
201500057962,22,3,15,0,5,973,302,2,6,1,2,"1, BADUEL (ROUTE DE)",0.0,0.0
201500057963,23,3,15,15,1,973,302,1,1,1,6,"4160, MONTABO (ROUTE DE)",0.0,0.0
201500057964,24,3,15,6,2,973,302,2,1,1,3,"487, ZONE COLLERY I OU I",0.0,0.0
201500057965,24,3,15,16,1,973,302,2,1,2,6,"31, HEDER (AVENUE LEOPOL",0.0,0.0
201500057966,24,3,15,19,5,973,302,1,1,2,2,ZEPHIR (ROCADE),0.0,0.0
201500057967,25,3,15,18,1,973,302,2,1,1,3,"0.5, REPUBLIQUE (BD DE L",0.0,0.0
201500057968,26,3,15,22,5,973,302,2,2,1,3,LIBERTE (AVENUE DE LA),0.0,0.0
201500057969,27,3,15,7,1,973,302,1,1,1,3,"1436, BADUEL (ROUTE DE)",0.0,0.0
201500057970,27,3,15,8,1,973,302,2,1,1,6,"21, BOULEVARD DES CITES",0.0,0.0
201500057971,27,3,15,11,1,973,302,2,2,2,3,"12, BRUTUS (CITE)",0.0,0.0
201500057972,27,3,15,22,3,973,302,1,6,1,2,MARINGOUINS (ROND-POINT),0.0,0.0
201500057973,27,3,15,23,5,973,302,2,1,1,1,JUBELIN (BOULEVARD),0.0,0.0
201500057974,27,3,15,21,5,973,302,2,1,1,2,ROUTE NATIONALE 1,0.0,0.0
201500057975,30,3,15,7,1,973,302,2,1,2,6,"05, MADELEINE (ROUTE DE",0.0,0.0
201500057976,30,3,15,13,1,973,302,2,2,1,3,"5, JADFARD (RENE)",0.0,0.0
201500057977,30,3,15,17,1,973,302,1,3,1,5,SAINT ANTOINE (CHEMIN),0.0,0.0
201500057978,14,1,15,10,1,974,407,2,1,1,2,COMMUNE DE PARIS (AVENUE,2094249.0,5529209.0
201500057979,8,4,15,9,1,974,407,2,3,1,3,MALRAUX ANDRE(RUE),2093597.0,5530755.0
201500057980,24,1,15,17,1,974,407,2,1,1,6,14 JUILLET 1789(AVENUE D,0.0,0.0
201500057981,10,4,15,0,3,974,407,1,1,1,7,BD DE LA COMPAGNIE DES I,0.0,0.0
201500057982,28,1,15,18,2,974,407,2,1,1,3,RUE GENERAL DE GAULLE,2094322.0,5529717.0
201500057983,10,4,15,9,1,974,407,1,1,1,7,MASCAREIGNES(BOULEVARD),0.0,0.0
201500057984,9,2,15,13,1,974,407,2,2,2,3,BREST (BOULEVARD),0.0,0.0
201500057985,14,4,15,8,1,974,407,1,1,1,4,ROUTE NATIONALE N? 1,2095351.0,5531495.0
201500057986,10,2,15,21,5,974,407,2,1,1,6,RUE MODIBO KEITA,2096011.0,5531681.0
201500057987,14,4,15,17,1,974,407,2,1,1,1,RUE JACQUES DUCLOS,2096059.0,5531596.0
201500057988,11,2,15,9,1,974,407,2,1,1,6,MARINE(BOULEVARD),0.0,0.0
201500057989,15,4,15,7,1,974,407,2,2,1,3,CHEMIN DES ANGLAIS,2095669.0,5531325.0
201500057990,11,2,15,14,1,974,407,2,3,1,3,ROUTE DU SACRE COEUR,0.0,0.0
201500057991,15,4,15,18,2,974,407,1,1,1,2,ROUTE NATIONALE N? 1,0.0,0.0
201500057992,11,2,15,15,1,974,407,2,1,1,6,DUSSAC(RUE),2094076.0,5530294.0
201500057993,18,4,15,15,1,974,407,1,1,1,4,ROUTE NATIONALE N° 1,0.0,0.0
201500057994,11,2,15,20,3,974,407,2,1,1,6,ROBINSON JOAN(ALLEE),2094828.0,5529879.0
201500057995,18,4,15,16,1,974,407,2,3,1,3,COMMUNE DE PARIS (AVENUE,2094939.0,5529272.0
201500057996,15,2,15,19,2,974,407,2,1,1,7,14 JUILLET 1789(AVENUE D,2093177.0,5529636.0
201500057997,18,4,15,17,1,974,407,1,1,1,3,ROUTE NATIONALE N° 1,2094524.0,5532506.0
201500057998,22,4,15,8,1,974,407,1,1,1,3,ROUTE DU SACRE COEUR,0.0,0.0
201500057999,26,2,15,16,1,974,407,2,1,1,3,OWENS JAMES,0.0,0.0
201500058000,26,4,15,17,1,974,407,2,1,1,3,LAUDE E(RUE),2093776.0,5529976.0
201500058001,6,3,15,11,1,974,407,2,1,1,3,SAINT PAUL(RUE),2093670.0,5529007.0
201500058002,27,4,15,17,1,974,407,1,1,2,6,OWENS JAMES,0.0,0.0
201500058003,8,3,15,4,3,974,407,1,1,1,2,ROUTE NATIONALE N? 1,0.0,0.0
201500058004,29,4,15,14,1,974,407,2,3,1,6,VERDUN (BOULEVARD),2093911.0,5529611.0
201500058005,13,3,15,12,1,974,407,2,1,1,6,"7, ROUTE NATIONALE N? 4",0.0,0.0
201500058006,29,4,15,19,5,974,407,1,2,1,3,ROUTE DU SACRE COEUR,2095803.0,5531735.0
201500058007,14,3,15,17,1,974,407,1,1,1,7,MARINE(BOULEVARD),2094565.0,5528468.0
201500058008,30,4,15,19,3,974,407,2,1,2,7,ROUTE DU SACRE COEUR,2095159.0,5530444.0
201500058009,22,3,15,3,2,974,407,2,1,1,6,DUFESTIN(RUE),2094967.0,5529844.0
201500058010,25,3,15,6,2,974,407,2,1,1,3,MARINE(BOULEVARD),2095089.0,5529071.0
201500058011,7,5,15,8,1,974,407,1,1,1,6,"0, VERGES(AVENUE)",0.0,0.0
201500058012,9,5,15,19,5,974,407,2,1,1,4,CARPAYE(AVENUE),2094858.0,5529977.0
201500058013,14,5,15,16,1,974,407,2,1,1,6,MONPELLIER (RUE),2093793.0,5529575.0
201500058014,17,5,15,7,1,974,407,1,6,1,3,OWENS JAMES,2093034.0,5530957.0
201500058015,21,5,15,10,1,974,407,1,1,1,3,ROUTE NATIONALE N° 1,2095439.0,5531367.0
201500058016,24,5,15,11,1,974,407,1,1,1,2,ROUTE NATIONALE N° 1,0.0,0.0
201500058017,2,6,15,8,1,974,407,2,1,1,1,JACKSON(RUE),2092953.0,5529719.0
201500058018,4,6,15,10,1,974,407,2,1,1,6,CARPAYE(AVENUE),0.0,0.0
201500058019,3,6,15,18,3,974,407,1,1,1,3,ROUTE DU SACRE COEUR,0.0,0.0
201500058020,4,6,15,18,2,974,407,1,1,1,3,ROUTE NATIONALE N° 1,0.0,0.0
201500058021,6,6,15,10,1,974,407,1,1,1,2,ROUTE NATIONALE N° 1,0.0,0.0
201500058022,8,6,15,8,1,974,407,2,6,1,6,ROND POINT SACRE COEUR,2095599.0,5531200.0
201500058023,12,6,15,15,1,974,407,2,1,1,2,ROUTE DU SACRE COEUR,0.0,0.0
201500058024,15,6,15,17,1,974,407,1,1,1,2,ROUTE NATIONALE N° 1,0.0,0.0
201500058025,21,6,15,17,1,974,407,1,1,1,7,ROUTE DU SACRE COEUR,2095599.0,5531200.0
201500058026,23,6,15,8,1,974,407,2,2,1,7,CANNES(RUE),2094386.0,5529387.0
201500058027,29,6,15,19,5,974,407,2,3,1,3,RUE JACQUES DUCLOS,2095867.0,5531458.0
201500058028,30,6,15,21,5,974,407,2,1,1,3,VERGES(AVENUE),0.0,0.0
201500058029,5,7,15,15,1,974,407,2,6,1,3,VERGES(AVENUE),2093923.0,5530072.0
201500058030,7,7,15,7,1,974,407,2,5,1,6,LAPIERRE HENRI(IMPASSE),2094171.0,5529629.0
201500058031,8,7,15,11,1,974,407,1,1,1,3,RUE PIERRE BROSSOLETTE,0.0,0.0
201500058032,9,7,15,8,1,974,407,2,1,1,3,VERGES(AVENUE),2093947.0,5530315.0
201500058033,10,7,15,8,1,974,407,2,1,1,6,14 JUILLET 1789(AVENUE D,2093261.0,5529445.0
201500058034,11,7,15,19,2,974,407,2,2,1,6,APPOLINAIRE GUILLAUME(AL,2094095.0,5530194.0
201500058035,14,7,15,13,1,974,407,1,1,1,6,ROUTE NATIONALE N° 1,2095613.0,5531186.0
201500058036,15,7,15,8,1,974,407,2,6,1,6,ROUTE DU SACRE COEUR,2095682.0,5531324.0
201500058037,21,7,15,17,2,974,407,2,3,1,1,DISNEY(RUE),2093030.0,5529038.0
201500058038,22,7,15,18,3,974,407,2,1,1,1,VOIE DE LIAISON PORTUAIR,0.0,0.0
201500058039,23,7,15,16,1,974,407,2,1,1,3,RUE JACQUES DUCLOS,2095694.0,5531403.0
201500058040,8,8,15,15,1,974,407,1,1,1,6,OWENS JAMES,2093456.0,5531981.0
201500058041,9,8,15,15,1,974,407,1,1,1,6,VOIE DE LIAISON PORTUAIR,2093457.0,5531748.0
201500058042,20,8,15,7,1,974,407,1,1,1,2,ROND POINT SACRE COEUR,2095606.0,5531182.0
201500058043,21,8,15,7,1,974,407,2,3,1,3,MASCAREIGNES(BOULEVARD),2093350.0,5530884.0
201500058044,23,8,15,19,5,974,407,2,4,1,3,DE GAULLE(RUE),2094171.0,5529626.0
201500058045,29,8,15,13,1,974,407,2,1,1,6,MARINE(BOULEVARD),2095083.0,5529064.0
201500058046,4,9,15,1,5,974,407,1,1,1,6,OWENS JAMES,0.0,0.0
201500058047,7,9,15,15,1,974,407,2,1,1,6,"11, VERGES(AVENUE)",2093946.0,5530356.0
201500058048,7,9,15,19,3,974,407,1,1,1,6,BD DE LA COMPAGNIE DES I,2093011.0,5530418.0
201500058049,9,9,15,13,1,974,407,2,1,1,6,VOIE DE LIAISON PORTUAIR,0.0,0.0
201500058050,10,9,15,10,1,974,407,1,1,1,3,CARPAYE(AVENUE),0.0,0.0
201500058051,14,9,15,17,1,974,407,1,1,1,2,ROUTE NATIONALE N° 1,2095748.0,5529402.0
201500058052,21,9,15,5,2,974,407,1,1,1,1,MARINE(BOULEVARD),2094661.0,5528217.0
201500058053,25,9,15,12,1,974,407,2,7,1,6,14 JUILLET 1789(AVENUE D,0.0,0.0
201500058054,4,10,15,3,5,974,407,2,1,1,2,BD DE LA COMPAGNIE DES I,0.0,0.0
201500058055,18,10,15,17,2,974,407,1,1,1,6,TAMATAVE (BOULEVARD),0.0,0.0
201500058056,21,10,15,20,3,974,407,1,1,1,6,ROUTE NATIONALE N° 1,0.0,0.0
201500058057,23,10,15,19,5,974,407,2,2,1,3,FERRY (RUE),2093510.0,5529883.0
201500058058,25,10,15,20,3,974,407,1,1,1,6,OWENS JAMES,2092937.0,5532909.0
201500058059,4,11,15,7,1,974,407,2,1,2,1,19 MARS 1946(AVENUE DU),0.0,0.0
201500058060,5,11,15,17,1,974,407,2,1,3,6,BOUVET (AVENUE),2095118.0,5529835.0
201500058061,11,11,15,15,1,974,407,2,1,1,7,ROND POINT ROSE DES VENT,2094030.0,5530810.0
201500058062,21,11,15,6,1,974,407,2,8,1,1,CHERBOURG(RUE),2093858.0,5529672.0
201500058063,22,11,15,18,1,974,407,1,1,1,7,ROND POINT TAMATAVE,2093018.0,5530958.0
201500058064,20,11,15,17,2,974,407,2,1,1,7,OWENS JAMES,2093457.0,5531986.0
201500058065,23,11,15,16,1,974,407,2,1,1,6,COMMUNE DE PARIS (AVENUE,0.0,0.0
201500058066,28,11,15,16,1,974,407,1,1,1,7,ROUTE NATIONALE N° 1,2095678.0,5531000.0
201500058067,30,11,15,11,1,974,407,2,1,1,6,RENAUDIERE DE VAUX(RUE),2093583.0,5529095.0
201500058068,30,11,15,17,1,974,407,2,1,1,3,JACQUES DUCLOS (RUE) - R,0.0,5518599.0
201500058069,1,12,15,16,1,974,407,2,1,1,6,ROND POINT DE LA GLACIER,2093354.0,5529295.0
201500058070,2,12,15,12,1,974,407,1,1,1,7,ROUTE NATIONALE Nø 1,0.0,5518335.0
201500058071,4,12,15,7,1,974,407,1,1,1,6,VERGES(AVENUE),2094013.0,5530629.0
201500058072,7,12,15,12,1,974,407,2,1,1,2,COMPAGNIE DES INDES (BD,0.0,5519003.0
201500058073,8,12,15,13,1,974,407,2,1,1,3,08 MARS(RUE DU),0.0,0.0
201500058074,13,12,15,12,1,974,407,2,1,1,3,JACQUES PREVERT (RUE) RI,0.0,0.0
201500058075,14,12,15,9,1,974,407,1,1,1,2,ROUTE NATIONALE Nø 1,2095841.0,5530928.0
201500058076,25,12,15,7,1,974,407,1,1,1,6,SOURCE DENISE (RUE DE LA,2096088.0,5531493.0
201500058077,24,12,15,16,1,974,407,2,1,1,1,BELLA KUN (RUE) - RIV. D,2096238.0,5531760.0
201500058078,29,12,15,14,1,974,407,1,1,1,6,ROUTE NATIONALE Nø 1,0.0,5518512.0
201500058079,10,1,15,5,2,974,409,1,1,1,7,RN2 SENS STE SUZANNE ST,0.0,0.0
201500058080,4,4,15,11,1,974,409,1,1,1,3,"204, Grand Canal ( chemi",2095565.0,5568766.0
201500058081,11,1,15,4,2,974,409,1,1,1,7,"700, BEL OMBRE (chemin)",2094238.0,5567995.0
201500058082,8,4,15,10,1,974,409,1,1,1,3,"00, CHAMP BORNE (ROUTE D",2094385.0,5568148.0
201500058083,22,11,15,20,5,974,409,2,4,4,6,"11600, Grand Canal ( che",2095567.0,5568764.0
201500058084,11,1,15,13,1,974,409,1,1,2,7,Salazie (route de),0.0,0.0
201500058085,9,4,15,13,1,974,409,2,1,1,6,"279/281, DE LA GARE(RUE)",2095805.0,5564981.0
201500058086,12,1,15,17,1,974,409,1,1,2,2,"1163, FANTAISIE (CHEMIN)",2094238.0,5529717.0
201500058087,10,4,15,7,1,974,409,2,1,1,7,"159, CAMBUSTON (rue de)",0.0,0.0
201500058088,13,1,15,20,5,974,409,1,1,1,7,"195, FOURCHON (chemin)",2095153.0,5568453.0
201500058089,11,4,15,3,5,974,409,2,1,1,6,"00, DU LYCEE(RUE)",0.0,0.0
201500058090,16,1,15,12,1,974,409,1,1,1,7,"2356, PATELIN (chemin)",2097301.0,5568603.0
201500058091,17,4,15,19,5,974,409,2,2,1,3,DE LA REPUBLIQUE(AVENUE),2096192.0,5565669.0
201500058092,17,1,15,19,3,974,409,1,1,2,7,"00, Salazie (route de)",0.0,0.0
201500058093,19,4,15,17,1,974,409,1,1,1,3,"00, PATELIN (chemin)",2097330.0,5568141.0
201500058094,22,1,15,15,1,974,409,1,1,1,3,"210, COLOSSE (route du)",2093631.0,5567178.0
201500058095,19,4,15,21,5,974,409,1,1,2,7,"780, Rio (chemin)",2095270.0,5566881.0
201500058096,24,1,15,17,1,974,409,2,3,1,3,Ravine creuse (chemin),2096470.0,5566504.0
201500058097,4,5,15,14,1,974,409,1,1,1,3,"00, DE LA COMMUNAUTE(RUE",0.0,0.0
201500058098,24,1,15,19,2,974,409,1,1,1,1,"402, BRAS DES CHEVRETTES",2096259.0,5562553.0
201500058099,15,5,15,22,5,974,409,1,1,1,1,"1002/1016, LAGOURGUE(CHE",2095220.0,5565714.0
201500058100,2,2,15,20,3,974,409,1,1,1,7,"292, PATELIN (chemin)",2097151.0,5566701.0
201500058101,19,5,15,11,1,974,409,1,1,1,7,"7, DES COCOS(ALLEE)",2095536.0,5565049.0
201500058102,5,2,15,8,1,974,409,1,1,2,2,RN2 SENS ST BENOIT ST DE,0.0,0.0
201500058103,26,5,15,6,2,974,409,1,1,1,3,"00, Salazie (route de)",0.0,0.0
201500058104,6,2,15,11,1,974,409,1,1,1,7,"00, Ravine creuse (chemi",0.0,0.0
201500058105,26,5,15,7,1,974,409,2,1,1,6,"306, CRESSONNIERE (rue d",2096884.0,5565702.0
201500058106,6,2,15,20,3,974,409,1,1,2,7,"553, ROCADE SUD(RUE)",2097126.0,5565295.0
201500058107,5,6,15,16,1,974,409,1,1,1,6,"00, RN2 SENS STE SUZANNE",2094306.0,5564834.0
201500058108,7,2,15,12,1,974,409,1,1,2,7,RN2 SENS STE SUZANNE ST,2094294.0,5564835.0
201500058109,23,6,15,6,2,974,409,2,1,1,6,"100, PENTE SASSY (chemin",2096521.0,5565923.0
201500058110,7,2,15,13,1,974,409,1,1,2,7,RN2 SENS STE SUZANNE ST,0.0,0.0
201500058111,25,6,15,8,1,974,409,1,9,1,3,LAGOURGUE(CHEMIN),2095014.0,5565976.0
201500058112,7,2,15,14,1,974,409,1,1,2,7,"00, RN2 SENS STE SUZANNE",0.0,0.0
201500058113,15,7,15,9,1,974,409,1,1,1,1,DE LA GARE(RUE),2096011.0,5565439.0
201500058114,10,2,15,20,3,974,409,1,3,1,3,"00, DU CENTRE(CHEMIN)",2094817.0,5565743.0
201500058115,15,8,15,13,1,974,409,2,3,1,3,MASCAREIGNES (Avenue des,2094024.0,5564719.0
201500058116,1,10,15,8,1,974,409,2,1,1,6,"66, DU STADE(RUE)",2095622.0,5564875.0
201500058117,16,2,15,17,1,974,409,1,1,1,7,"00, DE LA COMMUNAUTE(RUE",0.0,0.0
201500058118,7,10,15,7,1,974,409,2,1,1,3,"837, ROCADE SUD(RUE)",0.0,0.0
201500058119,20,2,15,16,1,974,409,1,3,1,2,"00, ILE DE FRANCE(AVENUE",2095475.0,5564918.0
201500058120,10,10,15,20,3,974,409,2,1,1,1,"130, LEBON(RUE)",2096584.0,5565020.0
201500058121,21,2,15,19,5,974,409,2,1,1,6,Salazie (route de),2100101.0,5559234.0
201500058122,18,10,15,10,1,974,409,2,2,1,3,ROCADE SUD(RUE),2097267.0,5565182.0
201500058123,28,2,15,9,1,974,409,2,1,1,7,DE LA REPUBLIQUE(AVENUE),2096181.0,5565269.0
201500058124,18,3,15,21,3,974,409,1,1,3,7,RN2 SENS STE SUZANNE ST,2095142.0,5565543.0
201500058125,26,3,15,8,1,974,409,1,1,1,2,"750, DE LA GARE(RUE)",2096122.0,5565611.0
201500058126,30,10,15,20,5,974,409,2,4,4,1,0131 BEL OMBRE (chemin),2093400.0,5565971.0
201500058127,28,3,15,13,1,974,409,1,1,1,7,"234, PENTE SASSY (chemin",2096546.0,5565881.0
201500058128,6,11,15,10,1,974,409,1,2,8,3,"00, RES DES LONGANIS",2097290.0,5565689.0
201500058129,13,11,15,10,1,974,409,2,1,1,6,"49, MELODIUM(RUE)",2095916.0,5565240.0
201500058130,30,8,15,13,1,974,409,2,1,1,2,RN2 SENS ST BENOIT ST DE,2096188.0,5565753.0
201500058131,28,11,15,19,1,974,409,1,1,1,6,"125, DU CENTRE(CHEMIN)",2094048.0,5564815.0
201500058132,16,12,15,12,1,974,409,2,4,4,6,016AGENOR (chemin),2094812.0,5568463.0
201500058133,29,9,15,20,5,974,409,2,1,1,7,"00, DE BOURBON(AVENUE)",0.0,0.0
201500058134,16,1,15,13,1,974,409,2,1,1,7,690 rue des longanis,2093858.0,5529672.0
201500058135,2,1,15,15,1,974,411,2,1,1,3,CAMELIAS (RUE DES),2089452.0,5546283.0
201500058136,25,12,15,6,2,974,411,2,1,1,6,"62, CHAUDRON  (BLD 1 DU)",2089712.0,5549632.0
201500058137,5,1,15,8,1,974,411,1,1,1,5,LITTORAL (ROUTE 1 DU),2087604.0,5544408.0
201500058138,8,4,15,13,1,974,411,1,4,1,3,TOPAZES(ALLEE DES),2090299.0,5544288.0