Num_Acc,jour,mois,an,hr,condition_eclairage,departement,commune,condition_agglomeration,intersection,condition_atmosphere,type_collision,adresse,lattitude,longitude
201500058139,10,4,15,0,5,974,411,2,2,1,3,"00, MAC AULIFFE (RUE VIC",2087710.0,5545372.0
201500058140,10,1,15,17,1,974,411,2,6,2,7,RIVIERE DES PLUIES (ROUT,0.0,0.0
201500058141,11,4,15,10,1,974,411,2,2,1,3,"73, GAULLE (DU GENERAL D",2088561.0,5545421.0
201500058142,12,4,15,20,5,974,411,2,1,1,6,LORY LES HAUTS (RUE),2089496.0,5548172.0
201500058143,19,1,15,3,5,974,411,1,1,2,7,VINH-SAN (BLD 4 DU PRINC,0.0,0.0
201500058144,18,4,15,10,1,974,411,2,1,2,6,"131 TERS, ANANAS (ROUTE",2091736.0,5547797.0
201500058145,18,4,15,11,1,974,411,2,1,8,6,"16, BRASSENS (AVENUE GEO",2090284.0,5548111.0
201500058146,26,1,15,12,1,974,411,2,3,1,3,COUVENT (RUE DU),2088937.0,5545068.0
201500058147,30,1,15,6,1,974,411,2,1,1,3,"01, RAMBAUD (LEOPOLD)",2088564.0,5547159.0
201500058148,6,5,15,18,5,974,411,2,4,1,4,CHAUDRON  (BLD 1 DU),2089870.0,5549648.0
201500058149,30,1,15,8,1,974,411,2,2,1,3,PARIS (RUE DE),2088214.0,5544979.0
201500058150,8,5,15,11,1,974,411,1,1,1,2,JAURES (BLD 1 JEAN),2088977.0,5546137.0
201500058151,1,2,15,21,5,974,411,2,1,1,7,LANCASTEL (BOULEVARD),0.0,0.0
201500058152,5,2,15,12,1,974,411,2,1,1,3,JAURES (BOULEVARD JEAN),0.0,0.0
201500058153,11,5,15,18,4,974,411,2,1,1,6,JAURES (BLD 1 JEAN),2088995.0,5546183.0
201500058154,12,2,15,3,5,974,411,2,1,2,6,LANCASTEL (BOULEVARD),2088301.0,5546478.0
201500058155,14,5,15,18,5,974,411,2,9,9,6,"31, HOARAU (RUE MARCEL)",2090193.0,5549214.0
201500058156,12,2,15,23,5,974,411,2,1,1,1,TOPAZES(ALLEE DES),2089504.0,5544211.0
201500058157,3,4,15,8,1,974,411,2,1,1,3,MACE (ROUTE GABRIEL),2092303.0,5549483.0
201500058158,15,2,15,16,1,974,411,2,2,1,6,JACOB,0.0,0.0
201500058159,26,5,15,11,1,974,411,2,2,1,3,"175, CHATEL (JEAN)",2088357.0,5545168.0
201500058160,20,5,15,19,3,974,411,2,1,1,3,"2, DIGUE (ROUTE)",2088788.0,5547212.0
201500058161,30,5,15,22,5,974,411,2,2,1,3,"5, VICTOIRE (AVENUE DE L",2087484.0,5544714.0
201500058162,21,2,15,1,3,974,411,2,1,1,3,LECLERC (DU MARECHAL),2088041.0,5545738.0
201500058163,31,5,15,23,5,974,411,1,1,6,6,VINH-SAN (BLD 1 DU PRINC,0.0,0.0
201500058164,24,2,15,17,1,974,411,2,1,1,6,CHATELAN (FRANCOIS),2089452.0,5548759.0
201500058165,31,5,15,20,5,974,411,2,1,1,6,JAURES (BLD 1 JEAN),2088935.0,5545102.0
201500058166,7,6,15,0,5,974,411,2,1,1,6,RN2/111,0.0,0.0
201500058167,7,3,15,10,1,974,411,2,1,1,6,"1, LYCEE (RUE DU)",2090829.0,5548492.0
201500058168,6,6,15,13,1,974,411,1,1,1,6,BOIS DE CAMPHRE (CHEMIN,2092747.0,5547799.0
201500058169,13,3,15,22,5,974,411,2,1,1,1,LECONTE DE LISLE (AVENUE,2089370.0,5548563.0
201500058170,10,6,15,20,3,974,411,2,1,1,6,CHAUDRON (BLD 2 DU),2089456.0,5549374.0
201500058171,14,3,15,16,1,974,411,2,1,1,6,SOURCE (RUE DE LA),0.0,0.0
201500058172,20,3,15,22,5,974,411,2,2,1,1,LECLERC (DU MARECHAL),0.0,0.0
201500058173,16,6,15,16,1,974,411,2,1,1,3,BOIS DE NEFLES (ROUTE DE,2089841.0,5547524.0
201500058174,4,6,15,21,5,974,411,2,1,1,3,"216, JAURES (BLD 1 JEAN)",0.0,0.0
201500058175,28,6,15,18,1,974,411,2,3,1,3,BERTHO (RUE JEAN),2089224.0,5548837.0
201500058176,1,7,15,12,1,974,411,2,1,1,2,RN2/043,0.0,0.0
201500058177,10,7,15,5,5,974,411,2,1,1,3,"38 TER, GIBERT DES MOLIE",2088888.0,5544532.0
201500058178,4,4,15,0,5,974,411,2,1,1,2,"1, LANCASTEL (BOULEVARD)",2088227.0,5546374.0
201500058179,28,7,15,15,1,974,411,2,1,1,1,SCHOELCHER (RUE VICTOR),2089853.0,5549824.0
201500058180,21,7,15,20,5,974,411,2,1,1,4,"39, HOARAU (RUE MARCEL)",2089928.0,5549184.0
201500058181,4,8,15,9,1,974,411,2,1,1,6,MONTHYON (RUE),0.0,0.0
201500058182,1,8,15,11,1,974,411,2,3,1,3,BANCOUL (CHEMIN),2090930.0,5548027.0
201500058183,4,8,15,10,1,974,411,2,1,1,2,RIVIERE DES PLUIES (ROUT,0.0,0.0
201500058184,9,8,15,9,1,974,411,2,1,1,6,"35, TOPAZES(ALLEE DES)",2089134.0,5544542.0
201500058185,10,8,15,13,1,974,411,2,1,1,6,JAURES (BOULEVARD JEAN),2090085.0,5548778.0
201500058186,30,7,15,16,1,974,411,2,1,1,7,MONDON (RUE MONSEIGNEUR),2089265.0,5546072.0
201500058187,16,8,15,13,1,974,411,2,1,1,6,JAURES (BOULEVARD JEAN),2088863.0,5544908.0
201500058188,18,8,15,9,1,974,411,2,1,1,6,"35, PROVIDENCE (BOULEVAR",2089401.0,5545726.0
201500058189,24,8,15,8,1,974,411,2,2,1,3,MAGNAN (RUELLE),2088673.0,5546783.0
201500058190,1,9,15,10,1,974,411,2,2,1,6,MONTREUIL (RUE),2088254.0,5545751.0
201500058191,4,9,15,13,1,974,411,2,2,1,7,JAURES (BLD 1 JEAN),2088989.0,5545297.0
201500058192,23,9,15,11,1,974,411,1,3,1,6,AUBERT (RUE PIERRE),2089182.0,5549549.0
201500058193,22,9,15,10,1,974,411,2,1,1,3,BRASSENS (AVENUE GEORGES,2090295.0,5548806.0
201500058194,28,9,15,10,1,974,411,2,1,1,6,BOSQUET (RUE DU),2090574.0,5548391.0
201500058195,4,10,15,7,1,974,411,1,1,1,6,LITTORAL (ROUTE 2 DU),0.0,0.0
201500058196,5,10,15,6,1,974,411,2,1,1,6,"1, BOIS DE NEFLES (RUE D",0.0,0.0
201500058197,4,10,15,7,1,974,411,1,1,1,4,LITTORAL (ROUTE 2 DU),0.0,0.0
201500058198,9,10,15,6,1,974,411,2,2,1,3,WETZELL (RUE JOSEPH),2090324.0,5549997.0
201500058199,11,10,15,20,5,974,411,2,2,1,3,OLIVIER (RUE JULES),2087980.0,5545450.0
201500058200,14,10,15,19,5,974,411,2,2,1,3,JAURES (BOULEVARD JEAN),2088866.0,5544886.0
201500058201,15,10,15,19,5,974,411,2,1,1,1,"17 bis, VIGIE (CHEMIN DE",2088269.0,5543248.0
201500058202,23,10,15,19,5,974,411,2,1,1,6,OCEAN (BOULEVARD DE L'),2088110.0,5545717.0
201500058203,19,11,15,15,1,974,411,2,3,1,3,REPUBLIQUE (RUE DE LA),2087812.0,5544576.0
201500058204,28,11,15,11,1,974,411,2,1,1,6,JAURES (BOULEVARD JEAN),0.0,5547083.0
201500058205,26,11,15,23,3,974,411,2,1,1,6,"36, FURCREAS (CHEMIN DES",2090360.0,5540720.0
201500058206,2,12,15,9,1,974,411,2,2,1,6,RUISSEAU DES NOIRS (RUE),2089147.0,5545277.0
201500058207,11,12,15,20,3,974,411,1,1,1,1,ANANAS (ROUTE DES),2091687.0,5547804.0
201500058208,5,12,15,2,5,974,411,2,2,1,3,CHATEL (JEAN),0.0,0.0
201500058209,12,12,15,14,1,974,411,2,3,1,2,WAGNER (AVENUE RICHARD),2089764.0,5548346.0
201500058210,14,12,15,14,1,974,411,2,3,2,3,RIVIERE DES PLUIES (ROUT,2090235.0,5550283.0
201500058211,1,1,15,2,3,974,416,1,1,1,7,"SANS, ENTRE DEUX (CHEMIN",0.0,0.0
201500058212,30,11,15,7,1,974,416,2,2,1,3,EGLISE  (RUE DE L'),2128772.0,5547117.0
201500058213,1,4,15,17,1,974,416,2,1,1,6,VIGOUREUX(RUE VICTOR LE),0.0,5528235.0
201500058214,2,1,15,18,2,974,416,1,1,1,7,RN1 (ROUTE NATIONALE),0.0,0.0
201500058215,2,4,15,8,1,974,416,2,1,1,6,"5, LEBLOND 1 (RUE MARIUS",2133904.0,5547936.0
201500058216,5,1,15,8,1,974,416,2,1,1,4,"SANS, ARTISANS (ALLEE DE",2132029.0,5547606.0
201500058217,3,4,15,15,1,974,416,2,1,1,1,LIGNE DES BAMBOUS(ROUTE),2130190.0,5549336.0
201500058218,7,1,15,14,1,974,416,2,2,1,7,"SANS, LE VIGOUREUX (RUE",2133780.0,5547496.0
201500058219,8,4,15,8,1,974,416,1,1,1,2,RN1,0.0,0.0
201500058220,13,1,15,21,3,974,416,1,1,1,7,RN3 (1),0.0,0.0
201500058221,9,4,15,20,5,974,416,2,3,1,3,"37, PERE MAITRE(RUE DU)",2128536.0,5546845.0
201500058222,16,1,15,11,5,974,416,2,1,1,7,"SANS, MITTERAND (AVENUE",2134707.0,5549091.0
201500058223,10,11,15,17,1,974,416,1,1,1,6,"260, ANTOINE PICARD(CHEM",2119000.0,5531999.0
201500058224,9,4,15,20,4,974,416,2,1,1,1,"73, PIOR (RUE HYPOLITTE)",2129730.0,5545118.0
201500058225,16,1,15,12,1,974,416,1,1,1,1,"274, KM3 (CHEMIN)",0.0,0.0
201500058226,10,4,15,16,1,974,416,2,1,1,6,"25, RECHERCHANT (RUE ADR",2128326.0,5547711.0
201500058227,17,1,15,9,1,974,416,2,3,1,3,"SANS, CHEMINEE (ALLEE  D",2132576.0,5547692.0
201500058228,29,11,15,18,2,974,416,2,2,1,3,"100, FOUR A CHAUX 2 (RUE",2134071.0,5546908.0
201500058229,10,4,15,17,1,974,416,1,1,1,3,ANCIENNE RN2,2133554.0,5548781.0
201500058230,19,1,15,14,1,974,416,2,3,1,3,"SANS, LEBLOND 1 (RUE MAR",2133683.0,5547161.0
201500058231,12,4,15,15,1,974,416,2,1,1,3,", D28 LIGNE DES BAMBOUS",0.0,0.0
201500058232,20,1,15,7,1,974,416,2,1,1,3,"SANS, DE LA ZONE(ALLEE)",2131826.0,5547331.0
201500058233,12,4,15,18,2,974,416,2,1,1,6,"6, CHEMINEE (ALLEE  DE L",2132511.0,5547605.0
201500058234,23,1,15,23,3,974,416,1,1,1,1,"SANS, KM3 (CHEMIN)",0.0,0.0
201500058235,14,4,15,17,1,974,416,2,1,1,6,"54, LIGNE PARADIS(ROUTE",2131324.0,5547544.0
201500058236,25,1,15,19,5,974,416,2,2,1,3,"SANS, FOUR A CHAUX 1 (RU",2134173.0,5547244.0
201500058237,16,4,15,1,3,974,416,1,1,1,2,ANCIENNE RN2 (2),2135466.0,5551403.0
201500058238,30,1,15,21,5,974,416,2,1,1,7,"204, GENERAL DE GAULLE(A",2129251.0,5546988.0
201500058239,26,11,15,0,5,974,416,2,2,1,3,LEBLOND 1 (RUE MARIUS ET,2133810.0,5547609.0
201500058240,16,4,15,8,2,974,416,2,3,1,3,"10, MAURICE THOREZ(CH)",2127690.0,5547026.0
201500058241,28,11,15,4,2,974,416,1,1,1,2,RN3 (1),0.0,0.0
201500058242,31,1,15,14,1,974,416,1,1,1,3,RN1 (ROUTE NATIONALE),0.0,0.0
201500058243,16,4,15,11,1,974,416,1,1,1,7,RN1 (ROUTE NATIONALE),2135466.0,5551403.0
201500058244,20,11,15,13,1,974,416,1,1,1,3,RN2 (1),2120591.0,5530139.0
201500058245,1,2,15,4,3,974,416,1,1,1,7,ANCIENNE RN 1,0.0,0.0
201500058246,18,4,15,17,1,974,416,2,1,1,6,"30, FOUR A CHAUX 2 (RUE",2134249.0,5547532.0
201500058247,8,11,15,22,3,974,416,1,1,1,7,"141, BASSIN PLAT(CHEMIN)",2134109.0,5551273.0
201500058248,2,2,15,0,5,974,416,2,1,1,7,"33, DELISLES (ROUTE HUBE",2134355.0,5547089.0
201500058249,19,4,15,21,3,974,416,2,1,1,1,ANCIENNE RN2,2133309.0,5548228.0
201500058250,2,2,15,6,2,974,416,2,1,1,2,"SANS, GENERAL DE GAULLE",0.0,0.0
201500058251,21,4,15,8,1,974,416,2,1,1,3,ANCIENNE RN2,0.0,5529038.0
201500058252,6,2,15,21,3,974,416,1,2,1,1,"SANS, BOEUF (CHEMIN) (1)",2129430.0,5546026.0
201500058253,21,4,15,8,1,974,416,2,1,1,1,ARCHAMBAUD (RUE),0.0,5528572.0
201500058254,7,11,15,19,2,974,416,2,1,1,6,"27, DIAGONAL (CHEMIN) (1",0.0,5528162.0
201500058255,7,2,15,6,2,974,416,1,1,1,7,RN3 (3),2133117.0,5545609.0
201500058256,22,4,15,12,1,974,416,1,1,1,3,BASSIN PLAT(CHEMIN),2132465.0,5544716.0
201500058257,4,9,15,17,2,974,416,2,1,1,6,"30, GENERAL DE GAULLE(AV",0.0,5530415.0
201500058258,8,2,15,3,3,974,416,1,1,1,7,RN1,0.0,0.0
201500058259,22,4,15,14,1,974,416,2,3,1,3,CROIX DE JUBILE (CHEMIN,2134323.0,5548673.0
201500058260,24,9,15,11,1,974,416,2,1,1,6,"10, BANK (BOULEVARD)",0.0,5528296.0
201500058261,8,2,15,23,3,974,416,1,1,1,7,RN3 (1),0.0,0.0
201500058262,22,4,15,19,3,974,416,1,1,1,2,RN1,0.0,0.0
201500058263,26,9,15,3,3,974,416,1,1,1,1,RN1 (ROUTE NATIONALE),0.0,0.0
201500058264,9,2,15,11,1,974,416,2,3,1,6,"SANS, SAINT EXPEDIT(RUE)",2134557.0,5548367.0
201500058265,23,4,15,8,1,974,416,2,1,1,2,AUGUSTIN ARCHAMBAUD(RUE),2132419.0,5548673.0
201500058266,11,11,15,18,2,974,416,2,1,1,6,"50, HUBERT DE LISLE(BOUL",2134354.0,5547051.0
201500058267,9,2,15,19,5,974,416,2,1,1,7,"76, HIPPOLYTE  PIOT (RUE",2129739.0,5545206.0
201500058268,7,5,15,19,2,974,416,1,1,1,4,RN1(BRETELLE ACCES),2132803.0,5545193.0
201500058269,9,11,15,17,1,974,416,1,1,1,3,"81, ENTRE DEUX (CHEMIN)",2129697.0,5544049.0
201500058270,12,2,15,8,2,974,416,1,1,1,2,"9, BENARD (CHEMIN ANACLE",2128944.0,5547834.0
201500058271,7,5,15,18,2,974,416,1,1,1,4,RN3 (3),0.0,5529242.0
201500058272,12,2,15,8,1,974,416,1,1,1,2,"SANS, TROIS MARRE (CHEMI",2129618.0,5544764.0
201500058273,16,5,15,21,3,974,405,1,1,1,2,RN2 (1),0.0,0.0
201500058274,12,2,15,12,1,974,416,1,3,1,3,"SANS, DIAGONAL (CHEMIN)",2129593.0,5547191.0
201500058275,8,5,15,1,5,974,416,2,3,1,3,"10, MAHY (RUE FRANCOIS D",2133811.0,5547609.0
201500058276,10,11,15,18,2,974,416,2,1,1,7,"1, ALBANY (RUE JEAN)",2133865.0,5546510.0
201500058277,12,2,15,13,1,974,416,2,1,1,7,"SANS, GENERAL DE GAULLE",0.0,0.0
201500058278,9,5,15,18,2,974,416,1,1,2,2,RN3 (1),2133055.0,5546861.0
201500058279,20,12,15,16,1,974,416,2,1,1,6,"40, GENERAL DE GAULLE(AV",2135381.0,5551227.0
201500058280,13,2,15,16,1,974,416,2,1,1,2,"SANS, PRESIDENT MITTERAN",0.0,0.0
201500058281,9,5,15,20,3,974,416,1,1,2,6,RN1,2133126.0,5545601.0
201500058282,10,12,15,2,5,974,416,2,2,1,3,"49, ISAUTIER (RUE FRANCO",2133745.0,5547383.0
201500058283,17,2,15,13,1,974,416,2,1,1,7,"SANS, DAMBREVILLE (RUE)",0.0,0.0
201500058284,11,5,15,11,1,974,416,2,1,1,6,"50, LORION(RUE LUC)",2133608.0,5547049.0
201500058285,17,2,15,23,3,974,416,1,1,1,7,RN3 (1),0.0,0.0
201500058286,13,5,15,16,1,974,416,2,1,1,2,"30, L'ENTRE DEUX(ROUTE D",2129601.0,5544407.0
201500058287,18,2,15,19,3,974,416,2,2,1,1,"SANS, COLARDEAU (CHEMIN",0.0,0.0
201500058288,15,5,15,18,1,974,416,1,1,1,3,"40, OCEANITES (AVENUE DE",2132753.0,5547061.0
201500058289,9,11,15,0,3,974,416,1,1,1,6,RN3 (3),0.0,5529509.0
201500058290,20,2,15,12,1,974,416,1,1,1,2,RN2 (1),0.0,0.0
201500058291,16,5,15,14,1,974,416,2,1,1,1,"26, ROLLAND GARROS (CHEM",2133700.0,5551833.0
201500058292,11,12,15,19,5,974,416,2,1,1,6,"12, JEAN XXIII (RUE)",2134181.0,5548201.0
201500058293,20,2,15,16,1,974,416,2,3,1,7,"SANS, BABET (RUE AUGUSTE",0.0,0.0
201500058294,18,5,15,6,2,974,416,1,1,1,1,"65, STEPHANE (CHEMIN)",2126340.0,5548394.0
201500058295,23,2,15,18,2,974,416,2,1,1,2,RN3 (2),0.0,0.0
201500058296,20,5,15,17,1,974,416,2,1,1,6,"70, LEBLOND 1 (RUE MARIU",2133510.0,5546491.0
201500058297,23,2,15,20,5,974,416,2,1,1,1,"SANS, CHATEAU D'EAU (CHE",0.0,0.0
201500058298,21,5,15,13,1,974,416,2,3,1,3,"30, JOSEPH HUBERT(RUE)",2133236.0,5547362.0
201500058299,24,2,15,16,1,974,416,1,1,1,3,"SANS, DE LA ZONE(ALLEE)",0.0,0.0
201500058300,22,5,15,15,1,974,416,2,3,1,3,"46, ARCHAMBAUD (RUE)",2133030.0,5547947.0
201500058301,25,2,15,0,5,974,416,2,2,1,3,"SANS, FOUR A CHAUX 1 (RU",0.0,0.0
201500058302,22,5,15,16,1,974,416,2,3,1,6,"22, FOUR A CHAUX(RUE DU)",2134099.0,5547025.0
201500058303,27,2,15,8,1,974,416,1,1,1,4,RN3 (1),0.0,0.0
201500058304,22,5,15,22,3,974,416,1,3,1,1,ANCIENNE RN 1,0.0,5526295.0
201500058305,28,2,15,1,3,974,416,1,1,1,1,"37, BADAMIER (CHEMIN)",0.0,0.0
201500058306,30,5,15,2,3,974,416,1,1,1,4,RN1 (ROUTE NATIONALE),0.0,0.0
201500058307,3,3,15,8,1,974,416,2,1,1,7,"SANS, LIGNE PARADIS(ROUT",0.0,0.0
201500058308,30,5,15,14,1,974,416,2,3,1,3,"30, SAUVEUR (CHEMIN SAIN",2128919.0,5550744.0
201500058309,6,3,15,14,1,974,416,2,1,1,3,"SANS, BANK (BOULEVARD)",2133146.0,5547742.0
201500058310,1,6,15,9,1,974,416,1,1,1,3,RN3 (2),2132244.0,5548711.0
201500058311,1,6,15,19,2,974,416,2,3,1,1,"45, SALETTE (CHEMIN DE L",2132950.0,5547399.0
201500058312,11,3,15,22,5,974,416,2,1,1,7,RN1,0.0,0.0
201500058313,2,6,15,13,1,974,416,2,1,1,6,"50, HIPPOLYTE  PIOT (RUE",2129910.0,5545455.0
201500058314,13,3,15,8,1,974,416,1,1,1,7,"404, STEPHANE (CHEMIN)",2128170.0,5548063.0
201500058315,3,6,15,8,1,974,416,2,1,1,2,"70, PRESIDENT MITTERAND(",2134439.0,5548330.0
201500058316,13,3,15,20,3,974,416,1,1,1,5,"536, STEPHANE (CHEMIN)",0.0,0.0
201500058317,5,6,15,18,2,974,416,1,1,1,2,RN3 (2),2131256.0,5549522.0
201500058318,15,3,15,6,2,974,416,2,1,1,7,"SANS, LORION (RUE LUC)",2133413.0,5547118.0
201500058319,7,6,15,18,2,974,416,1,1,1,6,RN1,0.0,5527302.0
201500058320,17,3,15,12,1,974,416,2,3,1,1,"SANS, ISAUTIER (AVENUE C",2131486.0,5545469.0
201500058321,11,6,15,15,1,974,416,2,1,1,6,"45, CONCESSION CONDE(CHE",2129916.0,5549664.0
201500058322,14,6,15,1,3,974,416,1,1,1,6,"50, ENTRE DEUX (CHEMIN)",2129634.0,5544138.0
201500058323,18,3,15,17,1,974,416,2,2,1,7,"SANS, PRESBYTERE (RUE DU",2133504.0,5547345.0
201500058324,19,3,15,10,1,974,416,1,1,1,1,"480, BOISSY(CHEMIN)",2131127.0,5553928.0
201500058325,16,6,15,16,1,974,416,1,1,1,4,RN1 (ROUTE NATIONALE),2129405.0,5541501.0
201500058326,18,6,15,10,1,974,416,2,1,1,6,"14, SCHOELCHER (RUE VICT",2133230.0,5547559.0
201500058327,21,3,15,12,1,974,416,1,1,1,7,RN3 (1),0.0,0.0
201500058328,22,3,15,0,3,974,416,2,1,1,6,"151, BADAMIER (CHEMIN)",2130340.0,5546019.0
201500058329,20,6,15,22,3,974,416,1,1,1,6,ANCIENNE RN 1,2130580.0,5542754.0
201500058330,23,6,15,17,1,974,416,2,1,1,6,"10, BABET (RUE AUGUSTE)",2134111.0,5547872.0
201500058331,22,3,15,18,2,974,416,2,1,1,3,"SANS, DE LA SALETTE(CHEM",0.0,0.0
201500058332,27,3,15,5,5,974,416,2,1,1,7,"5, HOARAU (RUE PIERRE RA",0.0,0.0
201500058333,24,6,15,8,1,974,416,2,1,1,6,"20, VILRIS(CHEMIN)",2129811.0,5545128.0
201500058334,26,6,15,4,3,974,416,1,1,1,6,RN1(BRETELLE ACCES),2130501.0,5542897.0
201500058335,27,3,15,8,2,974,416,2,1,1,4,"SANS, BABET (RUE A)",0.0,0.0
201500058336,28,3,15,16,1,974,416,2,1,1,2,"SANS, LEGROS (CHEMIN PAU",0.0,0.0
201500058337,26,6,15,13,1,974,416,1,1,1,6,RN3 (2),0.0,5529551.0
201500058338,29,3,15,6,2,974,416,1,1,1,7,"SANS, ENTRE DEUX (CHEMIN",0.0,0.0
201500058339,1,7,15,18,2,974,416,2,3,1,3,"20, PAUL LEGROS(CHEMIN)",2128921.0,5537510.0
201500058340,29,3,15,14,1,974,416,2,1,1,3,"SANS, DELISLES (ROUTE HU",0.0,0.0
201500058341,5,7,15,16,1,974,416,2,3,1,6,"30, ARAGOT (CHEMIN ANTOI",2132812.0,5547373.0
201500058342,3,6,15,17,2,974,416,2,1,1,1,"11, THEODORE THOMAS(RUE)",2132466.0,5548227.0
201500058343,29,3,15,17,1,974,416,2,1,1,7,"44 BIS, CONCESSION CONDE",0.0,0.0
201500058344,7,7,15,23,3,974,416,1,1,1,1,RN1 (ROUTE NATIONALE),2129882.0,5542086.0
201500058345,30,3,15,7,1,974,416,2,2,1,7,"SANS, RECHERCHANT (RUE A",2128328.0,5547710.0
201500058346,30,7,15,3,3,974,416,1,1,1,2,RN1 (ROUTE NATIONALE),0.0,0.0
201500058347,30,3,15,9,1,974,416,1,1,1,2,RN2 (1),0.0,0.0
201500058348,5,7,15,20,2,974,416,2,1,1,1,"30, VERGES (AVENUE LAURE",2129836.0,5545733.0
201500058349,6,7,15,7,1,974,416,2,3,1,3,"40, BASSIN PLAT(CHEMIN)",2132719.0,5549361.0
201500058350,7,7,15,17,1,974,416,1,1,1,6,RN1 (ROUTE NATIONALE),2129946.0,5542216.0
201500058351,8,7,15,9,1,974,416,1,1,1,6,RN3 (3),0.0,5529528.0
201500058352,9,7,15,14,1,974,416,2,3,1,6,"60, MITTERAND (AVENUE DU",2134700.0,5548967.0
201500058353,12,7,15,15,1,974,416,2,1,1,6,"361, GENERAL DE GAULLE(A",2136145.0,5553535.0
201500058354,13,7,15,11,1,974,416,2,3,1,3,"2, PRESBYTERE (RUE DU)",2133700.0,5548013.0
201500058355,13,7,15,23,3,974,416,1,1,1,1,RN1 (ROUTE NATIONALE),2132146.0,5544629.0
201500058356,14,7,15,9,1,974,416,2,1,1,6,"107, ARCHAMBAUD (RUE)",2133019.0,5547960.0
201500058357,16,7,15,15,1,974,416,2,1,1,6,"50, HIPPOLYTE  PIOT (RUE",2129920.0,5545469.0
201500058358,19,7,15,1,3,974,416,1,1,1,6,RN3 (1),0.0,0.0
201500058359,20,7,15,14,1,974,416,2,1,1,6,"131, AMIRAL LACAZE(RUE)",2134831.0,5548216.0
201500058360,21,7,15,16,1,974,416,2,1,1,2,"80, LIGNE PARADIS(ROUTE",2131170.0,5547293.0
201500058361,22,7,15,14,1,974,416,2,1,1,3,"235, GENERAL DE GAULLE(A",0.0,5531255.0
201500058362,23,7,15,10,1,974,416,2,1,1,2,"23, HERMANN (RUE JULES)",2132417.0,5548071.0
201500058363,24,7,15,9,1,974,416,2,1,1,6,"25, HIPPOLYTE  PIOT (RUE",2129761.0,5545231.0
201500058364,26,7,15,9,1,974,416,2,1,1,1,"185, RECHERCHANT(RUE ADR",0.0,5529028.0
201500058365,30,7,15,18,1,974,416,2,1,1,7,", PRESBYTERE(RUE)",2133446.0,5547159.0
201500058366,31,7,15,18,2,974,416,2,1,1,2,"45, BANK (BOULEVARD)",2133065.0,5547478.0
201500058367,1,8,15,7,1,974,416,1,1,1,6,RN1(BRETELLE ACCES),2133041.0,5545557.0
201500058368,4,8,15,5,3,974,416,2,1,1,6,"50, PERE MAITRE(RUE DU)",2128564.0,5546875.0
201500058369,6,8,15,9,1,974,416,1,1,1,6,RN2 (1),0.0,0.0
201500058370,9,8,15,19,2,974,416,2,1,1,1,"100, L'ENTRE DEUX(ROUTE",0.0,0.0
201500058371,10,8,15,10,1,974,416,1,1,1,6,RN1(BRETELLE ACCES),0.0,5527146.0
201500058372,10,8,15,17,1,974,416,2,1,1,1,"20, VERGES (AVENUE LAURE",2129869.0,5545617.0
201500058373,12,8,15,9,1,974,416,1,6,1,2,"5, CD 26",2130398.0,5542909.0
201500058374,12,8,15,16,1,974,416,1,1,1,4,RN1 (ROUTE NATIONALE),2132538.0,5544778.0
201500058375,13,8,15,12,1,974,416,2,1,1,3,"11, ANCIENNE RN 1",0.0,5526421.0
201500058376,14,8,15,18,2,974,416,2,3,1,3,"30, RECHERCHANT (RUE ADR",0.0,0.0
201500058377,15,8,15,9,1,974,416,1,1,1,2,RN3 (3),2130401.0,5549978.0
201500058378,15,8,15,13,1,974,416,2,1,1,2,"35, BASSIN 18 (ALLEE)",2135261.0,5550707.0
201500058379,16,8,15,11,1,974,416,2,3,1,1,"55, LIGNE PARADIS(ROUTE",2131942.0,5548172.0
201500058380,16,8,15,11,1,974,416,2,1,1,5,"364, STEPHANE (CHEMIN)",2126997.0,5549417.0
201500058381,19,8,15,8,1,974,416,2,1,1,6,"59, SAVANE (CHEMIN DE LA",2129681.0,5544934.0
201500058382,19,8,15,16,1,974,416,1,1,1,4,ANCIENNE RN2 (2),2132789.0,5547051.0
201500058383,20,8,15,12,1,974,416,2,1,1,6,"28, LEBLOND 1 (RUE MARIU",2133839.0,5547722.0
201500058384,24,8,15,13,1,974,416,2,1,1,6,"33, AUBEPINES (CHEMINS D",2134151.0,5548475.0
201500058385,25,8,15,16,1,974,416,2,1,1,6,"20, BONS ENFANTS (RUE DE",2134079.0,5547738.0
201500058386,30,8,15,13,1,974,416,2,3,1,3,"10, ROBINET DE LA SERVE",2133081.0,5548095.0
201500058387,31,8,15,14,1,974,416,2,1,1,3,"5, BASSIN PLAT(CHEMIN)",2132539.0,5549051.0
201500058388,1,9,15,13,1,974,416,2,1,1,6,"144, LENORMAND(CHEMIN)",2128115.0,5547364.0
201500058389,1,9,15,17,1,974,416,1,1,1,4,RN3 (2),0.0,5529561.0