Num_Acc,jour,mois,an,hr,condition_eclairage,departement,commune,condition_agglomeration,intersection,condition_atmosphere,type_collision,adresse,lattitude,longitude
201500058390,2,9,15,19,2,974,416,2,1,1,6,"202, LEBLOND 1 (RUE MARI",2133504.0,5546494.0
201500058391,4,9,15,9,1,974,416,1,1,1,1,RN3 (3),0.0,0.0
201500058392,4,9,15,13,1,974,416,1,1,1,6,RN3 (3),0.0,5529202.0
201500058393,9,9,15,15,1,974,416,2,1,1,1,"58, BADAMIER(CHEMIN)",2130592.0,5545808.0
201500058394,11,9,15,0,5,974,416,2,1,1,6,"41, BABET (RUE)",2133737.0,5547995.0
201500058395,13,9,15,17,1,974,416,1,1,1,2,RN2 (2),0.0,5529038.0
201500058396,16,9,15,8,1,974,416,2,1,1,3,"151, AUBEPINES(ALLEE DES",2132743.0,5549341.0
201500058397,17,9,15,8,1,974,416,1,1,1,6,RN1 (ROUTE NATIONALE),0.0,5526498.0
201500058398,19,9,15,16,1,974,416,2,1,1,6,"9, CYRIAQUE CADET(CHEMIN",2131384.0,5554313.0
201500058399,21,9,15,10,1,974,416,2,1,1,6,"95, LORION(RUE LUC)",2133273.0,5547164.0
201500058400,22,9,15,17,1,974,416,2,1,1,6,"15, BABET (RUE AUGUSTE)",2134055.0,5547887.0
201500058401,23,9,15,17,1,974,416,2,1,1,6,"103, RECHERCHANT(RUE ADR",2128982.0,5548478.0
201500058402,26,9,15,17,1,974,416,2,1,1,6,"79, LORION(RUE LUC)",2133492.0,5547089.0
201500058403,27,9,15,7,1,974,416,2,1,1,6,"20, BANCOULE (CHEMIN)",2129479.0,5545192.0
201500058404,27,9,15,14,1,974,416,2,1,1,3,"111, HUBERT DE LISLE(BOU",2134358.0,5546788.0
201500058405,1,10,15,7,1,974,416,1,1,1,2,RN3 (2),0.0,5529535.0
201500058406,1,10,15,13,1,974,416,2,1,1,3,"8, HUBERT DE LISLE(BOULE",2134354.0,5547667.0
201500058407,2,10,15,18,2,974,416,1,1,1,4,RN2 (1),0.0,5529044.0
201500058408,8,10,15,0,5,974,416,2,1,1,5,"44, HUBERT DE LISLE(BOUL",2134354.0,5547323.0
201500058409,8,10,15,11,1,974,416,2,1,1,1,"8, CHARLES ISAUTIER(RUE)",2131930.0,5545152.0
201500058410,10,10,15,2,5,974,416,2,1,1,1,"7, LORION(RUE LUC)",2134192.0,5546867.0
201500058411,11,11,15,1,3,974,416,1,1,1,6,RN1 (ROUTE NATIONALE),0.0,0.0
201500058412,13,11,15,6,1,974,416,1,1,1,1,RN1,0.0,5527219.0
201500058413,14,11,15,11,1,974,416,1,1,1,5,CHARETTE (CHEMIN),0.0,0.0
201500058414,11,10,15,7,1,974,416,1,1,1,2,RN1(BRETELLE ACCES),0.0,5527164.0
201500058415,11,10,15,21,3,974,416,1,1,1,2,RN3 (1),0.0,5530488.0
201500058416,16,10,15,1,3,974,416,1,1,1,1,RN3 (2),0.0,5529543.0
201500058417,16,10,15,9,1,974,416,2,1,1,3,"27, PASTEUR (RUE)",2128265.0,5547294.0
201500058418,16,10,15,11,1,974,416,1,1,1,2,RN1,0.0,5527046.0
201500058419,16,10,15,15,1,974,416,2,1,1,2,"18, PRESIDENT MITTERAND(",2134276.0,5548066.0
201500058420,16,10,15,17,2,974,416,1,1,1,2,RN1 (ROUTE NATIONALE),0.0,5527333.0
201500058421,18,10,15,20,3,974,416,2,1,1,6,"34, THOREZ (CHEMIN MAURI",2127644.0,5546952.0
201500058422,18,10,15,23,1,974,416,1,1,1,1,"19, ENTRE DEUX (CHEMIN)",2129670.0,5544079.0
201500058423,20,10,15,12,1,974,416,2,1,1,3,MAITRE (RUE DU PERE),2128437.0,5546690.0
201500058424,22,10,15,21,1,974,416,2,1,1,6,"90, LORION(RUE LUC)",2133524.0,5547083.0
201500058425,22,10,15,22,3,974,416,2,1,1,2,"10, BADAMIER(CHEMIN)",2132188.0,5545795.0
201500058426,24,10,15,5,5,974,416,2,1,1,6,"113, HUBERT DE LISLE(BOU",2134085.0,5546140.0
201500058427,24,10,15,22,3,974,416,2,1,1,6,"18, PASTEUR (RUE)",2128314.0,5547234.0
201500058428,26,10,15,7,1,974,416,1,1,1,2,RN1 (ROUTE NATIONALE),0.0,5527108.0
201500058429,28,10,15,21,3,974,416,2,1,1,6,"859, PICARD (CHEMIN ANTO",0.0,5532245.0
201500058430,29,10,15,10,1,974,416,2,1,1,6,"23, BABET (RUE AUGUSTE)",2133956.0,5547921.0
201500058431,29,10,15,13,1,974,416,2,1,1,3,"40, ENTRE DEUX (CHEMIN)",2129618.0,5544246.0
201500058432,29,10,15,20,3,974,416,2,1,1,6,"45, THOREZ (CHEMIN MAURI",2127627.0,5547026.0
201500058433,30,10,15,5,3,974,416,2,1,1,6,"20, RINGUIN (CHEMIN)",2132706.0,5549854.0
201500058434,30,10,15,18,2,974,416,1,1,1,2,RN3 (3),0.0,0.0
201500058435,31,10,15,7,1,974,416,2,1,1,5,"15, JACQUOT(ALLEE)",2131894.0,5547265.0
201500058436,1,11,15,14,1,974,416,2,1,1,6,"45 BIS, DELISLES (ROUTE",2132005.0,5555053.0
201500058437,3,11,15,8,1,974,416,1,1,1,4,RN3 (2),0.0,0.0
201500058438,8,11,15,15,1,974,416,1,1,1,7,"CD 26, L'ENTRE DEUX(ROUT",0.0,0.0
201500058439,12,11,15,20,3,974,416,2,1,1,6,"10, MAURICE THOREZ(CHEMI",0.0,0.0
201500058440,26,11,15,14,1,974,416,2,1,1,3,"15, LEBLOND 2 (RUE MARIU",2133864.0,5547789.0
201500058441,13,11,15,18,2,974,416,1,4,1,3,"CD 26, ENTRE DEUX (CHEMI",2129479.0,5544652.0
201500058442,2,12,15,17,1,974,416,1,1,1,7,RN02,0.0,5532002.0
201500058443,10,12,15,11,1,974,416,2,1,1,6,"10, POUDRIERE (RUE DE LA",2133535.0,5545628.0
201500058444,12,12,15,7,1,974,416,2,1,1,6,"87, STADE DE BASSE TERRE",2132326.0,5548616.0
201500058445,11,12,15,17,1,974,416,2,1,1,3,"175 TER, ARCHAMBAUD (RUE",2132582.0,5548652.0
201500058446,5,12,15,20,3,974,416,1,1,1,4,RN1 (ROUTE NATIONALE),0.0,0.0
201500058447,10,12,15,17,1,974,416,1,1,1,4,RN3 (2),0.0,0.0
201500058448,16,10,15,17,1,974,416,1,1,1,2,RN1,0.0,5526254.0
201500058449,7,12,15,7,1,974,416,2,1,1,6,"36, D28 LIGNE DES BAMBOU",2129833.0,5548925.0
201500058450,1,1,15,8,1,976,611,2,6,2,7,passamanty-Tanamalaza (r,0.0,0.0
201500058451,12,11,15,12,1,976,611,2,1,1,7,m'tsapere-Stade (Bouleva,0.0,0.0
201500058452,10,1,15,8,1,976,611,2,1,2,2,kaweni-Kaweni nord ( Z I,0.0,0.0
201500058453,26,11,15,16,1,976,611,2,1,1,6,mamoudzou centre-Mairie,0.0,0.0
201500058454,30,1,15,7,1,976,611,2,3,1,3,passamanty-Vahib? ( rout,0.0,0.0
201500058455,24,11,15,10,1,976,611,2,1,1,2,mamoudzou centre-Hopital,0.0,0.0
201500058456,6,1,15,23,3,976,611,1,1,1,7,kaweni-Kaweni nord ( Z I,0.0,0.0
201500058457,30,11,15,11,1,976,611,2,1,1,3,passamanty-Vahibé ( rout,0.0,0.0
201500058458,11,1,15,17,2,976,611,2,6,2,7,doujani-Carri?re ( route,0.0,0.0
201500058459,17,12,15,20,5,976,611,2,1,1,6,m'tsapere-Stade (Bouleva,0.0,0.0
201500058460,15,1,15,13,1,976,611,2,1,1,6,kaweni-Kaweni sud  (Z I),0.0,0.0
201500058461,1,12,15,13,1,976,611,2,1,1,6,m'tsapere-Said Caf (rue,0.0,0.0
201500058462,18,1,15,2,3,976,611,1,1,1,6,kaweni-Kaweni nord ( Z I,0.0,0.0
201500058463,19,1,15,9,1,976,611,2,6,2,7,kaweni-Kaweni sud  (Z I),0.0,0.0
201500058464,2,12,15,11,1,976,611,2,1,1,6,convalescence/vetivers-V,0.0,0.0
201500058465,20,1,15,18,2,976,610,1,6,2,7,Hauts Vallons - Majicavo,0.0,0.0
201500058466,7,12,15,20,3,976,611,2,1,1,6,kaweni-Grande Traverse (,0.0,0.0
201500058467,20,1,15,21,5,976,611,2,1,1,7,m'tsapere-Nationale 2 (r,0.0,0.0
201500058468,7,12,15,7,1,976,611,2,1,1,6,doujani-Mosque de douja,0.0,0.0
201500058469,19,1,15,7,1,976,611,1,1,1,7,passamanty-Tanamalaza (r,0.0,0.0
201500058470,8,12,15,15,1,976,611,2,1,1,6,kaweni-SPPM ( rue de la,0.0,0.0
201500058471,22,1,15,17,1,976,611,2,1,1,6,kaweni-Kaweni nord ( Z I,0.0,0.0
201500058472,9,12,15,18,1,976,611,2,1,1,6,kaweni-Pendu (Place),0.0,0.0
201500058473,22,1,15,16,1,976,611,2,1,1,2,mgombani-Baobab ( Bd ),0.0,0.0
201500058474,9,11,15,17,2,976,611,2,1,1,5,kaweni-Kaweni nord ( Z I,0.0,0.0
201500058475,23,1,15,19,1,976,611,2,1,1,6,"1, m'tsapere-Nationale 2",0.0,0.0
201500058476,24,1,15,21,3,976,611,2,1,1,7,kaweni-Kaweni nord ( Z I,0.0,0.0
201500058477,25,1,15,18,3,976,611,2,1,1,6,mamoudzou centre-Adrian,0.0,0.0
201500058478,31,1,15,16,1,976,611,1,1,1,1,passamanty-Canavibe (rue,0.0,0.0
201500058479,1,2,15,11,1,976,611,2,1,1,6,kaweni-Kaweni nord ( Z I,0.0,0.0
201500058480,3,2,15,16,1,976,611,2,3,1,6,kaweni-Europe (avenue),0.0,0.0
201500058481,20,12,15,12,1,976,611,2,1,1,6,passamanty-Tanamalaza (r,0.0,0.0
201500058482,3,2,15,8,1,976,611,2,6,1,7,passamanty-Vahib? ( rout,0.0,0.0
201500058483,24,12,15,20,5,976,611,2,3,1,3,mamoudzou centre-Hopital,0.0,0.0
201500058484,3,2,15,13,1,976,611,2,1,1,6,doujani-Mosqu?e doujani,0.0,0.0
201500058485,29,12,15,17,1,976,611,2,1,1,2,doujani-Carrire ( rue d,0.0,0.0
201500058486,4,2,15,15,1,976,611,2,1,1,7,m'tsapere-Nationale 2 (r,0.0,0.0
201500058487,16,2,15,20,5,976,611,2,1,1,1,kaweni-Geole ( rue de la,0.0,0.0
201500058488,27,12,15,22,5,976,611,2,1,2,2,kaweni-Europe (avenue),0.0,0.0
201500058489,4,2,15,5,3,976,611,2,1,1,7,kaweni-Kaweni nord ( Z I,0.0,0.0
201500058490,8,2,15,23,3,976,611,2,1,1,1,mamoudzou centre-Adrian,0.0,0.0
201500058491,10,2,15,10,1,976,611,2,1,1,6,m'tsapere-Ambassadeur (r,0.0,0.0
201500058492,13,2,15,11,1,976,611,2,1,1,6,kaweni-Caserne ( rue de,0.0,0.0
201500058493,13,2,15,16,1,976,611,2,1,1,1,kaweni-Grande Traverse (,0.0,0.0
201500058494,14,2,15,19,5,976,611,2,1,1,6,mamoudzou centre-Adrian,0.0,0.0
201500058495,16,2,15,12,1,976,611,2,1,1,1,doujani-Mosqu?e de douja,0.0,0.0
201500058496,19,2,15,19,5,976,611,2,1,1,7,mamoudzou centre-Mosqu?e,0.0,0.0
201500058497,9,3,15,16,1,976,611,2,1,8,3,m'tsapere-Nationale 2 (r,0.0,0.0
201500058498,22,2,15,16,1,976,611,2,1,1,3,m'tsapere-Nationale 2 (r,0.0,0.0
201500058499,24,2,15,14,1,976,611,2,1,1,2,m'tsapere-Nationale 2 (r,0.0,0.0
201500058500,28,2,15,3,5,976,611,2,1,1,6,mamoudzou centre-Adrian,0.0,0.0
201500058501,20,3,15,13,1,976,611,2,1,1,3,cavani-Cavani (route de),0.0,0.0
201500058502,9,3,15,21,3,976,611,2,1,1,2,passamanty-Sada ( rue de,0.0,0.0
201500058503,21,3,15,23,5,976,611,2,1,1,2,mamoudzou centre-Adrian,0.0,0.0
201500058504,15,3,15,5,5,976,611,2,1,1,7,mamoudzou centre-Nouveau,0.0,0.0
201500058505,15,3,15,10,1,976,611,2,3,1,3,m'tsapere-Nationale 2 (r,0.0,0.0
201500058506,16,3,15,18,5,976,611,2,1,1,1,m'tsapere-Roahandra ( ru,0.0,0.0
201500058507,18,3,15,7,1,976,611,2,1,1,7,kaweni-Kaweni nord ( Z I,0.0,0.0
201500058508,18,3,15,15,1,976,611,2,1,1,1,m'tsapere-Nationale 2 (r,0.0,0.0
201500058509,18,3,15,19,5,976,611,2,1,1,6,passamanty-Tanamalaza (r,0.0,0.0
201500058510,19,3,15,17,1,976,611,2,1,1,6,kaweni-Kaweni sud  (Z I),0.0,0.0
201500058511,2,4,15,17,1,976,611,2,1,1,3,cavani-Baobab (ront poin,0.0,0.0
201500058512,18,3,15,17,1,976,611,2,1,1,1,passamanty-Vahib? ( rout,0.0,0.0
201500058513,20,3,15,9,1,976,611,2,1,1,7,kaweni-Kaweni nord ( Z I,0.0,0.0
201500058514,24,3,15,7,1,976,611,1,1,1,3,vahibe-Departementale 3,0.0,0.0
201500058515,16,2,15,17,1,976,611,2,1,1,7,m'tsapere-Nationale 2 (r,0.0,0.0
201500058516,26,3,15,9,1,976,610,2,1,1,7,Hauts Vallons - Majicavo,0.0,0.0
201500058517,27,3,15,13,1,976,611,2,1,1,6,tsoundzou-Kadjifouni ( r,0.0,0.0
201500058518,29,3,15,19,5,976,611,1,6,1,2,passamanty-Vahib? ( rout,0.0,0.0
201500058519,7,4,15,14,1,976,611,2,6,1,6,m'tsapere-Nationale 2 (r,0.0,0.0
201500058520,19,3,15,7,1,976,611,1,1,1,3,m'tsapere-Stade (Bouleva,0.0,0.0
201500058521,27,3,15,11,1,976,611,2,3,1,2,kaweni-Geole ( rue de la,0.0,0.0
201500058522,30,4,15,12,1,976,611,2,1,1,3,passamanty-Dzia Lalbara,0.0,0.0
201500058523,15,5,15,16,1,976,611,2,1,1,6,mamoudzou centre-Ancien,0.0,0.0
201500058524,1,4,15,22,5,976,611,2,1,1,1,mamoudzou centre-Adrian,0.0,0.0
201500058525,7,4,15,13,1,976,611,2,1,1,7,passamanty-Vahibé ( rout,0.0,0.0
201500058526,11,4,15,10,1,976,611,1,1,1,1,mamoudzou centre-Jardin,0.0,0.0
201500058527,15,4,15,19,5,976,611,2,1,1,5,mamoudzou centre-Adrian,0.0,0.0
201500058528,15,4,15,14,1,976,611,2,1,1,7,mamoudzou centre-Adrian,0.0,0.0
201500058529,19,4,15,15,1,976,611,2,6,1,3,m'tsapere-Stade (Bouleva,0.0,0.0
201500058530,26,4,15,2,3,976,611,2,1,1,1,passamanty-Sada ( rue de,0.0,0.0
201500058531,10,4,15,10,1,976,611,2,1,1,1,kaweni-Kaweni sud  (Z I),0.0,0.0
201500058532,28,4,15,8,1,976,611,2,1,1,6,tsoundzou-Cadjifouteni (,0.0,0.0
201500058533,28,4,15,9,1,976,611,2,1,1,6,passamanty-Vahibé ( rout,0.0,0.0
201500058534,29,4,15,11,1,976,611,2,1,1,6,passamanty-Mnadzi moja (,0.0,0.0
201500058535,28,4,15,10,1,976,610,2,1,1,3,Hauts Vallons - Majicavo,0.0,0.0
201500058536,14,5,15,11,1,976,611,2,3,1,6,tsoundzou-SIM ( rue de l,0.0,0.0
201500058537,3,5,15,1,5,976,611,1,1,1,7,mamoudzou centre-Jardin,0.0,0.0
201500058538,1,6,15,20,3,976,611,2,1,1,3,passamanty-Sada ( rue de,0.0,0.0
201500058539,2,5,15,16,1,976,611,2,1,1,6,m'tsapere-Maeventana (ru,0.0,0.0
201500058540,9,5,15,11,1,976,611,2,1,1,3,mamoudzou centre-Marché,0.0,0.0
201500058541,9,5,15,14,1,976,611,2,1,1,7,passamanty-Vahibé ( rout,0.0,0.0
201500058542,11,5,15,6,1,976,611,2,3,1,3,mamoudzou centre-Adrian,0.0,0.0
201500058543,18,5,15,22,5,976,611,2,3,1,3,mamoudzou centre-Mairie,0.0,0.0
201500058544,21,5,15,3,3,976,611,2,1,1,7,kaweni-Kaweni nord ( Z I,0.0,0.0
201500058545,30,5,15,18,1,976,610,2,1,1,7,Hauts Vallons - Majicavo,0.0,0.0
201500058546,21,5,15,18,5,976,610,2,1,1,6,Hauts Vallons - Majicavo,0.0,0.0
201500058547,24,5,15,16,1,976,611,2,6,1,3,m'tsapere-Nationale 2 (r,0.0,0.0
201500058548,24,5,15,23,5,976,611,2,1,1,7,kaweni-Kaweni sud  (Z I),0.0,0.0
201500058549,25,5,15,6,1,976,611,2,1,1,1,m'tsapere-Nationale 2 (r,0.0,0.0
201500058550,18,6,15,20,3,976,611,2,1,1,6,kaweni-Kaweni nord ( Z I,0.0,0.0
201500058551,22,6,15,19,3,976,611,2,1,1,7,m'tsapere-Nationale 2 (r,0.0,0.0
201500058552,21,6,15,14,1,976,611,2,3,1,3,passamanty-Vahibé ( rout,0.0,0.0
201500058553,24,6,15,16,1,976,611,2,1,1,6,m'tsapere-Nationale 2 (r,0.0,0.0
201500058554,9,5,15,23,5,976,611,2,1,1,7,mamoudzou centre-La Mair,0.0,0.0
201500058555,7,7,15,14,1,976,611,2,1,1,6,tsoundzou-Kwalé ( route,0.0,0.0
201500058556,7,7,15,18,3,976,611,2,1,1,6,kaweni-Kaweni nord ( Z I,0.0,0.0
201500058557,3,6,15,22,3,976,611,1,1,1,1,passamanty-Vahibé ( rout,0.0,0.0
201500058558,10,6,15,6,1,976,611,2,1,1,3,passamanty-Sada ( rue de,0.0,0.0
201500058559,10,6,15,7,1,976,611,2,1,1,3,kaweni-Kaweni nord ( Z I,0.0,0.0
201500058560,8,6,15,19,5,976,611,2,1,1,2,mamoudzou centre-Jardin,0.0,0.0
201500058561,12,6,15,22,3,976,611,2,1,1,1,kaweni-Kaweni nord ( Z I,0.0,0.0
201500058562,10,6,15,16,1,976,611,2,1,1,6,tsoundzou-Cadjifouteni (,0.0,0.0
201500058563,8,6,15,17,1,976,611,2,1,1,6,tsoundzou-Maternelle (ru,0.0,0.0
201500058564,9,6,15,16,1,976,611,2,1,1,6,mamoudzou centre-Mairie,0.0,0.0
201500058565,16,7,15,13,1,976,611,2,1,1,6,m'tsapere-Mosquée Maevan,0.0,0.0
201500058566,4,8,15,12,1,976,611,2,1,1,3,kaweni-Mangrove (route d,0.0,0.0
201500058567,9,8,15,6,1,976,611,2,1,1,6,passamanty-Vahibé ( rout,0.0,0.0
201500058568,20,6,15,19,3,976,611,2,1,1,7,m'tsapere-M'tsapéré- M't,0.0,0.0
201500058569,26,6,15,6,1,976,611,2,6,1,6,kaweni-Kaweni sud  (Z I),0.0,0.0
201500058570,21,6,15,14,1,976,611,2,3,1,3,passamanty-Vahibé ( rout,0.0,0.0
201500058571,22,6,15,13,1,976,611,2,1,1,2,passamanty-Cadfifouteni,0.0,0.0
201500058572,12,6,15,19,5,976,611,2,1,1,3,m'tsapere-Stade (Bouleva,0.0,0.0
201500058573,23,6,15,10,1,976,611,2,1,1,1,mamoudzou centre-Cimetié,0.0,0.0
201500058574,24,6,15,16,1,976,611,2,1,1,7,kaweni-Kaweni nord ( Z I,0.0,0.0
201500058575,25,6,15,15,1,976,611,2,1,1,7,doujani-Mouhindi Hassani,0.0,0.0
201500058576,29,6,15,14,1,976,611,2,3,1,6,kaweni-Archipel (avenue,0.0,0.0
201500058577,17,6,15,18,2,976,611,2,1,1,1,m'tsapere-Nationale 2 (r,0.0,0.0
201500058578,19,6,15,16,1,976,611,2,1,1,6,m'tsapere-Barakani (rue,0.0,0.0
201500058579,17,6,15,23,3,976,611,2,1,1,6,kaweni-Kaweni nord ( Z I,0.0,0.0
201500058580,1,7,15,7,1,976,611,2,1,1,3,tsoundzou-Cadjifouteni (,0.0,0.0
201500058581,9,7,15,6,1,976,611,2,1,1,3,tsoundzou-Kadjifouni ( r,0.0,0.0
201500058582,10,7,15,23,3,976,611,2,1,1,6,m'tsapere-Nationale 2 (r,0.0,0.0
201500058583,12,7,15,13,1,976,611,2,1,1,6,m'tsapere-Stade (Bouleva,0.0,0.0
201500058584,15,7,15,16,1,976,611,1,1,1,2,vahibe-Departementale 3,0.0,0.0
201500058585,1,9,15,20,5,976,611,2,6,1,3,mamoudzou centre-Command,0.0,0.0
201500058586,17,7,15,10,1,976,611,2,1,1,6,kaweni-Kaweni nord ( Z I,0.0,0.0
201500058587,14,9,15,11,1,976,611,2,1,1,3,les hauts vallons-M'Biwi,0.0,0.0
201500058588,18,7,15,17,1,976,611,2,1,1,6,passamanty-Tanamalaza (r,0.0,0.0
201500058589,22,7,15,15,1,976,611,2,1,1,7,passamanty-Vahibé ( rout,0.0,0.0
201500058590,23,7,15,10,1,976,611,1,1,1,3,mamoudzou centre-Cimetié,0.0,0.0
201500058591,24,7,15,11,1,976,611,2,1,1,3,kaweni-Kaweni nord ( Z I,0.0,0.0
201500058592,5,7,15,17,1,976,611,2,1,1,3,mamoudzou centre-Adrian,0.0,0.0
201500058593,31,7,15,22,3,976,611,1,1,1,7,tsoundzou-SIM ( rue de l,0.0,0.0
201500058594,5,8,15,17,1,976,611,2,1,1,2,kaweni-Kaweni sud  (Z I),0.0,0.0
201500058595,5,8,15,16,1,976,611,2,1,1,1,kaweni-Kaweni sud  (Z I),0.0,0.0
201500058596,7,8,15,21,1,976,611,2,1,1,6,kaweni-Kaweni nord ( Z I,0.0,0.0
201500058597,8,8,15,9,1,976,611,2,1,1,6,m'tsapere-Mosquée Maevan,0.0,0.0
201500058598,1,10,15,14,1,976,611,2,1,1,3,m'tsapere-Nationale 2 (r,0.0,0.0
201500058599,14,8,15,16,1,976,611,2,1,1,1,passamanty-Vahibé ( rout,0.0,0.0
201500058600,15,8,15,11,1,976,611,2,1,1,1,passamanty-Vahibé ( rout,0.0,0.0
201500058601,14,8,15,17,1,976,611,2,1,1,6,kaweni-Rivière (ruelle d,0.0,0.0
201500058602,12,8,15,14,1,976,611,2,1,1,6,passamanty-Vahibé ( rout,0.0,0.0
201500058603,16,8,15,17,1,976,611,2,1,1,6,m'tsapere-Mosquée Maevan,0.0,0.0
201500058604,27,8,15,21,1,976,611,2,1,1,7,tsoundzou-Cadjifouteni (,0.0,0.0
201500058605,27,8,15,7,1,976,611,2,1,2,7,mamoudzou centre-Hopital,0.0,0.0
201500058606,29,8,15,20,1,976,611,2,1,1,1,mamoudzou centre-RP Pass,0.0,0.0
201500058607,28,8,15,5,2,976,611,1,1,1,6,m'tsapere-Stade (Bouleva,0.0,0.0
201500058608,31,8,15,12,1,976,611,2,1,1,6,mamoudzou centre-Jardin,0.0,0.0
201500058609,1,9,15,5,2,976,611,2,1,1,3,kaweni-Archipel (avenue,0.0,0.0
201500058610,2,9,15,22,5,976,611,2,6,1,3,m'tsapere-Stade (Bouleva,0.0,0.0
201500058611,5,11,15,16,1,976,611,2,1,1,3,mamoudzou centre-Préfect,0.0,0.0
201500058612,7,10,15,8,1,976,611,2,1,1,2,kaweni-Archipel (avenue,0.0,0.0
201500058613,10,11,15,15,1,976,611,2,3,1,3,m'tsapere-Nationale 2 (r,0.0,0.0
201500058614,27,11,15,17,1,976,611,2,1,1,1,kaweni-Grande Traverse (,0.0,0.0
201500058615,10,9,15,4,1,976,611,2,1,1,7,kaweni-Kaweni nord ( Z I,0.0,0.0
201500058616,28,9,15,16,1,976,611,2,6,1,3,doujani-Mosquée doujani,0.0,0.0
201500058617,14,9,15,12,1,976,611,2,1,1,1,tsoundzou-Nivea (rue),0.0,0.0
201500058618,22,9,15,19,1,976,611,2,1,1,3,kaweni-Kaweni nord ( Z I,0.0,0.0
201500058619,16,9,15,6,1,976,611,1,1,1,7,vahibe-Departementale 3,0.0,0.0
201500058620,10,9,15,13,1,976,611,2,1,1,2,kaweni-Nossi bé (impasse,0.0,0.0
201500058621,9,9,15,16,1,976,611,2,1,1,6,mamoudzou centre-Mairie,0.0,0.0
201500058622,14,9,15,16,1,976,611,2,1,1,3,m'tsapere-M'tsapéré- M't,0.0,0.0
201500058623,9,9,15,8,1,976,611,2,1,1,3,tsoundzou-Cadjifouteni (,0.0,0.0
201500058624,19,11,15,6,1,976,611,2,9,1,1,m'tsapere-Nationale 2 (r,0.0,0.0
201500058625,1,10,15,19,5,976,611,2,1,1,6,kaweni-Massakini (rue),0.0,0.0
201500058626,7,10,15,14,1,976,611,2,1,1,6,m'tsapere-Dahilou (rue),0.0,0.0
201500058627,9,10,15,14,1,976,611,2,1,1,2,passamanty-Tanamalaza (r,0.0,0.0
201500058628,9,10,15,20,1,976,611,2,1,1,2,kaweni-Kaweni nord ( Z I,0.0,0.0
201500058629,13,10,15,11,1,976,611,2,4,1,3,mamoudzou centre-Préfect,0.0,0.0
201500058630,15,10,15,17,1,976,611,2,1,1,3,kaweni-Grande Traverse (,0.0,0.0
201500058631,24,11,15,16,1,976,611,2,1,1,6,kaweni-Lazerevouni ( rue,0.0,0.0
201500058632,17,10,15,17,1,976,611,2,1,1,6,mamoudzou centre-Cimetié,0.0,0.0
201500058633,27,10,15,15,1,976,611,2,1,1,2,kaweni-Kaweni nord ( Z I,0.0,0.0
201500058634,28,10,15,19,3,976,611,2,1,1,1,m'tsapere-Nationale 2 (r,0.0,0.0
201500058635,31,10,15,16,1,976,611,2,1,1,7,passamanty-Sada ( rue de,0.0,0.0
201500058636,30,10,15,13,1,976,611,2,1,1,7,tsoundzou-Kadjifouni ( r,0.0,0.0
201500058637,31,10,15,13,1,976,611,2,3,1,3,m'tsapere-Nationale 2 (r,0.0,0.0
201500058638,19,11,15,16,1,976,611,2,1,1,6,m'tsapere-Nationale 2 (r,0.0,0.0
201500058639,23,10,15,11,1,976,611,1,1,1,3,tsoundzou-Mangadzia  Tso,0.0,0.0
201500058640,20,10,15,17,1,976,611,2,1,1,6,m'tsapere-Mosquée du Ngu,0.0,0.0
201500058641,28,10,15,12,1,976,611,2,1,1,6,convalescence/vetivers-V,0.0,0.0
201500058642,1,12,15,10,1,976,611,2,1,1,3,passamanty-Vahib ( rout,0.0,0.0
201500058643,2,12,15,6,1,976,611,2,1,1,5,kaweni-Massakini (rue),0.0,0.0
201500058644,6,12,15,21,3,976,611,1,1,1,1,kaweni-Mangrove (route d,0.0,0.0
201500058645,12,10,15,19,3,976,611,2,1,1,6,kaweni-Kaweni sud  (Z I),0.0,0.0
201500058646,14,12,15,10,1,976,611,2,1,1,6,kaweni-SPPM ( rue de la,0.0,0.0
201500058647,1,11,15,14,1,976,611,1,1,1,1,tsoundzou-SIM ( rue de l,0.0,0.0
201500058648,4,11,15,19,3,976,611,2,6,1,6,m'tsapere-Nationale 2 (r,0.0,0.0
201500058649,7,11,15,18,2,976,611,2,1,1,7,kaweni-Kaweni nord ( Z I,0.0,0.0
201500058650,14,11,15,17,1,976,611,2,1,1,7,kaweni-Kaweni nord ( Z I,0.0,0.0
201500058651,12,11,15,7,1,976,611,2,1,1,6,m'tsapere-Stade (Bouleva,0.0,0.0
201500058652,10,11,15,15,1,976,611,2,1,1,1,kaweni-Kaweni sud  (Z I),0.0,0.0
201500058653,15,11,15,16,1,976,611,2,1,1,6,m'tsapere-Roahandra ( ru,0.0,0.0
201500058654,6,11,15,15,1,976,611,2,1,1,2,tsoundzou-Kadjifouni ( r,0.0,0.0